1 86 20.0 -24 630.0 -1 0 0 0 1 0 0 0 -1 3004.DAT
0 STEP
1 86 30.0 -24 650.0 -1 0 0 0 1 0 0 0 -1 3622.DAT
0 STEP
1 86 10.0 -48 650.0 0 0 1 0 1 0 -1 0 0 3005.DAT
0 STEP
1 86 30.0 0 640.0 0 0 1 0 1 0 -1 0 0 3004.DAT
0 STEP
1 86 30.0 -48 650.0 0 0 1 0 1 0 -1 0 0 3622.DAT
0 STEP
1 86 40.0 -24 670.0 -1 0 0 0 1 0 0 0 -1 3004.DAT
0 STEP
1 86 50.0 -72 670.0 -1 0 0 0 1 0 0 0 -1 3622.DAT
0 STEP
1 86 50.0 -48 680.0 0 0 1 0 1 0 -1 0 0 3010.DAT
0 STEP
1 86 50.0 -72 650.0 0 0 1 0 1 0 -1 0 0 3005.DAT
0 STEP
1 86 60.0 -24 690.0 -1 0 0 0 1 0 0 0 -1 3004.DAT
0 STEP
1 86 70.0 -72 690.0 -1 0 0 0 1 0 0 0 -1 3622.DAT
0 STEP
1 86 70.0 -48 710.0 0 0 1 0 1 0 -1 0 0 3622.DAT
0 STEP
1 86 70.0 -96 700.0 0 0 1 0 1 0 -1 0 0 3004.DAT
0 STEP
1 86 80.0 -24 710.0 -1 0 0 0 1 0 0 0 -1 3004.DAT
0 STEP
1 86 90.0 -72 720.0 -1 0 0 0 1 0 0 0 -1 3002.DAT
0 STEP
1 86 90.0 -936 840.0 -1 0 0 0 1 0 0 0 -1 3002.DAT
0 STEP
1 86 70.0 -960 830.0 0 0 1 0 1 0 -1 0 0 3005.DAT
0 STEP
1 86 70.0 -912 870.0 0 0 1 0 1 0 -1 0 0 3622.DAT
0 STEP
1 86 70.0 -960 920.0 0 0 1 0 1 0 -1 0 0 3008.DAT
0 STEP
1 86 90.0 -984 860.0 -1 0 0 0 1 0 0 0 -1 3002.DAT
0 STEP
1 86 90.0 -888 880.0 -1 0 0 0 1 0 0 0 -1 3002.DAT
0 STEP
1 86 90.0 -936 880.0 -1 0 0 0 1 0 0 0 -1 3002.DAT
0 STEP
1 86 90.0 -984 890.0 -1 0 0 0 1 0 0 0 -1 3622.DAT
0 STEP
1 86 70.0 -1008 920.0 0 0 1 0 1 0 -1 0 0 3010.DAT
0 STEP
1 86 70.0 -864 960.0 0 0 1 0 1 0 -1 0 0 3009.DAT
0 STEP
1 86 90.0 -888 910.0 -1 0 0 0 1 0 0 0 -1 3622.DAT
0 STEP
1 86 70.0 -912 940.0 0 0 1 0 1 0 -1 0 0 3010.DAT
0 STEP
1 86 90.0 -936 920.0 -1 0 0 0 1 0 0 0 -1 3002.DAT
0 STEP
1 86 90.0 -984 920.0 -1 0 0 0 1 0 0 0 -1 3002.DAT
0 STEP
1 86 80.0 -1032 920.0 0 0 1 0 1 0 -1 0 0 3003.DAT
0 STEP
1 86 80.0 -840 940.0 0 0 1 0 1 0 -1 0 0 3003.DAT
0 STEP
1 86 90.0 -888 940.0 -1 0 0 0 1 0 0 0 -1 3002.DAT
0 STEP
1 86 70.0 -816 980.0 0 0 1 0 1 0 -1 0 0 3010.DAT
0 STEP
1 86 90.0 -936 960.0 -1 0 0 0 1 0 0 0 -1 3002.DAT
0 STEP
1 86 80.0 -984 980.0 0 0 1 0 1 0 -1 0 0 3001.DAT
0 STEP
1 86 90.0 -1032 950.0 -1 0 0 0 1 0 0 0 -1 3622.DAT
0 STEP
1 86 90.0 -840 970.0 -1 0 0 0 1 0 0 0 -1 3622.DAT
0 STEP
1 86 90.0 -888 970.0 -1 0 0 0 1 0 0 0 -1 3622.DAT
0 STEP
1 86 80.0 -1008 970.0 -1 0 0 0 1 0 0 0 -1 3004.DAT
0 STEP
1 86 80.0 -792 990.0 -1 0 0 0 1 0 0 0 -1 3004.DAT
0 STEP
1 86 80.0 -840 1040.0 0 0 1 0 1 0 -1 0 0 2456.DAT
0 STEP
1 86 80.0 -888 1000.0 0 0 1 0 1 0 -1 0 0 3003.DAT
0 STEP
1 86 90.0 -912 990.0 -1 0 0 0 1 0 0 0 -1 3622.DAT
0 STEP
1 86 70.0 -936 1020.0 0 0 1 0 1 0 -1 0 0 3010.DAT
0 STEP
1 86 90.0 -768 1010.0 -1 0 0 0 1 0 0 0 -1 3622.DAT
0 STEP
1 86 80.0 -792 1060.0 0 0 1 0 1 0 -1 0 0 2456.DAT
0 STEP
1 86 90.0 -912 1020.0 -1 0 0 0 1 0 0 0 -1 3002.DAT
0 STEP
1 86 90.0 -960 1020.0 -1 0 0 0 1 0 0 0 -1 3002.DAT
0 STEP
1 86 70.0 -768 1060.0 0 0 1 0 1 0 -1 0 0 3010.DAT
0 STEP
1 86 90.0 -816 1030.0 -1 0 0 0 1 0 0 0 -1 3622.DAT
0 STEP
1 86 90.0 -864 1030.0 -1 0 0 0 1 0 0 0 -1 3622.DAT
0 STEP
1 86 70.0 -888 1060.0 0 0 1 0 1 0 -1 0 0 3010.DAT
0 STEP
1 86 70.0 -984 1030.0 0 0 1 0 1 0 -1 0 0 3005.DAT
0 STEP
1 86 90.0 -816 1060.0 -1 0 0 0 1 0 0 0 -1 3002.DAT
0 STEP
1 86 90.0 -864 1060.0 -1 0 0 0 1 0 0 0 -1 3002.DAT
0 STEP
1 86 90.0 -912 1060.0 -1 0 0 0 1 0 0 0 -1 3002.DAT
0 STEP
1 86 90.0 -960 1050.0 -1 0 0 0 1 0 0 0 -1 3622.DAT
0 STEP
1 86 80.0 -744 1090.0 0 0 1 0 1 0 -1 0 0 3002.DAT
0 STEP
1 86 70.0 -936 1070.0 0 0 1 0 1 0 -1 0 0 3005.DAT
0 STEP
1 86 70.0 -816 1100.0 0 0 1 0 1 0 -1 0 0 3004.DAT
0 STEP
1 86 90.0 -864 1090.0 -1 0 0 0 1 0 0 0 -1 3622.DAT
0 STEP
1 86 70.0 -768 1110.0 0 0 1 0 1 0 -1 0 0 3005.DAT
0 STEP
1 86 90.0 -840 1110.0 -1 0 0 0 1 0 0 0 -1 3622.DAT
0 STEP
1 86 90.0 -48 720.0 0 0 1 0 1 0 -1 0 0 3010.DAT
0 STEP
1 86 90.0 -96 720.0 0 0 1 0 1 0 -1 0 0 3010.DAT
0 STEP
1 86 110.0 -72 750.0 -1 0 0 0 1 0 0 0 -1 3622.DAT
0 STEP
1 86 90.0 -1008 760.0 0 0 1 0 1 0 -1 0 0 3004.DAT
0 STEP
1 86 100.0 -1032 780.0 0 0 1 0 1 0 -1 0 0 3001.DAT
0 STEP
1 86 90.0 -1056 760.0 0 0 1 0 1 0 -1 0 0 3004.DAT
0 STEP
1 86 110.0 -1080 760.0 -1 0 0 0 1 0 0 0 -1 3002.DAT
0 STEP
1 86 100.0 -960 800.0 0 0 1 0 1 0 -1 0 0 3001.DAT
0 STEP
1 86 90.0 -984 790.0 0 0 1 0 1 0 -1 0 0 3622.DAT
0 STEP
1 86 90.0 -1104 780.0 0 0 1 0 1 0 -1 0 0 3004.DAT
0 STEP
1 86 90.0 -936 800.0 0 0 1 0 1 0 -1 0 0 3004.DAT
0 STEP
1 86 110.0 -1008 790.0 -1 0 0 0 1 0 0 0 -1 3622.DAT
0 STEP
1 86 110.0 -1056 790.0 -1 0 0 0 1 0 0 0 -1 3622.DAT
0 STEP
1 86 100.0 -1080 820.0 0 0 1 0 1 0 -1 0 0 3001.DAT
0 STEP
1 86 90.0 -1128 820.0 0 0 1 0 1 0 -1 0 0 3010.DAT
0 STEP
1 86 110.0 -912 820.0 -1 0 0 0 1 0 0 0 -1 3002.DAT
0 STEP
1 86 90.0 -1008 880.0 0 0 1 0 1 0 -1 0 0 3008.DAT
0 STEP
1 86 90.0 -1056 840.0 0 0 1 0 1 0 -1 0 0 3010.DAT
0 STEP
1 86 110.0 -1104 820.0 -1 0 0 0 1 0 0 0 -1 3002.DAT
0 STEP
1 86 90.0 -864 860.0 0 0 1 0 1 0 -1 0 0 3010.DAT
0 STEP
1 86 100.0 -888 830.0 -1 0 0 0 1 0 0 0 -1 3004.DAT
0 STEP
1 86 110.0 -984 830.0 -1 0 0 0 1 0 0 0 -1 3622.DAT
0 STEP
1 86 110.0 -1032 840.0 -1 0 0 0 1 0 0 0 -1 3002.DAT
0 STEP
1 86 100.0 -840 860.0 0 0 1 0 1 0 -1 0 0 3003.DAT
0 STEP
1 86 110.0 -888 850.0 -1 0 0 0 1 0 0 0 -1 3622.DAT
0 STEP
1 86 90.0 -912 900.0 0 0 1 0 1 0 -1 0 0 3009.DAT
0 STEP
1 86 100.0 -960 920.0 0 0 1 0 1 0 -1 0 0 3007.DAT
0 STEP
1 86 110.0 -1104 860.0 -1 0 0 0 1 0 0 0 -1 3002.DAT
0 STEP
1 86 90.0 -1032 880.0 0 0 1 0 1 0 -1 0 0 3004.DAT
0 STEP
1 86 90.0 -1080 890.0 0 0 1 0 1 0 -1 0 0 3622.DAT
0 STEP
1 86 100.0 -816 940.0 0 0 1 0 1 0 -1 0 0 2456.DAT
0 STEP
1 86 90.0 -840 900.0 0 0 1 0 1 0 -1 0 0 3004.DAT
0 STEP
1 86 110.0 -1056 890.0 -1 0 0 0 1 0 0 0 -1 3622.DAT
0 STEP
1 86 90.0 -1104 910.0 0 0 1 0 1 0 -1 0 0 3622.DAT
0 STEP
1 86 100.0 -792 940.0 0 0 1 0 1 0 -1 0 0 3001.DAT
0 STEP
1 86 100.0 -864 910.0 -1 0 0 0 1 0 0 0 -1 3004.DAT
0 STEP
1 86 100.0 -1056 940.0 0 0 1 0 1 0 -1 0 0 3001.DAT
0 STEP
1 86 90.0 -864 960.0 0 0 1 0 1 0 -1 0 0 3010.DAT
0 STEP
1 86 110.0 -1080 940.0 -1 0 0 0 1 0 0 0 -1 3002.DAT
0 STEP
1 86 100.0 -768 960.0 0 0 1 0 1 0 -1 0 0 3003.DAT
0 STEP
1 86 90.0 -744 980.0 0 0 1 0 1 0 -1 0 0 3004.DAT
0 STEP
1 86 90.0 -912 970.0 0 0 1 0 1 0 -1 0 0 3005.DAT
0 STEP
1 86 110.0 -1032 980.0 -1 0 0 0 1 0 0 0 -1 3002.DAT
0 STEP
1 86 110.0 -1080 980.0 -1 0 0 0 1 0 0 0 -1 3002.DAT
0 STEP
1 86 110.0 -720 1000.0 -1 0 0 0 1 0 0 0 -1 3002.DAT
0 STEP
1 86 110.0 -768 990.0 -1 0 0 0 1 0 0 0 -1 3622.DAT
0 STEP
1 86 90.0 -936 1010.0 0 0 1 0 1 0 -1 0 0 3622.DAT
0 STEP
1 86 110.0 -1008 1000.0 -1 0 0 0 1 0 0 0 -1 3002.DAT
0 STEP
1 86 100.0 -1056 1010.0 0 0 1 0 1 0 -1 0 0 3002.DAT
0 STEP
1 86 90.0 -744 1030.0 0 0 1 0 1 0 -1 0 0 3622.DAT
0 STEP
1 86 100.0 -816 1010.0 -1 0 0 0 1 0 0 0 -1 3004.DAT
0 STEP
1 86 90.0 -864 1010.0 0 0 1 0 1 0 -1 0 0 3005.DAT
0 STEP
1 86 90.0 -1032 1040.0 0 0 1 0 1 0 -1 0 0 3010.DAT
0 STEP
1 86 100.0 -696 1050.0 0 0 1 0 1 0 -1 0 0 3002.DAT
0 STEP
1 86 110.0 -720 1030.0 -1 0 0 0 1 0 0 0 -1 3622.DAT
0 STEP
1 86 100.0 -768 1030.0 -1 0 0 0 1 0 0 0 -1 3004.DAT
0 STEP
1 86 90.0 -888 1080.0 0 0 1 0 1 0 -1 0 0 3009.DAT
0 STEP
1 86 90.0 -984 1060.0 0 0 1 0 1 0 -1 0 0 3010.DAT
0 STEP
1 86 110.0 -1008 1040.0 -1 0 0 0 1 0 0 0 -1 3002.DAT
0 STEP
1 86 110.0 -720 1060.0 -1 0 0 0 1 0 0 0 -1 3002.DAT
0 STEP
1 86 100.0 -768 1100.0 0 0 1 0 1 0 -1 0 0 2456.DAT
0 STEP
1 86 90.0 -936 1100.0 0 0 1 0 1 0 -1 0 0 3009.DAT
0 STEP
1 86 110.0 -1056 1050.0 -1 0 0 0 1 0 0 0 -1 3622.DAT
0 STEP
1 86 110.0 -960 1080.0 -1 0 0 0 1 0 0 0 -1 3002.DAT
0 STEP
1 86 110.0 -1008 1080.0 -1 0 0 0 1 0 0 0 -1 3002.DAT
0 STEP
1 86 100.0 -672 1120.0 0 0 1 0 1 0 -1 0 0 3001.DAT
0 STEP
1 86 110.0 -696 1100.0 -1 0 0 0 1 0 0 0 -1 3002.DAT
0 STEP
1 86 100.0 -720 1120.0 0 0 1 0 1 0 -1 0 0 3001.DAT
0 STEP
1 86 100.0 -816 1120.0 0 0 1 0 1 0 -1 0 0 3001.DAT
0 STEP
1 86 110.0 -912 1090.0 -1 0 0 0 1 0 0 0 -1 3622.DAT
0 STEP
1 86 90.0 -864 1130.0 0 0 1 0 1 0 -1 0 0 3622.DAT
0 STEP
1 86 100.0 -912 1140.0 0 0 1 0 1 0 -1 0 0 3001.DAT
0 STEP
1 86 110.0 -960 1110.0 -1 0 0 0 1 0 0 0 -1 3622.DAT
0 STEP
1 86 90.0 -984 1110.0 0 0 1 0 1 0 -1 0 0 3005.DAT
0 STEP
1 86 90.0 -696 1180.0 0 0 1 0 1 0 -1 0 0 3009.DAT
0 STEP
1 86 110.0 -744 1130.0 -1 0 0 0 1 0 0 0 -1 3622.DAT
0 STEP
1 86 110.0 -792 1130.0 -1 0 0 0 1 0 0 0 -1 3622.DAT
0 STEP
1 86 90.0 -840 1130.0 0 0 1 0 1 0 -1 0 0 3005.DAT
0 STEP
1 86 90.0 -960 1130.0 0 0 1 0 1 0 -1 0 0 3005.DAT
0 STEP
1 86 100.0 -648 1160.0 0 0 1 0 1 0 -1 0 0 3003.DAT
0 STEP
1 86 90.0 -744 1180.0 0 0 1 0 1 0 -1 0 0 3010.DAT
0 STEP
1 86 90.0 -792 1180.0 0 0 1 0 1 0 -1 0 0 3010.DAT
0 STEP
1 86 90.0 -840 1180.0 0 0 1 0 1 0 -1 0 0 3010.DAT
0 STEP
1 86 110.0 -888 1150.0 -1 0 0 0 1 0 0 0 -1 3622.DAT
0 STEP
1 86 110.0 -672 1170.0 -1 0 0 0 1 0 0 0 -1 3622.DAT
0 STEP
1 86 110.0 -720 1180.0 -1 0 0 0 1 0 0 0 -1 3002.DAT
0 STEP
1 86 110.0 -768 1170.0 -1 0 0 0 1 0 0 0 -1 3622.DAT
0 STEP
1 86 100.0 -816 1170.0 -1 0 0 0 1 0 0 0 -1 3004.DAT
0 STEP
1 86 110.0 -864 1170.0 -1 0 0 0 1 0 0 0 -1 3622.DAT
0 STEP
1 86 100.0 -888 1180.0 0 0 1 0 1 0 -1 0 0 3003.DAT
0 STEP
1 86 110.0 -672 1200.0 -1 0 0 0 1 0 0 0 -1 3002.DAT
0 STEP
1 86 100.0 -768 1200.0 0 0 1 0 1 0 -1 0 0 3003.DAT
0 STEP
1 86 90.0 -816 1200.0 0 0 1 0 1 0 -1 0 0 3004.DAT
0 STEP
1 86 90.0 -864 1190.0 0 0 1 0 1 0 -1 0 0 3005.DAT
0 STEP
1 86 90.0 -720 1220.0 0 0 1 0 1 0 -1 0 0 3004.DAT
0 STEP
1 86 110.0 -744 1230.0 -1 0 0 0 1 0 0 0 -1 3622.DAT
0 STEP
1 86 110.0 -96 740.0 0 0 1 0 1 0 -1 0 0 3010.DAT
0 STEP
1 86 110.0 -1056 740.0 0 0 1 0 1 0 -1 0 0 3010.DAT
0 STEP
1 86 120.0 -48 740.0 0 0 1 0 1 0 -1 0 0 3003.DAT
0 STEP
1 86 120.0 -120 730.0 -1 0 0 0 1 0 0 0 -1 3004.DAT
0 STEP
1 86 120.0 -984 730.0 -1 0 0 0 1 0 0 0 -1 3004.DAT
0 STEP
1 86 110.0 -1008 750.0 0 0 1 0 1 0 -1 0 0 3622.DAT
0 STEP
1 86 130.0 -1032 730.0 -1 0 0 0 1 0 0 0 -1 3622.DAT
0 STEP
1 86 130.0 -1080 730.0 -1 0 0 0 1 0 0 0 -1 3622.DAT
0 STEP
1 86 120.0 -1104 760.0 0 0 1 0 1 0 -1 0 0 3001.DAT
0 STEP
1 86 140.0 -1128 730.0 -1 0 0 0 1 0 0 0 -1 3010.DAT
0 STEP
1 86 110.0 -936 780.0 0 0 1 0 1 0 -1 0 0 3010.DAT
0 STEP
1 86 130.0 -960 750.0 -1 0 0 0 1 0 0 0 -1 3622.DAT
0 STEP
1 86 120.0 -984 780.0 0 0 1 0 1 0 -1 0 0 3001.DAT
0 STEP
1 86 110.0 -1128 820.0 0 0 1 0 1 0 -1 0 0 3008.DAT
0 STEP
1 86 130.0 -1152 750.0 -1 0 0 0 1 0 0 0 -1 3622.DAT
0 STEP
1 86 110.0 -1176 750.0 0 0 1 0 1 0 -1 0 0 3005.DAT
0 STEP
1 86 110.0 -48 780.0 0 0 1 0 1 0 -1 0 0 3004.DAT
0 STEP
1 86 120.0 -72 770.0 -1 0 0 0 1 0 0 0 -1 3004.DAT
0 STEP
1 86 110.0 -912 780.0 0 0 1 0 1 0 -1 0 0 3004.DAT
0 STEP
1 86 130.0 -1152 780.0 -1 0 0 0 1 0 0 0 -1 3002.DAT
0 STEP
1 86 110.0 -1176 800.0 0 0 1 0 1 0 -1 0 0 3010.DAT
0 STEP
1 86 160.0 -72 790.0 -1 0 0 0 1 0 0 0 -1 3009.DAT
0 STEP
1 86 110.0 -888 800.0 0 0 1 0 1 0 -1 0 0 3004.DAT
0 STEP
1 86 120.0 -864 840.0 0 0 1 0 1 0 -1 0 0 3001.DAT
0 STEP
1 86 120.0 -1008 840.0 0 0 1 0 1 0 -1 0 0 3001.DAT
0 STEP
1 86 120.0 -1056 840.0 0 0 1 0 1 0 -1 0 0 3001.DAT
0 STEP
1 86 120.0 -1152 810.0 -1 0 0 0 1 0 0 0 -1 3004.DAT
0 STEP
1 86 130.0 -840 830.0 -1 0 0 0 1 0 0 0 -1 3622.DAT
0 STEP
1 86 120.0 -1152 860.0 0 0 1 0 1 0 -1 0 0 3001.DAT
0 STEP
1 86 130.0 -816 860.0 -1 0 0 0 1 0 0 0 -1 3002.DAT
0 STEP
1 86 110.0 -912 850.0 0 0 1 0 1 0 -1 0 0 3005.DAT
0 STEP
1 86 130.0 -1176 850.0 -1 0 0 0 1 0 0 0 -1 3622.DAT
0 STEP
1 86 110.0 -912 920.0 0 0 1 0 1 0 -1 0 0 3009.DAT
0 STEP
1 86 110.0 -1032 900.0 0 0 1 0 1 0 -1 0 0 3010.DAT
0 STEP
1 86 110.0 -1080 880.0 0 0 1 0 1 0 -1 0 0 3004.DAT
0 STEP
1 86 130.0 -1176 880.0 -1 0 0 0 1 0 0 0 -1 3002.DAT
0 STEP
1 86 130.0 -792 890.0 -1 0 0 0 1 0 0 0 -1 3622.DAT
0 STEP
1 86 110.0 -840 920.0 0 0 1 0 1 0 -1 0 0 3010.DAT
0 STEP
1 86 120.0 -864 890.0 -1 0 0 0 1 0 0 0 -1 3004.DAT
0 STEP
1 86 110.0 -1008 890.0 0 0 1 0 1 0 -1 0 0 3005.DAT
0 STEP
1 86 110.0 -1104 920.0 0 0 1 0 1 0 -1 0 0 3010.DAT
0 STEP
1 86 120.0 -768 910.0 -1 0 0 0 1 0 0 0 -1 3004.DAT
0 STEP
1 86 110.0 -1008 940.0 0 0 1 0 1 0 -1 0 0 3010.DAT
0 STEP
1 86 120.0 -1080 910.0 -1 0 0 0 1 0 0 0 -1 3004.DAT
0 STEP
1 86 120.0 -1128 940.0 0 0 1 0 1 0 -1 0 0 3001.DAT
0 STEP
1 86 130.0 -1152 910.0 -1 0 0 0 1 0 0 0 -1 3622.DAT
0 STEP
1 86 130.0 -744 940.0 -1 0 0 0 1 0 0 0 -1 3002.DAT
0 STEP
1 86 110.0 -768 930.0 0 0 1 0 1 0 -1 0 0 3005.DAT
0 STEP
1 86 110.0 -864 930.0 0 0 1 0 1 0 -1 0 0 3005.DAT
0 STEP
1 86 110.0 -1152 960.0 0 0 1 0 1 0 -1 0 0 3010.DAT
0 STEP
1 86 110.0 -720 960.0 0 0 1 0 1 0 -1 0 0 3004.DAT
0 STEP
1 86 110.0 -864 980.0 0 0 1 0 1 0 -1 0 0 3010.DAT
0 STEP
1 86 110.0 -984 950.0 0 0 1 0 1 0 -1 0 0 3005.DAT
0 STEP
1 86 110.0 -696 970.0 0 0 1 0 1 0 -1 0 0 3005.DAT
0 STEP
1 86 110.0 -744 1040.0 0 0 1 0 1 0 -1 0 0 3008.DAT
0 STEP
1 86 110.0 -984 1000.0 0 0 1 0 1 0 -1 0 0 3010.DAT
0 STEP
1 86 110.0 -1104 990.0 0 0 1 0 1 0 -1 0 0 3622.DAT
0 STEP
1 86 130.0 -696 1000.0 -1 0 0 0 1 0 0 0 -1 3002.DAT
0 STEP
1 86 110.0 -792 1020.0 0 0 1 0 1 0 -1 0 0 3010.DAT
0 STEP
1 86 110.0 -840 1040.0 0 0 1 0 1 0 -1 0 0 3009.DAT
0 STEP
1 86 110.0 -888 1040.0 0 0 1 0 1 0 -1 0 0 3009.DAT
0 STEP
1 86 110.0 -936 1060.0 0 0 1 0 1 0 -1 0 0 3008.DAT
0 STEP
1 86 130.0 -1128 990.0 -1 0 0 0 1 0 0 0 -1 3622.DAT
0 STEP
1 86 120.0 -672 1040.0 0 0 1 0 1 0 -1 0 0 3001.DAT
0 STEP
1 86 110.0 -1032 1060.0 0 0 1 0 1 0 -1 0 0 3009.DAT
0 STEP
1 86 120.0 -1080 1010.0 -1 0 0 0 1 0 0 0 -1 3004.DAT
0 STEP
1 86 120.0 -1128 1010.0 -1 0 0 0 1 0 0 0 -1 3004.DAT
0 STEP
1 86 110.0 -1080 1060.0 0 0 1 0 1 0 -1 0 0 3010.DAT
0 STEP
1 86 130.0 -1104 1040.0 -1 0 0 0 1 0 0 0 -1 3002.DAT
0 STEP
1 86 110.0 -1128 1040.0 0 0 1 0 1 0 -1 0 0 3004.DAT
0 STEP
1 86 120.0 -648 1070.0 0 0 1 0 1 0 -1 0 0 3002.DAT
0 STEP
1 86 120.0 -984 1100.0 0 0 1 0 1 0 -1 0 0 2456.DAT
0 STEP
1 86 110.0 -792 1090.0 0 0 1 0 1 0 -1 0 0 3622.DAT
0 STEP
1 86 120.0 -1056 1100.0 0 0 1 0 1 0 -1 0 0 3001.DAT
0 STEP
1 86 110.0 -1104 1070.0 0 0 1 0 1 0 -1 0 0 3005.DAT
0 STEP
1 86 130.0 -624 1100.0 -1 0 0 0 1 0 0 0 -1 3002.DAT
0 STEP
1 86 110.0 -648 1120.0 0 0 1 0 1 0 -1 0 0 3004.DAT
0 STEP
1 86 120.0 -864 1130.0 0 0 1 0 1 0 -1 0 0 3002.DAT
0 STEP
1 86 120.0 -888 1120.0 0 0 1 0 1 0 -1 0 0 3003.DAT
0 STEP
1 86 110.0 -1008 1140.0 0 0 1 0 1 0 -1 0 0 3010.DAT
0 STEP
1 86 130.0 -1080 1110.0 -1 0 0 0 1 0 0 0 -1 3622.DAT
0 STEP
1 86 120.0 -600 1160.0 0 0 1 0 1 0 -1 0 0 3001.DAT
0 STEP
1 86 130.0 -624 1130.0 -1 0 0 0 1 0 0 0 -1 3622.DAT
0 STEP
1 86 110.0 -696 1130.0 0 0 1 0 1 0 -1 0 0 3005.DAT
0 STEP
1 86 120.0 -840 1160.0 0 0 1 0 1 0 -1 0 0 3001.DAT
0 STEP
1 86 110.0 -960 1160.0 0 0 1 0 1 0 -1 0 0 3010.DAT
0 STEP
1 86 130.0 -1032 1140.0 -1 0 0 0 1 0 0 0 -1 3002.DAT
0 STEP
1 86 130.0 -624 1160.0 -1 0 0 0 1 0 0 0 -1 3002.DAT
0 STEP
1 86 110.0 -696 1180.0 0 0 1 0 1 0 -1 0 0 3010.DAT
0 STEP
1 86 120.0 -744 1180.0 0 0 1 0 1 0 -1 0 0 3001.DAT
0 STEP
1 86 120.0 -792 1170.0 0 0 1 0 1 0 -1 0 0 3002.DAT
0 STEP
1 86 110.0 -936 1150.0 0 0 1 0 1 0 -1 0 0 3005.DAT
0 STEP
1 86 120.0 -936 1190.0 0 0 1 0 1 0 -1 0 0 3002.DAT
0 STEP
1 86 130.0 -984 1170.0 -1 0 0 0 1 0 0 0 -1 3622.DAT
0 STEP
1 86 130.0 -1032 1170.0 -1 0 0 0 1 0 0 0 -1 3622.DAT
0 STEP
1 86 110.0 -624 1210.0 0 0 1 0 1 0 -1 0 0 3622.DAT
0 STEP
1 86 110.0 -648 1190.0 0 0 1 0 1 0 -1 0 0 3005.DAT
0 STEP
1 86 110.0 -816 1220.0 0 0 1 0 1 0 -1 0 0 3010.DAT
0 STEP
1 86 110.0 -864 1220.0 0 0 1 0 1 0 -1 0 0 3010.DAT
0 STEP
1 86 130.0 -912 1190.0 -1 0 0 0 1 0 0 0 -1 3622.DAT
0 STEP
1 86 110.0 -984 1190.0 0 0 1 0 1 0 -1 0 0 3005.DAT
0 STEP
1 86 130.0 -600 1210.0 -1 0 0 0 1 0 0 0 -1 3622.DAT
0 STEP
1 86 130.0 -648 1220.0 -1 0 0 0 1 0 0 0 -1 3002.DAT
0 STEP
1 86 120.0 -720 1240.0 0 0 1 0 1 0 -1 0 0 3001.DAT
0 STEP
1 86 110.0 -792 1240.0 0 0 1 0 1 0 -1 0 0 3010.DAT
0 STEP
1 86 120.0 -840 1210.0 -1 0 0 0 1 0 0 0 -1 3004.DAT
0 STEP
1 86 110.0 -888 1220.0 0 0 1 0 1 0 -1 0 0 3004.DAT
0 STEP
1 86 110.0 -912 1220.0 0 0 1 0 1 0 -1 0 0 3004.DAT
0 STEP
1 86 130.0 -960 1210.0 -1 0 0 0 1 0 0 0 -1 3622.DAT
0 STEP
1 86 120.0 -600 1260.0 0 0 1 0 1 0 -1 0 0 3001.DAT
0 STEP
1 86 110.0 -672 1230.0 0 0 1 0 1 0 -1 0 0 3005.DAT
0 STEP
1 86 110.0 -696 1230.0 0 0 1 0 1 0 -1 0 0 3005.DAT
0 STEP
1 86 110.0 -768 1240.0 0 0 1 0 1 0 -1 0 0 3004.DAT
0 STEP
1 86 130.0 -840 1230.0 -1 0 0 0 1 0 0 0 -1 3622.DAT
0 STEP
1 86 130.0 -624 1250.0 -1 0 0 0 1 0 0 0 -1 3622.DAT
0 STEP
1 86 110.0 -648 1270.0 0 0 1 0 1 0 -1 0 0 3622.DAT
0 STEP
1 86 110.0 -672 1280.0 0 0 1 0 1 0 -1 0 0 3010.DAT
0 STEP
1 86 130.0 -696 1260.0 -1 0 0 0 1 0 0 0 -1 3002.DAT
0 STEP
1 86 110.0 -744 1270.0 0 0 1 0 1 0 -1 0 0 3622.DAT
0 STEP
1 86 110.0 -840 1260.0 0 0 1 0 1 0 -1 0 0 3004.DAT
0 STEP
1 86 130.0 -888 1250.0 -1 0 0 0 1 0 0 0 -1 3622.DAT
0 STEP
1 86 110.0 -624 1290.0 0 0 1 0 1 0 -1 0 0 3622.DAT
0 STEP
1 86 130.0 -768 1280.0 -1 0 0 0 1 0 0 0 -1 3002.DAT
0 STEP
1 86 130.0 -816 1270.0 -1 0 0 0 1 0 0 0 -1 3622.DAT
0 STEP
1 86 130.0 -696 1300.0 -1 0 0 0 1 0 0 0 -1 3002.DAT
0 STEP
1 86 110.0 -720 1290.0 0 0 1 0 1 0 -1 0 0 3005.DAT
0 STEP
1 86 120.0 -600 1310.0 -1 0 0 0 1 0 0 0 -1 3004.DAT
0 STEP
1 86 130.0 -648 1310.0 -1 0 0 0 1 0 0 0 -1 3622.DAT
0 STEP
1 86 130.0 -1056 720.0 0 0 1 0 1 0 -1 0 0 3010.DAT
0 STEP
1 86 160.0 -1080 690.0 -1 0 0 0 1 0 0 0 -1 3010.DAT
0 STEP
1 86 140.0 -984 710.0 -1 0 0 0 1 0 0 0 -1 3004.DAT
0 STEP
1 86 130.0 -1008 740.0 0 0 1 0 1 0 -1 0 0 3010.DAT
0 STEP
1 86 150.0 -1032 710.0 -1 0 0 0 1 0 0 0 -1 3622.DAT
0 STEP
1 86 150.0 -1080 710.0 -1 0 0 0 1 0 0 0 -1 3622.DAT
0 STEP
1 86 130.0 -1104 710.0 0 0 1 0 1 0 -1 0 0 3005.DAT
0 STEP
1 86 160.0 -1128 710.0 -1 0 0 0 1 0 0 0 -1 3010.DAT
0 STEP
1 86 130.0 -72 730.0 0 0 1 0 1 0 -1 0 0 3005.DAT
0 STEP
1 86 130.0 -96 730.0 0 0 1 0 1 0 -1 0 0 3005.DAT
0 STEP
1 86 130.0 -936 740.0 0 0 1 0 1 0 -1 0 0 3004.DAT
0 STEP
1 86 150.0 -960 730.0 -1 0 0 0 1 0 0 0 -1 3622.DAT
0 STEP
1 86 130.0 -1152 730.0 0 0 1 0 1 0 -1 0 0 3005.DAT
0 STEP
1 86 130.0 -1176 780.0 0 0 1 0 1 0 -1 0 0 3009.DAT
0 STEP
1 86 140.0 -96 780.0 0 0 1 0 1 0 -1 0 0 3001.DAT
0 STEP
1 86 150.0 -120 760.0 -1 0 0 0 1 0 0 0 -1 3002.DAT
0 STEP
1 86 130.0 -912 760.0 0 0 1 0 1 0 -1 0 0 3004.DAT
0 STEP
1 86 130.0 -1032 780.0 0 0 1 0 1 0 -1 0 0 3010.DAT
0 STEP
1 86 140.0 -1128 760.0 0 0 1 0 1 0 -1 0 0 3003.DAT
0 STEP
1 86 150.0 -1200 750.0 -1 0 0 0 1 0 0 0 -1 3622.DAT
0 STEP
1 86 140.0 -48 790.0 0 0 1 0 1 0 -1 0 0 3002.DAT
0 STEP
1 86 130.0 -888 800.0 0 0 1 0 1 0 -1 0 0 3010.DAT
0 STEP
1 86 130.0 -936 790.0 0 0 1 0 1 0 -1 0 0 3622.DAT
0 STEP
1 86 130.0 -960 790.0 0 0 1 0 1 0 -1 0 0 3622.DAT
0 STEP
1 86 130.0 -1056 770.0 0 0 1 0 1 0 -1 0 0 3005.DAT
0 STEP
1 86 150.0 -1200 780.0 -1 0 0 0 1 0 0 0 -1 3002.DAT
0 STEP
1 86 140.0 -1224 790.0 0 0 1 0 1 0 -1 0 0 3002.DAT
0 STEP
1 86 150.0 -120 790.0 -1 0 0 0 1 0 0 0 -1 3622.DAT
0 STEP
1 86 140.0 -840 800.0 0 0 1 0 1 0 -1 0 0 3003.DAT
0 STEP
1 86 150.0 -864 790.0 -1 0 0 0 1 0 0 0 -1 3622.DAT
0 STEP
1 86 140.0 -912 790.0 -1 0 0 0 1 0 0 0 -1 3004.DAT
0 STEP
1 86 130.0 -1080 840.0 0 0 1 0 1 0 -1 0 0 3009.DAT
0 STEP
1 86 130.0 -1128 820.0 0 0 1 0 1 0 -1 0 0 3010.DAT
0 STEP
1 86 130.0 -72 810.0 0 0 1 0 1 0 -1 0 0 3005.DAT
0 STEP
1 86 150.0 -816 820.0 -1 0 0 0 1 0 0 0 -1 3002.DAT
0 STEP
1 86 130.0 -1200 860.0 0 0 1 0 1 0 -1 0 0 3009.DAT
0 STEP
1 86 150.0 -1224 840.0 -1 0 0 0 1 0 0 0 -1 3002.DAT
0 STEP
1 86 150.0 -792 860.0 -1 0 0 0 1 0 0 0 -1 3002.DAT
0 STEP
1 86 130.0 -840 880.0 0 0 1 0 1 0 -1 0 0 3010.DAT
0 STEP
1 86 140.0 -768 870.0 -1 0 0 0 1 0 0 0 -1 3004.DAT
0 STEP
1 86 130.0 -1032 880.0 0 0 1 0 1 0 -1 0 0 3004.DAT
0 STEP
1 86 140.0 -1128 870.0 -1 0 0 0 1 0 0 0 -1 3004.DAT
0 STEP
1 86 150.0 -1224 870.0 -1 0 0 0 1 0 0 0 -1 3622.DAT
0 STEP
1 86 150.0 -744 900.0 -1 0 0 0 1 0 0 0 -1 3002.DAT
0 STEP
1 86 130.0 -768 890.0 0 0 1 0 1 0 -1 0 0 3005.DAT
0 STEP
1 86 130.0 -816 910.0 0 0 1 0 1 0 -1 0 0 3622.DAT
0 STEP
1 86 130.0 -1104 910.0 0 0 1 0 1 0 -1 0 0 3622.DAT
0 STEP
1 86 130.0 -1128 890.0 0 0 1 0 1 0 -1 0 0 3005.DAT
0 STEP
1 86 130.0 -1224 900.0 0 0 1 0 1 0 -1 0 0 3004.DAT
0 STEP
1 86 140.0 -720 940.0 0 0 1 0 1 0 -1 0 0 3001.DAT
0 STEP
1 86 130.0 -792 940.0 0 0 1 0 1 0 -1 0 0 3010.DAT
0 STEP
1 86 130.0 -1056 960.0 0 0 1 0 1 0 -1 0 0 3009.DAT
0 STEP
1 86 130.0 -1176 930.0 0 0 1 0 1 0 -1 0 0 3622.DAT
0 STEP
1 86 150.0 -696 930.0 -1 0 0 0 1 0 0 0 -1 3622.DAT
0 STEP
1 86 130.0 -768 950.0 0 0 1 0 1 0 -1 0 0 3622.DAT
0 STEP
1 86 140.0 -1152 960.0 0 0 1 0 1 0 -1 0 0 3001.DAT
0 STEP
1 86 150.0 -1200 940.0 -1 0 0 0 1 0 0 0 -1 3002.DAT
0 STEP
1 86 130.0 -696 960.0 0 0 1 0 1 0 -1 0 0 3004.DAT
0 STEP
1 86 140.0 -1104 980.0 0 0 1 0 1 0 -1 0 0 3001.DAT
0 STEP
1 86 130.0 -672 980.0 0 0 1 0 1 0 -1 0 0 3004.DAT
0 STEP
1 86 130.0 -744 970.0 0 0 1 0 1 0 -1 0 0 3005.DAT
0 STEP
1 86 130.0 -1176 1000.0 0 0 1 0 1 0 -1 0 0 3010.DAT
0 STEP
1 86 150.0 -1200 980.0 -1 0 0 0 1 0 0 0 -1 3002.DAT
0 STEP
1 86 140.0 -648 1010.0 0 0 1 0 1 0 -1 0 0 3002.DAT
0 STEP
1 86 130.0 -744 1020.0 0 0 1 0 1 0 -1 0 0 3010.DAT
0 STEP
1 86 130.0 -1032 1040.0 0 0 1 0 1 0 -1 0 0 3010.DAT
0 STEP
1 86 150.0 -1152 1020.0 -1 0 0 0 1 0 0 0 -1 3002.DAT
0 STEP
1 86 130.0 -1200 1010.0 0 0 1 0 1 0 -1 0 0 3005.DAT
0 STEP
1 86 140.0 -624 1050.0 0 0 1 0 1 0 -1 0 0 3002.DAT
0 STEP
1 86 130.0 -696 1050.0 0 0 1 0 1 0 -1 0 0 3622.DAT
0 STEP
1 86 130.0 -1056 1030.0 0 0 1 0 1 0 -1 0 0 3005.DAT
0 STEP
1 86 130.0 -1080 1050.0 0 0 1 0 1 0 -1 0 0 3622.DAT
0 STEP
1 86 130.0 -1128 1060.0 0 0 1 0 1 0 -1 0 0 3010.DAT
0 STEP
1 86 130.0 -1152 1080.0 0 0 1 0 1 0 -1 0 0 3010.DAT
0 STEP
1 86 150.0 -1176 1050.0 -1 0 0 0 1 0 0 0 -1 3622.DAT
0 STEP
1 86 150.0 -600 1080.0 -1 0 0 0 1 0 0 0 -1 3002.DAT
0 STEP
1 86 130.0 -1104 1100.0 0 0 1 0 1 0 -1 0 0 3010.DAT
0 STEP
1 86 130.0 -1176 1070.0 0 0 1 0 1 0 -1 0 0 3005.DAT
0 STEP
1 86 130.0 -672 1120.0 0 0 1 0 1 0 -1 0 0 3010.DAT
0 STEP
1 86 130.0 -720 1120.0 0 0 1 0 1 0 -1 0 0 3010.DAT
0 STEP
1 86 130.0 -936 1120.0 0 0 1 0 1 0 -1 0 0 3010.DAT
0 STEP
1 86 140.0 -1032 1100.0 0 0 1 0 1 0 -1 0 0 3003.DAT
0 STEP
1 86 140.0 -1080 1090.0 -1 0 0 0 1 0 0 0 -1 3004.DAT
0 STEP
1 86 140.0 -576 1110.0 -1 0 0 0 1 0 0 0 -1 3004.DAT
0 STEP
1 86 130.0 -600 1110.0 0 0 1 0 1 0 -1 0 0 3005.DAT
0 STEP
1 86 130.0 -648 1110.0 0 0 1 0 1 0 -1 0 0 3005.DAT
0 STEP
1 86 130.0 -912 1140.0 0 0 1 0 1 0 -1 0 0 3010.DAT
0 STEP
1 86 140.0 -1008 1160.0 0 0 1 0 1 0 -1 0 0 2456.DAT
0 STEP
1 86 150.0 -1128 1120.0 -1 0 0 0 1 0 0 0 -1 3002.DAT
0 STEP
1 86 160.0 -576 1130.0 -1 0 0 0 1 0 0 0 -1 3010.DAT
0 STEP
1 86 130.0 -648 1160.0 0 0 1 0 1 0 -1 0 0 3010.DAT
0 STEP
1 86 130.0 -696 1180.0 0 0 1 0 1 0 -1 0 0 3009.DAT
0 STEP
1 86 130.0 -768 1140.0 0 0 1 0 1 0 -1 0 0 3004.DAT
0 STEP
1 86 130.0 -816 1180.0 0 0 1 0 1 0 -1 0 0 3009.DAT
0 STEP
1 86 130.0 -960 1130.0 0 0 1 0 1 0 -1 0 0 3005.DAT
0 STEP
1 86 130.0 -1080 1160.0 0 0 1 0 1 0 -1 0 0 3010.DAT
0 STEP
1 86 140.0 -576 1150.0 -1 0 0 0 1 0 0 0 -1 3004.DAT
0 STEP
1 86 140.0 -960 1170.0 0 0 1 0 1 0 -1 0 0 3002.DAT
0 STEP
1 86 150.0 -1056 1160.0 -1 0 0 0 1 0 0 0 -1 3002.DAT
0 STEP
1 86 150.0 -1104 1160.0 -1 0 0 0 1 0 0 0 -1 3002.DAT
0 STEP
1 86 140.0 -552 1170.0 -1 0 0 0 1 0 0 0 -1 3004.DAT
0 STEP
1 86 140.0 -576 1200.0 0 0 1 0 1 0 -1 0 0 3001.DAT
0 STEP
1 86 130.0 -888 1200.0 0 0 1 0 1 0 -1 0 0 3010.DAT
0 STEP
1 86 160.0 -552 1200.0 -1 0 0 0 1 0 0 0 -1 3001.DAT
0 STEP
1 86 140.0 -624 1210.0 0 0 1 0 1 0 -1 0 0 3002.DAT
0 STEP
1 86 130.0 -768 1220.0 0 0 1 0 1 0 -1 0 0 3010.DAT
0 STEP
1 86 130.0 -864 1190.0 0 0 1 0 1 0 -1 0 0 3005.DAT
0 STEP
1 86 140.0 -984 1220.0 0 0 1 0 1 0 -1 0 0 3001.DAT
0 STEP
1 86 150.0 -1032 1190.0 -1 0 0 0 1 0 0 0 -1 3622.DAT
0 STEP
1 86 150.0 -1056 1190.0 -1 0 0 0 1 0 0 0 -1 3622.DAT
0 STEP
1 86 130.0 -792 1210.0 0 0 1 0 1 0 -1 0 0 3005.DAT
0 STEP
1 86 140.0 -864 1210.0 -1 0 0 0 1 0 0 0 -1 3004.DAT
0 STEP
1 86 130.0 -912 1240.0 0 0 1 0 1 0 -1 0 0 3010.DAT
0 STEP
1 86 130.0 -1032 1210.0 0 0 1 0 1 0 -1 0 0 3005.DAT
0 STEP
1 86 140.0 -552 1280.0 0 0 1 0 1 0 -1 0 0 2456.DAT
0 STEP
1 86 140.0 -672 1250.0 0 0 1 0 1 0 -1 0 0 3002.DAT
0 STEP
1 86 140.0 -792 1240.0 0 0 1 0 1 0 -1 0 0 3003.DAT
0 STEP
1 86 140.0 -864 1260.0 0 0 1 0 1 0 -1 0 0 3001.DAT
0 STEP
1 86 150.0 -936 1240.0 -1 0 0 0 1 0 0 0 -1 3002.DAT
0 STEP
1 86 130.0 -960 1250.0 0 0 1 0 1 0 -1 0 0 3622.DAT
0 STEP
1 86 150.0 -1008 1230.0 -1 0 0 0 1 0 0 0 -1 3622.DAT
0 STEP
1 86 140.0 -576 1250.0 -1 0 0 0 1 0 0 0 -1 3004.DAT
0 STEP
1 86 140.0 -648 1270.0 0 0 1 0 1 0 -1 0 0 3002.DAT
0 STEP
1 86 140.0 -744 1300.0 0 0 1 0 1 0 -1 0 0 2456.DAT
0 STEP
1 86 140.0 -816 1250.0 -1 0 0 0 1 0 0 0 -1 3004.DAT
0 STEP
1 86 130.0 -840 1280.0 0 0 1 0 1 0 -1 0 0 3010.DAT
0 STEP
1 86 150.0 -576 1270.0 -1 0 0 0 1 0 0 0 -1 3622.DAT
0 STEP
1 86 130.0 -624 1300.0 0 0 1 0 1 0 -1 0 0 3010.DAT
0 STEP
1 86 130.0 -792 1300.0 0 0 1 0 1 0 -1 0 0 3010.DAT
0 STEP
1 86 150.0 -888 1280.0 -1 0 0 0 1 0 0 0 -1 3002.DAT
0 STEP
1 86 150.0 -936 1270.0 -1 0 0 0 1 0 0 0 -1 3622.DAT
0 STEP
1 86 150.0 -576 1300.0 -1 0 0 0 1 0 0 0 -1 3002.DAT
0 STEP
1 86 140.0 -672 1320.0 0 0 1 0 1 0 -1 0 0 3001.DAT
0 STEP
1 86 130.0 -720 1320.0 0 0 1 0 1 0 -1 0 0 3010.DAT
0 STEP
1 86 150.0 -816 1300.0 -1 0 0 0 1 0 0 0 -1 3002.DAT
0 STEP
1 86 130.0 -912 1290.0 0 0 1 0 1 0 -1 0 0 3005.DAT
0 STEP
1 86 150.0 -768 1320.0 -1 0 0 0 1 0 0 0 -1 3002.DAT
0 STEP
1 86 150.0 -864 1310.0 -1 0 0 0 1 0 0 0 -1 3622.DAT
0 STEP
1 86 150.0 -576 1340.0 -1 0 0 0 1 0 0 0 -1 3002.DAT
0 STEP
1 86 130.0 -600 1340.0 0 0 1 0 1 0 -1 0 0 3004.DAT
0 STEP
1 86 150.0 -648 1330.0 -1 0 0 0 1 0 0 0 -1 3622.DAT
0 STEP
1 86 150.0 -696 1340.0 -1 0 0 0 1 0 0 0 -1 3002.DAT
0 STEP
1 86 150.0 -816 1330.0 -1 0 0 0 1 0 0 0 -1 3622.DAT
0 STEP
1 86 150.0 -624 1350.0 -1 0 0 0 1 0 0 0 -1 3622.DAT
0 STEP
1 86 130.0 -648 1360.0 0 0 1 0 1 0 -1 0 0 3004.DAT
0 STEP
1 86 140.0 -600 1370.0 -1 0 0 0 1 0 0 0 -1 3004.DAT
0 STEP
1 86 130.0 -624 1370.0 0 0 1 0 1 0 -1 0 0 3005.DAT
0 STEP
1 86 140.0 -672 1370.0 -1 0 0 0 1 0 0 0 -1 3004.DAT
0 STEP
1 86 150.0 -1008 710.0 0 0 1 0 1 0 -1 0 0 3622.DAT
0 STEP
1 86 170.0 -1032 690.0 -1 0 0 0 1 0 0 0 -1 3622.DAT
0 STEP
1 86 150.0 -1056 710.0 0 0 1 0 1 0 -1 0 0 3622.DAT
0 STEP
1 86 150.0 -1104 720.0 0 0 1 0 1 0 -1 0 0 3010.DAT
0 STEP
1 86 160.0 -936 730.0 0 0 1 0 1 0 -1 0 0 3002.DAT
0 STEP
1 86 170.0 -960 710.0 -1 0 0 0 1 0 0 0 -1 3622.DAT
0 STEP
1 86 150.0 -1152 720.0 0 0 1 0 1 0 -1 0 0 3004.DAT
0 STEP
1 86 150.0 -1176 760.0 0 0 1 0 1 0 -1 0 0 3009.DAT
0 STEP
1 86 150.0 -912 750.0 0 0 1 0 1 0 -1 0 0 3622.DAT
0 STEP
1 86 150.0 -984 740.0 0 0 1 0 1 0 -1 0 0 3004.DAT
0 STEP
1 86 150.0 -1200 730.0 0 0 1 0 1 0 -1 0 0 3005.DAT
0 STEP
1 86 150.0 -72 760.0 0 0 1 0 1 0 -1 0 0 3004.DAT
0 STEP
1 86 150.0 -888 780.0 0 0 1 0 1 0 -1 0 0 3010.DAT
0 STEP
1 86 150.0 -1224 750.0 0 0 1 0 1 0 -1 0 0 3005.DAT
0 STEP
1 86 170.0 -864 770.0 -1 0 0 0 1 0 0 0 -1 3622.DAT
0 STEP
1 86 150.0 -936 770.0 0 0 1 0 1 0 -1 0 0 3005.DAT
0 STEP
1 86 150.0 -1248 770.0 0 0 1 0 1 0 -1 0 0 3005.DAT
0 STEP
1 86 170.0 -816 790.0 -1 0 0 0 1 0 0 0 -1 3622.DAT
0 STEP
1 86 180.0 -1248 790.0 -1 0 0 0 1 0 0 0 -1 3010.DAT
0 STEP
1 86 180.0 -72 820.0 -1 0 0 0 1 0 0 0 -1 3001.DAT
0 STEP
1 86 160.0 -120 810.0 -1 0 0 0 1 0 0 0 -1 3004.DAT
0 STEP
1 86 170.0 -792 820.0 -1 0 0 0 1 0 0 0 -1 3002.DAT
0 STEP
1 86 150.0 -864 810.0 0 0 1 0 1 0 -1 0 0 3005.DAT
0 STEP
1 86 150.0 -1152 840.0 0 0 1 0 1 0 -1 0 0 3010.DAT
0 STEP
1 86 160.0 -1200 860.0 0 0 1 0 1 0 -1 0 0 2456.DAT
0 STEP
1 86 150.0 -1248 860.0 0 0 1 0 1 0 -1 0 0 3009.DAT
0 STEP
1 86 150.0 -96 830.0 0 0 1 0 1 0 -1 0 0 3005.DAT
0 STEP
1 86 160.0 -768 830.0 -1 0 0 0 1 0 0 0 -1 3004.DAT
0 STEP
1 86 150.0 -1176 830.0 0 0 1 0 1 0 -1 0 0 3005.DAT
0 STEP
1 86 170.0 -744 860.0 -1 0 0 0 1 0 0 0 -1 3002.DAT
0 STEP
1 86 150.0 -768 850.0 0 0 1 0 1 0 -1 0 0 3005.DAT
0 STEP
1 86 160.0 -720 870.0 -1 0 0 0 1 0 0 0 -1 3004.DAT
0 STEP
1 86 170.0 -696 900.0 -1 0 0 0 1 0 0 0 -1 3002.DAT
0 STEP
1 86 150.0 -720 890.0 0 0 1 0 1 0 -1 0 0 3005.DAT
0 STEP
1 86 150.0 -768 910.0 0 0 1 0 1 0 -1 0 0 3622.DAT
0 STEP
1 86 150.0 -1128 920.0 0 0 1 0 1 0 -1 0 0 3010.DAT
0 STEP
1 86 150.0 -1152 890.0 0 0 1 0 1 0 -1 0 0 3005.DAT
0 STEP
1 86 150.0 -1224 920.0 0 0 1 0 1 0 -1 0 0 3010.DAT
0 STEP
1 86 160.0 -672 940.0 0 0 1 0 1 0 -1 0 0 3001.DAT
0 STEP
1 86 160.0 -1176 960.0 0 0 1 0 1 0 -1 0 0 2456.DAT
0 STEP
1 86 160.0 -648 930.0 -1 0 0 0 1 0 0 0 -1 3004.DAT
0 STEP
1 86 160.0 -1248 930.0 -1 0 0 0 1 0 0 0 -1 3004.DAT
0 STEP
1 86 150.0 -648 960.0 0 0 1 0 1 0 -1 0 0 3004.DAT
0 STEP
1 86 160.0 -696 950.0 -1 0 0 0 1 0 0 0 -1 3004.DAT
0 STEP
1 86 170.0 -624 980.0 -1 0 0 0 1 0 0 0 -1 3002.DAT
0 STEP
1 86 150.0 -696 970.0 0 0 1 0 1 0 -1 0 0 3005.DAT
0 STEP
1 86 150.0 -1128 970.0 0 0 1 0 1 0 -1 0 0 3005.DAT
0 STEP
1 86 150.0 -1224 970.0 0 0 1 0 1 0 -1 0 0 3005.DAT
0 STEP
1 86 160.0 -672 990.0 -1 0 0 0 1 0 0 0 -1 3004.DAT
0 STEP
1 86 150.0 -1224 1020.0 0 0 1 0 1 0 -1 0 0 3010.DAT
0 STEP
1 86 160.0 -600 1030.0 0 0 1 0 1 0 -1 0 0 3002.DAT
0 STEP
1 86 170.0 -624 1010.0 -1 0 0 0 1 0 0 0 -1 3622.DAT
0 STEP
1 86 150.0 -672 1040.0 0 0 1 0 1 0 -1 0 0 3010.DAT
0 STEP
1 86 150.0 -1080 1040.0 0 0 1 0 1 0 -1 0 0 3010.DAT
0 STEP
1 86 150.0 -1128 1040.0 0 0 1 0 1 0 -1 0 0 3010.DAT
0 STEP
1 86 150.0 -1200 1040.0 0 0 1 0 1 0 -1 0 0 3010.DAT
0 STEP
1 86 160.0 -1176 1030.0 -1 0 0 0 1 0 0 0 -1 3004.DAT
0 STEP
1 86 150.0 -576 1070.0 0 0 1 0 1 0 -1 0 0 3622.DAT
0 STEP
1 86 150.0 -648 1050.0 0 0 1 0 1 0 -1 0 0 3005.DAT
0 STEP
1 86 160.0 -1152 1080.0 0 0 1 0 1 0 -1 0 0 3001.DAT
0 STEP
1 86 150.0 -648 1100.0 0 0 1 0 1 0 -1 0 0 3010.DAT
0 STEP
1 86 150.0 -1056 1100.0 0 0 1 0 1 0 -1 0 0 3010.DAT
0 STEP
1 86 150.0 -1104 1070.0 0 0 1 0 1 0 -1 0 0 3005.DAT
0 STEP
1 86 150.0 -1176 1100.0 0 0 1 0 1 0 -1 0 0 3010.DAT
0 STEP
1 86 170.0 -552 1090.0 -1 0 0 0 1 0 0 0 -1 3622.DAT
0 STEP
1 86 160.0 -1104 1110.0 0 0 1 0 1 0 -1 0 0 3002.DAT
0 STEP
1 86 150.0 -1128 1090.0 0 0 1 0 1 0 -1 0 0 3005.DAT
0 STEP
1 86 170.0 -1200 1100.0 -1 0 0 0 1 0 0 0 -1 3002.DAT
0 STEP
1 86 160.0 -552 1130.0 0 0 1 0 1 0 -1 0 0 3002.DAT
0 STEP
1 86 150.0 -600 1140.0 0 0 1 0 1 0 -1 0 0 3010.DAT
0 STEP
1 86 150.0 -984 1140.0 0 0 1 0 1 0 -1 0 0 3004.DAT
0 STEP
1 86 150.0 -1080 1130.0 0 0 1 0 1 0 -1 0 0 3005.DAT
0 STEP
1 86 170.0 -1152 1140.0 -1 0 0 0 1 0 0 0 -1 3002.DAT
0 STEP
1 86 150.0 -1080 1200.0 0 0 1 0 1 0 -1 0 0 3009.DAT
0 STEP
1 86 150.0 -1128 1180.0 0 0 1 0 1 0 -1 0 0 3010.DAT
0 STEP
1 86 160.0 -528 1220.0 0 0 1 0 1 0 -1 0 0 2456.DAT
0 STEP
1 86 150.0 -936 1190.0 0 0 1 0 1 0 -1 0 0 3622.DAT
0 STEP
1 86 170.0 -1152 1170.0 -1 0 0 0 1 0 0 0 -1 3622.DAT
0 STEP
1 86 150.0 -600 1190.0 0 0 1 0 1 0 -1 0 0 3005.DAT
0 STEP
1 86 150.0 -648 1190.0 0 0 1 0 1 0 -1 0 0 3005.DAT
0 STEP
1 86 170.0 -1104 1190.0 -1 0 0 0 1 0 0 0 -1 3622.DAT
0 STEP
1 86 150.0 -888 1220.0 0 0 1 0 1 0 -1 0 0 3004.DAT
0 STEP
1 86 150.0 -912 1220.0 0 0 1 0 1 0 -1 0 0 3004.DAT
0 STEP
1 86 150.0 -1032 1240.0 0 0 1 0 1 0 -1 0 0 3010.DAT
0 STEP
1 86 170.0 -1056 1220.0 -1 0 0 0 1 0 0 0 -1 3002.DAT
0 STEP
1 86 170.0 -1104 1220.0 -1 0 0 0 1 0 0 0 -1 3002.DAT
0 STEP
1 86 150.0 -600 1280.0 0 0 1 0 1 0 -1 0 0 3009.DAT
0 STEP
1 86 150.0 -768 1240.0 0 0 1 0 1 0 -1 0 0 3004.DAT
0 STEP
1 86 150.0 -816 1230.0 0 0 1 0 1 0 -1 0 0 3005.DAT
0 STEP
1 86 150.0 -960 1260.0 0 0 1 0 1 0 -1 0 0 3010.DAT
0 STEP
1 86 150.0 -720 1270.0 0 0 1 0 1 0 -1 0 0 3622.DAT
0 STEP
1 86 150.0 -840 1300.0 0 0 1 0 1 0 -1 0 0 3009.DAT
0 STEP
1 86 160.0 -912 1250.0 -1 0 0 0 1 0 0 0 -1 3004.DAT
0 STEP
1 86 170.0 -1008 1250.0 -1 0 0 0 1 0 0 0 -1 3622.DAT
0 STEP
1 86 170.0 -1056 1250.0 -1 0 0 0 1 0 0 0 -1 3622.DAT
0 STEP
1 86 150.0 -624 1290.0 0 0 1 0 1 0 -1 0 0 3622.DAT
0 STEP
1 86 150.0 -792 1270.0 0 0 1 0 1 0 -1 0 0 3005.DAT
0 STEP
1 86 160.0 -912 1300.0 0 0 1 0 1 0 -1 0 0 3001.DAT
0 STEP
1 86 170.0 -984 1280.0 -1 0 0 0 1 0 0 0 -1 3002.DAT
0 STEP
1 86 150.0 -1008 1280.0 0 0 1 0 1 0 -1 0 0 3004.DAT
0 STEP
1 86 160.0 -528 1290.0 -1 0 0 0 1 0 0 0 -1 3004.DAT
0 STEP
1 86 160.0 -792 1290.0 -1 0 0 0 1 0 0 0 -1 3004.DAT
0 STEP
1 86 150.0 -936 1310.0 0 0 1 0 1 0 -1 0 0 3622.DAT
0 STEP
1 86 180.0 -528 1320.0 -1 0 0 0 1 0 0 0 -1 3001.DAT
0 STEP
1 86 160.0 -720 1310.0 -1 0 0 0 1 0 0 0 -1 3004.DAT
0 STEP
1 86 160.0 -792 1340.0 0 0 1 0 1 0 -1 0 0 3001.DAT
0 STEP
1 86 160.0 -888 1330.0 0 0 1 0 1 0 -1 0 0 3002.DAT
0 STEP
1 86 150.0 -960 1310.0 0 0 1 0 1 0 -1 0 0 3005.DAT
0 STEP
1 86 160.0 -624 1330.0 -1 0 0 0 1 0 0 0 -1 3004.DAT
0 STEP
1 86 150.0 -720 1360.0 0 0 1 0 1 0 -1 0 0 3010.DAT
0 STEP
1 86 170.0 -864 1340.0 -1 0 0 0 1 0 0 0 -1 3002.DAT
0 STEP
1 86 180.0 -528 1360.0 -1 0 0 0 1 0 0 0 -1 3001.DAT
0 STEP
1 86 150.0 -552 1380.0 0 0 1 0 1 0 -1 0 0 3010.DAT
0 STEP
1 86 150.0 -600 1350.0 0 0 1 0 1 0 -1 0 0 3005.DAT
0 STEP
1 86 160.0 -648 1380.0 0 0 1 0 1 0 -1 0 0 3001.DAT
0 STEP
1 86 170.0 -768 1360.0 -1 0 0 0 1 0 0 0 -1 3002.DAT
0 STEP
1 86 170.0 -816 1360.0 -1 0 0 0 1 0 0 0 -1 3002.DAT
0 STEP
1 86 170.0 -576 1370.0 -1 0 0 0 1 0 0 0 -1 3622.DAT
0 STEP
1 86 150.0 -624 1400.0 0 0 1 0 1 0 -1 0 0 3010.DAT
0 STEP
1 86 170.0 -696 1380.0 -1 0 0 0 1 0 0 0 -1 3002.DAT
0 STEP
1 86 150.0 -744 1370.0 0 0 1 0 1 0 -1 0 0 3005.DAT
0 STEP
1 86 170.0 -576 1400.0 -1 0 0 0 1 0 0 0 -1 3002.DAT
0 STEP
1 86 150.0 -600 1400.0 0 0 1 0 1 0 -1 0 0 3004.DAT
0 STEP
1 86 150.0 -672 1390.0 0 0 1 0 1 0 -1 0 0 3005.DAT
0 STEP
1 86 170.0 -744 1390.0 -1 0 0 0 1 0 0 0 -1 3622.DAT
0 STEP
1 86 170.0 -672 1410.0 -1 0 0 0 1 0 0 0 -1 3622.DAT
0 STEP
1 86 170.0 -600 1430.0 -1 0 0 0 1 0 0 0 -1 3622.DAT
0 STEP
1 86 180.0 -1008 690.0 0 0 1 0 1 0 -1 0 0 3002.DAT
0 STEP
1 86 170.0 -1032 670.0 0 0 1 0 1 0 -1 0 0 3005.DAT
0 STEP
1 86 170.0 -1056 690.0 0 0 1 0 1 0 -1 0 0 3622.DAT
0 STEP
1 86 180.0 -1080 670.0 -1 0 0 0 1 0 0 0 -1 3004.DAT
0 STEP
1 86 180.0 -1104 690.0 0 0 1 0 1 0 -1 0 0 3002.DAT
0 STEP
1 86 190.0 -960 690.0 -1 0 0 0 1 0 0 0 -1 3622.DAT
0 STEP
1 86 170.0 -984 710.0 0 0 1 0 1 0 -1 0 0 3622.DAT
0 STEP
1 86 190.0 -1128 690.0 -1 0 0 0 1 0 0 0 -1 3622.DAT
0 STEP
1 86 180.0 -1152 710.0 0 0 1 0 1 0 -1 0 0 3002.DAT
0 STEP
1 86 170.0 -912 730.0 0 0 1 0 1 0 -1 0 0 3622.DAT
0 STEP
1 86 180.0 -1176 730.0 0 0 1 0 1 0 -1 0 0 3002.DAT
0 STEP
1 86 170.0 -1200 710.0 0 0 1 0 1 0 -1 0 0 3005.DAT
0 STEP
1 86 190.0 -864 740.0 -1 0 0 0 1 0 0 0 -1 3002.DAT
0 STEP
1 86 170.0 -888 750.0 0 0 1 0 1 0 -1 0 0 3622.DAT
0 STEP
1 86 200.0 -1200 730.0 -1 0 0 0 1 0 0 0 -1 3010.DAT
0 STEP
1 86 170.0 -1224 730.0 0 0 1 0 1 0 -1 0 0 3005.DAT
0 STEP
1 86 170.0 -840 780.0 0 0 1 0 1 0 -1 0 0 3010.DAT
0 STEP
1 86 200.0 -1224 750.0 -1 0 0 0 1 0 0 0 -1 3010.DAT
0 STEP
1 86 180.0 -1248 760.0 0 0 1 0 1 0 -1 0 0 3003.DAT
0 STEP
1 86 190.0 -72 770.0 -1 0 0 0 1 0 0 0 -1 3622.DAT
0 STEP
1 86 170.0 -96 780.0 0 0 1 0 1 0 -1 0 0 3004.DAT
0 STEP
1 86 190.0 -816 770.0 -1 0 0 0 1 0 0 0 -1 3622.DAT
0 STEP
1 86 190.0 -1224 770.0 -1 0 0 0 1 0 0 0 -1 3622.DAT
0 STEP
1 86 200.0 -1272 780.0 -1 0 0 0 1 0 0 0 -1 3001.DAT
0 STEP
1 86 170.0 -48 810.0 0 0 1 0 1 0 -1 0 0 3622.DAT
0 STEP
1 86 180.0 -768 790.0 -1 0 0 0 1 0 0 0 -1 3004.DAT
0 STEP
1 86 170.0 -792 790.0 0 0 1 0 1 0 -1 0 0 3005.DAT
0 STEP
1 86 170.0 -1224 800.0 0 0 1 0 1 0 -1 0 0 3004.DAT
0 STEP
1 86 180.0 -96 840.0 0 0 1 0 1 0 -1 0 0 3001.DAT
0 STEP
1 86 190.0 -744 820.0 -1 0 0 0 1 0 0 0 -1 3002.DAT
0 STEP
1 86 170.0 -768 810.0 0 0 1 0 1 0 -1 0 0 3005.DAT
0 STEP
1 86 180.0 -1248 840.0 0 0 1 0 1 0 -1 0 0 3001.DAT
0 STEP
1 86 170.0 -1272 840.0 0 0 1 0 1 0 -1 0 0 3010.DAT
0 STEP
1 86 170.0 -120 830.0 0 0 1 0 1 0 -1 0 0 3005.DAT
0 STEP
1 86 170.0 -720 840.0 0 0 1 0 1 0 -1 0 0 3004.DAT
0 STEP
1 86 200.0 -72 850.0 -1 0 0 0 1 0 0 0 -1 3010.DAT
0 STEP
1 86 190.0 -696 860.0 -1 0 0 0 1 0 0 0 -1 3002.DAT
0 STEP
1 86 170.0 -768 870.0 0 0 1 0 1 0 -1 0 0 3622.DAT
0 STEP
1 86 170.0 -72 870.0 0 0 1 0 1 0 -1 0 0 3005.DAT
0 STEP
1 86 170.0 -672 880.0 0 0 1 0 1 0 -1 0 0 3004.DAT
0 STEP
1 86 180.0 -648 900.0 0 0 1 0 1 0 -1 0 0 3003.DAT
0 STEP
1 86 170.0 -720 910.0 0 0 1 0 1 0 -1 0 0 3622.DAT
0 STEP
1 86 170.0 -1224 900.0 0 0 1 0 1 0 -1 0 0 3004.DAT
0 STEP
1 86 170.0 -1248 900.0 0 0 1 0 1 0 -1 0 0 3004.DAT
0 STEP
1 86 180.0 -1272 920.0 0 0 1 0 1 0 -1 0 0 3001.DAT
0 STEP
1 86 190.0 -624 940.0 -1 0 0 0 1 0 0 0 -1 3002.DAT
0 STEP
1 86 180.0 -1224 980.0 0 0 1 0 1 0 -1 0 0 2456.DAT
0 STEP
1 86 170.0 -648 950.0 0 0 1 0 1 0 -1 0 0 3005.DAT
0 STEP
1 86 190.0 -1248 960.0 -1 0 0 0 1 0 0 0 -1 3002.DAT
0 STEP
1 86 190.0 -600 970.0 -1 0 0 0 1 0 0 0 -1 3622.DAT
0 STEP
1 86 170.0 -648 1000.0 0 0 1 0 1 0 -1 0 0 3010.DAT
0 STEP
1 86 200.0 -576 990.0 -1 0 0 0 1 0 0 0 -1 3010.DAT
0 STEP
1 86 170.0 -600 990.0 0 0 1 0 1 0 -1 0 0 3005.DAT
0 STEP
1 86 180.0 -1248 990.0 -1 0 0 0 1 0 0 0 -1 3004.DAT
0 STEP
1 86 190.0 -576 1020.0 -1 0 0 0 1 0 0 0 -1 3002.DAT
0 STEP
1 86 170.0 -1200 1010.0 0 0 1 0 1 0 -1 0 0 3005.DAT
0 STEP
1 86 180.0 -1248 1040.0 0 0 1 0 1 0 -1 0 0 3001.DAT
0 STEP
1 86 170.0 -624 1050.0 0 0 1 0 1 0 -1 0 0 3622.DAT
0 STEP
1 86 180.0 -1200 1050.0 0 0 1 0 1 0 -1 0 0 3002.DAT
0 STEP
1 86 170.0 -552 1060.0 0 0 1 0 1 0 -1 0 0 3004.DAT
0 STEP
1 86 180.0 -576 1080.0 0 0 1 0 1 0 -1 0 0 3001.DAT
0 STEP
1 86 170.0 -1224 1080.0 0 0 1 0 1 0 -1 0 0 3010.DAT
0 STEP
1 86 170.0 -1128 1080.0 0 0 1 0 1 0 -1 0 0 3004.DAT
0 STEP
1 86 170.0 -1176 1070.0 0 0 1 0 1 0 -1 0 0 3005.DAT
0 STEP
1 86 180.0 -1176 1100.0 0 0 1 0 1 0 -1 0 0 3003.DAT
0 STEP
1 86 200.0 -528 1120.0 -1 0 0 0 1 0 0 0 -1 3001.DAT
0 STEP
1 86 170.0 -600 1110.0 0 0 1 0 1 0 -1 0 0 3005.DAT
0 STEP
1 86 170.0 -1080 1180.0 0 0 1 0 1 0 -1 0 0 3009.DAT
0 STEP
1 86 170.0 -1176 1160.0 0 0 1 0 1 0 -1 0 0 3010.DAT
0 STEP
1 86 200.0 -1200 1130.0 -1 0 0 0 1 0 0 0 -1 3010.DAT
0 STEP
1 86 220.0 -528 1150.0 -1 0 0 0 1 0 0 0 -1 3009.DAT
0 STEP
1 86 170.0 -576 1200.0 0 0 1 0 1 0 -1 0 0 3009.DAT
0 STEP
1 86 180.0 -1128 1180.0 0 0 1 0 1 0 -1 0 0 3001.DAT
0 STEP
1 86 170.0 -1200 1150.0 0 0 1 0 1 0 -1 0 0 3005.DAT
0 STEP
1 86 200.0 -504 1170.0 -1 0 0 0 1 0 0 0 -1 3010.DAT
0 STEP
1 86 190.0 -552 1170.0 -1 0 0 0 1 0 0 0 -1 3622.DAT
0 STEP
1 86 190.0 -504 1190.0 -1 0 0 0 1 0 0 0 -1 3622.DAT
0 STEP
1 86 170.0 -1008 1200.0 0 0 1 0 1 0 -1 0 0 3004.DAT
0 STEP
1 86 170.0 -1152 1200.0 0 0 1 0 1 0 -1 0 0 3004.DAT
0 STEP
1 86 180.0 -504 1230.0 0 0 1 0 1 0 -1 0 0 3002.DAT
0 STEP
1 86 170.0 -984 1230.0 0 0 1 0 1 0 -1 0 0 3622.DAT
0 STEP
1 86 170.0 -1032 1210.0 0 0 1 0 1 0 -1 0 0 3005.DAT
0 STEP
1 86 170.0 -552 1240.0 0 0 1 0 1 0 -1 0 0 3004.DAT
0 STEP
1 86 170.0 -960 1230.0 0 0 1 0 1 0 -1 0 0 3005.DAT
0 STEP
1 86 180.0 -1032 1250.0 0 0 1 0 1 0 -1 0 0 3002.DAT
0 STEP
1 86 190.0 -1128 1230.0 -1 0 0 0 1 0 0 0 -1 3622.DAT
0 STEP
1 86 170.0 -960 1280.0 0 0 1 0 1 0 -1 0 0 3010.DAT
0 STEP
1 86 170.0 -1080 1250.0 0 0 1 0 1 0 -1 0 0 3005.DAT
0 STEP
1 86 180.0 -1104 1250.0 -1 0 0 0 1 0 0 0 -1 3004.DAT
0 STEP
1 86 180.0 -504 1340.0 0 0 1 0 1 0 -1 0 0 3007.DAT
0 STEP
1 86 170.0 -552 1340.0 0 0 1 0 1 0 -1 0 0 3008.DAT
0 STEP
1 86 170.0 -864 1280.0 0 0 1 0 1 0 -1 0 0 3004.DAT
0 STEP
1 86 170.0 -1008 1290.0 0 0 1 0 1 0 -1 0 0 3622.DAT
0 STEP
1 86 170.0 -1056 1280.0 0 0 1 0 1 0 -1 0 0 3004.DAT
0 STEP
1 86 190.0 -1080 1270.0 -1 0 0 0 1 0 0 0 -1 3622.DAT
0 STEP
1 86 170.0 -840 1300.0 0 0 1 0 1 0 -1 0 0 3004.DAT
0 STEP
1 86 180.0 -936 1320.0 0 0 1 0 1 0 -1 0 0 3001.DAT
0 STEP
1 86 190.0 -1032 1290.0 -1 0 0 0 1 0 0 0 -1 3622.DAT
0 STEP
1 86 170.0 -744 1340.0 0 0 1 0 1 0 -1 0 0 3010.DAT
0 STEP
1 86 190.0 -984 1310.0 -1 0 0 0 1 0 0 0 -1 3622.DAT
0 STEP
1 86 170.0 -600 1330.0 0 0 1 0 1 0 -1 0 0 3005.DAT
0 STEP
1 86 170.0 -672 1360.0 0 0 1 0 1 0 -1 0 0 3010.DAT
0 STEP
1 86 170.0 -720 1330.0 0 0 1 0 1 0 -1 0 0 3005.DAT
0 STEP
1 86 180.0 -840 1330.0 -1 0 0 0 1 0 0 0 -1 3004.DAT
0 STEP
1 86 180.0 -960 1330.0 -1 0 0 0 1 0 0 0 -1 3004.DAT
0 STEP
1 86 170.0 -984 1330.0 0 0 1 0 1 0 -1 0 0 3005.DAT
0 STEP
1 86 170.0 -600 1380.0 0 0 1 0 1 0 -1 0 0 3010.DAT
0 STEP
1 86 170.0 -720 1380.0 0 0 1 0 1 0 -1 0 0 3010.DAT
0 STEP
1 86 170.0 -840 1370.0 0 0 1 0 1 0 -1 0 0 3622.DAT
0 STEP
1 86 190.0 -912 1360.0 -1 0 0 0 1 0 0 0 -1 3002.DAT
0 STEP
1 86 170.0 -624 1370.0 0 0 1 0 1 0 -1 0 0 3005.DAT
0 STEP
1 86 190.0 -864 1380.0 -1 0 0 0 1 0 0 0 -1 3002.DAT
0 STEP
1 86 170.0 -888 1370.0 0 0 1 0 1 0 -1 0 0 3005.DAT
0 STEP
1 86 190.0 -528 1400.0 -1 0 0 0 1 0 0 0 -1 3002.DAT
0 STEP
1 86 180.0 -624 1390.0 -1 0 0 0 1 0 0 0 -1 3004.DAT
0 STEP
1 86 190.0 -768 1400.0 -1 0 0 0 1 0 0 0 -1 3002.DAT
0 STEP
1 86 170.0 -792 1400.0 0 0 1 0 1 0 -1 0 0 3004.DAT
0 STEP
1 86 190.0 -816 1390.0 -1 0 0 0 1 0 0 0 -1 3622.DAT
0 STEP
1 86 170.0 -480 1410.0 0 0 1 0 1 0 -1 0 0 3005.DAT
0 STEP
1 86 170.0 -624 1440.0 0 0 1 0 1 0 -1 0 0 3010.DAT
0 STEP
1 86 170.0 -696 1420.0 0 0 1 0 1 0 -1 0 0 3004.DAT
0 STEP
1 86 170.0 -744 1410.0 0 0 1 0 1 0 -1 0 0 3005.DAT
0 STEP
1 86 180.0 -504 1430.0 -1 0 0 0 1 0 0 0 -1 3004.DAT
0 STEP
1 86 190.0 -528 1440.0 -1 0 0 0 1 0 0 0 -1 3002.DAT
0 STEP
1 86 170.0 -552 1430.0 0 0 1 0 1 0 -1 0 0 3005.DAT
0 STEP
1 86 170.0 -576 1450.0 0 0 1 0 1 0 -1 0 0 3622.DAT
0 STEP
1 86 170.0 -648 1440.0 0 0 1 0 1 0 -1 0 0 3004.DAT
0 STEP
1 86 190.0 -672 1440.0 -1 0 0 0 1 0 0 0 -1 3002.DAT
0 STEP
1 86 180.0 -552 1460.0 0 0 1 0 1 0 -1 0 0 3003.DAT
0 STEP
1 86 190.0 -600 1460.0 -1 0 0 0 1 0 0 0 -1 3002.DAT
0 STEP
1 86 190.0 -1032 660.0 0 0 1 0 1 0 -1 0 0 3004.DAT
0 STEP
1 86 190.0 -1056 670.0 0 0 1 0 1 0 -1 0 0 3622.DAT
0 STEP
1 86 190.0 -1080 650.0 0 0 1 0 1 0 -1 0 0 3005.DAT
0 STEP
1 86 190.0 -936 700.0 0 0 1 0 1 0 -1 0 0 3010.DAT
0 STEP
1 86 190.0 -960 670.0 0 0 1 0 1 0 -1 0 0 3005.DAT
0 STEP
1 86 190.0 -984 690.0 0 0 1 0 1 0 -1 0 0 3622.DAT
0 STEP
1 86 200.0 -1128 670.0 -1 0 0 0 1 0 0 0 -1 3004.DAT
0 STEP
1 86 210.0 -912 690.0 -1 0 0 0 1 0 0 0 -1 3622.DAT
0 STEP
1 86 210.0 -864 710.0 -1 0 0 0 1 0 0 0 -1 3622.DAT
0 STEP
1 86 190.0 -888 730.0 0 0 1 0 1 0 -1 0 0 3622.DAT
0 STEP
1 86 200.0 -912 710.0 -1 0 0 0 1 0 0 0 -1 3004.DAT
0 STEP
1 86 220.0 -1200 710.0 -1 0 0 0 1 0 0 0 -1 3010.DAT
0 STEP
1 86 190.0 -840 760.0 0 0 1 0 1 0 -1 0 0 3010.DAT
0 STEP
1 86 190.0 -912 730.0 0 0 1 0 1 0 -1 0 0 3005.DAT
0 STEP
1 86 220.0 -1224 730.0 -1 0 0 0 1 0 0 0 -1 3010.DAT
0 STEP
1 86 220.0 -792 750.0 -1 0 0 0 1 0 0 0 -1 3010.DAT
0 STEP
1 86 190.0 -816 750.0 0 0 1 0 1 0 -1 0 0 3005.DAT
0 STEP
1 86 200.0 -1200 750.0 -1 0 0 0 1 0 0 0 -1 3004.DAT
0 STEP
1 86 220.0 -96 770.0 -1 0 0 0 1 0 0 0 -1 3010.DAT
0 STEP
1 86 190.0 -120 840.0 0 0 1 0 1 0 -1 0 0 3008.DAT
0 STEP
1 86 190.0 -768 770.0 0 0 1 0 1 0 -1 0 0 3005.DAT
0 STEP
1 86 190.0 -792 780.0 0 0 1 0 1 0 -1 0 0 3004.DAT
0 STEP
1 86 190.0 -48 790.0 0 0 1 0 1 0 -1 0 0 3005.DAT
0 STEP
1 86 190.0 -96 790.0 0 0 1 0 1 0 -1 0 0 3005.DAT
0 STEP
1 86 200.0 -744 790.0 -1 0 0 0 1 0 0 0 -1 3004.DAT
0 STEP
1 86 190.0 -1296 840.0 0 0 1 0 1 0 -1 0 0 3009.DAT
0 STEP
1 86 190.0 -48 840.0 0 0 1 0 1 0 -1 0 0 3010.DAT
0 STEP
1 86 190.0 -720 840.0 0 0 1 0 1 0 -1 0 0 3010.DAT
0 STEP
1 86 190.0 -768 830.0 0 0 1 0 1 0 -1 0 0 3622.DAT
0 STEP
1 86 200.0 -1272 840.0 0 0 1 0 1 0 -1 0 0 3001.DAT
0 STEP
1 86 210.0 -696 830.0 -1 0 0 0 1 0 0 0 -1 3622.DAT
0 STEP
1 86 220.0 -1320 830.0 -1 0 0 0 1 0 0 0 -1 3010.DAT
0 STEP
1 86 190.0 -672 900.0 0 0 1 0 1 0 -1 0 0 3009.DAT
0 STEP
1 86 210.0 -1320 850.0 -1 0 0 0 1 0 0 0 -1 3622.DAT
0 STEP
1 86 190.0 -72 890.0 0 0 1 0 1 0 -1 0 0 3622.DAT
0 STEP
1 86 190.0 -648 870.0 0 0 1 0 1 0 -1 0 0 3005.DAT
0 STEP
1 86 240.0 -96 900.0 -1 0 0 0 1 0 0 0 -1 2456.DAT
0 STEP
1 86 210.0 -624 900.0 -1 0 0 0 1 0 0 0 -1 3002.DAT
0 STEP
1 86 190.0 -720 890.0 0 0 1 0 1 0 -1 0 0 3005.DAT
0 STEP
1 86 190.0 -1248 910.0 0 0 1 0 1 0 -1 0 0 3622.DAT
0 STEP
1 86 200.0 -1296 930.0 0 0 1 0 1 0 -1 0 0 3002.DAT
0 STEP
1 86 210.0 -600 940.0 -1 0 0 0 1 0 0 0 -1 3002.DAT
0 STEP
1 86 190.0 -648 950.0 0 0 1 0 1 0 -1 0 0 3622.DAT
0 STEP
1 86 190.0 -576 970.0 0 0 1 0 1 0 -1 0 0 3005.DAT
0 STEP
1 86 210.0 -1272 980.0 -1 0 0 0 1 0 0 0 -1 3002.DAT
0 STEP
1 86 190.0 -1296 980.0 0 0 1 0 1 0 -1 0 0 3004.DAT
0 STEP
1 86 190.0 -600 1020.0 0 0 1 0 1 0 -1 0 0 3010.DAT
0 STEP
1 86 190.0 -552 1040.0 0 0 1 0 1 0 -1 0 0 3010.DAT
0 STEP
1 86 220.0 -1272 1010.0 -1 0 0 0 1 0 0 0 -1 3010.DAT
0 STEP
1 86 210.0 -1272 1040.0 -1 0 0 0 1 0 0 0 -1 3002.DAT
0 STEP
1 86 200.0 -1224 1050.0 -1 0 0 0 1 0 0 0 -1 3004.DAT
0 STEP
1 86 210.0 -528 1080.0 -1 0 0 0 1 0 0 0 -1 3002.DAT
0 STEP
1 86 200.0 -1224 1120.0 0 0 1 0 1 0 -1 0 0 2456.DAT
0 STEP
1 86 190.0 -1272 1070.0 0 0 1 0 1 0 -1 0 0 3005.DAT
0 STEP
1 86 210.0 -1248 1100.0 -1 0 0 0 1 0 0 0 -1 3002.DAT
0 STEP
1 86 200.0 -552 1130.0 0 0 1 0 1 0 -1 0 0 3002.DAT
0 STEP
1 86 190.0 -1176 1130.0 0 0 1 0 1 0 -1 0 0 3005.DAT
0 STEP
1 86 220.0 -1248 1130.0 -1 0 0 0 1 0 0 0 -1 3010.DAT
0 STEP
1 86 190.0 -504 1150.0 0 0 1 0 1 0 -1 0 0 3005.DAT
0 STEP
1 86 200.0 -1176 1160.0 0 0 1 0 1 0 -1 0 0 3003.DAT
0 STEP
1 86 190.0 -1200 1170.0 0 0 1 0 1 0 -1 0 0 3622.DAT
0 STEP
1 86 190.0 -528 1200.0 0 0 1 0 1 0 -1 0 0 3010.DAT
0 STEP
1 86 200.0 -1152 1220.0 0 0 1 0 1 0 -1 0 0 3001.DAT
0 STEP
1 86 210.0 -1176 1190.0 -1 0 0 0 1 0 0 0 -1 3622.DAT
0 STEP
1 86 190.0 -1080 1230.0 0 0 1 0 1 0 -1 0 0 3622.DAT
0 STEP
1 86 220.0 -1176 1220.0 -1 0 0 0 1 0 0 0 -1 3001.DAT
0 STEP
1 86 220.0 -480 1230.0 -1 0 0 0 1 0 0 0 -1 3010.DAT
0 STEP
1 86 210.0 -480 1260.0 -1 0 0 0 1 0 0 0 -1 3002.DAT
0 STEP
1 86 200.0 -528 1270.0 0 0 1 0 1 0 -1 0 0 3002.DAT
0 STEP
1 86 220.0 -1128 1260.0 -1 0 0 0 1 0 0 0 -1 3001.DAT
0 STEP
1 86 190.0 -1008 1280.0 0 0 1 0 1 0 -1 0 0 3004.DAT
0 STEP
1 86 200.0 -1056 1270.0 -1 0 0 0 1 0 0 0 -1 3004.DAT
0 STEP
1 86 190.0 -1104 1280.0 0 0 1 0 1 0 -1 0 0 3004.DAT
0 STEP
1 86 220.0 -480 1300.0 -1 0 0 0 1 0 0 0 -1 3001.DAT
0 STEP
1 86 190.0 -960 1300.0 0 0 1 0 1 0 -1 0 0 3004.DAT
0 STEP
1 86 220.0 -1056 1300.0 -1 0 0 0 1 0 0 0 -1 3001.DAT
0 STEP
1 86 190.0 -1080 1290.0 0 0 1 0 1 0 -1 0 0 3005.DAT
0 STEP
1 86 190.0 -888 1340.0 0 0 1 0 1 0 -1 0 0 3010.DAT
0 STEP
1 86 190.0 -912 1320.0 0 0 1 0 1 0 -1 0 0 3004.DAT
0 STEP
1 86 210.0 -1008 1320.0 -1 0 0 0 1 0 0 0 -1 3002.DAT
0 STEP
1 86 200.0 -1032 1320.0 0 0 1 0 1 0 -1 0 0 3003.DAT
0 STEP
1 86 220.0 -480 1330.0 -1 0 0 0 1 0 0 0 -1 3010.DAT
0 STEP
1 86 220.0 -984 1340.0 -1 0 0 0 1 0 0 0 -1 3001.DAT
0 STEP
1 86 220.0 -480 1360.0 -1 0 0 0 1 0 0 0 -1 3001.DAT
0 STEP
1 86 190.0 -552 1350.0 0 0 1 0 1 0 -1 0 0 3005.DAT
0 STEP
1 86 190.0 -792 1380.0 0 0 1 0 1 0 -1 0 0 3010.DAT
0 STEP
1 86 190.0 -840 1350.0 0 0 1 0 1 0 -1 0 0 3005.DAT
0 STEP
1 86 190.0 -960 1350.0 0 0 1 0 1 0 -1 0 0 3005.DAT
0 STEP
1 86 220.0 -1008 1350.0 -1 0 0 0 1 0 0 0 -1 3010.DAT
0 STEP
1 86 190.0 -552 1400.0 0 0 1 0 1 0 -1 0 0 3010.DAT
0 STEP
1 86 190.0 -720 1400.0 0 0 1 0 1 0 -1 0 0 3010.DAT
0 STEP
1 86 190.0 -744 1370.0 0 0 1 0 1 0 -1 0 0 3005.DAT
0 STEP
1 86 200.0 -840 1370.0 -1 0 0 0 1 0 0 0 -1 3004.DAT
0 STEP
1 86 190.0 -936 1370.0 0 0 1 0 1 0 -1 0 0 3005.DAT
0 STEP
1 86 240.0 -480 1390.0 -1 0 0 0 1 0 0 0 -1 3009.DAT
0 STEP
1 86 190.0 -600 1400.0 0 0 1 0 1 0 -1 0 0 3004.DAT
0 STEP
1 86 190.0 -648 1420.0 0 0 1 0 1 0 -1 0 0 3010.DAT
0 STEP
1 86 190.0 -672 1390.0 0 0 1 0 1 0 -1 0 0 3005.DAT
0 STEP
1 86 210.0 -840 1400.0 -1 0 0 0 1 0 0 0 -1 3002.DAT
0 STEP
1 86 190.0 -888 1390.0 0 0 1 0 1 0 -1 0 0 3005.DAT
0 STEP
1 86 200.0 -480 1440.0 0 0 1 0 1 0 -1 0 0 3001.DAT
0 STEP
1 86 190.0 -624 1410.0 0 0 1 0 1 0 -1 0 0 3005.DAT
0 STEP
1 86 200.0 -696 1440.0 0 0 1 0 1 0 -1 0 0 3001.DAT
0 STEP
1 86 200.0 -744 1430.0 0 0 1 0 1 0 -1 0 0 3002.DAT
0 STEP
1 86 200.0 -816 1410.0 -1 0 0 0 1 0 0 0 -1 3004.DAT
0 STEP
1 86 260.0 -456 1430.0 -1 0 0 0 1 0 0 0 -1 3008.DAT
0 STEP
1 86 200.0 -576 1460.0 0 0 1 0 1 0 -1 0 0 3001.DAT
0 STEP
1 86 190.0 -624 1460.0 0 0 1 0 1 0 -1 0 0 3010.DAT
0 STEP
1 86 220.0 -768 1430.0 -1 0 0 0 1 0 0 0 -1 3010.DAT
0 STEP
1 86 200.0 -792 1430.0 -1 0 0 0 1 0 0 0 -1 3004.DAT
0 STEP
1 86 190.0 -456 1460.0 0 0 1 0 1 0 -1 0 0 3004.DAT
0 STEP
1 86 190.0 -504 1480.0 0 0 1 0 1 0 -1 0 0 3010.DAT
0 STEP
1 86 220.0 -720 1450.0 -1 0 0 0 1 0 0 0 -1 3010.DAT
0 STEP
1 86 190.0 -432 1490.0 0 0 1 0 1 0 -1 0 0 3622.DAT
0 STEP
1 86 210.0 -528 1480.0 -1 0 0 0 1 0 0 0 -1 3002.DAT
0 STEP
1 86 210.0 -648 1480.0 -1 0 0 0 1 0 0 0 -1 3002.DAT
0 STEP
1 86 190.0 -672 1470.0 0 0 1 0 1 0 -1 0 0 3005.DAT
0 STEP
1 86 220.0 -408 1500.0 -1 0 0 0 1 0 0 0 -1 3001.DAT
0 STEP
1 86 190.0 -456 1510.0 0 0 1 0 1 0 -1 0 0 3622.DAT
0 STEP
1 86 200.0 -480 1490.0 -1 0 0 0 1 0 0 0 -1 3004.DAT
0 STEP
1 86 190.0 -552 1510.0 0 0 1 0 1 0 -1 0 0 3622.DAT
0 STEP
1 86 210.0 -600 1490.0 -1 0 0 0 1 0 0 0 -1 3622.DAT
0 STEP
1 86 190.0 -480 1510.0 0 0 1 0 1 0 -1 0 0 3005.DAT
0 STEP
1 86 210.0 -528 1520.0 -1 0 0 0 1 0 0 0 -1 3002.DAT
0 STEP
1 86 210.0 -576 1520.0 -1 0 0 0 1 0 0 0 -1 3002.DAT
0 STEP
1 86 190.0 -600 1510.0 0 0 1 0 1 0 -1 0 0 3005.DAT
0 STEP
1 86 210.0 -1032 650.0 0 0 1 0 1 0 -1 0 0 3622.DAT
0 STEP
1 86 240.0 -1056 630.0 -1 0 0 0 1 0 0 0 -1 3010.DAT
0 STEP
1 86 210.0 -960 660.0 0 0 1 0 1 0 -1 0 0 3004.DAT
0 STEP
1 86 220.0 -984 660.0 0 0 1 0 1 0 -1 0 0 3003.DAT
0 STEP
1 86 210.0 -1008 670.0 0 0 1 0 1 0 -1 0 0 3622.DAT
0 STEP
1 86 220.0 -1056 650.0 -1 0 0 0 1 0 0 0 -1 3004.DAT
0 STEP
1 86 210.0 -1080 670.0 0 0 1 0 1 0 -1 0 0 3622.DAT
0 STEP
1 86 230.0 -1104 650.0 -1 0 0 0 1 0 0 0 -1 3622.DAT
0 STEP
1 86 210.0 -1128 650.0 0 0 1 0 1 0 -1 0 0 3005.DAT
0 STEP
1 86 210.0 -888 700.0 0 0 1 0 1 0 -1 0 0 3010.DAT
0 STEP
1 86 240.0 -912 670.0 -1 0 0 0 1 0 0 0 -1 3010.DAT
0 STEP
1 86 210.0 -936 690.0 0 0 1 0 1 0 -1 0 0 3622.DAT
0 STEP
1 86 210.0 -1056 670.0 0 0 1 0 1 0 -1 0 0 3005.DAT
0 STEP
1 86 220.0 -1104 670.0 -1 0 0 0 1 0 0 0 -1 3004.DAT
0 STEP
1 86 210.0 -1152 690.0 0 0 1 0 1 0 -1 0 0 3622.DAT
0 STEP
1 86 230.0 -864 690.0 -1 0 0 0 1 0 0 0 -1 3622.DAT
0 STEP
1 86 210.0 -984 690.0 0 0 1 0 1 0 -1 0 0 3005.DAT
0 STEP
1 86 210.0 -1104 690.0 0 0 1 0 1 0 -1 0 0 3005.DAT
0 STEP
1 86 210.0 -1176 710.0 0 0 1 0 1 0 -1 0 0 3622.DAT
0 STEP
1 86 210.0 -840 740.0 0 0 1 0 1 0 -1 0 0 3010.DAT
0 STEP
1 86 260.0 -792 730.0 -1 0 0 0 1 0 0 0 -1 3009.DAT
0 STEP
1 86 210.0 -816 740.0 0 0 1 0 1 0 -1 0 0 3004.DAT
0 STEP
1 86 210.0 -1248 750.0 0 0 1 0 1 0 -1 0 0 3622.DAT
0 STEP
1 86 210.0 -768 780.0 0 0 1 0 1 0 -1 0 0 3010.DAT
0 STEP
1 86 230.0 -1272 750.0 -1 0 0 0 1 0 0 0 -1 3622.DAT
0 STEP
1 86 210.0 -48 820.0 0 0 1 0 1 0 -1 0 0 3009.DAT
0 STEP
1 86 210.0 -120 770.0 0 0 1 0 1 0 -1 0 0 3005.DAT
0 STEP
1 86 210.0 -744 770.0 0 0 1 0 1 0 -1 0 0 3005.DAT
0 STEP
1 86 220.0 -792 770.0 -1 0 0 0 1 0 0 0 -1 3004.DAT
0 STEP
1 86 230.0 -1296 780.0 -1 0 0 0 1 0 0 0 -1 3002.DAT
0 STEP
1 86 240.0 -96 790.0 -1 0 0 0 1 0 0 0 -1 3010.DAT
0 STEP
1 86 210.0 -120 840.0 0 0 1 0 1 0 -1 0 0 3009.DAT
0 STEP
1 86 210.0 -720 820.0 0 0 1 0 1 0 -1 0 0 3010.DAT
0 STEP
1 86 210.0 -792 790.0 0 0 1 0 1 0 -1 0 0 3005.DAT
0 STEP
1 86 210.0 -96 810.0 0 0 1 0 1 0 -1 0 0 3005.DAT
0 STEP
1 86 230.0 -144 810.0 -1 0 0 0 1 0 0 0 -1 3622.DAT
0 STEP
1 86 240.0 -696 810.0 -1 0 0 0 1 0 0 0 -1 3010.DAT
0 STEP
1 86 220.0 -1296 810.0 -1 0 0 0 1 0 0 0 -1 3004.DAT
0 STEP
1 86 210.0 -1320 810.0 0 0 1 0 1 0 -1 0 0 3005.DAT
0 STEP
1 86 240.0 -96 830.0 -1 0 0 0 1 0 0 0 -1 3010.DAT
0 STEP
1 86 230.0 -144 840.0 -1 0 0 0 1 0 0 0 -1 3002.DAT
0 STEP
1 86 240.0 -672 830.0 -1 0 0 0 1 0 0 0 -1 3010.DAT
0 STEP
1 86 220.0 -1296 860.0 0 0 1 0 1 0 -1 0 0 3001.DAT
0 STEP
1 86 210.0 -96 850.0 0 0 1 0 1 0 -1 0 0 3005.DAT
0 STEP
1 86 210.0 -648 880.0 0 0 1 0 1 0 -1 0 0 3010.DAT
0 STEP
1 86 230.0 -672 850.0 -1 0 0 0 1 0 0 0 -1 3622.DAT
0 STEP
1 86 210.0 -1344 860.0 0 0 1 0 1 0 -1 0 0 3004.DAT
0 STEP
1 86 220.0 -72 870.0 -1 0 0 0 1 0 0 0 -1 3004.DAT
0 STEP
1 86 240.0 -96 870.0 -1 0 0 0 1 0 0 0 -1 3010.DAT
0 STEP
1 86 240.0 -144 870.0 -1 0 0 0 1 0 0 0 -1 3010.DAT
0 STEP
1 86 220.0 -624 870.0 -1 0 0 0 1 0 0 0 -1 3004.DAT
0 STEP
1 86 210.0 -672 880.0 0 0 1 0 1 0 -1 0 0 3004.DAT
0 STEP
1 86 210.0 -1320 900.0 0 0 1 0 1 0 -1 0 0 3010.DAT
0 STEP
1 86 220.0 -48 890.0 -1 0 0 0 1 0 0 0 -1 3004.DAT
0 STEP
1 86 220.0 -72 920.0 0 0 1 0 1 0 -1 0 0 3001.DAT
0 STEP
1 86 240.0 -144 900.0 -1 0 0 0 1 0 0 0 -1 3001.DAT
0 STEP
1 86 210.0 -600 900.0 0 0 1 0 1 0 -1 0 0 3004.DAT
0 STEP
1 86 210.0 -1272 920.0 0 0 1 0 1 0 -1 0 0 3010.DAT
0 STEP
1 86 210.0 -120 940.0 0 0 1 0 1 0 -1 0 0 3010.DAT
0 STEP
1 86 210.0 -96 930.0 0 0 1 0 1 0 -1 0 0 3005.DAT
0 STEP
1 86 240.0 -144 930.0 -1 0 0 0 1 0 0 0 -1 3010.DAT
0 STEP
1 86 210.0 -576 950.0 0 0 1 0 1 0 -1 0 0 3622.DAT
0 STEP
1 86 210.0 -96 980.0 0 0 1 0 1 0 -1 0 0 3010.DAT
0 STEP
1 86 230.0 -1320 950.0 -1 0 0 0 1 0 0 0 -1 3622.DAT
0 STEP
1 86 230.0 -72 970.0 -1 0 0 0 1 0 0 0 -1 3622.DAT
0 STEP
1 86 210.0 -552 990.0 0 0 1 0 1 0 -1 0 0 3622.DAT
0 STEP
1 86 210.0 -1296 1000.0 0 0 1 0 1 0 -1 0 0 3010.DAT
0 STEP
1 86 210.0 -1320 970.0 0 0 1 0 1 0 -1 0 0 3005.DAT
0 STEP
1 86 210.0 -120 990.0 0 0 1 0 1 0 -1 0 0 3005.DAT
0 STEP
1 86 220.0 -528 1020.0 0 0 1 0 1 0 -1 0 0 3001.DAT
0 STEP
1 86 210.0 -600 990.0 0 0 1 0 1 0 -1 0 0 3005.DAT
0 STEP
1 86 210.0 -1248 1020.0 0 0 1 0 1 0 -1 0 0 3010.DAT
0 STEP
1 86 230.0 -120 1010.0 -1 0 0 0 1 0 0 0 -1 3622.DAT
0 STEP
1 86 220.0 -552 1060.0 0 0 1 0 1 0 -1 0 0 3001.DAT
0 STEP
1 86 210.0 -576 1070.0 0 0 1 0 1 0 -1 0 0 3622.DAT
0 STEP
1 86 210.0 -1248 1070.0 0 0 1 0 1 0 -1 0 0 3005.DAT
0 STEP
1 86 240.0 -1272 1080.0 -1 0 0 0 1 0 0 0 -1 3001.DAT
0 STEP
1 86 210.0 -504 1130.0 0 0 1 0 1 0 -1 0 0 3622.DAT
0 STEP
1 86 210.0 -1272 1110.0 0 0 1 0 1 0 -1 0 0 3005.DAT
0 STEP
1 86 220.0 -1200 1150.0 -1 0 0 0 1 0 0 0 -1 3004.DAT
0 STEP
1 86 240.0 -1248 1150.0 -1 0 0 0 1 0 0 0 -1 3010.DAT
0 STEP
1 86 220.0 -528 1200.0 0 0 1 0 1 0 -1 0 0 3001.DAT
0 STEP
1 86 210.0 -1200 1190.0 0 0 1 0 1 0 -1 0 0 3622.DAT
0 STEP
1 86 230.0 -480 1200.0 -1 0 0 0 1 0 0 0 -1 3002.DAT
0 STEP
1 86 210.0 -504 1210.0 0 0 1 0 1 0 -1 0 0 3005.DAT
0 STEP
1 86 210.0 -504 1300.0 0 0 1 0 1 0 -1 0 0 3008.DAT
0 STEP
1 86 210.0 -1104 1270.0 0 0 1 0 1 0 -1 0 0 3622.DAT
0 STEP
1 86 210.0 -1080 1300.0 0 0 1 0 1 0 -1 0 0 3004.DAT
0 STEP
1 86 210.0 -960 1350.0 0 0 1 0 1 0 -1 0 0 3622.DAT
0 STEP
1 86 230.0 -1056 1330.0 -1 0 0 0 1 0 0 0 -1 3622.DAT
0 STEP
1 86 220.0 -936 1350.0 -1 0 0 0 1 0 0 0 -1 3004.DAT
0 STEP
1 86 220.0 -888 1390.0 0 0 1 0 1 0 -1 0 0 3002.DAT
0 STEP
1 86 240.0 -936 1380.0 -1 0 0 0 1 0 0 0 -1 3001.DAT
0 STEP
1 86 240.0 -984 1370.0 -1 0 0 0 1 0 0 0 -1 3010.DAT
0 STEP
1 86 210.0 -504 1410.0 0 0 1 0 1 0 -1 0 0 3622.DAT
0 STEP
1 86 210.0 -792 1390.0 0 0 1 0 1 0 -1 0 0 3005.DAT
0 STEP
1 86 210.0 -912 1390.0 0 0 1 0 1 0 -1 0 0 3005.DAT
0 STEP
1 86 280.0 -456 1410.0 -1 0 0 0 1 0 0 0 -1 3008.DAT
0 STEP
1 86 210.0 -720 1410.0 0 0 1 0 1 0 -1 0 0 3005.DAT
0 STEP
1 86 220.0 -792 1410.0 -1 0 0 0 1 0 0 0 -1 3004.DAT
0 STEP
1 86 260.0 -864 1410.0 -1 0 0 0 1 0 0 0 -1 3009.DAT
0 STEP
1 86 210.0 -552 1430.0 0 0 1 0 1 0 -1 0 0 3005.DAT
0 STEP
1 86 210.0 -648 1440.0 0 0 1 0 1 0 -1 0 0 3004.DAT
0 STEP
1 86 220.0 -720 1430.0 -1 0 0 0 1 0 0 0 -1 3004.DAT
0 STEP
1 86 210.0 -816 1430.0 0 0 1 0 1 0 -1 0 0 3005.DAT
0 STEP
1 86 230.0 -840 1430.0 -1 0 0 0 1 0 0 0 -1 3622.DAT
0 STEP
1 86 210.0 -432 1480.0 0 0 1 0 1 0 -1 0 0 3010.DAT
0 STEP
1 86 260.0 -456 1450.0 -1 0 0 0 1 0 0 0 -1 3009.DAT
0 STEP
1 86 220.0 -504 1450.0 -1 0 0 0 1 0 0 0 -1 3004.DAT
0 STEP
1 86 210.0 -552 1500.0 0 0 1 0 1 0 -1 0 0 3009.DAT
0 STEP
1 86 210.0 -624 1470.0 0 0 1 0 1 0 -1 0 0 3622.DAT
0 STEP
1 86 230.0 -768 1450.0 -1 0 0 0 1 0 0 0 -1 3622.DAT
0 STEP
1 86 280.0 -408 1470.0 -1 0 0 0 1 0 0 0 -1 3008.DAT
0 STEP
1 86 230.0 -456 1470.0 -1 0 0 0 1 0 0 0 -1 3622.DAT
0 STEP
1 86 210.0 -504 1500.0 0 0 1 0 1 0 -1 0 0 3010.DAT
0 STEP
1 86 210.0 -672 1490.0 0 0 1 0 1 0 -1 0 0 3622.DAT
0 STEP
1 86 210.0 -720 1470.0 0 0 1 0 1 0 -1 0 0 3005.DAT
0 STEP
1 86 210.0 -384 1510.0 0 0 1 0 1 0 -1 0 0 3622.DAT
0 STEP
1 86 210.0 -456 1520.0 0 0 1 0 1 0 -1 0 0 3010.DAT
0 STEP
1 86 210.0 -696 1490.0 0 0 1 0 1 0 -1 0 0 3005.DAT
0 STEP
1 86 220.0 -480 1530.0 0 0 1 0 1 0 -1 0 0 3002.DAT
0 STEP
1 86 210.0 -600 1520.0 0 0 1 0 1 0 -1 0 0 3004.DAT
0 STEP
1 86 230.0 -624 1520.0 -1 0 0 0 1 0 0 0 -1 3002.DAT
0 STEP
1 86 240.0 -648 1510.0 -1 0 0 0 1 0 0 0 -1 3010.DAT
0 STEP
1 86 210.0 -360 1560.0 0 0 1 0 1 0 -1 0 0 3010.DAT
0 STEP
1 86 210.0 -408 1560.0 0 0 1 0 1 0 -1 0 0 3010.DAT
0 STEP
1 86 210.0 -432 1530.0 0 0 1 0 1 0 -1 0 0 3005.DAT
0 STEP
1 86 210.0 -384 1580.0 0 0 1 0 1 0 -1 0 0 3010.DAT
0 STEP
1 86 230.0 -432 1560.0 -1 0 0 0 1 0 0 0 -1 3002.DAT
0 STEP
1 86 210.0 -504 1550.0 0 0 1 0 1 0 -1 0 0 3005.DAT
0 STEP
1 86 210.0 -528 1570.0 0 0 1 0 1 0 -1 0 0 3622.DAT
0 STEP
1 86 230.0 -576 1550.0 -1 0 0 0 1 0 0 0 -1 3622.DAT
0 STEP
1 86 220.0 -336 1600.0 0 0 1 0 1 0 -1 0 0 3001.DAT
0 STEP
1 86 220.0 -504 1590.0 0 0 1 0 1 0 -1 0 0 3002.DAT
0 STEP
1 86 230.0 -552 1570.0 -1 0 0 0 1 0 0 0 -1 3622.DAT
0 STEP
1 86 240.0 -432 1590.0 -1 0 0 0 1 0 0 0 -1 3010.DAT
0 STEP
1 86 210.0 -360 1610.0 0 0 1 0 1 0 -1 0 0 3005.DAT
0 STEP
1 86 240.0 -528 1610.0 -1 0 0 0 1 0 0 0 -1 3010.DAT
0 STEP
1 86 280.0 -1008 610.0 -1 0 0 0 1 0 0 0 -1 3009.DAT
0 STEP
1 86 230.0 -1032 610.0 0 0 1 0 1 0 -1 0 0 3005.DAT
0 STEP
1 86 260.0 -1056 610.0 -1 0 0 0 1 0 0 0 -1 3010.DAT
0 STEP
1 86 230.0 -1080 640.0 0 0 1 0 1 0 -1 0 0 3010.DAT
0 STEP
1 86 260.0 -1104 610.0 -1 0 0 0 1 0 0 0 -1 3010.DAT
0 STEP
1 86 230.0 -960 640.0 0 0 1 0 1 0 -1 0 0 3004.DAT
0 STEP
1 86 230.0 -984 630.0 0 0 1 0 1 0 -1 0 0 3005.DAT
0 STEP
1 86 230.0 -1008 650.0 0 0 1 0 1 0 -1 0 0 3622.DAT
0 STEP
1 86 250.0 -1032 630.0 -1 0 0 0 1 0 0 0 -1 3622.DAT
0 STEP
1 86 250.0 -1104 630.0 -1 0 0 0 1 0 0 0 -1 3622.DAT
0 STEP
1 86 230.0 -1128 650.0 0 0 1 0 1 0 -1 0 0 3622.DAT
0 STEP
1 86 260.0 -912 650.0 -1 0 0 0 1 0 0 0 -1 3010.DAT
0 STEP
1 86 230.0 -936 670.0 0 0 1 0 1 0 -1 0 0 3622.DAT
0 STEP
1 86 230.0 -1032 650.0 0 0 1 0 1 0 -1 0 0 3005.DAT
0 STEP
1 86 230.0 -1152 670.0 0 0 1 0 1 0 -1 0 0 3622.DAT
0 STEP
1 86 240.0 -864 670.0 -1 0 0 0 1 0 0 0 -1 3004.DAT
0 STEP
1 86 230.0 -888 690.0 0 0 1 0 1 0 -1 0 0 3622.DAT
0 STEP
1 86 240.0 -960 670.0 -1 0 0 0 1 0 0 0 -1 3004.DAT
0 STEP
1 86 250.0 -1176 670.0 -1 0 0 0 1 0 0 0 -1 3622.DAT
0 STEP
1 86 250.0 -840 700.0 -1 0 0 0 1 0 0 0 -1 3002.DAT
0 STEP
1 86 230.0 -1176 700.0 0 0 1 0 1 0 -1 0 0 3004.DAT
0 STEP
1 86 230.0 -1200 690.0 0 0 1 0 1 0 -1 0 0 3005.DAT
0 STEP
1 86 240.0 -792 710.0 -1 0 0 0 1 0 0 0 -1 3004.DAT
0 STEP
1 86 230.0 -816 730.0 0 0 1 0 1 0 -1 0 0 3622.DAT
0 STEP
1 86 250.0 -1224 710.0 -1 0 0 0 1 0 0 0 -1 3622.DAT
0 STEP
1 86 230.0 -1248 730.0 0 0 1 0 1 0 -1 0 0 3622.DAT
0 STEP
1 86 230.0 -768 750.0 0 0 1 0 1 0 -1 0 0 3622.DAT
0 STEP
1 86 230.0 -840 730.0 0 0 1 0 1 0 -1 0 0 3005.DAT
0 STEP
1 86 250.0 -1272 730.0 -1 0 0 0 1 0 0 0 -1 3622.DAT
0 STEP
1 86 240.0 -72 780.0 0 0 1 0 1 0 -1 0 0 3001.DAT
0 STEP
1 86 260.0 -96 750.0 -1 0 0 0 1 0 0 0 -1 3010.DAT
0 STEP
1 86 240.0 -120 840.0 0 0 1 0 1 0 -1 0 0 3006.DAT
0 STEP
1 86 230.0 -744 770.0 0 0 1 0 1 0 -1 0 0 3622.DAT
0 STEP
1 86 230.0 -1296 750.0 0 0 1 0 1 0 -1 0 0 3005.DAT
0 STEP
1 86 230.0 -48 770.0 0 0 1 0 1 0 -1 0 0 3005.DAT
0 STEP
1 86 260.0 -720 770.0 -1 0 0 0 1 0 0 0 -1 3010.DAT
0 STEP
1 86 230.0 -1320 770.0 0 0 1 0 1 0 -1 0 0 3005.DAT
0 STEP
1 86 230.0 -48 820.0 0 0 1 0 1 0 -1 0 0 3010.DAT
0 STEP
1 86 240.0 -144 790.0 -1 0 0 0 1 0 0 0 -1 3004.DAT
0 STEP
1 86 300.0 -696 790.0 -1 0 0 0 1 0 0 0 -1 3008.DAT
0 STEP
1 86 230.0 -720 800.0 0 0 1 0 1 0 -1 0 0 3004.DAT
0 STEP
1 86 240.0 -1320 800.0 0 0 1 0 1 0 -1 0 0 3003.DAT
0 STEP
1 86 230.0 -1344 790.0 0 0 1 0 1 0 -1 0 0 3005.DAT
0 STEP
1 86 260.0 -96 810.0 -1 0 0 0 1 0 0 0 -1 3010.DAT
0 STEP
1 86 230.0 -672 810.0 0 0 1 0 1 0 -1 0 0 3005.DAT
0 STEP
1 86 230.0 -1344 880.0 0 0 1 0 1 0 -1 0 0 3008.DAT
0 STEP
1 86 240.0 -72 830.0 -1 0 0 0 1 0 0 0 -1 3004.DAT
0 STEP
1 86 230.0 -648 860.0 0 0 1 0 1 0 -1 0 0 3010.DAT
0 STEP
1 86 250.0 -1368 830.0 -1 0 0 0 1 0 0 0 -1 3622.DAT
0 STEP
1 86 260.0 -96 850.0 -1 0 0 0 1 0 0 0 -1 3010.DAT
0 STEP
1 86 230.0 -624 850.0 0 0 1 0 1 0 -1 0 0 3005.DAT
0 STEP
1 86 240.0 -1368 860.0 0 0 1 0 1 0 -1 0 0 3003.DAT
0 STEP
1 86 240.0 -48 870.0 -1 0 0 0 1 0 0 0 -1 3004.DAT
0 STEP
1 86 260.0 -168 880.0 -1 0 0 0 1 0 0 0 -1 3001.DAT
0 STEP
1 86 230.0 -600 890.0 0 0 1 0 1 0 -1 0 0 3622.DAT
0 STEP
1 86 240.0 -1320 900.0 0 0 1 0 1 0 -1 0 0 3001.DAT
0 STEP
1 86 230.0 -168 930.0 0 0 1 0 1 0 -1 0 0 3622.DAT
0 STEP
1 86 230.0 -576 940.0 0 0 1 0 1 0 -1 0 0 3010.DAT
0 STEP
1 86 230.0 -1296 940.0 0 0 1 0 1 0 -1 0 0 3010.DAT
0 STEP
1 86 250.0 -96 940.0 -1 0 0 0 1 0 0 0 -1 3002.DAT
0 STEP
1 86 230.0 -552 930.0 0 0 1 0 1 0 -1 0 0 3005.DAT
0 STEP
1 86 230.0 -120 970.0 0 0 1 0 1 0 -1 0 0 3622.DAT
0 STEP
1 86 250.0 -144 950.0 -1 0 0 0 1 0 0 0 -1 3622.DAT
0 STEP
1 86 260.0 -552 950.0 -1 0 0 0 1 0 0 0 -1 3010.DAT
0 STEP
1 86 240.0 -96 990.0 0 0 1 0 1 0 -1 0 0 3002.DAT
0 STEP
1 86 240.0 -144 970.0 -1 0 0 0 1 0 0 0 -1 3004.DAT
0 STEP
1 86 240.0 -528 970.0 -1 0 0 0 1 0 0 0 -1 3004.DAT
0 STEP
1 86 240.0 -552 980.0 0 0 1 0 1 0 -1 0 0 3003.DAT
0 STEP
1 86 260.0 -1320 980.0 -1 0 0 0 1 0 0 0 -1 3001.DAT
0 STEP
1 86 230.0 -72 990.0 0 0 1 0 1 0 -1 0 0 3005.DAT
0 STEP
1 86 230.0 -144 990.0 0 0 1 0 1 0 -1 0 0 3005.DAT
0 STEP
1 86 250.0 -480 1000.0 -1 0 0 0 1 0 0 0 -1 3002.DAT
0 STEP
1 86 250.0 -504 1000.0 -1 0 0 0 1 0 0 0 -1 3002.DAT
0 STEP
1 86 240.0 -1296 990.0 -1 0 0 0 1 0 0 0 -1 3004.DAT
0 STEP
1 86 230.0 -552 1010.0 0 0 1 0 1 0 -1 0 0 3005.DAT
0 STEP
1 86 230.0 -1248 1040.0 0 0 1 0 1 0 -1 0 0 3010.DAT
0 STEP
1 86 230.0 -1296 1030.0 0 0 1 0 1 0 -1 0 0 3622.DAT
0 STEP
1 86 250.0 -504 1040.0 -1 0 0 0 1 0 0 0 -1 3002.DAT
0 STEP
1 86 260.0 -504 1070.0 -1 0 0 0 1 0 0 0 -1 3010.DAT
0 STEP
1 86 230.0 -1224 1120.0 0 0 1 0 1 0 -1 0 0 3009.DAT
0 STEP
1 86 230.0 -504 1120.0 0 0 1 0 1 0 -1 0 0 3010.DAT
0 STEP
1 86 230.0 -552 1120.0 0 0 1 0 1 0 -1 0 0 3004.DAT
0 STEP
1 86 260.0 -1272 1110.0 -1 0 0 0 1 0 0 0 -1 3010.DAT
0 STEP
1 86 260.0 -480 1160.0 -1 0 0 0 1 0 0 0 -1 3001.DAT
0 STEP
1 86 230.0 -1200 1200.0 0 0 1 0 1 0 -1 0 0 3010.DAT
0 STEP
1 86 260.0 -1248 1170.0 -1 0 0 0 1 0 0 0 -1 3010.DAT
0 STEP
1 86 240.0 -504 1220.0 0 0 1 0 1 0 -1 0 0 3001.DAT
0 STEP
1 86 250.0 -1224 1190.0 -1 0 0 0 1 0 0 0 -1 3622.DAT
0 STEP
1 86 230.0 -1224 1210.0 0 0 1 0 1 0 -1 0 0 3005.DAT
0 STEP
1 86 250.0 -1152 1240.0 -1 0 0 0 1 0 0 0 -1 3002.DAT
0 STEP
1 86 240.0 -456 1270.0 0 0 1 0 1 0 -1 0 0 3002.DAT
0 STEP
1 86 240.0 -1176 1250.0 -1 0 0 0 1 0 0 0 -1 3004.DAT
0 STEP
1 86 240.0 -504 1270.0 -1 0 0 0 1 0 0 0 -1 3004.DAT
0 STEP
1 86 230.0 -1080 1280.0 0 0 1 0 1 0 -1 0 0 3004.DAT
0 STEP
1 86 250.0 -1104 1280.0 -1 0 0 0 1 0 0 0 -1 3002.DAT
0 STEP
1 86 250.0 -1152 1270.0 -1 0 0 0 1 0 0 0 -1 3622.DAT
0 STEP
1 86 230.0 -504 1290.0 0 0 1 0 1 0 -1 0 0 3005.DAT
0 STEP
1 86 240.0 -1128 1290.0 -1 0 0 0 1 0 0 0 -1 3004.DAT
0 STEP
1 86 250.0 -456 1310.0 -1 0 0 0 1 0 0 0 -1 3622.DAT
0 STEP
1 86 230.0 -504 1360.0 0 0 1 0 1 0 -1 0 0 3009.DAT
0 STEP
1 86 240.0 -1032 1330.0 0 0 1 0 1 0 -1 0 0 3002.DAT
0 STEP
1 86 260.0 -1080 1310.0 -1 0 0 0 1 0 0 0 -1 3010.DAT
0 STEP
1 86 250.0 -1104 1310.0 -1 0 0 0 1 0 0 0 -1 3622.DAT
0 STEP
1 86 260.0 -456 1340.0 -1 0 0 0 1 0 0 0 -1 3001.DAT
0 STEP
1 86 260.0 -960 1360.0 -1 0 0 0 1 0 0 0 -1 3001.DAT
0 STEP
1 86 250.0 -456 1380.0 -1 0 0 0 1 0 0 0 -1 3002.DAT
0 STEP
1 86 230.0 -912 1390.0 0 0 1 0 1 0 -1 0 0 3622.DAT
0 STEP
1 86 240.0 -864 1390.0 -1 0 0 0 1 0 0 0 -1 3004.DAT
0 STEP
1 86 230.0 -960 1390.0 0 0 1 0 1 0 -1 0 0 3005.DAT
0 STEP
1 86 230.0 -480 1410.0 0 0 1 0 1 0 -1 0 0 3005.DAT
0 STEP
1 86 240.0 -816 1430.0 0 0 1 0 1 0 -1 0 0 3002.DAT
0 STEP
1 86 230.0 -432 1480.0 0 0 1 0 1 0 -1 0 0 3009.DAT
0 STEP
1 86 230.0 -480 1460.0 0 0 1 0 1 0 -1 0 0 3010.DAT
0 STEP
1 86 230.0 -744 1450.0 0 0 1 0 1 0 -1 0 0 3622.DAT
0 STEP
1 86 230.0 -792 1440.0 0 0 1 0 1 0 -1 0 0 3004.DAT
0 STEP
1 86 240.0 -864 1430.0 -1 0 0 0 1 0 0 0 -1 3004.DAT
0 STEP
1 86 230.0 -696 1470.0 0 0 1 0 1 0 -1 0 0 3622.DAT
0 STEP
1 86 230.0 -504 1490.0 0 0 1 0 1 0 -1 0 0 3622.DAT
0 STEP
1 86 230.0 -672 1470.0 0 0 1 0 1 0 -1 0 0 3005.DAT
0 STEP
1 86 260.0 -720 1480.0 -1 0 0 0 1 0 0 0 -1 3001.DAT
0 STEP
1 86 260.0 -768 1470.0 -1 0 0 0 1 0 0 0 -1 3010.DAT
0 STEP
1 86 230.0 -384 1520.0 0 0 1 0 1 0 -1 0 0 3010.DAT
0 STEP
1 86 230.0 -456 1490.0 0 0 1 0 1 0 -1 0 0 3005.DAT
0 STEP
1 86 230.0 -552 1520.0 0 0 1 0 1 0 -1 0 0 3010.DAT
0 STEP
1 86 230.0 -576 1490.0 0 0 1 0 1 0 -1 0 0 3005.DAT
0 STEP
1 86 230.0 -624 1490.0 0 0 1 0 1 0 -1 0 0 3005.DAT
0 STEP
1 86 250.0 -672 1490.0 -1 0 0 0 1 0 0 0 -1 3622.DAT
0 STEP
1 86 250.0 -360 1520.0 -1 0 0 0 1 0 0 0 -1 3002.DAT
0 STEP
1 86 230.0 -456 1540.0 0 0 1 0 1 0 -1 0 0 3010.DAT
0 STEP
1 86 230.0 -600 1510.0 0 0 1 0 1 0 -1 0 0 3005.DAT
0 STEP
1 86 230.0 -672 1510.0 0 0 1 0 1 0 -1 0 0 3005.DAT
0 STEP
1 86 240.0 -336 1540.0 0 0 1 0 1 0 -1 0 0 3003.DAT
0 STEP
1 86 240.0 -408 1560.0 0 0 1 0 1 0 -1 0 0 3001.DAT
0 STEP
1 86 240.0 -504 1540.0 0 0 1 0 1 0 -1 0 0 3003.DAT
0 STEP
1 86 240.0 -600 1550.0 0 0 1 0 1 0 -1 0 0 3002.DAT
0 STEP
1 86 230.0 -648 1530.0 0 0 1 0 1 0 -1 0 0 3005.DAT
0 STEP
1 86 240.0 -360 1580.0 0 0 1 0 1 0 -1 0 0 3001.DAT
0 STEP
1 86 240.0 -528 1570.0 0 0 1 0 1 0 -1 0 0 3002.DAT
0 STEP
1 86 240.0 -624 1550.0 -1 0 0 0 1 0 0 0 -1 3004.DAT
0 STEP
1 86 230.0 -312 1590.0 0 0 1 0 1 0 -1 0 0 3622.DAT
0 STEP
1 86 230.0 -384 1570.0 0 0 1 0 1 0 -1 0 0 3005.DAT
0 STEP
1 86 230.0 -480 1570.0 0 0 1 0 1 0 -1 0 0 3005.DAT
0 STEP
1 86 250.0 -576 1580.0 -1 0 0 0 1 0 0 0 -1 3002.DAT
0 STEP
1 86 230.0 -384 1620.0 0 0 1 0 1 0 -1 0 0 3010.DAT
0 STEP
1 86 250.0 -480 1600.0 -1 0 0 0 1 0 0 0 -1 3002.DAT
0 STEP
1 86 230.0 -552 1600.0 0 0 1 0 1 0 -1 0 0 3004.DAT
0 STEP
1 86 260.0 -288 1610.0 -1 0 0 0 1 0 0 0 -1 3010.DAT
0 STEP
1 86 250.0 -408 1620.0 -1 0 0 0 1 0 0 0 -1 3002.DAT
0 STEP
1 86 240.0 -312 1660.0 0 0 1 0 1 0 -1 0 0 3001.DAT
0 STEP
1 86 250.0 -360 1640.0 -1 0 0 0 1 0 0 0 -1 3002.DAT
0 STEP
1 86 240.0 -456 1650.0 0 0 1 0 1 0 -1 0 0 3002.DAT
0 STEP
1 86 250.0 -480 1630.0 -1 0 0 0 1 0 0 0 -1 3622.DAT
0 STEP
1 86 230.0 -504 1640.0 0 0 1 0 1 0 -1 0 0 3004.DAT
0 STEP
1 86 230.0 -528 1630.0 0 0 1 0 1 0 -1 0 0 3005.DAT
0 STEP
1 86 230.0 -336 1660.0 0 0 1 0 1 0 -1 0 0 3004.DAT
0 STEP
1 86 230.0 -480 1660.0 0 0 1 0 1 0 -1 0 0 3004.DAT
0 STEP
1 86 230.0 -360 1670.0 0 0 1 0 1 0 -1 0 0 3005.DAT
0 STEP
1 86 250.0 -336 1690.0 -1 0 0 0 1 0 0 0 -1 3622.DAT
0 STEP
1 86 260.0 -456 1690.0 -1 0 0 0 1 0 0 0 -1 3010.DAT
0 STEP
1 86 250.0 -24 520.0 0 0 1 0 1 0 -1 0 0 3004.DAT
0 STEP
1 86 250.0 0 550.0 0 0 1 0 1 0 -1 0 0 3622.DAT
0 STEP
1 86 260.0 -24 550.0 -1 0 0 0 1 0 0 0 -1 3004.DAT
0 STEP
1 86 260.0 -48 580.0 0 0 1 0 1 0 -1 0 0 3001.DAT
0 STEP
1 86 250.0 -24 600.0 0 0 1 0 1 0 -1 0 0 3010.DAT
0 STEP
1 86 260.0 -1032 600.0 0 0 1 0 1 0 -1 0 0 3003.DAT
0 STEP
1 86 280.0 -1056 590.0 -1 0 0 0 1 0 0 0 -1 3010.DAT
0 STEP
1 86 250.0 -1080 620.0 0 0 1 0 1 0 -1 0 0 3010.DAT
0 STEP
1 86 280.0 -1104 590.0 -1 0 0 0 1 0 0 0 -1 3010.DAT
0 STEP
1 86 250.0 -1128 620.0 0 0 1 0 1 0 -1 0 0 3010.DAT
0 STEP
1 86 260.0 -72 640.0 0 0 1 0 1 0 -1 0 0 3001.DAT
0 STEP
1 86 250.0 -984 630.0 0 0 1 0 1 0 -1 0 0 3622.DAT
0 STEP
1 86 260.0 -1152 610.0 -1 0 0 0 1 0 0 0 -1 3004.DAT
0 STEP
1 86 250.0 -1176 620.0 0 0 1 0 1 0 -1 0 0 3004.DAT
0 STEP
1 86 250.0 -48 700.0 0 0 1 0 1 0 -1 0 0 3008.DAT
0 STEP
1 86 260.0 -912 630.0 -1 0 0 0 1 0 0 0 -1 3004.DAT
0 STEP
1 86 250.0 -936 650.0 0 0 1 0 1 0 -1 0 0 3622.DAT
0 STEP
1 86 300.0 -960 630.0 -1 0 0 0 1 0 0 0 -1 3009.DAT
0 STEP
1 86 270.0 -1008 630.0 -1 0 0 0 1 0 0 0 -1 3622.DAT
0 STEP
1 86 250.0 -1152 650.0 0 0 1 0 1 0 -1 0 0 3622.DAT
0 STEP
1 86 260.0 -1200 660.0 0 0 1 0 1 0 -1 0 0 3001.DAT
0 STEP
1 86 250.0 -24 650.0 0 0 1 0 1 0 -1 0 0 3005.DAT
0 STEP
1 86 250.0 -864 650.0 0 0 1 0 1 0 -1 0 0 3005.DAT
0 STEP
1 86 250.0 -888 650.0 0 0 1 0 1 0 -1 0 0 3005.DAT
0 STEP
1 86 260.0 -960 650.0 -1 0 0 0 1 0 0 0 -1 3004.DAT
0 STEP
1 86 250.0 -1008 650.0 0 0 1 0 1 0 -1 0 0 3005.DAT
0 STEP
1 86 270.0 -1176 650.0 -1 0 0 0 1 0 0 0 -1 3622.DAT
0 STEP
1 86 270.0 -1224 650.0 -1 0 0 0 1 0 0 0 -1 3622.DAT
0 STEP
1 86 260.0 -24 670.0 -1 0 0 0 1 0 0 0 -1 3004.DAT
0 STEP
1 86 260.0 -840 670.0 -1 0 0 0 1 0 0 0 -1 3004.DAT
0 STEP
1 86 280.0 -888 670.0 -1 0 0 0 1 0 0 0 -1 3010.DAT
0 STEP
1 86 270.0 -1224 680.0 -1 0 0 0 1 0 0 0 -1 3002.DAT
0 STEP
1 86 250.0 -24 700.0 0 0 1 0 1 0 -1 0 0 3004.DAT
0 STEP
1 86 270.0 -72 700.0 -1 0 0 0 1 0 0 0 -1 3002.DAT
0 STEP
1 86 250.0 -816 710.0 0 0 1 0 1 0 -1 0 0 3622.DAT
0 STEP
1 86 250.0 -888 690.0 0 0 1 0 1 0 -1 0 0 3005.DAT
0 STEP
1 86 250.0 -1176 690.0 0 0 1 0 1 0 -1 0 0 3005.DAT
0 STEP
1 86 250.0 -1248 710.0 0 0 1 0 1 0 -1 0 0 3622.DAT
0 STEP
1 86 260.0 -1272 690.0 -1 0 0 0 1 0 0 0 -1 3004.DAT
0 STEP
1 86 260.0 -96 720.0 0 0 1 0 1 0 -1 0 0 3003.DAT
0 STEP
1 86 260.0 -768 730.0 0 0 1 0 1 0 -1 0 0 3002.DAT
0 STEP
1 86 270.0 -1272 710.0 -1 0 0 0 1 0 0 0 -1 3622.DAT
0 STEP
1 86 260.0 -1296 730.0 0 0 1 0 1 0 -1 0 0 3002.DAT
0 STEP
1 86 270.0 -72 730.0 -1 0 0 0 1 0 0 0 -1 3622.DAT
0 STEP
1 86 260.0 -744 750.0 0 0 1 0 1 0 -1 0 0 3002.DAT
0 STEP
1 86 250.0 -1320 750.0 0 0 1 0 1 0 -1 0 0 3622.DAT
0 STEP
1 86 260.0 -1344 750.0 0 0 1 0 1 0 -1 0 0 3002.DAT
0 STEP
1 86 260.0 -720 750.0 -1 0 0 0 1 0 0 0 -1 3004.DAT
0 STEP
1 86 270.0 -1368 760.0 -1 0 0 0 1 0 0 0 -1 3002.DAT
0 STEP
1 86 250.0 -696 770.0 0 0 1 0 1 0 -1 0 0 3005.DAT
0 STEP
1 86 250.0 -1392 800.0 0 0 1 0 1 0 -1 0 0 3010.DAT
0 STEP
1 86 250.0 -48 810.0 0 0 1 0 1 0 -1 0 0 3622.DAT
0 STEP
1 86 250.0 -672 800.0 0 0 1 0 1 0 -1 0 0 3004.DAT
0 STEP
1 86 260.0 -720 790.0 -1 0 0 0 1 0 0 0 -1 3004.DAT
0 STEP
1 86 250.0 -1344 820.0 0 0 1 0 1 0 -1 0 0 3010.DAT
0 STEP
1 86 270.0 -1368 800.0 -1 0 0 0 1 0 0 0 -1 3002.DAT
0 STEP
1 86 260.0 -648 830.0 0 0 1 0 1 0 -1 0 0 3002.DAT
0 STEP
1 86 260.0 -624 860.0 0 0 1 0 1 0 -1 0 0 3001.DAT
0 STEP
1 86 270.0 -1416 830.0 -1 0 0 0 1 0 0 0 -1 3622.DAT
0 STEP
1 86 260.0 -48 850.0 -1 0 0 0 1 0 0 0 -1 3004.DAT
0 STEP
1 86 250.0 -72 850.0 0 0 1 0 1 0 -1 0 0 3005.DAT
0 STEP
1 86 260.0 -168 850.0 -1 0 0 0 1 0 0 0 -1 3004.DAT
0 STEP
1 86 270.0 -1392 860.0 -1 0 0 0 1 0 0 0 -1 3002.DAT
0 STEP
1 86 250.0 -1416 850.0 0 0 1 0 1 0 -1 0 0 3005.DAT
0 STEP
1 86 270.0 -72 870.0 -1 0 0 0 1 0 0 0 -1 3622.DAT
0 STEP
1 86 260.0 -600 890.0 0 0 1 0 1 0 -1 0 0 3002.DAT
0 STEP
1 86 250.0 -648 870.0 0 0 1 0 1 0 -1 0 0 3005.DAT
0 STEP
1 86 250.0 -1344 870.0 0 0 1 0 1 0 -1 0 0 3005.DAT
0 STEP
1 86 250.0 -72 920.0 0 0 1 0 1 0 -1 0 0 3010.DAT
0 STEP
1 86 260.0 -192 900.0 0 0 1 0 1 0 -1 0 0 3003.DAT
0 STEP
1 86 250.0 -216 920.0 0 0 1 0 1 0 -1 0 0 3010.DAT
0 STEP
1 86 270.0 -576 890.0 -1 0 0 0 1 0 0 0 -1 3622.DAT
0 STEP
1 86 260.0 -1344 890.0 -1 0 0 0 1 0 0 0 -1 3004.DAT
0 STEP
1 86 250.0 -1368 920.0 0 0 1 0 1 0 -1 0 0 3010.DAT
0 STEP
1 86 250.0 -1392 890.0 0 0 1 0 1 0 -1 0 0 3005.DAT
0 STEP
1 86 270.0 -168 910.0 -1 0 0 0 1 0 0 0 -1 3622.DAT
0 STEP
1 86 270.0 -240 920.0 -1 0 0 0 1 0 0 0 -1 3002.DAT
0 STEP
1 86 250.0 -264 930.0 0 0 1 0 1 0 -1 0 0 3622.DAT
0 STEP
1 86 270.0 -552 920.0 -1 0 0 0 1 0 0 0 -1 3002.DAT
0 STEP
1 86 250.0 -576 930.0 0 0 1 0 1 0 -1 0 0 3622.DAT
0 STEP
1 86 260.0 -1344 940.0 0 0 1 0 1 0 -1 0 0 3001.DAT
0 STEP
1 86 250.0 -168 940.0 0 0 1 0 1 0 -1 0 0 3004.DAT
0 STEP
1 86 270.0 -192 930.0 -1 0 0 0 1 0 0 0 -1 3622.DAT
0 STEP
1 86 270.0 -288 930.0 -1 0 0 0 1 0 0 0 -1 3622.DAT
0 STEP
1 86 250.0 -312 950.0 0 0 1 0 1 0 -1 0 0 3622.DAT
0 STEP
1 86 270.0 -336 930.0 -1 0 0 0 1 0 0 0 -1 3622.DAT
0 STEP
1 86 250.0 -528 940.0 0 0 1 0 1 0 -1 0 0 3004.DAT
0 STEP
1 86 260.0 -120 960.0 0 0 1 0 1 0 -1 0 0 3003.DAT
0 STEP
1 86 260.0 -240 950.0 -1 0 0 0 1 0 0 0 -1 3004.DAT
0 STEP
1 86 270.0 -288 960.0 -1 0 0 0 1 0 0 0 -1 3002.DAT
0 STEP
1 86 270.0 -336 960.0 -1 0 0 0 1 0 0 0 -1 3002.DAT
0 STEP
1 86 250.0 -360 960.0 0 0 1 0 1 0 -1 0 0 3004.DAT
0 STEP
1 86 270.0 -384 960.0 -1 0 0 0 1 0 0 0 -1 3002.DAT
0 STEP
1 86 260.0 -408 980.0 0 0 1 0 1 0 -1 0 0 3001.DAT
0 STEP
1 86 270.0 -432 950.0 -1 0 0 0 1 0 0 0 -1 3622.DAT
0 STEP
1 86 250.0 -456 970.0 0 0 1 0 1 0 -1 0 0 3622.DAT
0 STEP
1 86 260.0 -480 960.0 0 0 1 0 1 0 -1 0 0 3003.DAT
0 STEP
1 86 260.0 -504 950.0 -1 0 0 0 1 0 0 0 -1 3004.DAT
0 STEP
1 86 280.0 -432 970.0 -1 0 0 0 1 0 0 0 -1 3010.DAT
0 STEP
1 86 280.0 -504 970.0 -1 0 0 0 1 0 0 0 -1 3010.DAT
0 STEP
1 86 250.0 -1296 970.0 0 0 1 0 1 0 -1 0 0 3005.DAT
0 STEP
1 86 250.0 -120 990.0 0 0 1 0 1 0 -1 0 0 3005.DAT
0 STEP
1 86 260.0 -360 990.0 -1 0 0 0 1 0 0 0 -1 3004.DAT
0 STEP
1 86 250.0 -384 990.0 0 0 1 0 1 0 -1 0 0 3005.DAT
0 STEP
1 86 250.0 -432 1000.0 0 0 1 0 1 0 -1 0 0 3004.DAT
0 STEP
1 86 250.0 -528 1020.0 0 0 1 0 1 0 -1 0 0 3010.DAT
0 STEP
1 86 250.0 -1344 990.0 0 0 1 0 1 0 -1 0 0 3005.DAT
0 STEP
1 86 300.0 -456 1020.0 -1 0 0 0 1 0 0 0 -1 2456.DAT
0 STEP
1 86 250.0 -1296 1010.0 0 0 1 0 1 0 -1 0 0 3005.DAT
0 STEP
1 86 270.0 -1320 1010.0 -1 0 0 0 1 0 0 0 -1 3622.DAT
0 STEP
1 86 250.0 -480 1060.0 0 0 1 0 1 0 -1 0 0 3010.DAT
0 STEP
1 86 250.0 -1248 1030.0 0 0 1 0 1 0 -1 0 0 3005.DAT
0 STEP
1 86 260.0 -1272 1040.0 0 0 1 0 1 0 -1 0 0 3003.DAT
0 STEP
1 86 250.0 -1296 1060.0 0 0 1 0 1 0 -1 0 0 3010.DAT
0 STEP
1 86 250.0 -1248 1080.0 0 0 1 0 1 0 -1 0 0 3010.DAT
0 STEP
1 86 260.0 -528 1100.0 0 0 1 0 1 0 -1 0 0 3001.DAT
0 STEP
1 86 260.0 -504 1090.0 -1 0 0 0 1 0 0 0 -1 3004.DAT
0 STEP
1 86 270.0 -480 1120.0 -1 0 0 0 1 0 0 0 -1 3002.DAT
0 STEP
1 86 250.0 -504 1140.0 0 0 1 0 1 0 -1 0 0 3010.DAT
0 STEP
1 86 250.0 -1224 1140.0 0 0 1 0 1 0 -1 0 0 3010.DAT
0 STEP
1 86 250.0 -1272 1130.0 0 0 1 0 1 0 -1 0 0 3005.DAT
0 STEP
1 86 250.0 -1200 1180.0 0 0 1 0 1 0 -1 0 0 3010.DAT
0 STEP
1 86 250.0 -528 1180.0 0 0 1 0 1 0 -1 0 0 3004.DAT
0 STEP
1 86 280.0 -1248 1190.0 -1 0 0 0 1 0 0 0 -1 3010.DAT
0 STEP
1 86 250.0 -456 1220.0 0 0 1 0 1 0 -1 0 0 3004.DAT
0 STEP
1 86 320.0 -1224 1210.0 -1 0 0 0 1 0 0 0 -1 3008.DAT
0 STEP
1 86 280.0 -1200 1230.0 -1 0 0 0 1 0 0 0 -1 3010.DAT
0 STEP
1 86 260.0 -480 1250.0 -1 0 0 0 1 0 0 0 -1 3004.DAT
0 STEP
1 86 250.0 -480 1270.0 0 0 1 0 1 0 -1 0 0 3005.DAT
0 STEP
1 86 250.0 -504 1340.0 0 0 1 0 1 0 -1 0 0 3009.DAT
0 STEP
1 86 280.0 -1080 1290.0 -1 0 0 0 1 0 0 0 -1 3010.DAT
0 STEP
1 86 250.0 -1008 1330.0 0 0 1 0 1 0 -1 0 0 3005.DAT
0 STEP
1 86 270.0 -1080 1330.0 -1 0 0 0 1 0 0 0 -1 3622.DAT
0 STEP
1 86 260.0 -912 1390.0 0 0 1 0 1 0 -1 0 0 3002.DAT
0 STEP
1 86 280.0 -1008 1370.0 -1 0 0 0 1 0 0 0 -1 3010.DAT
0 STEP
1 86 280.0 -888 1390.0 -1 0 0 0 1 0 0 0 -1 3010.DAT
0 STEP
1 86 280.0 -960 1390.0 -1 0 0 0 1 0 0 0 -1 3010.DAT
0 STEP
1 86 250.0 -432 1440.0 0 0 1 0 1 0 -1 0 0 3010.DAT
0 STEP
1 86 250.0 -480 1430.0 0 0 1 0 1 0 -1 0 0 3622.DAT
0 STEP
1 86 250.0 -840 1410.0 0 0 1 0 1 0 -1 0 0 3005.DAT
0 STEP
1 86 300.0 -888 1420.0 -1 0 0 0 1 0 0 0 -1 2456.DAT
0 STEP
1 86 280.0 -936 1410.0 -1 0 0 0 1 0 0 0 -1 3010.DAT
0 STEP
1 86 260.0 -792 1450.0 0 0 1 0 1 0 -1 0 0 3002.DAT
0 STEP
1 86 260.0 -744 1470.0 0 0 1 0 1 0 -1 0 0 3002.DAT
0 STEP
1 86 270.0 -840 1450.0 -1 0 0 0 1 0 0 0 -1 3622.DAT
0 STEP
1 86 250.0 -696 1490.0 0 0 1 0 1 0 -1 0 0 3622.DAT
0 STEP
1 86 270.0 -384 1490.0 -1 0 0 0 1 0 0 0 -1 3622.DAT
0 STEP
1 86 250.0 -432 1490.0 0 0 1 0 1 0 -1 0 0 3005.DAT
0 STEP
1 86 250.0 -384 1580.0 0 0 1 0 1 0 -1 0 0 3008.DAT
0 STEP
1 86 280.0 -672 1520.0 -1 0 0 0 1 0 0 0 -1 3001.DAT
0 STEP
1 86 250.0 -432 1530.0 0 0 1 0 1 0 -1 0 0 3005.DAT
0 STEP
1 86 250.0 -480 1550.0 0 0 1 0 1 0 -1 0 0 3622.DAT
0 STEP
1 86 280.0 -648 1540.0 -1 0 0 0 1 0 0 0 -1 3001.DAT
0 STEP
1 86 260.0 -312 1580.0 0 0 1 0 1 0 -1 0 0 3001.DAT
0 STEP
1 86 250.0 -456 1550.0 0 0 1 0 1 0 -1 0 0 3005.DAT
0 STEP
1 86 250.0 -552 1550.0 0 0 1 0 1 0 -1 0 0 3005.DAT
0 STEP
1 86 280.0 -336 1580.0 -1 0 0 0 1 0 0 0 -1 3001.DAT
0 STEP
1 86 260.0 -456 1570.0 -1 0 0 0 1 0 0 0 -1 3004.DAT
0 STEP
1 86 250.0 -504 1570.0 0 0 1 0 1 0 -1 0 0 3005.DAT
0 STEP
1 86 260.0 -624 1570.0 -1 0 0 0 1 0 0 0 -1 3004.DAT
0 STEP
1 86 270.0 -288 1590.0 -1 0 0 0 1 0 0 0 -1 3622.DAT
0 STEP
1 86 250.0 -456 1600.0 0 0 1 0 1 0 -1 0 0 3004.DAT
0 STEP
1 86 250.0 -504 1620.0 0 0 1 0 1 0 -1 0 0 3010.DAT
0 STEP
1 86 260.0 -552 1610.0 0 0 1 0 1 0 -1 0 0 3002.DAT
0 STEP
1 86 250.0 -600 1590.0 0 0 1 0 1 0 -1 0 0 3005.DAT
0 STEP
1 86 250.0 -336 1640.0 0 0 1 0 1 0 -1 0 0 3010.DAT
0 STEP
1 86 270.0 -432 1610.0 -1 0 0 0 1 0 0 0 -1 3622.DAT
0 STEP
1 86 260.0 -576 1610.0 -1 0 0 0 1 0 0 0 -1 3004.DAT
0 STEP
1 86 320.0 -288 1630.0 -1 0 0 0 1 0 0 0 -1 3008.DAT
0 STEP
1 86 260.0 -432 1660.0 0 0 1 0 1 0 -1 0 0 3001.DAT
0 STEP
1 86 280.0 -528 1630.0 -1 0 0 0 1 0 0 0 -1 3010.DAT
0 STEP
1 86 250.0 -264 1680.0 0 0 1 0 1 0 -1 0 0 3010.DAT
0 STEP
1 86 320.0 -288 1660.0 -1 0 0 0 1 0 0 0 -1 3007.DAT
0 STEP
1 86 270.0 -408 1650.0 -1 0 0 0 1 0 0 0 -1 3622.DAT
0 STEP
1 86 260.0 -480 1670.0 0 0 1 0 1 0 -1 0 0 3002.DAT
0 STEP
1 86 300.0 -528 1650.0 -1 0 0 0 1 0 0 0 -1 3009.DAT
0 STEP
1 86 260.0 -360 1690.0 0 0 1 0 1 0 -1 0 0 3002.DAT
0 STEP
1 86 270.0 -384 1670.0 -1 0 0 0 1 0 0 0 -1 3622.DAT
0 STEP
1 86 250.0 -504 1670.0 0 0 1 0 1 0 -1 0 0 3005.DAT
0 STEP
1 86 270.0 -288 1690.0 -1 0 0 0 1 0 0 0 -1 3622.DAT
0 STEP
1 86 250.0 -408 1700.0 0 0 1 0 1 0 -1 0 0 3004.DAT
0 STEP
1 86 280.0 -288 1720.0 -1 0 0 0 1 0 0 0 -1 3001.DAT
0 STEP
1 86 250.0 -312 1730.0 0 0 1 0 1 0 -1 0 0 3622.DAT
0 STEP
1 86 270.0 -336 1720.0 -1 0 0 0 1 0 0 0 -1 3002.DAT
0 STEP
1 86 250.0 -432 1730.0 0 0 1 0 1 0 -1 0 0 3622.DAT
0 STEP
1 86 270.0 -456 1720.0 -1 0 0 0 1 0 0 0 -1 3002.DAT
0 STEP
1 86 270.0 -408 1740.0 -1 0 0 0 1 0 0 0 -1 3002.DAT
0 STEP
1 86 270.0 -288 1760.0 -1 0 0 0 1 0 0 0 -1 3002.DAT
0 STEP
1 86 270.0 -24 570.0 0 0 1 0 1 0 -1 0 0 3005.DAT
0 STEP
1 86 270.0 -24 620.0 0 0 1 0 1 0 -1 0 0 3010.DAT
0 STEP
1 86 280.0 -984 610.0 0 0 1 0 1 0 -1 0 0 3002.DAT
0 STEP
1 86 300.0 -1008 590.0 -1 0 0 0 1 0 0 0 -1 3010.DAT
0 STEP
1 86 270.0 -1080 610.0 0 0 1 0 1 0 -1 0 0 3622.DAT
0 STEP
1 86 270.0 -1128 610.0 0 0 1 0 1 0 -1 0 0 3622.DAT
0 STEP
1 86 300.0 -1152 590.0 -1 0 0 0 1 0 0 0 -1 3010.DAT
0 STEP
1 86 280.0 -1176 610.0 0 0 1 0 1 0 -1 0 0 3002.DAT
0 STEP
1 86 270.0 -1200 600.0 0 0 1 0 1 0 -1 0 0 3004.DAT
0 STEP
1 86 270.0 -1416 600.0 0 0 1 0 1 0 -1 0 0 3004.DAT
0 STEP
1 86 270.0 -1440 610.0 0 0 1 0 1 0 -1 0 0 3622.DAT
0 STEP
1 86 270.0 -1464 590.0 0 0 1 0 1 0 -1 0 0 3005.DAT
0 STEP
1 86 290.0 -1488 600.0 -1 0 0 0 1 0 0 0 -1 3002.DAT
0 STEP
1 86 280.0 -1560 590.0 -1 0 0 0 1 0 0 0 -1 3004.DAT
0 STEP
1 86 280.0 -936 630.0 0 0 1 0 1 0 -1 0 0 3002.DAT
0 STEP
1 86 270.0 -960 610.0 0 0 1 0 1 0 -1 0 0 3005.DAT
0 STEP
1 86 290.0 -1224 620.0 -1 0 0 0 1 0 0 0 -1 3002.DAT
0 STEP
1 86 270.0 -1248 660.0 0 0 1 0 1 0 -1 0 0 3009.DAT
0 STEP
1 86 290.0 -1272 610.0 -1 0 0 0 1 0 0 0 -1 3622.DAT
0 STEP
1 86 270.0 -1296 640.0 0 0 1 0 1 0 -1 0 0 3010.DAT
0 STEP
1 86 270.0 -1392 630.0 0 0 1 0 1 0 -1 0 0 3622.DAT
0 STEP
1 86 270.0 -1464 640.0 0 0 1 0 1 0 -1 0 0 3010.DAT
0 STEP
1 86 280.0 -1512 660.0 0 0 1 0 1 0 -1 0 0 2456.DAT
0 STEP
1 86 290.0 -1536 620.0 -1 0 0 0 1 0 0 0 -1 3002.DAT
0 STEP
1 86 270.0 -1560 640.0 0 0 1 0 1 0 -1 0 0 3010.DAT
0 STEP
1 86 270.0 -1584 620.0 0 0 1 0 1 0 -1 0 0 3004.DAT
0 STEP
1 86 290.0 -1608 610.0 -1 0 0 0 1 0 0 0 -1 3622.DAT
0 STEP
1 86 270.0 -48 630.0 0 0 1 0 1 0 -1 0 0 3005.DAT
0 STEP
1 86 290.0 -888 640.0 -1 0 0 0 1 0 0 0 -1 3002.DAT
0 STEP
1 86 270.0 -1152 640.0 0 0 1 0 1 0 -1 0 0 3004.DAT
0 STEP
1 86 270.0 -1272 650.0 0 0 1 0 1 0 -1 0 0 3622.DAT
0 STEP
1 86 280.0 -1320 660.0 0 0 1 0 1 0 -1 0 0 3001.DAT
0 STEP
1 86 270.0 -1344 630.0 0 0 1 0 1 0 -1 0 0 3005.DAT
0 STEP
1 86 280.0 -1368 680.0 0 0 1 0 1 0 -1 0 0 2456.DAT
0 STEP
1 86 270.0 -1416 650.0 0 0 1 0 1 0 -1 0 0 3622.DAT
0 STEP
1 86 290.0 -1488 640.0 -1 0 0 0 1 0 0 0 -1 3002.DAT
0 STEP
1 86 270.0 -1608 640.0 0 0 1 0 1 0 -1 0 0 3004.DAT
0 STEP
1 86 270.0 -1632 630.0 0 0 1 0 1 0 -1 0 0 3005.DAT
0 STEP
1 86 270.0 -48 720.0 0 0 1 0 1 0 -1 0 0 3008.DAT
0 STEP
1 86 270.0 -864 670.0 0 0 1 0 1 0 -1 0 0 3622.DAT
0 STEP
1 86 290.0 -1344 650.0 -1 0 0 0 1 0 0 0 -1 3622.DAT
0 STEP
1 86 290.0 -1440 650.0 -1 0 0 0 1 0 0 0 -1 3622.DAT
0 STEP
1 86 290.0 -1536 650.0 -1 0 0 0 1 0 0 0 -1 3622.DAT
0 STEP
1 86 290.0 -1584 660.0 -1 0 0 0 1 0 0 0 -1 3002.DAT
0 STEP
1 86 290.0 -1632 660.0 -1 0 0 0 1 0 0 0 -1 3002.DAT
0 STEP
1 86 270.0 -1656 650.0 0 0 1 0 1 0 -1 0 0 3005.DAT
0 STEP
1 86 270.0 -96 680.0 0 0 1 0 1 0 -1 0 0 3004.DAT
0 STEP
1 86 300.0 -816 670.0 -1 0 0 0 1 0 0 0 -1 3010.DAT
0 STEP
1 86 270.0 -1344 690.0 0 0 1 0 1 0 -1 0 0 3622.DAT
0 STEP
1 86 290.0 -1392 670.0 -1 0 0 0 1 0 0 0 -1 3622.DAT
0 STEP
1 86 270.0 -1440 700.0 0 0 1 0 1 0 -1 0 0 3010.DAT
0 STEP
1 86 290.0 -1488 680.0 -1 0 0 0 1 0 0 0 -1 3002.DAT
0 STEP
1 86 270.0 -1536 740.0 0 0 1 0 1 0 -1 0 0 3008.DAT
0 STEP
1 86 270.0 -1608 740.0 0 0 1 0 1 0 -1 0 0 3008.DAT
0 STEP
1 86 280.0 -1656 720.0 0 0 1 0 1 0 -1 0 0 2456.DAT
0 STEP
1 86 290.0 -1680 670.0 -1 0 0 0 1 0 0 0 -1 3622.DAT
0 STEP
1 86 270.0 -24 710.0 0 0 1 0 1 0 -1 0 0 3622.DAT
0 STEP
1 86 290.0 -792 700.0 -1 0 0 0 1 0 0 0 -1 3002.DAT
0 STEP
1 86 270.0 -816 690.0 0 0 1 0 1 0 -1 0 0 3005.DAT
0 STEP
1 86 290.0 -1296 690.0 -1 0 0 0 1 0 0 0 -1 3622.DAT
0 STEP
1 86 270.0 -1392 760.0 0 0 1 0 1 0 -1 0 0 3008.DAT
0 STEP
1 86 290.0 -1416 700.0 -1 0 0 0 1 0 0 0 -1 3002.DAT
0 STEP
1 86 270.0 -1464 690.0 0 0 1 0 1 0 -1 0 0 3005.DAT
0 STEP
1 86 270.0 -1560 690.0 0 0 1 0 1 0 -1 0 0 3005.DAT
0 STEP
1 86 290.0 -1584 700.0 -1 0 0 0 1 0 0 0 -1 3002.DAT
0 STEP
1 86 290.0 -1632 700.0 -1 0 0 0 1 0 0 0 -1 3002.DAT
0 STEP
1 86 290.0 -1680 700.0 -1 0 0 0 1 0 0 0 -1 3002.DAT
0 STEP
1 86 300.0 -816 710.0 -1 0 0 0 1 0 0 0 -1 3010.DAT
0 STEP
1 86 290.0 -1320 710.0 -1 0 0 0 1 0 0 0 -1 3622.DAT
0 STEP
1 86 290.0 -1464 710.0 -1 0 0 0 1 0 0 0 -1 3622.DAT
0 STEP
1 86 270.0 -1488 780.0 0 0 1 0 1 0 -1 0 0 3008.DAT
0 STEP
1 86 290.0 -1560 720.0 -1 0 0 0 1 0 0 0 -1 3002.DAT
0 STEP
1 86 280.0 -120 760.0 0 0 1 0 1 0 -1 0 0 3001.DAT
0 STEP
1 86 270.0 -1320 760.0 0 0 1 0 1 0 -1 0 0 3010.DAT
0 STEP
1 86 290.0 -1416 730.0 -1 0 0 0 1 0 0 0 -1 3622.DAT
0 STEP
1 86 270.0 -1464 760.0 0 0 1 0 1 0 -1 0 0 3010.DAT
0 STEP
1 86 290.0 -1512 740.0 -1 0 0 0 1 0 0 0 -1 3002.DAT
0 STEP
1 86 270.0 -1584 760.0 0 0 1 0 1 0 -1 0 0 3010.DAT
0 STEP
1 86 290.0 -1632 740.0 -1 0 0 0 1 0 0 0 -1 3002.DAT
0 STEP
1 86 290.0 -1680 740.0 -1 0 0 0 1 0 0 0 -1 3002.DAT
0 STEP
1 86 280.0 -72 800.0 0 0 1 0 1 0 -1 0 0 2456.DAT
0 STEP
1 86 320.0 -696 760.0 -1 0 0 0 1 0 0 0 -1 2456.DAT
0 STEP
1 86 280.0 -1416 770.0 0 0 1 0 1 0 -1 0 0 3002.DAT
0 STEP
1 86 290.0 -1440 750.0 -1 0 0 0 1 0 0 0 -1 3622.DAT
0 STEP
1 86 290.0 -1560 760.0 -1 0 0 0 1 0 0 0 -1 3002.DAT
0 STEP
1 86 270.0 -96 770.0 0 0 1 0 1 0 -1 0 0 3005.DAT
0 STEP
1 86 270.0 -672 790.0 0 0 1 0 1 0 -1 0 0 3622.DAT
0 STEP
1 86 280.0 -1440 770.0 -1 0 0 0 1 0 0 0 -1 3004.DAT
0 STEP
1 86 290.0 -1512 770.0 -1 0 0 0 1 0 0 0 -1 3622.DAT
0 STEP
1 86 290.0 -1632 780.0 -1 0 0 0 1 0 0 0 -1 3002.DAT
0 STEP
1 86 270.0 -144 820.0 0 0 1 0 1 0 -1 0 0 3010.DAT
0 STEP
1 86 270.0 -1344 810.0 0 0 1 0 1 0 -1 0 0 3622.DAT
0 STEP
1 86 270.0 -1440 820.0 0 0 1 0 1 0 -1 0 0 3010.DAT
0 STEP
1 86 290.0 -1512 800.0 -1 0 0 0 1 0 0 0 -1 3002.DAT
0 STEP
1 86 290.0 -1560 790.0 -1 0 0 0 1 0 0 0 -1 3622.DAT
0 STEP
1 86 270.0 -48 820.0 0 0 1 0 1 0 -1 0 0 3004.DAT
0 STEP
1 86 270.0 -120 810.0 0 0 1 0 1 0 -1 0 0 3005.DAT
0 STEP
1 86 290.0 -1416 810.0 -1 0 0 0 1 0 0 0 -1 3622.DAT
0 STEP
1 86 270.0 -1464 810.0 0 0 1 0 1 0 -1 0 0 3005.DAT
0 STEP
1 86 290.0 -1560 820.0 -1 0 0 0 1 0 0 0 -1 3002.DAT
0 STEP
1 86 270.0 -1584 810.0 0 0 1 0 1 0 -1 0 0 3005.DAT
0 STEP
1 86 270.0 -120 860.0 0 0 1 0 1 0 -1 0 0 3010.DAT
0 STEP
1 86 290.0 -1464 830.0 -1 0 0 0 1 0 0 0 -1 3622.DAT
0 STEP
1 86 290.0 -1512 840.0 -1 0 0 0 1 0 0 0 -1 3002.DAT
0 STEP
1 86 270.0 -1536 830.0 0 0 1 0 1 0 -1 0 0 3005.DAT
0 STEP
1 86 270.0 -600 850.0 0 0 1 0 1 0 -1 0 0 3005.DAT
0 STEP
1 86 270.0 -1368 870.0 0 0 1 0 1 0 -1 0 0 3622.DAT
0 STEP
1 86 270.0 -1416 880.0 0 0 1 0 1 0 -1 0 0 3010.DAT
0 STEP
1 86 280.0 -1464 870.0 0 0 1 0 1 0 -1 0 0 3002.DAT
0 STEP
1 86 270.0 -576 870.0 0 0 1 0 1 0 -1 0 0 3005.DAT
0 STEP
1 86 270.0 -1440 870.0 0 0 1 0 1 0 -1 0 0 3005.DAT
0 STEP
1 86 290.0 -1488 870.0 -1 0 0 0 1 0 0 0 -1 3622.DAT
0 STEP
1 86 270.0 -72 910.0 0 0 1 0 1 0 -1 0 0 3622.DAT
0 STEP
1 86 270.0 -216 910.0 0 0 1 0 1 0 -1 0 0 3622.DAT
0 STEP
1 86 280.0 -1392 920.0 0 0 1 0 1 0 -1 0 0 3001.DAT
0 STEP
1 86 290.0 -1440 900.0 -1 0 0 0 1 0 0 0 -1 3002.DAT
0 STEP
1 86 280.0 -120 920.0 0 0 1 0 1 0 -1 0 0 3003.DAT
0 STEP
1 86 280.0 -264 930.0 0 0 1 0 1 0 -1 0 0 3002.DAT
0 STEP
1 86 270.0 -288 910.0 0 0 1 0 1 0 -1 0 0 3005.DAT
0 STEP
1 86 280.0 -576 920.0 0 0 1 0 1 0 -1 0 0 3003.DAT
0 STEP
1 86 280.0 -1368 940.0 0 0 1 0 1 0 -1 0 0 3001.DAT
0 STEP
1 86 270.0 -168 930.0 0 0 1 0 1 0 -1 0 0 3005.DAT
0 STEP
1 86 270.0 -312 960.0 0 0 1 0 1 0 -1 0 0 3010.DAT
0 STEP
1 86 270.0 -360 950.0 0 0 1 0 1 0 -1 0 0 3622.DAT
0 STEP
1 86 280.0 -528 950.0 0 0 1 0 1 0 -1 0 0 3002.DAT
0 STEP
1 86 270.0 -1416 930.0 0 0 1 0 1 0 -1 0 0 3005.DAT
0 STEP
1 86 290.0 -456 950.0 -1 0 0 0 1 0 0 0 -1 3622.DAT
0 STEP
1 86 300.0 -456 980.0 -1 0 0 0 1 0 0 0 -1 3001.DAT
0 STEP
1 86 280.0 -336 990.0 -1 0 0 0 1 0 0 0 -1 3004.DAT
0 STEP
1 86 280.0 -384 1000.0 0 0 1 0 1 0 -1 0 0 3003.DAT
0 STEP
1 86 280.0 -432 1010.0 0 0 1 0 1 0 -1 0 0 3002.DAT
0 STEP
1 86 270.0 -1296 1010.0 0 0 1 0 1 0 -1 0 0 3622.DAT
0 STEP
1 86 270.0 -1344 1000.0 0 0 1 0 1 0 -1 0 0 3004.DAT
0 STEP
1 86 280.0 -480 1060.0 0 0 1 0 1 0 -1 0 0 3001.DAT
0 STEP
1 86 280.0 -1320 1030.0 -1 0 0 0 1 0 0 0 -1 3004.DAT
0 STEP
1 86 300.0 -456 1050.0 -1 0 0 0 1 0 0 0 -1 3010.DAT
0 STEP
1 86 270.0 -1296 1080.0 0 0 1 0 1 0 -1 0 0 3010.DAT
0 STEP
1 86 300.0 -1320 1050.0 -1 0 0 0 1 0 0 0 -1 3010.DAT
0 STEP
1 86 270.0 -1248 1100.0 0 0 1 0 1 0 -1 0 0 3010.DAT
0 STEP
1 86 270.0 -504 1120.0 0 0 1 0 1 0 -1 0 0 3004.DAT
0 STEP
1 86 270.0 -1224 1150.0 0 0 1 0 1 0 -1 0 0 3622.DAT
0 STEP
1 86 280.0 -1272 1140.0 0 0 1 0 1 0 -1 0 0 3003.DAT
0 STEP
1 86 300.0 -504 1150.0 -1 0 0 0 1 0 0 0 -1 3010.DAT
0 STEP
1 86 280.0 -504 1220.0 0 0 1 0 1 0 -1 0 0 2456.DAT
0 STEP
1 86 270.0 -528 1170.0 0 0 1 0 1 0 -1 0 0 3005.DAT
0 STEP
1 86 280.0 -1200 1190.0 0 0 1 0 1 0 -1 0 0 3002.DAT
0 STEP
1 86 270.0 -456 1190.0 0 0 1 0 1 0 -1 0 0 3005.DAT
0 STEP
1 86 280.0 -480 1190.0 -1 0 0 0 1 0 0 0 -1 3004.DAT
0 STEP
1 86 270.0 -456 1240.0 0 0 1 0 1 0 -1 0 0 3010.DAT
0 STEP
1 86 340.0 -480 1210.0 -1 0 0 0 1 0 0 0 -1 3008.DAT
0 STEP
1 86 280.0 -1176 1230.0 0 0 1 0 1 0 -1 0 0 3002.DAT
0 STEP
1 86 270.0 -480 1230.0 0 0 1 0 1 0 -1 0 0 3005.DAT
0 STEP
1 86 270.0 -1128 1250.0 0 0 1 0 1 0 -1 0 0 3005.DAT
0 STEP
1 86 270.0 -480 1300.0 0 0 1 0 1 0 -1 0 0 3010.DAT
0 STEP
1 86 300.0 -1128 1270.0 -1 0 0 0 1 0 0 0 -1 3010.DAT
0 STEP
1 86 300.0 -1176 1270.0 -1 0 0 0 1 0 0 0 -1 3010.DAT
0 STEP
1 86 270.0 -456 1290.0 0 0 1 0 1 0 -1 0 0 3005.DAT
0 STEP
1 86 270.0 -504 1290.0 0 0 1 0 1 0 -1 0 0 3005.DAT
0 STEP
1 86 300.0 -1128 1300.0 -1 0 0 0 1 0 0 0 -1 3001.DAT
0 STEP
1 86 270.0 -1152 1290.0 0 0 1 0 1 0 -1 0 0 3005.DAT
0 STEP
1 86 280.0 -432 1310.0 -1 0 0 0 1 0 0 0 -1 3004.DAT
0 STEP
1 86 280.0 -1056 1330.0 0 0 1 0 1 0 -1 0 0 3002.DAT
0 STEP
1 86 270.0 -432 1330.0 0 0 1 0 1 0 -1 0 0 3005.DAT
0 STEP
1 86 290.0 -1008 1340.0 -1 0 0 0 1 0 0 0 -1 3002.DAT
0 STEP
1 86 320.0 -1032 1330.0 -1 0 0 0 1 0 0 0 -1 3009.DAT
0 STEP
1 86 320.0 -432 1350.0 -1 0 0 0 1 0 0 0 -1 3009.DAT
0 STEP
1 86 290.0 -480 1350.0 -1 0 0 0 1 0 0 0 -1 3622.DAT
0 STEP
1 86 270.0 -984 1350.0 0 0 1 0 1 0 -1 0 0 3005.DAT
0 STEP
1 86 320.0 -1032 1360.0 -1 0 0 0 1 0 0 0 -1 2456.DAT
0 STEP
1 86 270.0 -432 1370.0 0 0 1 0 1 0 -1 0 0 3005.DAT
0 STEP
1 86 280.0 -480 1370.0 -1 0 0 0 1 0 0 0 -1 3004.DAT
0 STEP
1 86 270.0 -432 1440.0 0 0 1 0 1 0 -1 0 0 3009.DAT
0 STEP
1 86 270.0 -984 1390.0 0 0 1 0 1 0 -1 0 0 3005.DAT
0 STEP
1 86 270.0 -480 1420.0 0 0 1 0 1 0 -1 0 0 3004.DAT
0 STEP
1 86 280.0 -840 1420.0 0 0 1 0 1 0 -1 0 0 3003.DAT
0 STEP
1 86 320.0 -816 1440.0 -1 0 0 0 1 0 0 0 -1 2456.DAT
0 STEP
1 86 290.0 -864 1440.0 -1 0 0 0 1 0 0 0 -1 3002.DAT
0 STEP
1 86 340.0 -408 1450.0 -1 0 0 0 1 0 0 0 -1 3008.DAT
0 STEP
1 86 280.0 -768 1450.0 -1 0 0 0 1 0 0 0 -1 3004.DAT
0 STEP
1 86 280.0 -384 1470.0 -1 0 0 0 1 0 0 0 -1 3004.DAT
0 STEP
1 86 270.0 -696 1470.0 0 0 1 0 1 0 -1 0 0 3005.DAT
0 STEP
1 86 300.0 -816 1470.0 -1 0 0 0 1 0 0 0 -1 3010.DAT
0 STEP
1 86 270.0 -408 1490.0 0 0 1 0 1 0 -1 0 0 3005.DAT
0 STEP
1 86 290.0 -696 1490.0 -1 0 0 0 1 0 0 0 -1 3622.DAT
0 STEP
1 86 300.0 -768 1490.0 -1 0 0 0 1 0 0 0 -1 3010.DAT
0 STEP
1 86 270.0 -384 1510.0 0 0 1 0 1 0 -1 0 0 3005.DAT
0 STEP
1 86 290.0 -408 1510.0 -1 0 0 0 1 0 0 0 -1 3622.DAT
0 STEP
1 86 270.0 -696 1510.0 0 0 1 0 1 0 -1 0 0 3005.DAT
0 STEP
1 86 300.0 -720 1510.0 -1 0 0 0 1 0 0 0 -1 3010.DAT
0 STEP
1 86 290.0 -336 1540.0 -1 0 0 0 1 0 0 0 -1 3002.DAT
0 STEP
1 86 300.0 -384 1530.0 -1 0 0 0 1 0 0 0 -1 3010.DAT
0 STEP
1 86 270.0 -624 1540.0 0 0 1 0 1 0 -1 0 0 3004.DAT
0 STEP
1 86 290.0 -360 1560.0 -1 0 0 0 1 0 0 0 -1 3002.DAT
0 STEP
1 86 270.0 -600 1570.0 0 0 1 0 1 0 -1 0 0 3622.DAT
0 STEP
1 86 290.0 -672 1550.0 -1 0 0 0 1 0 0 0 -1 3622.DAT
0 STEP
1 86 270.0 -480 1570.0 0 0 1 0 1 0 -1 0 0 3005.DAT
0 STEP
1 86 290.0 -648 1570.0 -1 0 0 0 1 0 0 0 -1 3622.DAT
0 STEP
1 86 270.0 -456 1620.0 0 0 1 0 1 0 -1 0 0 3010.DAT
0 STEP
1 86 270.0 -336 1610.0 0 0 1 0 1 0 -1 0 0 3005.DAT
0 STEP
1 86 270.0 -264 1630.0 0 0 1 0 1 0 -1 0 0 3005.DAT
0 STEP
1 86 270.0 -312 1700.0 0 0 1 0 1 0 -1 0 0 3008.DAT
0 STEP
1 86 270.0 -384 1640.0 0 0 1 0 1 0 -1 0 0 3004.DAT
0 STEP
1 86 270.0 -504 1650.0 0 0 1 0 1 0 -1 0 0 3622.DAT
0 STEP
1 86 290.0 -576 1630.0 -1 0 0 0 1 0 0 0 -1 3622.DAT
0 STEP
1 86 300.0 -264 1650.0 -1 0 0 0 1 0 0 0 -1 3010.DAT
0 STEP
1 86 270.0 -336 1660.0 0 0 1 0 1 0 -1 0 0 3004.DAT
0 STEP
1 86 270.0 -264 1720.0 0 0 1 0 1 0 -1 0 0 3009.DAT
0 STEP
1 86 290.0 -408 1670.0 -1 0 0 0 1 0 0 0 -1 3622.DAT
0 STEP
1 86 270.0 -456 1670.0 0 0 1 0 1 0 -1 0 0 3005.DAT
0 STEP
1 86 290.0 -384 1690.0 -1 0 0 0 1 0 0 0 -1 3622.DAT
0 STEP
1 86 280.0 -408 1690.0 -1 0 0 0 1 0 0 0 -1 3004.DAT
0 STEP
1 86 290.0 -504 1690.0 -1 0 0 0 1 0 0 0 -1 3622.DAT
0 STEP
1 86 270.0 -240 1720.0 0 0 1 0 1 0 -1 0 0 3004.DAT
0 STEP
1 86 290.0 -408 1710.0 -1 0 0 0 1 0 0 0 -1 3622.DAT
0 STEP
1 86 270.0 -432 1740.0 0 0 1 0 1 0 -1 0 0 3010.DAT
0 STEP
1 86 270.0 -480 1710.0 0 0 1 0 1 0 -1 0 0 3005.DAT
0 STEP
1 86 270.0 -360 1730.0 0 0 1 0 1 0 -1 0 0 3005.DAT
0 STEP
1 86 270.0 -384 1740.0 0 0 1 0 1 0 -1 0 0 3004.DAT
0 STEP
1 86 300.0 -240 1760.0 -1 0 0 0 1 0 0 0 -1 3001.DAT
0 STEP
1 86 290.0 -336 1750.0 -1 0 0 0 1 0 0 0 -1 3622.DAT
0 STEP
1 86 280.0 -456 1750.0 -1 0 0 0 1 0 0 0 -1 3004.DAT
0 STEP
1 86 280.0 -384 1800.0 0 0 1 0 1 0 -1 0 0 3001.DAT
0 STEP
1 86 290.0 -408 1770.0 -1 0 0 0 1 0 0 0 -1 3622.DAT
0 STEP
1 86 280.0 -264 1800.0 0 0 1 0 1 0 -1 0 0 3003.DAT
0 STEP
1 86 290.0 -288 1790.0 -1 0 0 0 1 0 0 0 -1 3622.DAT
0 STEP
1 86 290.0 -408 1800.0 -1 0 0 0 1 0 0 0 -1 3002.DAT
0 STEP
1 86 290.0 -1512 520.0 0 0 1 0 1 0 -1 0 0 3008.DAT
0 STEP
1 86 290.0 -1464 500.0 0 0 1 0 1 0 -1 0 0 3010.DAT
0 STEP
1 86 310.0 -1488 470.0 -1 0 0 0 1 0 0 0 -1 3622.DAT
0 STEP
1 86 310.0 -1536 480.0 -1 0 0 0 1 0 0 0 -1 3002.DAT
0 STEP
1 86 310.0 -1416 500.0 -1 0 0 0 1 0 0 0 -1 3002.DAT
0 STEP
1 86 290.0 -1440 500.0 0 0 1 0 1 0 -1 0 0 3004.DAT
0 STEP
1 86 310.0 -1488 500.0 -1 0 0 0 1 0 0 0 -1 3002.DAT
0 STEP
1 86 290.0 -1560 490.0 0 0 1 0 1 0 -1 0 0 3005.DAT
0 STEP
1 86 290.0 -1392 530.0 0 0 1 0 1 0 -1 0 0 3622.DAT
0 STEP
1 86 310.0 -1536 520.0 -1 0 0 0 1 0 0 0 -1 3002.DAT
0 STEP
1 86 290.0 -1560 540.0 0 0 1 0 1 0 -1 0 0 3010.DAT
0 STEP
1 86 310.0 -1584 510.0 -1 0 0 0 1 0 0 0 -1 3622.DAT
0 STEP
1 86 300.0 -1608 540.0 0 0 1 0 1 0 -1 0 0 3001.DAT
0 STEP
1 86 290.0 -1368 560.0 0 0 1 0 1 0 -1 0 0 3010.DAT
0 STEP
1 86 300.0 -1416 600.0 0 0 1 0 1 0 -1 0 0 3007.DAT
0 STEP
1 86 310.0 -1440 540.0 -1 0 0 0 1 0 0 0 -1 3002.DAT
0 STEP
1 86 310.0 -1488 540.0 -1 0 0 0 1 0 0 0 -1 3002.DAT
0 STEP
1 86 310.0 -1584 540.0 -1 0 0 0 1 0 0 0 -1 3002.DAT
0 STEP
1 86 290.0 -1320 560.0 0 0 1 0 1 0 -1 0 0 3004.DAT
0 STEP
1 86 300.0 -1344 550.0 -1 0 0 0 1 0 0 0 -1 3004.DAT
0 STEP
1 86 290.0 -1464 620.0 0 0 1 0 1 0 -1 0 0 3008.DAT
0 STEP
1 86 310.0 -1536 560.0 -1 0 0 0 1 0 0 0 -1 3002.DAT
0 STEP
1 86 310.0 -1632 550.0 -1 0 0 0 1 0 0 0 -1 3622.DAT
0 STEP
1 86 300.0 -1032 590.0 0 0 1 0 1 0 -1 0 0 3002.DAT
0 STEP
1 86 290.0 -1056 570.0 0 0 1 0 1 0 -1 0 0 3005.DAT
0 STEP
1 86 290.0 -1080 590.0 0 0 1 0 1 0 -1 0 0 3622.DAT
0 STEP
1 86 340.0 -1104 570.0 -1 0 0 0 1 0 0 0 -1 3009.DAT
0 STEP
1 86 290.0 -1128 590.0 0 0 1 0 1 0 -1 0 0 3622.DAT
0 STEP
1 86 290.0 -1152 570.0 0 0 1 0 1 0 -1 0 0 3005.DAT
0 STEP
1 86 320.0 -1176 570.0 -1 0 0 0 1 0 0 0 -1 3010.DAT
0 STEP
1 86 290.0 -1200 620.0 0 0 1 0 1 0 -1 0 0 3009.DAT
0 STEP
1 86 310.0 -1224 580.0 -1 0 0 0 1 0 0 0 -1 3002.DAT
0 STEP
1 86 290.0 -1248 600.0 0 0 1 0 1 0 -1 0 0 3010.DAT
0 STEP
1 86 310.0 -1272 580.0 -1 0 0 0 1 0 0 0 -1 3002.DAT
0 STEP
1 86 290.0 -1296 600.0 0 0 1 0 1 0 -1 0 0 3010.DAT
0 STEP
1 86 300.0 -1344 600.0 0 0 1 0 1 0 -1 0 0 3001.DAT
0 STEP
1 86 310.0 -1392 570.0 -1 0 0 0 1 0 0 0 -1 3622.DAT
0 STEP
1 86 310.0 -1440 570.0 -1 0 0 0 1 0 0 0 -1 3622.DAT
0 STEP
1 86 310.0 -1488 570.0 -1 0 0 0 1 0 0 0 -1 3622.DAT
0 STEP
1 86 300.0 -1584 600.0 0 0 1 0 1 0 -1 0 0 3001.DAT
0 STEP
1 86 300.0 -1632 600.0 0 0 1 0 1 0 -1 0 0 3001.DAT
0 STEP
1 86 290.0 -1656 570.0 0 0 1 0 1 0 -1 0 0 3005.DAT
0 STEP
1 86 320.0 -960 590.0 -1 0 0 0 1 0 0 0 -1 3010.DAT
0 STEP
1 86 310.0 -1320 600.0 -1 0 0 0 1 0 0 0 -1 3002.DAT
0 STEP
1 86 300.0 -1392 620.0 0 0 1 0 1 0 -1 0 0 3001.DAT
0 STEP
1 86 300.0 -1440 610.0 0 0 1 0 1 0 -1 0 0 3002.DAT
0 STEP
1 86 310.0 -1536 590.0 -1 0 0 0 1 0 0 0 -1 3622.DAT
0 STEP
1 86 300.0 -1608 590.0 -1 0 0 0 1 0 0 0 -1 3004.DAT
0 STEP
1 86 290.0 -1656 620.0 0 0 1 0 1 0 -1 0 0 3010.DAT
0 STEP
1 86 310.0 -1680 600.0 -1 0 0 0 1 0 0 0 -1 3002.DAT
0 STEP
1 86 290.0 -912 620.0 0 0 1 0 1 0 -1 0 0 3004.DAT
0 STEP
1 86 360.0 -960 610.0 -1 0 0 0 1 0 0 0 -1 3008.DAT
0 STEP
1 86 290.0 -1152 620.0 0 0 1 0 1 0 -1 0 0 3004.DAT
0 STEP
1 86 310.0 -1368 610.0 -1 0 0 0 1 0 0 0 -1 3622.DAT
0 STEP
1 86 290.0 -1560 630.0 0 0 1 0 1 0 -1 0 0 3622.DAT
0 STEP
1 86 340.0 -864 640.0 -1 0 0 0 1 0 0 0 -1 2456.DAT
0 STEP
1 86 290.0 -1272 660.0 0 0 1 0 1 0 -1 0 0 3010.DAT
0 STEP
1 86 300.0 -1608 700.0 0 0 1 0 1 0 -1 0 0 3007.DAT
0 STEP
1 86 310.0 -1680 640.0 -1 0 0 0 1 0 0 0 -1 3002.DAT
0 STEP
1 86 300.0 -840 670.0 0 0 1 0 1 0 -1 0 0 3002.DAT
0 STEP
1 86 300.0 -1248 660.0 0 0 1 0 1 0 -1 0 0 3003.DAT
0 STEP
1 86 290.0 -1296 650.0 0 0 1 0 1 0 -1 0 0 3005.DAT
0 STEP
1 86 290.0 -1704 680.0 0 0 1 0 1 0 -1 0 0 3010.DAT
0 STEP
1 86 290.0 -864 670.0 0 0 1 0 1 0 -1 0 0 3005.DAT
0 STEP
1 86 300.0 -1296 670.0 -1 0 0 0 1 0 0 0 -1 3004.DAT
0 STEP
1 86 290.0 -1344 720.0 0 0 1 0 1 0 -1 0 0 3009.DAT
0 STEP
1 86 300.0 -1440 700.0 0 0 1 0 1 0 -1 0 0 3001.DAT
0 STEP
1 86 290.0 -1536 700.0 0 0 1 0 1 0 -1 0 0 3010.DAT
0 STEP
1 86 300.0 -1560 680.0 0 0 1 0 1 0 -1 0 0 3003.DAT
0 STEP
1 86 290.0 -96 710.0 0 0 1 0 1 0 -1 0 0 3622.DAT
0 STEP
1 86 300.0 -768 710.0 0 0 1 0 1 0 -1 0 0 3002.DAT
0 STEP
1 86 360.0 -816 690.0 -1 0 0 0 1 0 0 0 -1 3008.DAT
0 STEP
1 86 290.0 -1248 690.0 0 0 1 0 1 0 -1 0 0 3005.DAT
0 STEP
1 86 300.0 -1392 720.0 0 0 1 0 1 0 -1 0 0 3001.DAT
0 STEP
1 86 300.0 -1728 720.0 0 0 1 0 1 0 -1 0 0 3001.DAT
0 STEP
1 86 320.0 -744 720.0 -1 0 0 0 1 0 0 0 -1 3001.DAT
0 STEP
1 86 290.0 -1296 720.0 0 0 1 0 1 0 -1 0 0 3004.DAT
0 STEP
1 86 300.0 -1488 780.0 0 0 1 0 1 0 -1 0 0 3007.DAT
0 STEP
1 86 290.0 -720 740.0 0 0 1 0 1 0 -1 0 0 3004.DAT
0 STEP
1 86 290.0 -1320 740.0 0 0 1 0 1 0 -1 0 0 3004.DAT
0 STEP
1 86 290.0 -1464 730.0 0 0 1 0 1 0 -1 0 0 3005.DAT
0 STEP
1 86 290.0 -1584 800.0 0 0 1 0 1 0 -1 0 0 3008.DAT
0 STEP
1 86 290.0 -1704 730.0 0 0 1 0 1 0 -1 0 0 3005.DAT
0 STEP
1 86 290.0 -1752 740.0 0 0 1 0 1 0 -1 0 0 3004.DAT
0 STEP
1 86 320.0 -744 750.0 -1 0 0 0 1 0 0 0 -1 3010.DAT
0 STEP
1 86 290.0 -1464 780.0 0 0 1 0 1 0 -1 0 0 3010.DAT
0 STEP
1 86 290.0 -1536 750.0 0 0 1 0 1 0 -1 0 0 3005.DAT
0 STEP
1 86 290.0 -1704 780.0 0 0 1 0 1 0 -1 0 0 3010.DAT
0 STEP
1 86 290.0 -48 770.0 0 0 1 0 1 0 -1 0 0 3005.DAT
0 STEP
1 86 290.0 -96 780.0 0 0 1 0 1 0 -1 0 0 3004.DAT
0 STEP
1 86 310.0 -672 780.0 -1 0 0 0 1 0 0 0 -1 3002.DAT
0 STEP
1 86 290.0 -1392 800.0 0 0 1 0 1 0 -1 0 0 3010.DAT
0 STEP
1 86 290.0 -1536 820.0 0 0 1 0 1 0 -1 0 0 3009.DAT
0 STEP
1 86 310.0 -1680 780.0 -1 0 0 0 1 0 0 0 -1 3002.DAT
0 STEP
1 86 320.0 -1728 770.0 -1 0 0 0 1 0 0 0 -1 3010.DAT
0 STEP
1 86 290.0 -144 810.0 0 0 1 0 1 0 -1 0 0 3622.DAT
0 STEP
1 86 300.0 -648 820.0 0 0 1 0 1 0 -1 0 0 3001.DAT
0 STEP
1 86 290.0 -1440 790.0 0 0 1 0 1 0 -1 0 0 3005.DAT
0 STEP
1 86 300.0 -1608 810.0 0 0 1 0 1 0 -1 0 0 3002.DAT
0 STEP
1 86 300.0 -1656 820.0 0 0 1 0 1 0 -1 0 0 3001.DAT
0 STEP
1 86 290.0 -1728 790.0 0 0 1 0 1 0 -1 0 0 3005.DAT
0 STEP
1 86 290.0 -120 840.0 0 0 1 0 1 0 -1 0 0 3010.DAT
0 STEP
1 86 340.0 -624 820.0 -1 0 0 0 1 0 0 0 -1 2456.DAT
0 STEP
1 86 340.0 -672 810.0 -1 0 0 0 1 0 0 0 -1 3009.DAT
0 STEP
1 86 290.0 -1440 840.0 0 0 1 0 1 0 -1 0 0 3010.DAT
0 STEP
1 86 290.0 -1632 830.0 0 0 1 0 1 0 -1 0 0 3622.DAT
0 STEP
1 86 310.0 -1680 820.0 -1 0 0 0 1 0 0 0 -1 3002.DAT
0 STEP
1 86 290.0 -96 830.0 0 0 1 0 1 0 -1 0 0 3005.DAT
0 STEP
1 86 290.0 -672 830.0 0 0 1 0 1 0 -1 0 0 3005.DAT
0 STEP
1 86 290.0 -144 880.0 0 0 1 0 1 0 -1 0 0 3010.DAT
0 STEP
1 86 290.0 -600 880.0 0 0 1 0 1 0 -1 0 0 3010.DAT
0 STEP
1 86 310.0 -624 860.0 -1 0 0 0 1 0 0 0 -1 3002.DAT
0 STEP
1 86 290.0 -1416 850.0 0 0 1 0 1 0 -1 0 0 3005.DAT
0 STEP
1 86 310.0 -1560 850.0 -1 0 0 0 1 0 0 0 -1 3622.DAT
0 STEP
1 86 310.0 -1608 860.0 -1 0 0 0 1 0 0 0 -1 3002.DAT
0 STEP
1 86 290.0 -96 870.0 0 0 1 0 1 0 -1 0 0 3005.DAT
0 STEP
1 86 320.0 -576 870.0 -1 0 0 0 1 0 0 0 -1 3010.DAT
0 STEP
1 86 300.0 -1416 900.0 0 0 1 0 1 0 -1 0 0 3001.DAT
0 STEP
1 86 310.0 -1512 880.0 -1 0 0 0 1 0 0 0 -1 3002.DAT
0 STEP
1 86 310.0 -1560 880.0 -1 0 0 0 1 0 0 0 -1 3002.DAT
0 STEP
1 86 290.0 -120 890.0 0 0 1 0 1 0 -1 0 0 3005.DAT
0 STEP
1 86 320.0 -552 890.0 -1 0 0 0 1 0 0 0 -1 3010.DAT
0 STEP
1 86 290.0 -1368 890.0 0 0 1 0 1 0 -1 0 0 3005.DAT
0 STEP
1 86 310.0 -1488 900.0 -1 0 0 0 1 0 0 0 -1 3002.DAT
0 STEP
1 86 290.0 -1536 890.0 0 0 1 0 1 0 -1 0 0 3005.DAT
0 STEP
1 86 290.0 -192 910.0 0 0 1 0 1 0 -1 0 0 3005.DAT
0 STEP
1 86 290.0 -216 920.0 0 0 1 0 1 0 -1 0 0 3004.DAT
0 STEP
1 86 290.0 -1464 910.0 0 0 1 0 1 0 -1 0 0 3005.DAT
0 STEP
1 86 290.0 -144 930.0 0 0 1 0 1 0 -1 0 0 3005.DAT
0 STEP
1 86 290.0 -312 950.0 0 0 1 0 1 0 -1 0 0 3622.DAT
0 STEP
1 86 290.0 -504 940.0 0 0 1 0 1 0 -1 0 0 3004.DAT
0 STEP
1 86 320.0 -1440 930.0 -1 0 0 0 1 0 0 0 -1 3010.DAT
0 STEP
1 86 290.0 -360 970.0 0 0 1 0 1 0 -1 0 0 3622.DAT
0 STEP
1 86 290.0 -408 950.0 0 0 1 0 1 0 -1 0 0 3005.DAT
0 STEP
1 86 290.0 -480 970.0 0 0 1 0 1 0 -1 0 0 3622.DAT
0 STEP
1 86 290.0 -1344 950.0 0 0 1 0 1 0 -1 0 0 3005.DAT
0 STEP
1 86 300.0 -1416 950.0 -1 0 0 0 1 0 0 0 -1 3004.DAT
0 STEP
1 86 300.0 -408 970.0 -1 0 0 0 1 0 0 0 -1 3004.DAT
0 STEP
1 86 300.0 -1344 970.0 -1 0 0 0 1 0 0 0 -1 3004.DAT
0 STEP
1 86 310.0 -408 1000.0 -1 0 0 0 1 0 0 0 -1 3002.DAT
0 STEP
1 86 320.0 -1344 1000.0 -1 0 0 0 1 0 0 0 -1 3001.DAT
0 STEP
1 86 290.0 -1368 990.0 0 0 1 0 1 0 -1 0 0 3005.DAT
0 STEP
1 86 290.0 -1296 1040.0 0 0 1 0 1 0 -1 0 0 3010.DAT
0 STEP
1 86 320.0 -1344 1030.0 -1 0 0 0 1 0 0 0 -1 3010.DAT
0 STEP
1 86 290.0 -504 1050.0 0 0 1 0 1 0 -1 0 0 3005.DAT
0 STEP
1 86 300.0 -1272 1070.0 0 0 1 0 1 0 -1 0 0 3002.DAT
0 STEP
1 86 320.0 -456 1080.0 -1 0 0 0 1 0 0 0 -1 3001.DAT
0 STEP
1 86 320.0 -1320 1070.0 -1 0 0 0 1 0 0 0 -1 3010.DAT
0 STEP
1 86 290.0 -504 1110.0 0 0 1 0 1 0 -1 0 0 3622.DAT
0 STEP
1 86 290.0 -1248 1120.0 0 0 1 0 1 0 -1 0 0 3010.DAT
0 STEP
1 86 320.0 -1296 1100.0 -1 0 0 0 1 0 0 0 -1 3001.DAT
0 STEP
1 86 320.0 -456 1120.0 -1 0 0 0 1 0 0 0 -1 3001.DAT
0 STEP
1 86 300.0 -1224 1130.0 -1 0 0 0 1 0 0 0 -1 3004.DAT
0 STEP
1 86 310.0 -456 1150.0 -1 0 0 0 1 0 0 0 -1 3622.DAT
0 STEP
1 86 320.0 -1224 1150.0 -1 0 0 0 1 0 0 0 -1 3010.DAT
0 STEP
1 86 290.0 -456 1190.0 0 0 1 0 1 0 -1 0 0 3622.DAT
0 STEP
1 86 320.0 -1224 1180.0 -1 0 0 0 1 0 0 0 -1 3001.DAT
0 STEP
1 86 290.0 -456 1260.0 0 0 1 0 1 0 -1 0 0 3010.DAT
0 STEP
1 86 340.0 -480 1230.0 -1 0 0 0 1 0 0 0 -1 3009.DAT
0 STEP
1 86 290.0 -1152 1260.0 0 0 1 0 1 0 -1 0 0 3010.DAT
0 STEP
1 86 360.0 -480 1250.0 -1 0 0 0 1 0 0 0 -1 3008.DAT
0 STEP
1 86 320.0 -1200 1250.0 -1 0 0 0 1 0 0 0 -1 3010.DAT
0 STEP
1 86 290.0 -480 1270.0 0 0 1 0 1 0 -1 0 0 3005.DAT
0 STEP
1 86 290.0 -432 1290.0 0 0 1 0 1 0 -1 0 0 3005.DAT
0 STEP
1 86 320.0 -480 1300.0 -1 0 0 0 1 0 0 0 -1 3001.DAT
0 STEP
1 86 320.0 -1104 1290.0 -1 0 0 0 1 0 0 0 -1 3010.DAT
0 STEP
1 86 300.0 -456 1310.0 -1 0 0 0 1 0 0 0 -1 3004.DAT
0 STEP
1 86 320.0 -1104 1320.0 -1 0 0 0 1 0 0 0 -1 3001.DAT
0 STEP
1 86 360.0 -432 1330.0 -1 0 0 0 1 0 0 0 -1 3008.DAT
0 STEP
1 86 310.0 -480 1330.0 -1 0 0 0 1 0 0 0 -1 3622.DAT
0 STEP
1 86 290.0 -984 1370.0 0 0 1 0 1 0 -1 0 0 3622.DAT
0 STEP
1 86 290.0 -432 1420.0 0 0 1 0 1 0 -1 0 0 3009.DAT
0 STEP
1 86 300.0 -456 1370.0 -1 0 0 0 1 0 0 0 -1 3004.DAT
0 STEP
1 86 310.0 -936 1380.0 -1 0 0 0 1 0 0 0 -1 3002.DAT
0 STEP
1 86 320.0 -456 1390.0 -1 0 0 0 1 0 0 0 -1 3010.DAT
0 STEP
1 86 290.0 -912 1410.0 0 0 1 0 1 0 -1 0 0 3622.DAT
0 STEP
1 86 290.0 -480 1410.0 0 0 1 0 1 0 -1 0 0 3005.DAT
0 STEP
1 86 340.0 -408 1430.0 -1 0 0 0 1 0 0 0 -1 3009.DAT
0 STEP
1 86 300.0 -792 1470.0 0 0 1 0 1 0 -1 0 0 3002.DAT
0 STEP
1 86 290.0 -744 1490.0 0 0 1 0 1 0 -1 0 0 3622.DAT
0 STEP
1 86 300.0 -360 1510.0 0 0 1 0 1 0 -1 0 0 3002.DAT
0 STEP
1 86 340.0 -408 1490.0 -1 0 0 0 1 0 0 0 -1 3009.DAT
0 STEP
1 86 320.0 -384 1510.0 -1 0 0 0 1 0 0 0 -1 3010.DAT
0 STEP
1 86 290.0 -696 1520.0 0 0 1 0 1 0 -1 0 0 3004.DAT
0 STEP
1 86 300.0 -312 1570.0 0 0 1 0 1 0 -1 0 0 3002.DAT
0 STEP
1 86 310.0 -624 1560.0 -1 0 0 0 1 0 0 0 -1 3002.DAT
0 STEP
1 86 300.0 -600 1590.0 0 0 1 0 1 0 -1 0 0 3002.DAT
0 STEP
1 86 290.0 -456 1600.0 0 0 1 0 1 0 -1 0 0 3004.DAT
0 STEP
1 86 300.0 -576 1600.0 0 0 1 0 1 0 -1 0 0 3003.DAT
0 STEP
1 86 310.0 -624 1590.0 -1 0 0 0 1 0 0 0 -1 3622.DAT
0 STEP
1 86 310.0 -264 1620.0 -1 0 0 0 1 0 0 0 -1 3002.DAT
0 STEP
1 86 290.0 -312 1640.0 0 0 1 0 1 0 -1 0 0 3010.DAT
0 STEP
1 86 300.0 -552 1630.0 0 0 1 0 1 0 -1 0 0 3002.DAT
0 STEP
1 86 290.0 -432 1660.0 0 0 1 0 1 0 -1 0 0 3010.DAT
0 STEP
1 86 300.0 -504 1660.0 0 0 1 0 1 0 -1 0 0 3003.DAT
0 STEP
1 86 320.0 -264 1680.0 -1 0 0 0 1 0 0 0 -1 3001.DAT
0 STEP
1 86 300.0 -480 1690.0 0 0 1 0 1 0 -1 0 0 3002.DAT
0 STEP
1 86 290.0 -528 1670.0 0 0 1 0 1 0 -1 0 0 3005.DAT
0 STEP
1 86 300.0 -240 1710.0 0 0 1 0 1 0 -1 0 0 3002.DAT
0 STEP
1 86 290.0 -360 1700.0 0 0 1 0 1 0 -1 0 0 3004.DAT
0 STEP
1 86 320.0 -264 1720.0 -1 0 0 0 1 0 0 0 -1 3001.DAT
0 STEP
1 86 290.0 -312 1760.0 0 0 1 0 1 0 -1 0 0 3009.DAT
0 STEP
1 86 310.0 -384 1710.0 -1 0 0 0 1 0 0 0 -1 3622.DAT
0 STEP
1 86 290.0 -432 1710.0 0 0 1 0 1 0 -1 0 0 3005.DAT
0 STEP
1 86 360.0 -504 1710.0 -1 0 0 0 1 0 0 0 -1 3008.DAT
0 STEP
1 86 290.0 -360 1750.0 0 0 1 0 1 0 -1 0 0 3622.DAT
0 STEP
1 86 300.0 -384 1730.0 -1 0 0 0 1 0 0 0 -1 3004.DAT
0 STEP
1 86 310.0 -432 1730.0 -1 0 0 0 1 0 0 0 -1 3622.DAT
0 STEP
1 86 320.0 -480 1730.0 -1 0 0 0 1 0 0 0 -1 3010.DAT
0 STEP
1 86 290.0 -264 1760.0 0 0 1 0 1 0 -1 0 0 3004.DAT
0 STEP
1 86 290.0 -384 1750.0 0 0 1 0 1 0 -1 0 0 3005.DAT
0 STEP
1 86 360.0 -432 1760.0 -1 0 0 0 1 0 0 0 -1 3007.DAT
0 STEP
1 86 300.0 -336 1780.0 0 0 1 0 1 0 -1 0 0 3003.DAT
0 STEP
1 86 320.0 -240 1800.0 -1 0 0 0 1 0 0 0 -1 3001.DAT
0 STEP
1 86 290.0 -360 1820.0 0 0 1 0 1 0 -1 0 0 3010.DAT
0 STEP
1 86 360.0 -432 1790.0 -1 0 0 0 1 0 0 0 -1 3008.DAT
0 STEP
1 86 310.0 -288 1810.0 -1 0 0 0 1 0 0 0 -1 3622.DAT
0 STEP
1 86 340.0 -240 1830.0 -1 0 0 0 1 0 0 0 -1 3009.DAT
0 STEP
1 86 290.0 -264 1830.0 0 0 1 0 1 0 -1 0 0 3005.DAT
0 STEP
1 86 320.0 -288 1830.0 -1 0 0 0 1 0 0 0 -1 3010.DAT
0 STEP
1 86 320.0 -384 1850.0 -1 0 0 0 1 0 0 0 -1 3010.DAT
0 STEP
1 86 330.0 -1464 320.0 -1 0 0 0 1 0 0 0 -1 3002.DAT
0 STEP
1 86 310.0 -1488 310.0 0 0 1 0 1 0 -1 0 0 3005.DAT
0 STEP
1 86 330.0 -1512 310.0 -1 0 0 0 1 0 0 0 -1 3622.DAT
0 STEP
1 86 310.0 -1440 380.0 0 0 1 0 1 0 -1 0 0 3009.DAT
0 STEP
1 86 310.0 -1488 380.0 0 0 1 0 1 0 -1 0 0 3009.DAT
0 STEP
1 86 330.0 -1512 340.0 -1 0 0 0 1 0 0 0 -1 3002.DAT
0 STEP
1 86 330.0 -1536 330.0 -1 0 0 0 1 0 0 0 -1 3622.DAT
0 STEP
1 86 330.0 -1464 350.0 -1 0 0 0 1 0 0 0 -1 3622.DAT
0 STEP
1 86 320.0 -1536 350.0 -1 0 0 0 1 0 0 0 -1 3004.DAT
0 STEP
1 86 310.0 -1560 420.0 0 0 1 0 1 0 -1 0 0 3008.DAT
0 STEP
1 86 330.0 -1416 380.0 -1 0 0 0 1 0 0 0 -1 3002.DAT
0 STEP
1 86 330.0 -1464 380.0 -1 0 0 0 1 0 0 0 -1 3002.DAT
0 STEP
1 86 330.0 -1512 370.0 -1 0 0 0 1 0 0 0 -1 3622.DAT
0 STEP
1 86 320.0 -1536 400.0 0 0 1 0 1 0 -1 0 0 3001.DAT
0 STEP
1 86 330.0 -1584 370.0 -1 0 0 0 1 0 0 0 -1 3622.DAT
0 STEP
1 86 320.0 -1392 410.0 0 0 1 0 1 0 -1 0 0 3002.DAT
0 STEP
1 86 330.0 -1512 400.0 -1 0 0 0 1 0 0 0 -1 3002.DAT
0 STEP
1 86 330.0 -1584 400.0 -1 0 0 0 1 0 0 0 -1 3002.DAT
0 STEP
1 86 310.0 -1608 390.0 0 0 1 0 1 0 -1 0 0 3005.DAT
0 STEP
1 86 330.0 -1416 410.0 -1 0 0 0 1 0 0 0 -1 3622.DAT
0 STEP
1 86 330.0 -1464 410.0 -1 0 0 0 1 0 0 0 -1 3622.DAT
0 STEP
1 86 310.0 -1608 440.0 0 0 1 0 1 0 -1 0 0 3010.DAT
0 STEP
1 86 330.0 -1416 440.0 -1 0 0 0 1 0 0 0 -1 3002.DAT
0 STEP
1 86 310.0 -1464 460.0 0 0 1 0 1 0 -1 0 0 3010.DAT
0 STEP
1 86 310.0 -1512 480.0 0 0 1 0 1 0 -1 0 0 3009.DAT
0 STEP
1 86 310.0 -1584 460.0 0 0 1 0 1 0 -1 0 0 3010.DAT
0 STEP
1 86 330.0 -1632 440.0 -1 0 0 0 1 0 0 0 -1 3002.DAT
0 STEP
1 86 310.0 -1392 480.0 0 0 1 0 1 0 -1 0 0 3010.DAT
0 STEP
1 86 320.0 -1440 480.0 0 0 1 0 1 0 -1 0 0 3001.DAT
0 STEP
1 86 310.0 -1488 450.0 0 0 1 0 1 0 -1 0 0 3005.DAT
0 STEP
1 86 330.0 -1536 450.0 -1 0 0 0 1 0 0 0 -1 3622.DAT
0 STEP
1 86 330.0 -1416 470.0 -1 0 0 0 1 0 0 0 -1 3622.DAT
0 STEP
1 86 310.0 -1632 500.0 0 0 1 0 1 0 -1 0 0 3010.DAT
0 STEP
1 86 330.0 -1656 480.0 -1 0 0 0 1 0 0 0 -1 3002.DAT
0 STEP
1 86 330.0 -1608 490.0 -1 0 0 0 1 0 0 0 -1 3622.DAT
0 STEP
1 86 340.0 -1344 510.0 -1 0 0 0 1 0 0 0 -1 3010.DAT
0 STEP
1 86 310.0 -1368 530.0 0 0 1 0 1 0 -1 0 0 3622.DAT
0 STEP
1 86 310.0 -1464 510.0 0 0 1 0 1 0 -1 0 0 3005.DAT
0 STEP
1 86 310.0 -1560 580.0 0 0 1 0 1 0 -1 0 0 3008.DAT
0 STEP
1 86 330.0 -1656 510.0 -1 0 0 0 1 0 0 0 -1 3622.DAT
0 STEP
1 86 310.0 -1680 540.0 0 0 1 0 1 0 -1 0 0 3010.DAT
0 STEP
1 86 310.0 -1320 540.0 0 0 1 0 1 0 -1 0 0 3004.DAT
0 STEP
1 86 330.0 -1344 530.0 -1 0 0 0 1 0 0 0 -1 3622.DAT
0 STEP
1 86 320.0 -1392 540.0 0 0 1 0 1 0 -1 0 0 3003.DAT
0 STEP
1 86 310.0 -1464 600.0 0 0 1 0 1 0 -1 0 0 3008.DAT
0 STEP
1 86 320.0 -1656 560.0 0 0 1 0 1 0 -1 0 0 3001.DAT
0 STEP
1 86 330.0 -1056 560.0 -1 0 0 0 1 0 0 0 -1 3002.DAT
0 STEP
1 86 320.0 -1080 570.0 0 0 1 0 1 0 -1 0 0 3002.DAT
0 STEP
1 86 340.0 -1104 550.0 -1 0 0 0 1 0 0 0 -1 3010.DAT
0 STEP
1 86 310.0 -1128 570.0 0 0 1 0 1 0 -1 0 0 3622.DAT
0 STEP
1 86 320.0 -1152 560.0 0 0 1 0 1 0 -1 0 0 3003.DAT
0 STEP
1 86 340.0 -1176 550.0 -1 0 0 0 1 0 0 0 -1 3010.DAT
0 STEP
1 86 310.0 -1200 580.0 0 0 1 0 1 0 -1 0 0 3010.DAT
0 STEP
1 86 320.0 -1224 550.0 -1 0 0 0 1 0 0 0 -1 3004.DAT
0 STEP
1 86 310.0 -1248 580.0 0 0 1 0 1 0 -1 0 0 3010.DAT
0 STEP
1 86 330.0 -1272 550.0 -1 0 0 0 1 0 0 0 -1 3622.DAT
0 STEP
1 86 310.0 -1296 600.0 0 0 1 0 1 0 -1 0 0 3009.DAT
0 STEP
1 86 310.0 -1512 550.0 0 0 1 0 1 0 -1 0 0 3005.DAT
0 STEP
1 86 320.0 -1008 570.0 -1 0 0 0 1 0 0 0 -1 3004.DAT
0 STEP
1 86 320.0 -1320 570.0 -1 0 0 0 1 0 0 0 -1 3004.DAT
0 STEP
1 86 320.0 -1368 580.0 0 0 1 0 1 0 -1 0 0 3003.DAT
0 STEP
1 86 310.0 -1512 640.0 0 0 1 0 1 0 -1 0 0 3008.DAT
0 STEP
1 86 340.0 -1704 570.0 -1 0 0 0 1 0 0 0 -1 3010.DAT
0 STEP
1 86 310.0 -936 610.0 0 0 1 0 1 0 -1 0 0 3622.DAT
0 STEP
1 86 340.0 -984 600.0 -1 0 0 0 1 0 0 0 -1 3001.DAT
0 STEP
1 86 320.0 -1176 590.0 -1 0 0 0 1 0 0 0 -1 3004.DAT
0 STEP
1 86 310.0 -1704 620.0 0 0 1 0 1 0 -1 0 0 3010.DAT
0 STEP
1 86 340.0 -912 610.0 -1 0 0 0 1 0 0 0 -1 3010.DAT
0 STEP
1 86 310.0 -1656 610.0 0 0 1 0 1 0 -1 0 0 3005.DAT
0 STEP
1 86 360.0 -1728 610.0 -1 0 0 0 1 0 0 0 -1 3009.DAT
0 STEP
1 86 340.0 -912 640.0 -1 0 0 0 1 0 0 0 -1 3001.DAT
0 STEP
1 86 310.0 -984 630.0 0 0 1 0 1 0 -1 0 0 3005.DAT
0 STEP
1 86 310.0 -1248 630.0 0 0 1 0 1 0 -1 0 0 3005.DAT
0 STEP
1 86 310.0 -1272 650.0 0 0 1 0 1 0 -1 0 0 3622.DAT
0 STEP
1 86 310.0 -1320 660.0 0 0 1 0 1 0 -1 0 0 3010.DAT
0 STEP
1 86 310.0 -1368 680.0 0 0 1 0 1 0 -1 0 0 3009.DAT
0 STEP
1 86 310.0 -1656 700.0 0 0 1 0 1 0 -1 0 0 3008.DAT
0 STEP
1 86 340.0 -1728 640.0 -1 0 0 0 1 0 0 0 -1 3001.DAT
0 STEP
1 86 340.0 -864 670.0 -1 0 0 0 1 0 0 0 -1 3010.DAT
0 STEP
1 86 310.0 -1344 690.0 0 0 1 0 1 0 -1 0 0 3622.DAT
0 STEP
1 86 310.0 -1536 690.0 0 0 1 0 1 0 -1 0 0 3622.DAT
0 STEP
1 86 310.0 -1704 670.0 0 0 1 0 1 0 -1 0 0 3005.DAT
0 STEP
1 86 330.0 -1728 670.0 -1 0 0 0 1 0 0 0 -1 3622.DAT
0 STEP
1 86 310.0 -1752 690.0 0 0 1 0 1 0 -1 0 0 3622.DAT
0 STEP
1 86 310.0 -1464 690.0 0 0 1 0 1 0 -1 0 0 3005.DAT
0 STEP
1 86 320.0 -1704 710.0 0 0 1 0 1 0 -1 0 0 3002.DAT
0 STEP
1 86 340.0 -720 740.0 -1 0 0 0 1 0 0 0 -1 3001.DAT
0 STEP
1 86 310.0 -1464 760.0 0 0 1 0 1 0 -1 0 0 3010.DAT
0 STEP
1 86 310.0 -1536 780.0 0 0 1 0 1 0 -1 0 0 3009.DAT
0 STEP
1 86 310.0 -1584 730.0 0 0 1 0 1 0 -1 0 0 3005.DAT
0 STEP
1 86 320.0 -1752 760.0 0 0 1 0 1 0 -1 0 0 3001.DAT
0 STEP
1 86 310.0 -1416 770.0 0 0 1 0 1 0 -1 0 0 3622.DAT
0 STEP
1 86 310.0 -1584 780.0 0 0 1 0 1 0 -1 0 0 3010.DAT
0 STEP
1 86 310.0 -1704 800.0 0 0 1 0 1 0 -1 0 0 3009.DAT
0 STEP
1 86 310.0 -720 770.0 0 0 1 0 1 0 -1 0 0 3005.DAT
0 STEP
1 86 310.0 -1440 820.0 0 0 1 0 1 0 -1 0 0 3009.DAT
0 STEP
1 86 340.0 -1728 800.0 -1 0 0 0 1 0 0 0 -1 3001.DAT
0 STEP
1 86 310.0 -1464 810.0 0 0 1 0 1 0 -1 0 0 3005.DAT
0 STEP
1 86 320.0 -1632 810.0 -1 0 0 0 1 0 0 0 -1 3004.DAT
0 STEP
1 86 310.0 -600 860.0 0 0 1 0 1 0 -1 0 0 3010.DAT
0 STEP
1 86 320.0 -1584 830.0 -1 0 0 0 1 0 0 0 -1 3004.DAT
0 STEP
1 86 310.0 -1632 860.0 0 0 1 0 1 0 -1 0 0 3010.DAT
0 STEP
1 86 310.0 -1464 880.0 0 0 1 0 1 0 -1 0 0 3010.DAT
0 STEP
1 86 320.0 -1536 850.0 -1 0 0 0 1 0 0 0 -1 3004.DAT
0 STEP
1 86 310.0 -1584 870.0 0 0 1 0 1 0 -1 0 0 3622.DAT
0 STEP
1 86 340.0 -1680 850.0 -1 0 0 0 1 0 0 0 -1 3010.DAT
0 STEP
1 86 310.0 -1536 890.0 0 0 1 0 1 0 -1 0 0 3622.DAT
0 STEP
1 86 320.0 -1656 870.0 -1 0 0 0 1 0 0 0 -1 3004.DAT
0 STEP
1 86 310.0 -576 900.0 0 0 1 0 1 0 -1 0 0 3004.DAT
0 STEP
1 86 340.0 -1608 890.0 -1 0 0 0 1 0 0 0 -1 3010.DAT
0 STEP
1 86 320.0 -528 930.0 0 0 1 0 1 0 -1 0 0 3002.DAT
0 STEP
1 86 360.0 -552 910.0 -1 0 0 0 1 0 0 0 -1 3009.DAT
0 STEP
1 86 310.0 -1392 940.0 0 0 1 0 1 0 -1 0 0 3010.DAT
0 STEP
1 86 340.0 -1512 910.0 -1 0 0 0 1 0 0 0 -1 3010.DAT
0 STEP
1 86 330.0 -1560 910.0 -1 0 0 0 1 0 0 0 -1 3622.DAT
0 STEP
1 86 320.0 -504 930.0 -1 0 0 0 1 0 0 0 -1 3004.DAT
0 STEP
1 86 320.0 -552 930.0 -1 0 0 0 1 0 0 0 -1 3004.DAT
0 STEP
1 86 310.0 -1464 930.0 0 0 1 0 1 0 -1 0 0 3005.DAT
0 STEP
1 86 330.0 -1488 930.0 -1 0 0 0 1 0 0 0 -1 3622.DAT
0 STEP
1 86 320.0 -480 950.0 -1 0 0 0 1 0 0 0 -1 3004.DAT
0 STEP
1 86 340.0 -504 950.0 -1 0 0 0 1 0 0 0 -1 3010.DAT
0 STEP
1 86 310.0 -1368 980.0 0 0 1 0 1 0 -1 0 0 3010.DAT
0 STEP
1 86 330.0 -1440 950.0 -1 0 0 0 1 0 0 0 -1 3622.DAT
0 STEP
1 86 330.0 -480 980.0 -1 0 0 0 1 0 0 0 -1 3002.DAT
0 STEP
1 86 310.0 -432 1020.0 0 0 1 0 1 0 -1 0 0 3010.DAT
0 STEP
1 86 340.0 -1392 990.0 -1 0 0 0 1 0 0 0 -1 3010.DAT
0 STEP
1 86 340.0 -1320 1020.0 -1 0 0 0 1 0 0 0 -1 3001.DAT
0 STEP
1 86 320.0 -480 1060.0 0 0 1 0 1 0 -1 0 0 3001.DAT
0 STEP
1 86 320.0 -1296 1050.0 0 0 1 0 1 0 -1 0 0 3002.DAT
0 STEP
1 86 310.0 -504 1090.0 0 0 1 0 1 0 -1 0 0 3622.DAT
0 STEP
1 86 330.0 -1248 1100.0 -1 0 0 0 1 0 0 0 -1 3002.DAT
0 STEP
1 86 310.0 -480 1110.0 0 0 1 0 1 0 -1 0 0 3005.DAT
0 STEP
1 86 320.0 -1272 1130.0 0 0 1 0 1 0 -1 0 0 3002.DAT
0 STEP
1 86 310.0 -480 1160.0 0 0 1 0 1 0 -1 0 0 3010.DAT
0 STEP
1 86 320.0 -504 1130.0 -1 0 0 0 1 0 0 0 -1 3004.DAT
0 STEP
1 86 340.0 -1248 1130.0 -1 0 0 0 1 0 0 0 -1 3010.DAT
0 STEP
1 86 310.0 -1248 1160.0 0 0 1 0 1 0 -1 0 0 3004.DAT
0 STEP
1 86 310.0 -456 1220.0 0 0 1 0 1 0 -1 0 0 3009.DAT
0 STEP
1 86 310.0 -504 1170.0 0 0 1 0 1 0 -1 0 0 3005.DAT
0 STEP
1 86 360.0 -1272 1170.0 -1 0 0 0 1 0 0 0 -1 3009.DAT
0 STEP
1 86 310.0 -504 1220.0 0 0 1 0 1 0 -1 0 0 3010.DAT
0 STEP
1 86 310.0 -1200 1200.0 0 0 1 0 1 0 -1 0 0 3004.DAT
0 STEP
1 86 310.0 -1176 1230.0 0 0 1 0 1 0 -1 0 0 3622.DAT
0 STEP
1 86 340.0 -1224 1230.0 -1 0 0 0 1 0 0 0 -1 3010.DAT
0 STEP
1 86 400.0 -1152 1260.0 -1 0 0 0 1 0 0 0 -1 3006.DAT
0 STEP
1 86 310.0 -432 1270.0 0 0 1 0 1 0 -1 0 0 3005.DAT
0 STEP
1 86 380.0 -480 1270.0 -1 0 0 0 1 0 0 0 -1 3008.DAT
0 STEP
1 86 340.0 -432 1300.0 -1 0 0 0 1 0 0 0 -1 3001.DAT
0 STEP
1 86 310.0 -456 1290.0 0 0 1 0 1 0 -1 0 0 3005.DAT
0 STEP
1 86 340.0 -1152 1290.0 -1 0 0 0 1 0 0 0 -1 3010.DAT
0 STEP
1 86 320.0 -1056 1330.0 0 0 1 0 1 0 -1 0 0 3002.DAT
0 STEP
1 86 310.0 -1080 1310.0 0 0 1 0 1 0 -1 0 0 3005.DAT
0 STEP
1 86 310.0 -456 1340.0 0 0 1 0 1 0 -1 0 0 3004.DAT
0 STEP
1 86 340.0 -1080 1330.0 -1 0 0 0 1 0 0 0 -1 3010.DAT
0 STEP
1 86 340.0 -984 1360.0 -1 0 0 0 1 0 0 0 -1 3001.DAT
0 STEP
1 86 310.0 -408 1380.0 0 0 1 0 1 0 -1 0 0 3004.DAT
0 STEP
1 86 340.0 -432 1370.0 -1 0 0 0 1 0 0 0 -1 3010.DAT
0 STEP
1 86 310.0 -960 1370.0 0 0 1 0 1 0 -1 0 0 3005.DAT
0 STEP
1 86 320.0 -432 1420.0 0 0 1 0 1 0 -1 0 0 3001.DAT
0 STEP
1 86 400.0 -912 1400.0 -1 0 0 0 1 0 0 0 -1 3006.DAT
0 STEP
1 86 340.0 -984 1390.0 -1 0 0 0 1 0 0 0 -1 3010.DAT
0 STEP
1 86 340.0 -408 1410.0 -1 0 0 0 1 0 0 0 -1 3010.DAT
0 STEP
1 86 310.0 -960 1410.0 0 0 1 0 1 0 -1 0 0 3005.DAT
0 STEP
1 86 320.0 -840 1450.0 0 0 1 0 1 0 -1 0 0 3002.DAT
0 STEP
1 86 360.0 -912 1430.0 -1 0 0 0 1 0 0 0 -1 3009.DAT
0 STEP
1 86 330.0 -768 1460.0 -1 0 0 0 1 0 0 0 -1 3002.DAT
0 STEP
1 86 310.0 -384 1480.0 0 0 1 0 1 0 -1 0 0 3004.DAT
0 STEP
1 86 320.0 -432 1470.0 -1 0 0 0 1 0 0 0 -1 3004.DAT
0 STEP
1 86 340.0 -744 1480.0 -1 0 0 0 1 0 0 0 -1 3001.DAT
0 STEP
1 86 320.0 -720 1490.0 -1 0 0 0 1 0 0 0 -1 3004.DAT
0 STEP
1 86 400.0 -696 1520.0 -1 0 0 0 1 0 0 0 -1 3006.DAT
0 STEP
1 86 340.0 -744 1510.0 -1 0 0 0 1 0 0 0 -1 3010.DAT
0 STEP
1 86 320.0 -720 1530.0 -1 0 0 0 1 0 0 0 -1 3004.DAT
0 STEP
1 86 310.0 -288 1600.0 0 0 1 0 1 0 -1 0 0 3004.DAT
0 STEP
1 86 310.0 -312 1630.0 0 0 1 0 1 0 -1 0 0 3622.DAT
0 STEP
1 86 320.0 -240 1670.0 -1 0 0 0 1 0 0 0 -1 3004.DAT
0 STEP
1 86 310.0 -528 1680.0 0 0 1 0 1 0 -1 0 0 3004.DAT
0 STEP
1 86 340.0 -288 1690.0 -1 0 0 0 1 0 0 0 -1 3010.DAT
0 STEP
1 86 310.0 -360 1740.0 0 0 1 0 1 0 -1 0 0 3010.DAT
0 STEP
1 86 310.0 -456 1740.0 0 0 1 0 1 0 -1 0 0 3010.DAT
0 STEP
1 86 310.0 -216 1750.0 0 0 1 0 1 0 -1 0 0 3005.DAT
0 STEP
1 86 320.0 -264 1750.0 -1 0 0 0 1 0 0 0 -1 3004.DAT
0 STEP
1 86 310.0 -384 1780.0 0 0 1 0 1 0 -1 0 0 3010.DAT
0 STEP
1 86 340.0 -480 1750.0 -1 0 0 0 1 0 0 0 -1 3010.DAT
0 STEP
1 86 310.0 -264 1770.0 0 0 1 0 1 0 -1 0 0 3005.DAT
0 STEP
1 86 310.0 -288 1770.0 0 0 1 0 1 0 -1 0 0 3005.DAT
0 STEP
1 86 310.0 -312 1770.0 0 0 1 0 1 0 -1 0 0 3005.DAT
0 STEP
1 86 310.0 -264 1820.0 0 0 1 0 1 0 -1 0 0 3010.DAT
0 STEP
1 86 320.0 -312 1790.0 -1 0 0 0 1 0 0 0 -1 3004.DAT
0 STEP
1 86 320.0 -360 1790.0 -1 0 0 0 1 0 0 0 -1 3004.DAT
0 STEP
1 86 310.0 -312 1820.0 0 0 1 0 1 0 -1 0 0 3004.DAT
0 STEP
1 86 320.0 -360 1840.0 0 0 1 0 1 0 -1 0 0 3001.DAT
0 STEP
1 86 330.0 -432 1810.0 -1 0 0 0 1 0 0 0 -1 3622.DAT
0 STEP
1 86 330.0 -384 1830.0 -1 0 0 0 1 0 0 0 -1 3622.DAT
0 STEP
1 86 310.0 -408 1830.0 0 0 1 0 1 0 -1 0 0 3005.DAT
0 STEP
1 86 340.0 -240 1850.0 -1 0 0 0 1 0 0 0 -1 3010.DAT
0 STEP
1 86 340.0 -288 1850.0 -1 0 0 0 1 0 0 0 -1 3010.DAT
0 STEP
1 86 330.0 -384 1870.0 -1 0 0 0 1 0 0 0 -1 3622.DAT
0 STEP
1 86 340.0 -1416 220.0 0 0 1 0 1 0 -1 0 0 2456.DAT
0 STEP
1 86 350.0 -1392 200.0 -1 0 0 0 1 0 0 0 -1 3002.DAT
0 STEP
1 86 350.0 -1440 200.0 -1 0 0 0 1 0 0 0 -1 3002.DAT
0 STEP
1 86 330.0 -1464 190.0 0 0 1 0 1 0 -1 0 0 3005.DAT
0 STEP
1 86 330.0 -1488 260.0 0 0 1 0 1 0 -1 0 0 3008.DAT
0 STEP
1 86 340.0 -1368 230.0 0 0 1 0 1 0 -1 0 0 3002.DAT
0 STEP
1 86 340.0 -1464 240.0 0 0 1 0 1 0 -1 0 0 3001.DAT
0 STEP
1 86 350.0 -1512 210.0 -1 0 0 0 1 0 0 0 -1 3622.DAT
0 STEP
1 86 350.0 -1344 240.0 -1 0 0 0 1 0 0 0 -1 3002.DAT
0 STEP
1 86 350.0 -1392 240.0 -1 0 0 0 1 0 0 0 -1 3002.DAT
0 STEP
1 86 340.0 -1440 300.0 0 0 1 0 1 0 -1 0 0 3007.DAT
0 STEP
1 86 350.0 -1512 240.0 -1 0 0 0 1 0 0 0 -1 3002.DAT
0 STEP
1 86 330.0 -1536 230.0 0 0 1 0 1 0 -1 0 0 3005.DAT
0 STEP
1 86 330.0 -1536 280.0 0 0 1 0 1 0 -1 0 0 3010.DAT
0 STEP
1 86 330.0 -1560 250.0 0 0 1 0 1 0 -1 0 0 3005.DAT
0 STEP
1 86 350.0 -1368 270.0 -1 0 0 0 1 0 0 0 -1 3622.DAT
0 STEP
1 86 330.0 -1392 320.0 0 0 1 0 1 0 -1 0 0 3009.DAT
0 STEP
1 86 350.0 -1512 280.0 -1 0 0 0 1 0 0 0 -1 3002.DAT
0 STEP
1 86 340.0 -1560 360.0 0 0 1 0 1 0 -1 0 0 3006.DAT
0 STEP
1 86 350.0 -1584 270.0 -1 0 0 0 1 0 0 0 -1 3622.DAT
0 STEP
1 86 340.0 -1368 320.0 0 0 1 0 1 0 -1 0 0 3001.DAT
0 STEP
1 86 350.0 -1416 300.0 -1 0 0 0 1 0 0 0 -1 3002.DAT
0 STEP
1 86 350.0 -1464 290.0 -1 0 0 0 1 0 0 0 -1 3622.DAT
0 STEP
1 86 350.0 -1584 300.0 -1 0 0 0 1 0 0 0 -1 3002.DAT
0 STEP
1 86 330.0 -1608 290.0 0 0 1 0 1 0 -1 0 0 3005.DAT
0 STEP
1 86 350.0 -1344 310.0 -1 0 0 0 1 0 0 0 -1 3622.DAT
0 STEP
1 86 330.0 -1608 380.0 0 0 1 0 1 0 -1 0 0 3008.DAT
0 STEP
1 86 350.0 -1416 340.0 -1 0 0 0 1 0 0 0 -1 3002.DAT
0 STEP
1 86 350.0 -1584 340.0 -1 0 0 0 1 0 0 0 -1 3002.DAT
0 STEP
1 86 330.0 -1488 400.0 0 0 1 0 1 0 -1 0 0 3009.DAT
0 STEP
1 86 360.0 -1632 350.0 -1 0 0 0 1 0 0 0 -1 3010.DAT
0 STEP
1 86 350.0 -1368 370.0 -1 0 0 0 1 0 0 0 -1 3622.DAT
0 STEP
1 86 350.0 -1632 370.0 -1 0 0 0 1 0 0 0 -1 3622.DAT
0 STEP
1 86 340.0 -1368 420.0 0 0 1 0 1 0 -1 0 0 3001.DAT
0 STEP
1 86 330.0 -1440 410.0 0 0 1 0 1 0 -1 0 0 3622.DAT
0 STEP
1 86 350.0 -1632 400.0 -1 0 0 0 1 0 0 0 -1 3002.DAT
0 STEP
1 86 330.0 -1656 420.0 0 0 1 0 1 0 -1 0 0 3010.DAT
0 STEP
1 86 340.0 -1464 440.0 0 0 1 0 1 0 -1 0 0 3003.DAT
0 STEP
1 86 340.0 -1512 430.0 -1 0 0 0 1 0 0 0 -1 3004.DAT
0 STEP
1 86 340.0 -1584 460.0 0 0 1 0 1 0 -1 0 0 3001.DAT
0 STEP
1 86 340.0 -1392 470.0 0 0 1 0 1 0 -1 0 0 3002.DAT
0 STEP
1 86 330.0 -1512 520.0 0 0 1 0 1 0 -1 0 0 3008.DAT
0 STEP
1 86 330.0 -1680 500.0 0 0 1 0 1 0 -1 0 0 3009.DAT
0 STEP
1 86 360.0 -1368 470.0 -1 0 0 0 1 0 0 0 -1 3010.DAT
0 STEP
1 86 330.0 -1464 520.0 0 0 1 0 1 0 -1 0 0 3009.DAT
0 STEP
1 86 340.0 -1560 470.0 -1 0 0 0 1 0 0 0 -1 3004.DAT
0 STEP
1 86 330.0 -1608 470.0 0 0 1 0 1 0 -1 0 0 3005.DAT
0 STEP
1 86 340.0 -1632 500.0 0 0 1 0 1 0 -1 0 0 3001.DAT
0 STEP
1 86 330.0 -1368 520.0 0 0 1 0 1 0 -1 0 0 3010.DAT
0 STEP
1 86 330.0 -1560 490.0 0 0 1 0 1 0 -1 0 0 3005.DAT
0 STEP
1 86 330.0 -1704 490.0 0 0 1 0 1 0 -1 0 0 3005.DAT
0 STEP
1 86 330.0 -1320 530.0 0 0 1 0 1 0 -1 0 0 3622.DAT
0 STEP
1 86 330.0 -1392 510.0 0 0 1 0 1 0 -1 0 0 3005.DAT
0 STEP
1 86 330.0 -1560 540.0 0 0 1 0 1 0 -1 0 0 3010.DAT
0 STEP
1 86 330.0 -1608 510.0 0 0 1 0 1 0 -1 0 0 3005.DAT
0 STEP
1 86 340.0 -1704 510.0 -1 0 0 0 1 0 0 0 -1 3004.DAT
0 STEP
1 86 340.0 -1272 530.0 -1 0 0 0 1 0 0 0 -1 3004.DAT
0 STEP
1 86 330.0 -1296 560.0 0 0 1 0 1 0 -1 0 0 3010.DAT
0 STEP
1 86 330.0 -1416 550.0 0 0 1 0 1 0 -1 0 0 3622.DAT
0 STEP
1 86 330.0 -1608 560.0 0 0 1 0 1 0 -1 0 0 3010.DAT
0 STEP
1 86 350.0 -1704 530.0 -1 0 0 0 1 0 0 0 -1 3622.DAT
0 STEP
1 86 330.0 -1728 560.0 0 0 1 0 1 0 -1 0 0 3010.DAT
0 STEP
1 86 360.0 -1128 550.0 -1 0 0 0 1 0 0 0 -1 3010.DAT
0 STEP
1 86 330.0 -1200 550.0 0 0 1 0 1 0 -1 0 0 3005.DAT
0 STEP
1 86 360.0 -1248 550.0 -1 0 0 0 1 0 0 0 -1 3010.DAT
0 STEP
1 86 330.0 -1344 580.0 0 0 1 0 1 0 -1 0 0 3010.DAT
0 STEP
1 86 330.0 -1704 550.0 0 0 1 0 1 0 -1 0 0 3005.DAT
0 STEP
1 86 350.0 -984 570.0 -1 0 0 0 1 0 0 0 -1 3622.DAT
0 STEP
1 86 330.0 -1032 590.0 0 0 1 0 1 0 -1 0 0 3622.DAT
0 STEP
1 86 330.0 -1128 580.0 0 0 1 0 1 0 -1 0 0 3004.DAT
0 STEP
1 86 380.0 -1200 570.0 -1 0 0 0 1 0 0 0 -1 3009.DAT
0 STEP
1 86 330.0 -1248 580.0 0 0 1 0 1 0 -1 0 0 3004.DAT
0 STEP
1 86 330.0 -1584 580.0 0 0 1 0 1 0 -1 0 0 3004.DAT
0 STEP
1 86 330.0 -1632 590.0 0 0 1 0 1 0 -1 0 0 3622.DAT
0 STEP
1 86 330.0 -1680 570.0 0 0 1 0 1 0 -1 0 0 3005.DAT
0 STEP
1 86 340.0 -936 610.0 0 0 1 0 1 0 -1 0 0 3002.DAT
0 STEP
1 86 400.0 -1056 590.0 -1 0 0 0 1 0 0 0 -1 3008.DAT
0 STEP
1 86 330.0 -1104 590.0 0 0 1 0 1 0 -1 0 0 3005.DAT
0 STEP
1 86 330.0 -1200 590.0 0 0 1 0 1 0 -1 0 0 3005.DAT
0 STEP
1 86 330.0 -1392 590.0 0 0 1 0 1 0 -1 0 0 3005.DAT
0 STEP
1 86 340.0 -1704 610.0 0 0 1 0 1 0 -1 0 0 3002.DAT
0 STEP
1 86 330.0 -1752 640.0 0 0 1 0 1 0 -1 0 0 3009.DAT
0 STEP
1 86 400.0 -888 620.0 -1 0 0 0 1 0 0 0 -1 3007.DAT
0 STEP
1 86 330.0 -1656 620.0 0 0 1 0 1 0 -1 0 0 3004.DAT
0 STEP
1 86 330.0 -1776 630.0 0 0 1 0 1 0 -1 0 0 3005.DAT
0 STEP
1 86 340.0 -840 670.0 0 0 1 0 1 0 -1 0 0 3002.DAT
0 STEP
1 86 400.0 -888 650.0 -1 0 0 0 1 0 0 0 -1 3008.DAT
0 STEP
1 86 330.0 -1704 660.0 0 0 1 0 1 0 -1 0 0 3004.DAT
0 STEP
1 86 330.0 -1776 680.0 0 0 1 0 1 0 -1 0 0 3010.DAT
0 STEP
1 86 340.0 -792 690.0 0 0 1 0 1 0 -1 0 0 3002.DAT
0 STEP
1 86 400.0 -768 690.0 -1 0 0 0 1 0 0 0 -1 3008.DAT
0 STEP
1 86 340.0 -1728 720.0 0 0 1 0 1 0 -1 0 0 3001.DAT
0 STEP
1 86 330.0 -768 720.0 0 0 1 0 1 0 -1 0 0 3004.DAT
0 STEP
1 86 330.0 -1752 710.0 0 0 1 0 1 0 -1 0 0 3005.DAT
0 STEP
1 86 360.0 -1776 740.0 -1 0 0 0 1 0 0 0 -1 3001.DAT
0 STEP
1 86 330.0 -1704 780.0 0 0 1 0 1 0 -1 0 0 3010.DAT
0 STEP
1 86 360.0 -720 770.0 -1 0 0 0 1 0 0 0 -1 3010.DAT
0 STEP
1 86 360.0 -1776 770.0 -1 0 0 0 1 0 0 0 -1 3010.DAT
0 STEP
1 86 330.0 -648 810.0 0 0 1 0 1 0 -1 0 0 3622.DAT
0 STEP
1 86 330.0 -1656 820.0 0 0 1 0 1 0 -1 0 0 3010.DAT
0 STEP
1 86 330.0 -1752 810.0 0 0 1 0 1 0 -1 0 0 3005.DAT
0 STEP
1 86 400.0 -600 840.0 -1 0 0 0 1 0 0 0 -1 3007.DAT
0 STEP
1 86 330.0 -1608 830.0 0 0 1 0 1 0 -1 0 0 3005.DAT
0 STEP
1 86 330.0 -1632 840.0 0 0 1 0 1 0 -1 0 0 3004.DAT
0 STEP
1 86 340.0 -1704 850.0 0 0 1 0 1 0 -1 0 0 3002.DAT
0 STEP
1 86 330.0 -1728 840.0 0 0 1 0 1 0 -1 0 0 3004.DAT
0 STEP
1 86 340.0 -576 850.0 -1 0 0 0 1 0 0 0 -1 3004.DAT
0 STEP
1 86 330.0 -1584 860.0 0 0 1 0 1 0 -1 0 0 3004.DAT
0 STEP
1 86 330.0 -600 880.0 0 0 1 0 1 0 -1 0 0 3004.DAT
0 STEP
1 86 330.0 -1536 870.0 0 0 1 0 1 0 -1 0 0 3005.DAT
0 STEP
1 86 340.0 -1632 870.0 -1 0 0 0 1 0 0 0 -1 3004.DAT
0 STEP
1 86 330.0 -1680 870.0 0 0 1 0 1 0 -1 0 0 3005.DAT
0 STEP
1 86 360.0 -576 890.0 -1 0 0 0 1 0 0 0 -1 3010.DAT
0 STEP
1 86 340.0 -1536 910.0 0 0 1 0 1 0 -1 0 0 3002.DAT
0 STEP
1 86 360.0 -1584 890.0 -1 0 0 0 1 0 0 0 -1 3010.DAT
0 STEP
1 86 330.0 -1632 890.0 0 0 1 0 1 0 -1 0 0 3005.DAT
0 STEP
1 86 360.0 -1656 890.0 -1 0 0 0 1 0 0 0 -1 3010.DAT
0 STEP
1 86 330.0 -576 910.0 0 0 1 0 1 0 -1 0 0 3005.DAT
0 STEP
1 86 340.0 -1464 930.0 0 0 1 0 1 0 -1 0 0 3002.DAT
0 STEP
1 86 330.0 -1584 910.0 0 0 1 0 1 0 -1 0 0 3005.DAT
0 STEP
1 86 350.0 -1608 910.0 -1 0 0 0 1 0 0 0 -1 3622.DAT
0 STEP
1 86 330.0 -480 930.0 0 0 1 0 1 0 -1 0 0 3005.DAT
0 STEP
1 86 340.0 -1416 940.0 0 0 1 0 1 0 -1 0 0 3003.DAT
0 STEP
1 86 350.0 -1512 930.0 -1 0 0 0 1 0 0 0 -1 3622.DAT
0 STEP
1 86 350.0 -1392 960.0 -1 0 0 0 1 0 0 0 -1 3002.DAT
0 STEP
1 86 330.0 -432 1040.0 0 0 1 0 1 0 -1 0 0 3008.DAT
0 STEP
1 86 350.0 -504 970.0 -1 0 0 0 1 0 0 0 -1 3622.DAT
0 STEP
1 86 350.0 -1368 980.0 -1 0 0 0 1 0 0 0 -1 3002.DAT
0 STEP
1 86 350.0 -1416 970.0 -1 0 0 0 1 0 0 0 -1 3622.DAT
0 STEP
1 86 340.0 -1440 970.0 -1 0 0 0 1 0 0 0 -1 3004.DAT
0 STEP
1 86 360.0 -1368 1010.0 -1 0 0 0 1 0 0 0 -1 3010.DAT
0 STEP
1 86 350.0 -1344 1050.0 -1 0 0 0 1 0 0 0 -1 3622.DAT
0 STEP
1 86 340.0 -1272 1080.0 0 0 1 0 1 0 -1 0 0 3003.DAT
0 STEP
1 86 360.0 -480 1110.0 -1 0 0 0 1 0 0 0 -1 3010.DAT
0 STEP
1 86 360.0 -480 1140.0 -1 0 0 0 1 0 0 0 -1 3001.DAT
0 STEP
1 86 380.0 -1296 1130.0 -1 0 0 0 1 0 0 0 -1 3009.DAT
0 STEP
1 86 330.0 -1248 1180.0 0 0 1 0 1 0 -1 0 0 3010.DAT
0 STEP
1 86 330.0 -456 1170.0 0 0 1 0 1 0 -1 0 0 3005.DAT
0 STEP
1 86 330.0 -480 1180.0 0 0 1 0 1 0 -1 0 0 3004.DAT
0 STEP
1 86 330.0 -504 1200.0 0 0 1 0 1 0 -1 0 0 3010.DAT
0 STEP
1 86 330.0 -456 1240.0 0 0 1 0 1 0 -1 0 0 3009.DAT
0 STEP
1 86 330.0 -1200 1210.0 0 0 1 0 1 0 -1 0 0 3622.DAT
0 STEP
1 86 340.0 -1176 1240.0 0 0 1 0 1 0 -1 0 0 3003.DAT
0 STEP
1 86 350.0 -432 1260.0 -1 0 0 0 1 0 0 0 -1 3002.DAT
0 STEP
1 86 330.0 -1080 1300.0 0 0 1 0 1 0 -1 0 0 3004.DAT
0 STEP
1 86 340.0 -456 1340.0 0 0 1 0 1 0 -1 0 0 3001.DAT
0 STEP
1 86 340.0 -408 1350.0 -1 0 0 0 1 0 0 0 -1 3004.DAT
0 STEP
1 86 330.0 -1008 1370.0 0 0 1 0 1 0 -1 0 0 3622.DAT
0 STEP
1 86 360.0 -408 1380.0 -1 0 0 0 1 0 0 0 -1 3001.DAT
0 STEP
1 86 340.0 -960 1390.0 0 0 1 0 1 0 -1 0 0 3002.DAT
0 STEP
1 86 360.0 -864 1420.0 -1 0 0 0 1 0 0 0 -1 3001.DAT
0 STEP
1 86 330.0 -936 1410.0 0 0 1 0 1 0 -1 0 0 3005.DAT
0 STEP
1 86 330.0 -384 1470.0 0 0 1 0 1 0 -1 0 0 3622.DAT
0 STEP
1 86 340.0 -792 1470.0 0 0 1 0 1 0 -1 0 0 3002.DAT
0 STEP
1 86 360.0 -864 1450.0 -1 0 0 0 1 0 0 0 -1 3010.DAT
0 STEP
1 86 340.0 -888 1450.0 -1 0 0 0 1 0 0 0 -1 3004.DAT
0 STEP
1 86 340.0 -360 1500.0 0 0 1 0 1 0 -1 0 0 3003.DAT
0 STEP
1 86 330.0 -336 1530.0 0 0 1 0 1 0 -1 0 0 3622.DAT
0 STEP
1 86 330.0 -672 1530.0 0 0 1 0 1 0 -1 0 0 3622.DAT
0 STEP
1 86 350.0 -360 1540.0 -1 0 0 0 1 0 0 0 -1 3002.DAT
0 STEP
1 86 330.0 -648 1530.0 0 0 1 0 1 0 -1 0 0 3005.DAT
0 STEP
1 86 330.0 -312 1560.0 0 0 1 0 1 0 -1 0 0 3004.DAT
0 STEP
1 86 360.0 -648 1550.0 -1 0 0 0 1 0 0 0 -1 3010.DAT
0 STEP
1 86 360.0 -696 1550.0 -1 0 0 0 1 0 0 0 -1 3010.DAT
0 STEP
1 86 330.0 -288 1590.0 0 0 1 0 1 0 -1 0 0 3622.DAT
0 STEP
1 86 330.0 -336 1580.0 0 0 1 0 1 0 -1 0 0 3004.DAT
0 STEP
1 86 330.0 -600 1600.0 0 0 1 0 1 0 -1 0 0 3010.DAT
0 STEP
1 86 360.0 -648 1580.0 -1 0 0 0 1 0 0 0 -1 3001.DAT
0 STEP
1 86 330.0 -312 1610.0 0 0 1 0 1 0 -1 0 0 3622.DAT
0 STEP
1 86 400.0 -576 1620.0 -1 0 0 0 1 0 0 0 -1 3007.DAT
0 STEP
1 86 350.0 -624 1610.0 -1 0 0 0 1 0 0 0 -1 3622.DAT
0 STEP
1 86 400.0 -552 1640.0 -1 0 0 0 1 0 0 0 -1 3007.DAT
0 STEP
1 86 330.0 -240 1650.0 0 0 1 0 1 0 -1 0 0 3005.DAT
0 STEP
1 86 400.0 -576 1650.0 -1 0 0 0 1 0 0 0 -1 3008.DAT
0 STEP
1 86 380.0 -504 1680.0 -1 0 0 0 1 0 0 0 -1 2456.DAT
0 STEP
1 86 340.0 -528 1670.0 -1 0 0 0 1 0 0 0 -1 3004.DAT
0 STEP
1 86 360.0 -552 1670.0 -1 0 0 0 1 0 0 0 -1 3010.DAT
0 STEP
1 86 360.0 -240 1690.0 -1 0 0 0 1 0 0 0 -1 3010.DAT
0 STEP
1 86 350.0 -480 1700.0 -1 0 0 0 1 0 0 0 -1 3002.DAT
0 STEP
1 86 350.0 -528 1690.0 -1 0 0 0 1 0 0 0 -1 3622.DAT
0 STEP
1 86 330.0 -240 1720.0 0 0 1 0 1 0 -1 0 0 3004.DAT
0 STEP
1 86 330.0 -288 1710.0 0 0 1 0 1 0 -1 0 0 3005.DAT
0 STEP
1 86 340.0 -456 1730.0 0 0 1 0 1 0 -1 0 0 3002.DAT
0 STEP
1 86 330.0 -216 1760.0 0 0 1 0 1 0 -1 0 0 3010.DAT
0 STEP
1 86 330.0 -360 1760.0 0 0 1 0 1 0 -1 0 0 3004.DAT
0 STEP
1 86 330.0 -264 1820.0 0 0 1 0 1 0 -1 0 0 3009.DAT
0 STEP
1 86 330.0 -336 1800.0 0 0 1 0 1 0 -1 0 0 3010.DAT
0 STEP
1 86 330.0 -408 1800.0 0 0 1 0 1 0 -1 0 0 3010.DAT
0 STEP
1 86 380.0 -456 1780.0 -1 0 0 0 1 0 0 0 -1 2456.DAT
0 STEP
1 86 340.0 -312 1810.0 -1 0 0 0 1 0 0 0 -1 3004.DAT
0 STEP
1 86 340.0 -384 1810.0 -1 0 0 0 1 0 0 0 -1 3004.DAT
0 STEP
1 86 330.0 -312 1840.0 0 0 1 0 1 0 -1 0 0 3004.DAT
0 STEP
1 86 360.0 -432 1830.0 -1 0 0 0 1 0 0 0 -1 3010.DAT
0 STEP
1 86 330.0 -336 1850.0 0 0 1 0 1 0 -1 0 0 3005.DAT
0 STEP
1 86 330.0 -408 1850.0 0 0 1 0 1 0 -1 0 0 3005.DAT
0 STEP
1 86 350.0 -240 1870.0 -1 0 0 0 1 0 0 0 -1 3622.DAT
0 STEP
1 86 360.0 -288 1870.0 -1 0 0 0 1 0 0 0 -1 3010.DAT
0 STEP
1 86 350.0 -336 1870.0 -1 0 0 0 1 0 0 0 -1 3622.DAT
0 STEP
1 86 360.0 -336 1890.0 -1 0 0 0 1 0 0 0 -1 3010.DAT
0 STEP
1 86 330.0 -360 1890.0 0 0 1 0 1 0 -1 0 0 3005.DAT
0 STEP
1 86 370.0 -1296 100.0 -1 0 0 0 1 0 0 0 -1 3002.DAT
0 STEP
1 86 350.0 -1320 110.0 0 0 1 0 1 0 -1 0 0 3622.DAT
0 STEP
1 86 350.0 -1344 120.0 0 0 1 0 1 0 -1 0 0 3010.DAT
0 STEP
1 86 350.0 -1368 90.0 0 0 1 0 1 0 -1 0 0 3005.DAT
0 STEP
1 86 360.0 -1272 140.0 0 0 1 0 1 0 -1 0 0 3001.DAT
0 STEP
1 86 370.0 -1368 110.0 -1 0 0 0 1 0 0 0 -1 3622.DAT
0 STEP
1 86 350.0 -1392 130.0 0 0 1 0 1 0 -1 0 0 3622.DAT
0 STEP
1 86 370.0 -1416 110.0 -1 0 0 0 1 0 0 0 -1 3622.DAT
0 STEP
1 86 350.0 -1440 130.0 0 0 1 0 1 0 -1 0 0 3622.DAT
0 STEP
1 86 370.0 -1296 140.0 -1 0 0 0 1 0 0 0 -1 3002.DAT
0 STEP
1 86 350.0 -1368 160.0 0 0 1 0 1 0 -1 0 0 3010.DAT
0 STEP
1 86 370.0 -1416 140.0 -1 0 0 0 1 0 0 0 -1 3002.DAT
0 STEP
1 86 350.0 -1464 160.0 0 0 1 0 1 0 -1 0 0 3010.DAT
0 STEP
1 86 400.0 -1488 130.0 -1 0 0 0 1 0 0 0 -1 3009.DAT
0 STEP
1 86 380.0 -1248 150.0 -1 0 0 0 1 0 0 0 -1 3010.DAT
0 STEP
1 86 360.0 -1320 180.0 0 0 1 0 1 0 -1 0 0 3001.DAT
0 STEP
1 86 370.0 -1488 160.0 -1 0 0 0 1 0 0 0 -1 3002.DAT
0 STEP
1 86 350.0 -1512 170.0 0 0 1 0 1 0 -1 0 0 3622.DAT
0 STEP
1 86 370.0 -1296 180.0 -1 0 0 0 1 0 0 0 -1 3002.DAT
0 STEP
1 86 370.0 -1344 180.0 -1 0 0 0 1 0 0 0 -1 3002.DAT
0 STEP
1 86 370.0 -1392 170.0 -1 0 0 0 1 0 0 0 -1 3622.DAT
0 STEP
1 86 370.0 -1440 170.0 -1 0 0 0 1 0 0 0 -1 3622.DAT
0 STEP
1 86 370.0 -1536 180.0 -1 0 0 0 1 0 0 0 -1 3002.DAT
0 STEP
1 86 360.0 -1272 210.0 0 0 1 0 1 0 -1 0 0 3002.DAT
0 STEP
1 86 350.0 -1488 210.0 0 0 1 0 1 0 -1 0 0 3622.DAT
0 STEP
1 86 350.0 -1560 200.0 0 0 1 0 1 0 -1 0 0 3004.DAT
0 STEP
1 86 350.0 -1296 240.0 0 0 1 0 1 0 -1 0 0 3010.DAT
0 STEP
1 86 370.0 -1344 210.0 -1 0 0 0 1 0 0 0 -1 3622.DAT
0 STEP
1 86 350.0 -1536 240.0 0 0 1 0 1 0 -1 0 0 3010.DAT
0 STEP
1 86 360.0 -1320 230.0 -1 0 0 0 1 0 0 0 -1 3004.DAT
0 STEP
1 86 360.0 -1560 240.0 0 0 1 0 1 0 -1 0 0 3003.DAT
0 STEP
1 86 370.0 -1584 230.0 -1 0 0 0 1 0 0 0 -1 3622.DAT
0 STEP
1 86 360.0 -1320 300.0 0 0 1 0 1 0 -1 0 0 2456.DAT
0 STEP
1 86 350.0 -1488 300.0 0 0 1 0 1 0 -1 0 0 3009.DAT
0 STEP
1 86 400.0 -1584 250.0 -1 0 0 0 1 0 0 0 -1 3009.DAT
0 STEP
1 86 350.0 -1608 300.0 0 0 1 0 1 0 -1 0 0 3009.DAT
0 STEP
1 86 370.0 -1344 280.0 -1 0 0 0 1 0 0 0 -1 3002.DAT
0 STEP
1 86 350.0 -1392 340.0 0 0 1 0 1 0 -1 0 0 3008.DAT
0 STEP
1 86 350.0 -1536 290.0 0 0 1 0 1 0 -1 0 0 3005.DAT
0 STEP
1 86 350.0 -1632 290.0 0 0 1 0 1 0 -1 0 0 3005.DAT
0 STEP
1 86 360.0 -1536 310.0 -1 0 0 0 1 0 0 0 -1 3004.DAT
0 STEP
1 86 360.0 -1632 310.0 -1 0 0 0 1 0 0 0 -1 3004.DAT
0 STEP
1 86 370.0 -1344 330.0 -1 0 0 0 1 0 0 0 -1 3622.DAT
0 STEP
1 86 370.0 -1632 330.0 -1 0 0 0 1 0 0 0 -1 3622.DAT
0 STEP
1 86 350.0 -1656 360.0 0 0 1 0 1 0 -1 0 0 3010.DAT
0 STEP
1 86 350.0 -1344 350.0 0 0 1 0 1 0 -1 0 0 3005.DAT
0 STEP
1 86 350.0 -1536 380.0 0 0 1 0 1 0 -1 0 0 3010.DAT
0 STEP
1 86 380.0 -1320 370.0 -1 0 0 0 1 0 0 0 -1 3010.DAT
0 STEP
1 86 350.0 -1344 400.0 0 0 1 0 1 0 -1 0 0 3010.DAT
0 STEP
1 86 350.0 -1488 400.0 0 0 1 0 1 0 -1 0 0 3010.DAT
0 STEP
1 86 360.0 -1608 370.0 -1 0 0 0 1 0 0 0 -1 3004.DAT
0 STEP
1 86 350.0 -1680 400.0 0 0 1 0 1 0 -1 0 0 3010.DAT
0 STEP
1 86 350.0 -1440 390.0 0 0 1 0 1 0 -1 0 0 3005.DAT
0 STEP
1 86 350.0 -1608 390.0 0 0 1 0 1 0 -1 0 0 3005.DAT
0 STEP
1 86 350.0 -1440 440.0 0 0 1 0 1 0 -1 0 0 3010.DAT
0 STEP
1 86 350.0 -1608 440.0 0 0 1 0 1 0 -1 0 0 3010.DAT
0 STEP
1 86 360.0 -1656 430.0 0 0 1 0 1 0 -1 0 0 3002.DAT
0 STEP
1 86 350.0 -1392 430.0 0 0 1 0 1 0 -1 0 0 3005.DAT
0 STEP
1 86 350.0 -1536 430.0 0 0 1 0 1 0 -1 0 0 3005.DAT
0 STEP
1 86 350.0 -1704 460.0 0 0 1 0 1 0 -1 0 0 3010.DAT
0 STEP
1 86 350.0 -1344 470.0 0 0 1 0 1 0 -1 0 0 3622.DAT
0 STEP
1 86 350.0 -1488 450.0 0 0 1 0 1 0 -1 0 0 3005.DAT
0 STEP
1 86 360.0 -1680 460.0 0 0 1 0 1 0 -1 0 0 3003.DAT
0 STEP
1 86 350.0 -1320 500.0 0 0 1 0 1 0 -1 0 0 3004.DAT
0 STEP
1 86 370.0 -1368 490.0 -1 0 0 0 1 0 0 0 -1 3622.DAT
0 STEP
1 86 370.0 -1680 490.0 -1 0 0 0 1 0 0 0 -1 3622.DAT
0 STEP
1 86 350.0 -1296 530.0 0 0 1 0 1 0 -1 0 0 3622.DAT
0 STEP
1 86 350.0 -1368 510.0 0 0 1 0 1 0 -1 0 0 3005.DAT
0 STEP
1 86 360.0 -1680 510.0 -1 0 0 0 1 0 0 0 -1 3004.DAT
0 STEP
1 86 360.0 -1728 540.0 0 0 1 0 1 0 -1 0 0 3001.DAT
0 STEP
1 86 380.0 -1104 530.0 -1 0 0 0 1 0 0 0 -1 3010.DAT
0 STEP
1 86 370.0 -1128 530.0 -1 0 0 0 1 0 0 0 -1 3622.DAT
0 STEP
1 86 360.0 -1152 550.0 0 0 1 0 1 0 -1 0 0 3002.DAT
0 STEP
1 86 360.0 -1176 530.0 -1 0 0 0 1 0 0 0 -1 3004.DAT
0 STEP
1 86 350.0 -1200 540.0 0 0 1 0 1 0 -1 0 0 3004.DAT
0 STEP
1 86 360.0 -1224 550.0 0 0 1 0 1 0 -1 0 0 3002.DAT
0 STEP
1 86 350.0 -1248 530.0 0 0 1 0 1 0 -1 0 0 3005.DAT
0 STEP
1 86 380.0 -1320 530.0 -1 0 0 0 1 0 0 0 -1 3010.DAT
0 STEP
1 86 350.0 -1656 540.0 0 0 1 0 1 0 -1 0 0 3004.DAT
0 STEP
1 86 350.0 -1680 550.0 0 0 1 0 1 0 -1 0 0 3622.DAT
0 STEP
1 86 360.0 -1032 570.0 0 0 1 0 1 0 -1 0 0 3002.DAT
0 STEP
1 86 360.0 -1080 570.0 0 0 1 0 1 0 -1 0 0 3002.DAT
0 STEP
1 86 380.0 -1704 550.0 -1 0 0 0 1 0 0 0 -1 3010.DAT
0 STEP
1 86 350.0 -1008 590.0 0 0 1 0 1 0 -1 0 0 3622.DAT
0 STEP
1 86 380.0 -1128 570.0 -1 0 0 0 1 0 0 0 -1 3010.DAT
0 STEP
1 86 420.0 -1248 570.0 -1 0 0 0 1 0 0 0 -1 3008.DAT
0 STEP
1 86 350.0 -1272 570.0 0 0 1 0 1 0 -1 0 0 3005.DAT
0 STEP
1 86 350.0 -1752 590.0 0 0 1 0 1 0 -1 0 0 3622.DAT
0 STEP
1 86 380.0 -1728 590.0 -1 0 0 0 1 0 0 0 -1 3010.DAT
0 STEP
1 86 350.0 -1776 660.0 0 0 1 0 1 0 -1 0 0 3009.DAT
0 STEP
1 86 380.0 -1752 630.0 -1 0 0 0 1 0 0 0 -1 3010.DAT
0 STEP
1 86 350.0 -816 660.0 0 0 1 0 1 0 -1 0 0 3004.DAT
0 STEP
1 86 350.0 -1752 650.0 0 0 1 0 1 0 -1 0 0 3005.DAT
0 STEP
1 86 380.0 -1752 680.0 -1 0 0 0 1 0 0 0 -1 3001.DAT
0 STEP
1 86 380.0 -768 720.0 -1 0 0 0 1 0 0 0 -1 3001.DAT
0 STEP
1 86 380.0 -1752 710.0 -1 0 0 0 1 0 0 0 -1 3010.DAT
0 STEP
1 86 350.0 -1752 730.0 0 0 1 0 1 0 -1 0 0 3005.DAT
0 STEP
1 86 350.0 -1752 800.0 0 0 1 0 1 0 -1 0 0 3009.DAT
0 STEP
1 86 420.0 -672 780.0 -1 0 0 0 1 0 0 0 -1 3007.DAT
0 STEP
1 86 400.0 -648 800.0 -1 0 0 0 1 0 0 0 -1 2456.DAT
0 STEP
1 86 380.0 -1776 800.0 -1 0 0 0 1 0 0 0 -1 3001.DAT
0 STEP
1 86 370.0 -648 830.0 -1 0 0 0 1 0 0 0 -1 3622.DAT
0 STEP
1 86 360.0 -1728 850.0 0 0 1 0 1 0 -1 0 0 3002.DAT
0 STEP
1 86 370.0 -624 850.0 -1 0 0 0 1 0 0 0 -1 3622.DAT
0 STEP
1 86 350.0 -552 870.0 0 0 1 0 1 0 -1 0 0 3005.DAT
0 STEP
1 86 400.0 -600 870.0 -1 0 0 0 1 0 0 0 -1 3009.DAT
0 STEP
1 86 370.0 -1656 870.0 -1 0 0 0 1 0 0 0 -1 3622.DAT
0 STEP
1 86 370.0 -1680 880.0 -1 0 0 0 1 0 0 0 -1 3002.DAT
0 STEP
1 86 400.0 -528 900.0 -1 0 0 0 1 0 0 0 -1 2456.DAT
0 STEP
1 86 350.0 -1560 890.0 0 0 1 0 1 0 -1 0 0 3005.DAT
0 STEP
1 86 350.0 -1632 900.0 0 0 1 0 1 0 -1 0 0 3004.DAT
0 STEP
1 86 360.0 -504 920.0 0 0 1 0 1 0 -1 0 0 3003.DAT
0 STEP
1 86 350.0 -1488 910.0 0 0 1 0 1 0 -1 0 0 3005.DAT
0 STEP
1 86 360.0 -1584 920.0 0 0 1 0 1 0 -1 0 0 3003.DAT
0 STEP
1 86 380.0 -1656 910.0 -1 0 0 0 1 0 0 0 -1 3010.DAT
0 STEP
1 86 420.0 -480 940.0 -1 0 0 0 1 0 0 0 -1 3007.DAT
0 STEP
1 86 420.0 -528 930.0 -1 0 0 0 1 0 0 0 -1 3008.DAT
0 STEP
1 86 380.0 -1560 930.0 -1 0 0 0 1 0 0 0 -1 3010.DAT
0 STEP
1 86 360.0 -1608 930.0 -1 0 0 0 1 0 0 0 -1 3004.DAT
0 STEP
1 86 360.0 -456 970.0 0 0 1 0 1 0 -1 0 0 3002.DAT
0 STEP
1 86 370.0 -1488 950.0 -1 0 0 0 1 0 0 0 -1 3622.DAT
0 STEP
1 86 360.0 -1512 950.0 -1 0 0 0 1 0 0 0 -1 3004.DAT
0 STEP
1 86 350.0 -432 990.0 0 0 1 0 1 0 -1 0 0 3005.DAT
0 STEP
1 86 420.0 -432 1010.0 -1 0 0 0 1 0 0 0 -1 3008.DAT
0 STEP
1 86 350.0 -480 1040.0 0 0 1 0 1 0 -1 0 0 3010.DAT
0 STEP
1 86 350.0 -432 1050.0 0 0 1 0 1 0 -1 0 0 3622.DAT
0 STEP
1 86 360.0 -1296 1050.0 0 0 1 0 1 0 -1 0 0 3002.DAT
0 STEP
1 86 350.0 -456 1050.0 0 0 1 0 1 0 -1 0 0 3005.DAT
0 STEP
1 86 350.0 -1320 1050.0 0 0 1 0 1 0 -1 0 0 3005.DAT
0 STEP
1 86 350.0 -432 1120.0 0 0 1 0 1 0 -1 0 0 3010.DAT
0 STEP
1 86 380.0 -480 1090.0 -1 0 0 0 1 0 0 0 -1 3010.DAT
0 STEP
1 86 350.0 -1272 1130.0 0 0 1 0 1 0 -1 0 0 3622.DAT
0 STEP
1 86 350.0 -456 1220.0 0 0 1 0 1 0 -1 0 0 3008.DAT
0 STEP
1 86 360.0 -1248 1150.0 -1 0 0 0 1 0 0 0 -1 3004.DAT
0 STEP
1 86 380.0 -480 1180.0 -1 0 0 0 1 0 0 0 -1 3001.DAT
0 STEP
1 86 350.0 -504 1190.0 0 0 1 0 1 0 -1 0 0 3622.DAT
0 STEP
1 86 420.0 -1248 1170.0 -1 0 0 0 1 0 0 0 -1 3008.DAT
0 STEP
1 86 360.0 -1200 1210.0 0 0 1 0 1 0 -1 0 0 3002.DAT
0 STEP
1 86 380.0 -1248 1200.0 -1 0 0 0 1 0 0 0 -1 3001.DAT
0 STEP
1 86 360.0 -432 1230.0 -1 0 0 0 1 0 0 0 -1 3004.DAT
0 STEP
1 86 380.0 -1128 1280.0 -1 0 0 0 1 0 0 0 -1 3001.DAT
0 STEP
1 86 350.0 -1176 1270.0 0 0 1 0 1 0 -1 0 0 3005.DAT
0 STEP
1 86 350.0 -1056 1330.0 0 0 1 0 1 0 -1 0 0 3622.DAT
0 STEP
1 86 370.0 -1080 1310.0 -1 0 0 0 1 0 0 0 -1 3622.DAT
0 STEP
1 86 380.0 -1128 1310.0 -1 0 0 0 1 0 0 0 -1 3010.DAT
0 STEP
1 86 350.0 -408 1330.0 0 0 1 0 1 0 -1 0 0 3005.DAT
0 STEP
1 86 350.0 -1008 1350.0 0 0 1 0 1 0 -1 0 0 3005.DAT
0 STEP
1 86 370.0 -1080 1350.0 -1 0 0 0 1 0 0 0 -1 3622.DAT
0 STEP
1 86 400.0 -1008 1380.0 -1 0 0 0 1 0 0 0 -1 2456.DAT
0 STEP
1 86 350.0 -432 1390.0 0 0 1 0 1 0 -1 0 0 3005.DAT
0 STEP
1 86 360.0 -936 1410.0 0 0 1 0 1 0 -1 0 0 3002.DAT
0 STEP
1 86 350.0 -432 1440.0 0 0 1 0 1 0 -1 0 0 3010.DAT
0 STEP
1 86 350.0 -384 1460.0 0 0 1 0 1 0 -1 0 0 3010.DAT
0 STEP
1 86 400.0 -840 1430.0 -1 0 0 0 1 0 0 0 -1 3009.DAT
0 STEP
1 86 350.0 -840 1460.0 0 0 1 0 1 0 -1 0 0 3004.DAT
0 STEP
1 86 420.0 -816 1470.0 -1 0 0 0 1 0 0 0 -1 3008.DAT
0 STEP
1 86 350.0 -720 1510.0 0 0 1 0 1 0 -1 0 0 3622.DAT
0 STEP
1 86 350.0 -768 1490.0 0 0 1 0 1 0 -1 0 0 3005.DAT
0 STEP
1 86 370.0 -336 1520.0 -1 0 0 0 1 0 0 0 -1 3002.DAT
0 STEP
1 86 350.0 -312 1560.0 0 0 1 0 1 0 -1 0 0 3010.DAT
0 STEP
1 86 350.0 -672 1550.0 0 0 1 0 1 0 -1 0 0 3622.DAT
0 STEP
1 86 400.0 -336 1550.0 -1 0 0 0 1 0 0 0 -1 3009.DAT
0 STEP
1 86 360.0 -288 1590.0 0 0 1 0 1 0 -1 0 0 3002.DAT
0 STEP
1 86 420.0 -336 1580.0 -1 0 0 0 1 0 0 0 -1 3007.DAT
0 STEP
1 86 400.0 -624 1580.0 -1 0 0 0 1 0 0 0 -1 2456.DAT
0 STEP
1 86 380.0 -600 1600.0 -1 0 0 0 1 0 0 0 -1 3001.DAT
0 STEP
1 86 350.0 -264 1630.0 0 0 1 0 1 0 -1 0 0 3622.DAT
0 STEP
1 86 380.0 -312 1620.0 -1 0 0 0 1 0 0 0 -1 3001.DAT
0 STEP
1 86 350.0 -600 1630.0 0 0 1 0 1 0 -1 0 0 3005.DAT
0 STEP
1 86 370.0 -240 1660.0 -1 0 0 0 1 0 0 0 -1 3002.DAT
0 STEP
1 86 350.0 -216 1740.0 0 0 1 0 1 0 -1 0 0 3010.DAT
0 STEP
1 86 400.0 -240 1710.0 -1 0 0 0 1 0 0 0 -1 3009.DAT
0 STEP
1 86 360.0 -240 1730.0 -1 0 0 0 1 0 0 0 -1 3004.DAT
0 STEP
1 86 380.0 -504 1730.0 -1 0 0 0 1 0 0 0 -1 3010.DAT
0 STEP
1 86 370.0 -240 1750.0 -1 0 0 0 1 0 0 0 -1 3622.DAT
0 STEP
1 86 350.0 -264 1820.0 0 0 1 0 1 0 -1 0 0 3008.DAT
0 STEP
1 86 400.0 -240 1770.0 -1 0 0 0 1 0 0 0 -1 3009.DAT
0 STEP
1 86 360.0 -408 1800.0 0 0 1 0 1 0 -1 0 0 3001.DAT
0 STEP
1 86 350.0 -216 1810.0 0 0 1 0 1 0 -1 0 0 3622.DAT
0 STEP
1 86 350.0 -336 1820.0 0 0 1 0 1 0 -1 0 0 3010.DAT
0 STEP
1 86 350.0 -360 1860.0 0 0 1 0 1 0 -1 0 0 3009.DAT
0 STEP
1 86 350.0 -312 1850.0 0 0 1 0 1 0 -1 0 0 3622.DAT
0 STEP
1 86 420.0 -408 1850.0 -1 0 0 0 1 0 0 0 -1 3008.DAT
0 STEP
1 86 350.0 -408 1870.0 0 0 1 0 1 0 -1 0 0 3005.DAT
0 STEP
1 86 370.0 -240 1890.0 -1 0 0 0 1 0 0 0 -1 3622.DAT
0 STEP
1 86 370.0 -384 1890.0 -1 0 0 0 1 0 0 0 -1 3622.DAT
0 STEP
1 86 370.0 -336 1920.0 -1 0 0 0 1 0 0 0 -1 3002.DAT
0 STEP
1 86 400.0 -1248 40.0 -1 0 0 0 1 0 0 0 -1 3001.DAT
0 STEP
1 86 370.0 -1272 60.0 0 0 1 0 1 0 -1 0 0 3010.DAT
0 STEP
1 86 390.0 -1200 60.0 -1 0 0 0 1 0 0 0 -1 3002.DAT
0 STEP
1 86 370.0 -1224 100.0 0 0 1 0 1 0 -1 0 0 3009.DAT
0 STEP
1 86 400.0 -1296 60.0 -1 0 0 0 1 0 0 0 -1 3001.DAT
0 STEP
1 86 370.0 -1320 80.0 0 0 1 0 1 0 -1 0 0 3010.DAT
0 STEP
1 86 370.0 -1344 60.0 0 0 1 0 1 0 -1 0 0 3004.DAT
0 STEP
1 86 370.0 -1368 70.0 0 0 1 0 1 0 -1 0 0 3622.DAT
0 STEP
1 86 380.0 -1392 100.0 0 0 1 0 1 0 -1 0 0 2456.DAT
0 STEP
1 86 380.0 -1176 100.0 0 0 1 0 1 0 -1 0 0 3001.DAT
0 STEP
1 86 380.0 -1248 100.0 0 0 1 0 1 0 -1 0 0 3001.DAT
0 STEP
1 86 400.0 -1416 70.0 -1 0 0 0 1 0 0 0 -1 3010.DAT
0 STEP
1 86 380.0 -1200 120.0 0 0 1 0 1 0 -1 0 0 3001.DAT
0 STEP
1 86 380.0 -1344 120.0 0 0 1 0 1 0 -1 0 0 3001.DAT
0 STEP
1 86 380.0 -1416 90.0 -1 0 0 0 1 0 0 0 -1 3004.DAT
0 STEP
1 86 370.0 -1440 120.0 0 0 1 0 1 0 -1 0 0 3010.DAT
0 STEP
1 86 380.0 -1464 90.0 -1 0 0 0 1 0 0 0 -1 3004.DAT
0 STEP
1 86 370.0 -1464 180.0 0 0 1 0 1 0 -1 0 0 3008.DAT
0 STEP
1 86 400.0 -1488 110.0 -1 0 0 0 1 0 0 0 -1 3010.DAT
0 STEP
1 86 370.0 -1320 130.0 0 0 1 0 1 0 -1 0 0 3005.DAT
0 STEP
1 86 370.0 -1368 130.0 0 0 1 0 1 0 -1 0 0 3005.DAT
0 STEP
1 86 370.0 -1512 140.0 0 0 1 0 1 0 -1 0 0 3004.DAT
0 STEP
1 86 370.0 -1368 200.0 0 0 1 0 1 0 -1 0 0 3009.DAT
0 STEP
1 86 400.0 -1536 150.0 -1 0 0 0 1 0 0 0 -1 3010.DAT
0 STEP
1 86 400.0 -1224 170.0 -1 0 0 0 1 0 0 0 -1 3010.DAT
0 STEP
1 86 370.0 -1248 180.0 0 0 1 0 1 0 -1 0 0 3004.DAT
0 STEP
1 86 370.0 -1416 220.0 0 0 1 0 1 0 -1 0 0 3009.DAT
0 STEP
1 86 380.0 -1512 180.0 0 0 1 0 1 0 -1 0 0 3003.DAT
0 STEP
1 86 370.0 -1560 190.0 0 0 1 0 1 0 -1 0 0 3622.DAT
0 STEP
1 86 370.0 -1224 200.0 0 0 1 0 1 0 -1 0 0 3004.DAT
0 STEP
1 86 370.0 -1488 240.0 0 0 1 0 1 0 -1 0 0 3009.DAT
0 STEP
1 86 380.0 -1584 200.0 0 0 1 0 1 0 -1 0 0 3003.DAT
0 STEP
1 86 370.0 -1248 230.0 0 0 1 0 1 0 -1 0 0 3622.DAT
0 STEP
1 86 380.0 -1296 220.0 0 0 1 0 1 0 -1 0 0 3003.DAT
0 STEP
1 86 380.0 -1536 210.0 -1 0 0 0 1 0 0 0 -1 3004.DAT
0 STEP
1 86 400.0 -1608 210.0 -1 0 0 0 1 0 0 0 -1 3010.DAT
0 STEP
1 86 370.0 -1440 230.0 0 0 1 0 1 0 -1 0 0 3005.DAT
0 STEP
1 86 370.0 -1536 260.0 0 0 1 0 1 0 -1 0 0 3010.DAT
0 STEP
1 86 370.0 -1608 240.0 0 0 1 0 1 0 -1 0 0 3004.DAT
0 STEP
1 86 370.0 -1272 280.0 0 0 1 0 1 0 -1 0 0 3010.DAT
0 STEP
1 86 400.0 -1296 260.0 -1 0 0 0 1 0 0 0 -1 3001.DAT
0 STEP
1 86 370.0 -1440 280.0 0 0 1 0 1 0 -1 0 0 3010.DAT
0 STEP
1 86 370.0 -1632 270.0 0 0 1 0 1 0 -1 0 0 3622.DAT
0 STEP
1 86 370.0 -1392 320.0 0 0 1 0 1 0 -1 0 0 3009.DAT
0 STEP
1 86 370.0 -1464 270.0 0 0 1 0 1 0 -1 0 0 3005.DAT
0 STEP
1 86 370.0 -1560 300.0 0 0 1 0 1 0 -1 0 0 3010.DAT
0 STEP
1 86 420.0 -1608 270.0 -1 0 0 0 1 0 0 0 -1 3009.DAT
0 STEP
1 86 400.0 -1296 290.0 -1 0 0 0 1 0 0 0 -1 3010.DAT
0 STEP
1 86 370.0 -1368 320.0 0 0 1 0 1 0 -1 0 0 3010.DAT
0 STEP
1 86 370.0 -1608 320.0 0 0 1 0 1 0 -1 0 0 3010.DAT
0 STEP
1 86 370.0 -1656 320.0 0 0 1 0 1 0 -1 0 0 3010.DAT
0 STEP
1 86 370.0 -1296 330.0 0 0 1 0 1 0 -1 0 0 3622.DAT
0 STEP
1 86 380.0 -1680 330.0 -1 0 0 0 1 0 0 0 -1 3004.DAT
0 STEP
1 86 370.0 -1344 420.0 0 0 1 0 1 0 -1 0 0 3008.DAT
0 STEP
1 86 380.0 -1680 380.0 0 0 1 0 1 0 -1 0 0 3001.DAT
0 STEP
1 86 420.0 -1656 370.0 -1 0 0 0 1 0 0 0 -1 3009.DAT
0 STEP
1 86 380.0 -1320 410.0 0 0 1 0 1 0 -1 0 0 3002.DAT
0 STEP
1 86 370.0 -1368 400.0 0 0 1 0 1 0 -1 0 0 3004.DAT
0 STEP
1 86 370.0 -1656 390.0 0 0 1 0 1 0 -1 0 0 3005.DAT
0 STEP
1 86 370.0 -1704 390.0 0 0 1 0 1 0 -1 0 0 3005.DAT
0 STEP
1 86 370.0 -1704 460.0 0 0 1 0 1 0 -1 0 0 3009.DAT
0 STEP
1 86 400.0 -1368 440.0 -1 0 0 0 1 0 0 0 -1 3001.DAT
0 STEP
1 86 380.0 -1680 430.0 -1 0 0 0 1 0 0 0 -1 3004.DAT
0 STEP
1 86 380.0 -1320 480.0 0 0 1 0 1 0 -1 0 0 3001.DAT
0 STEP
1 86 400.0 -1728 450.0 -1 0 0 0 1 0 0 0 -1 3010.DAT
0 STEP
1 86 370.0 -1728 480.0 0 0 1 0 1 0 -1 0 0 3004.DAT
0 STEP
1 86 370.0 -1272 530.0 0 0 1 0 1 0 -1 0 0 3622.DAT
0 STEP
1 86 400.0 -1296 520.0 -1 0 0 0 1 0 0 0 -1 3001.DAT
0 STEP
1 86 420.0 -1200 530.0 -1 0 0 0 1 0 0 0 -1 3009.DAT
0 STEP
1 86 420.0 -1248 530.0 -1 0 0 0 1 0 0 0 -1 3009.DAT
0 STEP
1 86 400.0 -1752 530.0 -1 0 0 0 1 0 0 0 -1 3010.DAT
0 STEP
1 86 440.0 -1056 560.0 -1 0 0 0 1 0 0 0 -1 3007.DAT
0 STEP
1 86 440.0 -1200 550.0 -1 0 0 0 1 0 0 0 -1 3008.DAT
0 STEP
1 86 440.0 -1296 550.0 -1 0 0 0 1 0 0 0 -1 3008.DAT
0 STEP
1 86 370.0 -1752 550.0 0 0 1 0 1 0 -1 0 0 3005.DAT
0 STEP
1 86 400.0 -960 580.0 -1 0 0 0 1 0 0 0 -1 3001.DAT
0 STEP
1 86 370.0 -1008 570.0 0 0 1 0 1 0 -1 0 0 3005.DAT
0 STEP
1 86 370.0 -1176 570.0 0 0 1 0 1 0 -1 0 0 3005.DAT
0 STEP
1 86 380.0 -1752 590.0 0 0 1 0 1 0 -1 0 0 3002.DAT
0 STEP
1 86 370.0 -936 610.0 0 0 1 0 1 0 -1 0 0 3622.DAT
0 STEP
1 86 420.0 -1008 590.0 -1 0 0 0 1 0 0 0 -1 3009.DAT
0 STEP
1 86 400.0 -1776 590.0 -1 0 0 0 1 0 0 0 -1 3010.DAT
0 STEP
1 86 370.0 -1008 610.0 0 0 1 0 1 0 -1 0 0 3005.DAT
0 STEP
1 86 380.0 -1776 660.0 0 0 1 0 1 0 -1 0 0 2456.DAT
0 STEP
1 86 400.0 -816 660.0 -1 0 0 0 1 0 0 0 -1 3001.DAT
0 STEP
1 86 370.0 -840 670.0 0 0 1 0 1 0 -1 0 0 3622.DAT
0 STEP
1 86 400.0 -1752 650.0 -1 0 0 0 1 0 0 0 -1 3010.DAT
0 STEP
1 86 370.0 -792 690.0 0 0 1 0 1 0 -1 0 0 3622.DAT
0 STEP
1 86 370.0 -1800 720.0 0 0 1 0 1 0 -1 0 0 3009.DAT
0 STEP
1 86 370.0 -744 730.0 0 0 1 0 1 0 -1 0 0 3622.DAT
0 STEP
1 86 370.0 -1752 780.0 0 0 1 0 1 0 -1 0 0 3009.DAT
0 STEP
1 86 370.0 -1776 830.0 0 0 1 0 1 0 -1 0 0 3005.DAT
0 STEP
1 86 380.0 -576 860.0 0 0 1 0 1 0 -1 0 0 3003.DAT
0 STEP
1 86 420.0 -1704 860.0 -1 0 0 0 1 0 0 0 -1 2456.DAT
0 STEP
1 86 370.0 -1752 850.0 0 0 1 0 1 0 -1 0 0 3005.DAT
0 STEP
1 86 400.0 -552 880.0 -1 0 0 0 1 0 0 0 -1 3001.DAT
0 STEP
1 86 370.0 -1560 900.0 0 0 1 0 1 0 -1 0 0 3004.DAT
0 STEP
1 86 400.0 -1632 890.0 -1 0 0 0 1 0 0 0 -1 3010.DAT
0 STEP
1 86 370.0 -1704 890.0 0 0 1 0 1 0 -1 0 0 3005.DAT
0 STEP
1 86 380.0 -1488 920.0 0 0 1 0 1 0 -1 0 0 3003.DAT
0 STEP
1 86 400.0 -1536 920.0 -1 0 0 0 1 0 0 0 -1 3001.DAT
0 STEP
1 86 370.0 -1632 910.0 0 0 1 0 1 0 -1 0 0 3005.DAT
0 STEP
1 86 370.0 -1440 950.0 0 0 1 0 1 0 -1 0 0 3622.DAT
0 STEP
1 86 380.0 -1464 940.0 0 0 1 0 1 0 -1 0 0 3003.DAT
0 STEP
1 86 400.0 -1632 930.0 -1 0 0 0 1 0 0 0 -1 3010.DAT
0 STEP
1 86 370.0 -1416 950.0 0 0 1 0 1 0 -1 0 0 3005.DAT
0 STEP
1 86 400.0 -1536 950.0 -1 0 0 0 1 0 0 0 -1 3010.DAT
0 STEP
1 86 370.0 -480 1000.0 0 0 1 0 1 0 -1 0 0 3010.DAT
0 STEP
1 86 390.0 -1464 970.0 -1 0 0 0 1 0 0 0 -1 3622.DAT
0 STEP
1 86 420.0 -432 990.0 -1 0 0 0 1 0 0 0 -1 3009.DAT
0 STEP
1 86 370.0 -1344 990.0 0 0 1 0 1 0 -1 0 0 3005.DAT
0 STEP
1 86 400.0 -1416 990.0 -1 0 0 0 1 0 0 0 -1 3010.DAT
0 STEP
1 86 370.0 -456 1040.0 0 0 1 0 1 0 -1 0 0 3010.DAT
0 STEP
1 86 390.0 -1344 1010.0 -1 0 0 0 1 0 0 0 -1 3622.DAT
0 STEP
1 86 420.0 -432 1030.0 -1 0 0 0 1 0 0 0 -1 3009.DAT
0 STEP
1 86 370.0 -1344 1030.0 0 0 1 0 1 0 -1 0 0 3005.DAT
0 STEP
1 86 380.0 -432 1070.0 0 0 1 0 1 0 -1 0 0 3002.DAT
0 STEP
1 86 370.0 -480 1050.0 0 0 1 0 1 0 -1 0 0 3005.DAT
0 STEP
1 86 400.0 -1320 1050.0 -1 0 0 0 1 0 0 0 -1 3010.DAT
0 STEP
1 86 390.0 -480 1070.0 -1 0 0 0 1 0 0 0 -1 3622.DAT
0 STEP
1 86 380.0 -1272 1100.0 0 0 1 0 1 0 -1 0 0 3001.DAT
0 STEP
1 86 380.0 -1320 1080.0 0 0 1 0 1 0 -1 0 0 3003.DAT
0 STEP
1 86 370.0 -456 1090.0 0 0 1 0 1 0 -1 0 0 3005.DAT
0 STEP
1 86 400.0 -1296 1090.0 -1 0 0 0 1 0 0 0 -1 3010.DAT
0 STEP
1 86 370.0 -432 1140.0 0 0 1 0 1 0 -1 0 0 3010.DAT
0 STEP
1 86 440.0 -456 1120.0 -1 0 0 0 1 0 0 0 -1 3007.DAT
0 STEP
1 86 370.0 -1248 1110.0 0 0 1 0 1 0 -1 0 0 3005.DAT
0 STEP
1 86 370.0 -1296 1110.0 0 0 1 0 1 0 -1 0 0 3005.DAT
0 STEP
1 86 370.0 -456 1150.0 0 0 1 0 1 0 -1 0 0 3005.DAT
0 STEP
1 86 380.0 -1224 1170.0 0 0 1 0 1 0 -1 0 0 3002.DAT
0 STEP
1 86 390.0 -1272 1150.0 -1 0 0 0 1 0 0 0 -1 3622.DAT
0 STEP
1 86 370.0 -456 1220.0 0 0 1 0 1 0 -1 0 0 3009.DAT
0 STEP
1 86 390.0 -504 1190.0 -1 0 0 0 1 0 0 0 -1 3622.DAT
0 STEP
1 86 400.0 -432 1210.0 -1 0 0 0 1 0 0 0 -1 3010.DAT
0 STEP
1 86 380.0 -1176 1260.0 0 0 1 0 1 0 -1 0 0 3001.DAT
0 STEP
1 86 370.0 -1200 1250.0 0 0 1 0 1 0 -1 0 0 3005.DAT
0 STEP
1 86 390.0 -1200 1270.0 -1 0 0 0 1 0 0 0 -1 3622.DAT
0 STEP
1 86 380.0 -408 1320.0 0 0 1 0 1 0 -1 0 0 3001.DAT
0 STEP
1 86 370.0 -456 1340.0 0 0 1 0 1 0 -1 0 0 3009.DAT
0 STEP
1 86 370.0 -1104 1310.0 0 0 1 0 1 0 -1 0 0 3622.DAT
0 STEP
1 86 390.0 -1056 1340.0 -1 0 0 0 1 0 0 0 -1 3002.DAT
0 STEP
1 86 400.0 -1008 1350.0 -1 0 0 0 1 0 0 0 -1 3010.DAT
0 STEP
1 86 440.0 -960 1380.0 -1 0 0 0 1 0 0 0 -1 3007.DAT
0 STEP
1 86 390.0 -1056 1370.0 -1 0 0 0 1 0 0 0 -1 3622.DAT
0 STEP
1 86 370.0 -432 1420.0 0 0 1 0 1 0 -1 0 0 3010.DAT
0 STEP
1 86 370.0 -384 1440.0 0 0 1 0 1 0 -1 0 0 3010.DAT
0 STEP
1 86 370.0 -888 1430.0 0 0 1 0 1 0 -1 0 0 3622.DAT
0 STEP
1 86 440.0 -960 1410.0 -1 0 0 0 1 0 0 0 -1 3008.DAT
0 STEP
1 86 380.0 -792 1470.0 0 0 1 0 1 0 -1 0 0 3002.DAT
0 STEP
1 86 420.0 -840 1460.0 -1 0 0 0 1 0 0 0 -1 2456.DAT
0 STEP
1 86 380.0 -360 1490.0 0 0 1 0 1 0 -1 0 0 3002.DAT
0 STEP
1 86 390.0 -408 1470.0 -1 0 0 0 1 0 0 0 -1 3622.DAT
0 STEP
1 86 400.0 -768 1470.0 -1 0 0 0 1 0 0 0 -1 3010.DAT
0 STEP
1 86 400.0 -384 1500.0 -1 0 0 0 1 0 0 0 -1 3001.DAT
0 STEP
1 86 440.0 -720 1500.0 -1 0 0 0 1 0 0 0 -1 3007.DAT
0 STEP
1 86 400.0 -768 1500.0 -1 0 0 0 1 0 0 0 -1 3001.DAT
0 STEP
1 86 380.0 -312 1560.0 0 0 1 0 1 0 -1 0 0 3001.DAT
0 STEP
1 86 380.0 -672 1550.0 0 0 1 0 1 0 -1 0 0 3002.DAT
0 STEP
1 86 440.0 -720 1530.0 -1 0 0 0 1 0 0 0 -1 3008.DAT
0 STEP
1 86 370.0 -264 1660.0 0 0 1 0 1 0 -1 0 0 3009.DAT
0 STEP
1 86 420.0 -600 1630.0 -1 0 0 0 1 0 0 0 -1 3009.DAT
0 STEP
1 86 420.0 -528 1660.0 -1 0 0 0 1 0 0 0 -1 2456.DAT
0 STEP
1 86 370.0 -216 1710.0 0 0 1 0 1 0 -1 0 0 3005.DAT
0 STEP
1 86 370.0 -456 1730.0 0 0 1 0 1 0 -1 0 0 3622.DAT
0 STEP
1 86 370.0 -216 1780.0 0 0 1 0 1 0 -1 0 0 3009.DAT
0 STEP
1 86 370.0 -264 1760.0 0 0 1 0 1 0 -1 0 0 3010.DAT
0 STEP
1 86 370.0 -480 1730.0 0 0 1 0 1 0 -1 0 0 3005.DAT
0 STEP
1 86 400.0 -240 1790.0 -1 0 0 0 1 0 0 0 -1 3010.DAT
0 STEP
1 86 380.0 -240 1810.0 -1 0 0 0 1 0 0 0 -1 3004.DAT
0 STEP
1 86 370.0 -264 1810.0 0 0 1 0 1 0 -1 0 0 3005.DAT
0 STEP
1 86 370.0 -336 1830.0 0 0 1 0 1 0 -1 0 0 3622.DAT
0 STEP
1 86 380.0 -384 1840.0 0 0 1 0 1 0 -1 0 0 3001.DAT
0 STEP
1 86 400.0 -432 1810.0 -1 0 0 0 1 0 0 0 -1 3010.DAT
0 STEP
1 86 370.0 -264 1860.0 0 0 1 0 1 0 -1 0 0 3010.DAT
0 STEP
1 86 420.0 -216 1850.0 -1 0 0 0 1 0 0 0 -1 3009.DAT
0 STEP
1 86 370.0 -312 1870.0 0 0 1 0 1 0 -1 0 0 3622.DAT
0 STEP
1 86 440.0 -360 1850.0 -1 0 0 0 1 0 0 0 -1 3008.DAT
0 STEP
1 86 400.0 -216 1880.0 -1 0 0 0 1 0 0 0 -1 3001.DAT
0 STEP
1 86 380.0 -360 1890.0 0 0 1 0 1 0 -1 0 0 3002.DAT
0 STEP
1 86 400.0 -408 1870.0 -1 0 0 0 1 0 0 0 -1 3010.DAT
0 STEP
1 86 380.0 -288 1890.0 -1 0 0 0 1 0 0 0 -1 3004.DAT
0 STEP
1 86 400.0 -312 1910.0 -1 0 0 0 1 0 0 0 -1 3010.DAT
0 STEP
1 86 380.0 -384 1910.0 -1 0 0 0 1 0 0 0 -1 3004.DAT
0 STEP
1 86 390.0 -1224 40.0 0 0 1 0 1 0 -1 0 0 3010.DAT
0 STEP
1 86 400.0 -1104 30.0 -1 0 0 0 1 0 0 0 -1 3004.DAT
0 STEP
1 86 400.0 -1128 80.0 0 0 1 0 1 0 -1 0 0 2456.DAT
0 STEP
1 86 410.0 -1152 40.0 -1 0 0 0 1 0 0 0 -1 3002.DAT
0 STEP
1 86 390.0 -1176 40.0 0 0 1 0 1 0 -1 0 0 3004.DAT
0 STEP
1 86 400.0 -1200 30.0 -1 0 0 0 1 0 0 0 -1 3004.DAT
0 STEP
1 86 390.0 -1272 30.0 0 0 1 0 1 0 -1 0 0 3005.DAT
0 STEP
1 86 410.0 -1296 30.0 -1 0 0 0 1 0 0 0 -1 3622.DAT
0 STEP
1 86 400.0 -1320 50.0 0 0 1 0 1 0 -1 0 0 3002.DAT
0 STEP
1 86 400.0 -1344 30.0 -1 0 0 0 1 0 0 0 -1 3004.DAT
0 STEP
1 86 390.0 -1368 60.0 0 0 1 0 1 0 -1 0 0 3010.DAT
0 STEP
1 86 410.0 -1104 60.0 -1 0 0 0 1 0 0 0 -1 3002.DAT
0 STEP
1 86 390.0 -1272 120.0 0 0 1 0 1 0 -1 0 0 3008.DAT
0 STEP
1 86 420.0 -1344 60.0 -1 0 0 0 1 0 0 0 -1 3001.DAT
0 STEP
1 86 390.0 -1416 50.0 0 0 1 0 1 0 -1 0 0 3005.DAT
0 STEP
1 86 410.0 -1080 80.0 -1 0 0 0 1 0 0 0 -1 3002.DAT
0 STEP
1 86 410.0 -1152 80.0 -1 0 0 0 1 0 0 0 -1 3002.DAT
0 STEP
1 86 390.0 -1440 100.0 0 0 1 0 1 0 -1 0 0 3010.DAT
0 STEP
1 86 390.0 -1464 70.0 0 0 1 0 1 0 -1 0 0 3005.DAT
0 STEP
1 86 400.0 -1104 100.0 0 0 1 0 1 0 -1 0 0 3003.DAT
0 STEP
1 86 390.0 -1224 90.0 0 0 1 0 1 0 -1 0 0 3005.DAT
0 STEP
1 86 390.0 -1320 90.0 0 0 1 0 1 0 -1 0 0 3005.DAT
0 STEP
1 86 410.0 -1488 90.0 -1 0 0 0 1 0 0 0 -1 3622.DAT
0 STEP
1 86 400.0 -1152 130.0 0 0 1 0 1 0 -1 0 0 3002.DAT
0 STEP
1 86 420.0 -1224 120.0 -1 0 0 0 1 0 0 0 -1 3001.DAT
0 STEP
1 86 390.0 -1320 140.0 0 0 1 0 1 0 -1 0 0 3010.DAT
0 STEP
1 86 390.0 -1464 140.0 0 0 1 0 1 0 -1 0 0 3010.DAT
0 STEP
1 86 390.0 -1512 130.0 0 0 1 0 1 0 -1 0 0 3622.DAT
0 STEP
1 86 390.0 -1368 160.0 0 0 1 0 1 0 -1 0 0 3010.DAT
0 STEP
1 86 410.0 -1536 130.0 -1 0 0 0 1 0 0 0 -1 3622.DAT
0 STEP
1 86 400.0 -1176 160.0 0 0 1 0 1 0 -1 0 0 3003.DAT
0 STEP
1 86 420.0 -1224 150.0 -1 0 0 0 1 0 0 0 -1 3010.DAT
0 STEP
1 86 390.0 -1440 150.0 0 0 1 0 1 0 -1 0 0 3005.DAT
0 STEP
1 86 400.0 -1560 170.0 0 0 1 0 1 0 -1 0 0 3002.DAT
0 STEP
1 86 390.0 -1200 180.0 0 0 1 0 1 0 -1 0 0 3004.DAT
0 STEP
1 86 400.0 -1248 220.0 0 0 1 0 1 0 -1 0 0 2456.DAT
0 STEP
1 86 390.0 -1584 170.0 0 0 1 0 1 0 -1 0 0 3005.DAT
0 STEP
1 86 390.0 -1224 210.0 0 0 1 0 1 0 -1 0 0 3622.DAT
0 STEP
1 86 390.0 -1320 260.0 0 0 1 0 1 0 -1 0 0 3008.DAT
0 STEP
1 86 390.0 -1272 220.0 0 0 1 0 1 0 -1 0 0 3004.DAT
0 STEP
1 86 390.0 -1560 220.0 0 0 1 0 1 0 -1 0 0 3004.DAT
0 STEP
1 86 420.0 -1608 230.0 -1 0 0 0 1 0 0 0 -1 3010.DAT
0 STEP
1 86 390.0 -1632 230.0 0 0 1 0 1 0 -1 0 0 3005.DAT
0 STEP
1 86 420.0 -1272 250.0 -1 0 0 0 1 0 0 0 -1 3010.DAT
0 STEP
1 86 390.0 -1608 250.0 0 0 1 0 1 0 -1 0 0 3005.DAT
0 STEP
1 86 390.0 -1632 280.0 0 0 1 0 1 0 -1 0 0 3010.DAT
0 STEP
1 86 400.0 -1272 300.0 0 0 1 0 1 0 -1 0 0 3001.DAT
0 STEP
1 86 410.0 -1656 270.0 -1 0 0 0 1 0 0 0 -1 3622.DAT
0 STEP
1 86 420.0 -1608 290.0 -1 0 0 0 1 0 0 0 -1 3010.DAT
0 STEP
1 86 420.0 -1656 290.0 -1 0 0 0 1 0 0 0 -1 3010.DAT
0 STEP
1 86 410.0 -1296 310.0 -1 0 0 0 1 0 0 0 -1 3622.DAT
0 STEP
1 86 390.0 -1656 330.0 0 0 1 0 1 0 -1 0 0 3622.DAT
0 STEP
1 86 390.0 -1680 310.0 0 0 1 0 1 0 -1 0 0 3005.DAT
0 STEP
1 86 390.0 -1296 360.0 0 0 1 0 1 0 -1 0 0 3010.DAT
0 STEP
1 86 420.0 -1320 350.0 -1 0 0 0 1 0 0 0 -1 3010.DAT
0 STEP
1 86 400.0 -1344 370.0 0 0 1 0 1 0 -1 0 0 3002.DAT
0 STEP
1 86 390.0 -1704 370.0 0 0 1 0 1 0 -1 0 0 3005.DAT
0 STEP
1 86 420.0 -1656 400.0 -1 0 0 0 1 0 0 0 -1 3001.DAT
0 STEP
1 86 390.0 -1704 420.0 0 0 1 0 1 0 -1 0 0 3010.DAT
0 STEP
1 86 400.0 -1296 410.0 -1 0 0 0 1 0 0 0 -1 3004.DAT
0 STEP
1 86 390.0 -1344 440.0 0 0 1 0 1 0 -1 0 0 3010.DAT
0 STEP
1 86 410.0 -1728 430.0 -1 0 0 0 1 0 0 0 -1 3622.DAT
0 STEP
1 86 390.0 -1680 450.0 0 0 1 0 1 0 -1 0 0 3005.DAT
0 STEP
1 86 420.0 -1680 470.0 -1 0 0 0 1 0 0 0 -1 3010.DAT
0 STEP
1 86 400.0 -1704 500.0 0 0 1 0 1 0 -1 0 0 3001.DAT
0 STEP
1 86 420.0 -1728 480.0 -1 0 0 0 1 0 0 0 -1 3001.DAT
0 STEP
1 86 440.0 -1344 490.0 -1 0 0 0 1 0 0 0 -1 3009.DAT
0 STEP
1 86 390.0 -1344 510.0 0 0 1 0 1 0 -1 0 0 3005.DAT
0 STEP
1 86 400.0 -1728 540.0 0 0 1 0 1 0 -1 0 0 3001.DAT
0 STEP
1 86 390.0 -1752 510.0 0 0 1 0 1 0 -1 0 0 3005.DAT
0 STEP
1 86 410.0 -1080 540.0 -1 0 0 0 1 0 0 0 -1 3002.DAT
0 STEP
1 86 420.0 -1152 540.0 -1 0 0 0 1 0 0 0 -1 3001.DAT
0 STEP
1 86 400.0 -1176 550.0 0 0 1 0 1 0 -1 0 0 3002.DAT
0 STEP
1 86 400.0 -1224 550.0 0 0 1 0 1 0 -1 0 0 3002.DAT
0 STEP
1 86 400.0 -1272 550.0 0 0 1 0 1 0 -1 0 0 3002.DAT
0 STEP
1 86 420.0 -1008 560.0 -1 0 0 0 1 0 0 0 -1 3001.DAT
0 STEP
1 86 400.0 -1032 570.0 0 0 1 0 1 0 -1 0 0 3002.DAT
0 STEP
1 86 440.0 -1104 550.0 -1 0 0 0 1 0 0 0 -1 3009.DAT
0 STEP
1 86 420.0 -1752 550.0 -1 0 0 0 1 0 0 0 -1 3010.DAT
0 STEP
1 86 400.0 -984 590.0 0 0 1 0 1 0 -1 0 0 3002.DAT
0 STEP
1 86 410.0 -1080 570.0 -1 0 0 0 1 0 0 0 -1 3622.DAT
0 STEP
1 86 460.0 -1152 570.0 -1 0 0 0 1 0 0 0 -1 3008.DAT
0 STEP
1 86 410.0 -1776 570.0 -1 0 0 0 1 0 0 0 -1 3622.DAT
0 STEP
1 86 410.0 -912 600.0 -1 0 0 0 1 0 0 0 -1 3002.DAT
0 STEP
1 86 440.0 -936 600.0 -1 0 0 0 1 0 0 0 -1 2456.DAT
0 STEP
1 86 390.0 -912 630.0 0 0 1 0 1 0 -1 0 0 3005.DAT
0 STEP
1 86 440.0 -936 630.0 -1 0 0 0 1 0 0 0 -1 3009.DAT
0 STEP
1 86 390.0 -1728 630.0 0 0 1 0 1 0 -1 0 0 3005.DAT
0 STEP
1 86 390.0 -840 650.0 0 0 1 0 1 0 -1 0 0 3005.DAT
0 STEP
1 86 420.0 -1800 660.0 -1 0 0 0 1 0 0 0 -1 3001.DAT
0 STEP
1 86 400.0 -792 690.0 0 0 1 0 1 0 -1 0 0 3002.DAT
0 STEP
1 86 420.0 -840 670.0 -1 0 0 0 1 0 0 0 -1 3010.DAT
0 STEP
1 86 390.0 -864 670.0 0 0 1 0 1 0 -1 0 0 3005.DAT
0 STEP
1 86 390.0 -744 710.0 0 0 1 0 1 0 -1 0 0 3622.DAT
0 STEP
1 86 390.0 -840 690.0 0 0 1 0 1 0 -1 0 0 3005.DAT
0 STEP
1 86 420.0 -1800 690.0 -1 0 0 0 1 0 0 0 -1 3010.DAT
0 STEP
1 86 400.0 -720 730.0 0 0 1 0 1 0 -1 0 0 3002.DAT
0 STEP
1 86 390.0 -1800 710.0 0 0 1 0 1 0 -1 0 0 3005.DAT
0 STEP
1 86 390.0 -696 760.0 0 0 1 0 1 0 -1 0 0 3010.DAT
0 STEP
1 86 440.0 -1752 730.0 -1 0 0 0 1 0 0 0 -1 3009.DAT
0 STEP
1 86 390.0 -1800 760.0 0 0 1 0 1 0 -1 0 0 3010.DAT
0 STEP
1 86 400.0 -672 750.0 -1 0 0 0 1 0 0 0 -1 3004.DAT
0 STEP
1 86 400.0 -1752 780.0 0 0 1 0 1 0 -1 0 0 3001.DAT
0 STEP
1 86 400.0 -1728 830.0 0 0 1 0 1 0 -1 0 0 3002.DAT
0 STEP
1 86 400.0 -1752 830.0 -1 0 0 0 1 0 0 0 -1 3004.DAT
0 STEP
1 86 420.0 -1776 830.0 -1 0 0 0 1 0 0 0 -1 3010.DAT
0 STEP
1 86 420.0 -1752 850.0 -1 0 0 0 1 0 0 0 -1 3010.DAT
0 STEP
1 86 390.0 -1728 870.0 0 0 1 0 1 0 -1 0 0 3005.DAT
0 STEP
1 86 390.0 -1608 910.0 0 0 1 0 1 0 -1 0 0 3622.DAT
0 STEP
1 86 420.0 -1704 890.0 -1 0 0 0 1 0 0 0 -1 3010.DAT
0 STEP
1 86 400.0 -504 940.0 0 0 1 0 1 0 -1 0 0 3001.DAT
0 STEP
1 86 390.0 -1512 930.0 0 0 1 0 1 0 -1 0 0 3622.DAT
0 STEP
1 86 400.0 -1560 910.0 -1 0 0 0 1 0 0 0 -1 3004.DAT
0 STEP
1 86 420.0 -1584 910.0 -1 0 0 0 1 0 0 0 -1 3010.DAT
0 STEP
1 86 440.0 -1632 910.0 -1 0 0 0 1 0 0 0 -1 3009.DAT
0 STEP
1 86 390.0 -1680 910.0 0 0 1 0 1 0 -1 0 0 3005.DAT
0 STEP
1 86 390.0 -1584 930.0 0 0 1 0 1 0 -1 0 0 3005.DAT
0 STEP
1 86 400.0 -456 1020.0 0 0 1 0 1 0 -1 0 0 3007.DAT
0 STEP
1 86 410.0 -1416 960.0 -1 0 0 0 1 0 0 0 -1 3002.DAT
0 STEP
1 86 400.0 -1440 970.0 0 0 1 0 1 0 -1 0 0 3002.DAT
0 STEP
1 86 400.0 -1560 950.0 -1 0 0 0 1 0 0 0 -1 3004.DAT
0 STEP
1 86 390.0 -480 970.0 0 0 1 0 1 0 -1 0 0 3005.DAT
0 STEP
1 86 400.0 -1392 990.0 0 0 1 0 1 0 -1 0 0 3002.DAT
0 STEP
1 86 410.0 -480 1000.0 -1 0 0 0 1 0 0 0 -1 3002.DAT
0 STEP
1 86 410.0 -1368 990.0 -1 0 0 0 1 0 0 0 -1 3622.DAT
0 STEP
1 86 410.0 -480 1040.0 -1 0 0 0 1 0 0 0 -1 3002.DAT
0 STEP
1 86 420.0 -1320 1030.0 -1 0 0 0 1 0 0 0 -1 3010.DAT
0 STEP
1 86 390.0 -1344 1040.0 0 0 1 0 1 0 -1 0 0 3004.DAT
0 STEP
1 86 400.0 -1368 1030.0 -1 0 0 0 1 0 0 0 -1 3004.DAT
0 STEP
1 86 410.0 -1296 1060.0 -1 0 0 0 1 0 0 0 -1 3002.DAT
0 STEP
1 86 390.0 -432 1120.0 0 0 1 0 1 0 -1 0 0 3004.DAT
0 STEP
1 86 400.0 -1248 1130.0 0 0 1 0 1 0 -1 0 0 3002.DAT
0 STEP
1 86 420.0 -1296 1110.0 -1 0 0 0 1 0 0 0 -1 3010.DAT
0 STEP
1 86 400.0 -432 1160.0 0 0 1 0 1 0 -1 0 0 3003.DAT
0 STEP
1 86 420.0 -456 1160.0 -1 0 0 0 1 0 0 0 -1 3001.DAT
0 STEP
1 86 400.0 -456 1220.0 0 0 1 0 1 0 -1 0 0 3001.DAT
0 STEP
1 86 400.0 -1200 1220.0 0 0 1 0 1 0 -1 0 0 3001.DAT
0 STEP
1 86 390.0 -432 1260.0 0 0 1 0 1 0 -1 0 0 3010.DAT
0 STEP
1 86 460.0 -1224 1230.0 -1 0 0 0 1 0 0 0 -1 3008.DAT
0 STEP
1 86 390.0 -456 1270.0 0 0 1 0 1 0 -1 0 0 3005.DAT
0 STEP
1 86 390.0 -456 1320.0 0 0 1 0 1 0 -1 0 0 3010.DAT
0 STEP
1 86 440.0 -1104 1300.0 -1 0 0 0 1 0 0 0 -1 2456.DAT
0 STEP
1 86 390.0 -1152 1300.0 0 0 1 0 1 0 -1 0 0 3004.DAT
0 STEP
1 86 390.0 -432 1310.0 0 0 1 0 1 0 -1 0 0 3005.DAT
0 STEP
1 86 390.0 -1032 1350.0 0 0 1 0 1 0 -1 0 0 3622.DAT
0 STEP
1 86 390.0 -1080 1330.0 0 0 1 0 1 0 -1 0 0 3005.DAT
0 STEP
1 86 460.0 -1104 1330.0 -1 0 0 0 1 0 0 0 -1 3008.DAT
0 STEP
1 86 390.0 -432 1380.0 0 0 1 0 1 0 -1 0 0 3010.DAT
0 STEP
1 86 390.0 -984 1370.0 0 0 1 0 1 0 -1 0 0 3622.DAT
0 STEP
1 86 420.0 -456 1370.0 -1 0 0 0 1 0 0 0 -1 3010.DAT
0 STEP
1 86 410.0 -384 1390.0 -1 0 0 0 1 0 0 0 -1 3622.DAT
0 STEP
1 86 390.0 -936 1400.0 0 0 1 0 1 0 -1 0 0 3004.DAT
0 STEP
1 86 400.0 -384 1440.0 0 0 1 0 1 0 -1 0 0 3001.DAT
0 STEP
1 86 390.0 -408 1410.0 0 0 1 0 1 0 -1 0 0 3005.DAT
0 STEP
1 86 420.0 -888 1420.0 -1 0 0 0 1 0 0 0 -1 3001.DAT
0 STEP
1 86 420.0 -432 1440.0 -1 0 0 0 1 0 0 0 -1 3001.DAT
0 STEP
1 86 390.0 -816 1440.0 0 0 1 0 1 0 -1 0 0 3004.DAT
0 STEP
1 86 440.0 -936 1430.0 -1 0 0 0 1 0 0 0 -1 3009.DAT
0 STEP
1 86 420.0 -888 1450.0 -1 0 0 0 1 0 0 0 -1 3010.DAT
0 STEP
1 86 390.0 -744 1510.0 0 0 1 0 1 0 -1 0 0 3622.DAT
0 STEP
1 86 420.0 -360 1530.0 -1 0 0 0 1 0 0 0 -1 3010.DAT
0 STEP
1 86 390.0 -360 1550.0 0 0 1 0 1 0 -1 0 0 3005.DAT
0 STEP
1 86 390.0 -288 1590.0 0 0 1 0 1 0 -1 0 0 3622.DAT
0 STEP
1 86 400.0 -264 1680.0 0 0 1 0 1 0 -1 0 0 3007.DAT
0 STEP
1 86 420.0 -624 1610.0 -1 0 0 0 1 0 0 0 -1 3010.DAT
0 STEP
1 86 400.0 -216 1740.0 0 0 1 0 1 0 -1 0 0 2456.DAT
0 STEP
1 86 390.0 -480 1720.0 0 0 1 0 1 0 -1 0 0 3010.DAT
0 STEP
1 86 420.0 -528 1700.0 -1 0 0 0 1 0 0 0 -1 3001.DAT
0 STEP
1 86 460.0 -240 1730.0 -1 0 0 0 1 0 0 0 -1 3008.DAT
0 STEP
1 86 440.0 -456 1740.0 -1 0 0 0 1 0 0 0 -1 2456.DAT
0 STEP
1 86 390.0 -264 1820.0 0 0 1 0 1 0 -1 0 0 3009.DAT
0 STEP
1 86 400.0 -408 1790.0 0 0 1 0 1 0 -1 0 0 3002.DAT
0 STEP
1 86 420.0 -216 1810.0 -1 0 0 0 1 0 0 0 -1 3010.DAT
0 STEP
1 86 440.0 -216 1830.0 -1 0 0 0 1 0 0 0 -1 3009.DAT
0 STEP
1 86 440.0 -408 1830.0 -1 0 0 0 1 0 0 0 -1 3009.DAT
0 STEP
1 86 390.0 -240 1850.0 0 0 1 0 1 0 -1 0 0 3005.DAT
0 STEP
1 86 390.0 -288 1850.0 0 0 1 0 1 0 -1 0 0 3005.DAT
0 STEP
1 86 420.0 -240 1870.0 -1 0 0 0 1 0 0 0 -1 3010.DAT
0 STEP
1 86 410.0 -312 1880.0 -1 0 0 0 1 0 0 0 -1 3002.DAT
0 STEP
1 86 400.0 -264 1890.0 -1 0 0 0 1 0 0 0 -1 3004.DAT
0 STEP
1 86 410.0 -1176 60.0 0 0 1 0 1 0 -1 0 0 3009.DAT
0 STEP
1 86 410.0 -1200 10.0 0 0 1 0 1 0 -1 0 0 3005.DAT
0 STEP
1 86 420.0 -1224 20.0 0 0 1 0 1 0 -1 0 0 3003.DAT
0 STEP
1 86 410.0 -1080 40.0 0 0 1 0 1 0 -1 0 0 3004.DAT
0 STEP
1 86 410.0 -1272 60.0 0 0 1 0 1 0 -1 0 0 3010.DAT
0 STEP
1 86 410.0 -1032 60.0 0 0 1 0 1 0 -1 0 0 3004.DAT
0 STEP
1 86 410.0 -1056 60.0 0 0 1 0 1 0 -1 0 0 3004.DAT
0 STEP
1 86 420.0 -1224 70.0 0 0 1 0 1 0 -1 0 0 3002.DAT
0 STEP
1 86 430.0 -1368 50.0 -1 0 0 0 1 0 0 0 -1 3622.DAT
0 STEP
1 86 420.0 -1392 70.0 0 0 1 0 1 0 -1 0 0 3002.DAT
0 STEP
1 86 410.0 -1248 100.0 0 0 1 0 1 0 -1 0 0 3010.DAT
0 STEP
1 86 420.0 -1368 80.0 0 0 1 0 1 0 -1 0 0 3003.DAT
0 STEP
1 86 430.0 -1440 80.0 -1 0 0 0 1 0 0 0 -1 3002.DAT
0 STEP
1 86 410.0 -1200 140.0 0 0 1 0 1 0 -1 0 0 3009.DAT
0 STEP
1 86 410.0 -1416 100.0 0 0 1 0 1 0 -1 0 0 3004.DAT
0 STEP
1 86 420.0 -1464 110.0 0 0 1 0 1 0 -1 0 0 3002.DAT
0 STEP
1 86 430.0 -1440 110.0 -1 0 0 0 1 0 0 0 -1 3622.DAT
0 STEP
1 86 420.0 -1512 130.0 0 0 1 0 1 0 -1 0 0 3002.DAT
0 STEP
1 86 410.0 -1176 130.0 0 0 1 0 1 0 -1 0 0 3005.DAT
0 STEP
1 86 440.0 -1536 170.0 -1 0 0 0 1 0 0 0 -1 3010.DAT
0 STEP
1 86 410.0 -1584 200.0 0 0 1 0 1 0 -1 0 0 3010.DAT
0 STEP
1 86 430.0 -1224 200.0 -1 0 0 0 1 0 0 0 -1 3002.DAT
0 STEP
1 86 410.0 -1608 190.0 0 0 1 0 1 0 -1 0 0 3005.DAT
0 STEP
1 86 440.0 -1272 220.0 -1 0 0 0 1 0 0 0 -1 3001.DAT
0 STEP
1 86 430.0 -1560 210.0 -1 0 0 0 1 0 0 0 -1 3622.DAT
0 STEP
1 86 420.0 -1224 230.0 -1 0 0 0 1 0 0 0 -1 3004.DAT
0 STEP
1 86 420.0 -1632 280.0 0 0 1 0 1 0 -1 0 0 2456.DAT
0 STEP
1 86 440.0 -1608 250.0 -1 0 0 0 1 0 0 0 -1 3010.DAT
0 STEP
1 86 410.0 -1320 310.0 0 0 1 0 1 0 -1 0 0 3622.DAT
0 STEP
1 86 430.0 -1656 310.0 -1 0 0 0 1 0 0 0 -1 3622.DAT
0 STEP
1 86 420.0 -1680 340.0 0 0 1 0 1 0 -1 0 0 3001.DAT
0 STEP
1 86 420.0 -1296 360.0 0 0 1 0 1 0 -1 0 0 3001.DAT
0 STEP
1 86 440.0 -1656 340.0 -1 0 0 0 1 0 0 0 -1 3001.DAT
0 STEP
1 86 420.0 -1704 350.0 -1 0 0 0 1 0 0 0 -1 3004.DAT
0 STEP
1 86 420.0 -1704 400.0 0 0 1 0 1 0 -1 0 0 3001.DAT
0 STEP
1 86 410.0 -1320 390.0 0 0 1 0 1 0 -1 0 0 3005.DAT
0 STEP
1 86 440.0 -1680 390.0 -1 0 0 0 1 0 0 0 -1 3010.DAT
0 STEP
1 86 410.0 -1320 460.0 0 0 1 0 1 0 -1 0 0 3009.DAT
0 STEP
1 86 440.0 -1344 410.0 -1 0 0 0 1 0 0 0 -1 3010.DAT
0 STEP
1 86 410.0 -1680 430.0 0 0 1 0 1 0 -1 0 0 3622.DAT
0 STEP
1 86 420.0 -1344 450.0 0 0 1 0 1 0 -1 0 0 3002.DAT
0 STEP
1 86 410.0 -1704 450.0 0 0 1 0 1 0 -1 0 0 3005.DAT
0 STEP
1 86 420.0 -1368 480.0 0 0 1 0 1 0 -1 0 0 3003.DAT
0 STEP
1 86 410.0 -1752 500.0 0 0 1 0 1 0 -1 0 0 3004.DAT
0 STEP
1 86 440.0 -1344 510.0 -1 0 0 0 1 0 0 0 -1 3010.DAT
0 STEP
1 86 410.0 -1128 540.0 0 0 1 0 1 0 -1 0 0 3004.DAT
0 STEP
1 86 460.0 -1248 550.0 -1 0 0 0 1 0 0 0 -1 3009.DAT
0 STEP
1 86 440.0 -1104 570.0 -1 0 0 0 1 0 0 0 -1 3010.DAT
0 STEP
1 86 430.0 -1752 570.0 -1 0 0 0 1 0 0 0 -1 3622.DAT
0 STEP
1 86 440.0 -1752 590.0 -1 0 0 0 1 0 0 0 -1 3010.DAT
0 STEP
1 86 410.0 -1752 610.0 0 0 1 0 1 0 -1 0 0 3005.DAT
0 STEP
1 86 420.0 -1776 610.0 -1 0 0 0 1 0 0 0 -1 3004.DAT
0 STEP
1 86 410.0 -840 640.0 0 0 1 0 1 0 -1 0 0 3004.DAT
0 STEP
1 86 420.0 -864 650.0 0 0 1 0 1 0 -1 0 0 3002.DAT
0 STEP
1 86 440.0 -912 630.0 -1 0 0 0 1 0 0 0 -1 3010.DAT
0 STEP
1 86 430.0 -1776 640.0 -1 0 0 0 1 0 0 0 -1 3002.DAT
0 STEP
1 86 430.0 -1800 630.0 -1 0 0 0 1 0 0 0 -1 3622.DAT
0 STEP
1 86 440.0 -1776 680.0 -1 0 0 0 1 0 0 0 -1 3001.DAT
0 STEP
1 86 410.0 -744 690.0 0 0 1 0 1 0 -1 0 0 3005.DAT
0 STEP
1 86 440.0 -744 720.0 -1 0 0 0 1 0 0 0 -1 3001.DAT
0 STEP
1 86 420.0 -1776 740.0 0 0 1 0 1 0 -1 0 0 3001.DAT
0 STEP
1 86 440.0 -1800 710.0 -1 0 0 0 1 0 0 0 -1 3010.DAT
0 STEP
1 86 420.0 -696 750.0 0 0 1 0 1 0 -1 0 0 3002.DAT
0 STEP
1 86 440.0 -1800 740.0 -1 0 0 0 1 0 0 0 -1 3001.DAT
0 STEP
1 86 410.0 -648 770.0 0 0 1 0 1 0 -1 0 0 3005.DAT
0 STEP
1 86 430.0 -1800 770.0 -1 0 0 0 1 0 0 0 -1 3622.DAT
0 STEP
1 86 410.0 -624 820.0 0 0 1 0 1 0 -1 0 0 3010.DAT
0 STEP
1 86 410.0 -1800 790.0 0 0 1 0 1 0 -1 0 0 3005.DAT
0 STEP
1 86 410.0 -600 810.0 0 0 1 0 1 0 -1 0 0 3005.DAT
0 STEP
1 86 410.0 -576 860.0 0 0 1 0 1 0 -1 0 0 3010.DAT
0 STEP
1 86 410.0 -1680 890.0 0 0 1 0 1 0 -1 0 0 3622.DAT
0 STEP
1 86 420.0 -1728 880.0 0 0 1 0 1 0 -1 0 0 3003.DAT
0 STEP
1 86 410.0 -1752 870.0 0 0 1 0 1 0 -1 0 0 3005.DAT
0 STEP
1 86 420.0 -1608 910.0 0 0 1 0 1 0 -1 0 0 3002.DAT
0 STEP
1 86 410.0 -1656 890.0 0 0 1 0 1 0 -1 0 0 3005.DAT
0 STEP
1 86 410.0 -1512 920.0 0 0 1 0 1 0 -1 0 0 3004.DAT
0 STEP
1 86 430.0 -1464 930.0 -1 0 0 0 1 0 0 0 -1 3622.DAT
0 STEP
1 86 420.0 -1488 950.0 0 0 1 0 1 0 -1 0 0 3002.DAT
0 STEP
1 86 440.0 -1584 930.0 -1 0 0 0 1 0 0 0 -1 3010.DAT
0 STEP
1 86 410.0 -1656 930.0 0 0 1 0 1 0 -1 0 0 3005.DAT
0 STEP
1 86 410.0 -1464 950.0 0 0 1 0 1 0 -1 0 0 3005.DAT
0 STEP
1 86 440.0 -1512 950.0 -1 0 0 0 1 0 0 0 -1 3010.DAT
0 STEP
1 86 420.0 -1584 950.0 -1 0 0 0 1 0 0 0 -1 3004.DAT
0 STEP
1 86 440.0 -480 970.0 -1 0 0 0 1 0 0 0 -1 3010.DAT
0 STEP
1 86 410.0 -1368 1010.0 0 0 1 0 1 0 -1 0 0 3005.DAT
0 STEP
1 86 440.0 -1344 1040.0 -1 0 0 0 1 0 0 0 -1 3001.DAT
0 STEP
1 86 420.0 -432 1050.0 -1 0 0 0 1 0 0 0 -1 3004.DAT
0 STEP
1 86 410.0 -432 1100.0 0 0 1 0 1 0 -1 0 0 3010.DAT
0 STEP
1 86 420.0 -1272 1090.0 0 0 1 0 1 0 -1 0 0 3002.DAT
0 STEP
1 86 420.0 -1320 1070.0 -1 0 0 0 1 0 0 0 -1 3004.DAT
0 STEP
1 86 440.0 -1320 1090.0 -1 0 0 0 1 0 0 0 -1 3010.DAT
0 STEP
1 86 410.0 -480 1130.0 0 0 1 0 1 0 -1 0 0 3622.DAT
0 STEP
1 86 410.0 -1272 1130.0 0 0 1 0 1 0 -1 0 0 3005.DAT
0 STEP
1 86 420.0 -1224 1180.0 0 0 1 0 1 0 -1 0 0 3001.DAT
0 STEP
1 86 420.0 -432 1230.0 -1 0 0 0 1 0 0 0 -1 3004.DAT
0 STEP
1 86 410.0 -480 1230.0 0 0 1 0 1 0 -1 0 0 3005.DAT
0 STEP
1 86 420.0 -1176 1260.0 0 0 1 0 1 0 -1 0 0 3001.DAT
0 STEP
1 86 420.0 -432 1280.0 0 0 1 0 1 0 -1 0 0 3001.DAT
0 STEP
1 86 410.0 -456 1300.0 0 0 1 0 1 0 -1 0 0 3010.DAT
0 STEP
1 86 430.0 -480 1290.0 -1 0 0 0 1 0 0 0 -1 3622.DAT
0 STEP
1 86 440.0 -1152 1290.0 -1 0 0 0 1 0 0 0 -1 3010.DAT
0 STEP
1 86 420.0 -408 1310.0 -1 0 0 0 1 0 0 0 -1 3004.DAT
0 STEP
1 86 410.0 -1080 1320.0 0 0 1 0 1 0 -1 0 0 3004.DAT
0 STEP
1 86 420.0 -1152 1310.0 -1 0 0 0 1 0 0 0 -1 3004.DAT
0 STEP
1 86 420.0 -408 1360.0 0 0 1 0 1 0 -1 0 0 3001.DAT
0 STEP
1 86 460.0 -1032 1340.0 -1 0 0 0 1 0 0 0 -1 2456.DAT
0 STEP
1 86 430.0 -432 1350.0 -1 0 0 0 1 0 0 0 -1 3622.DAT
0 STEP
1 86 440.0 -456 1350.0 -1 0 0 0 1 0 0 0 -1 3010.DAT
0 STEP
1 86 440.0 -1080 1350.0 -1 0 0 0 1 0 0 0 -1 3010.DAT
0 STEP
1 86 410.0 -432 1370.0 0 0 1 0 1 0 -1 0 0 3005.DAT
0 STEP
1 86 420.0 -984 1390.0 0 0 1 0 1 0 -1 0 0 3002.DAT
0 STEP
1 86 460.0 -1032 1370.0 -1 0 0 0 1 0 0 0 -1 3009.DAT
0 STEP
1 86 440.0 -432 1390.0 -1 0 0 0 1 0 0 0 -1 3010.DAT
0 STEP
1 86 440.0 -936 1390.0 -1 0 0 0 1 0 0 0 -1 3010.DAT
0 STEP
1 86 460.0 -408 1410.0 -1 0 0 0 1 0 0 0 -1 3009.DAT
0 STEP
1 86 430.0 -432 1410.0 -1 0 0 0 1 0 0 0 -1 3622.DAT
0 STEP
1 86 410.0 -864 1430.0 0 0 1 0 1 0 -1 0 0 3622.DAT
0 STEP
1 86 410.0 -936 1410.0 0 0 1 0 1 0 -1 0 0 3005.DAT
0 STEP
1 86 410.0 -408 1430.0 0 0 1 0 1 0 -1 0 0 3005.DAT
0 STEP
1 86 420.0 -792 1470.0 0 0 1 0 1 0 -1 0 0 3002.DAT
0 STEP
1 86 410.0 -816 1450.0 0 0 1 0 1 0 -1 0 0 3005.DAT
0 STEP
1 86 410.0 -360 1490.0 0 0 1 0 1 0 -1 0 0 3622.DAT
0 STEP
1 86 410.0 -744 1490.0 0 0 1 0 1 0 -1 0 0 3622.DAT
0 STEP
1 86 410.0 -336 1510.0 0 0 1 0 1 0 -1 0 0 3622.DAT
0 STEP
1 86 410.0 -816 1490.0 0 0 1 0 1 0 -1 0 0 3005.DAT
0 STEP
1 86 410.0 -312 1560.0 0 0 1 0 1 0 -1 0 0 3010.DAT
0 STEP
1 86 460.0 -672 1540.0 -1 0 0 0 1 0 0 0 -1 2456.DAT
0 STEP
1 86 440.0 -360 1550.0 -1 0 0 0 1 0 0 0 -1 3010.DAT
0 STEP
1 86 410.0 -648 1570.0 0 0 1 0 1 0 -1 0 0 3622.DAT
0 STEP
1 86 410.0 -696 1550.0 0 0 1 0 1 0 -1 0 0 3005.DAT
0 STEP
1 86 420.0 -288 1620.0 0 0 1 0 1 0 -1 0 0 2456.DAT
0 STEP
1 86 460.0 -672 1570.0 -1 0 0 0 1 0 0 0 -1 3009.DAT
0 STEP
1 86 410.0 -240 1670.0 0 0 1 0 1 0 -1 0 0 3622.DAT
0 STEP
1 86 410.0 -552 1670.0 0 0 1 0 1 0 -1 0 0 3005.DAT
0 STEP
1 86 410.0 -480 1690.0 0 0 1 0 1 0 -1 0 0 3005.DAT
0 STEP
1 86 480.0 -480 1710.0 -1 0 0 0 1 0 0 0 -1 3008.DAT
0 STEP
1 86 430.0 -480 1740.0 -1 0 0 0 1 0 0 0 -1 3002.DAT
0 STEP
1 86 480.0 -240 1750.0 -1 0 0 0 1 0 0 0 -1 3008.DAT
0 STEP
1 86 410.0 -264 1800.0 0 0 1 0 1 0 -1 0 0 3010.DAT
0 STEP
1 86 420.0 -240 1830.0 0 0 1 0 1 0 -1 0 0 3002.DAT
0 STEP
1 86 440.0 -384 1810.0 -1 0 0 0 1 0 0 0 -1 3010.DAT
0 STEP
1 86 420.0 -384 1860.0 0 0 1 0 1 0 -1 0 0 3001.DAT
0 STEP
1 86 430.0 -432 1830.0 -1 0 0 0 1 0 0 0 -1 3622.DAT
0 STEP
1 86 440.0 -264 1850.0 -1 0 0 0 1 0 0 0 -1 3010.DAT
0 STEP
1 86 410.0 -264 1870.0 0 0 1 0 1 0 -1 0 0 3005.DAT
0 STEP
1 86 410.0 -288 1890.0 0 0 1 0 1 0 -1 0 0 3622.DAT
0 STEP
1 86 460.0 -360 1870.0 -1 0 0 0 1 0 0 0 -1 3009.DAT
0 STEP
1 86 420.0 -240 1900.0 0 0 1 0 1 0 -1 0 0 3003.DAT
0 STEP
1 86 410.0 -336 1910.0 0 0 1 0 1 0 -1 0 0 3622.DAT
0 STEP
1 86 440.0 -360 1890.0 -1 0 0 0 1 0 0 0 -1 3010.DAT
0 STEP
1 86 410.0 -264 1910.0 0 0 1 0 1 0 -1 0 0 3005.DAT
0 STEP
1 86 410.0 -360 1910.0 0 0 1 0 1 0 -1 0 0 3005.DAT
0 STEP
1 86 420.0 -312 1930.0 -1 0 0 0 1 0 0 0 -1 3004.DAT
0 STEP
1 86 430.0 -1128 40.0 0 0 1 0 1 0 -1 0 0 3004.DAT
0 STEP
1 86 430.0 -1176 40.0 0 0 1 0 1 0 -1 0 0 3004.DAT
0 STEP
1 86 430.0 -1200 60.0 0 0 1 0 1 0 -1 0 0 3010.DAT
0 STEP
1 86 440.0 -1272 60.0 0 0 1 0 1 0 -1 0 0 3001.DAT
0 STEP
1 86 430.0 -1320 40.0 0 0 1 0 1 0 -1 0 0 3004.DAT
0 STEP
1 86 430.0 -1080 50.0 0 0 1 0 1 0 -1 0 0 3005.DAT
0 STEP
1 86 430.0 -1128 90.0 0 0 1 0 1 0 -1 0 0 3622.DAT
0 STEP
1 86 440.0 -1176 90.0 0 0 1 0 1 0 -1 0 0 3002.DAT
0 STEP
1 86 440.0 -1248 70.0 -1 0 0 0 1 0 0 0 -1 3004.DAT
0 STEP
1 86 440.0 -1320 120.0 0 0 1 0 1 0 -1 0 0 2456.DAT
0 STEP
1 86 430.0 -1104 90.0 0 0 1 0 1 0 -1 0 0 3005.DAT
0 STEP
1 86 440.0 -1248 160.0 0 0 1 0 1 0 -1 0 0 3007.DAT
0 STEP
1 86 450.0 -1296 90.0 -1 0 0 0 1 0 0 0 -1 3622.DAT
0 STEP
1 86 450.0 -1344 90.0 -1 0 0 0 1 0 0 0 -1 3622.DAT
0 STEP
1 86 430.0 -1416 120.0 0 0 1 0 1 0 -1 0 0 3010.DAT
0 STEP
1 86 430.0 -1152 120.0 0 0 1 0 1 0 -1 0 0 3004.DAT
0 STEP
1 86 430.0 -1200 160.0 0 0 1 0 1 0 -1 0 0 3009.DAT
0 STEP
1 86 430.0 -1272 140.0 0 0 1 0 1 0 -1 0 0 3010.DAT
0 STEP
1 86 450.0 -1296 120.0 -1 0 0 0 1 0 0 0 -1 3002.DAT
0 STEP
1 86 450.0 -1344 120.0 -1 0 0 0 1 0 0 0 -1 3002.DAT
0 STEP
1 86 430.0 -1368 120.0 0 0 1 0 1 0 -1 0 0 3004.DAT
0 STEP
1 86 430.0 -1392 110.0 0 0 1 0 1 0 -1 0 0 3005.DAT
0 STEP
1 86 430.0 -1176 150.0 0 0 1 0 1 0 -1 0 0 3622.DAT
0 STEP
1 86 450.0 -1392 130.0 -1 0 0 0 1 0 0 0 -1 3622.DAT
0 STEP
1 86 450.0 -1440 140.0 -1 0 0 0 1 0 0 0 -1 3002.DAT
0 STEP
1 86 450.0 -1296 160.0 -1 0 0 0 1 0 0 0 -1 3002.DAT
0 STEP
1 86 430.0 -1344 180.0 0 0 1 0 1 0 -1 0 0 3010.DAT
0 STEP
1 86 450.0 -1368 160.0 -1 0 0 0 1 0 0 0 -1 3002.DAT
0 STEP
1 86 430.0 -1392 150.0 0 0 1 0 1 0 -1 0 0 3005.DAT
0 STEP
1 86 430.0 -1464 150.0 0 0 1 0 1 0 -1 0 0 3005.DAT
0 STEP
1 86 450.0 -1488 150.0 -1 0 0 0 1 0 0 0 -1 3622.DAT
0 STEP
1 86 430.0 -1560 170.0 0 0 1 0 1 0 -1 0 0 3622.DAT
0 STEP
1 86 450.0 -1464 170.0 -1 0 0 0 1 0 0 0 -1 3622.DAT
0 STEP
1 86 430.0 -1488 170.0 0 0 1 0 1 0 -1 0 0 3005.DAT
0 STEP
1 86 430.0 -1512 170.0 0 0 1 0 1 0 -1 0 0 3005.DAT
0 STEP
1 86 430.0 -1584 170.0 0 0 1 0 1 0 -1 0 0 3005.DAT
0 STEP
1 86 450.0 -1272 190.0 -1 0 0 0 1 0 0 0 -1 3622.DAT
0 STEP
1 86 430.0 -1296 210.0 0 0 1 0 1 0 -1 0 0 3622.DAT
0 STEP
1 86 450.0 -1320 200.0 -1 0 0 0 1 0 0 0 -1 3002.DAT
0 STEP
1 86 440.0 -1512 190.0 -1 0 0 0 1 0 0 0 -1 3004.DAT
0 STEP
1 86 430.0 -1536 190.0 0 0 1 0 1 0 -1 0 0 3005.DAT
0 STEP
1 86 440.0 -1584 210.0 0 0 1 0 1 0 -1 0 0 3002.DAT
0 STEP
1 86 440.0 -1320 280.0 0 0 1 0 1 0 -1 0 0 2456.DAT
0 STEP
1 86 440.0 -1560 230.0 -1 0 0 0 1 0 0 0 -1 3004.DAT
0 STEP
1 86 440.0 -1248 250.0 -1 0 0 0 1 0 0 0 -1 3004.DAT
0 STEP
1 86 430.0 -1248 270.0 0 0 1 0 1 0 -1 0 0 3005.DAT
0 STEP
1 86 440.0 -1272 270.0 -1 0 0 0 1 0 0 0 -1 3004.DAT
0 STEP
1 86 430.0 -1272 310.0 0 0 1 0 1 0 -1 0 0 3622.DAT
0 STEP
1 86 460.0 -1344 350.0 -1 0 0 0 1 0 0 0 -1 3010.DAT
0 STEP
1 86 430.0 -1320 370.0 0 0 1 0 1 0 -1 0 0 3005.DAT
0 STEP
1 86 450.0 -1344 380.0 -1 0 0 0 1 0 0 0 -1 3002.DAT
0 STEP
1 86 430.0 -1320 420.0 0 0 1 0 1 0 -1 0 0 3010.DAT
0 STEP
1 86 430.0 -1368 410.0 0 0 1 0 1 0 -1 0 0 3005.DAT
0 STEP
1 86 440.0 -1680 430.0 0 0 1 0 1 0 -1 0 0 3002.DAT
0 STEP
1 86 430.0 -1704 500.0 0 0 1 0 1 0 -1 0 0 3009.DAT
0 STEP
1 86 440.0 -1320 500.0 0 0 1 0 1 0 -1 0 0 3001.DAT
0 STEP
1 86 460.0 -1680 500.0 -1 0 0 0 1 0 0 0 -1 3001.DAT
0 STEP
1 86 450.0 -1728 520.0 -1 0 0 0 1 0 0 0 -1 3002.DAT
0 STEP
1 86 450.0 -1104 530.0 -1 0 0 0 1 0 0 0 -1 3622.DAT
0 STEP
1 86 430.0 -1128 550.0 0 0 1 0 1 0 -1 0 0 3622.DAT
0 STEP
1 86 440.0 -1176 550.0 0 0 1 0 1 0 -1 0 0 3002.DAT
0 STEP
1 86 440.0 -1224 550.0 0 0 1 0 1 0 -1 0 0 3002.DAT
0 STEP
1 86 440.0 -1272 550.0 0 0 1 0 1 0 -1 0 0 3002.DAT
0 STEP
1 86 440.0 -1032 570.0 0 0 1 0 1 0 -1 0 0 3002.DAT
0 STEP
1 86 430.0 -1728 580.0 0 0 1 0 1 0 -1 0 0 3010.DAT
0 STEP
1 86 440.0 -984 580.0 0 0 1 0 1 0 -1 0 0 3003.DAT
0 STEP
1 86 480.0 -984 610.0 -1 0 0 0 1 0 0 0 -1 3009.DAT
0 STEP
1 86 430.0 -1752 620.0 0 0 1 0 1 0 -1 0 0 3004.DAT
0 STEP
1 86 440.0 -840 650.0 -1 0 0 0 1 0 0 0 -1 3004.DAT
0 STEP
1 86 460.0 -792 680.0 -1 0 0 0 1 0 0 0 -1 3001.DAT
0 STEP
1 86 430.0 -1752 670.0 0 0 1 0 1 0 -1 0 0 3005.DAT
0 STEP
1 86 480.0 -840 690.0 -1 0 0 0 1 0 0 0 -1 3009.DAT
0 STEP
1 86 460.0 -1752 700.0 -1 0 0 0 1 0 0 0 -1 3001.DAT
0 STEP
1 86 450.0 -768 710.0 -1 0 0 0 1 0 0 0 -1 3622.DAT
0 STEP
1 86 460.0 -792 710.0 -1 0 0 0 1 0 0 0 -1 3010.DAT
0 STEP
1 86 440.0 -720 750.0 0 0 1 0 1 0 -1 0 0 3002.DAT
0 STEP
1 86 430.0 -768 730.0 0 0 1 0 1 0 -1 0 0 3005.DAT
0 STEP
1 86 450.0 -744 750.0 -1 0 0 0 1 0 0 0 -1 3622.DAT
0 STEP
1 86 460.0 -1752 760.0 -1 0 0 0 1 0 0 0 -1 3001.DAT
0 STEP
1 86 430.0 -696 790.0 0 0 1 0 1 0 -1 0 0 3005.DAT
0 STEP
1 86 440.0 -1728 820.0 0 0 1 0 1 0 -1 0 0 3001.DAT
0 STEP
1 86 430.0 -1752 790.0 0 0 1 0 1 0 -1 0 0 3005.DAT
0 STEP
1 86 430.0 -1776 800.0 0 0 1 0 1 0 -1 0 0 3004.DAT
0 STEP
1 86 440.0 -624 820.0 0 0 1 0 1 0 -1 0 0 3003.DAT
0 STEP
1 86 450.0 -672 810.0 -1 0 0 0 1 0 0 0 -1 3622.DAT
0 STEP
1 86 460.0 -1752 820.0 -1 0 0 0 1 0 0 0 -1 3001.DAT
0 STEP
1 86 440.0 -648 830.0 -1 0 0 0 1 0 0 0 -1 3004.DAT
0 STEP
1 86 440.0 -576 860.0 0 0 1 0 1 0 -1 0 0 3003.DAT
0 STEP
1 86 500.0 -624 850.0 -1 0 0 0 1 0 0 0 -1 3008.DAT
0 STEP
1 86 430.0 -1656 890.0 0 0 1 0 1 0 -1 0 0 3622.DAT
0 STEP
1 86 440.0 -1680 890.0 0 0 1 0 1 0 -1 0 0 3002.DAT
0 STEP
1 86 460.0 -576 890.0 -1 0 0 0 1 0 0 0 -1 3010.DAT
0 STEP
1 86 430.0 -504 940.0 0 0 1 0 1 0 -1 0 0 3010.DAT
0 STEP
1 86 430.0 -552 910.0 0 0 1 0 1 0 -1 0 0 3005.DAT
0 STEP
1 86 480.0 -1512 910.0 -1 0 0 0 1 0 0 0 -1 3009.DAT
0 STEP
1 86 430.0 -1560 930.0 0 0 1 0 1 0 -1 0 0 3622.DAT
0 STEP
1 86 460.0 -1512 930.0 -1 0 0 0 1 0 0 0 -1 3010.DAT
0 STEP
1 86 440.0 -456 980.0 0 0 1 0 1 0 -1 0 0 3001.DAT
0 STEP
1 86 450.0 -1392 960.0 -1 0 0 0 1 0 0 0 -1 3002.DAT
0 STEP
1 86 430.0 -1440 950.0 0 0 1 0 1 0 -1 0 0 3005.DAT
0 STEP
1 86 440.0 -1464 960.0 0 0 1 0 1 0 -1 0 0 3003.DAT
0 STEP
1 86 430.0 -1368 970.0 0 0 1 0 1 0 -1 0 0 3005.DAT
0 STEP
1 86 460.0 -1440 970.0 -1 0 0 0 1 0 0 0 -1 3010.DAT
0 STEP
1 86 460.0 -1344 1000.0 -1 0 0 0 1 0 0 0 -1 3001.DAT
0 STEP
1 86 450.0 -1392 990.0 -1 0 0 0 1 0 0 0 -1 3622.DAT
0 STEP
1 86 430.0 -1440 990.0 0 0 1 0 1 0 -1 0 0 3005.DAT
0 STEP
1 86 440.0 -1320 1010.0 -1 0 0 0 1 0 0 0 -1 3004.DAT
0 STEP
1 86 430.0 -1368 1020.0 0 0 1 0 1 0 -1 0 0 3004.DAT
0 STEP
1 86 430.0 -456 1030.0 0 0 1 0 1 0 -1 0 0 3005.DAT
0 STEP
1 86 460.0 -456 1060.0 -1 0 0 0 1 0 0 0 -1 3001.DAT
0 STEP
1 86 430.0 -432 1070.0 0 0 1 0 1 0 -1 0 0 3005.DAT
0 STEP
1 86 430.0 -480 1100.0 0 0 1 0 1 0 -1 0 0 3010.DAT
0 STEP
1 86 430.0 -432 1140.0 0 0 1 0 1 0 -1 0 0 3009.DAT
0 STEP
1 86 480.0 -456 1090.0 -1 0 0 0 1 0 0 0 -1 3009.DAT
0 STEP
1 86 440.0 -1248 1130.0 0 0 1 0 1 0 -1 0 0 3002.DAT
0 STEP
1 86 440.0 -1272 1150.0 0 0 1 0 1 0 -1 0 0 3002.DAT
0 STEP
1 86 430.0 -480 1150.0 0 0 1 0 1 0 -1 0 0 3005.DAT
0 STEP
1 86 430.0 -480 1200.0 0 0 1 0 1 0 -1 0 0 3010.DAT
0 STEP
1 86 450.0 -456 1190.0 -1 0 0 0 1 0 0 0 -1 3622.DAT
0 STEP
1 86 440.0 -1200 1210.0 0 0 1 0 1 0 -1 0 0 3002.DAT
0 STEP
1 86 480.0 -1248 1190.0 -1 0 0 0 1 0 0 0 -1 3009.DAT
0 STEP
1 86 430.0 -456 1260.0 0 0 1 0 1 0 -1 0 0 3009.DAT
0 STEP
1 86 460.0 -1248 1210.0 -1 0 0 0 1 0 0 0 -1 3010.DAT
0 STEP
1 86 430.0 -1200 1250.0 0 0 1 0 1 0 -1 0 0 3005.DAT
0 STEP
1 86 430.0 -1128 1290.0 0 0 1 0 1 0 -1 0 0 3622.DAT
0 STEP
1 86 460.0 -1080 1320.0 -1 0 0 0 1 0 0 0 -1 3001.DAT
0 STEP
1 86 480.0 -456 1330.0 -1 0 0 0 1 0 0 0 -1 3009.DAT
0 STEP
1 86 430.0 -1056 1350.0 0 0 1 0 1 0 -1 0 0 3622.DAT
0 STEP
1 86 460.0 -432 1370.0 -1 0 0 0 1 0 0 0 -1 3010.DAT
0 STEP
1 86 430.0 -384 1440.0 0 0 1 0 1 0 -1 0 0 3010.DAT
0 STEP
1 86 500.0 -864 1420.0 -1 0 0 0 1 0 0 0 -1 3007.DAT
0 STEP
1 86 500.0 -936 1410.0 -1 0 0 0 1 0 0 0 -1 3008.DAT
0 STEP
1 86 430.0 -408 1460.0 0 0 1 0 1 0 -1 0 0 3010.DAT
0 STEP
1 86 430.0 -816 1440.0 0 0 1 0 1 0 -1 0 0 3004.DAT
0 STEP
1 86 430.0 -912 1430.0 0 0 1 0 1 0 -1 0 0 3005.DAT
0 STEP
1 86 480.0 -864 1450.0 -1 0 0 0 1 0 0 0 -1 3009.DAT
0 STEP
1 86 440.0 -360 1490.0 0 0 1 0 1 0 -1 0 0 3002.DAT
0 STEP
1 86 480.0 -744 1480.0 -1 0 0 0 1 0 0 0 -1 2456.DAT
0 STEP
1 86 440.0 -336 1520.0 0 0 1 0 1 0 -1 0 0 3003.DAT
0 STEP
1 86 430.0 -744 1510.0 0 0 1 0 1 0 -1 0 0 3005.DAT
0 STEP
1 86 440.0 -312 1560.0 0 0 1 0 1 0 -1 0 0 3001.DAT
0 STEP
1 86 460.0 -648 1560.0 -1 0 0 0 1 0 0 0 -1 3001.DAT
0 STEP
1 86 460.0 -696 1550.0 -1 0 0 0 1 0 0 0 -1 3010.DAT
0 STEP
1 86 460.0 -600 1590.0 -1 0 0 0 1 0 0 0 -1 3010.DAT
0 STEP
1 86 430.0 -648 1590.0 0 0 1 0 1 0 -1 0 0 3005.DAT
0 STEP
1 86 440.0 -264 1630.0 0 0 1 0 1 0 -1 0 0 3002.DAT
0 STEP
1 86 450.0 -312 1610.0 -1 0 0 0 1 0 0 0 -1 3622.DAT
0 STEP
1 86 430.0 -600 1610.0 0 0 1 0 1 0 -1 0 0 3005.DAT
0 STEP
1 86 440.0 -240 1660.0 0 0 1 0 1 0 -1 0 0 3001.DAT
0 STEP
1 86 500.0 -264 1670.0 -1 0 0 0 1 0 0 0 -1 3008.DAT
0 STEP
1 86 460.0 -552 1670.0 -1 0 0 0 1 0 0 0 -1 3010.DAT
0 STEP
1 86 430.0 -216 1740.0 0 0 1 0 1 0 -1 0 0 3009.DAT
0 STEP
1 86 430.0 -264 1740.0 0 0 1 0 1 0 -1 0 0 3009.DAT
0 STEP
1 86 480.0 -480 1690.0 -1 0 0 0 1 0 0 0 -1 3009.DAT
0 STEP
1 86 430.0 -504 1730.0 0 0 1 0 1 0 -1 0 0 3005.DAT
0 STEP
1 86 500.0 -408 1770.0 -1 0 0 0 1 0 0 0 -1 3008.DAT
0 STEP
1 86 480.0 -408 1800.0 -1 0 0 0 1 0 0 0 -1 2456.DAT
0 STEP
1 86 450.0 -264 1820.0 -1 0 0 0 1 0 0 0 -1 3002.DAT
0 STEP
1 86 440.0 -288 1850.0 -1 0 0 0 1 0 0 0 -1 3004.DAT
0 STEP
1 86 430.0 -312 1850.0 0 0 1 0 1 0 -1 0 0 3005.DAT
0 STEP
1 86 450.0 -264 1880.0 -1 0 0 0 1 0 0 0 -1 3002.DAT
0 STEP
1 86 460.0 -288 1870.0 -1 0 0 0 1 0 0 0 -1 3010.DAT
0 STEP
1 86 430.0 -336 1870.0 0 0 1 0 1 0 -1 0 0 3005.DAT
0 STEP
1 86 440.0 -288 1890.0 -1 0 0 0 1 0 0 0 -1 3004.DAT
0 STEP
1 86 440.0 -336 1910.0 0 0 1 0 1 0 -1 0 0 3002.DAT
0 STEP
1 86 460.0 -360 1910.0 -1 0 0 0 1 0 0 0 -1 3010.DAT
0 STEP
1 86 450.0 -1224 70.0 0 0 1 0 1 0 -1 0 0 3622.DAT
0 STEP
1 86 450.0 -1248 50.0 0 0 1 0 1 0 -1 0 0 3005.DAT
0 STEP
1 86 450.0 -1296 60.0 0 0 1 0 1 0 -1 0 0 3004.DAT
0 STEP
1 86 450.0 -1320 50.0 0 0 1 0 1 0 -1 0 0 3005.DAT
0 STEP
1 86 450.0 -1200 120.0 0 0 1 0 1 0 -1 0 0 3009.DAT
0 STEP
1 86 450.0 -1368 100.0 0 0 1 0 1 0 -1 0 0 3010.DAT
0 STEP
1 86 450.0 -1392 70.0 0 0 1 0 1 0 -1 0 0 3005.DAT
0 STEP
1 86 450.0 -1416 80.0 0 0 1 0 1 0 -1 0 0 3004.DAT
0 STEP
1 86 460.0 -1392 100.0 0 0 1 0 1 0 -1 0 0 3003.DAT
0 STEP
1 86 450.0 -1464 120.0 0 0 1 0 1 0 -1 0 0 3010.DAT
0 STEP
1 86 460.0 -1272 140.0 0 0 1 0 1 0 -1 0 0 3001.DAT
0 STEP
1 86 460.0 -1416 140.0 0 0 1 0 1 0 -1 0 0 3001.DAT
0 STEP
1 86 450.0 -1488 110.0 0 0 1 0 1 0 -1 0 0 3005.DAT
0 STEP
1 86 450.0 -1512 150.0 0 0 1 0 1 0 -1 0 0 3622.DAT
0 STEP
1 86 460.0 -1344 180.0 0 0 1 0 1 0 -1 0 0 3001.DAT
0 STEP
1 86 450.0 -1392 200.0 0 0 1 0 1 0 -1 0 0 3009.DAT
0 STEP
1 86 450.0 -1536 150.0 0 0 1 0 1 0 -1 0 0 3005.DAT
0 STEP
1 86 450.0 -1224 170.0 0 0 1 0 1 0 -1 0 0 3005.DAT
0 STEP
1 86 450.0 -1440 170.0 0 0 1 0 1 0 -1 0 0 3005.DAT
0 STEP
1 86 460.0 -1488 200.0 0 0 1 0 1 0 -1 0 0 3001.DAT
0 STEP
1 86 450.0 -1560 180.0 0 0 1 0 1 0 -1 0 0 3004.DAT
0 STEP
1 86 460.0 -1296 240.0 0 0 1 0 1 0 -1 0 0 2456.DAT
0 STEP
1 86 470.0 -1368 190.0 -1 0 0 0 1 0 0 0 -1 3622.DAT
0 STEP
1 86 470.0 -1416 190.0 -1 0 0 0 1 0 0 0 -1 3622.DAT
0 STEP
1 86 450.0 -1440 220.0 0 0 1 0 1 0 -1 0 0 3010.DAT
0 STEP
1 86 470.0 -1464 190.0 -1 0 0 0 1 0 0 0 -1 3622.DAT
0 STEP
1 86 460.0 -1536 210.0 0 0 1 0 1 0 -1 0 0 3002.DAT
0 STEP
1 86 460.0 -1368 240.0 0 0 1 0 1 0 -1 0 0 3001.DAT
0 STEP
1 86 470.0 -1416 220.0 -1 0 0 0 1 0 0 0 -1 3002.DAT
0 STEP
1 86 450.0 -1464 240.0 0 0 1 0 1 0 -1 0 0 3010.DAT
0 STEP
1 86 470.0 -1512 210.0 -1 0 0 0 1 0 0 0 -1 3622.DAT
0 STEP
1 86 450.0 -1608 210.0 0 0 1 0 1 0 -1 0 0 3005.DAT
0 STEP
1 86 470.0 -1344 240.0 -1 0 0 0 1 0 0 0 -1 3002.DAT
0 STEP
1 86 460.0 -1512 260.0 0 0 1 0 1 0 -1 0 0 3001.DAT
0 STEP
1 86 450.0 -1416 280.0 0 0 1 0 1 0 -1 0 0 3010.DAT
0 STEP
1 86 460.0 -1488 250.0 -1 0 0 0 1 0 0 0 -1 3004.DAT
0 STEP
1 86 470.0 -1536 260.0 -1 0 0 0 1 0 0 0 -1 3002.DAT
0 STEP
1 86 450.0 -1560 250.0 0 0 1 0 1 0 -1 0 0 3005.DAT
0 STEP
1 86 450.0 -1632 270.0 0 0 1 0 1 0 -1 0 0 3622.DAT
0 STEP
1 86 470.0 -1344 280.0 -1 0 0 0 1 0 0 0 -1 3002.DAT
0 STEP
1 86 470.0 -1392 270.0 -1 0 0 0 1 0 0 0 -1 3622.DAT
0 STEP
1 86 470.0 -1440 280.0 -1 0 0 0 1 0 0 0 -1 3002.DAT
0 STEP
1 86 470.0 -1488 270.0 -1 0 0 0 1 0 0 0 -1 3622.DAT
0 STEP
1 86 460.0 -1560 300.0 0 0 1 0 1 0 -1 0 0 3001.DAT
0 STEP
1 86 470.0 -1584 280.0 -1 0 0 0 1 0 0 0 -1 3002.DAT
0 STEP
1 86 450.0 -1272 300.0 0 0 1 0 1 0 -1 0 0 3004.DAT
0 STEP
1 86 450.0 -1368 360.0 0 0 1 0 1 0 -1 0 0 3008.DAT
0 STEP
1 86 460.0 -1392 320.0 0 0 1 0 1 0 -1 0 0 3001.DAT
0 STEP
1 86 450.0 -1536 300.0 0 0 1 0 1 0 -1 0 0 3004.DAT
0 STEP
1 86 450.0 -1296 340.0 0 0 1 0 1 0 -1 0 0 3010.DAT
0 STEP
1 86 470.0 -1344 320.0 -1 0 0 0 1 0 0 0 -1 3002.DAT
0 STEP
1 86 470.0 -1584 310.0 -1 0 0 0 1 0 0 0 -1 3622.DAT
0 STEP
1 86 450.0 -1608 320.0 0 0 1 0 1 0 -1 0 0 3004.DAT
0 STEP
1 86 460.0 -1632 310.0 -1 0 0 0 1 0 0 0 -1 3004.DAT
0 STEP
1 86 470.0 -1416 330.0 -1 0 0 0 1 0 0 0 -1 3622.DAT
0 STEP
1 86 470.0 -1584 340.0 -1 0 0 0 1 0 0 0 -1 3002.DAT
0 STEP
1 86 450.0 -1632 350.0 0 0 1 0 1 0 -1 0 0 3622.DAT
0 STEP
1 86 450.0 -1608 370.0 0 0 1 0 1 0 -1 0 0 3622.DAT
0 STEP
1 86 450.0 -1680 360.0 0 0 1 0 1 0 -1 0 0 3004.DAT
0 STEP
1 86 450.0 -1320 400.0 0 0 1 0 1 0 -1 0 0 3010.DAT
0 STEP
1 86 450.0 -1632 400.0 0 0 1 0 1 0 -1 0 0 3004.DAT
0 STEP
1 86 450.0 -1704 400.0 0 0 1 0 1 0 -1 0 0 3004.DAT
0 STEP
1 86 460.0 -1344 450.0 0 0 1 0 1 0 -1 0 0 3002.DAT
0 STEP
1 86 460.0 -1656 450.0 0 0 1 0 1 0 -1 0 0 3002.DAT
0 STEP
1 86 450.0 -1704 500.0 0 0 1 0 1 0 -1 0 0 3008.DAT
0 STEP
1 86 450.0 -1368 480.0 0 0 1 0 1 0 -1 0 0 3010.DAT
0 STEP
1 86 450.0 -1392 450.0 0 0 1 0 1 0 -1 0 0 3005.DAT
0 STEP
1 86 460.0 -1128 550.0 0 0 1 0 1 0 -1 0 0 3002.DAT
0 STEP
1 86 470.0 -1296 530.0 -1 0 0 0 1 0 0 0 -1 3622.DAT
0 STEP
1 86 460.0 -1344 530.0 -1 0 0 0 1 0 0 0 -1 3004.DAT
0 STEP
1 86 450.0 -1752 530.0 0 0 1 0 1 0 -1 0 0 3005.DAT
0 STEP
1 86 460.0 -1080 570.0 0 0 1 0 1 0 -1 0 0 3002.DAT
0 STEP
1 86 450.0 -1320 550.0 0 0 1 0 1 0 -1 0 0 3005.DAT
0 STEP
1 86 470.0 -1728 550.0 -1 0 0 0 1 0 0 0 -1 3622.DAT
0 STEP
1 86 450.0 -960 590.0 0 0 1 0 1 0 -1 0 0 3622.DAT
0 STEP
1 86 450.0 -1200 570.0 0 0 1 0 1 0 -1 0 0 3005.DAT
0 STEP
1 86 450.0 -1296 570.0 0 0 1 0 1 0 -1 0 0 3005.DAT
0 STEP
1 86 450.0 -1728 590.0 0 0 1 0 1 0 -1 0 0 3622.DAT
0 STEP
1 86 450.0 -1776 600.0 0 0 1 0 1 0 -1 0 0 3004.DAT
0 STEP
1 86 460.0 -912 610.0 -1 0 0 0 1 0 0 0 -1 3004.DAT
0 STEP
1 86 450.0 -1752 640.0 0 0 1 0 1 0 -1 0 0 3010.DAT
0 STEP
1 86 480.0 -864 640.0 -1 0 0 0 1 0 0 0 -1 3001.DAT
0 STEP
1 86 450.0 -816 670.0 0 0 1 0 1 0 -1 0 0 3622.DAT
0 STEP
1 86 480.0 -912 650.0 -1 0 0 0 1 0 0 0 -1 3010.DAT
0 STEP
1 86 480.0 -864 670.0 -1 0 0 0 1 0 0 0 -1 3010.DAT
0 STEP
1 86 460.0 -1776 760.0 0 0 1 0 1 0 -1 0 0 2456.DAT
0 STEP
1 86 520.0 -768 730.0 -1 0 0 0 1 0 0 0 -1 3008.DAT
0 STEP
1 86 460.0 -696 770.0 0 0 1 0 1 0 -1 0 0 3002.DAT
0 STEP
1 86 480.0 -1752 790.0 -1 0 0 0 1 0 0 0 -1 3010.DAT
0 STEP
1 86 450.0 -552 890.0 0 0 1 0 1 0 -1 0 0 3622.DAT
0 STEP
1 86 480.0 -1656 870.0 -1 0 0 0 1 0 0 0 -1 3010.DAT
0 STEP
1 86 450.0 -1728 870.0 0 0 1 0 1 0 -1 0 0 3005.DAT
0 STEP
1 86 470.0 -1560 900.0 -1 0 0 0 1 0 0 0 -1 3002.DAT
0 STEP
1 86 460.0 -1584 890.0 -1 0 0 0 1 0 0 0 -1 3004.DAT
0 STEP
1 86 460.0 -1608 910.0 0 0 1 0 1 0 -1 0 0 3002.DAT
0 STEP
1 86 450.0 -1632 890.0 0 0 1 0 1 0 -1 0 0 3005.DAT
0 STEP
1 86 470.0 -1656 890.0 -1 0 0 0 1 0 0 0 -1 3622.DAT
0 STEP
1 86 460.0 -504 940.0 0 0 1 0 1 0 -1 0 0 3001.DAT
0 STEP
1 86 460.0 -1488 930.0 0 0 1 0 1 0 -1 0 0 3002.DAT
0 STEP
1 86 460.0 -1536 930.0 0 0 1 0 1 0 -1 0 0 3002.DAT
0 STEP
1 86 460.0 -1656 910.0 -1 0 0 0 1 0 0 0 -1 3004.DAT
0 STEP
1 86 480.0 -1440 940.0 -1 0 0 0 1 0 0 0 -1 3001.DAT
0 STEP
1 86 470.0 -1560 930.0 -1 0 0 0 1 0 0 0 -1 3622.DAT
0 STEP
1 86 450.0 -1632 930.0 0 0 1 0 1 0 -1 0 0 3005.DAT
0 STEP
1 86 460.0 -1416 970.0 0 0 1 0 1 0 -1 0 0 3002.DAT
0 STEP
1 86 480.0 -1368 980.0 -1 0 0 0 1 0 0 0 -1 3001.DAT
0 STEP
1 86 450.0 -480 1060.0 0 0 1 0 1 0 -1 0 0 3008.DAT
0 STEP
1 86 480.0 -1368 1010.0 -1 0 0 0 1 0 0 0 -1 3010.DAT
0 STEP
1 86 480.0 -456 1030.0 -1 0 0 0 1 0 0 0 -1 3010.DAT
0 STEP
1 86 460.0 -1296 1060.0 0 0 1 0 1 0 -1 0 0 3001.DAT
0 STEP
1 86 450.0 -432 1100.0 0 0 1 0 1 0 -1 0 0 3009.DAT
0 STEP
1 86 480.0 -1320 1060.0 -1 0 0 0 1 0 0 0 -1 3001.DAT
0 STEP
1 86 500.0 -1272 1070.0 -1 0 0 0 1 0 0 0 -1 3009.DAT
0 STEP
1 86 520.0 -1272 1090.0 -1 0 0 0 1 0 0 0 -1 3008.DAT
0 STEP
1 86 460.0 -1272 1110.0 -1 0 0 0 1 0 0 0 -1 3004.DAT
0 STEP
1 86 450.0 -1296 1130.0 0 0 1 0 1 0 -1 0 0 3005.DAT
0 STEP
1 86 520.0 -480 1160.0 -1 0 0 0 1 0 0 0 -1 3007.DAT
0 STEP
1 86 460.0 -1224 1180.0 0 0 1 0 1 0 -1 0 0 3001.DAT
0 STEP
1 86 450.0 -504 1170.0 0 0 1 0 1 0 -1 0 0 3005.DAT
0 STEP
1 86 450.0 -432 1260.0 0 0 1 0 1 0 -1 0 0 3008.DAT
0 STEP
1 86 450.0 -480 1220.0 0 0 1 0 1 0 -1 0 0 3010.DAT
0 STEP
1 86 460.0 -456 1220.0 0 0 1 0 1 0 -1 0 0 3003.DAT
0 STEP
1 86 470.0 -1176 1240.0 -1 0 0 0 1 0 0 0 -1 3002.DAT
0 STEP
1 86 470.0 -456 1260.0 -1 0 0 0 1 0 0 0 -1 3002.DAT
0 STEP
1 86 500.0 -1200 1250.0 -1 0 0 0 1 0 0 0 -1 3009.DAT
0 STEP
1 86 500.0 -1128 1280.0 -1 0 0 0 1 0 0 0 -1 2456.DAT
0 STEP
1 86 500.0 -1176 1270.0 -1 0 0 0 1 0 0 0 -1 3009.DAT
0 STEP
1 86 520.0 -456 1300.0 -1 0 0 0 1 0 0 0 -1 3007.DAT
0 STEP
1 86 450.0 -480 1310.0 0 0 1 0 1 0 -1 0 0 3005.DAT
0 STEP
1 86 450.0 -1056 1330.0 0 0 1 0 1 0 -1 0 0 3622.DAT
0 STEP
1 86 450.0 -1128 1310.0 0 0 1 0 1 0 -1 0 0 3005.DAT
0 STEP
1 86 450.0 -408 1360.0 0 0 1 0 1 0 -1 0 0 3010.DAT
0 STEP
1 86 450.0 -984 1370.0 0 0 1 0 1 0 -1 0 0 3622.DAT
0 STEP
1 86 450.0 -1008 1350.0 0 0 1 0 1 0 -1 0 0 3005.DAT
0 STEP
1 86 450.0 -456 1390.0 0 0 1 0 1 0 -1 0 0 3005.DAT
0 STEP
1 86 450.0 -384 1430.0 0 0 1 0 1 0 -1 0 0 3622.DAT
0 STEP
1 86 480.0 -408 1430.0 -1 0 0 0 1 0 0 0 -1 3010.DAT
0 STEP
1 86 520.0 -816 1440.0 -1 0 0 0 1 0 0 0 -1 3007.DAT
0 STEP
1 86 500.0 -912 1430.0 -1 0 0 0 1 0 0 0 -1 3009.DAT
0 STEP
1 86 500.0 -408 1450.0 -1 0 0 0 1 0 0 0 -1 3009.DAT
0 STEP
1 86 450.0 -768 1470.0 0 0 1 0 1 0 -1 0 0 3622.DAT
0 STEP
1 86 450.0 -792 1470.0 0 0 1 0 1 0 -1 0 0 3622.DAT
0 STEP
1 86 480.0 -384 1470.0 -1 0 0 0 1 0 0 0 -1 3010.DAT
0 STEP
1 86 470.0 -408 1480.0 -1 0 0 0 1 0 0 0 -1 3002.DAT
0 STEP
1 86 450.0 -384 1500.0 0 0 1 0 1 0 -1 0 0 3004.DAT
0 STEP
1 86 480.0 -744 1510.0 -1 0 0 0 1 0 0 0 -1 3010.DAT
0 STEP
1 86 460.0 -288 1590.0 0 0 1 0 1 0 -1 0 0 3002.DAT
0 STEP
1 86 480.0 -648 1590.0 -1 0 0 0 1 0 0 0 -1 3010.DAT
0 STEP
1 86 480.0 -600 1610.0 -1 0 0 0 1 0 0 0 -1 3010.DAT
0 STEP
1 86 460.0 -288 1660.0 0 0 1 0 1 0 -1 0 0 3001.DAT
0 STEP
1 86 460.0 -504 1700.0 0 0 1 0 1 0 -1 0 0 3001.DAT
0 STEP
1 86 470.0 -264 1700.0 -1 0 0 0 1 0 0 0 -1 3002.DAT
0 STEP
1 86 450.0 -216 1710.0 0 0 1 0 1 0 -1 0 0 3005.DAT
0 STEP
1 86 450.0 -216 1760.0 0 0 1 0 1 0 -1 0 0 3010.DAT
0 STEP
1 86 460.0 -264 1760.0 0 0 1 0 1 0 -1 0 0 3001.DAT
0 STEP
1 86 450.0 -432 1780.0 0 0 1 0 1 0 -1 0 0 3010.DAT
0 STEP
1 86 470.0 -456 1770.0 -1 0 0 0 1 0 0 0 -1 3622.DAT
0 STEP
1 86 450.0 -240 1820.0 0 0 1 0 1 0 -1 0 0 3010.DAT
0 STEP
1 86 460.0 -456 1790.0 -1 0 0 0 1 0 0 0 -1 3004.DAT
0 STEP
1 86 450.0 -336 1840.0 0 0 1 0 1 0 -1 0 0 3010.DAT
0 STEP
1 86 460.0 -312 1830.0 -1 0 0 0 1 0 0 0 -1 3004.DAT
0 STEP
1 86 460.0 -384 1860.0 0 0 1 0 1 0 -1 0 0 3001.DAT
0 STEP
1 86 450.0 -312 1880.0 0 0 1 0 1 0 -1 0 0 3010.DAT
0 STEP
1 86 450.0 -216 1880.0 0 0 1 0 1 0 -1 0 0 3004.DAT
0 STEP
1 86 460.0 -240 1890.0 -1 0 0 0 1 0 0 0 -1 3004.DAT
0 STEP
1 86 470.0 -1320 120.0 0 0 1 0 1 0 -1 0 0 3010.DAT
0 STEP
1 86 470.0 -1368 110.0 0 0 1 0 1 0 -1 0 0 3622.DAT
0 STEP
1 86 470.0 -1464 140.0 0 0 1 0 1 0 -1 0 0 3004.DAT
0 STEP
1 86 470.0 -1392 150.0 0 0 1 0 1 0 -1 0 0 3005.DAT
0 STEP
1 86 470.0 -1512 170.0 0 0 1 0 1 0 -1 0 0 3622.DAT
0 STEP
1 86 470.0 -1320 170.0 0 0 1 0 1 0 -1 0 0 3005.DAT
0 STEP
1 86 480.0 -1392 170.0 -1 0 0 0 1 0 0 0 -1 3004.DAT
0 STEP
1 86 480.0 -1440 200.0 0 0 1 0 1 0 -1 0 0 3001.DAT
0 STEP
1 86 480.0 -1392 220.0 0 0 1 0 1 0 -1 0 0 3001.DAT
0 STEP
1 86 470.0 -1560 220.0 0 0 1 0 1 0 -1 0 0 3010.DAT
0 STEP
1 86 470.0 -1464 260.0 0 0 1 0 1 0 -1 0 0 3009.DAT
0 STEP
1 86 470.0 -1320 300.0 0 0 1 0 1 0 -1 0 0 3008.DAT
0 STEP
1 86 470.0 -1584 240.0 0 0 1 0 1 0 -1 0 0 3004.DAT
0 STEP
1 86 480.0 -1416 280.0 0 0 1 0 1 0 -1 0 0 3001.DAT
0 STEP
1 86 480.0 -1440 250.0 -1 0 0 0 1 0 0 0 -1 3004.DAT
0 STEP
1 86 470.0 -1368 320.0 0 0 1 0 1 0 -1 0 0 3010.DAT
0 STEP
1 86 470.0 -1488 360.0 0 0 1 0 1 0 -1 0 0 3008.DAT
0 STEP
1 86 480.0 -1536 290.0 -1 0 0 0 1 0 0 0 -1 3004.DAT
0 STEP
1 86 470.0 -1608 290.0 0 0 1 0 1 0 -1 0 0 3005.DAT
0 STEP
1 86 470.0 -1632 290.0 0 0 1 0 1 0 -1 0 0 3005.DAT
0 STEP
1 86 470.0 -1296 310.0 0 0 1 0 1 0 -1 0 0 3005.DAT
0 STEP
1 86 470.0 -1440 380.0 0 0 1 0 1 0 -1 0 0 3008.DAT
0 STEP
1 86 490.0 -1512 310.0 -1 0 0 0 1 0 0 0 -1 3622.DAT
0 STEP
1 86 480.0 -1536 360.0 0 0 1 0 1 0 -1 0 0 2456.DAT
0 STEP
1 86 480.0 -1608 360.0 0 0 1 0 1 0 -1 0 0 2456.DAT
0 STEP
1 86 490.0 -1464 330.0 -1 0 0 0 1 0 0 0 -1 3622.DAT
0 STEP
1 86 490.0 -1512 340.0 -1 0 0 0 1 0 0 0 -1 3002.DAT
0 STEP
1 86 480.0 -1632 380.0 0 0 1 0 1 0 -1 0 0 2456.DAT
0 STEP
1 86 490.0 -1416 360.0 -1 0 0 0 1 0 0 0 -1 3002.DAT
0 STEP
1 86 490.0 -1464 360.0 -1 0 0 0 1 0 0 0 -1 3002.DAT
0 STEP
1 86 490.0 -1560 360.0 -1 0 0 0 1 0 0 0 -1 3002.DAT
0 STEP
1 86 470.0 -1368 390.0 0 0 1 0 1 0 -1 0 0 3622.DAT
0 STEP
1 86 470.0 -1392 370.0 0 0 1 0 1 0 -1 0 0 3005.DAT
0 STEP
1 86 490.0 -1512 380.0 -1 0 0 0 1 0 0 0 -1 3002.DAT
0 STEP
1 86 470.0 -1584 420.0 0 0 1 0 1 0 -1 0 0 3009.DAT
0 STEP
1 86 470.0 -1320 390.0 0 0 1 0 1 0 -1 0 0 3005.DAT
0 STEP
1 86 470.0 -1392 440.0 0 0 1 0 1 0 -1 0 0 3009.DAT
0 STEP
1 86 490.0 -1416 390.0 -1 0 0 0 1 0 0 0 -1 3622.DAT
0 STEP
1 86 490.0 -1464 400.0 -1 0 0 0 1 0 0 0 -1 3002.DAT
0 STEP
1 86 490.0 -1560 400.0 -1 0 0 0 1 0 0 0 -1 3002.DAT
0 STEP
1 86 470.0 -1656 390.0 0 0 1 0 1 0 -1 0 0 3005.DAT
0 STEP
1 86 490.0 -1416 420.0 -1 0 0 0 1 0 0 0 -1 3002.DAT
0 STEP
1 86 490.0 -1512 420.0 -1 0 0 0 1 0 0 0 -1 3002.DAT
0 STEP
1 86 480.0 -1656 410.0 -1 0 0 0 1 0 0 0 -1 3004.DAT
0 STEP
1 86 470.0 -1680 440.0 0 0 1 0 1 0 -1 0 0 3010.DAT
0 STEP
1 86 480.0 -1368 450.0 0 0 1 0 1 0 -1 0 0 3002.DAT
0 STEP
1 86 490.0 -1464 430.0 -1 0 0 0 1 0 0 0 -1 3622.DAT
0 STEP
1 86 480.0 -1536 450.0 0 0 1 0 1 0 -1 0 0 3002.DAT
0 STEP
1 86 490.0 -1560 440.0 -1 0 0 0 1 0 0 0 -1 3002.DAT
0 STEP
1 86 490.0 -1608 430.0 -1 0 0 0 1 0 0 0 -1 3622.DAT
0 STEP
1 86 490.0 -1416 460.0 -1 0 0 0 1 0 0 0 -1 3002.DAT
0 STEP
1 86 480.0 -1608 480.0 0 0 1 0 1 0 -1 0 0 3001.DAT
0 STEP
1 86 490.0 -1632 450.0 -1 0 0 0 1 0 0 0 -1 3622.DAT
0 STEP
1 86 470.0 -1704 480.0 0 0 1 0 1 0 -1 0 0 3010.DAT
0 STEP
1 86 470.0 -1560 470.0 0 0 1 0 1 0 -1 0 0 3005.DAT
0 STEP
1 86 490.0 -1632 480.0 -1 0 0 0 1 0 0 0 -1 3002.DAT
0 STEP
1 86 470.0 -1320 520.0 0 0 1 0 1 0 -1 0 0 3010.DAT
0 STEP
1 86 470.0 -1368 500.0 0 0 1 0 1 0 -1 0 0 3004.DAT
0 STEP
1 86 490.0 -1584 490.0 -1 0 0 0 1 0 0 0 -1 3622.DAT
0 STEP
1 86 470.0 -1656 500.0 0 0 1 0 1 0 -1 0 0 3004.DAT
0 STEP
1 86 490.0 -1632 520.0 -1 0 0 0 1 0 0 0 -1 3002.DAT
0 STEP
1 86 470.0 -1152 530.0 0 0 1 0 1 0 -1 0 0 3005.DAT
0 STEP
1 86 470.0 -1176 550.0 0 0 1 0 1 0 -1 0 0 3622.DAT
0 STEP
1 86 470.0 -1224 550.0 0 0 1 0 1 0 -1 0 0 3622.DAT
0 STEP
1 86 470.0 -1272 550.0 0 0 1 0 1 0 -1 0 0 3622.DAT
0 STEP
1 86 490.0 -1656 540.0 -1 0 0 0 1 0 0 0 -1 3002.DAT
0 STEP
1 86 480.0 -1680 540.0 0 0 1 0 1 0 -1 0 0 3003.DAT
0 STEP
1 86 480.0 -1704 560.0 0 0 1 0 1 0 -1 0 0 3001.DAT
0 STEP
1 86 480.0 -1032 570.0 0 0 1 0 1 0 -1 0 0 3002.DAT
0 STEP
1 86 490.0 -1152 550.0 -1 0 0 0 1 0 0 0 -1 3622.DAT
0 STEP
1 86 470.0 -1752 560.0 0 0 1 0 1 0 -1 0 0 3004.DAT
0 STEP
1 86 490.0 -984 580.0 -1 0 0 0 1 0 0 0 -1 3002.DAT
0 STEP
1 86 470.0 -1008 570.0 0 0 1 0 1 0 -1 0 0 3005.DAT
0 STEP
1 86 500.0 -1200 570.0 -1 0 0 0 1 0 0 0 -1 3010.DAT
0 STEP
1 86 500.0 -1296 570.0 -1 0 0 0 1 0 0 0 -1 3010.DAT
0 STEP
1 86 490.0 -1680 570.0 -1 0 0 0 1 0 0 0 -1 3622.DAT
0 STEP
1 86 480.0 -1728 570.0 -1 0 0 0 1 0 0 0 -1 3004.DAT
0 STEP
1 86 480.0 -960 610.0 0 0 1 0 1 0 -1 0 0 3002.DAT
0 STEP
1 86 470.0 -1728 620.0 0 0 1 0 1 0 -1 0 0 3010.DAT
0 STEP
1 86 470.0 -1008 610.0 0 0 1 0 1 0 -1 0 0 3005.DAT
0 STEP
1 86 480.0 -1752 610.0 -1 0 0 0 1 0 0 0 -1 3004.DAT
0 STEP
1 86 470.0 -1776 630.0 0 0 1 0 1 0 -1 0 0 3622.DAT
0 STEP
1 86 490.0 -1752 630.0 -1 0 0 0 1 0 0 0 -1 3622.DAT
0 STEP
1 86 500.0 -840 660.0 -1 0 0 0 1 0 0 0 -1 3001.DAT
0 STEP
1 86 490.0 -1752 660.0 -1 0 0 0 1 0 0 0 -1 3002.DAT
0 STEP
1 86 470.0 -816 690.0 0 0 1 0 1 0 -1 0 0 3622.DAT
0 STEP
1 86 470.0 -1800 680.0 0 0 1 0 1 0 -1 0 0 3004.DAT
0 STEP
1 86 480.0 -720 750.0 0 0 1 0 1 0 -1 0 0 3002.DAT
0 STEP
1 86 470.0 -1728 820.0 0 0 1 0 1 0 -1 0 0 3009.DAT
0 STEP
1 86 470.0 -648 810.0 0 0 1 0 1 0 -1 0 0 3622.DAT
0 STEP
1 86 480.0 -624 810.0 -1 0 0 0 1 0 0 0 -1 3004.DAT
0 STEP
1 86 500.0 -624 830.0 -1 0 0 0 1 0 0 0 -1 3010.DAT
0 STEP
1 86 490.0 -1704 830.0 -1 0 0 0 1 0 0 0 -1 3622.DAT
0 STEP
1 86 470.0 -576 850.0 0 0 1 0 1 0 -1 0 0 3005.DAT
0 STEP
1 86 480.0 -1680 850.0 -1 0 0 0 1 0 0 0 -1 3004.DAT
0 STEP
1 86 470.0 -552 900.0 0 0 1 0 1 0 -1 0 0 3010.DAT
0 STEP
1 86 480.0 -576 870.0 -1 0 0 0 1 0 0 0 -1 3004.DAT
0 STEP
1 86 470.0 -600 870.0 0 0 1 0 1 0 -1 0 0 3005.DAT
0 STEP
1 86 470.0 -1632 880.0 0 0 1 0 1 0 -1 0 0 3004.DAT
0 STEP
1 86 470.0 -1680 880.0 0 0 1 0 1 0 -1 0 0 3004.DAT
0 STEP
1 86 500.0 -600 890.0 -1 0 0 0 1 0 0 0 -1 3010.DAT
0 STEP
1 86 470.0 -1704 890.0 0 0 1 0 1 0 -1 0 0 3005.DAT
0 STEP
1 86 490.0 -528 910.0 -1 0 0 0 1 0 0 0 -1 3622.DAT
0 STEP
1 86 490.0 -576 910.0 -1 0 0 0 1 0 0 0 -1 3622.DAT
0 STEP
1 86 500.0 -1464 920.0 -1 0 0 0 1 0 0 0 -1 3001.DAT
0 STEP
1 86 490.0 -1584 910.0 -1 0 0 0 1 0 0 0 -1 3622.DAT
0 STEP
1 86 470.0 -456 980.0 0 0 1 0 1 0 -1 0 0 3010.DAT
0 STEP
1 86 520.0 -528 950.0 -1 0 0 0 1 0 0 0 -1 3009.DAT
0 STEP
1 86 480.0 -1464 950.0 -1 0 0 0 1 0 0 0 -1 3004.DAT
0 STEP
1 86 470.0 -480 1000.0 0 0 1 0 1 0 -1 0 0 3004.DAT
0 STEP
1 86 490.0 -1320 1020.0 -1 0 0 0 1 0 0 0 -1 3002.DAT
0 STEP
1 86 500.0 -480 1040.0 -1 0 0 0 1 0 0 0 -1 3001.DAT
0 STEP
1 86 470.0 -432 1070.0 0 0 1 0 1 0 -1 0 0 3622.DAT
0 STEP
1 86 480.0 -480 1100.0 0 0 1 0 1 0 -1 0 0 3001.DAT
0 STEP
1 86 500.0 -504 1110.0 -1 0 0 0 1 0 0 0 -1 3010.DAT
0 STEP
1 86 480.0 -1248 1130.0 0 0 1 0 1 0 -1 0 0 3002.DAT
0 STEP
1 86 470.0 -1296 1120.0 0 0 1 0 1 0 -1 0 0 3004.DAT
0 STEP
1 86 470.0 -504 1160.0 0 0 1 0 1 0 -1 0 0 3010.DAT
0 STEP
1 86 470.0 -1272 1150.0 0 0 1 0 1 0 -1 0 0 3622.DAT
0 STEP
1 86 470.0 -456 1160.0 0 0 1 0 1 0 -1 0 0 3004.DAT
0 STEP
1 86 540.0 -480 1200.0 -1 0 0 0 1 0 0 0 -1 3007.DAT
0 STEP
1 86 480.0 -1200 1210.0 0 0 1 0 1 0 -1 0 0 3002.DAT
0 STEP
1 86 470.0 -504 1210.0 0 0 1 0 1 0 -1 0 0 3005.DAT
0 STEP
1 86 480.0 -432 1250.0 0 0 1 0 1 0 -1 0 0 3002.DAT
0 STEP
1 86 480.0 -480 1280.0 0 0 1 0 1 0 -1 0 0 2456.DAT
0 STEP
1 86 480.0 -432 1320.0 0 0 1 0 1 0 -1 0 0 3001.DAT
0 STEP
1 86 500.0 -1056 1320.0 -1 0 0 0 1 0 0 0 -1 3001.DAT
0 STEP
1 86 500.0 -1128 1310.0 -1 0 0 0 1 0 0 0 -1 3010.DAT
0 STEP
1 86 480.0 -408 1370.0 0 0 1 0 1 0 -1 0 0 3002.DAT
0 STEP
1 86 500.0 -984 1360.0 -1 0 0 0 1 0 0 0 -1 3001.DAT
0 STEP
1 86 480.0 -1008 1370.0 0 0 1 0 1 0 -1 0 0 3002.DAT
0 STEP
1 86 500.0 -1056 1350.0 -1 0 0 0 1 0 0 0 -1 3010.DAT
0 STEP
1 86 470.0 -456 1400.0 0 0 1 0 1 0 -1 0 0 3010.DAT
0 STEP
1 86 470.0 -984 1390.0 0 0 1 0 1 0 -1 0 0 3005.DAT
0 STEP
1 86 480.0 -432 1430.0 0 0 1 0 1 0 -1 0 0 3002.DAT
0 STEP
1 86 480.0 -888 1430.0 0 0 1 0 1 0 -1 0 0 3002.DAT
0 STEP
1 86 470.0 -840 1430.0 0 0 1 0 1 0 -1 0 0 3005.DAT
0 STEP
1 86 480.0 -384 1450.0 -1 0 0 0 1 0 0 0 -1 3004.DAT
0 STEP
1 86 520.0 -768 1460.0 -1 0 0 0 1 0 0 0 -1 2456.DAT
0 STEP
1 86 480.0 -792 1470.0 0 0 1 0 1 0 -1 0 0 3002.DAT
0 STEP
1 86 490.0 -432 1470.0 -1 0 0 0 1 0 0 0 -1 3622.DAT
0 STEP
1 86 480.0 -360 1500.0 0 0 1 0 1 0 -1 0 0 3003.DAT
0 STEP
1 86 470.0 -384 1510.0 0 0 1 0 1 0 -1 0 0 3622.DAT
0 STEP
1 86 470.0 -768 1490.0 0 0 1 0 1 0 -1 0 0 3005.DAT
0 STEP
1 86 480.0 -336 1530.0 0 0 1 0 1 0 -1 0 0 3002.DAT
0 STEP
1 86 470.0 -360 1530.0 0 0 1 0 1 0 -1 0 0 3005.DAT
0 STEP
1 86 470.0 -312 1570.0 0 0 1 0 1 0 -1 0 0 3622.DAT
0 STEP
1 86 470.0 -624 1590.0 0 0 1 0 1 0 -1 0 0 3622.DAT
0 STEP
1 86 480.0 -264 1630.0 0 0 1 0 1 0 -1 0 0 3002.DAT
0 STEP
1 86 500.0 -312 1630.0 -1 0 0 0 1 0 0 0 -1 3010.DAT
0 STEP
1 86 480.0 -240 1680.0 0 0 1 0 1 0 -1 0 0 3001.DAT
0 STEP
1 86 470.0 -528 1690.0 0 0 1 0 1 0 -1 0 0 3005.DAT
0 STEP
1 86 470.0 -216 1760.0 0 0 1 0 1 0 -1 0 0 3009.DAT
0 STEP
1 86 480.0 -456 1710.0 -1 0 0 0 1 0 0 0 -1 3004.DAT
0 STEP
1 86 500.0 -480 1730.0 -1 0 0 0 1 0 0 0 -1 3010.DAT
0 STEP
1 86 490.0 -360 1750.0 -1 0 0 0 1 0 0 0 -1 3622.DAT
0 STEP
1 86 490.0 -432 1750.0 -1 0 0 0 1 0 0 0 -1 3622.DAT
0 STEP
1 86 480.0 -480 1750.0 -1 0 0 0 1 0 0 0 -1 3004.DAT
0 STEP
1 86 500.0 -240 1780.0 -1 0 0 0 1 0 0 0 -1 3001.DAT
0 STEP
1 86 490.0 -360 1780.0 -1 0 0 0 1 0 0 0 -1 3002.DAT
0 STEP
1 86 470.0 -432 1790.0 0 0 1 0 1 0 -1 0 0 3622.DAT
0 STEP
1 86 490.0 -336 1790.0 -1 0 0 0 1 0 0 0 -1 3622.DAT
0 STEP
1 86 500.0 -240 1820.0 -1 0 0 0 1 0 0 0 -1 3001.DAT
0 STEP
1 86 470.0 -312 1810.0 0 0 1 0 1 0 -1 0 0 3005.DAT
0 STEP
1 86 480.0 -336 1860.0 0 0 1 0 1 0 -1 0 0 2456.DAT
0 STEP
1 86 500.0 -360 1820.0 -1 0 0 0 1 0 0 0 -1 3001.DAT
0 STEP
1 86 490.0 -288 1840.0 -1 0 0 0 1 0 0 0 -1 3002.DAT
0 STEP
1 86 490.0 -240 1860.0 -1 0 0 0 1 0 0 0 -1 3002.DAT
0 STEP
1 86 470.0 -312 1850.0 0 0 1 0 1 0 -1 0 0 3005.DAT
0 STEP
1 86 470.0 -216 1870.0 0 0 1 0 1 0 -1 0 0 3005.DAT
0 STEP
1 86 490.0 -1416 170.0 0 0 1 0 1 0 -1 0 0 3005.DAT
0 STEP
1 86 490.0 -1488 220.0 0 0 1 0 1 0 -1 0 0 3010.DAT
0 STEP
1 86 490.0 -1368 260.0 0 0 1 0 1 0 -1 0 0 3009.DAT
0 STEP
1 86 490.0 -1464 210.0 0 0 1 0 1 0 -1 0 0 3005.DAT
0 STEP
1 86 490.0 -1536 220.0 0 0 1 0 1 0 -1 0 0 3004.DAT
0 STEP
1 86 490.0 -1464 260.0 0 0 1 0 1 0 -1 0 0 3010.DAT
0 STEP
1 86 490.0 -1512 260.0 0 0 1 0 1 0 -1 0 0 3010.DAT
0 STEP
1 86 490.0 -1560 250.0 0 0 1 0 1 0 -1 0 0 3005.DAT
0 STEP
1 86 490.0 -1560 300.0 0 0 1 0 1 0 -1 0 0 3010.DAT
0 STEP
1 86 490.0 -1392 320.0 0 0 1 0 1 0 -1 0 0 3010.DAT
0 STEP
1 86 490.0 -1488 320.0 0 0 1 0 1 0 -1 0 0 3010.DAT
0 STEP
1 86 500.0 -1440 400.0 0 0 1 0 1 0 -1 0 0 3006.DAT
0 STEP
1 86 490.0 -1464 310.0 0 0 1 0 1 0 -1 0 0 3005.DAT
0 STEP
1 86 490.0 -1368 330.0 0 0 1 0 1 0 -1 0 0 3005.DAT
0 STEP
1 86 490.0 -1368 380.0 0 0 1 0 1 0 -1 0 0 3010.DAT
0 STEP
1 86 500.0 -1392 440.0 0 0 1 0 1 0 -1 0 0 3007.DAT
0 STEP
1 86 490.0 -1488 440.0 0 0 1 0 1 0 -1 0 0 3008.DAT
0 STEP
1 86 500.0 -1584 420.0 0 0 1 0 1 0 -1 0 0 2456.DAT
0 STEP
1 86 490.0 -1656 460.0 0 0 1 0 1 0 -1 0 0 3010.DAT
0 STEP
1 86 490.0 -1464 450.0 0 0 1 0 1 0 -1 0 0 3005.DAT
0 STEP
1 86 510.0 -1512 460.0 -1 0 0 0 1 0 0 0 -1 3002.DAT
0 STEP
1 86 490.0 -1464 520.0 0 0 1 0 1 0 -1 0 0 3009.DAT
0 STEP
1 86 500.0 -1560 500.0 0 0 1 0 1 0 -1 0 0 3001.DAT
0 STEP
1 86 490.0 -1680 470.0 0 0 1 0 1 0 -1 0 0 3005.DAT
0 STEP
1 86 490.0 -1368 510.0 0 0 1 0 1 0 -1 0 0 3622.DAT
0 STEP
1 86 500.0 -1416 490.0 -1 0 0 0 1 0 0 0 -1 3004.DAT
0 STEP
1 86 490.0 -1512 490.0 0 0 1 0 1 0 -1 0 0 3005.DAT
0 STEP
1 86 510.0 -1536 500.0 -1 0 0 0 1 0 0 0 -1 3002.DAT
0 STEP
1 86 490.0 -1344 540.0 0 0 1 0 1 0 -1 0 0 3010.DAT
0 STEP
1 86 490.0 -1416 540.0 0 0 1 0 1 0 -1 0 0 3010.DAT
0 STEP
1 86 510.0 -1440 510.0 -1 0 0 0 1 0 0 0 -1 3622.DAT
0 STEP
1 86 490.0 -1512 540.0 0 0 1 0 1 0 -1 0 0 3010.DAT
0 STEP
1 86 510.0 -1584 520.0 -1 0 0 0 1 0 0 0 -1 3002.DAT
0 STEP
1 86 490.0 -1656 510.0 0 0 1 0 1 0 -1 0 0 3005.DAT
0 STEP
1 86 490.0 -1704 510.0 0 0 1 0 1 0 -1 0 0 3005.DAT
0 STEP
1 86 490.0 -1272 560.0 0 0 1 0 1 0 -1 0 0 3010.DAT
0 STEP
1 86 490.0 -1320 530.0 0 0 1 0 1 0 -1 0 0 3005.DAT
0 STEP
1 86 500.0 -1392 530.0 -1 0 0 0 1 0 0 0 -1 3004.DAT
0 STEP
1 86 510.0 -1440 540.0 -1 0 0 0 1 0 0 0 -1 3002.DAT
0 STEP
1 86 510.0 -1488 530.0 -1 0 0 0 1 0 0 0 -1 3622.DAT
0 STEP
1 86 510.0 -1536 540.0 -1 0 0 0 1 0 0 0 -1 3002.DAT
0 STEP
1 86 490.0 -1608 560.0 0 0 1 0 1 0 -1 0 0 3010.DAT
0 STEP
1 86 500.0 -1080 570.0 0 0 1 0 1 0 -1 0 0 3002.DAT
0 STEP
1 86 500.0 -1128 570.0 0 0 1 0 1 0 -1 0 0 3002.DAT
0 STEP
1 86 500.0 -1176 570.0 0 0 1 0 1 0 -1 0 0 3002.DAT
0 STEP
1 86 500.0 -1224 570.0 0 0 1 0 1 0 -1 0 0 3002.DAT
0 STEP
1 86 500.0 -1320 580.0 0 0 1 0 1 0 -1 0 0 3001.DAT
0 STEP
1 86 490.0 -1368 580.0 0 0 1 0 1 0 -1 0 0 3010.DAT
0 STEP
1 86 510.0 -1392 560.0 -1 0 0 0 1 0 0 0 -1 3002.DAT
0 STEP
1 86 510.0 -1488 560.0 -1 0 0 0 1 0 0 0 -1 3002.DAT
0 STEP
1 86 490.0 -1560 570.0 0 0 1 0 1 0 -1 0 0 3622.DAT
0 STEP
1 86 510.0 -1584 560.0 -1 0 0 0 1 0 0 0 -1 3002.DAT
0 STEP
1 86 510.0 -1632 560.0 -1 0 0 0 1 0 0 0 -1 3002.DAT
0 STEP
1 86 490.0 -1008 590.0 0 0 1 0 1 0 -1 0 0 3622.DAT
0 STEP
1 86 520.0 -1104 580.0 -1 0 0 0 1 0 0 0 -1 3001.DAT
0 STEP
1 86 510.0 -1440 570.0 -1 0 0 0 1 0 0 0 -1 3622.DAT
0 STEP
1 86 510.0 -1536 580.0 -1 0 0 0 1 0 0 0 -1 3002.DAT
0 STEP
1 86 490.0 -1656 590.0 0 0 1 0 1 0 -1 0 0 3622.DAT
0 STEP
1 86 520.0 -1056 590.0 -1 0 0 0 1 0 0 0 -1 3010.DAT
0 STEP
1 86 520.0 -1152 590.0 -1 0 0 0 1 0 0 0 -1 3010.DAT
0 STEP
1 86 490.0 -1200 590.0 0 0 1 0 1 0 -1 0 0 3005.DAT
0 STEP
1 86 490.0 -1248 590.0 0 0 1 0 1 0 -1 0 0 3005.DAT
0 STEP
1 86 510.0 -1296 590.0 -1 0 0 0 1 0 0 0 -1 3622.DAT
0 STEP
1 86 490.0 -1344 590.0 0 0 1 0 1 0 -1 0 0 3005.DAT
0 STEP
1 86 510.0 -1392 590.0 -1 0 0 0 1 0 0 0 -1 3622.DAT
0 STEP
1 86 490.0 -1416 590.0 0 0 1 0 1 0 -1 0 0 3005.DAT
0 STEP
1 86 510.0 -1584 590.0 -1 0 0 0 1 0 0 0 -1 3622.DAT
0 STEP
1 86 510.0 -1632 600.0 -1 0 0 0 1 0 0 0 -1 3002.DAT
0 STEP
1 86 500.0 -1680 620.0 0 0 1 0 1 0 -1 0 0 3001.DAT
0 STEP
1 86 490.0 -1728 640.0 0 0 1 0 1 0 -1 0 0 3009.DAT
0 STEP
1 86 490.0 -1752 590.0 0 0 1 0 1 0 -1 0 0 3005.DAT
0 STEP
1 86 510.0 -912 620.0 -1 0 0 0 1 0 0 0 -1 3002.DAT
0 STEP
1 86 510.0 -1344 620.0 -1 0 0 0 1 0 0 0 -1 3002.DAT
0 STEP
1 86 490.0 -1392 630.0 0 0 1 0 1 0 -1 0 0 3622.DAT
0 STEP
1 86 510.0 -1704 620.0 -1 0 0 0 1 0 0 0 -1 3002.DAT
0 STEP
1 86 500.0 -888 650.0 0 0 1 0 1 0 -1 0 0 3002.DAT
0 STEP
1 86 500.0 -1368 630.0 -1 0 0 0 1 0 0 0 -1 3004.DAT
0 STEP
1 86 510.0 -1368 650.0 -1 0 0 0 1 0 0 0 -1 3622.DAT
0 STEP
1 86 510.0 -1416 650.0 -1 0 0 0 1 0 0 0 -1 3622.DAT
0 STEP
1 86 510.0 -1512 650.0 -1 0 0 0 1 0 0 0 -1 3622.DAT
0 STEP
1 86 510.0 -1704 650.0 -1 0 0 0 1 0 0 0 -1 3622.DAT
0 STEP
1 86 490.0 -1776 650.0 0 0 1 0 1 0 -1 0 0 3005.DAT
0 STEP
1 86 510.0 -816 680.0 -1 0 0 0 1 0 0 0 -1 3002.DAT
0 STEP
1 86 510.0 -1704 680.0 -1 0 0 0 1 0 0 0 -1 3002.DAT
0 STEP
1 86 490.0 -1776 720.0 0 0 1 0 1 0 -1 0 0 3009.DAT
0 STEP
1 86 500.0 -768 700.0 0 0 1 0 1 0 -1 0 0 3003.DAT
0 STEP
1 86 500.0 -1680 700.0 0 0 1 0 1 0 -1 0 0 3003.DAT
0 STEP
1 86 500.0 -744 730.0 0 0 1 0 1 0 -1 0 0 3002.DAT
0 STEP
1 86 520.0 -816 710.0 -1 0 0 0 1 0 0 0 -1 3010.DAT
0 STEP
1 86 510.0 -1704 720.0 -1 0 0 0 1 0 0 0 -1 3002.DAT
0 STEP
1 86 490.0 -1728 780.0 0 0 1 0 1 0 -1 0 0 3008.DAT
0 STEP
1 86 500.0 -696 750.0 -1 0 0 0 1 0 0 0 -1 3004.DAT
0 STEP
1 86 500.0 -1680 770.0 0 0 1 0 1 0 -1 0 0 3002.DAT
0 STEP
1 86 490.0 -1704 770.0 0 0 1 0 1 0 -1 0 0 3622.DAT
0 STEP
1 86 520.0 -696 770.0 -1 0 0 0 1 0 0 0 -1 3010.DAT
0 STEP
1 86 500.0 -648 790.0 -1 0 0 0 1 0 0 0 -1 3004.DAT
0 STEP
1 86 490.0 -696 790.0 0 0 1 0 1 0 -1 0 0 3005.DAT
0 STEP
1 86 490.0 -1776 790.0 0 0 1 0 1 0 -1 0 0 3005.DAT
0 STEP
1 86 520.0 -648 810.0 -1 0 0 0 1 0 0 0 -1 3010.DAT
0 STEP
1 86 510.0 -672 820.0 -1 0 0 0 1 0 0 0 -1 3002.DAT
0 STEP
1 86 510.0 -1608 820.0 -1 0 0 0 1 0 0 0 -1 3002.DAT
0 STEP
1 86 490.0 -1632 840.0 0 0 1 0 1 0 -1 0 0 3010.DAT
0 STEP
1 86 510.0 -1656 820.0 -1 0 0 0 1 0 0 0 -1 3002.DAT
0 STEP
1 86 490.0 -1680 820.0 0 0 1 0 1 0 -1 0 0 3004.DAT
0 STEP
1 86 510.0 -1704 810.0 -1 0 0 0 1 0 0 0 -1 3622.DAT
0 STEP
1 86 500.0 -648 840.0 0 0 1 0 1 0 -1 0 0 3003.DAT
0 STEP
1 86 490.0 -1536 880.0 0 0 1 0 1 0 -1 0 0 3009.DAT
0 STEP
1 86 490.0 -1560 830.0 0 0 1 0 1 0 -1 0 0 3005.DAT
0 STEP
1 86 500.0 -1584 860.0 0 0 1 0 1 0 -1 0 0 3001.DAT
0 STEP
1 86 510.0 -600 860.0 -1 0 0 0 1 0 0 0 -1 3002.DAT
0 STEP
1 86 510.0 -1512 850.0 -1 0 0 0 1 0 0 0 -1 3622.DAT
0 STEP
1 86 510.0 -1560 850.0 -1 0 0 0 1 0 0 0 -1 3622.DAT
0 STEP
1 86 510.0 -1608 850.0 -1 0 0 0 1 0 0 0 -1 3622.DAT
0 STEP
1 86 510.0 -1656 850.0 -1 0 0 0 1 0 0 0 -1 3622.DAT
0 STEP
1 86 490.0 -1704 860.0 0 0 1 0 1 0 -1 0 0 3004.DAT
0 STEP
1 86 540.0 -624 870.0 -1 0 0 0 1 0 0 0 -1 3009.DAT
0 STEP
1 86 490.0 -1488 900.0 0 0 1 0 1 0 -1 0 0 3010.DAT
0 STEP
1 86 510.0 -1512 880.0 -1 0 0 0 1 0 0 0 -1 3002.DAT
0 STEP
1 86 490.0 -1560 870.0 0 0 1 0 1 0 -1 0 0 3005.DAT
0 STEP
1 86 490.0 -1608 890.0 0 0 1 0 1 0 -1 0 0 3622.DAT
0 STEP
1 86 490.0 -1680 870.0 0 0 1 0 1 0 -1 0 0 3005.DAT
0 STEP
1 86 500.0 -552 910.0 0 0 1 0 1 0 -1 0 0 3002.DAT
0 STEP
1 86 510.0 -1464 890.0 -1 0 0 0 1 0 0 0 -1 3622.DAT
0 STEP
1 86 490.0 -1632 890.0 0 0 1 0 1 0 -1 0 0 3005.DAT
0 STEP
1 86 500.0 -504 950.0 0 0 1 0 1 0 -1 0 0 3002.DAT
0 STEP
1 86 510.0 -456 960.0 -1 0 0 0 1 0 0 0 -1 3002.DAT
0 STEP
1 86 490.0 -1416 970.0 0 0 1 0 1 0 -1 0 0 3622.DAT
0 STEP
1 86 490.0 -1488 950.0 0 0 1 0 1 0 -1 0 0 3005.DAT
0 STEP
1 86 490.0 -432 980.0 0 0 1 0 1 0 -1 0 0 3004.DAT
0 STEP
1 86 490.0 -480 970.0 0 0 1 0 1 0 -1 0 0 3005.DAT
0 STEP
1 86 490.0 -1392 990.0 0 0 1 0 1 0 -1 0 0 3622.DAT
0 STEP
1 86 510.0 -408 1000.0 -1 0 0 0 1 0 0 0 -1 3002.DAT
0 STEP
1 86 510.0 -456 1000.0 -1 0 0 0 1 0 0 0 -1 3002.DAT
0 STEP
1 86 490.0 -432 1050.0 0 0 1 0 1 0 -1 0 0 3622.DAT
0 STEP
1 86 520.0 -1296 1030.0 -1 0 0 0 1 0 0 0 -1 3010.DAT
0 STEP
1 86 490.0 -1344 1030.0 0 0 1 0 1 0 -1 0 0 3005.DAT
0 STEP
1 86 510.0 -1272 1050.0 -1 0 0 0 1 0 0 0 -1 3622.DAT
0 STEP
1 86 490.0 -1296 1080.0 0 0 1 0 1 0 -1 0 0 3010.DAT
0 STEP
1 86 520.0 -504 1090.0 -1 0 0 0 1 0 0 0 -1 3010.DAT
0 STEP
1 86 490.0 -1320 1090.0 0 0 1 0 1 0 -1 0 0 3005.DAT
0 STEP
1 86 500.0 -1272 1140.0 0 0 1 0 1 0 -1 0 0 3001.DAT
0 STEP
1 86 560.0 -504 1130.0 -1 0 0 0 1 0 0 0 -1 3008.DAT
0 STEP
1 86 490.0 -1296 1130.0 0 0 1 0 1 0 -1 0 0 3005.DAT
0 STEP
1 86 520.0 -456 1150.0 -1 0 0 0 1 0 0 0 -1 3010.DAT
0 STEP
1 86 490.0 -504 1180.0 0 0 1 0 1 0 -1 0 0 3010.DAT
0 STEP
1 86 490.0 -1224 1180.0 0 0 1 0 1 0 -1 0 0 3010.DAT
0 STEP
1 86 490.0 -456 1200.0 0 0 1 0 1 0 -1 0 0 3010.DAT
0 STEP
1 86 490.0 -1152 1290.0 0 0 1 0 1 0 -1 0 0 3005.DAT
0 STEP
1 86 490.0 -456 1380.0 0 0 1 0 1 0 -1 0 0 3010.DAT
0 STEP
1 86 490.0 -1080 1350.0 0 0 1 0 1 0 -1 0 0 3005.DAT
0 STEP
1 86 490.0 -432 1390.0 0 0 1 0 1 0 -1 0 0 3005.DAT
0 STEP
1 86 490.0 -936 1390.0 0 0 1 0 1 0 -1 0 0 3005.DAT
0 STEP
1 86 520.0 -984 1390.0 -1 0 0 0 1 0 0 0 -1 3010.DAT
0 STEP
1 86 490.0 -456 1430.0 0 0 1 0 1 0 -1 0 0 3005.DAT
0 STEP
1 86 500.0 -840 1450.0 0 0 1 0 1 0 -1 0 0 3002.DAT
0 STEP
1 86 520.0 -384 1490.0 -1 0 0 0 1 0 0 0 -1 3010.DAT
0 STEP
1 86 520.0 -768 1490.0 -1 0 0 0 1 0 0 0 -1 3010.DAT
0 STEP
1 86 520.0 -384 1520.0 -1 0 0 0 1 0 0 0 -1 3001.DAT
0 STEP
1 86 490.0 -360 1550.0 0 0 1 0 1 0 -1 0 0 3622.DAT
0 STEP
1 86 500.0 -312 1580.0 0 0 1 0 1 0 -1 0 0 3001.DAT
0 STEP
1 86 520.0 -624 1560.0 -1 0 0 0 1 0 0 0 -1 3001.DAT
0 STEP
1 86 490.0 -600 1570.0 0 0 1 0 1 0 -1 0 0 3005.DAT
0 STEP
1 86 490.0 -288 1640.0 0 0 1 0 1 0 -1 0 0 3009.DAT
0 STEP
1 86 520.0 -576 1600.0 -1 0 0 0 1 0 0 0 -1 3001.DAT
0 STEP
1 86 510.0 -624 1590.0 -1 0 0 0 1 0 0 0 -1 3622.DAT
0 STEP
1 86 510.0 -552 1620.0 -1 0 0 0 1 0 0 0 -1 3002.DAT
0 STEP
1 86 490.0 -528 1660.0 0 0 1 0 1 0 -1 0 0 3010.DAT
0 STEP
1 86 510.0 -576 1630.0 -1 0 0 0 1 0 0 0 -1 3622.DAT
0 STEP
1 86 540.0 -504 1650.0 -1 0 0 0 1 0 0 0 -1 3009.DAT
0 STEP
1 86 520.0 -552 1650.0 -1 0 0 0 1 0 0 0 -1 3010.DAT
0 STEP
1 86 500.0 -504 1670.0 -1 0 0 0 1 0 0 0 -1 3004.DAT
0 STEP
1 86 520.0 -504 1690.0 -1 0 0 0 1 0 0 0 -1 3010.DAT
0 STEP
1 86 490.0 -288 1710.0 0 0 1 0 1 0 -1 0 0 3005.DAT
0 STEP
1 86 510.0 -384 1710.0 -1 0 0 0 1 0 0 0 -1 3622.DAT
0 STEP
1 86 510.0 -504 1710.0 -1 0 0 0 1 0 0 0 -1 3622.DAT
0 STEP
1 86 490.0 -264 1750.0 0 0 1 0 1 0 -1 0 0 3622.DAT
0 STEP
1 86 520.0 -288 1730.0 -1 0 0 0 1 0 0 0 -1 3010.DAT
0 STEP
1 86 500.0 -360 1730.0 -1 0 0 0 1 0 0 0 -1 3004.DAT
0 STEP
1 86 510.0 -432 1730.0 -1 0 0 0 1 0 0 0 -1 3622.DAT
0 STEP
1 86 490.0 -216 1780.0 0 0 1 0 1 0 -1 0 0 3010.DAT
0 STEP
1 86 500.0 -336 1760.0 0 0 1 0 1 0 -1 0 0 3003.DAT
0 STEP
1 86 500.0 -384 1770.0 0 0 1 0 1 0 -1 0 0 3002.DAT
0 STEP
1 86 500.0 -432 1790.0 0 0 1 0 1 0 -1 0 0 3002.DAT
0 STEP
1 86 500.0 -264 1820.0 0 0 1 0 1 0 -1 0 0 3001.DAT
0 STEP
1 86 490.0 -312 1820.0 0 0 1 0 1 0 -1 0 0 3010.DAT
0 STEP
1 86 510.0 -288 1810.0 -1 0 0 0 1 0 0 0 -1 3622.DAT
0 STEP
1 86 500.0 -384 1840.0 0 0 1 0 1 0 -1 0 0 3001.DAT
0 STEP
1 86 490.0 -264 1870.0 0 0 1 0 1 0 -1 0 0 3005.DAT
0 STEP
1 86 490.0 -360 1890.0 0 0 1 0 1 0 -1 0 0 3005.DAT
0 STEP
1 86 510.0 -1464 300.0 0 0 1 0 1 0 -1 0 0 3004.DAT
0 STEP
1 86 510.0 -1488 290.0 0 0 1 0 1 0 -1 0 0 3005.DAT
0 STEP
1 86 510.0 -1488 340.0 0 0 1 0 1 0 -1 0 0 3010.DAT
0 STEP
1 86 510.0 -1536 400.0 0 0 1 0 1 0 -1 0 0 3008.DAT
0 STEP
1 86 510.0 -1488 390.0 0 0 1 0 1 0 -1 0 0 3005.DAT
0 STEP
1 86 510.0 -1488 460.0 0 0 1 0 1 0 -1 0 0 3009.DAT
0 STEP
1 86 510.0 -1608 410.0 0 0 1 0 1 0 -1 0 0 3005.DAT
0 STEP
1 86 510.0 -1632 430.0 0 0 1 0 1 0 -1 0 0 3005.DAT
0 STEP
1 86 520.0 -1464 460.0 0 0 1 0 1 0 -1 0 0 3003.DAT
0 STEP
1 86 510.0 -1608 460.0 0 0 1 0 1 0 -1 0 0 3004.DAT
0 STEP
1 86 510.0 -1464 490.0 0 0 1 0 1 0 -1 0 0 3005.DAT
0 STEP
1 86 510.0 -1512 560.0 0 0 1 0 1 0 -1 0 0 3008.DAT
0 STEP
1 86 510.0 -1608 560.0 0 0 1 0 1 0 -1 0 0 3008.DAT
0 STEP
1 86 510.0 -1656 500.0 0 0 1 0 1 0 -1 0 0 3004.DAT
0 STEP
1 86 510.0 -1368 560.0 0 0 1 0 1 0 -1 0 0 3009.DAT
0 STEP
1 86 510.0 -1416 560.0 0 0 1 0 1 0 -1 0 0 3009.DAT
0 STEP
1 86 510.0 -1464 560.0 0 0 1 0 1 0 -1 0 0 3009.DAT
0 STEP
1 86 510.0 -1680 530.0 0 0 1 0 1 0 -1 0 0 3622.DAT
0 STEP
1 86 510.0 -1344 530.0 0 0 1 0 1 0 -1 0 0 3005.DAT
0 STEP
1 86 510.0 -1104 550.0 0 0 1 0 1 0 -1 0 0 3005.DAT
0 STEP
1 86 510.0 -1272 570.0 0 0 1 0 1 0 -1 0 0 3622.DAT
0 STEP
1 86 520.0 -1344 570.0 0 0 1 0 1 0 -1 0 0 3002.DAT
0 STEP
1 86 510.0 -1560 550.0 0 0 1 0 1 0 -1 0 0 3005.DAT
0 STEP
1 86 520.0 -1008 570.0 -1 0 0 0 1 0 0 0 -1 3004.DAT
0 STEP
1 86 520.0 -1032 590.0 0 0 1 0 1 0 -1 0 0 3002.DAT
0 STEP
1 86 520.0 -1248 600.0 0 0 1 0 1 0 -1 0 0 3001.DAT
0 STEP
1 86 510.0 -1560 600.0 0 0 1 0 1 0 -1 0 0 3010.DAT
0 STEP
1 86 520.0 -1656 600.0 0 0 1 0 1 0 -1 0 0 3001.DAT
0 STEP
1 86 510.0 -1704 580.0 0 0 1 0 1 0 -1 0 0 3004.DAT
0 STEP
1 86 520.0 -960 600.0 0 0 1 0 1 0 -1 0 0 3003.DAT
0 STEP
1 86 530.0 -1008 590.0 -1 0 0 0 1 0 0 0 -1 3622.DAT
0 STEP
1 86 530.0 -1200 600.0 -1 0 0 0 1 0 0 0 -1 3002.DAT
0 STEP
1 86 530.0 -1440 590.0 -1 0 0 0 1 0 0 0 -1 3622.DAT
0 STEP
1 86 530.0 -1488 590.0 -1 0 0 0 1 0 0 0 -1 3622.DAT
0 STEP
1 86 510.0 -1728 620.0 0 0 1 0 1 0 -1 0 0 3010.DAT
0 STEP
1 86 510.0 -936 630.0 0 0 1 0 1 0 -1 0 0 3622.DAT
0 STEP
1 86 540.0 -1008 610.0 -1 0 0 0 1 0 0 0 -1 3010.DAT
0 STEP
1 86 510.0 -1224 610.0 0 0 1 0 1 0 -1 0 0 3005.DAT
0 STEP
1 86 510.0 -1272 640.0 0 0 1 0 1 0 -1 0 0 3010.DAT
0 STEP
1 86 530.0 -1296 620.0 -1 0 0 0 1 0 0 0 -1 3002.DAT
0 STEP
1 86 510.0 -1392 640.0 0 0 1 0 1 0 -1 0 0 3010.DAT
0 STEP
1 86 510.0 -1440 660.0 0 0 1 0 1 0 -1 0 0 3009.DAT
0 STEP
1 86 530.0 -1488 620.0 -1 0 0 0 1 0 0 0 -1 3002.DAT
0 STEP
1 86 530.0 -1536 610.0 -1 0 0 0 1 0 0 0 -1 3622.DAT
0 STEP
1 86 530.0 -1584 620.0 -1 0 0 0 1 0 0 0 -1 3002.DAT
0 STEP
1 86 510.0 -960 630.0 0 0 1 0 1 0 -1 0 0 3005.DAT
0 STEP
1 86 520.0 -1224 630.0 -1 0 0 0 1 0 0 0 -1 3004.DAT
0 STEP
1 86 510.0 -1320 650.0 0 0 1 0 1 0 -1 0 0 3622.DAT
0 STEP
1 86 510.0 -1416 630.0 0 0 1 0 1 0 -1 0 0 3005.DAT
0 STEP
1 86 510.0 -1464 630.0 0 0 1 0 1 0 -1 0 0 3005.DAT
0 STEP
1 86 530.0 -1536 640.0 -1 0 0 0 1 0 0 0 -1 3002.DAT
0 STEP
1 86 530.0 -1632 630.0 -1 0 0 0 1 0 0 0 -1 3622.DAT
0 STEP
1 86 520.0 -1248 650.0 -1 0 0 0 1 0 0 0 -1 3004.DAT
0 STEP
1 86 530.0 -1296 650.0 -1 0 0 0 1 0 0 0 -1 3622.DAT
0 STEP
1 86 510.0 -1344 680.0 0 0 1 0 1 0 -1 0 0 3010.DAT
0 STEP
1 86 520.0 -1464 650.0 -1 0 0 0 1 0 0 0 -1 3004.DAT
0 STEP
1 86 510.0 -1488 650.0 0 0 1 0 1 0 -1 0 0 3005.DAT
0 STEP
1 86 510.0 -1560 700.0 0 0 1 0 1 0 -1 0 0 3009.DAT
0 STEP
1 86 520.0 -1584 700.0 0 0 1 0 1 0 -1 0 0 2456.DAT
0 STEP
1 86 530.0 -1608 660.0 -1 0 0 0 1 0 0 0 -1 3002.DAT
0 STEP
1 86 520.0 -1632 680.0 0 0 1 0 1 0 -1 0 0 3001.DAT
0 STEP
1 86 530.0 -1656 660.0 -1 0 0 0 1 0 0 0 -1 3002.DAT
0 STEP
1 86 530.0 -1296 680.0 -1 0 0 0 1 0 0 0 -1 3002.DAT
0 STEP
1 86 510.0 -1368 700.0 0 0 1 0 1 0 -1 0 0 3010.DAT
0 STEP
1 86 530.0 -1416 680.0 -1 0 0 0 1 0 0 0 -1 3002.DAT
0 STEP
1 86 530.0 -1464 680.0 -1 0 0 0 1 0 0 0 -1 3002.DAT
0 STEP
1 86 510.0 -1488 700.0 0 0 1 0 1 0 -1 0 0 3010.DAT
0 STEP
1 86 530.0 -1512 680.0 -1 0 0 0 1 0 0 0 -1 3002.DAT
0 STEP
1 86 530.0 -1536 680.0 -1 0 0 0 1 0 0 0 -1 3002.DAT
0 STEP
1 86 510.0 -1680 670.0 0 0 1 0 1 0 -1 0 0 3005.DAT
0 STEP
1 86 510.0 -1728 670.0 0 0 1 0 1 0 -1 0 0 3005.DAT
0 STEP
1 86 510.0 -792 710.0 0 0 1 0 1 0 -1 0 0 3622.DAT
0 STEP
1 86 510.0 -1320 700.0 0 0 1 0 1 0 -1 0 0 3004.DAT
0 STEP
1 86 510.0 -1392 690.0 0 0 1 0 1 0 -1 0 0 3005.DAT
0 STEP
1 86 530.0 -1608 700.0 -1 0 0 0 1 0 0 0 -1 3002.DAT
0 STEP
1 86 520.0 -1656 690.0 -1 0 0 0 1 0 0 0 -1 3004.DAT
0 STEP
1 86 510.0 -1728 760.0 0 0 1 0 1 0 -1 0 0 3008.DAT
0 STEP
1 86 510.0 -1752 690.0 0 0 1 0 1 0 -1 0 0 3005.DAT
0 STEP
1 86 530.0 -1392 710.0 -1 0 0 0 1 0 0 0 -1 3622.DAT
0 STEP
1 86 520.0 -1416 720.0 0 0 1 0 1 0 -1 0 0 3003.DAT
0 STEP
1 86 510.0 -1464 760.0 0 0 1 0 1 0 -1 0 0 3009.DAT
0 STEP
1 86 510.0 -1512 710.0 0 0 1 0 1 0 -1 0 0 3005.DAT
0 STEP
1 86 530.0 -1536 720.0 -1 0 0 0 1 0 0 0 -1 3002.DAT
0 STEP
1 86 520.0 -1656 740.0 0 0 1 0 1 0 -1 0 0 3001.DAT
0 STEP
1 86 520.0 -1752 740.0 0 0 1 0 1 0 -1 0 0 3001.DAT
0 STEP
1 86 510.0 -720 730.0 0 0 1 0 1 0 -1 0 0 3005.DAT
0 STEP
1 86 530.0 -1344 730.0 -1 0 0 0 1 0 0 0 -1 3622.DAT
0 STEP
1 86 530.0 -1392 740.0 -1 0 0 0 1 0 0 0 -1 3002.DAT
0 STEP
1 86 530.0 -1440 740.0 -1 0 0 0 1 0 0 0 -1 3002.DAT
0 STEP
1 86 510.0 -1512 780.0 0 0 1 0 1 0 -1 0 0 3009.DAT
0 STEP
1 86 510.0 -1608 760.0 0 0 1 0 1 0 -1 0 0 3010.DAT
0 STEP
1 86 530.0 -1632 740.0 -1 0 0 0 1 0 0 0 -1 3002.DAT
0 STEP
1 86 510.0 -1680 730.0 0 0 1 0 1 0 -1 0 0 3005.DAT
0 STEP
1 86 510.0 -1776 730.0 0 0 1 0 1 0 -1 0 0 3005.DAT
0 STEP
1 86 540.0 -720 750.0 -1 0 0 0 1 0 0 0 -1 3010.DAT
0 STEP
1 86 520.0 -1416 770.0 0 0 1 0 1 0 -1 0 0 3002.DAT
0 STEP
1 86 530.0 -1488 760.0 -1 0 0 0 1 0 0 0 -1 3002.DAT
0 STEP
1 86 530.0 -1536 750.0 -1 0 0 0 1 0 0 0 -1 3622.DAT
0 STEP
1 86 520.0 -1704 770.0 0 0 1 0 1 0 -1 0 0 3002.DAT
0 STEP
1 86 540.0 -720 780.0 -1 0 0 0 1 0 0 0 -1 3001.DAT
0 STEP
1 86 510.0 -744 770.0 0 0 1 0 1 0 -1 0 0 3005.DAT
0 STEP
1 86 530.0 -1440 770.0 -1 0 0 0 1 0 0 0 -1 3622.DAT
0 STEP
1 86 530.0 -1536 780.0 -1 0 0 0 1 0 0 0 -1 3002.DAT
0 STEP
1 86 510.0 -1560 800.0 0 0 1 0 1 0 -1 0 0 3010.DAT
0 STEP
1 86 530.0 -1584 780.0 -1 0 0 0 1 0 0 0 -1 3002.DAT
0 STEP
1 86 530.0 -1632 770.0 -1 0 0 0 1 0 0 0 -1 3622.DAT
0 STEP
1 86 520.0 -672 790.0 -1 0 0 0 1 0 0 0 -1 3004.DAT
0 STEP
1 86 530.0 -696 800.0 -1 0 0 0 1 0 0 0 -1 3002.DAT
0 STEP
1 86 520.0 -1440 790.0 -1 0 0 0 1 0 0 0 -1 3004.DAT
0 STEP
1 86 530.0 -1488 800.0 -1 0 0 0 1 0 0 0 -1 3002.DAT
0 STEP
1 86 510.0 -1632 840.0 0 0 1 0 1 0 -1 0 0 3009.DAT
0 STEP
1 86 530.0 -1656 790.0 -1 0 0 0 1 0 0 0 -1 3622.DAT
0 STEP
1 86 520.0 -1440 840.0 0 0 1 0 1 0 -1 0 0 3001.DAT
0 STEP
1 86 520.0 -1536 840.0 0 0 1 0 1 0 -1 0 0 3001.DAT
0 STEP
1 86 510.0 -1584 810.0 0 0 1 0 1 0 -1 0 0 3005.DAT
0 STEP
1 86 510.0 -1680 840.0 0 0 1 0 1 0 -1 0 0 3010.DAT
0 STEP
1 86 530.0 -1464 830.0 -1 0 0 0 1 0 0 0 -1 3622.DAT
0 STEP
1 86 510.0 -1488 880.0 0 0 1 0 1 0 -1 0 0 3009.DAT
0 STEP
1 86 530.0 -1464 860.0 -1 0 0 0 1 0 0 0 -1 3002.DAT
0 STEP
1 86 510.0 -1704 850.0 0 0 1 0 1 0 -1 0 0 3005.DAT
0 STEP
1 86 510.0 -576 880.0 0 0 1 0 1 0 -1 0 0 3004.DAT
0 STEP
1 86 520.0 -1416 900.0 0 0 1 0 1 0 -1 0 0 3001.DAT
0 STEP
1 86 510.0 -1560 890.0 0 0 1 0 1 0 -1 0 0 3622.DAT
0 STEP
1 86 520.0 -1608 870.0 -1 0 0 0 1 0 0 0 -1 3004.DAT
0 STEP
1 86 510.0 -1440 900.0 0 0 1 0 1 0 -1 0 0 3004.DAT
0 STEP
1 86 510.0 -1536 900.0 0 0 1 0 1 0 -1 0 0 3004.DAT
0 STEP
1 86 510.0 -1608 890.0 0 0 1 0 1 0 -1 0 0 3005.DAT
0 STEP
1 86 530.0 -528 930.0 -1 0 0 0 1 0 0 0 -1 3622.DAT
0 STEP
1 86 510.0 -432 1000.0 0 0 1 0 1 0 -1 0 0 3009.DAT
0 STEP
1 86 540.0 -480 950.0 -1 0 0 0 1 0 0 0 -1 3010.DAT
0 STEP
1 86 510.0 -1392 970.0 0 0 1 0 1 0 -1 0 0 3622.DAT
0 STEP
1 86 520.0 -1416 950.0 -1 0 0 0 1 0 0 0 -1 3004.DAT
0 STEP
1 86 520.0 -408 970.0 -1 0 0 0 1 0 0 0 -1 3004.DAT
0 STEP
1 86 510.0 -480 980.0 0 0 1 0 1 0 -1 0 0 3004.DAT
0 STEP
1 86 510.0 -1416 970.0 0 0 1 0 1 0 -1 0 0 3005.DAT
0 STEP
1 86 510.0 -384 990.0 0 0 1 0 1 0 -1 0 0 3005.DAT
0 STEP
1 86 510.0 -1344 1010.0 0 0 1 0 1 0 -1 0 0 3622.DAT
0 STEP
1 86 510.0 -456 1060.0 0 0 1 0 1 0 -1 0 0 3004.DAT
0 STEP
1 86 520.0 -1296 1080.0 0 0 1 0 1 0 -1 0 0 3001.DAT
0 STEP
1 86 520.0 -480 1080.0 0 0 1 0 1 0 -1 0 0 3003.DAT
0 STEP
1 86 560.0 -504 1070.0 -1 0 0 0 1 0 0 0 -1 3009.DAT
0 STEP
1 86 520.0 -1248 1110.0 0 0 1 0 1 0 -1 0 0 3002.DAT
0 STEP
1 86 540.0 -480 1120.0 -1 0 0 0 1 0 0 0 -1 3001.DAT
0 STEP
1 86 520.0 -1224 1160.0 0 0 1 0 1 0 -1 0 0 3001.DAT
0 STEP
1 86 520.0 -504 1150.0 -1 0 0 0 1 0 0 0 -1 3004.DAT
0 STEP
1 86 510.0 -1248 1160.0 0 0 1 0 1 0 -1 0 0 3004.DAT
0 STEP
1 86 520.0 -456 1170.0 -1 0 0 0 1 0 0 0 -1 3004.DAT
0 STEP
1 86 520.0 -504 1200.0 0 0 1 0 1 0 -1 0 0 3001.DAT
0 STEP
1 86 510.0 -456 1220.0 0 0 1 0 1 0 -1 0 0 3010.DAT
0 STEP
1 86 510.0 -1200 1210.0 0 0 1 0 1 0 -1 0 0 3622.DAT
0 STEP
1 86 520.0 -1176 1230.0 0 0 1 0 1 0 -1 0 0 3002.DAT
0 STEP
1 86 540.0 -1224 1210.0 -1 0 0 0 1 0 0 0 -1 3010.DAT
0 STEP
1 86 510.0 -480 1230.0 0 0 1 0 1 0 -1 0 0 3005.DAT
0 STEP
1 86 510.0 -432 1320.0 0 0 1 0 1 0 -1 0 0 3008.DAT
0 STEP
1 86 510.0 -480 1300.0 0 0 1 0 1 0 -1 0 0 3009.DAT
0 STEP
1 86 520.0 -1152 1270.0 0 0 1 0 1 0 -1 0 0 3002.DAT
0 STEP
1 86 540.0 -456 1270.0 -1 0 0 0 1 0 0 0 -1 3010.DAT
0 STEP
1 86 510.0 -1080 1310.0 0 0 1 0 1 0 -1 0 0 3622.DAT
0 STEP
1 86 520.0 -1104 1290.0 -1 0 0 0 1 0 0 0 -1 3004.DAT
0 STEP
1 86 510.0 -1104 1310.0 0 0 1 0 1 0 -1 0 0 3005.DAT
0 STEP
1 86 530.0 -1008 1340.0 -1 0 0 0 1 0 0 0 -1 3002.DAT
0 STEP
1 86 520.0 -456 1350.0 -1 0 0 0 1 0 0 0 -1 3004.DAT
0 STEP
1 86 520.0 -456 1400.0 0 0 1 0 1 0 -1 0 0 3001.DAT
0 STEP
1 86 510.0 -480 1370.0 0 0 1 0 1 0 -1 0 0 3005.DAT
0 STEP
1 86 530.0 -936 1380.0 -1 0 0 0 1 0 0 0 -1 3002.DAT
0 STEP
1 86 540.0 -1008 1370.0 -1 0 0 0 1 0 0 0 -1 3010.DAT
0 STEP
1 86 510.0 -408 1390.0 0 0 1 0 1 0 -1 0 0 3005.DAT
0 STEP
1 86 520.0 -888 1400.0 0 0 1 0 1 0 -1 0 0 3003.DAT
0 STEP
1 86 530.0 -912 1400.0 -1 0 0 0 1 0 0 0 -1 3002.DAT
0 STEP
1 86 530.0 -432 1420.0 -1 0 0 0 1 0 0 0 -1 3002.DAT
0 STEP
1 86 530.0 -888 1430.0 -1 0 0 0 1 0 0 0 -1 3622.DAT
0 STEP
1 86 510.0 -432 1450.0 0 0 1 0 1 0 -1 0 0 3005.DAT
0 STEP
1 86 560.0 -456 1450.0 -1 0 0 0 1 0 0 0 -1 3009.DAT
0 STEP
1 86 510.0 -792 1470.0 0 0 1 0 1 0 -1 0 0 3622.DAT
0 STEP
1 86 540.0 -408 1480.0 -1 0 0 0 1 0 0 0 -1 3001.DAT
0 STEP
1 86 530.0 -816 1470.0 -1 0 0 0 1 0 0 0 -1 3622.DAT
0 STEP
1 86 510.0 -360 1510.0 0 0 1 0 1 0 -1 0 0 3622.DAT
0 STEP
1 86 540.0 -408 1510.0 -1 0 0 0 1 0 0 0 -1 3010.DAT
0 STEP
1 86 510.0 -696 1530.0 0 0 1 0 1 0 -1 0 0 3622.DAT
0 STEP
1 86 540.0 -336 1540.0 -1 0 0 0 1 0 0 0 -1 3001.DAT
0 STEP
1 86 510.0 -360 1560.0 0 0 1 0 1 0 -1 0 0 3004.DAT
0 STEP
1 86 510.0 -648 1560.0 0 0 1 0 1 0 -1 0 0 3004.DAT
0 STEP
1 86 540.0 -336 1570.0 -1 0 0 0 1 0 0 0 -1 3010.DAT
0 STEP
1 86 510.0 -600 1580.0 0 0 1 0 1 0 -1 0 0 3004.DAT
0 STEP
1 86 540.0 -288 1600.0 -1 0 0 0 1 0 0 0 -1 3001.DAT
0 STEP
1 86 560.0 -336 1590.0 -1 0 0 0 1 0 0 0 -1 3009.DAT
0 STEP
1 86 510.0 -264 1610.0 0 0 1 0 1 0 -1 0 0 3005.DAT
0 STEP
1 86 530.0 -264 1640.0 -1 0 0 0 1 0 0 0 -1 3002.DAT
0 STEP
1 86 510.0 -288 1630.0 0 0 1 0 1 0 -1 0 0 3005.DAT
0 STEP
1 86 520.0 -528 1650.0 0 0 1 0 1 0 -1 0 0 3002.DAT
0 STEP
1 86 510.0 -288 1680.0 0 0 1 0 1 0 -1 0 0 3010.DAT
0 STEP
1 86 520.0 -312 1650.0 -1 0 0 0 1 0 0 0 -1 3004.DAT
0 STEP
1 86 510.0 -240 1680.0 0 0 1 0 1 0 -1 0 0 3004.DAT
0 STEP
1 86 530.0 -408 1670.0 -1 0 0 0 1 0 0 0 -1 3622.DAT
0 STEP
1 86 530.0 -480 1670.0 -1 0 0 0 1 0 0 0 -1 3622.DAT
0 STEP
1 86 520.0 -264 1690.0 -1 0 0 0 1 0 0 0 -1 3004.DAT
0 STEP
1 86 530.0 -384 1690.0 -1 0 0 0 1 0 0 0 -1 3622.DAT
0 STEP
1 86 510.0 -528 1690.0 0 0 1 0 1 0 -1 0 0 3005.DAT
0 STEP
1 86 530.0 -240 1710.0 -1 0 0 0 1 0 0 0 -1 3622.DAT
0 STEP
1 86 520.0 -264 1740.0 0 0 1 0 1 0 -1 0 0 3001.DAT
0 STEP
1 86 510.0 -360 1710.0 0 0 1 0 1 0 -1 0 0 3005.DAT
0 STEP
1 86 540.0 -408 1710.0 -1 0 0 0 1 0 0 0 -1 3010.DAT
0 STEP
1 86 510.0 -456 1740.0 0 0 1 0 1 0 -1 0 0 3010.DAT
0 STEP
1 86 540.0 -336 1730.0 -1 0 0 0 1 0 0 0 -1 3010.DAT
0 STEP
1 86 510.0 -384 1730.0 0 0 1 0 1 0 -1 0 0 3005.DAT
0 STEP
1 86 530.0 -288 1750.0 -1 0 0 0 1 0 0 0 -1 3622.DAT
0 STEP
1 86 510.0 -312 1750.0 0 0 1 0 1 0 -1 0 0 3005.DAT
0 STEP
1 86 540.0 -408 1750.0 -1 0 0 0 1 0 0 0 -1 3010.DAT
0 STEP
1 86 530.0 -288 1780.0 -1 0 0 0 1 0 0 0 -1 3002.DAT
0 STEP
1 86 510.0 -312 1800.0 0 0 1 0 1 0 -1 0 0 3010.DAT
0 STEP
1 86 510.0 -408 1830.0 0 0 1 0 1 0 -1 0 0 3005.DAT
0 STEP
1 86 530.0 -1488 480.0 0 0 1 0 1 0 -1 0 0 3010.DAT
0 STEP
1 86 530.0 -1440 480.0 0 0 1 0 1 0 -1 0 0 3004.DAT
0 STEP
1 86 530.0 -1416 540.0 0 0 1 0 1 0 -1 0 0 3009.DAT
0 STEP
1 86 530.0 -1464 560.0 0 0 1 0 1 0 -1 0 0 3008.DAT
0 STEP
1 86 530.0 -1512 490.0 0 0 1 0 1 0 -1 0 0 3005.DAT
0 STEP
1 86 530.0 -1560 490.0 0 0 1 0 1 0 -1 0 0 3005.DAT
0 STEP
1 86 530.0 -1392 520.0 0 0 1 0 1 0 -1 0 0 3004.DAT
0 STEP
1 86 530.0 -1512 560.0 0 0 1 0 1 0 -1 0 0 3009.DAT
0 STEP
1 86 530.0 -1560 580.0 0 0 1 0 1 0 -1 0 0 3008.DAT
0 STEP
1 86 530.0 -1368 580.0 0 0 1 0 1 0 -1 0 0 3009.DAT
0 STEP
1 86 530.0 -1608 530.0 0 0 1 0 1 0 -1 0 0 3005.DAT
0 STEP
1 86 530.0 -1608 580.0 0 0 1 0 1 0 -1 0 0 3010.DAT
0 STEP
1 86 530.0 -1056 570.0 0 0 1 0 1 0 -1 0 0 3005.DAT
0 STEP
1 86 530.0 -1080 590.0 0 0 1 0 1 0 -1 0 0 3622.DAT
0 STEP
1 86 530.0 -1128 590.0 0 0 1 0 1 0 -1 0 0 3622.DAT
0 STEP
1 86 530.0 -1176 600.0 0 0 1 0 1 0 -1 0 0 3010.DAT
0 STEP
1 86 530.0 -1224 590.0 0 0 1 0 1 0 -1 0 0 3622.DAT
0 STEP
1 86 530.0 -1272 580.0 0 0 1 0 1 0 -1 0 0 3004.DAT
0 STEP
1 86 530.0 -1320 600.0 0 0 1 0 1 0 -1 0 0 3010.DAT
0 STEP
1 86 530.0 -984 590.0 0 0 1 0 1 0 -1 0 0 3005.DAT
0 STEP
1 86 530.0 -1680 660.0 0 0 1 0 1 0 -1 0 0 3008.DAT
0 STEP
1 86 540.0 -936 630.0 0 0 1 0 1 0 -1 0 0 3002.DAT
0 STEP
1 86 540.0 -1056 610.0 -1 0 0 0 1 0 0 0 -1 3004.DAT
0 STEP
1 86 550.0 -1104 610.0 -1 0 0 0 1 0 0 0 -1 3622.DAT
0 STEP
1 86 530.0 -1152 610.0 0 0 1 0 1 0 -1 0 0 3005.DAT
0 STEP
1 86 540.0 -1272 640.0 0 0 1 0 1 0 -1 0 0 3001.DAT
0 STEP
1 86 530.0 -1392 610.0 0 0 1 0 1 0 -1 0 0 3005.DAT
0 STEP
1 86 540.0 -1416 620.0 0 0 1 0 1 0 -1 0 0 3003.DAT
0 STEP
1 86 530.0 -1440 610.0 0 0 1 0 1 0 -1 0 0 3005.DAT
0 STEP
1 86 540.0 -888 650.0 0 0 1 0 1 0 -1 0 0 3002.DAT
0 STEP
1 86 560.0 -960 630.0 -1 0 0 0 1 0 0 0 -1 3010.DAT
0 STEP
1 86 530.0 -984 630.0 0 0 1 0 1 0 -1 0 0 3005.DAT
0 STEP
1 86 540.0 -1200 650.0 0 0 1 0 1 0 -1 0 0 3002.DAT
0 STEP
1 86 530.0 -1392 660.0 0 0 1 0 1 0 -1 0 0 3010.DAT
0 STEP
1 86 530.0 -1440 660.0 0 0 1 0 1 0 -1 0 0 3010.DAT
0 STEP
1 86 530.0 -1512 630.0 0 0 1 0 1 0 -1 0 0 3005.DAT
0 STEP
1 86 530.0 -1608 630.0 0 0 1 0 1 0 -1 0 0 3005.DAT
0 STEP
1 86 530.0 -1728 660.0 0 0 1 0 1 0 -1 0 0 3010.DAT
0 STEP
1 86 540.0 -864 650.0 -1 0 0 0 1 0 0 0 -1 3004.DAT
0 STEP
1 86 530.0 -912 650.0 0 0 1 0 1 0 -1 0 0 3005.DAT
0 STEP
1 86 550.0 -1224 650.0 -1 0 0 0 1 0 0 0 -1 3622.DAT
0 STEP
1 86 530.0 -1320 650.0 0 0 1 0 1 0 -1 0 0 3005.DAT
0 STEP
1 86 540.0 -1344 680.0 0 0 1 0 1 0 -1 0 0 3001.DAT
0 STEP
1 86 540.0 -1488 680.0 0 0 1 0 1 0 -1 0 0 3001.DAT
0 STEP
1 86 560.0 -864 680.0 -1 0 0 0 1 0 0 0 -1 3001.DAT
0 STEP
1 86 530.0 -1224 670.0 0 0 1 0 1 0 -1 0 0 3005.DAT
0 STEP
1 86 530.0 -1248 680.0 0 0 1 0 1 0 -1 0 0 3004.DAT
0 STEP
1 86 530.0 -1320 700.0 0 0 1 0 1 0 -1 0 0 3010.DAT
0 STEP
1 86 530.0 -1368 740.0 0 0 1 0 1 0 -1 0 0 3008.DAT
0 STEP
1 86 530.0 -1560 670.0 0 0 1 0 1 0 -1 0 0 3005.DAT
0 STEP
1 86 540.0 -792 710.0 0 0 1 0 1 0 -1 0 0 3002.DAT
0 STEP
1 86 550.0 -1272 690.0 -1 0 0 0 1 0 0 0 -1 3622.DAT
0 STEP
1 86 530.0 -1560 760.0 0 0 1 0 1 0 -1 0 0 3008.DAT
0 STEP
1 86 540.0 -72 740.0 0 0 1 0 1 0 -1 0 0 3001.DAT
0 STEP
1 86 560.0 -96 710.0 -1 0 0 0 1 0 0 0 -1 3010.DAT
0 STEP
1 86 530.0 -744 740.0 0 0 1 0 1 0 -1 0 0 3010.DAT
0 STEP
1 86 540.0 -768 710.0 -1 0 0 0 1 0 0 0 -1 3004.DAT
0 STEP
1 86 550.0 -1296 710.0 -1 0 0 0 1 0 0 0 -1 3622.DAT
0 STEP
1 86 530.0 -1440 710.0 0 0 1 0 1 0 -1 0 0 3005.DAT
0 STEP
1 86 540.0 -1464 760.0 0 0 1 0 1 0 -1 0 0 2456.DAT
0 STEP
1 86 540.0 -1512 740.0 0 0 1 0 1 0 -1 0 0 3001.DAT
0 STEP
1 86 530.0 -1728 710.0 0 0 1 0 1 0 -1 0 0 3005.DAT
0 STEP
1 86 530.0 -96 760.0 0 0 1 0 1 0 -1 0 0 3010.DAT
0 STEP
1 86 540.0 -1488 730.0 -1 0 0 0 1 0 0 0 -1 3004.DAT
0 STEP
1 86 540.0 -1608 760.0 0 0 1 0 1 0 -1 0 0 3001.DAT
0 STEP
1 86 530.0 -1728 760.0 0 0 1 0 1 0 -1 0 0 3010.DAT
0 STEP
1 86 550.0 -768 750.0 -1 0 0 0 1 0 0 0 -1 3622.DAT
0 STEP
1 86 550.0 -1320 750.0 -1 0 0 0 1 0 0 0 -1 3622.DAT
0 STEP
1 86 550.0 -1344 760.0 -1 0 0 0 1 0 0 0 -1 3002.DAT
0 STEP
1 86 530.0 -1680 750.0 0 0 1 0 1 0 -1 0 0 3005.DAT
0 STEP
1 86 530.0 -120 770.0 0 0 1 0 1 0 -1 0 0 3005.DAT
0 STEP
1 86 550.0 -1392 780.0 -1 0 0 0 1 0 0 0 -1 3002.DAT
0 STEP
1 86 530.0 -1680 800.0 0 0 1 0 1 0 -1 0 0 3010.DAT
0 STEP
1 86 540.0 -72 790.0 -1 0 0 0 1 0 0 0 -1 3004.DAT
0 STEP
1 86 530.0 -120 820.0 0 0 1 0 1 0 -1 0 0 3010.DAT
0 STEP
1 86 540.0 -1512 810.0 0 0 1 0 1 0 -1 0 0 3002.DAT
0 STEP
1 86 530.0 -1632 820.0 0 0 1 0 1 0 -1 0 0 3010.DAT
0 STEP
1 86 560.0 -96 820.0 -1 0 0 0 1 0 0 0 -1 3001.DAT
0 STEP
1 86 530.0 -1392 840.0 0 0 1 0 1 0 -1 0 0 3010.DAT
0 STEP
1 86 550.0 -1416 820.0 -1 0 0 0 1 0 0 0 -1 3002.DAT
0 STEP
1 86 530.0 -1584 840.0 0 0 1 0 1 0 -1 0 0 3010.DAT
0 STEP
1 86 560.0 -648 830.0 -1 0 0 0 1 0 0 0 -1 3010.DAT
0 STEP
1 86 530.0 -1488 830.0 0 0 1 0 1 0 -1 0 0 3005.DAT
0 STEP
1 86 530.0 -648 850.0 0 0 1 0 1 0 -1 0 0 3005.DAT
0 STEP
1 86 550.0 -1416 850.0 -1 0 0 0 1 0 0 0 -1 3622.DAT
0 STEP
1 86 530.0 -1488 880.0 0 0 1 0 1 0 -1 0 0 3010.DAT
0 STEP
1 86 530.0 -576 890.0 0 0 1 0 1 0 -1 0 0 3622.DAT
0 STEP
1 86 530.0 -1560 880.0 0 0 1 0 1 0 -1 0 0 3004.DAT
0 STEP
1 86 530.0 -624 890.0 0 0 1 0 1 0 -1 0 0 3005.DAT
0 STEP
1 86 540.0 -1392 890.0 -1 0 0 0 1 0 0 0 -1 3004.DAT
0 STEP
1 86 530.0 -1440 920.0 0 0 1 0 1 0 -1 0 0 3010.DAT
0 STEP
1 86 530.0 -1536 890.0 0 0 1 0 1 0 -1 0 0 3005.DAT
0 STEP
1 86 550.0 -216 910.0 -1 0 0 0 1 0 0 0 -1 3622.DAT
0 STEP
1 86 530.0 -240 910.0 0 0 1 0 1 0 -1 0 0 3005.DAT
0 STEP
1 86 530.0 -264 930.0 0 0 1 0 1 0 -1 0 0 3622.DAT
0 STEP
1 86 540.0 -552 930.0 0 0 1 0 1 0 -1 0 0 3002.DAT
0 STEP
1 86 530.0 -600 910.0 0 0 1 0 1 0 -1 0 0 3005.DAT
0 STEP
1 86 540.0 -1368 940.0 0 0 1 0 1 0 -1 0 0 3001.DAT
0 STEP
1 86 550.0 -1392 920.0 -1 0 0 0 1 0 0 0 -1 3002.DAT
0 STEP
1 86 550.0 -240 930.0 -1 0 0 0 1 0 0 0 -1 3622.DAT
0 STEP
1 86 550.0 -288 930.0 -1 0 0 0 1 0 0 0 -1 3622.DAT
0 STEP
1 86 530.0 -312 950.0 0 0 1 0 1 0 -1 0 0 3622.DAT
0 STEP
1 86 550.0 -336 940.0 -1 0 0 0 1 0 0 0 -1 3002.DAT
0 STEP
1 86 540.0 -504 950.0 0 0 1 0 1 0 -1 0 0 3002.DAT
0 STEP
1 86 550.0 -576 930.0 -1 0 0 0 1 0 0 0 -1 3622.DAT
0 STEP
1 86 540.0 -288 950.0 -1 0 0 0 1 0 0 0 -1 3004.DAT
0 STEP
1 86 530.0 -360 970.0 0 0 1 0 1 0 -1 0 0 3622.DAT
0 STEP
1 86 540.0 -384 980.0 0 0 1 0 1 0 -1 0 0 3001.DAT
0 STEP
1 86 550.0 -408 950.0 -1 0 0 0 1 0 0 0 -1 3622.DAT
0 STEP
1 86 550.0 -432 950.0 -1 0 0 0 1 0 0 0 -1 3622.DAT
0 STEP
1 86 540.0 -1392 950.0 -1 0 0 0 1 0 0 0 -1 3004.DAT
0 STEP
1 86 550.0 -336 980.0 -1 0 0 0 1 0 0 0 -1 3002.DAT
0 STEP
1 86 550.0 -432 980.0 -1 0 0 0 1 0 0 0 -1 3002.DAT
0 STEP
1 86 530.0 -480 990.0 0 0 1 0 1 0 -1 0 0 3622.DAT
0 STEP
1 86 560.0 -528 970.0 -1 0 0 0 1 0 0 0 -1 3010.DAT
0 STEP
1 86 530.0 -1344 1000.0 0 0 1 0 1 0 -1 0 0 3010.DAT
0 STEP
1 86 530.0 -1392 970.0 0 0 1 0 1 0 -1 0 0 3005.DAT
0 STEP
1 86 560.0 -1320 990.0 -1 0 0 0 1 0 0 0 -1 3010.DAT
0 STEP
1 86 530.0 -1368 990.0 0 0 1 0 1 0 -1 0 0 3005.DAT
0 STEP
1 86 530.0 -432 1020.0 0 0 1 0 1 0 -1 0 0 3004.DAT
0 STEP
1 86 530.0 -1296 1010.0 0 0 1 0 1 0 -1 0 0 3005.DAT
0 STEP
1 86 540.0 -1320 1030.0 0 0 1 0 1 0 -1 0 0 3002.DAT
0 STEP
1 86 530.0 -456 1050.0 0 0 1 0 1 0 -1 0 0 3622.DAT
0 STEP
1 86 560.0 -504 1050.0 -1 0 0 0 1 0 0 0 -1 3010.DAT
0 STEP
1 86 530.0 -1320 1070.0 0 0 1 0 1 0 -1 0 0 3005.DAT
0 STEP
1 86 530.0 -456 1120.0 0 0 1 0 1 0 -1 0 0 3004.DAT
0 STEP
1 86 560.0 -1272 1110.0 -1 0 0 0 1 0 0 0 -1 3010.DAT
0 STEP
1 86 550.0 -1272 1140.0 -1 0 0 0 1 0 0 0 -1 3002.DAT
0 STEP
1 86 560.0 -1248 1160.0 -1 0 0 0 1 0 0 0 -1 3001.DAT
0 STEP
1 86 540.0 -1200 1200.0 0 0 1 0 1 0 -1 0 0 3001.DAT
0 STEP
1 86 540.0 -456 1190.0 -1 0 0 0 1 0 0 0 -1 3004.DAT
0 STEP
1 86 550.0 -456 1220.0 -1 0 0 0 1 0 0 0 -1 3002.DAT
0 STEP
1 86 530.0 -480 1300.0 0 0 1 0 1 0 -1 0 0 3008.DAT
0 STEP
1 86 560.0 -456 1250.0 -1 0 0 0 1 0 0 0 -1 3010.DAT
0 STEP
1 86 540.0 -504 1260.0 0 0 1 0 1 0 -1 0 0 3003.DAT
0 STEP
1 86 530.0 -432 1290.0 0 0 1 0 1 0 -1 0 0 3005.DAT
0 STEP
1 86 550.0 -1080 1290.0 -1 0 0 0 1 0 0 0 -1 3622.DAT
0 STEP
1 86 530.0 -432 1340.0 0 0 1 0 1 0 -1 0 0 3010.DAT
0 STEP
1 86 550.0 -1080 1320.0 -1 0 0 0 1 0 0 0 -1 3002.DAT
0 STEP
1 86 560.0 -1104 1310.0 -1 0 0 0 1 0 0 0 -1 3010.DAT
0 STEP
1 86 530.0 -1032 1330.0 0 0 1 0 1 0 -1 0 0 3005.DAT
0 STEP
1 86 560.0 -1032 1350.0 -1 0 0 0 1 0 0 0 -1 3010.DAT
0 STEP
1 86 530.0 -960 1390.0 0 0 1 0 1 0 -1 0 0 3622.DAT
0 STEP
1 86 530.0 -1032 1370.0 0 0 1 0 1 0 -1 0 0 3005.DAT
0 STEP
1 86 540.0 -432 1390.0 -1 0 0 0 1 0 0 0 -1 3004.DAT
0 STEP
1 86 530.0 -480 1410.0 0 0 1 0 1 0 -1 0 0 3622.DAT
0 STEP
1 86 540.0 -840 1430.0 0 0 1 0 1 0 -1 0 0 3002.DAT
0 STEP
1 86 540.0 -792 1450.0 0 0 1 0 1 0 -1 0 0 3002.DAT
0 STEP
1 86 540.0 -432 1470.0 0 0 1 0 1 0 -1 0 0 3002.DAT
0 STEP
1 86 530.0 -744 1450.0 0 0 1 0 1 0 -1 0 0 3005.DAT
0 STEP
1 86 530.0 -384 1470.0 0 0 1 0 1 0 -1 0 0 3005.DAT
0 STEP
1 86 540.0 -720 1490.0 0 0 1 0 1 0 -1 0 0 3002.DAT
0 STEP
1 86 540.0 -696 1510.0 0 0 1 0 1 0 -1 0 0 3002.DAT
0 STEP
1 86 530.0 -360 1540.0 0 0 1 0 1 0 -1 0 0 3010.DAT
0 STEP
1 86 540.0 -672 1530.0 0 0 1 0 1 0 -1 0 0 3002.DAT
0 STEP
1 86 540.0 -648 1550.0 0 0 1 0 1 0 -1 0 0 3002.DAT
0 STEP
1 86 550.0 -312 1550.0 -1 0 0 0 1 0 0 0 -1 3622.DAT
0 STEP
1 86 560.0 -312 1570.0 -1 0 0 0 1 0 0 0 -1 3010.DAT
0 STEP
1 86 560.0 -600 1570.0 -1 0 0 0 1 0 0 0 -1 3010.DAT
0 STEP
1 86 530.0 -312 1600.0 0 0 1 0 1 0 -1 0 0 3004.DAT
0 STEP
1 86 550.0 -600 1590.0 -1 0 0 0 1 0 0 0 -1 3622.DAT
0 STEP
1 86 550.0 -336 1610.0 -1 0 0 0 1 0 0 0 -1 3622.DAT
0 STEP
1 86 530.0 -600 1610.0 0 0 1 0 1 0 -1 0 0 3005.DAT
0 STEP
1 86 540.0 -288 1660.0 0 0 1 0 1 0 -1 0 0 3001.DAT
0 STEP
1 86 530.0 -432 1650.0 0 0 1 0 1 0 -1 0 0 3622.DAT
0 STEP
1 86 550.0 -408 1650.0 -1 0 0 0 1 0 0 0 -1 3622.DAT
0 STEP
1 86 560.0 -312 1670.0 -1 0 0 0 1 0 0 0 -1 3010.DAT
0 STEP
1 86 550.0 -384 1670.0 -1 0 0 0 1 0 0 0 -1 3622.DAT
0 STEP
1 86 550.0 -504 1670.0 -1 0 0 0 1 0 0 0 -1 3622.DAT
0 STEP
1 86 540.0 -240 1690.0 -1 0 0 0 1 0 0 0 -1 3004.DAT
0 STEP
1 86 540.0 -360 1710.0 0 0 1 0 1 0 -1 0 0 3002.DAT
0 STEP
1 86 550.0 -408 1690.0 -1 0 0 0 1 0 0 0 -1 3622.DAT
0 STEP
1 86 560.0 -456 1690.0 -1 0 0 0 1 0 0 0 -1 3010.DAT
0 STEP
1 86 540.0 -288 1710.0 -1 0 0 0 1 0 0 0 -1 3004.DAT
0 STEP
1 86 530.0 -312 1760.0 0 0 1 0 1 0 -1 0 0 3009.DAT
0 STEP
1 86 550.0 -336 1710.0 -1 0 0 0 1 0 0 0 -1 3622.DAT
0 STEP
1 86 530.0 -432 1710.0 0 0 1 0 1 0 -1 0 0 3005.DAT
0 STEP
1 86 530.0 -456 1730.0 0 0 1 0 1 0 -1 0 0 3622.DAT
0 STEP
1 86 540.0 -384 1760.0 0 0 1 0 1 0 -1 0 0 3001.DAT
0 STEP
1 86 550.0 -408 1730.0 -1 0 0 0 1 0 0 0 -1 3622.DAT
0 STEP
1 86 540.0 -336 1750.0 -1 0 0 0 1 0 0 0 -1 3004.DAT
0 STEP
1 86 530.0 -432 1770.0 0 0 1 0 1 0 -1 0 0 3622.DAT
0 STEP
1 86 530.0 -336 1770.0 0 0 1 0 1 0 -1 0 0 3005.DAT
0 STEP
1 86 540.0 -264 1790.0 -1 0 0 0 1 0 0 0 -1 3004.DAT
0 STEP
1 86 530.0 -264 1820.0 0 0 1 0 1 0 -1 0 0 3004.DAT
0 STEP
1 86 540.0 -384 1810.0 -1 0 0 0 1 0 0 0 -1 3004.DAT
0 STEP
1 86 530.0 -384 1830.0 0 0 1 0 1 0 -1 0 0 3005.DAT
0 STEP
1 86 560.0 -24 620.0 0 0 1 0 1 0 -1 0 0 3006.DAT
0 STEP
1 86 550.0 -48 620.0 0 0 1 0 1 0 -1 0 0 3008.DAT
0 STEP
1 86 550.0 -1080 600.0 0 0 1 0 1 0 -1 0 0 3010.DAT
0 STEP
1 86 550.0 -72 590.0 0 0 1 0 1 0 -1 0 0 3005.DAT
0 STEP
1 86 550.0 -984 610.0 0 0 1 0 1 0 -1 0 0 3622.DAT
0 STEP
1 86 550.0 -1032 610.0 0 0 1 0 1 0 -1 0 0 3622.DAT
0 STEP
1 86 550.0 -1128 620.0 0 0 1 0 1 0 -1 0 0 3010.DAT
0 STEP
1 86 550.0 -1176 620.0 0 0 1 0 1 0 -1 0 0 3010.DAT
0 STEP
1 86 550.0 -1224 610.0 0 0 1 0 1 0 -1 0 0 3622.DAT
0 STEP
1 86 550.0 -1464 620.0 0 0 1 0 1 0 -1 0 0 3010.DAT
0 STEP
1 86 550.0 -1512 610.0 0 0 1 0 1 0 -1 0 0 3622.DAT
0 STEP
1 86 560.0 -72 610.0 -1 0 0 0 1 0 0 0 -1 3004.DAT
0 STEP
1 86 560.0 -960 610.0 -1 0 0 0 1 0 0 0 -1 3004.DAT
0 STEP
1 86 560.0 -1152 630.0 0 0 1 0 1 0 -1 0 0 3002.DAT
0 STEP
1 86 550.0 -1248 660.0 0 0 1 0 1 0 -1 0 0 3009.DAT
0 STEP
1 86 550.0 -1440 660.0 0 0 1 0 1 0 -1 0 0 3009.DAT
0 STEP
1 86 550.0 -1560 660.0 0 0 1 0 1 0 -1 0 0 3009.DAT
0 STEP
1 86 550.0 -1608 620.0 0 0 1 0 1 0 -1 0 0 3004.DAT
0 STEP
1 86 560.0 -72 660.0 0 0 1 0 1 0 -1 0 0 3001.DAT
0 STEP
1 86 550.0 -912 630.0 0 0 1 0 1 0 -1 0 0 3005.DAT
0 STEP
1 86 570.0 -1008 630.0 -1 0 0 0 1 0 0 0 -1 3622.DAT
0 STEP
1 86 570.0 -1056 630.0 -1 0 0 0 1 0 0 0 -1 3622.DAT
0 STEP
1 86 570.0 -1104 630.0 -1 0 0 0 1 0 0 0 -1 3622.DAT
0 STEP
1 86 550.0 -1320 680.0 0 0 1 0 1 0 -1 0 0 3009.DAT
0 STEP
1 86 550.0 -1656 630.0 0 0 1 0 1 0 -1 0 0 3005.DAT
0 STEP
1 86 550.0 -96 650.0 0 0 1 0 1 0 -1 0 0 3005.DAT
0 STEP
1 86 560.0 -912 660.0 0 0 1 0 1 0 -1 0 0 3003.DAT
0 STEP
1 86 580.0 -960 650.0 -1 0 0 0 1 0 0 0 -1 3010.DAT
0 STEP
1 86 550.0 -1584 700.0 0 0 1 0 1 0 -1 0 0 3009.DAT
0 STEP
1 86 550.0 -1632 680.0 0 0 1 0 1 0 -1 0 0 3010.DAT
0 STEP
1 86 560.0 -96 680.0 0 0 1 0 1 0 -1 0 0 3003.DAT
0 STEP
1 86 550.0 -840 690.0 0 0 1 0 1 0 -1 0 0 3622.DAT
0 STEP
1 86 570.0 -1176 670.0 -1 0 0 0 1 0 0 0 -1 3622.DAT
0 STEP
1 86 560.0 -1224 680.0 0 0 1 0 1 0 -1 0 0 3003.DAT
0 STEP
1 86 550.0 -1368 690.0 0 0 1 0 1 0 -1 0 0 3622.DAT
0 STEP
1 86 550.0 -1392 680.0 0 0 1 0 1 0 -1 0 0 3004.DAT
0 STEP
1 86 550.0 -1680 670.0 0 0 1 0 1 0 -1 0 0 3005.DAT
0 STEP
1 86 550.0 -816 690.0 0 0 1 0 1 0 -1 0 0 3005.DAT
0 STEP
1 86 570.0 -1200 690.0 -1 0 0 0 1 0 0 0 -1 3622.DAT
0 STEP
1 86 550.0 -1656 720.0 0 0 1 0 1 0 -1 0 0 3010.DAT
0 STEP
1 86 550.0 -48 710.0 0 0 1 0 1 0 -1 0 0 3005.DAT
0 STEP
1 86 550.0 -120 760.0 0 0 1 0 1 0 -1 0 0 3009.DAT
0 STEP
1 86 560.0 -1272 710.0 -1 0 0 0 1 0 0 0 -1 3004.DAT
0 STEP
1 86 550.0 -1416 710.0 0 0 1 0 1 0 -1 0 0 3005.DAT
0 STEP
1 86 550.0 -24 730.0 0 0 1 0 1 0 -1 0 0 3005.DAT
0 STEP
1 86 570.0 -48 730.0 -1 0 0 0 1 0 0 0 -1 3622.DAT
0 STEP
1 86 580.0 -96 740.0 -1 0 0 0 1 0 0 0 -1 3001.DAT
0 STEP
1 86 550.0 -744 750.0 0 0 1 0 1 0 -1 0 0 3622.DAT
0 STEP
1 86 580.0 -816 730.0 -1 0 0 0 1 0 0 0 -1 3010.DAT
0 STEP
1 86 560.0 -1296 730.0 -1 0 0 0 1 0 0 0 -1 3004.DAT
0 STEP
1 86 550.0 -1368 760.0 0 0 1 0 1 0 -1 0 0 3010.DAT
0 STEP
1 86 550.0 -1416 760.0 0 0 1 0 1 0 -1 0 0 3010.DAT
0 STEP
1 86 550.0 -1560 730.0 0 0 1 0 1 0 -1 0 0 3005.DAT
0 STEP
1 86 550.0 -1680 730.0 0 0 1 0 1 0 -1 0 0 3005.DAT
0 STEP
1 86 580.0 -48 750.0 -1 0 0 0 1 0 0 0 -1 3010.DAT
0 STEP
1 86 550.0 -1296 750.0 0 0 1 0 1 0 -1 0 0 3005.DAT
0 STEP
1 86 550.0 -1560 780.0 0 0 1 0 1 0 -1 0 0 3010.DAT
0 STEP
1 86 580.0 -48 780.0 -1 0 0 0 1 0 0 0 -1 3001.DAT
0 STEP
1 86 580.0 -96 780.0 -1 0 0 0 1 0 0 0 -1 3001.DAT
0 STEP
1 86 570.0 -144 770.0 -1 0 0 0 1 0 0 0 -1 3622.DAT
0 STEP
1 86 570.0 -1320 770.0 -1 0 0 0 1 0 0 0 -1 3622.DAT
0 STEP
1 86 550.0 -1656 770.0 0 0 1 0 1 0 -1 0 0 3005.DAT
0 STEP
1 86 580.0 -144 800.0 -1 0 0 0 1 0 0 0 -1 3001.DAT
0 STEP
1 86 560.0 -672 800.0 0 0 1 0 1 0 -1 0 0 3003.DAT
0 STEP
1 86 570.0 -1344 800.0 -1 0 0 0 1 0 0 0 -1 3002.DAT
0 STEP
1 86 550.0 -1440 840.0 0 0 1 0 1 0 -1 0 0 3009.DAT
0 STEP
1 86 550.0 -1632 790.0 0 0 1 0 1 0 -1 0 0 3005.DAT
0 STEP
1 86 580.0 -48 810.0 -1 0 0 0 1 0 0 0 -1 3010.DAT
0 STEP
1 86 550.0 -72 840.0 0 0 1 0 1 0 -1 0 0 3010.DAT
0 STEP
1 86 550.0 -1368 810.0 0 0 1 0 1 0 -1 0 0 3005.DAT
0 STEP
1 86 560.0 -1392 810.0 -1 0 0 0 1 0 0 0 -1 3004.DAT
0 STEP
1 86 550.0 -1536 810.0 0 0 1 0 1 0 -1 0 0 3005.DAT
0 STEP
1 86 550.0 -1584 810.0 0 0 1 0 1 0 -1 0 0 3005.DAT
0 STEP
1 86 560.0 -120 840.0 0 0 1 0 1 0 -1 0 0 3003.DAT
0 STEP
1 86 550.0 -144 830.0 0 0 1 0 1 0 -1 0 0 3005.DAT
0 STEP
1 86 550.0 -624 830.0 0 0 1 0 1 0 -1 0 0 3005.DAT
0 STEP
1 86 550.0 -672 830.0 0 0 1 0 1 0 -1 0 0 3005.DAT
0 STEP
1 86 560.0 -1368 850.0 0 0 1 0 1 0 -1 0 0 3002.DAT
0 STEP
1 86 550.0 -1392 850.0 0 0 1 0 1 0 -1 0 0 3622.DAT
0 STEP
1 86 550.0 -1488 840.0 0 0 1 0 1 0 -1 0 0 3004.DAT
0 STEP
1 86 550.0 -96 880.0 0 0 1 0 1 0 -1 0 0 3010.DAT
0 STEP
1 86 550.0 -144 880.0 0 0 1 0 1 0 -1 0 0 3010.DAT
0 STEP
1 86 560.0 -168 850.0 -1 0 0 0 1 0 0 0 -1 3004.DAT
0 STEP
1 86 550.0 -600 880.0 0 0 1 0 1 0 -1 0 0 3010.DAT
0 STEP
1 86 550.0 -648 860.0 0 0 1 0 1 0 -1 0 0 3004.DAT
0 STEP
1 86 580.0 -120 870.0 -1 0 0 0 1 0 0 0 -1 3010.DAT
0 STEP
1 86 560.0 -168 900.0 0 0 1 0 1 0 -1 0 0 3001.DAT
0 STEP
1 86 550.0 -1416 900.0 0 0 1 0 1 0 -1 0 0 3010.DAT
0 STEP
1 86 550.0 -72 890.0 0 0 1 0 1 0 -1 0 0 3005.DAT
0 STEP
1 86 560.0 -120 910.0 0 0 1 0 1 0 -1 0 0 3002.DAT
0 STEP
1 86 560.0 -192 910.0 0 0 1 0 1 0 -1 0 0 3002.DAT
0 STEP
1 86 560.0 -216 890.0 -1 0 0 0 1 0 0 0 -1 3004.DAT
0 STEP
1 86 550.0 -240 900.0 0 0 1 0 1 0 -1 0 0 3004.DAT
0 STEP
1 86 560.0 -576 890.0 -1 0 0 0 1 0 0 0 -1 3004.DAT
0 STEP
1 86 580.0 -624 890.0 -1 0 0 0 1 0 0 0 -1 3010.DAT
0 STEP
1 86 560.0 -1344 940.0 0 0 1 0 1 0 -1 0 0 2456.DAT
0 STEP
1 86 570.0 -1368 890.0 -1 0 0 0 1 0 0 0 -1 3622.DAT
0 STEP
1 86 550.0 -264 940.0 0 0 1 0 1 0 -1 0 0 3010.DAT
0 STEP
1 86 550.0 -288 910.0 0 0 1 0 1 0 -1 0 0 3005.DAT
0 STEP
1 86 570.0 -576 910.0 -1 0 0 0 1 0 0 0 -1 3622.DAT
0 STEP
1 86 550.0 -1440 910.0 0 0 1 0 1 0 -1 0 0 3005.DAT
0 STEP
1 86 580.0 -144 940.0 -1 0 0 0 1 0 0 0 -1 3001.DAT
0 STEP
1 86 550.0 -216 930.0 0 0 1 0 1 0 -1 0 0 3005.DAT
0 STEP
1 86 550.0 -312 960.0 0 0 1 0 1 0 -1 0 0 3010.DAT
0 STEP
1 86 550.0 -360 960.0 0 0 1 0 1 0 -1 0 0 3010.DAT
0 STEP
1 86 560.0 -240 950.0 -1 0 0 0 1 0 0 0 -1 3004.DAT
0 STEP
1 86 550.0 -456 950.0 0 0 1 0 1 0 -1 0 0 3005.DAT
0 STEP
1 86 550.0 -288 970.0 0 0 1 0 1 0 -1 0 0 3005.DAT
0 STEP
1 86 560.0 -408 990.0 0 0 1 0 1 0 -1 0 0 3002.DAT
0 STEP
1 86 550.0 -456 1000.0 0 0 1 0 1 0 -1 0 0 3010.DAT
0 STEP
1 86 560.0 -480 980.0 0 0 1 0 1 0 -1 0 0 3003.DAT
0 STEP
1 86 580.0 -1320 970.0 -1 0 0 0 1 0 0 0 -1 3010.DAT
0 STEP
1 86 550.0 -504 1010.0 0 0 1 0 1 0 -1 0 0 3622.DAT
0 STEP
1 86 550.0 -1296 1000.0 0 0 1 0 1 0 -1 0 0 3004.DAT
0 STEP
1 86 560.0 -432 1010.0 -1 0 0 0 1 0 0 0 -1 3004.DAT
0 STEP
1 86 550.0 -480 1010.0 0 0 1 0 1 0 -1 0 0 3005.DAT
0 STEP
1 86 550.0 -1272 1030.0 0 0 1 0 1 0 -1 0 0 3622.DAT
0 STEP
1 86 550.0 -480 1060.0 0 0 1 0 1 0 -1 0 0 3010.DAT
0 STEP
1 86 550.0 -528 1050.0 0 0 1 0 1 0 -1 0 0 3005.DAT
0 STEP
1 86 550.0 -1296 1080.0 0 0 1 0 1 0 -1 0 0 3010.DAT
0 STEP
1 86 550.0 -528 1100.0 0 0 1 0 1 0 -1 0 0 3010.DAT
0 STEP
1 86 550.0 -1248 1100.0 0 0 1 0 1 0 -1 0 0 3010.DAT
0 STEP
1 86 550.0 -504 1110.0 0 0 1 0 1 0 -1 0 0 3005.DAT
0 STEP
1 86 580.0 -1224 1130.0 -1 0 0 0 1 0 0 0 -1 3010.DAT
0 STEP
1 86 550.0 -504 1180.0 0 0 1 0 1 0 -1 0 0 3010.DAT
0 STEP
1 86 560.0 -1224 1170.0 0 0 1 0 1 0 -1 0 0 3002.DAT
0 STEP
1 86 550.0 -528 1170.0 0 0 1 0 1 0 -1 0 0 3005.DAT
0 STEP
1 86 550.0 -1248 1190.0 0 0 1 0 1 0 -1 0 0 3005.DAT
0 STEP
1 86 580.0 -1176 1210.0 -1 0 0 0 1 0 0 0 -1 3010.DAT
0 STEP
1 86 550.0 -480 1280.0 0 0 1 0 1 0 -1 0 0 3009.DAT
0 STEP
1 86 550.0 -504 1230.0 0 0 1 0 1 0 -1 0 0 3005.DAT
0 STEP
1 86 560.0 -1152 1250.0 0 0 1 0 1 0 -1 0 0 3002.DAT
0 STEP
1 86 550.0 -1176 1230.0 0 0 1 0 1 0 -1 0 0 3005.DAT
0 STEP
1 86 580.0 -1128 1250.0 -1 0 0 0 1 0 0 0 -1 3010.DAT
0 STEP
1 86 570.0 -1176 1250.0 -1 0 0 0 1 0 0 0 -1 3622.DAT
0 STEP
1 86 570.0 -1104 1280.0 -1 0 0 0 1 0 0 0 -1 3002.DAT
0 STEP
1 86 550.0 -504 1290.0 0 0 1 0 1 0 -1 0 0 3005.DAT
0 STEP
1 86 580.0 -1056 1300.0 -1 0 0 0 1 0 0 0 -1 3001.DAT
0 STEP
1 86 550.0 -432 1320.0 0 0 1 0 1 0 -1 0 0 3004.DAT
0 STEP
1 86 570.0 -1032 1320.0 -1 0 0 0 1 0 0 0 -1 3002.DAT
0 STEP
1 86 560.0 -456 1350.0 0 0 1 0 1 0 -1 0 0 3002.DAT
0 STEP
1 86 580.0 -1056 1330.0 -1 0 0 0 1 0 0 0 -1 3010.DAT
0 STEP
1 86 570.0 -480 1350.0 -1 0 0 0 1 0 0 0 -1 3622.DAT
0 STEP
1 86 560.0 -504 1360.0 0 0 1 0 1 0 -1 0 0 3003.DAT
0 STEP
1 86 560.0 -960 1370.0 0 0 1 0 1 0 -1 0 0 3002.DAT
0 STEP
1 86 550.0 -984 1360.0 0 0 1 0 1 0 -1 0 0 3004.DAT
0 STEP
1 86 560.0 -480 1400.0 0 0 1 0 1 0 -1 0 0 3001.DAT
0 STEP
1 86 570.0 -456 1390.0 -1 0 0 0 1 0 0 0 -1 3622.DAT
0 STEP
1 86 560.0 -888 1390.0 -1 0 0 0 1 0 0 0 -1 3004.DAT
0 STEP
1 86 580.0 -456 1410.0 -1 0 0 0 1 0 0 0 -1 3010.DAT
0 STEP
1 86 550.0 -888 1410.0 0 0 1 0 1 0 -1 0 0 3005.DAT
0 STEP
1 86 560.0 -456 1430.0 -1 0 0 0 1 0 0 0 -1 3004.DAT
0 STEP
1 86 550.0 -744 1470.0 0 0 1 0 1 0 -1 0 0 3622.DAT
0 STEP
1 86 550.0 -864 1450.0 0 0 1 0 1 0 -1 0 0 3005.DAT
0 STEP
1 86 580.0 -456 1470.0 -1 0 0 0 1 0 0 0 -1 3010.DAT
0 STEP
1 86 580.0 -360 1520.0 -1 0 0 0 1 0 0 0 -1 3001.DAT
0 STEP
1 86 560.0 -624 1530.0 -1 0 0 0 1 0 0 0 -1 3004.DAT
0 STEP
1 86 580.0 -360 1550.0 -1 0 0 0 1 0 0 0 -1 3010.DAT
0 STEP
1 86 570.0 -600 1550.0 -1 0 0 0 1 0 0 0 -1 3622.DAT
0 STEP
1 86 550.0 -288 1570.0 0 0 1 0 1 0 -1 0 0 3005.DAT
0 STEP
1 86 560.0 -576 1570.0 -1 0 0 0 1 0 0 0 -1 3004.DAT
0 STEP
1 86 550.0 -312 1620.0 0 0 1 0 1 0 -1 0 0 3010.DAT
0 STEP
1 86 560.0 -456 1620.0 0 0 1 0 1 0 -1 0 0 3001.DAT
0 STEP
1 86 570.0 -552 1600.0 -1 0 0 0 1 0 0 0 -1 3002.DAT
0 STEP
1 86 550.0 -408 1620.0 0 0 1 0 1 0 -1 0 0 3004.DAT
0 STEP
1 86 550.0 -432 1610.0 0 0 1 0 1 0 -1 0 0 3005.DAT
0 STEP
1 86 550.0 -528 1640.0 0 0 1 0 1 0 -1 0 0 3010.DAT
0 STEP
1 86 560.0 -336 1660.0 0 0 1 0 1 0 -1 0 0 3001.DAT
0 STEP
1 86 550.0 -360 1650.0 0 0 1 0 1 0 -1 0 0 3622.DAT
0 STEP
1 86 570.0 -384 1640.0 -1 0 0 0 1 0 0 0 -1 3002.DAT
0 STEP
1 86 550.0 -432 1700.0 0 0 1 0 1 0 -1 0 0 3008.DAT
0 STEP
1 86 560.0 -504 1630.0 -1 0 0 0 1 0 0 0 -1 3004.DAT
0 STEP
1 86 560.0 -552 1630.0 -1 0 0 0 1 0 0 0 -1 3004.DAT
0 STEP
1 86 550.0 -480 1650.0 0 0 1 0 1 0 -1 0 0 3005.DAT
0 STEP
1 86 570.0 -456 1670.0 -1 0 0 0 1 0 0 0 -1 3622.DAT
0 STEP
1 86 560.0 -264 1710.0 0 0 1 0 1 0 -1 0 0 3002.DAT
0 STEP
1 86 570.0 -312 1690.0 -1 0 0 0 1 0 0 0 -1 3622.DAT
0 STEP
1 86 550.0 -480 1690.0 0 0 1 0 1 0 -1 0 0 3005.DAT
0 STEP
1 86 560.0 -312 1720.0 0 0 1 0 1 0 -1 0 0 3003.DAT
0 STEP
1 86 560.0 -456 1720.0 0 0 1 0 1 0 -1 0 0 3003.DAT
0 STEP
1 86 550.0 -240 1730.0 0 0 1 0 1 0 -1 0 0 3005.DAT
0 STEP
1 86 550.0 -264 1760.0 0 0 1 0 1 0 -1 0 0 3004.DAT
0 STEP
1 86 550.0 -312 1770.0 0 0 1 0 1 0 -1 0 0 3622.DAT
0 STEP
1 86 550.0 -456 1750.0 0 0 1 0 1 0 -1 0 0 3005.DAT
0 STEP
1 86 550.0 -408 1790.0 0 0 1 0 1 0 -1 0 0 3005.DAT
0 STEP
1 18 570.0 -24 510.0 0 0 1 0 1 0 -1 0 0 3005.DAT
0 STEP
1 86 570.0 0 550.0 0 0 1 0 1 0 -1 0 0 3005.DAT
0 STEP
1 86 570.0 -48 580.0 0 0 1 0 1 0 -1 0 0 3010.DAT
0 STEP
1 86 570.0 -1056 600.0 0 0 1 0 1 0 -1 0 0 3004.DAT
0 STEP
1 86 570.0 -1080 620.0 0 0 1 0 1 0 -1 0 0 3010.DAT
0 STEP
1 86 570.0 -984 630.0 0 0 1 0 1 0 -1 0 0 3622.DAT
0 STEP
1 86 570.0 -1032 630.0 0 0 1 0 1 0 -1 0 0 3622.DAT
0 STEP
1 86 570.0 -1128 640.0 0 0 1 0 1 0 -1 0 0 3010.DAT
0 STEP
1 86 570.0 -1176 620.0 0 0 1 0 1 0 -1 0 0 3004.DAT
0 STEP
1 86 570.0 -48 630.0 0 0 1 0 1 0 -1 0 0 3005.DAT
0 STEP
1 86 570.0 -936 640.0 0 0 1 0 1 0 -1 0 0 3004.DAT
0 STEP
1 86 570.0 -1200 650.0 0 0 1 0 1 0 -1 0 0 3622.DAT
0 STEP
1 86 570.0 -48 680.0 0 0 1 0 1 0 -1 0 0 3010.DAT
0 STEP
1 86 570.0 -888 660.0 0 0 1 0 1 0 -1 0 0 3004.DAT
0 STEP
1 86 590.0 -1008 650.0 -1 0 0 0 1 0 0 0 -1 3622.DAT
0 STEP
1 86 590.0 -1056 650.0 -1 0 0 0 1 0 0 0 -1 3622.DAT
0 STEP
1 86 590.0 -1104 650.0 -1 0 0 0 1 0 0 0 -1 3622.DAT
0 STEP
1 86 580.0 -1176 650.0 -1 0 0 0 1 0 0 0 -1 3004.DAT
0 STEP
1 86 600.0 -936 670.0 -1 0 0 0 1 0 0 0 -1 3010.DAT
0 STEP
1 86 570.0 -1152 670.0 0 0 1 0 1 0 -1 0 0 3005.DAT
0 STEP
1 86 570.0 -1248 700.0 0 0 1 0 1 0 -1 0 0 3010.DAT
0 STEP
1 86 570.0 -816 700.0 0 0 1 0 1 0 -1 0 0 3004.DAT
0 STEP
1 86 580.0 -840 710.0 0 0 1 0 1 0 -1 0 0 3002.DAT
0 STEP
1 86 600.0 -888 690.0 -1 0 0 0 1 0 0 0 -1 3010.DAT
0 STEP
1 86 570.0 -912 690.0 0 0 1 0 1 0 -1 0 0 3005.DAT
0 STEP
1 86 600.0 -1176 690.0 -1 0 0 0 1 0 0 0 -1 3010.DAT
0 STEP
1 86 570.0 -72 730.0 0 0 1 0 1 0 -1 0 0 3622.DAT
0 STEP
1 86 580.0 -792 730.0 0 0 1 0 1 0 -1 0 0 3002.DAT
0 STEP
1 86 600.0 -864 710.0 -1 0 0 0 1 0 0 0 -1 3010.DAT
0 STEP
1 86 580.0 -1200 710.0 -1 0 0 0 1 0 0 0 -1 3004.DAT
0 STEP
1 86 570.0 -1224 710.0 0 0 1 0 1 0 -1 0 0 3005.DAT
0 STEP
1 86 570.0 -120 760.0 0 0 1 0 1 0 -1 0 0 3010.DAT
0 STEP
1 86 570.0 -1272 740.0 0 0 1 0 1 0 -1 0 0 3004.DAT
0 STEP
1 86 570.0 -1320 730.0 0 0 1 0 1 0 -1 0 0 3005.DAT
0 STEP
1 86 580.0 -744 770.0 0 0 1 0 1 0 -1 0 0 3002.DAT
0 STEP
1 86 570.0 -1296 760.0 0 0 1 0 1 0 -1 0 0 3004.DAT
0 STEP
1 86 570.0 -1368 780.0 0 0 1 0 1 0 -1 0 0 3010.DAT
0 STEP
1 86 570.0 -72 840.0 0 0 1 0 1 0 -1 0 0 3008.DAT
0 STEP
1 86 570.0 -696 790.0 0 0 1 0 1 0 -1 0 0 3622.DAT
0 STEP
1 86 600.0 -768 770.0 -1 0 0 0 1 0 0 0 -1 3010.DAT
0 STEP
1 86 580.0 -1320 820.0 0 0 1 0 1 0 -1 0 0 3001.DAT
0 STEP
1 86 570.0 -120 810.0 0 0 1 0 1 0 -1 0 0 3005.DAT
0 STEP
1 86 570.0 -648 810.0 0 0 1 0 1 0 -1 0 0 3005.DAT
0 STEP
1 86 590.0 -48 830.0 -1 0 0 0 1 0 0 0 -1 3622.DAT
0 STEP
1 86 600.0 -144 830.0 -1 0 0 0 1 0 0 0 -1 3010.DAT
0 STEP
1 86 570.0 -672 840.0 0 0 1 0 1 0 -1 0 0 3004.DAT
0 STEP
1 86 580.0 -696 830.0 -1 0 0 0 1 0 0 0 -1 3004.DAT
0 STEP
1 86 590.0 -1344 830.0 -1 0 0 0 1 0 0 0 -1 3622.DAT
0 STEP
1 86 570.0 -1392 860.0 0 0 1 0 1 0 -1 0 0 3010.DAT
0 STEP
1 86 570.0 -48 850.0 0 0 1 0 1 0 -1 0 0 3005.DAT
0 STEP
1 86 580.0 -96 860.0 0 0 1 0 1 0 -1 0 0 3003.DAT
0 STEP
1 86 580.0 -144 880.0 0 0 1 0 1 0 -1 0 0 3001.DAT
0 STEP
1 86 590.0 -648 850.0 -1 0 0 0 1 0 0 0 -1 3622.DAT
0 STEP
1 86 570.0 -1344 860.0 0 0 1 0 1 0 -1 0 0 3004.DAT
0 STEP
1 86 570.0 -600 900.0 0 0 1 0 1 0 -1 0 0 3010.DAT
0 STEP
1 86 600.0 -648 870.0 -1 0 0 0 1 0 0 0 -1 3010.DAT
0 STEP
1 86 600.0 -96 900.0 -1 0 0 0 1 0 0 0 -1 3001.DAT
0 STEP
1 86 580.0 -1320 920.0 0 0 1 0 1 0 -1 0 0 3001.DAT
0 STEP
1 86 570.0 -240 910.0 0 0 1 0 1 0 -1 0 0 3005.DAT
0 STEP
1 86 570.0 -264 930.0 0 0 1 0 1 0 -1 0 0 3622.DAT
0 STEP
1 86 590.0 -624 910.0 -1 0 0 0 1 0 0 0 -1 3622.DAT
0 STEP
1 86 570.0 -1368 930.0 0 0 1 0 1 0 -1 0 0 3622.DAT
0 STEP
1 86 570.0 -72 930.0 0 0 1 0 1 0 -1 0 0 3005.DAT
0 STEP
1 86 590.0 -96 940.0 -1 0 0 0 1 0 0 0 -1 3002.DAT
0 STEP
1 86 570.0 -216 940.0 0 0 1 0 1 0 -1 0 0 3004.DAT
0 STEP
1 86 570.0 -312 950.0 0 0 1 0 1 0 -1 0 0 3622.DAT
0 STEP
1 86 570.0 -552 950.0 0 0 1 0 1 0 -1 0 0 3622.DAT
0 STEP
1 86 590.0 -72 950.0 -1 0 0 0 1 0 0 0 -1 3622.DAT
0 STEP
1 86 570.0 -120 980.0 0 0 1 0 1 0 -1 0 0 3010.DAT
0 STEP
1 86 570.0 -288 960.0 0 0 1 0 1 0 -1 0 0 3004.DAT
0 STEP
1 86 570.0 -360 970.0 0 0 1 0 1 0 -1 0 0 3622.DAT
0 STEP
1 86 570.0 -384 970.0 0 0 1 0 1 0 -1 0 0 3622.DAT
0 STEP
1 86 570.0 -456 980.0 0 0 1 0 1 0 -1 0 0 3010.DAT
0 STEP
1 86 570.0 -504 950.0 0 0 1 0 1 0 -1 0 0 3005.DAT
0 STEP
1 86 570.0 -576 950.0 0 0 1 0 1 0 -1 0 0 3005.DAT
0 STEP
1 86 590.0 -96 980.0 -1 0 0 0 1 0 0 0 -1 3002.DAT
0 STEP
1 86 590.0 -144 970.0 -1 0 0 0 1 0 0 0 -1 3622.DAT
0 STEP
1 86 580.0 -504 1000.0 0 0 1 0 1 0 -1 0 0 3001.DAT
0 STEP
1 86 570.0 -1296 990.0 0 0 1 0 1 0 -1 0 0 3622.DAT
0 STEP
1 86 570.0 -528 1000.0 0 0 1 0 1 0 -1 0 0 3004.DAT
0 STEP
1 86 570.0 -480 1040.0 0 0 1 0 1 0 -1 0 0 3010.DAT
0 STEP
1 86 580.0 -1272 1040.0 0 0 1 0 1 0 -1 0 0 3001.DAT
0 STEP
1 86 570.0 -1320 1030.0 0 0 1 0 1 0 -1 0 0 3622.DAT
0 STEP
1 86 570.0 -528 1100.0 0 0 1 0 1 0 -1 0 0 3008.DAT
0 STEP
1 86 570.0 -1296 1060.0 0 0 1 0 1 0 -1 0 0 3010.DAT
0 STEP
1 86 580.0 -1248 1070.0 -1 0 0 0 1 0 0 0 -1 3004.DAT
0 STEP
1 86 570.0 -480 1090.0 0 0 1 0 1 0 -1 0 0 3005.DAT
0 STEP
1 86 590.0 -504 1100.0 -1 0 0 0 1 0 0 0 -1 3002.DAT
0 STEP
1 86 590.0 -1248 1090.0 -1 0 0 0 1 0 0 0 -1 3622.DAT
0 STEP
1 86 600.0 -1224 1110.0 -1 0 0 0 1 0 0 0 -1 3010.DAT
0 STEP
1 86 580.0 -1248 1120.0 0 0 1 0 1 0 -1 0 0 3003.DAT
0 STEP
1 86 570.0 -504 1150.0 0 0 1 0 1 0 -1 0 0 3005.DAT
0 STEP
1 86 570.0 -504 1240.0 0 0 1 0 1 0 -1 0 0 3008.DAT
0 STEP
1 86 570.0 -1200 1200.0 0 0 1 0 1 0 -1 0 0 3010.DAT
0 STEP
1 86 570.0 -528 1190.0 0 0 1 0 1 0 -1 0 0 3005.DAT
0 STEP
1 86 600.0 -1176 1190.0 -1 0 0 0 1 0 0 0 -1 3010.DAT
0 STEP
1 86 600.0 -480 1240.0 -1 0 0 0 1 0 0 0 -1 3001.DAT
0 STEP
1 86 600.0 -1176 1230.0 -1 0 0 0 1 0 0 0 -1 3010.DAT
0 STEP
1 86 570.0 -1200 1250.0 0 0 1 0 1 0 -1 0 0 3005.DAT
0 STEP
1 86 600.0 -480 1280.0 -1 0 0 0 1 0 0 0 -1 3001.DAT
0 STEP
1 86 600.0 -1128 1270.0 -1 0 0 0 1 0 0 0 -1 3010.DAT
0 STEP
1 86 580.0 -1128 1290.0 -1 0 0 0 1 0 0 0 -1 3004.DAT
0 STEP
1 86 600.0 -480 1320.0 -1 0 0 0 1 0 0 0 -1 3001.DAT
0 STEP
1 86 570.0 -504 1330.0 0 0 1 0 1 0 -1 0 0 3005.DAT
0 STEP
1 86 580.0 -984 1350.0 0 0 1 0 1 0 -1 0 0 3002.DAT
0 STEP
1 86 600.0 -1008 1330.0 -1 0 0 0 1 0 0 0 -1 3010.DAT
0 STEP
1 86 590.0 -1008 1350.0 -1 0 0 0 1 0 0 0 -1 3622.DAT
0 STEP
1 86 570.0 -912 1390.0 0 0 1 0 1 0 -1 0 0 3622.DAT
0 STEP
1 86 570.0 -936 1370.0 0 0 1 0 1 0 -1 0 0 3005.DAT
0 STEP
1 86 590.0 -504 1390.0 -1 0 0 0 1 0 0 0 -1 3622.DAT
0 STEP
1 86 580.0 -864 1390.0 -1 0 0 0 1 0 0 0 -1 3004.DAT
0 STEP
1 86 590.0 -936 1390.0 -1 0 0 0 1 0 0 0 -1 3622.DAT
0 STEP
1 86 580.0 -504 1410.0 -1 0 0 0 1 0 0 0 -1 3004.DAT
0 STEP
1 86 600.0 -816 1410.0 -1 0 0 0 1 0 0 0 -1 3010.DAT
0 STEP
1 86 590.0 -840 1420.0 -1 0 0 0 1 0 0 0 -1 3002.DAT
0 STEP
1 86 570.0 -888 1420.0 0 0 1 0 1 0 -1 0 0 3004.DAT
0 STEP
1 86 580.0 -432 1460.0 0 0 1 0 1 0 -1 0 0 3001.DAT
0 STEP
1 86 600.0 -744 1440.0 -1 0 0 0 1 0 0 0 -1 3001.DAT
0 STEP
1 86 570.0 -768 1430.0 0 0 1 0 1 0 -1 0 0 3005.DAT
0 STEP
1 86 600.0 -792 1430.0 -1 0 0 0 1 0 0 0 -1 3010.DAT
0 STEP
1 86 570.0 -480 1450.0 0 0 1 0 1 0 -1 0 0 3005.DAT
0 STEP
1 86 580.0 -720 1470.0 0 0 1 0 1 0 -1 0 0 3002.DAT
0 STEP
1 86 590.0 -792 1450.0 -1 0 0 0 1 0 0 0 -1 3622.DAT
0 STEP
1 86 570.0 -840 1450.0 0 0 1 0 1 0 -1 0 0 3005.DAT
0 STEP
1 86 590.0 -696 1480.0 -1 0 0 0 1 0 0 0 -1 3002.DAT
0 STEP
1 86 580.0 -744 1470.0 -1 0 0 0 1 0 0 0 -1 3004.DAT
0 STEP
1 86 570.0 -792 1470.0 0 0 1 0 1 0 -1 0 0 3005.DAT
0 STEP
1 86 590.0 -384 1500.0 -1 0 0 0 1 0 0 0 -1 3002.DAT
0 STEP
1 86 570.0 -672 1510.0 0 0 1 0 1 0 -1 0 0 3622.DAT
0 STEP
1 86 580.0 -624 1510.0 -1 0 0 0 1 0 0 0 -1 3004.DAT
0 STEP
1 86 570.0 -648 1530.0 0 0 1 0 1 0 -1 0 0 3622.DAT
0 STEP
1 86 570.0 -696 1510.0 0 0 1 0 1 0 -1 0 0 3005.DAT
0 STEP
1 86 580.0 -384 1550.0 0 0 1 0 1 0 -1 0 0 3002.DAT
0 STEP
1 86 580.0 -480 1550.0 0 0 1 0 1 0 -1 0 0 3002.DAT
0 STEP
1 86 590.0 -504 1530.0 -1 0 0 0 1 0 0 0 -1 3622.DAT
0 STEP
1 86 590.0 -600 1530.0 -1 0 0 0 1 0 0 0 -1 3622.DAT
0 STEP
1 86 590.0 -408 1550.0 -1 0 0 0 1 0 0 0 -1 3622.DAT
0 STEP
1 86 570.0 -432 1570.0 0 0 1 0 1 0 -1 0 0 3622.DAT
0 STEP
1 86 590.0 -456 1560.0 -1 0 0 0 1 0 0 0 -1 3002.DAT
0 STEP
1 86 570.0 -504 1580.0 0 0 1 0 1 0 -1 0 0 3010.DAT
0 STEP
1 86 590.0 -528 1550.0 -1 0 0 0 1 0 0 0 -1 3622.DAT
0 STEP
1 86 590.0 -552 1560.0 -1 0 0 0 1 0 0 0 -1 3002.DAT
0 STEP
1 86 570.0 -576 1550.0 0 0 1 0 1 0 -1 0 0 3005.DAT
0 STEP
1 86 570.0 -624 1560.0 0 0 1 0 1 0 -1 0 0 3004.DAT
0 STEP
1 86 580.0 -360 1600.0 0 0 1 0 1 0 -1 0 0 3001.DAT
0 STEP
1 86 580.0 -408 1600.0 0 0 1 0 1 0 -1 0 0 3001.DAT
0 STEP
1 86 570.0 -528 1570.0 0 0 1 0 1 0 -1 0 0 3005.DAT
0 STEP
1 86 580.0 -312 1620.0 0 0 1 0 1 0 -1 0 0 3001.DAT
0 STEP
1 86 590.0 -384 1600.0 -1 0 0 0 1 0 0 0 -1 3002.DAT
0 STEP
1 86 590.0 -480 1590.0 -1 0 0 0 1 0 0 0 -1 3622.DAT
0 STEP
1 86 570.0 -528 1620.0 0 0 1 0 1 0 -1 0 0 3010.DAT
0 STEP
1 86 570.0 -576 1600.0 0 0 1 0 1 0 -1 0 0 3004.DAT
0 STEP
1 86 570.0 -432 1640.0 0 0 1 0 1 0 -1 0 0 3010.DAT
0 STEP
1 86 590.0 -480 1620.0 -1 0 0 0 1 0 0 0 -1 3002.DAT
0 STEP
1 86 570.0 -288 1700.0 0 0 1 0 1 0 -1 0 0 3008.DAT
0 STEP
1 86 570.0 -360 1680.0 0 0 1 0 1 0 -1 0 0 3010.DAT
0 STEP
1 86 570.0 -480 1680.0 0 0 1 0 1 0 -1 0 0 3010.DAT
0 STEP
1 86 580.0 -432 1710.0 0 0 1 0 1 0 -1 0 0 3002.DAT
0 STEP
1 86 570.0 -264 1750.0 0 0 1 0 1 0 -1 0 0 3005.DAT
0 STEP
1 86 570.0 -312 1750.0 0 0 1 0 1 0 -1 0 0 3005.DAT
0 STEP
1 86 570.0 -432 1750.0 0 0 1 0 1 0 -1 0 0 3005.DAT
0 STEP
1 86 590.0 -984 650.0 0 0 1 0 1 0 -1 0 0 3622.DAT
0 STEP
1 86 590.0 -1032 650.0 0 0 1 0 1 0 -1 0 0 3622.DAT
0 STEP
1 86 590.0 -1080 650.0 0 0 1 0 1 0 -1 0 0 3622.DAT
0 STEP
1 86 590.0 -1128 650.0 0 0 1 0 1 0 -1 0 0 3622.DAT
0 STEP
1 86 590.0 -1152 660.0 0 0 1 0 1 0 -1 0 0 3010.DAT
0 STEP
1 86 590.0 -912 670.0 0 0 1 0 1 0 -1 0 0 3622.DAT
0 STEP
1 86 600.0 -936 650.0 -1 0 0 0 1 0 0 0 -1 3004.DAT
0 STEP
1 86 600.0 -888 670.0 -1 0 0 0 1 0 0 0 -1 3004.DAT
0 STEP
1 86 590.0 -960 670.0 0 0 1 0 1 0 -1 0 0 3005.DAT
0 STEP
1 86 610.0 -1008 670.0 -1 0 0 0 1 0 0 0 -1 3622.DAT
0 STEP
1 86 620.0 -1056 670.0 -1 0 0 0 1 0 0 0 -1 3010.DAT
0 STEP
1 86 610.0 -1104 670.0 -1 0 0 0 1 0 0 0 -1 3622.DAT
0 STEP
1 86 620.0 -936 690.0 -1 0 0 0 1 0 0 0 -1 3010.DAT
0 STEP
1 86 600.0 -1128 690.0 -1 0 0 0 1 0 0 0 -1 3004.DAT
0 STEP
1 86 590.0 -1224 710.0 0 0 1 0 1 0 -1 0 0 3622.DAT
0 STEP
1 86 600.0 -816 710.0 -1 0 0 0 1 0 0 0 -1 3004.DAT
0 STEP
1 86 590.0 -888 710.0 0 0 1 0 1 0 -1 0 0 3005.DAT
0 STEP
1 86 620.0 -1176 710.0 -1 0 0 0 1 0 0 0 -1 3010.DAT
0 STEP
1 86 600.0 -1248 710.0 -1 0 0 0 1 0 0 0 -1 3004.DAT
0 STEP
1 86 590.0 -1272 730.0 0 0 1 0 1 0 -1 0 0 3622.DAT
0 STEP
1 86 590.0 -72 760.0 0 0 1 0 1 0 -1 0 0 3010.DAT
0 STEP
1 86 590.0 -120 730.0 0 0 1 0 1 0 -1 0 0 3005.DAT
0 STEP
1 86 600.0 -1200 730.0 -1 0 0 0 1 0 0 0 -1 3004.DAT
0 STEP
1 86 610.0 -1248 730.0 -1 0 0 0 1 0 0 0 -1 3622.DAT
0 STEP
1 86 590.0 -1296 760.0 0 0 1 0 1 0 -1 0 0 3010.DAT
0 STEP
1 86 590.0 -120 800.0 0 0 1 0 1 0 -1 0 0 3009.DAT
0 STEP
1 86 600.0 -768 750.0 -1 0 0 0 1 0 0 0 -1 3004.DAT
0 STEP
1 86 600.0 -816 750.0 -1 0 0 0 1 0 0 0 -1 3004.DAT
0 STEP
1 86 620.0 -1248 750.0 -1 0 0 0 1 0 0 0 -1 3010.DAT
0 STEP
1 86 590.0 -720 780.0 0 0 1 0 1 0 -1 0 0 3004.DAT
0 STEP
1 86 600.0 -1272 770.0 -1 0 0 0 1 0 0 0 -1 3004.DAT
0 STEP
1 86 590.0 -696 800.0 0 0 1 0 1 0 -1 0 0 3004.DAT
0 STEP
1 86 620.0 -72 820.0 -1 0 0 0 1 0 0 0 -1 3001.DAT
0 STEP
1 86 590.0 -672 840.0 0 0 1 0 1 0 -1 0 0 3010.DAT
0 STEP
1 86 610.0 -720 810.0 -1 0 0 0 1 0 0 0 -1 3622.DAT
0 STEP
1 86 600.0 -1296 840.0 0 0 1 0 1 0 -1 0 0 3001.DAT
0 STEP
1 86 590.0 -1368 850.0 0 0 1 0 1 0 -1 0 0 3622.DAT
0 STEP
1 86 600.0 -48 860.0 0 0 1 0 1 0 -1 0 0 3003.DAT
0 STEP
1 86 620.0 -72 850.0 -1 0 0 0 1 0 0 0 -1 3010.DAT
0 STEP
1 86 600.0 -696 850.0 -1 0 0 0 1 0 0 0 -1 3004.DAT
0 STEP
1 86 590.0 -1344 880.0 0 0 1 0 1 0 -1 0 0 3010.DAT
0 STEP
1 86 590.0 -72 900.0 0 0 1 0 1 0 -1 0 0 3010.DAT
0 STEP
1 86 610.0 -1320 870.0 -1 0 0 0 1 0 0 0 -1 3622.DAT
0 STEP
1 86 600.0 -120 890.0 -1 0 0 0 1 0 0 0 -1 3004.DAT
0 STEP
1 86 590.0 -168 910.0 0 0 1 0 1 0 -1 0 0 3622.DAT
0 STEP
1 86 590.0 -600 910.0 0 0 1 0 1 0 -1 0 0 3622.DAT
0 STEP
1 86 590.0 -648 890.0 0 0 1 0 1 0 -1 0 0 3005.DAT
0 STEP
1 86 610.0 -1296 890.0 -1 0 0 0 1 0 0 0 -1 3622.DAT
0 STEP
1 86 600.0 -120 960.0 0 0 1 0 1 0 -1 0 0 2456.DAT
0 STEP
1 86 600.0 -1296 940.0 0 0 1 0 1 0 -1 0 0 3001.DAT
0 STEP
1 86 590.0 -576 950.0 0 0 1 0 1 0 -1 0 0 3622.DAT
0 STEP
1 86 590.0 -624 930.0 0 0 1 0 1 0 -1 0 0 3005.DAT
0 STEP
1 86 590.0 -1344 950.0 0 0 1 0 1 0 -1 0 0 3622.DAT
0 STEP
1 86 590.0 -552 950.0 0 0 1 0 1 0 -1 0 0 3005.DAT
0 STEP
1 86 620.0 -600 950.0 -1 0 0 0 1 0 0 0 -1 3010.DAT
0 STEP
1 86 590.0 -72 970.0 0 0 1 0 1 0 -1 0 0 3005.DAT
0 STEP
1 86 600.0 -552 970.0 -1 0 0 0 1 0 0 0 -1 3004.DAT
0 STEP
1 86 590.0 -144 990.0 0 0 1 0 1 0 -1 0 0 3005.DAT
0 STEP
1 86 600.0 -528 1010.0 0 0 1 0 1 0 -1 0 0 3002.DAT
0 STEP
1 86 590.0 -552 1020.0 0 0 1 0 1 0 -1 0 0 3010.DAT
0 STEP
1 86 600.0 -1272 990.0 -1 0 0 0 1 0 0 0 -1 3004.DAT
0 STEP
1 86 610.0 -1296 990.0 -1 0 0 0 1 0 0 0 -1 3622.DAT
0 STEP
1 86 600.0 -96 1010.0 -1 0 0 0 1 0 0 0 -1 3004.DAT
0 STEP
1 86 600.0 -1296 1030.0 0 0 1 0 1 0 -1 0 0 3002.DAT
0 STEP
1 86 590.0 -1320 1020.0 0 0 1 0 1 0 -1 0 0 3004.DAT
0 STEP
1 86 610.0 -528 1050.0 -1 0 0 0 1 0 0 0 -1 3622.DAT
0 STEP
1 86 590.0 -1248 1050.0 0 0 1 0 1 0 -1 0 0 3005.DAT
0 STEP
1 86 590.0 -528 1140.0 0 0 1 0 1 0 -1 0 0 3008.DAT
0 STEP
1 86 600.0 -552 1070.0 -1 0 0 0 1 0 0 0 -1 3004.DAT
0 STEP
1 86 590.0 -1296 1080.0 0 0 1 0 1 0 -1 0 0 3004.DAT
0 STEP
1 86 610.0 -552 1090.0 -1 0 0 0 1 0 0 0 -1 3622.DAT
0 STEP
1 86 590.0 -552 1120.0 0 0 1 0 1 0 -1 0 0 3004.DAT
0 STEP
1 86 590.0 -1272 1130.0 0 0 1 0 1 0 -1 0 0 3005.DAT
0 STEP
1 86 610.0 -504 1160.0 -1 0 0 0 1 0 0 0 -1 3002.DAT
0 STEP
1 86 590.0 -1200 1180.0 0 0 1 0 1 0 -1 0 0 3010.DAT
0 STEP
1 86 600.0 -1224 1160.0 0 0 1 0 1 0 -1 0 0 3003.DAT
0 STEP
1 86 590.0 -504 1190.0 0 0 1 0 1 0 -1 0 0 3005.DAT
0 STEP
1 86 590.0 -1224 1190.0 0 0 1 0 1 0 -1 0 0 3005.DAT
0 STEP
1 86 590.0 -504 1280.0 0 0 1 0 1 0 -1 0 0 3008.DAT
0 STEP
1 86 590.0 -1152 1240.0 0 0 1 0 1 0 -1 0 0 3010.DAT
0 STEP
1 86 590.0 -528 1230.0 0 0 1 0 1 0 -1 0 0 3005.DAT
0 STEP
1 86 590.0 -1200 1230.0 0 0 1 0 1 0 -1 0 0 3005.DAT
0 STEP
1 86 590.0 -456 1270.0 0 0 1 0 1 0 -1 0 0 3005.DAT
0 STEP
1 86 590.0 -1080 1290.0 0 0 1 0 1 0 -1 0 0 3622.DAT
0 STEP
1 86 620.0 -1008 1310.0 -1 0 0 0 1 0 0 0 -1 3010.DAT
0 STEP
1 86 590.0 -456 1350.0 0 0 1 0 1 0 -1 0 0 3622.DAT
0 STEP
1 86 590.0 -936 1360.0 0 0 1 0 1 0 -1 0 0 3004.DAT
0 STEP
1 86 600.0 -960 1360.0 0 0 1 0 1 0 -1 0 0 3003.DAT
0 STEP
1 86 590.0 -480 1440.0 0 0 1 0 1 0 -1 0 0 3008.DAT
0 STEP
1 86 590.0 -504 1370.0 0 0 1 0 1 0 -1 0 0 3005.DAT
0 STEP
1 86 590.0 -888 1390.0 0 0 1 0 1 0 -1 0 0 3622.DAT
0 STEP
1 86 610.0 -912 1380.0 -1 0 0 0 1 0 0 0 -1 3002.DAT
0 STEP
1 86 600.0 -840 1390.0 -1 0 0 0 1 0 0 0 -1 3004.DAT
0 STEP
1 86 590.0 -960 1390.0 0 0 1 0 1 0 -1 0 0 3005.DAT
0 STEP
1 86 610.0 -768 1420.0 -1 0 0 0 1 0 0 0 -1 3002.DAT
0 STEP
1 86 590.0 -792 1410.0 0 0 1 0 1 0 -1 0 0 3005.DAT
0 STEP
1 86 590.0 -864 1420.0 0 0 1 0 1 0 -1 0 0 3004.DAT
0 STEP
1 86 590.0 -912 1410.0 0 0 1 0 1 0 -1 0 0 3005.DAT
0 STEP
1 86 610.0 -456 1430.0 -1 0 0 0 1 0 0 0 -1 3622.DAT
0 STEP
1 86 610.0 -672 1460.0 -1 0 0 0 1 0 0 0 -1 3002.DAT
0 STEP
1 86 590.0 -696 1450.0 0 0 1 0 1 0 -1 0 0 3005.DAT
0 STEP
1 86 600.0 -768 1450.0 -1 0 0 0 1 0 0 0 -1 3004.DAT
0 STEP
1 86 590.0 -408 1500.0 0 0 1 0 1 0 -1 0 0 3010.DAT
0 STEP
1 86 610.0 -504 1480.0 -1 0 0 0 1 0 0 0 -1 3002.DAT
0 STEP
1 86 590.0 -648 1500.0 0 0 1 0 1 0 -1 0 0 3010.DAT
0 STEP
1 86 610.0 -456 1500.0 -1 0 0 0 1 0 0 0 -1 3002.DAT
0 STEP
1 86 590.0 -528 1510.0 0 0 1 0 1 0 -1 0 0 3622.DAT
0 STEP
1 86 610.0 -552 1490.0 -1 0 0 0 1 0 0 0 -1 3622.DAT
0 STEP
1 86 590.0 -576 1540.0 0 0 1 0 1 0 -1 0 0 3009.DAT
0 STEP
1 86 610.0 -600 1500.0 -1 0 0 0 1 0 0 0 -1 3002.DAT
0 STEP
1 86 590.0 -624 1490.0 0 0 1 0 1 0 -1 0 0 3005.DAT
0 STEP
1 86 600.0 -672 1490.0 -1 0 0 0 1 0 0 0 -1 3004.DAT
0 STEP
1 86 590.0 -432 1510.0 0 0 1 0 1 0 -1 0 0 3005.DAT
0 STEP
1 86 610.0 -504 1510.0 -1 0 0 0 1 0 0 0 -1 3622.DAT
0 STEP
1 86 610.0 -552 1520.0 -1 0 0 0 1 0 0 0 -1 3002.DAT
0 STEP
1 86 590.0 -672 1510.0 0 0 1 0 1 0 -1 0 0 3005.DAT
0 STEP
1 86 590.0 -336 1550.0 0 0 1 0 1 0 -1 0 0 3622.DAT
0 STEP
1 86 600.0 -432 1560.0 0 0 1 0 1 0 -1 0 0 3001.DAT
0 STEP
1 86 610.0 -456 1530.0 -1 0 0 0 1 0 0 0 -1 3622.DAT
0 STEP
1 86 590.0 -624 1540.0 0 0 1 0 1 0 -1 0 0 3004.DAT
0 STEP
1 86 590.0 -504 1550.0 0 0 1 0 1 0 -1 0 0 3005.DAT
0 STEP
1 86 590.0 -504 1600.0 0 0 1 0 1 0 -1 0 0 3010.DAT
0 STEP
1 86 600.0 -528 1590.0 0 0 1 0 1 0 -1 0 0 3002.DAT
0 STEP
1 86 590.0 -456 1620.0 0 0 1 0 1 0 -1 0 0 3010.DAT
0 STEP
1 86 600.0 -336 1610.0 -1 0 0 0 1 0 0 0 -1 3004.DAT
0 STEP
1 86 590.0 -432 1610.0 0 0 1 0 1 0 -1 0 0 3005.DAT
0 STEP
1 86 590.0 -336 1660.0 0 0 1 0 1 0 -1 0 0 3010.DAT
0 STEP
1 86 590.0 -528 1630.0 0 0 1 0 1 0 -1 0 0 3005.DAT
0 STEP
1 86 590.0 -360 1660.0 0 0 1 0 1 0 -1 0 0 3004.DAT
0 STEP
1 86 590.0 -480 1660.0 0 0 1 0 1 0 -1 0 0 3004.DAT
0 STEP
1 86 590.0 -432 1670.0 0 0 1 0 1 0 -1 0 0 3005.DAT
0 STEP
1 86 610.0 -984 670.0 0 0 1 0 1 0 -1 0 0 3622.DAT
0 STEP
1 86 610.0 -1032 670.0 0 0 1 0 1 0 -1 0 0 3622.DAT
0 STEP
1 86 610.0 -1080 670.0 0 0 1 0 1 0 -1 0 0 3622.DAT
0 STEP
1 86 610.0 -912 690.0 0 0 1 0 1 0 -1 0 0 3622.DAT
0 STEP
1 86 620.0 -960 680.0 0 0 1 0 1 0 -1 0 0 3003.DAT
0 STEP
1 86 610.0 -1128 670.0 0 0 1 0 1 0 -1 0 0 3005.DAT
0 STEP
1 86 610.0 -1152 690.0 0 0 1 0 1 0 -1 0 0 3622.DAT
0 STEP
1 86 610.0 -864 690.0 0 0 1 0 1 0 -1 0 0 3005.DAT
0 STEP
1 86 630.0 -1008 690.0 -1 0 0 0 1 0 0 0 -1 3622.DAT
0 STEP
1 86 630.0 -1056 690.0 -1 0 0 0 1 0 0 0 -1 3622.DAT
0 STEP
1 86 630.0 -1104 690.0 -1 0 0 0 1 0 0 0 -1 3622.DAT
0 STEP
1 86 610.0 -1200 700.0 0 0 1 0 1 0 -1 0 0 3004.DAT
0 STEP
1 86 610.0 -840 710.0 0 0 1 0 1 0 -1 0 0 3005.DAT
0 STEP
1 86 610.0 -888 720.0 0 0 1 0 1 0 -1 0 0 3004.DAT
0 STEP
1 86 620.0 -1128 710.0 -1 0 0 0 1 0 0 0 -1 3004.DAT
0 STEP
1 86 610.0 -1224 730.0 0 0 1 0 1 0 -1 0 0 3622.DAT
0 STEP
1 86 610.0 -792 760.0 0 0 1 0 1 0 -1 0 0 3010.DAT
0 STEP
1 86 620.0 -840 740.0 0 0 1 0 1 0 -1 0 0 3003.DAT
0 STEP
1 86 620.0 -864 730.0 -1 0 0 0 1 0 0 0 -1 3004.DAT
0 STEP
1 86 640.0 -1176 730.0 -1 0 0 0 1 0 0 0 -1 3010.DAT
0 STEP
1 86 610.0 -1272 740.0 0 0 1 0 1 0 -1 0 0 3004.DAT
0 STEP
1 86 630.0 -72 760.0 -1 0 0 0 1 0 0 0 -1 3002.DAT
0 STEP
1 86 640.0 -120 760.0 -1 0 0 0 1 0 0 0 -1 3001.DAT
0 STEP
1 86 610.0 -744 800.0 0 0 1 0 1 0 -1 0 0 3010.DAT
0 STEP
1 86 610.0 -816 770.0 0 0 1 0 1 0 -1 0 0 3005.DAT
0 STEP
1 86 630.0 -1248 770.0 -1 0 0 0 1 0 0 0 -1 3622.DAT
0 STEP
1 86 610.0 -1296 780.0 0 0 1 0 1 0 -1 0 0 3004.DAT
0 STEP
1 86 640.0 -72 790.0 -1 0 0 0 1 0 0 0 -1 3010.DAT
0 STEP
1 86 640.0 -120 790.0 -1 0 0 0 1 0 0 0 -1 3010.DAT
0 STEP
1 86 610.0 -720 790.0 0 0 1 0 1 0 -1 0 0 3005.DAT
0 STEP
1 86 630.0 -768 800.0 -1 0 0 0 1 0 0 0 -1 3002.DAT
0 STEP
1 86 630.0 -1272 790.0 -1 0 0 0 1 0 0 0 -1 3622.DAT
0 STEP
1 86 610.0 -1320 820.0 0 0 1 0 1 0 -1 0 0 3010.DAT
0 STEP
1 86 640.0 -96 810.0 -1 0 0 0 1 0 0 0 -1 3010.DAT
0 STEP
1 86 610.0 -120 830.0 0 0 1 0 1 0 -1 0 0 3622.DAT
0 STEP
1 86 610.0 -696 820.0 0 0 1 0 1 0 -1 0 0 3004.DAT
0 STEP
1 86 640.0 -1272 810.0 -1 0 0 0 1 0 0 0 -1 3010.DAT
0 STEP
1 86 620.0 -96 850.0 0 0 1 0 1 0 -1 0 0 3002.DAT
0 STEP
1 86 610.0 -672 860.0 0 0 1 0 1 0 -1 0 0 3010.DAT
0 STEP
1 86 630.0 -720 840.0 -1 0 0 0 1 0 0 0 -1 3002.DAT
0 STEP
1 86 630.0 -1272 830.0 -1 0 0 0 1 0 0 0 -1 3622.DAT
0 STEP
1 86 610.0 -144 880.0 0 0 1 0 1 0 -1 0 0 3010.DAT
0 STEP
1 86 620.0 -1272 900.0 0 0 1 0 1 0 -1 0 0 2456.DAT
0 STEP
1 86 610.0 -1344 860.0 0 0 1 0 1 0 -1 0 0 3004.DAT
0 STEP
1 86 620.0 -72 870.0 -1 0 0 0 1 0 0 0 -1 3004.DAT
0 STEP
1 86 610.0 -696 870.0 0 0 1 0 1 0 -1 0 0 3005.DAT
0 STEP
1 86 610.0 -72 910.0 0 0 1 0 1 0 -1 0 0 3622.DAT
0 STEP
1 86 620.0 -648 900.0 0 0 1 0 1 0 -1 0 0 3003.DAT
0 STEP
1 86 610.0 -1320 920.0 0 0 1 0 1 0 -1 0 0 3010.DAT
0 STEP
1 86 610.0 -600 920.0 0 0 1 0 1 0 -1 0 0 3004.DAT
0 STEP
1 86 610.0 -576 940.0 0 0 1 0 1 0 -1 0 0 3004.DAT
0 STEP
1 86 610.0 -624 940.0 0 0 1 0 1 0 -1 0 0 3004.DAT
0 STEP
1 86 620.0 -576 970.0 -1 0 0 0 1 0 0 0 -1 3004.DAT
0 STEP
1 86 610.0 -600 970.0 0 0 1 0 1 0 -1 0 0 3005.DAT
0 STEP
1 86 620.0 -1248 980.0 0 0 1 0 1 0 -1 0 0 3003.DAT
0 STEP
1 86 610.0 -1272 970.0 0 0 1 0 1 0 -1 0 0 3005.DAT
0 STEP
1 86 620.0 -552 1010.0 0 0 1 0 1 0 -1 0 0 3002.DAT
0 STEP
1 86 610.0 -576 1020.0 0 0 1 0 1 0 -1 0 0 3010.DAT
0 STEP
1 86 610.0 -1248 1040.0 0 0 1 0 1 0 -1 0 0 3010.DAT
0 STEP
1 86 610.0 -1272 1060.0 0 0 1 0 1 0 -1 0 0 3009.DAT
0 STEP
1 86 610.0 -552 1050.0 0 0 1 0 1 0 -1 0 0 3005.DAT
0 STEP
1 86 620.0 -528 1080.0 0 0 1 0 1 0 -1 0 0 3003.DAT
0 STEP
1 86 630.0 -1224 1080.0 -1 0 0 0 1 0 0 0 -1 3002.DAT
0 STEP
1 86 630.0 -528 1110.0 -1 0 0 0 1 0 0 0 -1 3622.DAT
0 STEP
1 86 610.0 -552 1140.0 0 0 1 0 1 0 -1 0 0 3010.DAT
0 STEP
1 86 610.0 -1248 1130.0 0 0 1 0 1 0 -1 0 0 3622.DAT
0 STEP
1 86 630.0 -528 1140.0 -1 0 0 0 1 0 0 0 -1 3002.DAT
0 STEP
1 86 630.0 -1200 1140.0 -1 0 0 0 1 0 0 0 -1 3002.DAT
0 STEP
1 86 640.0 -528 1170.0 -1 0 0 0 1 0 0 0 -1 3010.DAT
0 STEP
1 86 630.0 -1176 1170.0 -1 0 0 0 1 0 0 0 -1 3622.DAT
0 STEP
1 86 610.0 -1200 1190.0 0 0 1 0 1 0 -1 0 0 3622.DAT
0 STEP
1 86 630.0 -504 1200.0 -1 0 0 0 1 0 0 0 -1 3002.DAT
0 STEP
1 86 620.0 -528 1280.0 0 0 1 0 1 0 -1 0 0 3006.DAT
0 STEP
1 86 610.0 -1152 1220.0 0 0 1 0 1 0 -1 0 0 3010.DAT
0 STEP
1 86 610.0 -504 1300.0 0 0 1 0 1 0 -1 0 0 3008.DAT
0 STEP
1 86 620.0 -1128 1230.0 -1 0 0 0 1 0 0 0 -1 3004.DAT
0 STEP
1 86 610.0 -1104 1270.0 0 0 1 0 1 0 -1 0 0 3622.DAT
0 STEP
1 86 630.0 -1080 1270.0 -1 0 0 0 1 0 0 0 -1 3622.DAT
0 STEP
1 86 620.0 -1032 1290.0 -1 0 0 0 1 0 0 0 -1 3004.DAT
0 STEP
1 86 620.0 -1080 1290.0 -1 0 0 0 1 0 0 0 -1 3004.DAT
0 STEP
1 86 610.0 -984 1340.0 0 0 1 0 1 0 -1 0 0 3010.DAT
0 STEP
1 86 610.0 -1032 1330.0 0 0 1 0 1 0 -1 0 0 3622.DAT
0 STEP
1 86 610.0 -1080 1310.0 0 0 1 0 1 0 -1 0 0 3005.DAT
0 STEP
1 86 620.0 -936 1350.0 0 0 1 0 1 0 -1 0 0 3002.DAT
0 STEP
1 86 610.0 -960 1330.0 0 0 1 0 1 0 -1 0 0 3005.DAT
0 STEP
1 86 610.0 -480 1420.0 0 0 1 0 1 0 -1 0 0 3008.DAT
0 STEP
1 86 630.0 -912 1350.0 -1 0 0 0 1 0 0 0 -1 3622.DAT
0 STEP
1 86 630.0 -840 1370.0 -1 0 0 0 1 0 0 0 -1 3622.DAT
0 STEP
1 86 610.0 -864 1390.0 0 0 1 0 1 0 -1 0 0 3622.DAT
0 STEP
1 86 630.0 -888 1370.0 -1 0 0 0 1 0 0 0 -1 3622.DAT
0 STEP
1 86 640.0 -528 1390.0 -1 0 0 0 1 0 0 0 -1 3010.DAT
0 STEP
1 86 620.0 -768 1390.0 -1 0 0 0 1 0 0 0 -1 3004.DAT
0 STEP
1 86 610.0 -792 1400.0 0 0 1 0 1 0 -1 0 0 3004.DAT
0 STEP
1 86 620.0 -816 1390.0 -1 0 0 0 1 0 0 0 -1 3004.DAT
0 STEP
1 86 620.0 -888 1390.0 -1 0 0 0 1 0 0 0 -1 3004.DAT
0 STEP
1 86 630.0 -504 1420.0 -1 0 0 0 1 0 0 0 -1 3002.DAT
0 STEP
1 86 610.0 -528 1460.0 0 0 1 0 1 0 -1 0 0 3009.DAT
0 STEP
1 86 620.0 -696 1410.0 -1 0 0 0 1 0 0 0 -1 3004.DAT
0 STEP
1 86 610.0 -720 1440.0 0 0 1 0 1 0 -1 0 0 3010.DAT
0 STEP
1 86 630.0 -744 1410.0 -1 0 0 0 1 0 0 0 -1 3622.DAT
0 STEP
1 86 610.0 -888 1410.0 0 0 1 0 1 0 -1 0 0 3005.DAT
0 STEP
1 86 630.0 -552 1440.0 -1 0 0 0 1 0 0 0 -1 3002.DAT
0 STEP
1 86 630.0 -648 1430.0 -1 0 0 0 1 0 0 0 -1 3622.DAT
0 STEP
1 86 630.0 -672 1430.0 -1 0 0 0 1 0 0 0 -1 3622.DAT
0 STEP
1 86 610.0 -696 1440.0 0 0 1 0 1 0 -1 0 0 3004.DAT
0 STEP
1 86 620.0 -816 1430.0 -1 0 0 0 1 0 0 0 -1 3004.DAT
0 STEP
1 86 610.0 -432 1480.0 0 0 1 0 1 0 -1 0 0 3010.DAT
0 STEP
1 86 630.0 -504 1450.0 -1 0 0 0 1 0 0 0 -1 3622.DAT
0 STEP
1 86 620.0 -576 1480.0 0 0 1 0 1 0 -1 0 0 3001.DAT
0 STEP
1 86 630.0 -600 1460.0 -1 0 0 0 1 0 0 0 -1 3002.DAT
0 STEP
1 86 610.0 -624 1450.0 0 0 1 0 1 0 -1 0 0 3005.DAT
0 STEP
1 86 610.0 -648 1480.0 0 0 1 0 1 0 -1 0 0 3010.DAT
0 STEP
1 86 610.0 -408 1470.0 0 0 1 0 1 0 -1 0 0 3005.DAT
0 STEP
1 86 630.0 -552 1470.0 -1 0 0 0 1 0 0 0 -1 3622.DAT
0 STEP
1 86 610.0 -624 1500.0 0 0 1 0 1 0 -1 0 0 3010.DAT
0 STEP
1 86 620.0 -408 1510.0 0 0 1 0 1 0 -1 0 0 3002.DAT
0 STEP
1 86 610.0 -480 1540.0 0 0 1 0 1 0 -1 0 0 3010.DAT
0 STEP
1 86 610.0 -384 1550.0 0 0 1 0 1 0 -1 0 0 3622.DAT
0 STEP
1 86 610.0 -528 1530.0 0 0 1 0 1 0 -1 0 0 3005.DAT
0 STEP
1 86 610.0 -576 1540.0 0 0 1 0 1 0 -1 0 0 3004.DAT
0 STEP
1 86 610.0 -504 1580.0 0 0 1 0 1 0 -1 0 0 3010.DAT
0 STEP
1 86 610.0 -360 1590.0 0 0 1 0 1 0 -1 0 0 3622.DAT
0 STEP
1 86 610.0 -408 1580.0 0 0 1 0 1 0 -1 0 0 3004.DAT
0 STEP
1 86 610.0 -552 1590.0 0 0 1 0 1 0 -1 0 0 3005.DAT
0 STEP
1 86 610.0 -504 1630.0 0 0 1 0 1 0 -1 0 0 3005.DAT
0 STEP
1 86 630.0 -984 690.0 0 0 1 0 1 0 -1 0 0 3622.DAT
0 STEP
1 86 630.0 -1032 690.0 0 0 1 0 1 0 -1 0 0 3622.DAT
0 STEP
1 86 630.0 -1080 690.0 0 0 1 0 1 0 -1 0 0 3622.DAT
0 STEP
1 86 630.0 -1128 680.0 0 0 1 0 1 0 -1 0 0 3004.DAT
0 STEP
1 86 630.0 -912 710.0 0 0 1 0 1 0 -1 0 0 3622.DAT
0 STEP
1 86 640.0 -1152 700.0 0 0 1 0 1 0 -1 0 0 3003.DAT
0 STEP
1 86 640.0 -888 730.0 0 0 1 0 1 0 -1 0 0 3002.DAT
0 STEP
1 86 630.0 -936 710.0 0 0 1 0 1 0 -1 0 0 3005.DAT
0 STEP
1 86 650.0 -960 710.0 -1 0 0 0 1 0 0 0 -1 3622.DAT
0 STEP
1 86 630.0 -1008 710.0 0 0 1 0 1 0 -1 0 0 3005.DAT
0 STEP
1 86 640.0 -1056 710.0 -1 0 0 0 1 0 0 0 -1 3004.DAT
0 STEP
1 86 650.0 -1104 710.0 -1 0 0 0 1 0 0 0 -1 3622.DAT
0 STEP
1 86 640.0 -1200 730.0 0 0 1 0 1 0 -1 0 0 3002.DAT
0 STEP
1 86 630.0 -1224 710.0 0 0 1 0 1 0 -1 0 0 3005.DAT
0 STEP
1 86 630.0 -816 760.0 0 0 1 0 1 0 -1 0 0 3010.DAT
0 STEP
1 86 660.0 -1152 730.0 -1 0 0 0 1 0 0 0 -1 3010.DAT
0 STEP
1 86 640.0 -1224 730.0 -1 0 0 0 1 0 0 0 -1 3004.DAT
0 STEP
1 86 630.0 -96 770.0 0 0 1 0 1 0 -1 0 0 3622.DAT
0 STEP
1 86 630.0 -792 750.0 0 0 1 0 1 0 -1 0 0 3005.DAT
0 STEP
1 86 630.0 -864 750.0 0 0 1 0 1 0 -1 0 0 3005.DAT
0 STEP
1 86 650.0 -1224 750.0 -1 0 0 0 1 0 0 0 -1 3622.DAT
0 STEP
1 86 630.0 -1272 760.0 0 0 1 0 1 0 -1 0 0 3004.DAT
0 STEP
1 86 630.0 -48 770.0 0 0 1 0 1 0 -1 0 0 3005.DAT
0 STEP
1 86 640.0 -792 770.0 -1 0 0 0 1 0 0 0 -1 3004.DAT
0 STEP
1 86 630.0 -840 770.0 0 0 1 0 1 0 -1 0 0 3005.DAT
0 STEP
1 86 660.0 -1224 770.0 -1 0 0 0 1 0 0 0 -1 3010.DAT
0 STEP
1 86 630.0 -48 820.0 0 0 1 0 1 0 -1 0 0 3010.DAT
0 STEP
1 86 630.0 -744 820.0 0 0 1 0 1 0 -1 0 0 3010.DAT
0 STEP
1 86 630.0 -792 810.0 0 0 1 0 1 0 -1 0 0 3622.DAT
0 STEP
1 86 640.0 -1248 840.0 0 0 1 0 1 0 -1 0 0 2456.DAT
0 STEP
1 86 630.0 -1296 820.0 0 0 1 0 1 0 -1 0 0 3010.DAT
0 STEP
1 86 630.0 -120 810.0 0 0 1 0 1 0 -1 0 0 3005.DAT
0 STEP
1 86 630.0 -816 810.0 0 0 1 0 1 0 -1 0 0 3005.DAT
0 STEP
1 86 630.0 -120 860.0 0 0 1 0 1 0 -1 0 0 3010.DAT
0 STEP
1 86 630.0 -696 860.0 0 0 1 0 1 0 -1 0 0 3010.DAT
0 STEP
1 86 650.0 -768 840.0 -1 0 0 0 1 0 0 0 -1 3002.DAT
0 STEP
1 86 630.0 -672 850.0 0 0 1 0 1 0 -1 0 0 3005.DAT
0 STEP
1 86 640.0 -672 880.0 0 0 1 0 1 0 -1 0 0 3003.DAT
0 STEP
1 86 650.0 -720 880.0 -1 0 0 0 1 0 0 0 -1 3002.DAT
0 STEP
1 86 630.0 -744 870.0 0 0 1 0 1 0 -1 0 0 3005.DAT
0 STEP
1 86 630.0 -1296 870.0 0 0 1 0 1 0 -1 0 0 3005.DAT
0 STEP
1 86 630.0 -624 940.0 0 0 1 0 1 0 -1 0 0 3010.DAT
0 STEP
1 86 650.0 -672 910.0 -1 0 0 0 1 0 0 0 -1 3622.DAT
0 STEP
1 86 630.0 -696 910.0 0 0 1 0 1 0 -1 0 0 3005.DAT
0 STEP
1 86 650.0 -1248 920.0 -1 0 0 0 1 0 0 0 -1 3002.DAT
0 STEP
1 86 630.0 -1296 940.0 0 0 1 0 1 0 -1 0 0 3010.DAT
0 STEP
1 86 630.0 -600 930.0 0 0 1 0 1 0 -1 0 0 3005.DAT
0 STEP
1 86 650.0 -648 930.0 -1 0 0 0 1 0 0 0 -1 3622.DAT
0 STEP
1 86 630.0 -672 940.0 0 0 1 0 1 0 -1 0 0 3004.DAT
0 STEP
1 86 640.0 -1224 960.0 0 0 1 0 1 0 -1 0 0 3001.DAT
0 STEP
1 86 650.0 -648 960.0 -1 0 0 0 1 0 0 0 -1 3002.DAT
0 STEP
1 86 650.0 -1248 950.0 -1 0 0 0 1 0 0 0 -1 3622.DAT
0 STEP
1 86 640.0 -600 980.0 0 0 1 0 1 0 -1 0 0 3003.DAT
0 STEP
1 86 630.0 -1272 1000.0 0 0 1 0 1 0 -1 0 0 3010.DAT
0 STEP
1 86 640.0 -576 1000.0 0 0 1 0 1 0 -1 0 0 3003.DAT
0 STEP
1 86 630.0 -624 990.0 0 0 1 0 1 0 -1 0 0 3005.DAT
0 STEP
1 86 630.0 -600 1030.0 0 0 1 0 1 0 -1 0 0 3622.DAT
0 STEP
1 86 640.0 -624 1010.0 -1 0 0 0 1 0 0 0 -1 3004.DAT
0 STEP
1 86 640.0 -1200 1030.0 0 0 1 0 1 0 -1 0 0 3002.DAT
0 STEP
1 86 650.0 -1224 1020.0 -1 0 0 0 1 0 0 0 -1 3002.DAT
0 STEP
1 86 630.0 -1248 1060.0 0 0 1 0 1 0 -1 0 0 3009.DAT
0 STEP
1 86 650.0 -576 1030.0 -1 0 0 0 1 0 0 0 -1 3622.DAT
0 STEP
1 86 640.0 -552 1060.0 0 0 1 0 1 0 -1 0 0 3003.DAT
0 STEP
1 86 630.0 -576 1080.0 0 0 1 0 1 0 -1 0 0 3010.DAT
0 STEP
1 86 650.0 -1224 1050.0 -1 0 0 0 1 0 0 0 -1 3622.DAT
0 STEP
1 86 630.0 -1272 1070.0 0 0 1 0 1 0 -1 0 0 3622.DAT
0 STEP
1 86 630.0 -1200 1090.0 0 0 1 0 1 0 -1 0 0 3622.DAT
0 STEP
1 86 640.0 -1176 1090.0 -1 0 0 0 1 0 0 0 -1 3004.DAT
0 STEP
1 86 630.0 -552 1110.0 0 0 1 0 1 0 -1 0 0 3005.DAT
0 STEP
1 86 630.0 -1176 1130.0 0 0 1 0 1 0 -1 0 0 3622.DAT
0 STEP
1 86 630.0 -552 1160.0 0 0 1 0 1 0 -1 0 0 3010.DAT
0 STEP
1 86 640.0 -1152 1160.0 0 0 1 0 1 0 -1 0 0 3001.DAT
0 STEP
1 86 630.0 -1224 1140.0 0 0 1 0 1 0 -1 0 0 3004.DAT
0 STEP
1 86 640.0 -1128 1160.0 0 0 1 0 1 0 -1 0 0 3003.DAT
0 STEP
1 86 630.0 -1200 1180.0 0 0 1 0 1 0 -1 0 0 3004.DAT
0 STEP
1 86 650.0 -1104 1200.0 -1 0 0 0 1 0 0 0 -1 3002.DAT
0 STEP
1 86 630.0 -1128 1200.0 0 0 1 0 1 0 -1 0 0 3004.DAT
0 STEP
1 86 630.0 -552 1210.0 0 0 1 0 1 0 -1 0 0 3005.DAT
0 STEP
1 86 630.0 -1080 1230.0 0 0 1 0 1 0 -1 0 0 3622.DAT
0 STEP
1 86 640.0 -1152 1210.0 -1 0 0 0 1 0 0 0 -1 3004.DAT
0 STEP
1 86 630.0 -1176 1210.0 0 0 1 0 1 0 -1 0 0 3005.DAT
0 STEP
1 86 640.0 -504 1260.0 0 0 1 0 1 0 -1 0 0 3001.DAT
0 STEP
1 86 640.0 -1104 1240.0 0 0 1 0 1 0 -1 0 0 3003.DAT
0 STEP
1 86 630.0 -1152 1240.0 0 0 1 0 1 0 -1 0 0 3004.DAT
0 STEP
1 86 650.0 -1032 1260.0 -1 0 0 0 1 0 0 0 -1 3002.DAT
0 STEP
1 86 630.0 -1056 1280.0 0 0 1 0 1 0 -1 0 0 3010.DAT
0 STEP
1 86 630.0 -1128 1250.0 0 0 1 0 1 0 -1 0 0 3005.DAT
0 STEP
1 86 640.0 -1008 1270.0 -1 0 0 0 1 0 0 0 -1 3004.DAT
0 STEP
1 86 630.0 -1104 1280.0 0 0 1 0 1 0 -1 0 0 3004.DAT
0 STEP
1 86 630.0 -960 1320.0 0 0 1 0 1 0 -1 0 0 3010.DAT
0 STEP
1 86 650.0 -984 1290.0 -1 0 0 0 1 0 0 0 -1 3622.DAT
0 STEP
1 86 650.0 -1008 1290.0 -1 0 0 0 1 0 0 0 -1 3622.DAT
0 STEP
1 86 640.0 -504 1310.0 -1 0 0 0 1 0 0 0 -1 3004.DAT
0 STEP
1 86 640.0 -912 1320.0 0 0 1 0 1 0 -1 0 0 3003.DAT
0 STEP
1 86 650.0 -936 1310.0 -1 0 0 0 1 0 0 0 -1 3622.DAT
0 STEP
1 86 640.0 -984 1320.0 0 0 1 0 1 0 -1 0 0 3003.DAT
0 STEP
1 86 630.0 -1032 1320.0 0 0 1 0 1 0 -1 0 0 3004.DAT
0 STEP
1 86 640.0 -504 1360.0 0 0 1 0 1 0 -1 0 0 3001.DAT
0 STEP
1 86 640.0 -552 1360.0 0 0 1 0 1 0 -1 0 0 3001.DAT
0 STEP
1 86 630.0 -864 1360.0 0 0 1 0 1 0 -1 0 0 3010.DAT
0 STEP
1 86 640.0 -888 1340.0 0 0 1 0 1 0 -1 0 0 3003.DAT
0 STEP
1 86 630.0 -480 1350.0 0 0 1 0 1 0 -1 0 0 3005.DAT
0 STEP
1 86 630.0 -792 1380.0 0 0 1 0 1 0 -1 0 0 3010.DAT
0 STEP
1 86 640.0 -816 1350.0 -1 0 0 0 1 0 0 0 -1 3004.DAT
0 STEP
1 86 650.0 -840 1350.0 -1 0 0 0 1 0 0 0 -1 3622.DAT
0 STEP
1 86 630.0 -984 1350.0 0 0 1 0 1 0 -1 0 0 3005.DAT
0 STEP
1 86 630.0 -480 1440.0 0 0 1 0 1 0 -1 0 0 3008.DAT
0 STEP
1 86 650.0 -720 1370.0 -1 0 0 0 1 0 0 0 -1 3622.DAT
0 STEP
1 86 630.0 -744 1370.0 0 0 1 0 1 0 -1 0 0 3005.DAT
0 STEP
1 86 630.0 -768 1370.0 0 0 1 0 1 0 -1 0 0 3005.DAT
0 STEP
1 86 630.0 -816 1370.0 0 0 1 0 1 0 -1 0 0 3005.DAT
0 STEP
1 86 630.0 -960 1370.0 0 0 1 0 1 0 -1 0 0 3005.DAT
0 STEP
1 86 630.0 -576 1410.0 0 0 1 0 1 0 -1 0 0 3622.DAT
0 STEP
1 86 630.0 -600 1390.0 0 0 1 0 1 0 -1 0 0 3005.DAT
0 STEP
1 86 640.0 -624 1390.0 -1 0 0 0 1 0 0 0 -1 3004.DAT
0 STEP
1 86 630.0 -648 1400.0 0 0 1 0 1 0 -1 0 0 3004.DAT
0 STEP
1 86 650.0 -672 1400.0 -1 0 0 0 1 0 0 0 -1 3002.DAT
0 STEP
1 86 630.0 -696 1390.0 0 0 1 0 1 0 -1 0 0 3005.DAT
0 STEP
1 86 630.0 -720 1420.0 0 0 1 0 1 0 -1 0 0 3010.DAT
0 STEP
1 86 650.0 -744 1390.0 -1 0 0 0 1 0 0 0 -1 3622.DAT
0 STEP
1 86 630.0 -840 1400.0 0 0 1 0 1 0 -1 0 0 3004.DAT
0 STEP
1 86 630.0 -528 1410.0 0 0 1 0 1 0 -1 0 0 3005.DAT
0 STEP
1 86 650.0 -552 1410.0 -1 0 0 0 1 0 0 0 -1 3622.DAT
0 STEP
1 86 650.0 -600 1420.0 -1 0 0 0 1 0 0 0 -1 3002.DAT
0 STEP
1 86 630.0 -624 1410.0 0 0 1 0 1 0 -1 0 0 3005.DAT
0 STEP
1 86 630.0 -864 1410.0 0 0 1 0 1 0 -1 0 0 3005.DAT
0 STEP
1 86 630.0 -528 1480.0 0 0 1 0 1 0 -1 0 0 3009.DAT
0 STEP
1 86 630.0 -624 1460.0 0 0 1 0 1 0 -1 0 0 3010.DAT
0 STEP
1 86 630.0 -696 1450.0 0 0 1 0 1 0 -1 0 0 3622.DAT
0 STEP
1 86 630.0 -456 1460.0 0 0 1 0 1 0 -1 0 0 3004.DAT
0 STEP
1 86 640.0 -648 1450.0 -1 0 0 0 1 0 0 0 -1 3004.DAT
0 STEP
1 86 630.0 -432 1500.0 0 0 1 0 1 0 -1 0 0 3010.DAT
0 STEP
1 86 630.0 -648 1480.0 0 0 1 0 1 0 -1 0 0 3004.DAT
0 STEP
1 86 630.0 -576 1530.0 0 0 1 0 1 0 -1 0 0 3005.DAT
0 STEP
1 86 650.0 -960 690.0 0 0 1 0 1 0 -1 0 0 3005.DAT
0 STEP
1 86 650.0 -984 710.0 0 0 1 0 1 0 -1 0 0 3622.DAT
0 STEP
1 86 660.0 -1032 690.0 -1 0 0 0 1 0 0 0 -1 3004.DAT
0 STEP
1 86 650.0 -1080 710.0 0 0 1 0 1 0 -1 0 0 3622.DAT
0 STEP
1 86 650.0 -1128 710.0 0 0 1 0 1 0 -1 0 0 3622.DAT
0 STEP
1 86 650.0 -912 710.0 0 0 1 0 1 0 -1 0 0 3005.DAT
0 STEP
1 86 650.0 -936 730.0 0 0 1 0 1 0 -1 0 0 3622.DAT
0 STEP
1 86 660.0 -1008 720.0 0 0 1 0 1 0 -1 0 0 3003.DAT
0 STEP
1 86 650.0 -1032 720.0 0 0 1 0 1 0 -1 0 0 3004.DAT
0 STEP
1 86 650.0 -864 750.0 0 0 1 0 1 0 -1 0 0 3622.DAT
0 STEP
1 86 660.0 -912 730.0 -1 0 0 0 1 0 0 0 -1 3004.DAT
0 STEP
1 86 670.0 -960 730.0 -1 0 0 0 1 0 0 0 -1 3622.DAT
0 STEP
1 86 670.0 -1104 730.0 -1 0 0 0 1 0 0 0 -1 3622.DAT
0 STEP
1 86 660.0 -96 750.0 -1 0 0 0 1 0 0 0 -1 3004.DAT
0 STEP
1 86 650.0 -816 760.0 0 0 1 0 1 0 -1 0 0 3004.DAT
0 STEP
1 86 650.0 -840 780.0 0 0 1 0 1 0 -1 0 0 3010.DAT
0 STEP
1 86 650.0 -912 750.0 0 0 1 0 1 0 -1 0 0 3005.DAT
0 STEP
1 86 670.0 -1176 760.0 -1 0 0 0 1 0 0 0 -1 3002.DAT
0 STEP
1 86 650.0 -48 800.0 0 0 1 0 1 0 -1 0 0 3010.DAT
0 STEP
1 86 680.0 -96 770.0 -1 0 0 0 1 0 0 0 -1 3010.DAT
0 STEP
1 86 670.0 -888 770.0 -1 0 0 0 1 0 0 0 -1 3622.DAT
0 STEP
1 86 650.0 -1200 770.0 0 0 1 0 1 0 -1 0 0 3005.DAT
0 STEP
1 86 670.0 -96 790.0 -1 0 0 0 1 0 0 0 -1 3622.DAT
0 STEP
1 86 650.0 -792 790.0 0 0 1 0 1 0 -1 0 0 3005.DAT
0 STEP
1 86 660.0 -816 790.0 -1 0 0 0 1 0 0 0 -1 3004.DAT
0 STEP
1 86 660.0 -864 790.0 -1 0 0 0 1 0 0 0 -1 3004.DAT
0 STEP
1 86 670.0 -1200 790.0 -1 0 0 0 1 0 0 0 -1 3622.DAT
0 STEP
1 86 670.0 -1224 790.0 -1 0 0 0 1 0 0 0 -1 3622.DAT
0 STEP
1 86 650.0 -120 820.0 0 0 1 0 1 0 -1 0 0 3004.DAT
0 STEP
1 86 650.0 -744 820.0 0 0 1 0 1 0 -1 0 0 3004.DAT
0 STEP
1 86 660.0 -792 810.0 -1 0 0 0 1 0 0 0 -1 3004.DAT
0 STEP
1 86 650.0 -816 820.0 0 0 1 0 1 0 -1 0 0 3004.DAT
0 STEP
1 86 660.0 -1200 860.0 0 0 1 0 1 0 -1 0 0 2456.DAT
0 STEP
1 86 670.0 -1224 820.0 -1 0 0 0 1 0 0 0 -1 3002.DAT
0 STEP
1 86 650.0 -96 840.0 0 0 1 0 1 0 -1 0 0 3004.DAT
0 STEP
1 86 650.0 -792 850.0 0 0 1 0 1 0 -1 0 0 3622.DAT
0 STEP
1 86 650.0 -1296 840.0 0 0 1 0 1 0 -1 0 0 3004.DAT
0 STEP
1 86 650.0 -696 880.0 0 0 1 0 1 0 -1 0 0 3010.DAT
0 STEP
1 86 660.0 -744 860.0 0 0 1 0 1 0 -1 0 0 3003.DAT
0 STEP
1 86 670.0 -1224 850.0 -1 0 0 0 1 0 0 0 -1 3622.DAT
0 STEP
1 86 650.0 -1272 850.0 0 0 1 0 1 0 -1 0 0 3005.DAT
0 STEP
1 86 670.0 -768 880.0 -1 0 0 0 1 0 0 0 -1 3002.DAT
0 STEP
1 86 670.0 -1224 880.0 -1 0 0 0 1 0 0 0 -1 3002.DAT
0 STEP
1 86 650.0 -1272 940.0 0 0 1 0 1 0 -1 0 0 3008.DAT
0 STEP
1 86 650.0 -744 900.0 0 0 1 0 1 0 -1 0 0 3004.DAT
0 STEP
1 86 650.0 -648 910.0 0 0 1 0 1 0 -1 0 0 3005.DAT
0 STEP
1 86 670.0 -720 910.0 -1 0 0 0 1 0 0 0 -1 3622.DAT
0 STEP
1 86 650.0 -1224 910.0 0 0 1 0 1 0 -1 0 0 3005.DAT
0 STEP
1 86 650.0 -624 960.0 0 0 1 0 1 0 -1 0 0 3010.DAT
0 STEP
1 86 650.0 -672 960.0 0 0 1 0 1 0 -1 0 0 3010.DAT
0 STEP
1 86 670.0 -696 940.0 -1 0 0 0 1 0 0 0 -1 3002.DAT
0 STEP
1 86 650.0 -720 940.0 0 0 1 0 1 0 -1 0 0 3004.DAT
0 STEP
1 86 660.0 -1176 980.0 0 0 1 0 1 0 -1 0 0 2456.DAT
0 STEP
1 86 670.0 -1200 940.0 -1 0 0 0 1 0 0 0 -1 3002.DAT
0 STEP
1 86 670.0 -696 970.0 -1 0 0 0 1 0 0 0 -1 3622.DAT
0 STEP
1 86 670.0 -1200 980.0 -1 0 0 0 1 0 0 0 -1 3002.DAT
0 STEP
1 86 650.0 -1248 1020.0 0 0 1 0 1 0 -1 0 0 3009.DAT
0 STEP
1 86 670.0 -648 1000.0 -1 0 0 0 1 0 0 0 -1 3002.DAT
0 STEP
1 86 660.0 -600 1030.0 0 0 1 0 1 0 -1 0 0 3002.DAT
0 STEP
1 86 650.0 -1152 1030.0 0 0 1 0 1 0 -1 0 0 3622.DAT
0 STEP
1 86 650.0 -624 1030.0 0 0 1 0 1 0 -1 0 0 3005.DAT
0 STEP
1 86 650.0 -648 1030.0 0 0 1 0 1 0 -1 0 0 3005.DAT
0 STEP
1 86 660.0 -576 1080.0 0 0 1 0 1 0 -1 0 0 3001.DAT
0 STEP
1 86 660.0 -624 1060.0 0 0 1 0 1 0 -1 0 0 3003.DAT
0 STEP
1 86 660.0 -1128 1070.0 0 0 1 0 1 0 -1 0 0 3002.DAT
0 STEP
1 86 650.0 -1176 1060.0 0 0 1 0 1 0 -1 0 0 3004.DAT
0 STEP
1 86 650.0 -600 1100.0 0 0 1 0 1 0 -1 0 0 3010.DAT
0 STEP
1 86 670.0 -1152 1080.0 -1 0 0 0 1 0 0 0 -1 3002.DAT
0 STEP
1 86 660.0 -1200 1090.0 0 0 1 0 1 0 -1 0 0 3002.DAT
0 STEP
1 86 650.0 -552 1160.0 0 0 1 0 1 0 -1 0 0 3008.DAT
0 STEP
1 86 650.0 -1104 1110.0 0 0 1 0 1 0 -1 0 0 3622.DAT
0 STEP
1 86 670.0 -1128 1110.0 -1 0 0 0 1 0 0 0 -1 3622.DAT
0 STEP
1 86 650.0 -1152 1110.0 0 0 1 0 1 0 -1 0 0 3005.DAT
0 STEP
1 86 650.0 -1176 1110.0 0 0 1 0 1 0 -1 0 0 3005.DAT
0 STEP
1 86 650.0 -1224 1110.0 0 0 1 0 1 0 -1 0 0 3005.DAT
0 STEP
1 86 670.0 -576 1130.0 -1 0 0 0 1 0 0 0 -1 3622.DAT
0 STEP
1 86 650.0 -1080 1160.0 0 0 1 0 1 0 -1 0 0 3010.DAT
0 STEP
1 86 650.0 -1128 1130.0 0 0 1 0 1 0 -1 0 0 3005.DAT
0 STEP
1 86 660.0 -1176 1140.0 0 0 1 0 1 0 -1 0 0 3003.DAT
0 STEP
1 86 660.0 -576 1160.0 0 0 1 0 1 0 -1 0 0 3003.DAT
0 STEP
1 86 670.0 -1056 1150.0 -1 0 0 0 1 0 0 0 -1 3622.DAT
0 STEP
1 86 670.0 -1104 1160.0 -1 0 0 0 1 0 0 0 -1 3002.DAT
0 STEP
1 86 650.0 -1032 1200.0 0 0 1 0 1 0 -1 0 0 3010.DAT
0 STEP
1 86 670.0 -1056 1180.0 -1 0 0 0 1 0 0 0 -1 3002.DAT
0 STEP
1 86 660.0 -528 1190.0 -1 0 0 0 1 0 0 0 -1 3004.DAT
0 STEP
1 86 650.0 -576 1220.0 0 0 1 0 1 0 -1 0 0 3010.DAT
0 STEP
1 86 670.0 -1008 1190.0 -1 0 0 0 1 0 0 0 -1 3622.DAT
0 STEP
1 86 650.0 -1128 1220.0 0 0 1 0 1 0 -1 0 0 3010.DAT
0 STEP
1 86 650.0 -1176 1190.0 0 0 1 0 1 0 -1 0 0 3005.DAT
0 STEP
1 86 660.0 -528 1280.0 0 0 1 0 1 0 -1 0 0 3007.DAT
0 STEP
1 86 670.0 -984 1220.0 -1 0 0 0 1 0 0 0 -1 3002.DAT
0 STEP
1 86 650.0 -1008 1230.0 0 0 1 0 1 0 -1 0 0 3622.DAT
0 STEP
1 86 670.0 -1056 1210.0 -1 0 0 0 1 0 0 0 -1 3622.DAT
0 STEP
1 86 650.0 -1080 1210.0 0 0 1 0 1 0 -1 0 0 3005.DAT
0 STEP
1 86 660.0 -960 1240.0 0 0 1 0 1 0 -1 0 0 3003.DAT
0 STEP
1 86 650.0 -1056 1260.0 0 0 1 0 1 0 -1 0 0 3010.DAT
0 STEP
1 86 660.0 -1080 1240.0 0 0 1 0 1 0 -1 0 0 3003.DAT
0 STEP
1 86 650.0 -552 1270.0 0 0 1 0 1 0 -1 0 0 3622.DAT
0 STEP
1 86 660.0 -912 1250.0 -1 0 0 0 1 0 0 0 -1 3004.DAT
0 STEP
1 86 650.0 -936 1260.0 0 0 1 0 1 0 -1 0 0 3004.DAT
0 STEP
1 86 670.0 -984 1260.0 -1 0 0 0 1 0 0 0 -1 3002.DAT
0 STEP
1 86 670.0 -576 1270.0 -1 0 0 0 1 0 0 0 -1 3622.DAT
0 STEP
1 86 660.0 -864 1300.0 0 0 1 0 1 0 -1 0 0 3001.DAT
0 STEP
1 86 650.0 -888 1290.0 0 0 1 0 1 0 -1 0 0 3622.DAT
0 STEP
1 86 650.0 -912 1280.0 0 0 1 0 1 0 -1 0 0 3004.DAT
0 STEP
1 86 650.0 -960 1300.0 0 0 1 0 1 0 -1 0 0 3010.DAT
0 STEP
1 86 650.0 -1104 1270.0 0 0 1 0 1 0 -1 0 0 3005.DAT
0 STEP
1 86 670.0 -576 1300.0 -1 0 0 0 1 0 0 0 -1 3002.DAT
0 STEP
1 86 660.0 -792 1290.0 -1 0 0 0 1 0 0 0 -1 3004.DAT
0 STEP
1 86 650.0 -816 1310.0 0 0 1 0 1 0 -1 0 0 3622.DAT
0 STEP
1 86 670.0 -840 1290.0 -1 0 0 0 1 0 0 0 -1 3622.DAT
0 STEP
1 86 670.0 -936 1290.0 -1 0 0 0 1 0 0 0 -1 3622.DAT
0 STEP
1 86 650.0 -1032 1300.0 0 0 1 0 1 0 -1 0 0 3004.DAT
0 STEP
1 86 670.0 -552 1310.0 -1 0 0 0 1 0 0 0 -1 3622.DAT
0 STEP
1 86 650.0 -744 1340.0 0 0 1 0 1 0 -1 0 0 3010.DAT
0 STEP
1 86 650.0 -768 1360.0 0 0 1 0 1 0 -1 0 0 3009.DAT
0 STEP
1 86 660.0 -792 1340.0 0 0 1 0 1 0 -1 0 0 3001.DAT
0 STEP
1 86 670.0 -840 1320.0 -1 0 0 0 1 0 0 0 -1 3002.DAT
0 STEP
1 86 670.0 -576 1330.0 -1 0 0 0 1 0 0 0 -1 3622.DAT
0 STEP
1 86 660.0 -600 1360.0 0 0 1 0 1 0 -1 0 0 3001.DAT
0 STEP
1 86 650.0 -624 1340.0 0 0 1 0 1 0 -1 0 0 3004.DAT
0 STEP
1 86 660.0 -648 1330.0 -1 0 0 0 1 0 0 0 -1 3004.DAT
0 STEP
1 86 650.0 -672 1330.0 0 0 1 0 1 0 -1 0 0 3005.DAT
0 STEP
1 86 650.0 -696 1380.0 0 0 1 0 1 0 -1 0 0 3009.DAT
0 STEP
1 86 650.0 -720 1330.0 0 0 1 0 1 0 -1 0 0 3005.DAT
0 STEP
1 86 650.0 -936 1340.0 0 0 1 0 1 0 -1 0 0 3004.DAT
0 STEP
1 86 670.0 -576 1360.0 -1 0 0 0 1 0 0 0 -1 3002.DAT
0 STEP
1 86 660.0 -648 1380.0 0 0 1 0 1 0 -1 0 0 3001.DAT
0 STEP
1 86 670.0 -672 1360.0 -1 0 0 0 1 0 0 0 -1 3002.DAT
0 STEP
1 86 670.0 -720 1350.0 -1 0 0 0 1 0 0 0 -1 3622.DAT
0 STEP
1 86 650.0 -864 1360.0 0 0 1 0 1 0 -1 0 0 3004.DAT
0 STEP
1 86 660.0 -528 1370.0 -1 0 0 0 1 0 0 0 -1 3004.DAT
0 STEP
1 86 670.0 -624 1370.0 -1 0 0 0 1 0 0 0 -1 3622.DAT
0 STEP
1 86 650.0 -816 1380.0 0 0 1 0 1 0 -1 0 0 3004.DAT
0 STEP
1 86 660.0 -576 1410.0 0 0 1 0 1 0 -1 0 0 3002.DAT
0 STEP
1 86 660.0 -720 1390.0 -1 0 0 0 1 0 0 0 -1 3004.DAT
0 STEP
1 86 650.0 -792 1400.0 0 0 1 0 1 0 -1 0 0 3004.DAT
0 STEP
1 86 650.0 -840 1390.0 0 0 1 0 1 0 -1 0 0 3005.DAT
0 STEP
1 86 650.0 -528 1440.0 0 0 1 0 1 0 -1 0 0 3010.DAT
0 STEP
1 86 650.0 -624 1440.0 0 0 1 0 1 0 -1 0 0 3010.DAT
0 STEP
1 86 650.0 -720 1420.0 0 0 1 0 1 0 -1 0 0 3004.DAT
0 STEP
1 86 650.0 -576 1460.0 0 0 1 0 1 0 -1 0 0 3004.DAT
0 STEP
1 86 670.0 -1056 710.0 0 0 1 0 1 0 -1 0 0 3622.DAT
0 STEP
1 86 670.0 -1080 690.0 0 0 1 0 1 0 -1 0 0 3005.DAT
0 STEP
1 86 670.0 -936 740.0 0 0 1 0 1 0 -1 0 0 3010.DAT
0 STEP
1 86 680.0 -984 710.0 -1 0 0 0 1 0 0 0 -1 3004.DAT
0 STEP
1 86 680.0 -1032 730.0 0 0 1 0 1 0 -1 0 0 3002.DAT
0 STEP
1 86 680.0 -1080 740.0 0 0 1 0 1 0 -1 0 0 3001.DAT
0 STEP
1 86 670.0 -1128 760.0 0 0 1 0 1 0 -1 0 0 3009.DAT
0 STEP
1 86 670.0 -1152 710.0 0 0 1 0 1 0 -1 0 0 3005.DAT
0 STEP
1 86 700.0 -72 740.0 -1 0 0 0 1 0 0 0 -1 3001.DAT
0 STEP
1 86 670.0 -96 730.0 0 0 1 0 1 0 -1 0 0 3005.DAT
0 STEP
1 86 680.0 -120 730.0 -1 0 0 0 1 0 0 0 -1 3004.DAT
0 STEP
1 86 690.0 -984 740.0 -1 0 0 0 1 0 0 0 -1 3002.DAT
0 STEP
1 86 670.0 -1200 750.0 0 0 1 0 1 0 -1 0 0 3622.DAT
0 STEP
1 86 670.0 -48 780.0 0 0 1 0 1 0 -1 0 0 3010.DAT
0 STEP
1 86 670.0 -864 760.0 0 0 1 0 1 0 -1 0 0 3004.DAT
0 STEP
1 86 670.0 -888 750.0 0 0 1 0 1 0 -1 0 0 3005.DAT
0 STEP
1 86 670.0 -912 770.0 0 0 1 0 1 0 -1 0 0 3622.DAT
0 STEP
1 86 690.0 -960 750.0 -1 0 0 0 1 0 0 0 -1 3622.DAT
0 STEP
1 86 670.0 -1008 750.0 0 0 1 0 1 0 -1 0 0 3005.DAT
0 STEP
1 86 670.0 -1056 760.0 0 0 1 0 1 0 -1 0 0 3004.DAT
0 STEP
1 86 670.0 -1104 770.0 0 0 1 0 1 0 -1 0 0 3622.DAT
0 STEP
1 86 690.0 -1152 750.0 -1 0 0 0 1 0 0 0 -1 3622.DAT
0 STEP
1 86 690.0 -72 770.0 -1 0 0 0 1 0 0 0 -1 3622.DAT
0 STEP
1 86 670.0 -840 800.0 0 0 1 0 1 0 -1 0 0 3010.DAT
0 STEP
1 86 670.0 -960 770.0 0 0 1 0 1 0 -1 0 0 3005.DAT
0 STEP
1 86 690.0 -1152 780.0 -1 0 0 0 1 0 0 0 -1 3002.DAT
0 STEP
1 86 670.0 -1248 790.0 0 0 1 0 1 0 -1 0 0 3622.DAT
0 STEP
1 86 680.0 -888 790.0 -1 0 0 0 1 0 0 0 -1 3004.DAT
0 STEP
1 86 690.0 -936 790.0 -1 0 0 0 1 0 0 0 -1 3622.DAT
0 STEP
1 86 670.0 -1176 820.0 0 0 1 0 1 0 -1 0 0 3010.DAT
0 STEP
1 86 670.0 -72 820.0 0 0 1 0 1 0 -1 0 0 3004.DAT
0 STEP
1 86 670.0 -120 810.0 0 0 1 0 1 0 -1 0 0 3005.DAT
0 STEP
1 86 670.0 -816 840.0 0 0 1 0 1 0 -1 0 0 3010.DAT
0 STEP
1 86 690.0 -864 820.0 -1 0 0 0 1 0 0 0 -1 3002.DAT
0 STEP
1 86 670.0 -888 810.0 0 0 1 0 1 0 -1 0 0 3005.DAT
0 STEP
1 86 680.0 -1152 810.0 -1 0 0 0 1 0 0 0 -1 3004.DAT
0 STEP
1 86 670.0 -96 830.0 0 0 1 0 1 0 -1 0 0 3005.DAT
0 STEP
1 86 670.0 -792 830.0 0 0 1 0 1 0 -1 0 0 3005.DAT
0 STEP
1 86 670.0 -1152 860.0 0 0 1 0 1 0 -1 0 0 3010.DAT
0 STEP
1 86 670.0 -1248 860.0 0 0 1 0 1 0 -1 0 0 3010.DAT
0 STEP
1 86 680.0 -792 850.0 -1 0 0 0 1 0 0 0 -1 3004.DAT
0 STEP
1 86 680.0 -840 850.0 -1 0 0 0 1 0 0 0 -1 3004.DAT
0 STEP
1 86 670.0 -792 890.0 0 0 1 0 1 0 -1 0 0 3622.DAT
0 STEP
1 86 690.0 -1176 880.0 -1 0 0 0 1 0 0 0 -1 3002.DAT
0 STEP
1 86 670.0 -696 900.0 0 0 1 0 1 0 -1 0 0 3004.DAT
0 STEP
1 86 680.0 -744 890.0 -1 0 0 0 1 0 0 0 -1 3004.DAT
0 STEP
1 86 670.0 -816 890.0 0 0 1 0 1 0 -1 0 0 3005.DAT
0 STEP
1 86 670.0 -1128 920.0 0 0 1 0 1 0 -1 0 0 3010.DAT
0 STEP
1 86 680.0 -744 940.0 0 0 1 0 1 0 -1 0 0 3001.DAT
0 STEP
1 86 690.0 -768 910.0 -1 0 0 0 1 0 0 0 -1 3622.DAT
0 STEP
1 86 670.0 -1152 910.0 0 0 1 0 1 0 -1 0 0 3005.DAT
0 STEP
1 86 670.0 -1176 910.0 0 0 1 0 1 0 -1 0 0 3005.DAT
0 STEP
1 86 670.0 -1224 940.0 0 0 1 0 1 0 -1 0 0 3010.DAT
0 STEP
1 86 670.0 -672 940.0 0 0 1 0 1 0 -1 0 0 3004.DAT
0 STEP
1 86 670.0 -720 960.0 0 0 1 0 1 0 -1 0 0 3010.DAT
0 STEP
1 86 670.0 -768 930.0 0 0 1 0 1 0 -1 0 0 3005.DAT
0 STEP
1 86 690.0 -1152 940.0 -1 0 0 0 1 0 0 0 -1 3002.DAT
0 STEP
1 86 690.0 -1104 950.0 -1 0 0 0 1 0 0 0 -1 3622.DAT
0 STEP
1 86 670.0 -624 1000.0 0 0 1 0 1 0 -1 0 0 3010.DAT
0 STEP
1 86 680.0 -672 970.0 -1 0 0 0 1 0 0 0 -1 3004.DAT
0 STEP
1 86 670.0 -1104 1000.0 0 0 1 0 1 0 -1 0 0 3010.DAT
0 STEP
1 86 680.0 -1128 980.0 0 0 1 0 1 0 -1 0 0 3003.DAT
0 STEP
1 86 690.0 -1152 980.0 -1 0 0 0 1 0 0 0 -1 3002.DAT
0 STEP
1 86 670.0 -600 990.0 0 0 1 0 1 0 -1 0 0 3005.DAT
0 STEP
1 86 670.0 -672 1020.0 0 0 1 0 1 0 -1 0 0 3010.DAT
0 STEP
1 86 690.0 -696 1000.0 -1 0 0 0 1 0 0 0 -1 3002.DAT
0 STEP
1 86 670.0 -1224 990.0 0 0 1 0 1 0 -1 0 0 3005.DAT
0 STEP
1 86 680.0 -1080 1010.0 -1 0 0 0 1 0 0 0 -1 3004.DAT
0 STEP
1 86 670.0 -1128 1020.0 0 0 1 0 1 0 -1 0 0 3004.DAT
0 STEP
1 86 680.0 -1152 1030.0 0 0 1 0 1 0 -1 0 0 3002.DAT
0 STEP
1 86 670.0 -1200 1030.0 0 0 1 0 1 0 -1 0 0 3622.DAT
0 STEP
1 86 680.0 -648 1060.0 0 0 1 0 1 0 -1 0 0 3001.DAT
0 STEP
1 86 690.0 -696 1030.0 -1 0 0 0 1 0 0 0 -1 3622.DAT
0 STEP
1 86 670.0 -1080 1040.0 0 0 1 0 1 0 -1 0 0 3004.DAT
0 STEP
1 86 690.0 -1056 1060.0 -1 0 0 0 1 0 0 0 -1 3002.DAT
0 STEP
1 86 690.0 -1104 1060.0 -1 0 0 0 1 0 0 0 -1 3002.DAT
0 STEP
1 86 670.0 -1176 1080.0 0 0 1 0 1 0 -1 0 0 3010.DAT
0 STEP
1 86 680.0 -600 1100.0 0 0 1 0 1 0 -1 0 0 3001.DAT
0 STEP
1 86 670.0 -1080 1140.0 0 0 1 0 1 0 -1 0 0 3008.DAT
0 STEP
1 86 670.0 -624 1110.0 0 0 1 0 1 0 -1 0 0 3622.DAT
0 STEP
1 86 680.0 -1032 1090.0 -1 0 0 0 1 0 0 0 -1 3004.DAT
0 STEP
1 86 690.0 -1056 1100.0 -1 0 0 0 1 0 0 0 -1 3002.DAT
0 STEP
1 86 680.0 -1104 1110.0 0 0 1 0 1 0 -1 0 0 3002.DAT
0 STEP
1 86 670.0 -552 1140.0 0 0 1 0 1 0 -1 0 0 3010.DAT
0 STEP
1 86 690.0 -648 1110.0 -1 0 0 0 1 0 0 0 -1 3622.DAT
0 STEP
1 86 680.0 -1032 1140.0 0 0 1 0 1 0 -1 0 0 3001.DAT
0 STEP
1 86 670.0 -1152 1140.0 0 0 1 0 1 0 -1 0 0 3010.DAT
0 STEP
1 86 690.0 -1008 1130.0 -1 0 0 0 1 0 0 0 -1 3622.DAT
0 STEP
1 86 690.0 -1056 1130.0 -1 0 0 0 1 0 0 0 -1 3622.DAT
0 STEP
1 86 670.0 -1128 1160.0 0 0 1 0 1 0 -1 0 0 3010.DAT
0 STEP
1 86 690.0 -600 1160.0 -1 0 0 0 1 0 0 0 -1 3002.DAT
0 STEP
1 86 680.0 -624 1180.0 0 0 1 0 1 0 -1 0 0 3001.DAT
0 STEP
1 86 670.0 -984 1170.0 0 0 1 0 1 0 -1 0 0 3622.DAT
0 STEP
1 86 690.0 -1008 1160.0 -1 0 0 0 1 0 0 0 -1 3002.DAT
0 STEP
1 86 680.0 -936 1220.0 0 0 1 0 1 0 -1 0 0 2456.DAT
0 STEP
1 86 690.0 -960 1170.0 -1 0 0 0 1 0 0 0 -1 3622.DAT
0 STEP
1 86 680.0 -552 1240.0 0 0 1 0 1 0 -1 0 0 2456.DAT
0 STEP
1 86 670.0 -576 1200.0 0 0 1 0 1 0 -1 0 0 3004.DAT
0 STEP
1 86 670.0 -600 1240.0 0 0 1 0 1 0 -1 0 0 3009.DAT
0 STEP
1 86 670.0 -648 1220.0 0 0 1 0 1 0 -1 0 0 3010.DAT
0 STEP
1 86 690.0 -912 1200.0 -1 0 0 0 1 0 0 0 -1 3002.DAT
0 STEP
1 86 690.0 -960 1200.0 -1 0 0 0 1 0 0 0 -1 3002.DAT
0 STEP
1 86 680.0 -1032 1210.0 0 0 1 0 1 0 -1 0 0 3002.DAT
0 STEP
1 86 680.0 -888 1240.0 0 0 1 0 1 0 -1 0 0 3001.DAT
0 STEP
1 86 670.0 -1008 1240.0 0 0 1 0 1 0 -1 0 0 3010.DAT
0 STEP
1 86 670.0 -1128 1210.0 0 0 1 0 1 0 -1 0 0 3005.DAT
0 STEP
1 86 680.0 -576 1240.0 0 0 1 0 1 0 -1 0 0 3003.DAT
0 STEP
1 86 690.0 -624 1240.0 -1 0 0 0 1 0 0 0 -1 3002.DAT
0 STEP
1 86 690.0 -672 1230.0 -1 0 0 0 1 0 0 0 -1 3622.DAT
0 STEP
1 86 680.0 -792 1230.0 -1 0 0 0 1 0 0 0 -1 3004.DAT
0 STEP
1 86 670.0 -816 1240.0 0 0 1 0 1 0 -1 0 0 3004.DAT
0 STEP
1 86 670.0 -840 1230.0 0 0 1 0 1 0 -1 0 0 3005.DAT
0 STEP
1 86 690.0 -864 1230.0 -1 0 0 0 1 0 0 0 -1 3622.DAT
0 STEP
1 86 690.0 -912 1230.0 -1 0 0 0 1 0 0 0 -1 3622.DAT
0 STEP
1 86 670.0 -1056 1250.0 0 0 1 0 1 0 -1 0 0 3622.DAT
0 STEP
1 86 670.0 -1104 1230.0 0 0 1 0 1 0 -1 0 0 3005.DAT
0 STEP
1 86 680.0 -672 1250.0 -1 0 0 0 1 0 0 0 -1 3004.DAT
0 STEP
1 86 670.0 -696 1260.0 0 0 1 0 1 0 -1 0 0 3004.DAT
0 STEP
1 86 680.0 -720 1250.0 -1 0 0 0 1 0 0 0 -1 3004.DAT
0 STEP
1 86 670.0 -744 1280.0 0 0 1 0 1 0 -1 0 0 3010.DAT
0 STEP
1 86 690.0 -768 1250.0 -1 0 0 0 1 0 0 0 -1 3622.DAT
0 STEP
1 86 670.0 -792 1260.0 0 0 1 0 1 0 -1 0 0 3004.DAT
0 STEP
1 86 690.0 -840 1260.0 -1 0 0 0 1 0 0 0 -1 3002.DAT
0 STEP
1 86 670.0 -864 1250.0 0 0 1 0 1 0 -1 0 0 3005.DAT
0 STEP
1 86 670.0 -624 1270.0 0 0 1 0 1 0 -1 0 0 3005.DAT
0 STEP
1 86 690.0 -648 1270.0 -1 0 0 0 1 0 0 0 -1 3622.DAT
0 STEP
1 86 680.0 -672 1300.0 0 0 1 0 1 0 -1 0 0 3001.DAT
0 STEP
1 86 680.0 -720 1300.0 0 0 1 0 1 0 -1 0 0 3001.DAT
0 STEP
1 86 690.0 -768 1280.0 -1 0 0 0 1 0 0 0 -1 3002.DAT
0 STEP
1 86 690.0 -816 1270.0 -1 0 0 0 1 0 0 0 -1 3622.DAT
0 STEP
1 86 670.0 -912 1300.0 0 0 1 0 1 0 -1 0 0 3010.DAT
0 STEP
1 86 670.0 -960 1290.0 0 0 1 0 1 0 -1 0 0 3622.DAT
0 STEP
1 86 670.0 -624 1320.0 0 0 1 0 1 0 -1 0 0 3010.DAT
0 STEP
1 86 690.0 -648 1300.0 -1 0 0 0 1 0 0 0 -1 3002.DAT
0 STEP
1 86 690.0 -696 1290.0 -1 0 0 0 1 0 0 0 -1 3622.DAT
0 STEP
1 86 670.0 -816 1320.0 0 0 1 0 1 0 -1 0 0 3010.DAT
0 STEP
1 86 670.0 -888 1320.0 0 0 1 0 1 0 -1 0 0 3010.DAT
0 STEP
1 86 690.0 -600 1310.0 -1 0 0 0 1 0 0 0 -1 3622.DAT
0 STEP
1 86 670.0 -696 1310.0 0 0 1 0 1 0 -1 0 0 3005.DAT
0 STEP
1 86 680.0 -768 1330.0 0 0 1 0 1 0 -1 0 0 3002.DAT
0 STEP
1 86 670.0 -552 1360.0 0 0 1 0 1 0 -1 0 0 3010.DAT
0 STEP
1 86 670.0 -696 1360.0 0 0 1 0 1 0 -1 0 0 3010.DAT
0 STEP
1 86 670.0 -744 1350.0 0 0 1 0 1 0 -1 0 0 3622.DAT
0 STEP
1 86 670.0 -864 1350.0 0 0 1 0 1 0 -1 0 0 3005.DAT
0 STEP
1 86 670.0 -768 1370.0 0 0 1 0 1 0 -1 0 0 3005.DAT
0 STEP
1 86 670.0 -816 1370.0 0 0 1 0 1 0 -1 0 0 3005.DAT
0 STEP
1 86 670.0 -624 1410.0 0 0 1 0 1 0 -1 0 0 3622.DAT
0 STEP
1 86 720.0 -72 710.0 -1 0 0 0 1 0 0 0 -1 3010.DAT
0 STEP
1 86 700.0 -96 730.0 0 0 1 0 1 0 -1 0 0 3002.DAT
0 STEP
1 86 690.0 -1008 710.0 0 0 1 0 1 0 -1 0 0 3005.DAT
0 STEP
1 86 690.0 -1056 710.0 0 0 1 0 1 0 -1 0 0 3005.DAT
0 STEP
1 86 690.0 -48 760.0 0 0 1 0 1 0 -1 0 0 3010.DAT
0 STEP
1 86 690.0 -936 740.0 0 0 1 0 1 0 -1 0 0 3004.DAT
0 STEP
1 86 690.0 -1008 760.0 0 0 1 0 1 0 -1 0 0 3010.DAT
0 STEP
1 86 700.0 -1056 730.0 -1 0 0 0 1 0 0 0 -1 3004.DAT
0 STEP
1 86 690.0 -1128 750.0 0 0 1 0 1 0 -1 0 0 3622.DAT
0 STEP
1 86 690.0 -120 750.0 0 0 1 0 1 0 -1 0 0 3005.DAT
0 STEP
1 86 690.0 -912 780.0 0 0 1 0 1 0 -1 0 0 3010.DAT
0 STEP
1 86 690.0 -1056 750.0 0 0 1 0 1 0 -1 0 0 3005.DAT
0 STEP
1 86 700.0 -1104 770.0 0 0 1 0 1 0 -1 0 0 3002.DAT
0 STEP
1 86 690.0 -1200 760.0 0 0 1 0 1 0 -1 0 0 3004.DAT
0 STEP
1 86 690.0 -864 780.0 0 0 1 0 1 0 -1 0 0 3004.DAT
0 STEP
1 86 700.0 -936 770.0 -1 0 0 0 1 0 0 0 -1 3004.DAT
0 STEP
1 86 690.0 -960 800.0 0 0 1 0 1 0 -1 0 0 3010.DAT
0 STEP
1 86 710.0 -984 770.0 -1 0 0 0 1 0 0 0 -1 3622.DAT
0 STEP
1 86 710.0 -1032 770.0 -1 0 0 0 1 0 0 0 -1 3622.DAT
0 STEP
1 86 690.0 -1056 820.0 0 0 1 0 1 0 -1 0 0 3009.DAT
0 STEP
1 86 690.0 -72 790.0 0 0 1 0 1 0 -1 0 0 3005.DAT
0 STEP
1 86 690.0 -840 810.0 0 0 1 0 1 0 -1 0 0 3622.DAT
0 STEP
1 86 690.0 -984 820.0 0 0 1 0 1 0 -1 0 0 3010.DAT
0 STEP
1 86 710.0 -1032 800.0 -1 0 0 0 1 0 0 0 -1 3002.DAT
0 STEP
1 86 710.0 -1080 790.0 -1 0 0 0 1 0 0 0 -1 3622.DAT
0 STEP
1 86 690.0 -1128 840.0 0 0 1 0 1 0 -1 0 0 3009.DAT
0 STEP
1 86 700.0 -1176 820.0 0 0 1 0 1 0 -1 0 0 3001.DAT
0 STEP
1 86 690.0 -888 840.0 0 0 1 0 1 0 -1 0 0 3010.DAT
0 STEP
1 86 710.0 -936 820.0 -1 0 0 0 1 0 0 0 -1 3002.DAT
0 STEP
1 86 690.0 -1008 810.0 0 0 1 0 1 0 -1 0 0 3005.DAT
0 STEP
1 86 700.0 -1080 840.0 0 0 1 0 1 0 -1 0 0 3001.DAT
0 STEP
1 86 710.0 -1104 820.0 -1 0 0 0 1 0 0 0 -1 3002.DAT
0 STEP
1 86 690.0 -1200 860.0 0 0 1 0 1 0 -1 0 0 3009.DAT
0 STEP
1 86 690.0 -816 860.0 0 0 1 0 1 0 -1 0 0 3010.DAT
0 STEP
1 86 690.0 -912 830.0 0 0 1 0 1 0 -1 0 0 3005.DAT
0 STEP
1 86 700.0 -1008 840.0 0 0 1 0 1 0 -1 0 0 3003.DAT
0 STEP
1 86 710.0 -1032 840.0 -1 0 0 0 1 0 0 0 -1 3002.DAT
0 STEP
1 86 690.0 -1152 850.0 0 0 1 0 1 0 -1 0 0 3622.DAT
0 STEP
1 86 710.0 -864 860.0 -1 0 0 0 1 0 0 0 -1 3002.DAT
0 STEP
1 86 710.0 -912 860.0 -1 0 0 0 1 0 0 0 -1 3002.DAT
0 STEP
1 86 690.0 -936 860.0 0 0 1 0 1 0 -1 0 0 3004.DAT
0 STEP
1 86 700.0 -960 850.0 -1 0 0 0 1 0 0 0 -1 3004.DAT
0 STEP
1 86 690.0 -1104 850.0 0 0 1 0 1 0 -1 0 0 3005.DAT
0 STEP
1 86 690.0 -792 900.0 0 0 1 0 1 0 -1 0 0 3010.DAT
0 STEP
1 86 710.0 -840 870.0 -1 0 0 0 1 0 0 0 -1 3622.DAT
0 STEP
1 86 710.0 -1032 880.0 -1 0 0 0 1 0 0 0 -1 3002.DAT
0 STEP
1 86 690.0 -1104 900.0 0 0 1 0 1 0 -1 0 0 3010.DAT
0 STEP
1 86 690.0 -840 900.0 0 0 1 0 1 0 -1 0 0 3004.DAT
0 STEP
1 86 690.0 -1056 910.0 0 0 1 0 1 0 -1 0 0 3622.DAT
0 STEP
1 86 710.0 -1080 890.0 -1 0 0 0 1 0 0 0 -1 3622.DAT
0 STEP
1 86 700.0 -1152 900.0 0 0 1 0 1 0 -1 0 0 3003.DAT
0 STEP
1 86 710.0 -816 920.0 -1 0 0 0 1 0 0 0 -1 3002.DAT
0 STEP
1 86 690.0 -1080 910.0 0 0 1 0 1 0 -1 0 0 3005.DAT
0 STEP
1 86 690.0 -1128 930.0 0 0 1 0 1 0 -1 0 0 3622.DAT
0 STEP
1 86 690.0 -1176 940.0 0 0 1 0 1 0 -1 0 0 3010.DAT
0 STEP
1 86 690.0 -1224 910.0 0 0 1 0 1 0 -1 0 0 3005.DAT
0 STEP
1 86 690.0 -720 930.0 0 0 1 0 1 0 -1 0 0 3005.DAT
0 STEP
1 86 690.0 -768 960.0 0 0 1 0 1 0 -1 0 0 3010.DAT
0 STEP
1 86 700.0 -1032 940.0 0 0 1 0 1 0 -1 0 0 3003.DAT
0 STEP
1 86 690.0 -1080 960.0 0 0 1 0 1 0 -1 0 0 3010.DAT
0 STEP
1 86 690.0 -720 980.0 0 0 1 0 1 0 -1 0 0 3010.DAT
0 STEP
1 86 690.0 -792 950.0 0 0 1 0 1 0 -1 0 0 3005.DAT
0 STEP
1 86 710.0 -1056 960.0 -1 0 0 0 1 0 0 0 -1 3002.DAT
0 STEP
1 86 690.0 -1032 1020.0 0 0 1 0 1 0 -1 0 0 3009.DAT
0 STEP
1 86 700.0 -1104 1000.0 0 0 1 0 1 0 -1 0 0 3001.DAT
0 STEP
1 86 690.0 -672 990.0 0 0 1 0 1 0 -1 0 0 3005.DAT
0 STEP
1 86 710.0 -744 990.0 -1 0 0 0 1 0 0 0 -1 3622.DAT
0 STEP
1 86 710.0 -1008 1000.0 -1 0 0 0 1 0 0 0 -1 3002.DAT
0 STEP
1 86 710.0 -1056 990.0 -1 0 0 0 1 0 0 0 -1 3622.DAT
0 STEP
1 86 690.0 -1176 990.0 0 0 1 0 1 0 -1 0 0 3005.DAT
0 STEP
1 86 700.0 -672 1030.0 0 0 1 0 1 0 -1 0 0 3002.DAT
0 STEP
1 86 690.0 -744 1010.0 0 0 1 0 1 0 -1 0 0 3005.DAT
0 STEP
1 86 710.0 -1056 1020.0 -1 0 0 0 1 0 0 0 -1 3002.DAT
0 STEP
1 86 690.0 -1128 1040.0 0 0 1 0 1 0 -1 0 0 3010.DAT
0 STEP
1 86 690.0 -1176 1040.0 0 0 1 0 1 0 -1 0 0 3010.DAT
0 STEP
1 86 690.0 -624 1050.0 0 0 1 0 1 0 -1 0 0 3622.DAT
0 STEP
1 86 690.0 -720 1030.0 0 0 1 0 1 0 -1 0 0 3005.DAT
0 STEP
1 86 690.0 -984 1100.0 0 0 1 0 1 0 -1 0 0 3008.DAT
0 STEP
1 86 710.0 -1008 1040.0 -1 0 0 0 1 0 0 0 -1 3002.DAT
0 STEP
1 86 690.0 -1080 1100.0 0 0 1 0 1 0 -1 0 0 3008.DAT
0 STEP
1 86 690.0 -696 1100.0 0 0 1 0 1 0 -1 0 0 3009.DAT
0 STEP
1 86 710.0 -720 1060.0 -1 0 0 0 1 0 0 0 -1 3002.DAT
0 STEP
1 86 710.0 -960 1060.0 -1 0 0 0 1 0 0 0 -1 3002.DAT
0 STEP
1 86 710.0 -672 1080.0 -1 0 0 0 1 0 0 0 -1 3002.DAT
0 STEP
1 86 690.0 -936 1100.0 0 0 1 0 1 0 -1 0 0 3010.DAT
0 STEP
1 86 710.0 -1008 1080.0 -1 0 0 0 1 0 0 0 -1 3002.DAT
0 STEP
1 86 700.0 -624 1110.0 0 0 1 0 1 0 -1 0 0 3002.DAT
0 STEP
1 86 710.0 -720 1090.0 -1 0 0 0 1 0 0 0 -1 3622.DAT
0 STEP
1 86 710.0 -912 1090.0 -1 0 0 0 1 0 0 0 -1 3622.DAT
0 STEP
1 86 710.0 -960 1090.0 -1 0 0 0 1 0 0 0 -1 3622.DAT
0 STEP
1 86 690.0 -1128 1090.0 0 0 1 0 1 0 -1 0 0 3005.DAT
0 STEP
1 86 710.0 -672 1120.0 -1 0 0 0 1 0 0 0 -1 3002.DAT
0 STEP
1 86 700.0 -720 1140.0 0 0 1 0 1 0 -1 0 0 3001.DAT
0 STEP
1 86 700.0 -888 1110.0 -1 0 0 0 1 0 0 0 -1 3004.DAT
0 STEP
1 86 710.0 -912 1120.0 -1 0 0 0 1 0 0 0 -1 3002.DAT
0 STEP
1 86 710.0 -960 1120.0 -1 0 0 0 1 0 0 0 -1 3002.DAT
0 STEP
1 86 710.0 -1008 1110.0 -1 0 0 0 1 0 0 0 -1 3622.DAT
0 STEP
1 86 690.0 -1152 1110.0 0 0 1 0 1 0 -1 0 0 3005.DAT
0 STEP
1 86 690.0 -648 1150.0 0 0 1 0 1 0 -1 0 0 3622.DAT
0 STEP
1 86 710.0 -744 1140.0 -1 0 0 0 1 0 0 0 -1 3002.DAT
0 STEP
1 86 710.0 -864 1130.0 -1 0 0 0 1 0 0 0 -1 3622.DAT
0 STEP
1 86 690.0 -888 1160.0 0 0 1 0 1 0 -1 0 0 3010.DAT
0 STEP
1 86 690.0 -1128 1130.0 0 0 1 0 1 0 -1 0 0 3005.DAT
0 STEP
1 86 690.0 -576 1180.0 0 0 1 0 1 0 -1 0 0 3010.DAT
0 STEP
1 86 700.0 -672 1180.0 0 0 1 0 1 0 -1 0 0 3001.DAT
0 STEP
1 86 700.0 -840 1150.0 -1 0 0 0 1 0 0 0 -1 3004.DAT
0 STEP
1 86 700.0 -864 1180.0 0 0 1 0 1 0 -1 0 0 3001.DAT
0 STEP
1 86 710.0 -912 1160.0 -1 0 0 0 1 0 0 0 -1 3002.DAT
0 STEP
1 86 690.0 -936 1150.0 0 0 1 0 1 0 -1 0 0 3005.DAT
0 STEP
1 86 710.0 -960 1150.0 -1 0 0 0 1 0 0 0 -1 3622.DAT
0 STEP
1 86 690.0 -552 1170.0 0 0 1 0 1 0 -1 0 0 3005.DAT
0 STEP
1 86 710.0 -696 1180.0 -1 0 0 0 1 0 0 0 -1 3002.DAT
0 STEP
1 86 700.0 -744 1200.0 0 0 1 0 1 0 -1 0 0 3001.DAT
0 STEP
1 86 710.0 -768 1180.0 -1 0 0 0 1 0 0 0 -1 3002.DAT
0 STEP
1 86 690.0 -792 1190.0 0 0 1 0 1 0 -1 0 0 3622.DAT
0 STEP
1 86 710.0 -816 1170.0 -1 0 0 0 1 0 0 0 -1 3622.DAT
0 STEP
1 86 700.0 -840 1200.0 0 0 1 0 1 0 -1 0 0 3001.DAT
0 STEP
1 86 700.0 -600 1240.0 0 0 1 0 1 0 -1 0 0 2456.DAT
0 STEP
1 86 700.0 -648 1220.0 0 0 1 0 1 0 -1 0 0 3001.DAT
0 STEP
1 86 700.0 -720 1190.0 -1 0 0 0 1 0 0 0 -1 3004.DAT
0 STEP
1 86 690.0 -816 1220.0 0 0 1 0 1 0 -1 0 0 3010.DAT
0 STEP
1 86 690.0 -984 1190.0 0 0 1 0 1 0 -1 0 0 3005.DAT
0 STEP
1 86 690.0 -1080 1190.0 0 0 1 0 1 0 -1 0 0 3005.DAT
0 STEP
1 86 690.0 -696 1240.0 0 0 1 0 1 0 -1 0 0 3010.DAT
0 STEP
1 86 710.0 -720 1220.0 -1 0 0 0 1 0 0 0 -1 3002.DAT
0 STEP
1 86 710.0 -768 1220.0 -1 0 0 0 1 0 0 0 -1 3002.DAT
0 STEP
1 86 690.0 -1008 1230.0 0 0 1 0 1 0 -1 0 0 3622.DAT
0 STEP
1 86 690.0 -960 1250.0 0 0 1 0 1 0 -1 0 0 3622.DAT
0 STEP
1 86 690.0 -1056 1230.0 0 0 1 0 1 0 -1 0 0 3005.DAT
0 STEP
1 86 690.0 -744 1300.0 0 0 1 0 1 0 -1 0 0 3009.DAT
0 STEP
1 86 690.0 -792 1280.0 0 0 1 0 1 0 -1 0 0 3010.DAT
0 STEP
1 86 690.0 -864 1280.0 0 0 1 0 1 0 -1 0 0 3010.DAT
0 STEP
1 86 690.0 -912 1270.0 0 0 1 0 1 0 -1 0 0 3622.DAT
0 STEP
1 86 690.0 -624 1300.0 0 0 1 0 1 0 -1 0 0 3010.DAT
0 STEP
1 86 690.0 -816 1310.0 0 0 1 0 1 0 -1 0 0 3622.DAT
0 STEP
1 86 690.0 -888 1300.0 0 0 1 0 1 0 -1 0 0 3004.DAT
0 STEP
1 86 690.0 -696 1340.0 0 0 1 0 1 0 -1 0 0 3010.DAT
0 STEP
1 86 690.0 -600 1350.0 0 0 1 0 1 0 -1 0 0 3622.DAT
0 STEP
1 86 690.0 -648 1350.0 0 0 1 0 1 0 -1 0 0 3622.DAT
0 STEP
1 86 690.0 -792 1330.0 0 0 1 0 1 0 -1 0 0 3005.DAT
0 STEP
1 86 690.0 -624 1350.0 0 0 1 0 1 0 -1 0 0 3005.DAT
0 STEP
1 86 730.0 -24 710.0 -1 0 0 0 1 0 0 0 -1 3622.DAT
0 STEP
1 86 710.0 -48 740.0 0 0 1 0 1 0 -1 0 0 3010.DAT
0 STEP
1 86 710.0 -1008 730.0 0 0 1 0 1 0 -1 0 0 3005.DAT
0 STEP
1 86 710.0 -1032 740.0 0 0 1 0 1 0 -1 0 0 3004.DAT
0 STEP
1 86 710.0 -1080 750.0 0 0 1 0 1 0 -1 0 0 3622.DAT
0 STEP
1 86 710.0 -1008 780.0 0 0 1 0 1 0 -1 0 0 3010.DAT
0 STEP
1 86 710.0 -1056 800.0 0 0 1 0 1 0 -1 0 0 3009.DAT
0 STEP
1 86 710.0 -1128 800.0 0 0 1 0 1 0 -1 0 0 3009.DAT
0 STEP
1 86 710.0 -912 800.0 0 0 1 0 1 0 -1 0 0 3010.DAT
0 STEP
1 86 710.0 -960 770.0 0 0 1 0 1 0 -1 0 0 3005.DAT
0 STEP
1 86 710.0 -888 800.0 0 0 1 0 1 0 -1 0 0 3004.DAT
0 STEP
1 86 720.0 -960 800.0 0 0 1 0 1 0 -1 0 0 3003.DAT
0 STEP
1 86 710.0 -984 790.0 0 0 1 0 1 0 -1 0 0 3005.DAT
0 STEP
1 86 710.0 -984 840.0 0 0 1 0 1 0 -1 0 0 3010.DAT
0 STEP
1 86 710.0 -1152 840.0 0 0 1 0 1 0 -1 0 0 3010.DAT
0 STEP
1 86 710.0 -840 840.0 0 0 1 0 1 0 -1 0 0 3004.DAT
0 STEP
1 86 720.0 -888 880.0 0 0 1 0 1 0 -1 0 0 2456.DAT
0 STEP
1 86 710.0 -960 830.0 0 0 1 0 1 0 -1 0 0 3005.DAT
0 STEP
1 86 710.0 -816 870.0 0 0 1 0 1 0 -1 0 0 3622.DAT
0 STEP
1 86 710.0 -936 850.0 0 0 1 0 1 0 -1 0 0 3005.DAT
0 STEP
1 86 710.0 -1104 880.0 0 0 1 0 1 0 -1 0 0 3010.DAT
0 STEP
1 86 710.0 -936 920.0 0 0 1 0 1 0 -1 0 0 3009.DAT
0 STEP
1 86 710.0 -960 880.0 0 0 1 0 1 0 -1 0 0 3004.DAT
0 STEP
1 86 710.0 -1008 890.0 0 0 1 0 1 0 -1 0 0 3622.DAT
0 STEP
1 86 720.0 -1056 900.0 0 0 1 0 1 0 -1 0 0 3001.DAT
0 STEP
1 86 720.0 -1128 870.0 -1 0 0 0 1 0 0 0 -1 3004.DAT
0 STEP
1 86 710.0 -792 920.0 0 0 1 0 1 0 -1 0 0 3010.DAT
0 STEP
1 86 710.0 -840 940.0 0 0 1 0 1 0 -1 0 0 3009.DAT
0 STEP
1 86 730.0 -864 890.0 -1 0 0 0 1 0 0 0 -1 3622.DAT
0 STEP
1 86 730.0 -912 900.0 -1 0 0 0 1 0 0 0 -1 3002.DAT
0 STEP
1 86 730.0 -984 890.0 -1 0 0 0 1 0 0 0 -1 3622.DAT
0 STEP
1 86 710.0 -1128 890.0 0 0 1 0 1 0 -1 0 0 3005.DAT
0 STEP
1 86 730.0 -864 920.0 -1 0 0 0 1 0 0 0 -1 3002.DAT
0 STEP
1 86 730.0 -960 910.0 -1 0 0 0 1 0 0 0 -1 3622.DAT
0 STEP
1 86 720.0 -984 940.0 0 0 1 0 1 0 -1 0 0 3001.DAT
0 STEP
1 86 730.0 -1032 910.0 -1 0 0 0 1 0 0 0 -1 3622.DAT
0 STEP
1 86 710.0 -1080 980.0 0 0 1 0 1 0 -1 0 0 3008.DAT
0 STEP
1 86 710.0 -1128 960.0 0 0 1 0 1 0 -1 0 0 3009.DAT
0 STEP
1 86 710.0 -1176 910.0 0 0 1 0 1 0 -1 0 0 3005.DAT
0 STEP
1 86 710.0 -744 950.0 0 0 1 0 1 0 -1 0 0 3622.DAT
0 STEP
1 86 710.0 -768 930.0 0 0 1 0 1 0 -1 0 0 3005.DAT
0 STEP
1 86 730.0 -912 930.0 -1 0 0 0 1 0 0 0 -1 3622.DAT
0 STEP
1 86 730.0 -960 940.0 -1 0 0 0 1 0 0 0 -1 3002.DAT
0 STEP
1 86 730.0 -1008 930.0 -1 0 0 0 1 0 0 0 -1 3622.DAT
0 STEP
1 86 710.0 -1104 930.0 0 0 1 0 1 0 -1 0 0 3005.DAT
0 STEP
1 86 720.0 -768 970.0 0 0 1 0 1 0 -1 0 0 3002.DAT
0 STEP
1 86 730.0 -816 950.0 -1 0 0 0 1 0 0 0 -1 3622.DAT
0 STEP
1 86 730.0 -864 950.0 -1 0 0 0 1 0 0 0 -1 3622.DAT
0 STEP
1 86 710.0 -888 1020.0 0 0 1 0 1 0 -1 0 0 3008.DAT
0 STEP
1 86 730.0 -912 960.0 -1 0 0 0 1 0 0 0 -1 3002.DAT
0 STEP
1 86 730.0 -1008 960.0 -1 0 0 0 1 0 0 0 -1 3002.DAT
0 STEP
1 86 710.0 -720 980.0 0 0 1 0 1 0 -1 0 0 3004.DAT
0 STEP
1 86 730.0 -792 970.0 -1 0 0 0 1 0 0 0 -1 3622.DAT
0 STEP
1 86 720.0 -816 1000.0 0 0 1 0 1 0 -1 0 0 3001.DAT
0 STEP
1 86 710.0 -864 1000.0 0 0 1 0 1 0 -1 0 0 3010.DAT
0 STEP
1 86 730.0 -960 980.0 -1 0 0 0 1 0 0 0 -1 3002.DAT
0 STEP
1 86 710.0 -1032 980.0 0 0 1 0 1 0 -1 0 0 3004.DAT
0 STEP
1 86 710.0 -792 990.0 0 0 1 0 1 0 -1 0 0 3005.DAT
0 STEP
1 86 730.0 -912 1000.0 -1 0 0 0 1 0 0 0 -1 3002.DAT
0 STEP
1 86 710.0 -936 990.0 0 0 1 0 1 0 -1 0 0 3005.DAT
0 STEP
1 86 710.0 -984 1010.0 0 0 1 0 1 0 -1 0 0 3622.DAT
0 STEP
1 86 720.0 -720 1020.0 0 0 1 0 1 0 -1 0 0 3003.DAT
0 STEP
1 86 710.0 -744 1040.0 0 0 1 0 1 0 -1 0 0 3010.DAT
0 STEP
1 86 730.0 -768 1020.0 -1 0 0 0 1 0 0 0 -1 3002.DAT
0 STEP
1 86 710.0 -792 1040.0 0 0 1 0 1 0 -1 0 0 3010.DAT
0 STEP
1 86 730.0 -840 1010.0 -1 0 0 0 1 0 0 0 -1 3622.DAT
0 STEP
1 86 710.0 -936 1080.0 0 0 1 0 1 0 -1 0 0 3008.DAT
0 STEP
1 86 730.0 -960 1020.0 -1 0 0 0 1 0 0 0 -1 3002.DAT
0 STEP
1 86 710.0 -1032 1080.0 0 0 1 0 1 0 -1 0 0 3008.DAT
0 STEP
1 86 710.0 -840 1080.0 0 0 1 0 1 0 -1 0 0 3009.DAT
0 STEP
1 86 730.0 -912 1040.0 -1 0 0 0 1 0 0 0 -1 3002.DAT
0 STEP
1 86 710.0 -1128 1030.0 0 0 1 0 1 0 -1 0 0 3005.DAT
0 STEP
1 86 710.0 -648 1070.0 0 0 1 0 1 0 -1 0 0 3622.DAT
0 STEP
1 86 720.0 -696 1050.0 -1 0 0 0 1 0 0 0 -1 3004.DAT
0 STEP
1 86 730.0 -768 1050.0 -1 0 0 0 1 0 0 0 -1 3622.DAT
0 STEP
1 86 730.0 -816 1060.0 -1 0 0 0 1 0 0 0 -1 3002.DAT
0 STEP
1 86 730.0 -864 1060.0 -1 0 0 0 1 0 0 0 -1 3002.DAT
0 STEP
1 86 710.0 -984 1120.0 0 0 1 0 1 0 -1 0 0 3008.DAT
0 STEP
1 86 720.0 -696 1100.0 0 0 1 0 1 0 -1 0 0 3001.DAT
0 STEP
1 86 730.0 -768 1080.0 -1 0 0 0 1 0 0 0 -1 3002.DAT
0 STEP
1 86 730.0 -912 1070.0 -1 0 0 0 1 0 0 0 -1 3622.DAT
0 STEP
1 86 710.0 -1080 1090.0 0 0 1 0 1 0 -1 0 0 3622.DAT
0 STEP
1 86 710.0 -744 1090.0 0 0 1 0 1 0 -1 0 0 3005.DAT
0 STEP
1 86 710.0 -792 1090.0 0 0 1 0 1 0 -1 0 0 3005.DAT
0 STEP
1 86 730.0 -816 1100.0 -1 0 0 0 1 0 0 0 -1 3002.DAT
0 STEP
1 86 730.0 -864 1100.0 -1 0 0 0 1 0 0 0 -1 3002.DAT
0 STEP
1 86 730.0 -744 1110.0 -1 0 0 0 1 0 0 0 -1 3622.DAT
0 STEP
1 86 710.0 -768 1130.0 0 0 1 0 1 0 -1 0 0 3622.DAT
0 STEP
1 86 710.0 -792 1180.0 0 0 1 0 1 0 -1 0 0 3008.DAT
0 STEP
1 86 720.0 -648 1150.0 0 0 1 0 1 0 -1 0 0 3002.DAT
0 STEP
1 86 730.0 -816 1140.0 -1 0 0 0 1 0 0 0 -1 3002.DAT
0 STEP
1 86 710.0 -888 1140.0 0 0 1 0 1 0 -1 0 0 3004.DAT
0 STEP
1 86 710.0 -624 1180.0 0 0 1 0 1 0 -1 0 0 3010.DAT
0 STEP
1 86 720.0 -696 1150.0 -1 0 0 0 1 0 0 0 -1 3004.DAT
0 STEP
1 86 720.0 -888 1170.0 -1 0 0 0 1 0 0 0 -1 3004.DAT
0 STEP
1 86 710.0 -936 1200.0 0 0 1 0 1 0 -1 0 0 3010.DAT
0 STEP
1 86 720.0 -816 1200.0 0 0 1 0 1 0 -1 0 0 3003.DAT
0 STEP
1 86 710.0 -888 1220.0 0 0 1 0 1 0 -1 0 0 3010.DAT
0 STEP
1 86 720.0 -696 1220.0 0 0 1 0 1 0 -1 0 0 3003.DAT
0 STEP
1 86 710.0 -816 1240.0 0 0 1 0 1 0 -1 0 0 3004.DAT
0 STEP
1 86 710.0 -672 1280.0 0 0 1 0 1 0 -1 0 0 3010.DAT
0 STEP
1 86 710.0 -696 1260.0 0 0 1 0 1 0 -1 0 0 3004.DAT
0 STEP
1 86 710.0 -720 1280.0 0 0 1 0 1 0 -1 0 0 3010.DAT
0 STEP
1 86 710.0 -744 1270.0 0 0 1 0 1 0 -1 0 0 3622.DAT
0 STEP
1 86 710.0 -864 1250.0 0 0 1 0 1 0 -1 0 0 3005.DAT
0 STEP
1 86 710.0 -624 1290.0 0 0 1 0 1 0 -1 0 0 3622.DAT
0 STEP
1 86 710.0 -792 1270.0 0 0 1 0 1 0 -1 0 0 3005.DAT
0 STEP
1 86 710.0 -696 1310.0 0 0 1 0 1 0 -1 0 0 3005.DAT
0 STEP
1 86 750.0 -24 690.0 -1 0 0 0 1 0 0 0 -1 3622.DAT
0 STEP
1 86 730.0 -48 710.0 0 0 1 0 1 0 -1 0 0 3622.DAT
0 STEP
1 86 730.0 -72 690.0 0 0 1 0 1 0 -1 0 0 3005.DAT
0 STEP
1 86 730.0 -96 710.0 0 0 1 0 1 0 -1 0 0 3622.DAT
0 STEP
1 86 730.0 -1008 840.0 0 0 1 0 1 0 -1 0 0 3008.DAT
0 STEP
1 86 730.0 -984 820.0 0 0 1 0 1 0 -1 0 0 3010.DAT
0 STEP
1 86 730.0 -1056 820.0 0 0 1 0 1 0 -1 0 0 3010.DAT
0 STEP
1 86 730.0 -912 820.0 0 0 1 0 1 0 -1 0 0 3004.DAT
0 STEP
1 86 730.0 -1080 840.0 0 0 1 0 1 0 -1 0 0 3010.DAT
0 STEP
1 86 730.0 -960 860.0 0 0 1 0 1 0 -1 0 0 3010.DAT
0 STEP
1 86 730.0 -1128 840.0 0 0 1 0 1 0 -1 0 0 3004.DAT
0 STEP
1 86 730.0 -936 860.0 0 0 1 0 1 0 -1 0 0 3004.DAT
0 STEP
1 86 730.0 -1104 850.0 0 0 1 0 1 0 -1 0 0 3005.DAT
0 STEP
1 86 740.0 -984 870.0 -1 0 0 0 1 0 0 0 -1 3004.DAT
0 STEP
1 86 730.0 -1104 900.0 0 0 1 0 1 0 -1 0 0 3010.DAT
0 STEP
1 86 730.0 -840 900.0 0 0 1 0 1 0 -1 0 0 3004.DAT
0 STEP
1 86 740.0 -936 960.0 0 0 1 0 1 0 -1 0 0 3007.DAT
0 STEP
1 86 730.0 -1080 910.0 0 0 1 0 1 0 -1 0 0 3005.DAT
0 STEP
1 86 730.0 -792 940.0 0 0 1 0 1 0 -1 0 0 3004.DAT
0 STEP
1 86 740.0 -840 960.0 0 0 1 0 1 0 -1 0 0 3001.DAT
0 STEP
1 86 730.0 -1032 1000.0 0 0 1 0 1 0 -1 0 0 3008.DAT
0 STEP
1 86 730.0 -1080 960.0 0 0 1 0 1 0 -1 0 0 3010.DAT
0 STEP
1 86 730.0 -888 970.0 0 0 1 0 1 0 -1 0 0 3622.DAT
0 STEP
1 86 740.0 -864 1000.0 0 0 1 0 1 0 -1 0 0 3001.DAT
0 STEP
1 86 740.0 -792 1040.0 0 0 1 0 1 0 -1 0 0 2456.DAT
0 STEP
1 86 730.0 -984 1060.0 0 0 1 0 1 0 -1 0 0 3008.DAT
0 STEP
1 86 730.0 -744 1010.0 0 0 1 0 1 0 -1 0 0 3005.DAT
0 STEP
1 86 730.0 -888 1080.0 0 0 1 0 1 0 -1 0 0 3008.DAT
0 STEP
1 86 740.0 -744 1060.0 0 0 1 0 1 0 -1 0 0 3001.DAT
0 STEP
1 86 730.0 -840 1060.0 0 0 1 0 1 0 -1 0 0 3010.DAT
0 STEP
1 86 730.0 -936 1100.0 0 0 1 0 1 0 -1 0 0 3009.DAT
0 STEP
1 86 730.0 -720 1110.0 0 0 1 0 1 0 -1 0 0 3005.DAT
0 STEP
1 86 740.0 -768 1130.0 0 0 1 0 1 0 -1 0 0 3002.DAT
0 STEP
1 86 730.0 -792 1160.0 0 0 1 0 1 0 -1 0 0 3009.DAT
0 STEP
1 86 730.0 -840 1110.0 0 0 1 0 1 0 -1 0 0 3005.DAT
0 STEP
1 86 730.0 -720 1160.0 0 0 1 0 1 0 -1 0 0 3010.DAT
0 STEP
1 86 730.0 -840 1160.0 0 0 1 0 1 0 -1 0 0 3010.DAT
0 STEP
1 86 730.0 -672 1180.0 0 0 1 0 1 0 -1 0 0 3010.DAT
0 STEP
1 86 730.0 -864 1180.0 0 0 1 0 1 0 -1 0 0 3010.DAT
0 STEP
1 86 730.0 -744 1200.0 0 0 1 0 1 0 -1 0 0 3010.DAT
0 STEP
1 86 730.0 -888 1190.0 0 0 1 0 1 0 -1 0 0 3005.DAT
0 STEP
1 86 730.0 -840 1210.0 0 0 1 0 1 0 -1 0 0 3005.DAT
0 STEP
1 86 770.0 -24 670.0 -1 0 0 0 1 0 0 0 -1 3622.DAT
0 STEP
1 86 750.0 -48 690.0 0 0 1 0 1 0 -1 0 0 3622.DAT
0 STEP
1 86 760.0 -72 680.0 0 0 1 0 1 0 -1 0 0 3003.DAT
0 STEP
1 86 750.0 -96 700.0 0 0 1 0 1 0 -1 0 0 3004.DAT
0 STEP
1 86 750.0 -960 880.0 0 0 1 0 1 0 -1 0 0 3004.DAT
0 STEP
1 86 750.0 -1008 890.0 0 0 1 0 1 0 -1 0 0 3622.DAT
0 STEP
1 86 750.0 -888 890.0 0 0 1 0 1 0 -1 0 0 3005.DAT
0 STEP
1 86 750.0 -888 960.0 0 0 1 0 1 0 -1 0 0 3009.DAT
0 STEP
1 86 750.0 -984 960.0 0 0 1 0 1 0 -1 0 0 3009.DAT
0 STEP
1 86 750.0 -816 1000.0 0 0 1 0 1 0 -1 0 0 3010.DAT
0 STEP
1 86 750.0 -840 1080.0 0 0 1 0 1 0 -1 0 0 3009.DAT
0 STEP
1 86 750.0 -888 1060.0 0 0 1 0 1 0 -1 0 0 3010.DAT
0 STEP
1 86 750.0 -936 1050.0 0 0 1 0 1 0 -1 0 0 3005.DAT
0 STEP
1 86 750.0 -792 1130.0 0 0 1 0 1 0 -1 0 0 3622.DAT
0 STEP
1 86 790.0 -24 650.0 -1 0 0 0 1 0 0 0 -1 3622.DAT
0 STEP
1 86 770.0 -48 670.0 0 0 1 0 1 0 -1 0 0 3622.DAT
0 STEP
1 86 770.0 -72 650.0 0 0 1 0 1 0 -1 0 0 3005.DAT
0 STEP
1 86 790.0 0 640.0 0 0 1 0 1 0 -1 0 0 3004.DAT
0 STEP
1 86 800.0 -24 630.0 -1 0 0 0 1 0 0 0 -1 3004.DAT
0 STEP
1 86 790.0 -48 660.0 0 0 1 0 1 0 -1 0 0 3004.DAT
0 STEP
1 86 810.0 0 630.0 0 0 1 0 1 0 -1 0 0 3005.DAT
0 STEP
