1 86 10.0 -984 950.0 0 0 1 0 1 0 -1 0 0 3005.DAT
0 STEP
1 86 10.0 -1008 980.0 0 0 1 0 1 0 -1 0 0 3010.DAT
0 STEP
1 86 40.0 -1032 950.0 -1 0 0 0 1 0 0 0 -1 3010.DAT
0 STEP
1 86 10.0 -984 1020.0 0 0 1 0 1 0 -1 0 0 3009.DAT
0 STEP
1 86 30.0 -1032 980.0 -1 0 0 0 1 0 0 0 -1 3002.DAT
0 STEP
1 86 10.0 -1032 1040.0 0 0 1 0 1 0 -1 0 0 3010.DAT
0 STEP
1 86 40.0 -1008 1030.0 -1 0 0 0 1 0 0 0 -1 3010.DAT
0 STEP
1 86 80.0 -1008 1050.0 -1 0 0 0 1 0 0 0 -1 3008.DAT
0 STEP
1 86 60.0 -1008 1070.0 -1 0 0 0 1 0 0 0 -1 3009.DAT
0 STEP
1 86 20.0 -984 1090.0 -1 0 0 0 1 0 0 0 -1 3004.DAT
0 STEP
1 86 10.0 -1008 1090.0 0 0 1 0 1 0 -1 0 0 3005.DAT
0 STEP
1 86 10.0 -1032 1090.0 0 0 1 0 1 0 -1 0 0 3005.DAT
0 STEP
1 86 60.0 -984 850.0 -1 0 0 0 1 0 0 0 -1 3010.DAT
0 STEP
1 86 30.0 -1008 880.0 0 0 1 0 1 0 -1 0 0 3010.DAT
0 STEP
1 86 60.0 -1032 860.0 -1 0 0 0 1 0 0 0 -1 3001.DAT
0 STEP
1 86 30.0 -984 890.0 0 0 1 0 1 0 -1 0 0 3622.DAT
0 STEP
1 86 80.0 -1032 890.0 -1 0 0 0 1 0 0 0 -1 3009.DAT
0 STEP
1 86 50.0 -1032 920.0 -1 0 0 0 1 0 0 0 -1 3002.DAT
0 STEP
1 86 30.0 -984 1000.0 0 0 1 0 1 0 -1 0 0 3008.DAT
0 STEP
1 86 60.0 -1008 940.0 -1 0 0 0 1 0 0 0 -1 3001.DAT
0 STEP
1 86 30.0 -1008 990.0 0 0 1 0 1 0 -1 0 0 3622.DAT
0 STEP
1 86 30.0 -1032 1010.0 0 0 1 0 1 0 -1 0 0 3005.DAT
0 STEP
1 86 30.0 -1032 1060.0 0 0 1 0 1 0 -1 0 0 3010.DAT
0 STEP
1 86 40.0 -1008 1140.0 0 0 1 0 1 0 -1 0 0 2456.DAT
0 STEP
1 86 40.0 -984 1130.0 0 0 1 0 1 0 -1 0 0 3002.DAT
0 STEP
1 86 40.0 -1032 1110.0 -1 0 0 0 1 0 0 0 -1 3004.DAT
0 STEP
1 86 60.0 -1032 1130.0 -1 0 0 0 1 0 0 0 -1 3010.DAT
0 STEP
1 86 30.0 -1032 1170.0 0 0 1 0 1 0 -1 0 0 3622.DAT
0 STEP
1 86 60.0 -984 1170.0 -1 0 0 0 1 0 0 0 -1 3010.DAT
0 STEP
1 86 30.0 -984 1190.0 0 0 1 0 1 0 -1 0 0 3005.DAT
0 STEP
1 86 70.0 -456 820.0 -1 0 0 0 1 0 0 0 -1 3002.DAT
0 STEP
1 86 50.0 -480 810.0 0 0 1 0 1 0 -1 0 0 3005.DAT
0 STEP
1 86 80.0 -504 820.0 -1 0 0 0 1 0 0 0 -1 3001.DAT
0 STEP
1 86 50.0 -528 810.0 0 0 1 0 1 0 -1 0 0 3005.DAT
0 STEP
1 86 50.0 -480 860.0 0 0 1 0 1 0 -1 0 0 3010.DAT
0 STEP
1 86 50.0 -528 860.0 0 0 1 0 1 0 -1 0 0 3010.DAT
0 STEP
1 86 80.0 -984 830.0 -1 0 0 0 1 0 0 0 -1 3010.DAT
0 STEP
1 86 80.0 -1008 840.0 -1 0 0 0 1 0 0 0 -1 3001.DAT
0 STEP
1 86 100.0 -1032 830.0 -1 0 0 0 1 0 0 0 -1 3009.DAT
0 STEP
1 86 50.0 -456 850.0 0 0 1 0 1 0 -1 0 0 3005.DAT
0 STEP
1 86 60.0 -504 860.0 0 0 1 0 1 0 -1 0 0 3003.DAT
0 STEP
1 86 50.0 -456 900.0 0 0 1 0 1 0 -1 0 0 3010.DAT
0 STEP
1 86 50.0 -984 920.0 0 0 1 0 1 0 -1 0 0 3009.DAT
0 STEP
1 86 80.0 -1008 880.0 -1 0 0 0 1 0 0 0 -1 3001.DAT
0 STEP
1 86 50.0 -504 890.0 0 0 1 0 1 0 -1 0 0 3005.DAT
0 STEP
1 86 80.0 -480 920.0 -1 0 0 0 1 0 0 0 -1 3001.DAT
0 STEP
1 86 50.0 -504 940.0 0 0 1 0 1 0 -1 0 0 3010.DAT
0 STEP
1 86 80.0 -528 920.0 -1 0 0 0 1 0 0 0 -1 3001.DAT
0 STEP
1 86 70.0 -1008 910.0 -1 0 0 0 1 0 0 0 -1 3622.DAT
0 STEP
1 86 50.0 -456 970.0 0 0 1 0 1 0 -1 0 0 3622.DAT
0 STEP
1 86 60.0 -480 980.0 0 0 1 0 1 0 -1 0 0 3001.DAT
0 STEP
1 86 50.0 -528 1000.0 0 0 1 0 1 0 -1 0 0 3009.DAT
0 STEP
1 86 60.0 -1008 990.0 0 0 1 0 1 0 -1 0 0 3002.DAT
0 STEP
1 86 50.0 -504 990.0 0 0 1 0 1 0 -1 0 0 3005.DAT
0 STEP
1 86 60.0 -984 990.0 -1 0 0 0 1 0 0 0 -1 3004.DAT
0 STEP
1 86 100.0 -456 1010.0 -1 0 0 0 1 0 0 0 -1 3009.DAT
0 STEP
1 86 80.0 -504 1020.0 -1 0 0 0 1 0 0 0 -1 3001.DAT
0 STEP
1 86 80.0 -984 1010.0 -1 0 0 0 1 0 0 0 -1 3010.DAT
0 STEP
1 86 60.0 -1032 1040.0 0 0 1 0 1 0 -1 0 0 3001.DAT
0 STEP
1 86 50.0 -456 1040.0 0 0 1 0 1 0 -1 0 0 3004.DAT
0 STEP
1 86 60.0 -480 1030.0 -1 0 0 0 1 0 0 0 -1 3004.DAT
0 STEP
1 86 50.0 -984 1060.0 0 0 1 0 1 0 -1 0 0 3010.DAT
0 STEP
1 86 50.0 -480 1060.0 0 0 1 0 1 0 -1 0 0 3004.DAT
0 STEP
1 86 60.0 -504 1060.0 0 0 1 0 1 0 -1 0 0 3003.DAT
0 STEP
1 86 70.0 -456 1080.0 -1 0 0 0 1 0 0 0 -1 3002.DAT
0 STEP
1 86 100.0 -528 1070.0 -1 0 0 0 1 0 0 0 -1 3009.DAT
0 STEP
1 86 120.0 -528 1090.0 -1 0 0 0 1 0 0 0 -1 3008.DAT
0 STEP
1 86 50.0 -1032 1090.0 0 0 1 0 1 0 -1 0 0 3005.DAT
0 STEP
1 86 80.0 -1032 1150.0 -1 0 0 0 1 0 0 0 -1 3010.DAT
0 STEP
1 86 100.0 -1032 1170.0 -1 0 0 0 1 0 0 0 -1 3009.DAT
0 STEP
1 86 50.0 -984 1220.0 0 0 1 0 1 0 -1 0 0 3010.DAT
0 STEP
1 86 80.0 -1032 1190.0 -1 0 0 0 1 0 0 0 -1 3010.DAT
0 STEP
1 86 50.0 -1008 1220.0 0 0 1 0 1 0 -1 0 0 3004.DAT
0 STEP
1 86 50.0 -1032 1230.0 0 0 1 0 1 0 -1 0 0 3622.DAT
0 STEP
1 86 80.0 -1008 1250.0 -1 0 0 0 1 0 0 0 -1 3010.DAT
0 STEP
1 86 100.0 -456 750.0 -1 0 0 0 1 0 0 0 -1 3010.DAT
0 STEP
1 86 70.0 -480 780.0 0 0 1 0 1 0 -1 0 0 3010.DAT
0 STEP
1 86 140.0 -504 750.0 -1 0 0 0 1 0 0 0 -1 3008.DAT
0 STEP
1 86 80.0 -528 820.0 0 0 1 0 1 0 -1 0 0 3007.DAT
0 STEP
1 86 90.0 -456 770.0 -1 0 0 0 1 0 0 0 -1 3622.DAT
0 STEP
1 86 90.0 -504 780.0 -1 0 0 0 1 0 0 0 -1 3002.DAT
0 STEP
1 86 80.0 -456 790.0 -1 0 0 0 1 0 0 0 -1 3004.DAT
0 STEP
1 86 100.0 -480 840.0 -1 0 0 0 1 0 0 0 -1 3001.DAT
0 STEP
1 86 70.0 -456 900.0 0 0 1 0 1 0 -1 0 0 3009.DAT
0 STEP
1 86 100.0 -480 880.0 -1 0 0 0 1 0 0 0 -1 3001.DAT
0 STEP
1 86 70.0 -984 870.0 0 0 1 0 1 0 -1 0 0 3005.DAT
0 STEP
1 86 70.0 -504 920.0 0 0 1 0 1 0 -1 0 0 3010.DAT
0 STEP
1 86 100.0 -984 890.0 -1 0 0 0 1 0 0 0 -1 3010.DAT
0 STEP
1 86 70.0 -984 940.0 0 0 1 0 1 0 -1 0 0 3010.DAT
0 STEP
1 86 80.0 -528 980.0 0 0 1 0 1 0 -1 0 0 3001.DAT
0 STEP
1 86 120.0 -456 980.0 -1 0 0 0 1 0 0 0 -1 2456.DAT
0 STEP
1 86 120.0 -504 980.0 -1 0 0 0 1 0 0 0 -1 2456.DAT
0 STEP
1 86 70.0 -1032 970.0 0 0 1 0 1 0 -1 0 0 3005.DAT
0 STEP
1 86 100.0 -1032 990.0 -1 0 0 0 1 0 0 0 -1 3010.DAT
0 STEP
1 86 120.0 -456 1030.0 -1 0 0 0 1 0 0 0 -1 3009.DAT
0 STEP
1 86 70.0 -528 1030.0 0 0 1 0 1 0 -1 0 0 3005.DAT
0 STEP
1 86 80.0 -984 1050.0 0 0 1 0 1 0 -1 0 0 3002.DAT
0 STEP
1 86 80.0 -456 1050.0 -1 0 0 0 1 0 0 0 -1 3004.DAT
0 STEP
1 86 70.0 -480 1100.0 0 0 1 0 1 0 -1 0 0 3009.DAT
0 STEP
1 86 100.0 -528 1050.0 -1 0 0 0 1 0 0 0 -1 3010.DAT
0 STEP
1 86 70.0 -504 1100.0 0 0 1 0 1 0 -1 0 0 3004.DAT
0 STEP
1 86 80.0 -984 1120.0 0 0 1 0 1 0 -1 0 0 3001.DAT
0 STEP
1 86 100.0 -1008 1090.0 -1 0 0 0 1 0 0 0 -1 3010.DAT
0 STEP
1 86 70.0 -1032 1100.0 0 0 1 0 1 0 -1 0 0 3004.DAT
0 STEP
1 86 80.0 -456 1120.0 0 0 1 0 1 0 -1 0 0 3003.DAT
0 STEP
1 86 70.0 -528 1130.0 0 0 1 0 1 0 -1 0 0 3622.DAT
0 STEP
1 86 100.0 -1008 1120.0 -1 0 0 0 1 0 0 0 -1 3001.DAT
0 STEP
1 86 100.0 -504 1140.0 -1 0 0 0 1 0 0 0 -1 3001.DAT
0 STEP
1 86 70.0 -456 1150.0 0 0 1 0 1 0 -1 0 0 3005.DAT
0 STEP
1 86 100.0 -1008 1150.0 -1 0 0 0 1 0 0 0 -1 3010.DAT
0 STEP
1 86 70.0 -1008 1200.0 0 0 1 0 1 0 -1 0 0 3010.DAT
0 STEP
1 86 90.0 -984 1190.0 -1 0 0 0 1 0 0 0 -1 3622.DAT
0 STEP
1 86 100.0 -984 1210.0 -1 0 0 0 1 0 0 0 -1 3010.DAT
0 STEP
1 86 70.0 -1032 1240.0 0 0 1 0 1 0 -1 0 0 3010.DAT
0 STEP
1 86 70.0 -984 1260.0 0 0 1 0 1 0 -1 0 0 3010.DAT
0 STEP
1 86 100.0 -1008 1280.0 -1 0 0 0 1 0 0 0 -1 3001.DAT
0 STEP
1 86 70.0 -1032 1290.0 0 0 1 0 1 0 -1 0 0 3005.DAT
0 STEP
1 86 100.0 -480 780.0 0 0 1 0 1 0 -1 0 0 3001.DAT
0 STEP
1 86 90.0 -456 850.0 0 0 1 0 1 0 -1 0 0 3005.DAT
0 STEP
1 86 100.0 -504 900.0 0 0 1 0 1 0 -1 0 0 2456.DAT
0 STEP
1 86 90.0 -456 900.0 0 0 1 0 1 0 -1 0 0 3010.DAT
0 STEP
1 86 120.0 -984 870.0 -1 0 0 0 1 0 0 0 -1 3010.DAT
0 STEP
1 86 140.0 -984 910.0 -1 0 0 0 1 0 0 0 -1 3009.DAT
0 STEP
1 86 120.0 -1032 910.0 -1 0 0 0 1 0 0 0 -1 3010.DAT
0 STEP
1 86 100.0 -984 960.0 0 0 1 0 1 0 -1 0 0 3001.DAT
0 STEP
1 86 120.0 -1032 940.0 -1 0 0 0 1 0 0 0 -1 3001.DAT
0 STEP
1 86 90.0 -456 950.0 0 0 1 0 1 0 -1 0 0 3005.DAT
0 STEP
1 86 100.0 -480 1000.0 0 0 1 0 1 0 -1 0 0 2456.DAT
0 STEP
1 86 90.0 -1008 1000.0 0 0 1 0 1 0 -1 0 0 3010.DAT
0 STEP
1 86 120.0 -1032 970.0 -1 0 0 0 1 0 0 0 -1 3010.DAT
0 STEP
1 86 100.0 -1032 1060.0 0 0 1 0 1 0 -1 0 0 2456.DAT
0 STEP
1 86 120.0 -528 1030.0 -1 0 0 0 1 0 0 0 -1 3010.DAT
0 STEP
1 86 100.0 -504 1080.0 0 0 1 0 1 0 -1 0 0 3001.DAT
0 STEP
1 86 110.0 -480 1070.0 -1 0 0 0 1 0 0 0 -1 3622.DAT
0 STEP
1 86 90.0 -480 1140.0 0 0 1 0 1 0 -1 0 0 3009.DAT
0 STEP
1 86 90.0 -528 1140.0 0 0 1 0 1 0 -1 0 0 3010.DAT
0 STEP
1 86 90.0 -456 1180.0 0 0 1 0 1 0 -1 0 0 3010.DAT
0 STEP
1 86 120.0 -504 1180.0 -1 0 0 0 1 0 0 0 -1 3001.DAT
0 STEP
1 86 100.0 -1008 1200.0 0 0 1 0 1 0 -1 0 0 3001.DAT
0 STEP
1 86 90.0 -528 1190.0 0 0 1 0 1 0 -1 0 0 3005.DAT
0 STEP
1 86 140.0 -528 1210.0 -1 0 0 0 1 0 0 0 -1 3009.DAT
0 STEP
1 86 100.0 -1032 1220.0 0 0 1 0 1 0 -1 0 0 3003.DAT
0 STEP
1 86 120.0 -984 1240.0 -1 0 0 0 1 0 0 0 -1 3001.DAT
0 STEP
1 86 120.0 -1032 1250.0 -1 0 0 0 1 0 0 0 -1 3010.DAT
0 STEP
1 86 90.0 -984 1300.0 0 0 1 0 1 0 -1 0 0 3010.DAT
0 STEP
1 86 90.0 -1032 1300.0 0 0 1 0 1 0 -1 0 0 3010.DAT
0 STEP
1 86 120.0 -1008 1320.0 -1 0 0 0 1 0 0 0 -1 3001.DAT
0 STEP
1 86 110.0 -528 820.0 0 0 1 0 1 0 -1 0 0 3008.DAT
0 STEP
1 86 110.0 -456 820.0 0 0 1 0 1 0 -1 0 0 3010.DAT
0 STEP
1 86 110.0 -984 850.0 0 0 1 0 1 0 -1 0 0 3005.DAT
0 STEP
1 86 130.0 -1032 860.0 -1 0 0 0 1 0 0 0 -1 3002.DAT
0 STEP
1 86 140.0 -456 870.0 -1 0 0 0 1 0 0 0 -1 3010.DAT
0 STEP
1 86 110.0 -456 920.0 0 0 1 0 1 0 -1 0 0 3010.DAT
0 STEP
1 86 110.0 -1008 960.0 0 0 1 0 1 0 -1 0 0 3009.DAT
0 STEP
1 86 110.0 -528 970.0 0 0 1 0 1 0 -1 0 0 3622.DAT
0 STEP
1 86 130.0 -528 1010.0 -1 0 0 0 1 0 0 0 -1 3622.DAT
0 STEP
1 86 110.0 -984 1100.0 0 0 1 0 1 0 -1 0 0 3008.DAT
0 STEP
1 86 180.0 -1008 1030.0 -1 0 0 0 1 0 0 0 -1 3008.DAT
0 STEP
1 86 110.0 -456 1120.0 0 0 1 0 1 0 -1 0 0 3008.DAT
0 STEP
1 86 120.0 -480 1120.0 0 0 1 0 1 0 -1 0 0 3001.DAT
0 STEP
1 86 180.0 -528 1110.0 -1 0 0 0 1 0 0 0 -1 3008.DAT
0 STEP
1 86 110.0 -528 1140.0 0 0 1 0 1 0 -1 0 0 3004.DAT
0 STEP
1 86 110.0 -1032 1130.0 0 0 1 0 1 0 -1 0 0 3005.DAT
0 STEP
1 86 140.0 -480 1170.0 -1 0 0 0 1 0 0 0 -1 3010.DAT
0 STEP
1 86 140.0 -528 1180.0 -1 0 0 0 1 0 0 0 -1 3001.DAT
0 STEP
1 86 110.0 -480 1210.0 0 0 1 0 1 0 -1 0 0 3622.DAT
0 STEP
1 86 110.0 -456 1210.0 0 0 1 0 1 0 -1 0 0 3005.DAT
0 STEP
1 86 110.0 -504 1220.0 0 0 1 0 1 0 -1 0 0 3004.DAT
0 STEP
1 86 120.0 -456 1240.0 0 0 1 0 1 0 -1 0 0 3003.DAT
0 STEP
1 86 180.0 -528 1240.0 -1 0 0 0 1 0 0 0 -1 3007.DAT
0 STEP
1 86 110.0 -984 1270.0 0 0 1 0 1 0 -1 0 0 3005.DAT
0 STEP
1 86 110.0 -1032 1270.0 0 0 1 0 1 0 -1 0 0 3005.DAT
0 STEP
1 86 110.0 -984 1320.0 0 0 1 0 1 0 -1 0 0 3010.DAT
0 STEP
1 86 110.0 -1032 1320.0 0 0 1 0 1 0 -1 0 0 3010.DAT
0 STEP
1 86 130.0 -1008 1350.0 -1 0 0 0 1 0 0 0 -1 3622.DAT
0 STEP
1 86 180.0 -480 760.0 -1 0 0 0 1 0 0 0 -1 2456.DAT
0 STEP
1 86 130.0 -528 800.0 0 0 1 0 1 0 -1 0 0 3009.DAT
0 STEP
1 86 130.0 -456 800.0 0 0 1 0 1 0 -1 0 0 3010.DAT
0 STEP
1 86 140.0 -504 800.0 0 0 1 0 1 0 -1 0 0 3001.DAT
0 STEP
1 86 160.0 -480 790.0 -1 0 0 0 1 0 0 0 -1 3010.DAT
0 STEP
1 86 150.0 -480 810.0 -1 0 0 0 1 0 0 0 -1 3622.DAT
0 STEP
1 86 130.0 -984 840.0 0 0 1 0 1 0 -1 0 0 3004.DAT
0 STEP
1 86 140.0 -1008 830.0 -1 0 0 0 1 0 0 0 -1 3004.DAT
0 STEP
1 86 150.0 -456 850.0 -1 0 0 0 1 0 0 0 -1 3622.DAT
0 STEP
1 86 180.0 -504 860.0 -1 0 0 0 1 0 0 0 -1 2456.DAT
0 STEP
1 86 130.0 -1008 880.0 0 0 1 0 1 0 -1 0 0 3010.DAT
0 STEP
1 86 130.0 -528 920.0 0 0 1 0 1 0 -1 0 0 3009.DAT
0 STEP
1 86 150.0 -456 890.0 -1 0 0 0 1 0 0 0 -1 3622.DAT
0 STEP
1 86 140.0 -504 900.0 0 0 1 0 1 0 -1 0 0 3003.DAT
0 STEP
1 86 150.0 -456 920.0 -1 0 0 0 1 0 0 0 -1 3002.DAT
0 STEP
1 86 130.0 -480 980.0 0 0 1 0 1 0 -1 0 0 3008.DAT
0 STEP
1 86 160.0 -504 930.0 -1 0 0 0 1 0 0 0 -1 3010.DAT
0 STEP
1 86 140.0 -984 940.0 0 0 1 0 1 0 -1 0 0 3003.DAT
0 STEP
1 86 130.0 -1008 930.0 0 0 1 0 1 0 -1 0 0 3005.DAT
0 STEP
1 86 150.0 -456 950.0 -1 0 0 0 1 0 0 0 -1 3622.DAT
0 STEP
1 86 150.0 -504 950.0 -1 0 0 0 1 0 0 0 -1 3622.DAT
0 STEP
1 86 130.0 -1008 980.0 0 0 1 0 1 0 -1 0 0 3010.DAT
0 STEP
1 86 130.0 -984 970.0 0 0 1 0 1 0 -1 0 0 3005.DAT
0 STEP
1 86 140.0 -528 990.0 -1 0 0 0 1 0 0 0 -1 3004.DAT
0 STEP
1 86 130.0 -984 1020.0 0 0 1 0 1 0 -1 0 0 3010.DAT
0 STEP
1 86 150.0 -504 1010.0 -1 0 0 0 1 0 0 0 -1 3622.DAT
0 STEP
1 86 140.0 -1032 1010.0 -1 0 0 0 1 0 0 0 -1 3004.DAT
0 STEP
1 86 130.0 -504 1060.0 0 0 1 0 1 0 -1 0 0 3010.DAT
0 STEP
1 86 130.0 -1032 1060.0 0 0 1 0 1 0 -1 0 0 3010.DAT
0 STEP
1 86 130.0 -456 1080.0 0 0 1 0 1 0 -1 0 0 3010.DAT
0 STEP
1 86 160.0 -984 1070.0 -1 0 0 0 1 0 0 0 -1 3010.DAT
0 STEP
1 86 130.0 -1008 1070.0 0 0 1 0 1 0 -1 0 0 3005.DAT
0 STEP
1 86 160.0 -984 1100.0 -1 0 0 0 1 0 0 0 -1 3001.DAT
0 STEP
1 86 130.0 -504 1110.0 0 0 1 0 1 0 -1 0 0 3005.DAT
0 STEP
1 86 130.0 -1032 1130.0 0 0 1 0 1 0 -1 0 0 3622.DAT
0 STEP
1 86 130.0 -456 1130.0 0 0 1 0 1 0 -1 0 0 3005.DAT
0 STEP
1 86 130.0 -528 1130.0 0 0 1 0 1 0 -1 0 0 3005.DAT
0 STEP
1 86 140.0 -984 1160.0 0 0 1 0 1 0 -1 0 0 3001.DAT
0 STEP
1 86 130.0 -456 1180.0 0 0 1 0 1 0 -1 0 0 3010.DAT
0 STEP
1 86 160.0 -528 1150.0 -1 0 0 0 1 0 0 0 -1 3010.DAT
0 STEP
1 86 160.0 -1008 1170.0 -1 0 0 0 1 0 0 0 -1 3010.DAT
0 STEP
1 86 150.0 -480 1190.0 -1 0 0 0 1 0 0 0 -1 3622.DAT
0 STEP
1 86 130.0 -1008 1190.0 0 0 1 0 1 0 -1 0 0 3005.DAT
0 STEP
1 86 140.0 -1032 1210.0 0 0 1 0 1 0 -1 0 0 3002.DAT
0 STEP
1 86 160.0 -480 1220.0 -1 0 0 0 1 0 0 0 -1 3001.DAT
0 STEP
1 86 140.0 -504 1240.0 0 0 1 0 1 0 -1 0 0 3001.DAT
0 STEP
1 86 160.0 -1008 1210.0 -1 0 0 0 1 0 0 0 -1 3010.DAT
0 STEP
1 86 130.0 -1008 1240.0 0 0 1 0 1 0 -1 0 0 3004.DAT
0 STEP
1 86 160.0 -480 1260.0 -1 0 0 0 1 0 0 0 -1 3001.DAT
0 STEP
1 86 130.0 -456 1270.0 0 0 1 0 1 0 -1 0 0 3005.DAT
0 STEP
1 86 130.0 -528 1270.0 0 0 1 0 1 0 -1 0 0 3005.DAT
0 STEP
1 86 160.0 -984 1270.0 -1 0 0 0 1 0 0 0 -1 3010.DAT
0 STEP
1 86 140.0 -1032 1280.0 0 0 1 0 1 0 -1 0 0 3003.DAT
0 STEP
1 86 140.0 -984 1320.0 0 0 1 0 1 0 -1 0 0 3001.DAT
0 STEP
1 86 130.0 -1032 1330.0 0 0 1 0 1 0 -1 0 0 3622.DAT
0 STEP
1 86 160.0 -456 780.0 0 0 1 0 1 0 -1 0 0 3001.DAT
0 STEP
1 86 200.0 -528 760.0 -1 0 0 0 1 0 0 0 -1 2456.DAT
0 STEP
1 86 170.0 -528 790.0 -1 0 0 0 1 0 0 0 -1 3622.DAT
0 STEP
1 86 170.0 -528 820.0 -1 0 0 0 1 0 0 0 -1 3002.DAT
0 STEP
1 86 180.0 -456 830.0 -1 0 0 0 1 0 0 0 -1 3010.DAT
0 STEP
1 86 150.0 -480 860.0 0 0 1 0 1 0 -1 0 0 3010.DAT
0 STEP
1 86 180.0 -984 830.0 -1 0 0 0 1 0 0 0 -1 3010.DAT
0 STEP
1 86 170.0 -528 850.0 -1 0 0 0 1 0 0 0 -1 3622.DAT
0 STEP
1 86 150.0 -984 850.0 0 0 1 0 1 0 -1 0 0 3005.DAT
0 STEP
1 86 150.0 -1008 850.0 0 0 1 0 1 0 -1 0 0 3005.DAT
0 STEP
1 86 150.0 -528 900.0 0 0 1 0 1 0 -1 0 0 3010.DAT
0 STEP
1 86 150.0 -1008 920.0 0 0 1 0 1 0 -1 0 0 3009.DAT
0 STEP
1 86 150.0 -984 890.0 0 0 1 0 1 0 -1 0 0 3005.DAT
0 STEP
1 86 150.0 -1032 890.0 0 0 1 0 1 0 -1 0 0 3005.DAT
0 STEP
1 86 150.0 -480 910.0 0 0 1 0 1 0 -1 0 0 3005.DAT
0 STEP
1 86 170.0 -480 940.0 -1 0 0 0 1 0 0 0 -1 3002.DAT
0 STEP
1 86 150.0 -528 950.0 0 0 1 0 1 0 -1 0 0 3005.DAT
0 STEP
1 86 150.0 -480 1040.0 0 0 1 0 1 0 -1 0 0 3008.DAT
0 STEP
1 86 180.0 -528 970.0 -1 0 0 0 1 0 0 0 -1 3010.DAT
0 STEP
1 86 150.0 -984 1000.0 0 0 1 0 1 0 -1 0 0 3010.DAT
0 STEP
1 86 200.0 -1008 990.0 -1 0 0 0 1 0 0 0 -1 3009.DAT
0 STEP
1 86 150.0 -1032 990.0 0 0 1 0 1 0 -1 0 0 3005.DAT
0 STEP
1 86 150.0 -1008 1010.0 0 0 1 0 1 0 -1 0 0 3005.DAT
0 STEP
1 86 220.0 -504 1030.0 -1 0 0 0 1 0 0 0 -1 3008.DAT
0 STEP
1 86 150.0 -1032 1030.0 0 0 1 0 1 0 -1 0 0 3005.DAT
0 STEP
1 86 200.0 -456 1050.0 -1 0 0 0 1 0 0 0 -1 3009.DAT
0 STEP
1 86 170.0 -504 1060.0 -1 0 0 0 1 0 0 0 -1 3002.DAT
0 STEP
1 86 150.0 -528 1050.0 0 0 1 0 1 0 -1 0 0 3005.DAT
0 STEP
1 86 160.0 -984 1050.0 -1 0 0 0 1 0 0 0 -1 3004.DAT
0 STEP
1 86 180.0 -1032 1050.0 -1 0 0 0 1 0 0 0 -1 3010.DAT
0 STEP
1 86 150.0 -456 1140.0 0 0 1 0 1 0 -1 0 0 3008.DAT
0 STEP
1 86 150.0 -1008 1090.0 0 0 1 0 1 0 -1 0 0 3622.DAT
0 STEP
1 86 200.0 -1032 1070.0 -1 0 0 0 1 0 0 0 -1 3009.DAT
0 STEP
1 86 150.0 -504 1120.0 0 0 1 0 1 0 -1 0 0 3010.DAT
0 STEP
1 86 150.0 -1032 1120.0 0 0 1 0 1 0 -1 0 0 3010.DAT
0 STEP
1 86 160.0 -480 1140.0 0 0 1 0 1 0 -1 0 0 3003.DAT
0 STEP
1 86 220.0 -528 1130.0 -1 0 0 0 1 0 0 0 -1 3008.DAT
0 STEP
1 86 180.0 -1008 1130.0 -1 0 0 0 1 0 0 0 -1 3010.DAT
0 STEP
1 86 150.0 -1008 1150.0 0 0 1 0 1 0 -1 0 0 3005.DAT
0 STEP
1 86 180.0 -1008 1190.0 -1 0 0 0 1 0 0 0 -1 3010.DAT
0 STEP
1 86 150.0 -984 1210.0 0 0 1 0 1 0 -1 0 0 3005.DAT
0 STEP
1 86 150.0 -456 1250.0 0 0 1 0 1 0 -1 0 0 3622.DAT
0 STEP
1 86 180.0 -1008 1230.0 -1 0 0 0 1 0 0 0 -1 3010.DAT
0 STEP
1 86 150.0 -1008 1270.0 0 0 1 0 1 0 -1 0 0 3622.DAT
0 STEP
1 86 200.0 -528 1270.0 -1 0 0 0 1 0 0 0 -1 3009.DAT
0 STEP
1 86 160.0 -1032 1310.0 -1 0 0 0 1 0 0 0 -1 3004.DAT
0 STEP
1 86 180.0 -1032 1330.0 -1 0 0 0 1 0 0 0 -1 3010.DAT
0 STEP
1 86 220.0 -1032 1350.0 -1 0 0 0 1 0 0 0 -1 3008.DAT
0 STEP
1 86 170.0 -504 800.0 0 0 1 0 1 0 -1 0 0 3010.DAT
0 STEP
1 86 170.0 -480 830.0 0 0 1 0 1 0 -1 0 0 3005.DAT
0 STEP
1 86 200.0 -1008 840.0 -1 0 0 0 1 0 0 0 -1 3001.DAT
0 STEP
1 86 170.0 -1032 850.0 0 0 1 0 1 0 -1 0 0 3622.DAT
0 STEP
1 86 170.0 -480 880.0 0 0 1 0 1 0 -1 0 0 3010.DAT
0 STEP
1 86 180.0 -984 870.0 0 0 1 0 1 0 -1 0 0 3002.DAT
0 STEP
1 86 170.0 -528 870.0 0 0 1 0 1 0 -1 0 0 3005.DAT
0 STEP
1 86 180.0 -1008 900.0 0 0 1 0 1 0 -1 0 0 3001.DAT
0 STEP
1 86 200.0 -504 890.0 -1 0 0 0 1 0 0 0 -1 3010.DAT
0 STEP
1 86 170.0 -528 920.0 0 0 1 0 1 0 -1 0 0 3010.DAT
0 STEP
1 86 170.0 -1032 960.0 0 0 1 0 1 0 -1 0 0 3008.DAT
0 STEP
1 86 170.0 -504 910.0 0 0 1 0 1 0 -1 0 0 3005.DAT
0 STEP
1 86 170.0 -984 980.0 0 0 1 0 1 0 -1 0 0 3009.DAT
0 STEP
1 86 200.0 -1008 960.0 -1 0 0 0 1 0 0 0 -1 3001.DAT
0 STEP
1 86 220.0 -480 970.0 -1 0 0 0 1 0 0 0 -1 3009.DAT
0 STEP
1 86 180.0 -480 1040.0 0 0 1 0 1 0 -1 0 0 2456.DAT
0 STEP
1 86 170.0 -528 1020.0 0 0 1 0 1 0 -1 0 0 3010.DAT
0 STEP
1 86 170.0 -456 1010.0 0 0 1 0 1 0 -1 0 0 3005.DAT
0 STEP
1 86 200.0 -1008 1010.0 -1 0 0 0 1 0 0 0 -1 3010.DAT
0 STEP
1 86 170.0 -1008 1080.0 0 0 1 0 1 0 -1 0 0 3010.DAT
0 STEP
1 86 190.0 -456 1080.0 -1 0 0 0 1 0 0 0 -1 3002.DAT
0 STEP
1 86 170.0 -528 1070.0 0 0 1 0 1 0 -1 0 0 3005.DAT
0 STEP
1 86 170.0 -504 1090.0 0 0 1 0 1 0 -1 0 0 3005.DAT
0 STEP
1 86 180.0 -1032 1090.0 -1 0 0 0 1 0 0 0 -1 3004.DAT
0 STEP
1 86 170.0 -456 1140.0 0 0 1 0 1 0 -1 0 0 3010.DAT
0 STEP
1 86 240.0 -480 1110.0 -1 0 0 0 1 0 0 0 -1 3008.DAT
0 STEP
1 86 170.0 -504 1140.0 0 0 1 0 1 0 -1 0 0 3010.DAT
0 STEP
1 86 180.0 -1032 1140.0 0 0 1 0 1 0 -1 0 0 3001.DAT
0 STEP
1 86 170.0 -984 1180.0 0 0 1 0 1 0 -1 0 0 3009.DAT
0 STEP
1 86 200.0 -1008 1150.0 -1 0 0 0 1 0 0 0 -1 3010.DAT
0 STEP
1 86 240.0 -456 1190.0 -1 0 0 0 1 0 0 0 -1 3008.DAT
0 STEP
1 86 200.0 -504 1190.0 -1 0 0 0 1 0 0 0 -1 3010.DAT
0 STEP
1 86 170.0 -1032 1240.0 0 0 1 0 1 0 -1 0 0 3009.DAT
0 STEP
1 86 170.0 -456 1240.0 0 0 1 0 1 0 -1 0 0 3010.DAT
0 STEP
1 86 170.0 -504 1240.0 0 0 1 0 1 0 -1 0 0 3010.DAT
0 STEP
1 86 170.0 -984 1250.0 0 0 1 0 1 0 -1 0 0 3005.DAT
0 STEP
1 86 200.0 -1008 1260.0 -1 0 0 0 1 0 0 0 -1 3001.DAT
0 STEP
1 86 180.0 -984 1300.0 0 0 1 0 1 0 -1 0 0 3003.DAT
0 STEP
1 86 170.0 -1008 1320.0 0 0 1 0 1 0 -1 0 0 3010.DAT
0 STEP
1 86 220.0 -984 1330.0 -1 0 0 0 1 0 0 0 -1 3009.DAT
0 STEP
1 86 170.0 -984 1350.0 0 0 1 0 1 0 -1 0 0 3005.DAT
0 STEP
1 86 240.0 -456 750.0 -1 0 0 0 1 0 0 0 -1 3009.DAT
0 STEP
1 86 220.0 -456 780.0 -1 0 0 0 1 0 0 0 -1 3001.DAT
0 STEP
1 86 200.0 -504 790.0 0 0 1 0 1 0 -1 0 0 3002.DAT
0 STEP
1 86 190.0 -456 810.0 0 0 1 0 1 0 -1 0 0 3005.DAT
0 STEP
1 86 190.0 -480 860.0 0 0 1 0 1 0 -1 0 0 3009.DAT
0 STEP
1 86 220.0 -504 830.0 -1 0 0 0 1 0 0 0 -1 3010.DAT
0 STEP
1 86 240.0 -1032 830.0 -1 0 0 0 1 0 0 0 -1 3009.DAT
0 STEP
1 86 190.0 -456 920.0 0 0 1 0 1 0 -1 0 0 3008.DAT
0 STEP
1 86 190.0 -1032 850.0 0 0 1 0 1 0 -1 0 0 3005.DAT
0 STEP
1 86 200.0 -528 900.0 0 0 1 0 1 0 -1 0 0 3001.DAT
0 STEP
1 86 220.0 -1032 880.0 -1 0 0 0 1 0 0 0 -1 3001.DAT
0 STEP
1 86 220.0 -504 910.0 -1 0 0 0 1 0 0 0 -1 3010.DAT
0 STEP
1 86 190.0 -1032 910.0 0 0 1 0 1 0 -1 0 0 3005.DAT
0 STEP
1 86 190.0 -984 950.0 0 0 1 0 1 0 -1 0 0 3622.DAT
0 STEP
1 86 190.0 -1032 980.0 0 0 1 0 1 0 -1 0 0 3009.DAT
0 STEP
1 86 190.0 -504 980.0 0 0 1 0 1 0 -1 0 0 3010.DAT
0 STEP
1 86 210.0 -528 950.0 -1 0 0 0 1 0 0 0 -1 3622.DAT
0 STEP
1 86 200.0 -528 990.0 -1 0 0 0 1 0 0 0 -1 3004.DAT
0 STEP
1 86 190.0 -984 1020.0 0 0 1 0 1 0 -1 0 0 3010.DAT
0 STEP
1 86 220.0 -456 1020.0 -1 0 0 0 1 0 0 0 -1 3001.DAT
0 STEP
1 86 260.0 -528 1010.0 -1 0 0 0 1 0 0 0 -1 3008.DAT
0 STEP
1 86 200.0 -528 1050.0 0 0 1 0 1 0 -1 0 0 3002.DAT
0 STEP
1 86 210.0 -1008 1060.0 -1 0 0 0 1 0 0 0 -1 3002.DAT
0 STEP
1 86 190.0 -504 1120.0 0 0 1 0 1 0 -1 0 0 3010.DAT
0 STEP
1 86 210.0 -1008 1100.0 -1 0 0 0 1 0 0 0 -1 3002.DAT
0 STEP
1 86 200.0 -456 1140.0 0 0 1 0 1 0 -1 0 0 3001.DAT
0 STEP
1 86 190.0 -480 1160.0 0 0 1 0 1 0 -1 0 0 3010.DAT
0 STEP
1 86 220.0 -984 1130.0 -1 0 0 0 1 0 0 0 -1 3010.DAT
0 STEP
1 86 200.0 -984 1160.0 0 0 1 0 1 0 -1 0 0 3003.DAT
0 STEP
1 86 210.0 -504 1170.0 -1 0 0 0 1 0 0 0 -1 3622.DAT
0 STEP
1 86 190.0 -528 1180.0 0 0 1 0 1 0 -1 0 0 3004.DAT
0 STEP
1 86 190.0 -984 1220.0 0 0 1 0 1 0 -1 0 0 3010.DAT
0 STEP
1 86 240.0 -1032 1190.0 -1 0 0 0 1 0 0 0 -1 3009.DAT
0 STEP
1 86 220.0 -456 1220.0 -1 0 0 0 1 0 0 0 -1 3001.DAT
0 STEP
1 86 200.0 -504 1240.0 0 0 1 0 1 0 -1 0 0 3001.DAT
0 STEP
1 86 190.0 -1032 1220.0 0 0 1 0 1 0 -1 0 0 3004.DAT
0 STEP
1 86 220.0 -456 1260.0 -1 0 0 0 1 0 0 0 -1 3001.DAT
0 STEP
1 86 200.0 -1032 1280.0 0 0 1 0 1 0 -1 0 0 3001.DAT
0 STEP
1 86 220.0 -1008 1290.0 -1 0 0 0 1 0 0 0 -1 3010.DAT
0 STEP
1 86 190.0 -1008 1330.0 0 0 1 0 1 0 -1 0 0 3622.DAT
0 STEP
1 86 260.0 -984 1350.0 -1 0 0 0 1 0 0 0 -1 3008.DAT
0 STEP
1 86 210.0 -480 820.0 0 0 1 0 1 0 -1 0 0 3010.DAT
0 STEP
1 86 220.0 -528 820.0 0 0 1 0 1 0 -1 0 0 3001.DAT
0 STEP
1 86 240.0 -456 810.0 -1 0 0 0 1 0 0 0 -1 3010.DAT
0 STEP
1 86 210.0 -456 880.0 0 0 1 0 1 0 -1 0 0 3010.DAT
0 STEP
1 86 210.0 -984 920.0 0 0 1 0 1 0 -1 0 0 3008.DAT
0 STEP
1 86 240.0 -1032 850.0 -1 0 0 0 1 0 0 0 -1 3010.DAT
0 STEP
1 86 210.0 -480 870.0 0 0 1 0 1 0 -1 0 0 3005.DAT
0 STEP
1 86 220.0 -1008 890.0 0 0 1 0 1 0 -1 0 0 3002.DAT
0 STEP
1 86 210.0 -480 920.0 0 0 1 0 1 0 -1 0 0 3010.DAT
0 STEP
1 86 210.0 -1032 960.0 0 0 1 0 1 0 -1 0 0 3009.DAT
0 STEP
1 86 220.0 -456 960.0 0 0 1 0 1 0 -1 0 0 3001.DAT
0 STEP
1 86 220.0 -504 960.0 0 0 1 0 1 0 -1 0 0 3001.DAT
0 STEP
1 86 260.0 -1008 930.0 -1 0 0 0 1 0 0 0 -1 3009.DAT
0 STEP
1 86 210.0 -480 1020.0 0 0 1 0 1 0 -1 0 0 3010.DAT
0 STEP
1 86 240.0 -504 1010.0 -1 0 0 0 1 0 0 0 -1 3010.DAT
0 STEP
1 86 210.0 -984 1060.0 0 0 1 0 1 0 -1 0 0 3009.DAT
0 STEP
1 86 210.0 -1032 1030.0 0 0 1 0 1 0 -1 0 0 3005.DAT
0 STEP
1 86 210.0 -504 1100.0 0 0 1 0 1 0 -1 0 0 3009.DAT
0 STEP
1 86 240.0 -480 1080.0 -1 0 0 0 1 0 0 0 -1 3001.DAT
0 STEP
1 86 280.0 -528 1090.0 -1 0 0 0 1 0 0 0 -1 3008.DAT
0 STEP
1 86 210.0 -1032 1120.0 0 0 1 0 1 0 -1 0 0 3010.DAT
0 STEP
1 86 230.0 -480 1140.0 -1 0 0 0 1 0 0 0 -1 3002.DAT
0 STEP
1 86 220.0 -528 1180.0 0 0 1 0 1 0 -1 0 0 3001.DAT
0 STEP
1 86 220.0 -480 1200.0 0 0 1 0 1 0 -1 0 0 3001.DAT
0 STEP
1 86 210.0 -1008 1170.0 0 0 1 0 1 0 -1 0 0 3005.DAT
0 STEP
1 86 280.0 -1032 1170.0 -1 0 0 0 1 0 0 0 -1 3008.DAT
0 STEP
1 86 210.0 -984 1200.0 0 0 1 0 1 0 -1 0 0 3004.DAT
0 STEP
1 86 210.0 -1008 1210.0 0 0 1 0 1 0 -1 0 0 3005.DAT
0 STEP
1 86 240.0 -1032 1220.0 -1 0 0 0 1 0 0 0 -1 3001.DAT
0 STEP
1 86 220.0 -984 1230.0 -1 0 0 0 1 0 0 0 -1 3004.DAT
0 STEP
1 86 230.0 -480 1250.0 -1 0 0 0 1 0 0 0 -1 3622.DAT
0 STEP
1 86 210.0 -984 1280.0 0 0 1 0 1 0 -1 0 0 3010.DAT
0 STEP
1 86 260.0 -480 1270.0 -1 0 0 0 1 0 0 0 -1 3009.DAT
0 STEP
1 86 220.0 -1008 1330.0 0 0 1 0 1 0 -1 0 0 3002.DAT
0 STEP
1 86 230.0 -504 780.0 0 0 1 0 1 0 -1 0 0 3010.DAT
0 STEP
1 86 230.0 -480 860.0 0 0 1 0 1 0 -1 0 0 3008.DAT
0 STEP
1 86 240.0 -456 840.0 0 0 1 0 1 0 -1 0 0 3003.DAT
0 STEP
1 86 240.0 -984 840.0 0 0 1 0 1 0 -1 0 0 3003.DAT
0 STEP
1 86 260.0 -456 870.0 -1 0 0 0 1 0 0 0 -1 3010.DAT
0 STEP
1 86 230.0 -528 900.0 0 0 1 0 1 0 -1 0 0 3010.DAT
0 STEP
1 86 260.0 -984 880.0 -1 0 0 0 1 0 0 0 -1 3001.DAT
0 STEP
1 86 230.0 -456 900.0 0 0 1 0 1 0 -1 0 0 3004.DAT
0 STEP
1 86 240.0 -984 1000.0 0 0 1 0 1 0 -1 0 0 3006.DAT
0 STEP
1 86 240.0 -1032 920.0 0 0 1 0 1 0 -1 0 0 3003.DAT
0 STEP
1 86 230.0 -480 950.0 0 0 1 0 1 0 -1 0 0 3005.DAT
0 STEP
1 86 280.0 -1032 960.0 -1 0 0 0 1 0 0 0 -1 2456.DAT
0 STEP
1 86 260.0 -528 980.0 -1 0 0 0 1 0 0 0 -1 3001.DAT
0 STEP
1 86 260.0 -480 990.0 -1 0 0 0 1 0 0 0 -1 3010.DAT
0 STEP
1 86 240.0 -1032 1020.0 0 0 1 0 1 0 -1 0 0 3001.DAT
0 STEP
1 86 230.0 -480 1030.0 0 0 1 0 1 0 -1 0 0 3622.DAT
0 STEP
1 86 240.0 -528 1050.0 0 0 1 0 1 0 -1 0 0 3002.DAT
0 STEP
1 86 260.0 -504 1060.0 -1 0 0 0 1 0 0 0 -1 3001.DAT
0 STEP
1 86 240.0 -456 1100.0 0 0 1 0 1 0 -1 0 0 3001.DAT
0 STEP
1 86 230.0 -504 1120.0 0 0 1 0 1 0 -1 0 0 3010.DAT
0 STEP
1 86 260.0 -1032 1100.0 -1 0 0 0 1 0 0 0 -1 3001.DAT
0 STEP
1 86 240.0 -984 1110.0 -1 0 0 0 1 0 0 0 -1 3004.DAT
0 STEP
1 86 230.0 -1008 1130.0 0 0 1 0 1 0 -1 0 0 3005.DAT
0 STEP
1 86 260.0 -1032 1130.0 -1 0 0 0 1 0 0 0 -1 3010.DAT
0 STEP
1 86 300.0 -456 1160.0 -1 0 0 0 1 0 0 0 -1 3007.DAT
0 STEP
1 86 230.0 -984 1180.0 0 0 1 0 1 0 -1 0 0 3010.DAT
0 STEP
1 86 280.0 -1032 1150.0 -1 0 0 0 1 0 0 0 -1 3009.DAT
0 STEP
1 86 230.0 -1008 1200.0 0 0 1 0 1 0 -1 0 0 3010.DAT
0 STEP
1 86 240.0 -504 1240.0 0 0 1 0 1 0 -1 0 0 3001.DAT
0 STEP
1 86 230.0 -984 1270.0 0 0 1 0 1 0 -1 0 0 3622.DAT
0 STEP
1 86 260.0 -1032 1250.0 -1 0 0 0 1 0 0 0 -1 3010.DAT
0 STEP
1 86 260.0 -1032 1280.0 -1 0 0 0 1 0 0 0 -1 3001.DAT
0 STEP
1 86 250.0 -984 1310.0 -1 0 0 0 1 0 0 0 -1 3622.DAT
0 STEP
1 86 260.0 -1032 1320.0 -1 0 0 0 1 0 0 0 -1 3001.DAT
0 STEP
1 86 250.0 -480 760.0 0 0 1 0 1 0 -1 0 0 3004.DAT
0 STEP
1 86 320.0 -504 760.0 -1 0 0 0 1 0 0 0 -1 3007.DAT
0 STEP
1 86 280.0 -480 800.0 -1 0 0 0 1 0 0 0 -1 3001.DAT
0 STEP
1 86 280.0 -504 790.0 -1 0 0 0 1 0 0 0 -1 3010.DAT
0 STEP
1 86 250.0 -528 820.0 0 0 1 0 1 0 -1 0 0 3010.DAT
0 STEP
1 86 250.0 -504 810.0 0 0 1 0 1 0 -1 0 0 3005.DAT
0 STEP
1 86 270.0 -480 840.0 -1 0 0 0 1 0 0 0 -1 3002.DAT
0 STEP
1 86 260.0 -1008 860.0 0 0 1 0 1 0 -1 0 0 3001.DAT
0 STEP
1 86 250.0 -504 870.0 0 0 1 0 1 0 -1 0 0 3622.DAT
0 STEP
1 86 250.0 -480 870.0 0 0 1 0 1 0 -1 0 0 3005.DAT
0 STEP
1 86 300.0 -528 870.0 -1 0 0 0 1 0 0 0 -1 3009.DAT
0 STEP
1 86 280.0 -456 900.0 -1 0 0 0 1 0 0 0 -1 3001.DAT
0 STEP
1 86 250.0 -480 920.0 0 0 1 0 1 0 -1 0 0 3010.DAT
0 STEP
1 86 250.0 -528 920.0 0 0 1 0 1 0 -1 0 0 3010.DAT
0 STEP
1 86 280.0 -1008 910.0 -1 0 0 0 1 0 0 0 -1 3010.DAT
0 STEP
1 86 250.0 -456 960.0 0 0 1 0 1 0 -1 0 0 3010.DAT
0 STEP
1 86 250.0 -504 960.0 0 0 1 0 1 0 -1 0 0 3010.DAT
0 STEP
1 86 280.0 -1008 950.0 -1 0 0 0 1 0 0 0 -1 3010.DAT
0 STEP
1 86 250.0 -1008 970.0 0 0 1 0 1 0 -1 0 0 3005.DAT
0 STEP
1 86 260.0 -480 1030.0 0 0 1 0 1 0 -1 0 0 3002.DAT
0 STEP
1 86 250.0 -1008 1010.0 0 0 1 0 1 0 -1 0 0 3005.DAT
0 STEP
1 86 280.0 -1008 1060.0 -1 0 0 0 1 0 0 0 -1 3001.DAT
0 STEP
1 86 250.0 -504 1090.0 0 0 1 0 1 0 -1 0 0 3005.DAT
0 STEP
1 86 250.0 -1008 1090.0 0 0 1 0 1 0 -1 0 0 3005.DAT
0 STEP
1 86 250.0 -504 1140.0 0 0 1 0 1 0 -1 0 0 3010.DAT
0 STEP
1 86 250.0 -1008 1140.0 0 0 1 0 1 0 -1 0 0 3010.DAT
0 STEP
1 86 250.0 -528 1180.0 0 0 1 0 1 0 -1 0 0 3010.DAT
0 STEP
1 86 250.0 -984 1150.0 0 0 1 0 1 0 -1 0 0 3005.DAT
0 STEP
1 86 250.0 -480 1200.0 0 0 1 0 1 0 -1 0 0 3010.DAT
0 STEP
1 86 250.0 -984 1200.0 0 0 1 0 1 0 -1 0 0 3010.DAT
0 STEP
1 86 250.0 -504 1190.0 0 0 1 0 1 0 -1 0 0 3005.DAT
0 STEP
1 86 260.0 -1008 1190.0 -1 0 0 0 1 0 0 0 -1 3004.DAT
0 STEP
1 86 250.0 -1008 1240.0 0 0 1 0 1 0 -1 0 0 3010.DAT
0 STEP
1 86 250.0 -984 1250.0 0 0 1 0 1 0 -1 0 0 3005.DAT
0 STEP
1 86 260.0 -984 1280.0 0 0 1 0 1 0 -1 0 0 3003.DAT
0 STEP
1 86 250.0 -1008 1330.0 0 0 1 0 1 0 -1 0 0 3622.DAT
0 STEP
1 86 300.0 -480 760.0 -1 0 0 0 1 0 0 0 -1 3001.DAT
0 STEP
1 86 280.0 -528 770.0 0 0 1 0 1 0 -1 0 0 3002.DAT
0 STEP
1 86 270.0 -456 780.0 0 0 1 0 1 0 -1 0 0 3004.DAT
0 STEP
1 86 280.0 -504 860.0 0 0 1 0 1 0 -1 0 0 2456.DAT
0 STEP
1 86 300.0 -528 820.0 -1 0 0 0 1 0 0 0 -1 3001.DAT
0 STEP
1 86 270.0 -456 830.0 0 0 1 0 1 0 -1 0 0 3005.DAT
0 STEP
1 86 270.0 -984 830.0 0 0 1 0 1 0 -1 0 0 3005.DAT
0 STEP
1 86 300.0 -456 850.0 -1 0 0 0 1 0 0 0 -1 3010.DAT
0 STEP
1 86 270.0 -528 850.0 0 0 1 0 1 0 -1 0 0 3005.DAT
0 STEP
1 86 290.0 -984 850.0 -1 0 0 0 1 0 0 0 -1 3622.DAT
0 STEP
1 86 270.0 -480 900.0 0 0 1 0 1 0 -1 0 0 3010.DAT
0 STEP
1 86 270.0 -1032 900.0 0 0 1 0 1 0 -1 0 0 3010.DAT
0 STEP
1 86 320.0 -528 900.0 -1 0 0 0 1 0 0 0 -1 2456.DAT
0 STEP
1 86 280.0 -984 920.0 0 0 1 0 1 0 -1 0 0 3003.DAT
0 STEP
1 86 280.0 -456 960.0 0 0 1 0 1 0 -1 0 0 3001.DAT
0 STEP
1 86 340.0 -504 940.0 -1 0 0 0 1 0 0 0 -1 3007.DAT
0 STEP
1 86 280.0 -528 940.0 0 0 1 0 1 0 -1 0 0 3003.DAT
0 STEP
1 86 270.0 -480 950.0 0 0 1 0 1 0 -1 0 0 3005.DAT
0 STEP
1 86 300.0 -984 950.0 -1 0 0 0 1 0 0 0 -1 3010.DAT
0 STEP
1 86 270.0 -504 980.0 0 0 1 0 1 0 -1 0 0 3004.DAT
0 STEP
1 86 280.0 -984 990.0 0 0 1 0 1 0 -1 0 0 3002.DAT
0 STEP
1 86 270.0 -1008 1000.0 0 0 1 0 1 0 -1 0 0 3010.DAT
0 STEP
1 86 300.0 -1032 990.0 -1 0 0 0 1 0 0 0 -1 3010.DAT
0 STEP
1 86 280.0 -456 1010.0 -1 0 0 0 1 0 0 0 -1 3004.DAT
0 STEP
1 86 280.0 -1032 1040.0 0 0 1 0 1 0 -1 0 0 3001.DAT
0 STEP
1 86 270.0 -456 1030.0 0 0 1 0 1 0 -1 0 0 3005.DAT
0 STEP
1 86 300.0 -528 1030.0 -1 0 0 0 1 0 0 0 -1 3010.DAT
0 STEP
1 86 270.0 -984 1080.0 0 0 1 0 1 0 -1 0 0 3009.DAT
0 STEP
1 86 270.0 -456 1080.0 0 0 1 0 1 0 -1 0 0 3010.DAT
0 STEP
1 86 270.0 -528 1060.0 0 0 1 0 1 0 -1 0 0 3004.DAT
0 STEP
1 86 280.0 -504 1120.0 0 0 1 0 1 0 -1 0 0 3001.DAT
0 STEP
1 86 270.0 -1008 1120.0 0 0 1 0 1 0 -1 0 0 3010.DAT
0 STEP
1 86 280.0 -528 1110.0 -1 0 0 0 1 0 0 0 -1 3004.DAT
0 STEP
1 86 320.0 -456 1130.0 -1 0 0 0 1 0 0 0 -1 3009.DAT
0 STEP
1 86 280.0 -480 1160.0 0 0 1 0 1 0 -1 0 0 3001.DAT
0 STEP
1 86 280.0 -528 1170.0 0 0 1 0 1 0 -1 0 0 3002.DAT
0 STEP
1 86 270.0 -984 1200.0 0 0 1 0 1 0 -1 0 0 3009.DAT
0 STEP
1 86 280.0 -504 1170.0 -1 0 0 0 1 0 0 0 -1 3004.DAT
0 STEP
1 86 270.0 -1008 1170.0 0 0 1 0 1 0 -1 0 0 3005.DAT
0 STEP
1 86 270.0 -504 1220.0 0 0 1 0 1 0 -1 0 0 3010.DAT
0 STEP
1 86 270.0 -456 1240.0 0 0 1 0 1 0 -1 0 0 3010.DAT
0 STEP
1 86 300.0 -480 1220.0 -1 0 0 0 1 0 0 0 -1 3001.DAT
0 STEP
1 86 270.0 -528 1240.0 0 0 1 0 1 0 -1 0 0 3010.DAT
0 STEP
1 86 290.0 -1008 1220.0 -1 0 0 0 1 0 0 0 -1 3002.DAT
0 STEP
1 86 300.0 -480 1250.0 -1 0 0 0 1 0 0 0 -1 3010.DAT
0 STEP
1 86 270.0 -1008 1300.0 0 0 1 0 1 0 -1 0 0 3009.DAT
0 STEP
1 86 270.0 -504 1270.0 0 0 1 0 1 0 -1 0 0 3005.DAT
0 STEP
1 86 290.0 -456 770.0 0 0 1 0 1 0 -1 0 0 3005.DAT
0 STEP
1 86 340.0 -456 790.0 -1 0 0 0 1 0 0 0 -1 3009.DAT
0 STEP
1 86 310.0 -456 820.0 -1 0 0 0 1 0 0 0 -1 3002.DAT
0 STEP
1 86 340.0 -984 830.0 -1 0 0 0 1 0 0 0 -1 3009.DAT
0 STEP
1 86 320.0 -1008 840.0 -1 0 0 0 1 0 0 0 -1 3001.DAT
0 STEP
1 86 320.0 -528 850.0 -1 0 0 0 1 0 0 0 -1 3010.DAT
0 STEP
1 86 290.0 -1032 880.0 0 0 1 0 1 0 -1 0 0 3010.DAT
0 STEP
1 86 290.0 -480 870.0 0 0 1 0 1 0 -1 0 0 3005.DAT
0 STEP
1 86 320.0 -1008 870.0 -1 0 0 0 1 0 0 0 -1 3010.DAT
0 STEP
1 86 290.0 -480 920.0 0 0 1 0 1 0 -1 0 0 3010.DAT
0 STEP
1 86 300.0 -1008 890.0 -1 0 0 0 1 0 0 0 -1 3004.DAT
0 STEP
1 86 310.0 -1032 930.0 -1 0 0 0 1 0 0 0 -1 3622.DAT
0 STEP
1 86 290.0 -480 970.0 0 0 1 0 1 0 -1 0 0 3005.DAT
0 STEP
1 86 300.0 -504 990.0 0 0 1 0 1 0 -1 0 0 3002.DAT
0 STEP
1 86 340.0 -1008 980.0 -1 0 0 0 1 0 0 0 -1 2456.DAT
0 STEP
1 86 300.0 -480 1020.0 0 0 1 0 1 0 -1 0 0 3003.DAT
0 STEP
1 86 320.0 -1008 1020.0 -1 0 0 0 1 0 0 0 -1 3001.DAT
0 STEP
1 86 300.0 -456 1060.0 0 0 1 0 1 0 -1 0 0 3001.DAT
0 STEP
1 86 290.0 -984 1060.0 0 0 1 0 1 0 -1 0 0 3010.DAT
0 STEP
1 86 310.0 -480 1050.0 -1 0 0 0 1 0 0 0 -1 3622.DAT
0 STEP
1 86 320.0 -528 1050.0 -1 0 0 0 1 0 0 0 -1 3010.DAT
0 STEP
1 86 290.0 -480 1080.0 0 0 1 0 1 0 -1 0 0 3004.DAT
0 STEP
1 86 340.0 -528 1070.0 -1 0 0 0 1 0 0 0 -1 3009.DAT
0 STEP
1 86 300.0 -1008 1140.0 0 0 1 0 1 0 -1 0 0 2456.DAT
0 STEP
1 86 290.0 -456 1110.0 0 0 1 0 1 0 -1 0 0 3005.DAT
0 STEP
1 86 310.0 -984 1120.0 -1 0 0 0 1 0 0 0 -1 3002.DAT
0 STEP
1 86 340.0 -984 1150.0 -1 0 0 0 1 0 0 0 -1 3009.DAT
0 STEP
1 86 290.0 -984 1170.0 0 0 1 0 1 0 -1 0 0 3005.DAT
0 STEP
1 86 320.0 -504 1190.0 -1 0 0 0 1 0 0 0 -1 3010.DAT
0 STEP
1 86 290.0 -984 1260.0 0 0 1 0 1 0 -1 0 0 3008.DAT
0 STEP
1 86 300.0 -456 1240.0 0 0 1 0 1 0 -1 0 0 3001.DAT
0 STEP
1 86 290.0 -504 1240.0 0 0 1 0 1 0 -1 0 0 3010.DAT
0 STEP
1 86 290.0 -528 1210.0 0 0 1 0 1 0 -1 0 0 3005.DAT
0 STEP
1 86 290.0 -1032 1220.0 0 0 1 0 1 0 -1 0 0 3004.DAT
0 STEP
1 86 310.0 -528 1230.0 -1 0 0 0 1 0 0 0 -1 3622.DAT
0 STEP
1 86 310.0 -528 1260.0 -1 0 0 0 1 0 0 0 -1 3002.DAT
0 STEP
1 86 290.0 -1008 1280.0 0 0 1 0 1 0 -1 0 0 3010.DAT
0 STEP
1 86 320.0 -1008 1340.0 -1 0 0 0 1 0 0 0 -1 3001.DAT
0 STEP
1 86 310.0 -456 760.0 0 0 1 0 1 0 -1 0 0 3004.DAT
0 STEP
1 86 340.0 -528 750.0 -1 0 0 0 1 0 0 0 -1 3010.DAT
0 STEP
1 86 340.0 -528 780.0 -1 0 0 0 1 0 0 0 -1 3001.DAT
0 STEP
1 86 310.0 -504 810.0 0 0 1 0 1 0 -1 0 0 3005.DAT
0 STEP
1 86 310.0 -480 830.0 0 0 1 0 1 0 -1 0 0 3005.DAT
0 STEP
1 86 310.0 -504 860.0 0 0 1 0 1 0 -1 0 0 3010.DAT
0 STEP
1 86 320.0 -1032 850.0 0 0 1 0 1 0 -1 0 0 3002.DAT
0 STEP
1 86 340.0 -480 860.0 -1 0 0 0 1 0 0 0 -1 3001.DAT
0 STEP
1 86 310.0 -456 870.0 0 0 1 0 1 0 -1 0 0 3005.DAT
0 STEP
1 86 310.0 -984 900.0 0 0 1 0 1 0 -1 0 0 3010.DAT
0 STEP
1 86 340.0 -480 890.0 -1 0 0 0 1 0 0 0 -1 3010.DAT
0 STEP
1 86 320.0 -1032 900.0 0 0 1 0 1 0 -1 0 0 3003.DAT
0 STEP
1 86 310.0 -480 940.0 0 0 1 0 1 0 -1 0 0 3010.DAT
0 STEP
1 86 330.0 -504 910.0 -1 0 0 0 1 0 0 0 -1 3622.DAT
0 STEP
1 86 310.0 -456 960.0 0 0 1 0 1 0 -1 0 0 3010.DAT
0 STEP
1 86 320.0 -528 960.0 0 0 1 0 1 0 -1 0 0 3001.DAT
0 STEP
1 86 320.0 -984 1020.0 0 0 1 0 1 0 -1 0 0 2456.DAT
0 STEP
1 86 310.0 -480 990.0 0 0 1 0 1 0 -1 0 0 3005.DAT
0 STEP
1 86 380.0 -456 1010.0 -1 0 0 0 1 0 0 0 -1 3008.DAT
0 STEP
1 86 310.0 -1032 1020.0 0 0 1 0 1 0 -1 0 0 3004.DAT
0 STEP
1 86 310.0 -504 1060.0 0 0 1 0 1 0 -1 0 0 3010.DAT
0 STEP
1 86 380.0 -1032 1060.0 -1 0 0 0 1 0 0 0 -1 3007.DAT
0 STEP
1 86 380.0 -480 1070.0 -1 0 0 0 1 0 0 0 -1 3008.DAT
0 STEP
1 86 310.0 -480 1090.0 0 0 1 0 1 0 -1 0 0 3005.DAT
0 STEP
1 86 320.0 -984 1090.0 -1 0 0 0 1 0 0 0 -1 3004.DAT
0 STEP
1 86 320.0 -1032 1110.0 0 0 1 0 1 0 -1 0 0 3002.DAT
0 STEP
1 86 340.0 -456 1110.0 -1 0 0 0 1 0 0 0 -1 3010.DAT
0 STEP
1 86 310.0 -504 1110.0 0 0 1 0 1 0 -1 0 0 3005.DAT
0 STEP
1 86 310.0 -528 1160.0 0 0 1 0 1 0 -1 0 0 3009.DAT
0 STEP
1 86 310.0 -480 1160.0 0 0 1 0 1 0 -1 0 0 3010.DAT
0 STEP
1 86 340.0 -504 1130.0 -1 0 0 0 1 0 0 0 -1 3010.DAT
0 STEP
1 86 340.0 -504 1160.0 -1 0 0 0 1 0 0 0 -1 3001.DAT
0 STEP
1 86 340.0 -984 1170.0 -1 0 0 0 1 0 0 0 -1 3010.DAT
0 STEP
1 86 310.0 -984 1220.0 0 0 1 0 1 0 -1 0 0 3010.DAT
0 STEP
1 86 330.0 -1032 1190.0 -1 0 0 0 1 0 0 0 -1 3622.DAT
0 STEP
1 86 310.0 -504 1230.0 0 0 1 0 1 0 -1 0 0 3622.DAT
0 STEP
1 86 340.0 -1032 1210.0 -1 0 0 0 1 0 0 0 -1 3010.DAT
0 STEP
1 86 310.0 -1032 1250.0 0 0 1 0 1 0 -1 0 0 3622.DAT
0 STEP
1 86 320.0 -1008 1280.0 0 0 1 0 1 0 -1 0 0 3001.DAT
0 STEP
1 86 340.0 -504 1270.0 -1 0 0 0 1 0 0 0 -1 3010.DAT
0 STEP
1 86 310.0 -984 1270.0 0 0 1 0 1 0 -1 0 0 3005.DAT
0 STEP
1 86 340.0 -984 1290.0 -1 0 0 0 1 0 0 0 -1 3010.DAT
0 STEP
1 86 310.0 -1032 1320.0 0 0 1 0 1 0 -1 0 0 3010.DAT
0 STEP
1 86 310.0 -984 1320.0 0 0 1 0 1 0 -1 0 0 3004.DAT
0 STEP
1 86 360.0 -456 750.0 -1 0 0 0 1 0 0 0 -1 3010.DAT
0 STEP
1 86 330.0 -456 770.0 0 0 1 0 1 0 -1 0 0 3005.DAT
0 STEP
1 86 330.0 -480 790.0 0 0 1 0 1 0 -1 0 0 3005.DAT
0 STEP
1 86 340.0 -504 840.0 0 0 1 0 1 0 -1 0 0 2456.DAT
0 STEP
1 86 400.0 -480 820.0 -1 0 0 0 1 0 0 0 -1 3007.DAT
0 STEP
1 86 330.0 -984 860.0 0 0 1 0 1 0 -1 0 0 3004.DAT
0 STEP
1 86 330.0 -456 900.0 0 0 1 0 1 0 -1 0 0 3010.DAT
0 STEP
1 86 360.0 -984 890.0 -1 0 0 0 1 0 0 0 -1 3010.DAT
0 STEP
1 86 340.0 -1008 920.0 0 0 1 0 1 0 -1 0 0 3001.DAT
0 STEP
1 86 330.0 -480 910.0 0 0 1 0 1 0 -1 0 0 3005.DAT
0 STEP
1 86 330.0 -984 920.0 0 0 1 0 1 0 -1 0 0 3004.DAT
0 STEP
1 86 330.0 -480 980.0 0 0 1 0 1 0 -1 0 0 3009.DAT
0 STEP
1 86 330.0 -456 970.0 0 0 1 0 1 0 -1 0 0 3622.DAT
0 STEP
1 86 330.0 -552 950.0 0 0 1 0 1 0 -1 0 0 3005.DAT
0 STEP
1 86 330.0 -576 960.0 0 0 1 0 1 0 -1 0 0 3004.DAT
0 STEP
1 86 330.0 -600 950.0 0 0 1 0 1 0 -1 0 0 3005.DAT
0 STEP
1 86 330.0 -624 960.0 0 0 1 0 1 0 -1 0 0 3004.DAT
0 STEP
1 86 330.0 -648 950.0 0 0 1 0 1 0 -1 0 0 3005.DAT
0 STEP
1 86 330.0 -672 960.0 0 0 1 0 1 0 -1 0 0 3004.DAT
0 STEP
1 86 330.0 -696 950.0 0 0 1 0 1 0 -1 0 0 3005.DAT
0 STEP
1 86 330.0 -720 960.0 0 0 1 0 1 0 -1 0 0 3004.DAT
0 STEP
1 86 330.0 -744 950.0 0 0 1 0 1 0 -1 0 0 3005.DAT
0 STEP
1 86 330.0 -768 960.0 0 0 1 0 1 0 -1 0 0 3004.DAT
0 STEP
1 86 330.0 -792 950.0 0 0 1 0 1 0 -1 0 0 3005.DAT
0 STEP
1 86 330.0 -816 960.0 0 0 1 0 1 0 -1 0 0 3004.DAT
0 STEP
1 86 330.0 -840 950.0 0 0 1 0 1 0 -1 0 0 3005.DAT
0 STEP
1 86 330.0 -864 960.0 0 0 1 0 1 0 -1 0 0 3004.DAT
0 STEP
1 86 330.0 -888 950.0 0 0 1 0 1 0 -1 0 0 3005.DAT
0 STEP
1 86 330.0 -912 960.0 0 0 1 0 1 0 -1 0 0 3004.DAT
0 STEP
1 86 330.0 -936 950.0 0 0 1 0 1 0 -1 0 0 3005.DAT
0 STEP
1 86 330.0 -960 960.0 0 0 1 0 1 0 -1 0 0 3004.DAT
0 STEP
1 86 360.0 -504 980.0 -1 0 0 0 1 0 0 0 -1 3001.DAT
0 STEP
1 86 340.0 -552 970.0 -1 0 0 0 1 0 0 0 -1 3004.DAT
0 STEP
1 86 340.0 -600 970.0 -1 0 0 0 1 0 0 0 -1 3004.DAT
0 STEP
1 86 340.0 -648 970.0 -1 0 0 0 1 0 0 0 -1 3004.DAT
0 STEP
1 86 340.0 -696 970.0 -1 0 0 0 1 0 0 0 -1 3004.DAT
0 STEP
1 86 340.0 -744 970.0 -1 0 0 0 1 0 0 0 -1 3004.DAT
0 STEP
1 86 340.0 -792 970.0 -1 0 0 0 1 0 0 0 -1 3004.DAT
0 STEP
1 86 340.0 -840 970.0 -1 0 0 0 1 0 0 0 -1 3004.DAT
0 STEP
1 86 340.0 -888 970.0 -1 0 0 0 1 0 0 0 -1 3004.DAT
0 STEP
1 86 340.0 -936 970.0 -1 0 0 0 1 0 0 0 -1 3004.DAT
0 STEP
1 86 360.0 -504 1020.0 -1 0 0 0 1 0 0 0 -1 3001.DAT
0 STEP
1 86 330.0 -1032 1010.0 0 0 1 0 1 0 -1 0 0 3005.DAT
0 STEP
1 86 340.0 -456 1060.0 0 0 1 0 1 0 -1 0 0 3001.DAT
0 STEP
1 86 360.0 -1032 1030.0 -1 0 0 0 1 0 0 0 -1 3010.DAT
0 STEP
1 86 330.0 -504 1080.0 0 0 1 0 1 0 -1 0 0 3010.DAT
0 STEP
1 86 340.0 -1008 1080.0 0 0 1 0 1 0 -1 0 0 3001.DAT
0 STEP
1 86 330.0 -480 1140.0 0 0 1 0 1 0 -1 0 0 3009.DAT
0 STEP
1 86 360.0 -528 1110.0 -1 0 0 0 1 0 0 0 -1 3010.DAT
0 STEP
1 86 330.0 -528 1130.0 0 0 1 0 1 0 -1 0 0 3005.DAT
0 STEP
1 86 380.0 -1008 1130.0 -1 0 0 0 1 0 0 0 -1 3009.DAT
0 STEP
1 86 330.0 -528 1180.0 0 0 1 0 1 0 -1 0 0 3010.DAT
0 STEP
1 86 330.0 -1008 1150.0 0 0 1 0 1 0 -1 0 0 3005.DAT
0 STEP
1 86 330.0 -1008 1200.0 0 0 1 0 1 0 -1 0 0 3010.DAT
0 STEP
1 86 350.0 -456 1190.0 -1 0 0 0 1 0 0 0 -1 3622.DAT
0 STEP
1 86 400.0 -984 1190.0 -1 0 0 0 1 0 0 0 -1 3008.DAT
0 STEP
1 86 350.0 -456 1220.0 -1 0 0 0 1 0 0 0 -1 3002.DAT
0 STEP
1 86 350.0 -504 1210.0 -1 0 0 0 1 0 0 0 -1 3622.DAT
0 STEP
1 86 360.0 -984 1210.0 -1 0 0 0 1 0 0 0 -1 3010.DAT
0 STEP
1 86 360.0 -504 1240.0 -1 0 0 0 1 0 0 0 -1 3001.DAT
0 STEP
1 86 360.0 -984 1240.0 -1 0 0 0 1 0 0 0 -1 3001.DAT
0 STEP
1 86 330.0 -1032 1280.0 0 0 1 0 1 0 -1 0 0 3009.DAT
0 STEP
1 86 350.0 -456 1250.0 -1 0 0 0 1 0 0 0 -1 3622.DAT
0 STEP
1 86 360.0 -456 1270.0 -1 0 0 0 1 0 0 0 -1 3010.DAT
0 STEP
1 86 330.0 -480 1270.0 0 0 1 0 1 0 -1 0 0 3005.DAT
0 STEP
1 86 400.0 -984 1270.0 -1 0 0 0 1 0 0 0 -1 3008.DAT
0 STEP
1 86 360.0 -984 1310.0 -1 0 0 0 1 0 0 0 -1 3010.DAT
0 STEP
1 86 330.0 -984 1330.0 0 0 1 0 1 0 -1 0 0 3005.DAT
0 STEP
1 86 330.0 -1032 1350.0 0 0 1 0 1 0 -1 0 0 3005.DAT
0 STEP
1 86 350.0 -480 770.0 0 0 1 0 1 0 -1 0 0 3622.DAT
0 STEP
1 86 380.0 -456 770.0 -1 0 0 0 1 0 0 0 -1 3010.DAT
0 STEP
1 86 350.0 -456 860.0 0 0 1 0 1 0 -1 0 0 3009.DAT
0 STEP
1 86 350.0 -528 820.0 0 0 1 0 1 0 -1 0 0 3004.DAT
0 STEP
1 86 350.0 -1032 830.0 0 0 1 0 1 0 -1 0 0 3005.DAT
0 STEP
1 86 380.0 -984 860.0 -1 0 0 0 1 0 0 0 -1 3001.DAT
0 STEP
1 86 350.0 -1032 880.0 0 0 1 0 1 0 -1 0 0 3010.DAT
0 STEP
1 86 350.0 -480 980.0 0 0 1 0 1 0 -1 0 0 3008.DAT
0 STEP
1 86 380.0 -984 910.0 -1 0 0 0 1 0 0 0 -1 3010.DAT
0 STEP
1 86 360.0 -456 960.0 0 0 1 0 1 0 -1 0 0 3001.DAT
0 STEP
1 86 350.0 -528 930.0 0 0 1 0 1 0 -1 0 0 3005.DAT
0 STEP
1 86 360.0 -984 960.0 0 0 1 0 1 0 -1 0 0 3001.DAT
0 STEP
1 86 360.0 -1032 950.0 0 0 1 0 1 0 -1 0 0 3002.DAT
0 STEP
1 86 350.0 -528 980.0 0 0 1 0 1 0 -1 0 0 3010.DAT
0 STEP
1 86 350.0 -576 970.0 0 0 1 0 1 0 -1 0 0 3005.DAT
0 STEP
1 86 350.0 -624 970.0 0 0 1 0 1 0 -1 0 0 3005.DAT
0 STEP
1 86 350.0 -672 970.0 0 0 1 0 1 0 -1 0 0 3005.DAT
0 STEP
1 86 350.0 -720 970.0 0 0 1 0 1 0 -1 0 0 3005.DAT
0 STEP
1 86 350.0 -768 970.0 0 0 1 0 1 0 -1 0 0 3005.DAT
0 STEP
1 86 350.0 -816 970.0 0 0 1 0 1 0 -1 0 0 3005.DAT
0 STEP
1 86 350.0 -864 970.0 0 0 1 0 1 0 -1 0 0 3005.DAT
0 STEP
1 86 350.0 -912 970.0 0 0 1 0 1 0 -1 0 0 3005.DAT
0 STEP
1 86 350.0 -960 970.0 0 0 1 0 1 0 -1 0 0 3005.DAT
0 STEP
1 86 380.0 -1032 1000.0 -1 0 0 0 1 0 0 0 -1 3001.DAT
0 STEP
1 86 360.0 -984 1030.0 0 0 1 0 1 0 -1 0 0 3002.DAT
0 STEP
1 86 350.0 -528 1030.0 0 0 1 0 1 0 -1 0 0 3005.DAT
0 STEP
1 86 360.0 -504 1080.0 0 0 1 0 1 0 -1 0 0 3001.DAT
0 STEP
1 86 360.0 -984 1100.0 0 0 1 0 1 0 -1 0 0 3001.DAT
0 STEP
1 86 350.0 -480 1160.0 0 0 1 0 1 0 -1 0 0 3008.DAT
0 STEP
1 86 350.0 -1032 1120.0 0 0 1 0 1 0 -1 0 0 3010.DAT
0 STEP
1 86 350.0 -528 1200.0 0 0 1 0 1 0 -1 0 0 3008.DAT
0 STEP
1 86 380.0 -1008 1160.0 -1 0 0 0 1 0 0 0 -1 3001.DAT
0 STEP
1 86 350.0 -1008 1210.0 0 0 1 0 1 0 -1 0 0 3622.DAT
0 STEP
1 86 380.0 -1032 1240.0 -1 0 0 0 1 0 0 0 -1 3001.DAT
0 STEP
1 86 350.0 -480 1260.0 0 0 1 0 1 0 -1 0 0 3004.DAT
0 STEP
1 86 350.0 -1008 1280.0 0 0 1 0 1 0 -1 0 0 3010.DAT
0 STEP
1 86 350.0 -1032 1270.0 0 0 1 0 1 0 -1 0 0 3005.DAT
0 STEP
1 86 350.0 -1032 1320.0 0 0 1 0 1 0 -1 0 0 3010.DAT
0 STEP
1 86 370.0 -984 1340.0 -1 0 0 0 1 0 0 0 -1 3002.DAT
0 STEP
1 86 380.0 -480 760.0 0 0 1 0 1 0 -1 0 0 3003.DAT
0 STEP
1 86 400.0 -480 790.0 -1 0 0 0 1 0 0 0 -1 3010.DAT
0 STEP
1 86 380.0 -504 820.0 0 0 1 0 1 0 -1 0 0 3001.DAT
0 STEP
1 86 390.0 -456 810.0 -1 0 0 0 1 0 0 0 -1 3622.DAT
0 STEP
1 86 370.0 -528 840.0 0 0 1 0 1 0 -1 0 0 3010.DAT
0 STEP
1 86 400.0 -456 830.0 -1 0 0 0 1 0 0 0 -1 3010.DAT
0 STEP
1 86 380.0 -1008 880.0 0 0 1 0 1 0 -1 0 0 2456.DAT
0 STEP
1 86 420.0 -1032 830.0 -1 0 0 0 1 0 0 0 -1 3009.DAT
0 STEP
1 86 380.0 -456 880.0 0 0 1 0 1 0 -1 0 0 3001.DAT
0 STEP
1 86 400.0 -1032 850.0 -1 0 0 0 1 0 0 0 -1 3010.DAT
0 STEP
1 86 440.0 -504 870.0 -1 0 0 0 1 0 0 0 -1 3008.DAT
0 STEP
1 86 370.0 -1032 870.0 0 0 1 0 1 0 -1 0 0 3005.DAT
0 STEP
1 86 390.0 -504 900.0 -1 0 0 0 1 0 0 0 -1 3002.DAT
0 STEP
1 86 400.0 -1032 900.0 -1 0 0 0 1 0 0 0 -1 3001.DAT
0 STEP
1 86 370.0 -480 930.0 0 0 1 0 1 0 -1 0 0 3622.DAT
0 STEP
1 86 370.0 -528 950.0 0 0 1 0 1 0 -1 0 0 3622.DAT
0 STEP
1 86 380.0 -1008 950.0 -1 0 0 0 1 0 0 0 -1 3004.DAT
0 STEP
1 86 380.0 -480 980.0 0 0 1 0 1 0 -1 0 0 3003.DAT
0 STEP
1 86 380.0 -528 1020.0 0 0 1 0 1 0 -1 0 0 3001.DAT
0 STEP
1 86 390.0 -480 1010.0 -1 0 0 0 1 0 0 0 -1 3622.DAT
0 STEP
1 86 380.0 -1008 1040.0 0 0 1 0 1 0 -1 0 0 3001.DAT
0 STEP
1 86 370.0 -456 1060.0 0 0 1 0 1 0 -1 0 0 3010.DAT
0 STEP
1 86 390.0 -480 1040.0 -1 0 0 0 1 0 0 0 -1 3002.DAT
0 STEP
1 86 400.0 -480 1090.0 -1 0 0 0 1 0 0 0 -1 3010.DAT
0 STEP
1 86 380.0 -528 1090.0 -1 0 0 0 1 0 0 0 -1 3004.DAT
0 STEP
1 86 380.0 -1008 1090.0 -1 0 0 0 1 0 0 0 -1 3004.DAT
0 STEP
1 86 370.0 -1032 1140.0 0 0 1 0 1 0 -1 0 0 3009.DAT
0 STEP
1 86 390.0 -480 1110.0 -1 0 0 0 1 0 0 0 -1 3622.DAT
0 STEP
1 86 440.0 -1008 1110.0 -1 0 0 0 1 0 0 0 -1 3008.DAT
0 STEP
1 86 390.0 -480 1140.0 -1 0 0 0 1 0 0 0 -1 3002.DAT
0 STEP
1 86 390.0 -528 1130.0 -1 0 0 0 1 0 0 0 -1 3622.DAT
0 STEP
1 86 390.0 -528 1160.0 -1 0 0 0 1 0 0 0 -1 3002.DAT
0 STEP
1 86 370.0 -552 1160.0 0 0 1 0 1 0 -1 0 0 3004.DAT
0 STEP
1 86 370.0 -576 1160.0 0 0 1 0 1 0 -1 0 0 3004.DAT
0 STEP
1 86 370.0 -600 1160.0 0 0 1 0 1 0 -1 0 0 3004.DAT
0 STEP
1 86 370.0 -624 1160.0 0 0 1 0 1 0 -1 0 0 3004.DAT
0 STEP
1 86 370.0 -648 1160.0 0 0 1 0 1 0 -1 0 0 3004.DAT
0 STEP
1 86 370.0 -672 1160.0 0 0 1 0 1 0 -1 0 0 3004.DAT
0 STEP
1 86 370.0 -696 1160.0 0 0 1 0 1 0 -1 0 0 3004.DAT
0 STEP
1 86 370.0 -720 1160.0 0 0 1 0 1 0 -1 0 0 3004.DAT
0 STEP
1 86 370.0 -744 1160.0 0 0 1 0 1 0 -1 0 0 3004.DAT
0 STEP
1 86 370.0 -768 1160.0 0 0 1 0 1 0 -1 0 0 3004.DAT
0 STEP
1 86 370.0 -792 1160.0 0 0 1 0 1 0 -1 0 0 3004.DAT
0 STEP
1 86 370.0 -816 1160.0 0 0 1 0 1 0 -1 0 0 3004.DAT
0 STEP
1 86 370.0 -840 1160.0 0 0 1 0 1 0 -1 0 0 3004.DAT
0 STEP
1 86 370.0 -864 1160.0 0 0 1 0 1 0 -1 0 0 3004.DAT
0 STEP
1 86 370.0 -888 1160.0 0 0 1 0 1 0 -1 0 0 3004.DAT
0 STEP
1 86 370.0 -912 1160.0 0 0 1 0 1 0 -1 0 0 3004.DAT
0 STEP
1 86 370.0 -936 1160.0 0 0 1 0 1 0 -1 0 0 3004.DAT
0 STEP
1 86 370.0 -960 1160.0 0 0 1 0 1 0 -1 0 0 3004.DAT
0 STEP
1 86 440.0 -480 1180.0 -1 0 0 0 1 0 0 0 -1 3007.DAT
0 STEP
1 86 370.0 -504 1190.0 0 0 1 0 1 0 -1 0 0 3005.DAT
0 STEP
1 86 400.0 -528 1200.0 -1 0 0 0 1 0 0 0 -1 3001.DAT
0 STEP
1 86 370.0 -1008 1220.0 0 0 1 0 1 0 -1 0 0 3010.DAT
0 STEP
1 86 380.0 -480 1210.0 -1 0 0 0 1 0 0 0 -1 3004.DAT
0 STEP
1 86 440.0 -480 1230.0 -1 0 0 0 1 0 0 0 -1 3008.DAT
0 STEP
1 86 400.0 -528 1230.0 -1 0 0 0 1 0 0 0 -1 3010.DAT
0 STEP
1 86 420.0 -480 1260.0 -1 0 0 0 1 0 0 0 -1 2456.DAT
0 STEP
1 86 370.0 -528 1250.0 0 0 1 0 1 0 -1 0 0 3005.DAT
0 STEP
1 86 400.0 -528 1270.0 -1 0 0 0 1 0 0 0 -1 3010.DAT
0 STEP
1 86 370.0 -1008 1270.0 0 0 1 0 1 0 -1 0 0 3005.DAT
0 STEP
1 86 370.0 -1032 1300.0 0 0 1 0 1 0 -1 0 0 3010.DAT
0 STEP
1 86 400.0 -1008 1290.0 -1 0 0 0 1 0 0 0 -1 3010.DAT
0 STEP
1 86 380.0 -1008 1330.0 0 0 1 0 1 0 -1 0 0 3002.DAT
0 STEP
1 86 420.0 -1032 1350.0 -1 0 0 0 1 0 0 0 -1 3009.DAT
0 STEP
1 86 460.0 -528 750.0 -1 0 0 0 1 0 0 0 -1 3008.DAT
0 STEP
1 86 390.0 -528 790.0 0 0 1 0 1 0 -1 0 0 3622.DAT
0 STEP
1 86 390.0 -528 860.0 0 0 1 0 1 0 -1 0 0 3010.DAT
0 STEP
1 86 390.0 -480 900.0 0 0 1 0 1 0 -1 0 0 3009.DAT
0 STEP
1 86 420.0 -1032 870.0 -1 0 0 0 1 0 0 0 -1 3010.DAT
0 STEP
1 86 400.0 -528 940.0 0 0 1 0 1 0 -1 0 0 3001.DAT
0 STEP
1 86 390.0 -456 930.0 0 0 1 0 1 0 -1 0 0 3005.DAT
0 STEP
1 86 400.0 -984 930.0 -1 0 0 0 1 0 0 0 -1 3004.DAT
0 STEP
1 86 420.0 -1032 930.0 -1 0 0 0 1 0 0 0 -1 3010.DAT
0 STEP
1 86 440.0 -456 960.0 -1 0 0 0 1 0 0 0 -1 2456.DAT
0 STEP
1 86 390.0 -984 980.0 0 0 1 0 1 0 -1 0 0 3010.DAT
0 STEP
1 86 400.0 -1032 960.0 0 0 1 0 1 0 -1 0 0 3003.DAT
0 STEP
1 86 460.0 -456 990.0 -1 0 0 0 1 0 0 0 -1 3008.DAT
0 STEP
1 86 390.0 -456 1100.0 0 0 1 0 1 0 -1 0 0 3008.DAT
0 STEP
1 86 390.0 -984 1030.0 0 0 1 0 1 0 -1 0 0 3005.DAT
0 STEP
1 86 390.0 -504 1050.0 0 0 1 0 1 0 -1 0 0 3005.DAT
0 STEP
1 86 410.0 -984 1050.0 -1 0 0 0 1 0 0 0 -1 3622.DAT
0 STEP
1 86 400.0 -504 1140.0 0 0 1 0 1 0 -1 0 0 3007.DAT
0 STEP
1 86 390.0 -984 1100.0 0 0 1 0 1 0 -1 0 0 3010.DAT
0 STEP
1 86 420.0 -1032 1090.0 -1 0 0 0 1 0 0 0 -1 3010.DAT
0 STEP
1 86 400.0 -1032 1160.0 0 0 1 0 1 0 -1 0 0 2456.DAT
0 STEP
1 86 390.0 -984 1170.0 0 0 1 0 1 0 -1 0 0 3005.DAT
0 STEP
1 86 390.0 -456 1220.0 0 0 1 0 1 0 -1 0 0 3010.DAT
0 STEP
1 86 400.0 -1008 1190.0 -1 0 0 0 1 0 0 0 -1 3004.DAT
0 STEP
1 86 420.0 -1008 1210.0 -1 0 0 0 1 0 0 0 -1 3010.DAT
0 STEP
1 86 390.0 -1008 1250.0 0 0 1 0 1 0 -1 0 0 3622.DAT
0 STEP
1 86 420.0 -528 1250.0 -1 0 0 0 1 0 0 0 -1 3010.DAT
0 STEP
1 86 390.0 -504 1270.0 0 0 1 0 1 0 -1 0 0 3005.DAT
0 STEP
1 86 400.0 -1032 1280.0 0 0 1 0 1 0 -1 0 0 3003.DAT
0 STEP
1 86 390.0 -984 1290.0 0 0 1 0 1 0 -1 0 0 3005.DAT
0 STEP
1 86 410.0 -1032 1310.0 -1 0 0 0 1 0 0 0 -1 3622.DAT
0 STEP
1 86 420.0 -1032 1330.0 -1 0 0 0 1 0 0 0 -1 3010.DAT
0 STEP
1 86 410.0 -456 750.0 0 0 1 0 1 0 -1 0 0 3005.DAT
0 STEP
1 86 480.0 -480 750.0 -1 0 0 0 1 0 0 0 -1 3008.DAT
0 STEP
1 86 420.0 -504 800.0 0 0 1 0 1 0 -1 0 0 2456.DAT
0 STEP
1 86 430.0 -480 770.0 -1 0 0 0 1 0 0 0 -1 3622.DAT
0 STEP
1 86 500.0 -528 780.0 -1 0 0 0 1 0 0 0 -1 3006.DAT
0 STEP
1 86 410.0 -456 790.0 0 0 1 0 1 0 -1 0 0 3005.DAT
0 STEP
1 86 410.0 -528 810.0 0 0 1 0 1 0 -1 0 0 3005.DAT
0 STEP
1 86 440.0 -528 830.0 -1 0 0 0 1 0 0 0 -1 3010.DAT
0 STEP
1 86 410.0 -984 830.0 0 0 1 0 1 0 -1 0 0 3005.DAT
0 STEP
1 86 410.0 -1008 860.0 0 0 1 0 1 0 -1 0 0 3010.DAT
0 STEP
1 86 410.0 -456 850.0 0 0 1 0 1 0 -1 0 0 3005.DAT
0 STEP
1 86 440.0 -480 860.0 -1 0 0 0 1 0 0 0 -1 3001.DAT
0 STEP
1 86 410.0 -528 870.0 0 0 1 0 1 0 -1 0 0 3622.DAT
0 STEP
1 86 410.0 -456 900.0 0 0 1 0 1 0 -1 0 0 3010.DAT
0 STEP
1 86 440.0 -480 890.0 -1 0 0 0 1 0 0 0 -1 3010.DAT
0 STEP
1 86 410.0 -984 890.0 0 0 1 0 1 0 -1 0 0 3005.DAT
0 STEP
1 86 420.0 -480 910.0 -1 0 0 0 1 0 0 0 -1 3004.DAT
0 STEP
1 86 460.0 -1008 910.0 -1 0 0 0 1 0 0 0 -1 3009.DAT
0 STEP
1 86 410.0 -480 960.0 0 0 1 0 1 0 -1 0 0 3010.DAT
0 STEP
1 86 410.0 -1008 960.0 0 0 1 0 1 0 -1 0 0 3010.DAT
0 STEP
1 86 420.0 -984 950.0 -1 0 0 0 1 0 0 0 -1 3004.DAT
0 STEP
1 86 420.0 -504 970.0 -1 0 0 0 1 0 0 0 -1 3004.DAT
0 STEP
1 86 420.0 -984 1000.0 0 0 1 0 1 0 -1 0 0 3001.DAT
0 STEP
1 86 430.0 -504 1000.0 -1 0 0 0 1 0 0 0 -1 3002.DAT
0 STEP
1 86 410.0 -528 1040.0 0 0 1 0 1 0 -1 0 0 3009.DAT
0 STEP
1 86 410.0 -1008 1010.0 0 0 1 0 1 0 -1 0 0 3005.DAT
0 STEP
1 86 430.0 -456 1040.0 -1 0 0 0 1 0 0 0 -1 3002.DAT
0 STEP
1 86 410.0 -504 1040.0 0 0 1 0 1 0 -1 0 0 3004.DAT
0 STEP
1 86 410.0 -1008 1060.0 0 0 1 0 1 0 -1 0 0 3010.DAT
0 STEP
1 86 410.0 -1032 1030.0 0 0 1 0 1 0 -1 0 0 3005.DAT
0 STEP
1 86 410.0 -456 1080.0 0 0 1 0 1 0 -1 0 0 3004.DAT
0 STEP
1 86 420.0 -984 1120.0 0 0 1 0 1 0 -1 0 0 2456.DAT
0 STEP
1 86 420.0 -456 1130.0 0 0 1 0 1 0 -1 0 0 3002.DAT
0 STEP
1 86 410.0 -528 1110.0 0 0 1 0 1 0 -1 0 0 3005.DAT
0 STEP
1 86 410.0 -456 1220.0 0 0 1 0 1 0 -1 0 0 3009.DAT
0 STEP
1 86 480.0 -480 1210.0 -1 0 0 0 1 0 0 0 -1 3008.DAT
0 STEP
1 86 410.0 -984 1230.0 0 0 1 0 1 0 -1 0 0 3622.DAT
0 STEP
1 86 410.0 -504 1250.0 0 0 1 0 1 0 -1 0 0 3622.DAT
0 STEP
1 86 420.0 -1008 1250.0 0 0 1 0 1 0 -1 0 0 3002.DAT
0 STEP
1 86 410.0 -984 1320.0 0 0 1 0 1 0 -1 0 0 3010.DAT
0 STEP
1 86 410.0 -1008 1330.0 0 0 1 0 1 0 -1 0 0 3622.DAT
0 STEP
1 86 440.0 -456 780.0 0 0 1 0 1 0 -1 0 0 3001.DAT
0 STEP
1 86 480.0 -528 810.0 -1 0 0 0 1 0 0 0 -1 3009.DAT
0 STEP
1 86 460.0 -984 830.0 -1 0 0 0 1 0 0 0 -1 3010.DAT
0 STEP
1 86 440.0 -1008 860.0 0 0 1 0 1 0 -1 0 0 3001.DAT
0 STEP
1 86 430.0 -456 880.0 0 0 1 0 1 0 -1 0 0 3010.DAT
0 STEP
1 86 430.0 -528 920.0 0 0 1 0 1 0 -1 0 0 3008.DAT
0 STEP
1 86 450.0 -984 850.0 -1 0 0 0 1 0 0 0 -1 3622.DAT
0 STEP
1 86 430.0 -984 900.0 0 0 1 0 1 0 -1 0 0 3010.DAT
0 STEP
1 86 430.0 -504 920.0 0 0 1 0 1 0 -1 0 0 3010.DAT
0 STEP
1 86 460.0 -456 930.0 -1 0 0 0 1 0 0 0 -1 3010.DAT
0 STEP
1 86 430.0 -480 980.0 0 0 1 0 1 0 -1 0 0 3009.DAT
0 STEP
1 86 430.0 -1008 930.0 0 0 1 0 1 0 -1 0 0 3005.DAT
0 STEP
1 86 460.0 -1008 960.0 -1 0 0 0 1 0 0 0 -1 3001.DAT
0 STEP
1 86 440.0 -1032 950.0 -1 0 0 0 1 0 0 0 -1 3004.DAT
0 STEP
1 86 440.0 -1032 1000.0 0 0 1 0 1 0 -1 0 0 3001.DAT
0 STEP
1 86 460.0 -1008 990.0 -1 0 0 0 1 0 0 0 -1 3010.DAT
0 STEP
1 86 450.0 -528 1020.0 -1 0 0 0 1 0 0 0 -1 3002.DAT
0 STEP
1 86 450.0 -1008 1020.0 -1 0 0 0 1 0 0 0 -1 3002.DAT
0 STEP
1 86 440.0 -504 1060.0 0 0 1 0 1 0 -1 0 0 3001.DAT
0 STEP
1 86 430.0 -480 1050.0 0 0 1 0 1 0 -1 0 0 3005.DAT
0 STEP
1 86 450.0 -528 1050.0 -1 0 0 0 1 0 0 0 -1 3622.DAT
0 STEP
1 86 430.0 -1008 1050.0 0 0 1 0 1 0 -1 0 0 3005.DAT
0 STEP
1 86 460.0 -456 1080.0 -1 0 0 0 1 0 0 0 -1 3001.DAT
0 STEP
1 86 430.0 -528 1070.0 0 0 1 0 1 0 -1 0 0 3005.DAT
0 STEP
1 86 460.0 -1008 1080.0 -1 0 0 0 1 0 0 0 -1 3001.DAT
0 STEP
1 86 430.0 -528 1120.0 0 0 1 0 1 0 -1 0 0 3010.DAT
0 STEP
1 86 460.0 -480 1120.0 -1 0 0 0 1 0 0 0 -1 3001.DAT
0 STEP
1 86 440.0 -504 1180.0 0 0 1 0 1 0 -1 0 0 3007.DAT
0 STEP
1 86 440.0 -1032 1110.0 -1 0 0 0 1 0 0 0 -1 3004.DAT
0 STEP
1 86 480.0 -1032 1130.0 -1 0 0 0 1 0 0 0 -1 3009.DAT
0 STEP
1 86 460.0 -480 1150.0 -1 0 0 0 1 0 0 0 -1 3010.DAT
0 STEP
1 86 440.0 -1008 1150.0 -1 0 0 0 1 0 0 0 -1 3004.DAT
0 STEP
1 86 440.0 -1032 1200.0 0 0 1 0 1 0 -1 0 0 2456.DAT
0 STEP
1 86 430.0 -456 1190.0 0 0 1 0 1 0 -1 0 0 3622.DAT
0 STEP
1 86 480.0 -528 1170.0 -1 0 0 0 1 0 0 0 -1 3009.DAT
0 STEP
1 86 460.0 -1008 1180.0 -1 0 0 0 1 0 0 0 -1 3001.DAT
0 STEP
1 86 430.0 -984 1210.0 0 0 1 0 1 0 -1 0 0 3005.DAT
0 STEP
1 86 460.0 -456 1240.0 -1 0 0 0 1 0 0 0 -1 3001.DAT
0 STEP
1 86 480.0 -984 1240.0 -1 0 0 0 1 0 0 0 -1 2456.DAT
0 STEP
1 86 460.0 -456 1270.0 -1 0 0 0 1 0 0 0 -1 3010.DAT
0 STEP
1 86 450.0 -504 1270.0 -1 0 0 0 1 0 0 0 -1 3622.DAT
0 STEP
1 86 460.0 -1032 1270.0 -1 0 0 0 1 0 0 0 -1 3010.DAT
0 STEP
1 86 450.0 -984 1300.0 -1 0 0 0 1 0 0 0 -1 3002.DAT
0 STEP
1 86 430.0 -1032 1290.0 0 0 1 0 1 0 -1 0 0 3005.DAT
0 STEP
1 86 440.0 -1008 1330.0 0 0 1 0 1 0 -1 0 0 3002.DAT
0 STEP
1 86 460.0 -984 1330.0 -1 0 0 0 1 0 0 0 -1 3010.DAT
0 STEP
1 86 500.0 -984 1350.0 -1 0 0 0 1 0 0 0 -1 3008.DAT
0 STEP
1 86 450.0 -504 800.0 0 0 1 0 1 0 -1 0 0 3009.DAT
0 STEP
1 86 450.0 -480 790.0 0 0 1 0 1 0 -1 0 0 3005.DAT
0 STEP
1 86 450.0 -456 860.0 0 0 1 0 1 0 -1 0 0 3010.DAT
0 STEP
1 86 460.0 -528 880.0 0 0 1 0 1 0 -1 0 0 3001.DAT
0 STEP
1 86 450.0 -1032 850.0 0 0 1 0 1 0 -1 0 0 3005.DAT
0 STEP
1 86 450.0 -984 870.0 0 0 1 0 1 0 -1 0 0 3005.DAT
0 STEP
1 86 480.0 -504 900.0 -1 0 0 0 1 0 0 0 -1 3001.DAT
0 STEP
1 86 450.0 -984 960.0 0 0 1 0 1 0 -1 0 0 3008.DAT
0 STEP
1 86 450.0 -1032 900.0 0 0 1 0 1 0 -1 0 0 3004.DAT
0 STEP
1 86 470.0 -456 910.0 -1 0 0 0 1 0 0 0 -1 3622.DAT
0 STEP
1 86 450.0 -480 930.0 0 0 1 0 1 0 -1 0 0 3622.DAT
0 STEP
1 86 450.0 -504 950.0 0 0 1 0 1 0 -1 0 0 3622.DAT
0 STEP
1 86 500.0 -528 940.0 -1 0 0 0 1 0 0 0 -1 2456.DAT
0 STEP
1 86 480.0 -1008 930.0 -1 0 0 0 1 0 0 0 -1 3010.DAT
0 STEP
1 86 460.0 -480 1000.0 0 0 1 0 1 0 -1 0 0 3001.DAT
0 STEP
1 86 470.0 -528 970.0 -1 0 0 0 1 0 0 0 -1 3622.DAT
0 STEP
1 86 460.0 -528 990.0 -1 0 0 0 1 0 0 0 -1 3004.DAT
0 STEP
1 86 480.0 -480 1050.0 -1 0 0 0 1 0 0 0 -1 3010.DAT
0 STEP
1 86 460.0 -984 1100.0 0 0 1 0 1 0 -1 0 0 2456.DAT
0 STEP
1 86 480.0 -1008 1050.0 -1 0 0 0 1 0 0 0 -1 3010.DAT
0 STEP
1 86 480.0 -528 1080.0 -1 0 0 0 1 0 0 0 -1 3001.DAT
0 STEP
1 86 470.0 -480 1090.0 -1 0 0 0 1 0 0 0 -1 3622.DAT
0 STEP
1 86 450.0 -456 1160.0 0 0 1 0 1 0 -1 0 0 3009.DAT
0 STEP
1 86 480.0 -528 1120.0 -1 0 0 0 1 0 0 0 -1 3001.DAT
0 STEP
1 86 450.0 -1008 1130.0 0 0 1 0 1 0 -1 0 0 3005.DAT
0 STEP
1 86 480.0 -528 1150.0 -1 0 0 0 1 0 0 0 -1 3010.DAT
0 STEP
1 86 460.0 -984 1170.0 -1 0 0 0 1 0 0 0 -1 3004.DAT
0 STEP
1 86 480.0 -528 1190.0 -1 0 0 0 1 0 0 0 -1 3010.DAT
0 STEP
1 86 480.0 -528 1220.0 -1 0 0 0 1 0 0 0 -1 3001.DAT
0 STEP
1 86 480.0 -984 1210.0 -1 0 0 0 1 0 0 0 -1 3010.DAT
0 STEP
1 86 450.0 -1008 1260.0 0 0 1 0 1 0 -1 0 0 3010.DAT
0 STEP
1 86 450.0 -528 1270.0 0 0 1 0 1 0 -1 0 0 3005.DAT
0 STEP
1 86 480.0 -1032 1300.0 -1 0 0 0 1 0 0 0 -1 3001.DAT
0 STEP
1 86 500.0 -456 760.0 -1 0 0 0 1 0 0 0 -1 3001.DAT
0 STEP
1 86 480.0 -504 780.0 0 0 1 0 1 0 -1 0 0 3001.DAT
0 STEP
1 86 470.0 -480 780.0 0 0 1 0 1 0 -1 0 0 3004.DAT
0 STEP
1 86 470.0 -456 820.0 0 0 1 0 1 0 -1 0 0 3010.DAT
0 STEP
1 86 500.0 -504 840.0 -1 0 0 0 1 0 0 0 -1 3001.DAT
0 STEP
1 86 480.0 -1008 840.0 0 0 1 0 1 0 -1 0 0 3003.DAT
0 STEP
1 86 470.0 -1032 920.0 0 0 1 0 1 0 -1 0 0 3008.DAT
0 STEP
1 86 500.0 -456 870.0 -1 0 0 0 1 0 0 0 -1 3010.DAT
0 STEP
1 86 470.0 -984 900.0 0 0 1 0 1 0 -1 0 0 3010.DAT
0 STEP
1 86 500.0 -1008 880.0 -1 0 0 0 1 0 0 0 -1 3001.DAT
0 STEP
1 86 490.0 -456 890.0 -1 0 0 0 1 0 0 0 -1 3622.DAT
0 STEP
1 86 470.0 -480 910.0 0 0 1 0 1 0 -1 0 0 3005.DAT
0 STEP
1 86 500.0 -480 940.0 -1 0 0 0 1 0 0 0 -1 3001.DAT
0 STEP
1 86 480.0 -504 960.0 0 0 1 0 1 0 -1 0 0 3001.DAT
0 STEP
1 86 470.0 -984 950.0 0 0 1 0 1 0 -1 0 0 3005.DAT
0 STEP
1 86 480.0 -984 970.0 -1 0 0 0 1 0 0 0 -1 3004.DAT
0 STEP
1 86 470.0 -984 990.0 0 0 1 0 1 0 -1 0 0 3005.DAT
0 STEP
1 86 500.0 -456 1010.0 -1 0 0 0 1 0 0 0 -1 3010.DAT
0 STEP
1 86 470.0 -504 1060.0 0 0 1 0 1 0 -1 0 0 3009.DAT
0 STEP
1 86 480.0 -984 1020.0 0 0 1 0 1 0 -1 0 0 3003.DAT
0 STEP
1 86 470.0 -1032 1040.0 0 0 1 0 1 0 -1 0 0 3010.DAT
0 STEP
1 86 500.0 -456 1040.0 -1 0 0 0 1 0 0 0 -1 3001.DAT
0 STEP
1 86 490.0 -480 1070.0 -1 0 0 0 1 0 0 0 -1 3622.DAT
0 STEP
1 86 500.0 -1032 1100.0 -1 0 0 0 1 0 0 0 -1 3001.DAT
0 STEP
1 86 520.0 -456 1110.0 -1 0 0 0 1 0 0 0 -1 3009.DAT
0 STEP
1 86 470.0 -456 1160.0 0 0 1 0 1 0 -1 0 0 3010.DAT
0 STEP
1 86 470.0 -504 1130.0 0 0 1 0 1 0 -1 0 0 3005.DAT
0 STEP
1 86 500.0 -1008 1140.0 -1 0 0 0 1 0 0 0 -1 3001.DAT
0 STEP
1 86 470.0 -504 1200.0 0 0 1 0 1 0 -1 0 0 3009.DAT
0 STEP
1 86 470.0 -1032 1180.0 0 0 1 0 1 0 -1 0 0 3010.DAT
0 STEP
1 86 470.0 -456 1210.0 0 0 1 0 1 0 -1 0 0 3005.DAT
0 STEP
1 86 480.0 -1008 1280.0 0 0 1 0 1 0 -1 0 0 3007.DAT
0 STEP
1 86 470.0 -1032 1230.0 0 0 1 0 1 0 -1 0 0 3005.DAT
0 STEP
1 86 470.0 -528 1260.0 0 0 1 0 1 0 -1 0 0 3004.DAT
0 STEP
1 86 500.0 -1032 1250.0 -1 0 0 0 1 0 0 0 -1 3010.DAT
0 STEP
1 86 470.0 -1032 1330.0 0 0 1 0 1 0 -1 0 0 3005.DAT
0 STEP
1 86 490.0 -480 820.0 0 0 1 0 1 0 -1 0 0 3009.DAT
0 STEP
1 86 510.0 -456 800.0 -1 0 0 0 1 0 0 0 -1 3002.DAT
0 STEP
1 86 520.0 -456 830.0 -1 0 0 0 1 0 0 0 -1 3010.DAT
0 STEP
1 86 490.0 -528 830.0 0 0 1 0 1 0 -1 0 0 3005.DAT
0 STEP
1 86 490.0 -1032 850.0 0 0 1 0 1 0 -1 0 0 3622.DAT
0 STEP
1 86 540.0 -456 850.0 -1 0 0 0 1 0 0 0 -1 3009.DAT
0 STEP
1 86 490.0 -528 880.0 0 0 1 0 1 0 -1 0 0 3010.DAT
0 STEP
1 86 490.0 -984 900.0 0 0 1 0 1 0 -1 0 0 3009.DAT
0 STEP
1 86 490.0 -480 890.0 0 0 1 0 1 0 -1 0 0 3005.DAT
0 STEP
1 86 490.0 -1032 960.0 0 0 1 0 1 0 -1 0 0 3008.DAT
0 STEP
1 86 520.0 -480 910.0 -1 0 0 0 1 0 0 0 -1 3010.DAT
0 STEP
1 86 500.0 -480 1000.0 0 0 1 0 1 0 -1 0 0 3001.DAT
0 STEP
1 86 490.0 -528 1020.0 0 0 1 0 1 0 -1 0 0 3010.DAT
0 STEP
1 86 520.0 -984 990.0 -1 0 0 0 1 0 0 0 -1 3010.DAT
0 STEP
1 86 520.0 -504 1010.0 -1 0 0 0 1 0 0 0 -1 3010.DAT
0 STEP
1 86 490.0 -1008 1010.0 0 0 1 0 1 0 -1 0 0 3005.DAT
0 STEP
1 86 500.0 -504 1060.0 0 0 1 0 1 0 -1 0 0 3001.DAT
0 STEP
1 86 520.0 -1008 1030.0 -1 0 0 0 1 0 0 0 -1 3010.DAT
0 STEP
1 86 490.0 -984 1120.0 0 0 1 0 1 0 -1 0 0 3008.DAT
0 STEP
1 86 490.0 -1032 1060.0 0 0 1 0 1 0 -1 0 0 3004.DAT
0 STEP
1 86 490.0 -504 1140.0 0 0 1 0 1 0 -1 0 0 3010.DAT
0 STEP
1 86 560.0 -456 1130.0 -1 0 0 0 1 0 0 0 -1 3008.DAT
0 STEP
1 86 500.0 -456 1180.0 0 0 1 0 1 0 -1 0 0 3001.DAT
0 STEP
1 86 510.0 -1032 1160.0 -1 0 0 0 1 0 0 0 -1 3002.DAT
0 STEP
1 86 490.0 -504 1190.0 0 0 1 0 1 0 -1 0 0 3005.DAT
0 STEP
1 86 560.0 -1032 1200.0 -1 0 0 0 1 0 0 0 -1 3007.DAT
0 STEP
1 86 490.0 -504 1240.0 0 0 1 0 1 0 -1 0 0 3010.DAT
0 STEP
1 86 520.0 -1032 1230.0 -1 0 0 0 1 0 0 0 -1 3010.DAT
0 STEP
1 86 520.0 -480 1250.0 -1 0 0 0 1 0 0 0 -1 3010.DAT
0 STEP
1 86 520.0 -528 1260.0 -1 0 0 0 1 0 0 0 -1 3001.DAT
0 STEP
1 86 540.0 -480 1270.0 -1 0 0 0 1 0 0 0 -1 3009.DAT
0 STEP
1 86 490.0 -984 1290.0 0 0 1 0 1 0 -1 0 0 3622.DAT
0 STEP
1 86 560.0 -1032 1340.0 -1 0 0 0 1 0 0 0 -1 3007.DAT
0 STEP
1 86 510.0 -504 780.0 0 0 1 0 1 0 -1 0 0 3010.DAT
0 STEP
1 86 530.0 -480 780.0 -1 0 0 0 1 0 0 0 -1 3002.DAT
0 STEP
1 86 520.0 -480 840.0 0 0 1 0 1 0 -1 0 0 3001.DAT
0 STEP
1 86 520.0 -528 850.0 0 0 1 0 1 0 -1 0 0 3002.DAT
0 STEP
1 86 510.0 -984 860.0 0 0 1 0 1 0 -1 0 0 3010.DAT
0 STEP
1 86 510.0 -1008 830.0 0 0 1 0 1 0 -1 0 0 3005.DAT
0 STEP
1 86 520.0 -1032 860.0 0 0 1 0 1 0 -1 0 0 3001.DAT
0 STEP
1 86 540.0 -1008 850.0 -1 0 0 0 1 0 0 0 -1 3010.DAT
0 STEP
1 86 540.0 -480 890.0 -1 0 0 0 1 0 0 0 -1 3010.DAT
0 STEP
1 86 540.0 -528 900.0 -1 0 0 0 1 0 0 0 -1 3001.DAT
0 STEP
1 86 510.0 -456 940.0 0 0 1 0 1 0 -1 0 0 3010.DAT
0 STEP
1 86 560.0 -984 920.0 -1 0 0 0 1 0 0 0 -1 2456.DAT
0 STEP
1 86 530.0 -1032 920.0 -1 0 0 0 1 0 0 0 -1 3002.DAT
0 STEP
1 86 510.0 -504 960.0 0 0 1 0 1 0 -1 0 0 3010.DAT
0 STEP
1 86 530.0 -984 960.0 -1 0 0 0 1 0 0 0 -1 3002.DAT
0 STEP
1 86 510.0 -1008 980.0 0 0 1 0 1 0 -1 0 0 3010.DAT
0 STEP
1 86 530.0 -1032 960.0 -1 0 0 0 1 0 0 0 -1 3002.DAT
0 STEP
1 86 510.0 -528 1000.0 0 0 1 0 1 0 -1 0 0 3010.DAT
0 STEP
1 86 510.0 -1032 990.0 0 0 1 0 1 0 -1 0 0 3005.DAT
0 STEP
1 86 510.0 -984 1040.0 0 0 1 0 1 0 -1 0 0 3010.DAT
0 STEP
1 86 520.0 -1032 1040.0 0 0 1 0 1 0 -1 0 0 3001.DAT
0 STEP
1 86 580.0 -528 1050.0 -1 0 0 0 1 0 0 0 -1 3008.DAT
0 STEP
1 86 510.0 -456 1080.0 0 0 1 0 1 0 -1 0 0 3004.DAT
0 STEP
1 86 510.0 -1008 1080.0 0 0 1 0 1 0 -1 0 0 3004.DAT
0 STEP
1 86 510.0 -480 1120.0 0 0 1 0 1 0 -1 0 0 3010.DAT
0 STEP
1 86 540.0 -984 1090.0 -1 0 0 0 1 0 0 0 -1 3010.DAT
0 STEP
1 86 540.0 -504 1110.0 -1 0 0 0 1 0 0 0 -1 3010.DAT
0 STEP
1 86 510.0 -984 1140.0 0 0 1 0 1 0 -1 0 0 3010.DAT
0 STEP
1 86 540.0 -504 1140.0 -1 0 0 0 1 0 0 0 -1 3001.DAT
0 STEP
1 86 510.0 -504 1170.0 0 0 1 0 1 0 -1 0 0 3005.DAT
0 STEP
1 86 520.0 -1008 1260.0 0 0 1 0 1 0 -1 0 0 3006.DAT
0 STEP
1 86 540.0 -504 1190.0 -1 0 0 0 1 0 0 0 -1 3010.DAT
0 STEP
1 86 560.0 -984 1190.0 -1 0 0 0 1 0 0 0 -1 3009.DAT
0 STEP
1 86 520.0 -504 1240.0 0 0 1 0 1 0 -1 0 0 3001.DAT
0 STEP
1 86 520.0 -456 1250.0 0 0 1 0 1 0 -1 0 0 3002.DAT
0 STEP
1 86 520.0 -984 1300.0 0 0 1 0 1 0 -1 0 0 3001.DAT
0 STEP
1 86 530.0 -1032 1270.0 -1 0 0 0 1 0 0 0 -1 3622.DAT
0 STEP
1 86 580.0 -504 750.0 -1 0 0 0 1 0 0 0 -1 3009.DAT
0 STEP
1 86 530.0 -504 790.0 0 0 1 0 1 0 -1 0 0 3622.DAT
0 STEP
1 86 540.0 -984 860.0 0 0 1 0 1 0 -1 0 0 3001.DAT
0 STEP
1 86 560.0 -1008 830.0 -1 0 0 0 1 0 0 0 -1 3010.DAT
0 STEP
1 86 530.0 -504 920.0 0 0 1 0 1 0 -1 0 0 3009.DAT
0 STEP
1 86 530.0 -456 900.0 0 0 1 0 1 0 -1 0 0 3004.DAT
0 STEP
1 86 530.0 -1008 910.0 0 0 1 0 1 0 -1 0 0 3005.DAT
0 STEP
1 86 580.0 -456 930.0 -1 0 0 0 1 0 0 0 -1 3009.DAT
0 STEP
1 86 530.0 -1008 960.0 0 0 1 0 1 0 -1 0 0 3010.DAT
0 STEP
1 86 550.0 -456 960.0 -1 0 0 0 1 0 0 0 -1 3002.DAT
0 STEP
1 86 530.0 -480 1040.0 0 0 1 0 1 0 -1 0 0 3008.DAT
0 STEP
1 86 600.0 -528 970.0 -1 0 0 0 1 0 0 0 -1 3008.DAT
0 STEP
1 86 560.0 -504 990.0 -1 0 0 0 1 0 0 0 -1 3010.DAT
0 STEP
1 86 530.0 -528 1010.0 0 0 1 0 1 0 -1 0 0 3622.DAT
0 STEP
1 86 580.0 -1032 990.0 -1 0 0 0 1 0 0 0 -1 3009.DAT
0 STEP
1 86 540.0 -984 1040.0 0 0 1 0 1 0 -1 0 0 3001.DAT
0 STEP
1 86 530.0 -1008 1010.0 0 0 1 0 1 0 -1 0 0 3005.DAT
0 STEP
1 86 540.0 -504 1060.0 0 0 1 0 1 0 -1 0 0 3001.DAT
0 STEP
1 86 540.0 -1008 1080.0 0 0 1 0 1 0 -1 0 0 3001.DAT
0 STEP
1 86 530.0 -456 1070.0 0 0 1 0 1 0 -1 0 0 3005.DAT
0 STEP
1 86 530.0 -528 1070.0 0 0 1 0 1 0 -1 0 0 3005.DAT
0 STEP
1 86 540.0 -456 1090.0 -1 0 0 0 1 0 0 0 -1 3004.DAT
0 STEP
1 86 530.0 -528 1120.0 0 0 1 0 1 0 -1 0 0 3010.DAT
0 STEP
1 86 540.0 -984 1140.0 0 0 1 0 1 0 -1 0 0 3001.DAT
0 STEP
1 86 530.0 -480 1160.0 0 0 1 0 1 0 -1 0 0 3010.DAT
0 STEP
1 86 560.0 -456 1160.0 -1 0 0 0 1 0 0 0 -1 3001.DAT
0 STEP
1 86 560.0 -504 1170.0 -1 0 0 0 1 0 0 0 -1 3010.DAT
0 STEP
1 86 530.0 -456 1200.0 0 0 1 0 1 0 -1 0 0 3004.DAT
0 STEP
1 86 530.0 -528 1200.0 0 0 1 0 1 0 -1 0 0 3004.DAT
0 STEP
1 86 530.0 -984 1210.0 0 0 1 0 1 0 -1 0 0 3005.DAT
0 STEP
1 86 540.0 -480 1230.0 -1 0 0 0 1 0 0 0 -1 3004.DAT
0 STEP
1 86 540.0 -528 1230.0 -1 0 0 0 1 0 0 0 -1 3004.DAT
0 STEP
1 86 540.0 -1032 1290.0 -1 0 0 0 1 0 0 0 -1 3004.DAT
0 STEP
1 86 530.0 -1032 1310.0 0 0 1 0 1 0 -1 0 0 3005.DAT
0 STEP
1 86 550.0 -456 780.0 0 0 1 0 1 0 -1 0 0 3010.DAT
0 STEP
1 86 570.0 -528 750.0 -1 0 0 0 1 0 0 0 -1 3622.DAT
0 STEP
1 86 560.0 -504 840.0 0 0 1 0 1 0 -1 0 0 3007.DAT
0 STEP
1 86 580.0 -480 810.0 -1 0 0 0 1 0 0 0 -1 3010.DAT
0 STEP
1 86 570.0 -528 810.0 -1 0 0 0 1 0 0 0 -1 3622.DAT
0 STEP
1 86 560.0 -480 850.0 0 0 1 0 1 0 -1 0 0 3002.DAT
0 STEP
1 86 550.0 -528 850.0 0 0 1 0 1 0 -1 0 0 3622.DAT
0 STEP
1 86 550.0 -1032 840.0 0 0 1 0 1 0 -1 0 0 3004.DAT
0 STEP
1 86 550.0 -456 890.0 0 0 1 0 1 0 -1 0 0 3622.DAT
0 STEP
1 86 550.0 -1008 870.0 0 0 1 0 1 0 -1 0 0 3005.DAT
0 STEP
1 86 570.0 -1032 870.0 -1 0 0 0 1 0 0 0 -1 3622.DAT
0 STEP
1 86 550.0 -1008 920.0 0 0 1 0 1 0 -1 0 0 3010.DAT
0 STEP
1 86 550.0 -1032 890.0 0 0 1 0 1 0 -1 0 0 3005.DAT
0 STEP
1 86 550.0 -480 950.0 0 0 1 0 1 0 -1 0 0 3622.DAT
0 STEP
1 86 570.0 -504 940.0 -1 0 0 0 1 0 0 0 -1 3002.DAT
0 STEP
1 86 570.0 -504 970.0 -1 0 0 0 1 0 0 0 -1 3622.DAT
0 STEP
1 86 550.0 -1008 990.0 0 0 1 0 1 0 -1 0 0 3622.DAT
0 STEP
1 86 550.0 -456 990.0 0 0 1 0 1 0 -1 0 0 3005.DAT
0 STEP
1 86 560.0 -480 1010.0 0 0 1 0 1 0 -1 0 0 3002.DAT
0 STEP
1 86 560.0 -528 1010.0 0 0 1 0 1 0 -1 0 0 3002.DAT
0 STEP
1 86 550.0 -456 1040.0 0 0 1 0 1 0 -1 0 0 3010.DAT
0 STEP
1 86 580.0 -1032 1010.0 -1 0 0 0 1 0 0 0 -1 3010.DAT
0 STEP
1 86 580.0 -1032 1040.0 -1 0 0 0 1 0 0 0 -1 3001.DAT
0 STEP
1 86 570.0 -480 1050.0 -1 0 0 0 1 0 0 0 -1 3622.DAT
0 STEP
1 86 550.0 -480 1100.0 0 0 1 0 1 0 -1 0 0 3010.DAT
0 STEP
1 86 600.0 -528 1070.0 -1 0 0 0 1 0 0 0 -1 3009.DAT
0 STEP
1 86 580.0 -1032 1070.0 -1 0 0 0 1 0 0 0 -1 3010.DAT
0 STEP
1 86 550.0 -528 1090.0 0 0 1 0 1 0 -1 0 0 3005.DAT
0 STEP
1 86 550.0 -1032 1090.0 0 0 1 0 1 0 -1 0 0 3005.DAT
0 STEP
1 86 580.0 -528 1120.0 -1 0 0 0 1 0 0 0 -1 3001.DAT
0 STEP
1 86 560.0 -1032 1140.0 0 0 1 0 1 0 -1 0 0 3001.DAT
0 STEP
1 86 620.0 -1008 1130.0 -1 0 0 0 1 0 0 0 -1 3008.DAT
0 STEP
1 86 550.0 -480 1170.0 0 0 1 0 1 0 -1 0 0 3622.DAT
0 STEP
1 86 550.0 -528 1180.0 0 0 1 0 1 0 -1 0 0 3010.DAT
0 STEP
1 86 560.0 -1008 1200.0 0 0 1 0 1 0 -1 0 0 2456.DAT
0 STEP
1 86 620.0 -456 1190.0 -1 0 0 0 1 0 0 0 -1 3008.DAT
0 STEP
1 86 550.0 -456 1240.0 0 0 1 0 1 0 -1 0 0 3010.DAT
0 STEP
1 86 570.0 -504 1210.0 -1 0 0 0 1 0 0 0 -1 3622.DAT
0 STEP
1 86 550.0 -984 1240.0 0 0 1 0 1 0 -1 0 0 3010.DAT
0 STEP
1 86 570.0 -504 1240.0 -1 0 0 0 1 0 0 0 -1 3002.DAT
0 STEP
1 86 550.0 -1032 1250.0 0 0 1 0 1 0 -1 0 0 3005.DAT
0 STEP
1 86 570.0 -504 1270.0 -1 0 0 0 1 0 0 0 -1 3622.DAT
0 STEP
1 86 570.0 -1008 1270.0 -1 0 0 0 1 0 0 0 -1 3622.DAT
0 STEP
1 86 580.0 -984 1300.0 -1 0 0 0 1 0 0 0 -1 3001.DAT
0 STEP
1 86 560.0 -1008 1320.0 0 0 1 0 1 0 -1 0 0 3001.DAT
0 STEP
1 86 580.0 -1032 1310.0 -1 0 0 0 1 0 0 0 -1 3010.DAT
0 STEP
1 86 560.0 -984 1330.0 -1 0 0 0 1 0 0 0 -1 3004.DAT
0 STEP
1 86 600.0 -456 750.0 -1 0 0 0 1 0 0 0 -1 3010.DAT
0 STEP
1 86 580.0 -480 770.0 0 0 1 0 1 0 -1 0 0 3002.DAT
0 STEP
1 86 600.0 -456 780.0 -1 0 0 0 1 0 0 0 -1 3001.DAT
0 STEP
1 86 570.0 -456 820.0 0 0 1 0 1 0 -1 0 0 3004.DAT
0 STEP
1 86 600.0 -528 830.0 -1 0 0 0 1 0 0 0 -1 3010.DAT
0 STEP
1 86 570.0 -984 830.0 0 0 1 0 1 0 -1 0 0 3005.DAT
0 STEP
1 86 570.0 -1032 830.0 0 0 1 0 1 0 -1 0 0 3005.DAT
0 STEP
1 86 570.0 -528 860.0 0 0 1 0 1 0 -1 0 0 3004.DAT
0 STEP
1 86 600.0 -984 850.0 -1 0 0 0 1 0 0 0 -1 3010.DAT
0 STEP
1 86 620.0 -1032 850.0 -1 0 0 0 1 0 0 0 -1 3009.DAT
0 STEP
1 86 580.0 -456 880.0 0 0 1 0 1 0 -1 0 0 3003.DAT
0 STEP
1 86 570.0 -984 880.0 0 0 1 0 1 0 -1 0 0 3004.DAT
0 STEP
1 86 580.0 -1008 880.0 0 0 1 0 1 0 -1 0 0 3003.DAT
0 STEP
1 86 580.0 -1032 920.0 0 0 1 0 1 0 -1 0 0 3001.DAT
0 STEP
1 86 600.0 -456 910.0 -1 0 0 0 1 0 0 0 -1 3010.DAT
0 STEP
1 86 570.0 -480 940.0 0 0 1 0 1 0 -1 0 0 3010.DAT
0 STEP
1 86 590.0 -1008 910.0 -1 0 0 0 1 0 0 0 -1 3622.DAT
0 STEP
1 86 640.0 -528 930.0 -1 0 0 0 1 0 0 0 -1 3008.DAT
0 STEP
1 86 570.0 -1008 930.0 0 0 1 0 1 0 -1 0 0 3005.DAT
0 STEP
1 86 570.0 -528 950.0 0 0 1 0 1 0 -1 0 0 3005.DAT
0 STEP
1 86 600.0 -984 950.0 -1 0 0 0 1 0 0 0 -1 3010.DAT
0 STEP
1 86 570.0 -1008 980.0 0 0 1 0 1 0 -1 0 0 3010.DAT
0 STEP
1 86 600.0 -984 980.0 -1 0 0 0 1 0 0 0 -1 3001.DAT
0 STEP
1 86 580.0 -1032 970.0 -1 0 0 0 1 0 0 0 -1 3004.DAT
0 STEP
1 86 600.0 -456 1000.0 -1 0 0 0 1 0 0 0 -1 3001.DAT
0 STEP
1 86 570.0 -504 1010.0 0 0 1 0 1 0 -1 0 0 3005.DAT
0 STEP
1 86 580.0 -984 1040.0 0 0 1 0 1 0 -1 0 0 3001.DAT
0 STEP
1 86 570.0 -456 1060.0 0 0 1 0 1 0 -1 0 0 3010.DAT
0 STEP
1 86 570.0 -504 1060.0 0 0 1 0 1 0 -1 0 0 3010.DAT
0 STEP
1 86 570.0 -1008 1030.0 0 0 1 0 1 0 -1 0 0 3005.DAT
0 STEP
1 86 580.0 -1008 1080.0 0 0 1 0 1 0 -1 0 0 3001.DAT
0 STEP
1 86 600.0 -480 1070.0 -1 0 0 0 1 0 0 0 -1 3010.DAT
0 STEP
1 86 570.0 -480 1160.0 0 0 1 0 1 0 -1 0 0 3008.DAT
0 STEP
1 86 620.0 -528 1090.0 -1 0 0 0 1 0 0 0 -1 3009.DAT
0 STEP
1 86 600.0 -1032 1090.0 -1 0 0 0 1 0 0 0 -1 3010.DAT
0 STEP
1 86 570.0 -984 1120.0 0 0 1 0 1 0 -1 0 0 3004.DAT
0 STEP
1 86 590.0 -528 1150.0 -1 0 0 0 1 0 0 0 -1 3622.DAT
0 STEP
1 86 600.0 -984 1160.0 -1 0 0 0 1 0 0 0 -1 3001.DAT
0 STEP
1 86 570.0 -528 1220.0 0 0 1 0 1 0 -1 0 0 3009.DAT
0 STEP
1 86 620.0 -456 1210.0 -1 0 0 0 1 0 0 0 -1 3009.DAT
0 STEP
1 86 600.0 -984 1220.0 -1 0 0 0 1 0 0 0 -1 3001.DAT
0 STEP
1 86 570.0 -456 1250.0 0 0 1 0 1 0 -1 0 0 3622.DAT
0 STEP
1 86 570.0 -1032 1260.0 0 0 1 0 1 0 -1 0 0 3010.DAT
0 STEP
1 86 570.0 -480 1250.0 0 0 1 0 1 0 -1 0 0 3005.DAT
0 STEP
1 86 590.0 -984 1260.0 -1 0 0 0 1 0 0 0 -1 3002.DAT
0 STEP
1 86 600.0 -504 800.0 0 0 1 0 1 0 -1 0 0 3001.DAT
0 STEP
1 86 610.0 -456 810.0 -1 0 0 0 1 0 0 0 -1 3622.DAT
0 STEP
1 86 620.0 -456 830.0 -1 0 0 0 1 0 0 0 -1 3010.DAT
0 STEP
1 86 590.0 -480 860.0 0 0 1 0 1 0 -1 0 0 3010.DAT
0 STEP
1 86 620.0 -984 830.0 -1 0 0 0 1 0 0 0 -1 3010.DAT
0 STEP
1 86 640.0 -1032 830.0 -1 0 0 0 1 0 0 0 -1 3009.DAT
0 STEP
1 86 610.0 -504 850.0 -1 0 0 0 1 0 0 0 -1 3622.DAT
0 STEP
1 86 600.0 -528 880.0 0 0 1 0 1 0 -1 0 0 3001.DAT
0 STEP
1 86 590.0 -1008 850.0 0 0 1 0 1 0 -1 0 0 3005.DAT
0 STEP
1 86 620.0 -504 870.0 -1 0 0 0 1 0 0 0 -1 3010.DAT
0 STEP
1 86 660.0 -984 880.0 -1 0 0 0 1 0 0 0 -1 3007.DAT
0 STEP
1 86 660.0 -504 890.0 -1 0 0 0 1 0 0 0 -1 3008.DAT
0 STEP
1 86 590.0 -480 910.0 0 0 1 0 1 0 -1 0 0 3005.DAT
0 STEP
1 86 640.0 -504 910.0 -1 0 0 0 1 0 0 0 -1 3009.DAT
0 STEP
1 86 590.0 -480 980.0 0 0 1 0 1 0 -1 0 0 3009.DAT
0 STEP
1 86 590.0 -1008 980.0 0 0 1 0 1 0 -1 0 0 3009.DAT
0 STEP
1 86 620.0 -456 960.0 -1 0 0 0 1 0 0 0 -1 3001.DAT
0 STEP
1 86 640.0 -528 950.0 -1 0 0 0 1 0 0 0 -1 3009.DAT
0 STEP
1 86 600.0 -528 990.0 -1 0 0 0 1 0 0 0 -1 3004.DAT
0 STEP
1 86 600.0 -504 1020.0 0 0 1 0 1 0 -1 0 0 3003.DAT
0 STEP
1 86 590.0 -528 1020.0 0 0 1 0 1 0 -1 0 0 3004.DAT
0 STEP
1 86 590.0 -456 1030.0 0 0 1 0 1 0 -1 0 0 3005.DAT
0 STEP
1 86 590.0 -456 1080.0 0 0 1 0 1 0 -1 0 0 3010.DAT
0 STEP
1 86 590.0 -504 1100.0 0 0 1 0 1 0 -1 0 0 3009.DAT
0 STEP
1 86 600.0 -480 1110.0 0 0 1 0 1 0 -1 0 0 3002.DAT
0 STEP
1 86 590.0 -984 1110.0 0 0 1 0 1 0 -1 0 0 3622.DAT
0 STEP
1 86 600.0 -1032 1140.0 0 0 1 0 1 0 -1 0 0 3001.DAT
0 STEP
1 86 620.0 -480 1160.0 -1 0 0 0 1 0 0 0 -1 3001.DAT
0 STEP
1 86 590.0 -1008 1200.0 0 0 1 0 1 0 -1 0 0 3009.DAT
0 STEP
1 86 600.0 -528 1170.0 -1 0 0 0 1 0 0 0 -1 3004.DAT
0 STEP
1 86 600.0 -480 1220.0 0 0 1 0 1 0 -1 0 0 3001.DAT
0 STEP
1 86 590.0 -504 1190.0 0 0 1 0 1 0 -1 0 0 3005.DAT
0 STEP
1 86 620.0 -528 1200.0 -1 0 0 0 1 0 0 0 -1 3001.DAT
0 STEP
1 86 640.0 -456 1230.0 -1 0 0 0 1 0 0 0 -1 3009.DAT
0 STEP
1 86 620.0 -528 1240.0 -1 0 0 0 1 0 0 0 -1 3001.DAT
0 STEP
1 86 600.0 -1032 1260.0 0 0 1 0 1 0 -1 0 0 3001.DAT
0 STEP
1 86 600.0 -456 1260.0 0 0 1 0 1 0 -1 0 0 3003.DAT
0 STEP
1 86 620.0 -528 1270.0 -1 0 0 0 1 0 0 0 -1 3010.DAT
0 STEP
1 86 590.0 -1008 1300.0 0 0 1 0 1 0 -1 0 0 3004.DAT
0 STEP
1 86 600.0 -984 1340.0 0 0 1 0 1 0 -1 0 0 3003.DAT
0 STEP
1 86 680.0 -1008 1340.0 -1 0 0 0 1 0 0 0 -1 3006.DAT
0 STEP
1 86 640.0 -480 760.0 -1 0 0 0 1 0 0 0 -1 3001.DAT
0 STEP
1 86 610.0 -528 780.0 0 0 1 0 1 0 -1 0 0 3010.DAT
0 STEP
1 86 640.0 -480 790.0 -1 0 0 0 1 0 0 0 -1 3010.DAT
0 STEP
1 86 610.0 -480 830.0 0 0 1 0 1 0 -1 0 0 3005.DAT
0 STEP
1 86 610.0 -1008 860.0 0 0 1 0 1 0 -1 0 0 3010.DAT
0 STEP
1 86 640.0 -456 850.0 -1 0 0 0 1 0 0 0 -1 3010.DAT
0 STEP
1 86 610.0 -480 900.0 0 0 1 0 1 0 -1 0 0 3009.DAT
0 STEP
1 86 660.0 -456 870.0 -1 0 0 0 1 0 0 0 -1 3009.DAT
0 STEP
1 86 640.0 -1032 870.0 -1 0 0 0 1 0 0 0 -1 3010.DAT
0 STEP
1 86 680.0 -456 890.0 -1 0 0 0 1 0 0 0 -1 3008.DAT
0 STEP
1 86 630.0 -1032 890.0 -1 0 0 0 1 0 0 0 -1 3622.DAT
0 STEP
1 86 660.0 -1032 910.0 -1 0 0 0 1 0 0 0 -1 3009.DAT
0 STEP
1 86 610.0 -504 960.0 0 0 1 0 1 0 -1 0 0 3010.DAT
0 STEP
1 86 630.0 -1008 930.0 -1 0 0 0 1 0 0 0 -1 3622.DAT
0 STEP
1 86 610.0 -1032 950.0 0 0 1 0 1 0 -1 0 0 3622.DAT
0 STEP
1 86 620.0 -1008 960.0 0 0 1 0 1 0 -1 0 0 3003.DAT
0 STEP
1 86 660.0 -480 970.0 -1 0 0 0 1 0 0 0 -1 3009.DAT
0 STEP
1 86 610.0 -480 1020.0 0 0 1 0 1 0 -1 0 0 3010.DAT
0 STEP
1 86 610.0 -1008 990.0 0 0 1 0 1 0 -1 0 0 3005.DAT
0 STEP
1 86 640.0 -528 1020.0 -1 0 0 0 1 0 0 0 -1 3001.DAT
0 STEP
1 86 610.0 -984 1010.0 0 0 1 0 1 0 -1 0 0 3005.DAT
0 STEP
1 86 640.0 -1008 1010.0 -1 0 0 0 1 0 0 0 -1 3010.DAT
0 STEP
1 86 640.0 -456 1030.0 -1 0 0 0 1 0 0 0 -1 3010.DAT
0 STEP
1 86 610.0 -984 1060.0 0 0 1 0 1 0 -1 0 0 3010.DAT
0 STEP
1 86 640.0 -1008 1040.0 -1 0 0 0 1 0 0 0 -1 3001.DAT
0 STEP
1 86 630.0 -456 1060.0 -1 0 0 0 1 0 0 0 -1 3002.DAT
0 STEP
1 86 620.0 -504 1080.0 0 0 1 0 1 0 -1 0 0 3001.DAT
0 STEP
1 86 610.0 -1008 1090.0 0 0 1 0 1 0 -1 0 0 3622.DAT
0 STEP
1 86 630.0 -456 1100.0 -1 0 0 0 1 0 0 0 -1 3002.DAT
0 STEP
1 86 640.0 -984 1110.0 -1 0 0 0 1 0 0 0 -1 3010.DAT
0 STEP
1 86 640.0 -504 1130.0 -1 0 0 0 1 0 0 0 -1 3010.DAT
0 STEP
1 86 620.0 -984 1130.0 -1 0 0 0 1 0 0 0 -1 3004.DAT
0 STEP
1 86 610.0 -456 1160.0 0 0 1 0 1 0 -1 0 0 3004.DAT
0 STEP
1 86 640.0 -504 1160.0 -1 0 0 0 1 0 0 0 -1 3001.DAT
0 STEP
1 86 640.0 -1008 1150.0 -1 0 0 0 1 0 0 0 -1 3010.DAT
0 STEP
1 86 640.0 -1008 1180.0 -1 0 0 0 1 0 0 0 -1 3001.DAT
0 STEP
1 86 640.0 -504 1190.0 -1 0 0 0 1 0 0 0 -1 3010.DAT
0 STEP
1 86 610.0 -504 1240.0 0 0 1 0 1 0 -1 0 0 3010.DAT
0 STEP
1 86 610.0 -1008 1240.0 0 0 1 0 1 0 -1 0 0 3010.DAT
0 STEP
1 86 610.0 -480 1270.0 0 0 1 0 1 0 -1 0 0 3005.DAT
0 STEP
1 86 640.0 -1008 1290.0 -1 0 0 0 1 0 0 0 -1 3010.DAT
0 STEP
1 86 680.0 -1008 1310.0 -1 0 0 0 1 0 0 0 -1 3008.DAT
0 STEP
1 86 660.0 -528 760.0 -1 0 0 0 1 0 0 0 -1 3001.DAT
0 STEP
1 86 630.0 -504 800.0 0 0 1 0 1 0 -1 0 0 3010.DAT
0 STEP
1 86 660.0 -528 800.0 -1 0 0 0 1 0 0 0 -1 3001.DAT
0 STEP
1 86 630.0 -480 810.0 0 0 1 0 1 0 -1 0 0 3005.DAT
0 STEP
1 86 630.0 -480 880.0 0 0 1 0 1 0 -1 0 0 3009.DAT
0 STEP
1 86 640.0 -1008 830.0 -1 0 0 0 1 0 0 0 -1 3004.DAT
0 STEP
1 86 630.0 -528 880.0 0 0 1 0 1 0 -1 0 0 3010.DAT
0 STEP
1 86 640.0 -1008 880.0 0 0 1 0 1 0 -1 0 0 3001.DAT
0 STEP
1 86 630.0 -984 920.0 0 0 1 0 1 0 -1 0 0 3004.DAT
0 STEP
1 86 640.0 -504 930.0 -1 0 0 0 1 0 0 0 -1 3004.DAT
0 STEP
1 86 630.0 -1032 930.0 0 0 1 0 1 0 -1 0 0 3005.DAT
0 STEP
1 86 630.0 -480 950.0 0 0 1 0 1 0 -1 0 0 3005.DAT
0 STEP
1 86 630.0 -504 950.0 0 0 1 0 1 0 -1 0 0 3005.DAT
0 STEP
1 86 660.0 -1032 950.0 -1 0 0 0 1 0 0 0 -1 3010.DAT
0 STEP
1 86 630.0 -504 1000.0 0 0 1 0 1 0 -1 0 0 3010.DAT
0 STEP
1 86 630.0 -1032 970.0 0 0 1 0 1 0 -1 0 0 3005.DAT
0 STEP
1 86 660.0 -480 990.0 -1 0 0 0 1 0 0 0 -1 3010.DAT
0 STEP
1 86 700.0 -528 990.0 -1 0 0 0 1 0 0 0 -1 3008.DAT
0 STEP
1 86 660.0 -1008 990.0 -1 0 0 0 1 0 0 0 -1 3010.DAT
0 STEP
1 86 640.0 -480 1010.0 -1 0 0 0 1 0 0 0 -1 3004.DAT
0 STEP
1 86 630.0 -984 1040.0 0 0 1 0 1 0 -1 0 0 3010.DAT
0 STEP
1 86 630.0 -1032 1040.0 0 0 1 0 1 0 -1 0 0 3010.DAT
0 STEP
1 86 630.0 -480 1040.0 0 0 1 0 1 0 -1 0 0 3004.DAT
0 STEP
1 86 640.0 -1008 1090.0 0 0 1 0 1 0 -1 0 0 3002.DAT
0 STEP
1 86 630.0 -480 1110.0 0 0 1 0 1 0 -1 0 0 3622.DAT
0 STEP
1 86 660.0 -984 1090.0 -1 0 0 0 1 0 0 0 -1 3010.DAT
0 STEP
1 86 640.0 -528 1140.0 0 0 1 0 1 0 -1 0 0 3001.DAT
0 STEP
1 86 630.0 -1032 1140.0 0 0 1 0 1 0 -1 0 0 3010.DAT
0 STEP
1 86 660.0 -456 1160.0 -1 0 0 0 1 0 0 0 -1 3001.DAT
0 STEP
1 86 630.0 -480 1190.0 0 0 1 0 1 0 -1 0 0 3005.DAT
0 STEP
1 86 630.0 -984 1190.0 0 0 1 0 1 0 -1 0 0 3005.DAT
0 STEP
1 86 630.0 -480 1240.0 0 0 1 0 1 0 -1 0 0 3010.DAT
0 STEP
1 86 650.0 -504 1210.0 -1 0 0 0 1 0 0 0 -1 3622.DAT
0 STEP
1 86 650.0 -960 1210.0 -1 0 0 0 1 0 0 0 -1 3622.DAT
0 STEP
1 86 660.0 -1008 1220.0 -1 0 0 0 1 0 0 0 -1 3001.DAT
0 STEP
1 86 660.0 -504 1240.0 -1 0 0 0 1 0 0 0 -1 3001.DAT
0 STEP
1 86 630.0 -1032 1260.0 0 0 1 0 1 0 -1 0 0 3010.DAT
0 STEP
1 86 630.0 -456 1250.0 0 0 1 0 1 0 -1 0 0 3005.DAT
0 STEP
1 86 630.0 -984 1300.0 0 0 1 0 1 0 -1 0 0 3009.DAT
0 STEP
1 86 650.0 -1008 1260.0 -1 0 0 0 1 0 0 0 -1 3002.DAT
0 STEP
1 86 700.0 -456 1270.0 -1 0 0 0 1 0 0 0 -1 3008.DAT
0 STEP
1 86 660.0 -504 1270.0 -1 0 0 0 1 0 0 0 -1 3010.DAT
0 STEP
1 86 630.0 -1032 1310.0 0 0 1 0 1 0 -1 0 0 3005.DAT
0 STEP
1 86 660.0 -456 780.0 0 0 1 0 1 0 -1 0 0 3001.DAT
0 STEP
1 86 650.0 -504 780.0 0 0 1 0 1 0 -1 0 0 3010.DAT
0 STEP
1 86 650.0 -480 820.0 0 0 1 0 1 0 -1 0 0 3004.DAT
0 STEP
1 86 650.0 -504 830.0 0 0 1 0 1 0 -1 0 0 3005.DAT
0 STEP
1 86 650.0 -528 860.0 0 0 1 0 1 0 -1 0 0 3010.DAT
0 STEP
1 86 660.0 -480 880.0 0 0 1 0 1 0 -1 0 0 3001.DAT
0 STEP
1 86 680.0 -504 850.0 -1 0 0 0 1 0 0 0 -1 3010.DAT
0 STEP
1 86 650.0 -984 850.0 0 0 1 0 1 0 -1 0 0 3005.DAT
0 STEP
1 86 650.0 -456 920.0 0 0 1 0 1 0 -1 0 0 3004.DAT
0 STEP
1 86 650.0 -528 910.0 0 0 1 0 1 0 -1 0 0 3005.DAT
0 STEP
1 86 650.0 -984 910.0 0 0 1 0 1 0 -1 0 0 3005.DAT
0 STEP
1 86 700.0 -480 940.0 -1 0 0 0 1 0 0 0 -1 2456.DAT
0 STEP
1 86 650.0 -984 1000.0 0 0 1 0 1 0 -1 0 0 3008.DAT
0 STEP
1 86 680.0 -1032 930.0 -1 0 0 0 1 0 0 0 -1 3010.DAT
0 STEP
1 86 650.0 -504 980.0 0 0 1 0 1 0 -1 0 0 3010.DAT
0 STEP
1 86 650.0 -1008 950.0 0 0 1 0 1 0 -1 0 0 3005.DAT
0 STEP
1 86 680.0 -1008 970.0 -1 0 0 0 1 0 0 0 -1 3010.DAT
0 STEP
1 86 650.0 -1032 1020.0 0 0 1 0 1 0 -1 0 0 3009.DAT
0 STEP
1 86 650.0 -456 1000.0 0 0 1 0 1 0 -1 0 0 3004.DAT
0 STEP
1 86 660.0 -960 1000.0 0 0 1 0 1 0 -1 0 0 3003.DAT
0 STEP
1 86 650.0 -480 1080.0 0 0 1 0 1 0 -1 0 0 3009.DAT
0 STEP
1 86 680.0 -504 1030.0 -1 0 0 0 1 0 0 0 -1 3010.DAT
0 STEP
1 86 680.0 -504 1060.0 -1 0 0 0 1 0 0 0 -1 3001.DAT
0 STEP
1 86 680.0 -504 1090.0 -1 0 0 0 1 0 0 0 -1 3010.DAT
0 STEP
1 86 700.0 -1032 1090.0 -1 0 0 0 1 0 0 0 -1 3009.DAT
0 STEP
1 86 660.0 -504 1110.0 -1 0 0 0 1 0 0 0 -1 3004.DAT
0 STEP
1 86 650.0 -1032 1160.0 0 0 1 0 1 0 -1 0 0 3009.DAT
0 STEP
1 86 650.0 -456 1130.0 0 0 1 0 1 0 -1 0 0 3005.DAT
0 STEP
1 86 650.0 -984 1200.0 0 0 1 0 1 0 -1 0 0 3008.DAT
0 STEP
1 86 650.0 -480 1220.0 0 0 1 0 1 0 -1 0 0 3010.DAT
0 STEP
1 86 670.0 -936 1200.0 -1 0 0 0 1 0 0 0 -1 3002.DAT
0 STEP
1 86 660.0 -960 1190.0 -1 0 0 0 1 0 0 0 -1 3004.DAT
0 STEP
1 86 650.0 -1032 1230.0 0 0 1 0 1 0 -1 0 0 3005.DAT
0 STEP
1 86 700.0 -456 1250.0 -1 0 0 0 1 0 0 0 -1 3009.DAT
0 STEP
1 86 680.0 -1032 1250.0 -1 0 0 0 1 0 0 0 -1 3010.DAT
0 STEP
1 86 650.0 -480 1270.0 0 0 1 0 1 0 -1 0 0 3005.DAT
0 STEP
1 86 670.0 -1032 1280.0 -1 0 0 0 1 0 0 0 -1 3002.DAT
0 STEP
1 86 660.0 -984 1320.0 0 0 1 0 1 0 -1 0 0 3001.DAT
0 STEP
1 86 650.0 -1032 1330.0 0 0 1 0 1 0 -1 0 0 3622.DAT
0 STEP
1 18 700.0 -648 30.0 -1 0 0 0 1 0 0 0 -1 3010.DAT
0 STEP
1 86 740.0 -504 750.0 -1 0 0 0 1 0 0 0 -1 3008.DAT
0 STEP
1 86 670.0 -504 800.0 0 0 1 0 1 0 -1 0 0 3010.DAT
0 STEP
1 86 670.0 -480 810.0 0 0 1 0 1 0 -1 0 0 3005.DAT
0 STEP
1 86 670.0 -456 830.0 0 0 1 0 1 0 -1 0 0 3005.DAT
0 STEP
1 86 700.0 -480 830.0 -1 0 0 0 1 0 0 0 -1 3010.DAT
0 STEP
1 86 670.0 -528 830.0 0 0 1 0 1 0 -1 0 0 3005.DAT
0 STEP
1 86 670.0 -984 840.0 0 0 1 0 1 0 -1 0 0 3004.DAT
0 STEP
1 86 680.0 -1008 850.0 0 0 1 0 1 0 -1 0 0 3002.DAT
0 STEP
1 86 670.0 -528 880.0 0 0 1 0 1 0 -1 0 0 3010.DAT
0 STEP
1 86 690.0 -504 870.0 -1 0 0 0 1 0 0 0 -1 3622.DAT
0 STEP
1 86 680.0 -1008 920.0 0 0 1 0 1 0 -1 0 0 3001.DAT
0 STEP
1 86 700.0 -1032 890.0 -1 0 0 0 1 0 0 0 -1 3010.DAT
0 STEP
1 86 670.0 -456 960.0 0 0 1 0 1 0 -1 0 0 3009.DAT
0 STEP
1 86 720.0 -984 910.0 -1 0 0 0 1 0 0 0 -1 3009.DAT
0 STEP
1 86 670.0 -504 960.0 0 0 1 0 1 0 -1 0 0 3010.DAT
0 STEP
1 86 670.0 -984 960.0 0 0 1 0 1 0 -1 0 0 3010.DAT
0 STEP
1 86 670.0 -1032 980.0 0 0 1 0 1 0 -1 0 0 3004.DAT
0 STEP
1 86 680.0 -936 1000.0 0 0 1 0 1 0 -1 0 0 3003.DAT
0 STEP
1 86 670.0 -480 1060.0 0 0 1 0 1 0 -1 0 0 3009.DAT
0 STEP
1 86 700.0 -504 1010.0 -1 0 0 0 1 0 0 0 -1 3010.DAT
0 STEP
1 86 700.0 -984 1010.0 -1 0 0 0 1 0 0 0 -1 3010.DAT
0 STEP
1 86 700.0 -1032 1020.0 -1 0 0 0 1 0 0 0 -1 3001.DAT
0 STEP
1 86 690.0 -984 1030.0 -1 0 0 0 1 0 0 0 -1 3622.DAT
0 STEP
1 86 670.0 -456 1050.0 0 0 1 0 1 0 -1 0 0 3005.DAT
0 STEP
1 86 670.0 -528 1060.0 0 0 1 0 1 0 -1 0 0 3004.DAT
0 STEP
1 86 680.0 -984 1060.0 0 0 1 0 1 0 -1 0 0 3003.DAT
0 STEP
1 86 700.0 -1032 1060.0 -1 0 0 0 1 0 0 0 -1 3001.DAT
0 STEP
1 86 680.0 -456 1100.0 0 0 1 0 1 0 -1 0 0 3001.DAT
0 STEP
1 86 670.0 -1008 1080.0 0 0 1 0 1 0 -1 0 0 3004.DAT
0 STEP
1 86 670.0 -528 1140.0 0 0 1 0 1 0 -1 0 0 3010.DAT
0 STEP
1 86 680.0 -1008 1110.0 -1 0 0 0 1 0 0 0 -1 3004.DAT
0 STEP
1 86 680.0 -1032 1140.0 0 0 1 0 1 0 -1 0 0 3001.DAT
0 STEP
1 86 740.0 -480 1130.0 -1 0 0 0 1 0 0 0 -1 3008.DAT
0 STEP
1 86 670.0 -984 1150.0 0 0 1 0 1 0 -1 0 0 3622.DAT
0 STEP
1 86 700.0 -480 1150.0 -1 0 0 0 1 0 0 0 -1 3010.DAT
0 STEP
1 86 740.0 -480 1170.0 -1 0 0 0 1 0 0 0 -1 3008.DAT
0 STEP
1 86 690.0 -480 1190.0 -1 0 0 0 1 0 0 0 -1 3622.DAT
0 STEP
1 86 670.0 -528 1190.0 0 0 1 0 1 0 -1 0 0 3005.DAT
0 STEP
1 86 680.0 -912 1200.0 0 0 1 0 1 0 -1 0 0 3003.DAT
0 STEP
1 86 700.0 -984 1200.0 -1 0 0 0 1 0 0 0 -1 3001.DAT
0 STEP
1 86 680.0 -1032 1210.0 0 0 1 0 1 0 -1 0 0 3002.DAT
0 STEP
1 86 670.0 -480 1240.0 0 0 1 0 1 0 -1 0 0 3010.DAT
0 STEP
1 86 670.0 -528 1240.0 0 0 1 0 1 0 -1 0 0 3010.DAT
0 STEP
1 86 740.0 -984 1230.0 -1 0 0 0 1 0 0 0 -1 3008.DAT
0 STEP
1 86 680.0 -984 1260.0 0 0 1 0 1 0 -1 0 0 3003.DAT
0 STEP
1 86 680.0 -1032 1330.0 0 0 1 0 1 0 -1 0 0 3002.DAT
0 STEP
1 19 710.0 -648 60.0 -1 0 0 0 1 0 0 0 -1 3002.DAT
0 STEP
1 14 710.0 -648 90.0 -1 0 0 0 1 0 0 0 -1 3622.DAT
0 STEP
1 86 720.0 -456 760.0 -1 0 0 0 1 0 0 0 -1 3001.DAT
0 STEP
1 86 700.0 -480 780.0 0 0 1 0 1 0 -1 0 0 3001.DAT
0 STEP
1 86 690.0 -504 770.0 0 0 1 0 1 0 -1 0 0 3005.DAT
0 STEP
1 86 700.0 -456 820.0 0 0 1 0 1 0 -1 0 0 3001.DAT
0 STEP
1 86 740.0 -504 790.0 -1 0 0 0 1 0 0 0 -1 3009.DAT
0 STEP
1 86 700.0 -504 820.0 0 0 1 0 1 0 -1 0 0 3003.DAT
0 STEP
1 86 720.0 -528 840.0 -1 0 0 0 1 0 0 0 -1 3001.DAT
0 STEP
1 86 720.0 -984 830.0 -1 0 0 0 1 0 0 0 -1 3010.DAT
0 STEP
1 86 690.0 -480 880.0 0 0 1 0 1 0 -1 0 0 3010.DAT
0 STEP
1 86 710.0 -984 850.0 -1 0 0 0 1 0 0 0 -1 3622.DAT
0 STEP
1 86 690.0 -1032 860.0 0 0 1 0 1 0 -1 0 0 3004.DAT
0 STEP
1 86 700.0 -528 890.0 0 0 1 0 1 0 -1 0 0 3002.DAT
0 STEP
1 86 720.0 -456 910.0 -1 0 0 0 1 0 0 0 -1 3010.DAT
0 STEP
1 86 690.0 -456 930.0 0 0 1 0 1 0 -1 0 0 3005.DAT
0 STEP
1 86 700.0 -504 960.0 0 0 1 0 1 0 -1 0 0 3001.DAT
0 STEP
1 86 720.0 -984 940.0 -1 0 0 0 1 0 0 0 -1 3001.DAT
0 STEP
1 86 690.0 -456 1000.0 0 0 1 0 1 0 -1 0 0 3009.DAT
0 STEP
1 86 690.0 -528 970.0 0 0 1 0 1 0 -1 0 0 3005.DAT
0 STEP
1 86 690.0 -984 970.0 0 0 1 0 1 0 -1 0 0 3005.DAT
0 STEP
1 86 690.0 -1032 970.0 0 0 1 0 1 0 -1 0 0 3005.DAT
0 STEP
1 86 700.0 -912 990.0 -1 0 0 0 1 0 0 0 -1 3004.DAT
0 STEP
1 86 760.0 -984 990.0 -1 0 0 0 1 0 0 0 -1 3008.DAT
0 STEP
1 86 740.0 -1032 990.0 -1 0 0 0 1 0 0 0 -1 3009.DAT
0 STEP
1 86 690.0 -480 1010.0 0 0 1 0 1 0 -1 0 0 3005.DAT
0 STEP
1 86 690.0 -528 1060.0 0 0 1 0 1 0 -1 0 0 3009.DAT
0 STEP
1 86 690.0 -912 1010.0 0 0 1 0 1 0 -1 0 0 3005.DAT
0 STEP
1 86 690.0 -1008 1040.0 0 0 1 0 1 0 -1 0 0 3010.DAT
0 STEP
1 86 700.0 -480 1030.0 -1 0 0 0 1 0 0 0 -1 3004.DAT
0 STEP
1 86 720.0 -480 1060.0 -1 0 0 0 1 0 0 0 -1 3001.DAT
0 STEP
1 86 740.0 -480 1100.0 -1 0 0 0 1 0 0 0 -1 2456.DAT
0 STEP
1 86 690.0 -1008 1090.0 0 0 1 0 1 0 -1 0 0 3005.DAT
0 STEP
1 86 700.0 -504 1140.0 0 0 1 0 1 0 -1 0 0 3001.DAT
0 STEP
1 86 690.0 -984 1110.0 0 0 1 0 1 0 -1 0 0 3005.DAT
0 STEP
1 86 720.0 -528 1140.0 -1 0 0 0 1 0 0 0 -1 3001.DAT
0 STEP
1 86 700.0 -984 1140.0 0 0 1 0 1 0 -1 0 0 3003.DAT
0 STEP
1 86 700.0 -1008 1170.0 0 0 1 0 1 0 -1 0 0 3002.DAT
0 STEP
1 86 720.0 -528 1180.0 -1 0 0 0 1 0 0 0 -1 3001.DAT
0 STEP
1 86 710.0 -984 1170.0 -1 0 0 0 1 0 0 0 -1 3622.DAT
0 STEP
1 86 690.0 -504 1200.0 0 0 1 0 1 0 -1 0 0 3004.DAT
0 STEP
1 86 710.0 -888 1190.0 -1 0 0 0 1 0 0 0 -1 3622.DAT
0 STEP
1 86 690.0 -456 1210.0 0 0 1 0 1 0 -1 0 0 3005.DAT
0 STEP
1 86 700.0 -480 1240.0 0 0 1 0 1 0 -1 0 0 3001.DAT
0 STEP
1 86 720.0 -528 1210.0 -1 0 0 0 1 0 0 0 -1 3010.DAT
0 STEP
1 86 720.0 -528 1240.0 -1 0 0 0 1 0 0 0 -1 3001.DAT
0 STEP
1 86 690.0 -1008 1270.0 0 0 1 0 1 0 -1 0 0 3622.DAT
0 STEP
1 86 720.0 -528 1270.0 -1 0 0 0 1 0 0 0 -1 3010.DAT
0 STEP
1 86 690.0 -984 1320.0 0 0 1 0 1 0 -1 0 0 3010.DAT
0 STEP
1 86 740.0 -624 1550.0 -1 0 0 0 1 0 0 0 -1 3009.DAT
0 STEP
1 86 780.0 -648 110.0 -1 0 0 0 1 0 0 0 -1 3008.DAT
0 STEP
1 13 740.0 -648 130.0 -1 0 0 0 1 0 0 0 -1 3010.DAT
0 STEP
1 86 710.0 -528 780.0 0 0 1 0 1 0 -1 0 0 3010.DAT
0 STEP
1 86 740.0 -504 770.0 -1 0 0 0 1 0 0 0 -1 3010.DAT
0 STEP
1 86 760.0 -1008 840.0 -1 0 0 0 1 0 0 0 -1 2456.DAT
0 STEP
1 86 720.0 -1032 850.0 0 0 1 0 1 0 -1 0 0 3002.DAT
0 STEP
1 86 730.0 -480 860.0 -1 0 0 0 1 0 0 0 -1 3002.DAT
0 STEP
1 86 710.0 -1008 900.0 0 0 1 0 1 0 -1 0 0 3010.DAT
0 STEP
1 86 740.0 -480 900.0 -1 0 0 0 1 0 0 0 -1 3001.DAT
0 STEP
1 86 710.0 -504 910.0 0 0 1 0 1 0 -1 0 0 3005.DAT
0 STEP
1 86 740.0 -456 930.0 -1 0 0 0 1 0 0 0 -1 3010.DAT
0 STEP
1 86 740.0 -456 960.0 -1 0 0 0 1 0 0 0 -1 3001.DAT
0 STEP
1 86 730.0 -528 950.0 -1 0 0 0 1 0 0 0 -1 3622.DAT
0 STEP
1 86 710.0 -1008 950.0 0 0 1 0 1 0 -1 0 0 3005.DAT
0 STEP
1 86 710.0 -1032 960.0 0 0 1 0 1 0 -1 0 0 3004.DAT
0 STEP
1 86 740.0 -528 970.0 -1 0 0 0 1 0 0 0 -1 3010.DAT
0 STEP
1 86 740.0 -984 970.0 -1 0 0 0 1 0 0 0 -1 3010.DAT
0 STEP
1 86 740.0 -456 990.0 -1 0 0 0 1 0 0 0 -1 3010.DAT
0 STEP
1 86 710.0 -480 1000.0 0 0 1 0 1 0 -1 0 0 3004.DAT
0 STEP
1 86 720.0 -888 990.0 -1 0 0 0 1 0 0 0 -1 3004.DAT
0 STEP
1 86 710.0 -1008 1060.0 0 0 1 0 1 0 -1 0 0 3008.DAT
0 STEP
1 86 760.0 -456 1010.0 -1 0 0 0 1 0 0 0 -1 3009.DAT
0 STEP
1 86 710.0 -528 1010.0 0 0 1 0 1 0 -1 0 0 3005.DAT
0 STEP
1 86 710.0 -456 1030.0 0 0 1 0 1 0 -1 0 0 3005.DAT
0 STEP
1 86 740.0 -528 1040.0 -1 0 0 0 1 0 0 0 -1 3001.DAT
0 STEP
1 86 710.0 -456 1080.0 0 0 1 0 1 0 -1 0 0 3010.DAT
0 STEP
1 86 710.0 -984 1080.0 0 0 1 0 1 0 -1 0 0 3010.DAT
0 STEP
1 86 740.0 -528 1080.0 -1 0 0 0 1 0 0 0 -1 3001.DAT
0 STEP
1 86 710.0 -528 1110.0 0 0 1 0 1 0 -1 0 0 3005.DAT
0 STEP
1 86 720.0 -1032 1130.0 0 0 1 0 1 0 -1 0 0 3002.DAT
0 STEP
1 86 740.0 -456 1140.0 -1 0 0 0 1 0 0 0 -1 3001.DAT
0 STEP
1 86 710.0 -456 1200.0 0 0 1 0 1 0 -1 0 0 3010.DAT
0 STEP
1 86 720.0 -1032 1200.0 0 0 1 0 1 0 -1 0 0 3001.DAT
0 STEP
1 86 710.0 -504 1220.0 0 0 1 0 1 0 -1 0 0 3010.DAT
0 STEP
1 86 730.0 -864 1190.0 -1 0 0 0 1 0 0 0 -1 3622.DAT
0 STEP
1 86 710.0 -912 1190.0 0 0 1 0 1 0 -1 0 0 3005.DAT
0 STEP
1 86 720.0 -1008 1240.0 0 0 1 0 1 0 -1 0 0 3001.DAT
0 STEP
1 86 710.0 -984 1300.0 0 0 1 0 1 0 -1 0 0 3009.DAT
0 STEP
1 86 710.0 -504 1270.0 0 0 1 0 1 0 -1 0 0 3005.DAT
0 STEP
1 86 720.0 -1032 1300.0 0 0 1 0 1 0 -1 0 0 3001.DAT
0 STEP
1 86 740.0 -1008 1290.0 -1 0 0 0 1 0 0 0 -1 3010.DAT
0 STEP
1 86 730.0 -1032 1350.0 -1 0 0 0 1 0 0 0 -1 3622.DAT
0 STEP
1 20 750.0 -648 160.0 -1 0 0 0 1 0 0 0 -1 3002.DAT
0 STEP
1 86 760.0 -480 750.0 -1 0 0 0 1 0 0 0 -1 3010.DAT
0 STEP
1 86 740.0 -528 770.0 0 0 1 0 1 0 -1 0 0 3002.DAT
0 STEP
1 86 730.0 -480 790.0 0 0 1 0 1 0 -1 0 0 3622.DAT
0 STEP
1 86 740.0 -456 820.0 0 0 1 0 1 0 -1 0 0 3001.DAT
0 STEP
1 86 730.0 -504 840.0 0 0 1 0 1 0 -1 0 0 3010.DAT
0 STEP
1 86 760.0 -528 810.0 -1 0 0 0 1 0 0 0 -1 3010.DAT
0 STEP
1 86 760.0 -264 870.0 -1 0 0 0 1 0 0 0 -1 3010.DAT
0 STEP
1 86 730.0 -288 880.0 0 0 1 0 1 0 -1 0 0 3004.DAT
0 STEP
1 86 800.0 -456 870.0 -1 0 0 0 1 0 0 0 -1 3008.DAT
0 STEP
1 86 740.0 -528 900.0 0 0 1 0 1 0 -1 0 0 3001.DAT
0 STEP
1 86 780.0 -1008 880.0 -1 0 0 0 1 0 0 0 -1 2456.DAT
0 STEP
1 86 730.0 -168 960.0 0 0 1 0 1 0 -1 0 0 3008.DAT
0 STEP
1 86 760.0 -192 890.0 -1 0 0 0 1 0 0 0 -1 3010.DAT
0 STEP
1 86 730.0 -216 910.0 0 0 1 0 1 0 -1 0 0 3622.DAT
0 STEP
1 86 740.0 -240 890.0 -1 0 0 0 1 0 0 0 -1 3004.DAT
0 STEP
1 86 740.0 -264 920.0 0 0 1 0 1 0 -1 0 0 3001.DAT
0 STEP
1 86 740.0 -96 940.0 0 0 1 0 1 0 -1 0 0 3001.DAT
0 STEP
1 86 740.0 -120 910.0 -1 0 0 0 1 0 0 0 -1 3004.DAT
0 STEP
1 86 730.0 -144 910.0 0 0 1 0 1 0 -1 0 0 3005.DAT
0 STEP
1 86 760.0 -192 920.0 -1 0 0 0 1 0 0 0 -1 3001.DAT
0 STEP
1 86 760.0 -240 910.0 -1 0 0 0 1 0 0 0 -1 3010.DAT
0 STEP
1 86 760.0 -288 920.0 -1 0 0 0 1 0 0 0 -1 3001.DAT
0 STEP
1 86 730.0 -504 940.0 0 0 1 0 1 0 -1 0 0 3010.DAT
0 STEP
1 86 730.0 -1008 930.0 0 0 1 0 1 0 -1 0 0 3622.DAT
0 STEP
1 86 730.0 -1032 930.0 0 0 1 0 1 0 -1 0 0 3622.DAT
0 STEP
1 86 760.0 0 930.0 -1 0 0 0 1 0 0 0 -1 3010.DAT
0 STEP
1 86 730.0 -24 980.0 0 0 1 0 1 0 -1 0 0 3009.DAT
0 STEP
1 86 760.0 -48 940.0 -1 0 0 0 1 0 0 0 -1 3001.DAT
0 STEP
1 86 730.0 -72 930.0 0 0 1 0 1 0 -1 0 0 3005.DAT
0 STEP
1 86 730.0 -120 1000.0 0 0 1 0 1 0 -1 0 0 3008.DAT
0 STEP
1 86 740.0 -144 930.0 -1 0 0 0 1 0 0 0 -1 3004.DAT
0 STEP
1 86 740.0 -240 930.0 -1 0 0 0 1 0 0 0 -1 3004.DAT
0 STEP
1 86 760.0 0 960.0 -1 0 0 0 1 0 0 0 -1 3001.DAT
0 STEP
1 86 730.0 -72 980.0 0 0 1 0 1 0 -1 0 0 3010.DAT
0 STEP
1 86 760.0 -144 960.0 -1 0 0 0 1 0 0 0 -1 3001.DAT
0 STEP
1 86 730.0 -192 950.0 0 0 1 0 1 0 -1 0 0 3005.DAT
0 STEP
1 86 760.0 -216 960.0 -1 0 0 0 1 0 0 0 -1 3001.DAT
0 STEP
1 86 740.0 -240 1000.0 0 0 1 0 1 0 -1 0 0 2456.DAT
0 STEP
1 86 730.0 -288 970.0 0 0 1 0 1 0 -1 0 0 3622.DAT
0 STEP
1 86 760.0 -48 970.0 -1 0 0 0 1 0 0 0 -1 3010.DAT
0 STEP
1 86 730.0 -192 1020.0 0 0 1 0 1 0 -1 0 0 3009.DAT
0 STEP
1 86 760.0 -264 970.0 -1 0 0 0 1 0 0 0 -1 3010.DAT
0 STEP
1 86 740.0 -480 1000.0 0 0 1 0 1 0 -1 0 0 3001.DAT
0 STEP
1 86 730.0 -1008 1000.0 0 0 1 0 1 0 -1 0 0 3010.DAT
0 STEP
1 86 760.0 -1032 970.0 -1 0 0 0 1 0 0 0 -1 3010.DAT
0 STEP
1 86 760.0 0 990.0 -1 0 0 0 1 0 0 0 -1 3010.DAT
0 STEP
1 86 760.0 -48 1000.0 -1 0 0 0 1 0 0 0 -1 3001.DAT
0 STEP
1 86 740.0 -96 990.0 -1 0 0 0 1 0 0 0 -1 3004.DAT
0 STEP
1 86 760.0 -144 990.0 -1 0 0 0 1 0 0 0 -1 3010.DAT
0 STEP
1 86 760.0 -216 990.0 -1 0 0 0 1 0 0 0 -1 3010.DAT
0 STEP
1 86 750.0 -264 990.0 -1 0 0 0 1 0 0 0 -1 3622.DAT
0 STEP
1 86 730.0 -504 990.0 0 0 1 0 1 0 -1 0 0 3005.DAT
0 STEP
1 86 740.0 -864 990.0 -1 0 0 0 1 0 0 0 -1 3004.DAT
0 STEP
1 86 750.0 -96 1010.0 -1 0 0 0 1 0 0 0 -1 3622.DAT
0 STEP
1 86 750.0 -144 1010.0 -1 0 0 0 1 0 0 0 -1 3622.DAT
0 STEP
1 86 750.0 -216 1020.0 -1 0 0 0 1 0 0 0 -1 3002.DAT
0 STEP
1 86 750.0 -264 1020.0 -1 0 0 0 1 0 0 0 -1 3002.DAT
0 STEP
1 86 760.0 -528 1010.0 -1 0 0 0 1 0 0 0 -1 3010.DAT
0 STEP
1 86 750.0 -48 1040.0 -1 0 0 0 1 0 0 0 -1 3002.DAT
0 STEP
1 86 730.0 -72 1030.0 0 0 1 0 1 0 -1 0 0 3005.DAT
0 STEP
1 86 730.0 -96 1040.0 0 0 1 0 1 0 -1 0 0 3004.DAT
0 STEP
1 86 730.0 -144 1050.0 0 0 1 0 1 0 -1 0 0 3622.DAT
0 STEP
1 86 800.0 -456 1040.0 -1 0 0 0 1 0 0 0 -1 3007.DAT
0 STEP
1 86 730.0 -504 1080.0 0 0 1 0 1 0 -1 0 0 3009.DAT
0 STEP
1 86 740.0 -984 1060.0 0 0 1 0 1 0 -1 0 0 3001.DAT
0 STEP
1 86 740.0 -72 1050.0 -1 0 0 0 1 0 0 0 -1 3004.DAT
0 STEP
1 86 750.0 -168 1060.0 -1 0 0 0 1 0 0 0 -1 3002.DAT
0 STEP
1 86 750.0 -216 1050.0 -1 0 0 0 1 0 0 0 -1 3622.DAT
0 STEP
1 86 750.0 -1008 1050.0 -1 0 0 0 1 0 0 0 -1 3622.DAT
0 STEP
1 86 730.0 -456 1090.0 0 0 1 0 1 0 -1 0 0 3622.DAT
0 STEP
1 86 730.0 -1008 1100.0 0 0 1 0 1 0 -1 0 0 3010.DAT
0 STEP
1 86 760.0 -528 1110.0 -1 0 0 0 1 0 0 0 -1 3010.DAT
0 STEP
1 86 730.0 -984 1130.0 0 0 1 0 1 0 -1 0 0 3622.DAT
0 STEP
1 86 730.0 -504 1150.0 0 0 1 0 1 0 -1 0 0 3005.DAT
0 STEP
1 86 760.0 -1008 1160.0 -1 0 0 0 1 0 0 0 -1 3001.DAT
0 STEP
1 86 750.0 -456 1180.0 -1 0 0 0 1 0 0 0 -1 3002.DAT
0 STEP
1 86 730.0 -504 1220.0 0 0 1 0 1 0 -1 0 0 3009.DAT
0 STEP
1 86 740.0 -480 1220.0 0 0 1 0 1 0 -1 0 0 3001.DAT
0 STEP
1 86 750.0 -840 1190.0 -1 0 0 0 1 0 0 0 -1 3622.DAT
0 STEP
1 86 750.0 -1008 1190.0 -1 0 0 0 1 0 0 0 -1 3622.DAT
0 STEP
1 86 760.0 -456 1210.0 -1 0 0 0 1 0 0 0 -1 3010.DAT
0 STEP
1 86 750.0 -456 1230.0 -1 0 0 0 1 0 0 0 -1 3622.DAT
0 STEP
1 86 730.0 -984 1250.0 0 0 1 0 1 0 -1 0 0 3005.DAT
0 STEP
1 86 780.0 -1032 1250.0 -1 0 0 0 1 0 0 0 -1 3009.DAT
0 STEP
1 86 780.0 -480 1270.0 -1 0 0 0 1 0 0 0 -1 3009.DAT
0 STEP
1 86 730.0 -984 1300.0 0 0 1 0 1 0 -1 0 0 3010.DAT
0 STEP
1 86 750.0 -984 1350.0 -1 0 0 0 1 0 0 0 -1 3622.DAT
0 STEP
1 86 730.0 -624 1500.0 0 0 1 0 1 0 -1 0 0 3004.DAT
0 STEP
1 86 740.0 -600 1510.0 -1 0 0 0 1 0 0 0 -1 3004.DAT
0 STEP
1 86 780.0 -648 1510.0 -1 0 0 0 1 0 0 0 -1 3009.DAT
0 STEP
1 23 760.0 -648 50.0 0 0 1 0 1 0 -1 0 0 3002.DAT
0 STEP
1 86 800.0 -648 90.0 -1 0 0 0 1 0 0 0 -1 3009.DAT
0 STEP
1 86 800.0 -648 190.0 -1 0 0 0 1 0 0 0 -1 3009.DAT
0 STEP
1 86 800.0 -480 780.0 -1 0 0 0 1 0 0 0 -1 2456.DAT
0 STEP
1 86 760.0 -96 840.0 0 0 1 0 1 0 -1 0 0 3001.DAT
0 STEP
1 86 780.0 -120 820.0 -1 0 0 0 1 0 0 0 -1 3001.DAT
0 STEP
1 86 750.0 -144 860.0 0 0 1 0 1 0 -1 0 0 3009.DAT
0 STEP
1 86 770.0 -168 810.0 -1 0 0 0 1 0 0 0 -1 3622.DAT
0 STEP
1 86 760.0 -192 840.0 0 0 1 0 1 0 -1 0 0 3001.DAT
0 STEP
1 86 750.0 -480 820.0 0 0 1 0 1 0 -1 0 0 3004.DAT
0 STEP
1 86 800.0 -504 810.0 -1 0 0 0 1 0 0 0 -1 3009.DAT
0 STEP
1 86 760.0 -48 860.0 0 0 1 0 1 0 -1 0 0 3001.DAT
0 STEP
1 86 780.0 -72 830.0 -1 0 0 0 1 0 0 0 -1 3010.DAT
0 STEP
1 86 770.0 -168 840.0 -1 0 0 0 1 0 0 0 -1 3002.DAT
0 STEP
1 86 770.0 -216 840.0 -1 0 0 0 1 0 0 0 -1 3002.DAT
0 STEP
1 86 750.0 -240 850.0 0 0 1 0 1 0 -1 0 0 3622.DAT
0 STEP
1 86 800.0 -504 840.0 -1 0 0 0 1 0 0 0 -1 2456.DAT
0 STEP
1 86 760.0 -1032 830.0 -1 0 0 0 1 0 0 0 -1 3004.DAT
0 STEP
1 86 770.0 -24 860.0 -1 0 0 0 1 0 0 0 -1 3002.DAT
0 STEP
1 86 770.0 -72 860.0 -1 0 0 0 1 0 0 0 -1 3002.DAT
0 STEP
1 86 770.0 -120 850.0 -1 0 0 0 1 0 0 0 -1 3622.DAT
0 STEP
1 86 770.0 -264 850.0 -1 0 0 0 1 0 0 0 -1 3622.DAT
0 STEP
1 86 750.0 -984 870.0 0 0 1 0 1 0 -1 0 0 3622.DAT
0 STEP
1 86 760.0 -1032 900.0 0 0 1 0 1 0 -1 0 0 2456.DAT
0 STEP
1 86 750.0 0 870.0 0 0 1 0 1 0 -1 0 0 3005.DAT
0 STEP
1 86 770.0 -120 880.0 -1 0 0 0 1 0 0 0 -1 3002.DAT
0 STEP
1 86 770.0 -168 880.0 -1 0 0 0 1 0 0 0 -1 3002.DAT
0 STEP
1 86 750.0 -216 900.0 0 0 1 0 1 0 -1 0 0 3010.DAT
0 STEP
1 86 760.0 -504 890.0 0 0 1 0 1 0 -1 0 0 3002.DAT
0 STEP
1 86 770.0 0 900.0 -1 0 0 0 1 0 0 0 -1 3002.DAT
0 STEP
1 86 760.0 -24 960.0 0 0 1 0 1 0 -1 0 0 3007.DAT
0 STEP
1 86 760.0 -72 920.0 0 0 1 0 1 0 -1 0 0 3001.DAT
0 STEP
1 86 760.0 -96 890.0 -1 0 0 0 1 0 0 0 -1 3004.DAT
0 STEP
1 86 770.0 -288 890.0 -1 0 0 0 1 0 0 0 -1 3622.DAT
0 STEP
1 86 760.0 -48 910.0 -1 0 0 0 1 0 0 0 -1 3004.DAT
0 STEP
1 86 750.0 -168 930.0 0 0 1 0 1 0 -1 0 0 3622.DAT
0 STEP
1 86 820.0 -1008 920.0 -1 0 0 0 1 0 0 0 -1 3007.DAT
0 STEP
1 86 750.0 -120 980.0 0 0 1 0 1 0 -1 0 0 3009.DAT
0 STEP
1 86 800.0 -504 930.0 -1 0 0 0 1 0 0 0 -1 3009.DAT
0 STEP
1 86 760.0 -192 980.0 0 0 1 0 1 0 -1 0 0 3001.DAT
0 STEP
1 86 750.0 -288 980.0 0 0 1 0 1 0 -1 0 0 3010.DAT
0 STEP
1 86 750.0 -504 980.0 0 0 1 0 1 0 -1 0 0 3010.DAT
0 STEP
1 86 760.0 -1008 980.0 0 0 1 0 1 0 -1 0 0 3001.DAT
0 STEP
1 86 750.0 -72 1000.0 0 0 1 0 1 0 -1 0 0 3010.DAT
0 STEP
1 86 760.0 -168 1000.0 0 0 1 0 1 0 -1 0 0 3001.DAT
0 STEP
1 86 760.0 -840 990.0 -1 0 0 0 1 0 0 0 -1 3004.DAT
0 STEP
1 86 750.0 -984 1010.0 0 0 1 0 1 0 -1 0 0 3005.DAT
0 STEP
1 86 750.0 -1032 1040.0 0 0 1 0 1 0 -1 0 0 3010.DAT
0 STEP
1 86 760.0 -96 1050.0 0 0 1 0 1 0 -1 0 0 3002.DAT
0 STEP
1 86 760.0 -144 1050.0 0 0 1 0 1 0 -1 0 0 3002.DAT
0 STEP
1 86 760.0 -192 1050.0 0 0 1 0 1 0 -1 0 0 3002.DAT
0 STEP
1 86 760.0 -504 1030.0 -1 0 0 0 1 0 0 0 -1 3004.DAT
0 STEP
1 86 770.0 -1008 1030.0 -1 0 0 0 1 0 0 0 -1 3622.DAT
0 STEP
1 86 750.0 -120 1050.0 0 0 1 0 1 0 -1 0 0 3005.DAT
0 STEP
1 86 770.0 -504 1050.0 -1 0 0 0 1 0 0 0 -1 3622.DAT
0 STEP
1 86 760.0 -120 1070.0 -1 0 0 0 1 0 0 0 -1 3004.DAT
0 STEP
1 86 780.0 -456 1070.0 -1 0 0 0 1 0 0 0 -1 3010.DAT
0 STEP
1 86 750.0 -504 1120.0 0 0 1 0 1 0 -1 0 0 3009.DAT
0 STEP
1 86 760.0 -1008 1100.0 0 0 1 0 1 0 -1 0 0 3001.DAT
0 STEP
1 86 750.0 -456 1100.0 0 0 1 0 1 0 -1 0 0 3004.DAT
0 STEP
1 86 760.0 -432 1110.0 -1 0 0 0 1 0 0 0 -1 3004.DAT
0 STEP
1 86 770.0 -984 1110.0 -1 0 0 0 1 0 0 0 -1 3622.DAT
0 STEP
1 86 750.0 -1032 1120.0 0 0 1 0 1 0 -1 0 0 3004.DAT
0 STEP
1 86 750.0 -432 1130.0 0 0 1 0 1 0 -1 0 0 3005.DAT
0 STEP
1 86 760.0 -984 1160.0 0 0 1 0 1 0 -1 0 0 3001.DAT
0 STEP
1 86 750.0 -480 1150.0 0 0 1 0 1 0 -1 0 0 3005.DAT
0 STEP
1 86 760.0 -1032 1180.0 0 0 1 0 1 0 -1 0 0 3001.DAT
0 STEP
1 86 750.0 -504 1190.0 0 0 1 0 1 0 -1 0 0 3005.DAT
0 STEP
1 86 770.0 -816 1190.0 -1 0 0 0 1 0 0 0 -1 3622.DAT
0 STEP
1 86 800.0 -504 1220.0 -1 0 0 0 1 0 0 0 -1 2456.DAT
0 STEP
1 86 780.0 -984 1210.0 -1 0 0 0 1 0 0 0 -1 3010.DAT
0 STEP
1 86 760.0 -1008 1240.0 0 0 1 0 1 0 -1 0 0 3001.DAT
0 STEP
1 86 750.0 -1032 1230.0 0 0 1 0 1 0 -1 0 0 3005.DAT
0 STEP
1 86 800.0 -504 1260.0 -1 0 0 0 1 0 0 0 -1 2456.DAT
0 STEP
1 86 760.0 -624 1250.0 -1 0 0 0 1 0 0 0 -1 3004.DAT
0 STEP
1 86 780.0 -984 1250.0 -1 0 0 0 1 0 0 0 -1 3010.DAT
0 STEP
1 86 770.0 -600 1280.0 -1 0 0 0 1 0 0 0 -1 3002.DAT
0 STEP
1 86 760.0 -624 1320.0 0 0 1 0 1 0 -1 0 0 2456.DAT
0 STEP
1 86 770.0 -648 1280.0 -1 0 0 0 1 0 0 0 -1 3002.DAT
0 STEP
1 86 760.0 -984 1300.0 0 0 1 0 1 0 -1 0 0 3001.DAT
0 STEP
1 86 760.0 -1032 1300.0 0 0 1 0 1 0 -1 0 0 3001.DAT
0 STEP
1 86 750.0 -672 1320.0 0 0 1 0 1 0 -1 0 0 3010.DAT
0 STEP
1 86 750.0 -576 1340.0 0 0 1 0 1 0 -1 0 0 3010.DAT
0 STEP
1 86 770.0 -600 1310.0 -1 0 0 0 1 0 0 0 -1 3622.DAT
0 STEP
1 86 770.0 -648 1310.0 -1 0 0 0 1 0 0 0 -1 3622.DAT
0 STEP
1 86 770.0 -600 1340.0 -1 0 0 0 1 0 0 0 -1 3002.DAT
0 STEP
1 86 770.0 -648 1340.0 -1 0 0 0 1 0 0 0 -1 3002.DAT
0 STEP
1 86 760.0 -552 1380.0 0 0 1 0 1 0 -1 0 0 3001.DAT
0 STEP
1 86 750.0 -696 1370.0 0 0 1 0 1 0 -1 0 0 3622.DAT
0 STEP
1 86 750.0 -600 1390.0 0 0 1 0 1 0 -1 0 0 3622.DAT
0 STEP
1 86 770.0 -648 1380.0 -1 0 0 0 1 0 0 0 -1 3002.DAT
0 STEP
1 86 750.0 -672 1370.0 0 0 1 0 1 0 -1 0 0 3005.DAT
0 STEP
1 86 760.0 -576 1390.0 -1 0 0 0 1 0 0 0 -1 3004.DAT
0 STEP
1 86 760.0 -624 1390.0 -1 0 0 0 1 0 0 0 -1 3004.DAT
0 STEP
1 86 750.0 -672 1420.0 0 0 1 0 1 0 -1 0 0 3010.DAT
0 STEP
1 86 750.0 -576 1440.0 0 0 1 0 1 0 -1 0 0 3010.DAT
0 STEP
1 86 770.0 -624 1410.0 -1 0 0 0 1 0 0 0 -1 3622.DAT
0 STEP
1 86 750.0 -648 1410.0 0 0 1 0 1 0 -1 0 0 3005.DAT
0 STEP
1 86 770.0 -696 1420.0 -1 0 0 0 1 0 0 0 -1 3002.DAT
0 STEP
1 86 750.0 -552 1440.0 0 0 1 0 1 0 -1 0 0 3004.DAT
0 STEP
1 86 750.0 -600 1460.0 0 0 1 0 1 0 -1 0 0 3010.DAT
0 STEP
1 86 770.0 -624 1440.0 -1 0 0 0 1 0 0 0 -1 3002.DAT
0 STEP
1 86 750.0 -648 1460.0 0 0 1 0 1 0 -1 0 0 3010.DAT
0 STEP
1 86 760.0 -528 1480.0 0 0 1 0 1 0 -1 0 0 3001.DAT
0 STEP
1 86 780.0 -696 1450.0 -1 0 0 0 1 0 0 0 -1 3010.DAT
0 STEP
1 86 750.0 -720 1480.0 0 0 1 0 1 0 -1 0 0 3010.DAT
0 STEP
1 86 770.0 -552 1470.0 -1 0 0 0 1 0 0 0 -1 3622.DAT
0 STEP
1 86 750.0 -624 1470.0 0 0 1 0 1 0 -1 0 0 3005.DAT
0 STEP
1 86 780.0 -672 1480.0 -1 0 0 0 1 0 0 0 -1 3001.DAT
0 STEP
1 86 750.0 -696 1490.0 0 0 1 0 1 0 -1 0 0 3622.DAT
0 STEP
1 86 750.0 -552 1490.0 0 0 1 0 1 0 -1 0 0 3005.DAT
0 STEP
1 86 780.0 -576 1490.0 -1 0 0 0 1 0 0 0 -1 3010.DAT
0 STEP
1 86 780.0 -624 1500.0 -1 0 0 0 1 0 0 0 -1 3001.DAT
0 STEP
1 86 770.0 -552 1510.0 -1 0 0 0 1 0 0 0 -1 3622.DAT
0 STEP
1 86 760.0 -576 1510.0 -1 0 0 0 1 0 0 0 -1 3004.DAT
0 STEP
1 86 780.0 -672 1510.0 -1 0 0 0 1 0 0 0 -1 3010.DAT
0 STEP
1 26 770.0 -648 210.0 0 0 1 0 1 0 -1 0 0 3005.DAT
0 STEP
1 86 770.0 -456 780.0 0 0 1 0 1 0 -1 0 0 3010.DAT
0 STEP
1 86 780.0 -528 770.0 0 0 1 0 1 0 -1 0 0 3002.DAT
0 STEP
1 86 780.0 -144 830.0 0 0 1 0 1 0 -1 0 0 3002.DAT
0 STEP
1 86 770.0 -480 840.0 0 0 1 0 1 0 -1 0 0 3010.DAT
0 STEP
1 86 780.0 -240 860.0 0 0 1 0 1 0 -1 0 0 3001.DAT
0 STEP
1 86 800.0 -456 830.0 -1 0 0 0 1 0 0 0 -1 3010.DAT
0 STEP
1 86 780.0 -528 830.0 -1 0 0 0 1 0 0 0 -1 3004.DAT
0 STEP
1 86 770.0 -984 860.0 0 0 1 0 1 0 -1 0 0 3010.DAT
0 STEP
1 86 820.0 -456 850.0 -1 0 0 0 1 0 0 0 -1 3009.DAT
0 STEP
1 86 800.0 -528 860.0 -1 0 0 0 1 0 0 0 -1 3001.DAT
0 STEP
1 86 780.0 -144 900.0 0 0 1 0 1 0 -1 0 0 3001.DAT
0 STEP
1 86 780.0 -216 900.0 0 0 1 0 1 0 -1 0 0 3001.DAT
0 STEP
1 86 780.0 -264 920.0 0 0 1 0 1 0 -1 0 0 3001.DAT
0 STEP
1 86 800.0 -456 900.0 -1 0 0 0 1 0 0 0 -1 3001.DAT
0 STEP
1 86 780.0 -528 920.0 0 0 1 0 1 0 -1 0 0 3001.DAT
0 STEP
1 86 780.0 -96 910.0 -1 0 0 0 1 0 0 0 -1 3004.DAT
0 STEP
1 86 770.0 -120 980.0 0 0 1 0 1 0 -1 0 0 3008.DAT
0 STEP
1 86 780.0 -168 910.0 -1 0 0 0 1 0 0 0 -1 3004.DAT
0 STEP
1 86 780.0 -96 960.0 0 0 1 0 1 0 -1 0 0 3001.DAT
0 STEP
1 86 840.0 -168 930.0 -1 0 0 0 1 0 0 0 -1 3008.DAT
0 STEP
1 86 770.0 -240 980.0 0 0 1 0 1 0 -1 0 0 3009.DAT
0 STEP
1 86 770.0 -432 960.0 0 0 1 0 1 0 -1 0 0 3010.DAT
0 STEP
1 86 770.0 -480 1000.0 0 0 1 0 1 0 -1 0 0 3008.DAT
0 STEP
1 86 770.0 -984 940.0 0 0 1 0 1 0 -1 0 0 3004.DAT
0 STEP
1 86 770.0 -168 950.0 0 0 1 0 1 0 -1 0 0 3005.DAT
0 STEP
1 86 780.0 -288 960.0 0 0 1 0 1 0 -1 0 0 3003.DAT
0 STEP
1 86 780.0 -360 950.0 -1 0 0 0 1 0 0 0 -1 3004.DAT
0 STEP
1 86 770.0 -384 1020.0 0 0 1 0 1 0 -1 0 0 3008.DAT
0 STEP
1 86 780.0 -408 950.0 -1 0 0 0 1 0 0 0 -1 3004.DAT
0 STEP
1 86 800.0 -504 960.0 -1 0 0 0 1 0 0 0 -1 3001.DAT
0 STEP
1 86 770.0 -72 970.0 0 0 1 0 1 0 -1 0 0 3005.DAT
0 STEP
1 86 770.0 -312 1000.0 0 0 1 0 1 0 -1 0 0 3010.DAT
0 STEP
1 86 780.0 -336 970.0 -1 0 0 0 1 0 0 0 -1 3004.DAT
0 STEP
1 86 770.0 -360 1000.0 0 0 1 0 1 0 -1 0 0 3010.DAT
0 STEP
1 86 770.0 -408 1040.0 0 0 1 0 1 0 -1 0 0 3008.DAT
0 STEP
1 86 770.0 -72 1020.0 0 0 1 0 1 0 -1 0 0 3010.DAT
0 STEP
1 86 770.0 -288 1020.0 0 0 1 0 1 0 -1 0 0 3010.DAT
0 STEP
1 86 770.0 -336 990.0 0 0 1 0 1 0 -1 0 0 3005.DAT
0 STEP
1 86 800.0 -504 1000.0 -1 0 0 0 1 0 0 0 -1 3001.DAT
0 STEP
1 86 780.0 -816 990.0 -1 0 0 0 1 0 0 0 -1 3004.DAT
0 STEP
1 86 780.0 0 1010.0 -1 0 0 0 1 0 0 0 -1 3004.DAT
0 STEP
1 86 770.0 -336 1040.0 0 0 1 0 1 0 -1 0 0 3010.DAT
0 STEP
1 86 770.0 -432 1010.0 0 0 1 0 1 0 -1 0 0 3005.DAT
0 STEP
1 86 790.0 -624 1010.0 -1 0 0 0 1 0 0 0 -1 3622.DAT
0 STEP
1 86 780.0 -984 1040.0 0 0 1 0 1 0 -1 0 0 3001.DAT
0 STEP
1 86 780.0 -1032 1040.0 0 0 1 0 1 0 -1 0 0 3001.DAT
0 STEP
1 86 770.0 -432 1060.0 0 0 1 0 1 0 -1 0 0 3010.DAT
0 STEP
1 86 780.0 -600 1030.0 -1 0 0 0 1 0 0 0 -1 3004.DAT
0 STEP
1 86 780.0 -624 1060.0 0 0 1 0 1 0 -1 0 0 3001.DAT
0 STEP
1 86 770.0 -648 1040.0 0 0 1 0 1 0 -1 0 0 3004.DAT
0 STEP
1 86 770.0 -240 1050.0 0 0 1 0 1 0 -1 0 0 3005.DAT
0 STEP
1 86 770.0 -312 1050.0 0 0 1 0 1 0 -1 0 0 3005.DAT
0 STEP
1 86 770.0 -360 1070.0 0 0 1 0 1 0 -1 0 0 3622.DAT
0 STEP
1 86 790.0 -576 1060.0 -1 0 0 0 1 0 0 0 -1 3002.DAT
0 STEP
1 86 770.0 -600 1080.0 0 0 1 0 1 0 -1 0 0 3010.DAT
0 STEP
1 86 770.0 -672 1080.0 0 0 1 0 1 0 -1 0 0 3010.DAT
0 STEP
1 86 770.0 -504 1100.0 0 0 1 0 1 0 -1 0 0 3010.DAT
0 STEP
1 86 790.0 -648 1080.0 -1 0 0 0 1 0 0 0 -1 3002.DAT
0 STEP
1 86 800.0 -456 1100.0 -1 0 0 0 1 0 0 0 -1 3001.DAT
0 STEP
1 86 790.0 -576 1090.0 -1 0 0 0 1 0 0 0 -1 3622.DAT
0 STEP
1 86 790.0 -984 1090.0 -1 0 0 0 1 0 0 0 -1 3622.DAT
0 STEP
1 86 770.0 -1032 1110.0 0 0 1 0 1 0 -1 0 0 3622.DAT
0 STEP
1 86 780.0 -576 1160.0 0 0 1 0 1 0 -1 0 0 2456.DAT
0 STEP
1 86 790.0 -624 1120.0 -1 0 0 0 1 0 0 0 -1 3002.DAT
0 STEP
1 86 780.0 -648 1110.0 -1 0 0 0 1 0 0 0 -1 3004.DAT
0 STEP
1 86 770.0 -528 1160.0 0 0 1 0 1 0 -1 0 0 3010.DAT
0 STEP
1 86 790.0 -552 1140.0 -1 0 0 0 1 0 0 0 -1 3002.DAT
0 STEP
1 86 770.0 -600 1130.0 0 0 1 0 1 0 -1 0 0 3005.DAT
0 STEP
1 86 780.0 -648 1180.0 0 0 1 0 1 0 -1 0 0 2456.DAT
0 STEP
1 86 790.0 -672 1140.0 -1 0 0 0 1 0 0 0 -1 3002.DAT
0 STEP
1 86 770.0 -696 1180.0 0 0 1 0 1 0 -1 0 0 3009.DAT
0 STEP
1 86 800.0 -480 1150.0 -1 0 0 0 1 0 0 0 -1 3010.DAT
0 STEP
1 86 770.0 -504 1170.0 0 0 1 0 1 0 -1 0 0 3622.DAT
0 STEP
1 86 790.0 -600 1160.0 -1 0 0 0 1 0 0 0 -1 3002.DAT
0 STEP
1 86 770.0 -624 1150.0 0 0 1 0 1 0 -1 0 0 3005.DAT
0 STEP
1 86 770.0 -552 1200.0 0 0 1 0 1 0 -1 0 0 3010.DAT
0 STEP
1 86 770.0 -624 1200.0 0 0 1 0 1 0 -1 0 0 3010.DAT
0 STEP
1 86 790.0 -672 1180.0 -1 0 0 0 1 0 0 0 -1 3002.DAT
0 STEP
1 86 780.0 -480 1220.0 0 0 1 0 1 0 -1 0 0 3001.DAT
0 STEP
1 86 790.0 -600 1200.0 -1 0 0 0 1 0 0 0 -1 3002.DAT
0 STEP
1 86 800.0 -792 1190.0 -1 0 0 0 1 0 0 0 -1 3010.DAT
0 STEP
1 86 770.0 -528 1210.0 0 0 1 0 1 0 -1 0 0 3005.DAT
0 STEP
1 86 770.0 -672 1260.0 0 0 1 0 1 0 -1 0 0 3009.DAT
0 STEP
1 86 790.0 -720 1210.0 -1 0 0 0 1 0 0 0 -1 3622.DAT
0 STEP
1 86 770.0 -528 1280.0 0 0 1 0 1 0 -1 0 0 3009.DAT
0 STEP
1 86 770.0 -576 1300.0 0 0 1 0 1 0 -1 0 0 3008.DAT
0 STEP
1 86 790.0 -600 1240.0 -1 0 0 0 1 0 0 0 -1 3002.DAT
0 STEP
1 86 790.0 -720 1240.0 -1 0 0 0 1 0 0 0 -1 3002.DAT
0 STEP
1 86 800.0 -1032 1230.0 -1 0 0 0 1 0 0 0 -1 3010.DAT
0 STEP
1 86 770.0 -456 1250.0 0 0 1 0 1 0 -1 0 0 3005.DAT
0 STEP
1 86 790.0 -552 1260.0 -1 0 0 0 1 0 0 0 -1 3002.DAT
0 STEP
1 86 790.0 -648 1250.0 -1 0 0 0 1 0 0 0 -1 3622.DAT
0 STEP
1 86 770.0 -696 1250.0 0 0 1 0 1 0 -1 0 0 3005.DAT
0 STEP
1 86 790.0 -696 1280.0 -1 0 0 0 1 0 0 0 -1 3002.DAT
0 STEP
1 86 770.0 -720 1270.0 0 0 1 0 1 0 -1 0 0 3005.DAT
0 STEP
1 86 790.0 -552 1290.0 -1 0 0 0 1 0 0 0 -1 3622.DAT
0 STEP
1 86 770.0 -720 1320.0 0 0 1 0 1 0 -1 0 0 3010.DAT
0 STEP
1 86 790.0 -552 1320.0 -1 0 0 0 1 0 0 0 -1 3002.DAT
0 STEP
1 86 790.0 -696 1320.0 -1 0 0 0 1 0 0 0 -1 3002.DAT
0 STEP
1 86 780.0 -1008 1310.0 -1 0 0 0 1 0 0 0 -1 3004.DAT
0 STEP
1 86 770.0 -672 1330.0 0 0 1 0 1 0 -1 0 0 3005.DAT
0 STEP
1 86 800.0 -744 1330.0 -1 0 0 0 1 0 0 0 -1 3010.DAT
0 STEP
1 86 800.0 -504 1360.0 -1 0 0 0 1 0 0 0 -1 3001.DAT
0 STEP
1 86 780.0 -528 1370.0 0 0 1 0 1 0 -1 0 0 3002.DAT
0 STEP
1 86 770.0 -672 1380.0 0 0 1 0 1 0 -1 0 0 3010.DAT
0 STEP
1 86 780.0 -696 1370.0 0 0 1 0 1 0 -1 0 0 3002.DAT
0 STEP
1 86 790.0 -744 1360.0 -1 0 0 0 1 0 0 0 -1 3002.DAT
0 STEP
1 86 820.0 -1032 1350.0 -1 0 0 0 1 0 0 0 -1 3009.DAT
0 STEP
1 86 770.0 -600 1440.0 0 0 1 0 1 0 -1 0 0 3008.DAT
0 STEP
1 86 770.0 -720 1420.0 0 0 1 0 1 0 -1 0 0 3009.DAT
0 STEP
1 86 790.0 -504 1390.0 -1 0 0 0 1 0 0 0 -1 3622.DAT
0 STEP
1 86 790.0 -744 1390.0 -1 0 0 0 1 0 0 0 -1 3622.DAT
0 STEP
1 86 780.0 -504 1440.0 0 0 1 0 1 0 -1 0 0 3001.DAT
0 STEP
1 86 790.0 -528 1420.0 -1 0 0 0 1 0 0 0 -1 3002.DAT
0 STEP
1 86 780.0 -576 1420.0 0 0 1 0 1 0 -1 0 0 3003.DAT
0 STEP
1 86 770.0 -648 1440.0 0 0 1 0 1 0 -1 0 0 3010.DAT
0 STEP
1 86 790.0 -744 1420.0 -1 0 0 0 1 0 0 0 -1 3002.DAT
0 STEP
1 86 770.0 -552 1430.0 0 0 1 0 1 0 -1 0 0 3005.DAT
0 STEP
1 86 780.0 -672 1440.0 0 0 1 0 1 0 -1 0 0 3003.DAT
0 STEP
1 86 780.0 -552 1450.0 -1 0 0 0 1 0 0 0 -1 3004.DAT
0 STEP
1 86 800.0 -576 1450.0 -1 0 0 0 1 0 0 0 -1 3010.DAT
0 STEP
1 86 790.0 -744 1460.0 -1 0 0 0 1 0 0 0 -1 3002.DAT
0 STEP
1 86 790.0 -576 1470.0 -1 0 0 0 1 0 0 0 -1 3622.DAT
0 STEP
1 86 800.0 -624 1470.0 -1 0 0 0 1 0 0 0 -1 3010.DAT
0 STEP
1 86 780.0 -696 1490.0 0 0 1 0 1 0 -1 0 0 3002.DAT
0 STEP
1 86 770.0 -768 1490.0 0 0 1 0 1 0 -1 0 0 3622.DAT
0 STEP
1 86 790.0 -480 1500.0 -1 0 0 0 1 0 0 0 -1 3002.DAT
0 STEP
1 86 770.0 -504 1500.0 0 0 1 0 1 0 -1 0 0 3004.DAT
0 STEP
1 86 840.0 -552 1490.0 -1 0 0 0 1 0 0 0 -1 3008.DAT
0 STEP
1 86 770.0 -648 1490.0 0 0 1 0 1 0 -1 0 0 3005.DAT
0 STEP
1 86 800.0 -720 1490.0 -1 0 0 0 1 0 0 0 -1 3010.DAT
0 STEP
1 86 790.0 -744 1500.0 -1 0 0 0 1 0 0 0 -1 3002.DAT
0 STEP
1 86 820.0 -720 1510.0 -1 0 0 0 1 0 0 0 -1 3009.DAT
0 STEP
1 86 840.0 -648 1550.0 -1 0 0 0 1 0 0 0 -1 3008.DAT
0 STEP
1 27 790.0 -648 30.0 0 0 1 0 1 0 -1 0 0 3005.DAT
0 STEP
1 86 820.0 -648 60.0 -1 0 0 0 1 0 0 0 -1 3001.DAT
0 STEP
1 86 840.0 -648 140.0 -1 0 0 0 1 0 0 0 -1 2456.DAT
0 STEP
1 86 820.0 -648 170.0 -1 0 0 0 1 0 0 0 -1 3010.DAT
0 STEP
1 86 820.0 -648 220.0 -1 0 0 0 1 0 0 0 -1 3001.DAT
0 STEP
1 86 800.0 -456 760.0 0 0 1 0 1 0 -1 0 0 3003.DAT
0 STEP
1 86 810.0 -504 770.0 -1 0 0 0 1 0 0 0 -1 3622.DAT
0 STEP
1 86 790.0 -624 800.0 0 0 1 0 1 0 -1 0 0 3010.DAT
0 STEP
1 86 820.0 -456 800.0 -1 0 0 0 1 0 0 0 -1 3001.DAT
0 STEP
1 86 810.0 -600 790.0 -1 0 0 0 1 0 0 0 -1 3622.DAT
0 STEP
1 86 810.0 -648 800.0 -1 0 0 0 1 0 0 0 -1 3002.DAT
0 STEP
1 86 800.0 -480 830.0 0 0 1 0 1 0 -1 0 0 3002.DAT
0 STEP
1 86 810.0 -576 820.0 -1 0 0 0 1 0 0 0 -1 3002.DAT
0 STEP
1 86 790.0 -600 880.0 0 0 1 0 1 0 -1 0 0 3008.DAT
0 STEP
1 86 790.0 -672 840.0 0 0 1 0 1 0 -1 0 0 3010.DAT
0 STEP
1 86 790.0 -96 860.0 0 0 1 0 1 0 -1 0 0 3010.DAT
0 STEP
1 86 790.0 -192 850.0 0 0 1 0 1 0 -1 0 0 3622.DAT
0 STEP
1 86 800.0 -648 880.0 0 0 1 0 1 0 -1 0 0 2456.DAT
0 STEP
1 86 790.0 -984 830.0 0 0 1 0 1 0 -1 0 0 3005.DAT
0 STEP
1 86 860.0 -1032 830.0 -1 0 0 0 1 0 0 0 -1 3008.DAT
0 STEP
1 86 790.0 -48 880.0 0 0 1 0 1 0 -1 0 0 3010.DAT
0 STEP
1 86 810.0 -576 850.0 -1 0 0 0 1 0 0 0 -1 3622.DAT
0 STEP
1 86 810.0 -624 860.0 -1 0 0 0 1 0 0 0 -1 3002.DAT
0 STEP
1 86 800.0 -984 860.0 0 0 1 0 1 0 -1 0 0 3003.DAT
0 STEP
1 86 800.0 -1032 880.0 0 0 1 0 1 0 -1 0 0 3001.DAT
0 STEP
1 86 790.0 -360 900.0 0 0 1 0 1 0 -1 0 0 3010.DAT
0 STEP
1 86 790.0 -384 870.0 0 0 1 0 1 0 -1 0 0 3005.DAT
0 STEP
1 86 790.0 -408 900.0 0 0 1 0 1 0 -1 0 0 3010.DAT
0 STEP
1 86 790.0 -432 900.0 0 0 1 0 1 0 -1 0 0 3010.DAT
0 STEP
1 86 790.0 -480 900.0 0 0 1 0 1 0 -1 0 0 3010.DAT
0 STEP
1 86 820.0 -504 870.0 -1 0 0 0 1 0 0 0 -1 3010.DAT
0 STEP
1 86 810.0 -576 880.0 -1 0 0 0 1 0 0 0 -1 3002.DAT
0 STEP
1 86 790.0 -24 890.0 0 0 1 0 1 0 -1 0 0 3005.DAT
0 STEP
1 86 790.0 -72 940.0 0 0 1 0 1 0 -1 0 0 3009.DAT
0 STEP
1 86 790.0 -312 920.0 0 0 1 0 1 0 -1 0 0 3010.DAT
0 STEP
1 86 790.0 -336 920.0 0 0 1 0 1 0 -1 0 0 3010.DAT
0 STEP
1 86 790.0 -384 920.0 0 0 1 0 1 0 -1 0 0 3010.DAT
0 STEP
1 86 820.0 -504 900.0 -1 0 0 0 1 0 0 0 -1 3001.DAT
0 STEP
1 86 810.0 -624 900.0 -1 0 0 0 1 0 0 0 -1 3002.DAT
0 STEP
1 86 810.0 -672 890.0 -1 0 0 0 1 0 0 0 -1 3622.DAT
0 STEP
1 86 790.0 -696 890.0 0 0 1 0 1 0 -1 0 0 3005.DAT
0 STEP
1 86 790.0 -984 890.0 0 0 1 0 1 0 -1 0 0 3005.DAT
0 STEP
1 86 790.0 -24 960.0 0 0 1 0 1 0 -1 0 0 3009.DAT
0 STEP
1 86 790.0 -120 910.0 0 0 1 0 1 0 -1 0 0 3005.DAT
0 STEP
1 86 790.0 -552 910.0 0 0 1 0 1 0 -1 0 0 3005.DAT
0 STEP
1 86 800.0 -576 940.0 0 0 1 0 1 0 -1 0 0 3001.DAT
0 STEP
1 86 800.0 -672 940.0 0 0 1 0 1 0 -1 0 0 3001.DAT
0 STEP
1 86 810.0 -696 920.0 -1 0 0 0 1 0 0 0 -1 3002.DAT
0 STEP
1 86 790.0 -984 940.0 0 0 1 0 1 0 -1 0 0 3010.DAT
0 STEP
1 86 820.0 -120 930.0 -1 0 0 0 1 0 0 0 -1 3010.DAT
0 STEP
1 86 790.0 -240 960.0 0 0 1 0 1 0 -1 0 0 3010.DAT
0 STEP
1 86 800.0 -456 960.0 0 0 1 0 1 0 -1 0 0 3001.DAT
0 STEP
1 86 800.0 -552 930.0 -1 0 0 0 1 0 0 0 -1 3004.DAT
0 STEP
1 86 790.0 -624 960.0 0 0 1 0 1 0 -1 0 0 3010.DAT
0 STEP
1 86 790.0 -1032 940.0 0 0 1 0 1 0 -1 0 0 3004.DAT
0 STEP
1 86 820.0 -120 960.0 -1 0 0 0 1 0 0 0 -1 3001.DAT
0 STEP
1 86 790.0 -168 970.0 0 0 1 0 1 0 -1 0 0 3622.DAT
0 STEP
1 86 790.0 -192 970.0 0 0 1 0 1 0 -1 0 0 3622.DAT
0 STEP
1 86 790.0 -480 950.0 0 0 1 0 1 0 -1 0 0 3005.DAT
0 STEP
1 86 790.0 -552 980.0 0 0 1 0 1 0 -1 0 0 3010.DAT
0 STEP
1 86 800.0 -648 950.0 -1 0 0 0 1 0 0 0 -1 3004.DAT
0 STEP
1 86 810.0 -696 950.0 -1 0 0 0 1 0 0 0 -1 3622.DAT
0 STEP
1 86 840.0 -1008 950.0 -1 0 0 0 1 0 0 0 -1 3009.DAT
0 STEP
1 86 790.0 -312 970.0 0 0 1 0 1 0 -1 0 0 3005.DAT
0 STEP
1 86 790.0 -480 1020.0 0 0 1 0 1 0 -1 0 0 3009.DAT
0 STEP
1 86 790.0 -528 980.0 0 0 1 0 1 0 -1 0 0 3004.DAT
0 STEP
1 86 810.0 -600 970.0 -1 0 0 0 1 0 0 0 -1 3622.DAT
0 STEP
1 86 790.0 -648 970.0 0 0 1 0 1 0 -1 0 0 3005.DAT
0 STEP
1 86 790.0 -696 1000.0 0 0 1 0 1 0 -1 0 0 3010.DAT
0 STEP
1 86 800.0 -792 980.0 0 0 1 0 1 0 -1 0 0 3003.DAT
0 STEP
1 86 790.0 -816 970.0 0 0 1 0 1 0 -1 0 0 3005.DAT
0 STEP
1 86 800.0 -1008 990.0 0 0 1 0 1 0 -1 0 0 3002.DAT
0 STEP
1 86 790.0 -120 990.0 0 0 1 0 1 0 -1 0 0 3005.DAT
0 STEP
1 86 810.0 -576 990.0 -1 0 0 0 1 0 0 0 -1 3622.DAT
0 STEP
1 86 790.0 -600 1000.0 0 0 1 0 1 0 -1 0 0 3004.DAT
0 STEP
1 86 790.0 -648 1020.0 0 0 1 0 1 0 -1 0 0 3010.DAT
0 STEP
1 86 810.0 -672 990.0 -1 0 0 0 1 0 0 0 -1 3622.DAT
0 STEP
1 86 800.0 -720 990.0 -1 0 0 0 1 0 0 0 -1 3004.DAT
0 STEP
1 86 790.0 -72 1010.0 0 0 1 0 1 0 -1 0 0 3005.DAT
0 STEP
1 86 810.0 -576 1020.0 -1 0 0 0 1 0 0 0 -1 3002.DAT
0 STEP
1 86 800.0 -672 1010.0 -1 0 0 0 1 0 0 0 -1 3004.DAT
0 STEP
1 86 790.0 -720 1010.0 0 0 1 0 1 0 -1 0 0 3005.DAT
0 STEP
1 86 860.0 -504 1030.0 -1 0 0 0 1 0 0 0 -1 3008.DAT
0 STEP
1 86 790.0 -528 1060.0 0 0 1 0 1 0 -1 0 0 3010.DAT
0 STEP
1 86 810.0 -552 1030.0 -1 0 0 0 1 0 0 0 -1 3622.DAT
0 STEP
1 86 790.0 -672 1060.0 0 0 1 0 1 0 -1 0 0 3010.DAT
0 STEP
1 86 790.0 -720 1060.0 0 0 1 0 1 0 -1 0 0 3010.DAT
0 STEP
1 86 790.0 -552 1080.0 0 0 1 0 1 0 -1 0 0 3010.DAT
0 STEP
1 86 790.0 -600 1050.0 0 0 1 0 1 0 -1 0 0 3005.DAT
0 STEP
1 86 810.0 -696 1060.0 -1 0 0 0 1 0 0 0 -1 3002.DAT
0 STEP
1 86 860.0 -1008 1050.0 -1 0 0 0 1 0 0 0 -1 3008.DAT
0 STEP
1 86 790.0 -504 1070.0 0 0 1 0 1 0 -1 0 0 3005.DAT
0 STEP
1 86 790.0 -600 1100.0 0 0 1 0 1 0 -1 0 0 3010.DAT
0 STEP
1 86 790.0 -1008 1080.0 0 0 1 0 1 0 -1 0 0 3004.DAT
0 STEP
1 86 820.0 -504 1100.0 -1 0 0 0 1 0 0 0 -1 3001.DAT
0 STEP
1 86 810.0 -696 1100.0 -1 0 0 0 1 0 0 0 -1 3002.DAT
0 STEP
1 86 800.0 -1032 1110.0 0 0 1 0 1 0 -1 0 0 3002.DAT
0 STEP
1 86 790.0 -672 1110.0 0 0 1 0 1 0 -1 0 0 3005.DAT
0 STEP
1 86 800.0 -720 1140.0 0 0 1 0 1 0 -1 0 0 3001.DAT
0 STEP
1 86 840.0 -1008 1110.0 -1 0 0 0 1 0 0 0 -1 3009.DAT
0 STEP
1 86 790.0 -456 1160.0 0 0 1 0 1 0 -1 0 0 3010.DAT
0 STEP
1 86 820.0 -504 1140.0 -1 0 0 0 1 0 0 0 -1 3001.DAT
0 STEP
1 86 790.0 -528 1150.0 0 0 1 0 1 0 -1 0 0 3622.DAT
0 STEP
1 86 790.0 -696 1130.0 0 0 1 0 1 0 -1 0 0 3005.DAT
0 STEP
1 86 790.0 -744 1140.0 0 0 1 0 1 0 -1 0 0 3004.DAT
0 STEP
1 86 790.0 -984 1160.0 0 0 1 0 1 0 -1 0 0 3010.DAT
0 STEP
1 86 810.0 -1008 1130.0 -1 0 0 0 1 0 0 0 -1 3622.DAT
0 STEP
1 86 790.0 -624 1180.0 0 0 1 0 1 0 -1 0 0 3010.DAT
0 STEP
1 86 790.0 -696 1200.0 0 0 1 0 1 0 -1 0 0 3009.DAT
0 STEP
1 86 820.0 -1032 1160.0 -1 0 0 0 1 0 0 0 -1 3001.DAT
0 STEP
1 86 820.0 -504 1180.0 -1 0 0 0 1 0 0 0 -1 3001.DAT
0 STEP
1 86 800.0 -552 1200.0 0 0 1 0 1 0 -1 0 0 3001.DAT
0 STEP
1 86 820.0 -744 1170.0 -1 0 0 0 1 0 0 0 -1 3010.DAT
0 STEP
1 86 790.0 -768 1180.0 0 0 1 0 1 0 -1 0 0 3004.DAT
0 STEP
1 86 810.0 -792 1170.0 -1 0 0 0 1 0 0 0 -1 3622.DAT
0 STEP
1 86 790.0 -528 1260.0 0 0 1 0 1 0 -1 0 0 3008.DAT
0 STEP
1 86 810.0 -720 1190.0 -1 0 0 0 1 0 0 0 -1 3622.DAT
0 STEP
1 86 790.0 -744 1240.0 0 0 1 0 1 0 -1 0 0 3009.DAT
0 STEP
1 86 790.0 -1008 1240.0 0 0 1 0 1 0 -1 0 0 3009.DAT
0 STEP
1 86 820.0 -1032 1200.0 -1 0 0 0 1 0 0 0 -1 3001.DAT
0 STEP
1 86 800.0 -672 1240.0 0 0 1 0 1 0 -1 0 0 3001.DAT
0 STEP
1 86 790.0 -456 1250.0 0 0 1 0 1 0 -1 0 0 3622.DAT
0 STEP
1 86 800.0 -576 1260.0 0 0 1 0 1 0 -1 0 0 3001.DAT
0 STEP
1 86 790.0 -624 1230.0 0 0 1 0 1 0 -1 0 0 3005.DAT
0 STEP
1 86 790.0 -624 1320.0 0 0 1 0 1 0 -1 0 0 3008.DAT
0 STEP
1 86 800.0 -720 1300.0 0 0 1 0 1 0 -1 0 0 3001.DAT
0 STEP
1 86 820.0 -984 1270.0 -1 0 0 0 1 0 0 0 -1 3010.DAT
0 STEP
1 86 820.0 -1032 1270.0 -1 0 0 0 1 0 0 0 -1 3010.DAT
0 STEP
1 86 800.0 -504 1310.0 0 0 1 0 1 0 -1 0 0 3002.DAT
0 STEP
1 86 790.0 -672 1320.0 0 0 1 0 1 0 -1 0 0 3010.DAT
0 STEP
1 86 800.0 -768 1310.0 0 0 1 0 1 0 -1 0 0 3002.DAT
0 STEP
1 86 790.0 -984 1320.0 0 0 1 0 1 0 -1 0 0 3010.DAT
0 STEP
1 86 820.0 -1032 1300.0 -1 0 0 0 1 0 0 0 -1 3001.DAT
0 STEP
1 86 810.0 -480 1320.0 -1 0 0 0 1 0 0 0 -1 3002.DAT
0 STEP
1 86 790.0 -576 1310.0 0 0 1 0 1 0 -1 0 0 3005.DAT
0 STEP
1 86 790.0 -744 1310.0 0 0 1 0 1 0 -1 0 0 3005.DAT
0 STEP
1 86 790.0 -576 1360.0 0 0 1 0 1 0 -1 0 0 3010.DAT
0 STEP
1 86 790.0 -1008 1340.0 0 0 1 0 1 0 -1 0 0 3004.DAT
0 STEP
1 86 820.0 -1032 1330.0 -1 0 0 0 1 0 0 0 -1 3010.DAT
0 STEP
1 86 800.0 -480 1400.0 0 0 1 0 1 0 -1 0 0 2456.DAT
0 STEP
1 86 790.0 -552 1350.0 0 0 1 0 1 0 -1 0 0 3005.DAT
0 STEP
1 86 800.0 -720 1350.0 -1 0 0 0 1 0 0 0 -1 3004.DAT
0 STEP
1 86 790.0 -768 1400.0 0 0 1 0 1 0 -1 0 0 3009.DAT
0 STEP
1 86 790.0 -552 1400.0 0 0 1 0 1 0 -1 0 0 3010.DAT
0 STEP
1 86 790.0 -600 1370.0 0 0 1 0 1 0 -1 0 0 3005.DAT
0 STEP
1 86 790.0 -672 1390.0 0 0 1 0 1 0 -1 0 0 3622.DAT
0 STEP
1 86 800.0 -720 1400.0 0 0 1 0 1 0 -1 0 0 3001.DAT
0 STEP
1 86 790.0 -600 1440.0 0 0 1 0 1 0 -1 0 0 3009.DAT
0 STEP
1 86 790.0 -648 1410.0 0 0 1 0 1 0 -1 0 0 3005.DAT
0 STEP
1 86 790.0 -648 1460.0 0 0 1 0 1 0 -1 0 0 3010.DAT
0 STEP
1 86 790.0 -528 1480.0 0 0 1 0 1 0 -1 0 0 3010.DAT
0 STEP
1 86 790.0 -720 1450.0 0 0 1 0 1 0 -1 0 0 3005.DAT
0 STEP
1 86 790.0 -792 1480.0 0 0 1 0 1 0 -1 0 0 3010.DAT
0 STEP
1 86 820.0 -456 1480.0 -1 0 0 0 1 0 0 0 -1 3001.DAT
0 STEP
1 86 800.0 -480 1470.0 -1 0 0 0 1 0 0 0 -1 3004.DAT
0 STEP
1 86 820.0 -720 1470.0 -1 0 0 0 1 0 0 0 -1 3010.DAT
0 STEP
1 86 790.0 -768 1470.0 0 0 1 0 1 0 -1 0 0 3005.DAT
0 STEP
1 86 860.0 -504 1490.0 -1 0 0 0 1 0 0 0 -1 3008.DAT
0 STEP
1 86 820.0 -768 1500.0 -1 0 0 0 1 0 0 0 -1 3001.DAT
0 STEP
1 86 820.0 -456 1510.0 -1 0 0 0 1 0 0 0 -1 3010.DAT
0 STEP
1 86 840.0 -504 1510.0 -1 0 0 0 1 0 0 0 -1 3009.DAT
0 STEP
1 86 840.0 -648 30.0 -1 0 0 0 1 0 0 0 -1 3010.DAT
0 STEP
1 86 840.0 -648 250.0 -1 0 0 0 1 0 0 0 -1 3010.DAT
0 STEP
1 86 810.0 -624 540.0 0 0 1 0 1 0 -1 0 0 3004.DAT
0 STEP
1 86 820.0 -600 570.0 0 0 1 0 1 0 -1 0 0 3002.DAT
0 STEP
1 86 810.0 -648 620.0 0 0 1 0 1 0 -1 0 0 3008.DAT
0 STEP
1 86 820.0 -624 600.0 0 0 1 0 1 0 -1 0 0 3001.DAT
0 STEP
1 86 830.0 -672 570.0 -1 0 0 0 1 0 0 0 -1 3622.DAT
0 STEP
1 86 820.0 -576 620.0 0 0 1 0 1 0 -1 0 0 3001.DAT
0 STEP
1 86 830.0 -672 600.0 -1 0 0 0 1 0 0 0 -1 3002.DAT
0 STEP
1 86 830.0 -600 620.0 -1 0 0 0 1 0 0 0 -1 3002.DAT
0 STEP
1 86 830.0 -672 630.0 -1 0 0 0 1 0 0 0 -1 3622.DAT
0 STEP
1 86 810.0 -600 680.0 0 0 1 0 1 0 -1 0 0 3010.DAT
0 STEP
1 86 820.0 -624 650.0 -1 0 0 0 1 0 0 0 -1 3004.DAT
0 STEP
1 86 830.0 -672 660.0 -1 0 0 0 1 0 0 0 -1 3002.DAT
0 STEP
1 86 830.0 -576 670.0 -1 0 0 0 1 0 0 0 -1 3622.DAT
0 STEP
1 86 820.0 -624 740.0 0 0 1 0 1 0 -1 0 0 3007.DAT
0 STEP
1 86 810.0 -696 700.0 0 0 1 0 1 0 -1 0 0 3010.DAT
0 STEP
1 86 820.0 -552 720.0 0 0 1 0 1 0 -1 0 0 3001.DAT
0 STEP
1 86 810.0 -576 690.0 0 0 1 0 1 0 -1 0 0 3005.DAT
0 STEP
1 86 810.0 -672 740.0 0 0 1 0 1 0 -1 0 0 3009.DAT
0 STEP
1 86 810.0 -576 740.0 0 0 1 0 1 0 -1 0 0 3010.DAT
0 STEP
1 86 830.0 -648 720.0 -1 0 0 0 1 0 0 0 -1 3002.DAT
0 STEP
1 86 830.0 -600 740.0 -1 0 0 0 1 0 0 0 -1 3002.DAT
0 STEP
1 86 810.0 -480 750.0 0 0 1 0 1 0 -1 0 0 3005.DAT
0 STEP
1 86 810.0 -528 750.0 0 0 1 0 1 0 -1 0 0 3005.DAT
0 STEP
1 86 830.0 -648 760.0 -1 0 0 0 1 0 0 0 -1 3002.DAT
0 STEP
1 86 830.0 -696 760.0 -1 0 0 0 1 0 0 0 -1 3002.DAT
0 STEP
1 86 810.0 -528 800.0 0 0 1 0 1 0 -1 0 0 3010.DAT
0 STEP
1 86 830.0 -552 780.0 -1 0 0 0 1 0 0 0 -1 3002.DAT
0 STEP
1 86 830.0 -600 770.0 -1 0 0 0 1 0 0 0 -1 3622.DAT
0 STEP
1 86 840.0 -504 790.0 -1 0 0 0 1 0 0 0 -1 3010.DAT
0 STEP
1 86 810.0 -576 790.0 0 0 1 0 1 0 -1 0 0 3005.DAT
0 STEP
1 86 810.0 -696 840.0 0 0 1 0 1 0 -1 0 0 3009.DAT
0 STEP
1 86 810.0 -720 790.0 0 0 1 0 1 0 -1 0 0 3005.DAT
0 STEP
1 86 810.0 -552 860.0 0 0 1 0 1 0 -1 0 0 3009.DAT
0 STEP
1 86 820.0 -600 880.0 0 0 1 0 1 0 -1 0 0 3007.DAT
0 STEP
1 86 820.0 -672 840.0 0 0 1 0 1 0 -1 0 0 3001.DAT
0 STEP
1 86 820.0 -720 810.0 -1 0 0 0 1 0 0 0 -1 3004.DAT
0 STEP
1 86 810.0 -96 830.0 0 0 1 0 1 0 -1 0 0 3005.DAT
0 STEP
1 86 820.0 -624 830.0 -1 0 0 0 1 0 0 0 -1 3004.DAT
0 STEP
1 86 860.0 -720 830.0 -1 0 0 0 1 0 0 0 -1 3009.DAT
0 STEP
1 86 880.0 -984 830.0 -1 0 0 0 1 0 0 0 -1 3008.DAT
0 STEP
1 86 820.0 -720 860.0 0 0 1 0 1 0 -1 0 0 3003.DAT
0 STEP
1 86 810.0 -480 880.0 0 0 1 0 1 0 -1 0 0 3004.DAT
0 STEP
1 86 810.0 -528 920.0 0 0 1 0 1 0 -1 0 0 3010.DAT
0 STEP
1 86 830.0 -720 890.0 -1 0 0 0 1 0 0 0 -1 3622.DAT
0 STEP
1 86 810.0 -984 920.0 0 0 1 0 1 0 -1 0 0 3010.DAT
0 STEP
1 86 810.0 -480 980.0 0 0 1 0 1 0 -1 0 0 3008.DAT
0 STEP
1 86 810.0 -720 940.0 0 0 1 0 1 0 -1 0 0 3010.DAT
0 STEP
1 86 810.0 -144 950.0 0 0 1 0 1 0 -1 0 0 3622.DAT
0 STEP
1 86 820.0 -624 960.0 0 0 1 0 1 0 -1 0 0 3001.DAT
0 STEP
1 86 810.0 -1032 1000.0 0 0 1 0 1 0 -1 0 0 3008.DAT
0 STEP
1 86 840.0 -168 950.0 -1 0 0 0 1 0 0 0 -1 3010.DAT
0 STEP
1 86 820.0 -552 980.0 0 0 1 0 1 0 -1 0 0 3001.DAT
0 STEP
1 86 810.0 -744 950.0 0 0 1 0 1 0 -1 0 0 3005.DAT
0 STEP
1 86 860.0 -168 970.0 -1 0 0 0 1 0 0 0 -1 3009.DAT
0 STEP
1 86 810.0 -528 970.0 0 0 1 0 1 0 -1 0 0 3005.DAT
0 STEP
1 86 810.0 -648 1000.0 0 0 1 0 1 0 -1 0 0 3010.DAT
0 STEP
1 86 820.0 -696 1000.0 0 0 1 0 1 0 -1 0 0 3001.DAT
0 STEP
1 86 860.0 -744 980.0 -1 0 0 0 1 0 0 0 -1 2456.DAT
0 STEP
1 86 810.0 -768 980.0 0 0 1 0 1 0 -1 0 0 3004.DAT
0 STEP
1 86 830.0 -984 970.0 -1 0 0 0 1 0 0 0 -1 3622.DAT
0 STEP
1 86 810.0 -528 1040.0 0 0 1 0 1 0 -1 0 0 3009.DAT
0 STEP
1 86 810.0 -600 1060.0 0 0 1 0 1 0 -1 0 0 3008.DAT
0 STEP
1 86 810.0 -720 1040.0 0 0 1 0 1 0 -1 0 0 3010.DAT
0 STEP
1 86 860.0 -744 1020.0 -1 0 0 0 1 0 0 0 -1 2456.DAT
0 STEP
1 86 810.0 -984 1040.0 0 0 1 0 1 0 -1 0 0 3010.DAT
0 STEP
1 86 810.0 -624 1060.0 0 0 1 0 1 0 -1 0 0 3010.DAT
0 STEP
1 86 810.0 -672 1030.0 0 0 1 0 1 0 -1 0 0 3005.DAT
0 STEP
1 86 860.0 -1008 1030.0 -1 0 0 0 1 0 0 0 -1 3009.DAT
0 STEP
1 86 840.0 -504 1060.0 -1 0 0 0 1 0 0 0 -1 3001.DAT
0 STEP
1 86 820.0 -552 1080.0 0 0 1 0 1 0 -1 0 0 3001.DAT
0 STEP
1 86 810.0 -648 1050.0 0 0 1 0 1 0 -1 0 0 3005.DAT
0 STEP
1 86 810.0 -672 1080.0 0 0 1 0 1 0 -1 0 0 3010.DAT
0 STEP
1 86 810.0 -744 1080.0 0 0 1 0 1 0 -1 0 0 3010.DAT
0 STEP
1 86 810.0 -480 1090.0 0 0 1 0 1 0 -1 0 0 3622.DAT
0 STEP
1 86 840.0 -1008 1080.0 -1 0 0 0 1 0 0 0 -1 3001.DAT
0 STEP
1 86 810.0 -720 1090.0 0 0 1 0 1 0 -1 0 0 3005.DAT
0 STEP
1 86 810.0 -528 1110.0 0 0 1 0 1 0 -1 0 0 3005.DAT
0 STEP
1 86 810.0 -576 1160.0 0 0 1 0 1 0 -1 0 0 3009.DAT
0 STEP
1 86 810.0 -648 1160.0 0 0 1 0 1 0 -1 0 0 3009.DAT
0 STEP
1 86 810.0 -768 1180.0 0 0 1 0 1 0 -1 0 0 3008.DAT
0 STEP
1 86 810.0 -984 1140.0 0 0 1 0 1 0 -1 0 0 3010.DAT
0 STEP
1 86 860.0 -456 1130.0 -1 0 0 0 1 0 0 0 -1 3009.DAT
0 STEP
1 86 810.0 -696 1180.0 0 0 1 0 1 0 -1 0 0 3009.DAT
0 STEP
1 86 840.0 -744 1140.0 -1 0 0 0 1 0 0 0 -1 3001.DAT
0 STEP
1 86 830.0 -456 1160.0 -1 0 0 0 1 0 0 0 -1 3002.DAT
0 STEP
1 86 810.0 -624 1150.0 0 0 1 0 1 0 -1 0 0 3005.DAT
0 STEP
1 86 810.0 -1008 1180.0 0 0 1 0 1 0 -1 0 0 3010.DAT
0 STEP
1 86 810.0 -624 1200.0 0 0 1 0 1 0 -1 0 0 3010.DAT
0 STEP
1 86 830.0 -456 1190.0 -1 0 0 0 1 0 0 0 -1 3622.DAT
0 STEP
1 86 810.0 -480 1220.0 0 0 1 0 1 0 -1 0 0 3010.DAT
0 STEP
1 86 820.0 -744 1210.0 0 0 1 0 1 0 -1 0 0 3002.DAT
0 STEP
1 86 810.0 -984 1190.0 0 0 1 0 1 0 -1 0 0 3005.DAT
0 STEP
1 86 840.0 -456 1220.0 -1 0 0 0 1 0 0 0 -1 3001.DAT
0 STEP
1 86 810.0 -648 1230.0 0 0 1 0 1 0 -1 0 0 3005.DAT
0 STEP
1 86 840.0 -1008 1230.0 -1 0 0 0 1 0 0 0 -1 3010.DAT
0 STEP
1 86 860.0 -456 1260.0 -1 0 0 0 1 0 0 0 -1 2456.DAT
0 STEP
1 86 810.0 -696 1250.0 0 0 1 0 1 0 -1 0 0 3005.DAT
0 STEP
1 86 830.0 -744 1250.0 -1 0 0 0 1 0 0 0 -1 3622.DAT
0 STEP
1 86 810.0 -1008 1300.0 0 0 1 0 1 0 -1 0 0 3009.DAT
0 STEP
1 86 820.0 -744 1290.0 0 0 1 0 1 0 -1 0 0 3002.DAT
0 STEP
1 86 810.0 -768 1270.0 0 0 1 0 1 0 -1 0 0 3005.DAT
0 STEP
1 86 820.0 -480 1290.0 -1 0 0 0 1 0 0 0 -1 3004.DAT
0 STEP
1 86 810.0 -528 1340.0 0 0 1 0 1 0 -1 0 0 3009.DAT
0 STEP
1 86 810.0 -792 1290.0 0 0 1 0 1 0 -1 0 0 3005.DAT
0 STEP
1 86 820.0 -984 1310.0 0 0 1 0 1 0 -1 0 0 3002.DAT
0 STEP
1 86 830.0 -792 1310.0 -1 0 0 0 1 0 0 0 -1 3622.DAT
0 STEP
1 86 830.0 -456 1340.0 -1 0 0 0 1 0 0 0 -1 3002.DAT
0 STEP
1 86 840.0 -792 1330.0 -1 0 0 0 1 0 0 0 -1 3010.DAT
0 STEP
1 86 840.0 -768 1350.0 -1 0 0 0 1 0 0 0 -1 3010.DAT
0 STEP
1 86 810.0 -792 1350.0 0 0 1 0 1 0 -1 0 0 3005.DAT
0 STEP
1 86 880.0 -984 1350.0 -1 0 0 0 1 0 0 0 -1 3008.DAT
0 STEP
1 86 830.0 -456 1380.0 -1 0 0 0 1 0 0 0 -1 3002.DAT
0 STEP
1 86 840.0 -768 1380.0 -1 0 0 0 1 0 0 0 -1 3001.DAT
0 STEP
1 86 810.0 -792 1400.0 0 0 1 0 1 0 -1 0 0 3010.DAT
0 STEP
1 86 840.0 -456 1410.0 -1 0 0 0 1 0 0 0 -1 3010.DAT
0 STEP
1 86 810.0 -504 1430.0 0 0 1 0 1 0 -1 0 0 3622.DAT
0 STEP
1 86 810.0 -768 1440.0 0 0 1 0 1 0 -1 0 0 3010.DAT
0 STEP
1 86 830.0 -456 1440.0 -1 0 0 0 1 0 0 0 -1 3002.DAT
0 STEP
1 86 810.0 -552 1460.0 0 0 1 0 1 0 -1 0 0 3004.DAT
0 STEP
1 86 810.0 -600 1470.0 0 0 1 0 1 0 -1 0 0 3622.DAT
0 STEP
1 86 830.0 -792 1450.0 -1 0 0 0 1 0 0 0 -1 3622.DAT
0 STEP
1 86 840.0 -504 1470.0 -1 0 0 0 1 0 0 0 -1 3010.DAT
0 STEP
1 86 820.0 -528 1490.0 0 0 1 0 1 0 -1 0 0 3002.DAT
0 STEP
1 86 820.0 -648 1480.0 0 0 1 0 1 0 -1 0 0 3003.DAT
0 STEP
1 86 810.0 -696 1480.0 0 0 1 0 1 0 -1 0 0 3004.DAT
0 STEP
1 86 860.0 -792 1480.0 -1 0 0 0 1 0 0 0 -1 2456.DAT
0 STEP
1 86 810.0 -816 1500.0 0 0 1 0 1 0 -1 0 0 3004.DAT
0 STEP
1 86 860.0 -792 1510.0 -1 0 0 0 1 0 0 0 -1 3009.DAT
0 STEP
1 86 840.0 -624 1550.0 -1 0 0 0 1 0 0 0 -1 3010.DAT
0 STEP
1 86 850.0 -600 290.0 -1 0 0 0 1 0 0 0 -1 3622.DAT
0 STEP
1 86 850.0 -624 300.0 -1 0 0 0 1 0 0 0 -1 3002.DAT
0 STEP
1 86 850.0 -648 300.0 -1 0 0 0 1 0 0 0 -1 3002.DAT
0 STEP
1 86 850.0 -600 320.0 -1 0 0 0 1 0 0 0 -1 3002.DAT
0 STEP
1 86 850.0 -624 330.0 -1 0 0 0 1 0 0 0 -1 3622.DAT
0 STEP
1 86 850.0 -648 340.0 -1 0 0 0 1 0 0 0 -1 3002.DAT
0 STEP
1 86 850.0 -600 350.0 -1 0 0 0 1 0 0 0 -1 3622.DAT
0 STEP
1 86 830.0 -624 380.0 0 0 1 0 1 0 -1 0 0 3010.DAT
0 STEP
1 86 840.0 -672 350.0 -1 0 0 0 1 0 0 0 -1 3004.DAT
0 STEP
1 86 840.0 -576 400.0 0 0 1 0 1 0 -1 0 0 3001.DAT
0 STEP
1 86 850.0 -600 380.0 -1 0 0 0 1 0 0 0 -1 3002.DAT
0 STEP
1 86 850.0 -648 380.0 -1 0 0 0 1 0 0 0 -1 3002.DAT
0 STEP
1 86 860.0 -672 380.0 -1 0 0 0 1 0 0 0 -1 3001.DAT
0 STEP
1 86 830.0 -600 440.0 0 0 1 0 1 0 -1 0 0 3010.DAT
0 STEP
1 86 850.0 -648 420.0 -1 0 0 0 1 0 0 0 -1 3002.DAT
0 STEP
1 86 840.0 -672 410.0 -1 0 0 0 1 0 0 0 -1 3004.DAT
0 STEP
1 86 850.0 -624 430.0 -1 0 0 0 1 0 0 0 -1 3622.DAT
0 STEP
1 86 830.0 -672 450.0 0 0 1 0 1 0 -1 0 0 3622.DAT
0 STEP
1 86 850.0 -576 450.0 -1 0 0 0 1 0 0 0 -1 3622.DAT
0 STEP
1 86 830.0 -624 450.0 0 0 1 0 1 0 -1 0 0 3005.DAT
0 STEP
1 86 850.0 -648 460.0 -1 0 0 0 1 0 0 0 -1 3002.DAT
0 STEP
1 86 900.0 -696 460.0 -1 0 0 0 1 0 0 0 -1 3007.DAT
0 STEP
1 86 840.0 -552 500.0 0 0 1 0 1 0 -1 0 0 3001.DAT
0 STEP
1 86 850.0 -576 480.0 -1 0 0 0 1 0 0 0 -1 3002.DAT
0 STEP
1 86 830.0 -624 500.0 0 0 1 0 1 0 -1 0 0 3010.DAT
0 STEP
1 86 830.0 -600 490.0 0 0 1 0 1 0 -1 0 0 3005.DAT
0 STEP
1 86 850.0 -648 490.0 -1 0 0 0 1 0 0 0 -1 3622.DAT
0 STEP
1 86 830.0 -672 520.0 0 0 1 0 1 0 -1 0 0 3010.DAT
0 STEP
1 86 900.0 -696 490.0 -1 0 0 0 1 0 0 0 -1 3008.DAT
0 STEP
1 86 840.0 -576 540.0 0 0 1 0 1 0 -1 0 0 3001.DAT
0 STEP
1 86 850.0 -600 520.0 -1 0 0 0 1 0 0 0 -1 3002.DAT
0 STEP
1 86 850.0 -648 520.0 -1 0 0 0 1 0 0 0 -1 3002.DAT
0 STEP
1 86 840.0 -696 510.0 -1 0 0 0 1 0 0 0 -1 3004.DAT
0 STEP
1 86 830.0 -696 580.0 0 0 1 0 1 0 -1 0 0 3009.DAT
0 STEP
1 86 860.0 -552 550.0 -1 0 0 0 1 0 0 0 -1 3010.DAT
0 STEP
1 86 840.0 -624 550.0 -1 0 0 0 1 0 0 0 -1 3004.DAT
0 STEP
1 86 840.0 -648 620.0 0 0 1 0 1 0 -1 0 0 3007.DAT
0 STEP
1 86 900.0 -552 580.0 -1 0 0 0 1 0 0 0 -1 3007.DAT
0 STEP
1 86 860.0 -720 590.0 -1 0 0 0 1 0 0 0 -1 3010.DAT
0 STEP
1 86 850.0 -528 620.0 -1 0 0 0 1 0 0 0 -1 3002.DAT
0 STEP
1 86 830.0 -552 640.0 0 0 1 0 1 0 -1 0 0 3010.DAT
0 STEP
1 86 880.0 -720 620.0 -1 0 0 0 1 0 0 0 -1 2456.DAT
0 STEP
1 86 840.0 -528 670.0 0 0 1 0 1 0 -1 0 0 3002.DAT
0 STEP
1 86 840.0 -600 680.0 0 0 1 0 1 0 -1 0 0 3001.DAT
0 STEP
1 86 830.0 -696 680.0 0 0 1 0 1 0 -1 0 0 3010.DAT
0 STEP
1 86 900.0 -720 660.0 -1 0 0 0 1 0 0 0 -1 3007.DAT
0 STEP
1 86 840.0 -576 740.0 0 0 1 0 1 0 -1 0 0 2456.DAT
0 STEP
1 86 840.0 -672 740.0 0 0 1 0 1 0 -1 0 0 2456.DAT
0 STEP
1 86 920.0 -720 700.0 -1 0 0 0 1 0 0 0 -1 3006.DAT
0 STEP
1 86 830.0 -528 760.0 0 0 1 0 1 0 -1 0 0 3009.DAT
0 STEP
1 86 840.0 -696 730.0 -1 0 0 0 1 0 0 0 -1 3004.DAT
0 STEP
1 86 830.0 -720 760.0 0 0 1 0 1 0 -1 0 0 3010.DAT
0 STEP
1 86 840.0 -456 770.0 -1 0 0 0 1 0 0 0 -1 3004.DAT
0 STEP
1 86 830.0 -744 770.0 0 0 1 0 1 0 -1 0 0 3005.DAT
0 STEP
1 86 840.0 -696 790.0 -1 0 0 0 1 0 0 0 -1 3004.DAT
0 STEP
1 86 860.0 -744 790.0 -1 0 0 0 1 0 0 0 -1 3010.DAT
0 STEP
1 86 900.0 -480 820.0 -1 0 0 0 1 0 0 0 -1 3007.DAT
0 STEP
1 86 840.0 -552 840.0 0 0 1 0 1 0 -1 0 0 3001.DAT
0 STEP
1 86 840.0 -696 840.0 0 0 1 0 1 0 -1 0 0 3001.DAT
0 STEP
1 86 840.0 -744 840.0 0 0 1 0 1 0 -1 0 0 3001.DAT
0 STEP
1 86 830.0 -528 830.0 0 0 1 0 1 0 -1 0 0 3005.DAT
0 STEP
1 86 830.0 -648 850.0 0 0 1 0 1 0 -1 0 0 3622.DAT
0 STEP
1 86 830.0 -1008 840.0 0 0 1 0 1 0 -1 0 0 3004.DAT
0 STEP
1 86 830.0 -480 900.0 0 0 1 0 1 0 -1 0 0 3009.DAT
0 STEP
1 86 830.0 -984 900.0 0 0 1 0 1 0 -1 0 0 3009.DAT
0 STEP
1 86 900.0 -1032 850.0 -1 0 0 0 1 0 0 0 -1 3008.DAT
0 STEP
1 86 840.0 -1032 890.0 0 0 1 0 1 0 -1 0 0 3002.DAT
0 STEP
1 86 830.0 -528 890.0 0 0 1 0 1 0 -1 0 0 3005.DAT
0 STEP
1 86 830.0 -552 910.0 0 0 1 0 1 0 -1 0 0 3622.DAT
0 STEP
1 86 830.0 -648 920.0 0 0 1 0 1 0 -1 0 0 3010.DAT
0 STEP
1 86 830.0 -696 890.0 0 0 1 0 1 0 -1 0 0 3005.DAT
0 STEP
1 86 830.0 -744 920.0 0 0 1 0 1 0 -1 0 0 3010.DAT
0 STEP
1 86 830.0 -576 940.0 0 0 1 0 1 0 -1 0 0 3010.DAT
0 STEP
1 86 830.0 -672 940.0 0 0 1 0 1 0 -1 0 0 3010.DAT
0 STEP
1 86 850.0 -720 920.0 -1 0 0 0 1 0 0 0 -1 3002.DAT
0 STEP
1 86 840.0 -144 950.0 0 0 1 0 1 0 -1 0 0 3002.DAT
0 STEP
1 86 860.0 -456 930.0 -1 0 0 0 1 0 0 0 -1 3010.DAT
0 STEP
1 86 840.0 -1032 1020.0 0 0 1 0 1 0 -1 0 0 3006.DAT
0 STEP
1 86 830.0 -456 980.0 0 0 1 0 1 0 -1 0 0 3010.DAT
0 STEP
1 86 840.0 -720 980.0 0 0 1 0 1 0 -1 0 0 3001.DAT
0 STEP
1 86 830.0 -768 980.0 0 0 1 0 1 0 -1 0 0 3010.DAT
0 STEP
1 86 860.0 -480 980.0 -1 0 0 0 1 0 0 0 -1 3001.DAT
0 STEP
1 86 830.0 -648 990.0 0 0 1 0 1 0 -1 0 0 3622.DAT
0 STEP
1 86 860.0 -1008 970.0 -1 0 0 0 1 0 0 0 -1 3010.DAT
0 STEP
1 86 830.0 -600 1000.0 0 0 1 0 1 0 -1 0 0 3004.DAT
0 STEP
1 86 860.0 -1008 1000.0 -1 0 0 0 1 0 0 0 -1 3001.DAT
0 STEP
1 86 830.0 -480 1040.0 0 0 1 0 1 0 -1 0 0 3010.DAT
0 STEP
1 86 830.0 -672 1020.0 0 0 1 0 1 0 -1 0 0 3004.DAT
0 STEP
1 86 830.0 -984 1080.0 0 0 1 0 1 0 -1 0 0 3008.DAT
0 STEP
1 86 840.0 -720 1030.0 -1 0 0 0 1 0 0 0 -1 3004.DAT
0 STEP
1 86 830.0 -768 1100.0 0 0 1 0 1 0 -1 0 0 3008.DAT
0 STEP
1 86 830.0 -720 1050.0 0 0 1 0 1 0 -1 0 0 3005.DAT
0 STEP
1 86 860.0 -744 1060.0 -1 0 0 0 1 0 0 0 -1 3001.DAT
0 STEP
1 86 830.0 -456 1070.0 0 0 1 0 1 0 -1 0 0 3005.DAT
0 STEP
1 86 830.0 -720 1120.0 0 0 1 0 1 0 -1 0 0 3009.DAT
0 STEP
1 86 830.0 -480 1110.0 0 0 1 0 1 0 -1 0 0 3622.DAT
0 STEP
1 86 860.0 -744 1100.0 -1 0 0 0 1 0 0 0 -1 3001.DAT
0 STEP
1 86 840.0 -1032 1130.0 -1 0 0 0 1 0 0 0 -1 3004.DAT
0 STEP
1 86 830.0 -792 1150.0 0 0 1 0 1 0 -1 0 0 3005.DAT
0 STEP
1 86 860.0 -1008 1150.0 -1 0 0 0 1 0 0 0 -1 3010.DAT
0 STEP
1 86 830.0 -480 1200.0 0 0 1 0 1 0 -1 0 0 3010.DAT
0 STEP
1 86 830.0 -984 1170.0 0 0 1 0 1 0 -1 0 0 3005.DAT
0 STEP
1 86 830.0 -1008 1190.0 0 0 1 0 1 0 -1 0 0 3622.DAT
0 STEP
1 86 830.0 -768 1220.0 0 0 1 0 1 0 -1 0 0 3010.DAT
0 STEP
1 86 840.0 -984 1220.0 0 0 1 0 1 0 -1 0 0 3001.DAT
0 STEP
1 86 830.0 -792 1210.0 0 0 1 0 1 0 -1 0 0 3005.DAT
0 STEP
1 86 830.0 -792 1260.0 0 0 1 0 1 0 -1 0 0 3010.DAT
0 STEP
1 86 830.0 -480 1250.0 0 0 1 0 1 0 -1 0 0 3005.DAT
0 STEP
1 86 860.0 -1008 1260.0 -1 0 0 0 1 0 0 0 -1 3001.DAT
0 STEP
1 86 860.0 -768 1280.0 -1 0 0 0 1 0 0 0 -1 3001.DAT
0 STEP
1 86 860.0 -456 1300.0 -1 0 0 0 1 0 0 0 -1 3001.DAT
0 STEP
1 86 830.0 -504 1310.0 0 0 1 0 1 0 -1 0 0 3622.DAT
0 STEP
1 86 830.0 -1008 1320.0 0 0 1 0 1 0 -1 0 0 3010.DAT
0 STEP
1 86 860.0 -768 1320.0 -1 0 0 0 1 0 0 0 -1 3001.DAT
0 STEP
1 86 830.0 -480 1350.0 0 0 1 0 1 0 -1 0 0 3005.DAT
0 STEP
1 86 830.0 -792 1380.0 0 0 1 0 1 0 -1 0 0 3010.DAT
0 STEP
1 86 860.0 -816 1350.0 -1 0 0 0 1 0 0 0 -1 3010.DAT
0 STEP
1 86 830.0 -480 1440.0 0 0 1 0 1 0 -1 0 0 3008.DAT
0 STEP
1 86 840.0 -816 1440.0 0 0 1 0 1 0 -1 0 0 3007.DAT
0 STEP
1 86 840.0 -432 1420.0 0 0 1 0 1 0 -1 0 0 3001.DAT
0 STEP
1 86 840.0 -768 1440.0 0 0 1 0 1 0 -1 0 0 3001.DAT
0 STEP
1 86 840.0 -792 1430.0 -1 0 0 0 1 0 0 0 -1 3004.DAT
0 STEP
1 86 840.0 -600 1470.0 0 0 1 0 1 0 -1 0 0 3002.DAT
0 STEP
1 86 830.0 -672 1460.0 0 0 1 0 1 0 -1 0 0 3004.DAT
0 STEP
1 86 860.0 -432 1470.0 -1 0 0 0 1 0 0 0 -1 3010.DAT
0 STEP
1 86 860.0 -552 1470.0 -1 0 0 0 1 0 0 0 -1 3010.DAT
0 STEP
1 86 840.0 -576 1480.0 0 0 1 0 1 0 -1 0 0 3003.DAT
0 STEP
1 86 840.0 -696 1490.0 0 0 1 0 1 0 -1 0 0 3002.DAT
0 STEP
1 86 830.0 -744 1490.0 0 0 1 0 1 0 -1 0 0 3622.DAT
0 STEP
1 86 860.0 -432 1500.0 -1 0 0 0 1 0 0 0 -1 3001.DAT
0 STEP
1 86 830.0 -624 1490.0 0 0 1 0 1 0 -1 0 0 3005.DAT
0 STEP
1 86 860.0 -672 1490.0 -1 0 0 0 1 0 0 0 -1 3010.DAT
0 STEP
1 86 850.0 -552 1510.0 -1 0 0 0 1 0 0 0 -1 3622.DAT
0 STEP
1 86 860.0 -624 1510.0 -1 0 0 0 1 0 0 0 -1 3010.DAT
0 STEP
1 86 920.0 -600 50.0 -1 0 0 0 1 0 0 0 -1 3008.DAT
0 STEP
1 86 850.0 -624 50.0 0 0 1 0 1 0 -1 0 0 3005.DAT
0 STEP
1 86 870.0 -600 70.0 -1 0 0 0 1 0 0 0 -1 3622.DAT
0 STEP
1 86 870.0 -624 80.0 -1 0 0 0 1 0 0 0 -1 3002.DAT
0 STEP
1 86 870.0 -600 100.0 -1 0 0 0 1 0 0 0 -1 3002.DAT
0 STEP
1 86 870.0 -624 120.0 -1 0 0 0 1 0 0 0 -1 3002.DAT
0 STEP
1 86 920.0 -576 140.0 -1 0 0 0 1 0 0 0 -1 3007.DAT
0 STEP
1 86 920.0 -600 130.0 -1 0 0 0 1 0 0 0 -1 3008.DAT
0 STEP
1 86 880.0 -672 130.0 -1 0 0 0 1 0 0 0 -1 3010.DAT
0 STEP
1 86 850.0 -600 150.0 0 0 1 0 1 0 -1 0 0 3005.DAT
0 STEP
1 86 870.0 -624 160.0 -1 0 0 0 1 0 0 0 -1 3002.DAT
0 STEP
1 86 920.0 -672 150.0 -1 0 0 0 1 0 0 0 -1 3008.DAT
0 STEP
1 86 920.0 -576 170.0 -1 0 0 0 1 0 0 0 -1 3008.DAT
0 STEP
1 86 870.0 -600 180.0 -1 0 0 0 1 0 0 0 -1 3002.DAT
0 STEP
1 86 880.0 -672 180.0 -1 0 0 0 1 0 0 0 -1 3001.DAT
0 STEP
1 86 920.0 -576 200.0 -1 0 0 0 1 0 0 0 -1 3007.DAT
0 STEP
1 86 870.0 -624 190.0 -1 0 0 0 1 0 0 0 -1 3622.DAT
0 STEP
1 86 870.0 -600 220.0 -1 0 0 0 1 0 0 0 -1 3002.DAT
0 STEP
1 86 870.0 -624 220.0 -1 0 0 0 1 0 0 0 -1 3002.DAT
0 STEP
1 86 880.0 -672 220.0 -1 0 0 0 1 0 0 0 -1 3001.DAT
0 STEP
1 86 920.0 -576 230.0 -1 0 0 0 1 0 0 0 -1 3008.DAT
0 STEP
1 86 870.0 -576 250.0 -1 0 0 0 1 0 0 0 -1 3622.DAT
0 STEP
1 86 870.0 -600 260.0 -1 0 0 0 1 0 0 0 -1 3002.DAT
0 STEP
1 86 870.0 -624 260.0 -1 0 0 0 1 0 0 0 -1 3002.DAT
0 STEP
1 86 880.0 -672 250.0 -1 0 0 0 1 0 0 0 -1 3010.DAT
0 STEP
1 86 920.0 -696 260.0 -1 0 0 0 1 0 0 0 -1 3007.DAT
0 STEP
1 86 920.0 -552 280.0 -1 0 0 0 1 0 0 0 -1 3007.DAT
0 STEP
1 86 920.0 -576 270.0 -1 0 0 0 1 0 0 0 -1 3008.DAT
0 STEP
1 86 870.0 -648 270.0 -1 0 0 0 1 0 0 0 -1 3622.DAT
0 STEP
1 86 850.0 -672 300.0 0 0 1 0 1 0 -1 0 0 3010.DAT
0 STEP
1 86 920.0 -576 300.0 -1 0 0 0 1 0 0 0 -1 3007.DAT
0 STEP
1 86 870.0 -696 300.0 -1 0 0 0 1 0 0 0 -1 3002.DAT
0 STEP
1 86 920.0 -552 320.0 -1 0 0 0 1 0 0 0 -1 3007.DAT
0 STEP
1 86 920.0 -576 330.0 -1 0 0 0 1 0 0 0 -1 3008.DAT
0 STEP
1 86 920.0 -696 340.0 -1 0 0 0 1 0 0 0 -1 3007.DAT
0 STEP
1 86 920.0 -552 360.0 -1 0 0 0 1 0 0 0 -1 3007.DAT
0 STEP
1 86 880.0 -576 350.0 -1 0 0 0 1 0 0 0 -1 3010.DAT
0 STEP
1 86 860.0 -624 380.0 0 0 1 0 1 0 -1 0 0 3001.DAT
0 STEP
1 86 870.0 -696 370.0 -1 0 0 0 1 0 0 0 -1 3622.DAT
0 STEP
1 86 900.0 -552 400.0 -1 0 0 0 1 0 0 0 -1 2456.DAT
0 STEP
1 86 870.0 -696 400.0 -1 0 0 0 1 0 0 0 -1 3002.DAT
0 STEP
1 86 850.0 -600 410.0 0 0 1 0 1 0 -1 0 0 3005.DAT
0 STEP
1 86 860.0 -552 440.0 0 0 1 0 1 0 -1 0 0 3003.DAT
0 STEP
1 86 850.0 -600 460.0 0 0 1 0 1 0 -1 0 0 3010.DAT
0 STEP
1 86 850.0 -672 480.0 0 0 1 0 1 0 -1 0 0 3009.DAT
0 STEP
1 86 850.0 -696 430.0 0 0 1 0 1 0 -1 0 0 3005.DAT
0 STEP
1 86 880.0 -720 430.0 -1 0 0 0 1 0 0 0 -1 3010.DAT
0 STEP
1 86 900.0 -528 460.0 -1 0 0 0 1 0 0 0 -1 2456.DAT
0 STEP
1 86 860.0 -624 480.0 0 0 1 0 1 0 -1 0 0 3001.DAT
0 STEP
1 86 860.0 -720 470.0 0 0 1 0 1 0 -1 0 0 3002.DAT
0 STEP
1 86 900.0 -528 500.0 -1 0 0 0 1 0 0 0 -1 2456.DAT
0 STEP
1 86 900.0 -720 510.0 -1 0 0 0 1 0 0 0 -1 3009.DAT
0 STEP
1 86 860.0 -528 560.0 0 0 1 0 1 0 -1 0 0 3001.DAT
0 STEP
1 86 850.0 -624 530.0 0 0 1 0 1 0 -1 0 0 3005.DAT
0 STEP
1 86 850.0 -696 540.0 0 0 1 0 1 0 -1 0 0 3004.DAT
0 STEP
1 86 860.0 -720 550.0 0 0 1 0 1 0 -1 0 0 3002.DAT
0 STEP
1 86 850.0 -600 570.0 0 0 1 0 1 0 -1 0 0 3622.DAT
0 STEP
1 86 860.0 -672 550.0 -1 0 0 0 1 0 0 0 -1 3004.DAT
0 STEP
1 86 850.0 -624 570.0 0 0 1 0 1 0 -1 0 0 3005.DAT
0 STEP
1 86 920.0 -696 580.0 -1 0 0 0 1 0 0 0 -1 3007.DAT
0 STEP
1 86 850.0 -576 620.0 0 0 1 0 1 0 -1 0 0 3010.DAT
0 STEP
1 86 850.0 -624 660.0 0 0 1 0 1 0 -1 0 0 3008.DAT
0 STEP
1 86 850.0 -552 610.0 0 0 1 0 1 0 -1 0 0 3005.DAT
0 STEP
1 86 870.0 -696 620.0 -1 0 0 0 1 0 0 0 -1 3002.DAT
0 STEP
1 86 850.0 -744 610.0 0 0 1 0 1 0 -1 0 0 3005.DAT
0 STEP
1 86 850.0 -552 680.0 0 0 1 0 1 0 -1 0 0 3009.DAT
0 STEP
1 86 850.0 -744 700.0 0 0 1 0 1 0 -1 0 0 3008.DAT
0 STEP
1 86 920.0 -504 650.0 -1 0 0 0 1 0 0 0 -1 3008.DAT
0 STEP
1 86 860.0 -696 680.0 0 0 1 0 1 0 -1 0 0 3001.DAT
0 STEP
1 86 880.0 -504 670.0 -1 0 0 0 1 0 0 0 -1 3010.DAT
0 STEP
1 86 870.0 -504 700.0 -1 0 0 0 1 0 0 0 -1 3002.DAT
0 STEP
1 86 850.0 -528 710.0 0 0 1 0 1 0 -1 0 0 3005.DAT
0 STEP
1 86 850.0 -504 750.0 0 0 1 0 1 0 -1 0 0 3622.DAT
0 STEP
1 86 920.0 -528 740.0 -1 0 0 0 1 0 0 0 -1 3007.DAT
0 STEP
1 86 920.0 -720 740.0 -1 0 0 0 1 0 0 0 -1 3007.DAT
0 STEP
1 86 850.0 -552 750.0 0 0 1 0 1 0 -1 0 0 3005.DAT
0 STEP
1 86 850.0 -624 750.0 0 0 1 0 1 0 -1 0 0 3005.DAT
0 STEP
1 86 850.0 -528 770.0 0 0 1 0 1 0 -1 0 0 3005.DAT
0 STEP
1 86 880.0 -720 770.0 -1 0 0 0 1 0 0 0 -1 3010.DAT
0 STEP
1 86 880.0 -720 800.0 -1 0 0 0 1 0 0 0 -1 3001.DAT
0 STEP
1 86 850.0 -768 810.0 0 0 1 0 1 0 -1 0 0 3005.DAT
0 STEP
1 86 850.0 -456 830.0 0 0 1 0 1 0 -1 0 0 3005.DAT
0 STEP
1 86 900.0 -768 830.0 -1 0 0 0 1 0 0 0 -1 3009.DAT
0 STEP
1 86 860.0 -1008 860.0 0 0 1 0 1 0 -1 0 0 3001.DAT
0 STEP
1 86 860.0 -480 900.0 0 0 1 0 1 0 -1 0 0 2456.DAT
0 STEP
1 86 880.0 -720 850.0 -1 0 0 0 1 0 0 0 -1 3010.DAT
0 STEP
1 86 850.0 -768 850.0 0 0 1 0 1 0 -1 0 0 3005.DAT
0 STEP
1 86 880.0 -984 860.0 -1 0 0 0 1 0 0 0 -1 3001.DAT
0 STEP
1 86 870.0 -720 870.0 -1 0 0 0 1 0 0 0 -1 3622.DAT
0 STEP
1 86 880.0 -768 870.0 -1 0 0 0 1 0 0 0 -1 3010.DAT
0 STEP
1 86 850.0 -456 890.0 0 0 1 0 1 0 -1 0 0 3005.DAT
0 STEP
1 25 850.0 -552 890.0 0 0 1 0 1 0 -1 0 0 3005.DAT
0 STEP
1 86 860.0 -744 910.0 0 0 1 0 1 0 -1 0 0 3002.DAT
0 STEP
1 86 850.0 -768 940.0 0 0 1 0 1 0 -1 0 0 3009.DAT
0 STEP
1 86 850.0 -984 920.0 0 0 1 0 1 0 -1 0 0 3010.DAT
0 STEP
1 86 880.0 -456 910.0 -1 0 0 0 1 0 0 0 -1 3010.DAT
0 STEP
1 86 920.0 -456 960.0 -1 0 0 0 1 0 0 0 -1 3007.DAT
0 STEP
1 86 850.0 -504 980.0 0 0 1 0 1 0 -1 0 0 3010.DAT
0 STEP
1 86 880.0 -744 950.0 -1 0 0 0 1 0 0 0 -1 3010.DAT
0 STEP
1 86 850.0 -456 1000.0 0 0 1 0 1 0 -1 0 0 3004.DAT
0 STEP
1 86 850.0 -984 990.0 0 0 1 0 1 0 -1 0 0 3005.DAT
0 STEP
1 86 850.0 -480 1030.0 0 0 1 0 1 0 -1 0 0 3622.DAT
0 STEP
1 86 850.0 -768 1010.0 0 0 1 0 1 0 -1 0 0 3005.DAT
0 STEP
1 86 850.0 -984 1040.0 0 0 1 0 1 0 -1 0 0 3010.DAT
0 STEP
1 86 850.0 -768 1080.0 0 0 1 0 1 0 -1 0 0 3009.DAT
0 STEP
1 86 860.0 -792 1080.0 0 0 1 0 1 0 -1 0 0 3001.DAT
0 STEP
1 86 900.0 -456 1070.0 -1 0 0 0 1 0 0 0 -1 3009.DAT
0 STEP
1 86 850.0 -480 1100.0 0 0 1 0 1 0 -1 0 0 3010.DAT
0 STEP
1 86 850.0 -456 1090.0 0 0 1 0 1 0 -1 0 0 3005.DAT
0 STEP
1 86 850.0 -984 1090.0 0 0 1 0 1 0 -1 0 0 3005.DAT
0 STEP
1 86 920.0 -456 1110.0 -1 0 0 0 1 0 0 0 -1 3008.DAT
0 STEP
1 86 850.0 -984 1140.0 0 0 1 0 1 0 -1 0 0 3010.DAT
0 STEP
1 86 860.0 -792 1130.0 -1 0 0 0 1 0 0 0 -1 3004.DAT
0 STEP
1 86 880.0 -1008 1130.0 -1 0 0 0 1 0 0 0 -1 3010.DAT
0 STEP
1 86 850.0 -480 1150.0 0 0 1 0 1 0 -1 0 0 3005.DAT
0 STEP
1 86 850.0 -768 1150.0 0 0 1 0 1 0 -1 0 0 3005.DAT
0 STEP
1 86 850.0 -792 1170.0 0 0 1 0 1 0 -1 0 0 3622.DAT
0 STEP
1 86 880.0 -480 1170.0 -1 0 0 0 1 0 0 0 -1 3010.DAT
0 STEP
1 86 880.0 -768 1180.0 -1 0 0 0 1 0 0 0 -1 3001.DAT
0 STEP
1 86 860.0 -1008 1190.0 0 0 1 0 1 0 -1 0 0 3002.DAT
0 STEP
1 86 860.0 -480 1190.0 -1 0 0 0 1 0 0 0 -1 3004.DAT
0 STEP
1 86 850.0 -744 1210.0 0 0 1 0 1 0 -1 0 0 3622.DAT
0 STEP
1 86 850.0 -480 1280.0 0 0 1 0 1 0 -1 0 0 3008.DAT
0 STEP
1 86 920.0 -768 1210.0 -1 0 0 0 1 0 0 0 -1 3008.DAT
0 STEP
1 86 850.0 -792 1240.0 0 0 1 0 1 0 -1 0 0 3010.DAT
0 STEP
1 86 920.0 -768 1240.0 -1 0 0 0 1 0 0 0 -1 3007.DAT
0 STEP
1 86 850.0 -1032 1240.0 0 0 1 0 1 0 -1 0 0 3004.DAT
0 STEP
1 86 850.0 -816 1300.0 0 0 1 0 1 0 -1 0 0 3010.DAT
0 STEP
1 86 850.0 -432 1300.0 0 0 1 0 1 0 -1 0 0 3004.DAT
0 STEP
1 86 850.0 -792 1290.0 0 0 1 0 1 0 -1 0 0 3005.DAT
0 STEP
1 86 850.0 -984 1300.0 0 0 1 0 1 0 -1 0 0 3004.DAT
0 STEP
1 86 860.0 -1008 1320.0 0 0 1 0 1 0 -1 0 0 3001.DAT
0 STEP
1 86 870.0 -432 1340.0 -1 0 0 0 1 0 0 0 -1 3002.DAT
0 STEP
1 86 860.0 -984 1330.0 -1 0 0 0 1 0 0 0 -1 3004.DAT
0 STEP
1 86 850.0 -792 1370.0 0 0 1 0 1 0 -1 0 0 3622.DAT
0 STEP
1 86 920.0 -432 1370.0 -1 0 0 0 1 0 0 0 -1 3008.DAT
0 STEP
1 86 870.0 -480 1380.0 -1 0 0 0 1 0 0 0 -1 3002.DAT
0 STEP
1 86 850.0 -480 1440.0 0 0 1 0 1 0 -1 0 0 3010.DAT
0 STEP
1 86 880.0 -792 1410.0 -1 0 0 0 1 0 0 0 -1 3010.DAT
0 STEP
1 86 850.0 -528 1490.0 0 0 1 0 1 0 -1 0 0 3622.DAT
0 STEP
1 86 870.0 -624 1480.0 -1 0 0 0 1 0 0 0 -1 3002.DAT
0 STEP
1 86 860.0 -648 1490.0 0 0 1 0 1 0 -1 0 0 3002.DAT
0 STEP
1 86 850.0 -672 1470.0 0 0 1 0 1 0 -1 0 0 3005.DAT
0 STEP
1 86 860.0 -744 1490.0 0 0 1 0 1 0 -1 0 0 3002.DAT
0 STEP
1 86 880.0 -480 1490.0 -1 0 0 0 1 0 0 0 -1 3010.DAT
0 STEP
1 86 900.0 -720 1490.0 -1 0 0 0 1 0 0 0 -1 3009.DAT
0 STEP
1 86 880.0 -840 1500.0 -1 0 0 0 1 0 0 0 -1 3001.DAT
0 STEP
1 86 860.0 -480 1510.0 -1 0 0 0 1 0 0 0 -1 3004.DAT
0 STEP
1 86 850.0 -576 1510.0 0 0 1 0 1 0 -1 0 0 3005.DAT
0 STEP
1 86 870.0 -672 1510.0 -1 0 0 0 1 0 0 0 -1 3622.DAT
0 STEP
1 86 920.0 -576 20.0 -1 0 0 0 1 0 0 0 -1 2456.DAT
0 STEP
1 86 920.0 -600 10.0 -1 0 0 0 1 0 0 0 -1 3009.DAT
0 STEP
1 86 870.0 -624 10.0 0 0 1 0 1 0 -1 0 0 3005.DAT
0 STEP
1 86 920.0 -648 10.0 -1 0 0 0 1 0 0 0 -1 3009.DAT
0 STEP
1 86 920.0 -672 20.0 -1 0 0 0 1 0 0 0 -1 2456.DAT
0 STEP
1 86 870.0 -600 30.0 0 0 1 0 1 0 -1 0 0 3005.DAT
0 STEP
1 86 900.0 -624 40.0 -1 0 0 0 1 0 0 0 -1 3001.DAT
0 STEP
1 86 920.0 -576 50.0 -1 0 0 0 1 0 0 0 -1 3009.DAT
0 STEP
1 86 870.0 -648 60.0 0 0 1 0 1 0 -1 0 0 3004.DAT
0 STEP
1 86 920.0 -672 50.0 -1 0 0 0 1 0 0 0 -1 3009.DAT
0 STEP
1 86 920.0 -576 80.0 -1 0 0 0 1 0 0 0 -1 2456.DAT
0 STEP
1 86 920.0 -672 80.0 -1 0 0 0 1 0 0 0 -1 2456.DAT
0 STEP
1 86 920.0 -696 70.0 -1 0 0 0 1 0 0 0 -1 3009.DAT
0 STEP
1 86 890.0 -648 100.0 -1 0 0 0 1 0 0 0 -1 3002.DAT
0 STEP
1 86 920.0 -696 100.0 -1 0 0 0 1 0 0 0 -1 2456.DAT
0 STEP
1 86 880.0 -552 130.0 0 0 1 0 1 0 -1 0 0 3002.DAT
0 STEP
1 86 870.0 -576 110.0 0 0 1 0 1 0 -1 0 0 3005.DAT
0 STEP
1 86 890.0 -672 110.0 -1 0 0 0 1 0 0 0 -1 3622.DAT
0 STEP
1 86 870.0 -696 130.0 0 0 1 0 1 0 -1 0 0 3005.DAT
0 STEP
1 86 900.0 -600 150.0 -1 0 0 0 1 0 0 0 -1 3010.DAT
0 STEP
1 86 920.0 -696 160.0 -1 0 0 0 1 0 0 0 -1 2456.DAT
0 STEP
1 86 920.0 -552 180.0 -1 0 0 0 1 0 0 0 -1 2456.DAT
0 STEP
1 86 870.0 -648 200.0 0 0 1 0 1 0 -1 0 0 3010.DAT
0 STEP
1 86 920.0 -696 200.0 -1 0 0 0 1 0 0 0 -1 2456.DAT
0 STEP
1 86 920.0 -552 220.0 -1 0 0 0 1 0 0 0 -1 2456.DAT
0 STEP
1 86 890.0 -696 230.0 -1 0 0 0 1 0 0 0 -1 3622.DAT
0 STEP
1 86 890.0 -552 250.0 -1 0 0 0 1 0 0 0 -1 3622.DAT
0 STEP
1 86 920.0 -672 270.0 -1 0 0 0 1 0 0 0 -1 3009.DAT
0 STEP
1 86 920.0 -720 270.0 -1 0 0 0 1 0 0 0 -1 3009.DAT
0 STEP
1 86 920.0 -528 300.0 -1 0 0 0 1 0 0 0 -1 2456.DAT
0 STEP
1 86 900.0 -672 300.0 -1 0 0 0 1 0 0 0 -1 3001.DAT
0 STEP
1 86 870.0 -720 290.0 0 0 1 0 1 0 -1 0 0 3005.DAT
0 STEP
1 86 890.0 -720 320.0 -1 0 0 0 1 0 0 0 -1 3002.DAT
0 STEP
1 86 920.0 -528 340.0 -1 0 0 0 1 0 0 0 -1 2456.DAT
0 STEP
1 86 940.0 -672 340.0 -1 0 0 0 1 0 0 0 -1 3007.DAT
0 STEP
1 86 890.0 -720 360.0 -1 0 0 0 1 0 0 0 -1 3002.DAT
0 STEP
1 86 920.0 -528 370.0 -1 0 0 0 1 0 0 0 -1 3009.DAT
0 STEP
1 86 940.0 -576 370.0 -1 0 0 0 1 0 0 0 -1 3008.DAT
0 STEP
1 86 890.0 -528 390.0 -1 0 0 0 1 0 0 0 -1 3622.DAT
0 STEP
1 86 900.0 -576 390.0 -1 0 0 0 1 0 0 0 -1 3010.DAT
0 STEP
1 86 900.0 -720 400.0 -1 0 0 0 1 0 0 0 -1 3001.DAT
0 STEP
1 86 890.0 -528 420.0 -1 0 0 0 1 0 0 0 -1 3002.DAT
0 STEP
1 86 880.0 -576 420.0 0 0 1 0 1 0 -1 0 0 3003.DAT
0 STEP
1 86 870.0 -600 440.0 0 0 1 0 1 0 -1 0 0 3010.DAT
0 STEP
1 86 870.0 -672 460.0 0 0 1 0 1 0 -1 0 0 3009.DAT
0 STEP
1 86 920.0 -696 430.0 -1 0 0 0 1 0 0 0 -1 3009.DAT
0 STEP
1 86 870.0 -552 500.0 0 0 1 0 1 0 -1 0 0 3010.DAT
0 STEP
1 86 870.0 -600 490.0 0 0 1 0 1 0 -1 0 0 3005.DAT
0 STEP
1 86 880.0 -744 520.0 0 0 1 0 1 0 -1 0 0 3001.DAT
0 STEP
1 86 870.0 -576 540.0 0 0 1 0 1 0 -1 0 0 3010.DAT
0 STEP
1 86 900.0 -696 520.0 -1 0 0 0 1 0 0 0 -1 3001.DAT
0 STEP
1 86 870.0 -504 530.0 0 0 1 0 1 0 -1 0 0 3005.DAT
0 STEP
1 86 870.0 -672 530.0 0 0 1 0 1 0 -1 0 0 3005.DAT
0 STEP
1 86 870.0 -504 580.0 0 0 1 0 1 0 -1 0 0 3010.DAT
0 STEP
1 86 900.0 -696 550.0 -1 0 0 0 1 0 0 0 -1 3010.DAT
0 STEP
1 86 920.0 -744 570.0 -1 0 0 0 1 0 0 0 -1 3009.DAT
0 STEP
1 86 880.0 -744 680.0 0 0 1 0 1 0 -1 0 0 3006.DAT
0 STEP
1 86 880.0 -552 640.0 0 0 1 0 1 0 -1 0 0 3001.DAT
0 STEP
1 86 870.0 -504 630.0 0 0 1 0 1 0 -1 0 0 3005.DAT
0 STEP
1 86 870.0 -528 680.0 0 0 1 0 1 0 -1 0 0 3010.DAT
0 STEP
1 86 870.0 -552 710.0 0 0 1 0 1 0 -1 0 0 3622.DAT
0 STEP
1 86 870.0 -504 740.0 0 0 1 0 1 0 -1 0 0 3004.DAT
0 STEP
1 86 870.0 -768 760.0 0 0 1 0 1 0 -1 0 0 3010.DAT
0 STEP
1 86 870.0 -480 760.0 0 0 1 0 1 0 -1 0 0 3004.DAT
0 STEP
1 86 870.0 -456 800.0 0 0 1 0 1 0 -1 0 0 3010.DAT
0 STEP
1 86 940.0 -504 770.0 -1 0 0 0 1 0 0 0 -1 3008.DAT
0 STEP
1 86 890.0 -480 790.0 -1 0 0 0 1 0 0 0 -1 3622.DAT
0 STEP
1 86 870.0 -504 840.0 0 0 1 0 1 0 -1 0 0 3010.DAT
0 STEP
1 86 870.0 -744 840.0 0 0 1 0 1 0 -1 0 0 3010.DAT
0 STEP
1 86 900.0 -768 810.0 -1 0 0 0 1 0 0 0 -1 3010.DAT
0 STEP
1 86 900.0 -768 850.0 -1 0 0 0 1 0 0 0 -1 3010.DAT
0 STEP
1 86 920.0 -840 880.0 -1 0 0 0 1 0 0 0 -1 2456.DAT
0 STEP
1 86 920.0 -1032 880.0 -1 0 0 0 1 0 0 0 -1 2456.DAT
0 STEP
1 86 900.0 -456 890.0 -1 0 0 0 1 0 0 0 -1 3010.DAT
0 STEP
1 86 900.0 -504 890.0 -1 0 0 0 1 0 0 0 -1 3010.DAT
0 STEP
1 86 880.0 -768 920.0 0 0 1 0 1 0 -1 0 0 3001.DAT
0 STEP
1 86 870.0 -792 890.0 0 0 1 0 1 0 -1 0 0 3005.DAT
0 STEP
1 86 920.0 -816 890.0 -1 0 0 0 1 0 0 0 -1 3009.DAT
0 STEP
1 86 900.0 -984 890.0 -1 0 0 0 1 0 0 0 -1 3010.DAT
0 STEP
1 86 870.0 -504 910.0 0 0 1 0 1 0 -1 0 0 3005.DAT
0 STEP
1 86 870.0 -984 910.0 0 0 1 0 1 0 -1 0 0 3005.DAT
0 STEP
1 86 870.0 -1032 910.0 0 0 1 0 1 0 -1 0 0 3005.DAT
0 STEP
1 86 870.0 -120 950.0 0 0 1 0 1 0 -1 0 0 3622.DAT
0 STEP
1 86 870.0 -144 950.0 0 0 1 0 1 0 -1 0 0 3622.DAT
0 STEP
1 86 870.0 -504 960.0 0 0 1 0 1 0 -1 0 0 3010.DAT
0 STEP
1 86 870.0 -984 960.0 0 0 1 0 1 0 -1 0 0 3010.DAT
0 STEP
1 86 900.0 -1032 930.0 -1 0 0 0 1 0 0 0 -1 3010.DAT
0 STEP
1 86 880.0 -792 980.0 0 0 1 0 1 0 -1 0 0 3001.DAT
0 STEP
1 86 870.0 -1032 980.0 0 0 1 0 1 0 -1 0 0 3010.DAT
0 STEP
1 86 900.0 -768 970.0 -1 0 0 0 1 0 0 0 -1 3010.DAT
0 STEP
1 86 870.0 -456 990.0 0 0 1 0 1 0 -1 0 0 3005.DAT
0 STEP
1 86 870.0 -768 1020.0 0 0 1 0 1 0 -1 0 0 3010.DAT
0 STEP
1 86 940.0 -456 1010.0 -1 0 0 0 1 0 0 0 -1 3008.DAT
0 STEP
1 86 870.0 -480 1060.0 0 0 1 0 1 0 -1 0 0 3009.DAT
0 STEP
1 86 900.0 -504 1010.0 -1 0 0 0 1 0 0 0 -1 3010.DAT
0 STEP
1 86 870.0 -984 1010.0 0 0 1 0 1 0 -1 0 0 3005.DAT
0 STEP
1 86 870.0 -792 1030.0 0 0 1 0 1 0 -1 0 0 3005.DAT
0 STEP
1 86 870.0 -984 1060.0 0 0 1 0 1 0 -1 0 0 3010.DAT
0 STEP
1 86 870.0 -1032 1030.0 0 0 1 0 1 0 -1 0 0 3005.DAT
0 STEP
1 86 870.0 -1032 1080.0 0 0 1 0 1 0 -1 0 0 3010.DAT
0 STEP
1 86 900.0 -768 1080.0 -1 0 0 0 1 0 0 0 -1 3001.DAT
0 STEP
1 86 940.0 -456 1090.0 -1 0 0 0 1 0 0 0 -1 3008.DAT
0 STEP
1 86 870.0 -504 1090.0 0 0 1 0 1 0 -1 0 0 3005.DAT
0 STEP
1 86 870.0 -504 1140.0 0 0 1 0 1 0 -1 0 0 3010.DAT
0 STEP
1 86 880.0 -768 1120.0 0 0 1 0 1 0 -1 0 0 3003.DAT
0 STEP
1 86 870.0 -984 1110.0 0 0 1 0 1 0 -1 0 0 3005.DAT
0 STEP
1 86 900.0 -480 1140.0 -1 0 0 0 1 0 0 0 -1 3001.DAT
0 STEP
1 86 870.0 -984 1160.0 0 0 1 0 1 0 -1 0 0 3010.DAT
0 STEP
1 86 900.0 -1032 1140.0 -1 0 0 0 1 0 0 0 -1 3001.DAT
0 STEP
1 86 880.0 -456 1170.0 0 0 1 0 1 0 -1 0 0 3002.DAT
0 STEP
1 86 900.0 -768 1150.0 -1 0 0 0 1 0 0 0 -1 3010.DAT
0 STEP
1 86 870.0 -792 1150.0 0 0 1 0 1 0 -1 0 0 3005.DAT
0 STEP
1 86 870.0 -792 1240.0 0 0 1 0 1 0 -1 0 0 3008.DAT
0 STEP
1 86 880.0 -816 1170.0 -1 0 0 0 1 0 0 0 -1 3004.DAT
0 STEP
1 86 900.0 -1032 1180.0 -1 0 0 0 1 0 0 0 -1 3001.DAT
0 STEP
1 86 870.0 -432 1190.0 0 0 1 0 1 0 -1 0 0 3005.DAT
0 STEP
1 86 900.0 -816 1200.0 -1 0 0 0 1 0 0 0 -1 3001.DAT
0 STEP
1 86 870.0 -432 1260.0 0 0 1 0 1 0 -1 0 0 3009.DAT
0 STEP
1 86 870.0 -480 1210.0 0 0 1 0 1 0 -1 0 0 3005.DAT
0 STEP
1 86 870.0 -984 1260.0 0 0 1 0 1 0 -1 0 0 3009.DAT
0 STEP
1 86 880.0 -1032 1240.0 0 0 1 0 1 0 -1 0 0 3001.DAT
0 STEP
1 86 870.0 -480 1280.0 0 0 1 0 1 0 -1 0 0 3009.DAT
0 STEP
1 86 880.0 -816 1230.0 -1 0 0 0 1 0 0 0 -1 3004.DAT
0 STEP
1 86 880.0 -816 1280.0 0 0 1 0 1 0 -1 0 0 3001.DAT
0 STEP
1 86 870.0 -1032 1310.0 0 0 1 0 1 0 -1 0 0 3622.DAT
0 STEP
1 86 870.0 -456 1360.0 0 0 1 0 1 0 -1 0 0 3010.DAT
0 STEP
1 86 880.0 -816 1330.0 -1 0 0 0 1 0 0 0 -1 3004.DAT
0 STEP
1 86 870.0 -480 1350.0 0 0 1 0 1 0 -1 0 0 3005.DAT
0 STEP
1 86 900.0 -792 1350.0 -1 0 0 0 1 0 0 0 -1 3010.DAT
0 STEP
1 86 870.0 -792 1370.0 0 0 1 0 1 0 -1 0 0 3005.DAT
0 STEP
1 86 880.0 -816 1440.0 0 0 1 0 1 0 -1 0 0 3007.DAT
0 STEP
1 86 870.0 -432 1420.0 0 0 1 0 1 0 -1 0 0 3010.DAT
0 STEP
1 86 920.0 -792 1390.0 -1 0 0 0 1 0 0 0 -1 3009.DAT
0 STEP
1 86 870.0 -480 1420.0 0 0 1 0 1 0 -1 0 0 3004.DAT
0 STEP
1 86 920.0 -840 1420.0 -1 0 0 0 1 0 0 0 -1 2456.DAT
0 STEP
1 86 870.0 -456 1460.0 0 0 1 0 1 0 -1 0 0 3010.DAT
0 STEP
1 86 900.0 -792 1440.0 -1 0 0 0 1 0 0 0 -1 3001.DAT
0 STEP
1 86 870.0 -408 1460.0 0 0 1 0 1 0 -1 0 0 3004.DAT
0 STEP
1 86 880.0 -768 1470.0 0 0 1 0 1 0 -1 0 0 3002.DAT
0 STEP
1 86 890.0 -840 1460.0 -1 0 0 0 1 0 0 0 -1 3002.DAT
0 STEP
1 86 870.0 -480 1470.0 0 0 1 0 1 0 -1 0 0 3005.DAT
0 STEP
1 86 880.0 -528 1490.0 0 0 1 0 1 0 -1 0 0 3002.DAT
0 STEP
1 86 870.0 -576 1490.0 0 0 1 0 1 0 -1 0 0 3622.DAT
0 STEP
1 86 900.0 -600 1470.0 -1 0 0 0 1 0 0 0 -1 3010.DAT
0 STEP
1 86 900.0 -672 1470.0 -1 0 0 0 1 0 0 0 -1 3010.DAT
0 STEP
1 86 880.0 -696 1490.0 0 0 1 0 1 0 -1 0 0 3002.DAT
0 STEP
1 86 870.0 -720 1470.0 0 0 1 0 1 0 -1 0 0 3005.DAT
0 STEP
1 86 900.0 -408 1490.0 -1 0 0 0 1 0 0 0 -1 3010.DAT
0 STEP
1 86 900.0 -600 1500.0 -1 0 0 0 1 0 0 0 -1 3001.DAT
0 STEP
1 86 870.0 -408 1510.0 0 0 1 0 1 0 -1 0 0 3005.DAT
0 STEP
1 86 870.0 -456 1510.0 0 0 1 0 1 0 -1 0 0 3005.DAT
0 STEP
1 86 920.0 -552 20.0 -1 0 0 0 1 0 0 0 -1 3001.DAT
0 STEP
1 86 940.0 -624 10.0 -1 0 0 0 1 0 0 0 -1 3009.DAT
0 STEP
1 86 920.0 -696 10.0 -1 0 0 0 1 0 0 0 -1 3010.DAT
0 STEP
1 86 940.0 -600 30.0 -1 0 0 0 1 0 0 0 -1 3009.DAT
0 STEP
1 86 920.0 -648 40.0 -1 0 0 0 1 0 0 0 -1 3001.DAT
0 STEP
1 86 920.0 -696 40.0 -1 0 0 0 1 0 0 0 -1 3001.DAT
0 STEP
1 86 920.0 -552 50.0 -1 0 0 0 1 0 0 0 -1 3010.DAT
0 STEP
1 86 920.0 -552 80.0 -1 0 0 0 1 0 0 0 -1 3001.DAT
0 STEP
1 86 900.0 -648 70.0 -1 0 0 0 1 0 0 0 -1 3004.DAT
0 STEP
1 86 940.0 -576 110.0 -1 0 0 0 1 0 0 0 -1 3009.DAT
0 STEP
1 86 920.0 -696 130.0 -1 0 0 0 1 0 0 0 -1 3010.DAT
0 STEP
1 86 920.0 -720 180.0 -1 0 0 0 1 0 0 0 -1 3001.DAT
0 STEP
1 86 920.0 -528 220.0 -1 0 0 0 1 0 0 0 -1 3001.DAT
0 STEP
1 86 920.0 -720 220.0 -1 0 0 0 1 0 0 0 -1 3001.DAT
0 STEP
1 86 920.0 -528 260.0 -1 0 0 0 1 0 0 0 -1 3001.DAT
0 STEP
1 86 890.0 -720 250.0 0 0 1 0 1 0 -1 0 0 3005.DAT
0 STEP
1 86 920.0 -720 290.0 -1 0 0 0 1 0 0 0 -1 3010.DAT
0 STEP
1 86 900.0 -744 440.0 0 0 1 0 1 0 -1 0 0 3001.DAT
0 STEP
1 86 890.0 -552 480.0 0 0 1 0 1 0 -1 0 0 3009.DAT
0 STEP
1 86 890.0 -504 520.0 0 0 1 0 1 0 -1 0 0 3008.DAT
0 STEP
1 86 900.0 -720 470.0 0 0 1 0 1 0 -1 0 0 3002.DAT
0 STEP
1 86 940.0 -528 530.0 -1 0 0 0 1 0 0 0 -1 3009.DAT
0 STEP
1 86 890.0 -720 550.0 0 0 1 0 1 0 -1 0 0 3622.DAT
0 STEP
1 86 900.0 -528 620.0 0 0 1 0 1 0 -1 0 0 3007.DAT
0 STEP
1 86 890.0 -504 610.0 0 0 1 0 1 0 -1 0 0 3005.DAT
0 STEP
1 86 940.0 -504 630.0 -1 0 0 0 1 0 0 0 -1 3009.DAT
0 STEP
1 86 910.0 -768 660.0 -1 0 0 0 1 0 0 0 -1 3002.DAT
0 STEP
1 86 920.0 -480 690.0 -1 0 0 0 1 0 0 0 -1 3010.DAT
0 STEP
1 86 910.0 -768 700.0 -1 0 0 0 1 0 0 0 -1 3002.DAT
0 STEP
1 86 900.0 -480 740.0 0 0 1 0 1 0 -1 0 0 3001.DAT
0 STEP
1 86 920.0 -528 710.0 -1 0 0 0 1 0 0 0 -1 3010.DAT
0 STEP
1 86 890.0 -504 730.0 0 0 1 0 1 0 -1 0 0 3005.DAT
0 STEP
1 86 890.0 -768 730.0 0 0 1 0 1 0 -1 0 0 3005.DAT
0 STEP
1 86 910.0 -504 750.0 -1 0 0 0 1 0 0 0 -1 3622.DAT
0 STEP
1 86 920.0 -768 750.0 -1 0 0 0 1 0 0 0 -1 3010.DAT
0 STEP
1 86 920.0 -456 770.0 -1 0 0 0 1 0 0 0 -1 3010.DAT
0 STEP
1 86 920.0 -768 780.0 -1 0 0 0 1 0 0 0 -1 3001.DAT
0 STEP
1 86 910.0 -456 790.0 -1 0 0 0 1 0 0 0 -1 3622.DAT
0 STEP
1 86 890.0 -504 820.0 0 0 1 0 1 0 -1 0 0 3010.DAT
0 STEP
1 86 900.0 -456 840.0 0 0 1 0 1 0 -1 0 0 3001.DAT
0 STEP
1 86 890.0 -744 810.0 0 0 1 0 1 0 -1 0 0 3005.DAT
0 STEP
1 86 890.0 -744 880.0 0 0 1 0 1 0 -1 0 0 3009.DAT
0 STEP
1 86 890.0 -1008 860.0 0 0 1 0 1 0 -1 0 0 3010.DAT
0 STEP
1 86 890.0 -480 900.0 0 0 1 0 1 0 -1 0 0 3009.DAT
0 STEP
1 86 960.0 -504 870.0 -1 0 0 0 1 0 0 0 -1 3008.DAT
0 STEP
1 86 890.0 -864 870.0 0 0 1 0 1 0 -1 0 0 3005.DAT
0 STEP
1 86 920.0 -792 900.0 -1 0 0 0 1 0 0 0 -1 3001.DAT
0 STEP
1 86 900.0 -504 940.0 0 0 1 0 1 0 -1 0 0 3001.DAT
0 STEP
1 86 940.0 -984 910.0 -1 0 0 0 1 0 0 0 -1 3009.DAT
0 STEP
1 86 920.0 -1032 910.0 -1 0 0 0 1 0 0 0 -1 3010.DAT
0 STEP
1 86 900.0 -144 950.0 0 0 1 0 1 0 -1 0 0 3002.DAT
0 STEP
1 86 900.0 -792 930.0 -1 0 0 0 1 0 0 0 -1 3004.DAT
0 STEP
1 86 890.0 -984 930.0 0 0 1 0 1 0 -1 0 0 3005.DAT
0 STEP
1 86 940.0 -120 950.0 -1 0 0 0 1 0 0 0 -1 3009.DAT
0 STEP
1 86 960.0 -168 950.0 -1 0 0 0 1 0 0 0 -1 3008.DAT
0 STEP
1 86 910.0 -984 960.0 -1 0 0 0 1 0 0 0 -1 3002.DAT
0 STEP
1 86 910.0 -1032 950.0 -1 0 0 0 1 0 0 0 -1 3622.DAT
0 STEP
1 86 960.0 -120 970.0 -1 0 0 0 1 0 0 0 -1 3008.DAT
0 STEP
1 86 920.0 -1032 980.0 -1 0 0 0 1 0 0 0 -1 3001.DAT
0 STEP
1 86 940.0 -456 990.0 -1 0 0 0 1 0 0 0 -1 3009.DAT
0 STEP
1 86 940.0 -504 990.0 -1 0 0 0 1 0 0 0 -1 3009.DAT
0 STEP
1 86 920.0 -768 1000.0 -1 0 0 0 1 0 0 0 -1 3001.DAT
0 STEP
1 86 890.0 -984 1060.0 0 0 1 0 1 0 -1 0 0 3008.DAT
0 STEP
1 86 890.0 -480 1020.0 0 0 1 0 1 0 -1 0 0 3004.DAT
0 STEP
1 86 890.0 -1032 1010.0 0 0 1 0 1 0 -1 0 0 3005.DAT
0 STEP
1 86 920.0 -456 1040.0 -1 0 0 0 1 0 0 0 -1 3001.DAT
0 STEP
1 86 890.0 -768 1030.0 0 0 1 0 1 0 -1 0 0 3005.DAT
0 STEP
1 86 890.0 -792 1050.0 0 0 1 0 1 0 -1 0 0 3622.DAT
0 STEP
1 86 890.0 -1032 1060.0 0 0 1 0 1 0 -1 0 0 3010.DAT
0 STEP
1 86 900.0 -480 1080.0 0 0 1 0 1 0 -1 0 0 3001.DAT
0 STEP
1 86 910.0 -504 1060.0 -1 0 0 0 1 0 0 0 -1 3002.DAT
0 STEP
1 86 920.0 -768 1050.0 -1 0 0 0 1 0 0 0 -1 3010.DAT
0 STEP
1 86 910.0 -1008 1070.0 -1 0 0 0 1 0 0 0 -1 3622.DAT
0 STEP
1 86 890.0 -504 1120.0 0 0 1 0 1 0 -1 0 0 3010.DAT
0 STEP
1 86 900.0 -792 1120.0 0 0 1 0 1 0 -1 0 0 3001.DAT
0 STEP
1 86 920.0 -1008 1090.0 -1 0 0 0 1 0 0 0 -1 3010.DAT
0 STEP
1 86 920.0 -1032 1110.0 -1 0 0 0 1 0 0 0 -1 3010.DAT
0 STEP
1 86 890.0 -816 1140.0 0 0 1 0 1 0 -1 0 0 3004.DAT
0 STEP
1 86 890.0 -984 1150.0 0 0 1 0 1 0 -1 0 0 3005.DAT
0 STEP
1 86 890.0 -432 1240.0 0 0 1 0 1 0 -1 0 0 3008.DAT
0 STEP
1 86 900.0 -792 1170.0 -1 0 0 0 1 0 0 0 -1 3004.DAT
0 STEP
1 86 920.0 -984 1180.0 -1 0 0 0 1 0 0 0 -1 3001.DAT
0 STEP
1 86 890.0 -1008 1200.0 0 0 1 0 1 0 -1 0 0 3010.DAT
0 STEP
1 86 890.0 -480 1220.0 0 0 1 0 1 0 -1 0 0 3010.DAT
0 STEP
1 86 900.0 -792 1220.0 0 0 1 0 1 0 -1 0 0 3001.DAT
0 STEP
1 86 890.0 -456 1220.0 0 0 1 0 1 0 -1 0 0 3004.DAT
0 STEP
1 86 920.0 -984 1220.0 -1 0 0 0 1 0 0 0 -1 3001.DAT
0 STEP
1 86 910.0 -984 1250.0 -1 0 0 0 1 0 0 0 -1 3622.DAT
0 STEP
1 86 890.0 -480 1270.0 0 0 1 0 1 0 -1 0 0 3005.DAT
0 STEP
1 86 900.0 -792 1270.0 -1 0 0 0 1 0 0 0 -1 3004.DAT
0 STEP
1 86 900.0 -984 1300.0 0 0 1 0 1 0 -1 0 0 3001.DAT
0 STEP
1 86 890.0 -480 1320.0 0 0 1 0 1 0 -1 0 0 3010.DAT
0 STEP
1 86 920.0 -792 1290.0 -1 0 0 0 1 0 0 0 -1 3010.DAT
0 STEP
1 86 900.0 -1008 1290.0 -1 0 0 0 1 0 0 0 -1 3004.DAT
0 STEP
1 86 900.0 -1032 1320.0 0 0 1 0 1 0 -1 0 0 3001.DAT
0 STEP
1 86 920.0 -792 1320.0 -1 0 0 0 1 0 0 0 -1 3001.DAT
0 STEP
1 86 910.0 -1008 1310.0 -1 0 0 0 1 0 0 0 -1 3622.DAT
0 STEP
1 86 920.0 -456 1330.0 -1 0 0 0 1 0 0 0 -1 3010.DAT
0 STEP
1 86 920.0 -1008 1330.0 -1 0 0 0 1 0 0 0 -1 3010.DAT
0 STEP
1 86 890.0 -456 1400.0 0 0 1 0 1 0 -1 0 0 3009.DAT
0 STEP
1 86 890.0 -768 1360.0 0 0 1 0 1 0 -1 0 0 3004.DAT
0 STEP
1 86 890.0 -1008 1350.0 0 0 1 0 1 0 -1 0 0 3005.DAT
0 STEP
1 86 920.0 -792 1370.0 -1 0 0 0 1 0 0 0 -1 3010.DAT
0 STEP
1 86 900.0 -432 1410.0 0 0 1 0 1 0 -1 0 0 3002.DAT
0 STEP
1 86 910.0 -840 1390.0 -1 0 0 0 1 0 0 0 -1 3622.DAT
0 STEP
1 86 890.0 -408 1440.0 0 0 1 0 1 0 -1 0 0 3010.DAT
0 STEP
1 86 890.0 -432 1450.0 0 0 1 0 1 0 -1 0 0 3005.DAT
0 STEP
1 86 920.0 -480 1460.0 -1 0 0 0 1 0 0 0 -1 3001.DAT
0 STEP
1 86 890.0 -720 1460.0 0 0 1 0 1 0 -1 0 0 3004.DAT
0 STEP
1 86 890.0 -744 1450.0 0 0 1 0 1 0 -1 0 0 3005.DAT
0 STEP
1 86 920.0 -456 1480.0 -1 0 0 0 1 0 0 0 -1 3001.DAT
0 STEP
1 86 910.0 -504 1470.0 -1 0 0 0 1 0 0 0 -1 3622.DAT
0 STEP
1 86 900.0 -576 1490.0 0 0 1 0 1 0 -1 0 0 3002.DAT
0 STEP
1 86 890.0 -648 1470.0 0 0 1 0 1 0 -1 0 0 3005.DAT
0 STEP
1 86 920.0 -744 1470.0 -1 0 0 0 1 0 0 0 -1 3010.DAT
0 STEP
1 86 920.0 -648 1490.0 -1 0 0 0 1 0 0 0 -1 3010.DAT
0 STEP
1 86 890.0 -744 1490.0 0 0 1 0 1 0 -1 0 0 3005.DAT
0 STEP
1 86 920.0 -408 1510.0 -1 0 0 0 1 0 0 0 -1 3010.DAT
0 STEP
1 86 920.0 -456 1510.0 -1 0 0 0 1 0 0 0 -1 3010.DAT
0 STEP
1 86 900.0 -552 1510.0 -1 0 0 0 1 0 0 0 -1 3004.DAT
0 STEP
1 86 890.0 -648 1510.0 0 0 1 0 1 0 -1 0 0 3005.DAT
0 STEP
1 86 890.0 -624 1550.0 0 0 1 0 1 0 -1 0 0 3005.DAT
0 STEP
1 86 920.0 -528 70.0 -1 0 0 0 1 0 0 0 -1 3004.DAT
0 STEP
1 86 910.0 -504 90.0 0 0 1 0 1 0 -1 0 0 3005.DAT
0 STEP
1 86 910.0 -528 100.0 0 0 1 0 1 0 -1 0 0 3004.DAT
0 STEP
1 86 910.0 -552 130.0 0 0 1 0 1 0 -1 0 0 3622.DAT
0 STEP
1 86 920.0 -720 140.0 0 0 1 0 1 0 -1 0 0 3003.DAT
0 STEP
1 86 920.0 -528 170.0 -1 0 0 0 1 0 0 0 -1 3004.DAT
0 STEP
1 86 930.0 -528 190.0 -1 0 0 0 1 0 0 0 -1 3622.DAT
0 STEP
1 86 940.0 -576 250.0 -1 0 0 0 1 0 0 0 -1 3010.DAT
0 STEP
1 86 940.0 -720 250.0 -1 0 0 0 1 0 0 0 -1 3010.DAT
0 STEP
1 86 940.0 -696 300.0 -1 0 0 0 1 0 0 0 -1 3001.DAT
0 STEP
1 86 930.0 -696 380.0 -1 0 0 0 1 0 0 0 -1 3002.DAT
0 STEP
1 86 910.0 -744 380.0 0 0 1 0 1 0 -1 0 0 3004.DAT
0 STEP
1 86 920.0 -504 410.0 -1 0 0 0 1 0 0 0 -1 3004.DAT
0 STEP
1 86 940.0 -696 410.0 -1 0 0 0 1 0 0 0 -1 3010.DAT
0 STEP
1 86 930.0 -504 430.0 -1 0 0 0 1 0 0 0 -1 3622.DAT
0 STEP
1 86 910.0 -552 450.0 0 0 1 0 1 0 -1 0 0 3622.DAT
0 STEP
1 86 920.0 -504 450.0 -1 0 0 0 1 0 0 0 -1 3004.DAT
0 STEP
1 86 920.0 -504 520.0 0 0 1 0 1 0 -1 0 0 2456.DAT
0 STEP
1 86 920.0 -552 520.0 0 0 1 0 1 0 -1 0 0 3001.DAT
0 STEP
1 86 940.0 -744 500.0 -1 0 0 0 1 0 0 0 -1 3001.DAT
0 STEP
1 86 920.0 -720 560.0 0 0 1 0 1 0 -1 0 0 3001.DAT
0 STEP
1 86 940.0 -744 540.0 -1 0 0 0 1 0 0 0 -1 3001.DAT
0 STEP
1 86 940.0 -504 600.0 -1 0 0 0 1 0 0 0 -1 3001.DAT
0 STEP
1 86 910.0 -744 600.0 0 0 1 0 1 0 -1 0 0 3004.DAT
0 STEP
1 86 940.0 -552 620.0 -1 0 0 0 1 0 0 0 -1 3001.DAT
0 STEP
1 86 920.0 -768 620.0 0 0 1 0 1 0 -1 0 0 3003.DAT
0 STEP
1 86 910.0 -744 700.0 0 0 1 0 1 0 -1 0 0 3008.DAT
0 STEP
1 86 920.0 -480 660.0 0 0 1 0 1 0 -1 0 0 3003.DAT
0 STEP
1 86 910.0 -504 690.0 0 0 1 0 1 0 -1 0 0 3005.DAT
0 STEP
1 86 920.0 -504 720.0 0 0 1 0 1 0 -1 0 0 3003.DAT
0 STEP
1 86 940.0 -768 730.0 -1 0 0 0 1 0 0 0 -1 3010.DAT
0 STEP
1 86 920.0 -504 820.0 0 0 1 0 1 0 -1 0 0 3001.DAT
0 STEP
1 86 910.0 -744 790.0 0 0 1 0 1 0 -1 0 0 3005.DAT
0 STEP
1 86 910.0 -744 840.0 0 0 1 0 1 0 -1 0 0 3010.DAT
0 STEP
1 86 910.0 -1008 850.0 0 0 1 0 1 0 -1 0 0 3622.DAT
0 STEP
1 86 940.0 -480 850.0 -1 0 0 0 1 0 0 0 -1 3010.DAT
0 STEP
1 86 910.0 -480 900.0 0 0 1 0 1 0 -1 0 0 3010.DAT
0 STEP
1 86 920.0 -792 870.0 -1 0 0 0 1 0 0 0 -1 3004.DAT
0 STEP
1 86 940.0 -864 870.0 -1 0 0 0 1 0 0 0 -1 3010.DAT
0 STEP
1 86 910.0 -768 920.0 0 0 1 0 1 0 -1 0 0 3010.DAT
0 STEP
1 86 910.0 -1008 940.0 0 0 1 0 1 0 -1 0 0 3009.DAT
0 STEP
1 86 940.0 -744 910.0 -1 0 0 0 1 0 0 0 -1 3010.DAT
0 STEP
1 86 910.0 -456 930.0 0 0 1 0 1 0 -1 0 0 3005.DAT
0 STEP
1 86 910.0 -744 930.0 0 0 1 0 1 0 -1 0 0 3005.DAT
0 STEP
1 86 940.0 -984 930.0 -1 0 0 0 1 0 0 0 -1 3010.DAT
0 STEP
1 86 910.0 -480 950.0 0 0 1 0 1 0 -1 0 0 3005.DAT
0 STEP
1 86 910.0 -792 950.0 0 0 1 0 1 0 -1 0 0 3005.DAT
0 STEP
1 86 920.0 -480 1000.0 0 0 1 0 1 0 -1 0 0 3001.DAT
0 STEP
1 86 910.0 -792 1020.0 0 0 1 0 1 0 -1 0 0 3009.DAT
0 STEP
1 86 910.0 -984 990.0 0 0 1 0 1 0 -1 0 0 3005.DAT
0 STEP
1 86 910.0 -984 1080.0 0 0 1 0 1 0 -1 0 0 3008.DAT
0 STEP
1 86 920.0 -1008 1010.0 -1 0 0 0 1 0 0 0 -1 3004.DAT
0 STEP
1 86 920.0 -1032 1040.0 0 0 1 0 1 0 -1 0 0 3001.DAT
0 STEP
1 86 940.0 -768 1030.0 -1 0 0 0 1 0 0 0 -1 3010.DAT
0 STEP
1 86 910.0 -744 1070.0 0 0 1 0 1 0 -1 0 0 3622.DAT
0 STEP
1 86 980.0 -504 1090.0 -1 0 0 0 1 0 0 0 -1 3008.DAT
0 STEP
1 86 940.0 -1032 1090.0 -1 0 0 0 1 0 0 0 -1 3010.DAT
0 STEP
1 86 920.0 -504 1110.0 -1 0 0 0 1 0 0 0 -1 3004.DAT
0 STEP
1 86 930.0 -768 1110.0 -1 0 0 0 1 0 0 0 -1 3622.DAT
0 STEP
1 86 920.0 -816 1140.0 0 0 1 0 1 0 -1 0 0 3001.DAT
0 STEP
1 86 910.0 -1008 1110.0 0 0 1 0 1 0 -1 0 0 3005.DAT
0 STEP
1 86 920.0 -432 1140.0 0 0 1 0 1 0 -1 0 0 3003.DAT
0 STEP
1 86 960.0 -768 1130.0 -1 0 0 0 1 0 0 0 -1 3009.DAT
0 STEP
1 86 910.0 -456 1150.0 0 0 1 0 1 0 -1 0 0 3005.DAT
0 STEP
1 86 910.0 -1008 1170.0 0 0 1 0 1 0 -1 0 0 3622.DAT
0 STEP
1 86 930.0 -432 1170.0 -1 0 0 0 1 0 0 0 -1 3622.DAT
0 STEP
1 86 910.0 -456 1200.0 0 0 1 0 1 0 -1 0 0 3010.DAT
0 STEP
1 86 940.0 -432 1200.0 -1 0 0 0 1 0 0 0 -1 3001.DAT
0 STEP
1 86 910.0 -480 1200.0 0 0 1 0 1 0 -1 0 0 3004.DAT
0 STEP
1 86 910.0 -1008 1240.0 0 0 1 0 1 0 -1 0 0 3010.DAT
0 STEP
1 86 920.0 -1032 1230.0 0 0 1 0 1 0 -1 0 0 3002.DAT
0 STEP
1 86 930.0 -432 1230.0 -1 0 0 0 1 0 0 0 -1 3622.DAT
0 STEP
1 86 940.0 -480 1240.0 -1 0 0 0 1 0 0 0 -1 3001.DAT
0 STEP
1 86 940.0 -816 1240.0 -1 0 0 0 1 0 0 0 -1 3001.DAT
0 STEP
1 86 910.0 -432 1300.0 0 0 1 0 1 0 -1 0 0 3009.DAT
0 STEP
1 86 940.0 -480 1270.0 -1 0 0 0 1 0 0 0 -1 3010.DAT
0 STEP
1 86 960.0 -768 1270.0 -1 0 0 0 1 0 0 0 -1 3009.DAT
0 STEP
1 86 920.0 -816 1270.0 -1 0 0 0 1 0 0 0 -1 3004.DAT
0 STEP
1 86 910.0 -1032 1270.0 0 0 1 0 1 0 -1 0 0 3005.DAT
0 STEP
1 86 960.0 -456 1290.0 -1 0 0 0 1 0 0 0 -1 3009.DAT
0 STEP
1 86 920.0 -480 1320.0 0 0 1 0 1 0 -1 0 0 3001.DAT
0 STEP
1 86 980.0 -768 1300.0 -1 0 0 0 1 0 0 0 -1 3007.DAT
0 STEP
1 86 910.0 -816 1360.0 0 0 1 0 1 0 -1 0 0 3008.DAT
0 STEP
1 86 930.0 -456 1310.0 -1 0 0 0 1 0 0 0 -1 3622.DAT
0 STEP
1 86 980.0 -768 1330.0 -1 0 0 0 1 0 0 0 -1 3008.DAT
0 STEP
1 86 940.0 -456 1350.0 -1 0 0 0 1 0 0 0 -1 3010.DAT
0 STEP
1 86 920.0 -840 1360.0 0 0 1 0 1 0 -1 0 0 3003.DAT
0 STEP
1 86 940.0 -1008 1350.0 -1 0 0 0 1 0 0 0 -1 3010.DAT
0 STEP
1 86 920.0 -408 1400.0 0 0 1 0 1 0 -1 0 0 3001.DAT
0 STEP
1 86 940.0 -456 1380.0 -1 0 0 0 1 0 0 0 -1 3001.DAT
0 STEP
1 86 940.0 -456 1420.0 -1 0 0 0 1 0 0 0 -1 3001.DAT
0 STEP
1 86 940.0 -408 1450.0 -1 0 0 0 1 0 0 0 -1 3010.DAT
0 STEP
1 86 910.0 -432 1480.0 0 0 1 0 1 0 -1 0 0 3010.DAT
0 STEP
1 86 940.0 -456 1450.0 -1 0 0 0 1 0 0 0 -1 3010.DAT
0 STEP
1 86 920.0 -504 1450.0 -1 0 0 0 1 0 0 0 -1 3004.DAT
0 STEP
1 86 920.0 -528 1470.0 0 0 1 0 1 0 -1 0 0 3002.DAT
0 STEP
1 86 920.0 -816 1470.0 0 0 1 0 1 0 -1 0 0 3002.DAT
0 STEP
1 86 930.0 -408 1470.0 -1 0 0 0 1 0 0 0 -1 3622.DAT
0 STEP
1 86 910.0 -552 1470.0 0 0 1 0 1 0 -1 0 0 3005.DAT
0 STEP
1 86 910.0 -696 1470.0 0 0 1 0 1 0 -1 0 0 3005.DAT
0 STEP
1 86 930.0 -720 1470.0 -1 0 0 0 1 0 0 0 -1 3622.DAT
0 STEP
1 86 920.0 -768 1490.0 0 0 1 0 1 0 -1 0 0 3002.DAT
0 STEP
1 86 930.0 -624 1490.0 -1 0 0 0 1 0 0 0 -1 3622.DAT
0 STEP
1 86 920.0 -672 1500.0 0 0 1 0 1 0 -1 0 0 3003.DAT
0 STEP
1 86 960.0 -696 1490.0 -1 0 0 0 1 0 0 0 -1 3009.DAT
0 STEP
1 86 980.0 -744 1500.0 -1 0 0 0 1 0 0 0 -1 3007.DAT
0 STEP
1 86 920.0 -624 1530.0 0 0 1 0 1 0 -1 0 0 3002.DAT
0 STEP
1 86 940.0 -648 1510.0 -1 0 0 0 1 0 0 0 -1 3010.DAT
0 STEP
1 86 910.0 -696 1510.0 0 0 1 0 1 0 -1 0 0 3005.DAT
0 STEP
1 86 930.0 -720 1510.0 -1 0 0 0 1 0 0 0 -1 3622.DAT
0 STEP
1 86 940.0 -816 1510.0 -1 0 0 0 1 0 0 0 -1 3010.DAT
0 STEP
1 86 920.0 -648 1530.0 -1 0 0 0 1 0 0 0 -1 3004.DAT
0 STEP
1 86 930.0 -456 30.0 0 0 1 0 1 0 -1 0 0 3005.DAT
0 STEP
1 86 930.0 -480 50.0 0 0 1 0 1 0 -1 0 0 3622.DAT
0 STEP
1 86 930.0 -504 60.0 0 0 1 0 1 0 -1 0 0 3010.DAT
0 STEP
1 86 930.0 -528 40.0 0 0 1 0 1 0 -1 0 0 3004.DAT
0 STEP
1 86 930.0 -744 80.0 0 0 1 0 1 0 -1 0 0 3009.DAT
0 STEP
1 86 930.0 -768 60.0 0 0 1 0 1 0 -1 0 0 3010.DAT
0 STEP
1 86 930.0 -792 50.0 0 0 1 0 1 0 -1 0 0 3622.DAT
0 STEP
1 86 930.0 -816 100.0 0 0 1 0 1 0 -1 0 0 3008.DAT
0 STEP
1 86 930.0 -840 100.0 0 0 1 0 1 0 -1 0 0 3008.DAT
0 STEP
1 86 930.0 -864 30.0 0 0 1 0 1 0 -1 0 0 3005.DAT
0 STEP
1 86 930.0 -888 60.0 0 0 1 0 1 0 -1 0 0 3010.DAT
0 STEP
1 86 930.0 -720 80.0 0 0 1 0 1 0 -1 0 0 3010.DAT
0 STEP
1 86 930.0 -864 80.0 0 0 1 0 1 0 -1 0 0 3010.DAT
0 STEP
1 86 960.0 -600 100.0 -1 0 0 0 1 0 0 0 -1 3001.DAT
0 STEP
1 86 930.0 -792 140.0 0 0 1 0 1 0 -1 0 0 3009.DAT
0 STEP
1 86 950.0 -552 120.0 -1 0 0 0 1 0 0 0 -1 3002.DAT
0 STEP
1 86 960.0 -672 120.0 -1 0 0 0 1 0 0 0 -1 3001.DAT
0 STEP
1 86 930.0 -768 110.0 0 0 1 0 1 0 -1 0 0 3005.DAT
0 STEP
1 86 930.0 -768 180.0 0 0 1 0 1 0 -1 0 0 3009.DAT
0 STEP
1 86 930.0 -864 130.0 0 0 1 0 1 0 -1 0 0 3005.DAT
0 STEP
1 86 950.0 -552 150.0 -1 0 0 0 1 0 0 0 -1 3622.DAT
0 STEP
1 86 930.0 -744 200.0 0 0 1 0 1 0 -1 0 0 3009.DAT
0 STEP
1 86 930.0 -816 190.0 0 0 1 0 1 0 -1 0 0 3005.DAT
0 STEP
1 86 930.0 -792 210.0 0 0 1 0 1 0 -1 0 0 3005.DAT
0 STEP
1 86 960.0 -696 230.0 -1 0 0 0 1 0 0 0 -1 3010.DAT
0 STEP
1 86 960.0 -552 250.0 -1 0 0 0 1 0 0 0 -1 3010.DAT
0 STEP
1 86 930.0 -720 340.0 0 0 1 0 1 0 -1 0 0 3010.DAT
0 STEP
1 86 930.0 -576 350.0 0 0 1 0 1 0 -1 0 0 3005.DAT
0 STEP
1 86 930.0 -744 370.0 0 0 1 0 1 0 -1 0 0 3005.DAT
0 STEP
1 86 950.0 -528 400.0 -1 0 0 0 1 0 0 0 -1 3002.DAT
0 STEP
1 86 930.0 -744 420.0 0 0 1 0 1 0 -1 0 0 3010.DAT
0 STEP
1 86 960.0 -528 430.0 -1 0 0 0 1 0 0 0 -1 3010.DAT
0 STEP
1 86 940.0 -552 440.0 0 0 1 0 1 0 -1 0 0 3003.DAT
0 STEP
1 86 930.0 -720 460.0 0 0 1 0 1 0 -1 0 0 3010.DAT
0 STEP
1 86 930.0 -552 470.0 0 0 1 0 1 0 -1 0 0 3005.DAT
0 STEP
1 86 940.0 -744 470.0 -1 0 0 0 1 0 0 0 -1 3004.DAT
0 STEP
1 86 930.0 -528 550.0 0 0 1 0 1 0 -1 0 0 3005.DAT
0 STEP
1 86 930.0 -528 620.0 0 0 1 0 1 0 -1 0 0 3009.DAT
0 STEP
1 86 960.0 -744 600.0 -1 0 0 0 1 0 0 0 -1 3001.DAT
0 STEP
1 86 960.0 -744 640.0 -1 0 0 0 1 0 0 0 -1 3001.DAT
0 STEP
1 86 960.0 -504 680.0 -1 0 0 0 1 0 0 0 -1 3001.DAT
0 STEP
1 86 930.0 -744 700.0 0 0 1 0 1 0 -1 0 0 3010.DAT
0 STEP
1 86 930.0 -528 690.0 0 0 1 0 1 0 -1 0 0 3005.DAT
0 STEP
1 86 940.0 -480 740.0 0 0 1 0 1 0 -1 0 0 3001.DAT
0 STEP
1 86 930.0 -744 800.0 0 0 1 0 1 0 -1 0 0 3009.DAT
0 STEP
1 86 960.0 -720 780.0 -1 0 0 0 1 0 0 0 -1 3001.DAT
0 STEP
1 86 960.0 -480 790.0 -1 0 0 0 1 0 0 0 -1 3010.DAT
0 STEP
1 86 930.0 -456 840.0 0 0 1 0 1 0 -1 0 0 3010.DAT
0 STEP
1 86 980.0 -720 810.0 -1 0 0 0 1 0 0 0 -1 3009.DAT
0 STEP
1 86 960.0 -720 830.0 -1 0 0 0 1 0 0 0 -1 3010.DAT
0 STEP
1 86 940.0 -1008 830.0 -1 0 0 0 1 0 0 0 -1 3004.DAT
0 STEP
1 86 930.0 -792 850.0 0 0 1 0 1 0 -1 0 0 3005.DAT
0 STEP
1 86 930.0 -984 850.0 0 0 1 0 1 0 -1 0 0 3005.DAT
0 STEP
1 86 940.0 -1008 880.0 0 0 1 0 1 0 -1 0 0 3001.DAT
0 STEP
1 86 960.0 -480 870.0 -1 0 0 0 1 0 0 0 -1 3010.DAT
0 STEP
1 86 960.0 -744 870.0 -1 0 0 0 1 0 0 0 -1 3010.DAT
0 STEP
1 86 930.0 -768 900.0 0 0 1 0 1 0 -1 0 0 3010.DAT
0 STEP
1 86 1000.0 -984 870.0 -1 0 0 0 1 0 0 0 -1 3008.DAT
0 STEP
1 86 930.0 -480 920.0 0 0 1 0 1 0 -1 0 0 3010.DAT
0 STEP
1 86 930.0 -456 920.0 0 0 1 0 1 0 -1 0 0 3004.DAT
0 STEP
1 86 940.0 -504 940.0 0 0 1 0 1 0 -1 0 0 3001.DAT
0 STEP
1 86 960.0 -744 940.0 -1 0 0 0 1 0 0 0 -1 3001.DAT
0 STEP
1 86 930.0 -792 960.0 0 0 1 0 1 0 -1 0 0 3010.DAT
0 STEP
1 86 960.0 -1008 940.0 -1 0 0 0 1 0 0 0 -1 3001.DAT
0 STEP
1 86 930.0 -144 970.0 0 0 1 0 1 0 -1 0 0 3622.DAT
0 STEP
1 86 930.0 -768 950.0 0 0 1 0 1 0 -1 0 0 3005.DAT
0 STEP
1 86 1000.0 -168 980.0 -1 0 0 0 1 0 0 0 -1 3007.DAT
0 STEP
1 86 960.0 -744 970.0 -1 0 0 0 1 0 0 0 -1 3010.DAT
0 STEP
1 86 980.0 -1008 970.0 -1 0 0 0 1 0 0 0 -1 3009.DAT
0 STEP
1 86 980.0 -744 1000.0 -1 0 0 0 1 0 0 0 -1 2456.DAT
0 STEP
1 86 930.0 -984 1040.0 0 0 1 0 1 0 -1 0 0 3009.DAT
0 STEP
1 86 960.0 -1008 990.0 -1 0 0 0 1 0 0 0 -1 3010.DAT
0 STEP
1 86 930.0 -792 1010.0 0 0 1 0 1 0 -1 0 0 3005.DAT
0 STEP
1 86 930.0 -744 1060.0 0 0 1 0 1 0 -1 0 0 3010.DAT
0 STEP
1 86 960.0 -792 1030.0 -1 0 0 0 1 0 0 0 -1 3010.DAT
0 STEP
1 86 930.0 -1008 1030.0 0 0 1 0 1 0 -1 0 0 3005.DAT
0 STEP
1 86 930.0 -480 1080.0 0 0 1 0 1 0 -1 0 0 3010.DAT
0 STEP
1 86 960.0 -792 1060.0 -1 0 0 0 1 0 0 0 -1 3001.DAT
0 STEP
1 86 930.0 -792 1140.0 0 0 1 0 1 0 -1 0 0 3009.DAT
0 STEP
1 86 960.0 -984 1110.0 -1 0 0 0 1 0 0 0 -1 3010.DAT
0 STEP
1 86 940.0 -1008 1140.0 0 0 1 0 1 0 -1 0 0 3001.DAT
0 STEP
1 86 960.0 -456 1140.0 -1 0 0 0 1 0 0 0 -1 3001.DAT
0 STEP
1 86 940.0 -984 1140.0 0 0 1 0 1 0 -1 0 0 3003.DAT
0 STEP
1 86 930.0 -456 1180.0 0 0 1 0 1 0 -1 0 0 3004.DAT
0 STEP
1 86 930.0 -480 1190.0 0 0 1 0 1 0 -1 0 0 3622.DAT
0 STEP
1 86 940.0 -768 1170.0 -1 0 0 0 1 0 0 0 -1 3004.DAT
0 STEP
1 86 960.0 -768 1190.0 -1 0 0 0 1 0 0 0 -1 3010.DAT
0 STEP
1 86 930.0 -1008 1240.0 0 0 1 0 1 0 -1 0 0 3009.DAT
0 STEP
1 86 940.0 -456 1240.0 0 0 1 0 1 0 -1 0 0 3001.DAT
0 STEP
1 86 940.0 -792 1240.0 0 0 1 0 1 0 -1 0 0 3001.DAT
0 STEP
1 86 940.0 -432 1300.0 0 0 1 0 1 0 -1 0 0 2456.DAT
0 STEP
1 86 930.0 -984 1300.0 0 0 1 0 1 0 -1 0 0 3010.DAT
0 STEP
1 86 960.0 -1032 1270.0 -1 0 0 0 1 0 0 0 -1 3010.DAT
0 STEP
1 86 930.0 -816 1310.0 0 0 1 0 1 0 -1 0 0 3622.DAT
0 STEP
1 86 930.0 -1032 1290.0 0 0 1 0 1 0 -1 0 0 3005.DAT
0 STEP
1 86 960.0 -1032 1310.0 -1 0 0 0 1 0 0 0 -1 3010.DAT
0 STEP
1 86 930.0 -1032 1340.0 0 0 1 0 1 0 -1 0 0 3004.DAT
0 STEP
1 86 930.0 -816 1380.0 0 0 1 0 1 0 -1 0 0 3010.DAT
0 STEP
1 86 960.0 -432 1390.0 -1 0 0 0 1 0 0 0 -1 3010.DAT
0 STEP
1 86 930.0 -432 1410.0 0 0 1 0 1 0 -1 0 0 3005.DAT
0 STEP
1 86 930.0 -792 1410.0 0 0 1 0 1 0 -1 0 0 3005.DAT
0 STEP
1 86 930.0 -432 1460.0 0 0 1 0 1 0 -1 0 0 3010.DAT
0 STEP
1 86 930.0 -816 1430.0 0 0 1 0 1 0 -1 0 0 3005.DAT
0 STEP
1 86 930.0 -552 1470.0 0 0 1 0 1 0 -1 0 0 3622.DAT
0 STEP
1 86 940.0 -840 1480.0 0 0 1 0 1 0 -1 0 0 3001.DAT
0 STEP
1 86 950.0 -576 1470.0 -1 0 0 0 1 0 0 0 -1 3622.DAT
0 STEP
1 86 980.0 -696 1470.0 -1 0 0 0 1 0 0 0 -1 3009.DAT
0 STEP
1 86 930.0 -792 1470.0 0 0 1 0 1 0 -1 0 0 3005.DAT
0 STEP
1 86 950.0 -480 1490.0 -1 0 0 0 1 0 0 0 -1 3622.DAT
0 STEP
1 86 930.0 -576 1500.0 0 0 1 0 1 0 -1 0 0 3004.DAT
0 STEP
1 86 980.0 -792 1490.0 -1 0 0 0 1 0 0 0 -1 3009.DAT
0 STEP
1 86 980.0 -432 1510.0 -1 0 0 0 1 0 0 0 -1 3009.DAT
0 STEP
1 86 960.0 -696 1510.0 -1 0 0 0 1 0 0 0 -1 3010.DAT
0 STEP
1 86 930.0 -792 1510.0 0 0 1 0 1 0 -1 0 0 3005.DAT
0 STEP
1 86 1000.0 -648 1550.0 -1 0 0 0 1 0 0 0 -1 3008.DAT
0 STEP
1 86 970.0 -624 30.0 -1 0 0 0 1 0 0 0 -1 3622.DAT
0 STEP
1 86 970.0 -624 60.0 -1 0 0 0 1 0 0 0 -1 3002.DAT
0 STEP
1 86 970.0 -600 70.0 -1 0 0 0 1 0 0 0 -1 3622.DAT
0 STEP
1 86 1000.0 -648 80.0 -1 0 0 0 1 0 0 0 -1 2456.DAT
0 STEP
1 86 970.0 -624 100.0 -1 0 0 0 1 0 0 0 -1 3002.DAT
0 STEP
1 86 1000.0 -648 120.0 -1 0 0 0 1 0 0 0 -1 2456.DAT
0 STEP
1 86 970.0 -624 140.0 -1 0 0 0 1 0 0 0 -1 3002.DAT
0 STEP
1 86 970.0 -600 160.0 -1 0 0 0 1 0 0 0 -1 3002.DAT
0 STEP
1 86 1000.0 -648 150.0 -1 0 0 0 1 0 0 0 -1 3009.DAT
0 STEP
1 86 970.0 -624 180.0 -1 0 0 0 1 0 0 0 -1 3002.DAT
0 STEP
1 86 970.0 -672 180.0 -1 0 0 0 1 0 0 0 -1 3002.DAT
0 STEP
1 86 970.0 -600 200.0 -1 0 0 0 1 0 0 0 -1 3002.DAT
0 STEP
1 86 970.0 -624 220.0 -1 0 0 0 1 0 0 0 -1 3002.DAT
0 STEP
1 86 970.0 -672 220.0 -1 0 0 0 1 0 0 0 -1 3002.DAT
0 STEP
1 86 970.0 -600 240.0 -1 0 0 0 1 0 0 0 -1 3002.DAT
0 STEP
1 86 970.0 -672 250.0 -1 0 0 0 1 0 0 0 -1 3622.DAT
0 STEP
1 86 970.0 -672 300.0 -1 0 0 0 1 0 0 0 -1 3002.DAT
0 STEP
1 86 960.0 -720 380.0 0 0 1 0 1 0 -1 0 0 3007.DAT
0 STEP
1 86 980.0 -576 350.0 -1 0 0 0 1 0 0 0 -1 3010.DAT
0 STEP
1 86 980.0 -672 380.0 -1 0 0 0 1 0 0 0 -1 3001.DAT
0 STEP
1 86 980.0 -576 400.0 -1 0 0 0 1 0 0 0 -1 3001.DAT
0 STEP
1 86 950.0 -744 430.0 0 0 1 0 1 0 -1 0 0 3622.DAT
0 STEP
1 86 950.0 -504 480.0 0 0 1 0 1 0 -1 0 0 3010.DAT
0 STEP
1 86 980.0 -552 470.0 -1 0 0 0 1 0 0 0 -1 3010.DAT
0 STEP
1 86 950.0 -720 480.0 0 0 1 0 1 0 -1 0 0 3004.DAT
0 STEP
1 86 960.0 -552 520.0 0 0 1 0 1 0 -1 0 0 3001.DAT
0 STEP
1 86 980.0 -696 510.0 -1 0 0 0 1 0 0 0 -1 3010.DAT
0 STEP
1 86 960.0 -504 550.0 0 0 1 0 1 0 -1 0 0 3002.DAT
0 STEP
1 86 980.0 -696 540.0 -1 0 0 0 1 0 0 0 -1 3001.DAT
0 STEP
1 86 950.0 -720 530.0 0 0 1 0 1 0 -1 0 0 3005.DAT
0 STEP
1 86 950.0 -528 620.0 0 0 1 0 1 0 -1 0 0 3008.DAT
0 STEP
1 86 950.0 -720 580.0 0 0 1 0 1 0 -1 0 0 3010.DAT
0 STEP
1 86 980.0 -696 620.0 -1 0 0 0 1 0 0 0 -1 3001.DAT
0 STEP
1 86 950.0 -720 630.0 0 0 1 0 1 0 -1 0 0 3005.DAT
0 STEP
1 86 970.0 -552 650.0 -1 0 0 0 1 0 0 0 -1 3622.DAT
0 STEP
1 86 950.0 -768 680.0 0 0 1 0 1 0 -1 0 0 3010.DAT
0 STEP
1 86 950.0 -552 670.0 0 0 1 0 1 0 -1 0 0 3005.DAT
0 STEP
1 86 970.0 -744 670.0 -1 0 0 0 1 0 0 0 -1 3622.DAT
0 STEP
1 86 950.0 -744 710.0 0 0 1 0 1 0 -1 0 0 3622.DAT
0 STEP
1 86 970.0 -504 710.0 -1 0 0 0 1 0 0 0 -1 3622.DAT
0 STEP
1 86 970.0 -504 740.0 -1 0 0 0 1 0 0 0 -1 3002.DAT
0 STEP
1 86 980.0 -744 760.0 -1 0 0 0 1 0 0 0 -1 3001.DAT
0 STEP
1 86 950.0 -456 820.0 0 0 1 0 1 0 -1 0 0 3010.DAT
0 STEP
1 86 960.0 -504 820.0 0 0 1 0 1 0 -1 0 0 3001.DAT
0 STEP
1 86 950.0 -744 820.0 0 0 1 0 1 0 -1 0 0 3010.DAT
0 STEP
1 86 950.0 -768 810.0 0 0 1 0 1 0 -1 0 0 3005.DAT
0 STEP
1 86 950.0 -1032 830.0 0 0 1 0 1 0 -1 0 0 3005.DAT
0 STEP
1 86 980.0 -720 860.0 -1 0 0 0 1 0 0 0 -1 3001.DAT
0 STEP
1 86 950.0 -768 880.0 0 0 1 0 1 0 -1 0 0 3010.DAT
0 STEP
1 86 980.0 -984 850.0 -1 0 0 0 1 0 0 0 -1 3010.DAT
0 STEP
1 86 960.0 -456 900.0 0 0 1 0 1 0 -1 0 0 3001.DAT
0 STEP
1 86 960.0 -480 960.0 0 0 1 0 1 0 -1 0 0 3007.DAT
0 STEP
1 86 1020.0 -504 890.0 -1 0 0 0 1 0 0 0 -1 3008.DAT
0 STEP
1 86 970.0 -744 890.0 -1 0 0 0 1 0 0 0 -1 3622.DAT
0 STEP
1 86 950.0 -984 890.0 0 0 1 0 1 0 -1 0 0 3005.DAT
0 STEP
1 86 950.0 -768 950.0 0 0 1 0 1 0 -1 0 0 3622.DAT
0 STEP
1 86 960.0 -792 940.0 0 0 1 0 1 0 -1 0 0 3003.DAT
0 STEP
1 86 950.0 -1032 930.0 0 0 1 0 1 0 -1 0 0 3005.DAT
0 STEP
1 86 960.0 -144 970.0 0 0 1 0 1 0 -1 0 0 3002.DAT
0 STEP
1 86 950.0 -984 950.0 0 0 1 0 1 0 -1 0 0 3005.DAT
0 STEP
1 86 980.0 -1032 950.0 -1 0 0 0 1 0 0 0 -1 3010.DAT
0 STEP
1 86 960.0 -792 990.0 0 0 1 0 1 0 -1 0 0 3002.DAT
0 STEP
1 86 950.0 -984 1000.0 0 0 1 0 1 0 -1 0 0 3010.DAT
0 STEP
1 86 950.0 -504 1040.0 0 0 1 0 1 0 -1 0 0 3010.DAT
0 STEP
1 86 950.0 -1008 1040.0 0 0 1 0 1 0 -1 0 0 3010.DAT
0 STEP
1 86 950.0 -1032 1020.0 0 0 1 0 1 0 -1 0 0 3004.DAT
0 STEP
1 86 980.0 -744 1040.0 -1 0 0 0 1 0 0 0 -1 3001.DAT
0 STEP
1 86 960.0 -480 1050.0 -1 0 0 0 1 0 0 0 -1 3004.DAT
0 STEP
1 86 980.0 -984 1050.0 -1 0 0 0 1 0 0 0 -1 3010.DAT
0 STEP
1 86 980.0 -1032 1060.0 -1 0 0 0 1 0 0 0 -1 3001.DAT
0 STEP
1 86 960.0 -480 1140.0 0 0 1 0 1 0 -1 0 0 3007.DAT
0 STEP
1 86 980.0 -744 1070.0 -1 0 0 0 1 0 0 0 -1 3010.DAT
0 STEP
1 86 950.0 -768 1080.0 0 0 1 0 1 0 -1 0 0 3004.DAT
0 STEP
1 86 970.0 -984 1080.0 -1 0 0 0 1 0 0 0 -1 3002.DAT
0 STEP
1 86 980.0 -744 1100.0 -1 0 0 0 1 0 0 0 -1 3001.DAT
0 STEP
1 86 960.0 -792 1110.0 0 0 1 0 1 0 -1 0 0 3002.DAT
0 STEP
1 86 980.0 -504 1120.0 -1 0 0 0 1 0 0 0 -1 3001.DAT
0 STEP
1 86 950.0 -816 1160.0 0 0 1 0 1 0 -1 0 0 3010.DAT
0 STEP
1 86 960.0 -1032 1130.0 -1 0 0 0 1 0 0 0 -1 3004.DAT
0 STEP
1 86 980.0 -504 1150.0 -1 0 0 0 1 0 0 0 -1 3010.DAT
0 STEP
1 86 950.0 -768 1150.0 0 0 1 0 1 0 -1 0 0 3005.DAT
0 STEP
1 86 980.0 -792 1150.0 -1 0 0 0 1 0 0 0 -1 3010.DAT
0 STEP
1 86 960.0 -1032 1200.0 0 0 1 0 1 0 -1 0 0 2456.DAT
0 STEP
1 86 980.0 -456 1170.0 -1 0 0 0 1 0 0 0 -1 3010.DAT
0 STEP
1 86 960.0 -792 1180.0 0 0 1 0 1 0 -1 0 0 3003.DAT
0 STEP
1 86 950.0 -456 1190.0 0 0 1 0 1 0 -1 0 0 3005.DAT
0 STEP
1 86 980.0 -1008 1200.0 -1 0 0 0 1 0 0 0 -1 3001.DAT
0 STEP
1 86 960.0 -816 1210.0 -1 0 0 0 1 0 0 0 -1 3004.DAT
0 STEP
1 86 980.0 -1008 1230.0 -1 0 0 0 1 0 0 0 -1 3010.DAT
0 STEP
1 86 970.0 -984 1260.0 -1 0 0 0 1 0 0 0 -1 3002.DAT
0 STEP
1 86 950.0 -1008 1280.0 0 0 1 0 1 0 -1 0 0 3010.DAT
0 STEP
1 86 950.0 -816 1300.0 0 0 1 0 1 0 -1 0 0 3010.DAT
0 STEP
1 86 960.0 -480 1290.0 -1 0 0 0 1 0 0 0 -1 3004.DAT
0 STEP
1 86 970.0 -984 1290.0 -1 0 0 0 1 0 0 0 -1 3622.DAT
0 STEP
1 86 980.0 -1032 1290.0 -1 0 0 0 1 0 0 0 -1 3010.DAT
0 STEP
1 86 960.0 -480 1340.0 0 0 1 0 1 0 -1 0 0 3001.DAT
0 STEP
1 86 950.0 -984 1310.0 0 0 1 0 1 0 -1 0 0 3005.DAT
0 STEP
1 86 980.0 -984 1330.0 -1 0 0 0 1 0 0 0 -1 3010.DAT
0 STEP
1 86 980.0 -1032 1340.0 -1 0 0 0 1 0 0 0 -1 3001.DAT
0 STEP
1 86 950.0 -768 1350.0 0 0 1 0 1 0 -1 0 0 3005.DAT
0 STEP
1 86 950.0 -792 1350.0 0 0 1 0 1 0 -1 0 0 3005.DAT
0 STEP
1 86 980.0 -816 1360.0 -1 0 0 0 1 0 0 0 -1 3001.DAT
0 STEP
1 86 950.0 -840 1380.0 0 0 1 0 1 0 -1 0 0 3004.DAT
0 STEP
1 86 980.0 -480 1390.0 -1 0 0 0 1 0 0 0 -1 3010.DAT
0 STEP
1 86 950.0 -816 1440.0 0 0 1 0 1 0 -1 0 0 3009.DAT
0 STEP
1 86 950.0 -408 1420.0 0 0 1 0 1 0 -1 0 0 3004.DAT
0 STEP
1 86 980.0 -432 1420.0 -1 0 0 0 1 0 0 0 -1 3001.DAT
0 STEP
1 86 960.0 -792 1440.0 0 0 1 0 1 0 -1 0 0 3001.DAT
0 STEP
1 86 980.0 -432 1460.0 -1 0 0 0 1 0 0 0 -1 3001.DAT
0 STEP
1 86 960.0 -504 1490.0 0 0 1 0 1 0 -1 0 0 3002.DAT
0 STEP
1 86 950.0 -528 1470.0 0 0 1 0 1 0 -1 0 0 3005.DAT
0 STEP
1 86 960.0 -552 1490.0 0 0 1 0 1 0 -1 0 0 3002.DAT
0 STEP
1 86 950.0 -600 1490.0 0 0 1 0 1 0 -1 0 0 3622.DAT
0 STEP
1 86 980.0 -624 1470.0 -1 0 0 0 1 0 0 0 -1 3010.DAT
0 STEP
1 86 950.0 -648 1470.0 0 0 1 0 1 0 -1 0 0 3005.DAT
0 STEP
1 86 960.0 -672 1490.0 0 0 1 0 1 0 -1 0 0 3002.DAT
0 STEP
1 86 960.0 -768 1490.0 0 0 1 0 1 0 -1 0 0 3002.DAT
0 STEP
1 86 950.0 -408 1490.0 0 0 1 0 1 0 -1 0 0 3005.DAT
0 STEP
1 86 980.0 -432 1490.0 -1 0 0 0 1 0 0 0 -1 3010.DAT
0 STEP
1 86 980.0 -528 1490.0 -1 0 0 0 1 0 0 0 -1 3010.DAT
0 STEP
1 86 950.0 -576 1490.0 0 0 1 0 1 0 -1 0 0 3005.DAT
0 STEP
1 86 950.0 -528 1510.0 0 0 1 0 1 0 -1 0 0 3005.DAT
0 STEP
1 86 960.0 -576 1510.0 -1 0 0 0 1 0 0 0 -1 3004.DAT
0 STEP
1 86 950.0 -624 1510.0 0 0 1 0 1 0 -1 0 0 3005.DAT
0 STEP
1 86 980.0 -792 1510.0 -1 0 0 0 1 0 0 0 -1 3010.DAT
0 STEP
1 86 970.0 -624 1550.0 -1 0 0 0 1 0 0 0 -1 3622.DAT
0 STEP
1 86 970.0 -648 40.0 0 0 1 0 1 0 -1 0 0 3004.DAT
0 STEP
1 86 970.0 -552 90.0 0 0 1 0 1 0 -1 0 0 3005.DAT
0 STEP
1 86 970.0 -696 130.0 0 0 1 0 1 0 -1 0 0 3005.DAT
0 STEP
1 86 970.0 -648 200.0 0 0 1 0 1 0 -1 0 0 3010.DAT
0 STEP
1 86 990.0 -624 260.0 -1 0 0 0 1 0 0 0 -1 3002.DAT
0 STEP
1 86 970.0 -648 250.0 0 0 1 0 1 0 -1 0 0 3005.DAT
0 STEP
1 86 990.0 -600 280.0 -1 0 0 0 1 0 0 0 -1 3002.DAT
0 STEP
1 86 990.0 -648 280.0 -1 0 0 0 1 0 0 0 -1 3002.DAT
0 STEP
1 86 990.0 -624 300.0 -1 0 0 0 1 0 0 0 -1 3002.DAT
0 STEP
1 86 970.0 -720 290.0 0 0 1 0 1 0 -1 0 0 3005.DAT
0 STEP
1 86 990.0 -600 320.0 -1 0 0 0 1 0 0 0 -1 3002.DAT
0 STEP
1 86 990.0 -648 320.0 -1 0 0 0 1 0 0 0 -1 3002.DAT
0 STEP
1 86 990.0 -624 330.0 -1 0 0 0 1 0 0 0 -1 3622.DAT
0 STEP
1 86 990.0 -600 360.0 -1 0 0 0 1 0 0 0 -1 3002.DAT
0 STEP
1 86 990.0 -624 360.0 -1 0 0 0 1 0 0 0 -1 3002.DAT
0 STEP
1 86 990.0 -648 350.0 -1 0 0 0 1 0 0 0 -1 3622.DAT
0 STEP
1 86 990.0 -648 380.0 -1 0 0 0 1 0 0 0 -1 3002.DAT
0 STEP
1 86 980.0 -696 380.0 0 0 1 0 1 0 -1 0 0 3003.DAT
0 STEP
1 86 970.0 -552 420.0 0 0 1 0 1 0 -1 0 0 3010.DAT
0 STEP
1 86 990.0 -600 400.0 -1 0 0 0 1 0 0 0 -1 3002.DAT
0 STEP
1 86 990.0 -624 400.0 -1 0 0 0 1 0 0 0 -1 3002.DAT
0 STEP
1 86 990.0 -648 420.0 -1 0 0 0 1 0 0 0 -1 3002.DAT
0 STEP
1 86 990.0 -672 410.0 -1 0 0 0 1 0 0 0 -1 3622.DAT
0 STEP
1 86 990.0 -576 430.0 -1 0 0 0 1 0 0 0 -1 3622.DAT
0 STEP
1 86 990.0 -600 440.0 -1 0 0 0 1 0 0 0 -1 3002.DAT
0 STEP
1 86 990.0 -624 440.0 -1 0 0 0 1 0 0 0 -1 3002.DAT
0 STEP
1 86 990.0 -672 440.0 -1 0 0 0 1 0 0 0 -1 3002.DAT
0 STEP
1 86 980.0 -528 480.0 0 0 1 0 1 0 -1 0 0 3001.DAT
0 STEP
1 86 970.0 -576 480.0 0 0 1 0 1 0 -1 0 0 3010.DAT
0 STEP
1 86 990.0 -648 460.0 -1 0 0 0 1 0 0 0 -1 3002.DAT
0 STEP
1 86 990.0 -600 480.0 -1 0 0 0 1 0 0 0 -1 3002.DAT
0 STEP
1 86 990.0 -624 470.0 -1 0 0 0 1 0 0 0 -1 3622.DAT
0 STEP
1 86 970.0 -672 500.0 0 0 1 0 1 0 -1 0 0 3010.DAT
0 STEP
1 86 980.0 -720 500.0 0 0 1 0 1 0 -1 0 0 3001.DAT
0 STEP
1 86 990.0 -648 490.0 -1 0 0 0 1 0 0 0 -1 3622.DAT
0 STEP
1 86 970.0 -504 510.0 0 0 1 0 1 0 -1 0 0 3005.DAT
0 STEP
1 86 990.0 -576 540.0 -1 0 0 0 1 0 0 0 -1 3002.DAT
0 STEP
1 86 980.0 -528 560.0 0 0 1 0 1 0 -1 0 0 3003.DAT
0 STEP
1 86 980.0 -720 550.0 -1 0 0 0 1 0 0 0 -1 3004.DAT
0 STEP
1 86 990.0 -720 570.0 -1 0 0 0 1 0 0 0 -1 3622.DAT
0 STEP
1 86 990.0 -528 600.0 -1 0 0 0 1 0 0 0 -1 3002.DAT
0 STEP
1 86 970.0 -720 610.0 0 0 1 0 1 0 -1 0 0 3622.DAT
0 STEP
1 86 970.0 -528 660.0 0 0 1 0 1 0 -1 0 0 3010.DAT
0 STEP
1 86 980.0 -696 670.0 0 0 1 0 1 0 -1 0 0 3002.DAT
0 STEP
1 86 980.0 -552 700.0 0 0 1 0 1 0 -1 0 0 3001.DAT
0 STEP
1 86 980.0 -744 710.0 0 0 1 0 1 0 -1 0 0 3002.DAT
0 STEP
1 86 990.0 -528 710.0 -1 0 0 0 1 0 0 0 -1 3622.DAT
0 STEP
1 86 970.0 -768 710.0 0 0 1 0 1 0 -1 0 0 3005.DAT
0 STEP
1 86 970.0 -480 760.0 0 0 1 0 1 0 -1 0 0 3004.DAT
0 STEP
1 86 970.0 -768 750.0 0 0 1 0 1 0 -1 0 0 3005.DAT
0 STEP
1 86 970.0 -456 790.0 0 0 1 0 1 0 -1 0 0 3622.DAT
0 STEP
1 86 970.0 -768 840.0 0 0 1 0 1 0 -1 0 0 3008.DAT
0 STEP
1 86 980.0 -744 820.0 0 0 1 0 1 0 -1 0 0 3001.DAT
0 STEP
1 86 1000.0 -456 830.0 -1 0 0 0 1 0 0 0 -1 3010.DAT
0 STEP
1 86 1040.0 -456 850.0 -1 0 0 0 1 0 0 0 -1 3008.DAT
0 STEP
1 86 980.0 -1008 880.0 0 0 1 0 1 0 -1 0 0 3001.DAT
0 STEP
1 86 970.0 -792 890.0 0 0 1 0 1 0 -1 0 0 3005.DAT
0 STEP
1 86 1000.0 -984 890.0 -1 0 0 0 1 0 0 0 -1 3010.DAT
0 STEP
1 86 1020.0 -504 910.0 -1 0 0 0 1 0 0 0 -1 3009.DAT
0 STEP
1 86 1000.0 -720 910.0 -1 0 0 0 1 0 0 0 -1 3010.DAT
0 STEP
1 86 980.0 -1032 920.0 0 0 1 0 1 0 -1 0 0 3003.DAT
0 STEP
1 86 1000.0 -504 940.0 -1 0 0 0 1 0 0 0 -1 3001.DAT
0 STEP
1 86 970.0 -768 930.0 0 0 1 0 1 0 -1 0 0 3005.DAT
0 STEP
1 86 970.0 -768 980.0 0 0 1 0 1 0 -1 0 0 3010.DAT
0 STEP
1 86 970.0 -984 970.0 0 0 1 0 1 0 -1 0 0 3622.DAT
0 STEP
1 86 1040.0 -504 970.0 -1 0 0 0 1 0 0 0 -1 3008.DAT
0 STEP
1 86 980.0 -1032 1000.0 0 0 1 0 1 0 -1 0 0 3001.DAT
0 STEP
1 86 980.0 -504 1030.0 0 0 1 0 1 0 -1 0 0 3002.DAT
0 STEP
1 86 1020.0 -984 1010.0 -1 0 0 0 1 0 0 0 -1 3009.DAT
0 STEP
1 86 980.0 -1008 1030.0 0 0 1 0 1 0 -1 0 0 3002.DAT
0 STEP
1 86 980.0 -456 1050.0 0 0 1 0 1 0 -1 0 0 3002.DAT
0 STEP
1 86 970.0 -984 1030.0 0 0 1 0 1 0 -1 0 0 3005.DAT
0 STEP
1 86 980.0 -768 1080.0 0 0 1 0 1 0 -1 0 0 3001.DAT
0 STEP
1 86 1000.0 -504 1070.0 -1 0 0 0 1 0 0 0 -1 3010.DAT
0 STEP
1 86 970.0 -1008 1100.0 0 0 1 0 1 0 -1 0 0 3010.DAT
0 STEP
1 86 970.0 -1032 1110.0 0 0 1 0 1 0 -1 0 0 3005.DAT
0 STEP
1 86 990.0 -744 1140.0 -1 0 0 0 1 0 0 0 -1 3002.DAT
0 STEP
1 86 980.0 -984 1180.0 0 0 1 0 1 0 -1 0 0 2456.DAT
0 STEP
1 86 980.0 -768 1160.0 0 0 1 0 1 0 -1 0 0 3003.DAT
0 STEP
1 86 1000.0 -1008 1160.0 -1 0 0 0 1 0 0 0 -1 3001.DAT
0 STEP
1 86 990.0 -504 1170.0 -1 0 0 0 1 0 0 0 -1 3622.DAT
0 STEP
1 86 970.0 -816 1180.0 0 0 1 0 1 0 -1 0 0 3004.DAT
0 STEP
1 86 1000.0 -456 1190.0 -1 0 0 0 1 0 0 0 -1 3010.DAT
0 STEP
1 86 1000.0 -456 1220.0 -1 0 0 0 1 0 0 0 -1 3001.DAT
0 STEP
1 86 970.0 -792 1280.0 0 0 1 0 1 0 -1 0 0 3008.DAT
0 STEP
1 86 970.0 -432 1280.0 0 0 1 0 1 0 -1 0 0 3009.DAT
0 STEP
1 86 1000.0 -456 1260.0 -1 0 0 0 1 0 0 0 -1 3001.DAT
0 STEP
1 86 970.0 -1008 1250.0 0 0 1 0 1 0 -1 0 0 3005.DAT
0 STEP
1 86 980.0 -816 1300.0 0 0 1 0 1 0 -1 0 0 3001.DAT
0 STEP
1 86 970.0 -1008 1300.0 0 0 1 0 1 0 -1 0 0 3010.DAT
0 STEP
1 86 1000.0 -456 1320.0 -1 0 0 0 1 0 0 0 -1 3001.DAT
0 STEP
1 86 1000.0 -984 1310.0 -1 0 0 0 1 0 0 0 -1 3010.DAT
0 STEP
1 86 970.0 -432 1350.0 0 0 1 0 1 0 -1 0 0 3005.DAT
0 STEP
1 86 1000.0 -768 1350.0 -1 0 0 0 1 0 0 0 -1 3010.DAT
0 STEP
1 86 1000.0 -984 1350.0 -1 0 0 0 1 0 0 0 -1 3010.DAT
0 STEP
1 86 1000.0 -768 1380.0 -1 0 0 0 1 0 0 0 -1 3001.DAT
0 STEP
1 86 970.0 -792 1370.0 0 0 1 0 1 0 -1 0 0 3005.DAT
0 STEP
1 86 990.0 -816 1390.0 -1 0 0 0 1 0 0 0 -1 3622.DAT
0 STEP
1 86 990.0 -480 1410.0 -1 0 0 0 1 0 0 0 -1 3622.DAT
0 STEP
1 86 970.0 -816 1410.0 0 0 1 0 1 0 -1 0 0 3005.DAT
0 STEP
1 86 970.0 -480 1430.0 0 0 1 0 1 0 -1 0 0 3005.DAT
0 STEP
1 86 970.0 -816 1460.0 0 0 1 0 1 0 -1 0 0 3010.DAT
0 STEP
1 86 980.0 -600 1470.0 0 0 1 0 1 0 -1 0 0 3002.DAT
0 STEP
1 86 970.0 -840 1460.0 0 0 1 0 1 0 -1 0 0 3004.DAT
0 STEP
1 86 970.0 -408 1490.0 0 0 1 0 1 0 -1 0 0 3622.DAT
0 STEP
1 86 980.0 -456 1490.0 0 0 1 0 1 0 -1 0 0 3002.DAT
0 STEP
1 86 970.0 -480 1470.0 0 0 1 0 1 0 -1 0 0 3005.DAT
0 STEP
1 86 1000.0 -528 1470.0 -1 0 0 0 1 0 0 0 -1 3010.DAT
0 STEP
1 86 970.0 -648 1480.0 0 0 1 0 1 0 -1 0 0 3004.DAT
0 STEP
1 86 980.0 -720 1490.0 0 0 1 0 1 0 -1 0 0 3002.DAT
0 STEP
1 86 1020.0 -744 1470.0 -1 0 0 0 1 0 0 0 -1 3009.DAT
0 STEP
1 86 1000.0 -576 1490.0 -1 0 0 0 1 0 0 0 -1 3010.DAT
0 STEP
1 86 990.0 -624 1500.0 -1 0 0 0 1 0 0 0 -1 3002.DAT
0 STEP
1 86 980.0 -840 1500.0 0 0 1 0 1 0 -1 0 0 3003.DAT
0 STEP
1 86 1000.0 -480 1510.0 -1 0 0 0 1 0 0 0 -1 3010.DAT
0 STEP
1 86 1000.0 -528 1510.0 -1 0 0 0 1 0 0 0 -1 3010.DAT
0 STEP
1 86 1020.0 -648 40.0 -1 0 0 0 1 0 0 0 -1 3001.DAT
0 STEP
1 86 1060.0 -648 180.0 -1 0 0 0 1 0 0 0 -1 3007.DAT
0 STEP
1 86 1020.0 -648 210.0 -1 0 0 0 1 0 0 0 -1 3010.DAT
0 STEP
1 86 1040.0 -648 230.0 -1 0 0 0 1 0 0 0 -1 3009.DAT
0 STEP
1 86 990.0 -576 250.0 0 0 1 0 1 0 -1 0 0 3005.DAT
0 STEP
1 86 1020.0 -648 250.0 -1 0 0 0 1 0 0 0 -1 3010.DAT
0 STEP
1 86 990.0 -672 270.0 0 0 1 0 1 0 -1 0 0 3005.DAT
0 STEP
1 86 990.0 -696 300.0 0 0 1 0 1 0 -1 0 0 3004.DAT
0 STEP
1 86 990.0 -552 410.0 0 0 1 0 1 0 -1 0 0 3622.DAT
0 STEP
1 86 990.0 -696 440.0 0 0 1 0 1 0 -1 0 0 3010.DAT
0 STEP
1 86 990.0 -720 430.0 0 0 1 0 1 0 -1 0 0 3622.DAT
0 STEP
1 86 1000.0 -552 450.0 -1 0 0 0 1 0 0 0 -1 3004.DAT
0 STEP
1 86 1000.0 -576 480.0 0 0 1 0 1 0 -1 0 0 3001.DAT
0 STEP
1 86 1000.0 -672 500.0 0 0 1 0 1 0 -1 0 0 3001.DAT
0 STEP
1 86 1000.0 -552 490.0 -1 0 0 0 1 0 0 0 -1 3004.DAT
0 STEP
1 86 1010.0 -624 500.0 -1 0 0 0 1 0 0 0 -1 3002.DAT
0 STEP
1 86 990.0 -696 490.0 0 0 1 0 1 0 -1 0 0 3005.DAT
0 STEP
1 86 1000.0 -552 540.0 0 0 1 0 1 0 -1 0 0 3001.DAT
0 STEP
1 86 990.0 -600 560.0 0 0 1 0 1 0 -1 0 0 3009.DAT
0 STEP
1 86 990.0 -648 510.0 0 0 1 0 1 0 -1 0 0 3005.DAT
0 STEP
1 86 1010.0 -624 540.0 -1 0 0 0 1 0 0 0 -1 3002.DAT
0 STEP
1 86 990.0 -648 560.0 0 0 1 0 1 0 -1 0 0 3010.DAT
0 STEP
1 86 1010.0 -672 560.0 -1 0 0 0 1 0 0 0 -1 3002.DAT
0 STEP
1 86 990.0 -576 600.0 0 0 1 0 1 0 -1 0 0 3010.DAT
0 STEP
1 86 1010.0 -624 580.0 -1 0 0 0 1 0 0 0 -1 3002.DAT
0 STEP
1 86 1000.0 -552 610.0 0 0 1 0 1 0 -1 0 0 3002.DAT
0 STEP
1 86 990.0 -672 610.0 0 0 1 0 1 0 -1 0 0 3622.DAT
0 STEP
1 86 990.0 -720 590.0 0 0 1 0 1 0 -1 0 0 3005.DAT
0 STEP
1 86 1000.0 -624 640.0 0 0 1 0 1 0 -1 0 0 3001.DAT
0 STEP
1 86 1010.0 -648 620.0 -1 0 0 0 1 0 0 0 -1 3002.DAT
0 STEP
1 86 990.0 -720 640.0 0 0 1 0 1 0 -1 0 0 3010.DAT
0 STEP
1 86 1000.0 -528 660.0 0 0 1 0 1 0 -1 0 0 3001.DAT
0 STEP
1 86 1010.0 -600 640.0 -1 0 0 0 1 0 0 0 -1 3002.DAT
0 STEP
1 86 1000.0 -576 660.0 0 0 1 0 1 0 -1 0 0 3003.DAT
0 STEP
1 86 990.0 -648 680.0 0 0 1 0 1 0 -1 0 0 3010.DAT
0 STEP
1 86 1010.0 -672 650.0 -1 0 0 0 1 0 0 0 -1 3622.DAT
0 STEP
1 86 1000.0 -600 700.0 0 0 1 0 1 0 -1 0 0 3001.DAT
0 STEP
1 86 1000.0 -672 700.0 0 0 1 0 1 0 -1 0 0 3001.DAT
0 STEP
1 86 1010.0 -576 690.0 -1 0 0 0 1 0 0 0 -1 3622.DAT
0 STEP
1 86 1010.0 -624 690.0 -1 0 0 0 1 0 0 0 -1 3622.DAT
0 STEP
1 86 990.0 -576 740.0 0 0 1 0 1 0 -1 0 0 3010.DAT
0 STEP
1 86 1010.0 -624 720.0 -1 0 0 0 1 0 0 0 -1 3002.DAT
0 STEP
1 86 990.0 -696 740.0 0 0 1 0 1 0 -1 0 0 3010.DAT
0 STEP
1 86 990.0 -648 730.0 0 0 1 0 1 0 -1 0 0 3005.DAT
0 STEP
1 86 1010.0 -552 760.0 -1 0 0 0 1 0 0 0 -1 3002.DAT
0 STEP
1 86 1010.0 -672 760.0 -1 0 0 0 1 0 0 0 -1 3002.DAT
0 STEP
1 86 1020.0 -456 770.0 -1 0 0 0 1 0 0 0 -1 3010.DAT
0 STEP
1 86 990.0 -480 770.0 0 0 1 0 1 0 -1 0 0 3005.DAT
0 STEP
1 86 990.0 -528 770.0 0 0 1 0 1 0 -1 0 0 3005.DAT
0 STEP
1 86 1010.0 -456 800.0 -1 0 0 0 1 0 0 0 -1 3002.DAT
0 STEP
1 86 990.0 -504 820.0 0 0 1 0 1 0 -1 0 0 3010.DAT
0 STEP
1 86 1010.0 -552 800.0 -1 0 0 0 1 0 0 0 -1 3002.DAT
0 STEP
1 86 1000.0 -696 820.0 0 0 1 0 1 0 -1 0 0 3001.DAT
0 STEP
1 86 990.0 -480 810.0 0 0 1 0 1 0 -1 0 0 3005.DAT
0 STEP
1 86 990.0 -768 830.0 0 0 1 0 1 0 -1 0 0 3622.DAT
0 STEP
1 86 1020.0 -480 830.0 -1 0 0 0 1 0 0 0 -1 3010.DAT
0 STEP
1 86 1010.0 -552 840.0 -1 0 0 0 1 0 0 0 -1 3002.DAT
0 STEP
1 86 990.0 -480 850.0 0 0 1 0 1 0 -1 0 0 3005.DAT
0 STEP
1 86 1040.0 -1032 850.0 -1 0 0 0 1 0 0 0 -1 3009.DAT
0 STEP
1 86 1000.0 -456 890.0 0 0 1 0 1 0 -1 0 0 3002.DAT
0 STEP
1 86 1010.0 -552 870.0 -1 0 0 0 1 0 0 0 -1 3622.DAT
0 STEP
1 86 990.0 -768 940.0 0 0 1 0 1 0 -1 0 0 3008.DAT
0 STEP
1 86 990.0 -1032 880.0 0 0 1 0 1 0 -1 0 0 3004.DAT
0 STEP
1 86 990.0 -480 960.0 0 0 1 0 1 0 -1 0 0 3008.DAT
0 STEP
1 86 1010.0 -720 890.0 -1 0 0 0 1 0 0 0 -1 3622.DAT
0 STEP
1 86 990.0 -744 910.0 0 0 1 0 1 0 -1 0 0 3005.DAT
0 STEP
1 86 1040.0 -456 930.0 -1 0 0 0 1 0 0 0 -1 3009.DAT
0 STEP
1 86 1020.0 -720 930.0 -1 0 0 0 1 0 0 0 -1 3010.DAT
0 STEP
1 86 1000.0 -984 960.0 0 0 1 0 1 0 -1 0 0 3001.DAT
0 STEP
1 86 1000.0 -144 970.0 0 0 1 0 1 0 -1 0 0 3002.DAT
0 STEP
1 86 1000.0 -720 980.0 0 0 1 0 1 0 -1 0 0 3001.DAT
0 STEP
1 86 990.0 -768 1030.0 0 0 1 0 1 0 -1 0 0 3005.DAT
0 STEP
1 86 1040.0 -984 1030.0 -1 0 0 0 1 0 0 0 -1 3009.DAT
0 STEP
1 86 1020.0 -480 1060.0 -1 0 0 0 1 0 0 0 -1 3001.DAT
0 STEP
1 86 1020.0 -1008 1080.0 -1 0 0 0 1 0 0 0 -1 3001.DAT
0 STEP
1 86 990.0 -480 1110.0 0 0 1 0 1 0 -1 0 0 3622.DAT
0 STEP
1 86 990.0 -792 1110.0 0 0 1 0 1 0 -1 0 0 3622.DAT
0 STEP
1 86 1000.0 -1032 1120.0 0 0 1 0 1 0 -1 0 0 3001.DAT
0 STEP
1 86 990.0 -1008 1110.0 0 0 1 0 1 0 -1 0 0 3005.DAT
0 STEP
1 86 1020.0 -1008 1130.0 -1 0 0 0 1 0 0 0 -1 3010.DAT
0 STEP
1 86 1040.0 -480 1150.0 -1 0 0 0 1 0 0 0 -1 3009.DAT
0 STEP
1 86 1000.0 -480 1200.0 0 0 1 0 1 0 -1 0 0 3001.DAT
0 STEP
1 86 1010.0 -744 1170.0 -1 0 0 0 1 0 0 0 -1 3622.DAT
0 STEP
1 86 1000.0 -792 1200.0 0 0 1 0 1 0 -1 0 0 3001.DAT
0 STEP
1 86 1000.0 -1032 1190.0 0 0 1 0 1 0 -1 0 0 3002.DAT
0 STEP
1 86 990.0 -504 1190.0 0 0 1 0 1 0 -1 0 0 3005.DAT
0 STEP
1 86 1010.0 -744 1200.0 -1 0 0 0 1 0 0 0 -1 3002.DAT
0 STEP
1 86 990.0 -504 1240.0 0 0 1 0 1 0 -1 0 0 3010.DAT
0 STEP
1 86 1010.0 -744 1230.0 -1 0 0 0 1 0 0 0 -1 3622.DAT
0 STEP
1 86 990.0 -1032 1240.0 0 0 1 0 1 0 -1 0 0 3004.DAT
0 STEP
1 86 1000.0 -480 1250.0 -1 0 0 0 1 0 0 0 -1 3004.DAT
0 STEP
1 86 990.0 -792 1250.0 0 0 1 0 1 0 -1 0 0 3005.DAT
0 STEP
1 86 990.0 -816 1250.0 0 0 1 0 1 0 -1 0 0 3005.DAT
0 STEP
1 86 1010.0 -1008 1260.0 -1 0 0 0 1 0 0 0 -1 3002.DAT
0 STEP
1 86 990.0 -480 1300.0 0 0 1 0 1 0 -1 0 0 3010.DAT
0 STEP
1 86 990.0 -792 1340.0 0 0 1 0 1 0 -1 0 0 3008.DAT
0 STEP
1 86 990.0 -432 1320.0 0 0 1 0 1 0 -1 0 0 3010.DAT
0 STEP
1 86 990.0 -1008 1320.0 0 0 1 0 1 0 -1 0 0 3010.DAT
0 STEP
1 86 1010.0 -456 1360.0 -1 0 0 0 1 0 0 0 -1 3002.DAT
0 STEP
1 86 990.0 -480 1350.0 0 0 1 0 1 0 -1 0 0 3005.DAT
0 STEP
1 86 1000.0 -480 1370.0 -1 0 0 0 1 0 0 0 -1 3004.DAT
0 STEP
1 86 990.0 -456 1420.0 0 0 1 0 1 0 -1 0 0 3010.DAT
0 STEP
1 86 1000.0 -768 1440.0 0 0 1 0 1 0 -1 0 0 3001.DAT
0 STEP
1 86 1000.0 -816 1460.0 0 0 1 0 1 0 -1 0 0 2456.DAT
0 STEP
1 86 1000.0 -480 1460.0 0 0 1 0 1 0 -1 0 0 3001.DAT
0 STEP
1 86 1020.0 -792 1440.0 -1 0 0 0 1 0 0 0 -1 3001.DAT
0 STEP
1 86 990.0 -576 1460.0 0 0 1 0 1 0 -1 0 0 3004.DAT
0 STEP
1 86 990.0 -504 1490.0 0 0 1 0 1 0 -1 0 0 3622.DAT
0 STEP
1 86 990.0 -552 1490.0 0 0 1 0 1 0 -1 0 0 3622.DAT
0 STEP
1 86 990.0 -648 1490.0 0 0 1 0 1 0 -1 0 0 3622.DAT
0 STEP
1 86 990.0 -672 1480.0 0 0 1 0 1 0 -1 0 0 3004.DAT
0 STEP
1 86 1010.0 -792 1470.0 -1 0 0 0 1 0 0 0 -1 3622.DAT
0 STEP
1 86 1000.0 -768 1490.0 -1 0 0 0 1 0 0 0 -1 3004.DAT
0 STEP
1 86 990.0 -408 1510.0 0 0 1 0 1 0 -1 0 0 3005.DAT
0 STEP
1 86 1020.0 -672 1510.0 -1 0 0 0 1 0 0 0 -1 3010.DAT
0 STEP
1 86 990.0 -768 1510.0 0 0 1 0 1 0 -1 0 0 3005.DAT
0 STEP
1 86 1010.0 -696 460.0 0 0 1 0 1 0 -1 0 0 3010.DAT
0 STEP
1 86 1020.0 -600 560.0 0 0 1 0 1 0 -1 0 0 2456.DAT
0 STEP
1 86 1020.0 -648 540.0 0 0 1 0 1 0 -1 0 0 3001.DAT
0 STEP
1 86 1020.0 -576 570.0 -1 0 0 0 1 0 0 0 -1 3004.DAT
0 STEP
1 86 1010.0 -696 580.0 0 0 1 0 1 0 -1 0 0 3004.DAT
0 STEP
1 86 1010.0 -576 610.0 0 0 1 0 1 0 -1 0 0 3622.DAT
0 STEP
1 86 1020.0 -648 590.0 -1 0 0 0 1 0 0 0 -1 3004.DAT
0 STEP
1 86 1020.0 -672 610.0 0 0 1 0 1 0 -1 0 0 3002.DAT
0 STEP
1 86 1010.0 -720 620.0 0 0 1 0 1 0 -1 0 0 3010.DAT
0 STEP
1 86 1020.0 -552 650.0 -1 0 0 0 1 0 0 0 -1 3004.DAT
0 STEP
1 86 1020.0 -648 740.0 0 0 1 0 1 0 -1 0 0 3006.DAT
0 STEP
1 86 1020.0 -696 670.0 0 0 1 0 1 0 -1 0 0 3002.DAT
0 STEP
1 86 1020.0 -552 700.0 0 0 1 0 1 0 -1 0 0 3001.DAT
0 STEP
1 86 1010.0 -720 670.0 0 0 1 0 1 0 -1 0 0 3005.DAT
0 STEP
1 86 1010.0 -576 730.0 0 0 1 0 1 0 -1 0 0 3622.DAT
0 STEP
1 86 1020.0 -696 720.0 0 0 1 0 1 0 -1 0 0 3003.DAT
0 STEP
1 86 1010.0 -528 800.0 0 0 1 0 1 0 -1 0 0 3008.DAT
0 STEP
1 86 1010.0 -720 760.0 0 0 1 0 1 0 -1 0 0 3010.DAT
0 STEP
1 86 1030.0 -600 760.0 -1 0 0 0 1 0 0 0 -1 3002.DAT
0 STEP
1 86 1010.0 -624 750.0 0 0 1 0 1 0 -1 0 0 3005.DAT
0 STEP
1 86 1010.0 -696 760.0 0 0 1 0 1 0 -1 0 0 3004.DAT
0 STEP
1 86 1040.0 -480 780.0 -1 0 0 0 1 0 0 0 -1 3001.DAT
0 STEP
1 86 1010.0 -576 840.0 0 0 1 0 1 0 -1 0 0 3008.DAT
0 STEP
1 86 1010.0 -624 840.0 0 0 1 0 1 0 -1 0 0 3008.DAT
0 STEP
1 86 1020.0 -504 820.0 0 0 1 0 1 0 -1 0 0 3001.DAT
0 STEP
1 86 1030.0 -600 800.0 -1 0 0 0 1 0 0 0 -1 3002.DAT
0 STEP
1 86 1030.0 -672 800.0 -1 0 0 0 1 0 0 0 -1 3002.DAT
0 STEP
1 86 1010.0 -744 860.0 0 0 1 0 1 0 -1 0 0 3008.DAT
0 STEP
1 86 1040.0 -480 810.0 -1 0 0 0 1 0 0 0 -1 3010.DAT
0 STEP
1 86 1030.0 -600 840.0 -1 0 0 0 1 0 0 0 -1 3002.DAT
0 STEP
1 86 1010.0 -672 860.0 0 0 1 0 1 0 -1 0 0 3010.DAT
0 STEP
1 86 1010.0 -720 830.0 0 0 1 0 1 0 -1 0 0 3005.DAT
0 STEP
1 86 1010.0 -480 870.0 0 0 1 0 1 0 -1 0 0 3622.DAT
0 STEP
1 86 1030.0 -648 860.0 -1 0 0 0 1 0 0 0 -1 3002.DAT
0 STEP
1 86 1020.0 -1008 880.0 0 0 1 0 1 0 -1 0 0 3001.DAT
0 STEP
1 86 1030.0 -600 880.0 -1 0 0 0 1 0 0 0 -1 3002.DAT
0 STEP
1 86 1030.0 -696 870.0 -1 0 0 0 1 0 0 0 -1 3622.DAT
0 STEP
1 86 1010.0 -1032 900.0 0 0 1 0 1 0 -1 0 0 3010.DAT
0 STEP
1 86 1030.0 -552 890.0 -1 0 0 0 1 0 0 0 -1 3622.DAT
0 STEP
1 86 1020.0 -648 920.0 0 0 1 0 1 0 -1 0 0 3001.DAT
0 STEP
1 86 1010.0 -696 920.0 0 0 1 0 1 0 -1 0 0 3010.DAT
0 STEP
1 86 1010.0 -480 960.0 0 0 1 0 1 0 -1 0 0 3009.DAT
0 STEP
1 86 1030.0 -552 920.0 -1 0 0 0 1 0 0 0 -1 3002.DAT
0 STEP
1 86 1020.0 -600 940.0 0 0 1 0 1 0 -1 0 0 3001.DAT
0 STEP
1 86 1030.0 -672 920.0 -1 0 0 0 1 0 0 0 -1 3002.DAT
0 STEP
1 86 1010.0 -984 910.0 0 0 1 0 1 0 -1 0 0 3005.DAT
0 STEP
1 86 1010.0 -576 960.0 0 0 1 0 1 0 -1 0 0 3010.DAT
0 STEP
1 86 1030.0 -624 930.0 -1 0 0 0 1 0 0 0 -1 3622.DAT
0 STEP
1 86 1080.0 -1008 940.0 -1 0 0 0 1 0 0 0 -1 3007.DAT
0 STEP
1 86 1010.0 -456 970.0 0 0 1 0 1 0 -1 0 0 3622.DAT
0 STEP
1 86 1030.0 -552 960.0 -1 0 0 0 1 0 0 0 -1 3002.DAT
0 STEP
1 86 1010.0 -624 960.0 0 0 1 0 1 0 -1 0 0 3004.DAT
0 STEP
1 86 1020.0 -672 980.0 0 0 1 0 1 0 -1 0 0 3001.DAT
0 STEP
1 86 1020.0 -744 960.0 0 0 1 0 1 0 -1 0 0 3003.DAT
0 STEP
1 86 1010.0 -768 1020.0 0 0 1 0 1 0 -1 0 0 3008.DAT
0 STEP
1 86 1030.0 -648 970.0 -1 0 0 0 1 0 0 0 -1 3622.DAT
0 STEP
1 86 1030.0 -696 980.0 -1 0 0 0 1 0 0 0 -1 3002.DAT
0 STEP
1 86 1010.0 -1032 1000.0 0 0 1 0 1 0 -1 0 0 3010.DAT
0 STEP
1 86 1020.0 -504 1020.0 0 0 1 0 1 0 -1 0 0 3001.DAT
0 STEP
1 86 1030.0 -552 1000.0 -1 0 0 0 1 0 0 0 -1 3002.DAT
0 STEP
1 86 1030.0 -600 990.0 -1 0 0 0 1 0 0 0 -1 3622.DAT
0 STEP
1 86 1020.0 -1008 1020.0 0 0 1 0 1 0 -1 0 0 3001.DAT
0 STEP
1 86 1030.0 -576 1010.0 -1 0 0 0 1 0 0 0 -1 3622.DAT
0 STEP
1 86 1030.0 -696 1020.0 -1 0 0 0 1 0 0 0 -1 3002.DAT
0 STEP
1 86 1010.0 -456 1050.0 0 0 1 0 1 0 -1 0 0 3622.DAT
0 STEP
1 86 1040.0 -480 1030.0 -1 0 0 0 1 0 0 0 -1 3010.DAT
0 STEP
1 86 1030.0 -552 1040.0 -1 0 0 0 1 0 0 0 -1 3002.DAT
0 STEP
1 86 1010.0 -720 1050.0 0 0 1 0 1 0 -1 0 0 3622.DAT
0 STEP
1 86 1030.0 -696 1060.0 -1 0 0 0 1 0 0 0 -1 3002.DAT
0 STEP
1 86 1030.0 -552 1080.0 -1 0 0 0 1 0 0 0 -1 3002.DAT
0 STEP
1 86 1010.0 -984 1100.0 0 0 1 0 1 0 -1 0 0 3010.DAT
0 STEP
1 86 1040.0 -480 1100.0 -1 0 0 0 1 0 0 0 -1 3001.DAT
0 STEP
1 86 1020.0 -720 1090.0 -1 0 0 0 1 0 0 0 -1 3004.DAT
0 STEP
1 86 1010.0 -456 1130.0 0 0 1 0 1 0 -1 0 0 3622.DAT
0 STEP
1 86 1020.0 -720 1140.0 0 0 1 0 1 0 -1 0 0 3001.DAT
0 STEP
1 86 1020.0 -768 1110.0 -1 0 0 0 1 0 0 0 -1 3004.DAT
0 STEP
1 86 1040.0 -1008 1110.0 -1 0 0 0 1 0 0 0 -1 3010.DAT
0 STEP
1 86 1010.0 -480 1130.0 0 0 1 0 1 0 -1 0 0 3005.DAT
0 STEP
1 86 1010.0 -792 1130.0 0 0 1 0 1 0 -1 0 0 3005.DAT
0 STEP
1 86 1010.0 -768 1200.0 0 0 1 0 1 0 -1 0 0 3009.DAT
0 STEP
1 86 1010.0 -984 1220.0 0 0 1 0 1 0 -1 0 0 3008.DAT
0 STEP
1 86 1040.0 -504 1200.0 -1 0 0 0 1 0 0 0 -1 3001.DAT
0 STEP
1 86 1060.0 -504 1230.0 -1 0 0 0 1 0 0 0 -1 3009.DAT
0 STEP
1 86 1040.0 -1032 1230.0 -1 0 0 0 1 0 0 0 -1 3010.DAT
0 STEP
1 86 1040.0 -504 1260.0 -1 0 0 0 1 0 0 0 -1 3001.DAT
0 STEP
1 86 1020.0 -744 1250.0 -1 0 0 0 1 0 0 0 -1 3004.DAT
0 STEP
1 86 1010.0 -792 1300.0 0 0 1 0 1 0 -1 0 0 3009.DAT
0 STEP
1 86 1010.0 -1032 1260.0 0 0 1 0 1 0 -1 0 0 3004.DAT
0 STEP
1 86 1010.0 -480 1270.0 0 0 1 0 1 0 -1 0 0 3005.DAT
0 STEP
1 86 1020.0 -744 1300.0 0 0 1 0 1 0 -1 0 0 3001.DAT
0 STEP
1 86 1010.0 -480 1320.0 0 0 1 0 1 0 -1 0 0 3010.DAT
0 STEP
1 86 1030.0 -504 1300.0 -1 0 0 0 1 0 0 0 -1 3002.DAT
0 STEP
1 86 1020.0 -1008 1320.0 0 0 1 0 1 0 -1 0 0 3001.DAT
0 STEP
1 86 1010.0 -1032 1310.0 0 0 1 0 1 0 -1 0 0 3005.DAT
0 STEP
1 86 1020.0 -504 1350.0 0 0 1 0 1 0 -1 0 0 3002.DAT
0 STEP
1 86 1010.0 -792 1390.0 0 0 1 0 1 0 -1 0 0 3622.DAT
0 STEP
1 86 1010.0 -432 1390.0 0 0 1 0 1 0 -1 0 0 3005.DAT
0 STEP
1 86 1020.0 -456 1410.0 0 0 1 0 1 0 -1 0 0 3002.DAT
0 STEP
1 86 1030.0 -456 1450.0 -1 0 0 0 1 0 0 0 -1 3622.DAT
0 STEP
1 86 1010.0 -552 1470.0 0 0 1 0 1 0 -1 0 0 3622.DAT
0 STEP
1 86 1040.0 -576 1460.0 -1 0 0 0 1 0 0 0 -1 3001.DAT
0 STEP
1 86 1020.0 -600 1470.0 0 0 1 0 1 0 -1 0 0 3002.DAT
0 STEP
1 86 1030.0 -696 1450.0 -1 0 0 0 1 0 0 0 -1 3622.DAT
0 STEP
1 86 1030.0 -456 1480.0 -1 0 0 0 1 0 0 0 -1 3002.DAT
0 STEP
1 86 1040.0 -504 1470.0 -1 0 0 0 1 0 0 0 -1 3010.DAT
0 STEP
1 86 1020.0 -648 1490.0 0 0 1 0 1 0 -1 0 0 3002.DAT
0 STEP
1 86 1040.0 -672 1480.0 -1 0 0 0 1 0 0 0 -1 3001.DAT
0 STEP
1 86 1010.0 -720 1490.0 0 0 1 0 1 0 -1 0 0 3622.DAT
0 STEP
1 86 1040.0 -504 1500.0 -1 0 0 0 1 0 0 0 -1 3001.DAT
0 STEP
1 86 1030.0 -456 1510.0 -1 0 0 0 1 0 0 0 -1 3622.DAT
0 STEP
1 86 1040.0 -768 1510.0 -1 0 0 0 1 0 0 0 -1 3010.DAT
0 STEP
1 86 1060.0 -624 1550.0 -1 0 0 0 1 0 0 0 -1 3009.DAT
0 STEP
1 86 1030.0 -576 620.0 0 0 1 0 1 0 -1 0 0 3010.DAT
0 STEP
1 86 1030.0 -624 640.0 0 0 1 0 1 0 -1 0 0 3010.DAT
0 STEP
1 86 1030.0 -576 670.0 0 0 1 0 1 0 -1 0 0 3005.DAT
0 STEP
1 86 1030.0 -600 700.0 0 0 1 0 1 0 -1 0 0 3010.DAT
0 STEP
1 86 1030.0 -672 700.0 0 0 1 0 1 0 -1 0 0 3010.DAT
0 STEP
1 86 1030.0 -576 740.0 0 0 1 0 1 0 -1 0 0 3010.DAT
0 STEP
1 86 1040.0 -624 770.0 0 0 1 0 1 0 -1 0 0 3002.DAT
0 STEP
1 86 1030.0 -696 800.0 0 0 1 0 1 0 -1 0 0 3009.DAT
0 STEP
1 86 1040.0 -504 770.0 -1 0 0 0 1 0 0 0 -1 3004.DAT
0 STEP
1 86 1040.0 -528 800.0 0 0 1 0 1 0 -1 0 0 3001.DAT
0 STEP
1 86 1030.0 -720 780.0 0 0 1 0 1 0 -1 0 0 3004.DAT
0 STEP
1 86 1040.0 -576 790.0 -1 0 0 0 1 0 0 0 -1 3004.DAT
0 STEP
1 86 1040.0 -576 900.0 0 0 1 0 1 0 -1 0 0 3006.DAT
0 STEP
1 86 1040.0 -624 860.0 0 0 1 0 1 0 -1 0 0 2456.DAT
0 STEP
1 86 1040.0 -672 860.0 0 0 1 0 1 0 -1 0 0 3001.DAT
0 STEP
1 86 1030.0 -720 850.0 0 0 1 0 1 0 -1 0 0 3622.DAT
0 STEP
1 86 1040.0 -480 900.0 0 0 1 0 1 0 -1 0 0 2456.DAT
0 STEP
1 86 1060.0 -528 850.0 -1 0 0 0 1 0 0 0 -1 3010.DAT
0 STEP
1 86 1030.0 -984 850.0 0 0 1 0 1 0 -1 0 0 3005.DAT
0 STEP
1 86 1060.0 -456 870.0 -1 0 0 0 1 0 0 0 -1 3010.DAT
0 STEP
1 86 1030.0 -528 940.0 0 0 1 0 1 0 -1 0 0 3008.DAT
0 STEP
1 86 1030.0 -1032 890.0 0 0 1 0 1 0 -1 0 0 3622.DAT
0 STEP
1 86 1030.0 -456 900.0 0 0 1 0 1 0 -1 0 0 3004.DAT
0 STEP
1 86 1040.0 -696 920.0 0 0 1 0 1 0 -1 0 0 3001.DAT
0 STEP
1 86 1100.0 -984 920.0 -1 0 0 0 1 0 0 0 -1 3007.DAT
0 STEP
1 86 1050.0 -744 930.0 -1 0 0 0 1 0 0 0 -1 3622.DAT
0 STEP
1 86 1030.0 -1032 960.0 0 0 1 0 1 0 -1 0 0 3010.DAT
0 STEP
1 86 1040.0 -144 970.0 0 0 1 0 1 0 -1 0 0 3002.DAT
0 STEP
1 86 1030.0 -456 1020.0 0 0 1 0 1 0 -1 0 0 3008.DAT
0 STEP
1 86 1030.0 -624 980.0 0 0 1 0 1 0 -1 0 0 3010.DAT
0 STEP
1 86 1030.0 -720 1000.0 0 0 1 0 1 0 -1 0 0 3009.DAT
0 STEP
1 86 1030.0 -984 960.0 0 0 1 0 1 0 -1 0 0 3004.DAT
0 STEP
1 86 1040.0 -480 970.0 -1 0 0 0 1 0 0 0 -1 3004.DAT
0 STEP
1 86 1080.0 -480 1000.0 -1 0 0 0 1 0 0 0 -1 2456.DAT
0 STEP
1 86 1050.0 -648 1000.0 -1 0 0 0 1 0 0 0 -1 3002.DAT
0 STEP
1 86 1060.0 -984 990.0 -1 0 0 0 1 0 0 0 -1 3010.DAT
0 STEP
1 86 1040.0 -600 1100.0 0 0 1 0 1 0 -1 0 0 3006.DAT
0 STEP
1 86 1060.0 -1032 1020.0 -1 0 0 0 1 0 0 0 -1 3001.DAT
0 STEP
1 86 1050.0 -528 1030.0 -1 0 0 0 1 0 0 0 -1 3622.DAT
0 STEP
1 86 1050.0 -576 1030.0 -1 0 0 0 1 0 0 0 -1 3622.DAT
0 STEP
1 86 1040.0 -624 1060.0 0 0 1 0 1 0 -1 0 0 3001.DAT
0 STEP
1 86 1050.0 -648 1040.0 -1 0 0 0 1 0 0 0 -1 3002.DAT
0 STEP
1 86 1030.0 -672 1030.0 0 0 1 0 1 0 -1 0 0 3005.DAT
0 STEP
1 86 1030.0 -744 1060.0 0 0 1 0 1 0 -1 0 0 3010.DAT
0 STEP
1 86 1080.0 -528 1060.0 -1 0 0 0 1 0 0 0 -1 2456.DAT
0 STEP
1 86 1050.0 -576 1060.0 -1 0 0 0 1 0 0 0 -1 3002.DAT
0 STEP
1 86 1030.0 -672 1080.0 0 0 1 0 1 0 -1 0 0 3010.DAT
0 STEP
1 86 1030.0 -984 1080.0 0 0 1 0 1 0 -1 0 0 3010.DAT
0 STEP
1 86 1030.0 -1032 1080.0 0 0 1 0 1 0 -1 0 0 3010.DAT
0 STEP
1 86 1040.0 -648 1070.0 -1 0 0 0 1 0 0 0 -1 3004.DAT
0 STEP
1 86 1030.0 -720 1070.0 0 0 1 0 1 0 -1 0 0 3005.DAT
0 STEP
1 86 1030.0 -528 1090.0 0 0 1 0 1 0 -1 0 0 3005.DAT
0 STEP
1 86 1050.0 -576 1090.0 -1 0 0 0 1 0 0 0 -1 3622.DAT
0 STEP
1 86 1040.0 -648 1120.0 0 0 1 0 1 0 -1 0 0 3001.DAT
0 STEP
1 86 1050.0 -696 1090.0 -1 0 0 0 1 0 0 0 -1 3622.DAT
0 STEP
1 86 1030.0 -768 1090.0 0 0 1 0 1 0 -1 0 0 3005.DAT
0 STEP
1 86 1030.0 -456 1140.0 0 0 1 0 1 0 -1 0 0 3010.DAT
0 STEP
1 86 1030.0 -504 1140.0 0 0 1 0 1 0 -1 0 0 3010.DAT
0 STEP
1 86 1050.0 -552 1110.0 -1 0 0 0 1 0 0 0 -1 3622.DAT
0 STEP
1 86 1050.0 -576 1120.0 -1 0 0 0 1 0 0 0 -1 3002.DAT
0 STEP
1 86 1050.0 -624 1120.0 -1 0 0 0 1 0 0 0 -1 3002.DAT
0 STEP
1 86 1040.0 -696 1130.0 0 0 1 0 1 0 -1 0 0 3002.DAT
0 STEP
1 86 1040.0 -744 1130.0 0 0 1 0 1 0 -1 0 0 3002.DAT
0 STEP
1 86 1060.0 -480 1130.0 -1 0 0 0 1 0 0 0 -1 3010.DAT
0 STEP
1 86 1040.0 -552 1180.0 0 0 1 0 1 0 -1 0 0 2456.DAT
0 STEP
1 86 1030.0 -768 1200.0 0 0 1 0 1 0 -1 0 0 3008.DAT
0 STEP
1 86 1080.0 -984 1140.0 -1 0 0 0 1 0 0 0 -1 2456.DAT
0 STEP
1 86 1030.0 -1032 1130.0 0 0 1 0 1 0 -1 0 0 3005.DAT
0 STEP
1 86 1050.0 -576 1160.0 -1 0 0 0 1 0 0 0 -1 3002.DAT
0 STEP
1 86 1040.0 -624 1180.0 0 0 1 0 1 0 -1 0 0 3001.DAT
0 STEP
1 86 1030.0 -672 1180.0 0 0 1 0 1 0 -1 0 0 3010.DAT
0 STEP
1 86 1030.0 -1032 1180.0 0 0 1 0 1 0 -1 0 0 3010.DAT
0 STEP
1 86 1060.0 -480 1170.0 -1 0 0 0 1 0 0 0 -1 3010.DAT
0 STEP
1 86 1050.0 -648 1170.0 -1 0 0 0 1 0 0 0 -1 3622.DAT
0 STEP
1 86 1030.0 -696 1240.0 0 0 1 0 1 0 -1 0 0 3008.DAT
0 STEP
1 86 1060.0 -984 1180.0 -1 0 0 0 1 0 0 0 -1 3001.DAT
0 STEP
1 86 1030.0 -480 1190.0 0 0 1 0 1 0 -1 0 0 3005.DAT
0 STEP
1 86 1030.0 -576 1220.0 0 0 1 0 1 0 -1 0 0 3010.DAT
0 STEP
1 86 1040.0 -648 1210.0 0 0 1 0 1 0 -1 0 0 3002.DAT
0 STEP
1 86 1050.0 -720 1190.0 -1 0 0 0 1 0 0 0 -1 3622.DAT
0 STEP
1 86 1030.0 -1008 1210.0 0 0 1 0 1 0 -1 0 0 3622.DAT
0 STEP
1 86 1030.0 -480 1260.0 0 0 1 0 1 0 -1 0 0 3009.DAT
0 STEP
1 86 1050.0 -600 1220.0 -1 0 0 0 1 0 0 0 -1 3002.DAT
0 STEP
1 86 1050.0 -720 1220.0 -1 0 0 0 1 0 0 0 -1 3002.DAT
0 STEP
1 86 1060.0 -984 1220.0 -1 0 0 0 1 0 0 0 -1 3001.DAT
0 STEP
1 86 1030.0 -672 1230.0 0 0 1 0 1 0 -1 0 0 3005.DAT
0 STEP
1 86 1050.0 -552 1250.0 -1 0 0 0 1 0 0 0 -1 3622.DAT
0 STEP
1 86 1050.0 -672 1250.0 -1 0 0 0 1 0 0 0 -1 3622.DAT
0 STEP
1 86 1050.0 -720 1260.0 -1 0 0 0 1 0 0 0 -1 3002.DAT
0 STEP
1 86 1030.0 -984 1270.0 0 0 1 0 1 0 -1 0 0 3622.DAT
0 STEP
1 86 1030.0 -1032 1300.0 0 0 1 0 1 0 -1 0 0 3009.DAT
0 STEP
1 86 1030.0 -552 1290.0 0 0 1 0 1 0 -1 0 0 3622.DAT
0 STEP
1 86 1030.0 -528 1290.0 0 0 1 0 1 0 -1 0 0 3005.DAT
0 STEP
1 86 1050.0 -720 1300.0 -1 0 0 0 1 0 0 0 -1 3002.DAT
0 STEP
1 86 1030.0 -792 1290.0 0 0 1 0 1 0 -1 0 0 3005.DAT
0 STEP
1 86 1040.0 -528 1310.0 -1 0 0 0 1 0 0 0 -1 3004.DAT
0 STEP
1 86 1030.0 -792 1360.0 0 0 1 0 1 0 -1 0 0 3009.DAT
0 STEP
1 86 1030.0 -480 1330.0 0 0 1 0 1 0 -1 0 0 3005.DAT
0 STEP
1 86 1050.0 -528 1330.0 -1 0 0 0 1 0 0 0 -1 3622.DAT
0 STEP
1 86 1050.0 -720 1340.0 -1 0 0 0 1 0 0 0 -1 3002.DAT
0 STEP
1 86 1030.0 -984 1330.0 0 0 1 0 1 0 -1 0 0 3005.DAT
0 STEP
1 86 1040.0 -480 1380.0 0 0 1 0 1 0 -1 0 0 3001.DAT
0 STEP
1 86 1040.0 -528 1380.0 0 0 1 0 1 0 -1 0 0 3001.DAT
0 STEP
1 86 1030.0 -744 1360.0 0 0 1 0 1 0 -1 0 0 3004.DAT
0 STEP
1 86 1050.0 -720 1380.0 -1 0 0 0 1 0 0 0 -1 3002.DAT
0 STEP
1 86 1030.0 -504 1420.0 0 0 1 0 1 0 -1 0 0 3010.DAT
0 STEP
1 86 1030.0 -744 1410.0 0 0 1 0 1 0 -1 0 0 3622.DAT
0 STEP
1 86 1040.0 -768 1410.0 -1 0 0 0 1 0 0 0 -1 3004.DAT
0 STEP
1 86 1030.0 -480 1460.0 0 0 1 0 1 0 -1 0 0 3010.DAT
0 STEP
1 86 1040.0 -768 1460.0 0 0 1 0 1 0 -1 0 0 3001.DAT
0 STEP
1 86 1060.0 -552 1460.0 -1 0 0 0 1 0 0 0 -1 3001.DAT
0 STEP
1 86 1030.0 -720 1470.0 0 0 1 0 1 0 -1 0 0 3622.DAT
0 STEP
1 86 1050.0 -744 1450.0 -1 0 0 0 1 0 0 0 -1 3622.DAT
0 STEP
1 86 1030.0 -624 1470.0 0 0 1 0 1 0 -1 0 0 3005.DAT
0 STEP
1 86 1030.0 -528 1490.0 0 0 1 0 1 0 -1 0 0 3005.DAT
0 STEP
1 86 1060.0 -552 1490.0 -1 0 0 0 1 0 0 0 -1 3010.DAT
0 STEP
1 86 1060.0 -624 1500.0 -1 0 0 0 1 0 0 0 -1 3001.DAT
0 STEP
1 86 1030.0 -696 1490.0 0 0 1 0 1 0 -1 0 0 3005.DAT
0 STEP
1 86 1030.0 -816 1500.0 0 0 1 0 1 0 -1 0 0 3004.DAT
0 STEP
1 86 1030.0 -792 1510.0 0 0 1 0 1 0 -1 0 0 3005.DAT
0 STEP
1 86 1050.0 -648 780.0 0 0 1 0 1 0 -1 0 0 3010.DAT
0 STEP
1 86 1050.0 -456 810.0 0 0 1 0 1 0 -1 0 0 3622.DAT
0 STEP
1 86 1050.0 -504 820.0 0 0 1 0 1 0 -1 0 0 3010.DAT
0 STEP
1 86 1050.0 -648 830.0 0 0 1 0 1 0 -1 0 0 3005.DAT
0 STEP
1 86 1100.0 -984 850.0 -1 0 0 0 1 0 0 0 -1 3009.DAT
0 STEP
1 86 1060.0 -1008 880.0 0 0 1 0 1 0 -1 0 0 3001.DAT
0 STEP
1 86 1100.0 -504 870.0 -1 0 0 0 1 0 0 0 -1 3009.DAT
0 STEP
1 86 1060.0 -528 940.0 0 0 1 0 1 0 -1 0 0 3007.DAT
0 STEP
1 86 1050.0 -1032 920.0 0 0 1 0 1 0 -1 0 0 3009.DAT
0 STEP
1 86 1070.0 -456 890.0 -1 0 0 0 1 0 0 0 -1 3622.DAT
0 STEP
1 86 1050.0 -648 920.0 0 0 1 0 1 0 -1 0 0 3010.DAT
0 STEP
1 86 1120.0 -984 890.0 -1 0 0 0 1 0 0 0 -1 3008.DAT
0 STEP
1 86 1100.0 -456 910.0 -1 0 0 0 1 0 0 0 -1 3009.DAT
0 STEP
1 86 1050.0 -600 940.0 0 0 1 0 1 0 -1 0 0 3010.DAT
0 STEP
1 86 1070.0 -504 940.0 -1 0 0 0 1 0 0 0 -1 3002.DAT
0 STEP
1 86 1060.0 -168 950.0 -1 0 0 0 1 0 0 0 -1 3004.DAT
0 STEP
1 86 1060.0 -456 970.0 0 0 1 0 1 0 -1 0 0 3002.DAT
0 STEP
1 86 1050.0 -624 960.0 0 0 1 0 1 0 -1 0 0 3004.DAT
0 STEP
1 86 1050.0 -672 1000.0 0 0 1 0 1 0 -1 0 0 3009.DAT
0 STEP
1 86 1080.0 -984 960.0 -1 0 0 0 1 0 0 0 -1 3001.DAT
0 STEP
1 86 1050.0 -720 1000.0 0 0 1 0 1 0 -1 0 0 3010.DAT
0 STEP
1 86 1050.0 -1008 1000.0 0 0 1 0 1 0 -1 0 0 3010.DAT
0 STEP
1 86 1080.0 -504 990.0 -1 0 0 0 1 0 0 0 -1 3010.DAT
0 STEP
1 86 1060.0 -624 1000.0 0 0 1 0 1 0 -1 0 0 3003.DAT
0 STEP
1 86 1080.0 -1032 990.0 -1 0 0 0 1 0 0 0 -1 3010.DAT
0 STEP
1 86 1080.0 -456 1020.0 -1 0 0 0 1 0 0 0 -1 3001.DAT
0 STEP
1 86 1050.0 -504 1040.0 0 0 1 0 1 0 -1 0 0 3010.DAT
0 STEP
1 86 1080.0 -456 1060.0 -1 0 0 0 1 0 0 0 -1 3001.DAT
0 STEP
1 86 1050.0 -720 1050.0 0 0 1 0 1 0 -1 0 0 3005.DAT
0 STEP
1 86 1060.0 -984 1070.0 0 0 1 0 1 0 -1 0 0 3002.DAT
0 STEP
1 86 1050.0 -1008 1050.0 0 0 1 0 1 0 -1 0 0 3005.DAT
0 STEP
1 86 1050.0 -1032 1100.0 0 0 1 0 1 0 -1 0 0 3009.DAT
0 STEP
1 86 1060.0 -672 1090.0 0 0 1 0 1 0 -1 0 0 3002.DAT
0 STEP
1 86 1050.0 -720 1120.0 0 0 1 0 1 0 -1 0 0 3009.DAT
0 STEP
1 86 1050.0 -456 1140.0 0 0 1 0 1 0 -1 0 0 3009.DAT
0 STEP
1 86 1060.0 -528 1120.0 0 0 1 0 1 0 -1 0 0 3001.DAT
0 STEP
1 86 1060.0 -504 1140.0 0 0 1 0 1 0 -1 0 0 3001.DAT
0 STEP
1 86 1050.0 -984 1110.0 0 0 1 0 1 0 -1 0 0 3005.DAT
0 STEP
1 86 1070.0 -672 1130.0 -1 0 0 0 1 0 0 0 -1 3622.DAT
0 STEP
1 86 1060.0 -672 1160.0 0 0 1 0 1 0 -1 0 0 3003.DAT
0 STEP
1 86 1050.0 -1008 1220.0 0 0 1 0 1 0 -1 0 0 3008.DAT
0 STEP
1 86 1080.0 -528 1170.0 -1 0 0 0 1 0 0 0 -1 3010.DAT
0 STEP
1 86 1050.0 -696 1220.0 0 0 1 0 1 0 -1 0 0 3009.DAT
0 STEP
1 86 1050.0 -744 1200.0 0 0 1 0 1 0 -1 0 0 3010.DAT
0 STEP
1 86 1050.0 -1032 1190.0 0 0 1 0 1 0 -1 0 0 3622.DAT
0 STEP
1 86 1050.0 -480 1260.0 0 0 1 0 1 0 -1 0 0 3008.DAT
0 STEP
1 86 1050.0 -528 1240.0 0 0 1 0 1 0 -1 0 0 3009.DAT
0 STEP
1 86 1050.0 -576 1240.0 0 0 1 0 1 0 -1 0 0 3009.DAT
0 STEP
1 86 1060.0 -672 1210.0 0 0 1 0 1 0 -1 0 0 3002.DAT
0 STEP
1 86 1060.0 -456 1210.0 -1 0 0 0 1 0 0 0 -1 3004.DAT
0 STEP
1 86 1080.0 -456 1230.0 -1 0 0 0 1 0 0 0 -1 3010.DAT
0 STEP
1 86 1050.0 -624 1260.0 0 0 1 0 1 0 -1 0 0 3010.DAT
0 STEP
1 86 1050.0 -456 1250.0 0 0 1 0 1 0 -1 0 0 3005.DAT
0 STEP
1 86 1070.0 -600 1260.0 -1 0 0 0 1 0 0 0 -1 3002.DAT
0 STEP
1 86 1050.0 -648 1250.0 0 0 1 0 1 0 -1 0 0 3005.DAT
0 STEP
1 86 1050.0 -744 1270.0 0 0 1 0 1 0 -1 0 0 3622.DAT
0 STEP
1 86 1080.0 -984 1250.0 -1 0 0 0 1 0 0 0 -1 3010.DAT
0 STEP
1 86 1060.0 -1032 1250.0 -1 0 0 0 1 0 0 0 -1 3004.DAT
0 STEP
1 86 1100.0 -456 1270.0 -1 0 0 0 1 0 0 0 -1 3009.DAT
0 STEP
1 86 1060.0 -552 1270.0 -1 0 0 0 1 0 0 0 -1 3004.DAT
0 STEP
1 86 1070.0 -648 1270.0 -1 0 0 0 1 0 0 0 -1 3622.DAT
0 STEP
1 86 1060.0 -672 1300.0 0 0 1 0 1 0 -1 0 0 3001.DAT
0 STEP
1 86 1050.0 -768 1270.0 0 0 1 0 1 0 -1 0 0 3005.DAT
0 STEP
1 86 1050.0 -984 1270.0 0 0 1 0 1 0 -1 0 0 3005.DAT
0 STEP
1 86 1080.0 -1032 1270.0 -1 0 0 0 1 0 0 0 -1 3010.DAT
0 STEP
1 86 1050.0 -552 1340.0 0 0 1 0 1 0 -1 0 0 3009.DAT
0 STEP
1 86 1060.0 -600 1340.0 0 0 1 0 1 0 -1 0 0 2456.DAT
0 STEP
1 86 1050.0 -648 1320.0 0 0 1 0 1 0 -1 0 0 3010.DAT
0 STEP
1 86 1050.0 -696 1360.0 0 0 1 0 1 0 -1 0 0 3008.DAT
0 STEP
1 86 1050.0 -984 1320.0 0 0 1 0 1 0 -1 0 0 3010.DAT
0 STEP
1 86 1050.0 -1032 1320.0 0 0 1 0 1 0 -1 0 0 3010.DAT
0 STEP
1 86 1050.0 -576 1310.0 0 0 1 0 1 0 -1 0 0 3005.DAT
0 STEP
1 86 1050.0 -624 1310.0 0 0 1 0 1 0 -1 0 0 3005.DAT
0 STEP
1 86 1060.0 -744 1360.0 0 0 1 0 1 0 -1 0 0 2456.DAT
0 STEP
1 86 1050.0 -1008 1310.0 0 0 1 0 1 0 -1 0 0 3005.DAT
0 STEP
1 86 1060.0 -504 1350.0 0 0 1 0 1 0 -1 0 0 3002.DAT
0 STEP
1 86 1070.0 -576 1340.0 -1 0 0 0 1 0 0 0 -1 3002.DAT
0 STEP
1 86 1070.0 -624 1330.0 -1 0 0 0 1 0 0 0 -1 3622.DAT
0 STEP
1 86 1120.0 -1008 1340.0 -1 0 0 0 1 0 0 0 -1 3007.DAT
0 STEP
1 86 1070.0 -624 1360.0 -1 0 0 0 1 0 0 0 -1 3002.DAT
0 STEP
1 86 1070.0 -672 1360.0 -1 0 0 0 1 0 0 0 -1 3002.DAT
0 STEP
1 86 1050.0 -768 1370.0 0 0 1 0 1 0 -1 0 0 3622.DAT
0 STEP
1 86 1070.0 -576 1370.0 -1 0 0 0 1 0 0 0 -1 3622.DAT
0 STEP
1 86 1050.0 -648 1440.0 0 0 1 0 1 0 -1 0 0 3008.DAT
0 STEP
1 86 1060.0 -504 1420.0 0 0 1 0 1 0 -1 0 0 3001.DAT
0 STEP
1 86 1060.0 -576 1410.0 0 0 1 0 1 0 -1 0 0 3002.DAT
0 STEP
1 86 1060.0 -624 1420.0 0 0 1 0 1 0 -1 0 0 3001.DAT
0 STEP
1 86 1070.0 -672 1400.0 -1 0 0 0 1 0 0 0 -1 3002.DAT
0 STEP
1 86 1070.0 -552 1420.0 -1 0 0 0 1 0 0 0 -1 3002.DAT
0 STEP
1 86 1050.0 -600 1440.0 0 0 1 0 1 0 -1 0 0 3010.DAT
0 STEP
1 86 1070.0 -720 1410.0 -1 0 0 0 1 0 0 0 -1 3622.DAT
0 STEP
1 86 1050.0 -480 1440.0 0 0 1 0 1 0 -1 0 0 3004.DAT
0 STEP
1 86 1050.0 -528 1460.0 0 0 1 0 1 0 -1 0 0 3010.DAT
0 STEP
1 86 1070.0 -672 1440.0 -1 0 0 0 1 0 0 0 -1 3002.DAT
0 STEP
1 86 1050.0 -720 1460.0 0 0 1 0 1 0 -1 0 0 3010.DAT
0 STEP
1 86 1060.0 -744 1430.0 -1 0 0 0 1 0 0 0 -1 3004.DAT
0 STEP
1 86 1060.0 -480 1490.0 0 0 1 0 1 0 -1 0 0 3002.DAT
0 STEP
1 86 1080.0 -624 1470.0 -1 0 0 0 1 0 0 0 -1 3010.DAT
0 STEP
1 86 1060.0 -696 1490.0 0 0 1 0 1 0 -1 0 0 3002.DAT
0 STEP
1 86 1050.0 -792 1490.0 0 0 1 0 1 0 -1 0 0 3622.DAT
0 STEP
1 86 1050.0 -576 1490.0 0 0 1 0 1 0 -1 0 0 3005.DAT
0 STEP
1 86 1050.0 -600 1490.0 0 0 1 0 1 0 -1 0 0 3005.DAT
0 STEP
1 86 1050.0 -528 1510.0 0 0 1 0 1 0 -1 0 0 3005.DAT
0 STEP
1 86 1070.0 -552 1510.0 -1 0 0 0 1 0 0 0 -1 3622.DAT
0 STEP
1 86 1070.0 -720 1510.0 -1 0 0 0 1 0 0 0 -1 3622.DAT
0 STEP
1 9 1140.0 -648 20.0 -1 0 0 0 1 0 0 0 -1 3007.DAT
0 STEP
1 10 1070.0 -648 50.0 0 0 1 0 1 0 -1 0 0 3005.DAT
0 STEP
1 11 1140.0 -648 70.0 -1 0 0 0 1 0 0 0 -1 3008.DAT
0 STEP
1 12 1070.0 -648 100.0 0 0 1 0 1 0 -1 0 0 3004.DAT
0 STEP
1 15 1120.0 -648 140.0 -1 0 0 0 1 0 0 0 -1 2456.DAT
0 STEP
1 86 1090.0 -648 210.0 -1 0 0 0 1 0 0 0 -1 3622.DAT
0 STEP
1 86 1080.0 -456 800.0 0 0 1 0 1 0 -1 0 0 3001.DAT
0 STEP
1 86 1080.0 -504 800.0 0 0 1 0 1 0 -1 0 0 3001.DAT
0 STEP
1 86 1100.0 -528 780.0 -1 0 0 0 1 0 0 0 -1 3001.DAT
0 STEP
1 86 1070.0 -528 820.0 0 0 1 0 1 0 -1 0 0 3004.DAT
0 STEP
1 86 1070.0 -480 860.0 0 0 1 0 1 0 -1 0 0 3010.DAT
0 STEP
1 86 1090.0 -504 850.0 -1 0 0 0 1 0 0 0 -1 3622.DAT
0 STEP
1 86 1080.0 -1032 870.0 -1 0 0 0 1 0 0 0 -1 3004.DAT
0 STEP
1 86 1120.0 -1032 890.0 -1 0 0 0 1 0 0 0 -1 3009.DAT
0 STEP
1 86 1080.0 -480 940.0 0 0 1 0 1 0 -1 0 0 3001.DAT
0 STEP
1 86 1070.0 -1032 940.0 0 0 1 0 1 0 -1 0 0 3010.DAT
0 STEP
1 86 1080.0 -768 930.0 -1 0 0 0 1 0 0 0 -1 3004.DAT
0 STEP
1 86 1080.0 -144 950.0 -1 0 0 0 1 0 0 0 -1 3004.DAT
0 STEP
1 86 1120.0 -144 980.0 -1 0 0 0 1 0 0 0 -1 2456.DAT
0 STEP
1 86 1070.0 -1008 970.0 0 0 1 0 1 0 -1 0 0 3005.DAT
0 STEP
1 86 1070.0 -1008 1020.0 0 0 1 0 1 0 -1 0 0 3010.DAT
0 STEP
1 86 1080.0 -504 1010.0 -1 0 0 0 1 0 0 0 -1 3004.DAT
0 STEP
1 86 1070.0 -600 1020.0 0 0 1 0 1 0 -1 0 0 3004.DAT
0 STEP
1 86 1080.0 -504 1060.0 0 0 1 0 1 0 -1 0 0 3001.DAT
0 STEP
1 86 1070.0 -624 1060.0 0 0 1 0 1 0 -1 0 0 3010.DAT
0 STEP
1 86 1070.0 -672 1040.0 0 0 1 0 1 0 -1 0 0 3004.DAT
0 STEP
1 86 1070.0 -480 1060.0 0 0 1 0 1 0 -1 0 0 3004.DAT
0 STEP
1 86 1070.0 -600 1120.0 0 0 1 0 1 0 -1 0 0 3008.DAT
0 STEP
1 86 1080.0 -1032 1080.0 0 0 1 0 1 0 -1 0 0 3001.DAT
0 STEP
1 86 1070.0 -648 1100.0 0 0 1 0 1 0 -1 0 0 3010.DAT
0 STEP
1 86 1070.0 -1008 1070.0 0 0 1 0 1 0 -1 0 0 3005.DAT
0 STEP
1 86 1100.0 -456 1090.0 -1 0 0 0 1 0 0 0 -1 3010.DAT
0 STEP
1 86 1100.0 -1008 1090.0 -1 0 0 0 1 0 0 0 -1 3010.DAT
0 STEP
1 86 1140.0 -456 1110.0 -1 0 0 0 1 0 0 0 -1 3008.DAT
0 STEP
1 86 1070.0 -696 1160.0 0 0 1 0 1 0 -1 0 0 3009.DAT
0 STEP
1 86 1100.0 -984 1110.0 -1 0 0 0 1 0 0 0 -1 3010.DAT
0 STEP
1 86 1070.0 -456 1160.0 0 0 1 0 1 0 -1 0 0 3010.DAT
0 STEP
1 86 1070.0 -552 1180.0 0 0 1 0 1 0 -1 0 0 3009.DAT
0 STEP
1 86 1070.0 -1008 1160.0 0 0 1 0 1 0 -1 0 0 3010.DAT
0 STEP
1 86 1090.0 -1032 1130.0 -1 0 0 0 1 0 0 0 -1 3622.DAT
0 STEP
1 86 1070.0 -624 1180.0 0 0 1 0 1 0 -1 0 0 3010.DAT
0 STEP
1 86 1070.0 -648 1150.0 0 0 1 0 1 0 -1 0 0 3005.DAT
0 STEP
1 86 1080.0 -1032 1180.0 0 0 1 0 1 0 -1 0 0 3001.DAT
0 STEP
1 86 1080.0 -480 1190.0 -1 0 0 0 1 0 0 0 -1 3004.DAT
0 STEP
1 86 1070.0 -528 1210.0 0 0 1 0 1 0 -1 0 0 3622.DAT
0 STEP
1 86 1070.0 -576 1220.0 0 0 1 0 1 0 -1 0 0 3010.DAT
0 STEP
1 86 1070.0 -648 1220.0 0 0 1 0 1 0 -1 0 0 3010.DAT
0 STEP
1 86 1080.0 -480 1240.0 0 0 1 0 1 0 -1 0 0 3001.DAT
0 STEP
1 86 1080.0 -1008 1260.0 0 0 1 0 1 0 -1 0 0 2456.DAT
0 STEP
1 86 1080.0 -624 1230.0 -1 0 0 0 1 0 0 0 -1 3004.DAT
0 STEP
1 86 1070.0 -696 1260.0 0 0 1 0 1 0 -1 0 0 3010.DAT
0 STEP
1 86 1100.0 -456 1250.0 -1 0 0 0 1 0 0 0 -1 3010.DAT
0 STEP
1 86 1120.0 -528 1250.0 -1 0 0 0 1 0 0 0 -1 3009.DAT
0 STEP
1 86 1080.0 -624 1280.0 0 0 1 0 1 0 -1 0 0 3001.DAT
0 STEP
1 86 1070.0 -528 1290.0 0 0 1 0 1 0 -1 0 0 3622.DAT
0 STEP
1 86 1080.0 -576 1290.0 0 0 1 0 1 0 -1 0 0 3002.DAT
0 STEP
1 86 1100.0 -984 1280.0 -1 0 0 0 1 0 0 0 -1 3001.DAT
0 STEP
1 86 1070.0 -552 1300.0 0 0 1 0 1 0 -1 0 0 3004.DAT
0 STEP
1 86 1080.0 -648 1380.0 0 0 1 0 1 0 -1 0 0 3006.DAT
0 STEP
1 86 1090.0 -1032 1290.0 -1 0 0 0 1 0 0 0 -1 3622.DAT
0 STEP
1 86 1070.0 -696 1310.0 0 0 1 0 1 0 -1 0 0 3005.DAT
0 STEP
1 86 1080.0 -984 1330.0 0 0 1 0 1 0 -1 0 0 3002.DAT
0 STEP
1 86 1100.0 -1032 1310.0 -1 0 0 0 1 0 0 0 -1 3010.DAT
0 STEP
1 86 1080.0 -552 1360.0 0 0 1 0 1 0 -1 0 0 3001.DAT
0 STEP
1 86 1080.0 -696 1360.0 0 0 1 0 1 0 -1 0 0 3001.DAT
0 STEP
1 86 1100.0 -1032 1340.0 -1 0 0 0 1 0 0 0 -1 3001.DAT
0 STEP
1 86 1070.0 -528 1380.0 0 0 1 0 1 0 -1 0 0 3010.DAT
0 STEP
1 86 1080.0 -600 1420.0 0 0 1 0 1 0 -1 0 0 3003.DAT
0 STEP
1 86 1070.0 -696 1430.0 0 0 1 0 1 0 -1 0 0 3622.DAT
0 STEP
1 86 1080.0 -528 1430.0 -1 0 0 0 1 0 0 0 -1 3004.DAT
0 STEP
1 86 1080.0 -720 1460.0 0 0 1 0 1 0 -1 0 0 3001.DAT
0 STEP
1 86 1080.0 -528 1480.0 0 0 1 0 1 0 -1 0 0 3001.DAT
0 STEP
1 86 1070.0 -600 1480.0 0 0 1 0 1 0 -1 0 0 3010.DAT
0 STEP
1 86 1070.0 -768 1470.0 0 0 1 0 1 0 -1 0 0 3622.DAT
0 STEP
1 86 1070.0 -576 1500.0 0 0 1 0 1 0 -1 0 0 3004.DAT
0 STEP
1 86 1090.0 -648 1500.0 -1 0 0 0 1 0 0 0 -1 3002.DAT
0 STEP
1 86 1070.0 -744 1500.0 0 0 1 0 1 0 -1 0 0 3004.DAT
0 STEP
1 86 1070.0 -672 1510.0 0 0 1 0 1 0 -1 0 0 3005.DAT
0 STEP
1 18 1140.0 -648 50.0 -1 0 0 0 1 0 0 0 -1 3009.DAT
0 STEP
1 19 1140.0 -648 100.0 -1 0 0 0 1 0 0 0 -1 2456.DAT
0 STEP
1 86 1110.0 -480 770.0 -1 0 0 0 1 0 0 0 -1 3622.DAT
0 STEP
1 86 1120.0 -480 790.0 -1 0 0 0 1 0 0 0 -1 3010.DAT
0 STEP
1 86 1100.0 -480 840.0 0 0 1 0 1 0 -1 0 0 3001.DAT
0 STEP
1 86 1120.0 -528 810.0 -1 0 0 0 1 0 0 0 -1 3010.DAT
0 STEP
1 86 1090.0 -528 830.0 0 0 1 0 1 0 -1 0 0 3005.DAT
0 STEP
1 86 1100.0 -1008 880.0 0 0 1 0 1 0 -1 0 0 3001.DAT
0 STEP
1 86 1090.0 -528 890.0 0 0 1 0 1 0 -1 0 0 3622.DAT
0 STEP
1 86 1140.0 -984 870.0 -1 0 0 0 1 0 0 0 -1 3009.DAT
0 STEP
1 86 1160.0 -480 890.0 -1 0 0 0 1 0 0 0 -1 3008.DAT
0 STEP
1 86 1090.0 -504 910.0 0 0 1 0 1 0 -1 0 0 3005.DAT
0 STEP
1 86 1120.0 -1032 910.0 -1 0 0 0 1 0 0 0 -1 3010.DAT
0 STEP
1 86 1120.0 -528 930.0 -1 0 0 0 1 0 0 0 -1 3010.DAT
0 STEP
1 86 1100.0 -792 940.0 0 0 1 0 1 0 -1 0 0 3003.DAT
0 STEP
1 86 1100.0 -1032 950.0 0 0 1 0 1 0 -1 0 0 3002.DAT
0 STEP
1 86 1090.0 -168 980.0 0 0 1 0 1 0 -1 0 0 3010.DAT
0 STEP
1 86 1090.0 -456 950.0 0 0 1 0 1 0 -1 0 0 3005.DAT
0 STEP
1 86 1100.0 -528 970.0 0 0 1 0 1 0 -1 0 0 3002.DAT
0 STEP
1 86 1090.0 -768 950.0 0 0 1 0 1 0 -1 0 0 3005.DAT
0 STEP
1 86 1090.0 -192 980.0 0 0 1 0 1 0 -1 0 0 3004.DAT
0 STEP
1 86 1100.0 -456 980.0 0 0 1 0 1 0 -1 0 0 3003.DAT
0 STEP
1 86 1120.0 -1008 970.0 -1 0 0 0 1 0 0 0 -1 3010.DAT
0 STEP
1 86 1120.0 -1008 1000.0 -1 0 0 0 1 0 0 0 -1 3001.DAT
0 STEP
1 86 1110.0 -144 1010.0 -1 0 0 0 1 0 0 0 -1 3622.DAT
0 STEP
1 86 1120.0 -528 1020.0 -1 0 0 0 1 0 0 0 -1 3001.DAT
0 STEP
1 86 1090.0 -984 1010.0 0 0 1 0 1 0 -1 0 0 3005.DAT
0 STEP
1 86 1120.0 -480 1040.0 -1 0 0 0 1 0 0 0 -1 3001.DAT
0 STEP
1 86 1120.0 -1008 1040.0 -1 0 0 0 1 0 0 0 -1 3001.DAT
0 STEP
1 86 1090.0 -984 1060.0 0 0 1 0 1 0 -1 0 0 3004.DAT
0 STEP
1 86 1090.0 -480 1090.0 0 0 1 0 1 0 -1 0 0 3622.DAT
0 STEP
1 86 1140.0 -1008 1070.0 -1 0 0 0 1 0 0 0 -1 3009.DAT
0 STEP
1 86 1120.0 -528 1090.0 -1 0 0 0 1 0 0 0 -1 3010.DAT
0 STEP
1 86 1120.0 -984 1090.0 -1 0 0 0 1 0 0 0 -1 3010.DAT
0 STEP
1 86 1090.0 -504 1110.0 0 0 1 0 1 0 -1 0 0 3005.DAT
0 STEP
1 86 1100.0 -528 1130.0 0 0 1 0 1 0 -1 0 0 3002.DAT
0 STEP
1 86 1100.0 -720 1120.0 0 0 1 0 1 0 -1 0 0 3003.DAT
0 STEP
1 86 1090.0 -1008 1140.0 0 0 1 0 1 0 -1 0 0 3010.DAT
0 STEP
1 86 1160.0 -456 1130.0 -1 0 0 0 1 0 0 0 -1 3008.DAT
0 STEP
1 86 1160.0 -504 1130.0 -1 0 0 0 1 0 0 0 -1 3008.DAT
0 STEP
1 86 1100.0 -696 1130.0 -1 0 0 0 1 0 0 0 -1 3004.DAT
0 STEP
1 86 1160.0 -456 1160.0 -1 0 0 0 1 0 0 0 -1 3007.DAT
0 STEP
1 86 1140.0 -504 1150.0 -1 0 0 0 1 0 0 0 -1 3009.DAT
0 STEP
1 86 1110.0 -504 1180.0 -1 0 0 0 1 0 0 0 -1 3002.DAT
0 STEP
1 86 1110.0 -456 1200.0 -1 0 0 0 1 0 0 0 -1 3002.DAT
0 STEP
1 86 1120.0 -528 1190.0 -1 0 0 0 1 0 0 0 -1 3010.DAT
0 STEP
1 86 1140.0 -1008 1190.0 -1 0 0 0 1 0 0 0 -1 3009.DAT
0 STEP
1 86 1110.0 -504 1210.0 -1 0 0 0 1 0 0 0 -1 3622.DAT
0 STEP
1 86 1120.0 -528 1220.0 -1 0 0 0 1 0 0 0 -1 3001.DAT
0 STEP
1 86 1090.0 -1032 1230.0 0 0 1 0 1 0 -1 0 0 3005.DAT
0 STEP
1 86 1110.0 -504 1260.0 -1 0 0 0 1 0 0 0 -1 3002.DAT
0 STEP
1 86 1090.0 -648 1250.0 0 0 1 0 1 0 -1 0 0 3005.DAT
0 STEP
1 86 1160.0 -1032 1250.0 -1 0 0 0 1 0 0 0 -1 3008.DAT
0 STEP
1 86 1090.0 -528 1270.0 0 0 1 0 1 0 -1 0 0 3005.DAT
0 STEP
1 86 1090.0 -672 1300.0 0 0 1 0 1 0 -1 0 0 3010.DAT
0 STEP
1 86 1090.0 -600 1290.0 0 0 1 0 1 0 -1 0 0 3005.DAT
0 STEP
1 86 1090.0 -600 1340.0 0 0 1 0 1 0 -1 0 0 3010.DAT
0 STEP
1 86 1090.0 -576 1440.0 0 0 1 0 1 0 -1 0 0 3009.DAT
0 STEP
1 86 1090.0 -600 1390.0 0 0 1 0 1 0 -1 0 0 3005.DAT
0 STEP
1 86 1090.0 -624 1420.0 0 0 1 0 1 0 -1 0 0 3010.DAT
0 STEP
1 86 1090.0 -696 1460.0 0 0 1 0 1 0 -1 0 0 3009.DAT
0 STEP
1 86 1090.0 -600 1460.0 0 0 1 0 1 0 -1 0 0 3004.DAT
0 STEP
1 86 1090.0 -672 1490.0 0 0 1 0 1 0 -1 0 0 3622.DAT
0 STEP
1 86 1100.0 -600 1500.0 0 0 1 0 1 0 -1 0 0 3003.DAT
0 STEP
1 86 1100.0 -576 1510.0 -1 0 0 0 1 0 0 0 -1 3004.DAT
0 STEP
1 86 1090.0 -744 1510.0 0 0 1 0 1 0 -1 0 0 3005.DAT
0 STEP
1 86 1120.0 -648 1550.0 -1 0 0 0 1 0 0 0 -1 3010.DAT
0 STEP
1 86 1140.0 -456 780.0 -1 0 0 0 1 0 0 0 -1 3001.DAT
0 STEP
1 86 1140.0 -504 780.0 -1 0 0 0 1 0 0 0 -1 3001.DAT
0 STEP
1 86 1140.0 -456 810.0 -1 0 0 0 1 0 0 0 -1 3010.DAT
0 STEP
1 86 1140.0 -504 820.0 -1 0 0 0 1 0 0 0 -1 3001.DAT
0 STEP
1 86 1110.0 -456 830.0 0 0 1 0 1 0 -1 0 0 3005.DAT
0 STEP
1 86 1120.0 -528 860.0 0 0 1 0 1 0 -1 0 0 3001.DAT
0 STEP
1 86 1160.0 -1032 860.0 -1 0 0 0 1 0 0 0 -1 2456.DAT
0 STEP
1 86 1130.0 -456 880.0 -1 0 0 0 1 0 0 0 -1 3002.DAT
0 STEP
1 86 1110.0 -504 920.0 0 0 1 0 1 0 -1 0 0 3010.DAT
0 STEP
1 86 1120.0 -480 940.0 0 0 1 0 1 0 -1 0 0 3001.DAT
0 STEP
1 86 1130.0 -528 910.0 -1 0 0 0 1 0 0 0 -1 3622.DAT
0 STEP
1 86 1110.0 -456 930.0 0 0 1 0 1 0 -1 0 0 3005.DAT
0 STEP
1 86 1120.0 -816 940.0 0 0 1 0 1 0 -1 0 0 3003.DAT
0 STEP
1 86 1160.0 -456 950.0 -1 0 0 0 1 0 0 0 -1 3009.DAT
0 STEP
1 86 1110.0 -168 970.0 0 0 1 0 1 0 -1 0 0 3005.DAT
0 STEP
1 86 1140.0 -192 980.0 -1 0 0 0 1 0 0 0 -1 3001.DAT
0 STEP
1 86 1110.0 -168 1020.0 0 0 1 0 1 0 -1 0 0 3010.DAT
0 STEP
1 86 1130.0 -312 1000.0 -1 0 0 0 1 0 0 0 -1 3002.DAT
0 STEP
1 86 1120.0 -384 990.0 -1 0 0 0 1 0 0 0 -1 3004.DAT
0 STEP
1 86 1110.0 -408 1060.0 0 0 1 0 1 0 -1 0 0 3008.DAT
0 STEP
1 86 1120.0 -432 990.0 -1 0 0 0 1 0 0 0 -1 3004.DAT
0 STEP
1 86 1110.0 -984 990.0 0 0 1 0 1 0 -1 0 0 3005.DAT
0 STEP
1 86 1120.0 -216 1030.0 0 0 1 0 1 0 -1 0 0 3002.DAT
0 STEP
1 86 1110.0 -240 1010.0 0 0 1 0 1 0 -1 0 0 3005.DAT
0 STEP
1 86 1140.0 -264 1010.0 -1 0 0 0 1 0 0 0 -1 3010.DAT
0 STEP
1 86 1110.0 -288 1040.0 0 0 1 0 1 0 -1 0 0 3010.DAT
0 STEP
1 86 1110.0 -336 1040.0 0 0 1 0 1 0 -1 0 0 3010.DAT
0 STEP
1 86 1110.0 -360 1010.0 0 0 1 0 1 0 -1 0 0 3005.DAT
0 STEP
1 86 1110.0 -384 1060.0 0 0 1 0 1 0 -1 0 0 3009.DAT
0 STEP
1 86 1110.0 -432 1010.0 0 0 1 0 1 0 -1 0 0 3005.DAT
0 STEP
1 86 1110.0 -504 1060.0 0 0 1 0 1 0 -1 0 0 3009.DAT
0 STEP
1 86 1110.0 -984 1040.0 0 0 1 0 1 0 -1 0 0 3010.DAT
0 STEP
1 86 1110.0 -1032 1060.0 0 0 1 0 1 0 -1 0 0 3009.DAT
0 STEP
1 86 1120.0 -144 1030.0 -1 0 0 0 1 0 0 0 -1 3004.DAT
0 STEP
1 86 1140.0 -192 1040.0 -1 0 0 0 1 0 0 0 -1 3001.DAT
0 STEP
1 86 1130.0 -240 1030.0 -1 0 0 0 1 0 0 0 -1 3622.DAT
0 STEP
1 86 1140.0 -264 1040.0 -1 0 0 0 1 0 0 0 -1 3001.DAT
0 STEP
1 86 1140.0 -312 1040.0 -1 0 0 0 1 0 0 0 -1 3001.DAT
0 STEP
1 86 1110.0 -360 1060.0 0 0 1 0 1 0 -1 0 0 3010.DAT
0 STEP
1 86 1110.0 -432 1080.0 0 0 1 0 1 0 -1 0 0 3009.DAT
0 STEP
1 86 1120.0 -48 1070.0 0 0 1 0 1 0 -1 0 0 3002.DAT
0 STEP
1 86 1110.0 -72 1050.0 0 0 1 0 1 0 -1 0 0 3005.DAT
0 STEP
1 86 1110.0 -96 1080.0 0 0 1 0 1 0 -1 0 0 3010.DAT
0 STEP
1 86 1140.0 -120 1060.0 -1 0 0 0 1 0 0 0 -1 3001.DAT
0 STEP
1 86 1110.0 -144 1080.0 0 0 1 0 1 0 -1 0 0 3010.DAT
0 STEP
1 86 1120.0 -240 1080.0 0 0 1 0 1 0 -1 0 0 3001.DAT
0 STEP
1 86 1110.0 -24 1070.0 0 0 1 0 1 0 -1 0 0 3005.DAT
0 STEP
1 86 1140.0 -72 1070.0 -1 0 0 0 1 0 0 0 -1 3010.DAT
0 STEP
1 86 1140.0 -168 1070.0 -1 0 0 0 1 0 0 0 -1 3010.DAT
0 STEP
1 86 1120.0 -192 1090.0 0 0 1 0 1 0 -1 0 0 3002.DAT
0 STEP
1 86 1140.0 -216 1080.0 -1 0 0 0 1 0 0 0 -1 3001.DAT
0 STEP
1 86 1140.0 -264 1070.0 -1 0 0 0 1 0 0 0 -1 3010.DAT
0 STEP
1 86 1110.0 -312 1070.0 0 0 1 0 1 0 -1 0 0 3005.DAT
0 STEP
1 86 1140.0 -480 1070.0 -1 0 0 0 1 0 0 0 -1 3010.DAT
0 STEP
1 86 1140.0 -72 1100.0 -1 0 0 0 1 0 0 0 -1 3001.DAT
0 STEP
1 86 1140.0 -120 1090.0 -1 0 0 0 1 0 0 0 -1 3010.DAT
0 STEP
1 86 1130.0 -168 1100.0 -1 0 0 0 1 0 0 0 -1 3002.DAT
0 STEP
1 86 1130.0 -264 1090.0 -1 0 0 0 1 0 0 0 -1 3622.DAT
0 STEP
1 86 1120.0 -480 1180.0 0 0 1 0 1 0 -1 0 0 3006.DAT
0 STEP
1 86 1120.0 -120 1110.0 -1 0 0 0 1 0 0 0 -1 3004.DAT
0 STEP
1 86 1130.0 -216 1110.0 -1 0 0 0 1 0 0 0 -1 3622.DAT
0 STEP
1 86 1120.0 -744 1110.0 -1 0 0 0 1 0 0 0 -1 3004.DAT
0 STEP
1 86 1110.0 -1008 1110.0 0 0 1 0 1 0 -1 0 0 3005.DAT
0 STEP
1 86 1110.0 -744 1130.0 0 0 1 0 1 0 -1 0 0 3005.DAT
0 STEP
1 86 1140.0 -1008 1130.0 -1 0 0 0 1 0 0 0 -1 3010.DAT
0 STEP
1 86 1110.0 -1008 1150.0 0 0 1 0 1 0 -1 0 0 3005.DAT
0 STEP
1 86 1110.0 -1032 1150.0 0 0 1 0 1 0 -1 0 0 3005.DAT
0 STEP
1 86 1110.0 -984 1200.0 0 0 1 0 1 0 -1 0 0 3010.DAT
0 STEP
1 86 1140.0 -1008 1170.0 -1 0 0 0 1 0 0 0 -1 3010.DAT
0 STEP
1 86 1110.0 -1032 1200.0 0 0 1 0 1 0 -1 0 0 3010.DAT
0 STEP
1 86 1110.0 -1008 1210.0 0 0 1 0 1 0 -1 0 0 3005.DAT
0 STEP
1 86 1110.0 -1008 1260.0 0 0 1 0 1 0 -1 0 0 3010.DAT
0 STEP
1 86 1140.0 -528 1280.0 -1 0 0 0 1 0 0 0 -1 3001.DAT
0 STEP
1 86 1140.0 -456 1290.0 -1 0 0 0 1 0 0 0 -1 3010.DAT
0 STEP
1 86 1110.0 -480 1290.0 0 0 1 0 1 0 -1 0 0 3005.DAT
0 STEP
1 86 1120.0 -504 1290.0 -1 0 0 0 1 0 0 0 -1 3004.DAT
0 STEP
1 86 1120.0 -984 1330.0 0 0 1 0 1 0 -1 0 0 3002.DAT
0 STEP
1 86 1110.0 -1008 1310.0 0 0 1 0 1 0 -1 0 0 3005.DAT
0 STEP
1 86 1110.0 -624 1500.0 0 0 1 0 1 0 -1 0 0 3004.DAT
0 STEP
1 86 1110.0 -672 1510.0 0 0 1 0 1 0 -1 0 0 3005.DAT
0 STEP
1 86 1130.0 -480 840.0 0 0 1 0 1 0 -1 0 0 3010.DAT
0 STEP
1 86 1140.0 -456 840.0 0 0 1 0 1 0 -1 0 0 3003.DAT
0 STEP
1 86 1160.0 -192 860.0 -1 0 0 0 1 0 0 0 -1 3001.DAT
0 STEP
1 86 1130.0 -216 850.0 0 0 1 0 1 0 -1 0 0 3005.DAT
0 STEP
1 86 1160.0 -504 850.0 -1 0 0 0 1 0 0 0 -1 3010.DAT
0 STEP
1 86 1140.0 -1008 880.0 0 0 1 0 1 0 -1 0 0 3001.DAT
0 STEP
1 86 1140.0 -96 870.0 -1 0 0 0 1 0 0 0 -1 3004.DAT
0 STEP
1 86 1140.0 -120 940.0 0 0 1 0 1 0 -1 0 0 3007.DAT
0 STEP
1 86 1160.0 -144 880.0 -1 0 0 0 1 0 0 0 -1 3001.DAT
0 STEP
1 86 1130.0 -168 940.0 0 0 1 0 1 0 -1 0 0 3008.DAT
0 STEP
1 86 1130.0 -216 920.0 0 0 1 0 1 0 -1 0 0 3009.DAT
0 STEP
1 86 1160.0 -240 870.0 -1 0 0 0 1 0 0 0 -1 3010.DAT
0 STEP
1 86 1130.0 -264 870.0 0 0 1 0 1 0 -1 0 0 3005.DAT
0 STEP
1 86 1140.0 -24 910.0 0 0 1 0 1 0 -1 0 0 3002.DAT
0 STEP
1 86 1130.0 -48 960.0 0 0 1 0 1 0 -1 0 0 3008.DAT
0 STEP
1 86 1150.0 -72 890.0 -1 0 0 0 1 0 0 0 -1 3622.DAT
0 STEP
1 86 1130.0 -96 940.0 0 0 1 0 1 0 -1 0 0 3009.DAT
0 STEP
1 86 1160.0 -192 900.0 -1 0 0 0 1 0 0 0 -1 3001.DAT
0 STEP
1 86 1140.0 -240 910.0 0 0 1 0 1 0 -1 0 0 3002.DAT
0 STEP
1 86 1130.0 -264 920.0 0 0 1 0 1 0 -1 0 0 3010.DAT
0 STEP
1 86 1130.0 -288 890.0 0 0 1 0 1 0 -1 0 0 3005.DAT
0 STEP
1 86 1130.0 -504 940.0 0 0 1 0 1 0 -1 0 0 3009.DAT
0 STEP
1 86 1140.0 -72 940.0 0 0 1 0 1 0 -1 0 0 3001.DAT
0 STEP
1 86 1160.0 -144 920.0 -1 0 0 0 1 0 0 0 -1 3001.DAT
0 STEP
1 86 1130.0 -288 940.0 0 0 1 0 1 0 -1 0 0 3010.DAT
0 STEP
1 86 1130.0 -312 910.0 0 0 1 0 1 0 -1 0 0 3005.DAT
0 STEP
1 86 1130.0 -408 920.0 0 0 1 0 1 0 -1 0 0 3004.DAT
0 STEP
1 86 1130.0 -432 940.0 0 0 1 0 1 0 -1 0 0 3010.DAT
0 STEP
1 86 1130.0 0 930.0 0 0 1 0 1 0 -1 0 0 3005.DAT
0 STEP
1 86 1160.0 -192 930.0 -1 0 0 0 1 0 0 0 -1 3010.DAT
0 STEP
1 86 1150.0 -312 930.0 -1 0 0 0 1 0 0 0 -1 3622.DAT
0 STEP
1 86 1130.0 -336 960.0 0 0 1 0 1 0 -1 0 0 3010.DAT
0 STEP
1 86 1130.0 -360 930.0 0 0 1 0 1 0 -1 0 0 3005.DAT
0 STEP
1 86 1130.0 -384 950.0 0 0 1 0 1 0 -1 0 0 3622.DAT
0 STEP
1 86 1180.0 -456 930.0 -1 0 0 0 1 0 0 0 -1 3009.DAT
0 STEP
1 86 1140.0 -840 940.0 0 0 1 0 1 0 -1 0 0 3003.DAT
0 STEP
1 86 1140.0 -1032 930.0 -1 0 0 0 1 0 0 0 -1 3004.DAT
0 STEP
1 86 1130.0 0 1000.0 0 0 1 0 1 0 -1 0 0 3009.DAT
0 STEP
1 86 1160.0 -24 960.0 -1 0 0 0 1 0 0 0 -1 3001.DAT
0 STEP
1 86 1150.0 -144 950.0 -1 0 0 0 1 0 0 0 -1 3622.DAT
0 STEP
1 86 1150.0 -192 950.0 -1 0 0 0 1 0 0 0 -1 3622.DAT
0 STEP
1 86 1140.0 -240 980.0 0 0 1 0 1 0 -1 0 0 3001.DAT
0 STEP
1 86 1140.0 -312 960.0 0 0 1 0 1 0 -1 0 0 3003.DAT
0 STEP
1 86 1130.0 -360 980.0 0 0 1 0 1 0 -1 0 0 3010.DAT
0 STEP
1 86 1130.0 -408 970.0 0 0 1 0 1 0 -1 0 0 3622.DAT
0 STEP
1 86 1140.0 -528 970.0 0 0 1 0 1 0 -1 0 0 3002.DAT
0 STEP
1 86 1130.0 -984 1000.0 0 0 1 0 1 0 -1 0 0 3009.DAT
0 STEP
1 86 1130.0 -1032 980.0 0 0 1 0 1 0 -1 0 0 3010.DAT
0 STEP
1 86 1150.0 -264 980.0 -1 0 0 0 1 0 0 0 -1 3002.DAT
0 STEP
1 86 1180.0 -456 970.0 -1 0 0 0 1 0 0 0 -1 3009.DAT
0 STEP
1 86 1150.0 -24 1000.0 -1 0 0 0 1 0 0 0 -1 3002.DAT
0 STEP
1 86 1130.0 -72 1020.0 0 0 1 0 1 0 -1 0 0 3010.DAT
0 STEP
1 86 1130.0 -216 990.0 0 0 1 0 1 0 -1 0 0 3005.DAT
0 STEP
1 86 1140.0 -288 1020.0 0 0 1 0 1 0 -1 0 0 3001.DAT
0 STEP
1 86 1130.0 -456 1020.0 0 0 1 0 1 0 -1 0 0 3010.DAT
0 STEP
1 86 1150.0 -96 1020.0 -1 0 0 0 1 0 0 0 -1 3002.DAT
0 STEP
1 86 1150.0 -192 1010.0 -1 0 0 0 1 0 0 0 -1 3622.DAT
0 STEP
1 86 1130.0 -336 1010.0 0 0 1 0 1 0 -1 0 0 3005.DAT
0 STEP
1 86 1130.0 -504 1040.0 0 0 1 0 1 0 -1 0 0 3010.DAT
0 STEP
1 86 1150.0 -24 1030.0 -1 0 0 0 1 0 0 0 -1 3622.DAT
0 STEP
1 86 1140.0 -120 1030.0 -1 0 0 0 1 0 0 0 -1 3004.DAT
0 STEP
1 86 1150.0 -168 1040.0 -1 0 0 0 1 0 0 0 -1 3002.DAT
0 STEP
1 86 1130.0 -1032 1100.0 0 0 1 0 1 0 -1 0 0 3008.DAT
0 STEP
1 86 1150.0 -24 1060.0 -1 0 0 0 1 0 0 0 -1 3002.DAT
0 STEP
1 86 1150.0 -96 1050.0 -1 0 0 0 1 0 0 0 -1 3622.DAT
0 STEP
1 86 1130.0 -144 1050.0 0 0 1 0 1 0 -1 0 0 3005.DAT
0 STEP
1 86 1140.0 -96 1090.0 0 0 1 0 1 0 -1 0 0 3002.DAT
0 STEP
1 86 1130.0 -144 1100.0 0 0 1 0 1 0 -1 0 0 3010.DAT
0 STEP
1 86 1130.0 -288 1070.0 0 0 1 0 1 0 -1 0 0 3005.DAT
0 STEP
1 86 1140.0 -456 1070.0 -1 0 0 0 1 0 0 0 -1 3004.DAT
0 STEP
1 86 1140.0 -984 1070.0 -1 0 0 0 1 0 0 0 -1 3004.DAT
0 STEP
1 86 1150.0 -504 1100.0 -1 0 0 0 1 0 0 0 -1 3002.DAT
0 STEP
1 86 1130.0 -528 1140.0 0 0 1 0 1 0 -1 0 0 3010.DAT
0 STEP
1 86 1140.0 -768 1110.0 -1 0 0 0 1 0 0 0 -1 3004.DAT
0 STEP
1 86 1130.0 -792 1110.0 0 0 1 0 1 0 -1 0 0 3005.DAT
0 STEP
1 86 1200.0 -1008 1110.0 -1 0 0 0 1 0 0 0 -1 3008.DAT
0 STEP
1 86 1140.0 -168 1130.0 -1 0 0 0 1 0 0 0 -1 3004.DAT
0 STEP
1 86 1160.0 -1008 1150.0 -1 0 0 0 1 0 0 0 -1 3010.DAT
0 STEP
1 86 1130.0 -984 1170.0 0 0 1 0 1 0 -1 0 0 3005.DAT
0 STEP
1 86 1140.0 -984 1210.0 0 0 1 0 1 0 -1 0 0 3002.DAT
0 STEP
1 86 1130.0 -1032 1210.0 0 0 1 0 1 0 -1 0 0 3622.DAT
0 STEP
1 86 1140.0 -1008 1240.0 0 0 1 0 1 0 -1 0 0 3001.DAT
0 STEP
1 86 1130.0 -456 1230.0 0 0 1 0 1 0 -1 0 0 3005.DAT
0 STEP
1 86 1130.0 -504 1230.0 0 0 1 0 1 0 -1 0 0 3005.DAT
0 STEP
1 86 1130.0 -984 1250.0 0 0 1 0 1 0 -1 0 0 3005.DAT
0 STEP
1 86 1180.0 -1032 1280.0 -1 0 0 0 1 0 0 0 -1 2456.DAT
0 STEP
1 86 1180.0 -480 1290.0 -1 0 0 0 1 0 0 0 -1 3009.DAT
0 STEP
1 86 1160.0 -1008 1300.0 -1 0 0 0 1 0 0 0 -1 3001.DAT
0 STEP
1 14 1150.0 -648 170.0 0 0 1 0 1 0 -1 0 0 3005.DAT
0 STEP
1 86 1180.0 -480 770.0 -1 0 0 0 1 0 0 0 -1 3010.DAT
0 STEP
1 86 1150.0 -528 780.0 0 0 1 0 1 0 -1 0 0 3004.DAT
0 STEP
1 86 1150.0 -480 830.0 0 0 1 0 1 0 -1 0 0 3622.DAT
0 STEP
1 86 1150.0 -528 840.0 0 0 1 0 1 0 -1 0 0 3004.DAT
0 STEP
1 86 1150.0 -96 850.0 0 0 1 0 1 0 -1 0 0 3005.DAT
0 STEP
1 86 1150.0 -120 850.0 0 0 1 0 1 0 -1 0 0 3005.DAT
0 STEP
1 86 1170.0 -144 850.0 -1 0 0 0 1 0 0 0 -1 3622.DAT
0 STEP
1 86 1150.0 -168 920.0 0 0 1 0 1 0 -1 0 0 3008.DAT
0 STEP
1 86 1160.0 -216 870.0 0 0 1 0 1 0 -1 0 0 3002.DAT
0 STEP
1 86 1150.0 -48 890.0 0 0 1 0 1 0 -1 0 0 3622.DAT
0 STEP
1 86 1160.0 -72 870.0 -1 0 0 0 1 0 0 0 -1 3004.DAT
0 STEP
1 86 1170.0 -264 880.0 -1 0 0 0 1 0 0 0 -1 3002.DAT
0 STEP
1 86 1180.0 -480 870.0 -1 0 0 0 1 0 0 0 -1 3010.DAT
0 STEP
1 86 1180.0 -528 870.0 -1 0 0 0 1 0 0 0 -1 3010.DAT
0 STEP
1 86 1150.0 -96 890.0 0 0 1 0 1 0 -1 0 0 3005.DAT
0 STEP
1 86 1160.0 -288 920.0 0 0 1 0 1 0 -1 0 0 3001.DAT
0 STEP
1 86 1150.0 -504 890.0 0 0 1 0 1 0 -1 0 0 3005.DAT
0 STEP
1 86 1150.0 -528 890.0 0 0 1 0 1 0 -1 0 0 3005.DAT
0 STEP
1 86 1170.0 -96 910.0 -1 0 0 0 1 0 0 0 -1 3622.DAT
0 STEP
1 86 1160.0 -216 980.0 0 0 1 0 1 0 -1 0 0 3007.DAT
0 STEP
1 86 1170.0 -264 910.0 -1 0 0 0 1 0 0 0 -1 3622.DAT
0 STEP
1 86 1150.0 -480 960.0 0 0 1 0 1 0 -1 0 0 3009.DAT
0 STEP
1 86 1180.0 -504 910.0 -1 0 0 0 1 0 0 0 -1 3010.DAT
0 STEP
1 86 1150.0 0 950.0 0 0 1 0 1 0 -1 0 0 3622.DAT
0 STEP
1 86 1160.0 -48 930.0 -1 0 0 0 1 0 0 0 -1 3004.DAT
0 STEP
1 86 1170.0 -96 940.0 -1 0 0 0 1 0 0 0 -1 3002.DAT
0 STEP
1 86 1160.0 -264 940.0 0 0 1 0 1 0 -1 0 0 3003.DAT
0 STEP
1 86 1180.0 -504 940.0 -1 0 0 0 1 0 0 0 -1 3001.DAT
0 STEP
1 86 1150.0 -864 930.0 0 0 1 0 1 0 -1 0 0 3005.DAT
0 STEP
1 86 1160.0 -48 1020.0 0 0 1 0 1 0 -1 0 0 3007.DAT
0 STEP
1 86 1160.0 -864 950.0 -1 0 0 0 1 0 0 0 -1 3004.DAT
0 STEP
1 86 1180.0 -984 950.0 -1 0 0 0 1 0 0 0 -1 3010.DAT
0 STEP
1 86 1160.0 -1032 950.0 -1 0 0 0 1 0 0 0 -1 3004.DAT
0 STEP
1 86 1160.0 -96 980.0 0 0 1 0 1 0 -1 0 0 3003.DAT
0 STEP
1 86 1160.0 -288 970.0 -1 0 0 0 1 0 0 0 -1 3004.DAT
0 STEP
1 86 1180.0 -504 980.0 -1 0 0 0 1 0 0 0 -1 3001.DAT
0 STEP
1 86 1150.0 -984 1000.0 0 0 1 0 1 0 -1 0 0 3010.DAT
0 STEP
1 86 1150.0 -1032 1000.0 0 0 1 0 1 0 -1 0 0 3010.DAT
0 STEP
1 86 1150.0 0 1020.0 0 0 1 0 1 0 -1 0 0 3010.DAT
0 STEP
1 86 1150.0 -72 1010.0 0 0 1 0 1 0 -1 0 0 3622.DAT
0 STEP
1 86 1150.0 -456 990.0 0 0 1 0 1 0 -1 0 0 3005.DAT
0 STEP
1 86 1160.0 -144 1010.0 -1 0 0 0 1 0 0 0 -1 3004.DAT
0 STEP
1 86 1150.0 -168 1010.0 0 0 1 0 1 0 -1 0 0 3005.DAT
0 STEP
1 86 1180.0 -456 1020.0 -1 0 0 0 1 0 0 0 -1 3001.DAT
0 STEP
1 86 1180.0 -504 1010.0 -1 0 0 0 1 0 0 0 -1 3010.DAT
0 STEP
1 86 1160.0 -144 1060.0 0 0 1 0 1 0 -1 0 0 3001.DAT
0 STEP
1 86 1180.0 -504 1040.0 -1 0 0 0 1 0 0 0 -1 3001.DAT
0 STEP
1 86 1160.0 -72 1050.0 -1 0 0 0 1 0 0 0 -1 3004.DAT
0 STEP
1 86 1150.0 -240 1080.0 0 0 1 0 1 0 -1 0 0 3010.DAT
0 STEP
1 86 1180.0 -456 1050.0 -1 0 0 0 1 0 0 0 -1 3010.DAT
0 STEP
1 86 1150.0 -528 1060.0 0 0 1 0 1 0 -1 0 0 3004.DAT
0 STEP
1 86 1150.0 -984 1050.0 0 0 1 0 1 0 -1 0 0 3005.DAT
0 STEP
1 86 1150.0 -1032 1100.0 0 0 1 0 1 0 -1 0 0 3009.DAT
0 STEP
1 86 1150.0 -192 1100.0 0 0 1 0 1 0 -1 0 0 3010.DAT
0 STEP
1 86 1150.0 -288 1080.0 0 0 1 0 1 0 -1 0 0 3004.DAT
0 STEP
1 86 1180.0 -504 1070.0 -1 0 0 0 1 0 0 0 -1 3010.DAT
0 STEP
1 86 1150.0 -456 1090.0 0 0 1 0 1 0 -1 0 0 3005.DAT
0 STEP
1 86 1160.0 -480 1140.0 0 0 1 0 1 0 -1 0 0 2456.DAT
0 STEP
1 86 1160.0 -792 1100.0 0 0 1 0 1 0 -1 0 0 3003.DAT
0 STEP
1 86 1160.0 -816 1100.0 0 0 1 0 1 0 -1 0 0 3003.DAT
0 STEP
1 86 1220.0 -1008 1090.0 -1 0 0 0 1 0 0 0 -1 3008.DAT
0 STEP
1 86 1150.0 -120 1120.0 0 0 1 0 1 0 -1 0 0 3004.DAT
0 STEP
1 86 1160.0 -144 1110.0 -1 0 0 0 1 0 0 0 -1 3004.DAT
0 STEP
1 86 1180.0 -528 1110.0 -1 0 0 0 1 0 0 0 -1 3010.DAT
0 STEP
1 86 1150.0 -984 1140.0 0 0 1 0 1 0 -1 0 0 3010.DAT
0 STEP
1 86 1150.0 -144 1130.0 0 0 1 0 1 0 -1 0 0 3005.DAT
0 STEP
1 86 1150.0 -528 1150.0 0 0 1 0 1 0 -1 0 0 3622.DAT
0 STEP
1 86 1180.0 -504 1170.0 -1 0 0 0 1 0 0 0 -1 3010.DAT
0 STEP
1 86 1150.0 -1032 1200.0 0 0 1 0 1 0 -1 0 0 3010.DAT
0 STEP
1 86 1150.0 -456 1220.0 0 0 1 0 1 0 -1 0 0 3010.DAT
0 STEP
1 86 1150.0 -504 1240.0 0 0 1 0 1 0 -1 0 0 3009.DAT
0 STEP
1 86 1220.0 -480 1210.0 -1 0 0 0 1 0 0 0 -1 3008.DAT
0 STEP
1 86 1150.0 -480 1230.0 0 0 1 0 1 0 -1 0 0 3005.DAT
0 STEP
1 86 1180.0 -480 1260.0 -1 0 0 0 1 0 0 0 -1 3001.DAT
0 STEP
1 86 1150.0 -984 1280.0 0 0 1 0 1 0 -1 0 0 3010.DAT
0 STEP
1 86 1160.0 -1032 1330.0 0 0 1 0 1 0 -1 0 0 3002.DAT
0 STEP
1 86 1150.0 -984 1330.0 0 0 1 0 1 0 -1 0 0 3005.DAT
0 STEP
1 86 1180.0 -984 1350.0 -1 0 0 0 1 0 0 0 -1 3010.DAT
0 STEP
1 86 1170.0 -528 800.0 0 0 1 0 1 0 -1 0 0 3010.DAT
0 STEP
1 86 1170.0 -480 820.0 0 0 1 0 1 0 -1 0 0 3010.DAT
0 STEP
1 86 1170.0 -456 860.0 0 0 1 0 1 0 -1 0 0 3010.DAT
0 STEP
1 86 1170.0 -120 900.0 0 0 1 0 1 0 -1 0 0 3009.DAT
0 STEP
1 86 1170.0 -168 870.0 0 0 1 0 1 0 -1 0 0 3622.DAT
0 STEP
1 86 1170.0 -528 850.0 0 0 1 0 1 0 -1 0 0 3005.DAT
0 STEP
1 86 1170.0 -984 850.0 0 0 1 0 1 0 -1 0 0 3005.DAT
0 STEP
1 86 1180.0 -1008 880.0 0 0 1 0 1 0 -1 0 0 3001.DAT
0 STEP
1 86 1180.0 -96 880.0 0 0 1 0 1 0 -1 0 0 3003.DAT
0 STEP
1 86 1190.0 -504 880.0 -1 0 0 0 1 0 0 0 -1 3002.DAT
0 STEP
1 86 1170.0 -48 900.0 0 0 1 0 1 0 -1 0 0 3004.DAT
0 STEP
1 86 1170.0 -240 940.0 0 0 1 0 1 0 -1 0 0 3009.DAT
0 STEP
1 86 1200.0 -528 890.0 -1 0 0 0 1 0 0 0 -1 3010.DAT
0 STEP
1 86 1180.0 -24 920.0 0 0 1 0 1 0 -1 0 0 3003.DAT
0 STEP
1 86 1170.0 -72 960.0 0 0 1 0 1 0 -1 0 0 3009.DAT
0 STEP
1 86 1170.0 -168 960.0 0 0 1 0 1 0 -1 0 0 3009.DAT
0 STEP
1 86 1170.0 -456 910.0 0 0 1 0 1 0 -1 0 0 3005.DAT
0 STEP
1 86 1170.0 -480 980.0 0 0 1 0 1 0 -1 0 0 3008.DAT
0 STEP
1 86 1170.0 -528 980.0 0 0 1 0 1 0 -1 0 0 3008.DAT
0 STEP
1 86 1170.0 -1032 920.0 0 0 1 0 1 0 -1 0 0 3004.DAT
0 STEP
1 86 1170.0 0 960.0 0 0 1 0 1 0 -1 0 0 3010.DAT
0 STEP
1 86 1180.0 -1008 950.0 0 0 1 0 1 0 -1 0 0 3002.DAT
0 STEP
1 86 1170.0 -312 980.0 0 0 1 0 1 0 -1 0 0 3010.DAT
0 STEP
1 86 1180.0 -888 950.0 -1 0 0 0 1 0 0 0 -1 3004.DAT
0 STEP
1 86 1170.0 -120 1000.0 0 0 1 0 1 0 -1 0 0 3010.DAT
0 STEP
1 86 1170.0 -984 990.0 0 0 1 0 1 0 -1 0 0 3622.DAT
0 STEP
1 86 1200.0 -1032 980.0 -1 0 0 0 1 0 0 0 -1 3001.DAT
0 STEP
1 86 1170.0 -288 990.0 0 0 1 0 1 0 -1 0 0 3005.DAT
0 STEP
1 86 1200.0 -456 990.0 -1 0 0 0 1 0 0 0 -1 3010.DAT
0 STEP
1 86 1180.0 -1008 1020.0 0 0 1 0 1 0 -1 0 0 3001.DAT
0 STEP
1 86 1170.0 0 1030.0 0 0 1 0 1 0 -1 0 0 3622.DAT
0 STEP
1 86 1170.0 -240 1040.0 0 0 1 0 1 0 -1 0 0 3010.DAT
0 STEP
1 86 1170.0 -288 1040.0 0 0 1 0 1 0 -1 0 0 3010.DAT
0 STEP
1 86 1170.0 -1032 1040.0 0 0 1 0 1 0 -1 0 0 3010.DAT
0 STEP
1 86 1170.0 -72 1030.0 0 0 1 0 1 0 -1 0 0 3005.DAT
0 STEP
1 86 1170.0 -984 1060.0 0 0 1 0 1 0 -1 0 0 3010.DAT
0 STEP
1 86 1170.0 -96 1090.0 0 0 1 0 1 0 -1 0 0 3622.DAT
0 STEP
1 86 1170.0 -192 1080.0 0 0 1 0 1 0 -1 0 0 3004.DAT
0 STEP
1 86 1170.0 -456 1080.0 0 0 1 0 1 0 -1 0 0 3004.DAT
0 STEP
1 86 1170.0 -528 1080.0 0 0 1 0 1 0 -1 0 0 3004.DAT
0 STEP
1 86 1170.0 -168 1090.0 0 0 1 0 1 0 -1 0 0 3005.DAT
0 STEP
1 86 1180.0 -840 1090.0 -1 0 0 0 1 0 0 0 -1 3004.DAT
0 STEP
1 86 1170.0 -1032 1160.0 0 0 1 0 1 0 -1 0 0 3008.DAT
0 STEP
1 86 1170.0 -120 1110.0 0 0 1 0 1 0 -1 0 0 3005.DAT
0 STEP
1 86 1200.0 -984 1120.0 -1 0 0 0 1 0 0 0 -1 3001.DAT
0 STEP
1 86 1170.0 -528 1180.0 0 0 1 0 1 0 -1 0 0 3009.DAT
0 STEP
1 86 1170.0 -984 1220.0 0 0 1 0 1 0 -1 0 0 3008.DAT
0 STEP
1 86 1200.0 -456 1190.0 -1 0 0 0 1 0 0 0 -1 3010.DAT
0 STEP
1 86 1200.0 -504 1190.0 -1 0 0 0 1 0 0 0 -1 3010.DAT
0 STEP
1 86 1170.0 -456 1240.0 0 0 1 0 1 0 -1 0 0 3010.DAT
0 STEP
1 86 1170.0 -504 1210.0 0 0 1 0 1 0 -1 0 0 3005.DAT
0 STEP
1 86 1200.0 -1008 1210.0 -1 0 0 0 1 0 0 0 -1 3010.DAT
0 STEP
1 86 1200.0 -480 1230.0 -1 0 0 0 1 0 0 0 -1 3010.DAT
0 STEP
1 86 1170.0 -504 1260.0 0 0 1 0 1 0 -1 0 0 3010.DAT
0 STEP
1 86 1170.0 -1008 1230.0 0 0 1 0 1 0 -1 0 0 3005.DAT
0 STEP
1 86 1190.0 -1008 1260.0 -1 0 0 0 1 0 0 0 -1 3002.DAT
0 STEP
1 86 1170.0 -984 1320.0 0 0 1 0 1 0 -1 0 0 3004.DAT
0 STEP
1 86 1190.0 -456 840.0 0 0 1 0 1 0 -1 0 0 3008.DAT
0 STEP
1 86 1200.0 -504 800.0 0 0 1 0 1 0 -1 0 0 3001.DAT
0 STEP
1 86 1220.0 -528 780.0 -1 0 0 0 1 0 0 0 -1 3001.DAT
0 STEP
1 86 1210.0 -480 800.0 -1 0 0 0 1 0 0 0 -1 3002.DAT
0 STEP
1 86 1220.0 -528 810.0 -1 0 0 0 1 0 0 0 -1 3010.DAT
0 STEP
1 86 1210.0 -480 830.0 -1 0 0 0 1 0 0 0 -1 3622.DAT
0 STEP
1 86 1220.0 -528 840.0 -1 0 0 0 1 0 0 0 -1 3001.DAT
0 STEP
1 86 1190.0 -120 860.0 0 0 1 0 1 0 -1 0 0 3004.DAT
0 STEP
1 86 1190.0 -168 880.0 0 0 1 0 1 0 -1 0 0 3010.DAT
0 STEP
1 86 1220.0 -480 850.0 -1 0 0 0 1 0 0 0 -1 3010.DAT
0 STEP
1 86 1240.0 -984 850.0 -1 0 0 0 1 0 0 0 -1 3009.DAT
0 STEP
1 86 1190.0 -72 900.0 0 0 1 0 1 0 -1 0 0 3010.DAT
0 STEP
1 86 1190.0 -216 890.0 0 0 1 0 1 0 -1 0 0 3622.DAT
0 STEP
1 86 1190.0 -48 920.0 0 0 1 0 1 0 -1 0 0 3010.DAT
0 STEP
1 86 1190.0 -120 910.0 0 0 1 0 1 0 -1 0 0 3622.DAT
0 STEP
1 86 1190.0 -240 900.0 0 0 1 0 1 0 -1 0 0 3004.DAT
0 STEP
1 86 1190.0 -288 890.0 0 0 1 0 1 0 -1 0 0 3005.DAT
0 STEP
1 86 1190.0 -1032 920.0 0 0 1 0 1 0 -1 0 0 3010.DAT
0 STEP
1 86 1210.0 -480 920.0 -1 0 0 0 1 0 0 0 -1 3002.DAT
0 STEP
1 86 1220.0 -528 910.0 -1 0 0 0 1 0 0 0 -1 3010.DAT
0 STEP
1 86 1190.0 -984 920.0 0 0 1 0 1 0 -1 0 0 3004.DAT
0 STEP
1 86 1190.0 0 950.0 0 0 1 0 1 0 -1 0 0 3622.DAT
0 STEP
1 86 1190.0 -168 930.0 0 0 1 0 1 0 -1 0 0 3005.DAT
0 STEP
1 86 1190.0 -528 980.0 0 0 1 0 1 0 -1 0 0 3009.DAT
0 STEP
1 86 1190.0 -72 950.0 0 0 1 0 1 0 -1 0 0 3005.DAT
0 STEP
1 86 1190.0 -480 950.0 0 0 1 0 1 0 -1 0 0 3005.DAT
0 STEP
1 86 1200.0 -912 950.0 -1 0 0 0 1 0 0 0 -1 3004.DAT
0 STEP
1 86 1200.0 -480 990.0 0 0 1 0 1 0 -1 0 0 3002.DAT
0 STEP
1 86 1200.0 -984 1000.0 0 0 1 0 1 0 -1 0 0 3001.DAT
0 STEP
1 86 1190.0 -1032 1010.0 0 0 1 0 1 0 -1 0 0 3005.DAT
0 STEP
1 86 1190.0 -480 1060.0 0 0 1 0 1 0 -1 0 0 3010.DAT
0 STEP
1 86 1190.0 -1032 1060.0 0 0 1 0 1 0 -1 0 0 3010.DAT
0 STEP
1 86 1200.0 -528 1070.0 0 0 1 0 1 0 -1 0 0 3002.DAT
0 STEP
1 86 1220.0 -984 1050.0 -1 0 0 0 1 0 0 0 -1 3010.DAT
0 STEP
1 86 1190.0 -456 1070.0 0 0 1 0 1 0 -1 0 0 3005.DAT
0 STEP
1 86 1200.0 -864 1080.0 0 0 1 0 1 0 -1 0 0 3003.DAT
0 STEP
1 86 1210.0 -984 1080.0 -1 0 0 0 1 0 0 0 -1 3002.DAT
0 STEP
1 86 1240.0 -456 1090.0 -1 0 0 0 1 0 0 0 -1 3009.DAT
0 STEP
1 86 1260.0 -504 1090.0 -1 0 0 0 1 0 0 0 -1 3008.DAT
0 STEP
1 86 1190.0 -480 1110.0 0 0 1 0 1 0 -1 0 0 3005.DAT
0 STEP
1 86 1240.0 -504 1110.0 -1 0 0 0 1 0 0 0 -1 3009.DAT
0 STEP
1 86 1190.0 -1032 1160.0 0 0 1 0 1 0 -1 0 0 3009.DAT
0 STEP
1 86 1190.0 -480 1160.0 0 0 1 0 1 0 -1 0 0 3010.DAT
0 STEP
1 86 1190.0 -528 1160.0 0 0 1 0 1 0 -1 0 0 3010.DAT
0 STEP
1 86 1190.0 -1008 1130.0 0 0 1 0 1 0 -1 0 0 3005.DAT
0 STEP
1 86 1220.0 -984 1150.0 -1 0 0 0 1 0 0 0 -1 3010.DAT
0 STEP
1 86 1190.0 -984 1200.0 0 0 1 0 1 0 -1 0 0 3010.DAT
0 STEP
1 86 1190.0 -1008 1170.0 0 0 1 0 1 0 -1 0 0 3005.DAT
0 STEP
1 86 1210.0 -456 1210.0 -1 0 0 0 1 0 0 0 -1 3622.DAT
0 STEP
1 86 1220.0 -504 1220.0 -1 0 0 0 1 0 0 0 -1 3001.DAT
0 STEP
1 86 1190.0 -528 1210.0 0 0 1 0 1 0 -1 0 0 3005.DAT
0 STEP
1 86 1200.0 -456 1260.0 0 0 1 0 1 0 -1 0 0 3001.DAT
0 STEP
1 86 1190.0 -528 1260.0 0 0 1 0 1 0 -1 0 0 3010.DAT
0 STEP
1 86 1260.0 -1008 1230.0 -1 0 0 0 1 0 0 0 -1 3008.DAT
0 STEP
1 86 1190.0 -1032 1230.0 0 0 1 0 1 0 -1 0 0 3005.DAT
0 STEP
1 86 1240.0 -504 1250.0 -1 0 0 0 1 0 0 0 -1 3009.DAT
0 STEP
1 86 1190.0 -984 1250.0 0 0 1 0 1 0 -1 0 0 3005.DAT
0 STEP
1 86 1220.0 -504 1270.0 -1 0 0 0 1 0 0 0 -1 3010.DAT
0 STEP
1 86 1190.0 -984 1300.0 0 0 1 0 1 0 -1 0 0 3010.DAT
0 STEP
1 86 1260.0 -504 1290.0 -1 0 0 0 1 0 0 0 -1 3008.DAT
0 STEP
1 86 1190.0 -1032 1320.0 0 0 1 0 1 0 -1 0 0 3004.DAT
0 STEP
1 86 1260.0 -1032 1350.0 -1 0 0 0 1 0 0 0 -1 3008.DAT
0 STEP
1 13 1210.0 -648 50.0 0 0 1 0 1 0 -1 0 0 3005.DAT
0 STEP
1 86 1240.0 -456 770.0 -1 0 0 0 1 0 0 0 -1 3010.DAT
0 STEP
1 86 1210.0 -456 790.0 0 0 1 0 1 0 -1 0 0 3005.DAT
0 STEP
1 86 1210.0 -456 860.0 0 0 1 0 1 0 -1 0 0 3009.DAT
0 STEP
1 86 1210.0 -504 850.0 0 0 1 0 1 0 -1 0 0 3005.DAT
0 STEP
1 86 1240.0 -1008 850.0 -1 0 0 0 1 0 0 0 -1 3010.DAT
0 STEP
1 86 1210.0 -984 900.0 0 0 1 0 1 0 -1 0 0 3010.DAT
0 STEP
1 86 1240.0 -1008 880.0 -1 0 0 0 1 0 0 0 -1 3001.DAT
0 STEP
1 86 1220.0 -1032 920.0 0 0 1 0 1 0 -1 0 0 3001.DAT
0 STEP
1 86 1240.0 -1008 910.0 -1 0 0 0 1 0 0 0 -1 3010.DAT
0 STEP
1 86 1240.0 -528 940.0 -1 0 0 0 1 0 0 0 -1 3001.DAT
0 STEP
1 86 1210.0 -1008 960.0 0 0 1 0 1 0 -1 0 0 3010.DAT
0 STEP
1 86 1240.0 -480 950.0 -1 0 0 0 1 0 0 0 -1 3010.DAT
0 STEP
1 86 1220.0 -936 950.0 -1 0 0 0 1 0 0 0 -1 3004.DAT
0 STEP
1 86 1240.0 -528 980.0 -1 0 0 0 1 0 0 0 -1 3001.DAT
0 STEP
1 86 1260.0 -528 1010.0 -1 0 0 0 1 0 0 0 -1 3009.DAT
0 STEP
1 86 1260.0 -1008 1010.0 -1 0 0 0 1 0 0 0 -1 3009.DAT
0 STEP
1 86 1210.0 -1032 1080.0 0 0 1 0 1 0 -1 0 0 3008.DAT
0 STEP
1 86 1240.0 -480 1040.0 -1 0 0 0 1 0 0 0 -1 3001.DAT
0 STEP
1 86 1240.0 -528 1030.0 -1 0 0 0 1 0 0 0 -1 3010.DAT
0 STEP
1 86 1220.0 -1008 1050.0 0 0 1 0 1 0 -1 0 0 3002.DAT
0 STEP
1 86 1240.0 -456 1070.0 -1 0 0 0 1 0 0 0 -1 3010.DAT
0 STEP
1 86 1210.0 -480 1100.0 0 0 1 0 1 0 -1 0 0 3010.DAT
0 STEP
1 86 1220.0 -888 1070.0 -1 0 0 0 1 0 0 0 -1 3004.DAT
0 STEP
1 86 1210.0 -888 1090.0 0 0 1 0 1 0 -1 0 0 3005.DAT
0 STEP
1 86 1230.0 -528 1130.0 -1 0 0 0 1 0 0 0 -1 3622.DAT
0 STEP
1 86 1240.0 -1008 1130.0 -1 0 0 0 1 0 0 0 -1 3010.DAT
0 STEP
1 86 1210.0 -480 1170.0 0 0 1 0 1 0 -1 0 0 3622.DAT
0 STEP
1 86 1210.0 -504 1150.0 0 0 1 0 1 0 -1 0 0 3005.DAT
0 STEP
1 86 1220.0 -528 1220.0 0 0 1 0 1 0 -1 0 0 3007.DAT
0 STEP
1 86 1240.0 -1008 1160.0 -1 0 0 0 1 0 0 0 -1 3001.DAT
0 STEP
1 86 1220.0 -984 1170.0 -1 0 0 0 1 0 0 0 -1 3004.DAT
0 STEP
1 86 1210.0 -1032 1170.0 0 0 1 0 1 0 -1 0 0 3005.DAT
0 STEP
1 86 1220.0 -984 1220.0 0 0 1 0 1 0 -1 0 0 3001.DAT
0 STEP
1 86 1210.0 -1008 1190.0 0 0 1 0 1 0 -1 0 0 3005.DAT
0 STEP
1 86 1230.0 -1032 1190.0 -1 0 0 0 1 0 0 0 -1 3622.DAT
0 STEP
1 86 1220.0 -1032 1220.0 0 0 1 0 1 0 -1 0 0 3003.DAT
0 STEP
1 86 1240.0 -984 1270.0 -1 0 0 0 1 0 0 0 -1 3010.DAT
0 STEP
1 86 1210.0 -984 1310.0 0 0 1 0 1 0 -1 0 0 3622.DAT
0 STEP
1 86 1210.0 -1008 1320.0 0 0 1 0 1 0 -1 0 0 3010.DAT
0 STEP
1 86 1210.0 -1032 1310.0 0 0 1 0 1 0 -1 0 0 3005.DAT
0 STEP
1 86 1240.0 -1032 1330.0 -1 0 0 0 1 0 0 0 -1 3010.DAT
0 STEP
1 86 1230.0 -480 770.0 0 0 1 0 1 0 -1 0 0 3005.DAT
0 STEP
1 86 1260.0 -504 770.0 -1 0 0 0 1 0 0 0 -1 3010.DAT
0 STEP
1 86 1240.0 -456 820.0 0 0 1 0 1 0 -1 0 0 3001.DAT
0 STEP
1 86 1230.0 -504 790.0 0 0 1 0 1 0 -1 0 0 3005.DAT
0 STEP
1 86 1260.0 -504 820.0 -1 0 0 0 1 0 0 0 -1 3001.DAT
0 STEP
1 86 1260.0 -504 860.0 -1 0 0 0 1 0 0 0 -1 3001.DAT
0 STEP
1 86 1280.0 -1032 860.0 -1 0 0 0 1 0 0 0 -1 2456.DAT
0 STEP
1 86 1240.0 -456 870.0 -1 0 0 0 1 0 0 0 -1 3004.DAT
0 STEP
1 86 1230.0 -480 870.0 0 0 1 0 1 0 -1 0 0 3005.DAT
0 STEP
1 86 1230.0 -528 870.0 0 0 1 0 1 0 -1 0 0 3005.DAT
0 STEP
1 86 1280.0 -984 870.0 -1 0 0 0 1 0 0 0 -1 3009.DAT
0 STEP
1 86 1260.0 -456 900.0 -1 0 0 0 1 0 0 0 -1 3001.DAT
0 STEP
1 86 1260.0 -504 890.0 -1 0 0 0 1 0 0 0 -1 3010.DAT
0 STEP
1 86 1230.0 -984 960.0 0 0 1 0 1 0 -1 0 0 3008.DAT
0 STEP
1 86 1230.0 -504 910.0 0 0 1 0 1 0 -1 0 0 3005.DAT
0 STEP
1 86 1230.0 -504 1000.0 0 0 1 0 1 0 -1 0 0 3008.DAT
0 STEP
1 86 1240.0 -1008 950.0 0 0 1 0 1 0 -1 0 0 3002.DAT
0 STEP
1 86 1230.0 -456 950.0 0 0 1 0 1 0 -1 0 0 3005.DAT
0 STEP
1 86 1240.0 -960 960.0 0 0 1 0 1 0 -1 0 0 3003.DAT
0 STEP
1 86 1250.0 -480 980.0 -1 0 0 0 1 0 0 0 -1 3002.DAT
0 STEP
1 86 1260.0 -1008 990.0 -1 0 0 0 1 0 0 0 -1 3010.DAT
0 STEP
1 86 1230.0 -456 1030.0 0 0 1 0 1 0 -1 0 0 3622.DAT
0 STEP
1 86 1280.0 -480 1010.0 -1 0 0 0 1 0 0 0 -1 3009.DAT
0 STEP
1 86 1230.0 -1032 1030.0 0 0 1 0 1 0 -1 0 0 3622.DAT
0 STEP
1 86 1240.0 -528 1080.0 0 0 1 0 1 0 -1 0 0 3001.DAT
0 STEP
1 86 1230.0 -480 1090.0 0 0 1 0 1 0 -1 0 0 3622.DAT
0 STEP
1 86 1240.0 -912 1070.0 -1 0 0 0 1 0 0 0 -1 3004.DAT
0 STEP
1 86 1230.0 -936 1070.0 0 0 1 0 1 0 -1 0 0 3005.DAT
0 STEP
1 86 1230.0 -1032 1100.0 0 0 1 0 1 0 -1 0 0 3010.DAT
0 STEP
1 86 1230.0 -456 1110.0 0 0 1 0 1 0 -1 0 0 3005.DAT
0 STEP
1 86 1260.0 -480 1140.0 -1 0 0 0 1 0 0 0 -1 3001.DAT
0 STEP
1 86 1240.0 -504 1160.0 0 0 1 0 1 0 -1 0 0 3003.DAT
0 STEP
1 86 1230.0 -1032 1150.0 0 0 1 0 1 0 -1 0 0 3005.DAT
0 STEP
1 86 1260.0 -480 1180.0 -1 0 0 0 1 0 0 0 -1 3001.DAT
0 STEP
1 86 1260.0 -1032 1170.0 -1 0 0 0 1 0 0 0 -1 3010.DAT
0 STEP
1 86 1260.0 -1008 1190.0 -1 0 0 0 1 0 0 0 -1 3010.DAT
0 STEP
1 86 1230.0 -456 1250.0 0 0 1 0 1 0 -1 0 0 3622.DAT
0 STEP
1 86 1230.0 -480 1260.0 0 0 1 0 1 0 -1 0 0 3004.DAT
0 STEP
1 86 1240.0 -1008 1280.0 0 0 1 0 1 0 -1 0 0 3001.DAT
0 STEP
1 86 1280.0 -456 1290.0 -1 0 0 0 1 0 0 0 -1 3009.DAT
0 STEP
1 86 1240.0 -984 1320.0 0 0 1 0 1 0 -1 0 0 3001.DAT
0 STEP
1 86 1260.0 -1032 1310.0 -1 0 0 0 1 0 0 0 -1 3010.DAT
0 STEP
1 86 1230.0 -1008 1340.0 0 0 1 0 1 0 -1 0 0 3004.DAT
0 STEP
1 86 1250.0 -480 800.0 0 0 1 0 1 0 -1 0 0 3010.DAT
0 STEP
1 86 1280.0 -504 790.0 -1 0 0 0 1 0 0 0 -1 3010.DAT
0 STEP
1 86 1250.0 -480 900.0 0 0 1 0 1 0 -1 0 0 3010.DAT
0 STEP
1 86 1250.0 -528 880.0 0 0 1 0 1 0 -1 0 0 3004.DAT
0 STEP
1 86 1260.0 -984 910.0 0 0 1 0 1 0 -1 0 0 3002.DAT
0 STEP
1 86 1250.0 -1032 920.0 0 0 1 0 1 0 -1 0 0 3010.DAT
0 STEP
1 86 1280.0 -504 910.0 -1 0 0 0 1 0 0 0 -1 3010.DAT
0 STEP
1 86 1270.0 -456 930.0 -1 0 0 0 1 0 0 0 -1 3622.DAT
0 STEP
1 86 1250.0 -504 980.0 0 0 1 0 1 0 -1 0 0 3009.DAT
0 STEP
1 86 1250.0 -456 1000.0 0 0 1 0 1 0 -1 0 0 3009.DAT
0 STEP
1 86 1280.0 -984 960.0 -1 0 0 0 1 0 0 0 -1 3001.DAT
0 STEP
1 86 1260.0 -1032 1060.0 0 0 1 0 1 0 -1 0 0 3006.DAT
0 STEP
1 86 1250.0 -984 1010.0 0 0 1 0 1 0 -1 0 0 3622.DAT
0 STEP
1 86 1280.0 -1008 1040.0 -1 0 0 0 1 0 0 0 -1 3001.DAT
0 STEP
1 86 1250.0 -504 1050.0 0 0 1 0 1 0 -1 0 0 3005.DAT
0 STEP
1 86 1250.0 -936 1060.0 0 0 1 0 1 0 -1 0 0 3004.DAT
0 STEP
1 86 1260.0 -960 1060.0 0 0 1 0 1 0 -1 0 0 3003.DAT
0 STEP
1 86 1260.0 -480 1090.0 0 0 1 0 1 0 -1 0 0 3002.DAT
0 STEP
1 86 1280.0 -504 1070.0 -1 0 0 0 1 0 0 0 -1 3010.DAT
0 STEP
1 86 1250.0 -984 1100.0 0 0 1 0 1 0 -1 0 0 3010.DAT
0 STEP
1 86 1270.0 -1008 1070.0 -1 0 0 0 1 0 0 0 -1 3622.DAT
0 STEP
1 86 1280.0 -456 1110.0 -1 0 0 0 1 0 0 0 -1 3010.DAT
0 STEP
1 86 1250.0 -456 1200.0 0 0 1 0 1 0 -1 0 0 3008.DAT
0 STEP
1 86 1260.0 -504 1130.0 -1 0 0 0 1 0 0 0 -1 3004.DAT
0 STEP
1 86 1280.0 -528 1150.0 -1 0 0 0 1 0 0 0 -1 3010.DAT
0 STEP
1 86 1280.0 -528 1180.0 -1 0 0 0 1 0 0 0 -1 3001.DAT
0 STEP
1 86 1250.0 -984 1200.0 0 0 1 0 1 0 -1 0 0 3010.DAT
0 STEP
1 86 1250.0 -504 1190.0 0 0 1 0 1 0 -1 0 0 3005.DAT
0 STEP
1 86 1280.0 -528 1210.0 -1 0 0 0 1 0 0 0 -1 3010.DAT
0 STEP
1 86 1250.0 -1008 1210.0 0 0 1 0 1 0 -1 0 0 3005.DAT
0 STEP
1 86 1250.0 -1032 1240.0 0 0 1 0 1 0 -1 0 0 3010.DAT
0 STEP
1 86 1260.0 -480 1260.0 0 0 1 0 1 0 -1 0 0 3001.DAT
0 STEP
1 86 1250.0 -528 1260.0 0 0 1 0 1 0 -1 0 0 3010.DAT
0 STEP
1 86 1250.0 -984 1250.0 0 0 1 0 1 0 -1 0 0 3005.DAT
0 STEP
1 86 1250.0 -1032 1290.0 0 0 1 0 1 0 -1 0 0 3005.DAT
0 STEP
1 86 1250.0 -1008 1330.0 0 0 1 0 1 0 -1 0 0 3005.DAT
0 STEP
1 86 1260.0 -1008 1360.0 0 0 1 0 1 0 -1 0 0 3003.DAT
0 STEP
1 86 1250.0 -984 1370.0 0 0 1 0 1 0 -1 0 0 3005.DAT
0 STEP
1 86 1250.0 -1032 1370.0 0 0 1 0 1 0 -1 0 0 3005.DAT
0 STEP
1 86 1280.0 -480 800.0 0 0 1 0 1 0 -1 0 0 3001.DAT
0 STEP
1 86 1270.0 -528 770.0 0 0 1 0 1 0 -1 0 0 3005.DAT
0 STEP
1 86 1270.0 -456 790.0 0 0 1 0 1 0 -1 0 0 3005.DAT
0 STEP
1 86 1270.0 -528 820.0 0 0 1 0 1 0 -1 0 0 3010.DAT
0 STEP
1 86 1280.0 -456 840.0 0 0 1 0 1 0 -1 0 0 3001.DAT
0 STEP
1 86 1270.0 -480 880.0 0 0 1 0 1 0 -1 0 0 3010.DAT
0 STEP
1 86 1270.0 -528 890.0 0 0 1 0 1 0 -1 0 0 3622.DAT
0 STEP
1 86 1300.0 -1032 890.0 -1 0 0 0 1 0 0 0 -1 3010.DAT
0 STEP
1 86 1300.0 -1032 920.0 -1 0 0 0 1 0 0 0 -1 3001.DAT
0 STEP
1 86 1270.0 -480 930.0 0 0 1 0 1 0 -1 0 0 3005.DAT
0 STEP
1 86 1290.0 -504 930.0 -1 0 0 0 1 0 0 0 -1 3622.DAT
0 STEP
1 86 1270.0 -1008 950.0 0 0 1 0 1 0 -1 0 0 3622.DAT
0 STEP
1 86 1280.0 -456 1000.0 0 0 1 0 1 0 -1 0 0 2456.DAT
0 STEP
1 86 1300.0 -504 950.0 -1 0 0 0 1 0 0 0 -1 3010.DAT
0 STEP
1 86 1270.0 -1032 950.0 0 0 1 0 1 0 -1 0 0 3005.DAT
0 STEP
1 86 1280.0 -504 1000.0 0 0 1 0 1 0 -1 0 0 3001.DAT
0 STEP
1 86 1270.0 -984 1020.0 0 0 1 0 1 0 -1 0 0 3010.DAT
0 STEP
1 86 1300.0 -504 1050.0 -1 0 0 0 1 0 0 0 -1 3010.DAT
0 STEP
1 86 1270.0 -528 1050.0 0 0 1 0 1 0 -1 0 0 3005.DAT
0 STEP
1 86 1270.0 -936 1050.0 0 0 1 0 1 0 -1 0 0 3005.DAT
0 STEP
1 86 1270.0 -528 1100.0 0 0 1 0 1 0 -1 0 0 3010.DAT
0 STEP
1 86 1300.0 -984 1070.0 -1 0 0 0 1 0 0 0 -1 3010.DAT
0 STEP
1 86 1270.0 -984 1120.0 0 0 1 0 1 0 -1 0 0 3010.DAT
0 STEP
1 86 1300.0 -456 1140.0 -1 0 0 0 1 0 0 0 -1 3001.DAT
0 STEP
1 86 1270.0 -504 1180.0 0 0 1 0 1 0 -1 0 0 3010.DAT
0 STEP
1 86 1270.0 -456 1200.0 0 0 1 0 1 0 -1 0 0 3010.DAT
0 STEP
1 86 1300.0 -984 1180.0 -1 0 0 0 1 0 0 0 -1 3001.DAT
0 STEP
1 86 1270.0 -1032 1220.0 0 0 1 0 1 0 -1 0 0 3010.DAT
0 STEP
1 86 1270.0 -984 1230.0 0 0 1 0 1 0 -1 0 0 3622.DAT
0 STEP
1 86 1320.0 -1008 1210.0 -1 0 0 0 1 0 0 0 -1 3009.DAT
0 STEP
1 86 1340.0 -504 1230.0 -1 0 0 0 1 0 0 0 -1 3008.DAT
0 STEP
1 86 1290.0 -528 1230.0 -1 0 0 0 1 0 0 0 -1 3622.DAT
0 STEP
1 86 1270.0 -456 1250.0 0 0 1 0 1 0 -1 0 0 3005.DAT
0 STEP
1 86 1300.0 -528 1250.0 -1 0 0 0 1 0 0 0 -1 3010.DAT
0 STEP
1 86 1270.0 -1008 1250.0 0 0 1 0 1 0 -1 0 0 3005.DAT
0 STEP
1 86 1300.0 -456 1270.0 -1 0 0 0 1 0 0 0 -1 3010.DAT
0 STEP
1 86 1270.0 -504 1270.0 0 0 1 0 1 0 -1 0 0 3005.DAT
0 STEP
1 86 1280.0 -528 1280.0 0 0 1 0 1 0 -1 0 0 3003.DAT
0 STEP
1 86 1270.0 -1008 1300.0 0 0 1 0 1 0 -1 0 0 3010.DAT
0 STEP
1 86 1270.0 -1032 1270.0 0 0 1 0 1 0 -1 0 0 3005.DAT
0 STEP
1 86 1270.0 -984 1290.0 0 0 1 0 1 0 -1 0 0 3005.DAT
0 STEP
1 86 1340.0 -1032 1290.0 -1 0 0 0 1 0 0 0 -1 3008.DAT
0 STEP
1 86 1340.0 -984 1310.0 -1 0 0 0 1 0 0 0 -1 3008.DAT
0 STEP
1 86 1300.0 -984 1340.0 -1 0 0 0 1 0 0 0 -1 3001.DAT
0 STEP
1 86 1300.0 -984 1370.0 -1 0 0 0 1 0 0 0 -1 3010.DAT
0 STEP
1 86 1320.0 -1032 1370.0 -1 0 0 0 1 0 0 0 -1 3009.DAT
0 STEP
1 86 1320.0 -456 780.0 -1 0 0 0 1 0 0 0 -1 3001.DAT
0 STEP
1 86 1320.0 -528 770.0 -1 0 0 0 1 0 0 0 -1 3010.DAT
0 STEP
1 86 1290.0 -528 790.0 0 0 1 0 1 0 -1 0 0 3005.DAT
0 STEP
1 86 1320.0 -528 820.0 -1 0 0 0 1 0 0 0 -1 3001.DAT
0 STEP
1 86 1300.0 -480 850.0 -1 0 0 0 1 0 0 0 -1 3004.DAT
0 STEP
1 86 1320.0 -528 860.0 -1 0 0 0 1 0 0 0 -1 3001.DAT
0 STEP
1 86 1290.0 -1008 900.0 0 0 1 0 1 0 -1 0 0 3009.DAT
0 STEP
1 86 1320.0 -480 880.0 -1 0 0 0 1 0 0 0 -1 3001.DAT
0 STEP
1 86 1290.0 -528 890.0 0 0 1 0 1 0 -1 0 0 3005.DAT
0 STEP
1 86 1300.0 -984 910.0 0 0 1 0 1 0 -1 0 0 3002.DAT
0 STEP
1 86 1290.0 -480 940.0 0 0 1 0 1 0 -1 0 0 3010.DAT
0 STEP
1 86 1290.0 -528 940.0 0 0 1 0 1 0 -1 0 0 3010.DAT
0 STEP
1 86 1290.0 -1032 980.0 0 0 1 0 1 0 -1 0 0 3010.DAT
0 STEP
1 86 1290.0 -1008 970.0 0 0 1 0 1 0 -1 0 0 3005.DAT
0 STEP
1 86 1300.0 -480 990.0 -1 0 0 0 1 0 0 0 -1 3004.DAT
0 STEP
1 86 1300.0 -528 990.0 -1 0 0 0 1 0 0 0 -1 3004.DAT
0 STEP
1 86 1320.0 -984 990.0 -1 0 0 0 1 0 0 0 -1 3010.DAT
0 STEP
1 86 1290.0 -984 1010.0 0 0 1 0 1 0 -1 0 0 3005.DAT
0 STEP
1 86 1340.0 -480 1030.0 -1 0 0 0 1 0 0 0 -1 3009.DAT
0 STEP
1 86 1290.0 -528 1060.0 0 0 1 0 1 0 -1 0 0 3010.DAT
0 STEP
1 86 1320.0 -984 1040.0 -1 0 0 0 1 0 0 0 -1 3001.DAT
0 STEP
1 86 1290.0 -1032 1050.0 0 0 1 0 1 0 -1 0 0 3622.DAT
0 STEP
1 86 1290.0 -480 1080.0 0 0 1 0 1 0 -1 0 0 3010.DAT
0 STEP
1 86 1290.0 -456 1070.0 0 0 1 0 1 0 -1 0 0 3005.DAT
0 STEP
1 86 1320.0 -984 1100.0 -1 0 0 0 1 0 0 0 -1 3001.DAT
0 STEP
1 86 1320.0 -1032 1090.0 -1 0 0 0 1 0 0 0 -1 3010.DAT
0 STEP
1 86 1290.0 -528 1110.0 0 0 1 0 1 0 -1 0 0 3005.DAT
0 STEP
1 86 1300.0 -1008 1140.0 0 0 1 0 1 0 -1 0 0 3001.DAT
0 STEP
1 86 1300.0 -1032 1130.0 0 0 1 0 1 0 -1 0 0 3002.DAT
0 STEP
1 86 1290.0 -504 1160.0 0 0 1 0 1 0 -1 0 0 3010.DAT
0 STEP
1 86 1320.0 -528 1130.0 -1 0 0 0 1 0 0 0 -1 3010.DAT
0 STEP
1 86 1320.0 -984 1130.0 -1 0 0 0 1 0 0 0 -1 3010.DAT
0 STEP
1 86 1310.0 -984 1150.0 -1 0 0 0 1 0 0 0 -1 3622.DAT
0 STEP
1 86 1310.0 -456 1170.0 -1 0 0 0 1 0 0 0 -1 3622.DAT
0 STEP
1 86 1290.0 -456 1220.0 0 0 1 0 1 0 -1 0 0 3010.DAT
0 STEP
1 86 1290.0 -1032 1190.0 0 0 1 0 1 0 -1 0 0 3005.DAT
0 STEP
1 86 1290.0 -504 1210.0 0 0 1 0 1 0 -1 0 0 3005.DAT
0 STEP
1 86 1300.0 -984 1240.0 0 0 1 0 1 0 -1 0 0 3001.DAT
0 STEP
1 86 1290.0 -1032 1240.0 0 0 1 0 1 0 -1 0 0 3010.DAT
0 STEP
1 86 1290.0 -480 1260.0 0 0 1 0 1 0 -1 0 0 3010.DAT
0 STEP
1 86 1320.0 -1008 1250.0 -1 0 0 0 1 0 0 0 -1 3010.DAT
0 STEP
1 86 1320.0 -504 1270.0 -1 0 0 0 1 0 0 0 -1 3010.DAT
0 STEP
1 86 1300.0 -1008 1320.0 0 0 1 0 1 0 -1 0 0 2456.DAT
0 STEP
1 86 1340.0 -984 1290.0 -1 0 0 0 1 0 0 0 -1 3009.DAT
0 STEP
1 86 1290.0 -1032 1330.0 0 0 1 0 1 0 -1 0 0 3005.DAT
0 STEP
1 86 1310.0 -480 800.0 0 0 1 0 1 0 -1 0 0 3010.DAT
0 STEP
1 86 1310.0 -504 770.0 0 0 1 0 1 0 -1 0 0 3005.DAT
0 STEP
1 86 1340.0 -528 790.0 -1 0 0 0 1 0 0 0 -1 3010.DAT
0 STEP
1 86 1330.0 -456 810.0 -1 0 0 0 1 0 0 0 -1 3622.DAT
0 STEP
1 86 1310.0 -504 820.0 0 0 1 0 1 0 -1 0 0 3004.DAT
0 STEP
1 86 1340.0 -456 840.0 -1 0 0 0 1 0 0 0 -1 3001.DAT
0 STEP
1 86 1360.0 -504 850.0 -1 0 0 0 1 0 0 0 -1 3009.DAT
0 STEP
1 86 1330.0 -984 850.0 -1 0 0 0 1 0 0 0 -1 3622.DAT
0 STEP
1 86 1320.0 -1008 880.0 0 0 1 0 1 0 -1 0 0 3001.DAT
0 STEP
1 86 1310.0 -456 870.0 0 0 1 0 1 0 -1 0 0 3005.DAT
0 STEP
1 86 1310.0 -504 880.0 0 0 1 0 1 0 -1 0 0 3004.DAT
0 STEP
1 86 1310.0 -456 960.0 0 0 1 0 1 0 -1 0 0 3008.DAT
0 STEP
1 86 1310.0 -528 920.0 0 0 1 0 1 0 -1 0 0 3010.DAT
0 STEP
1 86 1340.0 -480 920.0 -1 0 0 0 1 0 0 0 -1 3001.DAT
0 STEP
1 86 1310.0 -1008 960.0 0 0 1 0 1 0 -1 0 0 3010.DAT
0 STEP
1 86 1320.0 -480 950.0 -1 0 0 0 1 0 0 0 -1 3004.DAT
0 STEP
1 86 1320.0 -1032 960.0 0 0 1 0 1 0 -1 0 0 3003.DAT
0 STEP
1 86 1310.0 -480 970.0 0 0 1 0 1 0 -1 0 0 3005.DAT
0 STEP
1 86 1330.0 -504 980.0 -1 0 0 0 1 0 0 0 -1 3002.DAT
0 STEP
1 86 1310.0 -528 970.0 0 0 1 0 1 0 -1 0 0 3005.DAT
0 STEP
1 86 1380.0 -1032 1000.0 -1 0 0 0 1 0 0 0 -1 3007.DAT
0 STEP
1 86 1320.0 -504 1020.0 0 0 1 0 1 0 -1 0 0 3003.DAT
0 STEP
1 86 1340.0 -984 1010.0 -1 0 0 0 1 0 0 0 -1 3010.DAT
0 STEP
1 86 1310.0 -528 1040.0 0 0 1 0 1 0 -1 0 0 3004.DAT
0 STEP
1 86 1380.0 -1032 1040.0 -1 0 0 0 1 0 0 0 -1 3007.DAT
0 STEP
1 86 1310.0 -456 1070.0 0 0 1 0 1 0 -1 0 0 3622.DAT
0 STEP
1 86 1310.0 -480 1050.0 0 0 1 0 1 0 -1 0 0 3005.DAT
0 STEP
1 86 1340.0 -480 1080.0 -1 0 0 0 1 0 0 0 -1 3001.DAT
0 STEP
1 86 1340.0 -528 1080.0 -1 0 0 0 1 0 0 0 -1 3001.DAT
0 STEP
1 86 1310.0 -1008 1080.0 0 0 1 0 1 0 -1 0 0 3004.DAT
0 STEP
1 86 1380.0 -1032 1070.0 -1 0 0 0 1 0 0 0 -1 3008.DAT
0 STEP
1 86 1340.0 -480 1120.0 -1 0 0 0 1 0 0 0 -1 3001.DAT
0 STEP
1 86 1320.0 -504 1140.0 0 0 1 0 1 0 -1 0 0 3001.DAT
0 STEP
1 86 1340.0 -528 1110.0 -1 0 0 0 1 0 0 0 -1 3010.DAT
0 STEP
1 86 1310.0 -480 1220.0 0 0 1 0 1 0 -1 0 0 3008.DAT
0 STEP
1 86 1310.0 -1032 1220.0 0 0 1 0 1 0 -1 0 0 3009.DAT
0 STEP
1 86 1320.0 -456 1190.0 -1 0 0 0 1 0 0 0 -1 3004.DAT
0 STEP
1 86 1310.0 -504 1190.0 0 0 1 0 1 0 -1 0 0 3005.DAT
0 STEP
1 86 1310.0 -1008 1190.0 0 0 1 0 1 0 -1 0 0 3005.DAT
0 STEP
1 86 1360.0 -456 1210.0 -1 0 0 0 1 0 0 0 -1 3009.DAT
0 STEP
1 86 1340.0 -504 1210.0 -1 0 0 0 1 0 0 0 -1 3010.DAT
0 STEP
1 86 1330.0 -456 1240.0 -1 0 0 0 1 0 0 0 -1 3002.DAT
0 STEP
1 86 1310.0 -504 1250.0 0 0 1 0 1 0 -1 0 0 3005.DAT
0 STEP
1 86 1340.0 -528 1270.0 -1 0 0 0 1 0 0 0 -1 3010.DAT
0 STEP
1 86 1320.0 -528 1290.0 -1 0 0 0 1 0 0 0 -1 3004.DAT
0 STEP
1 86 1310.0 -1032 1310.0 0 0 1 0 1 0 -1 0 0 3005.DAT
0 STEP
1 86 1340.0 -1032 1330.0 -1 0 0 0 1 0 0 0 -1 3010.DAT
0 STEP
1 86 1380.0 -480 770.0 -1 0 0 0 1 0 0 0 -1 3009.DAT
0 STEP
1 86 1330.0 -504 800.0 0 0 1 0 1 0 -1 0 0 3010.DAT
0 STEP
1 86 1330.0 -480 820.0 0 0 1 0 1 0 -1 0 0 3010.DAT
0 STEP
1 86 1330.0 -456 920.0 0 0 1 0 1 0 -1 0 0 3009.DAT
0 STEP
1 86 1330.0 -504 900.0 0 0 1 0 1 0 -1 0 0 3010.DAT
0 STEP
1 86 1340.0 -528 940.0 0 0 1 0 1 0 -1 0 0 2456.DAT
0 STEP
1 86 1330.0 -984 890.0 0 0 1 0 1 0 -1 0 0 3005.DAT
0 STEP
1 86 1330.0 -984 940.0 0 0 1 0 1 0 -1 0 0 3010.DAT
0 STEP
1 86 1340.0 -1008 930.0 -1 0 0 0 1 0 0 0 -1 3004.DAT
0 STEP
1 86 1330.0 -1008 950.0 0 0 1 0 1 0 -1 0 0 3005.DAT
0 STEP
1 86 1330.0 -480 980.0 0 0 1 0 1 0 -1 0 0 3004.DAT
0 STEP
1 86 1330.0 -1008 1040.0 0 0 1 0 1 0 -1 0 0 3008.DAT
0 STEP
1 86 1330.0 -456 990.0 0 0 1 0 1 0 -1 0 0 3005.DAT
0 STEP
1 86 1330.0 -456 1060.0 0 0 1 0 1 0 -1 0 0 3009.DAT
0 STEP
1 86 1350.0 -528 1020.0 -1 0 0 0 1 0 0 0 -1 3002.DAT
0 STEP
1 86 1360.0 -480 1050.0 -1 0 0 0 1 0 0 0 -1 3010.DAT
0 STEP
1 86 1350.0 -528 1050.0 -1 0 0 0 1 0 0 0 -1 3622.DAT
0 STEP
1 86 1330.0 -504 1070.0 0 0 1 0 1 0 -1 0 0 3005.DAT
0 STEP
1 86 1340.0 -1032 1160.0 0 0 1 0 1 0 -1 0 0 2456.DAT
0 STEP
1 86 1400.0 -1008 1130.0 -1 0 0 0 1 0 0 0 -1 3008.DAT
0 STEP
1 86 1350.0 -480 1150.0 -1 0 0 0 1 0 0 0 -1 3622.DAT
0 STEP
1 86 1400.0 -528 1150.0 -1 0 0 0 1 0 0 0 -1 3008.DAT
0 STEP
1 86 1400.0 -1008 1160.0 -1 0 0 0 1 0 0 0 -1 3007.DAT
0 STEP
1 86 1330.0 -480 1220.0 0 0 1 0 1 0 -1 0 0 3009.DAT
0 STEP
1 86 1340.0 -528 1200.0 0 0 1 0 1 0 -1 0 0 3001.DAT
0 STEP
1 86 1360.0 -504 1190.0 -1 0 0 0 1 0 0 0 -1 3010.DAT
0 STEP
1 86 1360.0 -1008 1190.0 -1 0 0 0 1 0 0 0 -1 3010.DAT
0 STEP
1 86 1330.0 -984 1240.0 0 0 1 0 1 0 -1 0 0 3010.DAT
0 STEP
1 86 1360.0 -1032 1230.0 -1 0 0 0 1 0 0 0 -1 3010.DAT
0 STEP
1 86 1360.0 -504 1250.0 -1 0 0 0 1 0 0 0 -1 3010.DAT
0 STEP
1 86 1330.0 -1032 1260.0 0 0 1 0 1 0 -1 0 0 3004.DAT
0 STEP
1 86 1340.0 -1008 1300.0 0 0 1 0 1 0 -1 0 0 3001.DAT
0 STEP
1 86 1360.0 -480 1290.0 -1 0 0 0 1 0 0 0 -1 3010.DAT
0 STEP
1 86 1360.0 -1032 1310.0 -1 0 0 0 1 0 0 0 -1 3010.DAT
0 STEP
1 86 1360.0 -1008 1360.0 -1 0 0 0 1 0 0 0 -1 3001.DAT
0 STEP
1 86 1360.0 -504 800.0 0 0 1 0 1 0 -1 0 0 3001.DAT
0 STEP
1 86 1380.0 -480 790.0 -1 0 0 0 1 0 0 0 -1 3010.DAT
0 STEP
1 86 1350.0 -480 830.0 0 0 1 0 1 0 -1 0 0 3622.DAT
0 STEP
1 86 1370.0 -1008 850.0 -1 0 0 0 1 0 0 0 -1 3622.DAT
0 STEP
1 86 1350.0 -1032 900.0 0 0 1 0 1 0 -1 0 0 3009.DAT
0 STEP
1 86 1350.0 -456 900.0 0 0 1 0 1 0 -1 0 0 3010.DAT
0 STEP
1 86 1420.0 -504 870.0 -1 0 0 0 1 0 0 0 -1 3008.DAT
0 STEP
1 86 1350.0 -984 870.0 0 0 1 0 1 0 -1 0 0 3005.DAT
0 STEP
1 86 1420.0 -1008 870.0 -1 0 0 0 1 0 0 0 -1 3008.DAT
0 STEP
1 86 1400.0 -504 890.0 -1 0 0 0 1 0 0 0 -1 3009.DAT
0 STEP
1 86 1350.0 -984 920.0 0 0 1 0 1 0 -1 0 0 3010.DAT
0 STEP
1 86 1350.0 -1008 900.0 0 0 1 0 1 0 -1 0 0 3004.DAT
0 STEP
1 86 1350.0 -504 930.0 0 0 1 0 1 0 -1 0 0 3622.DAT
0 STEP
1 86 1350.0 -456 950.0 0 0 1 0 1 0 -1 0 0 3005.DAT
0 STEP
1 86 1350.0 -480 980.0 0 0 1 0 1 0 -1 0 0 3010.DAT
0 STEP
1 86 1350.0 -1008 1020.0 0 0 1 0 1 0 -1 0 0 3008.DAT
0 STEP
1 86 1350.0 -456 1000.0 0 0 1 0 1 0 -1 0 0 3010.DAT
0 STEP
1 86 1350.0 -984 970.0 0 0 1 0 1 0 -1 0 0 3005.DAT
0 STEP
1 86 1350.0 -1032 970.0 0 0 1 0 1 0 -1 0 0 3005.DAT
0 STEP
1 86 1350.0 -504 1060.0 0 0 1 0 1 0 -1 0 0 3009.DAT
0 STEP
1 86 1350.0 -456 1120.0 0 0 1 0 1 0 -1 0 0 3008.DAT
0 STEP
1 86 1350.0 -984 1070.0 0 0 1 0 1 0 -1 0 0 3005.DAT
0 STEP
1 86 1370.0 -1008 1110.0 -1 0 0 0 1 0 0 0 -1 3622.DAT
0 STEP
1 86 1350.0 -504 1150.0 0 0 1 0 1 0 -1 0 0 3622.DAT
0 STEP
1 86 1350.0 -984 1200.0 0 0 1 0 1 0 -1 0 0 3009.DAT
0 STEP
1 86 1350.0 -480 1170.0 0 0 1 0 1 0 -1 0 0 3005.DAT
0 STEP
1 86 1350.0 -480 1220.0 0 0 1 0 1 0 -1 0 0 3010.DAT
0 STEP
1 86 1350.0 -1008 1230.0 0 0 1 0 1 0 -1 0 0 3005.DAT
0 STEP
1 86 1420.0 -528 1250.0 -1 0 0 0 1 0 0 0 -1 3008.DAT
0 STEP
1 86 1380.0 -1032 1260.0 -1 0 0 0 1 0 0 0 -1 3001.DAT
0 STEP
1 86 1350.0 -456 1280.0 0 0 1 0 1 0 -1 0 0 3004.DAT
0 STEP
1 86 1360.0 -480 1270.0 -1 0 0 0 1 0 0 0 -1 3004.DAT
0 STEP
1 86 1380.0 -984 1270.0 -1 0 0 0 1 0 0 0 -1 3010.DAT
0 STEP
1 86 1350.0 -504 1290.0 0 0 1 0 1 0 -1 0 0 3005.DAT
0 STEP
1 86 1420.0 -528 1290.0 -1 0 0 0 1 0 0 0 -1 3008.DAT
0 STEP
1 86 1350.0 -984 1350.0 0 0 1 0 1 0 -1 0 0 3622.DAT
0 STEP
1 86 1360.0 -1032 1350.0 -1 0 0 0 1 0 0 0 -1 3004.DAT
0 STEP
1 86 1370.0 -456 790.0 0 0 1 0 1 0 -1 0 0 3622.DAT
0 STEP
1 86 1370.0 -528 770.0 0 0 1 0 1 0 -1 0 0 3005.DAT
0 STEP
1 86 1370.0 -480 810.0 0 0 1 0 1 0 -1 0 0 3005.DAT
0 STEP
1 86 1400.0 -528 810.0 -1 0 0 0 1 0 0 0 -1 3010.DAT
0 STEP
1 86 1380.0 -480 860.0 0 0 1 0 1 0 -1 0 0 3001.DAT
0 STEP
1 86 1380.0 -528 830.0 -1 0 0 0 1 0 0 0 -1 3004.DAT
0 STEP
1 86 1380.0 -528 900.0 0 0 1 0 1 0 -1 0 0 2456.DAT
0 STEP
1 86 1380.0 -984 870.0 0 0 1 0 1 0 -1 0 0 3002.DAT
0 STEP
1 86 1380.0 -1032 870.0 0 0 1 0 1 0 -1 0 0 3002.DAT
0 STEP
1 86 1440.0 -456 870.0 -1 0 0 0 1 0 0 0 -1 3008.DAT
0 STEP
1 86 1370.0 -456 960.0 0 0 1 0 1 0 -1 0 0 3008.DAT
0 STEP
1 86 1380.0 -1008 920.0 0 0 1 0 1 0 -1 0 0 3001.DAT
0 STEP
1 86 1400.0 -504 920.0 -1 0 0 0 1 0 0 0 -1 3001.DAT
0 STEP
1 86 1400.0 -984 910.0 -1 0 0 0 1 0 0 0 -1 3010.DAT
0 STEP
1 86 1380.0 -1032 940.0 0 0 1 0 1 0 -1 0 0 3001.DAT
0 STEP
1 86 1370.0 -984 960.0 0 0 1 0 1 0 -1 0 0 3010.DAT
0 STEP
1 86 1370.0 -480 960.0 0 0 1 0 1 0 -1 0 0 3004.DAT
0 STEP
1 86 1370.0 -504 980.0 0 0 1 0 1 0 -1 0 0 3010.DAT
0 STEP
1 86 1380.0 -528 970.0 -1 0 0 0 1 0 0 0 -1 3004.DAT
0 STEP
1 86 1380.0 -1008 970.0 -1 0 0 0 1 0 0 0 -1 3004.DAT
0 STEP
1 86 1380.0 -480 1000.0 0 0 1 0 1 0 -1 0 0 3003.DAT
0 STEP
1 86 1370.0 -528 990.0 0 0 1 0 1 0 -1 0 0 3005.DAT
0 STEP
1 86 1380.0 -1008 1040.0 0 0 1 0 1 0 -1 0 0 2456.DAT
0 STEP
1 86 1370.0 -504 1050.0 0 0 1 0 1 0 -1 0 0 3622.DAT
0 STEP
1 86 1370.0 -984 1030.0 0 0 1 0 1 0 -1 0 0 3005.DAT
0 STEP
1 86 1370.0 -456 1080.0 0 0 1 0 1 0 -1 0 0 3010.DAT
0 STEP
1 86 1370.0 -984 1080.0 0 0 1 0 1 0 -1 0 0 3010.DAT
0 STEP
1 86 1400.0 -504 1090.0 -1 0 0 0 1 0 0 0 -1 3010.DAT
0 STEP
1 86 1370.0 -1032 1140.0 0 0 1 0 1 0 -1 0 0 3009.DAT
0 STEP
1 86 1380.0 -504 1140.0 0 0 1 0 1 0 -1 0 0 3001.DAT
0 STEP
1 86 1380.0 -456 1160.0 0 0 1 0 1 0 -1 0 0 3001.DAT
0 STEP
1 86 1370.0 -528 1130.0 0 0 1 0 1 0 -1 0 0 3005.DAT
0 STEP
1 86 1370.0 -984 1130.0 0 0 1 0 1 0 -1 0 0 3005.DAT
0 STEP
1 86 1370.0 -984 1180.0 0 0 1 0 1 0 -1 0 0 3010.DAT
0 STEP
1 86 1370.0 -480 1200.0 0 0 1 0 1 0 -1 0 0 3010.DAT
0 STEP
1 86 1370.0 -528 1180.0 0 0 1 0 1 0 -1 0 0 3004.DAT
0 STEP
1 86 1400.0 -528 1220.0 -1 0 0 0 1 0 0 0 -1 3001.DAT
0 STEP
1 86 1370.0 -1032 1210.0 0 0 1 0 1 0 -1 0 0 3005.DAT
0 STEP
1 86 1370.0 -456 1260.0 0 0 1 0 1 0 -1 0 0 3010.DAT
0 STEP
1 86 1400.0 -984 1230.0 -1 0 0 0 1 0 0 0 -1 3010.DAT
0 STEP
1 86 1370.0 -1008 1280.0 0 0 1 0 1 0 -1 0 0 3009.DAT
0 STEP
1 86 1370.0 -480 1250.0 0 0 1 0 1 0 -1 0 0 3005.DAT
0 STEP
1 86 1380.0 -984 1250.0 -1 0 0 0 1 0 0 0 -1 3004.DAT
0 STEP
1 86 1390.0 -504 1280.0 -1 0 0 0 1 0 0 0 -1 3002.DAT
0 STEP
1 86 1390.0 -984 1330.0 -1 0 0 0 1 0 0 0 -1 3622.DAT
0 STEP
1 86 1400.0 -984 1350.0 -1 0 0 0 1 0 0 0 -1 3010.DAT
0 STEP
1 86 1370.0 -984 1370.0 0 0 1 0 1 0 -1 0 0 3005.DAT
0 STEP
1 86 1400.0 -456 800.0 0 0 1 0 1 0 -1 0 0 3001.DAT
0 STEP
1 86 1400.0 -504 800.0 0 0 1 0 1 0 -1 0 0 3001.DAT
0 STEP
1 86 1420.0 -528 770.0 -1 0 0 0 1 0 0 0 -1 3010.DAT
0 STEP
1 86 1390.0 -528 790.0 0 0 1 0 1 0 -1 0 0 3005.DAT
0 STEP
1 86 1440.0 -480 810.0 -1 0 0 0 1 0 0 0 -1 3009.DAT
0 STEP
1 86 1400.0 -456 850.0 -1 0 0 0 1 0 0 0 -1 3004.DAT
0 STEP
1 86 1400.0 -456 920.0 0 0 1 0 1 0 -1 0 0 3001.DAT
0 STEP
1 86 1390.0 -480 940.0 0 0 1 0 1 0 -1 0 0 3010.DAT
0 STEP
1 86 1410.0 -984 940.0 -1 0 0 0 1 0 0 0 -1 3002.DAT
0 STEP
1 86 1390.0 -504 970.0 0 0 1 0 1 0 -1 0 0 3622.DAT
0 STEP
1 86 1460.0 -456 970.0 -1 0 0 0 1 0 0 0 -1 3008.DAT
0 STEP
1 86 1420.0 -984 970.0 -1 0 0 0 1 0 0 0 -1 3010.DAT
0 STEP
1 86 1410.0 -456 990.0 -1 0 0 0 1 0 0 0 -1 3622.DAT
0 STEP
1 86 1390.0 -528 1040.0 0 0 1 0 1 0 -1 0 0 3009.DAT
0 STEP
1 86 1400.0 -984 1020.0 0 0 1 0 1 0 -1 0 0 3001.DAT
0 STEP
1 86 1410.0 -456 1020.0 -1 0 0 0 1 0 0 0 -1 3002.DAT
0 STEP
1 86 1420.0 -504 1020.0 -1 0 0 0 1 0 0 0 -1 3001.DAT
0 STEP
1 86 1400.0 -456 1080.0 0 0 1 0 1 0 -1 0 0 3001.DAT
0 STEP
1 86 1460.0 -504 1060.0 -1 0 0 0 1 0 0 0 -1 3007.DAT
0 STEP
1 86 1400.0 -480 1070.0 -1 0 0 0 1 0 0 0 -1 3004.DAT
0 STEP
1 86 1420.0 -984 1070.0 -1 0 0 0 1 0 0 0 -1 3010.DAT
0 STEP
1 86 1400.0 -480 1120.0 0 0 1 0 1 0 -1 0 0 3001.DAT
0 STEP
1 86 1400.0 -984 1110.0 0 0 1 0 1 0 -1 0 0 3002.DAT
0 STEP
1 86 1400.0 -1032 1090.0 -1 0 0 0 1 0 0 0 -1 3004.DAT
0 STEP
1 86 1440.0 -528 1110.0 -1 0 0 0 1 0 0 0 -1 3009.DAT
0 STEP
1 86 1390.0 -1032 1160.0 0 0 1 0 1 0 -1 0 0 3009.DAT
0 STEP
1 86 1420.0 -528 1130.0 -1 0 0 0 1 0 0 0 -1 3010.DAT
0 STEP
1 86 1400.0 -984 1180.0 0 0 1 0 1 0 -1 0 0 3001.DAT
0 STEP
1 86 1420.0 -480 1170.0 -1 0 0 0 1 0 0 0 -1 3010.DAT
0 STEP
1 86 1420.0 -528 1180.0 -1 0 0 0 1 0 0 0 -1 3001.DAT
0 STEP
1 86 1400.0 -480 1190.0 -1 0 0 0 1 0 0 0 -1 3004.DAT
0 STEP
1 86 1400.0 -480 1240.0 0 0 1 0 1 0 -1 0 0 3001.DAT
0 STEP
1 86 1390.0 -504 1210.0 0 0 1 0 1 0 -1 0 0 3005.DAT
0 STEP
1 86 1400.0 -1008 1240.0 0 0 1 0 1 0 -1 0 0 3001.DAT
0 STEP
1 86 1420.0 -456 1230.0 -1 0 0 0 1 0 0 0 -1 3010.DAT
0 STEP
1 86 1390.0 -456 1250.0 0 0 1 0 1 0 -1 0 0 3005.DAT
0 STEP
1 86 1420.0 -456 1280.0 -1 0 0 0 1 0 0 0 -1 3001.DAT
0 STEP
1 86 1390.0 -528 1270.0 0 0 1 0 1 0 -1 0 0 3005.DAT
0 STEP
1 86 1390.0 -1008 1310.0 0 0 1 0 1 0 -1 0 0 3622.DAT
0 STEP
1 86 1390.0 -1032 1350.0 0 0 1 0 1 0 -1 0 0 3622.DAT
0 STEP
1 86 1420.0 -984 1370.0 -1 0 0 0 1 0 0 0 -1 3010.DAT
0 STEP
1 86 1440.0 -528 790.0 -1 0 0 0 1 0 0 0 -1 3010.DAT
0 STEP
1 86 1420.0 -480 860.0 0 0 1 0 1 0 -1 0 0 3001.DAT
0 STEP
1 86 1410.0 -528 860.0 0 0 1 0 1 0 -1 0 0 3010.DAT
0 STEP
1 86 1420.0 -984 870.0 0 0 1 0 1 0 -1 0 0 3002.DAT
0 STEP
1 86 1460.0 -1008 850.0 -1 0 0 0 1 0 0 0 -1 3009.DAT
0 STEP
1 86 1420.0 -1032 900.0 0 0 1 0 1 0 -1 0 0 2456.DAT
0 STEP
1 86 1410.0 -1008 940.0 0 0 1 0 1 0 -1 0 0 3009.DAT
0 STEP
1 86 1410.0 -480 980.0 0 0 1 0 1 0 -1 0 0 3008.DAT
0 STEP
1 86 1410.0 -528 910.0 0 0 1 0 1 0 -1 0 0 3005.DAT
0 STEP
1 86 1410.0 -528 1000.0 0 0 1 0 1 0 -1 0 0 3008.DAT
0 STEP
1 86 1430.0 -504 960.0 -1 0 0 0 1 0 0 0 -1 3002.DAT
0 STEP
1 86 1430.0 -1032 970.0 -1 0 0 0 1 0 0 0 -1 3622.DAT
0 STEP
1 86 1430.0 -504 990.0 -1 0 0 0 1 0 0 0 -1 3622.DAT
0 STEP
1 86 1460.0 -1008 1020.0 -1 0 0 0 1 0 0 0 -1 2456.DAT
0 STEP
1 86 1410.0 -1008 1080.0 0 0 1 0 1 0 -1 0 0 3010.DAT
0 STEP
1 86 1410.0 -528 1090.0 0 0 1 0 1 0 -1 0 0 3005.DAT
0 STEP
1 86 1420.0 -504 1110.0 -1 0 0 0 1 0 0 0 -1 3004.DAT
0 STEP
1 86 1410.0 -1032 1140.0 0 0 1 0 1 0 -1 0 0 3010.DAT
0 STEP
1 86 1420.0 -456 1160.0 0 0 1 0 1 0 -1 0 0 3001.DAT
0 STEP
1 86 1410.0 -504 1130.0 0 0 1 0 1 0 -1 0 0 3005.DAT
0 STEP
1 86 1410.0 -504 1180.0 0 0 1 0 1 0 -1 0 0 3010.DAT
0 STEP
1 86 1410.0 -1008 1190.0 0 0 1 0 1 0 -1 0 0 3005.DAT
0 STEP
1 86 1430.0 -1032 1200.0 -1 0 0 0 1 0 0 0 -1 3002.DAT
0 STEP
1 86 1430.0 -1032 1230.0 -1 0 0 0 1 0 0 0 -1 3622.DAT
0 STEP
1 86 1440.0 -456 1250.0 -1 0 0 0 1 0 0 0 -1 3010.DAT
0 STEP
1 86 1410.0 -504 1250.0 0 0 1 0 1 0 -1 0 0 3005.DAT
0 STEP
1 86 1480.0 -984 1250.0 -1 0 0 0 1 0 0 0 -1 3008.DAT
0 STEP
1 86 1440.0 -528 1270.0 -1 0 0 0 1 0 0 0 -1 3010.DAT
0 STEP
1 86 1410.0 -480 1290.0 0 0 1 0 1 0 -1 0 0 3005.DAT
0 STEP
1 86 1410.0 -984 1290.0 0 0 1 0 1 0 -1 0 0 3005.DAT
0 STEP
1 86 1440.0 -1008 1300.0 -1 0 0 0 1 0 0 0 -1 3001.DAT
0 STEP
1 86 1420.0 -1032 1340.0 0 0 1 0 1 0 -1 0 0 3001.DAT
0 STEP
1 86 1440.0 -1008 1340.0 -1 0 0 0 1 0 0 0 -1 3001.DAT
0 STEP
1 86 1410.0 -1008 1370.0 0 0 1 0 1 0 -1 0 0 3005.DAT
0 STEP
1 86 1430.0 -456 770.0 0 0 1 0 1 0 -1 0 0 3005.DAT
0 STEP
1 86 1430.0 -504 800.0 0 0 1 0 1 0 -1 0 0 3010.DAT
0 STEP
1 86 1430.0 -456 820.0 0 0 1 0 1 0 -1 0 0 3010.DAT
0 STEP
1 86 1430.0 -480 790.0 0 0 1 0 1 0 -1 0 0 3005.DAT
0 STEP
1 86 1430.0 -528 830.0 0 0 1 0 1 0 -1 0 0 3005.DAT
0 STEP
1 86 1430.0 -504 850.0 0 0 1 0 1 0 -1 0 0 3005.DAT
0 STEP
1 86 1440.0 -528 920.0 0 0 1 0 1 0 -1 0 0 3007.DAT
0 STEP
1 86 1440.0 -456 920.0 0 0 1 0 1 0 -1 0 0 3001.DAT
0 STEP
1 86 1500.0 -1008 890.0 -1 0 0 0 1 0 0 0 -1 3008.DAT
0 STEP
1 86 1430.0 -480 940.0 0 0 1 0 1 0 -1 0 0 3010.DAT
0 STEP
1 86 1500.0 -1008 920.0 -1 0 0 0 1 0 0 0 -1 3007.DAT
0 STEP
1 86 1430.0 -1008 970.0 0 0 1 0 1 0 -1 0 0 3622.DAT
0 STEP
1 86 1460.0 -480 1000.0 -1 0 0 0 1 0 0 0 -1 3001.DAT
0 STEP
1 86 1440.0 -984 1020.0 0 0 1 0 1 0 -1 0 0 3001.DAT
0 STEP
1 86 1460.0 -528 1010.0 -1 0 0 0 1 0 0 0 -1 3010.DAT
0 STEP
1 86 1430.0 -480 1080.0 0 0 1 0 1 0 -1 0 0 3009.DAT
0 STEP
1 86 1440.0 -528 1060.0 0 0 1 0 1 0 -1 0 0 3001.DAT
0 STEP
1 86 1460.0 -456 1050.0 -1 0 0 0 1 0 0 0 -1 3010.DAT
0 STEP
1 86 1430.0 -1008 1070.0 0 0 1 0 1 0 -1 0 0 3622.DAT
0 STEP
1 86 1430.0 -456 1080.0 0 0 1 0 1 0 -1 0 0 3004.DAT
0 STEP
1 86 1430.0 -984 1120.0 0 0 1 0 1 0 -1 0 0 3010.DAT
0 STEP
1 86 1440.0 -1032 1120.0 0 0 1 0 1 0 -1 0 0 3001.DAT
0 STEP
1 86 1460.0 -456 1110.0 -1 0 0 0 1 0 0 0 -1 3010.DAT
0 STEP
1 86 1450.0 -1008 1110.0 -1 0 0 0 1 0 0 0 -1 3622.DAT
0 STEP
1 86 1430.0 -504 1160.0 0 0 1 0 1 0 -1 0 0 3010.DAT
0 STEP
1 86 1460.0 -480 1150.0 -1 0 0 0 1 0 0 0 -1 3010.DAT
0 STEP
1 86 1430.0 -984 1190.0 0 0 1 0 1 0 -1 0 0 3622.DAT
0 STEP
1 86 1440.0 -1032 1170.0 -1 0 0 0 1 0 0 0 -1 3004.DAT
0 STEP
1 86 1440.0 -480 1220.0 0 0 1 0 1 0 -1 0 0 3001.DAT
0 STEP
1 86 1480.0 -1008 1190.0 -1 0 0 0 1 0 0 0 -1 3009.DAT
0 STEP
1 86 1460.0 -456 1210.0 -1 0 0 0 1 0 0 0 -1 3010.DAT
0 STEP
1 86 1430.0 -504 1210.0 0 0 1 0 1 0 -1 0 0 3005.DAT
0 STEP
1 86 1430.0 -1008 1240.0 0 0 1 0 1 0 -1 0 0 3010.DAT
0 STEP
1 86 1430.0 -504 1260.0 0 0 1 0 1 0 -1 0 0 3010.DAT
0 STEP
1 86 1440.0 -1032 1250.0 -1 0 0 0 1 0 0 0 -1 3004.DAT
0 STEP
1 86 1430.0 -480 1270.0 0 0 1 0 1 0 -1 0 0 3005.DAT
0 STEP
1 86 1430.0 -984 1300.0 0 0 1 0 1 0 -1 0 0 3010.DAT
0 STEP
1 86 1430.0 -1032 1280.0 0 0 1 0 1 0 -1 0 0 3004.DAT
0 STEP
1 86 1460.0 -480 1290.0 -1 0 0 0 1 0 0 0 -1 3010.DAT
0 STEP
1 86 1460.0 -1008 1370.0 -1 0 0 0 1 0 0 0 -1 3010.DAT
0 STEP
1 86 1460.0 -456 800.0 0 0 1 0 1 0 -1 0 0 3001.DAT
0 STEP
1 86 1450.0 -480 770.0 0 0 1 0 1 0 -1 0 0 3005.DAT
0 STEP
1 86 1500.0 -504 770.0 -1 0 0 0 1 0 0 0 -1 3009.DAT
0 STEP
1 86 1480.0 -480 790.0 -1 0 0 0 1 0 0 0 -1 3010.DAT
0 STEP
1 86 1460.0 -504 820.0 0 0 1 0 1 0 -1 0 0 3001.DAT
0 STEP
1 86 1480.0 -528 820.0 -1 0 0 0 1 0 0 0 -1 3001.DAT
0 STEP
1 86 1450.0 -480 860.0 0 0 1 0 1 0 -1 0 0 3010.DAT
0 STEP
1 86 1470.0 -456 850.0 -1 0 0 0 1 0 0 0 -1 3622.DAT
0 STEP
1 86 1450.0 -984 900.0 0 0 1 0 1 0 -1 0 0 3009.DAT
0 STEP
1 86 1450.0 -1032 900.0 0 0 1 0 1 0 -1 0 0 3009.DAT
0 STEP
1 86 1460.0 -480 940.0 0 0 1 0 1 0 -1 0 0 3001.DAT
0 STEP
1 86 1450.0 -504 920.0 0 0 1 0 1 0 -1 0 0 3004.DAT
0 STEP
1 86 1480.0 -1008 950.0 -1 0 0 0 1 0 0 0 -1 3010.DAT
0 STEP
1 86 1480.0 -1008 980.0 -1 0 0 0 1 0 0 0 -1 3001.DAT
0 STEP
1 86 1450.0 -456 1010.0 0 0 1 0 1 0 -1 0 0 3622.DAT
0 STEP
1 86 1460.0 -480 1080.0 0 0 1 0 1 0 -1 0 0 2456.DAT
0 STEP
1 86 1480.0 -1008 1060.0 -1 0 0 0 1 0 0 0 -1 3001.DAT
0 STEP
1 86 1480.0 -456 1070.0 -1 0 0 0 1 0 0 0 -1 3010.DAT
0 STEP
1 86 1470.0 -456 1090.0 -1 0 0 0 1 0 0 0 -1 3622.DAT
0 STEP
1 86 1450.0 -504 1120.0 0 0 1 0 1 0 -1 0 0 3010.DAT
0 STEP
1 86 1450.0 -984 1100.0 0 0 1 0 1 0 -1 0 0 3004.DAT
0 STEP
1 86 1480.0 -1008 1090.0 -1 0 0 0 1 0 0 0 -1 3010.DAT
0 STEP
1 86 1460.0 -456 1150.0 0 0 1 0 1 0 -1 0 0 3002.DAT
0 STEP
1 86 1500.0 -984 1130.0 -1 0 0 0 1 0 0 0 -1 3009.DAT
0 STEP
1 86 1460.0 -984 1180.0 0 0 1 0 1 0 -1 0 0 3001.DAT
0 STEP
1 86 1520.0 -504 1170.0 -1 0 0 0 1 0 0 0 -1 3008.DAT
0 STEP
1 86 1470.0 -456 1190.0 -1 0 0 0 1 0 0 0 -1 3622.DAT
0 STEP
1 86 1480.0 -504 1200.0 -1 0 0 0 1 0 0 0 -1 3001.DAT
0 STEP
1 86 1450.0 -528 1220.0 0 0 1 0 1 0 -1 0 0 3004.DAT
0 STEP
1 86 1460.0 -1008 1240.0 0 0 1 0 1 0 -1 0 0 3001.DAT
0 STEP
1 86 1460.0 -504 1260.0 0 0 1 0 1 0 -1 0 0 3001.DAT
0 STEP
1 86 1450.0 -984 1230.0 0 0 1 0 1 0 -1 0 0 3005.DAT
0 STEP
1 86 1480.0 -480 1270.0 -1 0 0 0 1 0 0 0 -1 3010.DAT
0 STEP
1 86 1480.0 -984 1270.0 -1 0 0 0 1 0 0 0 -1 3010.DAT
0 STEP
1 86 1450.0 -1032 1300.0 0 0 1 0 1 0 -1 0 0 3010.DAT
0 STEP
1 86 1450.0 -984 1320.0 0 0 1 0 1 0 -1 0 0 3010.DAT
0 STEP
1 86 1520.0 -1032 1350.0 -1 0 0 0 1 0 0 0 -1 3008.DAT
0 STEP
1 86 1450.0 -1032 1370.0 0 0 1 0 1 0 -1 0 0 3005.DAT
0 STEP
1 86 1500.0 -480 770.0 -1 0 0 0 1 0 0 0 -1 3010.DAT
0 STEP
1 86 1470.0 -528 770.0 0 0 1 0 1 0 -1 0 0 3005.DAT
0 STEP
1 86 1490.0 -480 830.0 -1 0 0 0 1 0 0 0 -1 3622.DAT
0 STEP
1 86 1480.0 -480 870.0 0 0 1 0 1 0 -1 0 0 3002.DAT
0 STEP
1 86 1500.0 -528 850.0 -1 0 0 0 1 0 0 0 -1 3010.DAT
0 STEP
1 86 1500.0 -984 850.0 -1 0 0 0 1 0 0 0 -1 3010.DAT
0 STEP
1 86 1470.0 -1032 920.0 0 0 1 0 1 0 -1 0 0 3008.DAT
0 STEP
1 86 1470.0 -528 870.0 0 0 1 0 1 0 -1 0 0 3005.DAT
0 STEP
1 86 1470.0 -984 900.0 0 0 1 0 1 0 -1 0 0 3010.DAT
0 STEP
1 86 1480.0 -456 900.0 0 0 1 0 1 0 -1 0 0 3003.DAT
0 STEP
1 86 1470.0 -504 890.0 0 0 1 0 1 0 -1 0 0 3005.DAT
0 STEP
1 86 1470.0 -528 940.0 0 0 1 0 1 0 -1 0 0 3009.DAT
0 STEP
1 86 1500.0 -504 920.0 -1 0 0 0 1 0 0 0 -1 3001.DAT
0 STEP
1 86 1500.0 -456 930.0 -1 0 0 0 1 0 0 0 -1 3010.DAT
0 STEP
1 86 1470.0 -456 950.0 0 0 1 0 1 0 -1 0 0 3005.DAT
0 STEP
1 86 1470.0 -504 980.0 0 0 1 0 1 0 -1 0 0 3010.DAT
0 STEP
1 86 1500.0 -984 950.0 -1 0 0 0 1 0 0 0 -1 3010.DAT
0 STEP
1 86 1470.0 -984 1040.0 0 0 1 0 1 0 -1 0 0 3008.DAT
0 STEP
1 86 1500.0 -456 990.0 -1 0 0 0 1 0 0 0 -1 3010.DAT
0 STEP
1 86 1560.0 -456 1020.0 -1 0 0 0 1 0 0 0 -1 3006.DAT
0 STEP
1 86 1470.0 -1032 1030.0 0 0 1 0 1 0 -1 0 0 3622.DAT
0 STEP
1 86 1470.0 -504 1030.0 0 0 1 0 1 0 -1 0 0 3005.DAT
0 STEP
1 86 1480.0 -528 1030.0 -1 0 0 0 1 0 0 0 -1 3004.DAT
0 STEP
1 86 1470.0 -528 1070.0 0 0 1 0 1 0 -1 0 0 3622.DAT
0 STEP
1 86 1470.0 -1032 1140.0 0 0 1 0 1 0 -1 0 0 3008.DAT
0 STEP
1 86 1500.0 -504 1100.0 -1 0 0 0 1 0 0 0 -1 3001.DAT
0 STEP
1 86 1500.0 -504 1140.0 -1 0 0 0 1 0 0 0 -1 3001.DAT
0 STEP
1 86 1470.0 -528 1130.0 0 0 1 0 1 0 -1 0 0 3005.DAT
0 STEP
1 86 1480.0 -480 1200.0 0 0 1 0 1 0 -1 0 0 3001.DAT
0 STEP
1 86 1470.0 -528 1200.0 0 0 1 0 1 0 -1 0 0 3010.DAT
0 STEP
1 86 1470.0 -456 1230.0 0 0 1 0 1 0 -1 0 0 3005.DAT
0 STEP
1 86 1500.0 -984 1230.0 -1 0 0 0 1 0 0 0 -1 3010.DAT
0 STEP
1 86 1500.0 -1032 1240.0 -1 0 0 0 1 0 0 0 -1 3001.DAT
0 STEP
1 86 1490.0 -480 1250.0 -1 0 0 0 1 0 0 0 -1 3622.DAT
0 STEP
1 86 1470.0 -456 1270.0 0 0 1 0 1 0 -1 0 0 3005.DAT
0 STEP
1 86 1490.0 -1032 1270.0 -1 0 0 0 1 0 0 0 -1 3622.DAT
0 STEP
1 86 1520.0 -456 1290.0 -1 0 0 0 1 0 0 0 -1 3009.DAT
0 STEP
1 86 1490.0 -984 1290.0 -1 0 0 0 1 0 0 0 -1 3622.DAT
0 STEP
1 86 1520.0 -1032 1290.0 -1 0 0 0 1 0 0 0 -1 3009.DAT
0 STEP
1 86 1500.0 -984 1310.0 -1 0 0 0 1 0 0 0 -1 3010.DAT
0 STEP
1 86 1500.0 -1032 1320.0 -1 0 0 0 1 0 0 0 -1 3001.DAT
0 STEP
1 86 1480.0 -984 1350.0 0 0 1 0 1 0 -1 0 0 3002.DAT
0 STEP
1 86 1520.0 -1032 1370.0 -1 0 0 0 1 0 0 0 -1 3009.DAT
0 STEP
1 86 1490.0 -456 800.0 0 0 1 0 1 0 -1 0 0 3010.DAT
0 STEP
1 86 1500.0 -528 780.0 0 0 1 0 1 0 -1 0 0 3003.DAT
0 STEP
1 86 1490.0 -504 820.0 0 0 1 0 1 0 -1 0 0 3010.DAT
0 STEP
1 86 1490.0 -1032 900.0 0 0 1 0 1 0 -1 0 0 3009.DAT
0 STEP
1 86 1490.0 -528 890.0 0 0 1 0 1 0 -1 0 0 3622.DAT
0 STEP
1 86 1500.0 -984 900.0 0 0 1 0 1 0 -1 0 0 3001.DAT
0 STEP
1 86 1560.0 -504 890.0 -1 0 0 0 1 0 0 0 -1 3008.DAT
0 STEP
1 86 1490.0 -480 940.0 0 0 1 0 1 0 -1 0 0 3010.DAT
0 STEP
1 86 1490.0 -528 960.0 0 0 1 0 1 0 -1 0 0 3010.DAT
0 STEP
1 86 1520.0 -456 950.0 -1 0 0 0 1 0 0 0 -1 3010.DAT
0 STEP
1 86 1520.0 -504 950.0 -1 0 0 0 1 0 0 0 -1 3010.DAT
0 STEP
1 86 1520.0 -504 980.0 -1 0 0 0 1 0 0 0 -1 3001.DAT
0 STEP
1 86 1490.0 -984 990.0 0 0 1 0 1 0 -1 0 0 3622.DAT
0 STEP
1 86 1520.0 -1032 970.0 -1 0 0 0 1 0 0 0 -1 3010.DAT
0 STEP
1 86 1490.0 -1032 1010.0 0 0 1 0 1 0 -1 0 0 3622.DAT
0 STEP
1 86 1560.0 -504 1010.0 -1 0 0 0 1 0 0 0 -1 3008.DAT
0 STEP
1 86 1490.0 -480 1080.0 0 0 1 0 1 0 -1 0 0 3009.DAT
0 STEP
1 86 1520.0 -504 1030.0 -1 0 0 0 1 0 0 0 -1 3010.DAT
0 STEP
1 86 1490.0 -984 1060.0 0 0 1 0 1 0 -1 0 0 3010.DAT
0 STEP
1 86 1490.0 -528 1050.0 0 0 1 0 1 0 -1 0 0 3005.DAT
0 STEP
1 86 1490.0 -1032 1080.0 0 0 1 0 1 0 -1 0 0 3010.DAT
0 STEP
1 86 1520.0 -528 1080.0 -1 0 0 0 1 0 0 0 -1 3001.DAT
0 STEP
1 86 1490.0 -984 1110.0 0 0 1 0 1 0 -1 0 0 3005.DAT
0 STEP
1 86 1490.0 -1008 1140.0 0 0 1 0 1 0 -1 0 0 3010.DAT
0 STEP
1 86 1490.0 -456 1150.0 0 0 1 0 1 0 -1 0 0 3622.DAT
0 STEP
1 86 1500.0 -528 1180.0 0 0 1 0 1 0 -1 0 0 2456.DAT
0 STEP
1 86 1560.0 -1032 1130.0 -1 0 0 0 1 0 0 0 -1 3008.DAT
0 STEP
1 86 1510.0 -984 1150.0 -1 0 0 0 1 0 0 0 -1 3622.DAT
0 STEP
1 86 1520.0 -1032 1160.0 -1 0 0 0 1 0 0 0 -1 3001.DAT
0 STEP
1 86 1560.0 -984 1180.0 -1 0 0 0 1 0 0 0 -1 3007.DAT
0 STEP
1 86 1490.0 -1032 1200.0 0 0 1 0 1 0 -1 0 0 3004.DAT
0 STEP
1 86 1540.0 -984 1210.0 -1 0 0 0 1 0 0 0 -1 3009.DAT
0 STEP
1 86 1490.0 -1008 1280.0 0 0 1 0 1 0 -1 0 0 3008.DAT
0 STEP
1 86 1490.0 -456 1250.0 0 0 1 0 1 0 -1 0 0 3622.DAT
0 STEP
1 86 1510.0 -504 1230.0 -1 0 0 0 1 0 0 0 -1 3622.DAT
0 STEP
1 86 1510.0 -504 1260.0 -1 0 0 0 1 0 0 0 -1 3002.DAT
0 STEP
1 86 1490.0 -528 1270.0 0 0 1 0 1 0 -1 0 0 3005.DAT
0 STEP
1 86 1520.0 -504 1290.0 -1 0 0 0 1 0 0 0 -1 3010.DAT
0 STEP
1 86 1540.0 -456 780.0 -1 0 0 0 1 0 0 0 -1 3001.DAT
0 STEP
1 86 1530.0 -504 790.0 -1 0 0 0 1 0 0 0 -1 3622.DAT
0 STEP
1 86 1560.0 -456 810.0 -1 0 0 0 1 0 0 0 -1 3009.DAT
0 STEP
1 86 1510.0 -480 810.0 0 0 1 0 1 0 -1 0 0 3005.DAT
0 STEP
1 86 1510.0 -504 840.0 0 0 1 0 1 0 -1 0 0 3010.DAT
0 STEP
1 86 1510.0 -456 840.0 0 0 1 0 1 0 -1 0 0 3004.DAT
0 STEP
1 86 1510.0 -480 850.0 0 0 1 0 1 0 -1 0 0 3005.DAT
0 STEP
1 86 1520.0 -1032 880.0 0 0 1 0 1 0 -1 0 0 3001.DAT
0 STEP
1 86 1510.0 -480 900.0 0 0 1 0 1 0 -1 0 0 3010.DAT
0 STEP
1 86 1510.0 -528 920.0 0 0 1 0 1 0 -1 0 0 3009.DAT
0 STEP
1 86 1540.0 -1008 870.0 -1 0 0 0 1 0 0 0 -1 3010.DAT
0 STEP
1 86 1510.0 -456 890.0 0 0 1 0 1 0 -1 0 0 3005.DAT
0 STEP
1 86 1540.0 -456 910.0 -1 0 0 0 1 0 0 0 -1 3010.DAT
0 STEP
1 86 1540.0 -1032 930.0 -1 0 0 0 1 0 0 0 -1 3010.DAT
0 STEP
1 86 1510.0 -480 1020.0 0 0 1 0 1 0 -1 0 0 3008.DAT
0 STEP
1 86 1580.0 -1032 950.0 -1 0 0 0 1 0 0 0 -1 3008.DAT
0 STEP
1 86 1520.0 -984 1040.0 0 0 1 0 1 0 -1 0 0 3007.DAT
0 STEP
1 86 1520.0 -528 1020.0 0 0 1 0 1 0 -1 0 0 3001.DAT
0 STEP
1 86 1510.0 -1032 1040.0 0 0 1 0 1 0 -1 0 0 3009.DAT
0 STEP
1 86 1510.0 -456 1050.0 0 0 1 0 1 0 -1 0 0 3005.DAT
0 STEP
1 86 1510.0 -456 1160.0 0 0 1 0 1 0 -1 0 0 3008.DAT
0 STEP
1 86 1510.0 -480 1130.0 0 0 1 0 1 0 -1 0 0 3622.DAT
0 STEP
1 86 1530.0 -528 1110.0 -1 0 0 0 1 0 0 0 -1 3622.DAT
0 STEP
1 86 1520.0 -1008 1140.0 0 0 1 0 1 0 -1 0 0 3001.DAT
0 STEP
1 86 1510.0 -1032 1110.0 0 0 1 0 1 0 -1 0 0 3005.DAT
0 STEP
1 86 1520.0 -480 1170.0 -1 0 0 0 1 0 0 0 -1 3004.DAT
0 STEP
1 86 1510.0 -480 1210.0 0 0 1 0 1 0 -1 0 0 3622.DAT
0 STEP
1 86 1510.0 -1032 1190.0 0 0 1 0 1 0 -1 0 0 3005.DAT
0 STEP
1 86 1510.0 -1008 1240.0 0 0 1 0 1 0 -1 0 0 3010.DAT
0 STEP
1 86 1560.0 -1032 1210.0 -1 0 0 0 1 0 0 0 -1 3009.DAT
0 STEP
1 86 1540.0 -456 1260.0 -1 0 0 0 1 0 0 0 -1 3001.DAT
0 STEP
1 86 1510.0 -528 1250.0 0 0 1 0 1 0 -1 0 0 3005.DAT
0 STEP
1 86 1560.0 -528 1280.0 -1 0 0 0 1 0 0 0 -1 2456.DAT
0 STEP
1 86 1510.0 -480 1290.0 0 0 1 0 1 0 -1 0 0 3005.DAT
0 STEP
1 86 1530.0 -1008 1290.0 -1 0 0 0 1 0 0 0 -1 3622.DAT
0 STEP
1 86 1510.0 -1008 1340.0 0 0 1 0 1 0 -1 0 0 3010.DAT
0 STEP
1 86 1510.0 -984 1340.0 0 0 1 0 1 0 -1 0 0 3004.DAT
0 STEP
1 86 1540.0 -984 1370.0 -1 0 0 0 1 0 0 0 -1 3010.DAT
0 STEP
1 86 1530.0 -528 800.0 0 0 1 0 1 0 -1 0 0 3010.DAT
0 STEP
1 86 1530.0 -480 820.0 0 0 1 0 1 0 -1 0 0 3010.DAT
0 STEP
1 86 1540.0 -504 820.0 0 0 1 0 1 0 -1 0 0 3003.DAT
0 STEP
1 86 1530.0 -456 830.0 0 0 1 0 1 0 -1 0 0 3005.DAT
0 STEP
1 86 1560.0 -456 850.0 -1 0 0 0 1 0 0 0 -1 3010.DAT
0 STEP
1 86 1550.0 -504 860.0 -1 0 0 0 1 0 0 0 -1 3002.DAT
0 STEP
1 86 1600.0 -1008 850.0 -1 0 0 0 1 0 0 0 -1 3008.DAT
0 STEP
1 86 1560.0 -456 880.0 -1 0 0 0 1 0 0 0 -1 3001.DAT
0 STEP
1 86 1530.0 -480 890.0 0 0 1 0 1 0 -1 0 0 3622.DAT
0 STEP
1 86 1530.0 -528 880.0 0 0 1 0 1 0 -1 0 0 3004.DAT
0 STEP
1 86 1530.0 -984 900.0 0 0 1 0 1 0 -1 0 0 3010.DAT
0 STEP
1 86 1560.0 -528 910.0 -1 0 0 0 1 0 0 0 -1 3010.DAT
0 STEP
1 86 1560.0 -480 930.0 -1 0 0 0 1 0 0 0 -1 3010.DAT
0 STEP
1 86 1530.0 -528 950.0 0 0 1 0 1 0 -1 0 0 3622.DAT
0 STEP
1 86 1530.0 -480 1000.0 0 0 1 0 1 0 -1 0 0 3009.DAT
0 STEP
1 86 1560.0 -1008 960.0 -1 0 0 0 1 0 0 0 -1 3001.DAT
0 STEP
1 86 1560.0 -1008 1000.0 -1 0 0 0 1 0 0 0 -1 3001.DAT
0 STEP
1 86 1540.0 -1032 1010.0 0 0 1 0 1 0 -1 0 0 3002.DAT
0 STEP
1 86 1560.0 -1008 1040.0 -1 0 0 0 1 0 0 0 -1 3001.DAT
0 STEP
1 86 1540.0 -456 1120.0 0 0 1 0 1 0 -1 0 0 3007.DAT
0 STEP
1 86 1540.0 -1032 1080.0 0 0 1 0 1 0 -1 0 0 3001.DAT
0 STEP
1 86 1550.0 -480 1080.0 -1 0 0 0 1 0 0 0 -1 3002.DAT
0 STEP
1 86 1580.0 -1008 1070.0 -1 0 0 0 1 0 0 0 -1 3009.DAT
0 STEP
1 86 1600.0 -1008 1090.0 -1 0 0 0 1 0 0 0 -1 3008.DAT
0 STEP
1 86 1560.0 -480 1120.0 -1 0 0 0 1 0 0 0 -1 3001.DAT
0 STEP
1 86 1560.0 -528 1130.0 -1 0 0 0 1 0 0 0 -1 3010.DAT
0 STEP
1 86 1560.0 -480 1150.0 -1 0 0 0 1 0 0 0 -1 3010.DAT
0 STEP
1 86 1540.0 -528 1180.0 0 0 1 0 1 0 -1 0 0 3001.DAT
0 STEP
1 86 1530.0 -480 1240.0 0 0 1 0 1 0 -1 0 0 3009.DAT
0 STEP
1 86 1550.0 -504 1190.0 -1 0 0 0 1 0 0 0 -1 3622.DAT
0 STEP
1 86 1600.0 -1032 1190.0 -1 0 0 0 1 0 0 0 -1 3008.DAT
0 STEP
1 86 1560.0 -456 1210.0 -1 0 0 0 1 0 0 0 -1 3010.DAT
0 STEP
1 86 1530.0 -504 1210.0 0 0 1 0 1 0 -1 0 0 3005.DAT
0 STEP
1 86 1540.0 -1008 1240.0 0 0 1 0 1 0 -1 0 0 3001.DAT
0 STEP
1 86 1550.0 -456 1230.0 -1 0 0 0 1 0 0 0 -1 3622.DAT
0 STEP
1 86 1560.0 -528 1240.0 -1 0 0 0 1 0 0 0 -1 3001.DAT
0 STEP
1 86 1530.0 -984 1280.0 0 0 1 0 1 0 -1 0 0 3004.DAT
0 STEP
1 86 1560.0 -1032 1270.0 -1 0 0 0 1 0 0 0 -1 3010.DAT
0 STEP
1 86 1540.0 -1008 1340.0 0 0 1 0 1 0 -1 0 0 3001.DAT
0 STEP
1 86 1560.0 -984 1340.0 -1 0 0 0 1 0 0 0 -1 3001.DAT
0 STEP
1 86 1550.0 -480 840.0 0 0 1 0 1 0 -1 0 0 3008.DAT
0 STEP
1 86 1550.0 -528 770.0 0 0 1 0 1 0 -1 0 0 3005.DAT
0 STEP
1 86 1580.0 -528 790.0 -1 0 0 0 1 0 0 0 -1 3010.DAT
0 STEP
1 86 1580.0 -528 820.0 -1 0 0 0 1 0 0 0 -1 3001.DAT
0 STEP
1 86 1580.0 -456 830.0 -1 0 0 0 1 0 0 0 -1 3010.DAT
0 STEP
1 86 1550.0 -528 870.0 0 0 1 0 1 0 -1 0 0 3622.DAT
0 STEP
1 86 1550.0 -984 880.0 0 0 1 0 1 0 -1 0 0 3010.DAT
0 STEP
1 86 1560.0 -1032 880.0 0 0 1 0 1 0 -1 0 0 3001.DAT
0 STEP
1 86 1560.0 -504 910.0 -1 0 0 0 1 0 0 0 -1 3004.DAT
0 STEP
1 86 1550.0 -456 930.0 0 0 1 0 1 0 -1 0 0 3005.DAT
0 STEP
1 86 1550.0 -504 930.0 0 0 1 0 1 0 -1 0 0 3005.DAT
0 STEP
1 86 1550.0 -528 980.0 0 0 1 0 1 0 -1 0 0 3009.DAT
0 STEP
1 86 1580.0 -984 930.0 -1 0 0 0 1 0 0 0 -1 3010.DAT
0 STEP
1 86 1620.0 -480 950.0 -1 0 0 0 1 0 0 0 -1 3008.DAT
0 STEP
1 86 1550.0 -984 1000.0 0 0 1 0 1 0 -1 0 0 3009.DAT
0 STEP
1 86 1550.0 -456 980.0 0 0 1 0 1 0 -1 0 0 3004.DAT
0 STEP
1 86 1580.0 -480 970.0 -1 0 0 0 1 0 0 0 -1 3010.DAT
0 STEP
1 86 1560.0 -480 1020.0 0 0 1 0 1 0 -1 0 0 3001.DAT
0 STEP
1 86 1550.0 -552 990.0 0 0 1 0 1 0 -1 0 0 3005.DAT
0 STEP
1 86 1550.0 -576 990.0 0 0 1 0 1 0 -1 0 0 3005.DAT
0 STEP
1 86 1550.0 -600 990.0 0 0 1 0 1 0 -1 0 0 3005.DAT
0 STEP
1 86 1550.0 -624 990.0 0 0 1 0 1 0 -1 0 0 3005.DAT
0 STEP
1 86 1550.0 -648 990.0 0 0 1 0 1 0 -1 0 0 3005.DAT
0 STEP
1 86 1550.0 -672 990.0 0 0 1 0 1 0 -1 0 0 3005.DAT
0 STEP
1 86 1550.0 -696 990.0 0 0 1 0 1 0 -1 0 0 3005.DAT
0 STEP
1 86 1550.0 -720 990.0 0 0 1 0 1 0 -1 0 0 3005.DAT
0 STEP
1 86 1550.0 -744 990.0 0 0 1 0 1 0 -1 0 0 3005.DAT
0 STEP
1 86 1550.0 -768 990.0 0 0 1 0 1 0 -1 0 0 3005.DAT
0 STEP
1 86 1550.0 -792 990.0 0 0 1 0 1 0 -1 0 0 3005.DAT
0 STEP
1 86 1550.0 -816 990.0 0 0 1 0 1 0 -1 0 0 3005.DAT
0 STEP
1 86 1550.0 -840 990.0 0 0 1 0 1 0 -1 0 0 3005.DAT
0 STEP
1 86 1550.0 -864 990.0 0 0 1 0 1 0 -1 0 0 3005.DAT
0 STEP
1 86 1550.0 -888 990.0 0 0 1 0 1 0 -1 0 0 3005.DAT
0 STEP
1 86 1550.0 -912 990.0 0 0 1 0 1 0 -1 0 0 3005.DAT
0 STEP
1 86 1550.0 -936 990.0 0 0 1 0 1 0 -1 0 0 3005.DAT
0 STEP
1 86 1550.0 -960 990.0 0 0 1 0 1 0 -1 0 0 3005.DAT
0 STEP
1 86 1550.0 -504 1100.0 0 0 1 0 1 0 -1 0 0 3009.DAT
0 STEP
1 86 1550.0 -528 1050.0 0 0 1 0 1 0 -1 0 0 3005.DAT
0 STEP
1 86 1560.0 -984 1090.0 0 0 1 0 1 0 -1 0 0 3002.DAT
0 STEP
1 86 1560.0 -1008 1140.0 0 0 1 0 1 0 -1 0 0 3001.DAT
0 STEP
1 86 1580.0 -984 1150.0 -1 0 0 0 1 0 0 0 -1 3010.DAT
0 STEP
1 86 1560.0 -480 1180.0 0 0 1 0 1 0 -1 0 0 3003.DAT
0 STEP
1 86 1560.0 -552 1180.0 0 0 1 0 1 0 -1 0 0 3003.DAT
0 STEP
1 86 1560.0 -576 1180.0 0 0 1 0 1 0 -1 0 0 3003.DAT
0 STEP
1 86 1560.0 -600 1180.0 0 0 1 0 1 0 -1 0 0 3003.DAT
0 STEP
1 86 1560.0 -624 1180.0 0 0 1 0 1 0 -1 0 0 3003.DAT
0 STEP
1 86 1560.0 -648 1180.0 0 0 1 0 1 0 -1 0 0 3003.DAT
0 STEP
1 86 1560.0 -672 1180.0 0 0 1 0 1 0 -1 0 0 3003.DAT
0 STEP
1 86 1560.0 -696 1180.0 0 0 1 0 1 0 -1 0 0 3003.DAT
0 STEP
1 86 1560.0 -720 1180.0 0 0 1 0 1 0 -1 0 0 3003.DAT
0 STEP
1 86 1560.0 -744 1180.0 0 0 1 0 1 0 -1 0 0 3003.DAT
0 STEP
1 86 1560.0 -768 1180.0 0 0 1 0 1 0 -1 0 0 3003.DAT
0 STEP
1 86 1560.0 -792 1180.0 0 0 1 0 1 0 -1 0 0 3003.DAT
0 STEP
1 86 1560.0 -816 1180.0 0 0 1 0 1 0 -1 0 0 3003.DAT
0 STEP
1 86 1560.0 -840 1180.0 0 0 1 0 1 0 -1 0 0 3003.DAT
0 STEP
1 86 1560.0 -864 1180.0 0 0 1 0 1 0 -1 0 0 3003.DAT
0 STEP
1 86 1560.0 -888 1180.0 0 0 1 0 1 0 -1 0 0 3003.DAT
0 STEP
1 86 1560.0 -912 1180.0 0 0 1 0 1 0 -1 0 0 3003.DAT
0 STEP
1 86 1560.0 -936 1180.0 0 0 1 0 1 0 -1 0 0 3003.DAT
0 STEP
1 86 1560.0 -960 1180.0 0 0 1 0 1 0 -1 0 0 3003.DAT
0 STEP
1 86 1550.0 -1008 1190.0 0 0 1 0 1 0 -1 0 0 3005.DAT
0 STEP
1 86 1560.0 -480 1230.0 0 0 1 0 1 0 -1 0 0 3002.DAT
0 STEP
1 86 1550.0 -504 1240.0 0 0 1 0 1 0 -1 0 0 3010.DAT
0 STEP
1 86 1550.0 -984 1230.0 0 0 1 0 1 0 -1 0 0 3005.DAT
0 STEP
1 86 1550.0 -1032 1230.0 0 0 1 0 1 0 -1 0 0 3005.DAT
0 STEP
1 86 1570.0 -1032 1250.0 -1 0 0 0 1 0 0 0 -1 3622.DAT
0 STEP
1 86 1580.0 -480 1280.0 -1 0 0 0 1 0 0 0 -1 3001.DAT
0 STEP
1 86 1550.0 -984 1270.0 0 0 1 0 1 0 -1 0 0 3005.DAT
0 STEP
1 86 1600.0 -984 1300.0 -1 0 0 0 1 0 0 0 -1 2456.DAT
0 STEP
1 86 1570.0 -1032 1320.0 -1 0 0 0 1 0 0 0 -1 3002.DAT
0 STEP
1 86 1580.0 -480 770.0 -1 0 0 0 1 0 0 0 -1 3004.DAT
0 STEP
1 86 1570.0 -504 800.0 0 0 1 0 1 0 -1 0 0 3010.DAT
0 STEP
1 86 1640.0 -528 770.0 -1 0 0 0 1 0 0 0 -1 3008.DAT
0 STEP
1 86 1570.0 -480 790.0 0 0 1 0 1 0 -1 0 0 3005.DAT
0 STEP
1 86 1570.0 -480 860.0 0 0 1 0 1 0 -1 0 0 3009.DAT
0 STEP
1 86 1600.0 -528 850.0 -1 0 0 0 1 0 0 0 -1 3010.DAT
0 STEP
1 86 1600.0 -984 860.0 -1 0 0 0 1 0 0 0 -1 3001.DAT
0 STEP
1 86 1580.0 -528 880.0 0 0 1 0 1 0 -1 0 0 3003.DAT
0 STEP
1 86 1600.0 -984 900.0 -1 0 0 0 1 0 0 0 -1 3001.DAT
0 STEP
1 86 1570.0 -456 960.0 0 0 1 0 1 0 -1 0 0 3010.DAT
0 STEP
1 86 1570.0 -504 960.0 0 0 1 0 1 0 -1 0 0 3010.DAT
0 STEP
1 86 1580.0 -528 930.0 -1 0 0 0 1 0 0 0 -1 3004.DAT
0 STEP
1 86 1570.0 -528 950.0 0 0 1 0 1 0 -1 0 0 3005.DAT
0 STEP
1 86 1600.0 -984 960.0 -1 0 0 0 1 0 0 0 -1 3001.DAT
0 STEP
1 86 1580.0 -528 1040.0 0 0 1 0 1 0 -1 0 0 3007.DAT
0 STEP
1 86 1570.0 -1032 1000.0 0 0 1 0 1 0 -1 0 0 3010.DAT
0 STEP
1 86 1570.0 -984 1020.0 0 0 1 0 1 0 -1 0 0 3010.DAT
0 STEP
1 86 1600.0 -504 1040.0 -1 0 0 0 1 0 0 0 -1 3001.DAT
0 STEP
1 86 1570.0 -456 1060.0 0 0 1 0 1 0 -1 0 0 3004.DAT
0 STEP
1 86 1580.0 -1032 1080.0 0 0 1 0 1 0 -1 0 0 3001.DAT
0 STEP
1 86 1640.0 -504 1070.0 -1 0 0 0 1 0 0 0 -1 3008.DAT
0 STEP
1 86 1590.0 -456 1090.0 -1 0 0 0 1 0 0 0 -1 3622.DAT
0 STEP
1 86 1600.0 -504 1090.0 -1 0 0 0 1 0 0 0 -1 3010.DAT
0 STEP
1 86 1570.0 -456 1140.0 0 0 1 0 1 0 -1 0 0 3010.DAT
0 STEP
1 86 1600.0 -504 1120.0 -1 0 0 0 1 0 0 0 -1 3001.DAT
0 STEP
1 86 1640.0 -984 1130.0 -1 0 0 0 1 0 0 0 -1 3008.DAT
0 STEP
1 86 1600.0 -504 1150.0 -1 0 0 0 1 0 0 0 -1 3010.DAT
0 STEP
1 86 1580.0 -528 1180.0 0 0 1 0 1 0 -1 0 0 3001.DAT
0 STEP
1 86 1640.0 -1032 1150.0 -1 0 0 0 1 0 0 0 -1 3008.DAT
0 STEP
1 86 1590.0 -1032 1170.0 -1 0 0 0 1 0 0 0 -1 3622.DAT
0 STEP
1 86 1570.0 -456 1190.0 0 0 1 0 1 0 -1 0 0 3005.DAT
0 STEP
1 86 1570.0 -1008 1260.0 0 0 1 0 1 0 -1 0 0 3008.DAT
0 STEP
1 86 1620.0 -504 1210.0 -1 0 0 0 1 0 0 0 -1 3009.DAT
0 STEP
1 86 1580.0 -504 1260.0 0 0 1 0 1 0 -1 0 0 3001.DAT
0 STEP
1 86 1580.0 -984 1250.0 0 0 1 0 1 0 -1 0 0 3002.DAT
0 STEP
1 86 1620.0 -1032 1230.0 -1 0 0 0 1 0 0 0 -1 3009.DAT
0 STEP
1 86 1570.0 -1008 1360.0 0 0 1 0 1 0 -1 0 0 3004.DAT
0 STEP
1 86 1610.0 -456 780.0 -1 0 0 0 1 0 0 0 -1 3002.DAT
0 STEP
1 86 1590.0 -504 820.0 0 0 1 0 1 0 -1 0 0 3009.DAT
0 STEP
1 86 1590.0 -480 820.0 0 0 1 0 1 0 -1 0 0 3010.DAT
0 STEP
1 86 1590.0 -1032 870.0 0 0 1 0 1 0 -1 0 0 3622.DAT
0 STEP
1 86 1590.0 -480 890.0 0 0 1 0 1 0 -1 0 0 3622.DAT
0 STEP
1 86 1590.0 -1008 900.0 0 0 1 0 1 0 -1 0 0 3010.DAT
0 STEP
1 86 1590.0 -456 940.0 0 0 1 0 1 0 -1 0 0 3010.DAT
0 STEP
1 86 1590.0 -504 940.0 0 0 1 0 1 0 -1 0 0 3010.DAT
0 STEP
1 86 1620.0 -1032 920.0 -1 0 0 0 1 0 0 0 -1 3001.DAT
0 STEP
1 86 1620.0 -528 950.0 -1 0 0 0 1 0 0 0 -1 3010.DAT
0 STEP
1 86 1620.0 -1032 970.0 -1 0 0 0 1 0 0 0 -1 3010.DAT
0 STEP
1 86 1620.0 -456 990.0 -1 0 0 0 1 0 0 0 -1 3010.DAT
0 STEP
1 86 1590.0 -480 1040.0 0 0 1 0 1 0 -1 0 0 3009.DAT
0 STEP
1 86 1620.0 -504 990.0 -1 0 0 0 1 0 0 0 -1 3010.DAT
0 STEP
1 86 1620.0 -984 990.0 -1 0 0 0 1 0 0 0 -1 3010.DAT
0 STEP
1 86 1590.0 -1032 990.0 0 0 1 0 1 0 -1 0 0 3005.DAT
0 STEP
1 86 1600.0 -984 1060.0 0 0 1 0 1 0 -1 0 0 2456.DAT
0 STEP
1 86 1640.0 -1032 1010.0 -1 0 0 0 1 0 0 0 -1 3009.DAT
0 STEP
1 86 1620.0 -1032 1030.0 -1 0 0 0 1 0 0 0 -1 3010.DAT
0 STEP
1 86 1640.0 -456 1050.0 -1 0 0 0 1 0 0 0 -1 3009.DAT
0 STEP
1 86 1600.0 -456 1070.0 -1 0 0 0 1 0 0 0 -1 3004.DAT
0 STEP
1 86 1620.0 -456 1110.0 -1 0 0 0 1 0 0 0 -1 3010.DAT
0 STEP
1 86 1600.0 -1008 1140.0 0 0 1 0 1 0 -1 0 0 3001.DAT
0 STEP
1 86 1590.0 -456 1130.0 0 0 1 0 1 0 -1 0 0 3005.DAT
0 STEP
1 86 1640.0 -456 1150.0 -1 0 0 0 1 0 0 0 -1 3009.DAT
0 STEP
1 86 1590.0 -456 1180.0 0 0 1 0 1 0 -1 0 0 3004.DAT
0 STEP
1 86 1590.0 -480 1200.0 0 0 1 0 1 0 -1 0 0 3010.DAT
0 STEP
1 86 1620.0 -504 1190.0 -1 0 0 0 1 0 0 0 -1 3010.DAT
0 STEP
1 86 1640.0 -1008 1200.0 -1 0 0 0 1 0 0 0 -1 2456.DAT
0 STEP
1 86 1590.0 -456 1260.0 0 0 1 0 1 0 -1 0 0 3010.DAT
0 STEP
1 86 1620.0 -1008 1240.0 -1 0 0 0 1 0 0 0 -1 3001.DAT
0 STEP
1 86 1590.0 -480 1250.0 0 0 1 0 1 0 -1 0 0 3005.DAT
0 STEP
1 86 1600.0 -1008 1320.0 0 0 1 0 1 0 -1 0 0 2456.DAT
0 STEP
1 86 1590.0 -1032 1290.0 0 0 1 0 1 0 -1 0 0 3005.DAT
0 STEP
1 86 1590.0 -984 1370.0 0 0 1 0 1 0 -1 0 0 3005.DAT
0 STEP
1 86 1590.0 -1032 1370.0 0 0 1 0 1 0 -1 0 0 3005.DAT
0 STEP
1 86 1640.0 -480 780.0 -1 0 0 0 1 0 0 0 -1 3001.DAT
0 STEP
1 86 1610.0 -504 770.0 0 0 1 0 1 0 -1 0 0 3005.DAT
0 STEP
1 86 1610.0 -504 820.0 0 0 1 0 1 0 -1 0 0 3010.DAT
0 STEP
1 86 1640.0 -480 820.0 -1 0 0 0 1 0 0 0 -1 3001.DAT
0 STEP
1 86 1610.0 -456 880.0 0 0 1 0 1 0 -1 0 0 3010.DAT
0 STEP
1 86 1610.0 -480 850.0 0 0 1 0 1 0 -1 0 0 3005.DAT
0 STEP
1 86 1620.0 -1032 870.0 0 0 1 0 1 0 -1 0 0 3002.DAT
0 STEP
1 86 1610.0 -480 900.0 0 0 1 0 1 0 -1 0 0 3010.DAT
0 STEP
1 86 1620.0 -504 870.0 -1 0 0 0 1 0 0 0 -1 3004.DAT
0 STEP
1 86 1610.0 -528 900.0 0 0 1 0 1 0 -1 0 0 3010.DAT
0 STEP
1 86 1610.0 -1008 870.0 0 0 1 0 1 0 -1 0 0 3005.DAT
0 STEP
1 86 1620.0 -1008 960.0 0 0 1 0 1 0 -1 0 0 3007.DAT
0 STEP
1 86 1620.0 -504 930.0 0 0 1 0 1 0 -1 0 0 3002.DAT
0 STEP
1 86 1640.0 -456 930.0 -1 0 0 0 1 0 0 0 -1 3010.DAT
0 STEP
1 86 1620.0 -456 960.0 0 0 1 0 1 0 -1 0 0 3003.DAT
0 STEP
1 86 1640.0 -504 970.0 -1 0 0 0 1 0 0 0 -1 3010.DAT
0 STEP
1 86 1620.0 -528 1040.0 0 0 1 0 1 0 -1 0 0 3007.DAT
0 STEP
1 86 1610.0 -480 1000.0 0 0 1 0 1 0 -1 0 0 3004.DAT
0 STEP
1 86 1640.0 -1032 990.0 -1 0 0 0 1 0 0 0 -1 3010.DAT
0 STEP
1 86 1610.0 -480 1100.0 0 0 1 0 1 0 -1 0 0 3008.DAT
0 STEP
1 86 1620.0 -1008 1050.0 -1 0 0 0 1 0 0 0 -1 3004.DAT
0 STEP
1 86 1610.0 -1032 1080.0 0 0 1 0 1 0 -1 0 0 3010.DAT
0 STEP
1 86 1640.0 -456 1130.0 -1 0 0 0 1 0 0 0 -1 3010.DAT
0 STEP
1 86 1610.0 -528 1150.0 0 0 1 0 1 0 -1 0 0 3622.DAT
0 STEP
1 86 1660.0 -456 1170.0 -1 0 0 0 1 0 0 0 -1 3009.DAT
0 STEP
1 86 1640.0 -504 1170.0 -1 0 0 0 1 0 0 0 -1 3010.DAT
0 STEP
1 86 1640.0 -456 1190.0 -1 0 0 0 1 0 0 0 -1 3010.DAT
0 STEP
1 86 1610.0 -480 1190.0 0 0 1 0 1 0 -1 0 0 3005.DAT
0 STEP
1 86 1640.0 -528 1190.0 -1 0 0 0 1 0 0 0 -1 3010.DAT
0 STEP
1 86 1610.0 -456 1220.0 0 0 1 0 1 0 -1 0 0 3004.DAT
0 STEP
1 86 1620.0 -480 1210.0 -1 0 0 0 1 0 0 0 -1 3004.DAT
0 STEP
1 86 1610.0 -528 1230.0 0 0 1 0 1 0 -1 0 0 3622.DAT
0 STEP
1 86 1610.0 -984 1240.0 0 0 1 0 1 0 -1 0 0 3010.DAT
0 STEP
1 86 1610.0 -480 1240.0 0 0 1 0 1 0 -1 0 0 3004.DAT
0 STEP
1 86 1630.0 -504 1240.0 -1 0 0 0 1 0 0 0 -1 3002.DAT
0 STEP
1 86 1640.0 -456 1260.0 -1 0 0 0 1 0 0 0 -1 3001.DAT
0 STEP
1 86 1610.0 -1032 1280.0 0 0 1 0 1 0 -1 0 0 3010.DAT
0 STEP
1 86 1630.0 -504 1280.0 -1 0 0 0 1 0 0 0 -1 3002.DAT
0 STEP
1 86 1640.0 -456 1290.0 -1 0 0 0 1 0 0 0 -1 3010.DAT
0 STEP
1 86 1630.0 -984 1340.0 -1 0 0 0 1 0 0 0 -1 3002.DAT
0 STEP
1 86 1640.0 -1032 1340.0 -1 0 0 0 1 0 0 0 -1 3001.DAT
0 STEP
1 86 1640.0 -984 1370.0 -1 0 0 0 1 0 0 0 -1 3010.DAT
0 STEP
1 86 1640.0 -1032 1370.0 -1 0 0 0 1 0 0 0 -1 3010.DAT
0 STEP
1 86 1640.0 -504 800.0 0 0 1 0 1 0 -1 0 0 3001.DAT
0 STEP
1 86 1630.0 -528 810.0 0 0 1 0 1 0 -1 0 0 3622.DAT
0 STEP
1 86 1630.0 -456 860.0 0 0 1 0 1 0 -1 0 0 3009.DAT
0 STEP
1 86 1660.0 -480 860.0 -1 0 0 0 1 0 0 0 -1 3001.DAT
0 STEP
1 86 1650.0 -504 850.0 -1 0 0 0 1 0 0 0 -1 3622.DAT
0 STEP
1 86 1630.0 -528 890.0 0 0 1 0 1 0 -1 0 0 3622.DAT
0 STEP
1 86 1660.0 -1008 870.0 -1 0 0 0 1 0 0 0 -1 3010.DAT
0 STEP
1 86 1660.0 -480 890.0 -1 0 0 0 1 0 0 0 -1 3010.DAT
0 STEP
1 86 1680.0 -480 910.0 -1 0 0 0 1 0 0 0 -1 3009.DAT
0 STEP
1 86 1660.0 -480 930.0 -1 0 0 0 1 0 0 0 -1 3010.DAT
0 STEP
1 86 1660.0 -528 930.0 -1 0 0 0 1 0 0 0 -1 3010.DAT
0 STEP
1 86 1630.0 -984 930.0 0 0 1 0 1 0 -1 0 0 3005.DAT
0 STEP
1 86 1630.0 -480 990.0 0 0 1 0 1 0 -1 0 0 3622.DAT
0 STEP
1 86 1640.0 -984 1010.0 -1 0 0 0 1 0 0 0 -1 3004.DAT
0 STEP
1 86 1640.0 -480 1060.0 0 0 1 0 1 0 -1 0 0 3001.DAT
0 STEP
1 86 1630.0 -984 1060.0 0 0 1 0 1 0 -1 0 0 3010.DAT
0 STEP
1 86 1660.0 -1032 1050.0 -1 0 0 0 1 0 0 0 -1 3010.DAT
0 STEP
1 86 1630.0 -456 1080.0 0 0 1 0 1 0 -1 0 0 3004.DAT
0 STEP
1 86 1630.0 -1032 1090.0 0 0 1 0 1 0 -1 0 0 3622.DAT
0 STEP
1 86 1660.0 -480 1110.0 -1 0 0 0 1 0 0 0 -1 3010.DAT
0 STEP
1 86 1660.0 -984 1110.0 -1 0 0 0 1 0 0 0 -1 3010.DAT
0 STEP
1 86 1640.0 -1008 1140.0 0 0 1 0 1 0 -1 0 0 3001.DAT
0 STEP
1 86 1630.0 -480 1160.0 0 0 1 0 1 0 -1 0 0 3010.DAT
0 STEP
1 86 1630.0 -528 1140.0 0 0 1 0 1 0 -1 0 0 3004.DAT
0 STEP
1 86 1630.0 -984 1150.0 0 0 1 0 1 0 -1 0 0 3005.DAT
0 STEP
1 86 1660.0 -528 1170.0 -1 0 0 0 1 0 0 0 -1 3010.DAT
0 STEP
1 86 1680.0 -1032 1170.0 -1 0 0 0 1 0 0 0 -1 3009.DAT
0 STEP
1 86 1660.0 -456 1220.0 -1 0 0 0 1 0 0 0 -1 3001.DAT
0 STEP
1 86 1630.0 -528 1240.0 0 0 1 0 1 0 -1 0 0 3010.DAT
0 STEP
1 86 1630.0 -984 1210.0 0 0 1 0 1 0 -1 0 0 3005.DAT
0 STEP
1 86 1650.0 -1032 1210.0 -1 0 0 0 1 0 0 0 -1 3622.DAT
0 STEP
1 86 1640.0 -480 1260.0 0 0 1 0 1 0 -1 0 0 3001.DAT
0 STEP
1 86 1660.0 -984 1230.0 -1 0 0 0 1 0 0 0 -1 3010.DAT
0 STEP
1 86 1650.0 -984 1260.0 -1 0 0 0 1 0 0 0 -1 3002.DAT
0 STEP
1 86 1650.0 -1032 1250.0 -1 0 0 0 1 0 0 0 -1 3622.DAT
0 STEP
1 86 1630.0 -1008 1270.0 0 0 1 0 1 0 -1 0 0 3005.DAT
0 STEP
1 86 1660.0 -1032 1270.0 -1 0 0 0 1 0 0 0 -1 3010.DAT
0 STEP
1 86 1630.0 -528 1290.0 0 0 1 0 1 0 -1 0 0 3005.DAT
0 STEP
1 86 1630.0 -1008 1320.0 0 0 1 0 1 0 -1 0 0 3010.DAT
0 STEP
1 86 1630.0 -1032 1290.0 0 0 1 0 1 0 -1 0 0 3005.DAT
0 STEP
1 86 1680.0 -1032 1310.0 -1 0 0 0 1 0 0 0 -1 3009.DAT
0 STEP
1 86 1660.0 -1008 1370.0 -1 0 0 0 1 0 0 0 -1 3010.DAT
0 STEP
1 86 1650.0 -456 840.0 0 0 1 0 1 0 -1 0 0 3008.DAT
0 STEP
1 86 1680.0 -528 800.0 -1 0 0 0 1 0 0 0 -1 3001.DAT
0 STEP
1 86 1660.0 -528 860.0 0 0 1 0 1 0 -1 0 0 3001.DAT
0 STEP
1 86 1650.0 -984 900.0 0 0 1 0 1 0 -1 0 0 3009.DAT
0 STEP
1 86 1660.0 -1032 870.0 0 0 1 0 1 0 -1 0 0 3002.DAT
0 STEP
1 86 1660.0 -504 900.0 0 0 1 0 1 0 -1 0 0 3001.DAT
0 STEP
1 86 1670.0 -1008 900.0 -1 0 0 0 1 0 0 0 -1 3002.DAT
0 STEP
1 86 1670.0 -528 910.0 -1 0 0 0 1 0 0 0 -1 3622.DAT
0 STEP
1 86 1680.0 -1008 930.0 -1 0 0 0 1 0 0 0 -1 3010.DAT
0 STEP
1 86 1680.0 -456 950.0 -1 0 0 0 1 0 0 0 -1 3010.DAT
0 STEP
1 86 1660.0 -504 950.0 -1 0 0 0 1 0 0 0 -1 3004.DAT
0 STEP
1 86 1680.0 -1008 960.0 -1 0 0 0 1 0 0 0 -1 3001.DAT
0 STEP
1 86 1650.0 -456 970.0 0 0 1 0 1 0 -1 0 0 3005.DAT
0 STEP
1 86 1680.0 -480 980.0 -1 0 0 0 1 0 0 0 -1 3001.DAT
0 STEP
1 86 1650.0 -528 990.0 0 0 1 0 1 0 -1 0 0 3622.DAT
0 STEP
1 86 1650.0 -984 970.0 0 0 1 0 1 0 -1 0 0 3005.DAT
0 STEP
1 86 1650.0 -1008 1020.0 0 0 1 0 1 0 -1 0 0 3010.DAT
0 STEP
1 86 1650.0 -480 1010.0 0 0 1 0 1 0 -1 0 0 3005.DAT
0 STEP
1 86 1680.0 -504 1020.0 -1 0 0 0 1 0 0 0 -1 3001.DAT
0 STEP
1 86 1660.0 -528 1060.0 0 0 1 0 1 0 -1 0 0 3001.DAT
0 STEP
1 86 1650.0 -984 1040.0 0 0 1 0 1 0 -1 0 0 3004.DAT
0 STEP
1 86 1680.0 -504 1050.0 -1 0 0 0 1 0 0 0 -1 3010.DAT
0 STEP
1 86 1670.0 -456 1070.0 -1 0 0 0 1 0 0 0 -1 3622.DAT
0 STEP
1 86 1680.0 -984 1070.0 -1 0 0 0 1 0 0 0 -1 3010.DAT
0 STEP
1 86 1650.0 -1008 1070.0 0 0 1 0 1 0 -1 0 0 3005.DAT
0 STEP
1 86 1700.0 -1032 1070.0 -1 0 0 0 1 0 0 0 -1 3009.DAT
0 STEP
1 86 1650.0 -456 1090.0 0 0 1 0 1 0 -1 0 0 3005.DAT
0 STEP
1 86 1650.0 -504 1120.0 0 0 1 0 1 0 -1 0 0 3010.DAT
0 STEP
1 86 1650.0 -984 1090.0 0 0 1 0 1 0 -1 0 0 3005.DAT
0 STEP
1 86 1650.0 -1032 1090.0 0 0 1 0 1 0 -1 0 0 3005.DAT
0 STEP
1 86 1680.0 -528 1120.0 -1 0 0 0 1 0 0 0 -1 3001.DAT
0 STEP
1 86 1680.0 -1032 1120.0 -1 0 0 0 1 0 0 0 -1 3001.DAT
0 STEP
1 86 1650.0 -480 1130.0 0 0 1 0 1 0 -1 0 0 3005.DAT
0 STEP
1 86 1660.0 -480 1180.0 0 0 1 0 1 0 -1 0 0 3001.DAT
0 STEP
1 86 1670.0 -528 1150.0 -1 0 0 0 1 0 0 0 -1 3622.DAT
0 STEP
1 86 1650.0 -984 1180.0 0 0 1 0 1 0 -1 0 0 3010.DAT
0 STEP
1 86 1670.0 -528 1220.0 -1 0 0 0 1 0 0 0 -1 3002.DAT
0 STEP
1 86 1650.0 -528 1270.0 0 0 1 0 1 0 -1 0 0 3622.DAT
0 STEP
1 86 1650.0 -1008 1300.0 0 0 1 0 1 0 -1 0 0 3010.DAT
0 STEP
1 86 1680.0 -1032 1290.0 -1 0 0 0 1 0 0 0 -1 3010.DAT
0 STEP
1 86 1670.0 -1008 1350.0 -1 0 0 0 1 0 0 0 -1 3622.DAT
0 STEP
1 86 1680.0 -456 790.0 0 0 1 0 1 0 -1 0 0 3002.DAT
0 STEP
1 86 1670.0 -504 800.0 0 0 1 0 1 0 -1 0 0 3010.DAT
0 STEP
1 86 1670.0 -456 860.0 0 0 1 0 1 0 -1 0 0 3010.DAT
0 STEP
1 86 1720.0 -984 850.0 -1 0 0 0 1 0 0 0 -1 3009.DAT
0 STEP
1 86 1670.0 -984 900.0 0 0 1 0 1 0 -1 0 0 3010.DAT
0 STEP
1 86 1670.0 -456 910.0 0 0 1 0 1 0 -1 0 0 3005.DAT
0 STEP
1 86 1670.0 -1032 940.0 0 0 1 0 1 0 -1 0 0 3010.DAT
0 STEP
1 86 1680.0 -528 980.0 0 0 1 0 1 0 -1 0 0 3001.DAT
0 STEP
1 86 1670.0 -984 950.0 0 0 1 0 1 0 -1 0 0 3005.DAT
0 STEP
1 86 1680.0 -456 990.0 0 0 1 0 1 0 -1 0 0 3002.DAT
0 STEP
1 86 1670.0 -984 1000.0 0 0 1 0 1 0 -1 0 0 3010.DAT
0 STEP
1 86 1670.0 -504 990.0 0 0 1 0 1 0 -1 0 0 3005.DAT
0 STEP
1 86 1690.0 -1008 990.0 -1 0 0 0 1 0 0 0 -1 3622.DAT
0 STEP
1 86 1670.0 -480 1040.0 0 0 1 0 1 0 -1 0 0 3010.DAT
0 STEP
1 86 1680.0 -1008 1040.0 0 0 1 0 1 0 -1 0 0 3001.DAT
0 STEP
1 86 1700.0 -456 1030.0 -1 0 0 0 1 0 0 0 -1 3010.DAT
0 STEP
1 86 1690.0 -1032 1030.0 -1 0 0 0 1 0 0 0 -1 3622.DAT
0 STEP
1 86 1700.0 -984 1050.0 -1 0 0 0 1 0 0 0 -1 3010.DAT
0 STEP
1 86 1700.0 -456 1100.0 -1 0 0 0 1 0 0 0 -1 3001.DAT
0 STEP
1 86 1670.0 -480 1090.0 0 0 1 0 1 0 -1 0 0 3005.DAT
0 STEP
1 86 1680.0 -504 1120.0 0 0 1 0 1 0 -1 0 0 3001.DAT
0 STEP
1 86 1700.0 -984 1090.0 -1 0 0 0 1 0 0 0 -1 3010.DAT
0 STEP
1 86 1700.0 -1032 1090.0 -1 0 0 0 1 0 0 0 -1 3010.DAT
0 STEP
1 86 1670.0 -1008 1140.0 0 0 1 0 1 0 -1 0 0 3010.DAT
0 STEP
1 86 1740.0 -480 1130.0 -1 0 0 0 1 0 0 0 -1 3008.DAT
0 STEP
1 86 1700.0 -984 1150.0 -1 0 0 0 1 0 0 0 -1 3010.DAT
0 STEP
1 86 1700.0 -984 1180.0 -1 0 0 0 1 0 0 0 -1 3001.DAT
0 STEP
1 86 1690.0 -504 1190.0 -1 0 0 0 1 0 0 0 -1 3622.DAT
0 STEP
1 86 1720.0 -984 1210.0 -1 0 0 0 1 0 0 0 -1 3009.DAT
0 STEP
1 86 1670.0 -480 1240.0 0 0 1 0 1 0 -1 0 0 3004.DAT
0 STEP
1 86 1670.0 -504 1260.0 0 0 1 0 1 0 -1 0 0 3010.DAT
0 STEP
1 86 1700.0 -1008 1230.0 -1 0 0 0 1 0 0 0 -1 3010.DAT
0 STEP
1 86 1670.0 -528 1250.0 0 0 1 0 1 0 -1 0 0 3005.DAT
0 STEP
1 86 1670.0 -1008 1280.0 0 0 1 0 1 0 -1 0 0 3010.DAT
0 STEP
1 86 1700.0 -480 1280.0 -1 0 0 0 1 0 0 0 -1 3001.DAT
0 STEP
1 86 1700.0 -528 1280.0 -1 0 0 0 1 0 0 0 -1 3001.DAT
0 STEP
1 86 1670.0 -984 1320.0 0 0 1 0 1 0 -1 0 0 3010.DAT
0 STEP
1 86 1670.0 -1008 1330.0 0 0 1 0 1 0 -1 0 0 3005.DAT
0 STEP
1 86 1690.0 -480 800.0 0 0 1 0 1 0 -1 0 0 3010.DAT
0 STEP
1 86 1720.0 -504 780.0 -1 0 0 0 1 0 0 0 -1 3001.DAT
0 STEP
1 86 1690.0 -504 880.0 0 0 1 0 1 0 -1 0 0 3008.DAT
0 STEP
1 86 1690.0 -456 830.0 0 0 1 0 1 0 -1 0 0 3005.DAT
0 STEP
1 86 1720.0 -528 840.0 -1 0 0 0 1 0 0 0 -1 3001.DAT
0 STEP
1 86 1740.0 -456 850.0 -1 0 0 0 1 0 0 0 -1 3009.DAT
0 STEP
1 86 1690.0 -1008 850.0 0 0 1 0 1 0 -1 0 0 3005.DAT
0 STEP
1 86 1690.0 -1032 920.0 0 0 1 0 1 0 -1 0 0 3008.DAT
0 STEP
1 86 1700.0 -456 900.0 0 0 1 0 1 0 -1 0 0 3001.DAT
0 STEP
1 86 1690.0 -528 880.0 0 0 1 0 1 0 -1 0 0 3004.DAT
0 STEP
1 86 1720.0 -984 870.0 -1 0 0 0 1 0 0 0 -1 3010.DAT
0 STEP
1 86 1760.0 -984 890.0 -1 0 0 0 1 0 0 0 -1 3008.DAT
0 STEP
1 86 1690.0 -984 960.0 0 0 1 0 1 0 -1 0 0 3009.DAT
0 STEP
1 86 1690.0 -504 980.0 0 0 1 0 1 0 -1 0 0 3004.DAT
0 STEP
1 86 1700.0 -480 1010.0 -1 0 0 0 1 0 0 0 -1 3004.DAT
0 STEP
1 86 1700.0 -480 1060.0 0 0 1 0 1 0 -1 0 0 3001.DAT
0 STEP
1 86 1740.0 -528 1030.0 -1 0 0 0 1 0 0 0 -1 3009.DAT
0 STEP
1 86 1720.0 -984 1030.0 -1 0 0 0 1 0 0 0 -1 3010.DAT
0 STEP
1 86 1690.0 -528 1070.0 0 0 1 0 1 0 -1 0 0 3622.DAT
0 STEP
1 86 1700.0 -1008 1090.0 -1 0 0 0 1 0 0 0 -1 3004.DAT
0 STEP
1 86 1700.0 -1008 1140.0 0 0 1 0 1 0 -1 0 0 3001.DAT
0 STEP
1 86 1690.0 -456 1130.0 0 0 1 0 1 0 -1 0 0 3005.DAT
0 STEP
1 86 1720.0 -480 1150.0 -1 0 0 0 1 0 0 0 -1 3010.DAT
0 STEP
1 86 1690.0 -480 1180.0 0 0 1 0 1 0 -1 0 0 3004.DAT
0 STEP
1 86 1690.0 -504 1170.0 0 0 1 0 1 0 -1 0 0 3005.DAT
0 STEP
1 86 1690.0 -456 1190.0 0 0 1 0 1 0 -1 0 0 3005.DAT
0 STEP
1 86 1690.0 -528 1190.0 0 0 1 0 1 0 -1 0 0 3005.DAT
0 STEP
1 86 1690.0 -1032 1220.0 0 0 1 0 1 0 -1 0 0 3010.DAT
0 STEP
1 86 1720.0 -480 1210.0 -1 0 0 0 1 0 0 0 -1 3010.DAT
0 STEP
1 86 1690.0 -504 1240.0 0 0 1 0 1 0 -1 0 0 3010.DAT
0 STEP
1 86 1720.0 -480 1240.0 -1 0 0 0 1 0 0 0 -1 3001.DAT
0 STEP
1 86 1690.0 -456 1270.0 0 0 1 0 1 0 -1 0 0 3622.DAT
0 STEP
1 86 1720.0 -528 1250.0 -1 0 0 0 1 0 0 0 -1 3010.DAT
0 STEP
1 86 1690.0 -984 1280.0 0 0 1 0 1 0 -1 0 0 3010.DAT
0 STEP
1 86 1690.0 -1008 1250.0 0 0 1 0 1 0 -1 0 0 3005.DAT
0 STEP
1 86 1720.0 -1008 1270.0 -1 0 0 0 1 0 0 0 -1 3010.DAT
0 STEP
1 86 1690.0 -504 1290.0 0 0 1 0 1 0 -1 0 0 3005.DAT
0 STEP
1 86 1690.0 -1008 1310.0 0 0 1 0 1 0 -1 0 0 3622.DAT
0 STEP
1 86 1690.0 -984 1350.0 0 0 1 0 1 0 -1 0 0 3622.DAT
0 STEP
1 86 1690.0 -1032 1350.0 0 0 1 0 1 0 -1 0 0 3622.DAT
0 STEP
1 86 1710.0 -456 790.0 0 0 1 0 1 0 -1 0 0 3622.DAT
0 STEP
1 86 1720.0 -480 820.0 0 0 1 0 1 0 -1 0 0 2456.DAT
0 STEP
1 86 1740.0 -504 810.0 -1 0 0 0 1 0 0 0 -1 3010.DAT
0 STEP
1 86 1740.0 -456 830.0 -1 0 0 0 1 0 0 0 -1 3010.DAT
0 STEP
1 86 1710.0 -504 880.0 0 0 1 0 1 0 -1 0 0 3009.DAT
0 STEP
1 86 1720.0 -1008 880.0 0 0 1 0 1 0 -1 0 0 3001.DAT
0 STEP
1 86 1740.0 -1032 860.0 -1 0 0 0 1 0 0 0 -1 3001.DAT
0 STEP
1 86 1740.0 -528 870.0 -1 0 0 0 1 0 0 0 -1 3010.DAT
0 STEP
1 86 1780.0 -480 890.0 -1 0 0 0 1 0 0 0 -1 3008.DAT
0 STEP
1 86 1710.0 -528 920.0 0 0 1 0 1 0 -1 0 0 3010.DAT
0 STEP
1 86 1740.0 -1032 890.0 -1 0 0 0 1 0 0 0 -1 3010.DAT
0 STEP
1 86 1740.0 -984 920.0 -1 0 0 0 1 0 0 0 -1 3001.DAT
0 STEP
1 86 1710.0 -1032 910.0 0 0 1 0 1 0 -1 0 0 3005.DAT
0 STEP
1 86 1710.0 -480 940.0 0 0 1 0 1 0 -1 0 0 3004.DAT
0 STEP
1 86 1740.0 -1032 930.0 -1 0 0 0 1 0 0 0 -1 3010.DAT
0 STEP
1 86 1740.0 -504 960.0 -1 0 0 0 1 0 0 0 -1 3001.DAT
0 STEP
1 86 1740.0 -984 950.0 -1 0 0 0 1 0 0 0 -1 3010.DAT
0 STEP
1 86 1710.0 -1032 980.0 0 0 1 0 1 0 -1 0 0 3010.DAT
0 STEP
1 86 1740.0 -456 970.0 -1 0 0 0 1 0 0 0 -1 3010.DAT
0 STEP
1 86 1710.0 -528 970.0 0 0 1 0 1 0 -1 0 0 3005.DAT
0 STEP
1 86 1710.0 -984 970.0 0 0 1 0 1 0 -1 0 0 3005.DAT
0 STEP
1 86 1720.0 -456 1000.0 0 0 1 0 1 0 -1 0 0 3003.DAT
0 STEP
1 86 1710.0 -504 990.0 0 0 1 0 1 0 -1 0 0 3005.DAT
0 STEP
1 86 1730.0 -528 1000.0 -1 0 0 0 1 0 0 0 -1 3002.DAT
0 STEP
1 86 1760.0 -984 990.0 -1 0 0 0 1 0 0 0 -1 3009.DAT
0 STEP
1 86 1730.0 -984 1010.0 -1 0 0 0 1 0 0 0 -1 3622.DAT
0 STEP
1 86 1710.0 -1008 1040.0 0 0 1 0 1 0 -1 0 0 3010.DAT
0 STEP
1 86 1720.0 -456 1060.0 0 0 1 0 1 0 -1 0 0 3003.DAT
0 STEP
1 86 1740.0 -528 1050.0 -1 0 0 0 1 0 0 0 -1 3010.DAT
0 STEP
1 86 1710.0 -1032 1050.0 0 0 1 0 1 0 -1 0 0 3005.DAT
0 STEP
1 86 1710.0 -528 1080.0 0 0 1 0 1 0 -1 0 0 3004.DAT
0 STEP
1 86 1740.0 -504 1090.0 -1 0 0 0 1 0 0 0 -1 3010.DAT
0 STEP
1 86 1710.0 -480 1110.0 0 0 1 0 1 0 -1 0 0 3005.DAT
0 STEP
1 86 1720.0 -504 1110.0 -1 0 0 0 1 0 0 0 -1 3004.DAT
0 STEP
1 86 1710.0 -984 1110.0 0 0 1 0 1 0 -1 0 0 3005.DAT
0 STEP
1 86 1710.0 -456 1140.0 0 0 1 0 1 0 -1 0 0 3004.DAT
0 STEP
1 86 1710.0 -504 1150.0 0 0 1 0 1 0 -1 0 0 3622.DAT
0 STEP
1 86 1710.0 -528 1180.0 0 0 1 0 1 0 -1 0 0 3010.DAT
0 STEP
1 86 1740.0 -480 1180.0 -1 0 0 0 1 0 0 0 -1 3001.DAT
0 STEP
1 86 1710.0 -456 1240.0 0 0 1 0 1 0 -1 0 0 3009.DAT
0 STEP
1 86 1710.0 -1008 1200.0 0 0 1 0 1 0 -1 0 0 3004.DAT
0 STEP
1 86 1710.0 -1032 1190.0 0 0 1 0 1 0 -1 0 0 3005.DAT
0 STEP
1 86 1710.0 -504 1210.0 0 0 1 0 1 0 -1 0 0 3005.DAT
0 STEP
1 86 1710.0 -1032 1240.0 0 0 1 0 1 0 -1 0 0 3010.DAT
0 STEP
1 86 1710.0 -504 1260.0 0 0 1 0 1 0 -1 0 0 3010.DAT
0 STEP
1 86 1740.0 -528 1230.0 -1 0 0 0 1 0 0 0 -1 3010.DAT
0 STEP
1 86 1710.0 -984 1280.0 0 0 1 0 1 0 -1 0 0 3009.DAT
0 STEP
1 86 1740.0 -1008 1250.0 -1 0 0 0 1 0 0 0 -1 3010.DAT
0 STEP
1 86 1710.0 -1008 1320.0 0 0 1 0 1 0 -1 0 0 3010.DAT
0 STEP
1 86 1710.0 -1032 1340.0 0 0 1 0 1 0 -1 0 0 3004.DAT
0 STEP
1 86 1710.0 -984 1350.0 0 0 1 0 1 0 -1 0 0 3005.DAT
0 STEP
1 86 1750.0 -456 770.0 -1 0 0 0 1 0 0 0 -1 3622.DAT
0 STEP
1 86 1740.0 -528 790.0 0 0 1 0 1 0 -1 0 0 3002.DAT
0 STEP
1 86 1730.0 -456 800.0 0 0 1 0 1 0 -1 0 0 3004.DAT
0 STEP
1 86 1760.0 -504 830.0 -1 0 0 0 1 0 0 0 -1 3010.DAT
0 STEP
1 86 1740.0 -504 880.0 0 0 1 0 1 0 -1 0 0 3001.DAT
0 STEP
1 86 1760.0 -456 870.0 -1 0 0 0 1 0 0 0 -1 3010.DAT
0 STEP
1 86 1730.0 -456 890.0 0 0 1 0 1 0 -1 0 0 3005.DAT
0 STEP
1 86 1730.0 -528 890.0 0 0 1 0 1 0 -1 0 0 3005.DAT
0 STEP
1 86 1760.0 -456 910.0 -1 0 0 0 1 0 0 0 -1 3010.DAT
0 STEP
1 86 1730.0 -528 940.0 0 0 1 0 1 0 -1 0 0 3010.DAT
0 STEP
1 86 1760.0 -1032 910.0 -1 0 0 0 1 0 0 0 -1 3010.DAT
0 STEP
1 86 1730.0 -456 940.0 0 0 1 0 1 0 -1 0 0 3004.DAT
0 STEP
1 86 1730.0 -480 930.0 0 0 1 0 1 0 -1 0 0 3005.DAT
0 STEP
1 86 1750.0 -504 930.0 -1 0 0 0 1 0 0 0 -1 3622.DAT
0 STEP
1 86 1730.0 -1008 930.0 0 0 1 0 1 0 -1 0 0 3005.DAT
0 STEP
1 86 1730.0 -480 980.0 0 0 1 0 1 0 -1 0 0 3010.DAT
0 STEP
1 86 1730.0 -1008 980.0 0 0 1 0 1 0 -1 0 0 3010.DAT
0 STEP
1 86 1760.0 -1032 960.0 -1 0 0 0 1 0 0 0 -1 3001.DAT
0 STEP
1 86 1780.0 -984 970.0 -1 0 0 0 1 0 0 0 -1 3009.DAT
0 STEP
1 86 1740.0 -504 1020.0 0 0 1 0 1 0 -1 0 0 3001.DAT
0 STEP
1 86 1730.0 -1032 1020.0 0 0 1 0 1 0 -1 0 0 3010.DAT
0 STEP
1 86 1780.0 -480 1030.0 -1 0 0 0 1 0 0 0 -1 3009.DAT
0 STEP
1 86 1730.0 -1008 1030.0 0 0 1 0 1 0 -1 0 0 3005.DAT
0 STEP
1 86 1730.0 -480 1080.0 0 0 1 0 1 0 -1 0 0 3010.DAT
0 STEP
1 86 1730.0 -1008 1120.0 0 0 1 0 1 0 -1 0 0 3008.DAT
0 STEP
1 86 1750.0 -504 1070.0 -1 0 0 0 1 0 0 0 -1 3622.DAT
0 STEP
1 86 1740.0 -528 1100.0 0 0 1 0 1 0 -1 0 0 3001.DAT
0 STEP
1 86 1730.0 -984 1070.0 0 0 1 0 1 0 -1 0 0 3005.DAT
0 STEP
1 86 1730.0 -984 1120.0 0 0 1 0 1 0 -1 0 0 3004.DAT
0 STEP
1 86 1730.0 -1032 1130.0 0 0 1 0 1 0 -1 0 0 3622.DAT
0 STEP
1 86 1730.0 -456 1180.0 0 0 1 0 1 0 -1 0 0 3009.DAT
0 STEP
1 86 1730.0 -504 1200.0 0 0 1 0 1 0 -1 0 0 3008.DAT
0 STEP
1 86 1760.0 -528 1150.0 -1 0 0 0 1 0 0 0 -1 3010.DAT
0 STEP
1 86 1760.0 -528 1180.0 -1 0 0 0 1 0 0 0 -1 3001.DAT
0 STEP
1 86 1740.0 -1032 1240.0 0 0 1 0 1 0 -1 0 0 2456.DAT
0 STEP
1 86 1750.0 -528 1210.0 -1 0 0 0 1 0 0 0 -1 3622.DAT
0 STEP
1 86 1730.0 -1008 1210.0 0 0 1 0 1 0 -1 0 0 3005.DAT
0 STEP
1 86 1730.0 -984 1230.0 0 0 1 0 1 0 -1 0 0 3005.DAT
0 STEP
1 86 1730.0 -456 1270.0 0 0 1 0 1 0 -1 0 0 3622.DAT
0 STEP
1 86 1730.0 -984 1280.0 0 0 1 0 1 0 -1 0 0 3010.DAT
0 STEP
1 86 1730.0 -504 1290.0 0 0 1 0 1 0 -1 0 0 3005.DAT
0 STEP
1 86 1740.0 -1008 1290.0 -1 0 0 0 1 0 0 0 -1 3004.DAT
0 STEP
1 86 1730.0 -1008 1310.0 0 0 1 0 1 0 -1 0 0 3005.DAT
0 STEP
1 86 1760.0 -480 820.0 0 0 1 0 1 0 -1 0 0 2456.DAT
0 STEP
1 86 1760.0 -456 790.0 -1 0 0 0 1 0 0 0 -1 3004.DAT
0 STEP
1 86 1780.0 -456 810.0 -1 0 0 0 1 0 0 0 -1 3010.DAT
0 STEP
1 86 1750.0 -1008 880.0 0 0 1 0 1 0 -1 0 0 3010.DAT
0 STEP
1 86 1780.0 -456 890.0 -1 0 0 0 1 0 0 0 -1 3010.DAT
0 STEP
1 86 1800.0 -528 900.0 -1 0 0 0 1 0 0 0 -1 2456.DAT
0 STEP
1 86 1750.0 -480 910.0 0 0 1 0 1 0 -1 0 0 3005.DAT
0 STEP
1 86 1780.0 -456 940.0 -1 0 0 0 1 0 0 0 -1 3001.DAT
0 STEP
1 86 1750.0 -480 960.0 0 0 1 0 1 0 -1 0 0 3010.DAT
0 STEP
1 86 1780.0 -528 930.0 -1 0 0 0 1 0 0 0 -1 3010.DAT
0 STEP
1 86 1780.0 -1008 930.0 -1 0 0 0 1 0 0 0 -1 3010.DAT
0 STEP
1 86 1750.0 -528 960.0 0 0 1 0 1 0 -1 0 0 3004.DAT
0 STEP
1 86 1750.0 -1008 1000.0 0 0 1 0 1 0 -1 0 0 3009.DAT
0 STEP
1 86 1750.0 -456 990.0 0 0 1 0 1 0 -1 0 0 3005.DAT
0 STEP
1 86 1780.0 -1032 990.0 -1 0 0 0 1 0 0 0 -1 3010.DAT
0 STEP
1 86 1750.0 -456 1060.0 0 0 1 0 1 0 -1 0 0 3009.DAT
0 STEP
1 86 1800.0 -480 1010.0 -1 0 0 0 1 0 0 0 -1 3009.DAT
0 STEP
1 86 1780.0 -1032 1020.0 -1 0 0 0 1 0 0 0 -1 3001.DAT
0 STEP
1 86 1780.0 -480 1060.0 -1 0 0 0 1 0 0 0 -1 3001.DAT
0 STEP
1 86 1750.0 -984 1080.0 0 0 1 0 1 0 -1 0 0 3010.DAT
0 STEP
1 86 1760.0 -1032 1050.0 -1 0 0 0 1 0 0 0 -1 3004.DAT
0 STEP
1 86 1780.0 -1008 1070.0 -1 0 0 0 1 0 0 0 -1 3010.DAT
0 STEP
1 86 1780.0 -480 1100.0 -1 0 0 0 1 0 0 0 -1 3001.DAT
0 STEP
1 86 1780.0 -1008 1100.0 -1 0 0 0 1 0 0 0 -1 3001.DAT
0 STEP
1 86 1750.0 -1032 1090.0 0 0 1 0 1 0 -1 0 0 3005.DAT
0 STEP
1 86 1760.0 -504 1160.0 0 0 1 0 1 0 -1 0 0 2456.DAT
0 STEP
1 86 1750.0 -1032 1140.0 0 0 1 0 1 0 -1 0 0 3010.DAT
0 STEP
1 86 1770.0 -456 1140.0 -1 0 0 0 1 0 0 0 -1 3002.DAT
0 STEP
1 86 1760.0 -984 1160.0 0 0 1 0 1 0 -1 0 0 3001.DAT
0 STEP
1 86 1780.0 -1008 1130.0 -1 0 0 0 1 0 0 0 -1 3010.DAT
0 STEP
1 86 1750.0 -1008 1150.0 0 0 1 0 1 0 -1 0 0 3005.DAT
0 STEP
1 86 1750.0 -456 1170.0 0 0 1 0 1 0 -1 0 0 3005.DAT
0 STEP
1 86 1750.0 -1008 1200.0 0 0 1 0 1 0 -1 0 0 3010.DAT
0 STEP
1 86 1750.0 -456 1220.0 0 0 1 0 1 0 -1 0 0 3010.DAT
0 STEP
1 86 1750.0 -504 1240.0 0 0 1 0 1 0 -1 0 0 3004.DAT
0 STEP
1 86 1750.0 -984 1260.0 0 0 1 0 1 0 -1 0 0 3010.DAT
0 STEP
1 86 1770.0 -504 780.0 0 0 1 0 1 0 -1 0 0 3004.DAT
0 STEP
1 86 1800.0 -528 780.0 -1 0 0 0 1 0 0 0 -1 3001.DAT
0 STEP
1 86 1770.0 -528 830.0 0 0 1 0 1 0 -1 0 0 3622.DAT
0 STEP
1 86 1770.0 -504 880.0 0 0 1 0 1 0 -1 0 0 3010.DAT
0 STEP
1 86 1800.0 -1008 850.0 -1 0 0 0 1 0 0 0 -1 3010.DAT
0 STEP
1 86 1770.0 -984 870.0 0 0 1 0 1 0 -1 0 0 3005.DAT
0 STEP
1 86 1780.0 -1008 890.0 0 0 1 0 1 0 -1 0 0 3002.DAT
0 STEP
1 86 1800.0 -480 920.0 -1 0 0 0 1 0 0 0 -1 3001.DAT
0 STEP
1 86 1800.0 -480 960.0 -1 0 0 0 1 0 0 0 -1 3001.DAT
0 STEP
1 86 1800.0 -528 960.0 -1 0 0 0 1 0 0 0 -1 3001.DAT
0 STEP
1 86 1770.0 -1008 950.0 0 0 1 0 1 0 -1 0 0 3005.DAT
0 STEP
1 86 1770.0 -1008 1000.0 0 0 1 0 1 0 -1 0 0 3010.DAT
0 STEP
1 86 1770.0 -456 1010.0 0 0 1 0 1 0 -1 0 0 3622.DAT
0 STEP
1 86 1800.0 -480 990.0 -1 0 0 0 1 0 0 0 -1 3010.DAT
0 STEP
1 86 1780.0 -504 1020.0 0 0 1 0 1 0 -1 0 0 3001.DAT
0 STEP
1 86 1800.0 -528 990.0 -1 0 0 0 1 0 0 0 -1 3010.DAT
0 STEP
1 86 1780.0 -528 1010.0 -1 0 0 0 1 0 0 0 -1 3004.DAT
0 STEP
1 86 1800.0 -984 1010.0 -1 0 0 0 1 0 0 0 -1 3010.DAT
0 STEP
1 86 1770.0 -984 1060.0 0 0 1 0 1 0 -1 0 0 3010.DAT
0 STEP
1 86 1800.0 -456 1050.0 -1 0 0 0 1 0 0 0 -1 3010.DAT
0 STEP
1 86 1800.0 -1008 1050.0 -1 0 0 0 1 0 0 0 -1 3010.DAT
0 STEP
1 86 1780.0 -456 1090.0 0 0 1 0 1 0 -1 0 0 3002.DAT
0 STEP
1 86 1780.0 -528 1100.0 0 0 1 0 1 0 -1 0 0 3001.DAT
0 STEP
1 86 1770.0 -1032 1070.0 0 0 1 0 1 0 -1 0 0 3005.DAT
0 STEP
1 86 1770.0 -1032 1160.0 0 0 1 0 1 0 -1 0 0 3008.DAT
0 STEP
1 86 1770.0 -984 1110.0 0 0 1 0 1 0 -1 0 0 3005.DAT
0 STEP
1 86 1770.0 -480 1150.0 0 0 1 0 1 0 -1 0 0 3005.DAT
0 STEP
1 86 1780.0 -1008 1170.0 0 0 1 0 1 0 -1 0 0 3002.DAT
0 STEP
1 86 1770.0 -456 1200.0 0 0 1 0 1 0 -1 0 0 3010.DAT
0 STEP
1 86 1770.0 -480 1210.0 0 0 1 0 1 0 -1 0 0 3005.DAT
0 STEP
1 86 1770.0 -1008 1220.0 0 0 1 0 1 0 -1 0 0 3004.DAT
0 STEP
1 86 1770.0 -984 1240.0 0 0 1 0 1 0 -1 0 0 3004.DAT
0 STEP
1 86 1770.0 -1032 1250.0 0 0 1 0 1 0 -1 0 0 3005.DAT
0 STEP
1 86 1800.0 -456 780.0 0 0 1 0 1 0 -1 0 0 3003.DAT
0 STEP
1 86 1820.0 -480 770.0 -1 0 0 0 1 0 0 0 -1 3010.DAT
0 STEP
1 86 1790.0 -504 790.0 0 0 1 0 1 0 -1 0 0 3622.DAT
0 STEP
1 86 1790.0 -480 790.0 0 0 1 0 1 0 -1 0 0 3005.DAT
0 STEP
1 86 1800.0 -480 840.0 0 0 1 0 1 0 -1 0 0 3001.DAT
0 STEP
1 86 1790.0 -528 840.0 0 0 1 0 1 0 -1 0 0 3010.DAT
0 STEP
1 86 1790.0 -456 830.0 0 0 1 0 1 0 -1 0 0 3005.DAT
0 STEP
1 86 1820.0 -504 850.0 -1 0 0 0 1 0 0 0 -1 3010.DAT
0 STEP
1 86 1810.0 -984 860.0 -1 0 0 0 1 0 0 0 -1 3002.DAT
0 STEP
1 86 1800.0 -1032 870.0 0 0 1 0 1 0 -1 0 0 3002.DAT
0 STEP
1 86 1790.0 -504 870.0 0 0 1 0 1 0 -1 0 0 3005.DAT
0 STEP
1 86 1790.0 -504 920.0 0 0 1 0 1 0 -1 0 0 3010.DAT
0 STEP
1 86 1790.0 -984 930.0 0 0 1 0 1 0 -1 0 0 3622.DAT
0 STEP
1 86 1790.0 -1032 930.0 0 0 1 0 1 0 -1 0 0 3005.DAT
0 STEP
1 86 1800.0 -1008 980.0 0 0 1 0 1 0 -1 0 0 3001.DAT
0 STEP
1 86 1800.0 -456 1000.0 0 0 1 0 1 0 -1 0 0 3001.DAT
0 STEP
1 86 1790.0 -504 970.0 0 0 1 0 1 0 -1 0 0 3005.DAT
0 STEP
1 86 1790.0 -984 1050.0 0 0 1 0 1 0 -1 0 0 3622.DAT
0 STEP
1 86 1810.0 -1008 1030.0 -1 0 0 0 1 0 0 0 -1 3622.DAT
0 STEP
1 86 1790.0 -528 1050.0 0 0 1 0 1 0 -1 0 0 3005.DAT
0 STEP
1 86 1800.0 -1032 1080.0 0 0 1 0 1 0 -1 0 0 3001.DAT
0 STEP
1 86 1800.0 -504 1100.0 0 0 1 0 1 0 -1 0 0 3001.DAT
0 STEP
1 86 1790.0 -984 1140.0 0 0 1 0 1 0 -1 0 0 3009.DAT
0 STEP
1 86 1790.0 -1032 1160.0 0 0 1 0 1 0 -1 0 0 3010.DAT
0 STEP
1 86 1790.0 -480 1160.0 0 0 1 0 1 0 -1 0 0 3004.DAT
0 STEP
1 86 1790.0 -504 1160.0 0 0 1 0 1 0 -1 0 0 3004.DAT
0 STEP
1 86 1790.0 -456 1180.0 0 0 1 0 1 0 -1 0 0 3004.DAT
0 STEP
1 86 1810.0 -504 800.0 0 0 1 0 1 0 -1 0 0 3010.DAT
0 STEP
1 86 1840.0 -480 790.0 -1 0 0 0 1 0 0 0 -1 3010.DAT
0 STEP
1 86 1840.0 -528 820.0 -1 0 0 0 1 0 0 0 -1 3001.DAT
0 STEP
1 86 1810.0 -456 850.0 0 0 1 0 1 0 -1 0 0 3622.DAT
0 STEP
1 86 1840.0 -528 860.0 -1 0 0 0 1 0 0 0 -1 3001.DAT
0 STEP
1 86 1820.0 -504 900.0 0 0 1 0 1 0 -1 0 0 3001.DAT
0 STEP
1 86 1820.0 -1008 890.0 0 0 1 0 1 0 -1 0 0 3002.DAT
0 STEP
1 86 1810.0 -456 910.0 0 0 1 0 1 0 -1 0 0 3005.DAT
0 STEP
1 86 1820.0 -984 930.0 0 0 1 0 1 0 -1 0 0 3002.DAT
0 STEP
1 86 1820.0 -1032 940.0 0 0 1 0 1 0 -1 0 0 3001.DAT
0 STEP
1 86 1810.0 -504 950.0 0 0 1 0 1 0 -1 0 0 3005.DAT
0 STEP
1 86 1810.0 -504 1000.0 0 0 1 0 1 0 -1 0 0 3010.DAT
0 STEP
1 86 1810.0 -528 1060.0 0 0 1 0 1 0 -1 0 0 3009.DAT
0 STEP
1 86 1810.0 -984 1080.0 0 0 1 0 1 0 -1 0 0 3009.DAT
0 STEP
1 86 1810.0 -504 1050.0 0 0 1 0 1 0 -1 0 0 3005.DAT
0 STEP
1 86 1810.0 -456 1100.0 0 0 1 0 1 0 -1 0 0 3010.DAT
0 STEP
1 86 1810.0 -528 1130.0 0 0 1 0 1 0 -1 0 0 3005.DAT
0 STEP
1 86 1810.0 -1032 1130.0 0 0 1 0 1 0 -1 0 0 3005.DAT
0 STEP
1 86 1830.0 -456 800.0 0 0 1 0 1 0 -1 0 0 3010.DAT
0 STEP
1 86 1840.0 -504 780.0 0 0 1 0 1 0 -1 0 0 3003.DAT
0 STEP
1 86 1830.0 -480 840.0 0 0 1 0 1 0 -1 0 0 3010.DAT
0 STEP
1 86 1850.0 -504 820.0 -1 0 0 0 1 0 0 0 -1 3002.DAT
0 STEP
1 86 1830.0 -456 870.0 0 0 1 0 1 0 -1 0 0 3622.DAT
0 STEP
1 86 1830.0 -1032 870.0 0 0 1 0 1 0 -1 0 0 3622.DAT
0 STEP
1 86 1840.0 -456 960.0 0 0 1 0 1 0 -1 0 0 2456.DAT
0 STEP
1 86 1830.0 -528 930.0 0 0 1 0 1 0 -1 0 0 3005.DAT
0 STEP
1 86 1830.0 -1008 930.0 0 0 1 0 1 0 -1 0 0 3005.DAT
0 STEP
1 86 1840.0 -504 960.0 0 0 1 0 1 0 -1 0 0 3003.DAT
0 STEP
1 86 1830.0 -1008 980.0 0 0 1 0 1 0 -1 0 0 3010.DAT
0 STEP
1 86 1830.0 -504 1020.0 0 0 1 0 1 0 -1 0 0 3010.DAT
0 STEP
1 86 1830.0 -984 990.0 0 0 1 0 1 0 -1 0 0 3005.DAT
0 STEP
1 86 1830.0 -1032 1020.0 0 0 1 0 1 0 -1 0 0 3010.DAT
0 STEP
1 86 1840.0 -528 1010.0 -1 0 0 0 1 0 0 0 -1 3004.DAT
0 STEP
1 86 1830.0 -456 1030.0 0 0 1 0 1 0 -1 0 0 3005.DAT
0 STEP
1 86 1830.0 -528 1060.0 0 0 1 0 1 0 -1 0 0 3010.DAT
0 STEP
1 86 1830.0 -984 1040.0 0 0 1 0 1 0 -1 0 0 3004.DAT
0 STEP
1 86 1830.0 -480 1060.0 0 0 1 0 1 0 -1 0 0 3004.DAT
0 STEP
1 86 1830.0 -456 1080.0 0 0 1 0 1 0 -1 0 0 3004.DAT
0 STEP
1 86 1830.0 -504 1070.0 0 0 1 0 1 0 -1 0 0 3005.DAT
0 STEP
1 86 1850.0 -456 820.0 0 0 1 0 1 0 -1 0 0 3009.DAT
0 STEP
1 86 1850.0 -528 770.0 0 0 1 0 1 0 -1 0 0 3005.DAT
0 STEP
1 86 1860.0 -528 790.0 -1 0 0 0 1 0 0 0 -1 3004.DAT
0 STEP
1 86 1860.0 -480 840.0 0 0 1 0 1 0 -1 0 0 3001.DAT
0 STEP
1 86 1850.0 -504 900.0 0 0 1 0 1 0 -1 0 0 3010.DAT
0 STEP
1 86 1850.0 -456 890.0 0 0 1 0 1 0 -1 0 0 3005.DAT
0 STEP
1 86 1850.0 -480 940.0 0 0 1 0 1 0 -1 0 0 3010.DAT
0 STEP
1 86 1850.0 -528 960.0 0 0 1 0 1 0 -1 0 0 3010.DAT
0 STEP
1 86 1850.0 -480 990.0 0 0 1 0 1 0 -1 0 0 3005.DAT
0 STEP
1 86 1850.0 -504 1000.0 0 0 1 0 1 0 -1 0 0 3004.DAT
0 STEP
1 86 1870.0 -456 820.0 0 0 1 0 1 0 -1 0 0 3010.DAT
0 STEP
1 86 1870.0 -504 790.0 0 0 1 0 1 0 -1 0 0 3005.DAT
0 STEP
1 86 1870.0 -504 860.0 0 0 1 0 1 0 -1 0 0 3004.DAT
0 STEP
1 86 1870.0 -456 870.0 0 0 1 0 1 0 -1 0 0 3005.DAT
0 STEP
