1 86 10.0 0 10.0 0 0 1 0 1 0 -1 0 0 3005.DAT
0 STEP
1 86 20.0 -24 10.0 -1 0 0 0 1 0 0 0 -1 3004.DAT
0 STEP
1 86 10.0 -48 10.0 0 0 1 0 1 0 -1 0 0 3005.DAT
0 STEP
1 86 20.0 -72 20.0 0 0 1 0 1 0 -1 0 0 3003.DAT
0 STEP
1 86 40.0 -96 10.0 -1 0 0 0 1 0 0 0 -1 3010.DAT
0 STEP
1 86 20.0 -120 60.0 0 0 1 0 1 0 -1 0 0 2456.DAT
0 STEP
1 86 10.0 -144 60.0 0 0 1 0 1 0 -1 0 0 3009.DAT
0 STEP
1 86 80.0 -168 10.0 -1 0 0 0 1 0 0 0 -1 3008.DAT
0 STEP
1 86 40.0 -192 20.0 -1 0 0 0 1 0 0 0 -1 3001.DAT
0 STEP
1 86 10.0 -216 10.0 0 0 1 0 1 0 -1 0 0 3005.DAT
0 STEP
1 86 40.0 -240 20.0 -1 0 0 0 1 0 0 0 -1 3001.DAT
0 STEP
1 86 20.0 -264 60.0 0 0 1 0 1 0 -1 0 0 2456.DAT
0 STEP
1 86 10.0 -288 10.0 0 0 1 0 1 0 -1 0 0 3005.DAT
0 STEP
1 86 10.0 -312 10.0 0 0 1 0 1 0 -1 0 0 3005.DAT
0 STEP
1 86 40.0 -336 10.0 -1 0 0 0 1 0 0 0 -1 3010.DAT
0 STEP
1 86 20.0 -360 20.0 0 0 1 0 1 0 -1 0 0 3003.DAT
0 STEP
1 86 40.0 -384 10.0 -1 0 0 0 1 0 0 0 -1 3010.DAT
0 STEP
1 86 10.0 -408 20.0 0 0 1 0 1 0 -1 0 0 3004.DAT
0 STEP
1 86 10.0 -96 60.0 0 0 1 0 1 0 -1 0 0 3010.DAT
0 STEP
1 86 20.0 -168 40.0 0 0 1 0 1 0 -1 0 0 3003.DAT
0 STEP
1 86 20.0 -216 30.0 -1 0 0 0 1 0 0 0 -1 3004.DAT
0 STEP
1 86 20.0 -288 30.0 -1 0 0 0 1 0 0 0 -1 3004.DAT
0 STEP
1 86 10.0 -312 40.0 0 0 1 0 1 0 -1 0 0 3004.DAT
0 STEP
1 86 20.0 -336 80.0 0 0 1 0 1 0 -1 0 0 2456.DAT
0 STEP
1 86 20.0 -384 40.0 0 0 1 0 1 0 -1 0 0 3003.DAT
0 STEP
1 86 10.0 -72 100.0 0 0 1 0 1 0 -1 0 0 3009.DAT
0 STEP
1 86 10.0 -192 50.0 0 0 1 0 1 0 -1 0 0 3005.DAT
0 STEP
1 86 10.0 -216 80.0 0 0 1 0 1 0 -1 0 0 3010.DAT
0 STEP
1 86 10.0 -240 50.0 0 0 1 0 1 0 -1 0 0 3005.DAT
0 STEP
1 86 10.0 -288 60.0 0 0 1 0 1 0 -1 0 0 3004.DAT
0 STEP
1 86 10.0 -360 100.0 0 0 1 0 1 0 -1 0 0 3009.DAT
0 STEP
1 86 10.0 -408 50.0 0 0 1 0 1 0 -1 0 0 3005.DAT
0 STEP
1 86 20.0 -168 70.0 -1 0 0 0 1 0 0 0 -1 3004.DAT
0 STEP
1 86 20.0 -192 80.0 0 0 1 0 1 0 -1 0 0 3003.DAT
0 STEP
1 86 10.0 -240 120.0 0 0 1 0 1 0 -1 0 0 3009.DAT
0 STEP
1 86 20.0 -312 70.0 -1 0 0 0 1 0 0 0 -1 3004.DAT
0 STEP
1 86 20.0 -384 70.0 -1 0 0 0 1 0 0 0 -1 3004.DAT
0 STEP
1 86 10.0 -408 80.0 0 0 1 0 1 0 -1 0 0 3004.DAT
0 STEP
1 86 20.0 -168 140.0 0 0 1 0 1 0 -1 0 0 2456.DAT
0 STEP
1 86 10.0 -288 90.0 0 0 1 0 1 0 -1 0 0 3005.DAT
0 STEP
1 86 20.0 -312 100.0 0 0 1 0 1 0 -1 0 0 3003.DAT
0 STEP
1 86 20.0 -384 100.0 0 0 1 0 1 0 -1 0 0 3003.DAT
0 STEP
1 86 10.0 -96 110.0 0 0 1 0 1 0 -1 0 0 3005.DAT
0 STEP
1 86 10.0 -192 180.0 0 0 1 0 1 0 -1 0 0 3008.DAT
0 STEP
1 86 10.0 -288 180.0 0 0 1 0 1 0 -1 0 0 3008.DAT
0 STEP
1 86 10.0 -408 110.0 0 0 1 0 1 0 -1 0 0 3005.DAT
0 STEP
1 86 20.0 -96 130.0 -1 0 0 0 1 0 0 0 -1 3004.DAT
0 STEP
1 86 10.0 -120 140.0 0 0 1 0 1 0 -1 0 0 3004.DAT
0 STEP
1 86 20.0 -144 130.0 -1 0 0 0 1 0 0 0 -1 3004.DAT
0 STEP
1 86 20.0 -216 130.0 -1 0 0 0 1 0 0 0 -1 3004.DAT
0 STEP
1 86 10.0 -264 140.0 0 0 1 0 1 0 -1 0 0 3004.DAT
0 STEP
1 86 10.0 -312 140.0 0 0 1 0 1 0 -1 0 0 3004.DAT
0 STEP
1 86 10.0 -384 130.0 0 0 1 0 1 0 -1 0 0 3005.DAT
0 STEP
1 86 10.0 -408 140.0 0 0 1 0 1 0 -1 0 0 3004.DAT
0 STEP
1 86 10.0 -96 160.0 0 0 1 0 1 0 -1 0 0 3004.DAT
0 STEP
1 86 10.0 -144 200.0 0 0 1 0 1 0 -1 0 0 3009.DAT
0 STEP
1 86 20.0 -216 160.0 0 0 1 0 1 0 -1 0 0 3003.DAT
0 STEP
1 86 20.0 -336 150.0 -1 0 0 0 1 0 0 0 -1 3004.DAT
0 STEP
1 86 10.0 -384 160.0 0 0 1 0 1 0 -1 0 0 3004.DAT
0 STEP
1 86 10.0 -72 170.0 0 0 1 0 1 0 -1 0 0 3005.DAT
0 STEP
1 86 20.0 -120 180.0 0 0 1 0 1 0 -1 0 0 3003.DAT
0 STEP
1 86 20.0 -264 200.0 0 0 1 0 1 0 -1 0 0 3001.DAT
0 STEP
1 86 20.0 -312 200.0 0 0 1 0 1 0 -1 0 0 3001.DAT
0 STEP
1 86 10.0 -336 180.0 0 0 1 0 1 0 -1 0 0 3004.DAT
0 STEP
1 86 20.0 -360 180.0 0 0 1 0 1 0 -1 0 0 3003.DAT
0 STEP
1 86 40.0 -408 170.0 -1 0 0 0 1 0 0 0 -1 3010.DAT
0 STEP
1 86 10.0 -72 220.0 0 0 1 0 1 0 -1 0 0 3010.DAT
0 STEP
1 86 20.0 -96 200.0 0 0 1 0 1 0 -1 0 0 3003.DAT
0 STEP
1 86 20.0 -216 190.0 -1 0 0 0 1 0 0 0 -1 3004.DAT
0 STEP
1 86 20.0 -240 200.0 0 0 1 0 1 0 -1 0 0 3003.DAT
0 STEP
1 86 40.0 -384 200.0 -1 0 0 0 1 0 0 0 -1 3001.DAT
0 STEP
1 86 20.0 -408 190.0 -1 0 0 0 1 0 0 0 -1 3004.DAT
0 STEP
1 86 10.0 -120 220.0 0 0 1 0 1 0 -1 0 0 3004.DAT
0 STEP
1 86 10.0 -168 220.0 0 0 1 0 1 0 -1 0 0 3004.DAT
0 STEP
1 86 10.0 -216 220.0 0 0 1 0 1 0 -1 0 0 3004.DAT
0 STEP
1 86 10.0 -336 210.0 0 0 1 0 1 0 -1 0 0 3005.DAT
0 STEP
1 86 10.0 -360 240.0 0 0 1 0 1 0 -1 0 0 3010.DAT
0 STEP
1 86 10.0 -408 220.0 0 0 1 0 1 0 -1 0 0 3004.DAT
0 STEP
1 86 10.0 -96 260.0 0 0 1 0 1 0 -1 0 0 3010.DAT
0 STEP
1 86 10.0 -240 230.0 0 0 1 0 1 0 -1 0 0 3005.DAT
0 STEP
1 86 10.0 -336 240.0 0 0 1 0 1 0 -1 0 0 3004.DAT
0 STEP
1 86 20.0 -384 240.0 0 0 1 0 1 0 -1 0 0 3003.DAT
0 STEP
1 86 20.0 -120 260.0 0 0 1 0 1 0 -1 0 0 3003.DAT
0 STEP
1 86 20.0 -168 250.0 -1 0 0 0 1 0 0 0 -1 3004.DAT
0 STEP
1 86 20.0 -216 250.0 -1 0 0 0 1 0 0 0 -1 3004.DAT
0 STEP
1 86 10.0 -240 260.0 0 0 1 0 1 0 -1 0 0 3004.DAT
0 STEP
1 86 20.0 -264 250.0 -1 0 0 0 1 0 0 0 -1 3004.DAT
0 STEP
1 86 20.0 -312 250.0 -1 0 0 0 1 0 0 0 -1 3004.DAT
0 STEP
1 86 40.0 -408 260.0 -1 0 0 0 1 0 0 0 -1 3001.DAT
0 STEP
1 86 10.0 -72 270.0 0 0 1 0 1 0 -1 0 0 3005.DAT
0 STEP
1 86 10.0 -144 270.0 0 0 1 0 1 0 -1 0 0 3005.DAT
0 STEP
1 86 10.0 -168 280.0 0 0 1 0 1 0 -1 0 0 3004.DAT
0 STEP
1 86 20.0 -192 300.0 0 0 1 0 1 0 -1 0 0 3001.DAT
0 STEP
1 86 10.0 -216 270.0 0 0 1 0 1 0 -1 0 0 3005.DAT
0 STEP
1 86 10.0 -264 300.0 0 0 1 0 1 0 -1 0 0 3010.DAT
0 STEP
1 86 20.0 -288 280.0 0 0 1 0 1 0 -1 0 0 3003.DAT
0 STEP
1 86 10.0 -312 270.0 0 0 1 0 1 0 -1 0 0 3005.DAT
0 STEP
1 86 20.0 -336 280.0 0 0 1 0 1 0 -1 0 0 3003.DAT
0 STEP
1 86 20.0 -384 270.0 -1 0 0 0 1 0 0 0 -1 3004.DAT
0 STEP
1 86 10.0 -72 320.0 0 0 1 0 1 0 -1 0 0 3010.DAT
0 STEP
1 86 10.0 -120 300.0 0 0 1 0 1 0 -1 0 0 3004.DAT
0 STEP
1 86 20.0 -144 300.0 0 0 1 0 1 0 -1 0 0 3003.DAT
0 STEP
1 86 10.0 -216 320.0 0 0 1 0 1 0 -1 0 0 3010.DAT
0 STEP
1 86 20.0 -240 320.0 0 0 1 0 1 0 -1 0 0 3001.DAT
0 STEP
1 86 10.0 -312 300.0 0 0 1 0 1 0 -1 0 0 3004.DAT
0 STEP
1 86 10.0 -360 290.0 0 0 1 0 1 0 -1 0 0 3005.DAT
0 STEP
1 86 20.0 -384 300.0 0 0 1 0 1 0 -1 0 0 3003.DAT
0 STEP
1 86 40.0 -408 290.0 -1 0 0 0 1 0 0 0 -1 3010.DAT
0 STEP
1 86 40.0 -96 310.0 -1 0 0 0 1 0 0 0 -1 3010.DAT
0 STEP
1 86 10.0 -168 310.0 0 0 1 0 1 0 -1 0 0 3005.DAT
0 STEP
1 86 20.0 -288 310.0 -1 0 0 0 1 0 0 0 -1 3004.DAT
0 STEP
1 86 10.0 -336 320.0 0 0 1 0 1 0 -1 0 0 3004.DAT
0 STEP
1 86 40.0 -360 320.0 -1 0 0 0 1 0 0 0 -1 3001.DAT
0 STEP
1 86 20.0 -408 340.0 0 0 1 0 1 0 -1 0 0 3001.DAT
0 STEP
1 86 10.0 -96 330.0 0 0 1 0 1 0 -1 0 0 3005.DAT
0 STEP
1 86 40.0 -120 340.0 -1 0 0 0 1 0 0 0 -1 3001.DAT
0 STEP
1 86 10.0 -144 330.0 0 0 1 0 1 0 -1 0 0 3005.DAT
0 STEP
1 86 20.0 -168 340.0 0 0 1 0 1 0 -1 0 0 3003.DAT
0 STEP
1 86 20.0 -288 360.0 0 0 1 0 1 0 -1 0 0 3001.DAT
0 STEP
1 86 10.0 -312 330.0 0 0 1 0 1 0 -1 0 0 3005.DAT
0 STEP
1 86 10.0 -384 360.0 0 0 1 0 1 0 -1 0 0 3010.DAT
0 STEP
1 86 10.0 -96 360.0 0 0 1 0 1 0 -1 0 0 3004.DAT
0 STEP
1 86 10.0 -144 380.0 0 0 1 0 1 0 -1 0 0 3010.DAT
0 STEP
1 86 10.0 -192 350.0 0 0 1 0 1 0 -1 0 0 3005.DAT
0 STEP
1 86 20.0 -264 360.0 0 0 1 0 1 0 -1 0 0 3003.DAT
0 STEP
1 86 10.0 -312 360.0 0 0 1 0 1 0 -1 0 0 3004.DAT
0 STEP
1 86 40.0 -336 360.0 -1 0 0 0 1 0 0 0 -1 3001.DAT
0 STEP
1 86 20.0 -360 380.0 0 0 1 0 1 0 -1 0 0 3001.DAT
0 STEP
1 86 40.0 -72 370.0 -1 0 0 0 1 0 0 0 -1 3010.DAT
0 STEP
1 86 40.0 -120 370.0 -1 0 0 0 1 0 0 0 -1 3010.DAT
0 STEP
1 86 20.0 -168 370.0 -1 0 0 0 1 0 0 0 -1 3004.DAT
0 STEP
1 86 10.0 -192 380.0 0 0 1 0 1 0 -1 0 0 3004.DAT
0 STEP
1 86 20.0 -216 380.0 0 0 1 0 1 0 -1 0 0 3003.DAT
0 STEP
1 86 20.0 -240 370.0 -1 0 0 0 1 0 0 0 -1 3004.DAT
0 STEP
1 86 20.0 -72 400.0 0 0 1 0 1 0 -1 0 0 3003.DAT
0 STEP
1 86 10.0 -96 390.0 0 0 1 0 1 0 -1 0 0 3005.DAT
0 STEP
1 86 20.0 -120 400.0 0 0 1 0 1 0 -1 0 0 3003.DAT
0 STEP
1 86 10.0 -168 390.0 0 0 1 0 1 0 -1 0 0 3005.DAT
0 STEP
1 86 20.0 -240 440.0 0 0 1 0 1 0 -1 0 0 2456.DAT
0 STEP
1 86 10.0 -264 400.0 0 0 1 0 1 0 -1 0 0 3004.DAT
0 STEP
1 86 10.0 -312 390.0 0 0 1 0 1 0 -1 0 0 3005.DAT
0 STEP
1 86 20.0 -336 390.0 -1 0 0 0 1 0 0 0 -1 3004.DAT
0 STEP
1 86 20.0 -408 390.0 -1 0 0 0 1 0 0 0 -1 3004.DAT
0 STEP
1 86 10.0 -96 420.0 0 0 1 0 1 0 -1 0 0 3004.DAT
0 STEP
1 86 10.0 -168 420.0 0 0 1 0 1 0 -1 0 0 3004.DAT
0 STEP
1 86 20.0 -192 410.0 -1 0 0 0 1 0 0 0 -1 3004.DAT
0 STEP
1 86 10.0 -216 440.0 0 0 1 0 1 0 -1 0 0 3010.DAT
0 STEP
1 86 20.0 -288 410.0 -1 0 0 0 1 0 0 0 -1 3004.DAT
0 STEP
1 86 20.0 -312 440.0 0 0 1 0 1 0 -1 0 0 3001.DAT
0 STEP
1 86 10.0 -336 410.0 0 0 1 0 1 0 -1 0 0 3005.DAT
0 STEP
1 86 60.0 -384 410.0 -1 0 0 0 1 0 0 0 -1 3009.DAT
0 STEP
1 86 20.0 -408 420.0 0 0 1 0 1 0 -1 0 0 3003.DAT
0 STEP
1 86 10.0 -72 430.0 0 0 1 0 1 0 -1 0 0 3005.DAT
0 STEP
1 86 10.0 -120 430.0 0 0 1 0 1 0 -1 0 0 3005.DAT
0 STEP
1 86 20.0 -144 430.0 -1 0 0 0 1 0 0 0 -1 3004.DAT
0 STEP
1 86 20.0 -192 460.0 0 0 1 0 1 0 -1 0 0 3001.DAT
0 STEP
1 86 10.0 -264 430.0 0 0 1 0 1 0 -1 0 0 3005.DAT
0 STEP
1 86 10.0 -288 440.0 0 0 1 0 1 0 -1 0 0 3004.DAT
0 STEP
1 86 10.0 -336 440.0 0 0 1 0 1 0 -1 0 0 3004.DAT
0 STEP
1 86 10.0 -360 430.0 0 0 1 0 1 0 -1 0 0 3005.DAT
0 STEP
1 86 10.0 -384 440.0 0 0 1 0 1 0 -1 0 0 3004.DAT
0 STEP
1 86 10.0 -72 460.0 0 0 1 0 1 0 -1 0 0 3004.DAT
0 STEP
1 86 20.0 -96 450.0 -1 0 0 0 1 0 0 0 -1 3004.DAT
0 STEP
1 86 10.0 -120 460.0 0 0 1 0 1 0 -1 0 0 3004.DAT
0 STEP
1 86 10.0 -144 450.0 0 0 1 0 1 0 -1 0 0 3005.DAT
0 STEP
1 86 40.0 -168 450.0 -1 0 0 0 1 0 0 0 -1 3010.DAT
0 STEP
1 86 20.0 -264 450.0 -1 0 0 0 1 0 0 0 -1 3004.DAT
0 STEP
1 86 10.0 -360 460.0 0 0 1 0 1 0 -1 0 0 3004.DAT
0 STEP
1 86 10.0 -408 460.0 0 0 1 0 1 0 -1 0 0 3004.DAT
0 STEP
1 86 20.0 0 470.0 -1 0 0 0 1 0 0 0 -1 3004.DAT
0 STEP
1 86 10.0 -24 470.0 0 0 1 0 1 0 -1 0 0 3005.DAT
0 STEP
1 86 20.0 -48 480.0 0 0 1 0 1 0 -1 0 0 3003.DAT
0 STEP
1 86 20.0 -96 480.0 0 0 1 0 1 0 -1 0 0 3003.DAT
0 STEP
1 86 10.0 -144 480.0 0 0 1 0 1 0 -1 0 0 3004.DAT
0 STEP
1 86 60.0 -168 480.0 -1 0 0 0 1 0 0 0 -1 2456.DAT
0 STEP
1 86 10.0 -264 480.0 0 0 1 0 1 0 -1 0 0 3004.DAT
0 STEP
1 86 60.0 -288 480.0 -1 0 0 0 1 0 0 0 -1 2456.DAT
0 STEP
1 86 20.0 -336 480.0 0 0 1 0 1 0 -1 0 0 3003.DAT
0 STEP
1 86 60.0 -384 480.0 -1 0 0 0 1 0 0 0 -1 2456.DAT
0 STEP
1 86 10.0 0 490.0 0 0 1 0 1 0 -1 0 0 3005.DAT
0 STEP
1 86 20.0 -24 490.0 -1 0 0 0 1 0 0 0 -1 3004.DAT
0 STEP
1 86 10.0 -72 490.0 0 0 1 0 1 0 -1 0 0 3005.DAT
0 STEP
1 86 80.0 -120 490.0 -1 0 0 0 1 0 0 0 -1 3008.DAT
0 STEP
1 86 10.0 -216 490.0 0 0 1 0 1 0 -1 0 0 3005.DAT
0 STEP
1 86 10.0 -312 490.0 0 0 1 0 1 0 -1 0 0 3005.DAT
0 STEP
1 86 40.0 -360 490.0 -1 0 0 0 1 0 0 0 -1 3010.DAT
0 STEP
1 86 60.0 -408 490.0 -1 0 0 0 1 0 0 0 -1 3009.DAT
0 STEP
1 86 40.0 0 10.0 -1 0 0 0 1 0 0 0 -1 3004.DAT
0 STEP
1 86 40.0 -48 10.0 -1 0 0 0 1 0 0 0 -1 3004.DAT
0 STEP
1 86 60.0 -144 20.0 -1 0 0 0 1 0 0 0 -1 3001.DAT
0 STEP
1 86 40.0 -216 10.0 -1 0 0 0 1 0 0 0 -1 3004.DAT
0 STEP
1 86 40.0 -288 10.0 -1 0 0 0 1 0 0 0 -1 3004.DAT
0 STEP
1 86 40.0 -312 20.0 0 0 1 0 1 0 -1 0 0 3003.DAT
0 STEP
1 86 40.0 -408 40.0 0 0 1 0 1 0 -1 0 0 3001.DAT
0 STEP
1 86 40.0 -96 30.0 -1 0 0 0 1 0 0 0 -1 3004.DAT
0 STEP
1 86 40.0 -72 50.0 -1 0 0 0 1 0 0 0 -1 3004.DAT
0 STEP
1 86 40.0 -96 80.0 0 0 1 0 1 0 -1 0 0 3001.DAT
0 STEP
1 86 60.0 -144 50.0 -1 0 0 0 1 0 0 0 -1 3010.DAT
0 STEP
1 86 40.0 -192 50.0 -1 0 0 0 1 0 0 0 -1 3004.DAT
0 STEP
1 86 30.0 -216 60.0 0 0 1 0 1 0 -1 0 0 3004.DAT
0 STEP
1 86 60.0 -240 50.0 -1 0 0 0 1 0 0 0 -1 3010.DAT
0 STEP
1 86 30.0 -288 50.0 0 0 1 0 1 0 -1 0 0 3005.DAT
0 STEP
1 86 40.0 -312 50.0 -1 0 0 0 1 0 0 0 -1 3004.DAT
0 STEP
1 86 40.0 -360 60.0 0 0 1 0 1 0 -1 0 0 3003.DAT
0 STEP
1 86 30.0 -72 80.0 0 0 1 0 1 0 -1 0 0 3004.DAT
0 STEP
1 86 40.0 -144 80.0 0 0 1 0 1 0 -1 0 0 3003.DAT
0 STEP
1 86 40.0 -240 80.0 0 0 1 0 1 0 -1 0 0 3003.DAT
0 STEP
1 86 40.0 -288 100.0 0 0 1 0 1 0 -1 0 0 3001.DAT
0 STEP
1 86 40.0 -216 90.0 -1 0 0 0 1 0 0 0 -1 3004.DAT
0 STEP
1 86 40.0 -360 90.0 -1 0 0 0 1 0 0 0 -1 3004.DAT
0 STEP
1 86 40.0 -408 90.0 -1 0 0 0 1 0 0 0 -1 3004.DAT
0 STEP
1 86 40.0 -72 120.0 0 0 1 0 1 0 -1 0 0 3003.DAT
0 STEP
1 86 40.0 -144 110.0 -1 0 0 0 1 0 0 0 -1 3004.DAT
0 STEP
1 86 40.0 -192 160.0 0 0 1 0 1 0 -1 0 0 2456.DAT
0 STEP
1 86 30.0 -216 110.0 0 0 1 0 1 0 -1 0 0 3005.DAT
0 STEP
1 86 40.0 -240 110.0 -1 0 0 0 1 0 0 0 -1 3004.DAT
0 STEP
1 86 40.0 -360 120.0 0 0 1 0 1 0 -1 0 0 3003.DAT
0 STEP
1 86 30.0 -408 120.0 0 0 1 0 1 0 -1 0 0 3004.DAT
0 STEP
1 86 30.0 -120 130.0 0 0 1 0 1 0 -1 0 0 3005.DAT
0 STEP
1 86 30.0 -240 140.0 0 0 1 0 1 0 -1 0 0 3004.DAT
0 STEP
1 86 40.0 -264 140.0 0 0 1 0 1 0 -1 0 0 3003.DAT
0 STEP
1 86 40.0 -312 140.0 0 0 1 0 1 0 -1 0 0 3003.DAT
0 STEP
1 86 30.0 -384 140.0 0 0 1 0 1 0 -1 0 0 3004.DAT
0 STEP
1 86 30.0 -72 150.0 0 0 1 0 1 0 -1 0 0 3005.DAT
0 STEP
1 86 30.0 -96 150.0 0 0 1 0 1 0 -1 0 0 3005.DAT
0 STEP
1 86 60.0 -120 150.0 -1 0 0 0 1 0 0 0 -1 3010.DAT
0 STEP
1 86 30.0 -144 160.0 0 0 1 0 1 0 -1 0 0 3004.DAT
0 STEP
1 86 40.0 -288 200.0 0 0 1 0 1 0 -1 0 0 2456.DAT
0 STEP
1 86 40.0 -360 150.0 -1 0 0 0 1 0 0 0 -1 3004.DAT
0 STEP
1 86 30.0 -408 150.0 0 0 1 0 1 0 -1 0 0 3005.DAT
0 STEP
1 86 30.0 -72 180.0 0 0 1 0 1 0 -1 0 0 3004.DAT
0 STEP
1 86 40.0 -96 170.0 -1 0 0 0 1 0 0 0 -1 3004.DAT
0 STEP
1 86 30.0 -240 170.0 0 0 1 0 1 0 -1 0 0 3005.DAT
0 STEP
1 86 30.0 -336 170.0 0 0 1 0 1 0 -1 0 0 3005.DAT
0 STEP
1 86 30.0 -384 170.0 0 0 1 0 1 0 -1 0 0 3005.DAT
0 STEP
1 86 30.0 -144 190.0 0 0 1 0 1 0 -1 0 0 3005.DAT
0 STEP
1 86 40.0 -336 200.0 0 0 1 0 1 0 -1 0 0 3003.DAT
0 STEP
1 86 30.0 -72 210.0 0 0 1 0 1 0 -1 0 0 3005.DAT
0 STEP
1 86 60.0 -120 210.0 -1 0 0 0 1 0 0 0 -1 3010.DAT
0 STEP
1 86 30.0 -144 220.0 0 0 1 0 1 0 -1 0 0 3004.DAT
0 STEP
1 86 40.0 -168 220.0 0 0 1 0 1 0 -1 0 0 3003.DAT
0 STEP
1 86 40.0 -216 220.0 0 0 1 0 1 0 -1 0 0 3003.DAT
0 STEP
1 86 60.0 -360 220.0 -1 0 0 0 1 0 0 0 -1 3001.DAT
0 STEP
1 86 40.0 -408 220.0 0 0 1 0 1 0 -1 0 0 3003.DAT
0 STEP
1 86 30.0 -72 280.0 0 0 1 0 1 0 -1 0 0 3009.DAT
0 STEP
1 86 40.0 -96 240.0 0 0 1 0 1 0 -1 0 0 3003.DAT
0 STEP
1 86 40.0 -120 230.0 -1 0 0 0 1 0 0 0 -1 3004.DAT
0 STEP
1 86 30.0 -192 240.0 0 0 1 0 1 0 -1 0 0 3004.DAT
0 STEP
1 86 30.0 -240 240.0 0 0 1 0 1 0 -1 0 0 3004.DAT
0 STEP
1 86 40.0 -336 230.0 -1 0 0 0 1 0 0 0 -1 3004.DAT
0 STEP
1 86 30.0 -144 250.0 0 0 1 0 1 0 -1 0 0 3005.DAT
0 STEP
1 86 30.0 -336 250.0 0 0 1 0 1 0 -1 0 0 3005.DAT
0 STEP
1 86 60.0 -360 260.0 -1 0 0 0 1 0 0 0 -1 3001.DAT
0 STEP
1 86 40.0 -96 270.0 -1 0 0 0 1 0 0 0 -1 3004.DAT
0 STEP
1 86 40.0 -144 270.0 -1 0 0 0 1 0 0 0 -1 3004.DAT
0 STEP
1 86 30.0 -168 270.0 0 0 1 0 1 0 -1 0 0 3005.DAT
0 STEP
1 86 40.0 -216 270.0 -1 0 0 0 1 0 0 0 -1 3004.DAT
0 STEP
1 86 30.0 -240 270.0 0 0 1 0 1 0 -1 0 0 3005.DAT
0 STEP
1 86 40.0 -264 300.0 0 0 1 0 1 0 -1 0 0 3001.DAT
0 STEP
1 86 40.0 -312 300.0 0 0 1 0 1 0 -1 0 0 3001.DAT
0 STEP
1 86 30.0 -96 290.0 0 0 1 0 1 0 -1 0 0 3005.DAT
0 STEP
1 86 40.0 -120 300.0 0 0 1 0 1 0 -1 0 0 3003.DAT
0 STEP
1 86 40.0 -168 300.0 0 0 1 0 1 0 -1 0 0 3003.DAT
0 STEP
1 86 40.0 -216 320.0 0 0 1 0 1 0 -1 0 0 3001.DAT
0 STEP
1 86 40.0 -360 290.0 -1 0 0 0 1 0 0 0 -1 3004.DAT
0 STEP
1 86 40.0 -336 320.0 0 0 1 0 1 0 -1 0 0 3003.DAT
0 STEP
1 86 30.0 -96 360.0 0 0 1 0 1 0 -1 0 0 3010.DAT
0 STEP
1 86 30.0 -144 340.0 0 0 1 0 1 0 -1 0 0 3004.DAT
0 STEP
1 86 30.0 -384 330.0 0 0 1 0 1 0 -1 0 0 3005.DAT
0 STEP
1 86 80.0 -72 350.0 -1 0 0 0 1 0 0 0 -1 3009.DAT
0 STEP
1 86 40.0 -192 360.0 0 0 1 0 1 0 -1 0 0 3003.DAT
0 STEP
1 86 40.0 -312 350.0 -1 0 0 0 1 0 0 0 -1 3004.DAT
0 STEP
1 86 60.0 -384 350.0 -1 0 0 0 1 0 0 0 -1 3010.DAT
0 STEP
1 86 40.0 -144 380.0 0 0 1 0 1 0 -1 0 0 3003.DAT
0 STEP
1 86 40.0 -312 380.0 0 0 1 0 1 0 -1 0 0 3003.DAT
0 STEP
1 86 60.0 -384 380.0 -1 0 0 0 1 0 0 0 -1 3001.DAT
0 STEP
1 86 40.0 -168 400.0 0 0 1 0 1 0 -1 0 0 3003.DAT
0 STEP
1 86 40.0 -192 390.0 -1 0 0 0 1 0 0 0 -1 3004.DAT
0 STEP
1 86 40.0 -264 390.0 -1 0 0 0 1 0 0 0 -1 3004.DAT
0 STEP
1 86 30.0 -96 410.0 0 0 1 0 1 0 -1 0 0 3005.DAT
0 STEP
1 86 40.0 -144 410.0 -1 0 0 0 1 0 0 0 -1 3004.DAT
0 STEP
1 86 40.0 -216 420.0 0 0 1 0 1 0 -1 0 0 3003.DAT
0 STEP
1 86 40.0 -264 420.0 0 0 1 0 1 0 -1 0 0 3003.DAT
0 STEP
1 86 40.0 -336 410.0 -1 0 0 0 1 0 0 0 -1 3004.DAT
0 STEP
1 86 30.0 -72 440.0 0 0 1 0 1 0 -1 0 0 3004.DAT
0 STEP
1 86 40.0 -96 430.0 -1 0 0 0 1 0 0 0 -1 3004.DAT
0 STEP
1 86 80.0 -120 440.0 -1 0 0 0 1 0 0 0 -1 2456.DAT
0 STEP
1 86 40.0 -168 430.0 -1 0 0 0 1 0 0 0 -1 3004.DAT
0 STEP
1 86 30.0 -288 430.0 0 0 1 0 1 0 -1 0 0 3005.DAT
0 STEP
1 86 30.0 -336 430.0 0 0 1 0 1 0 -1 0 0 3005.DAT
0 STEP
1 86 30.0 -360 440.0 0 0 1 0 1 0 -1 0 0 3004.DAT
0 STEP
1 86 60.0 -384 430.0 -1 0 0 0 1 0 0 0 -1 3010.DAT
0 STEP
1 86 30.0 -144 460.0 0 0 1 0 1 0 -1 0 0 3004.DAT
0 STEP
1 86 30.0 -216 460.0 0 0 1 0 1 0 -1 0 0 3004.DAT
0 STEP
1 86 60.0 -288 450.0 -1 0 0 0 1 0 0 0 -1 3010.DAT
0 STEP
1 86 40.0 -336 450.0 -1 0 0 0 1 0 0 0 -1 3004.DAT
0 STEP
1 86 30.0 -384 450.0 0 0 1 0 1 0 -1 0 0 3005.DAT
0 STEP
1 86 60.0 -408 460.0 -1 0 0 0 1 0 0 0 -1 3001.DAT
0 STEP
1 86 40.0 -24 470.0 -1 0 0 0 1 0 0 0 -1 3004.DAT
0 STEP
1 86 40.0 -72 480.0 0 0 1 0 1 0 -1 0 0 3003.DAT
0 STEP
1 86 80.0 -120 470.0 -1 0 0 0 1 0 0 0 -1 3009.DAT
0 STEP
1 86 30.0 -264 470.0 0 0 1 0 1 0 -1 0 0 3005.DAT
0 STEP
1 86 40.0 -360 470.0 -1 0 0 0 1 0 0 0 -1 3004.DAT
0 STEP
1 86 40.0 0 490.0 -1 0 0 0 1 0 0 0 -1 3004.DAT
0 STEP
1 86 30.0 -144 490.0 0 0 1 0 1 0 -1 0 0 3005.DAT
0 STEP
1 86 40.0 -216 490.0 -1 0 0 0 1 0 0 0 -1 3004.DAT
0 STEP
1 86 40.0 -264 490.0 -1 0 0 0 1 0 0 0 -1 3004.DAT
0 STEP
1 86 40.0 -312 490.0 -1 0 0 0 1 0 0 0 -1 3004.DAT
0 STEP
1 86 50.0 -24 10.0 0 0 1 0 1 0 -1 0 0 3005.DAT
0 STEP
1 86 50.0 -72 20.0 0 0 1 0 1 0 -1 0 0 3004.DAT
0 STEP
1 86 50.0 -120 10.0 0 0 1 0 1 0 -1 0 0 3005.DAT
0 STEP
1 86 50.0 -264 60.0 0 0 1 0 1 0 -1 0 0 3009.DAT
0 STEP
1 86 50.0 -360 20.0 0 0 1 0 1 0 -1 0 0 3004.DAT
0 STEP
1 86 60.0 -120 60.0 0 0 1 0 1 0 -1 0 0 3001.DAT
0 STEP
1 86 50.0 -168 30.0 0 0 1 0 1 0 -1 0 0 3005.DAT
0 STEP
1 86 60.0 -216 40.0 0 0 1 0 1 0 -1 0 0 3003.DAT
0 STEP
1 86 60.0 -288 40.0 0 0 1 0 1 0 -1 0 0 3003.DAT
0 STEP
1 86 50.0 -336 100.0 0 0 1 0 1 0 -1 0 0 3008.DAT
0 STEP
1 86 50.0 -384 30.0 0 0 1 0 1 0 -1 0 0 3005.DAT
0 STEP
1 86 50.0 -168 80.0 0 0 1 0 1 0 -1 0 0 3010.DAT
0 STEP
1 86 120.0 -384 50.0 -1 0 0 0 1 0 0 0 -1 3008.DAT
0 STEP
1 86 60.0 -72 80.0 0 0 1 0 1 0 -1 0 0 3003.DAT
0 STEP
1 86 50.0 -192 80.0 0 0 1 0 1 0 -1 0 0 3004.DAT
0 STEP
1 86 50.0 -216 70.0 0 0 1 0 1 0 -1 0 0 3005.DAT
0 STEP
1 86 50.0 -312 70.0 0 0 1 0 1 0 -1 0 0 3005.DAT
0 STEP
1 86 50.0 -384 70.0 0 0 1 0 1 0 -1 0 0 3005.DAT
0 STEP
1 86 50.0 -312 100.0 0 0 1 0 1 0 -1 0 0 3004.DAT
0 STEP
1 86 50.0 -384 100.0 0 0 1 0 1 0 -1 0 0 3004.DAT
0 STEP
1 86 50.0 -120 120.0 0 0 1 0 1 0 -1 0 0 3004.DAT
0 STEP
1 86 50.0 -216 120.0 0 0 1 0 1 0 -1 0 0 3004.DAT
0 STEP
1 86 100.0 -408 110.0 -1 0 0 0 1 0 0 0 -1 3009.DAT
0 STEP
1 86 50.0 -96 140.0 0 0 1 0 1 0 -1 0 0 3004.DAT
0 STEP
1 86 50.0 -144 140.0 0 0 1 0 1 0 -1 0 0 3004.DAT
0 STEP
1 86 50.0 -168 130.0 0 0 1 0 1 0 -1 0 0 3005.DAT
0 STEP
1 86 50.0 -240 130.0 0 0 1 0 1 0 -1 0 0 3005.DAT
0 STEP
1 86 50.0 -384 130.0 0 0 1 0 1 0 -1 0 0 3005.DAT
0 STEP
1 86 60.0 -408 140.0 0 0 1 0 1 0 -1 0 0 3003.DAT
0 STEP
1 86 100.0 -72 160.0 -1 0 0 0 1 0 0 0 -1 2456.DAT
0 STEP
1 86 50.0 -168 160.0 0 0 1 0 1 0 -1 0 0 3004.DAT
0 STEP
1 86 50.0 -216 150.0 0 0 1 0 1 0 -1 0 0 3005.DAT
0 STEP
1 86 50.0 -240 220.0 0 0 1 0 1 0 -1 0 0 3008.DAT
0 STEP
1 86 50.0 -384 160.0 0 0 1 0 1 0 -1 0 0 3004.DAT
0 STEP
1 86 60.0 -120 170.0 -1 0 0 0 1 0 0 0 -1 3004.DAT
0 STEP
1 86 50.0 -144 170.0 0 0 1 0 1 0 -1 0 0 3005.DAT
0 STEP
1 86 50.0 -216 180.0 0 0 1 0 1 0 -1 0 0 3004.DAT
0 STEP
1 86 50.0 -264 180.0 0 0 1 0 1 0 -1 0 0 3004.DAT
0 STEP
1 86 50.0 -312 170.0 0 0 1 0 1 0 -1 0 0 3005.DAT
0 STEP
1 86 50.0 -360 180.0 0 0 1 0 1 0 -1 0 0 3004.DAT
0 STEP
1 86 80.0 -72 200.0 -1 0 0 0 1 0 0 0 -1 3001.DAT
0 STEP
1 86 50.0 -96 200.0 0 0 1 0 1 0 -1 0 0 3004.DAT
0 STEP
1 86 80.0 -120 190.0 -1 0 0 0 1 0 0 0 -1 3010.DAT
0 STEP
1 86 50.0 -144 220.0 0 0 1 0 1 0 -1 0 0 3010.DAT
0 STEP
1 86 50.0 -168 190.0 0 0 1 0 1 0 -1 0 0 3005.DAT
0 STEP
1 86 50.0 -312 220.0 0 0 1 0 1 0 -1 0 0 3010.DAT
0 STEP
1 86 50.0 -408 190.0 0 0 1 0 1 0 -1 0 0 3005.DAT
0 STEP
1 86 50.0 -264 210.0 0 0 1 0 1 0 -1 0 0 3005.DAT
0 STEP
1 86 50.0 -72 230.0 0 0 1 0 1 0 -1 0 0 3005.DAT
0 STEP
1 86 50.0 -192 280.0 0 0 1 0 1 0 -1 0 0 3009.DAT
0 STEP
1 86 50.0 -264 240.0 0 0 1 0 1 0 -1 0 0 3004.DAT
0 STEP
1 86 50.0 -384 280.0 0 0 1 0 1 0 -1 0 0 3009.DAT
0 STEP
1 86 50.0 -72 280.0 0 0 1 0 1 0 -1 0 0 3010.DAT
0 STEP
1 86 50.0 -120 250.0 0 0 1 0 1 0 -1 0 0 3005.DAT
0 STEP
1 86 50.0 -168 260.0 0 0 1 0 1 0 -1 0 0 3004.DAT
0 STEP
1 86 50.0 -216 250.0 0 0 1 0 1 0 -1 0 0 3005.DAT
0 STEP
1 86 60.0 -336 250.0 -1 0 0 0 1 0 0 0 -1 3004.DAT
0 STEP
1 86 60.0 -120 270.0 -1 0 0 0 1 0 0 0 -1 3004.DAT
0 STEP
1 86 50.0 -288 280.0 0 0 1 0 1 0 -1 0 0 3004.DAT
0 STEP
1 86 50.0 -336 280.0 0 0 1 0 1 0 -1 0 0 3004.DAT
0 STEP
1 86 60.0 -96 290.0 -1 0 0 0 1 0 0 0 -1 3004.DAT
0 STEP
1 86 50.0 -144 290.0 0 0 1 0 1 0 -1 0 0 3005.DAT
0 STEP
1 86 50.0 -144 320.0 0 0 1 0 1 0 -1 0 0 3004.DAT
0 STEP
1 86 50.0 -240 320.0 0 0 1 0 1 0 -1 0 0 3004.DAT
0 STEP
1 86 50.0 -288 310.0 0 0 1 0 1 0 -1 0 0 3005.DAT
0 STEP
1 86 50.0 -408 310.0 0 0 1 0 1 0 -1 0 0 3005.DAT
0 STEP
1 86 80.0 -72 330.0 -1 0 0 0 1 0 0 0 -1 3010.DAT
0 STEP
1 86 60.0 -96 330.0 -1 0 0 0 1 0 0 0 -1 3004.DAT
0 STEP
1 86 50.0 -168 340.0 0 0 1 0 1 0 -1 0 0 3004.DAT
0 STEP
1 86 50.0 -288 380.0 0 0 1 0 1 0 -1 0 0 3009.DAT
0 STEP
1 86 50.0 -408 380.0 0 0 1 0 1 0 -1 0 0 3009.DAT
0 STEP
1 86 50.0 -96 380.0 0 0 1 0 1 0 -1 0 0 3010.DAT
0 STEP
1 86 50.0 -144 350.0 0 0 1 0 1 0 -1 0 0 3005.DAT
0 STEP
1 86 50.0 -240 420.0 0 0 1 0 1 0 -1 0 0 3008.DAT
0 STEP
1 86 50.0 -264 360.0 0 0 1 0 1 0 -1 0 0 3004.DAT
0 STEP
1 86 60.0 -360 350.0 -1 0 0 0 1 0 0 0 -1 3004.DAT
0 STEP
1 86 50.0 -168 370.0 0 0 1 0 1 0 -1 0 0 3005.DAT
0 STEP
1 86 50.0 -216 380.0 0 0 1 0 1 0 -1 0 0 3004.DAT
0 STEP
1 86 50.0 -360 400.0 0 0 1 0 1 0 -1 0 0 3010.DAT
0 STEP
1 86 60.0 -72 390.0 -1 0 0 0 1 0 0 0 -1 3004.DAT
0 STEP
1 86 50.0 -120 400.0 0 0 1 0 1 0 -1 0 0 3004.DAT
0 STEP
1 86 50.0 -336 390.0 0 0 1 0 1 0 -1 0 0 3005.DAT
0 STEP
1 86 60.0 -72 420.0 0 0 1 0 1 0 -1 0 0 3003.DAT
0 STEP
1 86 50.0 -192 440.0 0 0 1 0 1 0 -1 0 0 3010.DAT
0 STEP
1 86 60.0 -312 410.0 -1 0 0 0 1 0 0 0 -1 3004.DAT
0 STEP
1 86 50.0 -144 460.0 0 0 1 0 1 0 -1 0 0 3010.DAT
0 STEP
1 86 50.0 -312 440.0 0 0 1 0 1 0 -1 0 0 3004.DAT
0 STEP
1 86 60.0 -336 430.0 -1 0 0 0 1 0 0 0 -1 3004.DAT
0 STEP
1 86 50.0 -72 450.0 0 0 1 0 1 0 -1 0 0 3005.DAT
0 STEP
1 86 50.0 -96 450.0 0 0 1 0 1 0 -1 0 0 3005.DAT
0 STEP
1 86 60.0 -216 450.0 -1 0 0 0 1 0 0 0 -1 3004.DAT
0 STEP
1 86 60.0 -264 460.0 0 0 1 0 1 0 -1 0 0 3003.DAT
0 STEP
1 86 50.0 -360 450.0 0 0 1 0 1 0 -1 0 0 3005.DAT
0 STEP
1 86 80.0 -384 450.0 -1 0 0 0 1 0 0 0 -1 3010.DAT
0 STEP
1 86 50.0 0 470.0 0 0 1 0 1 0 -1 0 0 3005.DAT
0 STEP
1 86 50.0 -48 480.0 0 0 1 0 1 0 -1 0 0 3004.DAT
0 STEP
1 86 60.0 -96 470.0 -1 0 0 0 1 0 0 0 -1 3004.DAT
0 STEP
1 86 80.0 -216 470.0 -1 0 0 0 1 0 0 0 -1 3010.DAT
0 STEP
1 86 50.0 -312 470.0 0 0 1 0 1 0 -1 0 0 3005.DAT
0 STEP
1 86 50.0 -336 480.0 0 0 1 0 1 0 -1 0 0 3004.DAT
0 STEP
1 86 50.0 -24 490.0 0 0 1 0 1 0 -1 0 0 3005.DAT
0 STEP
1 86 50.0 -96 490.0 0 0 1 0 1 0 -1 0 0 3005.DAT
0 STEP
1 86 50.0 -192 490.0 0 0 1 0 1 0 -1 0 0 3005.DAT
0 STEP
1 86 80.0 -72 20.0 0 0 1 0 1 0 -1 0 0 3003.DAT
0 STEP
1 86 80.0 -120 10.0 -1 0 0 0 1 0 0 0 -1 3004.DAT
0 STEP
1 86 70.0 -216 10.0 0 0 1 0 1 0 -1 0 0 3005.DAT
0 STEP
1 86 80.0 -264 20.0 0 0 1 0 1 0 -1 0 0 3003.DAT
0 STEP
1 86 70.0 -288 10.0 0 0 1 0 1 0 -1 0 0 3005.DAT
0 STEP
1 86 70.0 -312 20.0 0 0 1 0 1 0 -1 0 0 3004.DAT
0 STEP
1 86 120.0 -360 10.0 -1 0 0 0 1 0 0 0 -1 3009.DAT
0 STEP
1 86 70.0 -408 10.0 0 0 1 0 1 0 -1 0 0 3005.DAT
0 STEP
1 86 70.0 -432 20.0 0 0 1 0 1 0 -1 0 0 3004.DAT
0 STEP
1 86 80.0 -456 20.0 0 0 1 0 1 0 -1 0 0 3003.DAT
0 STEP
1 86 70.0 -96 30.0 0 0 1 0 1 0 -1 0 0 3005.DAT
0 STEP
1 86 70.0 -168 40.0 0 0 1 0 1 0 -1 0 0 3004.DAT
0 STEP
1 86 80.0 -336 40.0 0 0 1 0 1 0 -1 0 0 3003.DAT
0 STEP
1 86 70.0 -360 100.0 0 0 1 0 1 0 -1 0 0 3008.DAT
0 STEP
1 86 80.0 -384 30.0 -1 0 0 0 1 0 0 0 -1 3004.DAT
0 STEP
1 86 70.0 -408 60.0 0 0 1 0 1 0 -1 0 0 3010.DAT
0 STEP
1 86 70.0 -72 50.0 0 0 1 0 1 0 -1 0 0 3005.DAT
0 STEP
1 86 100.0 -96 60.0 -1 0 0 0 1 0 0 0 -1 3001.DAT
0 STEP
1 86 70.0 -192 50.0 0 0 1 0 1 0 -1 0 0 3005.DAT
0 STEP
1 86 140.0 -264 50.0 -1 0 0 0 1 0 0 0 -1 3008.DAT
0 STEP
1 86 70.0 -312 50.0 0 0 1 0 1 0 -1 0 0 3005.DAT
0 STEP
1 86 80.0 -384 70.0 -1 0 0 0 1 0 0 0 -1 3004.DAT
0 STEP
1 86 70.0 -96 160.0 0 0 1 0 1 0 -1 0 0 3008.DAT
0 STEP
1 86 80.0 -384 120.0 0 0 1 0 1 0 -1 0 0 3001.DAT
0 STEP
1 86 70.0 -72 110.0 0 0 1 0 1 0 -1 0 0 3005.DAT
0 STEP
1 86 80.0 -120 120.0 0 0 1 0 1 0 -1 0 0 3003.DAT
0 STEP
1 86 80.0 -72 130.0 -1 0 0 0 1 0 0 0 -1 3004.DAT
0 STEP
1 86 70.0 -384 170.0 0 0 1 0 1 0 -1 0 0 3005.DAT
0 STEP
1 86 80.0 -360 190.0 -1 0 0 0 1 0 0 0 -1 3004.DAT
0 STEP
1 86 80.0 -408 200.0 0 0 1 0 1 0 -1 0 0 3003.DAT
0 STEP
1 86 80.0 -72 230.0 -1 0 0 0 1 0 0 0 -1 3004.DAT
0 STEP
1 86 70.0 -120 240.0 0 0 1 0 1 0 -1 0 0 3004.DAT
0 STEP
1 86 80.0 -384 240.0 0 0 1 0 1 0 -1 0 0 3003.DAT
0 STEP
1 86 70.0 -408 230.0 0 0 1 0 1 0 -1 0 0 3005.DAT
0 STEP
1 86 70.0 -72 250.0 0 0 1 0 1 0 -1 0 0 3005.DAT
0 STEP
1 86 80.0 -96 260.0 0 0 1 0 1 0 -1 0 0 3003.DAT
0 STEP
1 86 80.0 -312 260.0 0 0 1 0 1 0 -1 0 0 3003.DAT
0 STEP
1 86 70.0 -72 280.0 0 0 1 0 1 0 -1 0 0 3004.DAT
0 STEP
1 86 80.0 -336 300.0 0 0 1 0 1 0 -1 0 0 3001.DAT
0 STEP
1 86 70.0 -384 270.0 0 0 1 0 1 0 -1 0 0 3005.DAT
0 STEP
1 86 70.0 -120 300.0 0 0 1 0 1 0 -1 0 0 3004.DAT
0 STEP
1 86 70.0 -312 320.0 0 0 1 0 1 0 -1 0 0 3010.DAT
0 STEP
1 86 70.0 -360 290.0 0 0 1 0 1 0 -1 0 0 3005.DAT
0 STEP
1 86 80.0 -384 300.0 0 0 1 0 1 0 -1 0 0 3003.DAT
0 STEP
1 86 80.0 -72 310.0 -1 0 0 0 1 0 0 0 -1 3004.DAT
0 STEP
1 86 70.0 -408 360.0 0 0 1 0 1 0 -1 0 0 3009.DAT
0 STEP
1 86 80.0 -384 330.0 -1 0 0 0 1 0 0 0 -1 3004.DAT
0 STEP
1 86 70.0 -96 360.0 0 0 1 0 1 0 -1 0 0 3004.DAT
0 STEP
1 86 80.0 -312 370.0 -1 0 0 0 1 0 0 0 -1 3004.DAT
0 STEP
1 86 70.0 -360 370.0 0 0 1 0 1 0 -1 0 0 3005.DAT
0 STEP
1 86 70.0 -96 390.0 0 0 1 0 1 0 -1 0 0 3005.DAT
0 STEP
1 86 80.0 -120 400.0 0 0 1 0 1 0 -1 0 0 3003.DAT
0 STEP
1 86 70.0 -312 390.0 0 0 1 0 1 0 -1 0 0 3005.DAT
0 STEP
1 86 80.0 -336 390.0 -1 0 0 0 1 0 0 0 -1 3004.DAT
0 STEP
1 86 70.0 -360 420.0 0 0 1 0 1 0 -1 0 0 3010.DAT
0 STEP
1 86 80.0 -96 410.0 -1 0 0 0 1 0 0 0 -1 3004.DAT
0 STEP
1 86 70.0 -336 410.0 0 0 1 0 1 0 -1 0 0 3005.DAT
0 STEP
1 86 80.0 -96 440.0 0 0 1 0 1 0 -1 0 0 3003.DAT
0 STEP
1 86 70.0 -312 430.0 0 0 1 0 1 0 -1 0 0 3005.DAT
0 STEP
1 86 70.0 -408 430.0 0 0 1 0 1 0 -1 0 0 3005.DAT
0 STEP
1 86 70.0 -72 460.0 0 0 1 0 1 0 -1 0 0 3004.DAT
0 STEP
1 86 80.0 -144 460.0 0 0 1 0 1 0 -1 0 0 3003.DAT
0 STEP
1 86 80.0 -192 460.0 0 0 1 0 1 0 -1 0 0 3003.DAT
0 STEP
1 86 80.0 -240 460.0 0 0 1 0 1 0 -1 0 0 3003.DAT
0 STEP
1 86 70.0 -312 460.0 0 0 1 0 1 0 -1 0 0 3004.DAT
0 STEP
1 86 80.0 -336 460.0 0 0 1 0 1 0 -1 0 0 3003.DAT
0 STEP
1 86 70.0 -360 470.0 0 0 1 0 1 0 -1 0 0 3005.DAT
0 STEP
1 86 70.0 -72 490.0 0 0 1 0 1 0 -1 0 0 3005.DAT
0 STEP
1 86 80.0 -96 490.0 -1 0 0 0 1 0 0 0 -1 3004.DAT
0 STEP
1 86 80.0 -144 490.0 -1 0 0 0 1 0 0 0 -1 3004.DAT
0 STEP
1 86 80.0 -192 490.0 -1 0 0 0 1 0 0 0 -1 3004.DAT
0 STEP
1 86 70.0 -216 490.0 0 0 1 0 1 0 -1 0 0 3005.DAT
0 STEP
1 86 80.0 -240 490.0 -1 0 0 0 1 0 0 0 -1 3004.DAT
0 STEP
1 86 70.0 -264 490.0 0 0 1 0 1 0 -1 0 0 3005.DAT
0 STEP
1 86 70.0 -312 490.0 0 0 1 0 1 0 -1 0 0 3005.DAT
0 STEP
1 86 80.0 -336 490.0 -1 0 0 0 1 0 0 0 -1 3004.DAT
0 STEP
1 86 90.0 -96 20.0 0 0 1 0 1 0 -1 0 0 3004.DAT
0 STEP
1 86 100.0 -192 10.0 -1 0 0 0 1 0 0 0 -1 3004.DAT
0 STEP
1 86 120.0 -216 20.0 -1 0 0 0 1 0 0 0 -1 3001.DAT
0 STEP
1 86 90.0 -240 20.0 0 0 1 0 1 0 -1 0 0 3004.DAT
0 STEP
1 86 100.0 -288 20.0 0 0 1 0 1 0 -1 0 0 3003.DAT
0 STEP
1 86 100.0 -312 10.0 -1 0 0 0 1 0 0 0 -1 3004.DAT
0 STEP
1 86 90.0 -336 10.0 0 0 1 0 1 0 -1 0 0 3005.DAT
0 STEP
1 86 90.0 -384 10.0 0 0 1 0 1 0 -1 0 0 3005.DAT
0 STEP
1 86 100.0 -408 10.0 -1 0 0 0 1 0 0 0 -1 3004.DAT
0 STEP
1 86 140.0 -432 20.0 -1 0 0 0 1 0 0 0 -1 2456.DAT
0 STEP
1 86 100.0 -120 40.0 0 0 1 0 1 0 -1 0 0 3003.DAT
0 STEP
1 86 90.0 -168 30.0 0 0 1 0 1 0 -1 0 0 3005.DAT
0 STEP
1 86 100.0 -192 40.0 0 0 1 0 1 0 -1 0 0 3003.DAT
0 STEP
1 86 100.0 -312 40.0 0 0 1 0 1 0 -1 0 0 3003.DAT
0 STEP
1 86 100.0 -360 40.0 0 0 1 0 1 0 -1 0 0 3003.DAT
0 STEP
1 86 90.0 -408 40.0 0 0 1 0 1 0 -1 0 0 3004.DAT
0 STEP
1 86 90.0 -72 80.0 0 0 1 0 1 0 -1 0 0 3010.DAT
0 STEP
1 86 120.0 -168 50.0 -1 0 0 0 1 0 0 0 -1 3010.DAT
0 STEP
1 86 90.0 -216 50.0 0 0 1 0 1 0 -1 0 0 3005.DAT
0 STEP
1 86 100.0 -288 50.0 -1 0 0 0 1 0 0 0 -1 3004.DAT
0 STEP
1 86 90.0 -120 80.0 0 0 1 0 1 0 -1 0 0 3004.DAT
0 STEP
1 86 90.0 -360 80.0 0 0 1 0 1 0 -1 0 0 3004.DAT
0 STEP
1 86 100.0 -408 80.0 0 0 1 0 1 0 -1 0 0 3003.DAT
0 STEP
1 86 100.0 -96 90.0 -1 0 0 0 1 0 0 0 -1 3004.DAT
0 STEP
1 86 100.0 -96 120.0 0 0 1 0 1 0 -1 0 0 3003.DAT
0 STEP
1 86 90.0 -360 110.0 0 0 1 0 1 0 -1 0 0 3005.DAT
0 STEP
1 86 90.0 -360 140.0 0 0 1 0 1 0 -1 0 0 3004.DAT
0 STEP
1 86 90.0 -408 130.0 0 0 1 0 1 0 -1 0 0 3005.DAT
0 STEP
1 86 100.0 -96 150.0 -1 0 0 0 1 0 0 0 -1 3004.DAT
0 STEP
1 86 90.0 -408 160.0 0 0 1 0 1 0 -1 0 0 3004.DAT
0 STEP
1 86 90.0 -96 200.0 0 0 1 0 1 0 -1 0 0 3010.DAT
0 STEP
1 86 90.0 -120 170.0 0 0 1 0 1 0 -1 0 0 3005.DAT
0 STEP
1 86 90.0 -360 170.0 0 0 1 0 1 0 -1 0 0 3005.DAT
0 STEP
1 86 100.0 -384 180.0 0 0 1 0 1 0 -1 0 0 3003.DAT
0 STEP
1 86 100.0 -384 210.0 -1 0 0 0 1 0 0 0 -1 3004.DAT
0 STEP
1 86 100.0 -120 280.0 0 0 1 0 1 0 -1 0 0 2456.DAT
0 STEP
1 86 90.0 -312 230.0 0 0 1 0 1 0 -1 0 0 3005.DAT
0 STEP
1 86 90.0 -336 240.0 0 0 1 0 1 0 -1 0 0 3004.DAT
0 STEP
1 86 100.0 -408 230.0 -1 0 0 0 1 0 0 0 -1 3004.DAT
0 STEP
1 86 100.0 -72 250.0 -1 0 0 0 1 0 0 0 -1 3004.DAT
0 STEP
1 86 90.0 -288 250.0 0 0 1 0 1 0 -1 0 0 3005.DAT
0 STEP
1 86 100.0 -408 300.0 0 0 1 0 1 0 -1 0 0 2456.DAT
0 STEP
1 86 100.0 -72 280.0 0 0 1 0 1 0 -1 0 0 3003.DAT
0 STEP
1 86 90.0 -288 280.0 0 0 1 0 1 0 -1 0 0 3004.DAT
0 STEP
1 86 100.0 -384 270.0 -1 0 0 0 1 0 0 0 -1 3004.DAT
0 STEP
1 86 90.0 -96 300.0 0 0 1 0 1 0 -1 0 0 3004.DAT
0 STEP
1 86 100.0 -312 320.0 0 0 1 0 1 0 -1 0 0 3001.DAT
0 STEP
1 86 100.0 -360 300.0 0 0 1 0 1 0 -1 0 0 3003.DAT
0 STEP
1 86 90.0 -288 310.0 0 0 1 0 1 0 -1 0 0 3005.DAT
0 STEP
1 86 100.0 -96 360.0 0 0 1 0 1 0 -1 0 0 3001.DAT
0 STEP
1 86 100.0 -288 330.0 -1 0 0 0 1 0 0 0 -1 3004.DAT
0 STEP
1 86 90.0 -360 360.0 0 0 1 0 1 0 -1 0 0 3010.DAT
0 STEP
1 86 90.0 -120 360.0 0 0 1 0 1 0 -1 0 0 3004.DAT
0 STEP
1 86 100.0 -288 360.0 0 0 1 0 1 0 -1 0 0 3003.DAT
0 STEP
1 86 90.0 -336 360.0 0 0 1 0 1 0 -1 0 0 3004.DAT
0 STEP
1 86 90.0 -72 370.0 0 0 1 0 1 0 -1 0 0 3005.DAT
0 STEP
1 86 100.0 -408 400.0 0 0 1 0 1 0 -1 0 0 3001.DAT
0 STEP
1 86 90.0 -72 400.0 0 0 1 0 1 0 -1 0 0 3004.DAT
0 STEP
1 86 90.0 -288 400.0 0 0 1 0 1 0 -1 0 0 3004.DAT
0 STEP
1 86 100.0 -312 400.0 0 0 1 0 1 0 -1 0 0 3003.DAT
0 STEP
1 86 90.0 -336 420.0 0 0 1 0 1 0 -1 0 0 3004.DAT
0 STEP
1 86 90.0 -360 410.0 0 0 1 0 1 0 -1 0 0 3005.DAT
0 STEP
1 86 140.0 -72 430.0 -1 0 0 0 1 0 0 0 -1 3009.DAT
0 STEP
1 86 90.0 -288 430.0 0 0 1 0 1 0 -1 0 0 3005.DAT
0 STEP
1 86 90.0 -312 440.0 0 0 1 0 1 0 -1 0 0 3004.DAT
0 STEP
1 86 100.0 -360 460.0 0 0 1 0 1 0 -1 0 0 3001.DAT
0 STEP
1 86 90.0 -72 450.0 0 0 1 0 1 0 -1 0 0 3005.DAT
0 STEP
1 86 90.0 -168 450.0 0 0 1 0 1 0 -1 0 0 3005.DAT
0 STEP
1 86 90.0 -216 450.0 0 0 1 0 1 0 -1 0 0 3005.DAT
0 STEP
1 86 120.0 -264 450.0 -1 0 0 0 1 0 0 0 -1 3010.DAT
0 STEP
1 86 90.0 -72 480.0 0 0 1 0 1 0 -1 0 0 3004.DAT
0 STEP
1 86 90.0 -96 470.0 0 0 1 0 1 0 -1 0 0 3005.DAT
0 STEP
1 86 90.0 -264 480.0 0 0 1 0 1 0 -1 0 0 3004.DAT
0 STEP
1 86 90.0 -312 470.0 0 0 1 0 1 0 -1 0 0 3005.DAT
0 STEP
1 86 100.0 -216 490.0 -1 0 0 0 1 0 0 0 -1 3004.DAT
0 STEP
1 86 100.0 -312 490.0 -1 0 0 0 1 0 0 0 -1 3004.DAT
0 STEP
1 86 110.0 -72 60.0 0 0 1 0 1 0 -1 0 0 3009.DAT
0 STEP
1 86 120.0 -96 20.0 0 0 1 0 1 0 -1 0 0 3003.DAT
0 STEP
1 86 110.0 -120 10.0 0 0 1 0 1 0 -1 0 0 3005.DAT
0 STEP
1 86 110.0 -144 20.0 0 0 1 0 1 0 -1 0 0 3004.DAT
0 STEP
1 86 140.0 -240 10.0 -1 0 0 0 1 0 0 0 -1 3010.DAT
0 STEP
1 86 160.0 -264 20.0 -1 0 0 0 1 0 0 0 -1 2456.DAT
0 STEP
1 86 110.0 -336 20.0 0 0 1 0 1 0 -1 0 0 3004.DAT
0 STEP
1 86 110.0 -384 20.0 0 0 1 0 1 0 -1 0 0 3004.DAT
0 STEP
1 86 110.0 -456 10.0 0 0 1 0 1 0 -1 0 0 3005.DAT
0 STEP
1 86 120.0 -168 30.0 -1 0 0 0 1 0 0 0 -1 3004.DAT
0 STEP
1 86 110.0 -240 40.0 0 0 1 0 1 0 -1 0 0 3004.DAT
0 STEP
1 86 120.0 -408 40.0 0 0 1 0 1 0 -1 0 0 3003.DAT
0 STEP
1 86 120.0 -456 80.0 0 0 1 0 1 0 -1 0 0 2456.DAT
0 STEP
1 86 110.0 -144 50.0 0 0 1 0 1 0 -1 0 0 3005.DAT
0 STEP
1 86 140.0 -216 50.0 -1 0 0 0 1 0 0 0 -1 3010.DAT
0 STEP
1 86 120.0 -336 50.0 -1 0 0 0 1 0 0 0 -1 3004.DAT
0 STEP
1 86 160.0 -432 60.0 -1 0 0 0 1 0 0 0 -1 2456.DAT
0 STEP
1 86 120.0 -120 80.0 0 0 1 0 1 0 -1 0 0 3003.DAT
0 STEP
1 86 110.0 -384 70.0 0 0 1 0 1 0 -1 0 0 3005.DAT
0 STEP
1 86 110.0 -480 70.0 0 0 1 0 1 0 -1 0 0 3005.DAT
0 STEP
1 86 120.0 -384 90.0 -1 0 0 0 1 0 0 0 -1 3004.DAT
0 STEP
1 86 110.0 -432 90.0 0 0 1 0 1 0 -1 0 0 3005.DAT
0 STEP
1 86 110.0 -480 100.0 0 0 1 0 1 0 -1 0 0 3004.DAT
0 STEP
1 86 140.0 -120 110.0 -1 0 0 0 1 0 0 0 -1 3010.DAT
0 STEP
1 86 110.0 -384 110.0 0 0 1 0 1 0 -1 0 0 3005.DAT
0 STEP
1 86 160.0 -432 120.0 -1 0 0 0 1 0 0 0 -1 2456.DAT
0 STEP
1 86 110.0 -72 130.0 0 0 1 0 1 0 -1 0 0 3005.DAT
0 STEP
1 86 110.0 -120 140.0 0 0 1 0 1 0 -1 0 0 3004.DAT
0 STEP
1 86 110.0 -360 130.0 0 0 1 0 1 0 -1 0 0 3005.DAT
0 STEP
1 86 110.0 -384 140.0 0 0 1 0 1 0 -1 0 0 3004.DAT
0 STEP
1 86 180.0 -408 130.0 -1 0 0 0 1 0 0 0 -1 3008.DAT
0 STEP
1 86 110.0 -336 150.0 0 0 1 0 1 0 -1 0 0 3005.DAT
0 STEP
1 86 110.0 -360 200.0 0 0 1 0 1 0 -1 0 0 3009.DAT
0 STEP
1 86 110.0 -408 180.0 0 0 1 0 1 0 -1 0 0 3010.DAT
0 STEP
1 86 110.0 -96 180.0 0 0 1 0 1 0 -1 0 0 3004.DAT
0 STEP
1 86 140.0 -120 170.0 -1 0 0 0 1 0 0 0 -1 3010.DAT
0 STEP
1 86 110.0 -336 180.0 0 0 1 0 1 0 -1 0 0 3004.DAT
0 STEP
1 86 120.0 -96 220.0 0 0 1 0 1 0 -1 0 0 3003.DAT
0 STEP
1 86 110.0 -120 210.0 0 0 1 0 1 0 -1 0 0 3005.DAT
0 STEP
1 86 120.0 -312 210.0 -1 0 0 0 1 0 0 0 -1 3004.DAT
0 STEP
1 86 110.0 -336 210.0 0 0 1 0 1 0 -1 0 0 3005.DAT
0 STEP
1 86 110.0 -72 230.0 0 0 1 0 1 0 -1 0 0 3005.DAT
0 STEP
1 86 110.0 -288 230.0 0 0 1 0 1 0 -1 0 0 3005.DAT
0 STEP
1 86 110.0 -312 240.0 0 0 1 0 1 0 -1 0 0 3004.DAT
0 STEP
1 86 120.0 -336 230.0 -1 0 0 0 1 0 0 0 -1 3004.DAT
0 STEP
1 86 110.0 -384 240.0 0 0 1 0 1 0 -1 0 0 3004.DAT
0 STEP
1 86 110.0 -96 250.0 0 0 1 0 1 0 -1 0 0 3005.DAT
0 STEP
1 86 110.0 -264 250.0 0 0 1 0 1 0 -1 0 0 3005.DAT
0 STEP
1 86 120.0 -288 280.0 0 0 1 0 1 0 -1 0 0 3001.DAT
0 STEP
1 86 110.0 -336 320.0 0 0 1 0 1 0 -1 0 0 3008.DAT
0 STEP
1 86 120.0 -96 270.0 -1 0 0 0 1 0 0 0 -1 3004.DAT
0 STEP
1 86 110.0 -264 300.0 0 0 1 0 1 0 -1 0 0 3010.DAT
0 STEP
1 86 110.0 -312 270.0 0 0 1 0 1 0 -1 0 0 3005.DAT
0 STEP
1 86 110.0 -360 270.0 0 0 1 0 1 0 -1 0 0 3005.DAT
0 STEP
1 86 140.0 -96 300.0 -1 0 0 0 1 0 0 0 -1 3001.DAT
0 STEP
1 86 110.0 -384 290.0 0 0 1 0 1 0 -1 0 0 3005.DAT
0 STEP
1 86 110.0 -72 310.0 0 0 1 0 1 0 -1 0 0 3005.DAT
0 STEP
1 86 110.0 -384 320.0 0 0 1 0 1 0 -1 0 0 3004.DAT
0 STEP
1 86 110.0 -360 340.0 0 0 1 0 1 0 -1 0 0 3004.DAT
0 STEP
1 86 140.0 -120 350.0 -1 0 0 0 1 0 0 0 -1 3010.DAT
0 STEP
1 86 180.0 -264 350.0 -1 0 0 0 1 0 0 0 -1 3008.DAT
0 STEP
1 86 110.0 -384 350.0 0 0 1 0 1 0 -1 0 0 3005.DAT
0 STEP
1 86 120.0 -72 370.0 -1 0 0 0 1 0 0 0 -1 3004.DAT
0 STEP
1 86 120.0 -120 380.0 0 0 1 0 1 0 -1 0 0 3003.DAT
0 STEP
1 86 110.0 -264 400.0 0 0 1 0 1 0 -1 0 0 3010.DAT
0 STEP
1 86 110.0 -312 370.0 0 0 1 0 1 0 -1 0 0 3005.DAT
0 STEP
1 86 110.0 -360 370.0 0 0 1 0 1 0 -1 0 0 3005.DAT
0 STEP
1 86 110.0 -384 380.0 0 0 1 0 1 0 -1 0 0 3004.DAT
0 STEP
1 86 120.0 -72 400.0 0 0 1 0 1 0 -1 0 0 3003.DAT
0 STEP
1 86 110.0 -288 390.0 0 0 1 0 1 0 -1 0 0 3005.DAT
0 STEP
1 86 110.0 -360 400.0 0 0 1 0 1 0 -1 0 0 3004.DAT
0 STEP
1 86 120.0 -96 420.0 0 0 1 0 1 0 -1 0 0 3003.DAT
0 STEP
1 86 120.0 -120 410.0 -1 0 0 0 1 0 0 0 -1 3004.DAT
0 STEP
1 86 120.0 -288 420.0 0 0 1 0 1 0 -1 0 0 3003.DAT
0 STEP
1 86 110.0 -336 410.0 0 0 1 0 1 0 -1 0 0 3005.DAT
0 STEP
1 86 110.0 -312 430.0 0 0 1 0 1 0 -1 0 0 3005.DAT
0 STEP
1 86 110.0 -336 460.0 0 0 1 0 1 0 -1 0 0 3010.DAT
0 STEP
1 86 110.0 -384 430.0 0 0 1 0 1 0 -1 0 0 3005.DAT
0 STEP
1 86 120.0 -72 450.0 -1 0 0 0 1 0 0 0 -1 3004.DAT
0 STEP
1 86 110.0 -96 480.0 0 0 1 0 1 0 -1 0 0 3010.DAT
0 STEP
1 86 110.0 -288 450.0 0 0 1 0 1 0 -1 0 0 3005.DAT
0 STEP
1 86 110.0 -312 460.0 0 0 1 0 1 0 -1 0 0 3004.DAT
0 STEP
1 86 110.0 -408 460.0 0 0 1 0 1 0 -1 0 0 3004.DAT
0 STEP
1 86 120.0 -72 480.0 0 0 1 0 1 0 -1 0 0 3003.DAT
0 STEP
1 86 110.0 -144 470.0 0 0 1 0 1 0 -1 0 0 3005.DAT
0 STEP
1 86 120.0 -192 480.0 0 0 1 0 1 0 -1 0 0 3003.DAT
0 STEP
1 86 110.0 -240 480.0 0 0 1 0 1 0 -1 0 0 3004.DAT
0 STEP
1 86 140.0 -264 470.0 -1 0 0 0 1 0 0 0 -1 3010.DAT
0 STEP
1 86 110.0 -144 500.0 0 0 1 0 1 0 -1 0 0 3004.DAT
0 STEP
1 86 140.0 -264 500.0 -1 0 0 0 1 0 0 0 -1 3001.DAT
0 STEP
1 86 110.0 -72 510.0 0 0 1 0 1 0 -1 0 0 3005.DAT
0 STEP
1 86 160.0 -120 510.0 -1 0 0 0 1 0 0 0 -1 3009.DAT
0 STEP
1 86 120.0 -168 510.0 -1 0 0 0 1 0 0 0 -1 3004.DAT
0 STEP
1 86 120.0 -192 510.0 -1 0 0 0 1 0 0 0 -1 3004.DAT
0 STEP
1 86 110.0 -216 510.0 0 0 1 0 1 0 -1 0 0 3005.DAT
0 STEP
1 86 120.0 -240 510.0 -1 0 0 0 1 0 0 0 -1 3004.DAT
0 STEP
1 86 180.0 -72 20.0 -1 0 0 0 1 0 0 0 -1 2456.DAT
0 STEP
1 86 140.0 -120 20.0 0 0 1 0 1 0 -1 0 0 3003.DAT
0 STEP
1 86 130.0 -144 10.0 0 0 1 0 1 0 -1 0 0 3005.DAT
0 STEP
1 86 130.0 -192 20.0 0 0 1 0 1 0 -1 0 0 3004.DAT
0 STEP
1 86 180.0 -288 10.0 -1 0 0 0 1 0 0 0 -1 3009.DAT
0 STEP
1 86 130.0 -312 20.0 0 0 1 0 1 0 -1 0 0 3004.DAT
0 STEP
1 86 140.0 -336 20.0 0 0 1 0 1 0 -1 0 0 3003.DAT
0 STEP
1 86 160.0 -384 20.0 -1 0 0 0 1 0 0 0 -1 3001.DAT
0 STEP
1 86 140.0 -456 10.0 -1 0 0 0 1 0 0 0 -1 3004.DAT
0 STEP
1 86 130.0 -144 40.0 0 0 1 0 1 0 -1 0 0 3004.DAT
0 STEP
1 86 140.0 -240 40.0 0 0 1 0 1 0 -1 0 0 3003.DAT
0 STEP
1 86 140.0 -288 40.0 0 0 1 0 1 0 -1 0 0 3003.DAT
0 STEP
1 86 130.0 -360 40.0 0 0 1 0 1 0 -1 0 0 3004.DAT
0 STEP
1 86 130.0 -72 60.0 0 0 1 0 1 0 -1 0 0 3004.DAT
0 STEP
1 86 140.0 -120 50.0 -1 0 0 0 1 0 0 0 -1 3004.DAT
0 STEP
1 86 130.0 -192 50.0 0 0 1 0 1 0 -1 0 0 3005.DAT
0 STEP
1 86 180.0 -312 50.0 -1 0 0 0 1 0 0 0 -1 3009.DAT
0 STEP
1 86 140.0 -480 60.0 0 0 1 0 1 0 -1 0 0 3003.DAT
0 STEP
1 86 130.0 -408 80.0 0 0 1 0 1 0 -1 0 0 3004.DAT
0 STEP
1 86 140.0 -72 90.0 -1 0 0 0 1 0 0 0 -1 3004.DAT
0 STEP
1 86 130.0 -96 120.0 0 0 1 0 1 0 -1 0 0 3010.DAT
0 STEP
1 86 160.0 -432 90.0 -1 0 0 0 1 0 0 0 -1 3010.DAT
0 STEP
1 86 140.0 -480 90.0 -1 0 0 0 1 0 0 0 -1 3004.DAT
0 STEP
1 86 140.0 -72 120.0 0 0 1 0 1 0 -1 0 0 3003.DAT
0 STEP
1 86 160.0 -360 110.0 -1 0 0 0 1 0 0 0 -1 3010.DAT
0 STEP
1 86 130.0 -384 120.0 0 0 1 0 1 0 -1 0 0 3004.DAT
0 STEP
1 86 140.0 -480 120.0 0 0 1 0 1 0 -1 0 0 3003.DAT
0 STEP
1 86 140.0 -120 140.0 0 0 1 0 1 0 -1 0 0 3003.DAT
0 STEP
1 86 160.0 -336 130.0 -1 0 0 0 1 0 0 0 -1 3010.DAT
0 STEP
1 86 140.0 -360 160.0 0 0 1 0 1 0 -1 0 0 3001.DAT
0 STEP
1 86 160.0 -312 150.0 -1 0 0 0 1 0 0 0 -1 3010.DAT
0 STEP
1 86 140.0 -336 160.0 0 0 1 0 1 0 -1 0 0 3003.DAT
0 STEP
1 86 140.0 -96 180.0 0 0 1 0 1 0 -1 0 0 3003.DAT
0 STEP
1 86 140.0 -312 180.0 0 0 1 0 1 0 -1 0 0 3003.DAT
0 STEP
1 86 130.0 -72 260.0 0 0 1 0 1 0 -1 0 0 3008.DAT
0 STEP
1 86 130.0 -120 260.0 0 0 1 0 1 0 -1 0 0 3008.DAT
0 STEP
1 86 130.0 -336 200.0 0 0 1 0 1 0 -1 0 0 3004.DAT
0 STEP
1 86 140.0 -288 220.0 0 0 1 0 1 0 -1 0 0 3003.DAT
0 STEP
1 86 180.0 -360 210.0 -1 0 0 0 1 0 0 0 -1 3009.DAT
0 STEP
1 86 140.0 -264 280.0 0 0 1 0 1 0 -1 0 0 2456.DAT
0 STEP
1 86 130.0 -312 230.0 0 0 1 0 1 0 -1 0 0 3005.DAT
0 STEP
1 86 140.0 -96 250.0 -1 0 0 0 1 0 0 0 -1 3004.DAT
0 STEP
1 86 140.0 -240 260.0 0 0 1 0 1 0 -1 0 0 3003.DAT
0 STEP
1 86 140.0 -240 290.0 -1 0 0 0 1 0 0 0 -1 3004.DAT
0 STEP
1 86 130.0 -240 320.0 0 0 1 0 1 0 -1 0 0 3004.DAT
0 STEP
1 86 160.0 -96 330.0 -1 0 0 0 1 0 0 0 -1 3010.DAT
0 STEP
1 86 130.0 -288 360.0 0 0 1 0 1 0 -1 0 0 3010.DAT
0 STEP
1 86 130.0 -96 360.0 0 0 1 0 1 0 -1 0 0 3004.DAT
0 STEP
1 86 140.0 -240 350.0 -1 0 0 0 1 0 0 0 -1 3004.DAT
0 STEP
1 86 130.0 -240 380.0 0 0 1 0 1 0 -1 0 0 3004.DAT
0 STEP
1 86 160.0 -264 370.0 -1 0 0 0 1 0 0 0 -1 3010.DAT
0 STEP
1 86 140.0 -96 390.0 -1 0 0 0 1 0 0 0 -1 3004.DAT
0 STEP
1 86 140.0 -264 390.0 -1 0 0 0 1 0 0 0 -1 3004.DAT
0 STEP
1 86 140.0 -240 410.0 -1 0 0 0 1 0 0 0 -1 3004.DAT
0 STEP
1 86 140.0 -264 420.0 0 0 1 0 1 0 -1 0 0 3003.DAT
0 STEP
1 86 140.0 -240 460.0 0 0 1 0 1 0 -1 0 0 3001.DAT
0 STEP
1 86 130.0 -96 450.0 0 0 1 0 1 0 -1 0 0 3005.DAT
0 STEP
1 86 140.0 -288 480.0 0 0 1 0 1 0 -1 0 0 3001.DAT
0 STEP
1 86 140.0 -96 470.0 -1 0 0 0 1 0 0 0 -1 3004.DAT
0 STEP
1 86 130.0 -144 480.0 0 0 1 0 1 0 -1 0 0 3004.DAT
0 STEP
1 86 180.0 -168 480.0 -1 0 0 0 1 0 0 0 -1 2456.DAT
0 STEP
1 86 130.0 -216 480.0 0 0 1 0 1 0 -1 0 0 3004.DAT
0 STEP
1 86 130.0 -96 500.0 0 0 1 0 1 0 -1 0 0 3004.DAT
0 STEP
1 86 140.0 -72 510.0 -1 0 0 0 1 0 0 0 -1 3004.DAT
0 STEP
1 86 140.0 -144 510.0 -1 0 0 0 1 0 0 0 -1 3004.DAT
0 STEP
1 86 180.0 -216 510.0 -1 0 0 0 1 0 0 0 -1 3009.DAT
0 STEP
1 86 150.0 -96 10.0 0 0 1 0 1 0 -1 0 0 3005.DAT
0 STEP
1 86 150.0 -144 20.0 0 0 1 0 1 0 -1 0 0 3004.DAT
0 STEP
1 86 150.0 -192 10.0 0 0 1 0 1 0 -1 0 0 3005.DAT
0 STEP
1 86 180.0 -312 20.0 -1 0 0 0 1 0 0 0 -1 3001.DAT
0 STEP
1 86 160.0 -96 60.0 0 0 1 0 1 0 -1 0 0 3001.DAT
0 STEP
1 86 150.0 -168 30.0 0 0 1 0 1 0 -1 0 0 3005.DAT
0 STEP
1 86 150.0 -192 40.0 0 0 1 0 1 0 -1 0 0 3004.DAT
0 STEP
1 86 150.0 -360 30.0 0 0 1 0 1 0 -1 0 0 3005.DAT
0 STEP
1 86 200.0 -408 40.0 -1 0 0 0 1 0 0 0 -1 2456.DAT
0 STEP
1 86 160.0 -456 40.0 0 0 1 0 1 0 -1 0 0 3003.DAT
0 STEP
1 86 180.0 -72 50.0 -1 0 0 0 1 0 0 0 -1 3010.DAT
0 STEP
1 86 160.0 -144 50.0 -1 0 0 0 1 0 0 0 -1 3004.DAT
0 STEP
1 86 150.0 -336 50.0 0 0 1 0 1 0 -1 0 0 3005.DAT
0 STEP
1 86 160.0 -360 50.0 -1 0 0 0 1 0 0 0 -1 3004.DAT
0 STEP
1 86 150.0 -72 70.0 0 0 1 0 1 0 -1 0 0 3005.DAT
0 STEP
1 86 150.0 -120 80.0 0 0 1 0 1 0 -1 0 0 3004.DAT
0 STEP
1 86 160.0 -408 80.0 0 0 1 0 1 0 -1 0 0 3003.DAT
0 STEP
1 86 160.0 -456 70.0 -1 0 0 0 1 0 0 0 -1 3004.DAT
0 STEP
1 86 150.0 -384 90.0 0 0 1 0 1 0 -1 0 0 3005.DAT
0 STEP
1 86 160.0 -456 100.0 0 0 1 0 1 0 -1 0 0 3003.DAT
0 STEP
1 86 150.0 -96 110.0 0 0 1 0 1 0 -1 0 0 3005.DAT
0 STEP
1 86 160.0 -384 120.0 0 0 1 0 1 0 -1 0 0 3003.DAT
0 STEP
1 86 180.0 -96 140.0 -1 0 0 0 1 0 0 0 -1 3001.DAT
0 STEP
1 86 160.0 -456 130.0 -1 0 0 0 1 0 0 0 -1 3004.DAT
0 STEP
1 86 150.0 -72 190.0 0 0 1 0 1 0 -1 0 0 3005.DAT
0 STEP
1 86 150.0 -120 200.0 0 0 1 0 1 0 -1 0 0 3004.DAT
0 STEP
1 86 180.0 -336 200.0 -1 0 0 0 1 0 0 0 -1 3001.DAT
0 STEP
1 86 160.0 -72 220.0 0 0 1 0 1 0 -1 0 0 3003.DAT
0 STEP
1 86 150.0 -96 220.0 0 0 1 0 1 0 -1 0 0 3004.DAT
0 STEP
1 86 160.0 -312 220.0 0 0 1 0 1 0 -1 0 0 3003.DAT
0 STEP
1 86 160.0 -120 280.0 0 0 1 0 1 0 -1 0 0 2456.DAT
0 STEP
1 86 150.0 -336 230.0 0 0 1 0 1 0 -1 0 0 3005.DAT
0 STEP
1 86 200.0 -72 260.0 -1 0 0 0 1 0 0 0 -1 2456.DAT
0 STEP
1 86 150.0 -288 250.0 0 0 1 0 1 0 -1 0 0 3005.DAT
0 STEP
1 86 150.0 -96 270.0 0 0 1 0 1 0 -1 0 0 3005.DAT
0 STEP
1 86 160.0 -288 270.0 -1 0 0 0 1 0 0 0 -1 3004.DAT
0 STEP
1 86 160.0 -72 290.0 -1 0 0 0 1 0 0 0 -1 3004.DAT
0 STEP
1 86 150.0 -288 300.0 0 0 1 0 1 0 -1 0 0 3004.DAT
0 STEP
1 86 150.0 -72 360.0 0 0 1 0 1 0 -1 0 0 3009.DAT
0 STEP
1 86 160.0 -240 320.0 0 0 1 0 1 0 -1 0 0 3003.DAT
0 STEP
1 86 180.0 -288 330.0 -1 0 0 0 1 0 0 0 -1 3010.DAT
0 STEP
1 86 180.0 -96 360.0 -1 0 0 0 1 0 0 0 -1 3001.DAT
0 STEP
1 86 160.0 -288 380.0 0 0 1 0 1 0 -1 0 0 3001.DAT
0 STEP
1 86 150.0 -120 420.0 0 0 1 0 1 0 -1 0 0 3009.DAT
0 STEP
1 86 160.0 -240 380.0 0 0 1 0 1 0 -1 0 0 3003.DAT
0 STEP
1 86 150.0 -96 410.0 0 0 1 0 1 0 -1 0 0 3005.DAT
0 STEP
1 86 150.0 -96 440.0 0 0 1 0 1 0 -1 0 0 3004.DAT
0 STEP
1 86 160.0 -288 430.0 -1 0 0 0 1 0 0 0 -1 3004.DAT
0 STEP
1 86 150.0 -72 450.0 0 0 1 0 1 0 -1 0 0 3005.DAT
0 STEP
1 86 180.0 -72 470.0 -1 0 0 0 1 0 0 0 -1 3010.DAT
0 STEP
1 86 220.0 -144 470.0 -1 0 0 0 1 0 0 0 -1 3008.DAT
0 STEP
1 86 200.0 -192 470.0 -1 0 0 0 1 0 0 0 -1 3009.DAT
0 STEP
1 86 200.0 -216 480.0 -1 0 0 0 1 0 0 0 -1 2456.DAT
0 STEP
1 86 150.0 -72 490.0 0 0 1 0 1 0 -1 0 0 3005.DAT
0 STEP
1 86 160.0 -96 490.0 -1 0 0 0 1 0 0 0 -1 3004.DAT
0 STEP
1 86 160.0 -144 490.0 -1 0 0 0 1 0 0 0 -1 3004.DAT
0 STEP
1 86 200.0 -192 500.0 -1 0 0 0 1 0 0 0 -1 2456.DAT
0 STEP
1 86 150.0 -96 510.0 0 0 1 0 1 0 -1 0 0 3005.DAT
0 STEP
1 86 150.0 -168 510.0 0 0 1 0 1 0 -1 0 0 3005.DAT
0 STEP
1 86 150.0 -240 510.0 0 0 1 0 1 0 -1 0 0 3005.DAT
0 STEP
1 86 180.0 -96 10.0 -1 0 0 0 1 0 0 0 -1 3004.DAT
0 STEP
1 86 170.0 -120 10.0 0 0 1 0 1 0 -1 0 0 3005.DAT
0 STEP
1 86 180.0 -144 20.0 0 0 1 0 1 0 -1 0 0 3003.DAT
0 STEP
1 86 170.0 -168 10.0 0 0 1 0 1 0 -1 0 0 3005.DAT
0 STEP
1 86 220.0 -192 20.0 -1 0 0 0 1 0 0 0 -1 2456.DAT
0 STEP
1 86 170.0 -216 20.0 0 0 1 0 1 0 -1 0 0 3004.DAT
0 STEP
1 86 200.0 -336 10.0 -1 0 0 0 1 0 0 0 -1 3010.DAT
0 STEP
1 86 170.0 -456 10.0 0 0 1 0 1 0 -1 0 0 3005.DAT
0 STEP
1 86 180.0 -120 40.0 0 0 1 0 1 0 -1 0 0 3003.DAT
0 STEP
1 86 170.0 -168 40.0 0 0 1 0 1 0 -1 0 0 3004.DAT
0 STEP
1 86 170.0 -240 40.0 0 0 1 0 1 0 -1 0 0 3004.DAT
0 STEP
1 86 170.0 -288 40.0 0 0 1 0 1 0 -1 0 0 3004.DAT
0 STEP
1 86 170.0 -336 40.0 0 0 1 0 1 0 -1 0 0 3004.DAT
0 STEP
1 86 200.0 -360 30.0 -1 0 0 0 1 0 0 0 -1 3010.DAT
0 STEP
1 86 180.0 -192 50.0 -1 0 0 0 1 0 0 0 -1 3004.DAT
0 STEP
1 86 170.0 -480 80.0 0 0 1 0 1 0 -1 0 0 3010.DAT
0 STEP
1 86 170.0 -72 100.0 0 0 1 0 1 0 -1 0 0 3010.DAT
0 STEP
1 86 180.0 -120 70.0 -1 0 0 0 1 0 0 0 -1 3004.DAT
0 STEP
1 86 170.0 -120 90.0 0 0 1 0 1 0 -1 0 0 3005.DAT
0 STEP
1 86 200.0 -384 90.0 -1 0 0 0 1 0 0 0 -1 3010.DAT
0 STEP
1 86 180.0 -96 110.0 -1 0 0 0 1 0 0 0 -1 3004.DAT
0 STEP
1 86 170.0 -408 110.0 0 0 1 0 1 0 -1 0 0 3005.DAT
0 STEP
1 86 170.0 -120 140.0 0 0 1 0 1 0 -1 0 0 3004.DAT
0 STEP
1 86 180.0 -360 160.0 0 0 1 0 1 0 -1 0 0 3001.DAT
0 STEP
1 86 180.0 -480 130.0 -1 0 0 0 1 0 0 0 -1 3004.DAT
0 STEP
1 86 180.0 -72 160.0 0 0 1 0 1 0 -1 0 0 3003.DAT
0 STEP
1 86 170.0 -336 150.0 0 0 1 0 1 0 -1 0 0 3005.DAT
0 STEP
1 86 170.0 -96 180.0 0 0 1 0 1 0 -1 0 0 3004.DAT
0 STEP
1 86 170.0 -312 180.0 0 0 1 0 1 0 -1 0 0 3004.DAT
0 STEP
1 86 200.0 -336 170.0 -1 0 0 0 1 0 0 0 -1 3010.DAT
0 STEP
1 86 180.0 -72 190.0 -1 0 0 0 1 0 0 0 -1 3004.DAT
0 STEP
1 86 180.0 -120 200.0 0 0 1 0 1 0 -1 0 0 3003.DAT
0 STEP
1 86 180.0 -96 220.0 0 0 1 0 1 0 -1 0 0 3003.DAT
0 STEP
1 86 220.0 -288 210.0 -1 0 0 0 1 0 0 0 -1 3009.DAT
0 STEP
1 86 200.0 -264 230.0 -1 0 0 0 1 0 0 0 -1 3010.DAT
0 STEP
1 86 170.0 -288 240.0 0 0 1 0 1 0 -1 0 0 3004.DAT
0 STEP
1 86 200.0 -336 230.0 -1 0 0 0 1 0 0 0 -1 3010.DAT
0 STEP
1 86 170.0 -96 260.0 0 0 1 0 1 0 -1 0 0 3004.DAT
0 STEP
1 86 170.0 -240 250.0 0 0 1 0 1 0 -1 0 0 3005.DAT
0 STEP
1 86 170.0 -264 280.0 0 0 1 0 1 0 -1 0 0 3010.DAT
0 STEP
1 86 170.0 -240 280.0 0 0 1 0 1 0 -1 0 0 3004.DAT
0 STEP
1 86 200.0 -288 300.0 -1 0 0 0 1 0 0 0 -1 3001.DAT
0 STEP
1 86 180.0 -72 310.0 -1 0 0 0 1 0 0 0 -1 3004.DAT
0 STEP
1 86 200.0 -72 330.0 -1 0 0 0 1 0 0 0 -1 3010.DAT
0 STEP
1 86 180.0 -264 330.0 -1 0 0 0 1 0 0 0 -1 3004.DAT
0 STEP
1 86 180.0 -72 350.0 -1 0 0 0 1 0 0 0 -1 3004.DAT
0 STEP
1 86 170.0 -240 350.0 0 0 1 0 1 0 -1 0 0 3005.DAT
0 STEP
1 86 180.0 -72 380.0 0 0 1 0 1 0 -1 0 0 3003.DAT
0 STEP
1 86 170.0 -120 380.0 0 0 1 0 1 0 -1 0 0 3004.DAT
0 STEP
1 86 170.0 -96 400.0 0 0 1 0 1 0 -1 0 0 3004.DAT
0 STEP
1 86 180.0 -264 420.0 0 0 1 0 1 0 -1 0 0 3001.DAT
0 STEP
1 86 180.0 -72 410.0 -1 0 0 0 1 0 0 0 -1 3004.DAT
0 STEP
1 86 170.0 -120 410.0 0 0 1 0 1 0 -1 0 0 3005.DAT
0 STEP
1 86 180.0 -240 420.0 0 0 1 0 1 0 -1 0 0 3003.DAT
0 STEP
1 86 170.0 -96 430.0 0 0 1 0 1 0 -1 0 0 3005.DAT
0 STEP
1 86 240.0 -120 430.0 -1 0 0 0 1 0 0 0 -1 3008.DAT
0 STEP
1 86 180.0 -72 450.0 -1 0 0 0 1 0 0 0 -1 3004.DAT
0 STEP
1 86 200.0 -96 460.0 -1 0 0 0 1 0 0 0 -1 3001.DAT
0 STEP
1 86 200.0 -120 450.0 -1 0 0 0 1 0 0 0 -1 3010.DAT
0 STEP
1 86 170.0 -240 480.0 0 0 1 0 1 0 -1 0 0 3010.DAT
0 STEP
1 86 170.0 -288 450.0 0 0 1 0 1 0 -1 0 0 3005.DAT
0 STEP
1 86 180.0 -120 480.0 0 0 1 0 1 0 -1 0 0 3003.DAT
0 STEP
1 86 170.0 -288 480.0 0 0 1 0 1 0 -1 0 0 3004.DAT
0 STEP
1 86 170.0 -72 500.0 0 0 1 0 1 0 -1 0 0 3004.DAT
0 STEP
1 86 180.0 -96 510.0 -1 0 0 0 1 0 0 0 -1 3004.DAT
0 STEP
1 86 170.0 -144 510.0 0 0 1 0 1 0 -1 0 0 3005.DAT
0 STEP
1 86 180.0 -168 510.0 -1 0 0 0 1 0 0 0 -1 3004.DAT
0 STEP
1 86 170.0 -288 510.0 0 0 1 0 1 0 -1 0 0 3005.DAT
0 STEP
1 86 200.0 -120 10.0 -1 0 0 0 1 0 0 0 -1 3004.DAT
0 STEP
1 86 200.0 -168 10.0 -1 0 0 0 1 0 0 0 -1 3004.DAT
0 STEP
1 86 220.0 -216 10.0 -1 0 0 0 1 0 0 0 -1 3010.DAT
0 STEP
1 86 190.0 -240 10.0 0 0 1 0 1 0 -1 0 0 3005.DAT
0 STEP
1 86 190.0 -360 10.0 0 0 1 0 1 0 -1 0 0 3005.DAT
0 STEP
1 86 200.0 -456 10.0 -1 0 0 0 1 0 0 0 -1 3004.DAT
0 STEP
1 86 200.0 -96 30.0 -1 0 0 0 1 0 0 0 -1 3004.DAT
0 STEP
1 86 200.0 -168 40.0 0 0 1 0 1 0 -1 0 0 3003.DAT
0 STEP
1 86 190.0 -216 40.0 0 0 1 0 1 0 -1 0 0 3004.DAT
0 STEP
1 86 240.0 -240 40.0 -1 0 0 0 1 0 0 0 -1 2456.DAT
0 STEP
1 86 240.0 -288 40.0 -1 0 0 0 1 0 0 0 -1 2456.DAT
0 STEP
1 86 200.0 -336 40.0 0 0 1 0 1 0 -1 0 0 3003.DAT
0 STEP
1 86 190.0 -456 80.0 0 0 1 0 1 0 -1 0 0 3009.DAT
0 STEP
1 86 200.0 -96 60.0 0 0 1 0 1 0 -1 0 0 3003.DAT
0 STEP
1 86 190.0 -144 50.0 0 0 1 0 1 0 -1 0 0 3005.DAT
0 STEP
1 86 190.0 -360 50.0 0 0 1 0 1 0 -1 0 0 3005.DAT
0 STEP
1 86 190.0 -480 50.0 0 0 1 0 1 0 -1 0 0 3005.DAT
0 STEP
1 86 200.0 -72 80.0 0 0 1 0 1 0 -1 0 0 3003.DAT
0 STEP
1 86 200.0 -408 70.0 -1 0 0 0 1 0 0 0 -1 3004.DAT
0 STEP
1 86 220.0 -480 80.0 -1 0 0 0 1 0 0 0 -1 3001.DAT
0 STEP
1 86 190.0 -96 90.0 0 0 1 0 1 0 -1 0 0 3005.DAT
0 STEP
1 86 260.0 -120 90.0 -1 0 0 0 1 0 0 0 -1 3008.DAT
0 STEP
1 86 220.0 -408 100.0 -1 0 0 0 1 0 0 0 -1 3001.DAT
0 STEP
1 86 190.0 -72 120.0 0 0 1 0 1 0 -1 0 0 3004.DAT
0 STEP
1 86 200.0 -120 120.0 0 0 1 0 1 0 -1 0 0 3003.DAT
0 STEP
1 86 190.0 -384 120.0 0 0 1 0 1 0 -1 0 0 3004.DAT
0 STEP
1 86 200.0 -480 110.0 -1 0 0 0 1 0 0 0 -1 3004.DAT
0 STEP
1 86 190.0 -120 160.0 0 0 1 0 1 0 -1 0 0 3004.DAT
0 STEP
1 86 200.0 -336 150.0 -1 0 0 0 1 0 0 0 -1 3004.DAT
0 STEP
1 86 220.0 -96 170.0 -1 0 0 0 1 0 0 0 -1 3010.DAT
0 STEP
1 86 190.0 -312 200.0 0 0 1 0 1 0 -1 0 0 3010.DAT
0 STEP
1 86 200.0 -96 190.0 -1 0 0 0 1 0 0 0 -1 3004.DAT
0 STEP
1 86 190.0 -72 220.0 0 0 1 0 1 0 -1 0 0 3004.DAT
0 STEP
1 86 200.0 -120 230.0 -1 0 0 0 1 0 0 0 -1 3004.DAT
0 STEP
1 86 190.0 -288 230.0 0 0 1 0 1 0 -1 0 0 3005.DAT
0 STEP
1 86 200.0 -96 260.0 0 0 1 0 1 0 -1 0 0 3003.DAT
0 STEP
1 86 190.0 -120 250.0 0 0 1 0 1 0 -1 0 0 3005.DAT
0 STEP
1 86 200.0 -240 300.0 0 0 1 0 1 0 -1 0 0 2456.DAT
0 STEP
1 86 190.0 -264 250.0 0 0 1 0 1 0 -1 0 0 3005.DAT
0 STEP
1 86 190.0 -288 260.0 0 0 1 0 1 0 -1 0 0 3004.DAT
0 STEP
1 86 190.0 -120 280.0 0 0 1 0 1 0 -1 0 0 3004.DAT
0 STEP
1 86 190.0 -264 280.0 0 0 1 0 1 0 -1 0 0 3004.DAT
0 STEP
1 86 190.0 -72 290.0 0 0 1 0 1 0 -1 0 0 3005.DAT
0 STEP
1 86 190.0 -96 300.0 0 0 1 0 1 0 -1 0 0 3004.DAT
0 STEP
1 86 200.0 -120 320.0 0 0 1 0 1 0 -1 0 0 3003.DAT
0 STEP
1 86 190.0 -264 310.0 0 0 1 0 1 0 -1 0 0 3005.DAT
0 STEP
1 86 190.0 -120 380.0 0 0 1 0 1 0 -1 0 0 3010.DAT
0 STEP
1 86 190.0 -288 350.0 0 0 1 0 1 0 -1 0 0 3005.DAT
0 STEP
1 86 190.0 -240 380.0 0 0 1 0 1 0 -1 0 0 3004.DAT
0 STEP
1 86 190.0 -288 380.0 0 0 1 0 1 0 -1 0 0 3004.DAT
0 STEP
1 86 190.0 -96 390.0 0 0 1 0 1 0 -1 0 0 3005.DAT
0 STEP
1 86 200.0 -96 420.0 0 0 1 0 1 0 -1 0 0 3003.DAT
0 STEP
1 86 200.0 -288 410.0 -1 0 0 0 1 0 0 0 -1 3004.DAT
0 STEP
1 86 190.0 -288 430.0 0 0 1 0 1 0 -1 0 0 3005.DAT
0 STEP
1 86 190.0 -240 460.0 0 0 1 0 1 0 -1 0 0 3004.DAT
0 STEP
1 86 190.0 -288 480.0 0 0 1 0 1 0 -1 0 0 3010.DAT
0 STEP
1 86 200.0 -264 480.0 0 0 1 0 1 0 -1 0 0 3003.DAT
0 STEP
1 86 200.0 -72 500.0 0 0 1 0 1 0 -1 0 0 3003.DAT
0 STEP
1 86 190.0 -96 490.0 0 0 1 0 1 0 -1 0 0 3005.DAT
0 STEP
1 86 200.0 -144 500.0 0 0 1 0 1 0 -1 0 0 3003.DAT
0 STEP
1 86 200.0 -240 500.0 0 0 1 0 1 0 -1 0 0 3003.DAT
0 STEP
1 86 220.0 -264 510.0 -1 0 0 0 1 0 0 0 -1 3010.DAT
0 STEP
1 86 210.0 -96 10.0 0 0 1 0 1 0 -1 0 0 3005.DAT
0 STEP
1 86 280.0 -144 10.0 -1 0 0 0 1 0 0 0 -1 3008.DAT
0 STEP
1 86 240.0 -240 10.0 -1 0 0 0 1 0 0 0 -1 3010.DAT
0 STEP
1 86 240.0 -360 10.0 -1 0 0 0 1 0 0 0 -1 3010.DAT
0 STEP
1 86 220.0 -384 10.0 -1 0 0 0 1 0 0 0 -1 3004.DAT
0 STEP
1 86 260.0 -432 20.0 -1 0 0 0 1 0 0 0 -1 2456.DAT
0 STEP
1 86 210.0 -120 40.0 0 0 1 0 1 0 -1 0 0 3004.DAT
0 STEP
1 86 280.0 -144 30.0 -1 0 0 0 1 0 0 0 -1 3008.DAT
0 STEP
1 86 220.0 -216 40.0 0 0 1 0 1 0 -1 0 0 3003.DAT
0 STEP
1 86 210.0 -384 40.0 0 0 1 0 1 0 -1 0 0 3004.DAT
0 STEP
1 86 210.0 -456 40.0 0 0 1 0 1 0 -1 0 0 3004.DAT
0 STEP
1 86 280.0 -144 50.0 -1 0 0 0 1 0 0 0 -1 3008.DAT
0 STEP
1 86 210.0 -192 50.0 0 0 1 0 1 0 -1 0 0 3005.DAT
0 STEP
1 86 220.0 -360 50.0 -1 0 0 0 1 0 0 0 -1 3004.DAT
0 STEP
1 86 280.0 -480 50.0 -1 0 0 0 1 0 0 0 -1 3008.DAT
0 STEP
1 86 210.0 -120 70.0 0 0 1 0 1 0 -1 0 0 3005.DAT
0 STEP
1 86 210.0 -456 70.0 0 0 1 0 1 0 -1 0 0 3005.DAT
0 STEP
1 86 210.0 -96 100.0 0 0 1 0 1 0 -1 0 0 3004.DAT
0 STEP
1 86 210.0 -432 90.0 0 0 1 0 1 0 -1 0 0 3005.DAT
0 STEP
1 86 220.0 -456 100.0 0 0 1 0 1 0 -1 0 0 3003.DAT
0 STEP
1 86 220.0 -72 120.0 0 0 1 0 1 0 -1 0 0 3003.DAT
0 STEP
1 86 210.0 -360 110.0 0 0 1 0 1 0 -1 0 0 3005.DAT
0 STEP
1 86 260.0 -384 120.0 -1 0 0 0 1 0 0 0 -1 2456.DAT
0 STEP
1 86 210.0 -336 130.0 0 0 1 0 1 0 -1 0 0 3005.DAT
0 STEP
1 86 210.0 -360 140.0 0 0 1 0 1 0 -1 0 0 3004.DAT
0 STEP
1 86 220.0 -456 130.0 -1 0 0 0 1 0 0 0 -1 3004.DAT
0 STEP
1 86 210.0 -480 130.0 0 0 1 0 1 0 -1 0 0 3005.DAT
0 STEP
1 86 220.0 -72 150.0 -1 0 0 0 1 0 0 0 -1 3004.DAT
0 STEP
1 86 220.0 -120 150.0 -1 0 0 0 1 0 0 0 -1 3004.DAT
0 STEP
1 86 210.0 -312 150.0 0 0 1 0 1 0 -1 0 0 3005.DAT
0 STEP
1 86 220.0 -72 180.0 0 0 1 0 1 0 -1 0 0 3003.DAT
0 STEP
1 86 220.0 -120 180.0 0 0 1 0 1 0 -1 0 0 3003.DAT
0 STEP
1 86 210.0 -312 180.0 0 0 1 0 1 0 -1 0 0 3004.DAT
0 STEP
1 86 220.0 -360 180.0 0 0 1 0 1 0 -1 0 0 3003.DAT
0 STEP
1 86 220.0 -72 210.0 -1 0 0 0 1 0 0 0 -1 3004.DAT
0 STEP
1 86 210.0 -96 220.0 0 0 1 0 1 0 -1 0 0 3004.DAT
0 STEP
1 86 210.0 -120 210.0 0 0 1 0 1 0 -1 0 0 3005.DAT
0 STEP
1 86 240.0 -312 220.0 -1 0 0 0 1 0 0 0 -1 3001.DAT
0 STEP
1 86 210.0 -72 230.0 0 0 1 0 1 0 -1 0 0 3005.DAT
0 STEP
1 86 210.0 -288 240.0 0 0 1 0 1 0 -1 0 0 3004.DAT
0 STEP
1 86 220.0 -120 250.0 -1 0 0 0 1 0 0 0 -1 3004.DAT
0 STEP
1 86 220.0 -264 260.0 0 0 1 0 1 0 -1 0 0 3003.DAT
0 STEP
1 86 220.0 -120 280.0 0 0 1 0 1 0 -1 0 0 3003.DAT
0 STEP
1 86 210.0 -288 270.0 0 0 1 0 1 0 -1 0 0 3005.DAT
0 STEP
1 86 210.0 -72 300.0 0 0 1 0 1 0 -1 0 0 3004.DAT
0 STEP
1 86 220.0 -96 290.0 -1 0 0 0 1 0 0 0 -1 3004.DAT
0 STEP
1 86 220.0 -264 290.0 -1 0 0 0 1 0 0 0 -1 3004.DAT
0 STEP
1 86 240.0 -96 310.0 -1 0 0 0 1 0 0 0 -1 3010.DAT
0 STEP
1 86 210.0 -264 320.0 0 0 1 0 1 0 -1 0 0 3004.DAT
0 STEP
1 86 210.0 -96 330.0 0 0 1 0 1 0 -1 0 0 3005.DAT
0 STEP
1 86 210.0 -72 360.0 0 0 1 0 1 0 -1 0 0 3004.DAT
0 STEP
1 86 220.0 -120 350.0 -1 0 0 0 1 0 0 0 -1 3004.DAT
0 STEP
1 86 210.0 -288 360.0 0 0 1 0 1 0 -1 0 0 3004.DAT
0 STEP
1 86 210.0 -120 380.0 0 0 1 0 1 0 -1 0 0 3004.DAT
0 STEP
1 86 210.0 -240 370.0 0 0 1 0 1 0 -1 0 0 3005.DAT
0 STEP
1 86 210.0 -264 400.0 0 0 1 0 1 0 -1 0 0 3010.DAT
0 STEP
1 86 210.0 -72 390.0 0 0 1 0 1 0 -1 0 0 3005.DAT
0 STEP
1 86 220.0 -96 390.0 -1 0 0 0 1 0 0 0 -1 3004.DAT
0 STEP
1 86 220.0 -240 390.0 -1 0 0 0 1 0 0 0 -1 3004.DAT
0 STEP
1 86 210.0 -288 390.0 0 0 1 0 1 0 -1 0 0 3005.DAT
0 STEP
1 86 210.0 -72 420.0 0 0 1 0 1 0 -1 0 0 3004.DAT
0 STEP
1 86 220.0 -120 410.0 -1 0 0 0 1 0 0 0 -1 3004.DAT
0 STEP
1 86 210.0 -240 410.0 0 0 1 0 1 0 -1 0 0 3005.DAT
0 STEP
1 86 210.0 -240 440.0 0 0 1 0 1 0 -1 0 0 3004.DAT
0 STEP
1 86 210.0 -288 440.0 0 0 1 0 1 0 -1 0 0 3004.DAT
0 STEP
1 86 210.0 -72 450.0 0 0 1 0 1 0 -1 0 0 3005.DAT
0 STEP
1 86 220.0 -264 450.0 -1 0 0 0 1 0 0 0 -1 3004.DAT
0 STEP
1 86 210.0 -120 480.0 0 0 1 0 1 0 -1 0 0 3004.DAT
0 STEP
1 86 240.0 -240 470.0 -1 0 0 0 1 0 0 0 -1 3010.DAT
0 STEP
1 86 220.0 -288 470.0 -1 0 0 0 1 0 0 0 -1 3004.DAT
0 STEP
1 86 220.0 -96 500.0 0 0 1 0 1 0 -1 0 0 3003.DAT
0 STEP
1 86 240.0 -288 500.0 -1 0 0 0 1 0 0 0 -1 3001.DAT
0 STEP
1 86 210.0 -168 510.0 0 0 1 0 1 0 -1 0 0 3005.DAT
0 STEP
1 86 280.0 -96 10.0 -1 0 0 0 1 0 0 0 -1 3009.DAT
0 STEP
1 86 240.0 -120 40.0 0 0 1 0 1 0 -1 0 0 3001.DAT
0 STEP
1 86 230.0 -168 20.0 0 0 1 0 1 0 -1 0 0 3004.DAT
0 STEP
1 86 230.0 -264 20.0 0 0 1 0 1 0 -1 0 0 3004.DAT
0 STEP
1 86 230.0 -312 20.0 0 0 1 0 1 0 -1 0 0 3004.DAT
0 STEP
1 86 230.0 -456 40.0 0 0 1 0 1 0 -1 0 0 3010.DAT
0 STEP
1 86 240.0 -96 40.0 0 0 1 0 1 0 -1 0 0 3003.DAT
0 STEP
1 86 230.0 -336 30.0 0 0 1 0 1 0 -1 0 0 3005.DAT
0 STEP
1 86 240.0 -384 30.0 -1 0 0 0 1 0 0 0 -1 3004.DAT
0 STEP
1 86 230.0 -72 60.0 0 0 1 0 1 0 -1 0 0 3004.DAT
0 STEP
1 86 230.0 -168 50.0 0 0 1 0 1 0 -1 0 0 3005.DAT
0 STEP
1 86 260.0 -192 50.0 -1 0 0 0 1 0 0 0 -1 3010.DAT
0 STEP
1 86 240.0 -264 50.0 -1 0 0 0 1 0 0 0 -1 3004.DAT
0 STEP
1 86 260.0 -336 50.0 -1 0 0 0 1 0 0 0 -1 3010.DAT
0 STEP
1 86 280.0 -384 50.0 -1 0 0 0 1 0 0 0 -1 3009.DAT
0 STEP
1 86 240.0 -432 50.0 -1 0 0 0 1 0 0 0 -1 3004.DAT
0 STEP
1 86 230.0 -96 80.0 0 0 1 0 1 0 -1 0 0 3004.DAT
0 STEP
1 86 230.0 -408 70.0 0 0 1 0 1 0 -1 0 0 3005.DAT
0 STEP
1 86 240.0 -432 100.0 0 0 1 0 1 0 -1 0 0 3001.DAT
0 STEP
1 86 240.0 -72 90.0 -1 0 0 0 1 0 0 0 -1 3004.DAT
0 STEP
1 86 240.0 -96 110.0 -1 0 0 0 1 0 0 0 -1 3004.DAT
0 STEP
1 86 230.0 -120 110.0 0 0 1 0 1 0 -1 0 0 3005.DAT
0 STEP
1 86 260.0 -360 110.0 -1 0 0 0 1 0 0 0 -1 3010.DAT
0 STEP
1 86 240.0 -480 120.0 0 0 1 0 1 0 -1 0 0 3003.DAT
0 STEP
1 86 230.0 -96 140.0 0 0 1 0 1 0 -1 0 0 3004.DAT
0 STEP
1 86 260.0 -120 130.0 -1 0 0 0 1 0 0 0 -1 3010.DAT
0 STEP
1 86 230.0 -336 140.0 0 0 1 0 1 0 -1 0 0 3004.DAT
0 STEP
1 86 260.0 -360 140.0 -1 0 0 0 1 0 0 0 -1 3001.DAT
0 STEP
1 86 240.0 -312 160.0 0 0 1 0 1 0 -1 0 0 3003.DAT
0 STEP
1 86 230.0 -96 220.0 0 0 1 0 1 0 -1 0 0 3010.DAT
0 STEP
1 86 230.0 -312 190.0 0 0 1 0 1 0 -1 0 0 3005.DAT
0 STEP
1 86 260.0 -336 190.0 -1 0 0 0 1 0 0 0 -1 3010.DAT
0 STEP
1 86 240.0 -120 210.0 -1 0 0 0 1 0 0 0 -1 3004.DAT
0 STEP
1 86 230.0 -336 210.0 0 0 1 0 1 0 -1 0 0 3005.DAT
0 STEP
1 86 240.0 -72 230.0 -1 0 0 0 1 0 0 0 -1 3004.DAT
0 STEP
1 86 230.0 -120 230.0 0 0 1 0 1 0 -1 0 0 3005.DAT
0 STEP
1 86 280.0 -288 230.0 -1 0 0 0 1 0 0 0 -1 3009.DAT
0 STEP
1 86 230.0 -240 250.0 0 0 1 0 1 0 -1 0 0 3005.DAT
0 STEP
1 86 280.0 -288 260.0 -1 0 0 0 1 0 0 0 -1 2456.DAT
0 STEP
1 86 230.0 -96 270.0 0 0 1 0 1 0 -1 0 0 3005.DAT
0 STEP
1 86 230.0 -240 320.0 0 0 1 0 1 0 -1 0 0 3009.DAT
0 STEP
1 86 240.0 -72 300.0 0 0 1 0 1 0 -1 0 0 3003.DAT
0 STEP
1 86 230.0 -120 320.0 0 0 1 0 1 0 -1 0 0 3004.DAT
0 STEP
1 86 240.0 -264 320.0 0 0 1 0 1 0 -1 0 0 3003.DAT
0 STEP
1 86 230.0 -96 340.0 0 0 1 0 1 0 -1 0 0 3004.DAT
0 STEP
1 86 230.0 -288 340.0 0 0 1 0 1 0 -1 0 0 3004.DAT
0 STEP
1 86 230.0 -72 350.0 0 0 1 0 1 0 -1 0 0 3005.DAT
0 STEP
1 86 230.0 -72 380.0 0 0 1 0 1 0 -1 0 0 3004.DAT
0 STEP
1 86 230.0 -96 370.0 0 0 1 0 1 0 -1 0 0 3005.DAT
0 STEP
1 86 240.0 -120 370.0 -1 0 0 0 1 0 0 0 -1 3004.DAT
0 STEP
1 86 230.0 -264 380.0 0 0 1 0 1 0 -1 0 0 3004.DAT
0 STEP
1 86 240.0 -288 370.0 -1 0 0 0 1 0 0 0 -1 3004.DAT
0 STEP
1 86 230.0 -120 390.0 0 0 1 0 1 0 -1 0 0 3005.DAT
0 STEP
1 86 260.0 -288 400.0 -1 0 0 0 1 0 0 0 -1 3001.DAT
0 STEP
1 86 240.0 -72 410.0 -1 0 0 0 1 0 0 0 -1 3004.DAT
0 STEP
1 86 230.0 -96 420.0 0 0 1 0 1 0 -1 0 0 3004.DAT
0 STEP
1 86 230.0 -240 420.0 0 0 1 0 1 0 -1 0 0 3004.DAT
0 STEP
1 86 240.0 -264 410.0 -1 0 0 0 1 0 0 0 -1 3004.DAT
0 STEP
1 86 230.0 -72 430.0 0 0 1 0 1 0 -1 0 0 3005.DAT
0 STEP
1 86 230.0 -264 430.0 0 0 1 0 1 0 -1 0 0 3005.DAT
0 STEP
1 86 260.0 -288 430.0 -1 0 0 0 1 0 0 0 -1 3010.DAT
0 STEP
1 86 230.0 -72 460.0 0 0 1 0 1 0 -1 0 0 3004.DAT
0 STEP
1 86 240.0 -240 450.0 -1 0 0 0 1 0 0 0 -1 3004.DAT
0 STEP
1 86 240.0 -288 450.0 -1 0 0 0 1 0 0 0 -1 3004.DAT
0 STEP
1 86 230.0 -120 470.0 0 0 1 0 1 0 -1 0 0 3005.DAT
0 STEP
1 86 230.0 -264 480.0 0 0 1 0 1 0 -1 0 0 3004.DAT
0 STEP
1 86 230.0 -72 490.0 0 0 1 0 1 0 -1 0 0 3005.DAT
0 STEP
1 86 240.0 -120 500.0 0 0 1 0 1 0 -1 0 0 3003.DAT
0 STEP
1 86 230.0 -144 500.0 0 0 1 0 1 0 -1 0 0 3004.DAT
0 STEP
1 86 230.0 -240 500.0 0 0 1 0 1 0 -1 0 0 3004.DAT
0 STEP
1 86 240.0 -72 510.0 -1 0 0 0 1 0 0 0 -1 3004.DAT
0 STEP
1 86 240.0 -168 510.0 -1 0 0 0 1 0 0 0 -1 3004.DAT
0 STEP
1 86 260.0 -72 40.0 0 0 1 0 1 0 -1 0 0 3001.DAT
0 STEP
1 86 260.0 -168 10.0 -1 0 0 0 1 0 0 0 -1 3004.DAT
0 STEP
1 86 260.0 -264 20.0 0 0 1 0 1 0 -1 0 0 3003.DAT
0 STEP
1 86 250.0 -288 10.0 0 0 1 0 1 0 -1 0 0 3005.DAT
0 STEP
1 86 260.0 -312 10.0 -1 0 0 0 1 0 0 0 -1 3004.DAT
0 STEP
1 86 250.0 -336 20.0 0 0 1 0 1 0 -1 0 0 3004.DAT
0 STEP
1 86 250.0 -384 10.0 0 0 1 0 1 0 -1 0 0 3005.DAT
0 STEP
1 86 260.0 -456 10.0 -1 0 0 0 1 0 0 0 -1 3004.DAT
0 STEP
1 86 260.0 -168 40.0 0 0 1 0 1 0 -1 0 0 3003.DAT
0 STEP
1 86 250.0 -216 40.0 0 0 1 0 1 0 -1 0 0 3004.DAT
0 STEP
1 86 260.0 -312 40.0 0 0 1 0 1 0 -1 0 0 3003.DAT
0 STEP
1 86 260.0 -360 40.0 0 0 1 0 1 0 -1 0 0 3003.DAT
0 STEP
1 86 250.0 -456 40.0 0 0 1 0 1 0 -1 0 0 3004.DAT
0 STEP
1 86 260.0 -96 80.0 0 0 1 0 1 0 -1 0 0 3003.DAT
0 STEP
1 86 260.0 -408 70.0 -1 0 0 0 1 0 0 0 -1 3004.DAT
0 STEP
1 86 250.0 -456 70.0 0 0 1 0 1 0 -1 0 0 3005.DAT
0 STEP
1 86 250.0 -384 90.0 0 0 1 0 1 0 -1 0 0 3005.DAT
0 STEP
1 86 280.0 -456 90.0 -1 0 0 0 1 0 0 0 -1 3010.DAT
0 STEP
1 86 250.0 -72 160.0 0 0 1 0 1 0 -1 0 0 3009.DAT
0 STEP
1 86 260.0 -120 110.0 -1 0 0 0 1 0 0 0 -1 3004.DAT
0 STEP
1 86 250.0 -456 120.0 0 0 1 0 1 0 -1 0 0 3004.DAT
0 STEP
1 86 250.0 -96 130.0 0 0 1 0 1 0 -1 0 0 3005.DAT
0 STEP
1 86 260.0 -336 130.0 -1 0 0 0 1 0 0 0 -1 3004.DAT
0 STEP
1 86 260.0 -96 150.0 -1 0 0 0 1 0 0 0 -1 3004.DAT
0 STEP
1 86 250.0 -120 160.0 0 0 1 0 1 0 -1 0 0 3004.DAT
0 STEP
1 86 260.0 -336 160.0 0 0 1 0 1 0 -1 0 0 3003.DAT
0 STEP
1 86 250.0 -360 170.0 0 0 1 0 1 0 -1 0 0 3005.DAT
0 STEP
1 86 260.0 -96 190.0 -1 0 0 0 1 0 0 0 -1 3004.DAT
0 STEP
1 86 250.0 -120 190.0 0 0 1 0 1 0 -1 0 0 3005.DAT
0 STEP
1 86 260.0 -312 190.0 -1 0 0 0 1 0 0 0 -1 3004.DAT
0 STEP
1 86 280.0 -360 200.0 -1 0 0 0 1 0 0 0 -1 3001.DAT
0 STEP
1 86 260.0 -96 220.0 0 0 1 0 1 0 -1 0 0 3003.DAT
0 STEP
1 86 250.0 -336 220.0 0 0 1 0 1 0 -1 0 0 3004.DAT
0 STEP
1 86 260.0 -120 240.0 0 0 1 0 1 0 -1 0 0 3003.DAT
0 STEP
1 86 260.0 -264 240.0 0 0 1 0 1 0 -1 0 0 3003.DAT
0 STEP
1 86 260.0 -96 250.0 -1 0 0 0 1 0 0 0 -1 3004.DAT
0 STEP
1 86 250.0 -240 260.0 0 0 1 0 1 0 -1 0 0 3004.DAT
0 STEP
1 86 250.0 -96 280.0 0 0 1 0 1 0 -1 0 0 3004.DAT
0 STEP
1 86 260.0 -120 270.0 -1 0 0 0 1 0 0 0 -1 3004.DAT
0 STEP
1 86 250.0 -264 280.0 0 0 1 0 1 0 -1 0 0 3004.DAT
0 STEP
1 86 260.0 -120 320.0 0 0 1 0 1 0 -1 0 0 3001.DAT
0 STEP
1 86 260.0 -240 290.0 -1 0 0 0 1 0 0 0 -1 3004.DAT
0 STEP
1 86 260.0 -288 320.0 0 0 1 0 1 0 -1 0 0 3001.DAT
0 STEP
1 86 260.0 -240 340.0 0 0 1 0 1 0 -1 0 0 3001.DAT
0 STEP
1 86 250.0 -72 340.0 0 0 1 0 1 0 -1 0 0 3004.DAT
0 STEP
1 86 260.0 -96 330.0 -1 0 0 0 1 0 0 0 -1 3004.DAT
0 STEP
1 86 250.0 -96 420.0 0 0 1 0 1 0 -1 0 0 3008.DAT
0 STEP
1 86 260.0 -72 370.0 -1 0 0 0 1 0 0 0 -1 3004.DAT
0 STEP
1 86 280.0 -264 380.0 -1 0 0 0 1 0 0 0 -1 3001.DAT
0 STEP
1 86 250.0 -72 390.0 0 0 1 0 1 0 -1 0 0 3005.DAT
0 STEP
1 86 260.0 -120 390.0 -1 0 0 0 1 0 0 0 -1 3004.DAT
0 STEP
1 86 250.0 -240 400.0 0 0 1 0 1 0 -1 0 0 3004.DAT
0 STEP
1 86 250.0 -120 410.0 0 0 1 0 1 0 -1 0 0 3005.DAT
0 STEP
1 86 260.0 -72 430.0 -1 0 0 0 1 0 0 0 -1 3004.DAT
0 STEP
1 86 260.0 -240 430.0 -1 0 0 0 1 0 0 0 -1 3004.DAT
0 STEP
1 86 260.0 -264 460.0 0 0 1 0 1 0 -1 0 0 3001.DAT
0 STEP
1 86 260.0 -72 460.0 0 0 1 0 1 0 -1 0 0 3003.DAT
0 STEP
1 86 260.0 -120 460.0 0 0 1 0 1 0 -1 0 0 3003.DAT
0 STEP
1 86 260.0 -168 480.0 0 0 1 0 1 0 -1 0 0 3003.DAT
0 STEP
1 86 250.0 -288 470.0 0 0 1 0 1 0 -1 0 0 3005.DAT
0 STEP
1 86 260.0 -72 490.0 -1 0 0 0 1 0 0 0 -1 3004.DAT
0 STEP
1 86 250.0 -144 490.0 0 0 1 0 1 0 -1 0 0 3005.DAT
0 STEP
1 86 250.0 -240 490.0 0 0 1 0 1 0 -1 0 0 3005.DAT
0 STEP
1 86 280.0 -96 510.0 -1 0 0 0 1 0 0 0 -1 3010.DAT
0 STEP
1 86 280.0 -144 510.0 -1 0 0 0 1 0 0 0 -1 3010.DAT
0 STEP
1 86 250.0 -216 510.0 0 0 1 0 1 0 -1 0 0 3005.DAT
0 STEP
1 86 260.0 -240 510.0 -1 0 0 0 1 0 0 0 -1 3004.DAT
0 STEP
1 86 280.0 -120 40.0 0 0 1 0 1 0 -1 0 0 3001.DAT
0 STEP
1 86 300.0 -216 20.0 -1 0 0 0 1 0 0 0 -1 3001.DAT
0 STEP
1 86 340.0 -288 10.0 -1 0 0 0 1 0 0 0 -1 3008.DAT
0 STEP
1 86 280.0 -336 20.0 0 0 1 0 1 0 -1 0 0 3003.DAT
0 STEP
1 86 300.0 -384 20.0 -1 0 0 0 1 0 0 0 -1 3001.DAT
0 STEP
1 86 270.0 -96 30.0 0 0 1 0 1 0 -1 0 0 3005.DAT
0 STEP
1 86 270.0 -408 40.0 0 0 1 0 1 0 -1 0 0 3004.DAT
0 STEP
1 86 280.0 -456 30.0 -1 0 0 0 1 0 0 0 -1 3004.DAT
0 STEP
1 86 300.0 -96 50.0 -1 0 0 0 1 0 0 0 -1 3010.DAT
0 STEP
1 86 270.0 -216 50.0 0 0 1 0 1 0 -1 0 0 3005.DAT
0 STEP
1 86 270.0 -264 50.0 0 0 1 0 1 0 -1 0 0 3005.DAT
0 STEP
1 86 270.0 -432 60.0 0 0 1 0 1 0 -1 0 0 3004.DAT
0 STEP
1 86 280.0 -456 60.0 0 0 1 0 1 0 -1 0 0 3003.DAT
0 STEP
1 86 270.0 -480 70.0 0 0 1 0 1 0 -1 0 0 3005.DAT
0 STEP
1 86 280.0 -72 100.0 0 0 1 0 1 0 -1 0 0 3003.DAT
0 STEP
1 86 280.0 -384 90.0 -1 0 0 0 1 0 0 0 -1 3004.DAT
0 STEP
1 86 270.0 -408 100.0 0 0 1 0 1 0 -1 0 0 3004.DAT
0 STEP
1 86 280.0 -432 100.0 0 0 1 0 1 0 -1 0 0 3003.DAT
0 STEP
1 86 270.0 -480 100.0 0 0 1 0 1 0 -1 0 0 3004.DAT
0 STEP
1 86 280.0 -96 120.0 0 0 1 0 1 0 -1 0 0 3003.DAT
0 STEP
1 86 280.0 -456 120.0 0 0 1 0 1 0 -1 0 0 3003.DAT
0 STEP
1 86 270.0 -72 160.0 0 0 1 0 1 0 -1 0 0 3010.DAT
0 STEP
1 86 270.0 -408 130.0 0 0 1 0 1 0 -1 0 0 3005.DAT
0 STEP
1 86 280.0 -432 130.0 -1 0 0 0 1 0 0 0 -1 3004.DAT
0 STEP
1 86 270.0 -480 130.0 0 0 1 0 1 0 -1 0 0 3005.DAT
0 STEP
1 86 280.0 -120 180.0 0 0 1 0 1 0 -1 0 0 3001.DAT
0 STEP
1 86 300.0 -312 150.0 -1 0 0 0 1 0 0 0 -1 3010.DAT
0 STEP
1 86 270.0 -96 170.0 0 0 1 0 1 0 -1 0 0 3005.DAT
0 STEP
1 86 280.0 -312 170.0 -1 0 0 0 1 0 0 0 -1 3004.DAT
0 STEP
1 86 280.0 -360 170.0 -1 0 0 0 1 0 0 0 -1 3004.DAT
0 STEP
1 86 270.0 -72 210.0 0 0 1 0 1 0 -1 0 0 3005.DAT
0 STEP
1 86 280.0 -336 220.0 0 0 1 0 1 0 -1 0 0 3003.DAT
0 STEP
1 86 270.0 -72 280.0 0 0 1 0 1 0 -1 0 0 3009.DAT
0 STEP
1 86 270.0 -240 250.0 0 0 1 0 1 0 -1 0 0 3005.DAT
0 STEP
1 86 270.0 -96 270.0 0 0 1 0 1 0 -1 0 0 3005.DAT
0 STEP
1 86 300.0 -240 270.0 -1 0 0 0 1 0 0 0 -1 3010.DAT
0 STEP
1 86 270.0 -264 270.0 0 0 1 0 1 0 -1 0 0 3005.DAT
0 STEP
1 86 280.0 -96 290.0 -1 0 0 0 1 0 0 0 -1 3004.DAT
0 STEP
1 86 270.0 -264 300.0 0 0 1 0 1 0 -1 0 0 3004.DAT
0 STEP
1 86 300.0 -264 340.0 -1 0 0 0 1 0 0 0 -1 3001.DAT
0 STEP
1 86 270.0 -72 350.0 0 0 1 0 1 0 -1 0 0 3005.DAT
0 STEP
1 86 280.0 -96 360.0 0 0 1 0 1 0 -1 0 0 3003.DAT
0 STEP
1 86 270.0 -120 370.0 0 0 1 0 1 0 -1 0 0 3005.DAT
0 STEP
1 86 270.0 -288 370.0 0 0 1 0 1 0 -1 0 0 3005.DAT
0 STEP
1 86 280.0 -72 390.0 -1 0 0 0 1 0 0 0 -1 3004.DAT
0 STEP
1 86 270.0 -96 400.0 0 0 1 0 1 0 -1 0 0 3004.DAT
0 STEP
1 86 280.0 -240 400.0 0 0 1 0 1 0 -1 0 0 3003.DAT
0 STEP
1 86 270.0 -72 410.0 0 0 1 0 1 0 -1 0 0 3005.DAT
0 STEP
1 86 300.0 -120 410.0 -1 0 0 0 1 0 0 0 -1 3010.DAT
0 STEP
1 86 270.0 -264 410.0 0 0 1 0 1 0 -1 0 0 3005.DAT
0 STEP
1 86 280.0 -96 460.0 0 0 1 0 1 0 -1 0 0 3001.DAT
0 STEP
1 86 270.0 -240 450.0 0 0 1 0 1 0 -1 0 0 3005.DAT
0 STEP
1 86 270.0 -288 450.0 0 0 1 0 1 0 -1 0 0 3005.DAT
0 STEP
1 86 270.0 -192 480.0 0 0 1 0 1 0 -1 0 0 3004.DAT
0 STEP
1 86 300.0 -216 470.0 -1 0 0 0 1 0 0 0 -1 3010.DAT
0 STEP
1 86 280.0 -288 470.0 -1 0 0 0 1 0 0 0 -1 3004.DAT
0 STEP
1 86 270.0 -120 500.0 0 0 1 0 1 0 -1 0 0 3004.DAT
0 STEP
1 86 300.0 -144 490.0 -1 0 0 0 1 0 0 0 -1 3010.DAT
0 STEP
1 86 270.0 -216 500.0 0 0 1 0 1 0 -1 0 0 3004.DAT
0 STEP
1 86 280.0 -240 490.0 -1 0 0 0 1 0 0 0 -1 3004.DAT
0 STEP
1 86 270.0 -72 510.0 0 0 1 0 1 0 -1 0 0 3005.DAT
0 STEP
1 86 270.0 -168 510.0 0 0 1 0 1 0 -1 0 0 3005.DAT
0 STEP
1 86 280.0 -192 510.0 -1 0 0 0 1 0 0 0 -1 3004.DAT
0 STEP
1 86 270.0 -264 510.0 0 0 1 0 1 0 -1 0 0 3005.DAT
0 STEP
1 86 320.0 -72 10.0 -1 0 0 0 1 0 0 0 -1 3010.DAT
0 STEP
1 86 290.0 -168 20.0 0 0 1 0 1 0 -1 0 0 3004.DAT
0 STEP
1 86 300.0 -192 20.0 0 0 1 0 1 0 -1 0 0 3003.DAT
0 STEP
1 86 290.0 -240 10.0 0 0 1 0 1 0 -1 0 0 3005.DAT
0 STEP
1 86 290.0 -264 20.0 0 0 1 0 1 0 -1 0 0 3004.DAT
0 STEP
1 86 340.0 -312 20.0 -1 0 0 0 1 0 0 0 -1 2456.DAT
0 STEP
1 86 290.0 -360 10.0 0 0 1 0 1 0 -1 0 0 3005.DAT
0 STEP
1 86 300.0 -408 10.0 -1 0 0 0 1 0 0 0 -1 3004.DAT
0 STEP
1 86 290.0 -456 10.0 0 0 1 0 1 0 -1 0 0 3005.DAT
0 STEP
1 86 290.0 -72 40.0 0 0 1 0 1 0 -1 0 0 3004.DAT
0 STEP
1 86 320.0 -96 30.0 -1 0 0 0 1 0 0 0 -1 3010.DAT
0 STEP
1 86 290.0 -360 40.0 0 0 1 0 1 0 -1 0 0 3004.DAT
0 STEP
1 86 300.0 -408 40.0 0 0 1 0 1 0 -1 0 0 3003.DAT
0 STEP
1 86 290.0 -168 50.0 0 0 1 0 1 0 -1 0 0 3005.DAT
0 STEP
1 86 300.0 -216 50.0 -1 0 0 0 1 0 0 0 -1 3004.DAT
0 STEP
1 86 360.0 -264 50.0 -1 0 0 0 1 0 0 0 -1 3008.DAT
0 STEP
1 86 340.0 -312 50.0 -1 0 0 0 1 0 0 0 -1 3009.DAT
0 STEP
1 86 300.0 -432 60.0 0 0 1 0 1 0 -1 0 0 3003.DAT
0 STEP
1 86 290.0 -72 70.0 0 0 1 0 1 0 -1 0 0 3005.DAT
0 STEP
1 86 290.0 -96 80.0 0 0 1 0 1 0 -1 0 0 3004.DAT
0 STEP
1 86 290.0 -480 80.0 0 0 1 0 1 0 -1 0 0 3004.DAT
0 STEP
1 86 320.0 -408 90.0 -1 0 0 0 1 0 0 0 -1 3010.DAT
0 STEP
1 86 290.0 -120 110.0 0 0 1 0 1 0 -1 0 0 3005.DAT
0 STEP
1 86 290.0 -408 120.0 0 0 1 0 1 0 -1 0 0 3004.DAT
0 STEP
1 86 290.0 -480 110.0 0 0 1 0 1 0 -1 0 0 3005.DAT
0 STEP
1 86 290.0 -72 130.0 0 0 1 0 1 0 -1 0 0 3005.DAT
0 STEP
1 86 300.0 -336 140.0 0 0 1 0 1 0 -1 0 0 3003.DAT
0 STEP
1 86 300.0 -480 130.0 -1 0 0 0 1 0 0 0 -1 3004.DAT
0 STEP
1 86 320.0 -72 160.0 -1 0 0 0 1 0 0 0 -1 3001.DAT
0 STEP
1 86 290.0 -96 150.0 0 0 1 0 1 0 -1 0 0 3005.DAT
0 STEP
1 86 290.0 -96 180.0 0 0 1 0 1 0 -1 0 0 3004.DAT
0 STEP
1 86 340.0 -336 170.0 -1 0 0 0 1 0 0 0 -1 3009.DAT
0 STEP
1 86 290.0 -72 190.0 0 0 1 0 1 0 -1 0 0 3005.DAT
0 STEP
1 86 290.0 -312 190.0 0 0 1 0 1 0 -1 0 0 3005.DAT
0 STEP
1 86 290.0 -72 220.0 0 0 1 0 1 0 -1 0 0 3004.DAT
0 STEP
1 86 290.0 -96 210.0 0 0 1 0 1 0 -1 0 0 3005.DAT
0 STEP
1 86 320.0 -312 210.0 -1 0 0 0 1 0 0 0 -1 3010.DAT
0 STEP
1 86 290.0 -96 240.0 0 0 1 0 1 0 -1 0 0 3004.DAT
0 STEP
1 86 290.0 -120 230.0 0 0 1 0 1 0 -1 0 0 3005.DAT
0 STEP
1 86 290.0 -312 240.0 0 0 1 0 1 0 -1 0 0 3004.DAT
0 STEP
1 86 320.0 -72 250.0 -1 0 0 0 1 0 0 0 -1 3010.DAT
0 STEP
1 86 290.0 -120 300.0 0 0 1 0 1 0 -1 0 0 3009.DAT
0 STEP
1 86 290.0 -264 250.0 0 0 1 0 1 0 -1 0 0 3005.DAT
0 STEP
1 86 290.0 -72 270.0 0 0 1 0 1 0 -1 0 0 3005.DAT
0 STEP
1 86 300.0 -96 270.0 -1 0 0 0 1 0 0 0 -1 3004.DAT
0 STEP
1 86 320.0 -264 280.0 -1 0 0 0 1 0 0 0 -1 3001.DAT
0 STEP
1 86 300.0 -72 300.0 0 0 1 0 1 0 -1 0 0 3003.DAT
0 STEP
1 86 290.0 -240 290.0 0 0 1 0 1 0 -1 0 0 3005.DAT
0 STEP
1 86 300.0 -288 300.0 0 0 1 0 1 0 -1 0 0 3003.DAT
0 STEP
1 86 300.0 -96 320.0 0 0 1 0 1 0 -1 0 0 3003.DAT
0 STEP
1 86 290.0 -240 340.0 0 0 1 0 1 0 -1 0 0 3010.DAT
0 STEP
1 86 290.0 -264 310.0 0 0 1 0 1 0 -1 0 0 3005.DAT
0 STEP
1 86 300.0 -72 330.0 -1 0 0 0 1 0 0 0 -1 3004.DAT
0 STEP
1 86 320.0 -288 330.0 -1 0 0 0 1 0 0 0 -1 3010.DAT
0 STEP
1 86 290.0 -72 360.0 0 0 1 0 1 0 -1 0 0 3004.DAT
0 STEP
1 86 320.0 -288 360.0 -1 0 0 0 1 0 0 0 -1 3001.DAT
0 STEP
1 86 340.0 -120 370.0 -1 0 0 0 1 0 0 0 -1 3009.DAT
0 STEP
1 86 300.0 -96 400.0 0 0 1 0 1 0 -1 0 0 3003.DAT
0 STEP
1 86 290.0 -120 390.0 0 0 1 0 1 0 -1 0 0 3005.DAT
0 STEP
1 86 290.0 -72 460.0 0 0 1 0 1 0 -1 0 0 3009.DAT
0 STEP
1 86 290.0 -264 420.0 0 0 1 0 1 0 -1 0 0 3004.DAT
0 STEP
1 86 290.0 -240 440.0 0 0 1 0 1 0 -1 0 0 3004.DAT
0 STEP
1 86 300.0 -120 450.0 -1 0 0 0 1 0 0 0 -1 3004.DAT
0 STEP
1 86 290.0 -264 450.0 0 0 1 0 1 0 -1 0 0 3005.DAT
0 STEP
1 86 320.0 -288 450.0 -1 0 0 0 1 0 0 0 -1 3010.DAT
0 STEP
1 86 300.0 -120 480.0 0 0 1 0 1 0 -1 0 0 3003.DAT
0 STEP
1 86 300.0 -168 470.0 -1 0 0 0 1 0 0 0 -1 3004.DAT
0 STEP
1 86 300.0 -192 480.0 0 0 1 0 1 0 -1 0 0 3003.DAT
0 STEP
1 86 290.0 -240 470.0 0 0 1 0 1 0 -1 0 0 3005.DAT
0 STEP
1 86 300.0 -264 470.0 -1 0 0 0 1 0 0 0 -1 3004.DAT
0 STEP
1 86 300.0 -168 500.0 0 0 1 0 1 0 -1 0 0 3003.DAT
0 STEP
1 86 320.0 -216 500.0 -1 0 0 0 1 0 0 0 -1 3001.DAT
0 STEP
1 86 300.0 -264 500.0 0 0 1 0 1 0 -1 0 0 3003.DAT
0 STEP
1 86 290.0 -288 500.0 0 0 1 0 1 0 -1 0 0 3004.DAT
0 STEP
1 86 290.0 -120 510.0 0 0 1 0 1 0 -1 0 0 3005.DAT
0 STEP
1 86 290.0 -240 510.0 0 0 1 0 1 0 -1 0 0 3005.DAT
0 STEP
1 86 320.0 -120 20.0 0 0 1 0 1 0 -1 0 0 3003.DAT
0 STEP
1 86 320.0 -168 10.0 -1 0 0 0 1 0 0 0 -1 3004.DAT
0 STEP
1 86 360.0 -240 10.0 -1 0 0 0 1 0 0 0 -1 3009.DAT
0 STEP
1 86 320.0 -264 20.0 0 0 1 0 1 0 -1 0 0 3003.DAT
0 STEP
1 86 310.0 -336 10.0 0 0 1 0 1 0 -1 0 0 3005.DAT
0 STEP
1 86 340.0 -360 20.0 -1 0 0 0 1 0 0 0 -1 3001.DAT
0 STEP
1 86 320.0 -456 10.0 -1 0 0 0 1 0 0 0 -1 3004.DAT
0 STEP
1 86 320.0 -72 30.0 -1 0 0 0 1 0 0 0 -1 3004.DAT
0 STEP
1 86 320.0 -168 40.0 0 0 1 0 1 0 -1 0 0 3003.DAT
0 STEP
1 86 360.0 -240 40.0 -1 0 0 0 1 0 0 0 -1 2456.DAT
0 STEP
1 86 360.0 -288 40.0 -1 0 0 0 1 0 0 0 -1 2456.DAT
0 STEP
1 86 340.0 -336 40.0 -1 0 0 0 1 0 0 0 -1 3001.DAT
0 STEP
1 86 320.0 -456 40.0 0 0 1 0 1 0 -1 0 0 3003.DAT
0 STEP
1 86 310.0 -72 60.0 0 0 1 0 1 0 -1 0 0 3004.DAT
0 STEP
1 86 320.0 -120 50.0 -1 0 0 0 1 0 0 0 -1 3004.DAT
0 STEP
1 86 310.0 -192 50.0 0 0 1 0 1 0 -1 0 0 3005.DAT
0 STEP
1 86 310.0 -360 50.0 0 0 1 0 1 0 -1 0 0 3005.DAT
0 STEP
1 86 310.0 -96 70.0 0 0 1 0 1 0 -1 0 0 3005.DAT
0 STEP
1 86 340.0 -120 70.0 -1 0 0 0 1 0 0 0 -1 3010.DAT
0 STEP
1 86 320.0 -456 70.0 -1 0 0 0 1 0 0 0 -1 3004.DAT
0 STEP
1 86 340.0 -480 70.0 -1 0 0 0 1 0 0 0 -1 3010.DAT
0 STEP
1 86 320.0 -72 90.0 -1 0 0 0 1 0 0 0 -1 3004.DAT
0 STEP
1 86 310.0 -96 140.0 0 0 1 0 1 0 -1 0 0 3009.DAT
0 STEP
1 86 310.0 -384 90.0 0 0 1 0 1 0 -1 0 0 3005.DAT
0 STEP
1 86 310.0 -432 90.0 0 0 1 0 1 0 -1 0 0 3005.DAT
0 STEP
1 86 320.0 -480 100.0 0 0 1 0 1 0 -1 0 0 3003.DAT
0 STEP
1 86 320.0 -72 120.0 0 0 1 0 1 0 -1 0 0 3003.DAT
0 STEP
1 86 340.0 -120 110.0 -1 0 0 0 1 0 0 0 -1 3010.DAT
0 STEP
1 86 320.0 -360 120.0 0 0 1 0 1 0 -1 0 0 3003.DAT
0 STEP
1 86 310.0 -408 110.0 0 0 1 0 1 0 -1 0 0 3005.DAT
0 STEP
1 86 310.0 -432 120.0 0 0 1 0 1 0 -1 0 0 3004.DAT
0 STEP
1 86 310.0 -456 110.0 0 0 1 0 1 0 -1 0 0 3005.DAT
0 STEP
1 86 320.0 -120 140.0 0 0 1 0 1 0 -1 0 0 3003.DAT
0 STEP
1 86 320.0 -408 130.0 -1 0 0 0 1 0 0 0 -1 3004.DAT
0 STEP
1 86 320.0 -456 130.0 -1 0 0 0 1 0 0 0 -1 3004.DAT
0 STEP
1 86 310.0 -360 160.0 0 0 1 0 1 0 -1 0 0 3004.DAT
0 STEP
1 86 310.0 -120 170.0 0 0 1 0 1 0 -1 0 0 3005.DAT
0 STEP
1 86 310.0 -312 170.0 0 0 1 0 1 0 -1 0 0 3005.DAT
0 STEP
1 86 310.0 -72 200.0 0 0 1 0 1 0 -1 0 0 3004.DAT
0 STEP
1 86 320.0 -120 220.0 0 0 1 0 1 0 -1 0 0 3001.DAT
0 STEP
1 86 320.0 -312 190.0 -1 0 0 0 1 0 0 0 -1 3004.DAT
0 STEP
1 86 320.0 -336 200.0 0 0 1 0 1 0 -1 0 0 3003.DAT
0 STEP
1 86 320.0 -96 220.0 0 0 1 0 1 0 -1 0 0 3003.DAT
0 STEP
1 86 310.0 -72 230.0 0 0 1 0 1 0 -1 0 0 3005.DAT
0 STEP
1 86 340.0 -312 240.0 -1 0 0 0 1 0 0 0 -1 3001.DAT
0 STEP
1 86 320.0 -336 230.0 -1 0 0 0 1 0 0 0 -1 3004.DAT
0 STEP
1 86 310.0 -96 250.0 0 0 1 0 1 0 -1 0 0 3005.DAT
0 STEP
1 86 340.0 -264 250.0 -1 0 0 0 1 0 0 0 -1 3010.DAT
0 STEP
1 86 320.0 -72 270.0 -1 0 0 0 1 0 0 0 -1 3004.DAT
0 STEP
1 86 320.0 -120 270.0 -1 0 0 0 1 0 0 0 -1 3004.DAT
0 STEP
1 86 310.0 -96 290.0 0 0 1 0 1 0 -1 0 0 3005.DAT
0 STEP
1 86 310.0 -120 320.0 0 0 1 0 1 0 -1 0 0 3010.DAT
0 STEP
1 86 310.0 -240 300.0 0 0 1 0 1 0 -1 0 0 3004.DAT
0 STEP
1 86 320.0 -264 310.0 -1 0 0 0 1 0 0 0 -1 3004.DAT
0 STEP
1 86 340.0 -240 330.0 -1 0 0 0 1 0 0 0 -1 3010.DAT
0 STEP
1 86 320.0 -72 360.0 0 0 1 0 1 0 -1 0 0 3003.DAT
0 STEP
1 86 310.0 -96 360.0 0 0 1 0 1 0 -1 0 0 3004.DAT
0 STEP
1 86 320.0 -240 360.0 0 0 1 0 1 0 -1 0 0 3003.DAT
0 STEP
1 86 340.0 -72 400.0 -1 0 0 0 1 0 0 0 -1 3001.DAT
0 STEP
1 86 320.0 -120 390.0 -1 0 0 0 1 0 0 0 -1 3004.DAT
0 STEP
1 86 320.0 -240 390.0 -1 0 0 0 1 0 0 0 -1 3004.DAT
0 STEP
1 86 320.0 -288 390.0 -1 0 0 0 1 0 0 0 -1 3004.DAT
0 STEP
1 86 320.0 -240 420.0 0 0 1 0 1 0 -1 0 0 3003.DAT
0 STEP
1 86 310.0 -264 410.0 0 0 1 0 1 0 -1 0 0 3005.DAT
0 STEP
1 86 310.0 -288 420.0 0 0 1 0 1 0 -1 0 0 3004.DAT
0 STEP
1 86 310.0 -72 430.0 0 0 1 0 1 0 -1 0 0 3005.DAT
0 STEP
1 86 310.0 -96 460.0 0 0 1 0 1 0 -1 0 0 3010.DAT
0 STEP
1 86 310.0 -264 440.0 0 0 1 0 1 0 -1 0 0 3004.DAT
0 STEP
1 86 320.0 -72 480.0 0 0 1 0 1 0 -1 0 0 3001.DAT
0 STEP
1 86 320.0 -240 450.0 -1 0 0 0 1 0 0 0 -1 3004.DAT
0 STEP
1 86 310.0 -144 470.0 0 0 1 0 1 0 -1 0 0 3005.DAT
0 STEP
1 86 310.0 -240 480.0 0 0 1 0 1 0 -1 0 0 3004.DAT
0 STEP
1 86 310.0 -288 470.0 0 0 1 0 1 0 -1 0 0 3005.DAT
0 STEP
1 86 320.0 -288 500.0 0 0 1 0 1 0 -1 0 0 3003.DAT
0 STEP
1 86 340.0 -120 510.0 -1 0 0 0 1 0 0 0 -1 3010.DAT
0 STEP
1 86 310.0 -192 510.0 0 0 1 0 1 0 -1 0 0 3005.DAT
0 STEP
1 86 320.0 -240 510.0 -1 0 0 0 1 0 0 0 -1 3004.DAT
0 STEP
1 86 330.0 -192 20.0 0 0 1 0 1 0 -1 0 0 3004.DAT
0 STEP
1 86 360.0 -336 10.0 -1 0 0 0 1 0 0 0 -1 3010.DAT
0 STEP
1 86 340.0 -432 10.0 -1 0 0 0 1 0 0 0 -1 3004.DAT
0 STEP
1 86 340.0 -408 30.0 -1 0 0 0 1 0 0 0 -1 3004.DAT
0 STEP
1 86 330.0 -432 80.0 0 0 1 0 1 0 -1 0 0 3009.DAT
0 STEP
1 86 340.0 -72 60.0 0 0 1 0 1 0 -1 0 0 3003.DAT
0 STEP
1 86 340.0 -192 50.0 -1 0 0 0 1 0 0 0 -1 3004.DAT
0 STEP
1 86 330.0 -216 50.0 0 0 1 0 1 0 -1 0 0 3005.DAT
0 STEP
1 86 340.0 -360 50.0 -1 0 0 0 1 0 0 0 -1 3004.DAT
0 STEP
1 86 330.0 -408 60.0 0 0 1 0 1 0 -1 0 0 3004.DAT
0 STEP
1 86 340.0 -96 80.0 0 0 1 0 1 0 -1 0 0 3003.DAT
0 STEP
1 86 330.0 -384 100.0 0 0 1 0 1 0 -1 0 0 3004.DAT
0 STEP
1 86 330.0 -456 90.0 0 0 1 0 1 0 -1 0 0 3005.DAT
0 STEP
1 86 330.0 -96 110.0 0 0 1 0 1 0 -1 0 0 3005.DAT
0 STEP
1 86 340.0 -408 110.0 -1 0 0 0 1 0 0 0 -1 3004.DAT
0 STEP
1 86 340.0 -456 110.0 -1 0 0 0 1 0 0 0 -1 3004.DAT
0 STEP
1 86 330.0 -96 160.0 0 0 1 0 1 0 -1 0 0 3010.DAT
0 STEP
1 86 340.0 -336 130.0 -1 0 0 0 1 0 0 0 -1 3004.DAT
0 STEP
1 86 340.0 -384 130.0 -1 0 0 0 1 0 0 0 -1 3004.DAT
0 STEP
1 86 330.0 -480 130.0 0 0 1 0 1 0 -1 0 0 3005.DAT
0 STEP
1 86 380.0 -336 150.0 -1 0 0 0 1 0 0 0 -1 3009.DAT
0 STEP
1 86 330.0 -360 150.0 0 0 1 0 1 0 -1 0 0 3005.DAT
0 STEP
1 86 360.0 -120 170.0 -1 0 0 0 1 0 0 0 -1 3010.DAT
0 STEP
1 86 340.0 -312 170.0 -1 0 0 0 1 0 0 0 -1 3004.DAT
0 STEP
1 86 330.0 -360 180.0 0 0 1 0 1 0 -1 0 0 3004.DAT
0 STEP
1 86 340.0 -72 190.0 -1 0 0 0 1 0 0 0 -1 3004.DAT
0 STEP
1 86 330.0 -72 220.0 0 0 1 0 1 0 -1 0 0 3004.DAT
0 STEP
1 86 340.0 -360 210.0 -1 0 0 0 1 0 0 0 -1 3004.DAT
0 STEP
1 86 330.0 -96 260.0 0 0 1 0 1 0 -1 0 0 3004.DAT
0 STEP
1 86 330.0 -72 290.0 0 0 1 0 1 0 -1 0 0 3005.DAT
0 STEP
1 86 330.0 -96 360.0 0 0 1 0 1 0 -1 0 0 3008.DAT
0 STEP
1 86 330.0 -120 290.0 0 0 1 0 1 0 -1 0 0 3005.DAT
0 STEP
1 86 330.0 -240 290.0 0 0 1 0 1 0 -1 0 0 3005.DAT
0 STEP
1 86 330.0 -288 300.0 0 0 1 0 1 0 -1 0 0 3004.DAT
0 STEP
1 86 330.0 -72 320.0 0 0 1 0 1 0 -1 0 0 3004.DAT
0 STEP
1 86 340.0 -120 320.0 0 0 1 0 1 0 -1 0 0 3003.DAT
0 STEP
1 86 360.0 -240 310.0 -1 0 0 0 1 0 0 0 -1 3010.DAT
0 STEP
1 86 340.0 -120 350.0 -1 0 0 0 1 0 0 0 -1 3004.DAT
0 STEP
1 86 330.0 -264 370.0 0 0 1 0 1 0 -1 0 0 3005.DAT
0 STEP
1 86 330.0 -264 440.0 0 0 1 0 1 0 -1 0 0 3009.DAT
0 STEP
1 86 340.0 -288 420.0 0 0 1 0 1 0 -1 0 0 3003.DAT
0 STEP
1 86 340.0 -72 430.0 -1 0 0 0 1 0 0 0 -1 3004.DAT
0 STEP
1 86 340.0 -120 440.0 0 0 1 0 1 0 -1 0 0 3003.DAT
0 STEP
1 86 340.0 -96 480.0 0 0 1 0 1 0 -1 0 0 3001.DAT
0 STEP
1 86 330.0 -120 480.0 0 0 1 0 1 0 -1 0 0 3004.DAT
0 STEP
1 86 380.0 -144 470.0 -1 0 0 0 1 0 0 0 -1 3009.DAT
0 STEP
1 86 360.0 -168 480.0 -1 0 0 0 1 0 0 0 -1 3001.DAT
0 STEP
1 86 330.0 -192 470.0 0 0 1 0 1 0 -1 0 0 3005.DAT
0 STEP
1 86 340.0 -240 480.0 0 0 1 0 1 0 -1 0 0 3003.DAT
0 STEP
1 86 340.0 -288 470.0 -1 0 0 0 1 0 0 0 -1 3004.DAT
0 STEP
1 86 330.0 -192 500.0 0 0 1 0 1 0 -1 0 0 3004.DAT
0 STEP
1 86 330.0 -144 510.0 0 0 1 0 1 0 -1 0 0 3005.DAT
0 STEP
1 86 340.0 -168 510.0 -1 0 0 0 1 0 0 0 -1 3004.DAT
0 STEP
1 86 340.0 -264 510.0 -1 0 0 0 1 0 0 0 -1 3004.DAT
0 STEP
1 86 350.0 -96 10.0 0 0 1 0 1 0 -1 0 0 3005.DAT
0 STEP
1 86 380.0 -120 10.0 -1 0 0 0 1 0 0 0 -1 3010.DAT
0 STEP
1 86 360.0 -168 20.0 0 0 1 0 1 0 -1 0 0 3003.DAT
0 STEP
1 86 360.0 -192 10.0 -1 0 0 0 1 0 0 0 -1 3004.DAT
0 STEP
1 86 350.0 -216 10.0 0 0 1 0 1 0 -1 0 0 3005.DAT
0 STEP
1 86 350.0 -264 20.0 0 0 1 0 1 0 -1 0 0 3004.DAT
0 STEP
1 86 350.0 -384 10.0 0 0 1 0 1 0 -1 0 0 3005.DAT
0 STEP
1 86 350.0 -456 10.0 0 0 1 0 1 0 -1 0 0 3005.DAT
0 STEP
1 86 350.0 -72 30.0 0 0 1 0 1 0 -1 0 0 3005.DAT
0 STEP
1 86 380.0 -120 40.0 -1 0 0 0 1 0 0 0 -1 3001.DAT
0 STEP
1 86 350.0 -192 30.0 0 0 1 0 1 0 -1 0 0 3005.DAT
0 STEP
1 86 350.0 -216 40.0 0 0 1 0 1 0 -1 0 0 3004.DAT
0 STEP
1 86 350.0 -384 40.0 0 0 1 0 1 0 -1 0 0 3004.DAT
0 STEP
1 86 360.0 -432 30.0 -1 0 0 0 1 0 0 0 -1 3004.DAT
0 STEP
1 86 350.0 -456 60.0 0 0 1 0 1 0 -1 0 0 3010.DAT
0 STEP
1 86 350.0 -96 50.0 0 0 1 0 1 0 -1 0 0 3005.DAT
0 STEP
1 86 360.0 -168 50.0 -1 0 0 0 1 0 0 0 -1 3004.DAT
0 STEP
1 86 360.0 -408 50.0 -1 0 0 0 1 0 0 0 -1 3004.DAT
0 STEP
1 86 360.0 -432 60.0 0 0 1 0 1 0 -1 0 0 3003.DAT
0 STEP
1 86 350.0 -408 70.0 0 0 1 0 1 0 -1 0 0 3005.DAT
0 STEP
1 86 360.0 -72 100.0 0 0 1 0 1 0 -1 0 0 3003.DAT
0 STEP
1 86 360.0 -120 90.0 -1 0 0 0 1 0 0 0 -1 3004.DAT
0 STEP
1 86 360.0 -384 100.0 0 0 1 0 1 0 -1 0 0 3003.DAT
0 STEP
1 86 360.0 -432 90.0 -1 0 0 0 1 0 0 0 -1 3004.DAT
0 STEP
1 86 350.0 -480 90.0 0 0 1 0 1 0 -1 0 0 3005.DAT
0 STEP
1 86 350.0 -96 180.0 0 0 1 0 1 0 -1 0 0 3008.DAT
0 STEP
1 86 350.0 -360 110.0 0 0 1 0 1 0 -1 0 0 3005.DAT
0 STEP
1 86 360.0 -432 120.0 0 0 1 0 1 0 -1 0 0 3003.DAT
0 STEP
1 86 350.0 -480 120.0 0 0 1 0 1 0 -1 0 0 3004.DAT
0 STEP
1 86 360.0 -72 130.0 -1 0 0 0 1 0 0 0 -1 3004.DAT
0 STEP
1 86 350.0 -120 140.0 0 0 1 0 1 0 -1 0 0 3004.DAT
0 STEP
1 86 350.0 -360 160.0 0 0 1 0 1 0 -1 0 0 3010.DAT
0 STEP
1 86 350.0 -408 130.0 0 0 1 0 1 0 -1 0 0 3005.DAT
0 STEP
1 86 350.0 -456 130.0 0 0 1 0 1 0 -1 0 0 3005.DAT
0 STEP
1 86 350.0 -312 150.0 0 0 1 0 1 0 -1 0 0 3005.DAT
0 STEP
1 86 350.0 -120 200.0 0 0 1 0 1 0 -1 0 0 3004.DAT
0 STEP
1 86 350.0 -312 190.0 0 0 1 0 1 0 -1 0 0 3005.DAT
0 STEP
1 86 360.0 -336 190.0 -1 0 0 0 1 0 0 0 -1 3004.DAT
0 STEP
1 86 360.0 -72 220.0 0 0 1 0 1 0 -1 0 0 3003.DAT
0 STEP
1 86 350.0 -336 220.0 0 0 1 0 1 0 -1 0 0 3004.DAT
0 STEP
1 86 360.0 -120 240.0 0 0 1 0 1 0 -1 0 0 3003.DAT
0 STEP
1 86 350.0 -288 230.0 0 0 1 0 1 0 -1 0 0 3005.DAT
0 STEP
1 86 380.0 -288 260.0 -1 0 0 0 1 0 0 0 -1 3001.DAT
0 STEP
1 86 360.0 -72 280.0 0 0 1 0 1 0 -1 0 0 3003.DAT
0 STEP
1 86 350.0 -96 270.0 0 0 1 0 1 0 -1 0 0 3005.DAT
0 STEP
1 86 350.0 -120 280.0 0 0 1 0 1 0 -1 0 0 3004.DAT
0 STEP
1 86 360.0 -240 280.0 0 0 1 0 1 0 -1 0 0 3003.DAT
0 STEP
1 86 350.0 -96 300.0 0 0 1 0 1 0 -1 0 0 3004.DAT
0 STEP
1 86 360.0 -288 300.0 0 0 1 0 1 0 -1 0 0 3003.DAT
0 STEP
1 86 350.0 -72 310.0 0 0 1 0 1 0 -1 0 0 3005.DAT
0 STEP
1 86 360.0 -264 340.0 0 0 1 0 1 0 -1 0 0 3001.DAT
0 STEP
1 86 350.0 -72 340.0 0 0 1 0 1 0 -1 0 0 3004.DAT
0 STEP
1 86 360.0 -96 360.0 0 0 1 0 1 0 -1 0 0 3001.DAT
0 STEP
1 86 350.0 -240 400.0 0 0 1 0 1 0 -1 0 0 3009.DAT
0 STEP
1 86 350.0 -72 370.0 0 0 1 0 1 0 -1 0 0 3005.DAT
0 STEP
1 86 350.0 -120 400.0 0 0 1 0 1 0 -1 0 0 3004.DAT
0 STEP
1 86 350.0 -264 400.0 0 0 1 0 1 0 -1 0 0 3004.DAT
0 STEP
1 86 350.0 -288 390.0 0 0 1 0 1 0 -1 0 0 3005.DAT
0 STEP
1 86 350.0 -96 420.0 0 0 1 0 1 0 -1 0 0 3004.DAT
0 STEP
1 86 380.0 -264 430.0 -1 0 0 0 1 0 0 0 -1 3010.DAT
0 STEP
1 86 350.0 -72 450.0 0 0 1 0 1 0 -1 0 0 3005.DAT
0 STEP
1 86 360.0 -264 460.0 0 0 1 0 1 0 -1 0 0 3003.DAT
0 STEP
1 86 360.0 -72 470.0 -1 0 0 0 1 0 0 0 -1 3004.DAT
0 STEP
1 86 360.0 -120 470.0 -1 0 0 0 1 0 0 0 -1 3004.DAT
0 STEP
1 86 360.0 -192 470.0 -1 0 0 0 1 0 0 0 -1 3004.DAT
0 STEP
1 86 350.0 -216 470.0 0 0 1 0 1 0 -1 0 0 3005.DAT
0 STEP
1 86 380.0 -72 500.0 -1 0 0 0 1 0 0 0 -1 3001.DAT
0 STEP
1 86 350.0 -120 490.0 0 0 1 0 1 0 -1 0 0 3005.DAT
0 STEP
1 86 380.0 -144 500.0 -1 0 0 0 1 0 0 0 -1 3001.DAT
0 STEP
1 86 400.0 -192 500.0 -1 0 0 0 1 0 0 0 -1 2456.DAT
0 STEP
1 86 360.0 -264 490.0 -1 0 0 0 1 0 0 0 -1 3004.DAT
0 STEP
1 86 350.0 -288 490.0 0 0 1 0 1 0 -1 0 0 3005.DAT
0 STEP
1 86 350.0 -240 510.0 0 0 1 0 1 0 -1 0 0 3005.DAT
0 STEP
1 86 360.0 -288 510.0 -1 0 0 0 1 0 0 0 -1 3004.DAT
0 STEP
1 86 370.0 -72 10.0 0 0 1 0 1 0 -1 0 0 3005.DAT
0 STEP
1 86 370.0 -96 60.0 0 0 1 0 1 0 -1 0 0 3009.DAT
0 STEP
1 86 380.0 -144 20.0 0 0 1 0 1 0 -1 0 0 3003.DAT
0 STEP
1 86 370.0 -216 20.0 0 0 1 0 1 0 -1 0 0 3004.DAT
0 STEP
1 86 400.0 -264 20.0 -1 0 0 0 1 0 0 0 -1 3001.DAT
0 STEP
1 86 380.0 -384 20.0 0 0 1 0 1 0 -1 0 0 3003.DAT
0 STEP
1 86 370.0 -432 10.0 0 0 1 0 1 0 -1 0 0 3005.DAT
0 STEP
1 86 370.0 -456 20.0 0 0 1 0 1 0 -1 0 0 3004.DAT
0 STEP
1 86 370.0 -72 40.0 0 0 1 0 1 0 -1 0 0 3004.DAT
0 STEP
1 86 370.0 -192 40.0 0 0 1 0 1 0 -1 0 0 3004.DAT
0 STEP
1 86 370.0 -408 30.0 0 0 1 0 1 0 -1 0 0 3005.DAT
0 STEP
1 86 380.0 -144 50.0 -1 0 0 0 1 0 0 0 -1 3004.DAT
0 STEP
1 86 400.0 -216 50.0 -1 0 0 0 1 0 0 0 -1 3010.DAT
0 STEP
1 86 370.0 -360 50.0 0 0 1 0 1 0 -1 0 0 3005.DAT
0 STEP
1 86 400.0 -384 50.0 -1 0 0 0 1 0 0 0 -1 3010.DAT
0 STEP
1 86 400.0 -456 50.0 -1 0 0 0 1 0 0 0 -1 3010.DAT
0 STEP
1 86 370.0 -480 50.0 0 0 1 0 1 0 -1 0 0 3005.DAT
0 STEP
1 86 370.0 -72 70.0 0 0 1 0 1 0 -1 0 0 3005.DAT
0 STEP
1 86 370.0 -408 80.0 0 0 1 0 1 0 -1 0 0 3004.DAT
0 STEP
1 86 370.0 -456 80.0 0 0 1 0 1 0 -1 0 0 3004.DAT
0 STEP
1 86 380.0 -480 100.0 0 0 1 0 1 0 -1 0 0 3003.DAT
0 STEP
1 86 400.0 -360 110.0 -1 0 0 0 1 0 0 0 -1 3010.DAT
0 STEP
1 86 380.0 -408 120.0 0 0 1 0 1 0 -1 0 0 3003.DAT
0 STEP
1 86 380.0 -456 120.0 0 0 1 0 1 0 -1 0 0 3003.DAT
0 STEP
1 86 380.0 -96 130.0 -1 0 0 0 1 0 0 0 -1 3004.DAT
0 STEP
1 86 380.0 -120 140.0 0 0 1 0 1 0 -1 0 0 3003.DAT
0 STEP
1 86 370.0 -336 130.0 0 0 1 0 1 0 -1 0 0 3005.DAT
0 STEP
1 86 370.0 -360 140.0 0 0 1 0 1 0 -1 0 0 3004.DAT
0 STEP
1 86 370.0 -384 130.0 0 0 1 0 1 0 -1 0 0 3005.DAT
0 STEP
1 86 380.0 -480 130.0 -1 0 0 0 1 0 0 0 -1 3004.DAT
0 STEP
1 86 380.0 -72 150.0 -1 0 0 0 1 0 0 0 -1 3004.DAT
0 STEP
1 86 370.0 -96 180.0 0 0 1 0 1 0 -1 0 0 3010.DAT
0 STEP
1 86 370.0 -312 180.0 0 0 1 0 1 0 -1 0 0 3010.DAT
0 STEP
1 86 380.0 -72 180.0 0 0 1 0 1 0 -1 0 0 3003.DAT
0 STEP
1 86 370.0 -360 170.0 0 0 1 0 1 0 -1 0 0 3005.DAT
0 STEP
1 86 380.0 -120 200.0 0 0 1 0 1 0 -1 0 0 3003.DAT
0 STEP
1 86 370.0 -360 200.0 0 0 1 0 1 0 -1 0 0 3004.DAT
0 STEP
1 86 370.0 -336 210.0 0 0 1 0 1 0 -1 0 0 3005.DAT
0 STEP
1 86 380.0 -96 230.0 -1 0 0 0 1 0 0 0 -1 3004.DAT
0 STEP
1 86 380.0 -288 230.0 -1 0 0 0 1 0 0 0 -1 3004.DAT
0 STEP
1 86 400.0 -336 230.0 -1 0 0 0 1 0 0 0 -1 3010.DAT
0 STEP
1 86 370.0 -72 250.0 0 0 1 0 1 0 -1 0 0 3005.DAT
0 STEP
1 86 380.0 -96 260.0 0 0 1 0 1 0 -1 0 0 3003.DAT
0 STEP
1 86 380.0 -120 300.0 0 0 1 0 1 0 -1 0 0 3001.DAT
0 STEP
1 86 380.0 -264 270.0 -1 0 0 0 1 0 0 0 -1 3004.DAT
0 STEP
1 86 400.0 -96 290.0 -1 0 0 0 1 0 0 0 -1 3010.DAT
0 STEP
1 86 370.0 -264 290.0 0 0 1 0 1 0 -1 0 0 3005.DAT
0 STEP
1 86 380.0 -72 340.0 0 0 1 0 1 0 -1 0 0 3001.DAT
0 STEP
1 86 370.0 -96 310.0 0 0 1 0 1 0 -1 0 0 3005.DAT
0 STEP
1 86 380.0 -288 340.0 0 0 1 0 1 0 -1 0 0 3003.DAT
0 STEP
1 86 370.0 -120 350.0 0 0 1 0 1 0 -1 0 0 3005.DAT
0 STEP
1 86 370.0 -240 350.0 0 0 1 0 1 0 -1 0 0 3005.DAT
0 STEP
1 86 380.0 -240 370.0 -1 0 0 0 1 0 0 0 -1 3004.DAT
0 STEP
1 86 370.0 -288 380.0 0 0 1 0 1 0 -1 0 0 3004.DAT
0 STEP
1 86 370.0 -120 420.0 0 0 1 0 1 0 -1 0 0 3010.DAT
0 STEP
1 86 370.0 -240 390.0 0 0 1 0 1 0 -1 0 0 3005.DAT
0 STEP
1 86 380.0 -264 400.0 0 0 1 0 1 0 -1 0 0 3003.DAT
0 STEP
1 86 400.0 -96 410.0 -1 0 0 0 1 0 0 0 -1 3010.DAT
0 STEP
1 86 380.0 -240 420.0 0 0 1 0 1 0 -1 0 0 3003.DAT
0 STEP
1 86 370.0 -288 410.0 0 0 1 0 1 0 -1 0 0 3005.DAT
0 STEP
1 86 370.0 -72 440.0 0 0 1 0 1 0 -1 0 0 3004.DAT
0 STEP
1 86 380.0 -96 430.0 -1 0 0 0 1 0 0 0 -1 3004.DAT
0 STEP
1 86 370.0 -288 440.0 0 0 1 0 1 0 -1 0 0 3004.DAT
0 STEP
1 86 370.0 -96 480.0 0 0 1 0 1 0 -1 0 0 3010.DAT
0 STEP
1 86 370.0 -240 450.0 0 0 1 0 1 0 -1 0 0 3005.DAT
0 STEP
1 86 370.0 -216 480.0 0 0 1 0 1 0 -1 0 0 3004.DAT
0 STEP
1 86 400.0 -240 470.0 -1 0 0 0 1 0 0 0 -1 3010.DAT
0 STEP
1 86 370.0 -288 470.0 0 0 1 0 1 0 -1 0 0 3005.DAT
0 STEP
1 86 380.0 -120 490.0 -1 0 0 0 1 0 0 0 -1 3004.DAT
0 STEP
1 86 400.0 -240 500.0 -1 0 0 0 1 0 0 0 -1 3001.DAT
0 STEP
1 86 400.0 -288 490.0 -1 0 0 0 1 0 0 0 -1 3010.DAT
0 STEP
1 86 440.0 -168 510.0 -1 0 0 0 1 0 0 0 -1 3008.DAT
0 STEP
1 86 440.0 -216 510.0 -1 0 0 0 1 0 0 0 -1 3008.DAT
0 STEP
1 86 370.0 -264 510.0 0 0 1 0 1 0 -1 0 0 3005.DAT
0 STEP
1 86 420.0 -72 20.0 -1 0 0 0 1 0 0 0 -1 3001.DAT
0 STEP
1 86 390.0 -96 20.0 0 0 1 0 1 0 -1 0 0 3004.DAT
0 STEP
1 86 390.0 -168 10.0 0 0 1 0 1 0 -1 0 0 3005.DAT
0 STEP
1 86 390.0 -192 20.0 0 0 1 0 1 0 -1 0 0 3004.DAT
0 STEP
1 86 400.0 -216 20.0 0 0 1 0 1 0 -1 0 0 3003.DAT
0 STEP
1 86 390.0 -360 10.0 0 0 1 0 1 0 -1 0 0 3005.DAT
0 STEP
1 86 400.0 -432 10.0 -1 0 0 0 1 0 0 0 -1 3004.DAT
0 STEP
1 86 390.0 -456 10.0 0 0 1 0 1 0 -1 0 0 3005.DAT
0 STEP
1 86 390.0 -168 40.0 0 0 1 0 1 0 -1 0 0 3004.DAT
0 STEP
1 86 390.0 -336 40.0 0 0 1 0 1 0 -1 0 0 3004.DAT
0 STEP
1 86 400.0 -360 40.0 0 0 1 0 1 0 -1 0 0 3003.DAT
0 STEP
1 86 400.0 -408 60.0 0 0 1 0 1 0 -1 0 0 3001.DAT
0 STEP
1 86 390.0 -432 40.0 0 0 1 0 1 0 -1 0 0 3004.DAT
0 STEP
1 86 400.0 -456 30.0 -1 0 0 0 1 0 0 0 -1 3004.DAT
0 STEP
1 86 390.0 -72 50.0 0 0 1 0 1 0 -1 0 0 3005.DAT
0 STEP
1 86 400.0 -96 60.0 0 0 1 0 1 0 -1 0 0 3003.DAT
0 STEP
1 86 390.0 -192 50.0 0 0 1 0 1 0 -1 0 0 3005.DAT
0 STEP
1 86 400.0 -480 60.0 0 0 1 0 1 0 -1 0 0 3003.DAT
0 STEP
1 86 390.0 -72 80.0 0 0 1 0 1 0 -1 0 0 3004.DAT
0 STEP
1 86 390.0 -120 80.0 0 0 1 0 1 0 -1 0 0 3004.DAT
0 STEP
1 86 390.0 -432 70.0 0 0 1 0 1 0 -1 0 0 3005.DAT
0 STEP
1 86 400.0 -456 80.0 0 0 1 0 1 0 -1 0 0 3003.DAT
0 STEP
1 86 420.0 -96 100.0 -1 0 0 0 1 0 0 0 -1 3001.DAT
0 STEP
1 86 390.0 -384 90.0 0 0 1 0 1 0 -1 0 0 3005.DAT
0 STEP
1 86 390.0 -432 100.0 0 0 1 0 1 0 -1 0 0 3004.DAT
0 STEP
1 86 400.0 -72 120.0 0 0 1 0 1 0 -1 0 0 3003.DAT
0 STEP
1 86 390.0 -120 110.0 0 0 1 0 1 0 -1 0 0 3005.DAT
0 STEP
1 86 420.0 -384 120.0 -1 0 0 0 1 0 0 0 -1 3001.DAT
0 STEP
1 86 420.0 -336 130.0 -1 0 0 0 1 0 0 0 -1 3010.DAT
0 STEP
1 86 390.0 -360 160.0 0 0 1 0 1 0 -1 0 0 3010.DAT
0 STEP
1 86 390.0 -432 130.0 0 0 1 0 1 0 -1 0 0 3005.DAT
0 STEP
1 86 420.0 -96 160.0 -1 0 0 0 1 0 0 0 -1 3001.DAT
0 STEP
1 86 400.0 -312 160.0 0 0 1 0 1 0 -1 0 0 3003.DAT
0 STEP
1 86 400.0 -96 200.0 0 0 1 0 1 0 -1 0 0 3003.DAT
0 STEP
1 86 390.0 -312 220.0 0 0 1 0 1 0 -1 0 0 3010.DAT
0 STEP
1 86 390.0 -336 190.0 0 0 1 0 1 0 -1 0 0 3005.DAT
0 STEP
1 86 400.0 -72 240.0 0 0 1 0 1 0 -1 0 0 3001.DAT
0 STEP
1 86 400.0 -336 210.0 -1 0 0 0 1 0 0 0 -1 3004.DAT
0 STEP
1 86 440.0 -360 210.0 -1 0 0 0 1 0 0 0 -1 3009.DAT
0 STEP
1 86 390.0 -120 240.0 0 0 1 0 1 0 -1 0 0 3004.DAT
0 STEP
1 86 390.0 -264 250.0 0 0 1 0 1 0 -1 0 0 3005.DAT
0 STEP
1 86 390.0 -240 280.0 0 0 1 0 1 0 -1 0 0 3004.DAT
0 STEP
1 86 400.0 -72 290.0 -1 0 0 0 1 0 0 0 -1 3004.DAT
0 STEP
1 86 400.0 -264 290.0 -1 0 0 0 1 0 0 0 -1 3004.DAT
0 STEP
1 86 390.0 -288 290.0 0 0 1 0 1 0 -1 0 0 3005.DAT
0 STEP
1 86 400.0 -96 310.0 -1 0 0 0 1 0 0 0 -1 3004.DAT
0 STEP
1 86 390.0 -264 310.0 0 0 1 0 1 0 -1 0 0 3005.DAT
0 STEP
1 86 400.0 -288 310.0 -1 0 0 0 1 0 0 0 -1 3004.DAT
0 STEP
1 86 390.0 -96 360.0 0 0 1 0 1 0 -1 0 0 3010.DAT
0 STEP
1 86 390.0 -240 340.0 0 0 1 0 1 0 -1 0 0 3004.DAT
0 STEP
1 86 400.0 -264 330.0 -1 0 0 0 1 0 0 0 -1 3004.DAT
0 STEP
1 86 400.0 -120 350.0 -1 0 0 0 1 0 0 0 -1 3004.DAT
0 STEP
1 86 390.0 -264 360.0 0 0 1 0 1 0 -1 0 0 3004.DAT
0 STEP
1 86 420.0 -288 370.0 -1 0 0 0 1 0 0 0 -1 3010.DAT
0 STEP
1 86 390.0 -72 390.0 0 0 1 0 1 0 -1 0 0 3005.DAT
0 STEP
1 86 400.0 -120 390.0 -1 0 0 0 1 0 0 0 -1 3004.DAT
0 STEP
1 86 400.0 -240 390.0 -1 0 0 0 1 0 0 0 -1 3004.DAT
0 STEP
1 86 400.0 -288 390.0 -1 0 0 0 1 0 0 0 -1 3004.DAT
0 STEP
1 86 390.0 -72 440.0 0 0 1 0 1 0 -1 0 0 3010.DAT
0 STEP
1 86 400.0 -120 440.0 0 0 1 0 1 0 -1 0 0 3001.DAT
0 STEP
1 86 400.0 -288 420.0 0 0 1 0 1 0 -1 0 0 3003.DAT
0 STEP
1 86 390.0 -96 450.0 0 0 1 0 1 0 -1 0 0 3005.DAT
0 STEP
1 86 400.0 -240 450.0 -1 0 0 0 1 0 0 0 -1 3004.DAT
0 STEP
1 86 390.0 -264 450.0 0 0 1 0 1 0 -1 0 0 3005.DAT
0 STEP
1 86 400.0 -288 450.0 -1 0 0 0 1 0 0 0 -1 3004.DAT
0 STEP
1 86 420.0 -96 480.0 -1 0 0 0 1 0 0 0 -1 3001.DAT
0 STEP
1 86 390.0 -192 470.0 0 0 1 0 1 0 -1 0 0 3005.DAT
0 STEP
1 86 400.0 -216 480.0 0 0 1 0 1 0 -1 0 0 3003.DAT
0 STEP
1 86 390.0 -264 480.0 0 0 1 0 1 0 -1 0 0 3004.DAT
0 STEP
1 86 420.0 -288 470.0 -1 0 0 0 1 0 0 0 -1 3010.DAT
0 STEP
1 86 390.0 -96 510.0 0 0 1 0 1 0 -1 0 0 3005.DAT
0 STEP
1 86 390.0 -120 510.0 0 0 1 0 1 0 -1 0 0 3005.DAT
0 STEP
1 86 400.0 -264 510.0 -1 0 0 0 1 0 0 0 -1 3004.DAT
0 STEP
1 86 390.0 -288 510.0 0 0 1 0 1 0 -1 0 0 3005.DAT
0 STEP
1 86 440.0 -96 10.0 -1 0 0 0 1 0 0 0 -1 3010.DAT
0 STEP
1 86 420.0 -144 10.0 -1 0 0 0 1 0 0 0 -1 3004.DAT
0 STEP
1 86 410.0 -168 20.0 0 0 1 0 1 0 -1 0 0 3004.DAT
0 STEP
1 86 420.0 -192 10.0 -1 0 0 0 1 0 0 0 -1 3004.DAT
0 STEP
1 86 420.0 -312 10.0 -1 0 0 0 1 0 0 0 -1 3004.DAT
0 STEP
1 86 410.0 -336 20.0 0 0 1 0 1 0 -1 0 0 3004.DAT
0 STEP
1 86 420.0 -360 10.0 -1 0 0 0 1 0 0 0 -1 3004.DAT
0 STEP
1 86 410.0 -384 20.0 0 0 1 0 1 0 -1 0 0 3004.DAT
0 STEP
1 86 460.0 -456 10.0 -1 0 0 0 1 0 0 0 -1 3009.DAT
0 STEP
1 86 420.0 -96 30.0 -1 0 0 0 1 0 0 0 -1 3004.DAT
0 STEP
1 86 420.0 -144 40.0 0 0 1 0 1 0 -1 0 0 3003.DAT
0 STEP
1 86 420.0 -192 40.0 0 0 1 0 1 0 -1 0 0 3003.DAT
0 STEP
1 86 420.0 -312 40.0 0 0 1 0 1 0 -1 0 0 3003.DAT
0 STEP
1 86 420.0 -432 30.0 -1 0 0 0 1 0 0 0 -1 3004.DAT
0 STEP
1 86 410.0 -72 60.0 0 0 1 0 1 0 -1 0 0 3004.DAT
0 STEP
1 86 410.0 -168 50.0 0 0 1 0 1 0 -1 0 0 3005.DAT
0 STEP
1 86 410.0 -336 50.0 0 0 1 0 1 0 -1 0 0 3005.DAT
0 STEP
1 86 410.0 -432 50.0 0 0 1 0 1 0 -1 0 0 3005.DAT
0 STEP
1 86 420.0 -120 70.0 -1 0 0 0 1 0 0 0 -1 3004.DAT
0 STEP
1 86 420.0 -432 100.0 0 0 1 0 1 0 -1 0 0 3001.DAT
0 STEP
1 86 410.0 -72 90.0 0 0 1 0 1 0 -1 0 0 3005.DAT
0 STEP
1 86 410.0 -120 90.0 0 0 1 0 1 0 -1 0 0 3005.DAT
0 STEP
1 86 480.0 -384 90.0 -1 0 0 0 1 0 0 0 -1 3008.DAT
0 STEP
1 86 410.0 -480 90.0 0 0 1 0 1 0 -1 0 0 3005.DAT
0 STEP
1 86 410.0 -120 120.0 0 0 1 0 1 0 -1 0 0 3004.DAT
0 STEP
1 86 410.0 -408 120.0 0 0 1 0 1 0 -1 0 0 3004.DAT
0 STEP
1 86 410.0 -456 110.0 0 0 1 0 1 0 -1 0 0 3005.DAT
0 STEP
1 86 420.0 -480 120.0 0 0 1 0 1 0 -1 0 0 3003.DAT
0 STEP
1 86 410.0 -96 130.0 0 0 1 0 1 0 -1 0 0 3005.DAT
0 STEP
1 86 420.0 -360 140.0 0 0 1 0 1 0 -1 0 0 3003.DAT
0 STEP
1 86 440.0 -456 130.0 -1 0 0 0 1 0 0 0 -1 3010.DAT
0 STEP
1 86 420.0 -72 160.0 0 0 1 0 1 0 -1 0 0 3003.DAT
0 STEP
1 86 410.0 -120 150.0 0 0 1 0 1 0 -1 0 0 3005.DAT
0 STEP
1 86 410.0 -120 200.0 0 0 1 0 1 0 -1 0 0 3010.DAT
0 STEP
1 86 410.0 -336 180.0 0 0 1 0 1 0 -1 0 0 3004.DAT
0 STEP
1 86 440.0 -360 180.0 -1 0 0 0 1 0 0 0 -1 3001.DAT
0 STEP
1 86 420.0 -72 190.0 -1 0 0 0 1 0 0 0 -1 3004.DAT
0 STEP
1 86 410.0 -312 190.0 0 0 1 0 1 0 -1 0 0 3005.DAT
0 STEP
1 86 410.0 -288 220.0 0 0 1 0 1 0 -1 0 0 3004.DAT
0 STEP
1 86 440.0 -312 220.0 -1 0 0 0 1 0 0 0 -1 3001.DAT
0 STEP
1 86 410.0 -96 230.0 0 0 1 0 1 0 -1 0 0 3005.DAT
0 STEP
1 86 420.0 -264 240.0 0 0 1 0 1 0 -1 0 0 3003.DAT
0 STEP
1 86 410.0 -96 260.0 0 0 1 0 1 0 -1 0 0 3004.DAT
0 STEP
1 86 420.0 -120 250.0 -1 0 0 0 1 0 0 0 -1 3004.DAT
0 STEP
1 86 410.0 -240 280.0 0 0 1 0 1 0 -1 0 0 3010.DAT
0 STEP
1 86 410.0 -120 300.0 0 0 1 0 1 0 -1 0 0 3010.DAT
0 STEP
1 86 410.0 -264 270.0 0 0 1 0 1 0 -1 0 0 3005.DAT
0 STEP
1 86 420.0 -288 290.0 -1 0 0 0 1 0 0 0 -1 3004.DAT
0 STEP
1 86 410.0 -72 320.0 0 0 1 0 1 0 -1 0 0 3004.DAT
0 STEP
1 86 420.0 -264 310.0 -1 0 0 0 1 0 0 0 -1 3004.DAT
0 STEP
1 86 460.0 -96 340.0 -1 0 0 0 1 0 0 0 -1 2456.DAT
0 STEP
1 86 420.0 -240 330.0 -1 0 0 0 1 0 0 0 -1 3004.DAT
0 STEP
1 86 410.0 -288 340.0 0 0 1 0 1 0 -1 0 0 3004.DAT
0 STEP
1 86 420.0 -72 350.0 -1 0 0 0 1 0 0 0 -1 3004.DAT
0 STEP
1 86 410.0 -240 360.0 0 0 1 0 1 0 -1 0 0 3004.DAT
0 STEP
1 86 410.0 -264 350.0 0 0 1 0 1 0 -1 0 0 3005.DAT
0 STEP
1 86 410.0 -72 370.0 0 0 1 0 1 0 -1 0 0 3005.DAT
0 STEP
1 86 420.0 -96 380.0 0 0 1 0 1 0 -1 0 0 3003.DAT
0 STEP
1 86 410.0 -120 370.0 0 0 1 0 1 0 -1 0 0 3005.DAT
0 STEP
1 86 420.0 -264 370.0 -1 0 0 0 1 0 0 0 -1 3004.DAT
0 STEP
1 86 410.0 -72 400.0 0 0 1 0 1 0 -1 0 0 3004.DAT
0 STEP
1 86 460.0 -264 390.0 -1 0 0 0 1 0 0 0 -1 3009.DAT
0 STEP
1 86 410.0 -240 420.0 0 0 1 0 1 0 -1 0 0 3004.DAT
0 STEP
1 86 440.0 -264 410.0 -1 0 0 0 1 0 0 0 -1 3010.DAT
0 STEP
1 86 440.0 -72 430.0 -1 0 0 0 1 0 0 0 -1 3010.DAT
0 STEP
1 86 420.0 -96 440.0 0 0 1 0 1 0 -1 0 0 3003.DAT
0 STEP
1 86 420.0 -72 460.0 0 0 1 0 1 0 -1 0 0 3003.DAT
0 STEP
1 86 420.0 -264 460.0 0 0 1 0 1 0 -1 0 0 3003.DAT
0 STEP
1 86 410.0 -168 480.0 0 0 1 0 1 0 -1 0 0 3004.DAT
0 STEP
1 86 480.0 -192 470.0 -1 0 0 0 1 0 0 0 -1 3008.DAT
0 STEP
1 86 410.0 -120 500.0 0 0 1 0 1 0 -1 0 0 3004.DAT
0 STEP
1 86 410.0 -264 490.0 0 0 1 0 1 0 -1 0 0 3005.DAT
0 STEP
1 86 440.0 -96 510.0 -1 0 0 0 1 0 0 0 -1 3010.DAT
0 STEP
1 86 420.0 -288 510.0 -1 0 0 0 1 0 0 0 -1 3004.DAT
0 STEP
1 86 440.0 -120 20.0 0 0 1 0 1 0 -1 0 0 3003.DAT
0 STEP
1 86 440.0 -168 20.0 0 0 1 0 1 0 -1 0 0 3003.DAT
0 STEP
1 86 430.0 -216 20.0 0 0 1 0 1 0 -1 0 0 3004.DAT
0 STEP
1 86 460.0 -240 20.0 -1 0 0 0 1 0 0 0 -1 3001.DAT
0 STEP
1 86 440.0 -288 20.0 0 0 1 0 1 0 -1 0 0 3003.DAT
0 STEP
1 86 430.0 -336 10.0 0 0 1 0 1 0 -1 0 0 3005.DAT
0 STEP
1 86 440.0 -384 20.0 0 0 1 0 1 0 -1 0 0 3003.DAT
0 STEP
1 86 430.0 -432 10.0 0 0 1 0 1 0 -1 0 0 3005.DAT
0 STEP
1 86 460.0 -336 40.0 -1 0 0 0 1 0 0 0 -1 3001.DAT
0 STEP
1 86 430.0 -360 40.0 0 0 1 0 1 0 -1 0 0 3004.DAT
0 STEP
1 86 430.0 -408 40.0 0 0 1 0 1 0 -1 0 0 3004.DAT
0 STEP
1 86 430.0 -456 30.0 0 0 1 0 1 0 -1 0 0 3005.DAT
0 STEP
1 86 430.0 -72 50.0 0 0 1 0 1 0 -1 0 0 3005.DAT
0 STEP
1 86 430.0 -96 60.0 0 0 1 0 1 0 -1 0 0 3004.DAT
0 STEP
1 86 430.0 -120 50.0 0 0 1 0 1 0 -1 0 0 3005.DAT
0 STEP
1 86 440.0 -168 50.0 -1 0 0 0 1 0 0 0 -1 3004.DAT
0 STEP
1 86 500.0 -240 50.0 -1 0 0 0 1 0 0 0 -1 3008.DAT
0 STEP
1 86 500.0 -288 50.0 -1 0 0 0 1 0 0 0 -1 3008.DAT
0 STEP
1 86 440.0 -432 50.0 -1 0 0 0 1 0 0 0 -1 3004.DAT
0 STEP
1 86 430.0 -480 50.0 0 0 1 0 1 0 -1 0 0 3005.DAT
0 STEP
1 86 430.0 -72 100.0 0 0 1 0 1 0 -1 0 0 3010.DAT
0 STEP
1 86 440.0 -408 70.0 -1 0 0 0 1 0 0 0 -1 3004.DAT
0 STEP
1 86 430.0 -456 70.0 0 0 1 0 1 0 -1 0 0 3005.DAT
0 STEP
1 86 430.0 -480 80.0 0 0 1 0 1 0 -1 0 0 3004.DAT
0 STEP
1 86 430.0 -120 120.0 0 0 1 0 1 0 -1 0 0 3010.DAT
0 STEP
1 86 440.0 -408 100.0 0 0 1 0 1 0 -1 0 0 3003.DAT
0 STEP
1 86 440.0 -456 100.0 0 0 1 0 1 0 -1 0 0 3003.DAT
0 STEP
1 86 460.0 -96 130.0 -1 0 0 0 1 0 0 0 -1 3010.DAT
0 STEP
1 86 440.0 -408 130.0 -1 0 0 0 1 0 0 0 -1 3004.DAT
0 STEP
1 86 440.0 -312 150.0 -1 0 0 0 1 0 0 0 -1 3004.DAT
0 STEP
1 86 430.0 -120 170.0 0 0 1 0 1 0 -1 0 0 3005.DAT
0 STEP
1 86 430.0 -312 180.0 0 0 1 0 1 0 -1 0 0 3004.DAT
0 STEP
1 86 460.0 -336 170.0 -1 0 0 0 1 0 0 0 -1 3010.DAT
0 STEP
1 86 440.0 -96 190.0 -1 0 0 0 1 0 0 0 -1 3004.DAT
0 STEP
1 86 430.0 -120 200.0 0 0 1 0 1 0 -1 0 0 3004.DAT
0 STEP
1 86 430.0 -336 200.0 0 0 1 0 1 0 -1 0 0 3004.DAT
0 STEP
1 86 430.0 -72 210.0 0 0 1 0 1 0 -1 0 0 3005.DAT
0 STEP
1 86 430.0 -96 240.0 0 0 1 0 1 0 -1 0 0 3010.DAT
0 STEP
1 86 480.0 -288 210.0 -1 0 0 0 1 0 0 0 -1 3009.DAT
0 STEP
1 86 440.0 -72 240.0 0 0 1 0 1 0 -1 0 0 3003.DAT
0 STEP
1 86 430.0 -120 230.0 0 0 1 0 1 0 -1 0 0 3005.DAT
0 STEP
1 86 440.0 -288 240.0 0 0 1 0 1 0 -1 0 0 3003.DAT
0 STEP
1 86 430.0 -240 260.0 0 0 1 0 1 0 -1 0 0 3004.DAT
0 STEP
1 86 430.0 -72 280.0 0 0 1 0 1 0 -1 0 0 3004.DAT
0 STEP
1 86 440.0 -120 300.0 0 0 1 0 1 0 -1 0 0 3001.DAT
0 STEP
1 86 430.0 -264 280.0 0 0 1 0 1 0 -1 0 0 3004.DAT
0 STEP
1 86 430.0 -288 270.0 0 0 1 0 1 0 -1 0 0 3005.DAT
0 STEP
1 86 430.0 -240 290.0 0 0 1 0 1 0 -1 0 0 3005.DAT
0 STEP
1 86 440.0 -72 320.0 0 0 1 0 1 0 -1 0 0 3003.DAT
0 STEP
1 86 430.0 -96 310.0 0 0 1 0 1 0 -1 0 0 3005.DAT
0 STEP
1 86 440.0 -240 310.0 -1 0 0 0 1 0 0 0 -1 3004.DAT
0 STEP
1 86 430.0 -288 320.0 0 0 1 0 1 0 -1 0 0 3004.DAT
0 STEP
1 86 430.0 -264 330.0 0 0 1 0 1 0 -1 0 0 3005.DAT
0 STEP
1 86 430.0 -120 380.0 0 0 1 0 1 0 -1 0 0 3010.DAT
0 STEP
1 86 430.0 -240 350.0 0 0 1 0 1 0 -1 0 0 3005.DAT
0 STEP
1 86 440.0 -264 350.0 -1 0 0 0 1 0 0 0 -1 3004.DAT
0 STEP
1 86 430.0 -288 350.0 0 0 1 0 1 0 -1 0 0 3005.DAT
0 STEP
1 86 440.0 -72 380.0 0 0 1 0 1 0 -1 0 0 3003.DAT
0 STEP
1 86 430.0 -240 380.0 0 0 1 0 1 0 -1 0 0 3004.DAT
0 STEP
1 86 430.0 -288 420.0 0 0 1 0 1 0 -1 0 0 3010.DAT
0 STEP
1 86 460.0 -72 410.0 -1 0 0 0 1 0 0 0 -1 3010.DAT
0 STEP
1 86 430.0 -240 410.0 0 0 1 0 1 0 -1 0 0 3005.DAT
0 STEP
1 86 460.0 -120 440.0 -1 0 0 0 1 0 0 0 -1 3001.DAT
0 STEP
1 86 440.0 -240 440.0 0 0 1 0 1 0 -1 0 0 3003.DAT
0 STEP
1 86 430.0 -264 430.0 0 0 1 0 1 0 -1 0 0 3005.DAT
0 STEP
1 86 440.0 -120 470.0 -1 0 0 0 1 0 0 0 -1 3004.DAT
0 STEP
1 86 460.0 -168 480.0 -1 0 0 0 1 0 0 0 -1 3001.DAT
0 STEP
1 86 430.0 -216 480.0 0 0 1 0 1 0 -1 0 0 3004.DAT
0 STEP
1 86 430.0 -72 500.0 0 0 1 0 1 0 -1 0 0 3004.DAT
0 STEP
1 86 440.0 -120 500.0 0 0 1 0 1 0 -1 0 0 3003.DAT
0 STEP
1 86 430.0 -144 500.0 0 0 1 0 1 0 -1 0 0 3004.DAT
0 STEP
1 86 440.0 -264 490.0 -1 0 0 0 1 0 0 0 -1 3004.DAT
0 STEP
1 86 430.0 -264 510.0 0 0 1 0 1 0 -1 0 0 3005.DAT
0 STEP
1 86 450.0 -144 10.0 0 0 1 0 1 0 -1 0 0 3005.DAT
0 STEP
1 86 450.0 -192 10.0 0 0 1 0 1 0 -1 0 0 3005.DAT
0 STEP
1 86 460.0 -216 10.0 -1 0 0 0 1 0 0 0 -1 3004.DAT
0 STEP
1 86 450.0 -264 10.0 0 0 1 0 1 0 -1 0 0 3005.DAT
0 STEP
1 86 450.0 -312 10.0 0 0 1 0 1 0 -1 0 0 3005.DAT
0 STEP
1 86 460.0 -336 10.0 -1 0 0 0 1 0 0 0 -1 3004.DAT
0 STEP
1 86 450.0 -360 20.0 0 0 1 0 1 0 -1 0 0 3004.DAT
0 STEP
1 86 450.0 -432 20.0 0 0 1 0 1 0 -1 0 0 3004.DAT
0 STEP
1 86 450.0 -96 40.0 0 0 1 0 1 0 -1 0 0 3004.DAT
0 STEP
1 86 450.0 -144 40.0 0 0 1 0 1 0 -1 0 0 3004.DAT
0 STEP
1 86 450.0 -192 40.0 0 0 1 0 1 0 -1 0 0 3004.DAT
0 STEP
1 86 480.0 -216 40.0 -1 0 0 0 1 0 0 0 -1 3001.DAT
0 STEP
1 86 460.0 -264 40.0 0 0 1 0 1 0 -1 0 0 3003.DAT
0 STEP
1 86 450.0 -312 40.0 0 0 1 0 1 0 -1 0 0 3004.DAT
0 STEP
1 86 460.0 -408 40.0 0 0 1 0 1 0 -1 0 0 3003.DAT
0 STEP
1 86 460.0 -456 40.0 0 0 1 0 1 0 -1 0 0 3003.DAT
0 STEP
1 86 460.0 -72 50.0 -1 0 0 0 1 0 0 0 -1 3004.DAT
0 STEP
1 86 460.0 -120 60.0 0 0 1 0 1 0 -1 0 0 3003.DAT
0 STEP
1 86 460.0 -360 50.0 -1 0 0 0 1 0 0 0 -1 3004.DAT
0 STEP
1 86 450.0 -384 50.0 0 0 1 0 1 0 -1 0 0 3005.DAT
0 STEP
1 86 460.0 -480 60.0 0 0 1 0 1 0 -1 0 0 3003.DAT
0 STEP
1 86 450.0 -72 70.0 0 0 1 0 1 0 -1 0 0 3005.DAT
0 STEP
1 86 480.0 -96 70.0 -1 0 0 0 1 0 0 0 -1 3010.DAT
0 STEP
1 86 450.0 -432 100.0 0 0 1 0 1 0 -1 0 0 3010.DAT
0 STEP
1 86 500.0 -456 70.0 -1 0 0 0 1 0 0 0 -1 3009.DAT
0 STEP
1 86 460.0 -72 90.0 -1 0 0 0 1 0 0 0 -1 3004.DAT
0 STEP
1 86 460.0 -120 90.0 -1 0 0 0 1 0 0 0 -1 3004.DAT
0 STEP
1 86 450.0 -480 90.0 0 0 1 0 1 0 -1 0 0 3005.DAT
0 STEP
1 86 460.0 -72 160.0 0 0 1 0 1 0 -1 0 0 2456.DAT
0 STEP
1 86 460.0 -120 140.0 0 0 1 0 1 0 -1 0 0 3001.DAT
0 STEP
1 86 460.0 -360 120.0 0 0 1 0 1 0 -1 0 0 3003.DAT
0 STEP
1 86 450.0 -480 120.0 0 0 1 0 1 0 -1 0 0 3004.DAT
0 STEP
1 86 480.0 -336 150.0 -1 0 0 0 1 0 0 0 -1 3010.DAT
0 STEP
1 86 460.0 -360 150.0 -1 0 0 0 1 0 0 0 -1 3004.DAT
0 STEP
1 86 450.0 -312 170.0 0 0 1 0 1 0 -1 0 0 3005.DAT
0 STEP
1 86 450.0 -120 190.0 0 0 1 0 1 0 -1 0 0 3005.DAT
0 STEP
1 86 480.0 -312 190.0 -1 0 0 0 1 0 0 0 -1 3010.DAT
0 STEP
1 86 460.0 -336 200.0 0 0 1 0 1 0 -1 0 0 3003.DAT
0 STEP
1 86 500.0 -96 210.0 -1 0 0 0 1 0 0 0 -1 3009.DAT
0 STEP
1 86 450.0 -120 220.0 0 0 1 0 1 0 -1 0 0 3004.DAT
0 STEP
1 86 460.0 -96 240.0 0 0 1 0 1 0 -1 0 0 3003.DAT
0 STEP
1 86 450.0 -264 230.0 0 0 1 0 1 0 -1 0 0 3005.DAT
0 STEP
1 86 450.0 -336 230.0 0 0 1 0 1 0 -1 0 0 3005.DAT
0 STEP
1 86 450.0 -120 250.0 0 0 1 0 1 0 -1 0 0 3005.DAT
0 STEP
1 86 460.0 -240 250.0 -1 0 0 0 1 0 0 0 -1 3004.DAT
0 STEP
1 86 450.0 -264 260.0 0 0 1 0 1 0 -1 0 0 3004.DAT
0 STEP
1 86 460.0 -72 270.0 -1 0 0 0 1 0 0 0 -1 3004.DAT
0 STEP
1 86 450.0 -96 270.0 0 0 1 0 1 0 -1 0 0 3005.DAT
0 STEP
1 86 450.0 -240 280.0 0 0 1 0 1 0 -1 0 0 3004.DAT
0 STEP
1 86 450.0 -288 280.0 0 0 1 0 1 0 -1 0 0 3004.DAT
0 STEP
1 86 450.0 -72 290.0 0 0 1 0 1 0 -1 0 0 3005.DAT
0 STEP
1 86 450.0 -96 300.0 0 0 1 0 1 0 -1 0 0 3004.DAT
0 STEP
1 86 460.0 -264 290.0 -1 0 0 0 1 0 0 0 -1 3004.DAT
0 STEP
1 86 460.0 -264 320.0 0 0 1 0 1 0 -1 0 0 3003.DAT
0 STEP
1 86 450.0 -288 310.0 0 0 1 0 1 0 -1 0 0 3005.DAT
0 STEP
1 86 450.0 -240 330.0 0 0 1 0 1 0 -1 0 0 3005.DAT
0 STEP
1 86 450.0 -288 340.0 0 0 1 0 1 0 -1 0 0 3004.DAT
0 STEP
1 86 450.0 -72 350.0 0 0 1 0 1 0 -1 0 0 3005.DAT
0 STEP
1 86 450.0 -120 360.0 0 0 1 0 1 0 -1 0 0 3004.DAT
0 STEP
1 86 450.0 -240 380.0 0 0 1 0 1 0 -1 0 0 3010.DAT
0 STEP
1 86 450.0 -96 400.0 0 0 1 0 1 0 -1 0 0 3010.DAT
0 STEP
1 86 450.0 -264 370.0 0 0 1 0 1 0 -1 0 0 3005.DAT
0 STEP
1 86 460.0 -120 390.0 -1 0 0 0 1 0 0 0 -1 3004.DAT
0 STEP
1 86 450.0 -288 390.0 0 0 1 0 1 0 -1 0 0 3005.DAT
0 STEP
1 86 450.0 -120 410.0 0 0 1 0 1 0 -1 0 0 3005.DAT
0 STEP
1 86 450.0 -288 420.0 0 0 1 0 1 0 -1 0 0 3004.DAT
0 STEP
1 86 460.0 -264 430.0 -1 0 0 0 1 0 0 0 -1 3004.DAT
0 STEP
1 86 460.0 -72 450.0 -1 0 0 0 1 0 0 0 -1 3004.DAT
0 STEP
1 86 450.0 -96 450.0 0 0 1 0 1 0 -1 0 0 3005.DAT
0 STEP
1 86 450.0 -264 460.0 0 0 1 0 1 0 -1 0 0 3004.DAT
0 STEP
1 86 450.0 -288 450.0 0 0 1 0 1 0 -1 0 0 3005.DAT
0 STEP
1 86 450.0 -72 470.0 0 0 1 0 1 0 -1 0 0 3005.DAT
0 STEP
1 86 450.0 -144 480.0 0 0 1 0 1 0 -1 0 0 3004.DAT
0 STEP
1 86 460.0 -216 480.0 0 0 1 0 1 0 -1 0 0 3003.DAT
0 STEP
1 86 450.0 -240 470.0 0 0 1 0 1 0 -1 0 0 3005.DAT
0 STEP
1 86 460.0 -72 500.0 0 0 1 0 1 0 -1 0 0 3003.DAT
0 STEP
1 86 450.0 -240 500.0 0 0 1 0 1 0 -1 0 0 3004.DAT
0 STEP
1 86 450.0 -288 500.0 0 0 1 0 1 0 -1 0 0 3004.DAT
0 STEP
1 86 450.0 -144 510.0 0 0 1 0 1 0 -1 0 0 3005.DAT
0 STEP
1 86 460.0 -264 510.0 -1 0 0 0 1 0 0 0 -1 3004.DAT
0 STEP
1 86 520.0 -72 10.0 -1 0 0 0 1 0 0 0 -1 3009.DAT
0 STEP
1 86 470.0 -120 20.0 0 0 1 0 1 0 -1 0 0 3004.DAT
0 STEP
1 86 480.0 -144 20.0 0 0 1 0 1 0 -1 0 0 3003.DAT
0 STEP
1 86 470.0 -168 10.0 0 0 1 0 1 0 -1 0 0 3005.DAT
0 STEP
1 86 480.0 -192 10.0 -1 0 0 0 1 0 0 0 -1 3004.DAT
0 STEP
1 86 500.0 -264 10.0 -1 0 0 0 1 0 0 0 -1 3010.DAT
0 STEP
1 86 470.0 -288 20.0 0 0 1 0 1 0 -1 0 0 3004.DAT
0 STEP
1 86 480.0 -312 20.0 0 0 1 0 1 0 -1 0 0 3003.DAT
0 STEP
1 86 480.0 -360 10.0 -1 0 0 0 1 0 0 0 -1 3004.DAT
0 STEP
1 86 470.0 -384 10.0 0 0 1 0 1 0 -1 0 0 3005.DAT
0 STEP
1 86 480.0 -432 10.0 -1 0 0 0 1 0 0 0 -1 3004.DAT
0 STEP
1 86 470.0 -72 30.0 0 0 1 0 1 0 -1 0 0 3005.DAT
0 STEP
1 86 480.0 -96 30.0 -1 0 0 0 1 0 0 0 -1 3004.DAT
0 STEP
1 86 470.0 -168 40.0 0 0 1 0 1 0 -1 0 0 3004.DAT
0 STEP
1 86 480.0 -192 40.0 0 0 1 0 1 0 -1 0 0 3003.DAT
0 STEP
1 86 470.0 -360 30.0 0 0 1 0 1 0 -1 0 0 3005.DAT
0 STEP
1 86 470.0 -384 40.0 0 0 1 0 1 0 -1 0 0 3004.DAT
0 STEP
1 86 470.0 -432 40.0 0 0 1 0 1 0 -1 0 0 3004.DAT
0 STEP
1 86 470.0 -96 50.0 0 0 1 0 1 0 -1 0 0 3005.DAT
0 STEP
1 86 480.0 -144 50.0 -1 0 0 0 1 0 0 0 -1 3004.DAT
0 STEP
1 86 480.0 -312 50.0 -1 0 0 0 1 0 0 0 -1 3004.DAT
0 STEP
1 86 480.0 -72 70.0 -1 0 0 0 1 0 0 0 -1 3004.DAT
0 STEP
1 86 470.0 -408 80.0 0 0 1 0 1 0 -1 0 0 3004.DAT
0 STEP
1 86 480.0 -432 80.0 0 0 1 0 1 0 -1 0 0 3003.DAT
0 STEP
1 86 470.0 -96 100.0 0 0 1 0 1 0 -1 0 0 3004.DAT
0 STEP
1 86 470.0 -456 100.0 0 0 1 0 1 0 -1 0 0 3004.DAT
0 STEP
1 86 480.0 -480 100.0 0 0 1 0 1 0 -1 0 0 3003.DAT
0 STEP
1 86 480.0 -384 110.0 -1 0 0 0 1 0 0 0 -1 3004.DAT
0 STEP
1 86 480.0 -408 120.0 0 0 1 0 1 0 -1 0 0 3003.DAT
0 STEP
1 86 470.0 -432 120.0 0 0 1 0 1 0 -1 0 0 3004.DAT
0 STEP
1 86 470.0 -336 130.0 0 0 1 0 1 0 -1 0 0 3005.DAT
0 STEP
1 86 470.0 -384 130.0 0 0 1 0 1 0 -1 0 0 3005.DAT
0 STEP
1 86 470.0 -480 130.0 0 0 1 0 1 0 -1 0 0 3005.DAT
0 STEP
1 86 470.0 -96 150.0 0 0 1 0 1 0 -1 0 0 3005.DAT
0 STEP
1 86 480.0 -312 160.0 0 0 1 0 1 0 -1 0 0 3003.DAT
0 STEP
1 86 480.0 -96 180.0 0 0 1 0 1 0 -1 0 0 3003.DAT
0 STEP
1 86 470.0 -120 200.0 0 0 1 0 1 0 -1 0 0 3004.DAT
0 STEP
1 86 470.0 -72 240.0 0 0 1 0 1 0 -1 0 0 3004.DAT
0 STEP
1 86 480.0 -120 230.0 -1 0 0 0 1 0 0 0 -1 3004.DAT
0 STEP
1 86 480.0 -264 230.0 -1 0 0 0 1 0 0 0 -1 3004.DAT
0 STEP
1 86 470.0 -288 240.0 0 0 1 0 1 0 -1 0 0 3004.DAT
0 STEP
1 86 480.0 -336 230.0 -1 0 0 0 1 0 0 0 -1 3004.DAT
0 STEP
1 86 470.0 -120 260.0 0 0 1 0 1 0 -1 0 0 3004.DAT
0 STEP
1 86 480.0 -264 260.0 0 0 1 0 1 0 -1 0 0 3003.DAT
0 STEP
1 86 480.0 -96 280.0 0 0 1 0 1 0 -1 0 0 3003.DAT
0 STEP
1 86 480.0 -240 280.0 0 0 1 0 1 0 -1 0 0 3003.DAT
0 STEP
1 86 500.0 -288 270.0 -1 0 0 0 1 0 0 0 -1 3010.DAT
0 STEP
1 86 500.0 -72 290.0 -1 0 0 0 1 0 0 0 -1 3010.DAT
0 STEP
1 86 470.0 -120 290.0 0 0 1 0 1 0 -1 0 0 3005.DAT
0 STEP
1 86 480.0 -288 320.0 0 0 1 0 1 0 -1 0 0 3001.DAT
0 STEP
1 86 470.0 -72 310.0 0 0 1 0 1 0 -1 0 0 3005.DAT
0 STEP
1 86 480.0 -96 310.0 -1 0 0 0 1 0 0 0 -1 3004.DAT
0 STEP
1 86 470.0 -120 340.0 0 0 1 0 1 0 -1 0 0 3010.DAT
0 STEP
1 86 470.0 -240 310.0 0 0 1 0 1 0 -1 0 0 3005.DAT
0 STEP
1 86 470.0 -72 360.0 0 0 1 0 1 0 -1 0 0 3010.DAT
0 STEP
1 86 470.0 -240 360.0 0 0 1 0 1 0 -1 0 0 3010.DAT
0 STEP
1 86 470.0 -264 350.0 0 0 1 0 1 0 -1 0 0 3005.DAT
0 STEP
1 86 480.0 -96 370.0 -1 0 0 0 1 0 0 0 -1 3004.DAT
0 STEP
1 86 500.0 -264 370.0 -1 0 0 0 1 0 0 0 -1 3010.DAT
0 STEP
1 86 470.0 -288 420.0 0 0 1 0 1 0 -1 0 0 3009.DAT
0 STEP
1 86 470.0 -96 400.0 0 0 1 0 1 0 -1 0 0 3004.DAT
0 STEP
1 86 540.0 -120 410.0 -1 0 0 0 1 0 0 0 -1 3008.DAT
0 STEP
1 86 500.0 -240 420.0 -1 0 0 0 1 0 0 0 -1 3001.DAT
0 STEP
1 86 480.0 -96 430.0 -1 0 0 0 1 0 0 0 -1 3004.DAT
0 STEP
1 86 480.0 -96 460.0 0 0 1 0 1 0 -1 0 0 3003.DAT
0 STEP
1 86 470.0 -240 460.0 0 0 1 0 1 0 -1 0 0 3004.DAT
0 STEP
1 86 480.0 -264 450.0 -1 0 0 0 1 0 0 0 -1 3004.DAT
0 STEP
1 86 480.0 -72 470.0 -1 0 0 0 1 0 0 0 -1 3004.DAT
0 STEP
1 86 480.0 -120 480.0 0 0 1 0 1 0 -1 0 0 3003.DAT
0 STEP
1 86 470.0 -144 470.0 0 0 1 0 1 0 -1 0 0 3005.DAT
0 STEP
1 86 480.0 -264 480.0 0 0 1 0 1 0 -1 0 0 3003.DAT
0 STEP
1 86 470.0 -96 490.0 0 0 1 0 1 0 -1 0 0 3005.DAT
0 STEP
1 86 480.0 -144 500.0 0 0 1 0 1 0 -1 0 0 3003.DAT
0 STEP
1 86 520.0 -192 500.0 -1 0 0 0 1 0 0 0 -1 2456.DAT
0 STEP
1 86 480.0 -240 500.0 0 0 1 0 1 0 -1 0 0 3003.DAT
0 STEP
1 86 500.0 -288 500.0 -1 0 0 0 1 0 0 0 -1 3001.DAT
0 STEP
1 86 480.0 -120 510.0 -1 0 0 0 1 0 0 0 -1 3004.DAT
0 STEP
1 86 490.0 -96 10.0 0 0 1 0 1 0 -1 0 0 3005.DAT
0 STEP
1 86 490.0 -120 10.0 0 0 1 0 1 0 -1 0 0 3005.DAT
0 STEP
1 86 520.0 -168 10.0 -1 0 0 0 1 0 0 0 -1 3010.DAT
0 STEP
1 86 490.0 -216 10.0 0 0 1 0 1 0 -1 0 0 3005.DAT
0 STEP
1 86 500.0 -288 20.0 0 0 1 0 1 0 -1 0 0 3003.DAT
0 STEP
1 86 490.0 -336 10.0 0 0 1 0 1 0 -1 0 0 3005.DAT
0 STEP
1 86 490.0 -384 20.0 0 0 1 0 1 0 -1 0 0 3004.DAT
0 STEP
1 86 490.0 -72 40.0 0 0 1 0 1 0 -1 0 0 3004.DAT
0 STEP
1 86 500.0 -120 30.0 -1 0 0 0 1 0 0 0 -1 3004.DAT
0 STEP
1 86 500.0 -168 40.0 0 0 1 0 1 0 -1 0 0 3003.DAT
0 STEP
1 86 490.0 -264 40.0 0 0 1 0 1 0 -1 0 0 3004.DAT
0 STEP
1 86 490.0 -360 40.0 0 0 1 0 1 0 -1 0 0 3004.DAT
0 STEP
1 86 490.0 -408 60.0 0 0 1 0 1 0 -1 0 0 3010.DAT
0 STEP
1 86 500.0 -432 40.0 0 0 1 0 1 0 -1 0 0 3003.DAT
0 STEP
1 86 490.0 -456 40.0 0 0 1 0 1 0 -1 0 0 3004.DAT
0 STEP
1 86 520.0 -96 50.0 -1 0 0 0 1 0 0 0 -1 3010.DAT
0 STEP
1 86 490.0 -120 50.0 0 0 1 0 1 0 -1 0 0 3005.DAT
0 STEP
1 86 500.0 -384 50.0 -1 0 0 0 1 0 0 0 -1 3004.DAT
0 STEP
1 86 540.0 -480 50.0 -1 0 0 0 1 0 0 0 -1 3009.DAT
0 STEP
1 86 490.0 -120 80.0 0 0 1 0 1 0 -1 0 0 3004.DAT
0 STEP
1 86 490.0 -480 70.0 0 0 1 0 1 0 -1 0 0 3005.DAT
0 STEP
1 86 490.0 -72 90.0 0 0 1 0 1 0 -1 0 0 3005.DAT
0 STEP
1 86 500.0 -96 100.0 0 0 1 0 1 0 -1 0 0 3003.DAT
0 STEP
1 86 520.0 -456 100.0 -1 0 0 0 1 0 0 0 -1 3001.DAT
0 STEP
1 86 490.0 -72 120.0 0 0 1 0 1 0 -1 0 0 3004.DAT
0 STEP
1 86 490.0 -120 110.0 0 0 1 0 1 0 -1 0 0 3005.DAT
0 STEP
1 86 500.0 -360 110.0 -1 0 0 0 1 0 0 0 -1 3004.DAT
0 STEP
1 86 490.0 -432 110.0 0 0 1 0 1 0 -1 0 0 3005.DAT
0 STEP
1 86 490.0 -120 140.0 0 0 1 0 1 0 -1 0 0 3004.DAT
0 STEP
1 86 540.0 -336 130.0 -1 0 0 0 1 0 0 0 -1 3009.DAT
0 STEP
1 86 490.0 -360 160.0 0 0 1 0 1 0 -1 0 0 3010.DAT
0 STEP
1 86 500.0 -384 130.0 -1 0 0 0 1 0 0 0 -1 3004.DAT
0 STEP
1 86 500.0 -432 130.0 -1 0 0 0 1 0 0 0 -1 3004.DAT
0 STEP
1 86 490.0 -456 130.0 0 0 1 0 1 0 -1 0 0 3005.DAT
0 STEP
1 86 500.0 -480 130.0 -1 0 0 0 1 0 0 0 -1 3004.DAT
0 STEP
1 86 490.0 -72 150.0 0 0 1 0 1 0 -1 0 0 3005.DAT
0 STEP
1 86 500.0 -96 150.0 -1 0 0 0 1 0 0 0 -1 3004.DAT
0 STEP
1 86 490.0 -72 180.0 0 0 1 0 1 0 -1 0 0 3004.DAT
0 STEP
1 86 490.0 -120 170.0 0 0 1 0 1 0 -1 0 0 3005.DAT
0 STEP
1 86 500.0 -120 190.0 -1 0 0 0 1 0 0 0 -1 3004.DAT
0 STEP
1 86 490.0 -336 200.0 0 0 1 0 1 0 -1 0 0 3004.DAT
0 STEP
1 86 490.0 -72 210.0 0 0 1 0 1 0 -1 0 0 3005.DAT
0 STEP
1 86 490.0 -120 210.0 0 0 1 0 1 0 -1 0 0 3005.DAT
0 STEP
1 86 490.0 -312 220.0 0 0 1 0 1 0 -1 0 0 3004.DAT
0 STEP
1 86 500.0 -72 230.0 -1 0 0 0 1 0 0 0 -1 3004.DAT
0 STEP
1 86 490.0 -96 240.0 0 0 1 0 1 0 -1 0 0 3004.DAT
0 STEP
1 86 500.0 -288 240.0 0 0 1 0 1 0 -1 0 0 3003.DAT
0 STEP
1 86 500.0 -72 260.0 0 0 1 0 1 0 -1 0 0 3003.DAT
0 STEP
1 86 500.0 -120 250.0 -1 0 0 0 1 0 0 0 -1 3004.DAT
0 STEP
1 86 490.0 -240 250.0 0 0 1 0 1 0 -1 0 0 3005.DAT
0 STEP
1 86 500.0 -120 280.0 0 0 1 0 1 0 -1 0 0 3003.DAT
0 STEP
1 86 490.0 -264 320.0 0 0 1 0 1 0 -1 0 0 3010.DAT
0 STEP
1 86 490.0 -72 340.0 0 0 1 0 1 0 -1 0 0 3010.DAT
0 STEP
1 86 490.0 -120 320.0 0 0 1 0 1 0 -1 0 0 3004.DAT
0 STEP
1 86 490.0 -240 320.0 0 0 1 0 1 0 -1 0 0 3004.DAT
0 STEP
1 86 500.0 -120 360.0 0 0 1 0 1 0 -1 0 0 3003.DAT
0 STEP
1 86 500.0 -240 350.0 -1 0 0 0 1 0 0 0 -1 3004.DAT
0 STEP
1 86 490.0 -240 380.0 0 0 1 0 1 0 -1 0 0 3004.DAT
0 STEP
1 86 490.0 -288 370.0 0 0 1 0 1 0 -1 0 0 3005.DAT
0 STEP
1 86 490.0 -72 390.0 0 0 1 0 1 0 -1 0 0 3005.DAT
0 STEP
1 86 500.0 -96 400.0 0 0 1 0 1 0 -1 0 0 3003.DAT
0 STEP
1 86 490.0 -120 390.0 0 0 1 0 1 0 -1 0 0 3005.DAT
0 STEP
1 86 490.0 -288 420.0 0 0 1 0 1 0 -1 0 0 3010.DAT
0 STEP
1 86 490.0 -264 420.0 0 0 1 0 1 0 -1 0 0 3004.DAT
0 STEP
1 86 500.0 -72 440.0 0 0 1 0 1 0 -1 0 0 3003.DAT
0 STEP
1 86 500.0 -240 460.0 0 0 1 0 1 0 -1 0 0 3003.DAT
0 STEP
1 86 500.0 -144 470.0 -1 0 0 0 1 0 0 0 -1 3004.DAT
0 STEP
1 86 490.0 -216 480.0 0 0 1 0 1 0 -1 0 0 3004.DAT
0 STEP
1 86 520.0 -288 470.0 -1 0 0 0 1 0 0 0 -1 3010.DAT
0 STEP
1 86 490.0 -72 490.0 0 0 1 0 1 0 -1 0 0 3005.DAT
0 STEP
1 86 500.0 -96 500.0 0 0 1 0 1 0 -1 0 0 3003.DAT
0 STEP
1 86 500.0 -72 510.0 -1 0 0 0 1 0 0 0 -1 3004.DAT
0 STEP
1 86 490.0 -264 510.0 0 0 1 0 1 0 -1 0 0 3005.DAT
0 STEP
1 86 510.0 -96 20.0 0 0 1 0 1 0 -1 0 0 3004.DAT
0 STEP
1 86 540.0 -120 10.0 -1 0 0 0 1 0 0 0 -1 3010.DAT
0 STEP
1 86 520.0 -144 10.0 -1 0 0 0 1 0 0 0 -1 3004.DAT
0 STEP
1 86 510.0 -192 20.0 0 0 1 0 1 0 -1 0 0 3004.DAT
0 STEP
1 86 520.0 -216 10.0 -1 0 0 0 1 0 0 0 -1 3004.DAT
0 STEP
1 86 510.0 -240 20.0 0 0 1 0 1 0 -1 0 0 3004.DAT
0 STEP
1 86 510.0 -312 10.0 0 0 1 0 1 0 -1 0 0 3005.DAT
0 STEP
1 86 520.0 -336 20.0 0 0 1 0 1 0 -1 0 0 3003.DAT
0 STEP
1 86 510.0 -360 10.0 0 0 1 0 1 0 -1 0 0 3005.DAT
0 STEP
1 86 580.0 -384 10.0 -1 0 0 0 1 0 0 0 -1 3008.DAT
0 STEP
1 86 510.0 -432 10.0 0 0 1 0 1 0 -1 0 0 3005.DAT
0 STEP
1 86 520.0 -72 60.0 0 0 1 0 1 0 -1 0 0 3001.DAT
0 STEP
1 86 520.0 -144 40.0 0 0 1 0 1 0 -1 0 0 3003.DAT
0 STEP
1 86 560.0 -264 40.0 -1 0 0 0 1 0 0 0 -1 2456.DAT
0 STEP
1 86 510.0 -312 40.0 0 0 1 0 1 0 -1 0 0 3004.DAT
0 STEP
1 86 520.0 -360 40.0 0 0 1 0 1 0 -1 0 0 3003.DAT
0 STEP
1 86 510.0 -384 30.0 0 0 1 0 1 0 -1 0 0 3005.DAT
0 STEP
1 86 520.0 -408 30.0 -1 0 0 0 1 0 0 0 -1 3004.DAT
0 STEP
1 86 520.0 -456 40.0 0 0 1 0 1 0 -1 0 0 3003.DAT
0 STEP
1 86 520.0 -120 60.0 0 0 1 0 1 0 -1 0 0 3003.DAT
0 STEP
1 86 510.0 -192 50.0 0 0 1 0 1 0 -1 0 0 3005.DAT
0 STEP
1 86 540.0 -336 50.0 -1 0 0 0 1 0 0 0 -1 3010.DAT
0 STEP
1 86 510.0 -408 80.0 0 0 1 0 1 0 -1 0 0 3010.DAT
0 STEP
1 86 520.0 -432 70.0 -1 0 0 0 1 0 0 0 -1 3004.DAT
0 STEP
1 86 510.0 -480 80.0 0 0 1 0 1 0 -1 0 0 3004.DAT
0 STEP
1 86 520.0 -120 90.0 -1 0 0 0 1 0 0 0 -1 3004.DAT
0 STEP
1 86 520.0 -432 100.0 0 0 1 0 1 0 -1 0 0 3003.DAT
0 STEP
1 86 540.0 -72 120.0 -1 0 0 0 1 0 0 0 -1 3001.DAT
0 STEP
1 86 510.0 -120 140.0 0 0 1 0 1 0 -1 0 0 3010.DAT
0 STEP
1 86 510.0 -384 110.0 0 0 1 0 1 0 -1 0 0 3005.DAT
0 STEP
1 86 510.0 -480 110.0 0 0 1 0 1 0 -1 0 0 3005.DAT
0 STEP
1 86 510.0 -96 130.0 0 0 1 0 1 0 -1 0 0 3005.DAT
0 STEP
1 86 510.0 -360 140.0 0 0 1 0 1 0 -1 0 0 3004.DAT
0 STEP
1 86 560.0 -408 130.0 -1 0 0 0 1 0 0 0 -1 3009.DAT
0 STEP
1 86 540.0 -456 130.0 -1 0 0 0 1 0 0 0 -1 3010.DAT
0 STEP
1 86 540.0 -72 150.0 -1 0 0 0 1 0 0 0 -1 3010.DAT
0 STEP
1 86 520.0 -312 150.0 -1 0 0 0 1 0 0 0 -1 3004.DAT
0 STEP
1 86 510.0 -72 170.0 0 0 1 0 1 0 -1 0 0 3005.DAT
0 STEP
1 86 510.0 -96 180.0 0 0 1 0 1 0 -1 0 0 3004.DAT
0 STEP
1 86 510.0 -312 170.0 0 0 1 0 1 0 -1 0 0 3005.DAT
0 STEP
1 86 510.0 -336 200.0 0 0 1 0 1 0 -1 0 0 3010.DAT
0 STEP
1 86 510.0 -360 170.0 0 0 1 0 1 0 -1 0 0 3005.DAT
0 STEP
1 86 510.0 -72 200.0 0 0 1 0 1 0 -1 0 0 3004.DAT
0 STEP
1 86 520.0 -360 190.0 -1 0 0 0 1 0 0 0 -1 3004.DAT
0 STEP
1 86 510.0 -120 220.0 0 0 1 0 1 0 -1 0 0 3004.DAT
0 STEP
1 86 520.0 -312 220.0 0 0 1 0 1 0 -1 0 0 3003.DAT
0 STEP
1 86 510.0 -96 230.0 0 0 1 0 1 0 -1 0 0 3005.DAT
0 STEP
1 86 520.0 -264 240.0 0 0 1 0 1 0 -1 0 0 3003.DAT
0 STEP
1 86 540.0 -96 250.0 -1 0 0 0 1 0 0 0 -1 3010.DAT
0 STEP
1 86 560.0 -240 260.0 -1 0 0 0 1 0 0 0 -1 2456.DAT
0 STEP
1 86 510.0 -96 270.0 0 0 1 0 1 0 -1 0 0 3005.DAT
0 STEP
1 86 510.0 -264 280.0 0 0 1 0 1 0 -1 0 0 3004.DAT
0 STEP
1 86 510.0 -96 300.0 0 0 1 0 1 0 -1 0 0 3004.DAT
0 STEP
1 86 520.0 -240 290.0 -1 0 0 0 1 0 0 0 -1 3004.DAT
0 STEP
1 86 510.0 -288 290.0 0 0 1 0 1 0 -1 0 0 3005.DAT
0 STEP
1 86 520.0 -72 340.0 0 0 1 0 1 0 -1 0 0 3001.DAT
0 STEP
1 86 520.0 -120 310.0 -1 0 0 0 1 0 0 0 -1 3004.DAT
0 STEP
1 86 520.0 -240 320.0 0 0 1 0 1 0 -1 0 0 3003.DAT
0 STEP
1 86 540.0 -264 310.0 -1 0 0 0 1 0 0 0 -1 3010.DAT
0 STEP
1 86 510.0 -288 320.0 0 0 1 0 1 0 -1 0 0 3004.DAT
0 STEP
1 86 510.0 -120 330.0 0 0 1 0 1 0 -1 0 0 3005.DAT
0 STEP
1 86 520.0 -264 340.0 0 0 1 0 1 0 -1 0 0 3003.DAT
0 STEP
1 86 520.0 -288 360.0 0 0 1 0 1 0 -1 0 0 3003.DAT
0 STEP
1 86 510.0 -96 370.0 0 0 1 0 1 0 -1 0 0 3005.DAT
0 STEP
1 86 540.0 -240 370.0 -1 0 0 0 1 0 0 0 -1 3010.DAT
0 STEP
1 86 510.0 -72 400.0 0 0 1 0 1 0 -1 0 0 3004.DAT
0 STEP
1 86 520.0 -120 390.0 -1 0 0 0 1 0 0 0 -1 3004.DAT
0 STEP
1 86 520.0 -240 390.0 -1 0 0 0 1 0 0 0 -1 3004.DAT
0 STEP
1 86 520.0 -288 390.0 -1 0 0 0 1 0 0 0 -1 3004.DAT
0 STEP
1 86 510.0 -264 410.0 0 0 1 0 1 0 -1 0 0 3005.DAT
0 STEP
1 86 580.0 -288 410.0 -1 0 0 0 1 0 0 0 -1 3008.DAT
0 STEP
1 86 510.0 -96 430.0 0 0 1 0 1 0 -1 0 0 3005.DAT
0 STEP
1 86 560.0 -120 430.0 -1 0 0 0 1 0 0 0 -1 3009.DAT
0 STEP
1 86 510.0 -264 440.0 0 0 1 0 1 0 -1 0 0 3004.DAT
0 STEP
1 86 520.0 -288 440.0 0 0 1 0 1 0 -1 0 0 3003.DAT
0 STEP
1 86 510.0 -96 460.0 0 0 1 0 1 0 -1 0 0 3004.DAT
0 STEP
1 86 520.0 -120 480.0 0 0 1 0 1 0 -1 0 0 3001.DAT
0 STEP
1 86 520.0 -72 480.0 0 0 1 0 1 0 -1 0 0 3003.DAT
0 STEP
1 86 540.0 -168 470.0 -1 0 0 0 1 0 0 0 -1 3010.DAT
0 STEP
1 86 520.0 -216 480.0 0 0 1 0 1 0 -1 0 0 3003.DAT
0 STEP
1 86 520.0 -264 470.0 -1 0 0 0 1 0 0 0 -1 3004.DAT
0 STEP
1 86 510.0 -144 500.0 0 0 1 0 1 0 -1 0 0 3004.DAT
0 STEP
1 86 510.0 -168 490.0 0 0 1 0 1 0 -1 0 0 3005.DAT
0 STEP
1 86 510.0 -240 500.0 0 0 1 0 1 0 -1 0 0 3004.DAT
0 STEP
1 86 520.0 -264 500.0 0 0 1 0 1 0 -1 0 0 3003.DAT
0 STEP
1 86 540.0 -96 20.0 0 0 1 0 1 0 -1 0 0 3003.DAT
0 STEP
1 86 560.0 -192 20.0 -1 0 0 0 1 0 0 0 -1 3001.DAT
0 STEP
1 86 580.0 -240 20.0 -1 0 0 0 1 0 0 0 -1 2456.DAT
0 STEP
1 86 530.0 -288 20.0 0 0 1 0 1 0 -1 0 0 3004.DAT
0 STEP
1 86 540.0 -312 20.0 0 0 1 0 1 0 -1 0 0 3003.DAT
0 STEP
1 86 540.0 -360 10.0 -1 0 0 0 1 0 0 0 -1 3004.DAT
0 STEP
1 86 600.0 -432 10.0 -1 0 0 0 1 0 0 0 -1 3008.DAT
0 STEP
1 86 530.0 -456 10.0 0 0 1 0 1 0 -1 0 0 3005.DAT
0 STEP
1 86 530.0 -120 30.0 0 0 1 0 1 0 -1 0 0 3005.DAT
0 STEP
1 86 530.0 -168 40.0 0 0 1 0 1 0 -1 0 0 3004.DAT
0 STEP
1 86 530.0 -216 40.0 0 0 1 0 1 0 -1 0 0 3004.DAT
0 STEP
1 86 530.0 -384 40.0 0 0 1 0 1 0 -1 0 0 3004.DAT
0 STEP
1 86 530.0 -432 40.0 0 0 1 0 1 0 -1 0 0 3004.DAT
0 STEP
1 86 560.0 -192 50.0 -1 0 0 0 1 0 0 0 -1 3010.DAT
0 STEP
1 86 540.0 -312 50.0 -1 0 0 0 1 0 0 0 -1 3004.DAT
0 STEP
1 86 560.0 -408 60.0 -1 0 0 0 1 0 0 0 -1 3001.DAT
0 STEP
1 86 540.0 -96 80.0 0 0 1 0 1 0 -1 0 0 3003.DAT
0 STEP
1 86 530.0 -480 100.0 0 0 1 0 1 0 -1 0 0 3010.DAT
0 STEP
1 86 580.0 -408 100.0 -1 0 0 0 1 0 0 0 -1 2456.DAT
0 STEP
1 86 540.0 -96 110.0 -1 0 0 0 1 0 0 0 -1 3004.DAT
0 STEP
1 86 530.0 -120 110.0 0 0 1 0 1 0 -1 0 0 3005.DAT
0 STEP
1 86 600.0 -360 110.0 -1 0 0 0 1 0 0 0 -1 3008.DAT
0 STEP
1 86 560.0 -384 120.0 -1 0 0 0 1 0 0 0 -1 3001.DAT
0 STEP
1 86 530.0 -96 140.0 0 0 1 0 1 0 -1 0 0 3004.DAT
0 STEP
1 86 540.0 -120 160.0 0 0 1 0 1 0 -1 0 0 3001.DAT
0 STEP
1 86 530.0 -360 130.0 0 0 1 0 1 0 -1 0 0 3005.DAT
0 STEP
1 86 530.0 -432 130.0 0 0 1 0 1 0 -1 0 0 3005.DAT
0 STEP
1 86 530.0 -336 180.0 0 0 1 0 1 0 -1 0 0 3010.DAT
0 STEP
1 86 560.0 -360 160.0 -1 0 0 0 1 0 0 0 -1 3001.DAT
0 STEP
1 86 540.0 -72 170.0 -1 0 0 0 1 0 0 0 -1 3004.DAT
0 STEP
1 86 530.0 -96 170.0 0 0 1 0 1 0 -1 0 0 3005.DAT
0 STEP
1 86 540.0 -312 180.0 0 0 1 0 1 0 -1 0 0 3003.DAT
0 STEP
1 86 530.0 -72 220.0 0 0 1 0 1 0 -1 0 0 3010.DAT
0 STEP
1 86 540.0 -96 190.0 -1 0 0 0 1 0 0 0 -1 3004.DAT
0 STEP
1 86 530.0 -120 240.0 0 0 1 0 1 0 -1 0 0 3010.DAT
0 STEP
1 86 560.0 -96 230.0 -1 0 0 0 1 0 0 0 -1 3010.DAT
0 STEP
1 86 530.0 -288 240.0 0 0 1 0 1 0 -1 0 0 3004.DAT
0 STEP
1 86 530.0 -72 270.0 0 0 1 0 1 0 -1 0 0 3005.DAT
0 STEP
1 86 530.0 -96 300.0 0 0 1 0 1 0 -1 0 0 3010.DAT
0 STEP
1 86 540.0 -264 280.0 0 0 1 0 1 0 -1 0 0 3003.DAT
0 STEP
1 86 530.0 -120 290.0 0 0 1 0 1 0 -1 0 0 3005.DAT
0 STEP
1 86 530.0 -288 300.0 0 0 1 0 1 0 -1 0 0 3004.DAT
0 STEP
1 86 540.0 -120 340.0 0 0 1 0 1 0 -1 0 0 3003.DAT
0 STEP
1 86 530.0 -288 330.0 0 0 1 0 1 0 -1 0 0 3005.DAT
0 STEP
1 86 560.0 -96 350.0 -1 0 0 0 1 0 0 0 -1 3010.DAT
0 STEP
1 86 530.0 -240 350.0 0 0 1 0 1 0 -1 0 0 3005.DAT
0 STEP
1 86 540.0 -96 400.0 0 0 1 0 1 0 -1 0 0 3001.DAT
0 STEP
1 86 530.0 -120 370.0 0 0 1 0 1 0 -1 0 0 3005.DAT
0 STEP
1 86 560.0 -72 400.0 -1 0 0 0 1 0 0 0 -1 3001.DAT
0 STEP
1 86 530.0 -264 400.0 0 0 1 0 1 0 -1 0 0 3004.DAT
0 STEP
1 86 530.0 -72 440.0 0 0 1 0 1 0 -1 0 0 3004.DAT
0 STEP
1 86 540.0 -264 430.0 -1 0 0 0 1 0 0 0 -1 3004.DAT
0 STEP
1 86 580.0 -96 450.0 -1 0 0 0 1 0 0 0 -1 3009.DAT
0 STEP
1 86 540.0 -240 450.0 -1 0 0 0 1 0 0 0 -1 3004.DAT
0 STEP
1 86 530.0 -264 450.0 0 0 1 0 1 0 -1 0 0 3005.DAT
0 STEP
1 86 540.0 -96 470.0 -1 0 0 0 1 0 0 0 -1 3004.DAT
0 STEP
1 86 540.0 -144 480.0 0 0 1 0 1 0 -1 0 0 3003.DAT
0 STEP
1 86 540.0 -240 480.0 0 0 1 0 1 0 -1 0 0 3003.DAT
0 STEP
1 86 530.0 -96 500.0 0 0 1 0 1 0 -1 0 0 3004.DAT
0 STEP
1 86 540.0 -168 500.0 0 0 1 0 1 0 -1 0 0 3003.DAT
0 STEP
1 86 530.0 -72 510.0 0 0 1 0 1 0 -1 0 0 3005.DAT
0 STEP
1 86 540.0 -144 510.0 -1 0 0 0 1 0 0 0 -1 3004.DAT
0 STEP
1 86 530.0 -216 510.0 0 0 1 0 1 0 -1 0 0 3005.DAT
0 STEP
1 86 530.0 -240 510.0 0 0 1 0 1 0 -1 0 0 3005.DAT
0 STEP
1 86 550.0 -144 20.0 0 0 1 0 1 0 -1 0 0 3004.DAT
0 STEP
1 86 550.0 -216 10.0 0 0 1 0 1 0 -1 0 0 3005.DAT
0 STEP
1 86 550.0 -264 10.0 0 0 1 0 1 0 -1 0 0 3005.DAT
0 STEP
1 86 560.0 -288 20.0 0 0 1 0 1 0 -1 0 0 3003.DAT
0 STEP
1 86 560.0 -336 10.0 -1 0 0 0 1 0 0 0 -1 3004.DAT
0 STEP
1 86 550.0 -456 20.0 0 0 1 0 1 0 -1 0 0 3004.DAT
0 STEP
1 86 560.0 -72 60.0 0 0 1 0 1 0 -1 0 0 3001.DAT
0 STEP
1 86 560.0 -120 30.0 -1 0 0 0 1 0 0 0 -1 3004.DAT
0 STEP
1 86 560.0 -168 40.0 0 0 1 0 1 0 -1 0 0 3003.DAT
0 STEP
1 86 580.0 -216 40.0 -1 0 0 0 1 0 0 0 -1 3001.DAT
0 STEP
1 86 550.0 -336 30.0 0 0 1 0 1 0 -1 0 0 3005.DAT
0 STEP
1 86 550.0 -360 40.0 0 0 1 0 1 0 -1 0 0 3004.DAT
0 STEP
1 86 600.0 -384 40.0 -1 0 0 0 1 0 0 0 -1 2456.DAT
0 STEP
1 86 550.0 -408 30.0 0 0 1 0 1 0 -1 0 0 3005.DAT
0 STEP
1 86 550.0 -432 80.0 0 0 1 0 1 0 -1 0 0 3009.DAT
0 STEP
1 86 550.0 -120 80.0 0 0 1 0 1 0 -1 0 0 3010.DAT
0 STEP
1 86 580.0 -144 50.0 -1 0 0 0 1 0 0 0 -1 3010.DAT
0 STEP
1 86 550.0 -456 50.0 0 0 1 0 1 0 -1 0 0 3005.DAT
0 STEP
1 86 560.0 -480 100.0 0 0 1 0 1 0 -1 0 0 3001.DAT
0 STEP
1 86 560.0 -96 130.0 -1 0 0 0 1 0 0 0 -1 3004.DAT
0 STEP
1 86 600.0 -360 130.0 -1 0 0 0 1 0 0 0 -1 3009.DAT
0 STEP
1 86 560.0 -96 160.0 0 0 1 0 1 0 -1 0 0 3003.DAT
0 STEP
1 86 550.0 -312 150.0 0 0 1 0 1 0 -1 0 0 3005.DAT
0 STEP
1 86 560.0 -336 160.0 0 0 1 0 1 0 -1 0 0 3003.DAT
0 STEP
1 86 550.0 -72 190.0 0 0 1 0 1 0 -1 0 0 3005.DAT
0 STEP
1 86 550.0 -288 260.0 0 0 1 0 1 0 -1 0 0 3008.DAT
0 STEP
1 86 600.0 -336 190.0 -1 0 0 0 1 0 0 0 -1 3009.DAT
0 STEP
1 86 560.0 -72 220.0 0 0 1 0 1 0 -1 0 0 3003.DAT
0 STEP
1 86 550.0 -120 210.0 0 0 1 0 1 0 -1 0 0 3005.DAT
0 STEP
1 86 550.0 -264 220.0 0 0 1 0 1 0 -1 0 0 3004.DAT
0 STEP
1 86 560.0 -312 210.0 -1 0 0 0 1 0 0 0 -1 3004.DAT
0 STEP
1 86 550.0 -120 260.0 0 0 1 0 1 0 -1 0 0 3010.DAT
0 STEP
1 86 620.0 -312 230.0 -1 0 0 0 1 0 0 0 -1 3008.DAT
0 STEP
1 86 550.0 -72 250.0 0 0 1 0 1 0 -1 0 0 3005.DAT
0 STEP
1 86 550.0 -264 250.0 0 0 1 0 1 0 -1 0 0 3005.DAT
0 STEP
1 86 560.0 -72 280.0 0 0 1 0 1 0 -1 0 0 3003.DAT
0 STEP
1 86 560.0 -96 270.0 -1 0 0 0 1 0 0 0 -1 3004.DAT
0 STEP
1 86 560.0 -96 300.0 0 0 1 0 1 0 -1 0 0 3003.DAT
0 STEP
1 86 550.0 -240 320.0 0 0 1 0 1 0 -1 0 0 3010.DAT
0 STEP
1 86 580.0 -72 310.0 -1 0 0 0 1 0 0 0 -1 3010.DAT
0 STEP
1 86 550.0 -120 310.0 0 0 1 0 1 0 -1 0 0 3005.DAT
0 STEP
1 86 550.0 -72 340.0 0 0 1 0 1 0 -1 0 0 3004.DAT
0 STEP
1 86 580.0 -96 330.0 -1 0 0 0 1 0 0 0 -1 3010.DAT
0 STEP
1 86 550.0 -264 360.0 0 0 1 0 1 0 -1 0 0 3010.DAT
0 STEP
1 86 560.0 -288 350.0 -1 0 0 0 1 0 0 0 -1 3004.DAT
0 STEP
1 86 550.0 -72 370.0 0 0 1 0 1 0 -1 0 0 3005.DAT
0 STEP
1 86 560.0 -120 370.0 -1 0 0 0 1 0 0 0 -1 3004.DAT
0 STEP
1 86 600.0 -288 370.0 -1 0 0 0 1 0 0 0 -1 3009.DAT
0 STEP
1 86 550.0 -120 390.0 0 0 1 0 1 0 -1 0 0 3005.DAT
0 STEP
1 86 550.0 -240 400.0 0 0 1 0 1 0 -1 0 0 3004.DAT
0 STEP
1 86 550.0 -288 390.0 0 0 1 0 1 0 -1 0 0 3005.DAT
0 STEP
1 86 550.0 -264 410.0 0 0 1 0 1 0 -1 0 0 3005.DAT
0 STEP
1 86 560.0 -72 430.0 -1 0 0 0 1 0 0 0 -1 3004.DAT
0 STEP
1 86 560.0 -240 430.0 -1 0 0 0 1 0 0 0 -1 3004.DAT
0 STEP
1 86 550.0 -288 440.0 0 0 1 0 1 0 -1 0 0 3004.DAT
0 STEP
1 86 560.0 -72 460.0 0 0 1 0 1 0 -1 0 0 3003.DAT
0 STEP
1 86 560.0 -120 450.0 -1 0 0 0 1 0 0 0 -1 3004.DAT
0 STEP
1 86 550.0 -264 480.0 0 0 1 0 1 0 -1 0 0 3010.DAT
0 STEP
1 86 560.0 -120 480.0 0 0 1 0 1 0 -1 0 0 3003.DAT
0 STEP
1 86 560.0 -216 470.0 -1 0 0 0 1 0 0 0 -1 3004.DAT
0 STEP
1 86 550.0 -72 500.0 0 0 1 0 1 0 -1 0 0 3004.DAT
0 STEP
1 86 550.0 -96 490.0 0 0 1 0 1 0 -1 0 0 3005.DAT
0 STEP
1 86 550.0 -216 500.0 0 0 1 0 1 0 -1 0 0 3004.DAT
0 STEP
1 86 560.0 -288 490.0 -1 0 0 0 1 0 0 0 -1 3004.DAT
0 STEP
1 86 560.0 -96 510.0 -1 0 0 0 1 0 0 0 -1 3004.DAT
0 STEP
1 86 560.0 -120 510.0 -1 0 0 0 1 0 0 0 -1 3004.DAT
0 STEP
1 86 560.0 -240 510.0 -1 0 0 0 1 0 0 0 -1 3004.DAT
0 STEP
1 86 580.0 -288 510.0 -1 0 0 0 1 0 0 0 -1 3010.DAT
0 STEP
1 86 570.0 -96 10.0 0 0 1 0 1 0 -1 0 0 3005.DAT
0 STEP
1 86 580.0 -144 20.0 0 0 1 0 1 0 -1 0 0 3003.DAT
0 STEP
1 86 570.0 -168 10.0 0 0 1 0 1 0 -1 0 0 3005.DAT
0 STEP
1 86 600.0 -216 10.0 -1 0 0 0 1 0 0 0 -1 3010.DAT
0 STEP
1 86 580.0 -264 10.0 -1 0 0 0 1 0 0 0 -1 3004.DAT
0 STEP
1 86 600.0 -312 10.0 -1 0 0 0 1 0 0 0 -1 3010.DAT
0 STEP
1 86 600.0 -360 20.0 -1 0 0 0 1 0 0 0 -1 3001.DAT
0 STEP
1 86 570.0 -456 60.0 0 0 1 0 1 0 -1 0 0 3009.DAT
0 STEP
1 86 580.0 -96 40.0 0 0 1 0 1 0 -1 0 0 3003.DAT
0 STEP
1 86 570.0 -312 40.0 0 0 1 0 1 0 -1 0 0 3004.DAT
0 STEP
1 86 580.0 -336 30.0 -1 0 0 0 1 0 0 0 -1 3004.DAT
0 STEP
1 86 640.0 -408 30.0 -1 0 0 0 1 0 0 0 -1 3008.DAT
0 STEP
1 86 600.0 -432 40.0 -1 0 0 0 1 0 0 0 -1 3001.DAT
0 STEP
1 86 580.0 -120 100.0 0 0 1 0 1 0 -1 0 0 2456.DAT
0 STEP
1 86 570.0 -360 50.0 0 0 1 0 1 0 -1 0 0 3005.DAT
0 STEP
1 86 570.0 -96 70.0 0 0 1 0 1 0 -1 0 0 3005.DAT
0 STEP
1 86 580.0 -432 100.0 0 0 1 0 1 0 -1 0 0 3001.DAT
0 STEP
1 86 570.0 -96 100.0 0 0 1 0 1 0 -1 0 0 3004.DAT
0 STEP
1 86 570.0 -384 90.0 0 0 1 0 1 0 -1 0 0 3005.DAT
0 STEP
1 86 570.0 -312 160.0 0 0 1 0 1 0 -1 0 0 3004.DAT
0 STEP
1 86 600.0 -72 180.0 -1 0 0 0 1 0 0 0 -1 3001.DAT
0 STEP
1 86 570.0 -120 220.0 0 0 1 0 1 0 -1 0 0 3009.DAT
0 STEP
1 86 580.0 -96 200.0 0 0 1 0 1 0 -1 0 0 3003.DAT
0 STEP
1 86 570.0 -312 190.0 0 0 1 0 1 0 -1 0 0 3005.DAT
0 STEP
1 86 570.0 -360 200.0 0 0 1 0 1 0 -1 0 0 3004.DAT
0 STEP
1 86 570.0 -288 210.0 0 0 1 0 1 0 -1 0 0 3005.DAT
0 STEP
1 86 580.0 -336 220.0 0 0 1 0 1 0 -1 0 0 3003.DAT
0 STEP
1 86 570.0 -264 260.0 0 0 1 0 1 0 -1 0 0 3010.DAT
0 STEP
1 86 580.0 -288 240.0 0 0 1 0 1 0 -1 0 0 3003.DAT
0 STEP
1 86 580.0 -72 250.0 -1 0 0 0 1 0 0 0 -1 3004.DAT
0 STEP
1 86 580.0 -288 270.0 -1 0 0 0 1 0 0 0 -1 3004.DAT
0 STEP
1 86 600.0 -120 290.0 -1 0 0 0 1 0 0 0 -1 3010.DAT
0 STEP
1 86 580.0 -240 300.0 0 0 1 0 1 0 -1 0 0 3003.DAT
0 STEP
1 86 580.0 -288 300.0 0 0 1 0 1 0 -1 0 0 3003.DAT
0 STEP
1 86 570.0 -120 320.0 0 0 1 0 1 0 -1 0 0 3004.DAT
0 STEP
1 86 580.0 -72 330.0 -1 0 0 0 1 0 0 0 -1 3004.DAT
0 STEP
1 86 570.0 -240 340.0 0 0 1 0 1 0 -1 0 0 3004.DAT
0 STEP
1 86 580.0 -264 330.0 -1 0 0 0 1 0 0 0 -1 3004.DAT
0 STEP
1 86 570.0 -288 330.0 0 0 1 0 1 0 -1 0 0 3005.DAT
0 STEP
1 86 570.0 -72 360.0 0 0 1 0 1 0 -1 0 0 3004.DAT
0 STEP
1 86 570.0 -120 350.0 0 0 1 0 1 0 -1 0 0 3005.DAT
0 STEP
1 86 570.0 -264 400.0 0 0 1 0 1 0 -1 0 0 3009.DAT
0 STEP
1 86 570.0 -96 400.0 0 0 1 0 1 0 -1 0 0 3010.DAT
0 STEP
1 86 580.0 -120 390.0 -1 0 0 0 1 0 0 0 -1 3004.DAT
0 STEP
1 86 570.0 -240 390.0 0 0 1 0 1 0 -1 0 0 3005.DAT
0 STEP
1 86 580.0 -288 390.0 -1 0 0 0 1 0 0 0 -1 3004.DAT
0 STEP
1 86 580.0 -240 410.0 -1 0 0 0 1 0 0 0 -1 3004.DAT
0 STEP
1 86 570.0 -288 430.0 0 0 1 0 1 0 -1 0 0 3005.DAT
0 STEP
1 86 570.0 -240 450.0 0 0 1 0 1 0 -1 0 0 3005.DAT
0 STEP
1 86 570.0 -288 460.0 0 0 1 0 1 0 -1 0 0 3004.DAT
0 STEP
1 86 570.0 -96 470.0 0 0 1 0 1 0 -1 0 0 3005.DAT
0 STEP
1 86 570.0 -144 470.0 0 0 1 0 1 0 -1 0 0 3005.DAT
0 STEP
1 86 570.0 -192 470.0 0 0 1 0 1 0 -1 0 0 3005.DAT
0 STEP
1 86 580.0 -240 470.0 -1 0 0 0 1 0 0 0 -1 3004.DAT
0 STEP
1 86 570.0 -264 470.0 0 0 1 0 1 0 -1 0 0 3005.DAT
0 STEP
1 86 570.0 -72 490.0 0 0 1 0 1 0 -1 0 0 3005.DAT
0 STEP
1 86 580.0 -96 490.0 -1 0 0 0 1 0 0 0 -1 3004.DAT
0 STEP
1 86 570.0 -144 500.0 0 0 1 0 1 0 -1 0 0 3004.DAT
0 STEP
1 86 570.0 -168 500.0 0 0 1 0 1 0 -1 0 0 3004.DAT
0 STEP
1 86 570.0 -216 490.0 0 0 1 0 1 0 -1 0 0 3005.DAT
0 STEP
1 86 570.0 -240 490.0 0 0 1 0 1 0 -1 0 0 3005.DAT
0 STEP
1 86 580.0 -264 500.0 0 0 1 0 1 0 -1 0 0 3003.DAT
0 STEP
1 86 600.0 -72 510.0 -1 0 0 0 1 0 0 0 -1 3010.DAT
0 STEP
1 86 640.0 -216 510.0 -1 0 0 0 1 0 0 0 -1 3008.DAT
0 STEP
1 86 590.0 -72 20.0 0 0 1 0 1 0 -1 0 0 3004.DAT
0 STEP
1 86 620.0 -96 10.0 -1 0 0 0 1 0 0 0 -1 3010.DAT
0 STEP
1 86 640.0 -120 20.0 -1 0 0 0 1 0 0 0 -1 2456.DAT
0 STEP
1 86 640.0 -168 20.0 -1 0 0 0 1 0 0 0 -1 2456.DAT
0 STEP
1 86 590.0 -288 20.0 0 0 1 0 1 0 -1 0 0 3004.DAT
0 STEP
1 86 590.0 -336 10.0 0 0 1 0 1 0 -1 0 0 3005.DAT
0 STEP
1 86 590.0 -456 20.0 0 0 1 0 1 0 -1 0 0 3004.DAT
0 STEP
1 86 600.0 -312 40.0 0 0 1 0 1 0 -1 0 0 3003.DAT
0 STEP
1 86 600.0 -72 60.0 0 0 1 0 1 0 -1 0 0 3003.DAT
0 STEP
1 86 590.0 -168 50.0 0 0 1 0 1 0 -1 0 0 3005.DAT
0 STEP
1 86 590.0 -240 50.0 0 0 1 0 1 0 -1 0 0 3005.DAT
0 STEP
1 86 590.0 -288 50.0 0 0 1 0 1 0 -1 0 0 3005.DAT
0 STEP
1 86 590.0 -336 50.0 0 0 1 0 1 0 -1 0 0 3005.DAT
0 STEP
1 86 600.0 -360 50.0 -1 0 0 0 1 0 0 0 -1 3004.DAT
0 STEP
1 86 600.0 -456 50.0 -1 0 0 0 1 0 0 0 -1 3004.DAT
0 STEP
1 86 590.0 -96 120.0 0 0 1 0 1 0 -1 0 0 3009.DAT
0 STEP
1 86 600.0 -456 100.0 0 0 1 0 1 0 -1 0 0 3001.DAT
0 STEP
1 86 590.0 -480 70.0 0 0 1 0 1 0 -1 0 0 3005.DAT
0 STEP
1 86 590.0 -72 90.0 0 0 1 0 1 0 -1 0 0 3005.DAT
0 STEP
1 86 640.0 -384 90.0 -1 0 0 0 1 0 0 0 -1 3009.DAT
0 STEP
1 86 590.0 -480 100.0 0 0 1 0 1 0 -1 0 0 3004.DAT
0 STEP
1 86 600.0 -72 110.0 -1 0 0 0 1 0 0 0 -1 3004.DAT
0 STEP
1 86 600.0 -72 140.0 0 0 1 0 1 0 -1 0 0 3003.DAT
0 STEP
1 86 590.0 -480 130.0 0 0 1 0 1 0 -1 0 0 3005.DAT
0 STEP
1 86 590.0 -312 150.0 0 0 1 0 1 0 -1 0 0 3005.DAT
0 STEP
1 86 590.0 -336 160.0 0 0 1 0 1 0 -1 0 0 3004.DAT
0 STEP
1 86 600.0 -120 170.0 -1 0 0 0 1 0 0 0 -1 3004.DAT
0 STEP
1 86 590.0 -312 180.0 0 0 1 0 1 0 -1 0 0 3004.DAT
0 STEP
1 86 590.0 -120 190.0 0 0 1 0 1 0 -1 0 0 3005.DAT
0 STEP
1 86 600.0 -360 200.0 0 0 1 0 1 0 -1 0 0 3003.DAT
0 STEP
1 86 590.0 -72 220.0 0 0 1 0 1 0 -1 0 0 3004.DAT
0 STEP
1 86 600.0 -120 210.0 -1 0 0 0 1 0 0 0 -1 3004.DAT
0 STEP
1 86 600.0 -288 210.0 -1 0 0 0 1 0 0 0 -1 3004.DAT
0 STEP
1 86 590.0 -312 210.0 0 0 1 0 1 0 -1 0 0 3005.DAT
0 STEP
1 86 600.0 -120 240.0 0 0 1 0 1 0 -1 0 0 3003.DAT
0 STEP
1 86 640.0 -264 230.0 -1 0 0 0 1 0 0 0 -1 3009.DAT
0 STEP
1 86 590.0 -96 260.0 0 0 1 0 1 0 -1 0 0 3004.DAT
0 STEP
1 86 600.0 -264 280.0 0 0 1 0 1 0 -1 0 0 3001.DAT
0 STEP
1 86 600.0 -72 270.0 -1 0 0 0 1 0 0 0 -1 3004.DAT
0 STEP
1 86 600.0 -120 270.0 -1 0 0 0 1 0 0 0 -1 3004.DAT
0 STEP
1 86 590.0 -72 290.0 0 0 1 0 1 0 -1 0 0 3005.DAT
0 STEP
1 86 660.0 -96 290.0 -1 0 0 0 1 0 0 0 -1 3008.DAT
0 STEP
1 86 600.0 -96 310.0 -1 0 0 0 1 0 0 0 -1 3004.DAT
0 STEP
1 86 620.0 -120 320.0 -1 0 0 0 1 0 0 0 -1 3001.DAT
0 STEP
1 86 590.0 -240 330.0 0 0 1 0 1 0 -1 0 0 3005.DAT
0 STEP
1 86 590.0 -288 340.0 0 0 1 0 1 0 -1 0 0 3004.DAT
0 STEP
1 86 600.0 -72 350.0 -1 0 0 0 1 0 0 0 -1 3004.DAT
0 STEP
1 86 590.0 -120 360.0 0 0 1 0 1 0 -1 0 0 3004.DAT
0 STEP
1 86 600.0 -240 350.0 -1 0 0 0 1 0 0 0 -1 3004.DAT
0 STEP
1 86 590.0 -264 360.0 0 0 1 0 1 0 -1 0 0 3004.DAT
0 STEP
1 86 590.0 -72 370.0 0 0 1 0 1 0 -1 0 0 3005.DAT
0 STEP
1 86 600.0 -96 370.0 -1 0 0 0 1 0 0 0 -1 3004.DAT
0 STEP
1 86 620.0 -240 380.0 -1 0 0 0 1 0 0 0 -1 3001.DAT
0 STEP
1 86 600.0 -96 400.0 0 0 1 0 1 0 -1 0 0 3003.DAT
0 STEP
1 86 590.0 -264 390.0 0 0 1 0 1 0 -1 0 0 3005.DAT
0 STEP
1 86 590.0 -264 420.0 0 0 1 0 1 0 -1 0 0 3004.DAT
0 STEP
1 86 590.0 -72 460.0 0 0 1 0 1 0 -1 0 0 3010.DAT
0 STEP
1 86 590.0 -96 430.0 0 0 1 0 1 0 -1 0 0 3005.DAT
0 STEP
1 86 600.0 -240 440.0 0 0 1 0 1 0 -1 0 0 3003.DAT
0 STEP
1 86 590.0 -288 440.0 0 0 1 0 1 0 -1 0 0 3004.DAT
0 STEP
1 86 620.0 -120 460.0 -1 0 0 0 1 0 0 0 -1 3001.DAT
0 STEP
1 86 600.0 -264 460.0 0 0 1 0 1 0 -1 0 0 3003.DAT
0 STEP
1 86 600.0 -96 470.0 -1 0 0 0 1 0 0 0 -1 3004.DAT
0 STEP
1 86 600.0 -144 480.0 0 0 1 0 1 0 -1 0 0 3003.DAT
0 STEP
1 86 590.0 -168 470.0 0 0 1 0 1 0 -1 0 0 3005.DAT
0 STEP
1 86 620.0 -192 470.0 -1 0 0 0 1 0 0 0 -1 3010.DAT
0 STEP
1 86 600.0 -216 480.0 0 0 1 0 1 0 -1 0 0 3003.DAT
0 STEP
1 86 600.0 -288 480.0 0 0 1 0 1 0 -1 0 0 3003.DAT
0 STEP
1 86 590.0 -120 500.0 0 0 1 0 1 0 -1 0 0 3004.DAT
0 STEP
1 86 600.0 -168 500.0 0 0 1 0 1 0 -1 0 0 3003.DAT
0 STEP
1 86 590.0 -192 500.0 0 0 1 0 1 0 -1 0 0 3004.DAT
0 STEP
1 86 600.0 -240 500.0 0 0 1 0 1 0 -1 0 0 3003.DAT
0 STEP
1 86 590.0 -96 510.0 0 0 1 0 1 0 -1 0 0 3005.DAT
0 STEP
1 86 600.0 -144 510.0 -1 0 0 0 1 0 0 0 -1 3004.DAT
0 STEP
1 86 620.0 -72 20.0 0 0 1 0 1 0 -1 0 0 3003.DAT
0 STEP
1 86 660.0 -144 10.0 -1 0 0 0 1 0 0 0 -1 3009.DAT
0 STEP
1 86 610.0 -192 10.0 0 0 1 0 1 0 -1 0 0 3005.DAT
0 STEP
1 86 610.0 -264 10.0 0 0 1 0 1 0 -1 0 0 3005.DAT
0 STEP
1 86 620.0 -288 20.0 0 0 1 0 1 0 -1 0 0 3003.DAT
0 STEP
1 86 610.0 -336 20.0 0 0 1 0 1 0 -1 0 0 3004.DAT
0 STEP
1 86 620.0 -456 20.0 0 0 1 0 1 0 -1 0 0 3003.DAT
0 STEP
1 86 610.0 -96 40.0 0 0 1 0 1 0 -1 0 0 3004.DAT
0 STEP
1 86 610.0 -144 30.0 0 0 1 0 1 0 -1 0 0 3005.DAT
0 STEP
1 86 660.0 -192 40.0 -1 0 0 0 1 0 0 0 -1 2456.DAT
0 STEP
1 86 620.0 -120 50.0 -1 0 0 0 1 0 0 0 -1 3004.DAT
0 STEP
1 86 640.0 -168 50.0 -1 0 0 0 1 0 0 0 -1 3010.DAT
0 STEP
1 86 620.0 -240 50.0 -1 0 0 0 1 0 0 0 -1 3004.DAT
0 STEP
1 86 620.0 -288 50.0 -1 0 0 0 1 0 0 0 -1 3004.DAT
0 STEP
1 86 620.0 -336 50.0 -1 0 0 0 1 0 0 0 -1 3004.DAT
0 STEP
1 86 610.0 -408 60.0 0 0 1 0 1 0 -1 0 0 3004.DAT
0 STEP
1 86 610.0 -480 60.0 0 0 1 0 1 0 -1 0 0 3004.DAT
0 STEP
1 86 620.0 -96 70.0 -1 0 0 0 1 0 0 0 -1 3004.DAT
0 STEP
1 86 620.0 -120 80.0 0 0 1 0 1 0 -1 0 0 3003.DAT
0 STEP
1 86 620.0 -432 80.0 0 0 1 0 1 0 -1 0 0 3003.DAT
0 STEP
1 86 620.0 -72 90.0 -1 0 0 0 1 0 0 0 -1 3004.DAT
0 STEP
1 86 610.0 -96 90.0 0 0 1 0 1 0 -1 0 0 3005.DAT
0 STEP
1 86 620.0 -480 90.0 -1 0 0 0 1 0 0 0 -1 3004.DAT
0 STEP
1 86 610.0 -96 120.0 0 0 1 0 1 0 -1 0 0 3004.DAT
0 STEP
1 86 620.0 -120 110.0 -1 0 0 0 1 0 0 0 -1 3004.DAT
0 STEP
1 86 610.0 -384 120.0 0 0 1 0 1 0 -1 0 0 3004.DAT
0 STEP
1 86 610.0 -432 120.0 0 0 1 0 1 0 -1 0 0 3004.DAT
0 STEP
1 86 620.0 -480 120.0 0 0 1 0 1 0 -1 0 0 3003.DAT
0 STEP
1 86 620.0 -120 140.0 0 0 1 0 1 0 -1 0 0 3003.DAT
0 STEP
1 86 620.0 -336 140.0 0 0 1 0 1 0 -1 0 0 3003.DAT
0 STEP
1 86 640.0 -96 150.0 -1 0 0 0 1 0 0 0 -1 3010.DAT
0 STEP
1 86 610.0 -312 160.0 0 0 1 0 1 0 -1 0 0 3004.DAT
0 STEP
1 86 610.0 -360 160.0 0 0 1 0 1 0 -1 0 0 3004.DAT
0 STEP
1 86 610.0 -96 170.0 0 0 1 0 1 0 -1 0 0 3005.DAT
0 STEP
1 86 640.0 -336 170.0 -1 0 0 0 1 0 0 0 -1 3010.DAT
0 STEP
1 86 610.0 -96 200.0 0 0 1 0 1 0 -1 0 0 3004.DAT
0 STEP
1 86 620.0 -120 190.0 -1 0 0 0 1 0 0 0 -1 3004.DAT
0 STEP
1 86 620.0 -312 200.0 0 0 1 0 1 0 -1 0 0 3003.DAT
0 STEP
1 86 620.0 -72 210.0 -1 0 0 0 1 0 0 0 -1 3004.DAT
0 STEP
1 86 610.0 -336 220.0 0 0 1 0 1 0 -1 0 0 3004.DAT
0 STEP
1 86 610.0 -72 240.0 0 0 1 0 1 0 -1 0 0 3004.DAT
0 STEP
1 86 620.0 -96 240.0 0 0 1 0 1 0 -1 0 0 3003.DAT
0 STEP
1 86 610.0 -288 230.0 0 0 1 0 1 0 -1 0 0 3005.DAT
0 STEP
1 86 640.0 -288 250.0 -1 0 0 0 1 0 0 0 -1 3010.DAT
0 STEP
1 86 620.0 -96 270.0 -1 0 0 0 1 0 0 0 -1 3004.DAT
0 STEP
1 86 620.0 -288 300.0 0 0 1 0 1 0 -1 0 0 3001.DAT
0 STEP
1 86 620.0 -72 290.0 -1 0 0 0 1 0 0 0 -1 3004.DAT
0 STEP
1 86 620.0 -240 290.0 -1 0 0 0 1 0 0 0 -1 3004.DAT
0 STEP
1 86 620.0 -240 320.0 0 0 1 0 1 0 -1 0 0 3003.DAT
0 STEP
1 86 610.0 -72 330.0 0 0 1 0 1 0 -1 0 0 3005.DAT
0 STEP
1 86 610.0 -264 330.0 0 0 1 0 1 0 -1 0 0 3005.DAT
0 STEP
1 86 610.0 -96 350.0 0 0 1 0 1 0 -1 0 0 3005.DAT
0 STEP
1 86 610.0 -120 350.0 0 0 1 0 1 0 -1 0 0 3005.DAT
0 STEP
1 86 620.0 -264 380.0 0 0 1 0 1 0 -1 0 0 3001.DAT
0 STEP
1 86 610.0 -288 350.0 0 0 1 0 1 0 -1 0 0 3005.DAT
0 STEP
1 86 620.0 -72 380.0 0 0 1 0 1 0 -1 0 0 3003.DAT
0 STEP
1 86 610.0 -120 380.0 0 0 1 0 1 0 -1 0 0 3004.DAT
0 STEP
1 86 610.0 -288 390.0 0 0 1 0 1 0 -1 0 0 3005.DAT
0 STEP
1 86 610.0 -72 440.0 0 0 1 0 1 0 -1 0 0 3010.DAT
0 STEP
1 86 610.0 -240 410.0 0 0 1 0 1 0 -1 0 0 3005.DAT
0 STEP
1 86 620.0 -96 430.0 -1 0 0 0 1 0 0 0 -1 3004.DAT
0 STEP
1 86 610.0 -264 430.0 0 0 1 0 1 0 -1 0 0 3005.DAT
0 STEP
1 86 660.0 -288 440.0 -1 0 0 0 1 0 0 0 -1 2456.DAT
0 STEP
1 86 620.0 -168 470.0 -1 0 0 0 1 0 0 0 -1 3004.DAT
0 STEP
1 86 610.0 -240 470.0 0 0 1 0 1 0 -1 0 0 3005.DAT
0 STEP
1 86 620.0 -72 490.0 -1 0 0 0 1 0 0 0 -1 3004.DAT
0 STEP
1 86 620.0 -96 500.0 0 0 1 0 1 0 -1 0 0 3003.DAT
0 STEP
1 86 640.0 -120 490.0 -1 0 0 0 1 0 0 0 -1 3010.DAT
0 STEP
1 86 620.0 -192 500.0 0 0 1 0 1 0 -1 0 0 3003.DAT
0 STEP
1 86 610.0 -264 490.0 0 0 1 0 1 0 -1 0 0 3005.DAT
0 STEP
1 86 610.0 -120 510.0 0 0 1 0 1 0 -1 0 0 3005.DAT
0 STEP
1 86 620.0 -264 510.0 -1 0 0 0 1 0 0 0 -1 3004.DAT
0 STEP
1 86 640.0 -192 10.0 -1 0 0 0 1 0 0 0 -1 3004.DAT
0 STEP
1 86 640.0 -264 20.0 0 0 1 0 1 0 -1 0 0 3003.DAT
0 STEP
1 86 640.0 -336 20.0 0 0 1 0 1 0 -1 0 0 3003.DAT
0 STEP
1 86 660.0 -96 40.0 -1 0 0 0 1 0 0 0 -1 3001.DAT
0 STEP
1 86 660.0 -144 40.0 -1 0 0 0 1 0 0 0 -1 3001.DAT
0 STEP
1 86 630.0 -216 30.0 0 0 1 0 1 0 -1 0 0 3005.DAT
0 STEP
1 86 630.0 -312 30.0 0 0 1 0 1 0 -1 0 0 3005.DAT
0 STEP
1 86 630.0 -72 60.0 0 0 1 0 1 0 -1 0 0 3004.DAT
0 STEP
1 86 660.0 -216 50.0 -1 0 0 0 1 0 0 0 -1 3010.DAT
0 STEP
1 86 660.0 -264 50.0 -1 0 0 0 1 0 0 0 -1 3010.DAT
0 STEP
1 86 680.0 -312 50.0 -1 0 0 0 1 0 0 0 -1 3009.DAT
0 STEP
1 86 630.0 -360 50.0 0 0 1 0 1 0 -1 0 0 3005.DAT
0 STEP
1 86 660.0 -408 60.0 -1 0 0 0 1 0 0 0 -1 3001.DAT
0 STEP
1 86 630.0 -456 80.0 0 0 1 0 1 0 -1 0 0 3010.DAT
0 STEP
1 86 640.0 -480 50.0 -1 0 0 0 1 0 0 0 -1 3004.DAT
0 STEP
1 86 630.0 -480 70.0 0 0 1 0 1 0 -1 0 0 3005.DAT
0 STEP
1 86 640.0 -96 90.0 -1 0 0 0 1 0 0 0 -1 3004.DAT
0 STEP
1 86 630.0 -72 120.0 0 0 1 0 1 0 -1 0 0 3004.DAT
0 STEP
1 86 640.0 -96 120.0 0 0 1 0 1 0 -1 0 0 3003.DAT
0 STEP
1 86 640.0 -384 120.0 0 0 1 0 1 0 -1 0 0 3003.DAT
0 STEP
1 86 640.0 -432 120.0 0 0 1 0 1 0 -1 0 0 3003.DAT
0 STEP
1 86 630.0 -408 130.0 0 0 1 0 1 0 -1 0 0 3005.DAT
0 STEP
1 86 700.0 -456 130.0 -1 0 0 0 1 0 0 0 -1 3008.DAT
0 STEP
1 86 640.0 -72 150.0 -1 0 0 0 1 0 0 0 -1 3004.DAT
0 STEP
1 86 640.0 -312 160.0 0 0 1 0 1 0 -1 0 0 3003.DAT
0 STEP
1 86 640.0 -360 160.0 0 0 1 0 1 0 -1 0 0 3003.DAT
0 STEP
1 86 640.0 -96 180.0 0 0 1 0 1 0 -1 0 0 3003.DAT
0 STEP
1 86 630.0 -120 170.0 0 0 1 0 1 0 -1 0 0 3005.DAT
0 STEP
1 86 630.0 -360 200.0 0 0 1 0 1 0 -1 0 0 3004.DAT
0 STEP
1 86 640.0 -96 210.0 -1 0 0 0 1 0 0 0 -1 3004.DAT
0 STEP
1 86 630.0 -120 210.0 0 0 1 0 1 0 -1 0 0 3005.DAT
0 STEP
1 86 630.0 -288 220.0 0 0 1 0 1 0 -1 0 0 3004.DAT
0 STEP
1 86 640.0 -336 220.0 0 0 1 0 1 0 -1 0 0 3003.DAT
0 STEP
1 86 630.0 -72 230.0 0 0 1 0 1 0 -1 0 0 3005.DAT
0 STEP
1 86 660.0 -120 230.0 -1 0 0 0 1 0 0 0 -1 3010.DAT
0 STEP
1 86 630.0 -72 260.0 0 0 1 0 1 0 -1 0 0 3004.DAT
0 STEP
1 86 630.0 -120 260.0 0 0 1 0 1 0 -1 0 0 3004.DAT
0 STEP
1 86 630.0 -240 260.0 0 0 1 0 1 0 -1 0 0 3004.DAT
0 STEP
1 86 640.0 -264 280.0 0 0 1 0 1 0 -1 0 0 3001.DAT
0 STEP
1 86 630.0 -72 310.0 0 0 1 0 1 0 -1 0 0 3005.DAT
0 STEP
1 86 630.0 -96 360.0 0 0 1 0 1 0 -1 0 0 3009.DAT
0 STEP
1 86 630.0 -72 340.0 0 0 1 0 1 0 -1 0 0 3004.DAT
0 STEP
1 86 640.0 -264 330.0 -1 0 0 0 1 0 0 0 -1 3004.DAT
0 STEP
1 86 640.0 -120 360.0 0 0 1 0 1 0 -1 0 0 3003.DAT
0 STEP
1 86 630.0 -240 350.0 0 0 1 0 1 0 -1 0 0 3005.DAT
0 STEP
1 86 640.0 -288 350.0 -1 0 0 0 1 0 0 0 -1 3004.DAT
0 STEP
1 86 640.0 -120 390.0 -1 0 0 0 1 0 0 0 -1 3004.DAT
0 STEP
1 86 640.0 -288 390.0 -1 0 0 0 1 0 0 0 -1 3004.DAT
0 STEP
1 86 630.0 -72 420.0 0 0 1 0 1 0 -1 0 0 3004.DAT
0 STEP
1 86 630.0 -120 420.0 0 0 1 0 1 0 -1 0 0 3004.DAT
0 STEP
1 86 640.0 -240 410.0 -1 0 0 0 1 0 0 0 -1 3004.DAT
0 STEP
1 86 630.0 -240 440.0 0 0 1 0 1 0 -1 0 0 3004.DAT
0 STEP
1 86 640.0 -264 430.0 -1 0 0 0 1 0 0 0 -1 3004.DAT
0 STEP
1 86 640.0 -72 460.0 0 0 1 0 1 0 -1 0 0 3003.DAT
0 STEP
1 86 630.0 -264 460.0 0 0 1 0 1 0 -1 0 0 3004.DAT
0 STEP
1 86 630.0 -96 470.0 0 0 1 0 1 0 -1 0 0 3005.DAT
0 STEP
1 86 630.0 -144 480.0 0 0 1 0 1 0 -1 0 0 3004.DAT
0 STEP
1 86 630.0 -216 480.0 0 0 1 0 1 0 -1 0 0 3004.DAT
0 STEP
1 86 680.0 -240 470.0 -1 0 0 0 1 0 0 0 -1 3009.DAT
0 STEP
1 86 660.0 -288 470.0 -1 0 0 0 1 0 0 0 -1 3010.DAT
0 STEP
1 86 630.0 -168 490.0 0 0 1 0 1 0 -1 0 0 3005.DAT
0 STEP
1 86 630.0 -240 500.0 0 0 1 0 1 0 -1 0 0 3004.DAT
0 STEP
1 86 640.0 -264 490.0 -1 0 0 0 1 0 0 0 -1 3004.DAT
0 STEP
1 86 660.0 -288 500.0 -1 0 0 0 1 0 0 0 -1 3001.DAT
0 STEP
1 86 640.0 -120 510.0 -1 0 0 0 1 0 0 0 -1 3004.DAT
0 STEP
1 86 630.0 -144 510.0 0 0 1 0 1 0 -1 0 0 3005.DAT
0 STEP
1 86 680.0 -168 510.0 -1 0 0 0 1 0 0 0 -1 3009.DAT
0 STEP
1 86 650.0 -72 20.0 0 0 1 0 1 0 -1 0 0 3004.DAT
0 STEP
1 86 650.0 -216 20.0 0 0 1 0 1 0 -1 0 0 3004.DAT
0 STEP
1 86 660.0 -240 10.0 -1 0 0 0 1 0 0 0 -1 3004.DAT
0 STEP
1 86 650.0 -288 10.0 0 0 1 0 1 0 -1 0 0 3005.DAT
0 STEP
1 86 680.0 -312 20.0 -1 0 0 0 1 0 0 0 -1 3001.DAT
0 STEP
1 86 650.0 -360 20.0 0 0 1 0 1 0 -1 0 0 3004.DAT
0 STEP
1 86 700.0 -456 10.0 -1 0 0 0 1 0 0 0 -1 3009.DAT
0 STEP
1 86 660.0 -240 40.0 0 0 1 0 1 0 -1 0 0 3003.DAT
0 STEP
1 86 650.0 -288 40.0 0 0 1 0 1 0 -1 0 0 3004.DAT
0 STEP
1 86 650.0 -432 60.0 0 0 1 0 1 0 -1 0 0 3010.DAT
0 STEP
1 86 680.0 -456 40.0 -1 0 0 0 1 0 0 0 -1 3001.DAT
0 STEP
1 86 680.0 -72 60.0 -1 0 0 0 1 0 0 0 -1 3001.DAT
0 STEP
1 86 660.0 -120 60.0 0 0 1 0 1 0 -1 0 0 3003.DAT
0 STEP
1 86 650.0 -336 50.0 0 0 1 0 1 0 -1 0 0 3005.DAT
0 STEP
1 86 680.0 -360 50.0 -1 0 0 0 1 0 0 0 -1 3010.DAT
0 STEP
1 86 650.0 -96 70.0 0 0 1 0 1 0 -1 0 0 3005.DAT
0 STEP
1 86 650.0 -456 70.0 0 0 1 0 1 0 -1 0 0 3005.DAT
0 STEP
1 86 650.0 -480 100.0 0 0 1 0 1 0 -1 0 0 3010.DAT
0 STEP
1 86 660.0 -72 100.0 0 0 1 0 1 0 -1 0 0 3003.DAT
0 STEP
1 86 650.0 -120 100.0 0 0 1 0 1 0 -1 0 0 3004.DAT
0 STEP
1 86 660.0 -408 90.0 -1 0 0 0 1 0 0 0 -1 3004.DAT
0 STEP
1 86 660.0 -456 100.0 0 0 1 0 1 0 -1 0 0 3003.DAT
0 STEP
1 86 660.0 -408 120.0 0 0 1 0 1 0 -1 0 0 3003.DAT
0 STEP
1 86 650.0 -72 130.0 0 0 1 0 1 0 -1 0 0 3005.DAT
0 STEP
1 86 650.0 -120 130.0 0 0 1 0 1 0 -1 0 0 3005.DAT
0 STEP
1 86 660.0 -336 130.0 -1 0 0 0 1 0 0 0 -1 3004.DAT
0 STEP
1 86 650.0 -120 160.0 0 0 1 0 1 0 -1 0 0 3004.DAT
0 STEP
1 86 650.0 -336 150.0 0 0 1 0 1 0 -1 0 0 3005.DAT
0 STEP
1 86 650.0 -72 170.0 0 0 1 0 1 0 -1 0 0 3005.DAT
0 STEP
1 86 680.0 -72 190.0 -1 0 0 0 1 0 0 0 -1 3010.DAT
0 STEP
1 86 650.0 -120 190.0 0 0 1 0 1 0 -1 0 0 3005.DAT
0 STEP
1 86 660.0 -312 190.0 -1 0 0 0 1 0 0 0 -1 3004.DAT
0 STEP
1 86 700.0 -360 200.0 -1 0 0 0 1 0 0 0 -1 2456.DAT
0 STEP
1 86 650.0 -72 260.0 0 0 1 0 1 0 -1 0 0 3009.DAT
0 STEP
1 86 660.0 -120 210.0 -1 0 0 0 1 0 0 0 -1 3004.DAT
0 STEP
1 86 660.0 -288 220.0 0 0 1 0 1 0 -1 0 0 3003.DAT
0 STEP
1 86 650.0 -312 210.0 0 0 1 0 1 0 -1 0 0 3005.DAT
0 STEP
1 86 660.0 -96 230.0 -1 0 0 0 1 0 0 0 -1 3004.DAT
0 STEP
1 86 660.0 -96 260.0 0 0 1 0 1 0 -1 0 0 3003.DAT
0 STEP
1 86 650.0 -120 250.0 0 0 1 0 1 0 -1 0 0 3005.DAT
0 STEP
1 86 680.0 -240 250.0 -1 0 0 0 1 0 0 0 -1 3010.DAT
0 STEP
1 86 650.0 -120 280.0 0 0 1 0 1 0 -1 0 0 3004.DAT
0 STEP
1 86 650.0 -240 280.0 0 0 1 0 1 0 -1 0 0 3004.DAT
0 STEP
1 86 660.0 -288 270.0 -1 0 0 0 1 0 0 0 -1 3004.DAT
0 STEP
1 86 650.0 -288 290.0 0 0 1 0 1 0 -1 0 0 3005.DAT
0 STEP
1 86 660.0 -96 320.0 0 0 1 0 1 0 -1 0 0 3003.DAT
0 STEP
1 86 660.0 -240 310.0 -1 0 0 0 1 0 0 0 -1 3004.DAT
0 STEP
1 86 650.0 -288 320.0 0 0 1 0 1 0 -1 0 0 3004.DAT
0 STEP
1 86 660.0 -72 330.0 -1 0 0 0 1 0 0 0 -1 3004.DAT
0 STEP
1 86 680.0 -240 340.0 -1 0 0 0 1 0 0 0 -1 3001.DAT
0 STEP
1 86 650.0 -72 380.0 0 0 1 0 1 0 -1 0 0 3010.DAT
0 STEP
1 86 680.0 -96 360.0 -1 0 0 0 1 0 0 0 -1 3001.DAT
0 STEP
1 86 650.0 -264 380.0 0 0 1 0 1 0 -1 0 0 3010.DAT
0 STEP
1 86 660.0 -96 400.0 0 0 1 0 1 0 -1 0 0 3003.DAT
0 STEP
1 86 650.0 -120 410.0 0 0 1 0 1 0 -1 0 0 3005.DAT
0 STEP
1 86 680.0 -72 430.0 -1 0 0 0 1 0 0 0 -1 3010.DAT
0 STEP
1 86 650.0 -96 460.0 0 0 1 0 1 0 -1 0 0 3010.DAT
0 STEP
1 86 660.0 -120 430.0 -1 0 0 0 1 0 0 0 -1 3004.DAT
0 STEP
1 86 680.0 -240 430.0 -1 0 0 0 1 0 0 0 -1 3010.DAT
0 STEP
1 86 650.0 -240 450.0 0 0 1 0 1 0 -1 0 0 3005.DAT
0 STEP
1 86 660.0 -264 450.0 -1 0 0 0 1 0 0 0 -1 3004.DAT
0 STEP
1 86 660.0 -144 470.0 -1 0 0 0 1 0 0 0 -1 3004.DAT
0 STEP
1 86 680.0 -168 480.0 -1 0 0 0 1 0 0 0 -1 3001.DAT
0 STEP
1 86 660.0 -216 480.0 0 0 1 0 1 0 -1 0 0 3003.DAT
0 STEP
1 86 650.0 -264 470.0 0 0 1 0 1 0 -1 0 0 3005.DAT
0 STEP
1 86 650.0 -72 500.0 0 0 1 0 1 0 -1 0 0 3004.DAT
0 STEP
1 86 660.0 -144 500.0 0 0 1 0 1 0 -1 0 0 3003.DAT
0 STEP
1 86 650.0 -192 500.0 0 0 1 0 1 0 -1 0 0 3004.DAT
0 STEP
1 86 660.0 -240 500.0 0 0 1 0 1 0 -1 0 0 3003.DAT
0 STEP
1 86 660.0 -96 510.0 -1 0 0 0 1 0 0 0 -1 3004.DAT
0 STEP
1 86 650.0 -264 510.0 0 0 1 0 1 0 -1 0 0 3005.DAT
0 STEP
1 86 700.0 -72 20.0 -1 0 0 0 1 0 0 0 -1 3001.DAT
0 STEP
1 86 670.0 -96 10.0 0 0 1 0 1 0 -1 0 0 3005.DAT
0 STEP
1 86 670.0 -192 10.0 0 0 1 0 1 0 -1 0 0 3005.DAT
0 STEP
1 86 680.0 -216 20.0 0 0 1 0 1 0 -1 0 0 3003.DAT
0 STEP
1 86 670.0 -264 20.0 0 0 1 0 1 0 -1 0 0 3004.DAT
0 STEP
1 86 700.0 -288 20.0 -1 0 0 0 1 0 0 0 -1 3001.DAT
0 STEP
1 86 700.0 -336 10.0 -1 0 0 0 1 0 0 0 -1 3010.DAT
0 STEP
1 86 680.0 -360 20.0 0 0 1 0 1 0 -1 0 0 3003.DAT
0 STEP
1 86 670.0 -384 10.0 0 0 1 0 1 0 -1 0 0 3005.DAT
0 STEP
1 86 700.0 -336 40.0 -1 0 0 0 1 0 0 0 -1 3001.DAT
0 STEP
1 86 670.0 -384 40.0 0 0 1 0 1 0 -1 0 0 3004.DAT
0 STEP
1 86 680.0 -432 40.0 0 0 1 0 1 0 -1 0 0 3003.DAT
0 STEP
1 86 670.0 -288 50.0 0 0 1 0 1 0 -1 0 0 3005.DAT
0 STEP
1 86 680.0 -480 80.0 0 0 1 0 1 0 -1 0 0 3001.DAT
0 STEP
1 86 720.0 -96 80.0 -1 0 0 0 1 0 0 0 -1 2456.DAT
0 STEP
1 86 670.0 -432 70.0 0 0 1 0 1 0 -1 0 0 3005.DAT
0 STEP
1 86 700.0 -456 70.0 -1 0 0 0 1 0 0 0 -1 3010.DAT
0 STEP
1 86 670.0 -120 90.0 0 0 1 0 1 0 -1 0 0 3005.DAT
0 STEP
1 86 670.0 -432 100.0 0 0 1 0 1 0 -1 0 0 3004.DAT
0 STEP
1 86 680.0 -96 110.0 -1 0 0 0 1 0 0 0 -1 3004.DAT
0 STEP
1 86 670.0 -120 120.0 0 0 1 0 1 0 -1 0 0 3004.DAT
0 STEP
1 86 720.0 -384 120.0 -1 0 0 0 1 0 0 0 -1 2456.DAT
0 STEP
1 86 680.0 -72 130.0 -1 0 0 0 1 0 0 0 -1 3004.DAT
0 STEP
1 86 670.0 -96 130.0 0 0 1 0 1 0 -1 0 0 3005.DAT
0 STEP
1 86 670.0 -360 140.0 0 0 1 0 1 0 -1 0 0 3004.DAT
0 STEP
1 86 670.0 -432 130.0 0 0 1 0 1 0 -1 0 0 3005.DAT
0 STEP
1 86 680.0 -480 130.0 -1 0 0 0 1 0 0 0 -1 3004.DAT
0 STEP
1 86 670.0 -72 160.0 0 0 1 0 1 0 -1 0 0 3004.DAT
0 STEP
1 86 670.0 -120 150.0 0 0 1 0 1 0 -1 0 0 3005.DAT
0 STEP
1 86 670.0 -312 160.0 0 0 1 0 1 0 -1 0 0 3004.DAT
0 STEP
1 86 680.0 -336 150.0 -1 0 0 0 1 0 0 0 -1 3004.DAT
0 STEP
1 86 670.0 -96 170.0 0 0 1 0 1 0 -1 0 0 3005.DAT
0 STEP
1 86 670.0 -120 180.0 0 0 1 0 1 0 -1 0 0 3004.DAT
0 STEP
1 86 670.0 -360 170.0 0 0 1 0 1 0 -1 0 0 3005.DAT
0 STEP
1 86 670.0 -96 200.0 0 0 1 0 1 0 -1 0 0 3004.DAT
0 STEP
1 86 670.0 -336 200.0 0 0 1 0 1 0 -1 0 0 3004.DAT
0 STEP
1 86 680.0 -72 210.0 -1 0 0 0 1 0 0 0 -1 3004.DAT
0 STEP
1 86 680.0 -312 210.0 -1 0 0 0 1 0 0 0 -1 3004.DAT
0 STEP
1 86 680.0 -72 240.0 0 0 1 0 1 0 -1 0 0 3003.DAT
0 STEP
1 86 670.0 -336 230.0 0 0 1 0 1 0 -1 0 0 3005.DAT
0 STEP
1 86 680.0 -120 300.0 0 0 1 0 1 0 -1 0 0 2456.DAT
0 STEP
1 86 670.0 -264 260.0 0 0 1 0 1 0 -1 0 0 3004.DAT
0 STEP
1 86 670.0 -72 280.0 0 0 1 0 1 0 -1 0 0 3004.DAT
0 STEP
1 86 680.0 -240 280.0 0 0 1 0 1 0 -1 0 0 3003.DAT
0 STEP
1 86 670.0 -264 290.0 0 0 1 0 1 0 -1 0 0 3005.DAT
0 STEP
1 86 670.0 -288 300.0 0 0 1 0 1 0 -1 0 0 3004.DAT
0 STEP
1 86 680.0 -72 310.0 -1 0 0 0 1 0 0 0 -1 3004.DAT
0 STEP
1 86 670.0 -264 320.0 0 0 1 0 1 0 -1 0 0 3004.DAT
0 STEP
1 86 680.0 -288 330.0 -1 0 0 0 1 0 0 0 -1 3004.DAT
0 STEP
1 86 680.0 -72 360.0 0 0 1 0 1 0 -1 0 0 3003.DAT
0 STEP
1 86 670.0 -264 350.0 0 0 1 0 1 0 -1 0 0 3005.DAT
0 STEP
1 86 680.0 -288 360.0 0 0 1 0 1 0 -1 0 0 3003.DAT
0 STEP
1 86 680.0 -120 370.0 -1 0 0 0 1 0 0 0 -1 3004.DAT
0 STEP
1 86 670.0 -240 380.0 0 0 1 0 1 0 -1 0 0 3004.DAT
0 STEP
1 86 680.0 -264 400.0 0 0 1 0 1 0 -1 0 0 3001.DAT
0 STEP
1 86 700.0 -72 400.0 -1 0 0 0 1 0 0 0 -1 3001.DAT
0 STEP
1 86 680.0 -120 400.0 0 0 1 0 1 0 -1 0 0 3003.DAT
0 STEP
1 86 670.0 -288 400.0 0 0 1 0 1 0 -1 0 0 3004.DAT
0 STEP
1 86 670.0 -240 410.0 0 0 1 0 1 0 -1 0 0 3005.DAT
0 STEP
1 86 670.0 -96 430.0 0 0 1 0 1 0 -1 0 0 3005.DAT
0 STEP
1 86 670.0 -72 450.0 0 0 1 0 1 0 -1 0 0 3005.DAT
0 STEP
1 86 680.0 -96 450.0 -1 0 0 0 1 0 0 0 -1 3004.DAT
0 STEP
1 86 670.0 -120 460.0 0 0 1 0 1 0 -1 0 0 3004.DAT
0 STEP
1 86 700.0 -240 450.0 -1 0 0 0 1 0 0 0 -1 3010.DAT
0 STEP
1 86 670.0 -72 480.0 0 0 1 0 1 0 -1 0 0 3004.DAT
0 STEP
1 86 680.0 -96 480.0 0 0 1 0 1 0 -1 0 0 3003.DAT
0 STEP
1 86 720.0 -192 470.0 -1 0 0 0 1 0 0 0 -1 3009.DAT
0 STEP
1 86 670.0 -264 480.0 0 0 1 0 1 0 -1 0 0 3004.DAT
0 STEP
1 86 720.0 -192 500.0 -1 0 0 0 1 0 0 0 -1 2456.DAT
0 STEP
1 86 700.0 -72 510.0 -1 0 0 0 1 0 0 0 -1 3010.DAT
0 STEP
1 86 670.0 -120 510.0 0 0 1 0 1 0 -1 0 0 3005.DAT
0 STEP
1 86 680.0 -264 510.0 -1 0 0 0 1 0 0 0 -1 3004.DAT
0 STEP
1 86 700.0 -96 10.0 -1 0 0 0 1 0 0 0 -1 3004.DAT
0 STEP
1 86 700.0 -192 10.0 -1 0 0 0 1 0 0 0 -1 3004.DAT
0 STEP
1 86 690.0 -240 20.0 0 0 1 0 1 0 -1 0 0 3004.DAT
0 STEP
1 86 760.0 -264 10.0 -1 0 0 0 1 0 0 0 -1 3008.DAT
0 STEP
1 86 700.0 -384 10.0 -1 0 0 0 1 0 0 0 -1 3004.DAT
0 STEP
1 86 690.0 -432 10.0 0 0 1 0 1 0 -1 0 0 3005.DAT
0 STEP
1 86 690.0 -264 30.0 0 0 1 0 1 0 -1 0 0 3005.DAT
0 STEP
1 86 700.0 -384 40.0 0 0 1 0 1 0 -1 0 0 3003.DAT
0 STEP
1 86 700.0 -120 50.0 -1 0 0 0 1 0 0 0 -1 3004.DAT
0 STEP
1 86 690.0 -168 50.0 0 0 1 0 1 0 -1 0 0 3005.DAT
0 STEP
1 86 720.0 -240 50.0 -1 0 0 0 1 0 0 0 -1 3010.DAT
0 STEP
1 86 700.0 -288 50.0 -1 0 0 0 1 0 0 0 -1 3004.DAT
0 STEP
1 86 690.0 -120 70.0 0 0 1 0 1 0 -1 0 0 3005.DAT
0 STEP
1 86 700.0 -432 100.0 0 0 1 0 1 0 -1 0 0 3001.DAT
0 STEP
1 86 690.0 -72 100.0 0 0 1 0 1 0 -1 0 0 3004.DAT
0 STEP
1 86 690.0 -120 100.0 0 0 1 0 1 0 -1 0 0 3004.DAT
0 STEP
1 86 690.0 -408 100.0 0 0 1 0 1 0 -1 0 0 3004.DAT
0 STEP
1 86 690.0 -456 100.0 0 0 1 0 1 0 -1 0 0 3004.DAT
0 STEP
1 86 690.0 -360 110.0 0 0 1 0 1 0 -1 0 0 3005.DAT
0 STEP
1 86 690.0 -96 200.0 0 0 1 0 1 0 -1 0 0 3008.DAT
0 STEP
1 86 690.0 -120 130.0 0 0 1 0 1 0 -1 0 0 3005.DAT
0 STEP
1 86 690.0 -336 130.0 0 0 1 0 1 0 -1 0 0 3005.DAT
0 STEP
1 86 700.0 -360 140.0 0 0 1 0 1 0 -1 0 0 3003.DAT
0 STEP
1 86 690.0 -408 130.0 0 0 1 0 1 0 -1 0 0 3005.DAT
0 STEP
1 86 700.0 -72 160.0 0 0 1 0 1 0 -1 0 0 3003.DAT
0 STEP
1 86 700.0 -120 150.0 -1 0 0 0 1 0 0 0 -1 3004.DAT
0 STEP
1 86 700.0 -312 150.0 -1 0 0 0 1 0 0 0 -1 3004.DAT
0 STEP
1 86 740.0 -120 180.0 -1 0 0 0 1 0 0 0 -1 2456.DAT
0 STEP
1 86 690.0 -312 180.0 0 0 1 0 1 0 -1 0 0 3004.DAT
0 STEP
1 86 690.0 -336 200.0 0 0 1 0 1 0 -1 0 0 3010.DAT
0 STEP
1 86 760.0 -360 170.0 -1 0 0 0 1 0 0 0 -1 3008.DAT
0 STEP
1 86 690.0 -120 210.0 0 0 1 0 1 0 -1 0 0 3005.DAT
0 STEP
1 86 700.0 -288 210.0 -1 0 0 0 1 0 0 0 -1 3004.DAT
0 STEP
1 86 690.0 -288 260.0 0 0 1 0 1 0 -1 0 0 3010.DAT
0 STEP
1 86 700.0 -264 260.0 0 0 1 0 1 0 -1 0 0 3003.DAT
0 STEP
1 86 700.0 -72 270.0 -1 0 0 0 1 0 0 0 -1 3004.DAT
0 STEP
1 86 690.0 -72 290.0 0 0 1 0 1 0 -1 0 0 3005.DAT
0 STEP
1 86 690.0 -264 320.0 0 0 1 0 1 0 -1 0 0 3010.DAT
0 STEP
1 86 690.0 -96 320.0 0 0 1 0 1 0 -1 0 0 3004.DAT
0 STEP
1 86 690.0 -240 310.0 0 0 1 0 1 0 -1 0 0 3005.DAT
0 STEP
1 86 690.0 -288 310.0 0 0 1 0 1 0 -1 0 0 3005.DAT
0 STEP
1 86 690.0 -72 330.0 0 0 1 0 1 0 -1 0 0 3005.DAT
0 STEP
1 86 700.0 -240 370.0 -1 0 0 0 1 0 0 0 -1 3004.DAT
0 STEP
1 86 700.0 -96 390.0 -1 0 0 0 1 0 0 0 -1 3004.DAT
0 STEP
1 86 740.0 -240 390.0 -1 0 0 0 1 0 0 0 -1 3009.DAT
0 STEP
1 86 720.0 -288 390.0 -1 0 0 0 1 0 0 0 -1 3010.DAT
0 STEP
1 86 690.0 -96 420.0 0 0 1 0 1 0 -1 0 0 3004.DAT
0 STEP
1 86 700.0 -240 410.0 -1 0 0 0 1 0 0 0 -1 3004.DAT
0 STEP
1 86 700.0 -288 410.0 -1 0 0 0 1 0 0 0 -1 3004.DAT
0 STEP
1 86 690.0 -120 440.0 0 0 1 0 1 0 -1 0 0 3004.DAT
0 STEP
1 86 690.0 -72 460.0 0 0 1 0 1 0 -1 0 0 3004.DAT
0 STEP
1 86 690.0 -264 460.0 0 0 1 0 1 0 -1 0 0 3004.DAT
0 STEP
1 86 690.0 -120 470.0 0 0 1 0 1 0 -1 0 0 3005.DAT
0 STEP
1 86 690.0 -144 480.0 0 0 1 0 1 0 -1 0 0 3004.DAT
0 STEP
1 86 740.0 -216 480.0 -1 0 0 0 1 0 0 0 -1 2456.DAT
0 STEP
1 86 690.0 -72 490.0 0 0 1 0 1 0 -1 0 0 3005.DAT
0 STEP
1 86 690.0 -120 500.0 0 0 1 0 1 0 -1 0 0 3004.DAT
0 STEP
1 86 690.0 -240 500.0 0 0 1 0 1 0 -1 0 0 3004.DAT
0 STEP
1 86 700.0 -264 490.0 -1 0 0 0 1 0 0 0 -1 3004.DAT
0 STEP
1 86 690.0 -96 510.0 0 0 1 0 1 0 -1 0 0 3005.DAT
0 STEP
1 86 690.0 -144 510.0 0 0 1 0 1 0 -1 0 0 3005.DAT
0 STEP
1 86 710.0 -120 20.0 0 0 1 0 1 0 -1 0 0 3004.DAT
0 STEP
1 86 720.0 -168 10.0 -1 0 0 0 1 0 0 0 -1 3004.DAT
0 STEP
1 86 720.0 -216 10.0 -1 0 0 0 1 0 0 0 -1 3004.DAT
0 STEP
1 86 720.0 -240 20.0 0 0 1 0 1 0 -1 0 0 3003.DAT
0 STEP
1 86 710.0 -360 20.0 0 0 1 0 1 0 -1 0 0 3004.DAT
0 STEP
1 86 720.0 -432 20.0 0 0 1 0 1 0 -1 0 0 3003.DAT
0 STEP
1 86 710.0 -96 40.0 0 0 1 0 1 0 -1 0 0 3004.DAT
0 STEP
1 86 710.0 -144 40.0 0 0 1 0 1 0 -1 0 0 3004.DAT
0 STEP
1 86 740.0 -168 40.0 -1 0 0 0 1 0 0 0 -1 3001.DAT
0 STEP
1 86 710.0 -216 40.0 0 0 1 0 1 0 -1 0 0 3004.DAT
0 STEP
1 86 760.0 -264 40.0 -1 0 0 0 1 0 0 0 -1 2456.DAT
0 STEP
1 86 710.0 -408 50.0 0 0 1 0 1 0 -1 0 0 3005.DAT
0 STEP
1 86 760.0 -432 50.0 -1 0 0 0 1 0 0 0 -1 3009.DAT
0 STEP
1 86 720.0 -480 60.0 0 0 1 0 1 0 -1 0 0 3003.DAT
0 STEP
1 86 710.0 -120 80.0 0 0 1 0 1 0 -1 0 0 3004.DAT
0 STEP
1 86 720.0 -408 100.0 0 0 1 0 1 0 -1 0 0 3001.DAT
0 STEP
1 86 740.0 -72 100.0 -1 0 0 0 1 0 0 0 -1 3001.DAT
0 STEP
1 86 710.0 -384 90.0 0 0 1 0 1 0 -1 0 0 3005.DAT
0 STEP
1 86 720.0 -456 100.0 0 0 1 0 1 0 -1 0 0 3003.DAT
0 STEP
1 86 710.0 -480 90.0 0 0 1 0 1 0 -1 0 0 3005.DAT
0 STEP
1 86 710.0 -96 110.0 0 0 1 0 1 0 -1 0 0 3005.DAT
0 STEP
1 86 720.0 -120 120.0 0 0 1 0 1 0 -1 0 0 3003.DAT
0 STEP
1 86 740.0 -360 110.0 -1 0 0 0 1 0 0 0 -1 3010.DAT
0 STEP
1 86 740.0 -480 120.0 -1 0 0 0 1 0 0 0 -1 3001.DAT
0 STEP
1 86 710.0 -72 130.0 0 0 1 0 1 0 -1 0 0 3005.DAT
0 STEP
1 86 710.0 -96 140.0 0 0 1 0 1 0 -1 0 0 3004.DAT
0 STEP
1 86 720.0 -336 130.0 -1 0 0 0 1 0 0 0 -1 3004.DAT
0 STEP
1 86 720.0 -336 180.0 0 0 1 0 1 0 -1 0 0 3001.DAT
0 STEP
1 86 710.0 -96 170.0 0 0 1 0 1 0 -1 0 0 3005.DAT
0 STEP
1 86 720.0 -312 180.0 0 0 1 0 1 0 -1 0 0 3003.DAT
0 STEP
1 86 740.0 -96 200.0 -1 0 0 0 1 0 0 0 -1 3001.DAT
0 STEP
1 86 710.0 -72 220.0 0 0 1 0 1 0 -1 0 0 3004.DAT
0 STEP
1 86 710.0 -120 220.0 0 0 1 0 1 0 -1 0 0 3004.DAT
0 STEP
1 86 710.0 -312 220.0 0 0 1 0 1 0 -1 0 0 3004.DAT
0 STEP
1 86 740.0 -96 230.0 -1 0 0 0 1 0 0 0 -1 3010.DAT
0 STEP
1 86 710.0 -264 230.0 0 0 1 0 1 0 -1 0 0 3005.DAT
0 STEP
1 86 740.0 -288 230.0 -1 0 0 0 1 0 0 0 -1 3010.DAT
0 STEP
1 86 740.0 -336 230.0 -1 0 0 0 1 0 0 0 -1 3010.DAT
0 STEP
1 86 710.0 -72 250.0 0 0 1 0 1 0 -1 0 0 3005.DAT
0 STEP
1 86 720.0 -96 260.0 0 0 1 0 1 0 -1 0 0 3003.DAT
0 STEP
1 86 710.0 -120 250.0 0 0 1 0 1 0 -1 0 0 3005.DAT
0 STEP
1 86 720.0 -288 260.0 0 0 1 0 1 0 -1 0 0 3003.DAT
0 STEP
1 86 710.0 -120 280.0 0 0 1 0 1 0 -1 0 0 3004.DAT
0 STEP
1 86 710.0 -240 280.0 0 0 1 0 1 0 -1 0 0 3004.DAT
0 STEP
1 86 710.0 -72 320.0 0 0 1 0 1 0 -1 0 0 3010.DAT
0 STEP
1 86 720.0 -264 290.0 -1 0 0 0 1 0 0 0 -1 3004.DAT
0 STEP
1 86 710.0 -288 320.0 0 0 1 0 1 0 -1 0 0 3010.DAT
0 STEP
1 86 720.0 -96 320.0 0 0 1 0 1 0 -1 0 0 3003.DAT
0 STEP
1 86 710.0 -120 310.0 0 0 1 0 1 0 -1 0 0 3005.DAT
0 STEP
1 86 720.0 -240 310.0 -1 0 0 0 1 0 0 0 -1 3004.DAT
0 STEP
1 86 710.0 -264 320.0 0 0 1 0 1 0 -1 0 0 3004.DAT
0 STEP
1 86 710.0 -120 380.0 0 0 1 0 1 0 -1 0 0 3009.DAT
0 STEP
1 86 710.0 -264 350.0 0 0 1 0 1 0 -1 0 0 3005.DAT
0 STEP
1 86 710.0 -72 370.0 0 0 1 0 1 0 -1 0 0 3005.DAT
0 STEP
1 86 710.0 -264 420.0 0 0 1 0 1 0 -1 0 0 3009.DAT
0 STEP
1 86 740.0 -288 370.0 -1 0 0 0 1 0 0 0 -1 3010.DAT
0 STEP
1 86 720.0 -96 440.0 0 0 1 0 1 0 -1 0 0 3001.DAT
0 STEP
1 86 710.0 -72 450.0 0 0 1 0 1 0 -1 0 0 3005.DAT
0 STEP
1 86 710.0 -120 450.0 0 0 1 0 1 0 -1 0 0 3005.DAT
0 STEP
1 86 740.0 -72 470.0 -1 0 0 0 1 0 0 0 -1 3010.DAT
0 STEP
1 86 710.0 -120 480.0 0 0 1 0 1 0 -1 0 0 3004.DAT
0 STEP
1 86 780.0 -144 470.0 -1 0 0 0 1 0 0 0 -1 3008.DAT
0 STEP
1 86 710.0 -288 480.0 0 0 1 0 1 0 -1 0 0 3004.DAT
0 STEP
1 86 720.0 -72 490.0 -1 0 0 0 1 0 0 0 -1 3004.DAT
0 STEP
1 86 710.0 -96 500.0 0 0 1 0 1 0 -1 0 0 3004.DAT
0 STEP
1 86 710.0 -144 500.0 0 0 1 0 1 0 -1 0 0 3004.DAT
0 STEP
1 86 710.0 -240 490.0 0 0 1 0 1 0 -1 0 0 3005.DAT
0 STEP
1 86 710.0 -120 510.0 0 0 1 0 1 0 -1 0 0 3005.DAT
0 STEP
1 86 740.0 -240 510.0 -1 0 0 0 1 0 0 0 -1 3010.DAT
0 STEP
1 86 710.0 -264 510.0 0 0 1 0 1 0 -1 0 0 3005.DAT
0 STEP
1 86 710.0 -288 510.0 0 0 1 0 1 0 -1 0 0 3005.DAT
0 STEP
1 86 740.0 -96 20.0 0 0 1 0 1 0 -1 0 0 3003.DAT
0 STEP
1 86 730.0 -120 10.0 0 0 1 0 1 0 -1 0 0 3005.DAT
0 STEP
1 86 740.0 -144 20.0 0 0 1 0 1 0 -1 0 0 3003.DAT
0 STEP
1 86 740.0 -192 20.0 0 0 1 0 1 0 -1 0 0 3003.DAT
0 STEP
1 86 740.0 -312 10.0 -1 0 0 0 1 0 0 0 -1 3004.DAT
0 STEP
1 86 730.0 -360 10.0 0 0 1 0 1 0 -1 0 0 3005.DAT
0 STEP
1 86 760.0 -384 20.0 -1 0 0 0 1 0 0 0 -1 3001.DAT
0 STEP
1 86 730.0 -120 60.0 0 0 1 0 1 0 -1 0 0 3010.DAT
0 STEP
1 86 740.0 -216 40.0 0 0 1 0 1 0 -1 0 0 3003.DAT
0 STEP
1 86 730.0 -312 30.0 0 0 1 0 1 0 -1 0 0 3005.DAT
0 STEP
1 86 760.0 -360 40.0 -1 0 0 0 1 0 0 0 -1 3001.DAT
0 STEP
1 86 740.0 -408 40.0 0 0 1 0 1 0 -1 0 0 3003.DAT
0 STEP
1 86 730.0 -456 40.0 0 0 1 0 1 0 -1 0 0 3004.DAT
0 STEP
1 86 730.0 -72 60.0 0 0 1 0 1 0 -1 0 0 3004.DAT
0 STEP
1 86 760.0 -96 50.0 -1 0 0 0 1 0 0 0 -1 3010.DAT
0 STEP
1 86 740.0 -144 50.0 -1 0 0 0 1 0 0 0 -1 3004.DAT
0 STEP
1 86 740.0 -192 50.0 -1 0 0 0 1 0 0 0 -1 3004.DAT
0 STEP
1 86 730.0 -288 50.0 0 0 1 0 1 0 -1 0 0 3005.DAT
0 STEP
1 86 730.0 -384 50.0 0 0 1 0 1 0 -1 0 0 3005.DAT
0 STEP
1 86 740.0 -432 100.0 0 0 1 0 1 0 -1 0 0 3001.DAT
0 STEP
1 86 760.0 -384 90.0 -1 0 0 0 1 0 0 0 -1 3010.DAT
0 STEP
1 86 800.0 -480 90.0 -1 0 0 0 1 0 0 0 -1 3008.DAT
0 STEP
1 86 740.0 -96 140.0 0 0 1 0 1 0 -1 0 0 3001.DAT
0 STEP
1 86 740.0 -72 140.0 0 0 1 0 1 0 -1 0 0 3003.DAT
0 STEP
1 86 730.0 -360 140.0 0 0 1 0 1 0 -1 0 0 3004.DAT
0 STEP
1 86 730.0 -120 150.0 0 0 1 0 1 0 -1 0 0 3005.DAT
0 STEP
1 86 730.0 -312 150.0 0 0 1 0 1 0 -1 0 0 3005.DAT
0 STEP
1 86 740.0 -72 220.0 0 0 1 0 1 0 -1 0 0 2456.DAT
0 STEP
1 86 730.0 -120 210.0 0 0 1 0 1 0 -1 0 0 3005.DAT
0 STEP
1 86 730.0 -312 210.0 0 0 1 0 1 0 -1 0 0 3005.DAT
0 STEP
1 86 730.0 -120 280.0 0 0 1 0 1 0 -1 0 0 3009.DAT
0 STEP
1 86 730.0 -312 240.0 0 0 1 0 1 0 -1 0 0 3004.DAT
0 STEP
1 86 730.0 -264 260.0 0 0 1 0 1 0 -1 0 0 3004.DAT
0 STEP
1 86 780.0 -240 280.0 -1 0 0 0 1 0 0 0 -1 2456.DAT
0 STEP
1 86 730.0 -72 290.0 0 0 1 0 1 0 -1 0 0 3005.DAT
0 STEP
1 86 760.0 -288 290.0 -1 0 0 0 1 0 0 0 -1 3010.DAT
0 STEP
1 86 740.0 -72 310.0 -1 0 0 0 1 0 0 0 -1 3004.DAT
0 STEP
1 86 740.0 -264 310.0 -1 0 0 0 1 0 0 0 -1 3004.DAT
0 STEP
1 86 730.0 -288 320.0 0 0 1 0 1 0 -1 0 0 3004.DAT
0 STEP
1 86 740.0 -72 340.0 0 0 1 0 1 0 -1 0 0 3003.DAT
0 STEP
1 86 730.0 -240 330.0 0 0 1 0 1 0 -1 0 0 3005.DAT
0 STEP
1 86 740.0 -264 340.0 0 0 1 0 1 0 -1 0 0 3003.DAT
0 STEP
1 86 730.0 -96 350.0 0 0 1 0 1 0 -1 0 0 3005.DAT
0 STEP
1 86 740.0 -120 380.0 0 0 1 0 1 0 -1 0 0 3001.DAT
0 STEP
1 86 740.0 -240 350.0 -1 0 0 0 1 0 0 0 -1 3004.DAT
0 STEP
1 86 730.0 -288 350.0 0 0 1 0 1 0 -1 0 0 3005.DAT
0 STEP
1 86 740.0 -72 370.0 -1 0 0 0 1 0 0 0 -1 3004.DAT
0 STEP
1 86 730.0 -96 380.0 0 0 1 0 1 0 -1 0 0 3004.DAT
0 STEP
1 86 730.0 -240 370.0 0 0 1 0 1 0 -1 0 0 3005.DAT
0 STEP
1 86 730.0 -264 380.0 0 0 1 0 1 0 -1 0 0 3004.DAT
0 STEP
1 86 740.0 -240 420.0 0 0 1 0 1 0 -1 0 0 3003.DAT
0 STEP
1 86 730.0 -264 410.0 0 0 1 0 1 0 -1 0 0 3005.DAT
0 STEP
1 86 740.0 -288 460.0 0 0 1 0 1 0 -1 0 0 2456.DAT
0 STEP
1 86 730.0 -72 430.0 0 0 1 0 1 0 -1 0 0 3005.DAT
0 STEP
1 86 740.0 -120 430.0 -1 0 0 0 1 0 0 0 -1 3004.DAT
0 STEP
1 86 730.0 -264 440.0 0 0 1 0 1 0 -1 0 0 3004.DAT
0 STEP
1 86 740.0 -72 450.0 -1 0 0 0 1 0 0 0 -1 3004.DAT
0 STEP
1 86 740.0 -120 460.0 0 0 1 0 1 0 -1 0 0 3003.DAT
0 STEP
1 86 730.0 -168 480.0 0 0 1 0 1 0 -1 0 0 3004.DAT
0 STEP
1 86 760.0 -264 470.0 -1 0 0 0 1 0 0 0 -1 3010.DAT
0 STEP
1 86 730.0 -96 490.0 0 0 1 0 1 0 -1 0 0 3005.DAT
0 STEP
1 86 730.0 -120 500.0 0 0 1 0 1 0 -1 0 0 3004.DAT
0 STEP
1 86 740.0 -144 500.0 0 0 1 0 1 0 -1 0 0 3003.DAT
0 STEP
1 86 740.0 -240 490.0 -1 0 0 0 1 0 0 0 -1 3004.DAT
0 STEP
1 86 730.0 -264 500.0 0 0 1 0 1 0 -1 0 0 3004.DAT
0 STEP
1 86 740.0 -96 510.0 -1 0 0 0 1 0 0 0 -1 3004.DAT
0 STEP
1 86 740.0 -216 510.0 -1 0 0 0 1 0 0 0 -1 3004.DAT
0 STEP
1 86 760.0 -72 40.0 0 0 1 0 1 0 -1 0 0 3001.DAT
0 STEP
1 86 760.0 -120 20.0 0 0 1 0 1 0 -1 0 0 3003.DAT
0 STEP
1 86 750.0 -168 10.0 0 0 1 0 1 0 -1 0 0 3005.DAT
0 STEP
1 86 750.0 -216 10.0 0 0 1 0 1 0 -1 0 0 3005.DAT
0 STEP
1 86 780.0 -240 10.0 -1 0 0 0 1 0 0 0 -1 3010.DAT
0 STEP
1 86 800.0 -288 20.0 -1 0 0 0 1 0 0 0 -1 2456.DAT
0 STEP
1 86 750.0 -336 20.0 0 0 1 0 1 0 -1 0 0 3004.DAT
0 STEP
1 86 780.0 -360 10.0 -1 0 0 0 1 0 0 0 -1 3010.DAT
0 STEP
1 86 750.0 -432 20.0 0 0 1 0 1 0 -1 0 0 3004.DAT
0 STEP
1 86 750.0 -240 30.0 0 0 1 0 1 0 -1 0 0 3005.DAT
0 STEP
1 86 800.0 -312 40.0 -1 0 0 0 1 0 0 0 -1 2456.DAT
0 STEP
1 86 760.0 -456 30.0 -1 0 0 0 1 0 0 0 -1 3004.DAT
0 STEP
1 86 750.0 -120 100.0 0 0 1 0 1 0 -1 0 0 3009.DAT
0 STEP
1 86 800.0 -288 50.0 -1 0 0 0 1 0 0 0 -1 3009.DAT
0 STEP
1 86 780.0 -336 50.0 -1 0 0 0 1 0 0 0 -1 3010.DAT
0 STEP
1 86 780.0 -384 50.0 -1 0 0 0 1 0 0 0 -1 3010.DAT
0 STEP
1 86 760.0 -456 80.0 0 0 1 0 1 0 -1 0 0 3001.DAT
0 STEP
1 86 750.0 -480 60.0 0 0 1 0 1 0 -1 0 0 3004.DAT
0 STEP
1 86 750.0 -408 70.0 0 0 1 0 1 0 -1 0 0 3005.DAT
0 STEP
1 86 780.0 -408 100.0 -1 0 0 0 1 0 0 0 -1 3001.DAT
0 STEP
1 86 750.0 -336 140.0 0 0 1 0 1 0 -1 0 0 3004.DAT
0 STEP
1 86 760.0 -360 140.0 0 0 1 0 1 0 -1 0 0 3003.DAT
0 STEP
1 86 750.0 -408 130.0 0 0 1 0 1 0 -1 0 0 3005.DAT
0 STEP
1 86 750.0 -312 160.0 0 0 1 0 1 0 -1 0 0 3004.DAT
0 STEP
1 86 760.0 -336 170.0 -1 0 0 0 1 0 0 0 -1 3004.DAT
0 STEP
1 86 750.0 -312 190.0 0 0 1 0 1 0 -1 0 0 3005.DAT
0 STEP
1 86 760.0 -336 200.0 0 0 1 0 1 0 -1 0 0 3003.DAT
0 STEP
1 86 760.0 -120 220.0 0 0 1 0 1 0 -1 0 0 3003.DAT
0 STEP
1 86 750.0 -312 220.0 0 0 1 0 1 0 -1 0 0 3004.DAT
0 STEP
1 86 760.0 -96 280.0 0 0 1 0 1 0 -1 0 0 3001.DAT
0 STEP
1 86 750.0 -120 250.0 0 0 1 0 1 0 -1 0 0 3005.DAT
0 STEP
1 86 780.0 -264 250.0 -1 0 0 0 1 0 0 0 -1 3010.DAT
0 STEP
1 86 750.0 -288 260.0 0 0 1 0 1 0 -1 0 0 3004.DAT
0 STEP
1 86 780.0 -312 250.0 -1 0 0 0 1 0 0 0 -1 3010.DAT
0 STEP
1 86 780.0 -120 270.0 -1 0 0 0 1 0 0 0 -1 3010.DAT
0 STEP
1 86 760.0 -264 270.0 -1 0 0 0 1 0 0 0 -1 3004.DAT
0 STEP
1 86 760.0 -72 290.0 -1 0 0 0 1 0 0 0 -1 3004.DAT
0 STEP
1 86 750.0 -120 290.0 0 0 1 0 1 0 -1 0 0 3005.DAT
0 STEP
1 86 750.0 -264 290.0 0 0 1 0 1 0 -1 0 0 3005.DAT
0 STEP
1 86 750.0 -120 320.0 0 0 1 0 1 0 -1 0 0 3004.DAT
0 STEP
1 86 760.0 -240 320.0 0 0 1 0 1 0 -1 0 0 3003.DAT
0 STEP
1 86 760.0 -288 320.0 0 0 1 0 1 0 -1 0 0 3003.DAT
0 STEP
1 86 750.0 -96 330.0 0 0 1 0 1 0 -1 0 0 3005.DAT
0 STEP
1 86 750.0 -96 380.0 0 0 1 0 1 0 -1 0 0 3010.DAT
0 STEP
1 86 760.0 -288 350.0 -1 0 0 0 1 0 0 0 -1 3004.DAT
0 STEP
1 86 760.0 -240 370.0 -1 0 0 0 1 0 0 0 -1 3004.DAT
0 STEP
1 86 750.0 -264 370.0 0 0 1 0 1 0 -1 0 0 3005.DAT
0 STEP
1 86 760.0 -72 390.0 -1 0 0 0 1 0 0 0 -1 3004.DAT
0 STEP
1 86 780.0 -264 400.0 -1 0 0 0 1 0 0 0 -1 3001.DAT
0 STEP
1 86 750.0 -72 420.0 0 0 1 0 1 0 -1 0 0 3004.DAT
0 STEP
1 86 780.0 -96 440.0 -1 0 0 0 1 0 0 0 -1 3001.DAT
0 STEP
1 86 780.0 -264 430.0 -1 0 0 0 1 0 0 0 -1 3010.DAT
0 STEP
1 86 750.0 -240 460.0 0 0 1 0 1 0 -1 0 0 3004.DAT
0 STEP
1 86 760.0 -264 450.0 -1 0 0 0 1 0 0 0 -1 3004.DAT
0 STEP
1 86 750.0 -96 480.0 0 0 1 0 1 0 -1 0 0 3004.DAT
0 STEP
1 86 800.0 -168 480.0 -1 0 0 0 1 0 0 0 -1 2456.DAT
0 STEP
1 86 750.0 -72 500.0 0 0 1 0 1 0 -1 0 0 3004.DAT
0 STEP
1 86 750.0 -120 490.0 0 0 1 0 1 0 -1 0 0 3005.DAT
0 STEP
1 86 780.0 -264 490.0 -1 0 0 0 1 0 0 0 -1 3010.DAT
0 STEP
1 86 760.0 -120 510.0 -1 0 0 0 1 0 0 0 -1 3004.DAT
0 STEP
1 86 750.0 -168 510.0 0 0 1 0 1 0 -1 0 0 3005.DAT
0 STEP
1 86 750.0 -264 510.0 0 0 1 0 1 0 -1 0 0 3005.DAT
0 STEP
1 86 770.0 -96 20.0 0 0 1 0 1 0 -1 0 0 3004.DAT
0 STEP
1 86 770.0 -144 10.0 0 0 1 0 1 0 -1 0 0 3005.DAT
0 STEP
1 86 780.0 -168 10.0 -1 0 0 0 1 0 0 0 -1 3004.DAT
0 STEP
1 86 770.0 -192 10.0 0 0 1 0 1 0 -1 0 0 3005.DAT
0 STEP
1 86 780.0 -216 20.0 0 0 1 0 1 0 -1 0 0 3003.DAT
0 STEP
1 86 770.0 -312 10.0 0 0 1 0 1 0 -1 0 0 3005.DAT
0 STEP
1 86 820.0 -336 20.0 -1 0 0 0 1 0 0 0 -1 2456.DAT
0 STEP
1 86 780.0 -408 10.0 -1 0 0 0 1 0 0 0 -1 3004.DAT
0 STEP
1 86 800.0 -432 20.0 -1 0 0 0 1 0 0 0 -1 3001.DAT
0 STEP
1 86 770.0 -456 10.0 0 0 1 0 1 0 -1 0 0 3005.DAT
0 STEP
1 86 800.0 -144 40.0 -1 0 0 0 1 0 0 0 -1 3001.DAT
0 STEP
1 86 800.0 -192 30.0 -1 0 0 0 1 0 0 0 -1 3010.DAT
0 STEP
1 86 770.0 -240 40.0 0 0 1 0 1 0 -1 0 0 3004.DAT
0 STEP
1 86 770.0 -408 40.0 0 0 1 0 1 0 -1 0 0 3004.DAT
0 STEP
1 86 800.0 -120 60.0 -1 0 0 0 1 0 0 0 -1 3001.DAT
0 STEP
1 86 770.0 -192 50.0 0 0 1 0 1 0 -1 0 0 3005.DAT
0 STEP
1 86 780.0 -216 50.0 -1 0 0 0 1 0 0 0 -1 3004.DAT
0 STEP
1 86 770.0 -480 50.0 0 0 1 0 1 0 -1 0 0 3005.DAT
0 STEP
1 86 800.0 -432 80.0 -1 0 0 0 1 0 0 0 -1 3001.DAT
0 STEP
1 86 780.0 -480 70.0 -1 0 0 0 1 0 0 0 -1 3004.DAT
0 STEP
1 86 780.0 -120 90.0 -1 0 0 0 1 0 0 0 -1 3004.DAT
0 STEP
1 86 770.0 -96 110.0 0 0 1 0 1 0 -1 0 0 3005.DAT
0 STEP
1 86 780.0 -120 120.0 0 0 1 0 1 0 -1 0 0 3003.DAT
0 STEP
1 86 780.0 -432 120.0 0 0 1 0 1 0 -1 0 0 3003.DAT
0 STEP
1 86 770.0 -72 130.0 0 0 1 0 1 0 -1 0 0 3005.DAT
0 STEP
1 86 770.0 -96 140.0 0 0 1 0 1 0 -1 0 0 3004.DAT
0 STEP
1 86 780.0 -336 140.0 0 0 1 0 1 0 -1 0 0 3003.DAT
0 STEP
1 86 840.0 -408 130.0 -1 0 0 0 1 0 0 0 -1 3008.DAT
0 STEP
1 86 770.0 -72 160.0 0 0 1 0 1 0 -1 0 0 3004.DAT
0 STEP
1 86 780.0 -120 150.0 -1 0 0 0 1 0 0 0 -1 3004.DAT
0 STEP
1 86 770.0 -312 150.0 0 0 1 0 1 0 -1 0 0 3005.DAT
0 STEP
1 86 780.0 -96 170.0 -1 0 0 0 1 0 0 0 -1 3004.DAT
0 STEP
1 86 770.0 -312 180.0 0 0 1 0 1 0 -1 0 0 3004.DAT
0 STEP
1 86 780.0 -72 190.0 -1 0 0 0 1 0 0 0 -1 3004.DAT
0 STEP
1 86 780.0 -360 190.0 -1 0 0 0 1 0 0 0 -1 3004.DAT
0 STEP
1 86 780.0 -72 220.0 0 0 1 0 1 0 -1 0 0 3003.DAT
0 STEP
1 86 780.0 -312 210.0 -1 0 0 0 1 0 0 0 -1 3004.DAT
0 STEP
1 86 770.0 -360 210.0 0 0 1 0 1 0 -1 0 0 3005.DAT
0 STEP
1 86 800.0 -312 230.0 -1 0 0 0 1 0 0 0 -1 3010.DAT
0 STEP
1 86 780.0 -72 250.0 -1 0 0 0 1 0 0 0 -1 3004.DAT
0 STEP
1 86 800.0 -120 250.0 -1 0 0 0 1 0 0 0 -1 3010.DAT
0 STEP
1 86 780.0 -288 260.0 0 0 1 0 1 0 -1 0 0 3003.DAT
0 STEP
1 86 770.0 -72 270.0 0 0 1 0 1 0 -1 0 0 3005.DAT
0 STEP
1 86 780.0 -120 290.0 -1 0 0 0 1 0 0 0 -1 3004.DAT
0 STEP
1 86 770.0 -264 300.0 0 0 1 0 1 0 -1 0 0 3004.DAT
0 STEP
1 86 770.0 -72 340.0 0 0 1 0 1 0 -1 0 0 3010.DAT
0 STEP
1 86 800.0 -120 310.0 -1 0 0 0 1 0 0 0 -1 3010.DAT
0 STEP
1 86 800.0 -96 330.0 -1 0 0 0 1 0 0 0 -1 3010.DAT
0 STEP
1 86 770.0 -120 360.0 0 0 1 0 1 0 -1 0 0 3010.DAT
0 STEP
1 86 770.0 -264 330.0 0 0 1 0 1 0 -1 0 0 3005.DAT
0 STEP
1 86 770.0 -96 350.0 0 0 1 0 1 0 -1 0 0 3005.DAT
0 STEP
1 86 770.0 -240 350.0 0 0 1 0 1 0 -1 0 0 3005.DAT
0 STEP
1 86 770.0 -264 360.0 0 0 1 0 1 0 -1 0 0 3004.DAT
0 STEP
1 86 780.0 -96 370.0 -1 0 0 0 1 0 0 0 -1 3004.DAT
0 STEP
1 86 780.0 -96 400.0 0 0 1 0 1 0 -1 0 0 3003.DAT
0 STEP
1 86 770.0 -288 390.0 0 0 1 0 1 0 -1 0 0 3005.DAT
0 STEP
1 86 780.0 -72 410.0 -1 0 0 0 1 0 0 0 -1 3004.DAT
0 STEP
1 86 800.0 -120 420.0 -1 0 0 0 1 0 0 0 -1 3001.DAT
0 STEP
1 86 800.0 -240 410.0 -1 0 0 0 1 0 0 0 -1 3010.DAT
0 STEP
1 86 770.0 -288 460.0 0 0 1 0 1 0 -1 0 0 3009.DAT
0 STEP
1 86 770.0 -72 440.0 0 0 1 0 1 0 -1 0 0 3004.DAT
0 STEP
1 86 770.0 -240 460.0 0 0 1 0 1 0 -1 0 0 3010.DAT
0 STEP
1 86 770.0 -120 450.0 0 0 1 0 1 0 -1 0 0 3005.DAT
0 STEP
1 86 840.0 -96 470.0 -1 0 0 0 1 0 0 0 -1 3008.DAT
0 STEP
1 86 770.0 -120 480.0 0 0 1 0 1 0 -1 0 0 3004.DAT
0 STEP
1 86 770.0 -72 490.0 0 0 1 0 1 0 -1 0 0 3005.DAT
0 STEP
1 86 820.0 -96 500.0 -1 0 0 0 1 0 0 0 -1 2456.DAT
0 STEP
1 86 770.0 -144 500.0 0 0 1 0 1 0 -1 0 0 3004.DAT
0 STEP
1 86 780.0 -72 510.0 -1 0 0 0 1 0 0 0 -1 3004.DAT
0 STEP
1 86 780.0 -168 510.0 -1 0 0 0 1 0 0 0 -1 3004.DAT
0 STEP
1 86 770.0 -216 510.0 0 0 1 0 1 0 -1 0 0 3005.DAT
0 STEP
1 86 840.0 -264 510.0 -1 0 0 0 1 0 0 0 -1 3008.DAT
0 STEP
1 86 790.0 -72 10.0 0 0 1 0 1 0 -1 0 0 3005.DAT
0 STEP
1 86 820.0 -96 20.0 -1 0 0 0 1 0 0 0 -1 3001.DAT
0 STEP
1 86 790.0 -120 10.0 0 0 1 0 1 0 -1 0 0 3005.DAT
0 STEP
1 86 820.0 -144 10.0 -1 0 0 0 1 0 0 0 -1 3010.DAT
0 STEP
1 86 800.0 -192 10.0 -1 0 0 0 1 0 0 0 -1 3004.DAT
0 STEP
1 86 820.0 -312 10.0 -1 0 0 0 1 0 0 0 -1 3010.DAT
0 STEP
1 86 840.0 -456 10.0 -1 0 0 0 1 0 0 0 -1 3009.DAT
0 STEP
1 86 790.0 -72 60.0 0 0 1 0 1 0 -1 0 0 3010.DAT
0 STEP
1 86 800.0 -120 30.0 -1 0 0 0 1 0 0 0 -1 3004.DAT
0 STEP
1 86 790.0 -168 40.0 0 0 1 0 1 0 -1 0 0 3004.DAT
0 STEP
1 86 790.0 -240 30.0 0 0 1 0 1 0 -1 0 0 3005.DAT
0 STEP
1 86 800.0 -408 30.0 -1 0 0 0 1 0 0 0 -1 3004.DAT
0 STEP
1 86 790.0 -456 40.0 0 0 1 0 1 0 -1 0 0 3004.DAT
0 STEP
1 86 800.0 -192 50.0 -1 0 0 0 1 0 0 0 -1 3004.DAT
0 STEP
1 86 820.0 -240 50.0 -1 0 0 0 1 0 0 0 -1 3010.DAT
0 STEP
1 86 790.0 -408 50.0 0 0 1 0 1 0 -1 0 0 3005.DAT
0 STEP
1 86 820.0 -480 50.0 -1 0 0 0 1 0 0 0 -1 3010.DAT
0 STEP
1 86 790.0 -96 70.0 0 0 1 0 1 0 -1 0 0 3005.DAT
0 STEP
1 86 820.0 -456 70.0 -1 0 0 0 1 0 0 0 -1 3010.DAT
0 STEP
1 86 800.0 -96 120.0 0 0 1 0 1 0 -1 0 0 3001.DAT
0 STEP
1 86 800.0 -456 90.0 -1 0 0 0 1 0 0 0 -1 3004.DAT
0 STEP
1 86 790.0 -72 110.0 0 0 1 0 1 0 -1 0 0 3005.DAT
0 STEP
1 86 790.0 -360 120.0 0 0 1 0 1 0 -1 0 0 3004.DAT
0 STEP
1 86 790.0 -384 110.0 0 0 1 0 1 0 -1 0 0 3005.DAT
0 STEP
1 86 800.0 -456 120.0 0 0 1 0 1 0 -1 0 0 3003.DAT
0 STEP
1 86 790.0 -480 120.0 0 0 1 0 1 0 -1 0 0 3004.DAT
0 STEP
1 86 790.0 -72 140.0 0 0 1 0 1 0 -1 0 0 3004.DAT
0 STEP
1 86 800.0 -384 130.0 -1 0 0 0 1 0 0 0 -1 3004.DAT
0 STEP
1 86 800.0 -312 160.0 0 0 1 0 1 0 -1 0 0 3003.DAT
0 STEP
1 86 800.0 -360 150.0 -1 0 0 0 1 0 0 0 -1 3004.DAT
0 STEP
1 86 790.0 -72 170.0 0 0 1 0 1 0 -1 0 0 3005.DAT
0 STEP
1 86 790.0 -336 200.0 0 0 1 0 1 0 -1 0 0 3010.DAT
0 STEP
1 86 790.0 -96 190.0 0 0 1 0 1 0 -1 0 0 3005.DAT
0 STEP
1 86 800.0 -312 190.0 -1 0 0 0 1 0 0 0 -1 3004.DAT
0 STEP
1 86 820.0 -96 210.0 -1 0 0 0 1 0 0 0 -1 3010.DAT
0 STEP
1 86 790.0 -120 210.0 0 0 1 0 1 0 -1 0 0 3005.DAT
0 STEP
1 86 800.0 -360 210.0 -1 0 0 0 1 0 0 0 -1 3004.DAT
0 STEP
1 86 790.0 -96 260.0 0 0 1 0 1 0 -1 0 0 3010.DAT
0 STEP
1 86 820.0 -120 230.0 -1 0 0 0 1 0 0 0 -1 3010.DAT
0 STEP
1 86 790.0 -288 230.0 0 0 1 0 1 0 -1 0 0 3005.DAT
0 STEP
1 86 800.0 -72 270.0 -1 0 0 0 1 0 0 0 -1 3004.DAT
0 STEP
1 86 790.0 -264 320.0 0 0 1 0 1 0 -1 0 0 3009.DAT
0 STEP
1 86 790.0 -72 340.0 0 0 1 0 1 0 -1 0 0 3009.DAT
0 STEP
1 86 800.0 -96 310.0 -1 0 0 0 1 0 0 0 -1 3004.DAT
0 STEP
1 86 860.0 -240 310.0 -1 0 0 0 1 0 0 0 -1 3008.DAT
0 STEP
1 86 800.0 -288 310.0 -1 0 0 0 1 0 0 0 -1 3004.DAT
0 STEP
1 86 790.0 -120 330.0 0 0 1 0 1 0 -1 0 0 3005.DAT
0 STEP
1 86 820.0 -240 340.0 -1 0 0 0 1 0 0 0 -1 3001.DAT
0 STEP
1 86 790.0 -288 340.0 0 0 1 0 1 0 -1 0 0 3004.DAT
0 STEP
1 86 800.0 -96 350.0 -1 0 0 0 1 0 0 0 -1 3004.DAT
0 STEP
1 86 790.0 -120 360.0 0 0 1 0 1 0 -1 0 0 3004.DAT
0 STEP
1 86 790.0 -240 370.0 0 0 1 0 1 0 -1 0 0 3005.DAT
0 STEP
1 86 800.0 -288 380.0 0 0 1 0 1 0 -1 0 0 3003.DAT
0 STEP
1 86 800.0 -120 390.0 -1 0 0 0 1 0 0 0 -1 3004.DAT
0 STEP
1 86 790.0 -288 420.0 0 0 1 0 1 0 -1 0 0 3004.DAT
0 STEP
1 86 790.0 -72 460.0 0 0 1 0 1 0 -1 0 0 3010.DAT
0 STEP
1 86 790.0 -240 430.0 0 0 1 0 1 0 -1 0 0 3005.DAT
0 STEP
1 86 790.0 -120 480.0 0 0 1 0 1 0 -1 0 0 3010.DAT
0 STEP
1 86 790.0 -240 480.0 0 0 1 0 1 0 -1 0 0 3010.DAT
0 STEP
1 86 790.0 -264 450.0 0 0 1 0 1 0 -1 0 0 3005.DAT
0 STEP
1 86 820.0 -288 450.0 -1 0 0 0 1 0 0 0 -1 3010.DAT
0 STEP
1 86 790.0 -192 470.0 0 0 1 0 1 0 -1 0 0 3005.DAT
0 STEP
1 86 790.0 -288 480.0 0 0 1 0 1 0 -1 0 0 3004.DAT
0 STEP
1 86 820.0 -144 500.0 -1 0 0 0 1 0 0 0 -1 3001.DAT
0 STEP
1 86 790.0 -192 500.0 0 0 1 0 1 0 -1 0 0 3004.DAT
0 STEP
1 86 800.0 -216 510.0 -1 0 0 0 1 0 0 0 -1 3004.DAT
0 STEP
1 86 790.0 -288 510.0 0 0 1 0 1 0 -1 0 0 3005.DAT
0 STEP
1 86 860.0 -72 20.0 -1 0 0 0 1 0 0 0 -1 2456.DAT
0 STEP
1 86 820.0 -120 10.0 -1 0 0 0 1 0 0 0 -1 3004.DAT
0 STEP
1 86 810.0 -168 20.0 0 0 1 0 1 0 -1 0 0 3004.DAT
0 STEP
1 86 810.0 -216 20.0 0 0 1 0 1 0 -1 0 0 3004.DAT
0 STEP
1 86 860.0 -384 20.0 -1 0 0 0 1 0 0 0 -1 2456.DAT
0 STEP
1 86 820.0 -240 30.0 -1 0 0 0 1 0 0 0 -1 3004.DAT
0 STEP
1 86 810.0 -360 40.0 0 0 1 0 1 0 -1 0 0 3004.DAT
0 STEP
1 86 810.0 -456 30.0 0 0 1 0 1 0 -1 0 0 3005.DAT
0 STEP
1 86 810.0 -72 60.0 0 0 1 0 1 0 -1 0 0 3004.DAT
0 STEP
1 86 810.0 -96 50.0 0 0 1 0 1 0 -1 0 0 3005.DAT
0 STEP
1 86 810.0 -168 50.0 0 0 1 0 1 0 -1 0 0 3005.DAT
0 STEP
1 86 810.0 -216 50.0 0 0 1 0 1 0 -1 0 0 3005.DAT
0 STEP
1 86 810.0 -408 60.0 0 0 1 0 1 0 -1 0 0 3004.DAT
0 STEP
1 86 820.0 -456 50.0 -1 0 0 0 1 0 0 0 -1 3004.DAT
0 STEP
1 86 820.0 -96 70.0 -1 0 0 0 1 0 0 0 -1 3004.DAT
0 STEP
1 86 880.0 -480 70.0 -1 0 0 0 1 0 0 0 -1 3008.DAT
0 STEP
1 86 810.0 -72 90.0 0 0 1 0 1 0 -1 0 0 3005.DAT
0 STEP
1 86 820.0 -120 100.0 0 0 1 0 1 0 -1 0 0 3003.DAT
0 STEP
1 86 820.0 -384 100.0 0 0 1 0 1 0 -1 0 0 3003.DAT
0 STEP
1 86 810.0 -72 120.0 0 0 1 0 1 0 -1 0 0 3004.DAT
0 STEP
1 86 810.0 -360 110.0 0 0 1 0 1 0 -1 0 0 3005.DAT
0 STEP
1 86 820.0 -432 110.0 -1 0 0 0 1 0 0 0 -1 3004.DAT
0 STEP
1 86 840.0 -480 120.0 -1 0 0 0 1 0 0 0 -1 3001.DAT
0 STEP
1 86 820.0 -120 130.0 -1 0 0 0 1 0 0 0 -1 3004.DAT
0 STEP
1 86 810.0 -336 160.0 0 0 1 0 1 0 -1 0 0 3010.DAT
0 STEP
1 86 820.0 -360 130.0 -1 0 0 0 1 0 0 0 -1 3004.DAT
0 STEP
1 86 810.0 -432 130.0 0 0 1 0 1 0 -1 0 0 3005.DAT
0 STEP
1 86 820.0 -72 150.0 -1 0 0 0 1 0 0 0 -1 3004.DAT
0 STEP
1 86 820.0 -120 180.0 0 0 1 0 1 0 -1 0 0 3001.DAT
0 STEP
1 86 840.0 -72 170.0 -1 0 0 0 1 0 0 0 -1 3010.DAT
0 STEP
1 86 810.0 -96 180.0 0 0 1 0 1 0 -1 0 0 3004.DAT
0 STEP
1 86 810.0 -72 220.0 0 0 1 0 1 0 -1 0 0 3010.DAT
0 STEP
1 86 810.0 -360 190.0 0 0 1 0 1 0 -1 0 0 3005.DAT
0 STEP
1 86 810.0 -312 210.0 0 0 1 0 1 0 -1 0 0 3005.DAT
0 STEP
1 86 820.0 -336 210.0 -1 0 0 0 1 0 0 0 -1 3004.DAT
0 STEP
1 86 820.0 -96 230.0 -1 0 0 0 1 0 0 0 -1 3004.DAT
0 STEP
1 86 810.0 -288 240.0 0 0 1 0 1 0 -1 0 0 3004.DAT
0 STEP
1 86 810.0 -336 230.0 0 0 1 0 1 0 -1 0 0 3005.DAT
0 STEP
1 86 820.0 -96 260.0 0 0 1 0 1 0 -1 0 0 3003.DAT
0 STEP
1 86 810.0 -264 270.0 0 0 1 0 1 0 -1 0 0 3005.DAT
0 STEP
1 86 820.0 -288 280.0 0 0 1 0 1 0 -1 0 0 3003.DAT
0 STEP
1 86 810.0 -72 290.0 0 0 1 0 1 0 -1 0 0 3005.DAT
0 STEP
1 86 820.0 -96 290.0 -1 0 0 0 1 0 0 0 -1 3004.DAT
0 STEP
1 86 810.0 -120 290.0 0 0 1 0 1 0 -1 0 0 3005.DAT
0 STEP
1 86 810.0 -264 300.0 0 0 1 0 1 0 -1 0 0 3004.DAT
0 STEP
1 86 810.0 -72 320.0 0 0 1 0 1 0 -1 0 0 3004.DAT
0 STEP
1 86 880.0 -120 330.0 -1 0 0 0 1 0 0 0 -1 3008.DAT
0 STEP
1 86 810.0 -264 330.0 0 0 1 0 1 0 -1 0 0 3005.DAT
0 STEP
1 86 820.0 -288 340.0 0 0 1 0 1 0 -1 0 0 3003.DAT
0 STEP
1 86 810.0 -72 350.0 0 0 1 0 1 0 -1 0 0 3005.DAT
0 STEP
1 86 820.0 -120 350.0 -1 0 0 0 1 0 0 0 -1 3004.DAT
0 STEP
1 86 810.0 -264 360.0 0 0 1 0 1 0 -1 0 0 3004.DAT
0 STEP
1 86 810.0 -72 440.0 0 0 1 0 1 0 -1 0 0 3008.DAT
0 STEP
1 86 810.0 -96 380.0 0 0 1 0 1 0 -1 0 0 3004.DAT
0 STEP
1 86 810.0 -120 370.0 0 0 1 0 1 0 -1 0 0 3005.DAT
0 STEP
1 86 820.0 -240 380.0 0 0 1 0 1 0 -1 0 0 3003.DAT
0 STEP
1 86 820.0 -96 410.0 -1 0 0 0 1 0 0 0 -1 3004.DAT
0 STEP
1 86 840.0 -288 420.0 -1 0 0 0 1 0 0 0 -1 3001.DAT
0 STEP
1 86 810.0 -240 440.0 0 0 1 0 1 0 -1 0 0 3004.DAT
0 STEP
1 86 820.0 -120 450.0 -1 0 0 0 1 0 0 0 -1 3004.DAT
0 STEP
1 86 810.0 -264 460.0 0 0 1 0 1 0 -1 0 0 3004.DAT
0 STEP
1 86 840.0 -120 480.0 -1 0 0 0 1 0 0 0 -1 3001.DAT
0 STEP
1 86 820.0 -192 470.0 -1 0 0 0 1 0 0 0 -1 3004.DAT
0 STEP
1 86 810.0 -216 480.0 0 0 1 0 1 0 -1 0 0 3004.DAT
0 STEP
1 86 820.0 -240 470.0 -1 0 0 0 1 0 0 0 -1 3004.DAT
0 STEP
1 86 840.0 -288 470.0 -1 0 0 0 1 0 0 0 -1 3010.DAT
0 STEP
1 86 820.0 -192 500.0 0 0 1 0 1 0 -1 0 0 3003.DAT
0 STEP
1 86 820.0 -240 500.0 0 0 1 0 1 0 -1 0 0 3003.DAT
0 STEP
1 86 840.0 -288 500.0 -1 0 0 0 1 0 0 0 -1 3001.DAT
0 STEP
1 86 810.0 -120 510.0 0 0 1 0 1 0 -1 0 0 3005.DAT
0 STEP
1 86 810.0 -168 510.0 0 0 1 0 1 0 -1 0 0 3005.DAT
0 STEP
1 86 860.0 -168 10.0 -1 0 0 0 1 0 0 0 -1 3010.DAT
0 STEP
1 86 830.0 -192 10.0 0 0 1 0 1 0 -1 0 0 3005.DAT
0 STEP
1 86 840.0 -216 20.0 0 0 1 0 1 0 -1 0 0 3003.DAT
0 STEP
1 86 830.0 -240 10.0 0 0 1 0 1 0 -1 0 0 3005.DAT
0 STEP
1 86 840.0 -360 20.0 0 0 1 0 1 0 -1 0 0 3003.DAT
0 STEP
1 86 830.0 -120 30.0 0 0 1 0 1 0 -1 0 0 3005.DAT
0 STEP
1 86 860.0 -168 40.0 -1 0 0 0 1 0 0 0 -1 3001.DAT
0 STEP
1 86 830.0 -264 40.0 0 0 1 0 1 0 -1 0 0 3004.DAT
0 STEP
1 86 860.0 -408 40.0 -1 0 0 0 1 0 0 0 -1 3001.DAT
0 STEP
1 86 840.0 -456 30.0 -1 0 0 0 1 0 0 0 -1 3004.DAT
0 STEP
1 86 830.0 -72 50.0 0 0 1 0 1 0 -1 0 0 3005.DAT
0 STEP
1 86 840.0 -96 50.0 -1 0 0 0 1 0 0 0 -1 3004.DAT
0 STEP
1 86 830.0 -192 50.0 0 0 1 0 1 0 -1 0 0 3005.DAT
0 STEP
1 86 880.0 -216 50.0 -1 0 0 0 1 0 0 0 -1 3009.DAT
0 STEP
1 86 830.0 -336 50.0 0 0 1 0 1 0 -1 0 0 3005.DAT
0 STEP
1 86 840.0 -360 50.0 -1 0 0 0 1 0 0 0 -1 3004.DAT
0 STEP
1 86 880.0 -384 50.0 -1 0 0 0 1 0 0 0 -1 3009.DAT
0 STEP
1 86 830.0 -432 50.0 0 0 1 0 1 0 -1 0 0 3005.DAT
0 STEP
1 86 830.0 -72 80.0 0 0 1 0 1 0 -1 0 0 3004.DAT
0 STEP
1 86 860.0 -408 80.0 -1 0 0 0 1 0 0 0 -1 3001.DAT
0 STEP
1 86 830.0 -96 100.0 0 0 1 0 1 0 -1 0 0 3004.DAT
0 STEP
1 86 840.0 -456 100.0 0 0 1 0 1 0 -1 0 0 3003.DAT
0 STEP
1 86 840.0 -72 120.0 0 0 1 0 1 0 -1 0 0 3003.DAT
0 STEP
1 86 840.0 -360 110.0 -1 0 0 0 1 0 0 0 -1 3004.DAT
0 STEP
1 86 830.0 -408 110.0 0 0 1 0 1 0 -1 0 0 3005.DAT
0 STEP
1 86 840.0 -96 160.0 0 0 1 0 1 0 -1 0 0 3001.DAT
0 STEP
1 86 830.0 -336 130.0 0 0 1 0 1 0 -1 0 0 3005.DAT
0 STEP
1 86 830.0 -384 130.0 0 0 1 0 1 0 -1 0 0 3005.DAT
0 STEP
1 86 840.0 -432 130.0 -1 0 0 0 1 0 0 0 -1 3004.DAT
0 STEP
1 86 840.0 -456 130.0 -1 0 0 0 1 0 0 0 -1 3004.DAT
0 STEP
1 86 830.0 -312 160.0 0 0 1 0 1 0 -1 0 0 3004.DAT
0 STEP
1 86 840.0 -336 160.0 0 0 1 0 1 0 -1 0 0 3003.DAT
0 STEP
1 86 830.0 -360 150.0 0 0 1 0 1 0 -1 0 0 3005.DAT
0 STEP
1 86 830.0 -72 190.0 0 0 1 0 1 0 -1 0 0 3005.DAT
0 STEP
1 86 830.0 -312 190.0 0 0 1 0 1 0 -1 0 0 3005.DAT
0 STEP
1 86 830.0 -336 190.0 0 0 1 0 1 0 -1 0 0 3005.DAT
0 STEP
1 86 840.0 -360 200.0 0 0 1 0 1 0 -1 0 0 3003.DAT
0 STEP
1 86 860.0 -72 210.0 -1 0 0 0 1 0 0 0 -1 3010.DAT
0 STEP
1 86 830.0 -288 210.0 0 0 1 0 1 0 -1 0 0 3005.DAT
0 STEP
1 86 840.0 -312 210.0 -1 0 0 0 1 0 0 0 -1 3004.DAT
0 STEP
1 86 830.0 -72 240.0 0 0 1 0 1 0 -1 0 0 3004.DAT
0 STEP
1 86 900.0 -264 230.0 -1 0 0 0 1 0 0 0 -1 3008.DAT
0 STEP
1 86 840.0 -288 240.0 0 0 1 0 1 0 -1 0 0 3003.DAT
0 STEP
1 86 840.0 -336 230.0 -1 0 0 0 1 0 0 0 -1 3004.DAT
0 STEP
1 86 840.0 -240 250.0 -1 0 0 0 1 0 0 0 -1 3004.DAT
0 STEP
1 86 830.0 -264 260.0 0 0 1 0 1 0 -1 0 0 3004.DAT
0 STEP
1 86 840.0 -72 280.0 0 0 1 0 1 0 -1 0 0 3003.DAT
0 STEP
1 86 830.0 -120 270.0 0 0 1 0 1 0 -1 0 0 3005.DAT
0 STEP
1 86 840.0 -120 290.0 -1 0 0 0 1 0 0 0 -1 3004.DAT
0 STEP
1 86 830.0 -264 290.0 0 0 1 0 1 0 -1 0 0 3005.DAT
0 STEP
1 86 840.0 -72 310.0 -1 0 0 0 1 0 0 0 -1 3004.DAT
0 STEP
1 86 830.0 -96 310.0 0 0 1 0 1 0 -1 0 0 3005.DAT
0 STEP
1 86 830.0 -264 380.0 0 0 1 0 1 0 -1 0 0 3008.DAT
0 STEP
1 86 830.0 -288 310.0 0 0 1 0 1 0 -1 0 0 3005.DAT
0 STEP
1 86 830.0 -72 330.0 0 0 1 0 1 0 -1 0 0 3005.DAT
0 STEP
1 86 840.0 -72 350.0 -1 0 0 0 1 0 0 0 -1 3004.DAT
0 STEP
1 86 830.0 -96 360.0 0 0 1 0 1 0 -1 0 0 3004.DAT
0 STEP
1 86 830.0 -72 380.0 0 0 1 0 1 0 -1 0 0 3004.DAT
0 STEP
1 86 830.0 -120 380.0 0 0 1 0 1 0 -1 0 0 3004.DAT
0 STEP
1 86 830.0 -288 370.0 0 0 1 0 1 0 -1 0 0 3005.DAT
0 STEP
1 86 840.0 -96 390.0 -1 0 0 0 1 0 0 0 -1 3004.DAT
0 STEP
1 86 840.0 -288 390.0 -1 0 0 0 1 0 0 0 -1 3004.DAT
0 STEP
1 86 830.0 -72 410.0 0 0 1 0 1 0 -1 0 0 3005.DAT
0 STEP
1 86 860.0 -72 430.0 -1 0 0 0 1 0 0 0 -1 3010.DAT
0 STEP
1 86 830.0 -96 440.0 0 0 1 0 1 0 -1 0 0 3004.DAT
0 STEP
1 86 840.0 -240 430.0 -1 0 0 0 1 0 0 0 -1 3004.DAT
0 STEP
1 86 840.0 -72 480.0 0 0 1 0 1 0 -1 0 0 3001.DAT
0 STEP
1 86 830.0 -240 450.0 0 0 1 0 1 0 -1 0 0 3005.DAT
0 STEP
1 86 830.0 -216 470.0 0 0 1 0 1 0 -1 0 0 3005.DAT
0 STEP
1 86 840.0 -264 480.0 0 0 1 0 1 0 -1 0 0 3003.DAT
0 STEP
1 86 840.0 -216 490.0 -1 0 0 0 1 0 0 0 -1 3004.DAT
0 STEP
1 86 840.0 -120 510.0 -1 0 0 0 1 0 0 0 -1 3004.DAT
0 STEP
1 86 840.0 -168 510.0 -1 0 0 0 1 0 0 0 -1 3004.DAT
0 STEP
1 86 830.0 -216 510.0 0 0 1 0 1 0 -1 0 0 3005.DAT
0 STEP
1 86 900.0 -120 20.0 -1 0 0 0 1 0 0 0 -1 2456.DAT
0 STEP
1 86 860.0 -192 20.0 0 0 1 0 1 0 -1 0 0 3003.DAT
0 STEP
1 86 860.0 -240 20.0 0 0 1 0 1 0 -1 0 0 3003.DAT
0 STEP
1 86 850.0 -264 10.0 0 0 1 0 1 0 -1 0 0 3005.DAT
0 STEP
1 86 860.0 -432 60.0 0 0 1 0 1 0 -1 0 0 2456.DAT
0 STEP
1 86 850.0 -144 30.0 0 0 1 0 1 0 -1 0 0 3005.DAT
0 STEP
1 86 860.0 -264 40.0 0 0 1 0 1 0 -1 0 0 3003.DAT
0 STEP
1 86 860.0 -72 60.0 0 0 1 0 1 0 -1 0 0 3003.DAT
0 STEP
1 86 850.0 -120 60.0 0 0 1 0 1 0 -1 0 0 3004.DAT
0 STEP
1 86 860.0 -144 50.0 -1 0 0 0 1 0 0 0 -1 3004.DAT
0 STEP
1 86 860.0 -192 50.0 -1 0 0 0 1 0 0 0 -1 3004.DAT
0 STEP
1 86 920.0 -336 50.0 -1 0 0 0 1 0 0 0 -1 3008.DAT
0 STEP
1 86 850.0 -456 50.0 0 0 1 0 1 0 -1 0 0 3005.DAT
0 STEP
1 86 850.0 -96 70.0 0 0 1 0 1 0 -1 0 0 3005.DAT
0 STEP
1 86 860.0 -72 90.0 -1 0 0 0 1 0 0 0 -1 3004.DAT
0 STEP
1 86 860.0 -96 100.0 0 0 1 0 1 0 -1 0 0 3003.DAT
0 STEP
1 86 850.0 -120 90.0 0 0 1 0 1 0 -1 0 0 3005.DAT
0 STEP
1 86 900.0 -384 90.0 -1 0 0 0 1 0 0 0 -1 3009.DAT
0 STEP
1 86 850.0 -120 160.0 0 0 1 0 1 0 -1 0 0 3009.DAT
0 STEP
1 86 850.0 -384 120.0 0 0 1 0 1 0 -1 0 0 3004.DAT
0 STEP
1 86 880.0 -408 110.0 -1 0 0 0 1 0 0 0 -1 3010.DAT
0 STEP
1 86 860.0 -336 130.0 -1 0 0 0 1 0 0 0 -1 3004.DAT
0 STEP
1 86 860.0 -360 140.0 0 0 1 0 1 0 -1 0 0 3003.DAT
0 STEP
1 86 850.0 -72 150.0 0 0 1 0 1 0 -1 0 0 3005.DAT
0 STEP
1 86 850.0 -312 150.0 0 0 1 0 1 0 -1 0 0 3005.DAT
0 STEP
1 86 850.0 -312 180.0 0 0 1 0 1 0 -1 0 0 3004.DAT
0 STEP
1 86 860.0 -360 170.0 -1 0 0 0 1 0 0 0 -1 3004.DAT
0 STEP
1 86 860.0 -72 190.0 -1 0 0 0 1 0 0 0 -1 3004.DAT
0 STEP
1 86 850.0 -336 200.0 0 0 1 0 1 0 -1 0 0 3004.DAT
0 STEP
1 86 880.0 -288 210.0 -1 0 0 0 1 0 0 0 -1 3010.DAT
0 STEP
1 86 860.0 -72 230.0 -1 0 0 0 1 0 0 0 -1 3004.DAT
0 STEP
1 86 860.0 -96 240.0 0 0 1 0 1 0 -1 0 0 3003.DAT
0 STEP
1 86 850.0 -312 230.0 0 0 1 0 1 0 -1 0 0 3005.DAT
0 STEP
1 86 850.0 -72 250.0 0 0 1 0 1 0 -1 0 0 3005.DAT
0 STEP
1 86 860.0 -120 260.0 0 0 1 0 1 0 -1 0 0 3003.DAT
0 STEP
1 86 860.0 -264 280.0 0 0 1 0 1 0 -1 0 0 3001.DAT
0 STEP
1 86 860.0 -96 270.0 -1 0 0 0 1 0 0 0 -1 3004.DAT
0 STEP
1 86 850.0 -240 270.0 0 0 1 0 1 0 -1 0 0 3005.DAT
0 STEP
1 86 850.0 -288 280.0 0 0 1 0 1 0 -1 0 0 3004.DAT
0 STEP
1 86 860.0 -96 300.0 0 0 1 0 1 0 -1 0 0 3003.DAT
0 STEP
1 86 860.0 -240 290.0 -1 0 0 0 1 0 0 0 -1 3004.DAT
0 STEP
1 86 850.0 -120 310.0 0 0 1 0 1 0 -1 0 0 3005.DAT
0 STEP
1 86 860.0 -288 340.0 0 0 1 0 1 0 -1 0 0 3001.DAT
0 STEP
1 86 860.0 -72 330.0 -1 0 0 0 1 0 0 0 -1 3004.DAT
0 STEP
1 86 850.0 -96 340.0 0 0 1 0 1 0 -1 0 0 3004.DAT
0 STEP
1 86 860.0 -264 330.0 -1 0 0 0 1 0 0 0 -1 3004.DAT
0 STEP
1 86 850.0 -120 400.0 0 0 1 0 1 0 -1 0 0 3009.DAT
0 STEP
1 86 850.0 -264 360.0 0 0 1 0 1 0 -1 0 0 3004.DAT
0 STEP
1 86 850.0 -72 370.0 0 0 1 0 1 0 -1 0 0 3005.DAT
0 STEP
1 86 860.0 -96 370.0 -1 0 0 0 1 0 0 0 -1 3004.DAT
0 STEP
1 86 860.0 -240 370.0 -1 0 0 0 1 0 0 0 -1 3004.DAT
0 STEP
1 86 860.0 -72 400.0 0 0 1 0 1 0 -1 0 0 3003.DAT
0 STEP
1 86 850.0 -240 400.0 0 0 1 0 1 0 -1 0 0 3004.DAT
0 STEP
1 86 860.0 -264 390.0 -1 0 0 0 1 0 0 0 -1 3004.DAT
0 STEP
1 86 850.0 -96 420.0 0 0 1 0 1 0 -1 0 0 3004.DAT
0 STEP
1 86 850.0 -264 410.0 0 0 1 0 1 0 -1 0 0 3005.DAT
0 STEP
1 86 860.0 -264 440.0 0 0 1 0 1 0 -1 0 0 3003.DAT
0 STEP
1 86 850.0 -96 450.0 0 0 1 0 1 0 -1 0 0 3005.DAT
0 STEP
1 86 850.0 -240 480.0 0 0 1 0 1 0 -1 0 0 3010.DAT
0 STEP
1 86 850.0 -192 470.0 0 0 1 0 1 0 -1 0 0 3005.DAT
0 STEP
1 86 860.0 -216 470.0 -1 0 0 0 1 0 0 0 -1 3004.DAT
0 STEP
1 86 850.0 -192 500.0 0 0 1 0 1 0 -1 0 0 3004.DAT
0 STEP
1 86 880.0 -216 510.0 -1 0 0 0 1 0 0 0 -1 3010.DAT
0 STEP
1 86 880.0 -96 40.0 0 0 1 0 1 0 -1 0 0 3001.DAT
0 STEP
1 86 870.0 -144 20.0 0 0 1 0 1 0 -1 0 0 3004.DAT
0 STEP
1 86 880.0 -216 10.0 -1 0 0 0 1 0 0 0 -1 3004.DAT
0 STEP
1 86 880.0 -264 10.0 -1 0 0 0 1 0 0 0 -1 3004.DAT
0 STEP
1 86 870.0 -288 10.0 0 0 1 0 1 0 -1 0 0 3005.DAT
0 STEP
1 86 880.0 -312 20.0 0 0 1 0 1 0 -1 0 0 3003.DAT
0 STEP
1 86 900.0 -360 10.0 -1 0 0 0 1 0 0 0 -1 3010.DAT
0 STEP
1 86 870.0 -216 30.0 0 0 1 0 1 0 -1 0 0 3005.DAT
0 STEP
1 86 880.0 -288 40.0 0 0 1 0 1 0 -1 0 0 3003.DAT
0 STEP
1 86 870.0 -360 40.0 0 0 1 0 1 0 -1 0 0 3004.DAT
0 STEP
1 86 880.0 -456 60.0 0 0 1 0 1 0 -1 0 0 3001.DAT
0 STEP
1 86 900.0 -120 50.0 -1 0 0 0 1 0 0 0 -1 3010.DAT
0 STEP
1 86 870.0 -240 50.0 0 0 1 0 1 0 -1 0 0 3005.DAT
0 STEP
1 86 880.0 -312 50.0 -1 0 0 0 1 0 0 0 -1 3004.DAT
0 STEP
1 86 870.0 -480 50.0 0 0 1 0 1 0 -1 0 0 3005.DAT
0 STEP
1 86 870.0 -120 80.0 0 0 1 0 1 0 -1 0 0 3004.DAT
0 STEP
1 86 870.0 -72 110.0 0 0 1 0 1 0 -1 0 0 3005.DAT
0 STEP
1 86 870.0 -120 110.0 0 0 1 0 1 0 -1 0 0 3005.DAT
0 STEP
1 86 870.0 -360 110.0 0 0 1 0 1 0 -1 0 0 3005.DAT
0 STEP
1 86 880.0 -384 120.0 0 0 1 0 1 0 -1 0 0 3003.DAT
0 STEP
1 86 870.0 -456 120.0 0 0 1 0 1 0 -1 0 0 3004.DAT
0 STEP
1 86 870.0 -72 140.0 0 0 1 0 1 0 -1 0 0 3004.DAT
0 STEP
1 86 880.0 -96 130.0 -1 0 0 0 1 0 0 0 -1 3004.DAT
0 STEP
1 86 870.0 -120 140.0 0 0 1 0 1 0 -1 0 0 3004.DAT
0 STEP
1 86 870.0 -432 130.0 0 0 1 0 1 0 -1 0 0 3005.DAT
0 STEP
1 86 870.0 -96 180.0 0 0 1 0 1 0 -1 0 0 3010.DAT
0 STEP
1 86 900.0 -312 160.0 -1 0 0 0 1 0 0 0 -1 3001.DAT
0 STEP
1 86 870.0 -336 160.0 0 0 1 0 1 0 -1 0 0 3004.DAT
0 STEP
1 86 880.0 -120 170.0 -1 0 0 0 1 0 0 0 -1 3004.DAT
0 STEP
1 86 920.0 -120 190.0 -1 0 0 0 1 0 0 0 -1 3009.DAT
0 STEP
1 86 870.0 -312 200.0 0 0 1 0 1 0 -1 0 0 3004.DAT
0 STEP
1 86 880.0 -336 190.0 -1 0 0 0 1 0 0 0 -1 3004.DAT
0 STEP
1 86 870.0 -360 200.0 0 0 1 0 1 0 -1 0 0 3004.DAT
0 STEP
1 86 900.0 -120 220.0 -1 0 0 0 1 0 0 0 -1 3001.DAT
0 STEP
1 86 880.0 -336 220.0 0 0 1 0 1 0 -1 0 0 3003.DAT
0 STEP
1 86 870.0 -288 240.0 0 0 1 0 1 0 -1 0 0 3004.DAT
0 STEP
1 86 880.0 -312 230.0 -1 0 0 0 1 0 0 0 -1 3004.DAT
0 STEP
1 86 870.0 -72 280.0 0 0 1 0 1 0 -1 0 0 3010.DAT
0 STEP
1 86 870.0 -240 260.0 0 0 1 0 1 0 -1 0 0 3004.DAT
0 STEP
1 86 880.0 -288 270.0 -1 0 0 0 1 0 0 0 -1 3004.DAT
0 STEP
1 86 870.0 -120 290.0 0 0 1 0 1 0 -1 0 0 3005.DAT
0 STEP
1 86 870.0 -288 290.0 0 0 1 0 1 0 -1 0 0 3005.DAT
0 STEP
1 86 900.0 -120 310.0 -1 0 0 0 1 0 0 0 -1 3010.DAT
0 STEP
1 86 880.0 -96 340.0 0 0 1 0 1 0 -1 0 0 3003.DAT
0 STEP
1 86 870.0 -240 340.0 0 0 1 0 1 0 -1 0 0 3004.DAT
0 STEP
1 86 870.0 -72 360.0 0 0 1 0 1 0 -1 0 0 3004.DAT
0 STEP
1 86 870.0 -120 350.0 0 0 1 0 1 0 -1 0 0 3005.DAT
0 STEP
1 86 880.0 -264 350.0 -1 0 0 0 1 0 0 0 -1 3004.DAT
0 STEP
1 86 870.0 -120 380.0 0 0 1 0 1 0 -1 0 0 3004.DAT
0 STEP
1 86 870.0 -264 370.0 0 0 1 0 1 0 -1 0 0 3005.DAT
0 STEP
1 86 870.0 -96 420.0 0 0 1 0 1 0 -1 0 0 3010.DAT
0 STEP
1 86 870.0 -240 420.0 0 0 1 0 1 0 -1 0 0 3010.DAT
0 STEP
1 86 870.0 -288 390.0 0 0 1 0 1 0 -1 0 0 3005.DAT
0 STEP
1 86 880.0 -120 410.0 -1 0 0 0 1 0 0 0 -1 3004.DAT
0 STEP
1 86 880.0 -264 410.0 -1 0 0 0 1 0 0 0 -1 3004.DAT
0 STEP
1 86 880.0 -120 440.0 0 0 1 0 1 0 -1 0 0 3003.DAT
0 STEP
1 86 880.0 -72 480.0 0 0 1 0 1 0 -1 0 0 3001.DAT
0 STEP
1 86 870.0 -288 450.0 0 0 1 0 1 0 -1 0 0 3005.DAT
0 STEP
1 86 880.0 -144 480.0 0 0 1 0 1 0 -1 0 0 3003.DAT
0 STEP
1 86 880.0 -168 470.0 -1 0 0 0 1 0 0 0 -1 3004.DAT
0 STEP
1 86 870.0 -192 480.0 0 0 1 0 1 0 -1 0 0 3004.DAT
0 STEP
1 86 880.0 -240 470.0 -1 0 0 0 1 0 0 0 -1 3004.DAT
0 STEP
1 86 870.0 -264 480.0 0 0 1 0 1 0 -1 0 0 3004.DAT
0 STEP
1 86 880.0 -168 500.0 0 0 1 0 1 0 -1 0 0 3003.DAT
0 STEP
1 86 870.0 -216 490.0 0 0 1 0 1 0 -1 0 0 3005.DAT
0 STEP
1 86 880.0 -240 500.0 0 0 1 0 1 0 -1 0 0 3003.DAT
0 STEP
1 86 870.0 -120 510.0 0 0 1 0 1 0 -1 0 0 3005.DAT
0 STEP
1 86 880.0 -144 510.0 -1 0 0 0 1 0 0 0 -1 3004.DAT
0 STEP
1 86 870.0 -192 510.0 0 0 1 0 1 0 -1 0 0 3005.DAT
0 STEP
1 86 920.0 -144 10.0 -1 0 0 0 1 0 0 0 -1 3010.DAT
0 STEP
1 86 920.0 -192 10.0 -1 0 0 0 1 0 0 0 -1 3010.DAT
0 STEP
1 86 960.0 -240 10.0 -1 0 0 0 1 0 0 0 -1 3008.DAT
0 STEP
1 86 900.0 -288 10.0 -1 0 0 0 1 0 0 0 -1 3004.DAT
0 STEP
1 86 890.0 -336 20.0 0 0 1 0 1 0 -1 0 0 3004.DAT
0 STEP
1 86 920.0 -432 20.0 -1 0 0 0 1 0 0 0 -1 3001.DAT
0 STEP
1 86 920.0 -144 40.0 -1 0 0 0 1 0 0 0 -1 3001.DAT
0 STEP
1 86 890.0 -192 40.0 0 0 1 0 1 0 -1 0 0 3004.DAT
0 STEP
1 86 900.0 -216 30.0 -1 0 0 0 1 0 0 0 -1 3004.DAT
0 STEP
1 86 940.0 -240 40.0 -1 0 0 0 1 0 0 0 -1 2456.DAT
0 STEP
1 86 890.0 -264 40.0 0 0 1 0 1 0 -1 0 0 3004.DAT
0 STEP
1 86 900.0 -360 40.0 0 0 1 0 1 0 -1 0 0 3003.DAT
0 STEP
1 86 900.0 -72 50.0 -1 0 0 0 1 0 0 0 -1 3004.DAT
0 STEP
1 86 890.0 -432 50.0 0 0 1 0 1 0 -1 0 0 3005.DAT
0 STEP
1 86 920.0 -480 50.0 -1 0 0 0 1 0 0 0 -1 3010.DAT
0 STEP
1 86 900.0 -72 100.0 0 0 1 0 1 0 -1 0 0 3001.DAT
0 STEP
1 86 900.0 -120 70.0 -1 0 0 0 1 0 0 0 -1 3004.DAT
0 STEP
1 86 900.0 -432 70.0 -1 0 0 0 1 0 0 0 -1 3004.DAT
0 STEP
1 86 940.0 -96 90.0 -1 0 0 0 1 0 0 0 -1 3009.DAT
0 STEP
1 86 900.0 -120 120.0 0 0 1 0 1 0 -1 0 0 3001.DAT
0 STEP
1 86 890.0 -432 90.0 0 0 1 0 1 0 -1 0 0 3005.DAT
0 STEP
1 86 900.0 -480 90.0 -1 0 0 0 1 0 0 0 -1 3004.DAT
0 STEP
1 86 890.0 -96 110.0 0 0 1 0 1 0 -1 0 0 3005.DAT
0 STEP
1 86 920.0 -360 110.0 -1 0 0 0 1 0 0 0 -1 3010.DAT
0 STEP
1 86 920.0 -432 120.0 -1 0 0 0 1 0 0 0 -1 3001.DAT
0 STEP
1 86 900.0 -456 110.0 -1 0 0 0 1 0 0 0 -1 3004.DAT
0 STEP
1 86 890.0 -480 120.0 0 0 1 0 1 0 -1 0 0 3004.DAT
0 STEP
1 86 900.0 -336 140.0 0 0 1 0 1 0 -1 0 0 3003.DAT
0 STEP
1 86 890.0 -360 130.0 0 0 1 0 1 0 -1 0 0 3005.DAT
0 STEP
1 86 890.0 -456 130.0 0 0 1 0 1 0 -1 0 0 3005.DAT
0 STEP
1 86 890.0 -72 160.0 0 0 1 0 1 0 -1 0 0 3004.DAT
0 STEP
1 86 900.0 -96 180.0 0 0 1 0 1 0 -1 0 0 3001.DAT
0 STEP
1 86 890.0 -360 160.0 0 0 1 0 1 0 -1 0 0 3004.DAT
0 STEP
1 86 900.0 -336 170.0 -1 0 0 0 1 0 0 0 -1 3004.DAT
0 STEP
1 86 890.0 -72 190.0 0 0 1 0 1 0 -1 0 0 3005.DAT
0 STEP
1 86 920.0 -312 190.0 -1 0 0 0 1 0 0 0 -1 3010.DAT
0 STEP
1 86 900.0 -360 200.0 0 0 1 0 1 0 -1 0 0 3003.DAT
0 STEP
1 86 890.0 -312 210.0 0 0 1 0 1 0 -1 0 0 3005.DAT
0 STEP
1 86 890.0 -72 230.0 0 0 1 0 1 0 -1 0 0 3005.DAT
0 STEP
1 86 890.0 -96 230.0 0 0 1 0 1 0 -1 0 0 3005.DAT
0 STEP
1 86 900.0 -288 240.0 0 0 1 0 1 0 -1 0 0 3003.DAT
0 STEP
1 86 890.0 -72 260.0 0 0 1 0 1 0 -1 0 0 3004.DAT
0 STEP
1 86 900.0 -96 260.0 0 0 1 0 1 0 -1 0 0 3003.DAT
0 STEP
1 86 890.0 -120 260.0 0 0 1 0 1 0 -1 0 0 3004.DAT
0 STEP
1 86 920.0 -240 250.0 -1 0 0 0 1 0 0 0 -1 3010.DAT
0 STEP
1 86 890.0 -264 280.0 0 0 1 0 1 0 -1 0 0 3010.DAT
0 STEP
1 86 920.0 -240 280.0 -1 0 0 0 1 0 0 0 -1 3001.DAT
0 STEP
1 86 890.0 -72 290.0 0 0 1 0 1 0 -1 0 0 3005.DAT
0 STEP
1 86 890.0 -96 300.0 0 0 1 0 1 0 -1 0 0 3004.DAT
0 STEP
1 86 940.0 -120 290.0 -1 0 0 0 1 0 0 0 -1 3009.DAT
0 STEP
1 86 900.0 -288 290.0 -1 0 0 0 1 0 0 0 -1 3004.DAT
0 STEP
1 86 900.0 -72 310.0 -1 0 0 0 1 0 0 0 -1 3004.DAT
0 STEP
1 86 900.0 -288 320.0 0 0 1 0 1 0 -1 0 0 3003.DAT
0 STEP
1 86 890.0 -72 340.0 0 0 1 0 1 0 -1 0 0 3004.DAT
0 STEP
1 86 900.0 -240 340.0 0 0 1 0 1 0 -1 0 0 3003.DAT
0 STEP
1 86 890.0 -264 330.0 0 0 1 0 1 0 -1 0 0 3005.DAT
0 STEP
1 86 890.0 -120 360.0 0 0 1 0 1 0 -1 0 0 3004.DAT
0 STEP
1 86 900.0 -288 350.0 -1 0 0 0 1 0 0 0 -1 3004.DAT
0 STEP
1 86 890.0 -72 370.0 0 0 1 0 1 0 -1 0 0 3005.DAT
0 STEP
1 86 900.0 -96 400.0 0 0 1 0 1 0 -1 0 0 3001.DAT
0 STEP
1 86 890.0 -240 400.0 0 0 1 0 1 0 -1 0 0 3010.DAT
0 STEP
1 86 900.0 -264 370.0 -1 0 0 0 1 0 0 0 -1 3004.DAT
0 STEP
1 86 890.0 -288 370.0 0 0 1 0 1 0 -1 0 0 3005.DAT
0 STEP
1 86 890.0 -72 400.0 0 0 1 0 1 0 -1 0 0 3004.DAT
0 STEP
1 86 890.0 -120 390.0 0 0 1 0 1 0 -1 0 0 3005.DAT
0 STEP
1 86 890.0 -264 390.0 0 0 1 0 1 0 -1 0 0 3005.DAT
0 STEP
1 86 940.0 -288 400.0 -1 0 0 0 1 0 0 0 -1 2456.DAT
0 STEP
1 86 890.0 -264 430.0 0 0 1 0 1 0 -1 0 0 3005.DAT
0 STEP
1 86 890.0 -288 460.0 0 0 1 0 1 0 -1 0 0 3010.DAT
0 STEP
1 86 890.0 -96 450.0 0 0 1 0 1 0 -1 0 0 3005.DAT
0 STEP
1 86 890.0 -240 450.0 0 0 1 0 1 0 -1 0 0 3005.DAT
0 STEP
1 86 890.0 -264 460.0 0 0 1 0 1 0 -1 0 0 3004.DAT
0 STEP
1 86 900.0 -120 470.0 -1 0 0 0 1 0 0 0 -1 3004.DAT
0 STEP
1 86 920.0 -192 470.0 -1 0 0 0 1 0 0 0 -1 3010.DAT
0 STEP
1 86 920.0 -216 480.0 -1 0 0 0 1 0 0 0 -1 3001.DAT
0 STEP
1 86 900.0 -96 490.0 -1 0 0 0 1 0 0 0 -1 3004.DAT
0 STEP
1 86 940.0 -120 500.0 -1 0 0 0 1 0 0 0 -1 2456.DAT
0 STEP
1 86 890.0 -192 500.0 0 0 1 0 1 0 -1 0 0 3004.DAT
0 STEP
1 86 890.0 -264 490.0 0 0 1 0 1 0 -1 0 0 3005.DAT
0 STEP
1 86 890.0 -96 510.0 0 0 1 0 1 0 -1 0 0 3005.DAT
0 STEP
1 86 890.0 -288 510.0 0 0 1 0 1 0 -1 0 0 3005.DAT
0 STEP
1 86 910.0 -96 10.0 0 0 1 0 1 0 -1 0 0 3005.DAT
0 STEP
1 86 920.0 -168 20.0 0 0 1 0 1 0 -1 0 0 3003.DAT
0 STEP
1 86 910.0 -216 10.0 0 0 1 0 1 0 -1 0 0 3005.DAT
0 STEP
1 86 960.0 -264 20.0 -1 0 0 0 1 0 0 0 -1 2456.DAT
0 STEP
1 86 920.0 -312 10.0 -1 0 0 0 1 0 0 0 -1 3004.DAT
0 STEP
1 86 920.0 -336 20.0 0 0 1 0 1 0 -1 0 0 3003.DAT
0 STEP
1 86 910.0 -456 10.0 0 0 1 0 1 0 -1 0 0 3005.DAT
0 STEP
1 86 910.0 -96 40.0 0 0 1 0 1 0 -1 0 0 3004.DAT
0 STEP
1 86 920.0 -192 40.0 0 0 1 0 1 0 -1 0 0 3003.DAT
0 STEP
1 86 910.0 -288 40.0 0 0 1 0 1 0 -1 0 0 3004.DAT
0 STEP
1 86 920.0 -312 40.0 0 0 1 0 1 0 -1 0 0 3003.DAT
0 STEP
1 86 920.0 -408 30.0 -1 0 0 0 1 0 0 0 -1 3004.DAT
0 STEP
1 86 910.0 -456 60.0 0 0 1 0 1 0 -1 0 0 3010.DAT
0 STEP
1 86 920.0 -168 50.0 -1 0 0 0 1 0 0 0 -1 3004.DAT
0 STEP
1 86 960.0 -264 50.0 -1 0 0 0 1 0 0 0 -1 3009.DAT
0 STEP
1 86 910.0 -408 50.0 0 0 1 0 1 0 -1 0 0 3005.DAT
0 STEP
1 86 920.0 -432 50.0 -1 0 0 0 1 0 0 0 -1 3004.DAT
0 STEP
1 86 910.0 -96 70.0 0 0 1 0 1 0 -1 0 0 3005.DAT
0 STEP
1 86 910.0 -408 80.0 0 0 1 0 1 0 -1 0 0 3004.DAT
0 STEP
1 86 920.0 -432 90.0 -1 0 0 0 1 0 0 0 -1 3004.DAT
0 STEP
1 86 910.0 -96 120.0 0 0 1 0 1 0 -1 0 0 3004.DAT
0 STEP
1 86 910.0 -384 120.0 0 0 1 0 1 0 -1 0 0 3004.DAT
0 STEP
1 86 920.0 -480 110.0 -1 0 0 0 1 0 0 0 -1 3004.DAT
0 STEP
1 86 920.0 -360 130.0 -1 0 0 0 1 0 0 0 -1 3004.DAT
0 STEP
1 86 920.0 -456 130.0 -1 0 0 0 1 0 0 0 -1 3004.DAT
0 STEP
1 86 910.0 -480 130.0 0 0 1 0 1 0 -1 0 0 3005.DAT
0 STEP
1 86 920.0 -72 150.0 -1 0 0 0 1 0 0 0 -1 3004.DAT
0 STEP
1 86 920.0 -360 160.0 0 0 1 0 1 0 -1 0 0 3003.DAT
0 STEP
1 86 910.0 -72 170.0 0 0 1 0 1 0 -1 0 0 3005.DAT
0 STEP
1 86 910.0 -120 170.0 0 0 1 0 1 0 -1 0 0 3005.DAT
0 STEP
1 86 920.0 -72 190.0 -1 0 0 0 1 0 0 0 -1 3004.DAT
0 STEP
1 86 920.0 -336 200.0 0 0 1 0 1 0 -1 0 0 3003.DAT
0 STEP
1 86 910.0 -72 210.0 0 0 1 0 1 0 -1 0 0 3005.DAT
0 STEP
1 86 940.0 -312 220.0 -1 0 0 0 1 0 0 0 -1 3001.DAT
0 STEP
1 86 910.0 -72 260.0 0 0 1 0 1 0 -1 0 0 3010.DAT
0 STEP
1 86 920.0 -96 230.0 -1 0 0 0 1 0 0 0 -1 3004.DAT
0 STEP
1 86 920.0 -336 230.0 -1 0 0 0 1 0 0 0 -1 3004.DAT
0 STEP
1 86 920.0 -120 260.0 0 0 1 0 1 0 -1 0 0 3003.DAT
0 STEP
1 86 920.0 -264 280.0 0 0 1 0 1 0 -1 0 0 3001.DAT
0 STEP
1 86 910.0 -288 270.0 0 0 1 0 1 0 -1 0 0 3005.DAT
0 STEP
1 86 910.0 -96 290.0 0 0 1 0 1 0 -1 0 0 3005.DAT
0 STEP
1 86 910.0 -96 320.0 0 0 1 0 1 0 -1 0 0 3004.DAT
0 STEP
1 86 910.0 -72 330.0 0 0 1 0 1 0 -1 0 0 3005.DAT
0 STEP
1 86 920.0 -264 330.0 -1 0 0 0 1 0 0 0 -1 3004.DAT
0 STEP
1 86 920.0 -72 360.0 0 0 1 0 1 0 -1 0 0 3003.DAT
0 STEP
1 86 910.0 -96 350.0 0 0 1 0 1 0 -1 0 0 3005.DAT
0 STEP
1 86 940.0 -120 360.0 -1 0 0 0 1 0 0 0 -1 3001.DAT
0 STEP
1 86 910.0 -264 350.0 0 0 1 0 1 0 -1 0 0 3005.DAT
0 STEP
1 86 910.0 -240 380.0 0 0 1 0 1 0 -1 0 0 3004.DAT
0 STEP
1 86 920.0 -288 370.0 -1 0 0 0 1 0 0 0 -1 3004.DAT
0 STEP
1 86 940.0 -72 400.0 -1 0 0 0 1 0 0 0 -1 3001.DAT
0 STEP
1 86 920.0 -120 390.0 -1 0 0 0 1 0 0 0 -1 3004.DAT
0 STEP
1 86 920.0 -264 400.0 0 0 1 0 1 0 -1 0 0 3003.DAT
0 STEP
1 86 910.0 -120 410.0 0 0 1 0 1 0 -1 0 0 3005.DAT
0 STEP
1 86 910.0 -240 410.0 0 0 1 0 1 0 -1 0 0 3005.DAT
0 STEP
1 86 910.0 -72 460.0 0 0 1 0 1 0 -1 0 0 3010.DAT
0 STEP
1 86 910.0 -120 440.0 0 0 1 0 1 0 -1 0 0 3004.DAT
0 STEP
1 86 940.0 -240 430.0 -1 0 0 0 1 0 0 0 -1 3010.DAT
0 STEP
1 86 910.0 -264 460.0 0 0 1 0 1 0 -1 0 0 3010.DAT
0 STEP
1 86 920.0 -288 430.0 -1 0 0 0 1 0 0 0 -1 3004.DAT
0 STEP
1 86 920.0 -96 450.0 -1 0 0 0 1 0 0 0 -1 3004.DAT
0 STEP
1 86 910.0 -240 460.0 0 0 1 0 1 0 -1 0 0 3004.DAT
0 STEP
1 86 920.0 -288 460.0 0 0 1 0 1 0 -1 0 0 3003.DAT
0 STEP
1 86 920.0 -144 470.0 -1 0 0 0 1 0 0 0 -1 3004.DAT
0 STEP
1 86 920.0 -168 480.0 0 0 1 0 1 0 -1 0 0 3003.DAT
0 STEP
1 86 910.0 -144 500.0 0 0 1 0 1 0 -1 0 0 3004.DAT
0 STEP
1 86 940.0 -192 500.0 -1 0 0 0 1 0 0 0 -1 3001.DAT
0 STEP
1 86 910.0 -240 490.0 0 0 1 0 1 0 -1 0 0 3005.DAT
0 STEP
1 86 940.0 -288 500.0 -1 0 0 0 1 0 0 0 -1 3001.DAT
0 STEP
1 86 910.0 -72 510.0 0 0 1 0 1 0 -1 0 0 3005.DAT
0 STEP
1 86 940.0 -96 510.0 -1 0 0 0 1 0 0 0 -1 3010.DAT
0 STEP
1 86 920.0 -168 510.0 -1 0 0 0 1 0 0 0 -1 3004.DAT
0 STEP
1 86 920.0 -240 510.0 -1 0 0 0 1 0 0 0 -1 3004.DAT
0 STEP
1 86 930.0 -72 10.0 0 0 1 0 1 0 -1 0 0 3005.DAT
0 STEP
1 86 930.0 -96 20.0 0 0 1 0 1 0 -1 0 0 3004.DAT
0 STEP
1 86 930.0 -216 20.0 0 0 1 0 1 0 -1 0 0 3004.DAT
0 STEP
1 86 930.0 -288 10.0 0 0 1 0 1 0 -1 0 0 3005.DAT
0 STEP
1 86 930.0 -384 20.0 0 0 1 0 1 0 -1 0 0 3004.DAT
0 STEP
1 86 930.0 -456 20.0 0 0 1 0 1 0 -1 0 0 3004.DAT
0 STEP
1 86 930.0 -72 40.0 0 0 1 0 1 0 -1 0 0 3004.DAT
0 STEP
1 86 940.0 -288 40.0 0 0 1 0 1 0 -1 0 0 3003.DAT
0 STEP
1 86 930.0 -360 40.0 0 0 1 0 1 0 -1 0 0 3004.DAT
0 STEP
1 86 930.0 -96 50.0 0 0 1 0 1 0 -1 0 0 3005.DAT
0 STEP
1 86 940.0 -408 60.0 0 0 1 0 1 0 -1 0 0 3003.DAT
0 STEP
1 86 960.0 -456 50.0 -1 0 0 0 1 0 0 0 -1 3010.DAT
0 STEP
1 86 930.0 -72 70.0 0 0 1 0 1 0 -1 0 0 3005.DAT
0 STEP
1 86 960.0 -96 70.0 -1 0 0 0 1 0 0 0 -1 3010.DAT
0 STEP
1 86 940.0 -120 80.0 0 0 1 0 1 0 -1 0 0 3003.DAT
0 STEP
1 86 930.0 -432 70.0 0 0 1 0 1 0 -1 0 0 3005.DAT
0 STEP
1 86 930.0 -456 70.0 0 0 1 0 1 0 -1 0 0 3005.DAT
0 STEP
1 86 930.0 -72 100.0 0 0 1 0 1 0 -1 0 0 3004.DAT
0 STEP
1 86 930.0 -408 100.0 0 0 1 0 1 0 -1 0 0 3004.DAT
0 STEP
1 86 930.0 -456 100.0 0 0 1 0 1 0 -1 0 0 3004.DAT
0 STEP
1 86 930.0 -480 90.0 0 0 1 0 1 0 -1 0 0 3005.DAT
0 STEP
1 86 940.0 -96 120.0 0 0 1 0 1 0 -1 0 0 3003.DAT
0 STEP
1 86 980.0 -120 110.0 -1 0 0 0 1 0 0 0 -1 3009.DAT
0 STEP
1 86 940.0 -384 120.0 0 0 1 0 1 0 -1 0 0 3003.DAT
0 STEP
1 86 930.0 -72 130.0 0 0 1 0 1 0 -1 0 0 3005.DAT
0 STEP
1 86 930.0 -120 140.0 0 0 1 0 1 0 -1 0 0 3004.DAT
0 STEP
1 86 940.0 -336 130.0 -1 0 0 0 1 0 0 0 -1 3004.DAT
0 STEP
1 86 930.0 -408 130.0 0 0 1 0 1 0 -1 0 0 3005.DAT
0 STEP
1 86 940.0 -480 130.0 -1 0 0 0 1 0 0 0 -1 3004.DAT
0 STEP
1 86 930.0 -96 150.0 0 0 1 0 1 0 -1 0 0 3005.DAT
0 STEP
1 86 940.0 -336 160.0 0 0 1 0 1 0 -1 0 0 3003.DAT
0 STEP
1 86 940.0 -72 170.0 -1 0 0 0 1 0 0 0 -1 3004.DAT
0 STEP
1 86 930.0 -96 180.0 0 0 1 0 1 0 -1 0 0 3004.DAT
0 STEP
1 86 940.0 -120 170.0 -1 0 0 0 1 0 0 0 -1 3004.DAT
0 STEP
1 86 930.0 -360 200.0 0 0 1 0 1 0 -1 0 0 3004.DAT
0 STEP
1 86 940.0 -72 210.0 -1 0 0 0 1 0 0 0 -1 3004.DAT
0 STEP
1 86 930.0 -96 210.0 0 0 1 0 1 0 -1 0 0 3005.DAT
0 STEP
1 86 930.0 -288 210.0 0 0 1 0 1 0 -1 0 0 3005.DAT
0 STEP
1 86 930.0 -72 230.0 0 0 1 0 1 0 -1 0 0 3005.DAT
0 STEP
1 86 940.0 -288 260.0 0 0 1 0 1 0 -1 0 0 3001.DAT
0 STEP
1 86 940.0 -72 260.0 0 0 1 0 1 0 -1 0 0 3003.DAT
0 STEP
1 86 930.0 -96 260.0 0 0 1 0 1 0 -1 0 0 3004.DAT
0 STEP
1 86 930.0 -72 290.0 0 0 1 0 1 0 -1 0 0 3005.DAT
0 STEP
1 86 930.0 -96 360.0 0 0 1 0 1 0 -1 0 0 3008.DAT
0 STEP
1 86 940.0 -72 320.0 0 0 1 0 1 0 -1 0 0 3003.DAT
0 STEP
1 86 930.0 -288 320.0 0 0 1 0 1 0 -1 0 0 3004.DAT
0 STEP
1 86 930.0 -240 340.0 0 0 1 0 1 0 -1 0 0 3004.DAT
0 STEP
1 86 930.0 -264 360.0 0 0 1 0 1 0 -1 0 0 3004.DAT
0 STEP
1 86 930.0 -288 350.0 0 0 1 0 1 0 -1 0 0 3005.DAT
0 STEP
1 86 940.0 -240 370.0 -1 0 0 0 1 0 0 0 -1 3004.DAT
0 STEP
1 86 930.0 -240 390.0 0 0 1 0 1 0 -1 0 0 3005.DAT
0 STEP
1 86 940.0 -120 410.0 -1 0 0 0 1 0 0 0 -1 3004.DAT
0 STEP
1 86 940.0 -240 410.0 -1 0 0 0 1 0 0 0 -1 3004.DAT
0 STEP
1 86 930.0 -72 440.0 0 0 1 0 1 0 -1 0 0 3004.DAT
0 STEP
1 86 930.0 -120 430.0 0 0 1 0 1 0 -1 0 0 3005.DAT
0 STEP
1 86 940.0 -264 430.0 -1 0 0 0 1 0 0 0 -1 3004.DAT
0 STEP
1 86 930.0 -120 460.0 0 0 1 0 1 0 -1 0 0 3004.DAT
0 STEP
1 86 930.0 -240 450.0 0 0 1 0 1 0 -1 0 0 3005.DAT
0 STEP
1 86 940.0 -264 460.0 0 0 1 0 1 0 -1 0 0 3003.DAT
0 STEP
1 86 940.0 -72 470.0 -1 0 0 0 1 0 0 0 -1 3004.DAT
0 STEP
1 86 930.0 -96 480.0 0 0 1 0 1 0 -1 0 0 3004.DAT
0 STEP
1 86 930.0 -240 480.0 0 0 1 0 1 0 -1 0 0 3004.DAT
0 STEP
1 86 940.0 -72 500.0 0 0 1 0 1 0 -1 0 0 3003.DAT
0 STEP
1 86 930.0 -144 490.0 0 0 1 0 1 0 -1 0 0 3005.DAT
0 STEP
1 86 940.0 -264 490.0 -1 0 0 0 1 0 0 0 -1 3004.DAT
0 STEP
1 86 960.0 -144 510.0 -1 0 0 0 1 0 0 0 -1 3010.DAT
0 STEP
1 86 930.0 -216 510.0 0 0 1 0 1 0 -1 0 0 3005.DAT
0 STEP
1 86 930.0 -264 510.0 0 0 1 0 1 0 -1 0 0 3005.DAT
0 STEP
1 86 950.0 -72 40.0 0 0 1 0 1 0 -1 0 0 3010.DAT
0 STEP
1 86 1000.0 -96 20.0 -1 0 0 0 1 0 0 0 -1 2456.DAT
0 STEP
1 86 960.0 -168 10.0 -1 0 0 0 1 0 0 0 -1 3004.DAT
0 STEP
1 86 980.0 -216 10.0 -1 0 0 0 1 0 0 0 -1 3010.DAT
0 STEP
1 86 960.0 -288 10.0 -1 0 0 0 1 0 0 0 -1 3004.DAT
0 STEP
1 86 960.0 -312 20.0 0 0 1 0 1 0 -1 0 0 3003.DAT
0 STEP
1 86 1000.0 -336 10.0 -1 0 0 0 1 0 0 0 -1 3009.DAT
0 STEP
1 86 950.0 -360 20.0 0 0 1 0 1 0 -1 0 0 3004.DAT
0 STEP
1 86 960.0 -384 10.0 -1 0 0 0 1 0 0 0 -1 3004.DAT
0 STEP
1 86 980.0 -456 20.0 -1 0 0 0 1 0 0 0 -1 3001.DAT
0 STEP
1 86 960.0 -168 40.0 0 0 1 0 1 0 -1 0 0 3003.DAT
0 STEP
1 86 950.0 -192 40.0 0 0 1 0 1 0 -1 0 0 3004.DAT
0 STEP
1 86 960.0 -216 40.0 0 0 1 0 1 0 -1 0 0 3003.DAT
0 STEP
1 86 950.0 -336 30.0 0 0 1 0 1 0 -1 0 0 3005.DAT
0 STEP
1 86 960.0 -384 40.0 0 0 1 0 1 0 -1 0 0 3003.DAT
0 STEP
1 86 950.0 -408 30.0 0 0 1 0 1 0 -1 0 0 3005.DAT
0 STEP
1 86 1020.0 -96 50.0 -1 0 0 0 1 0 0 0 -1 3008.DAT
0 STEP
1 86 950.0 -120 50.0 0 0 1 0 1 0 -1 0 0 3005.DAT
0 STEP
1 86 980.0 -312 50.0 -1 0 0 0 1 0 0 0 -1 3010.DAT
0 STEP
1 86 950.0 -360 50.0 0 0 1 0 1 0 -1 0 0 3005.DAT
0 STEP
1 86 950.0 -432 50.0 0 0 1 0 1 0 -1 0 0 3005.DAT
0 STEP
1 86 950.0 -432 80.0 0 0 1 0 1 0 -1 0 0 3004.DAT
0 STEP
1 86 960.0 -456 70.0 -1 0 0 0 1 0 0 0 -1 3004.DAT
0 STEP
1 86 960.0 -72 100.0 0 0 1 0 1 0 -1 0 0 3003.DAT
0 STEP
1 86 960.0 -408 90.0 -1 0 0 0 1 0 0 0 -1 3004.DAT
0 STEP
1 86 950.0 -456 90.0 0 0 1 0 1 0 -1 0 0 3005.DAT
0 STEP
1 86 960.0 -480 90.0 -1 0 0 0 1 0 0 0 -1 3004.DAT
0 STEP
1 86 960.0 -408 120.0 0 0 1 0 1 0 -1 0 0 3003.DAT
0 STEP
1 86 960.0 -456 120.0 0 0 1 0 1 0 -1 0 0 3003.DAT
0 STEP
1 86 950.0 -480 110.0 0 0 1 0 1 0 -1 0 0 3005.DAT
0 STEP
1 86 950.0 -72 140.0 0 0 1 0 1 0 -1 0 0 3004.DAT
0 STEP
1 86 960.0 -120 140.0 0 0 1 0 1 0 -1 0 0 3003.DAT
0 STEP
1 86 960.0 -360 160.0 0 0 1 0 1 0 -1 0 0 3001.DAT
0 STEP
1 86 950.0 -96 160.0 0 0 1 0 1 0 -1 0 0 3004.DAT
0 STEP
1 86 960.0 -312 150.0 -1 0 0 0 1 0 0 0 -1 3004.DAT
0 STEP
1 86 950.0 -312 170.0 0 0 1 0 1 0 -1 0 0 3005.DAT
0 STEP
1 86 950.0 -72 190.0 0 0 1 0 1 0 -1 0 0 3005.DAT
0 STEP
1 86 950.0 -96 190.0 0 0 1 0 1 0 -1 0 0 3005.DAT
0 STEP
1 86 960.0 -336 190.0 -1 0 0 0 1 0 0 0 -1 3004.DAT
0 STEP
1 86 950.0 -96 220.0 0 0 1 0 1 0 -1 0 0 3004.DAT
0 STEP
1 86 950.0 -120 210.0 0 0 1 0 1 0 -1 0 0 3005.DAT
0 STEP
1 86 960.0 -288 210.0 -1 0 0 0 1 0 0 0 -1 3004.DAT
0 STEP
1 86 950.0 -336 220.0 0 0 1 0 1 0 -1 0 0 3004.DAT
0 STEP
1 86 960.0 -72 230.0 -1 0 0 0 1 0 0 0 -1 3004.DAT
0 STEP
1 86 960.0 -120 240.0 0 0 1 0 1 0 -1 0 0 3003.DAT
0 STEP
1 86 960.0 -96 250.0 -1 0 0 0 1 0 0 0 -1 3004.DAT
0 STEP
1 86 960.0 -264 260.0 0 0 1 0 1 0 -1 0 0 3003.DAT
0 STEP
1 86 950.0 -96 280.0 0 0 1 0 1 0 -1 0 0 3004.DAT
0 STEP
1 86 960.0 -120 270.0 -1 0 0 0 1 0 0 0 -1 3004.DAT
0 STEP
1 86 960.0 -72 290.0 -1 0 0 0 1 0 0 0 -1 3004.DAT
0 STEP
1 86 950.0 -264 320.0 0 0 1 0 1 0 -1 0 0 3010.DAT
0 STEP
1 86 960.0 -96 310.0 -1 0 0 0 1 0 0 0 -1 3004.DAT
0 STEP
1 86 950.0 -120 310.0 0 0 1 0 1 0 -1 0 0 3005.DAT
0 STEP
1 86 950.0 -240 320.0 0 0 1 0 1 0 -1 0 0 3004.DAT
0 STEP
1 86 960.0 -288 320.0 0 0 1 0 1 0 -1 0 0 3003.DAT
0 STEP
1 86 950.0 -96 400.0 0 0 1 0 1 0 -1 0 0 3008.DAT
0 STEP
1 86 950.0 -72 360.0 0 0 1 0 1 0 -1 0 0 3004.DAT
0 STEP
1 86 950.0 -240 350.0 0 0 1 0 1 0 -1 0 0 3005.DAT
0 STEP
1 86 950.0 -288 360.0 0 0 1 0 1 0 -1 0 0 3004.DAT
0 STEP
1 86 960.0 -264 370.0 -1 0 0 0 1 0 0 0 -1 3004.DAT
0 STEP
1 86 950.0 -120 390.0 0 0 1 0 1 0 -1 0 0 3005.DAT
0 STEP
1 86 960.0 -240 390.0 -1 0 0 0 1 0 0 0 -1 3004.DAT
0 STEP
1 86 950.0 -264 400.0 0 0 1 0 1 0 -1 0 0 3004.DAT
0 STEP
1 86 960.0 -72 430.0 -1 0 0 0 1 0 0 0 -1 3004.DAT
0 STEP
1 86 960.0 -120 440.0 0 0 1 0 1 0 -1 0 0 3003.DAT
0 STEP
1 86 950.0 -288 440.0 0 0 1 0 1 0 -1 0 0 3004.DAT
0 STEP
1 86 950.0 -72 450.0 0 0 1 0 1 0 -1 0 0 3005.DAT
0 STEP
1 86 960.0 -240 450.0 -1 0 0 0 1 0 0 0 -1 3004.DAT
0 STEP
1 86 960.0 -120 470.0 -1 0 0 0 1 0 0 0 -1 3004.DAT
0 STEP
1 86 980.0 -144 480.0 -1 0 0 0 1 0 0 0 -1 3001.DAT
0 STEP
1 86 950.0 -168 470.0 0 0 1 0 1 0 -1 0 0 3005.DAT
0 STEP
1 86 980.0 -240 480.0 -1 0 0 0 1 0 0 0 -1 3001.DAT
0 STEP
1 86 960.0 -288 470.0 -1 0 0 0 1 0 0 0 -1 3004.DAT
0 STEP
1 86 980.0 -96 490.0 -1 0 0 0 1 0 0 0 -1 3010.DAT
0 STEP
1 86 950.0 -168 500.0 0 0 1 0 1 0 -1 0 0 3004.DAT
0 STEP
1 86 960.0 -216 510.0 -1 0 0 0 1 0 0 0 -1 3004.DAT
0 STEP
1 86 950.0 -240 510.0 0 0 1 0 1 0 -1 0 0 3005.DAT
0 STEP
1 86 960.0 -264 510.0 -1 0 0 0 1 0 0 0 -1 3004.DAT
0 STEP
1 86 980.0 -72 40.0 0 0 1 0 1 0 -1 0 0 3001.DAT
0 STEP
1 86 1020.0 -120 10.0 -1 0 0 0 1 0 0 0 -1 3009.DAT
0 STEP
1 86 980.0 -144 20.0 0 0 1 0 1 0 -1 0 0 3003.DAT
0 STEP
1 86 980.0 -192 20.0 0 0 1 0 1 0 -1 0 0 3003.DAT
0 STEP
1 86 970.0 -360 10.0 0 0 1 0 1 0 -1 0 0 3005.DAT
0 STEP
1 86 970.0 -432 60.0 0 0 1 0 1 0 -1 0 0 3009.DAT
0 STEP
1 86 970.0 -120 30.0 0 0 1 0 1 0 -1 0 0 3005.DAT
0 STEP
1 86 1020.0 -288 40.0 -1 0 0 0 1 0 0 0 -1 2456.DAT
0 STEP
1 86 980.0 -336 30.0 -1 0 0 0 1 0 0 0 -1 3004.DAT
0 STEP
1 86 970.0 -360 40.0 0 0 1 0 1 0 -1 0 0 3004.DAT
0 STEP
1 86 1000.0 -408 40.0 -1 0 0 0 1 0 0 0 -1 3001.DAT
0 STEP
1 86 970.0 -120 60.0 0 0 1 0 1 0 -1 0 0 3004.DAT
0 STEP
1 86 1000.0 -144 50.0 -1 0 0 0 1 0 0 0 -1 3010.DAT
0 STEP
1 86 980.0 -192 50.0 -1 0 0 0 1 0 0 0 -1 3004.DAT
0 STEP
1 86 970.0 -480 60.0 0 0 1 0 1 0 -1 0 0 3004.DAT
0 STEP
1 86 980.0 -408 70.0 -1 0 0 0 1 0 0 0 -1 3004.DAT
0 STEP
1 86 1000.0 -120 90.0 -1 0 0 0 1 0 0 0 -1 3010.DAT
0 STEP
1 86 970.0 -384 90.0 0 0 1 0 1 0 -1 0 0 3005.DAT
0 STEP
1 86 980.0 -456 90.0 -1 0 0 0 1 0 0 0 -1 3004.DAT
0 STEP
1 86 970.0 -96 120.0 0 0 1 0 1 0 -1 0 0 3004.DAT
0 STEP
1 86 970.0 -360 110.0 0 0 1 0 1 0 -1 0 0 3005.DAT
0 STEP
1 86 970.0 -384 120.0 0 0 1 0 1 0 -1 0 0 3004.DAT
0 STEP
1 86 980.0 -480 120.0 0 0 1 0 1 0 -1 0 0 3003.DAT
0 STEP
1 86 980.0 -72 160.0 0 0 1 0 1 0 -1 0 0 3001.DAT
0 STEP
1 86 970.0 -336 130.0 0 0 1 0 1 0 -1 0 0 3005.DAT
0 STEP
1 86 980.0 -432 130.0 -1 0 0 0 1 0 0 0 -1 3004.DAT
0 STEP
1 86 980.0 -96 160.0 0 0 1 0 1 0 -1 0 0 3003.DAT
0 STEP
1 86 970.0 -336 160.0 0 0 1 0 1 0 -1 0 0 3004.DAT
0 STEP
1 86 970.0 -120 170.0 0 0 1 0 1 0 -1 0 0 3005.DAT
0 STEP
1 86 970.0 -312 180.0 0 0 1 0 1 0 -1 0 0 3004.DAT
0 STEP
1 86 970.0 -96 200.0 0 0 1 0 1 0 -1 0 0 3004.DAT
0 STEP
1 86 970.0 -72 210.0 0 0 1 0 1 0 -1 0 0 3005.DAT
0 STEP
1 86 980.0 -120 210.0 -1 0 0 0 1 0 0 0 -1 3004.DAT
0 STEP
1 86 980.0 -336 210.0 -1 0 0 0 1 0 0 0 -1 3004.DAT
0 STEP
1 86 1000.0 -96 230.0 -1 0 0 0 1 0 0 0 -1 3010.DAT
0 STEP
1 86 980.0 -288 240.0 0 0 1 0 1 0 -1 0 0 3003.DAT
0 STEP
1 86 970.0 -72 260.0 0 0 1 0 1 0 -1 0 0 3004.DAT
0 STEP
1 86 970.0 -240 280.0 0 0 1 0 1 0 -1 0 0 3010.DAT
0 STEP
1 86 980.0 -96 280.0 0 0 1 0 1 0 -1 0 0 3003.DAT
0 STEP
1 86 970.0 -288 280.0 0 0 1 0 1 0 -1 0 0 3004.DAT
0 STEP
1 86 980.0 -264 290.0 -1 0 0 0 1 0 0 0 -1 3004.DAT
0 STEP
1 86 970.0 -72 320.0 0 0 1 0 1 0 -1 0 0 3004.DAT
0 STEP
1 86 1000.0 -120 310.0 -1 0 0 0 1 0 0 0 -1 3010.DAT
0 STEP
1 86 970.0 -264 320.0 0 0 1 0 1 0 -1 0 0 3004.DAT
0 STEP
1 86 970.0 -96 360.0 0 0 1 0 1 0 -1 0 0 3010.DAT
0 STEP
1 86 970.0 -120 330.0 0 0 1 0 1 0 -1 0 0 3005.DAT
0 STEP
1 86 970.0 -240 330.0 0 0 1 0 1 0 -1 0 0 3005.DAT
0 STEP
1 86 970.0 -72 350.0 0 0 1 0 1 0 -1 0 0 3005.DAT
0 STEP
1 86 970.0 -240 360.0 0 0 1 0 1 0 -1 0 0 3004.DAT
0 STEP
1 86 970.0 -264 350.0 0 0 1 0 1 0 -1 0 0 3005.DAT
0 STEP
1 86 980.0 -288 360.0 0 0 1 0 1 0 -1 0 0 3003.DAT
0 STEP
1 86 980.0 -72 370.0 -1 0 0 0 1 0 0 0 -1 3004.DAT
0 STEP
1 86 970.0 -120 400.0 0 0 1 0 1 0 -1 0 0 3004.DAT
0 STEP
1 86 970.0 -264 390.0 0 0 1 0 1 0 -1 0 0 3005.DAT
0 STEP
1 86 970.0 -96 410.0 0 0 1 0 1 0 -1 0 0 3005.DAT
0 STEP
1 86 970.0 -240 410.0 0 0 1 0 1 0 -1 0 0 3005.DAT
0 STEP
1 86 970.0 -264 440.0 0 0 1 0 1 0 -1 0 0 3010.DAT
0 STEP
1 86 980.0 -96 430.0 -1 0 0 0 1 0 0 0 -1 3004.DAT
0 STEP
1 86 980.0 -288 440.0 0 0 1 0 1 0 -1 0 0 3003.DAT
0 STEP
1 86 970.0 -72 480.0 0 0 1 0 1 0 -1 0 0 3010.DAT
0 STEP
1 86 970.0 -96 460.0 0 0 1 0 1 0 -1 0 0 3004.DAT
0 STEP
1 86 980.0 -168 470.0 -1 0 0 0 1 0 0 0 -1 3004.DAT
0 STEP
1 86 970.0 -192 470.0 0 0 1 0 1 0 -1 0 0 3005.DAT
0 STEP
1 86 980.0 -216 470.0 -1 0 0 0 1 0 0 0 -1 3004.DAT
0 STEP
1 86 980.0 -168 500.0 0 0 1 0 1 0 -1 0 0 3003.DAT
0 STEP
1 86 970.0 -216 490.0 0 0 1 0 1 0 -1 0 0 3005.DAT
0 STEP
1 86 970.0 -264 490.0 0 0 1 0 1 0 -1 0 0 3005.DAT
0 STEP
1 86 980.0 -240 510.0 -1 0 0 0 1 0 0 0 -1 3004.DAT
0 STEP
1 86 1000.0 -168 20.0 0 0 1 0 1 0 -1 0 0 3003.DAT
0 STEP
1 86 990.0 -288 10.0 0 0 1 0 1 0 -1 0 0 3005.DAT
0 STEP
1 86 990.0 -312 20.0 0 0 1 0 1 0 -1 0 0 3004.DAT
0 STEP
1 86 1000.0 -360 20.0 0 0 1 0 1 0 -1 0 0 3003.DAT
0 STEP
1 86 990.0 -384 10.0 0 0 1 0 1 0 -1 0 0 3005.DAT
0 STEP
1 86 1000.0 -408 10.0 -1 0 0 0 1 0 0 0 -1 3004.DAT
0 STEP
1 86 990.0 -432 20.0 0 0 1 0 1 0 -1 0 0 3004.DAT
0 STEP
1 86 990.0 -120 40.0 0 0 1 0 1 0 -1 0 0 3004.DAT
0 STEP
1 86 990.0 -216 40.0 0 0 1 0 1 0 -1 0 0 3004.DAT
0 STEP
1 86 990.0 -384 60.0 0 0 1 0 1 0 -1 0 0 3010.DAT
0 STEP
1 86 1000.0 -168 50.0 -1 0 0 0 1 0 0 0 -1 3004.DAT
0 STEP
1 86 1000.0 -360 50.0 -1 0 0 0 1 0 0 0 -1 3004.DAT
0 STEP
1 86 990.0 -432 50.0 0 0 1 0 1 0 -1 0 0 3005.DAT
0 STEP
1 86 990.0 -480 50.0 0 0 1 0 1 0 -1 0 0 3005.DAT
0 STEP
1 86 1040.0 -120 70.0 -1 0 0 0 1 0 0 0 -1 3009.DAT
0 STEP
1 86 990.0 -432 80.0 0 0 1 0 1 0 -1 0 0 3004.DAT
0 STEP
1 86 990.0 -456 70.0 0 0 1 0 1 0 -1 0 0 3005.DAT
0 STEP
1 86 990.0 -480 80.0 0 0 1 0 1 0 -1 0 0 3004.DAT
0 STEP
1 86 1000.0 -72 90.0 -1 0 0 0 1 0 0 0 -1 3004.DAT
0 STEP
1 86 990.0 -408 140.0 0 0 1 0 1 0 -1 0 0 3009.DAT
0 STEP
1 86 990.0 -72 110.0 0 0 1 0 1 0 -1 0 0 3005.DAT
0 STEP
1 86 1000.0 -96 120.0 0 0 1 0 1 0 -1 0 0 3003.DAT
0 STEP
1 86 1000.0 -384 120.0 0 0 1 0 1 0 -1 0 0 3003.DAT
0 STEP
1 86 990.0 -432 110.0 0 0 1 0 1 0 -1 0 0 3005.DAT
0 STEP
1 86 990.0 -456 120.0 0 0 1 0 1 0 -1 0 0 3004.DAT
0 STEP
1 86 990.0 -120 160.0 0 0 1 0 1 0 -1 0 0 3010.DAT
0 STEP
1 86 990.0 -360 130.0 0 0 1 0 1 0 -1 0 0 3005.DAT
0 STEP
1 86 990.0 -336 150.0 0 0 1 0 1 0 -1 0 0 3005.DAT
0 STEP
1 86 990.0 -360 160.0 0 0 1 0 1 0 -1 0 0 3004.DAT
0 STEP
1 86 1000.0 -384 150.0 -1 0 0 0 1 0 0 0 -1 3004.DAT
0 STEP
1 86 990.0 -336 180.0 0 0 1 0 1 0 -1 0 0 3004.DAT
0 STEP
1 86 990.0 -384 170.0 0 0 1 0 1 0 -1 0 0 3005.DAT
0 STEP
1 86 1000.0 -96 200.0 0 0 1 0 1 0 -1 0 0 3003.DAT
0 STEP
1 86 990.0 -360 190.0 0 0 1 0 1 0 -1 0 0 3005.DAT
0 STEP
1 86 990.0 -384 200.0 0 0 1 0 1 0 -1 0 0 3004.DAT
0 STEP
1 86 990.0 -72 220.0 0 0 1 0 1 0 -1 0 0 3004.DAT
0 STEP
1 86 990.0 -312 240.0 0 0 1 0 1 0 -1 0 0 3010.DAT
0 STEP
1 86 1000.0 -360 260.0 0 0 1 0 1 0 -1 0 0 2456.DAT
0 STEP
1 86 1000.0 -408 220.0 0 0 1 0 1 0 -1 0 0 3003.DAT
0 STEP
1 86 990.0 -120 230.0 0 0 1 0 1 0 -1 0 0 3005.DAT
0 STEP
1 86 1000.0 -336 240.0 0 0 1 0 1 0 -1 0 0 3003.DAT
0 STEP
1 86 990.0 -384 230.0 0 0 1 0 1 0 -1 0 0 3005.DAT
0 STEP
1 86 1000.0 -72 260.0 0 0 1 0 1 0 -1 0 0 3003.DAT
0 STEP
1 86 990.0 -96 250.0 0 0 1 0 1 0 -1 0 0 3005.DAT
0 STEP
1 86 1000.0 -120 250.0 -1 0 0 0 1 0 0 0 -1 3004.DAT
0 STEP
1 86 990.0 -264 260.0 0 0 1 0 1 0 -1 0 0 3004.DAT
0 STEP
1 86 990.0 -384 280.0 0 0 1 0 1 0 -1 0 0 3010.DAT
0 STEP
1 86 1000.0 -408 250.0 -1 0 0 0 1 0 0 0 -1 3004.DAT
0 STEP
1 86 990.0 -120 270.0 0 0 1 0 1 0 -1 0 0 3005.DAT
0 STEP
1 86 990.0 -288 270.0 0 0 1 0 1 0 -1 0 0 3005.DAT
0 STEP
1 86 990.0 -336 300.0 0 0 1 0 1 0 -1 0 0 3010.DAT
0 STEP
1 86 1000.0 -408 280.0 0 0 1 0 1 0 -1 0 0 3003.DAT
0 STEP
1 86 990.0 -72 290.0 0 0 1 0 1 0 -1 0 0 3005.DAT
0 STEP
1 86 1000.0 -288 300.0 0 0 1 0 1 0 -1 0 0 3003.DAT
0 STEP
1 86 990.0 -312 290.0 0 0 1 0 1 0 -1 0 0 3005.DAT
0 STEP
1 86 1000.0 -72 310.0 -1 0 0 0 1 0 0 0 -1 3004.DAT
0 STEP
1 86 990.0 -96 320.0 0 0 1 0 1 0 -1 0 0 3004.DAT
0 STEP
1 86 990.0 -264 310.0 0 0 1 0 1 0 -1 0 0 3005.DAT
0 STEP
1 86 1000.0 -312 320.0 0 0 1 0 1 0 -1 0 0 3003.DAT
0 STEP
1 86 990.0 -408 310.0 0 0 1 0 1 0 -1 0 0 3005.DAT
0 STEP
1 86 1000.0 -72 340.0 0 0 1 0 1 0 -1 0 0 3003.DAT
0 STEP
1 86 990.0 -120 360.0 0 0 1 0 1 0 -1 0 0 3010.DAT
0 STEP
1 86 990.0 -264 340.0 0 0 1 0 1 0 -1 0 0 3004.DAT
0 STEP
1 86 990.0 -288 330.0 0 0 1 0 1 0 -1 0 0 3005.DAT
0 STEP
1 86 990.0 -360 340.0 0 0 1 0 1 0 -1 0 0 3004.DAT
0 STEP
1 86 1000.0 -384 330.0 -1 0 0 0 1 0 0 0 -1 3004.DAT
0 STEP
1 86 990.0 -408 400.0 0 0 1 0 1 0 -1 0 0 3008.DAT
0 STEP
1 86 1000.0 -96 380.0 0 0 1 0 1 0 -1 0 0 3001.DAT
0 STEP
1 86 1000.0 -312 350.0 -1 0 0 0 1 0 0 0 -1 3004.DAT
0 STEP
1 86 1000.0 -336 360.0 0 0 1 0 1 0 -1 0 0 3003.DAT
0 STEP
1 86 990.0 -384 360.0 0 0 1 0 1 0 -1 0 0 3004.DAT
0 STEP
1 86 990.0 -264 370.0 0 0 1 0 1 0 -1 0 0 3005.DAT
0 STEP
1 86 1000.0 -312 420.0 0 0 1 0 1 0 -1 0 0 2456.DAT
0 STEP
1 86 990.0 -360 370.0 0 0 1 0 1 0 -1 0 0 3005.DAT
0 STEP
1 86 990.0 -72 390.0 0 0 1 0 1 0 -1 0 0 3005.DAT
0 STEP
1 86 990.0 -264 420.0 0 0 1 0 1 0 -1 0 0 3010.DAT
0 STEP
1 86 990.0 -336 390.0 0 0 1 0 1 0 -1 0 0 3005.DAT
0 STEP
1 86 990.0 -360 400.0 0 0 1 0 1 0 -1 0 0 3004.DAT
0 STEP
1 86 1000.0 -384 390.0 -1 0 0 0 1 0 0 0 -1 3004.DAT
0 STEP
1 86 990.0 -72 420.0 0 0 1 0 1 0 -1 0 0 3004.DAT
0 STEP
1 86 1000.0 -120 410.0 -1 0 0 0 1 0 0 0 -1 3004.DAT
0 STEP
1 86 1000.0 -336 410.0 -1 0 0 0 1 0 0 0 -1 3004.DAT
0 STEP
1 86 990.0 -384 410.0 0 0 1 0 1 0 -1 0 0 3005.DAT
0 STEP
1 86 990.0 -120 440.0 0 0 1 0 1 0 -1 0 0 3004.DAT
0 STEP
1 86 990.0 -336 460.0 0 0 1 0 1 0 -1 0 0 3010.DAT
0 STEP
1 86 990.0 -360 430.0 0 0 1 0 1 0 -1 0 0 3005.DAT
0 STEP
1 86 990.0 -384 460.0 0 0 1 0 1 0 -1 0 0 3010.DAT
0 STEP
1 86 990.0 -72 450.0 0 0 1 0 1 0 -1 0 0 3005.DAT
0 STEP
1 86 1000.0 -96 460.0 0 0 1 0 1 0 -1 0 0 3003.DAT
0 STEP
1 86 1000.0 -360 460.0 0 0 1 0 1 0 -1 0 0 3003.DAT
0 STEP
1 86 990.0 -72 480.0 0 0 1 0 1 0 -1 0 0 3004.DAT
0 STEP
1 86 990.0 -120 470.0 0 0 1 0 1 0 -1 0 0 3005.DAT
0 STEP
1 86 1000.0 -192 480.0 0 0 1 0 1 0 -1 0 0 3003.DAT
0 STEP
1 86 990.0 -264 470.0 0 0 1 0 1 0 -1 0 0 3005.DAT
0 STEP
1 86 990.0 -288 480.0 0 0 1 0 1 0 -1 0 0 3004.DAT
0 STEP
1 86 990.0 -216 500.0 0 0 1 0 1 0 -1 0 0 3004.DAT
0 STEP
1 86 990.0 -264 500.0 0 0 1 0 1 0 -1 0 0 3004.DAT
0 STEP
1 86 1000.0 -312 490.0 -1 0 0 0 1 0 0 0 -1 3004.DAT
0 STEP
1 86 1000.0 -360 490.0 -1 0 0 0 1 0 0 0 -1 3004.DAT
0 STEP
1 86 1000.0 -408 490.0 -1 0 0 0 1 0 0 0 -1 3004.DAT
0 STEP
1 86 990.0 -72 510.0 0 0 1 0 1 0 -1 0 0 3005.DAT
0 STEP
1 86 990.0 -96 510.0 0 0 1 0 1 0 -1 0 0 3005.DAT
0 STEP
1 86 990.0 -192 510.0 0 0 1 0 1 0 -1 0 0 3005.DAT
0 STEP
1 86 1040.0 -72 10.0 -1 0 0 0 1 0 0 0 -1 3010.DAT
0 STEP
1 86 1010.0 -144 20.0 0 0 1 0 1 0 -1 0 0 3004.DAT
0 STEP
1 86 1010.0 -192 10.0 0 0 1 0 1 0 -1 0 0 3005.DAT
0 STEP
1 86 1040.0 -288 10.0 -1 0 0 0 1 0 0 0 -1 3010.DAT
0 STEP
1 86 1020.0 -312 20.0 0 0 1 0 1 0 -1 0 0 3003.DAT
0 STEP
1 86 1040.0 -384 10.0 -1 0 0 0 1 0 0 0 -1 3010.DAT
0 STEP
1 86 1020.0 -432 20.0 0 0 1 0 1 0 -1 0 0 3003.DAT
0 STEP
1 86 1010.0 -72 40.0 0 0 1 0 1 0 -1 0 0 3004.DAT
0 STEP
1 86 1040.0 -120 40.0 -1 0 0 0 1 0 0 0 -1 3001.DAT
0 STEP
1 86 1010.0 -192 40.0 0 0 1 0 1 0 -1 0 0 3004.DAT
0 STEP
1 86 1020.0 -216 40.0 0 0 1 0 1 0 -1 0 0 3003.DAT
0 STEP
1 86 1010.0 -240 40.0 0 0 1 0 1 0 -1 0 0 3004.DAT
0 STEP
1 86 1040.0 -336 40.0 -1 0 0 0 1 0 0 0 -1 3001.DAT
0 STEP
1 86 1010.0 -384 30.0 0 0 1 0 1 0 -1 0 0 3005.DAT
0 STEP
1 86 1010.0 -384 60.0 0 0 1 0 1 0 -1 0 0 3004.DAT
0 STEP
1 86 1010.0 -72 70.0 0 0 1 0 1 0 -1 0 0 3005.DAT
0 STEP
1 86 1010.0 -96 80.0 0 0 1 0 1 0 -1 0 0 3004.DAT
0 STEP
1 86 1020.0 -360 80.0 0 0 1 0 1 0 -1 0 0 3003.DAT
0 STEP
1 86 1020.0 -408 80.0 0 0 1 0 1 0 -1 0 0 3003.DAT
0 STEP
1 86 1010.0 -384 90.0 0 0 1 0 1 0 -1 0 0 3005.DAT
0 STEP
1 86 1020.0 -72 120.0 0 0 1 0 1 0 -1 0 0 3003.DAT
0 STEP
1 86 1020.0 -360 110.0 -1 0 0 0 1 0 0 0 -1 3004.DAT
0 STEP
1 86 1040.0 -408 110.0 -1 0 0 0 1 0 0 0 -1 3010.DAT
0 STEP
1 86 1020.0 -120 160.0 0 0 1 0 1 0 -1 0 0 3001.DAT
0 STEP
1 86 1010.0 -360 160.0 0 0 1 0 1 0 -1 0 0 3010.DAT
0 STEP
1 86 1010.0 -408 130.0 0 0 1 0 1 0 -1 0 0 3005.DAT
0 STEP
1 86 1020.0 -72 150.0 -1 0 0 0 1 0 0 0 -1 3004.DAT
0 STEP
1 86 1010.0 -96 160.0 0 0 1 0 1 0 -1 0 0 3004.DAT
0 STEP
1 86 1010.0 -408 160.0 0 0 1 0 1 0 -1 0 0 3004.DAT
0 STEP
1 86 1010.0 -72 180.0 0 0 1 0 1 0 -1 0 0 3004.DAT
0 STEP
1 86 1020.0 -384 220.0 0 0 1 0 1 0 -1 0 0 2456.DAT
0 STEP
1 86 1020.0 -408 190.0 -1 0 0 0 1 0 0 0 -1 3004.DAT
0 STEP
1 86 1040.0 -72 210.0 -1 0 0 0 1 0 0 0 -1 3010.DAT
0 STEP
1 86 1010.0 -120 220.0 0 0 1 0 1 0 -1 0 0 3004.DAT
0 STEP
1 86 1010.0 -336 210.0 0 0 1 0 1 0 -1 0 0 3005.DAT
0 STEP
1 86 1010.0 -72 230.0 0 0 1 0 1 0 -1 0 0 3005.DAT
0 STEP
1 86 1010.0 -312 230.0 0 0 1 0 1 0 -1 0 0 3005.DAT
0 STEP
1 86 1020.0 -96 250.0 -1 0 0 0 1 0 0 0 -1 3004.DAT
0 STEP
1 86 1010.0 -288 260.0 0 0 1 0 1 0 -1 0 0 3004.DAT
0 STEP
1 86 1020.0 -312 250.0 -1 0 0 0 1 0 0 0 -1 3004.DAT
0 STEP
1 86 1010.0 -96 300.0 0 0 1 0 1 0 -1 0 0 3010.DAT
0 STEP
1 86 1020.0 -120 280.0 0 0 1 0 1 0 -1 0 0 3003.DAT
0 STEP
1 86 1040.0 -312 280.0 -1 0 0 0 1 0 0 0 -1 3001.DAT
0 STEP
1 86 1010.0 -336 270.0 0 0 1 0 1 0 -1 0 0 3005.DAT
0 STEP
1 86 1020.0 -72 290.0 -1 0 0 0 1 0 0 0 -1 3004.DAT
0 STEP
1 86 1010.0 -336 300.0 0 0 1 0 1 0 -1 0 0 3004.DAT
0 STEP
1 86 1020.0 -384 300.0 0 0 1 0 1 0 -1 0 0 3003.DAT
0 STEP
1 86 1020.0 -408 320.0 0 0 1 0 1 0 -1 0 0 3003.DAT
0 STEP
1 86 1020.0 -120 330.0 -1 0 0 0 1 0 0 0 -1 3004.DAT
0 STEP
1 86 1010.0 -288 360.0 0 0 1 0 1 0 -1 0 0 3010.DAT
0 STEP
1 86 1020.0 -336 330.0 -1 0 0 0 1 0 0 0 -1 3004.DAT
0 STEP
1 86 1010.0 -360 360.0 0 0 1 0 1 0 -1 0 0 3010.DAT
0 STEP
1 86 1020.0 -120 360.0 0 0 1 0 1 0 -1 0 0 3003.DAT
0 STEP
1 86 1020.0 -384 360.0 0 0 1 0 1 0 -1 0 0 3003.DAT
0 STEP
1 86 1010.0 -408 350.0 0 0 1 0 1 0 -1 0 0 3005.DAT
0 STEP
1 86 1020.0 -72 380.0 0 0 1 0 1 0 -1 0 0 3003.DAT
0 STEP
1 86 1010.0 -408 400.0 0 0 1 0 1 0 -1 0 0 3010.DAT
0 STEP
1 86 1010.0 -120 390.0 0 0 1 0 1 0 -1 0 0 3005.DAT
0 STEP
1 86 1020.0 -336 390.0 -1 0 0 0 1 0 0 0 -1 3004.DAT
0 STEP
1 86 1020.0 -72 410.0 -1 0 0 0 1 0 0 0 -1 3004.DAT
0 STEP
1 86 1010.0 -288 410.0 0 0 1 0 1 0 -1 0 0 3005.DAT
0 STEP
1 86 1010.0 -360 410.0 0 0 1 0 1 0 -1 0 0 3005.DAT
0 STEP
1 86 1010.0 -384 440.0 0 0 1 0 1 0 -1 0 0 3010.DAT
0 STEP
1 86 1020.0 -72 460.0 0 0 1 0 1 0 -1 0 0 3001.DAT
0 STEP
1 86 1010.0 -96 430.0 0 0 1 0 1 0 -1 0 0 3005.DAT
0 STEP
1 86 1020.0 -120 430.0 -1 0 0 0 1 0 0 0 -1 3004.DAT
0 STEP
1 86 1010.0 -288 440.0 0 0 1 0 1 0 -1 0 0 3004.DAT
0 STEP
1 86 1010.0 -336 430.0 0 0 1 0 1 0 -1 0 0 3005.DAT
0 STEP
1 86 1020.0 -360 430.0 -1 0 0 0 1 0 0 0 -1 3004.DAT
0 STEP
1 86 1010.0 -120 450.0 0 0 1 0 1 0 -1 0 0 3005.DAT
0 STEP
1 86 1020.0 -144 450.0 -1 0 0 0 1 0 0 0 -1 3004.DAT
0 STEP
1 86 1010.0 -168 460.0 0 0 1 0 1 0 -1 0 0 3004.DAT
0 STEP
1 86 1040.0 -192 450.0 -1 0 0 0 1 0 0 0 -1 3010.DAT
0 STEP
1 86 1010.0 -216 460.0 0 0 1 0 1 0 -1 0 0 3004.DAT
0 STEP
1 86 1020.0 -240 450.0 -1 0 0 0 1 0 0 0 -1 3004.DAT
0 STEP
1 86 1010.0 -264 460.0 0 0 1 0 1 0 -1 0 0 3004.DAT
0 STEP
1 86 1020.0 -336 450.0 -1 0 0 0 1 0 0 0 -1 3004.DAT
0 STEP
1 86 1020.0 -408 460.0 0 0 1 0 1 0 -1 0 0 3003.DAT
0 STEP
1 86 1010.0 -120 480.0 0 0 1 0 1 0 -1 0 0 3004.DAT
0 STEP
1 86 1020.0 -288 480.0 0 0 1 0 1 0 -1 0 0 3003.DAT
0 STEP
1 86 1020.0 -336 480.0 0 0 1 0 1 0 -1 0 0 3003.DAT
0 STEP
1 86 1020.0 -168 490.0 -1 0 0 0 1 0 0 0 -1 3004.DAT
0 STEP
1 86 1020.0 -216 490.0 -1 0 0 0 1 0 0 0 -1 3004.DAT
0 STEP
1 86 1010.0 -264 490.0 0 0 1 0 1 0 -1 0 0 3005.DAT
0 STEP
1 86 1020.0 -384 490.0 -1 0 0 0 1 0 0 0 -1 3004.DAT
0 STEP
1 86 1060.0 -144 20.0 -1 0 0 0 1 0 0 0 -1 3001.DAT
0 STEP
1 86 1060.0 -168 10.0 -1 0 0 0 1 0 0 0 -1 3010.DAT
0 STEP
1 86 1060.0 -192 20.0 -1 0 0 0 1 0 0 0 -1 3001.DAT
0 STEP
1 86 1030.0 -216 10.0 0 0 1 0 1 0 -1 0 0 3005.DAT
0 STEP
1 86 1030.0 -264 10.0 0 0 1 0 1 0 -1 0 0 3005.DAT
0 STEP
1 86 1030.0 -360 20.0 0 0 1 0 1 0 -1 0 0 3004.DAT
0 STEP
1 86 1030.0 -408 10.0 0 0 1 0 1 0 -1 0 0 3005.DAT
0 STEP
1 86 1030.0 -456 20.0 0 0 1 0 1 0 -1 0 0 3004.DAT
0 STEP
1 86 1030.0 -72 60.0 0 0 1 0 1 0 -1 0 0 3010.DAT
0 STEP
1 86 1030.0 -168 40.0 0 0 1 0 1 0 -1 0 0 3004.DAT
0 STEP
1 86 1030.0 -240 30.0 0 0 1 0 1 0 -1 0 0 3005.DAT
0 STEP
1 86 1040.0 -264 30.0 -1 0 0 0 1 0 0 0 -1 3004.DAT
0 STEP
1 86 1040.0 -384 30.0 -1 0 0 0 1 0 0 0 -1 3004.DAT
0 STEP
1 86 1040.0 -192 50.0 -1 0 0 0 1 0 0 0 -1 3004.DAT
0 STEP
1 86 1040.0 -240 50.0 -1 0 0 0 1 0 0 0 -1 3004.DAT
0 STEP
1 86 1030.0 -264 50.0 0 0 1 0 1 0 -1 0 0 3005.DAT
0 STEP
1 86 1030.0 -312 50.0 0 0 1 0 1 0 -1 0 0 3005.DAT
0 STEP
1 86 1030.0 -360 50.0 0 0 1 0 1 0 -1 0 0 3005.DAT
0 STEP
1 86 1030.0 -384 50.0 0 0 1 0 1 0 -1 0 0 3005.DAT
0 STEP
1 86 1030.0 -96 70.0 0 0 1 0 1 0 -1 0 0 3005.DAT
0 STEP
1 86 1060.0 -384 70.0 -1 0 0 0 1 0 0 0 -1 3010.DAT
0 STEP
1 86 1030.0 -96 100.0 0 0 1 0 1 0 -1 0 0 3004.DAT
0 STEP
1 86 1030.0 -384 120.0 0 0 1 0 1 0 -1 0 0 3010.DAT
0 STEP
1 86 1030.0 -96 130.0 0 0 1 0 1 0 -1 0 0 3005.DAT
0 STEP
1 86 1040.0 -360 130.0 -1 0 0 0 1 0 0 0 -1 3004.DAT
0 STEP
1 86 1040.0 -408 140.0 0 0 1 0 1 0 -1 0 0 3003.DAT
0 STEP
1 86 1040.0 -96 160.0 0 0 1 0 1 0 -1 0 0 3003.DAT
0 STEP
1 86 1030.0 -360 160.0 0 0 1 0 1 0 -1 0 0 3004.DAT
0 STEP
1 86 1040.0 -72 180.0 0 0 1 0 1 0 -1 0 0 3003.DAT
0 STEP
1 86 1040.0 -408 170.0 -1 0 0 0 1 0 0 0 -1 3004.DAT
0 STEP
1 86 1030.0 -96 200.0 0 0 1 0 1 0 -1 0 0 3004.DAT
0 STEP
1 86 1040.0 -360 200.0 0 0 1 0 1 0 -1 0 0 3003.DAT
0 STEP
1 86 1040.0 -120 210.0 -1 0 0 0 1 0 0 0 -1 3004.DAT
0 STEP
1 86 1030.0 -408 210.0 0 0 1 0 1 0 -1 0 0 3005.DAT
0 STEP
1 86 1030.0 -72 240.0 0 0 1 0 1 0 -1 0 0 3004.DAT
0 STEP
1 86 1030.0 -120 240.0 0 0 1 0 1 0 -1 0 0 3004.DAT
0 STEP
1 86 1030.0 -336 230.0 0 0 1 0 1 0 -1 0 0 3005.DAT
0 STEP
1 86 1060.0 -360 240.0 -1 0 0 0 1 0 0 0 -1 3001.DAT
0 STEP
1 86 1040.0 -408 260.0 0 0 1 0 1 0 -1 0 0 3001.DAT
0 STEP
1 86 1030.0 -336 280.0 0 0 1 0 1 0 -1 0 0 3010.DAT
0 STEP
1 86 1030.0 -72 270.0 0 0 1 0 1 0 -1 0 0 3005.DAT
0 STEP
1 86 1040.0 -96 280.0 0 0 1 0 1 0 -1 0 0 3003.DAT
0 STEP
1 86 1060.0 -360 280.0 -1 0 0 0 1 0 0 0 -1 3001.DAT
0 STEP
1 86 1030.0 -72 310.0 0 0 1 0 1 0 -1 0 0 3005.DAT
0 STEP
1 86 1030.0 -96 340.0 0 0 1 0 1 0 -1 0 0 3010.DAT
0 STEP
1 86 1040.0 -312 310.0 -1 0 0 0 1 0 0 0 -1 3004.DAT
0 STEP
1 86 1040.0 -360 340.0 0 0 1 0 1 0 -1 0 0 3001.DAT
0 STEP
1 86 1040.0 -72 330.0 -1 0 0 0 1 0 0 0 -1 3004.DAT
0 STEP
1 86 1040.0 -312 340.0 0 0 1 0 1 0 -1 0 0 3003.DAT
0 STEP
1 86 1030.0 -384 330.0 0 0 1 0 1 0 -1 0 0 3005.DAT
0 STEP
1 86 1030.0 -72 350.0 0 0 1 0 1 0 -1 0 0 3005.DAT
0 STEP
1 86 1030.0 -336 360.0 0 0 1 0 1 0 -1 0 0 3004.DAT
0 STEP
1 86 1030.0 -408 360.0 0 0 1 0 1 0 -1 0 0 3004.DAT
0 STEP
1 86 1030.0 -312 380.0 0 0 1 0 1 0 -1 0 0 3004.DAT
0 STEP
1 86 1030.0 -96 390.0 0 0 1 0 1 0 -1 0 0 3005.DAT
0 STEP
1 86 1030.0 -120 400.0 0 0 1 0 1 0 -1 0 0 3004.DAT
0 STEP
1 86 1040.0 -360 390.0 -1 0 0 0 1 0 0 0 -1 3004.DAT
0 STEP
1 86 1030.0 -384 400.0 0 0 1 0 1 0 -1 0 0 3004.DAT
0 STEP
1 86 1060.0 -408 390.0 -1 0 0 0 1 0 0 0 -1 3010.DAT
0 STEP
1 86 1060.0 -96 420.0 -1 0 0 0 1 0 0 0 -1 3001.DAT
0 STEP
1 86 1030.0 -312 410.0 0 0 1 0 1 0 -1 0 0 3005.DAT
0 STEP
1 86 1030.0 -336 420.0 0 0 1 0 1 0 -1 0 0 3004.DAT
0 STEP
1 86 1060.0 -360 410.0 -1 0 0 0 1 0 0 0 -1 3010.DAT
0 STEP
1 86 1040.0 -408 420.0 0 0 1 0 1 0 -1 0 0 3003.DAT
0 STEP
1 86 1040.0 -312 430.0 -1 0 0 0 1 0 0 0 -1 3004.DAT
0 STEP
1 86 1030.0 -384 430.0 0 0 1 0 1 0 -1 0 0 3005.DAT
0 STEP
1 86 1060.0 -96 450.0 -1 0 0 0 1 0 0 0 -1 3010.DAT
0 STEP
1 86 1040.0 -120 460.0 0 0 1 0 1 0 -1 0 0 3003.DAT
0 STEP
1 86 1040.0 -168 460.0 0 0 1 0 1 0 -1 0 0 3003.DAT
0 STEP
1 86 1030.0 -216 450.0 0 0 1 0 1 0 -1 0 0 3005.DAT
0 STEP
1 86 1030.0 -264 450.0 0 0 1 0 1 0 -1 0 0 3005.DAT
0 STEP
1 86 1040.0 -288 450.0 -1 0 0 0 1 0 0 0 -1 3004.DAT
0 STEP
1 86 1030.0 -312 450.0 0 0 1 0 1 0 -1 0 0 3005.DAT
0 STEP
1 86 1030.0 -360 460.0 0 0 1 0 1 0 -1 0 0 3004.DAT
0 STEP
1 86 1060.0 -384 460.0 -1 0 0 0 1 0 0 0 -1 3001.DAT
0 STEP
1 86 1030.0 -96 480.0 0 0 1 0 1 0 -1 0 0 3004.DAT
0 STEP
1 86 1030.0 -144 480.0 0 0 1 0 1 0 -1 0 0 3004.DAT
0 STEP
1 86 1030.0 -192 480.0 0 0 1 0 1 0 -1 0 0 3004.DAT
0 STEP
1 86 1040.0 -216 470.0 -1 0 0 0 1 0 0 0 -1 3004.DAT
0 STEP
1 86 1030.0 -240 480.0 0 0 1 0 1 0 -1 0 0 3004.DAT
0 STEP
1 86 1040.0 -264 480.0 0 0 1 0 1 0 -1 0 0 3003.DAT
0 STEP
1 86 1060.0 -312 480.0 -1 0 0 0 1 0 0 0 -1 3001.DAT
0 STEP
1 86 1060.0 -120 490.0 -1 0 0 0 1 0 0 0 -1 3010.DAT
0 STEP
1 86 1030.0 -360 490.0 0 0 1 0 1 0 -1 0 0 3005.DAT
0 STEP
1 86 1030.0 -408 490.0 0 0 1 0 1 0 -1 0 0 3005.DAT
0 STEP
1 86 1050.0 0 10.0 0 0 1 0 1 0 -1 0 0 3005.DAT
0 STEP
1 86 1060.0 -24 10.0 -1 0 0 0 1 0 0 0 -1 3004.DAT
0 STEP
1 86 1050.0 -48 10.0 0 0 1 0 1 0 -1 0 0 3005.DAT
0 STEP
1 86 1060.0 -216 10.0 -1 0 0 0 1 0 0 0 -1 3004.DAT
0 STEP
1 86 1050.0 -240 20.0 0 0 1 0 1 0 -1 0 0 3004.DAT
0 STEP
1 86 1060.0 -264 10.0 -1 0 0 0 1 0 0 0 -1 3004.DAT
0 STEP
1 86 1050.0 -312 40.0 0 0 1 0 1 0 -1 0 0 3010.DAT
0 STEP
1 86 1050.0 -360 60.0 0 0 1 0 1 0 -1 0 0 3009.DAT
0 STEP
1 86 1050.0 -408 40.0 0 0 1 0 1 0 -1 0 0 3010.DAT
0 STEP
1 86 1060.0 -72 40.0 0 0 1 0 1 0 -1 0 0 3003.DAT
0 STEP
1 86 1060.0 -168 40.0 0 0 1 0 1 0 -1 0 0 3003.DAT
0 STEP
1 86 1050.0 -216 40.0 0 0 1 0 1 0 -1 0 0 3004.DAT
0 STEP
1 86 1050.0 -144 60.0 0 0 1 0 1 0 -1 0 0 3004.DAT
0 STEP
1 86 1050.0 -264 60.0 0 0 1 0 1 0 -1 0 0 3004.DAT
0 STEP
1 86 1060.0 -384 50.0 -1 0 0 0 1 0 0 0 -1 3004.DAT
0 STEP
1 86 1050.0 -72 70.0 0 0 1 0 1 0 -1 0 0 3005.DAT
0 STEP
1 86 1060.0 -96 100.0 0 0 1 0 1 0 -1 0 0 3001.DAT
0 STEP
1 86 1060.0 -168 70.0 -1 0 0 0 1 0 0 0 -1 3004.DAT
0 STEP
1 86 1050.0 -192 80.0 0 0 1 0 1 0 -1 0 0 3004.DAT
0 STEP
1 86 1060.0 -216 80.0 0 0 1 0 1 0 -1 0 0 3003.DAT
0 STEP
1 86 1050.0 -240 70.0 0 0 1 0 1 0 -1 0 0 3005.DAT
0 STEP
1 86 1060.0 -288 80.0 0 0 1 0 1 0 -1 0 0 3003.DAT
0 STEP
1 86 1060.0 -336 80.0 0 0 1 0 1 0 -1 0 0 3003.DAT
0 STEP
1 86 1050.0 -72 120.0 0 0 1 0 1 0 -1 0 0 3010.DAT
0 STEP
1 86 1050.0 -120 140.0 0 0 1 0 1 0 -1 0 0 3009.DAT
0 STEP
1 86 1050.0 -144 90.0 0 0 1 0 1 0 -1 0 0 3005.DAT
0 STEP
1 86 1050.0 -168 100.0 0 0 1 0 1 0 -1 0 0 3004.DAT
0 STEP
1 86 1060.0 -240 100.0 0 0 1 0 1 0 -1 0 0 3003.DAT
0 STEP
1 86 1050.0 -264 90.0 0 0 1 0 1 0 -1 0 0 3005.DAT
0 STEP
1 86 1060.0 -312 100.0 0 0 1 0 1 0 -1 0 0 3003.DAT
0 STEP
1 86 1060.0 -384 90.0 -1 0 0 0 1 0 0 0 -1 3004.DAT
0 STEP
1 86 1050.0 -408 90.0 0 0 1 0 1 0 -1 0 0 3005.DAT
0 STEP
1 86 1060.0 -144 140.0 0 0 1 0 1 0 -1 0 0 3001.DAT
0 STEP
1 86 1060.0 -192 160.0 0 0 1 0 1 0 -1 0 0 2456.DAT
0 STEP
1 86 1050.0 -216 120.0 0 0 1 0 1 0 -1 0 0 3004.DAT
0 STEP
1 86 1050.0 -264 140.0 0 0 1 0 1 0 -1 0 0 3010.DAT
0 STEP
1 86 1060.0 -288 110.0 -1 0 0 0 1 0 0 0 -1 3004.DAT
0 STEP
1 86 1050.0 -336 120.0 0 0 1 0 1 0 -1 0 0 3004.DAT
0 STEP
1 86 1050.0 -384 120.0 0 0 1 0 1 0 -1 0 0 3004.DAT
0 STEP
1 86 1050.0 -168 130.0 0 0 1 0 1 0 -1 0 0 3005.DAT
0 STEP
1 86 1050.0 -240 140.0 0 0 1 0 1 0 -1 0 0 3004.DAT
0 STEP
1 86 1060.0 -288 160.0 0 0 1 0 1 0 -1 0 0 3001.DAT
0 STEP
1 86 1050.0 -312 140.0 0 0 1 0 1 0 -1 0 0 3004.DAT
0 STEP
1 86 1050.0 -168 200.0 0 0 1 0 1 0 -1 0 0 3009.DAT
0 STEP
1 86 1050.0 -216 150.0 0 0 1 0 1 0 -1 0 0 3005.DAT
0 STEP
1 86 1050.0 -336 150.0 0 0 1 0 1 0 -1 0 0 3005.DAT
0 STEP
1 86 1060.0 -360 150.0 -1 0 0 0 1 0 0 0 -1 3004.DAT
0 STEP
1 86 1050.0 -384 150.0 0 0 1 0 1 0 -1 0 0 3005.DAT
0 STEP
1 86 1050.0 -216 200.0 0 0 1 0 1 0 -1 0 0 3010.DAT
0 STEP
1 86 1060.0 -240 170.0 -1 0 0 0 1 0 0 0 -1 3004.DAT
0 STEP
1 86 1050.0 -312 170.0 0 0 1 0 1 0 -1 0 0 3005.DAT
0 STEP
1 86 1060.0 -336 180.0 0 0 1 0 1 0 -1 0 0 3003.DAT
0 STEP
1 86 1050.0 -360 170.0 0 0 1 0 1 0 -1 0 0 3005.DAT
0 STEP
1 86 1060.0 -384 180.0 0 0 1 0 1 0 -1 0 0 3003.DAT
0 STEP
1 86 1050.0 -96 190.0 0 0 1 0 1 0 -1 0 0 3005.DAT
0 STEP
1 86 1050.0 -144 190.0 0 0 1 0 1 0 -1 0 0 3005.DAT
0 STEP
1 86 1060.0 -240 200.0 0 0 1 0 1 0 -1 0 0 3003.DAT
0 STEP
1 86 1050.0 -264 190.0 0 0 1 0 1 0 -1 0 0 3005.DAT
0 STEP
1 86 1050.0 -312 220.0 0 0 1 0 1 0 -1 0 0 3010.DAT
0 STEP
1 86 1050.0 -408 200.0 0 0 1 0 1 0 -1 0 0 3004.DAT
0 STEP
1 86 1050.0 -96 220.0 0 0 1 0 1 0 -1 0 0 3004.DAT
0 STEP
1 86 1060.0 -144 210.0 -1 0 0 0 1 0 0 0 -1 3004.DAT
0 STEP
1 86 1050.0 -264 240.0 0 0 1 0 1 0 -1 0 0 3010.DAT
0 STEP
1 86 1050.0 -288 210.0 0 0 1 0 1 0 -1 0 0 3005.DAT
0 STEP
1 86 1060.0 -336 260.0 0 0 1 0 1 0 -1 0 0 2456.DAT
0 STEP
1 86 1050.0 -384 260.0 0 0 1 0 1 0 -1 0 0 3009.DAT
0 STEP
1 86 1060.0 -72 230.0 -1 0 0 0 1 0 0 0 -1 3004.DAT
0 STEP
1 86 1060.0 -120 230.0 -1 0 0 0 1 0 0 0 -1 3004.DAT
0 STEP
1 86 1060.0 -144 240.0 0 0 1 0 1 0 -1 0 0 3003.DAT
0 STEP
1 86 1060.0 -192 230.0 -1 0 0 0 1 0 0 0 -1 3004.DAT
0 STEP
1 86 1050.0 -240 280.0 0 0 1 0 1 0 -1 0 0 3009.DAT
0 STEP
1 86 1060.0 -288 230.0 -1 0 0 0 1 0 0 0 -1 3004.DAT
0 STEP
1 86 1060.0 -72 260.0 0 0 1 0 1 0 -1 0 0 3003.DAT
0 STEP
1 86 1050.0 -96 250.0 0 0 1 0 1 0 -1 0 0 3005.DAT
0 STEP
1 86 1060.0 -120 260.0 0 0 1 0 1 0 -1 0 0 3003.DAT
0 STEP
1 86 1060.0 -192 260.0 0 0 1 0 1 0 -1 0 0 3003.DAT
0 STEP
1 86 1050.0 -216 250.0 0 0 1 0 1 0 -1 0 0 3005.DAT
0 STEP
1 86 1050.0 -288 280.0 0 0 1 0 1 0 -1 0 0 3010.DAT
0 STEP
1 86 1050.0 -144 270.0 0 0 1 0 1 0 -1 0 0 3005.DAT
0 STEP
1 86 1060.0 -168 320.0 0 0 1 0 1 0 -1 0 0 2456.DAT
0 STEP
1 86 1060.0 -216 270.0 -1 0 0 0 1 0 0 0 -1 3004.DAT
0 STEP
1 86 1050.0 -72 290.0 0 0 1 0 1 0 -1 0 0 3005.DAT
0 STEP
1 86 1060.0 -120 290.0 -1 0 0 0 1 0 0 0 -1 3004.DAT
0 STEP
1 86 1060.0 -144 300.0 0 0 1 0 1 0 -1 0 0 3003.DAT
0 STEP
1 86 1050.0 -192 320.0 0 0 1 0 1 0 -1 0 0 3010.DAT
0 STEP
1 86 1060.0 -216 300.0 0 0 1 0 1 0 -1 0 0 3003.DAT
0 STEP
1 86 1060.0 -264 290.0 -1 0 0 0 1 0 0 0 -1 3004.DAT
0 STEP
1 86 1060.0 -72 310.0 -1 0 0 0 1 0 0 0 -1 3004.DAT
0 STEP
1 86 1050.0 -96 310.0 0 0 1 0 1 0 -1 0 0 3005.DAT
0 STEP
1 86 1050.0 -120 360.0 0 0 1 0 1 0 -1 0 0 3009.DAT
0 STEP
1 86 1050.0 -264 310.0 0 0 1 0 1 0 -1 0 0 3005.DAT
0 STEP
1 86 1060.0 -408 310.0 -1 0 0 0 1 0 0 0 -1 3004.DAT
0 STEP
1 86 1050.0 -96 340.0 0 0 1 0 1 0 -1 0 0 3004.DAT
0 STEP
1 86 1050.0 -144 340.0 0 0 1 0 1 0 -1 0 0 3004.DAT
0 STEP
1 86 1060.0 -216 330.0 -1 0 0 0 1 0 0 0 -1 3004.DAT
0 STEP
1 86 1050.0 -264 380.0 0 0 1 0 1 0 -1 0 0 3009.DAT
0 STEP
1 86 1060.0 -288 330.0 -1 0 0 0 1 0 0 0 -1 3004.DAT
0 STEP
1 86 1060.0 -336 380.0 0 0 1 0 1 0 -1 0 0 2456.DAT
0 STEP
1 86 1060.0 -384 330.0 -1 0 0 0 1 0 0 0 -1 3004.DAT
0 STEP
1 86 1060.0 -408 340.0 0 0 1 0 1 0 -1 0 0 3003.DAT
0 STEP
1 86 1050.0 -72 420.0 0 0 1 0 1 0 -1 0 0 3008.DAT
0 STEP
1 86 1050.0 -216 400.0 0 0 1 0 1 0 -1 0 0 3009.DAT
0 STEP
1 86 1060.0 -240 350.0 -1 0 0 0 1 0 0 0 -1 3004.DAT
0 STEP
1 86 1060.0 -288 360.0 0 0 1 0 1 0 -1 0 0 3003.DAT
0 STEP
1 86 1050.0 -384 350.0 0 0 1 0 1 0 -1 0 0 3005.DAT
0 STEP
1 86 1060.0 -96 380.0 0 0 1 0 1 0 -1 0 0 3003.DAT
0 STEP
1 86 1060.0 -144 400.0 0 0 1 0 1 0 -1 0 0 3001.DAT
0 STEP
1 86 1060.0 -192 400.0 0 0 1 0 1 0 -1 0 0 3001.DAT
0 STEP
1 86 1060.0 -240 400.0 0 0 1 0 1 0 -1 0 0 3001.DAT
0 STEP
1 86 1050.0 -312 370.0 0 0 1 0 1 0 -1 0 0 3005.DAT
0 STEP
1 86 1050.0 -384 400.0 0 0 1 0 1 0 -1 0 0 3010.DAT
0 STEP
1 86 1060.0 -408 370.0 -1 0 0 0 1 0 0 0 -1 3004.DAT
0 STEP
1 86 1050.0 -168 400.0 0 0 1 0 1 0 -1 0 0 3004.DAT
0 STEP
1 86 1060.0 -288 390.0 -1 0 0 0 1 0 0 0 -1 3004.DAT
0 STEP
1 86 1050.0 -312 400.0 0 0 1 0 1 0 -1 0 0 3004.DAT
0 STEP
1 86 1060.0 -288 420.0 0 0 1 0 1 0 -1 0 0 3003.DAT
0 STEP
1 86 1050.0 -120 430.0 0 0 1 0 1 0 -1 0 0 3005.DAT
0 STEP
1 86 1050.0 -168 430.0 0 0 1 0 1 0 -1 0 0 3005.DAT
0 STEP
1 86 1060.0 -360 460.0 0 0 1 0 1 0 -1 0 0 3001.DAT
0 STEP
1 86 1050.0 -144 450.0 0 0 1 0 1 0 -1 0 0 3005.DAT
0 STEP
1 86 1050.0 -240 460.0 0 0 1 0 1 0 -1 0 0 3004.DAT
0 STEP
1 86 1060.0 -264 450.0 -1 0 0 0 1 0 0 0 -1 3004.DAT
0 STEP
1 86 1060.0 -312 450.0 -1 0 0 0 1 0 0 0 -1 3004.DAT
0 STEP
1 86 1050.0 -336 460.0 0 0 1 0 1 0 -1 0 0 3004.DAT
0 STEP
1 86 1060.0 -408 450.0 -1 0 0 0 1 0 0 0 -1 3004.DAT
0 STEP
1 86 1060.0 0 480.0 0 0 1 0 1 0 -1 0 0 3003.DAT
0 STEP
1 86 1050.0 -24 480.0 0 0 1 0 1 0 -1 0 0 3004.DAT
0 STEP
1 86 1060.0 -48 480.0 0 0 1 0 1 0 -1 0 0 3003.DAT
0 STEP
1 86 1060.0 -96 480.0 0 0 1 0 1 0 -1 0 0 3003.DAT
0 STEP
1 86 1060.0 -144 480.0 0 0 1 0 1 0 -1 0 0 3003.DAT
0 STEP
1 86 1060.0 -192 480.0 0 0 1 0 1 0 -1 0 0 3003.DAT
0 STEP
1 86 1050.0 -288 470.0 0 0 1 0 1 0 -1 0 0 3005.DAT
0 STEP
1 86 1060.0 -408 480.0 0 0 1 0 1 0 -1 0 0 3003.DAT
0 STEP
1 86 1050.0 -168 490.0 0 0 1 0 1 0 -1 0 0 3005.DAT
0 STEP
1 86 1050.0 -216 490.0 0 0 1 0 1 0 -1 0 0 3005.DAT
0 STEP
1 86 1060.0 -240 490.0 -1 0 0 0 1 0 0 0 -1 3004.DAT
0 STEP
1 86 1060.0 -288 490.0 -1 0 0 0 1 0 0 0 -1 3004.DAT
0 STEP
1 86 1050.0 -336 490.0 0 0 1 0 1 0 -1 0 0 3005.DAT
0 STEP
1 86 1050.0 -384 490.0 0 0 1 0 1 0 -1 0 0 3005.DAT
0 STEP
1 86 1080.0 0 10.0 -1 0 0 0 1 0 0 0 -1 3004.DAT
0 STEP
1 86 1080.0 -48 10.0 -1 0 0 0 1 0 0 0 -1 3004.DAT
0 STEP
1 86 1080.0 -96 20.0 0 0 1 0 1 0 -1 0 0 3003.DAT
0 STEP
1 86 1080.0 -240 20.0 0 0 1 0 1 0 -1 0 0 3003.DAT
0 STEP
1 86 1080.0 -312 40.0 0 0 1 0 1 0 -1 0 0 3001.DAT
0 STEP
1 86 1070.0 -336 10.0 0 0 1 0 1 0 -1 0 0 3005.DAT
0 STEP
1 86 1070.0 -360 40.0 0 0 1 0 1 0 -1 0 0 3010.DAT
0 STEP
1 86 1080.0 -408 10.0 -1 0 0 0 1 0 0 0 -1 3004.DAT
0 STEP
1 86 1080.0 -216 40.0 0 0 1 0 1 0 -1 0 0 3003.DAT
0 STEP
1 86 1080.0 -264 80.0 0 0 1 0 1 0 -1 0 0 2456.DAT
0 STEP
1 86 1070.0 -384 30.0 0 0 1 0 1 0 -1 0 0 3005.DAT
0 STEP
1 86 1080.0 -408 60.0 0 0 1 0 1 0 -1 0 0 3001.DAT
0 STEP
1 86 1080.0 -144 50.0 -1 0 0 0 1 0 0 0 -1 3004.DAT
0 STEP
1 86 1080.0 -192 60.0 0 0 1 0 1 0 -1 0 0 3003.DAT
0 STEP
1 86 1070.0 -240 60.0 0 0 1 0 1 0 -1 0 0 3004.DAT
0 STEP
1 86 1070.0 -72 80.0 0 0 1 0 1 0 -1 0 0 3004.DAT
0 STEP
1 86 1070.0 -144 80.0 0 0 1 0 1 0 -1 0 0 3004.DAT
0 STEP
1 86 1080.0 -120 90.0 -1 0 0 0 1 0 0 0 -1 3004.DAT
0 STEP
1 86 1070.0 -168 90.0 0 0 1 0 1 0 -1 0 0 3005.DAT
0 STEP
1 86 1080.0 -192 90.0 -1 0 0 0 1 0 0 0 -1 3004.DAT
0 STEP
1 86 1070.0 -360 90.0 0 0 1 0 1 0 -1 0 0 3005.DAT
0 STEP
1 86 1080.0 -72 110.0 -1 0 0 0 1 0 0 0 -1 3004.DAT
0 STEP
1 86 1080.0 -120 140.0 0 0 1 0 1 0 -1 0 0 3001.DAT
0 STEP
1 86 1080.0 -168 110.0 -1 0 0 0 1 0 0 0 -1 3004.DAT
0 STEP
1 86 1080.0 -216 110.0 -1 0 0 0 1 0 0 0 -1 3004.DAT
0 STEP
1 86 1080.0 -336 110.0 -1 0 0 0 1 0 0 0 -1 3004.DAT
0 STEP
1 86 1070.0 -360 120.0 0 0 1 0 1 0 -1 0 0 3004.DAT
0 STEP
1 86 1080.0 -384 110.0 -1 0 0 0 1 0 0 0 -1 3004.DAT
0 STEP
1 86 1070.0 -72 160.0 0 0 1 0 1 0 -1 0 0 3010.DAT
0 STEP
1 86 1080.0 -168 160.0 0 0 1 0 1 0 -1 0 0 3001.DAT
0 STEP
1 86 1080.0 -216 180.0 0 0 1 0 1 0 -1 0 0 2456.DAT
0 STEP
1 86 1080.0 -240 130.0 -1 0 0 0 1 0 0 0 -1 3004.DAT
0 STEP
1 86 1080.0 -312 130.0 -1 0 0 0 1 0 0 0 -1 3004.DAT
0 STEP
1 86 1080.0 -336 140.0 0 0 1 0 1 0 -1 0 0 3003.DAT
0 STEP
1 86 1080.0 -384 140.0 0 0 1 0 1 0 -1 0 0 3003.DAT
0 STEP
1 86 1070.0 -408 130.0 0 0 1 0 1 0 -1 0 0 3005.DAT
0 STEP
1 86 1080.0 -96 150.0 -1 0 0 0 1 0 0 0 -1 3004.DAT
0 STEP
1 86 1070.0 -240 150.0 0 0 1 0 1 0 -1 0 0 3005.DAT
0 STEP
1 86 1080.0 -264 150.0 -1 0 0 0 1 0 0 0 -1 3004.DAT
0 STEP
1 86 1080.0 -312 200.0 0 0 1 0 1 0 -1 0 0 2456.DAT
0 STEP
1 86 1080.0 -408 200.0 0 0 1 0 1 0 -1 0 0 2456.DAT
0 STEP
1 86 1080.0 -96 220.0 0 0 1 0 1 0 -1 0 0 2456.DAT
0 STEP
1 86 1070.0 -264 180.0 0 0 1 0 1 0 -1 0 0 3004.DAT
0 STEP
1 86 1080.0 -360 180.0 0 0 1 0 1 0 -1 0 0 3003.DAT
0 STEP
1 86 1070.0 -120 200.0 0 0 1 0 1 0 -1 0 0 3004.DAT
0 STEP
1 86 1080.0 -144 190.0 -1 0 0 0 1 0 0 0 -1 3004.DAT
0 STEP
1 86 1080.0 -168 210.0 -1 0 0 0 1 0 0 0 -1 3004.DAT
0 STEP
1 86 1070.0 -264 210.0 0 0 1 0 1 0 -1 0 0 3005.DAT
0 STEP
1 86 1080.0 -288 210.0 -1 0 0 0 1 0 0 0 -1 3004.DAT
0 STEP
1 86 1080.0 -360 210.0 -1 0 0 0 1 0 0 0 -1 3004.DAT
0 STEP
1 86 1080.0 -384 260.0 0 0 1 0 1 0 -1 0 0 2456.DAT
0 STEP
1 86 1080.0 -168 240.0 0 0 1 0 1 0 -1 0 0 3003.DAT
0 STEP
1 86 1070.0 -240 240.0 0 0 1 0 1 0 -1 0 0 3004.DAT
0 STEP
1 86 1080.0 -264 240.0 0 0 1 0 1 0 -1 0 0 3003.DAT
0 STEP
1 86 1080.0 -216 250.0 -1 0 0 0 1 0 0 0 -1 3004.DAT
0 STEP
1 86 1080.0 -288 280.0 0 0 1 0 1 0 -1 0 0 3001.DAT
0 STEP
1 86 1080.0 -144 270.0 -1 0 0 0 1 0 0 0 -1 3004.DAT
0 STEP
1 86 1070.0 -240 270.0 0 0 1 0 1 0 -1 0 0 3005.DAT
0 STEP
1 86 1080.0 -264 270.0 -1 0 0 0 1 0 0 0 -1 3004.DAT
0 STEP
1 86 1080.0 -408 280.0 0 0 1 0 1 0 -1 0 0 3003.DAT
0 STEP
1 86 1080.0 -72 290.0 -1 0 0 0 1 0 0 0 -1 3004.DAT
0 STEP
1 86 1080.0 -96 320.0 0 0 1 0 1 0 -1 0 0 3001.DAT
0 STEP
1 86 1080.0 -192 320.0 0 0 1 0 1 0 -1 0 0 3001.DAT
0 STEP
1 86 1080.0 -240 290.0 -1 0 0 0 1 0 0 0 -1 3004.DAT
0 STEP
1 86 1070.0 -120 320.0 0 0 1 0 1 0 -1 0 0 3004.DAT
0 STEP
1 86 1070.0 -240 320.0 0 0 1 0 1 0 -1 0 0 3004.DAT
0 STEP
1 86 1080.0 -264 360.0 0 0 1 0 1 0 -1 0 0 2456.DAT
0 STEP
1 86 1080.0 -312 320.0 0 0 1 0 1 0 -1 0 0 3003.DAT
0 STEP
1 86 1070.0 -360 320.0 0 0 1 0 1 0 -1 0 0 3004.DAT
0 STEP
1 86 1080.0 -72 360.0 0 0 1 0 1 0 -1 0 0 3001.DAT
0 STEP
1 86 1080.0 -144 340.0 0 0 1 0 1 0 -1 0 0 3003.DAT
0 STEP
1 86 1070.0 -120 350.0 0 0 1 0 1 0 -1 0 0 3005.DAT
0 STEP
1 86 1080.0 -216 360.0 0 0 1 0 1 0 -1 0 0 3003.DAT
0 STEP
1 86 1080.0 -312 350.0 -1 0 0 0 1 0 0 0 -1 3004.DAT
0 STEP
1 86 1070.0 -360 350.0 0 0 1 0 1 0 -1 0 0 3005.DAT
0 STEP
1 86 1080.0 -384 380.0 0 0 1 0 1 0 -1 0 0 3001.DAT
0 STEP
1 86 1080.0 -120 370.0 -1 0 0 0 1 0 0 0 -1 3004.DAT
0 STEP
1 86 1080.0 -312 380.0 0 0 1 0 1 0 -1 0 0 3003.DAT
0 STEP
1 86 1080.0 -360 380.0 0 0 1 0 1 0 -1 0 0 3003.DAT
0 STEP
1 86 1070.0 -120 420.0 0 0 1 0 1 0 -1 0 0 3010.DAT
0 STEP
1 86 1080.0 -168 400.0 0 0 1 0 1 0 -1 0 0 3003.DAT
0 STEP
1 86 1080.0 -216 440.0 0 0 1 0 1 0 -1 0 0 2456.DAT
0 STEP
1 86 1080.0 -72 410.0 -1 0 0 0 1 0 0 0 -1 3004.DAT
0 STEP
1 86 1080.0 -312 410.0 -1 0 0 0 1 0 0 0 -1 3004.DAT
0 STEP
1 86 1070.0 -408 420.0 0 0 1 0 1 0 -1 0 0 3004.DAT
0 STEP
1 86 1080.0 -72 460.0 0 0 1 0 1 0 -1 0 0 3001.DAT
0 STEP
1 86 1070.0 -168 440.0 0 0 1 0 1 0 -1 0 0 3004.DAT
0 STEP
1 86 1080.0 -264 430.0 -1 0 0 0 1 0 0 0 -1 3004.DAT
0 STEP
1 86 1070.0 -312 430.0 0 0 1 0 1 0 -1 0 0 3005.DAT
0 STEP
1 86 1080.0 -384 430.0 -1 0 0 0 1 0 0 0 -1 3004.DAT
0 STEP
1 86 1080.0 -144 450.0 -1 0 0 0 1 0 0 0 -1 3004.DAT
0 STEP
1 86 1080.0 -240 450.0 -1 0 0 0 1 0 0 0 -1 3004.DAT
0 STEP
1 86 1080.0 -288 460.0 0 0 1 0 1 0 -1 0 0 3003.DAT
0 STEP
1 86 1080.0 -336 460.0 0 0 1 0 1 0 -1 0 0 3003.DAT
0 STEP
1 86 1080.0 -24 480.0 0 0 1 0 1 0 -1 0 0 3003.DAT
0 STEP
1 86 1070.0 -120 470.0 0 0 1 0 1 0 -1 0 0 3005.DAT
0 STEP
1 86 1070.0 -168 470.0 0 0 1 0 1 0 -1 0 0 3005.DAT
0 STEP
1 86 1070.0 -240 470.0 0 0 1 0 1 0 -1 0 0 3005.DAT
0 STEP
1 86 1070.0 -264 470.0 0 0 1 0 1 0 -1 0 0 3005.DAT
0 STEP
1 86 1080.0 -168 490.0 -1 0 0 0 1 0 0 0 -1 3004.DAT
0 STEP
1 86 1080.0 -264 490.0 -1 0 0 0 1 0 0 0 -1 3004.DAT
0 STEP
1 86 1080.0 -336 490.0 -1 0 0 0 1 0 0 0 -1 3004.DAT
0 STEP
1 86 1080.0 -384 490.0 -1 0 0 0 1 0 0 0 -1 3004.DAT
0 STEP
1 86 1090.0 -24 10.0 0 0 1 0 1 0 -1 0 0 3005.DAT
0 STEP
1 86 1090.0 -72 10.0 0 0 1 0 1 0 -1 0 0 3005.DAT
0 STEP
1 86 1090.0 -120 10.0 0 0 1 0 1 0 -1 0 0 3005.DAT
0 STEP
1 86 1090.0 -216 10.0 0 0 1 0 1 0 -1 0 0 3005.DAT
0 STEP
1 86 1090.0 -264 10.0 0 0 1 0 1 0 -1 0 0 3005.DAT
0 STEP
1 86 1090.0 -288 20.0 0 0 1 0 1 0 -1 0 0 3004.DAT
0 STEP
1 86 1090.0 -336 20.0 0 0 1 0 1 0 -1 0 0 3004.DAT
0 STEP
1 86 1090.0 -360 10.0 0 0 1 0 1 0 -1 0 0 3005.DAT
0 STEP
1 86 1090.0 -384 20.0 0 0 1 0 1 0 -1 0 0 3004.DAT
0 STEP
1 86 1090.0 -72 60.0 0 0 1 0 1 0 -1 0 0 3010.DAT
0 STEP
1 86 1090.0 -120 40.0 0 0 1 0 1 0 -1 0 0 3004.DAT
0 STEP
1 86 1090.0 -168 60.0 0 0 1 0 1 0 -1 0 0 3010.DAT
0 STEP
1 86 1090.0 -360 40.0 0 0 1 0 1 0 -1 0 0 3004.DAT
0 STEP
1 86 1090.0 -240 80.0 0 0 1 0 1 0 -1 0 0 3010.DAT
0 STEP
1 86 1090.0 -288 50.0 0 0 1 0 1 0 -1 0 0 3005.DAT
0 STEP
1 86 1090.0 -336 50.0 0 0 1 0 1 0 -1 0 0 3005.DAT
0 STEP
1 86 1090.0 -384 50.0 0 0 1 0 1 0 -1 0 0 3005.DAT
0 STEP
1 86 1090.0 -96 70.0 0 0 1 0 1 0 -1 0 0 3005.DAT
0 STEP
1 86 1090.0 -144 70.0 0 0 1 0 1 0 -1 0 0 3005.DAT
0 STEP
1 86 1090.0 -216 80.0 0 0 1 0 1 0 -1 0 0 3004.DAT
0 STEP
1 86 1090.0 -288 80.0 0 0 1 0 1 0 -1 0 0 3004.DAT
0 STEP
1 86 1090.0 -336 80.0 0 0 1 0 1 0 -1 0 0 3004.DAT
0 STEP
1 86 1090.0 -360 70.0 0 0 1 0 1 0 -1 0 0 3005.DAT
0 STEP
1 86 1090.0 -96 100.0 0 0 1 0 1 0 -1 0 0 3004.DAT
0 STEP
1 86 1090.0 -144 120.0 0 0 1 0 1 0 -1 0 0 3010.DAT
0 STEP
1 86 1090.0 -312 100.0 0 0 1 0 1 0 -1 0 0 3004.DAT
0 STEP
1 86 1090.0 -360 120.0 0 0 1 0 1 0 -1 0 0 3010.DAT
0 STEP
1 86 1090.0 -384 90.0 0 0 1 0 1 0 -1 0 0 3005.DAT
0 STEP
1 86 1090.0 -192 160.0 0 0 1 0 1 0 -1 0 0 3009.DAT
0 STEP
1 86 1090.0 -288 110.0 0 0 1 0 1 0 -1 0 0 3005.DAT
0 STEP
1 86 1090.0 -408 120.0 0 0 1 0 1 0 -1 0 0 3004.DAT
0 STEP
1 86 1090.0 -72 200.0 0 0 1 0 1 0 -1 0 0 3008.DAT
0 STEP
1 86 1090.0 -96 130.0 0 0 1 0 1 0 -1 0 0 3005.DAT
0 STEP
1 86 1090.0 -288 160.0 0 0 1 0 1 0 -1 0 0 3010.DAT
0 STEP
1 86 1090.0 -240 160.0 0 0 1 0 1 0 -1 0 0 3004.DAT
0 STEP
1 86 1090.0 -144 170.0 0 0 1 0 1 0 -1 0 0 3005.DAT
0 STEP
1 86 1090.0 -264 170.0 0 0 1 0 1 0 -1 0 0 3005.DAT
0 STEP
1 86 1090.0 -336 240.0 0 0 1 0 1 0 -1 0 0 3008.DAT
0 STEP
1 86 1090.0 -384 180.0 0 0 1 0 1 0 -1 0 0 3004.DAT
0 STEP
1 86 1090.0 -120 240.0 0 0 1 0 1 0 -1 0 0 3009.DAT
0 STEP
1 86 1090.0 -240 190.0 0 0 1 0 1 0 -1 0 0 3005.DAT
0 STEP
1 86 1090.0 -264 200.0 0 0 1 0 1 0 -1 0 0 3004.DAT
0 STEP
1 86 1090.0 -144 220.0 0 0 1 0 1 0 -1 0 0 3004.DAT
0 STEP
1 86 1090.0 -240 240.0 0 0 1 0 1 0 -1 0 0 3010.DAT
0 STEP
1 86 1090.0 -192 230.0 0 0 1 0 1 0 -1 0 0 3005.DAT
0 STEP
1 86 1090.0 -288 230.0 0 0 1 0 1 0 -1 0 0 3005.DAT
0 STEP
1 86 1090.0 -144 250.0 0 0 1 0 1 0 -1 0 0 3005.DAT
0 STEP
1 86 1090.0 -192 260.0 0 0 1 0 1 0 -1 0 0 3004.DAT
0 STEP
1 86 1090.0 -168 320.0 0 0 1 0 1 0 -1 0 0 3009.DAT
0 STEP
1 86 1090.0 -216 300.0 0 0 1 0 1 0 -1 0 0 3010.DAT
0 STEP
1 86 1090.0 -312 280.0 0 0 1 0 1 0 -1 0 0 3004.DAT
0 STEP
1 86 1090.0 -144 300.0 0 0 1 0 1 0 -1 0 0 3004.DAT
0 STEP
1 86 1090.0 -264 290.0 0 0 1 0 1 0 -1 0 0 3005.DAT
0 STEP
1 86 1090.0 -72 310.0 0 0 1 0 1 0 -1 0 0 3005.DAT
0 STEP
1 86 1090.0 -120 310.0 0 0 1 0 1 0 -1 0 0 3005.DAT
0 STEP
1 86 1090.0 -240 310.0 0 0 1 0 1 0 -1 0 0 3005.DAT
0 STEP
1 86 1090.0 -360 310.0 0 0 1 0 1 0 -1 0 0 3005.DAT
0 STEP
1 86 1090.0 -408 310.0 0 0 1 0 1 0 -1 0 0 3005.DAT
0 STEP
1 86 1090.0 -120 340.0 0 0 1 0 1 0 -1 0 0 3004.DAT
0 STEP
1 86 1090.0 -240 380.0 0 0 1 0 1 0 -1 0 0 3009.DAT
0 STEP
1 86 1090.0 -288 380.0 0 0 1 0 1 0 -1 0 0 3009.DAT
0 STEP
1 86 1090.0 -336 330.0 0 0 1 0 1 0 -1 0 0 3005.DAT
0 STEP
1 86 1090.0 -360 340.0 0 0 1 0 1 0 -1 0 0 3004.DAT
0 STEP
1 86 1090.0 -384 330.0 0 0 1 0 1 0 -1 0 0 3005.DAT
0 STEP
1 86 1090.0 -408 340.0 0 0 1 0 1 0 -1 0 0 3004.DAT
0 STEP
1 86 1090.0 -336 380.0 0 0 1 0 1 0 -1 0 0 3010.DAT
0 STEP
1 86 1090.0 -96 380.0 0 0 1 0 1 0 -1 0 0 3004.DAT
0 STEP
1 86 1090.0 -144 400.0 0 0 1 0 1 0 -1 0 0 3010.DAT
0 STEP
1 86 1090.0 -192 400.0 0 0 1 0 1 0 -1 0 0 3010.DAT
0 STEP
1 86 1090.0 -408 370.0 0 0 1 0 1 0 -1 0 0 3005.DAT
0 STEP
1 86 1090.0 -120 400.0 0 0 1 0 1 0 -1 0 0 3004.DAT
0 STEP
1 86 1090.0 -408 410.0 0 0 1 0 1 0 -1 0 0 3005.DAT
0 STEP
1 86 1090.0 -120 430.0 0 0 1 0 1 0 -1 0 0 3005.DAT
0 STEP
1 86 1090.0 -168 430.0 0 0 1 0 1 0 -1 0 0 3005.DAT
0 STEP
1 86 1090.0 -312 440.0 0 0 1 0 1 0 -1 0 0 3004.DAT
0 STEP
1 86 1090.0 -336 430.0 0 0 1 0 1 0 -1 0 0 3005.DAT
0 STEP
1 86 1090.0 -360 460.0 0 0 1 0 1 0 -1 0 0 3010.DAT
0 STEP
1 86 1090.0 -408 460.0 0 0 1 0 1 0 -1 0 0 3010.DAT
0 STEP
1 86 1090.0 -120 460.0 0 0 1 0 1 0 -1 0 0 3004.DAT
0 STEP
1 86 1090.0 -168 460.0 0 0 1 0 1 0 -1 0 0 3004.DAT
0 STEP
1 86 1090.0 -192 450.0 0 0 1 0 1 0 -1 0 0 3005.DAT
0 STEP
1 86 1090.0 -264 460.0 0 0 1 0 1 0 -1 0 0 3004.DAT
0 STEP
1 86 1090.0 0 480.0 0 0 1 0 1 0 -1 0 0 3004.DAT
0 STEP
1 86 1090.0 -48 480.0 0 0 1 0 1 0 -1 0 0 3004.DAT
0 STEP
1 86 1090.0 -96 480.0 0 0 1 0 1 0 -1 0 0 3004.DAT
0 STEP
1 86 1090.0 -144 480.0 0 0 1 0 1 0 -1 0 0 3004.DAT
0 STEP
1 86 1090.0 -192 480.0 0 0 1 0 1 0 -1 0 0 3004.DAT
0 STEP
1 86 1090.0 -240 480.0 0 0 1 0 1 0 -1 0 0 3004.DAT
0 STEP
1 86 1090.0 -288 490.0 0 0 1 0 1 0 -1 0 0 3005.DAT
0 STEP
