1 86 40.0 -144 150.0 -1 0 0 0 1 0 0 0 -1 3010.DAT
0 STEP
1 86 10.0 -168 180.0 0 0 1 0 1 0 -1 0 0 3010.DAT
0 STEP
1 86 20.0 -192 170.0 0 0 1 0 1 0 -1 0 0 3002.DAT
0 STEP
1 86 10.0 -216 180.0 0 0 1 0 1 0 -1 0 0 3010.DAT
0 STEP
1 86 20.0 -240 170.0 0 0 1 0 1 0 -1 0 0 3002.DAT
0 STEP
1 86 40.0 -144 180.0 -1 0 0 0 1 0 0 0 -1 3001.DAT
0 STEP
1 86 40.0 -144 220.0 -1 0 0 0 1 0 0 0 -1 3001.DAT
0 STEP
1 86 20.0 -192 280.0 0 0 1 0 1 0 -1 0 0 3007.DAT
0 STEP
1 86 20.0 -240 300.0 0 0 1 0 1 0 -1 0 0 3006.DAT
0 STEP
1 86 10.0 -168 300.0 0 0 1 0 1 0 -1 0 0 3008.DAT
0 STEP
1 86 10.0 -216 230.0 0 0 1 0 1 0 -1 0 0 3005.DAT
0 STEP
1 86 40.0 -144 250.0 -1 0 0 0 1 0 0 0 -1 3010.DAT
0 STEP
1 86 20.0 -216 280.0 0 0 1 0 1 0 -1 0 0 3001.DAT
0 STEP
1 86 20.0 -144 300.0 0 0 1 0 1 0 -1 0 0 3001.DAT
0 STEP
1 86 10.0 -216 330.0 0 0 1 0 1 0 -1 0 0 3005.DAT
0 STEP
1 86 60.0 -144 360.0 -1 0 0 0 1 0 0 0 -1 2456.DAT
0 STEP
1 86 10.0 -216 380.0 0 0 1 0 1 0 -1 0 0 3010.DAT
0 STEP
1 86 20.0 -192 370.0 -1 0 0 0 1 0 0 0 -1 3004.DAT
0 STEP
1 86 60.0 -144 400.0 -1 0 0 0 1 0 0 0 -1 2456.DAT
0 STEP
1 86 10.0 -168 420.0 0 0 1 0 1 0 -1 0 0 3010.DAT
0 STEP
1 86 40.0 -192 400.0 -1 0 0 0 1 0 0 0 -1 3001.DAT
0 STEP
1 86 10.0 -240 480.0 0 0 1 0 1 0 -1 0 0 3008.DAT
0 STEP
1 86 20.0 -144 460.0 0 0 1 0 1 0 -1 0 0 3001.DAT
0 STEP
1 86 20.0 -192 460.0 0 0 1 0 1 0 -1 0 0 3001.DAT
0 STEP
1 86 10.0 -216 430.0 0 0 1 0 1 0 -1 0 0 3005.DAT
0 STEP
1 86 20.0 -216 450.0 -1 0 0 0 1 0 0 0 -1 3004.DAT
0 STEP
1 86 10.0 -168 470.0 0 0 1 0 1 0 -1 0 0 3005.DAT
0 STEP
1 86 20.0 -216 540.0 0 0 1 0 1 0 -1 0 0 3007.DAT
0 STEP
1 86 20.0 -168 540.0 0 0 1 0 1 0 -1 0 0 2456.DAT
0 STEP
1 86 40.0 -144 520.0 -1 0 0 0 1 0 0 0 -1 3001.DAT
0 STEP
1 86 20.0 -192 510.0 -1 0 0 0 1 0 0 0 -1 3004.DAT
0 STEP
1 86 20.0 -192 580.0 0 0 1 0 1 0 -1 0 0 2456.DAT
0 STEP
1 86 20.0 -144 620.0 0 0 1 0 1 0 -1 0 0 3007.DAT
0 STEP
1 86 10.0 -240 600.0 0 0 1 0 1 0 -1 0 0 3010.DAT
0 STEP
1 86 20.0 -168 610.0 -1 0 0 0 1 0 0 0 -1 3004.DAT
0 STEP
1 86 10.0 -168 650.0 0 0 1 0 1 0 -1 0 0 3622.DAT
0 STEP
1 86 10.0 -216 680.0 0 0 1 0 1 0 -1 0 0 3009.DAT
0 STEP
1 86 20.0 -192 670.0 0 0 1 0 1 0 -1 0 0 3002.DAT
0 STEP
1 86 10.0 -240 650.0 0 0 1 0 1 0 -1 0 0 3005.DAT
0 STEP
1 86 30.0 -240 680.0 -1 0 0 0 1 0 0 0 -1 3002.DAT
0 STEP
1 86 10.0 -168 720.0 0 0 1 0 1 0 -1 0 0 3010.DAT
0 STEP
1 86 20.0 -144 800.0 0 0 1 0 1 0 -1 0 0 3006.DAT
0 STEP
1 86 10.0 -192 710.0 0 0 1 0 1 0 -1 0 0 3005.DAT
0 STEP
1 86 10.0 -240 740.0 0 0 1 0 1 0 -1 0 0 3010.DAT
0 STEP
1 86 10.0 -192 760.0 0 0 1 0 1 0 -1 0 0 3010.DAT
0 STEP
1 86 20.0 -216 800.0 0 0 1 0 1 0 -1 0 0 2456.DAT
0 STEP
1 86 20.0 -168 860.0 0 0 1 0 1 0 -1 0 0 3006.DAT
0 STEP
1 86 10.0 -240 840.0 0 0 1 0 1 0 -1 0 0 3009.DAT
0 STEP
1 86 10.0 -192 810.0 0 0 1 0 1 0 -1 0 0 3005.DAT
0 STEP
1 86 20.0 -192 920.0 0 0 1 0 1 0 -1 0 0 3006.DAT
0 STEP
1 86 20.0 -216 870.0 -1 0 0 0 1 0 0 0 -1 3004.DAT
0 STEP
1 86 20.0 -216 980.0 0 0 1 0 1 0 -1 0 0 3006.DAT
0 STEP
1 86 30.0 -144 910.0 -1 0 0 0 1 0 0 0 -1 3622.DAT
0 STEP
1 86 10.0 -240 930.0 0 0 1 0 1 0 -1 0 0 3622.DAT
0 STEP
1 86 20.0 -144 1000.0 0 0 1 0 1 0 -1 0 0 3007.DAT
0 STEP
1 86 10.0 -168 1040.0 0 0 1 0 1 0 -1 0 0 3008.DAT
0 STEP
1 86 10.0 -240 1040.0 0 0 1 0 1 0 -1 0 0 3008.DAT
0 STEP
1 86 20.0 -192 1030.0 -1 0 0 0 1 0 0 0 -1 3004.DAT
0 STEP
1 86 20.0 -192 1100.0 0 0 1 0 1 0 -1 0 0 2456.DAT
0 STEP
1 86 40.0 -144 1090.0 -1 0 0 0 1 0 0 0 -1 3010.DAT
0 STEP
1 86 10.0 -216 1090.0 0 0 1 0 1 0 -1 0 0 3005.DAT
0 STEP
1 86 20.0 -144 1140.0 0 0 1 0 1 0 -1 0 0 3001.DAT
0 STEP
1 86 10.0 -216 1160.0 0 0 1 0 1 0 -1 0 0 3009.DAT
0 STEP
1 86 10.0 -168 1130.0 0 0 1 0 1 0 -1 0 0 3005.DAT
0 STEP
1 86 10.0 -240 1130.0 0 0 1 0 1 0 -1 0 0 3005.DAT
0 STEP
1 86 10.0 -168 1220.0 0 0 1 0 1 0 -1 0 0 3008.DAT
0 STEP
1 86 30.0 -240 1150.0 -1 0 0 0 1 0 0 0 -1 3622.DAT
0 STEP
1 86 20.0 -192 1170.0 -1 0 0 0 1 0 0 0 -1 3004.DAT
0 STEP
1 86 10.0 -240 1170.0 0 0 1 0 1 0 -1 0 0 3005.DAT
0 STEP
1 86 40.0 -144 1200.0 -1 0 0 0 1 0 0 0 -1 3001.DAT
0 STEP
1 86 20.0 -192 1280.0 0 0 1 0 1 0 -1 0 0 3006.DAT
0 STEP
1 86 10.0 -240 1260.0 0 0 1 0 1 0 -1 0 0 3008.DAT
0 STEP
1 86 40.0 -144 1240.0 -1 0 0 0 1 0 0 0 -1 3001.DAT
0 STEP
1 86 20.0 -216 1320.0 0 0 1 0 1 0 -1 0 0 3006.DAT
0 STEP
1 86 20.0 -144 1360.0 0 0 1 0 1 0 -1 0 0 3006.DAT
0 STEP
1 86 10.0 -168 1380.0 0 0 1 0 1 0 -1 0 0 3008.DAT
0 STEP
1 86 30.0 -240 1350.0 -1 0 0 0 1 0 0 0 -1 3622.DAT
0 STEP
1 86 10.0 -240 1370.0 0 0 1 0 1 0 -1 0 0 3005.DAT
0 STEP
1 86 20.0 -192 1460.0 0 0 1 0 1 0 -1 0 0 3007.DAT
0 STEP
1 86 10.0 -240 1420.0 0 0 1 0 1 0 -1 0 0 3010.DAT
0 STEP
1 86 20.0 -216 1460.0 0 0 1 0 1 0 -1 0 0 3001.DAT
0 STEP
1 86 40.0 -144 1480.0 -1 0 0 0 1 0 0 0 -1 3001.DAT
0 STEP
1 86 10.0 -168 1540.0 0 0 1 0 1 0 -1 0 0 3008.DAT
0 STEP
1 86 10.0 -240 1470.0 0 0 1 0 1 0 -1 0 0 3005.DAT
0 STEP
1 86 10.0 -240 1560.0 0 0 1 0 1 0 -1 0 0 3008.DAT
0 STEP
1 86 20.0 -144 1540.0 0 0 1 0 1 0 -1 0 0 3001.DAT
0 STEP
1 86 20.0 -216 1510.0 -1 0 0 0 1 0 0 0 -1 3004.DAT
0 STEP
1 86 20.0 -216 1600.0 0 0 1 0 1 0 -1 0 0 3007.DAT
0 STEP
1 86 20.0 -192 1550.0 -1 0 0 0 1 0 0 0 -1 3004.DAT
0 STEP
1 86 20.0 -192 1660.0 0 0 1 0 1 0 -1 0 0 3006.DAT
0 STEP
1 86 60.0 -144 1590.0 -1 0 0 0 1 0 0 0 -1 3009.DAT
0 STEP
1 86 20.0 -144 1680.0 0 0 1 0 1 0 -1 0 0 3007.DAT
0 STEP
1 86 10.0 -168 1630.0 0 0 1 0 1 0 -1 0 0 3005.DAT
0 STEP
1 86 10.0 -168 1680.0 0 0 1 0 1 0 -1 0 0 3010.DAT
0 STEP
1 86 10.0 -240 1650.0 0 0 1 0 1 0 -1 0 0 3005.DAT
0 STEP
1 86 10.0 -240 1700.0 0 0 1 0 1 0 -1 0 0 3010.DAT
0 STEP
1 86 20.0 -216 1690.0 -1 0 0 0 1 0 0 0 -1 3004.DAT
0 STEP
1 86 10.0 -216 1780.0 0 0 1 0 1 0 -1 0 0 3008.DAT
0 STEP
1 86 20.0 -168 1730.0 -1 0 0 0 1 0 0 0 -1 3004.DAT
0 STEP
1 86 20.0 -168 1800.0 0 0 1 0 1 0 -1 0 0 2456.DAT
0 STEP
1 86 30.0 -240 1750.0 -1 0 0 0 1 0 0 0 -1 3622.DAT
0 STEP
1 86 80.0 -144 1770.0 -1 0 0 0 1 0 0 0 -1 3008.DAT
0 STEP
1 86 20.0 -192 1790.0 0 0 1 0 1 0 -1 0 0 3002.DAT
0 STEP
1 86 10.0 -240 1840.0 0 0 1 0 1 0 -1 0 0 3008.DAT
0 STEP
1 86 20.0 -144 1840.0 0 0 1 0 1 0 -1 0 0 2456.DAT
0 STEP
1 86 20.0 -192 1900.0 0 0 1 0 1 0 -1 0 0 3007.DAT
0 STEP
1 86 20.0 -168 1870.0 -1 0 0 0 1 0 0 0 -1 3004.DAT
0 STEP
1 86 10.0 -216 1900.0 0 0 1 0 1 0 -1 0 0 3010.DAT
0 STEP
1 86 10.0 -168 1890.0 0 0 1 0 1 0 -1 0 0 3005.DAT
0 STEP
1 86 80.0 -144 1910.0 -1 0 0 0 1 0 0 0 -1 3008.DAT
0 STEP
1 86 10.0 -168 1980.0 0 0 1 0 1 0 -1 0 0 3008.DAT
0 STEP
1 86 60.0 -144 1940.0 -1 0 0 0 1 0 0 0 -1 2456.DAT
0 STEP
1 86 30.0 -240 1930.0 -1 0 0 0 1 0 0 0 -1 3622.DAT
0 STEP
1 86 10.0 -216 1950.0 0 0 1 0 1 0 -1 0 0 3005.DAT
0 STEP
1 86 30.0 -240 1960.0 -1 0 0 0 1 0 0 0 -1 3002.DAT
0 STEP
1 86 60.0 -144 1970.0 -1 0 0 0 1 0 0 0 -1 3009.DAT
0 STEP
1 86 10.0 -216 2040.0 0 0 1 0 1 0 -1 0 0 3008.DAT
0 STEP
1 86 20.0 -144 1990.0 -1 0 0 0 1 0 0 0 -1 3004.DAT
0 STEP
1 86 20.0 -192 1990.0 -1 0 0 0 1 0 0 0 -1 3004.DAT
0 STEP
1 86 30.0 -240 2000.0 -1 0 0 0 1 0 0 0 -1 3002.DAT
0 STEP
1 86 20.0 -144 2040.0 0 0 1 0 1 0 -1 0 0 3001.DAT
0 STEP
1 86 20.0 -192 2040.0 0 0 1 0 1 0 -1 0 0 3001.DAT
0 STEP
1 86 10.0 -240 2060.0 0 0 1 0 1 0 -1 0 0 3010.DAT
0 STEP
1 86 10.0 -168 2140.0 0 0 1 0 1 0 -1 0 0 3008.DAT
0 STEP
1 86 40.0 -144 2100.0 -1 0 0 0 1 0 0 0 -1 3001.DAT
0 STEP
1 86 20.0 -192 2090.0 -1 0 0 0 1 0 0 0 -1 3004.DAT
0 STEP
1 86 20.0 -192 2140.0 0 0 1 0 1 0 -1 0 0 3001.DAT
0 STEP
1 86 30.0 -240 2110.0 -1 0 0 0 1 0 0 0 -1 3622.DAT
0 STEP
1 86 40.0 -144 2140.0 -1 0 0 0 1 0 0 0 -1 3001.DAT
0 STEP
1 86 10.0 -216 2200.0 0 0 1 0 1 0 -1 0 0 3008.DAT
0 STEP
1 86 30.0 -240 2140.0 -1 0 0 0 1 0 0 0 -1 3002.DAT
0 STEP
1 86 40.0 -144 2180.0 -1 0 0 0 1 0 0 0 -1 3001.DAT
0 STEP
1 86 30.0 -240 2170.0 -1 0 0 0 1 0 0 0 -1 3622.DAT
0 STEP
1 86 40.0 -192 2200.0 -1 0 0 0 1 0 0 0 -1 3001.DAT
0 STEP
1 86 20.0 -240 2220.0 0 0 1 0 1 0 -1 0 0 3001.DAT
0 STEP
1 86 20.0 -144 2240.0 0 0 1 0 1 0 -1 0 0 3001.DAT
0 STEP
1 86 10.0 -168 2250.0 0 0 1 0 1 0 -1 0 0 3622.DAT
0 STEP
1 86 20.0 -192 2240.0 0 0 1 0 1 0 -1 0 0 3003.DAT
0 STEP
1 86 10.0 -192 2270.0 0 0 1 0 1 0 -1 0 0 3005.DAT
0 STEP
1 86 20.0 -240 2270.0 -1 0 0 0 1 0 0 0 -1 3004.DAT
0 STEP
1 86 40.0 -144 2290.0 -1 0 0 0 1 0 0 0 -1 3010.DAT
0 STEP
1 86 30.0 -240 2290.0 -1 0 0 0 1 0 0 0 -1 3622.DAT
0 STEP
1 86 60.0 -144 100.0 -1 0 0 0 1 0 0 0 -1 3001.DAT
0 STEP
1 86 30.0 -168 90.0 0 0 1 0 1 0 -1 0 0 3005.DAT
0 STEP
1 86 50.0 -192 100.0 -1 0 0 0 1 0 0 0 -1 3002.DAT
0 STEP
1 86 30.0 -216 160.0 0 0 1 0 1 0 -1 0 0 3008.DAT
0 STEP
1 86 50.0 -240 100.0 -1 0 0 0 1 0 0 0 -1 3002.DAT
0 STEP
1 86 30.0 -168 180.0 0 0 1 0 1 0 -1 0 0 3008.DAT
0 STEP
1 86 40.0 0 130.0 -1 0 0 0 1 0 0 0 -1 3004.DAT
0 STEP
1 86 30.0 -24 150.0 0 0 1 0 1 0 -1 0 0 3622.DAT
0 STEP
1 86 50.0 -48 130.0 -1 0 0 0 1 0 0 0 -1 3622.DAT
0 STEP
1 86 30.0 -72 200.0 0 0 1 0 1 0 -1 0 0 3008.DAT
0 STEP
1 86 60.0 -96 140.0 -1 0 0 0 1 0 0 0 -1 3001.DAT
0 STEP
1 86 30.0 -120 200.0 0 0 1 0 1 0 -1 0 0 3008.DAT
0 STEP
1 86 50.0 -144 130.0 -1 0 0 0 1 0 0 0 -1 3622.DAT
0 STEP
1 86 40.0 -192 130.0 -1 0 0 0 1 0 0 0 -1 3004.DAT
0 STEP
1 86 40.0 -240 130.0 -1 0 0 0 1 0 0 0 -1 3004.DAT
0 STEP
1 86 40.0 0 180.0 0 0 1 0 1 0 -1 0 0 3001.DAT
0 STEP
1 86 50.0 -48 160.0 -1 0 0 0 1 0 0 0 -1 3002.DAT
0 STEP
1 86 80.0 -96 170.0 -1 0 0 0 1 0 0 0 -1 3009.DAT
0 STEP
1 86 30.0 -24 220.0 0 0 1 0 1 0 -1 0 0 3010.DAT
0 STEP
1 86 50.0 -48 190.0 -1 0 0 0 1 0 0 0 -1 3622.DAT
0 STEP
1 86 80.0 -96 200.0 -1 0 0 0 1 0 0 0 -1 2456.DAT
0 STEP
1 86 50.0 -48 220.0 -1 0 0 0 1 0 0 0 -1 3002.DAT
0 STEP
1 86 60.0 0 230.0 -1 0 0 0 1 0 0 0 -1 3010.DAT
0 STEP
1 86 80.0 -96 240.0 -1 0 0 0 1 0 0 0 -1 2456.DAT
0 STEP
1 86 40.0 0 280.0 0 0 1 0 1 0 -1 0 0 3001.DAT
0 STEP
1 86 40.0 -48 250.0 -1 0 0 0 1 0 0 0 -1 3004.DAT
0 STEP
1 86 60.0 -24 270.0 -1 0 0 0 1 0 0 0 -1 3010.DAT
0 STEP
1 86 30.0 -48 300.0 0 0 1 0 1 0 -1 0 0 3010.DAT
0 STEP
1 86 80.0 -96 280.0 -1 0 0 0 1 0 0 0 -1 2456.DAT
0 STEP
1 86 30.0 -168 290.0 0 0 1 0 1 0 -1 0 0 3622.DAT
0 STEP
1 86 60.0 -24 300.0 -1 0 0 0 1 0 0 0 -1 3001.DAT
0 STEP
1 86 50.0 -72 300.0 -1 0 0 0 1 0 0 0 -1 3002.DAT
0 STEP
1 86 40.0 -120 380.0 0 0 1 0 1 0 -1 0 0 3006.DAT
0 STEP
1 86 30.0 -96 340.0 0 0 1 0 1 0 -1 0 0 3010.DAT
0 STEP
1 86 60.0 0 340.0 -1 0 0 0 1 0 0 0 -1 3001.DAT
0 STEP
1 86 40.0 -24 360.0 0 0 1 0 1 0 -1 0 0 3001.DAT
0 STEP
1 86 50.0 -72 340.0 -1 0 0 0 1 0 0 0 -1 3002.DAT
0 STEP
1 86 30.0 -168 400.0 0 0 1 0 1 0 -1 0 0 3008.DAT
0 STEP
1 86 30.0 -216 380.0 0 0 1 0 1 0 -1 0 0 3009.DAT
0 STEP
1 86 30.0 -48 350.0 0 0 1 0 1 0 -1 0 0 3005.DAT
0 STEP
1 86 40.0 0 400.0 0 0 1 0 1 0 -1 0 0 3001.DAT
0 STEP
1 86 30.0 -48 400.0 0 0 1 0 1 0 -1 0 0 3010.DAT
0 STEP
1 86 50.0 -72 370.0 -1 0 0 0 1 0 0 0 -1 3622.DAT
0 STEP
1 86 50.0 -72 400.0 -1 0 0 0 1 0 0 0 -1 3002.DAT
0 STEP
1 86 30.0 -96 390.0 0 0 1 0 1 0 -1 0 0 3005.DAT
0 STEP
1 86 30.0 -264 420.0 0 0 1 0 1 0 -1 0 0 3010.DAT
0 STEP
1 86 40.0 -288 480.0 0 0 1 0 1 0 -1 0 0 3006.DAT
0 STEP
1 86 60.0 -312 400.0 -1 0 0 0 1 0 0 0 -1 3001.DAT
0 STEP
1 86 40.0 -336 410.0 0 0 1 0 1 0 -1 0 0 3002.DAT
0 STEP
1 86 30.0 -360 420.0 0 0 1 0 1 0 -1 0 0 3010.DAT
0 STEP
1 86 60.0 -384 400.0 -1 0 0 0 1 0 0 0 -1 3001.DAT
0 STEP
1 86 80.0 -24 410.0 -1 0 0 0 1 0 0 0 -1 3009.DAT
0 STEP
1 86 30.0 -96 460.0 0 0 1 0 1 0 -1 0 0 3009.DAT
0 STEP
1 86 30.0 -240 410.0 0 0 1 0 1 0 -1 0 0 3005.DAT
0 STEP
1 86 40.0 -408 440.0 0 0 1 0 1 0 -1 0 0 3001.DAT
0 STEP
1 86 30.0 -24 450.0 0 0 1 0 1 0 -1 0 0 3622.DAT
0 STEP
1 86 50.0 -72 440.0 -1 0 0 0 1 0 0 0 -1 3002.DAT
0 STEP
1 86 40.0 -240 500.0 0 0 1 0 1 0 -1 0 0 3007.DAT
0 STEP
1 86 40.0 -312 430.0 -1 0 0 0 1 0 0 0 -1 3004.DAT
0 STEP
1 86 30.0 -384 430.0 0 0 1 0 1 0 -1 0 0 3005.DAT
0 STEP
1 86 60.0 0 450.0 -1 0 0 0 1 0 0 0 -1 3010.DAT
0 STEP
1 86 30.0 -48 450.0 0 0 1 0 1 0 -1 0 0 3005.DAT
0 STEP
1 86 30.0 -312 460.0 0 0 1 0 1 0 -1 0 0 3004.DAT
0 STEP
1 86 40.0 -336 520.0 0 0 1 0 1 0 -1 0 0 3007.DAT
0 STEP
1 86 30.0 -384 520.0 0 0 1 0 1 0 -1 0 0 3008.DAT
0 STEP
1 86 30.0 0 480.0 0 0 1 0 1 0 -1 0 0 3004.DAT
0 STEP
1 86 30.0 -48 500.0 0 0 1 0 1 0 -1 0 0 3010.DAT
0 STEP
1 86 50.0 -72 480.0 -1 0 0 0 1 0 0 0 -1 3002.DAT
0 STEP
1 86 30.0 -264 470.0 0 0 1 0 1 0 -1 0 0 3005.DAT
0 STEP
1 86 30.0 -360 470.0 0 0 1 0 1 0 -1 0 0 3005.DAT
0 STEP
1 86 30.0 -24 560.0 0 0 1 0 1 0 -1 0 0 3008.DAT
0 STEP
1 86 30.0 -120 540.0 0 0 1 0 1 0 -1 0 0 3009.DAT
0 STEP
1 86 40.0 -264 510.0 0 0 1 0 1 0 -1 0 0 3002.DAT
0 STEP
1 86 30.0 -312 560.0 0 0 1 0 1 0 -1 0 0 3008.DAT
0 STEP
1 86 30.0 -360 520.0 0 0 1 0 1 0 -1 0 0 3010.DAT
0 STEP
1 86 60.0 -408 500.0 -1 0 0 0 1 0 0 0 -1 3001.DAT
0 STEP
1 86 60.0 0 510.0 -1 0 0 0 1 0 0 0 -1 3010.DAT
0 STEP
1 86 30.0 -72 560.0 0 0 1 0 1 0 -1 0 0 3009.DAT
0 STEP
1 86 30.0 0 560.0 0 0 1 0 1 0 -1 0 0 3010.DAT
0 STEP
1 86 80.0 -96 540.0 -1 0 0 0 1 0 0 0 -1 2456.DAT
0 STEP
1 86 60.0 -408 530.0 -1 0 0 0 1 0 0 0 -1 3010.DAT
0 STEP
1 86 60.0 -48 550.0 -1 0 0 0 1 0 0 0 -1 3010.DAT
0 STEP
1 86 40.0 -264 580.0 0 0 1 0 1 0 -1 0 0 3001.DAT
0 STEP
1 86 40.0 -408 550.0 -1 0 0 0 1 0 0 0 -1 3004.DAT
0 STEP
1 86 50.0 -48 580.0 -1 0 0 0 1 0 0 0 -1 3002.DAT
0 STEP
1 86 40.0 -96 590.0 0 0 1 0 1 0 -1 0 0 3002.DAT
0 STEP
1 86 40.0 -360 640.0 0 0 1 0 1 0 -1 0 0 3007.DAT
0 STEP
1 86 40.0 -408 640.0 0 0 1 0 1 0 -1 0 0 3007.DAT
0 STEP
1 86 40.0 -240 620.0 0 0 1 0 1 0 -1 0 0 3001.DAT
0 STEP
1 86 30.0 -288 590.0 0 0 1 0 1 0 -1 0 0 3005.DAT
0 STEP
1 86 40.0 0 610.0 -1 0 0 0 1 0 0 0 -1 3004.DAT
0 STEP
1 86 50.0 -48 610.0 -1 0 0 0 1 0 0 0 -1 3622.DAT
0 STEP
1 86 30.0 -120 640.0 0 0 1 0 1 0 -1 0 0 3010.DAT
0 STEP
1 86 30.0 -288 660.0 0 0 1 0 1 0 -1 0 0 3009.DAT
0 STEP
1 86 40.0 -336 640.0 0 0 1 0 1 0 -1 0 0 3001.DAT
0 STEP
1 86 30.0 -384 680.0 0 0 1 0 1 0 -1 0 0 3008.DAT
0 STEP
1 86 30.0 0 680.0 0 0 1 0 1 0 -1 0 0 3009.DAT
0 STEP
1 86 30.0 -48 630.0 0 0 1 0 1 0 -1 0 0 3005.DAT
0 STEP
1 86 50.0 -72 640.0 -1 0 0 0 1 0 0 0 -1 3002.DAT
0 STEP
1 86 30.0 -96 630.0 0 0 1 0 1 0 -1 0 0 3005.DAT
0 STEP
1 86 30.0 -168 630.0 0 0 1 0 1 0 -1 0 0 3005.DAT
0 STEP
1 86 30.0 -216 630.0 0 0 1 0 1 0 -1 0 0 3005.DAT
0 STEP
1 86 40.0 -264 630.0 -1 0 0 0 1 0 0 0 -1 3004.DAT
0 STEP
1 86 30.0 -24 650.0 0 0 1 0 1 0 -1 0 0 3005.DAT
0 STEP
1 86 30.0 -48 700.0 0 0 1 0 1 0 -1 0 0 3009.DAT
0 STEP
1 86 30.0 -96 700.0 0 0 1 0 1 0 -1 0 0 3009.DAT
0 STEP
1 86 30.0 -168 700.0 0 0 1 0 1 0 -1 0 0 3009.DAT
0 STEP
1 86 30.0 -216 680.0 0 0 1 0 1 0 -1 0 0 3010.DAT
0 STEP
1 86 40.0 -264 700.0 0 0 1 0 1 0 -1 0 0 2456.DAT
0 STEP
1 86 40.0 -312 680.0 0 0 1 0 1 0 -1 0 0 3001.DAT
0 STEP
1 86 100.0 -24 670.0 -1 0 0 0 1 0 0 0 -1 3008.DAT
0 STEP
1 86 50.0 -72 670.0 -1 0 0 0 1 0 0 0 -1 3622.DAT
0 STEP
1 86 60.0 -24 690.0 -1 0 0 0 1 0 0 0 -1 3010.DAT
0 STEP
1 86 50.0 -72 700.0 -1 0 0 0 1 0 0 0 -1 3002.DAT
0 STEP
1 86 40.0 -120 700.0 0 0 1 0 1 0 -1 0 0 3003.DAT
0 STEP
1 86 40.0 -336 690.0 -1 0 0 0 1 0 0 0 -1 3004.DAT
0 STEP
1 86 50.0 -24 710.0 -1 0 0 0 1 0 0 0 -1 3622.DAT
0 STEP
1 86 30.0 -192 760.0 0 0 1 0 1 0 -1 0 0 3009.DAT
0 STEP
1 86 40.0 -240 760.0 0 0 1 0 1 0 -1 0 0 2456.DAT
0 STEP
1 86 40.0 -336 740.0 0 0 1 0 1 0 -1 0 0 3001.DAT
0 STEP
1 86 60.0 -24 730.0 -1 0 0 0 1 0 0 0 -1 3010.DAT
0 STEP
1 86 40.0 -72 760.0 0 0 1 0 1 0 -1 0 0 3001.DAT
0 STEP
1 86 60.0 -120 730.0 -1 0 0 0 1 0 0 0 -1 3010.DAT
0 STEP
1 86 30.0 -216 730.0 0 0 1 0 1 0 -1 0 0 3005.DAT
0 STEP
1 86 30.0 -288 730.0 0 0 1 0 1 0 -1 0 0 3005.DAT
0 STEP
1 86 40.0 -312 730.0 -1 0 0 0 1 0 0 0 -1 3004.DAT
0 STEP
1 86 40.0 -360 730.0 -1 0 0 0 1 0 0 0 -1 3004.DAT
0 STEP
1 86 40.0 -408 730.0 -1 0 0 0 1 0 0 0 -1 3004.DAT
0 STEP
1 86 30.0 0 750.0 0 0 1 0 1 0 -1 0 0 3005.DAT
0 STEP
1 86 60.0 -24 760.0 -1 0 0 0 1 0 0 0 -1 3001.DAT
0 STEP
1 86 50.0 -120 750.0 -1 0 0 0 1 0 0 0 -1 3622.DAT
0 STEP
1 86 40.0 -288 820.0 0 0 1 0 1 0 -1 0 0 3007.DAT
0 STEP
1 86 40.0 -312 840.0 0 0 1 0 1 0 -1 0 0 3006.DAT
0 STEP
1 86 40.0 -360 780.0 0 0 1 0 1 0 -1 0 0 3001.DAT
0 STEP
1 86 80.0 -408 750.0 -1 0 0 0 1 0 0 0 -1 3009.DAT
0 STEP
1 86 30.0 0 820.0 0 0 1 0 1 0 -1 0 0 3009.DAT
0 STEP
1 86 40.0 -48 770.0 -1 0 0 0 1 0 0 0 -1 3004.DAT
0 STEP
1 86 40.0 -96 770.0 -1 0 0 0 1 0 0 0 -1 3004.DAT
0 STEP
1 86 50.0 -120 780.0 -1 0 0 0 1 0 0 0 -1 3002.DAT
0 STEP
1 86 40.0 -264 770.0 -1 0 0 0 1 0 0 0 -1 3004.DAT
0 STEP
1 86 30.0 -384 780.0 0 0 1 0 1 0 -1 0 0 3004.DAT
0 STEP
1 86 40.0 -408 790.0 0 0 1 0 1 0 -1 0 0 3002.DAT
0 STEP
1 86 60.0 -24 790.0 -1 0 0 0 1 0 0 0 -1 3010.DAT
0 STEP
1 86 40.0 -48 820.0 0 0 1 0 1 0 -1 0 0 3001.DAT
0 STEP
1 86 40.0 -96 880.0 0 0 1 0 1 0 -1 0 0 3006.DAT
0 STEP
1 86 40.0 -264 860.0 0 0 1 0 1 0 -1 0 0 3007.DAT
0 STEP
1 86 40.0 -336 880.0 0 0 1 0 1 0 -1 0 0 3006.DAT
0 STEP
1 86 30.0 -24 810.0 0 0 1 0 1 0 -1 0 0 3005.DAT
0 STEP
1 86 50.0 -72 820.0 -1 0 0 0 1 0 0 0 -1 3002.DAT
0 STEP
1 86 50.0 -120 820.0 -1 0 0 0 1 0 0 0 -1 3002.DAT
0 STEP
1 86 30.0 -384 880.0 0 0 1 0 1 0 -1 0 0 3008.DAT
0 STEP
1 86 50.0 -24 830.0 -1 0 0 0 1 0 0 0 -1 3622.DAT
0 STEP
1 86 40.0 -240 920.0 0 0 1 0 1 0 -1 0 0 3006.DAT
0 STEP
1 86 30.0 -360 830.0 0 0 1 0 1 0 -1 0 0 3005.DAT
0 STEP
1 86 40.0 -408 900.0 0 0 1 0 1 0 -1 0 0 3007.DAT
0 STEP
1 86 40.0 -24 900.0 0 0 1 0 1 0 -1 0 0 2456.DAT
0 STEP
1 86 50.0 -72 860.0 -1 0 0 0 1 0 0 0 -1 3002.DAT
0 STEP
1 86 50.0 -120 860.0 -1 0 0 0 1 0 0 0 -1 3002.DAT
0 STEP
1 86 30.0 -360 880.0 0 0 1 0 1 0 -1 0 0 3010.DAT
0 STEP
1 86 30.0 -48 940.0 0 0 1 0 1 0 -1 0 0 3008.DAT
0 STEP
1 86 60.0 0 890.0 -1 0 0 0 1 0 0 0 -1 3010.DAT
0 STEP
1 86 50.0 -72 900.0 -1 0 0 0 1 0 0 0 -1 3002.DAT
0 STEP
1 86 80.0 -120 890.0 -1 0 0 0 1 0 0 0 -1 3009.DAT
0 STEP
1 86 60.0 0 920.0 -1 0 0 0 1 0 0 0 -1 3001.DAT
0 STEP
1 86 40.0 -120 940.0 0 0 1 0 1 0 -1 0 0 3001.DAT
0 STEP
1 86 40.0 -288 910.0 -1 0 0 0 1 0 0 0 -1 3004.DAT
0 STEP
1 86 50.0 -72 930.0 -1 0 0 0 1 0 0 0 -1 3622.DAT
0 STEP
1 86 40.0 -288 960.0 0 0 1 0 1 0 -1 0 0 3001.DAT
0 STEP
1 86 40.0 -360 930.0 -1 0 0 0 1 0 0 0 -1 3004.DAT
0 STEP
1 86 80.0 0 950.0 -1 0 0 0 1 0 0 0 -1 3009.DAT
0 STEP
1 86 50.0 -72 960.0 -1 0 0 0 1 0 0 0 -1 3002.DAT
0 STEP
1 86 40.0 -264 950.0 -1 0 0 0 1 0 0 0 -1 3004.DAT
0 STEP
1 86 40.0 -312 950.0 -1 0 0 0 1 0 0 0 -1 3004.DAT
0 STEP
1 86 30.0 -360 1000.0 0 0 1 0 1 0 -1 0 0 3009.DAT
0 STEP
1 86 30.0 0 1040.0 0 0 1 0 1 0 -1 0 0 3008.DAT
0 STEP
1 86 60.0 -24 970.0 -1 0 0 0 1 0 0 0 -1 3010.DAT
0 STEP
1 86 30.0 -168 970.0 0 0 1 0 1 0 -1 0 0 3005.DAT
0 STEP
1 86 40.0 -264 1020.0 0 0 1 0 1 0 -1 0 0 2456.DAT
0 STEP
1 86 40.0 -312 1000.0 0 0 1 0 1 0 -1 0 0 3001.DAT
0 STEP
1 86 30.0 -384 990.0 0 0 1 0 1 0 -1 0 0 3622.DAT
0 STEP
1 86 100.0 -24 990.0 -1 0 0 0 1 0 0 0 -1 3008.DAT
0 STEP
1 86 50.0 -72 1000.0 -1 0 0 0 1 0 0 0 -1 3002.DAT
0 STEP
1 86 30.0 -96 1020.0 0 0 1 0 1 0 -1 0 0 3010.DAT
0 STEP
1 86 60.0 -120 1000.0 -1 0 0 0 1 0 0 0 -1 3001.DAT
0 STEP
1 86 30.0 -168 1060.0 0 0 1 0 1 0 -1 0 0 3008.DAT
0 STEP
1 86 40.0 -336 1080.0 0 0 1 0 1 0 -1 0 0 3006.DAT
0 STEP
1 86 30.0 -408 990.0 0 0 1 0 1 0 -1 0 0 3005.DAT
0 STEP
1 86 100.0 -24 1020.0 -1 0 0 0 1 0 0 0 -1 3007.DAT
0 STEP
1 86 40.0 -288 1010.0 -1 0 0 0 1 0 0 0 -1 3004.DAT
0 STEP
1 86 30.0 -408 1060.0 0 0 1 0 1 0 -1 0 0 3009.DAT
0 STEP
1 86 30.0 -48 1100.0 0 0 1 0 1 0 -1 0 0 3008.DAT
0 STEP
1 86 50.0 -72 1040.0 -1 0 0 0 1 0 0 0 -1 3002.DAT
0 STEP
1 86 40.0 -120 1050.0 0 0 1 0 1 0 -1 0 0 3002.DAT
0 STEP
1 86 40.0 -240 1080.0 0 0 1 0 1 0 -1 0 0 2456.DAT
0 STEP
1 86 40.0 -288 1080.0 0 0 1 0 1 0 -1 0 0 2456.DAT
0 STEP
1 86 30.0 -384 1100.0 0 0 1 0 1 0 -1 0 0 3008.DAT
0 STEP
1 86 100.0 -24 1050.0 -1 0 0 0 1 0 0 0 -1 3008.DAT
0 STEP
1 86 30.0 -312 1070.0 0 0 1 0 1 0 -1 0 0 3622.DAT
0 STEP
1 86 60.0 -24 1070.0 -1 0 0 0 1 0 0 0 -1 3010.DAT
0 STEP
1 86 50.0 -72 1070.0 -1 0 0 0 1 0 0 0 -1 3622.DAT
0 STEP
1 86 30.0 -96 1120.0 0 0 1 0 1 0 -1 0 0 3009.DAT
0 STEP
1 86 40.0 -360 1070.0 -1 0 0 0 1 0 0 0 -1 3004.DAT
0 STEP
1 86 60.0 -24 1100.0 -1 0 0 0 1 0 0 0 -1 3001.DAT
0 STEP
1 86 50.0 -72 1100.0 -1 0 0 0 1 0 0 0 -1 3002.DAT
0 STEP
1 86 60.0 -120 1100.0 -1 0 0 0 1 0 0 0 -1 3001.DAT
0 STEP
1 86 30.0 -216 1140.0 0 0 1 0 1 0 -1 0 0 3009.DAT
0 STEP
1 86 40.0 -264 1090.0 -1 0 0 0 1 0 0 0 -1 3004.DAT
0 STEP
1 86 30.0 -360 1110.0 0 0 1 0 1 0 -1 0 0 3622.DAT
0 STEP
1 86 40.0 -264 1140.0 0 0 1 0 1 0 -1 0 0 3001.DAT
0 STEP
1 86 30.0 -312 1180.0 0 0 1 0 1 0 -1 0 0 3008.DAT
0 STEP
1 86 80.0 0 1140.0 -1 0 0 0 1 0 0 0 -1 2456.DAT
0 STEP
1 86 60.0 -24 1130.0 -1 0 0 0 1 0 0 0 -1 3010.DAT
0 STEP
1 86 40.0 -72 1130.0 -1 0 0 0 1 0 0 0 -1 3004.DAT
0 STEP
1 86 80.0 -120 1130.0 -1 0 0 0 1 0 0 0 -1 3009.DAT
0 STEP
1 86 40.0 -408 1130.0 -1 0 0 0 1 0 0 0 -1 3004.DAT
0 STEP
1 86 40.0 -24 1200.0 0 0 1 0 1 0 -1 0 0 2456.DAT
0 STEP
1 86 30.0 -72 1150.0 0 0 1 0 1 0 -1 0 0 3005.DAT
0 STEP
1 86 40.0 -120 1150.0 -1 0 0 0 1 0 0 0 -1 3004.DAT
0 STEP
1 86 30.0 -168 1150.0 0 0 1 0 1 0 -1 0 0 3005.DAT
0 STEP
1 86 40.0 -288 1150.0 -1 0 0 0 1 0 0 0 -1 3004.DAT
0 STEP
1 86 30.0 -360 1200.0 0 0 1 0 1 0 -1 0 0 3009.DAT
0 STEP
1 86 30.0 -408 1220.0 0 0 1 0 1 0 -1 0 0 3008.DAT
0 STEP
1 86 100.0 0 1170.0 -1 0 0 0 1 0 0 0 -1 3008.DAT
0 STEP
1 86 30.0 -72 1200.0 0 0 1 0 1 0 -1 0 0 3010.DAT
0 STEP
1 86 30.0 -120 1220.0 0 0 1 0 1 0 -1 0 0 3009.DAT
0 STEP
1 86 30.0 -168 1240.0 0 0 1 0 1 0 -1 0 0 3008.DAT
0 STEP
1 86 40.0 -240 1200.0 0 0 1 0 1 0 -1 0 0 3001.DAT
0 STEP
1 86 40.0 -288 1220.0 0 0 1 0 1 0 -1 0 0 2456.DAT
0 STEP
1 86 40.0 0 1190.0 -1 0 0 0 1 0 0 0 -1 3004.DAT
0 STEP
1 86 100.0 -48 1190.0 -1 0 0 0 1 0 0 0 -1 3008.DAT
0 STEP
1 86 80.0 -96 1190.0 -1 0 0 0 1 0 0 0 -1 3009.DAT
0 STEP
1 86 30.0 -264 1190.0 0 0 1 0 1 0 -1 0 0 3005.DAT
0 STEP
1 86 40.0 -336 1190.0 -1 0 0 0 1 0 0 0 -1 3004.DAT
0 STEP
1 86 30.0 -384 1190.0 0 0 1 0 1 0 -1 0 0 3005.DAT
0 STEP
1 86 30.0 0 1210.0 0 0 1 0 1 0 -1 0 0 3005.DAT
0 STEP
1 86 30.0 -48 1260.0 0 0 1 0 1 0 -1 0 0 3009.DAT
0 STEP
1 86 80.0 -96 1220.0 -1 0 0 0 1 0 0 0 -1 2456.DAT
0 STEP
1 86 30.0 -216 1210.0 0 0 1 0 1 0 -1 0 0 3005.DAT
0 STEP
1 86 30.0 -264 1260.0 0 0 1 0 1 0 -1 0 0 3009.DAT
0 STEP
1 86 40.0 -336 1240.0 0 0 1 0 1 0 -1 0 0 3001.DAT
0 STEP
1 86 30.0 -384 1240.0 0 0 1 0 1 0 -1 0 0 3010.DAT
0 STEP
1 86 60.0 0 1230.0 -1 0 0 0 1 0 0 0 -1 3010.DAT
0 STEP
1 86 30.0 0 1300.0 0 0 1 0 1 0 -1 0 0 3009.DAT
0 STEP
1 86 40.0 -72 1260.0 0 0 1 0 1 0 -1 0 0 3003.DAT
0 STEP
1 86 30.0 -96 1250.0 0 0 1 0 1 0 -1 0 0 3005.DAT
0 STEP
1 86 40.0 -240 1250.0 -1 0 0 0 1 0 0 0 -1 3004.DAT
0 STEP
1 86 50.0 -24 1280.0 -1 0 0 0 1 0 0 0 -1 3002.DAT
0 STEP
1 86 30.0 -96 1320.0 0 0 1 0 1 0 -1 0 0 3009.DAT
0 STEP
1 86 40.0 -240 1300.0 0 0 1 0 1 0 -1 0 0 3001.DAT
0 STEP
1 86 40.0 -360 1300.0 0 0 1 0 1 0 -1 0 0 3001.DAT
0 STEP
1 86 50.0 -72 1290.0 -1 0 0 0 1 0 0 0 -1 3622.DAT
0 STEP
1 86 30.0 -120 1290.0 0 0 1 0 1 0 -1 0 0 3005.DAT
0 STEP
1 86 30.0 -384 1360.0 0 0 1 0 1 0 -1 0 0 3008.DAT
0 STEP
1 86 30.0 -24 1380.0 0 0 1 0 1 0 -1 0 0 3008.DAT
0 STEP
1 86 40.0 -72 1360.0 0 0 1 0 1 0 -1 0 0 2456.DAT
0 STEP
1 86 100.0 -120 1310.0 -1 0 0 0 1 0 0 0 -1 3008.DAT
0 STEP
1 86 60.0 -408 1320.0 -1 0 0 0 1 0 0 0 -1 3001.DAT
0 STEP
1 86 50.0 -48 1330.0 -1 0 0 0 1 0 0 0 -1 3622.DAT
0 STEP
1 86 100.0 -120 1340.0 -1 0 0 0 1 0 0 0 -1 3007.DAT
0 STEP
1 86 30.0 -168 1360.0 0 0 1 0 1 0 -1 0 0 3010.DAT
0 STEP
1 86 30.0 -264 1400.0 0 0 1 0 1 0 -1 0 0 3008.DAT
0 STEP
1 86 40.0 -336 1340.0 0 0 1 0 1 0 -1 0 0 3003.DAT
0 STEP
1 86 80.0 -48 1350.0 -1 0 0 0 1 0 0 0 -1 3009.DAT
0 STEP
1 86 40.0 -288 1420.0 0 0 1 0 1 0 -1 0 0 3007.DAT
0 STEP
1 86 40.0 -312 1400.0 0 0 1 0 1 0 -1 0 0 2456.DAT
0 STEP
1 86 40.0 -360 1350.0 -1 0 0 0 1 0 0 0 -1 3004.DAT
0 STEP
1 86 100.0 -408 1350.0 -1 0 0 0 1 0 0 0 -1 3008.DAT
0 STEP
1 86 60.0 0 1380.0 -1 0 0 0 1 0 0 0 -1 3001.DAT
0 STEP
1 86 60.0 -48 1380.0 -1 0 0 0 1 0 0 0 -1 3001.DAT
0 STEP
1 86 100.0 -120 1380.0 -1 0 0 0 1 0 0 0 -1 3007.DAT
0 STEP
1 86 40.0 -240 1400.0 0 0 1 0 1 0 -1 0 0 3001.DAT
0 STEP
1 86 30.0 -336 1440.0 0 0 1 0 1 0 -1 0 0 3008.DAT
0 STEP
1 86 40.0 -360 1460.0 0 0 1 0 1 0 -1 0 0 3006.DAT
0 STEP
1 86 40.0 -408 1420.0 0 0 1 0 1 0 -1 0 0 2456.DAT
0 STEP
1 86 30.0 -96 1420.0 0 0 1 0 1 0 -1 0 0 3010.DAT
0 STEP
1 86 40.0 0 1440.0 0 0 1 0 1 0 -1 0 0 3001.DAT
0 STEP
1 86 40.0 -48 1440.0 0 0 1 0 1 0 -1 0 0 3001.DAT
0 STEP
1 86 40.0 -120 1420.0 0 0 1 0 1 0 -1 0 0 3003.DAT
0 STEP
1 86 30.0 -168 1460.0 0 0 1 0 1 0 -1 0 0 3009.DAT
0 STEP
1 86 50.0 -72 1430.0 -1 0 0 0 1 0 0 0 -1 3622.DAT
0 STEP
1 86 50.0 -72 1460.0 -1 0 0 0 1 0 0 0 -1 3002.DAT
0 STEP
1 86 30.0 -120 1480.0 0 0 1 0 1 0 -1 0 0 3010.DAT
0 STEP
1 86 40.0 -240 1450.0 -1 0 0 0 1 0 0 0 -1 3004.DAT
0 STEP
1 86 30.0 -384 1450.0 0 0 1 0 1 0 -1 0 0 3005.DAT
0 STEP
1 86 30.0 -24 1470.0 0 0 1 0 1 0 -1 0 0 3005.DAT
0 STEP
1 86 30.0 -96 1540.0 0 0 1 0 1 0 -1 0 0 3008.DAT
0 STEP
1 86 40.0 -240 1560.0 0 0 1 0 1 0 -1 0 0 3006.DAT
0 STEP
1 86 30.0 -312 1470.0 0 0 1 0 1 0 -1 0 0 3005.DAT
0 STEP
1 86 30.0 -384 1520.0 0 0 1 0 1 0 -1 0 0 3009.DAT
0 STEP
1 86 40.0 0 1510.0 0 0 1 0 1 0 -1 0 0 3002.DAT
0 STEP
1 86 30.0 -24 1520.0 0 0 1 0 1 0 -1 0 0 3010.DAT
0 STEP
1 86 60.0 -48 1500.0 -1 0 0 0 1 0 0 0 -1 3001.DAT
0 STEP
1 86 40.0 -72 1510.0 0 0 1 0 1 0 -1 0 0 3002.DAT
0 STEP
1 86 30.0 -264 1540.0 0 0 1 0 1 0 -1 0 0 3009.DAT
0 STEP
1 86 30.0 -312 1560.0 0 0 1 0 1 0 -1 0 0 3008.DAT
0 STEP
1 86 80.0 -408 1490.0 -1 0 0 0 1 0 0 0 -1 3009.DAT
0 STEP
1 86 40.0 -288 1510.0 -1 0 0 0 1 0 0 0 -1 3004.DAT
0 STEP
1 86 50.0 -408 1520.0 -1 0 0 0 1 0 0 0 -1 3002.DAT
0 STEP
1 86 30.0 -48 1580.0 0 0 1 0 1 0 -1 0 0 3009.DAT
0 STEP
1 86 30.0 -120 1530.0 0 0 1 0 1 0 -1 0 0 3005.DAT
0 STEP
1 86 30.0 -168 1600.0 0 0 1 0 1 0 -1 0 0 3008.DAT
0 STEP
1 86 40.0 -288 1580.0 0 0 1 0 1 0 -1 0 0 2456.DAT
0 STEP
1 86 40.0 -336 1580.0 0 0 1 0 1 0 -1 0 0 2456.DAT
0 STEP
1 86 30.0 0 1600.0 0 0 1 0 1 0 -1 0 0 3009.DAT
0 STEP
1 86 50.0 -72 1560.0 -1 0 0 0 1 0 0 0 -1 3002.DAT
0 STEP
1 86 40.0 -120 1550.0 -1 0 0 0 1 0 0 0 -1 3004.DAT
0 STEP
1 86 80.0 -408 1560.0 -1 0 0 0 1 0 0 0 -1 2456.DAT
0 STEP
1 86 80.0 -24 1570.0 -1 0 0 0 1 0 0 0 -1 3009.DAT
0 STEP
1 86 40.0 -120 1600.0 0 0 1 0 1 0 -1 0 0 3001.DAT
0 STEP
1 86 40.0 -360 1640.0 0 0 1 0 1 0 -1 0 0 3007.DAT
0 STEP
1 86 40.0 -24 1620.0 0 0 1 0 1 0 -1 0 0 3001.DAT
0 STEP
1 86 50.0 -72 1600.0 -1 0 0 0 1 0 0 0 -1 3002.DAT
0 STEP
1 86 30.0 -384 1590.0 0 0 1 0 1 0 -1 0 0 3005.DAT
0 STEP
1 86 40.0 -408 1620.0 0 0 1 0 1 0 -1 0 0 3001.DAT
0 STEP
1 86 30.0 -264 1610.0 0 0 1 0 1 0 -1 0 0 3005.DAT
0 STEP
1 86 30.0 -384 1640.0 0 0 1 0 1 0 -1 0 0 3010.DAT
0 STEP
1 86 50.0 -72 1630.0 -1 0 0 0 1 0 0 0 -1 3622.DAT
0 STEP
1 86 30.0 -96 1680.0 0 0 1 0 1 0 -1 0 0 3009.DAT
0 STEP
1 86 40.0 -264 1660.0 0 0 1 0 1 0 -1 0 0 3001.DAT
0 STEP
1 86 30.0 -48 1650.0 0 0 1 0 1 0 -1 0 0 3005.DAT
0 STEP
1 86 50.0 -72 1660.0 -1 0 0 0 1 0 0 0 -1 3002.DAT
0 STEP
1 86 50.0 -120 1650.0 -1 0 0 0 1 0 0 0 -1 3622.DAT
0 STEP
1 86 30.0 0 1670.0 0 0 1 0 1 0 -1 0 0 3005.DAT
0 STEP
1 86 100.0 -24 1670.0 -1 0 0 0 1 0 0 0 -1 3008.DAT
0 STEP
1 86 30.0 -48 1700.0 0 0 1 0 1 0 -1 0 0 3010.DAT
0 STEP
1 86 60.0 -120 1680.0 -1 0 0 0 1 0 0 0 -1 3001.DAT
0 STEP
1 86 40.0 -240 1700.0 0 0 1 0 1 0 -1 0 0 3001.DAT
0 STEP
1 86 100.0 -408 1680.0 -1 0 0 0 1 0 0 0 -1 3007.DAT
0 STEP
1 86 30.0 0 1760.0 0 0 1 0 1 0 -1 0 0 3008.DAT
0 STEP
1 86 60.0 -24 1700.0 -1 0 0 0 1 0 0 0 -1 3001.DAT
0 STEP
1 86 50.0 -72 1700.0 -1 0 0 0 1 0 0 0 -1 3002.DAT
0 STEP
1 86 30.0 -168 1700.0 0 0 1 0 1 0 -1 0 0 3004.DAT
0 STEP
1 86 30.0 -384 1740.0 0 0 1 0 1 0 -1 0 0 3009.DAT
0 STEP
1 86 60.0 -120 1710.0 -1 0 0 0 1 0 0 0 -1 3010.DAT
0 STEP
1 86 30.0 -216 1740.0 0 0 1 0 1 0 -1 0 0 3010.DAT
0 STEP
1 86 40.0 -264 1710.0 -1 0 0 0 1 0 0 0 -1 3004.DAT
0 STEP
1 86 30.0 -288 1780.0 0 0 1 0 1 0 -1 0 0 3008.DAT
0 STEP
1 86 40.0 -312 1740.0 0 0 1 0 1 0 -1 0 0 3001.DAT
0 STEP
1 86 40.0 -336 1760.0 0 0 1 0 1 0 -1 0 0 2456.DAT
0 STEP
1 86 40.0 -408 1780.0 0 0 1 0 1 0 -1 0 0 3007.DAT
0 STEP
1 86 60.0 -24 1730.0 -1 0 0 0 1 0 0 0 -1 3010.DAT
0 STEP
1 86 40.0 -72 1780.0 0 0 1 0 1 0 -1 0 0 2456.DAT
0 STEP
1 86 30.0 -120 1760.0 0 0 1 0 1 0 -1 0 0 3010.DAT
0 STEP
1 86 40.0 -264 1760.0 0 0 1 0 1 0 -1 0 0 3001.DAT
0 STEP
1 86 40.0 -360 1750.0 0 0 1 0 1 0 -1 0 0 3002.DAT
0 STEP
1 86 50.0 -24 1760.0 -1 0 0 0 1 0 0 0 -1 3002.DAT
0 STEP
1 86 60.0 -48 1760.0 -1 0 0 0 1 0 0 0 -1 3001.DAT
0 STEP
1 86 30.0 -96 1750.0 0 0 1 0 1 0 -1 0 0 3005.DAT
0 STEP
1 86 40.0 -96 1770.0 -1 0 0 0 1 0 0 0 -1 3004.DAT
0 STEP
1 86 40.0 -240 1840.0 0 0 1 0 1 0 -1 0 0 3007.DAT
0 STEP
1 86 50.0 -24 1800.0 -1 0 0 0 1 0 0 0 -1 3002.DAT
0 STEP
1 86 60.0 -48 1800.0 -1 0 0 0 1 0 0 0 -1 3001.DAT
0 STEP
1 86 40.0 -96 1820.0 0 0 1 0 1 0 -1 0 0 3001.DAT
0 STEP
1 86 30.0 -216 1790.0 0 0 1 0 1 0 -1 0 0 3005.DAT
0 STEP
1 86 40.0 -312 1790.0 -1 0 0 0 1 0 0 0 -1 3004.DAT
0 STEP
1 86 40.0 -360 1860.0 0 0 1 0 1 0 -1 0 0 3007.DAT
0 STEP
1 86 30.0 -120 1810.0 0 0 1 0 1 0 -1 0 0 3005.DAT
0 STEP
1 86 30.0 -216 1840.0 0 0 1 0 1 0 -1 0 0 3010.DAT
0 STEP
1 86 30.0 -264 1810.0 0 0 1 0 1 0 -1 0 0 3005.DAT
0 STEP
1 86 40.0 -312 1880.0 0 0 1 0 1 0 -1 0 0 3007.DAT
0 STEP
1 86 30.0 -384 1810.0 0 0 1 0 1 0 -1 0 0 3005.DAT
0 STEP
1 86 50.0 -24 1830.0 -1 0 0 0 1 0 0 0 -1 3622.DAT
0 STEP
1 86 40.0 -48 1860.0 0 0 1 0 1 0 -1 0 0 3001.DAT
0 STEP
1 86 60.0 -120 1830.0 -1 0 0 0 1 0 0 0 -1 3010.DAT
0 STEP
1 86 30.0 -264 1900.0 0 0 1 0 1 0 -1 0 0 3008.DAT
0 STEP
1 86 30.0 -336 1830.0 0 0 1 0 1 0 -1 0 0 3005.DAT
0 STEP
1 86 30.0 -384 1860.0 0 0 1 0 1 0 -1 0 0 3010.DAT
0 STEP
1 86 30.0 0 1850.0 0 0 1 0 1 0 -1 0 0 3005.DAT
0 STEP
1 86 50.0 -24 1860.0 -1 0 0 0 1 0 0 0 -1 3002.DAT
0 STEP
1 86 30.0 -72 1860.0 0 0 1 0 1 0 -1 0 0 3004.DAT
0 STEP
1 86 50.0 -120 1860.0 -1 0 0 0 1 0 0 0 -1 3002.DAT
0 STEP
1 86 30.0 -336 1900.0 0 0 1 0 1 0 -1 0 0 3009.DAT
0 STEP
1 86 60.0 0 1870.0 -1 0 0 0 1 0 0 0 -1 3010.DAT
0 STEP
1 86 80.0 -96 1880.0 -1 0 0 0 1 0 0 0 -1 2456.DAT
0 STEP
1 86 30.0 -288 1900.0 0 0 1 0 1 0 -1 0 0 3010.DAT
0 STEP
1 86 60.0 -408 1880.0 -1 0 0 0 1 0 0 0 -1 3001.DAT
0 STEP
1 86 30.0 0 1910.0 0 0 1 0 1 0 -1 0 0 3622.DAT
0 STEP
1 86 60.0 -24 1890.0 -1 0 0 0 1 0 0 0 -1 3010.DAT
0 STEP
1 86 30.0 -72 1960.0 0 0 1 0 1 0 -1 0 0 3008.DAT
0 STEP
1 86 40.0 -120 1960.0 0 0 1 0 1 0 -1 0 0 3007.DAT
0 STEP
1 86 30.0 -168 1960.0 0 0 1 0 1 0 -1 0 0 3008.DAT
0 STEP
1 86 30.0 -216 1890.0 0 0 1 0 1 0 -1 0 0 3005.DAT
0 STEP
1 86 30.0 -24 1910.0 0 0 1 0 1 0 -1 0 0 3005.DAT
0 STEP
1 86 40.0 -48 1910.0 -1 0 0 0 1 0 0 0 -1 3004.DAT
0 STEP
1 86 80.0 -96 1920.0 -1 0 0 0 1 0 0 0 -1 2456.DAT
0 STEP
1 86 30.0 -216 1980.0 0 0 1 0 1 0 -1 0 0 3008.DAT
0 STEP
1 86 30.0 -384 1910.0 0 0 1 0 1 0 -1 0 0 3005.DAT
0 STEP
1 86 60.0 -408 1920.0 -1 0 0 0 1 0 0 0 -1 3001.DAT
0 STEP
1 86 30.0 -24 1960.0 0 0 1 0 1 0 -1 0 0 3010.DAT
0 STEP
1 86 100.0 -48 1930.0 -1 0 0 0 1 0 0 0 -1 3008.DAT
0 STEP
1 86 30.0 -384 1960.0 0 0 1 0 1 0 -1 0 0 3010.DAT
0 STEP
1 86 60.0 0 1950.0 -1 0 0 0 1 0 0 0 -1 3010.DAT
0 STEP
1 86 100.0 -48 1960.0 -1 0 0 0 1 0 0 0 -1 3007.DAT
0 STEP
1 86 80.0 -96 1960.0 -1 0 0 0 1 0 0 0 -1 2456.DAT
0 STEP
1 86 40.0 -288 1950.0 -1 0 0 0 1 0 0 0 -1 3004.DAT
0 STEP
1 86 30.0 -360 1950.0 0 0 1 0 1 0 -1 0 0 3005.DAT
0 STEP
1 86 60.0 -408 1960.0 -1 0 0 0 1 0 0 0 -1 3001.DAT
0 STEP
1 86 30.0 0 1970.0 0 0 1 0 1 0 -1 0 0 3005.DAT
0 STEP
1 86 30.0 -360 2000.0 0 0 1 0 1 0 -1 0 0 3010.DAT
0 STEP
1 86 30.0 0 2040.0 0 0 1 0 1 0 -1 0 0 3009.DAT
0 STEP
1 86 50.0 -48 1990.0 -1 0 0 0 1 0 0 0 -1 3622.DAT
0 STEP
1 86 80.0 -96 2000.0 -1 0 0 0 1 0 0 0 -1 2456.DAT
0 STEP
1 86 30.0 -264 2060.0 0 0 1 0 1 0 -1 0 0 3008.DAT
0 STEP
1 86 30.0 -408 2020.0 0 0 1 0 1 0 -1 0 0 3010.DAT
0 STEP
1 86 30.0 -24 2030.0 0 0 1 0 1 0 -1 0 0 3622.DAT
0 STEP
1 86 60.0 -48 2010.0 -1 0 0 0 1 0 0 0 -1 3010.DAT
0 STEP
1 86 30.0 -384 2010.0 0 0 1 0 1 0 -1 0 0 3005.DAT
0 STEP
1 86 60.0 -48 2040.0 -1 0 0 0 1 0 0 0 -1 3001.DAT
0 STEP
1 86 40.0 -96 2050.0 0 0 1 0 1 0 -1 0 0 3002.DAT
0 STEP
1 86 40.0 -240 2060.0 0 0 1 0 1 0 -1 0 0 3001.DAT
0 STEP
1 86 40.0 -288 2120.0 0 0 1 0 1 0 -1 0 0 3006.DAT
0 STEP
1 86 30.0 -312 2060.0 0 0 1 0 1 0 -1 0 0 3010.DAT
0 STEP
1 86 40.0 -336 2050.0 0 0 1 0 1 0 -1 0 0 3002.DAT
0 STEP
1 86 30.0 -384 2100.0 0 0 1 0 1 0 -1 0 0 3008.DAT
0 STEP
1 86 30.0 -72 2050.0 0 0 1 0 1 0 -1 0 0 3005.DAT
0 STEP
1 86 40.0 -120 2050.0 -1 0 0 0 1 0 0 0 -1 3004.DAT
0 STEP
1 86 30.0 -168 2100.0 0 0 1 0 1 0 -1 0 0 3009.DAT
0 STEP
1 86 40.0 -360 2050.0 -1 0 0 0 1 0 0 0 -1 3004.DAT
0 STEP
1 86 50.0 -24 2070.0 -1 0 0 0 1 0 0 0 -1 3622.DAT
0 STEP
1 86 60.0 -48 2070.0 -1 0 0 0 1 0 0 0 -1 3010.DAT
0 STEP
1 86 30.0 -72 2140.0 0 0 1 0 1 0 -1 0 0 3008.DAT
0 STEP
1 86 30.0 -120 2140.0 0 0 1 0 1 0 -1 0 0 3008.DAT
0 STEP
1 86 30.0 -216 2140.0 0 0 1 0 1 0 -1 0 0 3008.DAT
0 STEP
1 86 40.0 -360 2140.0 0 0 1 0 1 0 -1 0 0 3007.DAT
0 STEP
1 86 30.0 -408 2070.0 0 0 1 0 1 0 -1 0 0 3005.DAT
0 STEP
1 86 30.0 -24 2140.0 0 0 1 0 1 0 -1 0 0 3009.DAT
0 STEP
1 86 60.0 -48 2100.0 -1 0 0 0 1 0 0 0 -1 3001.DAT
0 STEP
1 86 120.0 -96 2100.0 -1 0 0 0 1 0 0 0 -1 3006.DAT
0 STEP
1 86 40.0 -336 2120.0 0 0 1 0 1 0 -1 0 0 3001.DAT
0 STEP
1 86 60.0 -408 2090.0 -1 0 0 0 1 0 0 0 -1 3010.DAT
0 STEP
1 86 30.0 0 2130.0 0 0 1 0 1 0 -1 0 0 3622.DAT
0 STEP
1 86 30.0 -312 2110.0 0 0 1 0 1 0 -1 0 0 3005.DAT
0 STEP
1 86 40.0 -408 2160.0 0 0 1 0 1 0 -1 0 0 2456.DAT
0 STEP
1 86 60.0 -48 2140.0 -1 0 0 0 1 0 0 0 -1 3001.DAT
0 STEP
1 86 80.0 -96 2140.0 -1 0 0 0 1 0 0 0 -1 2456.DAT
0 STEP
1 86 40.0 -312 2140.0 0 0 1 0 1 0 -1 0 0 3003.DAT
0 STEP
1 86 30.0 -264 2160.0 0 0 1 0 1 0 -1 0 0 3004.DAT
0 STEP
1 86 60.0 0 2170.0 -1 0 0 0 1 0 0 0 -1 3010.DAT
0 STEP
1 86 60.0 -48 2180.0 -1 0 0 0 1 0 0 0 -1 3001.DAT
0 STEP
1 86 80.0 -96 2170.0 -1 0 0 0 1 0 0 0 -1 3009.DAT
0 STEP
1 86 30.0 -168 2240.0 0 0 1 0 1 0 -1 0 0 3008.DAT
0 STEP
1 86 30.0 -312 2180.0 0 0 1 0 1 0 -1 0 0 3004.DAT
0 STEP
1 86 40.0 -336 2170.0 -1 0 0 0 1 0 0 0 -1 3004.DAT
0 STEP
1 86 30.0 0 2220.0 0 0 1 0 1 0 -1 0 0 3010.DAT
0 STEP
1 86 50.0 -96 2190.0 -1 0 0 0 1 0 0 0 -1 3622.DAT
0 STEP
1 86 50.0 -264 2200.0 -1 0 0 0 1 0 0 0 -1 3002.DAT
0 STEP
1 86 100.0 -336 2200.0 -1 0 0 0 1 0 0 0 -1 3007.DAT
0 STEP
1 86 30.0 -384 2200.0 0 0 1 0 1 0 -1 0 0 3004.DAT
0 STEP
1 86 40.0 -24 2210.0 -1 0 0 0 1 0 0 0 -1 3004.DAT
0 STEP
1 86 40.0 -48 2240.0 0 0 1 0 1 0 -1 0 0 3001.DAT
0 STEP
1 86 40.0 -96 2240.0 0 0 1 0 1 0 -1 0 0 3001.DAT
0 STEP
1 86 100.0 -312 2210.0 -1 0 0 0 1 0 0 0 -1 3008.DAT
0 STEP
1 86 50.0 -24 2230.0 -1 0 0 0 1 0 0 0 -1 3622.DAT
0 STEP
1 86 50.0 -72 2230.0 -1 0 0 0 1 0 0 0 -1 3622.DAT
0 STEP
1 86 30.0 -120 2260.0 0 0 1 0 1 0 -1 0 0 3010.DAT
0 STEP
1 86 30.0 -216 2280.0 0 0 1 0 1 0 -1 0 0 3009.DAT
0 STEP
1 86 30.0 -24 2270.0 0 0 1 0 1 0 -1 0 0 3622.DAT
0 STEP
1 86 30.0 -72 2270.0 0 0 1 0 1 0 -1 0 0 3622.DAT
0 STEP
1 86 30.0 0 2270.0 0 0 1 0 1 0 -1 0 0 3005.DAT
0 STEP
1 86 30.0 -192 2320.0 0 0 1 0 1 0 -1 0 0 3009.DAT
0 STEP
1 86 50.0 0 2290.0 -1 0 0 0 1 0 0 0 -1 3622.DAT
0 STEP
1 86 60.0 -48 2290.0 -1 0 0 0 1 0 0 0 -1 3010.DAT
0 STEP
1 86 80.0 -96 2290.0 -1 0 0 0 1 0 0 0 -1 3009.DAT
0 STEP
1 86 40.0 -144 2340.0 0 0 1 0 1 0 -1 0 0 3001.DAT
0 STEP
1 86 40.0 -240 2310.0 -1 0 0 0 1 0 0 0 -1 3004.DAT
0 STEP
1 86 30.0 -168 2350.0 0 0 1 0 1 0 -1 0 0 3622.DAT
0 STEP
1 86 30.0 -240 2350.0 0 0 1 0 1 0 -1 0 0 3622.DAT
0 STEP
1 86 30.0 -216 2350.0 0 0 1 0 1 0 -1 0 0 3005.DAT
0 STEP
1 86 50.0 -216 2370.0 -1 0 0 0 1 0 0 0 -1 3622.DAT
0 STEP
1 86 50.0 -144 70.0 0 0 1 0 1 0 -1 0 0 3005.DAT
0 STEP
1 86 50.0 -168 100.0 0 0 1 0 1 0 -1 0 0 3010.DAT
0 STEP
1 86 80.0 -192 70.0 -1 0 0 0 1 0 0 0 -1 3010.DAT
0 STEP
1 86 50.0 -216 100.0 0 0 1 0 1 0 -1 0 0 3010.DAT
0 STEP
1 86 80.0 -240 70.0 -1 0 0 0 1 0 0 0 -1 3010.DAT
0 STEP
1 86 50.0 0 100.0 0 0 1 0 1 0 -1 0 0 3004.DAT
0 STEP
1 86 50.0 -24 180.0 0 0 1 0 1 0 -1 0 0 3008.DAT
0 STEP
1 86 50.0 -48 110.0 0 0 1 0 1 0 -1 0 0 3005.DAT
0 STEP
1 86 50.0 -72 160.0 0 0 1 0 1 0 -1 0 0 3009.DAT
0 STEP
1 86 70.0 -96 110.0 -1 0 0 0 1 0 0 0 -1 3622.DAT
0 STEP
1 86 50.0 -120 160.0 0 0 1 0 1 0 -1 0 0 3009.DAT
0 STEP
1 86 50.0 -72 230.0 0 0 1 0 1 0 -1 0 0 3005.DAT
0 STEP
1 86 50.0 -120 250.0 0 0 1 0 1 0 -1 0 0 3622.DAT
0 STEP
1 86 60.0 -72 260.0 0 0 1 0 1 0 -1 0 0 3003.DAT
0 STEP
1 86 50.0 -48 340.0 0 0 1 0 1 0 -1 0 0 3008.DAT
0 STEP
1 86 60.0 -144 270.0 -1 0 0 0 1 0 0 0 -1 3004.DAT
0 STEP
1 86 80.0 -144 290.0 -1 0 0 0 1 0 0 0 -1 3010.DAT
0 STEP
1 86 50.0 -96 360.0 0 0 1 0 1 0 -1 0 0 3009.DAT
0 STEP
1 86 70.0 -144 320.0 -1 0 0 0 1 0 0 0 -1 3002.DAT
0 STEP
1 86 80.0 -168 400.0 -1 0 0 0 1 0 0 0 -1 3001.DAT
0 STEP
1 86 80.0 -216 390.0 -1 0 0 0 1 0 0 0 -1 3010.DAT
0 STEP
1 86 140.0 -240 400.0 -1 0 0 0 1 0 0 0 -1 3006.DAT
0 STEP
1 86 70.0 -264 390.0 -1 0 0 0 1 0 0 0 -1 3622.DAT
0 STEP
1 86 80.0 -360 390.0 -1 0 0 0 1 0 0 0 -1 3010.DAT
0 STEP
1 86 50.0 -216 410.0 0 0 1 0 1 0 -1 0 0 3005.DAT
0 STEP
1 86 50.0 -264 440.0 0 0 1 0 1 0 -1 0 0 3010.DAT
0 STEP
1 86 50.0 -360 480.0 0 0 1 0 1 0 -1 0 0 3008.DAT
0 STEP
1 86 60.0 -24 460.0 0 0 1 0 1 0 -1 0 0 3001.DAT
0 STEP
1 86 50.0 -48 430.0 0 0 1 0 1 0 -1 0 0 3005.DAT
0 STEP
1 86 50.0 -96 430.0 0 0 1 0 1 0 -1 0 0 3005.DAT
0 STEP
1 86 120.0 -144 430.0 -1 0 0 0 1 0 0 0 -1 3008.DAT
0 STEP
1 86 80.0 -384 440.0 -1 0 0 0 1 0 0 0 -1 3001.DAT
0 STEP
1 86 50.0 -48 480.0 0 0 1 0 1 0 -1 0 0 3010.DAT
0 STEP
1 86 50.0 -96 480.0 0 0 1 0 1 0 -1 0 0 3010.DAT
0 STEP
1 86 70.0 -144 450.0 -1 0 0 0 1 0 0 0 -1 3622.DAT
0 STEP
1 86 50.0 -312 480.0 0 0 1 0 1 0 -1 0 0 3010.DAT
0 STEP
1 86 70.0 0 470.0 -1 0 0 0 1 0 0 0 -1 3622.DAT
0 STEP
1 86 80.0 -144 470.0 -1 0 0 0 1 0 0 0 -1 3010.DAT
0 STEP
1 86 80.0 -384 480.0 -1 0 0 0 1 0 0 0 -1 3001.DAT
0 STEP
1 86 80.0 0 490.0 -1 0 0 0 1 0 0 0 -1 3010.DAT
0 STEP
1 86 60.0 -120 490.0 -1 0 0 0 1 0 0 0 -1 3004.DAT
0 STEP
1 86 50.0 -144 490.0 0 0 1 0 1 0 -1 0 0 3005.DAT
0 STEP
1 86 50.0 -24 580.0 0 0 1 0 1 0 -1 0 0 3008.DAT
0 STEP
1 86 60.0 -72 560.0 0 0 1 0 1 0 -1 0 0 2456.DAT
0 STEP
1 86 50.0 -120 540.0 0 0 1 0 1 0 -1 0 0 3010.DAT
0 STEP
1 86 80.0 -384 520.0 -1 0 0 0 1 0 0 0 -1 3001.DAT
0 STEP
1 86 80.0 0 530.0 -1 0 0 0 1 0 0 0 -1 3010.DAT
0 STEP
1 86 60.0 -48 530.0 -1 0 0 0 1 0 0 0 -1 3004.DAT
0 STEP
1 86 50.0 -312 530.0 0 0 1 0 1 0 -1 0 0 3005.DAT
0 STEP
1 86 60.0 0 550.0 -1 0 0 0 1 0 0 0 -1 3004.DAT
0 STEP
1 86 120.0 -144 550.0 -1 0 0 0 1 0 0 0 -1 3008.DAT
0 STEP
1 86 50.0 -312 580.0 0 0 1 0 1 0 -1 0 0 3010.DAT
0 STEP
1 86 80.0 -384 560.0 -1 0 0 0 1 0 0 0 -1 3001.DAT
0 STEP
1 86 50.0 0 580.0 0 0 1 0 1 0 -1 0 0 3004.DAT
0 STEP
1 86 70.0 -144 570.0 -1 0 0 0 1 0 0 0 -1 3622.DAT
0 STEP
1 86 60.0 -120 610.0 0 0 1 0 1 0 -1 0 0 3002.DAT
0 STEP
1 86 70.0 -144 600.0 -1 0 0 0 1 0 0 0 -1 3002.DAT
0 STEP
1 86 50.0 -288 660.0 0 0 1 0 1 0 -1 0 0 3008.DAT
0 STEP
1 86 80.0 -384 590.0 -1 0 0 0 1 0 0 0 -1 3010.DAT
0 STEP
1 86 80.0 -384 620.0 -1 0 0 0 1 0 0 0 -1 3001.DAT
0 STEP
1 86 50.0 0 660.0 0 0 1 0 1 0 -1 0 0 3010.DAT
0 STEP
1 86 50.0 -48 660.0 0 0 1 0 1 0 -1 0 0 3010.DAT
0 STEP
1 86 50.0 -96 680.0 0 0 1 0 1 0 -1 0 0 3009.DAT
0 STEP
1 86 70.0 -144 630.0 -1 0 0 0 1 0 0 0 -1 3622.DAT
0 STEP
1 86 50.0 -312 630.0 0 0 1 0 1 0 -1 0 0 3005.DAT
0 STEP
1 86 50.0 -120 660.0 0 0 1 0 1 0 -1 0 0 3004.DAT
0 STEP
1 86 120.0 -144 660.0 -1 0 0 0 1 0 0 0 -1 3007.DAT
0 STEP
1 86 80.0 -384 660.0 -1 0 0 0 1 0 0 0 -1 3001.DAT
0 STEP
1 86 80.0 -144 700.0 -1 0 0 0 1 0 0 0 -1 3001.DAT
0 STEP
1 86 80.0 -384 690.0 -1 0 0 0 1 0 0 0 -1 3010.DAT
0 STEP
1 86 50.0 0 780.0 0 0 1 0 1 0 -1 0 0 3008.DAT
0 STEP
1 86 80.0 -48 720.0 -1 0 0 0 1 0 0 0 -1 3001.DAT
0 STEP
1 86 80.0 -384 720.0 -1 0 0 0 1 0 0 0 -1 3001.DAT
0 STEP
1 86 50.0 -144 760.0 0 0 1 0 1 0 -1 0 0 3010.DAT
0 STEP
1 86 120.0 -48 750.0 -1 0 0 0 1 0 0 0 -1 3008.DAT
0 STEP
1 86 50.0 -96 750.0 0 0 1 0 1 0 -1 0 0 3005.DAT
0 STEP
1 86 80.0 -384 760.0 -1 0 0 0 1 0 0 0 -1 3001.DAT
0 STEP
1 86 120.0 -384 790.0 -1 0 0 0 1 0 0 0 -1 3008.DAT
0 STEP
1 86 100.0 -24 810.0 -1 0 0 0 1 0 0 0 -1 3009.DAT
0 STEP
1 86 60.0 -144 810.0 -1 0 0 0 1 0 0 0 -1 3004.DAT
0 STEP
1 86 120.0 -384 820.0 -1 0 0 0 1 0 0 0 -1 3007.DAT
0 STEP
1 86 50.0 -144 860.0 0 0 1 0 1 0 -1 0 0 3010.DAT
0 STEP
1 86 50.0 -360 860.0 0 0 1 0 1 0 -1 0 0 3010.DAT
0 STEP
1 86 80.0 -384 860.0 -1 0 0 0 1 0 0 0 -1 3001.DAT
0 STEP
1 86 70.0 0 870.0 -1 0 0 0 1 0 0 0 -1 3622.DAT
0 STEP
1 86 80.0 -48 880.0 -1 0 0 0 1 0 0 0 -1 3001.DAT
0 STEP
1 86 100.0 -384 900.0 -1 0 0 0 1 0 0 0 -1 2456.DAT
0 STEP
1 86 50.0 -48 940.0 0 0 1 0 1 0 -1 0 0 3010.DAT
0 STEP
1 86 50.0 -360 910.0 0 0 1 0 1 0 -1 0 0 3005.DAT
0 STEP
1 86 50.0 -144 930.0 0 0 1 0 1 0 -1 0 0 3005.DAT
0 STEP
1 86 80.0 -384 940.0 -1 0 0 0 1 0 0 0 -1 3001.DAT
0 STEP
1 86 50.0 -144 1000.0 0 0 1 0 1 0 -1 0 0 3009.DAT
0 STEP
1 86 50.0 -360 950.0 0 0 1 0 1 0 -1 0 0 3005.DAT
0 STEP
1 86 120.0 0 970.0 -1 0 0 0 1 0 0 0 -1 3008.DAT
0 STEP
1 86 50.0 -360 1000.0 0 0 1 0 1 0 -1 0 0 3010.DAT
0 STEP
1 86 80.0 -384 970.0 -1 0 0 0 1 0 0 0 -1 3010.DAT
0 STEP
1 86 80.0 0 1000.0 -1 0 0 0 1 0 0 0 -1 3001.DAT
0 STEP
1 86 50.0 -48 1060.0 0 0 1 0 1 0 -1 0 0 3008.DAT
0 STEP
1 86 50.0 -96 1000.0 0 0 1 0 1 0 -1 0 0 3004.DAT
0 STEP
1 86 80.0 -384 1000.0 -1 0 0 0 1 0 0 0 -1 3001.DAT
0 STEP
1 86 50.0 -408 1020.0 0 0 1 0 1 0 -1 0 0 3010.DAT
0 STEP
1 86 60.0 0 1060.0 0 0 1 0 1 0 -1 0 0 3001.DAT
0 STEP
1 86 50.0 -96 1100.0 0 0 1 0 1 0 -1 0 0 3008.DAT
0 STEP
1 86 80.0 -384 1040.0 -1 0 0 0 1 0 0 0 -1 3001.DAT
0 STEP
1 86 50.0 -312 1060.0 0 0 1 0 1 0 -1 0 0 3004.DAT
0 STEP
1 86 50.0 -360 1050.0 0 0 1 0 1 0 -1 0 0 3005.DAT
0 STEP
1 86 120.0 -144 1070.0 -1 0 0 0 1 0 0 0 -1 3008.DAT
0 STEP
1 86 80.0 -384 1080.0 -1 0 0 0 1 0 0 0 -1 3001.DAT
0 STEP
1 86 50.0 -408 1090.0 0 0 1 0 1 0 -1 0 0 3622.DAT
0 STEP
1 86 50.0 -312 1160.0 0 0 1 0 1 0 -1 0 0 3008.DAT
0 STEP
1 86 50.0 -360 1160.0 0 0 1 0 1 0 -1 0 0 3008.DAT
0 STEP
1 86 50.0 0 1110.0 0 0 1 0 1 0 -1 0 0 3005.DAT
0 STEP
1 86 60.0 -144 1140.0 0 0 1 0 1 0 -1 0 0 3001.DAT
0 STEP
1 86 80.0 -384 1120.0 -1 0 0 0 1 0 0 0 -1 3001.DAT
0 STEP
1 86 120.0 -48 1150.0 -1 0 0 0 1 0 0 0 -1 3008.DAT
0 STEP
1 86 50.0 -72 1180.0 0 0 1 0 1 0 -1 0 0 3010.DAT
0 STEP
1 86 80.0 -384 1160.0 -1 0 0 0 1 0 0 0 -1 3001.DAT
0 STEP
1 86 50.0 -408 1150.0 0 0 1 0 1 0 -1 0 0 3005.DAT
0 STEP
1 86 50.0 -48 1170.0 0 0 1 0 1 0 -1 0 0 3005.DAT
0 STEP
1 86 50.0 -120 1170.0 0 0 1 0 1 0 -1 0 0 3005.DAT
0 STEP
1 86 50.0 -408 1200.0 0 0 1 0 1 0 -1 0 0 3010.DAT
0 STEP
1 86 50.0 -120 1220.0 0 0 1 0 1 0 -1 0 0 3010.DAT
0 STEP
1 86 50.0 -264 1200.0 0 0 1 0 1 0 -1 0 0 3004.DAT
0 STEP
1 86 80.0 -384 1190.0 -1 0 0 0 1 0 0 0 -1 3010.DAT
0 STEP
1 86 80.0 0 1210.0 -1 0 0 0 1 0 0 0 -1 3010.DAT
0 STEP
1 86 50.0 -48 1240.0 0 0 1 0 1 0 -1 0 0 3010.DAT
0 STEP
1 86 80.0 -384 1220.0 -1 0 0 0 1 0 0 0 -1 3001.DAT
0 STEP
1 86 50.0 -72 1230.0 0 0 1 0 1 0 -1 0 0 3005.DAT
0 STEP
1 86 50.0 -264 1300.0 0 0 1 0 1 0 -1 0 0 3008.DAT
0 STEP
1 86 80.0 0 1250.0 -1 0 0 0 1 0 0 0 -1 3010.DAT
0 STEP
1 86 50.0 -96 1300.0 0 0 1 0 1 0 -1 0 0 3009.DAT
0 STEP
1 86 50.0 -312 1250.0 0 0 1 0 1 0 -1 0 0 3005.DAT
0 STEP
1 86 50.0 -360 1250.0 0 0 1 0 1 0 -1 0 0 3005.DAT
0 STEP
1 86 120.0 -384 1260.0 -1 0 0 0 1 0 0 0 -1 3007.DAT
0 STEP
1 86 50.0 -408 1270.0 0 0 1 0 1 0 -1 0 0 3622.DAT
0 STEP
1 86 50.0 0 1270.0 0 0 1 0 1 0 -1 0 0 3005.DAT
0 STEP
1 86 60.0 -120 1270.0 -1 0 0 0 1 0 0 0 -1 3004.DAT
0 STEP
1 86 60.0 -144 1360.0 0 0 1 0 1 0 -1 0 0 3006.DAT
0 STEP
1 86 80.0 0 1300.0 -1 0 0 0 1 0 0 0 -1 3001.DAT
0 STEP
1 86 50.0 -48 1290.0 0 0 1 0 1 0 -1 0 0 3005.DAT
0 STEP
1 86 100.0 -120 1290.0 -1 0 0 0 1 0 0 0 -1 3009.DAT
0 STEP
1 86 80.0 -384 1300.0 -1 0 0 0 1 0 0 0 -1 3001.DAT
0 STEP
1 86 60.0 -24 1360.0 0 0 1 0 1 0 -1 0 0 2456.DAT
0 STEP
1 86 80.0 -48 1310.0 -1 0 0 0 1 0 0 0 -1 3010.DAT
0 STEP
1 86 80.0 0 1330.0 -1 0 0 0 1 0 0 0 -1 3010.DAT
0 STEP
1 86 80.0 -384 1330.0 -1 0 0 0 1 0 0 0 -1 3010.DAT
0 STEP
1 86 50.0 0 1350.0 0 0 1 0 1 0 -1 0 0 3005.DAT
0 STEP
1 86 80.0 -384 1360.0 -1 0 0 0 1 0 0 0 -1 3001.DAT
0 STEP
1 86 50.0 -96 1370.0 0 0 1 0 1 0 -1 0 0 3005.DAT
0 STEP
1 86 50.0 -336 1390.0 0 0 1 0 1 0 -1 0 0 3622.DAT
0 STEP
1 86 50.0 -96 1440.0 0 0 1 0 1 0 -1 0 0 3009.DAT
0 STEP
1 86 50.0 -264 1460.0 0 0 1 0 1 0 -1 0 0 3008.DAT
0 STEP
1 86 80.0 -384 1400.0 -1 0 0 0 1 0 0 0 -1 3001.DAT
0 STEP
1 86 80.0 -24 1430.0 -1 0 0 0 1 0 0 0 -1 3010.DAT
0 STEP
1 86 50.0 -336 1460.0 0 0 1 0 1 0 -1 0 0 3010.DAT
0 STEP
1 86 80.0 -384 1430.0 -1 0 0 0 1 0 0 0 -1 3010.DAT
0 STEP
1 86 50.0 -24 1450.0 0 0 1 0 1 0 -1 0 0 3005.DAT
0 STEP
1 86 50.0 -120 1450.0 0 0 1 0 1 0 -1 0 0 3005.DAT
0 STEP
1 86 80.0 -384 1460.0 -1 0 0 0 1 0 0 0 -1 3001.DAT
0 STEP
1 86 80.0 -24 1480.0 -1 0 0 0 1 0 0 0 -1 3001.DAT
0 STEP
1 86 50.0 -120 1500.0 0 0 1 0 1 0 -1 0 0 3010.DAT
0 STEP
1 86 50.0 -312 1500.0 0 0 1 0 1 0 -1 0 0 3010.DAT
0 STEP
1 86 120.0 -384 1490.0 -1 0 0 0 1 0 0 0 -1 3008.DAT
0 STEP
1 86 80.0 -24 1520.0 -1 0 0 0 1 0 0 0 -1 3001.DAT
0 STEP
1 86 50.0 -96 1510.0 0 0 1 0 1 0 -1 0 0 3005.DAT
0 STEP
1 86 50.0 -144 1540.0 0 0 1 0 1 0 -1 0 0 3010.DAT
0 STEP
1 86 50.0 -336 1510.0 0 0 1 0 1 0 -1 0 0 3005.DAT
0 STEP
1 86 80.0 -384 1520.0 -1 0 0 0 1 0 0 0 -1 3001.DAT
0 STEP
1 86 60.0 -48 1560.0 0 0 1 0 1 0 -1 0 0 3001.DAT
0 STEP
1 86 50.0 -96 1600.0 0 0 1 0 1 0 -1 0 0 3008.DAT
0 STEP
1 86 50.0 0 1570.0 0 0 1 0 1 0 -1 0 0 3622.DAT
0 STEP
1 86 100.0 -24 1550.0 -1 0 0 0 1 0 0 0 -1 3009.DAT
0 STEP
1 86 50.0 -264 1580.0 0 0 1 0 1 0 -1 0 0 3010.DAT
0 STEP
1 86 50.0 -312 1550.0 0 0 1 0 1 0 -1 0 0 3005.DAT
0 STEP
1 86 80.0 -384 1560.0 -1 0 0 0 1 0 0 0 -1 3001.DAT
0 STEP
1 86 50.0 -312 1600.0 0 0 1 0 1 0 -1 0 0 3010.DAT
0 STEP
1 86 100.0 -384 1590.0 -1 0 0 0 1 0 0 0 -1 3009.DAT
0 STEP
1 86 70.0 0 1610.0 -1 0 0 0 1 0 0 0 -1 3622.DAT
0 STEP
1 86 50.0 -48 1610.0 0 0 1 0 1 0 -1 0 0 3005.DAT
0 STEP
1 86 80.0 -144 1620.0 -1 0 0 0 1 0 0 0 -1 3001.DAT
0 STEP
1 86 80.0 -384 1620.0 -1 0 0 0 1 0 0 0 -1 3001.DAT
0 STEP
1 86 60.0 0 1660.0 0 0 1 0 1 0 -1 0 0 3001.DAT
0 STEP
1 86 50.0 -48 1680.0 0 0 1 0 1 0 -1 0 0 3009.DAT
0 STEP
1 86 80.0 -144 1660.0 -1 0 0 0 1 0 0 0 -1 3001.DAT
0 STEP
1 86 80.0 -384 1660.0 -1 0 0 0 1 0 0 0 -1 3001.DAT
0 STEP
1 86 50.0 -96 1720.0 0 0 1 0 1 0 -1 0 0 3010.DAT
0 STEP
1 86 50.0 -144 1720.0 0 0 1 0 1 0 -1 0 0 3010.DAT
0 STEP
1 86 80.0 -384 1690.0 -1 0 0 0 1 0 0 0 -1 3010.DAT
0 STEP
1 86 60.0 0 1710.0 -1 0 0 0 1 0 0 0 -1 3004.DAT
0 STEP
1 86 50.0 -288 1740.0 0 0 1 0 1 0 -1 0 0 3010.DAT
0 STEP
1 86 80.0 -384 1720.0 -1 0 0 0 1 0 0 0 -1 3001.DAT
0 STEP
1 86 50.0 0 1780.0 0 0 1 0 1 0 -1 0 0 3009.DAT
0 STEP
1 86 60.0 -120 1730.0 -1 0 0 0 1 0 0 0 -1 3004.DAT
0 STEP
1 86 60.0 -120 1780.0 0 0 1 0 1 0 -1 0 0 3001.DAT
0 STEP
1 86 80.0 -384 1750.0 -1 0 0 0 1 0 0 0 -1 3010.DAT
0 STEP
1 86 100.0 -384 1780.0 -1 0 0 0 1 0 0 0 -1 2456.DAT
0 STEP
1 86 50.0 -144 1840.0 0 0 1 0 1 0 -1 0 0 3009.DAT
0 STEP
1 86 50.0 -288 1860.0 0 0 1 0 1 0 -1 0 0 3008.DAT
0 STEP
1 86 50.0 -264 1860.0 0 0 1 0 1 0 -1 0 0 3009.DAT
0 STEP
1 86 80.0 -384 1820.0 -1 0 0 0 1 0 0 0 -1 3001.DAT
0 STEP
1 86 50.0 -336 1850.0 0 0 1 0 1 0 -1 0 0 3622.DAT
0 STEP
1 86 80.0 0 1850.0 -1 0 0 0 1 0 0 0 -1 3010.DAT
0 STEP
1 86 50.0 -72 1920.0 0 0 1 0 1 0 -1 0 0 3008.DAT
0 STEP
1 86 80.0 -384 1860.0 -1 0 0 0 1 0 0 0 -1 3001.DAT
0 STEP
1 86 80.0 0 1890.0 -1 0 0 0 1 0 0 0 -1 3010.DAT
0 STEP
1 86 50.0 -336 1920.0 0 0 1 0 1 0 -1 0 0 3010.DAT
0 STEP
1 86 120.0 -384 1900.0 -1 0 0 0 1 0 0 0 -1 3007.DAT
0 STEP
1 86 50.0 0 1910.0 0 0 1 0 1 0 -1 0 0 3005.DAT
0 STEP
1 86 50.0 -24 1980.0 0 0 1 0 1 0 -1 0 0 3008.DAT
0 STEP
1 86 100.0 0 1930.0 -1 0 0 0 1 0 0 0 -1 3009.DAT
0 STEP
1 86 50.0 -264 2000.0 0 0 1 0 1 0 -1 0 0 3008.DAT
0 STEP
1 86 80.0 -384 1940.0 -1 0 0 0 1 0 0 0 -1 3001.DAT
0 STEP
1 86 50.0 -360 1980.0 0 0 1 0 1 0 -1 0 0 3010.DAT
0 STEP
1 86 100.0 0 1980.0 -1 0 0 0 1 0 0 0 -1 2456.DAT
0 STEP
1 86 80.0 -384 1980.0 -1 0 0 0 1 0 0 0 -1 3001.DAT
0 STEP
1 86 80.0 -144 2000.0 -1 0 0 0 1 0 0 0 -1 3001.DAT
0 STEP
1 86 50.0 -408 1990.0 0 0 1 0 1 0 -1 0 0 3005.DAT
0 STEP
1 86 50.0 0 2010.0 0 0 1 0 1 0 -1 0 0 3005.DAT
0 STEP
1 86 50.0 -72 2010.0 0 0 1 0 1 0 -1 0 0 3005.DAT
0 STEP
1 86 80.0 -384 2020.0 -1 0 0 0 1 0 0 0 -1 3001.DAT
0 STEP
1 86 50.0 -408 2040.0 0 0 1 0 1 0 -1 0 0 3010.DAT
0 STEP
1 86 50.0 0 2080.0 0 0 1 0 1 0 -1 0 0 3009.DAT
0 STEP
1 86 50.0 -72 2100.0 0 0 1 0 1 0 -1 0 0 3008.DAT
0 STEP
1 86 120.0 -144 2030.0 -1 0 0 0 1 0 0 0 -1 3008.DAT
0 STEP
1 86 50.0 -312 2030.0 0 0 1 0 1 0 -1 0 0 3005.DAT
0 STEP
1 86 50.0 -360 2030.0 0 0 1 0 1 0 -1 0 0 3005.DAT
0 STEP
1 86 120.0 -144 2060.0 -1 0 0 0 1 0 0 0 -1 3007.DAT
0 STEP
1 86 50.0 -312 2080.0 0 0 1 0 1 0 -1 0 0 3010.DAT
0 STEP
1 86 100.0 -384 2060.0 -1 0 0 0 1 0 0 0 -1 2456.DAT
0 STEP
1 86 50.0 -120 2100.0 0 0 1 0 1 0 -1 0 0 3010.DAT
0 STEP
1 86 60.0 -24 2090.0 -1 0 0 0 1 0 0 0 -1 3004.DAT
0 STEP
1 86 50.0 -264 2120.0 0 0 1 0 1 0 -1 0 0 3010.DAT
0 STEP
1 86 80.0 -384 2100.0 -1 0 0 0 1 0 0 0 -1 3001.DAT
0 STEP
1 86 50.0 -24 2110.0 0 0 1 0 1 0 -1 0 0 3005.DAT
0 STEP
1 86 50.0 -24 2160.0 0 0 1 0 1 0 -1 0 0 3010.DAT
0 STEP
1 86 80.0 -384 2140.0 -1 0 0 0 1 0 0 0 -1 3001.DAT
0 STEP
1 86 80.0 0 2150.0 -1 0 0 0 1 0 0 0 -1 3010.DAT
0 STEP
1 86 60.0 -120 2240.0 0 0 1 0 1 0 -1 0 0 3006.DAT
0 STEP
1 86 50.0 -264 2170.0 0 0 1 0 1 0 -1 0 0 3005.DAT
0 STEP
1 86 50.0 -312 2170.0 0 0 1 0 1 0 -1 0 0 3005.DAT
0 STEP
1 86 80.0 -384 2180.0 -1 0 0 0 1 0 0 0 -1 3001.DAT
0 STEP
1 86 80.0 0 2190.0 -1 0 0 0 1 0 0 0 -1 3010.DAT
0 STEP
1 86 60.0 -72 2200.0 0 0 1 0 1 0 -1 0 0 3003.DAT
0 STEP
1 86 80.0 -168 2200.0 -1 0 0 0 1 0 0 0 -1 3001.DAT
0 STEP
1 86 50.0 -216 2190.0 0 0 1 0 1 0 -1 0 0 3005.DAT
0 STEP
1 86 80.0 -240 2200.0 -1 0 0 0 1 0 0 0 -1 3001.DAT
0 STEP
1 86 120.0 -312 2190.0 -1 0 0 0 1 0 0 0 -1 3008.DAT
0 STEP
1 86 50.0 0 2240.0 0 0 1 0 1 0 -1 0 0 3010.DAT
0 STEP
1 86 50.0 -144 2220.0 0 0 1 0 1 0 -1 0 0 3004.DAT
0 STEP
1 86 80.0 -216 2210.0 -1 0 0 0 1 0 0 0 -1 3010.DAT
0 STEP
1 86 100.0 -384 2210.0 -1 0 0 0 1 0 0 0 -1 3009.DAT
0 STEP
1 86 50.0 -24 2250.0 0 0 1 0 1 0 -1 0 0 3005.DAT
0 STEP
1 86 60.0 -72 2250.0 -1 0 0 0 1 0 0 0 -1 3004.DAT
0 STEP
1 86 100.0 -144 2250.0 -1 0 0 0 1 0 0 0 -1 3009.DAT
0 STEP
1 86 50.0 -24 2320.0 0 0 1 0 1 0 -1 0 0 3009.DAT
0 STEP
1 86 60.0 -72 2300.0 0 0 1 0 1 0 -1 0 0 3001.DAT
0 STEP
1 86 50.0 -144 2270.0 0 0 1 0 1 0 -1 0 0 3005.DAT
0 STEP
1 86 50.0 -168 2310.0 0 0 1 0 1 0 -1 0 0 3622.DAT
0 STEP
1 86 50.0 -192 2290.0 0 0 1 0 1 0 -1 0 0 3005.DAT
0 STEP
1 86 50.0 -216 2320.0 0 0 1 0 1 0 -1 0 0 3010.DAT
0 STEP
1 86 60.0 0 2340.0 0 0 1 0 1 0 -1 0 0 3001.DAT
0 STEP
1 86 50.0 -48 2340.0 0 0 1 0 1 0 -1 0 0 3010.DAT
0 STEP
1 86 60.0 -96 2340.0 0 0 1 0 1 0 -1 0 0 3001.DAT
0 STEP
1 86 50.0 -192 2360.0 0 0 1 0 1 0 -1 0 0 3009.DAT
0 STEP
1 86 50.0 -240 2330.0 0 0 1 0 1 0 -1 0 0 3005.DAT
0 STEP
1 86 70.0 -72 2350.0 -1 0 0 0 1 0 0 0 -1 3622.DAT
0 STEP
1 86 50.0 -120 2360.0 0 0 1 0 1 0 -1 0 0 3004.DAT
0 STEP
1 86 50.0 -168 2380.0 0 0 1 0 1 0 -1 0 0 3010.DAT
0 STEP
1 86 50.0 -240 2380.0 0 0 1 0 1 0 -1 0 0 3010.DAT
0 STEP
1 86 50.0 -72 2370.0 0 0 1 0 1 0 -1 0 0 3005.DAT
0 STEP
1 86 100.0 -144 2390.0 -1 0 0 0 1 0 0 0 -1 3009.DAT
0 STEP
1 86 60.0 -216 2400.0 0 0 1 0 1 0 -1 0 0 3003.DAT
0 STEP
1 86 50.0 -144 2410.0 0 0 1 0 1 0 -1 0 0 3005.DAT
0 STEP
1 86 80.0 -144 60.0 0 0 1 0 1 0 -1 0 0 3003.DAT
0 STEP
1 86 70.0 -168 80.0 0 0 1 0 1 0 -1 0 0 3010.DAT
0 STEP
1 86 100.0 -192 50.0 -1 0 0 0 1 0 0 0 -1 3010.DAT
0 STEP
1 86 70.0 -216 80.0 0 0 1 0 1 0 -1 0 0 3010.DAT
0 STEP
1 86 100.0 -240 50.0 -1 0 0 0 1 0 0 0 -1 3010.DAT
0 STEP
1 86 70.0 0 140.0 0 0 1 0 1 0 -1 0 0 3008.DAT
0 STEP
1 86 140.0 -24 70.0 -1 0 0 0 1 0 0 0 -1 3008.DAT
0 STEP
1 86 80.0 -48 90.0 0 0 1 0 1 0 -1 0 0 3002.DAT
0 STEP
1 86 70.0 -72 70.0 0 0 1 0 1 0 -1 0 0 3005.DAT
0 STEP
1 86 100.0 -96 70.0 -1 0 0 0 1 0 0 0 -1 3010.DAT
0 STEP
1 86 70.0 -120 70.0 0 0 1 0 1 0 -1 0 0 3005.DAT
0 STEP
1 86 70.0 -24 100.0 0 0 1 0 1 0 -1 0 0 3004.DAT
0 STEP
1 86 70.0 -72 160.0 0 0 1 0 1 0 -1 0 0 3008.DAT
0 STEP
1 86 80.0 -96 90.0 -1 0 0 0 1 0 0 0 -1 3004.DAT
0 STEP
1 86 70.0 -120 140.0 0 0 1 0 1 0 -1 0 0 3009.DAT
0 STEP
1 86 100.0 -24 140.0 -1 0 0 0 1 0 0 0 -1 3001.DAT
0 STEP
1 86 80.0 -24 170.0 -1 0 0 0 1 0 0 0 -1 3004.DAT
0 STEP
1 86 80.0 -24 220.0 0 0 1 0 1 0 -1 0 0 3001.DAT
0 STEP
1 86 70.0 -120 280.0 0 0 1 0 1 0 -1 0 0 3008.DAT
0 STEP
1 86 70.0 0 280.0 0 0 1 0 1 0 -1 0 0 3010.DAT
0 STEP
1 86 70.0 -48 320.0 0 0 1 0 1 0 -1 0 0 3008.DAT
0 STEP
1 86 100.0 -96 320.0 -1 0 0 0 1 0 0 0 -1 3001.DAT
0 STEP
1 86 80.0 -24 330.0 -1 0 0 0 1 0 0 0 -1 3004.DAT
0 STEP
1 86 100.0 -24 360.0 -1 0 0 0 1 0 0 0 -1 3001.DAT
0 STEP
1 86 140.0 -96 360.0 -1 0 0 0 1 0 0 0 -1 3007.DAT
0 STEP
1 86 80.0 0 400.0 0 0 1 0 1 0 -1 0 0 3001.DAT
0 STEP
1 86 70.0 -120 420.0 0 0 1 0 1 0 -1 0 0 3009.DAT
0 STEP
1 86 100.0 -24 390.0 -1 0 0 0 1 0 0 0 -1 3010.DAT
0 STEP
1 86 70.0 -96 400.0 0 0 1 0 1 0 -1 0 0 3004.DAT
0 STEP
1 86 120.0 -288 400.0 -1 0 0 0 1 0 0 0 -1 2456.DAT
0 STEP
1 86 70.0 -336 400.0 0 0 1 0 1 0 -1 0 0 3004.DAT
0 STEP
1 86 70.0 -48 460.0 0 0 1 0 1 0 -1 0 0 3009.DAT
0 STEP
1 86 120.0 -216 410.0 -1 0 0 0 1 0 0 0 -1 3009.DAT
0 STEP
1 86 80.0 -264 410.0 -1 0 0 0 1 0 0 0 -1 3004.DAT
0 STEP
1 86 100.0 -360 410.0 -1 0 0 0 1 0 0 0 -1 3010.DAT
0 STEP
1 86 80.0 -408 440.0 0 0 1 0 1 0 -1 0 0 3001.DAT
0 STEP
1 86 140.0 -96 430.0 -1 0 0 0 1 0 0 0 -1 3008.DAT
0 STEP
1 86 100.0 -96 460.0 -1 0 0 0 1 0 0 0 -1 3001.DAT
0 STEP
1 86 100.0 -96 500.0 -1 0 0 0 1 0 0 0 -1 3001.DAT
0 STEP
1 86 120.0 -144 490.0 -1 0 0 0 1 0 0 0 -1 3009.DAT
0 STEP
1 86 70.0 -24 520.0 0 0 1 0 1 0 -1 0 0 3004.DAT
0 STEP
1 86 80.0 -120 540.0 0 0 1 0 1 0 -1 0 0 3001.DAT
0 STEP
1 86 80.0 -24 570.0 0 0 1 0 1 0 -1 0 0 3002.DAT
0 STEP
1 86 70.0 -408 600.0 0 0 1 0 1 0 -1 0 0 3009.DAT
0 STEP
1 86 70.0 0 620.0 0 0 1 0 1 0 -1 0 0 3009.DAT
0 STEP
1 86 100.0 -96 580.0 -1 0 0 0 1 0 0 0 -1 3001.DAT
0 STEP
1 86 140.0 -24 620.0 -1 0 0 0 1 0 0 0 -1 3007.DAT
0 STEP
1 86 100.0 -96 620.0 -1 0 0 0 1 0 0 0 -1 3001.DAT
0 STEP
1 86 80.0 -48 660.0 0 0 1 0 1 0 -1 0 0 3001.DAT
0 STEP
1 86 140.0 -24 650.0 -1 0 0 0 1 0 0 0 -1 3008.DAT
0 STEP
1 86 140.0 -96 650.0 -1 0 0 0 1 0 0 0 -1 3008.DAT
0 STEP
1 86 70.0 -120 680.0 0 0 1 0 1 0 -1 0 0 3010.DAT
0 STEP
1 86 100.0 -96 680.0 -1 0 0 0 1 0 0 0 -1 3001.DAT
0 STEP
1 86 70.0 -408 700.0 0 0 1 0 1 0 -1 0 0 3010.DAT
0 STEP
1 86 80.0 0 700.0 0 0 1 0 1 0 -1 0 0 3003.DAT
0 STEP
1 86 100.0 -96 720.0 -1 0 0 0 1 0 0 0 -1 3001.DAT
0 STEP
1 86 70.0 0 780.0 0 0 1 0 1 0 -1 0 0 3009.DAT
0 STEP
1 86 70.0 -72 760.0 0 0 1 0 1 0 -1 0 0 3010.DAT
0 STEP
1 86 70.0 -144 740.0 0 0 1 0 1 0 -1 0 0 3004.DAT
0 STEP
1 86 100.0 -96 760.0 -1 0 0 0 1 0 0 0 -1 3001.DAT
0 STEP
1 86 80.0 -48 800.0 0 0 1 0 1 0 -1 0 0 3001.DAT
0 STEP
1 86 100.0 -144 780.0 -1 0 0 0 1 0 0 0 -1 3001.DAT
0 STEP
1 86 80.0 -408 800.0 0 0 1 0 1 0 -1 0 0 3001.DAT
0 STEP
1 86 100.0 -96 800.0 -1 0 0 0 1 0 0 0 -1 3001.DAT
0 STEP
1 86 100.0 -96 840.0 -1 0 0 0 1 0 0 0 -1 3001.DAT
0 STEP
1 86 70.0 -144 830.0 0 0 1 0 1 0 -1 0 0 3005.DAT
0 STEP
1 86 90.0 0 850.0 -1 0 0 0 1 0 0 0 -1 3622.DAT
0 STEP
1 86 70.0 -24 880.0 0 0 1 0 1 0 -1 0 0 3010.DAT
0 STEP
1 86 100.0 -48 850.0 -1 0 0 0 1 0 0 0 -1 3010.DAT
0 STEP
1 86 100.0 -144 850.0 -1 0 0 0 1 0 0 0 -1 3010.DAT
0 STEP
1 86 90.0 -408 850.0 -1 0 0 0 1 0 0 0 -1 3622.DAT
0 STEP
1 86 140.0 -96 880.0 -1 0 0 0 1 0 0 0 -1 3007.DAT
0 STEP
1 86 70.0 -144 900.0 0 0 1 0 1 0 -1 0 0 3010.DAT
0 STEP
1 86 80.0 -408 940.0 0 0 1 0 1 0 -1 0 0 3007.DAT
0 STEP
1 86 70.0 -48 960.0 0 0 1 0 1 0 -1 0 0 3009.DAT
0 STEP
1 86 140.0 -96 920.0 -1 0 0 0 1 0 0 0 -1 3007.DAT
0 STEP
1 86 80.0 -120 940.0 0 0 1 0 1 0 -1 0 0 3001.DAT
0 STEP
1 86 100.0 -24 930.0 -1 0 0 0 1 0 0 0 -1 3010.DAT
0 STEP
1 86 80.0 -24 950.0 -1 0 0 0 1 0 0 0 -1 3004.DAT
0 STEP
1 86 140.0 -96 950.0 -1 0 0 0 1 0 0 0 -1 3008.DAT
0 STEP
1 86 90.0 -144 960.0 -1 0 0 0 1 0 0 0 -1 3002.DAT
0 STEP
1 86 140.0 -96 980.0 -1 0 0 0 1 0 0 0 -1 3007.DAT
0 STEP
1 86 70.0 -144 1020.0 0 0 1 0 1 0 -1 0 0 3010.DAT
0 STEP
1 86 100.0 -96 1020.0 -1 0 0 0 1 0 0 0 -1 3001.DAT
0 STEP
1 86 70.0 -48 1080.0 0 0 1 0 1 0 -1 0 0 3009.DAT
0 STEP
1 86 80.0 -120 1050.0 0 0 1 0 1 0 -1 0 0 3002.DAT
0 STEP
1 86 70.0 -408 1040.0 0 0 1 0 1 0 -1 0 0 3004.DAT
0 STEP
1 86 100.0 -96 1050.0 -1 0 0 0 1 0 0 0 -1 3010.DAT
0 STEP
1 86 100.0 -96 1080.0 -1 0 0 0 1 0 0 0 -1 3001.DAT
0 STEP
1 86 70.0 -408 1140.0 0 0 1 0 1 0 -1 0 0 3008.DAT
0 STEP
1 86 100.0 0 1110.0 -1 0 0 0 1 0 0 0 -1 3010.DAT
0 STEP
1 86 100.0 -96 1120.0 -1 0 0 0 1 0 0 0 -1 3001.DAT
0 STEP
1 86 70.0 -72 1200.0 0 0 1 0 1 0 -1 0 0 3008.DAT
0 STEP
1 86 70.0 -24 1200.0 0 0 1 0 1 0 -1 0 0 3009.DAT
0 STEP
1 86 100.0 -96 1160.0 -1 0 0 0 1 0 0 0 -1 3001.DAT
0 STEP
1 86 70.0 -120 1200.0 0 0 1 0 1 0 -1 0 0 3009.DAT
0 STEP
1 86 120.0 -48 1170.0 -1 0 0 0 1 0 0 0 -1 3009.DAT
0 STEP
1 86 140.0 0 1190.0 -1 0 0 0 1 0 0 0 -1 3008.DAT
0 STEP
1 86 90.0 -48 1220.0 -1 0 0 0 1 0 0 0 -1 3002.DAT
0 STEP
1 86 70.0 -408 1260.0 0 0 1 0 1 0 -1 0 0 3010.DAT
0 STEP
1 86 90.0 -48 1250.0 -1 0 0 0 1 0 0 0 -1 3622.DAT
0 STEP
1 86 100.0 -96 1250.0 -1 0 0 0 1 0 0 0 -1 3010.DAT
0 STEP
1 86 100.0 0 1270.0 -1 0 0 0 1 0 0 0 -1 3010.DAT
0 STEP
1 86 90.0 -48 1280.0 -1 0 0 0 1 0 0 0 -1 3002.DAT
0 STEP
1 86 100.0 -96 1280.0 -1 0 0 0 1 0 0 0 -1 3001.DAT
0 STEP
1 86 70.0 -72 1360.0 0 0 1 0 1 0 -1 0 0 3009.DAT
0 STEP
1 86 100.0 -96 1320.0 -1 0 0 0 1 0 0 0 -1 3001.DAT
0 STEP
1 86 100.0 0 1350.0 -1 0 0 0 1 0 0 0 -1 3010.DAT
0 STEP
1 86 100.0 -96 1360.0 -1 0 0 0 1 0 0 0 -1 3001.DAT
0 STEP
1 86 70.0 -408 1400.0 0 0 1 0 1 0 -1 0 0 3010.DAT
0 STEP
1 86 100.0 -96 1400.0 -1 0 0 0 1 0 0 0 -1 3001.DAT
0 STEP
1 86 80.0 0 1500.0 0 0 1 0 1 0 -1 0 0 3006.DAT
0 STEP
1 86 80.0 -48 1440.0 0 0 1 0 1 0 -1 0 0 3001.DAT
0 STEP
1 86 70.0 -120 1440.0 0 0 1 0 1 0 -1 0 0 3010.DAT
0 STEP
1 86 100.0 -96 1440.0 -1 0 0 0 1 0 0 0 -1 3001.DAT
0 STEP
1 86 100.0 -24 1450.0 -1 0 0 0 1 0 0 0 -1 3010.DAT
0 STEP
1 86 70.0 -408 1450.0 0 0 1 0 1 0 -1 0 0 3005.DAT
0 STEP
1 86 100.0 -96 1480.0 -1 0 0 0 1 0 0 0 -1 3001.DAT
0 STEP
1 86 100.0 -408 1470.0 -1 0 0 0 1 0 0 0 -1 3010.DAT
0 STEP
1 86 70.0 -72 1510.0 0 0 1 0 1 0 -1 0 0 3622.DAT
0 STEP
1 86 70.0 -120 1560.0 0 0 1 0 1 0 -1 0 0 3008.DAT
0 STEP
1 86 100.0 -96 1510.0 -1 0 0 0 1 0 0 0 -1 3010.DAT
0 STEP
1 86 80.0 -144 1520.0 0 0 1 0 1 0 -1 0 0 3003.DAT
0 STEP
1 86 100.0 -96 1540.0 -1 0 0 0 1 0 0 0 -1 3001.DAT
0 STEP
1 86 120.0 -144 1560.0 -1 0 0 0 1 0 0 0 -1 2456.DAT
0 STEP
1 86 140.0 -96 1580.0 -1 0 0 0 1 0 0 0 -1 3007.DAT
0 STEP
1 86 100.0 -24 1600.0 -1 0 0 0 1 0 0 0 -1 3001.DAT
0 STEP
1 86 70.0 -408 1620.0 0 0 1 0 1 0 -1 0 0 3010.DAT
0 STEP
1 86 80.0 -48 1640.0 0 0 1 0 1 0 -1 0 0 3001.DAT
0 STEP
1 86 100.0 -96 1610.0 -1 0 0 0 1 0 0 0 -1 3010.DAT
0 STEP
1 86 100.0 -24 1630.0 -1 0 0 0 1 0 0 0 -1 3010.DAT
0 STEP
1 86 100.0 -96 1640.0 -1 0 0 0 1 0 0 0 -1 3001.DAT
0 STEP
1 86 90.0 -24 1650.0 -1 0 0 0 1 0 0 0 -1 3622.DAT
0 STEP
1 86 100.0 -96 1680.0 -1 0 0 0 1 0 0 0 -1 3001.DAT
0 STEP
1 86 100.0 -48 1690.0 -1 0 0 0 1 0 0 0 -1 3010.DAT
0 STEP
1 86 80.0 -144 1720.0 0 0 1 0 1 0 -1 0 0 3001.DAT
0 STEP
1 86 70.0 -48 1720.0 0 0 1 0 1 0 -1 0 0 3004.DAT
0 STEP
1 86 100.0 -96 1720.0 -1 0 0 0 1 0 0 0 -1 3001.DAT
0 STEP
1 86 80.0 -408 1710.0 -1 0 0 0 1 0 0 0 -1 3004.DAT
0 STEP
1 86 70.0 0 1760.0 0 0 1 0 1 0 -1 0 0 3010.DAT
0 STEP
1 86 70.0 -72 1800.0 0 0 1 0 1 0 -1 0 0 3008.DAT
0 STEP
1 86 120.0 -408 1740.0 -1 0 0 0 1 0 0 0 -1 2456.DAT
0 STEP
1 86 100.0 -96 1760.0 -1 0 0 0 1 0 0 0 -1 3001.DAT
0 STEP
1 86 140.0 -408 1770.0 -1 0 0 0 1 0 0 0 -1 3008.DAT
0 STEP
1 86 100.0 -96 1790.0 -1 0 0 0 1 0 0 0 -1 3010.DAT
0 STEP
1 86 80.0 -144 1820.0 0 0 1 0 1 0 -1 0 0 3001.DAT
0 STEP
1 86 140.0 -408 1800.0 -1 0 0 0 1 0 0 0 -1 3007.DAT
0 STEP
1 86 90.0 0 1820.0 -1 0 0 0 1 0 0 0 -1 3002.DAT
0 STEP
1 86 100.0 -96 1820.0 -1 0 0 0 1 0 0 0 -1 3001.DAT
0 STEP
1 86 80.0 -48 1840.0 0 0 1 0 1 0 -1 0 0 3003.DAT
0 STEP
1 86 90.0 -408 1840.0 -1 0 0 0 1 0 0 0 -1 3002.DAT
0 STEP
1 86 100.0 -96 1850.0 -1 0 0 0 1 0 0 0 -1 3010.DAT
0 STEP
1 86 90.0 -48 1870.0 -1 0 0 0 1 0 0 0 -1 3622.DAT
0 STEP
1 86 120.0 -144 1880.0 -1 0 0 0 1 0 0 0 -1 2456.DAT
0 STEP
1 86 70.0 -48 1890.0 0 0 1 0 1 0 -1 0 0 3005.DAT
0 STEP
1 86 70.0 -72 1960.0 0 0 1 0 1 0 -1 0 0 3008.DAT
0 STEP
1 86 70.0 -120 1940.0 0 0 1 0 1 0 -1 0 0 3009.DAT
0 STEP
1 86 140.0 0 1910.0 -1 0 0 0 1 0 0 0 -1 3008.DAT
0 STEP
1 86 80.0 -24 1960.0 0 0 1 0 1 0 -1 0 0 2456.DAT
0 STEP
1 86 140.0 -48 1910.0 -1 0 0 0 1 0 0 0 -1 3008.DAT
0 STEP
1 86 80.0 -408 2020.0 0 0 1 0 1 0 -1 0 0 3001.DAT
0 STEP
1 86 70.0 0 2060.0 0 0 1 0 1 0 -1 0 0 3009.DAT
0 STEP
1 86 70.0 -120 2010.0 0 0 1 0 1 0 -1 0 0 3005.DAT
0 STEP
1 86 120.0 -24 2030.0 -1 0 0 0 1 0 0 0 -1 3009.DAT
0 STEP
1 86 120.0 -96 2030.0 -1 0 0 0 1 0 0 0 -1 3009.DAT
0 STEP
1 86 70.0 -120 2080.0 0 0 1 0 1 0 -1 0 0 3009.DAT
0 STEP
1 86 70.0 -24 2050.0 0 0 1 0 1 0 -1 0 0 3005.DAT
0 STEP
1 86 70.0 -72 2050.0 0 0 1 0 1 0 -1 0 0 3005.DAT
0 STEP
1 86 100.0 -96 2060.0 -1 0 0 0 1 0 0 0 -1 3001.DAT
0 STEP
1 86 70.0 -72 2120.0 0 0 1 0 1 0 -1 0 0 3009.DAT
0 STEP
1 86 80.0 -408 2070.0 -1 0 0 0 1 0 0 0 -1 3004.DAT
0 STEP
1 86 70.0 -24 2160.0 0 0 1 0 1 0 -1 0 0 3009.DAT
0 STEP
1 86 70.0 -408 2160.0 0 0 1 0 1 0 -1 0 0 3009.DAT
0 STEP
1 86 70.0 0 2130.0 0 0 1 0 1 0 -1 0 0 3005.DAT
0 STEP
1 86 100.0 -216 2190.0 -1 0 0 0 1 0 0 0 -1 3010.DAT
0 STEP
1 86 70.0 -288 2200.0 0 0 1 0 1 0 -1 0 0 3004.DAT
0 STEP
1 86 80.0 -360 2200.0 0 0 1 0 1 0 -1 0 0 3003.DAT
0 STEP
1 86 100.0 0 2210.0 -1 0 0 0 1 0 0 0 -1 3010.DAT
0 STEP
1 86 80.0 -48 2240.0 0 0 1 0 1 0 -1 0 0 3001.DAT
0 STEP
1 86 70.0 -96 2210.0 0 0 1 0 1 0 -1 0 0 3005.DAT
0 STEP
1 86 100.0 -144 2220.0 -1 0 0 0 1 0 0 0 -1 3001.DAT
0 STEP
1 86 100.0 0 2240.0 -1 0 0 0 1 0 0 0 -1 3001.DAT
0 STEP
1 86 100.0 -96 2230.0 -1 0 0 0 1 0 0 0 -1 3010.DAT
0 STEP
1 86 70.0 -24 2280.0 0 0 1 0 1 0 -1 0 0 3010.DAT
0 STEP
1 86 100.0 -96 2260.0 -1 0 0 0 1 0 0 0 -1 3001.DAT
0 STEP
1 86 80.0 0 2270.0 -1 0 0 0 1 0 0 0 -1 3004.DAT
0 STEP
1 86 100.0 -144 2270.0 -1 0 0 0 1 0 0 0 -1 3010.DAT
0 STEP
1 86 80.0 -48 2340.0 0 0 1 0 1 0 -1 0 0 3001.DAT
0 STEP
1 86 100.0 -144 2310.0 -1 0 0 0 1 0 0 0 -1 3010.DAT
0 STEP
1 86 90.0 -24 2330.0 -1 0 0 0 1 0 0 0 -1 3622.DAT
0 STEP
1 86 120.0 -144 2330.0 -1 0 0 0 1 0 0 0 -1 3009.DAT
0 STEP
1 86 120.0 -24 2350.0 -1 0 0 0 1 0 0 0 -1 3009.DAT
0 STEP
1 86 100.0 -120 2350.0 -1 0 0 0 1 0 0 0 -1 3010.DAT
0 STEP
1 86 90.0 -144 2360.0 -1 0 0 0 1 0 0 0 -1 3002.DAT
0 STEP
1 86 70.0 -24 2390.0 0 0 1 0 1 0 -1 0 0 3622.DAT
0 STEP
1 86 70.0 -72 2390.0 0 0 1 0 1 0 -1 0 0 3622.DAT
0 STEP
1 86 70.0 -120 2390.0 0 0 1 0 1 0 -1 0 0 3622.DAT
0 STEP
1 86 70.0 -168 2400.0 0 0 1 0 1 0 -1 0 0 3010.DAT
0 STEP
1 86 70.0 -192 2370.0 0 0 1 0 1 0 -1 0 0 3005.DAT
0 STEP
1 86 70.0 -240 2370.0 0 0 1 0 1 0 -1 0 0 3005.DAT
0 STEP
1 86 70.0 0 2390.0 0 0 1 0 1 0 -1 0 0 3005.DAT
0 STEP
1 86 100.0 -48 2390.0 -1 0 0 0 1 0 0 0 -1 3010.DAT
0 STEP
1 86 120.0 -96 2400.0 -1 0 0 0 1 0 0 0 -1 2456.DAT
0 STEP
1 86 70.0 -192 2420.0 0 0 1 0 1 0 -1 0 0 3010.DAT
0 STEP
1 86 70.0 -240 2420.0 0 0 1 0 1 0 -1 0 0 3010.DAT
0 STEP
1 86 80.0 0 2410.0 -1 0 0 0 1 0 0 0 -1 3004.DAT
0 STEP
1 86 80.0 -48 2410.0 -1 0 0 0 1 0 0 0 -1 3004.DAT
0 STEP
1 86 70.0 -144 2430.0 0 0 1 0 1 0 -1 0 0 3622.DAT
0 STEP
1 86 80.0 -216 2430.0 -1 0 0 0 1 0 0 0 -1 3004.DAT
0 STEP
1 86 90.0 -168 2450.0 -1 0 0 0 1 0 0 0 -1 3622.DAT
0 STEP
1 86 90.0 -216 2450.0 -1 0 0 0 1 0 0 0 -1 3622.DAT
0 STEP
1 86 120.0 -168 50.0 -1 0 0 0 1 0 0 0 -1 3010.DAT
0 STEP
1 86 90.0 -216 60.0 0 0 1 0 1 0 -1 0 0 3004.DAT
0 STEP
1 86 90.0 0 100.0 0 0 1 0 1 0 -1 0 0 3010.DAT
0 STEP
1 86 90.0 -72 90.0 0 0 1 0 1 0 -1 0 0 3622.DAT
0 STEP
1 86 90.0 -120 90.0 0 0 1 0 1 0 -1 0 0 3622.DAT
0 STEP
1 86 100.0 -168 70.0 -1 0 0 0 1 0 0 0 -1 3004.DAT
0 STEP
1 86 140.0 -24 90.0 -1 0 0 0 1 0 0 0 -1 3009.DAT
0 STEP
1 86 120.0 -24 110.0 -1 0 0 0 1 0 0 0 -1 3010.DAT
0 STEP
1 86 90.0 -48 160.0 0 0 1 0 1 0 -1 0 0 3010.DAT
0 STEP
1 86 120.0 -120 140.0 -1 0 0 0 1 0 0 0 -1 3001.DAT
0 STEP
1 86 90.0 -144 200.0 0 0 1 0 1 0 -1 0 0 3008.DAT
0 STEP
1 86 90.0 0 150.0 0 0 1 0 1 0 -1 0 0 3005.DAT
0 STEP
1 86 140.0 0 170.0 -1 0 0 0 1 0 0 0 -1 3009.DAT
0 STEP
1 86 90.0 -120 170.0 0 0 1 0 1 0 -1 0 0 3005.DAT
0 STEP
1 86 90.0 0 200.0 0 0 1 0 1 0 -1 0 0 3004.DAT
0 STEP
1 86 160.0 -120 200.0 -1 0 0 0 1 0 0 0 -1 3007.DAT
0 STEP
1 86 90.0 -48 210.0 0 0 1 0 1 0 -1 0 0 3005.DAT
0 STEP
1 86 90.0 -48 260.0 0 0 1 0 1 0 -1 0 0 3010.DAT
0 STEP
1 86 160.0 -120 230.0 -1 0 0 0 1 0 0 0 -1 3008.DAT
0 STEP
1 86 90.0 0 270.0 0 0 1 0 1 0 -1 0 0 3622.DAT
0 STEP
1 86 100.0 -120 300.0 0 0 1 0 1 0 -1 0 0 2456.DAT
0 STEP
1 86 120.0 0 310.0 -1 0 0 0 1 0 0 0 -1 3010.DAT
0 STEP
1 86 100.0 -48 310.0 -1 0 0 0 1 0 0 0 -1 3004.DAT
0 STEP
1 86 90.0 -48 380.0 0 0 1 0 1 0 -1 0 0 3009.DAT
0 STEP
1 86 90.0 -120 390.0 0 0 1 0 1 0 -1 0 0 3622.DAT
0 STEP
1 86 160.0 -192 400.0 -1 0 0 0 1 0 0 0 -1 3007.DAT
0 STEP
1 86 140.0 -336 400.0 -1 0 0 0 1 0 0 0 -1 2456.DAT
0 STEP
1 86 110.0 -24 440.0 -1 0 0 0 1 0 0 0 -1 3002.DAT
0 STEP
1 86 100.0 -120 460.0 0 0 1 0 1 0 -1 0 0 3001.DAT
0 STEP
1 86 90.0 -48 450.0 0 0 1 0 1 0 -1 0 0 3005.DAT
0 STEP
1 86 160.0 -24 470.0 -1 0 0 0 1 0 0 0 -1 3008.DAT
0 STEP
1 86 90.0 -48 500.0 0 0 1 0 1 0 -1 0 0 3010.DAT
0 STEP
1 86 90.0 -24 490.0 0 0 1 0 1 0 -1 0 0 3005.DAT
0 STEP
1 86 120.0 -24 510.0 -1 0 0 0 1 0 0 0 -1 3010.DAT
0 STEP
1 86 120.0 -144 510.0 -1 0 0 0 1 0 0 0 -1 3010.DAT
0 STEP
1 86 90.0 -24 530.0 0 0 1 0 1 0 -1 0 0 3005.DAT
0 STEP
1 86 140.0 -144 530.0 -1 0 0 0 1 0 0 0 -1 3009.DAT
0 STEP
1 86 100.0 0 600.0 0 0 1 0 1 0 -1 0 0 2456.DAT
0 STEP
1 86 90.0 -408 550.0 0 0 1 0 1 0 -1 0 0 3005.DAT
0 STEP
1 86 160.0 -48 570.0 -1 0 0 0 1 0 0 0 -1 3008.DAT
0 STEP
1 86 90.0 -408 640.0 0 0 1 0 1 0 -1 0 0 3008.DAT
0 STEP
1 86 120.0 -48 600.0 -1 0 0 0 1 0 0 0 -1 3001.DAT
0 STEP
1 86 140.0 -120 590.0 -1 0 0 0 1 0 0 0 -1 3009.DAT
0 STEP
1 86 100.0 -120 660.0 0 0 1 0 1 0 -1 0 0 2456.DAT
0 STEP
1 86 90.0 0 670.0 0 0 1 0 1 0 -1 0 0 3005.DAT
0 STEP
1 86 140.0 -24 710.0 -1 0 0 0 1 0 0 0 -1 3009.DAT
0 STEP
1 86 90.0 0 730.0 0 0 1 0 1 0 -1 0 0 3005.DAT
0 STEP
1 86 120.0 -144 740.0 -1 0 0 0 1 0 0 0 -1 3001.DAT
0 STEP
1 86 120.0 -408 730.0 -1 0 0 0 1 0 0 0 -1 3010.DAT
0 STEP
1 86 140.0 0 750.0 -1 0 0 0 1 0 0 0 -1 3009.DAT
0 STEP
1 86 90.0 -120 780.0 0 0 1 0 1 0 -1 0 0 3010.DAT
0 STEP
1 86 110.0 0 770.0 -1 0 0 0 1 0 0 0 -1 3622.DAT
0 STEP
1 86 100.0 0 810.0 0 0 1 0 1 0 -1 0 0 3002.DAT
0 STEP
1 86 110.0 -144 820.0 -1 0 0 0 1 0 0 0 -1 3002.DAT
0 STEP
1 86 100.0 -24 860.0 0 0 1 0 1 0 -1 0 0 3001.DAT
0 STEP
1 86 90.0 -120 850.0 0 0 1 0 1 0 -1 0 0 3622.DAT
0 STEP
1 86 100.0 -144 900.0 0 0 1 0 1 0 -1 0 0 3001.DAT
0 STEP
1 86 120.0 -24 910.0 -1 0 0 0 1 0 0 0 -1 3010.DAT
0 STEP
1 86 100.0 -48 940.0 0 0 1 0 1 0 -1 0 0 3001.DAT
0 STEP
1 86 90.0 -48 1040.0 0 0 1 0 1 0 -1 0 0 3009.DAT
0 STEP
1 86 140.0 -144 990.0 -1 0 0 0 1 0 0 0 -1 3009.DAT
0 STEP
1 86 90.0 -144 1010.0 0 0 1 0 1 0 -1 0 0 3005.DAT
0 STEP
1 86 100.0 0 1060.0 0 0 1 0 1 0 -1 0 0 3001.DAT
0 STEP
1 86 120.0 -144 1030.0 -1 0 0 0 1 0 0 0 -1 3010.DAT
0 STEP
1 86 140.0 -408 1030.0 -1 0 0 0 1 0 0 0 -1 3009.DAT
0 STEP
1 86 140.0 -144 1050.0 -1 0 0 0 1 0 0 0 -1 3009.DAT
0 STEP
1 86 90.0 -408 1080.0 0 0 1 0 1 0 -1 0 0 3010.DAT
0 STEP
1 86 90.0 -144 1120.0 0 0 1 0 1 0 -1 0 0 3010.DAT
0 STEP
1 86 120.0 -48 1110.0 -1 0 0 0 1 0 0 0 -1 3010.DAT
0 STEP
1 86 90.0 -48 1130.0 0 0 1 0 1 0 -1 0 0 3005.DAT
0 STEP
1 86 90.0 -408 1130.0 0 0 1 0 1 0 -1 0 0 3005.DAT
0 STEP
1 86 90.0 -24 1220.0 0 0 1 0 1 0 -1 0 0 3008.DAT
0 STEP
1 86 120.0 -120 1150.0 -1 0 0 0 1 0 0 0 -1 3010.DAT
0 STEP
1 86 100.0 -408 1180.0 0 0 1 0 1 0 -1 0 0 3001.DAT
0 STEP
1 86 100.0 -120 1220.0 0 0 1 0 1 0 -1 0 0 2456.DAT
0 STEP
1 86 120.0 -144 1170.0 -1 0 0 0 1 0 0 0 -1 3010.DAT
0 STEP
1 86 90.0 -144 1210.0 0 0 1 0 1 0 -1 0 0 3622.DAT
0 STEP
1 86 120.0 -408 1230.0 -1 0 0 0 1 0 0 0 -1 3010.DAT
0 STEP
1 86 160.0 -144 1250.0 -1 0 0 0 1 0 0 0 -1 3008.DAT
0 STEP
1 86 90.0 -408 1270.0 0 0 1 0 1 0 -1 0 0 3622.DAT
0 STEP
1 86 90.0 -144 1300.0 0 0 1 0 1 0 -1 0 0 3010.DAT
0 STEP
1 86 90.0 -24 1360.0 0 0 1 0 1 0 -1 0 0 3009.DAT
0 STEP
1 86 120.0 -48 1330.0 -1 0 0 0 1 0 0 0 -1 3010.DAT
0 STEP
1 86 90.0 -144 1420.0 0 0 1 0 1 0 -1 0 0 3008.DAT
0 STEP
1 86 120.0 -408 1370.0 -1 0 0 0 1 0 0 0 -1 3010.DAT
0 STEP
1 86 110.0 -408 1400.0 -1 0 0 0 1 0 0 0 -1 3002.DAT
0 STEP
1 86 90.0 -120 1430.0 0 0 1 0 1 0 -1 0 0 3622.DAT
0 STEP
1 86 90.0 -408 1440.0 0 0 1 0 1 0 -1 0 0 3004.DAT
0 STEP
1 86 90.0 -120 1500.0 0 0 1 0 1 0 -1 0 0 3010.DAT
0 STEP
1 86 120.0 -408 1520.0 -1 0 0 0 1 0 0 0 -1 3001.DAT
0 STEP
1 86 90.0 -48 1560.0 0 0 1 0 1 0 -1 0 0 3010.DAT
0 STEP
1 86 90.0 -120 1600.0 0 0 1 0 1 0 -1 0 0 3009.DAT
0 STEP
1 86 120.0 -408 1590.0 -1 0 0 0 1 0 0 0 -1 3010.DAT
0 STEP
1 86 90.0 -408 1620.0 0 0 1 0 1 0 -1 0 0 3004.DAT
0 STEP
1 86 90.0 0 1650.0 0 0 1 0 1 0 -1 0 0 3622.DAT
0 STEP
1 86 140.0 -408 1650.0 -1 0 0 0 1 0 0 0 -1 3009.DAT
0 STEP
1 86 120.0 0 1700.0 -1 0 0 0 1 0 0 0 -1 3001.DAT
0 STEP
1 86 110.0 -48 1710.0 -1 0 0 0 1 0 0 0 -1 3622.DAT
0 STEP
1 86 120.0 0 1730.0 -1 0 0 0 1 0 0 0 -1 3010.DAT
0 STEP
1 86 140.0 -48 1730.0 -1 0 0 0 1 0 0 0 -1 3009.DAT
0 STEP
1 86 90.0 -120 1760.0 0 0 1 0 1 0 -1 0 0 3010.DAT
0 STEP
1 86 90.0 0 1750.0 0 0 1 0 1 0 -1 0 0 3005.DAT
0 STEP
1 86 90.0 -24 1800.0 0 0 1 0 1 0 -1 0 0 3009.DAT
0 STEP
1 86 140.0 0 1780.0 -1 0 0 0 1 0 0 0 -1 2456.DAT
0 STEP
1 86 90.0 -120 1810.0 0 0 1 0 1 0 -1 0 0 3005.DAT
0 STEP
1 86 90.0 -120 1880.0 0 0 1 0 1 0 -1 0 0 3010.DAT
0 STEP
1 86 90.0 -24 1870.0 0 0 1 0 1 0 -1 0 0 3005.DAT
0 STEP
1 86 140.0 -48 1890.0 -1 0 0 0 1 0 0 0 -1 3009.DAT
0 STEP
1 86 90.0 -120 2000.0 0 0 1 0 1 0 -1 0 0 3008.DAT
0 STEP
1 86 120.0 -48 1990.0 -1 0 0 0 1 0 0 0 -1 3010.DAT
0 STEP
1 86 100.0 0 2030.0 0 0 1 0 1 0 -1 0 0 3002.DAT
0 STEP
1 86 90.0 -24 2070.0 0 0 1 0 1 0 -1 0 0 3622.DAT
0 STEP
1 86 100.0 0 2100.0 0 0 1 0 1 0 -1 0 0 3001.DAT
0 STEP
1 86 100.0 -120 2110.0 0 0 1 0 1 0 -1 0 0 3002.DAT
0 STEP
1 86 90.0 -144 2120.0 0 0 1 0 1 0 -1 0 0 3010.DAT
0 STEP
1 86 160.0 -24 2110.0 -1 0 0 0 1 0 0 0 -1 3008.DAT
0 STEP
1 86 90.0 -408 2120.0 0 0 1 0 1 0 -1 0 0 3004.DAT
0 STEP
1 86 100.0 -24 2180.0 0 0 1 0 1 0 -1 0 0 2456.DAT
0 STEP
1 86 100.0 -120 2240.0 0 0 1 0 1 0 -1 0 0 3006.DAT
0 STEP
1 86 100.0 -408 2180.0 0 0 1 0 1 0 -1 0 0 3001.DAT
0 STEP
1 86 100.0 -144 2170.0 -1 0 0 0 1 0 0 0 -1 3004.DAT
0 STEP
1 86 90.0 -144 2190.0 0 0 1 0 1 0 -1 0 0 3005.DAT
0 STEP
1 86 110.0 -192 2200.0 -1 0 0 0 1 0 0 0 -1 3002.DAT
0 STEP
1 86 120.0 -24 2260.0 -1 0 0 0 1 0 0 0 -1 3001.DAT
0 STEP
1 86 90.0 0 2340.0 0 0 1 0 1 0 -1 0 0 3009.DAT
0 STEP
1 86 120.0 -24 2300.0 -1 0 0 0 1 0 0 0 -1 3001.DAT
0 STEP
1 86 110.0 -144 2290.0 -1 0 0 0 1 0 0 0 -1 3622.DAT
0 STEP
1 86 90.0 -72 2320.0 0 0 1 0 1 0 -1 0 0 3004.DAT
0 STEP
1 86 120.0 -96 2320.0 -1 0 0 0 1 0 0 0 -1 3001.DAT
0 STEP
1 86 120.0 -96 2360.0 -1 0 0 0 1 0 0 0 -1 3001.DAT
0 STEP
1 86 90.0 -24 2400.0 0 0 1 0 1 0 -1 0 0 3010.DAT
0 STEP
1 86 90.0 -72 2400.0 0 0 1 0 1 0 -1 0 0 3010.DAT
0 STEP
1 86 90.0 -120 2400.0 0 0 1 0 1 0 -1 0 0 3010.DAT
0 STEP
1 86 120.0 -144 2420.0 -1 0 0 0 1 0 0 0 -1 3001.DAT
0 STEP
1 86 110.0 0 2440.0 -1 0 0 0 1 0 0 0 -1 3002.DAT
0 STEP
1 86 90.0 -48 2440.0 0 0 1 0 1 0 -1 0 0 3004.DAT
0 STEP
1 86 120.0 -96 2440.0 -1 0 0 0 1 0 0 0 -1 3001.DAT
0 STEP
1 86 90.0 -168 2430.0 0 0 1 0 1 0 -1 0 0 3005.DAT
0 STEP
1 86 90.0 -192 2450.0 0 0 1 0 1 0 -1 0 0 3622.DAT
0 STEP
1 86 90.0 -240 2450.0 0 0 1 0 1 0 -1 0 0 3622.DAT
0 STEP
1 86 90.0 -24 2450.0 0 0 1 0 1 0 -1 0 0 3005.DAT
0 STEP
1 86 100.0 -72 2450.0 -1 0 0 0 1 0 0 0 -1 3004.DAT
0 STEP
1 86 90.0 -120 2450.0 0 0 1 0 1 0 -1 0 0 3005.DAT
0 STEP
1 86 110.0 -144 2460.0 -1 0 0 0 1 0 0 0 -1 3002.DAT
0 STEP
1 86 90.0 -168 2470.0 0 0 1 0 1 0 -1 0 0 3005.DAT
0 STEP
1 86 110.0 -216 2470.0 -1 0 0 0 1 0 0 0 -1 3622.DAT
0 STEP
1 86 120.0 -144 40.0 0 0 1 0 1 0 -1 0 0 3003.DAT
0 STEP
1 86 140.0 -168 30.0 -1 0 0 0 1 0 0 0 -1 3010.DAT
0 STEP
1 86 120.0 -192 30.0 -1 0 0 0 1 0 0 0 -1 3004.DAT
0 STEP
1 86 110.0 -216 50.0 0 0 1 0 1 0 -1 0 0 3622.DAT
0 STEP
1 86 120.0 -240 30.0 -1 0 0 0 1 0 0 0 -1 3004.DAT
0 STEP
1 86 110.0 0 100.0 0 0 1 0 1 0 -1 0 0 3009.DAT
0 STEP
1 86 130.0 -24 50.0 -1 0 0 0 1 0 0 0 -1 3622.DAT
0 STEP
1 86 120.0 -48 50.0 -1 0 0 0 1 0 0 0 -1 3004.DAT
0 STEP
1 86 110.0 -72 70.0 0 0 1 0 1 0 -1 0 0 3622.DAT
0 STEP
1 86 120.0 -96 50.0 -1 0 0 0 1 0 0 0 -1 3004.DAT
0 STEP
1 86 120.0 -120 80.0 0 0 1 0 1 0 -1 0 0 3001.DAT
0 STEP
1 86 120.0 -48 120.0 0 0 1 0 1 0 -1 0 0 2456.DAT
0 STEP
1 86 110.0 -144 120.0 0 0 1 0 1 0 -1 0 0 3009.DAT
0 STEP
1 86 120.0 -96 120.0 0 0 1 0 1 0 -1 0 0 3001.DAT
0 STEP
1 86 120.0 -24 180.0 0 0 1 0 1 0 -1 0 0 3003.DAT
0 STEP
1 86 160.0 -120 170.0 -1 0 0 0 1 0 0 0 -1 3009.DAT
0 STEP
1 86 110.0 0 220.0 0 0 1 0 1 0 -1 0 0 3010.DAT
0 STEP
1 86 110.0 -48 240.0 0 0 1 0 1 0 -1 0 0 3009.DAT
0 STEP
1 86 110.0 -144 190.0 0 0 1 0 1 0 -1 0 0 3005.DAT
0 STEP
1 86 130.0 -24 210.0 -1 0 0 0 1 0 0 0 -1 3622.DAT
0 STEP
1 86 110.0 -144 240.0 0 0 1 0 1 0 -1 0 0 3010.DAT
0 STEP
1 86 120.0 -24 280.0 0 0 1 0 1 0 -1 0 0 2456.DAT
0 STEP
1 86 110.0 0 270.0 0 0 1 0 1 0 -1 0 0 3005.DAT
0 STEP
1 86 140.0 0 290.0 -1 0 0 0 1 0 0 0 -1 3010.DAT
0 STEP
1 86 140.0 -144 320.0 -1 0 0 0 1 0 0 0 -1 3001.DAT
0 STEP
1 86 110.0 0 400.0 0 0 1 0 1 0 -1 0 0 3008.DAT
0 STEP
1 86 110.0 -48 360.0 0 0 1 0 1 0 -1 0 0 3010.DAT
0 STEP
1 86 120.0 -120 390.0 0 0 1 0 1 0 -1 0 0 3002.DAT
0 STEP
1 86 200.0 -264 400.0 -1 0 0 0 1 0 0 0 -1 3006.DAT
0 STEP
1 86 160.0 -312 390.0 -1 0 0 0 1 0 0 0 -1 3009.DAT
0 STEP
1 86 160.0 -384 390.0 -1 0 0 0 1 0 0 0 -1 3009.DAT
0 STEP
1 86 110.0 -48 480.0 0 0 1 0 1 0 -1 0 0 3008.DAT
0 STEP
1 86 110.0 -312 410.0 0 0 1 0 1 0 -1 0 0 3005.DAT
0 STEP
1 86 110.0 -384 410.0 0 0 1 0 1 0 -1 0 0 3005.DAT
0 STEP
1 86 160.0 -408 410.0 -1 0 0 0 1 0 0 0 -1 3009.DAT
0 STEP
1 86 160.0 -408 440.0 -1 0 0 0 1 0 0 0 -1 2456.DAT
0 STEP
1 86 140.0 -144 450.0 -1 0 0 0 1 0 0 0 -1 3010.DAT
0 STEP
1 86 160.0 -408 470.0 -1 0 0 0 1 0 0 0 -1 3009.DAT
0 STEP
1 86 160.0 -24 490.0 -1 0 0 0 1 0 0 0 -1 3009.DAT
0 STEP
1 86 110.0 -408 540.0 0 0 1 0 1 0 -1 0 0 3009.DAT
0 STEP
1 86 110.0 0 510.0 0 0 1 0 1 0 -1 0 0 3005.DAT
0 STEP
1 86 110.0 -120 540.0 0 0 1 0 1 0 -1 0 0 3010.DAT
0 STEP
1 86 140.0 -24 540.0 -1 0 0 0 1 0 0 0 -1 3001.DAT
0 STEP
1 86 140.0 -24 570.0 -1 0 0 0 1 0 0 0 -1 3010.DAT
0 STEP
1 86 120.0 -144 600.0 0 0 1 0 1 0 -1 0 0 3001.DAT
0 STEP
1 86 110.0 -24 590.0 0 0 1 0 1 0 -1 0 0 3005.DAT
0 STEP
1 86 110.0 -408 610.0 0 0 1 0 1 0 -1 0 0 3005.DAT
0 STEP
1 86 110.0 -48 660.0 0 0 1 0 1 0 -1 0 0 3010.DAT
0 STEP
1 86 110.0 -408 660.0 0 0 1 0 1 0 -1 0 0 3010.DAT
0 STEP
1 86 110.0 0 700.0 0 0 1 0 1 0 -1 0 0 3010.DAT
0 STEP
1 86 180.0 -24 690.0 -1 0 0 0 1 0 0 0 -1 3008.DAT
0 STEP
1 86 140.0 -408 710.0 -1 0 0 0 1 0 0 0 -1 3010.DAT
0 STEP
1 86 110.0 -24 760.0 0 0 1 0 1 0 -1 0 0 3010.DAT
0 STEP
1 86 110.0 -120 800.0 0 0 1 0 1 0 -1 0 0 3008.DAT
0 STEP
1 86 120.0 -48 800.0 0 0 1 0 1 0 -1 0 0 3001.DAT
0 STEP
1 86 120.0 -408 800.0 0 0 1 0 1 0 -1 0 0 3001.DAT
0 STEP
1 86 110.0 0 900.0 0 0 1 0 1 0 -1 0 0 3010.DAT
0 STEP
1 86 110.0 -408 920.0 0 0 1 0 1 0 -1 0 0 3009.DAT
0 STEP
1 86 120.0 -120 1000.0 0 0 1 0 1 0 -1 0 0 3006.DAT
0 STEP
1 86 110.0 -24 960.0 0 0 1 0 1 0 -1 0 0 3004.DAT
0 STEP
1 86 110.0 -48 1020.0 0 0 1 0 1 0 -1 0 0 3010.DAT
0 STEP
1 86 140.0 -408 1000.0 -1 0 0 0 1 0 0 0 -1 3001.DAT
0 STEP
1 86 140.0 -144 1010.0 -1 0 0 0 1 0 0 0 -1 3010.DAT
0 STEP
1 86 140.0 -408 1050.0 -1 0 0 0 1 0 0 0 -1 3010.DAT
0 STEP
1 86 110.0 -24 1140.0 0 0 1 0 1 0 -1 0 0 3008.DAT
0 STEP
1 86 110.0 -48 1070.0 0 0 1 0 1 0 -1 0 0 3005.DAT
0 STEP
1 86 110.0 -408 1100.0 0 0 1 0 1 0 -1 0 0 3010.DAT
0 STEP
1 86 120.0 -48 1090.0 -1 0 0 0 1 0 0 0 -1 3004.DAT
0 STEP
1 86 120.0 -144 1120.0 0 0 1 0 1 0 -1 0 0 3001.DAT
0 STEP
1 86 120.0 -120 1110.0 -1 0 0 0 1 0 0 0 -1 3004.DAT
0 STEP
1 86 160.0 -48 1130.0 -1 0 0 0 1 0 0 0 -1 3009.DAT
0 STEP
1 86 140.0 -144 1190.0 -1 0 0 0 1 0 0 0 -1 3010.DAT
0 STEP
1 86 110.0 -144 1220.0 0 0 1 0 1 0 -1 0 0 3004.DAT
0 STEP
1 86 110.0 0 1230.0 0 0 1 0 1 0 -1 0 0 3005.DAT
0 STEP
1 86 130.0 -24 1240.0 -1 0 0 0 1 0 0 0 -1 3002.DAT
0 STEP
1 86 110.0 -408 1280.0 0 0 1 0 1 0 -1 0 0 3010.DAT
0 STEP
1 86 130.0 -24 1280.0 -1 0 0 0 1 0 0 0 -1 3002.DAT
0 STEP
1 86 110.0 -144 1320.0 0 0 1 0 1 0 -1 0 0 3009.DAT
0 STEP
1 86 140.0 -24 1310.0 -1 0 0 0 1 0 0 0 -1 3010.DAT
0 STEP
1 86 120.0 -24 1360.0 0 0 1 0 1 0 -1 0 0 3001.DAT
0 STEP
1 86 110.0 -408 1330.0 0 0 1 0 1 0 -1 0 0 3005.DAT
0 STEP
1 86 120.0 0 1400.0 0 0 1 0 1 0 -1 0 0 3001.DAT
0 STEP
1 86 130.0 -48 1370.0 -1 0 0 0 1 0 0 0 -1 3622.DAT
0 STEP
1 86 120.0 -48 1440.0 0 0 1 0 1 0 -1 0 0 2456.DAT
0 STEP
1 86 110.0 -144 1460.0 0 0 1 0 1 0 -1 0 0 3008.DAT
0 STEP
1 86 110.0 -24 1410.0 0 0 1 0 1 0 -1 0 0 3005.DAT
0 STEP
1 86 140.0 -120 1410.0 -1 0 0 0 1 0 0 0 -1 3010.DAT
0 STEP
1 86 120.0 -120 1450.0 0 0 1 0 1 0 -1 0 0 3002.DAT
0 STEP
1 86 120.0 -408 1430.0 -1 0 0 0 1 0 0 0 -1 3004.DAT
0 STEP
1 86 110.0 0 1480.0 0 0 1 0 1 0 -1 0 0 3010.DAT
0 STEP
1 86 160.0 -408 1450.0 -1 0 0 0 1 0 0 0 -1 3009.DAT
0 STEP
1 86 130.0 -120 1490.0 -1 0 0 0 1 0 0 0 -1 3622.DAT
0 STEP
1 86 140.0 -48 1510.0 -1 0 0 0 1 0 0 0 -1 3010.DAT
0 STEP
1 86 110.0 -120 1510.0 0 0 1 0 1 0 -1 0 0 3005.DAT
0 STEP
1 86 140.0 0 1540.0 -1 0 0 0 1 0 0 0 -1 3001.DAT
0 STEP
1 86 110.0 -48 1600.0 0 0 1 0 1 0 -1 0 0 3008.DAT
0 STEP
1 86 160.0 -120 1530.0 -1 0 0 0 1 0 0 0 -1 3009.DAT
0 STEP
1 86 110.0 -120 1570.0 0 0 1 0 1 0 -1 0 0 3622.DAT
0 STEP
1 86 110.0 0 1620.0 0 0 1 0 1 0 -1 0 0 3009.DAT
0 STEP
1 86 110.0 -120 1660.0 0 0 1 0 1 0 -1 0 0 3009.DAT
0 STEP
1 86 180.0 -408 1620.0 -1 0 0 0 1 0 0 0 -1 3007.DAT
0 STEP
1 86 120.0 -24 1690.0 -1 0 0 0 1 0 0 0 -1 3004.DAT
0 STEP
1 86 110.0 -144 1690.0 0 0 1 0 1 0 -1 0 0 3005.DAT
0 STEP
1 86 120.0 -24 1760.0 0 0 1 0 1 0 -1 0 0 2456.DAT
0 STEP
1 86 130.0 -144 1720.0 -1 0 0 0 1 0 0 0 -1 3002.DAT
0 STEP
1 86 180.0 -408 1710.0 -1 0 0 0 1 0 0 0 -1 3008.DAT
0 STEP
1 86 110.0 -120 1730.0 0 0 1 0 1 0 -1 0 0 3005.DAT
0 STEP
1 86 140.0 0 1750.0 -1 0 0 0 1 0 0 0 -1 3010.DAT
0 STEP
1 86 180.0 -48 1760.0 -1 0 0 0 1 0 0 0 -1 3007.DAT
0 STEP
1 86 110.0 -120 1780.0 0 0 1 0 1 0 -1 0 0 3010.DAT
0 STEP
1 86 130.0 -144 1750.0 -1 0 0 0 1 0 0 0 -1 3622.DAT
0 STEP
1 86 110.0 -48 1820.0 0 0 1 0 1 0 -1 0 0 3010.DAT
0 STEP
1 86 140.0 -144 1790.0 -1 0 0 0 1 0 0 0 -1 3010.DAT
0 STEP
1 86 110.0 -144 1820.0 0 0 1 0 1 0 -1 0 0 3004.DAT
0 STEP
1 86 110.0 -24 1900.0 0 0 1 0 1 0 -1 0 0 3008.DAT
0 STEP
1 86 110.0 -120 1830.0 0 0 1 0 1 0 -1 0 0 3005.DAT
0 STEP
1 86 110.0 -120 1900.0 0 0 1 0 1 0 -1 0 0 3009.DAT
0 STEP
1 86 140.0 -144 1850.0 -1 0 0 0 1 0 0 0 -1 3010.DAT
0 STEP
1 86 110.0 0 1870.0 0 0 1 0 1 0 -1 0 0 3005.DAT
0 STEP
1 86 160.0 -408 1870.0 -1 0 0 0 1 0 0 0 -1 3009.DAT
0 STEP
1 86 110.0 -408 1920.0 0 0 1 0 1 0 -1 0 0 3010.DAT
0 STEP
1 86 130.0 0 1950.0 -1 0 0 0 1 0 0 0 -1 3622.DAT
0 STEP
1 86 110.0 -120 1970.0 0 0 1 0 1 0 -1 0 0 3005.DAT
0 STEP
1 86 110.0 -408 1990.0 0 0 1 0 1 0 -1 0 0 3622.DAT
0 STEP
1 86 110.0 -24 2000.0 0 0 1 0 1 0 -1 0 0 3004.DAT
0 STEP
1 86 110.0 -120 2020.0 0 0 1 0 1 0 -1 0 0 3010.DAT
0 STEP
1 86 110.0 -48 2080.0 0 0 1 0 1 0 -1 0 0 3008.DAT
0 STEP
1 86 160.0 -408 2040.0 -1 0 0 0 1 0 0 0 -1 2456.DAT
0 STEP
1 86 140.0 -24 2050.0 -1 0 0 0 1 0 0 0 -1 3010.DAT
0 STEP
1 86 110.0 -24 2070.0 0 0 1 0 1 0 -1 0 0 3005.DAT
0 STEP
1 86 110.0 -120 2070.0 0 0 1 0 1 0 -1 0 0 3005.DAT
0 STEP
1 86 110.0 -408 2100.0 0 0 1 0 1 0 -1 0 0 3010.DAT
0 STEP
1 86 140.0 -24 2090.0 -1 0 0 0 1 0 0 0 -1 3010.DAT
0 STEP
1 86 140.0 -144 2090.0 -1 0 0 0 1 0 0 0 -1 3010.DAT
0 STEP
1 86 110.0 -144 2110.0 0 0 1 0 1 0 -1 0 0 3005.DAT
0 STEP
1 86 140.0 -144 2130.0 -1 0 0 0 1 0 0 0 -1 3010.DAT
0 STEP
1 86 110.0 -144 2150.0 0 0 1 0 1 0 -1 0 0 3005.DAT
0 STEP
1 86 110.0 0 2170.0 0 0 1 0 1 0 -1 0 0 3005.DAT
0 STEP
1 86 110.0 -48 2170.0 0 0 1 0 1 0 -1 0 0 3005.DAT
0 STEP
1 86 110.0 -48 2220.0 0 0 1 0 1 0 -1 0 0 3010.DAT
0 STEP
1 86 140.0 -144 2190.0 -1 0 0 0 1 0 0 0 -1 3010.DAT
0 STEP
1 86 120.0 -264 2200.0 0 0 1 0 1 0 -1 0 0 3003.DAT
0 STEP
1 86 120.0 -288 2200.0 0 0 1 0 1 0 -1 0 0 3003.DAT
0 STEP
1 86 130.0 -360 2190.0 -1 0 0 0 1 0 0 0 -1 3622.DAT
0 STEP
1 86 110.0 -360 2210.0 0 0 1 0 1 0 -1 0 0 3005.DAT
0 STEP
1 86 110.0 0 2340.0 0 0 1 0 1 0 -1 0 0 3008.DAT
0 STEP
1 86 110.0 -48 2320.0 0 0 1 0 1 0 -1 0 0 3009.DAT
0 STEP
1 86 120.0 -24 2400.0 0 0 1 0 1 0 -1 0 0 3001.DAT
0 STEP
1 86 120.0 -120 2420.0 0 0 1 0 1 0 -1 0 0 2456.DAT
0 STEP
1 86 110.0 -72 2410.0 0 0 1 0 1 0 -1 0 0 3622.DAT
0 STEP
1 86 110.0 -48 2440.0 0 0 1 0 1 0 -1 0 0 3010.DAT
0 STEP
1 86 110.0 -24 2460.0 0 0 1 0 1 0 -1 0 0 3004.DAT
0 STEP
1 86 110.0 -192 2470.0 0 0 1 0 1 0 -1 0 0 3622.DAT
0 STEP
1 86 110.0 -240 2470.0 0 0 1 0 1 0 -1 0 0 3622.DAT
0 STEP
1 86 120.0 0 2470.0 -1 0 0 0 1 0 0 0 -1 3004.DAT
0 STEP
1 86 110.0 -72 2470.0 0 0 1 0 1 0 -1 0 0 3005.DAT
0 STEP
1 86 140.0 -96 2470.0 -1 0 0 0 1 0 0 0 -1 3010.DAT
0 STEP
1 86 110.0 -168 2480.0 0 0 1 0 1 0 -1 0 0 3004.DAT
0 STEP
1 86 120.0 -144 2490.0 -1 0 0 0 1 0 0 0 -1 3004.DAT
0 STEP
1 86 130.0 -216 2490.0 -1 0 0 0 1 0 0 0 -1 3622.DAT
0 STEP
1 86 160.0 -216 30.0 -1 0 0 0 1 0 0 0 -1 3010.DAT
0 STEP
1 86 130.0 0 50.0 0 0 1 0 1 0 -1 0 0 3005.DAT
0 STEP
1 86 160.0 -72 60.0 -1 0 0 0 1 0 0 0 -1 3001.DAT
0 STEP
1 86 140.0 -216 50.0 -1 0 0 0 1 0 0 0 -1 3004.DAT
0 STEP
1 86 130.0 0 100.0 0 0 1 0 1 0 -1 0 0 3010.DAT
0 STEP
1 86 160.0 -144 80.0 -1 0 0 0 1 0 0 0 -1 3001.DAT
0 STEP
1 86 130.0 -72 90.0 0 0 1 0 1 0 -1 0 0 3005.DAT
0 STEP
1 86 160.0 -144 110.0 -1 0 0 0 1 0 0 0 -1 3010.DAT
0 STEP
1 86 140.0 -144 160.0 0 0 1 0 1 0 -1 0 0 3001.DAT
0 STEP
1 86 160.0 0 150.0 -1 0 0 0 1 0 0 0 -1 3010.DAT
0 STEP
1 86 160.0 0 200.0 -1 0 0 0 1 0 0 0 -1 3001.DAT
0 STEP
1 86 160.0 -48 190.0 -1 0 0 0 1 0 0 0 -1 3010.DAT
0 STEP
1 86 130.0 -48 280.0 0 0 1 0 1 0 -1 0 0 3008.DAT
0 STEP
1 86 140.0 -144 210.0 -1 0 0 0 1 0 0 0 -1 3004.DAT
0 STEP
1 86 160.0 0 230.0 -1 0 0 0 1 0 0 0 -1 3010.DAT
0 STEP
1 86 140.0 -144 260.0 0 0 1 0 1 0 -1 0 0 3001.DAT
0 STEP
1 86 150.0 0 260.0 -1 0 0 0 1 0 0 0 -1 3002.DAT
0 STEP
1 86 130.0 -120 250.0 0 0 1 0 1 0 -1 0 0 3005.DAT
0 STEP
1 86 160.0 -120 270.0 -1 0 0 0 1 0 0 0 -1 3010.DAT
0 STEP
1 86 130.0 -120 320.0 0 0 1 0 1 0 -1 0 0 3010.DAT
0 STEP
1 86 160.0 0 340.0 -1 0 0 0 1 0 0 0 -1 3001.DAT
0 STEP
1 86 180.0 -144 350.0 -1 0 0 0 1 0 0 0 -1 3009.DAT
0 STEP
1 86 160.0 0 380.0 -1 0 0 0 1 0 0 0 -1 3001.DAT
0 STEP
1 86 200.0 -48 370.0 -1 0 0 0 1 0 0 0 -1 3008.DAT
0 STEP
1 86 130.0 -144 370.0 0 0 1 0 1 0 -1 0 0 3005.DAT
0 STEP
1 86 180.0 -48 400.0 -1 0 0 0 1 0 0 0 -1 2456.DAT
0 STEP
1 86 160.0 -144 390.0 -1 0 0 0 1 0 0 0 -1 3010.DAT
0 STEP
1 86 150.0 -168 400.0 -1 0 0 0 1 0 0 0 -1 3002.DAT
0 STEP
1 86 150.0 -216 390.0 -1 0 0 0 1 0 0 0 -1 3622.DAT
0 STEP
1 86 150.0 -360 390.0 -1 0 0 0 1 0 0 0 -1 3622.DAT
0 STEP
1 86 130.0 0 480.0 0 0 1 0 1 0 -1 0 0 3008.DAT
0 STEP
1 86 130.0 -144 410.0 0 0 1 0 1 0 -1 0 0 3005.DAT
0 STEP
1 86 160.0 -312 410.0 -1 0 0 0 1 0 0 0 -1 3010.DAT
0 STEP
1 86 140.0 -384 440.0 0 0 1 0 1 0 -1 0 0 3001.DAT
0 STEP
1 86 140.0 -48 430.0 -1 0 0 0 1 0 0 0 -1 3004.DAT
0 STEP
1 86 130.0 -120 500.0 0 0 1 0 1 0 -1 0 0 3008.DAT
0 STEP
1 86 140.0 -48 480.0 0 0 1 0 1 0 -1 0 0 3001.DAT
0 STEP
1 86 150.0 -144 470.0 -1 0 0 0 1 0 0 0 -1 3622.DAT
0 STEP
1 86 130.0 -384 510.0 0 0 1 0 1 0 -1 0 0 3622.DAT
0 STEP
1 86 160.0 -408 490.0 -1 0 0 0 1 0 0 0 -1 3010.DAT
0 STEP
1 86 140.0 -408 540.0 0 0 1 0 1 0 -1 0 0 3001.DAT
0 STEP
1 86 160.0 -48 530.0 -1 0 0 0 1 0 0 0 -1 3010.DAT
0 STEP
1 86 180.0 -48 550.0 -1 0 0 0 1 0 0 0 -1 3009.DAT
0 STEP
1 86 140.0 -384 580.0 0 0 1 0 1 0 -1 0 0 3001.DAT
0 STEP
1 86 130.0 0 640.0 0 0 1 0 1 0 -1 0 0 3008.DAT
0 STEP
1 86 160.0 -24 590.0 -1 0 0 0 1 0 0 0 -1 3010.DAT
0 STEP
1 86 140.0 -408 590.0 -1 0 0 0 1 0 0 0 -1 3004.DAT
0 STEP
1 86 130.0 -120 610.0 0 0 1 0 1 0 -1 0 0 3005.DAT
0 STEP
1 86 140.0 -408 640.0 0 0 1 0 1 0 -1 0 0 3001.DAT
0 STEP
1 86 130.0 -48 680.0 0 0 1 0 1 0 -1 0 0 3009.DAT
0 STEP
1 86 130.0 -120 660.0 0 0 1 0 1 0 -1 0 0 3010.DAT
0 STEP
1 86 160.0 -384 630.0 -1 0 0 0 1 0 0 0 -1 3010.DAT
0 STEP
1 86 140.0 -384 680.0 0 0 1 0 1 0 -1 0 0 3001.DAT
0 STEP
1 86 150.0 -144 700.0 -1 0 0 0 1 0 0 0 -1 3002.DAT
0 STEP
1 86 160.0 -408 690.0 -1 0 0 0 1 0 0 0 -1 3010.DAT
0 STEP
1 86 140.0 -120 730.0 0 0 1 0 1 0 -1 0 0 3002.DAT
0 STEP
1 86 130.0 0 730.0 0 0 1 0 1 0 -1 0 0 3005.DAT
0 STEP
1 86 130.0 -24 730.0 0 0 1 0 1 0 -1 0 0 3005.DAT
0 STEP
1 86 140.0 -384 730.0 -1 0 0 0 1 0 0 0 -1 3004.DAT
0 STEP
1 86 140.0 -24 760.0 0 0 1 0 1 0 -1 0 0 3003.DAT
0 STEP
1 86 150.0 -384 750.0 -1 0 0 0 1 0 0 0 -1 3622.DAT
0 STEP
1 86 150.0 -120 770.0 -1 0 0 0 1 0 0 0 -1 3622.DAT
0 STEP
1 86 130.0 -384 770.0 0 0 1 0 1 0 -1 0 0 3005.DAT
0 STEP
1 86 130.0 0 820.0 0 0 1 0 1 0 -1 0 0 3010.DAT
0 STEP
1 86 180.0 -24 790.0 -1 0 0 0 1 0 0 0 -1 3009.DAT
0 STEP
1 86 160.0 -120 800.0 -1 0 0 0 1 0 0 0 -1 3001.DAT
0 STEP
1 86 130.0 -24 830.0 0 0 1 0 1 0 -1 0 0 3005.DAT
0 STEP
1 86 200.0 -120 840.0 -1 0 0 0 1 0 0 0 -1 3007.DAT
0 STEP
1 86 140.0 -24 870.0 0 0 1 0 1 0 -1 0 0 3002.DAT
0 STEP
1 86 150.0 -384 850.0 -1 0 0 0 1 0 0 0 -1 3622.DAT
0 STEP
1 86 130.0 -408 900.0 0 0 1 0 1 0 -1 0 0 3009.DAT
0 STEP
1 86 130.0 0 870.0 0 0 1 0 1 0 -1 0 0 3005.DAT
0 STEP
1 86 140.0 -48 870.0 -1 0 0 0 1 0 0 0 -1 3004.DAT
0 STEP
1 86 130.0 -120 870.0 0 0 1 0 1 0 -1 0 0 3005.DAT
0 STEP
1 86 130.0 -144 870.0 0 0 1 0 1 0 -1 0 0 3005.DAT
0 STEP
1 86 180.0 -384 870.0 -1 0 0 0 1 0 0 0 -1 3009.DAT
0 STEP
1 86 160.0 0 890.0 -1 0 0 0 1 0 0 0 -1 3010.DAT
0 STEP
1 86 140.0 -48 940.0 0 0 1 0 1 0 -1 0 0 2456.DAT
0 STEP
1 86 160.0 -144 900.0 -1 0 0 0 1 0 0 0 -1 3001.DAT
0 STEP
1 86 160.0 0 920.0 -1 0 0 0 1 0 0 0 -1 3001.DAT
0 STEP
1 86 160.0 -144 940.0 -1 0 0 0 1 0 0 0 -1 3001.DAT
0 STEP
1 86 160.0 -384 930.0 -1 0 0 0 1 0 0 0 -1 3010.DAT
0 STEP
1 86 160.0 -24 950.0 -1 0 0 0 1 0 0 0 -1 3010.DAT
0 STEP
1 86 130.0 -384 1000.0 0 0 1 0 1 0 -1 0 0 3009.DAT
0 STEP
1 86 150.0 -24 970.0 -1 0 0 0 1 0 0 0 -1 3622.DAT
0 STEP
1 86 200.0 -144 970.0 -1 0 0 0 1 0 0 0 -1 3008.DAT
0 STEP
1 86 140.0 -408 970.0 -1 0 0 0 1 0 0 0 -1 3004.DAT
0 STEP
1 86 140.0 0 990.0 -1 0 0 0 1 0 0 0 -1 3004.DAT
0 STEP
1 86 130.0 0 1010.0 0 0 1 0 1 0 -1 0 0 3005.DAT
0 STEP
1 86 130.0 -48 1040.0 0 0 1 0 1 0 -1 0 0 3010.DAT
0 STEP
1 86 130.0 0 1060.0 0 0 1 0 1 0 -1 0 0 3010.DAT
0 STEP
1 86 130.0 -24 1090.0 0 0 1 0 1 0 -1 0 0 3622.DAT
0 STEP
1 86 130.0 -384 1070.0 0 0 1 0 1 0 -1 0 0 3005.DAT
0 STEP
1 86 160.0 -408 1070.0 -1 0 0 0 1 0 0 0 -1 3010.DAT
0 STEP
1 86 180.0 -384 1090.0 -1 0 0 0 1 0 0 0 -1 3009.DAT
0 STEP
1 86 140.0 -408 1120.0 0 0 1 0 1 0 -1 0 0 3001.DAT
0 STEP
1 86 130.0 -384 1110.0 0 0 1 0 1 0 -1 0 0 3005.DAT
0 STEP
1 86 140.0 -24 1130.0 -1 0 0 0 1 0 0 0 -1 3004.DAT
0 STEP
1 86 180.0 -384 1130.0 -1 0 0 0 1 0 0 0 -1 3009.DAT
0 STEP
1 86 140.0 -24 1180.0 0 0 1 0 1 0 -1 0 0 3001.DAT
0 STEP
1 86 130.0 -384 1170.0 0 0 1 0 1 0 -1 0 0 3622.DAT
0 STEP
1 86 180.0 -120 1170.0 -1 0 0 0 1 0 0 0 -1 3009.DAT
0 STEP
1 86 140.0 -408 1190.0 0 0 1 0 1 0 -1 0 0 3002.DAT
0 STEP
1 86 130.0 -120 1220.0 0 0 1 0 1 0 -1 0 0 3010.DAT
0 STEP
1 86 130.0 0 1230.0 0 0 1 0 1 0 -1 0 0 3622.DAT
0 STEP
1 86 130.0 -48 1260.0 0 0 1 0 1 0 -1 0 0 3009.DAT
0 STEP
1 86 160.0 -144 1220.0 -1 0 0 0 1 0 0 0 -1 3001.DAT
0 STEP
1 86 150.0 -384 1210.0 -1 0 0 0 1 0 0 0 -1 3622.DAT
0 STEP
1 86 130.0 -384 1230.0 0 0 1 0 1 0 -1 0 0 3005.DAT
0 STEP
1 86 140.0 -408 1250.0 -1 0 0 0 1 0 0 0 -1 3004.DAT
0 STEP
1 86 130.0 -120 1270.0 0 0 1 0 1 0 -1 0 0 3005.DAT
0 STEP
1 86 180.0 -144 1270.0 -1 0 0 0 1 0 0 0 -1 3009.DAT
0 STEP
1 86 130.0 -408 1300.0 0 0 1 0 1 0 -1 0 0 3010.DAT
0 STEP
1 86 130.0 0 1310.0 0 0 1 0 1 0 -1 0 0 3622.DAT
0 STEP
1 86 130.0 -144 1360.0 0 0 1 0 1 0 -1 0 0 3008.DAT
0 STEP
1 86 180.0 -384 1290.0 -1 0 0 0 1 0 0 0 -1 3009.DAT
0 STEP
1 86 160.0 -384 1310.0 -1 0 0 0 1 0 0 0 -1 3010.DAT
0 STEP
1 86 130.0 -384 1360.0 0 0 1 0 1 0 -1 0 0 3010.DAT
0 STEP
1 86 160.0 -24 1420.0 -1 0 0 0 1 0 0 0 -1 3001.DAT
0 STEP
1 86 160.0 -384 1410.0 -1 0 0 0 1 0 0 0 -1 3010.DAT
0 STEP
1 86 130.0 -384 1450.0 0 0 1 0 1 0 -1 0 0 3622.DAT
0 STEP
1 86 130.0 0 1450.0 0 0 1 0 1 0 -1 0 0 3005.DAT
0 STEP
1 86 140.0 -144 1450.0 -1 0 0 0 1 0 0 0 -1 3004.DAT
0 STEP
1 86 160.0 0 1470.0 -1 0 0 0 1 0 0 0 -1 3010.DAT
0 STEP
1 86 130.0 -24 1500.0 0 0 1 0 1 0 -1 0 0 3010.DAT
0 STEP
1 86 160.0 -144 1470.0 -1 0 0 0 1 0 0 0 -1 3010.DAT
0 STEP
1 86 130.0 0 1490.0 0 0 1 0 1 0 -1 0 0 3005.DAT
0 STEP
1 86 130.0 -144 1510.0 0 0 1 0 1 0 -1 0 0 3622.DAT
0 STEP
1 86 160.0 0 1510.0 -1 0 0 0 1 0 0 0 -1 3010.DAT
0 STEP
1 86 160.0 -120 1510.0 -1 0 0 0 1 0 0 0 -1 3010.DAT
0 STEP
1 86 140.0 -384 1540.0 0 0 1 0 1 0 -1 0 0 3001.DAT
0 STEP
1 86 130.0 -48 1550.0 0 0 1 0 1 0 -1 0 0 3622.DAT
0 STEP
1 86 140.0 -120 1580.0 0 0 1 0 1 0 -1 0 0 3001.DAT
0 STEP
1 86 160.0 0 1570.0 -1 0 0 0 1 0 0 0 -1 3010.DAT
0 STEP
1 86 180.0 0 1590.0 -1 0 0 0 1 0 0 0 -1 3009.DAT
0 STEP
1 86 160.0 -48 1590.0 -1 0 0 0 1 0 0 0 -1 3010.DAT
0 STEP
1 86 150.0 -144 1590.0 -1 0 0 0 1 0 0 0 -1 3622.DAT
0 STEP
1 86 140.0 0 1640.0 0 0 1 0 1 0 -1 0 0 3001.DAT
0 STEP
1 86 160.0 -48 1620.0 -1 0 0 0 1 0 0 0 -1 3001.DAT
0 STEP
1 86 130.0 -144 1610.0 0 0 1 0 1 0 -1 0 0 3005.DAT
0 STEP
1 86 150.0 -384 1610.0 -1 0 0 0 1 0 0 0 -1 3622.DAT
0 STEP
1 86 150.0 -120 1630.0 -1 0 0 0 1 0 0 0 -1 3622.DAT
0 STEP
1 86 130.0 -144 1660.0 0 0 1 0 1 0 -1 0 0 3010.DAT
0 STEP
1 86 130.0 -384 1680.0 0 0 1 0 1 0 -1 0 0 3009.DAT
0 STEP
1 86 200.0 -24 1650.0 -1 0 0 0 1 0 0 0 -1 3008.DAT
0 STEP
1 86 130.0 -48 1660.0 0 0 1 0 1 0 -1 0 0 3004.DAT
0 STEP
1 86 180.0 -120 1650.0 -1 0 0 0 1 0 0 0 -1 3009.DAT
0 STEP
1 86 130.0 -120 1670.0 0 0 1 0 1 0 -1 0 0 3005.DAT
0 STEP
1 86 130.0 -120 1760.0 0 0 1 0 1 0 -1 0 0 3008.DAT
0 STEP
1 86 150.0 -384 1750.0 -1 0 0 0 1 0 0 0 -1 3622.DAT
0 STEP
1 86 160.0 -48 1790.0 -1 0 0 0 1 0 0 0 -1 3010.DAT
0 STEP
1 86 140.0 0 1840.0 0 0 1 0 1 0 -1 0 0 3001.DAT
0 STEP
1 86 130.0 -48 1840.0 0 0 1 0 1 0 -1 0 0 3010.DAT
0 STEP
1 86 180.0 -144 1820.0 -1 0 0 0 1 0 0 0 -1 2456.DAT
0 STEP
1 86 140.0 -384 1840.0 0 0 1 0 1 0 -1 0 0 3001.DAT
0 STEP
1 86 130.0 -24 1840.0 0 0 1 0 1 0 -1 0 0 3004.DAT
0 STEP
1 86 200.0 -408 1830.0 -1 0 0 0 1 0 0 0 -1 3008.DAT
0 STEP
1 86 130.0 -120 1920.0 0 0 1 0 1 0 -1 0 0 3008.DAT
0 STEP
1 86 160.0 -408 1850.0 -1 0 0 0 1 0 0 0 -1 3010.DAT
0 STEP
1 86 130.0 -24 1940.0 0 0 1 0 1 0 -1 0 0 3008.DAT
0 STEP
1 86 130.0 0 1890.0 0 0 1 0 1 0 -1 0 0 3005.DAT
0 STEP
1 86 130.0 -408 1890.0 0 0 1 0 1 0 -1 0 0 3005.DAT
0 STEP
1 86 130.0 -408 1960.0 0 0 1 0 1 0 -1 0 0 3009.DAT
0 STEP
1 86 130.0 -144 1930.0 0 0 1 0 1 0 -1 0 0 3005.DAT
0 STEP
1 86 150.0 -384 1940.0 -1 0 0 0 1 0 0 0 -1 3002.DAT
0 STEP
1 86 130.0 -144 1980.0 0 0 1 0 1 0 -1 0 0 3010.DAT
0 STEP
1 86 150.0 -384 1970.0 -1 0 0 0 1 0 0 0 -1 3622.DAT
0 STEP
1 86 140.0 -384 2010.0 0 0 1 0 1 0 -1 0 0 3002.DAT
0 STEP
1 86 150.0 0 2010.0 -1 0 0 0 1 0 0 0 -1 3622.DAT
0 STEP
1 86 130.0 -48 2030.0 0 0 1 0 1 0 -1 0 0 3622.DAT
0 STEP
1 86 130.0 -120 2080.0 0 0 1 0 1 0 -1 0 0 3008.DAT
0 STEP
1 86 130.0 0 2060.0 0 0 1 0 1 0 -1 0 0 3010.DAT
0 STEP
1 86 160.0 -24 2070.0 -1 0 0 0 1 0 0 0 -1 3010.DAT
0 STEP
1 86 130.0 -48 2140.0 0 0 1 0 1 0 -1 0 0 3008.DAT
0 STEP
1 86 160.0 -408 2070.0 -1 0 0 0 1 0 0 0 -1 3010.DAT
0 STEP
1 86 130.0 -384 2140.0 0 0 1 0 1 0 -1 0 0 3009.DAT
0 STEP
1 86 160.0 -408 2100.0 -1 0 0 0 1 0 0 0 -1 3001.DAT
0 STEP
1 86 160.0 0 2110.0 -1 0 0 0 1 0 0 0 -1 3010.DAT
0 STEP
1 86 160.0 -144 2110.0 -1 0 0 0 1 0 0 0 -1 3010.DAT
0 STEP
1 86 140.0 0 2160.0 0 0 1 0 1 0 -1 0 0 3001.DAT
0 STEP
1 86 130.0 -24 2130.0 0 0 1 0 1 0 -1 0 0 3005.DAT
0 STEP
1 86 130.0 -408 2130.0 0 0 1 0 1 0 -1 0 0 3005.DAT
0 STEP
1 86 160.0 -24 2150.0 -1 0 0 0 1 0 0 0 -1 3010.DAT
0 STEP
1 86 150.0 -144 2160.0 -1 0 0 0 1 0 0 0 -1 3002.DAT
0 STEP
1 86 160.0 -408 2160.0 -1 0 0 0 1 0 0 0 -1 3001.DAT
0 STEP
1 86 140.0 -24 2200.0 0 0 1 0 1 0 -1 0 0 3001.DAT
0 STEP
1 86 160.0 -120 2170.0 -1 0 0 0 1 0 0 0 -1 3010.DAT
0 STEP
1 86 140.0 -120 2220.0 0 0 1 0 1 0 -1 0 0 3001.DAT
0 STEP
1 86 130.0 -168 2200.0 0 0 1 0 1 0 -1 0 0 3004.DAT
0 STEP
1 86 130.0 -240 2200.0 0 0 1 0 1 0 -1 0 0 3004.DAT
0 STEP
1 86 130.0 -408 2200.0 0 0 1 0 1 0 -1 0 0 3004.DAT
0 STEP
1 86 130.0 -216 2210.0 0 0 1 0 1 0 -1 0 0 3005.DAT
0 STEP
1 86 180.0 -360 2210.0 -1 0 0 0 1 0 0 0 -1 3009.DAT
0 STEP
1 86 130.0 -48 2280.0 0 0 1 0 1 0 -1 0 0 3009.DAT
0 STEP
1 86 130.0 0 2270.0 0 0 1 0 1 0 -1 0 0 3005.DAT
0 STEP
1 86 160.0 -120 2270.0 -1 0 0 0 1 0 0 0 -1 3010.DAT
0 STEP
1 86 160.0 0 2290.0 -1 0 0 0 1 0 0 0 -1 3010.DAT
0 STEP
1 86 130.0 -120 2310.0 0 0 1 0 1 0 -1 0 0 3622.DAT
0 STEP
1 86 140.0 0 2340.0 0 0 1 0 1 0 -1 0 0 3001.DAT
0 STEP
1 86 160.0 -24 2330.0 -1 0 0 0 1 0 0 0 -1 3010.DAT
0 STEP
1 86 130.0 -48 2350.0 0 0 1 0 1 0 -1 0 0 3005.DAT
0 STEP
1 86 130.0 -144 2350.0 0 0 1 0 1 0 -1 0 0 3005.DAT
0 STEP
1 86 150.0 -48 2370.0 -1 0 0 0 1 0 0 0 -1 3622.DAT
0 STEP
1 86 140.0 -144 2370.0 -1 0 0 0 1 0 0 0 -1 3004.DAT
0 STEP
1 86 180.0 0 2390.0 -1 0 0 0 1 0 0 0 -1 3009.DAT
0 STEP
1 86 130.0 0 2410.0 0 0 1 0 1 0 -1 0 0 3005.DAT
0 STEP
1 86 130.0 -48 2430.0 0 0 1 0 1 0 -1 0 0 3622.DAT
0 STEP
1 86 130.0 -72 2460.0 0 0 1 0 1 0 -1 0 0 3010.DAT
0 STEP
1 86 130.0 -24 2470.0 0 0 1 0 1 0 -1 0 0 3622.DAT
0 STEP
1 86 140.0 -48 2480.0 0 0 1 0 1 0 -1 0 0 3003.DAT
0 STEP
1 86 130.0 -168 2490.0 0 0 1 0 1 0 -1 0 0 3622.DAT
0 STEP
1 86 130.0 -192 2470.0 0 0 1 0 1 0 -1 0 0 3005.DAT
0 STEP
1 86 130.0 -240 2490.0 0 0 1 0 1 0 -1 0 0 3622.DAT
0 STEP
1 86 130.0 0 2490.0 0 0 1 0 1 0 -1 0 0 3005.DAT
0 STEP
1 86 150.0 -96 2490.0 -1 0 0 0 1 0 0 0 -1 3622.DAT
0 STEP
1 86 180.0 -120 2490.0 -1 0 0 0 1 0 0 0 -1 3009.DAT
0 STEP
1 86 140.0 -192 2500.0 0 0 1 0 1 0 -1 0 0 3003.DAT
0 STEP
1 86 130.0 -144 2510.0 0 0 1 0 1 0 -1 0 0 3005.DAT
0 STEP
1 86 180.0 -216 2510.0 -1 0 0 0 1 0 0 0 -1 3009.DAT
0 STEP
1 86 180.0 -144 20.0 -1 0 0 0 1 0 0 0 -1 3001.DAT
0 STEP
1 86 160.0 -168 10.0 -1 0 0 0 1 0 0 0 -1 3004.DAT
0 STEP
1 86 150.0 -192 30.0 0 0 1 0 1 0 -1 0 0 3622.DAT
0 STEP
1 86 180.0 -216 10.0 -1 0 0 0 1 0 0 0 -1 3010.DAT
0 STEP
1 86 150.0 -240 30.0 0 0 1 0 1 0 -1 0 0 3622.DAT
0 STEP
1 86 160.0 0 60.0 0 0 1 0 1 0 -1 0 0 3001.DAT
0 STEP
1 86 180.0 -24 30.0 -1 0 0 0 1 0 0 0 -1 3010.DAT
0 STEP
1 86 160.0 -48 60.0 0 0 1 0 1 0 -1 0 0 3001.DAT
0 STEP
1 86 180.0 -72 30.0 -1 0 0 0 1 0 0 0 -1 3010.DAT
0 STEP
1 86 160.0 -96 120.0 0 0 1 0 1 0 -1 0 0 3006.DAT
0 STEP
1 86 160.0 -120 60.0 0 0 1 0 1 0 -1 0 0 3001.DAT
0 STEP
1 86 180.0 -144 50.0 -1 0 0 0 1 0 0 0 -1 3010.DAT
0 STEP
1 86 150.0 0 120.0 0 0 1 0 1 0 -1 0 0 3004.DAT
0 STEP
1 86 180.0 -48 120.0 -1 0 0 0 1 0 0 0 -1 3001.DAT
0 STEP
1 86 170.0 -120 110.0 -1 0 0 0 1 0 0 0 -1 3622.DAT
0 STEP
1 86 150.0 -24 160.0 0 0 1 0 1 0 -1 0 0 3010.DAT
0 STEP
1 86 180.0 -48 150.0 -1 0 0 0 1 0 0 0 -1 3010.DAT
0 STEP
1 86 150.0 -48 170.0 0 0 1 0 1 0 -1 0 0 3005.DAT
0 STEP
1 86 180.0 -48 210.0 -1 0 0 0 1 0 0 0 -1 3010.DAT
0 STEP
1 86 150.0 -24 260.0 0 0 1 0 1 0 -1 0 0 3010.DAT
0 STEP
1 86 170.0 -48 230.0 -1 0 0 0 1 0 0 0 -1 3622.DAT
0 STEP
1 86 150.0 -96 280.0 0 0 1 0 1 0 -1 0 0 3009.DAT
0 STEP
1 86 170.0 -48 260.0 -1 0 0 0 1 0 0 0 -1 3002.DAT
0 STEP
1 86 200.0 -120 250.0 -1 0 0 0 1 0 0 0 -1 3009.DAT
0 STEP
1 86 170.0 -48 290.0 -1 0 0 0 1 0 0 0 -1 3622.DAT
0 STEP
1 86 150.0 -120 290.0 0 0 1 0 1 0 -1 0 0 3005.DAT
0 STEP
1 86 150.0 -24 380.0 0 0 1 0 1 0 -1 0 0 3008.DAT
0 STEP
1 86 180.0 -48 320.0 -1 0 0 0 1 0 0 0 -1 3001.DAT
0 STEP
1 86 150.0 -120 380.0 0 0 1 0 1 0 -1 0 0 3008.DAT
0 STEP
1 86 180.0 -48 350.0 -1 0 0 0 1 0 0 0 -1 3010.DAT
0 STEP
1 86 180.0 -144 370.0 -1 0 0 0 1 0 0 0 -1 3010.DAT
0 STEP
1 86 200.0 0 410.0 -1 0 0 0 1 0 0 0 -1 3009.DAT
0 STEP
1 86 180.0 -144 410.0 -1 0 0 0 1 0 0 0 -1 3010.DAT
0 STEP
1 86 150.0 -360 410.0 0 0 1 0 1 0 -1 0 0 3005.DAT
0 STEP
1 86 150.0 0 460.0 0 0 1 0 1 0 -1 0 0 3010.DAT
0 STEP
1 86 150.0 -96 450.0 0 0 1 0 1 0 -1 0 0 3005.DAT
0 STEP
1 86 180.0 -96 480.0 -1 0 0 0 1 0 0 0 -1 3001.DAT
0 STEP
1 86 150.0 -120 470.0 0 0 1 0 1 0 -1 0 0 3005.DAT
0 STEP
1 86 150.0 -120 520.0 0 0 1 0 1 0 -1 0 0 3010.DAT
0 STEP
1 86 160.0 -384 510.0 0 0 1 0 1 0 -1 0 0 3002.DAT
0 STEP
1 86 170.0 0 510.0 -1 0 0 0 1 0 0 0 -1 3622.DAT
0 STEP
1 86 180.0 -96 510.0 -1 0 0 0 1 0 0 0 -1 3010.DAT
0 STEP
1 86 150.0 0 560.0 0 0 1 0 1 0 -1 0 0 3010.DAT
0 STEP
1 86 150.0 -96 550.0 0 0 1 0 1 0 -1 0 0 3622.DAT
0 STEP
1 86 180.0 -120 570.0 -1 0 0 0 1 0 0 0 -1 3010.DAT
0 STEP
1 86 170.0 -144 580.0 -1 0 0 0 1 0 0 0 -1 3002.DAT
0 STEP
1 86 180.0 -96 600.0 -1 0 0 0 1 0 0 0 -1 3001.DAT
0 STEP
1 86 150.0 0 610.0 0 0 1 0 1 0 -1 0 0 3005.DAT
0 STEP
1 86 150.0 -120 640.0 0 0 1 0 1 0 -1 0 0 3010.DAT
0 STEP
1 86 170.0 -144 620.0 -1 0 0 0 1 0 0 0 -1 3002.DAT
0 STEP
1 86 150.0 0 680.0 0 0 1 0 1 0 -1 0 0 3009.DAT
0 STEP
1 86 160.0 -48 680.0 0 0 1 0 1 0 -1 0 0 2456.DAT
0 STEP
1 86 150.0 -96 630.0 0 0 1 0 1 0 -1 0 0 3005.DAT
0 STEP
1 86 150.0 -96 700.0 0 0 1 0 1 0 -1 0 0 3010.DAT
0 STEP
1 86 180.0 -120 690.0 -1 0 0 0 1 0 0 0 -1 3010.DAT
0 STEP
1 86 220.0 -24 730.0 -1 0 0 0 1 0 0 0 -1 3008.DAT
0 STEP
1 86 180.0 -96 750.0 -1 0 0 0 1 0 0 0 -1 3010.DAT
0 STEP
1 86 150.0 -408 820.0 0 0 1 0 1 0 -1 0 0 3008.DAT
0 STEP
1 86 160.0 0 800.0 0 0 1 0 1 0 -1 0 0 3001.DAT
0 STEP
1 86 150.0 -48 770.0 0 0 1 0 1 0 -1 0 0 3005.DAT
0 STEP
1 86 150.0 -96 770.0 0 0 1 0 1 0 -1 0 0 3005.DAT
0 STEP
1 86 150.0 -144 820.0 0 0 1 0 1 0 -1 0 0 3009.DAT
0 STEP
1 86 180.0 -384 770.0 -1 0 0 0 1 0 0 0 -1 3010.DAT
0 STEP
1 86 150.0 -48 820.0 0 0 1 0 1 0 -1 0 0 3010.DAT
0 STEP
1 86 150.0 -96 820.0 0 0 1 0 1 0 -1 0 0 3010.DAT
0 STEP
1 86 180.0 -24 830.0 -1 0 0 0 1 0 0 0 -1 3010.DAT
0 STEP
1 86 170.0 0 860.0 -1 0 0 0 1 0 0 0 -1 3002.DAT
0 STEP
1 86 150.0 -120 940.0 0 0 1 0 1 0 -1 0 0 3008.DAT
0 STEP
1 86 150.0 -408 930.0 0 0 1 0 1 0 -1 0 0 3622.DAT
0 STEP
1 86 150.0 -24 930.0 0 0 1 0 1 0 -1 0 0 3005.DAT
0 STEP
1 86 150.0 0 950.0 0 0 1 0 1 0 -1 0 0 3005.DAT
0 STEP
1 86 160.0 -384 950.0 -1 0 0 0 1 0 0 0 -1 3004.DAT
0 STEP
1 86 150.0 -384 1020.0 0 0 1 0 1 0 -1 0 0 3009.DAT
0 STEP
1 86 150.0 0 1080.0 0 0 1 0 1 0 -1 0 0 3008.DAT
0 STEP
1 86 150.0 -48 1010.0 0 0 1 0 1 0 -1 0 0 3005.DAT
0 STEP
1 86 150.0 -96 1040.0 0 0 1 0 1 0 -1 0 0 3010.DAT
0 STEP
1 86 150.0 -48 1060.0 0 0 1 0 1 0 -1 0 0 3010.DAT
0 STEP
1 86 170.0 -120 1030.0 -1 0 0 0 1 0 0 0 -1 3622.DAT
0 STEP
1 86 150.0 -120 1050.0 0 0 1 0 1 0 -1 0 0 3005.DAT
0 STEP
1 86 160.0 -24 1070.0 -1 0 0 0 1 0 0 0 -1 3004.DAT
0 STEP
1 86 150.0 -120 1100.0 0 0 1 0 1 0 -1 0 0 3010.DAT
0 STEP
1 86 150.0 -24 1090.0 0 0 1 0 1 0 -1 0 0 3005.DAT
0 STEP
1 86 180.0 -96 1090.0 -1 0 0 0 1 0 0 0 -1 3010.DAT
0 STEP
1 86 180.0 -144 1090.0 -1 0 0 0 1 0 0 0 -1 3010.DAT
0 STEP
1 86 200.0 -24 1110.0 -1 0 0 0 1 0 0 0 -1 3009.DAT
0 STEP
1 86 170.0 -96 1110.0 -1 0 0 0 1 0 0 0 -1 3622.DAT
0 STEP
1 86 150.0 -144 1130.0 0 0 1 0 1 0 -1 0 0 3622.DAT
0 STEP
1 86 200.0 -384 1110.0 -1 0 0 0 1 0 0 0 -1 3009.DAT
0 STEP
1 86 160.0 -96 1180.0 0 0 1 0 1 0 -1 0 0 2456.DAT
0 STEP
1 86 200.0 -384 1150.0 -1 0 0 0 1 0 0 0 -1 3009.DAT
0 STEP
1 86 240.0 -384 1180.0 -1 0 0 0 1 0 0 0 -1 3006.DAT
0 STEP
1 86 150.0 -120 1190.0 0 0 1 0 1 0 -1 0 0 3005.DAT
0 STEP
1 86 150.0 0 1280.0 0 0 1 0 1 0 -1 0 0 3008.DAT
0 STEP
1 86 170.0 -48 1210.0 -1 0 0 0 1 0 0 0 -1 3622.DAT
0 STEP
1 86 150.0 -120 1240.0 0 0 1 0 1 0 -1 0 0 3010.DAT
0 STEP
1 86 150.0 -48 1240.0 0 0 1 0 1 0 -1 0 0 3004.DAT
0 STEP
1 86 200.0 -384 1230.0 -1 0 0 0 1 0 0 0 -1 3009.DAT
0 STEP
1 86 150.0 -96 1250.0 0 0 1 0 1 0 -1 0 0 3005.DAT
0 STEP
1 86 180.0 -48 1270.0 -1 0 0 0 1 0 0 0 -1 3010.DAT
0 STEP
1 86 180.0 -96 1270.0 -1 0 0 0 1 0 0 0 -1 3010.DAT
0 STEP
1 86 160.0 -408 1300.0 0 0 1 0 1 0 -1 0 0 3001.DAT
0 STEP
1 86 150.0 -48 1300.0 0 0 1 0 1 0 -1 0 0 3004.DAT
0 STEP
1 86 180.0 -96 1300.0 -1 0 0 0 1 0 0 0 -1 3001.DAT
0 STEP
1 86 150.0 -144 1310.0 0 0 1 0 1 0 -1 0 0 3622.DAT
0 STEP
1 86 170.0 -24 1330.0 -1 0 0 0 1 0 0 0 -1 3622.DAT
0 STEP
1 86 150.0 -96 1380.0 0 0 1 0 1 0 -1 0 0 3009.DAT
0 STEP
1 86 240.0 -384 1340.0 -1 0 0 0 1 0 0 0 -1 3006.DAT
0 STEP
1 86 180.0 -24 1360.0 -1 0 0 0 1 0 0 0 -1 3001.DAT
0 STEP
1 86 150.0 -48 1350.0 0 0 1 0 1 0 -1 0 0 3005.DAT
0 STEP
1 86 150.0 -144 1380.0 0 0 1 0 1 0 -1 0 0 3010.DAT
0 STEP
1 86 150.0 0 1370.0 0 0 1 0 1 0 -1 0 0 3005.DAT
0 STEP
1 86 170.0 -384 1380.0 -1 0 0 0 1 0 0 0 -1 3002.DAT
0 STEP
1 86 150.0 0 1420.0 0 0 1 0 1 0 -1 0 0 3010.DAT
0 STEP
1 86 180.0 -24 1390.0 -1 0 0 0 1 0 0 0 -1 3010.DAT
0 STEP
1 86 150.0 -48 1420.0 0 0 1 0 1 0 -1 0 0 3010.DAT
0 STEP
1 86 150.0 -408 1410.0 0 0 1 0 1 0 -1 0 0 3622.DAT
0 STEP
1 86 150.0 -120 1450.0 0 0 1 0 1 0 -1 0 0 3622.DAT
0 STEP
1 86 150.0 -144 1430.0 0 0 1 0 1 0 -1 0 0 3005.DAT
0 STEP
1 86 160.0 -384 1450.0 0 0 1 0 1 0 -1 0 0 3002.DAT
0 STEP
1 86 150.0 -24 1480.0 0 0 1 0 1 0 -1 0 0 3010.DAT
0 STEP
1 86 160.0 -96 1480.0 0 0 1 0 1 0 -1 0 0 3001.DAT
0 STEP
1 86 200.0 -48 1480.0 -1 0 0 0 1 0 0 0 -1 2456.DAT
0 STEP
1 86 150.0 -408 1480.0 0 0 1 0 1 0 -1 0 0 3004.DAT
0 STEP
1 86 200.0 0 1490.0 -1 0 0 0 1 0 0 0 -1 3009.DAT
0 STEP
1 86 180.0 -144 1490.0 -1 0 0 0 1 0 0 0 -1 3010.DAT
0 STEP
1 86 160.0 -144 1520.0 0 0 1 0 1 0 -1 0 0 3003.DAT
0 STEP
1 86 150.0 -24 1530.0 0 0 1 0 1 0 -1 0 0 3005.DAT
0 STEP
1 86 150.0 -48 1540.0 0 0 1 0 1 0 -1 0 0 3004.DAT
0 STEP
1 86 150.0 -96 1540.0 0 0 1 0 1 0 -1 0 0 3004.DAT
0 STEP
1 86 220.0 -408 1550.0 -1 0 0 0 1 0 0 0 -1 3008.DAT
0 STEP
1 86 150.0 -24 1600.0 0 0 1 0 1 0 -1 0 0 3010.DAT
0 STEP
1 86 180.0 -48 1570.0 -1 0 0 0 1 0 0 0 -1 3010.DAT
0 STEP
1 86 150.0 -408 1570.0 0 0 1 0 1 0 -1 0 0 3005.DAT
0 STEP
1 86 160.0 -96 1630.0 0 0 1 0 1 0 -1 0 0 3002.DAT
0 STEP
1 86 160.0 -144 1640.0 0 0 1 0 1 0 -1 0 0 3001.DAT
0 STEP
1 86 150.0 -384 1630.0 0 0 1 0 1 0 -1 0 0 3005.DAT
0 STEP
1 86 160.0 -48 1680.0 0 0 1 0 1 0 -1 0 0 3001.DAT
0 STEP
1 86 240.0 -384 1660.0 -1 0 0 0 1 0 0 0 -1 3006.DAT
0 STEP
1 86 170.0 -96 1680.0 -1 0 0 0 1 0 0 0 -1 3002.DAT
0 STEP
1 86 160.0 -120 1700.0 0 0 1 0 1 0 -1 0 0 3001.DAT
0 STEP
1 86 220.0 -24 1690.0 -1 0 0 0 1 0 0 0 -1 3008.DAT
0 STEP
1 86 160.0 -144 1690.0 -1 0 0 0 1 0 0 0 -1 3004.DAT
0 STEP
1 86 150.0 -384 1690.0 0 0 1 0 1 0 -1 0 0 3005.DAT
0 STEP
1 86 150.0 -24 1780.0 0 0 1 0 1 0 -1 0 0 3008.DAT
0 STEP
1 86 170.0 -96 1710.0 -1 0 0 0 1 0 0 0 -1 3622.DAT
0 STEP
1 86 240.0 -384 1720.0 -1 0 0 0 1 0 0 0 -1 3006.DAT
0 STEP
1 86 150.0 -96 1730.0 0 0 1 0 1 0 -1 0 0 3005.DAT
0 STEP
1 86 150.0 -96 1800.0 0 0 1 0 1 0 -1 0 0 3009.DAT
0 STEP
1 86 200.0 -120 1750.0 -1 0 0 0 1 0 0 0 -1 3009.DAT
0 STEP
1 86 160.0 -120 1800.0 0 0 1 0 1 0 -1 0 0 3001.DAT
0 STEP
1 86 180.0 -48 1810.0 -1 0 0 0 1 0 0 0 -1 3010.DAT
0 STEP
1 86 170.0 -48 1840.0 -1 0 0 0 1 0 0 0 -1 3002.DAT
0 STEP
1 86 150.0 -120 1880.0 0 0 1 0 1 0 -1 0 0 3010.DAT
0 STEP
1 86 150.0 -24 1900.0 0 0 1 0 1 0 -1 0 0 3010.DAT
0 STEP
1 86 170.0 -48 1870.0 -1 0 0 0 1 0 0 0 -1 3622.DAT
0 STEP
1 86 160.0 -96 1870.0 -1 0 0 0 1 0 0 0 -1 3004.DAT
0 STEP
1 86 180.0 0 1890.0 -1 0 0 0 1 0 0 0 -1 3010.DAT
0 STEP
1 86 180.0 -96 1890.0 -1 0 0 0 1 0 0 0 -1 3010.DAT
0 STEP
1 86 180.0 -408 1900.0 -1 0 0 0 1 0 0 0 -1 3001.DAT
0 STEP
1 86 150.0 -96 1940.0 0 0 1 0 1 0 -1 0 0 3010.DAT
0 STEP
1 86 150.0 -120 1930.0 0 0 1 0 1 0 -1 0 0 3005.DAT
0 STEP
1 86 150.0 -144 1950.0 0 0 1 0 1 0 -1 0 0 3622.DAT
0 STEP
1 86 150.0 -408 1960.0 0 0 1 0 1 0 -1 0 0 3010.DAT
0 STEP
1 86 160.0 -24 1980.0 0 0 1 0 1 0 -1 0 0 3001.DAT
0 STEP
1 86 180.0 -120 1950.0 -1 0 0 0 1 0 0 0 -1 3010.DAT
0 STEP
1 86 200.0 -120 1970.0 -1 0 0 0 1 0 0 0 -1 3009.DAT
0 STEP
1 86 180.0 -96 1990.0 -1 0 0 0 1 0 0 0 -1 3010.DAT
0 STEP
1 86 150.0 -120 2060.0 0 0 1 0 1 0 -1 0 0 3008.DAT
0 STEP
1 86 180.0 -144 1990.0 -1 0 0 0 1 0 0 0 -1 3010.DAT
0 STEP
1 86 150.0 -48 2080.0 0 0 1 0 1 0 -1 0 0 3008.DAT
0 STEP
1 86 170.0 -96 2010.0 -1 0 0 0 1 0 0 0 -1 3622.DAT
0 STEP
1 86 170.0 -144 2010.0 -1 0 0 0 1 0 0 0 -1 3622.DAT
0 STEP
1 86 150.0 -408 2010.0 0 0 1 0 1 0 -1 0 0 3005.DAT
0 STEP
1 86 160.0 0 2060.0 0 0 1 0 1 0 -1 0 0 3001.DAT
0 STEP
1 86 170.0 -96 2060.0 -1 0 0 0 1 0 0 0 -1 3002.DAT
0 STEP
1 86 150.0 -384 2100.0 0 0 1 0 1 0 -1 0 0 3004.DAT
0 STEP
1 86 220.0 -24 2130.0 -1 0 0 0 1 0 0 0 -1 3008.DAT
0 STEP
1 86 180.0 -96 2130.0 -1 0 0 0 1 0 0 0 -1 3010.DAT
0 STEP
1 86 160.0 -384 2160.0 0 0 1 0 1 0 -1 0 0 3001.DAT
0 STEP
1 86 180.0 -408 2130.0 -1 0 0 0 1 0 0 0 -1 3010.DAT
0 STEP
1 86 150.0 -96 2150.0 0 0 1 0 1 0 -1 0 0 3005.DAT
0 STEP
1 86 150.0 -120 2150.0 0 0 1 0 1 0 -1 0 0 3005.DAT
0 STEP
1 86 160.0 -48 2170.0 -1 0 0 0 1 0 0 0 -1 3004.DAT
0 STEP
1 86 150.0 -96 2200.0 0 0 1 0 1 0 -1 0 0 3010.DAT
0 STEP
1 86 180.0 -48 2190.0 -1 0 0 0 1 0 0 0 -1 3010.DAT
0 STEP
1 86 150.0 -408 2190.0 0 0 1 0 1 0 -1 0 0 3005.DAT
0 STEP
1 86 160.0 0 2240.0 0 0 1 0 1 0 -1 0 0 3001.DAT
0 STEP
1 86 150.0 -48 2240.0 0 0 1 0 1 0 -1 0 0 3010.DAT
0 STEP
1 86 170.0 -144 2220.0 -1 0 0 0 1 0 0 0 -1 3002.DAT
0 STEP
1 86 180.0 -408 2210.0 -1 0 0 0 1 0 0 0 -1 3010.DAT
0 STEP
1 86 180.0 -96 2250.0 -1 0 0 0 1 0 0 0 -1 3010.DAT
0 STEP
1 86 150.0 -96 2280.0 0 0 1 0 1 0 -1 0 0 3004.DAT
0 STEP
1 86 150.0 -144 2290.0 0 0 1 0 1 0 -1 0 0 3622.DAT
0 STEP
1 86 160.0 -48 2320.0 0 0 1 0 1 0 -1 0 0 3001.DAT
0 STEP
1 86 150.0 -120 2320.0 0 0 1 0 1 0 -1 0 0 3010.DAT
0 STEP
1 86 180.0 -144 2350.0 -1 0 0 0 1 0 0 0 -1 3010.DAT
0 STEP
1 86 160.0 -24 2420.0 0 0 1 0 1 0 -1 0 0 2456.DAT
0 STEP
1 86 150.0 -120 2370.0 0 0 1 0 1 0 -1 0 0 3005.DAT
0 STEP
1 86 180.0 -48 2400.0 -1 0 0 0 1 0 0 0 -1 3001.DAT
0 STEP
1 86 170.0 -120 2390.0 -1 0 0 0 1 0 0 0 -1 3622.DAT
0 STEP
1 86 180.0 0 2410.0 -1 0 0 0 1 0 0 0 -1 3010.DAT
0 STEP
1 86 150.0 -120 2440.0 0 0 1 0 1 0 -1 0 0 3010.DAT
0 STEP
1 86 150.0 0 2460.0 0 0 1 0 1 0 -1 0 0 3010.DAT
0 STEP
1 86 180.0 -48 2430.0 -1 0 0 0 1 0 0 0 -1 3010.DAT
0 STEP
1 86 150.0 -48 2450.0 0 0 1 0 1 0 -1 0 0 3005.DAT
0 STEP
1 86 150.0 -72 2470.0 0 0 1 0 1 0 -1 0 0 3622.DAT
0 STEP
1 86 150.0 -144 2480.0 0 0 1 0 1 0 -1 0 0 3010.DAT
0 STEP
1 86 200.0 -24 2490.0 -1 0 0 0 1 0 0 0 -1 3009.DAT
0 STEP
1 86 150.0 -168 2490.0 0 0 1 0 1 0 -1 0 0 3005.DAT
0 STEP
1 86 150.0 -240 2500.0 0 0 1 0 1 0 -1 0 0 3004.DAT
0 STEP
1 86 200.0 -168 2510.0 -1 0 0 0 1 0 0 0 -1 3009.DAT
0 STEP
1 86 170.0 -192 20.0 0 0 1 0 1 0 -1 0 0 3004.DAT
0 STEP
1 86 200.0 -240 10.0 -1 0 0 0 1 0 0 0 -1 3010.DAT
0 STEP
1 86 170.0 -240 30.0 0 0 1 0 1 0 -1 0 0 3005.DAT
0 STEP
1 86 200.0 -24 50.0 -1 0 0 0 1 0 0 0 -1 3010.DAT
0 STEP
1 86 200.0 0 120.0 -1 0 0 0 1 0 0 0 -1 3001.DAT
0 STEP
1 86 180.0 -24 140.0 0 0 1 0 1 0 -1 0 0 3001.DAT
0 STEP
1 86 180.0 -120 130.0 -1 0 0 0 1 0 0 0 -1 3004.DAT
0 STEP
1 86 180.0 -144 160.0 0 0 1 0 1 0 -1 0 0 3001.DAT
0 STEP
1 86 220.0 -120 150.0 -1 0 0 0 1 0 0 0 -1 3009.DAT
0 STEP
1 86 200.0 -48 170.0 -1 0 0 0 1 0 0 0 -1 3010.DAT
0 STEP
1 86 170.0 -24 260.0 0 0 1 0 1 0 -1 0 0 3008.DAT
0 STEP
1 86 170.0 -144 240.0 0 0 1 0 1 0 -1 0 0 3010.DAT
0 STEP
1 86 170.0 -96 230.0 0 0 1 0 1 0 -1 0 0 3005.DAT
0 STEP
1 86 170.0 -96 280.0 0 0 1 0 1 0 -1 0 0 3010.DAT
0 STEP
1 86 170.0 -120 320.0 0 0 1 0 1 0 -1 0 0 3010.DAT
0 STEP
1 86 200.0 -144 290.0 -1 0 0 0 1 0 0 0 -1 3010.DAT
0 STEP
1 86 170.0 0 310.0 0 0 1 0 1 0 -1 0 0 3005.DAT
0 STEP
1 86 200.0 -96 330.0 -1 0 0 0 1 0 0 0 -1 3010.DAT
0 STEP
1 86 170.0 -24 380.0 0 0 1 0 1 0 -1 0 0 3010.DAT
0 STEP
1 86 170.0 -120 440.0 0 0 1 0 1 0 -1 0 0 3008.DAT
0 STEP
1 86 200.0 -360 410.0 -1 0 0 0 1 0 0 0 -1 3010.DAT
0 STEP
1 86 180.0 -384 440.0 0 0 1 0 1 0 -1 0 0 3001.DAT
0 STEP
1 86 180.0 0 460.0 0 0 1 0 1 0 -1 0 0 3001.DAT
0 STEP
1 86 170.0 -24 430.0 0 0 1 0 1 0 -1 0 0 3005.DAT
0 STEP
1 86 170.0 -48 460.0 0 0 1 0 1 0 -1 0 0 3010.DAT
0 STEP
1 86 190.0 -24 450.0 -1 0 0 0 1 0 0 0 -1 3622.DAT
0 STEP
1 86 200.0 -96 450.0 -1 0 0 0 1 0 0 0 -1 3010.DAT
0 STEP
1 86 170.0 -24 510.0 0 0 1 0 1 0 -1 0 0 3005.DAT
0 STEP
1 86 170.0 -48 510.0 0 0 1 0 1 0 -1 0 0 3005.DAT
0 STEP
1 86 170.0 -144 510.0 0 0 1 0 1 0 -1 0 0 3005.DAT
0 STEP
1 86 190.0 -408 510.0 -1 0 0 0 1 0 0 0 -1 3622.DAT
0 STEP
1 86 220.0 0 530.0 -1 0 0 0 1 0 0 0 -1 3009.DAT
0 STEP
1 86 190.0 -96 530.0 -1 0 0 0 1 0 0 0 -1 3622.DAT
0 STEP
1 86 170.0 -120 540.0 0 0 1 0 1 0 -1 0 0 3004.DAT
0 STEP
1 86 170.0 -408 600.0 0 0 1 0 1 0 -1 0 0 3008.DAT
0 STEP
1 86 170.0 0 620.0 0 0 1 0 1 0 -1 0 0 3008.DAT
0 STEP
1 86 240.0 -96 560.0 -1 0 0 0 1 0 0 0 -1 3007.DAT
0 STEP
1 86 190.0 -384 550.0 -1 0 0 0 1 0 0 0 -1 3622.DAT
0 STEP
1 86 180.0 -384 590.0 0 0 1 0 1 0 -1 0 0 3002.DAT
0 STEP
1 86 170.0 -48 600.0 0 0 1 0 1 0 -1 0 0 3004.DAT
0 STEP
1 86 180.0 -120 640.0 0 0 1 0 1 0 -1 0 0 3001.DAT
0 STEP
1 86 200.0 -96 630.0 -1 0 0 0 1 0 0 0 -1 3010.DAT
0 STEP
1 86 180.0 -384 650.0 -1 0 0 0 1 0 0 0 -1 3004.DAT
0 STEP
1 86 180.0 -96 700.0 0 0 1 0 1 0 -1 0 0 3001.DAT
0 STEP
1 86 170.0 -384 700.0 0 0 1 0 1 0 -1 0 0 3010.DAT
0 STEP
1 86 170.0 0 720.0 0 0 1 0 1 0 -1 0 0 3004.DAT
0 STEP
1 86 170.0 -120 730.0 0 0 1 0 1 0 -1 0 0 3622.DAT
0 STEP
1 86 170.0 -144 730.0 0 0 1 0 1 0 -1 0 0 3005.DAT
0 STEP
1 86 170.0 -408 760.0 0 0 1 0 1 0 -1 0 0 3010.DAT
0 STEP
1 86 170.0 -24 750.0 0 0 1 0 1 0 -1 0 0 3005.DAT
0 STEP
1 86 170.0 -144 780.0 0 0 1 0 1 0 -1 0 0 3010.DAT
0 STEP
1 86 200.0 -24 770.0 -1 0 0 0 1 0 0 0 -1 3010.DAT
0 STEP
1 86 170.0 -48 840.0 0 0 1 0 1 0 -1 0 0 3008.DAT
0 STEP
1 86 170.0 -96 800.0 0 0 1 0 1 0 -1 0 0 3010.DAT
0 STEP
1 86 190.0 -24 810.0 -1 0 0 0 1 0 0 0 -1 3622.DAT
0 STEP
1 86 170.0 -408 810.0 0 0 1 0 1 0 -1 0 0 3005.DAT
0 STEP
1 86 170.0 -144 850.0 0 0 1 0 1 0 -1 0 0 3622.DAT
0 STEP
1 86 170.0 -408 900.0 0 0 1 0 1 0 -1 0 0 3008.DAT
0 STEP
1 86 180.0 -24 850.0 -1 0 0 0 1 0 0 0 -1 3004.DAT
0 STEP
1 86 170.0 -96 850.0 0 0 1 0 1 0 -1 0 0 3005.DAT
0 STEP
1 86 170.0 -24 900.0 0 0 1 0 1 0 -1 0 0 3010.DAT
0 STEP
1 86 170.0 -120 870.0 0 0 1 0 1 0 -1 0 0 3005.DAT
0 STEP
1 86 170.0 -120 940.0 0 0 1 0 1 0 -1 0 0 3009.DAT
0 STEP
1 86 170.0 -384 900.0 0 0 1 0 1 0 -1 0 0 3004.DAT
0 STEP
1 86 170.0 -48 960.0 0 0 1 0 1 0 -1 0 0 3010.DAT
0 STEP
1 86 220.0 0 950.0 -1 0 0 0 1 0 0 0 -1 3009.DAT
0 STEP
1 86 170.0 -384 1000.0 0 0 1 0 1 0 -1 0 0 3010.DAT
0 STEP
1 86 200.0 0 1000.0 -1 0 0 0 1 0 0 0 -1 3001.DAT
0 STEP
1 86 240.0 -48 1010.0 -1 0 0 0 1 0 0 0 -1 3008.DAT
0 STEP
1 86 190.0 -96 1020.0 -1 0 0 0 1 0 0 0 -1 3002.DAT
0 STEP
1 86 170.0 -120 1010.0 0 0 1 0 1 0 -1 0 0 3005.DAT
0 STEP
1 86 180.0 0 1080.0 0 0 1 0 1 0 -1 0 0 2456.DAT
0 STEP
1 86 200.0 -48 1030.0 -1 0 0 0 1 0 0 0 -1 3010.DAT
0 STEP
1 86 170.0 -144 1030.0 0 0 1 0 1 0 -1 0 0 3005.DAT
0 STEP
1 86 260.0 -48 1060.0 -1 0 0 0 1 0 0 0 -1 3006.DAT
0 STEP
1 86 200.0 -96 1050.0 -1 0 0 0 1 0 0 0 -1 3010.DAT
0 STEP
1 86 170.0 -120 1080.0 0 0 1 0 1 0 -1 0 0 3010.DAT
0 STEP
1 86 200.0 -384 1050.0 -1 0 0 0 1 0 0 0 -1 3010.DAT
0 STEP
1 86 190.0 -96 1070.0 -1 0 0 0 1 0 0 0 -1 3622.DAT
0 STEP
1 86 170.0 -384 1070.0 0 0 1 0 1 0 -1 0 0 3005.DAT
0 STEP
1 86 200.0 -24 1090.0 -1 0 0 0 1 0 0 0 -1 3010.DAT
0 STEP
1 86 180.0 -48 1100.0 0 0 1 0 1 0 -1 0 0 3003.DAT
0 STEP
1 86 170.0 -408 1090.0 0 0 1 0 1 0 -1 0 0 3005.DAT
0 STEP
1 86 170.0 -144 1140.0 0 0 1 0 1 0 -1 0 0 3010.DAT
0 STEP
1 86 170.0 -408 1180.0 0 0 1 0 1 0 -1 0 0 3008.DAT
0 STEP
1 86 180.0 -24 1160.0 0 0 1 0 1 0 -1 0 0 3001.DAT
0 STEP
1 86 200.0 -120 1130.0 -1 0 0 0 1 0 0 0 -1 3010.DAT
0 STEP
1 86 190.0 0 1150.0 -1 0 0 0 1 0 0 0 -1 3622.DAT
0 STEP
1 86 170.0 -120 1150.0 0 0 1 0 1 0 -1 0 0 3005.DAT
0 STEP
1 86 200.0 -120 1190.0 -1 0 0 0 1 0 0 0 -1 3010.DAT
0 STEP
1 86 190.0 0 1210.0 -1 0 0 0 1 0 0 0 -1 3622.DAT
0 STEP
1 86 170.0 -24 1210.0 0 0 1 0 1 0 -1 0 0 3005.DAT
0 STEP
1 86 170.0 -120 1210.0 0 0 1 0 1 0 -1 0 0 3005.DAT
0 STEP
1 86 240.0 0 1230.0 -1 0 0 0 1 0 0 0 -1 3008.DAT
0 STEP
1 86 170.0 -24 1260.0 0 0 1 0 1 0 -1 0 0 3010.DAT
0 STEP
1 86 200.0 -48 1240.0 -1 0 0 0 1 0 0 0 -1 3001.DAT
0 STEP
1 86 170.0 -120 1260.0 0 0 1 0 1 0 -1 0 0 3010.DAT
0 STEP
1 86 200.0 0 1250.0 -1 0 0 0 1 0 0 0 -1 3010.DAT
0 STEP
1 86 200.0 -96 1250.0 -1 0 0 0 1 0 0 0 -1 3010.DAT
0 STEP
1 86 170.0 0 1270.0 0 0 1 0 1 0 -1 0 0 3005.DAT
0 STEP
1 86 200.0 0 1300.0 -1 0 0 0 1 0 0 0 -1 3001.DAT
0 STEP
1 86 200.0 -48 1290.0 -1 0 0 0 1 0 0 0 -1 3010.DAT
0 STEP
1 86 180.0 -144 1320.0 0 0 1 0 1 0 -1 0 0 3001.DAT
0 STEP
1 86 170.0 -48 1380.0 0 0 1 0 1 0 -1 0 0 3008.DAT
0 STEP
1 86 170.0 0 1330.0 0 0 1 0 1 0 -1 0 0 3005.DAT
0 STEP
1 86 190.0 -96 1330.0 -1 0 0 0 1 0 0 0 -1 3622.DAT
0 STEP
1 86 170.0 0 1400.0 0 0 1 0 1 0 -1 0 0 3009.DAT
0 STEP
1 86 200.0 -96 1360.0 -1 0 0 0 1 0 0 0 -1 3001.DAT
0 STEP
1 86 200.0 -144 1370.0 -1 0 0 0 1 0 0 0 -1 3010.DAT
0 STEP
1 86 170.0 -408 1370.0 0 0 1 0 1 0 -1 0 0 3005.DAT
0 STEP
1 86 200.0 -96 1400.0 -1 0 0 0 1 0 0 0 -1 3001.DAT
0 STEP
1 86 170.0 -144 1420.0 0 0 1 0 1 0 -1 0 0 3010.DAT
0 STEP
1 86 200.0 -408 1390.0 -1 0 0 0 1 0 0 0 -1 3010.DAT
0 STEP
1 86 200.0 -408 1420.0 -1 0 0 0 1 0 0 0 -1 3001.DAT
0 STEP
1 86 200.0 -96 1430.0 -1 0 0 0 1 0 0 0 -1 3010.DAT
0 STEP
1 86 170.0 -120 1460.0 0 0 1 0 1 0 -1 0 0 3010.DAT
0 STEP
1 86 180.0 -24 1450.0 -1 0 0 0 1 0 0 0 -1 3004.DAT
0 STEP
1 86 180.0 -24 1540.0 0 0 1 0 1 0 -1 0 0 3007.DAT
0 STEP
1 86 170.0 -408 1500.0 0 0 1 0 1 0 -1 0 0 3010.DAT
0 STEP
1 86 200.0 -384 1510.0 -1 0 0 0 1 0 0 0 -1 3010.DAT
0 STEP
1 86 180.0 -48 1530.0 -1 0 0 0 1 0 0 0 -1 3004.DAT
0 STEP
1 86 240.0 -96 1540.0 -1 0 0 0 1 0 0 0 -1 3007.DAT
0 STEP
1 86 200.0 -384 1540.0 -1 0 0 0 1 0 0 0 -1 3001.DAT
0 STEP
1 86 200.0 -48 1550.0 -1 0 0 0 1 0 0 0 -1 3010.DAT
0 STEP
1 86 170.0 -120 1580.0 0 0 1 0 1 0 -1 0 0 3010.DAT
0 STEP
1 86 170.0 -384 1580.0 0 0 1 0 1 0 -1 0 0 3004.DAT
0 STEP
1 86 200.0 -408 1580.0 -1 0 0 0 1 0 0 0 -1 3001.DAT
0 STEP
1 86 200.0 0 1620.0 -1 0 0 0 1 0 0 0 -1 3001.DAT
0 STEP
1 86 170.0 -24 1630.0 0 0 1 0 1 0 -1 0 0 3005.DAT
0 STEP
1 86 200.0 -384 1630.0 -1 0 0 0 1 0 0 0 -1 3010.DAT
0 STEP
1 86 190.0 0 1650.0 -1 0 0 0 1 0 0 0 -1 3622.DAT
0 STEP
1 86 180.0 0 1700.0 0 0 1 0 1 0 -1 0 0 3001.DAT
0 STEP
1 86 200.0 -384 1690.0 -1 0 0 0 1 0 0 0 -1 3010.DAT
0 STEP
1 86 180.0 -24 1730.0 0 0 1 0 1 0 -1 0 0 3002.DAT
0 STEP
1 86 170.0 -144 1740.0 0 0 1 0 1 0 -1 0 0 3010.DAT
0 STEP
1 86 170.0 -96 1760.0 0 0 1 0 1 0 -1 0 0 3010.DAT
0 STEP
1 86 200.0 -24 1770.0 -1 0 0 0 1 0 0 0 -1 3010.DAT
0 STEP
1 86 180.0 -384 1800.0 0 0 1 0 1 0 -1 0 0 3001.DAT
0 STEP
1 86 170.0 -24 1860.0 0 0 1 0 1 0 -1 0 0 3008.DAT
0 STEP
1 86 260.0 0 1820.0 -1 0 0 0 1 0 0 0 -1 3006.DAT
0 STEP
1 86 170.0 -96 1830.0 0 0 1 0 1 0 -1 0 0 3622.DAT
0 STEP
1 86 200.0 0 1850.0 -1 0 0 0 1 0 0 0 -1 3010.DAT
0 STEP
1 86 200.0 -120 1850.0 -1 0 0 0 1 0 0 0 -1 3010.DAT
0 STEP
1 86 200.0 -384 1860.0 -1 0 0 0 1 0 0 0 -1 3001.DAT
0 STEP
1 86 240.0 0 1870.0 -1 0 0 0 1 0 0 0 -1 3008.DAT
0 STEP
1 86 190.0 -120 1870.0 -1 0 0 0 1 0 0 0 -1 3622.DAT
0 STEP
1 86 180.0 -120 1910.0 0 0 1 0 1 0 -1 0 0 3002.DAT
0 STEP
1 86 200.0 -96 1910.0 -1 0 0 0 1 0 0 0 -1 3010.DAT
0 STEP
1 86 170.0 -144 1920.0 0 0 1 0 1 0 -1 0 0 3004.DAT
0 STEP
1 86 170.0 0 1960.0 0 0 1 0 1 0 -1 0 0 3010.DAT
0 STEP
1 86 180.0 -96 1950.0 0 0 1 0 1 0 -1 0 0 3002.DAT
0 STEP
1 86 200.0 -408 1940.0 -1 0 0 0 1 0 0 0 -1 3001.DAT
0 STEP
1 86 190.0 -144 1960.0 -1 0 0 0 1 0 0 0 -1 3002.DAT
0 STEP
1 86 260.0 -408 1980.0 -1 0 0 0 1 0 0 0 -1 3006.DAT
0 STEP
1 86 170.0 -48 1990.0 0 0 1 0 1 0 -1 0 0 3005.DAT
0 STEP
1 86 170.0 -120 2020.0 0 0 1 0 1 0 -1 0 0 3010.DAT
0 STEP
1 86 170.0 -384 2010.0 0 0 1 0 1 0 -1 0 0 3622.DAT
0 STEP
1 86 200.0 -48 2010.0 -1 0 0 0 1 0 0 0 -1 3010.DAT
0 STEP
1 86 220.0 -408 2010.0 -1 0 0 0 1 0 0 0 -1 3009.DAT
0 STEP
1 86 200.0 -48 2040.0 -1 0 0 0 1 0 0 0 -1 3001.DAT
0 STEP
1 86 170.0 -384 2080.0 0 0 1 0 1 0 -1 0 0 3010.DAT
0 STEP
1 86 200.0 -48 2070.0 -1 0 0 0 1 0 0 0 -1 3010.DAT
0 STEP
1 86 170.0 -120 2070.0 0 0 1 0 1 0 -1 0 0 3005.DAT
0 STEP
1 86 170.0 -48 2120.0 0 0 1 0 1 0 -1 0 0 3010.DAT
0 STEP
1 86 170.0 -120 2120.0 0 0 1 0 1 0 -1 0 0 3010.DAT
0 STEP
1 86 180.0 0 2160.0 0 0 1 0 1 0 -1 0 0 3001.DAT
0 STEP
1 86 170.0 -96 2180.0 0 0 1 0 1 0 -1 0 0 3010.DAT
0 STEP
1 86 170.0 -24 2240.0 0 0 1 0 1 0 -1 0 0 3008.DAT
0 STEP
1 86 170.0 -120 2220.0 0 0 1 0 1 0 -1 0 0 3010.DAT
0 STEP
1 86 200.0 -360 2190.0 -1 0 0 0 1 0 0 0 -1 3010.DAT
0 STEP
1 86 200.0 -408 2190.0 -1 0 0 0 1 0 0 0 -1 3010.DAT
0 STEP
1 86 190.0 -48 2210.0 -1 0 0 0 1 0 0 0 -1 3622.DAT
0 STEP
1 86 170.0 -384 2210.0 0 0 1 0 1 0 -1 0 0 3005.DAT
0 STEP
1 86 200.0 -48 2230.0 -1 0 0 0 1 0 0 0 -1 3010.DAT
0 STEP
1 86 190.0 -96 2230.0 -1 0 0 0 1 0 0 0 -1 3622.DAT
0 STEP
1 86 170.0 -48 2260.0 0 0 1 0 1 0 -1 0 0 3004.DAT
0 STEP
1 86 170.0 -144 2280.0 0 0 1 0 1 0 -1 0 0 3010.DAT
0 STEP
1 86 200.0 -96 2270.0 -1 0 0 0 1 0 0 0 -1 3010.DAT
0 STEP
1 86 170.0 -96 2320.0 0 0 1 0 1 0 -1 0 0 3010.DAT
0 STEP
1 86 180.0 -120 2290.0 -1 0 0 0 1 0 0 0 -1 3004.DAT
0 STEP
1 86 180.0 0 2340.0 0 0 1 0 1 0 -1 0 0 3001.DAT
0 STEP
1 86 200.0 -120 2310.0 -1 0 0 0 1 0 0 0 -1 3010.DAT
0 STEP
1 86 170.0 -120 2350.0 0 0 1 0 1 0 -1 0 0 3622.DAT
0 STEP
1 86 190.0 -96 2370.0 -1 0 0 0 1 0 0 0 -1 3622.DAT
0 STEP
1 86 170.0 -144 2400.0 0 0 1 0 1 0 -1 0 0 3010.DAT
0 STEP
1 86 180.0 -120 2440.0 0 0 1 0 1 0 -1 0 0 3001.DAT
0 STEP
1 86 200.0 0 2440.0 -1 0 0 0 1 0 0 0 -1 3001.DAT
0 STEP
1 86 170.0 -96 2430.0 0 0 1 0 1 0 -1 0 0 3005.DAT
0 STEP
1 86 180.0 -48 2480.0 0 0 1 0 1 0 -1 0 0 3001.DAT
0 STEP
1 86 200.0 -96 2450.0 -1 0 0 0 1 0 0 0 -1 3010.DAT
0 STEP
1 86 190.0 -144 2450.0 -1 0 0 0 1 0 0 0 -1 3622.DAT
0 STEP
1 86 200.0 0 2480.0 -1 0 0 0 1 0 0 0 -1 3001.DAT
0 STEP
1 86 200.0 -72 2470.0 -1 0 0 0 1 0 0 0 -1 3010.DAT
0 STEP
1 86 170.0 -144 2500.0 0 0 1 0 1 0 -1 0 0 3010.DAT
0 STEP
1 86 170.0 -72 2490.0 0 0 1 0 1 0 -1 0 0 3005.DAT
0 STEP
1 86 190.0 0 2510.0 -1 0 0 0 1 0 0 0 -1 3622.DAT
0 STEP
1 86 190.0 -24 2510.0 -1 0 0 0 1 0 0 0 -1 3622.DAT
0 STEP
1 86 190.0 -72 2510.0 -1 0 0 0 1 0 0 0 -1 3622.DAT
0 STEP
1 86 170.0 -96 2510.0 0 0 1 0 1 0 -1 0 0 3005.DAT
0 STEP
1 86 190.0 -120 2510.0 -1 0 0 0 1 0 0 0 -1 3622.DAT
0 STEP
1 86 190.0 -192 2520.0 -1 0 0 0 1 0 0 0 -1 3002.DAT
0 STEP
1 86 190.0 -240 2520.0 -1 0 0 0 1 0 0 0 -1 3002.DAT
0 STEP
1 86 190.0 -168 2530.0 -1 0 0 0 1 0 0 0 -1 3622.DAT
0 STEP
1 86 190.0 -216 2530.0 -1 0 0 0 1 0 0 0 -1 3622.DAT
0 STEP
1 86 200.0 -168 20.0 0 0 1 0 1 0 -1 0 0 3003.DAT
0 STEP
1 86 210.0 -192 10.0 -1 0 0 0 1 0 0 0 -1 3622.DAT
0 STEP
1 86 190.0 0 60.0 0 0 1 0 1 0 -1 0 0 3010.DAT
0 STEP
1 86 200.0 -48 60.0 0 0 1 0 1 0 -1 0 0 3001.DAT
0 STEP
1 86 210.0 -96 30.0 -1 0 0 0 1 0 0 0 -1 3622.DAT
0 STEP
1 86 200.0 -120 60.0 0 0 1 0 1 0 -1 0 0 3001.DAT
0 STEP
1 86 240.0 -192 30.0 -1 0 0 0 1 0 0 0 -1 3009.DAT
0 STEP
1 86 240.0 -240 30.0 -1 0 0 0 1 0 0 0 -1 3009.DAT
0 STEP
1 86 220.0 -96 50.0 -1 0 0 0 1 0 0 0 -1 3010.DAT
0 STEP
1 86 190.0 -96 70.0 0 0 1 0 1 0 -1 0 0 3005.DAT
0 STEP
1 86 220.0 -96 90.0 -1 0 0 0 1 0 0 0 -1 3010.DAT
0 STEP
1 86 190.0 -96 180.0 0 0 1 0 1 0 -1 0 0 3008.DAT
0 STEP
1 86 240.0 -24 190.0 -1 0 0 0 1 0 0 0 -1 3009.DAT
0 STEP
1 86 220.0 -24 220.0 -1 0 0 0 1 0 0 0 -1 3001.DAT
0 STEP
1 86 200.0 -144 240.0 0 0 1 0 1 0 -1 0 0 3001.DAT
0 STEP
1 86 190.0 0 280.0 0 0 1 0 1 0 -1 0 0 3010.DAT
0 STEP
1 86 200.0 -24 280.0 0 0 1 0 1 0 -1 0 0 3001.DAT
0 STEP
1 86 190.0 -96 270.0 0 0 1 0 1 0 -1 0 0 3005.DAT
0 STEP
1 86 210.0 -96 300.0 -1 0 0 0 1 0 0 0 -1 3002.DAT
0 STEP
1 86 190.0 -120 290.0 0 0 1 0 1 0 -1 0 0 3005.DAT
0 STEP
1 86 190.0 -120 380.0 0 0 1 0 1 0 -1 0 0 3008.DAT
0 STEP
1 86 210.0 -144 320.0 -1 0 0 0 1 0 0 0 -1 3002.DAT
0 STEP
1 86 210.0 -24 340.0 -1 0 0 0 1 0 0 0 -1 3002.DAT
0 STEP
1 86 200.0 -24 400.0 0 0 1 0 1 0 -1 0 0 3001.DAT
0 STEP
1 86 260.0 -168 390.0 -1 0 0 0 1 0 0 0 -1 3008.DAT
0 STEP
1 86 190.0 -216 400.0 0 0 1 0 1 0 -1 0 0 3004.DAT
0 STEP
1 86 210.0 -288 400.0 -1 0 0 0 1 0 0 0 -1 3002.DAT
0 STEP
1 86 260.0 -360 390.0 -1 0 0 0 1 0 0 0 -1 3008.DAT
0 STEP
1 86 190.0 -168 410.0 0 0 1 0 1 0 -1 0 0 3005.DAT
0 STEP
1 86 210.0 -48 430.0 -1 0 0 0 1 0 0 0 -1 3622.DAT
0 STEP
1 86 200.0 -48 480.0 0 0 1 0 1 0 -1 0 0 3001.DAT
0 STEP
1 86 190.0 -144 480.0 0 0 1 0 1 0 -1 0 0 3010.DAT
0 STEP
1 86 190.0 -120 470.0 0 0 1 0 1 0 -1 0 0 3005.DAT
0 STEP
1 86 200.0 -120 520.0 0 0 1 0 1 0 -1 0 0 3001.DAT
0 STEP
1 86 200.0 -384 510.0 0 0 1 0 1 0 -1 0 0 3002.DAT
0 STEP
1 86 200.0 -24 540.0 0 0 1 0 1 0 -1 0 0 3001.DAT
0 STEP
1 86 200.0 -408 560.0 0 0 1 0 1 0 -1 0 0 3001.DAT
0 STEP
1 86 190.0 0 550.0 0 0 1 0 1 0 -1 0 0 3005.DAT
0 STEP
1 86 220.0 0 580.0 -1 0 0 0 1 0 0 0 -1 3001.DAT
0 STEP
1 86 220.0 -48 600.0 -1 0 0 0 1 0 0 0 -1 3001.DAT
0 STEP
1 86 190.0 0 660.0 0 0 1 0 1 0 -1 0 0 3009.DAT
0 STEP
1 86 220.0 -408 620.0 -1 0 0 0 1 0 0 0 -1 3001.DAT
0 STEP
1 86 190.0 -48 630.0 0 0 1 0 1 0 -1 0 0 3005.DAT
0 STEP
1 86 220.0 -48 650.0 -1 0 0 0 1 0 0 0 -1 3010.DAT
0 STEP
1 86 220.0 -408 660.0 -1 0 0 0 1 0 0 0 -1 3001.DAT
0 STEP
1 86 220.0 -24 670.0 -1 0 0 0 1 0 0 0 -1 3010.DAT
0 STEP
1 86 190.0 -48 700.0 0 0 1 0 1 0 -1 0 0 3010.DAT
0 STEP
1 86 190.0 -384 670.0 0 0 1 0 1 0 -1 0 0 3005.DAT
0 STEP
1 86 190.0 -144 760.0 0 0 1 0 1 0 -1 0 0 3008.DAT
0 STEP
1 86 200.0 -384 720.0 0 0 1 0 1 0 -1 0 0 3001.DAT
0 STEP
1 86 220.0 -120 720.0 -1 0 0 0 1 0 0 0 -1 3001.DAT
0 STEP
1 86 190.0 -408 760.0 0 0 1 0 1 0 -1 0 0 3009.DAT
0 STEP
1 86 190.0 0 730.0 0 0 1 0 1 0 -1 0 0 3005.DAT
0 STEP
1 86 220.0 -24 750.0 -1 0 0 0 1 0 0 0 -1 3010.DAT
0 STEP
1 86 190.0 -120 750.0 0 0 1 0 1 0 -1 0 0 3005.DAT
0 STEP
1 86 190.0 0 800.0 0 0 1 0 1 0 -1 0 0 3010.DAT
0 STEP
1 86 190.0 -48 770.0 0 0 1 0 1 0 -1 0 0 3005.DAT
0 STEP
1 86 200.0 -96 770.0 -1 0 0 0 1 0 0 0 -1 3004.DAT
0 STEP
1 86 220.0 -120 770.0 -1 0 0 0 1 0 0 0 -1 3010.DAT
0 STEP
1 86 190.0 -48 860.0 0 0 1 0 1 0 -1 0 0 3008.DAT
0 STEP
1 86 200.0 -96 820.0 0 0 1 0 1 0 -1 0 0 3001.DAT
0 STEP
1 86 220.0 -408 830.0 -1 0 0 0 1 0 0 0 -1 3010.DAT
0 STEP
1 86 190.0 -144 860.0 0 0 1 0 1 0 -1 0 0 3004.DAT
0 STEP
1 86 220.0 -384 850.0 -1 0 0 0 1 0 0 0 -1 3010.DAT
0 STEP
1 86 200.0 -408 880.0 0 0 1 0 1 0 -1 0 0 3001.DAT
0 STEP
1 86 190.0 -24 870.0 0 0 1 0 1 0 -1 0 0 3005.DAT
0 STEP
1 86 220.0 -120 880.0 -1 0 0 0 1 0 0 0 -1 3001.DAT
0 STEP
1 86 260.0 -24 890.0 -1 0 0 0 1 0 0 0 -1 3008.DAT
0 STEP
1 86 260.0 -384 890.0 -1 0 0 0 1 0 0 0 -1 3008.DAT
0 STEP
1 86 200.0 -24 920.0 0 0 1 0 1 0 -1 0 0 3003.DAT
0 STEP
1 86 190.0 -120 910.0 0 0 1 0 1 0 -1 0 0 3005.DAT
0 STEP
1 86 220.0 -384 910.0 -1 0 0 0 1 0 0 0 -1 3010.DAT
0 STEP
1 86 220.0 -120 930.0 -1 0 0 0 1 0 0 0 -1 3010.DAT
0 STEP
1 86 200.0 -408 930.0 -1 0 0 0 1 0 0 0 -1 3004.DAT
0 STEP
1 86 220.0 -48 950.0 -1 0 0 0 1 0 0 0 -1 3010.DAT
0 STEP
1 86 200.0 -120 980.0 0 0 1 0 1 0 -1 0 0 3001.DAT
0 STEP
1 86 260.0 -384 960.0 -1 0 0 0 1 0 0 0 -1 3007.DAT
0 STEP
1 86 190.0 -408 980.0 0 0 1 0 1 0 -1 0 0 3010.DAT
0 STEP
1 86 190.0 -24 1020.0 0 0 1 0 1 0 -1 0 0 3009.DAT
0 STEP
1 86 240.0 -48 980.0 -1 0 0 0 1 0 0 0 -1 2456.DAT
0 STEP
1 86 260.0 -384 990.0 -1 0 0 0 1 0 0 0 -1 3008.DAT
0 STEP
1 86 200.0 -144 1020.0 0 0 1 0 1 0 -1 0 0 3003.DAT
0 STEP
1 86 260.0 -384 1020.0 -1 0 0 0 1 0 0 0 -1 3007.DAT
0 STEP
1 86 190.0 -120 1070.0 0 0 1 0 1 0 -1 0 0 3622.DAT
0 STEP
1 86 190.0 -408 1050.0 0 0 1 0 1 0 -1 0 0 3005.DAT
0 STEP
1 86 220.0 -384 1070.0 -1 0 0 0 1 0 0 0 -1 3010.DAT
0 STEP
1 86 200.0 -408 1120.0 0 0 1 0 1 0 -1 0 0 3001.DAT
0 STEP
1 86 220.0 -120 1110.0 -1 0 0 0 1 0 0 0 -1 3010.DAT
0 STEP
1 86 190.0 -144 1110.0 0 0 1 0 1 0 -1 0 0 3005.DAT
0 STEP
1 86 190.0 -96 1160.0 0 0 1 0 1 0 -1 0 0 3010.DAT
0 STEP
1 86 190.0 -144 1160.0 0 0 1 0 1 0 -1 0 0 3010.DAT
0 STEP
1 86 220.0 -120 1150.0 -1 0 0 0 1 0 0 0 -1 3010.DAT
0 STEP
1 86 220.0 0 1170.0 -1 0 0 0 1 0 0 0 -1 3010.DAT
0 STEP
1 86 190.0 -48 1180.0 0 0 1 0 1 0 -1 0 0 3004.DAT
0 STEP
1 86 200.0 -408 1170.0 -1 0 0 0 1 0 0 0 -1 3004.DAT
0 STEP
1 86 190.0 -408 1220.0 0 0 1 0 1 0 -1 0 0 3010.DAT
0 STEP
1 86 190.0 -24 1260.0 0 0 1 0 1 0 -1 0 0 3009.DAT
0 STEP
1 86 200.0 -96 1220.0 0 0 1 0 1 0 -1 0 0 3003.DAT
0 STEP
1 86 220.0 -120 1210.0 -1 0 0 0 1 0 0 0 -1 3010.DAT
0 STEP
1 86 220.0 -384 1210.0 -1 0 0 0 1 0 0 0 -1 3010.DAT
0 STEP
1 86 200.0 -120 1260.0 0 0 1 0 1 0 -1 0 0 3001.DAT
0 STEP
1 86 220.0 0 1270.0 -1 0 0 0 1 0 0 0 -1 3010.DAT
0 STEP
1 86 200.0 -408 1300.0 0 0 1 0 1 0 -1 0 0 3001.DAT
0 STEP
1 86 190.0 -48 1360.0 0 0 1 0 1 0 -1 0 0 3009.DAT
0 STEP
1 86 190.0 -120 1310.0 0 0 1 0 1 0 -1 0 0 3005.DAT
0 STEP
1 86 220.0 0 1330.0 -1 0 0 0 1 0 0 0 -1 3010.DAT
0 STEP
1 86 190.0 -120 1400.0 0 0 1 0 1 0 -1 0 0 3008.DAT
0 STEP
1 86 190.0 0 1360.0 0 0 1 0 1 0 -1 0 0 3004.DAT
0 STEP
1 86 220.0 -408 1360.0 -1 0 0 0 1 0 0 0 -1 3001.DAT
0 STEP
1 86 200.0 0 1420.0 0 0 1 0 1 0 -1 0 0 3001.DAT
0 STEP
1 86 210.0 -144 1400.0 -1 0 0 0 1 0 0 0 -1 3002.DAT
0 STEP
1 86 200.0 -48 1440.0 0 0 1 0 1 0 -1 0 0 3003.DAT
0 STEP
1 86 200.0 -144 1430.0 -1 0 0 0 1 0 0 0 -1 3004.DAT
0 STEP
1 86 190.0 -384 1450.0 0 0 1 0 1 0 -1 0 0 3622.DAT
0 STEP
1 86 200.0 -96 1480.0 0 0 1 0 1 0 -1 0 0 3001.DAT
0 STEP
1 86 190.0 -144 1450.0 0 0 1 0 1 0 -1 0 0 3005.DAT
0 STEP
1 86 200.0 -408 1500.0 0 0 1 0 1 0 -1 0 0 3001.DAT
0 STEP
1 86 190.0 -120 1490.0 0 0 1 0 1 0 -1 0 0 3005.DAT
0 STEP
1 86 190.0 -48 1510.0 0 0 1 0 1 0 -1 0 0 3005.DAT
0 STEP
1 86 190.0 -144 1580.0 0 0 1 0 1 0 -1 0 0 3008.DAT
0 STEP
1 86 190.0 0 1540.0 0 0 1 0 1 0 -1 0 0 3004.DAT
0 STEP
1 86 210.0 -120 1560.0 -1 0 0 0 1 0 0 0 -1 3002.DAT
0 STEP
1 86 260.0 -384 1580.0 -1 0 0 0 1 0 0 0 -1 3007.DAT
0 STEP
1 86 220.0 -120 1590.0 -1 0 0 0 1 0 0 0 -1 3010.DAT
0 STEP
1 86 190.0 -96 1630.0 0 0 1 0 1 0 -1 0 0 3622.DAT
0 STEP
1 86 220.0 -120 1620.0 -1 0 0 0 1 0 0 0 -1 3001.DAT
0 STEP
1 86 260.0 -384 1610.0 -1 0 0 0 1 0 0 0 -1 3008.DAT
0 STEP
1 86 240.0 -24 1630.0 -1 0 0 0 1 0 0 0 -1 3009.DAT
0 STEP
1 86 190.0 -48 1680.0 0 0 1 0 1 0 -1 0 0 3010.DAT
0 STEP
1 86 240.0 -24 1670.0 -1 0 0 0 1 0 0 0 -1 3009.DAT
0 STEP
1 86 220.0 -120 1680.0 -1 0 0 0 1 0 0 0 -1 3001.DAT
0 STEP
1 86 190.0 -144 1670.0 0 0 1 0 1 0 -1 0 0 3005.DAT
0 STEP
1 86 190.0 -408 1680.0 0 0 1 0 1 0 -1 0 0 3004.DAT
0 STEP
1 86 190.0 -144 1740.0 0 0 1 0 1 0 -1 0 0 3009.DAT
0 STEP
1 86 220.0 -120 1720.0 -1 0 0 0 1 0 0 0 -1 3001.DAT
0 STEP
1 86 190.0 -96 1730.0 0 0 1 0 1 0 -1 0 0 3005.DAT
0 STEP
1 86 190.0 -408 1740.0 0 0 1 0 1 0 -1 0 0 3004.DAT
0 STEP
1 86 190.0 0 1750.0 0 0 1 0 1 0 -1 0 0 3005.DAT
0 STEP
1 86 190.0 -96 1780.0 0 0 1 0 1 0 -1 0 0 3010.DAT
0 STEP
1 86 260.0 -384 1750.0 -1 0 0 0 1 0 0 0 -1 3008.DAT
0 STEP
1 86 200.0 -120 1800.0 0 0 1 0 1 0 -1 0 0 3001.DAT
0 STEP
1 86 210.0 -24 1790.0 -1 0 0 0 1 0 0 0 -1 3622.DAT
0 STEP
1 86 210.0 -24 1820.0 -1 0 0 0 1 0 0 0 -1 3002.DAT
0 STEP
1 86 190.0 -96 1850.0 0 0 1 0 1 0 -1 0 0 3622.DAT
0 STEP
1 86 220.0 -24 1850.0 -1 0 0 0 1 0 0 0 -1 3010.DAT
0 STEP
1 86 190.0 -144 1870.0 0 0 1 0 1 0 -1 0 0 3622.DAT
0 STEP
1 86 190.0 -24 1890.0 0 0 1 0 1 0 -1 0 0 3622.DAT
0 STEP
1 86 240.0 -144 1910.0 -1 0 0 0 1 0 0 0 -1 3009.DAT
0 STEP
1 86 190.0 0 1950.0 0 0 1 0 1 0 -1 0 0 3622.DAT
0 STEP
1 86 260.0 -24 1930.0 -1 0 0 0 1 0 0 0 -1 3008.DAT
0 STEP
1 86 200.0 -48 1960.0 0 0 1 0 1 0 -1 0 0 3001.DAT
0 STEP
1 86 260.0 -144 1930.0 -1 0 0 0 1 0 0 0 -1 3008.DAT
0 STEP
1 86 190.0 -384 1960.0 0 0 1 0 1 0 -1 0 0 3010.DAT
0 STEP
1 86 200.0 -24 1950.0 -1 0 0 0 1 0 0 0 -1 3004.DAT
0 STEP
1 86 190.0 -24 2000.0 0 0 1 0 1 0 -1 0 0 3010.DAT
0 STEP
1 86 220.0 0 2000.0 -1 0 0 0 1 0 0 0 -1 3001.DAT
0 STEP
1 86 190.0 -120 1990.0 0 0 1 0 1 0 -1 0 0 3005.DAT
0 STEP
1 86 220.0 -120 2020.0 -1 0 0 0 1 0 0 0 -1 3001.DAT
0 STEP
1 86 190.0 -384 2030.0 0 0 1 0 1 0 -1 0 0 3622.DAT
0 STEP
1 86 220.0 0 2040.0 -1 0 0 0 1 0 0 0 -1 3001.DAT
0 STEP
1 86 190.0 -96 2030.0 0 0 1 0 1 0 -1 0 0 3005.DAT
0 STEP
1 86 190.0 -24 2050.0 0 0 1 0 1 0 -1 0 0 3005.DAT
0 STEP
1 86 220.0 -120 2050.0 -1 0 0 0 1 0 0 0 -1 3010.DAT
0 STEP
1 86 220.0 0 2070.0 -1 0 0 0 1 0 0 0 -1 3010.DAT
0 STEP
1 86 220.0 -120 2080.0 -1 0 0 0 1 0 0 0 -1 3001.DAT
0 STEP
1 86 260.0 -384 2080.0 -1 0 0 0 1 0 0 0 -1 3007.DAT
0 STEP
1 86 200.0 0 2090.0 -1 0 0 0 1 0 0 0 -1 3004.DAT
0 STEP
1 86 190.0 -24 2090.0 0 0 1 0 1 0 -1 0 0 3005.DAT
0 STEP
1 86 190.0 -48 2090.0 0 0 1 0 1 0 -1 0 0 3005.DAT
0 STEP
1 86 190.0 -144 2090.0 0 0 1 0 1 0 -1 0 0 3005.DAT
0 STEP
1 86 190.0 -48 2140.0 0 0 1 0 1 0 -1 0 0 3010.DAT
0 STEP
1 86 220.0 -120 2110.0 -1 0 0 0 1 0 0 0 -1 3010.DAT
0 STEP
1 86 220.0 -384 2110.0 -1 0 0 0 1 0 0 0 -1 3010.DAT
0 STEP
1 86 190.0 -120 2130.0 0 0 1 0 1 0 -1 0 0 3005.DAT
0 STEP
1 86 190.0 -144 2160.0 0 0 1 0 1 0 -1 0 0 3010.DAT
0 STEP
1 86 200.0 -384 2160.0 0 0 1 0 1 0 -1 0 0 3001.DAT
0 STEP
1 86 200.0 -96 2180.0 0 0 1 0 1 0 -1 0 0 3001.DAT
0 STEP
1 86 220.0 -120 2150.0 -1 0 0 0 1 0 0 0 -1 3010.DAT
0 STEP
1 86 190.0 -24 2180.0 0 0 1 0 1 0 -1 0 0 3004.DAT
0 STEP
1 86 220.0 -120 2200.0 -1 0 0 0 1 0 0 0 -1 3001.DAT
0 STEP
1 86 240.0 -336 2200.0 -1 0 0 0 1 0 0 0 -1 2456.DAT
0 STEP
1 86 190.0 0 2210.0 0 0 1 0 1 0 -1 0 0 3005.DAT
0 STEP
1 86 220.0 -24 2210.0 -1 0 0 0 1 0 0 0 -1 3010.DAT
0 STEP
1 86 220.0 -312 2210.0 -1 0 0 0 1 0 0 0 -1 3010.DAT
0 STEP
1 86 220.0 -384 2210.0 -1 0 0 0 1 0 0 0 -1 3010.DAT
0 STEP
1 86 200.0 0 2240.0 0 0 1 0 1 0 -1 0 0 3003.DAT
0 STEP
1 86 190.0 -24 2230.0 0 0 1 0 1 0 -1 0 0 3005.DAT
0 STEP
1 86 190.0 -120 2240.0 0 0 1 0 1 0 -1 0 0 3004.DAT
0 STEP
1 86 200.0 -24 2280.0 0 0 1 0 1 0 -1 0 0 3001.DAT
0 STEP
1 86 220.0 -48 2260.0 -1 0 0 0 1 0 0 0 -1 3001.DAT
0 STEP
1 86 210.0 -144 2250.0 -1 0 0 0 1 0 0 0 -1 3622.DAT
0 STEP
1 86 190.0 0 2270.0 0 0 1 0 1 0 -1 0 0 3005.DAT
0 STEP
1 86 200.0 -144 2300.0 0 0 1 0 1 0 -1 0 0 3001.DAT
0 STEP
1 86 220.0 -48 2290.0 -1 0 0 0 1 0 0 0 -1 3010.DAT
0 STEP
1 86 200.0 -96 2320.0 0 0 1 0 1 0 -1 0 0 3001.DAT
0 STEP
1 86 190.0 -48 2340.0 0 0 1 0 1 0 -1 0 0 3010.DAT
0 STEP
1 86 210.0 -120 2330.0 -1 0 0 0 1 0 0 0 -1 3622.DAT
0 STEP
1 86 190.0 -24 2350.0 0 0 1 0 1 0 -1 0 0 3005.DAT
0 STEP
1 86 190.0 -120 2360.0 0 0 1 0 1 0 -1 0 0 3004.DAT
0 STEP
1 86 190.0 -24 2420.0 0 0 1 0 1 0 -1 0 0 3009.DAT
0 STEP
1 86 200.0 -144 2400.0 0 0 1 0 1 0 -1 0 0 3001.DAT
0 STEP
1 86 190.0 -96 2400.0 0 0 1 0 1 0 -1 0 0 3004.DAT
0 STEP
1 86 240.0 -96 2430.0 -1 0 0 0 1 0 0 0 -1 3009.DAT
0 STEP
1 86 200.0 -96 2490.0 0 0 1 0 1 0 -1 0 0 3002.DAT
0 STEP
1 86 200.0 -144 2500.0 0 0 1 0 1 0 -1 0 0 3001.DAT
0 STEP
1 86 220.0 -72 2490.0 -1 0 0 0 1 0 0 0 -1 3010.DAT
0 STEP
1 86 220.0 0 60.0 0 0 1 0 1 0 -1 0 0 3001.DAT
0 STEP
1 86 210.0 -216 30.0 0 0 1 0 1 0 -1 0 0 3005.DAT
0 STEP
1 86 210.0 -72 60.0 0 0 1 0 1 0 -1 0 0 3004.DAT
0 STEP
1 86 260.0 -96 70.0 -1 0 0 0 1 0 0 0 -1 3009.DAT
0 STEP
1 86 240.0 -144 70.0 -1 0 0 0 1 0 0 0 -1 3010.DAT
0 STEP
1 86 220.0 -24 110.0 0 0 1 0 1 0 -1 0 0 3002.DAT
0 STEP
1 86 210.0 -144 120.0 0 0 1 0 1 0 -1 0 0 3010.DAT
0 STEP
1 86 230.0 -96 110.0 -1 0 0 0 1 0 0 0 -1 3622.DAT
0 STEP
1 86 210.0 -120 120.0 0 0 1 0 1 0 -1 0 0 3004.DAT
0 STEP
1 86 230.0 -96 140.0 -1 0 0 0 1 0 0 0 -1 3002.DAT
0 STEP
1 86 210.0 0 220.0 0 0 1 0 1 0 -1 0 0 3008.DAT
0 STEP
1 86 240.0 -24 160.0 -1 0 0 0 1 0 0 0 -1 3001.DAT
0 STEP
1 86 260.0 -96 170.0 -1 0 0 0 1 0 0 0 -1 3009.DAT
0 STEP
1 86 240.0 -144 180.0 -1 0 0 0 1 0 0 0 -1 3001.DAT
0 STEP
1 86 210.0 -48 190.0 0 0 1 0 1 0 -1 0 0 3005.DAT
0 STEP
1 86 210.0 -96 190.0 0 0 1 0 1 0 -1 0 0 3005.DAT
0 STEP
1 86 210.0 -96 240.0 0 0 1 0 1 0 -1 0 0 3010.DAT
0 STEP
1 86 210.0 -48 250.0 0 0 1 0 1 0 -1 0 0 3622.DAT
0 STEP
1 86 210.0 -120 270.0 0 0 1 0 1 0 -1 0 0 3005.DAT
0 STEP
1 86 240.0 -48 290.0 -1 0 0 0 1 0 0 0 -1 3010.DAT
0 STEP
1 86 210.0 -120 320.0 0 0 1 0 1 0 -1 0 0 3010.DAT
0 STEP
1 86 240.0 0 310.0 -1 0 0 0 1 0 0 0 -1 3010.DAT
0 STEP
1 86 220.0 0 360.0 0 0 1 0 1 0 -1 0 0 3001.DAT
0 STEP
1 86 220.0 -120 390.0 0 0 1 0 1 0 -1 0 0 3002.DAT
0 STEP
1 86 210.0 -144 390.0 0 0 1 0 1 0 -1 0 0 3005.DAT
0 STEP
1 86 240.0 -216 400.0 -1 0 0 0 1 0 0 0 -1 3001.DAT
0 STEP
1 86 210.0 -336 400.0 0 0 1 0 1 0 -1 0 0 3004.DAT
0 STEP
1 86 280.0 -168 410.0 -1 0 0 0 1 0 0 0 -1 3008.DAT
0 STEP
1 86 280.0 -312 410.0 -1 0 0 0 1 0 0 0 -1 3008.DAT
0 STEP
1 86 210.0 -384 440.0 0 0 1 0 1 0 -1 0 0 3010.DAT
0 STEP
1 86 230.0 0 440.0 -1 0 0 0 1 0 0 0 -1 3002.DAT
0 STEP
1 86 240.0 -120 430.0 -1 0 0 0 1 0 0 0 -1 3010.DAT
0 STEP
1 86 210.0 -144 480.0 0 0 1 0 1 0 -1 0 0 3009.DAT
0 STEP
1 86 210.0 -120 460.0 0 0 1 0 1 0 -1 0 0 3004.DAT
0 STEP
1 86 210.0 0 470.0 0 0 1 0 1 0 -1 0 0 3005.DAT
0 STEP
1 86 240.0 0 500.0 -1 0 0 0 1 0 0 0 -1 3001.DAT
0 STEP
1 86 210.0 -408 490.0 0 0 1 0 1 0 -1 0 0 3005.DAT
0 STEP
1 86 280.0 -48 530.0 -1 0 0 0 1 0 0 0 -1 3008.DAT
0 STEP
1 86 240.0 0 550.0 -1 0 0 0 1 0 0 0 -1 3010.DAT
0 STEP
1 86 210.0 -144 620.0 0 0 1 0 1 0 -1 0 0 3008.DAT
0 STEP
1 86 210.0 -384 620.0 0 0 1 0 1 0 -1 0 0 3009.DAT
0 STEP
1 86 210.0 -24 590.0 0 0 1 0 1 0 -1 0 0 3005.DAT
0 STEP
1 86 210.0 -120 590.0 0 0 1 0 1 0 -1 0 0 3005.DAT
0 STEP
1 86 220.0 -432 660.0 0 0 1 0 1 0 -1 0 0 3007.DAT
0 STEP
1 86 240.0 0 620.0 -1 0 0 0 1 0 0 0 -1 3001.DAT
0 STEP
1 86 230.0 -120 620.0 -1 0 0 0 1 0 0 0 -1 3002.DAT
0 STEP
1 86 240.0 -48 630.0 -1 0 0 0 1 0 0 0 -1 3010.DAT
0 STEP
1 86 210.0 0 680.0 0 0 1 0 1 0 -1 0 0 3010.DAT
0 STEP
1 86 240.0 -120 650.0 -1 0 0 0 1 0 0 0 -1 3010.DAT
0 STEP
1 86 210.0 -48 720.0 0 0 1 0 1 0 -1 0 0 3009.DAT
0 STEP
1 86 280.0 -96 680.0 -1 0 0 0 1 0 0 0 -1 3007.DAT
0 STEP
1 86 210.0 -120 670.0 0 0 1 0 1 0 -1 0 0 3005.DAT
0 STEP
1 86 240.0 -408 700.0 -1 0 0 0 1 0 0 0 -1 3001.DAT
0 STEP
1 86 210.0 -24 710.0 0 0 1 0 1 0 -1 0 0 3005.DAT
0 STEP
1 86 210.0 -96 720.0 0 0 1 0 1 0 -1 0 0 3004.DAT
0 STEP
1 86 210.0 -144 710.0 0 0 1 0 1 0 -1 0 0 3005.DAT
0 STEP
1 86 210.0 0 780.0 0 0 1 0 1 0 -1 0 0 3009.DAT
0 STEP
1 86 210.0 -144 760.0 0 0 1 0 1 0 -1 0 0 3010.DAT
0 STEP
1 86 240.0 -408 740.0 -1 0 0 0 1 0 0 0 -1 3001.DAT
0 STEP
1 86 240.0 -120 750.0 -1 0 0 0 1 0 0 0 -1 3010.DAT
0 STEP
1 86 260.0 -432 760.0 -1 0 0 0 1 0 0 0 -1 2456.DAT
0 STEP
1 86 240.0 -408 780.0 -1 0 0 0 1 0 0 0 -1 3001.DAT
0 STEP
1 86 210.0 -48 790.0 0 0 1 0 1 0 -1 0 0 3005.DAT
0 STEP
1 86 230.0 -120 800.0 -1 0 0 0 1 0 0 0 -1 3002.DAT
0 STEP
1 86 210.0 -384 810.0 0 0 1 0 1 0 -1 0 0 3622.DAT
0 STEP
1 86 240.0 -48 810.0 -1 0 0 0 1 0 0 0 -1 3010.DAT
0 STEP
1 86 210.0 -144 880.0 0 0 1 0 1 0 -1 0 0 3008.DAT
0 STEP
1 86 240.0 -408 810.0 -1 0 0 0 1 0 0 0 -1 3010.DAT
0 STEP
1 86 240.0 -48 840.0 -1 0 0 0 1 0 0 0 -1 3001.DAT
0 STEP
1 86 240.0 0 850.0 -1 0 0 0 1 0 0 0 -1 3010.DAT
0 STEP
1 86 210.0 -24 860.0 0 0 1 0 1 0 -1 0 0 3004.DAT
0 STEP
1 86 210.0 0 900.0 0 0 1 0 1 0 -1 0 0 3010.DAT
0 STEP
1 86 220.0 -48 900.0 0 0 1 0 1 0 -1 0 0 3001.DAT
0 STEP
1 86 240.0 -120 910.0 -1 0 0 0 1 0 0 0 -1 3010.DAT
0 STEP
1 86 230.0 -384 930.0 -1 0 0 0 1 0 0 0 -1 3622.DAT
0 STEP
1 86 210.0 -24 980.0 0 0 1 0 1 0 -1 0 0 3010.DAT
0 STEP
1 86 210.0 -408 950.0 0 0 1 0 1 0 -1 0 0 3005.DAT
0 STEP
1 86 210.0 0 970.0 0 0 1 0 1 0 -1 0 0 3005.DAT
0 STEP
1 86 210.0 -408 1020.0 0 0 1 0 1 0 -1 0 0 3009.DAT
0 STEP
1 86 210.0 -144 990.0 0 0 1 0 1 0 -1 0 0 3005.DAT
0 STEP
1 86 210.0 0 1080.0 0 0 1 0 1 0 -1 0 0 3009.DAT
0 STEP
1 86 210.0 -24 1030.0 0 0 1 0 1 0 -1 0 0 3005.DAT
0 STEP
1 86 220.0 -120 1060.0 0 0 1 0 1 0 -1 0 0 3001.DAT
0 STEP
1 86 220.0 -24 1060.0 0 0 1 0 1 0 -1 0 0 3003.DAT
0 STEP
1 86 210.0 -144 1050.0 0 0 1 0 1 0 -1 0 0 3005.DAT
0 STEP
1 86 230.0 -144 1070.0 -1 0 0 0 1 0 0 0 -1 3622.DAT
0 STEP
1 86 280.0 -48 1090.0 -1 0 0 0 1 0 0 0 -1 3008.DAT
0 STEP
1 86 210.0 -48 1110.0 0 0 1 0 1 0 -1 0 0 3005.DAT
0 STEP
1 86 210.0 -96 1140.0 0 0 1 0 1 0 -1 0 0 3010.DAT
0 STEP
1 86 210.0 -144 1130.0 0 0 1 0 1 0 -1 0 0 3622.DAT
0 STEP
1 86 280.0 -24 1140.0 -1 0 0 0 1 0 0 0 -1 3007.DAT
0 STEP
1 86 220.0 -48 1180.0 0 0 1 0 1 0 -1 0 0 3001.DAT
0 STEP
1 86 210.0 -24 1170.0 0 0 1 0 1 0 -1 0 0 3005.DAT
0 STEP
1 86 210.0 -144 1200.0 0 0 1 0 1 0 -1 0 0 3010.DAT
0 STEP
1 86 280.0 -24 1190.0 -1 0 0 0 1 0 0 0 -1 3008.DAT
0 STEP
1 86 210.0 -96 1190.0 0 0 1 0 1 0 -1 0 0 3005.DAT
0 STEP
1 86 220.0 -408 1220.0 0 0 1 0 1 0 -1 0 0 3001.DAT
0 STEP
1 86 240.0 -24 1210.0 -1 0 0 0 1 0 0 0 -1 3010.DAT
0 STEP
1 86 210.0 -24 1280.0 0 0 1 0 1 0 -1 0 0 3009.DAT
0 STEP
1 86 210.0 -384 1260.0 0 0 1 0 1 0 -1 0 0 3004.DAT
0 STEP
1 86 210.0 -144 1320.0 0 0 1 0 1 0 -1 0 0 3010.DAT
0 STEP
1 86 230.0 -48 1310.0 -1 0 0 0 1 0 0 0 -1 3622.DAT
0 STEP
1 86 210.0 -120 1380.0 0 0 1 0 1 0 -1 0 0 3008.DAT
0 STEP
1 86 230.0 -384 1310.0 -1 0 0 0 1 0 0 0 -1 3622.DAT
0 STEP
1 86 230.0 -48 1340.0 -1 0 0 0 1 0 0 0 -1 3002.DAT
0 STEP
1 86 240.0 0 1350.0 -1 0 0 0 1 0 0 0 -1 3010.DAT
0 STEP
1 86 230.0 0 1370.0 -1 0 0 0 1 0 0 0 -1 3622.DAT
0 STEP
1 86 240.0 -48 1370.0 -1 0 0 0 1 0 0 0 -1 3010.DAT
0 STEP
1 86 210.0 -384 1420.0 0 0 1 0 1 0 -1 0 0 3009.DAT
0 STEP
1 86 210.0 -48 1400.0 0 0 1 0 1 0 -1 0 0 3004.DAT
0 STEP
1 86 280.0 -24 1410.0 -1 0 0 0 1 0 0 0 -1 3008.DAT
0 STEP
1 86 220.0 -24 1430.0 -1 0 0 0 1 0 0 0 -1 3004.DAT
0 STEP
1 86 220.0 -24 1480.0 0 0 1 0 1 0 -1 0 0 3001.DAT
0 STEP
1 86 210.0 -144 1460.0 0 0 1 0 1 0 -1 0 0 3004.DAT
0 STEP
1 86 210.0 0 1470.0 0 0 1 0 1 0 -1 0 0 3005.DAT
0 STEP
1 86 240.0 -120 1470.0 -1 0 0 0 1 0 0 0 -1 3010.DAT
0 STEP
1 86 240.0 -120 1500.0 -1 0 0 0 1 0 0 0 -1 3001.DAT
0 STEP
1 86 230.0 -384 1490.0 -1 0 0 0 1 0 0 0 -1 3622.DAT
0 STEP
1 86 210.0 0 1540.0 0 0 1 0 1 0 -1 0 0 3010.DAT
0 STEP
1 86 220.0 -48 1520.0 0 0 1 0 1 0 -1 0 0 3003.DAT
0 STEP
1 86 210.0 -144 1560.0 0 0 1 0 1 0 -1 0 0 3009.DAT
0 STEP
1 86 240.0 -24 1530.0 -1 0 0 0 1 0 0 0 -1 3010.DAT
0 STEP
1 86 240.0 -24 1560.0 -1 0 0 0 1 0 0 0 -1 3001.DAT
0 STEP
1 86 240.0 -24 1590.0 -1 0 0 0 1 0 0 0 -1 3010.DAT
0 STEP
1 86 210.0 -48 1590.0 0 0 1 0 1 0 -1 0 0 3005.DAT
0 STEP
1 86 280.0 -24 1610.0 -1 0 0 0 1 0 0 0 -1 3008.DAT
0 STEP
1 86 210.0 -48 1640.0 0 0 1 0 1 0 -1 0 0 3010.DAT
0 STEP
1 86 210.0 -96 1640.0 0 0 1 0 1 0 -1 0 0 3010.DAT
0 STEP
1 86 240.0 -144 1630.0 -1 0 0 0 1 0 0 0 -1 3010.DAT
0 STEP
1 86 240.0 -144 1660.0 -1 0 0 0 1 0 0 0 -1 3001.DAT
0 STEP
1 86 280.0 -408 1660.0 -1 0 0 0 1 0 0 0 -1 3007.DAT
0 STEP
1 86 210.0 0 1690.0 0 0 1 0 1 0 -1 0 0 3622.DAT
0 STEP
1 86 210.0 -48 1710.0 0 0 1 0 1 0 -1 0 0 3622.DAT
0 STEP
1 86 210.0 -96 1690.0 0 0 1 0 1 0 -1 0 0 3005.DAT
0 STEP
1 86 240.0 -144 1690.0 -1 0 0 0 1 0 0 0 -1 3010.DAT
0 STEP
1 86 280.0 -408 1690.0 -1 0 0 0 1 0 0 0 -1 3008.DAT
0 STEP
1 86 240.0 -24 1710.0 -1 0 0 0 1 0 0 0 -1 3010.DAT
0 STEP
1 86 210.0 -96 1740.0 0 0 1 0 1 0 -1 0 0 3010.DAT
0 STEP
1 86 210.0 -144 1710.0 0 0 1 0 1 0 -1 0 0 3005.DAT
0 STEP
1 86 230.0 0 1730.0 -1 0 0 0 1 0 0 0 -1 3622.DAT
0 STEP
1 86 210.0 -24 1740.0 0 0 1 0 1 0 -1 0 0 3004.DAT
0 STEP
1 86 210.0 -144 1760.0 0 0 1 0 1 0 -1 0 0 3010.DAT
0 STEP
1 86 280.0 -408 1740.0 -1 0 0 0 1 0 0 0 -1 3007.DAT
0 STEP
1 86 240.0 0 1760.0 -1 0 0 0 1 0 0 0 -1 3001.DAT
0 STEP
1 86 230.0 -384 1780.0 -1 0 0 0 1 0 0 0 -1 3002.DAT
0 STEP
1 86 280.0 0 1790.0 -1 0 0 0 1 0 0 0 -1 3008.DAT
0 STEP
1 86 210.0 -48 1790.0 0 0 1 0 1 0 -1 0 0 3005.DAT
0 STEP
1 86 210.0 -96 1790.0 0 0 1 0 1 0 -1 0 0 3005.DAT
0 STEP
1 86 220.0 -96 1840.0 0 0 1 0 1 0 -1 0 0 3001.DAT
0 STEP
1 86 220.0 -384 1820.0 0 0 1 0 1 0 -1 0 0 3003.DAT
0 STEP
1 86 220.0 -48 1860.0 0 0 1 0 1 0 -1 0 0 3001.DAT
0 STEP
1 86 210.0 -144 1860.0 0 0 1 0 1 0 -1 0 0 3004.DAT
0 STEP
1 86 210.0 -408 1850.0 0 0 1 0 1 0 -1 0 0 3005.DAT
0 STEP
1 86 230.0 -24 1870.0 -1 0 0 0 1 0 0 0 -1 3622.DAT
0 STEP
1 86 240.0 -24 1890.0 -1 0 0 0 1 0 0 0 -1 3010.DAT
0 STEP
1 86 210.0 -120 1910.0 0 0 1 0 1 0 -1 0 0 3622.DAT
0 STEP
1 86 240.0 -144 1890.0 -1 0 0 0 1 0 0 0 -1 3010.DAT
0 STEP
1 86 230.0 -384 1900.0 -1 0 0 0 1 0 0 0 -1 3002.DAT
0 STEP
1 86 260.0 -24 1910.0 -1 0 0 0 1 0 0 0 -1 3009.DAT
0 STEP
1 86 210.0 0 1940.0 0 0 1 0 1 0 -1 0 0 3004.DAT
0 STEP
1 86 260.0 -96 1930.0 -1 0 0 0 1 0 0 0 -1 3009.DAT
0 STEP
1 86 230.0 -384 1930.0 -1 0 0 0 1 0 0 0 -1 3622.DAT
0 STEP
1 86 280.0 -96 1950.0 -1 0 0 0 1 0 0 0 -1 3008.DAT
0 STEP
1 86 230.0 -384 1960.0 -1 0 0 0 1 0 0 0 -1 3002.DAT
0 STEP
1 86 240.0 0 1970.0 -1 0 0 0 1 0 0 0 -1 3010.DAT
0 STEP
1 86 210.0 -24 1990.0 0 0 1 0 1 0 -1 0 0 3622.DAT
0 STEP
1 86 220.0 -96 1970.0 -1 0 0 0 1 0 0 0 -1 3004.DAT
0 STEP
1 86 260.0 -120 1990.0 -1 0 0 0 1 0 0 0 -1 3009.DAT
0 STEP
1 86 210.0 -384 2020.0 0 0 1 0 1 0 -1 0 0 3010.DAT
0 STEP
1 86 210.0 -96 2040.0 0 0 1 0 1 0 -1 0 0 3010.DAT
0 STEP
1 86 210.0 -144 2040.0 0 0 1 0 1 0 -1 0 0 3010.DAT
0 STEP
1 86 220.0 -24 2060.0 0 0 1 0 1 0 -1 0 0 3001.DAT
0 STEP
1 86 210.0 -408 2090.0 0 0 1 0 1 0 -1 0 0 3622.DAT
0 STEP
1 86 220.0 -48 2120.0 0 0 1 0 1 0 -1 0 0 3001.DAT
0 STEP
1 86 220.0 -144 2120.0 0 0 1 0 1 0 -1 0 0 3001.DAT
0 STEP
1 86 210.0 0 2160.0 0 0 1 0 1 0 -1 0 0 3009.DAT
0 STEP
1 86 240.0 -120 2130.0 -1 0 0 0 1 0 0 0 -1 3010.DAT
0 STEP
1 86 240.0 -24 2160.0 -1 0 0 0 1 0 0 0 -1 3001.DAT
0 STEP
1 86 210.0 -408 2160.0 0 0 1 0 1 0 -1 0 0 3004.DAT
0 STEP
1 86 210.0 -48 2170.0 0 0 1 0 1 0 -1 0 0 3005.DAT
0 STEP
1 86 230.0 -120 2170.0 -1 0 0 0 1 0 0 0 -1 3622.DAT
0 STEP
1 86 210.0 -144 2200.0 0 0 1 0 1 0 -1 0 0 3010.DAT
0 STEP
1 86 240.0 -24 2190.0 -1 0 0 0 1 0 0 0 -1 3010.DAT
0 STEP
1 86 240.0 -312 2190.0 -1 0 0 0 1 0 0 0 -1 3010.DAT
0 STEP
1 86 240.0 -24 2230.0 -1 0 0 0 1 0 0 0 -1 3010.DAT
0 STEP
1 86 220.0 -120 2260.0 0 0 1 0 1 0 -1 0 0 3001.DAT
0 STEP
1 86 210.0 0 2300.0 0 0 1 0 1 0 -1 0 0 3010.DAT
0 STEP
1 86 240.0 -48 2310.0 -1 0 0 0 1 0 0 0 -1 3010.DAT
0 STEP
1 86 210.0 -24 2400.0 0 0 1 0 1 0 -1 0 0 3008.DAT
0 STEP
1 86 210.0 -48 2340.0 0 0 1 0 1 0 -1 0 0 3004.DAT
0 STEP
1 86 210.0 0 2350.0 0 0 1 0 1 0 -1 0 0 3005.DAT
0 STEP
1 86 210.0 -120 2350.0 0 0 1 0 1 0 -1 0 0 3005.DAT
0 STEP
1 86 230.0 0 2370.0 -1 0 0 0 1 0 0 0 -1 3622.DAT
0 STEP
1 86 240.0 -48 2370.0 -1 0 0 0 1 0 0 0 -1 3010.DAT
0 STEP
1 86 210.0 -120 2420.0 0 0 1 0 1 0 -1 0 0 3009.DAT
0 STEP
1 86 260.0 -96 2400.0 -1 0 0 0 1 0 0 0 -1 2456.DAT
0 STEP
1 86 210.0 -48 2450.0 0 0 1 0 1 0 -1 0 0 3005.DAT
0 STEP
1 86 240.0 -48 2470.0 -1 0 0 0 1 0 0 0 -1 3010.DAT
0 STEP
1 86 210.0 -48 2500.0 0 0 1 0 1 0 -1 0 0 3004.DAT
0 STEP
1 86 230.0 -144 10.0 0 0 1 0 1 0 -1 0 0 3005.DAT
0 STEP
1 86 230.0 -168 30.0 0 0 1 0 1 0 -1 0 0 3622.DAT
0 STEP
1 86 230.0 -216 30.0 0 0 1 0 1 0 -1 0 0 3622.DAT
0 STEP
1 86 230.0 -24 30.0 0 0 1 0 1 0 -1 0 0 3005.DAT
0 STEP
1 86 230.0 -48 30.0 0 0 1 0 1 0 -1 0 0 3005.DAT
0 STEP
1 86 230.0 -72 50.0 0 0 1 0 1 0 -1 0 0 3622.DAT
0 STEP
1 86 230.0 -120 30.0 0 0 1 0 1 0 -1 0 0 3005.DAT
0 STEP
1 86 260.0 -144 30.0 -1 0 0 0 1 0 0 0 -1 3010.DAT
0 STEP
1 86 250.0 -48 50.0 -1 0 0 0 1 0 0 0 -1 3622.DAT
0 STEP
1 86 250.0 -120 50.0 -1 0 0 0 1 0 0 0 -1 3622.DAT
0 STEP
1 86 230.0 -144 50.0 0 0 1 0 1 0 -1 0 0 3005.DAT
0 STEP
1 86 260.0 -192 50.0 -1 0 0 0 1 0 0 0 -1 3010.DAT
0 STEP
1 86 260.0 -240 50.0 -1 0 0 0 1 0 0 0 -1 3010.DAT
0 STEP
1 86 230.0 -24 70.0 0 0 1 0 1 0 -1 0 0 3005.DAT
0 STEP
1 86 230.0 -48 70.0 0 0 1 0 1 0 -1 0 0 3005.DAT
0 STEP
1 86 240.0 -120 100.0 0 0 1 0 1 0 -1 0 0 3001.DAT
0 STEP
1 86 260.0 -48 90.0 -1 0 0 0 1 0 0 0 -1 3010.DAT
0 STEP
1 86 260.0 -144 100.0 -1 0 0 0 1 0 0 0 -1 3001.DAT
0 STEP
1 86 230.0 -48 130.0 0 0 1 0 1 0 -1 0 0 3622.DAT
0 STEP
1 86 230.0 -144 130.0 0 0 1 0 1 0 -1 0 0 3005.DAT
0 STEP
1 86 230.0 0 200.0 0 0 1 0 1 0 -1 0 0 3009.DAT
0 STEP
1 86 260.0 -144 150.0 -1 0 0 0 1 0 0 0 -1 3010.DAT
0 STEP
1 86 230.0 -120 170.0 0 0 1 0 1 0 -1 0 0 3005.DAT
0 STEP
1 86 230.0 -48 200.0 0 0 1 0 1 0 -1 0 0 3004.DAT
0 STEP
1 86 230.0 -96 220.0 0 0 1 0 1 0 -1 0 0 3010.DAT
0 STEP
1 86 230.0 -144 240.0 0 0 1 0 1 0 -1 0 0 3010.DAT
0 STEP
1 86 280.0 -48 240.0 -1 0 0 0 1 0 0 0 -1 2456.DAT
0 STEP
1 86 230.0 -24 280.0 0 0 1 0 1 0 -1 0 0 3010.DAT
0 STEP
1 86 230.0 0 270.0 0 0 1 0 1 0 -1 0 0 3005.DAT
0 STEP
1 86 280.0 -48 270.0 -1 0 0 0 1 0 0 0 -1 3009.DAT
0 STEP
1 86 230.0 -96 270.0 0 0 1 0 1 0 -1 0 0 3005.DAT
0 STEP
1 86 240.0 -120 300.0 0 0 1 0 1 0 -1 0 0 3001.DAT
0 STEP
1 86 260.0 0 290.0 -1 0 0 0 1 0 0 0 -1 3010.DAT
0 STEP
1 86 250.0 -48 310.0 -1 0 0 0 1 0 0 0 -1 3622.DAT
0 STEP
1 86 260.0 -48 340.0 -1 0 0 0 1 0 0 0 -1 3001.DAT
0 STEP
1 86 230.0 -96 360.0 0 0 1 0 1 0 -1 0 0 3004.DAT
0 STEP
1 86 280.0 -120 350.0 -1 0 0 0 1 0 0 0 -1 3009.DAT
0 STEP
1 86 230.0 -24 370.0 0 0 1 0 1 0 -1 0 0 3005.DAT
0 STEP
1 86 230.0 -144 370.0 0 0 1 0 1 0 -1 0 0 3005.DAT
0 STEP
1 86 230.0 -24 420.0 0 0 1 0 1 0 -1 0 0 3010.DAT
0 STEP
1 86 230.0 -144 460.0 0 0 1 0 1 0 -1 0 0 3008.DAT
0 STEP
1 86 280.0 -312 390.0 -1 0 0 0 1 0 0 0 -1 3009.DAT
0 STEP
1 86 260.0 -336 400.0 -1 0 0 0 1 0 0 0 -1 3001.DAT
0 STEP
1 86 250.0 -384 400.0 -1 0 0 0 1 0 0 0 -1 3002.DAT
0 STEP
1 86 230.0 -96 430.0 0 0 1 0 1 0 -1 0 0 3005.DAT
0 STEP
1 86 230.0 -48 450.0 0 0 1 0 1 0 -1 0 0 3005.DAT
0 STEP
1 86 240.0 -120 470.0 0 0 1 0 1 0 -1 0 0 3002.DAT
0 STEP
1 86 260.0 0 470.0 -1 0 0 0 1 0 0 0 -1 3010.DAT
0 STEP
1 86 280.0 -48 470.0 -1 0 0 0 1 0 0 0 -1 3009.DAT
0 STEP
1 86 230.0 -96 500.0 0 0 1 0 1 0 -1 0 0 3010.DAT
0 STEP
1 86 230.0 -24 490.0 0 0 1 0 1 0 -1 0 0 3005.DAT
0 STEP
1 86 250.0 -48 490.0 -1 0 0 0 1 0 0 0 -1 3622.DAT
0 STEP
1 86 230.0 -24 580.0 0 0 1 0 1 0 -1 0 0 3008.DAT
0 STEP
1 86 280.0 -48 510.0 -1 0 0 0 1 0 0 0 -1 3009.DAT
0 STEP
1 86 260.0 -120 510.0 -1 0 0 0 1 0 0 0 -1 3010.DAT
0 STEP
1 86 240.0 -120 560.0 0 0 1 0 1 0 -1 0 0 3001.DAT
0 STEP
1 86 250.0 -144 560.0 -1 0 0 0 1 0 0 0 -1 3002.DAT
0 STEP
1 86 230.0 -96 600.0 0 0 1 0 1 0 -1 0 0 3004.DAT
0 STEP
1 86 230.0 -144 590.0 0 0 1 0 1 0 -1 0 0 3005.DAT
0 STEP
1 86 240.0 -384 590.0 -1 0 0 0 1 0 0 0 -1 3004.DAT
0 STEP
1 86 240.0 -408 590.0 -1 0 0 0 1 0 0 0 -1 3004.DAT
0 STEP
1 86 230.0 -144 640.0 0 0 1 0 1 0 -1 0 0 3010.DAT
0 STEP
1 86 230.0 -384 610.0 0 0 1 0 1 0 -1 0 0 3005.DAT
0 STEP
1 86 230.0 -384 660.0 0 0 1 0 1 0 -1 0 0 3010.DAT
0 STEP
1 86 260.0 0 650.0 -1 0 0 0 1 0 0 0 -1 3010.DAT
0 STEP
1 86 230.0 -96 650.0 0 0 1 0 1 0 -1 0 0 3005.DAT
0 STEP
1 86 230.0 0 670.0 0 0 1 0 1 0 -1 0 0 3005.DAT
0 STEP
1 86 280.0 -48 670.0 -1 0 0 0 1 0 0 0 -1 3009.DAT
0 STEP
1 86 240.0 -120 680.0 0 0 1 0 1 0 -1 0 0 3003.DAT
0 STEP
1 86 230.0 0 760.0 0 0 1 0 1 0 -1 0 0 3008.DAT
0 STEP
1 86 230.0 -48 740.0 0 0 1 0 1 0 -1 0 0 3009.DAT
0 STEP
1 86 300.0 -144 690.0 -1 0 0 0 1 0 0 0 -1 3008.DAT
0 STEP
1 86 280.0 -24 710.0 -1 0 0 0 1 0 0 0 -1 3009.DAT
0 STEP
1 86 230.0 -96 780.0 0 0 1 0 1 0 -1 0 0 3008.DAT
0 STEP
1 86 260.0 -144 710.0 -1 0 0 0 1 0 0 0 -1 3010.DAT
0 STEP
1 86 230.0 -384 710.0 0 0 1 0 1 0 -1 0 0 3005.DAT
0 STEP
1 86 240.0 -144 800.0 0 0 1 0 1 0 -1 0 0 3007.DAT
0 STEP
1 86 230.0 -384 780.0 0 0 1 0 1 0 -1 0 0 3009.DAT
0 STEP
1 86 230.0 -24 840.0 0 0 1 0 1 0 -1 0 0 3010.DAT
0 STEP
1 86 230.0 -408 900.0 0 0 1 0 1 0 -1 0 0 3009.DAT
0 STEP
1 86 240.0 0 900.0 0 0 1 0 1 0 -1 0 0 3001.DAT
0 STEP
1 86 230.0 -96 870.0 0 0 1 0 1 0 -1 0 0 3005.DAT
0 STEP
1 86 230.0 -96 960.0 0 0 1 0 1 0 -1 0 0 3008.DAT
0 STEP
1 86 240.0 -144 920.0 0 0 1 0 1 0 -1 0 0 3001.DAT
0 STEP
1 86 240.0 -24 910.0 -1 0 0 0 1 0 0 0 -1 3004.DAT
0 STEP
1 86 240.0 -24 980.0 0 0 1 0 1 0 -1 0 0 2456.DAT
0 STEP
1 86 230.0 -120 980.0 0 0 1 0 1 0 -1 0 0 3010.DAT
0 STEP
1 86 260.0 0 970.0 -1 0 0 0 1 0 0 0 -1 3010.DAT
0 STEP
1 86 230.0 -408 970.0 0 0 1 0 1 0 -1 0 0 3005.DAT
0 STEP
1 86 260.0 -144 990.0 -1 0 0 0 1 0 0 0 -1 3010.DAT
0 STEP
1 86 230.0 -408 1060.0 0 0 1 0 1 0 -1 0 0 3008.DAT
0 STEP
1 86 300.0 -144 1010.0 -1 0 0 0 1 0 0 0 -1 3008.DAT
0 STEP
1 86 260.0 0 1030.0 -1 0 0 0 1 0 0 0 -1 3010.DAT
0 STEP
1 86 230.0 -144 1030.0 0 0 1 0 1 0 -1 0 0 3005.DAT
0 STEP
1 86 230.0 0 1100.0 0 0 1 0 1 0 -1 0 0 3009.DAT
0 STEP
1 86 300.0 -144 1050.0 -1 0 0 0 1 0 0 0 -1 3008.DAT
0 STEP
1 86 230.0 -96 1100.0 0 0 1 0 1 0 -1 0 0 3010.DAT
0 STEP
1 86 230.0 -144 1100.0 0 0 1 0 1 0 -1 0 0 3004.DAT
0 STEP
1 86 230.0 -48 1120.0 0 0 1 0 1 0 -1 0 0 3004.DAT
0 STEP
1 86 280.0 -144 1140.0 -1 0 0 0 1 0 0 0 -1 2456.DAT
0 STEP
1 86 230.0 -96 1150.0 0 0 1 0 1 0 -1 0 0 3005.DAT
0 STEP
1 86 230.0 -408 1160.0 0 0 1 0 1 0 -1 0 0 3004.DAT
0 STEP
1 86 260.0 -24 1170.0 -1 0 0 0 1 0 0 0 -1 3010.DAT
0 STEP
1 86 230.0 -96 1200.0 0 0 1 0 1 0 -1 0 0 3010.DAT
0 STEP
1 86 260.0 -144 1180.0 -1 0 0 0 1 0 0 0 -1 3001.DAT
0 STEP
1 86 260.0 0 1200.0 -1 0 0 0 1 0 0 0 -1 3001.DAT
0 STEP
1 86 260.0 -144 1210.0 -1 0 0 0 1 0 0 0 -1 3010.DAT
0 STEP
1 86 230.0 -24 1250.0 0 0 1 0 1 0 -1 0 0 3622.DAT
0 STEP
1 86 240.0 -120 1280.0 0 0 1 0 1 0 -1 0 0 2456.DAT
0 STEP
1 86 300.0 -144 1230.0 -1 0 0 0 1 0 0 0 -1 3008.DAT
0 STEP
1 86 280.0 -384 1260.0 -1 0 0 0 1 0 0 0 -1 2456.DAT
0 STEP
1 86 230.0 -48 1270.0 0 0 1 0 1 0 -1 0 0 3005.DAT
0 STEP
1 86 230.0 -96 1300.0 0 0 1 0 1 0 -1 0 0 3010.DAT
0 STEP
1 86 230.0 -408 1300.0 0 0 1 0 1 0 -1 0 0 3010.DAT
0 STEP
1 86 260.0 -24 1300.0 -1 0 0 0 1 0 0 0 -1 3001.DAT
0 STEP
1 86 260.0 -144 1290.0 -1 0 0 0 1 0 0 0 -1 3010.DAT
0 STEP
1 86 230.0 -144 1330.0 0 0 1 0 1 0 -1 0 0 3622.DAT
0 STEP
1 86 230.0 -24 1360.0 0 0 1 0 1 0 -1 0 0 3010.DAT
0 STEP
1 86 280.0 -120 1350.0 -1 0 0 0 1 0 0 0 -1 3009.DAT
0 STEP
1 86 240.0 -120 1370.0 -1 0 0 0 1 0 0 0 -1 3004.DAT
0 STEP
1 86 280.0 -384 1370.0 -1 0 0 0 1 0 0 0 -1 3009.DAT
0 STEP
1 86 240.0 0 1390.0 -1 0 0 0 1 0 0 0 -1 3004.DAT
0 STEP
1 86 240.0 -48 1420.0 0 0 1 0 1 0 -1 0 0 3001.DAT
0 STEP
1 86 240.0 -120 1420.0 0 0 1 0 1 0 -1 0 0 3001.DAT
0 STEP
1 86 240.0 -384 1420.0 0 0 1 0 1 0 -1 0 0 3001.DAT
0 STEP
1 86 240.0 0 1440.0 0 0 1 0 1 0 -1 0 0 3001.DAT
0 STEP
1 86 230.0 -144 1460.0 0 0 1 0 1 0 -1 0 0 3010.DAT
0 STEP
1 86 230.0 -96 1480.0 0 0 1 0 1 0 -1 0 0 3010.DAT
0 STEP
1 86 240.0 -408 1480.0 0 0 1 0 1 0 -1 0 0 3001.DAT
0 STEP
1 86 280.0 -384 1470.0 -1 0 0 0 1 0 0 0 -1 3009.DAT
0 STEP
1 86 240.0 0 1530.0 0 0 1 0 1 0 -1 0 0 3002.DAT
0 STEP
1 86 260.0 -144 1510.0 -1 0 0 0 1 0 0 0 -1 3010.DAT
0 STEP
1 86 230.0 -120 1530.0 0 0 1 0 1 0 -1 0 0 3005.DAT
0 STEP
1 86 260.0 -144 1540.0 -1 0 0 0 1 0 0 0 -1 3001.DAT
0 STEP
1 86 260.0 -408 1530.0 -1 0 0 0 1 0 0 0 -1 3010.DAT
0 STEP
1 86 230.0 0 1570.0 0 0 1 0 1 0 -1 0 0 3005.DAT
0 STEP
1 86 230.0 -48 1570.0 0 0 1 0 1 0 -1 0 0 3005.DAT
0 STEP
1 86 230.0 -96 1600.0 0 0 1 0 1 0 -1 0 0 3010.DAT
0 STEP
1 86 230.0 -144 1590.0 0 0 1 0 1 0 -1 0 0 3622.DAT
0 STEP
1 86 230.0 -48 1660.0 0 0 1 0 1 0 -1 0 0 3008.DAT
0 STEP
1 86 230.0 0 1680.0 0 0 1 0 1 0 -1 0 0 3010.DAT
0 STEP
1 86 230.0 -96 1720.0 0 0 1 0 1 0 -1 0 0 3008.DAT
0 STEP
1 86 240.0 -144 1740.0 0 0 1 0 1 0 -1 0 0 3001.DAT
0 STEP
1 86 260.0 -24 1730.0 -1 0 0 0 1 0 0 0 -1 3010.DAT
0 STEP
1 86 230.0 -24 1750.0 0 0 1 0 1 0 -1 0 0 3005.DAT
0 STEP
1 86 230.0 -120 1800.0 0 0 1 0 1 0 -1 0 0 3010.DAT
0 STEP
1 86 260.0 -408 1770.0 -1 0 0 0 1 0 0 0 -1 3010.DAT
0 STEP
1 86 230.0 -48 1800.0 0 0 1 0 1 0 -1 0 0 3004.DAT
0 STEP
1 86 230.0 -144 1790.0 0 0 1 0 1 0 -1 0 0 3005.DAT
0 STEP
1 86 250.0 -408 1800.0 -1 0 0 0 1 0 0 0 -1 3002.DAT
0 STEP
1 86 260.0 -144 1860.0 -1 0 0 0 1 0 0 0 -1 3001.DAT
0 STEP
1 86 240.0 -408 1880.0 0 0 1 0 1 0 -1 0 0 3001.DAT
0 STEP
1 86 230.0 -120 1900.0 0 0 1 0 1 0 -1 0 0 3010.DAT
0 STEP
1 86 240.0 0 1920.0 0 0 1 0 1 0 -1 0 0 3001.DAT
0 STEP
1 86 230.0 -96 1890.0 0 0 1 0 1 0 -1 0 0 3005.DAT
0 STEP
1 86 230.0 -48 1940.0 0 0 1 0 1 0 -1 0 0 3010.DAT
0 STEP
1 86 230.0 -24 1970.0 0 0 1 0 1 0 -1 0 0 3622.DAT
0 STEP
1 86 230.0 -120 1950.0 0 0 1 0 1 0 -1 0 0 3005.DAT
0 STEP
1 86 280.0 -144 1950.0 -1 0 0 0 1 0 0 0 -1 3009.DAT
0 STEP
1 86 230.0 -144 1980.0 0 0 1 0 1 0 -1 0 0 3004.DAT
0 STEP
1 86 230.0 -48 1990.0 0 0 1 0 1 0 -1 0 0 3005.DAT
0 STEP
1 86 230.0 -96 1990.0 0 0 1 0 1 0 -1 0 0 3005.DAT
0 STEP
1 86 240.0 -384 2020.0 0 0 1 0 1 0 -1 0 0 3001.DAT
0 STEP
1 86 280.0 -24 2010.0 -1 0 0 0 1 0 0 0 -1 3009.DAT
0 STEP
1 86 230.0 -96 2080.0 0 0 1 0 1 0 -1 0 0 3008.DAT
0 STEP
1 86 260.0 -144 2020.0 -1 0 0 0 1 0 0 0 -1 3001.DAT
0 STEP
1 86 250.0 -408 2030.0 -1 0 0 0 1 0 0 0 -1 3622.DAT
0 STEP
1 86 260.0 -144 2060.0 -1 0 0 0 1 0 0 0 -1 3001.DAT
0 STEP
1 86 230.0 -408 2100.0 0 0 1 0 1 0 -1 0 0 3009.DAT
0 STEP
1 86 240.0 0 2110.0 0 0 1 0 1 0 -1 0 0 3002.DAT
0 STEP
1 86 240.0 -384 2160.0 0 0 1 0 1 0 -1 0 0 3001.DAT
0 STEP
1 86 230.0 0 2200.0 0 0 1 0 1 0 -1 0 0 3009.DAT
0 STEP
1 86 230.0 -48 2190.0 0 0 1 0 1 0 -1 0 0 3622.DAT
0 STEP
1 86 230.0 -96 2170.0 0 0 1 0 1 0 -1 0 0 3005.DAT
0 STEP
1 86 230.0 -144 2180.0 0 0 1 0 1 0 -1 0 0 3004.DAT
0 STEP
1 86 260.0 -408 2170.0 -1 0 0 0 1 0 0 0 -1 3010.DAT
0 STEP
1 86 230.0 -96 2220.0 0 0 1 0 1 0 -1 0 0 3010.DAT
0 STEP
1 86 300.0 -144 2210.0 -1 0 0 0 1 0 0 0 -1 3008.DAT
0 STEP
1 86 230.0 -408 2210.0 0 0 1 0 1 0 -1 0 0 3005.DAT
0 STEP
1 86 280.0 -144 2230.0 -1 0 0 0 1 0 0 0 -1 3009.DAT
0 STEP
1 86 230.0 -24 2280.0 0 0 1 0 1 0 -1 0 0 3010.DAT
0 STEP
1 86 230.0 0 2270.0 0 0 1 0 1 0 -1 0 0 3005.DAT
0 STEP
1 86 230.0 -144 2270.0 0 0 1 0 1 0 -1 0 0 3005.DAT
0 STEP
1 86 230.0 0 2320.0 0 0 1 0 1 0 -1 0 0 3010.DAT
0 STEP
1 86 230.0 -96 2290.0 0 0 1 0 1 0 -1 0 0 3005.DAT
0 STEP
1 86 230.0 -144 2320.0 0 0 1 0 1 0 -1 0 0 3010.DAT
0 STEP
1 86 260.0 -96 2320.0 -1 0 0 0 1 0 0 0 -1 3001.DAT
0 STEP
1 86 230.0 -24 2330.0 0 0 1 0 1 0 -1 0 0 3005.DAT
0 STEP
1 86 260.0 -48 2340.0 -1 0 0 0 1 0 0 0 -1 3001.DAT
0 STEP
1 86 230.0 -24 2380.0 0 0 1 0 1 0 -1 0 0 3010.DAT
0 STEP
1 86 260.0 -96 2350.0 -1 0 0 0 1 0 0 0 -1 3010.DAT
0 STEP
1 86 230.0 -120 2370.0 0 0 1 0 1 0 -1 0 0 3622.DAT
0 STEP
1 86 280.0 -96 2370.0 -1 0 0 0 1 0 0 0 -1 3009.DAT
0 STEP
1 86 230.0 -144 2440.0 0 0 1 0 1 0 -1 0 0 3008.DAT
0 STEP
1 86 230.0 -48 2420.0 0 0 1 0 1 0 -1 0 0 3010.DAT
0 STEP
1 86 230.0 0 2410.0 0 0 1 0 1 0 -1 0 0 3005.DAT
0 STEP
1 86 230.0 -120 2440.0 0 0 1 0 1 0 -1 0 0 3010.DAT
0 STEP
1 86 240.0 -24 2450.0 0 0 1 0 1 0 -1 0 0 3002.DAT
0 STEP
1 86 240.0 -72 2450.0 -1 0 0 0 1 0 0 0 -1 3004.DAT
0 STEP
1 86 240.0 -96 2480.0 0 0 1 0 1 0 -1 0 0 3003.DAT
0 STEP
1 86 240.0 -48 2490.0 -1 0 0 0 1 0 0 0 -1 3004.DAT
0 STEP
1 86 250.0 -168 2490.0 -1 0 0 0 1 0 0 0 -1 3622.DAT
0 STEP
1 86 230.0 -192 2500.0 0 0 1 0 1 0 -1 0 0 3004.DAT
0 STEP
1 86 250.0 -216 2490.0 -1 0 0 0 1 0 0 0 -1 3622.DAT
0 STEP
1 86 230.0 -240 2500.0 0 0 1 0 1 0 -1 0 0 3004.DAT
0 STEP
1 86 270.0 -168 40.0 -1 0 0 0 1 0 0 0 -1 3002.DAT
0 STEP
1 86 250.0 -216 40.0 0 0 1 0 1 0 -1 0 0 3004.DAT
0 STEP
1 86 260.0 0 50.0 -1 0 0 0 1 0 0 0 -1 3004.DAT
0 STEP
1 86 250.0 -24 80.0 0 0 1 0 1 0 -1 0 0 3010.DAT
0 STEP
1 86 260.0 -72 70.0 0 0 1 0 1 0 -1 0 0 3002.DAT
0 STEP
1 86 280.0 -144 50.0 -1 0 0 0 1 0 0 0 -1 3010.DAT
0 STEP
1 86 280.0 0 70.0 -1 0 0 0 1 0 0 0 -1 3010.DAT
0 STEP
1 86 280.0 -48 70.0 -1 0 0 0 1 0 0 0 -1 3010.DAT
0 STEP
1 86 250.0 0 160.0 0 0 1 0 1 0 -1 0 0 3008.DAT
0 STEP
1 86 250.0 -48 120.0 0 0 1 0 1 0 -1 0 0 3004.DAT
0 STEP
1 86 250.0 -24 130.0 0 0 1 0 1 0 -1 0 0 3005.DAT
0 STEP
1 86 280.0 -144 130.0 -1 0 0 0 1 0 0 0 -1 3010.DAT
0 STEP
1 86 260.0 -48 180.0 0 0 1 0 1 0 -1 0 0 3001.DAT
0 STEP
1 86 260.0 -120 200.0 0 0 1 0 1 0 -1 0 0 3001.DAT
0 STEP
1 86 280.0 -96 200.0 -1 0 0 0 1 0 0 0 -1 3001.DAT
0 STEP
1 86 250.0 -144 210.0 0 0 1 0 1 0 -1 0 0 3005.DAT
0 STEP
1 86 280.0 -96 240.0 -1 0 0 0 1 0 0 0 -1 3001.DAT
0 STEP
1 86 250.0 -144 260.0 0 0 1 0 1 0 -1 0 0 3010.DAT
0 STEP
1 86 250.0 0 260.0 0 0 1 0 1 0 -1 0 0 3004.DAT
0 STEP
1 86 260.0 -24 260.0 0 0 1 0 1 0 -1 0 0 3003.DAT
0 STEP
1 86 280.0 -96 280.0 -1 0 0 0 1 0 0 0 -1 3001.DAT
0 STEP
1 86 250.0 -24 290.0 0 0 1 0 1 0 -1 0 0 3005.DAT
0 STEP
1 86 250.0 -24 340.0 0 0 1 0 1 0 -1 0 0 3010.DAT
0 STEP
1 86 280.0 -96 320.0 -1 0 0 0 1 0 0 0 -1 3001.DAT
0 STEP
1 86 250.0 -144 310.0 0 0 1 0 1 0 -1 0 0 3005.DAT
0 STEP
1 86 250.0 0 330.0 0 0 1 0 1 0 -1 0 0 3005.DAT
0 STEP
1 86 250.0 -144 360.0 0 0 1 0 1 0 -1 0 0 3010.DAT
0 STEP
1 86 280.0 0 350.0 -1 0 0 0 1 0 0 0 -1 3010.DAT
0 STEP
1 86 280.0 -96 360.0 -1 0 0 0 1 0 0 0 -1 3001.DAT
0 STEP
1 86 250.0 0 380.0 0 0 1 0 1 0 -1 0 0 3004.DAT
0 STEP
1 86 260.0 -120 390.0 0 0 1 0 1 0 -1 0 0 3002.DAT
0 STEP
1 86 280.0 -24 390.0 -1 0 0 0 1 0 0 0 -1 3010.DAT
0 STEP
1 86 260.0 -48 420.0 0 0 1 0 1 0 -1 0 0 3001.DAT
0 STEP
1 86 250.0 -192 400.0 0 0 1 0 1 0 -1 0 0 3004.DAT
0 STEP
1 86 250.0 -240 400.0 0 0 1 0 1 0 -1 0 0 3004.DAT
0 STEP
1 86 280.0 -288 400.0 -1 0 0 0 1 0 0 0 -1 3001.DAT
0 STEP
1 86 300.0 -24 410.0 -1 0 0 0 1 0 0 0 -1 3009.DAT
0 STEP
1 86 280.0 -144 420.0 -1 0 0 0 1 0 0 0 -1 3001.DAT
0 STEP
1 86 300.0 -360 410.0 -1 0 0 0 1 0 0 0 -1 3009.DAT
0 STEP
1 86 280.0 -24 430.0 -1 0 0 0 1 0 0 0 -1 3010.DAT
0 STEP
1 86 300.0 -96 440.0 -1 0 0 0 1 0 0 0 -1 2456.DAT
0 STEP
1 86 260.0 -24 480.0 0 0 1 0 1 0 -1 0 0 3001.DAT
0 STEP
1 86 280.0 -144 450.0 -1 0 0 0 1 0 0 0 -1 3010.DAT
0 STEP
1 86 300.0 -96 470.0 -1 0 0 0 1 0 0 0 -1 3009.DAT
0 STEP
1 86 260.0 -144 500.0 0 0 1 0 1 0 -1 0 0 3001.DAT
0 STEP
1 86 300.0 -96 500.0 -1 0 0 0 1 0 0 0 -1 2456.DAT
0 STEP
1 86 250.0 -24 540.0 0 0 1 0 1 0 -1 0 0 3004.DAT
0 STEP
1 86 280.0 -96 530.0 -1 0 0 0 1 0 0 0 -1 3010.DAT
0 STEP
1 86 260.0 -48 560.0 0 0 1 0 1 0 -1 0 0 3003.DAT
0 STEP
1 86 280.0 -24 570.0 -1 0 0 0 1 0 0 0 -1 3010.DAT
0 STEP
1 86 260.0 -24 620.0 0 0 1 0 1 0 -1 0 0 3001.DAT
0 STEP
1 86 280.0 -96 590.0 -1 0 0 0 1 0 0 0 -1 3010.DAT
0 STEP
1 86 250.0 -144 620.0 0 0 1 0 1 0 -1 0 0 3010.DAT
0 STEP
1 86 280.0 -432 600.0 -1 0 0 0 1 0 0 0 -1 3001.DAT
0 STEP
1 86 300.0 -96 620.0 -1 0 0 0 1 0 0 0 -1 2456.DAT
0 STEP
1 86 250.0 -384 640.0 0 0 1 0 1 0 -1 0 0 3010.DAT
0 STEP
1 86 280.0 -432 640.0 -1 0 0 0 1 0 0 0 -1 3001.DAT
0 STEP
1 86 300.0 -96 650.0 -1 0 0 0 1 0 0 0 -1 3009.DAT
0 STEP
1 86 280.0 0 680.0 -1 0 0 0 1 0 0 0 -1 3001.DAT
0 STEP
1 86 280.0 -144 670.0 -1 0 0 0 1 0 0 0 -1 3010.DAT
0 STEP
1 86 280.0 -432 680.0 -1 0 0 0 1 0 0 0 -1 3001.DAT
0 STEP
1 86 280.0 -48 690.0 -1 0 0 0 1 0 0 0 -1 3010.DAT
0 STEP
1 86 250.0 -384 690.0 0 0 1 0 1 0 -1 0 0 3005.DAT
0 STEP
1 86 250.0 0 740.0 0 0 1 0 1 0 -1 0 0 3010.DAT
0 STEP
1 86 250.0 -48 710.0 0 0 1 0 1 0 -1 0 0 3005.DAT
0 STEP
1 86 300.0 -96 720.0 -1 0 0 0 1 0 0 0 -1 2456.DAT
0 STEP
1 86 250.0 -384 760.0 0 0 1 0 1 0 -1 0 0 3009.DAT
0 STEP
1 86 280.0 -432 720.0 -1 0 0 0 1 0 0 0 -1 3001.DAT
0 STEP
1 86 250.0 -48 760.0 0 0 1 0 1 0 -1 0 0 3010.DAT
0 STEP
1 86 300.0 -96 760.0 -1 0 0 0 1 0 0 0 -1 2456.DAT
0 STEP
1 86 250.0 -24 770.0 0 0 1 0 1 0 -1 0 0 3005.DAT
0 STEP
1 86 270.0 0 790.0 -1 0 0 0 1 0 0 0 -1 3622.DAT
0 STEP
1 86 250.0 -24 820.0 0 0 1 0 1 0 -1 0 0 3010.DAT
0 STEP
1 86 300.0 -96 800.0 -1 0 0 0 1 0 0 0 -1 2456.DAT
0 STEP
1 86 280.0 0 820.0 -1 0 0 0 1 0 0 0 -1 3001.DAT
0 STEP
1 86 280.0 -96 830.0 -1 0 0 0 1 0 0 0 -1 3010.DAT
0 STEP
1 86 250.0 -384 830.0 0 0 1 0 1 0 -1 0 0 3005.DAT
0 STEP
1 86 280.0 -96 860.0 -1 0 0 0 1 0 0 0 -1 3001.DAT
0 STEP
1 86 250.0 -408 860.0 0 0 1 0 1 0 -1 0 0 3004.DAT
0 STEP
1 86 280.0 -24 870.0 -1 0 0 0 1 0 0 0 -1 3010.DAT
0 STEP
1 86 250.0 -48 900.0 0 0 1 0 1 0 -1 0 0 3010.DAT
0 STEP
1 86 250.0 -384 870.0 0 0 1 0 1 0 -1 0 0 3005.DAT
0 STEP
1 86 280.0 -96 900.0 -1 0 0 0 1 0 0 0 -1 3001.DAT
0 STEP
1 86 260.0 -408 960.0 0 0 1 0 1 0 -1 0 0 3007.DAT
0 STEP
1 86 280.0 -96 930.0 -1 0 0 0 1 0 0 0 -1 3010.DAT
0 STEP
1 86 280.0 -96 960.0 -1 0 0 0 1 0 0 0 -1 3001.DAT
0 STEP
1 86 250.0 -120 1020.0 0 0 1 0 1 0 -1 0 0 3008.DAT
0 STEP
1 86 250.0 0 1000.0 0 0 1 0 1 0 -1 0 0 3004.DAT
0 STEP
1 86 280.0 -96 990.0 -1 0 0 0 1 0 0 0 -1 3010.DAT
0 STEP
1 86 300.0 -96 1010.0 -1 0 0 0 1 0 0 0 -1 3009.DAT
0 STEP
1 86 300.0 -48 1030.0 -1 0 0 0 1 0 0 0 -1 3009.DAT
0 STEP
1 86 300.0 -96 1040.0 -1 0 0 0 1 0 0 0 -1 2456.DAT
0 STEP
1 86 280.0 -144 1030.0 -1 0 0 0 1 0 0 0 -1 3010.DAT
0 STEP
1 86 270.0 0 1050.0 -1 0 0 0 1 0 0 0 -1 3622.DAT
0 STEP
1 86 250.0 -24 1070.0 0 0 1 0 1 0 -1 0 0 3622.DAT
0 STEP
1 86 250.0 -384 1050.0 0 0 1 0 1 0 -1 0 0 3005.DAT
0 STEP
1 86 270.0 -408 1060.0 -1 0 0 0 1 0 0 0 -1 3002.DAT
0 STEP
1 86 250.0 0 1100.0 0 0 1 0 1 0 -1 0 0 3010.DAT
0 STEP
1 86 300.0 -96 1070.0 -1 0 0 0 1 0 0 0 -1 3009.DAT
0 STEP
1 86 280.0 -96 1100.0 -1 0 0 0 1 0 0 0 -1 3001.DAT
0 STEP
1 86 250.0 -144 1090.0 0 0 1 0 1 0 -1 0 0 3005.DAT
0 STEP
1 86 250.0 -384 1090.0 0 0 1 0 1 0 -1 0 0 3005.DAT
0 STEP
1 86 250.0 -408 1120.0 0 0 1 0 1 0 -1 0 0 3010.DAT
0 STEP
1 86 300.0 -48 1120.0 -1 0 0 0 1 0 0 0 -1 2456.DAT
0 STEP
1 86 280.0 -144 1110.0 -1 0 0 0 1 0 0 0 -1 3010.DAT
0 STEP
1 86 280.0 -96 1140.0 -1 0 0 0 1 0 0 0 -1 3001.DAT
0 STEP
1 86 250.0 -120 1130.0 0 0 1 0 1 0 -1 0 0 3005.DAT
0 STEP
1 86 250.0 -384 1130.0 0 0 1 0 1 0 -1 0 0 3005.DAT
0 STEP
1 86 250.0 0 1150.0 0 0 1 0 1 0 -1 0 0 3005.DAT
0 STEP
1 86 250.0 -48 1220.0 0 0 1 0 1 0 -1 0 0 3008.DAT
0 STEP
1 86 280.0 -96 1180.0 -1 0 0 0 1 0 0 0 -1 3001.DAT
0 STEP
1 86 250.0 -120 1180.0 0 0 1 0 1 0 -1 0 0 3004.DAT
0 STEP
1 86 250.0 -408 1170.0 0 0 1 0 1 0 -1 0 0 3005.DAT
0 STEP
1 86 250.0 -408 1260.0 0 0 1 0 1 0 -1 0 0 3008.DAT
0 STEP
1 86 280.0 -96 1220.0 -1 0 0 0 1 0 0 0 -1 3001.DAT
0 STEP
1 86 260.0 -24 1230.0 -1 0 0 0 1 0 0 0 -1 3004.DAT
0 STEP
1 86 250.0 0 1250.0 0 0 1 0 1 0 -1 0 0 3005.DAT
0 STEP
1 86 300.0 -24 1260.0 -1 0 0 0 1 0 0 0 -1 2456.DAT
0 STEP
1 86 280.0 -96 1260.0 -1 0 0 0 1 0 0 0 -1 3001.DAT
0 STEP
1 86 280.0 -144 1260.0 -1 0 0 0 1 0 0 0 -1 3001.DAT
0 STEP
1 86 250.0 0 1300.0 0 0 1 0 1 0 -1 0 0 3004.DAT
0 STEP
1 86 280.0 -96 1300.0 -1 0 0 0 1 0 0 0 -1 3001.DAT
0 STEP
1 86 250.0 -384 1290.0 0 0 1 0 1 0 -1 0 0 3005.DAT
0 STEP
1 86 280.0 -144 1320.0 -1 0 0 0 1 0 0 0 -1 3001.DAT
0 STEP
1 86 260.0 -24 1350.0 0 0 1 0 1 0 -1 0 0 3002.DAT
0 STEP
1 86 280.0 -96 1340.0 -1 0 0 0 1 0 0 0 -1 3001.DAT
0 STEP
1 86 250.0 -144 1420.0 0 0 1 0 1 0 -1 0 0 3008.DAT
0 STEP
1 86 300.0 -96 1380.0 -1 0 0 0 1 0 0 0 -1 2456.DAT
0 STEP
1 86 280.0 -24 1390.0 -1 0 0 0 1 0 0 0 -1 3010.DAT
0 STEP
1 86 250.0 -408 1410.0 0 0 1 0 1 0 -1 0 0 3622.DAT
0 STEP
1 86 300.0 -96 1410.0 -1 0 0 0 1 0 0 0 -1 3009.DAT
0 STEP
1 86 280.0 -24 1440.0 -1 0 0 0 1 0 0 0 -1 3001.DAT
0 STEP
1 86 280.0 -96 1440.0 -1 0 0 0 1 0 0 0 -1 3001.DAT
0 STEP
1 86 280.0 -24 1470.0 -1 0 0 0 1 0 0 0 -1 3010.DAT
0 STEP
1 86 280.0 -96 1480.0 -1 0 0 0 1 0 0 0 -1 3001.DAT
0 STEP
1 86 280.0 -24 1500.0 -1 0 0 0 1 0 0 0 -1 3001.DAT
0 STEP
1 86 250.0 -48 1540.0 0 0 1 0 1 0 -1 0 0 3010.DAT
0 STEP
1 86 280.0 -96 1510.0 -1 0 0 0 1 0 0 0 -1 3010.DAT
0 STEP
1 86 250.0 -384 1530.0 0 0 1 0 1 0 -1 0 0 3622.DAT
0 STEP
1 86 250.0 -120 1550.0 0 0 1 0 1 0 -1 0 0 3622.DAT
0 STEP
1 86 250.0 0 1640.0 0 0 1 0 1 0 -1 0 0 3008.DAT
0 STEP
1 86 280.0 -96 1570.0 -1 0 0 0 1 0 0 0 -1 3010.DAT
0 STEP
1 86 270.0 -144 1570.0 -1 0 0 0 1 0 0 0 -1 3622.DAT
0 STEP
1 86 270.0 -408 1580.0 -1 0 0 0 1 0 0 0 -1 3002.DAT
0 STEP
1 86 280.0 -48 1590.0 -1 0 0 0 1 0 0 0 -1 3010.DAT
0 STEP
1 86 280.0 -96 1600.0 -1 0 0 0 1 0 0 0 -1 3001.DAT
0 STEP
1 86 280.0 -144 1590.0 -1 0 0 0 1 0 0 0 -1 3010.DAT
0 STEP
1 86 250.0 -48 1610.0 0 0 1 0 1 0 -1 0 0 3005.DAT
0 STEP
1 86 260.0 -144 1610.0 -1 0 0 0 1 0 0 0 -1 3004.DAT
0 STEP
1 86 250.0 -48 1680.0 0 0 1 0 1 0 -1 0 0 3009.DAT
0 STEP
1 86 280.0 -96 1640.0 -1 0 0 0 1 0 0 0 -1 3001.DAT
0 STEP
1 86 250.0 -384 1630.0 0 0 1 0 1 0 -1 0 0 3005.DAT
0 STEP
1 86 250.0 -120 1650.0 0 0 1 0 1 0 -1 0 0 3005.DAT
0 STEP
1 86 280.0 -96 1670.0 -1 0 0 0 1 0 0 0 -1 3010.DAT
0 STEP
1 86 300.0 -96 1690.0 -1 0 0 0 1 0 0 0 -1 3009.DAT
0 STEP
1 86 250.0 -384 1690.0 0 0 1 0 1 0 -1 0 0 3005.DAT
0 STEP
1 86 280.0 -96 1720.0 -1 0 0 0 1 0 0 0 -1 3001.DAT
0 STEP
1 86 300.0 -24 1750.0 -1 0 0 0 1 0 0 0 -1 3009.DAT
0 STEP
1 86 280.0 -96 1760.0 -1 0 0 0 1 0 0 0 -1 3001.DAT
0 STEP
1 86 250.0 -24 1800.0 0 0 1 0 1 0 -1 0 0 3010.DAT
0 STEP
1 86 250.0 -120 1820.0 0 0 1 0 1 0 -1 0 0 3009.DAT
0 STEP
1 86 280.0 -48 1800.0 -1 0 0 0 1 0 0 0 -1 3001.DAT
0 STEP
1 86 280.0 -96 1800.0 -1 0 0 0 1 0 0 0 -1 3001.DAT
0 STEP
1 86 280.0 -144 1790.0 -1 0 0 0 1 0 0 0 -1 3010.DAT
0 STEP
1 86 250.0 -144 1820.0 0 0 1 0 1 0 -1 0 0 3004.DAT
0 STEP
1 86 250.0 -384 1840.0 0 0 1 0 1 0 -1 0 0 3010.DAT
0 STEP
1 86 300.0 -48 1840.0 -1 0 0 0 1 0 0 0 -1 2456.DAT
0 STEP
1 86 280.0 -96 1830.0 -1 0 0 0 1 0 0 0 -1 3010.DAT
0 STEP
1 86 300.0 0 1850.0 -1 0 0 0 1 0 0 0 -1 3009.DAT
0 STEP
1 86 280.0 -96 1860.0 -1 0 0 0 1 0 0 0 -1 3001.DAT
0 STEP
1 86 250.0 -48 1900.0 0 0 1 0 1 0 -1 0 0 3010.DAT
0 STEP
1 86 280.0 -96 1900.0 -1 0 0 0 1 0 0 0 -1 3001.DAT
0 STEP
1 86 250.0 -120 1920.0 0 0 1 0 1 0 -1 0 0 3010.DAT
0 STEP
1 86 250.0 -408 1940.0 0 0 1 0 1 0 -1 0 0 3004.DAT
0 STEP
1 86 300.0 -24 1960.0 -1 0 0 0 1 0 0 0 -1 2456.DAT
0 STEP
1 86 250.0 -48 1950.0 0 0 1 0 1 0 -1 0 0 3005.DAT
0 STEP
1 86 250.0 -48 2000.0 0 0 1 0 1 0 -1 0 0 3010.DAT
0 STEP
1 86 280.0 -96 1980.0 -1 0 0 0 1 0 0 0 -1 3001.DAT
0 STEP
1 86 280.0 -144 1970.0 -1 0 0 0 1 0 0 0 -1 3010.DAT
0 STEP
1 86 280.0 -24 1990.0 -1 0 0 0 1 0 0 0 -1 3010.DAT
0 STEP
1 86 250.0 -144 1990.0 0 0 1 0 1 0 -1 0 0 3005.DAT
0 STEP
1 86 280.0 -96 2020.0 -1 0 0 0 1 0 0 0 -1 3001.DAT
0 STEP
1 86 280.0 -24 2030.0 -1 0 0 0 1 0 0 0 -1 3010.DAT
0 STEP
1 86 260.0 -24 2080.0 0 0 1 0 1 0 -1 0 0 3001.DAT
0 STEP
1 86 280.0 -48 2050.0 -1 0 0 0 1 0 0 0 -1 3010.DAT
0 STEP
1 86 280.0 -96 2050.0 -1 0 0 0 1 0 0 0 -1 3010.DAT
0 STEP
1 86 250.0 -408 2050.0 0 0 1 0 1 0 -1 0 0 3005.DAT
0 STEP
1 86 250.0 -48 2070.0 0 0 1 0 1 0 -1 0 0 3005.DAT
0 STEP
1 86 280.0 -96 2080.0 -1 0 0 0 1 0 0 0 -1 3001.DAT
0 STEP
1 86 250.0 -408 2100.0 0 0 1 0 1 0 -1 0 0 3010.DAT
0 STEP
1 86 250.0 -48 2160.0 0 0 1 0 1 0 -1 0 0 3008.DAT
0 STEP
1 86 260.0 -144 2090.0 -1 0 0 0 1 0 0 0 -1 3004.DAT
0 STEP
1 86 280.0 -96 2120.0 -1 0 0 0 1 0 0 0 -1 3001.DAT
0 STEP
1 86 250.0 -144 2110.0 0 0 1 0 1 0 -1 0 0 3005.DAT
0 STEP
1 86 250.0 -144 2160.0 0 0 1 0 1 0 -1 0 0 3010.DAT
0 STEP
1 86 250.0 0 2160.0 0 0 1 0 1 0 -1 0 0 3004.DAT
0 STEP
1 86 280.0 -96 2160.0 -1 0 0 0 1 0 0 0 -1 3001.DAT
0 STEP
1 86 250.0 -408 2150.0 0 0 1 0 1 0 -1 0 0 3005.DAT
0 STEP
1 86 250.0 0 2260.0 0 0 1 0 1 0 -1 0 0 3008.DAT
0 STEP
1 86 260.0 -168 2200.0 0 0 1 0 1 0 -1 0 0 3003.DAT
0 STEP
1 86 270.0 -192 2200.0 -1 0 0 0 1 0 0 0 -1 3002.DAT
0 STEP
1 86 250.0 -216 2200.0 0 0 1 0 1 0 -1 0 0 3004.DAT
0 STEP
1 86 280.0 -240 2200.0 -1 0 0 0 1 0 0 0 -1 3001.DAT
0 STEP
1 86 260.0 -264 2200.0 0 0 1 0 1 0 -1 0 0 3003.DAT
0 STEP
1 86 260.0 -288 2200.0 0 0 1 0 1 0 -1 0 0 3003.DAT
0 STEP
1 86 250.0 -360 2200.0 0 0 1 0 1 0 -1 0 0 3004.DAT
0 STEP
1 86 270.0 -408 2200.0 -1 0 0 0 1 0 0 0 -1 3002.DAT
0 STEP
1 86 280.0 -96 2230.0 -1 0 0 0 1 0 0 0 -1 3010.DAT
0 STEP
1 86 250.0 -120 2230.0 0 0 1 0 1 0 -1 0 0 3005.DAT
0 STEP
1 86 300.0 -24 2250.0 -1 0 0 0 1 0 0 0 -1 3009.DAT
0 STEP
1 86 280.0 -96 2260.0 -1 0 0 0 1 0 0 0 -1 3001.DAT
0 STEP
1 86 250.0 -120 2320.0 0 0 1 0 1 0 -1 0 0 3008.DAT
0 STEP
1 86 280.0 -144 2260.0 -1 0 0 0 1 0 0 0 -1 3001.DAT
0 STEP
1 86 300.0 -24 2280.0 -1 0 0 0 1 0 0 0 -1 2456.DAT
0 STEP
1 86 280.0 -96 2290.0 -1 0 0 0 1 0 0 0 -1 3010.DAT
0 STEP
1 86 280.0 -144 2290.0 -1 0 0 0 1 0 0 0 -1 3010.DAT
0 STEP
1 86 250.0 -24 2310.0 0 0 1 0 1 0 -1 0 0 3005.DAT
0 STEP
1 86 300.0 -144 2320.0 -1 0 0 0 1 0 0 0 -1 2456.DAT
0 STEP
1 86 250.0 -24 2360.0 0 0 1 0 1 0 -1 0 0 3010.DAT
0 STEP
1 86 250.0 0 2350.0 0 0 1 0 1 0 -1 0 0 3005.DAT
0 STEP
1 86 300.0 -144 2360.0 -1 0 0 0 1 0 0 0 -1 2456.DAT
0 STEP
1 86 260.0 0 2420.0 0 0 1 0 1 0 -1 0 0 3001.DAT
0 STEP
1 86 280.0 -48 2400.0 -1 0 0 0 1 0 0 0 -1 3001.DAT
0 STEP
1 86 270.0 -144 2390.0 -1 0 0 0 1 0 0 0 -1 3622.DAT
0 STEP
1 86 250.0 -24 2410.0 0 0 1 0 1 0 -1 0 0 3005.DAT
0 STEP
1 86 260.0 -120 2440.0 0 0 1 0 1 0 -1 0 0 3001.DAT
0 STEP
1 86 280.0 -144 2420.0 -1 0 0 0 1 0 0 0 -1 3001.DAT
0 STEP
1 86 270.0 -48 2440.0 -1 0 0 0 1 0 0 0 -1 3002.DAT
0 STEP
1 86 250.0 -72 2430.0 0 0 1 0 1 0 -1 0 0 3005.DAT
0 STEP
1 86 270.0 -96 2450.0 -1 0 0 0 1 0 0 0 -1 3622.DAT
0 STEP
1 86 280.0 -144 2450.0 -1 0 0 0 1 0 0 0 -1 3010.DAT
0 STEP
1 86 260.0 0 2470.0 -1 0 0 0 1 0 0 0 -1 3004.DAT
0 STEP
1 86 250.0 -72 2470.0 0 0 1 0 1 0 -1 0 0 3005.DAT
0 STEP
1 86 270.0 -144 2470.0 -1 0 0 0 1 0 0 0 -1 3622.DAT
0 STEP
1 86 250.0 -168 2470.0 0 0 1 0 1 0 -1 0 0 3005.DAT
0 STEP
1 86 250.0 -192 2490.0 0 0 1 0 1 0 -1 0 0 3622.DAT
0 STEP
1 86 270.0 -216 2470.0 -1 0 0 0 1 0 0 0 -1 3622.DAT
0 STEP
1 86 250.0 -240 2490.0 0 0 1 0 1 0 -1 0 0 3622.DAT
0 STEP
1 86 250.0 0 2490.0 0 0 1 0 1 0 -1 0 0 3005.DAT
0 STEP
1 86 250.0 -120 2490.0 0 0 1 0 1 0 -1 0 0 3005.DAT
0 STEP
1 86 260.0 -144 2490.0 -1 0 0 0 1 0 0 0 -1 3004.DAT
0 STEP
1 86 250.0 -144 2510.0 0 0 1 0 1 0 -1 0 0 3005.DAT
0 STEP
1 86 250.0 -216 2510.0 0 0 1 0 1 0 -1 0 0 3005.DAT
0 STEP
1 86 280.0 -216 30.0 -1 0 0 0 1 0 0 0 -1 3004.DAT
0 STEP
1 86 270.0 -24 50.0 0 0 1 0 1 0 -1 0 0 3005.DAT
0 STEP
1 86 270.0 -96 50.0 0 0 1 0 1 0 -1 0 0 3005.DAT
0 STEP
1 86 290.0 -216 50.0 -1 0 0 0 1 0 0 0 -1 3622.DAT
0 STEP
1 86 270.0 -24 100.0 0 0 1 0 1 0 -1 0 0 3010.DAT
0 STEP
1 86 290.0 -120 80.0 -1 0 0 0 1 0 0 0 -1 3002.DAT
0 STEP
1 86 300.0 -168 70.0 -1 0 0 0 1 0 0 0 -1 3010.DAT
0 STEP
1 86 280.0 -192 70.0 -1 0 0 0 1 0 0 0 -1 3004.DAT
0 STEP
1 86 280.0 -216 70.0 -1 0 0 0 1 0 0 0 -1 3004.DAT
0 STEP
1 86 300.0 -240 70.0 -1 0 0 0 1 0 0 0 -1 3010.DAT
0 STEP
1 86 300.0 0 100.0 -1 0 0 0 1 0 0 0 -1 3001.DAT
0 STEP
1 86 280.0 -96 120.0 0 0 1 0 1 0 -1 0 0 3001.DAT
0 STEP
1 86 300.0 -48 120.0 -1 0 0 0 1 0 0 0 -1 3001.DAT
0 STEP
1 86 300.0 -120 110.0 -1 0 0 0 1 0 0 0 -1 3010.DAT
0 STEP
1 86 270.0 0 130.0 0 0 1 0 1 0 -1 0 0 3005.DAT
0 STEP
1 86 270.0 -120 130.0 0 0 1 0 1 0 -1 0 0 3005.DAT
0 STEP
1 86 300.0 0 150.0 -1 0 0 0 1 0 0 0 -1 3010.DAT
0 STEP
1 86 270.0 0 200.0 0 0 1 0 1 0 -1 0 0 3010.DAT
0 STEP
1 86 280.0 -24 210.0 -1 0 0 0 1 0 0 0 -1 3004.DAT
0 STEP
1 86 270.0 -144 240.0 0 0 1 0 1 0 -1 0 0 3010.DAT
0 STEP
1 86 270.0 -24 230.0 0 0 1 0 1 0 -1 0 0 3005.DAT
0 STEP
1 86 270.0 0 250.0 0 0 1 0 1 0 -1 0 0 3005.DAT
0 STEP
1 86 270.0 -120 280.0 0 0 1 0 1 0 -1 0 0 3010.DAT
0 STEP
1 86 280.0 0 270.0 -1 0 0 0 1 0 0 0 -1 3004.DAT
0 STEP
1 86 270.0 -24 320.0 0 0 1 0 1 0 -1 0 0 3010.DAT
0 STEP
1 86 270.0 -144 290.0 0 0 1 0 1 0 -1 0 0 3005.DAT
0 STEP
1 86 270.0 -144 340.0 0 0 1 0 1 0 -1 0 0 3010.DAT
0 STEP
1 86 300.0 0 330.0 -1 0 0 0 1 0 0 0 -1 3010.DAT
0 STEP
1 86 270.0 -120 330.0 0 0 1 0 1 0 -1 0 0 3005.DAT
0 STEP
1 86 300.0 0 370.0 -1 0 0 0 1 0 0 0 -1 3010.DAT
0 STEP
1 86 290.0 -24 370.0 -1 0 0 0 1 0 0 0 -1 3622.DAT
0 STEP
1 86 280.0 0 420.0 0 0 1 0 1 0 -1 0 0 3001.DAT
0 STEP
1 86 270.0 -144 390.0 0 0 1 0 1 0 -1 0 0 3005.DAT
0 STEP
1 86 300.0 -192 400.0 -1 0 0 0 1 0 0 0 -1 3001.DAT
0 STEP
1 86 300.0 -240 400.0 -1 0 0 0 1 0 0 0 -1 3001.DAT
0 STEP
1 86 280.0 -120 470.0 0 0 1 0 1 0 -1 0 0 3002.DAT
0 STEP
1 86 270.0 -24 530.0 0 0 1 0 1 0 -1 0 0 3005.DAT
0 STEP
1 86 270.0 -120 540.0 0 0 1 0 1 0 -1 0 0 3004.DAT
0 STEP
1 86 300.0 -24 550.0 -1 0 0 0 1 0 0 0 -1 3010.DAT
0 STEP
1 86 270.0 0 580.0 0 0 1 0 1 0 -1 0 0 3004.DAT
0 STEP
1 86 280.0 -120 600.0 0 0 1 0 1 0 -1 0 0 3001.DAT
0 STEP
1 86 270.0 -48 600.0 0 0 1 0 1 0 -1 0 0 3004.DAT
0 STEP
1 86 320.0 -144 590.0 -1 0 0 0 1 0 0 0 -1 3009.DAT
0 STEP
1 86 300.0 -384 600.0 -1 0 0 0 1 0 0 0 -1 3001.DAT
0 STEP
1 86 270.0 -408 620.0 0 0 1 0 1 0 -1 0 0 3010.DAT
0 STEP
1 86 300.0 -144 610.0 -1 0 0 0 1 0 0 0 -1 3010.DAT
0 STEP
1 86 300.0 -144 640.0 -1 0 0 0 1 0 0 0 -1 3001.DAT
0 STEP
1 86 300.0 -384 640.0 -1 0 0 0 1 0 0 0 -1 3001.DAT
0 STEP
1 86 270.0 -48 650.0 0 0 1 0 1 0 -1 0 0 3005.DAT
0 STEP
1 86 270.0 -24 680.0 0 0 1 0 1 0 -1 0 0 3004.DAT
0 STEP
1 86 270.0 -120 700.0 0 0 1 0 1 0 -1 0 0 3010.DAT
0 STEP
1 86 300.0 -384 680.0 -1 0 0 0 1 0 0 0 -1 3001.DAT
0 STEP
1 86 270.0 -408 670.0 0 0 1 0 1 0 -1 0 0 3005.DAT
0 STEP
1 86 270.0 0 730.0 0 0 1 0 1 0 -1 0 0 3622.DAT
0 STEP
1 86 300.0 -48 720.0 -1 0 0 0 1 0 0 0 -1 3001.DAT
0 STEP
1 86 300.0 -384 720.0 -1 0 0 0 1 0 0 0 -1 3001.DAT
0 STEP
1 86 280.0 -144 730.0 -1 0 0 0 1 0 0 0 -1 3004.DAT
0 STEP
1 86 270.0 -24 780.0 0 0 1 0 1 0 -1 0 0 3010.DAT
0 STEP
1 86 300.0 -48 760.0 -1 0 0 0 1 0 0 0 -1 3001.DAT
0 STEP
1 86 300.0 -144 760.0 -1 0 0 0 1 0 0 0 -1 3001.DAT
0 STEP
1 86 300.0 -384 760.0 -1 0 0 0 1 0 0 0 -1 3001.DAT
0 STEP
1 86 280.0 0 770.0 -1 0 0 0 1 0 0 0 -1 3004.DAT
0 STEP
1 86 270.0 -120 790.0 0 0 1 0 1 0 -1 0 0 3622.DAT
0 STEP
1 86 290.0 -48 790.0 -1 0 0 0 1 0 0 0 -1 3622.DAT
0 STEP
1 86 280.0 -144 860.0 0 0 1 0 1 0 -1 0 0 3007.DAT
0 STEP
1 86 300.0 -384 800.0 -1 0 0 0 1 0 0 0 -1 3001.DAT
0 STEP
1 86 270.0 -24 830.0 0 0 1 0 1 0 -1 0 0 3005.DAT
0 STEP
1 86 300.0 -384 830.0 -1 0 0 0 1 0 0 0 -1 3010.DAT
0 STEP
1 86 270.0 -408 850.0 0 0 1 0 1 0 -1 0 0 3622.DAT
0 STEP
1 86 300.0 -24 850.0 -1 0 0 0 1 0 0 0 -1 3010.DAT
0 STEP
1 86 300.0 -384 860.0 -1 0 0 0 1 0 0 0 -1 3001.DAT
0 STEP
1 86 270.0 0 900.0 0 0 1 0 1 0 -1 0 0 3010.DAT
0 STEP
1 86 270.0 -48 870.0 0 0 1 0 1 0 -1 0 0 3005.DAT
0 STEP
1 86 270.0 -120 880.0 0 0 1 0 1 0 -1 0 0 3004.DAT
0 STEP
1 86 280.0 -48 920.0 0 0 1 0 1 0 -1 0 0 3001.DAT
0 STEP
1 86 300.0 -24 920.0 -1 0 0 0 1 0 0 0 -1 3001.DAT
0 STEP
1 86 300.0 -384 920.0 -1 0 0 0 1 0 0 0 -1 3001.DAT
0 STEP
1 86 270.0 -120 950.0 0 0 1 0 1 0 -1 0 0 3622.DAT
0 STEP
1 86 270.0 -24 970.0 0 0 1 0 1 0 -1 0 0 3622.DAT
0 STEP
1 86 270.0 -144 950.0 0 0 1 0 1 0 -1 0 0 3005.DAT
0 STEP
1 86 300.0 0 1000.0 -1 0 0 0 1 0 0 0 -1 3001.DAT
0 STEP
1 86 270.0 -120 1040.0 0 0 1 0 1 0 -1 0 0 3009.DAT
0 STEP
1 86 280.0 -24 1060.0 0 0 1 0 1 0 -1 0 0 2456.DAT
0 STEP
1 86 300.0 -384 1060.0 -1 0 0 0 1 0 0 0 -1 3001.DAT
0 STEP
1 86 280.0 0 1070.0 -1 0 0 0 1 0 0 0 -1 3004.DAT
0 STEP
1 86 320.0 -144 1080.0 -1 0 0 0 1 0 0 0 -1 2456.DAT
0 STEP
1 86 300.0 0 1090.0 -1 0 0 0 1 0 0 0 -1 3010.DAT
0 STEP
1 86 300.0 -384 1100.0 -1 0 0 0 1 0 0 0 -1 3001.DAT
0 STEP
1 86 280.0 -408 1090.0 -1 0 0 0 1 0 0 0 -1 3004.DAT
0 STEP
1 86 280.0 0 1140.0 0 0 1 0 1 0 -1 0 0 3001.DAT
0 STEP
1 86 270.0 -120 1180.0 0 0 1 0 1 0 -1 0 0 3008.DAT
0 STEP
1 86 270.0 -408 1180.0 0 0 1 0 1 0 -1 0 0 3008.DAT
0 STEP
1 86 300.0 -384 1140.0 -1 0 0 0 1 0 0 0 -1 3001.DAT
0 STEP
1 86 270.0 -48 1200.0 0 0 1 0 1 0 -1 0 0 3009.DAT
0 STEP
1 86 300.0 -384 1220.0 -1 0 0 0 1 0 0 0 -1 3001.DAT
0 STEP
1 86 270.0 0 1280.0 0 0 1 0 1 0 -1 0 0 3010.DAT
0 STEP
1 86 270.0 -48 1270.0 0 0 1 0 1 0 -1 0 0 3005.DAT
0 STEP
1 86 270.0 -120 1280.0 0 0 1 0 1 0 -1 0 0 3004.DAT
0 STEP
1 86 270.0 -408 1290.0 0 0 1 0 1 0 -1 0 0 3622.DAT
0 STEP
1 86 270.0 -48 1320.0 0 0 1 0 1 0 -1 0 0 3010.DAT
0 STEP
1 86 300.0 -384 1300.0 -1 0 0 0 1 0 0 0 -1 3001.DAT
0 STEP
1 86 280.0 -120 1320.0 0 0 1 0 1 0 -1 0 0 3003.DAT
0 STEP
1 86 270.0 0 1330.0 0 0 1 0 1 0 -1 0 0 3005.DAT
0 STEP
1 86 270.0 -408 1380.0 0 0 1 0 1 0 -1 0 0 3009.DAT
0 STEP
1 86 280.0 -144 1370.0 0 0 1 0 1 0 -1 0 0 3002.DAT
0 STEP
1 86 270.0 0 1400.0 0 0 1 0 1 0 -1 0 0 3010.DAT
0 STEP
1 86 280.0 -120 1400.0 0 0 1 0 1 0 -1 0 0 3001.DAT
0 STEP
1 86 270.0 -48 1410.0 0 0 1 0 1 0 -1 0 0 3622.DAT
0 STEP
1 86 300.0 -384 1400.0 -1 0 0 0 1 0 0 0 -1 3001.DAT
0 STEP
1 86 280.0 -144 1440.0 0 0 1 0 1 0 -1 0 0 3001.DAT
0 STEP
1 86 300.0 -384 1440.0 -1 0 0 0 1 0 0 0 -1 3001.DAT
0 STEP
1 86 300.0 0 1460.0 -1 0 0 0 1 0 0 0 -1 3001.DAT
0 STEP
1 86 280.0 -48 1480.0 0 0 1 0 1 0 -1 0 0 3001.DAT
0 STEP
1 86 290.0 -120 1450.0 -1 0 0 0 1 0 0 0 -1 3622.DAT
0 STEP
1 86 280.0 -408 1480.0 0 0 1 0 1 0 -1 0 0 3001.DAT
0 STEP
1 86 270.0 0 1520.0 0 0 1 0 1 0 -1 0 0 3010.DAT
0 STEP
1 86 300.0 -144 1490.0 -1 0 0 0 1 0 0 0 -1 3010.DAT
0 STEP
1 86 300.0 -384 1500.0 -1 0 0 0 1 0 0 0 -1 3001.DAT
0 STEP
1 86 300.0 -48 1540.0 -1 0 0 0 1 0 0 0 -1 3001.DAT
0 STEP
1 86 270.0 -120 1580.0 0 0 1 0 1 0 -1 0 0 3009.DAT
0 STEP
1 86 300.0 -384 1540.0 -1 0 0 0 1 0 0 0 -1 3001.DAT
0 STEP
1 86 270.0 0 1570.0 0 0 1 0 1 0 -1 0 0 3005.DAT
0 STEP
1 86 270.0 -48 1570.0 0 0 1 0 1 0 -1 0 0 3005.DAT
0 STEP
1 86 300.0 0 1600.0 -1 0 0 0 1 0 0 0 -1 3001.DAT
0 STEP
1 86 280.0 -48 1640.0 0 0 1 0 1 0 -1 0 0 3001.DAT
0 STEP
1 86 300.0 -408 1620.0 -1 0 0 0 1 0 0 0 -1 3001.DAT
0 STEP
1 86 300.0 0 1640.0 -1 0 0 0 1 0 0 0 -1 3001.DAT
0 STEP
1 86 300.0 -384 1630.0 -1 0 0 0 1 0 0 0 -1 3010.DAT
0 STEP
1 86 280.0 -120 1680.0 0 0 1 0 1 0 -1 0 0 3001.DAT
0 STEP
1 86 270.0 0 1700.0 0 0 1 0 1 0 -1 0 0 3010.DAT
0 STEP
1 86 270.0 -48 1690.0 0 0 1 0 1 0 -1 0 0 3005.DAT
0 STEP
1 86 300.0 -384 1690.0 -1 0 0 0 1 0 0 0 -1 3010.DAT
0 STEP
1 86 270.0 -48 1740.0 0 0 1 0 1 0 -1 0 0 3010.DAT
0 STEP
1 86 280.0 -144 1740.0 0 0 1 0 1 0 -1 0 0 3001.DAT
0 STEP
1 86 270.0 -408 1710.0 0 0 1 0 1 0 -1 0 0 3005.DAT
0 STEP
1 86 270.0 -120 1760.0 0 0 1 0 1 0 -1 0 0 3010.DAT
0 STEP
1 86 270.0 -24 1820.0 0 0 1 0 1 0 -1 0 0 3009.DAT
0 STEP
1 86 300.0 -384 1780.0 -1 0 0 0 1 0 0 0 -1 3001.DAT
0 STEP
1 86 280.0 -120 1810.0 -1 0 0 0 1 0 0 0 -1 3004.DAT
0 STEP
1 86 320.0 -144 1820.0 -1 0 0 0 1 0 0 0 -1 2456.DAT
0 STEP
1 86 300.0 -384 1810.0 -1 0 0 0 1 0 0 0 -1 3010.DAT
0 STEP
1 86 300.0 -120 1840.0 -1 0 0 0 1 0 0 0 -1 3001.DAT
0 STEP
1 86 300.0 -384 1840.0 -1 0 0 0 1 0 0 0 -1 3001.DAT
0 STEP
1 86 270.0 -408 1900.0 0 0 1 0 1 0 -1 0 0 3009.DAT
0 STEP
1 86 300.0 -48 1870.0 -1 0 0 0 1 0 0 0 -1 3010.DAT
0 STEP
1 86 270.0 -120 1920.0 0 0 1 0 1 0 -1 0 0 3009.DAT
0 STEP
1 86 300.0 -384 1880.0 -1 0 0 0 1 0 0 0 -1 3001.DAT
0 STEP
1 86 270.0 0 1920.0 0 0 1 0 1 0 -1 0 0 3010.DAT
0 STEP
1 86 290.0 -48 1890.0 -1 0 0 0 1 0 0 0 -1 3622.DAT
0 STEP
1 86 280.0 -48 1930.0 0 0 1 0 1 0 -1 0 0 3002.DAT
0 STEP
1 86 300.0 -384 1920.0 -1 0 0 0 1 0 0 0 -1 3001.DAT
0 STEP
1 86 300.0 -384 1960.0 -1 0 0 0 1 0 0 0 -1 3001.DAT
0 STEP
1 86 280.0 -48 2000.0 0 0 1 0 1 0 -1 0 0 3001.DAT
0 STEP
1 86 270.0 0 2020.0 0 0 1 0 1 0 -1 0 0 3010.DAT
0 STEP
1 86 300.0 -144 1990.0 -1 0 0 0 1 0 0 0 -1 3010.DAT
0 STEP
1 86 300.0 -384 2000.0 -1 0 0 0 1 0 0 0 -1 3001.DAT
0 STEP
1 86 270.0 -120 2010.0 0 0 1 0 1 0 -1 0 0 3005.DAT
0 STEP
1 86 270.0 -120 2060.0 0 0 1 0 1 0 -1 0 0 3010.DAT
0 STEP
1 86 300.0 -384 2040.0 -1 0 0 0 1 0 0 0 -1 3001.DAT
0 STEP
1 86 270.0 -408 2100.0 0 0 1 0 1 0 -1 0 0 3009.DAT
0 STEP
1 86 270.0 0 2070.0 0 0 1 0 1 0 -1 0 0 3005.DAT
0 STEP
1 86 300.0 -48 2070.0 -1 0 0 0 1 0 0 0 -1 3010.DAT
0 STEP
1 86 270.0 0 2160.0 0 0 1 0 1 0 -1 0 0 3008.DAT
0 STEP
1 86 300.0 -48 2100.0 -1 0 0 0 1 0 0 0 -1 3001.DAT
0 STEP
1 86 270.0 -120 2110.0 0 0 1 0 1 0 -1 0 0 3005.DAT
0 STEP
1 86 270.0 -144 2140.0 0 0 1 0 1 0 -1 0 0 3010.DAT
0 STEP
1 86 300.0 -384 2120.0 -1 0 0 0 1 0 0 0 -1 3001.DAT
0 STEP
1 86 270.0 -48 2150.0 0 0 1 0 1 0 -1 0 0 3622.DAT
0 STEP
1 86 270.0 -120 2150.0 0 0 1 0 1 0 -1 0 0 3005.DAT
0 STEP
1 86 300.0 -384 2160.0 -1 0 0 0 1 0 0 0 -1 3001.DAT
0 STEP
1 86 270.0 -120 2220.0 0 0 1 0 1 0 -1 0 0 3009.DAT
0 STEP
1 86 300.0 -48 2190.0 -1 0 0 0 1 0 0 0 -1 3010.DAT
0 STEP
1 86 270.0 -144 2190.0 0 0 1 0 1 0 -1 0 0 3005.DAT
0 STEP
1 86 270.0 -216 2190.0 0 0 1 0 1 0 -1 0 0 3005.DAT
0 STEP
1 86 270.0 -360 2190.0 0 0 1 0 1 0 -1 0 0 3005.DAT
0 STEP
1 86 270.0 -384 2200.0 0 0 1 0 1 0 -1 0 0 3004.DAT
0 STEP
1 86 270.0 -24 2210.0 0 0 1 0 1 0 -1 0 0 3005.DAT
0 STEP
1 86 270.0 -48 2240.0 0 0 1 0 1 0 -1 0 0 3010.DAT
0 STEP
1 86 320.0 -216 2210.0 -1 0 0 0 1 0 0 0 -1 3009.DAT
0 STEP
1 86 270.0 -312 2210.0 0 0 1 0 1 0 -1 0 0 3005.DAT
0 STEP
1 86 300.0 -360 2210.0 -1 0 0 0 1 0 0 0 -1 3010.DAT
0 STEP
1 86 270.0 0 2250.0 0 0 1 0 1 0 -1 0 0 3005.DAT
0 STEP
1 86 300.0 0 2270.0 -1 0 0 0 1 0 0 0 -1 3010.DAT
0 STEP
1 86 280.0 0 2310.0 0 0 1 0 1 0 -1 0 0 3002.DAT
0 STEP
1 86 270.0 -48 2290.0 0 0 1 0 1 0 -1 0 0 3005.DAT
0 STEP
1 86 270.0 -120 2340.0 0 0 1 0 1 0 -1 0 0 3009.DAT
0 STEP
1 86 300.0 -24 2310.0 -1 0 0 0 1 0 0 0 -1 3010.DAT
0 STEP
1 86 270.0 -24 2340.0 0 0 1 0 1 0 -1 0 0 3004.DAT
0 STEP
1 86 300.0 0 2360.0 -1 0 0 0 1 0 0 0 -1 3001.DAT
0 STEP
1 86 280.0 -24 2400.0 0 0 1 0 1 0 -1 0 0 3001.DAT
0 STEP
1 86 270.0 -72 2390.0 0 0 1 0 1 0 -1 0 0 3005.DAT
0 STEP
1 86 270.0 -72 2440.0 0 0 1 0 1 0 -1 0 0 3010.DAT
0 STEP
1 86 270.0 -24 2460.0 0 0 1 0 1 0 -1 0 0 3004.DAT
0 STEP
1 86 280.0 -168 2460.0 0 0 1 0 1 0 -1 0 0 3003.DAT
0 STEP
1 86 270.0 -192 2470.0 0 0 1 0 1 0 -1 0 0 3622.DAT
0 STEP
1 86 290.0 -216 2450.0 -1 0 0 0 1 0 0 0 -1 3622.DAT
0 STEP
1 86 270.0 -240 2470.0 0 0 1 0 1 0 -1 0 0 3622.DAT
0 STEP
1 86 270.0 -96 2470.0 0 0 1 0 1 0 -1 0 0 3005.DAT
0 STEP
1 86 290.0 -24 120.0 0 0 1 0 1 0 -1 0 0 3009.DAT
0 STEP
1 86 300.0 -72 90.0 0 0 1 0 1 0 -1 0 0 3002.DAT
0 STEP
1 86 290.0 -144 70.0 0 0 1 0 1 0 -1 0 0 3005.DAT
0 STEP
1 86 320.0 0 130.0 -1 0 0 0 1 0 0 0 -1 3010.DAT
0 STEP
1 86 300.0 -120 160.0 0 0 1 0 1 0 -1 0 0 3001.DAT
0 STEP
1 86 320.0 -48 160.0 -1 0 0 0 1 0 0 0 -1 3001.DAT
0 STEP
1 86 310.0 0 170.0 -1 0 0 0 1 0 0 0 -1 3622.DAT
0 STEP
1 86 290.0 -144 240.0 0 0 1 0 1 0 -1 0 0 3008.DAT
0 STEP
1 86 290.0 0 220.0 0 0 1 0 1 0 -1 0 0 3010.DAT
0 STEP
1 86 320.0 -48 200.0 -1 0 0 0 1 0 0 0 -1 3001.DAT
0 STEP
1 86 300.0 -120 230.0 0 0 1 0 1 0 -1 0 0 3002.DAT
0 STEP
1 86 320.0 -24 240.0 -1 0 0 0 1 0 0 0 -1 3001.DAT
0 STEP
1 86 320.0 -24 280.0 -1 0 0 0 1 0 0 0 -1 3001.DAT
0 STEP
1 86 320.0 -120 270.0 -1 0 0 0 1 0 0 0 -1 3010.DAT
0 STEP
1 86 290.0 -48 300.0 0 0 1 0 1 0 -1 0 0 3004.DAT
0 STEP
1 86 320.0 -120 300.0 -1 0 0 0 1 0 0 0 -1 3001.DAT
0 STEP
1 86 290.0 0 310.0 0 0 1 0 1 0 -1 0 0 3005.DAT
0 STEP
1 86 320.0 -24 320.0 -1 0 0 0 1 0 0 0 -1 3001.DAT
0 STEP
1 86 320.0 -120 330.0 -1 0 0 0 1 0 0 0 -1 3010.DAT
0 STEP
1 86 300.0 -144 360.0 0 0 1 0 1 0 -1 0 0 3001.DAT
0 STEP
1 86 320.0 -24 350.0 -1 0 0 0 1 0 0 0 -1 3010.DAT
0 STEP
1 86 290.0 -48 390.0 0 0 1 0 1 0 -1 0 0 3622.DAT
0 STEP
1 86 320.0 -120 370.0 -1 0 0 0 1 0 0 0 -1 3010.DAT
0 STEP
1 86 320.0 -120 400.0 -1 0 0 0 1 0 0 0 -1 3001.DAT
0 STEP
1 86 290.0 -216 400.0 0 0 1 0 1 0 -1 0 0 3004.DAT
0 STEP
1 86 320.0 -384 390.0 -1 0 0 0 1 0 0 0 -1 3010.DAT
0 STEP
1 86 310.0 -384 410.0 -1 0 0 0 1 0 0 0 -1 3622.DAT
0 STEP
1 86 320.0 -48 440.0 -1 0 0 0 1 0 0 0 -1 3001.DAT
0 STEP
1 86 290.0 -120 430.0 0 0 1 0 1 0 -1 0 0 3005.DAT
0 STEP
1 86 300.0 -24 450.0 -1 0 0 0 1 0 0 0 -1 3004.DAT
0 STEP
1 86 300.0 -24 500.0 0 0 1 0 1 0 -1 0 0 3001.DAT
0 STEP
1 86 300.0 -144 480.0 0 0 1 0 1 0 -1 0 0 3003.DAT
0 STEP
1 86 310.0 0 500.0 -1 0 0 0 1 0 0 0 -1 3002.DAT
0 STEP
1 86 320.0 -48 490.0 -1 0 0 0 1 0 0 0 -1 3010.DAT
0 STEP
1 86 290.0 -144 540.0 0 0 1 0 1 0 -1 0 0 3010.DAT
0 STEP
1 86 290.0 0 580.0 0 0 1 0 1 0 -1 0 0 3009.DAT
0 STEP
1 86 320.0 -120 530.0 -1 0 0 0 1 0 0 0 -1 3010.DAT
0 STEP
1 86 290.0 -48 580.0 0 0 1 0 1 0 -1 0 0 3010.DAT
0 STEP
1 86 290.0 -120 550.0 0 0 1 0 1 0 -1 0 0 3005.DAT
0 STEP
1 86 300.0 -24 620.0 0 0 1 0 1 0 -1 0 0 3001.DAT
0 STEP
1 86 290.0 -408 590.0 0 0 1 0 1 0 -1 0 0 3005.DAT
0 STEP
1 86 290.0 -408 680.0 0 0 1 0 1 0 -1 0 0 3008.DAT
0 STEP
1 86 320.0 -48 640.0 -1 0 0 0 1 0 0 0 -1 3001.DAT
0 STEP
1 86 290.0 -120 720.0 0 0 1 0 1 0 -1 0 0 3008.DAT
0 STEP
1 86 320.0 -24 680.0 -1 0 0 0 1 0 0 0 -1 3001.DAT
0 STEP
1 86 300.0 0 710.0 -1 0 0 0 1 0 0 0 -1 3004.DAT
0 STEP
1 86 320.0 0 740.0 -1 0 0 0 1 0 0 0 -1 3001.DAT
0 STEP
1 86 300.0 -24 780.0 0 0 1 0 1 0 -1 0 0 3001.DAT
0 STEP
1 86 290.0 -408 770.0 0 0 1 0 1 0 -1 0 0 3005.DAT
0 STEP
1 86 290.0 -408 820.0 0 0 1 0 1 0 -1 0 0 3010.DAT
0 STEP
1 86 290.0 -48 840.0 0 0 1 0 1 0 -1 0 0 3010.DAT
0 STEP
1 86 290.0 -120 840.0 0 0 1 0 1 0 -1 0 0 3010.DAT
0 STEP
1 86 320.0 -24 830.0 -1 0 0 0 1 0 0 0 -1 3010.DAT
0 STEP
1 86 320.0 0 860.0 -1 0 0 0 1 0 0 0 -1 3001.DAT
0 STEP
1 86 300.0 -408 870.0 -1 0 0 0 1 0 0 0 -1 3004.DAT
0 STEP
1 86 290.0 0 920.0 0 0 1 0 1 0 -1 0 0 3010.DAT
0 STEP
1 86 290.0 -120 910.0 0 0 1 0 1 0 -1 0 0 3622.DAT
0 STEP
1 86 320.0 -408 900.0 -1 0 0 0 1 0 0 0 -1 3001.DAT
0 STEP
1 86 320.0 -408 930.0 -1 0 0 0 1 0 0 0 -1 3010.DAT
0 STEP
1 86 310.0 -24 960.0 -1 0 0 0 1 0 0 0 -1 3002.DAT
0 STEP
1 86 320.0 -120 950.0 -1 0 0 0 1 0 0 0 -1 3010.DAT
0 STEP
1 86 290.0 -144 960.0 0 0 1 0 1 0 -1 0 0 3004.DAT
0 STEP
1 86 300.0 -408 950.0 -1 0 0 0 1 0 0 0 -1 3004.DAT
0 STEP
1 86 290.0 -120 1040.0 0 0 1 0 1 0 -1 0 0 3008.DAT
0 STEP
1 86 300.0 -408 1000.0 0 0 1 0 1 0 -1 0 0 3001.DAT
0 STEP
1 86 290.0 -24 990.0 0 0 1 0 1 0 -1 0 0 3005.DAT
0 STEP
1 86 290.0 -408 1160.0 0 0 1 0 1 0 -1 0 0 3009.DAT
0 STEP
1 86 290.0 -120 1200.0 0 0 1 0 1 0 -1 0 0 3008.DAT
0 STEP
1 86 300.0 -48 1220.0 0 0 1 0 1 0 -1 0 0 3007.DAT
0 STEP
1 86 320.0 -24 1220.0 -1 0 0 0 1 0 0 0 -1 3001.DAT
0 STEP
1 86 300.0 -408 1260.0 0 0 1 0 1 0 -1 0 0 3001.DAT
0 STEP
1 86 300.0 0 1250.0 -1 0 0 0 1 0 0 0 -1 3004.DAT
0 STEP
1 86 320.0 0 1280.0 -1 0 0 0 1 0 0 0 -1 3001.DAT
0 STEP
1 86 320.0 -120 1290.0 -1 0 0 0 1 0 0 0 -1 3010.DAT
0 STEP
1 86 320.0 0 1310.0 -1 0 0 0 1 0 0 0 -1 3010.DAT
0 STEP
1 86 320.0 -48 1320.0 -1 0 0 0 1 0 0 0 -1 3001.DAT
0 STEP
1 86 300.0 -408 1310.0 -1 0 0 0 1 0 0 0 -1 3004.DAT
0 STEP
1 86 290.0 0 1380.0 0 0 1 0 1 0 -1 0 0 3009.DAT
0 STEP
1 86 290.0 -24 1340.0 0 0 1 0 1 0 -1 0 0 3004.DAT
0 STEP
1 86 300.0 -408 1360.0 0 0 1 0 1 0 -1 0 0 3001.DAT
0 STEP
1 86 320.0 -48 1350.0 -1 0 0 0 1 0 0 0 -1 3010.DAT
0 STEP
1 86 310.0 -24 1370.0 -1 0 0 0 1 0 0 0 -1 3622.DAT
0 STEP
1 86 300.0 -48 1390.0 0 0 1 0 1 0 -1 0 0 3002.DAT
0 STEP
1 86 300.0 -408 1410.0 -1 0 0 0 1 0 0 0 -1 3004.DAT
0 STEP
1 86 320.0 -48 1430.0 -1 0 0 0 1 0 0 0 -1 3010.DAT
0 STEP
1 86 320.0 -408 1430.0 -1 0 0 0 1 0 0 0 -1 3010.DAT
0 STEP
1 86 300.0 -120 1500.0 0 0 1 0 1 0 -1 0 0 3001.DAT
0 STEP
1 86 320.0 0 1490.0 -1 0 0 0 1 0 0 0 -1 3010.DAT
0 STEP
1 86 290.0 0 1530.0 0 0 1 0 1 0 -1 0 0 3622.DAT
0 STEP
1 86 300.0 -24 1560.0 0 0 1 0 1 0 -1 0 0 3001.DAT
0 STEP
1 86 290.0 -120 1580.0 0 0 1 0 1 0 -1 0 0 3010.DAT
0 STEP
1 86 320.0 0 1570.0 -1 0 0 0 1 0 0 0 -1 3010.DAT
0 STEP
1 86 320.0 -48 1570.0 -1 0 0 0 1 0 0 0 -1 3010.DAT
0 STEP
1 86 290.0 -144 1640.0 0 0 1 0 1 0 -1 0 0 3010.DAT
0 STEP
1 86 290.0 -120 1630.0 0 0 1 0 1 0 -1 0 0 3005.DAT
0 STEP
1 86 300.0 -24 1650.0 -1 0 0 0 1 0 0 0 -1 3004.DAT
0 STEP
1 86 320.0 0 1670.0 -1 0 0 0 1 0 0 0 -1 3010.DAT
0 STEP
1 86 320.0 0 1700.0 -1 0 0 0 1 0 0 0 -1 3001.DAT
0 STEP
1 86 320.0 -48 1700.0 -1 0 0 0 1 0 0 0 -1 3001.DAT
0 STEP
1 86 290.0 -144 1690.0 0 0 1 0 1 0 -1 0 0 3005.DAT
0 STEP
1 86 290.0 -24 1710.0 0 0 1 0 1 0 -1 0 0 3005.DAT
0 STEP
1 86 320.0 -408 1710.0 -1 0 0 0 1 0 0 0 -1 3010.DAT
0 STEP
1 86 290.0 0 1750.0 0 0 1 0 1 0 -1 0 0 3622.DAT
0 STEP
1 86 310.0 -48 1730.0 -1 0 0 0 1 0 0 0 -1 3622.DAT
0 STEP
1 86 310.0 -120 1740.0 -1 0 0 0 1 0 0 0 -1 3002.DAT
0 STEP
1 86 300.0 -48 1760.0 0 0 1 0 1 0 -1 0 0 3003.DAT
0 STEP
1 86 320.0 -24 1770.0 -1 0 0 0 1 0 0 0 -1 3010.DAT
0 STEP
1 86 320.0 -120 1770.0 -1 0 0 0 1 0 0 0 -1 3010.DAT
0 STEP
1 86 290.0 -24 1840.0 0 0 1 0 1 0 -1 0 0 3009.DAT
0 STEP
1 86 290.0 -120 1790.0 0 0 1 0 1 0 -1 0 0 3005.DAT
0 STEP
1 86 290.0 -408 1790.0 0 0 1 0 1 0 -1 0 0 3005.DAT
0 STEP
1 86 290.0 -408 1860.0 0 0 1 0 1 0 -1 0 0 3009.DAT
0 STEP
1 86 320.0 -120 1880.0 -1 0 0 0 1 0 0 0 -1 3001.DAT
0 STEP
1 86 300.0 0 1980.0 0 0 1 0 1 0 -1 0 0 3006.DAT
0 STEP
1 86 290.0 -144 1890.0 0 0 1 0 1 0 -1 0 0 3005.DAT
0 STEP
1 86 300.0 -120 1940.0 0 0 1 0 1 0 -1 0 0 3001.DAT
0 STEP
1 86 320.0 -408 1940.0 -1 0 0 0 1 0 0 0 -1 3001.DAT
0 STEP
1 86 320.0 -120 2010.0 -1 0 0 0 1 0 0 0 -1 3010.DAT
0 STEP
1 86 290.0 -408 2040.0 0 0 1 0 1 0 -1 0 0 3010.DAT
0 STEP
1 86 320.0 -120 2040.0 -1 0 0 0 1 0 0 0 -1 3001.DAT
0 STEP
1 86 320.0 -24 2050.0 -1 0 0 0 1 0 0 0 -1 3010.DAT
0 STEP
1 86 290.0 -24 2090.0 0 0 1 0 1 0 -1 0 0 3622.DAT
0 STEP
1 86 320.0 -120 2080.0 -1 0 0 0 1 0 0 0 -1 3001.DAT
0 STEP
1 86 320.0 0 2090.0 -1 0 0 0 1 0 0 0 -1 3010.DAT
0 STEP
1 86 290.0 -144 2140.0 0 0 1 0 1 0 -1 0 0 3009.DAT
0 STEP
1 86 290.0 -408 2090.0 0 0 1 0 1 0 -1 0 0 3005.DAT
0 STEP
1 86 320.0 0 2120.0 -1 0 0 0 1 0 0 0 -1 3001.DAT
0 STEP
1 86 290.0 -120 2140.0 0 0 1 0 1 0 -1 0 0 3010.DAT
0 STEP
1 86 320.0 -408 2120.0 -1 0 0 0 1 0 0 0 -1 3001.DAT
0 STEP
1 86 300.0 -48 2150.0 0 0 1 0 1 0 -1 0 0 3002.DAT
0 STEP
1 86 320.0 0 2160.0 -1 0 0 0 1 0 0 0 -1 3001.DAT
0 STEP
1 86 300.0 -24 2150.0 -1 0 0 0 1 0 0 0 -1 3004.DAT
0 STEP
1 86 290.0 -408 2150.0 0 0 1 0 1 0 -1 0 0 3005.DAT
0 STEP
1 86 300.0 -24 2200.0 0 0 1 0 1 0 -1 0 0 3001.DAT
0 STEP
1 86 320.0 0 2200.0 -1 0 0 0 1 0 0 0 -1 3001.DAT
0 STEP
1 86 300.0 -120 2190.0 -1 0 0 0 1 0 0 0 -1 3004.DAT
0 STEP
1 86 320.0 -168 2190.0 -1 0 0 0 1 0 0 0 -1 3010.DAT
0 STEP
1 86 320.0 -216 2190.0 -1 0 0 0 1 0 0 0 -1 3010.DAT
0 STEP
1 86 320.0 -312 2200.0 -1 0 0 0 1 0 0 0 -1 3001.DAT
0 STEP
1 86 320.0 -360 2190.0 -1 0 0 0 1 0 0 0 -1 3010.DAT
0 STEP
1 86 310.0 -384 2190.0 -1 0 0 0 1 0 0 0 -1 3622.DAT
0 STEP
1 86 290.0 -48 2260.0 0 0 1 0 1 0 -1 0 0 3009.DAT
0 STEP
1 86 290.0 -120 2240.0 0 0 1 0 1 0 -1 0 0 3010.DAT
0 STEP
1 86 310.0 -168 2210.0 -1 0 0 0 1 0 0 0 -1 3622.DAT
0 STEP
1 86 320.0 -384 2210.0 -1 0 0 0 1 0 0 0 -1 3010.DAT
0 STEP
1 86 320.0 0 2240.0 -1 0 0 0 1 0 0 0 -1 3001.DAT
0 STEP
1 86 300.0 -120 2340.0 0 0 1 0 1 0 -1 0 0 2456.DAT
0 STEP
1 86 310.0 -72 2310.0 -1 0 0 0 1 0 0 0 -1 3622.DAT
0 STEP
1 86 300.0 -24 2330.0 -1 0 0 0 1 0 0 0 -1 3004.DAT
0 STEP
1 86 300.0 -72 2360.0 0 0 1 0 1 0 -1 0 0 3001.DAT
0 STEP
1 86 290.0 -24 2350.0 0 0 1 0 1 0 -1 0 0 3005.DAT
0 STEP
1 86 310.0 -48 2370.0 -1 0 0 0 1 0 0 0 -1 3622.DAT
0 STEP
1 86 300.0 0 2390.0 -1 0 0 0 1 0 0 0 -1 3004.DAT
0 STEP
1 86 290.0 0 2430.0 0 0 1 0 1 0 -1 0 0 3622.DAT
0 STEP
1 86 290.0 -72 2430.0 0 0 1 0 1 0 -1 0 0 3622.DAT
0 STEP
1 86 290.0 -120 2430.0 0 0 1 0 1 0 -1 0 0 3622.DAT
0 STEP
1 86 290.0 -168 2430.0 0 0 1 0 1 0 -1 0 0 3005.DAT
0 STEP
1 86 300.0 -192 2440.0 0 0 1 0 1 0 -1 0 0 3003.DAT
0 STEP
1 86 300.0 -216 2430.0 -1 0 0 0 1 0 0 0 -1 3004.DAT
0 STEP
1 86 290.0 -240 2450.0 0 0 1 0 1 0 -1 0 0 3622.DAT
0 STEP
1 86 290.0 -24 2450.0 0 0 1 0 1 0 -1 0 0 3005.DAT
0 STEP
1 86 290.0 -192 2470.0 0 0 1 0 1 0 -1 0 0 3005.DAT
0 STEP
1 86 310.0 -168 50.0 0 0 1 0 1 0 -1 0 0 3005.DAT
0 STEP
1 86 310.0 -192 70.0 0 0 1 0 1 0 -1 0 0 3622.DAT
0 STEP
1 86 310.0 -240 50.0 0 0 1 0 1 0 -1 0 0 3005.DAT
0 STEP
1 86 310.0 -24 140.0 0 0 1 0 1 0 -1 0 0 3008.DAT
0 STEP
1 86 310.0 -144 90.0 0 0 1 0 1 0 -1 0 0 3622.DAT
0 STEP
1 86 310.0 -216 90.0 0 0 1 0 1 0 -1 0 0 3622.DAT
0 STEP
1 86 310.0 -48 90.0 0 0 1 0 1 0 -1 0 0 3005.DAT
0 STEP
1 86 310.0 -96 90.0 0 0 1 0 1 0 -1 0 0 3005.DAT
0 STEP
1 86 320.0 -168 100.0 0 0 1 0 1 0 -1 0 0 3003.DAT
0 STEP
1 86 330.0 -240 100.0 -1 0 0 0 1 0 0 0 -1 3002.DAT
0 STEP
1 86 320.0 -96 120.0 0 0 1 0 1 0 -1 0 0 3003.DAT
0 STEP
1 86 330.0 -192 110.0 -1 0 0 0 1 0 0 0 -1 3622.DAT
0 STEP
1 86 310.0 -72 200.0 0 0 1 0 1 0 -1 0 0 3008.DAT
0 STEP
1 86 330.0 -96 150.0 -1 0 0 0 1 0 0 0 -1 3622.DAT
0 STEP
1 86 340.0 -144 160.0 -1 0 0 0 1 0 0 0 -1 3001.DAT
0 STEP
1 86 310.0 0 190.0 0 0 1 0 1 0 -1 0 0 3005.DAT
0 STEP
1 86 310.0 -144 240.0 0 0 1 0 1 0 -1 0 0 3009.DAT
0 STEP
1 86 310.0 0 260.0 0 0 1 0 1 0 -1 0 0 3009.DAT
0 STEP
1 86 310.0 -48 340.0 0 0 1 0 1 0 -1 0 0 3009.DAT
0 STEP
1 86 310.0 -72 300.0 0 0 1 0 1 0 -1 0 0 3004.DAT
0 STEP
1 86 310.0 -144 310.0 0 0 1 0 1 0 -1 0 0 3005.DAT
0 STEP
1 86 330.0 -72 330.0 -1 0 0 0 1 0 0 0 -1 3622.DAT
0 STEP
1 86 330.0 -72 360.0 -1 0 0 0 1 0 0 0 -1 3002.DAT
0 STEP
1 86 310.0 0 390.0 0 0 1 0 1 0 -1 0 0 3005.DAT
0 STEP
1 86 330.0 -72 390.0 -1 0 0 0 1 0 0 0 -1 3622.DAT
0 STEP
1 86 310.0 -96 400.0 0 0 1 0 1 0 -1 0 0 3004.DAT
0 STEP
1 86 340.0 -216 400.0 -1 0 0 0 1 0 0 0 -1 3001.DAT
0 STEP
1 86 310.0 -264 400.0 0 0 1 0 1 0 -1 0 0 3004.DAT
0 STEP
1 86 310.0 -336 400.0 0 0 1 0 1 0 -1 0 0 3004.DAT
0 STEP
1 86 310.0 0 440.0 0 0 1 0 1 0 -1 0 0 3010.DAT
0 STEP
1 86 310.0 -48 410.0 0 0 1 0 1 0 -1 0 0 3005.DAT
0 STEP
1 86 310.0 -72 480.0 0 0 1 0 1 0 -1 0 0 3008.DAT
0 STEP
1 86 320.0 -408 430.0 0 0 1 0 1 0 -1 0 0 3002.DAT
0 STEP
1 86 310.0 -120 460.0 0 0 1 0 1 0 -1 0 0 3010.DAT
0 STEP
1 86 320.0 -384 500.0 0 0 1 0 1 0 -1 0 0 3007.DAT
0 STEP
1 86 330.0 -408 480.0 -1 0 0 0 1 0 0 0 -1 3002.DAT
0 STEP
1 86 310.0 -120 510.0 0 0 1 0 1 0 -1 0 0 3005.DAT
0 STEP
1 86 310.0 -144 530.0 0 0 1 0 1 0 -1 0 0 3622.DAT
0 STEP
1 86 330.0 -408 510.0 -1 0 0 0 1 0 0 0 -1 3622.DAT
0 STEP
1 86 310.0 0 560.0 0 0 1 0 1 0 -1 0 0 3010.DAT
0 STEP
1 86 330.0 -408 540.0 -1 0 0 0 1 0 0 0 -1 3002.DAT
0 STEP
1 86 330.0 -48 560.0 -1 0 0 0 1 0 0 0 -1 3002.DAT
0 STEP
1 86 310.0 -120 620.0 0 0 1 0 1 0 -1 0 0 3008.DAT
0 STEP
1 86 310.0 -72 640.0 0 0 1 0 1 0 -1 0 0 3008.DAT
0 STEP
1 86 320.0 -144 570.0 -1 0 0 0 1 0 0 0 -1 3004.DAT
0 STEP
1 86 320.0 -408 620.0 0 0 1 0 1 0 -1 0 0 2456.DAT
0 STEP
1 86 330.0 -48 600.0 -1 0 0 0 1 0 0 0 -1 3002.DAT
0 STEP
1 86 330.0 0 620.0 -1 0 0 0 1 0 0 0 -1 3002.DAT
0 STEP
1 86 310.0 0 650.0 0 0 1 0 1 0 -1 0 0 3005.DAT
0 STEP
1 86 310.0 -408 690.0 0 0 1 0 1 0 -1 0 0 3005.DAT
0 STEP
1 86 310.0 -120 740.0 0 0 1 0 1 0 -1 0 0 3010.DAT
0 STEP
1 86 340.0 -144 720.0 -1 0 0 0 1 0 0 0 -1 3001.DAT
0 STEP
1 86 310.0 -408 780.0 0 0 1 0 1 0 -1 0 0 3008.DAT
0 STEP
1 86 310.0 -24 730.0 0 0 1 0 1 0 -1 0 0 3005.DAT
0 STEP
1 86 310.0 -72 780.0 0 0 1 0 1 0 -1 0 0 3009.DAT
0 STEP
1 86 310.0 0 780.0 0 0 1 0 1 0 -1 0 0 3004.DAT
0 STEP
1 86 310.0 -120 860.0 0 0 1 0 1 0 -1 0 0 3008.DAT
0 STEP
1 86 320.0 -144 800.0 0 0 1 0 1 0 -1 0 0 3003.DAT
0 STEP
1 86 310.0 -48 810.0 0 0 1 0 1 0 -1 0 0 3005.DAT
0 STEP
1 86 310.0 -48 860.0 0 0 1 0 1 0 -1 0 0 3010.DAT
0 STEP
1 86 340.0 -144 830.0 -1 0 0 0 1 0 0 0 -1 3010.DAT
0 STEP
1 86 330.0 -72 850.0 -1 0 0 0 1 0 0 0 -1 3622.DAT
0 STEP
1 86 340.0 -144 860.0 -1 0 0 0 1 0 0 0 -1 3001.DAT
0 STEP
1 86 320.0 -72 900.0 0 0 1 0 1 0 -1 0 0 3001.DAT
0 STEP
1 86 310.0 0 890.0 0 0 1 0 1 0 -1 0 0 3005.DAT
0 STEP
1 86 340.0 -144 900.0 -1 0 0 0 1 0 0 0 -1 3001.DAT
0 STEP
1 86 310.0 0 940.0 0 0 1 0 1 0 -1 0 0 3010.DAT
0 STEP
1 86 330.0 -48 910.0 -1 0 0 0 1 0 0 0 -1 3622.DAT
0 STEP
1 86 310.0 -48 960.0 0 0 1 0 1 0 -1 0 0 3010.DAT
0 STEP
1 86 320.0 -144 960.0 0 0 1 0 1 0 -1 0 0 3001.DAT
0 STEP
1 86 330.0 -72 950.0 -1 0 0 0 1 0 0 0 -1 3622.DAT
0 STEP
1 86 310.0 -72 970.0 0 0 1 0 1 0 -1 0 0 3005.DAT
0 STEP
1 86 310.0 -120 1020.0 0 0 1 0 1 0 -1 0 0 3009.DAT
0 STEP
1 86 320.0 -24 1020.0 0 0 1 0 1 0 -1 0 0 3001.DAT
0 STEP
1 86 310.0 -72 1060.0 0 0 1 0 1 0 -1 0 0 3008.DAT
0 STEP
1 86 330.0 0 1030.0 -1 0 0 0 1 0 0 0 -1 3622.DAT
0 STEP
1 86 320.0 0 1060.0 0 0 1 0 1 0 -1 0 0 3003.DAT
0 STEP
1 86 310.0 -408 1050.0 0 0 1 0 1 0 -1 0 0 3005.DAT
0 STEP
1 86 320.0 -24 1090.0 0 0 1 0 1 0 -1 0 0 3002.DAT
0 STEP
1 86 320.0 -408 1140.0 0 0 1 0 1 0 -1 0 0 3007.DAT
0 STEP
1 86 310.0 -120 1090.0 0 0 1 0 1 0 -1 0 0 3005.DAT
0 STEP
1 86 310.0 0 1160.0 0 0 1 0 1 0 -1 0 0 3009.DAT
0 STEP
1 86 310.0 -120 1140.0 0 0 1 0 1 0 -1 0 0 3010.DAT
0 STEP
1 86 330.0 -72 1160.0 -1 0 0 0 1 0 0 0 -1 3002.DAT
0 STEP
1 86 330.0 -24 1170.0 -1 0 0 0 1 0 0 0 -1 3622.DAT
0 STEP
1 86 320.0 -144 1170.0 -1 0 0 0 1 0 0 0 -1 3004.DAT
0 STEP
1 86 330.0 -72 1200.0 -1 0 0 0 1 0 0 0 -1 3002.DAT
0 STEP
1 86 320.0 -120 1220.0 0 0 1 0 1 0 -1 0 0 3001.DAT
0 STEP
1 86 340.0 -144 1200.0 -1 0 0 0 1 0 0 0 -1 3001.DAT
0 STEP
1 86 330.0 -72 1240.0 -1 0 0 0 1 0 0 0 -1 3002.DAT
0 STEP
1 86 330.0 -72 1280.0 -1 0 0 0 1 0 0 0 -1 3002.DAT
0 STEP
1 86 330.0 -120 1270.0 -1 0 0 0 1 0 0 0 -1 3622.DAT
0 STEP
1 86 320.0 -24 1320.0 0 0 1 0 1 0 -1 0 0 3001.DAT
0 STEP
1 86 310.0 -144 1290.0 0 0 1 0 1 0 -1 0 0 3005.DAT
0 STEP
1 86 310.0 -72 1310.0 0 0 1 0 1 0 -1 0 0 3005.DAT
0 STEP
1 86 330.0 -120 1320.0 -1 0 0 0 1 0 0 0 -1 3002.DAT
0 STEP
1 86 330.0 0 1340.0 -1 0 0 0 1 0 0 0 -1 3002.DAT
0 STEP
1 86 310.0 -72 1380.0 0 0 1 0 1 0 -1 0 0 3009.DAT
0 STEP
1 86 310.0 -144 1350.0 0 0 1 0 1 0 -1 0 0 3005.DAT
0 STEP
1 86 320.0 0 1400.0 0 0 1 0 1 0 -1 0 0 3001.DAT
0 STEP
1 86 310.0 -120 1400.0 0 0 1 0 1 0 -1 0 0 3010.DAT
0 STEP
1 86 340.0 -144 1370.0 -1 0 0 0 1 0 0 0 -1 3010.DAT
0 STEP
1 86 340.0 -144 1400.0 -1 0 0 0 1 0 0 0 -1 3001.DAT
0 STEP
1 86 340.0 -144 1430.0 -1 0 0 0 1 0 0 0 -1 3010.DAT
0 STEP
1 86 320.0 -48 1480.0 0 0 1 0 1 0 -1 0 0 3001.DAT
0 STEP
1 86 310.0 -72 1450.0 0 0 1 0 1 0 -1 0 0 3005.DAT
0 STEP
1 86 340.0 -144 1460.0 -1 0 0 0 1 0 0 0 -1 3001.DAT
0 STEP
1 86 330.0 -408 1450.0 -1 0 0 0 1 0 0 0 -1 3622.DAT
0 STEP
1 86 310.0 -72 1540.0 0 0 1 0 1 0 -1 0 0 3008.DAT
0 STEP
1 86 310.0 -408 1520.0 0 0 1 0 1 0 -1 0 0 3009.DAT
0 STEP
1 86 330.0 0 1520.0 -1 0 0 0 1 0 0 0 -1 3002.DAT
0 STEP
1 86 320.0 -144 1540.0 0 0 1 0 1 0 -1 0 0 3001.DAT
0 STEP
1 86 330.0 0 1550.0 -1 0 0 0 1 0 0 0 -1 3622.DAT
0 STEP
1 86 310.0 -120 1550.0 0 0 1 0 1 0 -1 0 0 3005.DAT
0 STEP
1 86 310.0 -120 1640.0 0 0 1 0 1 0 -1 0 0 3008.DAT
0 STEP
1 86 320.0 -408 1590.0 -1 0 0 0 1 0 0 0 -1 3004.DAT
0 STEP
1 86 310.0 -48 1640.0 0 0 1 0 1 0 -1 0 0 3010.DAT
0 STEP
1 86 320.0 -144 1630.0 0 0 1 0 1 0 -1 0 0 3002.DAT
0 STEP
1 86 330.0 -24 1630.0 -1 0 0 0 1 0 0 0 -1 3622.DAT
0 STEP
1 86 330.0 -72 1630.0 -1 0 0 0 1 0 0 0 -1 3622.DAT
0 STEP
1 86 310.0 -72 1650.0 0 0 1 0 1 0 -1 0 0 3005.DAT
0 STEP
1 86 310.0 -24 1700.0 0 0 1 0 1 0 -1 0 0 3010.DAT
0 STEP
1 86 310.0 -72 1700.0 0 0 1 0 1 0 -1 0 0 3010.DAT
0 STEP
1 86 340.0 -144 1670.0 -1 0 0 0 1 0 0 0 -1 3010.DAT
0 STEP
1 86 340.0 -144 1700.0 -1 0 0 0 1 0 0 0 -1 3001.DAT
0 STEP
1 86 320.0 0 1750.0 0 0 1 0 1 0 -1 0 0 3002.DAT
0 STEP
1 86 310.0 -144 1750.0 0 0 1 0 1 0 -1 0 0 3622.DAT
0 STEP
1 86 320.0 -72 1750.0 -1 0 0 0 1 0 0 0 -1 3004.DAT
0 STEP
1 86 330.0 -72 1770.0 -1 0 0 0 1 0 0 0 -1 3622.DAT
0 STEP
1 86 330.0 -408 1770.0 -1 0 0 0 1 0 0 0 -1 3622.DAT
0 STEP
1 86 320.0 -24 1840.0 0 0 1 0 1 0 -1 0 0 2456.DAT
0 STEP
1 86 310.0 -72 1790.0 0 0 1 0 1 0 -1 0 0 3005.DAT
0 STEP
1 86 320.0 -120 1800.0 0 0 1 0 1 0 -1 0 0 3003.DAT
0 STEP
1 86 310.0 -408 1820.0 0 0 1 0 1 0 -1 0 0 3010.DAT
0 STEP
1 86 310.0 -72 1840.0 0 0 1 0 1 0 -1 0 0 3010.DAT
0 STEP
1 86 320.0 -144 1880.0 0 0 1 0 1 0 -1 0 0 3001.DAT
0 STEP
1 86 330.0 -408 1870.0 -1 0 0 0 1 0 0 0 -1 3622.DAT
0 STEP
1 86 310.0 -72 1890.0 0 0 1 0 1 0 -1 0 0 3005.DAT
0 STEP
1 86 330.0 -408 1900.0 -1 0 0 0 1 0 0 0 -1 3002.DAT
0 STEP
1 86 310.0 -48 1910.0 0 0 1 0 1 0 -1 0 0 3005.DAT
0 STEP
1 86 320.0 -72 1940.0 0 0 1 0 1 0 -1 0 0 3001.DAT
0 STEP
1 86 310.0 -48 1980.0 0 0 1 0 1 0 -1 0 0 3009.DAT
0 STEP
1 86 330.0 -72 2000.0 -1 0 0 0 1 0 0 0 -1 3002.DAT
0 STEP
1 86 310.0 -144 2020.0 0 0 1 0 1 0 -1 0 0 3004.DAT
0 STEP
1 86 310.0 -408 2010.0 0 0 1 0 1 0 -1 0 0 3005.DAT
0 STEP
1 86 330.0 -72 2030.0 -1 0 0 0 1 0 0 0 -1 3622.DAT
0 STEP
1 86 310.0 -408 2060.0 0 0 1 0 1 0 -1 0 0 3010.DAT
0 STEP
1 86 330.0 -72 2060.0 -1 0 0 0 1 0 0 0 -1 3002.DAT
0 STEP
1 86 310.0 -144 2120.0 0 0 1 0 1 0 -1 0 0 3008.DAT
0 STEP
1 86 310.0 -24 2100.0 0 0 1 0 1 0 -1 0 0 3010.DAT
0 STEP
1 86 330.0 -72 2090.0 -1 0 0 0 1 0 0 0 -1 3622.DAT
0 STEP
1 86 330.0 -72 2120.0 -1 0 0 0 1 0 0 0 -1 3002.DAT
0 STEP
1 86 330.0 -120 2120.0 -1 0 0 0 1 0 0 0 -1 3002.DAT
0 STEP
1 86 330.0 -72 2150.0 -1 0 0 0 1 0 0 0 -1 3622.DAT
0 STEP
1 86 330.0 -120 2150.0 -1 0 0 0 1 0 0 0 -1 3622.DAT
0 STEP
1 86 310.0 -408 2180.0 0 0 1 0 1 0 -1 0 0 3010.DAT
0 STEP
1 86 310.0 -72 2200.0 0 0 1 0 1 0 -1 0 0 3010.DAT
0 STEP
1 86 320.0 -120 2170.0 -1 0 0 0 1 0 0 0 -1 3004.DAT
0 STEP
1 86 330.0 -96 2200.0 -1 0 0 0 1 0 0 0 -1 3002.DAT
0 STEP
1 86 320.0 -192 2200.0 0 0 1 0 1 0 -1 0 0 3003.DAT
0 STEP
1 86 330.0 -264 2200.0 -1 0 0 0 1 0 0 0 -1 3002.DAT
0 STEP
1 86 310.0 -288 2200.0 0 0 1 0 1 0 -1 0 0 3004.DAT
0 STEP
1 86 310.0 -336 2200.0 0 0 1 0 1 0 -1 0 0 3004.DAT
0 STEP
1 86 320.0 -48 2280.0 0 0 1 0 1 0 -1 0 0 3007.DAT
0 STEP
1 86 310.0 -120 2230.0 0 0 1 0 1 0 -1 0 0 3622.DAT
0 STEP
1 86 310.0 -72 2250.0 0 0 1 0 1 0 -1 0 0 3005.DAT
0 STEP
1 86 330.0 -72 2280.0 -1 0 0 0 1 0 0 0 -1 3002.DAT
0 STEP
1 86 330.0 -120 2270.0 -1 0 0 0 1 0 0 0 -1 3622.DAT
0 STEP
1 86 320.0 0 2310.0 0 0 1 0 1 0 -1 0 0 3002.DAT
0 STEP
1 86 310.0 -96 2310.0 0 0 1 0 1 0 -1 0 0 3005.DAT
0 STEP
1 86 320.0 -96 2340.0 0 0 1 0 1 0 -1 0 0 3003.DAT
0 STEP
1 86 310.0 -24 2380.0 0 0 1 0 1 0 -1 0 0 3010.DAT
0 STEP
1 86 310.0 -168 2370.0 0 0 1 0 1 0 -1 0 0 3005.DAT
0 STEP
1 86 310.0 -192 2390.0 0 0 1 0 1 0 -1 0 0 3622.DAT
0 STEP
1 86 320.0 -216 2390.0 0 0 1 0 1 0 -1 0 0 3002.DAT
0 STEP
1 86 330.0 -240 2370.0 -1 0 0 0 1 0 0 0 -1 3622.DAT
0 STEP
1 86 320.0 -144 2390.0 -1 0 0 0 1 0 0 0 -1 3004.DAT
0 STEP
1 86 310.0 -168 2420.0 0 0 1 0 1 0 -1 0 0 3010.DAT
0 STEP
1 86 310.0 -240 2420.0 0 0 1 0 1 0 -1 0 0 3010.DAT
0 STEP
1 86 310.0 0 2410.0 0 0 1 0 1 0 -1 0 0 3005.DAT
0 STEP
1 86 310.0 -72 2410.0 0 0 1 0 1 0 -1 0 0 3005.DAT
0 STEP
1 86 310.0 -120 2410.0 0 0 1 0 1 0 -1 0 0 3005.DAT
0 STEP
1 86 330.0 -144 100.0 0 0 1 0 1 0 -1 0 0 3010.DAT
0 STEP
1 86 330.0 -192 80.0 0 0 1 0 1 0 -1 0 0 3004.DAT
0 STEP
1 86 330.0 -216 100.0 0 0 1 0 1 0 -1 0 0 3010.DAT
0 STEP
1 86 330.0 -24 110.0 0 0 1 0 1 0 -1 0 0 3005.DAT
0 STEP
1 86 330.0 -72 110.0 0 0 1 0 1 0 -1 0 0 3005.DAT
0 STEP
1 86 340.0 -24 160.0 0 0 1 0 1 0 -1 0 0 3001.DAT
0 STEP
1 86 340.0 -72 220.0 0 0 1 0 1 0 -1 0 0 3006.DAT
0 STEP
1 86 330.0 -120 130.0 0 0 1 0 1 0 -1 0 0 3005.DAT
0 STEP
1 86 330.0 -168 130.0 0 0 1 0 1 0 -1 0 0 3005.DAT
0 STEP
1 86 340.0 -192 130.0 -1 0 0 0 1 0 0 0 -1 3004.DAT
0 STEP
1 86 340.0 -240 130.0 -1 0 0 0 1 0 0 0 -1 3004.DAT
0 STEP
1 86 330.0 -120 200.0 0 0 1 0 1 0 -1 0 0 3009.DAT
0 STEP
1 86 340.0 -96 200.0 0 0 1 0 1 0 -1 0 0 3001.DAT
0 STEP
1 86 330.0 0 220.0 0 0 1 0 1 0 -1 0 0 3010.DAT
0 STEP
1 86 330.0 -144 260.0 0 0 1 0 1 0 -1 0 0 3008.DAT
0 STEP
1 86 340.0 -24 210.0 -1 0 0 0 1 0 0 0 -1 3004.DAT
0 STEP
1 86 340.0 -96 250.0 -1 0 0 0 1 0 0 0 -1 3004.DAT
0 STEP
1 86 330.0 0 290.0 0 0 1 0 1 0 -1 0 0 3622.DAT
0 STEP
1 86 330.0 -96 340.0 0 0 1 0 1 0 -1 0 0 3008.DAT
0 STEP
1 86 330.0 -48 320.0 0 0 1 0 1 0 -1 0 0 3010.DAT
0 STEP
1 86 330.0 0 350.0 0 0 1 0 1 0 -1 0 0 3005.DAT
0 STEP
1 86 330.0 -144 370.0 0 0 1 0 1 0 -1 0 0 3622.DAT
0 STEP
1 86 340.0 -24 380.0 0 0 1 0 1 0 -1 0 0 3003.DAT
0 STEP
1 86 340.0 -48 390.0 0 0 1 0 1 0 -1 0 0 3002.DAT
0 STEP
1 86 330.0 0 420.0 0 0 1 0 1 0 -1 0 0 3010.DAT
0 STEP
1 86 330.0 -264 390.0 0 0 1 0 1 0 -1 0 0 3005.DAT
0 STEP
1 86 340.0 -288 460.0 0 0 1 0 1 0 -1 0 0 3007.DAT
0 STEP
1 86 340.0 -336 420.0 0 0 1 0 1 0 -1 0 0 3001.DAT
0 STEP
1 86 340.0 -72 440.0 0 0 1 0 1 0 -1 0 0 3001.DAT
0 STEP
1 86 330.0 -144 480.0 0 0 1 0 1 0 -1 0 0 3008.DAT
0 STEP
1 86 330.0 -264 440.0 0 0 1 0 1 0 -1 0 0 3010.DAT
0 STEP
1 86 330.0 -24 480.0 0 0 1 0 1 0 -1 0 0 3009.DAT
0 STEP
1 86 340.0 -120 430.0 -1 0 0 0 1 0 0 0 -1 3004.DAT
0 STEP
1 86 340.0 -240 480.0 0 0 1 0 1 0 -1 0 0 2456.DAT
0 STEP
1 86 340.0 -312 500.0 0 0 1 0 1 0 -1 0 0 3007.DAT
0 STEP
1 86 340.0 -360 500.0 0 0 1 0 1 0 -1 0 0 3007.DAT
0 STEP
1 86 340.0 -120 480.0 0 0 1 0 1 0 -1 0 0 3001.DAT
0 STEP
1 86 330.0 0 470.0 0 0 1 0 1 0 -1 0 0 3005.DAT
0 STEP
1 86 330.0 -336 540.0 0 0 1 0 1 0 -1 0 0 3008.DAT
0 STEP
1 86 330.0 -72 500.0 0 0 1 0 1 0 -1 0 0 3004.DAT
0 STEP
1 86 330.0 -264 490.0 0 0 1 0 1 0 -1 0 0 3005.DAT
0 STEP
1 86 330.0 -264 580.0 0 0 1 0 1 0 -1 0 0 3008.DAT
0 STEP
1 86 330.0 0 530.0 0 0 1 0 1 0 -1 0 0 3005.DAT
0 STEP
1 86 330.0 -72 600.0 0 0 1 0 1 0 -1 0 0 3008.DAT
0 STEP
1 86 340.0 -96 560.0 0 0 1 0 1 0 -1 0 0 3001.DAT
0 STEP
1 86 340.0 0 570.0 0 0 1 0 1 0 -1 0 0 3002.DAT
0 STEP
1 86 330.0 -120 550.0 0 0 1 0 1 0 -1 0 0 3005.DAT
0 STEP
1 86 350.0 -240 550.0 -1 0 0 0 1 0 0 0 -1 3622.DAT
0 STEP
1 86 340.0 -288 620.0 0 0 1 0 1 0 -1 0 0 3007.DAT
0 STEP
1 86 330.0 -24 600.0 0 0 1 0 1 0 -1 0 0 3010.DAT
0 STEP
1 86 330.0 -120 620.0 0 0 1 0 1 0 -1 0 0 3009.DAT
0 STEP
1 86 340.0 -240 640.0 0 0 1 0 1 0 -1 0 0 3007.DAT
0 STEP
1 86 340.0 -312 660.0 0 0 1 0 1 0 -1 0 0 3007.DAT
0 STEP
1 86 340.0 -360 610.0 0 0 1 0 1 0 -1 0 0 3002.DAT
0 STEP
1 86 330.0 -336 630.0 0 0 1 0 1 0 -1 0 0 3005.DAT
0 STEP
1 86 340.0 0 680.0 0 0 1 0 1 0 -1 0 0 3001.DAT
0 STEP
1 86 330.0 -24 650.0 0 0 1 0 1 0 -1 0 0 3005.DAT
0 STEP
1 86 340.0 -336 660.0 0 0 1 0 1 0 -1 0 0 3003.DAT
0 STEP
1 86 340.0 -360 680.0 0 0 1 0 1 0 -1 0 0 3001.DAT
0 STEP
1 86 330.0 -144 670.0 0 0 1 0 1 0 -1 0 0 3005.DAT
0 STEP
1 86 340.0 -264 670.0 -1 0 0 0 1 0 0 0 -1 3004.DAT
0 STEP
1 86 330.0 -48 690.0 0 0 1 0 1 0 -1 0 0 3005.DAT
0 STEP
1 86 330.0 -72 740.0 0 0 1 0 1 0 -1 0 0 3009.DAT
0 STEP
1 86 330.0 -120 760.0 0 0 1 0 1 0 -1 0 0 3008.DAT
0 STEP
1 86 340.0 -264 780.0 0 0 1 0 1 0 -1 0 0 3006.DAT
0 STEP
1 86 330.0 -336 720.0 0 0 1 0 1 0 -1 0 0 3010.DAT
0 STEP
1 86 330.0 -408 720.0 0 0 1 0 1 0 -1 0 0 3010.DAT
0 STEP
1 86 330.0 -288 780.0 0 0 1 0 1 0 -1 0 0 3008.DAT
0 STEP
1 86 340.0 -24 760.0 0 0 1 0 1 0 -1 0 0 3001.DAT
0 STEP
1 86 350.0 -240 730.0 -1 0 0 0 1 0 0 0 -1 3622.DAT
0 STEP
1 86 340.0 -360 820.0 0 0 1 0 1 0 -1 0 0 3006.DAT
0 STEP
1 86 340.0 -240 780.0 0 0 1 0 1 0 -1 0 0 3001.DAT
0 STEP
1 86 340.0 -312 820.0 0 0 1 0 1 0 -1 0 0 3007.DAT
0 STEP
1 86 340.0 0 800.0 0 0 1 0 1 0 -1 0 0 3001.DAT
0 STEP
1 86 330.0 -336 770.0 0 0 1 0 1 0 -1 0 0 3005.DAT
0 STEP
1 86 340.0 -408 820.0 0 0 1 0 1 0 -1 0 0 2456.DAT
0 STEP
1 86 340.0 -48 840.0 0 0 1 0 1 0 -1 0 0 2456.DAT
0 STEP
1 86 330.0 -336 820.0 0 0 1 0 1 0 -1 0 0 3010.DAT
0 STEP
1 86 340.0 -24 810.0 -1 0 0 0 1 0 0 0 -1 3004.DAT
0 STEP
1 86 330.0 -72 810.0 0 0 1 0 1 0 -1 0 0 3005.DAT
0 STEP
1 86 340.0 -72 830.0 -1 0 0 0 1 0 0 0 -1 3004.DAT
0 STEP
1 86 340.0 -96 860.0 0 0 1 0 1 0 -1 0 0 3001.DAT
0 STEP
1 86 350.0 -240 830.0 -1 0 0 0 1 0 0 0 -1 3622.DAT
0 STEP
1 86 330.0 -120 850.0 0 0 1 0 1 0 -1 0 0 3005.DAT
0 STEP
1 86 340.0 -240 900.0 0 0 1 0 1 0 -1 0 0 2456.DAT
0 STEP
1 86 330.0 -24 870.0 0 0 1 0 1 0 -1 0 0 3005.DAT
0 STEP
1 86 330.0 -120 900.0 0 0 1 0 1 0 -1 0 0 3010.DAT
0 STEP
1 86 330.0 -288 870.0 0 0 1 0 1 0 -1 0 0 3005.DAT
0 STEP
1 86 330.0 -336 870.0 0 0 1 0 1 0 -1 0 0 3005.DAT
0 STEP
1 86 340.0 0 920.0 0 0 1 0 1 0 -1 0 0 3001.DAT
0 STEP
1 86 340.0 -264 900.0 0 0 1 0 1 0 -1 0 0 3003.DAT
0 STEP
1 86 330.0 -288 940.0 0 0 1 0 1 0 -1 0 0 3009.DAT
0 STEP
1 86 330.0 -336 920.0 0 0 1 0 1 0 -1 0 0 3010.DAT
0 STEP
1 86 330.0 -96 910.0 0 0 1 0 1 0 -1 0 0 3005.DAT
0 STEP
1 86 340.0 -312 910.0 -1 0 0 0 1 0 0 0 -1 3004.DAT
0 STEP
1 86 340.0 -48 950.0 0 0 1 0 1 0 -1 0 0 3002.DAT
0 STEP
1 86 330.0 -96 960.0 0 0 1 0 1 0 -1 0 0 3010.DAT
0 STEP
1 86 340.0 -264 1020.0 0 0 1 0 1 0 -1 0 0 3006.DAT
0 STEP
1 86 330.0 -312 930.0 0 0 1 0 1 0 -1 0 0 3005.DAT
0 STEP
1 86 330.0 -360 930.0 0 0 1 0 1 0 -1 0 0 3005.DAT
0 STEP
1 86 330.0 -312 980.0 0 0 1 0 1 0 -1 0 0 3010.DAT
0 STEP
1 86 330.0 -360 980.0 0 0 1 0 1 0 -1 0 0 3010.DAT
0 STEP
1 86 340.0 -408 1000.0 0 0 1 0 1 0 -1 0 0 2456.DAT
0 STEP
1 86 340.0 0 970.0 -1 0 0 0 1 0 0 0 -1 3004.DAT
0 STEP
1 86 330.0 -72 1000.0 0 0 1 0 1 0 -1 0 0 3010.DAT
0 STEP
1 86 340.0 -120 1040.0 0 0 1 0 1 0 -1 0 0 3007.DAT
0 STEP
1 86 340.0 -240 970.0 -1 0 0 0 1 0 0 0 -1 3004.DAT
0 STEP
1 86 340.0 -336 970.0 -1 0 0 0 1 0 0 0 -1 3004.DAT
0 STEP
1 86 340.0 -48 1000.0 0 0 1 0 1 0 -1 0 0 3003.DAT
0 STEP
1 86 340.0 -240 1020.0 0 0 1 0 1 0 -1 0 0 3001.DAT
0 STEP
1 86 340.0 -336 1060.0 0 0 1 0 1 0 -1 0 0 3007.DAT
0 STEP
1 86 330.0 -288 1040.0 0 0 1 0 1 0 -1 0 0 3010.DAT
0 STEP
1 86 350.0 -144 1030.0 -1 0 0 0 1 0 0 0 -1 3622.DAT
0 STEP
1 86 340.0 -312 1030.0 -1 0 0 0 1 0 0 0 -1 3004.DAT
0 STEP
1 86 340.0 -360 1030.0 -1 0 0 0 1 0 0 0 -1 3004.DAT
0 STEP
1 86 330.0 -72 1050.0 0 0 1 0 1 0 -1 0 0 3005.DAT
0 STEP
1 86 330.0 -312 1080.0 0 0 1 0 1 0 -1 0 0 3010.DAT
0 STEP
1 86 340.0 -360 1080.0 0 0 1 0 1 0 -1 0 0 3001.DAT
0 STEP
1 86 330.0 -72 1100.0 0 0 1 0 1 0 -1 0 0 3010.DAT
0 STEP
1 86 350.0 -240 1080.0 -1 0 0 0 1 0 0 0 -1 3002.DAT
0 STEP
1 86 340.0 -96 1140.0 0 0 1 0 1 0 -1 0 0 2456.DAT
0 STEP
1 86 340.0 -288 1090.0 -1 0 0 0 1 0 0 0 -1 3004.DAT
0 STEP
1 86 330.0 0 1180.0 0 0 1 0 1 0 -1 0 0 3008.DAT
0 STEP
1 86 330.0 -144 1110.0 0 0 1 0 1 0 -1 0 0 3005.DAT
0 STEP
1 86 340.0 -240 1140.0 0 0 1 0 1 0 -1 0 0 3001.DAT
0 STEP
1 86 340.0 -288 1140.0 0 0 1 0 1 0 -1 0 0 3001.DAT
0 STEP
1 86 330.0 -120 1150.0 0 0 1 0 1 0 -1 0 0 3622.DAT
0 STEP
1 86 340.0 -264 1130.0 -1 0 0 0 1 0 0 0 -1 3004.DAT
0 STEP
1 86 330.0 -312 1180.0 0 0 1 0 1 0 -1 0 0 3009.DAT
0 STEP
1 86 330.0 -360 1130.0 0 0 1 0 1 0 -1 0 0 3005.DAT
0 STEP
1 86 340.0 -48 1220.0 0 0 1 0 1 0 -1 0 0 3007.DAT
0 STEP
1 86 340.0 -264 1220.0 0 0 1 0 1 0 -1 0 0 3007.DAT
0 STEP
1 86 340.0 -336 1170.0 0 0 1 0 1 0 -1 0 0 3002.DAT
0 STEP
1 86 330.0 -360 1180.0 0 0 1 0 1 0 -1 0 0 3010.DAT
0 STEP
1 86 350.0 -240 1200.0 -1 0 0 0 1 0 0 0 -1 3002.DAT
0 STEP
1 86 340.0 -288 1190.0 -1 0 0 0 1 0 0 0 -1 3004.DAT
0 STEP
1 86 340.0 -96 1280.0 0 0 1 0 1 0 -1 0 0 3007.DAT
0 STEP
1 86 340.0 -288 1240.0 0 0 1 0 1 0 -1 0 0 3001.DAT
0 STEP
1 86 340.0 -336 1240.0 0 0 1 0 1 0 -1 0 0 3001.DAT
0 STEP
1 86 350.0 -240 1240.0 -1 0 0 0 1 0 0 0 -1 3002.DAT
0 STEP
1 86 330.0 -360 1230.0 0 0 1 0 1 0 -1 0 0 3005.DAT
0 STEP
1 86 330.0 -408 1230.0 0 0 1 0 1 0 -1 0 0 3005.DAT
0 STEP
1 86 330.0 -144 1300.0 0 0 1 0 1 0 -1 0 0 3009.DAT
0 STEP
1 86 330.0 -312 1250.0 0 0 1 0 1 0 -1 0 0 3005.DAT
0 STEP
1 86 340.0 -360 1250.0 -1 0 0 0 1 0 0 0 -1 3004.DAT
0 STEP
1 86 340.0 -408 1250.0 -1 0 0 0 1 0 0 0 -1 3004.DAT
0 STEP
1 86 350.0 -240 1270.0 -1 0 0 0 1 0 0 0 -1 3622.DAT
0 STEP
1 86 340.0 -360 1300.0 0 0 1 0 1 0 -1 0 0 3001.DAT
0 STEP
1 86 340.0 -408 1340.0 0 0 1 0 1 0 -1 0 0 3007.DAT
0 STEP
1 86 340.0 -240 1320.0 0 0 1 0 1 0 -1 0 0 3001.DAT
0 STEP
1 86 330.0 -72 1380.0 0 0 1 0 1 0 -1 0 0 3008.DAT
0 STEP
1 86 340.0 -264 1310.0 -1 0 0 0 1 0 0 0 -1 3004.DAT
0 STEP
1 86 340.0 -264 1400.0 0 0 1 0 1 0 -1 0 0 3007.DAT
0 STEP
1 86 340.0 -336 1340.0 0 0 1 0 1 0 -1 0 0 3003.DAT
0 STEP
1 86 330.0 -288 1380.0 0 0 1 0 1 0 -1 0 0 3010.DAT
0 STEP
1 86 340.0 -312 1370.0 0 0 1 0 1 0 -1 0 0 3002.DAT
0 STEP
1 86 330.0 -360 1350.0 0 0 1 0 1 0 -1 0 0 3005.DAT
0 STEP
1 86 340.0 -48 1390.0 0 0 1 0 1 0 -1 0 0 3002.DAT
0 STEP
1 86 330.0 -120 1440.0 0 0 1 0 1 0 -1 0 0 3008.DAT
0 STEP
1 86 350.0 -240 1370.0 -1 0 0 0 1 0 0 0 -1 3622.DAT
0 STEP
1 86 340.0 -336 1390.0 0 0 1 0 1 0 -1 0 0 3002.DAT
0 STEP
1 86 330.0 -360 1400.0 0 0 1 0 1 0 -1 0 0 3010.DAT
0 STEP
1 86 330.0 -24 1390.0 0 0 1 0 1 0 -1 0 0 3005.DAT
0 STEP
1 86 350.0 -240 1400.0 -1 0 0 0 1 0 0 0 -1 3002.DAT
0 STEP
1 86 340.0 -312 1440.0 0 0 1 0 1 0 -1 0 0 3001.DAT
0 STEP
1 86 330.0 -24 1460.0 0 0 1 0 1 0 -1 0 0 3010.DAT
0 STEP
1 86 330.0 -96 1460.0 0 0 1 0 1 0 -1 0 0 3010.DAT
0 STEP
1 86 350.0 -240 1430.0 -1 0 0 0 1 0 0 0 -1 3622.DAT
0 STEP
1 86 330.0 -288 1430.0 0 0 1 0 1 0 -1 0 0 3005.DAT
0 STEP
1 86 340.0 -336 1480.0 0 0 1 0 1 0 -1 0 0 2456.DAT
0 STEP
1 86 340.0 -240 1520.0 0 0 1 0 1 0 -1 0 0 3007.DAT
0 STEP
1 86 340.0 -288 1540.0 0 0 1 0 1 0 -1 0 0 3006.DAT
0 STEP
1 86 330.0 -360 1470.0 0 0 1 0 1 0 -1 0 0 3622.DAT
0 STEP
1 86 330.0 -72 1470.0 0 0 1 0 1 0 -1 0 0 3005.DAT
0 STEP
1 86 340.0 -408 1470.0 -1 0 0 0 1 0 0 0 -1 3004.DAT
0 STEP
1 86 340.0 -72 1540.0 0 0 1 0 1 0 -1 0 0 2456.DAT
0 STEP
1 86 330.0 -264 1490.0 0 0 1 0 1 0 -1 0 0 3005.DAT
0 STEP
1 86 330.0 -312 1520.0 0 0 1 0 1 0 -1 0 0 3010.DAT
0 STEP
1 86 340.0 -408 1520.0 0 0 1 0 1 0 -1 0 0 3001.DAT
0 STEP
1 86 330.0 -24 1510.0 0 0 1 0 1 0 -1 0 0 3005.DAT
0 STEP
1 86 330.0 -96 1530.0 0 0 1 0 1 0 -1 0 0 3622.DAT
0 STEP
1 86 330.0 -264 1540.0 0 0 1 0 1 0 -1 0 0 3010.DAT
0 STEP
1 86 340.0 -360 1540.0 0 0 1 0 1 0 -1 0 0 3001.DAT
0 STEP
1 86 330.0 -24 1560.0 0 0 1 0 1 0 -1 0 0 3010.DAT
0 STEP
1 86 340.0 -120 1560.0 0 0 1 0 1 0 -1 0 0 3001.DAT
0 STEP
1 86 340.0 -336 1550.0 -1 0 0 0 1 0 0 0 -1 3004.DAT
0 STEP
1 86 340.0 -96 1620.0 0 0 1 0 1 0 -1 0 0 2456.DAT
0 STEP
1 86 330.0 -312 1590.0 0 0 1 0 1 0 -1 0 0 3622.DAT
0 STEP
1 86 340.0 -336 1600.0 0 0 1 0 1 0 -1 0 0 3001.DAT
0 STEP
1 86 330.0 -408 1570.0 0 0 1 0 1 0 -1 0 0 3005.DAT
0 STEP
1 86 340.0 -48 1620.0 0 0 1 0 1 0 -1 0 0 3001.DAT
0 STEP
1 86 330.0 -144 1590.0 0 0 1 0 1 0 -1 0 0 3005.DAT
0 STEP
1 86 340.0 -264 1640.0 0 0 1 0 1 0 -1 0 0 2456.DAT
0 STEP
1 86 340.0 -360 1610.0 0 0 1 0 1 0 -1 0 0 3002.DAT
0 STEP
1 86 340.0 -72 1610.0 -1 0 0 0 1 0 0 0 -1 3004.DAT
0 STEP
1 86 340.0 -120 1610.0 -1 0 0 0 1 0 0 0 -1 3004.DAT
0 STEP
1 86 340.0 -240 1610.0 -1 0 0 0 1 0 0 0 -1 3004.DAT
0 STEP
1 86 330.0 -120 1630.0 0 0 1 0 1 0 -1 0 0 3005.DAT
0 STEP
1 86 340.0 -240 1720.0 0 0 1 0 1 0 -1 0 0 3006.DAT
0 STEP
1 86 340.0 -312 1630.0 -1 0 0 0 1 0 0 0 -1 3004.DAT
0 STEP
1 86 340.0 -24 1680.0 0 0 1 0 1 0 -1 0 0 3001.DAT
0 STEP
1 86 330.0 -72 1680.0 0 0 1 0 1 0 -1 0 0 3010.DAT
0 STEP
1 86 330.0 -120 1680.0 0 0 1 0 1 0 -1 0 0 3010.DAT
0 STEP
1 86 340.0 -360 1740.0 0 0 1 0 1 0 -1 0 0 3006.DAT
0 STEP
1 86 340.0 -48 1670.0 -1 0 0 0 1 0 0 0 -1 3004.DAT
0 STEP
1 86 330.0 -96 1740.0 0 0 1 0 1 0 -1 0 0 3010.DAT
0 STEP
1 86 330.0 -264 1730.0 0 0 1 0 1 0 -1 0 0 3622.DAT
0 STEP
1 86 340.0 -288 1800.0 0 0 1 0 1 0 -1 0 0 3006.DAT
0 STEP
1 86 340.0 -312 1760.0 0 0 1 0 1 0 -1 0 0 2456.DAT
0 STEP
1 86 340.0 -336 1730.0 0 0 1 0 1 0 -1 0 0 3002.DAT
0 STEP
1 86 340.0 -24 1730.0 -1 0 0 0 1 0 0 0 -1 3004.DAT
0 STEP
1 86 330.0 -72 1730.0 0 0 1 0 1 0 -1 0 0 3005.DAT
0 STEP
1 86 330.0 -144 1760.0 0 0 1 0 1 0 -1 0 0 3010.DAT
0 STEP
1 86 330.0 -48 1780.0 0 0 1 0 1 0 -1 0 0 3010.DAT
0 STEP
1 86 330.0 -264 1820.0 0 0 1 0 1 0 -1 0 0 3009.DAT
0 STEP
1 86 340.0 -336 1860.0 0 0 1 0 1 0 -1 0 0 3006.DAT
0 STEP
1 86 340.0 -72 1840.0 0 0 1 0 1 0 -1 0 0 2456.DAT
0 STEP
1 86 330.0 -96 1790.0 0 0 1 0 1 0 -1 0 0 3005.DAT
0 STEP
1 86 340.0 -408 1820.0 0 0 1 0 1 0 -1 0 0 3001.DAT
0 STEP
1 86 340.0 -96 1810.0 -1 0 0 0 1 0 0 0 -1 3004.DAT
0 STEP
1 86 340.0 -96 1880.0 0 0 1 0 1 0 -1 0 0 2456.DAT
0 STEP
1 86 340.0 -240 1860.0 0 0 1 0 1 0 -1 0 0 3001.DAT
0 STEP
1 86 340.0 -312 1850.0 0 0 1 0 1 0 -1 0 0 3002.DAT
0 STEP
1 86 330.0 -360 1880.0 0 0 1 0 1 0 -1 0 0 3010.DAT
0 STEP
1 86 340.0 0 1870.0 -1 0 0 0 1 0 0 0 -1 3004.DAT
0 STEP
1 86 340.0 0 1980.0 0 0 1 0 1 0 -1 0 0 3006.DAT
0 STEP
1 86 330.0 -48 1960.0 0 0 1 0 1 0 -1 0 0 3008.DAT
0 STEP
1 86 330.0 -264 1940.0 0 0 1 0 1 0 -1 0 0 3009.DAT
0 STEP
1 86 340.0 -312 1920.0 0 0 1 0 1 0 -1 0 0 3001.DAT
0 STEP
1 86 330.0 -24 1910.0 0 0 1 0 1 0 -1 0 0 3005.DAT
0 STEP
1 86 340.0 -120 1910.0 -1 0 0 0 1 0 0 0 -1 3004.DAT
0 STEP
1 86 350.0 -240 1920.0 -1 0 0 0 1 0 0 0 -1 3002.DAT
0 STEP
1 86 340.0 -288 1930.0 0 0 1 0 1 0 -1 0 0 3002.DAT
0 STEP
1 86 340.0 -120 1960.0 0 0 1 0 1 0 -1 0 0 3001.DAT
0 STEP
1 86 330.0 -360 1930.0 0 0 1 0 1 0 -1 0 0 3005.DAT
0 STEP
1 86 350.0 -240 1950.0 -1 0 0 0 1 0 0 0 -1 3622.DAT
0 STEP
1 86 330.0 -360 1980.0 0 0 1 0 1 0 -1 0 0 3010.DAT
0 STEP
1 86 340.0 -96 1970.0 -1 0 0 0 1 0 0 0 -1 3004.DAT
0 STEP
1 86 350.0 -144 1970.0 -1 0 0 0 1 0 0 0 -1 3622.DAT
0 STEP
1 86 340.0 -240 2000.0 0 0 1 0 1 0 -1 0 0 3001.DAT
0 STEP
1 86 330.0 -24 1990.0 0 0 1 0 1 0 -1 0 0 3005.DAT
0 STEP
1 86 330.0 -96 2040.0 0 0 1 0 1 0 -1 0 0 3009.DAT
0 STEP
1 86 330.0 -144 2040.0 0 0 1 0 1 0 -1 0 0 3010.DAT
0 STEP
1 86 330.0 -264 2010.0 0 0 1 0 1 0 -1 0 0 3005.DAT
0 STEP
1 86 330.0 -408 2040.0 0 0 1 0 1 0 -1 0 0 3010.DAT
0 STEP
1 86 330.0 -24 2030.0 0 0 1 0 1 0 -1 0 0 3005.DAT
0 STEP
1 86 340.0 -264 2100.0 0 0 1 0 1 0 -1 0 0 3007.DAT
0 STEP
1 86 340.0 -288 2030.0 -1 0 0 0 1 0 0 0 -1 3004.DAT
0 STEP
1 86 340.0 -312 2100.0 0 0 1 0 1 0 -1 0 0 3007.DAT
0 STEP
1 86 340.0 -336 2120.0 0 0 1 0 1 0 -1 0 0 3006.DAT
0 STEP
1 86 330.0 -360 2030.0 0 0 1 0 1 0 -1 0 0 3005.DAT
0 STEP
1 86 330.0 -48 2050.0 0 0 1 0 1 0 -1 0 0 3005.DAT
0 STEP
1 86 350.0 -240 2050.0 -1 0 0 0 1 0 0 0 -1 3622.DAT
0 STEP
1 86 330.0 -288 2080.0 0 0 1 0 1 0 -1 0 0 3010.DAT
0 STEP
1 86 330.0 -360 2080.0 0 0 1 0 1 0 -1 0 0 3010.DAT
0 STEP
1 86 340.0 -24 2070.0 -1 0 0 0 1 0 0 0 -1 3004.DAT
0 STEP
1 86 350.0 -240 2080.0 -1 0 0 0 1 0 0 0 -1 3002.DAT
0 STEP
1 86 340.0 -24 2160.0 0 0 1 0 1 0 -1 0 0 3007.DAT
0 STEP
1 86 330.0 -144 2140.0 0 0 1 0 1 0 -1 0 0 3009.DAT
0 STEP
1 86 330.0 -408 2090.0 0 0 1 0 1 0 -1 0 0 3005.DAT
0 STEP
1 86 330.0 -96 2110.0 0 0 1 0 1 0 -1 0 0 3005.DAT
0 STEP
1 86 350.0 -240 2110.0 -1 0 0 0 1 0 0 0 -1 3622.DAT
0 STEP
1 86 330.0 -48 2150.0 0 0 1 0 1 0 -1 0 0 3622.DAT
0 STEP
1 86 340.0 -96 2150.0 0 0 1 0 1 0 -1 0 0 3002.DAT
0 STEP
1 86 330.0 -240 2160.0 0 0 1 0 1 0 -1 0 0 3010.DAT
0 STEP
1 86 330.0 -288 2130.0 0 0 1 0 1 0 -1 0 0 3005.DAT
0 STEP
1 86 340.0 -360 2150.0 0 0 1 0 1 0 -1 0 0 3002.DAT
0 STEP
1 86 340.0 -288 2180.0 0 0 1 0 1 0 -1 0 0 3001.DAT
0 STEP
1 86 340.0 -408 2180.0 0 0 1 0 1 0 -1 0 0 3001.DAT
0 STEP
1 86 340.0 -72 2190.0 0 0 1 0 1 0 -1 0 0 3002.DAT
0 STEP
1 86 330.0 -120 2220.0 0 0 1 0 1 0 -1 0 0 3010.DAT
0 STEP
1 86 330.0 -240 2210.0 0 0 1 0 1 0 -1 0 0 3005.DAT
0 STEP
1 86 340.0 -72 2240.0 0 0 1 0 1 0 -1 0 0 3003.DAT
0 STEP
1 86 330.0 -96 2230.0 0 0 1 0 1 0 -1 0 0 3005.DAT
0 STEP
1 86 330.0 -96 2280.0 0 0 1 0 1 0 -1 0 0 3010.DAT
0 STEP
1 86 330.0 -144 2270.0 0 0 1 0 1 0 -1 0 0 3622.DAT
0 STEP
1 86 340.0 -120 2290.0 -1 0 0 0 1 0 0 0 -1 3004.DAT
0 STEP
1 86 330.0 -168 2310.0 0 0 1 0 1 0 -1 0 0 3622.DAT
0 STEP
1 86 340.0 -192 2320.0 0 0 1 0 1 0 -1 0 0 3001.DAT
0 STEP
1 86 330.0 -216 2320.0 0 0 1 0 1 0 -1 0 0 3010.DAT
0 STEP
1 86 340.0 -240 2320.0 0 0 1 0 1 0 -1 0 0 3001.DAT
0 STEP
1 86 330.0 -120 2340.0 0 0 1 0 1 0 -1 0 0 3010.DAT
0 STEP
1 86 330.0 -24 2350.0 0 0 1 0 1 0 -1 0 0 3622.DAT
0 STEP
1 86 330.0 -72 2350.0 0 0 1 0 1 0 -1 0 0 3622.DAT
0 STEP
1 86 330.0 -168 2380.0 0 0 1 0 1 0 -1 0 0 3010.DAT
0 STEP
1 86 340.0 -192 2370.0 -1 0 0 0 1 0 0 0 -1 3004.DAT
0 STEP
1 86 330.0 -192 2400.0 0 0 1 0 1 0 -1 0 0 3004.DAT
0 STEP
1 86 330.0 -240 2400.0 0 0 1 0 1 0 -1 0 0 3004.DAT
0 STEP
1 86 330.0 -144 2410.0 0 0 1 0 1 0 -1 0 0 3005.DAT
0 STEP
1 86 350.0 -144 110.0 0 0 1 0 1 0 -1 0 0 3622.DAT
0 STEP
1 86 350.0 -168 140.0 0 0 1 0 1 0 -1 0 0 3009.DAT
0 STEP
1 86 350.0 -192 90.0 0 0 1 0 1 0 -1 0 0 3005.DAT
0 STEP
1 86 350.0 -216 120.0 0 0 1 0 1 0 -1 0 0 3010.DAT
0 STEP
1 86 350.0 -48 130.0 0 0 1 0 1 0 -1 0 0 3005.DAT
0 STEP
1 86 350.0 -96 130.0 0 0 1 0 1 0 -1 0 0 3005.DAT
0 STEP
1 86 350.0 -120 160.0 0 0 1 0 1 0 -1 0 0 3010.DAT
0 STEP
1 86 350.0 0 180.0 0 0 1 0 1 0 -1 0 0 3010.DAT
0 STEP
1 86 360.0 -192 220.0 0 0 1 0 1 0 -1 0 0 3007.DAT
0 STEP
1 86 360.0 -240 180.0 0 0 1 0 1 0 -1 0 0 3001.DAT
0 STEP
1 86 350.0 -216 170.0 0 0 1 0 1 0 -1 0 0 3005.DAT
0 STEP
1 86 360.0 -144 240.0 0 0 1 0 1 0 -1 0 0 2456.DAT
0 STEP
1 86 350.0 -216 220.0 0 0 1 0 1 0 -1 0 0 3010.DAT
0 STEP
1 86 350.0 -120 230.0 0 0 1 0 1 0 -1 0 0 3622.DAT
0 STEP
1 86 350.0 -168 240.0 0 0 1 0 1 0 -1 0 0 3010.DAT
0 STEP
1 86 350.0 0 280.0 0 0 1 0 1 0 -1 0 0 3009.DAT
0 STEP
1 86 350.0 -48 230.0 0 0 1 0 1 0 -1 0 0 3005.DAT
0 STEP
1 86 360.0 -240 230.0 -1 0 0 0 1 0 0 0 -1 3004.DAT
0 STEP
1 86 350.0 -48 300.0 0 0 1 0 1 0 -1 0 0 3009.DAT
0 STEP
1 86 360.0 -240 280.0 0 0 1 0 1 0 -1 0 0 3001.DAT
0 STEP
1 86 350.0 -96 270.0 0 0 1 0 1 0 -1 0 0 3005.DAT
0 STEP
1 86 360.0 -216 320.0 0 0 1 0 1 0 -1 0 0 2456.DAT
0 STEP
1 86 350.0 -96 340.0 0 0 1 0 1 0 -1 0 0 3009.DAT
0 STEP
1 86 360.0 -168 340.0 0 0 1 0 1 0 -1 0 0 2456.DAT
0 STEP
1 86 360.0 -144 310.0 -1 0 0 0 1 0 0 0 -1 3004.DAT
0 STEP
1 86 350.0 -192 380.0 0 0 1 0 1 0 -1 0 0 3008.DAT
0 STEP
1 86 360.0 -144 400.0 0 0 1 0 1 0 -1 0 0 3007.DAT
0 STEP
1 86 350.0 -240 360.0 0 0 1 0 1 0 -1 0 0 3010.DAT
0 STEP
1 86 350.0 0 400.0 0 0 1 0 1 0 -1 0 0 3009.DAT
0 STEP
1 86 350.0 -120 350.0 0 0 1 0 1 0 -1 0 0 3005.DAT
0 STEP
1 86 350.0 -264 440.0 0 0 1 0 1 0 -1 0 0 3009.DAT
0 STEP
1 86 350.0 -312 390.0 0 0 1 0 1 0 -1 0 0 3005.DAT
0 STEP
1 86 350.0 -360 390.0 0 0 1 0 1 0 -1 0 0 3005.DAT
0 STEP
1 86 350.0 -96 410.0 0 0 1 0 1 0 -1 0 0 3005.DAT
0 STEP
1 86 350.0 -240 410.0 0 0 1 0 1 0 -1 0 0 3005.DAT
0 STEP
1 86 350.0 -384 440.0 0 0 1 0 1 0 -1 0 0 3010.DAT
0 STEP
1 86 350.0 -408 430.0 0 0 1 0 1 0 -1 0 0 3622.DAT
0 STEP
1 86 350.0 -24 500.0 0 0 1 0 1 0 -1 0 0 3008.DAT
0 STEP
1 86 350.0 -168 430.0 0 0 1 0 1 0 -1 0 0 3005.DAT
0 STEP
1 86 360.0 -216 520.0 0 0 1 0 1 0 -1 0 0 3006.DAT
0 STEP
1 86 350.0 -168 480.0 0 0 1 0 1 0 -1 0 0 3010.DAT
0 STEP
1 86 350.0 0 500.0 0 0 1 0 1 0 -1 0 0 3010.DAT
0 STEP
1 86 350.0 -48 470.0 0 0 1 0 1 0 -1 0 0 3005.DAT
0 STEP
1 86 360.0 -192 470.0 -1 0 0 0 1 0 0 0 -1 3004.DAT
0 STEP
1 86 350.0 -336 500.0 0 0 1 0 1 0 -1 0 0 3010.DAT
0 STEP
1 86 350.0 -72 540.0 0 0 1 0 1 0 -1 0 0 3009.DAT
0 STEP
1 86 360.0 -144 490.0 -1 0 0 0 1 0 0 0 -1 3004.DAT
0 STEP
1 86 360.0 -192 520.0 0 0 1 0 1 0 -1 0 0 3001.DAT
0 STEP
1 86 350.0 -384 510.0 0 0 1 0 1 0 -1 0 0 3622.DAT
0 STEP
1 86 350.0 -48 510.0 0 0 1 0 1 0 -1 0 0 3005.DAT
0 STEP
1 86 360.0 -144 540.0 0 0 1 0 1 0 -1 0 0 3001.DAT
0 STEP
1 86 350.0 -264 510.0 0 0 1 0 1 0 -1 0 0 3005.DAT
0 STEP
1 86 350.0 -168 530.0 0 0 1 0 1 0 -1 0 0 3005.DAT
0 STEP
1 86 350.0 -264 580.0 0 0 1 0 1 0 -1 0 0 3009.DAT
0 STEP
1 86 350.0 -120 580.0 0 0 1 0 1 0 -1 0 0 3010.DAT
0 STEP
1 86 360.0 -168 580.0 0 0 1 0 1 0 -1 0 0 3001.DAT
0 STEP
1 86 350.0 -336 550.0 0 0 1 0 1 0 -1 0 0 3005.DAT
0 STEP
1 86 350.0 -384 620.0 0 0 1 0 1 0 -1 0 0 3008.DAT
0 STEP
1 86 360.0 -192 570.0 -1 0 0 0 1 0 0 0 -1 3004.DAT
0 STEP
1 86 350.0 -336 600.0 0 0 1 0 1 0 -1 0 0 3010.DAT
0 STEP
1 86 350.0 -408 600.0 0 0 1 0 1 0 -1 0 0 3010.DAT
0 STEP
1 86 350.0 -24 620.0 0 0 1 0 1 0 -1 0 0 3010.DAT
0 STEP
1 86 360.0 -192 640.0 0 0 1 0 1 0 -1 0 0 2456.DAT
0 STEP
1 86 350.0 -72 660.0 0 0 1 0 1 0 -1 0 0 3009.DAT
0 STEP
1 86 360.0 -144 640.0 0 0 1 0 1 0 -1 0 0 3001.DAT
0 STEP
1 86 350.0 -120 700.0 0 0 1 0 1 0 -1 0 0 3008.DAT
0 STEP
1 86 350.0 -168 650.0 0 0 1 0 1 0 -1 0 0 3622.DAT
0 STEP
1 86 360.0 -216 680.0 0 0 1 0 1 0 -1 0 0 2456.DAT
0 STEP
1 86 350.0 -264 650.0 0 0 1 0 1 0 -1 0 0 3005.DAT
0 STEP
1 86 350.0 -408 650.0 0 0 1 0 1 0 -1 0 0 3005.DAT
0 STEP
1 86 350.0 -48 720.0 0 0 1 0 1 0 -1 0 0 3009.DAT
0 STEP
1 86 350.0 -408 700.0 0 0 1 0 1 0 -1 0 0 3010.DAT
0 STEP
1 86 350.0 -168 720.0 0 0 1 0 1 0 -1 0 0 3010.DAT
0 STEP
1 86 350.0 -336 760.0 0 0 1 0 1 0 -1 0 0 3008.DAT
0 STEP
1 86 350.0 -24 710.0 0 0 1 0 1 0 -1 0 0 3005.DAT
0 STEP
1 86 360.0 -192 710.0 -1 0 0 0 1 0 0 0 -1 3004.DAT
0 STEP
1 86 350.0 -288 740.0 0 0 1 0 1 0 -1 0 0 3010.DAT
0 STEP
1 86 350.0 -384 740.0 0 0 1 0 1 0 -1 0 0 3010.DAT
0 STEP
1 86 350.0 -72 730.0 0 0 1 0 1 0 -1 0 0 3005.DAT
0 STEP
1 86 360.0 -192 780.0 0 0 1 0 1 0 -1 0 0 2456.DAT
0 STEP
1 86 350.0 -72 780.0 0 0 1 0 1 0 -1 0 0 3010.DAT
0 STEP
1 86 360.0 -144 780.0 0 0 1 0 1 0 -1 0 0 3001.DAT
0 STEP
1 86 360.0 -216 770.0 0 0 1 0 1 0 -1 0 0 3002.DAT
0 STEP
1 86 350.0 -408 750.0 0 0 1 0 1 0 -1 0 0 3005.DAT
0 STEP
1 86 350.0 -168 770.0 0 0 1 0 1 0 -1 0 0 3005.DAT
0 STEP
1 86 350.0 -120 860.0 0 0 1 0 1 0 -1 0 0 3008.DAT
0 STEP
1 86 350.0 -168 840.0 0 0 1 0 1 0 -1 0 0 3009.DAT
0 STEP
1 86 350.0 -288 860.0 0 0 1 0 1 0 -1 0 0 3008.DAT
0 STEP
1 86 350.0 -384 790.0 0 0 1 0 1 0 -1 0 0 3005.DAT
0 STEP
1 86 350.0 -216 840.0 0 0 1 0 1 0 -1 0 0 3010.DAT
0 STEP
1 86 350.0 -384 880.0 0 0 1 0 1 0 -1 0 0 3008.DAT
0 STEP
1 86 350.0 -24 920.0 0 0 1 0 1 0 -1 0 0 3008.DAT
0 STEP
1 86 360.0 -192 940.0 0 0 1 0 1 0 -1 0 0 3006.DAT
0 STEP
1 86 350.0 -336 850.0 0 0 1 0 1 0 -1 0 0 3005.DAT
0 STEP
1 86 350.0 -72 900.0 0 0 1 0 1 0 -1 0 0 3010.DAT
0 STEP
1 86 350.0 -336 900.0 0 0 1 0 1 0 -1 0 0 3010.DAT
0 STEP
1 86 350.0 -216 890.0 0 0 1 0 1 0 -1 0 0 3005.DAT
0 STEP
1 86 350.0 -96 940.0 0 0 1 0 1 0 -1 0 0 3010.DAT
0 STEP
1 86 350.0 -168 980.0 0 0 1 0 1 0 -1 0 0 3008.DAT
0 STEP
1 86 360.0 -216 920.0 0 0 1 0 1 0 -1 0 0 3003.DAT
0 STEP
1 86 360.0 -144 960.0 0 0 1 0 1 0 -1 0 0 3001.DAT
0 STEP
1 86 350.0 -312 960.0 0 0 1 0 1 0 -1 0 0 3010.DAT
0 STEP
1 86 350.0 -360 960.0 0 0 1 0 1 0 -1 0 0 3010.DAT
0 STEP
1 86 360.0 -216 970.0 0 0 1 0 1 0 -1 0 0 3002.DAT
0 STEP
1 86 350.0 -288 950.0 0 0 1 0 1 0 -1 0 0 3005.DAT
0 STEP
1 86 350.0 -336 950.0 0 0 1 0 1 0 -1 0 0 3005.DAT
0 STEP
1 86 350.0 -72 1040.0 0 0 1 0 1 0 -1 0 0 3008.DAT
0 STEP
1 86 350.0 -288 1020.0 0 0 1 0 1 0 -1 0 0 3009.DAT
0 STEP
1 86 350.0 -384 970.0 0 0 1 0 1 0 -1 0 0 3005.DAT
0 STEP
1 86 350.0 0 1000.0 0 0 1 0 1 0 -1 0 0 3004.DAT
0 STEP
1 86 350.0 -96 990.0 0 0 1 0 1 0 -1 0 0 3005.DAT
0 STEP
1 86 350.0 -384 1040.0 0 0 1 0 1 0 -1 0 0 3009.DAT
0 STEP
1 86 350.0 -24 1060.0 0 0 1 0 1 0 -1 0 0 3009.DAT
0 STEP
1 86 350.0 -216 1060.0 0 0 1 0 1 0 -1 0 0 3009.DAT
0 STEP
1 86 350.0 -312 1010.0 0 0 1 0 1 0 -1 0 0 3005.DAT
0 STEP
1 86 350.0 -360 1010.0 0 0 1 0 1 0 -1 0 0 3005.DAT
0 STEP
1 86 350.0 0 1080.0 0 0 1 0 1 0 -1 0 0 3010.DAT
0 STEP
1 86 360.0 -192 1050.0 -1 0 0 0 1 0 0 0 -1 3004.DAT
0 STEP
1 86 350.0 -312 1050.0 0 0 1 0 1 0 -1 0 0 3005.DAT
0 STEP
1 86 350.0 -168 1140.0 0 0 1 0 1 0 -1 0 0 3008.DAT
0 STEP
1 86 360.0 -192 1120.0 0 0 1 0 1 0 -1 0 0 2456.DAT
0 STEP
1 86 350.0 -312 1140.0 0 0 1 0 1 0 -1 0 0 3008.DAT
0 STEP
1 86 350.0 -408 1070.0 0 0 1 0 1 0 -1 0 0 3005.DAT
0 STEP
1 86 350.0 -408 1160.0 0 0 1 0 1 0 -1 0 0 3008.DAT
0 STEP
1 86 360.0 -144 1140.0 0 0 1 0 1 0 -1 0 0 3001.DAT
0 STEP
1 86 350.0 -384 1140.0 0 0 1 0 1 0 -1 0 0 3010.DAT
0 STEP
1 86 350.0 0 1130.0 0 0 1 0 1 0 -1 0 0 3005.DAT
0 STEP
1 86 350.0 -72 1130.0 0 0 1 0 1 0 -1 0 0 3005.DAT
0 STEP
1 86 350.0 -120 1180.0 0 0 1 0 1 0 -1 0 0 3009.DAT
0 STEP
1 86 350.0 -216 1130.0 0 0 1 0 1 0 -1 0 0 3005.DAT
0 STEP
1 86 350.0 -360 1180.0 0 0 1 0 1 0 -1 0 0 3009.DAT
0 STEP
1 86 350.0 0 1200.0 0 0 1 0 1 0 -1 0 0 3009.DAT
0 STEP
1 86 350.0 -216 1220.0 0 0 1 0 1 0 -1 0 0 3008.DAT
0 STEP
1 86 360.0 -192 1190.0 -1 0 0 0 1 0 0 0 -1 3004.DAT
0 STEP
1 86 350.0 -384 1190.0 0 0 1 0 1 0 -1 0 0 3005.DAT
0 STEP
1 86 360.0 -192 1280.0 0 0 1 0 1 0 -1 0 0 3007.DAT
0 STEP
1 86 350.0 -384 1240.0 0 0 1 0 1 0 -1 0 0 3010.DAT
0 STEP
1 86 350.0 -168 1280.0 0 0 1 0 1 0 -1 0 0 3009.DAT
0 STEP
1 86 350.0 -312 1240.0 0 0 1 0 1 0 -1 0 0 3004.DAT
0 STEP
1 86 350.0 -120 1250.0 0 0 1 0 1 0 -1 0 0 3005.DAT
0 STEP
1 86 360.0 -144 1300.0 0 0 1 0 1 0 -1 0 0 2456.DAT
0 STEP
1 86 350.0 -24 1340.0 0 0 1 0 1 0 -1 0 0 3009.DAT
0 STEP
1 86 350.0 -384 1290.0 0 0 1 0 1 0 -1 0 0 3005.DAT
0 STEP
1 86 350.0 -72 1310.0 0 0 1 0 1 0 -1 0 0 3005.DAT
0 STEP
1 86 350.0 -216 1380.0 0 0 1 0 1 0 -1 0 0 3008.DAT
0 STEP
1 86 350.0 -384 1380.0 0 0 1 0 1 0 -1 0 0 3008.DAT
0 STEP
1 86 350.0 -72 1400.0 0 0 1 0 1 0 -1 0 0 3008.DAT
0 STEP
1 86 350.0 -120 1420.0 0 0 1 0 1 0 -1 0 0 3008.DAT
0 STEP
1 86 360.0 -168 1440.0 0 0 1 0 1 0 -1 0 0 3006.DAT
0 STEP
1 86 350.0 -288 1350.0 0 0 1 0 1 0 -1 0 0 3005.DAT
0 STEP
1 86 350.0 -360 1420.0 0 0 1 0 1 0 -1 0 0 3008.DAT
0 STEP
1 86 350.0 0 1370.0 0 0 1 0 1 0 -1 0 0 3005.DAT
0 STEP
1 86 360.0 -192 1400.0 0 0 1 0 1 0 -1 0 0 3001.DAT
0 STEP
1 86 350.0 -288 1400.0 0 0 1 0 1 0 -1 0 0 3010.DAT
0 STEP
1 86 350.0 0 1420.0 0 0 1 0 1 0 -1 0 0 3010.DAT
0 STEP
1 86 350.0 -24 1430.0 0 0 1 0 1 0 -1 0 0 3005.DAT
0 STEP
1 86 350.0 -96 1480.0 0 0 1 0 1 0 -1 0 0 3009.DAT
0 STEP
1 86 350.0 -24 1520.0 0 0 1 0 1 0 -1 0 0 3008.DAT
0 STEP
1 86 350.0 -48 1450.0 0 0 1 0 1 0 -1 0 0 3005.DAT
0 STEP
1 86 360.0 -192 1470.0 0 0 1 0 1 0 -1 0 0 3002.DAT
0 STEP
1 86 350.0 0 1470.0 0 0 1 0 1 0 -1 0 0 3005.DAT
0 STEP
1 86 350.0 -48 1500.0 0 0 1 0 1 0 -1 0 0 3010.DAT
0 STEP
1 86 350.0 -216 1470.0 0 0 1 0 1 0 -1 0 0 3005.DAT
0 STEP
1 86 350.0 -384 1540.0 0 0 1 0 1 0 -1 0 0 3008.DAT
0 STEP
1 86 360.0 -144 1520.0 0 0 1 0 1 0 -1 0 0 3001.DAT
0 STEP
1 86 360.0 -216 1490.0 -1 0 0 0 1 0 0 0 -1 3004.DAT
0 STEP
1 86 350.0 -264 1520.0 0 0 1 0 1 0 -1 0 0 3010.DAT
0 STEP
1 86 350.0 -312 1540.0 0 0 1 0 1 0 -1 0 0 3009.DAT
0 STEP
1 86 350.0 -120 1510.0 0 0 1 0 1 0 -1 0 0 3005.DAT
0 STEP
1 86 350.0 -192 1510.0 0 0 1 0 1 0 -1 0 0 3005.DAT
0 STEP
1 86 360.0 -216 1540.0 0 0 1 0 1 0 -1 0 0 3001.DAT
0 STEP
1 86 350.0 -192 1580.0 0 0 1 0 1 0 -1 0 0 3009.DAT
0 STEP
1 86 350.0 -48 1550.0 0 0 1 0 1 0 -1 0 0 3005.DAT
0 STEP
1 86 350.0 -96 1550.0 0 0 1 0 1 0 -1 0 0 3005.DAT
0 STEP
1 86 350.0 -168 1620.0 0 0 1 0 1 0 -1 0 0 3008.DAT
0 STEP
1 86 360.0 -144 1570.0 -1 0 0 0 1 0 0 0 -1 3004.DAT
0 STEP
1 86 350.0 -264 1570.0 0 0 1 0 1 0 -1 0 0 3005.DAT
0 STEP
1 86 350.0 -408 1600.0 0 0 1 0 1 0 -1 0 0 3010.DAT
0 STEP
1 86 350.0 0 1620.0 0 0 1 0 1 0 -1 0 0 3010.DAT
0 STEP
1 86 360.0 -144 1620.0 0 0 1 0 1 0 -1 0 0 3001.DAT
0 STEP
1 86 360.0 -216 1610.0 0 0 1 0 1 0 -1 0 0 3002.DAT
0 STEP
1 86 350.0 -312 1610.0 0 0 1 0 1 0 -1 0 0 3005.DAT
0 STEP
1 86 350.0 -120 1680.0 0 0 1 0 1 0 -1 0 0 3009.DAT
0 STEP
1 86 350.0 -384 1660.0 0 0 1 0 1 0 -1 0 0 3010.DAT
0 STEP
1 86 350.0 -72 1700.0 0 0 1 0 1 0 -1 0 0 3009.DAT
0 STEP
1 86 350.0 -192 1680.0 0 0 1 0 1 0 -1 0 0 3010.DAT
0 STEP
1 86 360.0 -216 1680.0 0 0 1 0 1 0 -1 0 0 3001.DAT
0 STEP
1 86 350.0 -96 1710.0 0 0 1 0 1 0 -1 0 0 3005.DAT
0 STEP
1 86 350.0 -168 1780.0 0 0 1 0 1 0 -1 0 0 3008.DAT
0 STEP
1 86 350.0 -264 1780.0 0 0 1 0 1 0 -1 0 0 3008.DAT
0 STEP
1 86 350.0 -384 1780.0 0 0 1 0 1 0 -1 0 0 3008.DAT
0 STEP
1 86 350.0 0 1750.0 0 0 1 0 1 0 -1 0 0 3622.DAT
0 STEP
1 86 350.0 -48 1760.0 0 0 1 0 1 0 -1 0 0 3010.DAT
0 STEP
1 86 350.0 -96 1760.0 0 0 1 0 1 0 -1 0 0 3010.DAT
0 STEP
1 86 360.0 -144 1760.0 0 0 1 0 1 0 -1 0 0 3001.DAT
0 STEP
1 86 360.0 -192 1740.0 0 0 1 0 1 0 -1 0 0 3003.DAT
0 STEP
1 86 360.0 -216 1730.0 -1 0 0 0 1 0 0 0 -1 3004.DAT
0 STEP
1 86 350.0 -120 1750.0 0 0 1 0 1 0 -1 0 0 3005.DAT
0 STEP
1 86 360.0 -216 1800.0 0 0 1 0 1 0 -1 0 0 2456.DAT
0 STEP
1 86 360.0 -192 1790.0 0 0 1 0 1 0 -1 0 0 3002.DAT
0 STEP
1 86 350.0 -24 1860.0 0 0 1 0 1 0 -1 0 0 3008.DAT
0 STEP
1 86 350.0 -120 1820.0 0 0 1 0 1 0 -1 0 0 3010.DAT
0 STEP
1 86 350.0 -48 1810.0 0 0 1 0 1 0 -1 0 0 3005.DAT
0 STEP
1 86 360.0 -192 1860.0 0 0 1 0 1 0 -1 0 0 3001.DAT
0 STEP
1 86 360.0 -144 1900.0 0 0 1 0 1 0 -1 0 0 2456.DAT
0 STEP
1 86 350.0 -360 1900.0 0 0 1 0 1 0 -1 0 0 3009.DAT
0 STEP
1 86 350.0 -48 1900.0 0 0 1 0 1 0 -1 0 0 3010.DAT
0 STEP
1 86 350.0 -168 1940.0 0 0 1 0 1 0 -1 0 0 3008.DAT
0 STEP
1 86 350.0 -216 1920.0 0 0 1 0 1 0 -1 0 0 3009.DAT
0 STEP
1 86 350.0 -264 1940.0 0 0 1 0 1 0 -1 0 0 3008.DAT
0 STEP
1 86 350.0 -384 1870.0 0 0 1 0 1 0 -1 0 0 3005.DAT
0 STEP
1 86 350.0 -384 1960.0 0 0 1 0 1 0 -1 0 0 3008.DAT
0 STEP
1 86 350.0 -72 1940.0 0 0 1 0 1 0 -1 0 0 3010.DAT
0 STEP
1 86 360.0 -192 2000.0 0 0 1 0 1 0 -1 0 0 3006.DAT
0 STEP
1 86 350.0 -48 2020.0 0 0 1 0 1 0 -1 0 0 3008.DAT
0 STEP
1 86 350.0 -360 2040.0 0 0 1 0 1 0 -1 0 0 3008.DAT
0 STEP
1 86 350.0 -24 2010.0 0 0 1 0 1 0 -1 0 0 3622.DAT
0 STEP
1 86 350.0 -96 1990.0 0 0 1 0 1 0 -1 0 0 3005.DAT
0 STEP
1 86 360.0 -144 2020.0 0 0 1 0 1 0 -1 0 0 3001.DAT
0 STEP
1 86 360.0 -216 2000.0 0 0 1 0 1 0 -1 0 0 3003.DAT
0 STEP
1 86 350.0 -96 2060.0 0 0 1 0 1 0 -1 0 0 3009.DAT
0 STEP
1 86 350.0 -408 2010.0 0 0 1 0 1 0 -1 0 0 3005.DAT
0 STEP
1 86 360.0 -168 2030.0 -1 0 0 0 1 0 0 0 -1 3004.DAT
0 STEP
1 86 350.0 -216 2080.0 0 0 1 0 1 0 -1 0 0 3009.DAT
0 STEP
1 86 350.0 -408 2060.0 0 0 1 0 1 0 -1 0 0 3010.DAT
0 STEP
1 86 360.0 -168 2080.0 0 0 1 0 1 0 -1 0 0 3001.DAT
0 STEP
1 86 350.0 -288 2050.0 0 0 1 0 1 0 -1 0 0 3005.DAT
0 STEP
1 86 350.0 -384 2120.0 0 0 1 0 1 0 -1 0 0 3008.DAT
0 STEP
1 86 360.0 -144 2070.0 -1 0 0 0 1 0 0 0 -1 3004.DAT
0 STEP
1 86 350.0 -288 2100.0 0 0 1 0 1 0 -1 0 0 3010.DAT
0 STEP
1 86 360.0 -144 2140.0 0 0 1 0 1 0 -1 0 0 2456.DAT
0 STEP
1 86 350.0 -48 2110.0 0 0 1 0 1 0 -1 0 0 3005.DAT
0 STEP
1 86 360.0 -192 2160.0 0 0 1 0 1 0 -1 0 0 2456.DAT
0 STEP
1 86 350.0 -48 2160.0 0 0 1 0 1 0 -1 0 0 3010.DAT
0 STEP
1 86 350.0 -168 2150.0 0 0 1 0 1 0 -1 0 0 3622.DAT
0 STEP
1 86 360.0 -240 2180.0 0 0 1 0 1 0 -1 0 0 2456.DAT
0 STEP
1 86 350.0 -216 2150.0 0 0 1 0 1 0 -1 0 0 3005.DAT
0 STEP
1 86 350.0 -120 2200.0 0 0 1 0 1 0 -1 0 0 3010.DAT
0 STEP
1 86 360.0 -216 2170.0 -1 0 0 0 1 0 0 0 -1 3004.DAT
0 STEP
1 86 350.0 -48 2210.0 0 0 1 0 1 0 -1 0 0 3005.DAT
0 STEP
1 86 350.0 -168 2280.0 0 0 1 0 1 0 -1 0 0 3008.DAT
0 STEP
1 86 350.0 -360 2210.0 0 0 1 0 1 0 -1 0 0 3005.DAT
0 STEP
1 86 350.0 -48 2260.0 0 0 1 0 1 0 -1 0 0 3010.DAT
0 STEP
1 86 350.0 -96 2260.0 0 0 1 0 1 0 -1 0 0 3010.DAT
0 STEP
1 86 360.0 -144 2260.0 0 0 1 0 1 0 -1 0 0 3001.DAT
0 STEP
1 86 360.0 -192 2250.0 0 0 1 0 1 0 -1 0 0 3002.DAT
0 STEP
1 86 360.0 -216 2260.0 0 0 1 0 1 0 -1 0 0 3001.DAT
0 STEP
1 86 350.0 -120 2250.0 0 0 1 0 1 0 -1 0 0 3005.DAT
0 STEP
1 86 350.0 -240 2260.0 0 0 1 0 1 0 -1 0 0 3004.DAT
0 STEP
1 86 350.0 0 2280.0 0 0 1 0 1 0 -1 0 0 3004.DAT
0 STEP
1 86 350.0 -216 2340.0 0 0 1 0 1 0 -1 0 0 3010.DAT
0 STEP
1 86 350.0 -168 2370.0 0 0 1 0 1 0 -1 0 0 3005.DAT
0 STEP
1 86 370.0 -168 180.0 0 0 1 0 1 0 -1 0 0 3010.DAT
0 STEP
1 86 370.0 -216 200.0 0 0 1 0 1 0 -1 0 0 3009.DAT
0 STEP
1 86 370.0 -168 250.0 0 0 1 0 1 0 -1 0 0 3622.DAT
0 STEP
1 86 370.0 -192 310.0 0 0 1 0 1 0 -1 0 0 3005.DAT
0 STEP
1 86 370.0 -192 380.0 0 0 1 0 1 0 -1 0 0 3009.DAT
0 STEP
1 86 370.0 -240 380.0 0 0 1 0 1 0 -1 0 0 3009.DAT
0 STEP
1 86 370.0 -168 410.0 0 0 1 0 1 0 -1 0 0 3005.DAT
0 STEP
1 86 370.0 -168 480.0 0 0 1 0 1 0 -1 0 0 3009.DAT
0 STEP
1 86 370.0 -192 450.0 0 0 1 0 1 0 -1 0 0 3005.DAT
0 STEP
1 86 370.0 -240 450.0 0 0 1 0 1 0 -1 0 0 3005.DAT
0 STEP
1 86 370.0 -240 500.0 0 0 1 0 1 0 -1 0 0 3010.DAT
0 STEP
1 86 370.0 -240 570.0 0 0 1 0 1 0 -1 0 0 3005.DAT
0 STEP
1 86 370.0 -240 640.0 0 0 1 0 1 0 -1 0 0 3009.DAT
0 STEP
1 86 370.0 -168 700.0 0 0 1 0 1 0 -1 0 0 3008.DAT
0 STEP
1 86 370.0 -240 710.0 0 0 1 0 1 0 -1 0 0 3005.DAT
0 STEP
1 86 370.0 -240 780.0 0 0 1 0 1 0 -1 0 0 3010.DAT
0 STEP
1 86 370.0 -168 790.0 0 0 1 0 1 0 -1 0 0 3005.DAT
0 STEP
1 86 370.0 -168 880.0 0 0 1 0 1 0 -1 0 0 3008.DAT
0 STEP
1 86 370.0 -216 810.0 0 0 1 0 1 0 -1 0 0 3005.DAT
0 STEP
1 86 370.0 -216 860.0 0 0 1 0 1 0 -1 0 0 3010.DAT
0 STEP
1 86 370.0 -240 860.0 0 0 1 0 1 0 -1 0 0 3004.DAT
0 STEP
1 86 370.0 -240 960.0 0 0 1 0 1 0 -1 0 0 3008.DAT
0 STEP
1 86 370.0 -168 970.0 0 0 1 0 1 0 -1 0 0 3005.DAT
0 STEP
1 86 370.0 -168 1060.0 0 0 1 0 1 0 -1 0 0 3008.DAT
0 STEP
1 86 370.0 -216 1010.0 0 0 1 0 1 0 -1 0 0 3005.DAT
0 STEP
1 86 370.0 -216 1060.0 0 0 1 0 1 0 -1 0 0 3010.DAT
0 STEP
1 86 370.0 -240 1050.0 0 0 1 0 1 0 -1 0 0 3005.DAT
0 STEP
1 86 370.0 -216 1110.0 0 0 1 0 1 0 -1 0 0 3005.DAT
0 STEP
1 86 370.0 -240 1140.0 0 0 1 0 1 0 -1 0 0 3010.DAT
0 STEP
1 86 370.0 -216 1200.0 0 0 1 0 1 0 -1 0 0 3008.DAT
0 STEP
1 86 370.0 -168 1150.0 0 0 1 0 1 0 -1 0 0 3005.DAT
0 STEP
1 86 370.0 -168 1200.0 0 0 1 0 1 0 -1 0 0 3010.DAT
0 STEP
1 86 370.0 -168 1250.0 0 0 1 0 1 0 -1 0 0 3005.DAT
0 STEP
1 86 370.0 -168 1300.0 0 0 1 0 1 0 -1 0 0 3010.DAT
0 STEP
1 86 370.0 -216 1290.0 0 0 1 0 1 0 -1 0 0 3005.DAT
0 STEP
1 86 370.0 -240 1320.0 0 0 1 0 1 0 -1 0 0 3010.DAT
0 STEP
1 86 370.0 -216 1340.0 0 0 1 0 1 0 -1 0 0 3010.DAT
0 STEP
1 86 370.0 -216 1390.0 0 0 1 0 1 0 -1 0 0 3005.DAT
0 STEP
1 86 370.0 -216 1440.0 0 0 1 0 1 0 -1 0 0 3010.DAT
0 STEP
1 86 370.0 -240 1520.0 0 0 1 0 1 0 -1 0 0 3008.DAT
0 STEP
1 86 370.0 -192 1580.0 0 0 1 0 1 0 -1 0 0 3008.DAT
0 STEP
1 86 370.0 -168 1580.0 0 0 1 0 1 0 -1 0 0 3010.DAT
0 STEP
1 86 370.0 -240 1640.0 0 0 1 0 1 0 -1 0 0 3010.DAT
0 STEP
1 86 370.0 -168 1630.0 0 0 1 0 1 0 -1 0 0 3005.DAT
0 STEP
1 86 370.0 -168 1700.0 0 0 1 0 1 0 -1 0 0 3009.DAT
0 STEP
1 86 370.0 -192 1690.0 0 0 1 0 1 0 -1 0 0 3622.DAT
0 STEP
1 86 370.0 -240 1690.0 0 0 1 0 1 0 -1 0 0 3005.DAT
0 STEP
1 86 370.0 -240 1760.0 0 0 1 0 1 0 -1 0 0 3009.DAT
0 STEP
1 86 370.0 -168 1770.0 0 0 1 0 1 0 -1 0 0 3005.DAT
0 STEP
1 86 370.0 -168 1840.0 0 0 1 0 1 0 -1 0 0 3009.DAT
0 STEP
1 86 370.0 -240 1860.0 0 0 1 0 1 0 -1 0 0 3010.DAT
0 STEP
1 86 370.0 -216 1870.0 0 0 1 0 1 0 -1 0 0 3005.DAT
0 STEP
1 86 370.0 -216 1920.0 0 0 1 0 1 0 -1 0 0 3010.DAT
0 STEP
1 86 370.0 -168 1910.0 0 0 1 0 1 0 -1 0 0 3005.DAT
0 STEP
1 86 370.0 -168 1960.0 0 0 1 0 1 0 -1 0 0 3010.DAT
0 STEP
1 86 370.0 -216 1970.0 0 0 1 0 1 0 -1 0 0 3005.DAT
0 STEP
1 86 370.0 -240 2000.0 0 0 1 0 1 0 -1 0 0 3010.DAT
0 STEP
1 86 370.0 -168 2010.0 0 0 1 0 1 0 -1 0 0 3005.DAT
0 STEP
1 86 370.0 -216 2050.0 0 0 1 0 1 0 -1 0 0 3622.DAT
0 STEP
1 86 370.0 -216 2120.0 0 0 1 0 1 0 -1 0 0 3010.DAT
0 STEP
1 86 370.0 -168 2130.0 0 0 1 0 1 0 -1 0 0 3005.DAT
0 STEP
1 86 370.0 -168 2220.0 0 0 1 0 1 0 -1 0 0 3008.DAT
0 STEP
1 86 370.0 -216 2190.0 0 0 1 0 1 0 -1 0 0 3005.DAT
0 STEP
1 86 370.0 -240 2270.0 0 0 1 0 1 0 -1 0 0 3622.DAT
0 STEP
1 86 370.0 -192 2290.0 0 0 1 0 1 0 -1 0 0 3005.DAT
0 STEP
