1 86 110.0 -48 4690.0 0 0 1 0 1 0 -1 0 0 3005.DAT
0 STEP
1 86 190.0 -48 4710.0 0 0 1 0 1 0 -1 0 0 3005.DAT
0 STEP
1 86 130.0 -48 4730.0 0 0 1 0 1 0 -1 0 0 3005.DAT
0 STEP
1 86 170.0 -72 4590.0 0 0 1 0 1 0 -1 0 0 3005.DAT
0 STEP
1 86 50.0 -72 4710.0 0 0 1 0 1 0 -1 0 0 3005.DAT
0 STEP
1 86 70.0 -72 4730.0 0 0 1 0 1 0 -1 0 0 3005.DAT
0 STEP
1 86 170.0 -72 4750.0 0 0 1 0 1 0 -1 0 0 3005.DAT
0 STEP
1 86 210.0 -96 4610.0 0 0 1 0 1 0 -1 0 0 3005.DAT
0 STEP
1 86 210.0 -96 4690.0 0 0 1 0 1 0 -1 0 0 3005.DAT
0 STEP
1 86 50.0 -120 4590.0 0 0 1 0 1 0 -1 0 0 3005.DAT
0 STEP
1 86 190.0 -120 4590.0 0 0 1 0 1 0 -1 0 0 3005.DAT
0 STEP
1 86 170.0 -144 4570.0 0 0 1 0 1 0 -1 0 0 3005.DAT
0 STEP
1 86 130.0 -144 4590.0 0 0 1 0 1 0 -1 0 0 3005.DAT
0 STEP
1 86 150.0 -144 4770.0 0 0 1 0 1 0 -1 0 0 3005.DAT
0 STEP
1 86 90.0 -168 4550.0 0 0 1 0 1 0 -1 0 0 3005.DAT
0 STEP
1 86 50.0 -168 4590.0 0 0 1 0 1 0 -1 0 0 3005.DAT
0 STEP
1 86 30.0 -168 4630.0 0 0 1 0 1 0 -1 0 0 3005.DAT
0 STEP
1 86 90.0 -168 4630.0 0 0 1 0 1 0 -1 0 0 3005.DAT
0 STEP
1 86 70.0 -168 4750.0 0 0 1 0 1 0 -1 0 0 3005.DAT
0 STEP
1 86 150.0 -168 4770.0 0 0 1 0 1 0 -1 0 0 3005.DAT
0 STEP
1 86 90.0 -192 4550.0 0 0 1 0 1 0 -1 0 0 3005.DAT
0 STEP
1 86 50.0 -192 4570.0 0 0 1 0 1 0 -1 0 0 3005.DAT
0 STEP
1 86 30.0 -192 4630.0 0 0 1 0 1 0 -1 0 0 3005.DAT
0 STEP
1 86 30.0 -192 4690.0 0 0 1 0 1 0 -1 0 0 3005.DAT
0 STEP
1 86 70.0 -192 4710.0 0 0 1 0 1 0 -1 0 0 3005.DAT
0 STEP
1 86 170.0 -192 4770.0 0 0 1 0 1 0 -1 0 0 3005.DAT
0 STEP
1 86 110.0 -216 4550.0 0 0 1 0 1 0 -1 0 0 3005.DAT
0 STEP
1 86 50.0 -216 4570.0 0 0 1 0 1 0 -1 0 0 3005.DAT
0 STEP
1 86 10.0 -216 4690.0 0 0 1 0 1 0 -1 0 0 3005.DAT
0 STEP
1 86 30.0 -216 4730.0 0 0 1 0 1 0 -1 0 0 3005.DAT
0 STEP
1 86 50.0 -240 4590.0 0 0 1 0 1 0 -1 0 0 3005.DAT
0 STEP
1 86 90.0 -240 4610.0 0 0 1 0 1 0 -1 0 0 3005.DAT
0 STEP
1 86 150.0 -240 4610.0 0 0 1 0 1 0 -1 0 0 3005.DAT
0 STEP
1 86 30.0 -240 4630.0 0 0 1 0 1 0 -1 0 0 3005.DAT
0 STEP
1 86 70.0 -240 4650.0 0 0 1 0 1 0 -1 0 0 3005.DAT
0 STEP
1 86 70.0 -240 4710.0 0 0 1 0 1 0 -1 0 0 3005.DAT
0 STEP
1 86 90.0 -240 4730.0 0 0 1 0 1 0 -1 0 0 3005.DAT
0 STEP
1 86 50.0 -240 4750.0 0 0 1 0 1 0 -1 0 0 3005.DAT
0 STEP
1 86 130.0 -240 4790.0 0 0 1 0 1 0 -1 0 0 3005.DAT
0 STEP
1 86 50.0 -264 4570.0 0 0 1 0 1 0 -1 0 0 3005.DAT
0 STEP
1 86 90.0 -264 4570.0 0 0 1 0 1 0 -1 0 0 3005.DAT
0 STEP
1 86 30.0 -264 4610.0 0 0 1 0 1 0 -1 0 0 3005.DAT
0 STEP
1 86 150.0 -264 4610.0 0 0 1 0 1 0 -1 0 0 3005.DAT
0 STEP
1 86 170.0 -264 4630.0 0 0 1 0 1 0 -1 0 0 3005.DAT
0 STEP
1 86 250.0 -264 4630.0 0 0 1 0 1 0 -1 0 0 3005.DAT
0 STEP
1 86 30.0 -264 4670.0 0 0 1 0 1 0 -1 0 0 3005.DAT
0 STEP
1 86 70.0 -264 4690.0 0 0 1 0 1 0 -1 0 0 3005.DAT
0 STEP
1 86 90.0 -264 4770.0 0 0 1 0 1 0 -1 0 0 3005.DAT
0 STEP
1 86 110.0 -288 4550.0 0 0 1 0 1 0 -1 0 0 3005.DAT
0 STEP
1 86 50.0 -288 4590.0 0 0 1 0 1 0 -1 0 0 3005.DAT
0 STEP
1 86 30.0 -288 4610.0 0 0 1 0 1 0 -1 0 0 3005.DAT
0 STEP
1 86 50.0 -288 4630.0 0 0 1 0 1 0 -1 0 0 3005.DAT
0 STEP
1 86 210.0 -288 4630.0 0 0 1 0 1 0 -1 0 0 3005.DAT
0 STEP
1 86 30.0 -288 4670.0 0 0 1 0 1 0 -1 0 0 3005.DAT
0 STEP
1 86 70.0 -288 4670.0 0 0 1 0 1 0 -1 0 0 3005.DAT
0 STEP
1 86 230.0 -288 4670.0 0 0 1 0 1 0 -1 0 0 3005.DAT
0 STEP
1 86 30.0 -288 4730.0 0 0 1 0 1 0 -1 0 0 3005.DAT
0 STEP
1 86 50.0 -288 4750.0 0 0 1 0 1 0 -1 0 0 3005.DAT
0 STEP
1 86 170.0 -312 4570.0 0 0 1 0 1 0 -1 0 0 3005.DAT
0 STEP
1 86 130.0 -312 4590.0 0 0 1 0 1 0 -1 0 0 3005.DAT
0 STEP
1 86 90.0 -312 4610.0 0 0 1 0 1 0 -1 0 0 3005.DAT
0 STEP
1 86 150.0 -312 4610.0 0 0 1 0 1 0 -1 0 0 3005.DAT
0 STEP
1 86 170.0 -312 4650.0 0 0 1 0 1 0 -1 0 0 3005.DAT
0 STEP
1 86 190.0 -312 4670.0 0 0 1 0 1 0 -1 0 0 3005.DAT
0 STEP
1 86 230.0 -312 4670.0 0 0 1 0 1 0 -1 0 0 3005.DAT
0 STEP
1 86 70.0 -312 4710.0 0 0 1 0 1 0 -1 0 0 3005.DAT
0 STEP
1 86 50.0 -312 4730.0 0 0 1 0 1 0 -1 0 0 3005.DAT
0 STEP
1 86 90.0 -312 4730.0 0 0 1 0 1 0 -1 0 0 3005.DAT
0 STEP
1 86 130.0 -312 4750.0 0 0 1 0 1 0 -1 0 0 3005.DAT
0 STEP
1 86 70.0 -336 4570.0 0 0 1 0 1 0 -1 0 0 3005.DAT
0 STEP
1 86 170.0 -336 4570.0 0 0 1 0 1 0 -1 0 0 3005.DAT
0 STEP
1 86 50.0 -336 4590.0 0 0 1 0 1 0 -1 0 0 3005.DAT
0 STEP
1 86 110.0 -336 4590.0 0 0 1 0 1 0 -1 0 0 3005.DAT
0 STEP
1 86 150.0 -336 4610.0 0 0 1 0 1 0 -1 0 0 3005.DAT
0 STEP
1 86 70.0 -336 4630.0 0 0 1 0 1 0 -1 0 0 3005.DAT
0 STEP
1 86 210.0 -336 4630.0 0 0 1 0 1 0 -1 0 0 3005.DAT
0 STEP
1 86 30.0 -336 4670.0 0 0 1 0 1 0 -1 0 0 3005.DAT
0 STEP
1 86 190.0 -336 4670.0 0 0 1 0 1 0 -1 0 0 3005.DAT
0 STEP
1 86 70.0 -336 4730.0 0 0 1 0 1 0 -1 0 0 3005.DAT
0 STEP
1 86 130.0 -336 4730.0 0 0 1 0 1 0 -1 0 0 3005.DAT
0 STEP
1 86 190.0 -336 4730.0 0 0 1 0 1 0 -1 0 0 3005.DAT
0 STEP
1 86 130.0 -336 4770.0 0 0 1 0 1 0 -1 0 0 3005.DAT
0 STEP
1 86 110.0 -336 4790.0 0 0 1 0 1 0 -1 0 0 3005.DAT
0 STEP
1 86 30.0 -360 4610.0 0 0 1 0 1 0 -1 0 0 3005.DAT
0 STEP
1 86 150.0 -360 4610.0 0 0 1 0 1 0 -1 0 0 3005.DAT
0 STEP
1 86 50.0 -360 4630.0 0 0 1 0 1 0 -1 0 0 3005.DAT
0 STEP
1 86 190.0 -360 4630.0 0 0 1 0 1 0 -1 0 0 3005.DAT
0 STEP
1 86 170.0 -360 4650.0 0 0 1 0 1 0 -1 0 0 3005.DAT
0 STEP
1 86 70.0 -360 4670.0 0 0 1 0 1 0 -1 0 0 3005.DAT
0 STEP
1 86 90.0 -360 4690.0 0 0 1 0 1 0 -1 0 0 3005.DAT
0 STEP
1 86 210.0 -360 4710.0 0 0 1 0 1 0 -1 0 0 3005.DAT
0 STEP
1 86 190.0 -360 4750.0 0 0 1 0 1 0 -1 0 0 3005.DAT
0 STEP
1 86 110.0 -384 4590.0 0 0 1 0 1 0 -1 0 0 3005.DAT
0 STEP
1 86 170.0 -384 4610.0 0 0 1 0 1 0 -1 0 0 3005.DAT
0 STEP
1 86 50.0 -384 4710.0 0 0 1 0 1 0 -1 0 0 3005.DAT
0 STEP
1 86 70.0 -384 4730.0 0 0 1 0 1 0 -1 0 0 3005.DAT
0 STEP
1 86 170.0 -384 4730.0 0 0 1 0 1 0 -1 0 0 3005.DAT
0 STEP
1 86 110.0 -408 4570.0 0 0 1 0 1 0 -1 0 0 3005.DAT
0 STEP
1 86 70.0 -408 4630.0 0 0 1 0 1 0 -1 0 0 3005.DAT
0 STEP
1 86 150.0 -408 4630.0 0 0 1 0 1 0 -1 0 0 3005.DAT
0 STEP
1 86 90.0 -408 4670.0 0 0 1 0 1 0 -1 0 0 3005.DAT
0 STEP
1 86 110.0 -408 4690.0 0 0 1 0 1 0 -1 0 0 3005.DAT
0 STEP
1 86 70.0 -408 4710.0 0 0 1 0 1 0 -1 0 0 3005.DAT
0 STEP
1 86 210.0 -408 4710.0 0 0 1 0 1 0 -1 0 0 3005.DAT
0 STEP
1 86 170.0 -408 4750.0 0 0 1 0 1 0 -1 0 0 3005.DAT
0 STEP
1 86 90.0 -432 4590.0 0 0 1 0 1 0 -1 0 0 3005.DAT
0 STEP
1 86 130.0 -432 4610.0 0 0 1 0 1 0 -1 0 0 3005.DAT
0 STEP
1 86 210.0 -432 4630.0 0 0 1 0 1 0 -1 0 0 3005.DAT
0 STEP
1 86 150.0 -432 4650.0 0 0 1 0 1 0 -1 0 0 3005.DAT
0 STEP
1 86 190.0 -432 4650.0 0 0 1 0 1 0 -1 0 0 3005.DAT
0 STEP
1 86 210.0 -432 4690.0 0 0 1 0 1 0 -1 0 0 3005.DAT
0 STEP
1 86 130.0 -432 4710.0 0 0 1 0 1 0 -1 0 0 3005.DAT
0 STEP
1 86 90.0 -432 4750.0 0 0 1 0 1 0 -1 0 0 3005.DAT
0 STEP
1 86 170.0 -432 4750.0 0 0 1 0 1 0 -1 0 0 3005.DAT
0 STEP
1 86 170.0 -456 4650.0 0 0 1 0 1 0 -1 0 0 3005.DAT
0 STEP
1 86 90.0 -456 4670.0 0 0 1 0 1 0 -1 0 0 3005.DAT
0 STEP
1 86 50.0 -456 4690.0 0 0 1 0 1 0 -1 0 0 3005.DAT
0 STEP
1 86 150.0 -456 4690.0 0 0 1 0 1 0 -1 0 0 3005.DAT
0 STEP
1 86 110.0 -456 4710.0 0 0 1 0 1 0 -1 0 0 3005.DAT
0 STEP
1 86 190.0 -456 4730.0 0 0 1 0 1 0 -1 0 0 3005.DAT
0 STEP
1 86 110.0 -480 4570.0 0 0 1 0 1 0 -1 0 0 3005.DAT
0 STEP
1 86 170.0 -480 4610.0 0 0 1 0 1 0 -1 0 0 3005.DAT
0 STEP
1 86 70.0 -480 4630.0 0 0 1 0 1 0 -1 0 0 3005.DAT
0 STEP
1 86 130.0 -480 4630.0 0 0 1 0 1 0 -1 0 0 3005.DAT
0 STEP
1 86 90.0 -480 4650.0 0 0 1 0 1 0 -1 0 0 3005.DAT
0 STEP
1 86 70.0 -480 4690.0 0 0 1 0 1 0 -1 0 0 3005.DAT
0 STEP
1 86 150.0 -480 4690.0 0 0 1 0 1 0 -1 0 0 3005.DAT
0 STEP
1 86 130.0 -480 4710.0 0 0 1 0 1 0 -1 0 0 3005.DAT
0 STEP
1 86 110.0 -480 4750.0 0 0 1 0 1 0 -1 0 0 3005.DAT
0 STEP
1 86 110.0 -504 4690.0 0 0 1 0 1 0 -1 0 0 3005.DAT
0 STEP
1 86 170.0 -504 4730.0 0 0 1 0 1 0 -1 0 0 3005.DAT
0 STEP
1 86 90.0 -528 4630.0 0 0 1 0 1 0 -1 0 0 3005.DAT
0 STEP
1 86 50.0 -528 4650.0 0 0 1 0 1 0 -1 0 0 3005.DAT
0 STEP
1 86 110.0 -528 4650.0 0 0 1 0 1 0 -1 0 0 3005.DAT
0 STEP
1 86 170.0 -528 4670.0 0 0 1 0 1 0 -1 0 0 3005.DAT
0 STEP
1 86 190.0 -528 4710.0 0 0 1 0 1 0 -1 0 0 3005.DAT
0 STEP
1 86 90.0 -552 4590.0 0 0 1 0 1 0 -1 0 0 3005.DAT
0 STEP
1 86 110.0 -552 4610.0 0 0 1 0 1 0 -1 0 0 3005.DAT
0 STEP
1 86 130.0 -552 4630.0 0 0 1 0 1 0 -1 0 0 3005.DAT
0 STEP
1 86 190.0 -552 4630.0 0 0 1 0 1 0 -1 0 0 3005.DAT
0 STEP
1 86 50.0 -552 4650.0 0 0 1 0 1 0 -1 0 0 3005.DAT
0 STEP
1 86 130.0 -552 4730.0 0 0 1 0 1 0 -1 0 0 3005.DAT
0 STEP
1 86 90.0 -576 4610.0 0 0 1 0 1 0 -1 0 0 3005.DAT
0 STEP
1 86 50.0 -576 4630.0 0 0 1 0 1 0 -1 0 0 3005.DAT
0 STEP
1 86 130.0 -576 4630.0 0 0 1 0 1 0 -1 0 0 3005.DAT
0 STEP
1 86 190.0 -576 4630.0 0 0 1 0 1 0 -1 0 0 3005.DAT
0 STEP
1 86 90.0 -576 4670.0 0 0 1 0 1 0 -1 0 0 3005.DAT
0 STEP
1 86 170.0 -576 4670.0 0 0 1 0 1 0 -1 0 0 3005.DAT
0 STEP
1 86 70.0 -576 4710.0 0 0 1 0 1 0 -1 0 0 3005.DAT
0 STEP
1 86 190.0 -576 4710.0 0 0 1 0 1 0 -1 0 0 3005.DAT
0 STEP
1 86 110.0 -576 4730.0 0 0 1 0 1 0 -1 0 0 3005.DAT
0 STEP
1 86 150.0 -600 4590.0 0 0 1 0 1 0 -1 0 0 3005.DAT
0 STEP
1 86 90.0 -600 4630.0 0 0 1 0 1 0 -1 0 0 3005.DAT
0 STEP
1 86 130.0 -600 4630.0 0 0 1 0 1 0 -1 0 0 3005.DAT
0 STEP
1 86 150.0 -600 4690.0 0 0 1 0 1 0 -1 0 0 3005.DAT
0 STEP
1 86 70.0 -600 4710.0 0 0 1 0 1 0 -1 0 0 3005.DAT
0 STEP
1 86 90.0 -600 4730.0 0 0 1 0 1 0 -1 0 0 3005.DAT
0 STEP
1 86 150.0 -624 4590.0 0 0 1 0 1 0 -1 0 0 3005.DAT
0 STEP
1 86 170.0 -624 4630.0 0 0 1 0 1 0 -1 0 0 3005.DAT
0 STEP
1 86 90.0 -624 4670.0 0 0 1 0 1 0 -1 0 0 3005.DAT
0 STEP
1 86 150.0 -624 4670.0 0 0 1 0 1 0 -1 0 0 3005.DAT
0 STEP
1 86 170.0 -624 4690.0 0 0 1 0 1 0 -1 0 0 3005.DAT
0 STEP
1 86 190.0 -624 4710.0 0 0 1 0 1 0 -1 0 0 3005.DAT
0 STEP
1 86 90.0 -648 4610.0 0 0 1 0 1 0 -1 0 0 3005.DAT
0 STEP
1 86 150.0 -648 4650.0 0 0 1 0 1 0 -1 0 0 3005.DAT
0 STEP
1 86 90.0 -648 4670.0 0 0 1 0 1 0 -1 0 0 3005.DAT
0 STEP
1 86 170.0 -648 4670.0 0 0 1 0 1 0 -1 0 0 3005.DAT
0 STEP
1 86 50.0 -648 4690.0 0 0 1 0 1 0 -1 0 0 3005.DAT
0 STEP
1 86 70.0 -648 4710.0 0 0 1 0 1 0 -1 0 0 3005.DAT
0 STEP
1 86 150.0 -672 4590.0 0 0 1 0 1 0 -1 0 0 3005.DAT
0 STEP
1 86 110.0 -672 4610.0 0 0 1 0 1 0 -1 0 0 3005.DAT
0 STEP
1 86 70.0 -672 4630.0 0 0 1 0 1 0 -1 0 0 3005.DAT
0 STEP
1 86 130.0 -672 4630.0 0 0 1 0 1 0 -1 0 0 3005.DAT
0 STEP
1 86 70.0 -672 4710.0 0 0 1 0 1 0 -1 0 0 3005.DAT
0 STEP
1 86 110.0 -672 4710.0 0 0 1 0 1 0 -1 0 0 3005.DAT
0 STEP
1 86 170.0 -672 4710.0 0 0 1 0 1 0 -1 0 0 3005.DAT
0 STEP
1 86 150.0 -672 4730.0 0 0 1 0 1 0 -1 0 0 3005.DAT
0 STEP
1 86 170.0 -696 4610.0 0 0 1 0 1 0 -1 0 0 3005.DAT
0 STEP
1 86 90.0 -696 4630.0 0 0 1 0 1 0 -1 0 0 3005.DAT
0 STEP
1 86 190.0 -696 4690.0 0 0 1 0 1 0 -1 0 0 3005.DAT
0 STEP
1 86 70.0 -696 4710.0 0 0 1 0 1 0 -1 0 0 3005.DAT
0 STEP
1 86 170.0 -720 4610.0 0 0 1 0 1 0 -1 0 0 3005.DAT
0 STEP
1 86 90.0 -720 4630.0 0 0 1 0 1 0 -1 0 0 3005.DAT
0 STEP
1 86 50.0 -720 4650.0 0 0 1 0 1 0 -1 0 0 3005.DAT
0 STEP
1 86 90.0 -720 4670.0 0 0 1 0 1 0 -1 0 0 3005.DAT
0 STEP
1 86 150.0 -720 4670.0 0 0 1 0 1 0 -1 0 0 3005.DAT
0 STEP
1 86 170.0 -720 4710.0 0 0 1 0 1 0 -1 0 0 3005.DAT
0 STEP
1 86 90.0 -744 4610.0 0 0 1 0 1 0 -1 0 0 3005.DAT
0 STEP
1 86 70.0 -744 4630.0 0 0 1 0 1 0 -1 0 0 3005.DAT
0 STEP
1 86 130.0 -744 4630.0 0 0 1 0 1 0 -1 0 0 3005.DAT
0 STEP
1 86 190.0 -744 4630.0 0 0 1 0 1 0 -1 0 0 3005.DAT
0 STEP
1 86 90.0 -744 4670.0 0 0 1 0 1 0 -1 0 0 3005.DAT
0 STEP
1 86 110.0 -744 4690.0 0 0 1 0 1 0 -1 0 0 3005.DAT
0 STEP
1 86 150.0 -744 4690.0 0 0 1 0 1 0 -1 0 0 3005.DAT
0 STEP
1 86 70.0 -744 4710.0 0 0 1 0 1 0 -1 0 0 3005.DAT
0 STEP
1 86 170.0 -744 4710.0 0 0 1 0 1 0 -1 0 0 3005.DAT
0 STEP
1 86 90.0 -744 4730.0 0 0 1 0 1 0 -1 0 0 3005.DAT
0 STEP
1 86 150.0 -768 4590.0 0 0 1 0 1 0 -1 0 0 3005.DAT
0 STEP
1 86 170.0 -768 4610.0 0 0 1 0 1 0 -1 0 0 3005.DAT
0 STEP
1 86 50.0 -768 4630.0 0 0 1 0 1 0 -1 0 0 3005.DAT
0 STEP
1 86 130.0 -768 4630.0 0 0 1 0 1 0 -1 0 0 3005.DAT
0 STEP
1 86 150.0 -768 4650.0 0 0 1 0 1 0 -1 0 0 3005.DAT
0 STEP
1 86 190.0 -768 4670.0 0 0 1 0 1 0 -1 0 0 3005.DAT
0 STEP
1 86 150.0 -768 4690.0 0 0 1 0 1 0 -1 0 0 3005.DAT
0 STEP
1 86 70.0 -768 4710.0 0 0 1 0 1 0 -1 0 0 3005.DAT
0 STEP
1 86 170.0 -768 4710.0 0 0 1 0 1 0 -1 0 0 3005.DAT
0 STEP
1 86 150.0 -792 4590.0 0 0 1 0 1 0 -1 0 0 3005.DAT
0 STEP
1 86 70.0 -792 4610.0 0 0 1 0 1 0 -1 0 0 3005.DAT
0 STEP
1 86 170.0 -792 4610.0 0 0 1 0 1 0 -1 0 0 3005.DAT
0 STEP
1 86 50.0 -792 4650.0 0 0 1 0 1 0 -1 0 0 3005.DAT
0 STEP
1 86 110.0 -792 4650.0 0 0 1 0 1 0 -1 0 0 3005.DAT
0 STEP
1 86 110.0 -792 4690.0 0 0 1 0 1 0 -1 0 0 3005.DAT
0 STEP
1 86 170.0 -792 4710.0 0 0 1 0 1 0 -1 0 0 3005.DAT
0 STEP
1 86 90.0 -792 4730.0 0 0 1 0 1 0 -1 0 0 3005.DAT
0 STEP
1 86 130.0 -816 4590.0 0 0 1 0 1 0 -1 0 0 3005.DAT
0 STEP
1 86 170.0 -816 4610.0 0 0 1 0 1 0 -1 0 0 3005.DAT
0 STEP
1 86 150.0 -816 4670.0 0 0 1 0 1 0 -1 0 0 3005.DAT
0 STEP
1 86 70.0 -816 4710.0 0 0 1 0 1 0 -1 0 0 3005.DAT
0 STEP
1 86 170.0 -816 4710.0 0 0 1 0 1 0 -1 0 0 3005.DAT
0 STEP
1 86 110.0 -816 4730.0 0 0 1 0 1 0 -1 0 0 3005.DAT
0 STEP
1 86 90.0 -840 4590.0 0 0 1 0 1 0 -1 0 0 3005.DAT
0 STEP
1 86 50.0 -840 4650.0 0 0 1 0 1 0 -1 0 0 3005.DAT
0 STEP
1 86 90.0 -840 4650.0 0 0 1 0 1 0 -1 0 0 3005.DAT
0 STEP
1 86 150.0 -840 4690.0 0 0 1 0 1 0 -1 0 0 3005.DAT
0 STEP
1 86 150.0 -840 4730.0 0 0 1 0 1 0 -1 0 0 3005.DAT
0 STEP
1 86 150.0 -864 4590.0 0 0 1 0 1 0 -1 0 0 3005.DAT
0 STEP
1 86 190.0 -864 4650.0 0 0 1 0 1 0 -1 0 0 3005.DAT
0 STEP
1 86 70.0 -864 4710.0 0 0 1 0 1 0 -1 0 0 3005.DAT
0 STEP
1 86 110.0 -864 4730.0 0 0 1 0 1 0 -1 0 0 3005.DAT
0 STEP
1 86 170.0 -888 4650.0 0 0 1 0 1 0 -1 0 0 3005.DAT
0 STEP
1 86 150.0 -888 4690.0 0 0 1 0 1 0 -1 0 0 3005.DAT
0 STEP
1 86 90.0 -888 4730.0 0 0 1 0 1 0 -1 0 0 3005.DAT
0 STEP
1 86 130.0 -888 4730.0 0 0 1 0 1 0 -1 0 0 3005.DAT
0 STEP
1 86 50.0 -912 4630.0 0 0 1 0 1 0 -1 0 0 3005.DAT
0 STEP
1 86 130.0 -912 4630.0 0 0 1 0 1 0 -1 0 0 3005.DAT
0 STEP
1 86 190.0 -912 4630.0 0 0 1 0 1 0 -1 0 0 3005.DAT
0 STEP
1 86 50.0 -912 4690.0 0 0 1 0 1 0 -1 0 0 3005.DAT
0 STEP
1 86 150.0 -912 4690.0 0 0 1 0 1 0 -1 0 0 3005.DAT
0 STEP
1 86 90.0 -936 4590.0 0 0 1 0 1 0 -1 0 0 3005.DAT
0 STEP
1 86 170.0 -936 4610.0 0 0 1 0 1 0 -1 0 0 3005.DAT
0 STEP
1 86 50.0 -936 4630.0 0 0 1 0 1 0 -1 0 0 3005.DAT
0 STEP
1 86 150.0 -936 4630.0 0 0 1 0 1 0 -1 0 0 3005.DAT
0 STEP
1 86 190.0 -936 4690.0 0 0 1 0 1 0 -1 0 0 3005.DAT
0 STEP
1 86 70.0 -936 4710.0 0 0 1 0 1 0 -1 0 0 3005.DAT
0 STEP
1 86 50.0 -960 4650.0 0 0 1 0 1 0 -1 0 0 3005.DAT
0 STEP
1 86 190.0 -960 4670.0 0 0 1 0 1 0 -1 0 0 3005.DAT
0 STEP
1 86 150.0 -960 4690.0 0 0 1 0 1 0 -1 0 0 3005.DAT
0 STEP
1 86 150.0 -960 4730.0 0 0 1 0 1 0 -1 0 0 3005.DAT
0 STEP
1 86 70.0 -984 4610.0 0 0 1 0 1 0 -1 0 0 3005.DAT
0 STEP
1 86 170.0 -984 4610.0 0 0 1 0 1 0 -1 0 0 3005.DAT
0 STEP
1 86 130.0 -984 4630.0 0 0 1 0 1 0 -1 0 0 3005.DAT
0 STEP
1 86 50.0 -984 4650.0 0 0 1 0 1 0 -1 0 0 3005.DAT
0 STEP
1 86 150.0 -984 4670.0 0 0 1 0 1 0 -1 0 0 3005.DAT
0 STEP
1 86 130.0 -984 4690.0 0 0 1 0 1 0 -1 0 0 3005.DAT
0 STEP
1 86 150.0 -984 4730.0 0 0 1 0 1 0 -1 0 0 3005.DAT
0 STEP
1 86 70.0 -1008 4630.0 0 0 1 0 1 0 -1 0 0 3005.DAT
0 STEP
1 86 90.0 -1008 4670.0 0 0 1 0 1 0 -1 0 0 3005.DAT
0 STEP
1 86 110.0 -1008 4690.0 0 0 1 0 1 0 -1 0 0 3005.DAT
0 STEP
1 86 150.0 -1008 4690.0 0 0 1 0 1 0 -1 0 0 3005.DAT
0 STEP
1 86 70.0 -1008 4710.0 0 0 1 0 1 0 -1 0 0 3005.DAT
0 STEP
1 86 130.0 -1008 4730.0 0 0 1 0 1 0 -1 0 0 3005.DAT
0 STEP
1 86 90.0 -1032 4590.0 0 0 1 0 1 0 -1 0 0 3005.DAT
0 STEP
1 86 150.0 -1032 4590.0 0 0 1 0 1 0 -1 0 0 3005.DAT
0 STEP
1 86 170.0 -1032 4610.0 0 0 1 0 1 0 -1 0 0 3005.DAT
0 STEP
1 86 90.0 -1032 4650.0 0 0 1 0 1 0 -1 0 0 3005.DAT
0 STEP
1 86 150.0 -1032 4650.0 0 0 1 0 1 0 -1 0 0 3005.DAT
0 STEP
1 86 130.0 -1032 4690.0 0 0 1 0 1 0 -1 0 0 3005.DAT
0 STEP
1 86 110.0 -1032 4730.0 0 0 1 0 1 0 -1 0 0 3005.DAT
0 STEP
1 86 90.0 -1056 4590.0 0 0 1 0 1 0 -1 0 0 3005.DAT
0 STEP
1 86 190.0 -1056 4610.0 0 0 1 0 1 0 -1 0 0 3005.DAT
0 STEP
1 86 50.0 -1056 4650.0 0 0 1 0 1 0 -1 0 0 3005.DAT
0 STEP
1 86 150.0 -1056 4650.0 0 0 1 0 1 0 -1 0 0 3005.DAT
0 STEP
1 86 70.0 -1056 4690.0 0 0 1 0 1 0 -1 0 0 3005.DAT
0 STEP
1 86 110.0 -1056 4690.0 0 0 1 0 1 0 -1 0 0 3005.DAT
0 STEP
1 86 170.0 -1056 4730.0 0 0 1 0 1 0 -1 0 0 3005.DAT
0 STEP
1 86 90.0 -1080 4590.0 0 0 1 0 1 0 -1 0 0 3005.DAT
0 STEP
1 86 170.0 -1080 4610.0 0 0 1 0 1 0 -1 0 0 3005.DAT
0 STEP
1 86 110.0 -1080 4630.0 0 0 1 0 1 0 -1 0 0 3005.DAT
0 STEP
1 86 50.0 -1080 4650.0 0 0 1 0 1 0 -1 0 0 3005.DAT
0 STEP
1 86 90.0 -1080 4650.0 0 0 1 0 1 0 -1 0 0 3005.DAT
0 STEP
1 86 210.0 -1080 4670.0 0 0 1 0 1 0 -1 0 0 3005.DAT
0 STEP
1 86 70.0 -1080 4690.0 0 0 1 0 1 0 -1 0 0 3005.DAT
0 STEP
1 86 110.0 -1080 4690.0 0 0 1 0 1 0 -1 0 0 3005.DAT
0 STEP
1 86 150.0 -1080 4690.0 0 0 1 0 1 0 -1 0 0 3005.DAT
0 STEP
1 86 190.0 -1080 4710.0 0 0 1 0 1 0 -1 0 0 3005.DAT
0 STEP
1 86 110.0 -1080 4750.0 0 0 1 0 1 0 -1 0 0 3005.DAT
0 STEP
1 86 150.0 -1080 4750.0 0 0 1 0 1 0 -1 0 0 3005.DAT
0 STEP
1 86 130.0 -1104 4590.0 0 0 1 0 1 0 -1 0 0 3005.DAT
0 STEP
1 86 70.0 -1104 4630.0 0 0 1 0 1 0 -1 0 0 3005.DAT
0 STEP
1 86 50.0 -1104 4650.0 0 0 1 0 1 0 -1 0 0 3005.DAT
0 STEP
1 86 170.0 -1104 4670.0 0 0 1 0 1 0 -1 0 0 3005.DAT
0 STEP
1 86 70.0 -1104 4690.0 0 0 1 0 1 0 -1 0 0 3005.DAT
0 STEP
1 86 210.0 -1104 4690.0 0 0 1 0 1 0 -1 0 0 3005.DAT
0 STEP
1 86 110.0 -1104 4710.0 0 0 1 0 1 0 -1 0 0 3005.DAT
0 STEP
1 86 190.0 -1104 4710.0 0 0 1 0 1 0 -1 0 0 3005.DAT
0 STEP
1 86 70.0 -1104 4730.0 0 0 1 0 1 0 -1 0 0 3005.DAT
0 STEP
1 86 150.0 -1104 4730.0 0 0 1 0 1 0 -1 0 0 3005.DAT
0 STEP
1 86 110.0 -1104 4750.0 0 0 1 0 1 0 -1 0 0 3005.DAT
0 STEP
1 86 170.0 -1128 4590.0 0 0 1 0 1 0 -1 0 0 3005.DAT
0 STEP
1 86 90.0 -1128 4630.0 0 0 1 0 1 0 -1 0 0 3005.DAT
0 STEP
1 86 170.0 -1128 4670.0 0 0 1 0 1 0 -1 0 0 3005.DAT
0 STEP
1 86 150.0 -1128 4690.0 0 0 1 0 1 0 -1 0 0 3005.DAT
0 STEP
1 86 50.0 -1128 4710.0 0 0 1 0 1 0 -1 0 0 3005.DAT
0 STEP
1 86 190.0 -1128 4730.0 0 0 1 0 1 0 -1 0 0 3005.DAT
0 STEP
1 86 70.0 -1152 4590.0 0 0 1 0 1 0 -1 0 0 3005.DAT
0 STEP
1 86 150.0 -1152 4590.0 0 0 1 0 1 0 -1 0 0 3005.DAT
0 STEP
1 86 190.0 -1152 4610.0 0 0 1 0 1 0 -1 0 0 3005.DAT
0 STEP
1 86 150.0 -1152 4630.0 0 0 1 0 1 0 -1 0 0 3005.DAT
0 STEP
1 86 90.0 -1152 4650.0 0 0 1 0 1 0 -1 0 0 3005.DAT
0 STEP
1 86 210.0 -1152 4650.0 0 0 1 0 1 0 -1 0 0 3005.DAT
0 STEP
1 86 50.0 -1152 4670.0 0 0 1 0 1 0 -1 0 0 3005.DAT
0 STEP
1 86 150.0 -1152 4690.0 0 0 1 0 1 0 -1 0 0 3005.DAT
0 STEP
1 86 110.0 -1152 4710.0 0 0 1 0 1 0 -1 0 0 3005.DAT
0 STEP
1 86 190.0 -1152 4710.0 0 0 1 0 1 0 -1 0 0 3005.DAT
0 STEP
1 86 150.0 -1152 4730.0 0 0 1 0 1 0 -1 0 0 3005.DAT
0 STEP
1 86 110.0 -1152 4750.0 0 0 1 0 1 0 -1 0 0 3005.DAT
0 STEP
1 86 170.0 -1152 4750.0 0 0 1 0 1 0 -1 0 0 3005.DAT
0 STEP
1 86 110.0 -1176 4570.0 0 0 1 0 1 0 -1 0 0 3005.DAT
0 STEP
1 86 70.0 -1176 4590.0 0 0 1 0 1 0 -1 0 0 3005.DAT
0 STEP
1 86 150.0 -1176 4590.0 0 0 1 0 1 0 -1 0 0 3005.DAT
0 STEP
1 86 190.0 -1176 4590.0 0 0 1 0 1 0 -1 0 0 3005.DAT
0 STEP
1 86 210.0 -1176 4610.0 0 0 1 0 1 0 -1 0 0 3005.DAT
0 STEP
1 86 170.0 -1176 4670.0 0 0 1 0 1 0 -1 0 0 3005.DAT
0 STEP
1 86 210.0 -1176 4670.0 0 0 1 0 1 0 -1 0 0 3005.DAT
0 STEP
1 86 70.0 -1176 4690.0 0 0 1 0 1 0 -1 0 0 3005.DAT
0 STEP
1 86 150.0 -1200 4550.0 0 0 1 0 1 0 -1 0 0 3005.DAT
0 STEP
1 86 70.0 -1200 4570.0 0 0 1 0 1 0 -1 0 0 3005.DAT
0 STEP
1 86 110.0 -1200 4570.0 0 0 1 0 1 0 -1 0 0 3005.DAT
0 STEP
1 86 190.0 -1200 4570.0 0 0 1 0 1 0 -1 0 0 3005.DAT
0 STEP
1 86 110.0 -1200 4610.0 0 0 1 0 1 0 -1 0 0 3005.DAT
0 STEP
1 86 170.0 -1200 4610.0 0 0 1 0 1 0 -1 0 0 3005.DAT
0 STEP
1 86 70.0 -1200 4630.0 0 0 1 0 1 0 -1 0 0 3005.DAT
0 STEP
1 86 230.0 -1200 4630.0 0 0 1 0 1 0 -1 0 0 3005.DAT
0 STEP
1 86 170.0 -1200 4670.0 0 0 1 0 1 0 -1 0 0 3005.DAT
0 STEP
1 86 150.0 -1200 4690.0 0 0 1 0 1 0 -1 0 0 3005.DAT
0 STEP
1 86 30.0 -1200 4710.0 0 0 1 0 1 0 -1 0 0 3005.DAT
0 STEP
1 86 110.0 -1200 4710.0 0 0 1 0 1 0 -1 0 0 3005.DAT
0 STEP
1 86 70.0 -1200 4750.0 0 0 1 0 1 0 -1 0 0 3005.DAT
0 STEP
1 86 130.0 -1200 4750.0 0 0 1 0 1 0 -1 0 0 3005.DAT
0 STEP
1 86 90.0 -1200 4770.0 0 0 1 0 1 0 -1 0 0 3005.DAT
0 STEP
1 86 90.0 -1224 4570.0 0 0 1 0 1 0 -1 0 0 3005.DAT
0 STEP
1 86 50.0 -1224 4590.0 0 0 1 0 1 0 -1 0 0 3005.DAT
0 STEP
1 86 130.0 -1224 4590.0 0 0 1 0 1 0 -1 0 0 3005.DAT
0 STEP
1 86 110.0 -1224 4610.0 0 0 1 0 1 0 -1 0 0 3005.DAT
0 STEP
1 86 210.0 -1224 4610.0 0 0 1 0 1 0 -1 0 0 3005.DAT
0 STEP
1 86 190.0 -1224 4630.0 0 0 1 0 1 0 -1 0 0 3005.DAT
0 STEP
1 86 70.0 -1224 4650.0 0 0 1 0 1 0 -1 0 0 3005.DAT
0 STEP
1 86 230.0 -1224 4650.0 0 0 1 0 1 0 -1 0 0 3005.DAT
0 STEP
1 86 170.0 -1224 4690.0 0 0 1 0 1 0 -1 0 0 3005.DAT
0 STEP
1 86 110.0 -1224 4710.0 0 0 1 0 1 0 -1 0 0 3005.DAT
0 STEP
1 86 150.0 -1224 4730.0 0 0 1 0 1 0 -1 0 0 3005.DAT
0 STEP
1 86 170.0 -1224 4770.0 0 0 1 0 1 0 -1 0 0 3005.DAT
0 STEP
1 86 110.0 -1248 4530.0 0 0 1 0 1 0 -1 0 0 3005.DAT
0 STEP
1 86 70.0 -1248 4550.0 0 0 1 0 1 0 -1 0 0 3005.DAT
0 STEP
1 86 50.0 -1248 4570.0 0 0 1 0 1 0 -1 0 0 3005.DAT
0 STEP
1 86 190.0 -1248 4570.0 0 0 1 0 1 0 -1 0 0 3005.DAT
0 STEP
1 86 230.0 -1248 4630.0 0 0 1 0 1 0 -1 0 0 3005.DAT
0 STEP
1 86 190.0 -1248 4650.0 0 0 1 0 1 0 -1 0 0 3005.DAT
0 STEP
1 86 70.0 -1248 4670.0 0 0 1 0 1 0 -1 0 0 3005.DAT
0 STEP
1 86 230.0 -1248 4690.0 0 0 1 0 1 0 -1 0 0 3005.DAT
0 STEP
1 86 50.0 -1248 4710.0 0 0 1 0 1 0 -1 0 0 3005.DAT
0 STEP
1 86 110.0 -1248 4730.0 0 0 1 0 1 0 -1 0 0 3005.DAT
0 STEP
1 86 210.0 -1248 4730.0 0 0 1 0 1 0 -1 0 0 3005.DAT
0 STEP
1 86 50.0 -1248 4750.0 0 0 1 0 1 0 -1 0 0 3005.DAT
0 STEP
1 86 150.0 -1248 4770.0 0 0 1 0 1 0 -1 0 0 3005.DAT
0 STEP
1 86 110.0 -1248 4790.0 0 0 1 0 1 0 -1 0 0 3005.DAT
0 STEP
1 86 90.0 -1272 4550.0 0 0 1 0 1 0 -1 0 0 3005.DAT
0 STEP
1 86 150.0 -1272 4550.0 0 0 1 0 1 0 -1 0 0 3005.DAT
0 STEP
1 86 90.0 -1272 4590.0 0 0 1 0 1 0 -1 0 0 3005.DAT
0 STEP
1 86 190.0 -1272 4590.0 0 0 1 0 1 0 -1 0 0 3005.DAT
0 STEP
1 86 170.0 -1272 4630.0 0 0 1 0 1 0 -1 0 0 3005.DAT
0 STEP
1 86 10.0 -1272 4690.0 0 0 1 0 1 0 -1 0 0 3005.DAT
0 STEP
1 86 210.0 -1272 4750.0 0 0 1 0 1 0 -1 0 0 3005.DAT
0 STEP
1 86 170.0 -1272 4770.0 0 0 1 0 1 0 -1 0 0 3005.DAT
0 STEP
1 86 130.0 -1272 4790.0 0 0 1 0 1 0 -1 0 0 3005.DAT
0 STEP
1 86 110.0 -1296 4530.0 0 0 1 0 1 0 -1 0 0 3005.DAT
0 STEP
1 86 150.0 -1296 4590.0 0 0 1 0 1 0 -1 0 0 3005.DAT
0 STEP
1 86 210.0 -1296 4590.0 0 0 1 0 1 0 -1 0 0 3005.DAT
0 STEP
1 86 210.0 -1296 4670.0 0 0 1 0 1 0 -1 0 0 3005.DAT
0 STEP
1 86 190.0 -1296 4710.0 0 0 1 0 1 0 -1 0 0 3005.DAT
0 STEP
1 86 150.0 -1296 4730.0 0 0 1 0 1 0 -1 0 0 3005.DAT
0 STEP
1 86 110.0 -1296 4750.0 0 0 1 0 1 0 -1 0 0 3005.DAT
0 STEP
1 86 70.0 -1296 4770.0 0 0 1 0 1 0 -1 0 0 3005.DAT
0 STEP
1 86 130.0 -1296 4770.0 0 0 1 0 1 0 -1 0 0 3005.DAT
0 STEP
1 86 190.0 -1296 4770.0 0 0 1 0 1 0 -1 0 0 3005.DAT
0 STEP
1 86 130.0 -1320 4530.0 0 0 1 0 1 0 -1 0 0 3005.DAT
0 STEP
1 86 90.0 -1320 4550.0 0 0 1 0 1 0 -1 0 0 3005.DAT
0 STEP
1 86 50.0 -1320 4570.0 0 0 1 0 1 0 -1 0 0 3005.DAT
0 STEP
1 86 110.0 -1320 4570.0 0 0 1 0 1 0 -1 0 0 3005.DAT
0 STEP
1 86 130.0 -1320 4590.0 0 0 1 0 1 0 -1 0 0 3005.DAT
0 STEP
1 86 190.0 -1320 4690.0 0 0 1 0 1 0 -1 0 0 3005.DAT
0 STEP
1 86 110.0 -1320 4730.0 0 0 1 0 1 0 -1 0 0 3005.DAT
0 STEP
1 86 170.0 -1320 4730.0 0 0 1 0 1 0 -1 0 0 3005.DAT
0 STEP
1 86 50.0 -1344 4590.0 0 0 1 0 1 0 -1 0 0 3005.DAT
0 STEP
1 86 90.0 -1344 4610.0 0 0 1 0 1 0 -1 0 0 3005.DAT
0 STEP
1 86 190.0 -1344 4630.0 0 0 1 0 1 0 -1 0 0 3005.DAT
0 STEP
1 86 70.0 -1344 4650.0 0 0 1 0 1 0 -1 0 0 3005.DAT
0 STEP
1 86 70.0 -1344 4710.0 0 0 1 0 1 0 -1 0 0 3005.DAT
0 STEP
1 86 210.0 -1344 4710.0 0 0 1 0 1 0 -1 0 0 3005.DAT
0 STEP
1 86 50.0 -1344 4750.0 0 0 1 0 1 0 -1 0 0 3005.DAT
0 STEP
1 86 110.0 -1344 4750.0 0 0 1 0 1 0 -1 0 0 3005.DAT
0 STEP
1 86 190.0 -1368 4570.0 0 0 1 0 1 0 -1 0 0 3005.DAT
0 STEP
1 86 210.0 -1368 4610.0 0 0 1 0 1 0 -1 0 0 3005.DAT
0 STEP
1 86 50.0 -1368 4750.0 0 0 1 0 1 0 -1 0 0 3005.DAT
0 STEP
1 86 130.0 -1392 4550.0 0 0 1 0 1 0 -1 0 0 3005.DAT
0 STEP
1 86 170.0 -1392 4570.0 0 0 1 0 1 0 -1 0 0 3005.DAT
0 STEP
1 86 150.0 -1392 4590.0 0 0 1 0 1 0 -1 0 0 3005.DAT
0 STEP
1 86 190.0 -1392 4590.0 0 0 1 0 1 0 -1 0 0 3005.DAT
0 STEP
1 86 110.0 -1392 4610.0 0 0 1 0 1 0 -1 0 0 3005.DAT
0 STEP
1 86 170.0 -1392 4630.0 0 0 1 0 1 0 -1 0 0 3005.DAT
0 STEP
1 86 210.0 -1392 4650.0 0 0 1 0 1 0 -1 0 0 3005.DAT
0 STEP
1 86 170.0 -1392 4670.0 0 0 1 0 1 0 -1 0 0 3005.DAT
0 STEP
1 86 70.0 -1392 4690.0 0 0 1 0 1 0 -1 0 0 3005.DAT
0 STEP
1 86 150.0 -1392 4710.0 0 0 1 0 1 0 -1 0 0 3005.DAT
0 STEP
1 86 110.0 -1392 4770.0 0 0 1 0 1 0 -1 0 0 3005.DAT
0 STEP
1 86 170.0 -1392 4770.0 0 0 1 0 1 0 -1 0 0 3005.DAT
0 STEP
1 86 50.0 -1416 4590.0 0 0 1 0 1 0 -1 0 0 3005.DAT
0 STEP
1 86 150.0 -1416 4590.0 0 0 1 0 1 0 -1 0 0 3005.DAT
0 STEP
1 86 90.0 -1416 4630.0 0 0 1 0 1 0 -1 0 0 3005.DAT
0 STEP
1 86 150.0 -1416 4650.0 0 0 1 0 1 0 -1 0 0 3005.DAT
0 STEP
1 86 190.0 -1416 4650.0 0 0 1 0 1 0 -1 0 0 3005.DAT
0 STEP
1 86 50.0 -1416 4730.0 0 0 1 0 1 0 -1 0 0 3005.DAT
0 STEP
1 86 150.0 -1416 4750.0 0 0 1 0 1 0 -1 0 0 3005.DAT
0 STEP
1 86 170.0 -1416 4770.0 0 0 1 0 1 0 -1 0 0 3005.DAT
0 STEP
1 86 110.0 -1440 4690.0 0 0 1 0 1 0 -1 0 0 3005.DAT
0 STEP
1 86 170.0 -1440 4710.0 0 0 1 0 1 0 -1 0 0 3005.DAT
0 STEP
1 86 90.0 -1440 4750.0 0 0 1 0 1 0 -1 0 0 3005.DAT
0 STEP
1 86 110.0 -1464 4710.0 0 0 1 0 1 0 -1 0 0 3005.DAT
0 STEP
1 86 130.0 -1464 4730.0 0 0 1 0 1 0 -1 0 0 3005.DAT
0 STEP
1 86 70.0 -1464 4770.0 0 0 1 0 1 0 -1 0 0 3005.DAT
0 STEP
1 86 190.0 -1464 4770.0 0 0 1 0 1 0 -1 0 0 3005.DAT
0 STEP
1 86 90.0 -1464 4810.0 0 0 1 0 1 0 -1 0 0 3005.DAT
0 STEP
1 86 90.0 -1488 4490.0 0 0 1 0 1 0 -1 0 0 3005.DAT
0 STEP
1 86 70.0 -1488 4530.0 0 0 1 0 1 0 -1 0 0 3005.DAT
0 STEP
1 86 70.0 -1488 4610.0 0 0 1 0 1 0 -1 0 0 3005.DAT
0 STEP
1 86 90.0 -1488 4630.0 0 0 1 0 1 0 -1 0 0 3005.DAT
0 STEP
1 86 50.0 -1488 4690.0 0 0 1 0 1 0 -1 0 0 3005.DAT
0 STEP
1 86 90.0 -1488 4690.0 0 0 1 0 1 0 -1 0 0 3005.DAT
0 STEP
1 86 150.0 -1488 4690.0 0 0 1 0 1 0 -1 0 0 3005.DAT
0 STEP
1 86 70.0 -1488 4730.0 0 0 1 0 1 0 -1 0 0 3005.DAT
0 STEP
1 86 90.0 -1488 4750.0 0 0 1 0 1 0 -1 0 0 3005.DAT
0 STEP
1 86 190.0 -1488 4770.0 0 0 1 0 1 0 -1 0 0 3005.DAT
0 STEP
1 86 170.0 -1488 4790.0 0 0 1 0 1 0 -1 0 0 3005.DAT
0 STEP
1 86 70.0 -1488 4830.0 0 0 1 0 1 0 -1 0 0 3005.DAT
0 STEP
1 86 110.0 -1512 4550.0 0 0 1 0 1 0 -1 0 0 3005.DAT
0 STEP
1 86 70.0 -1512 4610.0 0 0 1 0 1 0 -1 0 0 3005.DAT
0 STEP
1 86 190.0 -1512 4610.0 0 0 1 0 1 0 -1 0 0 3005.DAT
0 STEP
1 86 170.0 -1512 4650.0 0 0 1 0 1 0 -1 0 0 3005.DAT
0 STEP
1 86 150.0 -1512 4670.0 0 0 1 0 1 0 -1 0 0 3005.DAT
0 STEP
1 86 50.0 -1512 4690.0 0 0 1 0 1 0 -1 0 0 3005.DAT
0 STEP
1 86 90.0 -1512 4730.0 0 0 1 0 1 0 -1 0 0 3005.DAT
0 STEP
1 86 150.0 -1512 4750.0 0 0 1 0 1 0 -1 0 0 3005.DAT
0 STEP
1 86 110.0 -1512 4810.0 0 0 1 0 1 0 -1 0 0 3005.DAT
0 STEP
1 86 190.0 -1512 4830.0 0 0 1 0 1 0 -1 0 0 3005.DAT
0 STEP
1 86 150.0 -1512 4850.0 0 0 1 0 1 0 -1 0 0 3005.DAT
0 STEP
1 86 110.0 -1512 4870.0 0 0 1 0 1 0 -1 0 0 3005.DAT
0 STEP
1 86 90.0 -1512 4890.0 0 0 1 0 1 0 -1 0 0 3005.DAT
0 STEP
1 86 110.0 -1512 4930.0 0 0 1 0 1 0 -1 0 0 3005.DAT
0 STEP
1 86 130.0 -1536 4430.0 0 0 1 0 1 0 -1 0 0 3005.DAT
0 STEP
1 86 110.0 -1536 4470.0 0 0 1 0 1 0 -1 0 0 3005.DAT
0 STEP
1 86 150.0 -1536 4490.0 0 0 1 0 1 0 -1 0 0 3005.DAT
0 STEP
1 86 70.0 -1536 4510.0 0 0 1 0 1 0 -1 0 0 3005.DAT
0 STEP
1 86 170.0 -1536 4550.0 0 0 1 0 1 0 -1 0 0 3005.DAT
0 STEP
1 86 190.0 -1536 4570.0 0 0 1 0 1 0 -1 0 0 3005.DAT
0 STEP
1 86 70.0 -1536 4610.0 0 0 1 0 1 0 -1 0 0 3005.DAT
0 STEP
1 86 150.0 -1536 4630.0 0 0 1 0 1 0 -1 0 0 3005.DAT
0 STEP
1 86 50.0 -1536 4650.0 0 0 1 0 1 0 -1 0 0 3005.DAT
0 STEP
1 86 170.0 -1536 4670.0 0 0 1 0 1 0 -1 0 0 3005.DAT
0 STEP
1 86 90.0 -1536 4690.0 0 0 1 0 1 0 -1 0 0 3005.DAT
0 STEP
1 86 190.0 -1536 4710.0 0 0 1 0 1 0 -1 0 0 3005.DAT
0 STEP
1 86 90.0 -1536 4790.0 0 0 1 0 1 0 -1 0 0 3005.DAT
0 STEP
1 86 190.0 -1536 4810.0 0 0 1 0 1 0 -1 0 0 3005.DAT
0 STEP
1 86 110.0 -1536 4870.0 0 0 1 0 1 0 -1 0 0 3005.DAT
0 STEP
1 86 150.0 -1536 4890.0 0 0 1 0 1 0 -1 0 0 3005.DAT
0 STEP
1 86 190.0 -1536 4890.0 0 0 1 0 1 0 -1 0 0 3005.DAT
0 STEP
1 86 90.0 -1536 4910.0 0 0 1 0 1 0 -1 0 0 3005.DAT
0 STEP
1 86 130.0 -1536 4930.0 0 0 1 0 1 0 -1 0 0 3005.DAT
0 STEP
1 86 70.0 -1536 4950.0 0 0 1 0 1 0 -1 0 0 3005.DAT
0 STEP
1 86 130.0 -1560 4370.0 0 0 1 0 1 0 -1 0 0 3005.DAT
0 STEP
1 86 110.0 -1560 4410.0 0 0 1 0 1 0 -1 0 0 3005.DAT
0 STEP
1 86 150.0 -1560 4430.0 0 0 1 0 1 0 -1 0 0 3005.DAT
0 STEP
1 86 50.0 -1560 4670.0 0 0 1 0 1 0 -1 0 0 3005.DAT
0 STEP
1 86 50.0 -1560 4770.0 0 0 1 0 1 0 -1 0 0 3005.DAT
0 STEP
1 86 90.0 -1560 4790.0 0 0 1 0 1 0 -1 0 0 3005.DAT
0 STEP
1 86 50.0 -1560 4830.0 0 0 1 0 1 0 -1 0 0 3005.DAT
0 STEP
1 86 170.0 -1560 4830.0 0 0 1 0 1 0 -1 0 0 3005.DAT
0 STEP
1 86 90.0 -1560 4850.0 0 0 1 0 1 0 -1 0 0 3005.DAT
0 STEP
1 86 150.0 -1560 4850.0 0 0 1 0 1 0 -1 0 0 3005.DAT
0 STEP
1 86 190.0 -1560 4870.0 0 0 1 0 1 0 -1 0 0 3005.DAT
0 STEP
1 86 50.0 -1560 4890.0 0 0 1 0 1 0 -1 0 0 3005.DAT
0 STEP
1 86 90.0 -1560 4890.0 0 0 1 0 1 0 -1 0 0 3005.DAT
0 STEP
1 86 70.0 -1560 4970.0 0 0 1 0 1 0 -1 0 0 3005.DAT
0 STEP
1 86 70.0 -1584 4370.0 0 0 1 0 1 0 -1 0 0 3005.DAT
0 STEP
1 86 170.0 -1584 4410.0 0 0 1 0 1 0 -1 0 0 3005.DAT
0 STEP
1 86 70.0 -1584 4430.0 0 0 1 0 1 0 -1 0 0 3005.DAT
0 STEP
1 86 190.0 -1584 4550.0 0 0 1 0 1 0 -1 0 0 3005.DAT
0 STEP
1 86 50.0 -1584 4770.0 0 0 1 0 1 0 -1 0 0 3005.DAT
0 STEP
1 86 90.0 -1584 4790.0 0 0 1 0 1 0 -1 0 0 3005.DAT
0 STEP
1 86 170.0 -1584 4790.0 0 0 1 0 1 0 -1 0 0 3005.DAT
0 STEP
1 86 50.0 -1584 4830.0 0 0 1 0 1 0 -1 0 0 3005.DAT
0 STEP
1 86 90.0 -1584 4850.0 0 0 1 0 1 0 -1 0 0 3005.DAT
0 STEP
1 86 170.0 -1584 4890.0 0 0 1 0 1 0 -1 0 0 3005.DAT
0 STEP
1 86 130.0 -1584 4910.0 0 0 1 0 1 0 -1 0 0 3005.DAT
0 STEP
1 86 190.0 -1584 4910.0 0 0 1 0 1 0 -1 0 0 3005.DAT
0 STEP
1 86 50.0 -1584 4930.0 0 0 1 0 1 0 -1 0 0 3005.DAT
0 STEP
1 86 70.0 -1584 4950.0 0 0 1 0 1 0 -1 0 0 3005.DAT
0 STEP
1 86 190.0 -1584 4950.0 0 0 1 0 1 0 -1 0 0 3005.DAT
0 STEP
1 86 150.0 -1584 4970.0 0 0 1 0 1 0 -1 0 0 3005.DAT
0 STEP
1 86 110.0 -1608 4350.0 0 0 1 0 1 0 -1 0 0 3005.DAT
0 STEP
1 86 170.0 -1608 4350.0 0 0 1 0 1 0 -1 0 0 3005.DAT
0 STEP
1 86 170.0 -1608 4390.0 0 0 1 0 1 0 -1 0 0 3005.DAT
0 STEP
1 86 70.0 -1608 4430.0 0 0 1 0 1 0 -1 0 0 3005.DAT
0 STEP
1 86 90.0 -1608 4470.0 0 0 1 0 1 0 -1 0 0 3005.DAT
0 STEP
1 86 50.0 -1608 4670.0 0 0 1 0 1 0 -1 0 0 3005.DAT
0 STEP
1 86 50.0 -1608 4710.0 0 0 1 0 1 0 -1 0 0 3005.DAT
0 STEP
1 86 190.0 -1608 4730.0 0 0 1 0 1 0 -1 0 0 3005.DAT
0 STEP
1 86 150.0 -1608 4750.0 0 0 1 0 1 0 -1 0 0 3005.DAT
0 STEP
1 86 50.0 -1608 4770.0 0 0 1 0 1 0 -1 0 0 3005.DAT
0 STEP
1 86 190.0 -1608 4770.0 0 0 1 0 1 0 -1 0 0 3005.DAT
0 STEP
1 86 50.0 -1608 4870.0 0 0 1 0 1 0 -1 0 0 3005.DAT
0 STEP
1 86 150.0 -1608 4930.0 0 0 1 0 1 0 -1 0 0 3005.DAT
0 STEP
1 86 50.0 -1608 4950.0 0 0 1 0 1 0 -1 0 0 3005.DAT
0 STEP
1 86 170.0 -1608 4990.0 0 0 1 0 1 0 -1 0 0 3005.DAT
0 STEP
1 86 110.0 -1632 4330.0 0 0 1 0 1 0 -1 0 0 3005.DAT
0 STEP
1 86 130.0 -1632 4370.0 0 0 1 0 1 0 -1 0 0 3005.DAT
0 STEP
1 86 170.0 -1632 4370.0 0 0 1 0 1 0 -1 0 0 3005.DAT
0 STEP
1 86 70.0 -1632 4390.0 0 0 1 0 1 0 -1 0 0 3005.DAT
0 STEP
1 86 150.0 -1632 4410.0 0 0 1 0 1 0 -1 0 0 3005.DAT
0 STEP
1 86 130.0 -1632 4430.0 0 0 1 0 1 0 -1 0 0 3005.DAT
0 STEP
1 86 170.0 -1632 4430.0 0 0 1 0 1 0 -1 0 0 3005.DAT
0 STEP
1 86 110.0 -1632 4470.0 0 0 1 0 1 0 -1 0 0 3005.DAT
0 STEP
1 86 50.0 -1632 4690.0 0 0 1 0 1 0 -1 0 0 3005.DAT
0 STEP
1 86 190.0 -1632 4690.0 0 0 1 0 1 0 -1 0 0 3005.DAT
0 STEP
1 86 170.0 -1632 4830.0 0 0 1 0 1 0 -1 0 0 3005.DAT
0 STEP
1 86 50.0 -1632 4850.0 0 0 1 0 1 0 -1 0 0 3005.DAT
0 STEP
1 86 90.0 -1632 4850.0 0 0 1 0 1 0 -1 0 0 3005.DAT
0 STEP
1 86 190.0 -1632 4870.0 0 0 1 0 1 0 -1 0 0 3005.DAT
0 STEP
1 86 50.0 -1632 4910.0 0 0 1 0 1 0 -1 0 0 3005.DAT
0 STEP
1 86 190.0 -1632 4930.0 0 0 1 0 1 0 -1 0 0 3005.DAT
0 STEP
1 86 110.0 -1632 4950.0 0 0 1 0 1 0 -1 0 0 3005.DAT
0 STEP
1 86 50.0 -1632 4970.0 0 0 1 0 1 0 -1 0 0 3005.DAT
0 STEP
1 86 70.0 -1632 4990.0 0 0 1 0 1 0 -1 0 0 3005.DAT
0 STEP
1 86 110.0 -1632 4990.0 0 0 1 0 1 0 -1 0 0 3005.DAT
0 STEP
1 86 70.0 -1656 4350.0 0 0 1 0 1 0 -1 0 0 3005.DAT
0 STEP
1 86 130.0 -1656 4370.0 0 0 1 0 1 0 -1 0 0 3005.DAT
0 STEP
1 86 170.0 -1656 4390.0 0 0 1 0 1 0 -1 0 0 3005.DAT
0 STEP
1 86 150.0 -1656 4410.0 0 0 1 0 1 0 -1 0 0 3005.DAT
0 STEP
1 86 130.0 -1656 4430.0 0 0 1 0 1 0 -1 0 0 3005.DAT
0 STEP
1 86 170.0 -1656 4450.0 0 0 1 0 1 0 -1 0 0 3005.DAT
0 STEP
1 86 190.0 -1656 4470.0 0 0 1 0 1 0 -1 0 0 3005.DAT
0 STEP
1 86 50.0 -1656 4870.0 0 0 1 0 1 0 -1 0 0 3005.DAT
0 STEP
1 86 50.0 -1656 4930.0 0 0 1 0 1 0 -1 0 0 3005.DAT
0 STEP
1 86 150.0 -1656 4950.0 0 0 1 0 1 0 -1 0 0 3005.DAT
0 STEP
1 86 70.0 -1656 4970.0 0 0 1 0 1 0 -1 0 0 3005.DAT
0 STEP
1 86 110.0 -1656 4970.0 0 0 1 0 1 0 -1 0 0 3005.DAT
0 STEP
1 86 170.0 -1656 4990.0 0 0 1 0 1 0 -1 0 0 3005.DAT
0 STEP
1 86 190.0 -1656 5010.0 0 0 1 0 1 0 -1 0 0 3005.DAT
0 STEP
1 86 110.0 -1656 5050.0 0 0 1 0 1 0 -1 0 0 3005.DAT
0 STEP
1 86 130.0 -1680 4290.0 0 0 1 0 1 0 -1 0 0 3005.DAT
0 STEP
1 86 90.0 -1680 4350.0 0 0 1 0 1 0 -1 0 0 3005.DAT
0 STEP
1 86 170.0 -1680 4350.0 0 0 1 0 1 0 -1 0 0 3005.DAT
0 STEP
1 86 70.0 -1680 4390.0 0 0 1 0 1 0 -1 0 0 3005.DAT
0 STEP
1 86 170.0 -1680 4470.0 0 0 1 0 1 0 -1 0 0 3005.DAT
0 STEP
1 86 50.0 -1680 4810.0 0 0 1 0 1 0 -1 0 0 3005.DAT
0 STEP
1 86 190.0 -1680 4810.0 0 0 1 0 1 0 -1 0 0 3005.DAT
0 STEP
1 86 150.0 -1680 4850.0 0 0 1 0 1 0 -1 0 0 3005.DAT
0 STEP
1 86 50.0 -1680 4870.0 0 0 1 0 1 0 -1 0 0 3005.DAT
0 STEP
1 86 90.0 -1680 4870.0 0 0 1 0 1 0 -1 0 0 3005.DAT
0 STEP
1 86 190.0 -1680 4890.0 0 0 1 0 1 0 -1 0 0 3005.DAT
0 STEP
1 86 170.0 -1680 4930.0 0 0 1 0 1 0 -1 0 0 3005.DAT
0 STEP
1 86 110.0 -1680 4990.0 0 0 1 0 1 0 -1 0 0 3005.DAT
0 STEP
1 86 150.0 -1680 5010.0 0 0 1 0 1 0 -1 0 0 3005.DAT
0 STEP
1 86 190.0 -1680 5010.0 0 0 1 0 1 0 -1 0 0 3005.DAT
0 STEP
1 86 70.0 -1680 5030.0 0 0 1 0 1 0 -1 0 0 3005.DAT
0 STEP
1 86 110.0 -1680 5030.0 0 0 1 0 1 0 -1 0 0 3005.DAT
0 STEP
1 86 150.0 -1704 4350.0 0 0 1 0 1 0 -1 0 0 3005.DAT
0 STEP
1 86 170.0 -1704 4390.0 0 0 1 0 1 0 -1 0 0 3005.DAT
0 STEP
1 86 90.0 -1704 4430.0 0 0 1 0 1 0 -1 0 0 3005.DAT
0 STEP
1 86 150.0 -1704 4430.0 0 0 1 0 1 0 -1 0 0 3005.DAT
0 STEP
1 86 90.0 -1704 4770.0 0 0 1 0 1 0 -1 0 0 3005.DAT
0 STEP
1 86 170.0 -1704 4770.0 0 0 1 0 1 0 -1 0 0 3005.DAT
0 STEP
1 86 190.0 -1704 4790.0 0 0 1 0 1 0 -1 0 0 3005.DAT
0 STEP
1 86 90.0 -1704 4810.0 0 0 1 0 1 0 -1 0 0 3005.DAT
0 STEP
1 86 130.0 -1704 4830.0 0 0 1 0 1 0 -1 0 0 3005.DAT
0 STEP
1 86 110.0 -1704 4850.0 0 0 1 0 1 0 -1 0 0 3005.DAT
0 STEP
1 86 50.0 -1704 4870.0 0 0 1 0 1 0 -1 0 0 3005.DAT
0 STEP
1 86 90.0 -1704 4890.0 0 0 1 0 1 0 -1 0 0 3005.DAT
0 STEP
1 86 170.0 -1704 4890.0 0 0 1 0 1 0 -1 0 0 3005.DAT
0 STEP
1 86 50.0 -1704 5010.0 0 0 1 0 1 0 -1 0 0 3005.DAT
0 STEP
1 86 130.0 -1704 5010.0 0 0 1 0 1 0 -1 0 0 3005.DAT
0 STEP
1 86 150.0 -1704 5030.0 0 0 1 0 1 0 -1 0 0 3005.DAT
0 STEP
1 86 130.0 -1704 5070.0 0 0 1 0 1 0 -1 0 0 3005.DAT
0 STEP
1 86 90.0 -1728 4290.0 0 0 1 0 1 0 -1 0 0 3005.DAT
0 STEP
1 86 150.0 -1728 4290.0 0 0 1 0 1 0 -1 0 0 3005.DAT
0 STEP
1 86 150.0 -1728 4350.0 0 0 1 0 1 0 -1 0 0 3005.DAT
0 STEP
1 86 50.0 -1728 4830.0 0 0 1 0 1 0 -1 0 0 3005.DAT
0 STEP
1 86 190.0 -1728 4850.0 0 0 1 0 1 0 -1 0 0 3005.DAT
0 STEP
1 86 90.0 -1728 4930.0 0 0 1 0 1 0 -1 0 0 3005.DAT
0 STEP
1 86 90.0 -1728 4990.0 0 0 1 0 1 0 -1 0 0 3005.DAT
0 STEP
1 86 150.0 -1728 4990.0 0 0 1 0 1 0 -1 0 0 3005.DAT
0 STEP
1 86 50.0 -1728 5010.0 0 0 1 0 1 0 -1 0 0 3005.DAT
0 STEP
1 86 110.0 -1728 5030.0 0 0 1 0 1 0 -1 0 0 3005.DAT
0 STEP
1 86 70.0 -1728 5050.0 0 0 1 0 1 0 -1 0 0 3005.DAT
0 STEP
1 86 90.0 -1728 5070.0 0 0 1 0 1 0 -1 0 0 3005.DAT
0 STEP
1 86 150.0 -1728 5070.0 0 0 1 0 1 0 -1 0 0 3005.DAT
0 STEP
1 86 50.0 -1752 4830.0 0 0 1 0 1 0 -1 0 0 3005.DAT
0 STEP
1 86 190.0 -1752 4830.0 0 0 1 0 1 0 -1 0 0 3005.DAT
0 STEP
1 86 50.0 -1752 4890.0 0 0 1 0 1 0 -1 0 0 3005.DAT
0 STEP
1 86 90.0 -1752 4910.0 0 0 1 0 1 0 -1 0 0 3005.DAT
0 STEP
1 86 170.0 -1752 4910.0 0 0 1 0 1 0 -1 0 0 3005.DAT
0 STEP
1 86 50.0 -1752 4990.0 0 0 1 0 1 0 -1 0 0 3005.DAT
0 STEP
1 86 110.0 -1752 5010.0 0 0 1 0 1 0 -1 0 0 3005.DAT
0 STEP
1 86 170.0 -1752 5050.0 0 0 1 0 1 0 -1 0 0 3005.DAT
0 STEP
1 86 110.0 -1776 4270.0 0 0 1 0 1 0 -1 0 0 3005.DAT
0 STEP
1 86 150.0 -1776 4290.0 0 0 1 0 1 0 -1 0 0 3005.DAT
0 STEP
1 86 150.0 -1776 4350.0 0 0 1 0 1 0 -1 0 0 3005.DAT
0 STEP
1 86 90.0 -1776 4850.0 0 0 1 0 1 0 -1 0 0 3005.DAT
0 STEP
1 86 190.0 -1776 4850.0 0 0 1 0 1 0 -1 0 0 3005.DAT
0 STEP
1 86 190.0 -1776 4910.0 0 0 1 0 1 0 -1 0 0 3005.DAT
0 STEP
1 86 170.0 -1776 4930.0 0 0 1 0 1 0 -1 0 0 3005.DAT
0 STEP
1 86 190.0 -1776 4970.0 0 0 1 0 1 0 -1 0 0 3005.DAT
0 STEP
1 86 90.0 -1776 5010.0 0 0 1 0 1 0 -1 0 0 3005.DAT
0 STEP
1 86 150.0 -1776 5070.0 0 0 1 0 1 0 -1 0 0 3005.DAT
0 STEP
1 86 150.0 -1800 4290.0 0 0 1 0 1 0 -1 0 0 3005.DAT
0 STEP
1 86 90.0 -1800 4330.0 0 0 1 0 1 0 -1 0 0 3005.DAT
0 STEP
1 86 150.0 -1800 4850.0 0 0 1 0 1 0 -1 0 0 3005.DAT
0 STEP
1 86 90.0 -1800 4990.0 0 0 1 0 1 0 -1 0 0 3005.DAT
0 STEP
1 86 90.0 -1800 5030.0 0 0 1 0 1 0 -1 0 0 3005.DAT
0 STEP
1 86 110.0 -1800 5050.0 0 0 1 0 1 0 -1 0 0 3005.DAT
0 STEP
1 86 190.0 -1800 5050.0 0 0 1 0 1 0 -1 0 0 3005.DAT
0 STEP
1 86 70.0 -1800 5070.0 0 0 1 0 1 0 -1 0 0 3005.DAT
0 STEP
1 86 130.0 -1824 4270.0 0 0 1 0 1 0 -1 0 0 3005.DAT
0 STEP
1 86 90.0 -1824 4290.0 0 0 1 0 1 0 -1 0 0 3005.DAT
0 STEP
1 86 130.0 -1824 4870.0 0 0 1 0 1 0 -1 0 0 3005.DAT
0 STEP
1 86 50.0 -1824 4910.0 0 0 1 0 1 0 -1 0 0 3005.DAT
0 STEP
1 86 190.0 -1824 4930.0 0 0 1 0 1 0 -1 0 0 3005.DAT
0 STEP
1 86 90.0 -1824 4950.0 0 0 1 0 1 0 -1 0 0 3005.DAT
0 STEP
1 86 90.0 -1824 5010.0 0 0 1 0 1 0 -1 0 0 3005.DAT
0 STEP
1 86 150.0 -1824 5030.0 0 0 1 0 1 0 -1 0 0 3005.DAT
0 STEP
1 86 130.0 -1824 5050.0 0 0 1 0 1 0 -1 0 0 3005.DAT
0 STEP
1 86 90.0 -1824 5090.0 0 0 1 0 1 0 -1 0 0 3005.DAT
0 STEP
1 86 150.0 -1824 5090.0 0 0 1 0 1 0 -1 0 0 3005.DAT
0 STEP
1 86 50.0 -1848 4890.0 0 0 1 0 1 0 -1 0 0 3005.DAT
0 STEP
1 86 110.0 -1848 4930.0 0 0 1 0 1 0 -1 0 0 3005.DAT
0 STEP
1 86 170.0 -1848 4930.0 0 0 1 0 1 0 -1 0 0 3005.DAT
0 STEP
1 86 190.0 -1848 5050.0 0 0 1 0 1 0 -1 0 0 3005.DAT
0 STEP
1 86 90.0 -1872 4930.0 0 0 1 0 1 0 -1 0 0 3005.DAT
0 STEP
1 86 170.0 -1872 4970.0 0 0 1 0 1 0 -1 0 0 3005.DAT
0 STEP
1 86 150.0 -1872 5050.0 0 0 1 0 1 0 -1 0 0 3005.DAT
0 STEP
1 86 70.0 -1872 5070.0 0 0 1 0 1 0 -1 0 0 3005.DAT
0 STEP
1 86 130.0 -1872 5070.0 0 0 1 0 1 0 -1 0 0 3005.DAT
0 STEP
1 86 110.0 -1920 4270.0 0 0 1 0 1 0 -1 0 0 3005.DAT
0 STEP
1 86 110.0 -1920 4890.0 0 0 1 0 1 0 -1 0 0 3005.DAT
0 STEP
1 86 170.0 -1920 4890.0 0 0 1 0 1 0 -1 0 0 3005.DAT
0 STEP
1 86 50.0 -1920 4930.0 0 0 1 0 1 0 -1 0 0 3005.DAT
0 STEP
1 86 190.0 -1920 4970.0 0 0 1 0 1 0 -1 0 0 3005.DAT
0 STEP
1 86 90.0 -1920 5010.0 0 0 1 0 1 0 -1 0 0 3005.DAT
0 STEP
1 86 150.0 -1920 5110.0 0 0 1 0 1 0 -1 0 0 3005.DAT
0 STEP
1 86 70.0 -1944 4890.0 0 0 1 0 1 0 -1 0 0 3005.DAT
0 STEP
1 86 190.0 -1944 4910.0 0 0 1 0 1 0 -1 0 0 3005.DAT
0 STEP
1 86 50.0 -1944 4930.0 0 0 1 0 1 0 -1 0 0 3005.DAT
0 STEP
1 86 90.0 -1944 4950.0 0 0 1 0 1 0 -1 0 0 3005.DAT
0 STEP
1 86 50.0 -1944 5030.0 0 0 1 0 1 0 -1 0 0 3005.DAT
0 STEP
1 86 170.0 -1944 5030.0 0 0 1 0 1 0 -1 0 0 3005.DAT
0 STEP
1 86 110.0 -1944 5070.0 0 0 1 0 1 0 -1 0 0 3005.DAT
0 STEP
1 86 170.0 -1944 5090.0 0 0 1 0 1 0 -1 0 0 3005.DAT
0 STEP
1 86 90.0 -1968 4890.0 0 0 1 0 1 0 -1 0 0 3005.DAT
0 STEP
1 86 150.0 -1968 4890.0 0 0 1 0 1 0 -1 0 0 3005.DAT
0 STEP
1 86 50.0 -1968 4910.0 0 0 1 0 1 0 -1 0 0 3005.DAT
0 STEP
1 86 170.0 -1968 4930.0 0 0 1 0 1 0 -1 0 0 3005.DAT
0 STEP
1 86 90.0 -1968 5030.0 0 0 1 0 1 0 -1 0 0 3005.DAT
0 STEP
1 86 150.0 -1968 5110.0 0 0 1 0 1 0 -1 0 0 3005.DAT
0 STEP
1 86 190.0 -1992 4890.0 0 0 1 0 1 0 -1 0 0 3005.DAT
0 STEP
1 86 170.0 -1992 4990.0 0 0 1 0 1 0 -1 0 0 3005.DAT
0 STEP
1 86 90.0 -1992 5010.0 0 0 1 0 1 0 -1 0 0 3005.DAT
0 STEP
1 86 70.0 -1992 5030.0 0 0 1 0 1 0 -1 0 0 3005.DAT
0 STEP
1 86 170.0 -1992 5050.0 0 0 1 0 1 0 -1 0 0 3005.DAT
0 STEP
1 86 90.0 -1992 5090.0 0 0 1 0 1 0 -1 0 0 3005.DAT
0 STEP
1 86 70.0 -2016 4890.0 0 0 1 0 1 0 -1 0 0 3005.DAT
0 STEP
1 86 130.0 -2016 4890.0 0 0 1 0 1 0 -1 0 0 3005.DAT
0 STEP
1 86 190.0 -2016 4930.0 0 0 1 0 1 0 -1 0 0 3005.DAT
0 STEP
1 86 50.0 -2016 4970.0 0 0 1 0 1 0 -1 0 0 3005.DAT
0 STEP
1 86 190.0 -2016 4990.0 0 0 1 0 1 0 -1 0 0 3005.DAT
0 STEP
1 86 170.0 -2016 5030.0 0 0 1 0 1 0 -1 0 0 3005.DAT
0 STEP
1 86 190.0 -2016 5050.0 0 0 1 0 1 0 -1 0 0 3005.DAT
0 STEP
1 86 170.0 -2016 5090.0 0 0 1 0 1 0 -1 0 0 3005.DAT
0 STEP
1 86 50.0 -2040 4890.0 0 0 1 0 1 0 -1 0 0 3005.DAT
0 STEP
1 86 90.0 -2040 4890.0 0 0 1 0 1 0 -1 0 0 3005.DAT
0 STEP
1 86 50.0 -2040 4950.0 0 0 1 0 1 0 -1 0 0 3005.DAT
0 STEP
1 86 90.0 -2040 4950.0 0 0 1 0 1 0 -1 0 0 3005.DAT
0 STEP
1 86 50.0 -2040 5010.0 0 0 1 0 1 0 -1 0 0 3005.DAT
0 STEP
1 86 170.0 -2040 5010.0 0 0 1 0 1 0 -1 0 0 3005.DAT
0 STEP
1 86 190.0 -2040 5050.0 0 0 1 0 1 0 -1 0 0 3005.DAT
0 STEP
1 86 110.0 -2040 5070.0 0 0 1 0 1 0 -1 0 0 3005.DAT
0 STEP
1 86 150.0 -2040 5090.0 0 0 1 0 1 0 -1 0 0 3005.DAT
0 STEP
1 86 170.0 -2064 4930.0 0 0 1 0 1 0 -1 0 0 3005.DAT
0 STEP
1 86 90.0 -2064 5030.0 0 0 1 0 1 0 -1 0 0 3005.DAT
0 STEP
1 86 110.0 -2064 5050.0 0 0 1 0 1 0 -1 0 0 3005.DAT
0 STEP
1 86 170.0 -2064 5050.0 0 0 1 0 1 0 -1 0 0 3005.DAT
0 STEP
1 86 150.0 -2064 5090.0 0 0 1 0 1 0 -1 0 0 3005.DAT
0 STEP
1 86 170.0 -2088 4890.0 0 0 1 0 1 0 -1 0 0 3005.DAT
0 STEP
1 86 90.0 -2088 4910.0 0 0 1 0 1 0 -1 0 0 3005.DAT
0 STEP
1 86 150.0 -2088 4910.0 0 0 1 0 1 0 -1 0 0 3005.DAT
0 STEP
1 86 190.0 -2088 4930.0 0 0 1 0 1 0 -1 0 0 3005.DAT
0 STEP
1 86 50.0 -2088 4970.0 0 0 1 0 1 0 -1 0 0 3005.DAT
0 STEP
1 86 90.0 -2088 4990.0 0 0 1 0 1 0 -1 0 0 3005.DAT
0 STEP
1 86 70.0 -2088 5030.0 0 0 1 0 1 0 -1 0 0 3005.DAT
0 STEP
1 86 110.0 -2088 5030.0 0 0 1 0 1 0 -1 0 0 3005.DAT
0 STEP
1 86 170.0 -2088 5030.0 0 0 1 0 1 0 -1 0 0 3005.DAT
0 STEP
1 86 90.0 -2088 5070.0 0 0 1 0 1 0 -1 0 0 3005.DAT
0 STEP
1 86 90.0 -2112 4870.0 0 0 1 0 1 0 -1 0 0 3005.DAT
0 STEP
1 86 150.0 -2112 4910.0 0 0 1 0 1 0 -1 0 0 3005.DAT
0 STEP
1 86 50.0 -2112 4930.0 0 0 1 0 1 0 -1 0 0 3005.DAT
0 STEP
1 86 170.0 -2112 4950.0 0 0 1 0 1 0 -1 0 0 3005.DAT
0 STEP
1 86 90.0 -2112 4990.0 0 0 1 0 1 0 -1 0 0 3005.DAT
0 STEP
1 86 190.0 -2112 4990.0 0 0 1 0 1 0 -1 0 0 3005.DAT
0 STEP
1 86 130.0 -2112 5010.0 0 0 1 0 1 0 -1 0 0 3005.DAT
0 STEP
1 86 170.0 -2112 5010.0 0 0 1 0 1 0 -1 0 0 3005.DAT
0 STEP
1 86 130.0 -2112 5070.0 0 0 1 0 1 0 -1 0 0 3005.DAT
0 STEP
1 86 130.0 -2136 4870.0 0 0 1 0 1 0 -1 0 0 3005.DAT
0 STEP
1 86 190.0 -2136 4870.0 0 0 1 0 1 0 -1 0 0 3005.DAT
0 STEP
1 86 50.0 -2136 4910.0 0 0 1 0 1 0 -1 0 0 3005.DAT
0 STEP
1 86 130.0 -2136 4910.0 0 0 1 0 1 0 -1 0 0 3005.DAT
0 STEP
1 86 190.0 -2136 4930.0 0 0 1 0 1 0 -1 0 0 3005.DAT
0 STEP
1 86 70.0 -2136 4990.0 0 0 1 0 1 0 -1 0 0 3005.DAT
0 STEP
1 86 50.0 -2136 5010.0 0 0 1 0 1 0 -1 0 0 3005.DAT
0 STEP
1 86 70.0 -2136 5050.0 0 0 1 0 1 0 -1 0 0 3005.DAT
0 STEP
1 86 150.0 -2136 5070.0 0 0 1 0 1 0 -1 0 0 3005.DAT
0 STEP
1 86 190.0 -2160 4890.0 0 0 1 0 1 0 -1 0 0 3005.DAT
0 STEP
1 86 110.0 -2160 4910.0 0 0 1 0 1 0 -1 0 0 3005.DAT
0 STEP
1 86 150.0 -2160 4930.0 0 0 1 0 1 0 -1 0 0 3005.DAT
0 STEP
1 86 90.0 -2160 4950.0 0 0 1 0 1 0 -1 0 0 3005.DAT
0 STEP
1 86 190.0 -2160 4950.0 0 0 1 0 1 0 -1 0 0 3005.DAT
0 STEP
1 86 50.0 -2160 4970.0 0 0 1 0 1 0 -1 0 0 3005.DAT
0 STEP
1 86 90.0 -2160 5010.0 0 0 1 0 1 0 -1 0 0 3005.DAT
0 STEP
1 86 90.0 -2160 5050.0 0 0 1 0 1 0 -1 0 0 3005.DAT
0 STEP
1 86 150.0 -2160 5050.0 0 0 1 0 1 0 -1 0 0 3005.DAT
0 STEP
1 86 150.0 -2184 4870.0 0 0 1 0 1 0 -1 0 0 3005.DAT
0 STEP
1 86 110.0 -2184 4910.0 0 0 1 0 1 0 -1 0 0 3005.DAT
0 STEP
1 86 110.0 -2184 5010.0 0 0 1 0 1 0 -1 0 0 3005.DAT
0 STEP
1 86 110.0 -2208 4850.0 0 0 1 0 1 0 -1 0 0 3005.DAT
0 STEP
1 86 50.0 -2208 4890.0 0 0 1 0 1 0 -1 0 0 3005.DAT
0 STEP
1 86 190.0 -2208 4890.0 0 0 1 0 1 0 -1 0 0 3005.DAT
0 STEP
1 86 90.0 -2208 4910.0 0 0 1 0 1 0 -1 0 0 3005.DAT
0 STEP
1 86 170.0 -2208 5010.0 0 0 1 0 1 0 -1 0 0 3005.DAT
0 STEP
1 86 90.0 -2208 5030.0 0 0 1 0 1 0 -1 0 0 3005.DAT
0 STEP
1 86 110.0 -2208 5050.0 0 0 1 0 1 0 -1 0 0 3005.DAT
0 STEP
1 86 190.0 -2232 4830.0 0 0 1 0 1 0 -1 0 0 3005.DAT
0 STEP
1 86 170.0 -2232 4850.0 0 0 1 0 1 0 -1 0 0 3005.DAT
0 STEP
1 86 50.0 -2232 4870.0 0 0 1 0 1 0 -1 0 0 3005.DAT
0 STEP
1 86 110.0 -2232 4950.0 0 0 1 0 1 0 -1 0 0 3005.DAT
0 STEP
1 86 150.0 -2232 5010.0 0 0 1 0 1 0 -1 0 0 3005.DAT
0 STEP
1 86 130.0 -2232 5030.0 0 0 1 0 1 0 -1 0 0 3005.DAT
0 STEP
1 86 70.0 -2256 4790.0 0 0 1 0 1 0 -1 0 0 3005.DAT
0 STEP
1 86 190.0 -2256 4810.0 0 0 1 0 1 0 -1 0 0 3005.DAT
0 STEP
1 86 170.0 -2256 4830.0 0 0 1 0 1 0 -1 0 0 3005.DAT
0 STEP
1 86 70.0 -2256 4850.0 0 0 1 0 1 0 -1 0 0 3005.DAT
0 STEP
1 86 150.0 -2256 4850.0 0 0 1 0 1 0 -1 0 0 3005.DAT
0 STEP
1 86 190.0 -2256 4910.0 0 0 1 0 1 0 -1 0 0 3005.DAT
0 STEP
1 86 170.0 -2256 4930.0 0 0 1 0 1 0 -1 0 0 3005.DAT
0 STEP
1 86 50.0 -2256 4950.0 0 0 1 0 1 0 -1 0 0 3005.DAT
0 STEP
1 86 130.0 -2256 4950.0 0 0 1 0 1 0 -1 0 0 3005.DAT
0 STEP
1 86 90.0 -2256 5010.0 0 0 1 0 1 0 -1 0 0 3005.DAT
0 STEP
1 86 150.0 -2256 5010.0 0 0 1 0 1 0 -1 0 0 3005.DAT
0 STEP
1 86 70.0 -2280 4850.0 0 0 1 0 1 0 -1 0 0 3005.DAT
0 STEP
1 86 150.0 -2280 4850.0 0 0 1 0 1 0 -1 0 0 3005.DAT
0 STEP
1 86 170.0 -2280 4870.0 0 0 1 0 1 0 -1 0 0 3005.DAT
0 STEP
1 86 130.0 -2280 4890.0 0 0 1 0 1 0 -1 0 0 3005.DAT
0 STEP
1 86 110.0 -2280 4910.0 0 0 1 0 1 0 -1 0 0 3005.DAT
0 STEP
1 86 150.0 -2280 4970.0 0 0 1 0 1 0 -1 0 0 3005.DAT
0 STEP
1 86 70.0 -2280 4990.0 0 0 1 0 1 0 -1 0 0 3005.DAT
0 STEP
1 86 130.0 -2280 5010.0 0 0 1 0 1 0 -1 0 0 3005.DAT
0 STEP
1 86 130.0 -2304 4790.0 0 0 1 0 1 0 -1 0 0 3005.DAT
0 STEP
1 86 170.0 -2304 4790.0 0 0 1 0 1 0 -1 0 0 3005.DAT
0 STEP
1 86 170.0 -2304 4850.0 0 0 1 0 1 0 -1 0 0 3005.DAT
0 STEP
1 86 70.0 -2304 4870.0 0 0 1 0 1 0 -1 0 0 3005.DAT
0 STEP
1 86 90.0 -2304 4930.0 0 0 1 0 1 0 -1 0 0 3005.DAT
0 STEP
1 86 130.0 -2304 4990.0 0 0 1 0 1 0 -1 0 0 3005.DAT
0 STEP
1 86 70.0 -2328 4790.0 0 0 1 0 1 0 -1 0 0 3005.DAT
0 STEP
1 86 150.0 -2328 4950.0 0 0 1 0 1 0 -1 0 0 3005.DAT
0 STEP
1 86 170.0 -2352 4750.0 0 0 1 0 1 0 -1 0 0 3005.DAT
0 STEP
1 86 120.0 -672 4590.0 -1 0 0 0 1 0 0 0 -1 3004.DAT
0 STEP
1 86 150.0 -384 4620.0 0 0 1 0 1 0 -1 0 0 3004.DAT
0 STEP
1 86 90.0 -1728 4320.0 0 0 1 0 1 0 -1 0 0 3004.DAT
0 STEP
1 86 50.0 -960 4680.0 0 0 1 0 1 0 -1 0 0 3004.DAT
0 STEP
1 86 110.0 -600 4640.0 0 0 1 0 1 0 -1 0 0 3004.DAT
0 STEP
1 86 160.0 -672 4610.0 -1 0 0 0 1 0 0 0 -1 3004.DAT
0 STEP
1 86 90.0 -456 4640.0 0 0 1 0 1 0 -1 0 0 3004.DAT
0 STEP
1 86 140.0 -1392 4570.0 -1 0 0 0 1 0 0 0 -1 3004.DAT
0 STEP
1 86 120.0 -888 4690.0 -1 0 0 0 1 0 0 0 -1 3004.DAT
0 STEP
1 86 150.0 -1992 5040.0 0 0 1 0 1 0 -1 0 0 3004.DAT
0 STEP
1 86 150.0 -1560 4880.0 0 0 1 0 1 0 -1 0 0 3004.DAT
0 STEP
1 86 180.0 -1824 4910.0 -1 0 0 0 1 0 0 0 -1 3004.DAT
0 STEP
1 86 190.0 -1704 4880.0 0 0 1 0 1 0 -1 0 0 3004.DAT
0 STEP
1 86 150.0 -1272 4740.0 0 0 1 0 1 0 -1 0 0 3004.DAT
0 STEP
1 86 100.0 -1104 4690.0 -1 0 0 0 1 0 0 0 -1 3004.DAT
0 STEP
1 86 50.0 -1104 4680.0 0 0 1 0 1 0 -1 0 0 3004.DAT
0 STEP
1 86 110.0 -1248 4760.0 0 0 1 0 1 0 -1 0 0 3004.DAT
0 STEP
1 86 160.0 -1608 4770.0 -1 0 0 0 1 0 0 0 -1 3004.DAT
0 STEP
1 86 110.0 -1848 4880.0 0 0 1 0 1 0 -1 0 0 3004.DAT
0 STEP
1 86 90.0 -2208 4940.0 0 0 1 0 1 0 -1 0 0 3004.DAT
0 STEP
1 86 80.0 -432 4730.0 -1 0 0 0 1 0 0 0 -1 3004.DAT
0 STEP
1 86 50.0 -408 4640.0 0 0 1 0 1 0 -1 0 0 3004.DAT
0 STEP
1 86 140.0 -2112 5030.0 -1 0 0 0 1 0 0 0 -1 3004.DAT
0 STEP
1 86 90.0 -648 4640.0 0 0 1 0 1 0 -1 0 0 3004.DAT
0 STEP
1 86 150.0 -1776 4320.0 0 0 1 0 1 0 -1 0 0 3004.DAT
0 STEP
1 86 170.0 -1248 4620.0 0 0 1 0 1 0 -1 0 0 3004.DAT
0 STEP
1 86 100.0 -1080 4730.0 -1 0 0 0 1 0 0 0 -1 3004.DAT
0 STEP
1 86 140.0 -1344 4750.0 -1 0 0 0 1 0 0 0 -1 3004.DAT
0 STEP
1 86 160.0 -1296 4770.0 -1 0 0 0 1 0 0 0 -1 3004.DAT
0 STEP
1 86 50.0 -1560 4800.0 0 0 1 0 1 0 -1 0 0 3004.DAT
0 STEP
1 86 110.0 -1440 4720.0 0 0 1 0 1 0 -1 0 0 3004.DAT
0 STEP
1 86 100.0 -1608 4330.0 -1 0 0 0 1 0 0 0 -1 3004.DAT
0 STEP
1 86 70.0 -1608 4960.0 0 0 1 0 1 0 -1 0 0 3004.DAT
0 STEP
1 86 60.0 -1248 4730.0 -1 0 0 0 1 0 0 0 -1 3004.DAT
0 STEP
1 86 230.0 -1224 4680.0 0 0 1 0 1 0 -1 0 0 3004.DAT
0 STEP
1 86 160.0 -1536 4470.0 -1 0 0 0 1 0 0 0 -1 3004.DAT
0 STEP
1 86 80.0 -408 4730.0 -1 0 0 0 1 0 0 0 -1 3004.DAT
0 STEP
1 86 90.0 -1512 4920.0 0 0 1 0 1 0 -1 0 0 3004.DAT
0 STEP
1 86 190.0 -1968 5040.0 0 0 1 0 1 0 -1 0 0 3004.DAT
0 STEP
1 86 70.0 -1080 4720.0 0 0 1 0 1 0 -1 0 0 3004.DAT
0 STEP
1 86 180.0 -936 4630.0 -1 0 0 0 1 0 0 0 -1 3004.DAT
0 STEP
1 86 120.0 -1608 4970.0 -1 0 0 0 1 0 0 0 -1 3004.DAT
0 STEP
1 86 200.0 -1320 4730.0 -1 0 0 0 1 0 0 0 -1 3004.DAT
0 STEP
1 86 110.0 -1632 4360.0 0 0 1 0 1 0 -1 0 0 3004.DAT
0 STEP
1 86 180.0 -336 4750.0 -1 0 0 0 1 0 0 0 -1 3004.DAT
0 STEP
1 86 200.0 -1272 4630.0 -1 0 0 0 1 0 0 0 -1 3004.DAT
0 STEP
1 86 80.0 -528 4610.0 -1 0 0 0 1 0 0 0 -1 3004.DAT
0 STEP
1 86 120.0 -768 4590.0 -1 0 0 0 1 0 0 0 -1 3004.DAT
0 STEP
1 86 140.0 -2280 4990.0 -1 0 0 0 1 0 0 0 -1 3004.DAT
0 STEP
1 86 120.0 -408 4770.0 -1 0 0 0 1 0 0 0 -1 3004.DAT
0 STEP
1 86 180.0 -1056 4710.0 -1 0 0 0 1 0 0 0 -1 3004.DAT
0 STEP
1 86 70.0 -1344 4760.0 0 0 1 0 1 0 -1 0 0 3004.DAT
0 STEP
1 86 100.0 -144 4590.0 -1 0 0 0 1 0 0 0 -1 3004.DAT
0 STEP
1 86 90.0 -1488 4780.0 0 0 1 0 1 0 -1 0 0 3004.DAT
0 STEP
1 86 190.0 -1944 5040.0 0 0 1 0 1 0 -1 0 0 3004.DAT
0 STEP
1 86 110.0 -816 4600.0 0 0 1 0 1 0 -1 0 0 3004.DAT
0 STEP
1 86 180.0 -1920 5030.0 -1 0 0 0 1 0 0 0 -1 3004.DAT
0 STEP
1 86 90.0 -1944 5100.0 0 0 1 0 1 0 -1 0 0 3004.DAT
0 STEP
1 86 150.0 -408 4700.0 0 0 1 0 1 0 -1 0 0 3004.DAT
0 STEP
1 86 100.0 -2304 4950.0 -1 0 0 0 1 0 0 0 -1 3004.DAT
0 STEP
1 86 180.0 -1152 4690.0 -1 0 0 0 1 0 0 0 -1 3004.DAT
0 STEP
1 86 140.0 -2280 4870.0 -1 0 0 0 1 0 0 0 -1 3004.DAT
0 STEP
1 86 60.0 -1344 4730.0 -1 0 0 0 1 0 0 0 -1 3004.DAT
0 STEP
1 86 120.0 -1056 4710.0 -1 0 0 0 1 0 0 0 -1 3004.DAT
0 STEP
1 86 140.0 -648 4630.0 -1 0 0 0 1 0 0 0 -1 3004.DAT
0 STEP
1 86 190.0 -456 4640.0 0 0 1 0 1 0 -1 0 0 3004.DAT
0 STEP
1 86 70.0 -1632 4360.0 0 0 1 0 1 0 -1 0 0 3004.DAT
0 STEP
1 86 90.0 -192 4700.0 0 0 1 0 1 0 -1 0 0 3004.DAT
0 STEP
1 86 180.0 -1584 4810.0 -1 0 0 0 1 0 0 0 -1 3004.DAT
0 STEP
1 86 140.0 -1512 4930.0 -1 0 0 0 1 0 0 0 -1 3004.DAT
0 STEP
1 86 200.0 -96 4630.0 -1 0 0 0 1 0 0 0 -1 3004.DAT
0 STEP
1 86 170.0 -1320 4620.0 0 0 1 0 1 0 -1 0 0 3004.DAT
0 STEP
1 86 160.0 -2304 4970.0 -1 0 0 0 1 0 0 0 -1 3004.DAT
0 STEP
1 86 90.0 -1704 4320.0 0 0 1 0 1 0 -1 0 0 3004.DAT
0 STEP
1 86 90.0 -840 4680.0 0 0 1 0 1 0 -1 0 0 3004.DAT
0 STEP
1 86 50.0 -1488 4660.0 0 0 1 0 1 0 -1 0 0 3004.DAT
0 STEP
1 86 120.0 -1560 4890.0 -1 0 0 0 1 0 0 0 -1 3004.DAT
0 STEP
1 86 130.0 -840 4720.0 0 0 1 0 1 0 -1 0 0 3004.DAT
0 STEP
1 86 140.0 -1416 4770.0 -1 0 0 0 1 0 0 0 -1 3004.DAT
0 STEP
1 86 50.0 -384 4600.0 0 0 1 0 1 0 -1 0 0 3004.DAT
0 STEP
1 86 90.0 -336 4580.0 0 0 1 0 1 0 -1 0 0 3004.DAT
0 STEP
1 86 60.0 -1944 4910.0 -1 0 0 0 1 0 0 0 -1 3004.DAT
0 STEP
1 86 160.0 -2064 5070.0 -1 0 0 0 1 0 0 0 -1 3004.DAT
0 STEP
1 86 160.0 -144 4590.0 -1 0 0 0 1 0 0 0 -1 3004.DAT
0 STEP
1 86 70.0 -2112 4880.0 0 0 1 0 1 0 -1 0 0 3004.DAT
0 STEP
1 86 180.0 -1848 4990.0 -1 0 0 0 1 0 0 0 -1 3004.DAT
0 STEP
1 86 150.0 -2208 4940.0 0 0 1 0 1 0 -1 0 0 3004.DAT
0 STEP
1 86 50.0 -984 4680.0 0 0 1 0 1 0 -1 0 0 3004.DAT
0 STEP
1 86 80.0 -1704 5050.0 -1 0 0 0 1 0 0 0 -1 3004.DAT
0 STEP
1 86 90.0 -864 4600.0 0 0 1 0 1 0 -1 0 0 3004.DAT
0 STEP
1 86 120.0 -744 4730.0 -1 0 0 0 1 0 0 0 -1 3004.DAT
0 STEP
1 86 160.0 -1368 4710.0 -1 0 0 0 1 0 0 0 -1 3004.DAT
0 STEP
1 86 70.0 -528 4700.0 0 0 1 0 1 0 -1 0 0 3004.DAT
0 STEP
1 86 120.0 -1392 4710.0 -1 0 0 0 1 0 0 0 -1 3004.DAT
0 STEP
1 86 90.0 -1824 4920.0 0 0 1 0 1 0 -1 0 0 3004.DAT
0 STEP
1 86 70.0 -1248 4640.0 0 0 1 0 1 0 -1 0 0 3004.DAT
0 STEP
1 86 150.0 -1896 5040.0 0 0 1 0 1 0 -1 0 0 3004.DAT
0 STEP
1 86 70.0 -456 4700.0 0 0 1 0 1 0 -1 0 0 3004.DAT
0 STEP
1 86 190.0 -1800 4880.0 0 0 1 0 1 0 -1 0 0 3004.DAT
0 STEP
1 86 60.0 -1152 4610.0 -1 0 0 0 1 0 0 0 -1 3004.DAT
0 STEP
1 86 110.0 -1608 4480.0 0 0 1 0 1 0 -1 0 0 3004.DAT
0 STEP
1 86 130.0 -2304 4820.0 0 0 1 0 1 0 -1 0 0 3004.DAT
0 STEP
1 86 150.0 -984 4600.0 0 0 1 0 1 0 -1 0 0 3004.DAT
0 STEP
1 86 160.0 -2256 4950.0 -1 0 0 0 1 0 0 0 -1 3004.DAT
0 STEP
1 86 190.0 -2088 5020.0 0 0 1 0 1 0 -1 0 0 3004.DAT
0 STEP
1 86 190.0 -96 4700.0 0 0 1 0 1 0 -1 0 0 3004.DAT
0 STEP
1 86 50.0 -2040 4980.0 0 0 1 0 1 0 -1 0 0 3004.DAT
0 STEP
1 86 170.0 -1680 4380.0 0 0 1 0 1 0 -1 0 0 3004.DAT
0 STEP
1 86 140.0 -1128 4710.0 -1 0 0 0 1 0 0 0 -1 3004.DAT
0 STEP
1 86 120.0 -384 4570.0 -1 0 0 0 1 0 0 0 -1 3004.DAT
0 STEP
1 86 170.0 -2352 4780.0 0 0 1 0 1 0 -1 0 0 3004.DAT
0 STEP
1 86 170.0 -1872 5000.0 0 0 1 0 1 0 -1 0 0 3004.DAT
0 STEP
1 86 190.0 -2040 5020.0 0 0 1 0 1 0 -1 0 0 3004.DAT
0 STEP
1 86 140.0 -816 4730.0 -1 0 0 0 1 0 0 0 -1 3004.DAT
0 STEP
1 86 140.0 -1272 4770.0 -1 0 0 0 1 0 0 0 -1 3004.DAT
0 STEP
1 86 120.0 -1224 4730.0 -1 0 0 0 1 0 0 0 -1 3004.DAT
0 STEP
1 86 100.0 -720 4610.0 -1 0 0 0 1 0 0 0 -1 3004.DAT
0 STEP
1 86 100.0 -984 4690.0 -1 0 0 0 1 0 0 0 -1 3004.DAT
0 STEP
1 86 160.0 -648 4610.0 -1 0 0 0 1 0 0 0 -1 3004.DAT
0 STEP
1 86 160.0 -1392 4690.0 -1 0 0 0 1 0 0 0 -1 3004.DAT
0 STEP
1 86 50.0 -1680 4780.0 0 0 1 0 1 0 -1 0 0 3004.DAT
0 STEP
1 86 50.0 -1200 4640.0 0 0 1 0 1 0 -1 0 0 3004.DAT
0 STEP
1 86 150.0 -888 4660.0 0 0 1 0 1 0 -1 0 0 3004.DAT
0 STEP
1 86 160.0 -1920 5090.0 -1 0 0 0 1 0 0 0 -1 3004.DAT
0 STEP
1 86 120.0 -984 4590.0 -1 0 0 0 1 0 0 0 -1 3004.DAT
0 STEP
1 86 30.0 -288 4640.0 0 0 1 0 1 0 -1 0 0 3004.DAT
0 STEP
1 86 70.0 -1584 4400.0 0 0 1 0 1 0 -1 0 0 3004.DAT
0 STEP
1 86 100.0 -1872 5070.0 -1 0 0 0 1 0 0 0 -1 3004.DAT
0 STEP
1 86 190.0 -312 4580.0 0 0 1 0 1 0 -1 0 0 3004.DAT
0 STEP
1 86 60.0 -1488 4790.0 -1 0 0 0 1 0 0 0 -1 3004.DAT
0 STEP
1 86 230.0 -1248 4660.0 0 0 1 0 1 0 -1 0 0 3004.DAT
0 STEP
1 86 100.0 -2016 4890.0 -1 0 0 0 1 0 0 0 -1 3004.DAT
0 STEP
1 86 120.0 -1152 4590.0 -1 0 0 0 1 0 0 0 -1 3004.DAT
0 STEP
1 86 90.0 -1632 4340.0 0 0 1 0 1 0 -1 0 0 3004.DAT
0 STEP
1 86 160.0 -936 4730.0 -1 0 0 0 1 0 0 0 -1 3004.DAT
0 STEP
1 86 200.0 -1224 4690.0 -1 0 0 0 1 0 0 0 -1 3004.DAT
0 STEP
1 86 90.0 -1680 4320.0 0 0 1 0 1 0 -1 0 0 3004.DAT
0 STEP
1 86 220.0 -1224 4630.0 -1 0 0 0 1 0 0 0 -1 3004.DAT
0 STEP
1 86 90.0 -2256 4800.0 0 0 1 0 1 0 -1 0 0 3004.DAT
0 STEP
1 86 70.0 -1488 4760.0 0 0 1 0 1 0 -1 0 0 3004.DAT
0 STEP
1 86 180.0 -432 4730.0 -1 0 0 0 1 0 0 0 -1 3004.DAT
0 STEP
1 86 140.0 -1152 4610.0 -1 0 0 0 1 0 0 0 -1 3004.DAT
0 STEP
1 86 110.0 -1152 4620.0 0 0 1 0 1 0 -1 0 0 3004.DAT
0 STEP
1 86 180.0 -1608 4710.0 -1 0 0 0 1 0 0 0 -1 3004.DAT
0 STEP
1 86 100.0 -2136 4910.0 -1 0 0 0 1 0 0 0 -1 3004.DAT
0 STEP
1 86 110.0 -2040 5040.0 0 0 1 0 1 0 -1 0 0 3004.DAT
0 STEP
1 86 70.0 -1032 4700.0 0 0 1 0 1 0 -1 0 0 3004.DAT
0 STEP
1 86 160.0 -1440 4800.0 0 0 1 0 1 0 -1 0 0 3003.DAT
0 STEP
1 86 110.0 -1536 4440.0 0 0 1 0 1 0 -1 0 0 3004.DAT
0 STEP
1 86 160.0 -1560 4630.0 -1 0 0 0 1 0 0 0 -1 3004.DAT
0 STEP
1 86 130.0 -1656 4400.0 0 0 1 0 1 0 -1 0 0 3004.DAT
0 STEP
1 86 200.0 -1296 4750.0 -1 0 0 0 1 0 0 0 -1 3004.DAT
0 STEP
1 86 160.0 -1536 4810.0 -1 0 0 0 1 0 0 0 -1 3004.DAT
0 STEP
1 86 160.0 -2280 4930.0 -1 0 0 0 1 0 0 0 -1 3004.DAT
0 STEP
1 86 210.0 -96 4720.0 0 0 1 0 1 0 -1 0 0 3004.DAT
0 STEP
1 86 180.0 -1680 4870.0 -1 0 0 0 1 0 0 0 -1 3004.DAT
0 STEP
1 86 170.0 -2040 5040.0 0 0 1 0 1 0 -1 0 0 3004.DAT
0 STEP
1 86 90.0 -1200 4560.0 0 0 1 0 1 0 -1 0 0 3004.DAT
0 STEP
1 86 90.0 -576 4720.0 0 0 1 0 1 0 -1 0 0 3004.DAT
0 STEP
1 86 120.0 -576 4710.0 -1 0 0 0 1 0 0 0 -1 3004.DAT
0 STEP
1 86 160.0 -1392 4750.0 -1 0 0 0 1 0 0 0 -1 3004.DAT
0 STEP
1 86 120.0 -1872 4270.0 -1 0 0 0 1 0 0 0 -1 3004.DAT
0 STEP
1 86 50.0 -1560 4860.0 0 0 1 0 1 0 -1 0 0 3004.DAT
0 STEP
1 86 170.0 -1584 4960.0 0 0 1 0 1 0 -1 0 0 3004.DAT
0 STEP
1 86 80.0 -888 4710.0 -1 0 0 0 1 0 0 0 -1 3004.DAT
0 STEP
1 86 190.0 -528 4680.0 0 0 1 0 1 0 -1 0 0 3004.DAT
0 STEP
1 86 160.0 -624 4610.0 -1 0 0 0 1 0 0 0 -1 3004.DAT
0 STEP
1 86 50.0 -1056 4680.0 0 0 1 0 1 0 -1 0 0 3004.DAT
0 STEP
1 86 150.0 -456 4640.0 0 0 1 0 1 0 -1 0 0 3004.DAT
0 STEP
1 86 190.0 -2112 5020.0 0 0 1 0 1 0 -1 0 0 3004.DAT
0 STEP
1 86 130.0 -1680 5020.0 0 0 1 0 1 0 -1 0 0 3004.DAT
0 STEP
1 86 210.0 -480 4680.0 0 0 1 0 1 0 -1 0 0 3004.DAT
0 STEP
1 86 180.0 -1872 5050.0 -1 0 0 0 1 0 0 0 -1 3004.DAT
0 STEP
1 86 130.0 -2040 5080.0 0 0 1 0 1 0 -1 0 0 3004.DAT
0 STEP
1 86 190.0 -1560 4900.0 0 0 1 0 1 0 -1 0 0 3004.DAT
0 STEP
1 86 140.0 -696 4730.0 -1 0 0 0 1 0 0 0 -1 3004.DAT
0 STEP
1 86 220.0 -1296 4650.0 -1 0 0 0 1 0 0 0 -1 3004.DAT
0 STEP
1 86 100.0 -432 4610.0 -1 0 0 0 1 0 0 0 -1 3004.DAT
0 STEP
1 86 200.0 -1296 4690.0 -1 0 0 0 1 0 0 0 -1 3004.DAT
0 STEP
1 86 120.0 -1056 4590.0 -1 0 0 0 1 0 0 0 -1 3004.DAT
0 STEP
1 86 180.0 -1704 5030.0 -1 0 0 0 1 0 0 0 -1 3004.DAT
0 STEP
1 86 100.0 -1200 4750.0 -1 0 0 0 1 0 0 0 -1 3004.DAT
0 STEP
1 86 100.0 -1296 4770.0 -1 0 0 0 1 0 0 0 -1 3004.DAT
0 STEP
1 86 70.0 -240 4740.0 0 0 1 0 1 0 -1 0 0 3004.DAT
0 STEP
1 86 70.0 -2280 4960.0 0 0 1 0 1 0 -1 0 0 3004.DAT
0 STEP
1 86 90.0 -1728 4960.0 0 0 1 0 1 0 -1 0 0 3004.DAT
0 STEP
1 86 70.0 -1104 4600.0 0 0 1 0 1 0 -1 0 0 3004.DAT
0 STEP
1 86 170.0 -1344 4620.0 0 0 1 0 1 0 -1 0 0 3004.DAT
0 STEP
1 86 100.0 -696 4610.0 -1 0 0 0 1 0 0 0 -1 3004.DAT
0 STEP
1 86 120.0 -1200 4770.0 -1 0 0 0 1 0 0 0 -1 3004.DAT
0 STEP
1 86 100.0 -1464 4770.0 -1 0 0 0 1 0 0 0 -1 3004.DAT
0 STEP
1 86 90.0 -1152 4680.0 0 0 1 0 1 0 -1 0 0 3004.DAT
0 STEP
1 86 80.0 -2016 5090.0 -1 0 0 0 1 0 0 0 -1 3004.DAT
0 STEP
1 86 60.0 -264 4670.0 -1 0 0 0 1 0 0 0 -1 3004.DAT
0 STEP
1 86 150.0 -1872 4300.0 0 0 1 0 1 0 -1 0 0 3004.DAT
0 STEP
1 86 120.0 -1512 4430.0 -1 0 0 0 1 0 0 0 -1 3004.DAT
0 STEP
1 86 150.0 -336 4580.0 0 0 1 0 1 0 -1 0 0 3004.DAT
0 STEP
1 86 60.0 -1272 4750.0 -1 0 0 0 1 0 0 0 -1 3004.DAT
0 STEP
1 86 190.0 -2208 4920.0 0 0 1 0 1 0 -1 0 0 3004.DAT
0 STEP
1 86 40.0 -240 4730.0 -1 0 0 0 1 0 0 0 -1 3004.DAT
0 STEP
1 86 30.0 -336 4700.0 0 0 1 0 1 0 -1 0 0 3004.DAT
0 STEP
1 86 170.0 -1632 4860.0 0 0 1 0 1 0 -1 0 0 3004.DAT
0 STEP
1 86 120.0 -1536 4850.0 -1 0 0 0 1 0 0 0 -1 3004.DAT
0 STEP
1 86 130.0 -1248 4780.0 0 0 1 0 1 0 -1 0 0 3004.DAT
0 STEP
1 86 80.0 -2088 5010.0 -1 0 0 0 1 0 0 0 -1 3004.DAT
0 STEP
1 86 90.0 -528 4660.0 0 0 1 0 1 0 -1 0 0 3004.DAT
0 STEP
1 86 160.0 -600 4730.0 -1 0 0 0 1 0 0 0 -1 3004.DAT
0 STEP
1 86 90.0 -384 4740.0 0 0 1 0 1 0 -1 0 0 3004.DAT
0 STEP
1 86 100.0 -888 4650.0 -1 0 0 0 1 0 0 0 -1 3004.DAT
0 STEP
1 86 80.0 -1536 4430.0 -1 0 0 0 1 0 0 0 -1 3004.DAT
0 STEP
1 86 150.0 -768 4620.0 0 0 1 0 1 0 -1 0 0 3004.DAT
0 STEP
1 86 140.0 -480 4610.0 -1 0 0 0 1 0 0 0 -1 3004.DAT
0 STEP
1 86 170.0 -1776 4960.0 0 0 1 0 1 0 -1 0 0 3004.DAT
0 STEP
1 86 190.0 -1992 4920.0 0 0 1 0 1 0 -1 0 0 3004.DAT
0 STEP
1 86 170.0 -360 4680.0 0 0 1 0 1 0 -1 0 0 3004.DAT
0 STEP
1 86 60.0 -1104 4710.0 -1 0 0 0 1 0 0 0 -1 3004.DAT
0 STEP
1 86 150.0 -1536 4660.0 0 0 1 0 1 0 -1 0 0 3004.DAT
0 STEP
1 86 160.0 -1608 5010.0 -1 0 0 0 1 0 0 0 -1 3004.DAT
0 STEP
1 86 90.0 -168 4760.0 0 0 1 0 1 0 -1 0 0 3004.DAT
0 STEP
1 86 170.0 -1344 4700.0 0 0 1 0 1 0 -1 0 0 3004.DAT
0 STEP
1 86 70.0 -1344 4620.0 0 0 1 0 1 0 -1 0 0 3004.DAT
0 STEP
1 86 180.0 -1368 4650.0 -1 0 0 0 1 0 0 0 -1 3004.DAT
0 STEP
1 86 190.0 -2280 4880.0 0 0 1 0 1 0 -1 0 0 3004.DAT
0 STEP
1 86 100.0 -1104 4730.0 -1 0 0 0 1 0 0 0 -1 3004.DAT
0 STEP
1 86 150.0 -480 4720.0 0 0 1 0 1 0 -1 0 0 3004.DAT
0 STEP
1 86 60.0 -288 4610.0 -1 0 0 0 1 0 0 0 -1 3004.DAT
0 STEP
1 86 150.0 -1704 5000.0 0 0 1 0 1 0 -1 0 0 3004.DAT
0 STEP
1 86 80.0 -2304 4970.0 -1 0 0 0 1 0 0 0 -1 3004.DAT
0 STEP
1 86 180.0 -1992 5070.0 -1 0 0 0 1 0 0 0 -1 3004.DAT
0 STEP
1 86 130.0 -1920 5100.0 0 0 1 0 1 0 -1 0 0 3004.DAT
0 STEP
1 86 150.0 -432 4720.0 0 0 1 0 1 0 -1 0 0 3004.DAT
0 STEP
1 86 120.0 -768 4690.0 -1 0 0 0 1 0 0 0 -1 3004.DAT
0 STEP
1 86 120.0 -672 4730.0 -1 0 0 0 1 0 0 0 -1 3004.DAT
0 STEP
1 86 190.0 -1536 4840.0 0 0 1 0 1 0 -1 0 0 3004.DAT
0 STEP
1 86 70.0 -1056 4720.0 0 0 1 0 1 0 -1 0 0 3004.DAT
0 STEP
1 86 120.0 -408 4710.0 -1 0 0 0 1 0 0 0 -1 3004.DAT
0 STEP
1 86 150.0 -1704 4320.0 0 0 1 0 1 0 -1 0 0 3004.DAT
0 STEP
1 86 80.0 -1008 4610.0 -1 0 0 0 1 0 0 0 -1 3004.DAT
0 STEP
1 86 70.0 -1248 4580.0 0 0 1 0 1 0 -1 0 0 3004.DAT
0 STEP
1 86 150.0 -1176 4700.0 0 0 1 0 1 0 -1 0 0 3004.DAT
0 STEP
1 86 100.0 -336 4610.0 -1 0 0 0 1 0 0 0 -1 3004.DAT
0 STEP
1 86 70.0 -1440 4620.0 0 0 1 0 1 0 -1 0 0 3004.DAT
0 STEP
1 86 70.0 -1080 4600.0 0 0 1 0 1 0 -1 0 0 3004.DAT
0 STEP
1 86 180.0 -576 4650.0 -1 0 0 0 1 0 0 0 -1 3004.DAT
0 STEP
1 86 150.0 -1224 4760.0 0 0 1 0 1 0 -1 0 0 3004.DAT
0 STEP
1 86 120.0 -600 4590.0 -1 0 0 0 1 0 0 0 -1 3004.DAT
0 STEP
1 86 110.0 -1632 4440.0 0 0 1 0 1 0 -1 0 0 3004.DAT
0 STEP
1 86 90.0 -2232 4920.0 0 0 1 0 1 0 -1 0 0 3004.DAT
0 STEP
1 86 110.0 -1824 5040.0 0 0 1 0 1 0 -1 0 0 3004.DAT
0 STEP
1 86 50.0 -2088 5000.0 0 0 1 0 1 0 -1 0 0 3004.DAT
0 STEP
1 86 140.0 -2064 5050.0 -1 0 0 0 1 0 0 0 -1 3004.DAT
0 STEP
1 86 120.0 -432 4630.0 -1 0 0 0 1 0 0 0 -1 3004.DAT
0 STEP
1 86 180.0 -1152 4730.0 -1 0 0 0 1 0 0 0 -1 3004.DAT
0 STEP
1 86 160.0 -360 4630.0 -1 0 0 0 1 0 0 0 -1 3004.DAT
0 STEP
1 86 170.0 -576 4620.0 0 0 1 0 1 0 -1 0 0 3004.DAT
0 STEP
1 86 150.0 -744 4660.0 0 0 1 0 1 0 -1 0 0 3004.DAT
0 STEP
1 86 60.0 -816 4690.0 -1 0 0 0 1 0 0 0 -1 3004.DAT
0 STEP
1 86 40.0 -264 4590.0 -1 0 0 0 1 0 0 0 -1 3004.DAT
0 STEP
1 86 100.0 -768 4650.0 -1 0 0 0 1 0 0 0 -1 3004.DAT
0 STEP
1 86 140.0 -888 4710.0 -1 0 0 0 1 0 0 0 -1 3004.DAT
0 STEP
1 86 140.0 -1512 4590.0 -1 0 0 0 1 0 0 0 -1 3004.DAT
0 STEP
1 86 80.0 -1800 4850.0 -1 0 0 0 1 0 0 0 -1 3004.DAT
0 STEP
1 86 180.0 -1128 4650.0 -1 0 0 0 1 0 0 0 -1 3004.DAT
0 STEP
1 86 160.0 -1656 4970.0 -1 0 0 0 1 0 0 0 -1 3004.DAT
0 STEP
1 86 110.0 -1704 5060.0 0 0 1 0 1 0 -1 0 0 3004.DAT
0 STEP
1 86 90.0 -984 4720.0 0 0 1 0 1 0 -1 0 0 3004.DAT
0 STEP
1 86 120.0 -1608 5030.0 -1 0 0 0 1 0 0 0 -1 3004.DAT
0 STEP
1 86 170.0 -1176 4740.0 0 0 1 0 1 0 -1 0 0 3004.DAT
0 STEP
1 86 170.0 -1584 4440.0 0 0 1 0 1 0 -1 0 0 3004.DAT
0 STEP
1 86 60.0 -1920 4910.0 -1 0 0 0 1 0 0 0 -1 3004.DAT
0 STEP
1 86 110.0 -1728 4860.0 0 0 1 0 1 0 -1 0 0 3004.DAT
0 STEP
1 86 60.0 -2208 4870.0 -1 0 0 0 1 0 0 0 -1 3004.DAT
0 STEP
1 86 150.0 -2064 4900.0 0 0 1 0 1 0 -1 0 0 3004.DAT
0 STEP
1 86 150.0 -1224 4580.0 0 0 1 0 1 0 -1 0 0 3004.DAT
0 STEP
1 86 80.0 -1872 5030.0 -1 0 0 0 1 0 0 0 -1 3004.DAT
0 STEP
1 86 170.0 -1992 5020.0 0 0 1 0 1 0 -1 0 0 3004.DAT
0 STEP
1 86 190.0 -1344 4580.0 0 0 1 0 1 0 -1 0 0 3004.DAT
0 STEP
1 86 150.0 -1200 4760.0 0 0 1 0 1 0 -1 0 0 3004.DAT
0 STEP
1 86 190.0 -1536 4740.0 0 0 1 0 1 0 -1 0 0 3004.DAT
0 STEP
1 86 150.0 -1608 4900.0 0 0 1 0 1 0 -1 0 0 3004.DAT
0 STEP
1 86 180.0 -1200 4750.0 -1 0 0 0 1 0 0 0 -1 3004.DAT
0 STEP
1 86 100.0 -1680 5010.0 -1 0 0 0 1 0 0 0 -1 3004.DAT
0 STEP
1 86 160.0 -1296 4610.0 -1 0 0 0 1 0 0 0 -1 3004.DAT
0 STEP
1 86 140.0 -2208 4850.0 -1 0 0 0 1 0 0 0 -1 3004.DAT
0 STEP
1 86 60.0 -168 4570.0 -1 0 0 0 1 0 0 0 -1 3004.DAT
0 STEP
1 86 190.0 -1200 4680.0 0 0 1 0 1 0 -1 0 0 3004.DAT
0 STEP
1 86 60.0 -192 4590.0 -1 0 0 0 1 0 0 0 -1 3004.DAT
0 STEP
1 86 60.0 -1608 4690.0 -1 0 0 0 1 0 0 0 -1 3004.DAT
0 STEP
1 86 180.0 -936 4710.0 -1 0 0 0 1 0 0 0 -1 3004.DAT
0 STEP
1 86 170.0 -2304 4820.0 0 0 1 0 1 0 -1 0 0 3004.DAT
0 STEP
1 86 120.0 -1752 4850.0 -1 0 0 0 1 0 0 0 -1 3004.DAT
0 STEP
1 86 60.0 -696 4630.0 -1 0 0 0 1 0 0 0 -1 3004.DAT
0 STEP
1 86 80.0 -456 4590.0 -1 0 0 0 1 0 0 0 -1 3004.DAT
0 STEP
1 86 160.0 -1392 4650.0 -1 0 0 0 1 0 0 0 -1 3004.DAT
0 STEP
1 86 210.0 -384 4640.0 0 0 1 0 1 0 -1 0 0 3004.DAT
0 STEP
1 86 70.0 -1488 4560.0 0 0 1 0 1 0 -1 0 0 3004.DAT
0 STEP
1 86 190.0 -1776 4940.0 0 0 1 0 1 0 -1 0 0 3004.DAT
0 STEP
1 86 40.0 -1176 4650.0 -1 0 0 0 1 0 0 0 -1 3004.DAT
0 STEP
1 86 90.0 -144 4560.0 0 0 1 0 1 0 -1 0 0 3004.DAT
0 STEP
1 86 110.0 -480 4700.0 0 0 1 0 1 0 -1 0 0 3004.DAT
0 STEP
1 86 170.0 -336 4620.0 0 0 1 0 1 0 -1 0 0 3004.DAT
0 STEP
1 86 170.0 -816 4680.0 0 0 1 0 1 0 -1 0 0 3004.DAT
0 STEP
1 86 180.0 -1608 4750.0 -1 0 0 0 1 0 0 0 -1 3004.DAT
0 STEP
1 86 60.0 -192 4690.0 -1 0 0 0 1 0 0 0 -1 3004.DAT
0 STEP
1 86 150.0 -936 4600.0 0 0 1 0 1 0 -1 0 0 3004.DAT
0 STEP
1 86 70.0 -192 4660.0 0 0 1 0 1 0 -1 0 0 3004.DAT
0 STEP
1 86 170.0 -1776 5060.0 0 0 1 0 1 0 -1 0 0 3004.DAT
0 STEP
1 86 90.0 -1560 4820.0 0 0 1 0 1 0 -1 0 0 3004.DAT
0 STEP
1 86 160.0 -2088 4930.0 -1 0 0 0 1 0 0 0 -1 3004.DAT
0 STEP
1 86 150.0 -2112 5060.0 0 0 1 0 1 0 -1 0 0 3004.DAT
0 STEP
1 86 150.0 -1800 4320.0 0 0 1 0 1 0 -1 0 0 3004.DAT
0 STEP
1 86 190.0 -384 4720.0 0 0 1 0 1 0 -1 0 0 3004.DAT
0 STEP
1 86 130.0 -1248 4560.0 0 0 1 0 1 0 -1 0 0 3010.DAT
0 STEP
1 86 160.0 -864 4610.0 -1 0 0 0 1 0 0 0 -1 3004.DAT
0 STEP
1 86 170.0 -1176 4640.0 0 0 1 0 1 0 -1 0 0 3004.DAT
0 STEP
1 86 180.0 -744 4690.0 -1 0 0 0 1 0 0 0 -1 3004.DAT
0 STEP
1 86 40.0 -264 4690.0 -1 0 0 0 1 0 0 0 -1 3004.DAT
0 STEP
1 86 120.0 -1776 4290.0 -1 0 0 0 1 0 0 0 -1 3004.DAT
0 STEP
1 86 160.0 -600 4670.0 -1 0 0 0 1 0 0 0 -1 3004.DAT
0 STEP
1 86 90.0 -2160 4920.0 0 0 1 0 1 0 -1 0 0 3004.DAT
0 STEP
1 86 100.0 -1296 4730.0 -1 0 0 0 1 0 0 0 -1 3004.DAT
0 STEP
1 86 150.0 -2256 4880.0 0 0 1 0 1 0 -1 0 0 3004.DAT
0 STEP
1 86 170.0 -1272 4700.0 0 0 1 0 1 0 -1 0 0 3004.DAT
0 STEP
1 86 80.0 -744 4690.0 -1 0 0 0 1 0 0 0 -1 3004.DAT
0 STEP
1 86 180.0 -1224 4740.0 0 0 1 0 1 0 -1 0 0 3003.DAT
0 STEP
1 86 80.0 -192 4570.0 -1 0 0 0 1 0 0 0 -1 3004.DAT
0 STEP
1 86 140.0 -288 4550.0 -1 0 0 0 1 0 0 0 -1 3004.DAT
0 STEP
1 86 90.0 -408 4700.0 0 0 1 0 1 0 -1 0 0 3004.DAT
0 STEP
1 86 120.0 -312 4730.0 -1 0 0 0 1 0 0 0 -1 3004.DAT
0 STEP
1 86 180.0 -336 4650.0 -1 0 0 0 1 0 0 0 -1 3004.DAT
0 STEP
1 86 170.0 -1968 4960.0 0 0 1 0 1 0 -1 0 0 3004.DAT
0 STEP
1 86 170.0 -1176 4580.0 0 0 1 0 1 0 -1 0 0 3004.DAT
0 STEP
1 86 130.0 -1008 4700.0 0 0 1 0 1 0 -1 0 0 3004.DAT
0 STEP
1 86 150.0 -720 4600.0 0 0 1 0 1 0 -1 0 0 3004.DAT
0 STEP
1 86 90.0 -216 4600.0 0 0 1 0 1 0 -1 0 0 3004.DAT
0 STEP
1 86 190.0 -2016 4960.0 0 0 1 0 1 0 -1 0 0 3004.DAT
0 STEP
1 86 120.0 -1944 5110.0 -1 0 0 0 1 0 0 0 -1 3004.DAT
0 STEP
1 86 70.0 -2040 4900.0 0 0 1 0 1 0 -1 0 0 3004.DAT
0 STEP
1 86 90.0 -1560 4960.0 0 0 1 0 1 0 -1 0 0 3004.DAT
0 STEP
1 86 150.0 -1704 4820.0 0 0 1 0 1 0 -1 0 0 3004.DAT
0 STEP
1 86 170.0 -1200 4700.0 0 0 1 0 1 0 -1 0 0 3004.DAT
0 STEP
1 86 70.0 -1968 5080.0 0 0 1 0 1 0 -1 0 0 3004.DAT
0 STEP
1 86 140.0 -432 4750.0 -1 0 0 0 1 0 0 0 -1 3004.DAT
0 STEP
1 86 90.0 -912 4660.0 0 0 1 0 1 0 -1 0 0 3004.DAT
0 STEP
1 86 100.0 -456 4690.0 -1 0 0 0 1 0 0 0 -1 3004.DAT
0 STEP
1 86 150.0 -1512 4640.0 0 0 1 0 1 0 -1 0 0 3004.DAT
0 STEP
1 86 90.0 -144 4760.0 0 0 1 0 1 0 -1 0 0 3004.DAT
0 STEP
1 86 70.0 -1968 4900.0 0 0 1 0 1 0 -1 0 0 3004.DAT
0 STEP
1 86 100.0 -360 4720.0 0 0 1 0 1 0 -1 0 0 3003.DAT
0 STEP
1 86 80.0 -1272 4770.0 -1 0 0 0 1 0 0 0 -1 3004.DAT
0 STEP
1 86 120.0 -1632 4310.0 -1 0 0 0 1 0 0 0 -1 3004.DAT
0 STEP
1 86 100.0 -312 4710.0 -1 0 0 0 1 0 0 0 -1 3004.DAT
0 STEP
1 86 160.0 -1824 4870.0 -1 0 0 0 1 0 0 0 -1 3004.DAT
0 STEP
1 86 150.0 -264 4580.0 0 0 1 0 1 0 -1 0 0 3004.DAT
0 STEP
1 86 60.0 -600 4630.0 -1 0 0 0 1 0 0 0 -1 3004.DAT
0 STEP
1 86 120.0 -2280 4970.0 -1 0 0 0 1 0 0 0 -1 3004.DAT
0 STEP
1 86 110.0 -2112 5020.0 0 0 1 0 1 0 -1 0 0 3004.DAT
0 STEP
1 86 80.0 -1536 4490.0 -1 0 0 0 1 0 0 0 -1 3004.DAT
0 STEP
1 86 60.0 -1368 4610.0 -1 0 0 0 1 0 0 0 -1 3004.DAT
0 STEP
1 86 170.0 -1392 4600.0 0 0 1 0 1 0 -1 0 0 3004.DAT
0 STEP
1 86 210.0 -1272 4600.0 0 0 1 0 1 0 -1 0 0 3004.DAT
0 STEP
1 86 50.0 -1752 4860.0 0 0 1 0 1 0 -1 0 0 3004.DAT
0 STEP
1 86 70.0 -2160 5020.0 0 0 1 0 1 0 -1 0 0 3004.DAT
0 STEP
1 86 180.0 -504 4630.0 -1 0 0 0 1 0 0 0 -1 3004.DAT
0 STEP
1 86 140.0 -1104 4710.0 -1 0 0 0 1 0 0 0 -1 3004.DAT
0 STEP
1 86 80.0 -1488 4850.0 -1 0 0 0 1 0 0 0 -1 3004.DAT
0 STEP
1 86 90.0 -1584 4380.0 0 0 1 0 1 0 -1 0 0 3004.DAT
0 STEP
1 86 70.0 -1536 4920.0 0 0 1 0 1 0 -1 0 0 3004.DAT
0 STEP
1 86 120.0 -1680 5050.0 -1 0 0 0 1 0 0 0 -1 3004.DAT
0 STEP
1 86 120.0 -1968 4890.0 -1 0 0 0 1 0 0 0 -1 3004.DAT
0 STEP
1 86 90.0 -1824 4980.0 0 0 1 0 1 0 -1 0 0 3004.DAT
0 STEP
1 86 190.0 -1872 4920.0 0 0 1 0 1 0 -1 0 0 3004.DAT
0 STEP
1 86 170.0 -576 4720.0 0 0 1 0 1 0 -1 0 0 3004.DAT
0 STEP
1 86 140.0 -1200 4610.0 -1 0 0 0 1 0 0 0 -1 3004.DAT
0 STEP
1 86 100.0 -2088 4930.0 -1 0 0 0 1 0 0 0 -1 3004.DAT
0 STEP
1 86 100.0 -1704 4830.0 -1 0 0 0 1 0 0 0 -1 3004.DAT
0 STEP
1 86 70.0 -1608 4460.0 0 0 1 0 1 0 -1 0 0 3004.DAT
0 STEP
1 86 100.0 -1224 4590.0 -1 0 0 0 1 0 0 0 -1 3004.DAT
0 STEP
1 86 170.0 -1920 4960.0 0 0 1 0 1 0 -1 0 0 3004.DAT
0 STEP
1 86 190.0 -2040 4900.0 0 0 1 0 1 0 -1 0 0 3004.DAT
0 STEP
1 86 80.0 -1704 4790.0 -1 0 0 0 1 0 0 0 -1 3004.DAT
0 STEP
1 86 160.0 -312 4590.0 -1 0 0 0 1 0 0 0 -1 3004.DAT
0 STEP
1 86 160.0 -1536 4570.0 -1 0 0 0 1 0 0 0 -1 3004.DAT
0 STEP
1 86 110.0 -1752 4360.0 0 0 1 0 1 0 -1 0 0 3004.DAT
0 STEP
1 86 80.0 -864 4690.0 -1 0 0 0 1 0 0 0 -1 3004.DAT
0 STEP
1 86 40.0 -1248 4590.0 -1 0 0 0 1 0 0 0 -1 3004.DAT
0 STEP
1 86 190.0 -1320 4760.0 0 0 1 0 1 0 -1 0 0 3004.DAT
0 STEP
1 86 190.0 -1632 4840.0 0 0 1 0 1 0 -1 0 0 3004.DAT
0 STEP
1 86 90.0 -1152 4740.0 0 0 1 0 1 0 -1 0 0 3004.DAT
0 STEP
1 86 190.0 -2160 4920.0 0 0 1 0 1 0 -1 0 0 3004.DAT
0 STEP
1 86 60.0 -768 4690.0 -1 0 0 0 1 0 0 0 -1 3004.DAT
0 STEP
1 86 120.0 -1008 4630.0 -1 0 0 0 1 0 0 0 -1 3004.DAT
0 STEP
1 86 170.0 -1680 5020.0 0 0 1 0 1 0 -1 0 0 3004.DAT
0 STEP
1 86 80.0 -240 4770.0 -1 0 0 0 1 0 0 0 -1 3004.DAT
0 STEP
1 86 140.0 -1608 4950.0 -1 0 0 0 1 0 0 0 -1 3004.DAT
0 STEP
1 86 160.0 -1008 4610.0 -1 0 0 0 1 0 0 0 -1 3004.DAT
0 STEP
1 86 180.0 -984 4670.0 -1 0 0 0 1 0 0 0 -1 3004.DAT
0 STEP
1 86 140.0 -1200 4710.0 -1 0 0 0 1 0 0 0 -1 3004.DAT
0 STEP
1 86 120.0 -1800 5030.0 -1 0 0 0 1 0 0 0 -1 3004.DAT
0 STEP
1 86 160.0 -816 4650.0 -1 0 0 0 1 0 0 0 -1 3004.DAT
0 STEP
1 86 170.0 -456 4680.0 0 0 1 0 1 0 -1 0 0 3004.DAT
0 STEP
1 86 40.0 -1392 4610.0 -1 0 0 0 1 0 0 0 -1 3004.DAT
0 STEP
1 86 90.0 -1488 4660.0 0 0 1 0 1 0 -1 0 0 3004.DAT
0 STEP
1 86 90.0 -2136 5060.0 0 0 1 0 1 0 -1 0 0 3004.DAT
0 STEP
1 86 150.0 -1680 4980.0 0 0 1 0 1 0 -1 0 0 3004.DAT
0 STEP
1 86 180.0 -1656 4910.0 -1 0 0 0 1 0 0 0 -1 3004.DAT
0 STEP
1 86 70.0 -1704 4820.0 0 0 1 0 1 0 -1 0 0 3004.DAT
0 STEP
1 86 170.0 -648 4700.0 0 0 1 0 1 0 -1 0 0 3004.DAT
0 STEP
1 86 140.0 -1824 4290.0 -1 0 0 0 1 0 0 0 -1 3004.DAT
0 STEP
1 86 120.0 -1896 4270.0 -1 0 0 0 1 0 0 0 -1 3004.DAT
0 STEP
1 86 160.0 -2136 4870.0 -1 0 0 0 1 0 0 0 -1 3004.DAT
0 STEP
1 86 70.0 -336 4660.0 0 0 1 0 1 0 -1 0 0 3004.DAT
0 STEP
1 86 140.0 -1152 4710.0 -1 0 0 0 1 0 0 0 -1 3004.DAT
0 STEP
1 86 190.0 -1392 4740.0 0 0 1 0 1 0 -1 0 0 3004.DAT
0 STEP
1 86 90.0 -1608 4360.0 0 0 1 0 1 0 -1 0 0 3004.DAT
0 STEP
1 86 170.0 -1704 4360.0 0 0 1 0 1 0 -1 0 0 3004.DAT
0 STEP
1 86 50.0 -1104 4620.0 0 0 1 0 1 0 -1 0 0 3004.DAT
0 STEP
1 86 70.0 -1224 4580.0 0 0 1 0 1 0 -1 0 0 3004.DAT
0 STEP
1 86 80.0 -552 4610.0 -1 0 0 0 1 0 0 0 -1 3004.DAT
0 STEP
1 86 150.0 -1920 5040.0 0 0 1 0 1 0 -1 0 0 3004.DAT
0 STEP
1 86 130.0 -2304 4960.0 0 0 1 0 1 0 -1 0 0 3004.DAT
0 STEP
1 86 70.0 -240 4620.0 0 0 1 0 1 0 -1 0 0 3004.DAT
0 STEP
1 86 170.0 -1200 4580.0 0 0 1 0 1 0 -1 0 0 3004.DAT
0 STEP
1 86 210.0 -360 4620.0 0 0 1 0 1 0 -1 0 0 3004.DAT
0 STEP
1 86 60.0 -1536 4830.0 -1 0 0 0 1 0 0 0 -1 3004.DAT
0 STEP
1 86 50.0 -192 4740.0 0 0 1 0 1 0 -1 0 0 3004.DAT
0 STEP
1 86 150.0 -1608 4980.0 0 0 1 0 1 0 -1 0 0 3004.DAT
0 STEP
1 86 150.0 -1128 4620.0 0 0 1 0 1 0 -1 0 0 3010.DAT
0 STEP
1 86 190.0 -1632 4960.0 0 0 1 0 1 0 -1 0 0 3004.DAT
0 STEP
1 86 210.0 -432 4660.0 0 0 1 0 1 0 -1 0 0 3004.DAT
0 STEP
1 86 80.0 -1896 5090.0 -1 0 0 0 1 0 0 0 -1 3004.DAT
0 STEP
1 86 160.0 -1704 4410.0 -1 0 0 0 1 0 0 0 -1 3004.DAT
0 STEP
1 86 210.0 -1368 4640.0 0 0 1 0 1 0 -1 0 0 3004.DAT
0 STEP
1 86 100.0 -1656 4350.0 -1 0 0 0 1 0 0 0 -1 3004.DAT
0 STEP
1 86 90.0 -1800 5080.0 0 0 1 0 1 0 -1 0 0 3004.DAT
0 STEP
1 86 70.0 -2256 4820.0 0 0 1 0 1 0 -1 0 0 3004.DAT
0 STEP
1 86 60.0 -1080 4630.0 -1 0 0 0 1 0 0 0 -1 3004.DAT
0 STEP
1 86 130.0 -2328 4940.0 0 0 1 0 1 0 -1 0 0 3004.DAT
0 STEP
1 86 140.0 -408 4570.0 -1 0 0 0 1 0 0 0 -1 3004.DAT
0 STEP
1 86 190.0 -1728 5020.0 0 0 1 0 1 0 -1 0 0 3004.DAT
0 STEP
1 86 70.0 -1800 5040.0 0 0 1 0 1 0 -1 0 0 3004.DAT
0 STEP
1 86 110.0 -1704 4380.0 0 0 1 0 1 0 -1 0 0 3004.DAT
0 STEP
1 86 120.0 -1392 4590.0 -1 0 0 0 1 0 0 0 -1 3004.DAT
0 STEP
1 86 140.0 -1392 4610.0 -1 0 0 0 1 0 0 0 -1 3004.DAT
0 STEP
1 86 70.0 -792 4700.0 0 0 1 0 1 0 -1 0 0 3004.DAT
0 STEP
1 86 60.0 -2184 4870.0 -1 0 0 0 1 0 0 0 -1 3004.DAT
0 STEP
1 86 90.0 -1080 4680.0 0 0 1 0 1 0 -1 0 0 3004.DAT
0 STEP
1 86 190.0 -360 4720.0 0 0 1 0 1 0 -1 0 0 3004.DAT
0 STEP
1 86 50.0 -1128 4660.0 0 0 1 0 1 0 -1 0 0 3010.DAT
0 STEP
1 86 90.0 -1800 4300.0 0 0 1 0 1 0 -1 0 0 3004.DAT
0 STEP
1 86 90.0 -864 4660.0 0 0 1 0 1 0 -1 0 0 3004.DAT
0 STEP
1 86 50.0 -1584 4800.0 0 0 1 0 1 0 -1 0 0 3004.DAT
0 STEP
1 86 100.0 -312 4590.0 -1 0 0 0 1 0 0 0 -1 3004.DAT
0 STEP
1 86 50.0 -456 4660.0 0 0 1 0 1 0 -1 0 0 3004.DAT
0 STEP
1 86 190.0 -1752 4880.0 0 0 1 0 1 0 -1 0 0 3010.DAT
0 STEP
1 86 110.0 -2304 4980.0 0 0 1 0 1 0 -1 0 0 3004.DAT
0 STEP
1 86 50.0 -1608 4740.0 0 0 1 0 1 0 -1 0 0 3004.DAT
0 STEP
1 86 120.0 -2088 4910.0 -1 0 0 0 1 0 0 0 -1 3004.DAT
0 STEP
1 86 90.0 -1848 4300.0 0 0 1 0 1 0 -1 0 0 3004.DAT
0 STEP
1 86 110.0 -816 4700.0 0 0 1 0 1 0 -1 0 0 3004.DAT
0 STEP
1 86 110.0 -792 4720.0 0 0 1 0 1 0 -1 0 0 3004.DAT
0 STEP
1 86 170.0 -1536 4720.0 0 0 1 0 1 0 -1 0 0 3010.DAT
0 STEP
1 86 160.0 -432 4690.0 -1 0 0 0 1 0 0 0 -1 3004.DAT
0 STEP
1 86 60.0 -168 4670.0 -1 0 0 0 1 0 0 0 -1 3004.DAT
0 STEP
1 86 120.0 -1656 4290.0 -1 0 0 0 1 0 0 0 -1 3004.DAT
0 STEP
1 86 100.0 -1320 4590.0 -1 0 0 0 1 0 0 0 -1 3004.DAT
0 STEP
1 86 160.0 -144 4750.0 -1 0 0 0 1 0 0 0 -1 3004.DAT
0 STEP
1 86 180.0 -1320 4570.0 -1 0 0 0 1 0 0 0 -1 3004.DAT
0 STEP
1 86 160.0 -480 4630.0 -1 0 0 0 1 0 0 0 -1 3004.DAT
0 STEP
1 86 170.0 -1488 4880.0 0 0 1 0 1 0 -1 0 0 3004.DAT
0 STEP
1 86 100.0 -2112 5070.0 -1 0 0 0 1 0 0 0 -1 3004.DAT
0 STEP
1 86 80.0 -384 4710.0 -1 0 0 0 1 0 0 0 -1 3004.DAT
0 STEP
1 86 80.0 -1776 5030.0 -1 0 0 0 1 0 0 0 -1 3004.DAT
0 STEP
1 86 160.0 -1104 4650.0 -1 0 0 0 1 0 0 0 -1 3004.DAT
0 STEP
1 86 100.0 -2040 5090.0 -1 0 0 0 1 0 0 0 -1 3004.DAT
0 STEP
1 86 160.0 -1104 4690.0 -1 0 0 0 1 0 0 0 -1 3004.DAT
0 STEP
1 86 100.0 -2160 5030.0 -1 0 0 0 1 0 0 0 -1 3004.DAT
0 STEP
1 86 150.0 -1320 4740.0 0 0 1 0 1 0 -1 0 0 3004.DAT
0 STEP
1 86 30.0 -240 4600.0 0 0 1 0 1 0 -1 0 0 3004.DAT
0 STEP
1 86 70.0 -1488 4880.0 0 0 1 0 1 0 -1 0 0 3004.DAT
0 STEP
1 86 150.0 -2160 4960.0 0 0 1 0 1 0 -1 0 0 3004.DAT
0 STEP
1 86 50.0 -552 4680.0 0 0 1 0 1 0 -1 0 0 3004.DAT
0 STEP
1 86 230.0 -1296 4680.0 0 0 1 0 1 0 -1 0 0 3004.DAT
0 STEP
1 86 140.0 -1968 5090.0 -1 0 0 0 1 0 0 0 -1 3010.DAT
0 STEP
1 86 190.0 -2088 4900.0 0 0 1 0 1 0 -1 0 0 3004.DAT
0 STEP
1 86 140.0 -1560 4510.0 -1 0 0 0 1 0 0 0 -1 3004.DAT
0 STEP
1 86 190.0 -408 4720.0 0 0 1 0 1 0 -1 0 0 3004.DAT
0 STEP
1 86 60.0 -1488 4630.0 -1 0 0 0 1 0 0 0 -1 3004.DAT
0 STEP
1 86 130.0 -240 4760.0 0 0 1 0 1 0 -1 0 0 3004.DAT
0 STEP
1 86 120.0 -528 4630.0 -1 0 0 0 1 0 0 0 -1 3004.DAT
0 STEP
1 86 100.0 -624 4650.0 -1 0 0 0 1 0 0 0 -1 3004.DAT
0 STEP
1 86 160.0 -864 4630.0 -1 0 0 0 1 0 0 0 -1 3010.DAT
0 STEP
1 86 70.0 -264 4640.0 0 0 1 0 1 0 -1 0 0 3004.DAT
0 STEP
1 86 210.0 -1176 4700.0 0 0 1 0 1 0 -1 0 0 3004.DAT
0 STEP
1 86 130.0 -1296 4540.0 0 0 1 0 1 0 -1 0 0 3004.DAT
0 STEP
1 86 100.0 -480 4590.0 -1 0 0 0 1 0 0 0 -1 3004.DAT
0 STEP
1 86 160.0 -1872 5070.0 -1 0 0 0 1 0 0 0 -1 3004.DAT
0 STEP
1 86 80.0 -2208 4850.0 -1 0 0 0 1 0 0 0 -1 3004.DAT
0 STEP
1 86 210.0 -456 4660.0 0 0 1 0 1 0 -1 0 0 3004.DAT
0 STEP
1 86 60.0 -1752 5010.0 -1 0 0 0 1 0 0 0 -1 3004.DAT
0 STEP
1 86 170.0 -1584 4840.0 0 0 1 0 1 0 -1 0 0 3004.DAT
0 STEP
1 86 90.0 -1200 4620.0 0 0 1 0 1 0 -1 0 0 3004.DAT
0 STEP
1 86 110.0 -936 4700.0 0 0 1 0 1 0 -1 0 0 3004.DAT
0 STEP
1 86 50.0 -288 4660.0 0 0 1 0 1 0 -1 0 0 3004.DAT
0 STEP
1 86 100.0 -1824 4870.0 -1 0 0 0 1 0 0 0 -1 3004.DAT
0 STEP
1 86 160.0 -168 4750.0 -1 0 0 0 1 0 0 0 -1 3004.DAT
0 STEP
1 86 70.0 -1440 4740.0 0 0 1 0 1 0 -1 0 0 3004.DAT
0 STEP
1 86 80.0 -1920 4890.0 -1 0 0 0 1 0 0 0 -1 3004.DAT
0 STEP
1 86 160.0 -1584 4990.0 -1 0 0 0 1 0 0 0 -1 3004.DAT
0 STEP
1 86 180.0 -1680 4990.0 -1 0 0 0 1 0 0 0 -1 3004.DAT
0 STEP
1 86 180.0 -2040 4990.0 -1 0 0 0 1 0 0 0 -1 3004.DAT
0 STEP
1 86 200.0 -1248 4630.0 -1 0 0 0 1 0 0 0 -1 3004.DAT
0 STEP
1 86 150.0 -1536 4920.0 0 0 1 0 1 0 -1 0 0 3004.DAT
0 STEP
1 86 120.0 -480 4730.0 -1 0 0 0 1 0 0 0 -1 3004.DAT
0 STEP
1 86 170.0 -1440 4740.0 0 0 1 0 1 0 -1 0 0 3004.DAT
0 STEP
1 86 60.0 -528 4630.0 -1 0 0 0 1 0 0 0 -1 3004.DAT
0 STEP
1 86 170.0 -1368 4680.0 0 0 1 0 1 0 -1 0 0 3004.DAT
0 STEP
1 86 170.0 -2304 4880.0 0 0 1 0 1 0 -1 0 0 3004.DAT
0 STEP
1 86 170.0 -696 4700.0 0 0 1 0 1 0 -1 0 0 3004.DAT
0 STEP
1 86 40.0 -288 4700.0 0 0 1 0 1 0 -1 0 0 3003.DAT
0 STEP
1 86 60.0 -2016 4910.0 -1 0 0 0 1 0 0 0 -1 3004.DAT
0 STEP
1 86 140.0 -816 4630.0 -1 0 0 0 1 0 0 0 -1 3010.DAT
0 STEP
1 86 190.0 -312 4740.0 0 0 1 0 1 0 -1 0 0 3004.DAT
0 STEP
1 86 150.0 -1824 4920.0 0 0 1 0 1 0 -1 0 0 3004.DAT
0 STEP
1 86 70.0 -480 4720.0 0 0 1 0 1 0 -1 0 0 3004.DAT
0 STEP
1 86 160.0 -1632 4350.0 -1 0 0 0 1 0 0 0 -1 3004.DAT
0 STEP
1 86 110.0 -1704 4780.0 0 0 1 0 1 0 -1 0 0 3004.DAT
0 STEP
1 86 70.0 -1152 4660.0 0 0 1 0 1 0 -1 0 0 3004.DAT
0 STEP
1 86 70.0 -264 4760.0 0 0 1 0 1 0 -1 0 0 3004.DAT
0 STEP
1 86 190.0 -960 4640.0 0 0 1 0 1 0 -1 0 0 3004.DAT
0 STEP
1 86 50.0 -1656 4960.0 0 0 1 0 1 0 -1 0 0 3004.DAT
0 STEP
1 86 150.0 -288 4720.0 0 0 1 0 1 0 -1 0 0 3004.DAT
0 STEP
1 86 170.0 -312 4620.0 0 0 1 0 1 0 -1 0 0 3004.DAT
0 STEP
1 86 190.0 -936 4660.0 0 0 1 0 1 0 -1 0 0 3004.DAT
0 STEP
1 86 150.0 -1056 4700.0 0 0 1 0 1 0 -1 0 0 3004.DAT
0 STEP
1 86 170.0 -432 4660.0 0 0 1 0 1 0 -1 0 0 3004.DAT
0 STEP
1 86 150.0 -1752 4320.0 0 0 1 0 1 0 -1 0 0 3004.DAT
0 STEP
1 86 110.0 -336 4720.0 0 0 1 0 1 0 -1 0 0 3004.DAT
0 STEP
1 86 160.0 -1440 4690.0 -1 0 0 0 1 0 0 0 -1 3004.DAT
0 STEP
1 86 20.0 -216 4630.0 -1 0 0 0 1 0 0 0 -1 3004.DAT
0 STEP
1 86 70.0 -2088 5060.0 0 0 1 0 1 0 -1 0 0 3004.DAT
0 STEP
1 86 60.0 -1512 4630.0 -1 0 0 0 1 0 0 0 -1 3004.DAT
0 STEP
1 86 160.0 -1200 4630.0 -1 0 0 0 1 0 0 0 -1 3004.DAT
0 STEP
1 86 140.0 -2160 4910.0 -1 0 0 0 1 0 0 0 -1 3004.DAT
0 STEP
1 86 100.0 -1200 4590.0 -1 0 0 0 1 0 0 0 -1 3004.DAT
0 STEP
1 86 110.0 -1032 4700.0 0 0 1 0 1 0 -1 0 0 3004.DAT
0 STEP
1 86 140.0 -456 4710.0 -1 0 0 0 1 0 0 0 -1 3004.DAT
0 STEP
1 86 50.0 -840 4680.0 0 0 1 0 1 0 -1 0 0 3004.DAT
0 STEP
1 86 180.0 -2184 4870.0 -1 0 0 0 1 0 0 0 -1 3004.DAT
0 STEP
1 86 80.0 -192 4730.0 -1 0 0 0 1 0 0 0 -1 3004.DAT
0 STEP
1 86 80.0 -2256 4870.0 -1 0 0 0 1 0 0 0 -1 3004.DAT
0 STEP
1 86 190.0 -1200 4600.0 0 0 1 0 1 0 -1 0 0 3004.DAT
0 STEP
1 86 170.0 -1152 4640.0 0 0 1 0 1 0 -1 0 0 3010.DAT
0 STEP
1 86 130.0 -624 4720.0 0 0 1 0 1 0 -1 0 0 3004.DAT
0 STEP
1 86 160.0 -1224 4610.0 -1 0 0 0 1 0 0 0 -1 3004.DAT
0 STEP
1 86 200.0 -1152 4630.0 -1 0 0 0 1 0 0 0 -1 3004.DAT
0 STEP
1 86 80.0 -1152 4710.0 -1 0 0 0 1 0 0 0 -1 3004.DAT
0 STEP
1 86 140.0 -1248 4750.0 -1 0 0 0 1 0 0 0 -1 3004.DAT
0 STEP
1 86 140.0 -1680 4310.0 -1 0 0 0 1 0 0 0 -1 3004.DAT
0 STEP
1 86 120.0 -960 4730.0 -1 0 0 0 1 0 0 0 -1 3004.DAT
0 STEP
1 86 140.0 -1296 4750.0 -1 0 0 0 1 0 0 0 -1 3004.DAT
0 STEP
1 86 50.0 -720 4680.0 0 0 1 0 1 0 -1 0 0 3004.DAT
0 STEP
1 86 100.0 -600 4610.0 -1 0 0 0 1 0 0 0 -1 3004.DAT
0 STEP
1 86 90.0 -1248 4720.0 0 0 1 0 1 0 -1 0 0 3004.DAT
0 STEP
1 86 190.0 -1224 4600.0 0 0 1 0 1 0 -1 0 0 3004.DAT
0 STEP
1 86 210.0 -1248 4700.0 0 0 1 0 1 0 -1 0 0 3004.DAT
0 STEP
1 86 190.0 -1656 4980.0 0 0 1 0 1 0 -1 0 0 3004.DAT
0 STEP
1 86 100.0 -1728 5010.0 -1 0 0 0 1 0 0 0 -1 3004.DAT
0 STEP
1 86 180.0 -1440 4670.0 -1 0 0 0 1 0 0 0 -1 3004.DAT
0 STEP
1 86 110.0 -2088 4880.0 0 0 1 0 1 0 -1 0 0 3004.DAT
0 STEP
1 86 110.0 -672 4640.0 0 0 1 0 1 0 -1 0 0 3004.DAT
0 STEP
1 86 100.0 -1296 4550.0 -1 0 0 0 1 0 0 0 -1 3004.DAT
0 STEP
1 86 120.0 -1176 4610.0 -1 0 0 0 1 0 0 0 -1 3004.DAT
0 STEP
1 86 90.0 -864 4720.0 0 0 1 0 1 0 -1 0 0 3004.DAT
0 STEP
1 86 80.0 -1488 4590.0 -1 0 0 0 1 0 0 0 -1 3004.DAT
0 STEP
1 86 180.0 -1488 4750.0 -1 0 0 0 1 0 0 0 -1 3004.DAT
0 STEP
1 86 100.0 -744 4710.0 -1 0 0 0 1 0 0 0 -1 3004.DAT
0 STEP
1 86 60.0 -288 4730.0 -1 0 0 0 1 0 0 0 -1 3004.DAT
0 STEP
1 86 140.0 -1536 4550.0 -1 0 0 0 1 0 0 0 -1 3004.DAT
0 STEP
1 86 200.0 -336 4610.0 -1 0 0 0 1 0 0 0 -1 3004.DAT
0 STEP
1 86 70.0 -336 4600.0 0 0 1 0 1 0 -1 0 0 3004.DAT
0 STEP
1 86 140.0 -1392 4730.0 -1 0 0 0 1 0 0 0 -1 3004.DAT
0 STEP
1 86 140.0 -2088 5050.0 -1 0 0 0 1 0 0 0 -1 3010.DAT
0 STEP
1 86 40.0 -1296 4740.0 0 0 1 0 1 0 -1 0 0 3003.DAT
0 STEP
1 86 70.0 -312 4740.0 0 0 1 0 1 0 -1 0 0 3004.DAT
0 STEP
1 86 50.0 -1680 4840.0 0 0 1 0 1 0 -1 0 0 3004.DAT
0 STEP
1 86 100.0 -1416 4760.0 0 0 1 0 1 0 -1 0 0 3003.DAT
0 STEP
1 86 210.0 -96 4660.0 0 0 1 0 1 0 -1 0 0 3004.DAT
0 STEP
1 86 100.0 -528 4690.0 -1 0 0 0 1 0 0 0 -1 3004.DAT
0 STEP
1 86 150.0 -1176 4620.0 0 0 1 0 1 0 -1 0 0 3004.DAT
0 STEP
1 86 190.0 -960 4700.0 0 0 1 0 1 0 -1 0 0 3004.DAT
0 STEP
1 86 170.0 -1416 4620.0 0 0 1 0 1 0 -1 0 0 3010.DAT
0 STEP
1 86 30.0 -264 4720.0 0 0 1 0 1 0 -1 0 0 3004.DAT
0 STEP
1 86 190.0 -1584 4520.0 0 0 1 0 1 0 -1 0 0 3004.DAT
0 STEP
1 86 190.0 -1272 4760.0 0 0 1 0 1 0 -1 0 0 3004.DAT
0 STEP
1 86 200.0 -360 4690.0 -1 0 0 0 1 0 0 0 -1 3004.DAT
0 STEP
1 86 190.0 -2136 4900.0 0 0 1 0 1 0 -1 0 0 3004.DAT
0 STEP
1 86 180.0 -1872 4950.0 -1 0 0 0 1 0 0 0 -1 3004.DAT
0 STEP
1 86 120.0 -288 4730.0 -1 0 0 0 1 0 0 0 -1 3004.DAT
0 STEP
1 86 70.0 -288 4700.0 0 0 1 0 1 0 -1 0 0 3004.DAT
0 STEP
1 86 60.0 -2040 5030.0 -1 0 0 0 1 0 0 0 -1 3004.DAT
0 STEP
1 86 150.0 -1800 5080.0 0 0 1 0 1 0 -1 0 0 3004.DAT
0 STEP
1 86 60.0 -192 4630.0 -1 0 0 0 1 0 0 0 -1 3004.DAT
0 STEP
1 86 180.0 -1344 4650.0 -1 0 0 0 1 0 0 0 -1 3004.DAT
0 STEP
1 86 60.0 -1128 4610.0 -1 0 0 0 1 0 0 0 -1 3004.DAT
0 STEP
1 86 90.0 -216 4720.0 0 0 1 0 1 0 -1 0 0 3004.DAT
0 STEP
1 86 40.0 -192 4710.0 -1 0 0 0 1 0 0 0 -1 3004.DAT
0 STEP
1 86 160.0 -384 4750.0 -1 0 0 0 1 0 0 0 -1 3004.DAT
0 STEP
1 86 120.0 -720 4590.0 -1 0 0 0 1 0 0 0 -1 3004.DAT
0 STEP
1 86 120.0 -1656 4690.0 -1 0 0 0 1 0 0 0 -1 3004.DAT
0 STEP
1 86 60.0 -1608 4930.0 -1 0 0 0 1 0 0 0 -1 3004.DAT
0 STEP
1 86 190.0 -384 4600.0 0 0 1 0 1 0 -1 0 0 3004.DAT
0 STEP
1 86 110.0 -1584 4940.0 0 0 1 0 1 0 -1 0 0 3004.DAT
0 STEP
1 86 140.0 -576 4590.0 -1 0 0 0 1 0 0 0 -1 3004.DAT
0 STEP
1 86 50.0 -264 4740.0 0 0 1 0 1 0 -1 0 0 3004.DAT
0 STEP
1 86 100.0 -48 4730.0 -1 0 0 0 1 0 0 0 -1 3004.DAT
0 STEP
1 86 120.0 -288 4590.0 -1 0 0 0 1 0 0 0 -1 3004.DAT
0 STEP
1 86 160.0 -1008 4730.0 -1 0 0 0 1 0 0 0 -1 3004.DAT
0 STEP
1 86 160.0 -2160 4990.0 -1 0 0 0 1 0 0 0 -1 3004.DAT
0 STEP
1 86 160.0 -384 4710.0 -1 0 0 0 1 0 0 0 -1 3004.DAT
0 STEP
1 86 150.0 -1944 5040.0 0 0 1 0 1 0 -1 0 0 3004.DAT
0 STEP
1 86 110.0 -552 4640.0 0 0 1 0 1 0 -1 0 0 3004.DAT
0 STEP
1 86 120.0 -264 4590.0 -1 0 0 0 1 0 0 0 -1 3004.DAT
0 STEP
1 86 170.0 -1632 4400.0 0 0 1 0 1 0 -1 0 0 3004.DAT
0 STEP
1 86 180.0 -2088 4960.0 0 0 1 0 1 0 -1 0 0 3003.DAT
0 STEP
1 86 60.0 -288 4570.0 -1 0 0 0 1 0 0 0 -1 3004.DAT
0 STEP
1 86 180.0 -1512 4800.0 0 0 1 0 1 0 -1 0 0 3003.DAT
0 STEP
1 86 150.0 -2040 5020.0 0 0 1 0 1 0 -1 0 0 3004.DAT
0 STEP
1 86 140.0 -672 4710.0 -1 0 0 0 1 0 0 0 -1 3004.DAT
0 STEP
1 86 140.0 -456 4750.0 -1 0 0 0 1 0 0 0 -1 3004.DAT
0 STEP
1 86 130.0 -1584 4960.0 0 0 1 0 1 0 -1 0 0 3010.DAT
0 STEP
1 86 190.0 -1008 4640.0 0 0 1 0 1 0 -1 0 0 3004.DAT
0 STEP
1 86 120.0 -1272 4750.0 -1 0 0 0 1 0 0 0 -1 3004.DAT
0 STEP
1 86 140.0 -1176 4570.0 -1 0 0 0 1 0 0 0 -1 3004.DAT
0 STEP
1 86 80.0 -1008 4690.0 -1 0 0 0 1 0 0 0 -1 3004.DAT
0 STEP
1 86 170.0 -1464 4760.0 0 0 1 0 1 0 -1 0 0 3004.DAT
0 STEP
1 86 170.0 -1656 4420.0 0 0 1 0 1 0 -1 0 0 3004.DAT
0 STEP
1 86 90.0 -384 4620.0 0 0 1 0 1 0 -1 0 0 3004.DAT
0 STEP
1 86 160.0 -840 4710.0 -1 0 0 0 1 0 0 0 -1 3004.DAT
0 STEP
1 86 170.0 -624 4660.0 0 0 1 0 1 0 -1 0 0 3004.DAT
0 STEP
1 86 110.0 -1560 4380.0 0 0 1 0 1 0 -1 0 0 3004.DAT
0 STEP
1 86 90.0 -168 4580.0 0 0 1 0 1 0 -1 0 0 3004.DAT
0 STEP
1 86 140.0 -1752 4360.0 0 0 1 0 1 0 -1 0 0 3003.DAT
0 STEP
1 86 150.0 -1632 4440.0 0 0 1 0 1 0 -1 0 0 3004.DAT
0 STEP
1 86 120.0 -840 4690.0 -1 0 0 0 1 0 0 0 -1 3004.DAT
0 STEP
1 86 190.0 -288 4660.0 0 0 1 0 1 0 -1 0 0 3004.DAT
0 STEP
1 86 120.0 -1824 4910.0 -1 0 0 0 1 0 0 0 -1 3004.DAT
0 STEP
1 86 110.0 -1512 4580.0 0 0 1 0 1 0 -1 0 0 3004.DAT
0 STEP
1 86 220.0 -336 4690.0 -1 0 0 0 1 0 0 0 -1 3004.DAT
0 STEP
1 86 130.0 -480 4580.0 0 0 1 0 1 0 -1 0 0 3004.DAT
0 STEP
1 86 50.0 -1080 4680.0 0 0 1 0 1 0 -1 0 0 3004.DAT
0 STEP
1 86 110.0 -648 4620.0 0 0 1 0 1 0 -1 0 0 3010.DAT
0 STEP
1 86 90.0 -984 4660.0 0 0 1 0 1 0 -1 0 0 3004.DAT
0 STEP
1 86 110.0 -456 4740.0 0 0 1 0 1 0 -1 0 0 3004.DAT
0 STEP
1 86 100.0 -552 4730.0 -1 0 0 0 1 0 0 0 -1 3004.DAT
0 STEP
1 86 90.0 -2208 4880.0 0 0 1 0 1 0 -1 0 0 3004.DAT
0 STEP
1 86 50.0 -1656 4900.0 0 0 1 0 1 0 -1 0 0 3004.DAT
0 STEP
1 86 120.0 -1704 4810.0 -1 0 0 0 1 0 0 0 -1 3004.DAT
0 STEP
1 86 100.0 -624 4730.0 -1 0 0 0 1 0 0 0 -1 3004.DAT
0 STEP
1 86 110.0 -1824 4280.0 0 0 1 0 1 0 -1 0 0 3004.DAT
0 STEP
1 86 140.0 -840 4590.0 -1 0 0 0 1 0 0 0 -1 3004.DAT
0 STEP
1 86 120.0 -2160 5050.0 -1 0 0 0 1 0 0 0 -1 3004.DAT
0 STEP
1 86 80.0 -216 4630.0 -1 0 0 0 1 0 0 0 -1 3004.DAT
0 STEP
1 86 110.0 -1392 4740.0 0 0 1 0 1 0 -1 0 0 3004.DAT
0 STEP
1 86 50.0 -1176 4720.0 0 0 1 0 1 0 -1 0 0 3004.DAT
0 STEP
1 86 180.0 -336 4700.0 0 0 1 0 1 0 -1 0 0 3003.DAT
0 STEP
1 86 190.0 -2256 4940.0 0 0 1 0 1 0 -1 0 0 3004.DAT
0 STEP
1 86 150.0 -1536 4600.0 0 0 1 0 1 0 -1 0 0 3004.DAT
0 STEP
1 86 150.0 -1728 4820.0 0 0 1 0 1 0 -1 0 0 3004.DAT
0 STEP
1 86 190.0 -1512 4640.0 0 0 1 0 1 0 -1 0 0 3004.DAT
0 STEP
1 86 130.0 -2064 5080.0 0 0 1 0 1 0 -1 0 0 3004.DAT
0 STEP
1 86 70.0 -1176 4660.0 0 0 1 0 1 0 -1 0 0 3004.DAT
0 STEP
1 86 190.0 -2160 4980.0 0 0 1 0 1 0 -1 0 0 3004.DAT
0 STEP
1 86 160.0 -1704 4870.0 -1 0 0 0 1 0 0 0 -1 3004.DAT
0 STEP
1 86 180.0 -744 4660.0 0 0 1 0 1 0 -1 0 0 3003.DAT
0 STEP
1 86 90.0 -360 4620.0 0 0 1 0 1 0 -1 0 0 3004.DAT
0 STEP
1 86 80.0 -960 4610.0 -1 0 0 0 1 0 0 0 -1 3004.DAT
0 STEP
1 86 170.0 -1656 5020.0 0 0 1 0 1 0 -1 0 0 3004.DAT
0 STEP
1 86 120.0 -72 4570.0 -1 0 0 0 1 0 0 0 -1 3004.DAT
0 STEP
1 86 160.0 -1224 4710.0 -1 0 0 0 1 0 0 0 -1 3004.DAT
0 STEP
1 86 140.0 -2256 4930.0 -1 0 0 0 1 0 0 0 -1 3004.DAT
0 STEP
1 86 190.0 -1176 4720.0 0 0 1 0 1 0 -1 0 0 3004.DAT
0 STEP
1 86 90.0 -1704 4860.0 0 0 1 0 1 0 -1 0 0 3004.DAT
0 STEP
1 86 190.0 -1704 4820.0 0 0 1 0 1 0 -1 0 0 3004.DAT
0 STEP
1 86 120.0 -1536 4500.0 0 0 1 0 1 0 -1 0 0 3003.DAT
0 STEP
1 86 90.0 -1512 4760.0 0 0 1 0 1 0 -1 0 0 3004.DAT
0 STEP
1 86 210.0 -384 4700.0 0 0 1 0 1 0 -1 0 0 3004.DAT
0 STEP
1 86 100.0 -2136 4870.0 -1 0 0 0 1 0 0 0 -1 3004.DAT
0 STEP
1 86 40.0 -1368 4690.0 -1 0 0 0 1 0 0 0 -1 3004.DAT
0 STEP
1 86 80.0 -1392 4570.0 -1 0 0 0 1 0 0 0 -1 3004.DAT
0 STEP
1 86 130.0 -1536 4460.0 0 0 1 0 1 0 -1 0 0 3004.DAT
0 STEP
1 86 150.0 -192 4760.0 0 0 1 0 1 0 -1 0 0 3004.DAT
0 STEP
1 86 90.0 -1416 4660.0 0 0 1 0 1 0 -1 0 0 3004.DAT
0 STEP
1 86 100.0 -1248 4590.0 -1 0 0 0 1 0 0 0 -1 3004.DAT
0 STEP
1 86 170.0 -2280 4960.0 0 0 1 0 1 0 -1 0 0 3004.DAT
0 STEP
1 86 190.0 -1752 5000.0 0 0 1 0 1 0 -1 0 0 3010.DAT
0 STEP
1 86 130.0 -1848 5060.0 0 0 1 0 1 0 -1 0 0 3004.DAT
0 STEP
1 86 160.0 -1512 4610.0 -1 0 0 0 1 0 0 0 -1 3004.DAT
0 STEP
1 86 60.0 -1824 4880.0 0 0 1 0 1 0 -1 0 0 3003.DAT
0 STEP
1 86 110.0 -1776 5040.0 0 0 1 0 1 0 -1 0 0 3004.DAT
0 STEP
1 86 110.0 -1320 4540.0 0 0 1 0 1 0 -1 0 0 3004.DAT
0 STEP
1 86 180.0 -600 4710.0 -1 0 0 0 1 0 0 0 -1 3004.DAT
0 STEP
1 86 160.0 -1800 4870.0 -1 0 0 0 1 0 0 0 -1 3004.DAT
0 STEP
1 86 50.0 -1512 4660.0 0 0 1 0 1 0 -1 0 0 3004.DAT
0 STEP
1 86 90.0 -1008 4640.0 0 0 1 0 1 0 -1 0 0 3004.DAT
0 STEP
1 86 60.0 -264 4610.0 -1 0 0 0 1 0 0 0 -1 3004.DAT
0 STEP
1 86 190.0 -1272 4560.0 0 0 1 0 1 0 -1 0 0 3004.DAT
0 STEP
1 86 180.0 -360 4600.0 0 0 1 0 1 0 -1 0 0 3003.DAT
0 STEP
1 86 90.0 -192 4620.0 0 0 1 0 1 0 -1 0 0 3004.DAT
0 STEP
1 86 120.0 -720 4630.0 -1 0 0 0 1 0 0 0 -1 3004.DAT
0 STEP
1 86 140.0 -1200 4580.0 0 0 1 0 1 0 -1 0 0 3003.DAT
0 STEP
1 86 80.0 -1368 4630.0 -1 0 0 0 1 0 0 0 -1 3004.DAT
0 STEP
1 86 170.0 -1680 4900.0 0 0 1 0 1 0 -1 0 0 3004.DAT
0 STEP
1 86 90.0 -1488 4720.0 0 0 1 0 1 0 -1 0 0 3004.DAT
0 STEP
1 86 160.0 -1536 4840.0 0 0 1 0 1 0 -1 0 0 3003.DAT
0 STEP
1 86 150.0 -744 4720.0 0 0 1 0 1 0 -1 0 0 3004.DAT
0 STEP
1 86 120.0 -1704 4420.0 0 0 1 0 1 0 -1 0 0 3003.DAT
0 STEP
1 86 140.0 -792 4700.0 0 0 1 0 1 0 -1 0 0 3003.DAT
0 STEP
1 86 170.0 -2016 5060.0 0 0 1 0 1 0 -1 0 0 3004.DAT
0 STEP
1 86 150.0 -2328 4820.0 0 0 1 0 1 0 -1 0 0 3004.DAT
0 STEP
1 86 190.0 -984 4640.0 0 0 1 0 1 0 -1 0 0 3004.DAT
0 STEP
1 86 120.0 -1824 5090.0 -1 0 0 0 1 0 0 0 -1 3004.DAT
0 STEP
1 86 60.0 -336 4690.0 -1 0 0 0 1 0 0 0 -1 3004.DAT
0 STEP
1 86 160.0 -456 4730.0 -1 0 0 0 1 0 0 0 -1 3004.DAT
0 STEP
1 86 70.0 -1680 4360.0 0 0 1 0 1 0 -1 0 0 3004.DAT
0 STEP
1 86 150.0 -1800 5020.0 0 0 1 0 1 0 -1 0 0 3004.DAT
0 STEP
1 86 100.0 -1416 4690.0 -1 0 0 0 1 0 0 0 -1 3004.DAT
0 STEP
1 86 70.0 -72 4700.0 0 0 1 0 1 0 -1 0 0 3004.DAT
0 STEP
1 86 160.0 -288 4570.0 -1 0 0 0 1 0 0 0 -1 3004.DAT
0 STEP
1 86 50.0 -936 4660.0 0 0 1 0 1 0 -1 0 0 3004.DAT
0 STEP
1 86 160.0 -888 4730.0 -1 0 0 0 1 0 0 0 -1 3004.DAT
0 STEP
1 86 180.0 -1656 4850.0 -1 0 0 0 1 0 0 0 -1 3004.DAT
0 STEP
1 86 150.0 -624 4640.0 0 0 1 0 1 0 -1 0 0 3004.DAT
0 STEP
1 86 80.0 -1272 4610.0 -1 0 0 0 1 0 0 0 -1 3004.DAT
0 STEP
1 86 140.0 -1464 4760.0 0 0 1 0 1 0 -1 0 0 3003.DAT
0 STEP
1 86 40.0 -264 4640.0 0 0 1 0 1 0 -1 0 0 3003.DAT
0 STEP
1 86 70.0 -1128 4720.0 0 0 1 0 1 0 -1 0 0 3004.DAT
0 STEP
1 86 70.0 -288 4640.0 0 0 1 0 1 0 -1 0 0 3004.DAT
0 STEP
1 86 90.0 -2280 4980.0 0 0 1 0 1 0 -1 0 0 3004.DAT
0 STEP
1 86 170.0 -960 4720.0 0 0 1 0 1 0 -1 0 0 3004.DAT
0 STEP
1 86 190.0 -2016 5020.0 0 0 1 0 1 0 -1 0 0 3004.DAT
0 STEP
1 86 110.0 -768 4620.0 0 0 1 0 1 0 -1 0 0 3004.DAT
0 STEP
1 86 160.0 -1608 4370.0 -1 0 0 0 1 0 0 0 -1 3004.DAT
0 STEP
1 86 100.0 -792 4610.0 -1 0 0 0 1 0 0 0 -1 3004.DAT
0 STEP
1 86 140.0 -1152 4750.0 -1 0 0 0 1 0 0 0 -1 3004.DAT
0 STEP
1 86 60.0 -1368 4580.0 0 0 1 0 1 0 -1 0 0 3003.DAT
0 STEP
1 86 80.0 -2256 4990.0 -1 0 0 0 1 0 0 0 -1 3004.DAT
0 STEP
1 86 160.0 -768 4670.0 -1 0 0 0 1 0 0 0 -1 3004.DAT
0 STEP
1 86 70.0 -2256 4960.0 0 0 1 0 1 0 -1 0 0 3004.DAT
0 STEP
1 86 160.0 -1752 4890.0 -1 0 0 0 1 0 0 0 -1 3004.DAT
0 STEP
1 86 110.0 -2280 4880.0 0 0 1 0 1 0 -1 0 0 3004.DAT
0 STEP
1 86 190.0 -1656 4440.0 0 0 1 0 1 0 -1 0 0 3004.DAT
0 STEP
1 86 60.0 -1272 4560.0 0 0 1 0 1 0 -1 0 0 3003.DAT
0 STEP
1 86 50.0 -1152 4700.0 0 0 1 0 1 0 -1 0 0 3004.DAT
0 STEP
1 86 50.0 -528 4680.0 0 0 1 0 1 0 -1 0 0 3004.DAT
0 STEP
1 86 100.0 -1584 4980.0 0 0 1 0 1 0 -1 0 0 3003.DAT
0 STEP
1 86 140.0 -504 4590.0 -1 0 0 0 1 0 0 0 -1 3004.DAT
0 STEP
1 86 150.0 -1944 5100.0 0 0 1 0 1 0 -1 0 0 3004.DAT
0 STEP
1 86 50.0 -1632 4880.0 0 0 1 0 1 0 -1 0 0 3004.DAT
0 STEP
1 86 80.0 -1272 4730.0 -1 0 0 0 1 0 0 0 -1 3010.DAT
0 STEP
1 86 150.0 -288 4600.0 0 0 1 0 1 0 -1 0 0 3004.DAT
0 STEP
1 86 190.0 -1416 4720.0 0 0 1 0 1 0 -1 0 0 3010.DAT
0 STEP
1 86 160.0 -1584 4470.0 -1 0 0 0 1 0 0 0 -1 3004.DAT
0 STEP
1 86 30.0 -384 4640.0 0 0 1 0 1 0 -1 0 0 3004.DAT
0 STEP
1 86 150.0 -1608 4340.0 0 0 1 0 1 0 -1 0 0 3004.DAT
0 STEP
1 86 180.0 -1416 4670.0 -1 0 0 0 1 0 0 0 -1 3004.DAT
0 STEP
1 86 70.0 -264 4560.0 0 0 1 0 1 0 -1 0 0 3004.DAT
0 STEP
1 86 120.0 -1800 4860.0 0 0 1 0 1 0 -1 0 0 3003.DAT
0 STEP
1 86 80.0 -456 4730.0 -1 0 0 0 1 0 0 0 -1 3004.DAT
0 STEP
1 86 150.0 -1416 4620.0 0 0 1 0 1 0 -1 0 0 3004.DAT
0 STEP
1 86 180.0 -1728 4910.0 -1 0 0 0 1 0 0 0 -1 3004.DAT
0 STEP
1 86 160.0 -1752 5030.0 -1 0 0 0 1 0 0 0 -1 3004.DAT
0 STEP
1 86 120.0 -1200 4550.0 -1 0 0 0 1 0 0 0 -1 3004.DAT
0 STEP
1 86 90.0 -1680 5040.0 0 0 1 0 1 0 -1 0 0 3004.DAT
0 STEP
1 86 130.0 -336 4600.0 0 0 1 0 1 0 -1 0 0 3004.DAT
0 STEP
1 86 70.0 -1464 4740.0 0 0 1 0 1 0 -1 0 0 3004.DAT
0 STEP
1 86 120.0 -1176 4710.0 -1 0 0 0 1 0 0 0 -1 3004.DAT
0 STEP
1 86 170.0 -264 4600.0 0 0 1 0 1 0 -1 0 0 3004.DAT
0 STEP
1 86 180.0 -1584 4930.0 -1 0 0 0 1 0 0 0 -1 3004.DAT
0 STEP
1 86 90.0 -72 4720.0 0 0 1 0 1 0 -1 0 0 3004.DAT
0 STEP
1 86 170.0 -984 4720.0 0 0 1 0 1 0 -1 0 0 3004.DAT
0 STEP
1 86 80.0 -2112 5020.0 0 0 1 0 1 0 -1 0 0 3003.DAT
0 STEP
1 86 50.0 -792 4680.0 0 0 1 0 1 0 -1 0 0 3004.DAT
0 STEP
1 86 150.0 -432 4620.0 0 0 1 0 1 0 -1 0 0 3004.DAT
0 STEP
1 86 160.0 -2112 4930.0 -1 0 0 0 1 0 0 0 -1 3004.DAT
0 STEP
1 86 50.0 -1152 4640.0 0 0 1 0 1 0 -1 0 0 3004.DAT
0 STEP
1 86 80.0 -1344 4570.0 -1 0 0 0 1 0 0 0 -1 3010.DAT
0 STEP
1 86 50.0 -576 4660.0 0 0 1 0 1 0 -1 0 0 3004.DAT
0 STEP
1 86 180.0 -1968 5070.0 -1 0 0 0 1 0 0 0 -1 3004.DAT
0 STEP
1 86 120.0 -1752 4290.0 -1 0 0 0 1 0 0 0 -1 3010.DAT
0 STEP
1 86 160.0 -2280 4890.0 -1 0 0 0 1 0 0 0 -1 3004.DAT
0 STEP
1 86 190.0 -888 4640.0 0 0 1 0 1 0 -1 0 0 3004.DAT
0 STEP
1 86 140.0 -624 4690.0 -1 0 0 0 1 0 0 0 -1 3004.DAT
0 STEP
1 86 110.0 -1392 4560.0 0 0 1 0 1 0 -1 0 0 3004.DAT
0 STEP
1 86 90.0 -2256 4900.0 0 0 1 0 1 0 -1 0 0 3004.DAT
0 STEP
1 86 90.0 -2088 4960.0 0 0 1 0 1 0 -1 0 0 3004.DAT
0 STEP
1 86 90.0 -1392 4600.0 0 0 1 0 1 0 -1 0 0 3004.DAT
0 STEP
1 86 150.0 -1032 4620.0 0 0 1 0 1 0 -1 0 0 3004.DAT
0 STEP
1 86 180.0 -1776 5030.0 -1 0 0 0 1 0 0 0 -1 3004.DAT
0 STEP
1 86 120.0 -408 4610.0 -1 0 0 0 1 0 0 0 -1 3004.DAT
0 STEP
1 86 50.0 -432 4640.0 0 0 1 0 1 0 -1 0 0 3010.DAT
0 STEP
1 86 120.0 -1728 4290.0 -1 0 0 0 1 0 0 0 -1 3004.DAT
0 STEP
1 86 60.0 -1320 4610.0 -1 0 0 0 1 0 0 0 -1 3010.DAT
0 STEP
1 86 70.0 -480 4600.0 0 0 1 0 1 0 -1 0 0 3004.DAT
0 STEP
1 86 140.0 -2088 5030.0 -1 0 0 0 1 0 0 0 -1 3004.DAT
0 STEP
1 86 120.0 -1992 5080.0 0 0 1 0 1 0 -1 0 0 3003.DAT
0 STEP
1 86 100.0 -1440 4620.0 0 0 1 0 1 0 -1 0 0 3003.DAT
0 STEP
1 86 180.0 -720 4680.0 0 0 1 0 1 0 -1 0 0 3003.DAT
0 STEP
1 86 120.0 -144 4770.0 -1 0 0 0 1 0 0 0 -1 3004.DAT
0 STEP
1 86 150.0 -1560 4660.0 0 0 1 0 1 0 -1 0 0 3004.DAT
0 STEP
1 86 80.0 -1632 4950.0 -1 0 0 0 1 0 0 0 -1 3004.DAT
0 STEP
1 86 50.0 -1584 4860.0 0 0 1 0 1 0 -1 0 0 3004.DAT
0 STEP
1 86 120.0 -1968 5110.0 -1 0 0 0 1 0 0 0 -1 3004.DAT
0 STEP
1 86 150.0 -1560 4540.0 0 0 1 0 1 0 -1 0 0 3004.DAT
0 STEP
1 86 180.0 -1800 4910.0 -1 0 0 0 1 0 0 0 -1 3004.DAT
0 STEP
1 86 150.0 -1848 4300.0 0 0 1 0 1 0 -1 0 0 3004.DAT
0 STEP
1 86 120.0 -552 4590.0 -1 0 0 0 1 0 0 0 -1 3004.DAT
0 STEP
1 86 110.0 -432 4720.0 0 0 1 0 1 0 -1 0 0 3010.DAT
0 STEP
1 86 80.0 -2064 4890.0 -1 0 0 0 1 0 0 0 -1 3004.DAT
0 STEP
1 86 120.0 -384 4610.0 -1 0 0 0 1 0 0 0 -1 3004.DAT
0 STEP
1 86 160.0 -960 4610.0 -1 0 0 0 1 0 0 0 -1 3004.DAT
0 STEP
1 86 180.0 -1392 4710.0 -1 0 0 0 1 0 0 0 -1 3004.DAT
0 STEP
1 86 150.0 -2112 4980.0 0 0 1 0 1 0 -1 0 0 3010.DAT
0 STEP
1 86 90.0 -1776 4300.0 0 0 1 0 1 0 -1 0 0 3004.DAT
0 STEP
1 86 170.0 -1416 4740.0 0 0 1 0 1 0 -1 0 0 3004.DAT
0 STEP
1 86 90.0 -1584 4820.0 0 0 1 0 1 0 -1 0 0 3004.DAT
0 STEP
1 86 110.0 -2184 5040.0 0 0 1 0 1 0 -1 0 0 3004.DAT
0 STEP
1 86 60.0 -1776 5010.0 -1 0 0 0 1 0 0 0 -1 3004.DAT
0 STEP
1 86 130.0 -1704 5040.0 0 0 1 0 1 0 -1 0 0 3004.DAT
0 STEP
1 86 190.0 -2064 5040.0 0 0 1 0 1 0 -1 0 0 3004.DAT
0 STEP
1 86 190.0 -1416 4600.0 0 0 1 0 1 0 -1 0 0 3004.DAT
0 STEP
1 86 50.0 -1200 4700.0 0 0 1 0 1 0 -1 0 0 3004.DAT
0 STEP
1 86 100.0 -336 4770.0 -1 0 0 0 1 0 0 0 -1 3004.DAT
0 STEP
1 86 220.0 -312 4640.0 0 0 1 0 1 0 -1 0 0 3003.DAT
0 STEP
1 86 60.0 -216 4600.0 0 0 1 0 1 0 -1 0 0 3003.DAT
0 STEP
1 86 160.0 -2352 4810.0 -1 0 0 0 1 0 0 0 -1 3004.DAT
0 STEP
1 86 110.0 -1656 5020.0 0 0 1 0 1 0 -1 0 0 3004.DAT
0 STEP
1 86 150.0 -576 4640.0 0 0 1 0 1 0 -1 0 0 3010.DAT
0 STEP
1 86 90.0 -2352 4600.0 0 0 1 0 1 0 -1 0 0 3004.DAT
0 STEP
1 86 210.0 -1104 4660.0 0 0 1 0 1 0 -1 0 0 3004.DAT
0 STEP
1 86 100.0 -1032 4630.0 -1 0 0 0 1 0 0 0 -1 3010.DAT
0 STEP
1 86 220.0 -1296 4720.0 0 0 1 0 1 0 -1 0 0 3003.DAT
0 STEP
1 86 70.0 -1992 5080.0 0 0 1 0 1 0 -1 0 0 3004.DAT
0 STEP
1 86 180.0 -288 4620.0 0 0 1 0 1 0 -1 0 0 3003.DAT
0 STEP
1 86 60.0 -1536 4860.0 0 0 1 0 1 0 -1 0 0 3003.DAT
0 STEP
1 86 180.0 -1944 5070.0 -1 0 0 0 1 0 0 0 -1 3004.DAT
0 STEP
1 86 100.0 -1104 4590.0 -1 0 0 0 1 0 0 0 -1 3004.DAT
0 STEP
1 86 30.0 -1272 4740.0 0 0 1 0 1 0 -1 0 0 3004.DAT
0 STEP
1 86 100.0 -1536 4940.0 0 0 1 0 1 0 -1 0 0 3003.DAT
0 STEP
1 86 140.0 -1080 4630.0 -1 0 0 0 1 0 0 0 -1 3004.DAT
0 STEP
1 86 120.0 -312 4790.0 -1 0 0 0 1 0 0 0 -1 3004.DAT
0 STEP
1 86 90.0 -1080 4620.0 0 0 1 0 1 0 -1 0 0 3004.DAT
0 STEP
1 86 160.0 -2016 4890.0 -1 0 0 0 1 0 0 0 -1 3004.DAT
0 STEP
1 86 120.0 -432 4570.0 -1 0 0 0 1 0 0 0 -1 3010.DAT
0 STEP
1 86 190.0 -168 4740.0 0 0 1 0 1 0 -1 0 0 3004.DAT
0 STEP
1 86 180.0 -1560 4930.0 -1 0 0 0 1 0 0 0 -1 3004.DAT
0 STEP
1 86 190.0 -1368 4600.0 0 0 1 0 1 0 -1 0 0 3004.DAT
0 STEP
1 86 130.0 -1920 4280.0 0 0 1 0 1 0 -1 0 0 3004.DAT
0 STEP
1 86 90.0 -696 4660.0 0 0 1 0 1 0 -1 0 0 3004.DAT
0 STEP
1 86 50.0 -2016 5000.0 0 0 1 0 1 0 -1 0 0 3004.DAT
0 STEP
1 86 140.0 -1392 4770.0 -1 0 0 0 1 0 0 0 -1 3004.DAT
0 STEP
1 86 120.0 -1680 4470.0 -1 0 0 0 1 0 0 0 -1 3010.DAT
0 STEP
1 86 70.0 -240 4680.0 0 0 1 0 1 0 -1 0 0 3004.DAT
0 STEP
1 86 120.0 -1368 4610.0 -1 0 0 0 1 0 0 0 -1 3004.DAT
0 STEP
1 86 210.0 -1176 4640.0 0 0 1 0 1 0 -1 0 0 3004.DAT
0 STEP
1 86 70.0 -1680 5000.0 0 0 1 0 1 0 -1 0 0 3004.DAT
0 STEP
1 86 180.0 -1104 4610.0 -1 0 0 0 1 0 0 0 -1 3004.DAT
0 STEP
1 86 140.0 -312 4770.0 -1 0 0 0 1 0 0 0 -1 3004.DAT
0 STEP
1 86 120.0 -1728 5050.0 -1 0 0 0 1 0 0 0 -1 3010.DAT
0 STEP
1 86 90.0 -1872 4300.0 0 0 1 0 1 0 -1 0 0 3004.DAT
0 STEP
1 86 120.0 -2256 5010.0 -1 0 0 0 1 0 0 0 -1 3004.DAT
0 STEP
1 86 160.0 -888 4620.0 0 0 1 0 1 0 -1 0 0 3003.DAT
0 STEP
1 86 230.0 -288 4640.0 0 0 1 0 1 0 -1 0 0 3004.DAT
0 STEP
1 86 130.0 -1080 4740.0 0 0 1 0 1 0 -1 0 0 3004.DAT
0 STEP
1 86 70.0 -1752 5040.0 0 0 1 0 1 0 -1 0 0 3004.DAT
0 STEP
1 86 180.0 -1848 4960.0 0 0 1 0 1 0 -1 0 0 3003.DAT
0 STEP
1 86 160.0 -1992 5090.0 -1 0 0 0 1 0 0 0 -1 3004.DAT
0 STEP
1 86 50.0 -648 4660.0 0 0 1 0 1 0 -1 0 0 3004.DAT
0 STEP
1 86 210.0 -1200 4620.0 0 0 1 0 1 0 -1 0 0 3004.DAT
0 STEP
1 86 120.0 -192 4550.0 -1 0 0 0 1 0 0 0 -1 3004.DAT
0 STEP
1 86 90.0 -432 4660.0 0 0 1 0 1 0 -1 0 0 3010.DAT
0 STEP
1 86 70.0 -168 4640.0 0 0 1 0 1 0 -1 0 0 3004.DAT
0 STEP
1 86 60.0 -888 4690.0 -1 0 0 0 1 0 0 0 -1 3004.DAT
0 STEP
1 86 100.0 -744 4640.0 0 0 1 0 1 0 -1 0 0 3003.DAT
0 STEP
1 86 140.0 -1920 4890.0 -1 0 0 0 1 0 0 0 -1 3004.DAT
0 STEP
1 86 190.0 -312 4640.0 0 0 1 0 1 0 -1 0 0 3004.DAT
0 STEP
1 86 160.0 -2304 4940.0 0 0 1 0 1 0 -1 0 0 3003.DAT
0 STEP
1 86 180.0 -2280 4810.0 -1 0 0 0 1 0 0 0 -1 3004.DAT
0 STEP
1 86 120.0 -1320 4790.0 -1 0 0 0 1 0 0 0 -1 3004.DAT
0 STEP
1 86 110.0 -2280 5000.0 0 0 1 0 1 0 -1 0 0 3004.DAT
0 STEP
1 86 50.0 -888 4660.0 0 0 1 0 1 0 -1 0 0 3004.DAT
0 STEP
1 86 60.0 -408 4670.0 -1 0 0 0 1 0 0 0 -1 3004.DAT
0 STEP
1 86 70.0 -1512 4560.0 0 0 1 0 1 0 -1 0 0 3010.DAT
0 STEP
1 86 150.0 -1776 5000.0 0 0 1 0 1 0 -1 0 0 3004.DAT
0 STEP
1 86 80.0 -1440 4770.0 -1 0 0 0 1 0 0 0 -1 3004.DAT
0 STEP
1 86 170.0 -1296 4700.0 0 0 1 0 1 0 -1 0 0 3004.DAT
0 STEP
1 86 190.0 -2016 4900.0 0 0 1 0 1 0 -1 0 0 3004.DAT
0 STEP
1 86 80.0 -1512 4830.0 -1 0 0 0 1 0 0 0 -1 3010.DAT
0 STEP
1 86 60.0 -1872 4900.0 0 0 1 0 1 0 -1 0 0 3003.DAT
0 STEP
1 86 70.0 -1248 4700.0 0 0 1 0 1 0 -1 0 0 3004.DAT
0 STEP
1 86 120.0 -624 4590.0 -1 0 0 0 1 0 0 0 -1 3004.DAT
0 STEP
1 86 60.0 -2256 4930.0 -1 0 0 0 1 0 0 0 -1 3004.DAT
0 STEP
1 86 60.0 -1200 4730.0 -1 0 0 0 1 0 0 0 -1 3004.DAT
0 STEP
1 86 180.0 -1920 5000.0 0 0 1 0 1 0 -1 0 0 3003.DAT
0 STEP
1 86 50.0 -1632 4940.0 0 0 1 0 1 0 -1 0 0 3004.DAT
0 STEP
1 86 110.0 -240 4760.0 0 0 1 0 1 0 -1 0 0 3010.DAT
0 STEP
1 86 190.0 -1680 4920.0 0 0 1 0 1 0 -1 0 0 3004.DAT
0 STEP
1 86 160.0 -2136 5000.0 0 0 1 0 1 0 -1 0 0 3003.DAT
0 STEP
1 86 140.0 -1032 4720.0 0 0 1 0 1 0 -1 0 0 3003.DAT
0 STEP
1 86 140.0 -1104 4750.0 -1 0 0 0 1 0 0 0 -1 3004.DAT
0 STEP
1 86 210.0 -1392 4700.0 0 0 1 0 1 0 -1 0 0 3010.DAT
0 STEP
1 86 80.0 -1608 4490.0 -1 0 0 0 1 0 0 0 -1 3004.DAT
0 STEP
1 86 80.0 -336 4750.0 -1 0 0 0 1 0 0 0 -1 3004.DAT
0 STEP
1 86 190.0 -648 4680.0 0 0 1 0 1 0 -1 0 0 3004.DAT
0 STEP
1 86 50.0 -2208 4920.0 0 0 1 0 1 0 -1 0 0 3004.DAT
0 STEP
1 86 140.0 -2184 4910.0 -1 0 0 0 1 0 0 0 -1 3004.DAT
0 STEP
1 86 130.0 -1320 4560.0 0 0 1 0 1 0 -1 0 0 3004.DAT
0 STEP
1 86 190.0 -2064 4920.0 0 0 1 0 1 0 -1 0 0 3004.DAT
0 STEP
1 86 80.0 -1464 4700.0 0 0 1 0 1 0 -1 0 0 3003.DAT
0 STEP
1 86 120.0 -1632 5050.0 -1 0 0 0 1 0 0 0 -1 3004.DAT
0 STEP
1 86 150.0 -312 4740.0 0 0 1 0 1 0 -1 0 0 3004.DAT
0 STEP
1 86 70.0 -1584 4980.0 0 0 1 0 1 0 -1 0 0 3004.DAT
0 STEP
1 86 110.0 -696 4640.0 0 0 1 0 1 0 -1 0 0 3004.DAT
0 STEP
1 86 120.0 -1344 4540.0 0 0 1 0 1 0 -1 0 0 3003.DAT
0 STEP
1 86 70.0 -360 4640.0 0 0 1 0 1 0 -1 0 0 3004.DAT
0 STEP
1 86 170.0 -1224 4640.0 0 0 1 0 1 0 -1 0 0 3004.DAT
0 STEP
1 86 150.0 -1320 4600.0 0 0 1 0 1 0 -1 0 0 3004.DAT
0 STEP
1 86 170.0 -384 4680.0 0 0 1 0 1 0 -1 0 0 3004.DAT
0 STEP
1 86 190.0 -1824 4880.0 0 0 1 0 1 0 -1 0 0 3004.DAT
0 STEP
1 86 60.0 -888 4630.0 -1 0 0 0 1 0 0 0 -1 3004.DAT
0 STEP
1 86 170.0 -528 4720.0 0 0 1 0 1 0 -1 0 0 3004.DAT
0 STEP
1 86 180.0 -1464 4790.0 -1 0 0 0 1 0 0 0 -1 3004.DAT
0 STEP
1 86 160.0 -984 4690.0 -1 0 0 0 1 0 0 0 -1 3004.DAT
0 STEP
1 86 80.0 -888 4610.0 -1 0 0 0 1 0 0 0 -1 3004.DAT
0 STEP
1 86 90.0 -288 4720.0 0 0 1 0 1 0 -1 0 0 3004.DAT
0 STEP
1 86 170.0 -1704 4800.0 0 0 1 0 1 0 -1 0 0 3004.DAT
0 STEP
1 86 70.0 -1464 4800.0 0 0 1 0 1 0 -1 0 0 3004.DAT
0 STEP
1 86 100.0 -648 4690.0 -1 0 0 0 1 0 0 0 -1 3010.DAT
0 STEP
1 86 80.0 -408 4650.0 -1 0 0 0 1 0 0 0 -1 3004.DAT
0 STEP
1 86 90.0 -2088 5040.0 0 0 1 0 1 0 -1 0 0 3004.DAT
0 STEP
1 86 190.0 -1632 4460.0 0 0 1 0 1 0 -1 0 0 3010.DAT
0 STEP
1 86 50.0 -2016 4940.0 0 0 1 0 1 0 -1 0 0 3004.DAT
0 STEP
1 86 130.0 -744 4700.0 0 0 1 0 1 0 -1 0 0 3004.DAT
0 STEP
1 86 60.0 -936 4690.0 -1 0 0 0 1 0 0 0 -1 3004.DAT
0 STEP
1 86 130.0 -1632 4460.0 0 0 1 0 1 0 -1 0 0 3004.DAT
0 STEP
1 86 140.0 -1128 4750.0 -1 0 0 0 1 0 0 0 -1 3004.DAT
0 STEP
1 86 40.0 -1368 4720.0 0 0 1 0 1 0 -1 0 0 3003.DAT
0 STEP
1 86 80.0 -312 4690.0 -1 0 0 0 1 0 0 0 -1 3004.DAT
0 STEP
1 86 130.0 -1512 4560.0 0 0 1 0 1 0 -1 0 0 3004.DAT
0 STEP
1 86 150.0 -1680 4340.0 0 0 1 0 1 0 -1 0 0 3004.DAT
0 STEP
1 86 160.0 -1776 4900.0 0 0 1 0 1 0 -1 0 0 3003.DAT
0 STEP
1 86 150.0 -1488 4780.0 0 0 1 0 1 0 -1 0 0 3010.DAT
0 STEP
1 86 50.0 -72 4660.0 0 0 1 0 1 0 -1 0 0 3010.DAT
0 STEP
1 86 160.0 -1032 4690.0 -1 0 0 0 1 0 0 0 -1 3004.DAT
0 STEP
1 86 60.0 -2208 4950.0 -1 0 0 0 1 0 0 0 -1 3004.DAT
0 STEP
1 86 40.0 -312 4710.0 -1 0 0 0 1 0 0 0 -1 3004.DAT
0 STEP
1 86 90.0 -888 4680.0 0 0 1 0 1 0 -1 0 0 3004.DAT
0 STEP
1 86 80.0 -1368 4700.0 0 0 1 0 1 0 -1 0 0 3003.DAT
0 STEP
1 86 180.0 -2088 4870.0 -1 0 0 0 1 0 0 0 -1 3004.DAT
0 STEP
1 86 70.0 -2064 5060.0 0 0 1 0 1 0 -1 0 0 3004.DAT
0 STEP
1 86 190.0 -576 4680.0 0 0 1 0 1 0 -1 0 0 3004.DAT
0 STEP
1 86 90.0 -1992 5040.0 0 0 1 0 1 0 -1 0 0 3004.DAT
0 STEP
1 86 170.0 -2112 5040.0 0 0 1 0 1 0 -1 0 0 3004.DAT
0 STEP
1 86 160.0 -1704 5050.0 -1 0 0 0 1 0 0 0 -1 3004.DAT
0 STEP
1 86 200.0 -1344 4610.0 -1 0 0 0 1 0 0 0 -1 3004.DAT
0 STEP
1 86 160.0 -2088 5070.0 -1 0 0 0 1 0 0 0 -1 3004.DAT
0 STEP
1 86 200.0 -384 4670.0 -1 0 0 0 1 0 0 0 -1 3004.DAT
0 STEP
1 86 120.0 -1632 4400.0 0 0 1 0 1 0 -1 0 0 3003.DAT
0 STEP
1 86 80.0 -1704 4990.0 -1 0 0 0 1 0 0 0 -1 3004.DAT
0 STEP
1 86 190.0 -1776 4880.0 0 0 1 0 1 0 -1 0 0 3004.DAT
0 STEP
1 86 80.0 -1536 4630.0 -1 0 0 0 1 0 0 0 -1 3004.DAT
0 STEP
1 86 70.0 -1728 5020.0 0 0 1 0 1 0 -1 0 0 3004.DAT
0 STEP
1 86 90.0 -672 4720.0 0 0 1 0 1 0 -1 0 0 3004.DAT
0 STEP
1 86 160.0 -960 4660.0 0 0 1 0 1 0 -1 0 0 3003.DAT
0 STEP
1 86 130.0 -1584 4480.0 0 0 1 0 1 0 -1 0 0 3004.DAT
0 STEP
1 86 170.0 -1728 5040.0 0 0 1 0 1 0 -1 0 0 3004.DAT
0 STEP
1 86 110.0 -1920 4300.0 0 0 1 0 1 0 -1 0 0 3004.DAT
0 STEP
1 86 210.0 -1152 4680.0 0 0 1 0 1 0 -1 0 0 3004.DAT
0 STEP
1 86 60.0 -2136 4880.0 0 0 1 0 1 0 -1 0 0 3003.DAT
0 STEP
1 86 120.0 -1896 5050.0 -1 0 0 0 1 0 0 0 -1 3004.DAT
0 STEP
1 86 60.0 -720 4630.0 -1 0 0 0 1 0 0 0 -1 3004.DAT
0 STEP
1 86 120.0 -1296 4570.0 -1 0 0 0 1 0 0 0 -1 3004.DAT
0 STEP
1 86 140.0 -2184 5020.0 0 0 1 0 1 0 -1 0 0 3003.DAT
0 STEP
1 86 120.0 -2136 5060.0 0 0 1 0 1 0 -1 0 0 3003.DAT
0 STEP
1 86 210.0 -1320 4700.0 0 0 1 0 1 0 -1 0 0 3004.DAT
0 STEP
1 86 120.0 -1080 4710.0 -1 0 0 0 1 0 0 0 -1 3004.DAT
0 STEP
1 86 50.0 -408 4700.0 0 0 1 0 1 0 -1 0 0 3004.DAT
0 STEP
1 86 190.0 -1296 4660.0 0 0 1 0 1 0 -1 0 0 3004.DAT
0 STEP
1 86 80.0 -168 4690.0 -1 0 0 0 1 0 0 0 -1 3004.DAT
0 STEP
1 86 50.0 -1488 4740.0 0 0 1 0 1 0 -1 0 0 3010.DAT
0 STEP
1 86 190.0 -696 4660.0 0 0 1 0 1 0 -1 0 0 3004.DAT
0 STEP
1 86 80.0 -840 4610.0 -1 0 0 0 1 0 0 0 -1 3004.DAT
0 STEP
1 86 120.0 -1032 4590.0 -1 0 0 0 1 0 0 0 -1 3004.DAT
0 STEP
1 86 120.0 -2112 4910.0 -1 0 0 0 1 0 0 0 -1 3004.DAT
0 STEP
1 86 60.0 -600 4690.0 -1 0 0 0 1 0 0 0 -1 3004.DAT
0 STEP
1 86 120.0 -1176 4750.0 -1 0 0 0 1 0 0 0 -1 3010.DAT
0 STEP
1 86 90.0 -1800 4920.0 0 0 1 0 1 0 -1 0 0 3009.DAT
0 STEP
1 86 120.0 -1728 5070.0 -1 0 0 0 1 0 0 0 -1 3004.DAT
0 STEP
1 86 140.0 -1728 4860.0 0 0 1 0 1 0 -1 0 0 3003.DAT
0 STEP
1 86 40.0 -1320 4590.0 -1 0 0 0 1 0 0 0 -1 3004.DAT
0 STEP
1 86 200.0 -1272 4730.0 -1 0 0 0 1 0 0 0 -1 3010.DAT
0 STEP
1 86 120.0 -1344 4790.0 -1 0 0 0 1 0 0 0 -1 3004.DAT
0 STEP
1 86 30.0 -336 4640.0 0 0 1 0 1 0 -1 0 0 3004.DAT
0 STEP
1 86 100.0 -312 4760.0 0 0 1 0 1 0 -1 0 0 3003.DAT
0 STEP
1 86 160.0 -1584 4870.0 -1 0 0 0 1 0 0 0 -1 3004.DAT
0 STEP
1 86 110.0 -888 4720.0 0 0 1 0 1 0 -1 0 0 3004.DAT
0 STEP
1 86 180.0 -1944 4940.0 0 0 1 0 1 0 -1 0 0 3003.DAT
0 STEP
1 86 140.0 -552 4710.0 -1 0 0 0 1 0 0 0 -1 3010.DAT
0 STEP
1 86 50.0 -2160 4920.0 0 0 1 0 1 0 -1 0 0 3010.DAT
0 STEP
1 86 90.0 -1536 4660.0 0 0 1 0 1 0 -1 0 0 3004.DAT
0 STEP
1 86 150.0 -1848 5020.0 0 0 1 0 1 0 -1 0 0 3004.DAT
0 STEP
1 86 50.0 -696 4660.0 0 0 1 0 1 0 -1 0 0 3004.DAT
0 STEP
1 86 130.0 -1944 5060.0 0 0 1 0 1 0 -1 0 0 3004.DAT
0 STEP
1 86 120.0 -2136 5030.0 -1 0 0 0 1 0 0 0 -1 3009.DAT
0 STEP
1 86 120.0 -168 4550.0 -1 0 0 0 1 0 0 0 -1 3004.DAT
0 STEP
1 86 170.0 -1560 4540.0 0 0 1 0 1 0 -1 0 0 3010.DAT
0 STEP
1 86 60.0 -312 4580.0 0 0 1 0 1 0 -1 0 0 3003.DAT
0 STEP
1 86 90.0 -1056 4680.0 0 0 1 0 1 0 -1 0 0 3010.DAT
0 STEP
1 86 90.0 -1464 4660.0 0 0 1 0 1 0 -1 0 0 3004.DAT
0 STEP
1 86 50.0 -1968 4980.0 0 0 1 0 1 0 -1 0 0 3009.DAT
0 STEP
1 86 190.0 -1224 4660.0 0 0 1 0 1 0 -1 0 0 3004.DAT
0 STEP
1 86 120.0 -1320 4760.0 0 0 1 0 1 0 -1 0 0 3003.DAT
0 STEP
1 86 120.0 -1560 4910.0 -1 0 0 0 1 0 0 0 -1 3010.DAT
0 STEP
1 86 50.0 -768 4660.0 0 0 1 0 1 0 -1 0 0 3004.DAT
0 STEP
1 86 70.0 -1704 5020.0 0 0 1 0 1 0 -1 0 0 3004.DAT
0 STEP
1 86 170.0 -1104 4720.0 0 0 1 0 1 0 -1 0 0 3004.DAT
0 STEP
1 86 170.0 -2016 4980.0 0 0 1 0 1 0 -1 0 0 3010.DAT
0 STEP
1 86 70.0 -1896 5060.0 0 0 1 0 1 0 -1 0 0 3004.DAT
0 STEP
1 86 50.0 -504 4660.0 0 0 1 0 1 0 -1 0 0 3010.DAT
0 STEP
1 86 180.0 -1032 4640.0 0 0 1 0 1 0 -1 0 0 3003.DAT
0 STEP
1 86 190.0 -1032 4700.0 0 0 1 0 1 0 -1 0 0 3004.DAT
0 STEP
1 86 80.0 -1632 4710.0 -1 0 0 0 1 0 0 0 -1 3004.DAT
0 STEP
1 86 180.0 -1632 4710.0 -1 0 0 0 1 0 0 0 -1 3004.DAT
0 STEP
1 86 50.0 -480 4660.0 0 0 1 0 1 0 -1 0 0 3010.DAT
0 STEP
1 86 90.0 -480 4700.0 0 0 1 0 1 0 -1 0 0 3010.DAT
0 STEP
1 86 180.0 -2064 4890.0 -1 0 0 0 1 0 0 0 -1 3004.DAT
0 STEP
1 86 90.0 -1584 4880.0 0 0 1 0 1 0 -1 0 0 3004.DAT
0 STEP
1 86 120.0 -1416 4620.0 0 0 1 0 1 0 -1 0 0 3003.DAT
0 STEP
1 86 90.0 -816 4700.0 0 0 1 0 1 0 -1 0 0 3010.DAT
0 STEP
1 86 120.0 -168 4780.0 0 0 1 0 1 0 -1 0 0 3003.DAT
0 STEP
1 86 170.0 -312 4760.0 0 0 1 0 1 0 -1 0 0 3004.DAT
0 STEP
1 86 100.0 -1872 5050.0 -1 0 0 0 1 0 0 0 -1 3010.DAT
0 STEP
1 86 190.0 -984 4700.0 0 0 1 0 1 0 -1 0 0 3004.DAT
0 STEP
1 86 130.0 -1776 4340.0 0 0 1 0 1 0 -1 0 0 3004.DAT
0 STEP
1 86 110.0 -864 4640.0 0 0 1 0 1 0 -1 0 0 3004.DAT
0 STEP
1 86 190.0 -288 4580.0 0 0 1 0 1 0 -1 0 0 3004.DAT
0 STEP
1 86 70.0 -1656 5020.0 0 0 1 0 1 0 -1 0 0 3004.DAT
0 STEP
1 86 50.0 -1560 4720.0 0 0 1 0 1 0 -1 0 0 3010.DAT
0 STEP
1 86 70.0 -1224 4680.0 0 0 1 0 1 0 -1 0 0 3004.DAT
0 STEP
1 86 90.0 -1752 4880.0 0 0 1 0 1 0 -1 0 0 3004.DAT
0 STEP
1 86 120.0 -1464 4870.0 -1 0 0 0 1 0 0 0 -1 3010.DAT
0 STEP
1 86 70.0 -864 4620.0 0 0 1 0 1 0 -1 0 0 3004.DAT
0 STEP
1 86 200.0 -1416 4630.0 -1 0 0 0 1 0 0 0 -1 3004.DAT
0 STEP
1 86 160.0 -600 4640.0 0 0 1 0 1 0 -1 0 0 3003.DAT
0 STEP
1 86 160.0 -1320 4770.0 -1 0 0 0 1 0 0 0 -1 3004.DAT
0 STEP
1 86 70.0 -1344 4680.0 0 0 1 0 1 0 -1 0 0 3004.DAT
0 STEP
1 86 110.0 -1272 4780.0 0 0 1 0 1 0 -1 0 0 3004.DAT
0 STEP
1 86 140.0 -1728 5020.0 0 0 1 0 1 0 -1 0 0 3003.DAT
0 STEP
1 86 180.0 -1296 4730.0 -1 0 0 0 1 0 0 0 -1 3004.DAT
0 STEP
1 86 160.0 -2040 5070.0 -1 0 0 0 1 0 0 0 -1 3004.DAT
0 STEP
1 86 90.0 -264 4600.0 0 0 1 0 1 0 -1 0 0 3004.DAT
0 STEP
1 86 220.0 -1296 4620.0 0 0 1 0 1 0 -1 0 0 3003.DAT
0 STEP
1 86 160.0 -984 4640.0 0 0 1 0 1 0 -1 0 0 3003.DAT
0 STEP
1 86 150.0 -1680 5040.0 0 0 1 0 1 0 -1 0 0 3004.DAT
0 STEP
1 86 170.0 -1248 4700.0 0 0 1 0 1 0 -1 0 0 3004.DAT
0 STEP
1 86 80.0 -624 4700.0 0 0 1 0 1 0 -1 0 0 3003.DAT
0 STEP
1 86 180.0 -1080 4650.0 -1 0 0 0 1 0 0 0 -1 3010.DAT
0 STEP
1 86 170.0 -2280 4780.0 0 0 1 0 1 0 -1 0 0 3004.DAT
0 STEP
1 86 200.0 -432 4710.0 -1 0 0 0 1 0 0 0 -1 3004.DAT
0 STEP
1 86 150.0 -1752 5060.0 0 0 1 0 1 0 -1 0 0 3004.DAT
0 STEP
1 86 180.0 -840 4690.0 -1 0 0 0 1 0 0 0 -1 3004.DAT
0 STEP
1 86 80.0 -1320 4770.0 -1 0 0 0 1 0 0 0 -1 3004.DAT
0 STEP
1 86 50.0 -912 4660.0 0 0 1 0 1 0 -1 0 0 3004.DAT
0 STEP
1 86 70.0 -1296 4740.0 0 0 1 0 1 0 -1 0 0 3004.DAT
0 STEP
1 86 190.0 -816 4660.0 0 0 1 0 1 0 -1 0 0 3010.DAT
0 STEP
1 86 70.0 -432 4600.0 0 0 1 0 1 0 -1 0 0 3004.DAT
0 STEP
1 86 210.0 -1344 4660.0 0 0 1 0 1 0 -1 0 0 3010.DAT
0 STEP
1 86 180.0 -1944 5000.0 0 0 1 0 1 0 -1 0 0 3003.DAT
0 STEP
1 86 70.0 -960 4700.0 0 0 1 0 1 0 -1 0 0 3004.DAT
0 STEP
1 86 80.0 -1584 4930.0 -1 0 0 0 1 0 0 0 -1 3004.DAT
0 STEP
1 86 50.0 -816 4660.0 0 0 1 0 1 0 -1 0 0 3004.DAT
0 STEP
1 86 160.0 -1104 4590.0 -1 0 0 0 1 0 0 0 -1 3004.DAT
0 STEP
1 86 180.0 -1848 5020.0 0 0 1 0 1 0 -1 0 0 3003.DAT
0 STEP
1 86 50.0 -1560 4640.0 0 0 1 0 1 0 -1 0 0 3004.DAT
0 STEP
1 86 160.0 -2256 4910.0 -1 0 0 0 1 0 0 0 -1 3004.DAT
0 STEP
1 86 140.0 -960 4630.0 -1 0 0 0 1 0 0 0 -1 3010.DAT
0 STEP
1 86 180.0 -1296 4630.0 -1 0 0 0 1 0 0 0 -1 3004.DAT
0 STEP
1 86 130.0 -936 4720.0 0 0 1 0 1 0 -1 0 0 3004.DAT
0 STEP
1 86 180.0 -1800 4850.0 -1 0 0 0 1 0 0 0 -1 3004.DAT
0 STEP
1 86 60.0 -1584 4900.0 0 0 1 0 1 0 -1 0 0 3003.DAT
0 STEP
1 86 180.0 -1296 4580.0 0 0 1 0 1 0 -1 0 0 3003.DAT
0 STEP
1 86 140.0 -1704 4380.0 0 0 1 0 1 0 -1 0 0 3003.DAT
0 STEP
1 86 120.0 -2184 4990.0 -1 0 0 0 1 0 0 0 -1 3004.DAT
0 STEP
1 86 80.0 -816 4610.0 -1 0 0 0 1 0 0 0 -1 3004.DAT
0 STEP
1 86 100.0 -1512 4850.0 -1 0 0 0 1 0 0 0 -1 3004.DAT
0 STEP
1 86 90.0 -336 4700.0 0 0 1 0 1 0 -1 0 0 3004.DAT
0 STEP
1 86 30.0 -168 4680.0 0 0 1 0 1 0 -1 0 0 3004.DAT
0 STEP
1 86 50.0 -2112 4900.0 0 0 1 0 1 0 -1 0 0 3004.DAT
0 STEP
1 86 160.0 -1296 4550.0 -1 0 0 0 1 0 0 0 -1 3004.DAT
0 STEP
1 86 100.0 -1344 4590.0 -1 0 0 0 1 0 0 0 -1 3004.DAT
0 STEP
1 86 160.0 -1488 4720.0 0 0 1 0 1 0 -1 0 0 3003.DAT
0 STEP
1 86 120.0 -2064 4900.0 0 0 1 0 1 0 -1 0 0 3003.DAT
0 STEP
1 86 140.0 -1776 4850.0 -1 0 0 0 1 0 0 0 -1 3010.DAT
0 STEP
1 86 40.0 -1344 4610.0 -1 0 0 0 1 0 0 0 -1 3004.DAT
0 STEP
1 86 70.0 -1920 5060.0 0 0 1 0 1 0 -1 0 0 3010.DAT
0 STEP
1 86 120.0 -1848 5090.0 -1 0 0 0 1 0 0 0 -1 3010.DAT
0 STEP
1 86 130.0 -360 4720.0 0 0 1 0 1 0 -1 0 0 3004.DAT
0 STEP
1 86 180.0 -336 4590.0 -1 0 0 0 1 0 0 0 -1 3004.DAT
0 STEP
1 86 140.0 -480 4750.0 -1 0 0 0 1 0 0 0 -1 3004.DAT
0 STEP
1 86 200.0 -1368 4680.0 0 0 1 0 1 0 -1 0 0 3003.DAT
0 STEP
1 86 120.0 -1992 5110.0 -1 0 0 0 1 0 0 0 -1 3004.DAT
0 STEP
1 86 200.0 -1320 4590.0 -1 0 0 0 1 0 0 0 -1 3004.DAT
0 STEP
1 86 80.0 -1032 4610.0 -1 0 0 0 1 0 0 0 -1 3004.DAT
0 STEP
1 86 180.0 -1944 4970.0 -1 0 0 0 1 0 0 0 -1 3004.DAT
0 STEP
1 86 140.0 -1536 4950.0 -1 0 0 0 1 0 0 0 -1 3004.DAT
0 STEP
1 86 170.0 -1320 4700.0 0 0 1 0 1 0 -1 0 0 3004.DAT
0 STEP
1 86 190.0 -1920 4920.0 0 0 1 0 1 0 -1 0 0 3010.DAT
0 STEP
1 86 120.0 -288 4790.0 -1 0 0 0 1 0 0 0 -1 3004.DAT
0 STEP
1 86 120.0 -24 4590.0 -1 0 0 0 1 0 0 0 -1 3004.DAT
0 STEP
1 86 140.0 -2040 4890.0 -1 0 0 0 1 0 0 0 -1 3010.DAT
0 STEP
1 86 60.0 -2016 5030.0 -1 0 0 0 1 0 0 0 -1 3004.DAT
0 STEP
1 86 180.0 -1176 4690.0 -1 0 0 0 1 0 0 0 -1 3004.DAT
0 STEP
1 86 60.0 -1272 4590.0 -1 0 0 0 1 0 0 0 -1 3004.DAT
0 STEP
1 86 120.0 -216 4790.0 -1 0 0 0 1 0 0 0 -1 3004.DAT
0 STEP
1 86 160.0 -720 4640.0 0 0 1 0 1 0 -1 0 0 3003.DAT
0 STEP
1 86 100.0 -816 4650.0 -1 0 0 0 1 0 0 0 -1 3004.DAT
0 STEP
1 86 150.0 -696 4600.0 0 0 1 0 1 0 -1 0 0 3004.DAT
0 STEP
1 86 140.0 -1704 4780.0 0 0 1 0 1 0 -1 0 0 3003.DAT
0 STEP
1 86 180.0 -1608 4870.0 -1 0 0 0 1 0 0 0 -1 3004.DAT
0 STEP
1 86 80.0 -1536 4460.0 0 0 1 0 1 0 -1 0 0 3003.DAT
0 STEP
1 86 80.0 -1512 4800.0 0 0 1 0 1 0 -1 0 0 3003.DAT
0 STEP
1 86 180.0 -768 4690.0 -1 0 0 0 1 0 0 0 -1 3004.DAT
0 STEP
1 86 160.0 -1464 4690.0 -1 0 0 0 1 0 0 0 -1 3004.DAT
0 STEP
1 86 160.0 -1128 4730.0 -1 0 0 0 1 0 0 0 -1 3004.DAT
0 STEP
1 86 50.0 -2136 4960.0 0 0 1 0 1 0 -1 0 0 3010.DAT
0 STEP
1 86 210.0 -312 4720.0 0 0 1 0 1 0 -1 0 0 3004.DAT
0 STEP
1 86 60.0 -2160 4990.0 -1 0 0 0 1 0 0 0 -1 3004.DAT
0 STEP
1 86 150.0 -552 4640.0 0 0 1 0 1 0 -1 0 0 3009.DAT
0 STEP
1 86 60.0 -792 4630.0 -1 0 0 0 1 0 0 0 -1 3004.DAT
0 STEP
1 86 160.0 -1488 4850.0 -1 0 0 0 1 0 0 0 -1 3004.DAT
0 STEP
1 86 190.0 -1176 4620.0 0 0 1 0 1 0 -1 0 0 3004.DAT
0 STEP
1 86 50.0 -336 4720.0 0 0 1 0 1 0 -1 0 0 3004.DAT
0 STEP
1 86 150.0 -2136 4940.0 0 0 1 0 1 0 -1 0 0 3010.DAT
0 STEP
1 86 190.0 -720 4640.0 0 0 1 0 1 0 -1 0 0 3004.DAT
0 STEP
1 86 60.0 -384 4640.0 0 0 1 0 1 0 -1 0 0 3003.DAT
0 STEP
1 86 90.0 -1104 4660.0 0 0 1 0 1 0 -1 0 0 3004.DAT
0 STEP
1 86 180.0 -1608 4970.0 -1 0 0 0 1 0 0 0 -1 3004.DAT
0 STEP
1 86 150.0 -2208 4880.0 0 0 1 0 1 0 -1 0 0 3004.DAT
0 STEP
1 86 80.0 -2040 5060.0 0 0 1 0 1 0 -1 0 0 3003.DAT
0 STEP
1 86 40.0 -1176 4680.0 0 0 1 0 1 0 -1 0 0 3003.DAT
0 STEP
1 86 90.0 -1344 4720.0 0 0 1 0 1 0 -1 0 0 3004.DAT
0 STEP
1 86 30.0 -360 4660.0 0 0 1 0 1 0 -1 0 0 3010.DAT
0 STEP
1 86 180.0 -96 4740.0 0 0 1 0 1 0 -1 0 0 3003.DAT
0 STEP
1 86 160.0 -840 4660.0 0 0 1 0 1 0 -1 0 0 3003.DAT
0 STEP
1 86 150.0 -816 4600.0 0 0 1 0 1 0 -1 0 0 3004.DAT
0 STEP
1 86 170.0 -912 4720.0 0 0 1 0 1 0 -1 0 0 3004.DAT
0 STEP
1 86 180.0 -1344 4760.0 0 0 1 0 1 0 -1 0 0 3003.DAT
0 STEP
1 86 90.0 -1176 4600.0 0 0 1 0 1 0 -1 0 0 3010.DAT
0 STEP
1 86 180.0 -2184 4980.0 0 0 1 0 1 0 -1 0 0 3003.DAT
0 STEP
1 86 140.0 -2304 4910.0 -1 0 0 0 1 0 0 0 -1 3010.DAT
0 STEP
1 86 70.0 -1896 4900.0 0 0 1 0 1 0 -1 0 0 3004.DAT
0 STEP
1 86 120.0 -1968 5070.0 -1 0 0 0 1 0 0 0 -1 3004.DAT
0 STEP
1 86 60.0 -360 4700.0 0 0 1 0 1 0 -1 0 0 3003.DAT
0 STEP
1 86 50.0 -216 4740.0 0 0 1 0 1 0 -1 0 0 3004.DAT
0 STEP
1 86 130.0 -1344 4580.0 0 0 1 0 1 0 -1 0 0 3004.DAT
0 STEP
1 86 90.0 -1440 4660.0 0 0 1 0 1 0 -1 0 0 3004.DAT
0 STEP
1 86 120.0 -1224 4770.0 -1 0 0 0 1 0 0 0 -1 3004.DAT
0 STEP
1 86 190.0 -1560 4840.0 0 0 1 0 1 0 -1 0 0 3004.DAT
0 STEP
1 86 90.0 -1920 5040.0 0 0 1 0 1 0 -1 0 0 3004.DAT
0 STEP
1 86 120.0 -936 4630.0 -1 0 0 0 1 0 0 0 -1 3004.DAT
0 STEP
1 86 190.0 -624 4660.0 0 0 1 0 1 0 -1 0 0 3010.DAT
0 STEP
1 86 240.0 -240 4670.0 -1 0 0 0 1 0 0 0 -1 3004.DAT
0 STEP
1 86 120.0 -360 4770.0 -1 0 0 0 1 0 0 0 -1 3010.DAT
0 STEP
1 86 80.0 -1800 5010.0 -1 0 0 0 1 0 0 0 -1 3004.DAT
0 STEP
1 86 120.0 -1104 4630.0 -1 0 0 0 1 0 0 0 -1 3010.DAT
0 STEP
1 86 190.0 -1104 4660.0 0 0 1 0 1 0 -1 0 0 3010.DAT
0 STEP
1 86 80.0 -696 4690.0 -1 0 0 0 1 0 0 0 -1 3010.DAT
0 STEP
1 86 90.0 -1680 4940.0 0 0 1 0 1 0 -1 0 0 3009.DAT
0 STEP
1 86 190.0 -408 4620.0 0 0 1 0 1 0 -1 0 0 3004.DAT
0 STEP
1 86 60.0 -552 4630.0 -1 0 0 0 1 0 0 0 -1 3004.DAT
0 STEP
1 86 120.0 -216 4740.0 0 0 1 0 1 0 -1 0 0 3003.DAT
0 STEP
1 86 190.0 -1848 4920.0 0 0 1 0 1 0 -1 0 0 3004.DAT
0 STEP
1 86 100.0 -720 4650.0 -1 0 0 0 1 0 0 0 -1 3004.DAT
0 STEP
1 86 170.0 -408 4680.0 0 0 1 0 1 0 -1 0 0 3009.DAT
0 STEP
1 86 120.0 -864 4590.0 -1 0 0 0 1 0 0 0 -1 3004.DAT
0 STEP
1 86 180.0 -1776 5000.0 0 0 1 0 1 0 -1 0 0 3003.DAT
0 STEP
1 86 80.0 -1440 4800.0 0 0 1 0 1 0 -1 0 0 3003.DAT
0 STEP
1 86 120.0 -1488 4780.0 0 0 1 0 1 0 -1 0 0 3003.DAT
0 STEP
1 86 140.0 -1656 4340.0 0 0 1 0 1 0 -1 0 0 3003.DAT
0 STEP
1 86 150.0 -144 4560.0 0 0 1 0 1 0 -1 0 0 3004.DAT
0 STEP
1 86 140.0 -1584 4450.0 -1 0 0 0 1 0 0 0 -1 3004.DAT
0 STEP
1 86 90.0 -1992 4960.0 0 0 1 0 1 0 -1 0 0 3010.DAT
0 STEP
1 86 190.0 -1560 4580.0 0 0 1 0 1 0 -1 0 0 3009.DAT
0 STEP
1 86 120.0 -600 4690.0 -1 0 0 0 1 0 0 0 -1 3004.DAT
0 STEP
1 86 140.0 -1632 4330.0 -1 0 0 0 1 0 0 0 -1 3004.DAT
0 STEP
1 86 150.0 -2064 5000.0 0 0 1 0 1 0 -1 0 0 3004.DAT
0 STEP
1 86 120.0 -1728 4390.0 -1 0 0 0 1 0 0 0 -1 3010.DAT
0 STEP
1 86 90.0 -984 4600.0 0 0 1 0 1 0 -1 0 0 3004.DAT
0 STEP
1 86 60.0 -1176 4620.0 0 0 1 0 1 0 -1 0 0 3003.DAT
0 STEP
1 86 150.0 -1728 4320.0 0 0 1 0 1 0 -1 0 0 3004.DAT
0 STEP
1 86 180.0 -1032 4670.0 -1 0 0 0 1 0 0 0 -1 3004.DAT
0 STEP
1 86 160.0 -456 4590.0 -1 0 0 0 1 0 0 0 -1 3004.DAT
0 STEP
1 86 30.0 -1200 4660.0 0 0 1 0 1 0 -1 0 0 3010.DAT
0 STEP
1 86 140.0 -1560 4960.0 -1 0 0 0 1 0 0 0 -1 3001.DAT
0 STEP
1 86 80.0 -1344 4550.0 -1 0 0 0 1 0 0 0 -1 3004.DAT
0 STEP
1 86 180.0 -1968 4890.0 -1 0 0 0 1 0 0 0 -1 3004.DAT
0 STEP
1 86 60.0 -1392 4590.0 -1 0 0 0 1 0 0 0 -1 3004.DAT
0 STEP
1 86 120.0 -1488 4830.0 -1 0 0 0 1 0 0 0 -1 3004.DAT
0 STEP
1 86 120.0 -552 4690.0 -1 0 0 0 1 0 0 0 -1 3004.DAT
0 STEP
1 86 80.0 -120 4580.0 0 0 1 0 1 0 -1 0 0 3003.DAT
0 STEP
1 86 150.0 -2208 5020.0 0 0 1 0 1 0 -1 0 0 3004.DAT
0 STEP
1 86 120.0 -408 4750.0 -1 0 0 0 1 0 0 0 -1 3010.DAT
0 STEP
1 86 180.0 -2040 4960.0 0 0 1 0 1 0 -1 0 0 3003.DAT
0 STEP
1 86 190.0 -840 4660.0 0 0 1 0 1 0 -1 0 0 3004.DAT
0 STEP
1 86 50.0 -1536 4620.0 0 0 1 0 1 0 -1 0 0 3004.DAT
0 STEP
1 86 120.0 -1944 4930.0 -1 0 0 0 1 0 0 0 -1 3010.DAT
0 STEP
1 86 100.0 -1848 4910.0 -1 0 0 0 1 0 0 0 -1 3004.DAT
0 STEP
1 86 120.0 -696 4590.0 -1 0 0 0 1 0 0 0 -1 3004.DAT
0 STEP
1 86 120.0 -912 4730.0 -1 0 0 0 1 0 0 0 -1 3010.DAT
0 STEP
1 86 130.0 -648 4720.0 0 0 1 0 1 0 -1 0 0 3004.DAT
0 STEP
1 86 140.0 -864 4730.0 -1 0 0 0 1 0 0 0 -1 3004.DAT
0 STEP
1 86 100.0 -1008 4720.0 0 0 1 0 1 0 -1 0 0 3003.DAT
0 STEP
1 86 150.0 -1752 5000.0 0 0 1 0 1 0 -1 0 0 3004.DAT
0 STEP
1 86 50.0 -864 4660.0 0 0 1 0 1 0 -1 0 0 3010.DAT
0 STEP
1 86 110.0 -840 4620.0 0 0 1 0 1 0 -1 0 0 3010.DAT
0 STEP
1 86 80.0 -1152 4630.0 -1 0 0 0 1 0 0 0 -1 3004.DAT
0 STEP
1 86 120.0 -1680 4360.0 0 0 1 0 1 0 -1 0 0 3003.DAT
0 STEP
1 86 60.0 -1200 4600.0 0 0 1 0 1 0 -1 0 0 3003.DAT
0 STEP
1 86 160.0 -1632 4990.0 -1 0 0 0 1 0 0 0 -1 3010.DAT
0 STEP
1 86 110.0 -2232 5000.0 0 0 1 0 1 0 -1 0 0 3010.DAT
0 STEP
1 86 120.0 -2280 4780.0 -1 0 0 0 1 0 0 0 -1 3001.DAT
0 STEP
1 86 30.0 -1224 4680.0 0 0 1 0 1 0 -1 0 0 3010.DAT
0 STEP
1 86 110.0 -1680 4300.0 0 0 1 0 1 0 -1 0 0 3004.DAT
0 STEP
1 86 170.0 -1800 5060.0 0 0 1 0 1 0 -1 0 0 3004.DAT
0 STEP
1 86 140.0 -2112 4870.0 -1 0 0 0 1 0 0 0 -1 3010.DAT
0 STEP
1 86 60.0 -1320 4750.0 -1 0 0 0 1 0 0 0 -1 3004.DAT
0 STEP
1 86 180.0 -1008 4680.0 0 0 1 0 1 0 -1 0 0 3003.DAT
0 STEP
1 86 120.0 -792 4630.0 -1 0 0 0 1 0 0 0 -1 3004.DAT
0 STEP
1 86 160.0 -1536 4870.0 -1 0 0 0 1 0 0 0 -1 3010.DAT
0 STEP
1 86 90.0 -600 4680.0 0 0 1 0 1 0 -1 0 0 3010.DAT
0 STEP
1 86 30.0 -192 4660.0 0 0 1 0 1 0 -1 0 0 3004.DAT
0 STEP
1 86 80.0 -1824 5040.0 0 0 1 0 1 0 -1 0 0 3003.DAT
0 STEP
1 86 180.0 -1728 4820.0 0 0 1 0 1 0 -1 0 0 3003.DAT
0 STEP
1 86 170.0 -1752 4980.0 0 0 1 0 1 0 -1 0 0 3004.DAT
0 STEP
1 86 120.0 -2160 5000.0 0 0 1 0 1 0 -1 0 0 3003.DAT
0 STEP
1 86 120.0 -1536 4390.0 -1 0 0 0 1 0 0 0 -1 3004.DAT
0 STEP
1 86 160.0 -1248 4730.0 -1 0 0 0 1 0 0 0 -1 3010.DAT
0 STEP
1 86 40.0 -312 4610.0 -1 0 0 0 1 0 0 0 -1 3004.DAT
0 STEP
1 86 50.0 -1608 4820.0 0 0 1 0 1 0 -1 0 0 3010.DAT
0 STEP
1 86 80.0 -1752 4840.0 0 0 1 0 1 0 -1 0 0 3003.DAT
0 STEP
1 86 140.0 -744 4590.0 -1 0 0 0 1 0 0 0 -1 3004.DAT
0 STEP
1 86 120.0 -888 4630.0 -1 0 0 0 1 0 0 0 -1 3004.DAT
0 STEP
1 86 140.0 -2040 5050.0 -1 0 0 0 1 0 0 0 -1 3004.DAT
0 STEP
1 86 100.0 -1968 5050.0 -1 0 0 0 1 0 0 0 -1 3009.DAT
0 STEP
1 86 90.0 -1656 5040.0 0 0 1 0 1 0 -1 0 0 3004.DAT
0 STEP
1 86 190.0 -1272 4660.0 0 0 1 0 1 0 -1 0 0 3004.DAT
0 STEP
1 86 190.0 -864 4680.0 0 0 1 0 1 0 -1 0 0 3004.DAT
0 STEP
1 86 120.0 -2016 5080.0 0 0 1 0 1 0 -1 0 0 3001.DAT
0 STEP
1 86 180.0 -1680 4960.0 0 0 1 0 1 0 -1 0 0 3003.DAT
0 STEP
1 86 190.0 -2256 4860.0 0 0 1 0 1 0 -1 0 0 3010.DAT
0 STEP
1 86 160.0 -1536 4440.0 0 0 1 0 1 0 -1 0 0 3003.DAT
0 STEP
1 86 90.0 -2184 4900.0 0 0 1 0 1 0 -1 0 0 3010.DAT
0 STEP
1 86 140.0 -1080 4590.0 -1 0 0 0 1 0 0 0 -1 3010.DAT
0 STEP
1 86 170.0 -2232 4980.0 0 0 1 0 1 0 -1 0 0 3010.DAT
0 STEP
1 86 50.0 -1632 4800.0 0 0 1 0 1 0 -1 0 0 3010.DAT
0 STEP
1 86 170.0 -1824 4960.0 0 0 1 0 1 0 -1 0 0 3010.DAT
0 STEP
1 86 70.0 -1848 5060.0 0 0 1 0 1 0 -1 0 0 3004.DAT
0 STEP
1 86 60.0 -2064 5020.0 0 0 1 0 1 0 -1 0 0 3003.DAT
0 STEP
1 86 140.0 -1464 4810.0 -1 0 0 0 1 0 0 0 -1 3010.DAT
0 STEP
1 86 110.0 -576 4600.0 0 0 1 0 1 0 -1 0 0 3004.DAT
0 STEP
1 86 120.0 -1368 4550.0 -1 0 0 0 1 0 0 0 -1 3004.DAT
0 STEP
1 86 150.0 -648 4700.0 0 0 1 0 1 0 -1 0 0 3010.DAT
0 STEP
1 86 70.0 -504 4700.0 0 0 1 0 1 0 -1 0 0 3004.DAT
0 STEP
1 86 100.0 -1584 4910.0 -1 0 0 0 1 0 0 0 -1 3004.DAT
0 STEP
1 86 170.0 -552 4640.0 0 0 1 0 1 0 -1 0 0 3010.DAT
0 STEP
1 86 100.0 -1392 4690.0 -1 0 0 0 1 0 0 0 -1 3004.DAT
0 STEP
1 86 80.0 -264 4720.0 0 0 1 0 1 0 -1 0 0 3003.DAT
0 STEP
1 86 120.0 -360 4570.0 -1 0 0 0 1 0 0 0 -1 3009.DAT
0 STEP
1 86 40.0 -192 4610.0 -1 0 0 0 1 0 0 0 -1 3004.DAT
0 STEP
1 86 80.0 -552 4700.0 0 0 1 0 1 0 -1 0 0 3003.DAT
0 STEP
1 86 190.0 -1536 4660.0 0 0 1 0 1 0 -1 0 0 3010.DAT
0 STEP
1 86 70.0 -1320 4560.0 0 0 1 0 1 0 -1 0 0 3004.DAT
0 STEP
1 86 160.0 -120 4580.0 0 0 1 0 1 0 -1 0 0 3003.DAT
0 STEP
1 86 70.0 -1560 4920.0 0 0 1 0 1 0 -1 0 0 3010.DAT
0 STEP
1 86 160.0 -2160 5020.0 0 0 1 0 1 0 -1 0 0 3003.DAT
0 STEP
1 86 120.0 -1752 5070.0 -1 0 0 0 1 0 0 0 -1 3004.DAT
0 STEP
1 86 120.0 -2280 4840.0 0 0 1 0 1 0 -1 0 0 3003.DAT
0 STEP
1 86 110.0 -1128 4720.0 0 0 1 0 1 0 -1 0 0 3010.DAT
0 STEP
1 86 120.0 -1872 4300.0 0 0 1 0 1 0 -1 0 0 3003.DAT
0 STEP
1 86 190.0 -360 4660.0 0 0 1 0 1 0 -1 0 0 3004.DAT
0 STEP
1 86 50.0 -2040 4920.0 0 0 1 0 1 0 -1 0 0 3004.DAT
0 STEP
1 86 190.0 -2184 4920.0 0 0 1 0 1 0 -1 0 0 3010.DAT
0 STEP
1 86 170.0 -2184 5020.0 0 0 1 0 1 0 -1 0 0 3004.DAT
0 STEP
1 86 190.0 -1968 4940.0 0 0 1 0 1 0 -1 0 0 3010.DAT
0 STEP
1 86 60.0 -1224 4710.0 -1 0 0 0 1 0 0 0 -1 3004.DAT
0 STEP
1 86 180.0 -1128 4620.0 0 0 1 0 1 0 -1 0 0 3003.DAT
0 STEP
1 86 80.0 -1656 4990.0 -1 0 0 0 1 0 0 0 -1 3010.DAT
0 STEP
1 86 120.0 -1896 5110.0 -1 0 0 0 1 0 0 0 -1 3004.DAT
0 STEP
1 86 160.0 -360 4710.0 -1 0 0 0 1 0 0 0 -1 3004.DAT
0 STEP
1 86 180.0 -1632 4900.0 0 0 1 0 1 0 -1 0 0 3003.DAT
0 STEP
1 86 120.0 -1968 4930.0 -1 0 0 0 1 0 0 0 -1 3010.DAT
0 STEP
1 86 160.0 -1824 5060.0 0 0 1 0 1 0 -1 0 0 3003.DAT
0 STEP
1 86 210.0 -144 4720.0 0 0 1 0 1 0 -1 0 0 3004.DAT
0 STEP
1 86 120.0 -1224 4550.0 -1 0 0 0 1 0 0 0 -1 3010.DAT
0 STEP
1 86 90.0 -672 4640.0 0 0 1 0 1 0 -1 0 0 3010.DAT
0 STEP
1 86 120.0 -1632 4690.0 -1 0 0 0 1 0 0 0 -1 3009.DAT
0 STEP
1 86 170.0 -1656 4360.0 0 0 1 0 1 0 -1 0 0 3004.DAT
0 STEP
1 86 190.0 -1080 4620.0 0 0 1 0 1 0 -1 0 0 3004.DAT
0 STEP
1 86 80.0 -1440 4700.0 0 0 1 0 1 0 -1 0 0 3003.DAT
0 STEP
1 86 120.0 -1992 5050.0 -1 0 0 0 1 0 0 0 -1 3004.DAT
0 STEP
1 86 160.0 -552 4730.0 -1 0 0 0 1 0 0 0 -1 3004.DAT
0 STEP
1 86 60.0 -1992 5050.0 -1 0 0 0 1 0 0 0 -1 3004.DAT
0 STEP
1 86 160.0 -1824 5010.0 -1 0 0 0 1 0 0 0 -1 3004.DAT
0 STEP
1 86 140.0 -72 4740.0 0 0 1 0 1 0 -1 0 0 3003.DAT
0 STEP
1 86 130.0 -1608 4380.0 0 0 1 0 1 0 -1 0 0 3009.DAT
0 STEP
1 86 50.0 -1824 4980.0 0 0 1 0 1 0 -1 0 0 3009.DAT
0 STEP
1 86 180.0 -1152 4590.0 -1 0 0 0 1 0 0 0 -1 3004.DAT
0 STEP
1 86 90.0 -552 4660.0 0 0 1 0 1 0 -1 0 0 3004.DAT
0 STEP
1 86 180.0 -2088 4990.0 -1 0 0 0 1 0 0 0 -1 3004.DAT
0 STEP
1 86 200.0 -312 4610.0 -1 0 0 0 1 0 0 0 -1 3004.DAT
0 STEP
1 86 100.0 -1248 4560.0 0 0 1 0 1 0 -1 0 0 3003.DAT
0 STEP
1 86 60.0 -1224 4740.0 0 0 1 0 1 0 -1 0 0 3003.DAT
0 STEP
1 86 100.0 -1488 4810.0 -1 0 0 0 1 0 0 0 -1 3010.DAT
0 STEP
1 86 120.0 -2280 4810.0 -1 0 0 0 1 0 0 0 -1 3004.DAT
0 STEP
1 86 120.0 -2256 4860.0 0 0 1 0 1 0 -1 0 0 3003.DAT
0 STEP
1 86 180.0 -1512 4860.0 0 0 1 0 1 0 -1 0 0 3003.DAT
0 STEP
1 86 160.0 -1968 5030.0 -1 0 0 0 1 0 0 0 -1 3004.DAT
0 STEP
1 86 90.0 -1704 4940.0 0 0 1 0 1 0 -1 0 0 3010.DAT
0 STEP
1 86 210.0 -336 4720.0 0 0 1 0 1 0 -1 0 0 3004.DAT
0 STEP
1 86 140.0 -1800 5050.0 -1 0 0 0 1 0 0 0 -1 3004.DAT
0 STEP
1 86 50.0 -2112 4980.0 0 0 1 0 1 0 -1 0 0 3010.DAT
0 STEP
1 86 150.0 -336 4740.0 0 0 1 0 1 0 -1 0 0 3010.DAT
0 STEP
1 86 190.0 -1248 4680.0 0 0 1 0 1 0 -1 0 0 3004.DAT
0 STEP
1 86 30.0 -240 4700.0 0 0 1 0 1 0 -1 0 0 3004.DAT
0 STEP
1 86 180.0 -2280 4840.0 0 0 1 0 1 0 -1 0 0 3003.DAT
0 STEP
1 86 150.0 -504 4660.0 0 0 1 0 1 0 -1 0 0 3010.DAT
0 STEP
1 86 190.0 -1632 4740.0 0 0 1 0 1 0 -1 0 0 3004.DAT
0 STEP
1 86 70.0 -1656 4400.0 0 0 1 0 1 0 -1 0 0 3010.DAT
0 STEP
1 86 90.0 -2160 4980.0 0 0 1 0 1 0 -1 0 0 3004.DAT
0 STEP
1 86 120.0 -1008 4590.0 -1 0 0 0 1 0 0 0 -1 3010.DAT
0 STEP
1 86 140.0 -576 4730.0 -1 0 0 0 1 0 0 0 -1 3004.DAT
0 STEP
1 86 150.0 -1248 4600.0 0 0 1 0 1 0 -1 0 0 3004.DAT
0 STEP
1 86 120.0 -72 4590.0 -1 0 0 0 1 0 0 0 -1 3010.DAT
0 STEP
1 86 140.0 -2208 4910.0 -1 0 0 0 1 0 0 0 -1 3004.DAT
0 STEP
1 86 120.0 -2160 4870.0 -1 0 0 0 1 0 0 0 -1 3008.DAT
0 STEP
1 86 160.0 -2136 5050.0 -1 0 0 0 1 0 0 0 -1 3004.DAT
0 STEP
1 86 140.0 -1920 4930.0 -1 0 0 0 1 0 0 0 -1 3010.DAT
0 STEP
1 86 80.0 -1296 4590.0 -1 0 0 0 1 0 0 0 -1 3009.DAT
0 STEP
1 86 230.0 -1272 4660.0 0 0 1 0 1 0 -1 0 0 3009.DAT
0 STEP
1 86 160.0 -1872 5030.0 -1 0 0 0 1 0 0 0 -1 3004.DAT
0 STEP
1 86 100.0 -1416 4590.0 -1 0 0 0 1 0 0 0 -1 3010.DAT
0 STEP
1 86 30.0 -1368 4640.0 0 0 1 0 1 0 -1 0 0 3010.DAT
0 STEP
1 86 110.0 -624 4700.0 0 0 1 0 1 0 -1 0 0 3004.DAT
0 STEP
1 86 120.0 -1896 5080.0 0 0 1 0 1 0 -1 0 0 3003.DAT
0 STEP
1 86 80.0 -1560 4870.0 -1 0 0 0 1 0 0 0 -1 3004.DAT
0 STEP
1 86 120.0 -2184 4880.0 0 0 1 0 1 0 -1 0 0 3003.DAT
0 STEP
1 86 120.0 -1632 4970.0 -1 0 0 0 1 0 0 0 -1 3009.DAT
0 STEP
1 86 160.0 -1248 4560.0 0 0 1 0 1 0 -1 0 0 3003.DAT
0 STEP
1 86 40.0 -168 4650.0 -1 0 0 0 1 0 0 0 -1 3004.DAT
0 STEP
1 86 140.0 -2184 5050.0 -1 0 0 0 1 0 0 0 -1 3004.DAT
0 STEP
1 86 180.0 -72 4720.0 0 0 1 0 1 0 -1 0 0 3003.DAT
0 STEP
1 86 190.0 -672 4660.0 0 0 1 0 1 0 -1 0 0 3010.DAT
0 STEP
1 86 120.0 -1752 5040.0 0 0 1 0 1 0 -1 0 0 3003.DAT
0 STEP
1 86 60.0 -840 4630.0 -1 0 0 0 1 0 0 0 -1 3004.DAT
0 STEP
1 86 160.0 -480 4590.0 -1 0 0 0 1 0 0 0 -1 3004.DAT
0 STEP
1 86 90.0 -2040 5000.0 0 0 1 0 1 0 -1 0 0 3010.DAT
0 STEP
1 86 100.0 -576 4690.0 -1 0 0 0 1 0 0 0 -1 3009.DAT
0 STEP
1 86 190.0 -1584 4860.0 0 0 1 0 1 0 -1 0 0 3010.DAT
0 STEP
1 86 70.0 -1176 4740.0 0 0 1 0 1 0 -1 0 0 3004.DAT
0 STEP
1 86 90.0 -1536 4740.0 0 0 1 0 1 0 -1 0 0 3010.DAT
0 STEP
1 86 180.0 -1752 4940.0 0 0 1 0 1 0 -1 0 0 3003.DAT
0 STEP
1 86 50.0 -1680 4940.0 0 0 1 0 1 0 -1 0 0 3009.DAT
0 STEP
1 86 180.0 -1368 4750.0 -1 0 0 0 1 0 0 0 -1 3004.DAT
0 STEP
1 86 190.0 -552 4680.0 0 0 1 0 1 0 -1 0 0 3010.DAT
0 STEP
1 86 50.0 -1728 4920.0 0 0 1 0 1 0 -1 0 0 3008.DAT
0 STEP
1 86 100.0 -576 4640.0 0 0 1 0 1 0 -1 0 0 3003.DAT
0 STEP
1 86 160.0 -840 4630.0 -1 0 0 0 1 0 0 0 -1 3010.DAT
0 STEP
1 86 180.0 -1128 4700.0 0 0 1 0 1 0 -1 0 0 3003.DAT
0 STEP
1 86 60.0 -1896 5030.0 -1 0 0 0 1 0 0 0 -1 3004.DAT
0 STEP
1 86 160.0 -408 4600.0 0 0 1 0 1 0 -1 0 0 3003.DAT
0 STEP
1 86 190.0 -1488 4820.0 0 0 1 0 1 0 -1 0 0 3010.DAT
0 STEP
1 86 80.0 -1392 4660.0 0 0 1 0 1 0 -1 0 0 3003.DAT
0 STEP
1 86 120.0 -720 4700.0 -1 0 0 0 1 0 0 0 -1 3001.DAT
0 STEP
1 86 120.0 -1896 4930.0 -1 0 0 0 1 0 0 0 -1 3010.DAT
0 STEP
1 86 100.0 -2208 4970.0 -1 0 0 0 1 0 0 0 -1 3009.DAT
0 STEP
1 86 110.0 -744 4600.0 0 0 1 0 1 0 -1 0 0 3004.DAT
0 STEP
1 86 170.0 -1272 4580.0 0 0 1 0 1 0 -1 0 0 3010.DAT
0 STEP
1 86 140.0 -2040 4930.0 -1 0 0 0 1 0 0 0 -1 3009.DAT
0 STEP
1 86 90.0 -1200 4700.0 0 0 1 0 1 0 -1 0 0 3004.DAT
0 STEP
1 86 100.0 -1776 4340.0 0 0 1 0 1 0 -1 0 0 3003.DAT
0 STEP
1 86 140.0 -696 4700.0 0 0 1 0 1 0 -1 0 0 3003.DAT
0 STEP
1 86 160.0 -624 4720.0 0 0 1 0 1 0 -1 0 0 3003.DAT
0 STEP
1 86 80.0 -1560 4390.0 -1 0 0 0 1 0 0 0 -1 3004.DAT
0 STEP
1 86 120.0 -1896 4300.0 0 0 1 0 1 0 -1 0 0 3003.DAT
0 STEP
1 86 180.0 -1968 5000.0 0 0 1 0 1 0 -1 0 0 3003.DAT
0 STEP
1 86 100.0 -624 4610.0 -1 0 0 0 1 0 0 0 -1 3004.DAT
0 STEP
1 86 60.0 -960 4630.0 -1 0 0 0 1 0 0 0 -1 3004.DAT
0 STEP
1 86 80.0 -1944 5050.0 -1 0 0 0 1 0 0 0 -1 3010.DAT
0 STEP
1 86 100.0 -504 4600.0 0 0 1 0 1 0 -1 0 0 3003.DAT
0 STEP
1 86 40.0 -336 4610.0 -1 0 0 0 1 0 0 0 -1 3004.DAT
0 STEP
1 86 50.0 -1920 5000.0 0 0 1 0 1 0 -1 0 0 3009.DAT
0 STEP
1 86 70.0 -312 4640.0 0 0 1 0 1 0 -1 0 0 3010.DAT
0 STEP
1 86 170.0 -1560 4440.0 0 0 1 0 1 0 -1 0 0 3009.DAT
0 STEP
1 86 160.0 -936 4660.0 0 0 1 0 1 0 -1 0 0 3003.DAT
0 STEP
1 86 190.0 -1440 4720.0 0 0 1 0 1 0 -1 0 0 3010.DAT
0 STEP
1 86 190.0 -120 4740.0 0 0 1 0 1 0 -1 0 0 3004.DAT
0 STEP
1 86 30.0 -144 4620.0 0 0 1 0 1 0 -1 0 0 3004.DAT
0 STEP
1 86 100.0 -2064 5080.0 0 0 1 0 1 0 -1 0 0 3003.DAT
0 STEP
1 86 120.0 -504 4630.0 -1 0 0 0 1 0 0 0 -1 3004.DAT
0 STEP
1 86 140.0 -2064 5030.0 -1 0 0 0 1 0 0 0 -1 3010.DAT
0 STEP
1 86 200.0 -1272 4700.0 0 0 1 0 1 0 -1 0 0 3003.DAT
0 STEP
1 86 100.0 -1920 5100.0 0 0 1 0 1 0 -1 0 0 3003.DAT
0 STEP
1 86 90.0 -1152 4600.0 0 0 1 0 1 0 -1 0 0 3004.DAT
0 STEP
1 86 120.0 -720 4730.0 -1 0 0 0 1 0 0 0 -1 3010.DAT
0 STEP
1 86 100.0 -696 4720.0 0 0 1 0 1 0 -1 0 0 3003.DAT
0 STEP
1 86 210.0 -120 4680.0 0 0 1 0 1 0 -1 0 0 3009.DAT
0 STEP
1 86 100.0 -1128 4590.0 -1 0 0 0 1 0 0 0 -1 3010.DAT
0 STEP
1 86 140.0 -1560 4400.0 0 0 1 0 1 0 -1 0 0 3003.DAT
0 STEP
1 86 70.0 -216 4700.0 0 0 1 0 1 0 -1 0 0 3009.DAT
0 STEP
1 86 120.0 -1752 4880.0 0 0 1 0 1 0 -1 0 0 3003.DAT
0 STEP
1 86 110.0 -1800 4900.0 0 0 1 0 1 0 -1 0 0 3004.DAT
0 STEP
1 86 160.0 -528 4610.0 -1 0 0 0 1 0 0 0 -1 3004.DAT
0 STEP
1 86 50.0 -2232 4920.0 0 0 1 0 1 0 -1 0 0 3010.DAT
0 STEP
1 86 180.0 -888 4700.0 0 0 1 0 1 0 -1 0 0 3003.DAT
0 STEP
1 86 50.0 -1032 4660.0 0 0 1 0 1 0 -1 0 0 3010.DAT
0 STEP
1 86 90.0 -1176 4700.0 0 0 1 0 1 0 -1 0 0 3010.DAT
0 STEP
1 86 140.0 -1416 4710.0 -1 0 0 0 1 0 0 0 -1 3010.DAT
0 STEP
1 86 50.0 -2184 4940.0 0 0 1 0 1 0 -1 0 0 3009.DAT
0 STEP
1 86 120.0 -1128 4620.0 0 0 1 0 1 0 -1 0 0 3003.DAT
0 STEP
1 86 120.0 -792 4590.0 -1 0 0 0 1 0 0 0 -1 3004.DAT
0 STEP
1 86 60.0 -1416 4620.0 0 0 1 0 1 0 -1 0 0 3003.DAT
0 STEP
1 86 110.0 -912 4640.0 0 0 1 0 1 0 -1 0 0 3004.DAT
0 STEP
1 86 210.0 -1368 4720.0 0 0 1 0 1 0 -1 0 0 3004.DAT
0 STEP
1 86 180.0 -1656 4940.0 0 0 1 0 1 0 -1 0 0 3003.DAT
0 STEP
1 86 60.0 -2256 4900.0 0 0 1 0 1 0 -1 0 0 3003.DAT
0 STEP
1 86 160.0 -1344 4560.0 0 0 1 0 1 0 -1 0 0 3003.DAT
0 STEP
1 86 120.0 -1872 5090.0 -1 0 0 0 1 0 0 0 -1 3009.DAT
0 STEP
1 86 150.0 -1464 4720.0 0 0 1 0 1 0 -1 0 0 3004.DAT
0 STEP
1 86 160.0 -1344 4730.0 -1 0 0 0 1 0 0 0 -1 3009.DAT
0 STEP
1 86 180.0 -528 4640.0 0 0 1 0 1 0 -1 0 0 3003.DAT
0 STEP
1 86 160.0 -1848 4880.0 -1 0 0 0 1 0 0 0 -1 3001.DAT
0 STEP
1 86 70.0 -1368 4660.0 0 0 1 0 1 0 -1 0 0 3004.DAT
0 STEP
1 86 190.0 -1608 4520.0 0 0 1 0 1 0 -1 0 0 3004.DAT
0 STEP
1 86 90.0 -1944 5000.0 0 0 1 0 1 0 -1 0 0 3010.DAT
0 STEP
1 86 120.0 -1776 4890.0 -1 0 0 0 1 0 0 0 -1 3004.DAT
0 STEP
1 86 70.0 -1200 4680.0 0 0 1 0 1 0 -1 0 0 3010.DAT
0 STEP
1 86 90.0 -1392 4740.0 0 0 1 0 1 0 -1 0 0 3010.DAT
0 STEP
1 86 60.0 -1848 5030.0 -1 0 0 0 1 0 0 0 -1 3004.DAT
0 STEP
1 86 160.0 -1416 4690.0 -1 0 0 0 1 0 0 0 -1 3004.DAT
0 STEP
1 86 170.0 -1560 4880.0 0 0 1 0 1 0 -1 0 0 3010.DAT
0 STEP
1 86 90.0 -1128 4700.0 0 0 1 0 1 0 -1 0 0 3009.DAT
0 STEP
1 86 140.0 -1776 5040.0 0 0 1 0 1 0 -1 0 0 3003.DAT
0 STEP
1 86 160.0 -48 4720.0 0 0 1 0 1 0 -1 0 0 3003.DAT
0 STEP
1 86 100.0 -1848 5060.0 0 0 1 0 1 0 -1 0 0 3003.DAT
0 STEP
1 86 50.0 -744 4660.0 0 0 1 0 1 0 -1 0 0 3010.DAT
0 STEP
1 86 70.0 -504 4620.0 0 0 1 0 1 0 -1 0 0 3004.DAT
0 STEP
1 86 170.0 -1488 4820.0 0 0 1 0 1 0 -1 0 0 3004.DAT
0 STEP
1 86 160.0 -1368 4770.0 -1 0 0 0 1 0 0 0 -1 3004.DAT
0 STEP
1 86 180.0 -1560 4660.0 0 0 1 0 1 0 -1 0 0 3003.DAT
0 STEP
1 86 30.0 -1392 4660.0 0 0 1 0 1 0 -1 0 0 3010.DAT
0 STEP
1 86 160.0 -1008 4640.0 0 0 1 0 1 0 -1 0 0 3003.DAT
0 STEP
1 86 90.0 -792 4680.0 0 0 1 0 1 0 -1 0 0 3010.DAT
0 STEP
1 86 190.0 -1584 4760.0 0 0 1 0 1 0 -1 0 0 3010.DAT
0 STEP
1 86 200.0 -1200 4720.0 0 0 1 0 1 0 -1 0 0 3003.DAT
0 STEP
1 86 130.0 -1512 4840.0 0 0 1 0 1 0 -1 0 0 3010.DAT
0 STEP
1 86 90.0 -1608 4920.0 0 0 1 0 1 0 -1 0 0 3010.DAT
0 STEP
1 86 140.0 -816 4700.0 0 0 1 0 1 0 -1 0 0 3003.DAT
0 STEP
1 86 90.0 -768 4680.0 0 0 1 0 1 0 -1 0 0 3004.DAT
0 STEP
1 86 60.0 -456 4620.0 0 0 1 0 1 0 -1 0 0 3003.DAT
0 STEP
1 86 80.0 -1824 5070.0 -1 0 0 0 1 0 0 0 -1 3004.DAT
0 STEP
1 86 100.0 -648 4720.0 0 0 1 0 1 0 -1 0 0 3003.DAT
0 STEP
1 86 120.0 -1512 4530.0 -1 0 0 0 1 0 0 0 -1 3010.DAT
0 STEP
1 86 70.0 -576 4620.0 0 0 1 0 1 0 -1 0 0 3004.DAT
0 STEP
1 86 120.0 -240 4550.0 -1 0 0 0 1 0 0 0 -1 3010.DAT
0 STEP
1 86 90.0 -1848 4980.0 0 0 1 0 1 0 -1 0 0 3009.DAT
0 STEP
1 86 150.0 -2328 4900.0 0 0 1 0 1 0 -1 0 0 3010.DAT
0 STEP
1 86 30.0 -144 4700.0 0 0 1 0 1 0 -1 0 0 3004.DAT
0 STEP
1 86 120.0 -1680 4410.0 -1 0 0 0 1 0 0 0 -1 3009.DAT
0 STEP
1 86 160.0 -696 4660.0 0 0 1 0 1 0 -1 0 0 3003.DAT
0 STEP
1 86 240.0 -264 4660.0 0 0 1 0 1 0 -1 0 0 3003.DAT
0 STEP
1 86 20.0 -216 4660.0 0 0 1 0 1 0 -1 0 0 3003.DAT
0 STEP
1 86 80.0 -1056 4610.0 -1 0 0 0 1 0 0 0 -1 3004.DAT
0 STEP
1 86 160.0 -1704 4850.0 -1 0 0 0 1 0 0 0 -1 3010.DAT
0 STEP
1 86 80.0 -2016 5060.0 0 0 1 0 1 0 -1 0 0 3003.DAT
0 STEP
1 86 190.0 -1992 5020.0 0 0 1 0 1 0 -1 0 0 3010.DAT
0 STEP
1 86 120.0 -1776 5080.0 0 0 1 0 1 0 -1 0 0 3003.DAT
0 STEP
1 86 180.0 -480 4650.0 -1 0 0 0 1 0 0 0 -1 3010.DAT
0 STEP
1 86 210.0 -408 4660.0 0 0 1 0 1 0 -1 0 0 3010.DAT
0 STEP
1 86 120.0 -312 4560.0 -1 0 0 0 1 0 0 0 -1 3001.DAT
0 STEP
1 86 50.0 -1704 4940.0 0 0 1 0 1 0 -1 0 0 3009.DAT
0 STEP
1 86 180.0 -1560 4690.0 -1 0 0 0 1 0 0 0 -1 3004.DAT
0 STEP
1 86 160.0 -504 4610.0 -1 0 0 0 1 0 0 0 -1 3004.DAT
0 STEP
1 86 160.0 -600 4610.0 -1 0 0 0 1 0 0 0 -1 3004.DAT
0 STEP
1 86 90.0 -1968 5100.0 0 0 1 0 1 0 -1 0 0 3004.DAT
0 STEP
1 86 70.0 -984 4700.0 0 0 1 0 1 0 -1 0 0 3004.DAT
0 STEP
1 86 220.0 -1200 4680.0 0 0 1 0 1 0 -1 0 0 3003.DAT
0 STEP
1 86 120.0 -2088 5080.0 0 0 1 0 1 0 -1 0 0 3003.DAT
0 STEP
1 86 80.0 -768 4620.0 0 0 1 0 1 0 -1 0 0 3003.DAT
0 STEP
1 86 120.0 -360 4600.0 0 0 1 0 1 0 -1 0 0 3003.DAT
0 STEP
1 86 40.0 -216 4700.0 0 0 1 0 1 0 -1 0 0 3003.DAT
0 STEP
1 86 160.0 -1440 4770.0 -1 0 0 0 1 0 0 0 -1 3004.DAT
0 STEP
1 86 110.0 -1608 4940.0 0 0 1 0 1 0 -1 0 0 3004.DAT
0 STEP
1 86 190.0 -2136 4980.0 0 0 1 0 1 0 -1 0 0 3010.DAT
0 STEP
1 86 150.0 -792 4640.0 0 0 1 0 1 0 -1 0 0 3010.DAT
0 STEP
1 86 80.0 -936 4620.0 0 0 1 0 1 0 -1 0 0 3003.DAT
0 STEP
1 86 180.0 -648 4640.0 0 0 1 0 1 0 -1 0 0 3003.DAT
0 STEP
1 86 100.0 -840 4720.0 0 0 1 0 1 0 -1 0 0 3003.DAT
0 STEP
1 86 140.0 -1992 4930.0 -1 0 0 0 1 0 0 0 -1 3010.DAT
0 STEP
1 86 60.0 -816 4630.0 -1 0 0 0 1 0 0 0 -1 3004.DAT
0 STEP
1 86 120.0 -1704 4290.0 -1 0 0 0 1 0 0 0 -1 3010.DAT
0 STEP
1 86 150.0 -1512 4800.0 0 0 1 0 1 0 -1 0 0 3010.DAT
0 STEP
1 86 100.0 -1728 4820.0 -1 0 0 0 1 0 0 0 -1 3001.DAT
0 STEP
1 86 160.0 -2280 4910.0 -1 0 0 0 1 0 0 0 -1 3010.DAT
0 STEP
1 86 140.0 -1368 4730.0 -1 0 0 0 1 0 0 0 -1 3009.DAT
0 STEP
1 86 160.0 -1056 4600.0 0 0 1 0 1 0 -1 0 0 3003.DAT
0 STEP
1 86 50.0 -1776 4940.0 0 0 1 0 1 0 -1 0 0 3009.DAT
0 STEP
1 86 60.0 -168 4610.0 -1 0 0 0 1 0 0 0 -1 3010.DAT
0 STEP
1 86 180.0 -1248 4760.0 0 0 1 0 1 0 -1 0 0 3003.DAT
0 STEP
1 86 140.0 -1440 4720.0 0 0 1 0 1 0 -1 0 0 3003.DAT
0 STEP
1 86 80.0 -912 4620.0 0 0 1 0 1 0 -1 0 0 3003.DAT
0 STEP
1 86 50.0 -1872 4980.0 0 0 1 0 1 0 -1 0 0 3009.DAT
0 STEP
1 86 190.0 -144 4580.0 0 0 1 0 1 0 -1 0 0 3004.DAT
0 STEP
1 86 180.0 -456 4610.0 -1 0 0 0 1 0 0 0 -1 3004.DAT
0 STEP
1 86 120.0 -2208 5020.0 0 0 1 0 1 0 -1 0 0 3003.DAT
0 STEP
1 86 60.0 -1296 4560.0 0 0 1 0 1 0 -1 0 0 3003.DAT
0 STEP
1 86 120.0 -1344 4770.0 -1 0 0 0 1 0 0 0 -1 3010.DAT
0 STEP
1 86 90.0 -1512 4660.0 0 0 1 0 1 0 -1 0 0 3009.DAT
0 STEP
1 86 50.0 -600 4660.0 0 0 1 0 1 0 -1 0 0 3004.DAT
0 STEP
1 86 70.0 -2304 4920.0 0 0 1 0 1 0 -1 0 0 3010.DAT
0 STEP
1 86 90.0 -1968 4980.0 0 0 1 0 1 0 -1 0 0 3010.DAT
0 STEP
1 86 150.0 -1272 4600.0 0 0 1 0 1 0 -1 0 0 3004.DAT
0 STEP
1 86 120.0 -936 4590.0 -1 0 0 0 1 0 0 0 -1 3004.DAT
0 STEP
1 86 180.0 -1224 4570.0 -1 0 0 0 1 0 0 0 -1 3004.DAT
0 STEP
1 86 160.0 -744 4620.0 0 0 1 0 1 0 -1 0 0 3003.DAT
0 STEP
1 86 200.0 -1392 4620.0 0 0 1 0 1 0 -1 0 0 3003.DAT
0 STEP
1 86 120.0 -1992 4890.0 -1 0 0 0 1 0 0 0 -1 3009.DAT
0 STEP
1 86 120.0 -192 4780.0 0 0 1 0 1 0 -1 0 0 3003.DAT
0 STEP
1 86 200.0 -312 4690.0 -1 0 0 0 1 0 0 0 -1 3010.DAT
0 STEP
1 86 160.0 -1896 5090.0 -1 0 0 0 1 0 0 0 -1 3004.DAT
0 STEP
1 86 120.0 -1128 4570.0 -1 0 0 0 1 0 0 0 -1 3004.DAT
0 STEP
1 86 120.0 -1800 4280.0 0 0 1 0 1 0 -1 0 0 3003.DAT
0 STEP
1 86 140.0 -1848 4920.0 0 0 1 0 1 0 -1 0 0 3003.DAT
0 STEP
1 86 60.0 -1320 4730.0 -1 0 0 0 1 0 0 0 -1 3010.DAT
0 STEP
1 86 120.0 -456 4600.0 0 0 1 0 1 0 -1 0 0 3001.DAT
0 STEP
1 86 120.0 -2280 4940.0 0 0 1 0 1 0 -1 0 0 3003.DAT
0 STEP
1 86 30.0 -1344 4680.0 0 0 1 0 1 0 -1 0 0 3009.DAT
0 STEP
1 86 190.0 -2112 4920.0 0 0 1 0 1 0 -1 0 0 3009.DAT
0 STEP
1 86 140.0 -1896 4890.0 -1 0 0 0 1 0 0 0 -1 3009.DAT
0 STEP
1 86 160.0 -1752 4860.0 0 0 1 0 1 0 -1 0 0 3003.DAT
0 STEP
1 86 60.0 -1152 4730.0 -1 0 0 0 1 0 0 0 -1 3004.DAT
0 STEP
1 86 120.0 -1440 4780.0 0 0 1 0 1 0 -1 0 0 3003.DAT
0 STEP
1 86 170.0 -1536 4500.0 0 0 1 0 1 0 -1 0 0 3004.DAT
0 STEP
1 86 90.0 -1488 4540.0 0 0 1 0 1 0 -1 0 0 3010.DAT
0 STEP
1 86 180.0 -1536 4780.0 0 0 1 0 1 0 -1 0 0 3003.DAT
0 STEP
1 86 160.0 -1848 5060.0 0 0 1 0 1 0 -1 0 0 3003.DAT
0 STEP
1 86 160.0 -1080 4720.0 0 0 1 0 1 0 -1 0 0 3003.DAT
0 STEP
1 86 160.0 -1632 4940.0 0 0 1 0 1 0 -1 0 0 3003.DAT
0 STEP
1 86 190.0 -1896 4980.0 0 0 1 0 1 0 -1 0 0 3008.DAT
0 STEP
1 86 120.0 -264 4760.0 0 0 1 0 1 0 -1 0 0 3001.DAT
0 STEP
1 86 150.0 -2232 4920.0 0 0 1 0 1 0 -1 0 0 3008.DAT
0 STEP
1 86 100.0 -2232 4890.0 -1 0 0 0 1 0 0 0 -1 3010.DAT
0 STEP
1 86 180.0 -888 4670.0 -1 0 0 0 1 0 0 0 -1 3004.DAT
0 STEP
1 86 120.0 -1416 4570.0 -1 0 0 0 1 0 0 0 -1 3010.DAT
0 STEP
1 86 160.0 -384 4580.0 0 0 1 0 1 0 -1 0 0 3003.DAT
0 STEP
1 86 120.0 -1704 4310.0 -1 0 0 0 1 0 0 0 -1 3004.DAT
0 STEP
1 86 180.0 -1080 4680.0 0 0 1 0 1 0 -1 0 0 3003.DAT
0 STEP
1 86 140.0 -1872 4930.0 -1 0 0 0 1 0 0 0 -1 3010.DAT
0 STEP
1 86 190.0 -912 4680.0 0 0 1 0 1 0 -1 0 0 3010.DAT
0 STEP
1 86 200.0 -144 4660.0 0 0 1 0 1 0 -1 0 0 3001.DAT
0 STEP
1 86 180.0 -1728 4880.0 0 0 1 0 1 0 -1 0 0 3003.DAT
0 STEP
1 86 60.0 -1800 4870.0 -1 0 0 0 1 0 0 0 -1 3004.DAT
0 STEP
1 86 30.0 -312 4660.0 0 0 1 0 1 0 -1 0 0 3010.DAT
0 STEP
1 86 190.0 -1824 5000.0 0 0 1 0 1 0 -1 0 0 3009.DAT
0 STEP
1 86 190.0 -480 4620.0 0 0 1 0 1 0 -1 0 0 3004.DAT
0 STEP
1 86 180.0 -432 4620.0 0 0 1 0 1 0 -1 0 0 3003.DAT
0 STEP
1 86 100.0 -672 4690.0 -1 0 0 0 1 0 0 0 -1 3010.DAT
0 STEP
1 86 150.0 -1344 4600.0 0 0 1 0 1 0 -1 0 0 3004.DAT
0 STEP
1 86 160.0 -696 4630.0 -1 0 0 0 1 0 0 0 -1 3010.DAT
0 STEP
1 86 70.0 -2184 5000.0 0 0 1 0 1 0 -1 0 0 3010.DAT
0 STEP
1 86 50.0 -1848 4960.0 0 0 1 0 1 0 -1 0 0 3009.DAT
0 STEP
1 86 60.0 -648 4630.0 -1 0 0 0 1 0 0 0 -1 3004.DAT
0 STEP
1 86 80.0 -1704 4380.0 0 0 1 0 1 0 -1 0 0 3001.DAT
0 STEP
1 86 180.0 -2208 4860.0 0 0 1 0 1 0 -1 0 0 3003.DAT
0 STEP
1 86 120.0 -168 4720.0 0 0 1 0 1 0 -1 0 0 3003.DAT
0 STEP
1 86 180.0 -1608 4920.0 0 0 1 0 1 0 -1 0 0 3001.DAT
0 STEP
1 86 120.0 -888 4590.0 -1 0 0 0 1 0 0 0 -1 3010.DAT
0 STEP
1 86 150.0 -1368 4580.0 0 0 1 0 1 0 -1 0 0 3010.DAT
0 STEP
1 86 140.0 -1608 4450.0 -1 0 0 0 1 0 0 0 -1 3010.DAT
0 STEP
1 86 120.0 -768 4720.0 -1 0 0 0 1 0 0 0 -1 3001.DAT
0 STEP
1 86 60.0 -360 4730.0 -1 0 0 0 1 0 0 0 -1 3004.DAT
0 STEP
1 86 140.0 -1944 4890.0 -1 0 0 0 1 0 0 0 -1 3009.DAT
0 STEP
1 86 80.0 -1248 4760.0 0 0 1 0 1 0 -1 0 0 3003.DAT
0 STEP
1 86 10.0 -240 4660.0 0 0 1 0 1 0 -1 0 0 3009.DAT
0 STEP
1 86 90.0 -2184 5000.0 0 0 1 0 1 0 -1 0 0 3009.DAT
0 STEP
1 86 70.0 -720 4700.0 0 0 1 0 1 0 -1 0 0 3004.DAT
0 STEP
1 86 100.0 -1368 4760.0 -1 0 0 0 1 0 0 0 -1 3001.DAT
0 STEP
1 86 190.0 -1344 4680.0 0 0 1 0 1 0 -1 0 0 3004.DAT
0 STEP
1 86 90.0 -2016 4980.0 0 0 1 0 1 0 -1 0 0 3009.DAT
0 STEP
1 86 160.0 -912 4640.0 0 0 1 0 1 0 -1 0 0 3001.DAT
0 STEP
1 86 100.0 -2328 4940.0 0 0 1 0 1 0 -1 0 0 3003.DAT
0 STEP
1 86 120.0 -1056 4730.0 -1 0 0 0 1 0 0 0 -1 3010.DAT
0 STEP
1 86 180.0 -96 4600.0 0 0 1 0 1 0 -1 0 0 3003.DAT
0 STEP
1 86 150.0 -2016 5060.0 0 0 1 0 1 0 -1 0 0 3010.DAT
0 STEP
1 86 100.0 -936 4730.0 -1 0 0 0 1 0 0 0 -1 3004.DAT
0 STEP
1 86 110.0 -1656 4400.0 0 0 1 0 1 0 -1 0 0 3010.DAT
0 STEP
1 86 50.0 -1992 4980.0 0 0 1 0 1 0 -1 0 0 3009.DAT
0 STEP
1 86 150.0 -528 4680.0 0 0 1 0 1 0 -1 0 0 3009.DAT
0 STEP
1 86 70.0 -2304 4820.0 0 0 1 0 1 0 -1 0 0 3010.DAT
0 STEP
1 86 120.0 -912 4590.0 -1 0 0 0 1 0 0 0 -1 3010.DAT
0 STEP
1 86 60.0 -96 4600.0 0 0 1 0 1 0 -1 0 0 3003.DAT
0 STEP
1 86 180.0 -1992 4960.0 0 0 1 0 1 0 -1 0 0 3003.DAT
0 STEP
1 86 120.0 -1296 4790.0 -1 0 0 0 1 0 0 0 -1 3004.DAT
0 STEP
1 86 90.0 -2064 4980.0 0 0 1 0 1 0 -1 0 0 3010.DAT
0 STEP
1 86 180.0 -1656 4880.0 0 0 1 0 1 0 -1 0 0 3003.DAT
0 STEP
1 86 80.0 -2208 5000.0 0 0 1 0 1 0 -1 0 0 3003.DAT
0 STEP
1 86 140.0 -1656 4310.0 -1 0 0 0 1 0 0 0 -1 3004.DAT
0 STEP
1 86 70.0 -2280 4800.0 0 0 1 0 1 0 -1 0 0 3010.DAT
0 STEP
1 86 50.0 -1944 4980.0 0 0 1 0 1 0 -1 0 0 3010.DAT
0 STEP
1 86 80.0 -984 4630.0 -1 0 0 0 1 0 0 0 -1 3010.DAT
0 STEP
1 86 80.0 -2280 4900.0 0 0 1 0 1 0 -1 0 0 3001.DAT
0 STEP
1 86 90.0 -1032 4700.0 0 0 1 0 1 0 -1 0 0 3010.DAT
0 STEP
1 86 90.0 -1920 4960.0 0 0 1 0 1 0 -1 0 0 3010.DAT
0 STEP
1 86 120.0 -264 4550.0 -1 0 0 0 1 0 0 0 -1 3010.DAT
0 STEP
1 86 110.0 -216 4580.0 0 0 1 0 1 0 -1 0 0 3004.DAT
0 STEP
1 86 90.0 -1536 4840.0 0 0 1 0 1 0 -1 0 0 3010.DAT
0 STEP
1 86 50.0 -1512 4760.0 0 0 1 0 1 0 -1 0 0 3009.DAT
0 STEP
1 86 80.0 -192 4760.0 0 0 1 0 1 0 -1 0 0 3003.DAT
0 STEP
1 86 90.0 -2112 4940.0 0 0 1 0 1 0 -1 0 0 3010.DAT
0 STEP
1 86 200.0 -456 4700.0 0 0 1 0 1 0 -1 0 0 3003.DAT
0 STEP
1 86 60.0 -1992 4910.0 -1 0 0 0 1 0 0 0 -1 3004.DAT
0 STEP
1 86 70.0 -840 4700.0 0 0 1 0 1 0 -1 0 0 3004.DAT
0 STEP
1 86 90.0 -1224 4740.0 0 0 1 0 1 0 -1 0 0 3010.DAT
0 STEP
1 86 180.0 -504 4680.0 0 0 1 0 1 0 -1 0 0 3001.DAT
0 STEP
1 86 120.0 -1440 4810.0 -1 0 0 0 1 0 0 0 -1 3004.DAT
0 STEP
1 86 100.0 -1056 4630.0 -1 0 0 0 1 0 0 0 -1 3009.DAT
0 STEP
1 86 90.0 -1872 4980.0 0 0 1 0 1 0 -1 0 0 3010.DAT
0 STEP
1 86 170.0 -1896 5000.0 0 0 1 0 1 0 -1 0 0 3008.DAT
0 STEP
1 86 180.0 -1920 5060.0 0 0 1 0 1 0 -1 0 0 3003.DAT
0 STEP
1 86 180.0 -2208 4960.0 0 0 1 0 1 0 -1 0 0 3003.DAT
0 STEP
1 86 190.0 -1464 4720.0 0 0 1 0 1 0 -1 0 0 3010.DAT
0 STEP
1 86 70.0 -1512 4880.0 0 0 1 0 1 0 -1 0 0 3010.DAT
0 STEP
1 86 100.0 -480 4620.0 0 0 1 0 1 0 -1 0 0 3003.DAT
0 STEP
1 86 50.0 -672 4660.0 0 0 1 0 1 0 -1 0 0 3010.DAT
0 STEP
1 86 140.0 -1200 4730.0 -1 0 0 0 1 0 0 0 -1 3010.DAT
0 STEP
1 86 30.0 -216 4600.0 0 0 1 0 1 0 -1 0 0 3004.DAT
0 STEP
1 86 200.0 -1320 4640.0 0 0 1 0 1 0 -1 0 0 3001.DAT
0 STEP
1 86 50.0 -1704 4820.0 0 0 1 0 1 0 -1 0 0 3010.DAT
0 STEP
1 86 10.0 -264 4660.0 0 0 1 0 1 0 -1 0 0 3009.DAT
0 STEP
1 86 80.0 -1440 4590.0 -1 0 0 0 1 0 0 0 -1 3004.DAT
0 STEP
1 86 120.0 -1056 4750.0 -1 0 0 0 1 0 0 0 -1 3004.DAT
0 STEP
1 86 160.0 -312 4710.0 -1 0 0 0 1 0 0 0 -1 3004.DAT
0 STEP
1 86 90.0 -1728 4880.0 0 0 1 0 1 0 -1 0 0 3010.DAT
0 STEP
1 86 160.0 -864 4680.0 0 0 1 0 1 0 -1 0 0 3001.DAT
0 STEP
1 86 90.0 -288 4580.0 0 0 1 0 1 0 -1 0 0 3010.DAT
0 STEP
1 86 220.0 -360 4660.0 0 0 1 0 1 0 -1 0 0 3003.DAT
0 STEP
1 86 50.0 -2064 4940.0 0 0 1 0 1 0 -1 0 0 3009.DAT
0 STEP
1 86 120.0 -1824 4320.0 -1 0 0 0 1 0 0 0 -1 3001.DAT
0 STEP
1 86 160.0 -288 4770.0 -1 0 0 0 1 0 0 0 -1 3004.DAT
0 STEP
1 86 160.0 -840 4610.0 -1 0 0 0 1 0 0 0 -1 3004.DAT
0 STEP
1 86 50.0 -1392 4680.0 0 0 1 0 1 0 -1 0 0 3010.DAT
0 STEP
1 86 140.0 -1752 4830.0 -1 0 0 0 1 0 0 0 -1 3010.DAT
0 STEP
1 86 140.0 -1800 4900.0 0 0 1 0 1 0 -1 0 0 3003.DAT
0 STEP
1 86 120.0 -1800 4340.0 0 0 1 0 1 0 -1 0 0 3003.DAT
0 STEP
1 86 120.0 -1368 4580.0 0 0 1 0 1 0 -1 0 0 3003.DAT
0 STEP
1 86 50.0 -1608 4900.0 0 0 1 0 1 0 -1 0 0 3004.DAT
0 STEP
1 86 120.0 -1920 5060.0 0 0 1 0 1 0 -1 0 0 3003.DAT
0 STEP
1 86 160.0 -1608 4420.0 0 0 1 0 1 0 -1 0 0 3003.DAT
0 STEP
1 86 80.0 -2088 4880.0 0 0 1 0 1 0 -1 0 0 3003.DAT
0 STEP
1 86 80.0 -48 4710.0 -1 0 0 0 1 0 0 0 -1 3004.DAT
0 STEP
1 86 180.0 -2064 4980.0 0 0 1 0 1 0 -1 0 0 3001.DAT
0 STEP
1 86 200.0 -1248 4600.0 0 0 1 0 1 0 -1 0 0 3003.DAT
0 STEP
1 86 180.0 -768 4640.0 0 0 1 0 1 0 -1 0 0 3003.DAT
0 STEP
1 86 100.0 -1656 4320.0 0 0 1 0 1 0 -1 0 0 3003.DAT
0 STEP
1 86 90.0 -1896 5000.0 0 0 1 0 1 0 -1 0 0 3009.DAT
0 STEP
1 86 90.0 -1752 4340.0 0 0 1 0 1 0 -1 0 0 3010.DAT
0 STEP
1 86 170.0 -1368 4600.0 0 0 1 0 1 0 -1 0 0 3010.DAT
0 STEP
1 86 90.0 -408 4600.0 0 0 1 0 1 0 -1 0 0 3010.DAT
0 STEP
1 86 80.0 -216 4560.0 0 0 1 0 1 0 -1 0 0 3003.DAT
0 STEP
1 86 120.0 -960 4590.0 -1 0 0 0 1 0 0 0 -1 3010.DAT
0 STEP
1 86 70.0 -1944 5080.0 0 0 1 0 1 0 -1 0 0 3004.DAT
0 STEP
1 86 60.0 -360 4600.0 0 0 1 0 1 0 -1 0 0 3003.DAT
0 STEP
1 86 120.0 -2208 4880.0 0 0 1 0 1 0 -1 0 0 3003.DAT
0 STEP
1 86 120.0 -1584 4350.0 -1 0 0 0 1 0 0 0 -1 3010.DAT
0 STEP
1 86 70.0 -1632 4440.0 0 0 1 0 1 0 -1 0 0 3010.DAT
0 STEP
1 86 120.0 -960 4700.0 0 0 1 0 1 0 -1 0 0 3003.DAT
0 STEP
1 86 140.0 -792 4730.0 -1 0 0 0 1 0 0 0 -1 3004.DAT
0 STEP
1 86 50.0 -1800 4960.0 0 0 1 0 1 0 -1 0 0 3008.DAT
0 STEP
1 86 60.0 -1392 4740.0 0 0 1 0 1 0 -1 0 0 3003.DAT
0 STEP
1 86 60.0 -1248 4610.0 -1 0 0 0 1 0 0 0 -1 3010.DAT
0 STEP
1 86 120.0 -384 4740.0 0 0 1 0 1 0 -1 0 0 3001.DAT
0 STEP
1 86 150.0 -2184 4960.0 0 0 1 0 1 0 -1 0 0 3010.DAT
0 STEP
1 86 140.0 -936 4690.0 -1 0 0 0 1 0 0 0 -1 3004.DAT
0 STEP
1 86 120.0 -1872 5110.0 -1 0 0 0 1 0 0 0 -1 3004.DAT
0 STEP
1 86 90.0 -936 4680.0 0 0 1 0 1 0 -1 0 0 3010.DAT
0 STEP
1 86 190.0 -600 4660.0 0 0 1 0 1 0 -1 0 0 3010.DAT
0 STEP
1 86 180.0 -384 4640.0 0 0 1 0 1 0 -1 0 0 3003.DAT
0 STEP
1 86 120.0 -984 4720.0 0 0 1 0 1 0 -1 0 0 3003.DAT
0 STEP
1 86 120.0 -1680 4440.0 -1 0 0 0 1 0 0 0 -1 2456.DAT
0 STEP
1 86 180.0 -1512 4720.0 0 0 1 0 1 0 -1 0 0 2456.DAT
0 STEP
1 86 170.0 -1536 4920.0 0 0 1 0 1 0 -1 0 0 3010.DAT
0 STEP
1 86 100.0 -1464 4740.0 0 0 1 0 1 0 -1 0 0 3003.DAT
0 STEP
1 86 140.0 -2208 4990.0 -1 0 0 0 1 0 0 0 -1 3010.DAT
0 STEP
1 86 60.0 -144 4580.0 0 0 1 0 1 0 -1 0 0 3003.DAT
0 STEP
1 86 140.0 -2256 4800.0 -1 0 0 0 1 0 0 0 -1 3001.DAT
0 STEP
1 86 140.0 -1872 4890.0 -1 0 0 0 1 0 0 0 -1 3009.DAT
0 STEP
1 86 140.0 -1656 5020.0 0 0 1 0 1 0 -1 0 0 3001.DAT
0 STEP
1 86 190.0 -2232 4900.0 0 0 1 0 1 0 -1 0 0 3009.DAT
0 STEP
1 86 100.0 -288 4760.0 -1 0 0 0 1 0 0 0 -1 3001.DAT
0 STEP
1 86 60.0 -408 4600.0 0 0 1 0 1 0 -1 0 0 3003.DAT
0 STEP
1 86 90.0 -1776 4940.0 0 0 1 0 1 0 -1 0 0 3009.DAT
0 STEP
1 86 180.0 -1728 4960.0 0 0 1 0 1 0 -1 0 0 3001.DAT
0 STEP
1 86 160.0 -360 4740.0 0 0 1 0 1 0 -1 0 0 3003.DAT
0 STEP
1 86 30.0 -1248 4680.0 0 0 1 0 1 0 -1 0 0 3009.DAT
0 STEP
1 86 120.0 -360 4550.0 -1 0 0 0 1 0 0 0 -1 3004.DAT
0 STEP
1 86 120.0 -1368 4790.0 -1 0 0 0 1 0 0 0 -1 3004.DAT
0 STEP
1 86 180.0 -1008 4710.0 -1 0 0 0 1 0 0 0 -1 3004.DAT
0 STEP
1 86 190.0 -144 4740.0 0 0 1 0 1 0 -1 0 0 3004.DAT
0 STEP
1 86 120.0 -504 4720.0 -1 0 0 0 1 0 0 0 -1 3001.DAT
0 STEP
1 86 100.0 -528 4720.0 0 0 1 0 1 0 -1 0 0 3003.DAT
0 STEP
1 86 180.0 -1680 4840.0 0 0 1 0 1 0 -1 0 0 3003.DAT
0 STEP
1 86 120.0 -2232 4820.0 -1 0 0 0 1 0 0 0 -1 2456.DAT
0 STEP
1 86 90.0 -1632 4900.0 0 0 1 0 1 0 -1 0 0 3010.DAT
0 STEP
1 86 120.0 -1512 4500.0 -1 0 0 0 1 0 0 0 -1 2456.DAT
0 STEP
1 86 140.0 -1584 4380.0 -1 0 0 0 1 0 0 0 -1 3001.DAT
0 STEP
1 86 90.0 -504 4660.0 0 0 1 0 1 0 -1 0 0 3010.DAT
0 STEP
1 86 60.0 -432 4700.0 0 0 1 0 1 0 -1 0 0 3003.DAT
0 STEP
1 86 100.0 -1392 4630.0 -1 0 0 0 1 0 0 0 -1 3009.DAT
0 STEP
1 86 120.0 -144 4560.0 0 0 1 0 1 0 -1 0 0 3003.DAT
0 STEP
1 86 80.0 -1560 4420.0 0 0 1 0 1 0 -1 0 0 3003.DAT
0 STEP
1 86 170.0 -1032 4720.0 0 0 1 0 1 0 -1 0 0 3004.DAT
0 STEP
1 86 220.0 -336 4660.0 0 0 1 0 1 0 -1 0 0 3003.DAT
0 STEP
1 86 110.0 -1608 4400.0 0 0 1 0 1 0 -1 0 0 3010.DAT
0 STEP
1 86 140.0 -2016 4930.0 -1 0 0 0 1 0 0 0 -1 3010.DAT
0 STEP
1 86 80.0 -2232 4980.0 0 0 1 0 1 0 -1 0 0 3001.DAT
0 STEP
1 86 120.0 -1512 4620.0 0 0 1 0 1 0 -1 0 0 3003.DAT
0 STEP
1 86 90.0 -1752 5000.0 0 0 1 0 1 0 -1 0 0 3008.DAT
0 STEP
1 86 180.0 -1800 4980.0 0 0 1 0 1 0 -1 0 0 2456.DAT
0 STEP
1 86 130.0 -528 4720.0 0 0 1 0 1 0 -1 0 0 3004.DAT
0 STEP
1 86 140.0 -216 4560.0 0 0 1 0 1 0 -1 0 0 3003.DAT
0 STEP
1 86 70.0 -1416 4720.0 0 0 1 0 1 0 -1 0 0 3010.DAT
0 STEP
1 86 130.0 -2232 4980.0 0 0 1 0 1 0 -1 0 0 3010.DAT
0 STEP
1 86 40.0 -1272 4710.0 -1 0 0 0 1 0 0 0 -1 3010.DAT
0 STEP
1 86 80.0 -384 4580.0 0 0 1 0 1 0 -1 0 0 3003.DAT
0 STEP
1 86 140.0 -2256 4980.0 -1 0 0 0 1 0 0 0 -1 3001.DAT
0 STEP
1 86 60.0 -1224 4620.0 -1 0 0 0 1 0 0 0 -1 3001.DAT
0 STEP
1 86 50.0 -2088 4920.0 0 0 1 0 1 0 -1 0 0 3010.DAT
0 STEP
1 86 50.0 -1536 4740.0 0 0 1 0 1 0 -1 0 0 3008.DAT
0 STEP
1 86 210.0 -1128 4660.0 0 0 1 0 1 0 -1 0 0 3010.DAT
0 STEP
1 86 120.0 -1272 4560.0 0 0 1 0 1 0 -1 0 0 3001.DAT
0 STEP
1 86 100.0 -2136 5010.0 -1 0 0 0 1 0 0 0 -1 3010.DAT
0 STEP
1 86 120.0 -2064 4930.0 -1 0 0 0 1 0 0 0 -1 3010.DAT
0 STEP
1 86 50.0 -624 4660.0 0 0 1 0 1 0 -1 0 0 3010.DAT
0 STEP
1 86 120.0 -96 4580.0 -1 0 0 0 1 0 0 0 -1 3001.DAT
0 STEP
1 86 200.0 -1200 4650.0 -1 0 0 0 1 0 0 0 -1 3010.DAT
0 STEP
1 86 110.0 -72 4740.0 0 0 1 0 1 0 -1 0 0 3004.DAT
0 STEP
1 86 120.0 -336 4560.0 0 0 1 0 1 0 -1 0 0 3003.DAT
0 STEP
1 86 140.0 -1512 4900.0 -1 0 0 0 1 0 0 0 -1 3001.DAT
0 STEP
1 86 50.0 -1752 4940.0 0 0 1 0 1 0 -1 0 0 3010.DAT
0 STEP
1 86 120.0 -1464 4840.0 -1 0 0 0 1 0 0 0 -1 2456.DAT
0 STEP
1 86 120.0 -1584 4420.0 0 0 1 0 1 0 -1 0 0 3003.DAT
0 STEP
1 86 160.0 -1320 4550.0 -1 0 0 0 1 0 0 0 -1 3004.DAT
0 STEP
1 86 100.0 -2256 4940.0 0 0 1 0 1 0 -1 0 0 3003.DAT
0 STEP
1 86 190.0 -1872 5000.0 0 0 1 0 1 0 -1 0 0 3010.DAT
0 STEP
1 86 50.0 -1008 4660.0 0 0 1 0 1 0 -1 0 0 3010.DAT
0 STEP
1 86 100.0 -912 4700.0 -1 0 0 0 1 0 0 0 -1 3001.DAT
0 STEP
1 86 100.0 -360 4750.0 -1 0 0 0 1 0 0 0 -1 3010.DAT
0 STEP
1 86 150.0 -1584 4920.0 0 0 1 0 1 0 -1 0 0 3010.DAT
0 STEP
1 86 90.0 -1368 4580.0 0 0 1 0 1 0 -1 0 0 3010.DAT
0 STEP
1 86 60.0 -384 4680.0 -1 0 0 0 1 0 0 0 -1 3001.DAT
0 STEP
1 86 140.0 -96 4760.0 0 0 1 0 1 0 -1 0 0 3003.DAT
0 STEP
1 86 120.0 -1536 4410.0 -1 0 0 0 1 0 0 0 -1 3010.DAT
0 STEP
1 86 100.0 -1608 5000.0 -1 0 0 0 1 0 0 0 -1 3001.DAT
0 STEP
1 86 140.0 -648 4590.0 -1 0 0 0 1 0 0 0 -1 3004.DAT
0 STEP
1 86 90.0 -2136 4960.0 0 0 1 0 1 0 -1 0 0 3010.DAT
0 STEP
1 86 180.0 -1560 4760.0 0 0 1 0 1 0 -1 0 0 2456.DAT
0 STEP
1 86 100.0 -2232 4860.0 -1 0 0 0 1 0 0 0 -1 3001.DAT
0 STEP
1 86 180.0 -1704 4960.0 0 0 1 0 1 0 -1 0 0 2456.DAT
0 STEP
1 86 120.0 -528 4590.0 -1 0 0 0 1 0 0 0 -1 3010.DAT
0 STEP
1 86 180.0 -1536 4600.0 0 0 1 0 1 0 -1 0 0 3003.DAT
0 STEP
1 86 50.0 -1440 4660.0 0 0 1 0 1 0 -1 0 0 3010.DAT
0 STEP
1 86 160.0 -672 4660.0 0 0 1 0 1 0 -1 0 0 3001.DAT
0 STEP
1 86 110.0 -1488 4600.0 0 0 1 0 1 0 -1 0 0 3010.DAT
0 STEP
1 86 50.0 -1416 4680.0 0 0 1 0 1 0 -1 0 0 3010.DAT
0 STEP
1 86 120.0 -1800 5080.0 0 0 1 0 1 0 -1 0 0 3003.DAT
0 STEP
1 86 60.0 -240 4560.0 0 0 1 0 1 0 -1 0 0 3003.DAT
0 STEP
1 86 180.0 -480 4700.0 0 0 1 0 1 0 -1 0 0 3001.DAT
0 STEP
1 86 120.0 -864 4700.0 0 0 1 0 1 0 -1 0 0 3003.DAT
0 STEP
1 86 100.0 -1704 5020.0 0 0 1 0 1 0 -1 0 0 3003.DAT
0 STEP
1 86 90.0 -960 4680.0 0 0 1 0 1 0 -1 0 0 3009.DAT
0 STEP
1 86 180.0 -792 4660.0 0 0 1 0 1 0 -1 0 0 3001.DAT
0 STEP
1 86 120.0 -1152 4570.0 -1 0 0 0 1 0 0 0 -1 3010.DAT
0 STEP
1 86 180.0 -1608 4820.0 0 0 1 0 1 0 -1 0 0 3001.DAT
0 STEP
1 86 70.0 -1608 4380.0 0 0 1 0 1 0 -1 0 0 3010.DAT
0 STEP
1 86 210.0 -1224 4720.0 0 0 1 0 1 0 -1 0 0 3004.DAT
0 STEP
1 86 120.0 -1728 4370.0 -1 0 0 0 1 0 0 0 -1 3009.DAT
0 STEP
1 86 90.0 -1656 4900.0 0 0 1 0 1 0 -1 0 0 3008.DAT
0 STEP
1 86 50.0 -1896 4960.0 0 0 1 0 1 0 -1 0 0 3009.DAT
0 STEP
1 86 120.0 -1488 4880.0 -1 0 0 0 1 0 0 0 -1 3001.DAT
0 STEP
1 86 120.0 -1488 4500.0 0 0 1 0 1 0 -1 0 0 3001.DAT
0 STEP
1 86 80.0 -2112 5050.0 -1 0 0 0 1 0 0 0 -1 3004.DAT
0 STEP
1 86 80.0 -1776 5060.0 0 0 1 0 1 0 -1 0 0 3003.DAT
0 STEP
1 86 120.0 -1632 5020.0 -1 0 0 0 1 0 0 0 -1 2456.DAT
0 STEP
1 86 150.0 -2088 4980.0 0 0 1 0 1 0 -1 0 0 3010.DAT
0 STEP
1 86 60.0 -1776 4860.0 0 0 1 0 1 0 -1 0 0 3003.DAT
0 STEP
1 86 180.0 -1056 4660.0 0 0 1 0 1 0 -1 0 0 3001.DAT
0 STEP
1 86 100.0 -624 4630.0 -1 0 0 0 1 0 0 0 -1 3010.DAT
0 STEP
1 86 120.0 -600 4720.0 0 0 1 0 1 0 -1 0 0 3003.DAT
0 STEP
1 86 80.0 -1848 4880.0 0 0 1 0 1 0 -1 0 0 3003.DAT
0 STEP
1 86 140.0 -432 4590.0 -1 0 0 0 1 0 0 0 -1 3010.DAT
0 STEP
1 86 140.0 -2088 4880.0 0 0 1 0 1 0 -1 0 0 3003.DAT
0 STEP
1 86 120.0 -1512 4460.0 -1 0 0 0 1 0 0 0 -1 3001.DAT
0 STEP
1 86 120.0 -1848 4300.0 0 0 1 0 1 0 -1 0 0 3001.DAT
0 STEP
1 86 200.0 -72 4660.0 0 0 1 0 1 0 -1 0 0 3001.DAT
0 STEP
1 86 80.0 -1728 4350.0 -1 0 0 0 1 0 0 0 -1 3004.DAT
0 STEP
1 86 210.0 -1416 4680.0 0 0 1 0 1 0 -1 0 0 3010.DAT
0 STEP
1 86 100.0 -1536 4890.0 -1 0 0 0 1 0 0 0 -1 3010.DAT
0 STEP
1 86 110.0 -96 4760.0 0 0 1 0 1 0 -1 0 0 3004.DAT
0 STEP
1 86 150.0 -144 4720.0 0 0 1 0 1 0 -1 0 0 3004.DAT
0 STEP
1 86 120.0 -144 4730.0 -1 0 0 0 1 0 0 0 -1 3004.DAT
0 STEP
1 86 120.0 -120 4770.0 -1 0 0 0 1 0 0 0 -1 3010.DAT
0 STEP
1 86 150.0 -1464 4530.0 0 0 1 0 1 0 -1 0 0 3005.DAT
0 STEP
1 86 150.0 -1440 4590.0 0 0 1 0 1 0 -1 0 0 3005.DAT
0 STEP
1 86 130.0 -1440 4630.0 0 0 1 0 1 0 -1 0 0 3005.DAT
0 STEP
1 86 90.0 -1464 4530.0 0 0 1 0 1 0 -1 0 0 3005.DAT
0 STEP
1 86 150.0 -1464 4650.0 0 0 1 0 1 0 -1 0 0 3005.DAT
0 STEP
1 86 190.0 -1488 4650.0 0 0 1 0 1 0 -1 0 0 3005.DAT
0 STEP
1 86 190.0 -1464 4630.0 0 0 1 0 1 0 -1 0 0 3005.DAT
0 STEP
1 86 130.0 -1440 4570.0 0 0 1 0 1 0 -1 0 0 3005.DAT
0 STEP
1 86 150.0 -1440 4650.0 0 0 1 0 1 0 -1 0 0 3005.DAT
0 STEP
1 86 170.0 -1440 4610.0 0 0 1 0 1 0 -1 0 0 3005.DAT
0 STEP
1 86 160.0 -1488 4570.0 -1 0 0 0 1 0 0 0 -1 3004.DAT
0 STEP
1 86 140.0 -1488 4590.0 -1 0 0 0 1 0 0 0 -1 3004.DAT
0 STEP
1 86 130.0 -1440 4600.0 0 0 1 0 1 0 -1 0 0 3004.DAT
0 STEP
1 86 190.0 -1488 4700.0 0 0 1 0 1 0 -1 0 0 3010.DAT
0 STEP
1 86 120.0 -1464 4590.0 -1 0 0 0 1 0 0 0 -1 3009.DAT
0 STEP
1 86 90.0 -1464 4560.0 0 0 1 0 1 0 -1 0 0 3004.DAT
0 STEP
1 86 150.0 -1440 4620.0 0 0 1 0 1 0 -1 0 0 3004.DAT
0 STEP
1 86 170.0 -1488 4540.0 0 0 1 0 1 0 -1 0 0 3004.DAT
0 STEP
1 86 130.0 -1488 4620.0 0 0 1 0 1 0 -1 0 0 3004.DAT
0 STEP
1 86 150.0 -1464 4560.0 0 0 1 0 1 0 -1 0 0 3004.DAT
0 STEP
1 86 170.0 -1512 4560.0 0 0 1 0 1 0 -1 0 0 3010.DAT
0 STEP
1 86 120.0 -1464 4510.0 -1 0 0 0 1 0 0 0 -1 3004.DAT
0 STEP
1 86 110.0 -1440 4580.0 0 0 1 0 1 0 -1 0 0 3004.DAT
0 STEP
1 86 120.0 -1464 4570.0 -1 0 0 0 1 0 0 0 -1 3004.DAT
0 STEP
1 86 180.0 -1440 4640.0 0 0 1 0 1 0 -1 0 0 3003.DAT
0 STEP
1 86 190.0 -1488 4620.0 0 0 1 0 1 0 -1 0 0 3004.DAT
0 STEP
1 86 180.0 -1464 4660.0 0 0 1 0 1 0 -1 0 0 3003.DAT
0 STEP
1 86 120.0 -1464 4540.0 0 0 1 0 1 0 -1 0 0 3003.DAT
0 STEP
1 86 170.0 -1488 4640.0 0 0 1 0 1 0 -1 0 0 3009.DAT
0 STEP
1 86 50.0 -1464 4680.0 0 0 1 0 1 0 -1 0 0 3009.DAT
0 STEP
1 86 150.0 -1488 4640.0 0 0 1 0 1 0 -1 0 0 3004.DAT
0 STEP
1 86 150.0 -1488 4520.0 0 0 1 0 1 0 -1 0 0 3010.DAT
0 STEP
1 86 120.0 -1464 4620.0 -1 0 0 0 1 0 0 0 -1 2456.DAT
0 STEP
1 86 130.0 -48 4590.0 0 0 1 0 1 0 -1 0 0 3005.DAT
0 STEP
1 86 70.0 -24 4630.0 0 0 1 0 1 0 -1 0 0 3005.DAT
0 STEP
1 86 130.0 -24 4630.0 0 0 1 0 1 0 -1 0 0 3005.DAT
0 STEP
1 86 90.0 -72 4610.0 0 0 1 0 1 0 -1 0 0 3005.DAT
0 STEP
1 86 70.0 -72 4630.0 0 0 1 0 1 0 -1 0 0 3005.DAT
0 STEP
1 86 190.0 -48 4670.0 0 0 1 0 1 0 -1 0 0 3005.DAT
0 STEP
1 86 110.0 -24 4610.0 0 0 1 0 1 0 -1 0 0 3005.DAT
0 STEP
1 86 90.0 0 4630.0 0 0 1 0 1 0 -1 0 0 3005.DAT
0 STEP
1 86 170.0 -24 4610.0 0 0 1 0 1 0 -1 0 0 3005.DAT
0 STEP
1 86 150.0 -72 4610.0 0 0 1 0 1 0 -1 0 0 3005.DAT
0 STEP
1 86 160.0 -24 4630.0 -1 0 0 0 1 0 0 0 -1 3004.DAT
0 STEP
1 86 180.0 -72 4610.0 -1 0 0 0 1 0 0 0 -1 3004.DAT
0 STEP
1 86 150.0 -48 4600.0 0 0 1 0 1 0 -1 0 0 3004.DAT
0 STEP
1 86 100.0 -48 4590.0 -1 0 0 0 1 0 0 0 -1 3004.DAT
0 STEP
1 86 80.0 -24 4610.0 -1 0 0 0 1 0 0 0 -1 3004.DAT
0 STEP
1 86 80.0 -48 4610.0 -1 0 0 0 1 0 0 0 -1 3004.DAT
0 STEP
1 86 180.0 -48 4610.0 -1 0 0 0 1 0 0 0 -1 3004.DAT
0 STEP
1 86 140.0 -24 4610.0 -1 0 0 0 1 0 0 0 -1 3004.DAT
0 STEP
1 86 150.0 -48 4660.0 0 0 1 0 1 0 -1 0 0 3004.DAT
0 STEP
1 86 70.0 -72 4600.0 0 0 1 0 1 0 -1 0 0 3004.DAT
0 STEP
1 86 160.0 -48 4630.0 -1 0 0 0 1 0 0 0 -1 3004.DAT
0 STEP
1 86 190.0 -48 4640.0 0 0 1 0 1 0 -1 0 0 3004.DAT
0 STEP
1 86 100.0 -24 4630.0 -1 0 0 0 1 0 0 0 -1 3004.DAT
0 STEP
1 86 110.0 -72 4660.0 0 0 1 0 1 0 -1 0 0 3010.DAT
0 STEP
1 86 120.0 -48 4640.0 0 0 1 0 1 0 -1 0 0 3001.DAT
0 STEP
1 86 60.0 -48 4660.0 0 0 1 0 1 0 -1 0 0 3001.DAT
0 STEP
1 86 140.0 -72 4660.0 0 0 1 0 1 0 -1 0 0 3001.DAT
0 STEP
1 86 70.0 -1296 4710.0 0 0 1 0 1 0 -1 0 0 3005.DAT
0 STEP
1 86 30.0 -1320 4670.0 0 0 1 0 1 0 -1 0 0 3005.DAT
0 STEP
1 86 30.0 -1320 4710.0 0 0 1 0 1 0 -1 0 0 3005.DAT
0 STEP
1 86 70.0 -1272 4690.0 0 0 1 0 1 0 -1 0 0 3005.DAT
0 STEP
1 86 30.0 -1272 4630.0 0 0 1 0 1 0 -1 0 0 3005.DAT
0 STEP
1 86 10.0 -1296 4710.0 0 0 1 0 1 0 -1 0 0 3005.DAT
0 STEP
1 86 60.0 -1320 4670.0 -1 0 0 0 1 0 0 0 -1 3004.DAT
0 STEP
1 86 60.0 -1296 4630.0 -1 0 0 0 1 0 0 0 -1 3004.DAT
0 STEP
1 86 40.0 -1272 4690.0 -1 0 0 0 1 0 0 0 -1 3004.DAT
0 STEP
1 86 40.0 -1320 4690.0 -1 0 0 0 1 0 0 0 -1 3004.DAT
0 STEP
1 86 50.0 -1296 4660.0 0 0 1 0 1 0 -1 0 0 3004.DAT
0 STEP
1 86 20.0 -1296 4610.0 -1 0 0 0 1 0 0 0 -1 3004.DAT
0 STEP
1 86 40.0 -1296 4710.0 -1 0 0 0 1 0 0 0 -1 3004.DAT
0 STEP
1 86 60.0 -1272 4630.0 -1 0 0 0 1 0 0 0 -1 3004.DAT
0 STEP
1 86 70.0 -1320 4640.0 0 0 1 0 1 0 -1 0 0 3004.DAT
0 STEP
1 86 30.0 -1272 4600.0 0 0 1 0 1 0 -1 0 0 3004.DAT
0 STEP
1 86 60.0 -1296 4690.0 -1 0 0 0 1 0 0 0 -1 3004.DAT
0 STEP
1 86 40.0 -1320 4640.0 0 0 1 0 1 0 -1 0 0 3003.DAT
0 STEP
1 86 10.0 -1272 4620.0 0 0 1 0 1 0 -1 0 0 3004.DAT
0 STEP
1 86 80.0 -1296 4610.0 -1 0 0 0 1 0 0 0 -1 3004.DAT
0 STEP
1 86 70.0 -1320 4700.0 0 0 1 0 1 0 -1 0 0 3004.DAT
0 STEP
1 86 40.0 -1272 4660.0 -1 0 0 0 1 0 0 0 -1 3001.DAT
0 STEP
1 86 20.0 -1296 4660.0 0 0 1 0 1 0 -1 0 0 3001.DAT
0 STEP
1 86 70.0 -2328 4890.0 0 0 1 0 1 0 -1 0 0 3005.DAT
0 STEP
1 86 70.0 -2328 4930.0 0 0 1 0 1 0 -1 0 0 3005.DAT
0 STEP
1 86 130.0 -2328 4870.0 0 0 1 0 1 0 -1 0 0 3005.DAT
0 STEP
1 86 90.0 -2352 4890.0 0 0 1 0 1 0 -1 0 0 3005.DAT
0 STEP
1 86 110.0 -2352 4850.0 0 0 1 0 1 0 -1 0 0 3005.DAT
0 STEP
1 86 150.0 -2352 4830.0 0 0 1 0 1 0 -1 0 0 3005.DAT
0 STEP
1 86 110.0 -2328 4860.0 0 0 1 0 1 0 -1 0 0 3004.DAT
0 STEP
1 86 140.0 -2352 4850.0 -1 0 0 0 1 0 0 0 -1 3004.DAT
0 STEP
1 86 120.0 -2304 4850.0 -1 0 0 0 1 0 0 0 -1 3004.DAT
0 STEP
1 86 110.0 -2352 4880.0 0 0 1 0 1 0 -1 0 0 3004.DAT
0 STEP
1 86 140.0 -2376 4840.0 0 0 1 0 1 0 -1 0 0 3003.DAT
0 STEP
1 86 80.0 -2352 4830.0 -1 0 0 0 1 0 0 0 -1 3004.DAT
0 STEP
1 86 140.0 -2328 4850.0 -1 0 0 0 1 0 0 0 -1 3004.DAT
0 STEP
1 86 120.0 -2376 4870.0 -1 0 0 0 1 0 0 0 -1 3004.DAT
0 STEP
1 86 90.0 -2328 4860.0 0 0 1 0 1 0 -1 0 0 3010.DAT
0 STEP
1 86 120.0 -2352 4910.0 -1 0 0 0 1 0 0 0 -1 3010.DAT
0 STEP
1 86 70.0 -2328 4840.0 0 0 1 0 1 0 -1 0 0 3010.DAT
0 STEP
1 86 100.0 -2376 4850.0 -1 0 0 0 1 0 0 0 -1 3004.DAT
0 STEP
1 86 100.0 -2376 4820.0 0 0 1 0 1 0 -1 0 0 3003.DAT
0 STEP
1 86 140.0 -2352 4880.0 0 0 1 0 1 0 -1 0 0 3003.DAT
0 STEP
1 86 100.0 -2328 4910.0 -1 0 0 0 1 0 0 0 -1 3010.DAT
0 STEP
1 86 90.0 -2352 4860.0 0 0 1 0 1 0 -1 0 0 3004.DAT
0 STEP
1 86 120.0 -2304 4880.0 0 0 1 0 1 0 -1 0 0 3003.DAT
0 STEP
1 86 150.0 -1632 4790.0 0 0 1 0 1 0 -1 0 0 3005.DAT
0 STEP
1 86 50.0 -1632 4750.0 0 0 1 0 1 0 -1 0 0 3005.DAT
0 STEP
1 86 50.0 -1656 4730.0 0 0 1 0 1 0 -1 0 0 3005.DAT
0 STEP
1 86 90.0 -1608 4710.0 0 0 1 0 1 0 -1 0 0 3005.DAT
0 STEP
1 86 90.0 -1632 4750.0 0 0 1 0 1 0 -1 0 0 3005.DAT
0 STEP
1 86 70.0 -1680 4790.0 0 0 1 0 1 0 -1 0 0 3005.DAT
0 STEP
1 86 70.0 -1632 4730.0 0 0 1 0 1 0 -1 0 0 3005.DAT
0 STEP
1 86 110.0 -1608 4750.0 0 0 1 0 1 0 -1 0 0 3005.DAT
0 STEP
1 86 150.0 -1656 4770.0 0 0 1 0 1 0 -1 0 0 3005.DAT
0 STEP
1 86 130.0 -1656 4730.0 0 0 1 0 1 0 -1 0 0 3005.DAT
0 STEP
1 86 90.0 -1632 4790.0 0 0 1 0 1 0 -1 0 0 3005.DAT
0 STEP
1 86 150.0 -1632 4710.0 0 0 1 0 1 0 -1 0 0 3005.DAT
0 STEP
1 86 120.0 -1632 4750.0 -1 0 0 0 1 0 0 0 -1 3004.DAT
0 STEP
1 86 50.0 -1632 4720.0 0 0 1 0 1 0 -1 0 0 3004.DAT
0 STEP
1 86 150.0 -1656 4740.0 0 0 1 0 1 0 -1 0 0 3004.DAT
0 STEP
1 86 70.0 -1680 4760.0 0 0 1 0 1 0 -1 0 0 3004.DAT
0 STEP
1 86 120.0 -1680 4770.0 -1 0 0 0 1 0 0 0 -1 3004.DAT
0 STEP
1 86 90.0 -1632 4820.0 0 0 1 0 1 0 -1 0 0 3004.DAT
0 STEP
1 86 150.0 -1632 4740.0 0 0 1 0 1 0 -1 0 0 3004.DAT
0 STEP
1 86 150.0 -1680 4760.0 0 0 1 0 1 0 -1 0 0 3004.DAT
0 STEP
1 86 140.0 -1680 4820.0 0 0 1 0 1 0 -1 0 0 3003.DAT
0 STEP
1 86 110.0 -1680 4820.0 0 0 1 0 1 0 -1 0 0 3004.DAT
0 STEP
1 86 160.0 -1656 4710.0 -1 0 0 0 1 0 0 0 -1 3010.DAT
0 STEP
1 86 140.0 -1632 4770.0 -1 0 0 0 1 0 0 0 -1 3009.DAT
0 STEP
1 86 140.0 -1608 4730.0 -1 0 0 0 1 0 0 0 -1 3010.DAT
0 STEP
1 86 70.0 -1656 4740.0 0 0 1 0 1 0 -1 0 0 3010.DAT
0 STEP
1 86 160.0 -1656 4830.0 -1 0 0 0 1 0 0 0 -1 3004.DAT
0 STEP
1 86 190.0 -1656 4800.0 0 0 1 0 1 0 -1 0 0 3010.DAT
0 STEP
1 86 50.0 -1656 4800.0 0 0 1 0 1 0 -1 0 0 3009.DAT
0 STEP
1 86 180.0 -1680 4750.0 -1 0 0 0 1 0 0 0 -1 3004.DAT
0 STEP
1 86 120.0 -1680 4740.0 0 0 1 0 1 0 -1 0 0 3003.DAT
0 STEP
1 86 180.0 -1680 4780.0 0 0 1 0 1 0 -1 0 0 3003.DAT
0 STEP
1 86 120.0 -1632 4720.0 0 0 1 0 1 0 -1 0 0 3003.DAT
0 STEP
1 86 180.0 -1632 4800.0 0 0 1 0 1 0 -1 0 0 3003.DAT
0 STEP
1 86 90.0 -1680 4800.0 0 0 1 0 1 0 -1 0 0 3009.DAT
0 STEP
1 86 160.0 -1656 4800.0 0 0 1 0 1 0 -1 0 0 3003.DAT
0 STEP
1 86 130.0 -1656 4780.0 0 0 1 0 1 0 -1 0 0 3010.DAT
0 STEP
1 86 180.0 -1656 4740.0 0 0 1 0 1 0 -1 0 0 3003.DAT
0 STEP
1 86 90.0 -1608 4800.0 0 0 1 0 1 0 -1 0 0 3008.DAT
0 STEP
1 86 100.0 -1656 4760.0 0 0 1 0 1 0 -1 0 0 2456.DAT
0 STEP
1 86 70.0 -1632 4490.0 0 0 1 0 1 0 -1 0 0 3005.DAT
0 STEP
1 86 190.0 -1632 4510.0 0 0 1 0 1 0 -1 0 0 3005.DAT
0 STEP
1 86 170.0 -1656 4510.0 0 0 1 0 1 0 -1 0 0 3005.DAT
0 STEP
1 86 170.0 -1608 4510.0 0 0 1 0 1 0 -1 0 0 3005.DAT
0 STEP
1 86 110.0 -1656 4510.0 0 0 1 0 1 0 -1 0 0 3005.DAT
0 STEP
1 86 140.0 -1656 4510.0 -1 0 0 0 1 0 0 0 -1 3004.DAT
0 STEP
1 86 140.0 -1656 4480.0 -1 0 0 0 1 0 0 0 -1 3001.DAT
0 STEP
1 86 170.0 -1632 4480.0 0 0 1 0 1 0 -1 0 0 3010.DAT
0 STEP
1 86 160.0 -1608 4480.0 -1 0 0 0 1 0 0 0 -1 3001.DAT
0 STEP
1 86 80.0 -1656 4480.0 0 0 1 0 1 0 -1 0 0 3001.DAT
0 STEP
1 86 120.0 -1608 4510.0 -1 0 0 0 1 0 0 0 -1 3010.DAT
0 STEP
1 86 140.0 -2376 4810.0 -1 0 0 0 1 0 0 0 -1 3004.DAT
0 STEP
1 86 110.0 -2304 4830.0 0 0 1 0 1 0 -1 0 0 3005.DAT
0 STEP
1 86 170.0 -2328 4710.0 0 0 1 0 1 0 -1 0 0 3005.DAT
0 STEP
1 86 70.0 -2304 4770.0 0 0 1 0 1 0 -1 0 0 3005.DAT
0 STEP
1 86 150.0 -2304 4720.0 0 0 1 0 1 0 -1 0 0 3004.DAT
0 STEP
1 86 110.0 -2304 4800.0 0 0 1 0 1 0 -1 0 0 3004.DAT
0 STEP
1 86 70.0 -2304 4740.0 0 0 1 0 1 0 -1 0 0 3004.DAT
0 STEP
1 86 170.0 -2328 4760.0 0 0 1 0 1 0 -1 0 0 3010.DAT
0 STEP
1 86 160.0 -2352 4720.0 0 0 1 0 1 0 -1 0 0 3003.DAT
0 STEP
1 86 90.0 -2304 4740.0 0 0 1 0 1 0 -1 0 0 3010.DAT
0 STEP
1 86 170.0 -2328 4860.0 0 0 1 0 1 0 -1 0 0 3009.DAT
0 STEP
1 86 140.0 -2304 4760.0 -1 0 0 0 1 0 0 0 -1 3001.DAT
0 STEP
1 86 30.0 -120 4610.0 0 0 1 0 1 0 -1 0 0 3005.DAT
0 STEP
1 86 90.0 -120 4610.0 0 0 1 0 1 0 -1 0 0 3005.DAT
0 STEP
1 86 50.0 -120 4630.0 0 0 1 0 1 0 -1 0 0 3005.DAT
0 STEP
1 86 70.0 -96 4630.0 0 0 1 0 1 0 -1 0 0 3005.DAT
0 STEP
1 86 50.0 -144 4710.0 0 0 1 0 1 0 -1 0 0 3005.DAT
0 STEP
1 86 70.0 -96 4710.0 0 0 1 0 1 0 -1 0 0 3005.DAT
0 STEP
1 86 70.0 -120 4670.0 0 0 1 0 1 0 -1 0 0 3005.DAT
0 STEP
1 86 150.0 -120 4730.0 0 0 1 0 1 0 -1 0 0 3005.DAT
0 STEP
1 86 70.0 -144 4670.0 0 0 1 0 1 0 -1 0 0 3005.DAT
0 STEP
1 86 110.0 -120 4750.0 0 0 1 0 1 0 -1 0 0 3005.DAT
0 STEP
1 86 30.0 -96 4650.0 0 0 1 0 1 0 -1 0 0 3005.DAT
0 STEP
1 86 110.0 -120 4590.0 0 0 1 0 1 0 -1 0 0 3005.DAT
0 STEP
1 86 70.0 -144 4750.0 0 0 1 0 1 0 -1 0 0 3005.DAT
0 STEP
1 86 60.0 -120 4610.0 -1 0 0 0 1 0 0 0 -1 3004.DAT
0 STEP
1 86 80.0 -120 4630.0 -1 0 0 0 1 0 0 0 -1 3004.DAT
0 STEP
1 86 60.0 -144 4730.0 -1 0 0 0 1 0 0 0 -1 3004.DAT
0 STEP
1 86 40.0 -96 4670.0 -1 0 0 0 1 0 0 0 -1 3004.DAT
0 STEP
1 86 120.0 -120 4730.0 -1 0 0 0 1 0 0 0 -1 3004.DAT
0 STEP
1 86 160.0 -120 4750.0 -1 0 0 0 1 0 0 0 -1 3004.DAT
0 STEP
1 86 110.0 -120 4560.0 0 0 1 0 1 0 -1 0 0 3004.DAT
0 STEP
1 86 100.0 -144 4710.0 -1 0 0 0 1 0 0 0 -1 3004.DAT
0 STEP
1 86 60.0 -120 4730.0 -1 0 0 0 1 0 0 0 -1 3004.DAT
0 STEP
1 86 200.0 -120 4610.0 -1 0 0 0 1 0 0 0 -1 3004.DAT
0 STEP
1 86 80.0 -120 4750.0 -1 0 0 0 1 0 0 0 -1 3004.DAT
0 STEP
1 86 110.0 -120 4620.0 0 0 1 0 1 0 -1 0 0 3004.DAT
0 STEP
1 86 40.0 -120 4710.0 -1 0 0 0 1 0 0 0 -1 3004.DAT
0 STEP
1 86 50.0 -96 4640.0 0 0 1 0 1 0 -1 0 0 3004.DAT
0 STEP
1 86 70.0 -144 4640.0 0 0 1 0 1 0 -1 0 0 3004.DAT
0 STEP
1 86 80.0 -96 4750.0 -1 0 0 0 1 0 0 0 -1 3004.DAT
0 STEP
1 86 60.0 -168 4730.0 -1 0 0 0 1 0 0 0 -1 3004.DAT
0 STEP
1 86 40.0 -144 4660.0 0 0 1 0 1 0 -1 0 0 3003.DAT
0 STEP
1 86 70.0 -144 4700.0 0 0 1 0 1 0 -1 0 0 3004.DAT
0 STEP
1 86 70.0 -120 4700.0 0 0 1 0 1 0 -1 0 0 3004.DAT
0 STEP
1 86 130.0 -120 4640.0 0 0 1 0 1 0 -1 0 0 3008.DAT
0 STEP
1 86 60.0 -120 4650.0 -1 0 0 0 1 0 0 0 -1 3004.DAT
0 STEP
1 86 60.0 -168 4710.0 -1 0 0 0 1 0 0 0 -1 3010.DAT
0 STEP
1 86 30.0 -120 4660.0 0 0 1 0 1 0 -1 0 0 3010.DAT
0 STEP
1 86 40.0 -96 4700.0 0 0 1 0 1 0 -1 0 0 3003.DAT
0 STEP
1 86 100.0 -120 4680.0 0 0 1 0 1 0 -1 0 0 3001.DAT
0 STEP
1 86 160.0 -120 4660.0 0 0 1 0 1 0 -1 0 0 2456.DAT
0 STEP
1 86 80.0 -96 4730.0 -1 0 0 0 1 0 0 0 -1 3010.DAT
0 STEP
1 86 180.0 -1632 4670.0 -1 0 0 0 1 0 0 0 -1 3004.DAT
0 STEP
1 86 90.0 -2376 4590.0 0 0 1 0 1 0 -1 0 0 3005.DAT
0 STEP
1 86 130.0 -2376 4610.0 0 0 1 0 1 0 -1 0 0 3005.DAT
0 STEP
1 86 130.0 -2376 4690.0 0 0 1 0 1 0 -1 0 0 3005.DAT
0 STEP
1 86 130.0 -2400 4670.0 0 0 1 0 1 0 -1 0 0 3005.DAT
0 STEP
1 86 150.0 -2400 4790.0 0 0 1 0 1 0 -1 0 0 3005.DAT
0 STEP
1 86 90.0 -2400 4730.0 0 0 1 0 1 0 -1 0 0 3005.DAT
0 STEP
1 86 90.0 -2400 4790.0 0 0 1 0 1 0 -1 0 0 3005.DAT
0 STEP
1 86 140.0 -2400 4730.0 -1 0 0 0 1 0 0 0 -1 3004.DAT
0 STEP
1 86 160.0 -2376 4730.0 -1 0 0 0 1 0 0 0 -1 3004.DAT
0 STEP
1 86 120.0 -2376 4590.0 -1 0 0 0 1 0 0 0 -1 3004.DAT
0 STEP
1 86 130.0 -2376 4660.0 0 0 1 0 1 0 -1 0 0 3004.DAT
0 STEP
1 86 100.0 -2376 4610.0 -1 0 0 0 1 0 0 0 -1 3004.DAT
0 STEP
1 86 120.0 -2400 4650.0 -1 0 0 0 1 0 0 0 -1 3004.DAT
0 STEP
1 86 90.0 -2400 4700.0 0 0 1 0 1 0 -1 0 0 3004.DAT
0 STEP
1 86 120.0 -2400 4590.0 -1 0 0 0 1 0 0 0 -1 3004.DAT
0 STEP
1 86 140.0 -2400 4760.0 0 0 1 0 1 0 -1 0 0 3003.DAT
0 STEP
1 86 160.0 -2376 4760.0 0 0 1 0 1 0 -1 0 0 3003.DAT
0 STEP
1 86 140.0 -2400 4700.0 0 0 1 0 1 0 -1 0 0 3003.DAT
0 STEP
1 86 90.0 -2400 4760.0 0 0 1 0 1 0 -1 0 0 3004.DAT
0 STEP
1 86 110.0 -2400 4720.0 0 0 1 0 1 0 -1 0 0 3009.DAT
0 STEP
1 86 120.0 -2400 4800.0 0 0 1 0 1 0 -1 0 0 3003.DAT
0 STEP
1 86 120.0 -2400 4620.0 0 0 1 0 1 0 -1 0 0 3003.DAT
0 STEP
1 86 90.0 -2352 4810.0 0 0 1 0 1 0 -1 0 0 3005.DAT
0 STEP
1 86 120.0 -2352 4760.0 0 0 1 0 1 0 -1 0 0 3003.DAT
0 STEP
1 86 120.0 -2352 4790.0 -1 0 0 0 1 0 0 0 -1 3010.DAT
0 STEP
1 86 120.0 -2376 4790.0 -1 0 0 0 1 0 0 0 -1 3009.DAT
0 STEP
1 86 120.0 -2328 4800.0 0 0 1 0 1 0 -1 0 0 3001.DAT
0 STEP
1 86 70.0 -2376 4730.0 0 0 1 0 1 0 -1 0 0 3005.DAT
0 STEP
1 86 90.0 -2352 4720.0 0 0 1 0 1 0 -1 0 0 3004.DAT
0 STEP
1 86 70.0 -2328 4760.0 0 0 1 0 1 0 -1 0 0 3004.DAT
0 STEP
1 86 70.0 -2352 4760.0 0 0 1 0 1 0 -1 0 0 3009.DAT
0 STEP
1 86 80.0 -2376 4760.0 0 0 1 0 1 0 -1 0 0 3003.DAT
0 STEP
1 86 150.0 -24 4730.0 0 0 1 0 1 0 -1 0 0 3005.DAT
0 STEP
1 86 130.0 0 4610.0 0 0 1 0 1 0 -1 0 0 3005.DAT
0 STEP
1 86 90.0 -24 4690.0 0 0 1 0 1 0 -1 0 0 3005.DAT
0 STEP
1 86 110.0 0 4620.0 0 0 1 0 1 0 -1 0 0 3004.DAT
0 STEP
1 86 90.0 -24 4660.0 0 0 1 0 1 0 -1 0 0 3004.DAT
0 STEP
1 86 140.0 0 4710.0 -1 0 0 0 1 0 0 0 -1 3004.DAT
0 STEP
1 86 160.0 -24 4700.0 0 0 1 0 1 0 -1 0 0 3003.DAT
0 STEP
1 86 170.0 -24 4660.0 0 0 1 0 1 0 -1 0 0 3004.DAT
0 STEP
1 86 90.0 -24 4720.0 0 0 1 0 1 0 -1 0 0 3004.DAT
0 STEP
1 86 130.0 0 4660.0 0 0 1 0 1 0 -1 0 0 3010.DAT
0 STEP
1 86 190.0 -24 4660.0 0 0 1 0 1 0 -1 0 0 3010.DAT
0 STEP
1 86 160.0 -48 4690.0 -1 0 0 0 1 0 0 0 -1 3010.DAT
0 STEP
1 86 70.0 -24 4680.0 0 0 1 0 1 0 -1 0 0 3010.DAT
0 STEP
1 86 160.0 0 4660.0 0 0 1 0 1 0 -1 0 0 3001.DAT
0 STEP
1 86 120.0 -24 4720.0 0 0 1 0 1 0 -1 0 0 3003.DAT
0 STEP
1 86 100.0 0 4680.0 0 0 1 0 1 0 -1 0 0 3001.DAT
0 STEP
1 86 90.0 -2352 4690.0 0 0 1 0 1 0 -1 0 0 3005.DAT
0 STEP
1 86 150.0 -2352 4650.0 0 0 1 0 1 0 -1 0 0 3005.DAT
0 STEP
1 86 110.0 -2328 4710.0 0 0 1 0 1 0 -1 0 0 3005.DAT
0 STEP
1 86 90.0 -2352 4630.0 0 0 1 0 1 0 -1 0 0 3005.DAT
0 STEP
1 86 150.0 -2376 4650.0 0 0 1 0 1 0 -1 0 0 3005.DAT
0 STEP
1 86 150.0 -2376 4710.0 0 0 1 0 1 0 -1 0 0 3005.DAT
0 STEP
1 86 150.0 -2352 4590.0 0 0 1 0 1 0 -1 0 0 3005.DAT
0 STEP
1 86 120.0 -2352 4590.0 -1 0 0 0 1 0 0 0 -1 3004.DAT
0 STEP
1 86 150.0 -2376 4600.0 0 0 1 0 1 0 -1 0 0 3004.DAT
0 STEP
1 86 150.0 -2376 4680.0 0 0 1 0 1 0 -1 0 0 3004.DAT
0 STEP
1 86 90.0 -2352 4660.0 0 0 1 0 1 0 -1 0 0 3004.DAT
0 STEP
1 86 150.0 -2352 4620.0 0 0 1 0 1 0 -1 0 0 3004.DAT
0 STEP
1 86 150.0 -2352 4680.0 0 0 1 0 1 0 -1 0 0 3004.DAT
0 STEP
1 86 140.0 -2376 4630.0 -1 0 0 0 1 0 0 0 -1 3004.DAT
0 STEP
1 86 110.0 -2376 4660.0 0 0 1 0 1 0 -1 0 0 3010.DAT
0 STEP
1 86 120.0 -2304 4720.0 0 0 1 0 1 0 -1 0 0 3003.DAT
0 STEP
1 86 140.0 -2328 4590.0 -1 0 0 0 1 0 0 0 -1 3004.DAT
0 STEP
1 86 80.0 -2328 4720.0 0 0 1 0 1 0 -1 0 0 3003.DAT
0 STEP
1 86 150.0 -2328 4740.0 0 0 1 0 1 0 -1 0 0 3004.DAT
0 STEP
1 86 120.0 -2304 4690.0 -1 0 0 0 1 0 0 0 -1 3004.DAT
0 STEP
1 86 140.0 -2328 4660.0 0 0 1 0 1 0 -1 0 0 2456.DAT
0 STEP
1 86 90.0 -2376 4680.0 0 0 1 0 1 0 -1 0 0 3009.DAT
0 STEP
1 86 100.0 -2328 4640.0 0 0 1 0 1 0 -1 0 0 2456.DAT
0 STEP
1 86 190.0 -168 4590.0 0 0 1 0 1 0 -1 0 0 3005.DAT
0 STEP
1 86 150.0 -192 4550.0 0 0 1 0 1 0 -1 0 0 3005.DAT
0 STEP
1 86 170.0 -144 4710.0 0 0 1 0 1 0 -1 0 0 3005.DAT
0 STEP
1 86 130.0 -192 4710.0 0 0 1 0 1 0 -1 0 0 3005.DAT
0 STEP
1 86 130.0 -216 4590.0 0 0 1 0 1 0 -1 0 0 3005.DAT
0 STEP
1 86 170.0 -144 4610.0 0 0 1 0 1 0 -1 0 0 3005.DAT
0 STEP
1 86 170.0 -192 4670.0 0 0 1 0 1 0 -1 0 0 3005.DAT
0 STEP
1 86 110.0 -192 4570.0 0 0 1 0 1 0 -1 0 0 3005.DAT
0 STEP
1 86 210.0 -168 4630.0 0 0 1 0 1 0 -1 0 0 3005.DAT
0 STEP
1 86 210.0 -168 4690.0 0 0 1 0 1 0 -1 0 0 3005.DAT
0 STEP
1 86 170.0 -168 4610.0 0 0 1 0 1 0 -1 0 0 3005.DAT
0 STEP
1 86 170.0 -168 4710.0 0 0 1 0 1 0 -1 0 0 3005.DAT
0 STEP
1 86 210.0 -192 4650.0 0 0 1 0 1 0 -1 0 0 3005.DAT
0 STEP
1 86 200.0 -144 4610.0 -1 0 0 0 1 0 0 0 -1 3004.DAT
0 STEP
1 86 180.0 -168 4570.0 -1 0 0 0 1 0 0 0 -1 3004.DAT
0 STEP
1 86 110.0 -192 4720.0 0 0 1 0 1 0 -1 0 0 3004.DAT
0 STEP
1 86 190.0 -240 4640.0 0 0 1 0 1 0 -1 0 0 3004.DAT
0 STEP
1 86 170.0 -192 4640.0 0 0 1 0 1 0 -1 0 0 3004.DAT
0 STEP
1 86 150.0 -168 4720.0 0 0 1 0 1 0 -1 0 0 3004.DAT
0 STEP
1 86 150.0 -168 4580.0 0 0 1 0 1 0 -1 0 0 3010.DAT
0 STEP
1 86 180.0 -216 4670.0 -1 0 0 0 1 0 0 0 -1 3004.DAT
0 STEP
1 86 210.0 -168 4660.0 0 0 1 0 1 0 -1 0 0 3004.DAT
0 STEP
1 86 210.0 -192 4620.0 0 0 1 0 1 0 -1 0 0 3004.DAT
0 STEP
1 86 180.0 -192 4600.0 0 0 1 0 1 0 -1 0 0 3003.DAT
0 STEP
1 86 140.0 -192 4730.0 -1 0 0 0 1 0 0 0 -1 3004.DAT
0 STEP
1 86 240.0 -216 4670.0 -1 0 0 0 1 0 0 0 -1 3004.DAT
0 STEP
1 86 210.0 -192 4680.0 0 0 1 0 1 0 -1 0 0 3004.DAT
0 STEP
1 86 160.0 -192 4570.0 -1 0 0 0 1 0 0 0 -1 3010.DAT
0 STEP
1 86 200.0 -168 4610.0 -1 0 0 0 1 0 0 0 -1 3004.DAT
0 STEP
1 86 150.0 -192 4620.0 0 0 1 0 1 0 -1 0 0 3004.DAT
0 STEP
1 86 120.0 -216 4610.0 -1 0 0 0 1 0 0 0 -1 3004.DAT
0 STEP
1 86 160.0 -192 4700.0 0 0 1 0 1 0 -1 0 0 3003.DAT
0 STEP
1 86 210.0 -168 4720.0 0 0 1 0 1 0 -1 0 0 3004.DAT
0 STEP
1 86 170.0 -144 4660.0 0 0 1 0 1 0 -1 0 0 3010.DAT
0 STEP
1 86 120.0 -192 4600.0 0 0 1 0 1 0 -1 0 0 3003.DAT
0 STEP
1 86 120.0 -168 4600.0 0 0 1 0 1 0 -1 0 0 3003.DAT
0 STEP
1 86 100.0 -144 4610.0 -1 0 0 0 1 0 0 0 -1 3009.DAT
0 STEP
1 86 250.0 -216 4640.0 0 0 1 0 1 0 -1 0 0 3004.DAT
0 STEP
1 86 200.0 -216 4640.0 -1 0 0 0 1 0 0 0 -1 3001.DAT
0 STEP
1 86 170.0 -168 4660.0 0 0 1 0 1 0 -1 0 0 3010.DAT
0 STEP
1 86 210.0 -264 4630.0 0 0 1 0 1 0 -1 0 0 3005.DAT
0 STEP
1 86 190.0 -240 4570.0 0 0 1 0 1 0 -1 0 0 3005.DAT
0 STEP
1 86 170.0 -216 4570.0 0 0 1 0 1 0 -1 0 0 3005.DAT
0 STEP
1 86 210.0 -216 4590.0 0 0 1 0 1 0 -1 0 0 3005.DAT
0 STEP
1 86 230.0 -216 4610.0 0 0 1 0 1 0 -1 0 0 3005.DAT
0 STEP
1 86 230.0 -240 4630.0 0 0 1 0 1 0 -1 0 0 3005.DAT
0 STEP
1 86 250.0 -240 4650.0 0 0 1 0 1 0 -1 0 0 3005.DAT
0 STEP
1 86 200.0 -216 4610.0 -1 0 0 0 1 0 0 0 -1 3004.DAT
0 STEP
1 86 200.0 -240 4610.0 -1 0 0 0 1 0 0 0 -1 3004.DAT
0 STEP
1 86 160.0 -240 4570.0 -1 0 0 0 1 0 0 0 -1 3004.DAT
0 STEP
1 86 210.0 -288 4600.0 0 0 1 0 1 0 -1 0 0 3004.DAT
0 STEP
1 86 230.0 -264 4620.0 0 0 1 0 1 0 -1 0 0 3004.DAT
0 STEP
1 86 230.0 -240 4600.0 0 0 1 0 1 0 -1 0 0 3004.DAT
0 STEP
1 86 190.0 -216 4580.0 0 0 1 0 1 0 -1 0 0 3004.DAT
0 STEP
1 86 210.0 -240 4580.0 0 0 1 0 1 0 -1 0 0 3004.DAT
0 STEP
1 86 170.0 -240 4620.0 0 0 1 0 1 0 -1 0 0 3004.DAT
0 STEP
1 86 250.0 -240 4620.0 0 0 1 0 1 0 -1 0 0 3004.DAT
0 STEP
1 86 180.0 -264 4570.0 -1 0 0 0 1 0 0 0 -1 3004.DAT
0 STEP
1 86 200.0 -264 4600.0 0 0 1 0 1 0 -1 0 0 3003.DAT
0 STEP
1 86 140.0 -240 4590.0 -1 0 0 0 1 0 0 0 -1 3009.DAT
0 STEP
1 86 160.0 -216 4600.0 0 0 1 0 1 0 -1 0 0 3003.DAT
0 STEP
1 86 90.0 -1632 4650.0 0 0 1 0 1 0 -1 0 0 3005.DAT
0 STEP
1 86 100.0 -1632 4670.0 -1 0 0 0 1 0 0 0 -1 3010.DAT
0 STEP
1 86 90.0 -1632 4580.0 0 0 1 0 1 0 -1 0 0 3009.DAT
0 STEP
1 86 70.0 -1632 4580.0 0 0 1 0 1 0 -1 0 0 3010.DAT
0 STEP
1 86 60.0 -1632 4520.0 0 0 1 0 1 0 -1 0 0 3003.DAT
0 STEP
1 86 170.0 -1632 4650.0 0 0 1 0 1 0 -1 0 0 3005.DAT
0 STEP
1 86 190.0 -1632 4610.0 0 0 1 0 1 0 -1 0 0 3005.DAT
0 STEP
1 86 190.0 -1608 4570.0 0 0 1 0 1 0 -1 0 0 3005.DAT
0 STEP
1 86 160.0 -1632 4630.0 -1 0 0 0 1 0 0 0 -1 3004.DAT
0 STEP
1 86 150.0 -1632 4660.0 0 0 1 0 1 0 -1 0 0 3004.DAT
0 STEP
1 86 180.0 -1608 4550.0 -1 0 0 0 1 0 0 0 -1 3004.DAT
0 STEP
1 86 170.0 -1608 4640.0 0 0 1 0 1 0 -1 0 0 3010.DAT
0 STEP
1 86 190.0 -1632 4560.0 0 0 1 0 1 0 -1 0 0 3010.DAT
0 STEP
1 86 140.0 -1632 4530.0 -1 0 0 0 1 0 0 0 -1 3010.DAT
0 STEP
1 86 190.0 -1584 4640.0 0 0 1 0 1 0 -1 0 0 3008.DAT
0 STEP
1 86 120.0 -1632 4510.0 -1 0 0 0 1 0 0 0 -1 3010.DAT
0 STEP
1 86 190.0 -1608 4640.0 0 0 1 0 1 0 -1 0 0 3009.DAT
0 STEP
1 86 160.0 -1632 4580.0 0 0 1 0 1 0 -1 0 0 3001.DAT
0 STEP
1 86 110.0 -1584 4710.0 0 0 1 0 1 0 -1 0 0 3005.DAT
0 STEP
1 86 50.0 -1560 4610.0 0 0 1 0 1 0 -1 0 0 3005.DAT
0 STEP
1 86 50.0 -1608 4610.0 0 0 1 0 1 0 -1 0 0 3005.DAT
0 STEP
1 86 70.0 -1608 4510.0 0 0 1 0 1 0 -1 0 0 3005.DAT
0 STEP
1 86 50.0 -1584 4710.0 0 0 1 0 1 0 -1 0 0 3005.DAT
0 STEP
1 86 130.0 -1584 4630.0 0 0 1 0 1 0 -1 0 0 3005.DAT
0 STEP
1 86 110.0 -1584 4450.0 0 0 1 0 1 0 -1 0 0 3005.DAT
0 STEP
1 86 110.0 -1584 4490.0 0 0 1 0 1 0 -1 0 0 3005.DAT
0 STEP
1 86 150.0 -1584 4710.0 0 0 1 0 1 0 -1 0 0 3005.DAT
0 STEP
1 86 90.0 -1536 4570.0 0 0 1 0 1 0 -1 0 0 3005.DAT
0 STEP
1 86 150.0 -1560 4570.0 0 0 1 0 1 0 -1 0 0 3005.DAT
0 STEP
1 86 90.0 -1560 4650.0 0 0 1 0 1 0 -1 0 0 3005.DAT
0 STEP
1 86 150.0 -1584 4550.0 0 0 1 0 1 0 -1 0 0 3005.DAT
0 STEP
1 86 90.0 -1584 4610.0 0 0 1 0 1 0 -1 0 0 3005.DAT
0 STEP
1 86 110.0 -1560 4510.0 0 0 1 0 1 0 -1 0 0 3005.DAT
0 STEP
1 86 50.0 -1584 4590.0 0 0 1 0 1 0 -1 0 0 3005.DAT
0 STEP
1 86 90.0 -1584 4730.0 0 0 1 0 1 0 -1 0 0 3005.DAT
0 STEP
1 86 110.0 -1560 4570.0 0 0 1 0 1 0 -1 0 0 3005.DAT
0 STEP
1 86 90.0 -1584 4670.0 0 0 1 0 1 0 -1 0 0 3005.DAT
0 STEP
1 86 80.0 -1608 4610.0 -1 0 0 0 1 0 0 0 -1 3004.DAT
0 STEP
1 86 50.0 -1608 4640.0 0 0 1 0 1 0 -1 0 0 3004.DAT
0 STEP
1 86 120.0 -1608 4530.0 -1 0 0 0 1 0 0 0 -1 3004.DAT
0 STEP
1 86 80.0 -1608 4670.0 -1 0 0 0 1 0 0 0 -1 3004.DAT
0 STEP
1 86 50.0 -1584 4740.0 0 0 1 0 1 0 -1 0 0 3004.DAT
0 STEP
1 86 110.0 -1608 4700.0 0 0 1 0 1 0 -1 0 0 3004.DAT
0 STEP
1 86 70.0 -1608 4540.0 0 0 1 0 1 0 -1 0 0 3004.DAT
0 STEP
1 86 90.0 -1584 4760.0 0 0 1 0 1 0 -1 0 0 3004.DAT
0 STEP
1 86 80.0 -1560 4490.0 -1 0 0 0 1 0 0 0 -1 3004.DAT
0 STEP
1 86 80.0 -1560 4520.0 0 0 1 0 1 0 -1 0 0 3003.DAT
0 STEP
1 86 120.0 -1584 4510.0 -1 0 0 0 1 0 0 0 -1 3004.DAT
0 STEP
1 86 60.0 -1584 4610.0 -1 0 0 0 1 0 0 0 -1 3004.DAT
0 STEP
1 86 100.0 -1584 4470.0 -1 0 0 0 1 0 0 0 -1 3004.DAT
0 STEP
1 86 110.0 -1584 4620.0 0 0 1 0 1 0 -1 0 0 3004.DAT
0 STEP
1 86 80.0 -1608 4640.0 0 0 1 0 1 0 -1 0 0 3003.DAT
0 STEP
1 86 110.0 -1536 4560.0 0 0 1 0 1 0 -1 0 0 3004.DAT
0 STEP
1 86 100.0 -1536 4600.0 0 0 1 0 1 0 -1 0 0 3003.DAT
0 STEP
1 86 90.0 -1584 4700.0 0 0 1 0 1 0 -1 0 0 3004.DAT
0 STEP
1 86 130.0 -1536 4580.0 0 0 1 0 1 0 -1 0 0 3004.DAT
0 STEP
1 86 120.0 -1584 4690.0 -1 0 0 0 1 0 0 0 -1 3004.DAT
0 STEP
1 86 70.0 -1560 4460.0 0 0 1 0 1 0 -1 0 0 3004.DAT
0 STEP
1 86 120.0 -1584 4570.0 -1 0 0 0 1 0 0 0 -1 3010.DAT
0 STEP
1 86 150.0 -1560 4600.0 0 0 1 0 1 0 -1 0 0 3004.DAT
0 STEP
1 86 120.0 -1560 4530.0 -1 0 0 0 1 0 0 0 -1 3004.DAT
0 STEP
1 86 140.0 -1536 4530.0 -1 0 0 0 1 0 0 0 -1 3010.DAT
0 STEP
1 86 170.0 -1584 4740.0 0 0 1 0 1 0 -1 0 0 3010.DAT
0 STEP
1 86 120.0 -1584 4660.0 0 0 1 0 1 0 -1 0 0 3003.DAT
0 STEP
1 86 100.0 -1560 4550.0 -1 0 0 0 1 0 0 0 -1 3004.DAT
0 STEP
1 86 90.0 -1584 4520.0 0 0 1 0 1 0 -1 0 0 3010.DAT
0 STEP
1 86 160.0 -1584 4530.0 -1 0 0 0 1 0 0 0 -1 3004.DAT
0 STEP
1 86 60.0 -1608 4580.0 0 0 1 0 1 0 -1 0 0 3003.DAT
0 STEP
1 86 50.0 -1584 4660.0 0 0 1 0 1 0 -1 0 0 3010.DAT
0 STEP
1 86 90.0 -1584 4640.0 0 0 1 0 1 0 -1 0 0 3004.DAT
0 STEP
1 86 90.0 -1560 4600.0 0 0 1 0 1 0 -1 0 0 3010.DAT
0 STEP
1 86 160.0 -1584 4680.0 0 0 1 0 1 0 -1 0 0 3003.DAT
0 STEP
1 86 150.0 -1584 4640.0 0 0 1 0 1 0 -1 0 0 3004.DAT
0 STEP
1 86 100.0 -1584 4590.0 -1 0 0 0 1 0 0 0 -1 3004.DAT
0 STEP
1 86 90.0 -1560 4720.0 0 0 1 0 1 0 -1 0 0 3009.DAT
0 STEP
1 86 110.0 -1608 4640.0 0 0 1 0 1 0 -1 0 0 3004.DAT
0 STEP
1 86 140.0 -1584 4600.0 0 0 1 0 1 0 -1 0 0 3003.DAT
0 STEP
1 86 120.0 -1584 4540.0 0 0 1 0 1 0 -1 0 0 3003.DAT
0 STEP
1 86 50.0 -1608 4520.0 0 0 1 0 1 0 -1 0 0 3010.DAT
0 STEP
1 86 70.0 -1584 4520.0 0 0 1 0 1 0 -1 0 0 3008.DAT
0 STEP
1 86 70.0 -1536 4560.0 0 0 1 0 1 0 -1 0 0 3010.DAT
0 STEP
1 86 70.0 -1560 4580.0 0 0 1 0 1 0 -1 0 0 3010.DAT
0 STEP
1 86 140.0 -1608 4700.0 0 0 1 0 1 0 -1 0 0 3003.DAT
0 STEP
1 86 120.0 -1632 4600.0 0 0 1 0 1 0 -1 0 0 2456.DAT
0 STEP
1 86 120.0 -1560 4460.0 0 0 1 0 1 0 -1 0 0 3001.DAT
0 STEP
1 86 160.0 -1584 4500.0 0 0 1 0 1 0 -1 0 0 3003.DAT
0 STEP
1 86 50.0 -1584 4540.0 0 0 1 0 1 0 -1 0 0 3010.DAT
0 STEP
1 86 140.0 -1608 4640.0 0 0 1 0 1 0 -1 0 0 3003.DAT
0 STEP
1 86 210.0 -264 4730.0 0 0 1 0 1 0 -1 0 0 3005.DAT
0 STEP
1 86 210.0 -216 4670.0 0 0 1 0 1 0 -1 0 0 3005.DAT
0 STEP
1 86 110.0 -216 4770.0 0 0 1 0 1 0 -1 0 0 3005.DAT
0 STEP
1 86 230.0 -240 4690.0 0 0 1 0 1 0 -1 0 0 3005.DAT
0 STEP
1 86 170.0 -264 4710.0 0 0 1 0 1 0 -1 0 0 3005.DAT
0 STEP
1 86 210.0 -240 4710.0 0 0 1 0 1 0 -1 0 0 3005.DAT
0 STEP
1 86 230.0 -288 4710.0 0 0 1 0 1 0 -1 0 0 3005.DAT
0 STEP
1 86 210.0 -192 4730.0 0 0 1 0 1 0 -1 0 0 3005.DAT
0 STEP
1 86 230.0 -264 4690.0 0 0 1 0 1 0 -1 0 0 3005.DAT
0 STEP
1 86 190.0 -240 4670.0 0 0 1 0 1 0 -1 0 0 3005.DAT
0 STEP
1 86 230.0 -216 4710.0 0 0 1 0 1 0 -1 0 0 3005.DAT
0 STEP
1 86 190.0 -216 4750.0 0 0 1 0 1 0 -1 0 0 3005.DAT
0 STEP
1 86 210.0 -288 4720.0 0 0 1 0 1 0 -1 0 0 3004.DAT
0 STEP
1 86 200.0 -192 4710.0 -1 0 0 0 1 0 0 0 -1 3004.DAT
0 STEP
1 86 140.0 -216 4770.0 -1 0 0 0 1 0 0 0 -1 3004.DAT
0 STEP
1 86 170.0 -240 4740.0 0 0 1 0 1 0 -1 0 0 3004.DAT
0 STEP
1 86 160.0 -264 4730.0 -1 0 0 0 1 0 0 0 -1 3004.DAT
0 STEP
1 86 220.0 -288 4690.0 -1 0 0 0 1 0 0 0 -1 3004.DAT
0 STEP
1 86 230.0 -240 4720.0 0 0 1 0 1 0 -1 0 0 3004.DAT
0 STEP
1 86 160.0 -264 4770.0 -1 0 0 0 1 0 0 0 -1 3004.DAT
0 STEP
1 86 170.0 -216 4760.0 0 0 1 0 1 0 -1 0 0 3004.DAT
0 STEP
1 86 160.0 -240 4770.0 -1 0 0 0 1 0 0 0 -1 3004.DAT
0 STEP
1 86 180.0 -192 4740.0 0 0 1 0 1 0 -1 0 0 3003.DAT
0 STEP
1 86 180.0 -264 4750.0 -1 0 0 0 1 0 0 0 -1 3004.DAT
0 STEP
1 86 220.0 -264 4710.0 -1 0 0 0 1 0 0 0 -1 3004.DAT
0 STEP
1 86 200.0 -240 4740.0 0 0 1 0 1 0 -1 0 0 3003.DAT
0 STEP
1 86 180.0 -240 4700.0 0 0 1 0 1 0 -1 0 0 3003.DAT
0 STEP
1 86 140.0 -240 4730.0 -1 0 0 0 1 0 0 0 -1 3004.DAT
0 STEP
1 86 80.0 -216 4770.0 -1 0 0 0 1 0 0 0 -1 3004.DAT
0 STEP
1 86 200.0 -216 4690.0 -1 0 0 0 1 0 0 0 -1 3010.DAT
0 STEP
1 86 180.0 -288 4720.0 0 0 1 0 1 0 -1 0 0 3001.DAT
0 STEP
1 86 190.0 -264 4680.0 0 0 1 0 1 0 -1 0 0 3009.DAT
0 STEP
1 86 180.0 -216 4720.0 -1 0 0 0 1 0 0 0 -1 3001.DAT
0 STEP
