1 86 40.0 0 10.0 -1 0 0 0 1 0 0 0 -1 3010.DAT
0 STEP
1 86 10.0 -24 60.0 0 0 1 0 1 0 -1 0 0 3009.DAT
0 STEP
1 86 40.0 -48 20.0 -1 0 0 0 1 0 0 0 -1 3001.DAT
0 STEP
1 86 60.0 -72 10.0 -1 0 0 0 1 0 0 0 -1 3009.DAT
0 STEP
1 86 40.0 -96 10.0 -1 0 0 0 1 0 0 0 -1 3010.DAT
0 STEP
1 86 10.0 -120 40.0 0 0 1 0 1 0 -1 0 0 3010.DAT
0 STEP
1 86 10.0 -144 10.0 0 0 1 0 1 0 -1 0 0 3005.DAT
0 STEP
1 86 20.0 -168 40.0 0 0 1 0 1 0 -1 0 0 3001.DAT
0 STEP
1 86 10.0 -192 30.0 0 0 1 0 1 0 -1 0 0 3622.DAT
0 STEP
1 86 10.0 -216 60.0 0 0 1 0 1 0 -1 0 0 3009.DAT
0 STEP
1 86 40.0 -240 10.0 -1 0 0 0 1 0 0 0 -1 3010.DAT
0 STEP
1 86 10.0 -264 60.0 0 0 1 0 1 0 -1 0 0 3009.DAT
0 STEP
1 86 40.0 -288 20.0 -1 0 0 0 1 0 0 0 -1 3001.DAT
0 STEP
1 86 20.0 -312 40.0 0 0 1 0 1 0 -1 0 0 3001.DAT
0 STEP
1 86 10.0 -336 60.0 0 0 1 0 1 0 -1 0 0 3009.DAT
0 STEP
1 86 10.0 -360 10.0 0 0 1 0 1 0 -1 0 0 3005.DAT
0 STEP
1 86 40.0 -384 20.0 -1 0 0 0 1 0 0 0 -1 3001.DAT
0 STEP
1 86 20.0 -408 40.0 0 0 1 0 1 0 -1 0 0 3001.DAT
0 STEP
1 86 40.0 -432 10.0 -1 0 0 0 1 0 0 0 -1 3010.DAT
0 STEP
1 86 10.0 -456 80.0 0 0 1 0 1 0 -1 0 0 3008.DAT
0 STEP
1 86 60.0 -480 20.0 -1 0 0 0 1 0 0 0 -1 2456.DAT
0 STEP
1 86 30.0 -504 10.0 -1 0 0 0 1 0 0 0 -1 3622.DAT
0 STEP
1 86 10.0 -528 40.0 0 0 1 0 1 0 -1 0 0 3010.DAT
0 STEP
1 86 30.0 -552 10.0 -1 0 0 0 1 0 0 0 -1 3622.DAT
0 STEP
1 86 30.0 -576 10.0 -1 0 0 0 1 0 0 0 -1 3622.DAT
0 STEP
1 86 60.0 -600 20.0 -1 0 0 0 1 0 0 0 -1 2456.DAT
0 STEP
1 86 10.0 -624 40.0 0 0 1 0 1 0 -1 0 0 3010.DAT
0 STEP
1 86 20.0 -648 40.0 0 0 1 0 1 0 -1 0 0 3001.DAT
0 STEP
1 86 10.0 -672 10.0 0 0 1 0 1 0 -1 0 0 3005.DAT
0 STEP
1 86 60.0 -696 10.0 -1 0 0 0 1 0 0 0 -1 3009.DAT
0 STEP
1 86 20.0 -720 30.0 0 0 1 0 1 0 -1 0 0 3002.DAT
0 STEP
1 86 40.0 -744 20.0 -1 0 0 0 1 0 0 0 -1 3001.DAT
0 STEP
1 86 20.0 -768 30.0 0 0 1 0 1 0 -1 0 0 3002.DAT
0 STEP
1 86 10.0 -792 20.0 0 0 1 0 1 0 -1 0 0 3004.DAT
0 STEP
1 86 10.0 -816 40.0 0 0 1 0 1 0 -1 0 0 3010.DAT
0 STEP
1 86 10.0 -840 10.0 0 0 1 0 1 0 -1 0 0 3005.DAT
0 STEP
1 86 20.0 -864 40.0 0 0 1 0 1 0 -1 0 0 3001.DAT
0 STEP
1 86 10.0 -888 30.0 0 0 1 0 1 0 -1 0 0 3622.DAT
0 STEP
1 86 60.0 -912 10.0 -1 0 0 0 1 0 0 0 -1 3009.DAT
0 STEP
1 86 20.0 -936 40.0 0 0 1 0 1 0 -1 0 0 3001.DAT
0 STEP
1 86 10.0 -960 10.0 0 0 1 0 1 0 -1 0 0 3005.DAT
0 STEP
1 86 10.0 -984 40.0 0 0 1 0 1 0 -1 0 0 3010.DAT
0 STEP
1 86 80.0 -1008 20.0 -1 0 0 0 1 0 0 0 -1 3007.DAT
0 STEP
1 86 30.0 -1032 10.0 -1 0 0 0 1 0 0 0 -1 3622.DAT
0 STEP
1 86 20.0 -1056 10.0 -1 0 0 0 1 0 0 0 -1 3004.DAT
0 STEP
1 86 10.0 -1080 40.0 0 0 1 0 1 0 -1 0 0 3010.DAT
0 STEP
1 86 80.0 -1104 10.0 -1 0 0 0 1 0 0 0 -1 3008.DAT
0 STEP
1 86 20.0 -1128 40.0 0 0 1 0 1 0 -1 0 0 3001.DAT
0 STEP
1 86 20.0 -1152 10.0 -1 0 0 0 1 0 0 0 -1 3004.DAT
0 STEP
1 86 40.0 -1176 10.0 -1 0 0 0 1 0 0 0 -1 3010.DAT
0 STEP
1 86 10.0 -1200 60.0 0 0 1 0 1 0 -1 0 0 3009.DAT
0 STEP
1 86 40.0 -1224 20.0 -1 0 0 0 1 0 0 0 -1 3001.DAT
0 STEP
1 86 20.0 -1248 20.0 0 0 1 0 1 0 -1 0 0 3003.DAT
0 STEP
1 86 10.0 -1272 40.0 0 0 1 0 1 0 -1 0 0 3010.DAT
0 STEP
1 86 40.0 -1296 10.0 -1 0 0 0 1 0 0 0 -1 3010.DAT
0 STEP
1 86 20.0 -1320 60.0 0 0 1 0 1 0 -1 0 0 2456.DAT
0 STEP
1 86 40.0 -1344 10.0 -1 0 0 0 1 0 0 0 -1 3010.DAT
0 STEP
1 86 20.0 -1368 80.0 0 0 1 0 1 0 -1 0 0 3007.DAT
0 STEP
1 86 30.0 -1392 10.0 -1 0 0 0 1 0 0 0 -1 3622.DAT
0 STEP
1 86 10.0 -1416 80.0 0 0 1 0 1 0 -1 0 0 3008.DAT
0 STEP
1 86 80.0 -1440 10.0 -1 0 0 0 1 0 0 0 -1 3008.DAT
0 STEP
1 86 10.0 -1464 60.0 0 0 1 0 1 0 -1 0 0 3009.DAT
0 STEP
1 86 80.0 -1488 20.0 -1 0 0 0 1 0 0 0 -1 3007.DAT
0 STEP
1 86 20.0 -1512 30.0 0 0 1 0 1 0 -1 0 0 3002.DAT
0 STEP
1 86 20.0 -1536 10.0 -1 0 0 0 1 0 0 0 -1 3004.DAT
0 STEP
1 86 10.0 -1560 60.0 0 0 1 0 1 0 -1 0 0 3009.DAT
0 STEP
1 86 40.0 -1584 20.0 -1 0 0 0 1 0 0 0 -1 3001.DAT
0 STEP
1 86 20.0 -1608 40.0 0 0 1 0 1 0 -1 0 0 3001.DAT
0 STEP
1 86 40.0 -1632 20.0 -1 0 0 0 1 0 0 0 -1 3001.DAT
0 STEP
1 86 60.0 -1656 10.0 -1 0 0 0 1 0 0 0 -1 3009.DAT
0 STEP
1 86 10.0 -1680 60.0 0 0 1 0 1 0 -1 0 0 3009.DAT
0 STEP
1 86 40.0 -1704 20.0 -1 0 0 0 1 0 0 0 -1 3001.DAT
0 STEP
1 86 10.0 -1728 10.0 0 0 1 0 1 0 -1 0 0 3005.DAT
0 STEP
1 86 20.0 -1752 40.0 0 0 1 0 1 0 -1 0 0 3001.DAT
0 STEP
1 86 40.0 0 40.0 -1 0 0 0 1 0 0 0 -1 3001.DAT
0 STEP
1 86 10.0 -72 60.0 0 0 1 0 1 0 -1 0 0 3010.DAT
0 STEP
1 86 40.0 -96 40.0 -1 0 0 0 1 0 0 0 -1 3001.DAT
0 STEP
1 86 60.0 -144 40.0 -1 0 0 0 1 0 0 0 -1 2456.DAT
0 STEP
1 86 40.0 -240 40.0 -1 0 0 0 1 0 0 0 -1 3001.DAT
0 STEP
1 86 80.0 -360 30.0 -1 0 0 0 1 0 0 0 -1 3008.DAT
0 STEP
1 86 10.0 -432 30.0 0 0 1 0 1 0 -1 0 0 3005.DAT
0 STEP
1 86 20.0 -504 80.0 0 0 1 0 1 0 -1 0 0 2456.DAT
0 STEP
1 86 40.0 -552 40.0 -1 0 0 0 1 0 0 0 -1 3001.DAT
0 STEP
1 86 10.0 -576 60.0 0 0 1 0 1 0 -1 0 0 3010.DAT
0 STEP
1 86 10.0 -672 80.0 0 0 1 0 1 0 -1 0 0 3009.DAT
0 STEP
1 86 60.0 -696 40.0 -1 0 0 0 1 0 0 0 -1 2456.DAT
0 STEP
1 86 60.0 -840 30.0 -1 0 0 0 1 0 0 0 -1 3009.DAT
0 STEP
1 86 20.0 -912 30.0 -1 0 0 0 1 0 0 0 -1 3004.DAT
0 STEP
1 86 40.0 -960 30.0 -1 0 0 0 1 0 0 0 -1 3010.DAT
0 STEP
1 86 10.0 -1032 60.0 0 0 1 0 1 0 -1 0 0 3010.DAT
0 STEP
1 86 20.0 -1056 120.0 0 0 1 0 1 0 -1 0 0 3006.DAT
0 STEP
1 86 40.0 -1104 30.0 -1 0 0 0 1 0 0 0 -1 3010.DAT
0 STEP
1 86 10.0 -1152 60.0 0 0 1 0 1 0 -1 0 0 3010.DAT
0 STEP
1 86 30.0 -1176 40.0 -1 0 0 0 1 0 0 0 -1 3002.DAT
0 STEP
1 86 40.0 -1296 40.0 -1 0 0 0 1 0 0 0 -1 3001.DAT
0 STEP
1 86 40.0 -1344 40.0 -1 0 0 0 1 0 0 0 -1 3001.DAT
0 STEP
1 86 20.0 -1392 60.0 0 0 1 0 1 0 -1 0 0 3001.DAT
0 STEP
1 86 80.0 -1440 40.0 -1 0 0 0 1 0 0 0 -1 3007.DAT
0 STEP
1 86 100.0 -1536 40.0 -1 0 0 0 1 0 0 0 -1 3006.DAT
0 STEP
1 86 20.0 -1656 60.0 0 0 1 0 1 0 -1 0 0 3001.DAT
0 STEP
1 86 20.0 -1728 100.0 0 0 1 0 1 0 -1 0 0 3007.DAT
0 STEP
1 86 40.0 -48 60.0 -1 0 0 0 1 0 0 0 -1 3001.DAT
0 STEP
1 86 40.0 -288 50.0 -1 0 0 0 1 0 0 0 -1 3010.DAT
0 STEP
1 86 10.0 -360 50.0 0 0 1 0 1 0 -1 0 0 3005.DAT
0 STEP
1 86 40.0 -384 50.0 -1 0 0 0 1 0 0 0 -1 3010.DAT
0 STEP
1 86 10.0 -432 80.0 0 0 1 0 1 0 -1 0 0 3010.DAT
0 STEP
1 86 40.0 -480 50.0 -1 0 0 0 1 0 0 0 -1 3010.DAT
0 STEP
1 86 10.0 -600 50.0 0 0 1 0 1 0 -1 0 0 3005.DAT
0 STEP
1 86 10.0 -744 80.0 0 0 1 0 1 0 -1 0 0 3010.DAT
0 STEP
1 86 20.0 -792 80.0 0 0 1 0 1 0 -1 0 0 3001.DAT
0 STEP
1 86 10.0 -840 80.0 0 0 1 0 1 0 -1 0 0 3010.DAT
0 STEP
1 86 10.0 -912 50.0 0 0 1 0 1 0 -1 0 0 3005.DAT
0 STEP
1 86 10.0 -960 120.0 0 0 1 0 1 0 -1 0 0 3008.DAT
0 STEP
1 86 30.0 -1008 60.0 -1 0 0 0 1 0 0 0 -1 3002.DAT
0 STEP
1 86 10.0 -1104 50.0 0 0 1 0 1 0 -1 0 0 3005.DAT
0 STEP
1 86 10.0 -1224 50.0 0 0 1 0 1 0 -1 0 0 3005.DAT
0 STEP
1 86 20.0 -1248 140.0 0 0 1 0 1 0 -1 0 0 3006.DAT
0 STEP
1 86 80.0 -1488 50.0 -1 0 0 0 1 0 0 0 -1 3008.DAT
0 STEP
1 86 10.0 -1584 70.0 0 0 1 0 1 0 -1 0 0 3622.DAT
0 STEP
1 86 40.0 -1632 50.0 -1 0 0 0 1 0 0 0 -1 3010.DAT
0 STEP
1 86 40.0 -1704 60.0 -1 0 0 0 1 0 0 0 -1 3001.DAT
0 STEP
1 86 20.0 0 70.0 -1 0 0 0 1 0 0 0 -1 3004.DAT
0 STEP
1 86 20.0 -96 100.0 0 0 1 0 1 0 -1 0 0 3001.DAT
0 STEP
1 86 10.0 -144 100.0 0 0 1 0 1 0 -1 0 0 3010.DAT
0 STEP
1 86 30.0 -192 80.0 -1 0 0 0 1 0 0 0 -1 3002.DAT
0 STEP
1 86 30.0 -240 80.0 -1 0 0 0 1 0 0 0 -1 3002.DAT
0 STEP
1 86 30.0 -288 80.0 -1 0 0 0 1 0 0 0 -1 3002.DAT
0 STEP
1 86 30.0 -360 80.0 -1 0 0 0 1 0 0 0 -1 3002.DAT
0 STEP
1 86 20.0 -384 100.0 0 0 1 0 1 0 -1 0 0 3001.DAT
0 STEP
1 86 30.0 -480 80.0 -1 0 0 0 1 0 0 0 -1 3002.DAT
0 STEP
1 86 20.0 -552 120.0 0 0 1 0 1 0 -1 0 0 2456.DAT
0 STEP
1 86 10.0 -600 100.0 0 0 1 0 1 0 -1 0 0 3010.DAT
0 STEP
1 86 20.0 -696 90.0 0 0 1 0 1 0 -1 0 0 3002.DAT
0 STEP
1 86 30.0 -720 70.0 -1 0 0 0 1 0 0 0 -1 3622.DAT
0 STEP
1 86 30.0 -768 80.0 -1 0 0 0 1 0 0 0 -1 3002.DAT
0 STEP
1 86 30.0 -888 80.0 -1 0 0 0 1 0 0 0 -1 3002.DAT
0 STEP
1 86 10.0 -912 140.0 0 0 1 0 1 0 -1 0 0 3008.DAT
0 STEP
1 86 10.0 -1104 100.0 0 0 1 0 1 0 -1 0 0 3010.DAT
0 STEP
1 86 30.0 -1176 70.0 -1 0 0 0 1 0 0 0 -1 3622.DAT
0 STEP
1 86 30.0 -1224 80.0 -1 0 0 0 1 0 0 0 -1 3002.DAT
0 STEP
1 86 10.0 -1296 100.0 0 0 1 0 1 0 -1 0 0 3010.DAT
0 STEP
1 86 30.0 -1344 80.0 -1 0 0 0 1 0 0 0 -1 3002.DAT
0 STEP
1 86 30.0 -1440 80.0 -1 0 0 0 1 0 0 0 -1 3002.DAT
0 STEP
1 86 30.0 -1488 80.0 -1 0 0 0 1 0 0 0 -1 3002.DAT
0 STEP
1 86 20.0 -1512 100.0 0 0 1 0 1 0 -1 0 0 3001.DAT
0 STEP
1 86 30.0 -1536 70.0 -1 0 0 0 1 0 0 0 -1 3622.DAT
0 STEP
1 86 10.0 -1632 120.0 0 0 1 0 1 0 -1 0 0 3009.DAT
0 STEP
1 86 10.0 0 120.0 0 0 1 0 1 0 -1 0 0 3010.DAT
0 STEP
1 86 20.0 -48 100.0 0 0 1 0 1 0 -1 0 0 3003.DAT
0 STEP
1 86 10.0 -120 90.0 0 0 1 0 1 0 -1 0 0 3005.DAT
0 STEP
1 86 30.0 -168 90.0 -1 0 0 0 1 0 0 0 -1 3622.DAT
0 STEP
1 86 20.0 -312 90.0 -1 0 0 0 1 0 0 0 -1 3004.DAT
0 STEP
1 86 30.0 -408 100.0 -1 0 0 0 1 0 0 0 -1 3002.DAT
0 STEP
1 86 30.0 -528 100.0 -1 0 0 0 1 0 0 0 -1 3002.DAT
0 STEP
1 86 10.0 -624 90.0 0 0 1 0 1 0 -1 0 0 3005.DAT
0 STEP
1 86 20.0 -648 90.0 -1 0 0 0 1 0 0 0 -1 3004.DAT
0 STEP
1 86 20.0 -720 120.0 0 0 1 0 1 0 -1 0 0 3001.DAT
0 STEP
1 86 30.0 -816 90.0 -1 0 0 0 1 0 0 0 -1 3622.DAT
0 STEP
1 86 10.0 -864 120.0 0 0 1 0 1 0 -1 0 0 3010.DAT
0 STEP
1 86 30.0 -936 90.0 -1 0 0 0 1 0 0 0 -1 3622.DAT
0 STEP
1 86 30.0 -984 100.0 -1 0 0 0 1 0 0 0 -1 3002.DAT
0 STEP
1 86 20.0 -1008 120.0 0 0 1 0 1 0 -1 0 0 3001.DAT
0 STEP
1 86 10.0 -1080 90.0 0 0 1 0 1 0 -1 0 0 3005.DAT
0 STEP
1 86 30.0 -1128 100.0 -1 0 0 0 1 0 0 0 -1 3002.DAT
0 STEP
1 86 30.0 -1176 100.0 -1 0 0 0 1 0 0 0 -1 3002.DAT
0 STEP
1 86 10.0 -1272 90.0 0 0 1 0 1 0 -1 0 0 3005.DAT
0 STEP
1 86 20.0 -1536 120.0 0 0 1 0 1 0 -1 0 0 3001.DAT
0 STEP
1 86 30.0 -1608 100.0 -1 0 0 0 1 0 0 0 -1 3002.DAT
0 STEP
1 86 40.0 -1704 100.0 -1 0 0 0 1 0 0 0 -1 3001.DAT
0 STEP
1 86 40.0 -1752 100.0 -1 0 0 0 1 0 0 0 -1 3001.DAT
0 STEP
1 86 30.0 -72 120.0 -1 0 0 0 1 0 0 0 -1 3002.DAT
0 STEP
1 86 30.0 -120 110.0 -1 0 0 0 1 0 0 0 -1 3622.DAT
0 STEP
1 86 10.0 -168 140.0 0 0 1 0 1 0 -1 0 0 3010.DAT
0 STEP
1 86 30.0 -192 120.0 -1 0 0 0 1 0 0 0 -1 3002.DAT
0 STEP
1 86 10.0 -240 140.0 0 0 1 0 1 0 -1 0 0 3010.DAT
0 STEP
1 86 20.0 -288 140.0 0 0 1 0 1 0 -1 0 0 3001.DAT
0 STEP
1 86 30.0 -312 120.0 -1 0 0 0 1 0 0 0 -1 3002.DAT
0 STEP
1 86 30.0 -360 110.0 -1 0 0 0 1 0 0 0 -1 3622.DAT
0 STEP
1 86 30.0 -480 110.0 -1 0 0 0 1 0 0 0 -1 3622.DAT
0 STEP
1 86 30.0 -576 120.0 -1 0 0 0 1 0 0 0 -1 3002.DAT
0 STEP
1 86 30.0 -624 110.0 -1 0 0 0 1 0 0 0 -1 3622.DAT
0 STEP
1 86 10.0 -648 130.0 0 0 1 0 1 0 -1 0 0 3622.DAT
0 STEP
1 86 30.0 -768 110.0 -1 0 0 0 1 0 0 0 -1 3622.DAT
0 STEP
1 86 10.0 -816 160.0 0 0 1 0 1 0 -1 0 0 3009.DAT
0 STEP
1 86 30.0 -888 110.0 -1 0 0 0 1 0 0 0 -1 3622.DAT
0 STEP
1 86 30.0 -936 120.0 -1 0 0 0 1 0 0 0 -1 3002.DAT
0 STEP
1 86 30.0 -1032 110.0 -1 0 0 0 1 0 0 0 -1 3622.DAT
0 STEP
1 86 30.0 -1080 110.0 -1 0 0 0 1 0 0 0 -1 3622.DAT
0 STEP
1 86 10.0 -1152 180.0 0 0 1 0 1 0 -1 0 0 3008.DAT
0 STEP
1 86 30.0 -1224 120.0 -1 0 0 0 1 0 0 0 -1 3002.DAT
0 STEP
1 86 30.0 -1272 120.0 -1 0 0 0 1 0 0 0 -1 3002.DAT
0 STEP
1 86 30.0 -1344 110.0 -1 0 0 0 1 0 0 0 -1 3622.DAT
0 STEP
1 86 30.0 -1392 120.0 -1 0 0 0 1 0 0 0 -1 3002.DAT
0 STEP
1 86 30.0 -1440 120.0 -1 0 0 0 1 0 0 0 -1 3002.DAT
0 STEP
1 86 30.0 -1488 110.0 -1 0 0 0 1 0 0 0 -1 3622.DAT
0 STEP
1 86 10.0 -1584 140.0 0 0 1 0 1 0 -1 0 0 3010.DAT
0 STEP
1 86 30.0 -1656 110.0 -1 0 0 0 1 0 0 0 -1 3622.DAT
0 STEP
1 86 30.0 -24 130.0 -1 0 0 0 1 0 0 0 -1 3622.DAT
0 STEP
1 86 20.0 -48 150.0 0 0 1 0 1 0 -1 0 0 3002.DAT
0 STEP
1 86 30.0 -120 140.0 -1 0 0 0 1 0 0 0 -1 3002.DAT
0 STEP
1 86 20.0 -216 160.0 0 0 1 0 1 0 -1 0 0 3001.DAT
0 STEP
1 86 30.0 -264 140.0 -1 0 0 0 1 0 0 0 -1 3002.DAT
0 STEP
1 86 10.0 -336 130.0 0 0 1 0 1 0 -1 0 0 3005.DAT
0 STEP
1 86 10.0 -360 200.0 0 0 1 0 1 0 -1 0 0 3008.DAT
0 STEP
1 86 10.0 -408 180.0 0 0 1 0 1 0 -1 0 0 3009.DAT
0 STEP
1 86 10.0 -432 150.0 0 0 1 0 1 0 -1 0 0 3622.DAT
0 STEP
1 86 30.0 -480 140.0 -1 0 0 0 1 0 0 0 -1 3002.DAT
0 STEP
1 86 30.0 -528 140.0 -1 0 0 0 1 0 0 0 -1 3002.DAT
0 STEP
1 86 30.0 -624 140.0 -1 0 0 0 1 0 0 0 -1 3002.DAT
0 STEP
1 86 10.0 -696 200.0 0 0 1 0 1 0 -1 0 0 3008.DAT
0 STEP
1 86 30.0 -744 130.0 -1 0 0 0 1 0 0 0 -1 3622.DAT
0 STEP
1 86 20.0 -768 200.0 0 0 1 0 1 0 -1 0 0 3007.DAT
0 STEP
1 86 30.0 -792 140.0 -1 0 0 0 1 0 0 0 -1 3002.DAT
0 STEP
1 86 10.0 -840 130.0 0 0 1 0 1 0 -1 0 0 3005.DAT
0 STEP
1 86 30.0 -888 140.0 -1 0 0 0 1 0 0 0 -1 3002.DAT
0 STEP
1 86 30.0 -984 130.0 -1 0 0 0 1 0 0 0 -1 3622.DAT
0 STEP
1 86 30.0 -1032 140.0 -1 0 0 0 1 0 0 0 -1 3002.DAT
0 STEP
1 86 30.0 -1080 140.0 -1 0 0 0 1 0 0 0 -1 3002.DAT
0 STEP
1 86 30.0 -1128 130.0 -1 0 0 0 1 0 0 0 -1 3622.DAT
0 STEP
1 86 30.0 -1176 140.0 -1 0 0 0 1 0 0 0 -1 3002.DAT
0 STEP
1 86 10.0 -1200 130.0 0 0 1 0 1 0 -1 0 0 3005.DAT
0 STEP
1 86 30.0 -1320 130.0 -1 0 0 0 1 0 0 0 -1 3622.DAT
0 STEP
1 86 20.0 -1344 150.0 0 0 1 0 1 0 -1 0 0 3002.DAT
0 STEP
1 86 10.0 -1464 130.0 0 0 1 0 1 0 -1 0 0 3005.DAT
0 STEP
1 86 30.0 -1488 140.0 -1 0 0 0 1 0 0 0 -1 3002.DAT
0 STEP
1 86 10.0 -1560 130.0 0 0 1 0 1 0 -1 0 0 3005.DAT
0 STEP
1 86 30.0 -1608 140.0 -1 0 0 0 1 0 0 0 -1 3002.DAT
0 STEP
1 86 30.0 -1656 140.0 -1 0 0 0 1 0 0 0 -1 3002.DAT
0 STEP
1 86 10.0 -1680 130.0 0 0 1 0 1 0 -1 0 0 3005.DAT
0 STEP
1 86 10.0 -1704 180.0 0 0 1 0 1 0 -1 0 0 3009.DAT
0 STEP
1 86 10.0 -1752 160.0 0 0 1 0 1 0 -1 0 0 3010.DAT
0 STEP
1 86 10.0 -24 180.0 0 0 1 0 1 0 -1 0 0 3010.DAT
0 STEP
1 86 20.0 -72 180.0 0 0 1 0 1 0 -1 0 0 3001.DAT
0 STEP
1 86 10.0 -96 220.0 0 0 1 0 1 0 -1 0 0 3008.DAT
0 STEP
1 86 10.0 -144 150.0 0 0 1 0 1 0 -1 0 0 3005.DAT
0 STEP
1 86 30.0 -192 150.0 -1 0 0 0 1 0 0 0 -1 3622.DAT
0 STEP
1 86 10.0 -312 150.0 0 0 1 0 1 0 -1 0 0 3005.DAT
0 STEP
1 86 30.0 -336 160.0 -1 0 0 0 1 0 0 0 -1 3002.DAT
0 STEP
1 86 30.0 -384 160.0 -1 0 0 0 1 0 0 0 -1 3002.DAT
0 STEP
1 86 20.0 -504 150.0 -1 0 0 0 1 0 0 0 -1 3004.DAT
0 STEP
1 86 30.0 -576 160.0 -1 0 0 0 1 0 0 0 -1 3002.DAT
0 STEP
1 86 10.0 -600 220.0 0 0 1 0 1 0 -1 0 0 3008.DAT
0 STEP
1 86 30.0 -672 160.0 -1 0 0 0 1 0 0 0 -1 3002.DAT
0 STEP
1 86 20.0 -744 180.0 0 0 1 0 1 0 -1 0 0 3001.DAT
0 STEP
1 86 30.0 -840 160.0 -1 0 0 0 1 0 0 0 -1 3002.DAT
0 STEP
1 86 30.0 -936 160.0 -1 0 0 0 1 0 0 0 -1 3002.DAT
0 STEP
1 86 30.0 -984 160.0 -1 0 0 0 1 0 0 0 -1 3002.DAT
0 STEP
1 86 10.0 -1104 150.0 0 0 1 0 1 0 -1 0 0 3005.DAT
0 STEP
1 86 20.0 -1128 170.0 0 0 1 0 1 0 -1 0 0 3002.DAT
0 STEP
1 86 10.0 -1200 200.0 0 0 1 0 1 0 -1 0 0 3009.DAT
0 STEP
1 86 30.0 -1224 150.0 -1 0 0 0 1 0 0 0 -1 3622.DAT
0 STEP
1 86 30.0 -1272 160.0 -1 0 0 0 1 0 0 0 -1 3002.DAT
0 STEP
1 86 10.0 -1296 150.0 0 0 1 0 1 0 -1 0 0 3005.DAT
0 STEP
1 86 30.0 -1320 160.0 -1 0 0 0 1 0 0 0 -1 3002.DAT
0 STEP
1 86 10.0 -1392 180.0 0 0 1 0 1 0 -1 0 0 3010.DAT
0 STEP
1 86 30.0 -1440 160.0 -1 0 0 0 1 0 0 0 -1 3002.DAT
0 STEP
1 86 10.0 -1464 180.0 0 0 1 0 1 0 -1 0 0 3010.DAT
0 STEP
1 86 10.0 -1512 160.0 0 0 1 0 1 0 -1 0 0 3004.DAT
0 STEP
1 86 30.0 -1560 160.0 -1 0 0 0 1 0 0 0 -1 3002.DAT
0 STEP
1 86 10.0 -1680 180.0 0 0 1 0 1 0 -1 0 0 3010.DAT
0 STEP
1 86 30.0 0 180.0 -1 0 0 0 1 0 0 0 -1 3002.DAT
0 STEP
1 86 10.0 -120 200.0 0 0 1 0 1 0 -1 0 0 3010.DAT
0 STEP
1 86 30.0 -144 180.0 -1 0 0 0 1 0 0 0 -1 3002.DAT
0 STEP
1 86 30.0 -192 180.0 -1 0 0 0 1 0 0 0 -1 3002.DAT
0 STEP
1 86 20.0 -264 200.0 0 0 1 0 1 0 -1 0 0 3001.DAT
0 STEP
1 86 10.0 -312 200.0 0 0 1 0 1 0 -1 0 0 3010.DAT
0 STEP
1 86 10.0 -456 180.0 0 0 1 0 1 0 -1 0 0 3004.DAT
0 STEP
1 86 10.0 -480 200.0 0 0 1 0 1 0 -1 0 0 3010.DAT
0 STEP
1 86 20.0 -504 220.0 0 0 1 0 1 0 -1 0 0 2456.DAT
0 STEP
1 86 30.0 -528 180.0 -1 0 0 0 1 0 0 0 -1 3002.DAT
0 STEP
1 86 30.0 -624 180.0 -1 0 0 0 1 0 0 0 -1 3002.DAT
0 STEP
1 86 10.0 -648 200.0 0 0 1 0 1 0 -1 0 0 3010.DAT
0 STEP
1 86 30.0 -720 180.0 -1 0 0 0 1 0 0 0 -1 3002.DAT
0 STEP
1 86 30.0 -792 180.0 -1 0 0 0 1 0 0 0 -1 3002.DAT
0 STEP
1 86 10.0 -864 170.0 0 0 1 0 1 0 -1 0 0 3005.DAT
0 STEP
1 86 30.0 -888 170.0 -1 0 0 0 1 0 0 0 -1 3622.DAT
0 STEP
1 86 20.0 -1008 240.0 0 0 1 0 1 0 -1 0 0 3007.DAT
0 STEP
1 86 30.0 -1032 180.0 -1 0 0 0 1 0 0 0 -1 3002.DAT
0 STEP
1 86 10.0 -1080 170.0 0 0 1 0 1 0 -1 0 0 3005.DAT
0 STEP
1 86 30.0 -1104 180.0 -1 0 0 0 1 0 0 0 -1 3002.DAT
0 STEP
1 86 30.0 -1176 170.0 -1 0 0 0 1 0 0 0 -1 3622.DAT
0 STEP
1 86 30.0 -1224 180.0 -1 0 0 0 1 0 0 0 -1 3002.DAT
0 STEP
1 86 10.0 -1296 240.0 0 0 1 0 1 0 -1 0 0 3008.DAT
0 STEP
1 86 30.0 -1368 180.0 -1 0 0 0 1 0 0 0 -1 3002.DAT
0 STEP
1 86 10.0 -1416 180.0 0 0 1 0 1 0 -1 0 0 3004.DAT
0 STEP
1 86 30.0 -1488 180.0 -1 0 0 0 1 0 0 0 -1 3002.DAT
0 STEP
1 86 30.0 -1536 180.0 -1 0 0 0 1 0 0 0 -1 3002.DAT
0 STEP
1 86 10.0 -1608 190.0 0 0 1 0 1 0 -1 0 0 3622.DAT
0 STEP
1 86 30.0 -1656 170.0 -1 0 0 0 1 0 0 0 -1 3622.DAT
0 STEP
1 86 30.0 -48 190.0 -1 0 0 0 1 0 0 0 -1 3622.DAT
0 STEP
1 86 10.0 -168 190.0 0 0 1 0 1 0 -1 0 0 3005.DAT
0 STEP
1 86 30.0 -240 190.0 -1 0 0 0 1 0 0 0 -1 3622.DAT
0 STEP
1 86 10.0 -288 220.0 0 0 1 0 1 0 -1 0 0 3010.DAT
0 STEP
1 86 30.0 -336 200.0 -1 0 0 0 1 0 0 0 -1 3002.DAT
0 STEP
1 86 30.0 -384 200.0 -1 0 0 0 1 0 0 0 -1 3002.DAT
0 STEP
1 86 30.0 -432 200.0 -1 0 0 0 1 0 0 0 -1 3002.DAT
0 STEP
1 86 10.0 -552 190.0 0 0 1 0 1 0 -1 0 0 3005.DAT
0 STEP
1 86 30.0 -576 200.0 -1 0 0 0 1 0 0 0 -1 3002.DAT
0 STEP
1 86 30.0 -672 190.0 -1 0 0 0 1 0 0 0 -1 3622.DAT
0 STEP
1 86 10.0 -840 220.0 0 0 1 0 1 0 -1 0 0 3010.DAT
0 STEP
1 86 30.0 -864 190.0 -1 0 0 0 1 0 0 0 -1 3622.DAT
0 STEP
1 86 10.0 -888 190.0 0 0 1 0 1 0 -1 0 0 3005.DAT
0 STEP
1 86 30.0 -936 200.0 -1 0 0 0 1 0 0 0 -1 3002.DAT
0 STEP
1 86 30.0 -984 200.0 -1 0 0 0 1 0 0 0 -1 3002.DAT
0 STEP
1 86 10.0 -1080 260.0 0 0 1 0 1 0 -1 0 0 3008.DAT
0 STEP
1 86 30.0 -1176 200.0 -1 0 0 0 1 0 0 0 -1 3002.DAT
0 STEP
1 86 30.0 -1272 200.0 -1 0 0 0 1 0 0 0 -1 3002.DAT
0 STEP
1 86 30.0 -1320 200.0 -1 0 0 0 1 0 0 0 -1 3002.DAT
0 STEP
1 86 20.0 -1344 220.0 0 0 1 0 1 0 -1 0 0 3001.DAT
0 STEP
1 86 10.0 -1440 240.0 0 0 1 0 1 0 -1 0 0 3009.DAT
0 STEP
1 86 10.0 -1512 260.0 0 0 1 0 1 0 -1 0 0 3008.DAT
0 STEP
1 86 20.0 -1560 190.0 -1 0 0 0 1 0 0 0 -1 3004.DAT
0 STEP
1 86 10.0 -1584 190.0 0 0 1 0 1 0 -1 0 0 3005.DAT
0 STEP
1 86 10.0 -1632 190.0 0 0 1 0 1 0 -1 0 0 3005.DAT
0 STEP
1 86 10.0 -1656 240.0 0 0 1 0 1 0 -1 0 0 3009.DAT
0 STEP
1 86 40.0 -1728 200.0 -1 0 0 0 1 0 0 0 -1 3001.DAT
0 STEP
1 86 80.0 0 210.0 -1 0 0 0 1 0 0 0 -1 3008.DAT
0 STEP
1 86 20.0 -48 260.0 0 0 1 0 1 0 -1 0 0 2456.DAT
0 STEP
1 86 30.0 -144 220.0 -1 0 0 0 1 0 0 0 -1 3002.DAT
0 STEP
1 86 10.0 -168 240.0 0 0 1 0 1 0 -1 0 0 3010.DAT
0 STEP
1 86 30.0 -192 210.0 -1 0 0 0 1 0 0 0 -1 3622.DAT
0 STEP
1 86 10.0 -216 210.0 0 0 1 0 1 0 -1 0 0 3005.DAT
0 STEP
1 86 30.0 -240 220.0 -1 0 0 0 1 0 0 0 -1 3002.DAT
0 STEP
1 86 20.0 -456 240.0 0 0 1 0 1 0 -1 0 0 3001.DAT
0 STEP
1 86 30.0 -528 220.0 -1 0 0 0 1 0 0 0 -1 3002.DAT
0 STEP
1 86 10.0 -552 240.0 0 0 1 0 1 0 -1 0 0 3010.DAT
0 STEP
1 86 30.0 -624 210.0 -1 0 0 0 1 0 0 0 -1 3622.DAT
0 STEP
1 86 30.0 -672 220.0 -1 0 0 0 1 0 0 0 -1 3002.DAT
0 STEP
1 86 10.0 -720 230.0 0 0 1 0 1 0 -1 0 0 3622.DAT
0 STEP
1 86 10.0 -792 210.0 0 0 1 0 1 0 -1 0 0 3005.DAT
0 STEP
1 86 30.0 -864 220.0 -1 0 0 0 1 0 0 0 -1 3002.DAT
0 STEP
1 86 10.0 -888 260.0 0 0 1 0 1 0 -1 0 0 3009.DAT
0 STEP
1 86 10.0 -960 230.0 0 0 1 0 1 0 -1 0 0 3622.DAT
0 STEP
1 86 30.0 -1032 220.0 -1 0 0 0 1 0 0 0 -1 3002.DAT
0 STEP
1 86 20.0 -1104 230.0 0 0 1 0 1 0 -1 0 0 3002.DAT
0 STEP
1 86 30.0 -1128 220.0 -1 0 0 0 1 0 0 0 -1 3002.DAT
0 STEP
1 86 30.0 -1224 210.0 -1 0 0 0 1 0 0 0 -1 3622.DAT
0 STEP
1 86 10.0 -1368 260.0 0 0 1 0 1 0 -1 0 0 3009.DAT
0 STEP
1 86 20.0 -1416 240.0 0 0 1 0 1 0 -1 0 0 3001.DAT
0 STEP
1 86 30.0 -1488 220.0 -1 0 0 0 1 0 0 0 -1 3002.DAT
0 STEP
1 86 30.0 -1536 210.0 -1 0 0 0 1 0 0 0 -1 3622.DAT
0 STEP
1 86 20.0 -1560 260.0 0 0 1 0 1 0 -1 0 0 2456.DAT
0 STEP
1 86 30.0 -1584 220.0 -1 0 0 0 1 0 0 0 -1 3002.DAT
0 STEP
1 86 30.0 -1632 220.0 -1 0 0 0 1 0 0 0 -1 3002.DAT
0 STEP
1 86 10.0 -1752 260.0 0 0 1 0 1 0 -1 0 0 3009.DAT
0 STEP
1 86 10.0 0 260.0 0 0 1 0 1 0 -1 0 0 3010.DAT
0 STEP
1 86 40.0 -24 240.0 -1 0 0 0 1 0 0 0 -1 3001.DAT
0 STEP
1 86 20.0 -72 230.0 -1 0 0 0 1 0 0 0 -1 3004.DAT
0 STEP
1 86 30.0 -192 240.0 -1 0 0 0 1 0 0 0 -1 3002.DAT
0 STEP
1 86 10.0 -216 260.0 0 0 1 0 1 0 -1 0 0 3010.DAT
0 STEP
1 86 30.0 -336 240.0 -1 0 0 0 1 0 0 0 -1 3002.DAT
0 STEP
1 86 10.0 -384 300.0 0 0 1 0 1 0 -1 0 0 3008.DAT
0 STEP
1 86 20.0 -432 230.0 -1 0 0 0 1 0 0 0 -1 3004.DAT
0 STEP
1 86 30.0 -576 240.0 -1 0 0 0 1 0 0 0 -1 3002.DAT
0 STEP
1 86 30.0 -624 240.0 -1 0 0 0 1 0 0 0 -1 3002.DAT
0 STEP
1 86 30.0 -744 230.0 -1 0 0 0 1 0 0 0 -1 3622.DAT
0 STEP
1 86 10.0 -792 280.0 0 0 1 0 1 0 -1 0 0 3009.DAT
0 STEP
1 86 30.0 -816 230.0 -1 0 0 0 1 0 0 0 -1 3622.DAT
0 STEP
1 86 30.0 -912 230.0 -1 0 0 0 1 0 0 0 -1 3622.DAT
0 STEP
1 86 20.0 -936 260.0 0 0 1 0 1 0 -1 0 0 3001.DAT
0 STEP
1 86 30.0 -984 240.0 -1 0 0 0 1 0 0 0 -1 3002.DAT
0 STEP
1 86 10.0 -1056 260.0 0 0 1 0 1 0 -1 0 0 3010.DAT
0 STEP
1 86 30.0 -1176 230.0 -1 0 0 0 1 0 0 0 -1 3622.DAT
0 STEP
1 86 30.0 -1224 240.0 -1 0 0 0 1 0 0 0 -1 3002.DAT
0 STEP
1 86 30.0 -1272 240.0 -1 0 0 0 1 0 0 0 -1 3002.DAT
0 STEP
1 86 30.0 -1320 240.0 -1 0 0 0 1 0 0 0 -1 3002.DAT
0 STEP
1 86 30.0 -1392 240.0 -1 0 0 0 1 0 0 0 -1 3002.DAT
0 STEP
1 86 10.0 -1464 230.0 0 0 1 0 1 0 -1 0 0 3005.DAT
0 STEP
1 86 30.0 -1536 240.0 -1 0 0 0 1 0 0 0 -1 3002.DAT
0 STEP
1 86 10.0 -1608 280.0 0 0 1 0 1 0 -1 0 0 3009.DAT
0 STEP
1 86 30.0 -1680 240.0 -1 0 0 0 1 0 0 0 -1 3002.DAT
0 STEP
1 86 40.0 -1728 240.0 -1 0 0 0 1 0 0 0 -1 3001.DAT
0 STEP
1 86 30.0 -72 260.0 -1 0 0 0 1 0 0 0 -1 3002.DAT
0 STEP
1 86 30.0 -120 260.0 -1 0 0 0 1 0 0 0 -1 3002.DAT
0 STEP
1 86 10.0 -144 250.0 0 0 1 0 1 0 -1 0 0 3005.DAT
0 STEP
1 86 10.0 -240 250.0 0 0 1 0 1 0 -1 0 0 3005.DAT
0 STEP
1 86 20.0 -264 270.0 0 0 1 0 1 0 -1 0 0 3002.DAT
0 STEP
1 86 20.0 -312 250.0 -1 0 0 0 1 0 0 0 -1 3004.DAT
0 STEP
1 86 30.0 -408 260.0 -1 0 0 0 1 0 0 0 -1 3002.DAT
0 STEP
1 86 10.0 -432 320.0 0 0 1 0 1 0 -1 0 0 3008.DAT
0 STEP
1 86 10.0 -480 250.0 0 0 1 0 1 0 -1 0 0 3005.DAT
0 STEP
1 86 20.0 -528 250.0 -1 0 0 0 1 0 0 0 -1 3004.DAT
0 STEP
1 86 10.0 -648 320.0 0 0 1 0 1 0 -1 0 0 3008.DAT
0 STEP
1 86 30.0 -672 250.0 -1 0 0 0 1 0 0 0 -1 3622.DAT
0 STEP
1 86 30.0 -744 260.0 -1 0 0 0 1 0 0 0 -1 3002.DAT
0 STEP
1 86 30.0 -816 260.0 -1 0 0 0 1 0 0 0 -1 3002.DAT
0 STEP
1 86 20.0 -864 270.0 0 0 1 0 1 0 -1 0 0 3002.DAT
0 STEP
1 86 30.0 -912 260.0 -1 0 0 0 1 0 0 0 -1 3002.DAT
0 STEP
1 86 30.0 -1032 260.0 -1 0 0 0 1 0 0 0 -1 3002.DAT
0 STEP
1 86 10.0 -1128 280.0 0 0 1 0 1 0 -1 0 0 3010.DAT
0 STEP
1 86 10.0 -1176 280.0 0 0 1 0 1 0 -1 0 0 3010.DAT
0 STEP
1 86 20.0 -1248 280.0 0 0 1 0 1 0 -1 0 0 3001.DAT
0 STEP
1 86 10.0 -1464 280.0 0 0 1 0 1 0 -1 0 0 3010.DAT
0 STEP
1 86 30.0 -1488 260.0 -1 0 0 0 1 0 0 0 -1 3002.DAT
0 STEP
1 86 30.0 -1584 260.0 -1 0 0 0 1 0 0 0 -1 3002.DAT
0 STEP
1 86 30.0 -1632 260.0 -1 0 0 0 1 0 0 0 -1 3002.DAT
0 STEP
1 86 10.0 -1704 250.0 0 0 1 0 1 0 -1 0 0 3005.DAT
0 STEP
1 86 40.0 -24 270.0 -1 0 0 0 1 0 0 0 -1 3010.DAT
0 STEP
1 86 10.0 -144 300.0 0 0 1 0 1 0 -1 0 0 3010.DAT
0 STEP
1 86 20.0 -192 270.0 -1 0 0 0 1 0 0 0 -1 3004.DAT
0 STEP
1 86 10.0 -240 320.0 0 0 1 0 1 0 -1 0 0 3009.DAT
0 STEP
1 86 30.0 -288 280.0 -1 0 0 0 1 0 0 0 -1 3002.DAT
0 STEP
1 86 10.0 -312 280.0 0 0 1 0 1 0 -1 0 0 3004.DAT
0 STEP
1 86 10.0 -336 340.0 0 0 1 0 1 0 -1 0 0 3008.DAT
0 STEP
1 86 20.0 -480 300.0 0 0 1 0 1 0 -1 0 0 3001.DAT
0 STEP
1 86 20.0 -528 300.0 0 0 1 0 1 0 -1 0 0 3001.DAT
0 STEP
1 86 30.0 -576 270.0 -1 0 0 0 1 0 0 0 -1 3622.DAT
0 STEP
1 86 30.0 -624 280.0 -1 0 0 0 1 0 0 0 -1 3002.DAT
0 STEP
1 86 30.0 -672 280.0 -1 0 0 0 1 0 0 0 -1 3002.DAT
0 STEP
1 86 10.0 -720 340.0 0 0 1 0 1 0 -1 0 0 3008.DAT
0 STEP
1 86 10.0 -840 340.0 0 0 1 0 1 0 -1 0 0 3008.DAT
0 STEP
1 86 10.0 -960 320.0 0 0 1 0 1 0 -1 0 0 3009.DAT
0 STEP
1 86 30.0 -984 270.0 -1 0 0 0 1 0 0 0 -1 3622.DAT
0 STEP
1 86 20.0 -1104 360.0 0 0 1 0 1 0 -1 0 0 3006.DAT
0 STEP
1 86 30.0 -1152 270.0 -1 0 0 0 1 0 0 0 -1 3622.DAT
0 STEP
1 86 30.0 -1200 280.0 -1 0 0 0 1 0 0 0 -1 3002.DAT
0 STEP
1 86 30.0 -1224 270.0 -1 0 0 0 1 0 0 0 -1 3622.DAT
0 STEP
1 86 30.0 -1272 280.0 -1 0 0 0 1 0 0 0 -1 3002.DAT
0 STEP
1 86 20.0 -1320 300.0 0 0 1 0 1 0 -1 0 0 3001.DAT
0 STEP
1 86 30.0 -1344 280.0 -1 0 0 0 1 0 0 0 -1 3002.DAT
0 STEP
1 86 10.0 -1392 270.0 0 0 1 0 1 0 -1 0 0 3005.DAT
0 STEP
1 86 30.0 -1536 270.0 -1 0 0 0 1 0 0 0 -1 3622.DAT
0 STEP
1 86 30.0 -1680 280.0 -1 0 0 0 1 0 0 0 -1 3002.DAT
0 STEP
1 86 10.0 -1704 300.0 0 0 1 0 1 0 -1 0 0 3010.DAT
0 STEP
1 86 40.0 -1728 280.0 -1 0 0 0 1 0 0 0 -1 3001.DAT
0 STEP
1 86 10.0 -24 360.0 0 0 1 0 1 0 -1 0 0 3008.DAT
0 STEP
1 86 30.0 -72 290.0 -1 0 0 0 1 0 0 0 -1 3622.DAT
0 STEP
1 86 30.0 -120 290.0 -1 0 0 0 1 0 0 0 -1 3622.DAT
0 STEP
1 86 30.0 -168 290.0 -1 0 0 0 1 0 0 0 -1 3622.DAT
0 STEP
1 86 20.0 -192 360.0 0 0 1 0 1 0 -1 0 0 3007.DAT
0 STEP
1 86 30.0 -360 300.0 -1 0 0 0 1 0 0 0 -1 3002.DAT
0 STEP
1 86 30.0 -408 290.0 -1 0 0 0 1 0 0 0 -1 3622.DAT
0 STEP
1 86 30.0 -456 300.0 -1 0 0 0 1 0 0 0 -1 3002.DAT
0 STEP
1 86 20.0 -504 290.0 -1 0 0 0 1 0 0 0 -1 3004.DAT
0 STEP
1 86 10.0 -552 290.0 0 0 1 0 1 0 -1 0 0 3005.DAT
0 STEP
1 86 10.0 -576 340.0 0 0 1 0 1 0 -1 0 0 3009.DAT
0 STEP
1 86 10.0 -696 300.0 0 0 1 0 1 0 -1 0 0 3004.DAT
0 STEP
1 86 10.0 -744 320.0 0 0 1 0 1 0 -1 0 0 3010.DAT
0 STEP
1 86 20.0 -768 310.0 0 0 1 0 1 0 -1 0 0 3002.DAT
0 STEP
1 86 30.0 -816 300.0 -1 0 0 0 1 0 0 0 -1 3002.DAT
0 STEP
1 86 30.0 -912 300.0 -1 0 0 0 1 0 0 0 -1 3002.DAT
0 STEP
1 86 30.0 -984 300.0 -1 0 0 0 1 0 0 0 -1 3002.DAT
0 STEP
1 86 30.0 -1032 300.0 -1 0 0 0 1 0 0 0 -1 3002.DAT
0 STEP
1 86 20.0 -1152 340.0 0 0 1 0 1 0 -1 0 0 2456.DAT
0 STEP
1 86 30.0 -1224 300.0 -1 0 0 0 1 0 0 0 -1 3002.DAT
0 STEP
1 86 10.0 -1392 320.0 0 0 1 0 1 0 -1 0 0 3010.DAT
0 STEP
1 86 30.0 -1416 300.0 -1 0 0 0 1 0 0 0 -1 3002.DAT
0 STEP
1 86 30.0 -1488 290.0 -1 0 0 0 1 0 0 0 -1 3622.DAT
0 STEP
1 86 10.0 -1536 290.0 0 0 1 0 1 0 -1 0 0 3005.DAT
0 STEP
1 86 20.0 -1584 360.0 0 0 1 0 1 0 -1 0 0 3007.DAT
0 STEP
1 86 30.0 -1632 290.0 -1 0 0 0 1 0 0 0 -1 3622.DAT
0 STEP
1 86 40.0 0 310.0 -1 0 0 0 1 0 0 0 -1 3010.DAT
0 STEP
1 86 20.0 -72 360.0 0 0 1 0 1 0 -1 0 0 2456.DAT
0 STEP
1 86 10.0 -96 310.0 0 0 1 0 1 0 -1 0 0 3005.DAT
0 STEP
1 86 20.0 -120 380.0 0 0 1 0 1 0 -1 0 0 3007.DAT
0 STEP
1 86 10.0 -168 380.0 0 0 1 0 1 0 -1 0 0 3008.DAT
0 STEP
1 86 30.0 -216 320.0 -1 0 0 0 1 0 0 0 -1 3002.DAT
0 STEP
1 86 30.0 -264 310.0 -1 0 0 0 1 0 0 0 -1 3622.DAT
0 STEP
1 86 10.0 -288 360.0 0 0 1 0 1 0 -1 0 0 3009.DAT
0 STEP
1 86 30.0 -312 320.0 -1 0 0 0 1 0 0 0 -1 3002.DAT
0 STEP
1 86 20.0 -408 340.0 0 0 1 0 1 0 -1 0 0 3001.DAT
0 STEP
1 86 30.0 -504 320.0 -1 0 0 0 1 0 0 0 -1 3002.DAT
0 STEP
1 86 30.0 -552 310.0 -1 0 0 0 1 0 0 0 -1 3622.DAT
0 STEP
1 86 10.0 -600 310.0 0 0 1 0 1 0 -1 0 0 3005.DAT
0 STEP
1 86 20.0 -624 340.0 0 0 1 0 1 0 -1 0 0 3001.DAT
0 STEP
1 86 10.0 -672 380.0 0 0 1 0 1 0 -1 0 0 3008.DAT
0 STEP
1 86 20.0 -864 360.0 0 0 1 0 1 0 -1 0 0 2456.DAT
0 STEP
1 86 20.0 -936 310.0 -1 0 0 0 1 0 0 0 -1 3004.DAT
0 STEP
1 86 20.0 -1056 380.0 0 0 1 0 1 0 -1 0 0 3007.DAT
0 STEP
1 86 10.0 -1200 360.0 0 0 1 0 1 0 -1 0 0 3009.DAT
0 STEP
1 86 10.0 -1272 340.0 0 0 1 0 1 0 -1 0 0 3010.DAT
0 STEP
1 86 30.0 -1344 310.0 -1 0 0 0 1 0 0 0 -1 3622.DAT
0 STEP
1 86 20.0 -1440 340.0 0 0 1 0 1 0 -1 0 0 3001.DAT
0 STEP
1 86 20.0 -1488 310.0 -1 0 0 0 1 0 0 0 -1 3004.DAT
0 STEP
1 86 10.0 -1536 380.0 0 0 1 0 1 0 -1 0 0 3008.DAT
0 STEP
1 86 20.0 -1632 310.0 -1 0 0 0 1 0 0 0 -1 3004.DAT
0 STEP
1 86 30.0 -1656 320.0 -1 0 0 0 1 0 0 0 -1 3002.DAT
0 STEP
1 86 20.0 -1680 310.0 -1 0 0 0 1 0 0 0 -1 3004.DAT
0 STEP
1 86 40.0 -1728 310.0 -1 0 0 0 1 0 0 0 -1 3010.DAT
0 STEP
1 86 40.0 0 340.0 -1 0 0 0 1 0 0 0 -1 3001.DAT
0 STEP
1 86 40.0 -48 330.0 -1 0 0 0 1 0 0 0 -1 3010.DAT
0 STEP
1 86 30.0 -96 340.0 -1 0 0 0 1 0 0 0 -1 3002.DAT
0 STEP
1 86 30.0 -264 340.0 -1 0 0 0 1 0 0 0 -1 3002.DAT
0 STEP
1 86 30.0 -360 330.0 -1 0 0 0 1 0 0 0 -1 3622.DAT
0 STEP
1 86 10.0 -456 350.0 0 0 1 0 1 0 -1 0 0 3622.DAT
0 STEP
1 86 30.0 -552 340.0 -1 0 0 0 1 0 0 0 -1 3002.DAT
0 STEP
1 86 30.0 -600 330.0 -1 0 0 0 1 0 0 0 -1 3622.DAT
0 STEP
1 86 30.0 -696 340.0 -1 0 0 0 1 0 0 0 -1 3002.DAT
0 STEP
1 86 10.0 -816 340.0 0 0 1 0 1 0 -1 0 0 3004.DAT
0 STEP
1 86 30.0 -888 330.0 -1 0 0 0 1 0 0 0 -1 3622.DAT
0 STEP
1 86 10.0 -912 360.0 0 0 1 0 1 0 -1 0 0 3010.DAT
0 STEP
1 86 30.0 -936 340.0 -1 0 0 0 1 0 0 0 -1 3002.DAT
0 STEP
1 86 30.0 -984 340.0 -1 0 0 0 1 0 0 0 -1 3002.DAT
0 STEP
1 86 10.0 -1008 380.0 0 0 1 0 1 0 -1 0 0 3009.DAT
0 STEP
1 86 30.0 -1032 340.0 -1 0 0 0 1 0 0 0 -1 3002.DAT
0 STEP
1 86 30.0 -1128 330.0 -1 0 0 0 1 0 0 0 -1 3622.DAT
0 STEP
1 86 30.0 -1176 340.0 -1 0 0 0 1 0 0 0 -1 3002.DAT
0 STEP
1 86 20.0 -1224 360.0 0 0 1 0 1 0 -1 0 0 3001.DAT
0 STEP
1 86 30.0 -1248 340.0 -1 0 0 0 1 0 0 0 -1 3002.DAT
0 STEP
1 86 10.0 -1296 380.0 0 0 1 0 1 0 -1 0 0 3009.DAT
0 STEP
1 86 30.0 -1344 340.0 -1 0 0 0 1 0 0 0 -1 3002.DAT
0 STEP
1 86 10.0 -1368 330.0 0 0 1 0 1 0 -1 0 0 3005.DAT
0 STEP
1 86 30.0 -1416 330.0 -1 0 0 0 1 0 0 0 -1 3622.DAT
0 STEP
1 86 30.0 -1464 340.0 -1 0 0 0 1 0 0 0 -1 3002.DAT
0 STEP
1 86 10.0 -1488 330.0 0 0 1 0 1 0 -1 0 0 3005.DAT
0 STEP
1 86 30.0 -1560 330.0 -1 0 0 0 1 0 0 0 -1 3622.DAT
0 STEP
1 86 20.0 -1632 380.0 0 0 1 0 1 0 -1 0 0 2456.DAT
0 STEP
1 86 10.0 -1680 380.0 0 0 1 0 1 0 -1 0 0 3009.DAT
0 STEP
1 86 10.0 -1728 360.0 0 0 1 0 1 0 -1 0 0 3010.DAT
0 STEP
1 86 30.0 -1752 330.0 -1 0 0 0 1 0 0 0 -1 3622.DAT
0 STEP
1 86 40.0 -48 360.0 -1 0 0 0 1 0 0 0 -1 3001.DAT
0 STEP
1 86 30.0 -144 350.0 -1 0 0 0 1 0 0 0 -1 3622.DAT
0 STEP
1 86 30.0 -216 350.0 -1 0 0 0 1 0 0 0 -1 3622.DAT
0 STEP
1 86 30.0 -312 350.0 -1 0 0 0 1 0 0 0 -1 3622.DAT
0 STEP
1 86 30.0 -360 360.0 -1 0 0 0 1 0 0 0 -1 3002.DAT
0 STEP
1 86 20.0 -480 350.0 -1 0 0 0 1 0 0 0 -1 3004.DAT
0 STEP
1 86 20.0 -504 380.0 0 0 1 0 1 0 -1 0 0 3001.DAT
0 STEP
1 86 20.0 -528 350.0 -1 0 0 0 1 0 0 0 -1 3004.DAT
0 STEP
1 86 30.0 -600 360.0 -1 0 0 0 1 0 0 0 -1 3002.DAT
0 STEP
1 86 10.0 -768 380.0 0 0 1 0 1 0 -1 0 0 3010.DAT
0 STEP
1 86 30.0 -792 360.0 -1 0 0 0 1 0 0 0 -1 3002.DAT
0 STEP
1 86 30.0 -888 360.0 -1 0 0 0 1 0 0 0 -1 3002.DAT
0 STEP
1 86 30.0 -1080 350.0 -1 0 0 0 1 0 0 0 -1 3622.DAT
0 STEP
1 86 10.0 -1128 380.0 0 0 1 0 1 0 -1 0 0 3010.DAT
0 STEP
1 86 20.0 -1320 370.0 0 0 1 0 1 0 -1 0 0 3002.DAT
0 STEP
1 86 10.0 -1368 380.0 0 0 1 0 1 0 -1 0 0 3010.DAT
0 STEP
1 86 10.0 -1416 400.0 0 0 1 0 1 0 -1 0 0 3009.DAT
0 STEP
1 86 10.0 -1488 380.0 0 0 1 0 1 0 -1 0 0 3010.DAT
0 STEP
1 86 30.0 -1512 360.0 -1 0 0 0 1 0 0 0 -1 3002.DAT
0 STEP
1 86 30.0 -1560 360.0 -1 0 0 0 1 0 0 0 -1 3002.DAT
0 STEP
1 86 30.0 -1608 360.0 -1 0 0 0 1 0 0 0 -1 3002.DAT
0 STEP
1 86 30.0 -1656 360.0 -1 0 0 0 1 0 0 0 -1 3002.DAT
0 STEP
1 86 10.0 -1704 350.0 0 0 1 0 1 0 -1 0 0 3005.DAT
0 STEP
1 86 60.0 -1752 360.0 -1 0 0 0 1 0 0 0 -1 2456.DAT
0 STEP
1 86 10.0 0 370.0 0 0 1 0 1 0 -1 0 0 3005.DAT
0 STEP
1 86 30.0 -96 380.0 -1 0 0 0 1 0 0 0 -1 3002.DAT
0 STEP
1 86 30.0 -144 380.0 -1 0 0 0 1 0 0 0 -1 3002.DAT
0 STEP
1 86 30.0 -216 380.0 -1 0 0 0 1 0 0 0 -1 3002.DAT
0 STEP
1 86 10.0 -264 400.0 0 0 1 0 1 0 -1 0 0 3010.DAT
0 STEP
1 86 30.0 -312 380.0 -1 0 0 0 1 0 0 0 -1 3002.DAT
0 STEP
1 86 30.0 -480 370.0 -1 0 0 0 1 0 0 0 -1 3622.DAT
0 STEP
1 86 30.0 -528 370.0 -1 0 0 0 1 0 0 0 -1 3622.DAT
0 STEP
1 86 20.0 -552 460.0 0 0 1 0 1 0 -1 0 0 3006.DAT
0 STEP
1 86 30.0 -696 380.0 -1 0 0 0 1 0 0 0 -1 3002.DAT
0 STEP
1 86 30.0 -744 380.0 -1 0 0 0 1 0 0 0 -1 3002.DAT
0 STEP
1 86 10.0 -816 440.0 0 0 1 0 1 0 -1 0 0 3008.DAT
0 STEP
1 86 30.0 -936 380.0 -1 0 0 0 1 0 0 0 -1 3002.DAT
0 STEP
1 86 30.0 -984 380.0 -1 0 0 0 1 0 0 0 -1 3002.DAT
0 STEP
1 86 30.0 -1032 380.0 -1 0 0 0 1 0 0 0 -1 3002.DAT
0 STEP
1 86 30.0 -1080 380.0 -1 0 0 0 1 0 0 0 -1 3002.DAT
0 STEP
1 86 30.0 -1176 380.0 -1 0 0 0 1 0 0 0 -1 3002.DAT
0 STEP
1 86 30.0 -1248 370.0 -1 0 0 0 1 0 0 0 -1 3622.DAT
0 STEP
1 86 30.0 -1344 380.0 -1 0 0 0 1 0 0 0 -1 3002.DAT
0 STEP
1 86 30.0 -1392 380.0 -1 0 0 0 1 0 0 0 -1 3002.DAT
0 STEP
1 86 30.0 -1464 370.0 -1 0 0 0 1 0 0 0 -1 3622.DAT
0 STEP
1 86 60.0 -1704 380.0 -1 0 0 0 1 0 0 0 -1 2456.DAT
0 STEP
1 86 80.0 0 390.0 -1 0 0 0 1 0 0 0 -1 3008.DAT
0 STEP
1 86 10.0 -48 390.0 0 0 1 0 1 0 -1 0 0 3005.DAT
0 STEP
1 86 10.0 -240 390.0 0 0 1 0 1 0 -1 0 0 3005.DAT
0 STEP
1 86 30.0 -360 390.0 -1 0 0 0 1 0 0 0 -1 3622.DAT
0 STEP
1 86 10.0 -384 410.0 0 0 1 0 1 0 -1 0 0 3622.DAT
0 STEP
1 86 30.0 -408 400.0 -1 0 0 0 1 0 0 0 -1 3002.DAT
0 STEP
1 86 30.0 -456 400.0 -1 0 0 0 1 0 0 0 -1 3002.DAT
0 STEP
1 86 20.0 -480 390.0 -1 0 0 0 1 0 0 0 -1 3004.DAT
0 STEP
1 86 30.0 -528 400.0 -1 0 0 0 1 0 0 0 -1 3002.DAT
0 STEP
1 86 20.0 -600 480.0 0 0 1 0 1 0 -1 0 0 3006.DAT
0 STEP
1 86 30.0 -624 400.0 -1 0 0 0 1 0 0 0 -1 3002.DAT
0 STEP
1 86 30.0 -792 400.0 -1 0 0 0 1 0 0 0 -1 3002.DAT
0 STEP
1 86 20.0 -888 410.0 0 0 1 0 1 0 -1 0 0 3002.DAT
0 STEP
1 86 20.0 -960 420.0 0 0 1 0 1 0 -1 0 0 3001.DAT
0 STEP
1 86 10.0 -1248 420.0 0 0 1 0 1 0 -1 0 0 3010.DAT
0 STEP
1 86 10.0 -1272 390.0 0 0 1 0 1 0 -1 0 0 3005.DAT
0 STEP
1 86 30.0 -1440 390.0 -1 0 0 0 1 0 0 0 -1 3622.DAT
0 STEP
1 86 20.0 -1464 420.0 0 0 1 0 1 0 -1 0 0 3001.DAT
0 STEP
1 86 30.0 -1512 400.0 -1 0 0 0 1 0 0 0 -1 3002.DAT
0 STEP
1 86 30.0 -1560 400.0 -1 0 0 0 1 0 0 0 -1 3002.DAT
0 STEP
1 86 30.0 -1608 390.0 -1 0 0 0 1 0 0 0 -1 3622.DAT
0 STEP
1 86 30.0 -1656 400.0 -1 0 0 0 1 0 0 0 -1 3002.DAT
0 STEP
1 86 30.0 -1752 390.0 -1 0 0 0 1 0 0 0 -1 3622.DAT
0 STEP
1 86 60.0 0 410.0 -1 0 0 0 1 0 0 0 -1 3009.DAT
0 STEP
1 86 40.0 -48 420.0 -1 0 0 0 1 0 0 0 -1 3001.DAT
0 STEP
1 86 10.0 -96 460.0 0 0 1 0 1 0 -1 0 0 3009.DAT
0 STEP
1 86 30.0 -144 420.0 -1 0 0 0 1 0 0 0 -1 3002.DAT
0 STEP
1 86 10.0 -216 410.0 0 0 1 0 1 0 -1 0 0 3005.DAT
0 STEP
1 86 30.0 -240 420.0 -1 0 0 0 1 0 0 0 -1 3002.DAT
0 STEP
1 86 20.0 -312 440.0 0 0 1 0 1 0 -1 0 0 3001.DAT
0 STEP
1 86 10.0 -360 480.0 0 0 1 0 1 0 -1 0 0 3008.DAT
0 STEP
1 86 10.0 -432 420.0 0 0 1 0 1 0 -1 0 0 3004.DAT
0 STEP
1 86 20.0 -480 440.0 0 0 1 0 1 0 -1 0 0 3001.DAT
0 STEP
1 86 30.0 -576 420.0 -1 0 0 0 1 0 0 0 -1 3002.DAT
0 STEP
1 86 10.0 -648 410.0 0 0 1 0 1 0 -1 0 0 3005.DAT
0 STEP
1 86 30.0 -696 420.0 -1 0 0 0 1 0 0 0 -1 3002.DAT
0 STEP
1 86 30.0 -744 410.0 -1 0 0 0 1 0 0 0 -1 3622.DAT
0 STEP
1 86 10.0 -912 410.0 0 0 1 0 1 0 -1 0 0 3005.DAT
0 STEP
1 86 10.0 -936 410.0 0 0 1 0 1 0 -1 0 0 3005.DAT
0 STEP
1 86 40.0 -984 410.0 -1 0 0 0 1 0 0 0 -1 3010.DAT
0 STEP
1 86 40.0 -1032 420.0 -1 0 0 0 1 0 0 0 -1 3001.DAT
0 STEP
1 86 10.0 -1080 410.0 0 0 1 0 1 0 -1 0 0 3005.DAT
0 STEP
1 86 80.0 -1152 410.0 -1 0 0 0 1 0 0 0 -1 3008.DAT
0 STEP
1 86 10.0 -1176 430.0 0 0 1 0 1 0 -1 0 0 3622.DAT
0 STEP
1 86 40.0 -1224 420.0 -1 0 0 0 1 0 0 0 -1 3001.DAT
0 STEP
1 86 20.0 -1272 410.0 -1 0 0 0 1 0 0 0 -1 3004.DAT
0 STEP
1 86 20.0 -1320 420.0 0 0 1 0 1 0 -1 0 0 3003.DAT
0 STEP
1 86 20.0 -1344 430.0 0 0 1 0 1 0 -1 0 0 3002.DAT
0 STEP
1 86 40.0 -1392 410.0 -1 0 0 0 1 0 0 0 -1 3010.DAT
0 STEP
1 86 40.0 -1440 420.0 -1 0 0 0 1 0 0 0 -1 3001.DAT
0 STEP
1 86 10.0 -1608 430.0 0 0 1 0 1 0 -1 0 0 3622.DAT
0 STEP
1 86 40.0 -1704 420.0 -1 0 0 0 1 0 0 0 -1 3001.DAT
0 STEP
1 86 10.0 -1728 430.0 0 0 1 0 1 0 -1 0 0 3622.DAT
0 STEP
1 86 60.0 -1752 410.0 -1 0 0 0 1 0 0 0 -1 3009.DAT
0 STEP
1 86 40.0 0 440.0 -1 0 0 0 1 0 0 0 -1 3001.DAT
0 STEP
1 86 30.0 -72 440.0 -1 0 0 0 1 0 0 0 -1 3002.DAT
0 STEP
1 86 10.0 -216 460.0 0 0 1 0 1 0 -1 0 0 3010.DAT
0 STEP
1 86 30.0 -288 430.0 -1 0 0 0 1 0 0 0 -1 3622.DAT
0 STEP
1 86 30.0 -336 440.0 -1 0 0 0 1 0 0 0 -1 3002.DAT
0 STEP
1 86 10.0 -408 500.0 0 0 1 0 1 0 -1 0 0 3008.DAT
0 STEP
1 86 30.0 -456 430.0 -1 0 0 0 1 0 0 0 -1 3622.DAT
0 STEP
1 86 30.0 -504 440.0 -1 0 0 0 1 0 0 0 -1 3002.DAT
0 STEP
1 86 30.0 -528 440.0 -1 0 0 0 1 0 0 0 -1 3002.DAT
0 STEP
1 86 30.0 -624 430.0 -1 0 0 0 1 0 0 0 -1 3622.DAT
0 STEP
1 86 10.0 -648 500.0 0 0 1 0 1 0 -1 0 0 3008.DAT
0 STEP
1 86 10.0 -720 460.0 0 0 1 0 1 0 -1 0 0 3010.DAT
0 STEP
1 86 30.0 -744 440.0 -1 0 0 0 1 0 0 0 -1 3002.DAT
0 STEP
1 86 10.0 -768 430.0 0 0 1 0 1 0 -1 0 0 3005.DAT
0 STEP
1 86 30.0 -792 440.0 -1 0 0 0 1 0 0 0 -1 3002.DAT
0 STEP
1 86 30.0 -840 440.0 -1 0 0 0 1 0 0 0 -1 3002.DAT
0 STEP
1 86 20.0 -864 430.0 -1 0 0 0 1 0 0 0 -1 3004.DAT
0 STEP
1 86 10.0 -912 500.0 0 0 1 0 1 0 -1 0 0 3008.DAT
0 STEP
1 86 40.0 -936 440.0 -1 0 0 0 1 0 0 0 -1 3001.DAT
0 STEP
1 86 40.0 -984 440.0 -1 0 0 0 1 0 0 0 -1 3001.DAT
0 STEP
1 86 80.0 -1080 430.0 -1 0 0 0 1 0 0 0 -1 3008.DAT
0 STEP
1 86 40.0 -1128 430.0 -1 0 0 0 1 0 0 0 -1 3010.DAT
0 STEP
1 86 40.0 -1152 440.0 -1 0 0 0 1 0 0 0 -1 3001.DAT
0 STEP
1 86 10.0 -1200 430.0 0 0 1 0 1 0 -1 0 0 3005.DAT
0 STEP
1 86 40.0 -1272 440.0 -1 0 0 0 1 0 0 0 -1 3001.DAT
0 STEP
1 86 40.0 -1368 440.0 -1 0 0 0 1 0 0 0 -1 3001.DAT
0 STEP
1 86 30.0 -1392 430.0 -1 0 0 0 1 0 0 0 -1 3622.DAT
0 STEP
1 86 10.0 -1488 430.0 0 0 1 0 1 0 -1 0 0 3005.DAT
0 STEP
1 86 30.0 -1512 440.0 -1 0 0 0 1 0 0 0 -1 3002.DAT
0 STEP
1 86 40.0 -1560 440.0 -1 0 0 0 1 0 0 0 -1 3001.DAT
0 STEP
1 86 30.0 -1656 430.0 -1 0 0 0 1 0 0 0 -1 3622.DAT
0 STEP
1 86 80.0 -1752 430.0 -1 0 0 0 1 0 0 0 -1 3008.DAT
0 STEP
1 86 20.0 -24 480.0 0 0 1 0 1 0 -1 0 0 3001.DAT
0 STEP
1 86 20.0 -48 470.0 0 0 1 0 1 0 -1 0 0 3002.DAT
0 STEP
1 86 30.0 -144 450.0 -1 0 0 0 1 0 0 0 -1 3622.DAT
0 STEP
1 86 30.0 -192 460.0 -1 0 0 0 1 0 0 0 -1 3002.DAT
0 STEP
1 86 30.0 -240 460.0 -1 0 0 0 1 0 0 0 -1 3002.DAT
0 STEP
1 86 10.0 -264 470.0 0 0 1 0 1 0 -1 0 0 3622.DAT
0 STEP
1 86 20.0 -288 470.0 0 0 1 0 1 0 -1 0 0 3002.DAT
0 STEP
1 86 30.0 -384 460.0 -1 0 0 0 1 0 0 0 -1 3002.DAT
0 STEP
1 86 30.0 -432 450.0 -1 0 0 0 1 0 0 0 -1 3622.DAT
0 STEP
1 86 20.0 -456 480.0 0 0 1 0 1 0 -1 0 0 3001.DAT
0 STEP
1 86 30.0 -576 460.0 -1 0 0 0 1 0 0 0 -1 3002.DAT
0 STEP
1 86 30.0 -624 460.0 -1 0 0 0 1 0 0 0 -1 3002.DAT
0 STEP
1 86 30.0 -696 460.0 -1 0 0 0 1 0 0 0 -1 3002.DAT
0 STEP
1 86 10.0 -768 500.0 0 0 1 0 1 0 -1 0 0 3009.DAT
0 STEP
1 86 10.0 -864 450.0 0 0 1 0 1 0 -1 0 0 3005.DAT
0 STEP
1 86 40.0 -888 460.0 -1 0 0 0 1 0 0 0 -1 3001.DAT
0 STEP
1 86 80.0 -1008 450.0 -1 0 0 0 1 0 0 0 -1 3008.DAT
0 STEP
1 86 40.0 -1032 450.0 -1 0 0 0 1 0 0 0 -1 3010.DAT
0 STEP
1 86 40.0 -1080 450.0 -1 0 0 0 1 0 0 0 -1 3010.DAT
0 STEP
1 86 10.0 -1128 450.0 0 0 1 0 1 0 -1 0 0 3005.DAT
0 STEP
1 86 80.0 -1200 450.0 -1 0 0 0 1 0 0 0 -1 3008.DAT
0 STEP
1 86 40.0 -1224 450.0 -1 0 0 0 1 0 0 0 -1 3010.DAT
0 STEP
1 86 10.0 -1296 450.0 0 0 1 0 1 0 -1 0 0 3005.DAT
0 STEP
1 86 30.0 -1320 450.0 -1 0 0 0 1 0 0 0 -1 3622.DAT
0 STEP
1 86 80.0 -1392 450.0 -1 0 0 0 1 0 0 0 -1 3008.DAT
0 STEP
1 86 30.0 -1440 450.0 -1 0 0 0 1 0 0 0 -1 3622.DAT
0 STEP
1 86 40.0 -1488 450.0 -1 0 0 0 1 0 0 0 -1 3010.DAT
0 STEP
1 86 80.0 -1584 450.0 -1 0 0 0 1 0 0 0 -1 3008.DAT
0 STEP
1 86 20.0 -1632 450.0 -1 0 0 0 1 0 0 0 -1 3004.DAT
0 STEP
1 86 40.0 -1656 450.0 -1 0 0 0 1 0 0 0 -1 3010.DAT
0 STEP
1 86 10.0 -1680 450.0 0 0 1 0 1 0 -1 0 0 3005.DAT
0 STEP
1 86 80.0 -1704 450.0 -1 0 0 0 1 0 0 0 -1 3008.DAT
0 STEP
1 86 60.0 -1752 450.0 -1 0 0 0 1 0 0 0 -1 3009.DAT
0 STEP
1 86 10.0 0 470.0 0 0 1 0 1 0 -1 0 0 3005.DAT
0 STEP
1 86 30.0 -72 480.0 -1 0 0 0 1 0 0 0 -1 3002.DAT
0 STEP
1 86 30.0 -120 480.0 -1 0 0 0 1 0 0 0 -1 3002.DAT
0 STEP
1 86 20.0 -144 500.0 0 0 1 0 1 0 -1 0 0 3001.DAT
0 STEP
1 86 10.0 -168 470.0 0 0 1 0 1 0 -1 0 0 3005.DAT
0 STEP
1 86 30.0 -336 480.0 -1 0 0 0 1 0 0 0 -1 3002.DAT
0 STEP
1 86 30.0 -432 480.0 -1 0 0 0 1 0 0 0 -1 3002.DAT
0 STEP
1 86 20.0 -504 520.0 0 0 1 0 1 0 -1 0 0 2456.DAT
0 STEP
1 86 30.0 -528 480.0 -1 0 0 0 1 0 0 0 -1 3002.DAT
0 STEP
1 86 20.0 -672 500.0 0 0 1 0 1 0 -1 0 0 3001.DAT
0 STEP
1 86 30.0 -744 480.0 -1 0 0 0 1 0 0 0 -1 3002.DAT
0 STEP
1 86 30.0 -792 470.0 -1 0 0 0 1 0 0 0 -1 3622.DAT
0 STEP
1 86 30.0 -840 470.0 -1 0 0 0 1 0 0 0 -1 3622.DAT
0 STEP
1 86 10.0 -864 520.0 0 0 1 0 1 0 -1 0 0 3009.DAT
0 STEP
1 86 10.0 0 520.0 0 0 1 0 1 0 -1 0 0 3010.DAT
0 STEP
1 86 30.0 -168 500.0 -1 0 0 0 1 0 0 0 -1 3002.DAT
0 STEP
1 86 10.0 -192 510.0 0 0 1 0 1 0 -1 0 0 3622.DAT
0 STEP
1 86 30.0 -240 490.0 -1 0 0 0 1 0 0 0 -1 3622.DAT
0 STEP
1 86 10.0 -312 520.0 0 0 1 0 1 0 -1 0 0 3010.DAT
0 STEP
1 86 30.0 -384 500.0 -1 0 0 0 1 0 0 0 -1 3002.DAT
0 STEP
1 86 30.0 -480 500.0 -1 0 0 0 1 0 0 0 -1 3002.DAT
0 STEP
1 86 30.0 -576 500.0 -1 0 0 0 1 0 0 0 -1 3002.DAT
0 STEP
1 86 30.0 -624 500.0 -1 0 0 0 1 0 0 0 -1 3002.DAT
0 STEP
1 86 30.0 -696 490.0 -1 0 0 0 1 0 0 0 -1 3622.DAT
0 STEP
1 86 30.0 -792 500.0 -1 0 0 0 1 0 0 0 -1 3002.DAT
0 STEP
1 86 30.0 -840 500.0 -1 0 0 0 1 0 0 0 -1 3002.DAT
0 STEP
1 86 40.0 -888 500.0 -1 0 0 0 1 0 0 0 -1 3001.DAT
0 STEP
1 86 40.0 -48 520.0 -1 0 0 0 1 0 0 0 -1 3001.DAT
0 STEP
1 86 30.0 -72 510.0 -1 0 0 0 1 0 0 0 -1 3622.DAT
0 STEP
1 86 10.0 -120 560.0 0 0 1 0 1 0 -1 0 0 3009.DAT
0 STEP
1 86 10.0 -216 510.0 0 0 1 0 1 0 -1 0 0 3005.DAT
0 STEP
1 86 10.0 -240 540.0 0 0 1 0 1 0 -1 0 0 3010.DAT
0 STEP
1 86 30.0 -264 520.0 -1 0 0 0 1 0 0 0 -1 3002.DAT
0 STEP
1 86 20.0 -288 540.0 0 0 1 0 1 0 -1 0 0 3001.DAT
0 STEP
1 86 30.0 -336 520.0 -1 0 0 0 1 0 0 0 -1 3002.DAT
0 STEP
1 86 30.0 -432 520.0 -1 0 0 0 1 0 0 0 -1 3002.DAT
0 STEP
1 86 30.0 -528 520.0 -1 0 0 0 1 0 0 0 -1 3002.DAT
0 STEP
1 86 10.0 -696 540.0 0 0 1 0 1 0 -1 0 0 3010.DAT
0 STEP
1 86 30.0 -720 520.0 -1 0 0 0 1 0 0 0 -1 3002.DAT
0 STEP
1 86 30.0 -744 510.0 -1 0 0 0 1 0 0 0 -1 3622.DAT
0 STEP
1 86 20.0 -24 530.0 -1 0 0 0 1 0 0 0 -1 3004.DAT
0 STEP
1 86 20.0 -72 560.0 0 0 1 0 1 0 -1 0 0 3001.DAT
0 STEP
1 86 30.0 -96 540.0 -1 0 0 0 1 0 0 0 -1 3002.DAT
0 STEP
1 86 10.0 -168 580.0 0 0 1 0 1 0 -1 0 0 3009.DAT
0 STEP
1 86 10.0 -216 580.0 0 0 1 0 1 0 -1 0 0 3009.DAT
0 STEP
1 86 30.0 -384 530.0 -1 0 0 0 1 0 0 0 -1 3622.DAT
0 STEP
1 86 10.0 -456 560.0 0 0 1 0 1 0 -1 0 0 3010.DAT
0 STEP
1 86 30.0 -480 540.0 -1 0 0 0 1 0 0 0 -1 3002.DAT
0 STEP
1 86 30.0 -576 540.0 -1 0 0 0 1 0 0 0 -1 3002.DAT
0 STEP
1 86 30.0 -624 540.0 -1 0 0 0 1 0 0 0 -1 3002.DAT
0 STEP
1 86 10.0 -744 560.0 0 0 1 0 1 0 -1 0 0 3010.DAT
0 STEP
1 86 10.0 -792 560.0 0 0 1 0 1 0 -1 0 0 3010.DAT
0 STEP
1 86 30.0 -816 530.0 -1 0 0 0 1 0 0 0 -1 3622.DAT
0 STEP
1 86 30.0 -840 530.0 -1 0 0 0 1 0 0 0 -1 3622.DAT
0 STEP
1 86 40.0 -888 540.0 -1 0 0 0 1 0 0 0 -1 3001.DAT
0 STEP
1 86 10.0 -24 570.0 0 0 1 0 1 0 -1 0 0 3622.DAT
0 STEP
1 86 40.0 -48 560.0 -1 0 0 0 1 0 0 0 -1 3001.DAT
0 STEP
1 86 30.0 -144 560.0 -1 0 0 0 1 0 0 0 -1 3002.DAT
0 STEP
1 86 30.0 -192 560.0 -1 0 0 0 1 0 0 0 -1 3002.DAT
0 STEP
1 86 30.0 -264 560.0 -1 0 0 0 1 0 0 0 -1 3002.DAT
0 STEP
1 86 10.0 -336 580.0 0 0 1 0 1 0 -1 0 0 3010.DAT
0 STEP
1 86 10.0 -384 620.0 0 0 1 0 1 0 -1 0 0 3008.DAT
0 STEP
1 86 30.0 -432 560.0 -1 0 0 0 1 0 0 0 -1 3002.DAT
0 STEP
1 86 30.0 -528 550.0 -1 0 0 0 1 0 0 0 -1 3622.DAT
0 STEP
1 86 30.0 -672 550.0 -1 0 0 0 1 0 0 0 -1 3622.DAT
0 STEP
1 86 30.0 -720 550.0 -1 0 0 0 1 0 0 0 -1 3622.DAT
0 STEP
1 86 20.0 -816 570.0 0 0 1 0 1 0 -1 0 0 3002.DAT
0 STEP
1 86 30.0 -840 560.0 -1 0 0 0 1 0 0 0 -1 3002.DAT
0 STEP
1 86 40.0 0 580.0 -1 0 0 0 1 0 0 0 -1 3001.DAT
0 STEP
1 86 30.0 -96 570.0 -1 0 0 0 1 0 0 0 -1 3622.DAT
0 STEP
1 86 30.0 -312 570.0 -1 0 0 0 1 0 0 0 -1 3622.DAT
0 STEP
1 86 30.0 -360 580.0 -1 0 0 0 1 0 0 0 -1 3002.DAT
0 STEP
1 86 20.0 -480 600.0 0 0 1 0 1 0 -1 0 0 3001.DAT
0 STEP
1 86 20.0 -528 620.0 0 0 1 0 1 0 -1 0 0 2456.DAT
0 STEP
1 86 20.0 -552 580.0 0 0 1 0 1 0 -1 0 0 3003.DAT
0 STEP
1 86 10.0 -576 570.0 0 0 1 0 1 0 -1 0 0 3005.DAT
0 STEP
1 86 10.0 -624 600.0 0 0 1 0 1 0 -1 0 0 3010.DAT
0 STEP
1 86 10.0 -672 600.0 0 0 1 0 1 0 -1 0 0 3010.DAT
0 STEP
1 86 20.0 -720 600.0 0 0 1 0 1 0 -1 0 0 3001.DAT
0 STEP
1 86 30.0 -768 570.0 -1 0 0 0 1 0 0 0 -1 3622.DAT
0 STEP
1 86 10.0 -888 620.0 0 0 1 0 1 0 -1 0 0 3009.DAT
0 STEP
1 86 30.0 -48 600.0 -1 0 0 0 1 0 0 0 -1 3002.DAT
0 STEP
1 86 30.0 -96 600.0 -1 0 0 0 1 0 0 0 -1 3002.DAT
0 STEP
1 86 10.0 -144 590.0 0 0 1 0 1 0 -1 0 0 3005.DAT
0 STEP
1 86 30.0 -192 590.0 -1 0 0 0 1 0 0 0 -1 3622.DAT
0 STEP
1 86 30.0 -240 600.0 -1 0 0 0 1 0 0 0 -1 3002.DAT
0 STEP
1 86 10.0 -264 640.0 0 0 1 0 1 0 -1 0 0 3009.DAT
0 STEP
1 86 30.0 -288 600.0 -1 0 0 0 1 0 0 0 -1 3002.DAT
0 STEP
1 86 20.0 -312 640.0 0 0 1 0 1 0 -1 0 0 2456.DAT
0 STEP
1 86 10.0 -408 590.0 0 0 1 0 1 0 -1 0 0 3005.DAT
0 STEP
1 86 20.0 -432 620.0 0 0 1 0 1 0 -1 0 0 3001.DAT
0 STEP
1 86 30.0 -504 600.0 -1 0 0 0 1 0 0 0 -1 3002.DAT
0 STEP
1 86 10.0 -576 620.0 0 0 1 0 1 0 -1 0 0 3010.DAT
0 STEP
1 86 30.0 -600 590.0 -1 0 0 0 1 0 0 0 -1 3622.DAT
0 STEP
1 86 10.0 -648 590.0 0 0 1 0 1 0 -1 0 0 3005.DAT
0 STEP
1 86 30.0 -696 590.0 -1 0 0 0 1 0 0 0 -1 3622.DAT
0 STEP
1 86 20.0 -768 640.0 0 0 1 0 1 0 -1 0 0 2456.DAT
0 STEP
1 86 10.0 -840 640.0 0 0 1 0 1 0 -1 0 0 3009.DAT
0 STEP
1 86 30.0 -864 600.0 -1 0 0 0 1 0 0 0 -1 3002.DAT
0 STEP
1 86 10.0 -912 600.0 0 0 1 0 1 0 -1 0 0 3004.DAT
0 STEP
1 86 30.0 0 620.0 -1 0 0 0 1 0 0 0 -1 3002.DAT
0 STEP
1 86 10.0 -24 640.0 0 0 1 0 1 0 -1 0 0 3010.DAT
0 STEP
1 86 20.0 -72 610.0 -1 0 0 0 1 0 0 0 -1 3004.DAT
0 STEP
1 86 10.0 -144 640.0 0 0 1 0 1 0 -1 0 0 3010.DAT
0 STEP
1 86 30.0 -192 620.0 -1 0 0 0 1 0 0 0 -1 3002.DAT
0 STEP
1 86 20.0 -360 640.0 0 0 1 0 1 0 -1 0 0 3001.DAT
0 STEP
1 86 30.0 -408 610.0 -1 0 0 0 1 0 0 0 -1 3622.DAT
0 STEP
1 86 10.0 -456 610.0 0 0 1 0 1 0 -1 0 0 3005.DAT
0 STEP
1 86 30.0 -552 610.0 -1 0 0 0 1 0 0 0 -1 3622.DAT
0 STEP
1 86 20.0 -600 610.0 -1 0 0 0 1 0 0 0 -1 3004.DAT
0 STEP
1 86 30.0 -648 610.0 -1 0 0 0 1 0 0 0 -1 3622.DAT
0 STEP
1 86 10.0 -696 640.0 0 0 1 0 1 0 -1 0 0 3010.DAT
0 STEP
1 86 30.0 -744 620.0 -1 0 0 0 1 0 0 0 -1 3002.DAT
0 STEP
1 86 30.0 -792 620.0 -1 0 0 0 1 0 0 0 -1 3002.DAT
0 STEP
1 86 10.0 -816 610.0 0 0 1 0 1 0 -1 0 0 3005.DAT
0 STEP
1 86 10.0 -48 660.0 0 0 1 0 1 0 -1 0 0 3010.DAT
0 STEP
1 86 30.0 -72 630.0 -1 0 0 0 1 0 0 0 -1 3622.DAT
0 STEP
1 86 10.0 -96 660.0 0 0 1 0 1 0 -1 0 0 3010.DAT
0 STEP
1 86 30.0 -120 630.0 -1 0 0 0 1 0 0 0 -1 3622.DAT
0 STEP
1 86 30.0 -240 630.0 -1 0 0 0 1 0 0 0 -1 3622.DAT
0 STEP
1 86 30.0 -288 630.0 -1 0 0 0 1 0 0 0 -1 3622.DAT
0 STEP
1 86 30.0 -336 630.0 -1 0 0 0 1 0 0 0 -1 3622.DAT
0 STEP
1 86 10.0 -408 660.0 0 0 1 0 1 0 -1 0 0 3010.DAT
0 STEP
1 86 10.0 -456 660.0 0 0 1 0 1 0 -1 0 0 3010.DAT
0 STEP
1 86 20.0 -504 660.0 0 0 1 0 1 0 -1 0 0 3001.DAT
0 STEP
1 86 30.0 -552 640.0 -1 0 0 0 1 0 0 0 -1 3002.DAT
0 STEP
1 86 20.0 -600 660.0 0 0 1 0 1 0 -1 0 0 3001.DAT
0 STEP
1 86 20.0 -648 660.0 0 0 1 0 1 0 -1 0 0 3001.DAT
0 STEP
1 86 10.0 -816 660.0 0 0 1 0 1 0 -1 0 0 3010.DAT
0 STEP
1 86 30.0 -864 640.0 -1 0 0 0 1 0 0 0 -1 3002.DAT
0 STEP
1 86 20.0 -912 640.0 0 0 1 0 1 0 -1 0 0 3003.DAT
0 STEP
1 86 30.0 0 650.0 -1 0 0 0 1 0 0 0 -1 3622.DAT
0 STEP
1 86 60.0 -72 650.0 -1 0 0 0 1 0 0 0 -1 3009.DAT
0 STEP
1 86 60.0 -120 650.0 -1 0 0 0 1 0 0 0 -1 3009.DAT
0 STEP
1 86 20.0 -168 670.0 0 0 1 0 1 0 -1 0 0 3002.DAT
0 STEP
1 86 30.0 -192 660.0 -1 0 0 0 1 0 0 0 -1 3002.DAT
0 STEP
1 86 10.0 -216 670.0 0 0 1 0 1 0 -1 0 0 3622.DAT
0 STEP
1 86 40.0 -240 660.0 -1 0 0 0 1 0 0 0 -1 3001.DAT
0 STEP
1 86 40.0 -288 660.0 -1 0 0 0 1 0 0 0 -1 3001.DAT
0 STEP
1 86 40.0 -336 650.0 -1 0 0 0 1 0 0 0 -1 3010.DAT
0 STEP
1 86 80.0 -480 650.0 -1 0 0 0 1 0 0 0 -1 3008.DAT
0 STEP
1 86 40.0 -624 660.0 -1 0 0 0 1 0 0 0 -1 3001.DAT
0 STEP
1 86 80.0 -672 650.0 -1 0 0 0 1 0 0 0 -1 3008.DAT
0 STEP
1 86 80.0 -720 660.0 -1 0 0 0 1 0 0 0 -1 3007.DAT
0 STEP
1 86 10.0 -744 670.0 0 0 1 0 1 0 -1 0 0 3622.DAT
0 STEP
1 86 10.0 -792 650.0 0 0 1 0 1 0 -1 0 0 3005.DAT
0 STEP
1 86 40.0 0 680.0 -1 0 0 0 1 0 0 0 -1 3001.DAT
0 STEP
1 86 60.0 -72 680.0 -1 0 0 0 1 0 0 0 -1 2456.DAT
0 STEP
1 86 60.0 -120 680.0 -1 0 0 0 1 0 0 0 -1 2456.DAT
0 STEP
1 86 40.0 -336 680.0 -1 0 0 0 1 0 0 0 -1 3001.DAT
0 STEP
1 86 10.0 -432 670.0 0 0 1 0 1 0 -1 0 0 3005.DAT
0 STEP
1 86 60.0 -480 670.0 -1 0 0 0 1 0 0 0 -1 3009.DAT
0 STEP
1 86 30.0 -552 680.0 -1 0 0 0 1 0 0 0 -1 3002.DAT
0 STEP
1 86 10.0 -576 670.0 0 0 1 0 1 0 -1 0 0 3005.DAT
0 STEP
1 86 30.0 -672 680.0 -1 0 0 0 1 0 0 0 -1 3002.DAT
0 STEP
1 86 40.0 -792 680.0 -1 0 0 0 1 0 0 0 -1 3001.DAT
0 STEP
1 86 40.0 -864 680.0 -1 0 0 0 1 0 0 0 -1 3001.DAT
0 STEP
1 86 40.0 -912 680.0 -1 0 0 0 1 0 0 0 -1 3001.DAT
0 STEP
1 86 10.0 -24 690.0 0 0 1 0 1 0 -1 0 0 3005.DAT
0 STEP
1 86 30.0 -144 690.0 -1 0 0 0 1 0 0 0 -1 3622.DAT
0 STEP
1 86 30.0 -192 690.0 -1 0 0 0 1 0 0 0 -1 3622.DAT
0 STEP
1 86 40.0 -240 690.0 -1 0 0 0 1 0 0 0 -1 3010.DAT
0 STEP
1 86 40.0 -288 690.0 -1 0 0 0 1 0 0 0 -1 3010.DAT
0 STEP
1 86 10.0 -360 690.0 0 0 1 0 1 0 -1 0 0 3005.DAT
0 STEP
1 86 40.0 -432 690.0 -1 0 0 0 1 0 0 0 -1 3010.DAT
0 STEP
1 86 30.0 -480 690.0 -1 0 0 0 1 0 0 0 -1 3622.DAT
0 STEP
1 86 10.0 -528 690.0 0 0 1 0 1 0 -1 0 0 3005.DAT
0 STEP
1 86 40.0 -576 690.0 -1 0 0 0 1 0 0 0 -1 3010.DAT
0 STEP
1 86 40.0 -624 690.0 -1 0 0 0 1 0 0 0 -1 3010.DAT
0 STEP
1 86 40.0 -696 690.0 -1 0 0 0 1 0 0 0 -1 3010.DAT
0 STEP
1 86 30.0 -720 690.0 -1 0 0 0 1 0 0 0 -1 3622.DAT
0 STEP
1 86 30.0 -888 690.0 -1 0 0 0 1 0 0 0 -1 3622.DAT
0 STEP
1 86 40.0 -24 40.0 0 0 1 0 1 0 -1 0 0 3001.DAT
0 STEP
1 86 40.0 -120 10.0 -1 0 0 0 1 0 0 0 -1 3004.DAT
0 STEP
1 86 60.0 -144 10.0 -1 0 0 0 1 0 0 0 -1 3010.DAT
0 STEP
1 86 60.0 -192 10.0 -1 0 0 0 1 0 0 0 -1 3010.DAT
0 STEP
1 86 40.0 -216 40.0 0 0 1 0 1 0 -1 0 0 3001.DAT
0 STEP
1 86 40.0 -264 60.0 0 0 1 0 1 0 -1 0 0 2456.DAT
0 STEP
1 86 30.0 -336 10.0 0 0 1 0 1 0 -1 0 0 3005.DAT
0 STEP
1 86 100.0 -360 10.0 -1 0 0 0 1 0 0 0 -1 3008.DAT
0 STEP
1 86 30.0 -456 40.0 0 0 1 0 1 0 -1 0 0 3010.DAT
0 STEP
1 86 30.0 -528 30.0 0 0 1 0 1 0 -1 0 0 3622.DAT
0 STEP
1 86 40.0 -624 10.0 -1 0 0 0 1 0 0 0 -1 3004.DAT
0 STEP
1 86 40.0 -672 40.0 0 0 1 0 1 0 -1 0 0 3001.DAT
0 STEP
1 86 60.0 -792 20.0 -1 0 0 0 1 0 0 0 -1 3001.DAT
0 STEP
1 86 40.0 -816 40.0 0 0 1 0 1 0 -1 0 0 3001.DAT
0 STEP
1 86 60.0 -840 10.0 -1 0 0 0 1 0 0 0 -1 3010.DAT
0 STEP
1 86 60.0 -888 20.0 -1 0 0 0 1 0 0 0 -1 3001.DAT
0 STEP
1 86 60.0 -960 10.0 -1 0 0 0 1 0 0 0 -1 3010.DAT
0 STEP
1 86 40.0 -984 40.0 0 0 1 0 1 0 -1 0 0 3001.DAT
0 STEP
1 86 40.0 -1080 30.0 0 0 1 0 1 0 -1 0 0 3002.DAT
0 STEP
1 86 30.0 -1200 40.0 0 0 1 0 1 0 -1 0 0 3010.DAT
0 STEP
1 86 100.0 -1272 20.0 -1 0 0 0 1 0 0 0 -1 3007.DAT
0 STEP
1 86 30.0 -1416 40.0 0 0 1 0 1 0 -1 0 0 3010.DAT
0 STEP
1 86 40.0 -1464 100.0 0 0 1 0 1 0 -1 0 0 3006.DAT
0 STEP
1 86 30.0 -1560 40.0 0 0 1 0 1 0 -1 0 0 3010.DAT
0 STEP
1 86 30.0 -1680 80.0 0 0 1 0 1 0 -1 0 0 3008.DAT
0 STEP
1 86 60.0 -1728 10.0 -1 0 0 0 1 0 0 0 -1 3010.DAT
0 STEP
1 86 40.0 -72 60.0 0 0 1 0 1 0 -1 0 0 3001.DAT
0 STEP
1 86 40.0 -120 60.0 0 0 1 0 1 0 -1 0 0 3001.DAT
0 STEP
1 86 60.0 -192 40.0 -1 0 0 0 1 0 0 0 -1 3001.DAT
0 STEP
1 86 30.0 -336 80.0 0 0 1 0 1 0 -1 0 0 3009.DAT
0 STEP
1 86 40.0 -432 100.0 0 0 1 0 1 0 -1 0 0 3007.DAT
0 STEP
1 86 40.0 -576 60.0 0 0 1 0 1 0 -1 0 0 3001.DAT
0 STEP
1 86 40.0 -624 60.0 0 0 1 0 1 0 -1 0 0 3001.DAT
0 STEP
1 86 40.0 -1032 60.0 0 0 1 0 1 0 -1 0 0 3001.DAT
0 STEP
1 86 30.0 -1152 80.0 0 0 1 0 1 0 -1 0 0 3009.DAT
0 STEP
1 86 80.0 -360 50.0 -1 0 0 0 1 0 0 0 -1 3009.DAT
0 STEP
1 86 60.0 -600 50.0 -1 0 0 0 1 0 0 0 -1 3010.DAT
0 STEP
1 86 40.0 -744 80.0 0 0 1 0 1 0 -1 0 0 3001.DAT
0 STEP
1 86 60.0 -840 50.0 -1 0 0 0 1 0 0 0 -1 3010.DAT
0 STEP
1 86 80.0 -888 50.0 -1 0 0 0 1 0 0 0 -1 3009.DAT
0 STEP
1 86 30.0 -912 120.0 0 0 1 0 1 0 -1 0 0 3008.DAT
0 STEP
1 86 60.0 -960 50.0 -1 0 0 0 1 0 0 0 -1 3010.DAT
0 STEP
1 86 30.0 -1104 100.0 0 0 1 0 1 0 -1 0 0 3009.DAT
0 STEP
1 86 100.0 -1224 50.0 -1 0 0 0 1 0 0 0 -1 3008.DAT
0 STEP
1 86 40.0 -1272 70.0 0 0 1 0 1 0 -1 0 0 3002.DAT
0 STEP
1 86 30.0 -1584 120.0 0 0 1 0 1 0 -1 0 0 3008.DAT
0 STEP
1 86 40.0 -144 70.0 -1 0 0 0 1 0 0 0 -1 3004.DAT
0 STEP
1 86 40.0 -528 70.0 -1 0 0 0 1 0 0 0 -1 3004.DAT
0 STEP
1 86 40.0 -600 70.0 -1 0 0 0 1 0 0 0 -1 3004.DAT
0 STEP
1 86 40.0 -840 100.0 0 0 1 0 1 0 -1 0 0 3001.DAT
0 STEP
1 86 30.0 -960 100.0 0 0 1 0 1 0 -1 0 0 3010.DAT
0 STEP
1 86 40.0 -1080 80.0 0 0 1 0 1 0 -1 0 0 3003.DAT
0 STEP
1 86 40.0 -1296 70.0 -1 0 0 0 1 0 0 0 -1 3004.DAT
0 STEP
1 86 30.0 -1632 100.0 0 0 1 0 1 0 -1 0 0 3010.DAT
0 STEP
1 86 30.0 0 100.0 0 0 1 0 1 0 -1 0 0 3004.DAT
0 STEP
1 86 80.0 -24 90.0 -1 0 0 0 1 0 0 0 -1 3009.DAT
0 STEP
1 86 40.0 -144 120.0 0 0 1 0 1 0 -1 0 0 3001.DAT
0 STEP
1 86 30.0 -216 100.0 0 0 1 0 1 0 -1 0 0 3004.DAT
0 STEP
1 86 30.0 -456 140.0 0 0 1 0 1 0 -1 0 0 3009.DAT
0 STEP
1 86 30.0 -600 160.0 0 0 1 0 1 0 -1 0 0 3008.DAT
0 STEP
1 86 40.0 -672 110.0 0 0 1 0 1 0 -1 0 0 3002.DAT
0 STEP
1 86 30.0 -864 90.0 0 0 1 0 1 0 -1 0 0 3005.DAT
0 STEP
1 86 30.0 -1200 160.0 0 0 1 0 1 0 -1 0 0 3008.DAT
0 STEP
1 86 40.0 -1296 160.0 0 0 1 0 1 0 -1 0 0 3007.DAT
0 STEP
1 86 30.0 -1416 140.0 0 0 1 0 1 0 -1 0 0 3009.DAT
0 STEP
1 86 30.0 -1560 90.0 0 0 1 0 1 0 -1 0 0 3005.DAT
0 STEP
1 86 40.0 -24 110.0 -1 0 0 0 1 0 0 0 -1 3004.DAT
0 STEP
1 86 30.0 -168 180.0 0 0 1 0 1 0 -1 0 0 3008.DAT
0 STEP
1 86 40.0 -240 140.0 0 0 1 0 1 0 -1 0 0 3001.DAT
0 STEP
1 86 30.0 -648 160.0 0 0 1 0 1 0 -1 0 0 3009.DAT
0 STEP
1 86 40.0 -816 160.0 0 0 1 0 1 0 -1 0 0 2456.DAT
0 STEP
1 86 30.0 -864 140.0 0 0 1 0 1 0 -1 0 0 3010.DAT
0 STEP
1 86 40.0 -1560 120.0 0 0 1 0 1 0 -1 0 0 3003.DAT
0 STEP
1 86 60.0 0 130.0 -1 0 0 0 1 0 0 0 -1 3010.DAT
0 STEP
1 86 40.0 -360 200.0 0 0 1 0 1 0 -1 0 0 3007.DAT
0 STEP
1 86 40.0 -408 180.0 0 0 1 0 1 0 -1 0 0 2456.DAT
0 STEP
1 86 30.0 -696 180.0 0 0 1 0 1 0 -1 0 0 3009.DAT
0 STEP
1 86 30.0 -1704 130.0 0 0 1 0 1 0 -1 0 0 3005.DAT
0 STEP
1 86 50.0 -1752 140.0 -1 0 0 0 1 0 0 0 -1 3002.DAT
0 STEP
1 86 40.0 0 150.0 -1 0 0 0 1 0 0 0 -1 3004.DAT
0 STEP
1 86 40.0 -24 150.0 -1 0 0 0 1 0 0 0 -1 3004.DAT
0 STEP
1 86 30.0 -96 160.0 0 0 1 0 1 0 -1 0 0 3004.DAT
0 STEP
1 86 30.0 -312 180.0 0 0 1 0 1 0 -1 0 0 3010.DAT
0 STEP
1 86 30.0 -960 150.0 0 0 1 0 1 0 -1 0 0 3005.DAT
0 STEP
1 86 40.0 -1152 200.0 0 0 1 0 1 0 -1 0 0 2456.DAT
0 STEP
1 86 40.0 -1392 180.0 0 0 1 0 1 0 -1 0 0 3001.DAT
0 STEP
1 86 30.0 -1512 220.0 0 0 1 0 1 0 -1 0 0 3008.DAT
0 STEP
1 86 30.0 -1632 170.0 0 0 1 0 1 0 -1 0 0 3622.DAT
0 STEP
1 86 30.0 -1704 180.0 0 0 1 0 1 0 -1 0 0 3010.DAT
0 STEP
1 86 60.0 -24 180.0 -1 0 0 0 1 0 0 0 -1 3001.DAT
0 STEP
1 86 40.0 -120 200.0 0 0 1 0 1 0 -1 0 0 3001.DAT
0 STEP
1 86 40.0 -480 170.0 -1 0 0 0 1 0 0 0 -1 3004.DAT
0 STEP
1 86 30.0 -960 220.0 0 0 1 0 1 0 -1 0 0 3009.DAT
0 STEP
1 86 40.0 -1080 180.0 0 0 1 0 1 0 -1 0 0 3003.DAT
0 STEP
1 86 40.0 -1608 170.0 -1 0 0 0 1 0 0 0 -1 3004.DAT
0 STEP
1 86 30.0 -1680 190.0 0 0 1 0 1 0 -1 0 0 3622.DAT
0 STEP
1 86 30.0 -1752 240.0 0 0 1 0 1 0 -1 0 0 3008.DAT
0 STEP
1 86 40.0 -96 190.0 -1 0 0 0 1 0 0 0 -1 3004.DAT
0 STEP
1 86 30.0 -288 190.0 0 0 1 0 1 0 -1 0 0 3005.DAT
0 STEP
1 86 40.0 -480 220.0 0 0 1 0 1 0 -1 0 0 3001.DAT
0 STEP
1 86 40.0 -552 240.0 0 0 1 0 1 0 -1 0 0 2456.DAT
0 STEP
1 86 30.0 -840 260.0 0 0 1 0 1 0 -1 0 0 3008.DAT
0 STEP
1 86 30.0 -888 220.0 0 0 1 0 1 0 -1 0 0 3010.DAT
0 STEP
1 86 40.0 -1440 200.0 0 0 1 0 1 0 -1 0 0 3003.DAT
0 STEP
1 86 30.0 -1608 190.0 0 0 1 0 1 0 -1 0 0 3005.DAT
0 STEP
1 86 40.0 -1656 240.0 0 0 1 0 1 0 -1 0 0 2456.DAT
0 STEP
1 86 50.0 -24 210.0 -1 0 0 0 1 0 0 0 -1 3622.DAT
0 STEP
1 86 40.0 -96 260.0 0 0 1 0 1 0 -1 0 0 2456.DAT
0 STEP
1 86 30.0 -216 240.0 0 0 1 0 1 0 -1 0 0 3010.DAT
0 STEP
1 86 40.0 -288 230.0 0 0 1 0 1 0 -1 0 0 3002.DAT
0 STEP
1 86 40.0 -720 260.0 0 0 1 0 1 0 -1 0 0 2456.DAT
0 STEP
1 86 30.0 -792 230.0 0 0 1 0 1 0 -1 0 0 3622.DAT
0 STEP
1 86 30.0 -912 210.0 0 0 1 0 1 0 -1 0 0 3005.DAT
0 STEP
1 86 30.0 -1080 260.0 0 0 1 0 1 0 -1 0 0 3009.DAT
0 STEP
1 86 30.0 -1368 280.0 0 0 1 0 1 0 -1 0 0 3008.DAT
0 STEP
1 86 40.0 -1464 260.0 0 0 1 0 1 0 -1 0 0 2456.DAT
0 STEP
1 86 30.0 -1608 240.0 0 0 1 0 1 0 -1 0 0 3010.DAT
0 STEP
1 86 30.0 0 230.0 0 0 1 0 1 0 -1 0 0 3005.DAT
0 STEP
1 86 30.0 -312 230.0 0 0 1 0 1 0 -1 0 0 3005.DAT
0 STEP
1 86 30.0 -384 250.0 0 0 1 0 1 0 -1 0 0 3622.DAT
0 STEP
1 86 30.0 -648 230.0 0 0 1 0 1 0 -1 0 0 3005.DAT
0 STEP
1 86 40.0 -1056 260.0 0 0 1 0 1 0 -1 0 0 3001.DAT
0 STEP
1 86 30.0 -1440 260.0 0 0 1 0 1 0 -1 0 0 3010.DAT
0 STEP
1 86 30.0 -1704 230.0 0 0 1 0 1 0 -1 0 0 3005.DAT
0 STEP
1 86 50.0 0 260.0 -1 0 0 0 1 0 0 0 -1 3002.DAT
0 STEP
1 86 30.0 -144 280.0 0 0 1 0 1 0 -1 0 0 3010.DAT
0 STEP
1 86 30.0 -240 320.0 0 0 1 0 1 0 -1 0 0 3008.DAT
0 STEP
1 86 30.0 -432 250.0 0 0 1 0 1 0 -1 0 0 3005.DAT
0 STEP
1 86 30.0 -600 280.0 0 0 1 0 1 0 -1 0 0 3010.DAT
0 STEP
1 86 40.0 -648 280.0 0 0 1 0 1 0 -1 0 0 3001.DAT
0 STEP
1 86 30.0 -696 280.0 0 0 1 0 1 0 -1 0 0 3010.DAT
0 STEP
1 86 40.0 -1128 280.0 0 0 1 0 1 0 -1 0 0 3001.DAT
0 STEP
1 86 40.0 -1176 280.0 0 0 1 0 1 0 -1 0 0 3001.DAT
0 STEP
1 86 30.0 -1200 250.0 0 0 1 0 1 0 -1 0 0 3005.DAT
0 STEP
1 86 40.0 -1296 270.0 0 0 1 0 1 0 -1 0 0 3002.DAT
0 STEP
1 86 30.0 -1704 300.0 0 0 1 0 1 0 -1 0 0 3009.DAT
0 STEP
1 86 30.0 -168 270.0 0 0 1 0 1 0 -1 0 0 3005.DAT
0 STEP
1 86 30.0 -312 270.0 0 0 1 0 1 0 -1 0 0 3005.DAT
0 STEP
1 86 30.0 -336 290.0 0 0 1 0 1 0 -1 0 0 3622.DAT
0 STEP
1 86 30.0 -432 300.0 0 0 1 0 1 0 -1 0 0 3010.DAT
0 STEP
1 86 30.0 -792 300.0 0 0 1 0 1 0 -1 0 0 3010.DAT
0 STEP
1 86 30.0 -888 270.0 0 0 1 0 1 0 -1 0 0 3005.DAT
0 STEP
1 86 40.0 -1392 280.0 0 0 1 0 1 0 -1 0 0 3003.DAT
0 STEP
1 86 50.0 0 290.0 -1 0 0 0 1 0 0 0 -1 3622.DAT
0 STEP
1 86 30.0 -24 290.0 0 0 1 0 1 0 -1 0 0 3005.DAT
0 STEP
1 86 40.0 -216 290.0 -1 0 0 0 1 0 0 0 -1 3004.DAT
0 STEP
1 86 40.0 -312 290.0 -1 0 0 0 1 0 0 0 -1 3004.DAT
0 STEP
1 86 30.0 -384 360.0 0 0 1 0 1 0 -1 0 0 3008.DAT
0 STEP
1 86 40.0 -576 340.0 0 0 1 0 1 0 -1 0 0 2456.DAT
0 STEP
1 86 40.0 -744 320.0 0 0 1 0 1 0 -1 0 0 3001.DAT
0 STEP
1 86 40.0 -888 300.0 0 0 1 0 1 0 -1 0 0 3003.DAT
0 STEP
1 86 30.0 -960 320.0 0 0 1 0 1 0 -1 0 0 3010.DAT
0 STEP
1 86 40.0 -1536 340.0 0 0 1 0 1 0 -1 0 0 2456.DAT
0 STEP
1 86 40.0 -1608 310.0 0 0 1 0 1 0 -1 0 0 3002.DAT
0 STEP
1 86 30.0 -24 360.0 0 0 1 0 1 0 -1 0 0 3009.DAT
0 STEP
1 86 40.0 -168 340.0 0 0 1 0 1 0 -1 0 0 3001.DAT
0 STEP
1 86 40.0 -288 360.0 0 0 1 0 1 0 -1 0 0 2456.DAT
0 STEP
1 86 40.0 -672 380.0 0 0 1 0 1 0 -1 0 0 3007.DAT
0 STEP
1 86 30.0 -1200 330.0 0 0 1 0 1 0 -1 0 0 3622.DAT
0 STEP
1 86 30.0 -1272 310.0 0 0 1 0 1 0 -1 0 0 3005.DAT
0 STEP
1 86 40.0 -1296 340.0 0 0 1 0 1 0 -1 0 0 3001.DAT
0 STEP
1 86 40.0 -1392 330.0 0 0 1 0 1 0 -1 0 0 3002.DAT
0 STEP
1 86 40.0 -1512 320.0 0 0 1 0 1 0 -1 0 0 3003.DAT
0 STEP
1 86 30.0 -144 330.0 0 0 1 0 1 0 -1 0 0 3005.DAT
0 STEP
1 86 30.0 -336 360.0 0 0 1 0 1 0 -1 0 0 3010.DAT
0 STEP
1 86 40.0 -456 350.0 0 0 1 0 1 0 -1 0 0 3002.DAT
0 STEP
1 86 40.0 -648 330.0 -1 0 0 0 1 0 0 0 -1 3004.DAT
0 STEP
1 86 40.0 -720 330.0 -1 0 0 0 1 0 0 0 -1 3004.DAT
0 STEP
1 86 40.0 -816 420.0 0 0 1 0 1 0 -1 0 0 3006.DAT
0 STEP
1 86 30.0 -912 380.0 0 0 1 0 1 0 -1 0 0 3009.DAT
0 STEP
1 86 30.0 -1008 330.0 0 0 1 0 1 0 -1 0 0 3005.DAT
0 STEP
1 86 30.0 -1080 330.0 0 0 1 0 1 0 -1 0 0 3005.DAT
0 STEP
1 86 30.0 -1272 360.0 0 0 1 0 1 0 -1 0 0 3010.DAT
0 STEP
1 86 30.0 -1488 380.0 0 0 1 0 1 0 -1 0 0 3009.DAT
0 STEP
1 86 30.0 -1680 360.0 0 0 1 0 1 0 -1 0 0 3010.DAT
0 STEP
1 86 50.0 -1728 330.0 -1 0 0 0 1 0 0 0 -1 3622.DAT
0 STEP
1 86 40.0 -432 350.0 -1 0 0 0 1 0 0 0 -1 3004.DAT
0 STEP
1 86 30.0 -648 350.0 0 0 1 0 1 0 -1 0 0 3005.DAT
0 STEP
1 86 40.0 -720 420.0 0 0 1 0 1 0 -1 0 0 3007.DAT
0 STEP
1 86 30.0 -768 360.0 0 0 1 0 1 0 -1 0 0 3004.DAT
0 STEP
1 86 30.0 -840 360.0 0 0 1 0 1 0 -1 0 0 3004.DAT
0 STEP
1 86 30.0 -1008 380.0 0 0 1 0 1 0 -1 0 0 3010.DAT
0 STEP
1 86 40.0 -1128 380.0 0 0 1 0 1 0 -1 0 0 3001.DAT
0 STEP
1 86 40.0 -1416 400.0 0 0 1 0 1 0 -1 0 0 2456.DAT
0 STEP
1 86 40.0 -1728 400.0 0 0 1 0 1 0 -1 0 0 2456.DAT
0 STEP
1 86 60.0 0 370.0 -1 0 0 0 1 0 0 0 -1 3010.DAT
0 STEP
1 86 40.0 -264 370.0 -1 0 0 0 1 0 0 0 -1 3004.DAT
0 STEP
1 86 40.0 -432 400.0 0 0 1 0 1 0 -1 0 0 3001.DAT
0 STEP
1 86 30.0 -648 440.0 0 0 1 0 1 0 -1 0 0 3008.DAT
0 STEP
1 86 30.0 -960 370.0 0 0 1 0 1 0 -1 0 0 3005.DAT
0 STEP
1 86 30.0 -1200 400.0 0 0 1 0 1 0 -1 0 0 3010.DAT
0 STEP
1 86 40.0 -1368 390.0 0 0 1 0 1 0 -1 0 0 3002.DAT
0 STEP
1 86 60.0 -48 390.0 -1 0 0 0 1 0 0 0 -1 3010.DAT
0 STEP
1 86 30.0 -168 390.0 0 0 1 0 1 0 -1 0 0 3005.DAT
0 STEP
1 86 40.0 -264 440.0 0 0 1 0 1 0 -1 0 0 2456.DAT
0 STEP
1 86 30.0 -768 460.0 0 0 1 0 1 0 -1 0 0 3008.DAT
0 STEP
1 86 40.0 -840 400.0 0 0 1 0 1 0 -1 0 0 3003.DAT
0 STEP
1 86 40.0 -1248 420.0 0 0 1 0 1 0 -1 0 0 3001.DAT
0 STEP
1 86 40.0 -1296 390.0 -1 0 0 0 1 0 0 0 -1 3004.DAT
0 STEP
1 86 40.0 -96 460.0 0 0 1 0 1 0 -1 0 0 2456.DAT
0 STEP
1 86 30.0 -168 440.0 0 0 1 0 1 0 -1 0 0 3010.DAT
0 STEP
1 86 30.0 -216 430.0 0 0 1 0 1 0 -1 0 0 3622.DAT
0 STEP
1 86 40.0 -336 410.0 -1 0 0 0 1 0 0 0 -1 3004.DAT
0 STEP
1 86 40.0 -360 480.0 0 0 1 0 1 0 -1 0 0 3007.DAT
0 STEP
1 86 60.0 -936 410.0 -1 0 0 0 1 0 0 0 -1 3010.DAT
0 STEP
1 86 100.0 -1080 410.0 -1 0 0 0 1 0 0 0 -1 3008.DAT
0 STEP
1 86 40.0 -1176 430.0 0 0 1 0 1 0 -1 0 0 3002.DAT
0 STEP
1 86 100.0 -1296 410.0 -1 0 0 0 1 0 0 0 -1 3008.DAT
0 STEP
1 86 30.0 -1536 430.0 0 0 1 0 1 0 -1 0 0 3622.DAT
0 STEP
1 86 60.0 -1608 420.0 -1 0 0 0 1 0 0 0 -1 3001.DAT
0 STEP
1 86 30.0 -1680 430.0 0 0 1 0 1 0 -1 0 0 3622.DAT
0 STEP
1 86 30.0 -24 430.0 0 0 1 0 1 0 -1 0 0 3005.DAT
0 STEP
1 86 40.0 -408 460.0 0 0 1 0 1 0 -1 0 0 3001.DAT
0 STEP
1 86 30.0 -1008 430.0 0 0 1 0 1 0 -1 0 0 3005.DAT
0 STEP
1 86 100.0 -1296 440.0 -1 0 0 0 1 0 0 0 -1 3007.DAT
0 STEP
1 86 30.0 -864 500.0 0 0 1 0 1 0 -1 0 0 3009.DAT
0 STEP
1 86 30.0 -912 450.0 0 0 1 0 1 0 -1 0 0 3005.DAT
0 STEP
1 86 60.0 -1128 450.0 -1 0 0 0 1 0 0 0 -1 3010.DAT
0 STEP
1 86 60.0 -1608 450.0 -1 0 0 0 1 0 0 0 -1 3010.DAT
0 STEP
1 86 60.0 0 470.0 -1 0 0 0 1 0 0 0 -1 3010.DAT
0 STEP
1 86 30.0 -216 540.0 0 0 1 0 1 0 -1 0 0 3008.DAT
0 STEP
1 86 30.0 -912 540.0 0 0 1 0 1 0 -1 0 0 3008.DAT
0 STEP
1 86 60.0 0 500.0 -1 0 0 0 1 0 0 0 -1 3001.DAT
0 STEP
1 86 40.0 -192 510.0 0 0 1 0 1 0 -1 0 0 3002.DAT
0 STEP
1 86 40.0 -312 520.0 0 0 1 0 1 0 -1 0 0 3001.DAT
0 STEP
1 86 30.0 -120 510.0 0 0 1 0 1 0 -1 0 0 3005.DAT
0 STEP
1 86 40.0 -240 540.0 0 0 1 0 1 0 -1 0 0 3001.DAT
0 STEP
1 86 40.0 -408 530.0 0 0 1 0 1 0 -1 0 0 3002.DAT
0 STEP
1 86 40.0 -696 540.0 0 0 1 0 1 0 -1 0 0 3001.DAT
0 STEP
1 86 100.0 0 530.0 -1 0 0 0 1 0 0 0 -1 3008.DAT
0 STEP
1 86 30.0 -120 560.0 0 0 1 0 1 0 -1 0 0 3010.DAT
0 STEP
1 86 40.0 -168 580.0 0 0 1 0 1 0 -1 0 0 2456.DAT
0 STEP
1 86 30.0 -456 550.0 0 0 1 0 1 0 -1 0 0 3622.DAT
0 STEP
1 86 30.0 -648 560.0 0 0 1 0 1 0 -1 0 0 3010.DAT
0 STEP
1 86 40.0 -744 560.0 0 0 1 0 1 0 -1 0 0 3001.DAT
0 STEP
1 86 40.0 -792 560.0 0 0 1 0 1 0 -1 0 0 3001.DAT
0 STEP
1 86 60.0 0 550.0 -1 0 0 0 1 0 0 0 -1 3010.DAT
0 STEP
1 86 40.0 -24 620.0 0 0 1 0 1 0 -1 0 0 3007.DAT
0 STEP
1 86 40.0 -336 580.0 0 0 1 0 1 0 -1 0 0 3001.DAT
0 STEP
1 86 30.0 -384 550.0 0 0 1 0 1 0 -1 0 0 3005.DAT
0 STEP
1 86 30.0 -768 550.0 0 0 1 0 1 0 -1 0 0 3005.DAT
0 STEP
1 86 30.0 -384 600.0 0 0 1 0 1 0 -1 0 0 3010.DAT
0 STEP
1 86 40.0 -408 580.0 0 0 1 0 1 0 -1 0 0 3003.DAT
0 STEP
1 86 40.0 -576 600.0 0 0 1 0 1 0 -1 0 0 3001.DAT
0 STEP
1 86 40.0 -624 600.0 0 0 1 0 1 0 -1 0 0 3001.DAT
0 STEP
1 86 40.0 -672 600.0 0 0 1 0 1 0 -1 0 0 3001.DAT
0 STEP
1 86 30.0 -864 570.0 0 0 1 0 1 0 -1 0 0 3005.DAT
0 STEP
1 86 50.0 -888 570.0 -1 0 0 0 1 0 0 0 -1 3622.DAT
0 STEP
1 86 30.0 -144 620.0 0 0 1 0 1 0 -1 0 0 3010.DAT
0 STEP
1 86 30.0 -264 590.0 0 0 1 0 1 0 -1 0 0 3005.DAT
0 STEP
1 86 40.0 -456 640.0 0 0 1 0 1 0 -1 0 0 2456.DAT
0 STEP
1 86 40.0 -840 640.0 0 0 1 0 1 0 -1 0 0 2456.DAT
0 STEP
1 86 60.0 -888 590.0 -1 0 0 0 1 0 0 0 -1 3010.DAT
0 STEP
1 86 30.0 -120 610.0 0 0 1 0 1 0 -1 0 0 3005.DAT
0 STEP
1 86 30.0 -264 640.0 0 0 1 0 1 0 -1 0 0 3010.DAT
0 STEP
1 86 40.0 -696 640.0 0 0 1 0 1 0 -1 0 0 3001.DAT
0 STEP
1 86 30.0 -816 640.0 0 0 1 0 1 0 -1 0 0 3010.DAT
0 STEP
1 86 30.0 -888 640.0 0 0 1 0 1 0 -1 0 0 3010.DAT
0 STEP
1 86 40.0 -48 640.0 0 0 1 0 1 0 -1 0 0 3003.DAT
0 STEP
1 86 40.0 -96 660.0 0 0 1 0 1 0 -1 0 0 3001.DAT
0 STEP
1 86 40.0 -216 660.0 0 0 1 0 1 0 -1 0 0 3001.DAT
0 STEP
1 86 40.0 -408 660.0 0 0 1 0 1 0 -1 0 0 3001.DAT
0 STEP
1 86 60.0 -384 660.0 -1 0 0 0 1 0 0 0 -1 3001.DAT
0 STEP
1 86 100.0 -576 660.0 -1 0 0 0 1 0 0 0 -1 3007.DAT
0 STEP
1 86 60.0 -744 660.0 -1 0 0 0 1 0 0 0 -1 3001.DAT
0 STEP
1 86 80.0 -792 650.0 -1 0 0 0 1 0 0 0 -1 3009.DAT
0 STEP
1 86 60.0 -48 680.0 -1 0 0 0 1 0 0 0 -1 3001.DAT
0 STEP
1 86 30.0 -144 670.0 0 0 1 0 1 0 -1 0 0 3005.DAT
0 STEP
1 86 60.0 -432 670.0 -1 0 0 0 1 0 0 0 -1 3010.DAT
0 STEP
1 86 30.0 -264 690.0 0 0 1 0 1 0 -1 0 0 3005.DAT
0 STEP
1 86 80.0 -360 690.0 -1 0 0 0 1 0 0 0 -1 3009.DAT
0 STEP
1 86 60.0 -384 690.0 -1 0 0 0 1 0 0 0 -1 3010.DAT
0 STEP
1 86 80.0 -528 690.0 -1 0 0 0 1 0 0 0 -1 3009.DAT
0 STEP
1 86 60.0 -744 690.0 -1 0 0 0 1 0 0 0 -1 3010.DAT
0 STEP
1 86 30.0 -816 690.0 0 0 1 0 1 0 -1 0 0 3005.DAT
0 STEP
1 86 50.0 -168 40.0 0 0 1 0 1 0 -1 0 0 3010.DAT
0 STEP
1 86 50.0 -312 10.0 0 0 1 0 1 0 -1 0 0 3005.DAT
0 STEP
1 86 50.0 -336 60.0 0 0 1 0 1 0 -1 0 0 3009.DAT
0 STEP
1 86 80.0 -408 10.0 -1 0 0 0 1 0 0 0 -1 3010.DAT
0 STEP
1 86 80.0 -456 10.0 -1 0 0 0 1 0 0 0 -1 3010.DAT
0 STEP
1 86 60.0 -528 30.0 0 0 1 0 1 0 -1 0 0 3002.DAT
0 STEP
1 86 80.0 -648 20.0 -1 0 0 0 1 0 0 0 -1 3001.DAT
0 STEP
1 86 60.0 -720 30.0 0 0 1 0 1 0 -1 0 0 3002.DAT
0 STEP
1 86 60.0 -768 30.0 0 0 1 0 1 0 -1 0 0 3002.DAT
0 STEP
1 86 50.0 -864 80.0 0 0 1 0 1 0 -1 0 0 3008.DAT
0 STEP
1 86 50.0 -936 40.0 0 0 1 0 1 0 -1 0 0 3010.DAT
0 STEP
1 86 100.0 -1056 20.0 -1 0 0 0 1 0 0 0 -1 2456.DAT
0 STEP
1 86 50.0 -1128 40.0 0 0 1 0 1 0 -1 0 0 3010.DAT
0 STEP
1 86 80.0 -1152 20.0 -1 0 0 0 1 0 0 0 -1 3001.DAT
0 STEP
1 86 60.0 -1200 30.0 0 0 1 0 1 0 -1 0 0 3002.DAT
0 STEP
1 86 50.0 -1248 40.0 0 0 1 0 1 0 -1 0 0 3010.DAT
0 STEP
1 86 120.0 -1320 20.0 -1 0 0 0 1 0 0 0 -1 3007.DAT
0 STEP
1 86 50.0 -1368 20.0 0 0 1 0 1 0 -1 0 0 3004.DAT
0 STEP
1 86 80.0 -1416 10.0 -1 0 0 0 1 0 0 0 -1 3010.DAT
0 STEP
1 86 50.0 -1512 10.0 0 0 1 0 1 0 -1 0 0 3005.DAT
0 STEP
1 86 120.0 -1536 10.0 -1 0 0 0 1 0 0 0 -1 3008.DAT
0 STEP
1 86 50.0 -1560 10.0 0 0 1 0 1 0 -1 0 0 3005.DAT
0 STEP
1 86 50.0 -1608 40.0 0 0 1 0 1 0 -1 0 0 3010.DAT
0 STEP
1 86 50.0 -1680 60.0 0 0 1 0 1 0 -1 0 0 3009.DAT
0 STEP
1 86 60.0 -1752 40.0 0 0 1 0 1 0 -1 0 0 3001.DAT
0 STEP
1 86 50.0 -312 60.0 0 0 1 0 1 0 -1 0 0 3010.DAT
0 STEP
1 86 80.0 -408 40.0 -1 0 0 0 1 0 0 0 -1 3001.DAT
0 STEP
1 86 80.0 -456 40.0 -1 0 0 0 1 0 0 0 -1 3001.DAT
0 STEP
1 86 50.0 -504 30.0 0 0 1 0 1 0 -1 0 0 3005.DAT
0 STEP
1 86 50.0 -912 80.0 0 0 1 0 1 0 -1 0 0 3009.DAT
0 STEP
1 86 50.0 -1392 60.0 0 0 1 0 1 0 -1 0 0 3010.DAT
0 STEP
1 86 50.0 -1416 50.0 0 0 1 0 1 0 -1 0 0 3622.DAT
0 STEP
1 86 50.0 -1512 100.0 0 0 1 0 1 0 -1 0 0 3008.DAT
0 STEP
1 86 50.0 -1560 60.0 0 0 1 0 1 0 -1 0 0 3010.DAT
0 STEP
1 86 50.0 -1656 30.0 0 0 1 0 1 0 -1 0 0 3005.DAT
0 STEP
1 86 80.0 -1728 40.0 -1 0 0 0 1 0 0 0 -1 3001.DAT
0 STEP
1 86 80.0 -504 50.0 -1 0 0 0 1 0 0 0 -1 3010.DAT
0 STEP
1 86 80.0 -648 50.0 -1 0 0 0 1 0 0 0 -1 3010.DAT
0 STEP
1 86 50.0 -792 80.0 0 0 1 0 1 0 -1 0 0 3010.DAT
0 STEP
1 86 50.0 -1056 50.0 0 0 1 0 1 0 -1 0 0 3005.DAT
0 STEP
1 86 100.0 -1104 50.0 -1 0 0 0 1 0 0 0 -1 3009.DAT
0 STEP
1 86 50.0 -1152 80.0 0 0 1 0 1 0 -1 0 0 3010.DAT
0 STEP
1 86 50.0 -1320 80.0 0 0 1 0 1 0 -1 0 0 3010.DAT
0 STEP
1 86 120.0 -1368 50.0 -1 0 0 0 1 0 0 0 -1 3008.DAT
0 STEP
1 86 120.0 -1584 50.0 -1 0 0 0 1 0 0 0 -1 3008.DAT
0 STEP
1 86 120.0 -1656 50.0 -1 0 0 0 1 0 0 0 -1 3008.DAT
0 STEP
1 86 60.0 0 90.0 0 0 1 0 1 0 -1 0 0 3002.DAT
0 STEP
1 86 50.0 -96 120.0 0 0 1 0 1 0 -1 0 0 3009.DAT
0 STEP
1 86 50.0 -384 100.0 0 0 1 0 1 0 -1 0 0 3010.DAT
0 STEP
1 86 50.0 -408 70.0 0 0 1 0 1 0 -1 0 0 3005.DAT
0 STEP
1 86 50.0 -456 140.0 0 0 1 0 1 0 -1 0 0 3008.DAT
0 STEP
1 86 50.0 -504 140.0 0 0 1 0 1 0 -1 0 0 3008.DAT
0 STEP
1 86 50.0 -552 120.0 0 0 1 0 1 0 -1 0 0 3009.DAT
0 STEP
1 86 50.0 -648 100.0 0 0 1 0 1 0 -1 0 0 3010.DAT
0 STEP
1 86 50.0 -696 140.0 0 0 1 0 1 0 -1 0 0 3008.DAT
0 STEP
1 86 50.0 -960 70.0 0 0 1 0 1 0 -1 0 0 3005.DAT
0 STEP
1 86 50.0 -1056 140.0 0 0 1 0 1 0 -1 0 0 3008.DAT
0 STEP
1 86 50.0 -1104 100.0 0 0 1 0 1 0 -1 0 0 3010.DAT
0 STEP
1 86 50.0 -1200 100.0 0 0 1 0 1 0 -1 0 0 3010.DAT
0 STEP
1 86 50.0 -1368 70.0 0 0 1 0 1 0 -1 0 0 3005.DAT
0 STEP
1 86 50.0 -1584 70.0 0 0 1 0 1 0 -1 0 0 3005.DAT
0 STEP
1 86 50.0 -1632 120.0 0 0 1 0 1 0 -1 0 0 3009.DAT
0 STEP
1 86 50.0 -1656 80.0 0 0 1 0 1 0 -1 0 0 3004.DAT
0 STEP
1 86 60.0 -1728 120.0 0 0 1 0 1 0 -1 0 0 2456.DAT
0 STEP
1 86 50.0 -48 90.0 0 0 1 0 1 0 -1 0 0 3005.DAT
0 STEP
1 86 50.0 -216 160.0 0 0 1 0 1 0 -1 0 0 3008.DAT
0 STEP
1 86 50.0 -600 120.0 0 0 1 0 1 0 -1 0 0 3010.DAT
0 STEP
1 86 50.0 -720 120.0 0 0 1 0 1 0 -1 0 0 3010.DAT
0 STEP
1 86 50.0 -960 140.0 0 0 1 0 1 0 -1 0 0 3009.DAT
0 STEP
1 86 50.0 -1008 140.0 0 0 1 0 1 0 -1 0 0 3009.DAT
0 STEP
1 86 50.0 -1248 90.0 0 0 1 0 1 0 -1 0 0 3005.DAT
0 STEP
1 86 50.0 -1368 120.0 0 0 1 0 1 0 -1 0 0 3010.DAT
0 STEP
1 86 50.0 -1416 120.0 0 0 1 0 1 0 -1 0 0 3010.DAT
0 STEP
1 86 50.0 -1536 120.0 0 0 1 0 1 0 -1 0 0 3010.DAT
0 STEP
1 86 50.0 -1584 140.0 0 0 1 0 1 0 -1 0 0 3009.DAT
0 STEP
1 86 50.0 -48 140.0 0 0 1 0 1 0 -1 0 0 3010.DAT
0 STEP
1 86 50.0 -168 140.0 0 0 1 0 1 0 -1 0 0 3010.DAT
0 STEP
1 86 50.0 -288 110.0 0 0 1 0 1 0 -1 0 0 3005.DAT
0 STEP
1 86 50.0 -1248 140.0 0 0 1 0 1 0 -1 0 0 3010.DAT
0 STEP
1 86 50.0 -288 160.0 0 0 1 0 1 0 -1 0 0 3010.DAT
0 STEP
1 86 50.0 -336 130.0 0 0 1 0 1 0 -1 0 0 3005.DAT
0 STEP
1 86 50.0 -768 160.0 0 0 1 0 1 0 -1 0 0 3010.DAT
0 STEP
1 86 50.0 -1152 130.0 0 0 1 0 1 0 -1 0 0 3005.DAT
0 STEP
1 86 50.0 -1344 180.0 0 0 1 0 1 0 -1 0 0 3009.DAT
0 STEP
1 86 50.0 -1680 160.0 0 0 1 0 1 0 -1 0 0 3010.DAT
0 STEP
1 86 80.0 -1704 140.0 -1 0 0 0 1 0 0 0 -1 3001.DAT
0 STEP
1 86 50.0 -72 150.0 0 0 1 0 1 0 -1 0 0 3005.DAT
0 STEP
1 86 50.0 -312 170.0 0 0 1 0 1 0 -1 0 0 3622.DAT
0 STEP
1 86 50.0 -648 150.0 0 0 1 0 1 0 -1 0 0 3005.DAT
0 STEP
1 86 50.0 -744 180.0 0 0 1 0 1 0 -1 0 0 3010.DAT
0 STEP
1 86 50.0 -912 180.0 0 0 1 0 1 0 -1 0 0 3010.DAT
0 STEP
1 86 50.0 -1104 150.0 0 0 1 0 1 0 -1 0 0 3005.DAT
0 STEP
1 86 50.0 -1128 170.0 0 0 1 0 1 0 -1 0 0 3622.DAT
0 STEP
1 86 50.0 -1200 200.0 0 0 1 0 1 0 -1 0 0 3009.DAT
0 STEP
1 86 50.0 -72 200.0 0 0 1 0 1 0 -1 0 0 3010.DAT
0 STEP
1 86 50.0 -264 170.0 0 0 1 0 1 0 -1 0 0 3005.DAT
0 STEP
1 86 50.0 -600 240.0 0 0 1 0 1 0 -1 0 0 3008.DAT
0 STEP
1 86 50.0 -648 200.0 0 0 1 0 1 0 -1 0 0 3010.DAT
0 STEP
1 86 50.0 -864 170.0 0 0 1 0 1 0 -1 0 0 3005.DAT
0 STEP
1 86 50.0 -1416 220.0 0 0 1 0 1 0 -1 0 0 3009.DAT
0 STEP
1 86 80.0 -1704 180.0 -1 0 0 0 1 0 0 0 -1 3001.DAT
0 STEP
1 86 50.0 -1752 180.0 0 0 1 0 1 0 -1 0 0 3004.DAT
0 STEP
1 86 50.0 -168 190.0 0 0 1 0 1 0 -1 0 0 3005.DAT
0 STEP
1 86 50.0 -264 240.0 0 0 1 0 1 0 -1 0 0 3009.DAT
0 STEP
1 86 50.0 -840 220.0 0 0 1 0 1 0 -1 0 0 3010.DAT
0 STEP
1 86 50.0 -888 190.0 0 0 1 0 1 0 -1 0 0 3005.DAT
0 STEP
1 86 50.0 -1248 240.0 0 0 1 0 1 0 -1 0 0 3009.DAT
0 STEP
1 86 50.0 -1512 240.0 0 0 1 0 1 0 -1 0 0 3009.DAT
0 STEP
1 86 50.0 -1560 240.0 0 0 1 0 1 0 -1 0 0 3009.DAT
0 STEP
1 86 50.0 -1608 220.0 0 0 1 0 1 0 -1 0 0 3010.DAT
0 STEP
1 86 50.0 -1632 190.0 0 0 1 0 1 0 -1 0 0 3005.DAT
0 STEP
1 86 50.0 -48 260.0 0 0 1 0 1 0 -1 0 0 3009.DAT
0 STEP
1 86 50.0 -168 240.0 0 0 1 0 1 0 -1 0 0 3010.DAT
0 STEP
1 86 50.0 -312 240.0 0 0 1 0 1 0 -1 0 0 3010.DAT
0 STEP
1 86 50.0 -768 230.0 0 0 1 0 1 0 -1 0 0 3622.DAT
0 STEP
1 86 50.0 -792 260.0 0 0 1 0 1 0 -1 0 0 3009.DAT
0 STEP
1 86 50.0 -888 240.0 0 0 1 0 1 0 -1 0 0 3010.DAT
0 STEP
1 86 50.0 -960 240.0 0 0 1 0 1 0 -1 0 0 3010.DAT
0 STEP
1 86 50.0 -1008 210.0 0 0 1 0 1 0 -1 0 0 3005.DAT
0 STEP
1 86 50.0 -1080 230.0 0 0 1 0 1 0 -1 0 0 3622.DAT
0 STEP
1 86 50.0 -1104 240.0 0 0 1 0 1 0 -1 0 0 3010.DAT
0 STEP
1 86 50.0 -1368 210.0 0 0 1 0 1 0 -1 0 0 3005.DAT
0 STEP
1 86 50.0 -1680 210.0 0 0 1 0 1 0 -1 0 0 3005.DAT
0 STEP
1 86 80.0 -1704 220.0 -1 0 0 0 1 0 0 0 -1 3001.DAT
0 STEP
1 86 60.0 -1752 260.0 0 0 1 0 1 0 -1 0 0 2456.DAT
0 STEP
1 86 100.0 0 230.0 -1 0 0 0 1 0 0 0 -1 3009.DAT
0 STEP
1 86 50.0 -384 280.0 0 0 1 0 1 0 -1 0 0 3009.DAT
0 STEP
1 86 50.0 -432 280.0 0 0 1 0 1 0 -1 0 0 3009.DAT
0 STEP
1 86 50.0 -456 250.0 0 0 1 0 1 0 -1 0 0 3622.DAT
0 STEP
1 86 50.0 -504 260.0 0 0 1 0 1 0 -1 0 0 3010.DAT
0 STEP
1 86 50.0 -696 260.0 0 0 1 0 1 0 -1 0 0 3010.DAT
0 STEP
1 86 50.0 -936 230.0 0 0 1 0 1 0 -1 0 0 3005.DAT
0 STEP
1 86 50.0 -1008 300.0 0 0 1 0 1 0 -1 0 0 3008.DAT
0 STEP
1 86 50.0 -1368 280.0 0 0 1 0 1 0 -1 0 0 3009.DAT
0 STEP
1 86 50.0 -1440 300.0 0 0 1 0 1 0 -1 0 0 3008.DAT
0 STEP
1 86 50.0 -144 250.0 0 0 1 0 1 0 -1 0 0 3005.DAT
0 STEP
1 86 50.0 -216 260.0 0 0 1 0 1 0 -1 0 0 3004.DAT
0 STEP
1 86 50.0 -240 250.0 0 0 1 0 1 0 -1 0 0 3005.DAT
0 STEP
1 86 50.0 -528 300.0 0 0 1 0 1 0 -1 0 0 3009.DAT
0 STEP
1 86 50.0 -864 280.0 0 0 1 0 1 0 -1 0 0 3010.DAT
0 STEP
1 86 50.0 -936 280.0 0 0 1 0 1 0 -1 0 0 3010.DAT
0 STEP
1 86 50.0 -1344 250.0 0 0 1 0 1 0 -1 0 0 3005.DAT
0 STEP
1 86 80.0 -1704 260.0 -1 0 0 0 1 0 0 0 -1 3001.DAT
0 STEP
1 86 50.0 -144 300.0 0 0 1 0 1 0 -1 0 0 3010.DAT
0 STEP
1 86 50.0 -192 340.0 0 0 1 0 1 0 -1 0 0 3008.DAT
0 STEP
1 86 50.0 -240 320.0 0 0 1 0 1 0 -1 0 0 3009.DAT
0 STEP
1 86 50.0 -336 320.0 0 0 1 0 1 0 -1 0 0 3009.DAT
0 STEP
1 86 50.0 -480 270.0 0 0 1 0 1 0 -1 0 0 3005.DAT
0 STEP
1 86 50.0 -768 340.0 0 0 1 0 1 0 -1 0 0 3008.DAT
0 STEP
1 86 50.0 -840 270.0 0 0 1 0 1 0 -1 0 0 3005.DAT
0 STEP
1 86 50.0 -1080 300.0 0 0 1 0 1 0 -1 0 0 3010.DAT
0 STEP
1 86 50.0 -1320 270.0 0 0 1 0 1 0 -1 0 0 3005.DAT
0 STEP
1 86 50.0 -1608 270.0 0 0 1 0 1 0 -1 0 0 3005.DAT
0 STEP
1 86 50.0 -24 340.0 0 0 1 0 1 0 -1 0 0 3009.DAT
0 STEP
1 86 50.0 -480 320.0 0 0 1 0 1 0 -1 0 0 3010.DAT
0 STEP
1 86 50.0 -840 320.0 0 0 1 0 1 0 -1 0 0 3010.DAT
0 STEP
1 86 50.0 -960 290.0 0 0 1 0 1 0 -1 0 0 3005.DAT
0 STEP
1 86 50.0 -1104 340.0 0 0 1 0 1 0 -1 0 0 3009.DAT
0 STEP
1 86 50.0 -1152 290.0 0 0 1 0 1 0 -1 0 0 3005.DAT
0 STEP
1 86 50.0 -1320 360.0 0 0 1 0 1 0 -1 0 0 3008.DAT
0 STEP
1 86 50.0 -1584 360.0 0 0 1 0 1 0 -1 0 0 3008.DAT
0 STEP
1 86 80.0 -1704 300.0 -1 0 0 0 1 0 0 0 -1 3001.DAT
0 STEP
1 86 50.0 -72 360.0 0 0 1 0 1 0 -1 0 0 3009.DAT
0 STEP
1 86 50.0 -120 380.0 0 0 1 0 1 0 -1 0 0 3008.DAT
0 STEP
1 86 50.0 -408 340.0 0 0 1 0 1 0 -1 0 0 3010.DAT
0 STEP
1 86 50.0 -624 340.0 0 0 1 0 1 0 -1 0 0 3010.DAT
0 STEP
1 86 50.0 -696 310.0 0 0 1 0 1 0 -1 0 0 3005.DAT
0 STEP
1 86 50.0 -960 380.0 0 0 1 0 1 0 -1 0 0 3008.DAT
0 STEP
1 86 50.0 -1056 380.0 0 0 1 0 1 0 -1 0 0 3008.DAT
0 STEP
1 86 50.0 -1152 340.0 0 0 1 0 1 0 -1 0 0 3010.DAT
0 STEP
1 86 50.0 -1200 360.0 0 0 1 0 1 0 -1 0 0 3009.DAT
0 STEP
1 86 50.0 -1248 310.0 0 0 1 0 1 0 -1 0 0 3005.DAT
0 STEP
1 86 50.0 -1272 360.0 0 0 1 0 1 0 -1 0 0 3009.DAT
0 STEP
1 86 50.0 -1488 330.0 0 0 1 0 1 0 -1 0 0 3622.DAT
0 STEP
1 86 50.0 -1560 310.0 0 0 1 0 1 0 -1 0 0 3005.DAT
0 STEP
1 86 50.0 -1632 380.0 0 0 1 0 1 0 -1 0 0 3008.DAT
0 STEP
1 86 50.0 -1680 380.0 0 0 1 0 1 0 -1 0 0 3008.DAT
0 STEP
1 86 50.0 -792 330.0 0 0 1 0 1 0 -1 0 0 3005.DAT
0 STEP
1 86 50.0 -864 380.0 0 0 1 0 1 0 -1 0 0 3009.DAT
0 STEP
1 86 50.0 -912 330.0 0 0 1 0 1 0 -1 0 0 3005.DAT
0 STEP
1 86 50.0 -1224 360.0 0 0 1 0 1 0 -1 0 0 3010.DAT
0 STEP
1 86 80.0 -1704 340.0 -1 0 0 0 1 0 0 0 -1 3001.DAT
0 STEP
1 86 50.0 -384 380.0 0 0 1 0 1 0 -1 0 0 3010.DAT
0 STEP
1 86 50.0 -504 380.0 0 0 1 0 1 0 -1 0 0 3010.DAT
0 STEP
1 86 50.0 -648 400.0 0 0 1 0 1 0 -1 0 0 3009.DAT
0 STEP
1 86 50.0 -912 380.0 0 0 1 0 1 0 -1 0 0 3010.DAT
0 STEP
1 86 50.0 -1368 350.0 0 0 1 0 1 0 -1 0 0 3005.DAT
0 STEP
1 86 50.0 -552 440.0 0 0 1 0 1 0 -1 0 0 3008.DAT
0 STEP
1 86 50.0 -840 370.0 0 0 1 0 1 0 -1 0 0 3005.DAT
0 STEP
1 86 50.0 -1488 400.0 0 0 1 0 1 0 -1 0 0 3010.DAT
0 STEP
1 86 50.0 -168 420.0 0 0 1 0 1 0 -1 0 0 3010.DAT
0 STEP
1 86 50.0 -240 390.0 0 0 1 0 1 0 -1 0 0 3005.DAT
0 STEP
1 86 50.0 -336 390.0 0 0 1 0 1 0 -1 0 0 3005.DAT
0 STEP
1 86 50.0 -480 420.0 0 0 1 0 1 0 -1 0 0 3010.DAT
0 STEP
1 86 50.0 -600 420.0 0 0 1 0 1 0 -1 0 0 3010.DAT
0 STEP
1 86 50.0 -888 410.0 0 0 1 0 1 0 -1 0 0 3622.DAT
0 STEP
1 86 50.0 -1008 410.0 0 0 1 0 1 0 -1 0 0 3622.DAT
0 STEP
1 86 50.0 -1152 390.0 0 0 1 0 1 0 -1 0 0 3005.DAT
0 STEP
1 86 50.0 -1464 390.0 0 0 1 0 1 0 -1 0 0 3005.DAT
0 STEP
1 86 50.0 -24 410.0 0 0 1 0 1 0 -1 0 0 3005.DAT
0 STEP
1 86 50.0 -216 460.0 0 0 1 0 1 0 -1 0 0 3009.DAT
0 STEP
1 86 50.0 -312 440.0 0 0 1 0 1 0 -1 0 0 3010.DAT
0 STEP
1 86 50.0 -1104 430.0 0 0 1 0 1 0 -1 0 0 3622.DAT
0 STEP
1 86 100.0 -1344 410.0 -1 0 0 0 1 0 0 0 -1 3009.DAT
0 STEP
1 86 80.0 -1464 410.0 -1 0 0 0 1 0 0 0 -1 3010.DAT
0 STEP
1 86 100.0 -1536 420.0 -1 0 0 0 1 0 0 0 -1 2456.DAT
0 STEP
1 86 50.0 -24 480.0 0 0 1 0 1 0 -1 0 0 3009.DAT
0 STEP
1 86 50.0 -192 430.0 0 0 1 0 1 0 -1 0 0 3005.DAT
0 STEP
1 86 50.0 -384 430.0 0 0 1 0 1 0 -1 0 0 3005.DAT
0 STEP
1 86 50.0 -768 430.0 0 0 1 0 1 0 -1 0 0 3005.DAT
0 STEP
1 86 50.0 -912 480.0 0 0 1 0 1 0 -1 0 0 3009.DAT
0 STEP
1 86 70.0 -1200 430.0 -1 0 0 0 1 0 0 0 -1 3622.DAT
0 STEP
1 86 100.0 -1344 440.0 -1 0 0 0 1 0 0 0 -1 2456.DAT
0 STEP
1 86 80.0 -1464 440.0 -1 0 0 0 1 0 0 0 -1 3001.DAT
0 STEP
1 86 80.0 -48 460.0 -1 0 0 0 1 0 0 0 -1 3001.DAT
0 STEP
1 86 50.0 -288 500.0 0 0 1 0 1 0 -1 0 0 3009.DAT
0 STEP
1 86 50.0 -456 500.0 0 0 1 0 1 0 -1 0 0 3009.DAT
0 STEP
1 86 50.0 -768 500.0 0 0 1 0 1 0 -1 0 0 3009.DAT
0 STEP
1 86 50.0 -864 450.0 0 0 1 0 1 0 -1 0 0 3005.DAT
0 STEP
1 86 100.0 -1536 450.0 -1 0 0 0 1 0 0 0 -1 3009.DAT
0 STEP
1 86 50.0 -144 500.0 0 0 1 0 1 0 -1 0 0 3010.DAT
0 STEP
1 86 50.0 -168 470.0 0 0 1 0 1 0 -1 0 0 3005.DAT
0 STEP
1 86 50.0 -480 470.0 0 0 1 0 1 0 -1 0 0 3005.DAT
0 STEP
1 86 50.0 -504 520.0 0 0 1 0 1 0 -1 0 0 3009.DAT
0 STEP
1 86 50.0 -600 520.0 0 0 1 0 1 0 -1 0 0 3009.DAT
0 STEP
1 86 50.0 -648 520.0 0 0 1 0 1 0 -1 0 0 3009.DAT
0 STEP
1 86 50.0 -672 500.0 0 0 1 0 1 0 -1 0 0 3010.DAT
0 STEP
1 86 80.0 -864 480.0 -1 0 0 0 1 0 0 0 -1 3001.DAT
0 STEP
1 86 100.0 -48 490.0 -1 0 0 0 1 0 0 0 -1 3009.DAT
0 STEP
1 86 50.0 -120 560.0 0 0 1 0 1 0 -1 0 0 3009.DAT
0 STEP
1 86 80.0 -864 520.0 -1 0 0 0 1 0 0 0 -1 3001.DAT
0 STEP
1 86 50.0 -72 530.0 0 0 1 0 1 0 -1 0 0 3005.DAT
0 STEP
1 86 50.0 -216 530.0 0 0 1 0 1 0 -1 0 0 3005.DAT
0 STEP
1 86 50.0 -552 560.0 0 0 1 0 1 0 -1 0 0 3010.DAT
0 STEP
1 86 50.0 -72 580.0 0 0 1 0 1 0 -1 0 0 3010.DAT
0 STEP
1 86 50.0 -216 580.0 0 0 1 0 1 0 -1 0 0 3010.DAT
0 STEP
1 86 50.0 -384 580.0 0 0 1 0 1 0 -1 0 0 3010.DAT
0 STEP
1 86 50.0 -816 620.0 0 0 1 0 1 0 -1 0 0 3008.DAT
0 STEP
1 86 80.0 -864 560.0 -1 0 0 0 1 0 0 0 -1 3001.DAT
0 STEP
1 86 60.0 -912 550.0 -1 0 0 0 1 0 0 0 -1 3004.DAT
0 STEP
1 86 50.0 -288 570.0 0 0 1 0 1 0 -1 0 0 3005.DAT
0 STEP
1 86 50.0 -456 570.0 0 0 1 0 1 0 -1 0 0 3005.DAT
0 STEP
1 86 50.0 -480 600.0 0 0 1 0 1 0 -1 0 0 3010.DAT
0 STEP
1 86 50.0 -528 600.0 0 0 1 0 1 0 -1 0 0 3010.DAT
0 STEP
1 86 50.0 -720 600.0 0 0 1 0 1 0 -1 0 0 3010.DAT
0 STEP
1 86 80.0 -912 570.0 -1 0 0 0 1 0 0 0 -1 3010.DAT
0 STEP
1 86 50.0 -144 590.0 0 0 1 0 1 0 -1 0 0 3005.DAT
0 STEP
1 86 50.0 -264 620.0 0 0 1 0 1 0 -1 0 0 3010.DAT
0 STEP
1 86 50.0 -312 590.0 0 0 1 0 1 0 -1 0 0 3005.DAT
0 STEP
1 86 50.0 -432 620.0 0 0 1 0 1 0 -1 0 0 3010.DAT
0 STEP
1 86 50.0 -648 590.0 0 0 1 0 1 0 -1 0 0 3005.DAT
0 STEP
1 86 50.0 -768 620.0 0 0 1 0 1 0 -1 0 0 3010.DAT
0 STEP
1 86 60.0 -912 620.0 0 0 1 0 1 0 -1 0 0 3001.DAT
0 STEP
1 86 50.0 -144 640.0 0 0 1 0 1 0 -1 0 0 3010.DAT
0 STEP
1 86 50.0 -312 640.0 0 0 1 0 1 0 -1 0 0 3010.DAT
0 STEP
1 86 50.0 -360 620.0 0 0 1 0 1 0 -1 0 0 3004.DAT
0 STEP
1 86 50.0 -600 640.0 0 0 1 0 1 0 -1 0 0 3010.DAT
0 STEP
1 86 50.0 -888 620.0 0 0 1 0 1 0 -1 0 0 3004.DAT
0 STEP
1 86 50.0 -384 630.0 0 0 1 0 1 0 -1 0 0 3005.DAT
0 STEP
1 86 50.0 -504 630.0 0 0 1 0 1 0 -1 0 0 3005.DAT
0 STEP
1 86 50.0 -648 660.0 0 0 1 0 1 0 -1 0 0 3010.DAT
0 STEP
1 86 80.0 -168 650.0 -1 0 0 0 1 0 0 0 -1 3010.DAT
0 STEP
1 86 60.0 -360 660.0 0 0 1 0 1 0 -1 0 0 3003.DAT
0 STEP
1 86 60.0 -504 670.0 0 0 1 0 1 0 -1 0 0 3002.DAT
0 STEP
1 86 50.0 -528 650.0 0 0 1 0 1 0 -1 0 0 3005.DAT
0 STEP
1 86 80.0 -888 660.0 -1 0 0 0 1 0 0 0 -1 3001.DAT
0 STEP
1 86 50.0 -168 670.0 0 0 1 0 1 0 -1 0 0 3005.DAT
0 STEP
1 86 50.0 -264 670.0 0 0 1 0 1 0 -1 0 0 3005.DAT
0 STEP
1 86 60.0 -528 670.0 -1 0 0 0 1 0 0 0 -1 3004.DAT
0 STEP
1 86 80.0 -768 680.0 -1 0 0 0 1 0 0 0 -1 3001.DAT
0 STEP
1 86 80.0 -168 690.0 -1 0 0 0 1 0 0 0 -1 3010.DAT
0 STEP
1 86 100.0 -264 690.0 -1 0 0 0 1 0 0 0 -1 3009.DAT
0 STEP
1 86 50.0 -312 690.0 0 0 1 0 1 0 -1 0 0 3005.DAT
0 STEP
1 86 80.0 -600 690.0 -1 0 0 0 1 0 0 0 -1 3010.DAT
0 STEP
1 86 100.0 -24 10.0 -1 0 0 0 1 0 0 0 -1 3010.DAT
0 STEP
1 86 70.0 -120 30.0 0 0 1 0 1 0 -1 0 0 3622.DAT
0 STEP
1 86 70.0 -168 30.0 0 0 1 0 1 0 -1 0 0 3622.DAT
0 STEP
1 86 70.0 -216 30.0 0 0 1 0 1 0 -1 0 0 3622.DAT
0 STEP
1 86 140.0 -264 10.0 -1 0 0 0 1 0 0 0 -1 3008.DAT
0 STEP
1 86 100.0 -312 10.0 -1 0 0 0 1 0 0 0 -1 3010.DAT
0 STEP
1 86 70.0 -336 30.0 0 0 1 0 1 0 -1 0 0 3622.DAT
0 STEP
1 86 140.0 -504 20.0 -1 0 0 0 1 0 0 0 -1 3007.DAT
0 STEP
1 86 100.0 -552 10.0 -1 0 0 0 1 0 0 0 -1 3010.DAT
0 STEP
1 86 70.0 -576 30.0 0 0 1 0 1 0 -1 0 0 3622.DAT
0 STEP
1 86 70.0 -624 30.0 0 0 1 0 1 0 -1 0 0 3622.DAT
0 STEP
1 86 70.0 -672 30.0 0 0 1 0 1 0 -1 0 0 3622.DAT
0 STEP
1 86 70.0 -816 30.0 0 0 1 0 1 0 -1 0 0 3622.DAT
0 STEP
1 86 70.0 -864 30.0 0 0 1 0 1 0 -1 0 0 3622.DAT
0 STEP
1 86 80.0 -936 30.0 0 0 1 0 1 0 -1 0 0 3002.DAT
0 STEP
1 86 80.0 -984 30.0 0 0 1 0 1 0 -1 0 0 3002.DAT
0 STEP
1 86 80.0 -1032 30.0 0 0 1 0 1 0 -1 0 0 3002.DAT
0 STEP
1 86 70.0 -1080 30.0 0 0 1 0 1 0 -1 0 0 3622.DAT
0 STEP
1 86 80.0 -1128 30.0 0 0 1 0 1 0 -1 0 0 3002.DAT
0 STEP
1 86 70.0 -1248 30.0 0 0 1 0 1 0 -1 0 0 3622.DAT
0 STEP
1 86 140.0 -1368 10.0 -1 0 0 0 1 0 0 0 -1 3008.DAT
0 STEP
1 86 70.0 -1392 30.0 0 0 1 0 1 0 -1 0 0 3622.DAT
0 STEP
1 86 80.0 -1464 30.0 0 0 1 0 1 0 -1 0 0 3002.DAT
0 STEP
1 86 80.0 -1512 30.0 0 0 1 0 1 0 -1 0 0 3002.DAT
0 STEP
1 86 80.0 -1560 30.0 0 0 1 0 1 0 -1 0 0 3002.DAT
0 STEP
1 86 80.0 -1608 30.0 0 0 1 0 1 0 -1 0 0 3002.DAT
0 STEP
1 86 80.0 -1680 30.0 0 0 1 0 1 0 -1 0 0 3002.DAT
0 STEP
1 86 70.0 -24 50.0 0 0 1 0 1 0 -1 0 0 3622.DAT
0 STEP
1 86 90.0 -72 40.0 -1 0 0 0 1 0 0 0 -1 3002.DAT
0 STEP
1 86 140.0 -264 40.0 -1 0 0 0 1 0 0 0 -1 3007.DAT
0 STEP
1 86 70.0 -312 30.0 0 0 1 0 1 0 -1 0 0 3005.DAT
0 STEP
1 86 70.0 -432 40.0 0 0 1 0 1 0 -1 0 0 3004.DAT
0 STEP
1 86 90.0 -912 40.0 -1 0 0 0 1 0 0 0 -1 3002.DAT
0 STEP
1 86 100.0 -1176 40.0 -1 0 0 0 1 0 0 0 -1 3001.DAT
0 STEP
1 86 100.0 -1368 30.0 -1 0 0 0 1 0 0 0 -1 3010.DAT
0 STEP
1 86 140.0 -1416 40.0 -1 0 0 0 1 0 0 0 -1 3007.DAT
0 STEP
1 86 140.0 -1656 30.0 -1 0 0 0 1 0 0 0 -1 3008.DAT
0 STEP
1 86 140.0 -312 50.0 -1 0 0 0 1 0 0 0 -1 3008.DAT
0 STEP
1 86 70.0 -744 50.0 0 0 1 0 1 0 -1 0 0 3005.DAT
0 STEP
1 86 80.0 -792 50.0 -1 0 0 0 1 0 0 0 -1 3004.DAT
0 STEP
1 86 100.0 -1008 50.0 -1 0 0 0 1 0 0 0 -1 3010.DAT
0 STEP
1 86 120.0 -1056 50.0 -1 0 0 0 1 0 0 0 -1 3009.DAT
0 STEP
1 86 80.0 -1152 50.0 -1 0 0 0 1 0 0 0 -1 3004.DAT
0 STEP
1 86 120.0 -1272 50.0 -1 0 0 0 1 0 0 0 -1 3009.DAT
0 STEP
1 86 120.0 -1320 50.0 -1 0 0 0 1 0 0 0 -1 3009.DAT
0 STEP
1 86 70.0 -48 160.0 0 0 1 0 1 0 -1 0 0 3008.DAT
0 STEP
1 86 80.0 -24 130.0 0 0 1 0 1 0 -1 0 0 3002.DAT
0 STEP
1 86 70.0 0 170.0 0 0 1 0 1 0 -1 0 0 3622.DAT
0 STEP
1 86 100.0 -1752 180.0 -1 0 0 0 1 0 0 0 -1 3001.DAT
0 STEP
1 86 80.0 -48 280.0 0 0 1 0 1 0 -1 0 0 3001.DAT
0 STEP
1 86 100.0 -24 290.0 -1 0 0 0 1 0 0 0 -1 3010.DAT
0 STEP
1 86 70.0 -24 360.0 0 0 1 0 1 0 -1 0 0 3009.DAT
0 STEP
1 86 100.0 -1752 330.0 -1 0 0 0 1 0 0 0 -1 3010.DAT
0 STEP
1 86 70.0 -1728 400.0 0 0 1 0 1 0 -1 0 0 3009.DAT
0 STEP
1 86 120.0 -1752 390.0 -1 0 0 0 1 0 0 0 -1 3009.DAT
0 STEP
1 86 100.0 -960 420.0 -1 0 0 0 1 0 0 0 -1 3001.DAT
0 STEP
1 86 100.0 -1008 410.0 -1 0 0 0 1 0 0 0 -1 3010.DAT
0 STEP
1 86 80.0 -1056 430.0 0 0 1 0 1 0 -1 0 0 3002.DAT
0 STEP
1 86 100.0 -1104 420.0 -1 0 0 0 1 0 0 0 -1 3001.DAT
0 STEP
1 86 80.0 -1128 410.0 -1 0 0 0 1 0 0 0 -1 3004.DAT
0 STEP
1 86 80.0 -1176 430.0 0 0 1 0 1 0 -1 0 0 3002.DAT
0 STEP
1 86 70.0 -1200 410.0 0 0 1 0 1 0 -1 0 0 3005.DAT
0 STEP
1 86 120.0 -1248 410.0 -1 0 0 0 1 0 0 0 -1 3009.DAT
0 STEP
1 86 70.0 -1272 410.0 0 0 1 0 1 0 -1 0 0 3005.DAT
0 STEP
1 86 80.0 -1320 430.0 0 0 1 0 1 0 -1 0 0 3002.DAT
0 STEP
1 86 70.0 -1368 410.0 0 0 1 0 1 0 -1 0 0 3005.DAT
0 STEP
1 86 80.0 -1416 430.0 0 0 1 0 1 0 -1 0 0 3002.DAT
0 STEP
1 86 100.0 -1488 410.0 -1 0 0 0 1 0 0 0 -1 3010.DAT
0 STEP
1 86 70.0 -1512 430.0 0 0 1 0 1 0 -1 0 0 3622.DAT
0 STEP
1 86 70.0 -1560 410.0 0 0 1 0 1 0 -1 0 0 3005.DAT
0 STEP
1 86 120.0 -1584 410.0 -1 0 0 0 1 0 0 0 -1 3009.DAT
0 STEP
1 86 100.0 -1632 410.0 -1 0 0 0 1 0 0 0 -1 3010.DAT
0 STEP
1 86 90.0 -1656 420.0 -1 0 0 0 1 0 0 0 -1 3002.DAT
0 STEP
1 86 80.0 -1680 430.0 0 0 1 0 1 0 -1 0 0 3002.DAT
0 STEP
1 86 80.0 -24 500.0 0 0 1 0 1 0 -1 0 0 3007.DAT
0 STEP
1 86 100.0 -912 440.0 -1 0 0 0 1 0 0 0 -1 3001.DAT
0 STEP
1 86 70.0 -1008 430.0 0 0 1 0 1 0 -1 0 0 3005.DAT
0 STEP
1 86 120.0 -1248 440.0 -1 0 0 0 1 0 0 0 -1 2456.DAT
0 STEP
1 86 100.0 -1392 430.0 -1 0 0 0 1 0 0 0 -1 3010.DAT
0 STEP
1 86 120.0 -1488 430.0 -1 0 0 0 1 0 0 0 -1 3009.DAT
0 STEP
1 86 100.0 -1584 430.0 -1 0 0 0 1 0 0 0 -1 3010.DAT
0 STEP
1 86 100.0 -1632 440.0 -1 0 0 0 1 0 0 0 -1 3001.DAT
0 STEP
1 86 100.0 -960 450.0 -1 0 0 0 1 0 0 0 -1 3010.DAT
0 STEP
1 86 100.0 -1104 450.0 -1 0 0 0 1 0 0 0 -1 3010.DAT
0 STEP
1 86 100.0 -1440 450.0 -1 0 0 0 1 0 0 0 -1 3010.DAT
0 STEP
1 86 100.0 -912 480.0 -1 0 0 0 1 0 0 0 -1 3001.DAT
0 STEP
1 86 100.0 -912 520.0 -1 0 0 0 1 0 0 0 -1 3001.DAT
0 STEP
1 86 120.0 -24 590.0 -1 0 0 0 1 0 0 0 -1 3009.DAT
0 STEP
1 86 80.0 -48 620.0 0 0 1 0 1 0 -1 0 0 3001.DAT
0 STEP
1 86 70.0 -864 620.0 0 0 1 0 1 0 -1 0 0 3010.DAT
0 STEP
1 86 70.0 0 630.0 0 0 1 0 1 0 -1 0 0 3622.DAT
0 STEP
1 86 70.0 -24 610.0 0 0 1 0 1 0 -1 0 0 3005.DAT
0 STEP
1 86 100.0 -888 620.0 -1 0 0 0 1 0 0 0 -1 3001.DAT
0 STEP
1 86 120.0 -24 630.0 -1 0 0 0 1 0 0 0 -1 3009.DAT
0 STEP
1 86 70.0 -24 670.0 0 0 1 0 1 0 -1 0 0 3622.DAT
0 STEP
1 86 80.0 -96 670.0 0 0 1 0 1 0 -1 0 0 3002.DAT
0 STEP
1 86 80.0 -144 670.0 0 0 1 0 1 0 -1 0 0 3002.DAT
0 STEP
1 86 80.0 -192 670.0 0 0 1 0 1 0 -1 0 0 3002.DAT
0 STEP
1 86 70.0 -216 670.0 0 0 1 0 1 0 -1 0 0 3622.DAT
0 STEP
1 86 100.0 -264 660.0 -1 0 0 0 1 0 0 0 -1 3001.DAT
0 STEP
1 86 100.0 -312 660.0 -1 0 0 0 1 0 0 0 -1 3001.DAT
0 STEP
1 86 70.0 -408 660.0 0 0 1 0 1 0 -1 0 0 3004.DAT
0 STEP
1 86 90.0 -432 650.0 -1 0 0 0 1 0 0 0 -1 3622.DAT
0 STEP
1 86 80.0 -456 670.0 0 0 1 0 1 0 -1 0 0 3002.DAT
0 STEP
1 86 120.0 -528 650.0 -1 0 0 0 1 0 0 0 -1 3009.DAT
0 STEP
1 86 80.0 -552 670.0 0 0 1 0 1 0 -1 0 0 3002.DAT
0 STEP
1 86 90.0 -600 660.0 -1 0 0 0 1 0 0 0 -1 3002.DAT
0 STEP
1 86 90.0 -648 650.0 -1 0 0 0 1 0 0 0 -1 3622.DAT
0 STEP
1 86 70.0 -696 660.0 0 0 1 0 1 0 -1 0 0 3004.DAT
0 STEP
1 86 90.0 -768 650.0 -1 0 0 0 1 0 0 0 -1 3622.DAT
0 STEP
1 86 70.0 -816 650.0 0 0 1 0 1 0 -1 0 0 3005.DAT
0 STEP
1 86 80.0 -840 670.0 0 0 1 0 1 0 -1 0 0 3002.DAT
0 STEP
1 86 100.0 -168 670.0 -1 0 0 0 1 0 0 0 -1 3010.DAT
0 STEP
1 86 90.0 -648 680.0 -1 0 0 0 1 0 0 0 -1 3002.DAT
0 STEP
1 86 100.0 -672 680.0 -1 0 0 0 1 0 0 0 -1 3001.DAT
0 STEP
1 86 100.0 -816 680.0 -1 0 0 0 1 0 0 0 -1 3001.DAT
0 STEP
1 86 100.0 -312 690.0 -1 0 0 0 1 0 0 0 -1 3010.DAT
0 STEP
1 86 140.0 -408 690.0 -1 0 0 0 1 0 0 0 -1 3008.DAT
0 STEP
1 86 100.0 -480 690.0 -1 0 0 0 1 0 0 0 -1 3010.DAT
0 STEP
1 86 100.0 -720 690.0 -1 0 0 0 1 0 0 0 -1 3010.DAT
0 STEP
1 86 140.0 -888 690.0 -1 0 0 0 1 0 0 0 -1 3008.DAT
0 STEP
1 86 100.0 0 40.0 0 0 1 0 1 0 -1 0 0 3001.DAT
0 STEP
1 86 100.0 -48 100.0 0 0 1 0 1 0 -1 0 0 3006.DAT
0 STEP
1 86 100.0 -96 30.0 0 0 1 0 1 0 -1 0 0 3002.DAT
0 STEP
1 86 120.0 -120 20.0 -1 0 0 0 1 0 0 0 -1 3001.DAT
0 STEP
1 86 120.0 -168 20.0 -1 0 0 0 1 0 0 0 -1 3001.DAT
0 STEP
1 86 140.0 -216 10.0 -1 0 0 0 1 0 0 0 -1 3009.DAT
0 STEP
1 86 100.0 -240 30.0 0 0 1 0 1 0 -1 0 0 3002.DAT
0 STEP
1 86 90.0 -288 30.0 0 0 1 0 1 0 -1 0 0 3622.DAT
0 STEP
1 86 100.0 -336 30.0 0 0 1 0 1 0 -1 0 0 3002.DAT
0 STEP
1 86 90.0 -384 30.0 0 0 1 0 1 0 -1 0 0 3622.DAT
0 STEP
1 86 90.0 -432 30.0 0 0 1 0 1 0 -1 0 0 3622.DAT
0 STEP
1 86 90.0 -528 30.0 0 0 1 0 1 0 -1 0 0 3622.DAT
0 STEP
1 86 100.0 -576 30.0 0 0 1 0 1 0 -1 0 0 3002.DAT
0 STEP
1 86 110.0 -624 10.0 -1 0 0 0 1 0 0 0 -1 3622.DAT
0 STEP
1 86 90.0 -672 10.0 0 0 1 0 1 0 -1 0 0 3005.DAT
0 STEP
1 86 100.0 -720 20.0 0 0 1 0 1 0 -1 0 0 3003.DAT
0 STEP
1 86 100.0 -744 30.0 0 0 1 0 1 0 -1 0 0 3002.DAT
0 STEP
1 86 120.0 -768 20.0 -1 0 0 0 1 0 0 0 -1 3001.DAT
0 STEP
1 86 120.0 -816 10.0 -1 0 0 0 1 0 0 0 -1 3010.DAT
0 STEP
1 86 100.0 -864 30.0 0 0 1 0 1 0 -1 0 0 3002.DAT
0 STEP
1 86 100.0 -1080 30.0 0 0 1 0 1 0 -1 0 0 3002.DAT
0 STEP
1 86 110.0 -1176 10.0 -1 0 0 0 1 0 0 0 -1 3622.DAT
0 STEP
1 86 100.0 -1200 30.0 0 0 1 0 1 0 -1 0 0 3002.DAT
0 STEP
1 86 90.0 -1224 20.0 0 0 1 0 1 0 -1 0 0 3004.DAT
0 STEP
1 86 100.0 -1248 30.0 0 0 1 0 1 0 -1 0 0 3002.DAT
0 STEP
1 86 90.0 -1296 30.0 0 0 1 0 1 0 -1 0 0 3622.DAT
0 STEP
1 86 100.0 -1344 30.0 0 0 1 0 1 0 -1 0 0 3002.DAT
0 STEP
1 86 100.0 -1392 30.0 0 0 1 0 1 0 -1 0 0 3002.DAT
0 STEP
1 86 110.0 -1584 20.0 -1 0 0 0 1 0 0 0 -1 3002.DAT
0 STEP
1 86 90.0 -1632 30.0 0 0 1 0 1 0 -1 0 0 3622.DAT
0 STEP
1 86 110.0 -1704 10.0 -1 0 0 0 1 0 0 0 -1 3622.DAT
0 STEP
1 86 120.0 -1752 10.0 -1 0 0 0 1 0 0 0 -1 3010.DAT
0 STEP
1 86 120.0 -24 40.0 -1 0 0 0 1 0 0 0 -1 3001.DAT
0 STEP
1 86 140.0 -216 40.0 -1 0 0 0 1 0 0 0 -1 2456.DAT
0 STEP
1 86 120.0 -312 30.0 -1 0 0 0 1 0 0 0 -1 3010.DAT
0 STEP
1 86 140.0 -552 30.0 -1 0 0 0 1 0 0 0 -1 3009.DAT
0 STEP
1 86 110.0 -624 40.0 -1 0 0 0 1 0 0 0 -1 3002.DAT
0 STEP
1 86 120.0 -672 30.0 -1 0 0 0 1 0 0 0 -1 3010.DAT
0 STEP
1 86 90.0 -816 30.0 0 0 1 0 1 0 -1 0 0 3005.DAT
0 STEP
1 86 90.0 -960 30.0 0 0 1 0 1 0 -1 0 0 3005.DAT
0 STEP
1 86 90.0 -1104 30.0 0 0 1 0 1 0 -1 0 0 3005.DAT
0 STEP
1 86 90.0 -1704 30.0 0 0 1 0 1 0 -1 0 0 3005.DAT
0 STEP
1 86 90.0 -1752 30.0 0 0 1 0 1 0 -1 0 0 3005.DAT
0 STEP
1 86 90.0 -120 50.0 0 0 1 0 1 0 -1 0 0 3005.DAT
0 STEP
1 86 120.0 -168 50.0 -1 0 0 0 1 0 0 0 -1 3010.DAT
0 STEP
1 86 90.0 -480 50.0 0 0 1 0 1 0 -1 0 0 3005.DAT
0 STEP
1 86 160.0 -552 50.0 -1 0 0 0 1 0 0 0 -1 3008.DAT
0 STEP
1 86 90.0 -672 50.0 0 0 1 0 1 0 -1 0 0 3005.DAT
0 STEP
1 86 140.0 -720 50.0 -1 0 0 0 1 0 0 0 -1 3009.DAT
0 STEP
1 86 120.0 -768 50.0 -1 0 0 0 1 0 0 0 -1 3010.DAT
0 STEP
1 86 120.0 -816 50.0 -1 0 0 0 1 0 0 0 -1 3010.DAT
0 STEP
1 86 100.0 -1704 80.0 0 0 1 0 1 0 -1 0 0 3001.DAT
0 STEP
1 86 90.0 -1752 80.0 0 0 1 0 1 0 -1 0 0 3010.DAT
0 STEP
1 86 90.0 -24 70.0 0 0 1 0 1 0 -1 0 0 3005.DAT
0 STEP
1 86 160.0 -1728 70.0 -1 0 0 0 1 0 0 0 -1 3008.DAT
0 STEP
1 86 120.0 0 100.0 -1 0 0 0 1 0 0 0 -1 3001.DAT
0 STEP
1 86 100.0 -1728 90.0 -1 0 0 0 1 0 0 0 -1 3004.DAT
0 STEP
1 86 90.0 -1728 180.0 0 0 1 0 1 0 -1 0 0 3008.DAT
0 STEP
1 86 120.0 -1752 140.0 -1 0 0 0 1 0 0 0 -1 3001.DAT
0 STEP
1 86 120.0 0 150.0 -1 0 0 0 1 0 0 0 -1 3010.DAT
0 STEP
1 86 120.0 0 180.0 -1 0 0 0 1 0 0 0 -1 3001.DAT
0 STEP
1 86 90.0 -24 240.0 0 0 1 0 1 0 -1 0 0 3010.DAT
0 STEP
1 86 110.0 -48 220.0 -1 0 0 0 1 0 0 0 -1 3002.DAT
0 STEP
1 86 90.0 -1752 220.0 0 0 1 0 1 0 -1 0 0 3004.DAT
0 STEP
1 86 100.0 0 280.0 0 0 1 0 1 0 -1 0 0 3001.DAT
0 STEP
1 86 120.0 -1752 260.0 -1 0 0 0 1 0 0 0 -1 3001.DAT
0 STEP
1 86 90.0 -1728 280.0 0 0 1 0 1 0 -1 0 0 3004.DAT
0 STEP
1 86 120.0 -1752 300.0 -1 0 0 0 1 0 0 0 -1 3001.DAT
0 STEP
1 86 100.0 -24 360.0 0 0 1 0 1 0 -1 0 0 2456.DAT
0 STEP
1 86 90.0 -1728 380.0 0 0 1 0 1 0 -1 0 0 3008.DAT
0 STEP
1 86 120.0 0 330.0 -1 0 0 0 1 0 0 0 -1 3010.DAT
0 STEP
1 86 90.0 -48 330.0 0 0 1 0 1 0 -1 0 0 3005.DAT
0 STEP
1 86 90.0 0 350.0 0 0 1 0 1 0 -1 0 0 3005.DAT
0 STEP
1 86 120.0 -48 350.0 -1 0 0 0 1 0 0 0 -1 3010.DAT
0 STEP
1 86 90.0 -48 370.0 0 0 1 0 1 0 -1 0 0 3005.DAT
0 STEP
1 86 90.0 -48 420.0 0 0 1 0 1 0 -1 0 0 3004.DAT
0 STEP
1 86 100.0 -984 430.0 0 0 1 0 1 0 -1 0 0 3002.DAT
0 STEP
1 86 100.0 -1032 430.0 0 0 1 0 1 0 -1 0 0 3002.DAT
0 STEP
1 86 120.0 -1200 410.0 -1 0 0 0 1 0 0 0 -1 3010.DAT
0 STEP
1 86 100.0 -1224 430.0 0 0 1 0 1 0 -1 0 0 3002.DAT
0 STEP
1 86 100.0 -1272 430.0 0 0 1 0 1 0 -1 0 0 3002.DAT
0 STEP
1 86 100.0 -1368 430.0 0 0 1 0 1 0 -1 0 0 3002.DAT
0 STEP
1 86 110.0 -1392 410.0 -1 0 0 0 1 0 0 0 -1 3622.DAT
0 STEP
1 86 110.0 -1440 420.0 -1 0 0 0 1 0 0 0 -1 3002.DAT
0 STEP
1 86 100.0 -1512 430.0 0 0 1 0 1 0 -1 0 0 3002.DAT
0 STEP
1 86 100.0 -1560 430.0 0 0 1 0 1 0 -1 0 0 3002.DAT
0 STEP
1 86 100.0 -1704 410.0 -1 0 0 0 1 0 0 0 -1 3004.DAT
0 STEP
1 86 100.0 0 430.0 -1 0 0 0 1 0 0 0 -1 3004.DAT
0 STEP
1 86 90.0 -936 440.0 0 0 1 0 1 0 -1 0 0 3004.DAT
0 STEP
1 86 120.0 -1008 430.0 -1 0 0 0 1 0 0 0 -1 3010.DAT
0 STEP
1 86 90.0 -1128 430.0 0 0 1 0 1 0 -1 0 0 3005.DAT
0 STEP
1 86 120.0 -1152 430.0 -1 0 0 0 1 0 0 0 -1 3010.DAT
0 STEP
1 86 120.0 -1704 430.0 -1 0 0 0 1 0 0 0 -1 3010.DAT
0 STEP
1 86 90.0 0 450.0 0 0 1 0 1 0 -1 0 0 3005.DAT
0 STEP
1 86 90.0 -888 460.0 0 0 1 0 1 0 -1 0 0 3004.DAT
0 STEP
1 86 90.0 -1080 450.0 0 0 1 0 1 0 -1 0 0 3005.DAT
0 STEP
1 86 90.0 -1152 450.0 0 0 1 0 1 0 -1 0 0 3005.DAT
0 STEP
1 86 160.0 -1488 450.0 -1 0 0 0 1 0 0 0 -1 3008.DAT
0 STEP
1 86 90.0 -1656 450.0 0 0 1 0 1 0 -1 0 0 3005.DAT
0 STEP
1 86 120.0 -888 490.0 -1 0 0 0 1 0 0 0 -1 3010.DAT
0 STEP
1 86 160.0 -48 520.0 -1 0 0 0 1 0 0 0 -1 3007.DAT
0 STEP
1 86 90.0 -888 540.0 0 0 1 0 1 0 -1 0 0 3010.DAT
0 STEP
1 86 120.0 -48 550.0 -1 0 0 0 1 0 0 0 -1 3010.DAT
0 STEP
1 86 160.0 -912 550.0 -1 0 0 0 1 0 0 0 -1 3008.DAT
0 STEP
1 86 90.0 0 620.0 0 0 1 0 1 0 -1 0 0 3009.DAT
0 STEP
1 86 110.0 -48 570.0 -1 0 0 0 1 0 0 0 -1 3622.DAT
0 STEP
1 86 100.0 -864 620.0 0 0 1 0 1 0 -1 0 0 3001.DAT
0 STEP
1 86 90.0 -912 640.0 0 0 1 0 1 0 -1 0 0 3009.DAT
0 STEP
1 86 140.0 -24 610.0 -1 0 0 0 1 0 0 0 -1 3009.DAT
0 STEP
1 86 140.0 -24 650.0 -1 0 0 0 1 0 0 0 -1 3009.DAT
0 STEP
1 86 120.0 -216 650.0 -1 0 0 0 1 0 0 0 -1 3010.DAT
0 STEP
1 86 100.0 -240 670.0 0 0 1 0 1 0 -1 0 0 3002.DAT
0 STEP
1 86 120.0 -288 650.0 -1 0 0 0 1 0 0 0 -1 3010.DAT
0 STEP
1 86 90.0 -336 670.0 0 0 1 0 1 0 -1 0 0 3622.DAT
0 STEP
1 86 120.0 -360 650.0 -1 0 0 0 1 0 0 0 -1 3010.DAT
0 STEP
1 86 140.0 -408 660.0 -1 0 0 0 1 0 0 0 -1 2456.DAT
0 STEP
1 86 100.0 -504 670.0 0 0 1 0 1 0 -1 0 0 3002.DAT
0 STEP
1 86 90.0 -624 670.0 0 0 1 0 1 0 -1 0 0 3622.DAT
0 STEP
1 86 90.0 -696 670.0 0 0 1 0 1 0 -1 0 0 3622.DAT
0 STEP
1 86 120.0 -816 650.0 -1 0 0 0 1 0 0 0 -1 3010.DAT
0 STEP
1 86 160.0 -24 680.0 -1 0 0 0 1 0 0 0 -1 3007.DAT
0 STEP
1 86 90.0 -216 670.0 0 0 1 0 1 0 -1 0 0 3005.DAT
0 STEP
1 86 90.0 -288 680.0 0 0 1 0 1 0 -1 0 0 3004.DAT
0 STEP
1 86 140.0 -360 670.0 -1 0 0 0 1 0 0 0 -1 3009.DAT
0 STEP
1 86 160.0 -528 670.0 -1 0 0 0 1 0 0 0 -1 3008.DAT
0 STEP
1 86 90.0 -792 680.0 0 0 1 0 1 0 -1 0 0 3004.DAT
0 STEP
1 86 90.0 -864 680.0 0 0 1 0 1 0 -1 0 0 3004.DAT
0 STEP
1 86 90.0 0 690.0 0 0 1 0 1 0 -1 0 0 3005.DAT
0 STEP
1 86 140.0 -216 690.0 -1 0 0 0 1 0 0 0 -1 3009.DAT
0 STEP
1 86 90.0 -432 690.0 0 0 1 0 1 0 -1 0 0 3005.DAT
0 STEP
1 86 90.0 -576 690.0 0 0 1 0 1 0 -1 0 0 3005.DAT
0 STEP
1 86 110.0 -144 10.0 0 0 1 0 1 0 -1 0 0 3005.DAT
0 STEP
1 86 120.0 -192 30.0 0 0 1 0 1 0 -1 0 0 3002.DAT
0 STEP
1 86 120.0 -288 30.0 0 0 1 0 1 0 -1 0 0 3002.DAT
0 STEP
1 86 120.0 -384 20.0 0 0 1 0 1 0 -1 0 0 3003.DAT
0 STEP
1 86 180.0 -432 20.0 -1 0 0 0 1 0 0 0 -1 3007.DAT
0 STEP
1 86 120.0 -528 30.0 0 0 1 0 1 0 -1 0 0 3002.DAT
0 STEP
1 86 140.0 -672 10.0 -1 0 0 0 1 0 0 0 -1 3010.DAT
0 STEP
1 86 110.0 -792 30.0 0 0 1 0 1 0 -1 0 0 3622.DAT
0 STEP
1 86 160.0 -840 10.0 -1 0 0 0 1 0 0 0 -1 3009.DAT
0 STEP
1 86 110.0 -888 10.0 0 0 1 0 1 0 -1 0 0 3005.DAT
0 STEP
1 86 160.0 -936 20.0 -1 0 0 0 1 0 0 0 -1 2456.DAT
0 STEP
1 86 120.0 -960 30.0 0 0 1 0 1 0 -1 0 0 3002.DAT
0 STEP
1 86 110.0 -984 30.0 0 0 1 0 1 0 -1 0 0 3622.DAT
0 STEP
1 86 110.0 -1032 30.0 0 0 1 0 1 0 -1 0 0 3622.DAT
0 STEP
1 86 120.0 -1128 30.0 0 0 1 0 1 0 -1 0 0 3002.DAT
0 STEP
1 86 140.0 -1224 20.0 -1 0 0 0 1 0 0 0 -1 3001.DAT
0 STEP
1 86 120.0 -1296 30.0 0 0 1 0 1 0 -1 0 0 3002.DAT
0 STEP
1 86 110.0 -1464 30.0 0 0 1 0 1 0 -1 0 0 3622.DAT
0 STEP
1 86 120.0 -1512 30.0 0 0 1 0 1 0 -1 0 0 3002.DAT
0 STEP
1 86 110.0 -1560 30.0 0 0 1 0 1 0 -1 0 0 3622.DAT
0 STEP
1 86 110.0 -1608 10.0 0 0 1 0 1 0 -1 0 0 3005.DAT
0 STEP
1 86 120.0 -1632 30.0 0 0 1 0 1 0 -1 0 0 3002.DAT
0 STEP
1 86 110.0 -1680 30.0 0 0 1 0 1 0 -1 0 0 3622.DAT
0 STEP
1 86 110.0 -1728 10.0 0 0 1 0 1 0 -1 0 0 3005.DAT
0 STEP
1 86 140.0 -816 30.0 -1 0 0 0 1 0 0 0 -1 3010.DAT
0 STEP
1 86 130.0 -888 30.0 -1 0 0 0 1 0 0 0 -1 3622.DAT
0 STEP
1 86 140.0 -1104 30.0 -1 0 0 0 1 0 0 0 -1 3010.DAT
0 STEP
1 86 140.0 -1608 40.0 -1 0 0 0 1 0 0 0 -1 3001.DAT
0 STEP
1 86 180.0 -1704 30.0 -1 0 0 0 1 0 0 0 -1 3008.DAT
0 STEP
1 86 110.0 -1752 60.0 0 0 1 0 1 0 -1 0 0 3010.DAT
0 STEP
1 86 140.0 -120 50.0 -1 0 0 0 1 0 0 0 -1 3010.DAT
0 STEP
1 86 140.0 -384 50.0 -1 0 0 0 1 0 0 0 -1 3010.DAT
0 STEP
1 86 140.0 -432 50.0 -1 0 0 0 1 0 0 0 -1 3010.DAT
0 STEP
1 86 140.0 -480 50.0 -1 0 0 0 1 0 0 0 -1 3010.DAT
0 STEP
1 86 160.0 -600 50.0 -1 0 0 0 1 0 0 0 -1 3009.DAT
0 STEP
1 86 140.0 -672 50.0 -1 0 0 0 1 0 0 0 -1 3010.DAT
0 STEP
1 86 110.0 -840 50.0 0 0 1 0 1 0 -1 0 0 3005.DAT
0 STEP
1 86 110.0 -936 50.0 0 0 1 0 1 0 -1 0 0 3005.DAT
0 STEP
1 86 180.0 -1152 50.0 -1 0 0 0 1 0 0 0 -1 3008.DAT
0 STEP
1 86 140.0 -24 70.0 -1 0 0 0 1 0 0 0 -1 3010.DAT
0 STEP
1 86 110.0 -24 180.0 0 0 1 0 1 0 -1 0 0 3008.DAT
0 STEP
1 86 110.0 -1728 160.0 0 0 1 0 1 0 -1 0 0 3009.DAT
0 STEP
1 86 140.0 -1752 110.0 -1 0 0 0 1 0 0 0 -1 3010.DAT
0 STEP
1 86 130.0 0 130.0 -1 0 0 0 1 0 0 0 -1 3622.DAT
0 STEP
1 86 160.0 -1752 220.0 -1 0 0 0 1 0 0 0 -1 2456.DAT
0 STEP
1 86 130.0 -1728 240.0 -1 0 0 0 1 0 0 0 -1 3002.DAT
0 STEP
1 86 110.0 -48 280.0 0 0 1 0 1 0 -1 0 0 3010.DAT
0 STEP
1 86 130.0 -24 270.0 -1 0 0 0 1 0 0 0 -1 3622.DAT
0 STEP
1 86 110.0 -1728 300.0 0 0 1 0 1 0 -1 0 0 3010.DAT
0 STEP
1 86 140.0 -48 330.0 -1 0 0 0 1 0 0 0 -1 3010.DAT
0 STEP
1 86 140.0 0 350.0 -1 0 0 0 1 0 0 0 -1 3010.DAT
0 STEP
1 86 110.0 -1728 350.0 0 0 1 0 1 0 -1 0 0 3005.DAT
0 STEP
1 86 110.0 0 370.0 0 0 1 0 1 0 -1 0 0 3005.DAT
0 STEP
1 86 110.0 -48 400.0 0 0 1 0 1 0 -1 0 0 3010.DAT
0 STEP
1 86 140.0 -1728 370.0 -1 0 0 0 1 0 0 0 -1 3010.DAT
0 STEP
1 86 120.0 -1728 420.0 0 0 1 0 1 0 -1 0 0 3001.DAT
0 STEP
1 86 110.0 -936 430.0 0 0 1 0 1 0 -1 0 0 3622.DAT
0 STEP
1 86 110.0 -1056 430.0 0 0 1 0 1 0 -1 0 0 3622.DAT
0 STEP
1 86 120.0 -1128 430.0 0 0 1 0 1 0 -1 0 0 3002.DAT
0 STEP
1 86 120.0 -1176 430.0 0 0 1 0 1 0 -1 0 0 3002.DAT
0 STEP
1 86 120.0 -1320 430.0 0 0 1 0 1 0 -1 0 0 3002.DAT
0 STEP
1 86 140.0 -1416 420.0 -1 0 0 0 1 0 0 0 -1 3001.DAT
0 STEP
1 86 110.0 -1608 430.0 0 0 1 0 1 0 -1 0 0 3622.DAT
0 STEP
1 86 140.0 -1680 420.0 -1 0 0 0 1 0 0 0 -1 3001.DAT
0 STEP
1 86 140.0 -24 430.0 -1 0 0 0 1 0 0 0 -1 3010.DAT
0 STEP
1 86 140.0 -1200 430.0 -1 0 0 0 1 0 0 0 -1 3010.DAT
0 STEP
1 86 110.0 0 480.0 0 0 1 0 1 0 -1 0 0 3010.DAT
0 STEP
1 86 180.0 -24 450.0 -1 0 0 0 1 0 0 0 -1 3008.DAT
0 STEP
1 86 140.0 -888 460.0 -1 0 0 0 1 0 0 0 -1 3001.DAT
0 STEP
1 86 140.0 -1080 450.0 -1 0 0 0 1 0 0 0 -1 3010.DAT
0 STEP
1 86 140.0 -1152 450.0 -1 0 0 0 1 0 0 0 -1 3010.DAT
0 STEP
1 86 140.0 -1416 450.0 -1 0 0 0 1 0 0 0 -1 3010.DAT
0 STEP
1 86 140.0 -1656 450.0 -1 0 0 0 1 0 0 0 -1 3010.DAT
0 STEP
1 86 140.0 -1680 450.0 -1 0 0 0 1 0 0 0 -1 3010.DAT
0 STEP
1 86 110.0 -24 470.0 0 0 1 0 1 0 -1 0 0 3005.DAT
0 STEP
1 86 110.0 -24 520.0 0 0 1 0 1 0 -1 0 0 3010.DAT
0 STEP
1 86 140.0 -888 510.0 -1 0 0 0 1 0 0 0 -1 3010.DAT
0 STEP
1 86 120.0 -888 560.0 0 0 1 0 1 0 -1 0 0 3001.DAT
0 STEP
1 86 110.0 0 620.0 0 0 1 0 1 0 -1 0 0 3008.DAT
0 STEP
1 86 110.0 -24 570.0 0 0 1 0 1 0 -1 0 0 3005.DAT
0 STEP
1 86 120.0 -48 590.0 -1 0 0 0 1 0 0 0 -1 3004.DAT
0 STEP
1 86 140.0 -912 600.0 -1 0 0 0 1 0 0 0 -1 3001.DAT
0 STEP
1 86 120.0 -48 640.0 0 0 1 0 1 0 -1 0 0 3001.DAT
0 STEP
1 86 120.0 -912 660.0 0 0 1 0 1 0 -1 0 0 3001.DAT
0 STEP
1 86 140.0 -96 660.0 -1 0 0 0 1 0 0 0 -1 3001.DAT
0 STEP
1 86 110.0 -144 650.0 0 0 1 0 1 0 -1 0 0 3005.DAT
0 STEP
1 86 120.0 -192 670.0 0 0 1 0 1 0 -1 0 0 3002.DAT
0 STEP
1 86 130.0 -336 650.0 -1 0 0 0 1 0 0 0 -1 3622.DAT
0 STEP
1 86 120.0 -384 670.0 0 0 1 0 1 0 -1 0 0 3002.DAT
0 STEP
1 86 110.0 -456 670.0 0 0 1 0 1 0 -1 0 0 3622.DAT
0 STEP
1 86 120.0 -552 670.0 0 0 1 0 1 0 -1 0 0 3002.DAT
0 STEP
1 86 140.0 -624 650.0 -1 0 0 0 1 0 0 0 -1 3010.DAT
0 STEP
1 86 120.0 -696 660.0 0 0 1 0 1 0 -1 0 0 3003.DAT
0 STEP
1 86 110.0 -744 670.0 0 0 1 0 1 0 -1 0 0 3622.DAT
0 STEP
1 86 120.0 -840 670.0 0 0 1 0 1 0 -1 0 0 3002.DAT
0 STEP
1 86 140.0 -144 670.0 -1 0 0 0 1 0 0 0 -1 3010.DAT
0 STEP
1 86 140.0 -216 670.0 -1 0 0 0 1 0 0 0 -1 3010.DAT
0 STEP
1 86 140.0 -288 680.0 -1 0 0 0 1 0 0 0 -1 3001.DAT
0 STEP
1 86 110.0 -336 680.0 0 0 1 0 1 0 -1 0 0 3004.DAT
0 STEP
1 86 110.0 -432 680.0 0 0 1 0 1 0 -1 0 0 3004.DAT
0 STEP
1 86 140.0 -624 680.0 -1 0 0 0 1 0 0 0 -1 3001.DAT
0 STEP
1 86 140.0 -792 670.0 -1 0 0 0 1 0 0 0 -1 3010.DAT
0 STEP
1 86 180.0 -864 680.0 -1 0 0 0 1 0 0 0 -1 3007.DAT
0 STEP
1 86 130.0 -48 690.0 -1 0 0 0 1 0 0 0 -1 3622.DAT
0 STEP
1 86 140.0 -96 690.0 -1 0 0 0 1 0 0 0 -1 3010.DAT
0 STEP
1 86 110.0 -144 690.0 0 0 1 0 1 0 -1 0 0 3005.DAT
0 STEP
1 86 140.0 -576 690.0 -1 0 0 0 1 0 0 0 -1 3010.DAT
0 STEP
1 86 110.0 -696 690.0 0 0 1 0 1 0 -1 0 0 3005.DAT
0 STEP
1 86 180.0 -792 690.0 -1 0 0 0 1 0 0 0 -1 3008.DAT
0 STEP
1 86 130.0 -168 740.0 -1 0 0 0 1 0 0 0 -1 3002.DAT
0 STEP
1 86 110.0 -192 740.0 0 0 1 0 1 0 -1 0 0 3004.DAT
0 STEP
1 86 140.0 -216 740.0 -1 0 0 0 1 0 0 0 -1 3001.DAT
0 STEP
1 86 130.0 -240 740.0 -1 0 0 0 1 0 0 0 -1 3002.DAT
0 STEP
1 86 130.0 -264 740.0 -1 0 0 0 1 0 0 0 -1 3002.DAT
0 STEP
1 86 110.0 -288 730.0 0 0 1 0 1 0 -1 0 0 3005.DAT
0 STEP
1 86 130.0 -312 740.0 -1 0 0 0 1 0 0 0 -1 3002.DAT
0 STEP
1 86 110.0 -336 740.0 0 0 1 0 1 0 -1 0 0 3004.DAT
0 STEP
1 86 130.0 -360 740.0 -1 0 0 0 1 0 0 0 -1 3002.DAT
0 STEP
1 86 110.0 -624 730.0 0 0 1 0 1 0 -1 0 0 3005.DAT
0 STEP
1 86 130.0 -648 740.0 -1 0 0 0 1 0 0 0 -1 3002.DAT
0 STEP
1 86 130.0 -672 730.0 -1 0 0 0 1 0 0 0 -1 3622.DAT
0 STEP
1 86 110.0 -696 740.0 0 0 1 0 1 0 -1 0 0 3004.DAT
0 STEP
1 86 140.0 -720 740.0 -1 0 0 0 1 0 0 0 -1 3001.DAT
0 STEP
1 86 130.0 -744 740.0 -1 0 0 0 1 0 0 0 -1 3002.DAT
0 STEP
1 86 180.0 -768 740.0 -1 0 0 0 1 0 0 0 -1 3007.DAT
0 STEP
1 86 130.0 -792 740.0 -1 0 0 0 1 0 0 0 -1 3002.DAT
0 STEP
1 86 120.0 -816 740.0 0 0 1 0 1 0 -1 0 0 3003.DAT
0 STEP
1 86 120.0 -288 750.0 -1 0 0 0 1 0 0 0 -1 3004.DAT
0 STEP
1 86 140.0 -624 750.0 -1 0 0 0 1 0 0 0 -1 3010.DAT
0 STEP
1 86 140.0 -672 750.0 -1 0 0 0 1 0 0 0 -1 3010.DAT
0 STEP
1 86 130.0 0 40.0 0 0 1 0 1 0 -1 0 0 3010.DAT
0 STEP
1 86 130.0 -48 20.0 0 0 1 0 1 0 -1 0 0 3004.DAT
0 STEP
1 86 130.0 -72 30.0 0 0 1 0 1 0 -1 0 0 3622.DAT
0 STEP
1 86 180.0 -96 20.0 -1 0 0 0 1 0 0 0 -1 2456.DAT
0 STEP
1 86 140.0 -144 30.0 0 0 1 0 1 0 -1 0 0 3002.DAT
0 STEP
1 86 140.0 -240 30.0 0 0 1 0 1 0 -1 0 0 3002.DAT
0 STEP
1 86 200.0 -336 10.0 -1 0 0 0 1 0 0 0 -1 3008.DAT
0 STEP
1 86 140.0 -408 30.0 0 0 1 0 1 0 -1 0 0 3002.DAT
0 STEP
1 86 130.0 -456 30.0 0 0 1 0 1 0 -1 0 0 3622.DAT
0 STEP
1 86 200.0 -480 10.0 -1 0 0 0 1 0 0 0 -1 3008.DAT
0 STEP
1 86 140.0 -576 30.0 0 0 1 0 1 0 -1 0 0 3002.DAT
0 STEP
1 86 180.0 -600 20.0 -1 0 0 0 1 0 0 0 -1 2456.DAT
0 STEP
1 86 130.0 -648 30.0 0 0 1 0 1 0 -1 0 0 3622.DAT
0 STEP
1 86 140.0 -696 30.0 0 0 1 0 1 0 -1 0 0 3002.DAT
0 STEP
1 86 130.0 -720 10.0 0 0 1 0 1 0 -1 0 0 3005.DAT
0 STEP
1 86 140.0 -744 30.0 0 0 1 0 1 0 -1 0 0 3002.DAT
0 STEP
1 86 140.0 -792 30.0 0 0 1 0 1 0 -1 0 0 3002.DAT
0 STEP
1 86 140.0 -864 30.0 0 0 1 0 1 0 -1 0 0 3002.DAT
0 STEP
1 86 180.0 -888 10.0 -1 0 0 0 1 0 0 0 -1 3009.DAT
0 STEP
1 86 140.0 -912 30.0 0 0 1 0 1 0 -1 0 0 3002.DAT
0 STEP
1 86 180.0 -984 20.0 -1 0 0 0 1 0 0 0 -1 2456.DAT
0 STEP
1 86 140.0 -1032 30.0 0 0 1 0 1 0 -1 0 0 3002.DAT
0 STEP
1 86 130.0 -1080 30.0 0 0 1 0 1 0 -1 0 0 3622.DAT
0 STEP
1 86 130.0 -1152 20.0 0 0 1 0 1 0 -1 0 0 3004.DAT
0 STEP
1 86 140.0 -1200 30.0 0 0 1 0 1 0 -1 0 0 3002.DAT
0 STEP
1 86 140.0 -1248 30.0 0 0 1 0 1 0 -1 0 0 3002.DAT
0 STEP
1 86 140.0 -1344 30.0 0 0 1 0 1 0 -1 0 0 3002.DAT
0 STEP
1 86 140.0 -1392 30.0 0 0 1 0 1 0 -1 0 0 3002.DAT
0 STEP
1 86 130.0 -1416 10.0 0 0 1 0 1 0 -1 0 0 3005.DAT
0 STEP
1 86 140.0 -1464 30.0 0 0 1 0 1 0 -1 0 0 3002.DAT
0 STEP
1 86 140.0 -1560 30.0 0 0 1 0 1 0 -1 0 0 3002.DAT
0 STEP
1 86 160.0 -1608 10.0 -1 0 0 0 1 0 0 0 -1 3010.DAT
0 STEP
1 86 200.0 -1656 10.0 -1 0 0 0 1 0 0 0 -1 3008.DAT
0 STEP
1 86 140.0 -1680 30.0 0 0 1 0 1 0 -1 0 0 3002.DAT
0 STEP
1 86 130.0 -1728 20.0 0 0 1 0 1 0 -1 0 0 3004.DAT
0 STEP
1 86 150.0 -336 40.0 -1 0 0 0 1 0 0 0 -1 3002.DAT
0 STEP
1 86 160.0 -480 30.0 -1 0 0 0 1 0 0 0 -1 3010.DAT
0 STEP
1 86 160.0 -720 30.0 -1 0 0 0 1 0 0 0 -1 3010.DAT
0 STEP
1 86 180.0 -840 40.0 -1 0 0 0 1 0 0 0 -1 2456.DAT
0 STEP
1 86 140.0 -1752 60.0 0 0 1 0 1 0 -1 0 0 3001.DAT
0 STEP
1 86 140.0 -48 80.0 0 0 1 0 1 0 -1 0 0 3001.DAT
0 STEP
1 86 180.0 -96 50.0 -1 0 0 0 1 0 0 0 -1 3009.DAT
0 STEP
1 86 130.0 -504 50.0 0 0 1 0 1 0 -1 0 0 3005.DAT
0 STEP
1 86 160.0 -936 50.0 -1 0 0 0 1 0 0 0 -1 3010.DAT
0 STEP
1 86 180.0 -984 50.0 -1 0 0 0 1 0 0 0 -1 3009.DAT
0 STEP
1 86 130.0 -1704 80.0 0 0 1 0 1 0 -1 0 0 3010.DAT
0 STEP
1 86 200.0 -1728 50.0 -1 0 0 0 1 0 0 0 -1 3008.DAT
0 STEP
1 86 130.0 -1728 120.0 0 0 1 0 1 0 -1 0 0 3010.DAT
0 STEP
1 86 140.0 -24 140.0 0 0 1 0 1 0 -1 0 0 3001.DAT
0 STEP
1 86 130.0 -48 160.0 0 0 1 0 1 0 -1 0 0 3010.DAT
0 STEP
1 86 160.0 -1704 130.0 -1 0 0 0 1 0 0 0 -1 3010.DAT
0 STEP
1 86 130.0 -1704 150.0 0 0 1 0 1 0 -1 0 0 3005.DAT
0 STEP
1 86 130.0 -1704 240.0 0 0 1 0 1 0 -1 0 0 3008.DAT
0 STEP
1 86 160.0 -1728 180.0 -1 0 0 0 1 0 0 0 -1 3001.DAT
0 STEP
1 86 130.0 -24 220.0 0 0 1 0 1 0 -1 0 0 3010.DAT
0 STEP
1 86 140.0 -1728 210.0 -1 0 0 0 1 0 0 0 -1 3004.DAT
0 STEP
1 86 140.0 0 280.0 0 0 1 0 1 0 -1 0 0 3001.DAT
0 STEP
1 86 130.0 -48 270.0 0 0 1 0 1 0 -1 0 0 3622.DAT
0 STEP
1 86 160.0 -1728 280.0 -1 0 0 0 1 0 0 0 -1 3001.DAT
0 STEP
1 86 130.0 -24 320.0 0 0 1 0 1 0 -1 0 0 3004.DAT
0 STEP
1 86 180.0 -48 310.0 -1 0 0 0 1 0 0 0 -1 3009.DAT
0 STEP
1 86 130.0 -1728 310.0 0 0 1 0 1 0 -1 0 0 3005.DAT
0 STEP
1 86 130.0 -1704 330.0 0 0 1 0 1 0 -1 0 0 3005.DAT
0 STEP
1 86 160.0 -1728 340.0 -1 0 0 0 1 0 0 0 -1 3001.DAT
0 STEP
1 86 140.0 -24 380.0 0 0 1 0 1 0 -1 0 0 3001.DAT
0 STEP
1 86 140.0 -1704 380.0 0 0 1 0 1 0 -1 0 0 3001.DAT
0 STEP
1 86 130.0 -1752 360.0 0 0 1 0 1 0 -1 0 0 3004.DAT
0 STEP
1 86 160.0 0 370.0 -1 0 0 0 1 0 0 0 -1 3010.DAT
0 STEP
1 86 130.0 -48 370.0 0 0 1 0 1 0 -1 0 0 3005.DAT
0 STEP
1 86 200.0 -48 390.0 -1 0 0 0 1 0 0 0 -1 3008.DAT
0 STEP
1 86 130.0 0 440.0 0 0 1 0 1 0 -1 0 0 3010.DAT
0 STEP
1 86 130.0 -48 440.0 0 0 1 0 1 0 -1 0 0 3010.DAT
0 STEP
1 86 180.0 -936 420.0 -1 0 0 0 1 0 0 0 -1 2456.DAT
0 STEP
1 86 130.0 -984 430.0 0 0 1 0 1 0 -1 0 0 3622.DAT
0 STEP
1 86 160.0 -1032 420.0 -1 0 0 0 1 0 0 0 -1 3001.DAT
0 STEP
1 86 140.0 -1056 430.0 0 0 1 0 1 0 -1 0 0 3002.DAT
0 STEP
1 86 130.0 -1224 430.0 0 0 1 0 1 0 -1 0 0 3622.DAT
0 STEP
1 86 130.0 -1272 430.0 0 0 1 0 1 0 -1 0 0 3622.DAT
0 STEP
1 86 130.0 -1368 430.0 0 0 1 0 1 0 -1 0 0 3622.DAT
0 STEP
1 86 140.0 -1464 430.0 0 0 1 0 1 0 -1 0 0 3002.DAT
0 STEP
1 86 130.0 -1512 430.0 0 0 1 0 1 0 -1 0 0 3622.DAT
0 STEP
1 86 130.0 -1560 430.0 0 0 1 0 1 0 -1 0 0 3622.DAT
0 STEP
1 86 140.0 -1608 430.0 0 0 1 0 1 0 -1 0 0 3002.DAT
0 STEP
1 86 160.0 -1656 410.0 -1 0 0 0 1 0 0 0 -1 3010.DAT
0 STEP
1 86 160.0 -1752 410.0 -1 0 0 0 1 0 0 0 -1 3010.DAT
0 STEP
1 86 130.0 -1656 430.0 0 0 1 0 1 0 -1 0 0 3005.DAT
0 STEP
1 86 180.0 -936 450.0 -1 0 0 0 1 0 0 0 -1 3009.DAT
0 STEP
1 86 130.0 -1032 450.0 0 0 1 0 1 0 -1 0 0 3005.DAT
0 STEP
1 86 160.0 -1752 450.0 -1 0 0 0 1 0 0 0 -1 3010.DAT
0 STEP
1 86 130.0 -24 520.0 0 0 1 0 1 0 -1 0 0 3009.DAT
0 STEP
1 86 130.0 -864 520.0 0 0 1 0 1 0 -1 0 0 3009.DAT
0 STEP
1 86 130.0 0 490.0 0 0 1 0 1 0 -1 0 0 3005.DAT
0 STEP
1 86 160.0 0 510.0 -1 0 0 0 1 0 0 0 -1 3010.DAT
0 STEP
1 86 160.0 0 550.0 -1 0 0 0 1 0 0 0 -1 3010.DAT
0 STEP
1 86 140.0 0 600.0 0 0 1 0 1 0 -1 0 0 3001.DAT
0 STEP
1 86 130.0 -912 570.0 0 0 1 0 1 0 -1 0 0 3005.DAT
0 STEP
1 86 140.0 -864 620.0 0 0 1 0 1 0 -1 0 0 3001.DAT
0 STEP
1 86 130.0 0 670.0 0 0 1 0 1 0 -1 0 0 3622.DAT
0 STEP
1 86 130.0 -72 670.0 0 0 1 0 1 0 -1 0 0 3622.DAT
0 STEP
1 86 130.0 -120 670.0 0 0 1 0 1 0 -1 0 0 3622.DAT
0 STEP
1 86 160.0 -144 650.0 -1 0 0 0 1 0 0 0 -1 3010.DAT
0 STEP
1 86 130.0 -168 650.0 0 0 1 0 1 0 -1 0 0 3005.DAT
0 STEP
1 86 140.0 -240 670.0 0 0 1 0 1 0 -1 0 0 3002.DAT
0 STEP
1 86 140.0 -432 670.0 0 0 1 0 1 0 -1 0 0 3002.DAT
0 STEP
1 86 160.0 -456 660.0 -1 0 0 0 1 0 0 0 -1 3001.DAT
0 STEP
1 86 160.0 -504 650.0 -1 0 0 0 1 0 0 0 -1 3010.DAT
0 STEP
1 86 130.0 -600 670.0 0 0 1 0 1 0 -1 0 0 3622.DAT
0 STEP
1 86 140.0 -648 670.0 0 0 1 0 1 0 -1 0 0 3002.DAT
0 STEP
1 86 140.0 -744 650.0 -1 0 0 0 1 0 0 0 -1 3004.DAT
0 STEP
1 86 140.0 -768 670.0 0 0 1 0 1 0 -1 0 0 3002.DAT
0 STEP
1 86 180.0 -888 650.0 -1 0 0 0 1 0 0 0 -1 3009.DAT
0 STEP
1 86 150.0 -336 670.0 -1 0 0 0 1 0 0 0 -1 3622.DAT
0 STEP
1 86 130.0 -480 670.0 0 0 1 0 1 0 -1 0 0 3005.DAT
0 STEP
1 86 160.0 -504 680.0 -1 0 0 0 1 0 0 0 -1 3001.DAT
0 STEP
1 86 150.0 -744 670.0 -1 0 0 0 1 0 0 0 -1 3622.DAT
0 STEP
1 86 160.0 -888 670.0 -1 0 0 0 1 0 0 0 -1 3010.DAT
0 STEP
1 86 160.0 -144 690.0 -1 0 0 0 1 0 0 0 -1 3010.DAT
0 STEP
1 86 130.0 -168 690.0 0 0 1 0 1 0 -1 0 0 3005.DAT
0 STEP
1 86 130.0 -336 690.0 0 0 1 0 1 0 -1 0 0 3005.DAT
0 STEP
1 86 160.0 -456 690.0 -1 0 0 0 1 0 0 0 -1 3010.DAT
0 STEP
1 86 160.0 -696 690.0 -1 0 0 0 1 0 0 0 -1 3010.DAT
0 STEP
1 86 160.0 -744 690.0 -1 0 0 0 1 0 0 0 -1 3010.DAT
0 STEP
1 86 130.0 -192 730.0 0 0 1 0 1 0 -1 0 0 3005.DAT
0 STEP
1 86 200.0 -288 730.0 -1 0 0 0 1 0 0 0 -1 3008.DAT
0 STEP
1 86 180.0 -336 740.0 -1 0 0 0 1 0 0 0 -1 2456.DAT
0 STEP
1 86 160.0 -624 730.0 -1 0 0 0 1 0 0 0 -1 3010.DAT
0 STEP
1 86 160.0 -696 740.0 -1 0 0 0 1 0 0 0 -1 3001.DAT
0 STEP
1 86 160.0 -192 750.0 -1 0 0 0 1 0 0 0 -1 3010.DAT
0 STEP
1 86 180.0 0 20.0 -1 0 0 0 1 0 0 0 -1 3001.DAT
0 STEP
1 86 150.0 -24 10.0 0 0 1 0 1 0 -1 0 0 3005.DAT
0 STEP
1 86 180.0 -48 10.0 -1 0 0 0 1 0 0 0 -1 3010.DAT
0 STEP
1 86 160.0 -72 30.0 0 0 1 0 1 0 -1 0 0 3002.DAT
0 STEP
1 86 160.0 -192 30.0 0 0 1 0 1 0 -1 0 0 3002.DAT
0 STEP
1 86 160.0 -288 30.0 0 0 1 0 1 0 -1 0 0 3002.DAT
0 STEP
1 86 150.0 -312 10.0 0 0 1 0 1 0 -1 0 0 3005.DAT
0 STEP
1 86 150.0 -384 10.0 0 0 1 0 1 0 -1 0 0 3005.DAT
0 STEP
1 86 160.0 -456 30.0 0 0 1 0 1 0 -1 0 0 3002.DAT
0 STEP
1 86 160.0 -528 30.0 0 0 1 0 1 0 -1 0 0 3002.DAT
0 STEP
1 86 170.0 -552 10.0 -1 0 0 0 1 0 0 0 -1 3622.DAT
0 STEP
1 86 160.0 -624 30.0 0 0 1 0 1 0 -1 0 0 3002.DAT
0 STEP
1 86 150.0 -648 10.0 0 0 1 0 1 0 -1 0 0 3005.DAT
0 STEP
1 86 180.0 -720 10.0 -1 0 0 0 1 0 0 0 -1 3010.DAT
0 STEP
1 86 160.0 -960 30.0 0 0 1 0 1 0 -1 0 0 3002.DAT
0 STEP
1 86 180.0 -1080 20.0 -1 0 0 0 1 0 0 0 -1 3001.DAT
0 STEP
1 86 170.0 -1128 20.0 -1 0 0 0 1 0 0 0 -1 3002.DAT
0 STEP
1 86 180.0 -1152 20.0 -1 0 0 0 1 0 0 0 -1 3001.DAT
0 STEP
1 86 160.0 -1176 30.0 0 0 1 0 1 0 -1 0 0 3002.DAT
0 STEP
1 86 150.0 -1296 30.0 0 0 1 0 1 0 -1 0 0 3622.DAT
0 STEP
1 86 180.0 -1416 10.0 -1 0 0 0 1 0 0 0 -1 3010.DAT
0 STEP
1 86 170.0 -1512 10.0 -1 0 0 0 1 0 0 0 -1 3622.DAT
0 STEP
1 86 180.0 -1584 20.0 -1 0 0 0 1 0 0 0 -1 3001.DAT
0 STEP
1 86 150.0 -1632 30.0 0 0 1 0 1 0 -1 0 0 3622.DAT
0 STEP
1 86 220.0 -1704 10.0 -1 0 0 0 1 0 0 0 -1 3008.DAT
0 STEP
1 86 180.0 -1728 20.0 -1 0 0 0 1 0 0 0 -1 3001.DAT
0 STEP
1 86 150.0 -48 30.0 0 0 1 0 1 0 -1 0 0 3005.DAT
0 STEP
1 86 180.0 -384 30.0 -1 0 0 0 1 0 0 0 -1 3010.DAT
0 STEP
1 86 180.0 -648 40.0 -1 0 0 0 1 0 0 0 -1 3001.DAT
0 STEP
1 86 170.0 -1368 30.0 -1 0 0 0 1 0 0 0 -1 3622.DAT
0 STEP
1 86 240.0 -1512 40.0 -1 0 0 0 1 0 0 0 -1 3006.DAT
0 STEP
1 86 180.0 0 60.0 -1 0 0 0 1 0 0 0 -1 3001.DAT
0 STEP
1 86 180.0 -360 50.0 -1 0 0 0 1 0 0 0 -1 3010.DAT
0 STEP
1 86 180.0 -504 50.0 -1 0 0 0 1 0 0 0 -1 3010.DAT
0 STEP
1 86 180.0 -888 50.0 -1 0 0 0 1 0 0 0 -1 3010.DAT
0 STEP
1 86 150.0 -1008 50.0 0 0 1 0 1 0 -1 0 0 3005.DAT
0 STEP
1 86 180.0 -1080 50.0 -1 0 0 0 1 0 0 0 -1 3010.DAT
0 STEP
1 86 170.0 -1128 50.0 -1 0 0 0 1 0 0 0 -1 3622.DAT
0 STEP
1 86 160.0 -1704 80.0 0 0 1 0 1 0 -1 0 0 3001.DAT
0 STEP
1 86 150.0 -24 90.0 0 0 1 0 1 0 -1 0 0 3005.DAT
0 STEP
1 86 160.0 -1728 120.0 0 0 1 0 1 0 -1 0 0 3001.DAT
0 STEP
1 86 150.0 -48 130.0 0 0 1 0 1 0 -1 0 0 3005.DAT
0 STEP
1 86 150.0 -48 220.0 0 0 1 0 1 0 -1 0 0 3008.DAT
0 STEP
1 86 150.0 -1704 200.0 0 0 1 0 1 0 -1 0 0 3009.DAT
0 STEP
1 86 150.0 -1752 170.0 0 0 1 0 1 0 -1 0 0 3005.DAT
0 STEP
1 86 180.0 -24 190.0 -1 0 0 0 1 0 0 0 -1 3010.DAT
0 STEP
1 86 180.0 -1752 190.0 -1 0 0 0 1 0 0 0 -1 3010.DAT
0 STEP
1 86 180.0 -24 220.0 -1 0 0 0 1 0 0 0 -1 3001.DAT
0 STEP
1 86 150.0 -24 250.0 0 0 1 0 1 0 -1 0 0 3005.DAT
0 STEP
1 86 150.0 -1704 300.0 0 0 1 0 1 0 -1 0 0 3010.DAT
0 STEP
1 86 150.0 -24 310.0 0 0 1 0 1 0 -1 0 0 3622.DAT
0 STEP
1 86 220.0 -1728 310.0 -1 0 0 0 1 0 0 0 -1 3008.DAT
0 STEP
1 86 150.0 -1752 340.0 0 0 1 0 1 0 -1 0 0 3004.DAT
0 STEP
1 86 200.0 -48 370.0 -1 0 0 0 1 0 0 0 -1 3009.DAT
0 STEP
1 86 170.0 -1752 370.0 -1 0 0 0 1 0 0 0 -1 3622.DAT
0 STEP
1 86 150.0 -1728 420.0 0 0 1 0 1 0 -1 0 0 3010.DAT
0 STEP
1 86 150.0 0 410.0 0 0 1 0 1 0 -1 0 0 3005.DAT
0 STEP
1 86 220.0 -48 410.0 -1 0 0 0 1 0 0 0 -1 3008.DAT
0 STEP
1 86 150.0 -960 430.0 0 0 1 0 1 0 -1 0 0 3622.DAT
0 STEP
1 86 180.0 -984 410.0 -1 0 0 0 1 0 0 0 -1 3010.DAT
0 STEP
1 86 150.0 -1008 410.0 0 0 1 0 1 0 -1 0 0 3005.DAT
0 STEP
1 86 160.0 -1104 430.0 0 0 1 0 1 0 -1 0 0 3002.DAT
0 STEP
1 86 180.0 -1128 420.0 -1 0 0 0 1 0 0 0 -1 3001.DAT
0 STEP
1 86 200.0 -1176 410.0 -1 0 0 0 1 0 0 0 -1 3009.DAT
0 STEP
1 86 180.0 -1224 410.0 -1 0 0 0 1 0 0 0 -1 3010.DAT
0 STEP
1 86 180.0 -1272 420.0 -1 0 0 0 1 0 0 0 -1 3001.DAT
0 STEP
1 86 180.0 -1320 420.0 -1 0 0 0 1 0 0 0 -1 3001.DAT
0 STEP
1 86 180.0 -1368 410.0 -1 0 0 0 1 0 0 0 -1 3010.DAT
0 STEP
1 86 170.0 -1392 420.0 -1 0 0 0 1 0 0 0 -1 3002.DAT
0 STEP
1 86 150.0 -1440 410.0 0 0 1 0 1 0 -1 0 0 3005.DAT
0 STEP
1 86 170.0 -1488 410.0 -1 0 0 0 1 0 0 0 -1 3622.DAT
0 STEP
1 86 180.0 -1512 410.0 -1 0 0 0 1 0 0 0 -1 3010.DAT
0 STEP
1 86 180.0 -1560 410.0 -1 0 0 0 1 0 0 0 -1 3010.DAT
0 STEP
1 86 150.0 -1632 430.0 0 0 1 0 1 0 -1 0 0 3622.DAT
0 STEP
1 86 150.0 0 460.0 0 0 1 0 1 0 -1 0 0 3010.DAT
0 STEP
1 86 150.0 -48 450.0 0 0 1 0 1 0 -1 0 0 3622.DAT
0 STEP
1 86 150.0 -912 480.0 0 0 1 0 1 0 -1 0 0 3009.DAT
0 STEP
1 86 150.0 -984 430.0 0 0 1 0 1 0 -1 0 0 3005.DAT
0 STEP
1 86 200.0 -1176 440.0 -1 0 0 0 1 0 0 0 -1 2456.DAT
0 STEP
1 86 150.0 -1224 440.0 0 0 1 0 1 0 -1 0 0 3004.DAT
0 STEP
1 86 180.0 -1368 440.0 -1 0 0 0 1 0 0 0 -1 3001.DAT
0 STEP
1 86 170.0 -1440 440.0 -1 0 0 0 1 0 0 0 -1 3002.DAT
0 STEP
1 86 180.0 -1512 440.0 -1 0 0 0 1 0 0 0 -1 3001.DAT
0 STEP
1 86 180.0 -1560 440.0 -1 0 0 0 1 0 0 0 -1 3001.DAT
0 STEP
1 86 150.0 -1584 430.0 0 0 1 0 1 0 -1 0 0 3005.DAT
0 STEP
1 86 200.0 -1656 430.0 -1 0 0 0 1 0 0 0 -1 3009.DAT
0 STEP
1 86 180.0 -984 450.0 -1 0 0 0 1 0 0 0 -1 3010.DAT
0 STEP
1 86 180.0 -1032 450.0 -1 0 0 0 1 0 0 0 -1 3010.DAT
0 STEP
1 86 150.0 -1128 450.0 0 0 1 0 1 0 -1 0 0 3005.DAT
0 STEP
1 86 180.0 -1272 450.0 -1 0 0 0 1 0 0 0 -1 3010.DAT
0 STEP
1 86 180.0 -1320 450.0 -1 0 0 0 1 0 0 0 -1 3010.DAT
0 STEP
1 86 200.0 -24 470.0 -1 0 0 0 1 0 0 0 -1 3009.DAT
0 STEP
1 86 160.0 -864 490.0 0 0 1 0 1 0 -1 0 0 3002.DAT
0 STEP
1 86 160.0 -24 520.0 0 0 1 0 1 0 -1 0 0 3001.DAT
0 STEP
1 86 180.0 -864 540.0 -1 0 0 0 1 0 0 0 -1 3001.DAT
0 STEP
1 86 150.0 -888 530.0 0 0 1 0 1 0 -1 0 0 3005.DAT
0 STEP
1 86 150.0 -888 580.0 0 0 1 0 1 0 -1 0 0 3010.DAT
0 STEP
1 86 180.0 -24 570.0 -1 0 0 0 1 0 0 0 -1 3010.DAT
0 STEP
1 86 150.0 -48 620.0 0 0 1 0 1 0 -1 0 0 3009.DAT
0 STEP
1 86 180.0 -864 570.0 -1 0 0 0 1 0 0 0 -1 3010.DAT
0 STEP
1 86 180.0 -912 570.0 -1 0 0 0 1 0 0 0 -1 3010.DAT
0 STEP
1 86 220.0 -888 630.0 -1 0 0 0 1 0 0 0 -1 3008.DAT
0 STEP
1 86 160.0 -912 660.0 0 0 1 0 1 0 -1 0 0 3001.DAT
0 STEP
1 86 150.0 0 660.0 0 0 1 0 1 0 -1 0 0 3004.DAT
0 STEP
1 86 200.0 -72 660.0 -1 0 0 0 1 0 0 0 -1 2456.DAT
0 STEP
1 86 160.0 -120 670.0 0 0 1 0 1 0 -1 0 0 3002.DAT
0 STEP
1 86 150.0 -168 670.0 0 0 1 0 1 0 -1 0 0 3622.DAT
0 STEP
1 86 150.0 -192 670.0 0 0 1 0 1 0 -1 0 0 3622.DAT
0 STEP
1 86 150.0 -264 650.0 0 0 1 0 1 0 -1 0 0 3005.DAT
0 STEP
1 86 150.0 -312 670.0 0 0 1 0 1 0 -1 0 0 3622.DAT
0 STEP
1 86 160.0 -384 670.0 0 0 1 0 1 0 -1 0 0 3002.DAT
0 STEP
1 86 150.0 -552 650.0 0 0 1 0 1 0 -1 0 0 3005.DAT
0 STEP
1 86 220.0 -600 650.0 -1 0 0 0 1 0 0 0 -1 3008.DAT
0 STEP
1 86 150.0 -696 650.0 0 0 1 0 1 0 -1 0 0 3005.DAT
0 STEP
1 86 150.0 -792 650.0 0 0 1 0 1 0 -1 0 0 3005.DAT
0 STEP
1 86 170.0 -840 660.0 -1 0 0 0 1 0 0 0 -1 3002.DAT
0 STEP
1 86 160.0 -264 670.0 -1 0 0 0 1 0 0 0 -1 3004.DAT
0 STEP
1 86 150.0 -480 680.0 0 0 1 0 1 0 -1 0 0 3004.DAT
0 STEP
1 86 170.0 -552 680.0 -1 0 0 0 1 0 0 0 -1 3002.DAT
0 STEP
1 86 180.0 -600 670.0 -1 0 0 0 1 0 0 0 -1 3010.DAT
0 STEP
1 86 150.0 -672 680.0 0 0 1 0 1 0 -1 0 0 3004.DAT
0 STEP
1 86 160.0 -696 670.0 -1 0 0 0 1 0 0 0 -1 3004.DAT
0 STEP
1 86 150.0 -816 680.0 0 0 1 0 1 0 -1 0 0 3004.DAT
0 STEP
1 86 160.0 0 690.0 -1 0 0 0 1 0 0 0 -1 3004.DAT
0 STEP
1 86 160.0 -72 690.0 -1 0 0 0 1 0 0 0 -1 3004.DAT
0 STEP
1 86 200.0 -336 690.0 -1 0 0 0 1 0 0 0 -1 3009.DAT
0 STEP
1 86 150.0 -360 690.0 0 0 1 0 1 0 -1 0 0 3005.DAT
0 STEP
1 86 150.0 -528 690.0 0 0 1 0 1 0 -1 0 0 3005.DAT
0 STEP
1 86 150.0 -600 690.0 0 0 1 0 1 0 -1 0 0 3005.DAT
0 STEP
1 86 150.0 -720 690.0 0 0 1 0 1 0 -1 0 0 3005.DAT
0 STEP
1 86 180.0 -840 690.0 -1 0 0 0 1 0 0 0 -1 3010.DAT
0 STEP
1 86 180.0 -192 730.0 -1 0 0 0 1 0 0 0 -1 3010.DAT
0 STEP
1 86 150.0 -816 730.0 0 0 1 0 1 0 -1 0 0 3005.DAT
0 STEP
1 86 220.0 -288 750.0 -1 0 0 0 1 0 0 0 -1 3008.DAT
0 STEP
1 86 180.0 -816 750.0 -1 0 0 0 1 0 0 0 -1 3010.DAT
0 STEP
1 86 170.0 -24 30.0 0 0 1 0 1 0 -1 0 0 3622.DAT
0 STEP
1 86 170.0 -120 20.0 0 0 1 0 1 0 -1 0 0 3004.DAT
0 STEP
1 86 240.0 -144 10.0 -1 0 0 0 1 0 0 0 -1 3008.DAT
0 STEP
1 86 180.0 -168 30.0 0 0 1 0 1 0 -1 0 0 3002.DAT
0 STEP
1 86 240.0 -240 10.0 -1 0 0 0 1 0 0 0 -1 3008.DAT
0 STEP
1 86 200.0 -312 20.0 -1 0 0 0 1 0 0 0 -1 3001.DAT
0 STEP
1 86 200.0 -384 10.0 -1 0 0 0 1 0 0 0 -1 3010.DAT
0 STEP
1 86 180.0 -408 30.0 0 0 1 0 1 0 -1 0 0 3002.DAT
0 STEP
1 86 180.0 -576 30.0 0 0 1 0 1 0 -1 0 0 3002.DAT
0 STEP
1 86 220.0 -648 10.0 -1 0 0 0 1 0 0 0 -1 3009.DAT
0 STEP
1 86 170.0 -696 20.0 0 0 1 0 1 0 -1 0 0 3004.DAT
0 STEP
1 86 220.0 -744 20.0 -1 0 0 0 1 0 0 0 -1 2456.DAT
0 STEP
1 86 180.0 -768 30.0 0 0 1 0 1 0 -1 0 0 3002.DAT
0 STEP
1 86 200.0 -792 20.0 -1 0 0 0 1 0 0 0 -1 3001.DAT
0 STEP
1 86 170.0 -816 10.0 0 0 1 0 1 0 -1 0 0 3005.DAT
0 STEP
1 86 170.0 -864 30.0 0 0 1 0 1 0 -1 0 0 3622.DAT
0 STEP
1 86 170.0 -912 30.0 0 0 1 0 1 0 -1 0 0 3622.DAT
0 STEP
1 86 180.0 -1008 30.0 0 0 1 0 1 0 -1 0 0 3002.DAT
0 STEP
1 86 200.0 -1032 10.0 -1 0 0 0 1 0 0 0 -1 3010.DAT
0 STEP
1 86 170.0 -1056 20.0 0 0 1 0 1 0 -1 0 0 3004.DAT
0 STEP
1 86 170.0 -1104 10.0 0 0 1 0 1 0 -1 0 0 3005.DAT
0 STEP
1 86 260.0 -1200 20.0 -1 0 0 0 1 0 0 0 -1 3006.DAT
0 STEP
1 86 240.0 -1248 10.0 -1 0 0 0 1 0 0 0 -1 3008.DAT
0 STEP
1 86 240.0 -1296 10.0 -1 0 0 0 1 0 0 0 -1 3008.DAT
0 STEP
1 86 170.0 -1344 30.0 0 0 1 0 1 0 -1 0 0 3622.DAT
0 STEP
1 86 170.0 -1392 30.0 0 0 1 0 1 0 -1 0 0 3622.DAT
0 STEP
1 86 170.0 -1440 30.0 0 0 1 0 1 0 -1 0 0 3622.DAT
0 STEP
1 86 200.0 -1464 10.0 -1 0 0 0 1 0 0 0 -1 3010.DAT
0 STEP
1 86 170.0 -1488 30.0 0 0 1 0 1 0 -1 0 0 3622.DAT
0 STEP
1 86 170.0 -1560 30.0 0 0 1 0 1 0 -1 0 0 3622.DAT
0 STEP
1 86 180.0 -1632 30.0 0 0 1 0 1 0 -1 0 0 3002.DAT
0 STEP
1 86 180.0 -1680 30.0 0 0 1 0 1 0 -1 0 0 3002.DAT
0 STEP
1 86 170.0 -1752 10.0 0 0 1 0 1 0 -1 0 0 3005.DAT
0 STEP
1 86 200.0 -48 30.0 -1 0 0 0 1 0 0 0 -1 3010.DAT
0 STEP
1 86 240.0 -144 40.0 -1 0 0 0 1 0 0 0 -1 3007.DAT
0 STEP
1 86 240.0 -240 40.0 -1 0 0 0 1 0 0 0 -1 3007.DAT
0 STEP
1 86 170.0 -360 30.0 0 0 1 0 1 0 -1 0 0 3005.DAT
0 STEP
1 86 170.0 -672 30.0 0 0 1 0 1 0 -1 0 0 3005.DAT
0 STEP
1 86 200.0 -888 30.0 -1 0 0 0 1 0 0 0 -1 3010.DAT
0 STEP
1 86 200.0 -1032 40.0 -1 0 0 0 1 0 0 0 -1 3001.DAT
0 STEP
1 86 180.0 -1248 30.0 -1 0 0 0 1 0 0 0 -1 3004.DAT
0 STEP
1 86 170.0 -1296 30.0 0 0 1 0 1 0 -1 0 0 3005.DAT
0 STEP
1 86 220.0 -1464 30.0 -1 0 0 0 1 0 0 0 -1 3009.DAT
0 STEP
1 86 170.0 -1752 60.0 0 0 1 0 1 0 -1 0 0 3010.DAT
0 STEP
1 86 200.0 -48 60.0 -1 0 0 0 1 0 0 0 -1 3001.DAT
0 STEP
1 86 200.0 -696 50.0 -1 0 0 0 1 0 0 0 -1 3010.DAT
0 STEP
1 86 170.0 -744 50.0 0 0 1 0 1 0 -1 0 0 3005.DAT
0 STEP
1 86 200.0 -792 50.0 -1 0 0 0 1 0 0 0 -1 3010.DAT
0 STEP
1 86 170.0 -816 50.0 0 0 1 0 1 0 -1 0 0 3005.DAT
0 STEP
1 86 170.0 -1104 50.0 0 0 1 0 1 0 -1 0 0 3005.DAT
0 STEP
1 86 240.0 -1200 50.0 -1 0 0 0 1 0 0 0 -1 3008.DAT
0 STEP
1 86 200.0 -1248 50.0 -1 0 0 0 1 0 0 0 -1 3010.DAT
0 STEP
1 86 200.0 -1296 50.0 -1 0 0 0 1 0 0 0 -1 3010.DAT
0 STEP
1 86 200.0 -1464 50.0 -1 0 0 0 1 0 0 0 -1 3010.DAT
0 STEP
1 86 170.0 0 90.0 0 0 1 0 1 0 -1 0 0 3005.DAT
0 STEP
1 86 170.0 -24 120.0 0 0 1 0 1 0 -1 0 0 3010.DAT
0 STEP
1 86 200.0 -48 90.0 -1 0 0 0 1 0 0 0 -1 3010.DAT
0 STEP
1 86 170.0 0 180.0 0 0 1 0 1 0 -1 0 0 3008.DAT
0 STEP
1 86 170.0 -48 110.0 0 0 1 0 1 0 -1 0 0 3005.DAT
0 STEP
1 86 180.0 -48 160.0 0 0 1 0 1 0 -1 0 0 3001.DAT
0 STEP
1 86 170.0 -1752 150.0 0 0 1 0 1 0 -1 0 0 3622.DAT
0 STEP
1 86 180.0 -1704 180.0 0 0 1 0 1 0 -1 0 0 3001.DAT
0 STEP
1 86 200.0 -24 170.0 -1 0 0 0 1 0 0 0 -1 3010.DAT
0 STEP
1 86 170.0 -48 240.0 0 0 1 0 1 0 -1 0 0 3010.DAT
0 STEP
1 86 180.0 -1728 230.0 0 0 1 0 1 0 -1 0 0 3002.DAT
0 STEP
1 86 220.0 -1704 230.0 -1 0 0 0 1 0 0 0 -1 3009.DAT
0 STEP
1 86 170.0 -24 320.0 0 0 1 0 1 0 -1 0 0 3008.DAT
0 STEP
1 86 170.0 -1704 260.0 0 0 1 0 1 0 -1 0 0 3004.DAT
0 STEP
1 86 190.0 -1752 250.0 -1 0 0 0 1 0 0 0 -1 3622.DAT
0 STEP
1 86 180.0 0 300.0 0 0 1 0 1 0 -1 0 0 3001.DAT
0 STEP
1 86 180.0 -1752 300.0 0 0 1 0 1 0 -1 0 0 3001.DAT
0 STEP
1 86 170.0 -48 290.0 0 0 1 0 1 0 -1 0 0 3005.DAT
0 STEP
1 86 200.0 -1704 290.0 -1 0 0 0 1 0 0 0 -1 3010.DAT
0 STEP
1 86 190.0 -1704 320.0 -1 0 0 0 1 0 0 0 -1 3002.DAT
0 STEP
1 86 220.0 -48 350.0 -1 0 0 0 1 0 0 0 -1 3009.DAT
0 STEP
1 86 180.0 -1704 380.0 0 0 1 0 1 0 -1 0 0 3001.DAT
0 STEP
1 86 200.0 -1752 350.0 -1 0 0 0 1 0 0 0 -1 3010.DAT
0 STEP
1 86 180.0 0 420.0 0 0 1 0 1 0 -1 0 0 3001.DAT
0 STEP
1 86 180.0 -1728 420.0 0 0 1 0 1 0 -1 0 0 3001.DAT
0 STEP
1 86 170.0 -24 410.0 0 0 1 0 1 0 -1 0 0 3005.DAT
0 STEP
1 86 180.0 -960 430.0 0 0 1 0 1 0 -1 0 0 3002.DAT
0 STEP
1 86 170.0 -1008 430.0 0 0 1 0 1 0 -1 0 0 3622.DAT
0 STEP
1 86 170.0 -1056 430.0 0 0 1 0 1 0 -1 0 0 3622.DAT
0 STEP
1 86 170.0 -1152 420.0 0 0 1 0 1 0 -1 0 0 3004.DAT
0 STEP
1 86 170.0 -1200 410.0 0 0 1 0 1 0 -1 0 0 3005.DAT
0 STEP
1 86 170.0 -1344 430.0 0 0 1 0 1 0 -1 0 0 3622.DAT
0 STEP
1 86 200.0 -1440 410.0 -1 0 0 0 1 0 0 0 -1 3010.DAT
0 STEP
1 86 170.0 -1464 430.0 0 0 1 0 1 0 -1 0 0 3622.DAT
0 STEP
1 86 170.0 -1536 430.0 0 0 1 0 1 0 -1 0 0 3622.DAT
0 STEP
1 86 200.0 -1608 420.0 -1 0 0 0 1 0 0 0 -1 3001.DAT
0 STEP
1 86 180.0 -1632 430.0 0 0 1 0 1 0 -1 0 0 3002.DAT
0 STEP
1 86 180.0 -48 460.0 0 0 1 0 1 0 -1 0 0 3001.DAT
0 STEP
1 86 220.0 -912 440.0 -1 0 0 0 1 0 0 0 -1 2456.DAT
0 STEP
1 86 200.0 -984 430.0 -1 0 0 0 1 0 0 0 -1 3010.DAT
0 STEP
1 86 170.0 -1080 430.0 0 0 1 0 1 0 -1 0 0 3005.DAT
0 STEP
1 86 200.0 -1224 440.0 -1 0 0 0 1 0 0 0 -1 3001.DAT
0 STEP
1 86 170.0 -1584 440.0 0 0 1 0 1 0 -1 0 0 3004.DAT
0 STEP
1 86 220.0 -1704 440.0 -1 0 0 0 1 0 0 0 -1 2456.DAT
0 STEP
1 86 180.0 -1752 430.0 -1 0 0 0 1 0 0 0 -1 3004.DAT
0 STEP
1 86 200.0 -1128 450.0 -1 0 0 0 1 0 0 0 -1 3010.DAT
0 STEP
1 86 170.0 -1200 450.0 0 0 1 0 1 0 -1 0 0 3005.DAT
0 STEP
1 86 180.0 -1392 450.0 -1 0 0 0 1 0 0 0 -1 3004.DAT
0 STEP
1 86 240.0 -1608 450.0 -1 0 0 0 1 0 0 0 -1 3008.DAT
0 STEP
1 86 200.0 0 480.0 -1 0 0 0 1 0 0 0 -1 3001.DAT
0 STEP
1 86 170.0 -912 500.0 0 0 1 0 1 0 -1 0 0 3010.DAT
0 STEP
1 86 170.0 -888 490.0 0 0 1 0 1 0 -1 0 0 3005.DAT
0 STEP
1 86 170.0 -888 560.0 0 0 1 0 1 0 -1 0 0 3010.DAT
0 STEP
1 86 190.0 -48 560.0 -1 0 0 0 1 0 0 0 -1 3002.DAT
0 STEP
1 86 170.0 0 620.0 0 0 1 0 1 0 -1 0 0 3009.DAT
0 STEP
1 86 200.0 -48 600.0 -1 0 0 0 1 0 0 0 -1 3001.DAT
0 STEP
1 86 170.0 -864 620.0 0 0 1 0 1 0 -1 0 0 3010.DAT
0 STEP
1 86 170.0 -888 610.0 0 0 1 0 1 0 -1 0 0 3005.DAT
0 STEP
1 86 200.0 -48 640.0 -1 0 0 0 1 0 0 0 -1 3001.DAT
0 STEP
1 86 200.0 -432 650.0 -1 0 0 0 1 0 0 0 -1 3010.DAT
0 STEP
1 86 170.0 -480 670.0 0 0 1 0 1 0 -1 0 0 3622.DAT
0 STEP
1 86 240.0 -552 650.0 -1 0 0 0 1 0 0 0 -1 3008.DAT
0 STEP
1 86 190.0 -48 680.0 -1 0 0 0 1 0 0 0 -1 3002.DAT
0 STEP
1 86 240.0 -168 670.0 -1 0 0 0 1 0 0 0 -1 3008.DAT
0 STEP
1 86 170.0 -192 690.0 0 0 1 0 1 0 -1 0 0 3622.DAT
0 STEP
1 86 170.0 -240 680.0 0 0 1 0 1 0 -1 0 0 3004.DAT
0 STEP
1 86 170.0 -312 670.0 0 0 1 0 1 0 -1 0 0 3005.DAT
0 STEP
1 86 200.0 -432 680.0 -1 0 0 0 1 0 0 0 -1 3001.DAT
0 STEP
1 86 200.0 -648 670.0 -1 0 0 0 1 0 0 0 -1 3010.DAT
0 STEP
1 86 170.0 -672 700.0 0 0 1 0 1 0 -1 0 0 3010.DAT
0 STEP
1 86 170.0 -720 690.0 0 0 1 0 1 0 -1 0 0 3622.DAT
0 STEP
1 86 170.0 -768 690.0 0 0 1 0 1 0 -1 0 0 3622.DAT
0 STEP
1 86 180.0 -816 700.0 0 0 1 0 1 0 -1 0 0 3001.DAT
0 STEP
1 86 170.0 -168 720.0 0 0 1 0 1 0 -1 0 0 3010.DAT
0 STEP
1 86 180.0 -264 720.0 0 0 1 0 1 0 -1 0 0 3001.DAT
0 STEP
1 86 170.0 -312 720.0 0 0 1 0 1 0 -1 0 0 3010.DAT
0 STEP
1 86 180.0 -360 720.0 0 0 1 0 1 0 -1 0 0 3001.DAT
0 STEP
1 86 200.0 -528 690.0 -1 0 0 0 1 0 0 0 -1 3010.DAT
0 STEP
1 86 240.0 -600 690.0 -1 0 0 0 1 0 0 0 -1 3008.DAT
0 STEP
1 86 180.0 -648 720.0 0 0 1 0 1 0 -1 0 0 3001.DAT
0 STEP
1 86 170.0 -216 710.0 0 0 1 0 1 0 -1 0 0 3005.DAT
0 STEP
1 86 190.0 -240 710.0 -1 0 0 0 1 0 0 0 -1 3622.DAT
0 STEP
1 86 170.0 -288 710.0 0 0 1 0 1 0 -1 0 0 3005.DAT
0 STEP
1 86 200.0 -336 710.0 -1 0 0 0 1 0 0 0 -1 3010.DAT
0 STEP
1 86 180.0 -696 710.0 -1 0 0 0 1 0 0 0 -1 3004.DAT
0 STEP
1 86 180.0 -744 730.0 0 0 1 0 1 0 -1 0 0 3002.DAT
0 STEP
1 86 170.0 -792 730.0 0 0 1 0 1 0 -1 0 0 3622.DAT
0 STEP
1 86 240.0 -240 740.0 -1 0 0 0 1 0 0 0 -1 3007.DAT
0 STEP
1 86 190.0 -24 60.0 0 0 1 0 1 0 -1 0 0 3009.DAT
0 STEP
1 86 190.0 -72 30.0 0 0 1 0 1 0 -1 0 0 3622.DAT
0 STEP
1 86 190.0 -120 30.0 0 0 1 0 1 0 -1 0 0 3622.DAT
0 STEP
1 86 260.0 -192 10.0 -1 0 0 0 1 0 0 0 -1 3008.DAT
0 STEP
1 86 200.0 -288 30.0 0 0 1 0 1 0 -1 0 0 3002.DAT
0 STEP
1 86 200.0 -360 20.0 0 0 1 0 1 0 -1 0 0 3003.DAT
0 STEP
1 86 200.0 -456 30.0 0 0 1 0 1 0 -1 0 0 3002.DAT
0 STEP
1 86 190.0 -528 30.0 0 0 1 0 1 0 -1 0 0 3622.DAT
0 STEP
1 86 190.0 -624 30.0 0 0 1 0 1 0 -1 0 0 3622.DAT
0 STEP
1 86 190.0 -672 30.0 0 0 1 0 1 0 -1 0 0 3622.DAT
0 STEP
1 86 190.0 -696 10.0 0 0 1 0 1 0 -1 0 0 3005.DAT
0 STEP
1 86 190.0 -816 30.0 0 0 1 0 1 0 -1 0 0 3622.DAT
0 STEP
1 86 200.0 -864 30.0 0 0 1 0 1 0 -1 0 0 3002.DAT
0 STEP
1 86 200.0 -912 30.0 0 0 1 0 1 0 -1 0 0 3002.DAT
0 STEP
1 86 200.0 -960 30.0 0 0 1 0 1 0 -1 0 0 3002.DAT
0 STEP
1 86 190.0 -1056 30.0 0 0 1 0 1 0 -1 0 0 3622.DAT
0 STEP
1 86 190.0 -1104 30.0 0 0 1 0 1 0 -1 0 0 3622.DAT
0 STEP
1 86 200.0 -1176 30.0 0 0 1 0 1 0 -1 0 0 3002.DAT
0 STEP
1 86 200.0 -1224 30.0 0 0 1 0 1 0 -1 0 0 3002.DAT
0 STEP
1 86 200.0 -1272 30.0 0 0 1 0 1 0 -1 0 0 3002.DAT
0 STEP
1 86 220.0 -1344 10.0 -1 0 0 0 1 0 0 0 -1 3010.DAT
0 STEP
1 86 190.0 -1392 10.0 0 0 1 0 1 0 -1 0 0 3005.DAT
0 STEP
1 86 190.0 -1440 10.0 0 0 1 0 1 0 -1 0 0 3005.DAT
0 STEP
1 86 200.0 -1488 30.0 0 0 1 0 1 0 -1 0 0 3002.DAT
0 STEP
1 86 260.0 -1560 10.0 -1 0 0 0 1 0 0 0 -1 3008.DAT
0 STEP
1 86 220.0 -1752 10.0 -1 0 0 0 1 0 0 0 -1 3010.DAT
0 STEP
1 86 240.0 -192 30.0 -1 0 0 0 1 0 0 0 -1 3009.DAT
0 STEP
1 86 210.0 -336 30.0 -1 0 0 0 1 0 0 0 -1 3622.DAT
0 STEP
1 86 210.0 -696 30.0 -1 0 0 0 1 0 0 0 -1 3622.DAT
0 STEP
1 86 220.0 -1296 30.0 -1 0 0 0 1 0 0 0 -1 3010.DAT
0 STEP
1 86 260.0 -1344 30.0 -1 0 0 0 1 0 0 0 -1 3008.DAT
0 STEP
1 86 220.0 -1392 30.0 -1 0 0 0 1 0 0 0 -1 3010.DAT
0 STEP
1 86 220.0 -1440 40.0 -1 0 0 0 1 0 0 0 -1 3001.DAT
0 STEP
1 86 260.0 -1560 40.0 -1 0 0 0 1 0 0 0 -1 3007.DAT
0 STEP
1 86 190.0 -1608 30.0 0 0 1 0 1 0 -1 0 0 3005.DAT
0 STEP
1 86 190.0 -1752 100.0 0 0 1 0 1 0 -1 0 0 3008.DAT
0 STEP
1 86 220.0 -192 50.0 -1 0 0 0 1 0 0 0 -1 3010.DAT
0 STEP
1 86 220.0 -336 50.0 -1 0 0 0 1 0 0 0 -1 3010.DAT
0 STEP
1 86 190.0 -384 50.0 0 0 1 0 1 0 -1 0 0 3005.DAT
0 STEP
1 86 190.0 -432 50.0 0 0 1 0 1 0 -1 0 0 3005.DAT
0 STEP
1 86 190.0 -480 50.0 0 0 1 0 1 0 -1 0 0 3005.DAT
0 STEP
1 86 220.0 -744 50.0 -1 0 0 0 1 0 0 0 -1 3010.DAT
0 STEP
1 86 190.0 -1320 50.0 0 0 1 0 1 0 -1 0 0 3005.DAT
0 STEP
1 86 190.0 -1344 50.0 0 0 1 0 1 0 -1 0 0 3005.DAT
0 STEP
1 86 190.0 -1392 50.0 0 0 1 0 1 0 -1 0 0 3005.DAT
0 STEP
1 86 260.0 -1608 50.0 -1 0 0 0 1 0 0 0 -1 3008.DAT
0 STEP
1 86 200.0 -1704 80.0 0 0 1 0 1 0 -1 0 0 3001.DAT
0 STEP
1 86 200.0 0 120.0 0 0 1 0 1 0 -1 0 0 3001.DAT
0 STEP
1 86 190.0 -1728 120.0 0 0 1 0 1 0 -1 0 0 3010.DAT
0 STEP
1 86 260.0 -48 110.0 -1 0 0 0 1 0 0 0 -1 3008.DAT
0 STEP
1 86 190.0 -24 130.0 0 0 1 0 1 0 -1 0 0 3005.DAT
0 STEP
1 86 210.0 -24 150.0 -1 0 0 0 1 0 0 0 -1 3622.DAT
0 STEP
1 86 240.0 0 180.0 -1 0 0 0 1 0 0 0 -1 2456.DAT
0 STEP
1 86 190.0 0 210.0 0 0 1 0 1 0 -1 0 0 3005.DAT
0 STEP
1 86 220.0 -48 210.0 -1 0 0 0 1 0 0 0 -1 3010.DAT
0 STEP
1 86 220.0 0 240.0 -1 0 0 0 1 0 0 0 -1 3001.DAT
0 STEP
1 86 190.0 -48 260.0 0 0 1 0 1 0 -1 0 0 3010.DAT
0 STEP
1 86 190.0 -24 260.0 0 0 1 0 1 0 -1 0 0 3004.DAT
0 STEP
1 86 240.0 -1704 250.0 -1 0 0 0 1 0 0 0 -1 3009.DAT
0 STEP
1 86 260.0 -1704 270.0 -1 0 0 0 1 0 0 0 -1 3008.DAT
0 STEP
1 86 220.0 -24 300.0 -1 0 0 0 1 0 0 0 -1 3001.DAT
0 STEP
1 86 200.0 -24 360.0 0 0 1 0 1 0 -1 0 0 3001.DAT
0 STEP
1 86 210.0 -48 330.0 -1 0 0 0 1 0 0 0 -1 3622.DAT
0 STEP
1 86 240.0 0 350.0 -1 0 0 0 1 0 0 0 -1 3009.DAT
0 STEP
1 86 190.0 -1728 370.0 0 0 1 0 1 0 -1 0 0 3005.DAT
0 STEP
1 86 190.0 -1752 390.0 0 0 1 0 1 0 -1 0 0 3005.DAT
0 STEP
1 86 220.0 -24 410.0 -1 0 0 0 1 0 0 0 -1 3010.DAT
0 STEP
1 86 260.0 -1008 410.0 -1 0 0 0 1 0 0 0 -1 3008.DAT
0 STEP
1 86 210.0 -1056 410.0 -1 0 0 0 1 0 0 0 -1 3622.DAT
0 STEP
1 86 200.0 -1080 430.0 0 0 1 0 1 0 -1 0 0 3002.DAT
0 STEP
1 86 220.0 -1104 420.0 -1 0 0 0 1 0 0 0 -1 3001.DAT
0 STEP
1 86 200.0 -1152 430.0 0 0 1 0 1 0 -1 0 0 3002.DAT
0 STEP
1 86 200.0 -1200 430.0 0 0 1 0 1 0 -1 0 0 3002.DAT
0 STEP
1 86 190.0 -1248 430.0 0 0 1 0 1 0 -1 0 0 3622.DAT
0 STEP
1 86 190.0 -1296 420.0 0 0 1 0 1 0 -1 0 0 3004.DAT
0 STEP
1 86 240.0 -1344 420.0 -1 0 0 0 1 0 0 0 -1 2456.DAT
0 STEP
1 86 200.0 -1416 430.0 0 0 1 0 1 0 -1 0 0 3002.DAT
0 STEP
1 86 200.0 -1464 430.0 0 0 1 0 1 0 -1 0 0 3002.DAT
0 STEP
1 86 220.0 -1536 420.0 -1 0 0 0 1 0 0 0 -1 3001.DAT
0 STEP
1 86 200.0 -1584 430.0 0 0 1 0 1 0 -1 0 0 3002.DAT
0 STEP
1 86 200.0 -1680 430.0 0 0 1 0 1 0 -1 0 0 3002.DAT
0 STEP
1 86 240.0 -24 430.0 -1 0 0 0 1 0 0 0 -1 3009.DAT
0 STEP
1 86 260.0 -1008 440.0 -1 0 0 0 1 0 0 0 -1 3007.DAT
0 STEP
1 86 220.0 -1056 440.0 -1 0 0 0 1 0 0 0 -1 3001.DAT
0 STEP
1 86 190.0 -1488 430.0 0 0 1 0 1 0 -1 0 0 3005.DAT
0 STEP
1 86 200.0 -888 500.0 0 0 1 0 1 0 -1 0 0 2456.DAT
0 STEP
1 86 190.0 -1104 450.0 0 0 1 0 1 0 -1 0 0 3005.DAT
0 STEP
1 86 220.0 -1296 450.0 -1 0 0 0 1 0 0 0 -1 3010.DAT
0 STEP
1 86 190.0 -1344 450.0 0 0 1 0 1 0 -1 0 0 3005.DAT
0 STEP
1 86 220.0 -1536 450.0 -1 0 0 0 1 0 0 0 -1 3010.DAT
0 STEP
1 86 240.0 -1656 450.0 -1 0 0 0 1 0 0 0 -1 3009.DAT
0 STEP
1 86 220.0 -864 480.0 -1 0 0 0 1 0 0 0 -1 3001.DAT
0 STEP
1 86 220.0 -912 470.0 -1 0 0 0 1 0 0 0 -1 3010.DAT
0 STEP
1 86 190.0 -24 520.0 0 0 1 0 1 0 -1 0 0 3010.DAT
0 STEP
1 86 190.0 -912 500.0 0 0 1 0 1 0 -1 0 0 3004.DAT
0 STEP
1 86 190.0 -864 510.0 0 0 1 0 1 0 -1 0 0 3005.DAT
0 STEP
1 86 190.0 0 530.0 0 0 1 0 1 0 -1 0 0 3005.DAT
0 STEP
1 86 210.0 -912 530.0 -1 0 0 0 1 0 0 0 -1 3622.DAT
0 STEP
1 86 190.0 0 570.0 0 0 1 0 1 0 -1 0 0 3005.DAT
0 STEP
1 86 190.0 -888 580.0 0 0 1 0 1 0 -1 0 0 3004.DAT
0 STEP
1 86 240.0 0 590.0 -1 0 0 0 1 0 0 0 -1 3009.DAT
0 STEP
1 86 190.0 -24 590.0 0 0 1 0 1 0 -1 0 0 3005.DAT
0 STEP
1 86 200.0 -864 620.0 0 0 1 0 1 0 -1 0 0 3001.DAT
0 STEP
1 86 200.0 -912 620.0 0 0 1 0 1 0 -1 0 0 3001.DAT
0 STEP
1 86 190.0 0 610.0 0 0 1 0 1 0 -1 0 0 3005.DAT
0 STEP
1 86 260.0 -888 610.0 -1 0 0 0 1 0 0 0 -1 3008.DAT
0 STEP
1 86 190.0 0 660.0 0 0 1 0 1 0 -1 0 0 3010.DAT
0 STEP
1 86 190.0 -24 630.0 0 0 1 0 1 0 -1 0 0 3005.DAT
0 STEP
1 86 200.0 -96 670.0 0 0 1 0 1 0 -1 0 0 3002.DAT
0 STEP
1 86 200.0 -120 670.0 0 0 1 0 1 0 -1 0 0 3002.DAT
0 STEP
1 86 220.0 -384 660.0 -1 0 0 0 1 0 0 0 -1 3001.DAT
0 STEP
1 86 210.0 -480 650.0 -1 0 0 0 1 0 0 0 -1 3622.DAT
0 STEP
1 86 190.0 -528 650.0 0 0 1 0 1 0 -1 0 0 3005.DAT
0 STEP
1 86 190.0 -576 670.0 0 0 1 0 1 0 -1 0 0 3622.DAT
0 STEP
1 86 190.0 -624 670.0 0 0 1 0 1 0 -1 0 0 3622.DAT
0 STEP
1 86 190.0 -144 670.0 0 0 1 0 1 0 -1 0 0 3005.DAT
0 STEP
1 86 210.0 -480 680.0 -1 0 0 0 1 0 0 0 -1 3002.DAT
0 STEP
1 86 220.0 -912 670.0 -1 0 0 0 1 0 0 0 -1 3010.DAT
0 STEP
1 86 260.0 -72 690.0 -1 0 0 0 1 0 0 0 -1 3008.DAT
0 STEP
1 86 200.0 -168 720.0 0 0 1 0 1 0 -1 0 0 3001.DAT
0 STEP
1 86 280.0 -192 700.0 -1 0 0 0 1 0 0 0 -1 3006.DAT
0 STEP
1 86 190.0 -240 690.0 0 0 1 0 1 0 -1 0 0 3005.DAT
0 STEP
1 86 190.0 -288 690.0 0 0 1 0 1 0 -1 0 0 3005.DAT
0 STEP
1 86 190.0 -312 690.0 0 0 1 0 1 0 -1 0 0 3005.DAT
0 STEP
1 86 240.0 -384 690.0 -1 0 0 0 1 0 0 0 -1 3009.DAT
0 STEP
1 86 220.0 -672 700.0 -1 0 0 0 1 0 0 0 -1 3001.DAT
0 STEP
1 86 190.0 -720 700.0 0 0 1 0 1 0 -1 0 0 3004.DAT
0 STEP
1 86 190.0 -768 690.0 0 0 1 0 1 0 -1 0 0 3005.DAT
0 STEP
1 86 190.0 -912 690.0 0 0 1 0 1 0 -1 0 0 3005.DAT
0 STEP
1 86 200.0 -216 730.0 0 0 1 0 1 0 -1 0 0 3002.DAT
0 STEP
1 86 240.0 -288 710.0 -1 0 0 0 1 0 0 0 -1 3009.DAT
0 STEP
1 86 200.0 -312 730.0 0 0 1 0 1 0 -1 0 0 3002.DAT
0 STEP
1 86 220.0 -768 710.0 -1 0 0 0 1 0 0 0 -1 3010.DAT
0 STEP
1 86 200.0 -792 730.0 0 0 1 0 1 0 -1 0 0 3002.DAT
0 STEP
1 86 220.0 -672 740.0 -1 0 0 0 1 0 0 0 -1 3001.DAT
0 STEP
1 86 220.0 -720 730.0 -1 0 0 0 1 0 0 0 -1 3010.DAT
0 STEP
1 86 190.0 -624 750.0 0 0 1 0 1 0 -1 0 0 3005.DAT
0 STEP
1 86 240.0 -720 750.0 -1 0 0 0 1 0 0 0 -1 3009.DAT
0 STEP
1 86 240.0 -24 10.0 -1 0 0 0 1 0 0 0 -1 3010.DAT
0 STEP
1 86 240.0 -72 10.0 -1 0 0 0 1 0 0 0 -1 3010.DAT
0 STEP
1 86 240.0 -120 20.0 -1 0 0 0 1 0 0 0 -1 3001.DAT
0 STEP
1 86 220.0 -168 30.0 0 0 1 0 1 0 -1 0 0 3002.DAT
0 STEP
1 86 210.0 -216 30.0 0 0 1 0 1 0 -1 0 0 3622.DAT
0 STEP
1 86 220.0 -408 30.0 0 0 1 0 1 0 -1 0 0 3002.DAT
0 STEP
1 86 240.0 -528 10.0 -1 0 0 0 1 0 0 0 -1 3010.DAT
0 STEP
1 86 220.0 -552 20.0 0 0 1 0 1 0 -1 0 0 3003.DAT
0 STEP
1 86 210.0 -576 30.0 0 0 1 0 1 0 -1 0 0 3622.DAT
0 STEP
1 86 210.0 -624 10.0 0 0 1 0 1 0 -1 0 0 3005.DAT
0 STEP
1 86 220.0 -672 30.0 0 0 1 0 1 0 -1 0 0 3002.DAT
0 STEP
1 86 260.0 -696 10.0 -1 0 0 0 1 0 0 0 -1 3009.DAT
0 STEP
1 86 240.0 -768 10.0 -1 0 0 0 1 0 0 0 -1 3010.DAT
0 STEP
1 86 220.0 -816 30.0 0 0 1 0 1 0 -1 0 0 3002.DAT
0 STEP
1 86 210.0 -1008 30.0 0 0 1 0 1 0 -1 0 0 3622.DAT
0 STEP
1 86 210.0 -1056 10.0 0 0 1 0 1 0 -1 0 0 3005.DAT
0 STEP
1 86 210.0 -1104 20.0 0 0 1 0 1 0 -1 0 0 3004.DAT
0 STEP
1 86 220.0 -1128 30.0 0 0 1 0 1 0 -1 0 0 3002.DAT
0 STEP
1 86 220.0 -1320 30.0 0 0 1 0 1 0 -1 0 0 3002.DAT
0 STEP
1 86 240.0 -1392 10.0 -1 0 0 0 1 0 0 0 -1 3010.DAT
0 STEP
1 86 240.0 -1440 10.0 -1 0 0 0 1 0 0 0 -1 3010.DAT
0 STEP
1 86 260.0 -1512 10.0 -1 0 0 0 1 0 0 0 -1 3009.DAT
0 STEP
1 86 220.0 -1536 30.0 0 0 1 0 1 0 -1 0 0 3002.DAT
0 STEP
1 86 260.0 -1608 20.0 -1 0 0 0 1 0 0 0 -1 2456.DAT
0 STEP
1 86 210.0 -1632 30.0 0 0 1 0 1 0 -1 0 0 3622.DAT
0 STEP
1 86 220.0 -1680 30.0 0 0 1 0 1 0 -1 0 0 3002.DAT
0 STEP
1 86 210.0 -24 60.0 0 0 1 0 1 0 -1 0 0 3010.DAT
0 STEP
1 86 210.0 -72 40.0 0 0 1 0 1 0 -1 0 0 3004.DAT
0 STEP
1 86 240.0 -480 40.0 -1 0 0 0 1 0 0 0 -1 3001.DAT
0 STEP
1 86 210.0 -528 30.0 0 0 1 0 1 0 -1 0 0 3005.DAT
0 STEP
1 86 240.0 -624 30.0 -1 0 0 0 1 0 0 0 -1 3010.DAT
0 STEP
1 86 210.0 -720 40.0 0 0 1 0 1 0 -1 0 0 3004.DAT
0 STEP
1 86 240.0 -768 40.0 -1 0 0 0 1 0 0 0 -1 3001.DAT
0 STEP
1 86 240.0 -1056 40.0 -1 0 0 0 1 0 0 0 -1 3001.DAT
0 STEP
1 86 280.0 -1248 30.0 -1 0 0 0 1 0 0 0 -1 3008.DAT
0 STEP
1 86 210.0 -1368 40.0 0 0 1 0 1 0 -1 0 0 3004.DAT
0 STEP
1 86 240.0 -1752 30.0 -1 0 0 0 1 0 0 0 -1 3010.DAT
0 STEP
1 86 210.0 -120 50.0 0 0 1 0 1 0 -1 0 0 3005.DAT
0 STEP
1 86 240.0 -384 50.0 -1 0 0 0 1 0 0 0 -1 3010.DAT
0 STEP
1 86 240.0 -432 50.0 -1 0 0 0 1 0 0 0 -1 3010.DAT
0 STEP
1 86 240.0 -528 50.0 -1 0 0 0 1 0 0 0 -1 3010.DAT
0 STEP
1 86 260.0 -624 50.0 -1 0 0 0 1 0 0 0 -1 3009.DAT
0 STEP
1 86 210.0 -936 50.0 0 0 1 0 1 0 -1 0 0 3005.DAT
0 STEP
1 86 240.0 -1104 50.0 -1 0 0 0 1 0 0 0 -1 3010.DAT
0 STEP
1 86 280.0 -1344 50.0 -1 0 0 0 1 0 0 0 -1 3008.DAT
0 STEP
1 86 240.0 -1392 50.0 -1 0 0 0 1 0 0 0 -1 3010.DAT
0 STEP
1 86 210.0 -1584 50.0 0 0 1 0 1 0 -1 0 0 3005.DAT
0 STEP
1 86 240.0 -1656 50.0 -1 0 0 0 1 0 0 0 -1 3010.DAT
0 STEP
1 86 220.0 -1752 80.0 0 0 1 0 1 0 -1 0 0 3001.DAT
0 STEP
1 86 240.0 -1728 90.0 -1 0 0 0 1 0 0 0 -1 3010.DAT
0 STEP
1 86 220.0 -24 120.0 0 0 1 0 1 0 -1 0 0 3003.DAT
0 STEP
1 86 220.0 -1728 160.0 0 0 1 0 1 0 -1 0 0 2456.DAT
0 STEP
1 86 240.0 -48 140.0 -1 0 0 0 1 0 0 0 -1 3001.DAT
0 STEP
1 86 210.0 -1704 160.0 0 0 1 0 1 0 -1 0 0 3010.DAT
0 STEP
1 86 230.0 -1752 130.0 -1 0 0 0 1 0 0 0 -1 3622.DAT
0 STEP
1 86 230.0 -1752 160.0 -1 0 0 0 1 0 0 0 -1 3002.DAT
0 STEP
1 86 240.0 -48 180.0 -1 0 0 0 1 0 0 0 -1 3001.DAT
0 STEP
1 86 240.0 0 210.0 -1 0 0 0 1 0 0 0 -1 3010.DAT
0 STEP
1 86 220.0 -1704 210.0 -1 0 0 0 1 0 0 0 -1 3004.DAT
0 STEP
1 86 220.0 -48 260.0 0 0 1 0 1 0 -1 0 0 3001.DAT
0 STEP
1 86 210.0 -1728 230.0 0 0 1 0 1 0 -1 0 0 3005.DAT
0 STEP
1 86 240.0 -24 250.0 -1 0 0 0 1 0 0 0 -1 3010.DAT
0 STEP
1 86 220.0 -1728 260.0 0 0 1 0 1 0 -1 0 0 3003.DAT
0 STEP
1 86 260.0 0 280.0 -1 0 0 0 1 0 0 0 -1 2456.DAT
0 STEP
1 86 230.0 -24 270.0 -1 0 0 0 1 0 0 0 -1 3622.DAT
0 STEP
1 86 240.0 -1752 270.0 -1 0 0 0 1 0 0 0 -1 3010.DAT
0 STEP
1 86 210.0 -1728 290.0 0 0 1 0 1 0 -1 0 0 3005.DAT
0 STEP
1 86 220.0 -1752 310.0 0 0 1 0 1 0 -1 0 0 3002.DAT
0 STEP
1 86 240.0 0 320.0 -1 0 0 0 1 0 0 0 -1 3001.DAT
0 STEP
1 86 280.0 -1728 340.0 -1 0 0 0 1 0 0 0 -1 3007.DAT
0 STEP
1 86 220.0 -1704 380.0 0 0 1 0 1 0 -1 0 0 3001.DAT
0 STEP
1 86 230.0 0 370.0 -1 0 0 0 1 0 0 0 -1 3622.DAT
0 STEP
1 86 240.0 -1728 380.0 -1 0 0 0 1 0 0 0 -1 3001.DAT
0 STEP
1 86 210.0 -1752 400.0 0 0 1 0 1 0 -1 0 0 3010.DAT
0 STEP
1 86 220.0 0 420.0 0 0 1 0 1 0 -1 0 0 3001.DAT
0 STEP
1 86 220.0 -960 430.0 0 0 1 0 1 0 -1 0 0 3002.DAT
0 STEP
1 86 210.0 -1032 420.0 0 0 1 0 1 0 -1 0 0 3004.DAT
0 STEP
1 86 220.0 -1248 420.0 0 0 1 0 1 0 -1 0 0 3003.DAT
0 STEP
1 86 260.0 -1296 420.0 -1 0 0 0 1 0 0 0 -1 2456.DAT
0 STEP
1 86 280.0 -1392 420.0 -1 0 0 0 1 0 0 0 -1 3007.DAT
0 STEP
1 86 260.0 -1488 420.0 -1 0 0 0 1 0 0 0 -1 2456.DAT
0 STEP
1 86 220.0 -1632 430.0 0 0 1 0 1 0 -1 0 0 3002.DAT
0 STEP
1 86 210.0 -1656 410.0 0 0 1 0 1 0 -1 0 0 3005.DAT
0 STEP
1 86 220.0 -1728 430.0 0 0 1 0 1 0 -1 0 0 3002.DAT
0 STEP
1 86 220.0 -48 460.0 0 0 1 0 1 0 -1 0 0 3001.DAT
0 STEP
1 86 280.0 -1440 440.0 -1 0 0 0 1 0 0 0 -1 3007.DAT
0 STEP
1 86 260.0 -1104 450.0 -1 0 0 0 1 0 0 0 -1 3009.DAT
0 STEP
1 86 210.0 -1248 450.0 0 0 1 0 1 0 -1 0 0 3005.DAT
0 STEP
1 86 260.0 -1344 450.0 -1 0 0 0 1 0 0 0 -1 3009.DAT
0 STEP
1 86 280.0 -1392 450.0 -1 0 0 0 1 0 0 0 -1 3008.DAT
0 STEP
1 86 210.0 -1752 450.0 0 0 1 0 1 0 -1 0 0 3005.DAT
0 STEP
1 86 230.0 -24 500.0 -1 0 0 0 1 0 0 0 -1 3002.DAT
0 STEP
1 86 240.0 -912 500.0 -1 0 0 0 1 0 0 0 -1 3001.DAT
0 STEP
1 86 220.0 0 540.0 0 0 1 0 1 0 -1 0 0 3001.DAT
0 STEP
1 86 240.0 -864 510.0 -1 0 0 0 1 0 0 0 -1 3010.DAT
0 STEP
1 86 210.0 -24 540.0 0 0 1 0 1 0 -1 0 0 3004.DAT
0 STEP
1 86 240.0 -888 580.0 -1 0 0 0 1 0 0 0 -1 3001.DAT
0 STEP
1 86 210.0 -24 620.0 0 0 1 0 1 0 -1 0 0 3010.DAT
0 STEP
1 86 240.0 0 620.0 -1 0 0 0 1 0 0 0 -1 3001.DAT
0 STEP
1 86 240.0 0 650.0 -1 0 0 0 1 0 0 0 -1 3010.DAT
0 STEP
1 86 280.0 -144 650.0 -1 0 0 0 1 0 0 0 -1 3008.DAT
0 STEP
1 86 210.0 -408 660.0 0 0 1 0 1 0 -1 0 0 3004.DAT
0 STEP
1 86 220.0 -456 670.0 0 0 1 0 1 0 -1 0 0 3002.DAT
0 STEP
1 86 220.0 -504 670.0 0 0 1 0 1 0 -1 0 0 3002.DAT
0 STEP
1 86 240.0 -528 650.0 -1 0 0 0 1 0 0 0 -1 3010.DAT
0 STEP
1 86 220.0 -576 670.0 0 0 1 0 1 0 -1 0 0 3002.DAT
0 STEP
1 86 220.0 -624 670.0 0 0 1 0 1 0 -1 0 0 3002.DAT
0 STEP
1 86 260.0 -840 660.0 -1 0 0 0 1 0 0 0 -1 2456.DAT
0 STEP
1 86 210.0 0 680.0 0 0 1 0 1 0 -1 0 0 3004.DAT
0 STEP
1 86 280.0 -144 680.0 -1 0 0 0 1 0 0 0 -1 3007.DAT
0 STEP
1 86 220.0 -360 700.0 0 0 1 0 1 0 -1 0 0 3001.DAT
0 STEP
1 86 240.0 -552 670.0 -1 0 0 0 1 0 0 0 -1 3010.DAT
0 STEP
1 86 220.0 -816 700.0 0 0 1 0 1 0 -1 0 0 3001.DAT
0 STEP
1 86 210.0 -888 670.0 0 0 1 0 1 0 -1 0 0 3005.DAT
0 STEP
1 86 210.0 -552 690.0 0 0 1 0 1 0 -1 0 0 3005.DAT
0 STEP
1 86 220.0 -648 720.0 0 0 1 0 1 0 -1 0 0 3001.DAT
0 STEP
1 86 240.0 -912 690.0 -1 0 0 0 1 0 0 0 -1 3010.DAT
0 STEP
1 86 210.0 -264 730.0 0 0 1 0 1 0 -1 0 0 3622.DAT
0 STEP
1 86 220.0 -696 730.0 0 0 1 0 1 0 -1 0 0 3002.DAT
0 STEP
1 86 240.0 -720 710.0 -1 0 0 0 1 0 0 0 -1 3010.DAT
0 STEP
1 86 220.0 -744 730.0 0 0 1 0 1 0 -1 0 0 3002.DAT
0 STEP
1 86 210.0 -624 740.0 0 0 1 0 1 0 -1 0 0 3004.DAT
0 STEP
1 86 210.0 -192 750.0 0 0 1 0 1 0 -1 0 0 3005.DAT
0 STEP
1 86 220.0 -360 750.0 -1 0 0 0 1 0 0 0 -1 3004.DAT
0 STEP
1 86 230.0 0 40.0 0 0 1 0 1 0 -1 0 0 3010.DAT
0 STEP
1 86 230.0 -48 10.0 0 0 1 0 1 0 -1 0 0 3005.DAT
0 STEP
1 86 240.0 -216 30.0 0 0 1 0 1 0 -1 0 0 3002.DAT
0 STEP
1 86 230.0 -264 30.0 0 0 1 0 1 0 -1 0 0 3622.DAT
0 STEP
1 86 280.0 -288 20.0 -1 0 0 0 1 0 0 0 -1 2456.DAT
0 STEP
1 86 280.0 -360 10.0 -1 0 0 0 1 0 0 0 -1 3009.DAT
0 STEP
1 86 240.0 -456 30.0 0 0 1 0 1 0 -1 0 0 3002.DAT
0 STEP
1 86 230.0 -504 30.0 0 0 1 0 1 0 -1 0 0 3622.DAT
0 STEP
1 86 260.0 -576 10.0 -1 0 0 0 1 0 0 0 -1 3010.DAT
0 STEP
1 86 260.0 -624 10.0 -1 0 0 0 1 0 0 0 -1 3010.DAT
0 STEP
1 86 240.0 -720 30.0 0 0 1 0 1 0 -1 0 0 3002.DAT
0 STEP
1 86 230.0 -840 10.0 0 0 1 0 1 0 -1 0 0 3005.DAT
0 STEP
1 86 260.0 -864 20.0 -1 0 0 0 1 0 0 0 -1 3001.DAT
0 STEP
1 86 260.0 -912 10.0 -1 0 0 0 1 0 0 0 -1 3010.DAT
0 STEP
1 86 240.0 -936 30.0 0 0 1 0 1 0 -1 0 0 3002.DAT
0 STEP
1 86 250.0 -960 10.0 -1 0 0 0 1 0 0 0 -1 3622.DAT
0 STEP
1 86 260.0 -1008 20.0 -1 0 0 0 1 0 0 0 -1 3001.DAT
0 STEP
1 86 260.0 -1056 10.0 -1 0 0 0 1 0 0 0 -1 3010.DAT
0 STEP
1 86 240.0 -1080 30.0 0 0 1 0 1 0 -1 0 0 3002.DAT
0 STEP
1 86 300.0 -1104 20.0 -1 0 0 0 1 0 0 0 -1 3007.DAT
0 STEP
1 86 320.0 -1152 20.0 -1 0 0 0 1 0 0 0 -1 3006.DAT
0 STEP
1 86 240.0 -1176 30.0 0 0 1 0 1 0 -1 0 0 3002.DAT
0 STEP
1 86 240.0 -1224 30.0 0 0 1 0 1 0 -1 0 0 3002.DAT
0 STEP
1 86 230.0 -1272 30.0 0 0 1 0 1 0 -1 0 0 3622.DAT
0 STEP
1 86 240.0 -1368 30.0 0 0 1 0 1 0 -1 0 0 3002.DAT
0 STEP
1 86 230.0 -1416 30.0 0 0 1 0 1 0 -1 0 0 3622.DAT
0 STEP
1 86 250.0 -1488 10.0 -1 0 0 0 1 0 0 0 -1 3622.DAT
0 STEP
1 86 230.0 -1584 30.0 0 0 1 0 1 0 -1 0 0 3622.DAT
0 STEP
1 86 240.0 -1632 30.0 0 0 1 0 1 0 -1 0 0 3002.DAT
0 STEP
1 86 230.0 -1728 20.0 0 0 1 0 1 0 -1 0 0 3004.DAT
0 STEP
1 86 250.0 -24 40.0 -1 0 0 0 1 0 0 0 -1 3002.DAT
0 STEP
1 86 260.0 -72 40.0 -1 0 0 0 1 0 0 0 -1 3001.DAT
0 STEP
1 86 260.0 -360 30.0 -1 0 0 0 1 0 0 0 -1 3010.DAT
0 STEP
1 86 230.0 -384 30.0 0 0 1 0 1 0 -1 0 0 3005.DAT
0 STEP
1 86 260.0 -528 30.0 -1 0 0 0 1 0 0 0 -1 3010.DAT
0 STEP
1 86 260.0 -576 40.0 -1 0 0 0 1 0 0 0 -1 3001.DAT
0 STEP
1 86 230.0 -648 40.0 0 0 1 0 1 0 -1 0 0 3004.DAT
0 STEP
1 86 230.0 -912 30.0 0 0 1 0 1 0 -1 0 0 3005.DAT
0 STEP
1 86 250.0 -960 40.0 -1 0 0 0 1 0 0 0 -1 3002.DAT
0 STEP
1 86 250.0 -1488 40.0 -1 0 0 0 1 0 0 0 -1 3002.DAT
0 STEP
1 86 260.0 -1656 30.0 -1 0 0 0 1 0 0 0 -1 3010.DAT
0 STEP
1 86 300.0 -120 50.0 -1 0 0 0 1 0 0 0 -1 3008.DAT
0 STEP
1 86 240.0 -288 50.0 -1 0 0 0 1 0 0 0 -1 3004.DAT
0 STEP
1 86 260.0 -312 50.0 -1 0 0 0 1 0 0 0 -1 3010.DAT
0 STEP
1 86 230.0 -360 50.0 0 0 1 0 1 0 -1 0 0 3005.DAT
0 STEP
1 86 230.0 -600 50.0 0 0 1 0 1 0 -1 0 0 3005.DAT
0 STEP
1 86 260.0 -864 50.0 -1 0 0 0 1 0 0 0 -1 3010.DAT
0 STEP
1 86 230.0 -888 50.0 0 0 1 0 1 0 -1 0 0 3005.DAT
0 STEP
1 86 260.0 -912 50.0 -1 0 0 0 1 0 0 0 -1 3010.DAT
0 STEP
1 86 260.0 -1008 50.0 -1 0 0 0 1 0 0 0 -1 3010.DAT
0 STEP
1 86 240.0 -1704 120.0 0 0 1 0 1 0 -1 0 0 3007.DAT
0 STEP
1 86 260.0 -24 80.0 -1 0 0 0 1 0 0 0 -1 3001.DAT
0 STEP
1 86 230.0 0 90.0 0 0 1 0 1 0 -1 0 0 3005.DAT
0 STEP
1 86 250.0 0 120.0 -1 0 0 0 1 0 0 0 -1 3002.DAT
0 STEP
1 86 230.0 0 150.0 0 0 1 0 1 0 -1 0 0 3005.DAT
0 STEP
1 86 230.0 -24 210.0 0 0 1 0 1 0 -1 0 0 3622.DAT
0 STEP
1 86 240.0 -1752 220.0 0 0 1 0 1 0 -1 0 0 3001.DAT
0 STEP
1 86 260.0 -1728 230.0 -1 0 0 0 1 0 0 0 -1 3010.DAT
0 STEP
1 86 260.0 -1728 290.0 -1 0 0 0 1 0 0 0 -1 3010.DAT
0 STEP
1 86 260.0 -1704 320.0 -1 0 0 0 1 0 0 0 -1 3001.DAT
0 STEP
1 86 230.0 -24 360.0 0 0 1 0 1 0 -1 0 0 3010.DAT
0 STEP
1 86 250.0 -1752 380.0 -1 0 0 0 1 0 0 0 -1 3002.DAT
0 STEP
1 86 230.0 -984 410.0 0 0 1 0 1 0 -1 0 0 3005.DAT
0 STEP
1 86 240.0 -1032 430.0 0 0 1 0 1 0 -1 0 0 3002.DAT
0 STEP
1 86 230.0 -1080 430.0 0 0 1 0 1 0 -1 0 0 3622.DAT
0 STEP
1 86 230.0 -1128 420.0 0 0 1 0 1 0 -1 0 0 3004.DAT
0 STEP
1 86 280.0 -1152 410.0 -1 0 0 0 1 0 0 0 -1 3009.DAT
0 STEP
1 86 280.0 -1200 410.0 -1 0 0 0 1 0 0 0 -1 3009.DAT
0 STEP
1 86 230.0 -1224 410.0 0 0 1 0 1 0 -1 0 0 3005.DAT
0 STEP
1 86 240.0 -1272 430.0 0 0 1 0 1 0 -1 0 0 3002.DAT
0 STEP
1 86 230.0 -1320 430.0 0 0 1 0 1 0 -1 0 0 3622.DAT
0 STEP
1 86 240.0 -1368 430.0 0 0 1 0 1 0 -1 0 0 3002.DAT
0 STEP
1 86 230.0 -1416 430.0 0 0 1 0 1 0 -1 0 0 3622.DAT
0 STEP
1 86 240.0 -1464 430.0 0 0 1 0 1 0 -1 0 0 3002.DAT
0 STEP
1 86 240.0 -1512 430.0 0 0 1 0 1 0 -1 0 0 3002.DAT
0 STEP
1 86 300.0 -1560 410.0 -1 0 0 0 1 0 0 0 -1 3008.DAT
0 STEP
1 86 240.0 -1584 430.0 0 0 1 0 1 0 -1 0 0 3002.DAT
0 STEP
1 86 280.0 -1656 410.0 -1 0 0 0 1 0 0 0 -1 3009.DAT
0 STEP
1 86 230.0 -1680 430.0 0 0 1 0 1 0 -1 0 0 3622.DAT
0 STEP
1 86 250.0 -1752 420.0 -1 0 0 0 1 0 0 0 -1 3002.DAT
0 STEP
1 86 250.0 -1152 430.0 -1 0 0 0 1 0 0 0 -1 3622.DAT
0 STEP
1 86 280.0 -1200 440.0 -1 0 0 0 1 0 0 0 -1 2456.DAT
0 STEP
1 86 300.0 -1560 440.0 -1 0 0 0 1 0 0 0 -1 3007.DAT
0 STEP
1 86 230.0 -888 460.0 0 0 1 0 1 0 -1 0 0 3004.DAT
0 STEP
1 86 230.0 -984 450.0 0 0 1 0 1 0 -1 0 0 3005.DAT
0 STEP
1 86 280.0 -1152 450.0 -1 0 0 0 1 0 0 0 -1 3009.DAT
0 STEP
1 86 260.0 -1248 450.0 -1 0 0 0 1 0 0 0 -1 3010.DAT
0 STEP
1 86 300.0 -1752 450.0 -1 0 0 0 1 0 0 0 -1 3008.DAT
0 STEP
1 86 240.0 -888 510.0 0 0 1 0 1 0 -1 0 0 3002.DAT
0 STEP
1 86 260.0 -24 530.0 -1 0 0 0 1 0 0 0 -1 3010.DAT
0 STEP
1 86 230.0 -864 550.0 0 0 1 0 1 0 -1 0 0 3622.DAT
0 STEP
1 86 240.0 -24 600.0 0 0 1 0 1 0 -1 0 0 2456.DAT
0 STEP
1 86 230.0 -48 550.0 0 0 1 0 1 0 -1 0 0 3005.DAT
0 STEP
1 86 280.0 -888 550.0 -1 0 0 0 1 0 0 0 -1 3009.DAT
0 STEP
1 86 250.0 -48 570.0 -1 0 0 0 1 0 0 0 -1 3622.DAT
0 STEP
1 86 230.0 -912 570.0 0 0 1 0 1 0 -1 0 0 3005.DAT
0 STEP
1 86 230.0 -864 620.0 0 0 1 0 1 0 -1 0 0 3010.DAT
0 STEP
1 86 230.0 -912 620.0 0 0 1 0 1 0 -1 0 0 3010.DAT
0 STEP
1 86 230.0 -96 650.0 0 0 1 0 1 0 -1 0 0 3005.DAT
0 STEP
1 86 240.0 -120 670.0 0 0 1 0 1 0 -1 0 0 3002.DAT
0 STEP
1 86 260.0 -408 660.0 -1 0 0 0 1 0 0 0 -1 3001.DAT
0 STEP
1 86 250.0 0 670.0 -1 0 0 0 1 0 0 0 -1 3622.DAT
0 STEP
1 86 260.0 -48 680.0 -1 0 0 0 1 0 0 0 -1 3001.DAT
0 STEP
1 86 260.0 -96 680.0 -1 0 0 0 1 0 0 0 -1 3001.DAT
0 STEP
1 86 300.0 -600 670.0 -1 0 0 0 1 0 0 0 -1 3008.DAT
0 STEP
1 86 230.0 -888 680.0 0 0 1 0 1 0 -1 0 0 3004.DAT
0 STEP
1 86 260.0 0 690.0 -1 0 0 0 1 0 0 0 -1 3010.DAT
0 STEP
1 86 240.0 -168 720.0 0 0 1 0 1 0 -1 0 0 3001.DAT
0 STEP
1 86 260.0 -408 690.0 -1 0 0 0 1 0 0 0 -1 3010.DAT
0 STEP
1 86 260.0 -552 690.0 -1 0 0 0 1 0 0 0 -1 3010.DAT
0 STEP
1 86 280.0 -840 690.0 -1 0 0 0 1 0 0 0 -1 3009.DAT
0 STEP
1 86 240.0 -216 730.0 0 0 1 0 1 0 -1 0 0 3002.DAT
0 STEP
1 86 280.0 -240 710.0 -1 0 0 0 1 0 0 0 -1 3009.DAT
0 STEP
1 86 240.0 -264 730.0 0 0 1 0 1 0 -1 0 0 3002.DAT
0 STEP
1 86 240.0 -312 730.0 0 0 1 0 1 0 -1 0 0 3002.DAT
0 STEP
1 86 240.0 -792 730.0 0 0 1 0 1 0 -1 0 0 3002.DAT
0 STEP
1 86 230.0 -192 730.0 0 0 1 0 1 0 -1 0 0 3005.DAT
0 STEP
1 86 320.0 -624 740.0 -1 0 0 0 1 0 0 0 -1 3006.DAT
0 STEP
1 86 300.0 -192 750.0 -1 0 0 0 1 0 0 0 -1 3008.DAT
0 STEP
1 86 230.0 -816 750.0 0 0 1 0 1 0 -1 0 0 3005.DAT
0 STEP
1 86 250.0 0 10.0 0 0 1 0 1 0 -1 0 0 3005.DAT
0 STEP
1 86 250.0 -48 40.0 0 0 1 0 1 0 -1 0 0 3010.DAT
0 STEP
1 86 250.0 -96 30.0 0 0 1 0 1 0 -1 0 0 3622.DAT
0 STEP
1 86 260.0 -168 30.0 0 0 1 0 1 0 -1 0 0 3002.DAT
0 STEP
1 86 260.0 -264 30.0 0 0 1 0 1 0 -1 0 0 3002.DAT
0 STEP
1 86 270.0 -312 20.0 -1 0 0 0 1 0 0 0 -1 3002.DAT
0 STEP
1 86 260.0 -384 20.0 0 0 1 0 1 0 -1 0 0 3003.DAT
0 STEP
1 86 280.0 -408 10.0 -1 0 0 0 1 0 0 0 -1 3010.DAT
0 STEP
1 86 260.0 -504 20.0 0 0 1 0 1 0 -1 0 0 3003.DAT
0 STEP
1 86 250.0 -552 30.0 0 0 1 0 1 0 -1 0 0 3622.DAT
0 STEP
1 86 250.0 -600 30.0 0 0 1 0 1 0 -1 0 0 3622.DAT
0 STEP
1 86 250.0 -672 30.0 0 0 1 0 1 0 -1 0 0 3622.DAT
0 STEP
1 86 260.0 -792 30.0 0 0 1 0 1 0 -1 0 0 3002.DAT
0 STEP
1 86 270.0 -816 10.0 -1 0 0 0 1 0 0 0 -1 3622.DAT
0 STEP
1 86 260.0 -840 30.0 0 0 1 0 1 0 -1 0 0 3002.DAT
0 STEP
1 86 260.0 -888 30.0 0 0 1 0 1 0 -1 0 0 3002.DAT
0 STEP
1 86 250.0 -984 30.0 0 0 1 0 1 0 -1 0 0 3622.DAT
0 STEP
1 86 250.0 -1032 30.0 0 0 1 0 1 0 -1 0 0 3622.DAT
0 STEP
1 86 260.0 -1128 30.0 0 0 1 0 1 0 -1 0 0 3002.DAT
0 STEP
1 86 260.0 -1272 30.0 0 0 1 0 1 0 -1 0 0 3002.DAT
0 STEP
1 86 260.0 -1320 30.0 0 0 1 0 1 0 -1 0 0 3002.DAT
0 STEP
1 86 260.0 -1416 30.0 0 0 1 0 1 0 -1 0 0 3002.DAT
0 STEP
1 86 250.0 -1464 10.0 0 0 1 0 1 0 -1 0 0 3005.DAT
0 STEP
1 86 260.0 -1536 30.0 0 0 1 0 1 0 -1 0 0 3002.DAT
0 STEP
1 86 260.0 -1584 30.0 0 0 1 0 1 0 -1 0 0 3002.DAT
0 STEP
1 86 260.0 -1680 30.0 0 0 1 0 1 0 -1 0 0 3002.DAT
0 STEP
1 86 260.0 -1728 10.0 -1 0 0 0 1 0 0 0 -1 3004.DAT
0 STEP
1 86 280.0 0 40.0 -1 0 0 0 1 0 0 0 -1 3001.DAT
0 STEP
1 86 320.0 -336 30.0 -1 0 0 0 1 0 0 0 -1 3008.DAT
0 STEP
1 86 280.0 -408 40.0 -1 0 0 0 1 0 0 0 -1 3001.DAT
0 STEP
1 86 300.0 -648 40.0 -1 0 0 0 1 0 0 0 -1 2456.DAT
0 STEP
1 86 280.0 -696 30.0 -1 0 0 0 1 0 0 0 -1 3010.DAT
0 STEP
1 86 270.0 -816 40.0 -1 0 0 0 1 0 0 0 -1 3002.DAT
0 STEP
1 86 280.0 -912 30.0 -1 0 0 0 1 0 0 0 -1 3010.DAT
0 STEP
1 86 300.0 -1728 30.0 -1 0 0 0 1 0 0 0 -1 3009.DAT
0 STEP
1 86 280.0 -360 50.0 -1 0 0 0 1 0 0 0 -1 3010.DAT
0 STEP
1 86 250.0 -504 50.0 0 0 1 0 1 0 -1 0 0 3005.DAT
0 STEP
1 86 250.0 -696 50.0 0 0 1 0 1 0 -1 0 0 3005.DAT
0 STEP
1 86 250.0 -1248 50.0 0 0 1 0 1 0 -1 0 0 3005.DAT
0 STEP
1 86 250.0 -1296 50.0 0 0 1 0 1 0 -1 0 0 3005.DAT
0 STEP
1 86 250.0 -1464 50.0 0 0 1 0 1 0 -1 0 0 3005.DAT
0 STEP
1 86 280.0 -1752 50.0 -1 0 0 0 1 0 0 0 -1 3010.DAT
0 STEP
1 86 250.0 0 70.0 0 0 1 0 1 0 -1 0 0 3005.DAT
0 STEP
1 86 320.0 -1728 70.0 -1 0 0 0 1 0 0 0 -1 3008.DAT
0 STEP
1 86 280.0 -1752 80.0 -1 0 0 0 1 0 0 0 -1 3001.DAT
0 STEP
1 86 300.0 0 90.0 -1 0 0 0 1 0 0 0 -1 3009.DAT
0 STEP
1 86 250.0 -48 90.0 0 0 1 0 1 0 -1 0 0 3005.DAT
0 STEP
1 86 260.0 -24 140.0 0 0 1 0 1 0 -1 0 0 3001.DAT
0 STEP
1 86 260.0 -1728 140.0 0 0 1 0 1 0 -1 0 0 3001.DAT
0 STEP
1 86 250.0 -1752 110.0 0 0 1 0 1 0 -1 0 0 3005.DAT
0 STEP
1 86 280.0 0 150.0 -1 0 0 0 1 0 0 0 -1 3010.DAT
0 STEP
1 86 260.0 -24 210.0 0 0 1 0 1 0 -1 0 0 3002.DAT
0 STEP
1 86 270.0 -1728 200.0 -1 0 0 0 1 0 0 0 -1 3002.DAT
0 STEP
1 86 320.0 -1704 210.0 -1 0 0 0 1 0 0 0 -1 3008.DAT
0 STEP
1 86 250.0 -48 280.0 0 0 1 0 1 0 -1 0 0 3009.DAT
0 STEP
1 86 280.0 -1728 250.0 -1 0 0 0 1 0 0 0 -1 3010.DAT
0 STEP
1 86 250.0 -1728 270.0 0 0 1 0 1 0 -1 0 0 3005.DAT
0 STEP
1 86 250.0 -1704 290.0 0 0 1 0 1 0 -1 0 0 3005.DAT
0 STEP
1 86 260.0 -1752 320.0 0 0 1 0 1 0 -1 0 0 3001.DAT
0 STEP
1 86 250.0 -24 340.0 0 0 1 0 1 0 -1 0 0 3004.DAT
0 STEP
1 86 250.0 -1704 380.0 0 0 1 0 1 0 -1 0 0 3010.DAT
0 STEP
1 86 280.0 -24 370.0 -1 0 0 0 1 0 0 0 -1 3010.DAT
0 STEP
1 86 250.0 0 460.0 0 0 1 0 1 0 -1 0 0 3008.DAT
0 STEP
1 86 300.0 -24 390.0 -1 0 0 0 1 0 0 0 -1 3009.DAT
0 STEP
1 86 320.0 -936 420.0 -1 0 0 0 1 0 0 0 -1 3007.DAT
0 STEP
1 86 280.0 -960 410.0 -1 0 0 0 1 0 0 0 -1 3010.DAT
0 STEP
1 86 260.0 -984 430.0 0 0 1 0 1 0 -1 0 0 3002.DAT
0 STEP
1 86 300.0 -1056 410.0 -1 0 0 0 1 0 0 0 -1 3009.DAT
0 STEP
1 86 260.0 -1080 430.0 0 0 1 0 1 0 -1 0 0 3002.DAT
0 STEP
1 86 250.0 -1128 430.0 0 0 1 0 1 0 -1 0 0 3622.DAT
0 STEP
1 86 260.0 -1224 430.0 0 0 1 0 1 0 -1 0 0 3002.DAT
0 STEP
1 86 270.0 -1248 420.0 -1 0 0 0 1 0 0 0 -1 3002.DAT
0 STEP
1 86 260.0 -1320 430.0 0 0 1 0 1 0 -1 0 0 3002.DAT
0 STEP
1 86 260.0 -1416 430.0 0 0 1 0 1 0 -1 0 0 3002.DAT
0 STEP
1 86 250.0 -1440 410.0 0 0 1 0 1 0 -1 0 0 3005.DAT
0 STEP
1 86 340.0 -1608 420.0 -1 0 0 0 1 0 0 0 -1 3006.DAT
0 STEP
1 86 260.0 -1632 430.0 0 0 1 0 1 0 -1 0 0 3002.DAT
0 STEP
1 86 280.0 -1680 410.0 -1 0 0 0 1 0 0 0 -1 3010.DAT
0 STEP
1 86 260.0 -1728 430.0 0 0 1 0 1 0 -1 0 0 3002.DAT
0 STEP
1 86 250.0 -48 450.0 0 0 1 0 1 0 -1 0 0 3622.DAT
0 STEP
1 86 280.0 -960 440.0 -1 0 0 0 1 0 0 0 -1 3001.DAT
0 STEP
1 86 280.0 -1680 440.0 -1 0 0 0 1 0 0 0 -1 3001.DAT
0 STEP
1 86 320.0 -888 460.0 -1 0 0 0 1 0 0 0 -1 3007.DAT
0 STEP
1 86 250.0 -936 450.0 0 0 1 0 1 0 -1 0 0 3005.DAT
0 STEP
1 86 280.0 -1488 450.0 -1 0 0 0 1 0 0 0 -1 3010.DAT
0 STEP
1 86 260.0 -48 520.0 0 0 1 0 1 0 -1 0 0 3001.DAT
0 STEP
1 86 260.0 -864 550.0 0 0 1 0 1 0 -1 0 0 3002.DAT
0 STEP
1 86 260.0 -912 550.0 0 0 1 0 1 0 -1 0 0 3002.DAT
0 STEP
1 86 250.0 0 550.0 0 0 1 0 1 0 -1 0 0 3005.DAT
0 STEP
1 86 270.0 0 570.0 -1 0 0 0 1 0 0 0 -1 3622.DAT
0 STEP
1 86 260.0 -48 620.0 0 0 1 0 1 0 -1 0 0 3001.DAT
0 STEP
1 86 260.0 -864 620.0 0 0 1 0 1 0 -1 0 0 3001.DAT
0 STEP
1 86 280.0 -912 590.0 -1 0 0 0 1 0 0 0 -1 3010.DAT
0 STEP
1 86 250.0 -912 630.0 0 0 1 0 1 0 -1 0 0 3622.DAT
0 STEP
1 86 280.0 -96 650.0 -1 0 0 0 1 0 0 0 -1 3010.DAT
0 STEP
1 86 260.0 -432 670.0 0 0 1 0 1 0 -1 0 0 3002.DAT
0 STEP
1 86 280.0 -456 650.0 -1 0 0 0 1 0 0 0 -1 3010.DAT
0 STEP
1 86 260.0 -480 670.0 0 0 1 0 1 0 -1 0 0 3002.DAT
0 STEP
1 86 250.0 -504 670.0 0 0 1 0 1 0 -1 0 0 3622.DAT
0 STEP
1 86 250.0 -576 670.0 0 0 1 0 1 0 -1 0 0 3622.DAT
0 STEP
1 86 260.0 -624 670.0 0 0 1 0 1 0 -1 0 0 3002.DAT
0 STEP
1 86 250.0 -888 670.0 0 0 1 0 1 0 -1 0 0 3622.DAT
0 STEP
1 86 250.0 -24 680.0 0 0 1 0 1 0 -1 0 0 3004.DAT
0 STEP
1 86 280.0 -360 680.0 -1 0 0 0 1 0 0 0 -1 3001.DAT
0 STEP
1 86 250.0 -456 670.0 0 0 1 0 1 0 -1 0 0 3005.DAT
0 STEP
1 86 260.0 -528 680.0 0 0 1 0 1 0 -1 0 0 3003.DAT
0 STEP
1 86 250.0 -648 670.0 0 0 1 0 1 0 -1 0 0 3005.DAT
0 STEP
1 86 280.0 -816 680.0 -1 0 0 0 1 0 0 0 -1 3001.DAT
0 STEP
1 86 320.0 -456 690.0 -1 0 0 0 1 0 0 0 -1 3008.DAT
0 STEP
1 86 260.0 -648 720.0 0 0 1 0 1 0 -1 0 0 3001.DAT
0 STEP
1 86 250.0 -336 730.0 0 0 1 0 1 0 -1 0 0 3622.DAT
0 STEP
1 86 280.0 -360 710.0 -1 0 0 0 1 0 0 0 -1 3010.DAT
0 STEP
1 86 300.0 -696 720.0 -1 0 0 0 1 0 0 0 -1 2456.DAT
0 STEP
1 86 280.0 -744 720.0 -1 0 0 0 1 0 0 0 -1 3001.DAT
0 STEP
1 86 280.0 -816 710.0 -1 0 0 0 1 0 0 0 -1 3010.DAT
0 STEP
1 86 320.0 -192 730.0 -1 0 0 0 1 0 0 0 -1 3008.DAT
0 STEP
1 86 280.0 -360 740.0 -1 0 0 0 1 0 0 0 -1 3001.DAT
0 STEP
1 86 280.0 -816 740.0 -1 0 0 0 1 0 0 0 -1 3001.DAT
0 STEP
1 86 300.0 -696 750.0 -1 0 0 0 1 0 0 0 -1 3009.DAT
0 STEP
1 86 280.0 -744 750.0 -1 0 0 0 1 0 0 0 -1 3010.DAT
0 STEP
1 86 300.0 0 10.0 -1 0 0 0 1 0 0 0 -1 3010.DAT
0 STEP
1 86 340.0 -48 10.0 -1 0 0 0 1 0 0 0 -1 3008.DAT
0 STEP
1 86 280.0 -96 30.0 0 0 1 0 1 0 -1 0 0 3002.DAT
0 STEP
1 86 280.0 -216 30.0 0 0 1 0 1 0 -1 0 0 3002.DAT
0 STEP
1 86 340.0 -432 20.0 -1 0 0 0 1 0 0 0 -1 3007.DAT
0 STEP
1 86 300.0 -456 20.0 -1 0 0 0 1 0 0 0 -1 3001.DAT
0 STEP
1 86 300.0 -552 10.0 -1 0 0 0 1 0 0 0 -1 3010.DAT
0 STEP
1 86 280.0 -600 30.0 0 0 1 0 1 0 -1 0 0 3002.DAT
0 STEP
1 86 280.0 -672 30.0 0 0 1 0 1 0 -1 0 0 3002.DAT
0 STEP
1 86 270.0 -720 30.0 0 0 1 0 1 0 -1 0 0 3622.DAT
0 STEP
1 86 270.0 -936 30.0 0 0 1 0 1 0 -1 0 0 3622.DAT
0 STEP
1 86 300.0 -984 10.0 -1 0 0 0 1 0 0 0 -1 3010.DAT
0 STEP
1 86 270.0 -1032 10.0 0 0 1 0 1 0 -1 0 0 3005.DAT
0 STEP
1 86 270.0 -1080 30.0 0 0 1 0 1 0 -1 0 0 3622.DAT
0 STEP
1 86 280.0 -1176 30.0 0 0 1 0 1 0 -1 0 0 3002.DAT
0 STEP
1 86 280.0 -1224 30.0 0 0 1 0 1 0 -1 0 0 3002.DAT
0 STEP
1 86 270.0 -1344 10.0 0 0 1 0 1 0 -1 0 0 3005.DAT
0 STEP
1 86 320.0 -1368 10.0 -1 0 0 0 1 0 0 0 -1 3009.DAT
0 STEP
1 86 300.0 -1464 10.0 -1 0 0 0 1 0 0 0 -1 3010.DAT
0 STEP
1 86 270.0 -1632 30.0 0 0 1 0 1 0 -1 0 0 3622.DAT
0 STEP
1 86 270.0 -1752 10.0 0 0 1 0 1 0 -1 0 0 3005.DAT
0 STEP
1 86 270.0 -48 50.0 0 0 1 0 1 0 -1 0 0 3622.DAT
0 STEP
1 86 270.0 -552 30.0 0 0 1 0 1 0 -1 0 0 3005.DAT
0 STEP
1 86 300.0 -984 40.0 -1 0 0 0 1 0 0 0 -1 3001.DAT
0 STEP
1 86 300.0 -1032 40.0 -1 0 0 0 1 0 0 0 -1 3001.DAT
0 STEP
1 86 270.0 -1296 30.0 0 0 1 0 1 0 -1 0 0 3005.DAT
0 STEP
1 86 290.0 -1368 40.0 -1 0 0 0 1 0 0 0 -1 3002.DAT
0 STEP
1 86 270.0 -1392 30.0 0 0 1 0 1 0 -1 0 0 3005.DAT
0 STEP
1 86 270.0 -1440 40.0 0 0 1 0 1 0 -1 0 0 3004.DAT
0 STEP
1 86 280.0 -1704 30.0 -1 0 0 0 1 0 0 0 -1 3004.DAT
0 STEP
1 86 290.0 -192 50.0 -1 0 0 0 1 0 0 0 -1 3622.DAT
0 STEP
1 86 340.0 -288 50.0 -1 0 0 0 1 0 0 0 -1 3008.DAT
0 STEP
1 86 270.0 -336 50.0 0 0 1 0 1 0 -1 0 0 3005.DAT
0 STEP
1 86 300.0 -456 50.0 -1 0 0 0 1 0 0 0 -1 3010.DAT
0 STEP
1 86 320.0 -504 50.0 -1 0 0 0 1 0 0 0 -1 3009.DAT
0 STEP
1 86 300.0 -552 50.0 -1 0 0 0 1 0 0 0 -1 3010.DAT
0 STEP
1 86 300.0 -696 50.0 -1 0 0 0 1 0 0 0 -1 3010.DAT
0 STEP
1 86 270.0 -744 50.0 0 0 1 0 1 0 -1 0 0 3005.DAT
0 STEP
1 86 340.0 -1152 50.0 -1 0 0 0 1 0 0 0 -1 3008.DAT
0 STEP
1 86 300.0 -1248 50.0 -1 0 0 0 1 0 0 0 -1 3010.DAT
0 STEP
1 86 320.0 -1296 50.0 -1 0 0 0 1 0 0 0 -1 3009.DAT
0 STEP
1 86 300.0 -1464 50.0 -1 0 0 0 1 0 0 0 -1 3010.DAT
0 STEP
1 86 280.0 -1704 80.0 0 0 1 0 1 0 -1 0 0 3001.DAT
0 STEP
1 86 300.0 0 70.0 -1 0 0 0 1 0 0 0 -1 3010.DAT
0 STEP
1 86 300.0 -48 90.0 -1 0 0 0 1 0 0 0 -1 3010.DAT
0 STEP
1 86 300.0 -1752 120.0 -1 0 0 0 1 0 0 0 -1 3001.DAT
0 STEP
1 86 270.0 -1704 160.0 0 0 1 0 1 0 -1 0 0 3010.DAT
0 STEP
1 86 300.0 -1752 160.0 -1 0 0 0 1 0 0 0 -1 3001.DAT
0 STEP
1 86 270.0 -1752 220.0 0 0 1 0 1 0 -1 0 0 3010.DAT
0 STEP
1 86 340.0 -48 210.0 -1 0 0 0 1 0 0 0 -1 3008.DAT
0 STEP
1 86 270.0 0 230.0 0 0 1 0 1 0 -1 0 0 3005.DAT
0 STEP
1 86 270.0 -48 260.0 0 0 1 0 1 0 -1 0 0 3010.DAT
0 STEP
1 86 290.0 0 250.0 -1 0 0 0 1 0 0 0 -1 3622.DAT
0 STEP
1 86 270.0 -24 300.0 0 0 1 0 1 0 -1 0 0 3010.DAT
0 STEP
1 86 320.0 -1728 270.0 -1 0 0 0 1 0 0 0 -1 3009.DAT
0 STEP
1 86 300.0 -1704 290.0 -1 0 0 0 1 0 0 0 -1 3010.DAT
0 STEP
1 86 280.0 -48 310.0 -1 0 0 0 1 0 0 0 -1 3004.DAT
0 STEP
1 86 270.0 -48 330.0 0 0 1 0 1 0 -1 0 0 3005.DAT
0 STEP
1 86 300.0 -24 350.0 -1 0 0 0 1 0 0 0 -1 3010.DAT
0 STEP
1 86 280.0 -1704 380.0 0 0 1 0 1 0 -1 0 0 3001.DAT
0 STEP
1 86 270.0 0 400.0 0 0 1 0 1 0 -1 0 0 3010.DAT
0 STEP
1 86 270.0 -48 370.0 0 0 1 0 1 0 -1 0 0 3005.DAT
0 STEP
1 86 270.0 -24 410.0 0 0 1 0 1 0 -1 0 0 3005.DAT
0 STEP
1 86 280.0 -1032 430.0 0 0 1 0 1 0 -1 0 0 3002.DAT
0 STEP
1 86 290.0 -1104 420.0 -1 0 0 0 1 0 0 0 -1 3002.DAT
0 STEP
1 86 280.0 -1128 430.0 0 0 1 0 1 0 -1 0 0 3002.DAT
0 STEP
1 86 280.0 -1176 430.0 0 0 1 0 1 0 -1 0 0 3002.DAT
0 STEP
1 86 280.0 -1272 430.0 0 0 1 0 1 0 -1 0 0 3002.DAT
0 STEP
1 86 270.0 -1368 410.0 0 0 1 0 1 0 -1 0 0 3005.DAT
0 STEP
1 86 300.0 -1440 410.0 -1 0 0 0 1 0 0 0 -1 3010.DAT
0 STEP
1 86 270.0 -1464 430.0 0 0 1 0 1 0 -1 0 0 3622.DAT
0 STEP
1 86 270.0 -1512 410.0 0 0 1 0 1 0 -1 0 0 3005.DAT
0 STEP
1 86 280.0 -1536 430.0 0 0 1 0 1 0 -1 0 0 3002.DAT
0 STEP
1 86 280.0 -1584 430.0 0 0 1 0 1 0 -1 0 0 3002.DAT
0 STEP
1 86 300.0 -48 430.0 -1 0 0 0 1 0 0 0 -1 3010.DAT
0 STEP
1 86 300.0 -1056 430.0 -1 0 0 0 1 0 0 0 -1 3010.DAT
0 STEP
1 86 290.0 -1368 440.0 -1 0 0 0 1 0 0 0 -1 3002.DAT
0 STEP
1 86 320.0 -1512 430.0 -1 0 0 0 1 0 0 0 -1 3009.DAT
0 STEP
1 86 270.0 -1656 430.0 0 0 1 0 1 0 -1 0 0 3005.DAT
0 STEP
1 86 280.0 0 450.0 -1 0 0 0 1 0 0 0 -1 3004.DAT
0 STEP
1 86 270.0 -24 480.0 0 0 1 0 1 0 -1 0 0 3010.DAT
0 STEP
1 86 320.0 -48 450.0 -1 0 0 0 1 0 0 0 -1 3009.DAT
0 STEP
1 86 340.0 -936 450.0 -1 0 0 0 1 0 0 0 -1 3008.DAT
0 STEP
1 86 320.0 -1056 450.0 -1 0 0 0 1 0 0 0 -1 3009.DAT
0 STEP
1 86 290.0 -1296 450.0 -1 0 0 0 1 0 0 0 -1 3622.DAT
0 STEP
1 86 290.0 -1512 450.0 -1 0 0 0 1 0 0 0 -1 3622.DAT
0 STEP
1 86 270.0 0 470.0 0 0 1 0 1 0 -1 0 0 3005.DAT
0 STEP
1 86 300.0 -48 470.0 -1 0 0 0 1 0 0 0 -1 3010.DAT
0 STEP
1 86 270.0 -864 480.0 0 0 1 0 1 0 -1 0 0 3004.DAT
0 STEP
1 86 270.0 -912 470.0 0 0 1 0 1 0 -1 0 0 3005.DAT
0 STEP
1 86 270.0 0 520.0 0 0 1 0 1 0 -1 0 0 3010.DAT
0 STEP
1 86 270.0 -888 490.0 0 0 1 0 1 0 -1 0 0 3005.DAT
0 STEP
1 86 300.0 -888 520.0 -1 0 0 0 1 0 0 0 -1 3001.DAT
0 STEP
1 86 280.0 -24 580.0 0 0 1 0 1 0 -1 0 0 3001.DAT
0 STEP
1 86 270.0 -912 640.0 0 0 1 0 1 0 -1 0 0 3010.DAT
0 STEP
1 86 270.0 -24 660.0 0 0 1 0 1 0 -1 0 0 3010.DAT
0 STEP
1 86 270.0 -72 660.0 0 0 1 0 1 0 -1 0 0 3004.DAT
0 STEP
1 86 280.0 -120 670.0 0 0 1 0 1 0 -1 0 0 3002.DAT
0 STEP
1 86 290.0 -384 660.0 -1 0 0 0 1 0 0 0 -1 3002.DAT
0 STEP
1 86 340.0 -504 650.0 -1 0 0 0 1 0 0 0 -1 3008.DAT
0 STEP
1 86 280.0 -576 670.0 0 0 1 0 1 0 -1 0 0 3002.DAT
0 STEP
1 86 290.0 -888 660.0 -1 0 0 0 1 0 0 0 -1 3002.DAT
0 STEP
1 86 340.0 -456 670.0 -1 0 0 0 1 0 0 0 -1 3008.DAT
0 STEP
1 86 300.0 -504 670.0 -1 0 0 0 1 0 0 0 -1 3010.DAT
0 STEP
1 86 340.0 -648 670.0 -1 0 0 0 1 0 0 0 -1 3008.DAT
0 STEP
1 86 290.0 -864 680.0 -1 0 0 0 1 0 0 0 -1 3002.DAT
0 STEP
1 86 270.0 -168 720.0 0 0 1 0 1 0 -1 0 0 3010.DAT
0 STEP
1 86 270.0 -336 720.0 0 0 1 0 1 0 -1 0 0 3010.DAT
0 STEP
1 86 340.0 -504 690.0 -1 0 0 0 1 0 0 0 -1 3008.DAT
0 STEP
1 86 280.0 -672 720.0 0 0 1 0 1 0 -1 0 0 3001.DAT
0 STEP
1 86 270.0 -792 720.0 0 0 1 0 1 0 -1 0 0 3010.DAT
0 STEP
1 86 290.0 -888 690.0 -1 0 0 0 1 0 0 0 -1 3622.DAT
0 STEP
1 86 270.0 -216 730.0 0 0 1 0 1 0 -1 0 0 3622.DAT
0 STEP
1 86 300.0 -264 720.0 -1 0 0 0 1 0 0 0 -1 3001.DAT
0 STEP
1 86 300.0 -312 710.0 -1 0 0 0 1 0 0 0 -1 3010.DAT
0 STEP
1 86 280.0 -768 730.0 0 0 1 0 1 0 -1 0 0 3002.DAT
0 STEP
1 86 290.0 -312 740.0 -1 0 0 0 1 0 0 0 -1 3002.DAT
0 STEP
1 86 270.0 -720 730.0 0 0 1 0 1 0 -1 0 0 3005.DAT
0 STEP
1 86 270.0 -264 750.0 0 0 1 0 1 0 -1 0 0 3005.DAT
0 STEP
1 86 290.0 -24 30.0 0 0 1 0 1 0 -1 0 0 3622.DAT
0 STEP
1 86 290.0 -72 10.0 0 0 1 0 1 0 -1 0 0 3005.DAT
0 STEP
1 86 360.0 -120 20.0 -1 0 0 0 1 0 0 0 -1 3007.DAT
0 STEP
1 86 290.0 -168 30.0 0 0 1 0 1 0 -1 0 0 3622.DAT
0 STEP
1 86 300.0 -264 30.0 0 0 1 0 1 0 -1 0 0 3002.DAT
0 STEP
1 86 290.0 -336 10.0 0 0 1 0 1 0 -1 0 0 3005.DAT
0 STEP
1 86 300.0 -384 30.0 0 0 1 0 1 0 -1 0 0 3002.DAT
0 STEP
1 86 300.0 -480 30.0 0 0 1 0 1 0 -1 0 0 3002.DAT
0 STEP
1 86 290.0 -504 10.0 0 0 1 0 1 0 -1 0 0 3005.DAT
0 STEP
1 86 290.0 -528 10.0 0 0 1 0 1 0 -1 0 0 3005.DAT
0 STEP
1 86 320.0 -648 10.0 -1 0 0 0 1 0 0 0 -1 3010.DAT
0 STEP
1 86 300.0 -720 30.0 0 0 1 0 1 0 -1 0 0 3002.DAT
0 STEP
1 86 360.0 -744 10.0 -1 0 0 0 1 0 0 0 -1 3008.DAT
0 STEP
1 86 290.0 -768 30.0 0 0 1 0 1 0 -1 0 0 3622.DAT
0 STEP
1 86 290.0 -792 20.0 0 0 1 0 1 0 -1 0 0 3004.DAT
0 STEP
1 86 360.0 -840 20.0 -1 0 0 0 1 0 0 0 -1 3007.DAT
0 STEP
1 86 340.0 -888 10.0 -1 0 0 0 1 0 0 0 -1 3009.DAT
0 STEP
1 86 360.0 -936 10.0 -1 0 0 0 1 0 0 0 -1 3008.DAT
0 STEP
1 86 290.0 -960 30.0 0 0 1 0 1 0 -1 0 0 3622.DAT
0 STEP
1 86 360.0 -1032 10.0 -1 0 0 0 1 0 0 0 -1 3008.DAT
0 STEP
1 86 310.0 -1080 20.0 -1 0 0 0 1 0 0 0 -1 3002.DAT
0 STEP
1 86 300.0 -1128 30.0 0 0 1 0 1 0 -1 0 0 3002.DAT
0 STEP
1 86 290.0 -1272 30.0 0 0 1 0 1 0 -1 0 0 3622.DAT
0 STEP
1 86 300.0 -1320 30.0 0 0 1 0 1 0 -1 0 0 3002.DAT
0 STEP
1 86 320.0 -1344 10.0 -1 0 0 0 1 0 0 0 -1 3010.DAT
0 STEP
1 86 290.0 -1392 30.0 0 0 1 0 1 0 -1 0 0 3622.DAT
0 STEP
1 86 360.0 -1416 10.0 -1 0 0 0 1 0 0 0 -1 3008.DAT
0 STEP
1 86 300.0 -1440 30.0 0 0 1 0 1 0 -1 0 0 3002.DAT
0 STEP
1 86 290.0 -1488 30.0 0 0 1 0 1 0 -1 0 0 3622.DAT
0 STEP
1 86 300.0 -1536 30.0 0 0 1 0 1 0 -1 0 0 3002.DAT
0 STEP
1 86 290.0 -1584 30.0 0 0 1 0 1 0 -1 0 0 3622.DAT
0 STEP
1 86 320.0 -1632 20.0 -1 0 0 0 1 0 0 0 -1 3001.DAT
0 STEP
1 86 290.0 -1656 10.0 0 0 1 0 1 0 -1 0 0 3005.DAT
0 STEP
1 86 290.0 -1680 10.0 0 0 1 0 1 0 -1 0 0 3005.DAT
0 STEP
1 86 360.0 -1728 10.0 -1 0 0 0 1 0 0 0 -1 3008.DAT
0 STEP
1 86 300.0 -1752 20.0 0 0 1 0 1 0 -1 0 0 3003.DAT
0 STEP
1 86 340.0 -48 30.0 -1 0 0 0 1 0 0 0 -1 3009.DAT
0 STEP
1 86 320.0 -504 30.0 -1 0 0 0 1 0 0 0 -1 3010.DAT
0 STEP
1 86 320.0 -552 30.0 -1 0 0 0 1 0 0 0 -1 3010.DAT
0 STEP
1 86 290.0 -624 30.0 0 0 1 0 1 0 -1 0 0 3005.DAT
0 STEP
1 86 360.0 -744 40.0 -1 0 0 0 1 0 0 0 -1 3007.DAT
0 STEP
1 86 300.0 -888 30.0 -1 0 0 0 1 0 0 0 -1 3004.DAT
0 STEP
1 86 340.0 -936 40.0 -1 0 0 0 1 0 0 0 -1 2456.DAT
0 STEP
1 86 290.0 -1056 40.0 0 0 1 0 1 0 -1 0 0 3004.DAT
0 STEP
1 86 340.0 -1296 30.0 -1 0 0 0 1 0 0 0 -1 3009.DAT
0 STEP
1 86 300.0 -1416 30.0 -1 0 0 0 1 0 0 0 -1 3004.DAT
0 STEP
1 86 310.0 -1464 30.0 -1 0 0 0 1 0 0 0 -1 3622.DAT
0 STEP
1 86 360.0 -1680 40.0 -1 0 0 0 1 0 0 0 -1 3007.DAT
0 STEP
1 86 320.0 -48 60.0 -1 0 0 0 1 0 0 0 -1 3001.DAT
0 STEP
1 86 340.0 -336 50.0 -1 0 0 0 1 0 0 0 -1 3009.DAT
0 STEP
1 86 290.0 -432 50.0 0 0 1 0 1 0 -1 0 0 3005.DAT
0 STEP
1 86 290.0 -528 50.0 0 0 1 0 1 0 -1 0 0 3005.DAT
0 STEP
1 86 340.0 -792 50.0 -1 0 0 0 1 0 0 0 -1 3009.DAT
0 STEP
1 86 360.0 -840 50.0 -1 0 0 0 1 0 0 0 -1 3008.DAT
0 STEP
1 86 360.0 -888 50.0 -1 0 0 0 1 0 0 0 -1 3008.DAT
0 STEP
1 86 310.0 -1080 50.0 -1 0 0 0 1 0 0 0 -1 3622.DAT
0 STEP
1 86 290.0 -1104 50.0 0 0 1 0 1 0 -1 0 0 3005.DAT
0 STEP
1 86 320.0 -1416 50.0 -1 0 0 0 1 0 0 0 -1 3010.DAT
0 STEP
1 86 320.0 -1632 50.0 -1 0 0 0 1 0 0 0 -1 3010.DAT
0 STEP
1 86 290.0 -1656 50.0 0 0 1 0 1 0 -1 0 0 3005.DAT
0 STEP
1 86 320.0 -1728 50.0 -1 0 0 0 1 0 0 0 -1 3010.DAT
0 STEP
1 86 290.0 -1728 120.0 0 0 1 0 1 0 -1 0 0 3010.DAT
0 STEP
1 86 320.0 0 120.0 -1 0 0 0 1 0 0 0 -1 3001.DAT
0 STEP
1 86 300.0 -24 140.0 0 0 1 0 1 0 -1 0 0 3001.DAT
0 STEP
1 86 300.0 -48 160.0 0 0 1 0 1 0 -1 0 0 3001.DAT
0 STEP
1 86 300.0 -1704 150.0 0 0 1 0 1 0 -1 0 0 3002.DAT
0 STEP
1 86 290.0 -1728 170.0 0 0 1 0 1 0 -1 0 0 3005.DAT
0 STEP
1 86 300.0 -24 190.0 -1 0 0 0 1 0 0 0 -1 3004.DAT
0 STEP
1 86 290.0 -1704 190.0 0 0 1 0 1 0 -1 0 0 3005.DAT
0 STEP
1 86 320.0 -1752 190.0 -1 0 0 0 1 0 0 0 -1 3010.DAT
0 STEP
1 86 290.0 0 210.0 0 0 1 0 1 0 -1 0 0 3005.DAT
0 STEP
1 86 290.0 -24 260.0 0 0 1 0 1 0 -1 0 0 3009.DAT
0 STEP
1 86 340.0 -1752 210.0 -1 0 0 0 1 0 0 0 -1 3009.DAT
0 STEP
1 86 320.0 0 230.0 -1 0 0 0 1 0 0 0 -1 3010.DAT
0 STEP
1 86 290.0 -48 230.0 0 0 1 0 1 0 -1 0 0 3005.DAT
0 STEP
1 86 290.0 -1704 230.0 0 0 1 0 1 0 -1 0 0 3005.DAT
0 STEP
1 86 290.0 -1752 230.0 0 0 1 0 1 0 -1 0 0 3005.DAT
0 STEP
1 86 300.0 -48 260.0 0 0 1 0 1 0 -1 0 0 3003.DAT
0 STEP
1 86 290.0 -1752 300.0 0 0 1 0 1 0 -1 0 0 3009.DAT
0 STEP
1 86 290.0 -48 290.0 0 0 1 0 1 0 -1 0 0 3005.DAT
0 STEP
1 86 290.0 0 320.0 0 0 1 0 1 0 -1 0 0 3004.DAT
0 STEP
1 86 320.0 -24 330.0 -1 0 0 0 1 0 0 0 -1 3010.DAT
0 STEP
1 86 290.0 -48 360.0 0 0 1 0 1 0 -1 0 0 3010.DAT
0 STEP
1 86 290.0 0 390.0 0 0 1 0 1 0 -1 0 0 3622.DAT
0 STEP
1 86 290.0 -1728 370.0 0 0 1 0 1 0 -1 0 0 3005.DAT
0 STEP
1 86 300.0 -1752 400.0 0 0 1 0 1 0 -1 0 0 3001.DAT
0 STEP
1 86 360.0 -1728 400.0 -1 0 0 0 1 0 0 0 -1 3007.DAT
0 STEP
1 86 320.0 -24 410.0 -1 0 0 0 1 0 0 0 -1 3010.DAT
0 STEP
1 86 300.0 -984 430.0 0 0 1 0 1 0 -1 0 0 3002.DAT
0 STEP
1 86 320.0 -1080 420.0 -1 0 0 0 1 0 0 0 -1 3001.DAT
0 STEP
1 86 290.0 -1224 430.0 0 0 1 0 1 0 -1 0 0 3622.DAT
0 STEP
1 86 290.0 -1320 430.0 0 0 1 0 1 0 -1 0 0 3622.DAT
0 STEP
1 86 340.0 -1368 410.0 -1 0 0 0 1 0 0 0 -1 3009.DAT
0 STEP
1 86 290.0 -1416 430.0 0 0 1 0 1 0 -1 0 0 3622.DAT
0 STEP
1 86 300.0 -1464 430.0 0 0 1 0 1 0 -1 0 0 3002.DAT
0 STEP
1 86 340.0 -1512 410.0 -1 0 0 0 1 0 0 0 -1 3009.DAT
0 STEP
1 86 300.0 -1632 430.0 0 0 1 0 1 0 -1 0 0 3002.DAT
0 STEP
1 86 310.0 0 430.0 -1 0 0 0 1 0 0 0 -1 3622.DAT
0 STEP
1 86 290.0 -912 500.0 0 0 1 0 1 0 -1 0 0 3008.DAT
0 STEP
1 86 340.0 -1152 430.0 -1 0 0 0 1 0 0 0 -1 3009.DAT
0 STEP
1 86 340.0 -1656 430.0 -1 0 0 0 1 0 0 0 -1 3009.DAT
0 STEP
1 86 290.0 -1704 440.0 0 0 1 0 1 0 -1 0 0 3004.DAT
0 STEP
1 86 320.0 -1728 440.0 -1 0 0 0 1 0 0 0 -1 3001.DAT
0 STEP
1 86 320.0 -24 450.0 -1 0 0 0 1 0 0 0 -1 3010.DAT
0 STEP
1 86 320.0 -1080 450.0 -1 0 0 0 1 0 0 0 -1 3010.DAT
0 STEP
1 86 290.0 0 500.0 0 0 1 0 1 0 -1 0 0 3010.DAT
0 STEP
1 86 290.0 -24 490.0 0 0 1 0 1 0 -1 0 0 3622.DAT
0 STEP
1 86 290.0 -864 500.0 0 0 1 0 1 0 -1 0 0 3010.DAT
0 STEP
1 86 320.0 -48 500.0 -1 0 0 0 1 0 0 0 -1 3001.DAT
0 STEP
1 86 340.0 -888 490.0 -1 0 0 0 1 0 0 0 -1 3009.DAT
0 STEP
1 86 290.0 -48 580.0 0 0 1 0 1 0 -1 0 0 3009.DAT
0 STEP
1 86 290.0 0 550.0 0 0 1 0 1 0 -1 0 0 3005.DAT
0 STEP
1 86 290.0 -864 600.0 0 0 1 0 1 0 -1 0 0 3009.DAT
0 STEP
1 86 310.0 -888 570.0 -1 0 0 0 1 0 0 0 -1 3622.DAT
0 STEP
1 86 320.0 -888 590.0 -1 0 0 0 1 0 0 0 -1 3010.DAT
0 STEP
1 86 290.0 0 640.0 0 0 1 0 1 0 -1 0 0 3010.DAT
0 STEP
1 86 320.0 -912 620.0 -1 0 0 0 1 0 0 0 -1 3001.DAT
0 STEP
1 86 320.0 -24 640.0 -1 0 0 0 1 0 0 0 -1 3001.DAT
0 STEP
1 86 290.0 -48 650.0 0 0 1 0 1 0 -1 0 0 3005.DAT
0 STEP
1 86 320.0 -72 660.0 -1 0 0 0 1 0 0 0 -1 3001.DAT
0 STEP
1 86 320.0 -432 660.0 -1 0 0 0 1 0 0 0 -1 3001.DAT
0 STEP
1 86 300.0 -480 670.0 0 0 1 0 1 0 -1 0 0 3002.DAT
0 STEP
1 86 290.0 -528 670.0 0 0 1 0 1 0 -1 0 0 3622.DAT
0 STEP
1 86 290.0 -624 670.0 0 0 1 0 1 0 -1 0 0 3622.DAT
0 STEP
1 86 320.0 -912 660.0 -1 0 0 0 1 0 0 0 -1 3001.DAT
0 STEP
1 86 320.0 -24 680.0 -1 0 0 0 1 0 0 0 -1 3001.DAT
0 STEP
1 86 290.0 -552 670.0 0 0 1 0 1 0 -1 0 0 3005.DAT
0 STEP
1 86 300.0 -168 720.0 0 0 1 0 1 0 -1 0 0 3001.DAT
0 STEP
1 86 320.0 -336 690.0 -1 0 0 0 1 0 0 0 -1 3010.DAT
0 STEP
1 86 320.0 -432 690.0 -1 0 0 0 1 0 0 0 -1 3010.DAT
0 STEP
1 86 320.0 -648 690.0 -1 0 0 0 1 0 0 0 -1 3010.DAT
0 STEP
1 86 320.0 -792 690.0 -1 0 0 0 1 0 0 0 -1 3010.DAT
0 STEP
1 86 290.0 -912 690.0 0 0 1 0 1 0 -1 0 0 3005.DAT
0 STEP
1 86 300.0 -216 730.0 0 0 1 0 1 0 -1 0 0 3002.DAT
0 STEP
1 86 290.0 -336 730.0 0 0 1 0 1 0 -1 0 0 3622.DAT
0 STEP
1 86 320.0 -648 720.0 -1 0 0 0 1 0 0 0 -1 3001.DAT
0 STEP
1 86 290.0 -720 720.0 0 0 1 0 1 0 -1 0 0 3004.DAT
0 STEP
1 86 290.0 -792 730.0 0 0 1 0 1 0 -1 0 0 3622.DAT
0 STEP
1 86 290.0 -288 730.0 0 0 1 0 1 0 -1 0 0 3005.DAT
0 STEP
1 86 360.0 -264 750.0 -1 0 0 0 1 0 0 0 -1 3008.DAT
0 STEP
1 86 320.0 -648 750.0 -1 0 0 0 1 0 0 0 -1 3010.DAT
0 STEP
1 86 310.0 -24 40.0 0 0 1 0 1 0 -1 0 0 3010.DAT
0 STEP
1 86 320.0 -72 30.0 0 0 1 0 1 0 -1 0 0 3002.DAT
0 STEP
1 86 310.0 -96 30.0 0 0 1 0 1 0 -1 0 0 3622.DAT
0 STEP
1 86 340.0 -168 20.0 -1 0 0 0 1 0 0 0 -1 3001.DAT
0 STEP
1 86 320.0 -216 30.0 0 0 1 0 1 0 -1 0 0 3002.DAT
0 STEP
1 86 320.0 -312 30.0 0 0 1 0 1 0 -1 0 0 3002.DAT
0 STEP
1 86 340.0 -336 10.0 -1 0 0 0 1 0 0 0 -1 3010.DAT
0 STEP
1 86 340.0 -504 10.0 -1 0 0 0 1 0 0 0 -1 3010.DAT
0 STEP
1 86 320.0 -528 30.0 0 0 1 0 1 0 -1 0 0 3002.DAT
0 STEP
1 86 310.0 -576 30.0 0 0 1 0 1 0 -1 0 0 3622.DAT
0 STEP
1 86 340.0 -600 10.0 -1 0 0 0 1 0 0 0 -1 3010.DAT
0 STEP
1 86 320.0 -624 20.0 0 0 1 0 1 0 -1 0 0 3003.DAT
0 STEP
1 86 320.0 -672 30.0 0 0 1 0 1 0 -1 0 0 3002.DAT
0 STEP
1 86 320.0 -768 30.0 0 0 1 0 1 0 -1 0 0 3002.DAT
0 STEP
1 86 360.0 -792 20.0 -1 0 0 0 1 0 0 0 -1 2456.DAT
0 STEP
1 86 320.0 -816 30.0 0 0 1 0 1 0 -1 0 0 3002.DAT
0 STEP
1 86 320.0 -864 30.0 0 0 1 0 1 0 -1 0 0 3002.DAT
0 STEP
1 86 310.0 -912 10.0 0 0 1 0 1 0 -1 0 0 3005.DAT
0 STEP
1 86 320.0 -960 30.0 0 0 1 0 1 0 -1 0 0 3002.DAT
0 STEP
1 86 330.0 -1008 20.0 -1 0 0 0 1 0 0 0 -1 3002.DAT
0 STEP
1 86 320.0 -1056 30.0 0 0 1 0 1 0 -1 0 0 3002.DAT
0 STEP
1 86 310.0 -1176 30.0 0 0 1 0 1 0 -1 0 0 3622.DAT
0 STEP
1 86 310.0 -1224 30.0 0 0 1 0 1 0 -1 0 0 3622.DAT
0 STEP
1 86 320.0 -1272 30.0 0 0 1 0 1 0 -1 0 0 3002.DAT
0 STEP
1 86 320.0 -1392 20.0 0 0 1 0 1 0 -1 0 0 3003.DAT
0 STEP
1 86 340.0 -1488 20.0 -1 0 0 0 1 0 0 0 -1 3001.DAT
0 STEP
1 86 340.0 -1584 20.0 -1 0 0 0 1 0 0 0 -1 3001.DAT
0 STEP
1 86 320.0 -1656 30.0 0 0 1 0 1 0 -1 0 0 3002.DAT
0 STEP
1 86 380.0 -1680 10.0 -1 0 0 0 1 0 0 0 -1 3008.DAT
0 STEP
1 86 320.0 -1704 60.0 0 0 1 0 1 0 -1 0 0 2456.DAT
0 STEP
1 86 310.0 -192 30.0 0 0 1 0 1 0 -1 0 0 3005.DAT
0 STEP
1 86 310.0 -360 30.0 0 0 1 0 1 0 -1 0 0 3005.DAT
0 STEP
1 86 340.0 -600 40.0 -1 0 0 0 1 0 0 0 -1 3001.DAT
0 STEP
1 86 340.0 -168 50.0 -1 0 0 0 1 0 0 0 -1 3010.DAT
0 STEP
1 86 360.0 -432 50.0 -1 0 0 0 1 0 0 0 -1 3009.DAT
0 STEP
1 86 310.0 -912 50.0 0 0 1 0 1 0 -1 0 0 3005.DAT
0 STEP
1 86 330.0 -1008 50.0 -1 0 0 0 1 0 0 0 -1 3622.DAT
0 STEP
1 86 340.0 -1104 50.0 -1 0 0 0 1 0 0 0 -1 3010.DAT
0 STEP
1 86 340.0 -1392 50.0 -1 0 0 0 1 0 0 0 -1 3010.DAT
0 STEP
1 86 310.0 -1488 50.0 0 0 1 0 1 0 -1 0 0 3005.DAT
0 STEP
1 86 340.0 -1584 50.0 -1 0 0 0 1 0 0 0 -1 3010.DAT
0 STEP
1 86 310.0 -24 90.0 0 0 1 0 1 0 -1 0 0 3005.DAT
0 STEP
1 86 310.0 -1728 160.0 0 0 1 0 1 0 -1 0 0 3008.DAT
0 STEP
1 86 310.0 0 190.0 0 0 1 0 1 0 -1 0 0 3622.DAT
0 STEP
1 86 340.0 -1704 190.0 -1 0 0 0 1 0 0 0 -1 3010.DAT
0 STEP
1 86 340.0 -24 210.0 -1 0 0 0 1 0 0 0 -1 3010.DAT
0 STEP
1 86 330.0 -24 230.0 -1 0 0 0 1 0 0 0 -1 3622.DAT
0 STEP
1 86 340.0 -48 230.0 -1 0 0 0 1 0 0 0 -1 3010.DAT
0 STEP
1 86 320.0 -1704 240.0 0 0 1 0 1 0 -1 0 0 3003.DAT
0 STEP
1 86 310.0 -1752 280.0 0 0 1 0 1 0 -1 0 0 3009.DAT
0 STEP
1 86 360.0 -24 260.0 -1 0 0 0 1 0 0 0 -1 2456.DAT
0 STEP
1 86 380.0 -24 290.0 -1 0 0 0 1 0 0 0 -1 3008.DAT
0 STEP
1 86 310.0 -48 340.0 0 0 1 0 1 0 -1 0 0 3009.DAT
0 STEP
1 86 330.0 -1728 300.0 -1 0 0 0 1 0 0 0 -1 3002.DAT
0 STEP
1 86 310.0 0 360.0 0 0 1 0 1 0 -1 0 0 3009.DAT
0 STEP
1 86 340.0 -24 310.0 -1 0 0 0 1 0 0 0 -1 3010.DAT
0 STEP
1 86 320.0 -1704 360.0 0 0 1 0 1 0 -1 0 0 2456.DAT
0 STEP
1 86 310.0 -1752 350.0 0 0 1 0 1 0 -1 0 0 3005.DAT
0 STEP
1 86 340.0 -1728 370.0 -1 0 0 0 1 0 0 0 -1 3010.DAT
0 STEP
1 86 320.0 -48 410.0 -1 0 0 0 1 0 0 0 -1 3004.DAT
0 STEP
1 86 320.0 -1032 430.0 0 0 1 0 1 0 -1 0 0 3002.DAT
0 STEP
1 86 320.0 -1128 430.0 0 0 1 0 1 0 -1 0 0 3002.DAT
0 STEP
1 86 310.0 -1176 430.0 0 0 1 0 1 0 -1 0 0 3622.DAT
0 STEP
1 86 340.0 -1224 410.0 -1 0 0 0 1 0 0 0 -1 3010.DAT
0 STEP
1 86 320.0 -1248 430.0 0 0 1 0 1 0 -1 0 0 3002.DAT
0 STEP
1 86 310.0 -1272 420.0 0 0 1 0 1 0 -1 0 0 3004.DAT
0 STEP
1 86 340.0 -1320 410.0 -1 0 0 0 1 0 0 0 -1 3010.DAT
0 STEP
1 86 310.0 -1344 420.0 0 0 1 0 1 0 -1 0 0 3004.DAT
0 STEP
1 86 320.0 -1416 430.0 0 0 1 0 1 0 -1 0 0 3002.DAT
0 STEP
1 86 310.0 -1536 430.0 0 0 1 0 1 0 -1 0 0 3622.DAT
0 STEP
1 86 320.0 -1584 430.0 0 0 1 0 1 0 -1 0 0 3002.DAT
0 STEP
1 86 340.0 -24 430.0 -1 0 0 0 1 0 0 0 -1 3010.DAT
0 STEP
1 86 310.0 -912 440.0 0 0 1 0 1 0 -1 0 0 3004.DAT
0 STEP
1 86 310.0 -1224 440.0 0 0 1 0 1 0 -1 0 0 3004.DAT
0 STEP
1 86 340.0 -1320 440.0 -1 0 0 0 1 0 0 0 -1 3001.DAT
0 STEP
1 86 360.0 -1704 440.0 -1 0 0 0 1 0 0 0 -1 2456.DAT
0 STEP
1 86 320.0 0 480.0 0 0 1 0 1 0 -1 0 0 3001.DAT
0 STEP
1 86 340.0 -1272 450.0 -1 0 0 0 1 0 0 0 -1 3010.DAT
0 STEP
1 86 310.0 -1656 450.0 0 0 1 0 1 0 -1 0 0 3005.DAT
0 STEP
1 86 310.0 -24 500.0 0 0 1 0 1 0 -1 0 0 3010.DAT
0 STEP
1 86 310.0 -864 520.0 0 0 1 0 1 0 -1 0 0 3009.DAT
0 STEP
1 86 310.0 -912 490.0 0 0 1 0 1 0 -1 0 0 3622.DAT
0 STEP
1 86 310.0 0 530.0 0 0 1 0 1 0 -1 0 0 3005.DAT
0 STEP
1 86 320.0 -48 560.0 0 0 1 0 1 0 -1 0 0 3001.DAT
0 STEP
1 86 340.0 -912 540.0 -1 0 0 0 1 0 0 0 -1 3001.DAT
0 STEP
1 86 310.0 0 620.0 0 0 1 0 1 0 -1 0 0 3008.DAT
0 STEP
1 86 340.0 -24 560.0 -1 0 0 0 1 0 0 0 -1 3001.DAT
0 STEP
1 86 310.0 -912 570.0 0 0 1 0 1 0 -1 0 0 3005.DAT
0 STEP
1 86 340.0 -24 600.0 -1 0 0 0 1 0 0 0 -1 3001.DAT
0 STEP
1 86 320.0 -864 620.0 0 0 1 0 1 0 -1 0 0 3001.DAT
0 STEP
1 86 310.0 -48 640.0 0 0 1 0 1 0 -1 0 0 3010.DAT
0 STEP
1 86 310.0 -888 630.0 0 0 1 0 1 0 -1 0 0 3005.DAT
0 STEP
1 86 320.0 -120 670.0 0 0 1 0 1 0 -1 0 0 3002.DAT
0 STEP
1 86 320.0 -408 670.0 0 0 1 0 1 0 -1 0 0 3002.DAT
0 STEP
1 86 320.0 -528 670.0 0 0 1 0 1 0 -1 0 0 3002.DAT
0 STEP
1 86 320.0 -576 670.0 0 0 1 0 1 0 -1 0 0 3002.DAT
0 STEP
1 86 340.0 -600 650.0 -1 0 0 0 1 0 0 0 -1 3010.DAT
0 STEP
1 86 320.0 -624 670.0 0 0 1 0 1 0 -1 0 0 3002.DAT
0 STEP
1 86 310.0 -96 680.0 0 0 1 0 1 0 -1 0 0 3004.DAT
0 STEP
1 86 400.0 -552 680.0 -1 0 0 0 1 0 0 0 -1 3006.DAT
0 STEP
1 86 310.0 -48 690.0 0 0 1 0 1 0 -1 0 0 3005.DAT
0 STEP
1 86 380.0 -384 690.0 -1 0 0 0 1 0 0 0 -1 3008.DAT
0 STEP
1 86 320.0 -672 720.0 0 0 1 0 1 0 -1 0 0 3001.DAT
0 STEP
1 86 340.0 -912 690.0 -1 0 0 0 1 0 0 0 -1 3010.DAT
0 STEP
1 86 320.0 -288 730.0 0 0 1 0 1 0 -1 0 0 3002.DAT
0 STEP
1 86 320.0 -336 730.0 0 0 1 0 1 0 -1 0 0 3002.DAT
0 STEP
1 86 340.0 -720 710.0 -1 0 0 0 1 0 0 0 -1 3010.DAT
0 STEP
1 86 340.0 -768 710.0 -1 0 0 0 1 0 0 0 -1 3010.DAT
0 STEP
1 86 320.0 -792 730.0 0 0 1 0 1 0 -1 0 0 3002.DAT
0 STEP
1 86 310.0 -720 740.0 0 0 1 0 1 0 -1 0 0 3004.DAT
0 STEP
1 86 310.0 -768 730.0 0 0 1 0 1 0 -1 0 0 3005.DAT
0 STEP
1 86 340.0 -768 750.0 -1 0 0 0 1 0 0 0 -1 3010.DAT
0 STEP
1 86 350.0 -24 20.0 -1 0 0 0 1 0 0 0 -1 3002.DAT
0 STEP
1 86 360.0 -96 20.0 -1 0 0 0 1 0 0 0 -1 3001.DAT
0 STEP
1 86 340.0 -144 30.0 0 0 1 0 1 0 -1 0 0 3002.DAT
0 STEP
1 86 360.0 -240 20.0 -1 0 0 0 1 0 0 0 -1 3001.DAT
0 STEP
1 86 340.0 -264 30.0 0 0 1 0 1 0 -1 0 0 3002.DAT
0 STEP
1 86 360.0 -384 10.0 -1 0 0 0 1 0 0 0 -1 3010.DAT
0 STEP
1 86 340.0 -408 30.0 0 0 1 0 1 0 -1 0 0 3002.DAT
0 STEP
1 86 330.0 -480 10.0 0 0 1 0 1 0 -1 0 0 3005.DAT
0 STEP
1 86 340.0 -576 30.0 0 0 1 0 1 0 -1 0 0 3002.DAT
0 STEP
1 86 330.0 -696 20.0 0 0 1 0 1 0 -1 0 0 3004.DAT
0 STEP
1 86 350.0 -720 10.0 -1 0 0 0 1 0 0 0 -1 3622.DAT
0 STEP
1 86 340.0 -912 30.0 0 0 1 0 1 0 -1 0 0 3002.DAT
0 STEP
1 86 340.0 -1128 30.0 0 0 1 0 1 0 -1 0 0 3002.DAT
0 STEP
1 86 340.0 -1176 30.0 0 0 1 0 1 0 -1 0 0 3002.DAT
0 STEP
1 86 360.0 -1224 10.0 -1 0 0 0 1 0 0 0 -1 3010.DAT
0 STEP
1 86 340.0 -1248 10.0 -1 0 0 0 1 0 0 0 -1 3004.DAT
0 STEP
1 86 330.0 -1296 10.0 0 0 1 0 1 0 -1 0 0 3005.DAT
0 STEP
1 86 330.0 -1320 30.0 0 0 1 0 1 0 -1 0 0 3622.DAT
0 STEP
1 86 360.0 -1440 20.0 -1 0 0 0 1 0 0 0 -1 3001.DAT
0 STEP
1 86 330.0 -1512 10.0 0 0 1 0 1 0 -1 0 0 3005.DAT
0 STEP
1 86 340.0 -1536 20.0 0 0 1 0 1 0 -1 0 0 3003.DAT
0 STEP
1 86 330.0 -1608 20.0 0 0 1 0 1 0 -1 0 0 3004.DAT
0 STEP
1 86 330.0 -1752 40.0 0 0 1 0 1 0 -1 0 0 3010.DAT
0 STEP
1 86 330.0 0 40.0 0 0 1 0 1 0 -1 0 0 3004.DAT
0 STEP
1 86 330.0 -192 40.0 0 0 1 0 1 0 -1 0 0 3004.DAT
0 STEP
1 86 330.0 -360 40.0 0 0 1 0 1 0 -1 0 0 3004.DAT
0 STEP
1 86 330.0 -384 30.0 0 0 1 0 1 0 -1 0 0 3005.DAT
0 STEP
1 86 360.0 -480 40.0 -1 0 0 0 1 0 0 0 -1 3001.DAT
0 STEP
1 86 350.0 -720 40.0 -1 0 0 0 1 0 0 0 -1 3002.DAT
0 STEP
1 86 400.0 -888 30.0 -1 0 0 0 1 0 0 0 -1 3008.DAT
0 STEP
1 86 360.0 -1224 40.0 -1 0 0 0 1 0 0 0 -1 3001.DAT
0 STEP
1 86 360.0 -1368 40.0 -1 0 0 0 1 0 0 0 -1 3001.DAT
0 STEP
1 86 400.0 -1416 30.0 -1 0 0 0 1 0 0 0 -1 3008.DAT
0 STEP
1 86 350.0 -24 50.0 -1 0 0 0 1 0 0 0 -1 3622.DAT
0 STEP
1 86 360.0 -96 50.0 -1 0 0 0 1 0 0 0 -1 3010.DAT
0 STEP
1 86 330.0 -240 50.0 0 0 1 0 1 0 -1 0 0 3005.DAT
0 STEP
1 86 380.0 -384 50.0 -1 0 0 0 1 0 0 0 -1 3009.DAT
0 STEP
1 86 330.0 -624 50.0 0 0 1 0 1 0 -1 0 0 3005.DAT
0 STEP
1 86 340.0 -1200 50.0 -1 0 0 0 1 0 0 0 -1 3004.DAT
0 STEP
1 86 360.0 -1440 50.0 -1 0 0 0 1 0 0 0 -1 3010.DAT
0 STEP
1 86 360.0 -1488 50.0 -1 0 0 0 1 0 0 0 -1 3010.DAT
0 STEP
1 86 380.0 -1536 50.0 -1 0 0 0 1 0 0 0 -1 3009.DAT
0 STEP
1 86 400.0 -24 70.0 -1 0 0 0 1 0 0 0 -1 3008.DAT
0 STEP
1 86 420.0 -24 100.0 -1 0 0 0 1 0 0 0 -1 3006.DAT
0 STEP
1 86 400.0 -1728 90.0 -1 0 0 0 1 0 0 0 -1 3008.DAT
0 STEP
1 86 330.0 -1752 90.0 0 0 1 0 1 0 -1 0 0 3005.DAT
0 STEP
1 86 360.0 -1728 120.0 -1 0 0 0 1 0 0 0 -1 3001.DAT
0 STEP
1 86 360.0 -24 130.0 -1 0 0 0 1 0 0 0 -1 3010.DAT
0 STEP
1 86 330.0 -48 160.0 0 0 1 0 1 0 -1 0 0 3010.DAT
0 STEP
1 86 340.0 -1704 150.0 0 0 1 0 1 0 -1 0 0 3002.DAT
0 STEP
1 86 340.0 0 180.0 0 0 1 0 1 0 -1 0 0 3001.DAT
0 STEP
1 86 350.0 -24 150.0 -1 0 0 0 1 0 0 0 -1 3622.DAT
0 STEP
1 86 360.0 -1728 150.0 -1 0 0 0 1 0 0 0 -1 3010.DAT
0 STEP
1 86 350.0 -24 180.0 -1 0 0 0 1 0 0 0 -1 3002.DAT
0 STEP
1 86 330.0 -1728 200.0 0 0 1 0 1 0 -1 0 0 3010.DAT
0 STEP
1 86 360.0 -1752 230.0 -1 0 0 0 1 0 0 0 -1 3010.DAT
0 STEP
1 86 330.0 0 280.0 0 0 1 0 1 0 -1 0 0 3010.DAT
0 STEP
1 86 350.0 -48 250.0 -1 0 0 0 1 0 0 0 -1 3622.DAT
0 STEP
1 86 330.0 -1728 250.0 0 0 1 0 1 0 -1 0 0 3005.DAT
0 STEP
1 86 330.0 -1752 280.0 0 0 1 0 1 0 -1 0 0 3010.DAT
0 STEP
1 86 330.0 -48 320.0 0 0 1 0 1 0 -1 0 0 3009.DAT
0 STEP
1 86 330.0 0 330.0 0 0 1 0 1 0 -1 0 0 3005.DAT
0 STEP
1 86 330.0 -1752 380.0 0 0 1 0 1 0 -1 0 0 3009.DAT
0 STEP
1 86 330.0 0 380.0 0 0 1 0 1 0 -1 0 0 3010.DAT
0 STEP
1 86 330.0 -24 370.0 0 0 1 0 1 0 -1 0 0 3005.DAT
0 STEP
1 86 360.0 -48 390.0 -1 0 0 0 1 0 0 0 -1 3010.DAT
0 STEP
1 86 340.0 -960 430.0 0 0 1 0 1 0 -1 0 0 3002.DAT
0 STEP
1 86 330.0 -984 410.0 0 0 1 0 1 0 -1 0 0 3005.DAT
0 STEP
1 86 360.0 -1104 420.0 -1 0 0 0 1 0 0 0 -1 3001.DAT
0 STEP
1 86 340.0 -1176 430.0 0 0 1 0 1 0 -1 0 0 3002.DAT
0 STEP
1 86 360.0 -1272 420.0 -1 0 0 0 1 0 0 0 -1 3001.DAT
0 STEP
1 86 330.0 -1296 430.0 0 0 1 0 1 0 -1 0 0 3622.DAT
0 STEP
1 86 330.0 -1344 430.0 0 0 1 0 1 0 -1 0 0 3622.DAT
0 STEP
1 86 360.0 -1464 420.0 -1 0 0 0 1 0 0 0 -1 3001.DAT
0 STEP
1 86 340.0 -1488 430.0 0 0 1 0 1 0 -1 0 0 3002.DAT
0 STEP
1 86 340.0 -1536 430.0 0 0 1 0 1 0 -1 0 0 3002.DAT
0 STEP
1 86 330.0 -1632 430.0 0 0 1 0 1 0 -1 0 0 3622.DAT
0 STEP
1 86 340.0 -1680 430.0 0 0 1 0 1 0 -1 0 0 3002.DAT
0 STEP
1 86 340.0 -912 460.0 0 0 1 0 1 0 -1 0 0 3001.DAT
0 STEP
1 86 360.0 -984 440.0 -1 0 0 0 1 0 0 0 -1 3001.DAT
0 STEP
1 86 360.0 -1224 440.0 -1 0 0 0 1 0 0 0 -1 3001.DAT
0 STEP
1 86 330.0 -1368 430.0 0 0 1 0 1 0 -1 0 0 3005.DAT
0 STEP
1 86 330.0 -1104 450.0 0 0 1 0 1 0 -1 0 0 3005.DAT
0 STEP
1 86 360.0 -1368 450.0 -1 0 0 0 1 0 0 0 -1 3010.DAT
0 STEP
1 86 330.0 -1464 450.0 0 0 1 0 1 0 -1 0 0 3005.DAT
0 STEP
1 86 360.0 -1512 450.0 -1 0 0 0 1 0 0 0 -1 3010.DAT
0 STEP
1 86 330.0 -1608 450.0 0 0 1 0 1 0 -1 0 0 3005.DAT
0 STEP
1 86 360.0 -1656 450.0 -1 0 0 0 1 0 0 0 -1 3010.DAT
0 STEP
1 86 340.0 -24 480.0 0 0 1 0 1 0 -1 0 0 3003.DAT
0 STEP
1 86 330.0 -864 480.0 0 0 1 0 1 0 -1 0 0 3004.DAT
0 STEP
1 86 360.0 -24 520.0 -1 0 0 0 1 0 0 0 -1 3001.DAT
0 STEP
1 86 360.0 -864 510.0 -1 0 0 0 1 0 0 0 -1 3010.DAT
0 STEP
1 86 360.0 -912 510.0 -1 0 0 0 1 0 0 0 -1 3010.DAT
0 STEP
1 86 330.0 0 560.0 0 0 1 0 1 0 -1 0 0 3010.DAT
0 STEP
1 86 360.0 -864 540.0 -1 0 0 0 1 0 0 0 -1 3001.DAT
0 STEP
1 86 360.0 -864 570.0 -1 0 0 0 1 0 0 0 -1 3010.DAT
0 STEP
1 86 350.0 -912 580.0 -1 0 0 0 1 0 0 0 -1 3002.DAT
0 STEP
1 86 350.0 0 610.0 -1 0 0 0 1 0 0 0 -1 3622.DAT
0 STEP
1 86 330.0 -48 630.0 0 0 1 0 1 0 -1 0 0 3622.DAT
0 STEP
1 86 360.0 0 630.0 -1 0 0 0 1 0 0 0 -1 3010.DAT
0 STEP
1 86 330.0 -888 660.0 0 0 1 0 1 0 -1 0 0 3010.DAT
0 STEP
1 86 330.0 0 670.0 0 0 1 0 1 0 -1 0 0 3622.DAT
0 STEP
1 86 330.0 -96 660.0 0 0 1 0 1 0 -1 0 0 3004.DAT
0 STEP
1 86 400.0 -384 650.0 -1 0 0 0 1 0 0 0 -1 3008.DAT
0 STEP
1 86 330.0 -456 650.0 0 0 1 0 1 0 -1 0 0 3005.DAT
0 STEP
1 86 330.0 -480 670.0 0 0 1 0 1 0 -1 0 0 3622.DAT
0 STEP
1 86 330.0 -552 650.0 0 0 1 0 1 0 -1 0 0 3005.DAT
0 STEP
1 86 360.0 -840 650.0 -1 0 0 0 1 0 0 0 -1 3010.DAT
0 STEP
1 86 360.0 -48 680.0 -1 0 0 0 1 0 0 0 -1 3001.DAT
0 STEP
1 86 400.0 -168 670.0 -1 0 0 0 1 0 0 0 -1 3008.DAT
0 STEP
1 86 340.0 -360 700.0 0 0 1 0 1 0 -1 0 0 3001.DAT
0 STEP
1 86 360.0 -384 670.0 -1 0 0 0 1 0 0 0 -1 3010.DAT
0 STEP
1 86 340.0 -816 700.0 0 0 1 0 1 0 -1 0 0 3001.DAT
0 STEP
1 86 330.0 -840 670.0 0 0 1 0 1 0 -1 0 0 3005.DAT
0 STEP
1 86 380.0 -864 680.0 -1 0 0 0 1 0 0 0 -1 2456.DAT
0 STEP
1 86 360.0 -96 690.0 -1 0 0 0 1 0 0 0 -1 3010.DAT
0 STEP
1 86 330.0 -168 720.0 0 0 1 0 1 0 -1 0 0 3010.DAT
0 STEP
1 86 350.0 -600 690.0 -1 0 0 0 1 0 0 0 -1 3622.DAT
0 STEP
1 86 340.0 -216 730.0 0 0 1 0 1 0 -1 0 0 3002.DAT
0 STEP
1 86 330.0 -744 730.0 0 0 1 0 1 0 -1 0 0 3622.DAT
0 STEP
1 86 330.0 -240 740.0 0 0 1 0 1 0 -1 0 0 3004.DAT
0 STEP
1 86 380.0 -312 740.0 -1 0 0 0 1 0 0 0 -1 2456.DAT
0 STEP
1 86 380.0 -720 740.0 -1 0 0 0 1 0 0 0 -1 2456.DAT
0 STEP
1 86 360.0 -768 730.0 -1 0 0 0 1 0 0 0 -1 3010.DAT
0 STEP
1 86 380.0 -360 750.0 -1 0 0 0 1 0 0 0 -1 3009.DAT
0 STEP
1 86 360.0 -816 750.0 -1 0 0 0 1 0 0 0 -1 3010.DAT
0 STEP
1 86 350.0 0 40.0 0 0 1 0 1 0 -1 0 0 3010.DAT
0 STEP
1 86 360.0 -72 30.0 0 0 1 0 1 0 -1 0 0 3002.DAT
0 STEP
1 86 380.0 -192 10.0 -1 0 0 0 1 0 0 0 -1 3010.DAT
0 STEP
1 86 360.0 -216 30.0 0 0 1 0 1 0 -1 0 0 3002.DAT
0 STEP
1 86 350.0 -288 10.0 0 0 1 0 1 0 -1 0 0 3005.DAT
0 STEP
1 86 350.0 -312 30.0 0 0 1 0 1 0 -1 0 0 3622.DAT
0 STEP
1 86 360.0 -360 30.0 0 0 1 0 1 0 -1 0 0 3002.DAT
0 STEP
1 86 360.0 -456 30.0 0 0 1 0 1 0 -1 0 0 3002.DAT
0 STEP
1 86 380.0 -480 10.0 -1 0 0 0 1 0 0 0 -1 3010.DAT
0 STEP
1 86 400.0 -528 20.0 -1 0 0 0 1 0 0 0 -1 2456.DAT
0 STEP
1 86 350.0 -552 10.0 0 0 1 0 1 0 -1 0 0 3005.DAT
0 STEP
1 86 350.0 -624 30.0 0 0 1 0 1 0 -1 0 0 3622.DAT
0 STEP
1 86 350.0 -672 10.0 0 0 1 0 1 0 -1 0 0 3005.DAT
0 STEP
1 86 360.0 -696 30.0 0 0 1 0 1 0 -1 0 0 3002.DAT
0 STEP
1 86 350.0 -768 30.0 0 0 1 0 1 0 -1 0 0 3622.DAT
0 STEP
1 86 360.0 -816 30.0 0 0 1 0 1 0 -1 0 0 3002.DAT
0 STEP
1 86 360.0 -864 30.0 0 0 1 0 1 0 -1 0 0 3002.DAT
0 STEP
1 86 360.0 -960 30.0 0 0 1 0 1 0 -1 0 0 3002.DAT
0 STEP
1 86 350.0 -984 30.0 0 0 1 0 1 0 -1 0 0 3622.DAT
0 STEP
1 86 380.0 -1056 10.0 -1 0 0 0 1 0 0 0 -1 3010.DAT
0 STEP
1 86 360.0 -1080 30.0 0 0 1 0 1 0 -1 0 0 3002.DAT
0 STEP
1 86 350.0 -1272 20.0 0 0 1 0 1 0 -1 0 0 3004.DAT
0 STEP
1 86 400.0 -1296 10.0 -1 0 0 0 1 0 0 0 -1 3009.DAT
0 STEP
1 86 360.0 -1320 30.0 0 0 1 0 1 0 -1 0 0 3002.DAT
0 STEP
1 86 370.0 -1392 20.0 -1 0 0 0 1 0 0 0 -1 3002.DAT
0 STEP
1 86 350.0 -1464 30.0 0 0 1 0 1 0 -1 0 0 3622.DAT
0 STEP
1 86 360.0 -1512 30.0 0 0 1 0 1 0 -1 0 0 3002.DAT
0 STEP
1 86 350.0 -1560 30.0 0 0 1 0 1 0 -1 0 0 3622.DAT
0 STEP
1 86 380.0 -1608 10.0 -1 0 0 0 1 0 0 0 -1 3010.DAT
0 STEP
1 86 380.0 -1656 10.0 -1 0 0 0 1 0 0 0 -1 3010.DAT
0 STEP
1 86 360.0 -1704 60.0 0 0 1 0 1 0 -1 0 0 2456.DAT
0 STEP
1 86 350.0 -1752 10.0 0 0 1 0 1 0 -1 0 0 3005.DAT
0 STEP
1 86 380.0 -192 40.0 -1 0 0 0 1 0 0 0 -1 3001.DAT
0 STEP
1 86 380.0 -288 30.0 -1 0 0 0 1 0 0 0 -1 3010.DAT
0 STEP
1 86 380.0 -384 30.0 -1 0 0 0 1 0 0 0 -1 3010.DAT
0 STEP
1 86 380.0 -672 40.0 -1 0 0 0 1 0 0 0 -1 3001.DAT
0 STEP
1 86 370.0 -1032 40.0 -1 0 0 0 1 0 0 0 -1 3002.DAT
0 STEP
1 86 380.0 -1056 40.0 -1 0 0 0 1 0 0 0 -1 3001.DAT
0 STEP
1 86 350.0 -1344 30.0 0 0 1 0 1 0 -1 0 0 3005.DAT
0 STEP
1 86 380.0 -1608 40.0 -1 0 0 0 1 0 0 0 -1 3001.DAT
0 STEP
1 86 380.0 -1656 40.0 -1 0 0 0 1 0 0 0 -1 3001.DAT
0 STEP
1 86 350.0 -1752 100.0 0 0 1 0 1 0 -1 0 0 3008.DAT
0 STEP
1 86 380.0 -240 50.0 -1 0 0 0 1 0 0 0 -1 3010.DAT
0 STEP
1 86 350.0 -528 50.0 0 0 1 0 1 0 -1 0 0 3005.DAT
0 STEP
1 86 350.0 -552 50.0 0 0 1 0 1 0 -1 0 0 3005.DAT
0 STEP
1 86 350.0 -1248 50.0 0 0 1 0 1 0 -1 0 0 3005.DAT
0 STEP
1 86 380.0 -1272 50.0 -1 0 0 0 1 0 0 0 -1 3010.DAT
0 STEP
1 86 350.0 -48 90.0 0 0 1 0 1 0 -1 0 0 3005.DAT
0 STEP
1 86 350.0 -48 140.0 0 0 1 0 1 0 -1 0 0 3010.DAT
0 STEP
1 86 350.0 -1728 170.0 0 0 1 0 1 0 -1 0 0 3005.DAT
0 STEP
1 86 350.0 -48 190.0 0 0 1 0 1 0 -1 0 0 3005.DAT
0 STEP
1 86 350.0 -1728 220.0 0 0 1 0 1 0 -1 0 0 3010.DAT
0 STEP
1 86 370.0 -1704 230.0 -1 0 0 0 1 0 0 0 -1 3622.DAT
0 STEP
1 86 350.0 0 300.0 0 0 1 0 1 0 -1 0 0 3009.DAT
0 STEP
1 86 420.0 -1704 260.0 -1 0 0 0 1 0 0 0 -1 3007.DAT
0 STEP
1 86 380.0 -1752 250.0 -1 0 0 0 1 0 0 0 -1 3010.DAT
0 STEP
1 86 360.0 -48 300.0 0 0 1 0 1 0 -1 0 0 3001.DAT
0 STEP
1 86 350.0 -1752 270.0 0 0 1 0 1 0 -1 0 0 3005.DAT
0 STEP
1 86 420.0 -1704 290.0 -1 0 0 0 1 0 0 0 -1 3008.DAT
0 STEP
1 86 350.0 -1752 360.0 0 0 1 0 1 0 -1 0 0 3008.DAT
0 STEP
1 86 420.0 -1704 320.0 -1 0 0 0 1 0 0 0 -1 3007.DAT
0 STEP
1 86 350.0 -24 360.0 0 0 1 0 1 0 -1 0 0 3004.DAT
0 STEP
1 86 380.0 -48 350.0 -1 0 0 0 1 0 0 0 -1 3010.DAT
0 STEP
1 86 350.0 -1704 380.0 0 0 1 0 1 0 -1 0 0 3010.DAT
0 STEP
1 86 380.0 0 370.0 -1 0 0 0 1 0 0 0 -1 3010.DAT
0 STEP
1 86 370.0 -48 370.0 -1 0 0 0 1 0 0 0 -1 3622.DAT
0 STEP
1 86 360.0 0 420.0 0 0 1 0 1 0 -1 0 0 3001.DAT
0 STEP
1 86 370.0 -48 420.0 -1 0 0 0 1 0 0 0 -1 3002.DAT
0 STEP
1 86 380.0 -984 410.0 -1 0 0 0 1 0 0 0 -1 3010.DAT
0 STEP
1 86 360.0 -1008 430.0 0 0 1 0 1 0 -1 0 0 3002.DAT
0 STEP
1 86 350.0 -1032 410.0 0 0 1 0 1 0 -1 0 0 3005.DAT
0 STEP
1 86 360.0 -1128 430.0 0 0 1 0 1 0 -1 0 0 3002.DAT
0 STEP
1 86 380.0 -1152 410.0 -1 0 0 0 1 0 0 0 -1 3010.DAT
0 STEP
1 86 350.0 -1200 420.0 0 0 1 0 1 0 -1 0 0 3004.DAT
0 STEP
1 86 350.0 -1248 430.0 0 0 1 0 1 0 -1 0 0 3622.DAT
0 STEP
1 86 350.0 -1296 420.0 0 0 1 0 1 0 -1 0 0 3004.DAT
0 STEP
1 86 360.0 -1344 420.0 0 0 1 0 1 0 -1 0 0 3003.DAT
0 STEP
1 86 380.0 -1416 410.0 -1 0 0 0 1 0 0 0 -1 3010.DAT
0 STEP
1 86 350.0 -1440 410.0 0 0 1 0 1 0 -1 0 0 3005.DAT
0 STEP
1 86 360.0 -1584 430.0 0 0 1 0 1 0 -1 0 0 3002.DAT
0 STEP
1 86 360.0 -1632 430.0 0 0 1 0 1 0 -1 0 0 3002.DAT
0 STEP
1 86 370.0 -1656 410.0 -1 0 0 0 1 0 0 0 -1 3622.DAT
0 STEP
1 86 380.0 -1032 430.0 -1 0 0 0 1 0 0 0 -1 3010.DAT
0 STEP
1 86 350.0 -1056 430.0 0 0 1 0 1 0 -1 0 0 3005.DAT
0 STEP
1 86 380.0 -1368 430.0 -1 0 0 0 1 0 0 0 -1 3010.DAT
0 STEP
1 86 380.0 -1416 440.0 -1 0 0 0 1 0 0 0 -1 3001.DAT
0 STEP
1 86 350.0 -1032 450.0 0 0 1 0 1 0 -1 0 0 3005.DAT
0 STEP
1 86 380.0 -1104 450.0 -1 0 0 0 1 0 0 0 -1 3010.DAT
0 STEP
1 86 380.0 -1152 450.0 -1 0 0 0 1 0 0 0 -1 3010.DAT
0 STEP
1 86 380.0 -1200 450.0 -1 0 0 0 1 0 0 0 -1 3010.DAT
0 STEP
1 86 380.0 -1296 450.0 -1 0 0 0 1 0 0 0 -1 3010.DAT
0 STEP
1 86 350.0 -1344 450.0 0 0 1 0 1 0 -1 0 0 3005.DAT
0 STEP
1 86 380.0 -1464 450.0 -1 0 0 0 1 0 0 0 -1 3010.DAT
0 STEP
1 86 380.0 -1608 450.0 -1 0 0 0 1 0 0 0 -1 3010.DAT
0 STEP
1 86 360.0 0 470.0 -1 0 0 0 1 0 0 0 -1 3004.DAT
0 STEP
1 86 350.0 -48 470.0 0 0 1 0 1 0 -1 0 0 3005.DAT
0 STEP
1 86 420.0 -864 480.0 -1 0 0 0 1 0 0 0 -1 3007.DAT
0 STEP
1 86 350.0 0 490.0 0 0 1 0 1 0 -1 0 0 3005.DAT
0 STEP
1 86 350.0 0 540.0 0 0 1 0 1 0 -1 0 0 3010.DAT
0 STEP
1 86 350.0 -888 540.0 0 0 1 0 1 0 -1 0 0 3010.DAT
0 STEP
1 86 350.0 -48 580.0 0 0 1 0 1 0 -1 0 0 3009.DAT
0 STEP
1 86 380.0 0 590.0 -1 0 0 0 1 0 0 0 -1 3010.DAT
0 STEP
1 86 360.0 -864 620.0 0 0 1 0 1 0 -1 0 0 3001.DAT
0 STEP
1 86 350.0 -888 620.0 0 0 1 0 1 0 -1 0 0 3004.DAT
0 STEP
1 86 360.0 0 670.0 0 0 1 0 1 0 -1 0 0 3002.DAT
0 STEP
1 86 380.0 -48 650.0 -1 0 0 0 1 0 0 0 -1 3010.DAT
0 STEP
1 86 380.0 -96 660.0 -1 0 0 0 1 0 0 0 -1 3001.DAT
0 STEP
1 86 360.0 -120 670.0 0 0 1 0 1 0 -1 0 0 3002.DAT
0 STEP
1 86 360.0 -408 670.0 0 0 1 0 1 0 -1 0 0 3002.DAT
0 STEP
1 86 380.0 -456 650.0 -1 0 0 0 1 0 0 0 -1 3010.DAT
0 STEP
1 86 360.0 -480 670.0 0 0 1 0 1 0 -1 0 0 3002.DAT
0 STEP
1 86 350.0 -528 670.0 0 0 1 0 1 0 -1 0 0 3622.DAT
0 STEP
1 86 420.0 -552 650.0 -1 0 0 0 1 0 0 0 -1 3008.DAT
0 STEP
1 86 350.0 -576 670.0 0 0 1 0 1 0 -1 0 0 3622.DAT
0 STEP
1 86 350.0 -624 670.0 0 0 1 0 1 0 -1 0 0 3622.DAT
0 STEP
1 86 380.0 -888 660.0 -1 0 0 0 1 0 0 0 -1 3001.DAT
0 STEP
1 86 350.0 -504 670.0 0 0 1 0 1 0 -1 0 0 3005.DAT
0 STEP
1 86 370.0 -840 680.0 -1 0 0 0 1 0 0 0 -1 3002.DAT
0 STEP
1 86 350.0 -72 690.0 0 0 1 0 1 0 -1 0 0 3005.DAT
0 STEP
1 86 360.0 -168 720.0 0 0 1 0 1 0 -1 0 0 3001.DAT
0 STEP
1 86 350.0 -216 690.0 0 0 1 0 1 0 -1 0 0 3005.DAT
0 STEP
1 86 360.0 -240 700.0 0 0 1 0 1 0 -1 0 0 3003.DAT
0 STEP
1 86 350.0 -264 710.0 0 0 1 0 1 0 -1 0 0 3622.DAT
0 STEP
1 86 360.0 -288 720.0 0 0 1 0 1 0 -1 0 0 3001.DAT
0 STEP
1 86 350.0 -312 700.0 0 0 1 0 1 0 -1 0 0 3004.DAT
0 STEP
1 86 350.0 -672 720.0 0 0 1 0 1 0 -1 0 0 3010.DAT
0 STEP
1 86 350.0 -696 690.0 0 0 1 0 1 0 -1 0 0 3005.DAT
0 STEP
1 86 380.0 -720 690.0 -1 0 0 0 1 0 0 0 -1 3010.DAT
0 STEP
1 86 350.0 -744 720.0 0 0 1 0 1 0 -1 0 0 3010.DAT
0 STEP
1 86 380.0 -768 690.0 -1 0 0 0 1 0 0 0 -1 3010.DAT
0 STEP
1 86 380.0 -888 690.0 -1 0 0 0 1 0 0 0 -1 3010.DAT
0 STEP
1 86 350.0 -336 730.0 0 0 1 0 1 0 -1 0 0 3622.DAT
0 STEP
1 86 350.0 -792 730.0 0 0 1 0 1 0 -1 0 0 3622.DAT
0 STEP
1 86 380.0 -240 740.0 -1 0 0 0 1 0 0 0 -1 3001.DAT
0 STEP
1 86 400.0 0 10.0 -1 0 0 0 1 0 0 0 -1 3010.DAT
0 STEP
1 86 370.0 -144 10.0 0 0 1 0 1 0 -1 0 0 3005.DAT
0 STEP
1 86 380.0 -264 30.0 0 0 1 0 1 0 -1 0 0 3002.DAT
0 STEP
1 86 400.0 -288 10.0 -1 0 0 0 1 0 0 0 -1 3010.DAT
0 STEP
1 86 380.0 -312 30.0 0 0 1 0 1 0 -1 0 0 3002.DAT
0 STEP
1 86 380.0 -408 30.0 0 0 1 0 1 0 -1 0 0 3002.DAT
0 STEP
1 86 380.0 -552 30.0 0 0 1 0 1 0 -1 0 0 3002.DAT
0 STEP
1 86 400.0 -576 20.0 -1 0 0 0 1 0 0 0 -1 3001.DAT
0 STEP
1 86 370.0 -624 10.0 0 0 1 0 1 0 -1 0 0 3005.DAT
0 STEP
1 86 380.0 -648 30.0 0 0 1 0 1 0 -1 0 0 3002.DAT
0 STEP
1 86 400.0 -672 10.0 -1 0 0 0 1 0 0 0 -1 3010.DAT
0 STEP
1 86 380.0 -768 30.0 0 0 1 0 1 0 -1 0 0 3002.DAT
0 STEP
1 86 370.0 -912 30.0 0 0 1 0 1 0 -1 0 0 3622.DAT
0 STEP
1 86 440.0 -984 10.0 -1 0 0 0 1 0 0 0 -1 3008.DAT
0 STEP
1 86 370.0 -1008 30.0 0 0 1 0 1 0 -1 0 0 3622.DAT
0 STEP
1 86 400.0 -1128 10.0 -1 0 0 0 1 0 0 0 -1 3010.DAT
0 STEP
1 86 400.0 -1176 10.0 -1 0 0 0 1 0 0 0 -1 3010.DAT
0 STEP
1 86 380.0 -1200 30.0 0 0 1 0 1 0 -1 0 0 3002.DAT
0 STEP
1 86 380.0 -1248 30.0 0 0 1 0 1 0 -1 0 0 3002.DAT
0 STEP
1 86 400.0 -1272 20.0 -1 0 0 0 1 0 0 0 -1 3001.DAT
0 STEP
1 86 400.0 -1344 20.0 -1 0 0 0 1 0 0 0 -1 3001.DAT
0 STEP
1 86 400.0 -1464 20.0 -1 0 0 0 1 0 0 0 -1 3001.DAT
0 STEP
1 86 420.0 -1536 10.0 -1 0 0 0 1 0 0 0 -1 3009.DAT
0 STEP
1 86 380.0 -1560 30.0 0 0 1 0 1 0 -1 0 0 3002.DAT
0 STEP
1 86 370.0 -1632 30.0 0 0 1 0 1 0 -1 0 0 3622.DAT
0 STEP
1 86 370.0 -1752 60.0 0 0 1 0 1 0 -1 0 0 3009.DAT
0 STEP
1 86 370.0 0 100.0 0 0 1 0 1 0 -1 0 0 3008.DAT
0 STEP
1 86 380.0 -144 40.0 0 0 1 0 1 0 -1 0 0 3003.DAT
0 STEP
1 86 370.0 -504 30.0 0 0 1 0 1 0 -1 0 0 3005.DAT
0 STEP
1 86 400.0 -624 40.0 -1 0 0 0 1 0 0 0 -1 3001.DAT
0 STEP
1 86 440.0 -984 40.0 -1 0 0 0 1 0 0 0 -1 3007.DAT
0 STEP
1 86 400.0 -1128 40.0 -1 0 0 0 1 0 0 0 -1 3001.DAT
0 STEP
1 86 400.0 -1176 40.0 -1 0 0 0 1 0 0 0 -1 3001.DAT
0 STEP
1 86 370.0 -1536 30.0 0 0 1 0 1 0 -1 0 0 3005.DAT
0 STEP
1 86 440.0 -1728 40.0 -1 0 0 0 1 0 0 0 -1 3007.DAT
0 STEP
1 86 380.0 -48 70.0 0 0 1 0 1 0 -1 0 0 3002.DAT
0 STEP
1 86 440.0 -528 50.0 -1 0 0 0 1 0 0 0 -1 3008.DAT
0 STEP
1 86 420.0 -576 50.0 -1 0 0 0 1 0 0 0 -1 3009.DAT
0 STEP
1 86 400.0 -1344 50.0 -1 0 0 0 1 0 0 0 -1 3010.DAT
0 STEP
1 86 420.0 -1416 50.0 -1 0 0 0 1 0 0 0 -1 3009.DAT
0 STEP
1 86 370.0 -1464 50.0 0 0 1 0 1 0 -1 0 0 3005.DAT
0 STEP
1 86 380.0 -48 140.0 0 0 1 0 1 0 -1 0 0 3001.DAT
0 STEP
1 86 420.0 -1704 140.0 -1 0 0 0 1 0 0 0 -1 2456.DAT
0 STEP
1 86 400.0 -1752 130.0 -1 0 0 0 1 0 0 0 -1 3010.DAT
0 STEP
1 86 380.0 -1752 170.0 0 0 1 0 1 0 -1 0 0 3002.DAT
0 STEP
1 86 370.0 -1704 170.0 0 0 1 0 1 0 -1 0 0 3005.DAT
0 STEP
1 86 370.0 -1728 200.0 0 0 1 0 1 0 -1 0 0 3010.DAT
0 STEP
1 86 370.0 0 260.0 0 0 1 0 1 0 -1 0 0 3008.DAT
0 STEP
1 86 400.0 -48 190.0 -1 0 0 0 1 0 0 0 -1 3010.DAT
0 STEP
1 86 420.0 -24 230.0 -1 0 0 0 1 0 0 0 -1 3009.DAT
0 STEP
1 86 370.0 -1728 250.0 0 0 1 0 1 0 -1 0 0 3005.DAT
0 STEP
1 86 380.0 -1752 300.0 0 0 1 0 1 0 -1 0 0 3001.DAT
0 STEP
1 86 370.0 -1728 320.0 0 0 1 0 1 0 -1 0 0 3010.DAT
0 STEP
1 86 370.0 -24 360.0 0 0 1 0 1 0 -1 0 0 3010.DAT
0 STEP
1 86 380.0 0 350.0 -1 0 0 0 1 0 0 0 -1 3004.DAT
0 STEP
1 86 380.0 -1704 380.0 0 0 1 0 1 0 -1 0 0 3001.DAT
0 STEP
1 86 380.0 -1752 350.0 -1 0 0 0 1 0 0 0 -1 3004.DAT
0 STEP
1 86 420.0 -1752 370.0 -1 0 0 0 1 0 0 0 -1 3009.DAT
0 STEP
1 86 390.0 -1752 400.0 -1 0 0 0 1 0 0 0 -1 3002.DAT
0 STEP
1 86 370.0 -24 410.0 0 0 1 0 1 0 -1 0 0 3005.DAT
0 STEP
1 86 370.0 -960 430.0 0 0 1 0 1 0 -1 0 0 3622.DAT
0 STEP
1 86 420.0 -1032 410.0 -1 0 0 0 1 0 0 0 -1 3009.DAT
0 STEP
1 86 370.0 -1056 420.0 0 0 1 0 1 0 -1 0 0 3004.DAT
0 STEP
1 86 370.0 -1080 430.0 0 0 1 0 1 0 -1 0 0 3622.DAT
0 STEP
1 86 370.0 -1176 430.0 0 0 1 0 1 0 -1 0 0 3622.DAT
0 STEP
1 86 400.0 -1200 420.0 -1 0 0 0 1 0 0 0 -1 3001.DAT
0 STEP
1 86 400.0 -1248 410.0 -1 0 0 0 1 0 0 0 -1 3010.DAT
0 STEP
1 86 400.0 -1296 420.0 -1 0 0 0 1 0 0 0 -1 3001.DAT
0 STEP
1 86 370.0 -1392 430.0 0 0 1 0 1 0 -1 0 0 3622.DAT
0 STEP
1 86 370.0 -1440 430.0 0 0 1 0 1 0 -1 0 0 3622.DAT
0 STEP
1 86 370.0 -1488 410.0 0 0 1 0 1 0 -1 0 0 3005.DAT
0 STEP
1 86 420.0 -1536 420.0 -1 0 0 0 1 0 0 0 -1 2456.DAT
0 STEP
1 86 370.0 -1680 430.0 0 0 1 0 1 0 -1 0 0 3622.DAT
0 STEP
1 86 370.0 -912 440.0 0 0 1 0 1 0 -1 0 0 3004.DAT
0 STEP
1 86 370.0 -1248 430.0 0 0 1 0 1 0 -1 0 0 3005.DAT
0 STEP
1 86 440.0 -1488 440.0 -1 0 0 0 1 0 0 0 -1 3007.DAT
0 STEP
1 86 370.0 -1728 430.0 0 0 1 0 1 0 -1 0 0 3005.DAT
0 STEP
1 86 390.0 -1752 430.0 -1 0 0 0 1 0 0 0 -1 3622.DAT
0 STEP
1 86 370.0 -24 450.0 0 0 1 0 1 0 -1 0 0 3005.DAT
0 STEP
1 86 400.0 -1032 450.0 -1 0 0 0 1 0 0 0 -1 3010.DAT
0 STEP
1 86 400.0 -1248 450.0 -1 0 0 0 1 0 0 0 -1 3010.DAT
0 STEP
1 86 420.0 -1344 450.0 -1 0 0 0 1 0 0 0 -1 3009.DAT
0 STEP
1 86 420.0 -1536 450.0 -1 0 0 0 1 0 0 0 -1 3009.DAT
0 STEP
1 86 420.0 -1728 450.0 -1 0 0 0 1 0 0 0 -1 3009.DAT
0 STEP
1 86 390.0 -24 470.0 -1 0 0 0 1 0 0 0 -1 3622.DAT
0 STEP
1 86 370.0 -48 500.0 0 0 1 0 1 0 -1 0 0 3010.DAT
0 STEP
1 86 400.0 -912 480.0 -1 0 0 0 1 0 0 0 -1 3001.DAT
0 STEP
1 86 400.0 0 490.0 -1 0 0 0 1 0 0 0 -1 3010.DAT
0 STEP
1 86 380.0 -24 490.0 -1 0 0 0 1 0 0 0 -1 3004.DAT
0 STEP
1 86 380.0 0 520.0 0 0 1 0 1 0 -1 0 0 3003.DAT
0 STEP
1 86 390.0 -888 520.0 -1 0 0 0 1 0 0 0 -1 3002.DAT
0 STEP
1 86 390.0 0 560.0 -1 0 0 0 1 0 0 0 -1 3002.DAT
0 STEP
1 86 400.0 -48 550.0 -1 0 0 0 1 0 0 0 -1 3010.DAT
0 STEP
1 86 390.0 -888 550.0 -1 0 0 0 1 0 0 0 -1 3622.DAT
0 STEP
1 86 380.0 -48 590.0 0 0 1 0 1 0 -1 0 0 3002.DAT
0 STEP
1 86 380.0 -888 600.0 0 0 1 0 1 0 -1 0 0 3001.DAT
0 STEP
1 86 370.0 -912 640.0 0 0 1 0 1 0 -1 0 0 3010.DAT
0 STEP
1 86 370.0 -24 660.0 0 0 1 0 1 0 -1 0 0 3010.DAT
0 STEP
1 86 390.0 -48 630.0 -1 0 0 0 1 0 0 0 -1 3622.DAT
0 STEP
1 86 370.0 -72 670.0 0 0 1 0 1 0 -1 0 0 3622.DAT
0 STEP
1 86 370.0 -144 670.0 0 0 1 0 1 0 -1 0 0 3622.DAT
0 STEP
1 86 370.0 -432 670.0 0 0 1 0 1 0 -1 0 0 3622.DAT
0 STEP
1 86 380.0 -528 670.0 0 0 1 0 1 0 -1 0 0 3002.DAT
0 STEP
1 86 380.0 -576 670.0 0 0 1 0 1 0 -1 0 0 3002.DAT
0 STEP
1 86 380.0 -624 670.0 0 0 1 0 1 0 -1 0 0 3002.DAT
0 STEP
1 86 370.0 -192 670.0 0 0 1 0 1 0 -1 0 0 3005.DAT
0 STEP
1 86 370.0 -216 700.0 0 0 1 0 1 0 -1 0 0 3010.DAT
0 STEP
1 86 370.0 -240 670.0 0 0 1 0 1 0 -1 0 0 3005.DAT
0 STEP
1 86 390.0 -264 680.0 -1 0 0 0 1 0 0 0 -1 3002.DAT
0 STEP
1 86 370.0 -288 670.0 0 0 1 0 1 0 -1 0 0 3005.DAT
0 STEP
1 86 380.0 -312 670.0 -1 0 0 0 1 0 0 0 -1 3004.DAT
0 STEP
1 86 370.0 -336 700.0 0 0 1 0 1 0 -1 0 0 3010.DAT
0 STEP
1 86 390.0 -360 680.0 -1 0 0 0 1 0 0 0 -1 3002.DAT
0 STEP
1 86 400.0 -504 670.0 -1 0 0 0 1 0 0 0 -1 3010.DAT
0 STEP
1 86 370.0 -672 700.0 0 0 1 0 1 0 -1 0 0 3010.DAT
0 STEP
1 86 400.0 -696 670.0 -1 0 0 0 1 0 0 0 -1 3010.DAT
0 STEP
1 86 370.0 -720 670.0 0 0 1 0 1 0 -1 0 0 3005.DAT
0 STEP
1 86 370.0 -744 700.0 0 0 1 0 1 0 -1 0 0 3010.DAT
0 STEP
1 86 390.0 -768 670.0 -1 0 0 0 1 0 0 0 -1 3622.DAT
0 STEP
1 86 370.0 -792 690.0 0 0 1 0 1 0 -1 0 0 3622.DAT
0 STEP
1 86 400.0 -816 670.0 -1 0 0 0 1 0 0 0 -1 3010.DAT
0 STEP
1 86 400.0 -312 690.0 -1 0 0 0 1 0 0 0 -1 3010.DAT
0 STEP
1 86 370.0 -648 700.0 0 0 1 0 1 0 -1 0 0 3004.DAT
0 STEP
1 86 370.0 -696 720.0 0 0 1 0 1 0 -1 0 0 3010.DAT
0 STEP
1 86 370.0 -816 710.0 0 0 1 0 1 0 -1 0 0 3622.DAT
0 STEP
1 86 370.0 -264 720.0 0 0 1 0 1 0 -1 0 0 3004.DAT
0 STEP
1 86 370.0 -312 710.0 0 0 1 0 1 0 -1 0 0 3005.DAT
0 STEP
1 86 370.0 -360 710.0 0 0 1 0 1 0 -1 0 0 3005.DAT
0 STEP
1 86 400.0 -360 730.0 -1 0 0 0 1 0 0 0 -1 3010.DAT
0 STEP
1 86 400.0 -648 740.0 -1 0 0 0 1 0 0 0 -1 3001.DAT
0 STEP
1 86 400.0 -792 740.0 -1 0 0 0 1 0 0 0 -1 3001.DAT
0 STEP
1 86 400.0 -216 750.0 -1 0 0 0 1 0 0 0 -1 3010.DAT
0 STEP
1 86 400.0 -336 750.0 -1 0 0 0 1 0 0 0 -1 3010.DAT
0 STEP
1 86 400.0 -672 750.0 -1 0 0 0 1 0 0 0 -1 3010.DAT
0 STEP
1 86 400.0 -744 750.0 -1 0 0 0 1 0 0 0 -1 3010.DAT
0 STEP
1 86 390.0 -24 30.0 0 0 1 0 1 0 -1 0 0 3622.DAT
0 STEP
1 86 420.0 -72 10.0 -1 0 0 0 1 0 0 0 -1 3010.DAT
0 STEP
1 86 420.0 -144 10.0 -1 0 0 0 1 0 0 0 -1 3010.DAT
0 STEP
1 86 390.0 -168 30.0 0 0 1 0 1 0 -1 0 0 3622.DAT
0 STEP
1 86 400.0 -216 30.0 0 0 1 0 1 0 -1 0 0 3002.DAT
0 STEP
1 86 390.0 -336 10.0 0 0 1 0 1 0 -1 0 0 3005.DAT
0 STEP
1 86 460.0 -360 10.0 -1 0 0 0 1 0 0 0 -1 3008.DAT
0 STEP
1 86 400.0 -456 30.0 0 0 1 0 1 0 -1 0 0 3002.DAT
0 STEP
1 86 400.0 -504 30.0 0 0 1 0 1 0 -1 0 0 3002.DAT
0 STEP
1 86 400.0 -600 30.0 0 0 1 0 1 0 -1 0 0 3002.DAT
0 STEP
1 86 420.0 -624 10.0 -1 0 0 0 1 0 0 0 -1 3010.DAT
0 STEP
1 86 390.0 -696 20.0 0 0 1 0 1 0 -1 0 0 3004.DAT
0 STEP
1 86 400.0 -720 30.0 0 0 1 0 1 0 -1 0 0 3002.DAT
0 STEP
1 86 390.0 -816 10.0 0 0 1 0 1 0 -1 0 0 3005.DAT
0 STEP
1 86 400.0 -864 30.0 0 0 1 0 1 0 -1 0 0 3002.DAT
0 STEP
1 86 400.0 -912 30.0 0 0 1 0 1 0 -1 0 0 3002.DAT
0 STEP
1 86 400.0 -960 30.0 0 0 1 0 1 0 -1 0 0 3002.DAT
0 STEP
1 86 400.0 -1008 30.0 0 0 1 0 1 0 -1 0 0 3002.DAT
0 STEP
1 86 390.0 -1080 10.0 0 0 1 0 1 0 -1 0 0 3005.DAT
0 STEP
1 86 400.0 -1104 30.0 0 0 1 0 1 0 -1 0 0 3002.DAT
0 STEP
1 86 400.0 -1320 30.0 0 0 1 0 1 0 -1 0 0 3002.DAT
0 STEP
1 86 390.0 -1368 10.0 0 0 1 0 1 0 -1 0 0 3005.DAT
0 STEP
1 86 420.0 -1488 10.0 -1 0 0 0 1 0 0 0 -1 3010.DAT
0 STEP
1 86 400.0 -1512 30.0 0 0 1 0 1 0 -1 0 0 3002.DAT
0 STEP
1 86 410.0 -1584 10.0 -1 0 0 0 1 0 0 0 -1 3622.DAT
0 STEP
1 86 410.0 -1632 20.0 -1 0 0 0 1 0 0 0 -1 3002.DAT
0 STEP
1 86 400.0 -1704 60.0 0 0 1 0 1 0 -1 0 0 2456.DAT
0 STEP
1 86 420.0 -1752 20.0 -1 0 0 0 1 0 0 0 -1 3001.DAT
0 STEP
1 86 410.0 0 30.0 -1 0 0 0 1 0 0 0 -1 3622.DAT
0 STEP
1 86 420.0 -72 40.0 -1 0 0 0 1 0 0 0 -1 3001.DAT
0 STEP
1 86 440.0 -360 30.0 -1 0 0 0 1 0 0 0 -1 3009.DAT
0 STEP
1 86 440.0 -816 40.0 -1 0 0 0 1 0 0 0 -1 2456.DAT
0 STEP
1 86 460.0 -1080 30.0 -1 0 0 0 1 0 0 0 -1 3008.DAT
0 STEP
1 86 390.0 -1488 30.0 0 0 1 0 1 0 -1 0 0 3005.DAT
0 STEP
1 86 420.0 -1536 30.0 -1 0 0 0 1 0 0 0 -1 3010.DAT
0 STEP
1 86 390.0 -1584 40.0 0 0 1 0 1 0 -1 0 0 3004.DAT
0 STEP
1 86 460.0 0 50.0 -1 0 0 0 1 0 0 0 -1 3008.DAT
0 STEP
1 86 460.0 -120 50.0 -1 0 0 0 1 0 0 0 -1 3008.DAT
0 STEP
1 86 460.0 -360 50.0 -1 0 0 0 1 0 0 0 -1 3008.DAT
0 STEP
1 86 420.0 -696 50.0 -1 0 0 0 1 0 0 0 -1 3010.DAT
0 STEP
1 86 390.0 -1080 50.0 0 0 1 0 1 0 -1 0 0 3005.DAT
0 STEP
1 86 420.0 -1296 50.0 -1 0 0 0 1 0 0 0 -1 3010.DAT
0 STEP
1 86 390.0 -1392 50.0 0 0 1 0 1 0 -1 0 0 3005.DAT
0 STEP
1 86 420.0 -1464 50.0 -1 0 0 0 1 0 0 0 -1 3010.DAT
0 STEP
1 86 420.0 -1632 50.0 -1 0 0 0 1 0 0 0 -1 3010.DAT
0 STEP
1 86 390.0 -1752 80.0 0 0 1 0 1 0 -1 0 0 3010.DAT
0 STEP
1 86 420.0 0 80.0 -1 0 0 0 1 0 0 0 -1 3001.DAT
0 STEP
1 86 420.0 0 120.0 -1 0 0 0 1 0 0 0 -1 3001.DAT
0 STEP
1 86 390.0 0 160.0 0 0 1 0 1 0 -1 0 0 3004.DAT
0 STEP
1 86 390.0 -24 180.0 0 0 1 0 1 0 -1 0 0 3010.DAT
0 STEP
1 86 390.0 -1704 180.0 0 0 1 0 1 0 -1 0 0 3004.DAT
0 STEP
1 86 390.0 -1728 170.0 0 0 1 0 1 0 -1 0 0 3005.DAT
0 STEP
1 86 410.0 0 190.0 -1 0 0 0 1 0 0 0 -1 3622.DAT
0 STEP
1 86 400.0 -1728 190.0 -1 0 0 0 1 0 0 0 -1 3004.DAT
0 STEP
1 86 390.0 0 230.0 0 0 1 0 1 0 -1 0 0 3622.DAT
0 STEP
1 86 420.0 -1728 220.0 -1 0 0 0 1 0 0 0 -1 3001.DAT
0 STEP
1 86 390.0 -48 230.0 0 0 1 0 1 0 -1 0 0 3005.DAT
0 STEP
1 86 390.0 -48 280.0 0 0 1 0 1 0 -1 0 0 3010.DAT
0 STEP
1 86 390.0 -1728 280.0 0 0 1 0 1 0 -1 0 0 3010.DAT
0 STEP
1 86 390.0 0 300.0 0 0 1 0 1 0 -1 0 0 3010.DAT
0 STEP
1 86 460.0 -24 320.0 -1 0 0 0 1 0 0 0 -1 3007.DAT
0 STEP
1 86 390.0 -48 330.0 0 0 1 0 1 0 -1 0 0 3005.DAT
0 STEP
1 86 390.0 -1728 330.0 0 0 1 0 1 0 -1 0 0 3005.DAT
0 STEP
1 86 460.0 -24 360.0 -1 0 0 0 1 0 0 0 -1 3007.DAT
0 STEP
1 86 410.0 -1728 360.0 -1 0 0 0 1 0 0 0 -1 3002.DAT
0 STEP
1 86 400.0 0 390.0 -1 0 0 0 1 0 0 0 -1 3004.DAT
0 STEP
1 86 390.0 -24 420.0 0 0 1 0 1 0 -1 0 0 3010.DAT
0 STEP
1 86 400.0 0 440.0 0 0 1 0 1 0 -1 0 0 3001.DAT
0 STEP
1 86 420.0 -960 420.0 -1 0 0 0 1 0 0 0 -1 3001.DAT
0 STEP
1 86 390.0 -1008 430.0 0 0 1 0 1 0 -1 0 0 3622.DAT
0 STEP
1 86 390.0 -1056 430.0 0 0 1 0 1 0 -1 0 0 3622.DAT
0 STEP
1 86 460.0 -1080 420.0 -1 0 0 0 1 0 0 0 -1 3007.DAT
0 STEP
1 86 400.0 -1128 430.0 0 0 1 0 1 0 -1 0 0 3002.DAT
0 STEP
1 86 400.0 -1176 430.0 0 0 1 0 1 0 -1 0 0 3002.DAT
0 STEP
1 86 390.0 -1224 410.0 0 0 1 0 1 0 -1 0 0 3005.DAT
0 STEP
1 86 390.0 -1320 430.0 0 0 1 0 1 0 -1 0 0 3622.DAT
0 STEP
1 86 420.0 -1344 410.0 -1 0 0 0 1 0 0 0 -1 3010.DAT
0 STEP
1 86 400.0 -1392 430.0 0 0 1 0 1 0 -1 0 0 3002.DAT
0 STEP
1 86 390.0 -1440 410.0 0 0 1 0 1 0 -1 0 0 3005.DAT
0 STEP
1 86 420.0 -1488 410.0 -1 0 0 0 1 0 0 0 -1 3010.DAT
0 STEP
1 86 400.0 -1560 430.0 0 0 1 0 1 0 -1 0 0 3002.DAT
0 STEP
1 86 420.0 -1584 410.0 -1 0 0 0 1 0 0 0 -1 3010.DAT
0 STEP
1 86 390.0 -1632 420.0 0 0 1 0 1 0 -1 0 0 3004.DAT
0 STEP
1 86 460.0 -1680 410.0 -1 0 0 0 1 0 0 0 -1 3008.DAT
0 STEP
1 86 420.0 -912 440.0 -1 0 0 0 1 0 0 0 -1 3001.DAT
0 STEP
1 86 420.0 -1248 430.0 -1 0 0 0 1 0 0 0 -1 3010.DAT
0 STEP
1 86 390.0 -1344 430.0 0 0 1 0 1 0 -1 0 0 3005.DAT
0 STEP
1 86 440.0 -1440 430.0 -1 0 0 0 1 0 0 0 -1 3009.DAT
0 STEP
1 86 390.0 -1512 430.0 0 0 1 0 1 0 -1 0 0 3005.DAT
0 STEP
1 86 420.0 -1584 440.0 -1 0 0 0 1 0 0 0 -1 3001.DAT
0 STEP
1 86 390.0 -1680 430.0 0 0 1 0 1 0 -1 0 0 3005.DAT
0 STEP
1 86 460.0 -1728 430.0 -1 0 0 0 1 0 0 0 -1 3008.DAT
0 STEP
1 86 390.0 -48 480.0 0 0 1 0 1 0 -1 0 0 3010.DAT
0 STEP
1 86 420.0 -960 450.0 -1 0 0 0 1 0 0 0 -1 3010.DAT
0 STEP
1 86 460.0 -1080 450.0 -1 0 0 0 1 0 0 0 -1 3008.DAT
0 STEP
1 86 390.0 -1272 450.0 0 0 1 0 1 0 -1 0 0 3005.DAT
0 STEP
1 86 390.0 -1440 450.0 0 0 1 0 1 0 -1 0 0 3005.DAT
0 STEP
1 86 460.0 -1632 450.0 -1 0 0 0 1 0 0 0 -1 3008.DAT
0 STEP
1 86 460.0 -1680 450.0 -1 0 0 0 1 0 0 0 -1 3008.DAT
0 STEP
1 86 400.0 -1752 450.0 -1 0 0 0 1 0 0 0 -1 3004.DAT
0 STEP
1 86 420.0 -48 530.0 -1 0 0 0 1 0 0 0 -1 3010.DAT
0 STEP
1 86 390.0 -912 560.0 0 0 1 0 1 0 -1 0 0 3010.DAT
0 STEP
1 86 390.0 -24 550.0 0 0 1 0 1 0 -1 0 0 3005.DAT
0 STEP
1 86 390.0 -24 600.0 0 0 1 0 1 0 -1 0 0 3010.DAT
0 STEP
1 86 400.0 -864 620.0 0 0 1 0 1 0 -1 0 0 3001.DAT
0 STEP
1 86 420.0 0 610.0 -1 0 0 0 1 0 0 0 -1 3010.DAT
0 STEP
1 86 400.0 -912 610.0 -1 0 0 0 1 0 0 0 -1 3004.DAT
0 STEP
1 86 390.0 -912 660.0 0 0 1 0 1 0 -1 0 0 3010.DAT
0 STEP
1 86 400.0 0 660.0 0 0 1 0 1 0 -1 0 0 3003.DAT
0 STEP
1 86 390.0 -24 670.0 0 0 1 0 1 0 -1 0 0 3622.DAT
0 STEP
1 86 390.0 -72 650.0 0 0 1 0 1 0 -1 0 0 3005.DAT
0 STEP
1 86 420.0 -120 650.0 -1 0 0 0 1 0 0 0 -1 3010.DAT
0 STEP
1 86 400.0 -144 670.0 0 0 1 0 1 0 -1 0 0 3002.DAT
0 STEP
1 86 390.0 -168 650.0 0 0 1 0 1 0 -1 0 0 3005.DAT
0 STEP
1 86 410.0 -192 650.0 -1 0 0 0 1 0 0 0 -1 3622.DAT
0 STEP
1 86 400.0 -216 670.0 0 0 1 0 1 0 -1 0 0 3002.DAT
0 STEP
1 86 420.0 -240 650.0 -1 0 0 0 1 0 0 0 -1 3010.DAT
0 STEP
1 86 400.0 -264 650.0 -1 0 0 0 1 0 0 0 -1 3004.DAT
0 STEP
1 86 390.0 -288 670.0 0 0 1 0 1 0 -1 0 0 3622.DAT
0 STEP
1 86 390.0 -312 650.0 0 0 1 0 1 0 -1 0 0 3005.DAT
0 STEP
1 86 400.0 -336 670.0 0 0 1 0 1 0 -1 0 0 3002.DAT
0 STEP
1 86 400.0 -360 650.0 -1 0 0 0 1 0 0 0 -1 3004.DAT
0 STEP
1 86 420.0 -408 650.0 -1 0 0 0 1 0 0 0 -1 3010.DAT
0 STEP
1 86 400.0 -432 670.0 0 0 1 0 1 0 -1 0 0 3002.DAT
0 STEP
1 86 390.0 -480 670.0 0 0 1 0 1 0 -1 0 0 3622.DAT
0 STEP
1 86 460.0 -600 650.0 -1 0 0 0 1 0 0 0 -1 3008.DAT
0 STEP
1 86 400.0 -648 650.0 -1 0 0 0 1 0 0 0 -1 3004.DAT
0 STEP
1 86 400.0 -672 670.0 0 0 1 0 1 0 -1 0 0 3002.DAT
0 STEP
1 86 420.0 -696 650.0 -1 0 0 0 1 0 0 0 -1 3010.DAT
0 STEP
1 86 400.0 -720 660.0 0 0 1 0 1 0 -1 0 0 3003.DAT
0 STEP
1 86 460.0 -744 660.0 -1 0 0 0 1 0 0 0 -1 3007.DAT
0 STEP
1 86 400.0 -768 650.0 -1 0 0 0 1 0 0 0 -1 3004.DAT
0 STEP
1 86 400.0 -792 670.0 0 0 1 0 1 0 -1 0 0 3002.DAT
0 STEP
1 86 420.0 -816 650.0 -1 0 0 0 1 0 0 0 -1 3010.DAT
0 STEP
1 86 420.0 -72 670.0 -1 0 0 0 1 0 0 0 -1 3010.DAT
0 STEP
1 86 390.0 -120 670.0 0 0 1 0 1 0 -1 0 0 3005.DAT
0 STEP
1 86 410.0 -192 680.0 -1 0 0 0 1 0 0 0 -1 3002.DAT
0 STEP
1 86 420.0 -240 680.0 -1 0 0 0 1 0 0 0 -1 3001.DAT
0 STEP
1 86 420.0 -408 680.0 -1 0 0 0 1 0 0 0 -1 3001.DAT
0 STEP
1 86 460.0 -600 680.0 -1 0 0 0 1 0 0 0 -1 3007.DAT
0 STEP
1 86 420.0 0 690.0 -1 0 0 0 1 0 0 0 -1 3010.DAT
0 STEP
1 86 460.0 -72 690.0 -1 0 0 0 1 0 0 0 -1 3008.DAT
0 STEP
1 86 420.0 -120 690.0 -1 0 0 0 1 0 0 0 -1 3010.DAT
0 STEP
1 86 420.0 -168 690.0 -1 0 0 0 1 0 0 0 -1 3010.DAT
0 STEP
1 86 460.0 -648 690.0 -1 0 0 0 1 0 0 0 -1 3008.DAT
0 STEP
1 86 390.0 -696 690.0 0 0 1 0 1 0 -1 0 0 3005.DAT
0 STEP
1 86 390.0 -744 690.0 0 0 1 0 1 0 -1 0 0 3005.DAT
0 STEP
1 86 420.0 -816 690.0 -1 0 0 0 1 0 0 0 -1 3010.DAT
0 STEP
1 86 410.0 -168 740.0 -1 0 0 0 1 0 0 0 -1 3002.DAT
0 STEP
1 86 410.0 -216 730.0 -1 0 0 0 1 0 0 0 -1 3622.DAT
0 STEP
1 86 410.0 -264 730.0 -1 0 0 0 1 0 0 0 -1 3622.DAT
0 STEP
1 86 410.0 -288 740.0 -1 0 0 0 1 0 0 0 -1 3002.DAT
0 STEP
1 86 410.0 -336 730.0 -1 0 0 0 1 0 0 0 -1 3622.DAT
0 STEP
1 86 410.0 -672 730.0 -1 0 0 0 1 0 0 0 -1 3622.DAT
0 STEP
1 86 410.0 -696 740.0 -1 0 0 0 1 0 0 0 -1 3002.DAT
0 STEP
1 86 410.0 -744 730.0 -1 0 0 0 1 0 0 0 -1 3622.DAT
0 STEP
1 86 390.0 -816 730.0 0 0 1 0 1 0 -1 0 0 3005.DAT
0 STEP
1 86 400.0 -192 750.0 -1 0 0 0 1 0 0 0 -1 3004.DAT
0 STEP
1 86 390.0 -768 750.0 0 0 1 0 1 0 -1 0 0 3005.DAT
0 STEP
1 86 440.0 -24 20.0 -1 0 0 0 1 0 0 0 -1 3001.DAT
0 STEP
1 86 410.0 -96 30.0 0 0 1 0 1 0 -1 0 0 3622.DAT
0 STEP
1 86 480.0 -168 10.0 -1 0 0 0 1 0 0 0 -1 3008.DAT
0 STEP
1 86 410.0 -240 20.0 0 0 1 0 1 0 -1 0 0 3004.DAT
0 STEP
1 86 430.0 -264 20.0 -1 0 0 0 1 0 0 0 -1 3002.DAT
0 STEP
1 86 410.0 -312 10.0 0 0 1 0 1 0 -1 0 0 3005.DAT
0 STEP
1 86 420.0 -336 30.0 0 0 1 0 1 0 -1 0 0 3002.DAT
0 STEP
1 86 410.0 -384 10.0 0 0 1 0 1 0 -1 0 0 3005.DAT
0 STEP
1 86 440.0 -408 20.0 -1 0 0 0 1 0 0 0 -1 3001.DAT
0 STEP
1 86 410.0 -552 30.0 0 0 1 0 1 0 -1 0 0 3622.DAT
0 STEP
1 86 420.0 -648 30.0 0 0 1 0 1 0 -1 0 0 3002.DAT
0 STEP
1 86 410.0 -696 10.0 0 0 1 0 1 0 -1 0 0 3005.DAT
0 STEP
1 86 420.0 -768 30.0 0 0 1 0 1 0 -1 0 0 3002.DAT
0 STEP
1 86 440.0 -816 10.0 -1 0 0 0 1 0 0 0 -1 3010.DAT
0 STEP
1 86 410.0 -888 10.0 0 0 1 0 1 0 -1 0 0 3005.DAT
0 STEP
1 86 460.0 -1080 10.0 -1 0 0 0 1 0 0 0 -1 3009.DAT
0 STEP
1 86 440.0 -1200 10.0 -1 0 0 0 1 0 0 0 -1 3010.DAT
0 STEP
1 86 420.0 -1224 30.0 0 0 1 0 1 0 -1 0 0 3002.DAT
0 STEP
1 86 410.0 -1248 20.0 0 0 1 0 1 0 -1 0 0 3004.DAT
0 STEP
1 86 440.0 -1368 10.0 -1 0 0 0 1 0 0 0 -1 3010.DAT
0 STEP
1 86 420.0 -1392 30.0 0 0 1 0 1 0 -1 0 0 3002.DAT
0 STEP
1 86 410.0 -1440 30.0 0 0 1 0 1 0 -1 0 0 3622.DAT
0 STEP
1 86 410.0 -1560 30.0 0 0 1 0 1 0 -1 0 0 3622.DAT
0 STEP
1 86 420.0 -48 60.0 0 0 1 0 1 0 -1 0 0 3001.DAT
0 STEP
1 86 430.0 -144 40.0 -1 0 0 0 1 0 0 0 -1 3002.DAT
0 STEP
1 86 440.0 -168 30.0 -1 0 0 0 1 0 0 0 -1 3010.DAT
0 STEP
1 86 480.0 -312 40.0 -1 0 0 0 1 0 0 0 -1 3007.DAT
0 STEP
1 86 410.0 -480 40.0 0 0 1 0 1 0 -1 0 0 3004.DAT
0 STEP
1 86 480.0 -696 30.0 -1 0 0 0 1 0 0 0 -1 3008.DAT
0 STEP
1 86 460.0 -936 40.0 -1 0 0 0 1 0 0 0 -1 2456.DAT
0 STEP
1 86 440.0 -1032 30.0 -1 0 0 0 1 0 0 0 -1 3010.DAT
0 STEP
1 86 440.0 -1200 40.0 -1 0 0 0 1 0 0 0 -1 3001.DAT
0 STEP
1 86 430.0 -1296 30.0 -1 0 0 0 1 0 0 0 -1 3622.DAT
0 STEP
1 86 410.0 -1368 30.0 0 0 1 0 1 0 -1 0 0 3005.DAT
0 STEP
1 86 440.0 -1488 40.0 -1 0 0 0 1 0 0 0 -1 3001.DAT
0 STEP
1 86 500.0 -1584 40.0 -1 0 0 0 1 0 0 0 -1 3006.DAT
0 STEP
1 86 440.0 -24 50.0 -1 0 0 0 1 0 0 0 -1 3010.DAT
0 STEP
1 86 410.0 -168 50.0 0 0 1 0 1 0 -1 0 0 3005.DAT
0 STEP
1 86 480.0 -264 50.0 -1 0 0 0 1 0 0 0 -1 3008.DAT
0 STEP
1 86 460.0 -408 50.0 -1 0 0 0 1 0 0 0 -1 3009.DAT
0 STEP
1 86 480.0 -792 50.0 -1 0 0 0 1 0 0 0 -1 3008.DAT
0 STEP
1 86 410.0 -1032 50.0 0 0 1 0 1 0 -1 0 0 3005.DAT
0 STEP
1 86 440.0 -1080 50.0 -1 0 0 0 1 0 0 0 -1 3010.DAT
0 STEP
1 86 440.0 -1248 50.0 -1 0 0 0 1 0 0 0 -1 3010.DAT
0 STEP
1 86 460.0 -1368 50.0 -1 0 0 0 1 0 0 0 -1 3009.DAT
0 STEP
1 86 420.0 -1752 80.0 0 0 1 0 1 0 -1 0 0 3001.DAT
0 STEP
1 86 440.0 -1728 70.0 -1 0 0 0 1 0 0 0 -1 3010.DAT
0 STEP
1 86 430.0 -48 120.0 -1 0 0 0 1 0 0 0 -1 3002.DAT
0 STEP
1 86 410.0 -1728 140.0 0 0 1 0 1 0 -1 0 0 3010.DAT
0 STEP
1 86 420.0 -24 160.0 0 0 1 0 1 0 -1 0 0 3001.DAT
0 STEP
1 86 440.0 0 160.0 -1 0 0 0 1 0 0 0 -1 3001.DAT
0 STEP
1 86 430.0 -48 150.0 -1 0 0 0 1 0 0 0 -1 3622.DAT
0 STEP
1 86 410.0 -1752 180.0 0 0 1 0 1 0 -1 0 0 3010.DAT
0 STEP
1 86 420.0 -48 170.0 -1 0 0 0 1 0 0 0 -1 3004.DAT
0 STEP
1 86 410.0 -1704 200.0 0 0 1 0 1 0 -1 0 0 3010.DAT
0 STEP
1 86 410.0 0 280.0 0 0 1 0 1 0 -1 0 0 3008.DAT
0 STEP
1 86 460.0 -24 210.0 -1 0 0 0 1 0 0 0 -1 3009.DAT
0 STEP
1 86 410.0 -48 280.0 0 0 1 0 1 0 -1 0 0 3009.DAT
0 STEP
1 86 410.0 -1752 230.0 0 0 1 0 1 0 -1 0 0 3005.DAT
0 STEP
1 86 430.0 -1728 250.0 -1 0 0 0 1 0 0 0 -1 3622.DAT
0 STEP
1 86 410.0 -1728 300.0 0 0 1 0 1 0 -1 0 0 3010.DAT
0 STEP
1 86 420.0 -1752 270.0 -1 0 0 0 1 0 0 0 -1 3004.DAT
0 STEP
1 86 410.0 -1752 320.0 0 0 1 0 1 0 -1 0 0 3010.DAT
0 STEP
1 86 410.0 -1704 380.0 0 0 1 0 1 0 -1 0 0 3010.DAT
0 STEP
1 86 410.0 -48 400.0 0 0 1 0 1 0 -1 0 0 3010.DAT
0 STEP
1 86 430.0 -24 400.0 -1 0 0 0 1 0 0 0 -1 3002.DAT
0 STEP
1 86 410.0 -936 420.0 0 0 1 0 1 0 -1 0 0 3004.DAT
0 STEP
1 86 430.0 -1008 410.0 -1 0 0 0 1 0 0 0 -1 3622.DAT
0 STEP
1 86 420.0 -1056 430.0 0 0 1 0 1 0 -1 0 0 3002.DAT
0 STEP
1 86 410.0 -1104 420.0 0 0 1 0 1 0 -1 0 0 3004.DAT
0 STEP
1 86 410.0 -1224 430.0 0 0 1 0 1 0 -1 0 0 3622.DAT
0 STEP
1 86 420.0 -1272 430.0 0 0 1 0 1 0 -1 0 0 3002.DAT
0 STEP
1 86 410.0 -1320 410.0 0 0 1 0 1 0 -1 0 0 3005.DAT
0 STEP
1 86 410.0 -1368 410.0 0 0 1 0 1 0 -1 0 0 3005.DAT
0 STEP
1 86 440.0 -1440 410.0 -1 0 0 0 1 0 0 0 -1 3010.DAT
0 STEP
1 86 410.0 -1464 420.0 0 0 1 0 1 0 -1 0 0 3004.DAT
0 STEP
1 86 420.0 -1512 430.0 0 0 1 0 1 0 -1 0 0 3002.DAT
0 STEP
1 86 440.0 -1632 420.0 -1 0 0 0 1 0 0 0 -1 3001.DAT
0 STEP
1 86 420.0 -1656 430.0 0 0 1 0 1 0 -1 0 0 3002.DAT
0 STEP
1 86 440.0 -24 430.0 -1 0 0 0 1 0 0 0 -1 3010.DAT
0 STEP
1 86 410.0 -984 440.0 0 0 1 0 1 0 -1 0 0 3004.DAT
0 STEP
1 86 430.0 -1008 440.0 -1 0 0 0 1 0 0 0 -1 3002.DAT
0 STEP
1 86 410.0 -1152 430.0 0 0 1 0 1 0 -1 0 0 3005.DAT
0 STEP
1 86 430.0 -1320 440.0 -1 0 0 0 1 0 0 0 -1 3002.DAT
0 STEP
1 86 440.0 -1344 430.0 -1 0 0 0 1 0 0 0 -1 3010.DAT
0 STEP
1 86 460.0 -1680 430.0 -1 0 0 0 1 0 0 0 -1 3009.DAT
0 STEP
1 86 410.0 -24 450.0 0 0 1 0 1 0 -1 0 0 3005.DAT
0 STEP
1 86 440.0 -48 460.0 -1 0 0 0 1 0 0 0 -1 3001.DAT
0 STEP
1 86 410.0 -888 470.0 0 0 1 0 1 0 -1 0 0 3622.DAT
0 STEP
1 86 410.0 -1368 450.0 0 0 1 0 1 0 -1 0 0 3005.DAT
0 STEP
1 86 460.0 -1440 450.0 -1 0 0 0 1 0 0 0 -1 3009.DAT
0 STEP
1 86 410.0 -24 520.0 0 0 1 0 1 0 -1 0 0 3010.DAT
0 STEP
1 86 430.0 -48 500.0 -1 0 0 0 1 0 0 0 -1 3002.DAT
0 STEP
1 86 420.0 0 510.0 -1 0 0 0 1 0 0 0 -1 3004.DAT
0 STEP
1 86 410.0 -864 540.0 0 0 1 0 1 0 -1 0 0 3010.DAT
0 STEP
1 86 410.0 -912 540.0 0 0 1 0 1 0 -1 0 0 3010.DAT
0 STEP
1 86 410.0 0 530.0 0 0 1 0 1 0 -1 0 0 3005.DAT
0 STEP
1 86 440.0 -24 580.0 -1 0 0 0 1 0 0 0 -1 3001.DAT
0 STEP
1 86 410.0 -48 590.0 0 0 1 0 1 0 -1 0 0 3622.DAT
0 STEP
1 86 420.0 -888 590.0 0 0 1 0 1 0 -1 0 0 3002.DAT
0 STEP
1 86 410.0 -912 590.0 0 0 1 0 1 0 -1 0 0 3005.DAT
0 STEP
1 86 440.0 -24 620.0 -1 0 0 0 1 0 0 0 -1 3001.DAT
0 STEP
1 86 410.0 0 630.0 0 0 1 0 1 0 -1 0 0 3005.DAT
0 STEP
1 86 440.0 -888 630.0 -1 0 0 0 1 0 0 0 -1 3010.DAT
0 STEP
1 86 410.0 -912 650.0 0 0 1 0 1 0 -1 0 0 3622.DAT
0 STEP
1 86 440.0 -24 660.0 -1 0 0 0 1 0 0 0 -1 3001.DAT
0 STEP
1 86 440.0 -72 650.0 -1 0 0 0 1 0 0 0 -1 3010.DAT
0 STEP
1 86 440.0 -168 650.0 -1 0 0 0 1 0 0 0 -1 3010.DAT
0 STEP
1 86 440.0 -288 650.0 -1 0 0 0 1 0 0 0 -1 3010.DAT
0 STEP
1 86 460.0 -312 660.0 -1 0 0 0 1 0 0 0 -1 2456.DAT
0 STEP
1 86 440.0 -480 650.0 -1 0 0 0 1 0 0 0 -1 3010.DAT
0 STEP
1 86 420.0 -528 670.0 0 0 1 0 1 0 -1 0 0 3002.DAT
0 STEP
1 86 420.0 -576 670.0 0 0 1 0 1 0 -1 0 0 3002.DAT
0 STEP
1 86 420.0 -624 670.0 0 0 1 0 1 0 -1 0 0 3002.DAT
0 STEP
1 86 410.0 -840 670.0 0 0 1 0 1 0 -1 0 0 3622.DAT
0 STEP
1 86 410.0 -48 680.0 0 0 1 0 1 0 -1 0 0 3004.DAT
0 STEP
1 86 440.0 -120 670.0 -1 0 0 0 1 0 0 0 -1 3010.DAT
0 STEP
1 86 440.0 -288 680.0 -1 0 0 0 1 0 0 0 -1 3001.DAT
0 STEP
1 86 460.0 -384 670.0 -1 0 0 0 1 0 0 0 -1 3009.DAT
0 STEP
1 86 440.0 -480 680.0 -1 0 0 0 1 0 0 0 -1 3001.DAT
0 STEP
1 86 460.0 -24 690.0 -1 0 0 0 1 0 0 0 -1 3009.DAT
0 STEP
1 86 410.0 -96 690.0 0 0 1 0 1 0 -1 0 0 3005.DAT
0 STEP
1 86 410.0 -456 690.0 0 0 1 0 1 0 -1 0 0 3005.DAT
0 STEP
1 86 460.0 -696 690.0 -1 0 0 0 1 0 0 0 -1 3009.DAT
0 STEP
1 86 460.0 -744 690.0 -1 0 0 0 1 0 0 0 -1 3009.DAT
0 STEP
1 86 440.0 -912 690.0 -1 0 0 0 1 0 0 0 -1 3010.DAT
0 STEP
1 86 410.0 -192 730.0 0 0 1 0 1 0 -1 0 0 3005.DAT
0 STEP
1 86 420.0 -768 740.0 0 0 1 0 1 0 -1 0 0 3003.DAT
0 STEP
1 86 420.0 -816 740.0 0 0 1 0 1 0 -1 0 0 3003.DAT
0 STEP
1 86 460.0 -48 10.0 -1 0 0 0 1 0 0 0 -1 3010.DAT
0 STEP
1 86 460.0 -96 20.0 -1 0 0 0 1 0 0 0 -1 3001.DAT
0 STEP
1 86 440.0 -192 30.0 0 0 1 0 1 0 -1 0 0 3002.DAT
0 STEP
1 86 450.0 -216 10.0 -1 0 0 0 1 0 0 0 -1 3622.DAT
0 STEP
1 86 440.0 -240 30.0 0 0 1 0 1 0 -1 0 0 3002.DAT
0 STEP
1 86 480.0 -312 10.0 -1 0 0 0 1 0 0 0 -1 3009.DAT
0 STEP
1 86 430.0 -384 20.0 0 0 1 0 1 0 -1 0 0 3004.DAT
0 STEP
1 86 430.0 -432 30.0 0 0 1 0 1 0 -1 0 0 3622.DAT
0 STEP
1 86 450.0 -456 10.0 -1 0 0 0 1 0 0 0 -1 3622.DAT
0 STEP
1 86 440.0 -480 30.0 0 0 1 0 1 0 -1 0 0 3002.DAT
0 STEP
1 86 460.0 -504 10.0 -1 0 0 0 1 0 0 0 -1 3010.DAT
0 STEP
1 86 440.0 -552 30.0 0 0 1 0 1 0 -1 0 0 3002.DAT
0 STEP
1 86 500.0 -600 10.0 -1 0 0 0 1 0 0 0 -1 3008.DAT
0 STEP
1 86 460.0 -696 10.0 -1 0 0 0 1 0 0 0 -1 3010.DAT
0 STEP
1 86 450.0 -720 20.0 -1 0 0 0 1 0 0 0 -1 3002.DAT
0 STEP
1 86 430.0 -792 20.0 0 0 1 0 1 0 -1 0 0 3004.DAT
0 STEP
1 86 430.0 -864 30.0 0 0 1 0 1 0 -1 0 0 3622.DAT
0 STEP
1 86 480.0 -888 10.0 -1 0 0 0 1 0 0 0 -1 3009.DAT
0 STEP
1 86 460.0 -912 20.0 -1 0 0 0 1 0 0 0 -1 3001.DAT
0 STEP
1 86 440.0 -960 30.0 0 0 1 0 1 0 -1 0 0 3002.DAT
0 STEP
1 86 440.0 -1008 30.0 0 0 1 0 1 0 -1 0 0 3002.DAT
0 STEP
1 86 440.0 -1056 30.0 0 0 1 0 1 0 -1 0 0 3002.DAT
0 STEP
1 86 440.0 -1104 30.0 0 0 1 0 1 0 -1 0 0 3002.DAT
0 STEP
1 86 440.0 -1152 30.0 0 0 1 0 1 0 -1 0 0 3002.DAT
0 STEP
1 86 460.0 -1248 20.0 -1 0 0 0 1 0 0 0 -1 3001.DAT
0 STEP
1 86 430.0 -1320 30.0 0 0 1 0 1 0 -1 0 0 3622.DAT
0 STEP
1 86 440.0 -1440 30.0 0 0 1 0 1 0 -1 0 0 3002.DAT
0 STEP
1 86 430.0 -1512 30.0 0 0 1 0 1 0 -1 0 0 3622.DAT
0 STEP
1 86 440.0 -1560 30.0 0 0 1 0 1 0 -1 0 0 3002.DAT
0 STEP
1 86 440.0 -1608 30.0 0 0 1 0 1 0 -1 0 0 3002.DAT
0 STEP
1 86 440.0 -1656 30.0 0 0 1 0 1 0 -1 0 0 3002.DAT
0 STEP
1 86 440.0 -1704 60.0 0 0 1 0 1 0 -1 0 0 2456.DAT
0 STEP
1 86 430.0 -216 30.0 0 0 1 0 1 0 -1 0 0 3005.DAT
0 STEP
1 86 430.0 -288 40.0 0 0 1 0 1 0 -1 0 0 3004.DAT
0 STEP
1 86 460.0 -456 30.0 -1 0 0 0 1 0 0 0 -1 3010.DAT
0 STEP
1 86 460.0 -504 40.0 -1 0 0 0 1 0 0 0 -1 3001.DAT
0 STEP
1 86 430.0 -600 40.0 0 0 1 0 1 0 -1 0 0 3004.DAT
0 STEP
1 86 430.0 -672 40.0 0 0 1 0 1 0 -1 0 0 3004.DAT
0 STEP
1 86 460.0 -1368 30.0 -1 0 0 0 1 0 0 0 -1 3010.DAT
0 STEP
1 86 460.0 -96 50.0 -1 0 0 0 1 0 0 0 -1 3010.DAT
0 STEP
1 86 460.0 -168 50.0 -1 0 0 0 1 0 0 0 -1 3010.DAT
0 STEP
1 86 460.0 -216 50.0 -1 0 0 0 1 0 0 0 -1 3010.DAT
0 STEP
1 86 500.0 -456 50.0 -1 0 0 0 1 0 0 0 -1 3008.DAT
0 STEP
1 86 460.0 -720 50.0 -1 0 0 0 1 0 0 0 -1 3010.DAT
0 STEP
1 86 460.0 -912 50.0 -1 0 0 0 1 0 0 0 -1 3010.DAT
0 STEP
1 86 460.0 -1032 50.0 -1 0 0 0 1 0 0 0 -1 3010.DAT
0 STEP
1 86 430.0 -1272 50.0 0 0 1 0 1 0 -1 0 0 3005.DAT
0 STEP
1 86 480.0 -1728 110.0 -1 0 0 0 1 0 0 0 -1 3009.DAT
0 STEP
1 86 440.0 -1728 160.0 0 0 1 0 1 0 -1 0 0 3001.DAT
0 STEP
1 86 440.0 -1752 150.0 -1 0 0 0 1 0 0 0 -1 3004.DAT
0 STEP
1 86 430.0 -1704 190.0 0 0 1 0 1 0 -1 0 0 3622.DAT
0 STEP
1 86 460.0 -1752 180.0 -1 0 0 0 1 0 0 0 -1 3001.DAT
0 STEP
1 86 430.0 0 240.0 0 0 1 0 1 0 -1 0 0 3010.DAT
0 STEP
1 86 430.0 -48 220.0 0 0 1 0 1 0 -1 0 0 3004.DAT
0 STEP
1 86 480.0 -1752 210.0 -1 0 0 0 1 0 0 0 -1 3009.DAT
0 STEP
1 86 460.0 -1704 230.0 -1 0 0 0 1 0 0 0 -1 3010.DAT
0 STEP
1 86 430.0 -1752 240.0 0 0 1 0 1 0 -1 0 0 3004.DAT
0 STEP
1 86 450.0 -24 250.0 -1 0 0 0 1 0 0 0 -1 3622.DAT
0 STEP
1 86 430.0 -48 320.0 0 0 1 0 1 0 -1 0 0 3008.DAT
0 STEP
1 86 440.0 -24 270.0 -1 0 0 0 1 0 0 0 -1 3004.DAT
0 STEP
1 86 440.0 -1728 300.0 0 0 1 0 1 0 -1 0 0 3001.DAT
0 STEP
1 86 430.0 0 290.0 0 0 1 0 1 0 -1 0 0 3005.DAT
0 STEP
1 86 430.0 -1752 290.0 0 0 1 0 1 0 -1 0 0 3005.DAT
0 STEP
1 86 430.0 0 380.0 0 0 1 0 1 0 -1 0 0 3008.DAT
0 STEP
1 86 460.0 -1752 320.0 -1 0 0 0 1 0 0 0 -1 3001.DAT
0 STEP
1 86 460.0 -1704 360.0 -1 0 0 0 1 0 0 0 -1 3001.DAT
0 STEP
1 86 450.0 -1752 350.0 -1 0 0 0 1 0 0 0 -1 3622.DAT
0 STEP
1 86 440.0 -1704 420.0 0 0 1 0 1 0 -1 0 0 3001.DAT
0 STEP
1 86 430.0 -1752 420.0 0 0 1 0 1 0 -1 0 0 3010.DAT
0 STEP
1 86 430.0 -48 420.0 0 0 1 0 1 0 -1 0 0 3004.DAT
0 STEP
1 86 480.0 -936 420.0 -1 0 0 0 1 0 0 0 -1 2456.DAT
0 STEP
1 86 430.0 -984 430.0 0 0 1 0 1 0 -1 0 0 3622.DAT
0 STEP
1 86 440.0 -1104 430.0 0 0 1 0 1 0 -1 0 0 3002.DAT
0 STEP
1 86 430.0 -1128 410.0 0 0 1 0 1 0 -1 0 0 3005.DAT
0 STEP
1 86 440.0 -1152 430.0 0 0 1 0 1 0 -1 0 0 3002.DAT
0 STEP
1 86 460.0 -1176 410.0 -1 0 0 0 1 0 0 0 -1 3010.DAT
0 STEP
1 86 460.0 -1224 410.0 -1 0 0 0 1 0 0 0 -1 3010.DAT
0 STEP
1 86 480.0 -1320 410.0 -1 0 0 0 1 0 0 0 -1 3009.DAT
0 STEP
1 86 430.0 -1368 430.0 0 0 1 0 1 0 -1 0 0 3622.DAT
0 STEP
1 86 450.0 -1392 410.0 -1 0 0 0 1 0 0 0 -1 3622.DAT
0 STEP
1 86 430.0 -1416 430.0 0 0 1 0 1 0 -1 0 0 3622.DAT
0 STEP
1 86 430.0 -1464 430.0 0 0 1 0 1 0 -1 0 0 3622.DAT
0 STEP
1 86 430.0 -1560 430.0 0 0 1 0 1 0 -1 0 0 3622.DAT
0 STEP
1 86 430.0 -1032 430.0 0 0 1 0 1 0 -1 0 0 3005.DAT
0 STEP
1 86 480.0 -1128 440.0 -1 0 0 0 1 0 0 0 -1 2456.DAT
0 STEP
1 86 480.0 -1176 430.0 -1 0 0 0 1 0 0 0 -1 3009.DAT
0 STEP
1 86 430.0 -1224 430.0 0 0 1 0 1 0 -1 0 0 3005.DAT
0 STEP
1 86 450.0 -1392 440.0 -1 0 0 0 1 0 0 0 -1 3002.DAT
0 STEP
1 86 430.0 -24 480.0 0 0 1 0 1 0 -1 0 0 3010.DAT
0 STEP
1 86 430.0 -888 500.0 0 0 1 0 1 0 -1 0 0 3009.DAT
0 STEP
1 86 480.0 -936 450.0 -1 0 0 0 1 0 0 0 -1 3009.DAT
0 STEP
1 86 430.0 -1176 450.0 0 0 1 0 1 0 -1 0 0 3005.DAT
0 STEP
1 86 430.0 -1200 450.0 0 0 1 0 1 0 -1 0 0 3005.DAT
0 STEP
1 86 460.0 -1224 450.0 -1 0 0 0 1 0 0 0 -1 3010.DAT
0 STEP
1 86 430.0 -1296 450.0 0 0 1 0 1 0 -1 0 0 3005.DAT
0 STEP
1 86 430.0 -1608 450.0 0 0 1 0 1 0 -1 0 0 3005.DAT
0 STEP
1 86 430.0 0 470.0 0 0 1 0 1 0 -1 0 0 3005.DAT
0 STEP
1 86 460.0 -864 520.0 -1 0 0 0 1 0 0 0 -1 3001.DAT
0 STEP
1 86 430.0 -912 520.0 0 0 1 0 1 0 -1 0 0 3004.DAT
0 STEP
1 86 430.0 0 560.0 0 0 1 0 1 0 -1 0 0 3010.DAT
0 STEP
1 86 460.0 -24 540.0 -1 0 0 0 1 0 0 0 -1 3001.DAT
0 STEP
1 86 460.0 -864 560.0 -1 0 0 0 1 0 0 0 -1 3001.DAT
0 STEP
1 86 480.0 -912 560.0 -1 0 0 0 1 0 0 0 -1 2456.DAT
0 STEP
1 86 460.0 -48 580.0 -1 0 0 0 1 0 0 0 -1 3001.DAT
0 STEP
1 86 460.0 -864 600.0 -1 0 0 0 1 0 0 0 -1 3001.DAT
0 STEP
1 86 500.0 -912 590.0 -1 0 0 0 1 0 0 0 -1 3008.DAT
0 STEP
1 86 480.0 -48 610.0 -1 0 0 0 1 0 0 0 -1 3009.DAT
0 STEP
1 86 440.0 -912 640.0 0 0 1 0 1 0 -1 0 0 3001.DAT
0 STEP
1 86 440.0 0 650.0 0 0 1 0 1 0 -1 0 0 3002.DAT
0 STEP
1 86 430.0 -48 660.0 0 0 1 0 1 0 -1 0 0 3010.DAT
0 STEP
1 86 430.0 -864 640.0 0 0 1 0 1 0 -1 0 0 3004.DAT
0 STEP
1 86 430.0 -96 670.0 0 0 1 0 1 0 -1 0 0 3622.DAT
0 STEP
1 86 440.0 -144 670.0 0 0 1 0 1 0 -1 0 0 3002.DAT
0 STEP
1 86 460.0 -216 650.0 -1 0 0 0 1 0 0 0 -1 3010.DAT
0 STEP
1 86 430.0 -264 670.0 0 0 1 0 1 0 -1 0 0 3622.DAT
0 STEP
1 86 460.0 -336 650.0 -1 0 0 0 1 0 0 0 -1 3010.DAT
0 STEP
1 86 430.0 -360 670.0 0 0 1 0 1 0 -1 0 0 3622.DAT
0 STEP
1 86 460.0 -432 660.0 -1 0 0 0 1 0 0 0 -1 3001.DAT
0 STEP
1 86 430.0 -456 670.0 0 0 1 0 1 0 -1 0 0 3622.DAT
0 STEP
1 86 430.0 -504 650.0 0 0 1 0 1 0 -1 0 0 3005.DAT
0 STEP
1 86 480.0 -648 660.0 -1 0 0 0 1 0 0 0 -1 2456.DAT
0 STEP
1 86 440.0 -672 670.0 0 0 1 0 1 0 -1 0 0 3002.DAT
0 STEP
1 86 430.0 -720 670.0 0 0 1 0 1 0 -1 0 0 3622.DAT
0 STEP
1 86 430.0 -768 670.0 0 0 1 0 1 0 -1 0 0 3622.DAT
0 STEP
1 86 480.0 -792 650.0 -1 0 0 0 1 0 0 0 -1 3009.DAT
0 STEP
1 86 460.0 -840 660.0 -1 0 0 0 1 0 0 0 -1 3001.DAT
0 STEP
1 86 430.0 -888 670.0 0 0 1 0 1 0 -1 0 0 3622.DAT
0 STEP
1 86 430.0 -216 670.0 0 0 1 0 1 0 -1 0 0 3005.DAT
0 STEP
1 86 460.0 -336 680.0 -1 0 0 0 1 0 0 0 -1 3001.DAT
0 STEP
1 86 480.0 -792 680.0 -1 0 0 0 1 0 0 0 -1 2456.DAT
0 STEP
1 86 480.0 -216 690.0 -1 0 0 0 1 0 0 0 -1 3009.DAT
0 STEP
1 86 460.0 -432 690.0 -1 0 0 0 1 0 0 0 -1 3010.DAT
0 STEP
1 86 430.0 -504 690.0 0 0 1 0 1 0 -1 0 0 3005.DAT
0 STEP
1 86 460.0 -840 690.0 -1 0 0 0 1 0 0 0 -1 3010.DAT
0 STEP
1 86 430.0 -192 740.0 0 0 1 0 1 0 -1 0 0 3004.DAT
0 STEP
1 86 430.0 -240 740.0 0 0 1 0 1 0 -1 0 0 3004.DAT
0 STEP
1 86 430.0 -624 740.0 0 0 1 0 1 0 -1 0 0 3004.DAT
0 STEP
1 86 520.0 0 20.0 -1 0 0 0 1 0 0 0 -1 3007.DAT
0 STEP
1 86 450.0 -120 20.0 0 0 1 0 1 0 -1 0 0 3004.DAT
0 STEP
1 86 460.0 -288 30.0 0 0 1 0 1 0 -1 0 0 3002.DAT
0 STEP
1 86 460.0 -336 30.0 0 0 1 0 1 0 -1 0 0 3002.DAT
0 STEP
1 86 450.0 -384 30.0 0 0 1 0 1 0 -1 0 0 3622.DAT
0 STEP
1 86 460.0 -432 30.0 0 0 1 0 1 0 -1 0 0 3002.DAT
0 STEP
1 86 470.0 -576 20.0 -1 0 0 0 1 0 0 0 -1 3002.DAT
0 STEP
1 86 480.0 -648 20.0 -1 0 0 0 1 0 0 0 -1 3001.DAT
0 STEP
1 86 460.0 -672 30.0 0 0 1 0 1 0 -1 0 0 3002.DAT
0 STEP
1 86 450.0 -744 30.0 0 0 1 0 1 0 -1 0 0 3622.DAT
0 STEP
1 86 480.0 -768 10.0 -1 0 0 0 1 0 0 0 -1 3010.DAT
0 STEP
1 86 500.0 -792 20.0 -1 0 0 0 1 0 0 0 -1 2456.DAT
0 STEP
1 86 460.0 -840 30.0 0 0 1 0 1 0 -1 0 0 3002.DAT
0 STEP
1 86 460.0 -864 30.0 0 0 1 0 1 0 -1 0 0 3002.DAT
0 STEP
1 86 480.0 -936 10.0 -1 0 0 0 1 0 0 0 -1 3010.DAT
0 STEP
1 86 480.0 -1032 10.0 -1 0 0 0 1 0 0 0 -1 3010.DAT
0 STEP
1 86 480.0 -1128 20.0 -1 0 0 0 1 0 0 0 -1 3001.DAT
0 STEP
1 86 520.0 -1176 10.0 -1 0 0 0 1 0 0 0 -1 3008.DAT
0 STEP
1 86 450.0 -1224 30.0 0 0 1 0 1 0 -1 0 0 3622.DAT
0 STEP
1 86 450.0 -1272 30.0 0 0 1 0 1 0 -1 0 0 3622.DAT
0 STEP
1 86 520.0 -1320 10.0 -1 0 0 0 1 0 0 0 -1 3008.DAT
0 STEP
1 86 450.0 -1344 30.0 0 0 1 0 1 0 -1 0 0 3622.DAT
0 STEP
1 86 450.0 -1392 30.0 0 0 1 0 1 0 -1 0 0 3622.DAT
0 STEP
1 86 500.0 -1416 10.0 -1 0 0 0 1 0 0 0 -1 3009.DAT
0 STEP
1 86 520.0 -1464 20.0 -1 0 0 0 1 0 0 0 -1 3007.DAT
0 STEP
1 86 460.0 -1512 30.0 0 0 1 0 1 0 -1 0 0 3002.DAT
0 STEP
1 86 520.0 -1584 10.0 -1 0 0 0 1 0 0 0 -1 3008.DAT
0 STEP
1 86 480.0 -1632 10.0 -1 0 0 0 1 0 0 0 -1 3010.DAT
0 STEP
1 86 480.0 -1728 10.0 -1 0 0 0 1 0 0 0 -1 3010.DAT
0 STEP
1 86 460.0 -48 60.0 0 0 1 0 1 0 -1 0 0 3001.DAT
0 STEP
1 86 500.0 -216 30.0 -1 0 0 0 1 0 0 0 -1 3009.DAT
0 STEP
1 86 520.0 -600 30.0 -1 0 0 0 1 0 0 0 -1 3008.DAT
0 STEP
1 86 450.0 -624 40.0 0 0 1 0 1 0 -1 0 0 3004.DAT
0 STEP
1 86 540.0 -768 40.0 -1 0 0 0 1 0 0 0 -1 3006.DAT
0 STEP
1 86 480.0 -1176 30.0 -1 0 0 0 1 0 0 0 -1 3010.DAT
0 STEP
1 86 450.0 -1320 30.0 0 0 1 0 1 0 -1 0 0 3005.DAT
0 STEP
1 86 450.0 -1632 30.0 0 0 1 0 1 0 -1 0 0 3005.DAT
0 STEP
1 86 540.0 -1680 40.0 -1 0 0 0 1 0 0 0 -1 3006.DAT
0 STEP
1 86 480.0 -600 50.0 -1 0 0 0 1 0 0 0 -1 3010.DAT
0 STEP
1 86 520.0 -648 50.0 -1 0 0 0 1 0 0 0 -1 3008.DAT
0 STEP
1 86 450.0 -888 50.0 0 0 1 0 1 0 -1 0 0 3005.DAT
0 STEP
1 86 480.0 -1128 50.0 -1 0 0 0 1 0 0 0 -1 3010.DAT
0 STEP
1 86 450.0 -1176 50.0 0 0 1 0 1 0 -1 0 0 3005.DAT
0 STEP
1 86 500.0 -1320 50.0 -1 0 0 0 1 0 0 0 -1 3009.DAT
0 STEP
1 86 450.0 -1536 50.0 0 0 1 0 1 0 -1 0 0 3005.DAT
0 STEP
1 86 450.0 -1752 80.0 0 0 1 0 1 0 -1 0 0 3010.DAT
0 STEP
1 86 480.0 -24 140.0 -1 0 0 0 1 0 0 0 -1 3001.DAT
0 STEP
1 86 450.0 -1752 130.0 0 0 1 0 1 0 -1 0 0 3005.DAT
0 STEP
1 86 480.0 -24 170.0 -1 0 0 0 1 0 0 0 -1 3010.DAT
0 STEP
1 86 450.0 -48 190.0 0 0 1 0 1 0 -1 0 0 3622.DAT
0 STEP
1 86 470.0 -1704 180.0 -1 0 0 0 1 0 0 0 -1 3002.DAT
0 STEP
1 86 450.0 0 220.0 0 0 1 0 1 0 -1 0 0 3010.DAT
0 STEP
1 86 520.0 -24 190.0 -1 0 0 0 1 0 0 0 -1 3008.DAT
0 STEP
1 86 520.0 -1704 210.0 -1 0 0 0 1 0 0 0 -1 3008.DAT
0 STEP
1 86 480.0 -48 230.0 -1 0 0 0 1 0 0 0 -1 3010.DAT
0 STEP
1 86 450.0 -1752 260.0 0 0 1 0 1 0 -1 0 0 3010.DAT
0 STEP
1 86 450.0 -48 250.0 0 0 1 0 1 0 -1 0 0 3005.DAT
0 STEP
1 86 480.0 0 270.0 -1 0 0 0 1 0 0 0 -1 3010.DAT
0 STEP
1 86 480.0 -48 270.0 -1 0 0 0 1 0 0 0 -1 3010.DAT
0 STEP
1 86 460.0 0 320.0 0 0 1 0 1 0 -1 0 0 3001.DAT
0 STEP
1 86 460.0 -48 360.0 0 0 1 0 1 0 -1 0 0 3007.DAT
0 STEP
1 86 450.0 -1728 380.0 0 0 1 0 1 0 -1 0 0 3010.DAT
0 STEP
1 86 460.0 0 390.0 0 0 1 0 1 0 -1 0 0 3002.DAT
0 STEP
1 86 460.0 -1752 420.0 0 0 1 0 1 0 -1 0 0 3001.DAT
0 STEP
1 86 460.0 -984 410.0 -1 0 0 0 1 0 0 0 -1 3004.DAT
0 STEP
1 86 460.0 -1056 430.0 0 0 1 0 1 0 -1 0 0 3002.DAT
0 STEP
1 86 480.0 -1128 410.0 -1 0 0 0 1 0 0 0 -1 3010.DAT
0 STEP
1 86 460.0 -1200 430.0 0 0 1 0 1 0 -1 0 0 3002.DAT
0 STEP
1 86 450.0 -1248 410.0 0 0 1 0 1 0 -1 0 0 3005.DAT
0 STEP
1 86 450.0 -1272 410.0 0 0 1 0 1 0 -1 0 0 3005.DAT
0 STEP
1 86 460.0 -1296 430.0 0 0 1 0 1 0 -1 0 0 3002.DAT
0 STEP
1 86 460.0 -1368 430.0 0 0 1 0 1 0 -1 0 0 3002.DAT
0 STEP
1 86 460.0 -1416 430.0 0 0 1 0 1 0 -1 0 0 3002.DAT
0 STEP
1 86 460.0 -1464 430.0 0 0 1 0 1 0 -1 0 0 3002.DAT
0 STEP
1 86 450.0 -1512 430.0 0 0 1 0 1 0 -1 0 0 3622.DAT
0 STEP
1 86 480.0 -1560 420.0 -1 0 0 0 1 0 0 0 -1 3001.DAT
0 STEP
1 86 480.0 -1608 410.0 -1 0 0 0 1 0 0 0 -1 3010.DAT
0 STEP
1 86 450.0 -1656 430.0 0 0 1 0 1 0 -1 0 0 3622.DAT
0 STEP
1 86 480.0 0 440.0 -1 0 0 0 1 0 0 0 -1 3001.DAT
0 STEP
1 86 480.0 -984 440.0 -1 0 0 0 1 0 0 0 -1 3001.DAT
0 STEP
1 86 480.0 -1032 440.0 -1 0 0 0 1 0 0 0 -1 3001.DAT
0 STEP
1 86 480.0 -1224 430.0 -1 0 0 0 1 0 0 0 -1 3010.DAT
0 STEP
1 86 480.0 -1272 440.0 -1 0 0 0 1 0 0 0 -1 3001.DAT
0 STEP
1 86 480.0 -1608 440.0 -1 0 0 0 1 0 0 0 -1 3001.DAT
0 STEP
1 86 460.0 -24 470.0 0 0 1 0 1 0 -1 0 0 3002.DAT
0 STEP
1 86 480.0 -888 460.0 -1 0 0 0 1 0 0 0 -1 3001.DAT
0 STEP
1 86 480.0 -1176 450.0 -1 0 0 0 1 0 0 0 -1 3010.DAT
0 STEP
1 86 450.0 -1248 450.0 0 0 1 0 1 0 -1 0 0 3005.DAT
0 STEP
1 86 480.0 -1560 450.0 -1 0 0 0 1 0 0 0 -1 3010.DAT
0 STEP
1 86 480.0 0 470.0 -1 0 0 0 1 0 0 0 -1 3010.DAT
0 STEP
1 86 460.0 -912 500.0 0 0 1 0 1 0 -1 0 0 3001.DAT
0 STEP
1 86 450.0 0 520.0 0 0 1 0 1 0 -1 0 0 3010.DAT
0 STEP
1 86 480.0 -888 490.0 -1 0 0 0 1 0 0 0 -1 3010.DAT
0 STEP
1 86 480.0 -24 510.0 -1 0 0 0 1 0 0 0 -1 3010.DAT
0 STEP
1 86 460.0 -888 510.0 -1 0 0 0 1 0 0 0 -1 3004.DAT
0 STEP
1 86 460.0 -888 560.0 0 0 1 0 1 0 -1 0 0 3001.DAT
0 STEP
1 86 450.0 -48 550.0 0 0 1 0 1 0 -1 0 0 3005.DAT
0 STEP
1 86 480.0 0 570.0 -1 0 0 0 1 0 0 0 -1 3010.DAT
0 STEP
1 86 470.0 0 590.0 -1 0 0 0 1 0 0 0 -1 3622.DAT
0 STEP
1 86 460.0 -888 610.0 -1 0 0 0 1 0 0 0 -1 3004.DAT
0 STEP
1 86 480.0 -48 640.0 -1 0 0 0 1 0 0 0 -1 3001.DAT
0 STEP
1 86 470.0 -864 630.0 -1 0 0 0 1 0 0 0 -1 3622.DAT
0 STEP
1 86 460.0 -96 650.0 -1 0 0 0 1 0 0 0 -1 3004.DAT
0 STEP
1 86 460.0 -192 670.0 0 0 1 0 1 0 -1 0 0 3002.DAT
0 STEP
1 86 450.0 -264 660.0 0 0 1 0 1 0 -1 0 0 3004.DAT
0 STEP
1 86 460.0 -360 670.0 0 0 1 0 1 0 -1 0 0 3002.DAT
0 STEP
1 86 470.0 -456 650.0 -1 0 0 0 1 0 0 0 -1 3622.DAT
0 STEP
1 86 450.0 -504 670.0 0 0 1 0 1 0 -1 0 0 3622.DAT
0 STEP
1 86 450.0 -528 670.0 0 0 1 0 1 0 -1 0 0 3622.DAT
0 STEP
1 86 450.0 -576 670.0 0 0 1 0 1 0 -1 0 0 3622.DAT
0 STEP
1 86 460.0 -624 670.0 0 0 1 0 1 0 -1 0 0 3002.DAT
0 STEP
1 86 460.0 -720 670.0 0 0 1 0 1 0 -1 0 0 3002.DAT
0 STEP
1 86 460.0 -768 670.0 0 0 1 0 1 0 -1 0 0 3002.DAT
0 STEP
1 86 450.0 -864 670.0 0 0 1 0 1 0 -1 0 0 3622.DAT
0 STEP
1 86 460.0 -888 650.0 -1 0 0 0 1 0 0 0 -1 3004.DAT
0 STEP
1 86 480.0 -48 680.0 -1 0 0 0 1 0 0 0 -1 3001.DAT
0 STEP
1 86 480.0 -96 680.0 -1 0 0 0 1 0 0 0 -1 3001.DAT
0 STEP
1 86 480.0 -216 670.0 -1 0 0 0 1 0 0 0 -1 3010.DAT
0 STEP
1 86 480.0 -456 670.0 -1 0 0 0 1 0 0 0 -1 3010.DAT
0 STEP
1 86 450.0 -696 670.0 0 0 1 0 1 0 -1 0 0 3005.DAT
0 STEP
1 86 450.0 -816 670.0 0 0 1 0 1 0 -1 0 0 3005.DAT
0 STEP
1 86 480.0 -888 680.0 -1 0 0 0 1 0 0 0 -1 3001.DAT
0 STEP
1 86 480.0 -264 690.0 -1 0 0 0 1 0 0 0 -1 3010.DAT
0 STEP
1 86 450.0 -312 690.0 0 0 1 0 1 0 -1 0 0 3005.DAT
0 STEP
1 86 450.0 -456 690.0 0 0 1 0 1 0 -1 0 0 3005.DAT
0 STEP
1 86 500.0 -72 20.0 -1 0 0 0 1 0 0 0 -1 3001.DAT
0 STEP
1 86 520.0 -120 10.0 -1 0 0 0 1 0 0 0 -1 3009.DAT
0 STEP
1 86 480.0 -144 30.0 0 0 1 0 1 0 -1 0 0 3002.DAT
0 STEP
1 86 480.0 -192 30.0 0 0 1 0 1 0 -1 0 0 3002.DAT
0 STEP
1 86 480.0 -240 30.0 0 0 1 0 1 0 -1 0 0 3002.DAT
0 STEP
1 86 470.0 -264 10.0 0 0 1 0 1 0 -1 0 0 3005.DAT
0 STEP
1 86 480.0 -384 30.0 0 0 1 0 1 0 -1 0 0 3002.DAT
0 STEP
1 86 500.0 -480 20.0 -1 0 0 0 1 0 0 0 -1 3001.DAT
0 STEP
1 86 490.0 -528 20.0 -1 0 0 0 1 0 0 0 -1 3002.DAT
0 STEP
1 86 470.0 -552 10.0 0 0 1 0 1 0 -1 0 0 3005.DAT
0 STEP
1 86 470.0 -624 30.0 0 0 1 0 1 0 -1 0 0 3622.DAT
0 STEP
1 86 480.0 -744 30.0 0 0 1 0 1 0 -1 0 0 3002.DAT
0 STEP
1 86 480.0 -960 30.0 0 0 1 0 1 0 -1 0 0 3002.DAT
0 STEP
1 86 560.0 -1008 20.0 -1 0 0 0 1 0 0 0 -1 3006.DAT
0 STEP
1 86 480.0 -1056 30.0 0 0 1 0 1 0 -1 0 0 3002.DAT
0 STEP
1 86 490.0 -1104 20.0 -1 0 0 0 1 0 0 0 -1 3002.DAT
0 STEP
1 86 480.0 -1152 30.0 0 0 1 0 1 0 -1 0 0 3002.DAT
0 STEP
1 86 520.0 -1224 10.0 -1 0 0 0 1 0 0 0 -1 3009.DAT
0 STEP
1 86 500.0 -1272 10.0 -1 0 0 0 1 0 0 0 -1 3010.DAT
0 STEP
1 86 480.0 -1296 30.0 0 0 1 0 1 0 -1 0 0 3002.DAT
0 STEP
1 86 480.0 -1344 30.0 0 0 1 0 1 0 -1 0 0 3002.DAT
0 STEP
1 86 480.0 -1392 30.0 0 0 1 0 1 0 -1 0 0 3002.DAT
0 STEP
1 86 490.0 -1440 10.0 -1 0 0 0 1 0 0 0 -1 3622.DAT
0 STEP
1 86 470.0 -1488 10.0 0 0 1 0 1 0 -1 0 0 3005.DAT
0 STEP
1 86 520.0 -1560 10.0 -1 0 0 0 1 0 0 0 -1 3009.DAT
0 STEP
1 86 480.0 -1608 30.0 0 0 1 0 1 0 -1 0 0 3002.DAT
0 STEP
1 86 480.0 -1656 30.0 0 0 1 0 1 0 -1 0 0 3002.DAT
0 STEP
1 86 470.0 -1680 10.0 0 0 1 0 1 0 -1 0 0 3005.DAT
0 STEP
1 86 480.0 -1704 60.0 0 0 1 0 1 0 -1 0 0 2456.DAT
0 STEP
1 86 470.0 -1752 80.0 0 0 1 0 1 0 -1 0 0 3008.DAT
0 STEP
1 86 470.0 -120 30.0 0 0 1 0 1 0 -1 0 0 3005.DAT
0 STEP
1 86 540.0 -264 30.0 -1 0 0 0 1 0 0 0 -1 3008.DAT
0 STEP
1 86 560.0 -552 40.0 -1 0 0 0 1 0 0 0 -1 3006.DAT
0 STEP
1 86 520.0 -1224 40.0 -1 0 0 0 1 0 0 0 -1 2456.DAT
0 STEP
1 86 470.0 -1272 30.0 0 0 1 0 1 0 -1 0 0 3005.DAT
0 STEP
1 86 540.0 -1320 30.0 -1 0 0 0 1 0 0 0 -1 3008.DAT
0 STEP
1 86 490.0 -1440 40.0 -1 0 0 0 1 0 0 0 -1 3002.DAT
0 STEP
1 86 470.0 -1536 40.0 0 0 1 0 1 0 -1 0 0 3004.DAT
0 STEP
1 86 470.0 -1560 30.0 0 0 1 0 1 0 -1 0 0 3005.DAT
0 STEP
1 86 540.0 -1632 40.0 -1 0 0 0 1 0 0 0 -1 3007.DAT
0 STEP
1 86 500.0 -72 50.0 -1 0 0 0 1 0 0 0 -1 3010.DAT
0 STEP
1 86 500.0 -480 50.0 -1 0 0 0 1 0 0 0 -1 3010.DAT
0 STEP
1 86 540.0 -696 50.0 -1 0 0 0 1 0 0 0 -1 3008.DAT
0 STEP
1 86 540.0 -888 50.0 -1 0 0 0 1 0 0 0 -1 3008.DAT
0 STEP
1 86 540.0 -1008 50.0 -1 0 0 0 1 0 0 0 -1 3008.DAT
0 STEP
1 86 500.0 -1104 50.0 -1 0 0 0 1 0 0 0 -1 3010.DAT
0 STEP
1 86 500.0 -1176 50.0 -1 0 0 0 1 0 0 0 -1 3010.DAT
0 STEP
1 86 500.0 -1272 50.0 -1 0 0 0 1 0 0 0 -1 3010.DAT
0 STEP
1 86 540.0 -1464 50.0 -1 0 0 0 1 0 0 0 -1 3008.DAT
0 STEP
1 86 520.0 -1560 50.0 -1 0 0 0 1 0 0 0 -1 3009.DAT
0 STEP
1 86 470.0 0 100.0 0 0 1 0 1 0 -1 0 0 3010.DAT
0 STEP
1 86 470.0 -48 160.0 0 0 1 0 1 0 -1 0 0 3009.DAT
0 STEP
1 86 500.0 -1728 130.0 -1 0 0 0 1 0 0 0 -1 3010.DAT
0 STEP
1 86 470.0 -1728 200.0 0 0 1 0 1 0 -1 0 0 3009.DAT
0 STEP
1 86 470.0 0 200.0 0 0 1 0 1 0 -1 0 0 3004.DAT
0 STEP
1 86 500.0 0 240.0 -1 0 0 0 1 0 0 0 -1 3001.DAT
0 STEP
1 86 500.0 -1752 230.0 -1 0 0 0 1 0 0 0 -1 3010.DAT
0 STEP
1 86 500.0 -48 250.0 -1 0 0 0 1 0 0 0 -1 3010.DAT
0 STEP
1 86 500.0 -1752 260.0 -1 0 0 0 1 0 0 0 -1 3001.DAT
0 STEP
1 86 470.0 -24 280.0 0 0 1 0 1 0 -1 0 0 3004.DAT
0 STEP
1 86 470.0 -1728 270.0 0 0 1 0 1 0 -1 0 0 3005.DAT
0 STEP
1 86 470.0 -1728 320.0 0 0 1 0 1 0 -1 0 0 3010.DAT
0 STEP
1 86 500.0 -1752 290.0 -1 0 0 0 1 0 0 0 -1 3010.DAT
0 STEP
1 86 500.0 -1728 380.0 -1 0 0 0 1 0 0 0 -1 3001.DAT
0 STEP
1 86 500.0 -24 400.0 -1 0 0 0 1 0 0 0 -1 3001.DAT
0 STEP
1 86 480.0 -1704 420.0 0 0 1 0 1 0 -1 0 0 3001.DAT
0 STEP
1 86 470.0 -960 430.0 0 0 1 0 1 0 -1 0 0 3622.DAT
0 STEP
1 86 470.0 -1008 430.0 0 0 1 0 1 0 -1 0 0 3622.DAT
0 STEP
1 86 470.0 -1104 430.0 0 0 1 0 1 0 -1 0 0 3622.DAT
0 STEP
1 86 480.0 -1152 430.0 0 0 1 0 1 0 -1 0 0 3002.DAT
0 STEP
1 86 480.0 -1248 430.0 0 0 1 0 1 0 -1 0 0 3002.DAT
0 STEP
1 86 500.0 -1272 410.0 -1 0 0 0 1 0 0 0 -1 3010.DAT
0 STEP
1 86 470.0 -1344 410.0 0 0 1 0 1 0 -1 0 0 3005.DAT
0 STEP
1 86 470.0 -1488 410.0 0 0 1 0 1 0 -1 0 0 3005.DAT
0 STEP
1 86 500.0 -1512 410.0 -1 0 0 0 1 0 0 0 -1 3010.DAT
0 STEP
1 86 470.0 -1584 430.0 0 0 1 0 1 0 -1 0 0 3622.DAT
0 STEP
1 86 480.0 -1656 430.0 0 0 1 0 1 0 -1 0 0 3002.DAT
0 STEP
1 86 500.0 -1728 410.0 -1 0 0 0 1 0 0 0 -1 3010.DAT
0 STEP
1 86 470.0 -912 440.0 0 0 1 0 1 0 -1 0 0 3004.DAT
0 STEP
1 86 500.0 -1320 440.0 -1 0 0 0 1 0 0 0 -1 3001.DAT
0 STEP
1 86 500.0 -1512 440.0 -1 0 0 0 1 0 0 0 -1 3001.DAT
0 STEP
1 86 500.0 0 500.0 -1 0 0 0 1 0 0 0 -1 3001.DAT
0 STEP
1 86 470.0 -48 520.0 0 0 1 0 1 0 -1 0 0 3010.DAT
0 STEP
1 86 500.0 0 540.0 -1 0 0 0 1 0 0 0 -1 3001.DAT
0 STEP
1 86 470.0 0 610.0 0 0 1 0 1 0 -1 0 0 3005.DAT
0 STEP
1 86 470.0 -912 640.0 0 0 1 0 1 0 -1 0 0 3010.DAT
0 STEP
1 86 470.0 0 660.0 0 0 1 0 1 0 -1 0 0 3010.DAT
0 STEP
1 86 470.0 -120 650.0 0 0 1 0 1 0 -1 0 0 3005.DAT
0 STEP
1 86 500.0 -144 650.0 -1 0 0 0 1 0 0 0 -1 3010.DAT
0 STEP
1 86 470.0 -240 670.0 0 0 1 0 1 0 -1 0 0 3622.DAT
0 STEP
1 86 500.0 -264 660.0 -1 0 0 0 1 0 0 0 -1 3001.DAT
0 STEP
1 86 470.0 -408 670.0 0 0 1 0 1 0 -1 0 0 3622.DAT
0 STEP
1 86 500.0 -504 660.0 -1 0 0 0 1 0 0 0 -1 3001.DAT
0 STEP
1 86 480.0 -528 670.0 0 0 1 0 1 0 -1 0 0 3002.DAT
0 STEP
1 86 470.0 -576 650.0 0 0 1 0 1 0 -1 0 0 3005.DAT
0 STEP
1 86 470.0 -672 670.0 0 0 1 0 1 0 -1 0 0 3622.DAT
0 STEP
1 86 500.0 -696 660.0 -1 0 0 0 1 0 0 0 -1 3001.DAT
0 STEP
1 86 470.0 -816 670.0 0 0 1 0 1 0 -1 0 0 3622.DAT
0 STEP
1 86 480.0 -864 670.0 0 0 1 0 1 0 -1 0 0 3002.DAT
0 STEP
1 86 470.0 -72 670.0 0 0 1 0 1 0 -1 0 0 3005.DAT
0 STEP
1 86 500.0 -144 680.0 -1 0 0 0 1 0 0 0 -1 3001.DAT
0 STEP
1 86 500.0 -576 680.0 -1 0 0 0 1 0 0 0 -1 3001.DAT
0 STEP
1 86 470.0 -120 690.0 0 0 1 0 1 0 -1 0 0 3005.DAT
0 STEP
1 86 470.0 -168 690.0 0 0 1 0 1 0 -1 0 0 3005.DAT
0 STEP
1 86 500.0 -312 690.0 -1 0 0 0 1 0 0 0 -1 3010.DAT
0 STEP
1 86 500.0 -384 690.0 -1 0 0 0 1 0 0 0 -1 3010.DAT
0 STEP
1 86 500.0 -456 690.0 -1 0 0 0 1 0 0 0 -1 3010.DAT
0 STEP
1 86 500.0 -504 690.0 -1 0 0 0 1 0 0 0 -1 3010.DAT
0 STEP
1 86 490.0 -24 40.0 0 0 1 0 1 0 -1 0 0 3010.DAT
0 STEP
1 86 560.0 -216 10.0 -1 0 0 0 1 0 0 0 -1 3008.DAT
0 STEP
1 86 560.0 -264 10.0 -1 0 0 0 1 0 0 0 -1 3008.DAT
0 STEP
1 86 490.0 -288 30.0 0 0 1 0 1 0 -1 0 0 3622.DAT
0 STEP
1 86 500.0 -336 30.0 0 0 1 0 1 0 -1 0 0 3002.DAT
0 STEP
1 86 540.0 -408 10.0 -1 0 0 0 1 0 0 0 -1 3009.DAT
0 STEP
1 86 500.0 -432 30.0 0 0 1 0 1 0 -1 0 0 3002.DAT
0 STEP
1 86 560.0 -456 10.0 -1 0 0 0 1 0 0 0 -1 3008.DAT
0 STEP
1 86 560.0 -552 10.0 -1 0 0 0 1 0 0 0 -1 3008.DAT
0 STEP
1 86 500.0 -624 30.0 0 0 1 0 1 0 -1 0 0 3002.DAT
0 STEP
1 86 490.0 -672 30.0 0 0 1 0 1 0 -1 0 0 3622.DAT
0 STEP
1 86 520.0 -720 10.0 -1 0 0 0 1 0 0 0 -1 3010.DAT
0 STEP
1 86 490.0 -816 10.0 0 0 1 0 1 0 -1 0 0 3005.DAT
0 STEP
1 86 520.0 -840 10.0 -1 0 0 0 1 0 0 0 -1 3010.DAT
0 STEP
1 86 500.0 -864 30.0 0 0 1 0 1 0 -1 0 0 3002.DAT
0 STEP
1 86 500.0 -1200 30.0 0 0 1 0 1 0 -1 0 0 3002.DAT
0 STEP
1 86 560.0 -1368 10.0 -1 0 0 0 1 0 0 0 -1 3008.DAT
0 STEP
1 86 490.0 -1488 30.0 0 0 1 0 1 0 -1 0 0 3622.DAT
0 STEP
1 86 520.0 -1512 20.0 -1 0 0 0 1 0 0 0 -1 3001.DAT
0 STEP
1 86 500.0 -1536 30.0 0 0 1 0 1 0 -1 0 0 3002.DAT
0 STEP
1 86 560.0 -1680 10.0 -1 0 0 0 1 0 0 0 -1 3008.DAT
0 STEP
1 86 490.0 -1752 40.0 0 0 1 0 1 0 -1 0 0 3010.DAT
0 STEP
1 86 500.0 -48 50.0 0 0 1 0 1 0 -1 0 0 3002.DAT
0 STEP
1 86 520.0 -120 30.0 -1 0 0 0 1 0 0 0 -1 3010.DAT
0 STEP
1 86 490.0 -168 30.0 0 0 1 0 1 0 -1 0 0 3005.DAT
0 STEP
1 86 560.0 -408 30.0 -1 0 0 0 1 0 0 0 -1 3008.DAT
0 STEP
1 86 490.0 -720 30.0 0 0 1 0 1 0 -1 0 0 3005.DAT
0 STEP
1 86 490.0 -840 30.0 0 0 1 0 1 0 -1 0 0 3005.DAT
0 STEP
1 86 560.0 -888 30.0 -1 0 0 0 1 0 0 0 -1 3008.DAT
0 STEP
1 86 490.0 -1032 30.0 0 0 1 0 1 0 -1 0 0 3005.DAT
0 STEP
1 86 520.0 -1272 30.0 -1 0 0 0 1 0 0 0 -1 3010.DAT
0 STEP
1 86 490.0 -1416 40.0 0 0 1 0 1 0 -1 0 0 3004.DAT
0 STEP
1 86 520.0 -1560 30.0 -1 0 0 0 1 0 0 0 -1 3010.DAT
0 STEP
1 86 490.0 -576 50.0 0 0 1 0 1 0 -1 0 0 3005.DAT
0 STEP
1 86 540.0 -840 50.0 -1 0 0 0 1 0 0 0 -1 3009.DAT
0 STEP
1 86 490.0 -1080 50.0 0 0 1 0 1 0 -1 0 0 3005.DAT
0 STEP
1 86 490.0 -1248 50.0 0 0 1 0 1 0 -1 0 0 3005.DAT
0 STEP
1 86 490.0 -1512 50.0 0 0 1 0 1 0 -1 0 0 3005.DAT
0 STEP
1 86 490.0 0 140.0 0 0 1 0 1 0 -1 0 0 3008.DAT
0 STEP
1 86 490.0 -1728 80.0 0 0 1 0 1 0 -1 0 0 3004.DAT
0 STEP
1 86 490.0 -48 120.0 0 0 1 0 1 0 -1 0 0 3010.DAT
0 STEP
1 86 500.0 -1752 120.0 0 0 1 0 1 0 -1 0 0 3001.DAT
0 STEP
1 86 490.0 -1704 140.0 0 0 1 0 1 0 -1 0 0 3004.DAT
0 STEP
1 86 540.0 -1728 160.0 -1 0 0 0 1 0 0 0 -1 2456.DAT
0 STEP
1 86 490.0 -48 190.0 0 0 1 0 1 0 -1 0 0 3622.DAT
0 STEP
1 86 500.0 -1728 220.0 0 0 1 0 1 0 -1 0 0 3001.DAT
0 STEP
1 86 490.0 -24 260.0 0 0 1 0 1 0 -1 0 0 3010.DAT
0 STEP
1 86 500.0 -72 240.0 0 0 1 0 1 0 -1 0 0 3003.DAT
0 STEP
1 86 510.0 -96 230.0 -1 0 0 0 1 0 0 0 -1 3622.DAT
0 STEP
1 86 490.0 -120 230.0 0 0 1 0 1 0 -1 0 0 3005.DAT
0 STEP
1 86 500.0 -144 240.0 0 0 1 0 1 0 -1 0 0 3003.DAT
0 STEP
1 86 490.0 -168 260.0 0 0 1 0 1 0 -1 0 0 3010.DAT
0 STEP
1 86 510.0 -192 240.0 -1 0 0 0 1 0 0 0 -1 3002.DAT
0 STEP
1 86 490.0 -216 260.0 0 0 1 0 1 0 -1 0 0 3010.DAT
0 STEP
1 86 510.0 -240 240.0 -1 0 0 0 1 0 0 0 -1 3002.DAT
0 STEP
1 86 490.0 -264 280.0 0 0 1 0 1 0 -1 0 0 3009.DAT
0 STEP
1 86 510.0 -288 240.0 -1 0 0 0 1 0 0 0 -1 3002.DAT
0 STEP
1 86 490.0 -312 260.0 0 0 1 0 1 0 -1 0 0 3010.DAT
0 STEP
1 86 490.0 -336 230.0 0 0 1 0 1 0 -1 0 0 3005.DAT
0 STEP
1 86 500.0 -360 260.0 0 0 1 0 1 0 -1 0 0 3001.DAT
0 STEP
1 86 510.0 -384 240.0 -1 0 0 0 1 0 0 0 -1 3002.DAT
0 STEP
1 86 490.0 -408 230.0 0 0 1 0 1 0 -1 0 0 3005.DAT
0 STEP
1 86 500.0 -432 260.0 0 0 1 0 1 0 -1 0 0 3001.DAT
0 STEP
1 86 490.0 -456 230.0 0 0 1 0 1 0 -1 0 0 3005.DAT
0 STEP
1 86 490.0 -480 250.0 0 0 1 0 1 0 -1 0 0 3622.DAT
0 STEP
1 86 510.0 -504 230.0 -1 0 0 0 1 0 0 0 -1 3622.DAT
0 STEP
1 86 490.0 -528 230.0 0 0 1 0 1 0 -1 0 0 3005.DAT
0 STEP
1 86 490.0 -552 260.0 0 0 1 0 1 0 -1 0 0 3010.DAT
0 STEP
1 86 500.0 -576 230.0 -1 0 0 0 1 0 0 0 -1 3004.DAT
0 STEP
1 86 490.0 -600 260.0 0 0 1 0 1 0 -1 0 0 3010.DAT
0 STEP
1 86 510.0 -624 240.0 -1 0 0 0 1 0 0 0 -1 3002.DAT
0 STEP
1 86 490.0 -648 260.0 0 0 1 0 1 0 -1 0 0 3010.DAT
0 STEP
1 86 490.0 -672 250.0 0 0 1 0 1 0 -1 0 0 3622.DAT
0 STEP
1 86 510.0 -696 230.0 -1 0 0 0 1 0 0 0 -1 3622.DAT
0 STEP
1 86 500.0 -720 240.0 0 0 1 0 1 0 -1 0 0 3003.DAT
0 STEP
1 86 490.0 -744 250.0 0 0 1 0 1 0 -1 0 0 3622.DAT
0 STEP
1 86 490.0 -768 250.0 0 0 1 0 1 0 -1 0 0 3622.DAT
0 STEP
1 86 510.0 -792 230.0 -1 0 0 0 1 0 0 0 -1 3622.DAT
0 STEP
1 86 490.0 -816 230.0 0 0 1 0 1 0 -1 0 0 3005.DAT
0 STEP
1 86 490.0 -840 260.0 0 0 1 0 1 0 -1 0 0 3010.DAT
0 STEP
1 86 490.0 -936 230.0 0 0 1 0 1 0 -1 0 0 3005.DAT
0 STEP
1 86 490.0 -960 260.0 0 0 1 0 1 0 -1 0 0 3010.DAT
0 STEP
1 86 500.0 -984 250.0 0 0 1 0 1 0 -1 0 0 3002.DAT
0 STEP
1 86 500.0 -1008 230.0 -1 0 0 0 1 0 0 0 -1 3004.DAT
0 STEP
1 86 490.0 -1032 260.0 0 0 1 0 1 0 -1 0 0 3010.DAT
0 STEP
1 86 510.0 -1056 230.0 -1 0 0 0 1 0 0 0 -1 3622.DAT
0 STEP
1 86 490.0 -1080 260.0 0 0 1 0 1 0 -1 0 0 3010.DAT
0 STEP
1 86 510.0 -1104 230.0 -1 0 0 0 1 0 0 0 -1 3622.DAT
0 STEP
1 86 490.0 -1128 250.0 0 0 1 0 1 0 -1 0 0 3622.DAT
0 STEP
1 86 510.0 -1152 240.0 -1 0 0 0 1 0 0 0 -1 3002.DAT
0 STEP
1 86 490.0 -1176 230.0 0 0 1 0 1 0 -1 0 0 3005.DAT
0 STEP
1 86 500.0 -1200 260.0 0 0 1 0 1 0 -1 0 0 3001.DAT
0 STEP
1 86 510.0 -1224 230.0 -1 0 0 0 1 0 0 0 -1 3622.DAT
0 STEP
1 86 490.0 -1248 230.0 0 0 1 0 1 0 -1 0 0 3005.DAT
0 STEP
1 86 500.0 -1272 260.0 0 0 1 0 1 0 -1 0 0 3001.DAT
0 STEP
1 86 490.0 -1296 230.0 0 0 1 0 1 0 -1 0 0 3005.DAT
0 STEP
1 86 490.0 -1320 260.0 0 0 1 0 1 0 -1 0 0 3010.DAT
0 STEP
1 86 510.0 -1344 230.0 -1 0 0 0 1 0 0 0 -1 3622.DAT
0 STEP
1 86 490.0 -1368 260.0 0 0 1 0 1 0 -1 0 0 3010.DAT
0 STEP
1 86 510.0 -1392 240.0 -1 0 0 0 1 0 0 0 -1 3002.DAT
0 STEP
1 86 490.0 -1416 250.0 0 0 1 0 1 0 -1 0 0 3622.DAT
0 STEP
1 86 510.0 -1440 230.0 -1 0 0 0 1 0 0 0 -1 3622.DAT
0 STEP
1 86 490.0 -1464 230.0 0 0 1 0 1 0 -1 0 0 3005.DAT
0 STEP
1 86 500.0 -1488 250.0 0 0 1 0 1 0 -1 0 0 3002.DAT
0 STEP
1 86 490.0 -1512 230.0 0 0 1 0 1 0 -1 0 0 3005.DAT
0 STEP
1 86 500.0 -1536 260.0 0 0 1 0 1 0 -1 0 0 3001.DAT
0 STEP
1 86 510.0 -1560 240.0 -1 0 0 0 1 0 0 0 -1 3002.DAT
0 STEP
1 86 490.0 -1584 230.0 0 0 1 0 1 0 -1 0 0 3005.DAT
0 STEP
1 86 510.0 -1608 240.0 -1 0 0 0 1 0 0 0 -1 3002.DAT
0 STEP
1 86 490.0 -1632 260.0 0 0 1 0 1 0 -1 0 0 3010.DAT
0 STEP
1 86 510.0 -1656 230.0 -1 0 0 0 1 0 0 0 -1 3622.DAT
0 STEP
1 86 490.0 -1680 230.0 0 0 1 0 1 0 -1 0 0 3005.DAT
0 STEP
1 86 490.0 -96 250.0 0 0 1 0 1 0 -1 0 0 3005.DAT
0 STEP
1 86 510.0 -120 260.0 -1 0 0 0 1 0 0 0 -1 3002.DAT
0 STEP
1 86 510.0 -336 250.0 -1 0 0 0 1 0 0 0 -1 3622.DAT
0 STEP
1 86 490.0 -408 280.0 0 0 1 0 1 0 -1 0 0 3010.DAT
0 STEP
1 86 510.0 -456 260.0 -1 0 0 0 1 0 0 0 -1 3002.DAT
0 STEP
1 86 490.0 -504 280.0 0 0 1 0 1 0 -1 0 0 3010.DAT
0 STEP
1 86 510.0 -528 250.0 -1 0 0 0 1 0 0 0 -1 3622.DAT
0 STEP
1 86 510.0 -576 260.0 -1 0 0 0 1 0 0 0 -1 3002.DAT
0 STEP
1 86 500.0 -696 280.0 0 0 1 0 1 0 -1 0 0 3001.DAT
0 STEP
1 86 490.0 -792 280.0 0 0 1 0 1 0 -1 0 0 3010.DAT
0 STEP
1 86 510.0 -816 250.0 -1 0 0 0 1 0 0 0 -1 3622.DAT
0 STEP
1 86 500.0 -936 250.0 -1 0 0 0 1 0 0 0 -1 3004.DAT
0 STEP
1 86 500.0 -1008 280.0 0 0 1 0 1 0 -1 0 0 3001.DAT
0 STEP
1 86 510.0 -1056 260.0 -1 0 0 0 1 0 0 0 -1 3002.DAT
0 STEP
1 86 510.0 -1104 260.0 -1 0 0 0 1 0 0 0 -1 3002.DAT
0 STEP
1 86 490.0 -1176 320.0 0 0 1 0 1 0 -1 0 0 3008.DAT
0 STEP
1 86 490.0 -1224 300.0 0 0 1 0 1 0 -1 0 0 3009.DAT
0 STEP
1 86 510.0 -1248 260.0 -1 0 0 0 1 0 0 0 -1 3002.DAT
0 STEP
1 86 510.0 -1296 250.0 -1 0 0 0 1 0 0 0 -1 3622.DAT
0 STEP
1 86 500.0 -1344 250.0 -1 0 0 0 1 0 0 0 -1 3004.DAT
0 STEP
1 86 500.0 -1440 270.0 0 0 1 0 1 0 -1 0 0 3002.DAT
0 STEP
1 86 510.0 -1464 260.0 -1 0 0 0 1 0 0 0 -1 3002.DAT
0 STEP
1 86 510.0 -1512 250.0 -1 0 0 0 1 0 0 0 -1 3622.DAT
0 STEP
1 86 490.0 -1584 280.0 0 0 1 0 1 0 -1 0 0 3010.DAT
0 STEP
1 86 500.0 -1656 270.0 0 0 1 0 1 0 -1 0 0 3002.DAT
0 STEP
1 86 510.0 -1680 250.0 -1 0 0 0 1 0 0 0 -1 3622.DAT
0 STEP
1 86 510.0 -72 270.0 -1 0 0 0 1 0 0 0 -1 3622.DAT
0 STEP
1 86 490.0 -96 320.0 0 0 1 0 1 0 -1 0 0 3009.DAT
0 STEP
1 86 490.0 -144 300.0 0 0 1 0 1 0 -1 0 0 3010.DAT
0 STEP
1 86 510.0 -192 280.0 -1 0 0 0 1 0 0 0 -1 3002.DAT
0 STEP
1 86 510.0 -240 280.0 -1 0 0 0 1 0 0 0 -1 3002.DAT
0 STEP
1 86 500.0 -288 340.0 0 0 1 0 1 0 -1 0 0 3007.DAT
0 STEP
1 86 500.0 -336 270.0 -1 0 0 0 1 0 0 0 -1 3004.DAT
0 STEP
1 86 510.0 -384 280.0 -1 0 0 0 1 0 0 0 -1 3002.DAT
0 STEP
1 86 500.0 -528 300.0 0 0 1 0 1 0 -1 0 0 3001.DAT
0 STEP
1 86 510.0 -624 270.0 -1 0 0 0 1 0 0 0 -1 3622.DAT
0 STEP
1 86 510.0 -720 270.0 -1 0 0 0 1 0 0 0 -1 3622.DAT
0 STEP
1 86 510.0 -816 280.0 -1 0 0 0 1 0 0 0 -1 3002.DAT
0 STEP
1 86 500.0 -936 300.0 0 0 1 0 1 0 -1 0 0 3001.DAT
0 STEP
1 86 510.0 -1152 280.0 -1 0 0 0 1 0 0 0 -1 3002.DAT
0 STEP
1 86 500.0 -1296 300.0 0 0 1 0 1 0 -1 0 0 3001.DAT
0 STEP
1 86 490.0 -1344 270.0 0 0 1 0 1 0 -1 0 0 3005.DAT
0 STEP
1 86 500.0 -1392 290.0 0 0 1 0 1 0 -1 0 0 3002.DAT
0 STEP
1 86 500.0 -1512 300.0 0 0 1 0 1 0 -1 0 0 3001.DAT
0 STEP
1 86 510.0 -1560 280.0 -1 0 0 0 1 0 0 0 -1 3002.DAT
0 STEP
1 86 510.0 -1608 280.0 -1 0 0 0 1 0 0 0 -1 3002.DAT
0 STEP
1 86 500.0 -1680 300.0 0 0 1 0 1 0 -1 0 0 3001.DAT
0 STEP
1 86 490.0 -1728 300.0 0 0 1 0 1 0 -1 0 0 3010.DAT
0 STEP
1 86 500.0 0 290.0 -1 0 0 0 1 0 0 0 -1 3004.DAT
0 STEP
1 86 490.0 -48 360.0 0 0 1 0 1 0 -1 0 0 3008.DAT
0 STEP
1 86 510.0 -72 300.0 -1 0 0 0 1 0 0 0 -1 3002.DAT
0 STEP
1 86 510.0 -120 300.0 -1 0 0 0 1 0 0 0 -1 3002.DAT
0 STEP
1 86 500.0 -336 340.0 0 0 1 0 1 0 -1 0 0 2456.DAT
0 STEP
1 86 490.0 -456 360.0 0 0 1 0 1 0 -1 0 0 3008.DAT
0 STEP
1 86 500.0 -480 290.0 -1 0 0 0 1 0 0 0 -1 3004.DAT
0 STEP
1 86 500.0 -576 320.0 0 0 1 0 1 0 -1 0 0 3001.DAT
0 STEP
1 86 490.0 -624 360.0 0 0 1 0 1 0 -1 0 0 3008.DAT
0 STEP
1 86 510.0 -672 290.0 -1 0 0 0 1 0 0 0 -1 3622.DAT
0 STEP
1 86 490.0 -720 290.0 0 0 1 0 1 0 -1 0 0 3005.DAT
0 STEP
1 86 510.0 -744 300.0 -1 0 0 0 1 0 0 0 -1 3002.DAT
0 STEP
1 86 490.0 -768 360.0 0 0 1 0 1 0 -1 0 0 3008.DAT
0 STEP
1 86 490.0 -984 290.0 0 0 1 0 1 0 -1 0 0 3005.DAT
0 STEP
1 86 500.0 -1056 320.0 0 0 1 0 1 0 -1 0 0 3001.DAT
0 STEP
1 86 490.0 -1104 310.0 0 0 1 0 1 0 -1 0 0 3622.DAT
0 STEP
1 86 500.0 -1128 300.0 0 0 1 0 1 0 -1 0 0 3003.DAT
0 STEP
1 86 510.0 -1248 300.0 -1 0 0 0 1 0 0 0 -1 3002.DAT
0 STEP
1 86 490.0 -1344 320.0 0 0 1 0 1 0 -1 0 0 3010.DAT
0 STEP
1 86 510.0 -1416 290.0 -1 0 0 0 1 0 0 0 -1 3622.DAT
0 STEP
1 86 490.0 -1464 320.0 0 0 1 0 1 0 -1 0 0 3010.DAT
0 STEP
1 86 500.0 -1488 300.0 0 0 1 0 1 0 -1 0 0 3003.DAT
0 STEP
1 86 490.0 0 310.0 0 0 1 0 1 0 -1 0 0 3005.DAT
0 STEP
1 86 510.0 -168 320.0 -1 0 0 0 1 0 0 0 -1 3002.DAT
0 STEP
1 86 490.0 -192 310.0 0 0 1 0 1 0 -1 0 0 3005.DAT
0 STEP
1 86 510.0 -216 320.0 -1 0 0 0 1 0 0 0 -1 3002.DAT
0 STEP
1 86 510.0 -240 310.0 -1 0 0 0 1 0 0 0 -1 3622.DAT
0 STEP
1 86 510.0 -312 320.0 -1 0 0 0 1 0 0 0 -1 3002.DAT
0 STEP
1 86 510.0 -360 320.0 -1 0 0 0 1 0 0 0 -1 3002.DAT
0 STEP
1 86 490.0 -384 340.0 0 0 1 0 1 0 -1 0 0 3010.DAT
0 STEP
1 86 510.0 -432 320.0 -1 0 0 0 1 0 0 0 -1 3002.DAT
0 STEP
1 86 510.0 -480 320.0 -1 0 0 0 1 0 0 0 -1 3002.DAT
0 STEP
1 86 490.0 -552 310.0 0 0 1 0 1 0 -1 0 0 3005.DAT
0 STEP
1 86 490.0 -600 310.0 0 0 1 0 1 0 -1 0 0 3005.DAT
0 STEP
1 86 490.0 -648 310.0 0 0 1 0 1 0 -1 0 0 3005.DAT
0 STEP
1 86 490.0 -672 340.0 0 0 1 0 1 0 -1 0 0 3010.DAT
0 STEP
1 86 490.0 -720 360.0 0 0 1 0 1 0 -1 0 0 3009.DAT
0 STEP
1 86 490.0 -816 340.0 0 0 1 0 1 0 -1 0 0 3010.DAT
0 STEP
1 86 490.0 -840 310.0 0 0 1 0 1 0 -1 0 0 3005.DAT
0 STEP
1 86 510.0 -960 320.0 -1 0 0 0 1 0 0 0 -1 3002.DAT
0 STEP
1 86 490.0 -984 340.0 0 0 1 0 1 0 -1 0 0 3010.DAT
0 STEP
1 86 510.0 -1032 320.0 -1 0 0 0 1 0 0 0 -1 3002.DAT
0 STEP
1 86 510.0 -1080 310.0 -1 0 0 0 1 0 0 0 -1 3622.DAT
0 STEP
1 86 500.0 -1152 330.0 0 0 1 0 1 0 -1 0 0 3002.DAT
0 STEP
1 86 510.0 -1200 320.0 -1 0 0 0 1 0 0 0 -1 3002.DAT
0 STEP
1 86 500.0 -1272 310.0 -1 0 0 0 1 0 0 0 -1 3004.DAT
0 STEP
1 86 510.0 -1320 310.0 -1 0 0 0 1 0 0 0 -1 3622.DAT
0 STEP
1 86 500.0 -1368 310.0 -1 0 0 0 1 0 0 0 -1 3004.DAT
0 STEP
1 86 490.0 -1416 340.0 0 0 1 0 1 0 -1 0 0 3010.DAT
0 STEP
1 86 510.0 -1440 310.0 -1 0 0 0 1 0 0 0 -1 3622.DAT
0 STEP
1 86 490.0 -1536 310.0 0 0 1 0 1 0 -1 0 0 3005.DAT
0 STEP
1 86 490.0 -1560 340.0 0 0 1 0 1 0 -1 0 0 3010.DAT
0 STEP
1 86 500.0 -1608 340.0 0 0 1 0 1 0 -1 0 0 3001.DAT
0 STEP
1 86 510.0 -1632 320.0 -1 0 0 0 1 0 0 0 -1 3002.DAT
0 STEP
1 86 490.0 -1656 310.0 0 0 1 0 1 0 -1 0 0 3005.DAT
0 STEP
1 86 490.0 0 360.0 0 0 1 0 1 0 -1 0 0 3010.DAT
0 STEP
1 86 510.0 -72 340.0 -1 0 0 0 1 0 0 0 -1 3002.DAT
0 STEP
1 86 510.0 -120 330.0 -1 0 0 0 1 0 0 0 -1 3622.DAT
0 STEP
1 86 490.0 -192 360.0 0 0 1 0 1 0 -1 0 0 3010.DAT
0 STEP
1 86 500.0 -240 360.0 0 0 1 0 1 0 -1 0 0 3001.DAT
0 STEP
1 86 500.0 -408 340.0 0 0 1 0 1 0 -1 0 0 3003.DAT
0 STEP
1 86 500.0 -504 360.0 0 0 1 0 1 0 -1 0 0 3001.DAT
0 STEP
1 86 500.0 -552 360.0 0 0 1 0 1 0 -1 0 0 3001.DAT
0 STEP
1 86 500.0 -600 360.0 0 0 1 0 1 0 -1 0 0 3001.DAT
0 STEP
1 86 510.0 -648 340.0 -1 0 0 0 1 0 0 0 -1 3002.DAT
0 STEP
1 86 510.0 -696 340.0 -1 0 0 0 1 0 0 0 -1 3002.DAT
0 STEP
1 86 510.0 -744 330.0 -1 0 0 0 1 0 0 0 -1 3622.DAT
0 STEP
1 86 510.0 -792 330.0 -1 0 0 0 1 0 0 0 -1 3622.DAT
0 STEP
1 86 510.0 -840 330.0 -1 0 0 0 1 0 0 0 -1 3622.DAT
0 STEP
1 86 490.0 -1008 330.0 0 0 1 0 1 0 -1 0 0 3005.DAT
0 STEP
1 86 490.0 -1080 360.0 0 0 1 0 1 0 -1 0 0 3010.DAT
0 STEP
1 86 490.0 -1128 360.0 0 0 1 0 1 0 -1 0 0 3010.DAT
0 STEP
1 86 510.0 -1248 340.0 -1 0 0 0 1 0 0 0 -1 3002.DAT
0 STEP
1 86 500.0 -1272 360.0 0 0 1 0 1 0 -1 0 0 3001.DAT
0 STEP
1 86 490.0 -1320 360.0 0 0 1 0 1 0 -1 0 0 3010.DAT
0 STEP
1 86 490.0 -1368 330.0 0 0 1 0 1 0 -1 0 0 3005.DAT
0 STEP
1 86 510.0 -1392 340.0 -1 0 0 0 1 0 0 0 -1 3002.DAT
0 STEP
1 86 490.0 -1440 360.0 0 0 1 0 1 0 -1 0 0 3010.DAT
0 STEP
1 86 510.0 -1488 330.0 -1 0 0 0 1 0 0 0 -1 3622.DAT
0 STEP
1 86 490.0 -1536 380.0 0 0 1 0 1 0 -1 0 0 3009.DAT
0 STEP
1 86 510.0 -1584 330.0 -1 0 0 0 1 0 0 0 -1 3622.DAT
0 STEP
1 86 490.0 -1656 360.0 0 0 1 0 1 0 -1 0 0 3010.DAT
0 STEP
1 86 490.0 -120 420.0 0 0 1 0 1 0 -1 0 0 3008.DAT
0 STEP
1 86 490.0 -144 350.0 0 0 1 0 1 0 -1 0 0 3005.DAT
0 STEP
1 86 490.0 -168 350.0 0 0 1 0 1 0 -1 0 0 3005.DAT
0 STEP
1 86 510.0 -216 350.0 -1 0 0 0 1 0 0 0 -1 3622.DAT
0 STEP
1 86 510.0 -264 360.0 -1 0 0 0 1 0 0 0 -1 3002.DAT
0 STEP
1 86 510.0 -312 360.0 -1 0 0 0 1 0 0 0 -1 3002.DAT
0 STEP
1 86 510.0 -360 360.0 -1 0 0 0 1 0 0 0 -1 3002.DAT
0 STEP
1 86 510.0 -432 360.0 -1 0 0 0 1 0 0 0 -1 3002.DAT
0 STEP
1 86 510.0 -480 360.0 -1 0 0 0 1 0 0 0 -1 3002.DAT
0 STEP
1 86 510.0 -528 360.0 -1 0 0 0 1 0 0 0 -1 3002.DAT
0 STEP
1 86 510.0 -744 360.0 -1 0 0 0 1 0 0 0 -1 3002.DAT
0 STEP
1 86 500.0 -792 420.0 0 0 1 0 1 0 -1 0 0 3007.DAT
0 STEP
1 86 500.0 -840 380.0 0 0 1 0 1 0 -1 0 0 3001.DAT
0 STEP
1 86 500.0 -936 370.0 0 0 1 0 1 0 -1 0 0 3002.DAT
0 STEP
1 86 510.0 -960 360.0 -1 0 0 0 1 0 0 0 -1 3002.DAT
0 STEP
1 86 490.0 -1008 400.0 0 0 1 0 1 0 -1 0 0 3009.DAT
0 STEP
1 86 490.0 -1032 380.0 0 0 1 0 1 0 -1 0 0 3010.DAT
0 STEP
1 86 510.0 -1104 360.0 -1 0 0 0 1 0 0 0 -1 3002.DAT
0 STEP
1 86 510.0 -1200 360.0 -1 0 0 0 1 0 0 0 -1 3002.DAT
0 STEP
1 86 510.0 -1296 350.0 -1 0 0 0 1 0 0 0 -1 3622.DAT
0 STEP
1 86 490.0 -1368 380.0 0 0 1 0 1 0 -1 0 0 3010.DAT
0 STEP
1 86 500.0 -1488 380.0 0 0 1 0 1 0 -1 0 0 3001.DAT
0 STEP
1 86 510.0 -1512 360.0 -1 0 0 0 1 0 0 0 -1 3002.DAT
0 STEP
1 86 490.0 -1584 400.0 0 0 1 0 1 0 -1 0 0 3009.DAT
0 STEP
1 86 500.0 -1632 350.0 -1 0 0 0 1 0 0 0 -1 3004.DAT
0 STEP
1 86 510.0 -1680 350.0 -1 0 0 0 1 0 0 0 -1 3622.DAT
0 STEP
1 86 490.0 -1728 350.0 0 0 1 0 1 0 -1 0 0 3005.DAT
0 STEP
1 86 490.0 -1752 360.0 0 0 1 0 1 0 -1 0 0 3004.DAT
0 STEP
1 86 510.0 -72 380.0 -1 0 0 0 1 0 0 0 -1 3002.DAT
0 STEP
1 86 500.0 -144 380.0 0 0 1 0 1 0 -1 0 0 3003.DAT
0 STEP
1 86 490.0 -168 440.0 0 0 1 0 1 0 -1 0 0 3008.DAT
0 STEP
1 86 490.0 -216 420.0 0 0 1 0 1 0 -1 0 0 3009.DAT
0 STEP
1 86 500.0 -408 390.0 0 0 1 0 1 0 -1 0 0 3002.DAT
0 STEP
1 86 510.0 -576 370.0 -1 0 0 0 1 0 0 0 -1 3622.DAT
0 STEP
1 86 510.0 -648 380.0 -1 0 0 0 1 0 0 0 -1 3002.DAT
0 STEP
1 86 510.0 -696 380.0 -1 0 0 0 1 0 0 0 -1 3002.DAT
0 STEP
1 86 510.0 -1056 370.0 -1 0 0 0 1 0 0 0 -1 3622.DAT
0 STEP
1 86 510.0 -1152 380.0 -1 0 0 0 1 0 0 0 -1 3002.DAT
0 STEP
1 86 510.0 -1224 380.0 -1 0 0 0 1 0 0 0 -1 3002.DAT
0 STEP
1 86 500.0 -1248 370.0 -1 0 0 0 1 0 0 0 -1 3004.DAT
0 STEP
1 86 510.0 -1296 380.0 -1 0 0 0 1 0 0 0 -1 3002.DAT
0 STEP
1 86 510.0 -1344 370.0 -1 0 0 0 1 0 0 0 -1 3622.DAT
0 STEP
1 86 500.0 -1392 370.0 -1 0 0 0 1 0 0 0 -1 3004.DAT
0 STEP
1 86 490.0 -1464 370.0 0 0 1 0 1 0 -1 0 0 3005.DAT
0 STEP
1 86 500.0 -1632 400.0 0 0 1 0 1 0 -1 0 0 3001.DAT
0 STEP
1 86 510.0 -1680 380.0 -1 0 0 0 1 0 0 0 -1 3002.DAT
0 STEP
1 86 490.0 -96 390.0 0 0 1 0 1 0 -1 0 0 3005.DAT
0 STEP
1 86 500.0 -264 440.0 0 0 1 0 1 0 -1 0 0 2456.DAT
0 STEP
1 86 510.0 -312 400.0 -1 0 0 0 1 0 0 0 -1 3002.DAT
0 STEP
1 86 500.0 -360 420.0 0 0 1 0 1 0 -1 0 0 3001.DAT
0 STEP
1 86 510.0 -384 400.0 -1 0 0 0 1 0 0 0 -1 3002.DAT
0 STEP
1 86 510.0 -432 390.0 -1 0 0 0 1 0 0 0 -1 3622.DAT
0 STEP
1 86 510.0 -480 400.0 -1 0 0 0 1 0 0 0 -1 3002.DAT
0 STEP
1 86 500.0 -528 440.0 0 0 1 0 1 0 -1 0 0 2456.DAT
0 STEP
1 86 490.0 -576 410.0 0 0 1 0 1 0 -1 0 0 3622.DAT
0 STEP
1 86 490.0 -672 410.0 0 0 1 0 1 0 -1 0 0 3622.DAT
0 STEP
1 86 510.0 -744 400.0 -1 0 0 0 1 0 0 0 -1 3002.DAT
0 STEP
1 86 510.0 -816 400.0 -1 0 0 0 1 0 0 0 -1 3002.DAT
0 STEP
1 86 490.0 -960 420.0 0 0 1 0 1 0 -1 0 0 3010.DAT
0 STEP
1 86 500.0 -984 400.0 0 0 1 0 1 0 -1 0 0 3003.DAT
0 STEP
1 86 490.0 -1056 420.0 0 0 1 0 1 0 -1 0 0 3010.DAT
0 STEP
1 86 500.0 -1104 420.0 0 0 1 0 1 0 -1 0 0 3001.DAT
0 STEP
1 86 490.0 -1200 420.0 0 0 1 0 1 0 -1 0 0 3010.DAT
0 STEP
1 86 490.0 -1248 390.0 0 0 1 0 1 0 -1 0 0 3005.DAT
0 STEP
1 86 500.0 -1344 420.0 0 0 1 0 1 0 -1 0 0 3001.DAT
0 STEP
1 86 500.0 -1392 420.0 0 0 1 0 1 0 -1 0 0 3001.DAT
0 STEP
1 86 510.0 -1416 400.0 -1 0 0 0 1 0 0 0 -1 3002.DAT
0 STEP
1 86 490.0 -1464 420.0 0 0 1 0 1 0 -1 0 0 3010.DAT
0 STEP
1 86 510.0 -1512 390.0 -1 0 0 0 1 0 0 0 -1 3622.DAT
0 STEP
1 86 490.0 -1560 390.0 0 0 1 0 1 0 -1 0 0 3005.DAT
0 STEP
1 86 510.0 -1608 390.0 -1 0 0 0 1 0 0 0 -1 3622.DAT
0 STEP
1 86 500.0 -1752 420.0 0 0 1 0 1 0 -1 0 0 3001.DAT
0 STEP
1 86 490.0 0 410.0 0 0 1 0 1 0 -1 0 0 3005.DAT
0 STEP
1 86 490.0 -72 480.0 0 0 1 0 1 0 -1 0 0 3008.DAT
0 STEP
1 86 510.0 -96 420.0 -1 0 0 0 1 0 0 0 -1 3002.DAT
0 STEP
1 86 510.0 -144 410.0 -1 0 0 0 1 0 0 0 -1 3622.DAT
0 STEP
1 86 510.0 -192 410.0 -1 0 0 0 1 0 0 0 -1 3622.DAT
0 STEP
1 86 510.0 -240 420.0 -1 0 0 0 1 0 0 0 -1 3002.DAT
0 STEP
1 86 500.0 -336 410.0 -1 0 0 0 1 0 0 0 -1 3004.DAT
0 STEP
1 86 490.0 -432 410.0 0 0 1 0 1 0 -1 0 0 3005.DAT
0 STEP
1 86 510.0 -504 420.0 -1 0 0 0 1 0 0 0 -1 3002.DAT
0 STEP
1 86 510.0 -552 420.0 -1 0 0 0 1 0 0 0 -1 3002.DAT
0 STEP
1 86 510.0 -600 410.0 -1 0 0 0 1 0 0 0 -1 3622.DAT
0 STEP
1 86 510.0 -648 410.0 -1 0 0 0 1 0 0 0 -1 3622.DAT
0 STEP
1 86 510.0 -696 410.0 -1 0 0 0 1 0 0 0 -1 3622.DAT
0 STEP
1 86 490.0 -1296 430.0 0 0 1 0 1 0 -1 0 0 3622.DAT
0 STEP
1 86 490.0 -1440 410.0 0 0 1 0 1 0 -1 0 0 3005.DAT
0 STEP
1 86 500.0 -24 460.0 0 0 1 0 1 0 -1 0 0 3001.DAT
0 STEP
1 86 510.0 -144 440.0 -1 0 0 0 1 0 0 0 -1 3002.DAT
0 STEP
1 86 510.0 -192 440.0 -1 0 0 0 1 0 0 0 -1 3002.DAT
0 STEP
1 86 510.0 -288 430.0 -1 0 0 0 1 0 0 0 -1 3622.DAT
0 STEP
1 86 490.0 -312 480.0 0 0 1 0 1 0 -1 0 0 3009.DAT
0 STEP
1 86 510.0 -336 440.0 -1 0 0 0 1 0 0 0 -1 3002.DAT
0 STEP
1 86 500.0 -384 460.0 0 0 1 0 1 0 -1 0 0 3001.DAT
0 STEP
1 86 510.0 -408 440.0 -1 0 0 0 1 0 0 0 -1 3002.DAT
0 STEP
1 86 490.0 -432 460.0 0 0 1 0 1 0 -1 0 0 3010.DAT
0 STEP
1 86 500.0 -480 460.0 0 0 1 0 1 0 -1 0 0 3001.DAT
0 STEP
1 86 510.0 -600 440.0 -1 0 0 0 1 0 0 0 -1 3002.DAT
0 STEP
1 86 490.0 -648 480.0 0 0 1 0 1 0 -1 0 0 3009.DAT
0 STEP
1 86 490.0 -696 480.0 0 0 1 0 1 0 -1 0 0 3009.DAT
0 STEP
1 86 510.0 -720 440.0 -1 0 0 0 1 0 0 0 -1 3002.DAT
0 STEP
1 86 490.0 -744 460.0 0 0 1 0 1 0 -1 0 0 3010.DAT
0 STEP
1 86 510.0 -816 440.0 -1 0 0 0 1 0 0 0 -1 3002.DAT
0 STEP
1 86 500.0 -840 430.0 -1 0 0 0 1 0 0 0 -1 3004.DAT
0 STEP
1 86 490.0 -912 480.0 0 0 1 0 1 0 -1 0 0 3009.DAT
0 STEP
1 86 510.0 -1368 440.0 -1 0 0 0 1 0 0 0 -1 3002.DAT
0 STEP
1 86 510.0 -1416 440.0 -1 0 0 0 1 0 0 0 -1 3002.DAT
0 STEP
1 86 510.0 -48 450.0 -1 0 0 0 1 0 0 0 -1 3622.DAT
0 STEP
1 86 510.0 -96 460.0 -1 0 0 0 1 0 0 0 -1 3002.DAT
0 STEP
1 86 510.0 -240 460.0 -1 0 0 0 1 0 0 0 -1 3002.DAT
0 STEP
1 86 510.0 -288 460.0 -1 0 0 0 1 0 0 0 -1 3002.DAT
0 STEP
1 86 510.0 -456 450.0 -1 0 0 0 1 0 0 0 -1 3622.DAT
0 STEP
1 86 490.0 -504 450.0 0 0 1 0 1 0 -1 0 0 3005.DAT
0 STEP
1 86 510.0 -552 460.0 -1 0 0 0 1 0 0 0 -1 3002.DAT
0 STEP
1 86 490.0 -576 480.0 0 0 1 0 1 0 -1 0 0 3010.DAT
0 STEP
1 86 490.0 -624 450.0 0 0 1 0 1 0 -1 0 0 3005.DAT
0 STEP
1 86 500.0 -672 460.0 0 0 1 0 1 0 -1 0 0 3003.DAT
0 STEP
1 86 500.0 -768 450.0 -1 0 0 0 1 0 0 0 -1 3004.DAT
0 STEP
1 86 500.0 -840 540.0 0 0 1 0 1 0 -1 0 0 3006.DAT
0 STEP
1 86 510.0 -1536 450.0 -1 0 0 0 1 0 0 0 -1 3622.DAT
0 STEP
1 86 510.0 -1728 450.0 -1 0 0 0 1 0 0 0 -1 3622.DAT
0 STEP
1 86 510.0 -48 480.0 -1 0 0 0 1 0 0 0 -1 3002.DAT
0 STEP
1 86 510.0 -144 470.0 -1 0 0 0 1 0 0 0 -1 3622.DAT
0 STEP
1 86 500.0 -192 480.0 0 0 1 0 1 0 -1 0 0 3003.DAT
0 STEP
1 86 510.0 -336 480.0 -1 0 0 0 1 0 0 0 -1 3002.DAT
0 STEP
1 86 500.0 -360 470.0 -1 0 0 0 1 0 0 0 -1 3004.DAT
0 STEP
1 86 510.0 -408 480.0 -1 0 0 0 1 0 0 0 -1 3002.DAT
0 STEP
1 86 510.0 -456 480.0 -1 0 0 0 1 0 0 0 -1 3002.DAT
0 STEP
1 86 490.0 -504 540.0 0 0 1 0 1 0 -1 0 0 3008.DAT
0 STEP
1 86 500.0 -600 500.0 0 0 1 0 1 0 -1 0 0 3001.DAT
0 STEP
1 86 510.0 -624 480.0 -1 0 0 0 1 0 0 0 -1 3002.DAT
0 STEP
1 86 510.0 -720 480.0 -1 0 0 0 1 0 0 0 -1 3002.DAT
0 STEP
1 86 490.0 -768 500.0 0 0 1 0 1 0 -1 0 0 3010.DAT
0 STEP
1 86 490.0 -816 470.0 0 0 1 0 1 0 -1 0 0 3005.DAT
0 STEP
1 86 510.0 -96 500.0 -1 0 0 0 1 0 0 0 -1 3002.DAT
0 STEP
1 86 500.0 -144 540.0 0 0 1 0 1 0 -1 0 0 2456.DAT
0 STEP
1 86 510.0 -216 500.0 -1 0 0 0 1 0 0 0 -1 3002.DAT
0 STEP
1 86 490.0 -240 510.0 0 0 1 0 1 0 -1 0 0 3622.DAT
0 STEP
1 86 510.0 -288 500.0 -1 0 0 0 1 0 0 0 -1 3002.DAT
0 STEP
1 86 490.0 -360 490.0 0 0 1 0 1 0 -1 0 0 3005.DAT
0 STEP
1 86 490.0 -552 490.0 0 0 1 0 1 0 -1 0 0 3005.DAT
0 STEP
1 86 510.0 -672 500.0 -1 0 0 0 1 0 0 0 -1 3002.DAT
0 STEP
1 86 490.0 -816 520.0 0 0 1 0 1 0 -1 0 0 3010.DAT
0 STEP
1 86 510.0 -48 510.0 -1 0 0 0 1 0 0 0 -1 3622.DAT
0 STEP
1 86 510.0 -120 510.0 -1 0 0 0 1 0 0 0 -1 3622.DAT
0 STEP
1 86 490.0 -192 510.0 0 0 1 0 1 0 -1 0 0 3005.DAT
0 STEP
1 86 510.0 -264 510.0 -1 0 0 0 1 0 0 0 -1 3622.DAT
0 STEP
1 86 510.0 -336 510.0 -1 0 0 0 1 0 0 0 -1 3622.DAT
0 STEP
1 86 490.0 -360 580.0 0 0 1 0 1 0 -1 0 0 3008.DAT
0 STEP
1 86 510.0 -384 520.0 -1 0 0 0 1 0 0 0 -1 3002.DAT
0 STEP
1 86 490.0 -408 510.0 0 0 1 0 1 0 -1 0 0 3005.DAT
0 STEP
1 86 510.0 -432 520.0 -1 0 0 0 1 0 0 0 -1 3002.DAT
0 STEP
1 86 490.0 -456 510.0 0 0 1 0 1 0 -1 0 0 3005.DAT
0 STEP
1 86 510.0 -480 520.0 -1 0 0 0 1 0 0 0 -1 3002.DAT
0 STEP
1 86 510.0 -528 520.0 -1 0 0 0 1 0 0 0 -1 3002.DAT
0 STEP
1 86 490.0 -552 540.0 0 0 1 0 1 0 -1 0 0 3010.DAT
0 STEP
1 86 510.0 -624 510.0 -1 0 0 0 1 0 0 0 -1 3622.DAT
0 STEP
1 86 500.0 -720 530.0 0 0 1 0 1 0 -1 0 0 3002.DAT
0 STEP
1 86 510.0 -744 510.0 -1 0 0 0 1 0 0 0 -1 3622.DAT
0 STEP
1 86 510.0 -792 510.0 -1 0 0 0 1 0 0 0 -1 3622.DAT
0 STEP
1 86 490.0 -888 530.0 0 0 1 0 1 0 -1 0 0 3622.DAT
0 STEP
1 86 490.0 -48 540.0 0 0 1 0 1 0 -1 0 0 3004.DAT
0 STEP
1 86 490.0 -96 560.0 0 0 1 0 1 0 -1 0 0 3010.DAT
0 STEP
1 86 510.0 -120 540.0 -1 0 0 0 1 0 0 0 -1 3002.DAT
0 STEP
1 86 510.0 -168 530.0 -1 0 0 0 1 0 0 0 -1 3622.DAT
0 STEP
1 86 490.0 -192 560.0 0 0 1 0 1 0 -1 0 0 3010.DAT
0 STEP
1 86 510.0 -216 530.0 -1 0 0 0 1 0 0 0 -1 3622.DAT
0 STEP
1 86 500.0 -264 580.0 0 0 1 0 1 0 -1 0 0 2456.DAT
0 STEP
1 86 510.0 -288 540.0 -1 0 0 0 1 0 0 0 -1 3002.DAT
0 STEP
1 86 510.0 -336 540.0 -1 0 0 0 1 0 0 0 -1 3002.DAT
0 STEP
1 86 490.0 -408 580.0 0 0 1 0 1 0 -1 0 0 3009.DAT
0 STEP
1 86 490.0 -456 580.0 0 0 1 0 1 0 -1 0 0 3009.DAT
0 STEP
1 86 510.0 -576 530.0 -1 0 0 0 1 0 0 0 -1 3622.DAT
0 STEP
1 86 500.0 -624 600.0 0 0 1 0 1 0 -1 0 0 3007.DAT
0 STEP
1 86 490.0 -672 560.0 0 0 1 0 1 0 -1 0 0 3010.DAT
0 STEP
1 86 490.0 -744 580.0 0 0 1 0 1 0 -1 0 0 3009.DAT
0 STEP
1 86 510.0 -792 540.0 -1 0 0 0 1 0 0 0 -1 3002.DAT
0 STEP
1 86 510.0 -168 560.0 -1 0 0 0 1 0 0 0 -1 3002.DAT
0 STEP
1 86 500.0 -216 580.0 0 0 1 0 1 0 -1 0 0 3001.DAT
0 STEP
1 86 510.0 -240 560.0 -1 0 0 0 1 0 0 0 -1 3002.DAT
0 STEP
1 86 490.0 -312 550.0 0 0 1 0 1 0 -1 0 0 3005.DAT
0 STEP
1 86 510.0 -384 550.0 -1 0 0 0 1 0 0 0 -1 3622.DAT
0 STEP
1 86 510.0 -432 560.0 -1 0 0 0 1 0 0 0 -1 3002.DAT
0 STEP
1 86 510.0 -480 560.0 -1 0 0 0 1 0 0 0 -1 3002.DAT
0 STEP
1 86 510.0 -528 560.0 -1 0 0 0 1 0 0 0 -1 3002.DAT
0 STEP
1 86 500.0 -576 600.0 0 0 1 0 1 0 -1 0 0 2456.DAT
0 STEP
1 86 510.0 -600 560.0 -1 0 0 0 1 0 0 0 -1 3002.DAT
0 STEP
1 86 510.0 -648 560.0 -1 0 0 0 1 0 0 0 -1 3002.DAT
0 STEP
1 86 510.0 -696 550.0 -1 0 0 0 1 0 0 0 -1 3622.DAT
0 STEP
1 86 490.0 -768 550.0 0 0 1 0 1 0 -1 0 0 3005.DAT
0 STEP
1 86 490.0 -24 570.0 0 0 1 0 1 0 -1 0 0 3005.DAT
0 STEP
1 86 510.0 -72 570.0 -1 0 0 0 1 0 0 0 -1 3622.DAT
0 STEP
1 86 510.0 -120 570.0 -1 0 0 0 1 0 0 0 -1 3622.DAT
0 STEP
1 86 510.0 -288 580.0 -1 0 0 0 1 0 0 0 -1 3002.DAT
0 STEP
1 86 490.0 -312 600.0 0 0 1 0 1 0 -1 0 0 3010.DAT
0 STEP
1 86 510.0 -336 580.0 -1 0 0 0 1 0 0 0 -1 3002.DAT
0 STEP
1 86 510.0 -384 580.0 -1 0 0 0 1 0 0 0 -1 3002.DAT
0 STEP
1 86 490.0 -696 600.0 0 0 1 0 1 0 -1 0 0 3010.DAT
0 STEP
1 86 510.0 -720 580.0 -1 0 0 0 1 0 0 0 -1 3002.DAT
0 STEP
1 86 510.0 -768 580.0 -1 0 0 0 1 0 0 0 -1 3002.DAT
0 STEP
1 86 490.0 -792 590.0 0 0 1 0 1 0 -1 0 0 3622.DAT
0 STEP
1 86 510.0 -816 580.0 -1 0 0 0 1 0 0 0 -1 3002.DAT
0 STEP
1 86 520.0 -888 570.0 -1 0 0 0 1 0 0 0 -1 3010.DAT
0 STEP
1 86 510.0 -24 590.0 -1 0 0 0 1 0 0 0 -1 3622.DAT
0 STEP
1 86 500.0 -72 590.0 -1 0 0 0 1 0 0 0 -1 3004.DAT
0 STEP
1 86 490.0 -120 640.0 0 0 1 0 1 0 -1 0 0 3009.DAT
0 STEP
1 86 500.0 -168 620.0 0 0 1 0 1 0 -1 0 0 3001.DAT
0 STEP
1 86 510.0 -240 600.0 -1 0 0 0 1 0 0 0 -1 3002.DAT
0 STEP
1 86 510.0 -432 600.0 -1 0 0 0 1 0 0 0 -1 3002.DAT
0 STEP
1 86 510.0 -480 600.0 -1 0 0 0 1 0 0 0 -1 3002.DAT
0 STEP
1 86 490.0 -528 610.0 0 0 1 0 1 0 -1 0 0 3622.DAT
0 STEP
1 86 510.0 -552 600.0 -1 0 0 0 1 0 0 0 -1 3002.DAT
0 STEP
1 86 510.0 -600 590.0 -1 0 0 0 1 0 0 0 -1 3622.DAT
0 STEP
1 86 510.0 -648 590.0 -1 0 0 0 1 0 0 0 -1 3622.DAT
0 STEP
1 86 500.0 -888 620.0 0 0 1 0 1 0 -1 0 0 3001.DAT
0 STEP
1 86 490.0 0 630.0 0 0 1 0 1 0 -1 0 0 3622.DAT
0 STEP
1 86 500.0 -24 640.0 0 0 1 0 1 0 -1 0 0 3001.DAT
0 STEP
1 86 490.0 -72 640.0 0 0 1 0 1 0 -1 0 0 3010.DAT
0 STEP
1 86 510.0 -96 610.0 -1 0 0 0 1 0 0 0 -1 3622.DAT
0 STEP
1 86 510.0 -144 620.0 -1 0 0 0 1 0 0 0 -1 3002.DAT
0 STEP
1 86 510.0 -192 610.0 -1 0 0 0 1 0 0 0 -1 3622.DAT
0 STEP
1 86 490.0 -288 610.0 0 0 1 0 1 0 -1 0 0 3005.DAT
0 STEP
1 86 510.0 -336 620.0 -1 0 0 0 1 0 0 0 -1 3002.DAT
0 STEP
1 86 510.0 -384 610.0 -1 0 0 0 1 0 0 0 -1 3622.DAT
0 STEP
1 86 510.0 -600 620.0 -1 0 0 0 1 0 0 0 -1 3002.DAT
0 STEP
1 86 510.0 -648 620.0 -1 0 0 0 1 0 0 0 -1 3002.DAT
0 STEP
1 86 490.0 -672 610.0 0 0 1 0 1 0 -1 0 0 3005.DAT
0 STEP
1 86 510.0 -720 610.0 -1 0 0 0 1 0 0 0 -1 3622.DAT
0 STEP
1 86 490.0 -768 610.0 0 0 1 0 1 0 -1 0 0 3005.DAT
0 STEP
1 86 500.0 -816 640.0 0 0 1 0 1 0 -1 0 0 3001.DAT
0 STEP
1 86 490.0 -912 610.0 0 0 1 0 1 0 -1 0 0 3005.DAT
0 STEP
1 86 500.0 -96 640.0 0 0 1 0 1 0 -1 0 0 3003.DAT
0 STEP
1 86 490.0 -192 660.0 0 0 1 0 1 0 -1 0 0 3010.DAT
0 STEP
1 86 510.0 -216 630.0 -1 0 0 0 1 0 0 0 -1 3622.DAT
0 STEP
1 86 500.0 -240 660.0 0 0 1 0 1 0 -1 0 0 3001.DAT
0 STEP
1 86 490.0 -288 660.0 0 0 1 0 1 0 -1 0 0 3010.DAT
0 STEP
1 86 510.0 -384 640.0 -1 0 0 0 1 0 0 0 -1 3002.DAT
0 STEP
1 86 510.0 -432 630.0 -1 0 0 0 1 0 0 0 -1 3622.DAT
0 STEP
1 86 500.0 -480 660.0 0 0 1 0 1 0 -1 0 0 3001.DAT
0 STEP
1 86 510.0 -504 630.0 -1 0 0 0 1 0 0 0 -1 3622.DAT
0 STEP
1 86 510.0 -552 630.0 -1 0 0 0 1 0 0 0 -1 3622.DAT
0 STEP
1 86 490.0 -672 660.0 0 0 1 0 1 0 -1 0 0 3010.DAT
0 STEP
1 86 490.0 -720 660.0 0 0 1 0 1 0 -1 0 0 3010.DAT
0 STEP
1 86 490.0 -768 660.0 0 0 1 0 1 0 -1 0 0 3010.DAT
0 STEP
1 86 510.0 -792 630.0 -1 0 0 0 1 0 0 0 -1 3622.DAT
0 STEP
1 86 500.0 -912 660.0 0 0 1 0 1 0 -1 0 0 3001.DAT
0 STEP
1 86 490.0 -408 650.0 0 0 1 0 1 0 -1 0 0 3005.DAT
0 STEP
1 86 510.0 0 680.0 -1 0 0 0 1 0 0 0 -1 3002.DAT
0 STEP
1 86 490.0 -168 680.0 0 0 1 0 1 0 -1 0 0 3004.DAT
0 STEP
1 86 510.0 -360 680.0 -1 0 0 0 1 0 0 0 -1 3002.DAT
0 STEP
1 86 500.0 -408 680.0 0 0 1 0 1 0 -1 0 0 3003.DAT
0 STEP
1 86 500.0 -624 690.0 -1 0 0 0 1 0 0 0 -1 3004.DAT
0 STEP
1 86 510.0 -816 690.0 -1 0 0 0 1 0 0 0 -1 3622.DAT
0 STEP
1 86 520.0 -24 40.0 0 0 1 0 1 0 -1 0 0 3001.DAT
0 STEP
1 86 580.0 -48 10.0 -1 0 0 0 1 0 0 0 -1 3008.DAT
0 STEP
1 86 520.0 -96 30.0 0 0 1 0 1 0 -1 0 0 3002.DAT
0 STEP
1 86 520.0 -144 30.0 0 0 1 0 1 0 -1 0 0 3002.DAT
0 STEP
1 86 520.0 -192 30.0 0 0 1 0 1 0 -1 0 0 3002.DAT
0 STEP
1 86 540.0 -240 20.0 -1 0 0 0 1 0 0 0 -1 3001.DAT
0 STEP
1 86 520.0 -288 30.0 0 0 1 0 1 0 -1 0 0 3002.DAT
0 STEP
1 86 520.0 -384 30.0 0 0 1 0 1 0 -1 0 0 3002.DAT
0 STEP
1 86 580.0 -504 10.0 -1 0 0 0 1 0 0 0 -1 3008.DAT
0 STEP
1 86 520.0 -576 30.0 0 0 1 0 1 0 -1 0 0 3002.DAT
0 STEP
1 86 520.0 -672 30.0 0 0 1 0 1 0 -1 0 0 3002.DAT
0 STEP
1 86 510.0 -696 10.0 0 0 1 0 1 0 -1 0 0 3005.DAT
0 STEP
1 86 510.0 -744 30.0 0 0 1 0 1 0 -1 0 0 3622.DAT
0 STEP
1 86 520.0 -816 30.0 0 0 1 0 1 0 -1 0 0 3002.DAT
0 STEP
1 86 510.0 -912 30.0 0 0 1 0 1 0 -1 0 0 3622.DAT
0 STEP
1 86 560.0 -960 10.0 -1 0 0 0 1 0 0 0 -1 3009.DAT
0 STEP
1 86 540.0 -1056 20.0 -1 0 0 0 1 0 0 0 -1 3001.DAT
0 STEP
1 86 540.0 -1152 10.0 -1 0 0 0 1 0 0 0 -1 3010.DAT
0 STEP
1 86 510.0 -1248 30.0 0 0 1 0 1 0 -1 0 0 3622.DAT
0 STEP
1 86 520.0 -1296 30.0 0 0 1 0 1 0 -1 0 0 3002.DAT
0 STEP
1 86 510.0 -1344 30.0 0 0 1 0 1 0 -1 0 0 3622.DAT
0 STEP
1 86 520.0 -1392 30.0 0 0 1 0 1 0 -1 0 0 3002.DAT
0 STEP
1 86 520.0 -1488 30.0 0 0 1 0 1 0 -1 0 0 3002.DAT
0 STEP
1 86 510.0 -1608 30.0 0 0 1 0 1 0 -1 0 0 3622.DAT
0 STEP
1 86 520.0 -1656 30.0 0 0 1 0 1 0 -1 0 0 3002.DAT
0 STEP
1 86 510.0 -1704 60.0 0 0 1 0 1 0 -1 0 0 3009.DAT
0 STEP
1 86 560.0 -1752 10.0 -1 0 0 0 1 0 0 0 -1 3009.DAT
0 STEP
1 86 540.0 -168 40.0 -1 0 0 0 1 0 0 0 -1 3001.DAT
0 STEP
1 86 580.0 -360 30.0 -1 0 0 0 1 0 0 0 -1 3008.DAT
0 STEP
1 86 510.0 -456 30.0 0 0 1 0 1 0 -1 0 0 3005.DAT
0 STEP
1 86 510.0 -504 40.0 0 0 1 0 1 0 -1 0 0 3004.DAT
0 STEP
1 86 600.0 -720 40.0 -1 0 0 0 1 0 0 0 -1 3006.DAT
0 STEP
1 86 540.0 -840 30.0 -1 0 0 0 1 0 0 0 -1 3010.DAT
0 STEP
1 86 510.0 -960 30.0 0 0 1 0 1 0 -1 0 0 3005.DAT
0 STEP
1 86 520.0 -1032 40.0 0 0 1 0 1 0 -1 0 0 3003.DAT
0 STEP
1 86 540.0 -1152 40.0 -1 0 0 0 1 0 0 0 -1 3001.DAT
0 STEP
1 86 560.0 -1368 30.0 -1 0 0 0 1 0 0 0 -1 3009.DAT
0 STEP
1 86 540.0 -1416 40.0 -1 0 0 0 1 0 0 0 -1 3001.DAT
0 STEP
1 86 520.0 -1752 50.0 0 0 1 0 1 0 -1 0 0 3002.DAT
0 STEP
1 86 530.0 -216 50.0 -1 0 0 0 1 0 0 0 -1 3622.DAT
0 STEP
1 86 540.0 -240 50.0 -1 0 0 0 1 0 0 0 -1 3010.DAT
0 STEP
1 86 560.0 -960 50.0 -1 0 0 0 1 0 0 0 -1 3009.DAT
0 STEP
1 86 510.0 -1056 50.0 0 0 1 0 1 0 -1 0 0 3005.DAT
0 STEP
1 86 580.0 -1080 50.0 -1 0 0 0 1 0 0 0 -1 3008.DAT
0 STEP
1 86 540.0 -1512 50.0 -1 0 0 0 1 0 0 0 -1 3010.DAT
0 STEP
1 86 510.0 0 100.0 0 0 1 0 1 0 -1 0 0 3010.DAT
0 STEP
1 86 540.0 -1728 80.0 -1 0 0 0 1 0 0 0 -1 3001.DAT
0 STEP
1 86 510.0 -48 100.0 0 0 1 0 1 0 -1 0 0 3004.DAT
0 STEP
1 86 540.0 -48 130.0 -1 0 0 0 1 0 0 0 -1 3010.DAT
0 STEP
1 86 510.0 -1704 160.0 0 0 1 0 1 0 -1 0 0 3010.DAT
0 STEP
1 86 540.0 0 150.0 -1 0 0 0 1 0 0 0 -1 3010.DAT
0 STEP
1 86 510.0 -48 180.0 0 0 1 0 1 0 -1 0 0 3010.DAT
0 STEP
1 86 520.0 0 190.0 0 0 1 0 1 0 -1 0 0 3002.DAT
0 STEP
1 86 510.0 -1752 180.0 0 0 1 0 1 0 -1 0 0 3004.DAT
0 STEP
1 86 510.0 -72 210.0 0 0 1 0 1 0 -1 0 0 3005.DAT
0 STEP
1 86 540.0 -96 210.0 -1 0 0 0 1 0 0 0 -1 3010.DAT
0 STEP
1 86 510.0 -120 220.0 0 0 1 0 1 0 -1 0 0 3004.DAT
0 STEP
1 86 510.0 -144 210.0 0 0 1 0 1 0 -1 0 0 3005.DAT
0 STEP
1 86 510.0 -168 240.0 0 0 1 0 1 0 -1 0 0 3010.DAT
0 STEP
1 86 510.0 -192 210.0 0 0 1 0 1 0 -1 0 0 3005.DAT
0 STEP
1 86 510.0 -216 240.0 0 0 1 0 1 0 -1 0 0 3010.DAT
0 STEP
1 86 520.0 -240 210.0 -1 0 0 0 1 0 0 0 -1 3004.DAT
0 STEP
1 86 520.0 -264 240.0 0 0 1 0 1 0 -1 0 0 3001.DAT
0 STEP
1 86 510.0 -288 210.0 0 0 1 0 1 0 -1 0 0 3005.DAT
0 STEP
1 86 540.0 -312 210.0 -1 0 0 0 1 0 0 0 -1 3010.DAT
0 STEP
1 86 510.0 -336 220.0 0 0 1 0 1 0 -1 0 0 3004.DAT
0 STEP
1 86 520.0 -360 210.0 -1 0 0 0 1 0 0 0 -1 3004.DAT
0 STEP
1 86 580.0 -384 210.0 -1 0 0 0 1 0 0 0 -1 3008.DAT
0 STEP
1 86 510.0 -408 260.0 0 0 1 0 1 0 -1 0 0 3009.DAT
0 STEP
1 86 540.0 -432 210.0 -1 0 0 0 1 0 0 0 -1 3010.DAT
0 STEP
1 86 510.0 -456 220.0 0 0 1 0 1 0 -1 0 0 3004.DAT
0 STEP
1 86 510.0 -480 240.0 0 0 1 0 1 0 -1 0 0 3010.DAT
0 STEP
1 86 520.0 -504 210.0 -1 0 0 0 1 0 0 0 -1 3004.DAT
0 STEP
1 86 520.0 -528 220.0 0 0 1 0 1 0 -1 0 0 3003.DAT
0 STEP
1 86 520.0 -552 260.0 0 0 1 0 1 0 -1 0 0 2456.DAT
0 STEP
1 86 510.0 -576 210.0 0 0 1 0 1 0 -1 0 0 3005.DAT
0 STEP
1 86 520.0 -600 260.0 0 0 1 0 1 0 -1 0 0 2456.DAT
0 STEP
1 86 510.0 -624 210.0 0 0 1 0 1 0 -1 0 0 3005.DAT
0 STEP
1 86 560.0 -648 210.0 -1 0 0 0 1 0 0 0 -1 3009.DAT
0 STEP
1 86 510.0 -672 240.0 0 0 1 0 1 0 -1 0 0 3010.DAT
0 STEP
1 86 580.0 -696 210.0 -1 0 0 0 1 0 0 0 -1 3008.DAT
0 STEP
1 86 510.0 -720 210.0 0 0 1 0 1 0 -1 0 0 3005.DAT
0 STEP
1 86 520.0 -744 240.0 0 0 1 0 1 0 -1 0 0 3001.DAT
0 STEP
1 86 510.0 -768 210.0 0 0 1 0 1 0 -1 0 0 3005.DAT
0 STEP
1 86 560.0 -792 210.0 -1 0 0 0 1 0 0 0 -1 3009.DAT
0 STEP
1 86 510.0 -816 220.0 0 0 1 0 1 0 -1 0 0 3004.DAT
0 STEP
1 86 540.0 -840 210.0 -1 0 0 0 1 0 0 0 -1 3010.DAT
0 STEP
1 86 510.0 -936 220.0 0 0 1 0 1 0 -1 0 0 3004.DAT
0 STEP
1 86 510.0 -960 240.0 0 0 1 0 1 0 -1 0 0 3010.DAT
0 STEP
1 86 510.0 -984 210.0 0 0 1 0 1 0 -1 0 0 3005.DAT
0 STEP
1 86 530.0 -1008 210.0 -1 0 0 0 1 0 0 0 -1 3622.DAT
0 STEP
1 86 510.0 -1032 240.0 0 0 1 0 1 0 -1 0 0 3010.DAT
0 STEP
1 86 510.0 -1056 210.0 0 0 1 0 1 0 -1 0 0 3005.DAT
0 STEP
1 86 510.0 -1080 240.0 0 0 1 0 1 0 -1 0 0 3010.DAT
0 STEP
1 86 540.0 -1104 210.0 -1 0 0 0 1 0 0 0 -1 3010.DAT
0 STEP
1 86 510.0 -1128 240.0 0 0 1 0 1 0 -1 0 0 3010.DAT
0 STEP
1 86 540.0 -1152 210.0 -1 0 0 0 1 0 0 0 -1 3010.DAT
0 STEP
1 86 510.0 -1176 240.0 0 0 1 0 1 0 -1 0 0 3010.DAT
0 STEP
1 86 510.0 -1200 210.0 0 0 1 0 1 0 -1 0 0 3005.DAT
0 STEP
1 86 540.0 -1224 210.0 -1 0 0 0 1 0 0 0 -1 3010.DAT
0 STEP
1 86 510.0 -1248 220.0 0 0 1 0 1 0 -1 0 0 3004.DAT
0 STEP
1 86 560.0 -1272 210.0 -1 0 0 0 1 0 0 0 -1 3009.DAT
0 STEP
1 86 520.0 -1296 220.0 0 0 1 0 1 0 -1 0 0 3003.DAT
0 STEP
1 86 510.0 -1320 230.0 0 0 1 0 1 0 -1 0 0 3622.DAT
0 STEP
1 86 580.0 -1344 210.0 -1 0 0 0 1 0 0 0 -1 3008.DAT
0 STEP
1 86 510.0 -1368 240.0 0 0 1 0 1 0 -1 0 0 3010.DAT
0 STEP
1 86 560.0 -1392 210.0 -1 0 0 0 1 0 0 0 -1 3009.DAT
0 STEP
1 86 510.0 -1416 240.0 0 0 1 0 1 0 -1 0 0 3010.DAT
0 STEP
1 86 540.0 -1440 210.0 -1 0 0 0 1 0 0 0 -1 3010.DAT
0 STEP
1 86 510.0 -1464 220.0 0 0 1 0 1 0 -1 0 0 3004.DAT
0 STEP
1 86 580.0 -1488 210.0 -1 0 0 0 1 0 0 0 -1 3008.DAT
0 STEP
1 86 510.0 -1512 220.0 0 0 1 0 1 0 -1 0 0 3004.DAT
0 STEP
1 86 510.0 -1536 210.0 0 0 1 0 1 0 -1 0 0 3005.DAT
0 STEP
1 86 530.0 -1560 210.0 -1 0 0 0 1 0 0 0 -1 3622.DAT
0 STEP
1 86 510.0 -1584 260.0 0 0 1 0 1 0 -1 0 0 3009.DAT
0 STEP
1 86 540.0 -1608 210.0 -1 0 0 0 1 0 0 0 -1 3010.DAT
0 STEP
1 86 510.0 -1632 240.0 0 0 1 0 1 0 -1 0 0 3010.DAT
0 STEP
1 86 540.0 -1656 210.0 -1 0 0 0 1 0 0 0 -1 3010.DAT
0 STEP
1 86 510.0 -1680 220.0 0 0 1 0 1 0 -1 0 0 3004.DAT
0 STEP
1 86 520.0 -24 260.0 0 0 1 0 1 0 -1 0 0 3001.DAT
0 STEP
1 86 520.0 -312 260.0 0 0 1 0 1 0 -1 0 0 3001.DAT
0 STEP
1 86 520.0 -648 230.0 -1 0 0 0 1 0 0 0 -1 3004.DAT
0 STEP
1 86 510.0 -768 260.0 0 0 1 0 1 0 -1 0 0 3010.DAT
0 STEP
1 86 520.0 -840 230.0 -1 0 0 0 1 0 0 0 -1 3004.DAT
0 STEP
1 86 510.0 -864 300.0 0 0 1 0 1 0 -1 0 0 3008.DAT
0 STEP
1 86 510.0 -912 230.0 0 0 1 0 1 0 -1 0 0 3005.DAT
0 STEP
1 86 520.0 -1704 260.0 0 0 1 0 1 0 -1 0 0 3001.DAT
0 STEP
1 86 520.0 -96 320.0 0 0 1 0 1 0 -1 0 0 3007.DAT
0 STEP
1 86 520.0 -504 260.0 0 0 1 0 1 0 -1 0 0 3003.DAT
0 STEP
1 86 520.0 -648 280.0 0 0 1 0 1 0 -1 0 0 3001.DAT
0 STEP
1 86 520.0 -792 280.0 0 0 1 0 1 0 -1 0 0 3001.DAT
0 STEP
1 86 520.0 -840 280.0 0 0 1 0 1 0 -1 0 0 3001.DAT
0 STEP
1 86 540.0 -912 260.0 -1 0 0 0 1 0 0 0 -1 3001.DAT
0 STEP
1 86 520.0 -1224 300.0 0 0 1 0 1 0 -1 0 0 2456.DAT
0 STEP
1 86 510.0 -144 270.0 0 0 1 0 1 0 -1 0 0 3005.DAT
0 STEP
1 86 520.0 -1320 280.0 0 0 1 0 1 0 -1 0 0 3003.DAT
0 STEP
1 86 510.0 -1344 300.0 0 0 1 0 1 0 -1 0 0 3010.DAT
0 STEP
1 86 510.0 -1728 270.0 0 0 1 0 1 0 -1 0 0 3005.DAT
0 STEP
1 86 520.0 -48 360.0 0 0 1 0 1 0 -1 0 0 3007.DAT
0 STEP
1 86 510.0 -144 320.0 0 0 1 0 1 0 -1 0 0 3010.DAT
0 STEP
1 86 520.0 -168 290.0 -1 0 0 0 1 0 0 0 -1 3004.DAT
0 STEP
1 86 510.0 -216 290.0 0 0 1 0 1 0 -1 0 0 3005.DAT
0 STEP
1 86 520.0 -264 310.0 0 0 1 0 1 0 -1 0 0 3002.DAT
0 STEP
1 86 520.0 -456 360.0 0 0 1 0 1 0 -1 0 0 3007.DAT
0 STEP
1 86 510.0 -504 300.0 0 0 1 0 1 0 -1 0 0 3004.DAT
0 STEP
1 86 520.0 -624 290.0 -1 0 0 0 1 0 0 0 -1 3004.DAT
0 STEP
1 86 510.0 -720 320.0 0 0 1 0 1 0 -1 0 0 3010.DAT
0 STEP
1 86 540.0 -912 290.0 -1 0 0 0 1 0 0 0 -1 3010.DAT
0 STEP
1 86 510.0 -960 290.0 0 0 1 0 1 0 -1 0 0 3005.DAT
0 STEP
1 86 510.0 -984 320.0 0 0 1 0 1 0 -1 0 0 3010.DAT
0 STEP
1 86 520.0 -1032 290.0 -1 0 0 0 1 0 0 0 -1 3004.DAT
0 STEP
1 86 510.0 -1080 290.0 0 0 1 0 1 0 -1 0 0 3005.DAT
0 STEP
1 86 520.0 -1104 310.0 0 0 1 0 1 0 -1 0 0 3002.DAT
0 STEP
1 86 510.0 -1176 290.0 0 0 1 0 1 0 -1 0 0 3005.DAT
0 STEP
1 86 520.0 -1368 290.0 -1 0 0 0 1 0 0 0 -1 3004.DAT
0 STEP
1 86 510.0 -1464 290.0 0 0 1 0 1 0 -1 0 0 3005.DAT
0 STEP
1 86 510.0 -1632 290.0 0 0 1 0 1 0 -1 0 0 3005.DAT
0 STEP
1 86 520.0 -1728 320.0 0 0 1 0 1 0 -1 0 0 3001.DAT
0 STEP
1 86 510.0 0 360.0 0 0 1 0 1 0 -1 0 0 3009.DAT
0 STEP
1 86 520.0 -192 340.0 0 0 1 0 1 0 -1 0 0 3001.DAT
0 STEP
1 86 520.0 -384 340.0 0 0 1 0 1 0 -1 0 0 3001.DAT
0 STEP
1 86 520.0 -624 380.0 0 0 1 0 1 0 -1 0 0 3007.DAT
0 STEP
1 86 510.0 -672 360.0 0 0 1 0 1 0 -1 0 0 3009.DAT
0 STEP
1 86 520.0 -768 340.0 0 0 1 0 1 0 -1 0 0 3001.DAT
0 STEP
1 86 520.0 -816 340.0 0 0 1 0 1 0 -1 0 0 3001.DAT
0 STEP
1 86 540.0 -912 320.0 -1 0 0 0 1 0 0 0 -1 3001.DAT
0 STEP
1 86 510.0 -1176 360.0 0 0 1 0 1 0 -1 0 0 3009.DAT
0 STEP
1 86 520.0 -1416 340.0 0 0 1 0 1 0 -1 0 0 3001.DAT
0 STEP
1 86 510.0 -1464 340.0 0 0 1 0 1 0 -1 0 0 3010.DAT
0 STEP
1 86 510.0 -1536 330.0 0 0 1 0 1 0 -1 0 0 3622.DAT
0 STEP
1 86 520.0 -1560 310.0 -1 0 0 0 1 0 0 0 -1 3004.DAT
0 STEP
1 86 510.0 -1656 340.0 0 0 1 0 1 0 -1 0 0 3010.DAT
0 STEP
1 86 510.0 -1704 310.0 0 0 1 0 1 0 -1 0 0 3005.DAT
0 STEP
1 86 510.0 -1752 340.0 0 0 1 0 1 0 -1 0 0 3010.DAT
0 STEP
1 86 510.0 -1008 360.0 0 0 1 0 1 0 -1 0 0 3010.DAT
0 STEP
1 86 520.0 -1080 360.0 0 0 1 0 1 0 -1 0 0 3001.DAT
0 STEP
1 86 520.0 -1128 360.0 0 0 1 0 1 0 -1 0 0 3001.DAT
0 STEP
1 86 520.0 -1320 360.0 0 0 1 0 1 0 -1 0 0 3001.DAT
0 STEP
1 86 510.0 -1368 360.0 0 0 1 0 1 0 -1 0 0 3010.DAT
0 STEP
1 86 520.0 -1440 330.0 -1 0 0 0 1 0 0 0 -1 3004.DAT
0 STEP
1 86 510.0 -1560 360.0 0 0 1 0 1 0 -1 0 0 3010.DAT
0 STEP
1 86 510.0 -1704 380.0 0 0 1 0 1 0 -1 0 0 3009.DAT
0 STEP
1 86 520.0 -120 420.0 0 0 1 0 1 0 -1 0 0 3007.DAT
0 STEP
1 86 520.0 -168 420.0 0 0 1 0 1 0 -1 0 0 3007.DAT
0 STEP
1 86 540.0 -912 360.0 -1 0 0 0 1 0 0 0 -1 3001.DAT
0 STEP
1 86 520.0 -1032 380.0 0 0 1 0 1 0 -1 0 0 3001.DAT
0 STEP
1 86 520.0 -1344 350.0 -1 0 0 0 1 0 0 0 -1 3004.DAT
0 STEP
1 86 510.0 -1440 350.0 0 0 1 0 1 0 -1 0 0 3005.DAT
0 STEP
1 86 520.0 -1584 400.0 0 0 1 0 1 0 -1 0 0 2456.DAT
0 STEP
1 86 520.0 -216 420.0 0 0 1 0 1 0 -1 0 0 2456.DAT
0 STEP
1 86 510.0 -720 390.0 0 0 1 0 1 0 -1 0 0 3622.DAT
0 STEP
1 86 510.0 -984 370.0 0 0 1 0 1 0 -1 0 0 3005.DAT
0 STEP
1 86 510.0 -1440 400.0 0 0 1 0 1 0 -1 0 0 3010.DAT
0 STEP
1 86 520.0 -1536 400.0 0 0 1 0 1 0 -1 0 0 3001.DAT
0 STEP
1 86 520.0 -192 390.0 -1 0 0 0 1 0 0 0 -1 3004.DAT
0 STEP
1 86 520.0 -576 440.0 0 0 1 0 1 0 -1 0 0 2456.DAT
0 STEP
1 86 510.0 -768 410.0 0 0 1 0 1 0 -1 0 0 3622.DAT
0 STEP
1 86 510.0 -864 390.0 0 0 1 0 1 0 -1 0 0 3005.DAT
0 STEP
1 86 510.0 -912 460.0 0 0 1 0 1 0 -1 0 0 3008.DAT
0 STEP
1 86 520.0 -960 420.0 0 0 1 0 1 0 -1 0 0 3001.DAT
0 STEP
1 86 520.0 -1056 420.0 0 0 1 0 1 0 -1 0 0 3001.DAT
0 STEP
1 86 520.0 -1200 420.0 0 0 1 0 1 0 -1 0 0 3001.DAT
0 STEP
1 86 510.0 -1248 420.0 0 0 1 0 1 0 -1 0 0 3010.DAT
0 STEP
1 86 520.0 -1464 420.0 0 0 1 0 1 0 -1 0 0 3001.DAT
0 STEP
1 86 520.0 -1656 420.0 0 0 1 0 1 0 -1 0 0 3001.DAT
0 STEP
1 86 510.0 -72 410.0 0 0 1 0 1 0 -1 0 0 3005.DAT
0 STEP
1 86 520.0 -432 440.0 0 0 1 0 1 0 -1 0 0 3001.DAT
0 STEP
1 86 510.0 -864 440.0 0 0 1 0 1 0 -1 0 0 3010.DAT
0 STEP
1 86 520.0 -1008 430.0 0 0 1 0 1 0 -1 0 0 3002.DAT
0 STEP
1 86 520.0 -1152 430.0 0 0 1 0 1 0 -1 0 0 3002.DAT
0 STEP
1 86 510.0 -1224 410.0 0 0 1 0 1 0 -1 0 0 3005.DAT
0 STEP
1 86 520.0 -1296 430.0 0 0 1 0 1 0 -1 0 0 3002.DAT
0 STEP
1 86 520.0 -1368 410.0 -1 0 0 0 1 0 0 0 -1 3004.DAT
0 STEP
1 86 510.0 -72 480.0 0 0 1 0 1 0 -1 0 0 3009.DAT
0 STEP
1 86 510.0 -312 460.0 0 0 1 0 1 0 -1 0 0 3010.DAT
0 STEP
1 86 520.0 -648 480.0 0 0 1 0 1 0 -1 0 0 2456.DAT
0 STEP
1 86 510.0 -672 430.0 0 0 1 0 1 0 -1 0 0 3005.DAT
0 STEP
1 86 520.0 -696 480.0 0 0 1 0 1 0 -1 0 0 2456.DAT
0 STEP
1 86 520.0 -744 460.0 0 0 1 0 1 0 -1 0 0 3001.DAT
0 STEP
1 86 520.0 -504 520.0 0 0 1 0 1 0 -1 0 0 3007.DAT
0 STEP
1 86 510.0 -1224 450.0 0 0 1 0 1 0 -1 0 0 3005.DAT
0 STEP
1 86 510.0 -1704 450.0 0 0 1 0 1 0 -1 0 0 3005.DAT
0 STEP
1 86 520.0 -768 470.0 -1 0 0 0 1 0 0 0 -1 3004.DAT
0 STEP
1 86 520.0 -816 500.0 0 0 1 0 1 0 -1 0 0 3001.DAT
0 STEP
1 86 520.0 -240 510.0 0 0 1 0 1 0 -1 0 0 3002.DAT
0 STEP
1 86 510.0 -360 560.0 0 0 1 0 1 0 -1 0 0 3008.DAT
0 STEP
1 86 520.0 -432 490.0 -1 0 0 0 1 0 0 0 -1 3004.DAT
0 STEP
1 86 520.0 -552 520.0 0 0 1 0 1 0 -1 0 0 3001.DAT
0 STEP
1 86 520.0 -768 520.0 0 0 1 0 1 0 -1 0 0 3001.DAT
0 STEP
1 86 510.0 -864 490.0 0 0 1 0 1 0 -1 0 0 3005.DAT
0 STEP
1 86 520.0 -168 510.0 -1 0 0 0 1 0 0 0 -1 3004.DAT
0 STEP
1 86 510.0 -192 540.0 0 0 1 0 1 0 -1 0 0 3010.DAT
0 STEP
1 86 510.0 -312 560.0 0 0 1 0 1 0 -1 0 0 3009.DAT
0 STEP
1 86 510.0 -408 580.0 0 0 1 0 1 0 -1 0 0 3008.DAT
0 STEP
1 86 510.0 -456 580.0 0 0 1 0 1 0 -1 0 0 3008.DAT
0 STEP
1 86 520.0 -576 510.0 -1 0 0 0 1 0 0 0 -1 3004.DAT
0 STEP
1 86 510.0 -864 540.0 0 0 1 0 1 0 -1 0 0 3010.DAT
0 STEP
1 86 510.0 -888 520.0 0 0 1 0 1 0 -1 0 0 3004.DAT
0 STEP
1 86 510.0 -24 550.0 0 0 1 0 1 0 -1 0 0 3622.DAT
0 STEP
1 86 520.0 -48 560.0 0 0 1 0 1 0 -1 0 0 3001.DAT
0 STEP
1 86 520.0 -96 560.0 0 0 1 0 1 0 -1 0 0 3001.DAT
0 STEP
1 86 510.0 -672 530.0 0 0 1 0 1 0 -1 0 0 3005.DAT
0 STEP
1 86 520.0 -744 530.0 -1 0 0 0 1 0 0 0 -1 3004.DAT
0 STEP
1 86 510.0 -72 550.0 0 0 1 0 1 0 -1 0 0 3005.DAT
0 STEP
1 86 510.0 -672 620.0 0 0 1 0 1 0 -1 0 0 3008.DAT
0 STEP
1 86 520.0 -744 580.0 0 0 1 0 1 0 -1 0 0 3001.DAT
0 STEP
1 86 520.0 -816 550.0 -1 0 0 0 1 0 0 0 -1 3004.DAT
0 STEP
1 86 530.0 -888 550.0 -1 0 0 0 1 0 0 0 -1 3622.DAT
0 STEP
1 86 520.0 -552 570.0 -1 0 0 0 1 0 0 0 -1 3004.DAT
0 STEP
1 86 520.0 -696 600.0 0 0 1 0 1 0 -1 0 0 3001.DAT
0 STEP
1 86 520.0 -792 590.0 0 0 1 0 1 0 -1 0 0 3002.DAT
0 STEP
1 86 510.0 0 620.0 0 0 1 0 1 0 -1 0 0 3010.DAT
0 STEP
1 86 520.0 -120 640.0 0 0 1 0 1 0 -1 0 0 2456.DAT
0 STEP
1 86 510.0 -192 590.0 0 0 1 0 1 0 -1 0 0 3005.DAT
0 STEP
1 86 520.0 -528 640.0 0 0 1 0 1 0 -1 0 0 2456.DAT
0 STEP
1 86 510.0 -864 590.0 0 0 1 0 1 0 -1 0 0 3005.DAT
0 STEP
1 86 510.0 -72 630.0 0 0 1 0 1 0 -1 0 0 3622.DAT
0 STEP
1 86 520.0 -288 640.0 0 0 1 0 1 0 -1 0 0 3001.DAT
0 STEP
1 86 520.0 -504 610.0 -1 0 0 0 1 0 0 0 -1 3004.DAT
0 STEP
1 86 510.0 -768 640.0 0 0 1 0 1 0 -1 0 0 3010.DAT
0 STEP
1 86 510.0 -864 640.0 0 0 1 0 1 0 -1 0 0 3010.DAT
0 STEP
1 86 540.0 -912 610.0 -1 0 0 0 1 0 0 0 -1 3010.DAT
0 STEP
1 86 520.0 -192 660.0 0 0 1 0 1 0 -1 0 0 3001.DAT
0 STEP
1 86 520.0 -312 630.0 -1 0 0 0 1 0 0 0 -1 3004.DAT
0 STEP
1 86 520.0 -720 660.0 0 0 1 0 1 0 -1 0 0 3001.DAT
0 STEP
1 86 520.0 -744 630.0 -1 0 0 0 1 0 0 0 -1 3004.DAT
0 STEP
1 86 510.0 -216 650.0 0 0 1 0 1 0 -1 0 0 3005.DAT
0 STEP
1 86 520.0 -336 670.0 0 0 1 0 1 0 -1 0 0 3002.DAT
0 STEP
1 86 510.0 -360 650.0 0 0 1 0 1 0 -1 0 0 3005.DAT
0 STEP
1 86 520.0 -432 670.0 0 0 1 0 1 0 -1 0 0 3002.DAT
0 STEP
1 86 520.0 -552 670.0 0 0 1 0 1 0 -1 0 0 3002.DAT
0 STEP
1 86 510.0 -840 670.0 0 0 1 0 1 0 -1 0 0 3622.DAT
0 STEP
1 86 520.0 -72 670.0 -1 0 0 0 1 0 0 0 -1 3004.DAT
0 STEP
1 86 510.0 -168 670.0 0 0 1 0 1 0 -1 0 0 3005.DAT
0 STEP
1 86 520.0 -168 690.0 -1 0 0 0 1 0 0 0 -1 3004.DAT
0 STEP
1 86 520.0 -288 690.0 -1 0 0 0 1 0 0 0 -1 3004.DAT
0 STEP
1 86 510.0 -768 690.0 0 0 1 0 1 0 -1 0 0 3005.DAT
0 STEP
1 86 510.0 -864 690.0 0 0 1 0 1 0 -1 0 0 3005.DAT
0 STEP
1 86 560.0 -336 20.0 -1 0 0 0 1 0 0 0 -1 3001.DAT
0 STEP
1 86 530.0 -432 30.0 0 0 1 0 1 0 -1 0 0 3622.DAT
0 STEP
1 86 540.0 -528 30.0 0 0 1 0 1 0 -1 0 0 3002.DAT
0 STEP
1 86 530.0 -624 30.0 0 0 1 0 1 0 -1 0 0 3622.DAT
0 STEP
1 86 580.0 -648 10.0 -1 0 0 0 1 0 0 0 -1 3009.DAT
0 STEP
1 86 560.0 -696 10.0 -1 0 0 0 1 0 0 0 -1 3010.DAT
0 STEP
1 86 560.0 -744 20.0 -1 0 0 0 1 0 0 0 -1 3001.DAT
0 STEP
1 86 530.0 -768 10.0 0 0 1 0 1 0 -1 0 0 3005.DAT
0 STEP
1 86 540.0 -864 30.0 0 0 1 0 1 0 -1 0 0 3002.DAT
0 STEP
1 86 560.0 -912 10.0 -1 0 0 0 1 0 0 0 -1 3010.DAT
0 STEP
1 86 540.0 -936 30.0 0 0 1 0 1 0 -1 0 0 3002.DAT
0 STEP
1 86 540.0 -984 30.0 0 0 1 0 1 0 -1 0 0 3002.DAT
0 STEP
1 86 530.0 -1032 10.0 0 0 1 0 1 0 -1 0 0 3005.DAT
0 STEP
1 86 530.0 -1080 10.0 0 0 1 0 1 0 -1 0 0 3005.DAT
0 STEP
1 86 550.0 -1104 10.0 -1 0 0 0 1 0 0 0 -1 3622.DAT
0 STEP
1 86 530.0 -1128 30.0 0 0 1 0 1 0 -1 0 0 3622.DAT
0 STEP
1 86 540.0 -1200 30.0 0 0 1 0 1 0 -1 0 0 3002.DAT
0 STEP
1 86 620.0 -1248 20.0 -1 0 0 0 1 0 0 0 -1 3006.DAT
0 STEP
1 86 540.0 -1344 30.0 0 0 1 0 1 0 -1 0 0 3002.DAT
0 STEP
1 86 530.0 -1440 30.0 0 0 1 0 1 0 -1 0 0 3622.DAT
0 STEP
1 86 530.0 -1536 30.0 0 0 1 0 1 0 -1 0 0 3622.DAT
0 STEP
1 86 540.0 -1608 30.0 0 0 1 0 1 0 -1 0 0 3002.DAT
0 STEP
1 86 530.0 -1632 10.0 0 0 1 0 1 0 -1 0 0 3005.DAT
0 STEP
1 86 540.0 -1704 20.0 0 0 1 0 1 0 -1 0 0 3003.DAT
0 STEP
1 86 530.0 -1728 30.0 0 0 1 0 1 0 -1 0 0 3622.DAT
0 STEP
1 86 600.0 -48 30.0 -1 0 0 0 1 0 0 0 -1 3008.DAT
0 STEP
1 86 580.0 -456 30.0 -1 0 0 0 1 0 0 0 -1 3009.DAT
0 STEP
1 86 580.0 -504 40.0 -1 0 0 0 1 0 0 0 -1 2456.DAT
0 STEP
1 86 530.0 -648 30.0 0 0 1 0 1 0 -1 0 0 3005.DAT
0 STEP
1 86 560.0 -912 40.0 -1 0 0 0 1 0 0 0 -1 3001.DAT
0 STEP
1 86 560.0 -960 30.0 -1 0 0 0 1 0 0 0 -1 3010.DAT
0 STEP
1 86 540.0 -1104 30.0 -1 0 0 0 1 0 0 0 -1 3004.DAT
0 STEP
1 86 530.0 -1176 30.0 0 0 1 0 1 0 -1 0 0 3005.DAT
0 STEP
1 86 530.0 -48 80.0 0 0 1 0 1 0 -1 0 0 3010.DAT
0 STEP
1 86 560.0 -336 50.0 -1 0 0 0 1 0 0 0 -1 3010.DAT
0 STEP
1 86 600.0 -408 50.0 -1 0 0 0 1 0 0 0 -1 3008.DAT
0 STEP
1 86 530.0 -600 50.0 0 0 1 0 1 0 -1 0 0 3005.DAT
0 STEP
1 86 560.0 -744 50.0 -1 0 0 0 1 0 0 0 -1 3010.DAT
0 STEP
1 86 560.0 -1056 50.0 -1 0 0 0 1 0 0 0 -1 3010.DAT
0 STEP
1 86 530.0 -1248 50.0 0 0 1 0 1 0 -1 0 0 3005.DAT
0 STEP
1 86 530.0 -1368 50.0 0 0 1 0 1 0 -1 0 0 3005.DAT
0 STEP
1 86 530.0 -1704 120.0 0 0 1 0 1 0 -1 0 0 3008.DAT
0 STEP
1 86 550.0 0 70.0 -1 0 0 0 1 0 0 0 -1 3622.DAT
0 STEP
1 86 560.0 0 90.0 -1 0 0 0 1 0 0 0 -1 3010.DAT
0 STEP
1 86 530.0 -24 90.0 0 0 1 0 1 0 -1 0 0 3005.DAT
0 STEP
1 86 540.0 -1752 140.0 0 0 1 0 1 0 -1 0 0 2456.DAT
0 STEP
1 86 530.0 0 110.0 0 0 1 0 1 0 -1 0 0 3005.DAT
0 STEP
1 86 530.0 -24 140.0 0 0 1 0 1 0 -1 0 0 3010.DAT
0 STEP
1 86 560.0 0 130.0 -1 0 0 0 1 0 0 0 -1 3010.DAT
0 STEP
1 86 530.0 -48 150.0 0 0 1 0 1 0 -1 0 0 3005.DAT
0 STEP
1 86 530.0 -48 200.0 0 0 1 0 1 0 -1 0 0 3010.DAT
0 STEP
1 86 530.0 -72 220.0 0 0 1 0 1 0 -1 0 0 3010.DAT
0 STEP
1 86 550.0 -96 190.0 -1 0 0 0 1 0 0 0 -1 3622.DAT
0 STEP
1 86 530.0 -120 210.0 0 0 1 0 1 0 -1 0 0 3622.DAT
0 STEP
1 86 550.0 -144 190.0 -1 0 0 0 1 0 0 0 -1 3622.DAT
0 STEP
1 86 530.0 -168 220.0 0 0 1 0 1 0 -1 0 0 3010.DAT
0 STEP
1 86 540.0 -192 190.0 -1 0 0 0 1 0 0 0 -1 3004.DAT
0 STEP
1 86 560.0 -216 200.0 -1 0 0 0 1 0 0 0 -1 3001.DAT
0 STEP
1 86 530.0 -240 190.0 0 0 1 0 1 0 -1 0 0 3005.DAT
0 STEP
1 86 580.0 -264 190.0 -1 0 0 0 1 0 0 0 -1 3009.DAT
0 STEP
1 86 530.0 -288 200.0 0 0 1 0 1 0 -1 0 0 3004.DAT
0 STEP
1 86 560.0 -312 190.0 -1 0 0 0 1 0 0 0 -1 3010.DAT
0 STEP
1 86 530.0 -336 210.0 0 0 1 0 1 0 -1 0 0 3622.DAT
0 STEP
1 86 530.0 -360 190.0 0 0 1 0 1 0 -1 0 0 3005.DAT
0 STEP
1 86 600.0 -384 190.0 -1 0 0 0 1 0 0 0 -1 3008.DAT
0 STEP
1 86 530.0 -408 220.0 0 0 1 0 1 0 -1 0 0 3010.DAT
0 STEP
1 86 560.0 -432 190.0 -1 0 0 0 1 0 0 0 -1 3010.DAT
0 STEP
1 86 530.0 -456 210.0 0 0 1 0 1 0 -1 0 0 3622.DAT
0 STEP
1 86 540.0 -480 200.0 0 0 1 0 1 0 -1 0 0 3003.DAT
0 STEP
1 86 530.0 -504 190.0 0 0 1 0 1 0 -1 0 0 3005.DAT
0 STEP
1 86 530.0 -528 190.0 0 0 1 0 1 0 -1 0 0 3005.DAT
0 STEP
1 86 530.0 -552 190.0 0 0 1 0 1 0 -1 0 0 3005.DAT
0 STEP
1 86 530.0 -576 210.0 0 0 1 0 1 0 -1 0 0 3622.DAT
0 STEP
1 86 540.0 -600 190.0 -1 0 0 0 1 0 0 0 -1 3004.DAT
0 STEP
1 86 600.0 -624 200.0 -1 0 0 0 1 0 0 0 -1 3007.DAT
0 STEP
1 86 530.0 -648 190.0 0 0 1 0 1 0 -1 0 0 3005.DAT
0 STEP
1 86 530.0 -672 220.0 0 0 1 0 1 0 -1 0 0 3010.DAT
0 STEP
1 86 560.0 -696 190.0 -1 0 0 0 1 0 0 0 -1 3010.DAT
0 STEP
1 86 530.0 -720 220.0 0 0 1 0 1 0 -1 0 0 3010.DAT
0 STEP
1 86 600.0 -744 190.0 -1 0 0 0 1 0 0 0 -1 3008.DAT
0 STEP
1 86 530.0 -768 240.0 0 0 1 0 1 0 -1 0 0 3009.DAT
0 STEP
1 86 560.0 -792 190.0 -1 0 0 0 1 0 0 0 -1 3010.DAT
0 STEP
1 86 530.0 -816 210.0 0 0 1 0 1 0 -1 0 0 3622.DAT
0 STEP
1 86 540.0 -840 190.0 -1 0 0 0 1 0 0 0 -1 3004.DAT
0 STEP
1 86 530.0 -936 210.0 0 0 1 0 1 0 -1 0 0 3622.DAT
0 STEP
1 86 580.0 -960 200.0 -1 0 0 0 1 0 0 0 -1 2456.DAT
0 STEP
1 86 530.0 -984 220.0 0 0 1 0 1 0 -1 0 0 3010.DAT
0 STEP
1 86 580.0 -1008 190.0 -1 0 0 0 1 0 0 0 -1 3009.DAT
0 STEP
1 86 530.0 -1032 220.0 0 0 1 0 1 0 -1 0 0 3010.DAT
0 STEP
1 86 550.0 -1056 190.0 -1 0 0 0 1 0 0 0 -1 3622.DAT
0 STEP
1 86 530.0 -1080 240.0 0 0 1 0 1 0 -1 0 0 3009.DAT
0 STEP
1 86 560.0 -1104 190.0 -1 0 0 0 1 0 0 0 -1 3010.DAT
0 STEP
1 86 530.0 -1128 240.0 0 0 1 0 1 0 -1 0 0 3009.DAT
0 STEP
1 86 560.0 -1152 190.0 -1 0 0 0 1 0 0 0 -1 3010.DAT
0 STEP
1 86 530.0 -1176 190.0 0 0 1 0 1 0 -1 0 0 3005.DAT
0 STEP
1 86 530.0 -1200 240.0 0 0 1 0 1 0 -1 0 0 3009.DAT
0 STEP
1 86 560.0 -1224 190.0 -1 0 0 0 1 0 0 0 -1 3010.DAT
0 STEP
1 86 530.0 -1248 210.0 0 0 1 0 1 0 -1 0 0 3622.DAT
0 STEP
1 86 530.0 -1272 190.0 0 0 1 0 1 0 -1 0 0 3005.DAT
0 STEP
1 86 600.0 -1296 190.0 -1 0 0 0 1 0 0 0 -1 3008.DAT
0 STEP
1 86 530.0 -1320 220.0 0 0 1 0 1 0 -1 0 0 3010.DAT
0 STEP
1 86 560.0 -1344 190.0 -1 0 0 0 1 0 0 0 -1 3010.DAT
0 STEP
1 86 530.0 -1368 220.0 0 0 1 0 1 0 -1 0 0 3010.DAT
0 STEP
1 86 580.0 -1392 190.0 -1 0 0 0 1 0 0 0 -1 3009.DAT
0 STEP
1 86 530.0 -1416 220.0 0 0 1 0 1 0 -1 0 0 3010.DAT
0 STEP
1 86 560.0 -1440 190.0 -1 0 0 0 1 0 0 0 -1 3010.DAT
0 STEP
1 86 530.0 -1464 210.0 0 0 1 0 1 0 -1 0 0 3622.DAT
0 STEP
1 86 600.0 -1488 190.0 -1 0 0 0 1 0 0 0 -1 3008.DAT
0 STEP
1 86 530.0 -1512 210.0 0 0 1 0 1 0 -1 0 0 3622.DAT
0 STEP
1 86 600.0 -1536 190.0 -1 0 0 0 1 0 0 0 -1 3008.DAT
0 STEP
1 86 530.0 -1560 190.0 0 0 1 0 1 0 -1 0 0 3005.DAT
0 STEP
1 86 530.0 -1584 220.0 0 0 1 0 1 0 -1 0 0 3010.DAT
0 STEP
1 86 560.0 -1608 190.0 -1 0 0 0 1 0 0 0 -1 3010.DAT
0 STEP
1 86 530.0 -1632 240.0 0 0 1 0 1 0 -1 0 0 3009.DAT
0 STEP
1 86 560.0 -1656 190.0 -1 0 0 0 1 0 0 0 -1 3010.DAT
0 STEP
1 86 530.0 -1680 210.0 0 0 1 0 1 0 -1 0 0 3622.DAT
0 STEP
1 86 560.0 -1728 200.0 -1 0 0 0 1 0 0 0 -1 3001.DAT
0 STEP
1 86 530.0 -24 210.0 0 0 1 0 1 0 -1 0 0 3005.DAT
0 STEP
1 86 560.0 -144 210.0 -1 0 0 0 1 0 0 0 -1 3010.DAT
0 STEP
1 86 580.0 -192 210.0 -1 0 0 0 1 0 0 0 -1 3009.DAT
0 STEP
1 86 560.0 -864 220.0 -1 0 0 0 1 0 0 0 -1 3001.DAT
0 STEP
1 86 530.0 -912 220.0 0 0 1 0 1 0 -1 0 0 3004.DAT
0 STEP
1 86 600.0 -1056 210.0 -1 0 0 0 1 0 0 0 -1 3008.DAT
0 STEP
1 86 530.0 -1176 260.0 0 0 1 0 1 0 -1 0 0 3009.DAT
0 STEP
1 86 530.0 -1536 280.0 0 0 1 0 1 0 -1 0 0 3008.DAT
0 STEP
1 86 530.0 -144 300.0 0 0 1 0 1 0 -1 0 0 3008.DAT
0 STEP
1 86 530.0 -216 260.0 0 0 1 0 1 0 -1 0 0 3010.DAT
0 STEP
1 86 530.0 -360 260.0 0 0 1 0 1 0 -1 0 0 3010.DAT
0 STEP
1 86 530.0 -432 260.0 0 0 1 0 1 0 -1 0 0 3010.DAT
0 STEP
1 86 530.0 -480 260.0 0 0 1 0 1 0 -1 0 0 3010.DAT
0 STEP
1 86 530.0 -888 300.0 0 0 1 0 1 0 -1 0 0 3008.DAT
0 STEP
1 86 530.0 -960 260.0 0 0 1 0 1 0 -1 0 0 3010.DAT
0 STEP
1 86 530.0 -1008 300.0 0 0 1 0 1 0 -1 0 0 3008.DAT
0 STEP
1 86 530.0 -1272 300.0 0 0 1 0 1 0 -1 0 0 3008.DAT
0 STEP
1 86 530.0 -1488 230.0 0 0 1 0 1 0 -1 0 0 3005.DAT
0 STEP
1 86 530.0 -1728 250.0 0 0 1 0 1 0 -1 0 0 3622.DAT
0 STEP
1 86 530.0 -696 280.0 0 0 1 0 1 0 -1 0 0 3010.DAT
0 STEP
1 86 560.0 -864 260.0 -1 0 0 0 1 0 0 0 -1 3001.DAT
0 STEP
1 86 530.0 -936 320.0 0 0 1 0 1 0 -1 0 0 3008.DAT
0 STEP
1 86 530.0 -1344 280.0 0 0 1 0 1 0 -1 0 0 3010.DAT
0 STEP
1 86 530.0 -1440 270.0 0 0 1 0 1 0 -1 0 0 3622.DAT
0 STEP
1 86 530.0 -1488 280.0 0 0 1 0 1 0 -1 0 0 3010.DAT
0 STEP
1 86 530.0 -1656 300.0 0 0 1 0 1 0 -1 0 0 3009.DAT
0 STEP
1 86 530.0 0 300.0 0 0 1 0 1 0 -1 0 0 3010.DAT
0 STEP
1 86 530.0 -48 270.0 0 0 1 0 1 0 -1 0 0 3005.DAT
0 STEP
1 86 530.0 -168 270.0 0 0 1 0 1 0 -1 0 0 3005.DAT
0 STEP
1 86 530.0 -288 340.0 0 0 1 0 1 0 -1 0 0 3008.DAT
0 STEP
1 86 530.0 -336 340.0 0 0 1 0 1 0 -1 0 0 3008.DAT
0 STEP
1 86 530.0 -408 270.0 0 0 1 0 1 0 -1 0 0 3005.DAT
0 STEP
1 86 530.0 -528 300.0 0 0 1 0 1 0 -1 0 0 3010.DAT
0 STEP
1 86 530.0 -672 270.0 0 0 1 0 1 0 -1 0 0 3005.DAT
0 STEP
1 86 530.0 -984 270.0 0 0 1 0 1 0 -1 0 0 3005.DAT
0 STEP
1 86 530.0 -1032 270.0 0 0 1 0 1 0 -1 0 0 3005.DAT
0 STEP
1 86 530.0 -1296 300.0 0 0 1 0 1 0 -1 0 0 3010.DAT
0 STEP
1 86 530.0 -1368 270.0 0 0 1 0 1 0 -1 0 0 3005.DAT
0 STEP
1 86 530.0 -1392 290.0 0 0 1 0 1 0 -1 0 0 3622.DAT
0 STEP
1 86 530.0 -1416 270.0 0 0 1 0 1 0 -1 0 0 3005.DAT
0 STEP
1 86 530.0 -1512 300.0 0 0 1 0 1 0 -1 0 0 3010.DAT
0 STEP
1 86 530.0 -1584 290.0 0 0 1 0 1 0 -1 0 0 3622.DAT
0 STEP
1 86 530.0 -1680 300.0 0 0 1 0 1 0 -1 0 0 3010.DAT
0 STEP
1 86 530.0 -408 340.0 0 0 1 0 1 0 -1 0 0 3009.DAT
0 STEP
1 86 530.0 -504 340.0 0 0 1 0 1 0 -1 0 0 3009.DAT
0 STEP
1 86 530.0 -576 320.0 0 0 1 0 1 0 -1 0 0 3010.DAT
0 STEP
1 86 530.0 -720 290.0 0 0 1 0 1 0 -1 0 0 3005.DAT
0 STEP
1 86 580.0 -864 290.0 -1 0 0 0 1 0 0 0 -1 3009.DAT
0 STEP
1 86 530.0 -984 360.0 0 0 1 0 1 0 -1 0 0 3008.DAT
0 STEP
1 86 530.0 -1056 320.0 0 0 1 0 1 0 -1 0 0 3010.DAT
0 STEP
1 86 530.0 -1464 320.0 0 0 1 0 1 0 -1 0 0 3010.DAT
0 STEP
1 86 530.0 -672 380.0 0 0 1 0 1 0 -1 0 0 3008.DAT
0 STEP
1 86 530.0 -720 360.0 0 0 1 0 1 0 -1 0 0 3009.DAT
0 STEP
1 86 560.0 -864 320.0 -1 0 0 0 1 0 0 0 -1 3001.DAT
0 STEP
1 86 530.0 -1128 310.0 0 0 1 0 1 0 -1 0 0 3005.DAT
0 STEP
1 86 530.0 -1152 330.0 0 0 1 0 1 0 -1 0 0 3622.DAT
0 STEP
1 86 530.0 -1368 340.0 0 0 1 0 1 0 -1 0 0 3010.DAT
0 STEP
1 86 530.0 -1608 340.0 0 0 1 0 1 0 -1 0 0 3010.DAT
0 STEP
1 86 530.0 -1704 380.0 0 0 1 0 1 0 -1 0 0 3008.DAT
0 STEP
1 86 530.0 -1752 380.0 0 0 1 0 1 0 -1 0 0 3008.DAT
0 STEP
1 86 530.0 -240 360.0 0 0 1 0 1 0 -1 0 0 3010.DAT
0 STEP
1 86 530.0 -552 360.0 0 0 1 0 1 0 -1 0 0 3010.DAT
0 STEP
1 86 530.0 -600 360.0 0 0 1 0 1 0 -1 0 0 3010.DAT
0 STEP
1 86 530.0 -1176 330.0 0 0 1 0 1 0 -1 0 0 3005.DAT
0 STEP
1 86 530.0 -1344 330.0 0 0 1 0 1 0 -1 0 0 3005.DAT
0 STEP
1 86 530.0 -1560 330.0 0 0 1 0 1 0 -1 0 0 3005.DAT
0 STEP
1 86 530.0 0 350.0 0 0 1 0 1 0 -1 0 0 3005.DAT
0 STEP
1 86 530.0 -792 350.0 0 0 1 0 1 0 -1 0 0 3005.DAT
0 STEP
1 86 530.0 -840 350.0 0 0 1 0 1 0 -1 0 0 3005.DAT
0 STEP
1 86 560.0 -864 360.0 -1 0 0 0 1 0 0 0 -1 3001.DAT
0 STEP
1 86 530.0 -1176 380.0 0 0 1 0 1 0 -1 0 0 3010.DAT
0 STEP
1 86 530.0 -1440 400.0 0 0 1 0 1 0 -1 0 0 3009.DAT
0 STEP
1 86 530.0 -1488 400.0 0 0 1 0 1 0 -1 0 0 3009.DAT
0 STEP
1 86 530.0 -1560 400.0 0 0 1 0 1 0 -1 0 0 3009.DAT
0 STEP
1 86 530.0 -1632 380.0 0 0 1 0 1 0 -1 0 0 3010.DAT
0 STEP
1 86 530.0 0 420.0 0 0 1 0 1 0 -1 0 0 3009.DAT
0 STEP
1 86 530.0 -792 420.0 0 0 1 0 1 0 -1 0 0 3009.DAT
0 STEP
1 86 530.0 -840 420.0 0 0 1 0 1 0 -1 0 0 3009.DAT
0 STEP
1 86 530.0 -1248 400.0 0 0 1 0 1 0 -1 0 0 3010.DAT
0 STEP
1 86 530.0 -1392 400.0 0 0 1 0 1 0 -1 0 0 3010.DAT
0 STEP
1 86 530.0 -1464 370.0 0 0 1 0 1 0 -1 0 0 3005.DAT
0 STEP
1 86 530.0 -1656 370.0 0 0 1 0 1 0 -1 0 0 3005.DAT
0 STEP
1 86 530.0 -144 390.0 0 0 1 0 1 0 -1 0 0 3005.DAT
0 STEP
1 86 530.0 -264 440.0 0 0 1 0 1 0 -1 0 0 3009.DAT
0 STEP
1 86 530.0 -360 460.0 0 0 1 0 1 0 -1 0 0 3008.DAT
0 STEP
1 86 530.0 -528 440.0 0 0 1 0 1 0 -1 0 0 3009.DAT
0 STEP
1 86 530.0 -768 420.0 0 0 1 0 1 0 -1 0 0 3010.DAT
0 STEP
1 86 560.0 -864 400.0 -1 0 0 0 1 0 0 0 -1 3001.DAT
0 STEP
1 86 530.0 -888 460.0 0 0 1 0 1 0 -1 0 0 3008.DAT
0 STEP
1 86 560.0 -912 400.0 -1 0 0 0 1 0 0 0 -1 3001.DAT
0 STEP
1 86 530.0 -1008 390.0 0 0 1 0 1 0 -1 0 0 3005.DAT
0 STEP
1 86 530.0 -1104 420.0 0 0 1 0 1 0 -1 0 0 3010.DAT
0 STEP
1 86 530.0 -1272 390.0 0 0 1 0 1 0 -1 0 0 3005.DAT
0 STEP
1 86 530.0 -1344 420.0 0 0 1 0 1 0 -1 0 0 3010.DAT
0 STEP
1 86 530.0 -1368 390.0 0 0 1 0 1 0 -1 0 0 3005.DAT
0 STEP
1 86 530.0 -72 480.0 0 0 1 0 1 0 -1 0 0 3008.DAT
0 STEP
1 86 530.0 -408 410.0 0 0 1 0 1 0 -1 0 0 3005.DAT
0 STEP
1 86 530.0 -1128 410.0 0 0 1 0 1 0 -1 0 0 3005.DAT
0 STEP
1 86 530.0 -1224 430.0 0 0 1 0 1 0 -1 0 0 3622.DAT
0 STEP
1 86 530.0 -1608 430.0 0 0 1 0 1 0 -1 0 0 3622.DAT
0 STEP
1 86 530.0 -24 500.0 0 0 1 0 1 0 -1 0 0 3008.DAT
0 STEP
1 86 530.0 -312 440.0 0 0 1 0 1 0 -1 0 0 3004.DAT
0 STEP
1 86 530.0 -384 460.0 0 0 1 0 1 0 -1 0 0 3010.DAT
0 STEP
1 86 530.0 -480 460.0 0 0 1 0 1 0 -1 0 0 3010.DAT
0 STEP
1 86 560.0 -864 440.0 -1 0 0 0 1 0 0 0 -1 3001.DAT
0 STEP
1 86 560.0 -912 430.0 -1 0 0 0 1 0 0 0 -1 3010.DAT
0 STEP
1 86 530.0 -1032 440.0 0 0 1 0 1 0 -1 0 0 3004.DAT
0 STEP
1 86 530.0 -1272 440.0 0 0 1 0 1 0 -1 0 0 3004.DAT
0 STEP
1 86 530.0 -1632 430.0 0 0 1 0 1 0 -1 0 0 3005.DAT
0 STEP
1 86 530.0 -1680 430.0 0 0 1 0 1 0 -1 0 0 3005.DAT
0 STEP
1 86 550.0 -912 460.0 -1 0 0 0 1 0 0 0 -1 3002.DAT
0 STEP
1 86 530.0 -984 450.0 0 0 1 0 1 0 -1 0 0 3005.DAT
0 STEP
1 86 530.0 -1176 450.0 0 0 1 0 1 0 -1 0 0 3005.DAT
0 STEP
1 86 530.0 -1248 450.0 0 0 1 0 1 0 -1 0 0 3005.DAT
0 STEP
1 86 530.0 -1392 450.0 0 0 1 0 1 0 -1 0 0 3005.DAT
0 STEP
1 86 530.0 -192 470.0 0 0 1 0 1 0 -1 0 0 3005.DAT
0 STEP
1 86 530.0 -312 540.0 0 0 1 0 1 0 -1 0 0 3008.DAT
0 STEP
1 86 530.0 -600 500.0 0 0 1 0 1 0 -1 0 0 3010.DAT
0 STEP
1 86 530.0 -672 470.0 0 0 1 0 1 0 -1 0 0 3005.DAT
0 STEP
1 86 560.0 -864 480.0 -1 0 0 0 1 0 0 0 -1 3001.DAT
0 STEP
1 86 530.0 -144 540.0 0 0 1 0 1 0 -1 0 0 3009.DAT
0 STEP
1 86 530.0 -192 540.0 0 0 1 0 1 0 -1 0 0 3009.DAT
0 STEP
1 86 530.0 -792 490.0 0 0 1 0 1 0 -1 0 0 3005.DAT
0 STEP
1 86 530.0 -840 510.0 0 0 1 0 1 0 -1 0 0 3622.DAT
0 STEP
1 86 550.0 -912 490.0 -1 0 0 0 1 0 0 0 -1 3622.DAT
0 STEP
1 86 530.0 -408 520.0 0 0 1 0 1 0 -1 0 0 3004.DAT
0 STEP
1 86 530.0 -456 510.0 0 0 1 0 1 0 -1 0 0 3005.DAT
0 STEP
1 86 530.0 -720 530.0 0 0 1 0 1 0 -1 0 0 3622.DAT
0 STEP
1 86 580.0 -864 510.0 -1 0 0 0 1 0 0 0 -1 3009.DAT
0 STEP
1 86 530.0 -912 520.0 0 0 1 0 1 0 -1 0 0 3004.DAT
0 STEP
1 86 530.0 -264 580.0 0 0 1 0 1 0 -1 0 0 3009.DAT
0 STEP
1 86 530.0 -456 600.0 0 0 1 0 1 0 -1 0 0 3008.DAT
0 STEP
1 86 530.0 -624 530.0 0 0 1 0 1 0 -1 0 0 3005.DAT
0 STEP
1 86 530.0 -672 580.0 0 0 1 0 1 0 -1 0 0 3009.DAT
0 STEP
1 86 560.0 -864 540.0 -1 0 0 0 1 0 0 0 -1 3001.DAT
0 STEP
1 86 530.0 -216 580.0 0 0 1 0 1 0 -1 0 0 3010.DAT
0 STEP
1 86 530.0 -360 600.0 0 0 1 0 1 0 -1 0 0 3009.DAT
0 STEP
1 86 530.0 -408 620.0 0 0 1 0 1 0 -1 0 0 3008.DAT
0 STEP
1 86 530.0 -576 600.0 0 0 1 0 1 0 -1 0 0 3009.DAT
0 STEP
1 86 530.0 -624 620.0 0 0 1 0 1 0 -1 0 0 3008.DAT
0 STEP
1 86 530.0 -840 620.0 0 0 1 0 1 0 -1 0 0 3008.DAT
0 STEP
1 86 530.0 0 600.0 0 0 1 0 1 0 -1 0 0 3010.DAT
0 STEP
1 86 560.0 -864 580.0 -1 0 0 0 1 0 0 0 -1 3001.DAT
0 STEP
1 86 530.0 -72 620.0 0 0 1 0 1 0 -1 0 0 3010.DAT
0 STEP
1 86 530.0 -168 590.0 0 0 1 0 1 0 -1 0 0 3005.DAT
0 STEP
1 86 530.0 -888 640.0 0 0 1 0 1 0 -1 0 0 3009.DAT
0 STEP
1 86 530.0 -24 640.0 0 0 1 0 1 0 -1 0 0 3010.DAT
0 STEP
1 86 530.0 -168 640.0 0 0 1 0 1 0 -1 0 0 3010.DAT
0 STEP
1 86 530.0 -768 610.0 0 0 1 0 1 0 -1 0 0 3005.DAT
0 STEP
1 86 530.0 -816 640.0 0 0 1 0 1 0 -1 0 0 3010.DAT
0 STEP
1 86 560.0 -864 610.0 -1 0 0 0 1 0 0 0 -1 3010.DAT
0 STEP
1 86 530.0 -48 660.0 0 0 1 0 1 0 -1 0 0 3010.DAT
0 STEP
1 86 530.0 -96 660.0 0 0 1 0 1 0 -1 0 0 3010.DAT
0 STEP
1 86 530.0 -240 660.0 0 0 1 0 1 0 -1 0 0 3010.DAT
0 STEP
1 86 530.0 -480 660.0 0 0 1 0 1 0 -1 0 0 3010.DAT
0 STEP
1 86 530.0 -768 660.0 0 0 1 0 1 0 -1 0 0 3010.DAT
0 STEP
1 86 560.0 -864 640.0 -1 0 0 0 1 0 0 0 -1 3001.DAT
0 STEP
1 86 550.0 -912 630.0 -1 0 0 0 1 0 0 0 -1 3622.DAT
0 STEP
1 86 530.0 0 650.0 0 0 1 0 1 0 -1 0 0 3005.DAT
0 STEP
1 86 530.0 -216 660.0 0 0 1 0 1 0 -1 0 0 3004.DAT
0 STEP
1 86 530.0 -312 660.0 0 0 1 0 1 0 -1 0 0 3004.DAT
0 STEP
1 86 530.0 -672 670.0 0 0 1 0 1 0 -1 0 0 3622.DAT
0 STEP
1 86 550.0 -912 660.0 -1 0 0 0 1 0 0 0 -1 3002.DAT
0 STEP
1 86 530.0 -384 670.0 0 0 1 0 1 0 -1 0 0 3005.DAT
0 STEP
1 86 560.0 -864 680.0 -1 0 0 0 1 0 0 0 -1 3001.DAT
0 STEP
1 86 530.0 -24 690.0 0 0 1 0 1 0 -1 0 0 3005.DAT
0 STEP
1 86 530.0 -264 690.0 0 0 1 0 1 0 -1 0 0 3005.DAT
0 STEP
1 86 530.0 -696 690.0 0 0 1 0 1 0 -1 0 0 3005.DAT
0 STEP
1 86 530.0 -744 690.0 0 0 1 0 1 0 -1 0 0 3005.DAT
0 STEP
1 86 560.0 -912 690.0 -1 0 0 0 1 0 0 0 -1 3010.DAT
0 STEP
1 86 550.0 -24 80.0 0 0 1 0 1 0 -1 0 0 3008.DAT
0 STEP
1 86 560.0 -72 30.0 0 0 1 0 1 0 -1 0 0 3002.DAT
0 STEP
1 86 560.0 -96 30.0 0 0 1 0 1 0 -1 0 0 3002.DAT
0 STEP
1 86 550.0 -144 30.0 0 0 1 0 1 0 -1 0 0 3622.DAT
0 STEP
1 86 580.0 -192 20.0 -1 0 0 0 1 0 0 0 -1 3001.DAT
0 STEP
1 86 560.0 -288 30.0 0 0 1 0 1 0 -1 0 0 3002.DAT
0 STEP
1 86 550.0 -312 10.0 0 0 1 0 1 0 -1 0 0 3005.DAT
0 STEP
1 86 570.0 -360 10.0 -1 0 0 0 1 0 0 0 -1 3622.DAT
0 STEP
1 86 560.0 -384 30.0 0 0 1 0 1 0 -1 0 0 3002.DAT
0 STEP
1 86 560.0 -432 30.0 0 0 1 0 1 0 -1 0 0 3002.DAT
0 STEP
1 86 550.0 -480 30.0 0 0 1 0 1 0 -1 0 0 3622.DAT
0 STEP
1 86 560.0 -576 30.0 0 0 1 0 1 0 -1 0 0 3002.DAT
0 STEP
1 86 560.0 -624 30.0 0 0 1 0 1 0 -1 0 0 3002.DAT
0 STEP
1 86 560.0 -672 30.0 0 0 1 0 1 0 -1 0 0 3002.DAT
0 STEP
1 86 620.0 -768 10.0 -1 0 0 0 1 0 0 0 -1 3008.DAT
0 STEP
1 86 620.0 -816 10.0 -1 0 0 0 1 0 0 0 -1 3008.DAT
0 STEP
1 86 600.0 -888 10.0 -1 0 0 0 1 0 0 0 -1 3009.DAT
0 STEP
1 86 550.0 -1032 30.0 0 0 1 0 1 0 -1 0 0 3622.DAT
0 STEP
1 86 620.0 -1080 10.0 -1 0 0 0 1 0 0 0 -1 3008.DAT
0 STEP
1 86 550.0 -1128 10.0 0 0 1 0 1 0 -1 0 0 3005.DAT
0 STEP
1 86 550.0 -1272 10.0 0 0 1 0 1 0 -1 0 0 3005.DAT
0 STEP
1 86 550.0 -1296 10.0 0 0 1 0 1 0 -1 0 0 3005.DAT
0 STEP
1 86 550.0 -1392 30.0 0 0 1 0 1 0 -1 0 0 3622.DAT
0 STEP
1 86 560.0 -1440 30.0 0 0 1 0 1 0 -1 0 0 3002.DAT
0 STEP
1 86 560.0 -1488 30.0 0 0 1 0 1 0 -1 0 0 3002.DAT
0 STEP
1 86 580.0 -1536 20.0 -1 0 0 0 1 0 0 0 -1 3001.DAT
0 STEP
1 86 580.0 -1632 10.0 -1 0 0 0 1 0 0 0 -1 3010.DAT
0 STEP
1 86 550.0 -1656 30.0 0 0 1 0 1 0 -1 0 0 3622.DAT
0 STEP
1 86 600.0 -1728 20.0 -1 0 0 0 1 0 0 0 -1 2456.DAT
0 STEP
1 86 580.0 -648 30.0 -1 0 0 0 1 0 0 0 -1 3010.DAT
0 STEP
1 86 620.0 -816 40.0 -1 0 0 0 1 0 0 0 -1 3007.DAT
0 STEP
1 86 550.0 -1080 30.0 0 0 1 0 1 0 -1 0 0 3005.DAT
0 STEP
1 86 600.0 -1128 30.0 -1 0 0 0 1 0 0 0 -1 3009.DAT
0 STEP
1 86 550.0 -1176 40.0 0 0 1 0 1 0 -1 0 0 3004.DAT
0 STEP
1 86 570.0 -1296 30.0 -1 0 0 0 1 0 0 0 -1 3622.DAT
0 STEP
1 86 550.0 -1752 50.0 0 0 1 0 1 0 -1 0 0 3622.DAT
0 STEP
1 86 580.0 0 50.0 -1 0 0 0 1 0 0 0 -1 3010.DAT
0 STEP
1 86 570.0 -48 50.0 -1 0 0 0 1 0 0 0 -1 3622.DAT
0 STEP
1 86 620.0 -120 50.0 -1 0 0 0 1 0 0 0 -1 3008.DAT
0 STEP
1 86 580.0 -192 50.0 -1 0 0 0 1 0 0 0 -1 3010.DAT
0 STEP
1 86 580.0 -360 50.0 -1 0 0 0 1 0 0 0 -1 3010.DAT
0 STEP
1 86 580.0 -600 50.0 -1 0 0 0 1 0 0 0 -1 3010.DAT
0 STEP
1 86 550.0 -1104 50.0 0 0 1 0 1 0 -1 0 0 3005.DAT
0 STEP
1 86 550.0 -1128 50.0 0 0 1 0 1 0 -1 0 0 3005.DAT
0 STEP
1 86 580.0 -1248 50.0 -1 0 0 0 1 0 0 0 -1 3010.DAT
0 STEP
1 86 550.0 -1272 50.0 0 0 1 0 1 0 -1 0 0 3005.DAT
0 STEP
1 86 600.0 -1296 50.0 -1 0 0 0 1 0 0 0 -1 3009.DAT
0 STEP
1 86 580.0 -1368 50.0 -1 0 0 0 1 0 0 0 -1 3010.DAT
0 STEP
1 86 550.0 -1536 50.0 0 0 1 0 1 0 -1 0 0 3005.DAT
0 STEP
1 86 550.0 -1704 70.0 0 0 1 0 1 0 -1 0 0 3622.DAT
0 STEP
1 86 600.0 -1728 50.0 -1 0 0 0 1 0 0 0 -1 3009.DAT
0 STEP
1 86 580.0 -48 80.0 -1 0 0 0 1 0 0 0 -1 3001.DAT
0 STEP
1 86 580.0 0 110.0 -1 0 0 0 1 0 0 0 -1 3010.DAT
0 STEP
1 86 570.0 -48 110.0 -1 0 0 0 1 0 0 0 -1 3622.DAT
0 STEP
1 86 550.0 -1704 140.0 0 0 1 0 1 0 -1 0 0 3010.DAT
0 STEP
1 86 620.0 -1728 110.0 -1 0 0 0 1 0 0 0 -1 3008.DAT
0 STEP
1 86 550.0 -1728 130.0 0 0 1 0 1 0 -1 0 0 3005.DAT
0 STEP
1 86 560.0 -48 180.0 0 0 1 0 1 0 -1 0 0 3001.DAT
0 STEP
1 86 560.0 0 190.0 0 0 1 0 1 0 -1 0 0 3002.DAT
0 STEP
1 86 580.0 -24 170.0 -1 0 0 0 1 0 0 0 -1 3010.DAT
0 STEP
1 86 550.0 -72 190.0 0 0 1 0 1 0 -1 0 0 3622.DAT
0 STEP
1 86 560.0 -96 170.0 -1 0 0 0 1 0 0 0 -1 3004.DAT
0 STEP
1 86 560.0 -120 190.0 0 0 1 0 1 0 -1 0 0 3002.DAT
0 STEP
1 86 560.0 -144 170.0 -1 0 0 0 1 0 0 0 -1 3004.DAT
0 STEP
1 86 600.0 -168 170.0 -1 0 0 0 1 0 0 0 -1 3009.DAT
0 STEP
1 86 550.0 -192 170.0 0 0 1 0 1 0 -1 0 0 3005.DAT
0 STEP
1 86 580.0 -216 170.0 -1 0 0 0 1 0 0 0 -1 3010.DAT
0 STEP
1 86 550.0 -240 190.0 0 0 1 0 1 0 -1 0 0 3622.DAT
0 STEP
1 86 580.0 -264 170.0 -1 0 0 0 1 0 0 0 -1 3010.DAT
0 STEP
1 86 560.0 -288 190.0 0 0 1 0 1 0 -1 0 0 3002.DAT
0 STEP
1 86 600.0 -312 170.0 -1 0 0 0 1 0 0 0 -1 3009.DAT
0 STEP
1 86 580.0 -336 180.0 -1 0 0 0 1 0 0 0 -1 3001.DAT
0 STEP
1 86 560.0 -360 190.0 0 0 1 0 1 0 -1 0 0 3002.DAT
0 STEP
1 86 600.0 -384 170.0 -1 0 0 0 1 0 0 0 -1 3009.DAT
0 STEP
1 86 560.0 -408 190.0 0 0 1 0 1 0 -1 0 0 3002.DAT
0 STEP
1 86 550.0 -432 170.0 0 0 1 0 1 0 -1 0 0 3005.DAT
0 STEP
1 86 580.0 -456 170.0 -1 0 0 0 1 0 0 0 -1 3010.DAT
0 STEP
1 86 550.0 -480 170.0 0 0 1 0 1 0 -1 0 0 3005.DAT
0 STEP
1 86 580.0 -504 170.0 -1 0 0 0 1 0 0 0 -1 3010.DAT
0 STEP
1 86 560.0 -528 190.0 0 0 1 0 1 0 -1 0 0 3002.DAT
0 STEP
1 86 580.0 -552 170.0 -1 0 0 0 1 0 0 0 -1 3010.DAT
0 STEP
1 86 560.0 -576 190.0 0 0 1 0 1 0 -1 0 0 3002.DAT
0 STEP
1 86 550.0 -600 170.0 0 0 1 0 1 0 -1 0 0 3005.DAT
0 STEP
1 86 580.0 -624 170.0 -1 0 0 0 1 0 0 0 -1 3010.DAT
0 STEP
1 86 560.0 -648 180.0 0 0 1 0 1 0 -1 0 0 3003.DAT
0 STEP
1 86 560.0 -672 190.0 0 0 1 0 1 0 -1 0 0 3002.DAT
0 STEP
1 86 570.0 -696 170.0 -1 0 0 0 1 0 0 0 -1 3622.DAT
0 STEP
1 86 560.0 -720 190.0 0 0 1 0 1 0 -1 0 0 3002.DAT
0 STEP
1 86 600.0 -744 170.0 -1 0 0 0 1 0 0 0 -1 3009.DAT
0 STEP
1 86 550.0 -768 190.0 0 0 1 0 1 0 -1 0 0 3622.DAT
0 STEP
1 86 580.0 -792 170.0 -1 0 0 0 1 0 0 0 -1 3010.DAT
0 STEP
1 86 560.0 -816 190.0 0 0 1 0 1 0 -1 0 0 3002.DAT
0 STEP
1 86 550.0 -840 170.0 0 0 1 0 1 0 -1 0 0 3005.DAT
0 STEP
1 86 570.0 -936 180.0 -1 0 0 0 1 0 0 0 -1 3002.DAT
0 STEP
1 86 600.0 -960 170.0 -1 0 0 0 1 0 0 0 -1 3009.DAT
0 STEP
1 86 560.0 -984 190.0 0 0 1 0 1 0 -1 0 0 3002.DAT
0 STEP
1 86 550.0 -1008 170.0 0 0 1 0 1 0 -1 0 0 3005.DAT
0 STEP
1 86 550.0 -1032 190.0 0 0 1 0 1 0 -1 0 0 3622.DAT
0 STEP
1 86 570.0 -1056 170.0 -1 0 0 0 1 0 0 0 -1 3622.DAT
0 STEP
1 86 560.0 -1080 190.0 0 0 1 0 1 0 -1 0 0 3002.DAT
0 STEP
1 86 580.0 -1104 170.0 -1 0 0 0 1 0 0 0 -1 3010.DAT
0 STEP
1 86 560.0 -1128 190.0 0 0 1 0 1 0 -1 0 0 3002.DAT
0 STEP
1 86 570.0 -1152 170.0 -1 0 0 0 1 0 0 0 -1 3622.DAT
0 STEP
1 86 550.0 -1176 190.0 0 0 1 0 1 0 -1 0 0 3622.DAT
0 STEP
1 86 550.0 -1200 180.0 0 0 1 0 1 0 -1 0 0 3004.DAT
0 STEP
1 86 570.0 -1224 170.0 -1 0 0 0 1 0 0 0 -1 3622.DAT
0 STEP
1 86 560.0 -1248 190.0 0 0 1 0 1 0 -1 0 0 3002.DAT
0 STEP
1 86 580.0 -1272 180.0 -1 0 0 0 1 0 0 0 -1 3001.DAT
0 STEP
1 86 550.0 -1296 170.0 0 0 1 0 1 0 -1 0 0 3005.DAT
0 STEP
1 86 550.0 -1320 190.0 0 0 1 0 1 0 -1 0 0 3622.DAT
0 STEP
1 86 570.0 -1344 170.0 -1 0 0 0 1 0 0 0 -1 3622.DAT
0 STEP
1 86 550.0 -1368 190.0 0 0 1 0 1 0 -1 0 0 3622.DAT
0 STEP
1 86 580.0 -1392 170.0 -1 0 0 0 1 0 0 0 -1 3010.DAT
0 STEP
1 86 560.0 -1416 190.0 0 0 1 0 1 0 -1 0 0 3002.DAT
0 STEP
1 86 570.0 -1440 170.0 -1 0 0 0 1 0 0 0 -1 3622.DAT
0 STEP
1 86 550.0 -1464 190.0 0 0 1 0 1 0 -1 0 0 3622.DAT
0 STEP
1 86 620.0 -1488 170.0 -1 0 0 0 1 0 0 0 -1 3008.DAT
0 STEP
1 86 550.0 -1512 190.0 0 0 1 0 1 0 -1 0 0 3622.DAT
0 STEP
1 86 570.0 -1536 170.0 -1 0 0 0 1 0 0 0 -1 3622.DAT
0 STEP
1 86 550.0 -1560 180.0 0 0 1 0 1 0 -1 0 0 3004.DAT
0 STEP
1 86 550.0 -1584 170.0 0 0 1 0 1 0 -1 0 0 3005.DAT
0 STEP
1 86 580.0 -1608 170.0 -1 0 0 0 1 0 0 0 -1 3010.DAT
0 STEP
1 86 560.0 -1632 180.0 0 0 1 0 1 0 -1 0 0 3003.DAT
0 STEP
1 86 570.0 -1656 170.0 -1 0 0 0 1 0 0 0 -1 3622.DAT
0 STEP
1 86 560.0 -1680 190.0 0 0 1 0 1 0 -1 0 0 3002.DAT
0 STEP
1 86 550.0 -168 200.0 0 0 1 0 1 0 -1 0 0 3004.DAT
0 STEP
1 86 550.0 -456 200.0 0 0 1 0 1 0 -1 0 0 3004.DAT
0 STEP
1 86 580.0 -504 200.0 -1 0 0 0 1 0 0 0 -1 3001.DAT
0 STEP
1 86 580.0 -552 200.0 -1 0 0 0 1 0 0 0 -1 3001.DAT
0 STEP
1 86 580.0 -864 190.0 -1 0 0 0 1 0 0 0 -1 3010.DAT
0 STEP
1 86 550.0 -912 200.0 0 0 1 0 1 0 -1 0 0 3004.DAT
0 STEP
1 86 580.0 -1584 200.0 -1 0 0 0 1 0 0 0 -1 3001.DAT
0 STEP
1 86 570.0 -1704 190.0 -1 0 0 0 1 0 0 0 -1 3622.DAT
0 STEP
1 86 580.0 -24 210.0 -1 0 0 0 1 0 0 0 -1 3010.DAT
0 STEP
1 86 580.0 -264 210.0 -1 0 0 0 1 0 0 0 -1 3010.DAT
0 STEP
1 86 580.0 -336 210.0 -1 0 0 0 1 0 0 0 -1 3010.DAT
0 STEP
1 86 580.0 -600 210.0 -1 0 0 0 1 0 0 0 -1 3010.DAT
0 STEP
1 86 550.0 -744 210.0 0 0 1 0 1 0 -1 0 0 3005.DAT
0 STEP
1 86 550.0 -888 280.0 0 0 1 0 1 0 -1 0 0 3008.DAT
0 STEP
1 86 620.0 -936 210.0 -1 0 0 0 1 0 0 0 -1 3008.DAT
0 STEP
1 86 580.0 -1200 210.0 -1 0 0 0 1 0 0 0 -1 3010.DAT
0 STEP
1 86 600.0 -1296 210.0 -1 0 0 0 1 0 0 0 -1 3009.DAT
0 STEP
1 86 600.0 -1536 210.0 -1 0 0 0 1 0 0 0 -1 3009.DAT
0 STEP
1 86 550.0 -1632 210.0 0 0 1 0 1 0 -1 0 0 3005.DAT
0 STEP
1 86 550.0 -1752 210.0 0 0 1 0 1 0 -1 0 0 3005.DAT
0 STEP
1 86 580.0 -912 230.0 -1 0 0 0 1 0 0 0 -1 3010.DAT
0 STEP
1 86 550.0 -888 440.0 0 0 1 0 1 0 -1 0 0 3008.DAT
0 STEP
1 86 550.0 -912 540.0 0 0 1 0 1 0 -1 0 0 3010.DAT
0 STEP
1 86 550.0 -888 530.0 0 0 1 0 1 0 -1 0 0 3005.DAT
0 STEP
1 86 560.0 -888 640.0 0 0 1 0 1 0 -1 0 0 2456.DAT
0 STEP
1 86 600.0 -24 10.0 -1 0 0 0 1 0 0 0 -1 3010.DAT
0 STEP
1 86 580.0 -144 30.0 0 0 1 0 1 0 -1 0 0 3002.DAT
0 STEP
1 86 570.0 -168 10.0 0 0 1 0 1 0 -1 0 0 3005.DAT
0 STEP
1 86 620.0 -312 10.0 -1 0 0 0 1 0 0 0 -1 3009.DAT
0 STEP
1 86 580.0 -480 30.0 0 0 1 0 1 0 -1 0 0 3002.DAT
0 STEP
1 86 580.0 -528 30.0 0 0 1 0 1 0 -1 0 0 3002.DAT
0 STEP
1 86 640.0 -720 10.0 -1 0 0 0 1 0 0 0 -1 3008.DAT
0 STEP
1 86 580.0 -792 30.0 0 0 1 0 1 0 -1 0 0 3002.DAT
0 STEP
1 86 570.0 -840 10.0 0 0 1 0 1 0 -1 0 0 3005.DAT
0 STEP
1 86 580.0 -864 30.0 0 0 1 0 1 0 -1 0 0 3002.DAT
0 STEP
1 86 570.0 -936 30.0 0 0 1 0 1 0 -1 0 0 3622.DAT
0 STEP
1 86 580.0 -984 30.0 0 0 1 0 1 0 -1 0 0 3002.DAT
0 STEP
1 86 580.0 -1032 30.0 0 0 1 0 1 0 -1 0 0 3002.DAT
0 STEP
1 86 640.0 -1128 10.0 -1 0 0 0 1 0 0 0 -1 3008.DAT
0 STEP
1 86 580.0 -1200 30.0 0 0 1 0 1 0 -1 0 0 3002.DAT
0 STEP
1 86 580.0 -1272 30.0 0 0 1 0 1 0 -1 0 0 3002.DAT
0 STEP
1 86 620.0 -1296 10.0 -1 0 0 0 1 0 0 0 -1 3009.DAT
0 STEP
1 86 580.0 -1344 30.0 0 0 1 0 1 0 -1 0 0 3002.DAT
0 STEP
1 86 580.0 -1392 30.0 0 0 1 0 1 0 -1 0 0 3002.DAT
0 STEP
1 86 570.0 -1416 10.0 0 0 1 0 1 0 -1 0 0 3005.DAT
0 STEP
1 86 570.0 -1512 20.0 0 0 1 0 1 0 -1 0 0 3004.DAT
0 STEP
1 86 570.0 -1608 30.0 0 0 1 0 1 0 -1 0 0 3622.DAT
0 STEP
1 86 580.0 -1656 30.0 0 0 1 0 1 0 -1 0 0 3002.DAT
0 STEP
1 86 570.0 -1704 60.0 0 0 1 0 1 0 -1 0 0 3009.DAT
0 STEP
1 86 570.0 -24 80.0 0 0 1 0 1 0 -1 0 0 3009.DAT
0 STEP
1 86 640.0 -120 30.0 -1 0 0 0 1 0 0 0 -1 3008.DAT
0 STEP
1 86 580.0 -216 40.0 0 0 1 0 1 0 -1 0 0 3003.DAT
0 STEP
1 86 590.0 -312 30.0 -1 0 0 0 1 0 0 0 -1 3622.DAT
0 STEP
1 86 580.0 -696 30.0 -1 0 0 0 1 0 0 0 -1 3004.DAT
0 STEP
1 86 640.0 -1080 30.0 -1 0 0 0 1 0 0 0 -1 3008.DAT
0 STEP
1 86 570.0 -1104 40.0 0 0 1 0 1 0 -1 0 0 3004.DAT
0 STEP
1 86 600.0 -1176 40.0 -1 0 0 0 1 0 0 0 -1 3001.DAT
0 STEP
1 86 570.0 -1560 30.0 0 0 1 0 1 0 -1 0 0 3005.DAT
0 STEP
1 86 570.0 -1752 30.0 0 0 1 0 1 0 -1 0 0 3005.DAT
0 STEP
1 86 620.0 -264 50.0 -1 0 0 0 1 0 0 0 -1 3009.DAT
0 STEP
1 86 640.0 -312 50.0 -1 0 0 0 1 0 0 0 -1 3008.DAT
0 STEP
1 86 620.0 -1128 50.0 -1 0 0 0 1 0 0 0 -1 3009.DAT
0 STEP
1 86 570.0 -1320 50.0 0 0 1 0 1 0 -1 0 0 3005.DAT
0 STEP
1 86 600.0 -1536 50.0 -1 0 0 0 1 0 0 0 -1 3010.DAT
0 STEP
1 86 570.0 -1752 120.0 0 0 1 0 1 0 -1 0 0 3008.DAT
0 STEP
1 86 570.0 -1704 150.0 0 0 1 0 1 0 -1 0 0 3622.DAT
0 STEP
1 86 640.0 -1728 130.0 -1 0 0 0 1 0 0 0 -1 3008.DAT
0 STEP
1 86 600.0 -24 150.0 -1 0 0 0 1 0 0 0 -1 3010.DAT
0 STEP
1 86 600.0 -72 180.0 -1 0 0 0 1 0 0 0 -1 3001.DAT
0 STEP
1 86 570.0 -192 180.0 0 0 1 0 1 0 -1 0 0 3004.DAT
0 STEP
1 86 570.0 -240 180.0 0 0 1 0 1 0 -1 0 0 3004.DAT
0 STEP
1 86 620.0 -432 170.0 -1 0 0 0 1 0 0 0 -1 3009.DAT
0 STEP
1 86 570.0 -480 190.0 0 0 1 0 1 0 -1 0 0 3622.DAT
0 STEP
1 86 600.0 -600 180.0 -1 0 0 0 1 0 0 0 -1 3001.DAT
0 STEP
1 86 580.0 -768 190.0 0 0 1 0 1 0 -1 0 0 3002.DAT
0 STEP
1 86 600.0 -840 180.0 -1 0 0 0 1 0 0 0 -1 3001.DAT
0 STEP
1 86 620.0 -1008 170.0 -1 0 0 0 1 0 0 0 -1 3009.DAT
0 STEP
1 86 580.0 -1032 190.0 0 0 1 0 1 0 -1 0 0 3002.DAT
0 STEP
1 86 580.0 -1176 190.0 0 0 1 0 1 0 -1 0 0 3002.DAT
0 STEP
1 86 600.0 -1200 180.0 -1 0 0 0 1 0 0 0 -1 3001.DAT
0 STEP
1 86 620.0 -1296 170.0 -1 0 0 0 1 0 0 0 -1 3009.DAT
0 STEP
1 86 580.0 -1320 190.0 0 0 1 0 1 0 -1 0 0 3002.DAT
0 STEP
1 86 580.0 -1368 190.0 0 0 1 0 1 0 -1 0 0 3002.DAT
0 STEP
1 86 580.0 -1464 190.0 0 0 1 0 1 0 -1 0 0 3002.DAT
0 STEP
1 86 580.0 -1512 190.0 0 0 1 0 1 0 -1 0 0 3002.DAT
0 STEP
1 86 570.0 -1560 190.0 0 0 1 0 1 0 -1 0 0 3622.DAT
0 STEP
1 86 600.0 -1584 170.0 -1 0 0 0 1 0 0 0 -1 3010.DAT
0 STEP
1 86 600.0 -168 190.0 -1 0 0 0 1 0 0 0 -1 3010.DAT
0 STEP
1 86 600.0 -456 200.0 -1 0 0 0 1 0 0 0 -1 3001.DAT
0 STEP
1 86 600.0 -912 200.0 -1 0 0 0 1 0 0 0 -1 3001.DAT
0 STEP
1 86 600.0 -72 210.0 -1 0 0 0 1 0 0 0 -1 3010.DAT
0 STEP
1 86 570.0 -168 210.0 0 0 1 0 1 0 -1 0 0 3005.DAT
0 STEP
1 86 600.0 -240 210.0 -1 0 0 0 1 0 0 0 -1 3010.DAT
0 STEP
1 86 620.0 -744 210.0 -1 0 0 0 1 0 0 0 -1 3009.DAT
0 STEP
1 86 580.0 -888 230.0 0 0 1 0 1 0 -1 0 0 3002.DAT
0 STEP
1 86 600.0 -1008 210.0 -1 0 0 0 1 0 0 0 -1 3010.DAT
0 STEP
1 86 600.0 -1632 210.0 -1 0 0 0 1 0 0 0 -1 3010.DAT
0 STEP
1 86 600.0 -1752 210.0 -1 0 0 0 1 0 0 0 -1 3010.DAT
0 STEP
1 86 600.0 -888 270.0 -1 0 0 0 1 0 0 0 -1 3010.DAT
0 STEP
1 86 570.0 -888 340.0 0 0 1 0 1 0 -1 0 0 3009.DAT
0 STEP
1 86 570.0 -888 480.0 0 0 1 0 1 0 -1 0 0 3008.DAT
0 STEP
1 86 570.0 -912 510.0 0 0 1 0 1 0 -1 0 0 3005.DAT
0 STEP
1 86 600.0 -912 530.0 -1 0 0 0 1 0 0 0 -1 3010.DAT
0 STEP
1 86 590.0 -912 560.0 -1 0 0 0 1 0 0 0 -1 3002.DAT
0 STEP
1 86 570.0 -888 570.0 0 0 1 0 1 0 -1 0 0 3005.DAT
0 STEP
1 86 590.0 -72 20.0 0 0 1 0 1 0 -1 0 0 3004.DAT
0 STEP
1 86 600.0 -96 30.0 0 0 1 0 1 0 -1 0 0 3002.DAT
0 STEP
1 86 660.0 -120 10.0 -1 0 0 0 1 0 0 0 -1 3008.DAT
0 STEP
1 86 640.0 -168 10.0 -1 0 0 0 1 0 0 0 -1 3009.DAT
0 STEP
1 86 600.0 -240 30.0 0 0 1 0 1 0 -1 0 0 3002.DAT
0 STEP
1 86 600.0 -288 30.0 0 0 1 0 1 0 -1 0 0 3002.DAT
0 STEP
1 86 600.0 -384 30.0 0 0 1 0 1 0 -1 0 0 3002.DAT
0 STEP
1 86 600.0 -432 30.0 0 0 1 0 1 0 -1 0 0 3002.DAT
0 STEP
1 86 590.0 -576 30.0 0 0 1 0 1 0 -1 0 0 3622.DAT
0 STEP
1 86 610.0 -600 10.0 -1 0 0 0 1 0 0 0 -1 3622.DAT
0 STEP
1 86 600.0 -624 10.0 -1 0 0 0 1 0 0 0 -1 3004.DAT
0 STEP
1 86 640.0 -672 10.0 -1 0 0 0 1 0 0 0 -1 3009.DAT
0 STEP
1 86 590.0 -840 20.0 0 0 1 0 1 0 -1 0 0 3004.DAT
0 STEP
1 86 620.0 -936 20.0 -1 0 0 0 1 0 0 0 -1 3001.DAT
0 STEP
1 86 590.0 -1056 20.0 0 0 1 0 1 0 -1 0 0 3004.DAT
0 STEP
1 86 600.0 -1104 30.0 0 0 1 0 1 0 -1 0 0 3002.DAT
0 STEP
1 86 600.0 -1152 30.0 0 0 1 0 1 0 -1 0 0 3002.DAT
0 STEP
1 86 620.0 -1224 20.0 -1 0 0 0 1 0 0 0 -1 3001.DAT
0 STEP
1 86 620.0 -1416 20.0 -1 0 0 0 1 0 0 0 -1 3001.DAT
0 STEP
1 86 600.0 -1440 30.0 0 0 1 0 1 0 -1 0 0 3002.DAT
0 STEP
1 86 640.0 -1488 10.0 -1 0 0 0 1 0 0 0 -1 3009.DAT
0 STEP
1 86 590.0 -1512 30.0 0 0 1 0 1 0 -1 0 0 3622.DAT
0 STEP
1 86 590.0 -1560 30.0 0 0 1 0 1 0 -1 0 0 3622.DAT
0 STEP
1 86 640.0 -1608 20.0 -1 0 0 0 1 0 0 0 -1 2456.DAT
0 STEP
1 86 590.0 -1704 20.0 0 0 1 0 1 0 -1 0 0 3004.DAT
0 STEP
1 86 590.0 -24 30.0 0 0 1 0 1 0 -1 0 0 3005.DAT
0 STEP
1 86 660.0 -168 40.0 -1 0 0 0 1 0 0 0 -1 3007.DAT
0 STEP
1 86 680.0 -624 40.0 -1 0 0 0 1 0 0 0 -1 3006.DAT
0 STEP
1 86 610.0 -672 40.0 -1 0 0 0 1 0 0 0 -1 3002.DAT
0 STEP
1 86 610.0 -1488 40.0 -1 0 0 0 1 0 0 0 -1 3002.DAT
0 STEP
1 86 590.0 -1752 80.0 0 0 1 0 1 0 -1 0 0 3009.DAT
0 STEP
1 86 590.0 -24 80.0 0 0 1 0 1 0 -1 0 0 3010.DAT
0 STEP
1 86 620.0 -72 50.0 -1 0 0 0 1 0 0 0 -1 3010.DAT
0 STEP
1 86 620.0 -456 50.0 -1 0 0 0 1 0 0 0 -1 3010.DAT
0 STEP
1 86 620.0 -936 50.0 -1 0 0 0 1 0 0 0 -1 3010.DAT
0 STEP
1 86 620.0 -1224 50.0 -1 0 0 0 1 0 0 0 -1 3010.DAT
0 STEP
1 86 640.0 -1320 50.0 -1 0 0 0 1 0 0 0 -1 3009.DAT
0 STEP
1 86 620.0 -1416 50.0 -1 0 0 0 1 0 0 0 -1 3010.DAT
0 STEP
1 86 640.0 -1608 50.0 -1 0 0 0 1 0 0 0 -1 3009.DAT
0 STEP
1 86 590.0 -1704 70.0 0 0 1 0 1 0 -1 0 0 3622.DAT
0 STEP
1 86 620.0 0 70.0 -1 0 0 0 1 0 0 0 -1 3010.DAT
0 STEP
1 86 590.0 -1728 70.0 0 0 1 0 1 0 -1 0 0 3005.DAT
0 STEP
1 86 620.0 -1728 90.0 -1 0 0 0 1 0 0 0 -1 3010.DAT
0 STEP
1 86 590.0 -1704 140.0 0 0 1 0 1 0 -1 0 0 3010.DAT
0 STEP
1 86 590.0 -24 130.0 0 0 1 0 1 0 -1 0 0 3005.DAT
0 STEP
1 86 590.0 -48 130.0 0 0 1 0 1 0 -1 0 0 3005.DAT
0 STEP
1 86 590.0 0 180.0 0 0 1 0 1 0 -1 0 0 3010.DAT
0 STEP
1 86 590.0 -48 180.0 0 0 1 0 1 0 -1 0 0 3010.DAT
0 STEP
1 86 620.0 -1752 160.0 -1 0 0 0 1 0 0 0 -1 3001.DAT
0 STEP
1 86 590.0 -96 190.0 0 0 1 0 1 0 -1 0 0 3622.DAT
0 STEP
1 86 620.0 -120 170.0 -1 0 0 0 1 0 0 0 -1 3010.DAT
0 STEP
1 86 600.0 -144 180.0 0 0 1 0 1 0 -1 0 0 3003.DAT
0 STEP
1 86 620.0 -192 180.0 -1 0 0 0 1 0 0 0 -1 3001.DAT
0 STEP
1 86 620.0 -240 180.0 -1 0 0 0 1 0 0 0 -1 3001.DAT
0 STEP
1 86 600.0 -288 190.0 0 0 1 0 1 0 -1 0 0 3002.DAT
0 STEP
1 86 600.0 -360 190.0 0 0 1 0 1 0 -1 0 0 3002.DAT
0 STEP
1 86 600.0 -408 190.0 0 0 1 0 1 0 -1 0 0 3002.DAT
0 STEP
1 86 590.0 -480 170.0 0 0 1 0 1 0 -1 0 0 3005.DAT
0 STEP
1 86 590.0 -528 180.0 0 0 1 0 1 0 -1 0 0 3004.DAT
0 STEP
1 86 590.0 -576 190.0 0 0 1 0 1 0 -1 0 0 3622.DAT
0 STEP
1 86 640.0 -648 170.0 -1 0 0 0 1 0 0 0 -1 3009.DAT
0 STEP
1 86 600.0 -672 190.0 0 0 1 0 1 0 -1 0 0 3002.DAT
0 STEP
1 86 600.0 -720 190.0 0 0 1 0 1 0 -1 0 0 3002.DAT
0 STEP
1 86 600.0 -816 190.0 0 0 1 0 1 0 -1 0 0 3002.DAT
0 STEP
1 86 600.0 -984 190.0 0 0 1 0 1 0 -1 0 0 3002.DAT
0 STEP
1 86 600.0 -1080 190.0 0 0 1 0 1 0 -1 0 0 3002.DAT
0 STEP
1 86 660.0 -1128 180.0 -1 0 0 0 1 0 0 0 -1 3007.DAT
0 STEP
1 86 640.0 -1248 170.0 -1 0 0 0 1 0 0 0 -1 3009.DAT
0 STEP
1 86 600.0 -1416 190.0 0 0 1 0 1 0 -1 0 0 3002.DAT
0 STEP
1 86 600.0 -1560 190.0 0 0 1 0 1 0 -1 0 0 3002.DAT
0 STEP
1 86 590.0 -1632 170.0 0 0 1 0 1 0 -1 0 0 3005.DAT
0 STEP
1 86 640.0 -1680 170.0 -1 0 0 0 1 0 0 0 -1 3009.DAT
0 STEP
1 86 620.0 -120 200.0 -1 0 0 0 1 0 0 0 -1 3001.DAT
0 STEP
1 86 660.0 -480 200.0 -1 0 0 0 1 0 0 0 -1 3007.DAT
0 STEP
1 86 600.0 -648 190.0 -1 0 0 0 1 0 0 0 -1 3004.DAT
0 STEP
1 86 620.0 -1056 190.0 -1 0 0 0 1 0 0 0 -1 3010.DAT
0 STEP
1 86 590.0 -1248 200.0 0 0 1 0 1 0 -1 0 0 3004.DAT
0 STEP
1 86 620.0 -1632 190.0 -1 0 0 0 1 0 0 0 -1 3010.DAT
0 STEP
1 86 640.0 -1680 200.0 -1 0 0 0 1 0 0 0 -1 2456.DAT
0 STEP
1 86 620.0 -1752 190.0 -1 0 0 0 1 0 0 0 -1 3010.DAT
0 STEP
1 86 660.0 -168 210.0 -1 0 0 0 1 0 0 0 -1 3008.DAT
0 STEP
1 86 590.0 -312 210.0 0 0 1 0 1 0 -1 0 0 3005.DAT
0 STEP
1 86 590.0 -432 210.0 0 0 1 0 1 0 -1 0 0 3005.DAT
0 STEP
1 86 620.0 -528 210.0 -1 0 0 0 1 0 0 0 -1 3010.DAT
0 STEP
1 86 610.0 -840 210.0 -1 0 0 0 1 0 0 0 -1 3622.DAT
0 STEP
1 86 590.0 -1104 210.0 0 0 1 0 1 0 -1 0 0 3005.DAT
0 STEP
1 86 610.0 -1128 210.0 -1 0 0 0 1 0 0 0 -1 3622.DAT
0 STEP
1 86 590.0 -1152 210.0 0 0 1 0 1 0 -1 0 0 3005.DAT
0 STEP
1 86 590.0 -1224 210.0 0 0 1 0 1 0 -1 0 0 3005.DAT
0 STEP
1 86 590.0 -1440 210.0 0 0 1 0 1 0 -1 0 0 3005.DAT
0 STEP
1 86 590.0 -1608 210.0 0 0 1 0 1 0 -1 0 0 3005.DAT
0 STEP
1 86 590.0 -1656 210.0 0 0 1 0 1 0 -1 0 0 3005.DAT
0 STEP
1 86 600.0 -912 250.0 -1 0 0 0 1 0 0 0 -1 3004.DAT
0 STEP
1 86 600.0 -912 320.0 0 0 1 0 1 0 -1 0 0 2456.DAT
0 STEP
1 86 610.0 -888 290.0 -1 0 0 0 1 0 0 0 -1 3622.DAT
0 STEP
1 86 620.0 -888 320.0 -1 0 0 0 1 0 0 0 -1 3001.DAT
0 STEP
1 86 620.0 -888 350.0 -1 0 0 0 1 0 0 0 -1 3010.DAT
0 STEP
1 86 620.0 -888 380.0 -1 0 0 0 1 0 0 0 -1 3001.DAT
0 STEP
1 86 590.0 -888 410.0 0 0 1 0 1 0 -1 0 0 3005.DAT
0 STEP
1 86 640.0 -888 430.0 -1 0 0 0 1 0 0 0 -1 3009.DAT
0 STEP
1 86 620.0 -888 460.0 -1 0 0 0 1 0 0 0 -1 3001.DAT
0 STEP
1 86 590.0 -912 480.0 0 0 1 0 1 0 -1 0 0 3010.DAT
0 STEP
1 86 590.0 -888 510.0 0 0 1 0 1 0 -1 0 0 3622.DAT
0 STEP
1 86 590.0 -888 580.0 0 0 1 0 1 0 -1 0 0 3010.DAT
0 STEP
1 86 600.0 -912 590.0 -1 0 0 0 1 0 0 0 -1 3004.DAT
0 STEP
1 86 600.0 -912 640.0 0 0 1 0 1 0 -1 0 0 3001.DAT
0 STEP
1 86 620.0 -888 630.0 -1 0 0 0 1 0 0 0 -1 3010.DAT
0 STEP
1 86 590.0 -888 670.0 0 0 1 0 1 0 -1 0 0 3622.DAT
0 STEP
1 86 610.0 0 20.0 0 0 1 0 1 0 -1 0 0 3004.DAT
0 STEP
1 86 640.0 -72 10.0 -1 0 0 0 1 0 0 0 -1 3010.DAT
0 STEP
1 86 620.0 -144 30.0 0 0 1 0 1 0 -1 0 0 3002.DAT
0 STEP
1 86 620.0 -336 30.0 0 0 1 0 1 0 -1 0 0 3002.DAT
0 STEP
1 86 660.0 -360 10.0 -1 0 0 0 1 0 0 0 -1 3009.DAT
0 STEP
1 86 610.0 -408 10.0 0 0 1 0 1 0 -1 0 0 3005.DAT
0 STEP
1 86 610.0 -480 30.0 0 0 1 0 1 0 -1 0 0 3622.DAT
0 STEP
1 86 620.0 -528 30.0 0 0 1 0 1 0 -1 0 0 3002.DAT
0 STEP
1 86 620.0 -576 30.0 0 0 1 0 1 0 -1 0 0 3002.DAT
0 STEP
1 86 610.0 -696 20.0 0 0 1 0 1 0 -1 0 0 3004.DAT
0 STEP
1 86 620.0 -744 30.0 0 0 1 0 1 0 -1 0 0 3002.DAT
0 STEP
1 86 620.0 -792 30.0 0 0 1 0 1 0 -1 0 0 3002.DAT
0 STEP
1 86 620.0 -840 30.0 0 0 1 0 1 0 -1 0 0 3002.DAT
0 STEP
1 86 610.0 -864 10.0 0 0 1 0 1 0 -1 0 0 3005.DAT
0 STEP
1 86 620.0 -912 30.0 0 0 1 0 1 0 -1 0 0 3002.DAT
0 STEP
1 86 610.0 -984 20.0 0 0 1 0 1 0 -1 0 0 3004.DAT
0 STEP
1 86 610.0 -1032 20.0 0 0 1 0 1 0 -1 0 0 3004.DAT
0 STEP
1 86 620.0 -1056 30.0 0 0 1 0 1 0 -1 0 0 3002.DAT
0 STEP
1 86 620.0 -1176 10.0 -1 0 0 0 1 0 0 0 -1 3004.DAT
0 STEP
1 86 610.0 -1200 30.0 0 0 1 0 1 0 -1 0 0 3622.DAT
0 STEP
1 86 610.0 -1272 30.0 0 0 1 0 1 0 -1 0 0 3622.DAT
0 STEP
1 86 610.0 -1320 10.0 0 0 1 0 1 0 -1 0 0 3005.DAT
0 STEP
1 86 640.0 -1344 10.0 -1 0 0 0 1 0 0 0 -1 3010.DAT
0 STEP
1 86 620.0 -1392 30.0 0 0 1 0 1 0 -1 0 0 3002.DAT
0 STEP
1 86 610.0 -1464 20.0 0 0 1 0 1 0 -1 0 0 3004.DAT
0 STEP
1 86 640.0 -1512 20.0 -1 0 0 0 1 0 0 0 -1 3001.DAT
0 STEP
1 86 640.0 -1560 20.0 -1 0 0 0 1 0 0 0 -1 3001.DAT
0 STEP
1 86 620.0 -1584 30.0 0 0 1 0 1 0 -1 0 0 3002.DAT
0 STEP
1 86 660.0 -1656 20.0 -1 0 0 0 1 0 0 0 -1 2456.DAT
0 STEP
1 86 610.0 -1704 10.0 0 0 1 0 1 0 -1 0 0 3005.DAT
0 STEP
1 86 620.0 -24 50.0 0 0 1 0 1 0 -1 0 0 3002.DAT
0 STEP
1 86 630.0 -72 30.0 -1 0 0 0 1 0 0 0 -1 3622.DAT
0 STEP
1 86 680.0 -216 30.0 -1 0 0 0 1 0 0 0 -1 3008.DAT
0 STEP
1 86 610.0 -600 30.0 0 0 1 0 1 0 -1 0 0 3005.DAT
0 STEP
1 86 640.0 -864 30.0 -1 0 0 0 1 0 0 0 -1 3010.DAT
0 STEP
1 86 610.0 -960 30.0 0 0 1 0 1 0 -1 0 0 3005.DAT
0 STEP
1 86 640.0 -1296 30.0 -1 0 0 0 1 0 0 0 -1 3010.DAT
0 STEP
1 86 630.0 -1344 40.0 -1 0 0 0 1 0 0 0 -1 3002.DAT
0 STEP
1 86 640.0 -1704 30.0 -1 0 0 0 1 0 0 0 -1 3010.DAT
0 STEP
1 86 610.0 -1752 30.0 0 0 1 0 1 0 -1 0 0 3005.DAT
0 STEP
1 86 640.0 -48 50.0 -1 0 0 0 1 0 0 0 -1 3010.DAT
0 STEP
1 86 630.0 -216 50.0 -1 0 0 0 1 0 0 0 -1 3622.DAT
0 STEP
1 86 620.0 -648 50.0 -1 0 0 0 1 0 0 0 -1 3004.DAT
0 STEP
1 86 610.0 -864 50.0 0 0 1 0 1 0 -1 0 0 3005.DAT
0 STEP
1 86 680.0 -984 50.0 -1 0 0 0 1 0 0 0 -1 3008.DAT
0 STEP
1 86 660.0 -1032 50.0 -1 0 0 0 1 0 0 0 -1 3009.DAT
0 STEP
1 86 610.0 -1512 50.0 0 0 1 0 1 0 -1 0 0 3005.DAT
0 STEP
1 86 640.0 -1560 50.0 -1 0 0 0 1 0 0 0 -1 3010.DAT
0 STEP
1 86 660.0 -1656 50.0 -1 0 0 0 1 0 0 0 -1 3009.DAT
0 STEP
1 86 610.0 -1704 120.0 0 0 1 0 1 0 -1 0 0 3008.DAT
0 STEP
1 86 610.0 -1752 80.0 0 0 1 0 1 0 -1 0 0 3010.DAT
0 STEP
1 86 640.0 -1728 70.0 -1 0 0 0 1 0 0 0 -1 3010.DAT
0 STEP
1 86 610.0 0 90.0 0 0 1 0 1 0 -1 0 0 3005.DAT
0 STEP
1 86 640.0 -24 100.0 -1 0 0 0 1 0 0 0 -1 3001.DAT
0 STEP
1 86 610.0 -48 140.0 0 0 1 0 1 0 -1 0 0 3010.DAT
0 STEP
1 86 610.0 0 150.0 0 0 1 0 1 0 -1 0 0 3622.DAT
0 STEP
1 86 640.0 -24 130.0 -1 0 0 0 1 0 0 0 -1 3010.DAT
0 STEP
1 86 610.0 -1752 130.0 0 0 1 0 1 0 -1 0 0 3005.DAT
0 STEP
1 86 610.0 -1728 180.0 0 0 1 0 1 0 -1 0 0 3010.DAT
0 STEP
1 86 620.0 -96 190.0 0 0 1 0 1 0 -1 0 0 3002.DAT
0 STEP
1 86 680.0 -480 170.0 -1 0 0 0 1 0 0 0 -1 3008.DAT
0 STEP
1 86 680.0 -528 180.0 -1 0 0 0 1 0 0 0 -1 3007.DAT
0 STEP
1 86 700.0 -576 180.0 -1 0 0 0 1 0 0 0 -1 3006.DAT
0 STEP
1 86 640.0 -696 180.0 -1 0 0 0 1 0 0 0 -1 3001.DAT
0 STEP
1 86 620.0 -768 190.0 0 0 1 0 1 0 -1 0 0 3002.DAT
0 STEP
1 86 640.0 -936 180.0 -1 0 0 0 1 0 0 0 -1 3001.DAT
0 STEP
1 86 610.0 -1032 190.0 0 0 1 0 1 0 -1 0 0 3622.DAT
0 STEP
1 86 640.0 -1056 170.0 -1 0 0 0 1 0 0 0 -1 3010.DAT
0 STEP
1 86 610.0 -1152 190.0 0 0 1 0 1 0 -1 0 0 3622.DAT
0 STEP
1 86 680.0 -1176 170.0 -1 0 0 0 1 0 0 0 -1 3008.DAT
0 STEP
1 86 620.0 -1224 190.0 0 0 1 0 1 0 -1 0 0 3002.DAT
0 STEP
1 86 610.0 -1320 190.0 0 0 1 0 1 0 -1 0 0 3622.DAT
0 STEP
1 86 640.0 -1344 180.0 -1 0 0 0 1 0 0 0 -1 3001.DAT
0 STEP
1 86 620.0 -1368 190.0 0 0 1 0 1 0 -1 0 0 3002.DAT
0 STEP
1 86 640.0 -1440 180.0 -1 0 0 0 1 0 0 0 -1 3001.DAT
0 STEP
1 86 620.0 -1464 190.0 0 0 1 0 1 0 -1 0 0 3002.DAT
0 STEP
1 86 620.0 -1512 190.0 0 0 1 0 1 0 -1 0 0 3002.DAT
0 STEP
1 86 660.0 -1536 170.0 -1 0 0 0 1 0 0 0 -1 3009.DAT
0 STEP
1 86 640.0 -1632 170.0 -1 0 0 0 1 0 0 0 -1 3010.DAT
0 STEP
1 86 620.0 -1656 190.0 0 0 1 0 1 0 -1 0 0 3002.DAT
0 STEP
1 86 660.0 0 190.0 -1 0 0 0 1 0 0 0 -1 3009.DAT
0 STEP
1 86 610.0 -24 190.0 0 0 1 0 1 0 -1 0 0 3005.DAT
0 STEP
1 86 660.0 -48 200.0 -1 0 0 0 1 0 0 0 -1 2456.DAT
0 STEP
1 86 610.0 -216 200.0 0 0 1 0 1 0 -1 0 0 3004.DAT
0 STEP
1 86 680.0 -312 190.0 -1 0 0 0 1 0 0 0 -1 3008.DAT
0 STEP
1 86 610.0 -432 190.0 0 0 1 0 1 0 -1 0 0 3005.DAT
0 STEP
1 86 610.0 -792 190.0 0 0 1 0 1 0 -1 0 0 3005.DAT
0 STEP
1 86 610.0 -1104 200.0 0 0 1 0 1 0 -1 0 0 3004.DAT
0 STEP
1 86 680.0 -1176 200.0 -1 0 0 0 1 0 0 0 -1 3007.DAT
0 STEP
1 86 660.0 -1248 200.0 -1 0 0 0 1 0 0 0 -1 2456.DAT
0 STEP
1 86 610.0 -1608 200.0 0 0 1 0 1 0 -1 0 0 3004.DAT
0 STEP
1 86 610.0 0 210.0 0 0 1 0 1 0 -1 0 0 3005.DAT
0 STEP
1 86 660.0 -144 210.0 -1 0 0 0 1 0 0 0 -1 3009.DAT
0 STEP
1 86 660.0 -312 210.0 -1 0 0 0 1 0 0 0 -1 3009.DAT
0 STEP
1 86 640.0 -432 210.0 -1 0 0 0 1 0 0 0 -1 3010.DAT
0 STEP
1 86 640.0 -576 210.0 -1 0 0 0 1 0 0 0 -1 3010.DAT
0 STEP
1 86 610.0 -864 240.0 0 0 1 0 1 0 -1 0 0 3010.DAT
0 STEP
1 86 660.0 -888 210.0 -1 0 0 0 1 0 0 0 -1 3009.DAT
0 STEP
1 86 640.0 -1440 210.0 -1 0 0 0 1 0 0 0 -1 3010.DAT
0 STEP
1 86 610.0 -1704 210.0 0 0 1 0 1 0 -1 0 0 3005.DAT
0 STEP
1 86 660.0 -888 240.0 -1 0 0 0 1 0 0 0 -1 2456.DAT
0 STEP
1 86 610.0 -864 320.0 0 0 1 0 1 0 -1 0 0 3004.DAT
0 STEP
1 86 610.0 -864 420.0 0 0 1 0 1 0 -1 0 0 3008.DAT
0 STEP
1 86 610.0 -912 440.0 0 0 1 0 1 0 -1 0 0 3009.DAT
0 STEP
1 86 640.0 -888 410.0 -1 0 0 0 1 0 0 0 -1 3010.DAT
0 STEP
1 86 630.0 -888 490.0 -1 0 0 0 1 0 0 0 -1 3622.DAT
0 STEP
1 86 620.0 -888 540.0 0 0 1 0 1 0 -1 0 0 3001.DAT
0 STEP
1 86 610.0 -912 510.0 0 0 1 0 1 0 -1 0 0 3005.DAT
0 STEP
1 86 620.0 -864 530.0 -1 0 0 0 1 0 0 0 -1 3004.DAT
0 STEP
1 86 610.0 -864 620.0 0 0 1 0 1 0 -1 0 0 3008.DAT
0 STEP
1 86 640.0 -888 600.0 -1 0 0 0 1 0 0 0 -1 3001.DAT
0 STEP
1 86 640.0 -888 650.0 -1 0 0 0 1 0 0 0 -1 3010.DAT
0 STEP
1 86 630.0 -888 680.0 -1 0 0 0 1 0 0 0 -1 3002.DAT
0 STEP
1 86 630.0 -912 690.0 -1 0 0 0 1 0 0 0 -1 3622.DAT
0 STEP
1 86 680.0 0 10.0 -1 0 0 0 1 0 0 0 -1 3009.DAT
0 STEP
1 86 630.0 -96 30.0 0 0 1 0 1 0 -1 0 0 3622.DAT
0 STEP
1 86 630.0 -192 30.0 0 0 1 0 1 0 -1 0 0 3622.DAT
0 STEP
1 86 640.0 -240 30.0 0 0 1 0 1 0 -1 0 0 3002.DAT
0 STEP
1 86 640.0 -288 30.0 0 0 1 0 1 0 -1 0 0 3002.DAT
0 STEP
1 86 640.0 -384 30.0 0 0 1 0 1 0 -1 0 0 3002.DAT
0 STEP
1 86 660.0 -408 10.0 -1 0 0 0 1 0 0 0 -1 3010.DAT
0 STEP
1 86 640.0 -432 30.0 0 0 1 0 1 0 -1 0 0 3002.DAT
0 STEP
1 86 640.0 -480 30.0 0 0 1 0 1 0 -1 0 0 3002.DAT
0 STEP
1 86 700.0 -624 10.0 -1 0 0 0 1 0 0 0 -1 3008.DAT
0 STEP
1 86 630.0 -696 30.0 0 0 1 0 1 0 -1 0 0 3622.DAT
0 STEP
1 86 660.0 -864 10.0 -1 0 0 0 1 0 0 0 -1 3010.DAT
0 STEP
1 86 630.0 -960 30.0 0 0 1 0 1 0 -1 0 0 3622.DAT
0 STEP
1 86 680.0 -984 20.0 -1 0 0 0 1 0 0 0 -1 2456.DAT
0 STEP
1 86 660.0 -1032 20.0 -1 0 0 0 1 0 0 0 -1 3001.DAT
0 STEP
1 86 630.0 -1104 30.0 0 0 1 0 1 0 -1 0 0 3622.DAT
0 STEP
1 86 660.0 -1152 20.0 -1 0 0 0 1 0 0 0 -1 3001.DAT
0 STEP
1 86 680.0 -1200 20.0 -1 0 0 0 1 0 0 0 -1 2456.DAT
0 STEP
1 86 640.0 -1272 30.0 0 0 1 0 1 0 -1 0 0 3002.DAT
0 STEP
1 86 700.0 -1320 10.0 -1 0 0 0 1 0 0 0 -1 3008.DAT
0 STEP
1 86 700.0 -1440 20.0 -1 0 0 0 1 0 0 0 -1 3007.DAT
0 STEP
1 86 640.0 -1464 30.0 0 0 1 0 1 0 -1 0 0 3002.DAT
0 STEP
1 86 630.0 -1536 20.0 0 0 1 0 1 0 -1 0 0 3004.DAT
0 STEP
1 86 640.0 -1632 30.0 0 0 1 0 1 0 -1 0 0 3002.DAT
0 STEP
1 86 660.0 -1704 10.0 -1 0 0 0 1 0 0 0 -1 3010.DAT
0 STEP
1 86 660.0 -1752 20.0 -1 0 0 0 1 0 0 0 -1 3001.DAT
0 STEP
1 86 660.0 0 30.0 -1 0 0 0 1 0 0 0 -1 3010.DAT
0 STEP
1 86 680.0 -264 30.0 -1 0 0 0 1 0 0 0 -1 3009.DAT
0 STEP
1 86 700.0 -312 30.0 -1 0 0 0 1 0 0 0 -1 3008.DAT
0 STEP
1 86 630.0 -600 40.0 0 0 1 0 1 0 -1 0 0 3004.DAT
0 STEP
1 86 630.0 -648 30.0 0 0 1 0 1 0 -1 0 0 3005.DAT
0 STEP
1 86 630.0 -1320 30.0 0 0 1 0 1 0 -1 0 0 3005.DAT
0 STEP
1 86 630.0 -1368 40.0 0 0 1 0 1 0 -1 0 0 3004.DAT
0 STEP
1 86 630.0 0 50.0 0 0 1 0 1 0 -1 0 0 3005.DAT
0 STEP
1 86 680.0 -360 50.0 -1 0 0 0 1 0 0 0 -1 3009.DAT
0 STEP
1 86 660.0 -864 50.0 -1 0 0 0 1 0 0 0 -1 3010.DAT
0 STEP
1 86 630.0 -888 50.0 0 0 1 0 1 0 -1 0 0 3005.DAT
0 STEP
1 86 640.0 -1008 50.0 -1 0 0 0 1 0 0 0 -1 3004.DAT
0 STEP
1 86 630.0 -1152 50.0 0 0 1 0 1 0 -1 0 0 3005.DAT
0 STEP
1 86 680.0 -1200 50.0 -1 0 0 0 1 0 0 0 -1 3009.DAT
0 STEP
1 86 630.0 -1248 50.0 0 0 1 0 1 0 -1 0 0 3005.DAT
0 STEP
1 86 700.0 -1440 50.0 -1 0 0 0 1 0 0 0 -1 3008.DAT
0 STEP
1 86 660.0 -1512 50.0 -1 0 0 0 1 0 0 0 -1 3010.DAT
0 STEP
1 86 630.0 -1704 70.0 0 0 1 0 1 0 -1 0 0 3622.DAT
0 STEP
1 86 660.0 -1752 60.0 -1 0 0 0 1 0 0 0 -1 3001.DAT
0 STEP
1 86 640.0 -48 120.0 0 0 1 0 1 0 -1 0 0 2456.DAT
0 STEP
1 86 630.0 0 120.0 0 0 1 0 1 0 -1 0 0 3010.DAT
0 STEP
1 86 640.0 -1752 110.0 0 0 1 0 1 0 -1 0 0 3002.DAT
0 STEP
1 86 630.0 -1704 160.0 0 0 1 0 1 0 -1 0 0 3009.DAT
0 STEP
1 86 630.0 -1728 170.0 0 0 1 0 1 0 -1 0 0 3622.DAT
0 STEP
1 86 630.0 0 170.0 0 0 1 0 1 0 -1 0 0 3005.DAT
0 STEP
1 86 640.0 -24 190.0 0 0 1 0 1 0 -1 0 0 3002.DAT
0 STEP
1 86 630.0 -144 170.0 0 0 1 0 1 0 -1 0 0 3005.DAT
0 STEP
1 86 630.0 -216 180.0 0 0 1 0 1 0 -1 0 0 3004.DAT
0 STEP
1 86 700.0 -264 170.0 -1 0 0 0 1 0 0 0 -1 3008.DAT
0 STEP
1 86 630.0 -288 190.0 0 0 1 0 1 0 -1 0 0 3622.DAT
0 STEP
1 86 660.0 -336 170.0 -1 0 0 0 1 0 0 0 -1 3010.DAT
0 STEP
1 86 630.0 -360 190.0 0 0 1 0 1 0 -1 0 0 3622.DAT
0 STEP
1 86 640.0 -408 190.0 0 0 1 0 1 0 -1 0 0 3002.DAT
0 STEP
1 86 630.0 -456 170.0 0 0 1 0 1 0 -1 0 0 3005.DAT
0 STEP
1 86 640.0 -504 190.0 0 0 1 0 1 0 -1 0 0 3002.DAT
0 STEP
1 86 650.0 -552 170.0 -1 0 0 0 1 0 0 0 -1 3622.DAT
0 STEP
1 86 650.0 -624 170.0 -1 0 0 0 1 0 0 0 -1 3622.DAT
0 STEP
1 86 640.0 -672 190.0 0 0 1 0 1 0 -1 0 0 3002.DAT
0 STEP
1 86 630.0 -720 190.0 0 0 1 0 1 0 -1 0 0 3622.DAT
0 STEP
1 86 630.0 -792 190.0 0 0 1 0 1 0 -1 0 0 3622.DAT
0 STEP
1 86 650.0 -816 170.0 -1 0 0 0 1 0 0 0 -1 3622.DAT
0 STEP
1 86 640.0 -984 170.0 -1 0 0 0 1 0 0 0 -1 3004.DAT
0 STEP
1 86 640.0 -1032 190.0 0 0 1 0 1 0 -1 0 0 3002.DAT
0 STEP
1 86 680.0 -1080 170.0 -1 0 0 0 1 0 0 0 -1 3009.DAT
0 STEP
1 86 640.0 -1104 190.0 0 0 1 0 1 0 -1 0 0 3002.DAT
0 STEP
1 86 640.0 -1152 190.0 0 0 1 0 1 0 -1 0 0 3002.DAT
0 STEP
1 86 630.0 -1272 190.0 0 0 1 0 1 0 -1 0 0 3622.DAT
0 STEP
1 86 640.0 -1320 190.0 0 0 1 0 1 0 -1 0 0 3002.DAT
0 STEP
1 86 630.0 -1392 170.0 0 0 1 0 1 0 -1 0 0 3005.DAT
0 STEP
1 86 630.0 -1416 190.0 0 0 1 0 1 0 -1 0 0 3622.DAT
0 STEP
1 86 640.0 -1560 190.0 0 0 1 0 1 0 -1 0 0 3002.DAT
0 STEP
1 86 630.0 -1608 190.0 0 0 1 0 1 0 -1 0 0 3622.DAT
0 STEP
1 86 660.0 -144 190.0 -1 0 0 0 1 0 0 0 -1 3010.DAT
0 STEP
1 86 660.0 -336 200.0 -1 0 0 0 1 0 0 0 -1 3001.DAT
0 STEP
1 86 660.0 -432 190.0 -1 0 0 0 1 0 0 0 -1 3010.DAT
0 STEP
1 86 650.0 -552 200.0 -1 0 0 0 1 0 0 0 -1 3002.DAT
0 STEP
1 86 660.0 -648 200.0 -1 0 0 0 1 0 0 0 -1 3001.DAT
0 STEP
1 86 680.0 -816 200.0 -1 0 0 0 1 0 0 0 -1 2456.DAT
0 STEP
1 86 680.0 -864 190.0 -1 0 0 0 1 0 0 0 -1 3009.DAT
0 STEP
1 86 720.0 -984 200.0 -1 0 0 0 1 0 0 0 -1 3006.DAT
0 STEP
1 86 680.0 -1080 200.0 -1 0 0 0 1 0 0 0 -1 2456.DAT
0 STEP
1 86 630.0 -1584 200.0 0 0 1 0 1 0 -1 0 0 3004.DAT
0 STEP
1 86 660.0 0 210.0 -1 0 0 0 1 0 0 0 -1 3010.DAT
0 STEP
1 86 660.0 -216 210.0 -1 0 0 0 1 0 0 0 -1 3010.DAT
0 STEP
1 86 700.0 -264 210.0 -1 0 0 0 1 0 0 0 -1 3008.DAT
0 STEP
1 86 630.0 -600 210.0 0 0 1 0 1 0 -1 0 0 3005.DAT
0 STEP
1 86 640.0 -864 240.0 0 0 1 0 1 0 -1 0 0 3001.DAT
0 STEP
1 86 630.0 -1200 210.0 0 0 1 0 1 0 -1 0 0 3005.DAT
0 STEP
1 86 630.0 -1392 210.0 0 0 1 0 1 0 -1 0 0 3005.DAT
0 STEP
1 86 700.0 -1728 210.0 -1 0 0 0 1 0 0 0 -1 3008.DAT
0 STEP
1 86 630.0 -912 230.0 0 0 1 0 1 0 -1 0 0 3005.DAT
0 STEP
1 86 630.0 -912 280.0 0 0 1 0 1 0 -1 0 0 3010.DAT
0 STEP
1 86 630.0 -864 340.0 0 0 1 0 1 0 -1 0 0 3010.DAT
0 STEP
1 86 630.0 -912 350.0 0 0 1 0 1 0 -1 0 0 3622.DAT
0 STEP
1 86 630.0 -864 440.0 0 0 1 0 1 0 -1 0 0 3009.DAT
0 STEP
1 86 640.0 -912 420.0 0 0 1 0 1 0 -1 0 0 3001.DAT
0 STEP
1 86 630.0 -912 490.0 0 0 1 0 1 0 -1 0 0 3622.DAT
0 STEP
1 86 630.0 -864 550.0 0 0 1 0 1 0 -1 0 0 3005.DAT
0 STEP
1 86 660.0 -912 550.0 -1 0 0 0 1 0 0 0 -1 3010.DAT
0 STEP
1 86 630.0 -864 600.0 0 0 1 0 1 0 -1 0 0 3010.DAT
0 STEP
1 86 630.0 -912 580.0 0 0 1 0 1 0 -1 0 0 3004.DAT
0 STEP
1 86 640.0 -912 640.0 0 0 1 0 1 0 -1 0 0 3001.DAT
0 STEP
1 86 630.0 -864 670.0 0 0 1 0 1 0 -1 0 0 3622.DAT
0 STEP
1 86 660.0 -24 40.0 0 0 1 0 1 0 -1 0 0 3001.DAT
0 STEP
1 86 660.0 -96 30.0 0 0 1 0 1 0 -1 0 0 3002.DAT
0 STEP
1 86 660.0 -144 30.0 0 0 1 0 1 0 -1 0 0 3002.DAT
0 STEP
1 86 660.0 -192 30.0 0 0 1 0 1 0 -1 0 0 3002.DAT
0 STEP
1 86 720.0 -216 10.0 -1 0 0 0 1 0 0 0 -1 3008.DAT
0 STEP
1 86 650.0 -264 10.0 0 0 1 0 1 0 -1 0 0 3005.DAT
0 STEP
1 86 650.0 -336 30.0 0 0 1 0 1 0 -1 0 0 3622.DAT
0 STEP
1 86 650.0 -456 20.0 0 0 1 0 1 0 -1 0 0 3004.DAT
0 STEP
1 86 700.0 -528 20.0 -1 0 0 0 1 0 0 0 -1 2456.DAT
0 STEP
1 86 650.0 -552 10.0 0 0 1 0 1 0 -1 0 0 3005.DAT
0 STEP
1 86 650.0 -576 20.0 0 0 1 0 1 0 -1 0 0 3004.DAT
0 STEP
1 86 660.0 -600 30.0 0 0 1 0 1 0 -1 0 0 3002.DAT
0 STEP
1 86 660.0 -648 30.0 0 0 1 0 1 0 -1 0 0 3002.DAT
0 STEP
1 86 660.0 -696 30.0 0 0 1 0 1 0 -1 0 0 3002.DAT
0 STEP
1 86 660.0 -744 30.0 0 0 1 0 1 0 -1 0 0 3002.DAT
0 STEP
1 86 660.0 -792 30.0 0 0 1 0 1 0 -1 0 0 3002.DAT
0 STEP
1 86 700.0 -840 20.0 -1 0 0 0 1 0 0 0 -1 2456.DAT
0 STEP
1 86 680.0 -912 20.0 -1 0 0 0 1 0 0 0 -1 3001.DAT
0 STEP
1 86 680.0 -960 10.0 -1 0 0 0 1 0 0 0 -1 3010.DAT
0 STEP
1 86 650.0 -1056 30.0 0 0 1 0 1 0 -1 0 0 3622.DAT
0 STEP
1 86 660.0 -1104 30.0 0 0 1 0 1 0 -1 0 0 3002.DAT
0 STEP
1 86 660.0 -1176 30.0 0 0 1 0 1 0 -1 0 0 3002.DAT
0 STEP
1 86 650.0 -1368 30.0 0 0 1 0 1 0 -1 0 0 3622.DAT
0 STEP
1 86 700.0 -1392 10.0 -1 0 0 0 1 0 0 0 -1 3009.DAT
0 STEP
1 86 650.0 -1536 30.0 0 0 1 0 1 0 -1 0 0 3622.DAT
0 STEP
1 86 660.0 -1584 30.0 0 0 1 0 1 0 -1 0 0 3002.DAT
0 STEP
1 86 650.0 -1680 30.0 0 0 1 0 1 0 -1 0 0 3622.DAT
0 STEP
1 86 680.0 -408 30.0 -1 0 0 0 1 0 0 0 -1 3010.DAT
0 STEP
1 86 650.0 -504 40.0 0 0 1 0 1 0 -1 0 0 3004.DAT
0 STEP
1 86 680.0 -672 30.0 -1 0 0 0 1 0 0 0 -1 3010.DAT
0 STEP
1 86 680.0 -768 30.0 -1 0 0 0 1 0 0 0 -1 3010.DAT
0 STEP
1 86 650.0 -888 40.0 0 0 1 0 1 0 -1 0 0 3004.DAT
0 STEP
1 86 650.0 -960 30.0 0 0 1 0 1 0 -1 0 0 3005.DAT
0 STEP
1 86 680.0 -1320 30.0 -1 0 0 0 1 0 0 0 -1 3010.DAT
0 STEP
1 86 670.0 -1392 30.0 -1 0 0 0 1 0 0 0 -1 3622.DAT
0 STEP
1 86 680.0 -1488 30.0 -1 0 0 0 1 0 0 0 -1 3010.DAT
0 STEP
1 86 720.0 0 50.0 -1 0 0 0 1 0 0 0 -1 3008.DAT
0 STEP
1 86 700.0 -528 50.0 -1 0 0 0 1 0 0 0 -1 3009.DAT
0 STEP
1 86 700.0 -576 50.0 -1 0 0 0 1 0 0 0 -1 3009.DAT
0 STEP
1 86 650.0 -672 50.0 0 0 1 0 1 0 -1 0 0 3005.DAT
0 STEP
1 86 720.0 -768 50.0 -1 0 0 0 1 0 0 0 -1 3008.DAT
0 STEP
1 86 650.0 -840 50.0 0 0 1 0 1 0 -1 0 0 3005.DAT
0 STEP
1 86 680.0 -912 50.0 -1 0 0 0 1 0 0 0 -1 3010.DAT
0 STEP
1 86 680.0 -960 50.0 -1 0 0 0 1 0 0 0 -1 3010.DAT
0 STEP
1 86 680.0 -1152 50.0 -1 0 0 0 1 0 0 0 -1 3010.DAT
0 STEP
1 86 680.0 -1248 50.0 -1 0 0 0 1 0 0 0 -1 3010.DAT
0 STEP
1 86 700.0 -1392 50.0 -1 0 0 0 1 0 0 0 -1 3009.DAT
0 STEP
1 86 650.0 -1488 50.0 0 0 1 0 1 0 -1 0 0 3005.DAT
0 STEP
1 86 650.0 -1704 120.0 0 0 1 0 1 0 -1 0 0 3008.DAT
0 STEP
1 86 650.0 0 90.0 0 0 1 0 1 0 -1 0 0 3005.DAT
0 STEP
1 86 650.0 0 140.0 0 0 1 0 1 0 -1 0 0 3010.DAT
0 STEP
1 86 650.0 -24 150.0 0 0 1 0 1 0 -1 0 0 3005.DAT
0 STEP
1 86 680.0 -1728 160.0 -1 0 0 0 1 0 0 0 -1 3001.DAT
0 STEP
1 86 660.0 -72 190.0 0 0 1 0 1 0 -1 0 0 3002.DAT
0 STEP
1 86 740.0 -96 180.0 -1 0 0 0 1 0 0 0 -1 3006.DAT
0 STEP
1 86 680.0 -144 170.0 -1 0 0 0 1 0 0 0 -1 3010.DAT
0 STEP
1 86 700.0 -216 170.0 -1 0 0 0 1 0 0 0 -1 3009.DAT
0 STEP
1 86 660.0 -288 190.0 0 0 1 0 1 0 -1 0 0 3002.DAT
0 STEP
1 86 660.0 -360 190.0 0 0 1 0 1 0 -1 0 0 3002.DAT
0 STEP
1 86 650.0 -456 190.0 0 0 1 0 1 0 -1 0 0 3622.DAT
0 STEP
1 86 650.0 -600 190.0 0 0 1 0 1 0 -1 0 0 3622.DAT
0 STEP
1 86 660.0 -720 190.0 0 0 1 0 1 0 -1 0 0 3002.DAT
0 STEP
1 86 670.0 -768 170.0 -1 0 0 0 1 0 0 0 -1 3622.DAT
0 STEP
1 86 660.0 -792 190.0 0 0 1 0 1 0 -1 0 0 3002.DAT
0 STEP
1 86 660.0 -840 190.0 0 0 1 0 1 0 -1 0 0 3002.DAT
0 STEP
1 86 660.0 -1200 190.0 0 0 1 0 1 0 -1 0 0 3002.DAT
0 STEP
1 86 650.0 -1224 190.0 0 0 1 0 1 0 -1 0 0 3622.DAT
0 STEP
1 86 660.0 -1272 190.0 0 0 1 0 1 0 -1 0 0 3002.DAT
0 STEP
1 86 700.0 -1368 170.0 -1 0 0 0 1 0 0 0 -1 3009.DAT
0 STEP
1 86 660.0 -1392 190.0 0 0 1 0 1 0 -1 0 0 3002.DAT
0 STEP
1 86 720.0 -1416 170.0 -1 0 0 0 1 0 0 0 -1 3008.DAT
0 STEP
1 86 660.0 -1464 170.0 -1 0 0 0 1 0 0 0 -1 3004.DAT
0 STEP
1 86 650.0 -1512 190.0 0 0 1 0 1 0 -1 0 0 3622.DAT
0 STEP
1 86 650.0 -1584 190.0 0 0 1 0 1 0 -1 0 0 3622.DAT
0 STEP
1 86 680.0 -1608 180.0 -1 0 0 0 1 0 0 0 -1 3001.DAT
0 STEP
1 86 650.0 -1656 170.0 0 0 1 0 1 0 -1 0 0 3005.DAT
0 STEP
1 86 650.0 -168 190.0 0 0 1 0 1 0 -1 0 0 3005.DAT
0 STEP
1 86 680.0 -216 190.0 -1 0 0 0 1 0 0 0 -1 3010.DAT
0 STEP
1 86 720.0 -264 190.0 -1 0 0 0 1 0 0 0 -1 3008.DAT
0 STEP
1 86 670.0 -768 200.0 -1 0 0 0 1 0 0 0 -1 3002.DAT
0 STEP
1 86 660.0 -912 220.0 0 0 1 0 1 0 -1 0 0 3001.DAT
0 STEP
1 86 650.0 -960 200.0 0 0 1 0 1 0 -1 0 0 3004.DAT
0 STEP
1 86 660.0 -1008 200.0 0 0 1 0 1 0 -1 0 0 3003.DAT
0 STEP
1 86 650.0 -1368 190.0 0 0 1 0 1 0 -1 0 0 3005.DAT
0 STEP
1 86 650.0 -1416 190.0 0 0 1 0 1 0 -1 0 0 3005.DAT
0 STEP
1 86 680.0 -1464 200.0 -1 0 0 0 1 0 0 0 -1 3001.DAT
0 STEP
1 86 700.0 -1656 200.0 -1 0 0 0 1 0 0 0 -1 2456.DAT
0 STEP
1 86 720.0 -1728 190.0 -1 0 0 0 1 0 0 0 -1 3008.DAT
0 STEP
1 86 650.0 -96 210.0 0 0 1 0 1 0 -1 0 0 3005.DAT
0 STEP
1 86 650.0 -192 210.0 0 0 1 0 1 0 -1 0 0 3005.DAT
0 STEP
1 86 650.0 -240 210.0 0 0 1 0 1 0 -1 0 0 3005.DAT
0 STEP
1 86 680.0 -1128 210.0 -1 0 0 0 1 0 0 0 -1 3010.DAT
0 STEP
1 86 700.0 -1368 210.0 -1 0 0 0 1 0 0 0 -1 3009.DAT
0 STEP
1 86 720.0 -1416 210.0 -1 0 0 0 1 0 0 0 -1 3008.DAT
0 STEP
1 86 680.0 -1608 210.0 -1 0 0 0 1 0 0 0 -1 3010.DAT
0 STEP
1 86 650.0 -1632 210.0 0 0 1 0 1 0 -1 0 0 3005.DAT
0 STEP
1 86 650.0 -1704 210.0 0 0 1 0 1 0 -1 0 0 3005.DAT
0 STEP
1 86 650.0 -1752 210.0 0 0 1 0 1 0 -1 0 0 3005.DAT
0 STEP
1 86 680.0 -888 280.0 -1 0 0 0 1 0 0 0 -1 3001.DAT
0 STEP
1 86 650.0 -912 320.0 0 0 1 0 1 0 -1 0 0 3009.DAT
0 STEP
1 86 650.0 -864 340.0 0 0 1 0 1 0 -1 0 0 3009.DAT
0 STEP
1 86 650.0 -864 410.0 0 0 1 0 1 0 -1 0 0 3005.DAT
0 STEP
1 86 650.0 -864 460.0 0 0 1 0 1 0 -1 0 0 3010.DAT
0 STEP
1 86 650.0 -912 500.0 0 0 1 0 1 0 -1 0 0 3010.DAT
0 STEP
1 86 650.0 -864 510.0 0 0 1 0 1 0 -1 0 0 3005.DAT
0 STEP
1 86 650.0 -888 530.0 0 0 1 0 1 0 -1 0 0 3622.DAT
0 STEP
1 86 660.0 -864 600.0 0 0 1 0 1 0 -1 0 0 3007.DAT
0 STEP
1 86 670.0 -888 570.0 -1 0 0 0 1 0 0 0 -1 3622.DAT
0 STEP
1 86 680.0 -912 570.0 -1 0 0 0 1 0 0 0 -1 3010.DAT
0 STEP
1 86 650.0 -912 590.0 0 0 1 0 1 0 -1 0 0 3005.DAT
0 STEP
1 86 660.0 -864 690.0 -1 0 0 0 1 0 0 0 -1 3004.DAT
0 STEP
1 86 670.0 -48 10.0 0 0 1 0 1 0 -1 0 0 3005.DAT
0 STEP
1 86 680.0 -240 30.0 0 0 1 0 1 0 -1 0 0 3002.DAT
0 STEP
1 86 700.0 -264 10.0 -1 0 0 0 1 0 0 0 -1 3010.DAT
0 STEP
1 86 680.0 -288 30.0 0 0 1 0 1 0 -1 0 0 3002.DAT
0 STEP
1 86 680.0 -336 30.0 0 0 1 0 1 0 -1 0 0 3002.DAT
0 STEP
1 86 670.0 -384 30.0 0 0 1 0 1 0 -1 0 0 3622.DAT
0 STEP
1 86 740.0 -432 10.0 -1 0 0 0 1 0 0 0 -1 3008.DAT
0 STEP
1 86 680.0 -456 30.0 0 0 1 0 1 0 -1 0 0 3002.DAT
0 STEP
1 86 720.0 -480 10.0 -1 0 0 0 1 0 0 0 -1 3009.DAT
0 STEP
1 86 680.0 -504 30.0 0 0 1 0 1 0 -1 0 0 3002.DAT
0 STEP
1 86 680.0 -552 30.0 0 0 1 0 1 0 -1 0 0 3002.DAT
0 STEP
1 86 700.0 -576 20.0 -1 0 0 0 1 0 0 0 -1 3001.DAT
0 STEP
1 86 680.0 -888 30.0 0 0 1 0 1 0 -1 0 0 3002.DAT
0 STEP
1 86 680.0 -936 30.0 0 0 1 0 1 0 -1 0 0 3002.DAT
0 STEP
1 86 680.0 -1008 30.0 0 0 1 0 1 0 -1 0 0 3002.DAT
0 STEP
1 86 680.0 -1056 30.0 0 0 1 0 1 0 -1 0 0 3002.DAT
0 STEP
1 86 670.0 -1224 30.0 0 0 1 0 1 0 -1 0 0 3622.DAT
0 STEP
1 86 670.0 -1272 10.0 0 0 1 0 1 0 -1 0 0 3005.DAT
0 STEP
1 86 680.0 -1368 30.0 0 0 1 0 1 0 -1 0 0 3002.DAT
0 STEP
1 86 670.0 -1416 30.0 0 0 1 0 1 0 -1 0 0 3622.DAT
0 STEP
1 86 670.0 -1464 30.0 0 0 1 0 1 0 -1 0 0 3622.DAT
0 STEP
1 86 720.0 -1536 20.0 -1 0 0 0 1 0 0 0 -1 2456.DAT
0 STEP
1 86 680.0 -1632 30.0 0 0 1 0 1 0 -1 0 0 3002.DAT
0 STEP
1 86 670.0 -1680 10.0 0 0 1 0 1 0 -1 0 0 3005.DAT
0 STEP
1 86 670.0 -1728 30.0 0 0 1 0 1 0 -1 0 0 3622.DAT
0 STEP
1 86 670.0 -72 40.0 0 0 1 0 1 0 -1 0 0 3004.DAT
0 STEP
1 86 700.0 -360 30.0 -1 0 0 0 1 0 0 0 -1 3010.DAT
0 STEP
1 86 690.0 -432 40.0 -1 0 0 0 1 0 0 0 -1 3002.DAT
0 STEP
1 86 670.0 -480 30.0 0 0 1 0 1 0 -1 0 0 3005.DAT
0 STEP
1 86 700.0 -960 30.0 -1 0 0 0 1 0 0 0 -1 3010.DAT
0 STEP
1 86 720.0 -1128 30.0 -1 0 0 0 1 0 0 0 -1 3009.DAT
0 STEP
1 86 720.0 -1272 40.0 -1 0 0 0 1 0 0 0 -1 2456.DAT
0 STEP
1 86 670.0 -1344 30.0 0 0 1 0 1 0 -1 0 0 3005.DAT
0 STEP
1 86 720.0 -1680 40.0 -1 0 0 0 1 0 0 0 -1 2456.DAT
0 STEP
1 86 700.0 -216 50.0 -1 0 0 0 1 0 0 0 -1 3010.DAT
0 STEP
1 86 720.0 -480 50.0 -1 0 0 0 1 0 0 0 -1 3009.DAT
0 STEP
1 86 700.0 -672 50.0 -1 0 0 0 1 0 0 0 -1 3010.DAT
0 STEP
1 86 720.0 -840 50.0 -1 0 0 0 1 0 0 0 -1 3009.DAT
0 STEP
1 86 690.0 -1080 50.0 -1 0 0 0 1 0 0 0 -1 3622.DAT
0 STEP
1 86 670.0 -1296 50.0 0 0 1 0 1 0 -1 0 0 3005.DAT
0 STEP
1 86 720.0 -1344 50.0 -1 0 0 0 1 0 0 0 -1 3009.DAT
0 STEP
1 86 700.0 -1488 50.0 -1 0 0 0 1 0 0 0 -1 3010.DAT
0 STEP
1 86 670.0 -1536 50.0 0 0 1 0 1 0 -1 0 0 3005.DAT
0 STEP
1 86 670.0 -1704 70.0 0 0 1 0 1 0 -1 0 0 3622.DAT
0 STEP
1 86 670.0 0 70.0 0 0 1 0 1 0 -1 0 0 3005.DAT
0 STEP
1 86 670.0 -48 100.0 0 0 1 0 1 0 -1 0 0 3010.DAT
0 STEP
1 86 700.0 0 100.0 -1 0 0 0 1 0 0 0 -1 3001.DAT
0 STEP
1 86 690.0 -1728 90.0 -1 0 0 0 1 0 0 0 -1 3622.DAT
0 STEP
1 86 670.0 -1752 120.0 0 0 1 0 1 0 -1 0 0 3010.DAT
0 STEP
1 86 670.0 -1704 140.0 0 0 1 0 1 0 -1 0 0 3010.DAT
0 STEP
1 86 700.0 0 140.0 -1 0 0 0 1 0 0 0 -1 3001.DAT
0 STEP
1 86 680.0 -24 180.0 0 0 1 0 1 0 -1 0 0 3001.DAT
0 STEP
1 86 670.0 -48 150.0 0 0 1 0 1 0 -1 0 0 3005.DAT
0 STEP
1 86 690.0 0 170.0 -1 0 0 0 1 0 0 0 -1 3622.DAT
0 STEP
1 86 700.0 -48 170.0 -1 0 0 0 1 0 0 0 -1 3010.DAT
0 STEP
1 86 670.0 -120 190.0 0 0 1 0 1 0 -1 0 0 3622.DAT
0 STEP
1 86 700.0 -168 180.0 -1 0 0 0 1 0 0 0 -1 3001.DAT
0 STEP
1 86 680.0 -192 190.0 0 0 1 0 1 0 -1 0 0 3002.DAT
0 STEP
1 86 680.0 -240 190.0 0 0 1 0 1 0 -1 0 0 3002.DAT
0 STEP
1 86 720.0 -312 170.0 -1 0 0 0 1 0 0 0 -1 3009.DAT
0 STEP
1 86 670.0 -384 170.0 0 0 1 0 1 0 -1 0 0 3005.DAT
0 STEP
1 86 700.0 -408 180.0 -1 0 0 0 1 0 0 0 -1 3001.DAT
0 STEP
1 86 680.0 -456 190.0 0 0 1 0 1 0 -1 0 0 3002.DAT
0 STEP
1 86 680.0 -504 190.0 0 0 1 0 1 0 -1 0 0 3002.DAT
0 STEP
1 86 700.0 -600 180.0 -1 0 0 0 1 0 0 0 -1 3001.DAT
0 STEP
1 86 680.0 -672 190.0 0 0 1 0 1 0 -1 0 0 3002.DAT
0 STEP
1 86 670.0 -744 170.0 0 0 1 0 1 0 -1 0 0 3005.DAT
0 STEP
1 86 680.0 -960 190.0 0 0 1 0 1 0 -1 0 0 3002.DAT
0 STEP
1 86 740.0 -984 170.0 -1 0 0 0 1 0 0 0 -1 3008.DAT
0 STEP
1 86 720.0 -1032 180.0 -1 0 0 0 1 0 0 0 -1 2456.DAT
0 STEP
1 86 670.0 -1104 190.0 0 0 1 0 1 0 -1 0 0 3622.DAT
0 STEP
1 86 680.0 -1152 190.0 0 0 1 0 1 0 -1 0 0 3002.DAT
0 STEP
1 86 670.0 -1224 170.0 0 0 1 0 1 0 -1 0 0 3005.DAT
0 STEP
1 86 720.0 -1320 180.0 -1 0 0 0 1 0 0 0 -1 2456.DAT
0 STEP
1 86 680.0 -1512 190.0 0 0 1 0 1 0 -1 0 0 3002.DAT
0 STEP
1 86 680.0 -1560 170.0 -1 0 0 0 1 0 0 0 -1 3004.DAT
0 STEP
1 86 680.0 -1584 190.0 0 0 1 0 1 0 -1 0 0 3002.DAT
0 STEP
1 86 700.0 -1656 170.0 -1 0 0 0 1 0 0 0 -1 3010.DAT
0 STEP
1 86 680.0 -1752 190.0 0 0 1 0 1 0 -1 0 0 3002.DAT
0 STEP
1 86 670.0 -1056 190.0 0 0 1 0 1 0 -1 0 0 3005.DAT
0 STEP
1 86 700.0 -1224 190.0 -1 0 0 0 1 0 0 0 -1 3010.DAT
0 STEP
1 86 720.0 -1368 190.0 -1 0 0 0 1 0 0 0 -1 3009.DAT
0 STEP
1 86 720.0 -1416 190.0 -1 0 0 0 1 0 0 0 -1 3009.DAT
0 STEP
1 86 700.0 -1560 190.0 -1 0 0 0 1 0 0 0 -1 3010.DAT
0 STEP
1 86 670.0 -1632 200.0 0 0 1 0 1 0 -1 0 0 3004.DAT
0 STEP
1 86 670.0 -1704 190.0 0 0 1 0 1 0 -1 0 0 3005.DAT
0 STEP
1 86 700.0 -96 210.0 -1 0 0 0 1 0 0 0 -1 3010.DAT
0 STEP
1 86 670.0 -384 210.0 0 0 1 0 1 0 -1 0 0 3005.DAT
0 STEP
1 86 700.0 -408 210.0 -1 0 0 0 1 0 0 0 -1 3010.DAT
0 STEP
1 86 720.0 -528 210.0 -1 0 0 0 1 0 0 0 -1 3009.DAT
0 STEP
1 86 700.0 -600 210.0 -1 0 0 0 1 0 0 0 -1 3010.DAT
0 STEP
1 86 700.0 -696 210.0 -1 0 0 0 1 0 0 0 -1 3010.DAT
0 STEP
1 86 680.0 -864 260.0 0 0 1 0 1 0 -1 0 0 2456.DAT
0 STEP
1 86 720.0 -1032 210.0 -1 0 0 0 1 0 0 0 -1 3009.DAT
0 STEP
1 86 670.0 -1224 210.0 0 0 1 0 1 0 -1 0 0 3005.DAT
0 STEP
1 86 670.0 -1296 210.0 0 0 1 0 1 0 -1 0 0 3005.DAT
0 STEP
1 86 670.0 -1320 210.0 0 0 1 0 1 0 -1 0 0 3005.DAT
0 STEP
1 86 670.0 -1344 210.0 0 0 1 0 1 0 -1 0 0 3005.DAT
0 STEP
1 86 680.0 -1488 210.0 -1 0 0 0 1 0 0 0 -1 3004.DAT
0 STEP
1 86 690.0 -1536 210.0 -1 0 0 0 1 0 0 0 -1 3622.DAT
0 STEP
1 86 670.0 -1560 210.0 0 0 1 0 1 0 -1 0 0 3005.DAT
0 STEP
1 86 700.0 -1704 210.0 -1 0 0 0 1 0 0 0 -1 3010.DAT
0 STEP
1 86 670.0 -912 300.0 0 0 1 0 1 0 -1 0 0 3010.DAT
0 STEP
1 86 670.0 -888 340.0 0 0 1 0 1 0 -1 0 0 3010.DAT
0 STEP
1 86 700.0 -864 340.0 -1 0 0 0 1 0 0 0 -1 3001.DAT
0 STEP
1 86 670.0 -912 350.0 0 0 1 0 1 0 -1 0 0 3005.DAT
0 STEP
1 86 700.0 -864 380.0 -1 0 0 0 1 0 0 0 -1 3001.DAT
0 STEP
1 86 690.0 -912 380.0 -1 0 0 0 1 0 0 0 -1 3002.DAT
0 STEP
1 86 670.0 -888 390.0 0 0 1 0 1 0 -1 0 0 3005.DAT
0 STEP
1 86 670.0 -864 440.0 0 0 1 0 1 0 -1 0 0 3010.DAT
0 STEP
1 86 680.0 -912 440.0 0 0 1 0 1 0 -1 0 0 3001.DAT
0 STEP
1 86 680.0 -888 450.0 -1 0 0 0 1 0 0 0 -1 3004.DAT
0 STEP
1 86 670.0 -888 500.0 0 0 1 0 1 0 -1 0 0 3010.DAT
0 STEP
1 86 670.0 -864 490.0 0 0 1 0 1 0 -1 0 0 3005.DAT
0 STEP
1 86 690.0 -912 490.0 -1 0 0 0 1 0 0 0 -1 3622.DAT
0 STEP
1 86 700.0 -864 510.0 -1 0 0 0 1 0 0 0 -1 3010.DAT
0 STEP
1 86 670.0 -912 520.0 0 0 1 0 1 0 -1 0 0 3004.DAT
0 STEP
1 86 670.0 -888 550.0 0 0 1 0 1 0 -1 0 0 3005.DAT
0 STEP
1 86 690.0 -912 600.0 -1 0 0 0 1 0 0 0 -1 3002.DAT
0 STEP
1 86 670.0 -888 630.0 0 0 1 0 1 0 -1 0 0 3005.DAT
0 STEP
1 86 700.0 -912 630.0 -1 0 0 0 1 0 0 0 -1 3010.DAT
0 STEP
1 86 670.0 -912 670.0 0 0 1 0 1 0 -1 0 0 3622.DAT
0 STEP
1 86 670.0 -888 670.0 0 0 1 0 1 0 -1 0 0 3005.DAT
0 STEP
1 86 740.0 -888 690.0 -1 0 0 0 1 0 0 0 -1 3008.DAT
0 STEP
1 86 690.0 -24 40.0 0 0 1 0 1 0 -1 0 0 3010.DAT
0 STEP
1 86 720.0 -48 10.0 -1 0 0 0 1 0 0 0 -1 3010.DAT
0 STEP
1 86 700.0 -72 30.0 0 0 1 0 1 0 -1 0 0 3002.DAT
0 STEP
1 86 690.0 -96 10.0 0 0 1 0 1 0 -1 0 0 3005.DAT
0 STEP
1 86 700.0 -144 30.0 0 0 1 0 1 0 -1 0 0 3002.DAT
0 STEP
1 86 690.0 -192 30.0 0 0 1 0 1 0 -1 0 0 3622.DAT
0 STEP
1 86 720.0 -312 10.0 -1 0 0 0 1 0 0 0 -1 3010.DAT
0 STEP
1 86 700.0 -384 30.0 0 0 1 0 1 0 -1 0 0 3002.DAT
0 STEP
1 86 700.0 -600 30.0 0 0 1 0 1 0 -1 0 0 3002.DAT
0 STEP
1 86 700.0 -648 30.0 0 0 1 0 1 0 -1 0 0 3002.DAT
0 STEP
1 86 690.0 -696 30.0 0 0 1 0 1 0 -1 0 0 3622.DAT
0 STEP
1 86 720.0 -744 20.0 -1 0 0 0 1 0 0 0 -1 3001.DAT
0 STEP
1 86 700.0 -792 30.0 0 0 1 0 1 0 -1 0 0 3002.DAT
0 STEP
1 86 690.0 -1104 10.0 0 0 1 0 1 0 -1 0 0 3005.DAT
0 STEP
1 86 740.0 -1176 10.0 -1 0 0 0 1 0 0 0 -1 3009.DAT
0 STEP
1 86 690.0 -1224 10.0 0 0 1 0 1 0 -1 0 0 3005.DAT
0 STEP
1 86 760.0 -1272 10.0 -1 0 0 0 1 0 0 0 -1 3008.DAT
0 STEP
1 86 700.0 -1296 30.0 0 0 1 0 1 0 -1 0 0 3002.DAT
0 STEP
1 86 690.0 -1344 10.0 0 0 1 0 1 0 -1 0 0 3005.DAT
0 STEP
1 86 700.0 -1416 30.0 0 0 1 0 1 0 -1 0 0 3002.DAT
0 STEP
1 86 700.0 -1464 30.0 0 0 1 0 1 0 -1 0 0 3002.DAT
0 STEP
1 86 690.0 -1512 20.0 0 0 1 0 1 0 -1 0 0 3004.DAT
0 STEP
1 86 700.0 -1560 30.0 0 0 1 0 1 0 -1 0 0 3002.DAT
0 STEP
1 86 720.0 -1584 10.0 -1 0 0 0 1 0 0 0 -1 3010.DAT
0 STEP
1 86 720.0 -1680 10.0 -1 0 0 0 1 0 0 0 -1 3010.DAT
0 STEP
1 86 690.0 -1728 40.0 0 0 1 0 1 0 -1 0 0 3010.DAT
0 STEP
1 86 690.0 -48 60.0 0 0 1 0 1 0 -1 0 0 3010.DAT
0 STEP
1 86 720.0 -96 40.0 -1 0 0 0 1 0 0 0 -1 3001.DAT
0 STEP
1 86 740.0 -480 30.0 -1 0 0 0 1 0 0 0 -1 3009.DAT
0 STEP
1 86 690.0 -864 30.0 0 0 1 0 1 0 -1 0 0 3005.DAT
0 STEP
1 86 720.0 -1104 40.0 -1 0 0 0 1 0 0 0 -1 3001.DAT
0 STEP
1 86 700.0 -1176 40.0 0 0 1 0 1 0 -1 0 0 3003.DAT
0 STEP
1 86 700.0 -1224 40.0 0 0 1 0 1 0 -1 0 0 3003.DAT
0 STEP
1 86 740.0 -1344 30.0 -1 0 0 0 1 0 0 0 -1 3009.DAT
0 STEP
1 86 690.0 -1584 40.0 0 0 1 0 1 0 -1 0 0 3004.DAT
0 STEP
1 86 690.0 -1704 30.0 0 0 1 0 1 0 -1 0 0 3005.DAT
0 STEP
1 86 710.0 -264 50.0 -1 0 0 0 1 0 0 0 -1 3622.DAT
0 STEP
1 86 700.0 -408 50.0 -1 0 0 0 1 0 0 0 -1 3004.DAT
0 STEP
1 86 720.0 -744 50.0 -1 0 0 0 1 0 0 0 -1 3010.DAT
0 STEP
1 86 690.0 -1128 50.0 0 0 1 0 1 0 -1 0 0 3005.DAT
0 STEP
1 86 720.0 -1536 50.0 -1 0 0 0 1 0 0 0 -1 3010.DAT
0 STEP
1 86 690.0 -1704 120.0 0 0 1 0 1 0 -1 0 0 3008.DAT
0 STEP
1 86 740.0 0 70.0 -1 0 0 0 1 0 0 0 -1 3009.DAT
0 STEP
1 86 690.0 -24 110.0 0 0 1 0 1 0 -1 0 0 3622.DAT
0 STEP
1 86 690.0 -1752 90.0 0 0 1 0 1 0 -1 0 0 3005.DAT
0 STEP
1 86 720.0 -48 120.0 -1 0 0 0 1 0 0 0 -1 3001.DAT
0 STEP
1 86 720.0 -1752 110.0 -1 0 0 0 1 0 0 0 -1 3010.DAT
0 STEP
1 86 690.0 -1752 140.0 0 0 1 0 1 0 -1 0 0 3004.DAT
0 STEP
1 86 760.0 -48 150.0 -1 0 0 0 1 0 0 0 -1 3008.DAT
0 STEP
1 86 690.0 -72 190.0 0 0 1 0 1 0 -1 0 0 3622.DAT
0 STEP
1 86 720.0 -120 180.0 -1 0 0 0 1 0 0 0 -1 3001.DAT
0 STEP
1 86 690.0 -288 190.0 0 0 1 0 1 0 -1 0 0 3622.DAT
0 STEP
1 86 740.0 -360 170.0 -1 0 0 0 1 0 0 0 -1 3009.DAT
0 STEP
1 86 700.0 -384 190.0 0 0 1 0 1 0 -1 0 0 3002.DAT
0 STEP
1 86 690.0 -432 170.0 0 0 1 0 1 0 -1 0 0 3005.DAT
0 STEP
1 86 700.0 -552 190.0 0 0 1 0 1 0 -1 0 0 3002.DAT
0 STEP
1 86 700.0 -624 190.0 0 0 1 0 1 0 -1 0 0 3002.DAT
0 STEP
1 86 710.0 -696 180.0 -1 0 0 0 1 0 0 0 -1 3002.DAT
0 STEP
1 86 700.0 -720 190.0 0 0 1 0 1 0 -1 0 0 3002.DAT
0 STEP
1 86 720.0 -744 180.0 -1 0 0 0 1 0 0 0 -1 3001.DAT
0 STEP
1 86 700.0 -792 190.0 0 0 1 0 1 0 -1 0 0 3002.DAT
0 STEP
1 86 720.0 -816 170.0 -1 0 0 0 1 0 0 0 -1 3010.DAT
0 STEP
1 86 690.0 -840 190.0 0 0 1 0 1 0 -1 0 0 3622.DAT
0 STEP
1 86 760.0 -936 180.0 -1 0 0 0 1 0 0 0 -1 3007.DAT
0 STEP
1 86 690.0 -1008 190.0 0 0 1 0 1 0 -1 0 0 3622.DAT
0 STEP
1 86 700.0 -1056 190.0 0 0 1 0 1 0 -1 0 0 3002.DAT
0 STEP
1 86 700.0 -1104 190.0 0 0 1 0 1 0 -1 0 0 3002.DAT
0 STEP
1 86 700.0 -1200 190.0 0 0 1 0 1 0 -1 0 0 3002.DAT
0 STEP
1 86 720.0 -1224 170.0 -1 0 0 0 1 0 0 0 -1 3010.DAT
0 STEP
1 86 720.0 -1272 170.0 -1 0 0 0 1 0 0 0 -1 3010.DAT
0 STEP
1 86 700.0 -1296 190.0 0 0 1 0 1 0 -1 0 0 3002.DAT
0 STEP
1 86 700.0 -1344 190.0 0 0 1 0 1 0 -1 0 0 3002.DAT
0 STEP
1 86 700.0 -1392 190.0 0 0 1 0 1 0 -1 0 0 3002.DAT
0 STEP
1 86 700.0 -1440 190.0 0 0 1 0 1 0 -1 0 0 3002.DAT
0 STEP
1 86 760.0 -1464 170.0 -1 0 0 0 1 0 0 0 -1 3008.DAT
0 STEP
1 86 700.0 -1632 190.0 0 0 1 0 1 0 -1 0 0 3002.DAT
0 STEP
1 86 690.0 -360 200.0 0 0 1 0 1 0 -1 0 0 3004.DAT
0 STEP
1 86 720.0 -912 200.0 -1 0 0 0 1 0 0 0 -1 3001.DAT
0 STEP
1 86 690.0 -1272 200.0 0 0 1 0 1 0 -1 0 0 3004.DAT
0 STEP
1 86 690.0 -1488 190.0 0 0 1 0 1 0 -1 0 0 3005.DAT
0 STEP
1 86 700.0 -1536 190.0 -1 0 0 0 1 0 0 0 -1 3004.DAT
0 STEP
1 86 720.0 -120 210.0 -1 0 0 0 1 0 0 0 -1 3010.DAT
0 STEP
1 86 690.0 -432 210.0 0 0 1 0 1 0 -1 0 0 3005.DAT
0 STEP
1 86 690.0 -576 210.0 0 0 1 0 1 0 -1 0 0 3005.DAT
0 STEP
1 86 720.0 -744 210.0 -1 0 0 0 1 0 0 0 -1 3010.DAT
0 STEP
1 86 720.0 -1224 210.0 -1 0 0 0 1 0 0 0 -1 3010.DAT
0 STEP
1 86 720.0 -1320 210.0 -1 0 0 0 1 0 0 0 -1 3010.DAT
0 STEP
1 86 720.0 -1560 210.0 -1 0 0 0 1 0 0 0 -1 3010.DAT
0 STEP
1 86 690.0 -912 260.0 0 0 1 0 1 0 -1 0 0 3010.DAT
0 STEP
1 86 700.0 -888 340.0 0 0 1 0 1 0 -1 0 0 3001.DAT
0 STEP
1 86 690.0 -912 310.0 0 0 1 0 1 0 -1 0 0 3005.DAT
0 STEP
1 86 720.0 -912 340.0 -1 0 0 0 1 0 0 0 -1 3001.DAT
0 STEP
1 86 690.0 -888 400.0 0 0 1 0 1 0 -1 0 0 3004.DAT
0 STEP
1 86 740.0 -864 410.0 -1 0 0 0 1 0 0 0 -1 3009.DAT
0 STEP
1 86 690.0 -864 460.0 0 0 1 0 1 0 -1 0 0 3010.DAT
0 STEP
1 86 690.0 -888 470.0 0 0 1 0 1 0 -1 0 0 3005.DAT
0 STEP
1 86 690.0 -888 520.0 0 0 1 0 1 0 -1 0 0 3010.DAT
0 STEP
1 86 720.0 -912 520.0 -1 0 0 0 1 0 0 0 -1 3001.DAT
0 STEP
1 86 690.0 -864 530.0 0 0 1 0 1 0 -1 0 0 3005.DAT
0 STEP
1 86 690.0 -864 580.0 0 0 1 0 1 0 -1 0 0 3010.DAT
0 STEP
1 86 690.0 -888 590.0 0 0 1 0 1 0 -1 0 0 3005.DAT
0 STEP
1 86 690.0 -888 640.0 0 0 1 0 1 0 -1 0 0 3010.DAT
0 STEP
1 86 720.0 -864 630.0 -1 0 0 0 1 0 0 0 -1 3010.DAT
0 STEP
1 86 700.0 -864 670.0 0 0 1 0 1 0 -1 0 0 3002.DAT
0 STEP
1 86 720.0 -912 650.0 -1 0 0 0 1 0 0 0 -1 3010.DAT
0 STEP
1 86 690.0 -912 680.0 0 0 1 0 1 0 -1 0 0 3004.DAT
0 STEP
1 86 720.0 -24 10.0 -1 0 0 0 1 0 0 0 -1 3004.DAT
0 STEP
1 86 780.0 -96 10.0 -1 0 0 0 1 0 0 0 -1 3008.DAT
0 STEP
1 86 780.0 -168 10.0 -1 0 0 0 1 0 0 0 -1 3008.DAT
0 STEP
1 86 720.0 -192 30.0 0 0 1 0 1 0 -1 0 0 3002.DAT
0 STEP
1 86 710.0 -240 30.0 0 0 1 0 1 0 -1 0 0 3622.DAT
0 STEP
1 86 720.0 -288 30.0 0 0 1 0 1 0 -1 0 0 3002.DAT
0 STEP
1 86 710.0 -336 30.0 0 0 1 0 1 0 -1 0 0 3622.DAT
0 STEP
1 86 710.0 -408 10.0 0 0 1 0 1 0 -1 0 0 3005.DAT
0 STEP
1 86 710.0 -456 30.0 0 0 1 0 1 0 -1 0 0 3622.DAT
0 STEP
1 86 720.0 -504 30.0 0 0 1 0 1 0 -1 0 0 3002.DAT
0 STEP
1 86 720.0 -552 30.0 0 0 1 0 1 0 -1 0 0 3002.DAT
0 STEP
1 86 710.0 -672 10.0 0 0 1 0 1 0 -1 0 0 3005.DAT
0 STEP
1 86 740.0 -696 20.0 -1 0 0 0 1 0 0 0 -1 3001.DAT
0 STEP
1 86 710.0 -768 10.0 0 0 1 0 1 0 -1 0 0 3005.DAT
0 STEP
1 86 710.0 -816 30.0 0 0 1 0 1 0 -1 0 0 3622.DAT
0 STEP
1 86 720.0 -864 30.0 0 0 1 0 1 0 -1 0 0 3002.DAT
0 STEP
1 86 730.0 -888 20.0 -1 0 0 0 1 0 0 0 -1 3002.DAT
0 STEP
1 86 740.0 -936 10.0 -1 0 0 0 1 0 0 0 -1 3010.DAT
0 STEP
1 86 710.0 -1008 10.0 0 0 1 0 1 0 -1 0 0 3005.DAT
0 STEP
1 86 710.0 -1032 20.0 0 0 1 0 1 0 -1 0 0 3004.DAT
0 STEP
1 86 730.0 -1056 20.0 -1 0 0 0 1 0 0 0 -1 3002.DAT
0 STEP
1 86 710.0 -1080 10.0 0 0 1 0 1 0 -1 0 0 3005.DAT
0 STEP
1 86 740.0 -1104 10.0 -1 0 0 0 1 0 0 0 -1 3010.DAT
0 STEP
1 86 710.0 -1152 20.0 0 0 1 0 1 0 -1 0 0 3004.DAT
0 STEP
1 86 780.0 -1224 10.0 -1 0 0 0 1 0 0 0 -1 3008.DAT
0 STEP
1 86 760.0 -1344 10.0 -1 0 0 0 1 0 0 0 -1 3009.DAT
0 STEP
1 86 720.0 -1368 30.0 0 0 1 0 1 0 -1 0 0 3002.DAT
0 STEP
1 86 710.0 -1488 10.0 0 0 1 0 1 0 -1 0 0 3005.DAT
0 STEP
1 86 710.0 -1512 30.0 0 0 1 0 1 0 -1 0 0 3622.DAT
0 STEP
1 86 710.0 -1608 30.0 0 0 1 0 1 0 -1 0 0 3622.DAT
0 STEP
1 86 740.0 -1632 10.0 -1 0 0 0 1 0 0 0 -1 3010.DAT
0 STEP
1 86 720.0 -1704 20.0 0 0 1 0 1 0 -1 0 0 3003.DAT
0 STEP
1 86 730.0 -1728 10.0 -1 0 0 0 1 0 0 0 -1 3622.DAT
0 STEP
1 86 760.0 -1752 10.0 -1 0 0 0 1 0 0 0 -1 3009.DAT
0 STEP
1 86 710.0 0 30.0 0 0 1 0 1 0 -1 0 0 3005.DAT
0 STEP
1 86 720.0 -24 60.0 0 0 1 0 1 0 -1 0 0 3001.DAT
0 STEP
1 86 740.0 -48 30.0 -1 0 0 0 1 0 0 0 -1 3010.DAT
0 STEP
1 86 710.0 -720 40.0 0 0 1 0 1 0 -1 0 0 3004.DAT
0 STEP
1 86 740.0 -936 40.0 -1 0 0 0 1 0 0 0 -1 3001.DAT
0 STEP
1 86 740.0 -1008 40.0 -1 0 0 0 1 0 0 0 -1 3001.DAT
0 STEP
1 86 740.0 -1392 30.0 -1 0 0 0 1 0 0 0 -1 3010.DAT
0 STEP
1 86 740.0 -1584 40.0 -1 0 0 0 1 0 0 0 -1 3001.DAT
0 STEP
1 86 740.0 -1632 40.0 -1 0 0 0 1 0 0 0 -1 3001.DAT
0 STEP
1 86 730.0 -1728 40.0 -1 0 0 0 1 0 0 0 -1 3002.DAT
0 STEP
1 86 710.0 -1752 60.0 0 0 1 0 1 0 -1 0 0 3010.DAT
0 STEP
1 86 710.0 -48 60.0 0 0 1 0 1 0 -1 0 0 3004.DAT
0 STEP
1 86 760.0 -120 50.0 -1 0 0 0 1 0 0 0 -1 3009.DAT
0 STEP
1 86 740.0 -696 50.0 -1 0 0 0 1 0 0 0 -1 3010.DAT
0 STEP
1 86 730.0 -888 50.0 -1 0 0 0 1 0 0 0 -1 3622.DAT
0 STEP
1 86 730.0 -1056 50.0 -1 0 0 0 1 0 0 0 -1 3622.DAT
0 STEP
1 86 780.0 -1128 50.0 -1 0 0 0 1 0 0 0 -1 3008.DAT
0 STEP
1 86 710.0 -1320 50.0 0 0 1 0 1 0 -1 0 0 3005.DAT
0 STEP
1 86 720.0 -1704 70.0 0 0 1 0 1 0 -1 0 0 3002.DAT
0 STEP
1 86 710.0 -1728 70.0 0 0 1 0 1 0 -1 0 0 3005.DAT
0 STEP
1 86 740.0 -48 90.0 -1 0 0 0 1 0 0 0 -1 3010.DAT
0 STEP
1 86 710.0 -24 120.0 0 0 1 0 1 0 -1 0 0 3004.DAT
0 STEP
1 86 720.0 -1704 140.0 0 0 1 0 1 0 -1 0 0 3001.DAT
0 STEP
1 86 710.0 -1728 110.0 0 0 1 0 1 0 -1 0 0 3005.DAT
0 STEP
1 86 740.0 -1752 140.0 -1 0 0 0 1 0 0 0 -1 3001.DAT
0 STEP
1 86 740.0 -24 160.0 -1 0 0 0 1 0 0 0 -1 3001.DAT
0 STEP
1 86 740.0 -72 170.0 -1 0 0 0 1 0 0 0 -1 3010.DAT
0 STEP
1 86 710.0 -192 190.0 0 0 1 0 1 0 -1 0 0 3622.DAT
0 STEP
1 86 710.0 -240 190.0 0 0 1 0 1 0 -1 0 0 3622.DAT
0 STEP
1 86 720.0 -288 190.0 0 0 1 0 1 0 -1 0 0 3002.DAT
0 STEP
1 86 720.0 -336 190.0 0 0 1 0 1 0 -1 0 0 3002.DAT
0 STEP
1 86 720.0 -432 190.0 0 0 1 0 1 0 -1 0 0 3002.DAT
0 STEP
1 86 710.0 -456 170.0 0 0 1 0 1 0 -1 0 0 3005.DAT
0 STEP
1 86 720.0 -504 190.0 0 0 1 0 1 0 -1 0 0 3002.DAT
0 STEP
1 86 720.0 -648 190.0 0 0 1 0 1 0 -1 0 0 3002.DAT
0 STEP
1 86 780.0 -672 180.0 -1 0 0 0 1 0 0 0 -1 3007.DAT
0 STEP
1 86 710.0 -768 190.0 0 0 1 0 1 0 -1 0 0 3622.DAT
0 STEP
1 86 780.0 -840 180.0 -1 0 0 0 1 0 0 0 -1 3007.DAT
0 STEP
1 86 710.0 -960 190.0 0 0 1 0 1 0 -1 0 0 3622.DAT
0 STEP
1 86 720.0 -1008 190.0 0 0 1 0 1 0 -1 0 0 3002.DAT
0 STEP
1 86 710.0 -1152 170.0 0 0 1 0 1 0 -1 0 0 3005.DAT
0 STEP
1 86 710.0 -1248 170.0 0 0 1 0 1 0 -1 0 0 3005.DAT
0 STEP
1 86 720.0 -1488 190.0 0 0 1 0 1 0 -1 0 0 3002.DAT
0 STEP
1 86 710.0 -1512 180.0 0 0 1 0 1 0 -1 0 0 3004.DAT
0 STEP
1 86 780.0 -1560 170.0 -1 0 0 0 1 0 0 0 -1 3008.DAT
0 STEP
1 86 760.0 -1584 180.0 -1 0 0 0 1 0 0 0 -1 2456.DAT
0 STEP
1 86 710.0 -1680 190.0 0 0 1 0 1 0 -1 0 0 3622.DAT
0 STEP
1 86 720.0 -1752 190.0 0 0 1 0 1 0 -1 0 0 3002.DAT
0 STEP
1 86 740.0 -24 200.0 -1 0 0 0 1 0 0 0 -1 3001.DAT
0 STEP
1 86 740.0 -72 200.0 -1 0 0 0 1 0 0 0 -1 3001.DAT
0 STEP
1 86 710.0 -144 190.0 0 0 1 0 1 0 -1 0 0 3005.DAT
0 STEP
1 86 760.0 -360 200.0 -1 0 0 0 1 0 0 0 -1 2456.DAT
0 STEP
1 86 740.0 -456 190.0 -1 0 0 0 1 0 0 0 -1 3010.DAT
0 STEP
1 86 720.0 -1152 200.0 0 0 1 0 1 0 -1 0 0 3003.DAT
0 STEP
1 86 740.0 -1272 200.0 -1 0 0 0 1 0 0 0 -1 3001.DAT
0 STEP
1 86 730.0 -1704 190.0 -1 0 0 0 1 0 0 0 -1 3622.DAT
0 STEP
1 86 710.0 0 210.0 0 0 1 0 1 0 -1 0 0 3005.DAT
0 STEP
1 86 710.0 -216 210.0 0 0 1 0 1 0 -1 0 0 3005.DAT
0 STEP
1 86 710.0 -456 210.0 0 0 1 0 1 0 -1 0 0 3005.DAT
0 STEP
1 86 740.0 -576 210.0 -1 0 0 0 1 0 0 0 -1 3010.DAT
0 STEP
1 86 710.0 -672 210.0 0 0 1 0 1 0 -1 0 0 3005.DAT
0 STEP
1 86 780.0 -840 210.0 -1 0 0 0 1 0 0 0 -1 3008.DAT
0 STEP
1 86 720.0 -864 240.0 0 0 1 0 1 0 -1 0 0 3001.DAT
0 STEP
1 86 710.0 -936 210.0 0 0 1 0 1 0 -1 0 0 3005.DAT
0 STEP
1 86 720.0 -1512 210.0 -1 0 0 0 1 0 0 0 -1 3004.DAT
0 STEP
1 86 710.0 -1584 210.0 0 0 1 0 1 0 -1 0 0 3005.DAT
0 STEP
1 86 730.0 -912 230.0 -1 0 0 0 1 0 0 0 -1 3622.DAT
0 STEP
1 86 730.0 -912 260.0 -1 0 0 0 1 0 0 0 -1 3002.DAT
0 STEP
1 86 740.0 -864 300.0 -1 0 0 0 1 0 0 0 -1 3001.DAT
0 STEP
1 86 730.0 -912 290.0 -1 0 0 0 1 0 0 0 -1 3622.DAT
0 STEP
1 86 740.0 -912 310.0 -1 0 0 0 1 0 0 0 -1 3010.DAT
0 STEP
1 86 710.0 -888 460.0 0 0 1 0 1 0 -1 0 0 3008.DAT
0 STEP
1 86 740.0 -912 410.0 -1 0 0 0 1 0 0 0 -1 3010.DAT
0 STEP
1 86 740.0 -864 430.0 -1 0 0 0 1 0 0 0 -1 3010.DAT
0 STEP
1 86 710.0 -912 450.0 0 0 1 0 1 0 -1 0 0 3622.DAT
0 STEP
1 86 740.0 -864 460.0 -1 0 0 0 1 0 0 0 -1 3001.DAT
0 STEP
1 86 720.0 -864 490.0 -1 0 0 0 1 0 0 0 -1 3004.DAT
0 STEP
1 86 710.0 -864 560.0 0 0 1 0 1 0 -1 0 0 3010.DAT
0 STEP
1 86 710.0 -888 550.0 0 0 1 0 1 0 -1 0 0 3005.DAT
0 STEP
1 86 710.0 -912 550.0 0 0 1 0 1 0 -1 0 0 3005.DAT
0 STEP
1 86 780.0 -888 570.0 -1 0 0 0 1 0 0 0 -1 3008.DAT
0 STEP
1 86 710.0 -888 620.0 0 0 1 0 1 0 -1 0 0 3010.DAT
0 STEP
1 86 710.0 -864 610.0 0 0 1 0 1 0 -1 0 0 3005.DAT
0 STEP
1 86 710.0 -888 670.0 0 0 1 0 1 0 -1 0 0 3005.DAT
0 STEP
1 86 740.0 -912 680.0 -1 0 0 0 1 0 0 0 -1 3001.DAT
0 STEP
1 86 730.0 -72 30.0 0 0 1 0 1 0 -1 0 0 3622.DAT
0 STEP
1 86 740.0 -144 30.0 0 0 1 0 1 0 -1 0 0 3002.DAT
0 STEP
1 86 730.0 -240 10.0 0 0 1 0 1 0 -1 0 0 3005.DAT
0 STEP
1 86 760.0 -336 20.0 -1 0 0 0 1 0 0 0 -1 3001.DAT
0 STEP
1 86 730.0 -360 10.0 0 0 1 0 1 0 -1 0 0 3005.DAT
0 STEP
1 86 760.0 -384 10.0 -1 0 0 0 1 0 0 0 -1 3010.DAT
0 STEP
1 86 740.0 -408 30.0 0 0 1 0 1 0 -1 0 0 3002.DAT
0 STEP
1 86 740.0 -456 30.0 0 0 1 0 1 0 -1 0 0 3002.DAT
0 STEP
1 86 760.0 -600 20.0 -1 0 0 0 1 0 0 0 -1 3001.DAT
0 STEP
1 86 730.0 -648 30.0 0 0 1 0 1 0 -1 0 0 3622.DAT
0 STEP
1 86 760.0 -672 10.0 -1 0 0 0 1 0 0 0 -1 3010.DAT
0 STEP
1 86 730.0 -720 30.0 0 0 1 0 1 0 -1 0 0 3622.DAT
0 STEP
1 86 760.0 -768 10.0 -1 0 0 0 1 0 0 0 -1 3010.DAT
0 STEP
1 86 750.0 -792 10.0 -1 0 0 0 1 0 0 0 -1 3622.DAT
0 STEP
1 86 740.0 -816 30.0 0 0 1 0 1 0 -1 0 0 3002.DAT
0 STEP
1 86 730.0 -912 30.0 0 0 1 0 1 0 -1 0 0 3622.DAT
0 STEP
1 86 730.0 -960 10.0 0 0 1 0 1 0 -1 0 0 3005.DAT
0 STEP
1 86 760.0 -1008 10.0 -1 0 0 0 1 0 0 0 -1 3010.DAT
0 STEP
1 86 730.0 -1032 30.0 0 0 1 0 1 0 -1 0 0 3622.DAT
0 STEP
1 86 740.0 -1080 30.0 0 0 1 0 1 0 -1 0 0 3002.DAT
0 STEP
1 86 730.0 -1128 10.0 0 0 1 0 1 0 -1 0 0 3005.DAT
0 STEP
1 86 740.0 -1152 30.0 0 0 1 0 1 0 -1 0 0 3002.DAT
0 STEP
1 86 730.0 -1248 30.0 0 0 1 0 1 0 -1 0 0 3622.DAT
0 STEP
1 86 740.0 -1296 30.0 0 0 1 0 1 0 -1 0 0 3002.DAT
0 STEP
1 86 740.0 -1416 30.0 0 0 1 0 1 0 -1 0 0 3002.DAT
0 STEP
1 86 760.0 -1464 10.0 -1 0 0 0 1 0 0 0 -1 3010.DAT
0 STEP
1 86 730.0 -1488 20.0 0 0 1 0 1 0 -1 0 0 3004.DAT
0 STEP
1 86 780.0 -1512 10.0 -1 0 0 0 1 0 0 0 -1 3009.DAT
0 STEP
1 86 730.0 -1560 30.0 0 0 1 0 1 0 -1 0 0 3622.DAT
0 STEP
1 86 780.0 -1608 10.0 -1 0 0 0 1 0 0 0 -1 3009.DAT
0 STEP
1 86 740.0 -1656 30.0 0 0 1 0 1 0 -1 0 0 3002.DAT
0 STEP
1 86 760.0 0 30.0 -1 0 0 0 1 0 0 0 -1 3010.DAT
0 STEP
1 86 760.0 -120 30.0 -1 0 0 0 1 0 0 0 -1 3010.DAT
0 STEP
1 86 780.0 -240 30.0 -1 0 0 0 1 0 0 0 -1 3009.DAT
0 STEP
1 86 760.0 -384 40.0 -1 0 0 0 1 0 0 0 -1 3001.DAT
0 STEP
1 86 730.0 -432 30.0 0 0 1 0 1 0 -1 0 0 3005.DAT
0 STEP
1 86 730.0 -672 30.0 0 0 1 0 1 0 -1 0 0 3005.DAT
0 STEP
1 86 730.0 -768 30.0 0 0 1 0 1 0 -1 0 0 3005.DAT
0 STEP
1 86 800.0 -792 30.0 -1 0 0 0 1 0 0 0 -1 3008.DAT
0 STEP
1 86 730.0 -1176 30.0 0 0 1 0 1 0 -1 0 0 3005.DAT
0 STEP
1 86 760.0 -1224 30.0 -1 0 0 0 1 0 0 0 -1 3010.DAT
0 STEP
1 86 800.0 -1320 40.0 -1 0 0 0 1 0 0 0 -1 3007.DAT
0 STEP
1 86 760.0 -1464 40.0 -1 0 0 0 1 0 0 0 -1 3001.DAT
0 STEP
1 86 780.0 -1512 40.0 -1 0 0 0 1 0 0 0 -1 2456.DAT
0 STEP
1 86 740.0 -1608 40.0 0 0 1 0 1 0 -1 0 0 3003.DAT
0 STEP
1 86 740.0 -1752 60.0 0 0 1 0 1 0 -1 0 0 3001.DAT
0 STEP
1 86 760.0 -48 50.0 -1 0 0 0 1 0 0 0 -1 3010.DAT
0 STEP
1 86 750.0 -240 50.0 -1 0 0 0 1 0 0 0 -1 3622.DAT
0 STEP
1 86 730.0 -312 50.0 0 0 1 0 1 0 -1 0 0 3005.DAT
0 STEP
1 86 760.0 -336 50.0 -1 0 0 0 1 0 0 0 -1 3010.DAT
0 STEP
1 86 760.0 -432 50.0 -1 0 0 0 1 0 0 0 -1 3010.DAT
0 STEP
1 86 730.0 -600 50.0 0 0 1 0 1 0 -1 0 0 3005.DAT
0 STEP
1 86 730.0 -792 50.0 0 0 1 0 1 0 -1 0 0 3005.DAT
0 STEP
1 86 730.0 -960 50.0 0 0 1 0 1 0 -1 0 0 3005.DAT
0 STEP
1 86 800.0 -1176 50.0 -1 0 0 0 1 0 0 0 -1 3008.DAT
0 STEP
1 86 730.0 -1224 50.0 0 0 1 0 1 0 -1 0 0 3005.DAT
0 STEP
1 86 780.0 -48 70.0 -1 0 0 0 1 0 0 0 -1 3009.DAT
0 STEP
1 86 730.0 -1728 120.0 0 0 1 0 1 0 -1 0 0 3009.DAT
0 STEP
1 86 730.0 -24 110.0 0 0 1 0 1 0 -1 0 0 3005.DAT
0 STEP
1 86 760.0 -24 130.0 -1 0 0 0 1 0 0 0 -1 3010.DAT
0 STEP
1 86 730.0 0 190.0 0 0 1 0 1 0 -1 0 0 3622.DAT
0 STEP
1 86 780.0 -144 180.0 -1 0 0 0 1 0 0 0 -1 2456.DAT
0 STEP
1 86 730.0 -192 170.0 0 0 1 0 1 0 -1 0 0 3005.DAT
0 STEP
1 86 740.0 -240 190.0 0 0 1 0 1 0 -1 0 0 3002.DAT
0 STEP
1 86 740.0 -384 190.0 0 0 1 0 1 0 -1 0 0 3002.DAT
0 STEP
1 86 800.0 -456 170.0 -1 0 0 0 1 0 0 0 -1 3008.DAT
0 STEP
1 86 730.0 -552 190.0 0 0 1 0 1 0 -1 0 0 3622.DAT
0 STEP
1 86 760.0 -624 180.0 -1 0 0 0 1 0 0 0 -1 3001.DAT
0 STEP
1 86 780.0 -720 180.0 -1 0 0 0 1 0 0 0 -1 2456.DAT
0 STEP
1 86 730.0 -768 180.0 0 0 1 0 1 0 -1 0 0 3004.DAT
0 STEP
1 86 740.0 -792 190.0 0 0 1 0 1 0 -1 0 0 3002.DAT
0 STEP
1 86 740.0 -960 190.0 0 0 1 0 1 0 -1 0 0 3002.DAT
0 STEP
1 86 730.0 -1056 190.0 0 0 1 0 1 0 -1 0 0 3622.DAT
0 STEP
1 86 780.0 -1104 170.0 -1 0 0 0 1 0 0 0 -1 3009.DAT
0 STEP
1 86 780.0 -1152 170.0 -1 0 0 0 1 0 0 0 -1 3009.DAT
0 STEP
1 86 730.0 -1200 190.0 0 0 1 0 1 0 -1 0 0 3622.DAT
0 STEP
1 86 730.0 -1248 190.0 0 0 1 0 1 0 -1 0 0 3622.DAT
0 STEP
1 86 730.0 -1296 190.0 0 0 1 0 1 0 -1 0 0 3622.DAT
0 STEP
1 86 730.0 -1344 190.0 0 0 1 0 1 0 -1 0 0 3622.DAT
0 STEP
1 86 740.0 -1392 190.0 0 0 1 0 1 0 -1 0 0 3002.DAT
0 STEP
1 86 730.0 -1440 190.0 0 0 1 0 1 0 -1 0 0 3622.DAT
0 STEP
1 86 780.0 -1512 180.0 -1 0 0 0 1 0 0 0 -1 2456.DAT
0 STEP
1 86 740.0 -1536 190.0 0 0 1 0 1 0 -1 0 0 3002.DAT
0 STEP
1 86 740.0 -1608 190.0 0 0 1 0 1 0 -1 0 0 3002.DAT
0 STEP
1 86 760.0 -1632 180.0 -1 0 0 0 1 0 0 0 -1 3001.DAT
0 STEP
1 86 740.0 -1680 190.0 0 0 1 0 1 0 -1 0 0 3002.DAT
0 STEP
1 86 730.0 -48 200.0 0 0 1 0 1 0 -1 0 0 3004.DAT
0 STEP
1 86 780.0 -192 190.0 -1 0 0 0 1 0 0 0 -1 3009.DAT
0 STEP
1 86 740.0 -216 200.0 0 0 1 0 1 0 -1 0 0 3003.DAT
0 STEP
1 86 750.0 -1104 190.0 -1 0 0 0 1 0 0 0 -1 3622.DAT
0 STEP
1 86 760.0 -1464 190.0 -1 0 0 0 1 0 0 0 -1 3010.DAT
0 STEP
1 86 730.0 -144 210.0 0 0 1 0 1 0 -1 0 0 3005.DAT
0 STEP
1 86 730.0 -192 210.0 0 0 1 0 1 0 -1 0 0 3005.DAT
0 STEP
1 86 760.0 -312 210.0 -1 0 0 0 1 0 0 0 -1 3010.DAT
0 STEP
1 86 800.0 -456 210.0 -1 0 0 0 1 0 0 0 -1 3008.DAT
0 STEP
1 86 760.0 -624 210.0 -1 0 0 0 1 0 0 0 -1 3010.DAT
0 STEP
1 86 760.0 -672 210.0 -1 0 0 0 1 0 0 0 -1 3010.DAT
0 STEP
1 86 760.0 -720 210.0 -1 0 0 0 1 0 0 0 -1 3010.DAT
0 STEP
1 86 760.0 -768 210.0 -1 0 0 0 1 0 0 0 -1 3010.DAT
0 STEP
1 86 800.0 -888 210.0 -1 0 0 0 1 0 0 0 -1 3008.DAT
0 STEP
1 86 800.0 -936 210.0 -1 0 0 0 1 0 0 0 -1 3008.DAT
0 STEP
1 86 780.0 -1104 210.0 -1 0 0 0 1 0 0 0 -1 3009.DAT
0 STEP
1 86 730.0 -1128 210.0 0 0 1 0 1 0 -1 0 0 3005.DAT
0 STEP
1 86 730.0 -1464 210.0 0 0 1 0 1 0 -1 0 0 3005.DAT
0 STEP
1 86 760.0 -1584 210.0 -1 0 0 0 1 0 0 0 -1 3010.DAT
0 STEP
1 86 760.0 -1632 210.0 -1 0 0 0 1 0 0 0 -1 3010.DAT
0 STEP
1 86 730.0 -888 230.0 0 0 1 0 1 0 -1 0 0 3005.DAT
0 STEP
1 86 750.0 -888 250.0 -1 0 0 0 1 0 0 0 -1 3622.DAT
0 STEP
1 86 730.0 -888 300.0 0 0 1 0 1 0 -1 0 0 3010.DAT
0 STEP
1 86 800.0 -888 360.0 -1 0 0 0 1 0 0 0 -1 3007.DAT
0 STEP
1 86 740.0 -912 370.0 -1 0 0 0 1 0 0 0 -1 3004.DAT
0 STEP
1 86 730.0 -888 420.0 0 0 1 0 1 0 -1 0 0 3010.DAT
0 STEP
1 86 760.0 -912 390.0 -1 0 0 0 1 0 0 0 -1 3010.DAT
0 STEP
1 86 740.0 -912 460.0 0 0 1 0 1 0 -1 0 0 3001.DAT
0 STEP
1 86 780.0 -888 470.0 -1 0 0 0 1 0 0 0 -1 3009.DAT
0 STEP
1 86 730.0 -888 520.0 0 0 1 0 1 0 -1 0 0 3010.DAT
0 STEP
1 86 730.0 -864 530.0 0 0 1 0 1 0 -1 0 0 3005.DAT
0 STEP
1 86 730.0 -864 580.0 0 0 1 0 1 0 -1 0 0 3010.DAT
0 STEP
1 86 740.0 -912 580.0 0 0 1 0 1 0 -1 0 0 3001.DAT
0 STEP
1 86 800.0 -888 590.0 -1 0 0 0 1 0 0 0 -1 3008.DAT
0 STEP
1 86 730.0 -888 640.0 0 0 1 0 1 0 -1 0 0 3010.DAT
0 STEP
1 86 740.0 -864 670.0 0 0 1 0 1 0 -1 0 0 3002.DAT
0 STEP
1 86 780.0 0 10.0 -1 0 0 0 1 0 0 0 -1 3010.DAT
0 STEP
1 86 760.0 -24 40.0 0 0 1 0 1 0 -1 0 0 3001.DAT
0 STEP
1 86 780.0 -72 10.0 -1 0 0 0 1 0 0 0 -1 3010.DAT
0 STEP
1 86 770.0 -120 10.0 -1 0 0 0 1 0 0 0 -1 3622.DAT
0 STEP
1 86 750.0 -192 30.0 0 0 1 0 1 0 -1 0 0 3622.DAT
0 STEP
1 86 780.0 -240 10.0 -1 0 0 0 1 0 0 0 -1 3010.DAT
0 STEP
1 86 750.0 -264 30.0 0 0 1 0 1 0 -1 0 0 3622.DAT
0 STEP
1 86 750.0 -288 30.0 0 0 1 0 1 0 -1 0 0 3622.DAT
0 STEP
1 86 750.0 -360 30.0 0 0 1 0 1 0 -1 0 0 3622.DAT
0 STEP
1 86 800.0 -504 20.0 -1 0 0 0 1 0 0 0 -1 2456.DAT
0 STEP
1 86 800.0 -552 10.0 -1 0 0 0 1 0 0 0 -1 3009.DAT
0 STEP
1 86 750.0 -576 20.0 0 0 1 0 1 0 -1 0 0 3004.DAT
0 STEP
1 86 760.0 -648 20.0 0 0 1 0 1 0 -1 0 0 3003.DAT
0 STEP
1 86 780.0 -720 10.0 -1 0 0 0 1 0 0 0 -1 3010.DAT
0 STEP
1 86 780.0 -864 10.0 -1 0 0 0 1 0 0 0 -1 3010.DAT
0 STEP
1 86 760.0 -912 30.0 0 0 1 0 1 0 -1 0 0 3002.DAT
0 STEP
1 86 780.0 -960 10.0 -1 0 0 0 1 0 0 0 -1 3010.DAT
0 STEP
1 86 750.0 -984 20.0 0 0 1 0 1 0 -1 0 0 3004.DAT
0 STEP
1 86 780.0 -1032 20.0 -1 0 0 0 1 0 0 0 -1 3001.DAT
0 STEP
1 86 780.0 -1128 10.0 -1 0 0 0 1 0 0 0 -1 3010.DAT
0 STEP
1 86 750.0 -1200 30.0 0 0 1 0 1 0 -1 0 0 3622.DAT
0 STEP
1 86 760.0 -1248 30.0 0 0 1 0 1 0 -1 0 0 3002.DAT
0 STEP
1 86 760.0 -1368 30.0 0 0 1 0 1 0 -1 0 0 3002.DAT
0 STEP
1 86 760.0 -1488 30.0 0 0 1 0 1 0 -1 0 0 3002.DAT
0 STEP
1 86 800.0 -1560 20.0 -1 0 0 0 1 0 0 0 -1 2456.DAT
0 STEP
1 86 750.0 -1704 60.0 0 0 1 0 1 0 -1 0 0 3009.DAT
0 STEP
1 86 840.0 -72 40.0 -1 0 0 0 1 0 0 0 -1 3006.DAT
0 STEP
1 86 780.0 -168 40.0 -1 0 0 0 1 0 0 0 -1 3001.DAT
0 STEP
1 86 780.0 -432 30.0 -1 0 0 0 1 0 0 0 -1 3010.DAT
0 STEP
1 86 750.0 -552 40.0 0 0 1 0 1 0 -1 0 0 3004.DAT
0 STEP
1 86 770.0 -672 40.0 -1 0 0 0 1 0 0 0 -1 3002.DAT
0 STEP
1 86 780.0 -720 40.0 -1 0 0 0 1 0 0 0 -1 3001.DAT
0 STEP
1 86 780.0 -768 30.0 -1 0 0 0 1 0 0 0 -1 3010.DAT
0 STEP
1 86 780.0 -864 40.0 -1 0 0 0 1 0 0 0 -1 3001.DAT
0 STEP
1 86 820.0 -960 40.0 -1 0 0 0 1 0 0 0 -1 3007.DAT
0 STEP
1 86 780.0 -1176 30.0 -1 0 0 0 1 0 0 0 -1 3010.DAT
0 STEP
1 86 750.0 -216 50.0 0 0 1 0 1 0 -1 0 0 3005.DAT
0 STEP
1 86 780.0 -312 50.0 -1 0 0 0 1 0 0 0 -1 3010.DAT
0 STEP
1 86 800.0 -504 50.0 -1 0 0 0 1 0 0 0 -1 3009.DAT
0 STEP
1 86 800.0 -600 50.0 -1 0 0 0 1 0 0 0 -1 3009.DAT
0 STEP
1 86 750.0 -648 50.0 0 0 1 0 1 0 -1 0 0 3005.DAT
0 STEP
1 86 820.0 -792 50.0 -1 0 0 0 1 0 0 0 -1 3008.DAT
0 STEP
1 86 750.0 -1032 50.0 0 0 1 0 1 0 -1 0 0 3005.DAT
0 STEP
1 86 800.0 -1224 50.0 -1 0 0 0 1 0 0 0 -1 3009.DAT
0 STEP
1 86 800.0 -1560 50.0 -1 0 0 0 1 0 0 0 -1 3009.DAT
0 STEP
1 86 750.0 -1728 70.0 0 0 1 0 1 0 -1 0 0 3005.DAT
0 STEP
1 86 750.0 0 140.0 0 0 1 0 1 0 -1 0 0 3009.DAT
0 STEP
1 86 750.0 -24 90.0 0 0 1 0 1 0 -1 0 0 3005.DAT
0 STEP
1 86 820.0 -1728 90.0 -1 0 0 0 1 0 0 0 -1 3008.DAT
0 STEP
1 86 780.0 -24 110.0 -1 0 0 0 1 0 0 0 -1 3010.DAT
0 STEP
1 86 780.0 -1728 110.0 -1 0 0 0 1 0 0 0 -1 3010.DAT
0 STEP
1 86 760.0 -1704 150.0 0 0 1 0 1 0 -1 0 0 3002.DAT
0 STEP
1 86 820.0 -1728 130.0 -1 0 0 0 1 0 0 0 -1 3008.DAT
0 STEP
1 86 780.0 -1728 160.0 -1 0 0 0 1 0 0 0 -1 3001.DAT
0 STEP
1 86 750.0 -48 190.0 0 0 1 0 1 0 -1 0 0 3622.DAT
0 STEP
1 86 760.0 -168 190.0 0 0 1 0 1 0 -1 0 0 3002.DAT
0 STEP
1 86 780.0 -192 170.0 -1 0 0 0 1 0 0 0 -1 3010.DAT
0 STEP
1 86 780.0 -288 180.0 -1 0 0 0 1 0 0 0 -1 3001.DAT
0 STEP
1 86 750.0 -336 190.0 0 0 1 0 1 0 -1 0 0 3622.DAT
0 STEP
1 86 750.0 -408 170.0 0 0 1 0 1 0 -1 0 0 3005.DAT
0 STEP
1 86 760.0 -432 190.0 0 0 1 0 1 0 -1 0 0 3002.DAT
0 STEP
1 86 780.0 -504 180.0 -1 0 0 0 1 0 0 0 -1 3001.DAT
0 STEP
1 86 760.0 -552 190.0 0 0 1 0 1 0 -1 0 0 3002.DAT
0 STEP
1 86 750.0 -600 190.0 0 0 1 0 1 0 -1 0 0 3622.DAT
0 STEP
1 86 780.0 -648 180.0 -1 0 0 0 1 0 0 0 -1 3001.DAT
0 STEP
1 86 760.0 -696 190.0 0 0 1 0 1 0 -1 0 0 3002.DAT
0 STEP
1 86 820.0 -768 170.0 -1 0 0 0 1 0 0 0 -1 3008.DAT
0 STEP
1 86 750.0 -1008 190.0 0 0 1 0 1 0 -1 0 0 3622.DAT
0 STEP
1 86 780.0 -1056 170.0 -1 0 0 0 1 0 0 0 -1 3010.DAT
0 STEP
1 86 750.0 -1080 190.0 0 0 1 0 1 0 -1 0 0 3622.DAT
0 STEP
1 86 750.0 -1128 190.0 0 0 1 0 1 0 -1 0 0 3622.DAT
0 STEP
1 86 780.0 -1200 170.0 -1 0 0 0 1 0 0 0 -1 3010.DAT
0 STEP
1 86 750.0 -1248 180.0 0 0 1 0 1 0 -1 0 0 3004.DAT
0 STEP
1 86 780.0 -1296 170.0 -1 0 0 0 1 0 0 0 -1 3010.DAT
0 STEP
1 86 780.0 -1344 170.0 -1 0 0 0 1 0 0 0 -1 3010.DAT
0 STEP
1 86 760.0 -1440 190.0 0 0 1 0 1 0 -1 0 0 3002.DAT
0 STEP
1 86 760.0 -1488 190.0 0 0 1 0 1 0 -1 0 0 3002.DAT
0 STEP
1 86 750.0 -1656 170.0 0 0 1 0 1 0 -1 0 0 3005.DAT
0 STEP
1 86 750.0 -1752 190.0 0 0 1 0 1 0 -1 0 0 3622.DAT
0 STEP
1 86 780.0 -408 190.0 -1 0 0 0 1 0 0 0 -1 3010.DAT
0 STEP
1 86 750.0 -480 200.0 0 0 1 0 1 0 -1 0 0 3004.DAT
0 STEP
1 86 780.0 -768 190.0 -1 0 0 0 1 0 0 0 -1 3010.DAT
0 STEP
1 86 750.0 -816 200.0 0 0 1 0 1 0 -1 0 0 3004.DAT
0 STEP
1 86 780.0 -864 190.0 -1 0 0 0 1 0 0 0 -1 3010.DAT
0 STEP
1 86 750.0 -1056 190.0 0 0 1 0 1 0 -1 0 0 3005.DAT
0 STEP
1 86 800.0 -1152 190.0 -1 0 0 0 1 0 0 0 -1 3009.DAT
0 STEP
1 86 800.0 -1200 190.0 -1 0 0 0 1 0 0 0 -1 3009.DAT
0 STEP
1 86 750.0 -1224 190.0 0 0 1 0 1 0 -1 0 0 3005.DAT
0 STEP
1 86 800.0 -1296 200.0 -1 0 0 0 1 0 0 0 -1 2456.DAT
0 STEP
1 86 750.0 -1344 190.0 0 0 1 0 1 0 -1 0 0 3005.DAT
0 STEP
1 86 750.0 -1560 190.0 0 0 1 0 1 0 -1 0 0 3005.DAT
0 STEP
1 86 750.0 0 210.0 0 0 1 0 1 0 -1 0 0 3005.DAT
0 STEP
1 86 750.0 -96 210.0 0 0 1 0 1 0 -1 0 0 3005.DAT
0 STEP
1 86 780.0 -144 210.0 -1 0 0 0 1 0 0 0 -1 3010.DAT
0 STEP
1 86 780.0 -192 210.0 -1 0 0 0 1 0 0 0 -1 3010.DAT
0 STEP
1 86 780.0 -288 210.0 -1 0 0 0 1 0 0 0 -1 3010.DAT
0 STEP
1 86 800.0 -408 210.0 -1 0 0 0 1 0 0 0 -1 3009.DAT
0 STEP
1 86 780.0 -504 210.0 -1 0 0 0 1 0 0 0 -1 3010.DAT
0 STEP
1 86 750.0 -648 210.0 0 0 1 0 1 0 -1 0 0 3005.DAT
0 STEP
1 86 750.0 -864 240.0 0 0 1 0 1 0 -1 0 0 3010.DAT
0 STEP
1 86 780.0 -1056 210.0 -1 0 0 0 1 0 0 0 -1 3010.DAT
0 STEP
1 86 750.0 -1152 210.0 0 0 1 0 1 0 -1 0 0 3005.DAT
0 STEP
1 86 780.0 -1200 210.0 -1 0 0 0 1 0 0 0 -1 3010.DAT
0 STEP
1 86 780.0 -1248 210.0 -1 0 0 0 1 0 0 0 -1 3010.DAT
0 STEP
1 86 780.0 -1344 210.0 -1 0 0 0 1 0 0 0 -1 3010.DAT
0 STEP
1 86 780.0 -1464 210.0 -1 0 0 0 1 0 0 0 -1 3010.DAT
0 STEP
1 86 820.0 -1512 210.0 -1 0 0 0 1 0 0 0 -1 3008.DAT
0 STEP
1 86 750.0 -1704 210.0 0 0 1 0 1 0 -1 0 0 3005.DAT
0 STEP
1 86 800.0 -888 230.0 -1 0 0 0 1 0 0 0 -1 3009.DAT
0 STEP
1 86 760.0 -888 300.0 0 0 1 0 1 0 -1 0 0 3001.DAT
0 STEP
1 86 760.0 -864 360.0 0 0 1 0 1 0 -1 0 0 3001.DAT
0 STEP
1 86 760.0 -888 420.0 0 0 1 0 1 0 -1 0 0 3001.DAT
0 STEP
1 86 760.0 -864 520.0 0 0 1 0 1 0 -1 0 0 3001.DAT
0 STEP
1 86 780.0 -888 500.0 -1 0 0 0 1 0 0 0 -1 3001.DAT
0 STEP
1 86 800.0 -888 540.0 -1 0 0 0 1 0 0 0 -1 2456.DAT
0 STEP
1 86 750.0 -864 590.0 0 0 1 0 1 0 -1 0 0 3622.DAT
0 STEP
1 86 800.0 -888 620.0 -1 0 0 0 1 0 0 0 -1 2456.DAT
0 STEP
1 86 750.0 -912 630.0 0 0 1 0 1 0 -1 0 0 3005.DAT
0 STEP
1 86 780.0 -888 660.0 -1 0 0 0 1 0 0 0 -1 3001.DAT
0 STEP
1 86 770.0 -48 10.0 0 0 1 0 1 0 -1 0 0 3005.DAT
0 STEP
1 86 780.0 -144 30.0 0 0 1 0 1 0 -1 0 0 3002.DAT
0 STEP
1 86 770.0 -192 20.0 0 0 1 0 1 0 -1 0 0 3004.DAT
0 STEP
1 86 790.0 -264 20.0 -1 0 0 0 1 0 0 0 -1 3002.DAT
0 STEP
1 86 780.0 -288 30.0 0 0 1 0 1 0 -1 0 0 3002.DAT
0 STEP
1 86 790.0 -312 10.0 -1 0 0 0 1 0 0 0 -1 3622.DAT
0 STEP
1 86 770.0 -360 10.0 0 0 1 0 1 0 -1 0 0 3005.DAT
0 STEP
1 86 770.0 -408 30.0 0 0 1 0 1 0 -1 0 0 3622.DAT
0 STEP
1 86 770.0 -456 30.0 0 0 1 0 1 0 -1 0 0 3622.DAT
0 STEP
1 86 770.0 -528 30.0 0 0 1 0 1 0 -1 0 0 3622.DAT
0 STEP
1 86 780.0 -576 30.0 0 0 1 0 1 0 -1 0 0 3002.DAT
0 STEP
1 86 770.0 -744 30.0 0 0 1 0 1 0 -1 0 0 3622.DAT
0 STEP
1 86 780.0 -816 30.0 0 0 1 0 1 0 -1 0 0 3002.DAT
0 STEP
1 86 770.0 -840 20.0 0 0 1 0 1 0 -1 0 0 3004.DAT
0 STEP
1 86 770.0 -888 30.0 0 0 1 0 1 0 -1 0 0 3622.DAT
0 STEP
1 86 780.0 -984 30.0 0 0 1 0 1 0 -1 0 0 3002.DAT
0 STEP
1 86 780.0 -1056 30.0 0 0 1 0 1 0 -1 0 0 3002.DAT
0 STEP
1 86 770.0 -1080 10.0 0 0 1 0 1 0 -1 0 0 3005.DAT
0 STEP
1 86 770.0 -1152 30.0 0 0 1 0 1 0 -1 0 0 3622.DAT
0 STEP
1 86 780.0 -1200 30.0 0 0 1 0 1 0 -1 0 0 3002.DAT
0 STEP
1 86 770.0 -1296 30.0 0 0 1 0 1 0 -1 0 0 3622.DAT
0 STEP
1 86 770.0 -1392 10.0 0 0 1 0 1 0 -1 0 0 3005.DAT
0 STEP
1 86 790.0 -1416 20.0 -1 0 0 0 1 0 0 0 -1 3002.DAT
0 STEP
1 86 770.0 -1584 10.0 0 0 1 0 1 0 -1 0 0 3005.DAT
0 STEP
1 86 840.0 -1656 10.0 -1 0 0 0 1 0 0 0 -1 3008.DAT
0 STEP
1 86 770.0 -1680 10.0 0 0 1 0 1 0 -1 0 0 3005.DAT
0 STEP
1 86 820.0 -1704 10.0 -1 0 0 0 1 0 0 0 -1 3009.DAT
0 STEP
1 86 780.0 -1728 40.0 0 0 1 0 1 0 -1 0 0 3001.DAT
0 STEP
1 86 770.0 -96 40.0 0 0 1 0 1 0 -1 0 0 3004.DAT
0 STEP
1 86 790.0 -216 40.0 -1 0 0 0 1 0 0 0 -1 3002.DAT
0 STEP
1 86 820.0 -360 40.0 -1 0 0 0 1 0 0 0 -1 2456.DAT
0 STEP
1 86 800.0 -552 30.0 -1 0 0 0 1 0 0 0 -1 3010.DAT
0 STEP
1 86 840.0 -1080 30.0 -1 0 0 0 1 0 0 0 -1 3008.DAT
0 STEP
1 86 770.0 -1104 40.0 0 0 1 0 1 0 -1 0 0 3004.DAT
0 STEP
1 86 820.0 -1608 30.0 -1 0 0 0 1 0 0 0 -1 3009.DAT
0 STEP
1 86 800.0 -1656 40.0 -1 0 0 0 1 0 0 0 -1 3001.DAT
0 STEP
1 86 770.0 -1704 30.0 0 0 1 0 1 0 -1 0 0 3005.DAT
0 STEP
1 86 800.0 -1752 30.0 -1 0 0 0 1 0 0 0 -1 3010.DAT
0 STEP
1 86 800.0 -192 50.0 -1 0 0 0 1 0 0 0 -1 3010.DAT
0 STEP
1 86 790.0 -264 50.0 -1 0 0 0 1 0 0 0 -1 3622.DAT
0 STEP
1 86 770.0 -552 50.0 0 0 1 0 1 0 -1 0 0 3005.DAT
0 STEP
1 86 800.0 -648 50.0 -1 0 0 0 1 0 0 0 -1 3010.DAT
0 STEP
1 86 840.0 -1032 50.0 -1 0 0 0 1 0 0 0 -1 3008.DAT
0 STEP
1 86 770.0 -1080 50.0 0 0 1 0 1 0 -1 0 0 3005.DAT
0 STEP
1 86 770.0 -1392 50.0 0 0 1 0 1 0 -1 0 0 3005.DAT
0 STEP
1 86 790.0 -1416 50.0 -1 0 0 0 1 0 0 0 -1 3622.DAT
0 STEP
1 86 770.0 -1536 50.0 0 0 1 0 1 0 -1 0 0 3005.DAT
0 STEP
1 86 770.0 -1608 50.0 0 0 1 0 1 0 -1 0 0 3005.DAT
0 STEP
1 86 780.0 -1704 80.0 0 0 1 0 1 0 -1 0 0 3001.DAT
0 STEP
1 86 770.0 -1752 80.0 0 0 1 0 1 0 -1 0 0 3010.DAT
0 STEP
1 86 770.0 0 120.0 0 0 1 0 1 0 -1 0 0 3010.DAT
0 STEP
1 86 800.0 -24 90.0 -1 0 0 0 1 0 0 0 -1 3010.DAT
0 STEP
1 86 770.0 -48 120.0 0 0 1 0 1 0 -1 0 0 3004.DAT
0 STEP
1 86 820.0 0 180.0 -1 0 0 0 1 0 0 0 -1 2456.DAT
0 STEP
1 86 800.0 -48 180.0 -1 0 0 0 1 0 0 0 -1 3001.DAT
0 STEP
1 86 770.0 -120 190.0 0 0 1 0 1 0 -1 0 0 3622.DAT
0 STEP
1 86 780.0 -216 190.0 0 0 1 0 1 0 -1 0 0 3002.DAT
0 STEP
1 86 770.0 -240 180.0 0 0 1 0 1 0 -1 0 0 3004.DAT
0 STEP
1 86 780.0 -336 190.0 0 0 1 0 1 0 -1 0 0 3002.DAT
0 STEP
1 86 780.0 -384 190.0 0 0 1 0 1 0 -1 0 0 3002.DAT
0 STEP
1 86 800.0 -408 170.0 -1 0 0 0 1 0 0 0 -1 3010.DAT
0 STEP
1 86 780.0 -480 190.0 0 0 1 0 1 0 -1 0 0 3002.DAT
0 STEP
1 86 770.0 -528 180.0 0 0 1 0 1 0 -1 0 0 3004.DAT
0 STEP
1 86 840.0 -600 170.0 -1 0 0 0 1 0 0 0 -1 3008.DAT
0 STEP
1 86 780.0 -744 190.0 0 0 1 0 1 0 -1 0 0 3002.DAT
0 STEP
1 86 800.0 -792 170.0 -1 0 0 0 1 0 0 0 -1 3010.DAT
0 STEP
1 86 780.0 -816 190.0 0 0 1 0 1 0 -1 0 0 3002.DAT
0 STEP
1 86 780.0 -960 190.0 0 0 1 0 1 0 -1 0 0 3002.DAT
0 STEP
1 86 780.0 -1008 190.0 0 0 1 0 1 0 -1 0 0 3002.DAT
0 STEP
1 86 780.0 -1080 190.0 0 0 1 0 1 0 -1 0 0 3002.DAT
0 STEP
1 86 780.0 -1128 190.0 0 0 1 0 1 0 -1 0 0 3002.DAT
0 STEP
1 86 780.0 -1176 190.0 0 0 1 0 1 0 -1 0 0 3002.DAT
0 STEP
1 86 770.0 -1224 190.0 0 0 1 0 1 0 -1 0 0 3622.DAT
0 STEP
1 86 800.0 -1248 170.0 -1 0 0 0 1 0 0 0 -1 3010.DAT
0 STEP
1 86 770.0 -1272 170.0 0 0 1 0 1 0 -1 0 0 3005.DAT
0 STEP
1 86 770.0 -1368 170.0 0 0 1 0 1 0 -1 0 0 3005.DAT
0 STEP
1 86 770.0 -1392 190.0 0 0 1 0 1 0 -1 0 0 3622.DAT
0 STEP
1 86 780.0 -1536 190.0 0 0 1 0 1 0 -1 0 0 3002.DAT
0 STEP
1 86 770.0 -1608 190.0 0 0 1 0 1 0 -1 0 0 3622.DAT
0 STEP
1 86 780.0 -1656 190.0 0 0 1 0 1 0 -1 0 0 3002.DAT
0 STEP
1 86 790.0 -1680 180.0 -1 0 0 0 1 0 0 0 -1 3002.DAT
0 STEP
1 86 770.0 -1752 180.0 0 0 1 0 1 0 -1 0 0 3004.DAT
0 STEP
1 86 770.0 -312 190.0 0 0 1 0 1 0 -1 0 0 3005.DAT
0 STEP
1 86 800.0 -600 200.0 -1 0 0 0 1 0 0 0 -1 3001.DAT
0 STEP
1 86 800.0 -792 200.0 -1 0 0 0 1 0 0 0 -1 3001.DAT
0 STEP
1 86 780.0 -912 220.0 0 0 1 0 1 0 -1 0 0 3001.DAT
0 STEP
1 86 800.0 -1056 190.0 -1 0 0 0 1 0 0 0 -1 3010.DAT
0 STEP
1 86 770.0 -1248 190.0 0 0 1 0 1 0 -1 0 0 3005.DAT
0 STEP
1 86 820.0 -1344 190.0 -1 0 0 0 1 0 0 0 -1 3009.DAT
0 STEP
1 86 840.0 -1560 200.0 -1 0 0 0 1 0 0 0 -1 3007.DAT
0 STEP
1 86 790.0 -1704 200.0 -1 0 0 0 1 0 0 0 -1 3002.DAT
0 STEP
1 86 840.0 0 210.0 -1 0 0 0 1 0 0 0 -1 3008.DAT
0 STEP
1 86 820.0 -48 210.0 -1 0 0 0 1 0 0 0 -1 3009.DAT
0 STEP
1 86 800.0 -96 210.0 -1 0 0 0 1 0 0 0 -1 3010.DAT
0 STEP
1 86 800.0 -240 210.0 -1 0 0 0 1 0 0 0 -1 3010.DAT
0 STEP
1 86 800.0 -648 210.0 -1 0 0 0 1 0 0 0 -1 3010.DAT
0 STEP
1 86 780.0 -864 240.0 0 0 1 0 1 0 -1 0 0 3001.DAT
0 STEP
1 86 800.0 -1152 210.0 -1 0 0 0 1 0 0 0 -1 3010.DAT
0 STEP
1 86 770.0 -1320 210.0 0 0 1 0 1 0 -1 0 0 3005.DAT
0 STEP
1 86 770.0 -1368 210.0 0 0 1 0 1 0 -1 0 0 3005.DAT
0 STEP
1 86 790.0 -1680 210.0 -1 0 0 0 1 0 0 0 -1 3622.DAT
0 STEP
1 86 800.0 -1752 210.0 -1 0 0 0 1 0 0 0 -1 3010.DAT
0 STEP
1 86 800.0 -912 280.0 -1 0 0 0 1 0 0 0 -1 3001.DAT
0 STEP
1 86 770.0 -912 350.0 0 0 1 0 1 0 -1 0 0 3622.DAT
0 STEP
1 86 780.0 -912 520.0 0 0 1 0 1 0 -1 0 0 3006.DAT
0 STEP
1 86 780.0 -864 570.0 -1 0 0 0 1 0 0 0 -1 3004.DAT
0 STEP
1 86 770.0 -864 590.0 0 0 1 0 1 0 -1 0 0 3005.DAT
0 STEP
1 86 770.0 -864 640.0 0 0 1 0 1 0 -1 0 0 3010.DAT
0 STEP
1 86 770.0 -912 640.0 0 0 1 0 1 0 -1 0 0 3004.DAT
0 STEP
1 86 770.0 -864 690.0 0 0 1 0 1 0 -1 0 0 3005.DAT
0 STEP
1 86 860.0 -24 10.0 -1 0 0 0 1 0 0 0 -1 3008.DAT
0 STEP
1 86 790.0 -48 20.0 0 0 1 0 1 0 -1 0 0 3004.DAT
0 STEP
1 86 800.0 -192 10.0 -1 0 0 0 1 0 0 0 -1 3004.DAT
0 STEP
1 86 820.0 -360 10.0 -1 0 0 0 1 0 0 0 -1 3010.DAT
0 STEP
1 86 820.0 -408 20.0 -1 0 0 0 1 0 0 0 -1 3001.DAT
0 STEP
1 86 820.0 -456 20.0 -1 0 0 0 1 0 0 0 -1 3001.DAT
0 STEP
1 86 790.0 -480 10.0 0 0 1 0 1 0 -1 0 0 3005.DAT
0 STEP
1 86 800.0 -528 30.0 0 0 1 0 1 0 -1 0 0 3002.DAT
0 STEP
1 86 790.0 -624 30.0 0 0 1 0 1 0 -1 0 0 3622.DAT
0 STEP
1 86 810.0 -648 20.0 -1 0 0 0 1 0 0 0 -1 3002.DAT
0 STEP
1 86 800.0 -696 30.0 0 0 1 0 1 0 -1 0 0 3002.DAT
0 STEP
1 86 860.0 -744 10.0 -1 0 0 0 1 0 0 0 -1 3008.DAT
0 STEP
1 86 840.0 -792 10.0 -1 0 0 0 1 0 0 0 -1 3009.DAT
0 STEP
1 86 820.0 -840 10.0 -1 0 0 0 1 0 0 0 -1 3010.DAT
0 STEP
1 86 820.0 -888 20.0 -1 0 0 0 1 0 0 0 -1 3001.DAT
0 STEP
1 86 800.0 -912 30.0 0 0 1 0 1 0 -1 0 0 3002.DAT
0 STEP
1 86 810.0 -936 10.0 -1 0 0 0 1 0 0 0 -1 3622.DAT
0 STEP
1 86 840.0 -1080 10.0 -1 0 0 0 1 0 0 0 -1 3009.DAT
0 STEP
1 86 790.0 -1104 30.0 0 0 1 0 1 0 -1 0 0 3622.DAT
0 STEP
1 86 800.0 -1152 30.0 0 0 1 0 1 0 -1 0 0 3002.DAT
0 STEP
1 86 790.0 -1248 30.0 0 0 1 0 1 0 -1 0 0 3622.DAT
0 STEP
1 86 800.0 -1296 30.0 0 0 1 0 1 0 -1 0 0 3002.DAT
0 STEP
1 86 790.0 -1320 10.0 0 0 1 0 1 0 -1 0 0 3005.DAT
0 STEP
1 86 790.0 -1368 10.0 0 0 1 0 1 0 -1 0 0 3005.DAT
0 STEP
1 86 800.0 -1392 30.0 0 0 1 0 1 0 -1 0 0 3002.DAT
0 STEP
1 86 790.0 -1440 30.0 0 0 1 0 1 0 -1 0 0 3622.DAT
0 STEP
1 86 790.0 -1488 30.0 0 0 1 0 1 0 -1 0 0 3622.DAT
0 STEP
1 86 790.0 -1536 30.0 0 0 1 0 1 0 -1 0 0 3622.DAT
0 STEP
1 86 800.0 -1584 30.0 0 0 1 0 1 0 -1 0 0 3002.DAT
0 STEP
1 86 790.0 -1632 30.0 0 0 1 0 1 0 -1 0 0 3622.DAT
0 STEP
1 86 800.0 -1680 30.0 0 0 1 0 1 0 -1 0 0 3002.DAT
0 STEP
1 86 810.0 -24 40.0 -1 0 0 0 1 0 0 0 -1 3002.DAT
0 STEP
1 86 820.0 -96 40.0 -1 0 0 0 1 0 0 0 -1 3001.DAT
0 STEP
1 86 820.0 -192 30.0 -1 0 0 0 1 0 0 0 -1 3010.DAT
0 STEP
1 86 800.0 -312 30.0 -1 0 0 0 1 0 0 0 -1 3004.DAT
0 STEP
1 86 790.0 -744 30.0 0 0 1 0 1 0 -1 0 0 3005.DAT
0 STEP
1 86 820.0 -840 40.0 -1 0 0 0 1 0 0 0 -1 3001.DAT
0 STEP
1 86 810.0 -936 40.0 -1 0 0 0 1 0 0 0 -1 3002.DAT
0 STEP
1 86 790.0 -1008 40.0 0 0 1 0 1 0 -1 0 0 3004.DAT
0 STEP
1 86 790.0 -1128 30.0 0 0 1 0 1 0 -1 0 0 3005.DAT
0 STEP
1 86 810.0 -1272 30.0 -1 0 0 0 1 0 0 0 -1 3622.DAT
0 STEP
1 86 820.0 -1368 40.0 -1 0 0 0 1 0 0 0 -1 3001.DAT
0 STEP
1 86 820.0 -1704 30.0 -1 0 0 0 1 0 0 0 -1 3010.DAT
0 STEP
1 86 820.0 -240 50.0 -1 0 0 0 1 0 0 0 -1 3010.DAT
0 STEP
1 86 820.0 -408 50.0 -1 0 0 0 1 0 0 0 -1 3010.DAT
0 STEP
1 86 820.0 -456 50.0 -1 0 0 0 1 0 0 0 -1 3010.DAT
0 STEP
1 86 790.0 -480 50.0 0 0 1 0 1 0 -1 0 0 3005.DAT
0 STEP
1 86 820.0 -552 50.0 -1 0 0 0 1 0 0 0 -1 3010.DAT
0 STEP
1 86 840.0 -744 50.0 -1 0 0 0 1 0 0 0 -1 3009.DAT
0 STEP
1 86 820.0 -888 50.0 -1 0 0 0 1 0 0 0 -1 3010.DAT
0 STEP
1 86 840.0 -1080 50.0 -1 0 0 0 1 0 0 0 -1 3009.DAT
0 STEP
1 86 840.0 -1272 50.0 -1 0 0 0 1 0 0 0 -1 3009.DAT
0 STEP
1 86 790.0 -1344 50.0 0 0 1 0 1 0 -1 0 0 3005.DAT
0 STEP
1 86 820.0 -1608 50.0 -1 0 0 0 1 0 0 0 -1 3010.DAT
0 STEP
1 86 820.0 -1752 60.0 -1 0 0 0 1 0 0 0 -1 3001.DAT
0 STEP
1 86 810.0 -24 70.0 -1 0 0 0 1 0 0 0 -1 3622.DAT
0 STEP
1 86 790.0 0 110.0 0 0 1 0 1 0 -1 0 0 3622.DAT
0 STEP
1 86 800.0 -48 110.0 0 0 1 0 1 0 -1 0 0 3002.DAT
0 STEP
1 86 790.0 -1752 140.0 0 0 1 0 1 0 -1 0 0 3009.DAT
0 STEP
1 86 790.0 -1704 150.0 0 0 1 0 1 0 -1 0 0 3622.DAT
0 STEP
1 86 820.0 0 150.0 -1 0 0 0 1 0 0 0 -1 3010.DAT
0 STEP
1 86 790.0 -24 180.0 0 0 1 0 1 0 -1 0 0 3010.DAT
0 STEP
1 86 800.0 -72 190.0 0 0 1 0 1 0 -1 0 0 3002.DAT
0 STEP
1 86 790.0 -120 170.0 0 0 1 0 1 0 -1 0 0 3005.DAT
0 STEP
1 86 790.0 -168 190.0 0 0 1 0 1 0 -1 0 0 3622.DAT
0 STEP
1 86 820.0 -240 180.0 -1 0 0 0 1 0 0 0 -1 3001.DAT
0 STEP
1 86 790.0 -264 170.0 0 0 1 0 1 0 -1 0 0 3005.DAT
0 STEP
1 86 790.0 -312 180.0 0 0 1 0 1 0 -1 0 0 3004.DAT
0 STEP
1 86 800.0 -432 190.0 0 0 1 0 1 0 -1 0 0 3002.DAT
0 STEP
1 86 800.0 -528 190.0 0 0 1 0 1 0 -1 0 0 3002.DAT
0 STEP
1 86 810.0 -552 180.0 -1 0 0 0 1 0 0 0 -1 3002.DAT
0 STEP
1 86 800.0 -696 190.0 0 0 1 0 1 0 -1 0 0 3002.DAT
0 STEP
1 86 790.0 -1032 190.0 0 0 1 0 1 0 -1 0 0 3622.DAT
0 STEP
1 86 810.0 -1224 180.0 -1 0 0 0 1 0 0 0 -1 3002.DAT
0 STEP
1 86 790.0 -1272 190.0 0 0 1 0 1 0 -1 0 0 3622.DAT
0 STEP
1 86 790.0 -1320 190.0 0 0 1 0 1 0 -1 0 0 3622.DAT
0 STEP
1 86 820.0 -1368 170.0 -1 0 0 0 1 0 0 0 -1 3010.DAT
0 STEP
1 86 800.0 -1392 190.0 0 0 1 0 1 0 -1 0 0 3002.DAT
0 STEP
1 86 820.0 -1440 180.0 -1 0 0 0 1 0 0 0 -1 3001.DAT
0 STEP
1 86 820.0 -1488 170.0 -1 0 0 0 1 0 0 0 -1 3010.DAT
0 STEP
1 86 790.0 -1608 180.0 0 0 1 0 1 0 -1 0 0 3004.DAT
0 STEP
1 86 840.0 -120 200.0 -1 0 0 0 1 0 0 0 -1 2456.DAT
0 STEP
1 86 790.0 -456 190.0 0 0 1 0 1 0 -1 0 0 3005.DAT
0 STEP
1 86 820.0 -1104 190.0 -1 0 0 0 1 0 0 0 -1 3010.DAT
0 STEP
1 86 820.0 -1248 190.0 -1 0 0 0 1 0 0 0 -1 3010.DAT
0 STEP
1 86 820.0 -1368 200.0 -1 0 0 0 1 0 0 0 -1 3001.DAT
0 STEP
1 86 790.0 -1416 190.0 0 0 1 0 1 0 -1 0 0 3005.DAT
0 STEP
1 86 820.0 -1488 200.0 -1 0 0 0 1 0 0 0 -1 3001.DAT
0 STEP
1 86 790.0 -264 210.0 0 0 1 0 1 0 -1 0 0 3005.DAT
0 STEP
1 86 810.0 -552 210.0 -1 0 0 0 1 0 0 0 -1 3622.DAT
0 STEP
1 86 790.0 -576 210.0 0 0 1 0 1 0 -1 0 0 3005.DAT
0 STEP
1 86 820.0 -1224 210.0 -1 0 0 0 1 0 0 0 -1 3010.DAT
0 STEP
1 86 860.0 -1440 210.0 -1 0 0 0 1 0 0 0 -1 3008.DAT
0 STEP
1 86 840.0 -1608 210.0 -1 0 0 0 1 0 0 0 -1 3009.DAT
0 STEP
1 86 790.0 -1728 210.0 0 0 1 0 1 0 -1 0 0 3005.DAT
0 STEP
1 86 790.0 -888 280.0 0 0 1 0 1 0 -1 0 0 3010.DAT
0 STEP
1 86 790.0 -864 340.0 0 0 1 0 1 0 -1 0 0 3009.DAT
0 STEP
1 86 790.0 -912 340.0 0 0 1 0 1 0 -1 0 0 3010.DAT
0 STEP
1 86 790.0 -888 330.0 0 0 1 0 1 0 -1 0 0 3005.DAT
0 STEP
1 86 820.0 -888 390.0 -1 0 0 0 1 0 0 0 -1 3010.DAT
0 STEP
1 86 820.0 -888 420.0 -1 0 0 0 1 0 0 0 -1 3001.DAT
0 STEP
1 86 790.0 -912 410.0 0 0 1 0 1 0 -1 0 0 3005.DAT
0 STEP
1 86 790.0 -864 460.0 0 0 1 0 1 0 -1 0 0 3010.DAT
0 STEP
1 86 820.0 -888 450.0 -1 0 0 0 1 0 0 0 -1 3010.DAT
0 STEP
1 86 820.0 -864 510.0 -1 0 0 0 1 0 0 0 -1 3010.DAT
0 STEP
1 86 790.0 -864 540.0 0 0 1 0 1 0 -1 0 0 3004.DAT
0 STEP
1 86 790.0 -864 640.0 0 0 1 0 1 0 -1 0 0 3009.DAT
0 STEP
1 86 800.0 -912 660.0 0 0 1 0 1 0 -1 0 0 3001.DAT
0 STEP
1 86 820.0 -48 30.0 0 0 1 0 1 0 -1 0 0 3002.DAT
0 STEP
1 86 820.0 -120 20.0 0 0 1 0 1 0 -1 0 0 3003.DAT
0 STEP
1 86 820.0 -144 30.0 0 0 1 0 1 0 -1 0 0 3002.DAT
0 STEP
1 86 840.0 -216 10.0 -1 0 0 0 1 0 0 0 -1 3010.DAT
0 STEP
1 86 880.0 -288 10.0 -1 0 0 0 1 0 0 0 -1 3008.DAT
0 STEP
1 86 810.0 -336 30.0 0 0 1 0 1 0 -1 0 0 3622.DAT
0 STEP
1 86 810.0 -384 30.0 0 0 1 0 1 0 -1 0 0 3622.DAT
0 STEP
1 86 820.0 -480 30.0 0 0 1 0 1 0 -1 0 0 3002.DAT
0 STEP
1 86 820.0 -576 30.0 0 0 1 0 1 0 -1 0 0 3002.DAT
0 STEP
1 86 830.0 -600 20.0 -1 0 0 0 1 0 0 0 -1 3002.DAT
0 STEP
1 86 820.0 -624 30.0 0 0 1 0 1 0 -1 0 0 3002.DAT
0 STEP
1 86 810.0 -672 10.0 0 0 1 0 1 0 -1 0 0 3005.DAT
0 STEP
1 86 810.0 -768 10.0 0 0 1 0 1 0 -1 0 0 3005.DAT
0 STEP
1 86 820.0 -816 30.0 0 0 1 0 1 0 -1 0 0 3002.DAT
0 STEP
1 86 860.0 -984 10.0 -1 0 0 0 1 0 0 0 -1 3009.DAT
0 STEP
1 86 820.0 -1008 30.0 0 0 1 0 1 0 -1 0 0 3002.DAT
0 STEP
1 86 810.0 -1056 30.0 0 0 1 0 1 0 -1 0 0 3622.DAT
0 STEP
1 86 820.0 -1104 30.0 0 0 1 0 1 0 -1 0 0 3002.DAT
0 STEP
1 86 810.0 -1176 10.0 0 0 1 0 1 0 -1 0 0 3005.DAT
0 STEP
1 86 820.0 -1200 30.0 0 0 1 0 1 0 -1 0 0 3002.DAT
0 STEP
1 86 820.0 -1248 30.0 0 0 1 0 1 0 -1 0 0 3002.DAT
0 STEP
1 86 840.0 -1320 10.0 -1 0 0 0 1 0 0 0 -1 3010.DAT
0 STEP
1 86 840.0 -1368 10.0 -1 0 0 0 1 0 0 0 -1 3010.DAT
0 STEP
1 86 900.0 -1440 20.0 -1 0 0 0 1 0 0 0 -1 3006.DAT
0 STEP
1 86 820.0 -1464 30.0 0 0 1 0 1 0 -1 0 0 3002.DAT
0 STEP
1 86 880.0 -1488 10.0 -1 0 0 0 1 0 0 0 -1 3008.DAT
0 STEP
1 86 820.0 -1536 30.0 0 0 1 0 1 0 -1 0 0 3002.DAT
0 STEP
1 86 840.0 -1632 10.0 -1 0 0 0 1 0 0 0 -1 3010.DAT
0 STEP
1 86 810.0 -1728 40.0 0 0 1 0 1 0 -1 0 0 3010.DAT
0 STEP
1 86 810.0 0 80.0 0 0 1 0 1 0 -1 0 0 3009.DAT
0 STEP
1 86 900.0 -288 40.0 -1 0 0 0 1 0 0 0 -1 3006.DAT
0 STEP
1 86 840.0 -672 40.0 -1 0 0 0 1 0 0 0 -1 3001.DAT
0 STEP
1 86 860.0 -744 30.0 -1 0 0 0 1 0 0 0 -1 3009.DAT
0 STEP
1 86 860.0 -984 40.0 -1 0 0 0 1 0 0 0 -1 2456.DAT
0 STEP
1 86 840.0 -1128 30.0 -1 0 0 0 1 0 0 0 -1 3010.DAT
0 STEP
1 86 810.0 -1224 30.0 0 0 1 0 1 0 -1 0 0 3005.DAT
0 STEP
1 86 810.0 -1344 40.0 0 0 1 0 1 0 -1 0 0 3004.DAT
0 STEP
1 86 810.0 -1488 30.0 0 0 1 0 1 0 -1 0 0 3005.DAT
0 STEP
1 86 810.0 -1632 40.0 0 0 1 0 1 0 -1 0 0 3004.DAT
0 STEP
1 86 810.0 -432 50.0 0 0 1 0 1 0 -1 0 0 3005.DAT
0 STEP
1 86 810.0 -768 50.0 0 0 1 0 1 0 -1 0 0 3005.DAT
0 STEP
1 86 880.0 -1440 50.0 -1 0 0 0 1 0 0 0 -1 3008.DAT
0 STEP
1 86 880.0 -1488 50.0 -1 0 0 0 1 0 0 0 -1 3008.DAT
0 STEP
1 86 820.0 -1704 80.0 0 0 1 0 1 0 -1 0 0 3001.DAT
0 STEP
1 86 820.0 -1752 120.0 0 0 1 0 1 0 -1 0 0 3001.DAT
0 STEP
1 86 810.0 -24 160.0 0 0 1 0 1 0 -1 0 0 3010.DAT
0 STEP
1 86 820.0 -1704 150.0 0 0 1 0 1 0 -1 0 0 3002.DAT
0 STEP
1 86 840.0 -120 170.0 -1 0 0 0 1 0 0 0 -1 3010.DAT
0 STEP
1 86 860.0 -168 170.0 -1 0 0 0 1 0 0 0 -1 3009.DAT
0 STEP
1 86 810.0 -216 190.0 0 0 1 0 1 0 -1 0 0 3622.DAT
0 STEP
1 86 810.0 -264 190.0 0 0 1 0 1 0 -1 0 0 3622.DAT
0 STEP
1 86 810.0 -312 190.0 0 0 1 0 1 0 -1 0 0 3622.DAT
0 STEP
1 86 880.0 -336 170.0 -1 0 0 0 1 0 0 0 -1 3008.DAT
0 STEP
1 86 810.0 -360 170.0 0 0 1 0 1 0 -1 0 0 3005.DAT
0 STEP
1 86 810.0 -384 190.0 0 0 1 0 1 0 -1 0 0 3622.DAT
0 STEP
1 86 820.0 -480 190.0 0 0 1 0 1 0 -1 0 0 3002.DAT
0 STEP
1 86 820.0 -576 190.0 0 0 1 0 1 0 -1 0 0 3002.DAT
0 STEP
1 86 840.0 -624 170.0 -1 0 0 0 1 0 0 0 -1 3010.DAT
0 STEP
1 86 820.0 -744 190.0 0 0 1 0 1 0 -1 0 0 3002.DAT
0 STEP
1 86 810.0 -816 170.0 0 0 1 0 1 0 -1 0 0 3005.DAT
0 STEP
1 86 820.0 -960 170.0 -1 0 0 0 1 0 0 0 -1 3004.DAT
0 STEP
1 86 820.0 -1008 170.0 -1 0 0 0 1 0 0 0 -1 3004.DAT
0 STEP
1 86 820.0 -1032 190.0 0 0 1 0 1 0 -1 0 0 3002.DAT
0 STEP
1 86 820.0 -1080 190.0 0 0 1 0 1 0 -1 0 0 3002.DAT
0 STEP
1 86 820.0 -1128 180.0 0 0 1 0 1 0 -1 0 0 3003.DAT
0 STEP
1 86 820.0 -1176 180.0 0 0 1 0 1 0 -1 0 0 3003.DAT
0 STEP
1 86 820.0 -1272 190.0 0 0 1 0 1 0 -1 0 0 3002.DAT
0 STEP
1 86 820.0 -1320 180.0 0 0 1 0 1 0 -1 0 0 3003.DAT
0 STEP
1 86 810.0 -1416 190.0 0 0 1 0 1 0 -1 0 0 3622.DAT
0 STEP
1 86 810.0 -1536 190.0 0 0 1 0 1 0 -1 0 0 3622.DAT
0 STEP
1 86 840.0 -1608 170.0 -1 0 0 0 1 0 0 0 -1 3010.DAT
0 STEP
1 86 820.0 -1632 190.0 0 0 1 0 1 0 -1 0 0 3002.DAT
0 STEP
1 86 840.0 -1656 170.0 -1 0 0 0 1 0 0 0 -1 3010.DAT
0 STEP
1 86 880.0 -1752 180.0 -1 0 0 0 1 0 0 0 -1 3007.DAT
0 STEP
1 86 810.0 -168 190.0 0 0 1 0 1 0 -1 0 0 3005.DAT
0 STEP
1 86 810.0 -336 200.0 0 0 1 0 1 0 -1 0 0 3004.DAT
0 STEP
1 86 840.0 -456 190.0 -1 0 0 0 1 0 0 0 -1 3010.DAT
0 STEP
1 86 840.0 -624 200.0 -1 0 0 0 1 0 0 0 -1 3001.DAT
0 STEP
1 86 860.0 -816 200.0 -1 0 0 0 1 0 0 0 -1 2456.DAT
0 STEP
1 86 820.0 -912 220.0 0 0 1 0 1 0 -1 0 0 3001.DAT
0 STEP
1 86 830.0 -960 200.0 -1 0 0 0 1 0 0 0 -1 3002.DAT
0 STEP
1 86 830.0 -1008 200.0 -1 0 0 0 1 0 0 0 -1 3002.DAT
0 STEP
1 86 810.0 -1464 190.0 0 0 1 0 1 0 -1 0 0 3005.DAT
0 STEP
1 86 810.0 -1608 190.0 0 0 1 0 1 0 -1 0 0 3005.DAT
0 STEP
1 86 840.0 -1656 200.0 -1 0 0 0 1 0 0 0 -1 3001.DAT
0 STEP
1 86 810.0 -1728 200.0 0 0 1 0 1 0 -1 0 0 3004.DAT
0 STEP
1 86 810.0 -24 210.0 0 0 1 0 1 0 -1 0 0 3005.DAT
0 STEP
1 86 860.0 -168 210.0 -1 0 0 0 1 0 0 0 -1 3009.DAT
0 STEP
1 86 810.0 -672 210.0 0 0 1 0 1 0 -1 0 0 3005.DAT
0 STEP
1 86 810.0 -720 210.0 0 0 1 0 1 0 -1 0 0 3005.DAT
0 STEP
1 86 810.0 -768 210.0 0 0 1 0 1 0 -1 0 0 3005.DAT
0 STEP
1 86 820.0 -864 240.0 0 0 1 0 1 0 -1 0 0 3001.DAT
0 STEP
1 86 840.0 -1128 210.0 -1 0 0 0 1 0 0 0 -1 3010.DAT
0 STEP
1 86 840.0 -1176 210.0 -1 0 0 0 1 0 0 0 -1 3010.DAT
0 STEP
1 86 810.0 -1320 210.0 0 0 1 0 1 0 -1 0 0 3005.DAT
0 STEP
1 86 810.0 -1584 210.0 0 0 1 0 1 0 -1 0 0 3005.DAT
0 STEP
1 86 880.0 -888 250.0 -1 0 0 0 1 0 0 0 -1 3008.DAT
0 STEP
1 86 810.0 -888 300.0 0 0 1 0 1 0 -1 0 0 3010.DAT
0 STEP
1 86 830.0 -864 290.0 -1 0 0 0 1 0 0 0 -1 3622.DAT
0 STEP
1 86 810.0 -864 340.0 0 0 1 0 1 0 -1 0 0 3010.DAT
0 STEP
1 86 830.0 -912 310.0 -1 0 0 0 1 0 0 0 -1 3622.DAT
0 STEP
1 86 880.0 -912 330.0 -1 0 0 0 1 0 0 0 -1 3008.DAT
0 STEP
1 86 810.0 -912 420.0 0 0 1 0 1 0 -1 0 0 3008.DAT
0 STEP
1 86 810.0 -864 390.0 0 0 1 0 1 0 -1 0 0 3005.DAT
0 STEP
1 86 810.0 -864 440.0 0 0 1 0 1 0 -1 0 0 3010.DAT
0 STEP
1 86 880.0 -864 490.0 -1 0 0 0 1 0 0 0 -1 3008.DAT
0 STEP
1 86 810.0 -912 560.0 0 0 1 0 1 0 -1 0 0 3009.DAT
0 STEP
1 86 810.0 -864 600.0 0 0 1 0 1 0 -1 0 0 3008.DAT
0 STEP
1 86 810.0 -864 690.0 0 0 1 0 1 0 -1 0 0 3005.DAT
0 STEP
1 86 830.0 0 60.0 0 0 1 0 1 0 -1 0 0 3009.DAT
0 STEP
1 86 880.0 -72 10.0 -1 0 0 0 1 0 0 0 -1 3009.DAT
0 STEP
1 86 900.0 -192 10.0 -1 0 0 0 1 0 0 0 -1 3008.DAT
0 STEP
1 86 830.0 -240 10.0 0 0 1 0 1 0 -1 0 0 3005.DAT
0 STEP
1 86 830.0 -264 30.0 0 0 1 0 1 0 -1 0 0 3622.DAT
0 STEP
1 86 840.0 -312 30.0 0 0 1 0 1 0 -1 0 0 3002.DAT
0 STEP
1 86 900.0 -336 10.0 -1 0 0 0 1 0 0 0 -1 3008.DAT
0 STEP
1 86 830.0 -384 10.0 0 0 1 0 1 0 -1 0 0 3005.DAT
0 STEP
1 86 830.0 -432 30.0 0 0 1 0 1 0 -1 0 0 3622.DAT
0 STEP
1 86 830.0 -528 10.0 0 0 1 0 1 0 -1 0 0 3005.DAT
0 STEP
1 86 860.0 -672 10.0 -1 0 0 0 1 0 0 0 -1 3010.DAT
0 STEP
1 86 830.0 -696 10.0 0 0 1 0 1 0 -1 0 0 3005.DAT
0 STEP
1 86 830.0 -720 30.0 0 0 1 0 1 0 -1 0 0 3622.DAT
0 STEP
1 86 830.0 -768 30.0 0 0 1 0 1 0 -1 0 0 3622.DAT
0 STEP
1 86 830.0 -864 30.0 0 0 1 0 1 0 -1 0 0 3622.DAT
0 STEP
1 86 830.0 -912 30.0 0 0 1 0 1 0 -1 0 0 3622.DAT
0 STEP
1 86 900.0 -960 10.0 -1 0 0 0 1 0 0 0 -1 3008.DAT
0 STEP
1 86 830.0 -1032 10.0 0 0 1 0 1 0 -1 0 0 3005.DAT
0 STEP
1 86 840.0 -1056 30.0 0 0 1 0 1 0 -1 0 0 3002.DAT
0 STEP
1 86 830.0 -1128 10.0 0 0 1 0 1 0 -1 0 0 3005.DAT
0 STEP
1 86 860.0 -1152 10.0 -1 0 0 0 1 0 0 0 -1 3010.DAT
0 STEP
1 86 850.0 -1176 20.0 -1 0 0 0 1 0 0 0 -1 3002.DAT
0 STEP
1 86 840.0 -1296 30.0 0 0 1 0 1 0 -1 0 0 3002.DAT
0 STEP
1 86 840.0 -1344 30.0 0 0 1 0 1 0 -1 0 0 3002.DAT
0 STEP
1 86 830.0 -1392 20.0 0 0 1 0 1 0 -1 0 0 3004.DAT
0 STEP
1 86 840.0 -1416 30.0 0 0 1 0 1 0 -1 0 0 3002.DAT
0 STEP
1 86 860.0 -1584 10.0 -1 0 0 0 1 0 0 0 -1 3010.DAT
0 STEP
1 86 860.0 -1680 20.0 -1 0 0 0 1 0 0 0 -1 3001.DAT
0 STEP
1 86 840.0 -1728 40.0 0 0 1 0 1 0 -1 0 0 3001.DAT
0 STEP
1 86 830.0 -1752 10.0 0 0 1 0 1 0 -1 0 0 3005.DAT
0 STEP
1 86 830.0 -168 30.0 0 0 1 0 1 0 -1 0 0 3005.DAT
0 STEP
1 86 860.0 -216 40.0 -1 0 0 0 1 0 0 0 -1 3001.DAT
0 STEP
1 86 840.0 -336 30.0 -1 0 0 0 1 0 0 0 -1 3004.DAT
0 STEP
1 86 900.0 -384 30.0 -1 0 0 0 1 0 0 0 -1 3008.DAT
0 STEP
1 86 850.0 -528 40.0 -1 0 0 0 1 0 0 0 -1 3002.DAT
0 STEP
1 86 860.0 -696 30.0 -1 0 0 0 1 0 0 0 -1 3010.DAT
0 STEP
1 86 860.0 -1032 30.0 -1 0 0 0 1 0 0 0 -1 3010.DAT
0 STEP
1 86 830.0 -1152 40.0 0 0 1 0 1 0 -1 0 0 3004.DAT
0 STEP
1 86 860.0 -1224 30.0 -1 0 0 0 1 0 0 0 -1 3010.DAT
0 STEP
1 86 880.0 -1488 30.0 -1 0 0 0 1 0 0 0 -1 3009.DAT
0 STEP
1 86 860.0 -1584 40.0 -1 0 0 0 1 0 0 0 -1 3001.DAT
0 STEP
1 86 860.0 -1632 40.0 -1 0 0 0 1 0 0 0 -1 3001.DAT
0 STEP
1 86 830.0 -120 50.0 0 0 1 0 1 0 -1 0 0 3005.DAT
0 STEP
1 86 860.0 -168 50.0 -1 0 0 0 1 0 0 0 -1 3010.DAT
0 STEP
1 86 900.0 -336 50.0 -1 0 0 0 1 0 0 0 -1 3008.DAT
0 STEP
1 86 840.0 -384 50.0 -1 0 0 0 1 0 0 0 -1 3004.DAT
0 STEP
1 86 830.0 -696 50.0 0 0 1 0 1 0 -1 0 0 3005.DAT
0 STEP
1 86 880.0 -1392 50.0 -1 0 0 0 1 0 0 0 -1 3009.DAT
0 STEP
1 86 860.0 -1680 50.0 -1 0 0 0 1 0 0 0 -1 3010.DAT
0 STEP
1 86 860.0 -48 100.0 -1 0 0 0 1 0 0 0 -1 3001.DAT
0 STEP
1 86 830.0 -24 160.0 0 0 1 0 1 0 -1 0 0 3009.DAT
0 STEP
1 86 900.0 -1728 110.0 -1 0 0 0 1 0 0 0 -1 3008.DAT
0 STEP
1 86 850.0 0 130.0 -1 0 0 0 1 0 0 0 -1 3622.DAT
0 STEP
1 86 830.0 -48 130.0 0 0 1 0 1 0 -1 0 0 3005.DAT
0 STEP
1 86 840.0 -1728 180.0 0 0 1 0 1 0 -1 0 0 3001.DAT
0 STEP
1 86 860.0 -72 180.0 -1 0 0 0 1 0 0 0 -1 3001.DAT
0 STEP
1 86 830.0 -192 170.0 0 0 1 0 1 0 -1 0 0 3005.DAT
0 STEP
1 86 860.0 -216 180.0 -1 0 0 0 1 0 0 0 -1 3001.DAT
0 STEP
1 86 830.0 -264 180.0 0 0 1 0 1 0 -1 0 0 3004.DAT
0 STEP
1 86 840.0 -288 190.0 0 0 1 0 1 0 -1 0 0 3002.DAT
0 STEP
1 86 830.0 -312 180.0 0 0 1 0 1 0 -1 0 0 3004.DAT
0 STEP
1 86 830.0 -360 190.0 0 0 1 0 1 0 -1 0 0 3622.DAT
0 STEP
1 86 860.0 -384 170.0 -1 0 0 0 1 0 0 0 -1 3010.DAT
0 STEP
1 86 840.0 -432 190.0 0 0 1 0 1 0 -1 0 0 3002.DAT
0 STEP
1 86 880.0 -504 170.0 -1 0 0 0 1 0 0 0 -1 3009.DAT
0 STEP
1 86 850.0 -528 180.0 -1 0 0 0 1 0 0 0 -1 3002.DAT
0 STEP
1 86 830.0 -648 180.0 0 0 1 0 1 0 -1 0 0 3004.DAT
0 STEP
1 86 830.0 -696 190.0 0 0 1 0 1 0 -1 0 0 3622.DAT
0 STEP
1 86 860.0 -816 170.0 -1 0 0 0 1 0 0 0 -1 3010.DAT
0 STEP
1 86 830.0 -984 190.0 0 0 1 0 1 0 -1 0 0 3622.DAT
0 STEP
1 86 830.0 -1056 170.0 0 0 1 0 1 0 -1 0 0 3005.DAT
0 STEP
1 86 830.0 -1200 170.0 0 0 1 0 1 0 -1 0 0 3005.DAT
0 STEP
1 86 830.0 -1296 170.0 0 0 1 0 1 0 -1 0 0 3005.DAT
0 STEP
1 86 830.0 -1344 170.0 0 0 1 0 1 0 -1 0 0 3005.DAT
0 STEP
1 86 860.0 -1392 180.0 -1 0 0 0 1 0 0 0 -1 3001.DAT
0 STEP
1 86 840.0 -1416 190.0 0 0 1 0 1 0 -1 0 0 3002.DAT
0 STEP
1 86 840.0 -1536 190.0 0 0 1 0 1 0 -1 0 0 3002.DAT
0 STEP
1 86 830.0 -1584 190.0 0 0 1 0 1 0 -1 0 0 3622.DAT
0 STEP
1 86 840.0 -1680 190.0 0 0 1 0 1 0 -1 0 0 3002.DAT
0 STEP
1 86 880.0 -168 190.0 -1 0 0 0 1 0 0 0 -1 3009.DAT
0 STEP
1 86 900.0 -336 200.0 -1 0 0 0 1 0 0 0 -1 3007.DAT
0 STEP
1 86 880.0 -384 190.0 -1 0 0 0 1 0 0 0 -1 3009.DAT
0 STEP
1 86 830.0 -408 190.0 0 0 1 0 1 0 -1 0 0 3005.DAT
0 STEP
1 86 830.0 -504 200.0 0 0 1 0 1 0 -1 0 0 3004.DAT
0 STEP
1 86 850.0 -768 200.0 -1 0 0 0 1 0 0 0 -1 3002.DAT
0 STEP
1 86 830.0 -864 190.0 0 0 1 0 1 0 -1 0 0 3005.DAT
0 STEP
1 86 860.0 -1464 200.0 -1 0 0 0 1 0 0 0 -1 3001.DAT
0 STEP
1 86 860.0 -1608 190.0 -1 0 0 0 1 0 0 0 -1 3010.DAT
0 STEP
1 86 850.0 -1704 190.0 -1 0 0 0 1 0 0 0 -1 3622.DAT
0 STEP
1 86 830.0 -72 210.0 0 0 1 0 1 0 -1 0 0 3005.DAT
0 STEP
1 86 830.0 -144 210.0 0 0 1 0 1 0 -1 0 0 3005.DAT
0 STEP
1 86 830.0 -192 210.0 0 0 1 0 1 0 -1 0 0 3005.DAT
0 STEP
1 86 860.0 -216 210.0 -1 0 0 0 1 0 0 0 -1 3010.DAT
0 STEP
1 86 860.0 -264 210.0 -1 0 0 0 1 0 0 0 -1 3010.DAT
0 STEP
1 86 860.0 -312 210.0 -1 0 0 0 1 0 0 0 -1 3010.DAT
0 STEP
1 86 850.0 -384 210.0 -1 0 0 0 1 0 0 0 -1 3622.DAT
0 STEP
1 86 850.0 -528 210.0 -1 0 0 0 1 0 0 0 -1 3622.DAT
0 STEP
1 86 900.0 -672 210.0 -1 0 0 0 1 0 0 0 -1 3008.DAT
0 STEP
1 86 860.0 -720 210.0 -1 0 0 0 1 0 0 0 -1 3010.DAT
0 STEP
1 86 830.0 -1056 210.0 0 0 1 0 1 0 -1 0 0 3005.DAT
0 STEP
1 86 830.0 -1200 210.0 0 0 1 0 1 0 -1 0 0 3005.DAT
0 STEP
1 86 830.0 -1248 210.0 0 0 1 0 1 0 -1 0 0 3005.DAT
0 STEP
1 86 860.0 -1320 210.0 -1 0 0 0 1 0 0 0 -1 3010.DAT
0 STEP
1 86 830.0 -1344 210.0 0 0 1 0 1 0 -1 0 0 3005.DAT
0 STEP
1 86 830.0 -1392 210.0 0 0 1 0 1 0 -1 0 0 3005.DAT
0 STEP
1 86 860.0 -1704 210.0 -1 0 0 0 1 0 0 0 -1 3010.DAT
0 STEP
1 86 850.0 -936 260.0 -1 0 0 0 1 0 0 0 -1 3002.DAT
0 STEP
1 86 830.0 -960 280.0 0 0 1 0 1 0 -1 0 0 3010.DAT
0 STEP
1 86 850.0 -984 250.0 -1 0 0 0 1 0 0 0 -1 3622.DAT
0 STEP
1 86 830.0 -1008 280.0 0 0 1 0 1 0 -1 0 0 3010.DAT
0 STEP
1 86 840.0 -1032 250.0 -1 0 0 0 1 0 0 0 -1 3004.DAT
0 STEP
1 86 830.0 -1056 250.0 0 0 1 0 1 0 -1 0 0 3005.DAT
0 STEP
1 86 840.0 -1080 280.0 0 0 1 0 1 0 -1 0 0 3001.DAT
0 STEP
1 86 830.0 -1104 250.0 0 0 1 0 1 0 -1 0 0 3005.DAT
0 STEP
1 86 850.0 -1128 250.0 -1 0 0 0 1 0 0 0 -1 3622.DAT
0 STEP
1 86 830.0 -1152 270.0 0 0 1 0 1 0 -1 0 0 3622.DAT
0 STEP
1 86 850.0 -1176 260.0 -1 0 0 0 1 0 0 0 -1 3002.DAT
0 STEP
1 86 830.0 -1200 280.0 0 0 1 0 1 0 -1 0 0 3010.DAT
0 STEP
1 86 850.0 -1224 250.0 -1 0 0 0 1 0 0 0 -1 3622.DAT
0 STEP
1 86 830.0 -1248 280.0 0 0 1 0 1 0 -1 0 0 3010.DAT
0 STEP
1 86 850.0 -1272 260.0 -1 0 0 0 1 0 0 0 -1 3002.DAT
0 STEP
1 86 830.0 -1296 250.0 0 0 1 0 1 0 -1 0 0 3005.DAT
0 STEP
1 86 840.0 -1320 280.0 0 0 1 0 1 0 -1 0 0 3001.DAT
0 STEP
1 86 830.0 -1344 260.0 0 0 1 0 1 0 -1 0 0 3004.DAT
0 STEP
1 86 830.0 -1368 280.0 0 0 1 0 1 0 -1 0 0 3010.DAT
0 STEP
1 86 860.0 -888 270.0 -1 0 0 0 1 0 0 0 -1 3010.DAT
0 STEP
1 86 840.0 -984 300.0 0 0 1 0 1 0 -1 0 0 3001.DAT
0 STEP
1 86 840.0 -1032 300.0 0 0 1 0 1 0 -1 0 0 3001.DAT
0 STEP
1 86 850.0 -1056 270.0 -1 0 0 0 1 0 0 0 -1 3622.DAT
0 STEP
1 86 830.0 -1104 300.0 0 0 1 0 1 0 -1 0 0 3010.DAT
0 STEP
1 86 830.0 -1128 300.0 0 0 1 0 1 0 -1 0 0 3010.DAT
0 STEP
1 86 840.0 -1224 300.0 0 0 1 0 1 0 -1 0 0 3001.DAT
0 STEP
1 86 840.0 -1296 300.0 0 0 1 0 1 0 -1 0 0 3001.DAT
0 STEP
1 86 830.0 -888 310.0 0 0 1 0 1 0 -1 0 0 3622.DAT
0 STEP
1 86 860.0 -936 300.0 -1 0 0 0 1 0 0 0 -1 3001.DAT
0 STEP
1 86 830.0 -1056 290.0 0 0 1 0 1 0 -1 0 0 3005.DAT
0 STEP
1 86 860.0 -1176 290.0 -1 0 0 0 1 0 0 0 -1 3010.DAT
0 STEP
1 86 860.0 -1272 300.0 -1 0 0 0 1 0 0 0 -1 3001.DAT
0 STEP
1 86 850.0 -1344 290.0 -1 0 0 0 1 0 0 0 -1 3622.DAT
0 STEP
1 86 830.0 -864 310.0 0 0 1 0 1 0 -1 0 0 3005.DAT
0 STEP
1 86 900.0 -1056 320.0 -1 0 0 0 1 0 0 0 -1 3007.DAT
0 STEP
1 86 860.0 -1152 320.0 -1 0 0 0 1 0 0 0 -1 3001.DAT
0 STEP
1 86 830.0 -1176 320.0 0 0 1 0 1 0 -1 0 0 3004.DAT
0 STEP
1 86 860.0 -1344 320.0 -1 0 0 0 1 0 0 0 -1 3001.DAT
0 STEP
1 86 830.0 -864 400.0 0 0 1 0 1 0 -1 0 0 3008.DAT
0 STEP
1 86 860.0 -936 330.0 -1 0 0 0 1 0 0 0 -1 3010.DAT
0 STEP
1 86 830.0 -960 330.0 0 0 1 0 1 0 -1 0 0 3005.DAT
0 STEP
1 86 830.0 -1008 330.0 0 0 1 0 1 0 -1 0 0 3005.DAT
0 STEP
1 86 850.0 -1080 330.0 -1 0 0 0 1 0 0 0 -1 3622.DAT
0 STEP
1 86 860.0 -1200 330.0 -1 0 0 0 1 0 0 0 -1 3010.DAT
0 STEP
1 86 830.0 -1248 330.0 0 0 1 0 1 0 -1 0 0 3005.DAT
0 STEP
1 86 860.0 -1272 330.0 -1 0 0 0 1 0 0 0 -1 3010.DAT
0 STEP
1 86 840.0 -1320 330.0 -1 0 0 0 1 0 0 0 -1 3004.DAT
0 STEP
1 86 830.0 -1368 330.0 0 0 1 0 1 0 -1 0 0 3005.DAT
0 STEP
1 86 830.0 -912 350.0 0 0 1 0 1 0 -1 0 0 3005.DAT
0 STEP
1 86 830.0 -912 400.0 0 0 1 0 1 0 -1 0 0 3010.DAT
0 STEP
1 86 830.0 -912 450.0 0 0 1 0 1 0 -1 0 0 3005.DAT
0 STEP
1 86 880.0 -912 470.0 -1 0 0 0 1 0 0 0 -1 3009.DAT
0 STEP
1 86 830.0 -888 500.0 0 0 1 0 1 0 -1 0 0 3004.DAT
0 STEP
1 86 830.0 -912 510.0 0 0 1 0 1 0 -1 0 0 3622.DAT
0 STEP
1 86 830.0 -864 550.0 0 0 1 0 1 0 -1 0 0 3622.DAT
0 STEP
1 86 840.0 -912 580.0 0 0 1 0 1 0 -1 0 0 3001.DAT
0 STEP
1 86 830.0 -864 620.0 0 0 1 0 1 0 -1 0 0 3010.DAT
0 STEP
1 86 830.0 -912 630.0 0 0 1 0 1 0 -1 0 0 3005.DAT
0 STEP
1 86 830.0 -888 670.0 0 0 1 0 1 0 -1 0 0 3622.DAT
0 STEP
1 86 860.0 -912 650.0 -1 0 0 0 1 0 0 0 -1 3010.DAT
0 STEP
1 86 830.0 -864 670.0 0 0 1 0 1 0 -1 0 0 3005.DAT
0 STEP
1 86 840.0 -912 670.0 -1 0 0 0 1 0 0 0 -1 3004.DAT
0 STEP
1 86 860.0 -864 690.0 -1 0 0 0 1 0 0 0 -1 3010.DAT
0 STEP
1 86 830.0 -912 690.0 0 0 1 0 1 0 -1 0 0 3005.DAT
0 STEP
1 86 860.0 0 30.0 0 0 1 0 1 0 -1 0 0 3002.DAT
0 STEP
1 86 860.0 -48 40.0 0 0 1 0 1 0 -1 0 0 3001.DAT
0 STEP
1 86 880.0 -120 10.0 -1 0 0 0 1 0 0 0 -1 3010.DAT
0 STEP
1 86 860.0 -144 30.0 0 0 1 0 1 0 -1 0 0 3002.DAT
0 STEP
1 86 870.0 -240 20.0 -1 0 0 0 1 0 0 0 -1 3002.DAT
0 STEP
1 86 870.0 -264 10.0 -1 0 0 0 1 0 0 0 -1 3622.DAT
0 STEP
1 86 920.0 -384 10.0 -1 0 0 0 1 0 0 0 -1 3008.DAT
0 STEP
1 86 870.0 -432 10.0 -1 0 0 0 1 0 0 0 -1 3622.DAT
0 STEP
1 86 880.0 -480 20.0 -1 0 0 0 1 0 0 0 -1 3001.DAT
0 STEP
1 86 920.0 -528 10.0 -1 0 0 0 1 0 0 0 -1 3008.DAT
0 STEP
1 86 920.0 -576 20.0 -1 0 0 0 1 0 0 0 -1 3007.DAT
0 STEP
1 86 870.0 -624 10.0 -1 0 0 0 1 0 0 0 -1 3622.DAT
0 STEP
1 86 860.0 -648 30.0 0 0 1 0 1 0 -1 0 0 3002.DAT
0 STEP
1 86 880.0 -696 10.0 -1 0 0 0 1 0 0 0 -1 3010.DAT
0 STEP
1 86 860.0 -720 30.0 0 0 1 0 1 0 -1 0 0 3002.DAT
0 STEP
1 86 860.0 -768 30.0 0 0 1 0 1 0 -1 0 0 3002.DAT
0 STEP
1 86 940.0 -816 20.0 -1 0 0 0 1 0 0 0 -1 3006.DAT
0 STEP
1 86 860.0 -864 10.0 -1 0 0 0 1 0 0 0 -1 3004.DAT
0 STEP
1 86 850.0 -912 10.0 0 0 1 0 1 0 -1 0 0 3005.DAT
0 STEP
1 86 860.0 -936 30.0 0 0 1 0 1 0 -1 0 0 3002.DAT
0 STEP
1 86 860.0 -1008 30.0 0 0 1 0 1 0 -1 0 0 3002.DAT
0 STEP
1 86 880.0 -1032 10.0 -1 0 0 0 1 0 0 0 -1 3010.DAT
0 STEP
1 86 850.0 -1104 30.0 0 0 1 0 1 0 -1 0 0 3622.DAT
0 STEP
1 86 880.0 -1128 10.0 -1 0 0 0 1 0 0 0 -1 3010.DAT
0 STEP
1 86 920.0 -1200 10.0 -1 0 0 0 1 0 0 0 -1 3008.DAT
0 STEP
1 86 860.0 -1248 30.0 0 0 1 0 1 0 -1 0 0 3002.DAT
0 STEP
1 86 870.0 -1272 20.0 -1 0 0 0 1 0 0 0 -1 3002.DAT
0 STEP
1 86 850.0 -1392 10.0 0 0 1 0 1 0 -1 0 0 3005.DAT
0 STEP
1 86 860.0 -1464 30.0 0 0 1 0 1 0 -1 0 0 3002.DAT
0 STEP
1 86 860.0 -1512 30.0 0 0 1 0 1 0 -1 0 0 3002.DAT
0 STEP
1 86 850.0 -1536 10.0 0 0 1 0 1 0 -1 0 0 3005.DAT
0 STEP
1 86 900.0 -1608 10.0 -1 0 0 0 1 0 0 0 -1 3009.DAT
0 STEP
1 86 880.0 -1752 10.0 -1 0 0 0 1 0 0 0 -1 3010.DAT
0 STEP
1 86 850.0 -24 80.0 0 0 1 0 1 0 -1 0 0 3009.DAT
0 STEP
1 86 900.0 -120 40.0 -1 0 0 0 1 0 0 0 -1 2456.DAT
0 STEP
1 86 880.0 -168 30.0 -1 0 0 0 1 0 0 0 -1 3010.DAT
0 STEP
1 86 870.0 -264 40.0 -1 0 0 0 1 0 0 0 -1 3002.DAT
0 STEP
1 86 880.0 -432 40.0 -1 0 0 0 1 0 0 0 -1 3001.DAT
0 STEP
1 86 850.0 -552 30.0 0 0 1 0 1 0 -1 0 0 3005.DAT
0 STEP
1 86 850.0 -624 40.0 0 0 1 0 1 0 -1 0 0 3004.DAT
0 STEP
1 86 920.0 -864 30.0 -1 0 0 0 1 0 0 0 -1 3008.DAT
0 STEP
1 86 880.0 -912 40.0 -1 0 0 0 1 0 0 0 -1 3001.DAT
0 STEP
1 86 880.0 -1152 40.0 -1 0 0 0 1 0 0 0 -1 3001.DAT
0 STEP
1 86 850.0 -1200 30.0 0 0 1 0 1 0 -1 0 0 3005.DAT
0 STEP
1 86 900.0 -1392 30.0 -1 0 0 0 1 0 0 0 -1 3009.DAT
0 STEP
1 86 900.0 -1536 40.0 -1 0 0 0 1 0 0 0 -1 2456.DAT
0 STEP
1 86 850.0 -1656 40.0 0 0 1 0 1 0 -1 0 0 3004.DAT
0 STEP
1 86 850.0 -1752 30.0 0 0 1 0 1 0 -1 0 0 3005.DAT
0 STEP
1 86 850.0 -192 50.0 0 0 1 0 1 0 -1 0 0 3005.DAT
0 STEP
1 86 920.0 -480 50.0 -1 0 0 0 1 0 0 0 -1 3008.DAT
0 STEP
1 86 920.0 -576 50.0 -1 0 0 0 1 0 0 0 -1 3008.DAT
0 STEP
1 86 880.0 -696 50.0 -1 0 0 0 1 0 0 0 -1 3010.DAT
0 STEP
1 86 860.0 -816 50.0 -1 0 0 0 1 0 0 0 -1 3004.DAT
0 STEP
1 86 880.0 -864 50.0 -1 0 0 0 1 0 0 0 -1 3010.DAT
0 STEP
1 86 880.0 -1200 50.0 -1 0 0 0 1 0 0 0 -1 3010.DAT
0 STEP
1 86 850.0 -1704 80.0 0 0 1 0 1 0 -1 0 0 3010.DAT
0 STEP
1 86 880.0 0 70.0 -1 0 0 0 1 0 0 0 -1 3010.DAT
0 STEP
1 86 870.0 0 100.0 -1 0 0 0 1 0 0 0 -1 3002.DAT
0 STEP
1 86 850.0 -1752 120.0 0 0 1 0 1 0 -1 0 0 3010.DAT
0 STEP
1 86 850.0 -48 160.0 0 0 1 0 1 0 -1 0 0 3010.DAT
0 STEP
1 86 850.0 -1704 150.0 0 0 1 0 1 0 -1 0 0 3622.DAT
0 STEP
1 86 850.0 -24 150.0 0 0 1 0 1 0 -1 0 0 3005.DAT
0 STEP
1 86 920.0 -24 170.0 -1 0 0 0 1 0 0 0 -1 3008.DAT
0 STEP
1 86 850.0 -96 190.0 0 0 1 0 1 0 -1 0 0 3622.DAT
0 STEP
1 86 860.0 -144 190.0 0 0 1 0 1 0 -1 0 0 3002.DAT
0 STEP
1 86 860.0 -192 190.0 0 0 1 0 1 0 -1 0 0 3002.DAT
0 STEP
1 86 880.0 -264 180.0 -1 0 0 0 1 0 0 0 -1 3001.DAT
0 STEP
1 86 880.0 -312 180.0 -1 0 0 0 1 0 0 0 -1 3001.DAT
0 STEP
1 86 860.0 -360 190.0 0 0 1 0 1 0 -1 0 0 3002.DAT
0 STEP
1 86 850.0 -408 180.0 0 0 1 0 1 0 -1 0 0 3004.DAT
0 STEP
1 86 860.0 -480 190.0 0 0 1 0 1 0 -1 0 0 3002.DAT
0 STEP
1 86 850.0 -552 190.0 0 0 1 0 1 0 -1 0 0 3622.DAT
0 STEP
1 86 860.0 -576 190.0 0 0 1 0 1 0 -1 0 0 3002.DAT
0 STEP
1 86 860.0 -648 190.0 0 0 1 0 1 0 -1 0 0 3002.DAT
0 STEP
1 86 860.0 -696 190.0 0 0 1 0 1 0 -1 0 0 3002.DAT
0 STEP
1 86 850.0 -720 170.0 0 0 1 0 1 0 -1 0 0 3005.DAT
0 STEP
1 86 850.0 -744 190.0 0 0 1 0 1 0 -1 0 0 3622.DAT
0 STEP
1 86 850.0 -792 190.0 0 0 1 0 1 0 -1 0 0 3622.DAT
0 STEP
1 86 880.0 -1464 170.0 -1 0 0 0 1 0 0 0 -1 3010.DAT
0 STEP
1 86 900.0 -1512 180.0 -1 0 0 0 1 0 0 0 -1 2456.DAT
0 STEP
1 86 860.0 -1584 190.0 0 0 1 0 1 0 -1 0 0 3002.DAT
0 STEP
1 86 880.0 -1632 180.0 -1 0 0 0 1 0 0 0 -1 3001.DAT
0 STEP
1 86 850.0 -24 200.0 0 0 1 0 1 0 -1 0 0 3004.DAT
0 STEP
1 86 880.0 -504 200.0 -1 0 0 0 1 0 0 0 -1 3001.DAT
0 STEP
1 86 850.0 -600 200.0 0 0 1 0 1 0 -1 0 0 3004.DAT
0 STEP
1 86 870.0 -720 190.0 -1 0 0 0 1 0 0 0 -1 3622.DAT
0 STEP
1 86 920.0 -864 190.0 -1 0 0 0 1 0 0 0 -1 3008.DAT
0 STEP
1 86 850.0 -936 190.0 0 0 1 0 1 0 -1 0 0 3005.DAT
0 STEP
1 86 850.0 -984 190.0 0 0 1 0 1 0 -1 0 0 3005.DAT
0 STEP
1 86 850.0 -1032 190.0 0 0 1 0 1 0 -1 0 0 3005.DAT
0 STEP
1 86 850.0 -1056 190.0 0 0 1 0 1 0 -1 0 0 3005.DAT
0 STEP
1 86 850.0 -1080 200.0 0 0 1 0 1 0 -1 0 0 3004.DAT
0 STEP
1 86 850.0 -1128 190.0 0 0 1 0 1 0 -1 0 0 3005.DAT
0 STEP
1 86 850.0 -1176 190.0 0 0 1 0 1 0 -1 0 0 3005.DAT
0 STEP
1 86 850.0 -1224 190.0 0 0 1 0 1 0 -1 0 0 3005.DAT
0 STEP
1 86 850.0 -1272 190.0 0 0 1 0 1 0 -1 0 0 3005.DAT
0 STEP
1 86 850.0 -1320 190.0 0 0 1 0 1 0 -1 0 0 3005.DAT
0 STEP
1 86 880.0 -72 210.0 -1 0 0 0 1 0 0 0 -1 3010.DAT
0 STEP
1 86 850.0 -240 210.0 0 0 1 0 1 0 -1 0 0 3005.DAT
0 STEP
1 86 850.0 -864 240.0 0 0 1 0 1 0 -1 0 0 3010.DAT
0 STEP
1 86 850.0 -912 240.0 0 0 1 0 1 0 -1 0 0 3010.DAT
0 STEP
1 86 860.0 -984 210.0 -1 0 0 0 1 0 0 0 -1 3004.DAT
0 STEP
1 86 860.0 -1032 210.0 -1 0 0 0 1 0 0 0 -1 3004.DAT
0 STEP
1 86 860.0 -1056 230.0 0 0 1 0 1 0 -1 0 0 3002.DAT
0 STEP
1 86 860.0 -1104 240.0 0 0 1 0 1 0 -1 0 0 3001.DAT
0 STEP
1 86 860.0 -1152 240.0 0 0 1 0 1 0 -1 0 0 3001.DAT
0 STEP
1 86 860.0 -1200 260.0 0 0 1 0 1 0 -1 0 0 2456.DAT
0 STEP
1 86 850.0 -1248 240.0 0 0 1 0 1 0 -1 0 0 3010.DAT
0 STEP
1 86 860.0 -1272 220.0 0 0 1 0 1 0 -1 0 0 3003.DAT
0 STEP
1 86 860.0 -1344 240.0 0 0 1 0 1 0 -1 0 0 3001.DAT
0 STEP
1 86 880.0 -1392 210.0 -1 0 0 0 1 0 0 0 -1 3010.DAT
0 STEP
1 86 880.0 -1632 210.0 -1 0 0 0 1 0 0 0 -1 3010.DAT
0 STEP
1 86 850.0 -1752 210.0 0 0 1 0 1 0 -1 0 0 3005.DAT
0 STEP
1 86 870.0 -936 230.0 -1 0 0 0 1 0 0 0 -1 3622.DAT
0 STEP
1 86 850.0 -960 280.0 0 0 1 0 1 0 -1 0 0 3009.DAT
0 STEP
1 86 870.0 -984 230.0 -1 0 0 0 1 0 0 0 -1 3622.DAT
0 STEP
1 86 850.0 -1008 260.0 0 0 1 0 1 0 -1 0 0 3010.DAT
0 STEP
1 86 870.0 -1032 230.0 -1 0 0 0 1 0 0 0 -1 3622.DAT
0 STEP
1 86 870.0 -1080 230.0 -1 0 0 0 1 0 0 0 -1 3622.DAT
0 STEP
1 86 870.0 -1128 230.0 -1 0 0 0 1 0 0 0 -1 3622.DAT
0 STEP
1 86 870.0 -1176 230.0 -1 0 0 0 1 0 0 0 -1 3622.DAT
0 STEP
1 86 870.0 -1224 230.0 -1 0 0 0 1 0 0 0 -1 3622.DAT
0 STEP
1 86 860.0 -1296 240.0 0 0 1 0 1 0 -1 0 0 3003.DAT
0 STEP
1 86 870.0 -1320 230.0 -1 0 0 0 1 0 0 0 -1 3622.DAT
0 STEP
1 86 900.0 -1368 250.0 -1 0 0 0 1 0 0 0 -1 3009.DAT
0 STEP
1 86 860.0 -1128 300.0 0 0 1 0 1 0 -1 0 0 3001.DAT
0 STEP
1 86 850.0 -1368 300.0 0 0 1 0 1 0 -1 0 0 3010.DAT
0 STEP
1 86 880.0 -888 290.0 -1 0 0 0 1 0 0 0 -1 3010.DAT
0 STEP
1 86 850.0 -912 290.0 0 0 1 0 1 0 -1 0 0 3005.DAT
0 STEP
1 86 900.0 -1056 290.0 -1 0 0 0 1 0 0 0 -1 3009.DAT
0 STEP
1 86 850.0 -1104 290.0 0 0 1 0 1 0 -1 0 0 3005.DAT
0 STEP
1 86 850.0 -1152 290.0 0 0 1 0 1 0 -1 0 0 3005.DAT
0 STEP
1 86 850.0 -1248 290.0 0 0 1 0 1 0 -1 0 0 3005.DAT
0 STEP
1 86 850.0 -864 340.0 0 0 1 0 1 0 -1 0 0 3010.DAT
0 STEP
1 86 870.0 -888 320.0 -1 0 0 0 1 0 0 0 -1 3002.DAT
0 STEP
1 86 880.0 -1008 320.0 -1 0 0 0 1 0 0 0 -1 3001.DAT
0 STEP
1 86 880.0 -1104 310.0 -1 0 0 0 1 0 0 0 -1 3010.DAT
0 STEP
1 86 880.0 -1176 320.0 -1 0 0 0 1 0 0 0 -1 3001.DAT
0 STEP
1 86 900.0 -1248 320.0 -1 0 0 0 1 0 0 0 -1 2456.DAT
0 STEP
1 86 850.0 -1104 330.0 0 0 1 0 1 0 -1 0 0 3005.DAT
0 STEP
1 86 850.0 -912 380.0 0 0 1 0 1 0 -1 0 0 3010.DAT
0 STEP
1 86 850.0 -864 390.0 0 0 1 0 1 0 -1 0 0 3005.DAT
0 STEP
1 86 880.0 -864 410.0 -1 0 0 0 1 0 0 0 -1 3010.DAT
0 STEP
1 86 870.0 -864 430.0 -1 0 0 0 1 0 0 0 -1 3622.DAT
0 STEP
1 86 850.0 -912 430.0 0 0 1 0 1 0 -1 0 0 3005.DAT
0 STEP
1 86 880.0 -864 460.0 -1 0 0 0 1 0 0 0 -1 3001.DAT
0 STEP
1 86 880.0 -912 450.0 -1 0 0 0 1 0 0 0 -1 3010.DAT
0 STEP
1 86 850.0 -888 490.0 0 0 1 0 1 0 -1 0 0 3622.DAT
0 STEP
1 86 850.0 -912 490.0 0 0 1 0 1 0 -1 0 0 3005.DAT
0 STEP
1 86 880.0 -912 510.0 -1 0 0 0 1 0 0 0 -1 3010.DAT
0 STEP
1 86 860.0 -864 530.0 -1 0 0 0 1 0 0 0 -1 3004.DAT
0 STEP
1 86 850.0 -912 530.0 0 0 1 0 1 0 -1 0 0 3005.DAT
0 STEP
1 86 880.0 -864 550.0 -1 0 0 0 1 0 0 0 -1 3010.DAT
0 STEP
1 86 860.0 -864 600.0 0 0 1 0 1 0 -1 0 0 3001.DAT
0 STEP
1 86 880.0 -912 630.0 -1 0 0 0 1 0 0 0 -1 3010.DAT
0 STEP
1 86 850.0 -864 650.0 0 0 1 0 1 0 -1 0 0 3005.DAT
0 STEP
1 86 860.0 -888 670.0 0 0 1 0 1 0 -1 0 0 3002.DAT
0 STEP
1 86 880.0 -864 670.0 -1 0 0 0 1 0 0 0 -1 3010.DAT
0 STEP
1 86 880.0 -912 690.0 -1 0 0 0 1 0 0 0 -1 3010.DAT
0 STEP
1 86 880.0 -96 30.0 0 0 1 0 1 0 -1 0 0 3002.DAT
0 STEP
1 86 890.0 -168 10.0 -1 0 0 0 1 0 0 0 -1 3622.DAT
0 STEP
1 86 870.0 -312 30.0 0 0 1 0 1 0 -1 0 0 3622.DAT
0 STEP
1 86 870.0 -360 10.0 0 0 1 0 1 0 -1 0 0 3005.DAT
0 STEP
1 86 880.0 -408 30.0 0 0 1 0 1 0 -1 0 0 3002.DAT
0 STEP
1 86 870.0 -456 30.0 0 0 1 0 1 0 -1 0 0 3622.DAT
0 STEP
1 86 870.0 -504 30.0 0 0 1 0 1 0 -1 0 0 3622.DAT
0 STEP
1 86 880.0 -552 30.0 0 0 1 0 1 0 -1 0 0 3002.DAT
0 STEP
1 86 880.0 -600 30.0 0 0 1 0 1 0 -1 0 0 3002.DAT
0 STEP
1 86 880.0 -840 30.0 0 0 1 0 1 0 -1 0 0 3002.DAT
0 STEP
1 86 870.0 -888 30.0 0 0 1 0 1 0 -1 0 0 3622.DAT
0 STEP
1 86 940.0 -912 10.0 -1 0 0 0 1 0 0 0 -1 3008.DAT
0 STEP
1 86 870.0 -1056 30.0 0 0 1 0 1 0 -1 0 0 3622.DAT
0 STEP
1 86 880.0 -1104 20.0 0 0 1 0 1 0 -1 0 0 3003.DAT
0 STEP
1 86 880.0 -1224 10.0 -1 0 0 0 1 0 0 0 -1 3004.DAT
0 STEP
1 86 870.0 -1296 10.0 0 0 1 0 1 0 -1 0 0 3005.DAT
0 STEP
1 86 920.0 -1344 10.0 -1 0 0 0 1 0 0 0 -1 3009.DAT
0 STEP
1 86 900.0 -1392 10.0 -1 0 0 0 1 0 0 0 -1 3010.DAT
0 STEP
1 86 880.0 -1416 30.0 0 0 1 0 1 0 -1 0 0 3002.DAT
0 STEP
1 86 900.0 -1536 10.0 -1 0 0 0 1 0 0 0 -1 3010.DAT
0 STEP
1 86 880.0 -1560 30.0 0 0 1 0 1 0 -1 0 0 3002.DAT
0 STEP
1 86 870.0 -1728 40.0 0 0 1 0 1 0 -1 0 0 3010.DAT
0 STEP
1 86 900.0 -24 30.0 -1 0 0 0 1 0 0 0 -1 3010.DAT
0 STEP
1 86 920.0 -192 40.0 -1 0 0 0 1 0 0 0 -1 2456.DAT
0 STEP
1 86 940.0 -336 30.0 -1 0 0 0 1 0 0 0 -1 3008.DAT
0 STEP
1 86 900.0 -624 30.0 -1 0 0 0 1 0 0 0 -1 3010.DAT
0 STEP
1 86 940.0 -1200 30.0 -1 0 0 0 1 0 0 0 -1 3008.DAT
0 STEP
1 86 900.0 -1296 30.0 -1 0 0 0 1 0 0 0 -1 3010.DAT
0 STEP
1 86 900.0 -1344 40.0 -1 0 0 0 1 0 0 0 -1 3001.DAT
0 STEP
1 86 870.0 -1368 40.0 0 0 1 0 1 0 -1 0 0 3004.DAT
0 STEP
1 86 940.0 -1656 30.0 -1 0 0 0 1 0 0 0 -1 3008.DAT
0 STEP
1 86 870.0 -1704 100.0 0 0 1 0 1 0 -1 0 0 3008.DAT
0 STEP
1 86 900.0 -1752 30.0 -1 0 0 0 1 0 0 0 -1 3010.DAT
0 STEP
1 86 880.0 -24 50.0 -1 0 0 0 1 0 0 0 -1 3004.DAT
0 STEP
1 86 870.0 -240 50.0 0 0 1 0 1 0 -1 0 0 3005.DAT
0 STEP
1 86 940.0 -384 50.0 -1 0 0 0 1 0 0 0 -1 3008.DAT
0 STEP
1 86 870.0 -624 50.0 0 0 1 0 1 0 -1 0 0 3005.DAT
0 STEP
1 86 900.0 -1104 50.0 -1 0 0 0 1 0 0 0 -1 3010.DAT
0 STEP
1 86 870.0 -1128 50.0 0 0 1 0 1 0 -1 0 0 3005.DAT
0 STEP
1 86 900.0 -1224 50.0 -1 0 0 0 1 0 0 0 -1 3010.DAT
0 STEP
1 86 870.0 -1296 50.0 0 0 1 0 1 0 -1 0 0 3005.DAT
0 STEP
1 86 870.0 -1608 50.0 0 0 1 0 1 0 -1 0 0 3005.DAT
0 STEP
1 86 870.0 -1656 50.0 0 0 1 0 1 0 -1 0 0 3005.DAT
0 STEP
1 86 870.0 -1752 50.0 0 0 1 0 1 0 -1 0 0 3005.DAT
0 STEP
1 86 870.0 -24 70.0 0 0 1 0 1 0 -1 0 0 3005.DAT
0 STEP
1 86 880.0 -1752 100.0 0 0 1 0 1 0 -1 0 0 3001.DAT
0 STEP
1 86 870.0 -24 120.0 0 0 1 0 1 0 -1 0 0 3010.DAT
0 STEP
1 86 900.0 -48 140.0 -1 0 0 0 1 0 0 0 -1 3001.DAT
0 STEP
1 86 870.0 0 150.0 0 0 1 0 1 0 -1 0 0 3005.DAT
0 STEP
1 86 880.0 -1728 180.0 0 0 1 0 1 0 -1 0 0 3001.DAT
0 STEP
1 86 900.0 -1752 150.0 -1 0 0 0 1 0 0 0 -1 3010.DAT
0 STEP
1 86 880.0 -48 180.0 0 0 1 0 1 0 -1 0 0 3003.DAT
0 STEP
1 86 920.0 -96 180.0 -1 0 0 0 1 0 0 0 -1 2456.DAT
0 STEP
1 86 870.0 -240 190.0 0 0 1 0 1 0 -1 0 0 3622.DAT
0 STEP
1 86 880.0 -288 190.0 0 0 1 0 1 0 -1 0 0 3002.DAT
0 STEP
1 86 870.0 -408 190.0 0 0 1 0 1 0 -1 0 0 3622.DAT
0 STEP
1 86 940.0 -432 170.0 -1 0 0 0 1 0 0 0 -1 3008.DAT
0 STEP
1 86 900.0 -552 170.0 -1 0 0 0 1 0 0 0 -1 3010.DAT
0 STEP
1 86 920.0 -672 170.0 -1 0 0 0 1 0 0 0 -1 3009.DAT
0 STEP
1 86 920.0 -720 170.0 -1 0 0 0 1 0 0 0 -1 3009.DAT
0 STEP
1 86 880.0 -744 190.0 0 0 1 0 1 0 -1 0 0 3002.DAT
0 STEP
1 86 900.0 -792 180.0 -1 0 0 0 1 0 0 0 -1 3001.DAT
0 STEP
1 86 870.0 -840 190.0 0 0 1 0 1 0 -1 0 0 3622.DAT
0 STEP
1 86 900.0 -1368 180.0 -1 0 0 0 1 0 0 0 -1 3001.DAT
0 STEP
1 86 880.0 -1416 190.0 0 0 1 0 1 0 -1 0 0 3002.DAT
0 STEP
1 86 870.0 -1440 180.0 0 0 1 0 1 0 -1 0 0 3004.DAT
0 STEP
1 86 880.0 -1488 190.0 0 0 1 0 1 0 -1 0 0 3002.DAT
0 STEP
1 86 880.0 -1536 190.0 0 0 1 0 1 0 -1 0 0 3002.DAT
0 STEP
1 86 900.0 -1560 170.0 -1 0 0 0 1 0 0 0 -1 3010.DAT
0 STEP
1 86 870.0 -1680 190.0 0 0 1 0 1 0 -1 0 0 3622.DAT
0 STEP
1 86 940.0 -24 200.0 -1 0 0 0 1 0 0 0 -1 3007.DAT
0 STEP
1 86 940.0 -432 200.0 -1 0 0 0 1 0 0 0 -1 3007.DAT
0 STEP
1 86 900.0 -552 200.0 -1 0 0 0 1 0 0 0 -1 3001.DAT
0 STEP
1 86 900.0 -600 200.0 -1 0 0 0 1 0 0 0 -1 3001.DAT
0 STEP
1 86 890.0 -672 190.0 -1 0 0 0 1 0 0 0 -1 3622.DAT
0 STEP
1 86 870.0 -96 210.0 0 0 1 0 1 0 -1 0 0 3005.DAT
0 STEP
1 86 900.0 -792 210.0 -1 0 0 0 1 0 0 0 -1 3010.DAT
0 STEP
1 86 880.0 -864 300.0 0 0 1 0 1 0 -1 0 0 3006.DAT
0 STEP
1 86 870.0 -960 240.0 0 0 1 0 1 0 -1 0 0 3010.DAT
0 STEP
1 86 870.0 -1008 240.0 0 0 1 0 1 0 -1 0 0 3010.DAT
0 STEP
1 86 870.0 -1080 210.0 0 0 1 0 1 0 -1 0 0 3005.DAT
0 STEP
1 86 870.0 -1224 210.0 0 0 1 0 1 0 -1 0 0 3005.DAT
0 STEP
1 86 870.0 -1248 210.0 0 0 1 0 1 0 -1 0 0 3005.DAT
0 STEP
1 86 870.0 -1296 210.0 0 0 1 0 1 0 -1 0 0 3005.DAT
0 STEP
1 86 920.0 -1368 210.0 -1 0 0 0 1 0 0 0 -1 3009.DAT
0 STEP
1 86 920.0 -1752 210.0 -1 0 0 0 1 0 0 0 -1 3009.DAT
0 STEP
1 86 890.0 -888 230.0 -1 0 0 0 1 0 0 0 -1 3622.DAT
0 STEP
1 86 870.0 -912 230.0 0 0 1 0 1 0 -1 0 0 3005.DAT
0 STEP
1 86 870.0 -1248 260.0 0 0 1 0 1 0 -1 0 0 3010.DAT
0 STEP
1 86 870.0 -912 280.0 0 0 1 0 1 0 -1 0 0 3010.DAT
0 STEP
1 86 870.0 -1032 280.0 0 0 1 0 1 0 -1 0 0 3010.DAT
0 STEP
1 86 870.0 -1080 280.0 0 0 1 0 1 0 -1 0 0 3010.DAT
0 STEP
1 86 900.0 -1320 250.0 -1 0 0 0 1 0 0 0 -1 3010.DAT
0 STEP
1 86 870.0 -984 300.0 0 0 1 0 1 0 -1 0 0 3010.DAT
0 STEP
1 86 870.0 -1224 270.0 0 0 1 0 1 0 -1 0 0 3005.DAT
0 STEP
1 86 870.0 -1296 270.0 0 0 1 0 1 0 -1 0 0 3005.DAT
0 STEP
1 86 880.0 -1320 300.0 0 0 1 0 1 0 -1 0 0 3001.DAT
0 STEP
1 86 920.0 -1368 270.0 -1 0 0 0 1 0 0 0 -1 3009.DAT
0 STEP
1 86 900.0 -960 300.0 -1 0 0 0 1 0 0 0 -1 3001.DAT
0 STEP
1 86 890.0 -1008 290.0 -1 0 0 0 1 0 0 0 -1 3622.DAT
0 STEP
1 86 900.0 -1104 290.0 -1 0 0 0 1 0 0 0 -1 3010.DAT
0 STEP
1 86 900.0 -1152 290.0 -1 0 0 0 1 0 0 0 -1 3010.DAT
0 STEP
1 86 880.0 -1224 310.0 0 0 1 0 1 0 -1 0 0 3002.DAT
0 STEP
1 86 900.0 -1296 290.0 -1 0 0 0 1 0 0 0 -1 3010.DAT
0 STEP
1 86 900.0 -1368 290.0 -1 0 0 0 1 0 0 0 -1 3010.DAT
0 STEP
1 86 870.0 -1296 310.0 0 0 1 0 1 0 -1 0 0 3005.DAT
0 STEP
1 86 870.0 -1368 310.0 0 0 1 0 1 0 -1 0 0 3005.DAT
0 STEP
1 86 870.0 -960 330.0 0 0 1 0 1 0 -1 0 0 3005.DAT
0 STEP
1 86 870.0 -1032 330.0 0 0 1 0 1 0 -1 0 0 3005.DAT
0 STEP
1 86 900.0 -1104 330.0 -1 0 0 0 1 0 0 0 -1 3010.DAT
0 STEP
1 86 900.0 -1296 330.0 -1 0 0 0 1 0 0 0 -1 3010.DAT
0 STEP
1 86 900.0 -1368 330.0 -1 0 0 0 1 0 0 0 -1 3010.DAT
0 STEP
1 86 900.0 -912 350.0 -1 0 0 0 1 0 0 0 -1 3010.DAT
0 STEP
1 86 870.0 -912 400.0 0 0 1 0 1 0 -1 0 0 3010.DAT
0 STEP
1 86 870.0 -888 400.0 0 0 1 0 1 0 -1 0 0 3004.DAT
0 STEP
1 86 940.0 -888 430.0 -1 0 0 0 1 0 0 0 -1 3008.DAT
0 STEP
1 86 870.0 -888 450.0 0 0 1 0 1 0 -1 0 0 3005.DAT
0 STEP
1 86 870.0 -888 520.0 0 0 1 0 1 0 -1 0 0 3009.DAT
0 STEP
1 86 940.0 -912 490.0 -1 0 0 0 1 0 0 0 -1 3008.DAT
0 STEP
1 86 870.0 -864 510.0 0 0 1 0 1 0 -1 0 0 3005.DAT
0 STEP
1 86 880.0 -912 560.0 0 0 1 0 1 0 -1 0 0 3001.DAT
0 STEP
1 86 870.0 -888 620.0 0 0 1 0 1 0 -1 0 0 3004.DAT
0 STEP
1 86 880.0 -912 610.0 -1 0 0 0 1 0 0 0 -1 3004.DAT
0 STEP
1 86 900.0 -864 650.0 -1 0 0 0 1 0 0 0 -1 3010.DAT
0 STEP
1 86 940.0 -912 670.0 -1 0 0 0 1 0 0 0 -1 3008.DAT
0 STEP
1 86 900.0 0 30.0 0 0 1 0 1 0 -1 0 0 3002.DAT
0 STEP
1 86 890.0 -48 40.0 0 0 1 0 1 0 -1 0 0 3010.DAT
0 STEP
1 86 890.0 -144 30.0 0 0 1 0 1 0 -1 0 0 3622.DAT
0 STEP
1 86 890.0 -216 10.0 0 0 1 0 1 0 -1 0 0 3005.DAT
0 STEP
1 86 900.0 -312 30.0 0 0 1 0 1 0 -1 0 0 3002.DAT
0 STEP
1 86 900.0 -360 30.0 0 0 1 0 1 0 -1 0 0 3002.DAT
0 STEP
1 86 920.0 -456 20.0 -1 0 0 0 1 0 0 0 -1 3001.DAT
0 STEP
1 86 920.0 -504 20.0 -1 0 0 0 1 0 0 0 -1 3001.DAT
0 STEP
1 86 900.0 -648 30.0 0 0 1 0 1 0 -1 0 0 3002.DAT
0 STEP
1 86 890.0 -720 30.0 0 0 1 0 1 0 -1 0 0 3622.DAT
0 STEP
1 86 890.0 -768 30.0 0 0 1 0 1 0 -1 0 0 3622.DAT
0 STEP
1 86 960.0 -864 10.0 -1 0 0 0 1 0 0 0 -1 3008.DAT
0 STEP
1 86 900.0 -888 30.0 0 0 1 0 1 0 -1 0 0 3002.DAT
0 STEP
1 86 900.0 -936 30.0 0 0 1 0 1 0 -1 0 0 3002.DAT
0 STEP
1 86 890.0 -1008 10.0 0 0 1 0 1 0 -1 0 0 3005.DAT
0 STEP
1 86 920.0 -1056 10.0 -1 0 0 0 1 0 0 0 -1 3010.DAT
0 STEP
1 86 900.0 -1176 30.0 0 0 1 0 1 0 -1 0 0 3002.DAT
0 STEP
1 86 940.0 -1248 10.0 -1 0 0 0 1 0 0 0 -1 3009.DAT
0 STEP
1 86 960.0 -1296 10.0 -1 0 0 0 1 0 0 0 -1 3008.DAT
0 STEP
1 86 900.0 -1320 30.0 0 0 1 0 1 0 -1 0 0 3002.DAT
0 STEP
1 86 900.0 -1368 30.0 0 0 1 0 1 0 -1 0 0 3002.DAT
0 STEP
1 86 890.0 -1464 30.0 0 0 1 0 1 0 -1 0 0 3622.DAT
0 STEP
1 86 900.0 -1512 30.0 0 0 1 0 1 0 -1 0 0 3002.DAT
0 STEP
1 86 890.0 -1632 10.0 0 0 1 0 1 0 -1 0 0 3005.DAT
0 STEP
1 86 960.0 -1704 10.0 -1 0 0 0 1 0 0 0 -1 3008.DAT
0 STEP
1 86 900.0 -1728 40.0 0 0 1 0 1 0 -1 0 0 3001.DAT
0 STEP
1 86 940.0 -528 40.0 -1 0 0 0 1 0 0 0 -1 2456.DAT
0 STEP
1 86 900.0 -672 30.0 -1 0 0 0 1 0 0 0 -1 3004.DAT
0 STEP
1 86 890.0 -792 30.0 0 0 1 0 1 0 -1 0 0 3005.DAT
0 STEP
1 86 940.0 -1008 40.0 -1 0 0 0 1 0 0 0 -1 2456.DAT
0 STEP
1 86 920.0 -1056 40.0 -1 0 0 0 1 0 0 0 -1 3001.DAT
0 STEP
1 86 890.0 -1128 40.0 0 0 1 0 1 0 -1 0 0 3004.DAT
0 STEP
1 86 980.0 -1248 40.0 -1 0 0 0 1 0 0 0 -1 3006.DAT
0 STEP
1 86 920.0 -1608 40.0 -1 0 0 0 1 0 0 0 -1 3001.DAT
0 STEP
1 86 910.0 -1704 30.0 -1 0 0 0 1 0 0 0 -1 3622.DAT
0 STEP
1 86 960.0 -240 50.0 -1 0 0 0 1 0 0 0 -1 3008.DAT
0 STEP
1 86 920.0 -456 50.0 -1 0 0 0 1 0 0 0 -1 3010.DAT
0 STEP
1 86 920.0 -504 50.0 -1 0 0 0 1 0 0 0 -1 3010.DAT
0 STEP
1 86 920.0 -624 50.0 -1 0 0 0 1 0 0 0 -1 3010.DAT
0 STEP
1 86 940.0 -672 50.0 -1 0 0 0 1 0 0 0 -1 3009.DAT
0 STEP
1 86 960.0 -816 50.0 -1 0 0 0 1 0 0 0 -1 3008.DAT
0 STEP
1 86 960.0 -1296 50.0 -1 0 0 0 1 0 0 0 -1 3008.DAT
0 STEP
1 86 960.0 -1656 50.0 -1 0 0 0 1 0 0 0 -1 3008.DAT
0 STEP
1 86 900.0 -1704 120.0 0 0 1 0 1 0 -1 0 0 3007.DAT
0 STEP
1 86 920.0 -1752 50.0 -1 0 0 0 1 0 0 0 -1 3010.DAT
0 STEP
1 86 890.0 -24 80.0 0 0 1 0 1 0 -1 0 0 3004.DAT
0 STEP
1 86 900.0 -24 130.0 0 0 1 0 1 0 -1 0 0 3002.DAT
0 STEP
1 86 890.0 0 160.0 0 0 1 0 1 0 -1 0 0 3010.DAT
0 STEP
1 86 890.0 -120 170.0 0 0 1 0 1 0 -1 0 0 3005.DAT
0 STEP
1 86 920.0 -144 170.0 -1 0 0 0 1 0 0 0 -1 3010.DAT
0 STEP
1 86 900.0 -192 190.0 0 0 1 0 1 0 -1 0 0 3002.DAT
0 STEP
1 86 960.0 -240 170.0 -1 0 0 0 1 0 0 0 -1 3008.DAT
0 STEP
1 86 900.0 -360 190.0 0 0 1 0 1 0 -1 0 0 3002.DAT
0 STEP
1 86 900.0 -408 190.0 0 0 1 0 1 0 -1 0 0 3002.DAT
0 STEP
1 86 900.0 -456 190.0 0 0 1 0 1 0 -1 0 0 3002.DAT
0 STEP
1 86 940.0 -480 180.0 -1 0 0 0 1 0 0 0 -1 2456.DAT
0 STEP
1 86 900.0 -528 190.0 0 0 1 0 1 0 -1 0 0 3002.DAT
0 STEP
1 86 890.0 -576 190.0 0 0 1 0 1 0 -1 0 0 3622.DAT
0 STEP
1 86 890.0 -624 190.0 0 0 1 0 1 0 -1 0 0 3622.DAT
0 STEP
1 86 900.0 -648 190.0 0 0 1 0 1 0 -1 0 0 3002.DAT
0 STEP
1 86 900.0 -696 190.0 0 0 1 0 1 0 -1 0 0 3002.DAT
0 STEP
1 86 920.0 -840 180.0 -1 0 0 0 1 0 0 0 -1 3001.DAT
0 STEP
1 86 920.0 -1440 180.0 -1 0 0 0 1 0 0 0 -1 3001.DAT
0 STEP
1 86 920.0 -1584 180.0 -1 0 0 0 1 0 0 0 -1 3001.DAT
0 STEP
1 86 890.0 -1608 170.0 0 0 1 0 1 0 -1 0 0 3005.DAT
0 STEP
1 86 890.0 -1656 190.0 0 0 1 0 1 0 -1 0 0 3622.DAT
0 STEP
1 86 920.0 -1680 170.0 -1 0 0 0 1 0 0 0 -1 3010.DAT
0 STEP
1 86 890.0 -144 190.0 0 0 1 0 1 0 -1 0 0 3005.DAT
0 STEP
1 86 980.0 -240 200.0 -1 0 0 0 1 0 0 0 -1 3006.DAT
0 STEP
1 86 920.0 -768 200.0 -1 0 0 0 1 0 0 0 -1 3001.DAT
0 STEP
1 86 910.0 -1344 200.0 -1 0 0 0 1 0 0 0 -1 3002.DAT
0 STEP
1 86 910.0 -1680 190.0 -1 0 0 0 1 0 0 0 -1 3622.DAT
0 STEP
1 86 890.0 -48 210.0 0 0 1 0 1 0 -1 0 0 3005.DAT
0 STEP
1 86 920.0 -96 210.0 -1 0 0 0 1 0 0 0 -1 3010.DAT
0 STEP
1 86 920.0 -144 210.0 -1 0 0 0 1 0 0 0 -1 3010.DAT
0 STEP
1 86 920.0 -384 210.0 -1 0 0 0 1 0 0 0 -1 3010.DAT
0 STEP
1 86 890.0 -480 210.0 0 0 1 0 1 0 -1 0 0 3005.DAT
0 STEP
1 86 890.0 -840 210.0 0 0 1 0 1 0 -1 0 0 3005.DAT
0 STEP
1 86 900.0 -888 210.0 -1 0 0 0 1 0 0 0 -1 3004.DAT
0 STEP
1 86 890.0 -1584 210.0 0 0 1 0 1 0 -1 0 0 3005.DAT
0 STEP
1 86 940.0 -1680 210.0 -1 0 0 0 1 0 0 0 -1 3009.DAT
0 STEP
1 86 900.0 -912 260.0 0 0 1 0 1 0 -1 0 0 3001.DAT
0 STEP
1 86 890.0 -960 230.0 0 0 1 0 1 0 -1 0 0 3005.DAT
0 STEP
1 86 890.0 -1008 230.0 0 0 1 0 1 0 -1 0 0 3005.DAT
0 STEP
1 86 890.0 -1056 230.0 0 0 1 0 1 0 -1 0 0 3005.DAT
0 STEP
1 86 890.0 -1104 230.0 0 0 1 0 1 0 -1 0 0 3005.DAT
0 STEP
1 86 890.0 -1152 230.0 0 0 1 0 1 0 -1 0 0 3005.DAT
0 STEP
1 86 890.0 -1200 230.0 0 0 1 0 1 0 -1 0 0 3005.DAT
0 STEP
1 86 890.0 -1248 230.0 0 0 1 0 1 0 -1 0 0 3005.DAT
0 STEP
1 86 890.0 -1272 230.0 0 0 1 0 1 0 -1 0 0 3005.DAT
0 STEP
1 86 920.0 -1296 230.0 -1 0 0 0 1 0 0 0 -1 3010.DAT
0 STEP
1 86 890.0 -1344 260.0 0 0 1 0 1 0 -1 0 0 3010.DAT
0 STEP
1 86 900.0 -984 310.0 0 0 1 0 1 0 -1 0 0 3002.DAT
0 STEP
1 86 900.0 -1032 310.0 0 0 1 0 1 0 -1 0 0 3002.DAT
0 STEP
1 86 900.0 -1080 310.0 0 0 1 0 1 0 -1 0 0 3002.DAT
0 STEP
1 86 890.0 -1128 310.0 0 0 1 0 1 0 -1 0 0 3622.DAT
0 STEP
1 86 890.0 -1200 300.0 0 0 1 0 1 0 -1 0 0 3004.DAT
0 STEP
1 86 890.0 -1248 290.0 0 0 1 0 1 0 -1 0 0 3005.DAT
0 STEP
1 86 920.0 -912 310.0 -1 0 0 0 1 0 0 0 -1 3010.DAT
0 STEP
1 86 920.0 -1296 310.0 -1 0 0 0 1 0 0 0 -1 3010.DAT
0 STEP
1 86 920.0 -1368 310.0 -1 0 0 0 1 0 0 0 -1 3010.DAT
0 STEP
1 86 940.0 -960 330.0 -1 0 0 0 1 0 0 0 -1 3009.DAT
0 STEP
1 86 890.0 -888 380.0 0 0 1 0 1 0 -1 0 0 3010.DAT
0 STEP
1 86 900.0 -912 400.0 0 0 1 0 1 0 -1 0 0 3001.DAT
0 STEP
1 86 890.0 -888 480.0 0 0 1 0 1 0 -1 0 0 3010.DAT
0 STEP
1 86 890.0 -864 520.0 0 0 1 0 1 0 -1 0 0 3004.DAT
0 STEP
1 86 920.0 -888 530.0 -1 0 0 0 1 0 0 0 -1 3010.DAT
0 STEP
1 86 890.0 -936 530.0 0 0 1 0 1 0 -1 0 0 3005.DAT
0 STEP
1 86 900.0 -960 530.0 -1 0 0 0 1 0 0 0 -1 3004.DAT
0 STEP
1 86 890.0 -888 620.0 0 0 1 0 1 0 -1 0 0 3008.DAT
0 STEP
1 86 890.0 -936 580.0 0 0 1 0 1 0 -1 0 0 3010.DAT
0 STEP
1 86 900.0 -864 600.0 0 0 1 0 1 0 -1 0 0 3001.DAT
0 STEP
1 86 910.0 -48 60.0 0 0 1 0 1 0 -1 0 0 3009.DAT
0 STEP
1 86 910.0 -96 30.0 0 0 1 0 1 0 -1 0 0 3622.DAT
0 STEP
1 86 960.0 -144 10.0 -1 0 0 0 1 0 0 0 -1 3009.DAT
0 STEP
1 86 910.0 -216 30.0 0 0 1 0 1 0 -1 0 0 3622.DAT
0 STEP
1 86 980.0 -240 20.0 -1 0 0 0 1 0 0 0 -1 3007.DAT
0 STEP
1 86 920.0 -264 30.0 0 0 1 0 1 0 -1 0 0 3002.DAT
0 STEP
1 86 920.0 -408 30.0 0 0 1 0 1 0 -1 0 0 3002.DAT
0 STEP
1 86 940.0 -432 10.0 -1 0 0 0 1 0 0 0 -1 3010.DAT
0 STEP
1 86 920.0 -552 30.0 0 0 1 0 1 0 -1 0 0 3002.DAT
0 STEP
1 86 910.0 -600 30.0 0 0 1 0 1 0 -1 0 0 3622.DAT
0 STEP
1 86 960.0 -624 10.0 -1 0 0 0 1 0 0 0 -1 3009.DAT
0 STEP
1 86 910.0 -672 10.0 0 0 1 0 1 0 -1 0 0 3005.DAT
0 STEP
1 86 910.0 -720 10.0 0 0 1 0 1 0 -1 0 0 3005.DAT
0 STEP
1 86 960.0 -768 10.0 -1 0 0 0 1 0 0 0 -1 3009.DAT
0 STEP
1 86 920.0 -792 30.0 0 0 1 0 1 0 -1 0 0 3002.DAT
0 STEP
1 86 920.0 -840 30.0 0 0 1 0 1 0 -1 0 0 3002.DAT
0 STEP
1 86 940.0 -1008 10.0 -1 0 0 0 1 0 0 0 -1 3010.DAT
0 STEP
1 86 910.0 -1080 10.0 0 0 1 0 1 0 -1 0 0 3005.DAT
0 STEP
1 86 930.0 -1104 20.0 -1 0 0 0 1 0 0 0 -1 3002.DAT
0 STEP
1 86 910.0 -1152 10.0 0 0 1 0 1 0 -1 0 0 3005.DAT
0 STEP
1 86 920.0 -1224 20.0 0 0 1 0 1 0 -1 0 0 3003.DAT
0 STEP
1 86 920.0 -1272 30.0 0 0 1 0 1 0 -1 0 0 3002.DAT
0 STEP
1 86 920.0 -1416 30.0 0 0 1 0 1 0 -1 0 0 3002.DAT
0 STEP
1 86 920.0 -1464 30.0 0 0 1 0 1 0 -1 0 0 3002.DAT
0 STEP
1 86 960.0 -1560 10.0 -1 0 0 0 1 0 0 0 -1 3009.DAT
0 STEP
1 86 920.0 -1584 30.0 0 0 1 0 1 0 -1 0 0 3002.DAT
0 STEP
1 86 920.0 -1632 30.0 0 0 1 0 1 0 -1 0 0 3002.DAT
0 STEP
1 86 940.0 -1680 10.0 -1 0 0 0 1 0 0 0 -1 3010.DAT
0 STEP
1 86 960.0 -144 40.0 -1 0 0 0 1 0 0 0 -1 2456.DAT
0 STEP
1 86 910.0 -696 30.0 0 0 1 0 1 0 -1 0 0 3005.DAT
0 STEP
1 86 960.0 -720 40.0 -1 0 0 0 1 0 0 0 -1 2456.DAT
0 STEP
1 86 960.0 -768 40.0 -1 0 0 0 1 0 0 0 -1 2456.DAT
0 STEP
1 86 940.0 -960 40.0 -1 0 0 0 1 0 0 0 -1 3001.DAT
0 STEP
1 86 910.0 -1032 30.0 0 0 1 0 1 0 -1 0 0 3005.DAT
0 STEP
1 86 940.0 -1128 30.0 -1 0 0 0 1 0 0 0 -1 3010.DAT
0 STEP
1 86 920.0 -1560 30.0 -1 0 0 0 1 0 0 0 -1 3004.DAT
0 STEP
1 86 940.0 -1680 40.0 -1 0 0 0 1 0 0 0 -1 3001.DAT
0 STEP
1 86 910.0 -24 70.0 0 0 1 0 1 0 -1 0 0 3622.DAT
0 STEP
1 86 910.0 -168 50.0 0 0 1 0 1 0 -1 0 0 3005.DAT
0 STEP
1 86 910.0 -744 50.0 0 0 1 0 1 0 -1 0 0 3005.DAT
0 STEP
1 86 910.0 -1080 50.0 0 0 1 0 1 0 -1 0 0 3005.DAT
0 STEP
1 86 930.0 -1128 50.0 -1 0 0 0 1 0 0 0 -1 3622.DAT
0 STEP
1 86 940.0 -1560 50.0 -1 0 0 0 1 0 0 0 -1 3010.DAT
0 STEP
1 86 920.0 -1752 100.0 0 0 1 0 1 0 -1 0 0 3001.DAT
0 STEP
1 86 920.0 0 120.0 0 0 1 0 1 0 -1 0 0 3001.DAT
0 STEP
1 86 910.0 -1728 90.0 0 0 1 0 1 0 -1 0 0 3005.DAT
0 STEP
1 86 910.0 -1728 130.0 0 0 1 0 1 0 -1 0 0 3005.DAT
0 STEP
1 86 940.0 -1728 160.0 -1 0 0 0 1 0 0 0 -1 3001.DAT
0 STEP
1 86 930.0 0 170.0 -1 0 0 0 1 0 0 0 -1 3622.DAT
0 STEP
1 86 920.0 -48 190.0 0 0 1 0 1 0 -1 0 0 3002.DAT
0 STEP
1 86 960.0 -72 170.0 -1 0 0 0 1 0 0 0 -1 3009.DAT
0 STEP
1 86 910.0 -120 190.0 0 0 1 0 1 0 -1 0 0 3622.DAT
0 STEP
1 86 910.0 -216 190.0 0 0 1 0 1 0 -1 0 0 3622.DAT
0 STEP
1 86 980.0 -288 170.0 -1 0 0 0 1 0 0 0 -1 3008.DAT
0 STEP
1 86 960.0 -384 170.0 -1 0 0 0 1 0 0 0 -1 3009.DAT
0 STEP
1 86 960.0 -576 170.0 -1 0 0 0 1 0 0 0 -1 3009.DAT
0 STEP
1 86 940.0 -624 170.0 -1 0 0 0 1 0 0 0 -1 3010.DAT
0 STEP
1 86 920.0 -744 190.0 0 0 1 0 1 0 -1 0 0 3002.DAT
0 STEP
1 86 930.0 -768 170.0 -1 0 0 0 1 0 0 0 -1 3622.DAT
0 STEP
1 86 910.0 -816 170.0 0 0 1 0 1 0 -1 0 0 3005.DAT
0 STEP
1 86 910.0 -1392 180.0 0 0 1 0 1 0 -1 0 0 3004.DAT
0 STEP
1 86 910.0 -1416 190.0 0 0 1 0 1 0 -1 0 0 3622.DAT
0 STEP
1 86 940.0 -1488 170.0 -1 0 0 0 1 0 0 0 -1 3010.DAT
0 STEP
1 86 920.0 -1536 190.0 0 0 1 0 1 0 -1 0 0 3002.DAT
0 STEP
1 86 910.0 -1608 190.0 0 0 1 0 1 0 -1 0 0 3622.DAT
0 STEP
1 86 940.0 -1656 170.0 -1 0 0 0 1 0 0 0 -1 3010.DAT
0 STEP
1 86 910.0 0 190.0 0 0 1 0 1 0 -1 0 0 3005.DAT
0 STEP
1 86 920.0 -72 190.0 -1 0 0 0 1 0 0 0 -1 3004.DAT
0 STEP
1 86 940.0 -144 190.0 -1 0 0 0 1 0 0 0 -1 3010.DAT
0 STEP
1 86 1000.0 -288 200.0 -1 0 0 0 1 0 0 0 -1 3006.DAT
0 STEP
1 86 960.0 -576 200.0 -1 0 0 0 1 0 0 0 -1 2456.DAT
0 STEP
1 86 910.0 -624 200.0 0 0 1 0 1 0 -1 0 0 3004.DAT
0 STEP
1 86 940.0 -720 200.0 -1 0 0 0 1 0 0 0 -1 3001.DAT
0 STEP
1 86 910.0 -1464 200.0 0 0 1 0 1 0 -1 0 0 3004.DAT
0 STEP
1 86 910.0 -1488 190.0 0 0 1 0 1 0 -1 0 0 3005.DAT
0 STEP
1 86 940.0 -1656 200.0 -1 0 0 0 1 0 0 0 -1 3001.DAT
0 STEP
1 86 910.0 -1728 200.0 0 0 1 0 1 0 -1 0 0 3004.DAT
0 STEP
1 86 910.0 -264 210.0 0 0 1 0 1 0 -1 0 0 3005.DAT
0 STEP
1 86 910.0 -312 210.0 0 0 1 0 1 0 -1 0 0 3005.DAT
0 STEP
1 86 960.0 -480 210.0 -1 0 0 0 1 0 0 0 -1 3009.DAT
0 STEP
1 86 940.0 -840 210.0 -1 0 0 0 1 0 0 0 -1 3010.DAT
0 STEP
1 86 920.0 -864 240.0 0 0 1 0 1 0 -1 0 0 3001.DAT
0 STEP
1 86 920.0 -1320 220.0 0 0 1 0 1 0 -1 0 0 3003.DAT
0 STEP
1 86 930.0 -1488 210.0 -1 0 0 0 1 0 0 0 -1 3622.DAT
0 STEP
1 86 930.0 -1512 210.0 -1 0 0 0 1 0 0 0 -1 3622.DAT
0 STEP
1 86 940.0 -1584 210.0 -1 0 0 0 1 0 0 0 -1 3010.DAT
0 STEP
1 86 910.0 -1704 210.0 0 0 1 0 1 0 -1 0 0 3005.DAT
0 STEP
1 86 920.0 -1344 250.0 0 0 1 0 1 0 -1 0 0 3002.DAT
0 STEP
1 86 930.0 -888 270.0 -1 0 0 0 1 0 0 0 -1 3622.DAT
0 STEP
1 86 920.0 -1320 300.0 0 0 1 0 1 0 -1 0 0 3001.DAT
0 STEP
1 86 930.0 -864 300.0 -1 0 0 0 1 0 0 0 -1 3002.DAT
0 STEP
1 86 920.0 -936 310.0 0 0 1 0 1 0 -1 0 0 3002.DAT
0 STEP
1 86 940.0 -1128 300.0 -1 0 0 0 1 0 0 0 -1 3001.DAT
0 STEP
1 86 910.0 -1176 290.0 0 0 1 0 1 0 -1 0 0 3005.DAT
0 STEP
1 86 910.0 -1200 310.0 0 0 1 0 1 0 -1 0 0 3622.DAT
0 STEP
1 86 920.0 -1224 310.0 0 0 1 0 1 0 -1 0 0 3002.DAT
0 STEP
1 86 940.0 -1248 290.0 -1 0 0 0 1 0 0 0 -1 3010.DAT
0 STEP
1 86 910.0 -1272 310.0 0 0 1 0 1 0 -1 0 0 3622.DAT
0 STEP
1 86 910.0 -1344 300.0 0 0 1 0 1 0 -1 0 0 3004.DAT
0 STEP
1 86 910.0 -888 340.0 0 0 1 0 1 0 -1 0 0 3010.DAT
0 STEP
1 86 920.0 -1152 310.0 -1 0 0 0 1 0 0 0 -1 3004.DAT
0 STEP
1 86 930.0 -864 330.0 -1 0 0 0 1 0 0 0 -1 3622.DAT
0 STEP
1 86 910.0 -1128 330.0 0 0 1 0 1 0 -1 0 0 3005.DAT
0 STEP
1 86 960.0 -1152 330.0 -1 0 0 0 1 0 0 0 -1 3009.DAT
0 STEP
1 86 930.0 -1344 330.0 -1 0 0 0 1 0 0 0 -1 3622.DAT
0 STEP
1 86 920.0 -864 370.0 0 0 1 0 1 0 -1 0 0 3002.DAT
0 STEP
1 86 920.0 -888 390.0 -1 0 0 0 1 0 0 0 -1 3004.DAT
0 STEP
1 86 940.0 -888 410.0 -1 0 0 0 1 0 0 0 -1 3010.DAT
0 STEP
1 86 940.0 -864 430.0 -1 0 0 0 1 0 0 0 -1 3010.DAT
0 STEP
1 86 960.0 -888 460.0 -1 0 0 0 1 0 0 0 -1 2456.DAT
0 STEP
1 86 910.0 -888 500.0 0 0 1 0 1 0 -1 0 0 3004.DAT
0 STEP
1 86 960.0 -864 510.0 -1 0 0 0 1 0 0 0 -1 3009.DAT
0 STEP
1 86 910.0 -936 540.0 0 0 1 0 1 0 -1 0 0 3010.DAT
0 STEP
1 86 910.0 -960 510.0 0 0 1 0 1 0 -1 0 0 3005.DAT
0 STEP
1 86 910.0 -864 530.0 0 0 1 0 1 0 -1 0 0 3005.DAT
0 STEP
1 86 910.0 -912 530.0 0 0 1 0 1 0 -1 0 0 3005.DAT
0 STEP
1 86 930.0 -888 550.0 -1 0 0 0 1 0 0 0 -1 3622.DAT
0 STEP
1 86 910.0 -912 580.0 0 0 1 0 1 0 -1 0 0 3010.DAT
0 STEP
1 86 910.0 -888 570.0 0 0 1 0 1 0 -1 0 0 3005.DAT
0 STEP
1 86 940.0 -888 590.0 -1 0 0 0 1 0 0 0 -1 3010.DAT
0 STEP
1 86 920.0 -936 590.0 -1 0 0 0 1 0 0 0 -1 3004.DAT
0 STEP
1 86 940.0 -888 620.0 -1 0 0 0 1 0 0 0 -1 3001.DAT
0 STEP
1 86 930.0 -936 610.0 -1 0 0 0 1 0 0 0 -1 3622.DAT
0 STEP
1 86 940.0 -888 650.0 -1 0 0 0 1 0 0 0 -1 3010.DAT
0 STEP
1 86 910.0 -912 650.0 0 0 1 0 1 0 -1 0 0 3005.DAT
0 STEP
1 86 940.0 -888 680.0 -1 0 0 0 1 0 0 0 -1 3001.DAT
0 STEP
1 86 910.0 -864 690.0 0 0 1 0 1 0 -1 0 0 3005.DAT
0 STEP
1 86 930.0 0 40.0 0 0 1 0 1 0 -1 0 0 3010.DAT
0 STEP
1 86 960.0 -48 10.0 -1 0 0 0 1 0 0 0 -1 3010.DAT
0 STEP
1 86 960.0 -96 20.0 -1 0 0 0 1 0 0 0 -1 3001.DAT
0 STEP
1 86 930.0 -120 10.0 0 0 1 0 1 0 -1 0 0 3005.DAT
0 STEP
1 86 940.0 -168 30.0 0 0 1 0 1 0 -1 0 0 3002.DAT
0 STEP
1 86 930.0 -216 10.0 0 0 1 0 1 0 -1 0 0 3005.DAT
0 STEP
1 86 940.0 -312 30.0 0 0 1 0 1 0 -1 0 0 3002.DAT
0 STEP
1 86 940.0 -360 30.0 0 0 1 0 1 0 -1 0 0 3002.DAT
0 STEP
1 86 930.0 -480 20.0 0 0 1 0 1 0 -1 0 0 3004.DAT
0 STEP
1 86 940.0 -600 30.0 0 0 1 0 1 0 -1 0 0 3002.DAT
0 STEP
1 86 930.0 -648 30.0 0 0 1 0 1 0 -1 0 0 3622.DAT
0 STEP
1 86 980.0 -672 20.0 -1 0 0 0 1 0 0 0 -1 2456.DAT
0 STEP
1 86 940.0 -696 30.0 0 0 1 0 1 0 -1 0 0 3002.DAT
0 STEP
1 86 960.0 -720 10.0 -1 0 0 0 1 0 0 0 -1 3010.DAT
0 STEP
1 86 940.0 -888 30.0 0 0 1 0 1 0 -1 0 0 3002.DAT
0 STEP
1 86 940.0 -936 30.0 0 0 1 0 1 0 -1 0 0 3002.DAT
0 STEP
1 86 940.0 -984 30.0 0 0 1 0 1 0 -1 0 0 3002.DAT
0 STEP
1 86 930.0 -1032 30.0 0 0 1 0 1 0 -1 0 0 3622.DAT
0 STEP
1 86 940.0 -1080 30.0 0 0 1 0 1 0 -1 0 0 3002.DAT
0 STEP
1 86 930.0 -1128 10.0 0 0 1 0 1 0 -1 0 0 3005.DAT
0 STEP
1 86 940.0 -1152 30.0 0 0 1 0 1 0 -1 0 0 3002.DAT
0 STEP
1 86 940.0 -1176 10.0 -1 0 0 0 1 0 0 0 -1 3004.DAT
0 STEP
1 86 940.0 -1320 30.0 0 0 1 0 1 0 -1 0 0 3002.DAT
0 STEP
1 86 930.0 -1368 30.0 0 0 1 0 1 0 -1 0 0 3622.DAT
0 STEP
1 86 940.0 -1512 30.0 0 0 1 0 1 0 -1 0 0 3002.DAT
0 STEP
1 86 980.0 -1656 10.0 -1 0 0 0 1 0 0 0 -1 3009.DAT
0 STEP
1 86 940.0 -1728 20.0 0 0 1 0 1 0 -1 0 0 3003.DAT
0 STEP
1 86 930.0 -1752 10.0 0 0 1 0 1 0 -1 0 0 3005.DAT
0 STEP
1 86 960.0 -48 40.0 -1 0 0 0 1 0 0 0 -1 3001.DAT
0 STEP
1 86 960.0 -216 30.0 -1 0 0 0 1 0 0 0 -1 3010.DAT
0 STEP
1 86 950.0 -432 40.0 -1 0 0 0 1 0 0 0 -1 3002.DAT
0 STEP
1 86 930.0 -744 40.0 0 0 1 0 1 0 -1 0 0 3004.DAT
0 STEP
1 86 930.0 -912 40.0 0 0 1 0 1 0 -1 0 0 3004.DAT
0 STEP
1 86 950.0 -1176 40.0 -1 0 0 0 1 0 0 0 -1 3002.DAT
0 STEP
1 86 930.0 -24 80.0 0 0 1 0 1 0 -1 0 0 3010.DAT
0 STEP
1 86 960.0 -96 50.0 -1 0 0 0 1 0 0 0 -1 3010.DAT
0 STEP
1 86 930.0 -216 50.0 0 0 1 0 1 0 -1 0 0 3005.DAT
0 STEP
1 86 930.0 -864 50.0 0 0 1 0 1 0 -1 0 0 3005.DAT
0 STEP
1 86 930.0 -1200 50.0 0 0 1 0 1 0 -1 0 0 3005.DAT
0 STEP
1 86 930.0 -1704 70.0 0 0 1 0 1 0 -1 0 0 3622.DAT
0 STEP
1 86 980.0 -1728 50.0 -1 0 0 0 1 0 0 0 -1 3009.DAT
0 STEP
1 86 960.0 -48 80.0 -1 0 0 0 1 0 0 0 -1 3001.DAT
0 STEP
1 86 960.0 -1728 80.0 -1 0 0 0 1 0 0 0 -1 3001.DAT
0 STEP
1 86 960.0 -48 110.0 -1 0 0 0 1 0 0 0 -1 3010.DAT
0 STEP
1 86 930.0 -1704 160.0 0 0 1 0 1 0 -1 0 0 3009.DAT
0 STEP
1 86 960.0 -24 130.0 -1 0 0 0 1 0 0 0 -1 3010.DAT
0 STEP
1 86 1000.0 -1728 130.0 -1 0 0 0 1 0 0 0 -1 3008.DAT
0 STEP
1 86 930.0 -24 150.0 0 0 1 0 1 0 -1 0 0 3005.DAT
0 STEP
1 86 940.0 -120 190.0 0 0 1 0 1 0 -1 0 0 3002.DAT
0 STEP
1 86 930.0 -168 170.0 0 0 1 0 1 0 -1 0 0 3005.DAT
0 STEP
1 86 960.0 -192 170.0 -1 0 0 0 1 0 0 0 -1 3010.DAT
0 STEP
1 86 940.0 -216 190.0 0 0 1 0 1 0 -1 0 0 3002.DAT
0 STEP
1 86 940.0 -264 190.0 0 0 1 0 1 0 -1 0 0 3002.DAT
0 STEP
1 86 930.0 -312 190.0 0 0 1 0 1 0 -1 0 0 3622.DAT
0 STEP
1 86 940.0 -360 190.0 0 0 1 0 1 0 -1 0 0 3002.DAT
0 STEP
1 86 940.0 -408 190.0 0 0 1 0 1 0 -1 0 0 3002.DAT
0 STEP
1 86 940.0 -456 190.0 0 0 1 0 1 0 -1 0 0 3002.DAT
0 STEP
1 86 960.0 -528 180.0 -1 0 0 0 1 0 0 0 -1 3001.DAT
0 STEP
1 86 930.0 -600 170.0 0 0 1 0 1 0 -1 0 0 3005.DAT
0 STEP
1 86 940.0 -648 190.0 0 0 1 0 1 0 -1 0 0 3002.DAT
0 STEP
1 86 940.0 -696 190.0 0 0 1 0 1 0 -1 0 0 3002.DAT
0 STEP
1 86 930.0 -816 190.0 0 0 1 0 1 0 -1 0 0 3622.DAT
0 STEP
1 86 980.0 -1392 180.0 -1 0 0 0 1 0 0 0 -1 2456.DAT
0 STEP
1 86 940.0 -1416 190.0 0 0 1 0 1 0 -1 0 0 3002.DAT
0 STEP
1 86 930.0 -1464 190.0 0 0 1 0 1 0 -1 0 0 3622.DAT
0 STEP
1 86 960.0 -1608 170.0 -1 0 0 0 1 0 0 0 -1 3010.DAT
0 STEP
1 86 930.0 -1632 190.0 0 0 1 0 1 0 -1 0 0 3622.DAT
0 STEP
1 86 940.0 0 200.0 0 0 1 0 1 0 -1 0 0 3003.DAT
0 STEP
1 86 960.0 -192 200.0 -1 0 0 0 1 0 0 0 -1 3001.DAT
0 STEP
1 86 930.0 -504 200.0 0 0 1 0 1 0 -1 0 0 3004.DAT
0 STEP
1 86 960.0 -624 200.0 -1 0 0 0 1 0 0 0 -1 3001.DAT
0 STEP
1 86 960.0 -672 190.0 -1 0 0 0 1 0 0 0 -1 3010.DAT
0 STEP
1 86 960.0 -1488 190.0 -1 0 0 0 1 0 0 0 -1 3010.DAT
0 STEP
1 86 930.0 -1560 200.0 0 0 1 0 1 0 -1 0 0 3004.DAT
0 STEP
1 86 930.0 -1608 200.0 0 0 1 0 1 0 -1 0 0 3004.DAT
0 STEP
1 86 960.0 -1728 200.0 -1 0 0 0 1 0 0 0 -1 3001.DAT
0 STEP
1 86 930.0 -72 210.0 0 0 1 0 1 0 -1 0 0 3005.DAT
0 STEP
1 86 930.0 -168 210.0 0 0 1 0 1 0 -1 0 0 3005.DAT
0 STEP
1 86 960.0 -528 210.0 -1 0 0 0 1 0 0 0 -1 3010.DAT
0 STEP
1 86 960.0 -888 220.0 -1 0 0 0 1 0 0 0 -1 3001.DAT
0 STEP
1 86 980.0 -1392 210.0 -1 0 0 0 1 0 0 0 -1 3009.DAT
0 STEP
1 86 940.0 -912 260.0 0 0 1 0 1 0 -1 0 0 3001.DAT
0 STEP
1 86 930.0 -888 320.0 0 0 1 0 1 0 -1 0 0 3010.DAT
0 STEP
1 86 950.0 -984 290.0 -1 0 0 0 1 0 0 0 -1 3622.DAT
0 STEP
1 86 940.0 -1008 310.0 0 0 1 0 1 0 -1 0 0 3002.DAT
0 STEP
1 86 960.0 -1032 290.0 -1 0 0 0 1 0 0 0 -1 3010.DAT
0 STEP
1 86 940.0 -1080 310.0 0 0 1 0 1 0 -1 0 0 3002.DAT
0 STEP
1 86 940.0 -1176 310.0 0 0 1 0 1 0 -1 0 0 3002.DAT
0 STEP
1 86 960.0 -1200 300.0 -1 0 0 0 1 0 0 0 -1 3001.DAT
0 STEP
1 86 940.0 -1272 300.0 0 0 1 0 1 0 -1 0 0 3003.DAT
0 STEP
1 86 960.0 -1344 290.0 -1 0 0 0 1 0 0 0 -1 3010.DAT
0 STEP
1 86 960.0 -984 310.0 -1 0 0 0 1 0 0 0 -1 3010.DAT
0 STEP
1 86 960.0 -1032 320.0 -1 0 0 0 1 0 0 0 -1 3001.DAT
0 STEP
1 86 930.0 -1104 310.0 0 0 1 0 1 0 -1 0 0 3005.DAT
0 STEP
1 86 930.0 -1344 310.0 0 0 1 0 1 0 -1 0 0 3005.DAT
0 STEP
1 86 930.0 -984 330.0 0 0 1 0 1 0 -1 0 0 3005.DAT
0 STEP
1 86 960.0 -1128 330.0 -1 0 0 0 1 0 0 0 -1 3010.DAT
0 STEP
1 86 960.0 -1200 330.0 -1 0 0 0 1 0 0 0 -1 3010.DAT
0 STEP
1 86 980.0 -1272 330.0 -1 0 0 0 1 0 0 0 -1 3009.DAT
0 STEP
1 86 930.0 -888 370.0 0 0 1 0 1 0 -1 0 0 3005.DAT
0 STEP
1 86 1000.0 -912 370.0 -1 0 0 0 1 0 0 0 -1 3008.DAT
0 STEP
1 86 940.0 -912 420.0 0 0 1 0 1 0 -1 0 0 3001.DAT
0 STEP
1 86 930.0 -864 410.0 0 0 1 0 1 0 -1 0 0 3005.DAT
0 STEP
1 86 930.0 -864 460.0 0 0 1 0 1 0 -1 0 0 3004.DAT
0 STEP
1 86 960.0 -888 490.0 -1 0 0 0 1 0 0 0 -1 3010.DAT
0 STEP
1 86 940.0 -888 510.0 -1 0 0 0 1 0 0 0 -1 3004.DAT
0 STEP
1 86 930.0 -912 580.0 0 0 1 0 1 0 -1 0 0 3008.DAT
0 STEP
1 86 940.0 -936 510.0 -1 0 0 0 1 0 0 0 -1 3004.DAT
0 STEP
1 86 930.0 -960 520.0 0 0 1 0 1 0 -1 0 0 3004.DAT
0 STEP
1 86 930.0 -864 560.0 0 0 1 0 1 0 -1 0 0 3010.DAT
0 STEP
1 86 930.0 -936 550.0 0 0 1 0 1 0 -1 0 0 3622.DAT
0 STEP
1 86 1000.0 -960 550.0 -1 0 0 0 1 0 0 0 -1 3008.DAT
0 STEP
1 86 960.0 -888 570.0 -1 0 0 0 1 0 0 0 -1 3010.DAT
0 STEP
1 86 980.0 -864 610.0 -1 0 0 0 1 0 0 0 -1 3009.DAT
0 STEP
1 86 930.0 -864 630.0 0 0 1 0 1 0 -1 0 0 3005.DAT
0 STEP
1 86 980.0 -936 630.0 -1 0 0 0 1 0 0 0 -1 3009.DAT
0 STEP
1 86 930.0 -864 680.0 0 0 1 0 1 0 -1 0 0 3004.DAT
0 STEP
1 86 930.0 -912 690.0 0 0 1 0 1 0 -1 0 0 3005.DAT
0 STEP
1 86 1000.0 0 10.0 -1 0 0 0 1 0 0 0 -1 3009.DAT
0 STEP
1 86 960.0 -24 30.0 0 0 1 0 1 0 -1 0 0 3002.DAT
0 STEP
1 86 960.0 -72 30.0 0 0 1 0 1 0 -1 0 0 3002.DAT
0 STEP
1 86 1000.0 -120 10.0 -1 0 0 0 1 0 0 0 -1 3009.DAT
0 STEP
1 86 980.0 -216 10.0 -1 0 0 0 1 0 0 0 -1 3010.DAT
0 STEP
1 86 960.0 -264 30.0 0 0 1 0 1 0 -1 0 0 3002.DAT
0 STEP
1 86 960.0 -408 30.0 0 0 1 0 1 0 -1 0 0 3002.DAT
0 STEP
1 86 980.0 -480 20.0 -1 0 0 0 1 0 0 0 -1 3001.DAT
0 STEP
1 86 960.0 -552 30.0 0 0 1 0 1 0 -1 0 0 3002.DAT
0 STEP
1 86 960.0 -648 30.0 0 0 1 0 1 0 -1 0 0 3002.DAT
0 STEP
1 86 950.0 -744 30.0 0 0 1 0 1 0 -1 0 0 3622.DAT
0 STEP
1 86 950.0 -792 30.0 0 0 1 0 1 0 -1 0 0 3622.DAT
0 STEP
1 86 960.0 -840 30.0 0 0 1 0 1 0 -1 0 0 3002.DAT
0 STEP
1 86 1020.0 -1032 20.0 -1 0 0 0 1 0 0 0 -1 3007.DAT
0 STEP
1 86 1020.0 -1128 10.0 -1 0 0 0 1 0 0 0 -1 3008.DAT
0 STEP
1 86 960.0 -1224 30.0 0 0 1 0 1 0 -1 0 0 3002.DAT
0 STEP
1 86 960.0 -1272 30.0 0 0 1 0 1 0 -1 0 0 3002.DAT
0 STEP
1 86 980.0 -1368 10.0 -1 0 0 0 1 0 0 0 -1 3010.DAT
0 STEP
1 86 950.0 -1392 10.0 0 0 1 0 1 0 -1 0 0 3005.DAT
0 STEP
1 86 1020.0 -1416 20.0 -1 0 0 0 1 0 0 0 -1 3007.DAT
0 STEP
1 86 1020.0 -1464 10.0 -1 0 0 0 1 0 0 0 -1 3008.DAT
0 STEP
1 86 950.0 -1536 10.0 0 0 1 0 1 0 -1 0 0 3005.DAT
0 STEP
1 86 980.0 -1584 20.0 -1 0 0 0 1 0 0 0 -1 3001.DAT
0 STEP
1 86 960.0 -1632 30.0 0 0 1 0 1 0 -1 0 0 3002.DAT
0 STEP
1 86 950.0 -1752 20.0 0 0 1 0 1 0 -1 0 0 3004.DAT
0 STEP
1 86 970.0 0 30.0 -1 0 0 0 1 0 0 0 -1 3622.DAT
0 STEP
1 86 950.0 -624 30.0 0 0 1 0 1 0 -1 0 0 3005.DAT
0 STEP
1 86 980.0 -912 40.0 -1 0 0 0 1 0 0 0 -1 3001.DAT
0 STEP
1 86 950.0 -1296 30.0 0 0 1 0 1 0 -1 0 0 3005.DAT
0 STEP
1 86 1020.0 -1344 30.0 -1 0 0 0 1 0 0 0 -1 3008.DAT
0 STEP
1 86 980.0 -1368 40.0 -1 0 0 0 1 0 0 0 -1 3001.DAT
0 STEP
1 86 1020.0 -1464 40.0 -1 0 0 0 1 0 0 0 -1 3007.DAT
0 STEP
1 86 950.0 -1488 30.0 0 0 1 0 1 0 -1 0 0 3005.DAT
0 STEP
1 86 1020.0 -1560 30.0 -1 0 0 0 1 0 0 0 -1 3008.DAT
0 STEP
1 86 980.0 -1704 30.0 -1 0 0 0 1 0 0 0 -1 3010.DAT
0 STEP
1 86 960.0 0 80.0 0 0 1 0 1 0 -1 0 0 3001.DAT
0 STEP
1 86 980.0 -216 50.0 -1 0 0 0 1 0 0 0 -1 3010.DAT
0 STEP
1 86 980.0 -864 50.0 -1 0 0 0 1 0 0 0 -1 3010.DAT
0 STEP
1 86 980.0 -1032 50.0 -1 0 0 0 1 0 0 0 -1 3010.DAT
0 STEP
1 86 950.0 -1104 50.0 0 0 1 0 1 0 -1 0 0 3005.DAT
0 STEP
1 86 980.0 -1200 50.0 -1 0 0 0 1 0 0 0 -1 3010.DAT
0 STEP
1 86 970.0 -1344 50.0 -1 0 0 0 1 0 0 0 -1 3622.DAT
0 STEP
1 86 950.0 -1392 50.0 0 0 1 0 1 0 -1 0 0 3005.DAT
0 STEP
1 86 1020.0 -1416 50.0 -1 0 0 0 1 0 0 0 -1 3008.DAT
0 STEP
1 86 980.0 -1584 50.0 -1 0 0 0 1 0 0 0 -1 3010.DAT
0 STEP
1 86 950.0 -1704 120.0 0 0 1 0 1 0 -1 0 0 3008.DAT
0 STEP
1 86 950.0 -24 90.0 0 0 1 0 1 0 -1 0 0 3622.DAT
0 STEP
1 86 950.0 -1752 70.0 0 0 1 0 1 0 -1 0 0 3005.DAT
0 STEP
1 86 950.0 -1752 120.0 0 0 1 0 1 0 -1 0 0 3010.DAT
0 STEP
1 86 1000.0 0 130.0 -1 0 0 0 1 0 0 0 -1 3009.DAT
0 STEP
1 86 960.0 -48 160.0 0 0 1 0 1 0 -1 0 0 3001.DAT
0 STEP
1 86 950.0 0 150.0 0 0 1 0 1 0 -1 0 0 3005.DAT
0 STEP
1 86 980.0 -24 150.0 -1 0 0 0 1 0 0 0 -1 3010.DAT
0 STEP
1 86 950.0 -168 190.0 0 0 1 0 1 0 -1 0 0 3622.DAT
0 STEP
1 86 960.0 -312 190.0 0 0 1 0 1 0 -1 0 0 3002.DAT
0 STEP
1 86 950.0 -504 190.0 0 0 1 0 1 0 -1 0 0 3622.DAT
0 STEP
1 86 950.0 -552 190.0 0 0 1 0 1 0 -1 0 0 3622.DAT
0 STEP
1 86 960.0 -600 190.0 0 0 1 0 1 0 -1 0 0 3002.DAT
0 STEP
1 86 950.0 -744 180.0 0 0 1 0 1 0 -1 0 0 3004.DAT
0 STEP
1 86 950.0 -792 190.0 0 0 1 0 1 0 -1 0 0 3622.DAT
0 STEP
1 86 1000.0 -816 170.0 -1 0 0 0 1 0 0 0 -1 3009.DAT
0 STEP
1 86 1040.0 -1368 180.0 -1 0 0 0 1 0 0 0 -1 3006.DAT
0 STEP
1 86 960.0 -1464 190.0 0 0 1 0 1 0 -1 0 0 3002.DAT
0 STEP
1 86 980.0 -1536 170.0 -1 0 0 0 1 0 0 0 -1 3010.DAT
0 STEP
1 86 960.0 -1560 190.0 0 0 1 0 1 0 -1 0 0 3002.DAT
0 STEP
1 86 980.0 -1632 180.0 -1 0 0 0 1 0 0 0 -1 3001.DAT
0 STEP
1 86 980.0 -72 200.0 -1 0 0 0 1 0 0 0 -1 3001.DAT
0 STEP
1 86 950.0 -384 190.0 0 0 1 0 1 0 -1 0 0 3005.DAT
0 STEP
1 86 970.0 -816 200.0 -1 0 0 0 1 0 0 0 -1 3002.DAT
0 STEP
1 86 980.0 -1344 200.0 -1 0 0 0 1 0 0 0 -1 3001.DAT
0 STEP
1 86 1040.0 -1536 200.0 -1 0 0 0 1 0 0 0 -1 3006.DAT
0 STEP
1 86 980.0 -1608 200.0 -1 0 0 0 1 0 0 0 -1 3001.DAT
0 STEP
1 86 1020.0 -1680 190.0 -1 0 0 0 1 0 0 0 -1 3008.DAT
0 STEP
1 86 970.0 -48 210.0 -1 0 0 0 1 0 0 0 -1 3622.DAT
0 STEP
1 86 980.0 -744 210.0 -1 0 0 0 1 0 0 0 -1 3010.DAT
0 STEP
1 86 950.0 -864 240.0 0 0 1 0 1 0 -1 0 0 3010.DAT
0 STEP
1 86 950.0 -1320 260.0 0 0 1 0 1 0 -1 0 0 3009.DAT
0 STEP
1 86 980.0 -1440 210.0 -1 0 0 0 1 0 0 0 -1 3010.DAT
0 STEP
1 86 950.0 -1632 210.0 0 0 1 0 1 0 -1 0 0 3005.DAT
0 STEP
1 86 950.0 -1704 210.0 0 0 1 0 1 0 -1 0 0 3005.DAT
0 STEP
1 86 980.0 -1344 230.0 -1 0 0 0 1 0 0 0 -1 3010.DAT
0 STEP
1 86 980.0 -1344 260.0 -1 0 0 0 1 0 0 0 -1 3001.DAT
0 STEP
1 86 950.0 -888 290.0 0 0 1 0 1 0 -1 0 0 3005.DAT
0 STEP
1 86 980.0 -936 300.0 -1 0 0 0 1 0 0 0 -1 3001.DAT
0 STEP
1 86 970.0 -960 300.0 -1 0 0 0 1 0 0 0 -1 3002.DAT
0 STEP
1 86 950.0 -1104 310.0 0 0 1 0 1 0 -1 0 0 3622.DAT
0 STEP
1 86 980.0 -1152 300.0 -1 0 0 0 1 0 0 0 -1 3001.DAT
0 STEP
1 86 950.0 -1224 310.0 0 0 1 0 1 0 -1 0 0 3622.DAT
0 STEP
1 86 950.0 -1296 290.0 0 0 1 0 1 0 -1 0 0 3005.DAT
0 STEP
1 86 950.0 -1368 290.0 0 0 1 0 1 0 -1 0 0 3005.DAT
0 STEP
1 86 980.0 -888 310.0 -1 0 0 0 1 0 0 0 -1 3010.DAT
0 STEP
1 86 980.0 -1344 310.0 -1 0 0 0 1 0 0 0 -1 3010.DAT
0 STEP
1 86 950.0 -888 360.0 0 0 1 0 1 0 -1 0 0 3010.DAT
0 STEP
1 86 980.0 -936 330.0 -1 0 0 0 1 0 0 0 -1 3010.DAT
0 STEP
1 86 980.0 -984 330.0 -1 0 0 0 1 0 0 0 -1 3010.DAT
0 STEP
1 86 950.0 -1296 330.0 0 0 1 0 1 0 -1 0 0 3005.DAT
0 STEP
1 86 970.0 -1320 330.0 -1 0 0 0 1 0 0 0 -1 3622.DAT
0 STEP
1 86 950.0 -1368 330.0 0 0 1 0 1 0 -1 0 0 3005.DAT
0 STEP
1 86 950.0 -864 380.0 0 0 1 0 1 0 -1 0 0 3010.DAT
0 STEP
1 86 950.0 -912 350.0 0 0 1 0 1 0 -1 0 0 3005.DAT
0 STEP
1 86 1020.0 -864 450.0 -1 0 0 0 1 0 0 0 -1 3008.DAT
0 STEP
1 86 950.0 -864 470.0 0 0 1 0 1 0 -1 0 0 3005.DAT
0 STEP
1 86 950.0 -912 470.0 0 0 1 0 1 0 -1 0 0 3005.DAT
0 STEP
1 86 980.0 -912 510.0 -1 0 0 0 1 0 0 0 -1 3010.DAT
0 STEP
1 86 1000.0 -960 520.0 -1 0 0 0 1 0 0 0 -1 2456.DAT
0 STEP
1 86 1020.0 -864 530.0 -1 0 0 0 1 0 0 0 -1 3008.DAT
0 STEP
1 86 980.0 -912 540.0 -1 0 0 0 1 0 0 0 -1 3001.DAT
0 STEP
1 86 950.0 -936 560.0 0 0 1 0 1 0 -1 0 0 3010.DAT
0 STEP
1 86 960.0 -864 560.0 0 0 1 0 1 0 -1 0 0 3003.DAT
0 STEP
1 86 980.0 -912 570.0 -1 0 0 0 1 0 0 0 -1 3010.DAT
0 STEP
1 86 980.0 -864 590.0 -1 0 0 0 1 0 0 0 -1 3010.DAT
0 STEP
1 86 950.0 -912 590.0 0 0 1 0 1 0 -1 0 0 3005.DAT
0 STEP
1 86 1000.0 -912 610.0 -1 0 0 0 1 0 0 0 -1 3009.DAT
0 STEP
1 86 950.0 -864 660.0 0 0 1 0 1 0 -1 0 0 3010.DAT
0 STEP
1 86 950.0 -912 640.0 0 0 1 0 1 0 -1 0 0 3004.DAT
0 STEP
1 86 1000.0 -912 690.0 -1 0 0 0 1 0 0 0 -1 3009.DAT
0 STEP
1 86 1000.0 -168 10.0 -1 0 0 0 1 0 0 0 -1 3010.DAT
0 STEP
1 86 990.0 -288 10.0 -1 0 0 0 1 0 0 0 -1 3622.DAT
0 STEP
1 86 1040.0 -312 20.0 -1 0 0 0 1 0 0 0 -1 3007.DAT
0 STEP
1 86 970.0 -360 30.0 0 0 1 0 1 0 -1 0 0 3622.DAT
0 STEP
1 86 970.0 -456 30.0 0 0 1 0 1 0 -1 0 0 3622.DAT
0 STEP
1 86 970.0 -504 30.0 0 0 1 0 1 0 -1 0 0 3622.DAT
0 STEP
1 86 980.0 -600 30.0 0 0 1 0 1 0 -1 0 0 3002.DAT
0 STEP
1 86 1020.0 -696 20.0 -1 0 0 0 1 0 0 0 -1 2456.DAT
0 STEP
1 86 980.0 -744 10.0 -1 0 0 0 1 0 0 0 -1 3004.DAT
0 STEP
1 86 980.0 -792 30.0 0 0 1 0 1 0 -1 0 0 3002.DAT
0 STEP
1 86 970.0 -888 30.0 0 0 1 0 1 0 -1 0 0 3622.DAT
0 STEP
1 86 980.0 -936 30.0 0 0 1 0 1 0 -1 0 0 3002.DAT
0 STEP
1 86 970.0 -984 30.0 0 0 1 0 1 0 -1 0 0 3622.DAT
0 STEP
1 86 980.0 -1056 30.0 0 0 1 0 1 0 -1 0 0 3002.DAT
0 STEP
1 86 970.0 -1080 10.0 0 0 1 0 1 0 -1 0 0 3005.DAT
0 STEP
1 86 980.0 -1104 30.0 0 0 1 0 1 0 -1 0 0 3002.DAT
0 STEP
1 86 970.0 -1152 30.0 0 0 1 0 1 0 -1 0 0 3622.DAT
0 STEP
1 86 1040.0 -1176 10.0 -1 0 0 0 1 0 0 0 -1 3008.DAT
0 STEP
1 86 980.0 -1320 30.0 0 0 1 0 1 0 -1 0 0 3002.DAT
0 STEP
1 86 980.0 -1392 30.0 0 0 1 0 1 0 -1 0 0 3002.DAT
0 STEP
1 86 980.0 -1488 30.0 0 0 1 0 1 0 -1 0 0 3002.DAT
0 STEP
1 86 970.0 -1512 10.0 0 0 1 0 1 0 -1 0 0 3005.DAT
0 STEP
1 86 980.0 -1536 30.0 0 0 1 0 1 0 -1 0 0 3002.DAT
0 STEP
1 86 970.0 -1608 30.0 0 0 1 0 1 0 -1 0 0 3622.DAT
0 STEP
1 86 1040.0 -1728 10.0 -1 0 0 0 1 0 0 0 -1 3008.DAT
0 STEP
1 86 970.0 -1752 40.0 0 0 1 0 1 0 -1 0 0 3010.DAT
0 STEP
1 86 970.0 -120 40.0 0 0 1 0 1 0 -1 0 0 3004.DAT
0 STEP
1 86 1060.0 -168 40.0 -1 0 0 0 1 0 0 0 -1 3006.DAT
0 STEP
1 86 1040.0 -624 30.0 -1 0 0 0 1 0 0 0 -1 3008.DAT
0 STEP
1 86 1060.0 -744 40.0 -1 0 0 0 1 0 0 0 -1 3006.DAT
0 STEP
1 86 1000.0 -1080 30.0 -1 0 0 0 1 0 0 0 -1 3010.DAT
0 STEP
1 86 1000.0 -1296 30.0 -1 0 0 0 1 0 0 0 -1 3010.DAT
0 STEP
1 86 1000.0 -1512 30.0 -1 0 0 0 1 0 0 0 -1 3010.DAT
0 STEP
1 86 1000.0 -1728 30.0 -1 0 0 0 1 0 0 0 -1 3010.DAT
0 STEP
1 86 970.0 -312 50.0 0 0 1 0 1 0 -1 0 0 3005.DAT
0 STEP
1 86 970.0 -624 50.0 0 0 1 0 1 0 -1 0 0 3005.DAT
0 STEP
1 86 1020.0 -696 50.0 -1 0 0 0 1 0 0 0 -1 3009.DAT
0 STEP
1 86 970.0 -1080 50.0 0 0 1 0 1 0 -1 0 0 3005.DAT
0 STEP
1 86 1040.0 -1128 50.0 -1 0 0 0 1 0 0 0 -1 3008.DAT
0 STEP
1 86 980.0 -1440 50.0 -1 0 0 0 1 0 0 0 -1 3004.DAT
0 STEP
1 86 970.0 -1512 50.0 0 0 1 0 1 0 -1 0 0 3005.DAT
0 STEP
1 86 970.0 -1704 70.0 0 0 1 0 1 0 -1 0 0 3622.DAT
0 STEP
1 86 1000.0 -24 70.0 -1 0 0 0 1 0 0 0 -1 3010.DAT
0 STEP
1 86 1000.0 -24 100.0 -1 0 0 0 1 0 0 0 -1 3001.DAT
0 STEP
1 86 970.0 -1752 140.0 0 0 1 0 1 0 -1 0 0 3009.DAT
0 STEP
1 86 970.0 -1704 160.0 0 0 1 0 1 0 -1 0 0 3009.DAT
0 STEP
1 86 970.0 0 180.0 0 0 1 0 1 0 -1 0 0 3010.DAT
0 STEP
1 86 1000.0 -120 180.0 -1 0 0 0 1 0 0 0 -1 3001.DAT
0 STEP
1 86 970.0 -144 170.0 0 0 1 0 1 0 -1 0 0 3005.DAT
0 STEP
1 86 970.0 -168 180.0 0 0 1 0 1 0 -1 0 0 3004.DAT
0 STEP
1 86 970.0 -216 190.0 0 0 1 0 1 0 -1 0 0 3622.DAT
0 STEP
1 86 980.0 -264 190.0 0 0 1 0 1 0 -1 0 0 3002.DAT
0 STEP
1 86 980.0 -336 170.0 -1 0 0 0 1 0 0 0 -1 3004.DAT
0 STEP
1 86 970.0 -360 190.0 0 0 1 0 1 0 -1 0 0 3622.DAT
0 STEP
1 86 980.0 -408 190.0 0 0 1 0 1 0 -1 0 0 3002.DAT
0 STEP
1 86 970.0 -456 190.0 0 0 1 0 1 0 -1 0 0 3622.DAT
0 STEP
1 86 1040.0 -504 170.0 -1 0 0 0 1 0 0 0 -1 3008.DAT
0 STEP
1 86 980.0 -552 190.0 0 0 1 0 1 0 -1 0 0 3002.DAT
0 STEP
1 86 1020.0 -648 170.0 -1 0 0 0 1 0 0 0 -1 3009.DAT
0 STEP
1 86 1000.0 -696 180.0 -1 0 0 0 1 0 0 0 -1 3001.DAT
0 STEP
1 86 1000.0 -744 180.0 -1 0 0 0 1 0 0 0 -1 3001.DAT
0 STEP
1 86 980.0 -768 190.0 0 0 1 0 1 0 -1 0 0 3002.DAT
0 STEP
1 86 990.0 -792 180.0 -1 0 0 0 1 0 0 0 -1 3002.DAT
0 STEP
1 86 970.0 -840 180.0 0 0 1 0 1 0 -1 0 0 3004.DAT
0 STEP
1 86 980.0 -1416 190.0 0 0 1 0 1 0 -1 0 0 3002.DAT
0 STEP
1 86 990.0 -1440 180.0 -1 0 0 0 1 0 0 0 -1 3002.DAT
0 STEP
1 86 980.0 -1512 190.0 0 0 1 0 1 0 -1 0 0 3002.DAT
0 STEP
1 86 1040.0 -1584 170.0 -1 0 0 0 1 0 0 0 -1 3008.DAT
0 STEP
1 86 1040.0 -1680 170.0 -1 0 0 0 1 0 0 0 -1 3008.DAT
0 STEP
1 86 1000.0 -384 200.0 -1 0 0 0 1 0 0 0 -1 3001.DAT
0 STEP
1 86 970.0 -504 200.0 0 0 1 0 1 0 -1 0 0 3004.DAT
0 STEP
1 86 970.0 -648 190.0 0 0 1 0 1 0 -1 0 0 3005.DAT
0 STEP
1 86 980.0 -1584 190.0 -1 0 0 0 1 0 0 0 -1 3004.DAT
0 STEP
1 86 1040.0 -96 210.0 -1 0 0 0 1 0 0 0 -1 3008.DAT
0 STEP
1 86 1000.0 -120 210.0 -1 0 0 0 1 0 0 0 -1 3010.DAT
0 STEP
1 86 970.0 -144 210.0 0 0 1 0 1 0 -1 0 0 3005.DAT
0 STEP
1 86 1000.0 -168 210.0 -1 0 0 0 1 0 0 0 -1 3010.DAT
0 STEP
1 86 1020.0 -648 210.0 -1 0 0 0 1 0 0 0 -1 3009.DAT
0 STEP
1 86 970.0 -696 210.0 0 0 1 0 1 0 -1 0 0 3005.DAT
0 STEP
1 86 990.0 -792 210.0 -1 0 0 0 1 0 0 0 -1 3622.DAT
0 STEP
1 86 980.0 -864 240.0 0 0 1 0 1 0 -1 0 0 3001.DAT
0 STEP
1 86 970.0 -1320 240.0 0 0 1 0 1 0 -1 0 0 3010.DAT
0 STEP
1 86 1040.0 -1488 210.0 -1 0 0 0 1 0 0 0 -1 3008.DAT
0 STEP
1 86 1000.0 -1632 210.0 -1 0 0 0 1 0 0 0 -1 3010.DAT
0 STEP
1 86 990.0 -912 240.0 -1 0 0 0 1 0 0 0 -1 3002.DAT
0 STEP
1 86 970.0 -1296 230.0 0 0 1 0 1 0 -1 0 0 3005.DAT
0 STEP
1 86 970.0 -888 270.0 0 0 1 0 1 0 -1 0 0 3622.DAT
0 STEP
1 86 990.0 -1368 250.0 -1 0 0 0 1 0 0 0 -1 3622.DAT
0 STEP
1 86 990.0 -912 270.0 -1 0 0 0 1 0 0 0 -1 3622.DAT
0 STEP
1 86 970.0 -864 320.0 0 0 1 0 1 0 -1 0 0 3010.DAT
0 STEP
1 86 980.0 -912 320.0 0 0 1 0 1 0 -1 0 0 3001.DAT
0 STEP
1 86 970.0 -1008 310.0 0 0 1 0 1 0 -1 0 0 3622.DAT
0 STEP
1 86 970.0 -1056 290.0 0 0 1 0 1 0 -1 0 0 3005.DAT
0 STEP
1 86 1020.0 -1080 290.0 -1 0 0 0 1 0 0 0 -1 3009.DAT
0 STEP
1 86 980.0 -1104 310.0 0 0 1 0 1 0 -1 0 0 3002.DAT
0 STEP
1 86 980.0 -1176 310.0 0 0 1 0 1 0 -1 0 0 3002.DAT
0 STEP
1 86 1020.0 -1224 290.0 -1 0 0 0 1 0 0 0 -1 3009.DAT
0 STEP
1 86 1020.0 -1272 290.0 -1 0 0 0 1 0 0 0 -1 3009.DAT
0 STEP
1 86 970.0 -1296 310.0 0 0 1 0 1 0 -1 0 0 3622.DAT
0 STEP
1 86 970.0 -1320 290.0 0 0 1 0 1 0 -1 0 0 3005.DAT
0 STEP
1 86 970.0 -1368 310.0 0 0 1 0 1 0 -1 0 0 3622.DAT
0 STEP
1 86 1020.0 -1080 320.0 -1 0 0 0 1 0 0 0 -1 2456.DAT
0 STEP
1 86 1020.0 -1224 320.0 -1 0 0 0 1 0 0 0 -1 2456.DAT
0 STEP
1 86 970.0 -1248 320.0 0 0 1 0 1 0 -1 0 0 3004.DAT
0 STEP
1 86 1000.0 -1272 310.0 -1 0 0 0 1 0 0 0 -1 3010.DAT
0 STEP
1 86 980.0 -1320 310.0 -1 0 0 0 1 0 0 0 -1 3004.DAT
0 STEP
1 86 990.0 -888 330.0 -1 0 0 0 1 0 0 0 -1 3622.DAT
0 STEP
1 86 1040.0 -1344 330.0 -1 0 0 0 1 0 0 0 -1 3008.DAT
0 STEP
1 86 970.0 -888 370.0 0 0 1 0 1 0 -1 0 0 3622.DAT
0 STEP
1 86 990.0 -864 370.0 -1 0 0 0 1 0 0 0 -1 3622.DAT
0 STEP
1 86 970.0 -864 390.0 0 0 1 0 1 0 -1 0 0 3005.DAT
0 STEP
1 86 980.0 -912 420.0 0 0 1 0 1 0 -1 0 0 3001.DAT
0 STEP
1 86 1000.0 -864 410.0 -1 0 0 0 1 0 0 0 -1 3010.DAT
0 STEP
1 86 1000.0 -864 470.0 -1 0 0 0 1 0 0 0 -1 3010.DAT
0 STEP
1 86 1020.0 -912 470.0 -1 0 0 0 1 0 0 0 -1 3009.DAT
0 STEP
1 86 970.0 -864 490.0 0 0 1 0 1 0 -1 0 0 3005.DAT
0 STEP
1 86 980.0 -888 530.0 0 0 1 0 1 0 -1 0 0 3002.DAT
0 STEP
1 86 970.0 -936 560.0 0 0 1 0 1 0 -1 0 0 3009.DAT
0 STEP
1 86 1020.0 -912 590.0 -1 0 0 0 1 0 0 0 -1 3009.DAT
0 STEP
1 86 980.0 -864 660.0 0 0 1 0 1 0 -1 0 0 3001.DAT
0 STEP
1 86 970.0 -912 630.0 0 0 1 0 1 0 -1 0 0 3005.DAT
0 STEP
1 86 1000.0 -912 650.0 -1 0 0 0 1 0 0 0 -1 3010.DAT
0 STEP
1 86 1020.0 -24 10.0 -1 0 0 0 1 0 0 0 -1 3010.DAT
0 STEP
1 86 1020.0 -72 10.0 -1 0 0 0 1 0 0 0 -1 3010.DAT
0 STEP
1 86 1000.0 -192 30.0 0 0 1 0 1 0 -1 0 0 3002.DAT
0 STEP
1 86 1000.0 -264 30.0 0 0 1 0 1 0 -1 0 0 3002.DAT
0 STEP
1 86 1000.0 -336 10.0 -1 0 0 0 1 0 0 0 -1 3004.DAT
0 STEP
1 86 1060.0 -360 10.0 -1 0 0 0 1 0 0 0 -1 3008.DAT
0 STEP
1 86 1020.0 -408 20.0 -1 0 0 0 1 0 0 0 -1 3001.DAT
0 STEP
1 86 1000.0 -432 30.0 0 0 1 0 1 0 -1 0 0 3002.DAT
0 STEP
1 86 1010.0 -456 20.0 -1 0 0 0 1 0 0 0 -1 3002.DAT
0 STEP
1 86 1010.0 -504 10.0 -1 0 0 0 1 0 0 0 -1 3622.DAT
0 STEP
1 86 1020.0 -552 20.0 -1 0 0 0 1 0 0 0 -1 3001.DAT
0 STEP
1 86 1010.0 -648 10.0 -1 0 0 0 1 0 0 0 -1 3622.DAT
0 STEP
1 86 990.0 -840 30.0 0 0 1 0 1 0 -1 0 0 3622.DAT
0 STEP
1 86 1000.0 -888 30.0 0 0 1 0 1 0 -1 0 0 3002.DAT
0 STEP
1 86 1010.0 -960 20.0 -1 0 0 0 1 0 0 0 -1 3002.DAT
0 STEP
1 86 1020.0 -984 20.0 -1 0 0 0 1 0 0 0 -1 3001.DAT
0 STEP
1 86 990.0 -1008 10.0 0 0 1 0 1 0 -1 0 0 3005.DAT
0 STEP
1 86 1040.0 -1080 10.0 -1 0 0 0 1 0 0 0 -1 3009.DAT
0 STEP
1 86 1000.0 -1152 30.0 0 0 1 0 1 0 -1 0 0 3002.DAT
0 STEP
1 86 1000.0 -1224 30.0 0 0 1 0 1 0 -1 0 0 3002.DAT
0 STEP
1 86 1000.0 -1272 30.0 0 0 1 0 1 0 -1 0 0 3002.DAT
0 STEP
1 86 990.0 -1344 10.0 0 0 1 0 1 0 -1 0 0 3005.DAT
0 STEP
1 86 1040.0 -1512 10.0 -1 0 0 0 1 0 0 0 -1 3009.DAT
0 STEP
1 86 1020.0 -1608 20.0 -1 0 0 0 1 0 0 0 -1 3001.DAT
0 STEP
1 86 990.0 -1632 30.0 0 0 1 0 1 0 -1 0 0 3622.DAT
0 STEP
1 86 990.0 -1680 30.0 0 0 1 0 1 0 -1 0 0 3622.DAT
0 STEP
1 86 990.0 -1752 80.0 0 0 1 0 1 0 -1 0 0 3008.DAT
0 STEP
1 86 1020.0 -24 40.0 -1 0 0 0 1 0 0 0 -1 3001.DAT
0 STEP
1 86 990.0 -72 40.0 0 0 1 0 1 0 -1 0 0 3004.DAT
0 STEP
1 86 990.0 -120 30.0 0 0 1 0 1 0 -1 0 0 3005.DAT
0 STEP
1 86 990.0 -360 40.0 0 0 1 0 1 0 -1 0 0 3004.DAT
0 STEP
1 86 990.0 -384 30.0 0 0 1 0 1 0 -1 0 0 3005.DAT
0 STEP
1 86 1010.0 -504 40.0 -1 0 0 0 1 0 0 0 -1 3002.DAT
0 STEP
1 86 1010.0 -648 40.0 -1 0 0 0 1 0 0 0 -1 3002.DAT
0 STEP
1 86 1060.0 -1128 30.0 -1 0 0 0 1 0 0 0 -1 3008.DAT
0 STEP
1 86 1060.0 -1176 40.0 -1 0 0 0 1 0 0 0 -1 3007.DAT
0 STEP
1 86 990.0 0 80.0 0 0 1 0 1 0 -1 0 0 3010.DAT
0 STEP
1 86 1060.0 -120 50.0 -1 0 0 0 1 0 0 0 -1 3008.DAT
0 STEP
1 86 1040.0 -312 50.0 -1 0 0 0 1 0 0 0 -1 3009.DAT
0 STEP
1 86 1000.0 -336 50.0 -1 0 0 0 1 0 0 0 -1 3004.DAT
0 STEP
1 86 1060.0 -408 50.0 -1 0 0 0 1 0 0 0 -1 3008.DAT
0 STEP
1 86 1010.0 -456 50.0 -1 0 0 0 1 0 0 0 -1 3622.DAT
0 STEP
1 86 1020.0 -552 50.0 -1 0 0 0 1 0 0 0 -1 3010.DAT
0 STEP
1 86 1040.0 -624 50.0 -1 0 0 0 1 0 0 0 -1 3009.DAT
0 STEP
1 86 1020.0 -960 50.0 -1 0 0 0 1 0 0 0 -1 3010.DAT
0 STEP
1 86 1020.0 -984 50.0 -1 0 0 0 1 0 0 0 -1 3010.DAT
0 STEP
1 86 1040.0 -1080 50.0 -1 0 0 0 1 0 0 0 -1 3009.DAT
0 STEP
1 86 1040.0 -1512 50.0 -1 0 0 0 1 0 0 0 -1 3009.DAT
0 STEP
1 86 1040.0 -1560 50.0 -1 0 0 0 1 0 0 0 -1 3009.DAT
0 STEP
1 86 990.0 -1608 50.0 0 0 1 0 1 0 -1 0 0 3005.DAT
0 STEP
1 86 1000.0 -1704 120.0 0 0 1 0 1 0 -1 0 0 3007.DAT
0 STEP
1 86 990.0 -1728 110.0 0 0 1 0 1 0 -1 0 0 3005.DAT
0 STEP
1 86 1020.0 -48 130.0 -1 0 0 0 1 0 0 0 -1 3010.DAT
0 STEP
1 86 990.0 0 150.0 0 0 1 0 1 0 -1 0 0 3005.DAT
0 STEP
1 86 990.0 -48 150.0 0 0 1 0 1 0 -1 0 0 3005.DAT
0 STEP
1 86 990.0 -1728 160.0 0 0 1 0 1 0 -1 0 0 3004.DAT
0 STEP
1 86 1020.0 0 180.0 -1 0 0 0 1 0 0 0 -1 3001.DAT
0 STEP
1 86 1060.0 -48 180.0 -1 0 0 0 1 0 0 0 -1 3007.DAT
0 STEP
1 86 990.0 -96 170.0 0 0 1 0 1 0 -1 0 0 3005.DAT
0 STEP
1 86 1000.0 -144 190.0 0 0 1 0 1 0 -1 0 0 3002.DAT
0 STEP
1 86 1020.0 -168 180.0 -1 0 0 0 1 0 0 0 -1 3001.DAT
0 STEP
1 86 1060.0 -216 170.0 -1 0 0 0 1 0 0 0 -1 3008.DAT
0 STEP
1 86 1000.0 -312 190.0 0 0 1 0 1 0 -1 0 0 3002.DAT
0 STEP
1 86 1000.0 -360 190.0 0 0 1 0 1 0 -1 0 0 3002.DAT
0 STEP
1 86 1040.0 -456 180.0 -1 0 0 0 1 0 0 0 -1 2456.DAT
0 STEP
1 86 1020.0 -600 180.0 -1 0 0 0 1 0 0 0 -1 3001.DAT
0 STEP
1 86 990.0 -624 170.0 0 0 1 0 1 0 -1 0 0 3005.DAT
0 STEP
1 86 990.0 -672 170.0 0 0 1 0 1 0 -1 0 0 3005.DAT
0 STEP
1 86 990.0 -720 190.0 0 0 1 0 1 0 -1 0 0 3622.DAT
0 STEP
1 86 1000.0 -840 190.0 0 0 1 0 1 0 -1 0 0 3002.DAT
0 STEP
1 86 1020.0 -1464 170.0 -1 0 0 0 1 0 0 0 -1 3010.DAT
0 STEP
1 86 990.0 -1488 170.0 0 0 1 0 1 0 -1 0 0 3005.DAT
0 STEP
1 86 1000.0 -1560 190.0 0 0 1 0 1 0 -1 0 0 3002.DAT
0 STEP
1 86 1000.0 -1656 190.0 0 0 1 0 1 0 -1 0 0 3002.DAT
0 STEP
1 86 990.0 -1752 170.0 0 0 1 0 1 0 -1 0 0 3005.DAT
0 STEP
1 86 1060.0 -96 190.0 -1 0 0 0 1 0 0 0 -1 3008.DAT
0 STEP
1 86 1020.0 -216 200.0 -1 0 0 0 1 0 0 0 -1 3001.DAT
0 STEP
1 86 990.0 -336 190.0 0 0 1 0 1 0 -1 0 0 3005.DAT
0 STEP
1 86 990.0 -504 190.0 0 0 1 0 1 0 -1 0 0 3005.DAT
0 STEP
1 86 1040.0 -648 190.0 -1 0 0 0 1 0 0 0 -1 3009.DAT
0 STEP
1 86 990.0 -1464 200.0 0 0 1 0 1 0 -1 0 0 3004.DAT
0 STEP
1 86 1020.0 -1752 190.0 -1 0 0 0 1 0 0 0 -1 3010.DAT
0 STEP
1 86 1020.0 0 210.0 -1 0 0 0 1 0 0 0 -1 3010.DAT
0 STEP
1 86 1060.0 -336 210.0 -1 0 0 0 1 0 0 0 -1 3008.DAT
0 STEP
1 86 990.0 -456 210.0 0 0 1 0 1 0 -1 0 0 3005.DAT
0 STEP
1 86 1060.0 -504 210.0 -1 0 0 0 1 0 0 0 -1 3008.DAT
0 STEP
1 86 990.0 -600 210.0 0 0 1 0 1 0 -1 0 0 3005.DAT
0 STEP
1 86 990.0 -672 210.0 0 0 1 0 1 0 -1 0 0 3005.DAT
0 STEP
1 86 1060.0 -696 210.0 -1 0 0 0 1 0 0 0 -1 3008.DAT
0 STEP
1 86 990.0 -1320 220.0 0 0 1 0 1 0 -1 0 0 3004.DAT
0 STEP
1 86 990.0 -1368 210.0 0 0 1 0 1 0 -1 0 0 3005.DAT
0 STEP
1 86 990.0 -1584 210.0 0 0 1 0 1 0 -1 0 0 3005.DAT
0 STEP
1 86 1020.0 -1704 210.0 -1 0 0 0 1 0 0 0 -1 3010.DAT
0 STEP
1 86 990.0 -1752 210.0 0 0 1 0 1 0 -1 0 0 3005.DAT
0 STEP
1 86 1040.0 -1296 230.0 -1 0 0 0 1 0 0 0 -1 3009.DAT
0 STEP
1 86 1000.0 -888 270.0 0 0 1 0 1 0 -1 0 0 3002.DAT
0 STEP
1 86 990.0 -1320 270.0 0 0 1 0 1 0 -1 0 0 3622.DAT
0 STEP
1 86 1000.0 -1368 300.0 0 0 1 0 1 0 -1 0 0 3001.DAT
0 STEP
1 86 1000.0 -864 320.0 0 0 1 0 1 0 -1 0 0 3001.DAT
0 STEP
1 86 1020.0 -984 290.0 -1 0 0 0 1 0 0 0 -1 3010.DAT
0 STEP
1 86 1010.0 -1008 300.0 -1 0 0 0 1 0 0 0 -1 3002.DAT
0 STEP
1 86 1020.0 -1056 300.0 -1 0 0 0 1 0 0 0 -1 3001.DAT
0 STEP
1 86 1020.0 -1128 290.0 -1 0 0 0 1 0 0 0 -1 3010.DAT
0 STEP
1 86 1000.0 -1248 310.0 0 0 1 0 1 0 -1 0 0 3002.DAT
0 STEP
1 86 1060.0 -1296 300.0 -1 0 0 0 1 0 0 0 -1 3007.DAT
0 STEP
1 86 990.0 -1128 310.0 0 0 1 0 1 0 -1 0 0 3005.DAT
0 STEP
1 86 990.0 -1008 330.0 0 0 1 0 1 0 -1 0 0 3005.DAT
0 STEP
1 86 1020.0 -1056 330.0 -1 0 0 0 1 0 0 0 -1 3010.DAT
0 STEP
1 86 1060.0 -1296 330.0 -1 0 0 0 1 0 0 0 -1 3008.DAT
0 STEP
1 86 1000.0 -888 380.0 0 0 1 0 1 0 -1 0 0 3001.DAT
0 STEP
1 86 1020.0 -864 390.0 -1 0 0 0 1 0 0 0 -1 3010.DAT
0 STEP
1 86 1040.0 -864 430.0 -1 0 0 0 1 0 0 0 -1 3009.DAT
0 STEP
1 86 1040.0 -864 490.0 -1 0 0 0 1 0 0 0 -1 3009.DAT
0 STEP
1 86 1000.0 -936 560.0 0 0 1 0 1 0 -1 0 0 2456.DAT
0 STEP
1 86 1040.0 -864 550.0 -1 0 0 0 1 0 0 0 -1 3009.DAT
0 STEP
1 86 1060.0 -864 570.0 -1 0 0 0 1 0 0 0 -1 3008.DAT
0 STEP
1 86 990.0 -888 620.0 0 0 1 0 1 0 -1 0 0 3010.DAT
0 STEP
1 86 1020.0 -912 630.0 -1 0 0 0 1 0 0 0 -1 3010.DAT
0 STEP
1 86 1010.0 -888 680.0 -1 0 0 0 1 0 0 0 -1 3002.DAT
0 STEP
1 86 1020.0 -48 60.0 0 0 1 0 1 0 -1 0 0 2456.DAT
0 STEP
1 86 1020.0 -96 30.0 0 0 1 0 1 0 -1 0 0 3002.DAT
0 STEP
1 86 1010.0 -384 20.0 0 0 1 0 1 0 -1 0 0 3004.DAT
0 STEP
1 86 1010.0 -528 30.0 0 0 1 0 1 0 -1 0 0 3622.DAT
0 STEP
1 86 1010.0 -576 30.0 0 0 1 0 1 0 -1 0 0 3622.DAT
0 STEP
1 86 1010.0 -600 30.0 0 0 1 0 1 0 -1 0 0 3622.DAT
0 STEP
1 86 1010.0 -720 10.0 0 0 1 0 1 0 -1 0 0 3005.DAT
0 STEP
1 86 1080.0 -744 10.0 -1 0 0 0 1 0 0 0 -1 3008.DAT
0 STEP
1 86 1040.0 -792 10.0 -1 0 0 0 1 0 0 0 -1 3010.DAT
0 STEP
1 86 1020.0 -840 30.0 0 0 1 0 1 0 -1 0 0 3002.DAT
0 STEP
1 86 1040.0 -936 20.0 -1 0 0 0 1 0 0 0 -1 3001.DAT
0 STEP
1 86 1020.0 -1008 30.0 0 0 1 0 1 0 -1 0 0 3002.DAT
0 STEP
1 86 1020.0 -1056 30.0 0 0 1 0 1 0 -1 0 0 3002.DAT
0 STEP
1 86 1020.0 -1104 30.0 0 0 1 0 1 0 -1 0 0 3002.DAT
0 STEP
1 86 1010.0 -1200 10.0 0 0 1 0 1 0 -1 0 0 3005.DAT
0 STEP
1 86 1040.0 -1248 10.0 -1 0 0 0 1 0 0 0 -1 3010.DAT
0 STEP
1 86 1020.0 -1320 30.0 0 0 1 0 1 0 -1 0 0 3002.DAT
0 STEP
1 86 1040.0 -1344 10.0 -1 0 0 0 1 0 0 0 -1 3010.DAT
0 STEP
1 86 1020.0 -1392 30.0 0 0 1 0 1 0 -1 0 0 3002.DAT
0 STEP
1 86 1010.0 -1440 30.0 0 0 1 0 1 0 -1 0 0 3622.DAT
0 STEP
1 86 1020.0 -1488 30.0 0 0 1 0 1 0 -1 0 0 3002.DAT
0 STEP
1 86 1020.0 -1536 30.0 0 0 1 0 1 0 -1 0 0 3002.DAT
0 STEP
1 86 1020.0 -1632 30.0 0 0 1 0 1 0 -1 0 0 3002.DAT
0 STEP
1 86 1080.0 -1680 20.0 -1 0 0 0 1 0 0 0 -1 3007.DAT
0 STEP
1 86 1020.0 -1752 40.0 0 0 1 0 1 0 -1 0 0 3001.DAT
0 STEP
1 86 1010.0 0 60.0 0 0 1 0 1 0 -1 0 0 3010.DAT
0 STEP
1 86 1040.0 -72 40.0 -1 0 0 0 1 0 0 0 -1 3001.DAT
0 STEP
1 86 1040.0 -120 30.0 -1 0 0 0 1 0 0 0 -1 3010.DAT
0 STEP
1 86 1010.0 -216 30.0 0 0 1 0 1 0 -1 0 0 3005.DAT
0 STEP
1 86 1010.0 -288 40.0 0 0 1 0 1 0 -1 0 0 3004.DAT
0 STEP
1 86 1060.0 -360 30.0 -1 0 0 0 1 0 0 0 -1 3009.DAT
0 STEP
1 86 1010.0 -792 30.0 0 0 1 0 1 0 -1 0 0 3005.DAT
0 STEP
1 86 1020.0 -864 30.0 -1 0 0 0 1 0 0 0 -1 3004.DAT
0 STEP
1 86 1010.0 -360 50.0 0 0 1 0 1 0 -1 0 0 3005.DAT
0 STEP
1 86 1010.0 -480 50.0 0 0 1 0 1 0 -1 0 0 3005.DAT
0 STEP
1 86 1010.0 -672 50.0 0 0 1 0 1 0 -1 0 0 3005.DAT
0 STEP
1 86 1060.0 -792 50.0 -1 0 0 0 1 0 0 0 -1 3009.DAT
0 STEP
1 86 1010.0 -936 50.0 0 0 1 0 1 0 -1 0 0 3005.DAT
0 STEP
1 86 1040.0 -1344 50.0 -1 0 0 0 1 0 0 0 -1 3010.DAT
0 STEP
1 86 1060.0 -1608 50.0 -1 0 0 0 1 0 0 0 -1 3009.DAT
0 STEP
1 86 1010.0 -1680 50.0 0 0 1 0 1 0 -1 0 0 3005.DAT
0 STEP
1 86 1020.0 -1728 70.0 -1 0 0 0 1 0 0 0 -1 3004.DAT
0 STEP
1 86 1040.0 -1728 90.0 -1 0 0 0 1 0 0 0 -1 3010.DAT
0 STEP
1 86 1020.0 -1752 90.0 -1 0 0 0 1 0 0 0 -1 3004.DAT
0 STEP
1 86 1010.0 0 110.0 0 0 1 0 1 0 -1 0 0 3005.DAT
0 STEP
1 86 1080.0 -1728 110.0 -1 0 0 0 1 0 0 0 -1 3008.DAT
0 STEP
1 86 1020.0 -1752 140.0 0 0 1 0 1 0 -1 0 0 3001.DAT
0 STEP
1 86 1010.0 -24 130.0 0 0 1 0 1 0 -1 0 0 3005.DAT
0 STEP
1 86 1040.0 0 150.0 -1 0 0 0 1 0 0 0 -1 3010.DAT
0 STEP
1 86 1040.0 -48 150.0 -1 0 0 0 1 0 0 0 -1 3010.DAT
0 STEP
1 86 1040.0 -1728 150.0 -1 0 0 0 1 0 0 0 -1 3010.DAT
0 STEP
1 86 1010.0 -24 170.0 0 0 1 0 1 0 -1 0 0 3005.DAT
0 STEP
1 86 1060.0 -96 170.0 -1 0 0 0 1 0 0 0 -1 3009.DAT
0 STEP
1 86 1020.0 -192 190.0 0 0 1 0 1 0 -1 0 0 3002.DAT
0 STEP
1 86 1020.0 -264 190.0 0 0 1 0 1 0 -1 0 0 3002.DAT
0 STEP
1 86 1040.0 -336 180.0 -1 0 0 0 1 0 0 0 -1 3001.DAT
0 STEP
1 86 1040.0 -408 170.0 -1 0 0 0 1 0 0 0 -1 3010.DAT
0 STEP
1 86 1010.0 -480 180.0 0 0 1 0 1 0 -1 0 0 3004.DAT
0 STEP
1 86 1020.0 -528 190.0 0 0 1 0 1 0 -1 0 0 3002.DAT
0 STEP
1 86 1040.0 -552 170.0 -1 0 0 0 1 0 0 0 -1 3010.DAT
0 STEP
1 86 1020.0 -624 190.0 0 0 1 0 1 0 -1 0 0 3002.DAT
0 STEP
1 86 1020.0 -672 190.0 0 0 1 0 1 0 -1 0 0 3002.DAT
0 STEP
1 86 1010.0 -720 170.0 0 0 1 0 1 0 -1 0 0 3005.DAT
0 STEP
1 86 1010.0 -768 170.0 0 0 1 0 1 0 -1 0 0 3005.DAT
0 STEP
1 86 1010.0 -1416 170.0 0 0 1 0 1 0 -1 0 0 3005.DAT
0 STEP
1 86 1010.0 -1488 180.0 0 0 1 0 1 0 -1 0 0 3004.DAT
0 STEP
1 86 1020.0 -1512 190.0 0 0 1 0 1 0 -1 0 0 3002.DAT
0 STEP
1 86 1010.0 -1608 170.0 0 0 1 0 1 0 -1 0 0 3005.DAT
0 STEP
1 86 1020.0 -1728 190.0 0 0 1 0 1 0 -1 0 0 3002.DAT
0 STEP
1 86 1010.0 -408 190.0 0 0 1 0 1 0 -1 0 0 3005.DAT
0 STEP
1 86 1060.0 -504 190.0 -1 0 0 0 1 0 0 0 -1 3009.DAT
0 STEP
1 86 1010.0 -552 190.0 0 0 1 0 1 0 -1 0 0 3005.DAT
0 STEP
1 86 1040.0 -720 200.0 -1 0 0 0 1 0 0 0 -1 3001.DAT
0 STEP
1 86 1060.0 -768 200.0 -1 0 0 0 1 0 0 0 -1 2456.DAT
0 STEP
1 86 1080.0 -816 190.0 -1 0 0 0 1 0 0 0 -1 3008.DAT
0 STEP
1 86 1030.0 -864 190.0 -1 0 0 0 1 0 0 0 -1 3622.DAT
0 STEP
1 86 1040.0 -1416 200.0 -1 0 0 0 1 0 0 0 -1 3001.DAT
0 STEP
1 86 1040.0 -1464 200.0 -1 0 0 0 1 0 0 0 -1 3001.DAT
0 STEP
1 86 1060.0 -1584 200.0 -1 0 0 0 1 0 0 0 -1 2456.DAT
0 STEP
1 86 1040.0 -48 210.0 -1 0 0 0 1 0 0 0 -1 3010.DAT
0 STEP
1 86 1040.0 -408 210.0 -1 0 0 0 1 0 0 0 -1 3010.DAT
0 STEP
1 86 1040.0 -456 210.0 -1 0 0 0 1 0 0 0 -1 3010.DAT
0 STEP
1 86 1080.0 -552 210.0 -1 0 0 0 1 0 0 0 -1 3008.DAT
0 STEP
1 86 1040.0 -600 210.0 -1 0 0 0 1 0 0 0 -1 3010.DAT
0 STEP
1 86 1010.0 -816 210.0 0 0 1 0 1 0 -1 0 0 3005.DAT
0 STEP
1 86 1020.0 -864 240.0 0 0 1 0 1 0 -1 0 0 3001.DAT
0 STEP
1 86 1030.0 -888 220.0 -1 0 0 0 1 0 0 0 -1 3002.DAT
0 STEP
1 86 1010.0 -1320 240.0 0 0 1 0 1 0 -1 0 0 3010.DAT
0 STEP
1 86 1060.0 -1368 210.0 -1 0 0 0 1 0 0 0 -1 3009.DAT
0 STEP
1 86 1010.0 -1680 210.0 0 0 1 0 1 0 -1 0 0 3005.DAT
0 STEP
1 86 1040.0 -1752 210.0 -1 0 0 0 1 0 0 0 -1 3010.DAT
0 STEP
1 86 1010.0 -912 320.0 0 0 1 0 1 0 -1 0 0 3010.DAT
0 STEP
1 86 1010.0 -960 310.0 0 0 1 0 1 0 -1 0 0 3622.DAT
0 STEP
1 86 1010.0 -1032 310.0 0 0 1 0 1 0 -1 0 0 3622.DAT
0 STEP
1 86 1020.0 -1104 310.0 0 0 1 0 1 0 -1 0 0 3002.DAT
0 STEP
1 86 1080.0 -1176 290.0 -1 0 0 0 1 0 0 0 -1 3008.DAT
0 STEP
1 86 1020.0 -1200 310.0 0 0 1 0 1 0 -1 0 0 3002.DAT
0 STEP
1 86 1010.0 -1320 290.0 0 0 1 0 1 0 -1 0 0 3005.DAT
0 STEP
1 86 1010.0 -1344 290.0 0 0 1 0 1 0 -1 0 0 3005.DAT
0 STEP
1 86 1010.0 -984 310.0 0 0 1 0 1 0 -1 0 0 3005.DAT
0 STEP
1 86 1040.0 -1128 320.0 -1 0 0 0 1 0 0 0 -1 3001.DAT
0 STEP
1 86 1040.0 -1176 320.0 -1 0 0 0 1 0 0 0 -1 3001.DAT
0 STEP
1 86 1030.0 -1320 320.0 -1 0 0 0 1 0 0 0 -1 3002.DAT
0 STEP
1 86 1060.0 -1008 330.0 -1 0 0 0 1 0 0 0 -1 3009.DAT
0 STEP
1 86 1040.0 -912 390.0 -1 0 0 0 1 0 0 0 -1 3010.DAT
0 STEP
1 86 1040.0 -912 420.0 -1 0 0 0 1 0 0 0 -1 3001.DAT
0 STEP
1 86 1010.0 -912 450.0 0 0 1 0 1 0 -1 0 0 3005.DAT
0 STEP
1 86 1020.0 -888 560.0 0 0 1 0 1 0 -1 0 0 3007.DAT
0 STEP
1 86 1020.0 -864 660.0 0 0 1 0 1 0 -1 0 0 3001.DAT
0 STEP
1 86 1020.0 -888 650.0 -1 0 0 0 1 0 0 0 -1 3004.DAT
0 STEP
1 86 1040.0 -144 30.0 0 0 1 0 1 0 -1 0 0 3002.DAT
0 STEP
1 86 1060.0 -192 20.0 -1 0 0 0 1 0 0 0 -1 3001.DAT
0 STEP
1 86 1040.0 -216 30.0 0 0 1 0 1 0 -1 0 0 3002.DAT
0 STEP
1 86 1060.0 -264 10.0 -1 0 0 0 1 0 0 0 -1 3010.DAT
0 STEP
1 86 1040.0 -288 30.0 0 0 1 0 1 0 -1 0 0 3002.DAT
0 STEP
1 86 1030.0 -336 30.0 0 0 1 0 1 0 -1 0 0 3622.DAT
0 STEP
1 86 1030.0 -384 30.0 0 0 1 0 1 0 -1 0 0 3622.DAT
0 STEP
1 86 1030.0 -432 10.0 0 0 1 0 1 0 -1 0 0 3005.DAT
0 STEP
1 86 1060.0 -480 10.0 -1 0 0 0 1 0 0 0 -1 3010.DAT
0 STEP
1 86 1060.0 -528 10.0 -1 0 0 0 1 0 0 0 -1 3010.DAT
0 STEP
1 86 1030.0 -576 20.0 0 0 1 0 1 0 -1 0 0 3004.DAT
0 STEP
1 86 1040.0 -600 30.0 0 0 1 0 1 0 -1 0 0 3002.DAT
0 STEP
1 86 1030.0 -624 10.0 0 0 1 0 1 0 -1 0 0 3005.DAT
0 STEP
1 86 1040.0 -720 30.0 0 0 1 0 1 0 -1 0 0 3002.DAT
0 STEP
1 86 1040.0 -768 30.0 0 0 1 0 1 0 -1 0 0 3002.DAT
0 STEP
1 86 1050.0 -888 10.0 -1 0 0 0 1 0 0 0 -1 3622.DAT
0 STEP
1 86 1040.0 -912 30.0 0 0 1 0 1 0 -1 0 0 3002.DAT
0 STEP
1 86 1030.0 -1152 30.0 0 0 1 0 1 0 -1 0 0 3622.DAT
0 STEP
1 86 1040.0 -1200 30.0 0 0 1 0 1 0 -1 0 0 3002.DAT
0 STEP
1 86 1030.0 -1224 10.0 0 0 1 0 1 0 -1 0 0 3005.DAT
0 STEP
1 86 1030.0 -1272 30.0 0 0 1 0 1 0 -1 0 0 3622.DAT
0 STEP
1 86 1050.0 -1368 20.0 -1 0 0 0 1 0 0 0 -1 3002.DAT
0 STEP
1 86 1040.0 -1440 30.0 0 0 1 0 1 0 -1 0 0 3002.DAT
0 STEP
1 86 1030.0 -1560 10.0 0 0 1 0 1 0 -1 0 0 3005.DAT
0 STEP
1 86 1030.0 -1584 30.0 0 0 1 0 1 0 -1 0 0 3622.DAT
0 STEP
1 86 1030.0 0 30.0 0 0 1 0 1 0 -1 0 0 3005.DAT
0 STEP
1 86 1030.0 -264 30.0 0 0 1 0 1 0 -1 0 0 3005.DAT
0 STEP
1 86 1060.0 -432 40.0 -1 0 0 0 1 0 0 0 -1 3001.DAT
0 STEP
1 86 1060.0 -480 40.0 -1 0 0 0 1 0 0 0 -1 3001.DAT
0 STEP
1 86 1060.0 -528 40.0 -1 0 0 0 1 0 0 0 -1 3001.DAT
0 STEP
1 86 1060.0 -792 30.0 -1 0 0 0 1 0 0 0 -1 3010.DAT
0 STEP
1 86 1060.0 -888 30.0 -1 0 0 0 1 0 0 0 -1 3010.DAT
0 STEP
1 86 1060.0 -1224 30.0 -1 0 0 0 1 0 0 0 -1 3010.DAT
0 STEP
1 86 1030.0 -1656 30.0 0 0 1 0 1 0 -1 0 0 3005.DAT
0 STEP
1 86 1040.0 -1704 100.0 0 0 1 0 1 0 -1 0 0 3007.DAT
0 STEP
1 86 1040.0 0 80.0 0 0 1 0 1 0 -1 0 0 3001.DAT
0 STEP
1 86 1060.0 -192 50.0 -1 0 0 0 1 0 0 0 -1 3010.DAT
0 STEP
1 86 1060.0 -264 50.0 -1 0 0 0 1 0 0 0 -1 3010.DAT
0 STEP
1 86 1080.0 -360 50.0 -1 0 0 0 1 0 0 0 -1 3009.DAT
0 STEP
1 86 1060.0 -576 50.0 -1 0 0 0 1 0 0 0 -1 3010.DAT
0 STEP
1 86 1080.0 -672 50.0 -1 0 0 0 1 0 0 0 -1 3009.DAT
0 STEP
1 86 1030.0 -864 50.0 0 0 1 0 1 0 -1 0 0 3005.DAT
0 STEP
1 86 1100.0 -888 50.0 -1 0 0 0 1 0 0 0 -1 3008.DAT
0 STEP
1 86 1100.0 -936 50.0 -1 0 0 0 1 0 0 0 -1 3008.DAT
0 STEP
1 86 1100.0 -1032 50.0 -1 0 0 0 1 0 0 0 -1 3008.DAT
0 STEP
1 86 1030.0 -1224 50.0 0 0 1 0 1 0 -1 0 0 3005.DAT
0 STEP
1 86 1030.0 -1368 50.0 0 0 1 0 1 0 -1 0 0 3005.DAT
0 STEP
1 86 1080.0 -1680 50.0 -1 0 0 0 1 0 0 0 -1 3009.DAT
0 STEP
1 86 1030.0 -24 160.0 0 0 1 0 1 0 -1 0 0 3010.DAT
0 STEP
1 86 1040.0 -72 190.0 0 0 1 0 1 0 -1 0 0 3002.DAT
0 STEP
1 86 1050.0 -144 180.0 -1 0 0 0 1 0 0 0 -1 3002.DAT
0 STEP
1 86 1040.0 -312 190.0 0 0 1 0 1 0 -1 0 0 3002.DAT
0 STEP
1 86 1040.0 -360 190.0 0 0 1 0 1 0 -1 0 0 3002.DAT
0 STEP
1 86 1030.0 -384 170.0 0 0 1 0 1 0 -1 0 0 3005.DAT
0 STEP
1 86 1030.0 -432 190.0 0 0 1 0 1 0 -1 0 0 3622.DAT
0 STEP
1 86 1040.0 -480 190.0 0 0 1 0 1 0 -1 0 0 3002.DAT
0 STEP
1 86 1030.0 -576 190.0 0 0 1 0 1 0 -1 0 0 3622.DAT
0 STEP
1 86 1100.0 -720 170.0 -1 0 0 0 1 0 0 0 -1 3008.DAT
0 STEP
1 86 1060.0 -768 170.0 -1 0 0 0 1 0 0 0 -1 3010.DAT
0 STEP
1 86 1030.0 -792 190.0 0 0 1 0 1 0 -1 0 0 3622.DAT
0 STEP
1 86 1040.0 -840 190.0 0 0 1 0 1 0 -1 0 0 3002.DAT
0 STEP
1 86 1060.0 -1416 170.0 -1 0 0 0 1 0 0 0 -1 3010.DAT
0 STEP
1 86 1040.0 -1440 190.0 0 0 1 0 1 0 -1 0 0 3002.DAT
0 STEP
1 86 1080.0 -1488 170.0 -1 0 0 0 1 0 0 0 -1 3009.DAT
0 STEP
1 86 1030.0 -1536 170.0 0 0 1 0 1 0 -1 0 0 3005.DAT
0 STEP
1 86 1040.0 -1560 190.0 0 0 1 0 1 0 -1 0 0 3002.DAT
0 STEP
1 86 1040.0 -1608 190.0 0 0 1 0 1 0 -1 0 0 3002.DAT
0 STEP
1 86 1030.0 -1632 180.0 0 0 1 0 1 0 -1 0 0 3004.DAT
0 STEP
1 86 1030.0 -1656 190.0 0 0 1 0 1 0 -1 0 0 3622.DAT
0 STEP
1 86 1060.0 -408 190.0 -1 0 0 0 1 0 0 0 -1 3010.DAT
0 STEP
1 86 1060.0 -552 190.0 -1 0 0 0 1 0 0 0 -1 3010.DAT
0 STEP
1 86 1030.0 -1344 220.0 0 0 1 0 1 0 -1 0 0 3010.DAT
0 STEP
1 86 1030.0 -1488 190.0 0 0 1 0 1 0 -1 0 0 3005.DAT
0 STEP
1 86 1040.0 -1704 190.0 -1 0 0 0 1 0 0 0 -1 3004.DAT
0 STEP
1 86 1030.0 -24 210.0 0 0 1 0 1 0 -1 0 0 3005.DAT
0 STEP
1 86 1080.0 -144 210.0 -1 0 0 0 1 0 0 0 -1 3009.DAT
0 STEP
1 86 1030.0 -744 210.0 0 0 1 0 1 0 -1 0 0 3005.DAT
0 STEP
1 86 1080.0 -816 210.0 -1 0 0 0 1 0 0 0 -1 3009.DAT
0 STEP
1 86 1040.0 -1320 220.0 0 0 1 0 1 0 -1 0 0 3003.DAT
0 STEP
1 86 1060.0 -1680 210.0 -1 0 0 0 1 0 0 0 -1 3010.DAT
0 STEP
1 86 1040.0 -912 260.0 0 0 1 0 1 0 -1 0 0 3001.DAT
0 STEP
1 86 1030.0 -888 250.0 0 0 1 0 1 0 -1 0 0 3005.DAT
0 STEP
1 86 1040.0 -1320 270.0 0 0 1 0 1 0 -1 0 0 3002.DAT
0 STEP
1 86 1030.0 -1368 280.0 0 0 1 0 1 0 -1 0 0 3010.DAT
0 STEP
1 86 1030.0 -888 300.0 0 0 1 0 1 0 -1 0 0 3010.DAT
0 STEP
1 86 1030.0 -1344 290.0 0 0 1 0 1 0 -1 0 0 3622.DAT
0 STEP
1 86 1050.0 -864 290.0 -1 0 0 0 1 0 0 0 -1 3622.DAT
0 STEP
1 86 1040.0 -936 310.0 0 0 1 0 1 0 -1 0 0 3002.DAT
0 STEP
1 86 1030.0 -960 300.0 0 0 1 0 1 0 -1 0 0 3004.DAT
0 STEP
1 86 1040.0 -1032 310.0 0 0 1 0 1 0 -1 0 0 3002.DAT
0 STEP
1 86 1040.0 -1152 310.0 0 0 1 0 1 0 -1 0 0 3002.DAT
0 STEP
1 86 1040.0 -1248 300.0 0 0 1 0 1 0 -1 0 0 3003.DAT
0 STEP
1 86 1040.0 -864 340.0 0 0 1 0 1 0 -1 0 0 3001.DAT
0 STEP
1 86 1100.0 -912 320.0 -1 0 0 0 1 0 0 0 -1 3007.DAT
0 STEP
1 86 1040.0 -984 320.0 0 0 1 0 1 0 -1 0 0 3003.DAT
0 STEP
1 86 1100.0 -960 330.0 -1 0 0 0 1 0 0 0 -1 3008.DAT
0 STEP
1 86 1030.0 -1248 330.0 0 0 1 0 1 0 -1 0 0 3005.DAT
0 STEP
1 86 1030.0 -1368 330.0 0 0 1 0 1 0 -1 0 0 3005.DAT
0 STEP
1 86 1030.0 -888 350.0 0 0 1 0 1 0 -1 0 0 3005.DAT
0 STEP
1 86 1060.0 -912 350.0 -1 0 0 0 1 0 0 0 -1 3010.DAT
0 STEP
1 86 1030.0 -888 420.0 0 0 1 0 1 0 -1 0 0 3009.DAT
0 STEP
1 86 1060.0 -912 450.0 -1 0 0 0 1 0 0 0 -1 3010.DAT
0 STEP
1 86 1040.0 -912 520.0 0 0 1 0 1 0 -1 0 0 3001.DAT
0 STEP
1 86 1080.0 -864 510.0 -1 0 0 0 1 0 0 0 -1 3009.DAT
0 STEP
1 86 1030.0 -936 560.0 0 0 1 0 1 0 -1 0 0 3009.DAT
0 STEP
1 86 1050.0 -912 570.0 -1 0 0 0 1 0 0 0 -1 3622.DAT
0 STEP
1 86 1050.0 -864 590.0 -1 0 0 0 1 0 0 0 -1 3622.DAT
0 STEP
1 86 1040.0 -912 670.0 -1 0 0 0 1 0 0 0 -1 3004.DAT
0 STEP
1 86 1080.0 -48 20.0 -1 0 0 0 1 0 0 0 -1 3001.DAT
0 STEP
1 86 1080.0 -96 10.0 -1 0 0 0 1 0 0 0 -1 3010.DAT
0 STEP
1 86 1050.0 -168 10.0 0 0 1 0 1 0 -1 0 0 3005.DAT
0 STEP
1 86 1060.0 -336 30.0 0 0 1 0 1 0 -1 0 0 3002.DAT
0 STEP
1 86 1060.0 -384 30.0 0 0 1 0 1 0 -1 0 0 3002.DAT
0 STEP
1 86 1080.0 -432 10.0 -1 0 0 0 1 0 0 0 -1 3010.DAT
0 STEP
1 86 1060.0 -456 30.0 0 0 1 0 1 0 -1 0 0 3002.DAT
0 STEP
1 86 1050.0 -504 30.0 0 0 1 0 1 0 -1 0 0 3622.DAT
0 STEP
1 86 1080.0 -576 20.0 -1 0 0 0 1 0 0 0 -1 3001.DAT
0 STEP
1 86 1080.0 -624 10.0 -1 0 0 0 1 0 0 0 -1 3010.DAT
0 STEP
1 86 1060.0 -648 30.0 0 0 1 0 1 0 -1 0 0 3002.DAT
0 STEP
1 86 1050.0 -672 20.0 0 0 1 0 1 0 -1 0 0 3004.DAT
0 STEP
1 86 1060.0 -816 30.0 0 0 1 0 1 0 -1 0 0 3002.DAT
0 STEP
1 86 1050.0 -840 10.0 0 0 1 0 1 0 -1 0 0 3005.DAT
0 STEP
1 86 1060.0 -864 30.0 0 0 1 0 1 0 -1 0 0 3002.DAT
0 STEP
1 86 1080.0 -960 10.0 -1 0 0 0 1 0 0 0 -1 3010.DAT
0 STEP
1 86 1100.0 -1008 10.0 -1 0 0 0 1 0 0 0 -1 3009.DAT
0 STEP
1 86 1060.0 -1056 30.0 0 0 1 0 1 0 -1 0 0 3002.DAT
0 STEP
1 86 1060.0 -1104 30.0 0 0 1 0 1 0 -1 0 0 3002.DAT
0 STEP
1 86 1060.0 -1152 30.0 0 0 1 0 1 0 -1 0 0 3002.DAT
0 STEP
1 86 1080.0 -1224 10.0 -1 0 0 0 1 0 0 0 -1 3010.DAT
0 STEP
1 86 1080.0 -1272 20.0 -1 0 0 0 1 0 0 0 -1 3001.DAT
0 STEP
1 86 1060.0 -1296 30.0 0 0 1 0 1 0 -1 0 0 3002.DAT
0 STEP
1 86 1050.0 -1320 30.0 0 0 1 0 1 0 -1 0 0 3622.DAT
0 STEP
1 86 1050.0 -1392 10.0 0 0 1 0 1 0 -1 0 0 3005.DAT
0 STEP
1 86 1060.0 -1488 30.0 0 0 1 0 1 0 -1 0 0 3002.DAT
0 STEP
1 86 1060.0 -1536 30.0 0 0 1 0 1 0 -1 0 0 3002.DAT
0 STEP
1 86 1080.0 -1560 10.0 -1 0 0 0 1 0 0 0 -1 3010.DAT
0 STEP
1 86 1060.0 -1584 30.0 0 0 1 0 1 0 -1 0 0 3002.DAT
0 STEP
1 86 1070.0 -1632 10.0 -1 0 0 0 1 0 0 0 -1 3622.DAT
0 STEP
1 86 1060.0 -1656 30.0 0 0 1 0 1 0 -1 0 0 3002.DAT
0 STEP
1 86 1070.0 -1704 10.0 -1 0 0 0 1 0 0 0 -1 3622.DAT
0 STEP
1 86 1050.0 -1752 10.0 0 0 1 0 1 0 -1 0 0 3005.DAT
0 STEP
1 86 1080.0 0 30.0 -1 0 0 0 1 0 0 0 -1 3010.DAT
0 STEP
1 86 1050.0 -96 40.0 0 0 1 0 1 0 -1 0 0 3004.DAT
0 STEP
1 86 1080.0 -264 30.0 -1 0 0 0 1 0 0 0 -1 3010.DAT
0 STEP
1 86 1120.0 -840 40.0 -1 0 0 0 1 0 0 0 -1 3007.DAT
0 STEP
1 86 1050.0 -960 30.0 0 0 1 0 1 0 -1 0 0 3005.DAT
0 STEP
1 86 1050.0 -1008 30.0 0 0 1 0 1 0 -1 0 0 3005.DAT
0 STEP
1 86 1070.0 -1080 30.0 -1 0 0 0 1 0 0 0 -1 3622.DAT
0 STEP
1 86 1070.0 -1392 40.0 -1 0 0 0 1 0 0 0 -1 3002.DAT
0 STEP
1 86 1070.0 -1512 30.0 -1 0 0 0 1 0 0 0 -1 3622.DAT
0 STEP
1 86 1100.0 -1632 40.0 -1 0 0 0 1 0 0 0 -1 2456.DAT
0 STEP
1 86 1050.0 -1728 30.0 0 0 1 0 1 0 -1 0 0 3005.DAT
0 STEP
1 86 1050.0 -1752 80.0 0 0 1 0 1 0 -1 0 0 3009.DAT
0 STEP
1 86 1050.0 -48 80.0 0 0 1 0 1 0 -1 0 0 3010.DAT
0 STEP
1 86 1050.0 -240 50.0 0 0 1 0 1 0 -1 0 0 3005.DAT
0 STEP
1 86 1080.0 -1008 50.0 -1 0 0 0 1 0 0 0 -1 3010.DAT
0 STEP
1 86 1080.0 -1224 50.0 -1 0 0 0 1 0 0 0 -1 3010.DAT
0 STEP
1 86 1080.0 -1272 50.0 -1 0 0 0 1 0 0 0 -1 3010.DAT
0 STEP
1 86 1080.0 -1368 50.0 -1 0 0 0 1 0 0 0 -1 3010.DAT
0 STEP
1 86 1120.0 -1728 60.0 -1 0 0 0 1 0 0 0 -1 3007.DAT
0 STEP
1 86 1050.0 -24 70.0 0 0 1 0 1 0 -1 0 0 3005.DAT
0 STEP
1 86 1080.0 -24 90.0 -1 0 0 0 1 0 0 0 -1 3010.DAT
0 STEP
1 86 1060.0 -24 140.0 0 0 1 0 1 0 -1 0 0 3001.DAT
0 STEP
1 86 1050.0 -1752 150.0 0 0 1 0 1 0 -1 0 0 3005.DAT
0 STEP
1 86 1050.0 -120 190.0 0 0 1 0 1 0 -1 0 0 3622.DAT
0 STEP
1 86 1060.0 -192 190.0 0 0 1 0 1 0 -1 0 0 3002.DAT
0 STEP
1 86 1060.0 -240 170.0 -1 0 0 0 1 0 0 0 -1 3004.DAT
0 STEP
1 86 1060.0 -264 190.0 0 0 1 0 1 0 -1 0 0 3002.DAT
0 STEP
1 86 1120.0 -384 170.0 -1 0 0 0 1 0 0 0 -1 3008.DAT
0 STEP
1 86 1060.0 -432 190.0 0 0 1 0 1 0 -1 0 0 3002.DAT
0 STEP
1 86 1050.0 -528 190.0 0 0 1 0 1 0 -1 0 0 3622.DAT
0 STEP
1 86 1060.0 -576 190.0 0 0 1 0 1 0 -1 0 0 3002.DAT
0 STEP
1 86 1100.0 -624 180.0 -1 0 0 0 1 0 0 0 -1 2456.DAT
0 STEP
1 86 1060.0 -672 180.0 0 0 1 0 1 0 -1 0 0 3003.DAT
0 STEP
1 86 1050.0 -696 180.0 0 0 1 0 1 0 -1 0 0 3004.DAT
0 STEP
1 86 1050.0 -744 190.0 0 0 1 0 1 0 -1 0 0 3622.DAT
0 STEP
1 86 1060.0 -792 190.0 0 0 1 0 1 0 -1 0 0 3002.DAT
0 STEP
1 86 1060.0 -1392 190.0 0 0 1 0 1 0 -1 0 0 3002.DAT
0 STEP
1 86 1060.0 -1512 190.0 0 0 1 0 1 0 -1 0 0 3002.DAT
0 STEP
1 86 1080.0 -1536 170.0 -1 0 0 0 1 0 0 0 -1 3010.DAT
0 STEP
1 86 1080.0 -1632 170.0 -1 0 0 0 1 0 0 0 -1 3010.DAT
0 STEP
1 86 1060.0 -1656 190.0 0 0 1 0 1 0 -1 0 0 3002.DAT
0 STEP
1 86 1050.0 -1728 190.0 0 0 1 0 1 0 -1 0 0 3622.DAT
0 STEP
1 86 1060.0 -1752 170.0 -1 0 0 0 1 0 0 0 -1 3004.DAT
0 STEP
1 86 1080.0 -24 200.0 -1 0 0 0 1 0 0 0 -1 3001.DAT
0 STEP
1 86 1050.0 -384 200.0 0 0 1 0 1 0 -1 0 0 3004.DAT
0 STEP
1 86 1140.0 -1344 200.0 -1 0 0 0 1 0 0 0 -1 3006.DAT
0 STEP
1 86 1080.0 -1488 190.0 -1 0 0 0 1 0 0 0 -1 3010.DAT
0 STEP
1 86 1080.0 -1632 200.0 -1 0 0 0 1 0 0 0 -1 3001.DAT
0 STEP
1 86 1050.0 -168 210.0 0 0 1 0 1 0 -1 0 0 3005.DAT
0 STEP
1 86 1050.0 -624 210.0 0 0 1 0 1 0 -1 0 0 3005.DAT
0 STEP
1 86 1050.0 -672 210.0 0 0 1 0 1 0 -1 0 0 3005.DAT
0 STEP
1 86 1060.0 -864 240.0 0 0 1 0 1 0 -1 0 0 3001.DAT
0 STEP
1 86 1050.0 -1344 260.0 0 0 1 0 1 0 -1 0 0 3010.DAT
0 STEP
1 86 1060.0 -888 280.0 0 0 1 0 1 0 -1 0 0 3001.DAT
0 STEP
1 86 1080.0 -1368 250.0 -1 0 0 0 1 0 0 0 -1 3010.DAT
0 STEP
1 86 1050.0 -1368 300.0 0 0 1 0 1 0 -1 0 0 3010.DAT
0 STEP
1 86 1100.0 -960 300.0 -1 0 0 0 1 0 0 0 -1 2456.DAT
0 STEP
1 86 1080.0 -1008 300.0 -1 0 0 0 1 0 0 0 -1 3001.DAT
0 STEP
1 86 1050.0 -1104 310.0 0 0 1 0 1 0 -1 0 0 3622.DAT
0 STEP
1 86 1050.0 -1200 310.0 0 0 1 0 1 0 -1 0 0 3622.DAT
0 STEP
1 86 1060.0 -1272 320.0 0 0 1 0 1 0 -1 0 0 3003.DAT
0 STEP
1 86 1070.0 -1344 310.0 -1 0 0 0 1 0 0 0 -1 3622.DAT
0 STEP
1 86 1080.0 -888 330.0 -1 0 0 0 1 0 0 0 -1 3010.DAT
0 STEP
1 86 1100.0 -1248 330.0 -1 0 0 0 1 0 0 0 -1 3009.DAT
0 STEP
1 86 1080.0 -888 360.0 -1 0 0 0 1 0 0 0 -1 3001.DAT
0 STEP
1 86 1080.0 -888 400.0 -1 0 0 0 1 0 0 0 -1 3001.DAT
0 STEP
1 86 1050.0 -864 410.0 0 0 1 0 1 0 -1 0 0 3005.DAT
0 STEP
1 86 1050.0 -888 460.0 0 0 1 0 1 0 -1 0 0 3010.DAT
0 STEP
1 86 1070.0 -864 470.0 -1 0 0 0 1 0 0 0 -1 3622.DAT
0 STEP
1 86 1050.0 -888 510.0 0 0 1 0 1 0 -1 0 0 3005.DAT
0 STEP
1 86 1080.0 -936 520.0 -1 0 0 0 1 0 0 0 -1 3001.DAT
0 STEP
1 86 1050.0 -888 560.0 0 0 1 0 1 0 -1 0 0 3010.DAT
0 STEP
1 86 1050.0 -936 550.0 0 0 1 0 1 0 -1 0 0 3005.DAT
0 STEP
1 86 1050.0 -936 600.0 0 0 1 0 1 0 -1 0 0 3010.DAT
0 STEP
1 86 1060.0 -864 630.0 0 0 1 0 1 0 -1 0 0 3002.DAT
0 STEP
1 86 1080.0 -888 610.0 -1 0 0 0 1 0 0 0 -1 3010.DAT
0 STEP
1 86 1060.0 -888 660.0 0 0 1 0 1 0 -1 0 0 3001.DAT
0 STEP
1 86 1050.0 -912 650.0 0 0 1 0 1 0 -1 0 0 3005.DAT
0 STEP
1 86 1080.0 -864 670.0 -1 0 0 0 1 0 0 0 -1 3010.DAT
0 STEP
1 86 1050.0 -864 690.0 0 0 1 0 1 0 -1 0 0 3005.DAT
0 STEP
1 86 1090.0 0 10.0 -1 0 0 0 1 0 0 0 -1 3622.DAT
0 STEP
1 86 1070.0 -24 40.0 0 0 1 0 1 0 -1 0 0 3010.DAT
0 STEP
1 86 1070.0 -72 10.0 0 0 1 0 1 0 -1 0 0 3005.DAT
0 STEP
1 86 1070.0 -120 10.0 0 0 1 0 1 0 -1 0 0 3005.DAT
0 STEP
1 86 1080.0 -144 30.0 0 0 1 0 1 0 -1 0 0 3002.DAT
0 STEP
1 86 1140.0 -168 10.0 -1 0 0 0 1 0 0 0 -1 3008.DAT
0 STEP
1 86 1070.0 -216 20.0 0 0 1 0 1 0 -1 0 0 3004.DAT
0 STEP
1 86 1080.0 -240 30.0 0 0 1 0 1 0 -1 0 0 3002.DAT
0 STEP
1 86 1070.0 -288 30.0 0 0 1 0 1 0 -1 0 0 3622.DAT
0 STEP
1 86 1070.0 -408 20.0 0 0 1 0 1 0 -1 0 0 3004.DAT
0 STEP
1 86 1160.0 -504 20.0 -1 0 0 0 1 0 0 0 -1 3006.DAT
0 STEP
1 86 1070.0 -552 30.0 0 0 1 0 1 0 -1 0 0 3622.DAT
0 STEP
1 86 1080.0 -600 10.0 -1 0 0 0 1 0 0 0 -1 3004.DAT
0 STEP
1 86 1100.0 -672 20.0 -1 0 0 0 1 0 0 0 -1 3001.DAT
0 STEP
1 86 1090.0 -720 10.0 -1 0 0 0 1 0 0 0 -1 3622.DAT
0 STEP
1 86 1070.0 -768 30.0 0 0 1 0 1 0 -1 0 0 3622.DAT
0 STEP
1 86 1120.0 -840 10.0 -1 0 0 0 1 0 0 0 -1 3009.DAT
0 STEP
1 86 1100.0 -912 20.0 -1 0 0 0 1 0 0 0 -1 3001.DAT
0 STEP
1 86 1080.0 -984 30.0 0 0 1 0 1 0 -1 0 0 3002.DAT
0 STEP
1 86 1070.0 -1200 30.0 0 0 1 0 1 0 -1 0 0 3622.DAT
0 STEP
1 86 1100.0 -1320 10.0 -1 0 0 0 1 0 0 0 -1 3010.DAT
0 STEP
1 86 1120.0 -1392 10.0 -1 0 0 0 1 0 0 0 -1 3009.DAT
0 STEP
1 86 1070.0 -1440 20.0 0 0 1 0 1 0 -1 0 0 3004.DAT
0 STEP
1 86 1090.0 -1608 20.0 -1 0 0 0 1 0 0 0 -1 3002.DAT
0 STEP
1 86 1070.0 -1752 80.0 0 0 1 0 1 0 -1 0 0 3008.DAT
0 STEP
1 86 1100.0 -96 40.0 -1 0 0 0 1 0 0 0 -1 3001.DAT
0 STEP
1 86 1160.0 -600 40.0 -1 0 0 0 1 0 0 0 -1 3006.DAT
0 STEP
1 86 1090.0 -720 40.0 -1 0 0 0 1 0 0 0 -1 3002.DAT
0 STEP
1 86 1090.0 -960 40.0 -1 0 0 0 1 0 0 0 -1 3002.DAT
0 STEP
1 86 1100.0 -1008 30.0 -1 0 0 0 1 0 0 0 -1 3010.DAT
0 STEP
1 86 1100.0 -1320 40.0 -1 0 0 0 1 0 0 0 -1 3001.DAT
0 STEP
1 86 1080.0 -1704 120.0 0 0 1 0 1 0 -1 0 0 3006.DAT
0 STEP
1 86 1100.0 -1728 30.0 -1 0 0 0 1 0 0 0 -1 3010.DAT
0 STEP
1 86 1100.0 0 50.0 -1 0 0 0 1 0 0 0 -1 3010.DAT
0 STEP
1 86 1100.0 -48 60.0 -1 0 0 0 1 0 0 0 -1 3001.DAT
0 STEP
1 86 1100.0 -216 50.0 -1 0 0 0 1 0 0 0 -1 3010.DAT
0 STEP
1 86 1140.0 -504 50.0 -1 0 0 0 1 0 0 0 -1 3008.DAT
0 STEP
1 86 1100.0 -912 50.0 -1 0 0 0 1 0 0 0 -1 3010.DAT
0 STEP
1 86 1120.0 -1440 50.0 -1 0 0 0 1 0 0 0 -1 3009.DAT
0 STEP
1 86 1140.0 0 70.0 -1 0 0 0 1 0 0 0 -1 3008.DAT
0 STEP
1 86 1090.0 0 100.0 -1 0 0 0 1 0 0 0 -1 3002.DAT
0 STEP
1 86 1070.0 -48 90.0 0 0 1 0 1 0 -1 0 0 3005.DAT
0 STEP
1 86 1100.0 -48 110.0 -1 0 0 0 1 0 0 0 -1 3010.DAT
0 STEP
1 86 1070.0 0 130.0 0 0 1 0 1 0 -1 0 0 3005.DAT
0 STEP
1 86 1070.0 -48 130.0 0 0 1 0 1 0 -1 0 0 3005.DAT
0 STEP
1 86 1070.0 0 190.0 0 0 1 0 1 0 -1 0 0 3622.DAT
0 STEP
1 86 1080.0 -72 190.0 0 0 1 0 1 0 -1 0 0 3002.DAT
0 STEP
1 86 1080.0 -120 190.0 0 0 1 0 1 0 -1 0 0 3002.DAT
0 STEP
1 86 1100.0 -168 170.0 -1 0 0 0 1 0 0 0 -1 3010.DAT
0 STEP
1 86 1080.0 -288 170.0 -1 0 0 0 1 0 0 0 -1 3004.DAT
0 STEP
1 86 1080.0 -312 190.0 0 0 1 0 1 0 -1 0 0 3002.DAT
0 STEP
1 86 1070.0 -360 190.0 0 0 1 0 1 0 -1 0 0 3622.DAT
0 STEP
1 86 1080.0 -480 190.0 0 0 1 0 1 0 -1 0 0 3002.DAT
0 STEP
1 86 1080.0 -528 190.0 0 0 1 0 1 0 -1 0 0 3002.DAT
0 STEP
1 86 1070.0 -600 180.0 0 0 1 0 1 0 -1 0 0 3004.DAT
0 STEP
1 86 1100.0 -696 180.0 -1 0 0 0 1 0 0 0 -1 3001.DAT
0 STEP
1 86 1100.0 -744 180.0 -1 0 0 0 1 0 0 0 -1 3001.DAT
0 STEP
1 86 1100.0 -816 170.0 -1 0 0 0 1 0 0 0 -1 3010.DAT
0 STEP
1 86 1080.0 -840 190.0 0 0 1 0 1 0 -1 0 0 3002.DAT
0 STEP
1 86 1100.0 -1440 180.0 -1 0 0 0 1 0 0 0 -1 3001.DAT
0 STEP
1 86 1070.0 -1464 170.0 0 0 1 0 1 0 -1 0 0 3005.DAT
0 STEP
1 86 1080.0 -1560 190.0 0 0 1 0 1 0 -1 0 0 3002.DAT
0 STEP
1 86 1070.0 -1608 190.0 0 0 1 0 1 0 -1 0 0 3622.DAT
0 STEP
1 86 1100.0 -1728 170.0 -1 0 0 0 1 0 0 0 -1 3010.DAT
0 STEP
1 86 1100.0 -168 200.0 -1 0 0 0 1 0 0 0 -1 3001.DAT
0 STEP
1 86 1140.0 -216 190.0 -1 0 0 0 1 0 0 0 -1 3008.DAT
0 STEP
1 86 1140.0 -384 200.0 -1 0 0 0 1 0 0 0 -1 3007.DAT
0 STEP
1 86 1140.0 -864 190.0 -1 0 0 0 1 0 0 0 -1 3008.DAT
0 STEP
1 86 1100.0 -1728 200.0 -1 0 0 0 1 0 0 0 -1 3001.DAT
0 STEP
1 86 1070.0 -1752 190.0 0 0 1 0 1 0 -1 0 0 3005.DAT
0 STEP
1 86 1120.0 -216 210.0 -1 0 0 0 1 0 0 0 -1 3009.DAT
0 STEP
1 86 1100.0 -624 210.0 -1 0 0 0 1 0 0 0 -1 3010.DAT
0 STEP
1 86 1120.0 -672 210.0 -1 0 0 0 1 0 0 0 -1 3009.DAT
0 STEP
1 86 1100.0 -744 210.0 -1 0 0 0 1 0 0 0 -1 3010.DAT
0 STEP
1 86 1120.0 -888 220.0 -1 0 0 0 1 0 0 0 -1 2456.DAT
0 STEP
1 86 1080.0 -1320 240.0 0 0 1 0 1 0 -1 0 0 3001.DAT
0 STEP
1 86 1120.0 -1440 210.0 -1 0 0 0 1 0 0 0 -1 3009.DAT
0 STEP
1 86 1080.0 -912 260.0 0 0 1 0 1 0 -1 0 0 3001.DAT
0 STEP
1 86 1080.0 -1344 260.0 0 0 1 0 1 0 -1 0 0 3001.DAT
0 STEP
1 86 1090.0 -1368 280.0 -1 0 0 0 1 0 0 0 -1 3002.DAT
0 STEP
1 86 1080.0 -936 310.0 0 0 1 0 1 0 -1 0 0 3002.DAT
0 STEP
1 86 1080.0 -984 310.0 0 0 1 0 1 0 -1 0 0 3002.DAT
0 STEP
1 86 1080.0 -1032 310.0 0 0 1 0 1 0 -1 0 0 3002.DAT
0 STEP
1 86 1100.0 -1056 290.0 -1 0 0 0 1 0 0 0 -1 3010.DAT
0 STEP
1 86 1100.0 -1104 290.0 -1 0 0 0 1 0 0 0 -1 3010.DAT
0 STEP
1 86 1070.0 -1128 290.0 0 0 1 0 1 0 -1 0 0 3005.DAT
0 STEP
1 86 1100.0 -1152 290.0 -1 0 0 0 1 0 0 0 -1 3010.DAT
0 STEP
1 86 1090.0 -1200 290.0 -1 0 0 0 1 0 0 0 -1 3622.DAT
0 STEP
1 86 1070.0 -1248 290.0 0 0 1 0 1 0 -1 0 0 3005.DAT
0 STEP
1 86 1080.0 -1320 310.0 0 0 1 0 1 0 -1 0 0 3002.DAT
0 STEP
1 86 1070.0 -864 360.0 0 0 1 0 1 0 -1 0 0 3009.DAT
0 STEP
1 86 1100.0 -1056 320.0 -1 0 0 0 1 0 0 0 -1 3001.DAT
0 STEP
1 86 1100.0 -1104 320.0 -1 0 0 0 1 0 0 0 -1 3001.DAT
0 STEP
1 86 1100.0 -1152 320.0 -1 0 0 0 1 0 0 0 -1 3001.DAT
0 STEP
1 86 1100.0 -1200 320.0 -1 0 0 0 1 0 0 0 -1 3001.DAT
0 STEP
1 86 1100.0 -1248 310.0 -1 0 0 0 1 0 0 0 -1 3010.DAT
0 STEP
1 86 1070.0 -1368 320.0 0 0 1 0 1 0 -1 0 0 3004.DAT
0 STEP
1 86 1070.0 -888 500.0 0 0 1 0 1 0 -1 0 0 3008.DAT
0 STEP
1 86 1140.0 -912 490.0 -1 0 0 0 1 0 0 0 -1 3008.DAT
0 STEP
1 86 1140.0 -912 520.0 -1 0 0 0 1 0 0 0 -1 3007.DAT
0 STEP
1 86 1070.0 -960 520.0 0 0 1 0 1 0 -1 0 0 3004.DAT
0 STEP
1 86 1070.0 -912 550.0 0 0 1 0 1 0 -1 0 0 3005.DAT
0 STEP
1 86 1070.0 -936 580.0 0 0 1 0 1 0 -1 0 0 3010.DAT
0 STEP
1 86 1100.0 -888 590.0 -1 0 0 0 1 0 0 0 -1 3010.DAT
0 STEP
1 86 1070.0 -912 640.0 0 0 1 0 1 0 -1 0 0 3010.DAT
0 STEP
1 86 1120.0 -936 630.0 -1 0 0 0 1 0 0 0 -1 3009.DAT
0 STEP
1 86 1100.0 -864 690.0 -1 0 0 0 1 0 0 0 -1 3010.DAT
0 STEP
1 86 1070.0 -912 690.0 0 0 1 0 1 0 -1 0 0 3005.DAT
0 STEP
1 86 1100.0 -24 40.0 0 0 1 0 1 0 -1 0 0 3001.DAT
0 STEP
1 86 1090.0 -72 30.0 0 0 1 0 1 0 -1 0 0 3622.DAT
0 STEP
1 86 1160.0 -120 20.0 -1 0 0 0 1 0 0 0 -1 3007.DAT
0 STEP
1 86 1120.0 -216 20.0 -1 0 0 0 1 0 0 0 -1 3001.DAT
0 STEP
1 86 1140.0 -288 10.0 -1 0 0 0 1 0 0 0 -1 3009.DAT
0 STEP
1 86 1090.0 -336 30.0 0 0 1 0 1 0 -1 0 0 3622.DAT
0 STEP
1 86 1100.0 -384 30.0 0 0 1 0 1 0 -1 0 0 3002.DAT
0 STEP
1 86 1120.0 -408 20.0 -1 0 0 0 1 0 0 0 -1 3001.DAT
0 STEP
1 86 1120.0 -456 20.0 -1 0 0 0 1 0 0 0 -1 3001.DAT
0 STEP
1 86 1090.0 -552 20.0 0 0 1 0 1 0 -1 0 0 3004.DAT
0 STEP
1 86 1100.0 -648 30.0 0 0 1 0 1 0 -1 0 0 3002.DAT
0 STEP
1 86 1090.0 -696 30.0 0 0 1 0 1 0 -1 0 0 3622.DAT
0 STEP
1 86 1110.0 -768 20.0 -1 0 0 0 1 0 0 0 -1 3002.DAT
0 STEP
1 86 1090.0 -792 10.0 0 0 1 0 1 0 -1 0 0 3005.DAT
0 STEP
1 86 1110.0 -816 20.0 -1 0 0 0 1 0 0 0 -1 3002.DAT
0 STEP
1 86 1100.0 -864 30.0 0 0 1 0 1 0 -1 0 0 3002.DAT
0 STEP
1 86 1120.0 -888 10.0 -1 0 0 0 1 0 0 0 -1 3010.DAT
0 STEP
1 86 1090.0 -936 10.0 0 0 1 0 1 0 -1 0 0 3005.DAT
0 STEP
1 86 1120.0 -1056 10.0 -1 0 0 0 1 0 0 0 -1 3010.DAT
0 STEP
1 86 1140.0 -1104 10.0 -1 0 0 0 1 0 0 0 -1 3009.DAT
0 STEP
1 86 1090.0 -1152 30.0 0 0 1 0 1 0 -1 0 0 3622.DAT
0 STEP
1 86 1090.0 -1200 10.0 0 0 1 0 1 0 -1 0 0 3005.DAT
0 STEP
1 86 1090.0 -1248 10.0 0 0 1 0 1 0 -1 0 0 3005.DAT
0 STEP
1 86 1090.0 -1296 30.0 0 0 1 0 1 0 -1 0 0 3622.DAT
0 STEP
1 86 1090.0 -1344 10.0 0 0 1 0 1 0 -1 0 0 3005.DAT
0 STEP
1 86 1110.0 -1368 10.0 -1 0 0 0 1 0 0 0 -1 3622.DAT
0 STEP
1 86 1140.0 -1440 20.0 -1 0 0 0 1 0 0 0 -1 2456.DAT
0 STEP
1 86 1160.0 -1488 10.0 -1 0 0 0 1 0 0 0 -1 3008.DAT
0 STEP
1 86 1120.0 -1536 20.0 -1 0 0 0 1 0 0 0 -1 3001.DAT
0 STEP
1 86 1120.0 -1584 20.0 -1 0 0 0 1 0 0 0 -1 3001.DAT
0 STEP
1 86 1100.0 -1656 30.0 0 0 1 0 1 0 -1 0 0 3002.DAT
0 STEP
1 86 1090.0 -1752 30.0 0 0 1 0 1 0 -1 0 0 3622.DAT
0 STEP
1 86 1090.0 -288 30.0 0 0 1 0 1 0 -1 0 0 3005.DAT
0 STEP
1 86 1140.0 -936 30.0 -1 0 0 0 1 0 0 0 -1 3009.DAT
0 STEP
1 86 1120.0 -1056 40.0 -1 0 0 0 1 0 0 0 -1 3001.DAT
0 STEP
1 86 1120.0 -1104 40.0 -1 0 0 0 1 0 0 0 -1 3001.DAT
0 STEP
1 86 1120.0 -1200 40.0 -1 0 0 0 1 0 0 0 -1 3001.DAT
0 STEP
1 86 1120.0 -1248 40.0 -1 0 0 0 1 0 0 0 -1 3001.DAT
0 STEP
1 86 1100.0 -1368 30.0 -1 0 0 0 1 0 0 0 -1 3004.DAT
0 STEP
1 86 1160.0 -1488 40.0 -1 0 0 0 1 0 0 0 -1 3007.DAT
0 STEP
1 86 1140.0 -288 50.0 -1 0 0 0 1 0 0 0 -1 3009.DAT
0 STEP
1 86 1090.0 -456 50.0 0 0 1 0 1 0 -1 0 0 3005.DAT
0 STEP
1 86 1140.0 -552 50.0 -1 0 0 0 1 0 0 0 -1 3009.DAT
0 STEP
1 86 1090.0 -768 50.0 0 0 1 0 1 0 -1 0 0 3005.DAT
0 STEP
1 86 1110.0 -816 50.0 -1 0 0 0 1 0 0 0 -1 3622.DAT
0 STEP
1 86 1090.0 -1344 50.0 0 0 1 0 1 0 -1 0 0 3005.DAT
0 STEP
1 86 1160.0 -1536 50.0 -1 0 0 0 1 0 0 0 -1 3008.DAT
0 STEP
1 86 1120.0 -1584 50.0 -1 0 0 0 1 0 0 0 -1 3010.DAT
0 STEP
1 86 1090.0 -1752 140.0 0 0 1 0 1 0 -1 0 0 3008.DAT
0 STEP
1 86 1120.0 -48 90.0 -1 0 0 0 1 0 0 0 -1 3010.DAT
0 STEP
1 86 1160.0 -1728 90.0 -1 0 0 0 1 0 0 0 -1 3008.DAT
0 STEP
1 86 1090.0 -24 120.0 0 0 1 0 1 0 -1 0 0 3004.DAT
0 STEP
1 86 1090.0 0 160.0 0 0 1 0 1 0 -1 0 0 3010.DAT
0 STEP
1 86 1110.0 -48 140.0 -1 0 0 0 1 0 0 0 -1 3002.DAT
0 STEP
1 86 1110.0 -1728 140.0 -1 0 0 0 1 0 0 0 -1 3002.DAT
0 STEP
1 86 1120.0 -24 150.0 -1 0 0 0 1 0 0 0 -1 3010.DAT
0 STEP
1 86 1110.0 -24 170.0 -1 0 0 0 1 0 0 0 -1 3622.DAT
0 STEP
1 86 1120.0 -144 180.0 -1 0 0 0 1 0 0 0 -1 3001.DAT
0 STEP
1 86 1090.0 -192 190.0 0 0 1 0 1 0 -1 0 0 3622.DAT
0 STEP
1 86 1100.0 -240 190.0 0 0 1 0 1 0 -1 0 0 3002.DAT
0 STEP
1 86 1090.0 -264 190.0 0 0 1 0 1 0 -1 0 0 3622.DAT
0 STEP
1 86 1110.0 -336 180.0 -1 0 0 0 1 0 0 0 -1 3002.DAT
0 STEP
1 86 1100.0 -360 190.0 0 0 1 0 1 0 -1 0 0 3002.DAT
0 STEP
1 86 1090.0 -408 170.0 0 0 1 0 1 0 -1 0 0 3005.DAT
0 STEP
1 86 1090.0 -432 180.0 0 0 1 0 1 0 -1 0 0 3004.DAT
0 STEP
1 86 1090.0 -552 170.0 0 0 1 0 1 0 -1 0 0 3005.DAT
0 STEP
1 86 1120.0 -576 180.0 -1 0 0 0 1 0 0 0 -1 3001.DAT
0 STEP
1 86 1090.0 -600 190.0 0 0 1 0 1 0 -1 0 0 3622.DAT
0 STEP
1 86 1090.0 -648 170.0 0 0 1 0 1 0 -1 0 0 3005.DAT
0 STEP
1 86 1140.0 -672 170.0 -1 0 0 0 1 0 0 0 -1 3009.DAT
0 STEP
1 86 1100.0 -792 190.0 0 0 1 0 1 0 -1 0 0 3002.DAT
0 STEP
1 86 1120.0 -1392 170.0 -1 0 0 0 1 0 0 0 -1 3010.DAT
0 STEP
1 86 1100.0 -1464 190.0 0 0 1 0 1 0 -1 0 0 3002.DAT
0 STEP
1 86 1090.0 -1512 180.0 0 0 1 0 1 0 -1 0 0 3004.DAT
0 STEP
1 86 1120.0 -1608 170.0 -1 0 0 0 1 0 0 0 -1 3010.DAT
0 STEP
1 86 1090.0 -1656 170.0 0 0 1 0 1 0 -1 0 0 3005.DAT
0 STEP
1 86 1090.0 -672 190.0 0 0 1 0 1 0 -1 0 0 3005.DAT
0 STEP
1 86 1090.0 -720 200.0 0 0 1 0 1 0 -1 0 0 3004.DAT
0 STEP
1 86 1120.0 -1392 200.0 -1 0 0 0 1 0 0 0 -1 3001.DAT
0 STEP
1 86 1090.0 -1416 200.0 0 0 1 0 1 0 -1 0 0 3004.DAT
0 STEP
1 86 1090.0 -1608 200.0 0 0 1 0 1 0 -1 0 0 3004.DAT
0 STEP
1 86 1160.0 -1656 200.0 -1 0 0 0 1 0 0 0 -1 3007.DAT
0 STEP
1 86 1110.0 0 210.0 -1 0 0 0 1 0 0 0 -1 3622.DAT
0 STEP
1 86 1140.0 -48 210.0 -1 0 0 0 1 0 0 0 -1 3009.DAT
0 STEP
1 86 1090.0 -408 210.0 0 0 1 0 1 0 -1 0 0 3005.DAT
0 STEP
1 86 1120.0 -432 210.0 -1 0 0 0 1 0 0 0 -1 3010.DAT
0 STEP
1 86 1090.0 -456 210.0 0 0 1 0 1 0 -1 0 0 3005.DAT
0 STEP
1 86 1110.0 -576 210.0 -1 0 0 0 1 0 0 0 -1 3622.DAT
0 STEP
1 86 1090.0 -648 210.0 0 0 1 0 1 0 -1 0 0 3005.DAT
0 STEP
1 86 1100.0 -864 240.0 0 0 1 0 1 0 -1 0 0 3001.DAT
0 STEP
1 86 1120.0 -1512 210.0 -1 0 0 0 1 0 0 0 -1 3010.DAT
0 STEP
1 86 1100.0 -888 280.0 0 0 1 0 1 0 -1 0 0 3001.DAT
0 STEP
1 86 1090.0 -864 320.0 0 0 1 0 1 0 -1 0 0 3010.DAT
0 STEP
1 86 1100.0 -1080 310.0 0 0 1 0 1 0 -1 0 0 3002.DAT
0 STEP
1 86 1160.0 -1128 300.0 -1 0 0 0 1 0 0 0 -1 3007.DAT
0 STEP
1 86 1090.0 -1224 310.0 0 0 1 0 1 0 -1 0 0 3622.DAT
0 STEP
1 86 1120.0 -1248 290.0 -1 0 0 0 1 0 0 0 -1 3010.DAT
0 STEP
1 86 1100.0 -1272 310.0 0 0 1 0 1 0 -1 0 0 3002.DAT
0 STEP
1 86 1090.0 -1176 320.0 0 0 1 0 1 0 -1 0 0 3004.DAT
0 STEP
1 86 1120.0 -1368 320.0 -1 0 0 0 1 0 0 0 -1 3001.DAT
0 STEP
1 86 1160.0 -1128 330.0 -1 0 0 0 1 0 0 0 -1 3008.DAT
0 STEP
1 86 1090.0 -864 390.0 0 0 1 0 1 0 -1 0 0 3622.DAT
0 STEP
1 86 1090.0 -912 400.0 0 0 1 0 1 0 -1 0 0 3010.DAT
0 STEP
1 86 1090.0 -888 450.0 0 0 1 0 1 0 -1 0 0 3622.DAT
0 STEP
1 86 1090.0 -912 470.0 0 0 1 0 1 0 -1 0 0 3005.DAT
0 STEP
1 86 1090.0 -888 520.0 0 0 1 0 1 0 -1 0 0 3010.DAT
0 STEP
1 86 1090.0 -960 530.0 0 0 1 0 1 0 -1 0 0 3622.DAT
0 STEP
1 86 1100.0 -912 620.0 0 0 1 0 1 0 -1 0 0 3007.DAT
0 STEP
1 86 1100.0 -936 550.0 -1 0 0 0 1 0 0 0 -1 3004.DAT
0 STEP
1 86 1090.0 -888 570.0 0 0 1 0 1 0 -1 0 0 3005.DAT
0 STEP
1 86 1120.0 -936 570.0 -1 0 0 0 1 0 0 0 -1 3010.DAT
0 STEP
1 86 1090.0 -864 620.0 0 0 1 0 1 0 -1 0 0 3010.DAT
0 STEP
1 86 1090.0 -936 600.0 0 0 1 0 1 0 -1 0 0 3004.DAT
0 STEP
1 86 1120.0 -888 640.0 -1 0 0 0 1 0 0 0 -1 3001.DAT
0 STEP
1 86 1120.0 -888 680.0 -1 0 0 0 1 0 0 0 -1 3001.DAT
0 STEP
1 86 1120.0 -72 30.0 0 0 1 0 1 0 -1 0 0 3002.DAT
0 STEP
1 86 1110.0 -144 30.0 0 0 1 0 1 0 -1 0 0 3622.DAT
0 STEP
1 86 1110.0 -192 30.0 0 0 1 0 1 0 -1 0 0 3622.DAT
0 STEP
1 86 1180.0 -240 20.0 -1 0 0 0 1 0 0 0 -1 3007.DAT
0 STEP
1 86 1110.0 -264 10.0 0 0 1 0 1 0 -1 0 0 3005.DAT
0 STEP
1 86 1180.0 -336 20.0 -1 0 0 0 1 0 0 0 -1 3007.DAT
0 STEP
1 86 1120.0 -480 30.0 0 0 1 0 1 0 -1 0 0 3002.DAT
0 STEP
1 86 1120.0 -528 30.0 0 0 1 0 1 0 -1 0 0 3002.DAT
0 STEP
1 86 1140.0 -552 10.0 -1 0 0 0 1 0 0 0 -1 3010.DAT
0 STEP
1 86 1180.0 -600 10.0 -1 0 0 0 1 0 0 0 -1 3008.DAT
0 STEP
1 86 1140.0 -696 10.0 -1 0 0 0 1 0 0 0 -1 3010.DAT
0 STEP
1 86 1140.0 -792 10.0 -1 0 0 0 1 0 0 0 -1 3010.DAT
0 STEP
1 86 1140.0 -936 10.0 -1 0 0 0 1 0 0 0 -1 3010.DAT
0 STEP
1 86 1110.0 -984 30.0 0 0 1 0 1 0 -1 0 0 3622.DAT
0 STEP
1 86 1110.0 -1032 20.0 0 0 1 0 1 0 -1 0 0 3004.DAT
0 STEP
1 86 1120.0 -1080 30.0 0 0 1 0 1 0 -1 0 0 3002.DAT
0 STEP
1 86 1120.0 -1128 10.0 -1 0 0 0 1 0 0 0 -1 3004.DAT
0 STEP
1 86 1160.0 -1152 20.0 -1 0 0 0 1 0 0 0 -1 2456.DAT
0 STEP
1 86 1140.0 -1200 10.0 -1 0 0 0 1 0 0 0 -1 3010.DAT
0 STEP
1 86 1140.0 -1248 10.0 -1 0 0 0 1 0 0 0 -1 3010.DAT
0 STEP
1 86 1140.0 -1296 10.0 -1 0 0 0 1 0 0 0 -1 3010.DAT
0 STEP
1 86 1140.0 -1344 20.0 -1 0 0 0 1 0 0 0 -1 3001.DAT
0 STEP
1 86 1120.0 -1416 30.0 0 0 1 0 1 0 -1 0 0 3002.DAT
0 STEP
1 86 1120.0 -1464 30.0 0 0 1 0 1 0 -1 0 0 3002.DAT
0 STEP
1 86 1120.0 -1512 30.0 0 0 1 0 1 0 -1 0 0 3002.DAT
0 STEP
1 86 1140.0 -1632 10.0 -1 0 0 0 1 0 0 0 -1 3010.DAT
0 STEP
1 86 1110.0 -1704 20.0 0 0 1 0 1 0 -1 0 0 3004.DAT
0 STEP
1 86 1140.0 -1752 10.0 -1 0 0 0 1 0 0 0 -1 3010.DAT
0 STEP
1 86 1160.0 -288 30.0 -1 0 0 0 1 0 0 0 -1 3009.DAT
0 STEP
1 86 1110.0 -432 40.0 0 0 1 0 1 0 -1 0 0 3004.DAT
0 STEP
1 86 1110.0 -552 30.0 0 0 1 0 1 0 -1 0 0 3005.DAT
0 STEP
1 86 1110.0 -696 40.0 0 0 1 0 1 0 -1 0 0 3004.DAT
0 STEP
1 86 1110.0 -792 30.0 0 0 1 0 1 0 -1 0 0 3005.DAT
0 STEP
1 86 1130.0 -888 30.0 -1 0 0 0 1 0 0 0 -1 3622.DAT
0 STEP
1 86 1110.0 -1224 30.0 0 0 1 0 1 0 -1 0 0 3005.DAT
0 STEP
1 86 1140.0 -1296 40.0 -1 0 0 0 1 0 0 0 -1 3001.DAT
0 STEP
1 86 1140.0 -1392 40.0 -1 0 0 0 1 0 0 0 -1 3001.DAT
0 STEP
1 86 1110.0 -1560 40.0 0 0 1 0 1 0 -1 0 0 3004.DAT
0 STEP
1 86 1110.0 -1752 60.0 0 0 1 0 1 0 -1 0 0 3010.DAT
0 STEP
1 86 1180.0 -240 50.0 -1 0 0 0 1 0 0 0 -1 3008.DAT
0 STEP
1 86 1110.0 -264 50.0 0 0 1 0 1 0 -1 0 0 3005.DAT
0 STEP
1 86 1110.0 -312 50.0 0 0 1 0 1 0 -1 0 0 3005.DAT
0 STEP
1 86 1140.0 -336 50.0 -1 0 0 0 1 0 0 0 -1 3010.DAT
0 STEP
1 86 1180.0 -456 50.0 -1 0 0 0 1 0 0 0 -1 3008.DAT
0 STEP
1 86 1110.0 -576 50.0 0 0 1 0 1 0 -1 0 0 3005.DAT
0 STEP
1 86 1110.0 -624 50.0 0 0 1 0 1 0 -1 0 0 3005.DAT
0 STEP
1 86 1140.0 -768 50.0 -1 0 0 0 1 0 0 0 -1 3010.DAT
0 STEP
1 86 1160.0 -1152 50.0 -1 0 0 0 1 0 0 0 -1 3009.DAT
0 STEP
1 86 1140.0 -1344 50.0 -1 0 0 0 1 0 0 0 -1 3010.DAT
0 STEP
1 86 1110.0 -1704 120.0 0 0 1 0 1 0 -1 0 0 3008.DAT
0 STEP
1 86 1140.0 -24 120.0 -1 0 0 0 1 0 0 0 -1 3001.DAT
0 STEP
1 86 1140.0 -1752 110.0 -1 0 0 0 1 0 0 0 -1 3010.DAT
0 STEP
1 86 1110.0 0 140.0 0 0 1 0 1 0 -1 0 0 3004.DAT
0 STEP
1 86 1110.0 -1752 130.0 0 0 1 0 1 0 -1 0 0 3005.DAT
0 STEP
1 86 1110.0 -1752 180.0 0 0 1 0 1 0 -1 0 0 3010.DAT
0 STEP
1 86 1140.0 0 180.0 -1 0 0 0 1 0 0 0 -1 3001.DAT
0 STEP
1 86 1110.0 -72 190.0 0 0 1 0 1 0 -1 0 0 3622.DAT
0 STEP
1 86 1110.0 -120 190.0 0 0 1 0 1 0 -1 0 0 3622.DAT
0 STEP
1 86 1110.0 -192 170.0 0 0 1 0 1 0 -1 0 0 3005.DAT
0 STEP
1 86 1160.0 -264 170.0 -1 0 0 0 1 0 0 0 -1 3009.DAT
0 STEP
1 86 1120.0 -288 190.0 0 0 1 0 1 0 -1 0 0 3002.DAT
0 STEP
1 86 1180.0 -312 170.0 -1 0 0 0 1 0 0 0 -1 3008.DAT
0 STEP
1 86 1120.0 -408 190.0 0 0 1 0 1 0 -1 0 0 3002.DAT
0 STEP
1 86 1140.0 -432 180.0 -1 0 0 0 1 0 0 0 -1 3001.DAT
0 STEP
1 86 1120.0 -456 190.0 0 0 1 0 1 0 -1 0 0 3002.DAT
0 STEP
1 86 1110.0 -480 190.0 0 0 1 0 1 0 -1 0 0 3622.DAT
0 STEP
1 86 1120.0 -528 190.0 0 0 1 0 1 0 -1 0 0 3002.DAT
0 STEP
1 86 1130.0 -552 180.0 -1 0 0 0 1 0 0 0 -1 3002.DAT
0 STEP
1 86 1120.0 -600 190.0 0 0 1 0 1 0 -1 0 0 3002.DAT
0 STEP
1 86 1110.0 -648 190.0 0 0 1 0 1 0 -1 0 0 3622.DAT
0 STEP
1 86 1110.0 -768 170.0 0 0 1 0 1 0 -1 0 0 3005.DAT
0 STEP
1 86 1110.0 -840 190.0 0 0 1 0 1 0 -1 0 0 3622.DAT
0 STEP
1 86 1110.0 -1416 190.0 0 0 1 0 1 0 -1 0 0 3622.DAT
0 STEP
1 86 1140.0 -1512 180.0 -1 0 0 0 1 0 0 0 -1 3001.DAT
0 STEP
1 86 1110.0 -1560 190.0 0 0 1 0 1 0 -1 0 0 3622.DAT
0 STEP
1 86 1180.0 -1656 170.0 -1 0 0 0 1 0 0 0 -1 3008.DAT
0 STEP
1 86 1140.0 -192 190.0 -1 0 0 0 1 0 0 0 -1 3010.DAT
0 STEP
1 86 1140.0 -264 190.0 -1 0 0 0 1 0 0 0 -1 3010.DAT
0 STEP
1 86 1110.0 -312 200.0 0 0 1 0 1 0 -1 0 0 3004.DAT
0 STEP
1 86 1140.0 -672 190.0 -1 0 0 0 1 0 0 0 -1 3010.DAT
0 STEP
1 86 1110.0 -720 190.0 0 0 1 0 1 0 -1 0 0 3005.DAT
0 STEP
1 86 1140.0 -1608 200.0 -1 0 0 0 1 0 0 0 -1 3001.DAT
0 STEP
1 86 1110.0 -1680 200.0 0 0 1 0 1 0 -1 0 0 3004.DAT
0 STEP
1 86 1110.0 -192 210.0 0 0 1 0 1 0 -1 0 0 3005.DAT
0 STEP
1 86 1160.0 -264 210.0 -1 0 0 0 1 0 0 0 -1 3009.DAT
0 STEP
1 86 1180.0 -720 210.0 -1 0 0 0 1 0 0 0 -1 3008.DAT
0 STEP
1 86 1120.0 -1320 240.0 0 0 1 0 1 0 -1 0 0 3001.DAT
0 STEP
1 86 1160.0 -1704 210.0 -1 0 0 0 1 0 0 0 -1 3009.DAT
0 STEP
1 86 1120.0 -912 260.0 0 0 1 0 1 0 -1 0 0 3001.DAT
0 STEP
1 86 1110.0 -1296 230.0 0 0 1 0 1 0 -1 0 0 3005.DAT
0 STEP
1 86 1110.0 -1344 230.0 0 0 1 0 1 0 -1 0 0 3005.DAT
0 STEP
1 86 1110.0 -1344 280.0 0 0 1 0 1 0 -1 0 0 3010.DAT
0 STEP
1 86 1130.0 -864 290.0 -1 0 0 0 1 0 0 0 -1 3622.DAT
0 STEP
1 86 1120.0 -936 310.0 0 0 1 0 1 0 -1 0 0 3002.DAT
0 STEP
1 86 1120.0 -984 310.0 0 0 1 0 1 0 -1 0 0 3002.DAT
0 STEP
1 86 1110.0 -1032 290.0 0 0 1 0 1 0 -1 0 0 3005.DAT
0 STEP
1 86 1120.0 -1224 310.0 0 0 1 0 1 0 -1 0 0 3002.DAT
0 STEP
1 86 1120.0 -1320 290.0 -1 0 0 0 1 0 0 0 -1 3004.DAT
0 STEP
1 86 1110.0 -864 340.0 0 0 1 0 1 0 -1 0 0 3010.DAT
0 STEP
1 86 1140.0 -1032 310.0 -1 0 0 0 1 0 0 0 -1 3010.DAT
0 STEP
1 86 1120.0 -1176 310.0 -1 0 0 0 1 0 0 0 -1 3004.DAT
0 STEP
1 86 1140.0 -1320 320.0 -1 0 0 0 1 0 0 0 -1 3001.DAT
0 STEP
1 86 1130.0 -1032 330.0 -1 0 0 0 1 0 0 0 -1 3622.DAT
0 STEP
1 86 1110.0 -1176 330.0 0 0 1 0 1 0 -1 0 0 3005.DAT
0 STEP
1 86 1110.0 -912 370.0 0 0 1 0 1 0 -1 0 0 3622.DAT
0 STEP
1 86 1140.0 -864 390.0 -1 0 0 0 1 0 0 0 -1 3010.DAT
0 STEP
1 86 1110.0 -864 440.0 0 0 1 0 1 0 -1 0 0 3010.DAT
0 STEP
1 86 1120.0 -912 440.0 0 0 1 0 1 0 -1 0 0 3001.DAT
0 STEP
1 86 1110.0 -888 430.0 0 0 1 0 1 0 -1 0 0 3005.DAT
0 STEP
1 86 1140.0 -888 450.0 -1 0 0 0 1 0 0 0 -1 3010.DAT
0 STEP
1 86 1110.0 -888 520.0 0 0 1 0 1 0 -1 0 0 3009.DAT
0 STEP
1 86 1110.0 -864 490.0 0 0 1 0 1 0 -1 0 0 3005.DAT
0 STEP
1 86 1110.0 -960 540.0 0 0 1 0 1 0 -1 0 0 3010.DAT
0 STEP
1 86 1140.0 -864 540.0 -1 0 0 0 1 0 0 0 -1 3001.DAT
0 STEP
1 86 1140.0 -864 590.0 -1 0 0 0 1 0 0 0 -1 3010.DAT
0 STEP
1 86 1140.0 -936 600.0 -1 0 0 0 1 0 0 0 -1 3001.DAT
0 STEP
1 86 1140.0 -864 620.0 -1 0 0 0 1 0 0 0 -1 3001.DAT
0 STEP
1 86 1140.0 -864 650.0 -1 0 0 0 1 0 0 0 -1 3010.DAT
0 STEP
1 86 1130.0 0 20.0 0 0 1 0 1 0 -1 0 0 3004.DAT
0 STEP
1 86 1200.0 -24 10.0 -1 0 0 0 1 0 0 0 -1 3008.DAT
0 STEP
1 86 1130.0 -48 20.0 0 0 1 0 1 0 -1 0 0 3004.DAT
0 STEP
1 86 1130.0 -96 10.0 0 0 1 0 1 0 -1 0 0 3005.DAT
0 STEP
1 86 1140.0 -144 30.0 0 0 1 0 1 0 -1 0 0 3002.DAT
0 STEP
1 86 1160.0 -192 10.0 -1 0 0 0 1 0 0 0 -1 3010.DAT
0 STEP
1 86 1130.0 -264 30.0 0 0 1 0 1 0 -1 0 0 3622.DAT
0 STEP
1 86 1140.0 -312 30.0 0 0 1 0 1 0 -1 0 0 3002.DAT
0 STEP
1 86 1180.0 -384 10.0 -1 0 0 0 1 0 0 0 -1 3009.DAT
0 STEP
1 86 1150.0 -432 20.0 -1 0 0 0 1 0 0 0 -1 3002.DAT
0 STEP
1 86 1140.0 -576 30.0 0 0 1 0 1 0 -1 0 0 3002.DAT
0 STEP
1 86 1140.0 -624 30.0 0 0 1 0 1 0 -1 0 0 3002.DAT
0 STEP
1 86 1160.0 -648 10.0 -1 0 0 0 1 0 0 0 -1 3010.DAT
0 STEP
1 86 1140.0 -720 30.0 0 0 1 0 1 0 -1 0 0 3002.DAT
0 STEP
1 86 1130.0 -864 30.0 0 0 1 0 1 0 -1 0 0 3622.DAT
0 STEP
1 86 1140.0 -960 30.0 0 0 1 0 1 0 -1 0 0 3002.DAT
0 STEP
1 86 1160.0 -984 10.0 -1 0 0 0 1 0 0 0 -1 3010.DAT
0 STEP
1 86 1160.0 -1032 20.0 -1 0 0 0 1 0 0 0 -1 3001.DAT
0 STEP
1 86 1130.0 -1176 10.0 0 0 1 0 1 0 -1 0 0 3005.DAT
0 STEP
1 86 1130.0 -1224 30.0 0 0 1 0 1 0 -1 0 0 3622.DAT
0 STEP
1 86 1140.0 -1272 30.0 0 0 1 0 1 0 -1 0 0 3002.DAT
0 STEP
1 86 1130.0 -1560 30.0 0 0 1 0 1 0 -1 0 0 3622.DAT
0 STEP
1 86 1130.0 -1608 30.0 0 0 1 0 1 0 -1 0 0 3622.DAT
0 STEP
1 86 1140.0 -1656 30.0 0 0 1 0 1 0 -1 0 0 3002.DAT
0 STEP
1 86 1160.0 -1704 10.0 -1 0 0 0 1 0 0 0 -1 3010.DAT
0 STEP
1 86 1130.0 -1728 10.0 0 0 1 0 1 0 -1 0 0 3005.DAT
0 STEP
1 86 1130.0 -24 60.0 0 0 1 0 1 0 -1 0 0 3010.DAT
0 STEP
1 86 1160.0 -192 40.0 -1 0 0 0 1 0 0 0 -1 3001.DAT
0 STEP
1 86 1130.0 -360 30.0 0 0 1 0 1 0 -1 0 0 3005.DAT
0 STEP
1 86 1180.0 -384 40.0 -1 0 0 0 1 0 0 0 -1 2456.DAT
0 STEP
1 86 1200.0 -552 30.0 -1 0 0 0 1 0 0 0 -1 3008.DAT
0 STEP
1 86 1160.0 -648 40.0 -1 0 0 0 1 0 0 0 -1 3001.DAT
0 STEP
1 86 1160.0 -696 40.0 -1 0 0 0 1 0 0 0 -1 3001.DAT
0 STEP
1 86 1130.0 -792 40.0 0 0 1 0 1 0 -1 0 0 3004.DAT
0 STEP
1 86 1160.0 -984 40.0 -1 0 0 0 1 0 0 0 -1 3001.DAT
0 STEP
1 86 1130.0 -1368 40.0 0 0 1 0 1 0 -1 0 0 3004.DAT
0 STEP
1 86 1130.0 -1704 100.0 0 0 1 0 1 0 -1 0 0 3008.DAT
0 STEP
1 86 1160.0 -1752 30.0 -1 0 0 0 1 0 0 0 -1 3010.DAT
0 STEP
1 86 1150.0 -432 50.0 -1 0 0 0 1 0 0 0 -1 3622.DAT
0 STEP
1 86 1130.0 -1008 50.0 0 0 1 0 1 0 -1 0 0 3005.DAT
0 STEP
1 86 1130.0 -1128 50.0 0 0 1 0 1 0 -1 0 0 3005.DAT
0 STEP
1 86 1130.0 -1752 70.0 0 0 1 0 1 0 -1 0 0 3622.DAT
0 STEP
1 86 1130.0 0 120.0 0 0 1 0 1 0 -1 0 0 3010.DAT
0 STEP
1 86 1140.0 -1752 160.0 0 0 1 0 1 0 -1 0 0 3001.DAT
0 STEP
1 86 1220.0 -72 180.0 -1 0 0 0 1 0 0 0 -1 3006.DAT
0 STEP
1 86 1130.0 -96 170.0 0 0 1 0 1 0 -1 0 0 3005.DAT
0 STEP
1 86 1130.0 -120 170.0 0 0 1 0 1 0 -1 0 0 3005.DAT
0 STEP
1 86 1160.0 -192 170.0 -1 0 0 0 1 0 0 0 -1 3010.DAT
0 STEP
1 86 1140.0 -240 190.0 0 0 1 0 1 0 -1 0 0 3002.DAT
0 STEP
1 86 1200.0 -360 170.0 -1 0 0 0 1 0 0 0 -1 3008.DAT
0 STEP
1 86 1180.0 -480 170.0 -1 0 0 0 1 0 0 0 -1 3009.DAT
0 STEP
1 86 1130.0 -504 180.0 0 0 1 0 1 0 -1 0 0 3004.DAT
0 STEP
1 86 1140.0 -648 190.0 0 0 1 0 1 0 -1 0 0 3002.DAT
0 STEP
1 86 1130.0 -768 190.0 0 0 1 0 1 0 -1 0 0 3622.DAT
0 STEP
1 86 1200.0 -792 170.0 -1 0 0 0 1 0 0 0 -1 3008.DAT
0 STEP
1 86 1160.0 -840 180.0 -1 0 0 0 1 0 0 0 -1 3001.DAT
0 STEP
1 86 1140.0 -1416 190.0 0 0 1 0 1 0 -1 0 0 3002.DAT
0 STEP
1 86 1140.0 -1464 190.0 0 0 1 0 1 0 -1 0 0 3002.DAT
0 STEP
1 86 1130.0 -1536 170.0 0 0 1 0 1 0 -1 0 0 3005.DAT
0 STEP
1 86 1150.0 -1560 170.0 -1 0 0 0 1 0 0 0 -1 3622.DAT
0 STEP
1 86 1130.0 -1584 190.0 0 0 1 0 1 0 -1 0 0 3622.DAT
0 STEP
1 86 1130.0 -1632 190.0 0 0 1 0 1 0 -1 0 0 3622.DAT
0 STEP
1 86 1140.0 -1680 190.0 0 0 1 0 1 0 -1 0 0 3002.DAT
0 STEP
1 86 1130.0 -24 200.0 0 0 1 0 1 0 -1 0 0 3004.DAT
0 STEP
1 86 1200.0 -120 200.0 -1 0 0 0 1 0 0 0 -1 3007.DAT
0 STEP
1 86 1160.0 -312 200.0 -1 0 0 0 1 0 0 0 -1 3001.DAT
0 STEP
1 86 1140.0 -360 200.0 0 0 1 0 1 0 -1 0 0 3003.DAT
0 STEP
1 86 1180.0 -480 200.0 -1 0 0 0 1 0 0 0 -1 2456.DAT
0 STEP
1 86 1160.0 -720 190.0 -1 0 0 0 1 0 0 0 -1 3010.DAT
0 STEP
1 86 1200.0 -792 200.0 -1 0 0 0 1 0 0 0 -1 3007.DAT
0 STEP
1 86 1130.0 -1488 190.0 0 0 1 0 1 0 -1 0 0 3005.DAT
0 STEP
1 86 1160.0 -1560 200.0 -1 0 0 0 1 0 0 0 -1 3001.DAT
0 STEP
1 86 1130.0 -1704 190.0 0 0 1 0 1 0 -1 0 0 3005.DAT
0 STEP
1 86 1160.0 -72 210.0 -1 0 0 0 1 0 0 0 -1 3010.DAT
0 STEP
1 86 1130.0 -96 210.0 0 0 1 0 1 0 -1 0 0 3005.DAT
0 STEP
1 86 1160.0 -192 210.0 -1 0 0 0 1 0 0 0 -1 3010.DAT
0 STEP
1 86 1200.0 -840 210.0 -1 0 0 0 1 0 0 0 -1 3008.DAT
0 STEP
1 86 1140.0 -864 240.0 0 0 1 0 1 0 -1 0 0 3001.DAT
0 STEP
1 86 1130.0 -1368 210.0 0 0 1 0 1 0 -1 0 0 3005.DAT
0 STEP
1 86 1200.0 -1488 210.0 -1 0 0 0 1 0 0 0 -1 3008.DAT
0 STEP
1 86 1180.0 -1752 210.0 -1 0 0 0 1 0 0 0 -1 3009.DAT
0 STEP
1 86 1200.0 -1296 230.0 -1 0 0 0 1 0 0 0 -1 3008.DAT
0 STEP
1 86 1200.0 -1344 230.0 -1 0 0 0 1 0 0 0 -1 3008.DAT
0 STEP
1 86 1160.0 -888 260.0 -1 0 0 0 1 0 0 0 -1 3001.DAT
0 STEP
1 86 1160.0 -1344 260.0 -1 0 0 0 1 0 0 0 -1 3001.DAT
0 STEP
1 86 1130.0 -1368 270.0 0 0 1 0 1 0 -1 0 0 3622.DAT
0 STEP
1 86 1130.0 -888 320.0 0 0 1 0 1 0 -1 0 0 3010.DAT
0 STEP
1 86 1130.0 -1008 310.0 0 0 1 0 1 0 -1 0 0 3622.DAT
0 STEP
1 86 1180.0 -1032 290.0 -1 0 0 0 1 0 0 0 -1 3009.DAT
0 STEP
1 86 1160.0 -1080 300.0 -1 0 0 0 1 0 0 0 -1 3001.DAT
0 STEP
1 86 1160.0 -1200 290.0 -1 0 0 0 1 0 0 0 -1 3010.DAT
0 STEP
1 86 1130.0 -1272 290.0 0 0 1 0 1 0 -1 0 0 3005.DAT
0 STEP
1 86 1140.0 -1344 310.0 0 0 1 0 1 0 -1 0 0 3002.DAT
0 STEP
1 86 1140.0 -864 340.0 0 0 1 0 1 0 -1 0 0 3001.DAT
0 STEP
1 86 1160.0 -1272 320.0 -1 0 0 0 1 0 0 0 -1 3001.DAT
0 STEP
1 86 1130.0 -1080 330.0 0 0 1 0 1 0 -1 0 0 3005.DAT
0 STEP
1 86 1200.0 -1176 330.0 -1 0 0 0 1 0 0 0 -1 3008.DAT
0 STEP
1 86 1160.0 -912 360.0 -1 0 0 0 1 0 0 0 -1 3001.DAT
0 STEP
1 86 1140.0 -888 400.0 0 0 1 0 1 0 -1 0 0 3001.DAT
0 STEP
1 86 1160.0 -912 390.0 -1 0 0 0 1 0 0 0 -1 3010.DAT
0 STEP
1 86 1140.0 -864 410.0 -1 0 0 0 1 0 0 0 -1 3004.DAT
0 STEP
1 86 1130.0 -864 460.0 0 0 1 0 1 0 -1 0 0 3010.DAT
0 STEP
1 86 1140.0 -888 500.0 0 0 1 0 1 0 -1 0 0 3001.DAT
0 STEP
1 86 1140.0 -936 520.0 0 0 1 0 1 0 -1 0 0 3001.DAT
0 STEP
1 86 1150.0 -960 510.0 -1 0 0 0 1 0 0 0 -1 3622.DAT
0 STEP
1 86 1150.0 -960 540.0 -1 0 0 0 1 0 0 0 -1 3002.DAT
0 STEP
1 86 1180.0 -888 560.0 -1 0 0 0 1 0 0 0 -1 2456.DAT
0 STEP
1 86 1130.0 -912 550.0 0 0 1 0 1 0 -1 0 0 3005.DAT
0 STEP
1 86 1140.0 -912 620.0 0 0 1 0 1 0 -1 0 0 2456.DAT
0 STEP
1 86 1160.0 -960 570.0 -1 0 0 0 1 0 0 0 -1 3010.DAT
0 STEP
1 86 1130.0 -888 610.0 0 0 1 0 1 0 -1 0 0 3005.DAT
0 STEP
1 86 1130.0 -864 670.0 0 0 1 0 1 0 -1 0 0 3005.DAT
0 STEP
1 86 1130.0 -912 690.0 0 0 1 0 1 0 -1 0 0 3005.DAT
0 STEP
1 86 1220.0 0 20.0 -1 0 0 0 1 0 0 0 -1 3007.DAT
0 STEP
1 86 1160.0 -48 40.0 0 0 1 0 1 0 -1 0 0 3001.DAT
0 STEP
1 86 1200.0 -72 10.0 -1 0 0 0 1 0 0 0 -1 3009.DAT
0 STEP
1 86 1160.0 -96 30.0 0 0 1 0 1 0 -1 0 0 3002.DAT
0 STEP
1 86 1160.0 -264 30.0 0 0 1 0 1 0 -1 0 0 3002.DAT
0 STEP
1 86 1160.0 -360 30.0 0 0 1 0 1 0 -1 0 0 3002.DAT
0 STEP
1 86 1150.0 -480 30.0 0 0 1 0 1 0 -1 0 0 3622.DAT
0 STEP
1 86 1150.0 -528 30.0 0 0 1 0 1 0 -1 0 0 3622.DAT
0 STEP
1 86 1160.0 -672 30.0 0 0 1 0 1 0 -1 0 0 3002.DAT
0 STEP
1 86 1180.0 -768 10.0 -1 0 0 0 1 0 0 0 -1 3010.DAT
0 STEP
1 86 1150.0 -816 30.0 0 0 1 0 1 0 -1 0 0 3622.DAT
0 STEP
1 86 1220.0 -864 10.0 -1 0 0 0 1 0 0 0 -1 3008.DAT
0 STEP
1 86 1220.0 -912 10.0 -1 0 0 0 1 0 0 0 -1 3008.DAT
0 STEP
1 86 1160.0 -1080 30.0 0 0 1 0 1 0 -1 0 0 3002.DAT
0 STEP
1 86 1150.0 -1128 30.0 0 0 1 0 1 0 -1 0 0 3622.DAT
0 STEP
1 86 1150.0 -1176 30.0 0 0 1 0 1 0 -1 0 0 3622.DAT
0 STEP
1 86 1150.0 -1224 10.0 0 0 1 0 1 0 -1 0 0 3005.DAT
0 STEP
1 86 1150.0 -1320 30.0 0 0 1 0 1 0 -1 0 0 3622.DAT
0 STEP
1 86 1150.0 -1368 30.0 0 0 1 0 1 0 -1 0 0 3622.DAT
0 STEP
1 86 1150.0 -1416 30.0 0 0 1 0 1 0 -1 0 0 3622.DAT
0 STEP
1 86 1160.0 -1464 30.0 0 0 1 0 1 0 -1 0 0 3002.DAT
0 STEP
1 86 1160.0 -1512 30.0 0 0 1 0 1 0 -1 0 0 3002.DAT
0 STEP
1 86 1170.0 -1560 20.0 -1 0 0 0 1 0 0 0 -1 3002.DAT
0 STEP
1 86 1220.0 -1608 20.0 -1 0 0 0 1 0 0 0 -1 3007.DAT
0 STEP
1 86 1150.0 -1728 20.0 0 0 1 0 1 0 -1 0 0 3004.DAT
0 STEP
1 86 1160.0 -24 60.0 0 0 1 0 1 0 -1 0 0 3001.DAT
0 STEP
1 86 1240.0 -72 40.0 -1 0 0 0 1 0 0 0 -1 3006.DAT
0 STEP
1 86 1220.0 -768 30.0 -1 0 0 0 1 0 0 0 -1 3008.DAT
0 STEP
1 86 1160.0 -792 30.0 -1 0 0 0 1 0 0 0 -1 3004.DAT
0 STEP
1 86 1150.0 -864 40.0 0 0 1 0 1 0 -1 0 0 3004.DAT
0 STEP
1 86 1150.0 -912 40.0 0 0 1 0 1 0 -1 0 0 3004.DAT
0 STEP
1 86 1150.0 -1008 40.0 0 0 1 0 1 0 -1 0 0 3004.DAT
0 STEP
1 86 1180.0 -1224 40.0 -1 0 0 0 1 0 0 0 -1 3001.DAT
0 STEP
1 86 1180.0 -1704 30.0 -1 0 0 0 1 0 0 0 -1 3010.DAT
0 STEP
1 86 1220.0 0 50.0 -1 0 0 0 1 0 0 0 -1 3008.DAT
0 STEP
1 86 1180.0 -120 50.0 -1 0 0 0 1 0 0 0 -1 3010.DAT
0 STEP
1 86 1150.0 -216 50.0 0 0 1 0 1 0 -1 0 0 3005.DAT
0 STEP
1 86 1150.0 -408 50.0 0 0 1 0 1 0 -1 0 0 3005.DAT
0 STEP
1 86 1180.0 -792 50.0 -1 0 0 0 1 0 0 0 -1 3010.DAT
0 STEP
1 86 1170.0 -1560 50.0 -1 0 0 0 1 0 0 0 -1 3622.DAT
0 STEP
1 86 1170.0 -1608 50.0 -1 0 0 0 1 0 0 0 -1 3622.DAT
0 STEP
1 86 1150.0 -1680 50.0 0 0 1 0 1 0 -1 0 0 3005.DAT
0 STEP
1 86 1160.0 -1704 120.0 0 0 1 0 1 0 -1 0 0 3007.DAT
0 STEP
1 86 1220.0 -1752 50.0 -1 0 0 0 1 0 0 0 -1 3008.DAT
0 STEP
1 86 1180.0 -1752 70.0 -1 0 0 0 1 0 0 0 -1 3010.DAT
0 STEP
1 86 1200.0 0 90.0 -1 0 0 0 1 0 0 0 -1 3009.DAT
0 STEP
1 86 1160.0 -1752 90.0 -1 0 0 0 1 0 0 0 -1 3004.DAT
0 STEP
1 86 1160.0 0 130.0 0 0 1 0 1 0 -1 0 0 3002.DAT
0 STEP
1 86 1150.0 -48 110.0 0 0 1 0 1 0 -1 0 0 3005.DAT
0 STEP
1 86 1150.0 -48 160.0 0 0 1 0 1 0 -1 0 0 3010.DAT
0 STEP
1 86 1150.0 -1728 130.0 0 0 1 0 1 0 -1 0 0 3005.DAT
0 STEP
1 86 1150.0 -1728 180.0 0 0 1 0 1 0 -1 0 0 3010.DAT
0 STEP
1 86 1150.0 -24 190.0 0 0 1 0 1 0 -1 0 0 3622.DAT
0 STEP
1 86 1160.0 -96 190.0 0 0 1 0 1 0 -1 0 0 3002.DAT
0 STEP
1 86 1220.0 -120 170.0 -1 0 0 0 1 0 0 0 -1 3008.DAT
0 STEP
1 86 1150.0 -168 190.0 0 0 1 0 1 0 -1 0 0 3622.DAT
0 STEP
1 86 1150.0 -216 170.0 0 0 1 0 1 0 -1 0 0 3005.DAT
0 STEP
1 86 1160.0 -288 190.0 0 0 1 0 1 0 -1 0 0 3002.DAT
0 STEP
1 86 1160.0 -336 190.0 0 0 1 0 1 0 -1 0 0 3002.DAT
0 STEP
1 86 1160.0 -408 190.0 0 0 1 0 1 0 -1 0 0 3002.DAT
0 STEP
1 86 1150.0 -456 190.0 0 0 1 0 1 0 -1 0 0 3622.DAT
0 STEP
1 86 1160.0 -504 190.0 0 0 1 0 1 0 -1 0 0 3002.DAT
0 STEP
1 86 1200.0 -528 180.0 -1 0 0 0 1 0 0 0 -1 2456.DAT
0 STEP
1 86 1180.0 -600 180.0 -1 0 0 0 1 0 0 0 -1 3001.DAT
0 STEP
1 86 1150.0 -696 190.0 0 0 1 0 1 0 -1 0 0 3622.DAT
0 STEP
1 86 1160.0 -744 190.0 0 0 1 0 1 0 -1 0 0 3002.DAT
0 STEP
1 86 1160.0 -768 190.0 0 0 1 0 1 0 -1 0 0 3002.DAT
0 STEP
1 86 1150.0 -816 170.0 0 0 1 0 1 0 -1 0 0 3005.DAT
0 STEP
1 86 1180.0 -1368 180.0 -1 0 0 0 1 0 0 0 -1 3001.DAT
0 STEP
1 86 1180.0 -1440 170.0 -1 0 0 0 1 0 0 0 -1 3010.DAT
0 STEP
1 86 1220.0 -1488 170.0 -1 0 0 0 1 0 0 0 -1 3008.DAT
0 STEP
1 86 1150.0 -1536 190.0 0 0 1 0 1 0 -1 0 0 3622.DAT
0 STEP
1 86 1180.0 -1584 170.0 -1 0 0 0 1 0 0 0 -1 3010.DAT
0 STEP
1 86 1160.0 -1632 190.0 0 0 1 0 1 0 -1 0 0 3002.DAT
0 STEP
1 86 1170.0 -1440 190.0 -1 0 0 0 1 0 0 0 -1 3622.DAT
0 STEP
1 86 1180.0 -1488 190.0 -1 0 0 0 1 0 0 0 -1 3010.DAT
0 STEP
1 86 1150.0 -1584 200.0 0 0 1 0 1 0 -1 0 0 3004.DAT
0 STEP
1 86 1180.0 0 210.0 -1 0 0 0 1 0 0 0 -1 3010.DAT
0 STEP
1 86 1150.0 -144 210.0 0 0 1 0 1 0 -1 0 0 3005.DAT
0 STEP
1 86 1150.0 -528 210.0 0 0 1 0 1 0 -1 0 0 3005.DAT
0 STEP
1 86 1200.0 -576 210.0 -1 0 0 0 1 0 0 0 -1 3009.DAT
0 STEP
1 86 1180.0 -600 210.0 -1 0 0 0 1 0 0 0 -1 3010.DAT
0 STEP
1 86 1150.0 -624 210.0 0 0 1 0 1 0 -1 0 0 3005.DAT
0 STEP
1 86 1150.0 -816 210.0 0 0 1 0 1 0 -1 0 0 3005.DAT
0 STEP
1 86 1150.0 -1320 220.0 0 0 1 0 1 0 -1 0 0 3004.DAT
0 STEP
1 86 1200.0 -1368 210.0 -1 0 0 0 1 0 0 0 -1 3009.DAT
0 STEP
1 86 1150.0 -912 260.0 0 0 1 0 1 0 -1 0 0 3010.DAT
0 STEP
1 86 1150.0 -1320 270.0 0 0 1 0 1 0 -1 0 0 3622.DAT
0 STEP
1 86 1150.0 -1368 260.0 0 0 1 0 1 0 -1 0 0 3004.DAT
0 STEP
1 86 1180.0 -888 290.0 -1 0 0 0 1 0 0 0 -1 3010.DAT
0 STEP
1 86 1150.0 -936 310.0 0 0 1 0 1 0 -1 0 0 3622.DAT
0 STEP
1 86 1180.0 -984 300.0 -1 0 0 0 1 0 0 0 -1 3001.DAT
0 STEP
1 86 1160.0 -1008 310.0 0 0 1 0 1 0 -1 0 0 3002.DAT
0 STEP
1 86 1160.0 -1056 310.0 0 0 1 0 1 0 -1 0 0 3002.DAT
0 STEP
1 86 1160.0 -1104 310.0 0 0 1 0 1 0 -1 0 0 3002.DAT
0 STEP
1 86 1160.0 -1152 310.0 0 0 1 0 1 0 -1 0 0 3002.DAT
0 STEP
1 86 1160.0 -1224 310.0 0 0 1 0 1 0 -1 0 0 3002.DAT
0 STEP
1 86 1200.0 -1272 290.0 -1 0 0 0 1 0 0 0 -1 3009.DAT
0 STEP
1 86 1150.0 -1296 310.0 0 0 1 0 1 0 -1 0 0 3622.DAT
0 STEP
1 86 1180.0 -1368 290.0 -1 0 0 0 1 0 0 0 -1 3010.DAT
0 STEP
1 86 1150.0 -888 330.0 0 0 1 0 1 0 -1 0 0 3622.DAT
0 STEP
1 86 1220.0 -1176 310.0 -1 0 0 0 1 0 0 0 -1 3008.DAT
0 STEP
1 86 1170.0 -1200 320.0 -1 0 0 0 1 0 0 0 -1 3002.DAT
0 STEP
1 86 1150.0 -1248 310.0 0 0 1 0 1 0 -1 0 0 3005.DAT
0 STEP
1 86 1180.0 -984 330.0 -1 0 0 0 1 0 0 0 -1 3010.DAT
0 STEP
1 86 1220.0 -1080 330.0 -1 0 0 0 1 0 0 0 -1 3008.DAT
0 STEP
1 86 1160.0 -912 440.0 0 0 1 0 1 0 -1 0 0 3001.DAT
0 STEP
1 86 1150.0 -864 430.0 0 0 1 0 1 0 -1 0 0 3005.DAT
0 STEP
1 86 1180.0 -864 460.0 -1 0 0 0 1 0 0 0 -1 3001.DAT
0 STEP
1 86 1180.0 -864 490.0 -1 0 0 0 1 0 0 0 -1 3010.DAT
0 STEP
1 86 1160.0 -960 490.0 -1 0 0 0 1 0 0 0 -1 3004.DAT
0 STEP
1 86 1220.0 -864 510.0 -1 0 0 0 1 0 0 0 -1 3008.DAT
0 STEP
1 86 1180.0 -912 550.0 -1 0 0 0 1 0 0 0 -1 3010.DAT
0 STEP
1 86 1160.0 -864 570.0 -1 0 0 0 1 0 0 0 -1 3004.DAT
0 STEP
1 86 1150.0 -888 600.0 0 0 1 0 1 0 -1 0 0 3004.DAT
0 STEP
1 86 1160.0 -864 680.0 0 0 1 0 1 0 -1 0 0 3003.DAT
0 STEP
1 86 1220.0 -912 690.0 -1 0 0 0 1 0 0 0 -1 3008.DAT
0 STEP
1 86 1170.0 -144 30.0 0 0 1 0 1 0 -1 0 0 3622.DAT
0 STEP
1 86 1180.0 -216 30.0 0 0 1 0 1 0 -1 0 0 3002.DAT
0 STEP
1 86 1200.0 -312 20.0 -1 0 0 0 1 0 0 0 -1 3001.DAT
0 STEP
1 86 1170.0 -408 30.0 0 0 1 0 1 0 -1 0 0 3622.DAT
0 STEP
1 86 1200.0 -456 10.0 -1 0 0 0 1 0 0 0 -1 3010.DAT
0 STEP
1 86 1180.0 -480 30.0 0 0 1 0 1 0 -1 0 0 3002.DAT
0 STEP
1 86 1180.0 -528 30.0 0 0 1 0 1 0 -1 0 0 3002.DAT
0 STEP
1 86 1180.0 -576 30.0 0 0 1 0 1 0 -1 0 0 3002.DAT
0 STEP
1 86 1180.0 -624 30.0 0 0 1 0 1 0 -1 0 0 3002.DAT
0 STEP
1 86 1170.0 -720 10.0 0 0 1 0 1 0 -1 0 0 3005.DAT
0 STEP
1 86 1180.0 -744 30.0 0 0 1 0 1 0 -1 0 0 3002.DAT
0 STEP
1 86 1180.0 -816 30.0 0 0 1 0 1 0 -1 0 0 3002.DAT
0 STEP
1 86 1180.0 -888 20.0 0 0 1 0 1 0 -1 0 0 3003.DAT
0 STEP
1 86 1200.0 -960 20.0 -1 0 0 0 1 0 0 0 -1 3001.DAT
0 STEP
1 86 1170.0 -1008 20.0 0 0 1 0 1 0 -1 0 0 3004.DAT
0 STEP
1 86 1180.0 -1056 30.0 0 0 1 0 1 0 -1 0 0 3002.DAT
0 STEP
1 86 1180.0 -1128 30.0 0 0 1 0 1 0 -1 0 0 3002.DAT
0 STEP
1 86 1220.0 -1176 10.0 -1 0 0 0 1 0 0 0 -1 3009.DAT
0 STEP
1 86 1220.0 -1224 10.0 -1 0 0 0 1 0 0 0 -1 3009.DAT
0 STEP
1 86 1220.0 -1272 20.0 -1 0 0 0 1 0 0 0 -1 2456.DAT
0 STEP
1 86 1240.0 -1320 20.0 -1 0 0 0 1 0 0 0 -1 3007.DAT
0 STEP
1 86 1240.0 -1368 10.0 -1 0 0 0 1 0 0 0 -1 3008.DAT
0 STEP
1 86 1240.0 -1416 10.0 -1 0 0 0 1 0 0 0 -1 3008.DAT
0 STEP
1 86 1200.0 -1536 10.0 -1 0 0 0 1 0 0 0 -1 3010.DAT
0 STEP
1 86 1190.0 -1584 10.0 -1 0 0 0 1 0 0 0 -1 3622.DAT
0 STEP
1 86 1220.0 -1656 20.0 -1 0 0 0 1 0 0 0 -1 2456.DAT
0 STEP
1 86 1170.0 -1680 30.0 0 0 1 0 1 0 -1 0 0 3622.DAT
0 STEP
1 86 1200.0 -1728 10.0 -1 0 0 0 1 0 0 0 -1 3010.DAT
0 STEP
1 86 1220.0 -168 30.0 -1 0 0 0 1 0 0 0 -1 3009.DAT
0 STEP
1 86 1170.0 -456 30.0 0 0 1 0 1 0 -1 0 0 3005.DAT
0 STEP
1 86 1240.0 -720 30.0 -1 0 0 0 1 0 0 0 -1 3008.DAT
0 STEP
1 86 1240.0 -864 40.0 -1 0 0 0 1 0 0 0 -1 3007.DAT
0 STEP
1 86 1240.0 -912 40.0 -1 0 0 0 1 0 0 0 -1 3007.DAT
0 STEP
1 86 1190.0 -1104 40.0 -1 0 0 0 1 0 0 0 -1 3002.DAT
0 STEP
1 86 1180.0 -1176 30.0 -1 0 0 0 1 0 0 0 -1 3004.DAT
0 STEP
1 86 1170.0 -1200 40.0 0 0 1 0 1 0 -1 0 0 3004.DAT
0 STEP
1 86 1170.0 -1248 40.0 0 0 1 0 1 0 -1 0 0 3004.DAT
0 STEP
1 86 1260.0 -1368 40.0 -1 0 0 0 1 0 0 0 -1 3006.DAT
0 STEP
1 86 1240.0 -1416 40.0 -1 0 0 0 1 0 0 0 -1 3007.DAT
0 STEP
1 86 1170.0 -1536 30.0 0 0 1 0 1 0 -1 0 0 3005.DAT
0 STEP
1 86 1190.0 -1584 40.0 -1 0 0 0 1 0 0 0 -1 3002.DAT
0 STEP
1 86 1170.0 -1632 40.0 0 0 1 0 1 0 -1 0 0 3004.DAT
0 STEP
1 86 1170.0 -1728 30.0 0 0 1 0 1 0 -1 0 0 3005.DAT
0 STEP
1 86 1170.0 -168 50.0 0 0 1 0 1 0 -1 0 0 3005.DAT
0 STEP
1 86 1200.0 -312 50.0 -1 0 0 0 1 0 0 0 -1 3010.DAT
0 STEP
1 86 1180.0 -720 50.0 -1 0 0 0 1 0 0 0 -1 3004.DAT
0 STEP
1 86 1240.0 -960 50.0 -1 0 0 0 1 0 0 0 -1 3008.DAT
0 STEP
1 86 1240.0 -1008 50.0 -1 0 0 0 1 0 0 0 -1 3008.DAT
0 STEP
1 86 1220.0 -1176 50.0 -1 0 0 0 1 0 0 0 -1 3009.DAT
0 STEP
1 86 1170.0 -1272 50.0 0 0 1 0 1 0 -1 0 0 3005.DAT
0 STEP
1 86 1240.0 -1320 50.0 -1 0 0 0 1 0 0 0 -1 3008.DAT
0 STEP
1 86 1220.0 -1656 50.0 -1 0 0 0 1 0 0 0 -1 3009.DAT
0 STEP
1 86 1170.0 -48 90.0 0 0 1 0 1 0 -1 0 0 3005.DAT
0 STEP
1 86 1170.0 -48 140.0 0 0 1 0 1 0 -1 0 0 3010.DAT
0 STEP
1 86 1180.0 -1728 160.0 0 0 1 0 1 0 -1 0 0 2456.DAT
0 STEP
1 86 1170.0 -1752 140.0 0 0 1 0 1 0 -1 0 0 3004.DAT
0 STEP
1 86 1170.0 -24 180.0 0 0 1 0 1 0 -1 0 0 3010.DAT
0 STEP
1 86 1170.0 -144 190.0 0 0 1 0 1 0 -1 0 0 3622.DAT
0 STEP
1 86 1220.0 -168 170.0 -1 0 0 0 1 0 0 0 -1 3009.DAT
0 STEP
1 86 1200.0 -216 170.0 -1 0 0 0 1 0 0 0 -1 3010.DAT
0 STEP
1 86 1170.0 -240 190.0 0 0 1 0 1 0 -1 0 0 3622.DAT
0 STEP
1 86 1180.0 -456 190.0 0 0 1 0 1 0 -1 0 0 3002.DAT
0 STEP
1 86 1180.0 -552 190.0 0 0 1 0 1 0 -1 0 0 3002.DAT
0 STEP
1 86 1170.0 -576 180.0 0 0 1 0 1 0 -1 0 0 3004.DAT
0 STEP
1 86 1170.0 -624 190.0 0 0 1 0 1 0 -1 0 0 3622.DAT
0 STEP
1 86 1180.0 -648 190.0 0 0 1 0 1 0 -1 0 0 3002.DAT
0 STEP
1 86 1180.0 -696 190.0 0 0 1 0 1 0 -1 0 0 3002.DAT
0 STEP
1 86 1170.0 -816 190.0 0 0 1 0 1 0 -1 0 0 3622.DAT
0 STEP
1 86 1180.0 -1392 190.0 0 0 1 0 1 0 -1 0 0 3002.DAT
0 STEP
1 86 1170.0 -1416 180.0 0 0 1 0 1 0 -1 0 0 3004.DAT
0 STEP
1 86 1170.0 -1464 180.0 0 0 1 0 1 0 -1 0 0 3004.DAT
0 STEP
1 86 1200.0 -1536 170.0 -1 0 0 0 1 0 0 0 -1 3010.DAT
0 STEP
1 86 1170.0 -1608 170.0 0 0 1 0 1 0 -1 0 0 3005.DAT
0 STEP
1 86 1180.0 -1680 190.0 0 0 1 0 1 0 -1 0 0 3002.DAT
0 STEP
1 86 1200.0 -1752 180.0 -1 0 0 0 1 0 0 0 -1 3001.DAT
0 STEP
1 86 1180.0 -48 190.0 -1 0 0 0 1 0 0 0 -1 3004.DAT
0 STEP
1 86 1190.0 -168 190.0 -1 0 0 0 1 0 0 0 -1 3622.DAT
0 STEP
1 86 1170.0 -360 190.0 0 0 1 0 1 0 -1 0 0 3005.DAT
0 STEP
1 86 1200.0 -1536 200.0 -1 0 0 0 1 0 0 0 -1 3001.DAT
0 STEP
1 86 1200.0 -1584 200.0 -1 0 0 0 1 0 0 0 -1 3001.DAT
0 STEP
1 86 1220.0 -168 210.0 -1 0 0 0 1 0 0 0 -1 3009.DAT
0 STEP
1 86 1240.0 -360 210.0 -1 0 0 0 1 0 0 0 -1 3008.DAT
0 STEP
1 86 1170.0 -432 210.0 0 0 1 0 1 0 -1 0 0 3005.DAT
0 STEP
1 86 1220.0 -528 210.0 -1 0 0 0 1 0 0 0 -1 3009.DAT
0 STEP
1 86 1180.0 -864 240.0 0 0 1 0 1 0 -1 0 0 3001.DAT
0 STEP
1 86 1170.0 -1320 240.0 0 0 1 0 1 0 -1 0 0 3010.DAT
0 STEP
1 86 1200.0 -1416 210.0 -1 0 0 0 1 0 0 0 -1 3010.DAT
0 STEP
1 86 1200.0 -1464 210.0 -1 0 0 0 1 0 0 0 -1 3010.DAT
0 STEP
1 86 1170.0 -1512 210.0 0 0 1 0 1 0 -1 0 0 3005.DAT
0 STEP
1 86 1200.0 -912 230.0 -1 0 0 0 1 0 0 0 -1 3010.DAT
0 STEP
1 86 1170.0 -912 270.0 0 0 1 0 1 0 -1 0 0 3622.DAT
0 STEP
1 86 1200.0 -1368 260.0 -1 0 0 0 1 0 0 0 -1 3001.DAT
0 STEP
1 86 1170.0 -864 320.0 0 0 1 0 1 0 -1 0 0 3010.DAT
0 STEP
1 86 1200.0 -936 290.0 -1 0 0 0 1 0 0 0 -1 3010.DAT
0 STEP
1 86 1170.0 -960 300.0 0 0 1 0 1 0 -1 0 0 3004.DAT
0 STEP
1 86 1200.0 -1176 290.0 -1 0 0 0 1 0 0 0 -1 3010.DAT
0 STEP
1 86 1180.0 -1248 310.0 0 0 1 0 1 0 -1 0 0 3002.DAT
0 STEP
1 86 1170.0 -1296 290.0 0 0 1 0 1 0 -1 0 0 3005.DAT
0 STEP
1 86 1170.0 -1320 290.0 0 0 1 0 1 0 -1 0 0 3005.DAT
0 STEP
1 86 1180.0 -1344 310.0 0 0 1 0 1 0 -1 0 0 3002.DAT
0 STEP
1 86 1200.0 -888 320.0 -1 0 0 0 1 0 0 0 -1 3001.DAT
0 STEP
1 86 1200.0 -936 320.0 -1 0 0 0 1 0 0 0 -1 3001.DAT
0 STEP
1 86 1200.0 -1296 320.0 -1 0 0 0 1 0 0 0 -1 3001.DAT
0 STEP
1 86 1170.0 -1368 310.0 0 0 1 0 1 0 -1 0 0 3005.DAT
0 STEP
1 86 1200.0 -1032 330.0 -1 0 0 0 1 0 0 0 -1 3010.DAT
0 STEP
1 86 1200.0 -1368 330.0 -1 0 0 0 1 0 0 0 -1 3010.DAT
0 STEP
1 86 1170.0 -888 380.0 0 0 1 0 1 0 -1 0 0 3010.DAT
0 STEP
1 86 1170.0 -864 370.0 0 0 1 0 1 0 -1 0 0 3005.DAT
0 STEP
1 86 1200.0 -864 420.0 -1 0 0 0 1 0 0 0 -1 3001.DAT
0 STEP
1 86 1170.0 -888 430.0 0 0 1 0 1 0 -1 0 0 3005.DAT
0 STEP
1 86 1180.0 -888 500.0 0 0 1 0 1 0 -1 0 0 3001.DAT
0 STEP
1 86 1170.0 -936 520.0 0 0 1 0 1 0 -1 0 0 3010.DAT
0 STEP
1 86 1170.0 -912 620.0 0 0 1 0 1 0 -1 0 0 3009.DAT
0 STEP
1 86 1170.0 -936 570.0 0 0 1 0 1 0 -1 0 0 3005.DAT
0 STEP
1 86 1200.0 -888 600.0 -1 0 0 0 1 0 0 0 -1 3001.DAT
0 STEP
1 86 1170.0 -888 660.0 0 0 1 0 1 0 -1 0 0 3010.DAT
0 STEP
1 86 1190.0 -48 80.0 0 0 1 0 1 0 -1 0 0 3008.DAT
0 STEP
1 86 1190.0 -96 30.0 0 0 1 0 1 0 -1 0 0 3622.DAT
0 STEP
1 86 1200.0 -144 30.0 0 0 1 0 1 0 -1 0 0 3002.DAT
0 STEP
1 86 1200.0 -264 30.0 0 0 1 0 1 0 -1 0 0 3002.DAT
0 STEP
1 86 1200.0 -360 30.0 0 0 1 0 1 0 -1 0 0 3002.DAT
0 STEP
1 86 1280.0 -408 20.0 -1 0 0 0 1 0 0 0 -1 3006.DAT
0 STEP
1 86 1200.0 -432 30.0 0 0 1 0 1 0 -1 0 0 3002.DAT
0 STEP
1 86 1190.0 -552 10.0 0 0 1 0 1 0 -1 0 0 3005.DAT
0 STEP
1 86 1220.0 -672 20.0 -1 0 0 0 1 0 0 0 -1 3001.DAT
0 STEP
1 86 1190.0 -696 10.0 0 0 1 0 1 0 -1 0 0 3005.DAT
0 STEP
1 86 1260.0 -720 10.0 -1 0 0 0 1 0 0 0 -1 3008.DAT
0 STEP
1 86 1200.0 -792 20.0 0 0 1 0 1 0 -1 0 0 3003.DAT
0 STEP
1 86 1190.0 -840 10.0 0 0 1 0 1 0 -1 0 0 3005.DAT
0 STEP
1 86 1190.0 -936 10.0 0 0 1 0 1 0 -1 0 0 3005.DAT
0 STEP
1 86 1240.0 -1008 20.0 -1 0 0 0 1 0 0 0 -1 2456.DAT
0 STEP
1 86 1260.0 -1080 10.0 -1 0 0 0 1 0 0 0 -1 3008.DAT
0 STEP
1 86 1190.0 -1200 30.0 0 0 1 0 1 0 -1 0 0 3622.DAT
0 STEP
1 86 1190.0 -1248 30.0 0 0 1 0 1 0 -1 0 0 3622.DAT
0 STEP
1 86 1200.0 -1296 30.0 0 0 1 0 1 0 -1 0 0 3002.DAT
0 STEP
1 86 1200.0 -1344 30.0 0 0 1 0 1 0 -1 0 0 3002.DAT
0 STEP
1 86 1200.0 -1392 30.0 0 0 1 0 1 0 -1 0 0 3002.DAT
0 STEP
1 86 1260.0 -1464 20.0 -1 0 0 0 1 0 0 0 -1 3007.DAT
0 STEP
1 86 1200.0 -1512 30.0 0 0 1 0 1 0 -1 0 0 3002.DAT
0 STEP
1 86 1200.0 -1632 30.0 0 0 1 0 1 0 -1 0 0 3002.DAT
0 STEP
1 86 1200.0 -1680 30.0 0 0 1 0 1 0 -1 0 0 3002.DAT
0 STEP
1 86 1190.0 -1752 10.0 0 0 1 0 1 0 -1 0 0 3005.DAT
0 STEP
1 86 1200.0 -24 60.0 0 0 1 0 1 0 -1 0 0 3001.DAT
0 STEP
1 86 1220.0 -456 30.0 -1 0 0 0 1 0 0 0 -1 3010.DAT
0 STEP
1 86 1220.0 -1080 40.0 -1 0 0 0 1 0 0 0 -1 3001.DAT
0 STEP
1 86 1220.0 -1536 30.0 -1 0 0 0 1 0 0 0 -1 3010.DAT
0 STEP
1 86 1220.0 -1728 30.0 -1 0 0 0 1 0 0 0 -1 3010.DAT
0 STEP
1 86 1240.0 -168 50.0 -1 0 0 0 1 0 0 0 -1 3009.DAT
0 STEP
1 86 1190.0 -336 50.0 0 0 1 0 1 0 -1 0 0 3005.DAT
0 STEP
1 86 1220.0 -408 50.0 -1 0 0 0 1 0 0 0 -1 3010.DAT
0 STEP
1 86 1260.0 -672 50.0 -1 0 0 0 1 0 0 0 -1 3008.DAT
0 STEP
1 86 1240.0 -768 50.0 -1 0 0 0 1 0 0 0 -1 3009.DAT
0 STEP
1 86 1190.0 -888 50.0 0 0 1 0 1 0 -1 0 0 3005.DAT
0 STEP
1 86 1190.0 -936 50.0 0 0 1 0 1 0 -1 0 0 3005.DAT
0 STEP
1 86 1190.0 -1032 50.0 0 0 1 0 1 0 -1 0 0 3005.DAT
0 STEP
1 86 1240.0 -1272 50.0 -1 0 0 0 1 0 0 0 -1 3009.DAT
0 STEP
1 86 1190.0 -1440 50.0 0 0 1 0 1 0 -1 0 0 3005.DAT
0 STEP
1 86 1260.0 -1464 50.0 -1 0 0 0 1 0 0 0 -1 3008.DAT
0 STEP
1 86 1200.0 -1704 70.0 0 0 1 0 1 0 -1 0 0 3002.DAT
0 STEP
1 86 1200.0 -1752 120.0 0 0 1 0 1 0 -1 0 0 3001.DAT
0 STEP
1 86 1200.0 0 140.0 0 0 1 0 1 0 -1 0 0 3001.DAT
0 STEP
1 86 1200.0 -24 110.0 -1 0 0 0 1 0 0 0 -1 3004.DAT
0 STEP
1 86 1200.0 -1704 140.0 0 0 1 0 1 0 -1 0 0 3001.DAT
0 STEP
1 86 1220.0 -24 130.0 -1 0 0 0 1 0 0 0 -1 3010.DAT
0 STEP
1 86 1220.0 -24 160.0 -1 0 0 0 1 0 0 0 -1 3001.DAT
0 STEP
1 86 1190.0 -48 170.0 0 0 1 0 1 0 -1 0 0 3005.DAT
0 STEP
1 86 1200.0 -96 190.0 0 0 1 0 1 0 -1 0 0 3002.DAT
0 STEP
1 86 1200.0 -144 190.0 0 0 1 0 1 0 -1 0 0 3002.DAT
0 STEP
1 86 1200.0 -240 190.0 0 0 1 0 1 0 -1 0 0 3002.DAT
0 STEP
1 86 1200.0 -288 190.0 0 0 1 0 1 0 -1 0 0 3002.DAT
0 STEP
1 86 1200.0 -336 190.0 0 0 1 0 1 0 -1 0 0 3002.DAT
0 STEP
1 86 1220.0 -408 180.0 -1 0 0 0 1 0 0 0 -1 3001.DAT
0 STEP
1 86 1190.0 -432 190.0 0 0 1 0 1 0 -1 0 0 3622.DAT
0 STEP
1 86 1190.0 -504 190.0 0 0 1 0 1 0 -1 0 0 3622.DAT
0 STEP
1 86 1220.0 -576 180.0 -1 0 0 0 1 0 0 0 -1 3001.DAT
0 STEP
1 86 1220.0 -624 170.0 -1 0 0 0 1 0 0 0 -1 3010.DAT
0 STEP
1 86 1190.0 -720 170.0 0 0 1 0 1 0 -1 0 0 3005.DAT
0 STEP
1 86 1220.0 -744 180.0 -1 0 0 0 1 0 0 0 -1 3001.DAT
0 STEP
1 86 1200.0 -768 190.0 0 0 1 0 1 0 -1 0 0 3002.DAT
0 STEP
1 86 1200.0 -816 190.0 0 0 1 0 1 0 -1 0 0 3002.DAT
0 STEP
1 86 1220.0 -1416 180.0 -1 0 0 0 1 0 0 0 -1 3001.DAT
0 STEP
1 86 1220.0 -1464 180.0 -1 0 0 0 1 0 0 0 -1 3001.DAT
0 STEP
1 86 1190.0 -1512 190.0 0 0 1 0 1 0 -1 0 0 3622.DAT
0 STEP
1 86 1220.0 -1560 170.0 -1 0 0 0 1 0 0 0 -1 3010.DAT
0 STEP
1 86 1190.0 -1608 190.0 0 0 1 0 1 0 -1 0 0 3622.DAT
0 STEP
1 86 1190.0 -1632 190.0 0 0 1 0 1 0 -1 0 0 3622.DAT
0 STEP
1 86 1260.0 0 190.0 -1 0 0 0 1 0 0 0 -1 3008.DAT
0 STEP
1 86 1190.0 -24 200.0 0 0 1 0 1 0 -1 0 0 3004.DAT
0 STEP
1 86 1190.0 -192 190.0 0 0 1 0 1 0 -1 0 0 3005.DAT
0 STEP
1 86 1190.0 -264 190.0 0 0 1 0 1 0 -1 0 0 3005.DAT
0 STEP
1 86 1260.0 -360 190.0 -1 0 0 0 1 0 0 0 -1 3008.DAT
0 STEP
1 86 1220.0 -624 200.0 -1 0 0 0 1 0 0 0 -1 3001.DAT
0 STEP
1 86 1260.0 -672 190.0 -1 0 0 0 1 0 0 0 -1 3008.DAT
0 STEP
1 86 1200.0 -1704 190.0 -1 0 0 0 1 0 0 0 -1 3004.DAT
0 STEP
1 86 1220.0 -216 210.0 -1 0 0 0 1 0 0 0 -1 3010.DAT
0 STEP
1 86 1260.0 -408 210.0 -1 0 0 0 1 0 0 0 -1 3008.DAT
0 STEP
1 86 1190.0 -672 210.0 0 0 1 0 1 0 -1 0 0 3005.DAT
0 STEP
1 86 1220.0 -744 210.0 -1 0 0 0 1 0 0 0 -1 3010.DAT
0 STEP
1 86 1190.0 -888 210.0 0 0 1 0 1 0 -1 0 0 3005.DAT
0 STEP
1 86 1200.0 -1320 260.0 0 0 1 0 1 0 -1 0 0 2456.DAT
0 STEP
1 86 1190.0 -1440 210.0 0 0 1 0 1 0 -1 0 0 3005.DAT
0 STEP
1 86 1260.0 -888 230.0 -1 0 0 0 1 0 0 0 -1 3008.DAT
0 STEP
1 86 1200.0 -912 280.0 0 0 1 0 1 0 -1 0 0 3001.DAT
0 STEP
1 86 1190.0 -864 340.0 0 0 1 0 1 0 -1 0 0 3009.DAT
0 STEP
1 86 1190.0 -960 310.0 0 0 1 0 1 0 -1 0 0 3622.DAT
0 STEP
1 86 1190.0 -1008 290.0 0 0 1 0 1 0 -1 0 0 3005.DAT
0 STEP
1 86 1190.0 -1056 310.0 0 0 1 0 1 0 -1 0 0 3622.DAT
0 STEP
1 86 1200.0 -1104 310.0 0 0 1 0 1 0 -1 0 0 3002.DAT
0 STEP
1 86 1220.0 -1152 290.0 -1 0 0 0 1 0 0 0 -1 3010.DAT
0 STEP
1 86 1240.0 -1224 290.0 -1 0 0 0 1 0 0 0 -1 3009.DAT
0 STEP
1 86 1240.0 -1296 290.0 -1 0 0 0 1 0 0 0 -1 3009.DAT
0 STEP
1 86 1240.0 -1008 320.0 -1 0 0 0 1 0 0 0 -1 2456.DAT
0 STEP
1 86 1210.0 -1032 310.0 -1 0 0 0 1 0 0 0 -1 3622.DAT
0 STEP
1 86 1190.0 -1152 320.0 0 0 1 0 1 0 -1 0 0 3004.DAT
0 STEP
1 86 1240.0 -1224 320.0 -1 0 0 0 1 0 0 0 -1 2456.DAT
0 STEP
1 86 1240.0 -1368 310.0 -1 0 0 0 1 0 0 0 -1 3009.DAT
0 STEP
1 86 1190.0 -912 330.0 0 0 1 0 1 0 -1 0 0 3005.DAT
0 STEP
1 86 1200.0 -1320 330.0 -1 0 0 0 1 0 0 0 -1 3004.DAT
0 STEP
1 86 1190.0 -888 400.0 0 0 1 0 1 0 -1 0 0 3009.DAT
0 STEP
1 86 1220.0 -912 410.0 -1 0 0 0 1 0 0 0 -1 3010.DAT
0 STEP
1 86 1220.0 -912 440.0 -1 0 0 0 1 0 0 0 -1 3001.DAT
0 STEP
1 86 1220.0 -912 470.0 -1 0 0 0 1 0 0 0 -1 3010.DAT
0 STEP
1 86 1210.0 -936 500.0 -1 0 0 0 1 0 0 0 -1 3002.DAT
0 STEP
1 86 1190.0 -960 520.0 0 0 1 0 1 0 -1 0 0 3010.DAT
0 STEP
1 86 1190.0 -864 560.0 0 0 1 0 1 0 -1 0 0 3010.DAT
0 STEP
1 86 1210.0 -936 530.0 -1 0 0 0 1 0 0 0 -1 3622.DAT
0 STEP
1 86 1220.0 -936 550.0 -1 0 0 0 1 0 0 0 -1 3010.DAT
0 STEP
1 86 1210.0 -912 570.0 -1 0 0 0 1 0 0 0 -1 3622.DAT
0 STEP
1 86 1200.0 -936 600.0 0 0 1 0 1 0 -1 0 0 3001.DAT
0 STEP
1 86 1220.0 -912 590.0 -1 0 0 0 1 0 0 0 -1 3010.DAT
0 STEP
1 86 1190.0 -864 610.0 0 0 1 0 1 0 -1 0 0 3005.DAT
0 STEP
1 86 1190.0 -912 640.0 0 0 1 0 1 0 -1 0 0 3010.DAT
0 STEP
1 86 1190.0 -864 660.0 0 0 1 0 1 0 -1 0 0 3010.DAT
0 STEP
1 86 1210.0 -888 630.0 -1 0 0 0 1 0 0 0 -1 3622.DAT
0 STEP
1 86 1220.0 -888 650.0 -1 0 0 0 1 0 0 0 -1 3010.DAT
0 STEP
1 86 1220.0 -888 680.0 -1 0 0 0 1 0 0 0 -1 3001.DAT
0 STEP
1 86 1220.0 -48 40.0 0 0 1 0 1 0 -1 0 0 3001.DAT
0 STEP
1 86 1240.0 -96 20.0 -1 0 0 0 1 0 0 0 -1 3001.DAT
0 STEP
1 86 1220.0 -192 30.0 0 0 1 0 1 0 -1 0 0 3002.DAT
0 STEP
1 86 1240.0 -216 10.0 -1 0 0 0 1 0 0 0 -1 3010.DAT
0 STEP
1 86 1210.0 -288 10.0 0 0 1 0 1 0 -1 0 0 3005.DAT
0 STEP
1 86 1210.0 -480 20.0 0 0 1 0 1 0 -1 0 0 3004.DAT
0 STEP
1 86 1220.0 -528 30.0 0 0 1 0 1 0 -1 0 0 3002.DAT
0 STEP
1 86 1240.0 -552 10.0 -1 0 0 0 1 0 0 0 -1 3010.DAT
0 STEP
1 86 1220.0 -576 30.0 0 0 1 0 1 0 -1 0 0 3002.DAT
0 STEP
1 86 1260.0 -624 20.0 -1 0 0 0 1 0 0 0 -1 2456.DAT
0 STEP
1 86 1220.0 -648 30.0 0 0 1 0 1 0 -1 0 0 3002.DAT
0 STEP
1 86 1220.0 -696 30.0 0 0 1 0 1 0 -1 0 0 3002.DAT
0 STEP
1 86 1220.0 -744 30.0 0 0 1 0 1 0 -1 0 0 3002.DAT
0 STEP
1 86 1240.0 -816 10.0 -1 0 0 0 1 0 0 0 -1 3010.DAT
0 STEP
1 86 1220.0 -840 30.0 0 0 1 0 1 0 -1 0 0 3002.DAT
0 STEP
1 86 1220.0 -888 30.0 0 0 1 0 1 0 -1 0 0 3002.DAT
0 STEP
1 86 1210.0 -936 30.0 0 0 1 0 1 0 -1 0 0 3622.DAT
0 STEP
1 86 1220.0 -984 30.0 0 0 1 0 1 0 -1 0 0 3002.DAT
0 STEP
1 86 1220.0 -1032 30.0 0 0 1 0 1 0 -1 0 0 3002.DAT
0 STEP
1 86 1210.0 -1056 30.0 0 0 1 0 1 0 -1 0 0 3622.DAT
0 STEP
1 86 1210.0 -1104 10.0 0 0 1 0 1 0 -1 0 0 3005.DAT
0 STEP
1 86 1260.0 -1128 20.0 -1 0 0 0 1 0 0 0 -1 2456.DAT
0 STEP
1 86 1220.0 -1200 30.0 0 0 1 0 1 0 -1 0 0 3002.DAT
0 STEP
1 86 1220.0 -1248 10.0 -1 0 0 0 1 0 0 0 -1 3004.DAT
0 STEP
1 86 1220.0 -1440 30.0 0 0 1 0 1 0 -1 0 0 3002.DAT
0 STEP
1 86 1210.0 -1560 30.0 0 0 1 0 1 0 -1 0 0 3622.DAT
0 STEP
1 86 1280.0 -1704 10.0 -1 0 0 0 1 0 0 0 -1 3008.DAT
0 STEP
1 86 1240.0 -1752 20.0 -1 0 0 0 1 0 0 0 -1 3001.DAT
0 STEP
1 86 1210.0 -216 40.0 0 0 1 0 1 0 -1 0 0 3004.DAT
0 STEP
1 86 1240.0 -816 40.0 -1 0 0 0 1 0 0 0 -1 3001.DAT
0 STEP
1 86 1280.0 -1176 30.0 -1 0 0 0 1 0 0 0 -1 3008.DAT
0 STEP
1 86 1230.0 -1248 40.0 -1 0 0 0 1 0 0 0 -1 3002.DAT
0 STEP
1 86 1240.0 -96 50.0 -1 0 0 0 1 0 0 0 -1 3010.DAT
0 STEP
1 86 1210.0 -288 50.0 0 0 1 0 1 0 -1 0 0 3005.DAT
0 STEP
1 86 1240.0 -336 50.0 -1 0 0 0 1 0 0 0 -1 3010.DAT
0 STEP
1 86 1260.0 -480 50.0 -1 0 0 0 1 0 0 0 -1 3009.DAT
0 STEP
1 86 1240.0 -552 50.0 -1 0 0 0 1 0 0 0 -1 3010.DAT
0 STEP
1 86 1260.0 -624 50.0 -1 0 0 0 1 0 0 0 -1 3009.DAT
0 STEP
1 86 1280.0 -720 50.0 -1 0 0 0 1 0 0 0 -1 3008.DAT
0 STEP
1 86 1260.0 -1128 50.0 -1 0 0 0 1 0 0 0 -1 3009.DAT
0 STEP
1 86 1240.0 -1608 50.0 -1 0 0 0 1 0 0 0 -1 3010.DAT
0 STEP
1 86 1230.0 -1728 60.0 -1 0 0 0 1 0 0 0 -1 3002.DAT
0 STEP
1 86 1210.0 -48 90.0 0 0 1 0 1 0 -1 0 0 3005.DAT
0 STEP
1 86 1240.0 -48 120.0 -1 0 0 0 1 0 0 0 -1 3001.DAT
0 STEP
1 86 1280.0 -1728 120.0 -1 0 0 0 1 0 0 0 -1 3007.DAT
0 STEP
1 86 1210.0 -48 180.0 0 0 1 0 1 0 -1 0 0 3010.DAT
0 STEP
1 86 1240.0 -1728 160.0 -1 0 0 0 1 0 0 0 -1 3001.DAT
0 STEP
1 86 1220.0 -192 190.0 0 0 1 0 1 0 -1 0 0 3002.DAT
0 STEP
1 86 1210.0 -384 170.0 0 0 1 0 1 0 -1 0 0 3005.DAT
0 STEP
1 86 1240.0 -432 170.0 -1 0 0 0 1 0 0 0 -1 3010.DAT
0 STEP
1 86 1210.0 -456 190.0 0 0 1 0 1 0 -1 0 0 3622.DAT
0 STEP
1 86 1220.0 -504 190.0 0 0 1 0 1 0 -1 0 0 3002.DAT
0 STEP
1 86 1220.0 -552 190.0 0 0 1 0 1 0 -1 0 0 3002.DAT
0 STEP
1 86 1220.0 -648 190.0 0 0 1 0 1 0 -1 0 0 3002.DAT
0 STEP
1 86 1240.0 -672 170.0 -1 0 0 0 1 0 0 0 -1 3010.DAT
0 STEP
1 86 1220.0 -696 190.0 0 0 1 0 1 0 -1 0 0 3002.DAT
0 STEP
1 86 1260.0 -720 170.0 -1 0 0 0 1 0 0 0 -1 3009.DAT
0 STEP
1 86 1210.0 -840 170.0 0 0 1 0 1 0 -1 0 0 3005.DAT
0 STEP
1 86 1240.0 -1392 170.0 -1 0 0 0 1 0 0 0 -1 3010.DAT
0 STEP
1 86 1260.0 -1512 180.0 -1 0 0 0 1 0 0 0 -1 2456.DAT
0 STEP
1 86 1280.0 -1608 170.0 -1 0 0 0 1 0 0 0 -1 3008.DAT
0 STEP
1 86 1220.0 -1632 190.0 0 0 1 0 1 0 -1 0 0 3002.DAT
0 STEP
1 86 1210.0 -1680 180.0 0 0 1 0 1 0 -1 0 0 3004.DAT
0 STEP
1 86 1230.0 -24 190.0 -1 0 0 0 1 0 0 0 -1 3622.DAT
0 STEP
1 86 1240.0 -264 190.0 -1 0 0 0 1 0 0 0 -1 3010.DAT
0 STEP
1 86 1230.0 -312 200.0 -1 0 0 0 1 0 0 0 -1 3002.DAT
0 STEP
1 86 1240.0 -432 200.0 -1 0 0 0 1 0 0 0 -1 3001.DAT
0 STEP
1 86 1210.0 -720 190.0 0 0 1 0 1 0 -1 0 0 3005.DAT
0 STEP
1 86 1240.0 -840 190.0 -1 0 0 0 1 0 0 0 -1 3010.DAT
0 STEP
1 86 1280.0 -1392 200.0 -1 0 0 0 1 0 0 0 -1 3007.DAT
0 STEP
1 86 1210.0 -1440 200.0 0 0 1 0 1 0 -1 0 0 3004.DAT
0 STEP
1 86 1210.0 -1560 200.0 0 0 1 0 1 0 -1 0 0 3004.DAT
0 STEP
1 86 1210.0 -1608 190.0 0 0 1 0 1 0 -1 0 0 3005.DAT
0 STEP
1 86 1240.0 -1728 200.0 -1 0 0 0 1 0 0 0 -1 3001.DAT
0 STEP
1 86 1240.0 -24 210.0 -1 0 0 0 1 0 0 0 -1 3010.DAT
0 STEP
1 86 1260.0 -72 210.0 -1 0 0 0 1 0 0 0 -1 3009.DAT
0 STEP
1 86 1280.0 -672 210.0 -1 0 0 0 1 0 0 0 -1 3008.DAT
0 STEP
1 86 1220.0 -864 240.0 0 0 1 0 1 0 -1 0 0 3001.DAT
0 STEP
1 86 1280.0 -888 210.0 -1 0 0 0 1 0 0 0 -1 3008.DAT
0 STEP
1 86 1210.0 -1512 210.0 0 0 1 0 1 0 -1 0 0 3005.DAT
0 STEP
1 86 1280.0 -1608 210.0 -1 0 0 0 1 0 0 0 -1 3008.DAT
0 STEP
1 86 1240.0 -1680 210.0 -1 0 0 0 1 0 0 0 -1 3010.DAT
0 STEP
1 86 1260.0 -888 250.0 -1 0 0 0 1 0 0 0 -1 3009.DAT
0 STEP
1 86 1210.0 -1344 270.0 0 0 1 0 1 0 -1 0 0 3622.DAT
0 STEP
1 86 1210.0 -888 270.0 0 0 1 0 1 0 -1 0 0 3005.DAT
0 STEP
1 86 1210.0 -864 320.0 0 0 1 0 1 0 -1 0 0 3010.DAT
0 STEP
1 86 1240.0 -960 300.0 -1 0 0 0 1 0 0 0 -1 3001.DAT
0 STEP
1 86 1240.0 -1008 290.0 -1 0 0 0 1 0 0 0 -1 3010.DAT
0 STEP
1 86 1220.0 -1056 310.0 0 0 1 0 1 0 -1 0 0 3002.DAT
0 STEP
1 86 1210.0 -1080 300.0 0 0 1 0 1 0 -1 0 0 3004.DAT
0 STEP
1 86 1210.0 -1200 310.0 0 0 1 0 1 0 -1 0 0 3622.DAT
0 STEP
1 86 1220.0 -1248 310.0 0 0 1 0 1 0 -1 0 0 3002.DAT
0 STEP
1 86 1240.0 -1152 310.0 -1 0 0 0 1 0 0 0 -1 3010.DAT
0 STEP
1 86 1240.0 -1272 310.0 -1 0 0 0 1 0 0 0 -1 3010.DAT
0 STEP
1 86 1240.0 -1344 310.0 -1 0 0 0 1 0 0 0 -1 3010.DAT
0 STEP
1 86 1210.0 -912 360.0 0 0 1 0 1 0 -1 0 0 3010.DAT
0 STEP
1 86 1240.0 -960 330.0 -1 0 0 0 1 0 0 0 -1 3010.DAT
0 STEP
1 86 1210.0 -1152 330.0 0 0 1 0 1 0 -1 0 0 3005.DAT
0 STEP
1 86 1210.0 -1272 330.0 0 0 1 0 1 0 -1 0 0 3005.DAT
0 STEP
1 86 1210.0 -1344 330.0 0 0 1 0 1 0 -1 0 0 3005.DAT
0 STEP
1 86 1210.0 -888 380.0 0 0 1 0 1 0 -1 0 0 3010.DAT
0 STEP
1 86 1230.0 -864 370.0 -1 0 0 0 1 0 0 0 -1 3622.DAT
0 STEP
1 86 1220.0 -864 390.0 -1 0 0 0 1 0 0 0 -1 3004.DAT
0 STEP
1 86 1210.0 -888 480.0 0 0 1 0 1 0 -1 0 0 3009.DAT
0 STEP
1 86 1240.0 -960 490.0 -1 0 0 0 1 0 0 0 -1 3010.DAT
0 STEP
1 86 1210.0 -960 510.0 0 0 1 0 1 0 -1 0 0 3005.DAT
0 STEP
1 86 1210.0 -864 580.0 0 0 1 0 1 0 -1 0 0 3009.DAT
0 STEP
1 86 1240.0 -960 530.0 -1 0 0 0 1 0 0 0 -1 3010.DAT
0 STEP
1 86 1220.0 -960 560.0 0 0 1 0 1 0 -1 0 0 3003.DAT
0 STEP
1 86 1220.0 -912 640.0 0 0 1 0 1 0 -1 0 0 3001.DAT
0 STEP
1 86 1260.0 -864 650.0 -1 0 0 0 1 0 0 0 -1 3009.DAT
0 STEP
1 86 1240.0 -864 670.0 -1 0 0 0 1 0 0 0 -1 3010.DAT
0 STEP
1 86 1210.0 -864 690.0 0 0 1 0 1 0 -1 0 0 3005.DAT
0 STEP
1 86 1230.0 -144 30.0 0 0 1 0 1 0 -1 0 0 3622.DAT
0 STEP
1 86 1230.0 -168 10.0 0 0 1 0 1 0 -1 0 0 3005.DAT
0 STEP
1 86 1230.0 -264 10.0 0 0 1 0 1 0 -1 0 0 3005.DAT
0 STEP
1 86 1240.0 -288 30.0 0 0 1 0 1 0 -1 0 0 3002.DAT
0 STEP
1 86 1260.0 -360 10.0 -1 0 0 0 1 0 0 0 -1 3010.DAT
0 STEP
1 86 1230.0 -432 30.0 0 0 1 0 1 0 -1 0 0 3622.DAT
0 STEP
1 86 1260.0 -480 10.0 -1 0 0 0 1 0 0 0 -1 3010.DAT
0 STEP
1 86 1300.0 -768 10.0 -1 0 0 0 1 0 0 0 -1 3008.DAT
0 STEP
1 86 1240.0 -792 30.0 0 0 1 0 1 0 -1 0 0 3002.DAT
0 STEP
1 86 1240.0 -936 30.0 0 0 1 0 1 0 -1 0 0 3002.DAT
0 STEP
1 86 1260.0 -1056 20.0 -1 0 0 0 1 0 0 0 -1 3001.DAT
0 STEP
1 86 1240.0 -1104 30.0 0 0 1 0 1 0 -1 0 0 3002.DAT
0 STEP
1 86 1240.0 -1152 30.0 0 0 1 0 1 0 -1 0 0 3002.DAT
0 STEP
1 86 1240.0 -1296 30.0 0 0 1 0 1 0 -1 0 0 3002.DAT
0 STEP
1 86 1240.0 -1344 30.0 0 0 1 0 1 0 -1 0 0 3002.DAT
0 STEP
1 86 1240.0 -1392 30.0 0 0 1 0 1 0 -1 0 0 3002.DAT
0 STEP
1 86 1260.0 -1512 10.0 -1 0 0 0 1 0 0 0 -1 3010.DAT
0 STEP
1 86 1260.0 -1560 10.0 -1 0 0 0 1 0 0 0 -1 3010.DAT
0 STEP
1 86 1240.0 -1584 30.0 0 0 1 0 1 0 -1 0 0 3002.DAT
0 STEP
1 86 1240.0 -1632 30.0 0 0 1 0 1 0 -1 0 0 3002.DAT
0 STEP
1 86 1240.0 -1680 30.0 0 0 1 0 1 0 -1 0 0 3002.DAT
0 STEP
1 86 1240.0 -24 30.0 -1 0 0 0 1 0 0 0 -1 3004.DAT
0 STEP
1 86 1230.0 -216 30.0 0 0 1 0 1 0 -1 0 0 3005.DAT
0 STEP
1 86 1320.0 -264 40.0 -1 0 0 0 1 0 0 0 -1 3006.DAT
0 STEP
1 86 1240.0 -360 40.0 0 0 1 0 1 0 -1 0 0 3003.DAT
0 STEP
1 86 1230.0 -480 30.0 0 0 1 0 1 0 -1 0 0 3005.DAT
0 STEP
1 86 1250.0 -1224 30.0 -1 0 0 0 1 0 0 0 -1 3622.DAT
0 STEP
1 86 1260.0 -1512 40.0 -1 0 0 0 1 0 0 0 -1 3001.DAT
0 STEP
1 86 1260.0 -1560 40.0 -1 0 0 0 1 0 0 0 -1 3001.DAT
0 STEP
1 86 1230.0 -1704 30.0 0 0 1 0 1 0 -1 0 0 3005.DAT
0 STEP
1 86 1240.0 -24 80.0 0 0 1 0 1 0 -1 0 0 3001.DAT
0 STEP
1 86 1230.0 -120 50.0 0 0 1 0 1 0 -1 0 0 3005.DAT
0 STEP
1 86 1280.0 -216 50.0 -1 0 0 0 1 0 0 0 -1 3009.DAT
0 STEP
1 86 1240.0 -504 50.0 -1 0 0 0 1 0 0 0 -1 3004.DAT
0 STEP
1 86 1260.0 -1056 50.0 -1 0 0 0 1 0 0 0 -1 3010.DAT
0 STEP
1 86 1280.0 -1224 50.0 -1 0 0 0 1 0 0 0 -1 3009.DAT
0 STEP
1 86 1240.0 -1704 80.0 0 0 1 0 1 0 -1 0 0 3001.DAT
0 STEP
1 86 1230.0 0 70.0 0 0 1 0 1 0 -1 0 0 3005.DAT
0 STEP
1 86 1240.0 -1752 100.0 0 0 1 0 1 0 -1 0 0 3001.DAT
0 STEP
1 86 1260.0 -48 90.0 -1 0 0 0 1 0 0 0 -1 3010.DAT
0 STEP
1 86 1240.0 0 140.0 0 0 1 0 1 0 -1 0 0 3001.DAT
0 STEP
1 86 1240.0 -1704 150.0 0 0 1 0 1 0 -1 0 0 3002.DAT
0 STEP
1 86 1240.0 -48 180.0 0 0 1 0 1 0 -1 0 0 3001.DAT
0 STEP
1 86 1230.0 -1752 150.0 0 0 1 0 1 0 -1 0 0 3005.DAT
0 STEP
1 86 1240.0 -96 190.0 0 0 1 0 1 0 -1 0 0 3002.DAT
0 STEP
1 86 1240.0 -144 190.0 0 0 1 0 1 0 -1 0 0 3002.DAT
0 STEP
1 86 1240.0 -240 190.0 0 0 1 0 1 0 -1 0 0 3002.DAT
0 STEP
1 86 1250.0 -264 170.0 -1 0 0 0 1 0 0 0 -1 3622.DAT
0 STEP
1 86 1240.0 -288 190.0 0 0 1 0 1 0 -1 0 0 3002.DAT
0 STEP
1 86 1230.0 -336 190.0 0 0 1 0 1 0 -1 0 0 3622.DAT
0 STEP
1 86 1260.0 -384 170.0 -1 0 0 0 1 0 0 0 -1 3010.DAT
0 STEP
1 86 1240.0 -456 190.0 0 0 1 0 1 0 -1 0 0 3002.DAT
0 STEP
1 86 1300.0 -600 170.0 -1 0 0 0 1 0 0 0 -1 3008.DAT
0 STEP
1 86 1240.0 -768 190.0 0 0 1 0 1 0 -1 0 0 3002.DAT
0 STEP
1 86 1240.0 -816 190.0 0 0 1 0 1 0 -1 0 0 3002.DAT
0 STEP
1 86 1260.0 -840 170.0 -1 0 0 0 1 0 0 0 -1 3010.DAT
0 STEP
1 86 1280.0 -1368 170.0 -1 0 0 0 1 0 0 0 -1 3009.DAT
0 STEP
1 86 1230.0 -1440 180.0 0 0 1 0 1 0 -1 0 0 3004.DAT
0 STEP
1 86 1230.0 -1584 170.0 0 0 1 0 1 0 -1 0 0 3005.DAT
0 STEP
1 86 1260.0 -1680 180.0 -1 0 0 0 1 0 0 0 -1 3001.DAT
0 STEP
1 86 1260.0 -168 190.0 -1 0 0 0 1 0 0 0 -1 3010.DAT
0 STEP
1 86 1230.0 -216 190.0 0 0 1 0 1 0 -1 0 0 3005.DAT
0 STEP
1 86 1260.0 -384 200.0 -1 0 0 0 1 0 0 0 -1 3001.DAT
0 STEP
1 86 1230.0 -600 200.0 0 0 1 0 1 0 -1 0 0 3004.DAT
0 STEP
1 86 1280.0 -720 190.0 -1 0 0 0 1 0 0 0 -1 3009.DAT
0 STEP
1 86 1230.0 -864 190.0 0 0 1 0 1 0 -1 0 0 3005.DAT
0 STEP
1 86 1240.0 -1368 190.0 -1 0 0 0 1 0 0 0 -1 3004.DAT
0 STEP
1 86 1230.0 -1488 190.0 0 0 1 0 1 0 -1 0 0 3005.DAT
0 STEP
1 86 1260.0 -1560 190.0 -1 0 0 0 1 0 0 0 -1 3010.DAT
0 STEP
1 86 1280.0 -1608 190.0 -1 0 0 0 1 0 0 0 -1 3009.DAT
0 STEP
1 86 1240.0 -1704 200.0 0 0 1 0 1 0 -1 0 0 3003.DAT
0 STEP
1 86 1230.0 0 210.0 0 0 1 0 1 0 -1 0 0 3005.DAT
0 STEP
1 86 1250.0 -264 210.0 -1 0 0 0 1 0 0 0 -1 3622.DAT
0 STEP
1 86 1240.0 -1320 230.0 0 0 1 0 1 0 -1 0 0 3002.DAT
0 STEP
1 86 1260.0 -1440 210.0 -1 0 0 0 1 0 0 0 -1 3010.DAT
0 STEP
1 86 1260.0 -1512 210.0 -1 0 0 0 1 0 0 0 -1 3010.DAT
0 STEP
1 86 1230.0 -1560 210.0 0 0 1 0 1 0 -1 0 0 3005.DAT
0 STEP
1 86 1230.0 -936 230.0 0 0 1 0 1 0 -1 0 0 3005.DAT
0 STEP
1 86 1250.0 -960 230.0 -1 0 0 0 1 0 0 0 -1 3622.DAT
0 STEP
1 86 1230.0 -984 230.0 0 0 1 0 1 0 -1 0 0 3005.DAT
0 STEP
1 86 1250.0 -1008 230.0 -1 0 0 0 1 0 0 0 -1 3622.DAT
0 STEP
1 86 1230.0 -1032 230.0 0 0 1 0 1 0 -1 0 0 3005.DAT
0 STEP
1 86 1250.0 -1056 230.0 -1 0 0 0 1 0 0 0 -1 3622.DAT
0 STEP
1 86 1230.0 -1080 230.0 0 0 1 0 1 0 -1 0 0 3005.DAT
0 STEP
1 86 1250.0 -1104 230.0 -1 0 0 0 1 0 0 0 -1 3622.DAT
0 STEP
1 86 1230.0 -1128 230.0 0 0 1 0 1 0 -1 0 0 3005.DAT
0 STEP
1 86 1250.0 -1152 230.0 -1 0 0 0 1 0 0 0 -1 3622.DAT
0 STEP
1 86 1230.0 -1176 230.0 0 0 1 0 1 0 -1 0 0 3005.DAT
0 STEP
1 86 1240.0 -1200 230.0 -1 0 0 0 1 0 0 0 -1 3004.DAT
0 STEP
1 86 1230.0 -1224 230.0 0 0 1 0 1 0 -1 0 0 3005.DAT
0 STEP
1 86 1250.0 -1248 230.0 -1 0 0 0 1 0 0 0 -1 3622.DAT
0 STEP
1 86 1230.0 -1272 230.0 0 0 1 0 1 0 -1 0 0 3005.DAT
0 STEP
1 86 1230.0 -912 280.0 0 0 1 0 1 0 -1 0 0 3010.DAT
0 STEP
1 86 1260.0 -1344 260.0 -1 0 0 0 1 0 0 0 -1 3001.DAT
0 STEP
1 86 1280.0 -888 270.0 -1 0 0 0 1 0 0 0 -1 3009.DAT
0 STEP
1 86 1240.0 -1320 300.0 0 0 1 0 1 0 -1 0 0 3001.DAT
0 STEP
1 86 1250.0 -864 300.0 -1 0 0 0 1 0 0 0 -1 3002.DAT
0 STEP
1 86 1230.0 -888 290.0 0 0 1 0 1 0 -1 0 0 3005.DAT
0 STEP
1 86 1230.0 -984 310.0 0 0 1 0 1 0 -1 0 0 3622.DAT
0 STEP
1 86 1260.0 -1080 300.0 -1 0 0 0 1 0 0 0 -1 3001.DAT
0 STEP
1 86 1230.0 -1104 310.0 0 0 1 0 1 0 -1 0 0 3622.DAT
0 STEP
1 86 1240.0 -1200 310.0 0 0 1 0 1 0 -1 0 0 3002.DAT
0 STEP
1 86 1260.0 -1344 290.0 -1 0 0 0 1 0 0 0 -1 3010.DAT
0 STEP
1 86 1230.0 -1368 290.0 0 0 1 0 1 0 -1 0 0 3005.DAT
0 STEP
1 86 1250.0 -864 340.0 -1 0 0 0 1 0 0 0 -1 3002.DAT
0 STEP
1 86 1250.0 -912 330.0 -1 0 0 0 1 0 0 0 -1 3622.DAT
0 STEP
1 86 1260.0 -1152 330.0 -1 0 0 0 1 0 0 0 -1 3010.DAT
0 STEP
1 86 1260.0 -1272 330.0 -1 0 0 0 1 0 0 0 -1 3010.DAT
0 STEP
1 86 1260.0 -1344 330.0 -1 0 0 0 1 0 0 0 -1 3010.DAT
0 STEP
1 86 1230.0 -888 420.0 0 0 1 0 1 0 -1 0 0 3008.DAT
0 STEP
1 86 1260.0 -912 360.0 -1 0 0 0 1 0 0 0 -1 3001.DAT
0 STEP
1 86 1260.0 -912 390.0 -1 0 0 0 1 0 0 0 -1 3010.DAT
0 STEP
1 86 1230.0 -864 470.0 0 0 1 0 1 0 -1 0 0 3622.DAT
0 STEP
1 86 1230.0 -912 520.0 0 0 1 0 1 0 -1 0 0 3010.DAT
0 STEP
1 86 1230.0 -888 520.0 0 0 1 0 1 0 -1 0 0 3004.DAT
0 STEP
1 86 1260.0 -960 510.0 -1 0 0 0 1 0 0 0 -1 3010.DAT
0 STEP
1 86 1240.0 -864 560.0 0 0 1 0 1 0 -1 0 0 3001.DAT
0 STEP
1 86 1240.0 -936 600.0 0 0 1 0 1 0 -1 0 0 3001.DAT
0 STEP
1 86 1240.0 -864 610.0 -1 0 0 0 1 0 0 0 -1 3004.DAT
0 STEP
1 86 1260.0 -864 630.0 -1 0 0 0 1 0 0 0 -1 3010.DAT
0 STEP
1 86 1260.0 -864 690.0 -1 0 0 0 1 0 0 0 -1 3010.DAT
0 STEP
1 86 1260.0 -48 40.0 0 0 1 0 1 0 -1 0 0 3001.DAT
0 STEP
1 86 1280.0 -120 10.0 -1 0 0 0 1 0 0 0 -1 3010.DAT
0 STEP
1 86 1260.0 -144 30.0 0 0 1 0 1 0 -1 0 0 3002.DAT
0 STEP
1 86 1280.0 -168 10.0 -1 0 0 0 1 0 0 0 -1 3010.DAT
0 STEP
1 86 1250.0 -192 30.0 0 0 1 0 1 0 -1 0 0 3622.DAT
0 STEP
1 86 1280.0 -264 10.0 -1 0 0 0 1 0 0 0 -1 3010.DAT
0 STEP
1 86 1280.0 -312 10.0 -1 0 0 0 1 0 0 0 -1 3010.DAT
0 STEP
1 86 1260.0 -384 30.0 0 0 1 0 1 0 -1 0 0 3002.DAT
0 STEP
1 86 1260.0 -432 30.0 0 0 1 0 1 0 -1 0 0 3002.DAT
0 STEP
1 86 1250.0 -456 10.0 0 0 1 0 1 0 -1 0 0 3005.DAT
0 STEP
1 86 1280.0 -528 20.0 -1 0 0 0 1 0 0 0 -1 3001.DAT
0 STEP
1 86 1280.0 -576 20.0 -1 0 0 0 1 0 0 0 -1 3001.DAT
0 STEP
1 86 1260.0 -648 30.0 0 0 1 0 1 0 -1 0 0 3002.DAT
0 STEP
1 86 1250.0 -696 30.0 0 0 1 0 1 0 -1 0 0 3622.DAT
0 STEP
1 86 1260.0 -744 30.0 0 0 1 0 1 0 -1 0 0 3002.DAT
0 STEP
1 86 1260.0 -840 30.0 0 0 1 0 1 0 -1 0 0 3002.DAT
0 STEP
1 86 1250.0 -888 30.0 0 0 1 0 1 0 -1 0 0 3622.DAT
0 STEP
1 86 1320.0 -960 10.0 -1 0 0 0 1 0 0 0 -1 3008.DAT
0 STEP
1 86 1260.0 -984 30.0 0 0 1 0 1 0 -1 0 0 3002.DAT
0 STEP
1 86 1260.0 -1032 30.0 0 0 1 0 1 0 -1 0 0 3002.DAT
0 STEP
1 86 1260.0 -1200 30.0 0 0 1 0 1 0 -1 0 0 3002.DAT
0 STEP
1 86 1320.0 -1248 10.0 -1 0 0 0 1 0 0 0 -1 3008.DAT
0 STEP
1 86 1260.0 -1440 30.0 0 0 1 0 1 0 -1 0 0 3002.DAT
0 STEP
1 86 1260.0 -1488 30.0 0 0 1 0 1 0 -1 0 0 3002.DAT
0 STEP
1 86 1250.0 -1536 10.0 0 0 1 0 1 0 -1 0 0 3005.DAT
0 STEP
1 86 1250.0 -1728 10.0 0 0 1 0 1 0 -1 0 0 3005.DAT
0 STEP
1 86 1250.0 -120 30.0 0 0 1 0 1 0 -1 0 0 3005.DAT
0 STEP
1 86 1300.0 -216 30.0 -1 0 0 0 1 0 0 0 -1 3009.DAT
0 STEP
1 86 1320.0 -312 30.0 -1 0 0 0 1 0 0 0 -1 3008.DAT
0 STEP
1 86 1280.0 -480 30.0 -1 0 0 0 1 0 0 0 -1 3010.DAT
0 STEP
1 86 1250.0 -960 30.0 0 0 1 0 1 0 -1 0 0 3005.DAT
0 STEP
1 86 1300.0 -1704 30.0 -1 0 0 0 1 0 0 0 -1 3009.DAT
0 STEP
1 86 1300.0 -120 50.0 -1 0 0 0 1 0 0 0 -1 3009.DAT
0 STEP
1 86 1250.0 -312 50.0 0 0 1 0 1 0 -1 0 0 3005.DAT
0 STEP
1 86 1280.0 -528 50.0 -1 0 0 0 1 0 0 0 -1 3010.DAT
0 STEP
1 86 1280.0 -576 50.0 -1 0 0 0 1 0 0 0 -1 3010.DAT
0 STEP
1 86 1250.0 -1536 50.0 0 0 1 0 1 0 -1 0 0 3005.DAT
0 STEP
1 86 1280.0 0 70.0 -1 0 0 0 1 0 0 0 -1 3010.DAT
0 STEP
1 86 1300.0 -1728 90.0 -1 0 0 0 1 0 0 0 -1 3009.DAT
0 STEP
1 86 1250.0 -1752 180.0 0 0 1 0 1 0 -1 0 0 3010.DAT
0 STEP
1 86 1300.0 -192 170.0 -1 0 0 0 1 0 0 0 -1 3009.DAT
0 STEP
1 86 1250.0 -216 180.0 0 0 1 0 1 0 -1 0 0 3004.DAT
0 STEP
1 86 1280.0 -336 180.0 -1 0 0 0 1 0 0 0 -1 3001.DAT
0 STEP
1 86 1250.0 -480 190.0 0 0 1 0 1 0 -1 0 0 3622.DAT
0 STEP
1 86 1280.0 -504 170.0 -1 0 0 0 1 0 0 0 -1 3010.DAT
0 STEP
1 86 1300.0 -552 180.0 -1 0 0 0 1 0 0 0 -1 2456.DAT
0 STEP
1 86 1280.0 -648 180.0 -1 0 0 0 1 0 0 0 -1 3001.DAT
0 STEP
1 86 1250.0 -696 190.0 0 0 1 0 1 0 -1 0 0 3622.DAT
0 STEP
1 86 1280.0 -1440 180.0 -1 0 0 0 1 0 0 0 -1 3001.DAT
0 STEP
1 86 1260.0 -1536 190.0 0 0 1 0 1 0 -1 0 0 3002.DAT
0 STEP
1 86 1250.0 -1584 190.0 0 0 1 0 1 0 -1 0 0 3622.DAT
0 STEP
1 86 1260.0 -1632 190.0 0 0 1 0 1 0 -1 0 0 3002.DAT
0 STEP
1 86 1300.0 -192 200.0 -1 0 0 0 1 0 0 0 -1 2456.DAT
0 STEP
1 86 1280.0 -504 200.0 -1 0 0 0 1 0 0 0 -1 3001.DAT
0 STEP
1 86 1300.0 -600 200.0 -1 0 0 0 1 0 0 0 -1 2456.DAT
0 STEP
1 86 1320.0 -864 190.0 -1 0 0 0 1 0 0 0 -1 3008.DAT
0 STEP
1 86 1250.0 -1344 200.0 0 0 1 0 1 0 -1 0 0 3004.DAT
0 STEP
1 86 1280.0 -1488 190.0 -1 0 0 0 1 0 0 0 -1 3010.DAT
0 STEP
1 86 1260.0 -1656 190.0 -1 0 0 0 1 0 0 0 -1 3004.DAT
0 STEP
1 86 1300.0 0 210.0 -1 0 0 0 1 0 0 0 -1 3009.DAT
0 STEP
1 86 1300.0 -336 210.0 -1 0 0 0 1 0 0 0 -1 3009.DAT
0 STEP
1 86 1250.0 -552 210.0 0 0 1 0 1 0 -1 0 0 3005.DAT
0 STEP
1 86 1280.0 -648 210.0 -1 0 0 0 1 0 0 0 -1 3010.DAT
0 STEP
1 86 1250.0 -864 240.0 0 0 1 0 1 0 -1 0 0 3010.DAT
0 STEP
1 86 1250.0 -936 220.0 0 0 1 0 1 0 -1 0 0 3004.DAT
0 STEP
1 86 1260.0 -960 210.0 -1 0 0 0 1 0 0 0 -1 3004.DAT
0 STEP
1 86 1250.0 -984 230.0 0 0 1 0 1 0 -1 0 0 3622.DAT
0 STEP
1 86 1270.0 -1008 210.0 -1 0 0 0 1 0 0 0 -1 3622.DAT
0 STEP
1 86 1250.0 -1032 260.0 0 0 1 0 1 0 -1 0 0 3009.DAT
0 STEP
1 86 1260.0 -1056 210.0 -1 0 0 0 1 0 0 0 -1 3004.DAT
0 STEP
1 86 1260.0 -1080 240.0 0 0 1 0 1 0 -1 0 0 3001.DAT
0 STEP
1 86 1280.0 -1104 210.0 -1 0 0 0 1 0 0 0 -1 3010.DAT
0 STEP
1 86 1250.0 -1128 210.0 0 0 1 0 1 0 -1 0 0 3005.DAT
0 STEP
1 86 1280.0 -1152 210.0 -1 0 0 0 1 0 0 0 -1 3010.DAT
0 STEP
1 86 1250.0 -1176 220.0 0 0 1 0 1 0 -1 0 0 3004.DAT
0 STEP
1 86 1250.0 -1200 210.0 0 0 1 0 1 0 -1 0 0 3005.DAT
0 STEP
1 86 1250.0 -1224 240.0 0 0 1 0 1 0 -1 0 0 3010.DAT
0 STEP
1 86 1280.0 -1248 210.0 -1 0 0 0 1 0 0 0 -1 3010.DAT
0 STEP
1 86 1260.0 -1272 240.0 0 0 1 0 1 0 -1 0 0 3001.DAT
0 STEP
1 86 1280.0 -1296 210.0 -1 0 0 0 1 0 0 0 -1 3010.DAT
0 STEP
1 86 1250.0 -1416 210.0 0 0 1 0 1 0 -1 0 0 3005.DAT
0 STEP
1 86 1250.0 -1464 210.0 0 0 1 0 1 0 -1 0 0 3005.DAT
0 STEP
1 86 1320.0 -1560 210.0 -1 0 0 0 1 0 0 0 -1 3008.DAT
0 STEP
1 86 1250.0 -1656 210.0 0 0 1 0 1 0 -1 0 0 3005.DAT
0 STEP
1 86 1250.0 -912 260.0 0 0 1 0 1 0 -1 0 0 3010.DAT
0 STEP
1 86 1250.0 -1128 280.0 0 0 1 0 1 0 -1 0 0 3009.DAT
0 STEP
1 86 1260.0 -936 250.0 -1 0 0 0 1 0 0 0 -1 3004.DAT
0 STEP
1 86 1270.0 -960 250.0 -1 0 0 0 1 0 0 0 -1 3622.DAT
0 STEP
1 86 1270.0 -1008 260.0 -1 0 0 0 1 0 0 0 -1 3002.DAT
0 STEP
1 86 1270.0 -1056 250.0 -1 0 0 0 1 0 0 0 -1 3622.DAT
0 STEP
1 86 1260.0 -1104 280.0 0 0 1 0 1 0 -1 0 0 3001.DAT
0 STEP
1 86 1250.0 -1152 260.0 0 0 1 0 1 0 -1 0 0 3004.DAT
0 STEP
1 86 1270.0 -1176 250.0 -1 0 0 0 1 0 0 0 -1 3622.DAT
0 STEP
1 86 1250.0 -1200 260.0 0 0 1 0 1 0 -1 0 0 3004.DAT
0 STEP
1 86 1270.0 -1248 250.0 -1 0 0 0 1 0 0 0 -1 3622.DAT
0 STEP
1 86 1270.0 -1296 260.0 -1 0 0 0 1 0 0 0 -1 3002.DAT
0 STEP
1 86 1250.0 -1368 270.0 0 0 1 0 1 0 -1 0 0 3622.DAT
0 STEP
1 86 1260.0 -936 300.0 0 0 1 0 1 0 -1 0 0 3001.DAT
0 STEP
1 86 1260.0 -960 270.0 -1 0 0 0 1 0 0 0 -1 3004.DAT
0 STEP
1 86 1250.0 -984 300.0 0 0 1 0 1 0 -1 0 0 3010.DAT
0 STEP
1 86 1260.0 -1056 300.0 0 0 1 0 1 0 -1 0 0 3001.DAT
0 STEP
1 86 1270.0 -1176 280.0 -1 0 0 0 1 0 0 0 -1 3002.DAT
0 STEP
1 86 1260.0 -1248 300.0 0 0 1 0 1 0 -1 0 0 3001.DAT
0 STEP
1 86 1280.0 -888 290.0 -1 0 0 0 1 0 0 0 -1 3010.DAT
0 STEP
1 86 1250.0 -888 340.0 0 0 1 0 1 0 -1 0 0 3010.DAT
0 STEP
1 86 1250.0 -912 310.0 0 0 1 0 1 0 -1 0 0 3005.DAT
0 STEP
1 86 1270.0 -1296 320.0 -1 0 0 0 1 0 0 0 -1 3002.DAT
0 STEP
1 86 1250.0 -1032 330.0 0 0 1 0 1 0 -1 0 0 3005.DAT
0 STEP
1 86 1260.0 -1104 330.0 -1 0 0 0 1 0 0 0 -1 3004.DAT
0 STEP
1 86 1270.0 -1368 330.0 -1 0 0 0 1 0 0 0 -1 3622.DAT
0 STEP
1 86 1250.0 -864 440.0 0 0 1 0 1 0 -1 0 0 3009.DAT
0 STEP
1 86 1320.0 -888 390.0 -1 0 0 0 1 0 0 0 -1 3008.DAT
0 STEP
1 86 1320.0 -888 420.0 -1 0 0 0 1 0 0 0 -1 3007.DAT
0 STEP
1 86 1260.0 -888 450.0 -1 0 0 0 1 0 0 0 -1 3004.DAT
0 STEP
1 86 1250.0 -888 500.0 0 0 1 0 1 0 -1 0 0 3010.DAT
0 STEP
1 86 1250.0 -912 490.0 0 0 1 0 1 0 -1 0 0 3005.DAT
0 STEP
1 86 1250.0 -936 510.0 0 0 1 0 1 0 -1 0 0 3622.DAT
0 STEP
1 86 1250.0 -912 540.0 0 0 1 0 1 0 -1 0 0 3010.DAT
0 STEP
1 86 1250.0 -888 550.0 0 0 1 0 1 0 -1 0 0 3005.DAT
0 STEP
1 86 1270.0 -960 560.0 -1 0 0 0 1 0 0 0 -1 3002.DAT
0 STEP
1 86 1280.0 -888 580.0 -1 0 0 0 1 0 0 0 -1 3001.DAT
0 STEP
1 86 1250.0 -888 620.0 0 0 1 0 1 0 -1 0 0 3004.DAT
0 STEP
1 86 1260.0 -912 620.0 0 0 1 0 1 0 -1 0 0 3003.DAT
0 STEP
1 86 1280.0 -912 660.0 -1 0 0 0 1 0 0 0 -1 3001.DAT
0 STEP
1 86 1300.0 -72 10.0 -1 0 0 0 1 0 0 0 -1 3010.DAT
0 STEP
1 86 1300.0 -192 20.0 -1 0 0 0 1 0 0 0 -1 3001.DAT
0 STEP
1 86 1270.0 -240 30.0 0 0 1 0 1 0 -1 0 0 3622.DAT
0 STEP
1 86 1280.0 -288 30.0 0 0 1 0 1 0 -1 0 0 3002.DAT
0 STEP
1 86 1270.0 -336 20.0 0 0 1 0 1 0 -1 0 0 3004.DAT
0 STEP
1 86 1320.0 -456 10.0 -1 0 0 0 1 0 0 0 -1 3009.DAT
0 STEP
1 86 1270.0 -504 30.0 0 0 1 0 1 0 -1 0 0 3622.DAT
0 STEP
1 86 1270.0 -600 30.0 0 0 1 0 1 0 -1 0 0 3622.DAT
0 STEP
1 86 1270.0 -672 10.0 0 0 1 0 1 0 -1 0 0 3005.DAT
0 STEP
1 86 1280.0 -696 30.0 0 0 1 0 1 0 -1 0 0 3002.DAT
0 STEP
1 86 1300.0 -792 20.0 -1 0 0 0 1 0 0 0 -1 3001.DAT
0 STEP
1 86 1280.0 -888 30.0 0 0 1 0 1 0 -1 0 0 3002.DAT
0 STEP
1 86 1270.0 -936 30.0 0 0 1 0 1 0 -1 0 0 3622.DAT
0 STEP
1 86 1280.0 -1104 30.0 0 0 1 0 1 0 -1 0 0 3002.DAT
0 STEP
1 86 1270.0 -1152 30.0 0 0 1 0 1 0 -1 0 0 3622.DAT
0 STEP
1 86 1280.0 -1296 30.0 0 0 1 0 1 0 -1 0 0 3002.DAT
0 STEP
1 86 1280.0 -1344 30.0 0 0 1 0 1 0 -1 0 0 3002.DAT
0 STEP
1 86 1280.0 -1392 30.0 0 0 1 0 1 0 -1 0 0 3002.DAT
0 STEP
1 86 1280.0 -1536 30.0 0 0 1 0 1 0 -1 0 0 3002.DAT
0 STEP
1 86 1270.0 -1584 30.0 0 0 1 0 1 0 -1 0 0 3622.DAT
0 STEP
1 86 1300.0 -1632 10.0 -1 0 0 0 1 0 0 0 -1 3010.DAT
0 STEP
1 86 1280.0 -1680 30.0 0 0 1 0 1 0 -1 0 0 3002.DAT
0 STEP
1 86 1340.0 -1728 20.0 -1 0 0 0 1 0 0 0 -1 3007.DAT
0 STEP
1 86 1270.0 -24 60.0 0 0 1 0 1 0 -1 0 0 3010.DAT
0 STEP
1 86 1320.0 -120 30.0 -1 0 0 0 1 0 0 0 -1 3009.DAT
0 STEP
1 86 1290.0 -360 30.0 -1 0 0 0 1 0 0 0 -1 3622.DAT
0 STEP
1 86 1300.0 -456 40.0 -1 0 0 0 1 0 0 0 -1 3001.DAT
0 STEP
1 86 1300.0 -672 30.0 -1 0 0 0 1 0 0 0 -1 3010.DAT
0 STEP
1 86 1300.0 -960 30.0 -1 0 0 0 1 0 0 0 -1 3010.DAT
0 STEP
1 86 1300.0 -1080 30.0 -1 0 0 0 1 0 0 0 -1 3010.DAT
0 STEP
1 86 1340.0 -1248 30.0 -1 0 0 0 1 0 0 0 -1 3008.DAT
0 STEP
1 86 1270.0 -1632 30.0 0 0 1 0 1 0 -1 0 0 3005.DAT
0 STEP
1 86 1320.0 -192 50.0 -1 0 0 0 1 0 0 0 -1 3009.DAT
0 STEP
1 86 1340.0 -312 50.0 -1 0 0 0 1 0 0 0 -1 3008.DAT
0 STEP
1 86 1320.0 -360 50.0 -1 0 0 0 1 0 0 0 -1 3009.DAT
0 STEP
1 86 1340.0 -408 50.0 -1 0 0 0 1 0 0 0 -1 3008.DAT
0 STEP
1 86 1300.0 -792 50.0 -1 0 0 0 1 0 0 0 -1 3010.DAT
0 STEP
1 86 1270.0 -1080 50.0 0 0 1 0 1 0 -1 0 0 3005.DAT
0 STEP
1 86 1290.0 -1248 50.0 -1 0 0 0 1 0 0 0 -1 3622.DAT
0 STEP
1 86 1300.0 -1632 50.0 -1 0 0 0 1 0 0 0 -1 3010.DAT
0 STEP
1 86 1270.0 -1704 70.0 0 0 1 0 1 0 -1 0 0 3622.DAT
0 STEP
1 86 1300.0 -1728 60.0 -1 0 0 0 1 0 0 0 -1 3001.DAT
0 STEP
1 86 1280.0 -1752 120.0 0 0 1 0 1 0 -1 0 0 2456.DAT
0 STEP
1 86 1270.0 0 120.0 0 0 1 0 1 0 -1 0 0 3010.DAT
0 STEP
1 86 1270.0 -24 110.0 0 0 1 0 1 0 -1 0 0 3005.DAT
0 STEP
1 86 1270.0 -1704 140.0 0 0 1 0 1 0 -1 0 0 3010.DAT
0 STEP
1 86 1270.0 -24 160.0 0 0 1 0 1 0 -1 0 0 3010.DAT
0 STEP
1 86 1270.0 -48 160.0 0 0 1 0 1 0 -1 0 0 3004.DAT
0 STEP
1 86 1300.0 0 170.0 -1 0 0 0 1 0 0 0 -1 3010.DAT
0 STEP
1 86 1270.0 -96 170.0 0 0 1 0 1 0 -1 0 0 3005.DAT
0 STEP
1 86 1290.0 -144 180.0 -1 0 0 0 1 0 0 0 -1 3002.DAT
0 STEP
1 86 1280.0 -216 190.0 0 0 1 0 1 0 -1 0 0 3002.DAT
0 STEP
1 86 1300.0 -240 180.0 -1 0 0 0 1 0 0 0 -1 3001.DAT
0 STEP
1 86 1300.0 -288 170.0 -1 0 0 0 1 0 0 0 -1 3010.DAT
0 STEP
1 86 1280.0 -312 190.0 0 0 1 0 1 0 -1 0 0 3002.DAT
0 STEP
1 86 1300.0 -408 170.0 -1 0 0 0 1 0 0 0 -1 3010.DAT
0 STEP
1 86 1300.0 -456 180.0 -1 0 0 0 1 0 0 0 -1 3001.DAT
0 STEP
1 86 1280.0 -480 190.0 0 0 1 0 1 0 -1 0 0 3002.DAT
0 STEP
1 86 1270.0 -528 180.0 0 0 1 0 1 0 -1 0 0 3004.DAT
0 STEP
1 86 1270.0 -576 190.0 0 0 1 0 1 0 -1 0 0 3622.DAT
0 STEP
1 86 1280.0 -624 190.0 0 0 1 0 1 0 -1 0 0 3002.DAT
0 STEP
1 86 1280.0 -696 190.0 0 0 1 0 1 0 -1 0 0 3002.DAT
0 STEP
1 86 1280.0 -744 190.0 0 0 1 0 1 0 -1 0 0 3002.DAT
0 STEP
1 86 1340.0 -768 180.0 -1 0 0 0 1 0 0 0 -1 3007.DAT
0 STEP
1 86 1280.0 -816 190.0 0 0 1 0 1 0 -1 0 0 3002.DAT
0 STEP
1 86 1280.0 -1416 190.0 0 0 1 0 1 0 -1 0 0 3002.DAT
0 STEP
1 86 1280.0 -1464 190.0 0 0 1 0 1 0 -1 0 0 3002.DAT
0 STEP
1 86 1270.0 -1560 170.0 0 0 1 0 1 0 -1 0 0 3005.DAT
0 STEP
1 86 1290.0 -1584 180.0 -1 0 0 0 1 0 0 0 -1 3002.DAT
0 STEP
1 86 1340.0 -1656 170.0 -1 0 0 0 1 0 0 0 -1 3008.DAT
0 STEP
1 86 1300.0 -48 200.0 -1 0 0 0 1 0 0 0 -1 3001.DAT
0 STEP
1 86 1300.0 -96 200.0 -1 0 0 0 1 0 0 0 -1 3001.DAT
0 STEP
1 86 1300.0 -288 200.0 -1 0 0 0 1 0 0 0 -1 3001.DAT
0 STEP
1 86 1270.0 -408 190.0 0 0 1 0 1 0 -1 0 0 3005.DAT
0 STEP
1 86 1270.0 -936 210.0 0 0 1 0 1 0 -1 0 0 3622.DAT
0 STEP
1 86 1270.0 -960 190.0 0 0 1 0 1 0 -1 0 0 3005.DAT
0 STEP
1 86 1270.0 -984 260.0 0 0 1 0 1 0 -1 0 0 3008.DAT
0 STEP
1 86 1280.0 -1008 190.0 -1 0 0 0 1 0 0 0 -1 3004.DAT
0 STEP
1 86 1270.0 -1032 260.0 0 0 1 0 1 0 -1 0 0 3008.DAT
0 STEP
1 86 1270.0 -1056 190.0 0 0 1 0 1 0 -1 0 0 3005.DAT
0 STEP
1 86 1270.0 -1080 190.0 0 0 1 0 1 0 -1 0 0 3005.DAT
0 STEP
1 86 1300.0 -1104 190.0 -1 0 0 0 1 0 0 0 -1 3010.DAT
0 STEP
1 86 1270.0 -1128 220.0 0 0 1 0 1 0 -1 0 0 3010.DAT
0 STEP
1 86 1300.0 -1152 190.0 -1 0 0 0 1 0 0 0 -1 3010.DAT
0 STEP
1 86 1270.0 -1176 210.0 0 0 1 0 1 0 -1 0 0 3622.DAT
0 STEP
1 86 1280.0 -1200 190.0 -1 0 0 0 1 0 0 0 -1 3004.DAT
0 STEP
1 86 1270.0 -1224 220.0 0 0 1 0 1 0 -1 0 0 3010.DAT
0 STEP
1 86 1320.0 -1248 190.0 -1 0 0 0 1 0 0 0 -1 3009.DAT
0 STEP
1 86 1270.0 -1272 190.0 0 0 1 0 1 0 -1 0 0 3005.DAT
0 STEP
1 86 1300.0 -1296 190.0 -1 0 0 0 1 0 0 0 -1 3010.DAT
0 STEP
1 86 1270.0 -1320 260.0 0 0 1 0 1 0 -1 0 0 3008.DAT
0 STEP
1 86 1280.0 -1344 190.0 -1 0 0 0 1 0 0 0 -1 3004.DAT
0 STEP
1 86 1300.0 -1368 200.0 -1 0 0 0 1 0 0 0 -1 3001.DAT
0 STEP
1 86 1270.0 -1704 190.0 0 0 1 0 1 0 -1 0 0 3005.DAT
0 STEP
1 86 1300.0 -1752 190.0 -1 0 0 0 1 0 0 0 -1 3010.DAT
0 STEP
1 86 1320.0 -144 210.0 -1 0 0 0 1 0 0 0 -1 3009.DAT
0 STEP
1 86 1300.0 -240 210.0 -1 0 0 0 1 0 0 0 -1 3010.DAT
0 STEP
1 86 1300.0 -456 210.0 -1 0 0 0 1 0 0 0 -1 3010.DAT
0 STEP
1 86 1300.0 -552 210.0 -1 0 0 0 1 0 0 0 -1 3010.DAT
0 STEP
1 86 1300.0 -720 210.0 -1 0 0 0 1 0 0 0 -1 3010.DAT
0 STEP
1 86 1300.0 -768 210.0 -1 0 0 0 1 0 0 0 -1 3010.DAT
0 STEP
1 86 1280.0 -864 240.0 0 0 1 0 1 0 -1 0 0 3001.DAT
0 STEP
1 86 1270.0 -912 260.0 0 0 1 0 1 0 -1 0 0 3009.DAT
0 STEP
1 86 1270.0 -1200 240.0 0 0 1 0 1 0 -1 0 0 3010.DAT
0 STEP
1 86 1320.0 -1344 210.0 -1 0 0 0 1 0 0 0 -1 3009.DAT
0 STEP
1 86 1290.0 -1584 210.0 -1 0 0 0 1 0 0 0 -1 3622.DAT
0 STEP
1 86 1340.0 -1656 210.0 -1 0 0 0 1 0 0 0 -1 3008.DAT
0 STEP
1 86 1300.0 -1704 210.0 -1 0 0 0 1 0 0 0 -1 3010.DAT
0 STEP
1 86 1270.0 -1752 210.0 0 0 1 0 1 0 -1 0 0 3005.DAT
0 STEP
1 86 1270.0 -1152 270.0 0 0 1 0 1 0 -1 0 0 3622.DAT
0 STEP
1 86 1280.0 -1368 270.0 0 0 1 0 1 0 -1 0 0 3002.DAT
0 STEP
1 86 1280.0 -1128 300.0 0 0 1 0 1 0 -1 0 0 3001.DAT
0 STEP
1 86 1280.0 -1224 270.0 -1 0 0 0 1 0 0 0 -1 3004.DAT
0 STEP
1 86 1270.0 -1200 310.0 0 0 1 0 1 0 -1 0 0 3622.DAT
0 STEP
1 86 1270.0 -1272 290.0 0 0 1 0 1 0 -1 0 0 3005.DAT
0 STEP
1 86 1270.0 -888 320.0 0 0 1 0 1 0 -1 0 0 3004.DAT
0 STEP
1 86 1300.0 -888 360.0 -1 0 0 0 1 0 0 0 -1 3001.DAT
0 STEP
1 86 1270.0 -864 400.0 0 0 1 0 1 0 -1 0 0 3010.DAT
0 STEP
1 86 1270.0 -912 410.0 0 0 1 0 1 0 -1 0 0 3005.DAT
0 STEP
1 86 1270.0 -912 460.0 0 0 1 0 1 0 -1 0 0 3010.DAT
0 STEP
1 86 1270.0 -864 450.0 0 0 1 0 1 0 -1 0 0 3005.DAT
0 STEP
1 86 1300.0 -864 470.0 -1 0 0 0 1 0 0 0 -1 3010.DAT
0 STEP
1 86 1270.0 -888 470.0 0 0 1 0 1 0 -1 0 0 3005.DAT
0 STEP
1 86 1280.0 -864 490.0 -1 0 0 0 1 0 0 0 -1 3004.DAT
0 STEP
1 86 1270.0 -888 520.0 0 0 1 0 1 0 -1 0 0 3010.DAT
0 STEP
1 86 1270.0 -936 490.0 0 0 1 0 1 0 -1 0 0 3005.DAT
0 STEP
1 86 1300.0 -912 510.0 -1 0 0 0 1 0 0 0 -1 3010.DAT
0 STEP
1 86 1280.0 -936 560.0 0 0 1 0 1 0 -1 0 0 2456.DAT
0 STEP
1 86 1270.0 -864 530.0 0 0 1 0 1 0 -1 0 0 3005.DAT
0 STEP
1 86 1280.0 -912 530.0 -1 0 0 0 1 0 0 0 -1 3004.DAT
0 STEP
1 86 1270.0 -864 580.0 0 0 1 0 1 0 -1 0 0 3010.DAT
0 STEP
1 86 1270.0 -912 570.0 0 0 1 0 1 0 -1 0 0 3622.DAT
0 STEP
1 86 1270.0 -888 610.0 0 0 1 0 1 0 -1 0 0 3005.DAT
0 STEP
1 86 1270.0 -888 660.0 0 0 1 0 1 0 -1 0 0 3010.DAT
0 STEP
1 86 1320.0 -24 20.0 -1 0 0 0 1 0 0 0 -1 3001.DAT
0 STEP
1 86 1310.0 -48 10.0 -1 0 0 0 1 0 0 0 -1 3622.DAT
0 STEP
1 86 1290.0 -96 30.0 0 0 1 0 1 0 -1 0 0 3622.DAT
0 STEP
1 86 1300.0 -144 30.0 0 0 1 0 1 0 -1 0 0 3002.DAT
0 STEP
1 86 1290.0 -216 10.0 0 0 1 0 1 0 -1 0 0 3005.DAT
0 STEP
1 86 1300.0 -240 30.0 0 0 1 0 1 0 -1 0 0 3002.DAT
0 STEP
1 86 1300.0 -336 30.0 0 0 1 0 1 0 -1 0 0 3002.DAT
0 STEP
1 86 1300.0 -384 30.0 0 0 1 0 1 0 -1 0 0 3002.DAT
0 STEP
1 86 1300.0 -432 30.0 0 0 1 0 1 0 -1 0 0 3002.DAT
0 STEP
1 86 1320.0 -504 10.0 -1 0 0 0 1 0 0 0 -1 3010.DAT
0 STEP
1 86 1300.0 -552 30.0 0 0 1 0 1 0 -1 0 0 3002.DAT
0 STEP
1 86 1290.0 -600 10.0 0 0 1 0 1 0 -1 0 0 3005.DAT
0 STEP
1 86 1300.0 -648 30.0 0 0 1 0 1 0 -1 0 0 3002.DAT
0 STEP
1 86 1320.0 -672 10.0 -1 0 0 0 1 0 0 0 -1 3010.DAT
0 STEP
1 86 1300.0 -744 30.0 0 0 1 0 1 0 -1 0 0 3002.DAT
0 STEP
1 86 1290.0 -816 30.0 0 0 1 0 1 0 -1 0 0 3622.DAT
0 STEP
1 86 1290.0 -840 30.0 0 0 1 0 1 0 -1 0 0 3622.DAT
0 STEP
1 86 1300.0 -936 30.0 0 0 1 0 1 0 -1 0 0 3002.DAT
0 STEP
1 86 1290.0 -984 30.0 0 0 1 0 1 0 -1 0 0 3622.DAT
0 STEP
1 86 1320.0 -1032 20.0 -1 0 0 0 1 0 0 0 -1 3001.DAT
0 STEP
1 86 1300.0 -1152 30.0 0 0 1 0 1 0 -1 0 0 3002.DAT
0 STEP
1 86 1290.0 -1176 10.0 0 0 1 0 1 0 -1 0 0 3005.DAT
0 STEP
1 86 1300.0 -1200 30.0 0 0 1 0 1 0 -1 0 0 3002.DAT
0 STEP
1 86 1320.0 -1224 20.0 -1 0 0 0 1 0 0 0 -1 3001.DAT
0 STEP
1 86 1290.0 -1272 20.0 0 0 1 0 1 0 -1 0 0 3004.DAT
0 STEP
1 86 1290.0 -1440 30.0 0 0 1 0 1 0 -1 0 0 3622.DAT
0 STEP
1 86 1360.0 -1488 10.0 -1 0 0 0 1 0 0 0 -1 3008.DAT
0 STEP
1 86 1320.0 -1584 10.0 -1 0 0 0 1 0 0 0 -1 3010.DAT
0 STEP
1 86 1300.0 -1656 30.0 0 0 1 0 1 0 -1 0 0 3002.DAT
0 STEP
1 86 1290.0 -1752 20.0 0 0 1 0 1 0 -1 0 0 3004.DAT
0 STEP
1 86 1290.0 -48 30.0 0 0 1 0 1 0 -1 0 0 3005.DAT
0 STEP
1 86 1290.0 -168 30.0 0 0 1 0 1 0 -1 0 0 3005.DAT
0 STEP
1 86 1290.0 -504 30.0 0 0 1 0 1 0 -1 0 0 3005.DAT
0 STEP
1 86 1340.0 -600 30.0 -1 0 0 0 1 0 0 0 -1 3009.DAT
0 STEP
1 86 1360.0 -1488 40.0 -1 0 0 0 1 0 0 0 -1 3007.DAT
0 STEP
1 86 1290.0 -1584 30.0 0 0 1 0 1 0 -1 0 0 3005.DAT
0 STEP
1 86 1320.0 -1632 30.0 -1 0 0 0 1 0 0 0 -1 3010.DAT
0 STEP
1 86 1300.0 -24 80.0 0 0 1 0 1 0 -1 0 0 3001.DAT
0 STEP
1 86 1320.0 -48 60.0 -1 0 0 0 1 0 0 0 -1 3001.DAT
0 STEP
1 86 1340.0 -504 50.0 -1 0 0 0 1 0 0 0 -1 3009.DAT
0 STEP
1 86 1290.0 -600 50.0 0 0 1 0 1 0 -1 0 0 3005.DAT
0 STEP
1 86 1290.0 -1032 50.0 0 0 1 0 1 0 -1 0 0 3005.DAT
0 STEP
1 86 1320.0 -1080 50.0 -1 0 0 0 1 0 0 0 -1 3010.DAT
0 STEP
1 86 1290.0 -1176 50.0 0 0 1 0 1 0 -1 0 0 3005.DAT
0 STEP
1 86 1360.0 -1584 50.0 -1 0 0 0 1 0 0 0 -1 3008.DAT
0 STEP
1 86 1290.0 -1608 50.0 0 0 1 0 1 0 -1 0 0 3005.DAT
0 STEP
1 86 1290.0 -1704 80.0 0 0 1 0 1 0 -1 0 0 3010.DAT
0 STEP
1 86 1300.0 0 120.0 0 0 1 0 1 0 -1 0 0 3001.DAT
0 STEP
1 86 1290.0 -48 140.0 0 0 1 0 1 0 -1 0 0 3010.DAT
0 STEP
1 86 1290.0 -24 130.0 0 0 1 0 1 0 -1 0 0 3005.DAT
0 STEP
1 86 1290.0 -1704 150.0 0 0 1 0 1 0 -1 0 0 3622.DAT
0 STEP
1 86 1290.0 -24 180.0 0 0 1 0 1 0 -1 0 0 3010.DAT
0 STEP
1 86 1300.0 -1728 180.0 0 0 1 0 1 0 -1 0 0 3001.DAT
0 STEP
1 86 1320.0 -96 170.0 -1 0 0 0 1 0 0 0 -1 3010.DAT
0 STEP
1 86 1290.0 -168 170.0 0 0 1 0 1 0 -1 0 0 3005.DAT
0 STEP
1 86 1290.0 -264 190.0 0 0 1 0 1 0 -1 0 0 3622.DAT
0 STEP
1 86 1310.0 -360 170.0 -1 0 0 0 1 0 0 0 -1 3622.DAT
0 STEP
1 86 1300.0 -432 190.0 0 0 1 0 1 0 -1 0 0 3002.DAT
0 STEP
1 86 1290.0 -528 190.0 0 0 1 0 1 0 -1 0 0 3622.DAT
0 STEP
1 86 1300.0 -576 190.0 0 0 1 0 1 0 -1 0 0 3002.DAT
0 STEP
1 86 1290.0 -672 170.0 0 0 1 0 1 0 -1 0 0 3005.DAT
0 STEP
1 86 1300.0 -792 190.0 0 0 1 0 1 0 -1 0 0 3002.DAT
0 STEP
1 86 1380.0 -936 180.0 -1 0 0 0 1 0 0 0 -1 3006.DAT
0 STEP
1 86 1300.0 -960 190.0 0 0 1 0 1 0 -1 0 0 3002.DAT
0 STEP
1 86 1290.0 -984 180.0 0 0 1 0 1 0 -1 0 0 3004.DAT
0 STEP
1 86 1290.0 -1008 170.0 0 0 1 0 1 0 -1 0 0 3005.DAT
0 STEP
1 86 1360.0 -1032 170.0 -1 0 0 0 1 0 0 0 -1 3008.DAT
0 STEP
1 86 1300.0 -1056 190.0 0 0 1 0 1 0 -1 0 0 3002.DAT
0 STEP
1 86 1340.0 -1080 180.0 -1 0 0 0 1 0 0 0 -1 2456.DAT
0 STEP
1 86 1310.0 -1104 170.0 -1 0 0 0 1 0 0 0 -1 3622.DAT
0 STEP
1 86 1290.0 -1128 190.0 0 0 1 0 1 0 -1 0 0 3622.DAT
0 STEP
1 86 1320.0 -1152 170.0 -1 0 0 0 1 0 0 0 -1 3010.DAT
0 STEP
1 86 1290.0 -1176 190.0 0 0 1 0 1 0 -1 0 0 3622.DAT
0 STEP
1 86 1290.0 -1200 170.0 0 0 1 0 1 0 -1 0 0 3005.DAT
0 STEP
1 86 1300.0 -1224 190.0 0 0 1 0 1 0 -1 0 0 3002.DAT
0 STEP
1 86 1290.0 -1248 170.0 0 0 1 0 1 0 -1 0 0 3005.DAT
0 STEP
1 86 1320.0 -1272 180.0 -1 0 0 0 1 0 0 0 -1 3001.DAT
0 STEP
1 86 1340.0 -1296 170.0 -1 0 0 0 1 0 0 0 -1 3009.DAT
0 STEP
1 86 1300.0 -1320 190.0 0 0 1 0 1 0 -1 0 0 3002.DAT
0 STEP
1 86 1290.0 -1344 170.0 0 0 1 0 1 0 -1 0 0 3005.DAT
0 STEP
1 86 1360.0 -1392 170.0 -1 0 0 0 1 0 0 0 -1 3008.DAT
0 STEP
1 86 1290.0 -1536 190.0 0 0 1 0 1 0 -1 0 0 3622.DAT
0 STEP
1 86 1340.0 -1560 170.0 -1 0 0 0 1 0 0 0 -1 3009.DAT
0 STEP
1 86 1300.0 -1632 190.0 0 0 1 0 1 0 -1 0 0 3002.DAT
0 STEP
1 86 1290.0 -120 200.0 0 0 1 0 1 0 -1 0 0 3004.DAT
0 STEP
1 86 1320.0 -408 190.0 -1 0 0 0 1 0 0 0 -1 3010.DAT
0 STEP
1 86 1290.0 -840 200.0 0 0 1 0 1 0 -1 0 0 3004.DAT
0 STEP
1 86 1300.0 -912 220.0 0 0 1 0 1 0 -1 0 0 3001.DAT
0 STEP
1 86 1290.0 -1032 190.0 0 0 1 0 1 0 -1 0 0 3005.DAT
0 STEP
1 86 1360.0 -1656 190.0 -1 0 0 0 1 0 0 0 -1 3008.DAT
0 STEP
1 86 1320.0 -1704 190.0 -1 0 0 0 1 0 0 0 -1 3010.DAT
0 STEP
1 86 1290.0 -168 210.0 0 0 1 0 1 0 -1 0 0 3005.DAT
0 STEP
1 86 1290.0 -936 210.0 0 0 1 0 1 0 -1 0 0 3005.DAT
0 STEP
1 86 1360.0 -984 210.0 -1 0 0 0 1 0 0 0 -1 3008.DAT
0 STEP
1 86 1360.0 -1032 210.0 -1 0 0 0 1 0 0 0 -1 3008.DAT
0 STEP
1 86 1320.0 -1080 210.0 -1 0 0 0 1 0 0 0 -1 3010.DAT
0 STEP
1 86 1320.0 -1200 210.0 -1 0 0 0 1 0 0 0 -1 3010.DAT
0 STEP
1 86 1320.0 -1272 210.0 -1 0 0 0 1 0 0 0 -1 3010.DAT
0 STEP
1 86 1300.0 -1488 210.0 -1 0 0 0 1 0 0 0 -1 3004.DAT
0 STEP
1 86 1290.0 -1680 210.0 0 0 1 0 1 0 -1 0 0 3005.DAT
0 STEP
1 86 1320.0 -1752 210.0 -1 0 0 0 1 0 0 0 -1 3010.DAT
0 STEP
1 86 1290.0 -936 280.0 0 0 1 0 1 0 -1 0 0 3010.DAT
0 STEP
1 86 1290.0 -984 280.0 0 0 1 0 1 0 -1 0 0 3010.DAT
0 STEP
1 86 1290.0 -1032 280.0 0 0 1 0 1 0 -1 0 0 3010.DAT
0 STEP
1 86 1290.0 -1080 260.0 0 0 1 0 1 0 -1 0 0 3004.DAT
0 STEP
1 86 1290.0 -1104 250.0 0 0 1 0 1 0 -1 0 0 3005.DAT
0 STEP
1 86 1290.0 -1128 250.0 0 0 1 0 1 0 -1 0 0 3005.DAT
0 STEP
1 86 1290.0 -1152 280.0 0 0 1 0 1 0 -1 0 0 3010.DAT
0 STEP
1 86 1290.0 -1200 250.0 0 0 1 0 1 0 -1 0 0 3005.DAT
0 STEP
1 86 1290.0 -1224 250.0 0 0 1 0 1 0 -1 0 0 3005.DAT
0 STEP
1 86 1290.0 -1272 280.0 0 0 1 0 1 0 -1 0 0 3010.DAT
0 STEP
1 86 1290.0 -1320 250.0 0 0 1 0 1 0 -1 0 0 3005.DAT
0 STEP
1 86 1290.0 -912 300.0 0 0 1 0 1 0 -1 0 0 3010.DAT
0 STEP
1 86 1290.0 -960 300.0 0 0 1 0 1 0 -1 0 0 3010.DAT
0 STEP
1 86 1290.0 -1056 300.0 0 0 1 0 1 0 -1 0 0 3010.DAT
0 STEP
1 86 1290.0 -1104 300.0 0 0 1 0 1 0 -1 0 0 3010.DAT
0 STEP
1 86 1290.0 -1200 300.0 0 0 1 0 1 0 -1 0 0 3010.DAT
0 STEP
1 86 1290.0 -1248 300.0 0 0 1 0 1 0 -1 0 0 3010.DAT
0 STEP
1 86 1290.0 -1320 300.0 0 0 1 0 1 0 -1 0 0 3010.DAT
0 STEP
1 86 1290.0 -864 340.0 0 0 1 0 1 0 -1 0 0 3009.DAT
0 STEP
1 86 1290.0 -1008 290.0 0 0 1 0 1 0 -1 0 0 3005.DAT
0 STEP
1 86 1300.0 -888 310.0 -1 0 0 0 1 0 0 0 -1 3004.DAT
0 STEP
1 86 1290.0 -1344 310.0 0 0 1 0 1 0 -1 0 0 3005.DAT
0 STEP
1 86 1320.0 -888 330.0 -1 0 0 0 1 0 0 0 -1 3010.DAT
0 STEP
1 86 1290.0 -936 330.0 0 0 1 0 1 0 -1 0 0 3005.DAT
0 STEP
1 86 1290.0 -984 330.0 0 0 1 0 1 0 -1 0 0 3005.DAT
0 STEP
1 86 1290.0 -1032 330.0 0 0 1 0 1 0 -1 0 0 3005.DAT
0 STEP
1 86 1290.0 -1176 330.0 0 0 1 0 1 0 -1 0 0 3005.DAT
0 STEP
1 86 1290.0 -864 430.0 0 0 1 0 1 0 -1 0 0 3622.DAT
0 STEP
1 86 1300.0 -912 440.0 0 0 1 0 1 0 -1 0 0 3001.DAT
0 STEP
1 86 1290.0 -888 480.0 0 0 1 0 1 0 -1 0 0 3010.DAT
0 STEP
1 86 1300.0 -912 490.0 -1 0 0 0 1 0 0 0 -1 3004.DAT
0 STEP
1 86 1290.0 -864 550.0 0 0 1 0 1 0 -1 0 0 3622.DAT
0 STEP
1 86 1320.0 -888 530.0 -1 0 0 0 1 0 0 0 -1 3010.DAT
0 STEP
1 86 1290.0 -960 530.0 0 0 1 0 1 0 -1 0 0 3005.DAT
0 STEP
1 86 1300.0 -888 550.0 -1 0 0 0 1 0 0 0 -1 3004.DAT
0 STEP
1 86 1290.0 -912 550.0 0 0 1 0 1 0 -1 0 0 3005.DAT
0 STEP
1 86 1300.0 -912 600.0 0 0 1 0 1 0 -1 0 0 3001.DAT
0 STEP
1 86 1310.0 -864 590.0 -1 0 0 0 1 0 0 0 -1 3622.DAT
0 STEP
1 86 1290.0 -864 610.0 0 0 1 0 1 0 -1 0 0 3005.DAT
0 STEP
1 86 1320.0 -888 610.0 -1 0 0 0 1 0 0 0 -1 3010.DAT
0 STEP
1 86 1300.0 -888 660.0 0 0 1 0 1 0 -1 0 0 3001.DAT
0 STEP
1 86 1360.0 -864 670.0 -1 0 0 0 1 0 0 0 -1 3008.DAT
0 STEP
1 86 1310.0 0 30.0 0 0 1 0 1 0 -1 0 0 3622.DAT
0 STEP
1 86 1320.0 -96 30.0 0 0 1 0 1 0 -1 0 0 3002.DAT
0 STEP
1 86 1340.0 -216 10.0 -1 0 0 0 1 0 0 0 -1 3010.DAT
0 STEP
1 86 1320.0 -288 30.0 0 0 1 0 1 0 -1 0 0 3002.DAT
0 STEP
1 86 1310.0 -360 10.0 0 0 1 0 1 0 -1 0 0 3005.DAT
0 STEP
1 86 1310.0 -480 10.0 0 0 1 0 1 0 -1 0 0 3005.DAT
0 STEP
1 86 1340.0 -600 10.0 -1 0 0 0 1 0 0 0 -1 3010.DAT
0 STEP
1 86 1360.0 -696 20.0 -1 0 0 0 1 0 0 0 -1 2456.DAT
0 STEP
1 86 1310.0 -816 10.0 0 0 1 0 1 0 -1 0 0 3005.DAT
0 STEP
1 86 1320.0 -840 30.0 0 0 1 0 1 0 -1 0 0 3002.DAT
0 STEP
1 86 1340.0 -864 10.0 -1 0 0 0 1 0 0 0 -1 3010.DAT
0 STEP
1 86 1320.0 -888 30.0 0 0 1 0 1 0 -1 0 0 3002.DAT
0 STEP
1 86 1340.0 -912 10.0 -1 0 0 0 1 0 0 0 -1 3010.DAT
0 STEP
1 86 1340.0 -984 10.0 -1 0 0 0 1 0 0 0 -1 3010.DAT
0 STEP
1 86 1310.0 -1008 20.0 0 0 1 0 1 0 -1 0 0 3004.DAT
0 STEP
1 86 1310.0 -1056 30.0 0 0 1 0 1 0 -1 0 0 3622.DAT
0 STEP
1 86 1360.0 -1104 20.0 -1 0 0 0 1 0 0 0 -1 2456.DAT
0 STEP
1 86 1340.0 -1176 10.0 -1 0 0 0 1 0 0 0 -1 3010.DAT
0 STEP
1 86 1320.0 -1272 30.0 0 0 1 0 1 0 -1 0 0 3002.DAT
0 STEP
1 86 1320.0 -1296 30.0 0 0 1 0 1 0 -1 0 0 3002.DAT
0 STEP
1 86 1380.0 -1344 10.0 -1 0 0 0 1 0 0 0 -1 3008.DAT
0 STEP
1 86 1360.0 -1392 10.0 -1 0 0 0 1 0 0 0 -1 3009.DAT
0 STEP
1 86 1380.0 -1440 10.0 -1 0 0 0 1 0 0 0 -1 3008.DAT
0 STEP
1 86 1320.0 -1512 30.0 0 0 1 0 1 0 -1 0 0 3002.DAT
0 STEP
1 86 1330.0 -1536 20.0 -1 0 0 0 1 0 0 0 -1 3002.DAT
0 STEP
1 86 1320.0 -1560 30.0 0 0 1 0 1 0 -1 0 0 3002.DAT
0 STEP
1 86 1310.0 -1608 30.0 0 0 1 0 1 0 -1 0 0 3622.DAT
0 STEP
1 86 1320.0 -1680 30.0 0 0 1 0 1 0 -1 0 0 3002.DAT
0 STEP
1 86 1310.0 -1752 80.0 0 0 1 0 1 0 -1 0 0 3008.DAT
0 STEP
1 86 1340.0 -48 30.0 -1 0 0 0 1 0 0 0 -1 3010.DAT
0 STEP
1 86 1310.0 -168 40.0 0 0 1 0 1 0 -1 0 0 3004.DAT
0 STEP
1 86 1360.0 -504 30.0 -1 0 0 0 1 0 0 0 -1 3009.DAT
0 STEP
1 86 1340.0 -768 40.0 -1 0 0 0 1 0 0 0 -1 3001.DAT
0 STEP
1 86 1340.0 -816 40.0 -1 0 0 0 1 0 0 0 -1 3001.DAT
0 STEP
1 86 1340.0 -984 40.0 -1 0 0 0 1 0 0 0 -1 3001.DAT
0 STEP
1 86 1330.0 -1344 40.0 -1 0 0 0 1 0 0 0 -1 3002.DAT
0 STEP
1 86 1360.0 -1392 40.0 -1 0 0 0 1 0 0 0 -1 2456.DAT
0 STEP
1 86 1380.0 -1440 40.0 -1 0 0 0 1 0 0 0 -1 3007.DAT
0 STEP
1 86 1380.0 -1584 30.0 -1 0 0 0 1 0 0 0 -1 3008.DAT
0 STEP
1 86 1380.0 -600 50.0 -1 0 0 0 1 0 0 0 -1 3008.DAT
0 STEP
1 86 1310.0 -696 50.0 0 0 1 0 1 0 -1 0 0 3005.DAT
0 STEP
1 86 1340.0 -1032 50.0 -1 0 0 0 1 0 0 0 -1 3010.DAT
0 STEP
1 86 1310.0 -1104 50.0 0 0 1 0 1 0 -1 0 0 3005.DAT
0 STEP
1 86 1340.0 -1176 50.0 -1 0 0 0 1 0 0 0 -1 3010.DAT
0 STEP
1 86 1310.0 -1536 50.0 0 0 1 0 1 0 -1 0 0 3005.DAT
0 STEP
1 86 1310.0 -1704 70.0 0 0 1 0 1 0 -1 0 0 3622.DAT
0 STEP
1 86 1310.0 -48 120.0 0 0 1 0 1 0 -1 0 0 3010.DAT
0 STEP
1 86 1320.0 -1704 140.0 0 0 1 0 1 0 -1 0 0 3001.DAT
0 STEP
1 86 1340.0 -24 130.0 -1 0 0 0 1 0 0 0 -1 3010.DAT
0 STEP
1 86 1320.0 -24 180.0 0 0 1 0 1 0 -1 0 0 3001.DAT
0 STEP
1 86 1330.0 -48 170.0 -1 0 0 0 1 0 0 0 -1 3622.DAT
0 STEP
1 86 1320.0 -120 190.0 0 0 1 0 1 0 -1 0 0 3002.DAT
0 STEP
1 86 1320.0 -168 190.0 0 0 1 0 1 0 -1 0 0 3002.DAT
0 STEP
1 86 1360.0 -216 180.0 -1 0 0 0 1 0 0 0 -1 2456.DAT
0 STEP
1 86 1310.0 -264 180.0 0 0 1 0 1 0 -1 0 0 3004.DAT
0 STEP
1 86 1320.0 -312 190.0 0 0 1 0 1 0 -1 0 0 3002.DAT
0 STEP
1 86 1310.0 -384 190.0 0 0 1 0 1 0 -1 0 0 3622.DAT
0 STEP
1 86 1340.0 -480 180.0 -1 0 0 0 1 0 0 0 -1 3001.DAT
0 STEP
1 86 1380.0 -528 170.0 -1 0 0 0 1 0 0 0 -1 3008.DAT
0 STEP
1 86 1360.0 -624 180.0 -1 0 0 0 1 0 0 0 -1 2456.DAT
0 STEP
1 86 1340.0 -672 170.0 -1 0 0 0 1 0 0 0 -1 3010.DAT
0 STEP
1 86 1340.0 -696 180.0 -1 0 0 0 1 0 0 0 -1 3001.DAT
0 STEP
1 86 1340.0 -744 180.0 -1 0 0 0 1 0 0 0 -1 3001.DAT
0 STEP
1 86 1380.0 -816 180.0 -1 0 0 0 1 0 0 0 -1 3007.DAT
0 STEP
1 86 1320.0 -840 190.0 0 0 1 0 1 0 -1 0 0 3002.DAT
0 STEP
1 86 1360.0 -984 170.0 -1 0 0 0 1 0 0 0 -1 3009.DAT
0 STEP
1 86 1320.0 -1008 190.0 0 0 1 0 1 0 -1 0 0 3002.DAT
0 STEP
1 86 1310.0 -1128 180.0 0 0 1 0 1 0 -1 0 0 3004.DAT
0 STEP
1 86 1330.0 -1176 180.0 -1 0 0 0 1 0 0 0 -1 3002.DAT
0 STEP
1 86 1340.0 -1200 180.0 -1 0 0 0 1 0 0 0 -1 3001.DAT
0 STEP
1 86 1340.0 -1248 170.0 -1 0 0 0 1 0 0 0 -1 3010.DAT
0 STEP
1 86 1340.0 -1344 180.0 -1 0 0 0 1 0 0 0 -1 3001.DAT
0 STEP
1 86 1310.0 -1416 190.0 0 0 1 0 1 0 -1 0 0 3622.DAT
0 STEP
1 86 1400.0 -1464 180.0 -1 0 0 0 1 0 0 0 -1 3006.DAT
0 STEP
1 86 1310.0 -1488 170.0 0 0 1 0 1 0 -1 0 0 3005.DAT
0 STEP
1 86 1320.0 -1536 190.0 0 0 1 0 1 0 -1 0 0 3002.DAT
0 STEP
1 86 1310.0 -1680 190.0 0 0 1 0 1 0 -1 0 0 3622.DAT
0 STEP
1 86 1340.0 -1752 170.0 -1 0 0 0 1 0 0 0 -1 3010.DAT
0 STEP
1 86 1360.0 -528 200.0 -1 0 0 0 1 0 0 0 -1 2456.DAT
0 STEP
1 86 1340.0 -984 190.0 -1 0 0 0 1 0 0 0 -1 3010.DAT
0 STEP
1 86 1340.0 -1032 190.0 -1 0 0 0 1 0 0 0 -1 3010.DAT
0 STEP
1 86 1380.0 -1560 190.0 -1 0 0 0 1 0 0 0 -1 3008.DAT
0 STEP
1 86 1360.0 -216 210.0 -1 0 0 0 1 0 0 0 -1 3009.DAT
0 STEP
1 86 1360.0 -264 210.0 -1 0 0 0 1 0 0 0 -1 3009.DAT
0 STEP
1 86 1310.0 -480 210.0 0 0 1 0 1 0 -1 0 0 3005.DAT
0 STEP
1 86 1360.0 -624 210.0 -1 0 0 0 1 0 0 0 -1 3009.DAT
0 STEP
1 86 1340.0 -696 210.0 -1 0 0 0 1 0 0 0 -1 3010.DAT
0 STEP
1 86 1340.0 -744 210.0 -1 0 0 0 1 0 0 0 -1 3010.DAT
0 STEP
1 86 1380.0 -816 210.0 -1 0 0 0 1 0 0 0 -1 3008.DAT
0 STEP
1 86 1310.0 -864 240.0 0 0 1 0 1 0 -1 0 0 3010.DAT
0 STEP
1 86 1340.0 -936 210.0 -1 0 0 0 1 0 0 0 -1 3010.DAT
0 STEP
1 86 1340.0 -1128 210.0 -1 0 0 0 1 0 0 0 -1 3010.DAT
0 STEP
1 86 1340.0 -1176 210.0 -1 0 0 0 1 0 0 0 -1 3010.DAT
0 STEP
1 86 1310.0 -1440 210.0 0 0 1 0 1 0 -1 0 0 3005.DAT
0 STEP
1 86 1380.0 -1464 210.0 -1 0 0 0 1 0 0 0 -1 3008.DAT
0 STEP
1 86 1380.0 -1512 210.0 -1 0 0 0 1 0 0 0 -1 3008.DAT
0 STEP
1 86 1320.0 -912 270.0 -1 0 0 0 1 0 0 0 -1 3004.DAT
0 STEP
1 86 1340.0 -864 290.0 -1 0 0 0 1 0 0 0 -1 3010.DAT
0 STEP
1 86 1310.0 -912 340.0 0 0 1 0 1 0 -1 0 0 3009.DAT
0 STEP
1 86 1310.0 -864 330.0 0 0 1 0 1 0 -1 0 0 3622.DAT
0 STEP
1 86 1320.0 -864 400.0 0 0 1 0 1 0 -1 0 0 3001.DAT
0 STEP
1 86 1340.0 -864 450.0 -1 0 0 0 1 0 0 0 -1 3010.DAT
0 STEP
1 86 1340.0 -888 450.0 -1 0 0 0 1 0 0 0 -1 3010.DAT
0 STEP
1 86 1340.0 -888 480.0 -1 0 0 0 1 0 0 0 -1 3001.DAT
0 STEP
1 86 1320.0 -864 520.0 0 0 1 0 1 0 -1 0 0 3001.DAT
0 STEP
1 86 1330.0 -888 510.0 -1 0 0 0 1 0 0 0 -1 3622.DAT
0 STEP
1 86 1320.0 -912 540.0 0 0 1 0 1 0 -1 0 0 3003.DAT
0 STEP
1 86 1320.0 -864 570.0 -1 0 0 0 1 0 0 0 -1 3004.DAT
0 STEP
1 86 1310.0 -864 620.0 0 0 1 0 1 0 -1 0 0 3004.DAT
0 STEP
1 86 1360.0 -864 690.0 -1 0 0 0 1 0 0 0 -1 3009.DAT
0 STEP
1 86 1360.0 -912 690.0 -1 0 0 0 1 0 0 0 -1 3009.DAT
0 STEP
1 86 1330.0 0 20.0 0 0 1 0 1 0 -1 0 0 3004.DAT
0 STEP
1 86 1400.0 -120 10.0 -1 0 0 0 1 0 0 0 -1 3008.DAT
0 STEP
1 86 1360.0 -144 10.0 -1 0 0 0 1 0 0 0 -1 3010.DAT
0 STEP
1 86 1340.0 -168 30.0 0 0 1 0 1 0 -1 0 0 3002.DAT
0 STEP
1 86 1340.0 -240 20.0 0 0 1 0 1 0 -1 0 0 3003.DAT
0 STEP
1 86 1330.0 -264 10.0 0 0 1 0 1 0 -1 0 0 3005.DAT
0 STEP
1 86 1330.0 -312 10.0 0 0 1 0 1 0 -1 0 0 3005.DAT
0 STEP
1 86 1340.0 -336 30.0 0 0 1 0 1 0 -1 0 0 3002.DAT
0 STEP
1 86 1360.0 -360 20.0 -1 0 0 0 1 0 0 0 -1 3001.DAT
0 STEP
1 86 1340.0 -384 30.0 0 0 1 0 1 0 -1 0 0 3002.DAT
0 STEP
1 86 1360.0 -432 20.0 -1 0 0 0 1 0 0 0 -1 3001.DAT
0 STEP
1 86 1330.0 -480 30.0 0 0 1 0 1 0 -1 0 0 3622.DAT
0 STEP
1 86 1340.0 -528 30.0 0 0 1 0 1 0 -1 0 0 3002.DAT
0 STEP
1 86 1340.0 -552 10.0 -1 0 0 0 1 0 0 0 -1 3004.DAT
0 STEP
1 86 1340.0 -576 30.0 0 0 1 0 1 0 -1 0 0 3002.DAT
0 STEP
1 86 1340.0 -624 30.0 0 0 1 0 1 0 -1 0 0 3002.DAT
0 STEP
1 86 1330.0 -648 20.0 0 0 1 0 1 0 -1 0 0 3004.DAT
0 STEP
1 86 1340.0 -744 30.0 0 0 1 0 1 0 -1 0 0 3002.DAT
0 STEP
1 86 1360.0 -816 10.0 -1 0 0 0 1 0 0 0 -1 3010.DAT
0 STEP
1 86 1340.0 -936 30.0 0 0 1 0 1 0 -1 0 0 3002.DAT
0 STEP
1 86 1330.0 -1008 30.0 0 0 1 0 1 0 -1 0 0 3622.DAT
0 STEP
1 86 1360.0 -1056 20.0 -1 0 0 0 1 0 0 0 -1 3001.DAT
0 STEP
1 86 1340.0 -1128 30.0 0 0 1 0 1 0 -1 0 0 3002.DAT
0 STEP
1 86 1330.0 -1152 30.0 0 0 1 0 1 0 -1 0 0 3622.DAT
0 STEP
1 86 1360.0 -1200 10.0 -1 0 0 0 1 0 0 0 -1 3010.DAT
0 STEP
1 86 1360.0 -1320 20.0 -1 0 0 0 1 0 0 0 -1 3001.DAT
0 STEP
1 86 1340.0 -1368 10.0 -1 0 0 0 1 0 0 0 -1 3004.DAT
0 STEP
1 86 1340.0 -1416 30.0 0 0 1 0 1 0 -1 0 0 3002.DAT
0 STEP
1 86 1360.0 -1608 10.0 -1 0 0 0 1 0 0 0 -1 3010.DAT
0 STEP
1 86 1360.0 -1656 20.0 -1 0 0 0 1 0 0 0 -1 3001.DAT
0 STEP
1 86 1330.0 -1752 20.0 0 0 1 0 1 0 -1 0 0 3004.DAT
0 STEP
1 86 1360.0 -144 40.0 -1 0 0 0 1 0 0 0 -1 3001.DAT
0 STEP
1 86 1380.0 -552 30.0 -1 0 0 0 1 0 0 0 -1 3009.DAT
0 STEP
1 86 1340.0 -720 30.0 -1 0 0 0 1 0 0 0 -1 3004.DAT
0 STEP
1 86 1350.0 -864 40.0 -1 0 0 0 1 0 0 0 -1 3002.DAT
0 STEP
1 86 1400.0 -912 30.0 -1 0 0 0 1 0 0 0 -1 3008.DAT
0 STEP
1 86 1360.0 -1200 40.0 -1 0 0 0 1 0 0 0 -1 3001.DAT
0 STEP
1 86 1360.0 -1608 40.0 -1 0 0 0 1 0 0 0 -1 3001.DAT
0 STEP
1 86 1380.0 0 50.0 -1 0 0 0 1 0 0 0 -1 3009.DAT
0 STEP
1 86 1330.0 -24 80.0 0 0 1 0 1 0 -1 0 0 3010.DAT
0 STEP
1 86 1380.0 -240 50.0 -1 0 0 0 1 0 0 0 -1 3009.DAT
0 STEP
1 86 1360.0 -432 50.0 -1 0 0 0 1 0 0 0 -1 3010.DAT
0 STEP
1 86 1330.0 -552 50.0 0 0 1 0 1 0 -1 0 0 3005.DAT
0 STEP
1 86 1380.0 -648 50.0 -1 0 0 0 1 0 0 0 -1 3009.DAT
0 STEP
1 86 1360.0 -696 50.0 -1 0 0 0 1 0 0 0 -1 3010.DAT
0 STEP
1 86 1330.0 -912 50.0 0 0 1 0 1 0 -1 0 0 3005.DAT
0 STEP
1 86 1330.0 -960 50.0 0 0 1 0 1 0 -1 0 0 3005.DAT
0 STEP
1 86 1330.0 -1056 50.0 0 0 1 0 1 0 -1 0 0 3005.DAT
0 STEP
1 86 1360.0 -1104 50.0 -1 0 0 0 1 0 0 0 -1 3010.DAT
0 STEP
1 86 1400.0 -1248 50.0 -1 0 0 0 1 0 0 0 -1 3008.DAT
0 STEP
1 86 1360.0 -1320 50.0 -1 0 0 0 1 0 0 0 -1 3010.DAT
0 STEP
1 86 1380.0 -1536 50.0 -1 0 0 0 1 0 0 0 -1 3009.DAT
0 STEP
1 86 1360.0 -1656 50.0 -1 0 0 0 1 0 0 0 -1 3010.DAT
0 STEP
1 86 1340.0 -1704 70.0 0 0 1 0 1 0 -1 0 0 3002.DAT
0 STEP
1 86 1340.0 -1752 50.0 -1 0 0 0 1 0 0 0 -1 3004.DAT
0 STEP
1 86 1330.0 0 100.0 0 0 1 0 1 0 -1 0 0 3010.DAT
0 STEP
1 86 1330.0 -1752 100.0 0 0 1 0 1 0 -1 0 0 3010.DAT
0 STEP
1 86 1340.0 -48 120.0 0 0 1 0 1 0 -1 0 0 3001.DAT
0 STEP
1 86 1330.0 0 150.0 0 0 1 0 1 0 -1 0 0 3005.DAT
0 STEP
1 86 1330.0 -1728 180.0 0 0 1 0 1 0 -1 0 0 3010.DAT
0 STEP
1 86 1330.0 -1752 150.0 0 0 1 0 1 0 -1 0 0 3005.DAT
0 STEP
1 86 1330.0 -72 170.0 0 0 1 0 1 0 -1 0 0 3005.DAT
0 STEP
1 86 1360.0 -144 180.0 -1 0 0 0 1 0 0 0 -1 3001.DAT
0 STEP
1 86 1380.0 -264 170.0 -1 0 0 0 1 0 0 0 -1 3009.DAT
0 STEP
1 86 1350.0 -336 180.0 -1 0 0 0 1 0 0 0 -1 3002.DAT
0 STEP
1 86 1360.0 -384 180.0 -1 0 0 0 1 0 0 0 -1 3001.DAT
0 STEP
1 86 1330.0 -432 190.0 0 0 1 0 1 0 -1 0 0 3622.DAT
0 STEP
1 86 1340.0 -504 190.0 0 0 1 0 1 0 -1 0 0 3002.DAT
0 STEP
1 86 1330.0 -576 180.0 0 0 1 0 1 0 -1 0 0 3004.DAT
0 STEP
1 86 1340.0 -648 190.0 0 0 1 0 1 0 -1 0 0 3002.DAT
0 STEP
1 86 1330.0 -720 170.0 0 0 1 0 1 0 -1 0 0 3005.DAT
0 STEP
1 86 1340.0 -792 190.0 0 0 1 0 1 0 -1 0 0 3002.DAT
0 STEP
1 86 1340.0 -960 190.0 0 0 1 0 1 0 -1 0 0 3002.DAT
0 STEP
1 86 1330.0 -1056 190.0 0 0 1 0 1 0 -1 0 0 3622.DAT
0 STEP
1 86 1420.0 -1128 180.0 -1 0 0 0 1 0 0 0 -1 3006.DAT
0 STEP
1 86 1340.0 -1224 190.0 0 0 1 0 1 0 -1 0 0 3002.DAT
0 STEP
1 86 1340.0 -1320 190.0 0 0 1 0 1 0 -1 0 0 3002.DAT
0 STEP
1 86 1360.0 -1416 180.0 -1 0 0 0 1 0 0 0 -1 3001.DAT
0 STEP
1 86 1330.0 -1440 190.0 0 0 1 0 1 0 -1 0 0 3622.DAT
0 STEP
1 86 1340.0 -1488 190.0 0 0 1 0 1 0 -1 0 0 3002.DAT
0 STEP
1 86 1330.0 -1512 180.0 0 0 1 0 1 0 -1 0 0 3004.DAT
0 STEP
1 86 1340.0 -1584 190.0 0 0 1 0 1 0 -1 0 0 3002.DAT
0 STEP
1 86 1330.0 -1632 190.0 0 0 1 0 1 0 -1 0 0 3622.DAT
0 STEP
1 86 1340.0 -1680 190.0 0 0 1 0 1 0 -1 0 0 3002.DAT
0 STEP
1 86 1360.0 -72 200.0 -1 0 0 0 1 0 0 0 -1 3001.DAT
0 STEP
1 86 1360.0 -264 190.0 -1 0 0 0 1 0 0 0 -1 3010.DAT
0 STEP
1 86 1330.0 -912 220.0 0 0 1 0 1 0 -1 0 0 3010.DAT
0 STEP
1 86 1330.0 -360 210.0 0 0 1 0 1 0 -1 0 0 3005.DAT
0 STEP
1 86 1360.0 -384 210.0 -1 0 0 0 1 0 0 0 -1 3010.DAT
0 STEP
1 86 1400.0 -480 210.0 -1 0 0 0 1 0 0 0 -1 3008.DAT
0 STEP
1 86 1360.0 -576 210.0 -1 0 0 0 1 0 0 0 -1 3010.DAT
0 STEP
1 86 1340.0 -864 240.0 0 0 1 0 1 0 -1 0 0 3001.DAT
0 STEP
1 86 1330.0 -1104 210.0 0 0 1 0 1 0 -1 0 0 3005.DAT
0 STEP
1 86 1330.0 -1152 210.0 0 0 1 0 1 0 -1 0 0 3005.DAT
0 STEP
1 86 1350.0 -1248 210.0 -1 0 0 0 1 0 0 0 -1 3622.DAT
0 STEP
1 86 1330.0 -1296 210.0 0 0 1 0 1 0 -1 0 0 3005.DAT
0 STEP
1 86 1360.0 -1416 210.0 -1 0 0 0 1 0 0 0 -1 3010.DAT
0 STEP
1 86 1330.0 -888 250.0 0 0 1 0 1 0 -1 0 0 3005.DAT
0 STEP
1 86 1330.0 -888 300.0 0 0 1 0 1 0 -1 0 0 3004.DAT
0 STEP
1 86 1360.0 -912 290.0 -1 0 0 0 1 0 0 0 -1 3010.DAT
0 STEP
1 86 1360.0 -864 310.0 -1 0 0 0 1 0 0 0 -1 3010.DAT
0 STEP
1 86 1330.0 -912 360.0 0 0 1 0 1 0 -1 0 0 3009.DAT
0 STEP
1 86 1330.0 -864 330.0 0 0 1 0 1 0 -1 0 0 3005.DAT
0 STEP
1 86 1350.0 -864 350.0 -1 0 0 0 1 0 0 0 -1 3622.DAT
0 STEP
1 86 1330.0 -912 460.0 0 0 1 0 1 0 -1 0 0 3010.DAT
0 STEP
1 86 1340.0 -888 560.0 0 0 1 0 1 0 -1 0 0 3003.DAT
0 STEP
1 86 1340.0 -912 600.0 0 0 1 0 1 0 -1 0 0 3001.DAT
0 STEP
1 86 1360.0 -888 590.0 -1 0 0 0 1 0 0 0 -1 3010.DAT
0 STEP
1 86 1330.0 -864 610.0 0 0 1 0 1 0 -1 0 0 3005.DAT
0 STEP
1 86 1350.0 -864 640.0 -1 0 0 0 1 0 0 0 -1 3002.DAT
0 STEP
1 86 1340.0 -888 660.0 0 0 1 0 1 0 -1 0 0 3001.DAT
0 STEP
1 86 1330.0 -912 650.0 0 0 1 0 1 0 -1 0 0 3005.DAT
0 STEP
1 86 1400.0 -912 670.0 -1 0 0 0 1 0 0 0 -1 3008.DAT
0 STEP
1 86 1400.0 0 20.0 -1 0 0 0 1 0 0 0 -1 2456.DAT
0 STEP
1 86 1380.0 -48 10.0 -1 0 0 0 1 0 0 0 -1 3010.DAT
0 STEP
1 86 1350.0 -72 30.0 0 0 1 0 1 0 -1 0 0 3622.DAT
0 STEP
1 86 1360.0 -96 30.0 0 0 1 0 1 0 -1 0 0 3002.DAT
0 STEP
1 86 1420.0 -192 10.0 -1 0 0 0 1 0 0 0 -1 3008.DAT
0 STEP
1 86 1380.0 -264 10.0 -1 0 0 0 1 0 0 0 -1 3010.DAT
0 STEP
1 86 1360.0 -288 30.0 0 0 1 0 1 0 -1 0 0 3002.DAT
0 STEP
1 86 1380.0 -312 10.0 -1 0 0 0 1 0 0 0 -1 3010.DAT
0 STEP
1 86 1360.0 -480 30.0 0 0 1 0 1 0 -1 0 0 3002.DAT
0 STEP
1 86 1420.0 -648 20.0 -1 0 0 0 1 0 0 0 -1 3007.DAT
0 STEP
1 86 1380.0 -720 10.0 -1 0 0 0 1 0 0 0 -1 3010.DAT
0 STEP
1 86 1350.0 -792 30.0 0 0 1 0 1 0 -1 0 0 3622.DAT
0 STEP
1 86 1350.0 -840 20.0 0 0 1 0 1 0 -1 0 0 3004.DAT
0 STEP
1 86 1360.0 -888 30.0 0 0 1 0 1 0 -1 0 0 3002.DAT
0 STEP
1 86 1360.0 -1008 30.0 0 0 1 0 1 0 -1 0 0 3002.DAT
0 STEP
1 86 1350.0 -1080 20.0 0 0 1 0 1 0 -1 0 0 3004.DAT
0 STEP
1 86 1380.0 -1152 20.0 -1 0 0 0 1 0 0 0 -1 3001.DAT
0 STEP
1 86 1360.0 -1272 30.0 0 0 1 0 1 0 -1 0 0 3002.DAT
0 STEP
1 86 1420.0 -1296 10.0 -1 0 0 0 1 0 0 0 -1 3008.DAT
0 STEP
1 86 1360.0 -1464 30.0 0 0 1 0 1 0 -1 0 0 3002.DAT
0 STEP
1 86 1360.0 -1512 30.0 0 0 1 0 1 0 -1 0 0 3002.DAT
0 STEP
1 86 1360.0 -1560 30.0 0 0 1 0 1 0 -1 0 0 3002.DAT
0 STEP
1 86 1350.0 -1632 10.0 0 0 1 0 1 0 -1 0 0 3005.DAT
0 STEP
1 86 1360.0 -1680 30.0 0 0 1 0 1 0 -1 0 0 3002.DAT
0 STEP
1 86 1380.0 -1752 10.0 -1 0 0 0 1 0 0 0 -1 3010.DAT
0 STEP
1 86 1360.0 -192 30.0 -1 0 0 0 1 0 0 0 -1 3004.DAT
0 STEP
1 86 1350.0 -456 40.0 0 0 1 0 1 0 -1 0 0 3004.DAT
0 STEP
1 86 1350.0 -672 40.0 0 0 1 0 1 0 -1 0 0 3004.DAT
0 STEP
1 86 1380.0 -960 40.0 -1 0 0 0 1 0 0 0 -1 3001.DAT
0 STEP
1 86 1420.0 -1296 40.0 -1 0 0 0 1 0 0 0 -1 3007.DAT
0 STEP
1 86 1350.0 -1752 30.0 0 0 1 0 1 0 -1 0 0 3005.DAT
0 STEP
1 86 1350.0 -24 70.0 0 0 1 0 1 0 -1 0 0 3622.DAT
0 STEP
1 86 1350.0 -216 50.0 0 0 1 0 1 0 -1 0 0 3005.DAT
0 STEP
1 86 1380.0 -552 50.0 -1 0 0 0 1 0 0 0 -1 3010.DAT
0 STEP
1 86 1380.0 -840 50.0 -1 0 0 0 1 0 0 0 -1 3010.DAT
0 STEP
1 86 1400.0 -912 50.0 -1 0 0 0 1 0 0 0 -1 3009.DAT
0 STEP
1 86 1380.0 -1056 50.0 -1 0 0 0 1 0 0 0 -1 3010.DAT
0 STEP
1 86 1380.0 -1152 50.0 -1 0 0 0 1 0 0 0 -1 3010.DAT
0 STEP
1 86 1350.0 -1224 50.0 0 0 1 0 1 0 -1 0 0 3005.DAT
0 STEP
1 86 1350.0 -1632 50.0 0 0 1 0 1 0 -1 0 0 3005.DAT
0 STEP
1 86 1350.0 -1728 60.0 0 0 1 0 1 0 -1 0 0 3004.DAT
0 STEP
1 86 1380.0 0 80.0 -1 0 0 0 1 0 0 0 -1 3001.DAT
0 STEP
1 86 1350.0 -1752 70.0 0 0 1 0 1 0 -1 0 0 3005.DAT
0 STEP
1 86 1350.0 -1752 120.0 0 0 1 0 1 0 -1 0 0 3010.DAT
0 STEP
1 86 1350.0 0 140.0 0 0 1 0 1 0 -1 0 0 3010.DAT
0 STEP
1 86 1370.0 -24 110.0 -1 0 0 0 1 0 0 0 -1 3622.DAT
0 STEP
1 86 1350.0 -1704 140.0 0 0 1 0 1 0 -1 0 0 3010.DAT
0 STEP
1 86 1380.0 -24 160.0 -1 0 0 0 1 0 0 0 -1 3001.DAT
0 STEP
1 86 1350.0 -1728 160.0 0 0 1 0 1 0 -1 0 0 3004.DAT
0 STEP
1 86 1380.0 -72 170.0 -1 0 0 0 1 0 0 0 -1 3010.DAT
0 STEP
1 86 1370.0 -120 170.0 -1 0 0 0 1 0 0 0 -1 3622.DAT
0 STEP
1 86 1350.0 -168 190.0 0 0 1 0 1 0 -1 0 0 3622.DAT
0 STEP
1 86 1350.0 -240 190.0 0 0 1 0 1 0 -1 0 0 3622.DAT
0 STEP
1 86 1360.0 -288 190.0 0 0 1 0 1 0 -1 0 0 3002.DAT
0 STEP
1 86 1380.0 -312 170.0 -1 0 0 0 1 0 0 0 -1 3010.DAT
0 STEP
1 86 1350.0 -360 190.0 0 0 1 0 1 0 -1 0 0 3622.DAT
0 STEP
1 86 1350.0 -408 170.0 0 0 1 0 1 0 -1 0 0 3005.DAT
0 STEP
1 86 1380.0 -432 170.0 -1 0 0 0 1 0 0 0 -1 3010.DAT
0 STEP
1 86 1360.0 -456 190.0 0 0 1 0 1 0 -1 0 0 3002.DAT
0 STEP
1 86 1380.0 -576 180.0 -1 0 0 0 1 0 0 0 -1 3001.DAT
0 STEP
1 86 1350.0 -720 190.0 0 0 1 0 1 0 -1 0 0 3622.DAT
0 STEP
1 86 1360.0 -840 190.0 0 0 1 0 1 0 -1 0 0 3002.DAT
0 STEP
1 86 1350.0 -1008 190.0 0 0 1 0 1 0 -1 0 0 3622.DAT
0 STEP
1 86 1370.0 -1056 170.0 -1 0 0 0 1 0 0 0 -1 3622.DAT
0 STEP
1 86 1360.0 -1104 190.0 0 0 1 0 1 0 -1 0 0 3002.DAT
0 STEP
1 86 1360.0 -1368 190.0 0 0 1 0 1 0 -1 0 0 3002.DAT
0 STEP
1 86 1360.0 -1440 190.0 0 0 1 0 1 0 -1 0 0 3002.DAT
0 STEP
1 86 1420.0 -1512 180.0 -1 0 0 0 1 0 0 0 -1 3007.DAT
0 STEP
1 86 1350.0 -1536 190.0 0 0 1 0 1 0 -1 0 0 3622.DAT
0 STEP
1 86 1360.0 -1632 190.0 0 0 1 0 1 0 -1 0 0 3002.DAT
0 STEP
1 86 1350.0 0 190.0 0 0 1 0 1 0 -1 0 0 3005.DAT
0 STEP
1 86 1380.0 -24 200.0 -1 0 0 0 1 0 0 0 -1 3001.DAT
0 STEP
1 86 1350.0 -48 200.0 0 0 1 0 1 0 -1 0 0 3004.DAT
0 STEP
1 86 1350.0 -96 200.0 0 0 1 0 1 0 -1 0 0 3004.DAT
0 STEP
1 86 1380.0 -120 190.0 -1 0 0 0 1 0 0 0 -1 3010.DAT
0 STEP
1 86 1350.0 -312 190.0 0 0 1 0 1 0 -1 0 0 3005.DAT
0 STEP
1 86 1380.0 -432 200.0 -1 0 0 0 1 0 0 0 -1 3001.DAT
0 STEP
1 86 1370.0 -672 190.0 -1 0 0 0 1 0 0 0 -1 3622.DAT
0 STEP
1 86 1420.0 -912 200.0 -1 0 0 0 1 0 0 0 -1 3007.DAT
0 STEP
1 86 1370.0 -1056 200.0 -1 0 0 0 1 0 0 0 -1 3002.DAT
0 STEP
1 86 1360.0 -1152 200.0 0 0 1 0 1 0 -1 0 0 3003.DAT
0 STEP
1 86 1370.0 -1296 200.0 -1 0 0 0 1 0 0 0 -1 3002.DAT
0 STEP
1 86 1400.0 -1608 190.0 -1 0 0 0 1 0 0 0 -1 3009.DAT
0 STEP
1 86 1380.0 -1728 200.0 -1 0 0 0 1 0 0 0 -1 3001.DAT
0 STEP
1 86 1350.0 -1752 190.0 0 0 1 0 1 0 -1 0 0 3005.DAT
0 STEP
1 86 1350.0 -120 210.0 0 0 1 0 1 0 -1 0 0 3005.DAT
0 STEP
1 86 1380.0 -312 210.0 -1 0 0 0 1 0 0 0 -1 3010.DAT
0 STEP
1 86 1350.0 -408 210.0 0 0 1 0 1 0 -1 0 0 3005.DAT
0 STEP
1 86 1350.0 -552 210.0 0 0 1 0 1 0 -1 0 0 3005.DAT
0 STEP
1 86 1350.0 -768 210.0 0 0 1 0 1 0 -1 0 0 3005.DAT
0 STEP
1 86 1350.0 -1704 210.0 0 0 1 0 1 0 -1 0 0 3005.DAT
0 STEP
1 86 1350.0 -888 230.0 0 0 1 0 1 0 -1 0 0 3005.DAT
0 STEP
1 86 1380.0 -912 230.0 -1 0 0 0 1 0 0 0 -1 3010.DAT
0 STEP
1 86 1350.0 -888 280.0 0 0 1 0 1 0 -1 0 0 3010.DAT
0 STEP
1 86 1380.0 -912 260.0 -1 0 0 0 1 0 0 0 -1 3001.DAT
0 STEP
1 86 1380.0 -912 310.0 -1 0 0 0 1 0 0 0 -1 3010.DAT
0 STEP
1 86 1380.0 -864 330.0 -1 0 0 0 1 0 0 0 -1 3010.DAT
0 STEP
1 86 1360.0 -912 400.0 0 0 1 0 1 0 -1 0 0 3007.DAT
0 STEP
1 86 1350.0 -888 350.0 0 0 1 0 1 0 -1 0 0 3005.DAT
0 STEP
1 86 1360.0 -864 400.0 0 0 1 0 1 0 -1 0 0 3001.DAT
0 STEP
1 86 1370.0 -888 370.0 -1 0 0 0 1 0 0 0 -1 3622.DAT
0 STEP
1 86 1400.0 -864 470.0 -1 0 0 0 1 0 0 0 -1 3009.DAT
0 STEP
1 86 1380.0 -864 490.0 -1 0 0 0 1 0 0 0 -1 3010.DAT
0 STEP
1 86 1350.0 -912 520.0 0 0 1 0 1 0 -1 0 0 3010.DAT
0 STEP
1 86 1380.0 -864 520.0 -1 0 0 0 1 0 0 0 -1 3001.DAT
0 STEP
1 86 1360.0 -864 580.0 0 0 1 0 1 0 -1 0 0 3001.DAT
0 STEP
1 86 1380.0 -912 650.0 -1 0 0 0 1 0 0 0 -1 3010.DAT
0 STEP
1 86 1380.0 -24 40.0 0 0 1 0 1 0 -1 0 0 3001.DAT
0 STEP
1 86 1370.0 -72 10.0 0 0 1 0 1 0 -1 0 0 3005.DAT
0 STEP
1 86 1400.0 -168 20.0 -1 0 0 0 1 0 0 0 -1 3001.DAT
0 STEP
1 86 1370.0 -240 10.0 0 0 1 0 1 0 -1 0 0 3005.DAT
0 STEP
1 86 1370.0 -336 10.0 0 0 1 0 1 0 -1 0 0 3005.DAT
0 STEP
1 86 1420.0 -384 20.0 -1 0 0 0 1 0 0 0 -1 2456.DAT
0 STEP
1 86 1370.0 -504 10.0 0 0 1 0 1 0 -1 0 0 3005.DAT
0 STEP
1 86 1370.0 -528 30.0 0 0 1 0 1 0 -1 0 0 3622.DAT
0 STEP
1 86 1440.0 -552 10.0 -1 0 0 0 1 0 0 0 -1 3008.DAT
0 STEP
1 86 1380.0 -576 30.0 0 0 1 0 1 0 -1 0 0 3002.DAT
0 STEP
1 86 1380.0 -624 30.0 0 0 1 0 1 0 -1 0 0 3002.DAT
0 STEP
1 86 1370.0 -672 30.0 0 0 1 0 1 0 -1 0 0 3622.DAT
0 STEP
1 86 1400.0 -744 10.0 -1 0 0 0 1 0 0 0 -1 3010.DAT
0 STEP
1 86 1440.0 -792 10.0 -1 0 0 0 1 0 0 0 -1 3008.DAT
0 STEP
1 86 1370.0 -840 10.0 0 0 1 0 1 0 -1 0 0 3005.DAT
0 STEP
1 86 1370.0 -936 30.0 0 0 1 0 1 0 -1 0 0 3622.DAT
0 STEP
1 86 1370.0 -1032 20.0 0 0 1 0 1 0 -1 0 0 3004.DAT
0 STEP
1 86 1380.0 -1080 30.0 0 0 1 0 1 0 -1 0 0 3002.DAT
0 STEP
1 86 1380.0 -1128 30.0 0 0 1 0 1 0 -1 0 0 3002.DAT
0 STEP
1 86 1370.0 -1224 30.0 0 0 1 0 1 0 -1 0 0 3622.DAT
0 STEP
1 86 1380.0 -1368 30.0 0 0 1 0 1 0 -1 0 0 3002.DAT
0 STEP
1 86 1370.0 -1416 30.0 0 0 1 0 1 0 -1 0 0 3622.DAT
0 STEP
1 86 1400.0 -1536 20.0 -1 0 0 0 1 0 0 0 -1 3001.DAT
0 STEP
1 86 1420.0 -1584 10.0 -1 0 0 0 1 0 0 0 -1 3009.DAT
0 STEP
1 86 1370.0 -1632 30.0 0 0 1 0 1 0 -1 0 0 3622.DAT
0 STEP
1 86 1400.0 -1704 10.0 -1 0 0 0 1 0 0 0 -1 3010.DAT
0 STEP
1 86 1400.0 -72 30.0 -1 0 0 0 1 0 0 0 -1 3010.DAT
0 STEP
1 86 1370.0 -216 40.0 0 0 1 0 1 0 -1 0 0 3004.DAT
0 STEP
1 86 1400.0 -240 30.0 -1 0 0 0 1 0 0 0 -1 3010.DAT
0 STEP
1 86 1420.0 -336 40.0 -1 0 0 0 1 0 0 0 -1 2456.DAT
0 STEP
1 86 1370.0 -456 30.0 0 0 1 0 1 0 -1 0 0 3005.DAT
0 STEP
1 86 1390.0 -720 40.0 -1 0 0 0 1 0 0 0 -1 3002.DAT
0 STEP
1 86 1440.0 -744 40.0 -1 0 0 0 1 0 0 0 -1 3007.DAT
0 STEP
1 86 1440.0 -792 40.0 -1 0 0 0 1 0 0 0 -1 3007.DAT
0 STEP
1 86 1400.0 -840 30.0 -1 0 0 0 1 0 0 0 -1 3010.DAT
0 STEP
1 86 1370.0 -1176 30.0 0 0 1 0 1 0 -1 0 0 3005.DAT
0 STEP
1 86 1370.0 -1344 30.0 0 0 1 0 1 0 -1 0 0 3005.DAT
0 STEP
1 86 1370.0 -1704 30.0 0 0 1 0 1 0 -1 0 0 3005.DAT
0 STEP
1 86 1380.0 -1752 60.0 0 0 1 0 1 0 -1 0 0 3001.DAT
0 STEP
1 86 1370.0 -48 70.0 0 0 1 0 1 0 -1 0 0 3622.DAT
0 STEP
1 86 1370.0 -72 50.0 0 0 1 0 1 0 -1 0 0 3005.DAT
0 STEP
1 86 1400.0 -120 50.0 -1 0 0 0 1 0 0 0 -1 3010.DAT
0 STEP
1 86 1400.0 -168 50.0 -1 0 0 0 1 0 0 0 -1 3010.DAT
0 STEP
1 86 1420.0 -384 50.0 -1 0 0 0 1 0 0 0 -1 3009.DAT
0 STEP
1 86 1440.0 -456 50.0 -1 0 0 0 1 0 0 0 -1 3008.DAT
0 STEP
1 86 1400.0 -1344 50.0 -1 0 0 0 1 0 0 0 -1 3010.DAT
0 STEP
1 86 1370.0 -1704 80.0 0 0 1 0 1 0 -1 0 0 3010.DAT
0 STEP
1 86 1400.0 -1728 50.0 -1 0 0 0 1 0 0 0 -1 3010.DAT
0 STEP
1 86 1370.0 -1728 100.0 0 0 1 0 1 0 -1 0 0 3010.DAT
0 STEP
1 86 1380.0 -24 90.0 -1 0 0 0 1 0 0 0 -1 3004.DAT
0 STEP
1 86 1390.0 0 120.0 -1 0 0 0 1 0 0 0 -1 3002.DAT
0 STEP
1 86 1400.0 -48 110.0 -1 0 0 0 1 0 0 0 -1 3010.DAT
0 STEP
1 86 1390.0 -1752 110.0 -1 0 0 0 1 0 0 0 -1 3622.DAT
0 STEP
1 86 1370.0 -48 160.0 0 0 1 0 1 0 -1 0 0 3010.DAT
0 STEP
1 86 1370.0 -1704 150.0 0 0 1 0 1 0 -1 0 0 3622.DAT
0 STEP
1 86 1370.0 -1752 140.0 0 0 1 0 1 0 -1 0 0 3004.DAT
0 STEP
1 86 1380.0 0 180.0 0 0 1 0 1 0 -1 0 0 3001.DAT
0 STEP
1 86 1400.0 -1728 160.0 -1 0 0 0 1 0 0 0 -1 3001.DAT
0 STEP
1 86 1370.0 -96 190.0 0 0 1 0 1 0 -1 0 0 3622.DAT
0 STEP
1 86 1400.0 -168 170.0 -1 0 0 0 1 0 0 0 -1 3010.DAT
0 STEP
1 86 1380.0 -192 190.0 0 0 1 0 1 0 -1 0 0 3002.DAT
0 STEP
1 86 1380.0 -240 190.0 0 0 1 0 1 0 -1 0 0 3002.DAT
0 STEP
1 86 1370.0 -360 170.0 0 0 1 0 1 0 -1 0 0 3005.DAT
0 STEP
1 86 1380.0 -408 190.0 0 0 1 0 1 0 -1 0 0 3002.DAT
0 STEP
1 86 1380.0 -504 190.0 0 0 1 0 1 0 -1 0 0 3002.DAT
0 STEP
1 86 1370.0 -552 190.0 0 0 1 0 1 0 -1 0 0 3622.DAT
0 STEP
1 86 1380.0 -648 190.0 0 0 1 0 1 0 -1 0 0 3002.DAT
0 STEP
1 86 1420.0 -720 180.0 -1 0 0 0 1 0 0 0 -1 2456.DAT
0 STEP
1 86 1380.0 -792 190.0 0 0 1 0 1 0 -1 0 0 3002.DAT
0 STEP
1 86 1380.0 -960 190.0 0 0 1 0 1 0 -1 0 0 3002.DAT
0 STEP
1 86 1380.0 -1008 190.0 0 0 1 0 1 0 -1 0 0 3002.DAT
0 STEP
1 86 1370.0 -1152 170.0 0 0 1 0 1 0 -1 0 0 3005.DAT
0 STEP
1 86 1440.0 -1176 170.0 -1 0 0 0 1 0 0 0 -1 3008.DAT
0 STEP
1 86 1400.0 -1224 180.0 -1 0 0 0 1 0 0 0 -1 3001.DAT
0 STEP
1 86 1370.0 -1272 190.0 0 0 1 0 1 0 -1 0 0 3622.DAT
0 STEP
1 86 1380.0 -1320 180.0 0 0 1 0 1 0 -1 0 0 3003.DAT
0 STEP
1 86 1380.0 -1488 190.0 0 0 1 0 1 0 -1 0 0 3002.DAT
0 STEP
1 86 1380.0 -1536 190.0 0 0 1 0 1 0 -1 0 0 3002.DAT
0 STEP
1 86 1380.0 -1584 190.0 0 0 1 0 1 0 -1 0 0 3002.DAT
0 STEP
1 86 1370.0 -1608 170.0 0 0 1 0 1 0 -1 0 0 3005.DAT
0 STEP
1 86 1400.0 -1680 180.0 -1 0 0 0 1 0 0 0 -1 3001.DAT
0 STEP
1 86 1400.0 -168 200.0 -1 0 0 0 1 0 0 0 -1 3001.DAT
0 STEP
1 86 1400.0 -312 190.0 -1 0 0 0 1 0 0 0 -1 3010.DAT
0 STEP
1 86 1420.0 -360 200.0 -1 0 0 0 1 0 0 0 -1 2456.DAT
0 STEP
1 86 1370.0 -600 200.0 0 0 1 0 1 0 -1 0 0 3004.DAT
0 STEP
1 86 1400.0 -1176 190.0 -1 0 0 0 1 0 0 0 -1 3010.DAT
0 STEP
1 86 1400.0 -1392 200.0 -1 0 0 0 1 0 0 0 -1 3001.DAT
0 STEP
1 86 1390.0 -1704 200.0 -1 0 0 0 1 0 0 0 -1 3002.DAT
0 STEP
1 86 1370.0 -1752 200.0 0 0 1 0 1 0 -1 0 0 3004.DAT
0 STEP
1 86 1370.0 -48 210.0 0 0 1 0 1 0 -1 0 0 3005.DAT
0 STEP
1 86 1400.0 -120 210.0 -1 0 0 0 1 0 0 0 -1 3010.DAT
0 STEP
1 86 1370.0 -336 210.0 0 0 1 0 1 0 -1 0 0 3005.DAT
0 STEP
1 86 1380.0 -672 210.0 -1 0 0 0 1 0 0 0 -1 3004.DAT
0 STEP
1 86 1420.0 -720 210.0 -1 0 0 0 1 0 0 0 -1 3009.DAT
0 STEP
1 86 1400.0 -768 210.0 -1 0 0 0 1 0 0 0 -1 3010.DAT
0 STEP
1 86 1380.0 -864 240.0 0 0 1 0 1 0 -1 0 0 3001.DAT
0 STEP
1 86 1370.0 -888 210.0 0 0 1 0 1 0 -1 0 0 3005.DAT
0 STEP
1 86 1440.0 -1080 210.0 -1 0 0 0 1 0 0 0 -1 3008.DAT
0 STEP
1 86 1370.0 -1200 210.0 0 0 1 0 1 0 -1 0 0 3005.DAT
0 STEP
1 86 1370.0 -1224 210.0 0 0 1 0 1 0 -1 0 0 3005.DAT
0 STEP
1 86 1370.0 -1320 210.0 0 0 1 0 1 0 -1 0 0 3005.DAT
0 STEP
1 86 1370.0 -1608 210.0 0 0 1 0 1 0 -1 0 0 3005.DAT
0 STEP
1 86 1400.0 -1680 210.0 -1 0 0 0 1 0 0 0 -1 3010.DAT
0 STEP
1 86 1400.0 -888 230.0 -1 0 0 0 1 0 0 0 -1 3010.DAT
0 STEP
1 86 1370.0 -888 300.0 0 0 1 0 1 0 -1 0 0 3009.DAT
0 STEP
1 86 1370.0 -912 510.0 0 0 1 0 1 0 -1 0 0 3622.DAT
0 STEP
1 86 1370.0 -888 540.0 0 0 1 0 1 0 -1 0 0 3010.DAT
0 STEP
1 86 1370.0 -912 580.0 0 0 1 0 1 0 -1 0 0 3010.DAT
0 STEP
1 86 1370.0 -888 640.0 0 0 1 0 1 0 -1 0 0 3010.DAT
0 STEP
1 86 1370.0 -912 630.0 0 0 1 0 1 0 -1 0 0 3005.DAT
0 STEP
1 86 1370.0 -888 690.0 0 0 1 0 1 0 -1 0 0 3005.DAT
0 STEP
1 86 1420.0 -72 10.0 -1 0 0 0 1 0 0 0 -1 3010.DAT
0 STEP
1 86 1390.0 -96 30.0 0 0 1 0 1 0 -1 0 0 3622.DAT
0 STEP
1 86 1400.0 -216 30.0 0 0 1 0 1 0 -1 0 0 3002.DAT
0 STEP
1 86 1420.0 -240 10.0 -1 0 0 0 1 0 0 0 -1 3010.DAT
0 STEP
1 86 1420.0 -288 20.0 -1 0 0 0 1 0 0 0 -1 3001.DAT
0 STEP
1 86 1420.0 -336 10.0 -1 0 0 0 1 0 0 0 -1 3010.DAT
0 STEP
1 86 1400.0 -408 20.0 0 0 1 0 1 0 -1 0 0 3003.DAT
0 STEP
1 86 1420.0 -456 20.0 -1 0 0 0 1 0 0 0 -1 3001.DAT
0 STEP
1 86 1390.0 -480 30.0 0 0 1 0 1 0 -1 0 0 3622.DAT
0 STEP
1 86 1440.0 -504 10.0 -1 0 0 0 1 0 0 0 -1 3009.DAT
0 STEP
1 86 1400.0 -528 30.0 0 0 1 0 1 0 -1 0 0 3002.DAT
0 STEP
1 86 1390.0 -600 10.0 0 0 1 0 1 0 -1 0 0 3005.DAT
0 STEP
1 86 1420.0 -672 20.0 -1 0 0 0 1 0 0 0 -1 3001.DAT
0 STEP
1 86 1400.0 -768 30.0 0 0 1 0 1 0 -1 0 0 3002.DAT
0 STEP
1 86 1460.0 -840 10.0 -1 0 0 0 1 0 0 0 -1 3008.DAT
0 STEP
1 86 1390.0 -864 30.0 0 0 1 0 1 0 -1 0 0 3622.DAT
0 STEP
1 86 1390.0 -888 30.0 0 0 1 0 1 0 -1 0 0 3622.DAT
0 STEP
1 86 1390.0 -912 10.0 0 0 1 0 1 0 -1 0 0 3005.DAT
0 STEP
1 86 1400.0 -936 30.0 0 0 1 0 1 0 -1 0 0 3002.DAT
0 STEP
1 86 1400.0 -984 30.0 0 0 1 0 1 0 -1 0 0 3002.DAT
0 STEP
1 86 1410.0 -1008 20.0 -1 0 0 0 1 0 0 0 -1 3002.DAT
0 STEP
1 86 1420.0 -1032 10.0 -1 0 0 0 1 0 0 0 -1 3010.DAT
0 STEP
1 86 1390.0 -1176 10.0 0 0 1 0 1 0 -1 0 0 3005.DAT
0 STEP
1 86 1410.0 -1224 10.0 -1 0 0 0 1 0 0 0 -1 3622.DAT
0 STEP
1 86 1390.0 -1272 30.0 0 0 1 0 1 0 -1 0 0 3622.DAT
0 STEP
1 86 1400.0 -1416 30.0 0 0 1 0 1 0 -1 0 0 3002.DAT
0 STEP
1 86 1400.0 -1464 30.0 0 0 1 0 1 0 -1 0 0 3002.DAT
0 STEP
1 86 1400.0 -1512 30.0 0 0 1 0 1 0 -1 0 0 3002.DAT
0 STEP
1 86 1400.0 -1560 30.0 0 0 1 0 1 0 -1 0 0 3002.DAT
0 STEP
1 86 1410.0 -1632 10.0 -1 0 0 0 1 0 0 0 -1 3622.DAT
0 STEP
1 86 1390.0 -1680 10.0 0 0 1 0 1 0 -1 0 0 3005.DAT
0 STEP
1 86 1390.0 -48 60.0 0 0 1 0 1 0 -1 0 0 3010.DAT
0 STEP
1 86 1460.0 -120 30.0 -1 0 0 0 1 0 0 0 -1 3008.DAT
0 STEP
1 86 1400.0 -192 40.0 0 0 1 0 1 0 -1 0 0 3003.DAT
0 STEP
1 86 1390.0 -816 40.0 0 0 1 0 1 0 -1 0 0 3004.DAT
0 STEP
1 86 1420.0 -1032 40.0 -1 0 0 0 1 0 0 0 -1 3001.DAT
0 STEP
1 86 1410.0 -1176 40.0 -1 0 0 0 1 0 0 0 -1 3002.DAT
0 STEP
1 86 1410.0 -1224 40.0 -1 0 0 0 1 0 0 0 -1 3002.DAT
0 STEP
1 86 1420.0 -1344 30.0 -1 0 0 0 1 0 0 0 -1 3010.DAT
0 STEP
1 86 1460.0 -1632 40.0 -1 0 0 0 1 0 0 0 -1 3007.DAT
0 STEP
1 86 1410.0 -1680 30.0 -1 0 0 0 1 0 0 0 -1 3622.DAT
0 STEP
1 86 1400.0 -1704 100.0 0 0 1 0 1 0 -1 0 0 3007.DAT
0 STEP
1 86 1460.0 -72 50.0 -1 0 0 0 1 0 0 0 -1 3008.DAT
0 STEP
1 86 1420.0 -288 50.0 -1 0 0 0 1 0 0 0 -1 3010.DAT
0 STEP
1 86 1390.0 -360 50.0 0 0 1 0 1 0 -1 0 0 3005.DAT
0 STEP
1 86 1420.0 -672 50.0 -1 0 0 0 1 0 0 0 -1 3010.DAT
0 STEP
1 86 1440.0 -1008 50.0 -1 0 0 0 1 0 0 0 -1 3009.DAT
0 STEP
1 86 1420.0 -1680 50.0 -1 0 0 0 1 0 0 0 -1 3010.DAT
0 STEP
1 86 1410.0 -1728 80.0 -1 0 0 0 1 0 0 0 -1 3002.DAT
0 STEP
1 86 1420.0 -1728 120.0 -1 0 0 0 1 0 0 0 -1 3001.DAT
0 STEP
1 86 1390.0 -24 130.0 0 0 1 0 1 0 -1 0 0 3005.DAT
0 STEP
1 86 1420.0 -48 130.0 -1 0 0 0 1 0 0 0 -1 3010.DAT
0 STEP
1 86 1390.0 -1752 160.0 0 0 1 0 1 0 -1 0 0 3010.DAT
0 STEP
1 86 1440.0 -48 150.0 -1 0 0 0 1 0 0 0 -1 3009.DAT
0 STEP
1 86 1420.0 -48 180.0 -1 0 0 0 1 0 0 0 -1 3001.DAT
0 STEP
1 86 1400.0 -96 190.0 0 0 1 0 1 0 -1 0 0 3002.DAT
0 STEP
1 86 1390.0 -288 190.0 0 0 1 0 1 0 -1 0 0 3622.DAT
0 STEP
1 86 1390.0 -336 190.0 0 0 1 0 1 0 -1 0 0 3622.DAT
0 STEP
1 86 1420.0 -360 170.0 -1 0 0 0 1 0 0 0 -1 3010.DAT
0 STEP
1 86 1400.0 -456 190.0 0 0 1 0 1 0 -1 0 0 3002.DAT
0 STEP
1 86 1390.0 -480 180.0 0 0 1 0 1 0 -1 0 0 3004.DAT
0 STEP
1 86 1420.0 -552 170.0 -1 0 0 0 1 0 0 0 -1 3010.DAT
0 STEP
1 86 1400.0 -600 190.0 0 0 1 0 1 0 -1 0 0 3002.DAT
0 STEP
1 86 1390.0 -672 170.0 0 0 1 0 1 0 -1 0 0 3005.DAT
0 STEP
1 86 1390.0 -696 190.0 0 0 1 0 1 0 -1 0 0 3622.DAT
0 STEP
1 86 1390.0 -744 190.0 0 0 1 0 1 0 -1 0 0 3622.DAT
0 STEP
1 86 1400.0 -840 190.0 0 0 1 0 1 0 -1 0 0 3002.DAT
0 STEP
1 86 1400.0 -1104 190.0 0 0 1 0 1 0 -1 0 0 3002.DAT
0 STEP
1 86 1400.0 -1152 190.0 0 0 1 0 1 0 -1 0 0 3002.DAT
0 STEP
1 86 1400.0 -1200 190.0 0 0 1 0 1 0 -1 0 0 3002.DAT
0 STEP
1 86 1400.0 -1248 190.0 0 0 1 0 1 0 -1 0 0 3002.DAT
0 STEP
1 86 1390.0 -1272 170.0 0 0 1 0 1 0 -1 0 0 3005.DAT
0 STEP
1 86 1400.0 -1344 190.0 0 0 1 0 1 0 -1 0 0 3002.DAT
0 STEP
1 86 1390.0 -1368 190.0 0 0 1 0 1 0 -1 0 0 3622.DAT
0 STEP
1 86 1390.0 -1440 190.0 0 0 1 0 1 0 -1 0 0 3622.DAT
0 STEP
1 86 1420.0 -1608 170.0 -1 0 0 0 1 0 0 0 -1 3010.DAT
0 STEP
1 86 1390.0 -1632 190.0 0 0 1 0 1 0 -1 0 0 3622.DAT
0 STEP
1 86 1420.0 -552 200.0 -1 0 0 0 1 0 0 0 -1 3001.DAT
0 STEP
1 86 1460.0 -984 190.0 -1 0 0 0 1 0 0 0 -1 3008.DAT
0 STEP
1 86 1460.0 -1032 190.0 -1 0 0 0 1 0 0 0 -1 3008.DAT
0 STEP
1 86 1460.0 -1272 190.0 -1 0 0 0 1 0 0 0 -1 3008.DAT
0 STEP
1 86 1460.0 -48 210.0 -1 0 0 0 1 0 0 0 -1 3008.DAT
0 STEP
1 86 1390.0 -144 210.0 0 0 1 0 1 0 -1 0 0 3005.DAT
0 STEP
1 86 1420.0 -888 210.0 -1 0 0 0 1 0 0 0 -1 3010.DAT
0 STEP
1 86 1390.0 -936 210.0 0 0 1 0 1 0 -1 0 0 3005.DAT
0 STEP
1 86 1390.0 -1128 210.0 0 0 1 0 1 0 -1 0 0 3005.DAT
0 STEP
1 86 1390.0 -1176 210.0 0 0 1 0 1 0 -1 0 0 3005.DAT
0 STEP
1 86 1420.0 -1224 210.0 -1 0 0 0 1 0 0 0 -1 3010.DAT
0 STEP
1 86 1390.0 -1272 210.0 0 0 1 0 1 0 -1 0 0 3005.DAT
0 STEP
1 86 1420.0 -1320 210.0 -1 0 0 0 1 0 0 0 -1 3010.DAT
0 STEP
1 86 1440.0 -1608 210.0 -1 0 0 0 1 0 0 0 -1 3009.DAT
0 STEP
1 86 1440.0 -1752 210.0 -1 0 0 0 1 0 0 0 -1 3009.DAT
0 STEP
1 86 1420.0 -888 250.0 -1 0 0 0 1 0 0 0 -1 3010.DAT
0 STEP
1 86 1390.0 -888 300.0 0 0 1 0 1 0 -1 0 0 3010.DAT
0 STEP
1 86 1390.0 -864 290.0 0 0 1 0 1 0 -1 0 0 3005.DAT
0 STEP
1 86 1400.0 -912 330.0 -1 0 0 0 1 0 0 0 -1 3004.DAT
0 STEP
1 86 1400.0 -864 400.0 0 0 1 0 1 0 -1 0 0 2456.DAT
0 STEP
1 86 1390.0 -888 350.0 0 0 1 0 1 0 -1 0 0 3005.DAT
0 STEP
1 86 1400.0 -912 380.0 0 0 1 0 1 0 -1 0 0 3001.DAT
0 STEP
1 86 1420.0 -912 430.0 -1 0 0 0 1 0 0 0 -1 3010.DAT
0 STEP
1 86 1400.0 -888 480.0 0 0 1 0 1 0 -1 0 0 3001.DAT
0 STEP
1 86 1390.0 -912 480.0 0 0 1 0 1 0 -1 0 0 3010.DAT
0 STEP
1 86 1390.0 -888 550.0 0 0 1 0 1 0 -1 0 0 3622.DAT
0 STEP
1 86 1410.0 -912 540.0 -1 0 0 0 1 0 0 0 -1 3002.DAT
0 STEP
1 86 1420.0 -864 550.0 -1 0 0 0 1 0 0 0 -1 3010.DAT
0 STEP
1 86 1390.0 -864 570.0 0 0 1 0 1 0 -1 0 0 3005.DAT
0 STEP
1 86 1390.0 -912 600.0 0 0 1 0 1 0 -1 0 0 3010.DAT
0 STEP
1 86 1390.0 -864 620.0 0 0 1 0 1 0 -1 0 0 3010.DAT
0 STEP
1 86 1390.0 -888 610.0 0 0 1 0 1 0 -1 0 0 3005.DAT
0 STEP
1 86 1400.0 -888 660.0 0 0 1 0 1 0 -1 0 0 3001.DAT
0 STEP
1 86 1410.0 -24 60.0 0 0 1 0 1 0 -1 0 0 3009.DAT
0 STEP
1 86 1420.0 -96 30.0 0 0 1 0 1 0 -1 0 0 3002.DAT
0 STEP
1 86 1410.0 -144 30.0 0 0 1 0 1 0 -1 0 0 3622.DAT
0 STEP
1 86 1410.0 -360 30.0 0 0 1 0 1 0 -1 0 0 3622.DAT
0 STEP
1 86 1420.0 -432 30.0 0 0 1 0 1 0 -1 0 0 3002.DAT
0 STEP
1 86 1420.0 -480 30.0 0 0 1 0 1 0 -1 0 0 3002.DAT
0 STEP
1 86 1440.0 -576 10.0 -1 0 0 0 1 0 0 0 -1 3010.DAT
0 STEP
1 86 1430.0 -600 20.0 -1 0 0 0 1 0 0 0 -1 3002.DAT
0 STEP
1 86 1440.0 -624 10.0 -1 0 0 0 1 0 0 0 -1 3010.DAT
0 STEP
1 86 1410.0 -816 30.0 0 0 1 0 1 0 -1 0 0 3622.DAT
0 STEP
1 86 1410.0 -864 20.0 0 0 1 0 1 0 -1 0 0 3004.DAT
0 STEP
1 86 1420.0 -888 30.0 0 0 1 0 1 0 -1 0 0 3002.DAT
0 STEP
1 86 1460.0 -912 10.0 -1 0 0 0 1 0 0 0 -1 3009.DAT
0 STEP
1 86 1460.0 -960 10.0 -1 0 0 0 1 0 0 0 -1 3009.DAT
0 STEP
1 86 1410.0 -1056 20.0 0 0 1 0 1 0 -1 0 0 3004.DAT
0 STEP
1 86 1440.0 -1080 10.0 -1 0 0 0 1 0 0 0 -1 3010.DAT
0 STEP
1 86 1420.0 -1128 30.0 0 0 1 0 1 0 -1 0 0 3002.DAT
0 STEP
1 86 1440.0 -1176 10.0 -1 0 0 0 1 0 0 0 -1 3010.DAT
0 STEP
1 86 1410.0 -1200 30.0 0 0 1 0 1 0 -1 0 0 3622.DAT
0 STEP
1 86 1460.0 -1248 10.0 -1 0 0 0 1 0 0 0 -1 3009.DAT
0 STEP
1 86 1420.0 -1272 30.0 0 0 1 0 1 0 -1 0 0 3002.DAT
0 STEP
1 86 1420.0 -1320 30.0 0 0 1 0 1 0 -1 0 0 3002.DAT
0 STEP
1 86 1410.0 -1368 30.0 0 0 1 0 1 0 -1 0 0 3622.DAT
0 STEP
1 86 1420.0 -1608 30.0 0 0 1 0 1 0 -1 0 0 3002.DAT
0 STEP
1 86 1410.0 -1656 30.0 0 0 1 0 1 0 -1 0 0 3622.DAT
0 STEP
1 86 1460.0 -1680 10.0 -1 0 0 0 1 0 0 0 -1 3009.DAT
0 STEP
1 86 1410.0 -48 50.0 0 0 1 0 1 0 -1 0 0 3622.DAT
0 STEP
1 86 1410.0 -312 30.0 0 0 1 0 1 0 -1 0 0 3005.DAT
0 STEP
1 86 1440.0 -576 40.0 -1 0 0 0 1 0 0 0 -1 3001.DAT
0 STEP
1 86 1440.0 -624 40.0 -1 0 0 0 1 0 0 0 -1 3001.DAT
0 STEP
1 86 1440.0 -1080 40.0 -1 0 0 0 1 0 0 0 -1 3001.DAT
0 STEP
1 86 1410.0 -1752 60.0 0 0 1 0 1 0 -1 0 0 3010.DAT
0 STEP
1 86 1440.0 -504 50.0 -1 0 0 0 1 0 0 0 -1 3010.DAT
0 STEP
1 86 1410.0 -696 50.0 0 0 1 0 1 0 -1 0 0 3005.DAT
0 STEP
1 86 1440.0 -864 50.0 -1 0 0 0 1 0 0 0 -1 3010.DAT
0 STEP
1 86 1410.0 -1104 50.0 0 0 1 0 1 0 -1 0 0 3005.DAT
0 STEP
1 86 1430.0 -48 90.0 -1 0 0 0 1 0 0 0 -1 3622.DAT
0 STEP
1 86 1460.0 -24 130.0 -1 0 0 0 1 0 0 0 -1 3009.DAT
0 STEP
1 86 1410.0 -1752 150.0 0 0 1 0 1 0 -1 0 0 3622.DAT
0 STEP
1 86 1410.0 0 180.0 0 0 1 0 1 0 -1 0 0 3010.DAT
0 STEP
1 86 1440.0 -120 170.0 -1 0 0 0 1 0 0 0 -1 3010.DAT
0 STEP
1 86 1420.0 -144 190.0 0 0 1 0 1 0 -1 0 0 3002.DAT
0 STEP
1 86 1460.0 -192 170.0 -1 0 0 0 1 0 0 0 -1 3009.DAT
0 STEP
1 86 1460.0 -240 170.0 -1 0 0 0 1 0 0 0 -1 3009.DAT
0 STEP
1 86 1460.0 -288 170.0 -1 0 0 0 1 0 0 0 -1 3009.DAT
0 STEP
1 86 1420.0 -336 190.0 0 0 1 0 1 0 -1 0 0 3002.DAT
0 STEP
1 86 1410.0 -384 190.0 0 0 1 0 1 0 -1 0 0 3622.DAT
0 STEP
1 86 1440.0 -408 180.0 -1 0 0 0 1 0 0 0 -1 3001.DAT
0 STEP
1 86 1460.0 -480 170.0 -1 0 0 0 1 0 0 0 -1 3009.DAT
0 STEP
1 86 1420.0 -504 190.0 0 0 1 0 1 0 -1 0 0 3002.DAT
0 STEP
1 86 1440.0 -648 180.0 -1 0 0 0 1 0 0 0 -1 3001.DAT
0 STEP
1 86 1420.0 -672 190.0 0 0 1 0 1 0 -1 0 0 3002.DAT
0 STEP
1 86 1430.0 -696 180.0 -1 0 0 0 1 0 0 0 -1 3002.DAT
0 STEP
1 86 1420.0 -744 190.0 0 0 1 0 1 0 -1 0 0 3002.DAT
0 STEP
1 86 1410.0 -792 180.0 0 0 1 0 1 0 -1 0 0 3004.DAT
0 STEP
1 86 1410.0 -960 190.0 0 0 1 0 1 0 -1 0 0 3622.DAT
0 STEP
1 86 1440.0 -1008 170.0 -1 0 0 0 1 0 0 0 -1 3010.DAT
0 STEP
1 86 1410.0 -1056 190.0 0 0 1 0 1 0 -1 0 0 3622.DAT
0 STEP
1 86 1460.0 -1080 170.0 -1 0 0 0 1 0 0 0 -1 3009.DAT
0 STEP
1 86 1460.0 -1272 170.0 -1 0 0 0 1 0 0 0 -1 3009.DAT
0 STEP
1 86 1410.0 -1296 190.0 0 0 1 0 1 0 -1 0 0 3622.DAT
0 STEP
1 86 1410.0 -1320 170.0 0 0 1 0 1 0 -1 0 0 3005.DAT
0 STEP
1 86 1440.0 -1368 180.0 -1 0 0 0 1 0 0 0 -1 3001.DAT
0 STEP
1 86 1460.0 -1416 170.0 -1 0 0 0 1 0 0 0 -1 3009.DAT
0 STEP
1 86 1420.0 -1440 190.0 0 0 1 0 1 0 -1 0 0 3002.DAT
0 STEP
1 86 1420.0 -1488 190.0 0 0 1 0 1 0 -1 0 0 3002.DAT
0 STEP
1 86 1420.0 -1536 190.0 0 0 1 0 1 0 -1 0 0 3002.DAT
0 STEP
1 86 1440.0 -1560 170.0 -1 0 0 0 1 0 0 0 -1 3010.DAT
0 STEP
1 86 1420.0 -1584 190.0 0 0 1 0 1 0 -1 0 0 3002.DAT
0 STEP
1 86 1420.0 -1632 190.0 0 0 1 0 1 0 -1 0 0 3002.DAT
0 STEP
1 86 1410.0 -72 200.0 0 0 1 0 1 0 -1 0 0 3004.DAT
0 STEP
1 86 1440.0 -192 200.0 -1 0 0 0 1 0 0 0 -1 3001.DAT
0 STEP
1 86 1440.0 -240 200.0 -1 0 0 0 1 0 0 0 -1 3001.DAT
0 STEP
1 86 1410.0 -264 190.0 0 0 1 0 1 0 -1 0 0 3005.DAT
0 STEP
1 86 1440.0 -288 200.0 -1 0 0 0 1 0 0 0 -1 3001.DAT
0 STEP
1 86 1440.0 -480 190.0 -1 0 0 0 1 0 0 0 -1 3010.DAT
0 STEP
1 86 1430.0 -864 190.0 -1 0 0 0 1 0 0 0 -1 3622.DAT
0 STEP
1 86 1440.0 -1008 200.0 -1 0 0 0 1 0 0 0 -1 3001.DAT
0 STEP
1 86 1410.0 -1080 190.0 0 0 1 0 1 0 -1 0 0 3005.DAT
0 STEP
1 86 1460.0 -1320 190.0 -1 0 0 0 1 0 0 0 -1 3009.DAT
0 STEP
1 86 1440.0 -1416 190.0 -1 0 0 0 1 0 0 0 -1 3010.DAT
0 STEP
1 86 1440.0 -1752 190.0 -1 0 0 0 1 0 0 0 -1 3010.DAT
0 STEP
1 86 1440.0 -408 210.0 -1 0 0 0 1 0 0 0 -1 3010.DAT
0 STEP
1 86 1410.0 -576 210.0 0 0 1 0 1 0 -1 0 0 3005.DAT
0 STEP
1 86 1440.0 -648 210.0 -1 0 0 0 1 0 0 0 -1 3010.DAT
0 STEP
1 86 1480.0 -696 210.0 -1 0 0 0 1 0 0 0 -1 3008.DAT
0 STEP
1 86 1480.0 -792 210.0 -1 0 0 0 1 0 0 0 -1 3008.DAT
0 STEP
1 86 1410.0 -864 260.0 0 0 1 0 1 0 -1 0 0 3009.DAT
0 STEP
1 86 1480.0 -936 210.0 -1 0 0 0 1 0 0 0 -1 3008.DAT
0 STEP
1 86 1480.0 -1128 210.0 -1 0 0 0 1 0 0 0 -1 3008.DAT
0 STEP
1 86 1480.0 -1176 210.0 -1 0 0 0 1 0 0 0 -1 3008.DAT
0 STEP
1 86 1480.0 -1272 210.0 -1 0 0 0 1 0 0 0 -1 3008.DAT
0 STEP
1 86 1480.0 -1368 210.0 -1 0 0 0 1 0 0 0 -1 3008.DAT
0 STEP
1 86 1480.0 -1416 210.0 -1 0 0 0 1 0 0 0 -1 3008.DAT
0 STEP
1 86 1410.0 -1560 210.0 0 0 1 0 1 0 -1 0 0 3005.DAT
0 STEP
1 86 1440.0 -888 280.0 -1 0 0 0 1 0 0 0 -1 3001.DAT
0 STEP
1 86 1410.0 -912 290.0 0 0 1 0 1 0 -1 0 0 3005.DAT
0 STEP
1 86 1440.0 -888 320.0 -1 0 0 0 1 0 0 0 -1 3001.DAT
0 STEP
1 86 1440.0 -888 360.0 -1 0 0 0 1 0 0 0 -1 3001.DAT
0 STEP
1 86 1440.0 -888 400.0 -1 0 0 0 1 0 0 0 -1 3001.DAT
0 STEP
1 86 1410.0 -888 430.0 0 0 1 0 1 0 -1 0 0 3005.DAT
0 STEP
1 86 1460.0 -912 450.0 -1 0 0 0 1 0 0 0 -1 3009.DAT
0 STEP
1 86 1460.0 -912 480.0 -1 0 0 0 1 0 0 0 -1 2456.DAT
0 STEP
1 86 1460.0 -912 510.0 -1 0 0 0 1 0 0 0 -1 3009.DAT
0 STEP
1 86 1420.0 -888 560.0 0 0 1 0 1 0 -1 0 0 3001.DAT
0 STEP
1 86 1410.0 -864 600.0 0 0 1 0 1 0 -1 0 0 3010.DAT
0 STEP
1 86 1440.0 -912 580.0 -1 0 0 0 1 0 0 0 -1 3001.DAT
0 STEP
1 86 1440.0 -888 610.0 -1 0 0 0 1 0 0 0 -1 3010.DAT
0 STEP
1 86 1440.0 -912 620.0 -1 0 0 0 1 0 0 0 -1 3001.DAT
0 STEP
1 86 1410.0 -864 650.0 0 0 1 0 1 0 -1 0 0 3005.DAT
0 STEP
1 86 1440.0 -24 20.0 0 0 1 0 1 0 -1 0 0 3003.DAT
0 STEP
1 86 1430.0 -48 40.0 0 0 1 0 1 0 -1 0 0 3010.DAT
0 STEP
1 86 1460.0 -144 20.0 -1 0 0 0 1 0 0 0 -1 3001.DAT
0 STEP
1 86 1450.0 -216 20.0 -1 0 0 0 1 0 0 0 -1 3002.DAT
0 STEP
1 86 1430.0 -264 30.0 0 0 1 0 1 0 -1 0 0 3622.DAT
0 STEP
1 86 1440.0 -312 30.0 0 0 1 0 1 0 -1 0 0 3002.DAT
0 STEP
1 86 1440.0 -360 30.0 0 0 1 0 1 0 -1 0 0 3002.DAT
0 STEP
1 86 1440.0 -408 30.0 0 0 1 0 1 0 -1 0 0 3002.DAT
0 STEP
1 86 1440.0 -528 30.0 0 0 1 0 1 0 -1 0 0 3002.DAT
0 STEP
1 86 1500.0 -696 10.0 -1 0 0 0 1 0 0 0 -1 3008.DAT
0 STEP
1 86 1440.0 -720 30.0 0 0 1 0 1 0 -1 0 0 3002.DAT
0 STEP
1 86 1440.0 -768 30.0 0 0 1 0 1 0 -1 0 0 3002.DAT
0 STEP
1 86 1440.0 -816 30.0 0 0 1 0 1 0 -1 0 0 3002.DAT
0 STEP
1 86 1460.0 -864 20.0 -1 0 0 0 1 0 0 0 -1 3001.DAT
0 STEP
1 86 1440.0 -936 30.0 0 0 1 0 1 0 -1 0 0 3002.DAT
0 STEP
1 86 1440.0 -984 30.0 0 0 1 0 1 0 -1 0 0 3002.DAT
0 STEP
1 86 1440.0 -1056 30.0 0 0 1 0 1 0 -1 0 0 3002.DAT
0 STEP
1 86 1440.0 -1104 30.0 0 0 1 0 1 0 -1 0 0 3002.DAT
0 STEP
1 86 1430.0 -1152 10.0 0 0 1 0 1 0 -1 0 0 3005.DAT
0 STEP
1 86 1480.0 -1200 10.0 -1 0 0 0 1 0 0 0 -1 3009.DAT
0 STEP
1 86 1480.0 -1368 10.0 -1 0 0 0 1 0 0 0 -1 3009.DAT
0 STEP
1 86 1440.0 -1392 30.0 0 0 1 0 1 0 -1 0 0 3002.DAT
0 STEP
1 86 1430.0 -1416 20.0 0 0 1 0 1 0 -1 0 0 3004.DAT
0 STEP
1 86 1480.0 -1464 20.0 -1 0 0 0 1 0 0 0 -1 2456.DAT
0 STEP
1 86 1430.0 -1512 30.0 0 0 1 0 1 0 -1 0 0 3622.DAT
0 STEP
1 86 1430.0 -1560 20.0 0 0 1 0 1 0 -1 0 0 3004.DAT
0 STEP
1 86 1440.0 -1656 30.0 0 0 1 0 1 0 -1 0 0 3002.DAT
0 STEP
1 86 1460.0 -1728 10.0 -1 0 0 0 1 0 0 0 -1 3010.DAT
0 STEP
1 86 1430.0 -1752 80.0 0 0 1 0 1 0 -1 0 0 3008.DAT
0 STEP
1 86 1430.0 -192 30.0 0 0 1 0 1 0 -1 0 0 3005.DAT
0 STEP
1 86 1430.0 -504 30.0 0 0 1 0 1 0 -1 0 0 3005.DAT
0 STEP
1 86 1460.0 -696 30.0 -1 0 0 0 1 0 0 0 -1 3010.DAT
0 STEP
1 86 1430.0 -960 30.0 0 0 1 0 1 0 -1 0 0 3005.DAT
0 STEP
1 86 1480.0 -1152 40.0 -1 0 0 0 1 0 0 0 -1 2456.DAT
0 STEP
1 86 1480.0 -1200 40.0 -1 0 0 0 1 0 0 0 -1 2456.DAT
0 STEP
1 86 1460.0 -1248 30.0 -1 0 0 0 1 0 0 0 -1 3010.DAT
0 STEP
1 86 1440.0 -1368 30.0 -1 0 0 0 1 0 0 0 -1 3004.DAT
0 STEP
1 86 1430.0 -1704 60.0 0 0 1 0 1 0 -1 0 0 3010.DAT
0 STEP
1 86 1430.0 -1728 30.0 0 0 1 0 1 0 -1 0 0 3005.DAT
0 STEP
1 86 1480.0 -24 60.0 -1 0 0 0 1 0 0 0 -1 2456.DAT
0 STEP
1 86 1460.0 -144 50.0 -1 0 0 0 1 0 0 0 -1 3010.DAT
0 STEP
1 86 1460.0 -192 50.0 -1 0 0 0 1 0 0 0 -1 3010.DAT
0 STEP
1 86 1450.0 -216 50.0 -1 0 0 0 1 0 0 0 -1 3622.DAT
0 STEP
1 86 1430.0 -552 50.0 0 0 1 0 1 0 -1 0 0 3005.DAT
0 STEP
1 86 1500.0 -696 50.0 -1 0 0 0 1 0 0 0 -1 3008.DAT
0 STEP
1 86 1500.0 -840 50.0 -1 0 0 0 1 0 0 0 -1 3008.DAT
0 STEP
1 86 1460.0 -960 50.0 -1 0 0 0 1 0 0 0 -1 3010.DAT
0 STEP
1 86 1480.0 -1368 50.0 -1 0 0 0 1 0 0 0 -1 3009.DAT
0 STEP
1 86 1460.0 -1416 50.0 -1 0 0 0 1 0 0 0 -1 3010.DAT
0 STEP
1 86 1460.0 -1464 50.0 -1 0 0 0 1 0 0 0 -1 3010.DAT
0 STEP
1 86 1460.0 -1560 50.0 -1 0 0 0 1 0 0 0 -1 3010.DAT
0 STEP
1 86 1440.0 0 120.0 0 0 1 0 1 0 -1 0 0 2456.DAT
0 STEP
1 86 1480.0 -24 100.0 -1 0 0 0 1 0 0 0 -1 2456.DAT
0 STEP
1 86 1440.0 -1704 140.0 0 0 1 0 1 0 -1 0 0 3001.DAT
0 STEP
1 86 1430.0 -24 180.0 0 0 1 0 1 0 -1 0 0 3010.DAT
0 STEP
1 86 1430.0 -72 190.0 0 0 1 0 1 0 -1 0 0 3622.DAT
0 STEP
1 86 1460.0 -96 180.0 -1 0 0 0 1 0 0 0 -1 3001.DAT
0 STEP
1 86 1430.0 -216 190.0 0 0 1 0 1 0 -1 0 0 3622.DAT
0 STEP
1 86 1430.0 -312 170.0 0 0 1 0 1 0 -1 0 0 3005.DAT
0 STEP
1 86 1460.0 -384 170.0 -1 0 0 0 1 0 0 0 -1 3010.DAT
0 STEP
1 86 1440.0 -432 190.0 0 0 1 0 1 0 -1 0 0 3002.DAT
0 STEP
1 86 1460.0 -456 170.0 -1 0 0 0 1 0 0 0 -1 3010.DAT
0 STEP
1 86 1440.0 -576 190.0 0 0 1 0 1 0 -1 0 0 3002.DAT
0 STEP
1 86 1460.0 -600 170.0 -1 0 0 0 1 0 0 0 -1 3010.DAT
0 STEP
1 86 1430.0 -624 190.0 0 0 1 0 1 0 -1 0 0 3622.DAT
0 STEP
1 86 1430.0 -768 180.0 0 0 1 0 1 0 -1 0 0 3004.DAT
0 STEP
1 86 1460.0 -792 170.0 -1 0 0 0 1 0 0 0 -1 3010.DAT
0 STEP
1 86 1460.0 -840 170.0 -1 0 0 0 1 0 0 0 -1 3010.DAT
0 STEP
1 86 1460.0 -960 170.0 -1 0 0 0 1 0 0 0 -1 3010.DAT
0 STEP
1 86 1430.0 -984 170.0 0 0 1 0 1 0 -1 0 0 3005.DAT
0 STEP
1 86 1440.0 -1056 190.0 0 0 1 0 1 0 -1 0 0 3002.DAT
0 STEP
1 86 1440.0 -1104 190.0 0 0 1 0 1 0 -1 0 0 3002.DAT
0 STEP
1 86 1440.0 -1152 190.0 0 0 1 0 1 0 -1 0 0 3002.DAT
0 STEP
1 86 1430.0 -1200 190.0 0 0 1 0 1 0 -1 0 0 3622.DAT
0 STEP
1 86 1440.0 -1248 190.0 0 0 1 0 1 0 -1 0 0 3002.DAT
0 STEP
1 86 1440.0 -1296 190.0 0 0 1 0 1 0 -1 0 0 3002.DAT
0 STEP
1 86 1460.0 -1320 170.0 -1 0 0 0 1 0 0 0 -1 3010.DAT
0 STEP
1 86 1440.0 -1344 190.0 0 0 1 0 1 0 -1 0 0 3002.DAT
0 STEP
1 86 1460.0 -1656 170.0 -1 0 0 0 1 0 0 0 -1 3010.DAT
0 STEP
1 86 1460.0 -1752 170.0 -1 0 0 0 1 0 0 0 -1 3010.DAT
0 STEP
1 86 1500.0 0 190.0 -1 0 0 0 1 0 0 0 -1 3008.DAT
0 STEP
1 86 1430.0 -120 190.0 0 0 1 0 1 0 -1 0 0 3005.DAT
0 STEP
1 86 1430.0 -264 200.0 0 0 1 0 1 0 -1 0 0 3004.DAT
0 STEP
1 86 1480.0 -384 190.0 -1 0 0 0 1 0 0 0 -1 3009.DAT
0 STEP
1 86 1460.0 -456 200.0 -1 0 0 0 1 0 0 0 -1 3001.DAT
0 STEP
1 86 1480.0 -528 190.0 -1 0 0 0 1 0 0 0 -1 3009.DAT
0 STEP
1 86 1430.0 -600 200.0 0 0 1 0 1 0 -1 0 0 3004.DAT
0 STEP
1 86 1480.0 -792 190.0 -1 0 0 0 1 0 0 0 -1 3009.DAT
0 STEP
1 86 1430.0 -840 200.0 0 0 1 0 1 0 -1 0 0 3004.DAT
0 STEP
1 86 1460.0 -960 200.0 -1 0 0 0 1 0 0 0 -1 3001.DAT
0 STEP
1 86 1480.0 -1080 190.0 -1 0 0 0 1 0 0 0 -1 3009.DAT
0 STEP
1 86 1460.0 -1704 200.0 -1 0 0 0 1 0 0 0 -1 3001.DAT
0 STEP
1 86 1430.0 -1728 200.0 0 0 1 0 1 0 -1 0 0 3004.DAT
0 STEP
1 86 1480.0 0 210.0 -1 0 0 0 1 0 0 0 -1 3009.DAT
0 STEP
1 86 1430.0 -96 210.0 0 0 1 0 1 0 -1 0 0 3005.DAT
0 STEP
1 86 1430.0 -312 210.0 0 0 1 0 1 0 -1 0 0 3005.DAT
0 STEP
1 86 1430.0 -384 210.0 0 0 1 0 1 0 -1 0 0 3005.DAT
0 STEP
1 86 1430.0 -528 210.0 0 0 1 0 1 0 -1 0 0 3005.DAT
0 STEP
1 86 1440.0 -864 240.0 0 0 1 0 1 0 -1 0 0 3001.DAT
0 STEP
1 86 1480.0 -1560 210.0 -1 0 0 0 1 0 0 0 -1 3009.DAT
0 STEP
1 86 1480.0 -1656 210.0 -1 0 0 0 1 0 0 0 -1 3009.DAT
0 STEP
1 86 1440.0 -912 250.0 0 0 1 0 1 0 -1 0 0 3002.DAT
0 STEP
1 86 1430.0 -864 320.0 0 0 1 0 1 0 -1 0 0 3010.DAT
0 STEP
1 86 1430.0 -912 340.0 0 0 1 0 1 0 -1 0 0 3009.DAT
0 STEP
1 86 1430.0 -864 370.0 0 0 1 0 1 0 -1 0 0 3005.DAT
0 STEP
1 86 1430.0 -864 420.0 0 0 1 0 1 0 -1 0 0 3010.DAT
0 STEP
1 86 1430.0 -912 410.0 0 0 1 0 1 0 -1 0 0 3005.DAT
0 STEP
1 86 1430.0 -888 460.0 0 0 1 0 1 0 -1 0 0 3010.DAT
0 STEP
1 86 1440.0 -864 510.0 0 0 1 0 1 0 -1 0 0 3002.DAT
0 STEP
1 86 1430.0 -888 510.0 0 0 1 0 1 0 -1 0 0 3005.DAT
0 STEP
1 86 1440.0 -864 570.0 -1 0 0 0 1 0 0 0 -1 3004.DAT
0 STEP
1 86 1440.0 -864 620.0 0 0 1 0 1 0 -1 0 0 3001.DAT
0 STEP
1 86 1440.0 -888 660.0 0 0 1 0 1 0 -1 0 0 3001.DAT
0 STEP
1 86 1430.0 -912 650.0 0 0 1 0 1 0 -1 0 0 3005.DAT
0 STEP
1 86 1430.0 -864 690.0 0 0 1 0 1 0 -1 0 0 3005.DAT
0 STEP
1 86 1430.0 -912 690.0 0 0 1 0 1 0 -1 0 0 3005.DAT
0 STEP
1 86 1460.0 -48 40.0 0 0 1 0 1 0 -1 0 0 3001.DAT
0 STEP
1 86 1460.0 -96 30.0 0 0 1 0 1 0 -1 0 0 3002.DAT
0 STEP
1 86 1460.0 -168 30.0 0 0 1 0 1 0 -1 0 0 3002.DAT
0 STEP
1 86 1520.0 -264 10.0 -1 0 0 0 1 0 0 0 -1 3008.DAT
0 STEP
1 86 1450.0 -432 30.0 0 0 1 0 1 0 -1 0 0 3622.DAT
0 STEP
1 86 1450.0 -480 30.0 0 0 1 0 1 0 -1 0 0 3622.DAT
0 STEP
1 86 1450.0 -744 10.0 0 0 1 0 1 0 -1 0 0 3005.DAT
0 STEP
1 86 1450.0 -888 30.0 0 0 1 0 1 0 -1 0 0 3622.DAT
0 STEP
1 86 1520.0 -1008 20.0 -1 0 0 0 1 0 0 0 -1 3007.DAT
0 STEP
1 86 1450.0 -1128 30.0 0 0 1 0 1 0 -1 0 0 3622.DAT
0 STEP
1 86 1480.0 -1152 10.0 -1 0 0 0 1 0 0 0 -1 3010.DAT
0 STEP
1 86 1450.0 -1224 30.0 0 0 1 0 1 0 -1 0 0 3622.DAT
0 STEP
1 86 1450.0 -1272 30.0 0 0 1 0 1 0 -1 0 0 3622.DAT
0 STEP
1 86 1480.0 -1320 10.0 -1 0 0 0 1 0 0 0 -1 3010.DAT
0 STEP
1 86 1520.0 -1416 20.0 -1 0 0 0 1 0 0 0 -1 3007.DAT
0 STEP
1 86 1450.0 -1488 30.0 0 0 1 0 1 0 -1 0 0 3622.DAT
0 STEP
1 86 1500.0 -1512 10.0 -1 0 0 0 1 0 0 0 -1 3009.DAT
0 STEP
1 86 1460.0 -1536 30.0 0 0 1 0 1 0 -1 0 0 3002.DAT
0 STEP
1 86 1500.0 -1560 20.0 -1 0 0 0 1 0 0 0 -1 2456.DAT
0 STEP
1 86 1460.0 -1608 30.0 0 0 1 0 1 0 -1 0 0 3002.DAT
0 STEP
1 86 1480.0 -1632 10.0 -1 0 0 0 1 0 0 0 -1 3010.DAT
0 STEP
1 86 1460.0 -1704 20.0 0 0 1 0 1 0 -1 0 0 3003.DAT
0 STEP
1 86 1450.0 -1752 20.0 0 0 1 0 1 0 -1 0 0 3004.DAT
0 STEP
1 86 1450.0 -72 30.0 0 0 1 0 1 0 -1 0 0 3005.DAT
0 STEP
1 86 1480.0 -192 30.0 -1 0 0 0 1 0 0 0 -1 3010.DAT
0 STEP
1 86 1450.0 -240 40.0 0 0 1 0 1 0 -1 0 0 3004.DAT
0 STEP
1 86 1520.0 -264 40.0 -1 0 0 0 1 0 0 0 -1 3007.DAT
0 STEP
1 86 1520.0 -504 30.0 -1 0 0 0 1 0 0 0 -1 3008.DAT
0 STEP
1 86 1520.0 -552 40.0 -1 0 0 0 1 0 0 0 -1 3007.DAT
0 STEP
1 86 1450.0 -840 30.0 0 0 1 0 1 0 -1 0 0 3005.DAT
0 STEP
1 86 1480.0 -960 30.0 -1 0 0 0 1 0 0 0 -1 3010.DAT
0 STEP
1 86 1460.0 -1176 40.0 0 0 1 0 1 0 -1 0 0 3003.DAT
0 STEP
1 86 1540.0 -1320 40.0 -1 0 0 0 1 0 0 0 -1 3006.DAT
0 STEP
1 86 1520.0 -1512 40.0 -1 0 0 0 1 0 0 0 -1 3007.DAT
0 STEP
1 86 1480.0 -1680 30.0 -1 0 0 0 1 0 0 0 -1 3010.DAT
0 STEP
1 86 1450.0 -1728 60.0 0 0 1 0 1 0 -1 0 0 3010.DAT
0 STEP
1 86 1450.0 0 50.0 0 0 1 0 1 0 -1 0 0 3005.DAT
0 STEP
1 86 1450.0 -120 50.0 0 0 1 0 1 0 -1 0 0 3005.DAT
0 STEP
1 86 1450.0 -648 50.0 0 0 1 0 1 0 -1 0 0 3005.DAT
0 STEP
1 86 1450.0 -1344 50.0 0 0 1 0 1 0 -1 0 0 3005.DAT
0 STEP
1 86 1450.0 -1584 50.0 0 0 1 0 1 0 -1 0 0 3005.DAT
0 STEP
1 86 1460.0 -1704 70.0 0 0 1 0 1 0 -1 0 0 3002.DAT
0 STEP
1 86 1480.0 -1752 60.0 -1 0 0 0 1 0 0 0 -1 3001.DAT
0 STEP
1 86 1480.0 -1752 90.0 -1 0 0 0 1 0 0 0 -1 3010.DAT
0 STEP
1 86 1450.0 -48 110.0 0 0 1 0 1 0 -1 0 0 3005.DAT
0 STEP
1 86 1480.0 -1752 120.0 -1 0 0 0 1 0 0 0 -1 3001.DAT
0 STEP
1 86 1460.0 -24 180.0 0 0 1 0 1 0 -1 0 0 3001.DAT
0 STEP
1 86 1450.0 -1728 180.0 0 0 1 0 1 0 -1 0 0 3010.DAT
0 STEP
1 86 1470.0 -1752 150.0 -1 0 0 0 1 0 0 0 -1 3622.DAT
0 STEP
1 86 1460.0 -72 190.0 0 0 1 0 1 0 -1 0 0 3002.DAT
0 STEP
1 86 1480.0 -144 170.0 -1 0 0 0 1 0 0 0 -1 3010.DAT
0 STEP
1 86 1450.0 -168 190.0 0 0 1 0 1 0 -1 0 0 3622.DAT
0 STEP
1 86 1460.0 -216 190.0 0 0 1 0 1 0 -1 0 0 3002.DAT
0 STEP
1 86 1450.0 -264 190.0 0 0 1 0 1 0 -1 0 0 3622.DAT
0 STEP
1 86 1450.0 -312 190.0 0 0 1 0 1 0 -1 0 0 3622.DAT
0 STEP
1 86 1480.0 -336 170.0 -1 0 0 0 1 0 0 0 -1 3010.DAT
0 STEP
1 86 1450.0 -504 190.0 0 0 1 0 1 0 -1 0 0 3622.DAT
0 STEP
1 86 1480.0 -624 170.0 -1 0 0 0 1 0 0 0 -1 3010.DAT
0 STEP
1 86 1480.0 -672 170.0 -1 0 0 0 1 0 0 0 -1 3010.DAT
0 STEP
1 86 1480.0 -744 170.0 -1 0 0 0 1 0 0 0 -1 3010.DAT
0 STEP
1 86 1460.0 -768 190.0 0 0 1 0 1 0 -1 0 0 3002.DAT
0 STEP
1 86 1480.0 -984 170.0 -1 0 0 0 1 0 0 0 -1 3010.DAT
0 STEP
1 86 1480.0 -1032 170.0 -1 0 0 0 1 0 0 0 -1 3010.DAT
0 STEP
1 86 1460.0 -1200 190.0 0 0 1 0 1 0 -1 0 0 3002.DAT
0 STEP
1 86 1480.0 -1224 170.0 -1 0 0 0 1 0 0 0 -1 3010.DAT
0 STEP
1 86 1460.0 -1392 190.0 0 0 1 0 1 0 -1 0 0 3002.DAT
0 STEP
1 86 1460.0 -1440 190.0 0 0 1 0 1 0 -1 0 0 3002.DAT
0 STEP
1 86 1480.0 -1488 180.0 -1 0 0 0 1 0 0 0 -1 3001.DAT
0 STEP
1 86 1480.0 -1536 170.0 -1 0 0 0 1 0 0 0 -1 3010.DAT
0 STEP
1 86 1450.0 -1584 190.0 0 0 1 0 1 0 -1 0 0 3622.DAT
0 STEP
1 86 1460.0 -1632 190.0 0 0 1 0 1 0 -1 0 0 3002.DAT
0 STEP
1 86 1460.0 -1680 190.0 0 0 1 0 1 0 -1 0 0 3002.DAT
0 STEP
1 86 1470.0 -120 200.0 -1 0 0 0 1 0 0 0 -1 3002.DAT
0 STEP
1 86 1450.0 -144 200.0 0 0 1 0 1 0 -1 0 0 3004.DAT
0 STEP
1 86 1450.0 -336 190.0 0 0 1 0 1 0 -1 0 0 3005.DAT
0 STEP
1 86 1480.0 -600 200.0 -1 0 0 0 1 0 0 0 -1 3001.DAT
0 STEP
1 86 1450.0 -624 190.0 0 0 1 0 1 0 -1 0 0 3005.DAT
0 STEP
1 86 1480.0 -672 200.0 -1 0 0 0 1 0 0 0 -1 3001.DAT
0 STEP
1 86 1460.0 -744 200.0 0 0 1 0 1 0 -1 0 0 3003.DAT
0 STEP
1 86 1480.0 -840 190.0 -1 0 0 0 1 0 0 0 -1 3010.DAT
0 STEP
1 86 1450.0 -1176 190.0 0 0 1 0 1 0 -1 0 0 3005.DAT
0 STEP
1 86 1450.0 -1224 190.0 0 0 1 0 1 0 -1 0 0 3005.DAT
0 STEP
1 86 1470.0 -1536 200.0 -1 0 0 0 1 0 0 0 -1 3002.DAT
0 STEP
1 86 1480.0 -1656 190.0 -1 0 0 0 1 0 0 0 -1 3010.DAT
0 STEP
1 86 1480.0 -96 210.0 -1 0 0 0 1 0 0 0 -1 3010.DAT
0 STEP
1 86 1500.0 -336 210.0 -1 0 0 0 1 0 0 0 -1 3009.DAT
0 STEP
1 86 1480.0 -384 210.0 -1 0 0 0 1 0 0 0 -1 3010.DAT
0 STEP
1 86 1500.0 -528 210.0 -1 0 0 0 1 0 0 0 -1 3009.DAT
0 STEP
1 86 1480.0 -624 210.0 -1 0 0 0 1 0 0 0 -1 3010.DAT
0 STEP
1 86 1500.0 -840 210.0 -1 0 0 0 1 0 0 0 -1 3009.DAT
0 STEP
1 86 1500.0 -984 210.0 -1 0 0 0 1 0 0 0 -1 3009.DAT
0 STEP
1 86 1500.0 -1032 210.0 -1 0 0 0 1 0 0 0 -1 3009.DAT
0 STEP
1 86 1500.0 -1488 210.0 -1 0 0 0 1 0 0 0 -1 3009.DAT
0 STEP
1 86 1450.0 -888 230.0 0 0 1 0 1 0 -1 0 0 3005.DAT
0 STEP
1 86 1450.0 -864 290.0 0 0 1 0 1 0 -1 0 0 3005.DAT
0 STEP
1 86 1480.0 -912 300.0 -1 0 0 0 1 0 0 0 -1 3001.DAT
0 STEP
1 86 1450.0 -864 380.0 0 0 1 0 1 0 -1 0 0 3008.DAT
0 STEP
1 86 1500.0 -912 330.0 -1 0 0 0 1 0 0 0 -1 3009.DAT
0 STEP
1 86 1500.0 -912 360.0 -1 0 0 0 1 0 0 0 -1 2456.DAT
0 STEP
1 86 1500.0 -912 400.0 -1 0 0 0 1 0 0 0 -1 2456.DAT
0 STEP
1 86 1470.0 -888 430.0 -1 0 0 0 1 0 0 0 -1 3622.DAT
0 STEP
1 86 1500.0 -888 450.0 -1 0 0 0 1 0 0 0 -1 3009.DAT
0 STEP
1 86 1450.0 -888 490.0 0 0 1 0 1 0 -1 0 0 3622.DAT
0 STEP
1 86 1450.0 -888 560.0 0 0 1 0 1 0 -1 0 0 3010.DAT
0 STEP
1 86 1480.0 -912 540.0 -1 0 0 0 1 0 0 0 -1 3001.DAT
0 STEP
1 86 1480.0 -912 650.0 -1 0 0 0 1 0 0 0 -1 3010.DAT
0 STEP
1 86 1450.0 -864 680.0 0 0 1 0 1 0 -1 0 0 3004.DAT
0 STEP
1 86 1480.0 -912 690.0 -1 0 0 0 1 0 0 0 -1 3010.DAT
0 STEP
1 86 1470.0 0 80.0 0 0 1 0 1 0 -1 0 0 3008.DAT
0 STEP
1 86 1560.0 -24 20.0 -1 0 0 0 1 0 0 0 -1 3006.DAT
0 STEP
1 86 1470.0 -72 10.0 0 0 1 0 1 0 -1 0 0 3005.DAT
0 STEP
1 86 1480.0 -240 30.0 0 0 1 0 1 0 -1 0 0 3002.DAT
0 STEP
1 86 1480.0 -288 30.0 0 0 1 0 1 0 -1 0 0 3002.DAT
0 STEP
1 86 1470.0 -312 30.0 0 0 1 0 1 0 -1 0 0 3622.DAT
0 STEP
1 86 1470.0 -336 10.0 0 0 1 0 1 0 -1 0 0 3005.DAT
0 STEP
1 86 1500.0 -360 10.0 -1 0 0 0 1 0 0 0 -1 3010.DAT
0 STEP
1 86 1490.0 -408 20.0 -1 0 0 0 1 0 0 0 -1 3002.DAT
0 STEP
1 86 1480.0 -432 30.0 0 0 1 0 1 0 -1 0 0 3002.DAT
0 STEP
1 86 1470.0 -456 10.0 0 0 1 0 1 0 -1 0 0 3005.DAT
0 STEP
1 86 1480.0 -480 30.0 0 0 1 0 1 0 -1 0 0 3002.DAT
0 STEP
1 86 1480.0 -528 30.0 0 0 1 0 1 0 -1 0 0 3002.DAT
0 STEP
1 86 1470.0 -600 30.0 0 0 1 0 1 0 -1 0 0 3622.DAT
0 STEP
1 86 1470.0 -672 30.0 0 0 1 0 1 0 -1 0 0 3622.DAT
0 STEP
1 86 1470.0 -720 30.0 0 0 1 0 1 0 -1 0 0 3622.DAT
0 STEP
1 86 1540.0 -744 10.0 -1 0 0 0 1 0 0 0 -1 3008.DAT
0 STEP
1 86 1470.0 -768 30.0 0 0 1 0 1 0 -1 0 0 3622.DAT
0 STEP
1 86 1470.0 -816 30.0 0 0 1 0 1 0 -1 0 0 3622.DAT
0 STEP
1 86 1480.0 -888 30.0 0 0 1 0 1 0 -1 0 0 3002.DAT
0 STEP
1 86 1480.0 -936 20.0 0 0 1 0 1 0 -1 0 0 3003.DAT
0 STEP
1 86 1520.0 -984 20.0 -1 0 0 0 1 0 0 0 -1 2456.DAT
0 STEP
1 86 1480.0 -1032 30.0 0 0 1 0 1 0 -1 0 0 3002.DAT
0 STEP
1 86 1470.0 -1056 30.0 0 0 1 0 1 0 -1 0 0 3622.DAT
0 STEP
1 86 1500.0 -1104 10.0 -1 0 0 0 1 0 0 0 -1 3010.DAT
0 STEP
1 86 1480.0 -1128 30.0 0 0 1 0 1 0 -1 0 0 3002.DAT
0 STEP
1 86 1480.0 -1224 30.0 0 0 1 0 1 0 -1 0 0 3002.DAT
0 STEP
1 86 1500.0 -1272 10.0 -1 0 0 0 1 0 0 0 -1 3010.DAT
0 STEP
1 86 1470.0 -1344 30.0 0 0 1 0 1 0 -1 0 0 3622.DAT
0 STEP
1 86 1470.0 -1392 30.0 0 0 1 0 1 0 -1 0 0 3622.DAT
0 STEP
1 86 1470.0 -1440 30.0 0 0 1 0 1 0 -1 0 0 3622.DAT
0 STEP
1 86 1470.0 -1488 20.0 0 0 1 0 1 0 -1 0 0 3004.DAT
0 STEP
1 86 1480.0 -1656 30.0 0 0 1 0 1 0 -1 0 0 3002.DAT
0 STEP
1 86 1470.0 -1752 10.0 0 0 1 0 1 0 -1 0 0 3005.DAT
0 STEP
1 86 1500.0 -72 30.0 -1 0 0 0 1 0 0 0 -1 3010.DAT
0 STEP
1 86 1490.0 -360 40.0 -1 0 0 0 1 0 0 0 -1 3002.DAT
0 STEP
1 86 1500.0 -456 30.0 -1 0 0 0 1 0 0 0 -1 3010.DAT
0 STEP
1 86 1520.0 -840 30.0 -1 0 0 0 1 0 0 0 -1 3009.DAT
0 STEP
1 86 1500.0 -1104 40.0 -1 0 0 0 1 0 0 0 -1 3001.DAT
0 STEP
1 86 1470.0 -1272 40.0 0 0 1 0 1 0 -1 0 0 3004.DAT
0 STEP
1 86 1540.0 -1368 30.0 -1 0 0 0 1 0 0 0 -1 3008.DAT
0 STEP
1 86 1470.0 -1584 40.0 0 0 1 0 1 0 -1 0 0 3004.DAT
0 STEP
1 86 1480.0 -1728 30.0 -1 0 0 0 1 0 0 0 -1 3004.DAT
0 STEP
1 86 1500.0 -1752 30.0 -1 0 0 0 1 0 0 0 -1 3010.DAT
0 STEP
1 86 1520.0 -120 50.0 -1 0 0 0 1 0 0 0 -1 3009.DAT
0 STEP
1 86 1520.0 -408 50.0 -1 0 0 0 1 0 0 0 -1 3009.DAT
0 STEP
1 86 1520.0 -648 50.0 -1 0 0 0 1 0 0 0 -1 3009.DAT
0 STEP
1 86 1470.0 -912 50.0 0 0 1 0 1 0 -1 0 0 3005.DAT
0 STEP
1 86 1500.0 -936 50.0 -1 0 0 0 1 0 0 0 -1 3010.DAT
0 STEP
1 86 1470.0 -984 50.0 0 0 1 0 1 0 -1 0 0 3005.DAT
0 STEP
1 86 1500.0 -1488 50.0 -1 0 0 0 1 0 0 0 -1 3010.DAT
0 STEP
1 86 1490.0 -1680 50.0 -1 0 0 0 1 0 0 0 -1 3622.DAT
0 STEP
1 86 1470.0 -1728 50.0 0 0 1 0 1 0 -1 0 0 3005.DAT
0 STEP
1 86 1470.0 -1728 140.0 0 0 1 0 1 0 -1 0 0 3008.DAT
0 STEP
1 86 1470.0 -48 110.0 0 0 1 0 1 0 -1 0 0 3622.DAT
0 STEP
1 86 1480.0 -1704 140.0 0 0 1 0 1 0 -1 0 0 3001.DAT
0 STEP
1 86 1520.0 0 170.0 -1 0 0 0 1 0 0 0 -1 3009.DAT
0 STEP
1 86 1470.0 -48 170.0 0 0 1 0 1 0 -1 0 0 3005.DAT
0 STEP
1 86 1480.0 -168 190.0 0 0 1 0 1 0 -1 0 0 3002.DAT
0 STEP
1 86 1480.0 -264 190.0 0 0 1 0 1 0 -1 0 0 3002.DAT
0 STEP
1 86 1480.0 -312 190.0 0 0 1 0 1 0 -1 0 0 3002.DAT
0 STEP
1 86 1470.0 -360 170.0 0 0 1 0 1 0 -1 0 0 3005.DAT
0 STEP
1 86 1490.0 -432 170.0 -1 0 0 0 1 0 0 0 -1 3622.DAT
0 STEP
1 86 1480.0 -504 190.0 0 0 1 0 1 0 -1 0 0 3002.DAT
0 STEP
1 86 1490.0 -528 170.0 -1 0 0 0 1 0 0 0 -1 3622.DAT
0 STEP
1 86 1470.0 -552 190.0 0 0 1 0 1 0 -1 0 0 3622.DAT
0 STEP
1 86 1490.0 -576 170.0 -1 0 0 0 1 0 0 0 -1 3622.DAT
0 STEP
1 86 1490.0 -696 170.0 -1 0 0 0 1 0 0 0 -1 3622.DAT
0 STEP
1 86 1490.0 -816 170.0 -1 0 0 0 1 0 0 0 -1 3622.DAT
0 STEP
1 86 1470.0 -1056 190.0 0 0 1 0 1 0 -1 0 0 3622.DAT
0 STEP
1 86 1480.0 -1104 190.0 0 0 1 0 1 0 -1 0 0 3002.DAT
0 STEP
1 86 1470.0 -1152 190.0 0 0 1 0 1 0 -1 0 0 3622.DAT
0 STEP
1 86 1480.0 -1248 190.0 0 0 1 0 1 0 -1 0 0 3002.DAT
0 STEP
1 86 1470.0 -1296 190.0 0 0 1 0 1 0 -1 0 0 3622.DAT
0 STEP
1 86 1480.0 -1344 190.0 0 0 1 0 1 0 -1 0 0 3002.DAT
0 STEP
1 86 1490.0 -1584 170.0 -1 0 0 0 1 0 0 0 -1 3622.DAT
0 STEP
1 86 1490.0 -1608 170.0 -1 0 0 0 1 0 0 0 -1 3622.DAT
0 STEP
1 86 1520.0 -48 190.0 -1 0 0 0 1 0 0 0 -1 3009.DAT
0 STEP
1 86 1500.0 -144 190.0 -1 0 0 0 1 0 0 0 -1 3010.DAT
0 STEP
1 86 1500.0 -336 190.0 -1 0 0 0 1 0 0 0 -1 3010.DAT
0 STEP
1 86 1500.0 -432 200.0 -1 0 0 0 1 0 0 0 -1 3001.DAT
0 STEP
1 86 1500.0 -576 190.0 -1 0 0 0 1 0 0 0 -1 3010.DAT
0 STEP
1 86 1500.0 -624 190.0 -1 0 0 0 1 0 0 0 -1 3010.DAT
0 STEP
1 86 1500.0 -696 190.0 -1 0 0 0 1 0 0 0 -1 3010.DAT
0 STEP
1 86 1490.0 -816 200.0 -1 0 0 0 1 0 0 0 -1 3002.DAT
0 STEP
1 86 1490.0 -864 200.0 -1 0 0 0 1 0 0 0 -1 3002.DAT
0 STEP
1 86 1500.0 -1176 190.0 -1 0 0 0 1 0 0 0 -1 3010.DAT
0 STEP
1 86 1500.0 -1224 190.0 -1 0 0 0 1 0 0 0 -1 3010.DAT
0 STEP
1 86 1470.0 -1560 190.0 0 0 1 0 1 0 -1 0 0 3005.DAT
0 STEP
1 86 1490.0 -1584 200.0 -1 0 0 0 1 0 0 0 -1 3002.DAT
0 STEP
1 86 1500.0 -1608 190.0 -1 0 0 0 1 0 0 0 -1 3010.DAT
0 STEP
1 86 1470.0 -144 210.0 0 0 1 0 1 0 -1 0 0 3005.DAT
0 STEP
1 86 1470.0 -576 210.0 0 0 1 0 1 0 -1 0 0 3005.DAT
0 STEP
1 86 1470.0 -888 230.0 0 0 1 0 1 0 -1 0 0 3622.DAT
0 STEP
1 86 1470.0 -1224 210.0 0 0 1 0 1 0 -1 0 0 3005.DAT
0 STEP
1 86 1470.0 -1320 210.0 0 0 1 0 1 0 -1 0 0 3005.DAT
0 STEP
1 86 1480.0 -1464 210.0 -1 0 0 0 1 0 0 0 -1 3004.DAT
0 STEP
1 86 1480.0 -1512 210.0 -1 0 0 0 1 0 0 0 -1 3004.DAT
0 STEP
1 86 1500.0 -864 240.0 -1 0 0 0 1 0 0 0 -1 3001.DAT
0 STEP
1 86 1470.0 -912 230.0 0 0 1 0 1 0 -1 0 0 3005.DAT
0 STEP
1 86 1490.0 -912 260.0 -1 0 0 0 1 0 0 0 -1 3002.DAT
0 STEP
1 86 1500.0 -864 280.0 -1 0 0 0 1 0 0 0 -1 3001.DAT
0 STEP
1 86 1500.0 -864 320.0 -1 0 0 0 1 0 0 0 -1 3001.DAT
0 STEP
1 86 1500.0 -864 360.0 -1 0 0 0 1 0 0 0 -1 3001.DAT
0 STEP
1 86 1500.0 -864 400.0 -1 0 0 0 1 0 0 0 -1 3001.DAT
0 STEP
1 86 1500.0 -864 440.0 -1 0 0 0 1 0 0 0 -1 3001.DAT
0 STEP
1 86 1470.0 -912 430.0 0 0 1 0 1 0 -1 0 0 3005.DAT
0 STEP
1 86 1500.0 -864 480.0 -1 0 0 0 1 0 0 0 -1 3001.DAT
0 STEP
1 86 1470.0 -888 470.0 0 0 1 0 1 0 -1 0 0 3005.DAT
0 STEP
1 86 1470.0 -888 540.0 0 0 1 0 1 0 -1 0 0 3009.DAT
0 STEP
1 86 1500.0 -864 520.0 -1 0 0 0 1 0 0 0 -1 3001.DAT
0 STEP
1 86 1500.0 -864 560.0 -1 0 0 0 1 0 0 0 -1 3001.DAT
0 STEP
1 86 1520.0 -864 600.0 -1 0 0 0 1 0 0 0 -1 2456.DAT
0 STEP
1 86 1500.0 -864 640.0 -1 0 0 0 1 0 0 0 -1 3001.DAT
0 STEP
1 86 1480.0 -888 660.0 0 0 1 0 1 0 -1 0 0 3001.DAT
0 STEP
1 86 1500.0 -864 680.0 -1 0 0 0 1 0 0 0 -1 3001.DAT
0 STEP
1 86 1490.0 0 10.0 0 0 1 0 1 0 -1 0 0 3005.DAT
0 STEP
1 86 1490.0 -48 10.0 0 0 1 0 1 0 -1 0 0 3005.DAT
0 STEP
1 86 1560.0 -72 10.0 -1 0 0 0 1 0 0 0 -1 3008.DAT
0 STEP
1 86 1500.0 -96 30.0 0 0 1 0 1 0 -1 0 0 3002.DAT
0 STEP
1 86 1510.0 -120 10.0 -1 0 0 0 1 0 0 0 -1 3622.DAT
0 STEP
1 86 1520.0 -168 10.0 -1 0 0 0 1 0 0 0 -1 3010.DAT
0 STEP
1 86 1540.0 -216 20.0 -1 0 0 0 1 0 0 0 -1 2456.DAT
0 STEP
1 86 1540.0 -312 10.0 -1 0 0 0 1 0 0 0 -1 3009.DAT
0 STEP
1 86 1490.0 -336 30.0 0 0 1 0 1 0 -1 0 0 3622.DAT
0 STEP
1 86 1500.0 -384 30.0 0 0 1 0 1 0 -1 0 0 3002.DAT
0 STEP
1 86 1560.0 -456 10.0 -1 0 0 0 1 0 0 0 -1 3008.DAT
0 STEP
1 86 1490.0 -576 30.0 0 0 1 0 1 0 -1 0 0 3622.DAT
0 STEP
1 86 1520.0 -600 10.0 -1 0 0 0 1 0 0 0 -1 3010.DAT
0 STEP
1 86 1500.0 -624 30.0 0 0 1 0 1 0 -1 0 0 3002.DAT
0 STEP
1 86 1510.0 -672 20.0 -1 0 0 0 1 0 0 0 -1 3002.DAT
0 STEP
1 86 1500.0 -720 30.0 0 0 1 0 1 0 -1 0 0 3002.DAT
0 STEP
1 86 1490.0 -768 20.0 0 0 1 0 1 0 -1 0 0 3004.DAT
0 STEP
1 86 1500.0 -816 30.0 0 0 1 0 1 0 -1 0 0 3002.DAT
0 STEP
1 86 1520.0 -1056 10.0 -1 0 0 0 1 0 0 0 -1 3010.DAT
0 STEP
1 86 1490.0 -1080 30.0 0 0 1 0 1 0 -1 0 0 3622.DAT
0 STEP
1 86 1490.0 -1176 30.0 0 0 1 0 1 0 -1 0 0 3622.DAT
0 STEP
1 86 1500.0 -1344 30.0 0 0 1 0 1 0 -1 0 0 3002.DAT
0 STEP
1 86 1520.0 -1392 10.0 -1 0 0 0 1 0 0 0 -1 3010.DAT
0 STEP
1 86 1500.0 -1440 30.0 0 0 1 0 1 0 -1 0 0 3002.DAT
0 STEP
1 86 1520.0 -1488 20.0 -1 0 0 0 1 0 0 0 -1 3001.DAT
0 STEP
1 86 1490.0 -1536 30.0 0 0 1 0 1 0 -1 0 0 3622.DAT
0 STEP
1 86 1500.0 -1584 30.0 0 0 1 0 1 0 -1 0 0 3002.DAT
0 STEP
1 86 1490.0 -1608 30.0 0 0 1 0 1 0 -1 0 0 3622.DAT
0 STEP
1 86 1560.0 -1704 10.0 -1 0 0 0 1 0 0 0 -1 3008.DAT
0 STEP
1 86 1560.0 -1752 10.0 -1 0 0 0 1 0 0 0 -1 3008.DAT
0 STEP
1 86 1490.0 0 60.0 0 0 1 0 1 0 -1 0 0 3010.DAT
0 STEP
1 86 1490.0 -48 80.0 0 0 1 0 1 0 -1 0 0 3009.DAT
0 STEP
1 86 1520.0 -168 40.0 -1 0 0 0 1 0 0 0 -1 3001.DAT
0 STEP
1 86 1540.0 -312 40.0 -1 0 0 0 1 0 0 0 -1 2456.DAT
0 STEP
1 86 1520.0 -600 40.0 -1 0 0 0 1 0 0 0 -1 3001.DAT
0 STEP
1 86 1560.0 -912 40.0 -1 0 0 0 1 0 0 0 -1 3007.DAT
0 STEP
1 86 1560.0 -1056 30.0 -1 0 0 0 1 0 0 0 -1 3008.DAT
0 STEP
1 86 1540.0 -1272 40.0 -1 0 0 0 1 0 0 0 -1 2456.DAT
0 STEP
1 86 1520.0 -1392 40.0 -1 0 0 0 1 0 0 0 -1 3001.DAT
0 STEP
1 86 1490.0 -1704 60.0 0 0 1 0 1 0 -1 0 0 3010.DAT
0 STEP
1 86 1560.0 -216 50.0 -1 0 0 0 1 0 0 0 -1 3008.DAT
0 STEP
1 86 1560.0 -504 50.0 -1 0 0 0 1 0 0 0 -1 3008.DAT
0 STEP
1 86 1510.0 -672 50.0 -1 0 0 0 1 0 0 0 -1 3622.DAT
0 STEP
1 86 1520.0 -768 50.0 -1 0 0 0 1 0 0 0 -1 3010.DAT
0 STEP
1 86 1490.0 -864 50.0 0 0 1 0 1 0 -1 0 0 3005.DAT
0 STEP
1 86 1520.0 -984 50.0 -1 0 0 0 1 0 0 0 -1 3010.DAT
0 STEP
1 86 1520.0 -1056 50.0 -1 0 0 0 1 0 0 0 -1 3010.DAT
0 STEP
1 86 1560.0 -1248 50.0 -1 0 0 0 1 0 0 0 -1 3008.DAT
0 STEP
1 86 1490.0 -1728 80.0 0 0 1 0 1 0 -1 0 0 3010.DAT
0 STEP
1 86 1500.0 0 120.0 0 0 1 0 1 0 -1 0 0 3003.DAT
0 STEP
1 86 1520.0 -1728 130.0 -1 0 0 0 1 0 0 0 -1 3010.DAT
0 STEP
1 86 1490.0 0 150.0 0 0 1 0 1 0 -1 0 0 3005.DAT
0 STEP
1 86 1500.0 -24 180.0 0 0 1 0 1 0 -1 0 0 3001.DAT
0 STEP
1 86 1490.0 -1728 160.0 0 0 1 0 1 0 -1 0 0 3004.DAT
0 STEP
1 86 1520.0 -48 170.0 -1 0 0 0 1 0 0 0 -1 3010.DAT
0 STEP
1 86 1500.0 -72 190.0 0 0 1 0 1 0 -1 0 0 3002.DAT
0 STEP
1 86 1490.0 -120 170.0 0 0 1 0 1 0 -1 0 0 3005.DAT
0 STEP
1 86 1500.0 -216 190.0 0 0 1 0 1 0 -1 0 0 3002.DAT
0 STEP
1 86 1500.0 -360 190.0 0 0 1 0 1 0 -1 0 0 3002.DAT
0 STEP
1 86 1500.0 -408 190.0 0 0 1 0 1 0 -1 0 0 3002.DAT
0 STEP
1 86 1500.0 -552 190.0 0 0 1 0 1 0 -1 0 0 3002.DAT
0 STEP
1 86 1490.0 -648 190.0 0 0 1 0 1 0 -1 0 0 3622.DAT
0 STEP
1 86 1500.0 -720 190.0 0 0 1 0 1 0 -1 0 0 3002.DAT
0 STEP
1 86 1500.0 -768 190.0 0 0 1 0 1 0 -1 0 0 3002.DAT
0 STEP
1 86 1490.0 -936 180.0 0 0 1 0 1 0 -1 0 0 3004.DAT
0 STEP
1 86 1500.0 -1008 190.0 0 0 1 0 1 0 -1 0 0 3002.DAT
0 STEP
1 86 1500.0 -1056 190.0 0 0 1 0 1 0 -1 0 0 3002.DAT
0 STEP
1 86 1500.0 -1152 190.0 0 0 1 0 1 0 -1 0 0 3002.DAT
0 STEP
1 86 1500.0 -1200 190.0 0 0 1 0 1 0 -1 0 0 3002.DAT
0 STEP
1 86 1500.0 -1296 190.0 0 0 1 0 1 0 -1 0 0 3002.DAT
0 STEP
1 86 1500.0 -1368 170.0 -1 0 0 0 1 0 0 0 -1 3004.DAT
0 STEP
1 86 1500.0 -1392 190.0 0 0 1 0 1 0 -1 0 0 3002.DAT
0 STEP
1 86 1500.0 -1440 190.0 0 0 1 0 1 0 -1 0 0 3002.DAT
0 STEP
1 86 1500.0 -1560 180.0 0 0 1 0 1 0 -1 0 0 3003.DAT
0 STEP
1 86 1500.0 -1632 190.0 0 0 1 0 1 0 -1 0 0 3002.DAT
0 STEP
1 86 1500.0 -1680 190.0 0 0 1 0 1 0 -1 0 0 3002.DAT
0 STEP
1 86 1510.0 -192 190.0 -1 0 0 0 1 0 0 0 -1 3622.DAT
0 STEP
1 86 1510.0 -240 190.0 -1 0 0 0 1 0 0 0 -1 3622.DAT
0 STEP
1 86 1510.0 -288 190.0 -1 0 0 0 1 0 0 0 -1 3622.DAT
0 STEP
1 86 1510.0 -480 190.0 -1 0 0 0 1 0 0 0 -1 3622.DAT
0 STEP
1 86 1510.0 -744 190.0 -1 0 0 0 1 0 0 0 -1 3622.DAT
0 STEP
1 86 1510.0 -1368 190.0 -1 0 0 0 1 0 0 0 -1 3622.DAT
0 STEP
1 86 1510.0 -1416 190.0 -1 0 0 0 1 0 0 0 -1 3622.DAT
0 STEP
1 86 1520.0 -1728 190.0 -1 0 0 0 1 0 0 0 -1 3010.DAT
0 STEP
1 86 1490.0 -1752 190.0 0 0 1 0 1 0 -1 0 0 3005.DAT
0 STEP
1 86 1520.0 -144 210.0 -1 0 0 0 1 0 0 0 -1 3010.DAT
0 STEP
1 86 1520.0 -192 210.0 -1 0 0 0 1 0 0 0 -1 3010.DAT
0 STEP
1 86 1520.0 -240 210.0 -1 0 0 0 1 0 0 0 -1 3010.DAT
0 STEP
1 86 1520.0 -288 210.0 -1 0 0 0 1 0 0 0 -1 3010.DAT
0 STEP
1 86 1520.0 -480 210.0 -1 0 0 0 1 0 0 0 -1 3010.DAT
0 STEP
1 86 1520.0 -576 210.0 -1 0 0 0 1 0 0 0 -1 3010.DAT
0 STEP
1 86 1520.0 -744 210.0 -1 0 0 0 1 0 0 0 -1 3010.DAT
0 STEP
1 86 1500.0 -888 240.0 0 0 1 0 1 0 -1 0 0 3001.DAT
0 STEP
1 86 1520.0 -1224 210.0 -1 0 0 0 1 0 0 0 -1 3010.DAT
0 STEP
1 86 1520.0 -1320 210.0 -1 0 0 0 1 0 0 0 -1 3010.DAT
0 STEP
1 86 1490.0 -1728 210.0 0 0 1 0 1 0 -1 0 0 3005.DAT
0 STEP
1 86 1520.0 -912 230.0 -1 0 0 0 1 0 0 0 -1 3010.DAT
0 STEP
1 86 1490.0 -888 340.0 0 0 1 0 1 0 -1 0 0 3009.DAT
0 STEP
1 86 1490.0 -888 410.0 0 0 1 0 1 0 -1 0 0 3005.DAT
0 STEP
1 86 1540.0 -912 430.0 -1 0 0 0 1 0 0 0 -1 3009.DAT
0 STEP
1 86 1490.0 -888 540.0 0 0 1 0 1 0 -1 0 0 3008.DAT
0 STEP
1 86 1500.0 -912 600.0 0 0 1 0 1 0 -1 0 0 3001.DAT
0 STEP
1 86 1560.0 -912 670.0 -1 0 0 0 1 0 0 0 -1 3008.DAT
0 STEP
1 86 1510.0 0 40.0 0 0 1 0 1 0 -1 0 0 3010.DAT
0 STEP
1 86 1510.0 -48 80.0 0 0 1 0 1 0 -1 0 0 3008.DAT
0 STEP
1 86 1510.0 -144 30.0 0 0 1 0 1 0 -1 0 0 3622.DAT
0 STEP
1 86 1510.0 -192 10.0 0 0 1 0 1 0 -1 0 0 3005.DAT
0 STEP
1 86 1520.0 -240 30.0 0 0 1 0 1 0 -1 0 0 3002.DAT
0 STEP
1 86 1520.0 -288 30.0 0 0 1 0 1 0 -1 0 0 3002.DAT
0 STEP
1 86 1520.0 -336 30.0 0 0 1 0 1 0 -1 0 0 3002.DAT
0 STEP
1 86 1520.0 -432 30.0 0 0 1 0 1 0 -1 0 0 3002.DAT
0 STEP
1 86 1520.0 -480 30.0 0 0 1 0 1 0 -1 0 0 3002.DAT
0 STEP
1 86 1580.0 -504 10.0 -1 0 0 0 1 0 0 0 -1 3008.DAT
0 STEP
1 86 1520.0 -528 30.0 0 0 1 0 1 0 -1 0 0 3002.DAT
0 STEP
1 86 1520.0 -576 30.0 0 0 1 0 1 0 -1 0 0 3002.DAT
0 STEP
1 86 1540.0 -648 20.0 -1 0 0 0 1 0 0 0 -1 3001.DAT
0 STEP
1 86 1540.0 -768 20.0 -1 0 0 0 1 0 0 0 -1 3001.DAT
0 STEP
1 86 1510.0 -864 30.0 0 0 1 0 1 0 -1 0 0 3622.DAT
0 STEP
1 86 1510.0 -888 30.0 0 0 1 0 1 0 -1 0 0 3622.DAT
0 STEP
1 86 1530.0 -936 20.0 -1 0 0 0 1 0 0 0 -1 3002.DAT
0 STEP
1 86 1520.0 -1032 30.0 0 0 1 0 1 0 -1 0 0 3002.DAT
0 STEP
1 86 1540.0 -1080 20.0 -1 0 0 0 1 0 0 0 -1 3001.DAT
0 STEP
1 86 1560.0 -1128 20.0 -1 0 0 0 1 0 0 0 -1 2456.DAT
0 STEP
1 86 1560.0 -1176 20.0 -1 0 0 0 1 0 0 0 -1 2456.DAT
0 STEP
1 86 1540.0 -1224 10.0 -1 0 0 0 1 0 0 0 -1 3010.DAT
0 STEP
1 86 1520.0 -1296 30.0 0 0 1 0 1 0 -1 0 0 3002.DAT
0 STEP
1 86 1520.0 -1536 30.0 0 0 1 0 1 0 -1 0 0 3002.DAT
0 STEP
1 86 1600.0 -1608 20.0 -1 0 0 0 1 0 0 0 -1 3006.DAT
0 STEP
1 86 1560.0 -1656 10.0 -1 0 0 0 1 0 0 0 -1 3009.DAT
0 STEP
1 86 1520.0 -1728 40.0 0 0 1 0 1 0 -1 0 0 3001.DAT
0 STEP
1 86 1510.0 -696 30.0 0 0 1 0 1 0 -1 0 0 3005.DAT
0 STEP
1 86 1510.0 -1224 40.0 0 0 1 0 1 0 -1 0 0 3004.DAT
0 STEP
1 86 1510.0 -1248 30.0 0 0 1 0 1 0 -1 0 0 3005.DAT
0 STEP
1 86 1580.0 -1656 40.0 -1 0 0 0 1 0 0 0 -1 3007.DAT
0 STEP
1 86 1540.0 -1704 30.0 -1 0 0 0 1 0 0 0 -1 3010.DAT
0 STEP
1 86 1510.0 -192 50.0 0 0 1 0 1 0 -1 0 0 3005.DAT
0 STEP
1 86 1510.0 -960 50.0 0 0 1 0 1 0 -1 0 0 3005.DAT
0 STEP
1 86 1510.0 -1008 50.0 0 0 1 0 1 0 -1 0 0 3005.DAT
0 STEP
1 86 1540.0 -1080 50.0 -1 0 0 0 1 0 0 0 -1 3010.DAT
0 STEP
1 86 1560.0 -1128 50.0 -1 0 0 0 1 0 0 0 -1 3009.DAT
0 STEP
1 86 1510.0 -1176 50.0 0 0 1 0 1 0 -1 0 0 3005.DAT
0 STEP
1 86 1510.0 -1416 50.0 0 0 1 0 1 0 -1 0 0 3005.DAT
0 STEP
1 86 1580.0 -1464 50.0 -1 0 0 0 1 0 0 0 -1 3008.DAT
0 STEP
1 86 1530.0 -1560 50.0 -1 0 0 0 1 0 0 0 -1 3622.DAT
0 STEP
1 86 1580.0 -1608 50.0 -1 0 0 0 1 0 0 0 -1 3008.DAT
0 STEP
1 86 1520.0 -1704 80.0 0 0 1 0 1 0 -1 0 0 3001.DAT
0 STEP
1 86 1540.0 0 90.0 -1 0 0 0 1 0 0 0 -1 3010.DAT
0 STEP
1 86 1530.0 -1728 100.0 -1 0 0 0 1 0 0 0 -1 3002.DAT
0 STEP
1 86 1510.0 -1704 160.0 0 0 1 0 1 0 -1 0 0 3010.DAT
0 STEP
1 86 1540.0 0 150.0 -1 0 0 0 1 0 0 0 -1 3010.DAT
0 STEP
1 86 1540.0 -1728 160.0 -1 0 0 0 1 0 0 0 -1 3001.DAT
0 STEP
1 86 1510.0 -1752 180.0 0 0 1 0 1 0 -1 0 0 3010.DAT
0 STEP
1 86 1510.0 -96 170.0 0 0 1 0 1 0 -1 0 0 3005.DAT
0 STEP
1 86 1510.0 -120 190.0 0 0 1 0 1 0 -1 0 0 3622.DAT
0 STEP
1 86 1510.0 -168 190.0 0 0 1 0 1 0 -1 0 0 3622.DAT
0 STEP
1 86 1510.0 -264 190.0 0 0 1 0 1 0 -1 0 0 3622.DAT
0 STEP
1 86 1510.0 -312 190.0 0 0 1 0 1 0 -1 0 0 3622.DAT
0 STEP
1 86 1510.0 -384 170.0 0 0 1 0 1 0 -1 0 0 3005.DAT
0 STEP
1 86 1510.0 -456 190.0 0 0 1 0 1 0 -1 0 0 3622.DAT
0 STEP
1 86 1510.0 -504 190.0 0 0 1 0 1 0 -1 0 0 3622.DAT
0 STEP
1 86 1510.0 -600 170.0 0 0 1 0 1 0 -1 0 0 3005.DAT
0 STEP
1 86 1510.0 -648 180.0 0 0 1 0 1 0 -1 0 0 3004.DAT
0 STEP
1 86 1510.0 -792 170.0 0 0 1 0 1 0 -1 0 0 3005.DAT
0 STEP
1 86 1510.0 -840 170.0 0 0 1 0 1 0 -1 0 0 3005.DAT
0 STEP
1 86 1510.0 -936 170.0 0 0 1 0 1 0 -1 0 0 3005.DAT
0 STEP
1 86 1510.0 -960 190.0 0 0 1 0 1 0 -1 0 0 3622.DAT
0 STEP
1 86 1510.0 -1104 190.0 0 0 1 0 1 0 -1 0 0 3622.DAT
0 STEP
1 86 1510.0 -1248 190.0 0 0 1 0 1 0 -1 0 0 3622.DAT
0 STEP
1 86 1510.0 -1320 170.0 0 0 1 0 1 0 -1 0 0 3005.DAT
0 STEP
1 86 1510.0 -1344 190.0 0 0 1 0 1 0 -1 0 0 3622.DAT
0 STEP
1 86 1510.0 -1464 170.0 0 0 1 0 1 0 -1 0 0 3005.DAT
0 STEP
1 86 1510.0 -1512 190.0 0 0 1 0 1 0 -1 0 0 3622.DAT
0 STEP
1 86 1510.0 -1656 170.0 0 0 1 0 1 0 -1 0 0 3005.DAT
0 STEP
1 86 1520.0 -96 190.0 -1 0 0 0 1 0 0 0 -1 3004.DAT
0 STEP
1 86 1510.0 -912 200.0 0 0 1 0 1 0 -1 0 0 3004.DAT
0 STEP
1 86 1520.0 -936 190.0 -1 0 0 0 1 0 0 0 -1 3004.DAT
0 STEP
1 86 1520.0 -1464 200.0 0 0 1 0 1 0 -1 0 0 3003.DAT
0 STEP
1 86 1520.0 -1536 190.0 -1 0 0 0 1 0 0 0 -1 3004.DAT
0 STEP
1 86 1530.0 -648 210.0 -1 0 0 0 1 0 0 0 -1 3622.DAT
0 STEP
1 86 1530.0 -1536 210.0 -1 0 0 0 1 0 0 0 -1 3622.DAT
0 STEP
1 86 1510.0 -1608 210.0 0 0 1 0 1 0 -1 0 0 3005.DAT
0 STEP
1 86 1510.0 -1704 210.0 0 0 1 0 1 0 -1 0 0 3005.DAT
0 STEP
1 86 1540.0 -1728 210.0 -1 0 0 0 1 0 0 0 -1 3010.DAT
0 STEP
1 86 1520.0 -888 360.0 0 0 1 0 1 0 -1 0 0 3007.DAT
0 STEP
1 86 1510.0 -888 470.0 0 0 1 0 1 0 -1 0 0 3005.DAT
0 STEP
1 86 1510.0 -888 520.0 0 0 1 0 1 0 -1 0 0 3010.DAT
0 STEP
1 86 1540.0 -888 570.0 -1 0 0 0 1 0 0 0 -1 3010.DAT
0 STEP
1 86 1510.0 -888 590.0 0 0 1 0 1 0 -1 0 0 3005.DAT
0 STEP
1 86 1520.0 -888 640.0 0 0 1 0 1 0 -1 0 0 3001.DAT
0 STEP
1 86 1540.0 -888 690.0 -1 0 0 0 1 0 0 0 -1 3010.DAT
0 STEP
1 86 1540.0 0 40.0 0 0 1 0 1 0 -1 0 0 3001.DAT
0 STEP
1 86 1530.0 -48 10.0 0 0 1 0 1 0 -1 0 0 3005.DAT
0 STEP
1 86 1560.0 -96 10.0 -1 0 0 0 1 0 0 0 -1 3010.DAT
0 STEP
1 86 1560.0 -144 20.0 -1 0 0 0 1 0 0 0 -1 3001.DAT
0 STEP
1 86 1530.0 -192 30.0 0 0 1 0 1 0 -1 0 0 3622.DAT
0 STEP
1 86 1540.0 -384 30.0 0 0 1 0 1 0 -1 0 0 3002.DAT
0 STEP
1 86 1560.0 -408 20.0 -1 0 0 0 1 0 0 0 -1 3001.DAT
0 STEP
1 86 1560.0 -552 10.0 -1 0 0 0 1 0 0 0 -1 3010.DAT
0 STEP
1 86 1530.0 -624 30.0 0 0 1 0 1 0 -1 0 0 3622.DAT
0 STEP
1 86 1540.0 -720 30.0 0 0 1 0 1 0 -1 0 0 3002.DAT
0 STEP
1 86 1540.0 -792 30.0 0 0 1 0 1 0 -1 0 0 3002.DAT
0 STEP
1 86 1540.0 -816 30.0 0 0 1 0 1 0 -1 0 0 3002.DAT
0 STEP
1 86 1580.0 -864 20.0 -1 0 0 0 1 0 0 0 -1 2456.DAT
0 STEP
1 86 1540.0 -888 30.0 0 0 1 0 1 0 -1 0 0 3002.DAT
0 STEP
1 86 1530.0 -912 10.0 0 0 1 0 1 0 -1 0 0 3005.DAT
0 STEP
1 86 1540.0 -960 30.0 0 0 1 0 1 0 -1 0 0 3002.DAT
0 STEP
1 86 1530.0 -1152 10.0 0 0 1 0 1 0 -1 0 0 3005.DAT
0 STEP
1 86 1550.0 -1248 20.0 -1 0 0 0 1 0 0 0 -1 3002.DAT
0 STEP
1 86 1530.0 -1320 10.0 0 0 1 0 1 0 -1 0 0 3005.DAT
0 STEP
1 86 1540.0 -1344 30.0 0 0 1 0 1 0 -1 0 0 3002.DAT
0 STEP
1 86 1540.0 -1440 30.0 0 0 1 0 1 0 -1 0 0 3002.DAT
0 STEP
1 86 1540.0 -1584 30.0 0 0 1 0 1 0 -1 0 0 3002.DAT
0 STEP
1 86 1530.0 -1632 10.0 0 0 1 0 1 0 -1 0 0 3005.DAT
0 STEP
1 86 1530.0 -1680 30.0 0 0 1 0 1 0 -1 0 0 3622.DAT
0 STEP
1 86 1530.0 -48 60.0 0 0 1 0 1 0 -1 0 0 3010.DAT
0 STEP
1 86 1560.0 -96 40.0 -1 0 0 0 1 0 0 0 -1 3001.DAT
0 STEP
1 86 1560.0 -360 40.0 -1 0 0 0 1 0 0 0 -1 3001.DAT
0 STEP
1 86 1560.0 -696 30.0 -1 0 0 0 1 0 0 0 -1 3010.DAT
0 STEP
1 86 1530.0 -744 30.0 0 0 1 0 1 0 -1 0 0 3005.DAT
0 STEP
1 86 1560.0 -1224 40.0 -1 0 0 0 1 0 0 0 -1 3001.DAT
0 STEP
1 86 1530.0 -144 50.0 0 0 1 0 1 0 -1 0 0 3005.DAT
0 STEP
1 86 1580.0 -456 50.0 -1 0 0 0 1 0 0 0 -1 3009.DAT
0 STEP
1 86 1560.0 -744 50.0 -1 0 0 0 1 0 0 0 -1 3010.DAT
0 STEP
1 86 1580.0 -864 50.0 -1 0 0 0 1 0 0 0 -1 3009.DAT
0 STEP
1 86 1600.0 -1008 50.0 -1 0 0 0 1 0 0 0 -1 3008.DAT
0 STEP
1 86 1560.0 -1176 50.0 -1 0 0 0 1 0 0 0 -1 3010.DAT
0 STEP
1 86 1560.0 -1416 50.0 -1 0 0 0 1 0 0 0 -1 3010.DAT
0 STEP
1 86 1530.0 -1752 100.0 0 0 1 0 1 0 -1 0 0 3009.DAT
0 STEP
1 86 1550.0 0 120.0 -1 0 0 0 1 0 0 0 -1 3002.DAT
0 STEP
1 86 1560.0 -48 120.0 -1 0 0 0 1 0 0 0 -1 3001.DAT
0 STEP
1 86 1530.0 -24 130.0 0 0 1 0 1 0 -1 0 0 3005.DAT
0 STEP
1 86 1530.0 -1704 200.0 0 0 1 0 1 0 -1 0 0 3008.DAT
0 STEP
1 86 1530.0 -24 180.0 0 0 1 0 1 0 -1 0 0 3010.DAT
0 STEP
1 86 1540.0 -48 150.0 -1 0 0 0 1 0 0 0 -1 3004.DAT
0 STEP
1 86 1560.0 -1752 170.0 -1 0 0 0 1 0 0 0 -1 3010.DAT
0 STEP
1 86 1530.0 -72 200.0 0 0 1 0 1 0 -1 0 0 3004.DAT
0 STEP
1 86 1530.0 -120 220.0 0 0 1 0 1 0 -1 0 0 3010.DAT
0 STEP
1 86 1530.0 -168 240.0 0 0 1 0 1 0 -1 0 0 3009.DAT
0 STEP
1 86 1530.0 -216 260.0 0 0 1 0 1 0 -1 0 0 3008.DAT
0 STEP
1 86 1530.0 -264 220.0 0 0 1 0 1 0 -1 0 0 3010.DAT
0 STEP
1 86 1530.0 -312 220.0 0 0 1 0 1 0 -1 0 0 3010.DAT
0 STEP
1 86 1530.0 -360 210.0 0 0 1 0 1 0 -1 0 0 3622.DAT
0 STEP
1 86 1530.0 -408 220.0 0 0 1 0 1 0 -1 0 0 3010.DAT
0 STEP
1 86 1530.0 -456 220.0 0 0 1 0 1 0 -1 0 0 3010.DAT
0 STEP
1 86 1530.0 -504 220.0 0 0 1 0 1 0 -1 0 0 3010.DAT
0 STEP
1 86 1530.0 -552 220.0 0 0 1 0 1 0 -1 0 0 3010.DAT
0 STEP
1 86 1530.0 -600 210.0 0 0 1 0 1 0 -1 0 0 3622.DAT
0 STEP
1 86 1530.0 -648 190.0 0 0 1 0 1 0 -1 0 0 3005.DAT
0 STEP
1 86 1530.0 -672 240.0 0 0 1 0 1 0 -1 0 0 3009.DAT
0 STEP
1 86 1530.0 -720 240.0 0 0 1 0 1 0 -1 0 0 3009.DAT
0 STEP
1 86 1530.0 -768 220.0 0 0 1 0 1 0 -1 0 0 3010.DAT
0 STEP
1 86 1530.0 -816 220.0 0 0 1 0 1 0 -1 0 0 3010.DAT
0 STEP
1 86 1530.0 -840 190.0 0 0 1 0 1 0 -1 0 0 3005.DAT
0 STEP
1 86 1530.0 -960 240.0 0 0 1 0 1 0 -1 0 0 3009.DAT
0 STEP
1 86 1530.0 -1008 210.0 0 0 1 0 1 0 -1 0 0 3622.DAT
0 STEP
1 86 1530.0 -1056 210.0 0 0 1 0 1 0 -1 0 0 3622.DAT
0 STEP
1 86 1530.0 -1104 220.0 0 0 1 0 1 0 -1 0 0 3010.DAT
0 STEP
1 86 1530.0 -1128 190.0 0 0 1 0 1 0 -1 0 0 3005.DAT
0 STEP
1 86 1530.0 -1152 220.0 0 0 1 0 1 0 -1 0 0 3010.DAT
0 STEP
1 86 1530.0 -1200 260.0 0 0 1 0 1 0 -1 0 0 3008.DAT
0 STEP
1 86 1530.0 -1248 220.0 0 0 1 0 1 0 -1 0 0 3010.DAT
0 STEP
1 86 1530.0 -1296 240.0 0 0 1 0 1 0 -1 0 0 3009.DAT
0 STEP
1 86 1530.0 -1320 190.0 0 0 1 0 1 0 -1 0 0 3005.DAT
0 STEP
1 86 1530.0 -1344 240.0 0 0 1 0 1 0 -1 0 0 3009.DAT
0 STEP
1 86 1530.0 -1392 220.0 0 0 1 0 1 0 -1 0 0 3010.DAT
0 STEP
1 86 1530.0 -1440 220.0 0 0 1 0 1 0 -1 0 0 3010.DAT
0 STEP
1 86 1530.0 -1488 190.0 0 0 1 0 1 0 -1 0 0 3005.DAT
0 STEP
1 86 1530.0 -1512 200.0 0 0 1 0 1 0 -1 0 0 3004.DAT
0 STEP
1 86 1530.0 -1560 190.0 0 0 1 0 1 0 -1 0 0 3005.DAT
0 STEP
1 86 1530.0 -1584 220.0 0 0 1 0 1 0 -1 0 0 3010.DAT
0 STEP
1 86 1530.0 -1632 210.0 0 0 1 0 1 0 -1 0 0 3622.DAT
0 STEP
1 86 1530.0 -1656 190.0 0 0 1 0 1 0 -1 0 0 3005.DAT
0 STEP
1 86 1530.0 -1680 200.0 0 0 1 0 1 0 -1 0 0 3004.DAT
0 STEP
1 86 1530.0 -1752 220.0 0 0 1 0 1 0 -1 0 0 3010.DAT
0 STEP
1 86 1540.0 -96 260.0 0 0 1 0 1 0 -1 0 0 2456.DAT
0 STEP
1 86 1530.0 -384 240.0 0 0 1 0 1 0 -1 0 0 3010.DAT
0 STEP
1 86 1530.0 -624 240.0 0 0 1 0 1 0 -1 0 0 3010.DAT
0 STEP
1 86 1530.0 -864 210.0 0 0 1 0 1 0 -1 0 0 3005.DAT
0 STEP
1 86 1530.0 -912 210.0 0 0 1 0 1 0 -1 0 0 3005.DAT
0 STEP
1 86 1540.0 -1080 210.0 -1 0 0 0 1 0 0 0 -1 3004.DAT
0 STEP
1 86 1530.0 -1608 260.0 0 0 1 0 1 0 -1 0 0 3009.DAT
0 STEP
1 86 1530.0 0 230.0 0 0 1 0 1 0 -1 0 0 3005.DAT
0 STEP
1 86 1540.0 -24 260.0 0 0 1 0 1 0 -1 0 0 3001.DAT
0 STEP
1 86 1530.0 -48 230.0 0 0 1 0 1 0 -1 0 0 3005.DAT
0 STEP
1 86 1550.0 -72 240.0 -1 0 0 0 1 0 0 0 -1 3002.DAT
0 STEP
1 86 1550.0 -144 240.0 -1 0 0 0 1 0 0 0 -1 3002.DAT
0 STEP
1 86 1550.0 -192 240.0 -1 0 0 0 1 0 0 0 -1 3002.DAT
0 STEP
1 86 1550.0 -240 240.0 -1 0 0 0 1 0 0 0 -1 3002.DAT
0 STEP
1 86 1550.0 -288 240.0 -1 0 0 0 1 0 0 0 -1 3002.DAT
0 STEP
1 86 1550.0 -336 240.0 -1 0 0 0 1 0 0 0 -1 3002.DAT
0 STEP
1 86 1550.0 -432 230.0 -1 0 0 0 1 0 0 0 -1 3622.DAT
0 STEP
1 86 1550.0 -480 230.0 -1 0 0 0 1 0 0 0 -1 3622.DAT
0 STEP
1 86 1550.0 -528 240.0 -1 0 0 0 1 0 0 0 -1 3002.DAT
0 STEP
1 86 1550.0 -576 230.0 -1 0 0 0 1 0 0 0 -1 3622.DAT
0 STEP
1 86 1550.0 -648 230.0 -1 0 0 0 1 0 0 0 -1 3622.DAT
0 STEP
1 86 1550.0 -696 240.0 -1 0 0 0 1 0 0 0 -1 3002.DAT
0 STEP
1 86 1550.0 -744 240.0 -1 0 0 0 1 0 0 0 -1 3002.DAT
0 STEP
1 86 1550.0 -792 240.0 -1 0 0 0 1 0 0 0 -1 3002.DAT
0 STEP
1 86 1530.0 -840 230.0 0 0 1 0 1 0 -1 0 0 3005.DAT
0 STEP
1 86 1530.0 -888 250.0 0 0 1 0 1 0 -1 0 0 3622.DAT
0 STEP
1 86 1530.0 -936 250.0 0 0 1 0 1 0 -1 0 0 3622.DAT
0 STEP
1 86 1550.0 -984 230.0 -1 0 0 0 1 0 0 0 -1 3622.DAT
0 STEP
1 86 1550.0 -1032 230.0 -1 0 0 0 1 0 0 0 -1 3622.DAT
0 STEP
1 86 1550.0 -1080 230.0 -1 0 0 0 1 0 0 0 -1 3622.DAT
0 STEP
1 86 1550.0 -1128 240.0 -1 0 0 0 1 0 0 0 -1 3002.DAT
0 STEP
1 86 1550.0 -1176 240.0 -1 0 0 0 1 0 0 0 -1 3002.DAT
0 STEP
1 86 1550.0 -1224 240.0 -1 0 0 0 1 0 0 0 -1 3002.DAT
0 STEP
1 86 1550.0 -1272 240.0 -1 0 0 0 1 0 0 0 -1 3002.DAT
0 STEP
1 86 1550.0 -1320 240.0 -1 0 0 0 1 0 0 0 -1 3002.DAT
0 STEP
1 86 1550.0 -1368 240.0 -1 0 0 0 1 0 0 0 -1 3002.DAT
0 STEP
1 86 1550.0 -1416 230.0 -1 0 0 0 1 0 0 0 -1 3622.DAT
0 STEP
1 86 1550.0 -1464 230.0 -1 0 0 0 1 0 0 0 -1 3622.DAT
0 STEP
1 86 1530.0 -1488 260.0 0 0 1 0 1 0 -1 0 0 3010.DAT
0 STEP
1 86 1550.0 -1512 240.0 -1 0 0 0 1 0 0 0 -1 3002.DAT
0 STEP
1 86 1530.0 -1536 260.0 0 0 1 0 1 0 -1 0 0 3010.DAT
0 STEP
1 86 1530.0 -1560 230.0 0 0 1 0 1 0 -1 0 0 3005.DAT
0 STEP
1 86 1530.0 -1656 260.0 0 0 1 0 1 0 -1 0 0 3010.DAT
0 STEP
1 86 1550.0 -1680 240.0 -1 0 0 0 1 0 0 0 -1 3002.DAT
0 STEP
1 86 1540.0 -1728 230.0 -1 0 0 0 1 0 0 0 -1 3004.DAT
0 STEP
1 86 1530.0 0 280.0 0 0 1 0 1 0 -1 0 0 3010.DAT
0 STEP
1 86 1530.0 -48 300.0 0 0 1 0 1 0 -1 0 0 3009.DAT
0 STEP
1 86 1530.0 -360 300.0 0 0 1 0 1 0 -1 0 0 3009.DAT
0 STEP
1 86 1540.0 -432 300.0 0 0 1 0 1 0 -1 0 0 2456.DAT
0 STEP
1 86 1550.0 -480 260.0 -1 0 0 0 1 0 0 0 -1 3002.DAT
0 STEP
1 86 1530.0 -576 280.0 0 0 1 0 1 0 -1 0 0 3010.DAT
0 STEP
1 86 1540.0 -600 270.0 0 0 1 0 1 0 -1 0 0 3002.DAT
0 STEP
1 86 1550.0 -648 260.0 -1 0 0 0 1 0 0 0 -1 3002.DAT
0 STEP
1 86 1530.0 -840 280.0 0 0 1 0 1 0 -1 0 0 3010.DAT
0 STEP
1 86 1540.0 -912 280.0 0 0 1 0 1 0 -1 0 0 3001.DAT
0 STEP
1 86 1530.0 -984 300.0 0 0 1 0 1 0 -1 0 0 3009.DAT
0 STEP
1 86 1550.0 -1008 260.0 -1 0 0 0 1 0 0 0 -1 3002.DAT
0 STEP
1 86 1540.0 -1032 250.0 -1 0 0 0 1 0 0 0 -1 3004.DAT
0 STEP
1 86 1550.0 -1056 260.0 -1 0 0 0 1 0 0 0 -1 3002.DAT
0 STEP
1 86 1530.0 -1080 300.0 0 0 1 0 1 0 -1 0 0 3009.DAT
0 STEP
1 86 1550.0 -1416 260.0 -1 0 0 0 1 0 0 0 -1 3002.DAT
0 STEP
1 86 1530.0 -1464 280.0 0 0 1 0 1 0 -1 0 0 3010.DAT
0 STEP
1 86 1530.0 -1560 300.0 0 0 1 0 1 0 -1 0 0 3009.DAT
0 STEP
1 86 1550.0 -1632 260.0 -1 0 0 0 1 0 0 0 -1 3002.DAT
0 STEP
1 86 1530.0 -1728 320.0 0 0 1 0 1 0 -1 0 0 3008.DAT
0 STEP
1 86 1550.0 -72 280.0 -1 0 0 0 1 0 0 0 -1 3002.DAT
0 STEP
1 86 1550.0 -120 270.0 -1 0 0 0 1 0 0 0 -1 3622.DAT
0 STEP
1 86 1540.0 -144 300.0 0 0 1 0 1 0 -1 0 0 3001.DAT
0 STEP
1 86 1550.0 -192 280.0 -1 0 0 0 1 0 0 0 -1 3002.DAT
0 STEP
1 86 1550.0 -240 280.0 -1 0 0 0 1 0 0 0 -1 3002.DAT
0 STEP
1 86 1530.0 -264 290.0 0 0 1 0 1 0 -1 0 0 3622.DAT
0 STEP
1 86 1550.0 -288 280.0 -1 0 0 0 1 0 0 0 -1 3002.DAT
0 STEP
1 86 1530.0 -312 270.0 0 0 1 0 1 0 -1 0 0 3005.DAT
0 STEP
1 86 1550.0 -336 280.0 -1 0 0 0 1 0 0 0 -1 3002.DAT
0 STEP
1 86 1530.0 -408 270.0 0 0 1 0 1 0 -1 0 0 3005.DAT
0 STEP
1 86 1530.0 -456 270.0 0 0 1 0 1 0 -1 0 0 3005.DAT
0 STEP
1 86 1530.0 -504 270.0 0 0 1 0 1 0 -1 0 0 3005.DAT
0 STEP
1 86 1540.0 -528 300.0 0 0 1 0 1 0 -1 0 0 3001.DAT
0 STEP
1 86 1530.0 -552 270.0 0 0 1 0 1 0 -1 0 0 3005.DAT
0 STEP
1 86 1550.0 -696 270.0 -1 0 0 0 1 0 0 0 -1 3622.DAT
0 STEP
1 86 1540.0 -744 290.0 0 0 1 0 1 0 -1 0 0 3002.DAT
0 STEP
1 86 1550.0 -768 270.0 -1 0 0 0 1 0 0 0 -1 3622.DAT
0 STEP
1 86 1530.0 -792 300.0 0 0 1 0 1 0 -1 0 0 3010.DAT
0 STEP
1 86 1530.0 -816 270.0 0 0 1 0 1 0 -1 0 0 3005.DAT
0 STEP
1 86 1540.0 -1032 320.0 0 0 1 0 1 0 -1 0 0 2456.DAT
0 STEP
1 86 1550.0 -1104 270.0 -1 0 0 0 1 0 0 0 -1 3622.DAT
0 STEP
1 86 1540.0 -1128 360.0 0 0 1 0 1 0 -1 0 0 3006.DAT
0 STEP
1 86 1530.0 -1152 290.0 0 0 1 0 1 0 -1 0 0 3622.DAT
0 STEP
1 86 1530.0 -1176 270.0 0 0 1 0 1 0 -1 0 0 3005.DAT
0 STEP
1 86 1550.0 -1224 280.0 -1 0 0 0 1 0 0 0 -1 3002.DAT
0 STEP
1 86 1530.0 -1248 270.0 0 0 1 0 1 0 -1 0 0 3005.DAT
0 STEP
1 86 1550.0 -1272 270.0 -1 0 0 0 1 0 0 0 -1 3622.DAT
0 STEP
1 86 1550.0 -1320 270.0 -1 0 0 0 1 0 0 0 -1 3622.DAT
0 STEP
1 86 1530.0 -1368 280.0 0 0 1 0 1 0 -1 0 0 3004.DAT
0 STEP
1 86 1530.0 -1392 270.0 0 0 1 0 1 0 -1 0 0 3005.DAT
0 STEP
1 86 1530.0 -1440 270.0 0 0 1 0 1 0 -1 0 0 3005.DAT
0 STEP
1 86 1550.0 -1512 280.0 -1 0 0 0 1 0 0 0 -1 3002.DAT
0 STEP
1 86 1540.0 -1584 280.0 0 0 1 0 1 0 -1 0 0 3003.DAT
0 STEP
1 86 1530.0 -1680 320.0 0 0 1 0 1 0 -1 0 0 3009.DAT
0 STEP
1 86 1580.0 -1752 270.0 -1 0 0 0 1 0 0 0 -1 3009.DAT
0 STEP
1 86 1530.0 -120 320.0 0 0 1 0 1 0 -1 0 0 3010.DAT
0 STEP
1 86 1540.0 -312 340.0 0 0 1 0 1 0 -1 0 0 2456.DAT
0 STEP
1 86 1540.0 -384 310.0 0 0 1 0 1 0 -1 0 0 3002.DAT
0 STEP
1 86 1550.0 -408 290.0 -1 0 0 0 1 0 0 0 -1 3622.DAT
0 STEP
1 86 1540.0 -456 290.0 -1 0 0 0 1 0 0 0 -1 3004.DAT
0 STEP
1 86 1530.0 -480 320.0 0 0 1 0 1 0 -1 0 0 3010.DAT
0 STEP
1 86 1540.0 -504 290.0 -1 0 0 0 1 0 0 0 -1 3004.DAT
0 STEP
1 86 1540.0 -552 290.0 -1 0 0 0 1 0 0 0 -1 3004.DAT
0 STEP
1 86 1530.0 -624 290.0 0 0 1 0 1 0 -1 0 0 3005.DAT
0 STEP
1 86 1530.0 -648 340.0 0 0 1 0 1 0 -1 0 0 3009.DAT
0 STEP
1 86 1530.0 -696 340.0 0 0 1 0 1 0 -1 0 0 3009.DAT
0 STEP
1 86 1540.0 -768 340.0 0 0 1 0 1 0 -1 0 0 2456.DAT
0 STEP
1 86 1540.0 -816 300.0 0 0 1 0 1 0 -1 0 0 3003.DAT
0 STEP
1 86 1530.0 -936 340.0 0 0 1 0 1 0 -1 0 0 3009.DAT
0 STEP
1 86 1550.0 -1008 290.0 -1 0 0 0 1 0 0 0 -1 3622.DAT
0 STEP
1 86 1550.0 -1056 290.0 -1 0 0 0 1 0 0 0 -1 3622.DAT
0 STEP
1 86 1550.0 -1104 300.0 -1 0 0 0 1 0 0 0 -1 3002.DAT
0 STEP
1 86 1530.0 -1176 360.0 0 0 1 0 1 0 -1 0 0 3008.DAT
0 STEP
1 86 1530.0 -1248 320.0 0 0 1 0 1 0 -1 0 0 3010.DAT
0 STEP
1 86 1530.0 -1272 290.0 0 0 1 0 1 0 -1 0 0 3005.DAT
0 STEP
1 86 1530.0 -1320 320.0 0 0 1 0 1 0 -1 0 0 3010.DAT
0 STEP
1 86 1540.0 -1392 290.0 -1 0 0 0 1 0 0 0 -1 3004.DAT
0 STEP
1 86 1530.0 -1416 360.0 0 0 1 0 1 0 -1 0 0 3008.DAT
0 STEP
1 86 1540.0 -1440 290.0 -1 0 0 0 1 0 0 0 -1 3004.DAT
0 STEP
1 86 1540.0 -1632 340.0 0 0 1 0 1 0 -1 0 0 2456.DAT
0 STEP
1 86 1540.0 -1704 320.0 0 0 1 0 1 0 -1 0 0 3001.DAT
0 STEP
1 86 1540.0 -1752 360.0 0 0 1 0 1 0 -1 0 0 3007.DAT
0 STEP
1 86 1560.0 -24 320.0 -1 0 0 0 1 0 0 0 -1 3001.DAT
0 STEP
1 86 1550.0 -72 310.0 -1 0 0 0 1 0 0 0 -1 3622.DAT
0 STEP
1 86 1530.0 -168 310.0 0 0 1 0 1 0 -1 0 0 3005.DAT
0 STEP
1 86 1540.0 -192 380.0 0 0 1 0 1 0 -1 0 0 3007.DAT
0 STEP
1 86 1530.0 -240 380.0 0 0 1 0 1 0 -1 0 0 3008.DAT
0 STEP
1 86 1550.0 -288 320.0 -1 0 0 0 1 0 0 0 -1 3002.DAT
0 STEP
1 86 1550.0 -336 320.0 -1 0 0 0 1 0 0 0 -1 3002.DAT
0 STEP
1 86 1530.0 -408 330.0 0 0 1 0 1 0 -1 0 0 3622.DAT
0 STEP
1 86 1550.0 -456 310.0 -1 0 0 0 1 0 0 0 -1 3622.DAT
0 STEP
1 86 1550.0 -504 310.0 -1 0 0 0 1 0 0 0 -1 3622.DAT
0 STEP
1 86 1550.0 -552 320.0 -1 0 0 0 1 0 0 0 -1 3002.DAT
0 STEP
1 86 1530.0 -600 340.0 0 0 1 0 1 0 -1 0 0 3010.DAT
0 STEP
1 86 1550.0 -624 320.0 -1 0 0 0 1 0 0 0 -1 3002.DAT
0 STEP
1 86 1530.0 -672 310.0 0 0 1 0 1 0 -1 0 0 3005.DAT
0 STEP
1 86 1530.0 -720 310.0 0 0 1 0 1 0 -1 0 0 3005.DAT
0 STEP
1 86 1550.0 -960 320.0 -1 0 0 0 1 0 0 0 -1 3002.DAT
0 STEP
1 86 1530.0 -1008 380.0 0 0 1 0 1 0 -1 0 0 3008.DAT
0 STEP
1 86 1550.0 -1056 320.0 -1 0 0 0 1 0 0 0 -1 3002.DAT
0 STEP
1 86 1550.0 -1224 320.0 -1 0 0 0 1 0 0 0 -1 3002.DAT
0 STEP
1 86 1530.0 -1272 360.0 0 0 1 0 1 0 -1 0 0 3009.DAT
0 STEP
1 86 1550.0 -1296 320.0 -1 0 0 0 1 0 0 0 -1 3002.DAT
0 STEP
1 86 1550.0 -1344 310.0 -1 0 0 0 1 0 0 0 -1 3622.DAT
0 STEP
1 86 1530.0 -1368 380.0 0 0 1 0 1 0 -1 0 0 3008.DAT
0 STEP
1 86 1550.0 -1392 320.0 -1 0 0 0 1 0 0 0 -1 3002.DAT
0 STEP
1 86 1550.0 -1440 310.0 -1 0 0 0 1 0 0 0 -1 3622.DAT
0 STEP
1 86 1550.0 -1488 310.0 -1 0 0 0 1 0 0 0 -1 3622.DAT
0 STEP
1 86 1530.0 -1512 380.0 0 0 1 0 1 0 -1 0 0 3008.DAT
0 STEP
1 86 1550.0 -1536 320.0 -1 0 0 0 1 0 0 0 -1 3002.DAT
0 STEP
1 86 1550.0 -1584 310.0 -1 0 0 0 1 0 0 0 -1 3622.DAT
0 STEP
1 86 1530.0 -1656 310.0 0 0 1 0 1 0 -1 0 0 3005.DAT
0 STEP
1 86 1530.0 0 400.0 0 0 1 0 1 0 -1 0 0 3008.DAT
0 STEP
1 86 1540.0 -72 420.0 0 0 1 0 1 0 -1 0 0 3006.DAT
0 STEP
1 86 1550.0 -96 340.0 -1 0 0 0 1 0 0 0 -1 3002.DAT
0 STEP
1 86 1550.0 -168 340.0 -1 0 0 0 1 0 0 0 -1 3002.DAT
0 STEP
1 86 1540.0 -264 350.0 0 0 1 0 1 0 -1 0 0 3002.DAT
0 STEP
1 86 1530.0 -456 360.0 0 0 1 0 1 0 -1 0 0 3010.DAT
0 STEP
1 86 1540.0 -504 380.0 0 0 1 0 1 0 -1 0 0 2456.DAT
0 STEP
1 86 1530.0 -576 330.0 0 0 1 0 1 0 -1 0 0 3005.DAT
0 STEP
1 86 1550.0 -672 340.0 -1 0 0 0 1 0 0 0 -1 3002.DAT
0 STEP
1 86 1550.0 -720 330.0 -1 0 0 0 1 0 0 0 -1 3622.DAT
0 STEP
1 86 1530.0 -744 360.0 0 0 1 0 1 0 -1 0 0 3010.DAT
0 STEP
1 86 1530.0 -816 360.0 0 0 1 0 1 0 -1 0 0 3010.DAT
0 STEP
1 86 1530.0 -840 330.0 0 0 1 0 1 0 -1 0 0 3005.DAT
0 STEP
1 86 1550.0 -1104 340.0 -1 0 0 0 1 0 0 0 -1 3002.DAT
0 STEP
1 86 1540.0 -1152 330.0 -1 0 0 0 1 0 0 0 -1 3004.DAT
0 STEP
1 86 1550.0 -1344 340.0 -1 0 0 0 1 0 0 0 -1 3002.DAT
0 STEP
1 86 1550.0 -1440 340.0 -1 0 0 0 1 0 0 0 -1 3002.DAT
0 STEP
1 86 1530.0 -1464 330.0 0 0 1 0 1 0 -1 0 0 3005.DAT
0 STEP
1 86 1550.0 -1488 340.0 -1 0 0 0 1 0 0 0 -1 3002.DAT
0 STEP
1 86 1550.0 -1584 340.0 -1 0 0 0 1 0 0 0 -1 3002.DAT
0 STEP
1 86 1530.0 -1608 330.0 0 0 1 0 1 0 -1 0 0 3005.DAT
0 STEP
1 86 1550.0 -1656 340.0 -1 0 0 0 1 0 0 0 -1 3002.DAT
0 STEP
1 86 1560.0 -24 350.0 -1 0 0 0 1 0 0 0 -1 3010.DAT
0 STEP
1 86 1550.0 -144 350.0 -1 0 0 0 1 0 0 0 -1 3622.DAT
0 STEP
1 86 1550.0 -216 360.0 -1 0 0 0 1 0 0 0 -1 3002.DAT
0 STEP
1 86 1530.0 -288 350.0 0 0 1 0 1 0 -1 0 0 3005.DAT
0 STEP
1 86 1550.0 -336 360.0 -1 0 0 0 1 0 0 0 -1 3002.DAT
0 STEP
1 86 1530.0 -384 370.0 0 0 1 0 1 0 -1 0 0 3622.DAT
0 STEP
1 86 1540.0 -528 350.0 -1 0 0 0 1 0 0 0 -1 3004.DAT
0 STEP
1 86 1530.0 -552 380.0 0 0 1 0 1 0 -1 0 0 3010.DAT
0 STEP
1 86 1540.0 -576 370.0 0 0 1 0 1 0 -1 0 0 3002.DAT
0 STEP
1 86 1550.0 -624 360.0 -1 0 0 0 1 0 0 0 -1 3002.DAT
0 STEP
1 86 1550.0 -720 360.0 -1 0 0 0 1 0 0 0 -1 3002.DAT
0 STEP
1 86 1550.0 -792 360.0 -1 0 0 0 1 0 0 0 -1 3002.DAT
0 STEP
1 86 1540.0 -840 370.0 0 0 1 0 1 0 -1 0 0 3002.DAT
0 STEP
1 86 1530.0 -960 380.0 0 0 1 0 1 0 -1 0 0 3010.DAT
0 STEP
1 86 1530.0 -1056 350.0 0 0 1 0 1 0 -1 0 0 3005.DAT
0 STEP
1 86 1550.0 -1152 350.0 -1 0 0 0 1 0 0 0 -1 3622.DAT
0 STEP
1 86 1530.0 -1200 360.0 0 0 1 0 1 0 -1 0 0 3004.DAT
0 STEP
1 86 1540.0 -1224 350.0 -1 0 0 0 1 0 0 0 -1 3004.DAT
0 STEP
1 86 1550.0 -1296 360.0 -1 0 0 0 1 0 0 0 -1 3002.DAT
0 STEP
1 86 1550.0 -1392 360.0 -1 0 0 0 1 0 0 0 -1 3002.DAT
0 STEP
1 86 1530.0 -1464 400.0 0 0 1 0 1 0 -1 0 0 3009.DAT
0 STEP
1 86 1550.0 -1536 360.0 -1 0 0 0 1 0 0 0 -1 3002.DAT
0 STEP
1 86 1540.0 -1608 400.0 0 0 1 0 1 0 -1 0 0 2456.DAT
0 STEP
1 86 1540.0 -24 370.0 -1 0 0 0 1 0 0 0 -1 3004.DAT
0 STEP
1 86 1600.0 -48 370.0 -1 0 0 0 1 0 0 0 -1 3008.DAT
0 STEP
1 86 1550.0 -96 380.0 -1 0 0 0 1 0 0 0 -1 3002.DAT
0 STEP
1 86 1530.0 -120 370.0 0 0 1 0 1 0 -1 0 0 3005.DAT
0 STEP
1 86 1530.0 -144 400.0 0 0 1 0 1 0 -1 0 0 3010.DAT
0 STEP
1 86 1550.0 -168 380.0 -1 0 0 0 1 0 0 0 -1 3002.DAT
0 STEP
1 86 1530.0 -288 400.0 0 0 1 0 1 0 -1 0 0 3010.DAT
0 STEP
1 86 1540.0 -360 400.0 0 0 1 0 1 0 -1 0 0 3001.DAT
0 STEP
1 86 1550.0 -408 370.0 -1 0 0 0 1 0 0 0 -1 3622.DAT
0 STEP
1 86 1530.0 -432 440.0 0 0 1 0 1 0 -1 0 0 3008.DAT
0 STEP
1 86 1530.0 -480 440.0 0 0 1 0 1 0 -1 0 0 3008.DAT
0 STEP
1 86 1550.0 -528 380.0 -1 0 0 0 1 0 0 0 -1 3002.DAT
0 STEP
1 86 1550.0 -672 370.0 -1 0 0 0 1 0 0 0 -1 3622.DAT
0 STEP
1 86 1550.0 -984 380.0 -1 0 0 0 1 0 0 0 -1 3002.DAT
0 STEP
1 86 1530.0 -1056 400.0 0 0 1 0 1 0 -1 0 0 3010.DAT
0 STEP
1 86 1550.0 -1080 380.0 -1 0 0 0 1 0 0 0 -1 3002.DAT
0 STEP
1 86 1550.0 -1104 380.0 -1 0 0 0 1 0 0 0 -1 3002.DAT
0 STEP
1 86 1550.0 -1152 380.0 -1 0 0 0 1 0 0 0 -1 3002.DAT
0 STEP
1 86 1540.0 -1224 400.0 0 0 1 0 1 0 -1 0 0 3001.DAT
0 STEP
1 86 1550.0 -1248 370.0 -1 0 0 0 1 0 0 0 -1 3622.DAT
0 STEP
1 86 1550.0 -1320 380.0 -1 0 0 0 1 0 0 0 -1 3002.DAT
0 STEP
1 86 1550.0 -1344 380.0 -1 0 0 0 1 0 0 0 -1 3002.DAT
0 STEP
1 86 1550.0 -1440 380.0 -1 0 0 0 1 0 0 0 -1 3002.DAT
0 STEP
1 86 1550.0 -1488 380.0 -1 0 0 0 1 0 0 0 -1 3002.DAT
0 STEP
1 86 1540.0 -1560 400.0 0 0 1 0 1 0 -1 0 0 3001.DAT
0 STEP
1 86 1550.0 -1584 380.0 -1 0 0 0 1 0 0 0 -1 3002.DAT
0 STEP
1 86 1550.0 -1656 380.0 -1 0 0 0 1 0 0 0 -1 3002.DAT
0 STEP
1 86 1560.0 -1704 370.0 -1 0 0 0 1 0 0 0 -1 3010.DAT
0 STEP
1 86 1540.0 -24 420.0 0 0 1 0 1 0 -1 0 0 3001.DAT
0 STEP
1 86 1530.0 -48 400.0 0 0 1 0 1 0 -1 0 0 3004.DAT
0 STEP
1 86 1540.0 -120 460.0 0 0 1 0 1 0 -1 0 0 3007.DAT
0 STEP
1 86 1550.0 -216 400.0 -1 0 0 0 1 0 0 0 -1 3002.DAT
0 STEP
1 86 1550.0 -264 400.0 -1 0 0 0 1 0 0 0 -1 3002.DAT
0 STEP
1 86 1530.0 -336 460.0 0 0 1 0 1 0 -1 0 0 3008.DAT
0 STEP
1 86 1550.0 -408 400.0 -1 0 0 0 1 0 0 0 -1 3002.DAT
0 STEP
1 86 1550.0 -600 400.0 -1 0 0 0 1 0 0 0 -1 3002.DAT
0 STEP
1 86 1540.0 -624 390.0 -1 0 0 0 1 0 0 0 -1 3004.DAT
0 STEP
1 86 1540.0 -672 400.0 0 0 1 0 1 0 -1 0 0 3003.DAT
0 STEP
1 86 1540.0 -720 480.0 0 0 1 0 1 0 -1 0 0 3006.DAT
0 STEP
1 86 1530.0 -792 420.0 0 0 1 0 1 0 -1 0 0 3010.DAT
0 STEP
1 86 1550.0 -1032 390.0 -1 0 0 0 1 0 0 0 -1 3622.DAT
0 STEP
1 86 1540.0 -1200 390.0 -1 0 0 0 1 0 0 0 -1 3004.DAT
0 STEP
1 86 1540.0 -1248 420.0 0 0 1 0 1 0 -1 0 0 3001.DAT
0 STEP
1 86 1540.0 -1296 420.0 0 0 1 0 1 0 -1 0 0 3001.DAT
0 STEP
1 86 1550.0 -1392 390.0 -1 0 0 0 1 0 0 0 -1 3622.DAT
0 STEP
1 86 1550.0 -1536 390.0 -1 0 0 0 1 0 0 0 -1 3622.DAT
0 STEP
1 86 1530.0 -1680 390.0 0 0 1 0 1 0 -1 0 0 3005.DAT
0 STEP
1 86 1540.0 -1704 420.0 0 0 1 0 1 0 -1 0 0 3001.DAT
0 STEP
1 86 1550.0 -96 420.0 -1 0 0 0 1 0 0 0 -1 3002.DAT
0 STEP
1 86 1550.0 -168 410.0 -1 0 0 0 1 0 0 0 -1 3622.DAT
0 STEP
1 86 1550.0 -312 420.0 -1 0 0 0 1 0 0 0 -1 3002.DAT
0 STEP
1 86 1530.0 -384 440.0 0 0 1 0 1 0 -1 0 0 3010.DAT
0 STEP
1 86 1550.0 -456 420.0 -1 0 0 0 1 0 0 0 -1 3002.DAT
0 STEP
1 86 1540.0 -528 440.0 0 0 1 0 1 0 -1 0 0 3001.DAT
0 STEP
1 86 1540.0 -576 460.0 0 0 1 0 1 0 -1 0 0 2456.DAT
0 STEP
1 86 1540.0 -624 460.0 0 0 1 0 1 0 -1 0 0 2456.DAT
0 STEP
1 86 1550.0 -648 420.0 -1 0 0 0 1 0 0 0 -1 3002.DAT
0 STEP
1 86 1530.0 -696 410.0 0 0 1 0 1 0 -1 0 0 3005.DAT
0 STEP
1 86 1530.0 -744 410.0 0 0 1 0 1 0 -1 0 0 3005.DAT
0 STEP
1 86 1530.0 -768 410.0 0 0 1 0 1 0 -1 0 0 3005.DAT
0 STEP
1 86 1550.0 -816 420.0 -1 0 0 0 1 0 0 0 -1 3002.DAT
0 STEP
1 86 1540.0 -840 420.0 0 0 1 0 1 0 -1 0 0 3003.DAT
0 STEP
1 86 1540.0 -936 430.0 0 0 1 0 1 0 -1 0 0 3002.DAT
0 STEP
1 86 1580.0 -984 420.0 -1 0 0 0 1 0 0 0 -1 2456.DAT
0 STEP
1 86 1530.0 -1032 420.0 0 0 1 0 1 0 -1 0 0 3004.DAT
0 STEP
1 86 1530.0 -1080 430.0 0 0 1 0 1 0 -1 0 0 3622.DAT
0 STEP
1 86 1600.0 -1104 420.0 -1 0 0 0 1 0 0 0 -1 3007.DAT
0 STEP
1 86 1550.0 -1152 410.0 -1 0 0 0 1 0 0 0 -1 3622.DAT
0 STEP
1 86 1580.0 -1200 410.0 -1 0 0 0 1 0 0 0 -1 3009.DAT
0 STEP
1 86 1530.0 -1320 420.0 0 0 1 0 1 0 -1 0 0 3004.DAT
0 STEP
1 86 1560.0 -1344 420.0 -1 0 0 0 1 0 0 0 -1 3001.DAT
0 STEP
1 86 1620.0 -1392 420.0 -1 0 0 0 1 0 0 0 -1 3006.DAT
0 STEP
1 86 1600.0 -1440 420.0 -1 0 0 0 1 0 0 0 -1 3007.DAT
0 STEP
1 86 1560.0 -1488 410.0 -1 0 0 0 1 0 0 0 -1 3010.DAT
0 STEP
1 86 1580.0 -1536 410.0 -1 0 0 0 1 0 0 0 -1 3009.DAT
0 STEP
1 86 1530.0 -1584 410.0 0 0 1 0 1 0 -1 0 0 3005.DAT
0 STEP
1 86 1580.0 -1632 410.0 -1 0 0 0 1 0 0 0 -1 3009.DAT
0 STEP
1 86 1540.0 -1656 430.0 0 0 1 0 1 0 -1 0 0 3002.DAT
0 STEP
1 86 1560.0 -1680 410.0 -1 0 0 0 1 0 0 0 -1 3010.DAT
0 STEP
1 86 1530.0 -1728 430.0 0 0 1 0 1 0 -1 0 0 3622.DAT
0 STEP
1 86 1560.0 -48 430.0 -1 0 0 0 1 0 0 0 -1 3010.DAT
0 STEP
1 86 1540.0 -168 480.0 0 0 1 0 1 0 -1 0 0 2456.DAT
0 STEP
1 86 1550.0 -216 440.0 -1 0 0 0 1 0 0 0 -1 3002.DAT
0 STEP
1 86 1550.0 -264 440.0 -1 0 0 0 1 0 0 0 -1 3002.DAT
0 STEP
1 86 1550.0 -408 430.0 -1 0 0 0 1 0 0 0 -1 3622.DAT
0 STEP
1 86 1550.0 -552 440.0 -1 0 0 0 1 0 0 0 -1 3002.DAT
0 STEP
1 86 1550.0 -600 430.0 -1 0 0 0 1 0 0 0 -1 3622.DAT
0 STEP
1 86 1530.0 -672 480.0 0 0 1 0 1 0 -1 0 0 3009.DAT
0 STEP
1 86 1550.0 -696 430.0 -1 0 0 0 1 0 0 0 -1 3622.DAT
0 STEP
1 86 1550.0 -744 440.0 -1 0 0 0 1 0 0 0 -1 3002.DAT
0 STEP
1 86 1530.0 -768 500.0 0 0 1 0 1 0 -1 0 0 3008.DAT
0 STEP
1 86 1530.0 -960 430.0 0 0 1 0 1 0 -1 0 0 3005.DAT
0 STEP
1 86 1600.0 -1152 440.0 -1 0 0 0 1 0 0 0 -1 3007.DAT
0 STEP
1 86 1550.0 -1200 440.0 -1 0 0 0 1 0 0 0 -1 3002.DAT
0 STEP
1 86 1530.0 -1272 430.0 0 0 1 0 1 0 -1 0 0 3005.DAT
0 STEP
1 86 1530.0 -1488 430.0 0 0 1 0 1 0 -1 0 0 3005.DAT
0 STEP
1 86 1580.0 -1536 440.0 -1 0 0 0 1 0 0 0 -1 2456.DAT
0 STEP
1 86 1580.0 -1584 430.0 -1 0 0 0 1 0 0 0 -1 3009.DAT
0 STEP
1 86 1580.0 -1632 440.0 -1 0 0 0 1 0 0 0 -1 2456.DAT
0 STEP
1 86 1530.0 -1680 430.0 0 0 1 0 1 0 -1 0 0 3005.DAT
0 STEP
1 86 1540.0 -48 470.0 0 0 1 0 1 0 -1 0 0 3002.DAT
0 STEP
1 86 1550.0 -96 460.0 -1 0 0 0 1 0 0 0 -1 3002.DAT
0 STEP
1 86 1550.0 -144 460.0 -1 0 0 0 1 0 0 0 -1 3002.DAT
0 STEP
1 86 1530.0 -288 450.0 0 0 1 0 1 0 -1 0 0 3005.DAT
0 STEP
1 86 1550.0 -312 460.0 -1 0 0 0 1 0 0 0 -1 3002.DAT
0 STEP
1 86 1550.0 -360 460.0 -1 0 0 0 1 0 0 0 -1 3002.DAT
0 STEP
1 86 1530.0 -408 450.0 0 0 1 0 1 0 -1 0 0 3005.DAT
0 STEP
1 86 1550.0 -456 460.0 -1 0 0 0 1 0 0 0 -1 3002.DAT
0 STEP
1 86 1540.0 -504 450.0 -1 0 0 0 1 0 0 0 -1 3004.DAT
0 STEP
1 86 1550.0 -600 460.0 -1 0 0 0 1 0 0 0 -1 3002.DAT
0 STEP
1 86 1550.0 -648 460.0 -1 0 0 0 1 0 0 0 -1 3002.DAT
0 STEP
1 86 1550.0 -696 460.0 -1 0 0 0 1 0 0 0 -1 3002.DAT
0 STEP
1 86 1540.0 -816 500.0 0 0 1 0 1 0 -1 0 0 2456.DAT
0 STEP
1 86 1550.0 -840 460.0 -1 0 0 0 1 0 0 0 -1 3002.DAT
0 STEP
1 86 1540.0 -912 480.0 0 0 1 0 1 0 -1 0 0 3001.DAT
0 STEP
1 86 1550.0 -960 450.0 -1 0 0 0 1 0 0 0 -1 3622.DAT
0 STEP
1 86 1600.0 -984 450.0 -1 0 0 0 1 0 0 0 -1 3008.DAT
0 STEP
1 86 1560.0 -1032 450.0 -1 0 0 0 1 0 0 0 -1 3010.DAT
0 STEP
1 86 1530.0 -1056 450.0 0 0 1 0 1 0 -1 0 0 3005.DAT
0 STEP
1 86 1600.0 -1104 450.0 -1 0 0 0 1 0 0 0 -1 3008.DAT
0 STEP
1 86 1550.0 -1176 450.0 -1 0 0 0 1 0 0 0 -1 3622.DAT
0 STEP
1 86 1530.0 -1224 450.0 0 0 1 0 1 0 -1 0 0 3005.DAT
0 STEP
1 86 1580.0 -1272 450.0 -1 0 0 0 1 0 0 0 -1 3009.DAT
0 STEP
1 86 1580.0 -1320 450.0 -1 0 0 0 1 0 0 0 -1 3009.DAT
0 STEP
1 86 1560.0 -1344 450.0 -1 0 0 0 1 0 0 0 -1 3010.DAT
0 STEP
1 86 1560.0 -1392 450.0 -1 0 0 0 1 0 0 0 -1 3010.DAT
0 STEP
1 86 1530.0 -1416 450.0 0 0 1 0 1 0 -1 0 0 3005.DAT
0 STEP
1 86 1600.0 -1440 450.0 -1 0 0 0 1 0 0 0 -1 3008.DAT
0 STEP
1 86 1600.0 -1488 450.0 -1 0 0 0 1 0 0 0 -1 3008.DAT
0 STEP
1 86 1550.0 -1560 450.0 -1 0 0 0 1 0 0 0 -1 3622.DAT
0 STEP
1 86 1530.0 -1584 450.0 0 0 1 0 1 0 -1 0 0 3005.DAT
0 STEP
1 86 1560.0 -1680 450.0 -1 0 0 0 1 0 0 0 -1 3010.DAT
0 STEP
1 86 1560.0 -1752 450.0 -1 0 0 0 1 0 0 0 -1 3010.DAT
0 STEP
1 86 1580.0 -24 470.0 -1 0 0 0 1 0 0 0 -1 3009.DAT
0 STEP
1 86 1550.0 -192 480.0 -1 0 0 0 1 0 0 0 -1 3002.DAT
0 STEP
1 86 1530.0 -216 490.0 0 0 1 0 1 0 -1 0 0 3622.DAT
0 STEP
1 86 1540.0 -240 520.0 0 0 1 0 1 0 -1 0 0 2456.DAT
0 STEP
1 86 1550.0 -264 480.0 -1 0 0 0 1 0 0 0 -1 3002.DAT
0 STEP
1 86 1530.0 -288 500.0 0 0 1 0 1 0 -1 0 0 3010.DAT
0 STEP
1 86 1530.0 -408 520.0 0 0 1 0 1 0 -1 0 0 3009.DAT
0 STEP
1 86 1540.0 -504 520.0 0 0 1 0 1 0 -1 0 0 2456.DAT
0 STEP
1 86 1530.0 -552 540.0 0 0 1 0 1 0 -1 0 0 3008.DAT
0 STEP
1 86 1550.0 -744 480.0 -1 0 0 0 1 0 0 0 -1 3002.DAT
0 STEP
1 86 1550.0 -792 480.0 -1 0 0 0 1 0 0 0 -1 3002.DAT
0 STEP
1 86 1530.0 -888 500.0 0 0 1 0 1 0 -1 0 0 3010.DAT
0 STEP
1 86 1530.0 0 510.0 0 0 1 0 1 0 -1 0 0 3622.DAT
0 STEP
1 86 1540.0 -24 580.0 0 0 1 0 1 0 -1 0 0 3006.DAT
0 STEP
1 86 1550.0 -96 490.0 -1 0 0 0 1 0 0 0 -1 3622.DAT
0 STEP
1 86 1550.0 -144 500.0 -1 0 0 0 1 0 0 0 -1 3002.DAT
0 STEP
1 86 1550.0 -312 490.0 -1 0 0 0 1 0 0 0 -1 3622.DAT
0 STEP
1 86 1530.0 -360 520.0 0 0 1 0 1 0 -1 0 0 3010.DAT
0 STEP
1 86 1550.0 -384 500.0 -1 0 0 0 1 0 0 0 -1 3002.DAT
0 STEP
1 86 1550.0 -456 500.0 -1 0 0 0 1 0 0 0 -1 3002.DAT
0 STEP
1 86 1550.0 -528 500.0 -1 0 0 0 1 0 0 0 -1 3002.DAT
0 STEP
1 86 1530.0 -600 490.0 0 0 1 0 1 0 -1 0 0 3005.DAT
0 STEP
1 86 1540.0 -648 490.0 -1 0 0 0 1 0 0 0 -1 3004.DAT
0 STEP
1 86 1550.0 -696 500.0 -1 0 0 0 1 0 0 0 -1 3002.DAT
0 STEP
1 86 1550.0 -840 500.0 -1 0 0 0 1 0 0 0 -1 3002.DAT
0 STEP
1 86 1550.0 -48 510.0 -1 0 0 0 1 0 0 0 -1 3622.DAT
0 STEP
1 86 1540.0 -96 600.0 0 0 1 0 1 0 -1 0 0 3006.DAT
0 STEP
1 86 1550.0 -192 510.0 -1 0 0 0 1 0 0 0 -1 3622.DAT
0 STEP
1 86 1530.0 -264 540.0 0 0 1 0 1 0 -1 0 0 3010.DAT
0 STEP
1 86 1530.0 -312 510.0 0 0 1 0 1 0 -1 0 0 3005.DAT
0 STEP
1 86 1530.0 -600 540.0 0 0 1 0 1 0 -1 0 0 3010.DAT
0 STEP
1 86 1540.0 -648 540.0 0 0 1 0 1 0 -1 0 0 3001.DAT
0 STEP
1 86 1550.0 -744 520.0 -1 0 0 0 1 0 0 0 -1 3002.DAT
0 STEP
1 86 1550.0 -792 520.0 -1 0 0 0 1 0 0 0 -1 3002.DAT
0 STEP
1 86 1530.0 -48 560.0 0 0 1 0 1 0 -1 0 0 3010.DAT
0 STEP
1 86 1550.0 -72 540.0 -1 0 0 0 1 0 0 0 -1 3002.DAT
0 STEP
1 86 1530.0 -144 530.0 0 0 1 0 1 0 -1 0 0 3005.DAT
0 STEP
1 86 1540.0 -192 560.0 0 0 1 0 1 0 -1 0 0 3001.DAT
0 STEP
1 86 1550.0 -216 540.0 -1 0 0 0 1 0 0 0 -1 3002.DAT
0 STEP
1 86 1530.0 -312 560.0 0 0 1 0 1 0 -1 0 0 3010.DAT
0 STEP
1 86 1550.0 -384 540.0 -1 0 0 0 1 0 0 0 -1 3002.DAT
0 STEP
1 86 1550.0 -432 540.0 -1 0 0 0 1 0 0 0 -1 3002.DAT
0 STEP
1 86 1530.0 -456 530.0 0 0 1 0 1 0 -1 0 0 3005.DAT
0 STEP
1 86 1530.0 -480 530.0 0 0 1 0 1 0 -1 0 0 3005.DAT
0 STEP
1 86 1550.0 -528 540.0 -1 0 0 0 1 0 0 0 -1 3002.DAT
0 STEP
1 86 1550.0 -576 530.0 -1 0 0 0 1 0 0 0 -1 3622.DAT
0 STEP
1 86 1550.0 -624 530.0 -1 0 0 0 1 0 0 0 -1 3622.DAT
0 STEP
1 86 1550.0 -696 530.0 -1 0 0 0 1 0 0 0 -1 3622.DAT
0 STEP
1 86 1550.0 -840 530.0 -1 0 0 0 1 0 0 0 -1 3622.DAT
0 STEP
1 86 1530.0 -912 560.0 0 0 1 0 1 0 -1 0 0 3010.DAT
0 STEP
1 86 1550.0 0 550.0 -1 0 0 0 1 0 0 0 -1 3622.DAT
0 STEP
1 86 1550.0 -120 560.0 -1 0 0 0 1 0 0 0 -1 3002.DAT
0 STEP
1 86 1530.0 -144 580.0 0 0 1 0 1 0 -1 0 0 3010.DAT
0 STEP
1 86 1550.0 -168 550.0 -1 0 0 0 1 0 0 0 -1 3622.DAT
0 STEP
1 86 1540.0 -288 550.0 -1 0 0 0 1 0 0 0 -1 3004.DAT
0 STEP
1 86 1550.0 -336 560.0 -1 0 0 0 1 0 0 0 -1 3002.DAT
0 STEP
1 86 1530.0 -456 620.0 0 0 1 0 1 0 -1 0 0 3008.DAT
0 STEP
1 86 1550.0 -480 550.0 -1 0 0 0 1 0 0 0 -1 3622.DAT
0 STEP
1 86 1550.0 -576 560.0 -1 0 0 0 1 0 0 0 -1 3002.DAT
0 STEP
1 86 1530.0 -624 550.0 0 0 1 0 1 0 -1 0 0 3005.DAT
0 STEP
1 86 1550.0 -672 560.0 -1 0 0 0 1 0 0 0 -1 3002.DAT
0 STEP
1 86 1540.0 -696 620.0 0 0 1 0 1 0 -1 0 0 3007.DAT
0 STEP
1 86 1550.0 -744 550.0 -1 0 0 0 1 0 0 0 -1 3622.DAT
0 STEP
1 86 1550.0 -792 550.0 -1 0 0 0 1 0 0 0 -1 3622.DAT
0 STEP
1 86 1540.0 -840 580.0 0 0 1 0 1 0 -1 0 0 3001.DAT
0 STEP
1 86 1530.0 -888 550.0 0 0 1 0 1 0 -1 0 0 3005.DAT
0 STEP
1 86 1550.0 0 580.0 -1 0 0 0 1 0 0 0 -1 3002.DAT
0 STEP
1 86 1540.0 -72 600.0 0 0 1 0 1 0 -1 0 0 3001.DAT
0 STEP
1 86 1550.0 -168 580.0 -1 0 0 0 1 0 0 0 -1 3002.DAT
0 STEP
1 86 1550.0 -216 580.0 -1 0 0 0 1 0 0 0 -1 3002.DAT
0 STEP
1 86 1550.0 -288 570.0 -1 0 0 0 1 0 0 0 -1 3622.DAT
0 STEP
1 86 1530.0 -360 570.0 0 0 1 0 1 0 -1 0 0 3005.DAT
0 STEP
1 86 1540.0 -384 590.0 0 0 1 0 1 0 -1 0 0 3002.DAT
0 STEP
1 86 1550.0 -432 580.0 -1 0 0 0 1 0 0 0 -1 3002.DAT
0 STEP
1 86 1550.0 -480 580.0 -1 0 0 0 1 0 0 0 -1 3002.DAT
0 STEP
1 86 1550.0 -528 580.0 -1 0 0 0 1 0 0 0 -1 3002.DAT
0 STEP
1 86 1530.0 -624 620.0 0 0 1 0 1 0 -1 0 0 3009.DAT
0 STEP
1 86 1540.0 -744 620.0 0 0 1 0 1 0 -1 0 0 2456.DAT
0 STEP
1 86 1540.0 -792 600.0 0 0 1 0 1 0 -1 0 0 3001.DAT
0 STEP
1 86 1540.0 -816 570.0 -1 0 0 0 1 0 0 0 -1 3004.DAT
0 STEP
1 86 1550.0 -120 590.0 -1 0 0 0 1 0 0 0 -1 3622.DAT
0 STEP
1 86 1540.0 -240 610.0 0 0 1 0 1 0 -1 0 0 3002.DAT
0 STEP
1 86 1550.0 -264 590.0 -1 0 0 0 1 0 0 0 -1 3622.DAT
0 STEP
1 86 1550.0 -288 600.0 -1 0 0 0 1 0 0 0 -1 3002.DAT
0 STEP
1 86 1550.0 -336 590.0 -1 0 0 0 1 0 0 0 -1 3622.DAT
0 STEP
1 86 1530.0 -360 620.0 0 0 1 0 1 0 -1 0 0 3010.DAT
0 STEP
1 86 1530.0 -408 590.0 0 0 1 0 1 0 -1 0 0 3005.DAT
0 STEP
1 86 1530.0 -504 590.0 0 0 1 0 1 0 -1 0 0 3005.DAT
0 STEP
1 86 1540.0 -576 620.0 0 0 1 0 1 0 -1 0 0 3001.DAT
0 STEP
1 86 1550.0 -600 590.0 -1 0 0 0 1 0 0 0 -1 3622.DAT
0 STEP
1 86 1550.0 -648 600.0 -1 0 0 0 1 0 0 0 -1 3002.DAT
0 STEP
1 86 1550.0 -672 600.0 -1 0 0 0 1 0 0 0 -1 3002.DAT
0 STEP
1 86 1550.0 -720 590.0 -1 0 0 0 1 0 0 0 -1 3622.DAT
0 STEP
1 86 1530.0 -768 590.0 0 0 1 0 1 0 -1 0 0 3005.DAT
0 STEP
1 86 1540.0 -816 640.0 0 0 1 0 1 0 -1 0 0 2456.DAT
0 STEP
1 86 1560.0 -888 590.0 -1 0 0 0 1 0 0 0 -1 3010.DAT
0 STEP
1 86 1580.0 0 610.0 -1 0 0 0 1 0 0 0 -1 3009.DAT
0 STEP
1 86 1580.0 -48 610.0 -1 0 0 0 1 0 0 0 -1 3009.DAT
0 STEP
1 86 1550.0 -120 620.0 -1 0 0 0 1 0 0 0 -1 3002.DAT
0 STEP
1 86 1540.0 -168 640.0 0 0 1 0 1 0 -1 0 0 3001.DAT
0 STEP
1 86 1550.0 -192 610.0 -1 0 0 0 1 0 0 0 -1 3622.DAT
0 STEP
1 86 1530.0 -216 640.0 0 0 1 0 1 0 -1 0 0 3010.DAT
0 STEP
1 86 1530.0 -264 610.0 0 0 1 0 1 0 -1 0 0 3005.DAT
0 STEP
1 86 1530.0 -312 610.0 0 0 1 0 1 0 -1 0 0 3005.DAT
0 STEP
1 86 1550.0 -336 620.0 -1 0 0 0 1 0 0 0 -1 3002.DAT
0 STEP
1 86 1530.0 -408 640.0 0 0 1 0 1 0 -1 0 0 3010.DAT
0 STEP
1 86 1550.0 -432 620.0 -1 0 0 0 1 0 0 0 -1 3002.DAT
0 STEP
1 86 1550.0 -480 620.0 -1 0 0 0 1 0 0 0 -1 3002.DAT
0 STEP
1 86 1530.0 -504 640.0 0 0 1 0 1 0 -1 0 0 3010.DAT
0 STEP
1 86 1550.0 -528 620.0 -1 0 0 0 1 0 0 0 -1 3002.DAT
0 STEP
1 86 1550.0 -600 620.0 -1 0 0 0 1 0 0 0 -1 3002.DAT
0 STEP
1 86 1550.0 -720 620.0 -1 0 0 0 1 0 0 0 -1 3002.DAT
0 STEP
1 86 1550.0 -768 610.0 -1 0 0 0 1 0 0 0 -1 3622.DAT
0 STEP
1 86 1530.0 -912 610.0 0 0 1 0 1 0 -1 0 0 3005.DAT
0 STEP
1 86 1560.0 0 640.0 -1 0 0 0 1 0 0 0 -1 3001.DAT
0 STEP
1 86 1530.0 -48 660.0 0 0 1 0 1 0 -1 0 0 3010.DAT
0 STEP
1 86 1530.0 -144 630.0 0 0 1 0 1 0 -1 0 0 3005.DAT
0 STEP
1 86 1530.0 -192 660.0 0 0 1 0 1 0 -1 0 0 3010.DAT
0 STEP
1 86 1530.0 -264 660.0 0 0 1 0 1 0 -1 0 0 3010.DAT
0 STEP
1 86 1550.0 -288 640.0 -1 0 0 0 1 0 0 0 -1 3002.DAT
0 STEP
1 86 1540.0 -312 660.0 0 0 1 0 1 0 -1 0 0 3001.DAT
0 STEP
1 86 1540.0 -384 660.0 0 0 1 0 1 0 -1 0 0 3001.DAT
0 STEP
1 86 1540.0 -552 660.0 0 0 1 0 1 0 -1 0 0 3001.DAT
0 STEP
1 86 1540.0 -648 660.0 0 0 1 0 1 0 -1 0 0 3001.DAT
0 STEP
1 86 1550.0 -672 640.0 -1 0 0 0 1 0 0 0 -1 3002.DAT
0 STEP
1 86 1530.0 -768 660.0 0 0 1 0 1 0 -1 0 0 3010.DAT
0 STEP
1 86 1550.0 -840 630.0 -1 0 0 0 1 0 0 0 -1 3622.DAT
0 STEP
1 86 1580.0 -912 640.0 -1 0 0 0 1 0 0 0 -1 2456.DAT
0 STEP
1 86 1600.0 -72 650.0 -1 0 0 0 1 0 0 0 -1 3008.DAT
0 STEP
1 86 1530.0 -120 650.0 0 0 1 0 1 0 -1 0 0 3005.DAT
0 STEP
1 86 1540.0 -144 670.0 0 0 1 0 1 0 -1 0 0 3002.DAT
0 STEP
1 86 1530.0 -240 650.0 0 0 1 0 1 0 -1 0 0 3005.DAT
0 STEP
1 86 1540.0 -336 670.0 0 0 1 0 1 0 -1 0 0 3002.DAT
0 STEP
1 86 1580.0 -432 650.0 -1 0 0 0 1 0 0 0 -1 3009.DAT
0 STEP
1 86 1580.0 -480 650.0 -1 0 0 0 1 0 0 0 -1 3009.DAT
0 STEP
1 86 1580.0 -528 660.0 -1 0 0 0 1 0 0 0 -1 2456.DAT
0 STEP
1 86 1560.0 -600 650.0 -1 0 0 0 1 0 0 0 -1 3010.DAT
0 STEP
1 86 1560.0 -720 650.0 -1 0 0 0 1 0 0 0 -1 3010.DAT
0 STEP
1 86 1560.0 -792 660.0 -1 0 0 0 1 0 0 0 -1 3001.DAT
0 STEP
1 86 1560.0 -840 660.0 -1 0 0 0 1 0 0 0 -1 3001.DAT
0 STEP
1 86 1560.0 0 680.0 -1 0 0 0 1 0 0 0 -1 3001.DAT
0 STEP
1 86 1580.0 -72 670.0 -1 0 0 0 1 0 0 0 -1 3009.DAT
0 STEP
1 86 1560.0 -120 670.0 -1 0 0 0 1 0 0 0 -1 3010.DAT
0 STEP
1 86 1560.0 -240 680.0 -1 0 0 0 1 0 0 0 -1 3001.DAT
0 STEP
1 86 1580.0 -288 680.0 -1 0 0 0 1 0 0 0 -1 2456.DAT
0 STEP
1 86 1550.0 -360 680.0 -1 0 0 0 1 0 0 0 -1 3002.DAT
0 STEP
1 86 1580.0 -432 680.0 -1 0 0 0 1 0 0 0 -1 2456.DAT
0 STEP
1 86 1580.0 -480 680.0 -1 0 0 0 1 0 0 0 -1 2456.DAT
0 STEP
1 86 1580.0 -576 670.0 -1 0 0 0 1 0 0 0 -1 3009.DAT
0 STEP
1 86 1560.0 -600 680.0 -1 0 0 0 1 0 0 0 -1 3001.DAT
0 STEP
1 86 1550.0 -672 680.0 -1 0 0 0 1 0 0 0 -1 3002.DAT
0 STEP
1 86 1530.0 -720 680.0 0 0 1 0 1 0 -1 0 0 3004.DAT
0 STEP
1 86 1540.0 -24 690.0 -1 0 0 0 1 0 0 0 -1 3004.DAT
0 STEP
1 86 1600.0 -72 690.0 -1 0 0 0 1 0 0 0 -1 3008.DAT
0 STEP
1 86 1530.0 -120 690.0 0 0 1 0 1 0 -1 0 0 3005.DAT
0 STEP
1 86 1550.0 -168 690.0 -1 0 0 0 1 0 0 0 -1 3622.DAT
0 STEP
1 86 1580.0 -216 690.0 -1 0 0 0 1 0 0 0 -1 3009.DAT
0 STEP
1 86 1530.0 -408 690.0 0 0 1 0 1 0 -1 0 0 3005.DAT
0 STEP
1 86 1530.0 -504 690.0 0 0 1 0 1 0 -1 0 0 3005.DAT
0 STEP
1 86 1580.0 -528 690.0 -1 0 0 0 1 0 0 0 -1 3009.DAT
0 STEP
1 86 1530.0 -576 690.0 0 0 1 0 1 0 -1 0 0 3005.DAT
0 STEP
1 86 1530.0 -624 690.0 0 0 1 0 1 0 -1 0 0 3005.DAT
0 STEP
1 86 1580.0 -744 690.0 -1 0 0 0 1 0 0 0 -1 3009.DAT
0 STEP
1 86 1600.0 -792 690.0 -1 0 0 0 1 0 0 0 -1 3008.DAT
0 STEP
1 86 1530.0 -840 690.0 0 0 1 0 1 0 -1 0 0 3005.DAT
0 STEP
1 86 1600.0 -912 690.0 -1 0 0 0 1 0 0 0 -1 3008.DAT
0 STEP
1 86 1560.0 -48 40.0 0 0 1 0 1 0 -1 0 0 3001.DAT
0 STEP
1 86 1550.0 -120 20.0 0 0 1 0 1 0 -1 0 0 3004.DAT
0 STEP
1 86 1560.0 -192 30.0 0 0 1 0 1 0 -1 0 0 3002.DAT
0 STEP
1 86 1560.0 -240 30.0 0 0 1 0 1 0 -1 0 0 3002.DAT
0 STEP
1 86 1620.0 -288 20.0 -1 0 0 0 1 0 0 0 -1 3007.DAT
0 STEP
1 86 1560.0 -336 30.0 0 0 1 0 1 0 -1 0 0 3002.DAT
0 STEP
1 86 1570.0 -360 10.0 -1 0 0 0 1 0 0 0 -1 3622.DAT
0 STEP
1 86 1560.0 -432 30.0 0 0 1 0 1 0 -1 0 0 3002.DAT
0 STEP
1 86 1560.0 -480 30.0 0 0 1 0 1 0 -1 0 0 3002.DAT
0 STEP
1 86 1560.0 -528 30.0 0 0 1 0 1 0 -1 0 0 3002.DAT
0 STEP
1 86 1580.0 -576 20.0 -1 0 0 0 1 0 0 0 -1 3001.DAT
0 STEP
1 86 1620.0 -624 10.0 -1 0 0 0 1 0 0 0 -1 3008.DAT
0 STEP
1 86 1550.0 -672 30.0 0 0 1 0 1 0 -1 0 0 3622.DAT
0 STEP
1 86 1560.0 -840 10.0 -1 0 0 0 1 0 0 0 -1 3004.DAT
0 STEP
1 86 1580.0 -912 10.0 -1 0 0 0 1 0 0 0 -1 3010.DAT
0 STEP
1 86 1560.0 -1032 30.0 0 0 1 0 1 0 -1 0 0 3002.DAT
0 STEP
1 86 1560.0 -1104 30.0 0 0 1 0 1 0 -1 0 0 3002.DAT
0 STEP
1 86 1560.0 -1152 30.0 0 0 1 0 1 0 -1 0 0 3002.DAT
0 STEP
1 86 1550.0 -1200 30.0 0 0 1 0 1 0 -1 0 0 3622.DAT
0 STEP
1 86 1570.0 -1272 10.0 -1 0 0 0 1 0 0 0 -1 3622.DAT
0 STEP
1 86 1560.0 -1296 30.0 0 0 1 0 1 0 -1 0 0 3002.DAT
0 STEP
1 86 1580.0 -1320 10.0 -1 0 0 0 1 0 0 0 -1 3010.DAT
0 STEP
1 86 1580.0 -1368 10.0 -1 0 0 0 1 0 0 0 -1 3010.DAT
0 STEP
1 86 1570.0 -1464 10.0 -1 0 0 0 1 0 0 0 -1 3622.DAT
0 STEP
1 86 1580.0 -1536 20.0 -1 0 0 0 1 0 0 0 -1 3001.DAT
0 STEP
1 86 1550.0 -1632 30.0 0 0 1 0 1 0 -1 0 0 3622.DAT
0 STEP
1 86 1560.0 -1680 30.0 0 0 1 0 1 0 -1 0 0 3002.DAT
0 STEP
1 86 1560.0 -1728 30.0 0 0 1 0 1 0 -1 0 0 3002.DAT
0 STEP
1 86 1550.0 -72 30.0 0 0 1 0 1 0 -1 0 0 3005.DAT
0 STEP
1 86 1550.0 -456 30.0 0 0 1 0 1 0 -1 0 0 3005.DAT
0 STEP
1 86 1620.0 -624 40.0 -1 0 0 0 1 0 0 0 -1 3007.DAT
0 STEP
1 86 1580.0 -744 30.0 -1 0 0 0 1 0 0 0 -1 3010.DAT
0 STEP
1 86 1620.0 -1464 30.0 -1 0 0 0 1 0 0 0 -1 3008.DAT
0 STEP
1 86 1550.0 -1752 60.0 0 0 1 0 1 0 -1 0 0 3010.DAT
0 STEP
1 86 1550.0 -24 120.0 0 0 1 0 1 0 -1 0 0 3008.DAT
0 STEP
1 86 1600.0 -72 50.0 -1 0 0 0 1 0 0 0 -1 3009.DAT
0 STEP
1 86 1580.0 -144 50.0 -1 0 0 0 1 0 0 0 -1 3010.DAT
0 STEP
1 86 1620.0 -288 50.0 -1 0 0 0 1 0 0 0 -1 3008.DAT
0 STEP
1 86 1550.0 -576 50.0 0 0 1 0 1 0 -1 0 0 3005.DAT
0 STEP
1 86 1550.0 -936 50.0 0 0 1 0 1 0 -1 0 0 3005.DAT
0 STEP
1 86 1580.0 -1368 50.0 -1 0 0 0 1 0 0 0 -1 3010.DAT
0 STEP
1 86 1550.0 -1488 50.0 0 0 1 0 1 0 -1 0 0 3005.DAT
0 STEP
1 86 1580.0 -1536 50.0 -1 0 0 0 1 0 0 0 -1 3010.DAT
0 STEP
1 86 1550.0 -1704 80.0 0 0 1 0 1 0 -1 0 0 3010.DAT
0 STEP
1 86 1550.0 -1728 70.0 0 0 1 0 1 0 -1 0 0 3005.DAT
0 STEP
1 86 1560.0 -48 90.0 -1 0 0 0 1 0 0 0 -1 3004.DAT
0 STEP
1 86 1580.0 -1752 120.0 -1 0 0 0 1 0 0 0 -1 3001.DAT
0 STEP
1 86 1600.0 -1704 130.0 -1 0 0 0 1 0 0 0 -1 3009.DAT
0 STEP
1 86 1550.0 -1704 180.0 0 0 1 0 1 0 -1 0 0 3010.DAT
0 STEP
1 86 1570.0 -1752 150.0 -1 0 0 0 1 0 0 0 -1 3622.DAT
0 STEP
1 86 1570.0 -1752 200.0 -1 0 0 0 1 0 0 0 -1 3002.DAT
0 STEP
1 86 1560.0 0 230.0 0 0 1 0 1 0 -1 0 0 3002.DAT
0 STEP
1 86 1550.0 -24 210.0 0 0 1 0 1 0 -1 0 0 3005.DAT
0 STEP
1 86 1550.0 -48 280.0 0 0 1 0 1 0 -1 0 0 3008.DAT
0 STEP
1 86 1550.0 -72 210.0 0 0 1 0 1 0 -1 0 0 3005.DAT
0 STEP
1 86 1550.0 -120 210.0 0 0 1 0 1 0 -1 0 0 3005.DAT
0 STEP
1 86 1550.0 -168 220.0 0 0 1 0 1 0 -1 0 0 3004.DAT
0 STEP
1 86 1550.0 -216 240.0 0 0 1 0 1 0 -1 0 0 3010.DAT
0 STEP
1 86 1550.0 -264 260.0 0 0 1 0 1 0 -1 0 0 3009.DAT
0 STEP
1 86 1550.0 -312 240.0 0 0 1 0 1 0 -1 0 0 3010.DAT
0 STEP
1 86 1550.0 -360 280.0 0 0 1 0 1 0 -1 0 0 3008.DAT
0 STEP
1 86 1550.0 -384 210.0 0 0 1 0 1 0 -1 0 0 3005.DAT
0 STEP
1 86 1550.0 -408 240.0 0 0 1 0 1 0 -1 0 0 3010.DAT
0 STEP
1 86 1550.0 -432 210.0 0 0 1 0 1 0 -1 0 0 3005.DAT
0 STEP
1 86 1550.0 -456 240.0 0 0 1 0 1 0 -1 0 0 3010.DAT
0 STEP
1 86 1550.0 -504 240.0 0 0 1 0 1 0 -1 0 0 3010.DAT
0 STEP
1 86 1550.0 -552 240.0 0 0 1 0 1 0 -1 0 0 3010.DAT
0 STEP
1 86 1550.0 -600 220.0 0 0 1 0 1 0 -1 0 0 3004.DAT
0 STEP
1 86 1550.0 -624 210.0 0 0 1 0 1 0 -1 0 0 3005.DAT
0 STEP
1 86 1550.0 -672 260.0 0 0 1 0 1 0 -1 0 0 3009.DAT
0 STEP
1 86 1550.0 -720 260.0 0 0 1 0 1 0 -1 0 0 3009.DAT
0 STEP
1 86 1550.0 -768 230.0 0 0 1 0 1 0 -1 0 0 3622.DAT
0 STEP
1 86 1550.0 -816 240.0 0 0 1 0 1 0 -1 0 0 3010.DAT
0 STEP
1 86 1550.0 -960 240.0 0 0 1 0 1 0 -1 0 0 3010.DAT
0 STEP
1 86 1550.0 -1008 220.0 0 0 1 0 1 0 -1 0 0 3004.DAT
0 STEP
1 86 1550.0 -1056 220.0 0 0 1 0 1 0 -1 0 0 3004.DAT
0 STEP
1 86 1550.0 -1104 230.0 0 0 1 0 1 0 -1 0 0 3622.DAT
0 STEP
1 86 1550.0 -1152 260.0 0 0 1 0 1 0 -1 0 0 3009.DAT
0 STEP
1 86 1550.0 -1200 240.0 0 0 1 0 1 0 -1 0 0 3010.DAT
0 STEP
1 86 1550.0 -1248 260.0 0 0 1 0 1 0 -1 0 0 3009.DAT
0 STEP
1 86 1550.0 -1296 210.0 0 0 1 0 1 0 -1 0 0 3005.DAT
0 STEP
1 86 1550.0 -1344 240.0 0 0 1 0 1 0 -1 0 0 3010.DAT
0 STEP
1 86 1550.0 -1392 240.0 0 0 1 0 1 0 -1 0 0 3010.DAT
0 STEP
1 86 1550.0 -1440 240.0 0 0 1 0 1 0 -1 0 0 3010.DAT
0 STEP
1 86 1550.0 -1464 210.0 0 0 1 0 1 0 -1 0 0 3005.DAT
0 STEP
1 86 1550.0 -1512 210.0 0 0 1 0 1 0 -1 0 0 3005.DAT
0 STEP
1 86 1550.0 -1560 230.0 0 0 1 0 1 0 -1 0 0 3622.DAT
0 STEP
1 86 1550.0 -1584 230.0 0 0 1 0 1 0 -1 0 0 3622.DAT
0 STEP
1 86 1550.0 -1608 210.0 0 0 1 0 1 0 -1 0 0 3005.DAT
0 STEP
1 86 1550.0 -1632 220.0 0 0 1 0 1 0 -1 0 0 3004.DAT
0 STEP
1 86 1550.0 -1656 260.0 0 0 1 0 1 0 -1 0 0 3009.DAT
0 STEP
1 86 1550.0 -1680 210.0 0 0 1 0 1 0 -1 0 0 3005.DAT
0 STEP
1 86 1560.0 -120 240.0 0 0 1 0 1 0 -1 0 0 3003.DAT
0 STEP
1 86 1560.0 -384 250.0 0 0 1 0 1 0 -1 0 0 3002.DAT
0 STEP
1 86 1560.0 -624 260.0 0 0 1 0 1 0 -1 0 0 3001.DAT
0 STEP
1 86 1550.0 -840 280.0 0 0 1 0 1 0 -1 0 0 3009.DAT
0 STEP
1 86 1550.0 -864 300.0 0 0 1 0 1 0 -1 0 0 3008.DAT
0 STEP
1 86 1560.0 -936 280.0 0 0 1 0 1 0 -1 0 0 2456.DAT
0 STEP
1 86 1560.0 -1296 260.0 0 0 1 0 1 0 -1 0 0 3001.DAT
0 STEP
1 86 1560.0 -1488 260.0 0 0 1 0 1 0 -1 0 0 3001.DAT
0 STEP
1 86 1560.0 -1536 260.0 0 0 1 0 1 0 -1 0 0 3001.DAT
0 STEP
1 86 1560.0 -1608 280.0 0 0 1 0 1 0 -1 0 0 2456.DAT
0 STEP
1 86 1550.0 -1704 250.0 0 0 1 0 1 0 -1 0 0 3622.DAT
0 STEP
1 86 1580.0 -1752 240.0 -1 0 0 0 1 0 0 0 -1 3001.DAT
0 STEP
1 86 1560.0 -168 280.0 0 0 1 0 1 0 -1 0 0 3001.DAT
0 STEP
1 86 1560.0 -576 250.0 -1 0 0 0 1 0 0 0 -1 3004.DAT
0 STEP
1 86 1560.0 -984 300.0 0 0 1 0 1 0 -1 0 0 2456.DAT
0 STEP
1 86 1560.0 -1080 250.0 -1 0 0 0 1 0 0 0 -1 3004.DAT
0 STEP
1 86 1560.0 -1464 250.0 -1 0 0 0 1 0 0 0 -1 3004.DAT
0 STEP
1 86 1550.0 -1728 280.0 0 0 1 0 1 0 -1 0 0 3010.DAT
0 STEP
1 86 1550.0 0 320.0 0 0 1 0 1 0 -1 0 0 3009.DAT
0 STEP
1 86 1550.0 -576 300.0 0 0 1 0 1 0 -1 0 0 3010.DAT
0 STEP
1 86 1560.0 -792 300.0 0 0 1 0 1 0 -1 0 0 3001.DAT
0 STEP
1 86 1560.0 -1080 300.0 0 0 1 0 1 0 -1 0 0 3001.DAT
0 STEP
1 86 1560.0 -1176 300.0 0 0 1 0 1 0 -1 0 0 3001.DAT
0 STEP
1 86 1550.0 -1368 320.0 0 0 1 0 1 0 -1 0 0 3009.DAT
0 STEP
1 86 1560.0 -1464 360.0 0 0 1 0 1 0 -1 0 0 3006.DAT
0 STEP
1 86 1550.0 -1560 300.0 0 0 1 0 1 0 -1 0 0 3010.DAT
0 STEP
1 86 1560.0 -1680 290.0 0 0 1 0 1 0 -1 0 0 3002.DAT
0 STEP
1 86 1560.0 -120 290.0 -1 0 0 0 1 0 0 0 -1 3004.DAT
0 STEP
1 86 1550.0 -216 290.0 0 0 1 0 1 0 -1 0 0 3005.DAT
0 STEP
1 86 1560.0 -480 320.0 0 0 1 0 1 0 -1 0 0 3001.DAT
0 STEP
1 86 1560.0 -648 340.0 0 0 1 0 1 0 -1 0 0 2456.DAT
0 STEP
1 86 1550.0 -696 290.0 0 0 1 0 1 0 -1 0 0 3005.DAT
0 STEP
1 86 1550.0 -960 290.0 0 0 1 0 1 0 -1 0 0 3005.DAT
0 STEP
1 86 1550.0 -1200 290.0 0 0 1 0 1 0 -1 0 0 3005.DAT
0 STEP
1 86 1550.0 -1272 340.0 0 0 1 0 1 0 -1 0 0 3009.DAT
0 STEP
1 86 1560.0 -1320 320.0 0 0 1 0 1 0 -1 0 0 3001.DAT
0 STEP
1 86 1550.0 -1344 290.0 0 0 1 0 1 0 -1 0 0 3005.DAT
0 STEP
1 86 1550.0 -1416 290.0 0 0 1 0 1 0 -1 0 0 3005.DAT
0 STEP
1 86 1560.0 -120 340.0 0 0 1 0 1 0 -1 0 0 3001.DAT
0 STEP
1 86 1560.0 -216 320.0 0 0 1 0 1 0 -1 0 0 3003.DAT
0 STEP
1 86 1560.0 -240 310.0 -1 0 0 0 1 0 0 0 -1 3004.DAT
0 STEP
1 86 1560.0 -408 330.0 0 0 1 0 1 0 -1 0 0 3002.DAT
0 STEP
1 86 1560.0 -600 340.0 0 0 1 0 1 0 -1 0 0 3001.DAT
0 STEP
1 86 1550.0 -696 360.0 0 0 1 0 1 0 -1 0 0 3009.DAT
0 STEP
1 86 1560.0 -1008 310.0 -1 0 0 0 1 0 0 0 -1 3004.DAT
0 STEP
1 86 1550.0 -1200 340.0 0 0 1 0 1 0 -1 0 0 3010.DAT
0 STEP
1 86 1550.0 -1416 380.0 0 0 1 0 1 0 -1 0 0 3008.DAT
0 STEP
1 86 1560.0 -1512 380.0 0 0 1 0 1 0 -1 0 0 3007.DAT
0 STEP
1 86 1560.0 -240 360.0 0 0 1 0 1 0 -1 0 0 3001.DAT
0 STEP
1 86 1560.0 -456 360.0 0 0 1 0 1 0 -1 0 0 3001.DAT
0 STEP
1 86 1550.0 -744 330.0 0 0 1 0 1 0 -1 0 0 3005.DAT
0 STEP
1 86 1560.0 -816 360.0 0 0 1 0 1 0 -1 0 0 3001.DAT
0 STEP
1 86 1550.0 -1008 360.0 0 0 1 0 1 0 -1 0 0 3010.DAT
0 STEP
1 86 1560.0 -1248 340.0 0 0 1 0 1 0 -1 0 0 3003.DAT
0 STEP
1 86 1560.0 -1680 360.0 0 0 1 0 1 0 -1 0 0 3001.DAT
0 STEP
1 86 1560.0 -1728 330.0 -1 0 0 0 1 0 0 0 -1 3004.DAT
0 STEP
1 86 1560.0 -288 370.0 0 0 1 0 1 0 -1 0 0 3002.DAT
0 STEP
1 86 1550.0 -384 400.0 0 0 1 0 1 0 -1 0 0 3009.DAT
0 STEP
1 86 1560.0 -552 380.0 0 0 1 0 1 0 -1 0 0 3001.DAT
0 STEP
1 86 1550.0 -744 380.0 0 0 1 0 1 0 -1 0 0 3010.DAT
0 STEP
1 86 1560.0 -936 370.0 0 0 1 0 1 0 -1 0 0 3002.DAT
0 STEP
1 86 1560.0 -960 350.0 -1 0 0 0 1 0 0 0 -1 3004.DAT
0 STEP
1 86 1560.0 -1056 400.0 0 0 1 0 1 0 -1 0 0 2456.DAT
0 STEP
1 86 1560.0 -1080 350.0 -1 0 0 0 1 0 0 0 -1 3004.DAT
0 STEP
1 86 1550.0 -1176 380.0 0 0 1 0 1 0 -1 0 0 3010.DAT
0 STEP
1 86 1550.0 -1560 350.0 0 0 1 0 1 0 -1 0 0 3005.DAT
0 STEP
1 86 1550.0 -1728 370.0 0 0 1 0 1 0 -1 0 0 3622.DAT
0 STEP
1 86 1560.0 -144 400.0 0 0 1 0 1 0 -1 0 0 3001.DAT
0 STEP
1 86 1550.0 -432 370.0 0 0 1 0 1 0 -1 0 0 3005.DAT
0 STEP
1 86 1550.0 -480 370.0 0 0 1 0 1 0 -1 0 0 3005.DAT
0 STEP
1 86 1560.0 -960 400.0 0 0 1 0 1 0 -1 0 0 3001.DAT
0 STEP
1 86 1570.0 0 390.0 -1 0 0 0 1 0 0 0 -1 3622.DAT
0 STEP
1 86 1580.0 -48 400.0 -1 0 0 0 1 0 0 0 -1 3001.DAT
0 STEP
1 86 1560.0 -336 460.0 0 0 1 0 1 0 -1 0 0 3007.DAT
0 STEP
1 86 1550.0 -432 420.0 0 0 1 0 1 0 -1 0 0 3010.DAT
0 STEP
1 86 1550.0 -480 460.0 0 0 1 0 1 0 -1 0 0 3008.DAT
0 STEP
1 86 1560.0 -792 420.0 0 0 1 0 1 0 -1 0 0 3001.DAT
0 STEP
1 86 1550.0 -864 460.0 0 0 1 0 1 0 -1 0 0 3008.DAT
0 STEP
1 86 1550.0 -1368 420.0 0 0 1 0 1 0 -1 0 0 3010.DAT
0 STEP
1 86 1550.0 0 430.0 0 0 1 0 1 0 -1 0 0 3622.DAT
0 STEP
1 86 1550.0 -240 430.0 0 0 1 0 1 0 -1 0 0 3622.DAT
0 STEP
1 86 1550.0 -288 460.0 0 0 1 0 1 0 -1 0 0 3009.DAT
0 STEP
1 86 1550.0 -768 460.0 0 0 1 0 1 0 -1 0 0 3009.DAT
0 STEP
1 86 1550.0 -1008 430.0 0 0 1 0 1 0 -1 0 0 3622.DAT
0 STEP
1 86 1580.0 -1032 420.0 -1 0 0 0 1 0 0 0 -1 3001.DAT
0 STEP
1 86 1580.0 -1080 410.0 -1 0 0 0 1 0 0 0 -1 3010.DAT
0 STEP
1 86 1550.0 -1272 410.0 0 0 1 0 1 0 -1 0 0 3005.DAT
0 STEP
1 86 1600.0 -1320 420.0 -1 0 0 0 1 0 0 0 -1 2456.DAT
0 STEP
1 86 1600.0 -1584 410.0 -1 0 0 0 1 0 0 0 -1 3009.DAT
0 STEP
1 86 1620.0 -1728 410.0 -1 0 0 0 1 0 0 0 -1 3008.DAT
0 STEP
1 86 1550.0 -672 460.0 0 0 1 0 1 0 -1 0 0 3010.DAT
0 STEP
1 86 1580.0 -1080 440.0 -1 0 0 0 1 0 0 0 -1 3001.DAT
0 STEP
1 86 1550.0 -1176 430.0 0 0 1 0 1 0 -1 0 0 3005.DAT
0 STEP
1 86 1580.0 -1272 430.0 -1 0 0 0 1 0 0 0 -1 3010.DAT
0 STEP
1 86 1580.0 -1488 430.0 -1 0 0 0 1 0 0 0 -1 3010.DAT
0 STEP
1 86 1580.0 -1680 430.0 -1 0 0 0 1 0 0 0 -1 3010.DAT
0 STEP
1 86 1580.0 -1728 440.0 -1 0 0 0 1 0 0 0 -1 3001.DAT
0 STEP
1 86 1560.0 -408 470.0 0 0 1 0 1 0 -1 0 0 3002.DAT
0 STEP
1 86 1580.0 -1224 450.0 -1 0 0 0 1 0 0 0 -1 3010.DAT
0 STEP
1 86 1580.0 -1584 450.0 -1 0 0 0 1 0 0 0 -1 3010.DAT
0 STEP
1 86 1570.0 0 470.0 -1 0 0 0 1 0 0 0 -1 3622.DAT
0 STEP
1 86 1560.0 -216 490.0 0 0 1 0 1 0 -1 0 0 3002.DAT
0 STEP
1 86 1550.0 -384 470.0 0 0 1 0 1 0 -1 0 0 3005.DAT
0 STEP
1 86 1550.0 -432 490.0 0 0 1 0 1 0 -1 0 0 3622.DAT
0 STEP
1 86 1560.0 -552 500.0 0 0 1 0 1 0 -1 0 0 3001.DAT
0 STEP
1 86 1550.0 -888 470.0 0 0 1 0 1 0 -1 0 0 3005.DAT
0 STEP
1 86 1560.0 0 510.0 0 0 1 0 1 0 -1 0 0 3002.DAT
0 STEP
1 86 1560.0 -360 560.0 0 0 1 0 1 0 -1 0 0 3007.DAT
0 STEP
1 86 1560.0 -600 520.0 0 0 1 0 1 0 -1 0 0 3001.DAT
0 STEP
1 86 1580.0 -888 490.0 -1 0 0 0 1 0 0 0 -1 3010.DAT
0 STEP
1 86 1560.0 -264 540.0 0 0 1 0 1 0 -1 0 0 3001.DAT
0 STEP
1 86 1560.0 -312 560.0 0 0 1 0 1 0 -1 0 0 2456.DAT
0 STEP
1 86 1560.0 -408 600.0 0 0 1 0 1 0 -1 0 0 3006.DAT
0 STEP
1 86 1560.0 -672 520.0 0 0 1 0 1 0 -1 0 0 3003.DAT
0 STEP
1 86 1560.0 -888 530.0 0 0 1 0 1 0 -1 0 0 3002.DAT
0 STEP
1 86 1560.0 -48 560.0 0 0 1 0 1 0 -1 0 0 3001.DAT
0 STEP
1 86 1550.0 -144 580.0 0 0 1 0 1 0 -1 0 0 3009.DAT
0 STEP
1 86 1550.0 -288 530.0 0 0 1 0 1 0 -1 0 0 3005.DAT
0 STEP
1 86 1550.0 -456 600.0 0 0 1 0 1 0 -1 0 0 3008.DAT
0 STEP
1 86 1560.0 -768 560.0 0 0 1 0 1 0 -1 0 0 3001.DAT
0 STEP
1 86 1550.0 -912 530.0 0 0 1 0 1 0 -1 0 0 3005.DAT
0 STEP
1 86 1550.0 -552 580.0 0 0 1 0 1 0 -1 0 0 3010.DAT
0 STEP
1 86 1560.0 -624 580.0 0 0 1 0 1 0 -1 0 0 3001.DAT
0 STEP
1 86 1550.0 -864 560.0 0 0 1 0 1 0 -1 0 0 3004.DAT
0 STEP
1 86 1550.0 -912 580.0 0 0 1 0 1 0 -1 0 0 3010.DAT
0 STEP
1 86 1560.0 -600 570.0 -1 0 0 0 1 0 0 0 -1 3004.DAT
0 STEP
1 86 1550.0 -504 640.0 0 0 1 0 1 0 -1 0 0 3009.DAT
0 STEP
1 86 1560.0 -216 630.0 0 0 1 0 1 0 -1 0 0 3002.DAT
0 STEP
1 86 1560.0 -264 640.0 0 0 1 0 1 0 -1 0 0 3001.DAT
0 STEP
1 86 1560.0 -888 640.0 0 0 1 0 1 0 -1 0 0 3001.DAT
0 STEP
1 86 1560.0 -48 660.0 0 0 1 0 1 0 -1 0 0 3001.DAT
0 STEP
1 86 1560.0 -192 660.0 0 0 1 0 1 0 -1 0 0 3001.DAT
0 STEP
1 86 1560.0 -624 630.0 -1 0 0 0 1 0 0 0 -1 3004.DAT
0 STEP
1 86 1560.0 -768 660.0 0 0 1 0 1 0 -1 0 0 3001.DAT
0 STEP
1 86 1560.0 -864 660.0 0 0 1 0 1 0 -1 0 0 3001.DAT
0 STEP
1 86 1620.0 -120 650.0 -1 0 0 0 1 0 0 0 -1 3008.DAT
0 STEP
1 86 1580.0 -240 650.0 -1 0 0 0 1 0 0 0 -1 3010.DAT
0 STEP
1 86 1570.0 -360 650.0 -1 0 0 0 1 0 0 0 -1 3622.DAT
0 STEP
1 86 1580.0 -624 650.0 -1 0 0 0 1 0 0 0 -1 3010.DAT
0 STEP
1 86 1550.0 -216 670.0 0 0 1 0 1 0 -1 0 0 3005.DAT
0 STEP
1 86 1620.0 -624 670.0 -1 0 0 0 1 0 0 0 -1 3008.DAT
0 STEP
1 86 1580.0 -720 680.0 -1 0 0 0 1 0 0 0 -1 3001.DAT
0 STEP
1 86 1600.0 -120 690.0 -1 0 0 0 1 0 0 0 -1 3009.DAT
0 STEP
1 86 1580.0 -264 690.0 -1 0 0 0 1 0 0 0 -1 3010.DAT
0 STEP
1 86 1550.0 -456 690.0 0 0 1 0 1 0 -1 0 0 3005.DAT
0 STEP
1 86 1580.0 -576 690.0 -1 0 0 0 1 0 0 0 -1 3010.DAT
0 STEP
1 86 1580.0 -624 690.0 -1 0 0 0 1 0 0 0 -1 3010.DAT
0 STEP
1 86 1580.0 -840 690.0 -1 0 0 0 1 0 0 0 -1 3010.DAT
0 STEP
1 86 1570.0 0 40.0 0 0 1 0 1 0 -1 0 0 3010.DAT
0 STEP
1 86 1600.0 -120 10.0 -1 0 0 0 1 0 0 0 -1 3010.DAT
0 STEP
1 86 1570.0 -168 30.0 0 0 1 0 1 0 -1 0 0 3622.DAT
0 STEP
1 86 1570.0 -384 30.0 0 0 1 0 1 0 -1 0 0 3622.DAT
0 STEP
1 86 1580.0 -600 30.0 0 0 1 0 1 0 -1 0 0 3002.DAT
0 STEP
1 86 1620.0 -672 10.0 -1 0 0 0 1 0 0 0 -1 3009.DAT
0 STEP
1 86 1600.0 -720 10.0 -1 0 0 0 1 0 0 0 -1 3010.DAT
0 STEP
1 86 1600.0 -792 10.0 -1 0 0 0 1 0 0 0 -1 3010.DAT
0 STEP
1 86 1570.0 -816 30.0 0 0 1 0 1 0 -1 0 0 3622.DAT
0 STEP
1 86 1580.0 -888 30.0 0 0 1 0 1 0 -1 0 0 3002.DAT
0 STEP
1 86 1580.0 -936 30.0 0 0 1 0 1 0 -1 0 0 3002.DAT
0 STEP
1 86 1570.0 -960 10.0 0 0 1 0 1 0 -1 0 0 3005.DAT
0 STEP
1 86 1570.0 -1056 10.0 0 0 1 0 1 0 -1 0 0 3005.DAT
0 STEP
1 86 1620.0 -1200 20.0 -1 0 0 0 1 0 0 0 -1 2456.DAT
0 STEP
1 86 1580.0 -1344 30.0 0 0 1 0 1 0 -1 0 0 3002.DAT
0 STEP
1 86 1570.0 -1392 30.0 0 0 1 0 1 0 -1 0 0 3622.DAT
0 STEP
1 86 1570.0 -1440 30.0 0 0 1 0 1 0 -1 0 0 3622.DAT
0 STEP
1 86 1570.0 -1488 30.0 0 0 1 0 1 0 -1 0 0 3622.DAT
0 STEP
1 86 1640.0 -1512 10.0 -1 0 0 0 1 0 0 0 -1 3008.DAT
0 STEP
1 86 1570.0 -1560 30.0 0 0 1 0 1 0 -1 0 0 3622.DAT
0 STEP
1 86 1580.0 -1584 30.0 0 0 1 0 1 0 -1 0 0 3002.DAT
0 STEP
1 86 1580.0 -1632 30.0 0 0 1 0 1 0 -1 0 0 3002.DAT
0 STEP
1 86 1600.0 -72 30.0 -1 0 0 0 1 0 0 0 -1 3010.DAT
0 STEP
1 86 1570.0 -120 30.0 0 0 1 0 1 0 -1 0 0 3005.DAT
0 STEP
1 86 1600.0 -456 30.0 -1 0 0 0 1 0 0 0 -1 3010.DAT
0 STEP
1 86 1620.0 -672 40.0 -1 0 0 0 1 0 0 0 -1 2456.DAT
0 STEP
1 86 1570.0 -720 40.0 0 0 1 0 1 0 -1 0 0 3004.DAT
0 STEP
1 86 1600.0 -792 40.0 -1 0 0 0 1 0 0 0 -1 3001.DAT
0 STEP
1 86 1600.0 -960 40.0 -1 0 0 0 1 0 0 0 -1 3001.DAT
0 STEP
1 86 1600.0 -1752 30.0 -1 0 0 0 1 0 0 0 -1 3010.DAT
0 STEP
1 86 1570.0 -24 100.0 0 0 1 0 1 0 -1 0 0 3009.DAT
0 STEP
1 86 1600.0 -576 50.0 -1 0 0 0 1 0 0 0 -1 3010.DAT
0 STEP
1 86 1570.0 -768 50.0 0 0 1 0 1 0 -1 0 0 3005.DAT
0 STEP
1 86 1570.0 -984 50.0 0 0 1 0 1 0 -1 0 0 3005.DAT
0 STEP
1 86 1570.0 -1056 50.0 0 0 1 0 1 0 -1 0 0 3005.DAT
0 STEP
1 86 1570.0 -1200 50.0 0 0 1 0 1 0 -1 0 0 3005.DAT
0 STEP
1 86 1580.0 -1704 80.0 0 0 1 0 1 0 -1 0 0 3001.DAT
0 STEP
1 86 1620.0 -1752 50.0 -1 0 0 0 1 0 0 0 -1 3009.DAT
0 STEP
1 86 1570.0 -1728 100.0 0 0 1 0 1 0 -1 0 0 3010.DAT
0 STEP
1 86 1590.0 -1752 80.0 -1 0 0 0 1 0 0 0 -1 3002.DAT
0 STEP
1 86 1570.0 -48 160.0 0 0 1 0 1 0 -1 0 0 3004.DAT
0 STEP
1 86 1600.0 -1704 150.0 -1 0 0 0 1 0 0 0 -1 3010.DAT
0 STEP
1 86 1570.0 -24 170.0 0 0 1 0 1 0 -1 0 0 3005.DAT
0 STEP
1 86 1580.0 -1704 200.0 0 0 1 0 1 0 -1 0 0 3001.DAT
0 STEP
1 86 1570.0 -24 240.0 0 0 1 0 1 0 -1 0 0 3009.DAT
0 STEP
1 86 1570.0 -1728 190.0 0 0 1 0 1 0 -1 0 0 3005.DAT
0 STEP
1 86 1620.0 -48 210.0 -1 0 0 0 1 0 0 0 -1 3009.DAT
0 STEP
1 86 1570.0 -48 230.0 0 0 1 0 1 0 -1 0 0 3005.DAT
0 STEP
1 86 1570.0 -96 230.0 0 0 1 0 1 0 -1 0 0 3005.DAT
0 STEP
1 86 1570.0 -168 230.0 0 0 1 0 1 0 -1 0 0 3005.DAT
0 STEP
1 86 1570.0 -216 260.0 0 0 1 0 1 0 -1 0 0 3010.DAT
0 STEP
1 86 1570.0 -264 300.0 0 0 1 0 1 0 -1 0 0 3008.DAT
0 STEP
1 86 1570.0 -312 230.0 0 0 1 0 1 0 -1 0 0 3005.DAT
0 STEP
1 86 1570.0 -360 260.0 0 0 1 0 1 0 -1 0 0 3010.DAT
0 STEP
1 86 1570.0 -408 250.0 0 0 1 0 1 0 -1 0 0 3622.DAT
0 STEP
1 86 1570.0 -456 260.0 0 0 1 0 1 0 -1 0 0 3010.DAT
0 STEP
1 86 1570.0 -504 260.0 0 0 1 0 1 0 -1 0 0 3010.DAT
0 STEP
1 86 1570.0 -552 260.0 0 0 1 0 1 0 -1 0 0 3010.DAT
0 STEP
1 86 1570.0 -600 260.0 0 0 1 0 1 0 -1 0 0 3010.DAT
0 STEP
1 86 1570.0 -672 260.0 0 0 1 0 1 0 -1 0 0 3010.DAT
0 STEP
1 86 1570.0 -720 260.0 0 0 1 0 1 0 -1 0 0 3010.DAT
0 STEP
1 86 1570.0 -768 240.0 0 0 1 0 1 0 -1 0 0 3004.DAT
0 STEP
1 86 1570.0 -816 230.0 0 0 1 0 1 0 -1 0 0 3005.DAT
0 STEP
1 86 1570.0 -840 300.0 0 0 1 0 1 0 -1 0 0 3008.DAT
0 STEP
1 86 1570.0 -960 260.0 0 0 1 0 1 0 -1 0 0 3010.DAT
0 STEP
1 86 1570.0 -1008 230.0 0 0 1 0 1 0 -1 0 0 3005.DAT
0 STEP
1 86 1570.0 -1056 230.0 0 0 1 0 1 0 -1 0 0 3005.DAT
0 STEP
1 86 1570.0 -1104 240.0 0 0 1 0 1 0 -1 0 0 3004.DAT
0 STEP
1 86 1570.0 -1152 280.0 0 0 1 0 1 0 -1 0 0 3009.DAT
0 STEP
1 86 1570.0 -1200 230.0 0 0 1 0 1 0 -1 0 0 3005.DAT
0 STEP
1 86 1570.0 -1248 230.0 0 0 1 0 1 0 -1 0 0 3005.DAT
0 STEP
1 86 1570.0 -1344 260.0 0 0 1 0 1 0 -1 0 0 3010.DAT
0 STEP
1 86 1570.0 -1392 260.0 0 0 1 0 1 0 -1 0 0 3010.DAT
0 STEP
1 86 1570.0 -1440 260.0 0 0 1 0 1 0 -1 0 0 3010.DAT
0 STEP
1 86 1570.0 -1560 230.0 0 0 1 0 1 0 -1 0 0 3005.DAT
0 STEP
1 86 1570.0 -1584 260.0 0 0 1 0 1 0 -1 0 0 3010.DAT
0 STEP
1 86 1570.0 -1632 230.0 0 0 1 0 1 0 -1 0 0 3005.DAT
0 STEP
1 86 1570.0 -1656 230.0 0 0 1 0 1 0 -1 0 0 3005.DAT
0 STEP
1 86 1570.0 -1728 260.0 0 0 1 0 1 0 -1 0 0 3010.DAT
0 STEP
1 86 1570.0 -48 280.0 0 0 1 0 1 0 -1 0 0 3010.DAT
0 STEP
1 86 1570.0 -96 280.0 0 0 1 0 1 0 -1 0 0 3010.DAT
0 STEP
1 86 1570.0 -312 320.0 0 0 1 0 1 0 -1 0 0 3008.DAT
0 STEP
1 86 1570.0 -432 320.0 0 0 1 0 1 0 -1 0 0 3008.DAT
0 STEP
1 86 1570.0 -816 280.0 0 0 1 0 1 0 -1 0 0 3010.DAT
0 STEP
1 86 1570.0 -1032 300.0 0 0 1 0 1 0 -1 0 0 3009.DAT
0 STEP
1 86 1570.0 -1200 320.0 0 0 1 0 1 0 -1 0 0 3008.DAT
0 STEP
1 86 1570.0 -1248 280.0 0 0 1 0 1 0 -1 0 0 3010.DAT
0 STEP
1 86 1570.0 -1560 280.0 0 0 1 0 1 0 -1 0 0 3010.DAT
0 STEP
1 86 1570.0 -1656 280.0 0 0 1 0 1 0 -1 0 0 3010.DAT
0 STEP
1 86 1600.0 -1704 260.0 -1 0 0 0 1 0 0 0 -1 3001.DAT
0 STEP
1 86 1570.0 0 270.0 0 0 1 0 1 0 -1 0 0 3005.DAT
0 STEP
1 86 1570.0 -144 300.0 0 0 1 0 1 0 -1 0 0 3010.DAT
0 STEP
1 86 1570.0 -528 270.0 0 0 1 0 1 0 -1 0 0 3005.DAT
0 STEP
1 86 1570.0 -576 340.0 0 0 1 0 1 0 -1 0 0 3008.DAT
0 STEP
1 86 1570.0 -744 270.0 0 0 1 0 1 0 -1 0 0 3005.DAT
0 STEP
1 86 1570.0 -1128 280.0 0 0 1 0 1 0 -1 0 0 3004.DAT
0 STEP
1 86 1570.0 -1368 340.0 0 0 1 0 1 0 -1 0 0 3008.DAT
0 STEP
1 86 1600.0 0 300.0 -1 0 0 0 1 0 0 0 -1 3001.DAT
0 STEP
1 86 1570.0 -384 340.0 0 0 1 0 1 0 -1 0 0 3009.DAT
0 STEP
1 86 1570.0 -528 320.0 0 0 1 0 1 0 -1 0 0 3010.DAT
0 STEP
1 86 1570.0 -696 340.0 0 0 1 0 1 0 -1 0 0 3009.DAT
0 STEP
1 86 1570.0 -744 340.0 0 0 1 0 1 0 -1 0 0 3009.DAT
0 STEP
1 86 1570.0 -768 290.0 0 0 1 0 1 0 -1 0 0 3005.DAT
0 STEP
1 86 1570.0 -1272 290.0 0 0 1 0 1 0 -1 0 0 3005.DAT
0 STEP
1 86 1570.0 -1416 340.0 0 0 1 0 1 0 -1 0 0 3009.DAT
0 STEP
1 86 1570.0 -1632 290.0 0 0 1 0 1 0 -1 0 0 3005.DAT
0 STEP
1 86 1600.0 -1704 290.0 -1 0 0 0 1 0 0 0 -1 3010.DAT
0 STEP
1 86 1600.0 -1752 290.0 -1 0 0 0 1 0 0 0 -1 3010.DAT
0 STEP
1 86 1570.0 -192 330.0 0 0 1 0 1 0 -1 0 0 3622.DAT
0 STEP
1 86 1570.0 -360 310.0 0 0 1 0 1 0 -1 0 0 3005.DAT
0 STEP
1 86 1570.0 -672 310.0 0 0 1 0 1 0 -1 0 0 3005.DAT
0 STEP
1 86 1570.0 -720 310.0 0 0 1 0 1 0 -1 0 0 3005.DAT
0 STEP
1 86 1570.0 -768 380.0 0 0 1 0 1 0 -1 0 0 3008.DAT
0 STEP
1 86 1570.0 -1128 380.0 0 0 1 0 1 0 -1 0 0 3008.DAT
0 STEP
1 86 1570.0 -1272 360.0 0 0 1 0 1 0 -1 0 0 3009.DAT
0 STEP
1 86 1570.0 -1632 340.0 0 0 1 0 1 0 -1 0 0 3010.DAT
0 STEP
1 86 1600.0 -1704 320.0 -1 0 0 0 1 0 0 0 -1 3001.DAT
0 STEP
1 86 1570.0 -1728 310.0 0 0 1 0 1 0 -1 0 0 3005.DAT
0 STEP
1 86 1640.0 -1752 310.0 -1 0 0 0 1 0 0 0 -1 3008.DAT
0 STEP
1 86 1580.0 0 350.0 0 0 1 0 1 0 -1 0 0 3002.DAT
0 STEP
1 86 1570.0 -48 330.0 0 0 1 0 1 0 -1 0 0 3005.DAT
0 STEP
1 86 1570.0 -72 400.0 0 0 1 0 1 0 -1 0 0 3008.DAT
0 STEP
1 86 1570.0 -360 380.0 0 0 1 0 1 0 -1 0 0 3009.DAT
0 STEP
1 86 1570.0 -504 330.0 0 0 1 0 1 0 -1 0 0 3005.DAT
0 STEP
1 86 1570.0 -1008 330.0 0 0 1 0 1 0 -1 0 0 3005.DAT
0 STEP
1 86 1570.0 -1560 380.0 0 0 1 0 1 0 -1 0 0 3009.DAT
0 STEP
1 86 1580.0 -1752 380.0 0 0 1 0 1 0 -1 0 0 2456.DAT
0 STEP
1 86 1620.0 -48 350.0 -1 0 0 0 1 0 0 0 -1 3009.DAT
0 STEP
1 86 1570.0 -504 420.0 0 0 1 0 1 0 -1 0 0 3008.DAT
0 STEP
1 86 1570.0 -1008 400.0 0 0 1 0 1 0 -1 0 0 3009.DAT
0 STEP
1 86 1570.0 -1176 350.0 0 0 1 0 1 0 -1 0 0 3005.DAT
0 STEP
1 86 1570.0 -1224 380.0 0 0 1 0 1 0 -1 0 0 3010.DAT
0 STEP
1 86 1570.0 -1608 400.0 0 0 1 0 1 0 -1 0 0 3009.DAT
0 STEP
1 86 1580.0 -1704 350.0 -1 0 0 0 1 0 0 0 -1 3004.DAT
0 STEP
1 86 1590.0 -1728 350.0 -1 0 0 0 1 0 0 0 -1 3622.DAT
0 STEP
1 86 1570.0 -24 400.0 0 0 1 0 1 0 -1 0 0 3010.DAT
0 STEP
1 86 1570.0 -192 400.0 0 0 1 0 1 0 -1 0 0 3010.DAT
0 STEP
1 86 1570.0 -480 400.0 0 0 1 0 1 0 -1 0 0 3010.DAT
0 STEP
1 86 1570.0 -1032 370.0 0 0 1 0 1 0 -1 0 0 3005.DAT
0 STEP
1 86 1570.0 -1176 400.0 0 0 1 0 1 0 -1 0 0 3010.DAT
0 STEP
1 86 1600.0 -1728 380.0 -1 0 0 0 1 0 0 0 -1 3001.DAT
0 STEP
1 86 1570.0 -120 460.0 0 0 1 0 1 0 -1 0 0 3008.DAT
0 STEP
1 86 1570.0 -624 440.0 0 0 1 0 1 0 -1 0 0 3009.DAT
0 STEP
1 86 1570.0 -672 440.0 0 0 1 0 1 0 -1 0 0 3009.DAT
0 STEP
1 86 1570.0 -720 440.0 0 0 1 0 1 0 -1 0 0 3009.DAT
0 STEP
1 86 1570.0 -840 410.0 0 0 1 0 1 0 -1 0 0 3622.DAT
0 STEP
1 86 1570.0 -1248 420.0 0 0 1 0 1 0 -1 0 0 3010.DAT
0 STEP
1 86 1570.0 -1296 390.0 0 0 1 0 1 0 -1 0 0 3005.DAT
0 STEP
1 86 1570.0 -1632 390.0 0 0 1 0 1 0 -1 0 0 3005.DAT
0 STEP
1 86 1580.0 -1704 420.0 0 0 1 0 1 0 -1 0 0 3001.DAT
0 STEP
1 86 1580.0 0 430.0 0 0 1 0 1 0 -1 0 0 3002.DAT
0 STEP
1 86 1570.0 -240 480.0 0 0 1 0 1 0 -1 0 0 3008.DAT
0 STEP
1 86 1570.0 -288 480.0 0 0 1 0 1 0 -1 0 0 3008.DAT
0 STEP
1 86 1570.0 -384 440.0 0 0 1 0 1 0 -1 0 0 3010.DAT
0 STEP
1 86 1570.0 -432 460.0 0 0 1 0 1 0 -1 0 0 3009.DAT
0 STEP
1 86 1570.0 -528 440.0 0 0 1 0 1 0 -1 0 0 3010.DAT
0 STEP
1 86 1570.0 -696 410.0 0 0 1 0 1 0 -1 0 0 3005.DAT
0 STEP
1 86 1570.0 -744 410.0 0 0 1 0 1 0 -1 0 0 3005.DAT
0 STEP
1 86 1640.0 -936 420.0 -1 0 0 0 1 0 0 0 -1 3007.DAT
0 STEP
1 86 1580.0 -1296 430.0 0 0 1 0 1 0 -1 0 0 3002.DAT
0 STEP
1 86 1600.0 -1416 410.0 -1 0 0 0 1 0 0 0 -1 3010.DAT
0 STEP
1 86 1640.0 -1656 420.0 -1 0 0 0 1 0 0 0 -1 3007.DAT
0 STEP
1 86 1570.0 -168 480.0 0 0 1 0 1 0 -1 0 0 3009.DAT
0 STEP
1 86 1570.0 -576 460.0 0 0 1 0 1 0 -1 0 0 3010.DAT
0 STEP
1 86 1600.0 -1224 430.0 -1 0 0 0 1 0 0 0 -1 3010.DAT
0 STEP
1 86 1600.0 -1368 440.0 -1 0 0 0 1 0 0 0 -1 3001.DAT
0 STEP
1 86 1600.0 -1416 440.0 -1 0 0 0 1 0 0 0 -1 3001.DAT
0 STEP
1 86 1570.0 -24 450.0 0 0 1 0 1 0 -1 0 0 3005.DAT
0 STEP
1 86 1570.0 -48 470.0 0 0 1 0 1 0 -1 0 0 3622.DAT
0 STEP
1 86 1570.0 -192 450.0 0 0 1 0 1 0 -1 0 0 3005.DAT
0 STEP
1 86 1570.0 -480 450.0 0 0 1 0 1 0 -1 0 0 3005.DAT
0 STEP
1 86 1570.0 -816 470.0 0 0 1 0 1 0 -1 0 0 3622.DAT
0 STEP
1 86 1590.0 -888 460.0 -1 0 0 0 1 0 0 0 -1 3002.DAT
0 STEP
1 86 1570.0 -912 480.0 0 0 1 0 1 0 -1 0 0 3010.DAT
0 STEP
1 86 1600.0 -936 450.0 -1 0 0 0 1 0 0 0 -1 3010.DAT
0 STEP
1 86 1570.0 -1656 450.0 0 0 1 0 1 0 -1 0 0 3005.DAT
0 STEP
1 86 1570.0 -480 500.0 0 0 1 0 1 0 -1 0 0 3010.DAT
0 STEP
1 86 1570.0 -768 490.0 0 0 1 0 1 0 -1 0 0 3622.DAT
0 STEP
1 86 1620.0 -864 480.0 -1 0 0 0 1 0 0 0 -1 2456.DAT
0 STEP
1 86 1600.0 -24 500.0 -1 0 0 0 1 0 0 0 -1 3001.DAT
0 STEP
1 86 1570.0 -72 500.0 0 0 1 0 1 0 -1 0 0 3004.DAT
0 STEP
1 86 1570.0 -648 520.0 0 0 1 0 1 0 -1 0 0 3010.DAT
0 STEP
1 86 1570.0 -96 560.0 0 0 1 0 1 0 -1 0 0 3009.DAT
0 STEP
1 86 1570.0 -504 580.0 0 0 1 0 1 0 -1 0 0 3008.DAT
0 STEP
1 86 1570.0 -576 510.0 0 0 1 0 1 0 -1 0 0 3005.DAT
0 STEP
1 86 1570.0 -624 510.0 0 0 1 0 1 0 -1 0 0 3005.DAT
0 STEP
1 86 1570.0 -720 540.0 0 0 1 0 1 0 -1 0 0 3010.DAT
0 STEP
1 86 1570.0 -816 560.0 0 0 1 0 1 0 -1 0 0 3009.DAT
0 STEP
1 86 1600.0 -864 510.0 -1 0 0 0 1 0 0 0 -1 3010.DAT
0 STEP
1 86 1570.0 -24 530.0 0 0 1 0 1 0 -1 0 0 3005.DAT
0 STEP
1 86 1570.0 -144 560.0 0 0 1 0 1 0 -1 0 0 3010.DAT
0 STEP
1 86 1570.0 -192 560.0 0 0 1 0 1 0 -1 0 0 3010.DAT
0 STEP
1 86 1570.0 -456 530.0 0 0 1 0 1 0 -1 0 0 3005.DAT
0 STEP
1 86 1600.0 -864 540.0 -1 0 0 0 1 0 0 0 -1 3001.DAT
0 STEP
1 86 1600.0 -912 530.0 -1 0 0 0 1 0 0 0 -1 3010.DAT
0 STEP
1 86 1600.0 -24 550.0 -1 0 0 0 1 0 0 0 -1 3010.DAT
0 STEP
1 86 1570.0 -456 620.0 0 0 1 0 1 0 -1 0 0 3008.DAT
0 STEP
1 86 1570.0 -552 620.0 0 0 1 0 1 0 -1 0 0 3008.DAT
0 STEP
1 86 1570.0 -696 620.0 0 0 1 0 1 0 -1 0 0 3008.DAT
0 STEP
1 86 1570.0 -840 580.0 0 0 1 0 1 0 -1 0 0 3010.DAT
0 STEP
1 86 1580.0 -912 570.0 0 0 1 0 1 0 -1 0 0 3002.DAT
0 STEP
1 86 1570.0 -24 570.0 0 0 1 0 1 0 -1 0 0 3005.DAT
0 STEP
1 86 1570.0 -72 600.0 0 0 1 0 1 0 -1 0 0 3010.DAT
0 STEP
1 86 1570.0 -240 600.0 0 0 1 0 1 0 -1 0 0 3010.DAT
0 STEP
1 86 1570.0 -384 620.0 0 0 1 0 1 0 -1 0 0 3009.DAT
0 STEP
1 86 1570.0 -648 570.0 0 0 1 0 1 0 -1 0 0 3005.DAT
0 STEP
1 86 1570.0 -744 600.0 0 0 1 0 1 0 -1 0 0 3010.DAT
0 STEP
1 86 1570.0 -792 600.0 0 0 1 0 1 0 -1 0 0 3010.DAT
0 STEP
1 86 1600.0 -864 570.0 -1 0 0 0 1 0 0 0 -1 3010.DAT
0 STEP
1 86 1570.0 -24 640.0 0 0 1 0 1 0 -1 0 0 3009.DAT
0 STEP
1 86 1570.0 -576 610.0 0 0 1 0 1 0 -1 0 0 3622.DAT
0 STEP
1 86 1570.0 -144 610.0 0 0 1 0 1 0 -1 0 0 3005.DAT
0 STEP
1 86 1570.0 -168 640.0 0 0 1 0 1 0 -1 0 0 3010.DAT
0 STEP
1 86 1600.0 -912 610.0 -1 0 0 0 1 0 0 0 -1 3010.DAT
0 STEP
1 86 1570.0 -96 630.0 0 0 1 0 1 0 -1 0 0 3005.DAT
0 STEP
1 86 1570.0 -144 660.0 0 0 1 0 1 0 -1 0 0 3010.DAT
0 STEP
1 86 1570.0 -312 630.0 0 0 1 0 1 0 -1 0 0 3005.DAT
0 STEP
1 86 1570.0 -648 660.0 0 0 1 0 1 0 -1 0 0 3010.DAT
0 STEP
1 86 1570.0 -816 660.0 0 0 1 0 1 0 -1 0 0 3010.DAT
0 STEP
1 86 1580.0 -96 670.0 0 0 1 0 1 0 -1 0 0 3002.DAT
0 STEP
1 86 1590.0 -312 650.0 -1 0 0 0 1 0 0 0 -1 3622.DAT
0 STEP
1 86 1580.0 -336 670.0 0 0 1 0 1 0 -1 0 0 3002.DAT
0 STEP
1 86 1620.0 -576 650.0 -1 0 0 0 1 0 0 0 -1 3009.DAT
0 STEP
1 86 1590.0 -744 650.0 -1 0 0 0 1 0 0 0 -1 3622.DAT
0 STEP
1 86 1600.0 -216 670.0 -1 0 0 0 1 0 0 0 -1 3010.DAT
0 STEP
1 86 1570.0 -312 680.0 0 0 1 0 1 0 -1 0 0 3004.DAT
0 STEP
1 86 1570.0 -504 680.0 0 0 1 0 1 0 -1 0 0 3004.DAT
0 STEP
1 86 1600.0 -744 670.0 -1 0 0 0 1 0 0 0 -1 3010.DAT
0 STEP
1 86 1570.0 -384 690.0 0 0 1 0 1 0 -1 0 0 3005.DAT
0 STEP
1 86 1590.0 0 30.0 0 0 1 0 1 0 -1 0 0 3622.DAT
0 STEP
1 86 1640.0 -48 10.0 -1 0 0 0 1 0 0 0 -1 3009.DAT
0 STEP
1 86 1620.0 -168 20.0 -1 0 0 0 1 0 0 0 -1 3001.DAT
0 STEP
1 86 1600.0 -192 30.0 0 0 1 0 1 0 -1 0 0 3002.DAT
0 STEP
1 86 1640.0 -240 10.0 -1 0 0 0 1 0 0 0 -1 3009.DAT
0 STEP
1 86 1590.0 -336 30.0 0 0 1 0 1 0 -1 0 0 3622.DAT
0 STEP
1 86 1590.0 -384 20.0 0 0 1 0 1 0 -1 0 0 3004.DAT
0 STEP
1 86 1600.0 -432 30.0 0 0 1 0 1 0 -1 0 0 3002.DAT
0 STEP
1 86 1600.0 -480 30.0 0 0 1 0 1 0 -1 0 0 3002.DAT
0 STEP
1 86 1600.0 -528 30.0 0 0 1 0 1 0 -1 0 0 3002.DAT
0 STEP
1 86 1600.0 -648 30.0 0 0 1 0 1 0 -1 0 0 3002.DAT
0 STEP
1 86 1590.0 -696 10.0 0 0 1 0 1 0 -1 0 0 3005.DAT
0 STEP
1 86 1600.0 -768 30.0 0 0 1 0 1 0 -1 0 0 3002.DAT
0 STEP
1 86 1590.0 -816 20.0 0 0 1 0 1 0 -1 0 0 3004.DAT
0 STEP
1 86 1600.0 -840 30.0 0 0 1 0 1 0 -1 0 0 3002.DAT
0 STEP
1 86 1620.0 -960 10.0 -1 0 0 0 1 0 0 0 -1 3010.DAT
0 STEP
1 86 1600.0 -984 30.0 0 0 1 0 1 0 -1 0 0 3002.DAT
0 STEP
1 86 1600.0 -1032 30.0 0 0 1 0 1 0 -1 0 0 3002.DAT
0 STEP
1 86 1620.0 -1056 10.0 -1 0 0 0 1 0 0 0 -1 3010.DAT
0 STEP
1 86 1600.0 -1080 30.0 0 0 1 0 1 0 -1 0 0 3002.DAT
0 STEP
1 86 1590.0 -1104 30.0 0 0 1 0 1 0 -1 0 0 3622.DAT
0 STEP
1 86 1590.0 -1152 10.0 0 0 1 0 1 0 -1 0 0 3005.DAT
0 STEP
1 86 1590.0 -1224 10.0 0 0 1 0 1 0 -1 0 0 3005.DAT
0 STEP
1 86 1620.0 -1248 20.0 -1 0 0 0 1 0 0 0 -1 3001.DAT
0 STEP
1 86 1590.0 -1296 30.0 0 0 1 0 1 0 -1 0 0 3622.DAT
0 STEP
1 86 1620.0 -1392 20.0 -1 0 0 0 1 0 0 0 -1 3001.DAT
0 STEP
1 86 1610.0 -1440 20.0 -1 0 0 0 1 0 0 0 -1 3002.DAT
0 STEP
1 86 1620.0 -1488 10.0 -1 0 0 0 1 0 0 0 -1 3010.DAT
0 STEP
1 86 1660.0 -1560 10.0 -1 0 0 0 1 0 0 0 -1 3008.DAT
0 STEP
1 86 1600.0 -1680 30.0 0 0 1 0 1 0 -1 0 0 3002.DAT
0 STEP
1 86 1600.0 -1728 30.0 0 0 1 0 1 0 -1 0 0 3002.DAT
0 STEP
1 86 1600.0 -48 60.0 0 0 1 0 1 0 -1 0 0 3001.DAT
0 STEP
1 86 1620.0 -120 40.0 -1 0 0 0 1 0 0 0 -1 3001.DAT
0 STEP
1 86 1680.0 -240 40.0 -1 0 0 0 1 0 0 0 -1 3006.DAT
0 STEP
1 86 1620.0 -720 30.0 -1 0 0 0 1 0 0 0 -1 3010.DAT
0 STEP
1 86 1620.0 -1152 40.0 -1 0 0 0 1 0 0 0 -1 3001.DAT
0 STEP
1 86 1620.0 -1488 40.0 -1 0 0 0 1 0 0 0 -1 3001.DAT
0 STEP
1 86 1660.0 -1560 40.0 -1 0 0 0 1 0 0 0 -1 3007.DAT
0 STEP
1 86 1590.0 -1704 30.0 0 0 1 0 1 0 -1 0 0 3005.DAT
0 STEP
1 86 1620.0 -24 50.0 -1 0 0 0 1 0 0 0 -1 3010.DAT
0 STEP
1 86 1620.0 -168 50.0 -1 0 0 0 1 0 0 0 -1 3010.DAT
0 STEP
1 86 1660.0 -384 50.0 -1 0 0 0 1 0 0 0 -1 3008.DAT
0 STEP
1 86 1590.0 -408 50.0 0 0 1 0 1 0 -1 0 0 3005.DAT
0 STEP
1 86 1590.0 -696 50.0 0 0 1 0 1 0 -1 0 0 3005.DAT
0 STEP
1 86 1640.0 -720 50.0 -1 0 0 0 1 0 0 0 -1 3009.DAT
0 STEP
1 86 1620.0 -816 50.0 -1 0 0 0 1 0 0 0 -1 3010.DAT
0 STEP
1 86 1620.0 -1056 50.0 -1 0 0 0 1 0 0 0 -1 3010.DAT
0 STEP
1 86 1620.0 -1200 50.0 -1 0 0 0 1 0 0 0 -1 3010.DAT
0 STEP
1 86 1620.0 -1392 50.0 -1 0 0 0 1 0 0 0 -1 3010.DAT
0 STEP
1 86 1610.0 -1440 50.0 -1 0 0 0 1 0 0 0 -1 3622.DAT
0 STEP
1 86 1590.0 0 120.0 0 0 1 0 1 0 -1 0 0 3009.DAT
0 STEP
1 86 1610.0 -24 70.0 -1 0 0 0 1 0 0 0 -1 3622.DAT
0 STEP
1 86 1620.0 -1728 70.0 -1 0 0 0 1 0 0 0 -1 3010.DAT
0 STEP
1 86 1600.0 -24 120.0 0 0 1 0 1 0 -1 0 0 3001.DAT
0 STEP
1 86 1590.0 -1728 90.0 0 0 1 0 1 0 -1 0 0 3005.DAT
0 STEP
1 86 1590.0 -1728 140.0 0 0 1 0 1 0 -1 0 0 3010.DAT
0 STEP
1 86 1590.0 -48 150.0 0 0 1 0 1 0 -1 0 0 3005.DAT
0 STEP
1 86 1590.0 -24 200.0 0 0 1 0 1 0 -1 0 0 3010.DAT
0 STEP
1 86 1620.0 -48 180.0 -1 0 0 0 1 0 0 0 -1 3001.DAT
0 STEP
1 86 1590.0 0 190.0 0 0 1 0 1 0 -1 0 0 3005.DAT
0 STEP
1 86 1600.0 -1728 260.0 0 0 1 0 1 0 -1 0 0 3007.DAT
0 STEP
1 86 1620.0 0 210.0 -1 0 0 0 1 0 0 0 -1 3010.DAT
0 STEP
1 86 1590.0 0 250.0 0 0 1 0 1 0 -1 0 0 3622.DAT
0 STEP
1 86 1620.0 -48 240.0 -1 0 0 0 1 0 0 0 -1 3001.DAT
0 STEP
1 86 1590.0 -24 250.0 0 0 1 0 1 0 -1 0 0 3005.DAT
0 STEP
1 86 1610.0 -24 270.0 -1 0 0 0 1 0 0 0 -1 3622.DAT
0 STEP
1 86 1590.0 -48 270.0 0 0 1 0 1 0 -1 0 0 3005.DAT
0 STEP
1 86 1590.0 -24 290.0 0 0 1 0 1 0 -1 0 0 3005.DAT
0 STEP
1 86 1620.0 -48 290.0 -1 0 0 0 1 0 0 0 -1 3010.DAT
0 STEP
1 86 1590.0 -48 320.0 0 0 1 0 1 0 -1 0 0 3004.DAT
0 STEP
1 86 1600.0 -24 390.0 0 0 1 0 1 0 -1 0 0 3002.DAT
0 STEP
1 86 1600.0 -960 430.0 0 0 1 0 1 0 -1 0 0 3002.DAT
0 STEP
1 86 1590.0 -1008 430.0 0 0 1 0 1 0 -1 0 0 3622.DAT
0 STEP
1 86 1590.0 -1056 420.0 0 0 1 0 1 0 -1 0 0 3004.DAT
0 STEP
1 86 1600.0 -1128 430.0 0 0 1 0 1 0 -1 0 0 3002.DAT
0 STEP
1 86 1660.0 -1152 410.0 -1 0 0 0 1 0 0 0 -1 3008.DAT
0 STEP
1 86 1600.0 -1176 430.0 0 0 1 0 1 0 -1 0 0 3002.DAT
0 STEP
1 86 1610.0 -1224 410.0 -1 0 0 0 1 0 0 0 -1 3622.DAT
0 STEP
1 86 1600.0 -1248 430.0 0 0 1 0 1 0 -1 0 0 3002.DAT
0 STEP
1 86 1610.0 -1272 410.0 -1 0 0 0 1 0 0 0 -1 3622.DAT
0 STEP
1 86 1620.0 -1368 410.0 -1 0 0 0 1 0 0 0 -1 3010.DAT
0 STEP
1 86 1590.0 -1464 430.0 0 0 1 0 1 0 -1 0 0 3622.DAT
0 STEP
1 86 1590.0 -1512 430.0 0 0 1 0 1 0 -1 0 0 3622.DAT
0 STEP
1 86 1600.0 -1560 430.0 0 0 1 0 1 0 -1 0 0 3002.DAT
0 STEP
1 86 1600.0 -1608 430.0 0 0 1 0 1 0 -1 0 0 3002.DAT
0 STEP
1 86 1620.0 -24 440.0 -1 0 0 0 1 0 0 0 -1 3001.DAT
0 STEP
1 86 1620.0 -1200 430.0 -1 0 0 0 1 0 0 0 -1 3010.DAT
0 STEP
1 86 1590.0 -48 500.0 0 0 1 0 1 0 -1 0 0 3009.DAT
0 STEP
1 86 1590.0 -912 470.0 0 0 1 0 1 0 -1 0 0 3622.DAT
0 STEP
1 86 1620.0 -1056 450.0 -1 0 0 0 1 0 0 0 -1 3010.DAT
0 STEP
1 86 1660.0 -1200 450.0 -1 0 0 0 1 0 0 0 -1 3008.DAT
0 STEP
1 86 1640.0 -1656 450.0 -1 0 0 0 1 0 0 0 -1 3009.DAT
0 STEP
1 86 1590.0 0 490.0 0 0 1 0 1 0 -1 0 0 3005.DAT
0 STEP
1 86 1590.0 0 540.0 0 0 1 0 1 0 -1 0 0 3010.DAT
0 STEP
1 86 1590.0 -888 540.0 0 0 1 0 1 0 -1 0 0 3010.DAT
0 STEP
1 86 1610.0 -912 510.0 -1 0 0 0 1 0 0 0 -1 3622.DAT
0 STEP
1 86 1640.0 -24 530.0 -1 0 0 0 1 0 0 0 -1 3009.DAT
0 STEP
1 86 1600.0 -24 600.0 0 0 1 0 1 0 -1 0 0 3001.DAT
0 STEP
1 86 1590.0 -48 570.0 0 0 1 0 1 0 -1 0 0 3005.DAT
0 STEP
1 86 1610.0 0 590.0 -1 0 0 0 1 0 0 0 -1 3622.DAT
0 STEP
1 86 1620.0 -48 590.0 -1 0 0 0 1 0 0 0 -1 3010.DAT
0 STEP
1 86 1590.0 -864 620.0 0 0 1 0 1 0 -1 0 0 3010.DAT
0 STEP
1 86 1590.0 -888 610.0 0 0 1 0 1 0 -1 0 0 3005.DAT
0 STEP
1 86 1600.0 -48 660.0 0 0 1 0 1 0 -1 0 0 3001.DAT
0 STEP
1 86 1600.0 -888 660.0 0 0 1 0 1 0 -1 0 0 3001.DAT
0 STEP
1 86 1620.0 -24 660.0 -1 0 0 0 1 0 0 0 -1 3001.DAT
0 STEP
1 86 1620.0 -144 660.0 -1 0 0 0 1 0 0 0 -1 3001.DAT
0 STEP
1 86 1600.0 -168 670.0 0 0 1 0 1 0 -1 0 0 3002.DAT
0 STEP
1 86 1600.0 -192 670.0 0 0 1 0 1 0 -1 0 0 3002.DAT
0 STEP
1 86 1600.0 -216 650.0 -1 0 0 0 1 0 0 0 -1 3004.DAT
0 STEP
1 86 1600.0 -264 660.0 0 0 1 0 1 0 -1 0 0 3003.DAT
0 STEP
1 86 1600.0 -288 650.0 -1 0 0 0 1 0 0 0 -1 3004.DAT
0 STEP
1 86 1590.0 -384 670.0 0 0 1 0 1 0 -1 0 0 3622.DAT
0 STEP
1 86 1590.0 -408 650.0 0 0 1 0 1 0 -1 0 0 3005.DAT
0 STEP
1 86 1600.0 -456 670.0 0 0 1 0 1 0 -1 0 0 3002.DAT
0 STEP
1 86 1600.0 -504 670.0 0 0 1 0 1 0 -1 0 0 3002.DAT
0 STEP
1 86 1600.0 -552 670.0 0 0 1 0 1 0 -1 0 0 3002.DAT
0 STEP
1 86 1600.0 -648 660.0 0 0 1 0 1 0 -1 0 0 3003.DAT
0 STEP
1 86 1600.0 -672 670.0 0 0 1 0 1 0 -1 0 0 3002.DAT
0 STEP
1 86 1600.0 -696 650.0 -1 0 0 0 1 0 0 0 -1 3004.DAT
0 STEP
1 86 1600.0 -768 670.0 0 0 1 0 1 0 -1 0 0 3002.DAT
0 STEP
1 86 1600.0 -816 670.0 0 0 1 0 1 0 -1 0 0 3002.DAT
0 STEP
1 86 1610.0 -312 670.0 -1 0 0 0 1 0 0 0 -1 3622.DAT
0 STEP
1 86 1620.0 -360 680.0 -1 0 0 0 1 0 0 0 -1 3001.DAT
0 STEP
1 86 1640.0 -408 670.0 -1 0 0 0 1 0 0 0 -1 3009.DAT
0 STEP
1 86 1610.0 -696 670.0 -1 0 0 0 1 0 0 0 -1 3622.DAT
0 STEP
1 86 1610.0 -864 680.0 -1 0 0 0 1 0 0 0 -1 3002.DAT
0 STEP
1 86 1620.0 -24 690.0 -1 0 0 0 1 0 0 0 -1 3010.DAT
0 STEP
1 86 1590.0 -144 690.0 0 0 1 0 1 0 -1 0 0 3005.DAT
0 STEP
1 86 1600.0 -312 690.0 -1 0 0 0 1 0 0 0 -1 3004.DAT
0 STEP
1 86 1620.0 -408 690.0 -1 0 0 0 1 0 0 0 -1 3010.DAT
0 STEP
1 86 1620.0 -648 690.0 -1 0 0 0 1 0 0 0 -1 3010.DAT
0 STEP
1 86 1620.0 -696 690.0 -1 0 0 0 1 0 0 0 -1 3010.DAT
0 STEP
1 86 1600.0 -168 740.0 0 0 1 0 1 0 -1 0 0 3003.DAT
0 STEP
1 86 1590.0 -192 740.0 0 0 1 0 1 0 -1 0 0 3004.DAT
0 STEP
1 86 1600.0 -216 740.0 0 0 1 0 1 0 -1 0 0 3003.DAT
0 STEP
1 86 1590.0 -240 740.0 0 0 1 0 1 0 -1 0 0 3004.DAT
0 STEP
1 86 1600.0 -264 740.0 0 0 1 0 1 0 -1 0 0 3003.DAT
0 STEP
1 86 1610.0 -288 740.0 -1 0 0 0 1 0 0 0 -1 3002.DAT
0 STEP
1 86 1600.0 -312 740.0 0 0 1 0 1 0 -1 0 0 3003.DAT
0 STEP
1 86 1620.0 -336 740.0 -1 0 0 0 1 0 0 0 -1 3001.DAT
0 STEP
1 86 1600.0 -624 740.0 0 0 1 0 1 0 -1 0 0 3003.DAT
0 STEP
1 86 1660.0 -648 740.0 -1 0 0 0 1 0 0 0 -1 3007.DAT
0 STEP
1 86 1600.0 -672 740.0 0 0 1 0 1 0 -1 0 0 3003.DAT
0 STEP
1 86 1590.0 -696 740.0 0 0 1 0 1 0 -1 0 0 3004.DAT
0 STEP
1 86 1600.0 -720 730.0 -1 0 0 0 1 0 0 0 -1 3004.DAT
0 STEP
1 86 1590.0 -744 740.0 0 0 1 0 1 0 -1 0 0 3004.DAT
0 STEP
1 86 1600.0 -768 740.0 0 0 1 0 1 0 -1 0 0 3003.DAT
0 STEP
1 86 1590.0 -792 730.0 0 0 1 0 1 0 -1 0 0 3005.DAT
0 STEP
1 86 1620.0 -816 740.0 -1 0 0 0 1 0 0 0 -1 3001.DAT
0 STEP
1 86 1610.0 -720 750.0 -1 0 0 0 1 0 0 0 -1 3622.DAT
0 STEP
1 86 1600.0 -792 750.0 -1 0 0 0 1 0 0 0 -1 3004.DAT
0 STEP
1 86 1640.0 0 10.0 -1 0 0 0 1 0 0 0 -1 3010.DAT
0 STEP
1 86 1610.0 -96 30.0 0 0 1 0 1 0 -1 0 0 3622.DAT
0 STEP
1 86 1610.0 -144 20.0 0 0 1 0 1 0 -1 0 0 3004.DAT
0 STEP
1 86 1630.0 -216 20.0 -1 0 0 0 1 0 0 0 -1 3002.DAT
0 STEP
1 86 1620.0 -264 30.0 0 0 1 0 1 0 -1 0 0 3002.DAT
0 STEP
1 86 1610.0 -312 30.0 0 0 1 0 1 0 -1 0 0 3622.DAT
0 STEP
1 86 1640.0 -336 20.0 -1 0 0 0 1 0 0 0 -1 3001.DAT
0 STEP
1 86 1610.0 -360 30.0 0 0 1 0 1 0 -1 0 0 3622.DAT
0 STEP
1 86 1660.0 -384 20.0 -1 0 0 0 1 0 0 0 -1 2456.DAT
0 STEP
1 86 1620.0 -408 30.0 0 0 1 0 1 0 -1 0 0 3002.DAT
0 STEP
1 86 1640.0 -552 20.0 -1 0 0 0 1 0 0 0 -1 3001.DAT
0 STEP
1 86 1620.0 -600 30.0 0 0 1 0 1 0 -1 0 0 3002.DAT
0 STEP
1 86 1620.0 -696 30.0 0 0 1 0 1 0 -1 0 0 3002.DAT
0 STEP
1 86 1640.0 -816 20.0 -1 0 0 0 1 0 0 0 -1 3001.DAT
0 STEP
1 86 1640.0 -888 10.0 -1 0 0 0 1 0 0 0 -1 3010.DAT
0 STEP
1 86 1640.0 -936 20.0 -1 0 0 0 1 0 0 0 -1 3001.DAT
0 STEP
1 86 1700.0 -1008 20.0 -1 0 0 0 1 0 0 0 -1 3006.DAT
0 STEP
1 86 1640.0 -1104 20.0 -1 0 0 0 1 0 0 0 -1 3001.DAT
0 STEP
1 86 1640.0 -1152 10.0 -1 0 0 0 1 0 0 0 -1 3010.DAT
0 STEP
1 86 1610.0 -1224 30.0 0 0 1 0 1 0 -1 0 0 3622.DAT
0 STEP
1 86 1620.0 -1272 30.0 0 0 1 0 1 0 -1 0 0 3002.DAT
0 STEP
1 86 1640.0 -1296 10.0 -1 0 0 0 1 0 0 0 -1 3010.DAT
0 STEP
1 86 1640.0 -1344 20.0 -1 0 0 0 1 0 0 0 -1 3001.DAT
0 STEP
1 86 1610.0 -1416 30.0 0 0 1 0 1 0 -1 0 0 3622.DAT
0 STEP
1 86 1640.0 -1464 10.0 -1 0 0 0 1 0 0 0 -1 3010.DAT
0 STEP
1 86 1620.0 -1584 30.0 0 0 1 0 1 0 -1 0 0 3002.DAT
0 STEP
1 86 1620.0 -1632 30.0 0 0 1 0 1 0 -1 0 0 3002.DAT
0 STEP
1 86 1610.0 0 30.0 0 0 1 0 1 0 -1 0 0 3005.DAT
0 STEP
1 86 1640.0 -504 30.0 -1 0 0 0 1 0 0 0 -1 3010.DAT
0 STEP
1 86 1640.0 -888 40.0 -1 0 0 0 1 0 0 0 -1 3001.DAT
0 STEP
1 86 1610.0 -1296 40.0 0 0 1 0 1 0 -1 0 0 3004.DAT
0 STEP
1 86 1660.0 -1512 40.0 -1 0 0 0 1 0 0 0 -1 2456.DAT
0 STEP
1 86 1640.0 -1704 30.0 -1 0 0 0 1 0 0 0 -1 3010.DAT
0 STEP
1 86 1640.0 0 60.0 -1 0 0 0 1 0 0 0 -1 3001.DAT
0 STEP
1 86 1610.0 -336 50.0 0 0 1 0 1 0 -1 0 0 3005.DAT
0 STEP
1 86 1640.0 -552 50.0 -1 0 0 0 1 0 0 0 -1 3010.DAT
0 STEP
1 86 1610.0 -744 50.0 0 0 1 0 1 0 -1 0 0 3005.DAT
0 STEP
1 86 1640.0 -936 50.0 -1 0 0 0 1 0 0 0 -1 3010.DAT
0 STEP
1 86 1640.0 -1104 50.0 -1 0 0 0 1 0 0 0 -1 3010.DAT
0 STEP
1 86 1610.0 -1176 50.0 0 0 1 0 1 0 -1 0 0 3005.DAT
0 STEP
1 86 1640.0 -1344 50.0 -1 0 0 0 1 0 0 0 -1 3010.DAT
0 STEP
1 86 1620.0 -1704 80.0 0 0 1 0 1 0 -1 0 0 3001.DAT
0 STEP
1 86 1640.0 0 100.0 -1 0 0 0 1 0 0 0 -1 3001.DAT
0 STEP
1 86 1620.0 -1728 120.0 0 0 1 0 1 0 -1 0 0 3001.DAT
0 STEP
1 86 1680.0 -48 110.0 -1 0 0 0 1 0 0 0 -1 3008.DAT
0 STEP
1 86 1610.0 0 160.0 0 0 1 0 1 0 -1 0 0 3010.DAT
0 STEP
1 86 1640.0 -48 140.0 -1 0 0 0 1 0 0 0 -1 3001.DAT
0 STEP
1 86 1620.0 -1752 180.0 0 0 1 0 1 0 -1 0 0 3001.DAT
0 STEP
1 86 1610.0 -24 170.0 0 0 1 0 1 0 -1 0 0 3005.DAT
0 STEP
1 86 1620.0 -1704 170.0 -1 0 0 0 1 0 0 0 -1 3004.DAT
0 STEP
1 86 1640.0 -1728 170.0 -1 0 0 0 1 0 0 0 -1 3010.DAT
0 STEP
1 86 1610.0 -24 220.0 0 0 1 0 1 0 -1 0 0 3010.DAT
0 STEP
1 86 1660.0 -1704 190.0 -1 0 0 0 1 0 0 0 -1 3009.DAT
0 STEP
1 86 1610.0 -1704 210.0 0 0 1 0 1 0 -1 0 0 3005.DAT
0 STEP
1 86 1640.0 0 230.0 -1 0 0 0 1 0 0 0 -1 3010.DAT
0 STEP
1 86 1640.0 -1704 230.0 -1 0 0 0 1 0 0 0 -1 3010.DAT
0 STEP
1 86 1610.0 0 260.0 0 0 1 0 1 0 -1 0 0 3004.DAT
0 STEP
1 86 1640.0 -48 270.0 -1 0 0 0 1 0 0 0 -1 3010.DAT
0 STEP
1 86 1610.0 -24 320.0 0 0 1 0 1 0 -1 0 0 3010.DAT
0 STEP
1 86 1640.0 -48 320.0 -1 0 0 0 1 0 0 0 -1 3001.DAT
0 STEP
1 86 1610.0 0 330.0 0 0 1 0 1 0 -1 0 0 3005.DAT
0 STEP
1 86 1610.0 -1752 360.0 0 0 1 0 1 0 -1 0 0 3010.DAT
0 STEP
1 86 1610.0 0 400.0 0 0 1 0 1 0 -1 0 0 3009.DAT
0 STEP
1 86 1620.0 -1704 380.0 0 0 1 0 1 0 -1 0 0 3001.DAT
0 STEP
1 86 1660.0 -1008 410.0 -1 0 0 0 1 0 0 0 -1 3009.DAT
0 STEP
1 86 1680.0 -1056 410.0 -1 0 0 0 1 0 0 0 -1 3008.DAT
0 STEP
1 86 1700.0 -1296 420.0 -1 0 0 0 1 0 0 0 -1 3006.DAT
0 STEP
1 86 1610.0 -1344 430.0 0 0 1 0 1 0 -1 0 0 3622.DAT
0 STEP
1 86 1620.0 -1464 430.0 0 0 1 0 1 0 -1 0 0 3002.DAT
0 STEP
1 86 1610.0 -1488 410.0 0 0 1 0 1 0 -1 0 0 3005.DAT
0 STEP
1 86 1640.0 -1512 410.0 -1 0 0 0 1 0 0 0 -1 3010.DAT
0 STEP
1 86 1610.0 -1680 410.0 0 0 1 0 1 0 -1 0 0 3005.DAT
0 STEP
1 86 1610.0 -1752 410.0 0 0 1 0 1 0 -1 0 0 3005.DAT
0 STEP
1 86 1610.0 -48 500.0 0 0 1 0 1 0 -1 0 0 3008.DAT
0 STEP
1 86 1640.0 -912 440.0 -1 0 0 0 1 0 0 0 -1 3001.DAT
0 STEP
1 86 1610.0 -1008 440.0 0 0 1 0 1 0 -1 0 0 3004.DAT
0 STEP
1 86 1660.0 -1056 430.0 -1 0 0 0 1 0 0 0 -1 3009.DAT
0 STEP
1 86 1610.0 -1512 440.0 0 0 1 0 1 0 -1 0 0 3004.DAT
0 STEP
1 86 1640.0 -1704 440.0 -1 0 0 0 1 0 0 0 -1 3001.DAT
0 STEP
1 86 1640.0 -1752 440.0 -1 0 0 0 1 0 0 0 -1 3001.DAT
0 STEP
1 86 1610.0 -1032 450.0 0 0 1 0 1 0 -1 0 0 3005.DAT
0 STEP
1 86 1660.0 -1296 450.0 -1 0 0 0 1 0 0 0 -1 3009.DAT
0 STEP
1 86 1660.0 -1392 450.0 -1 0 0 0 1 0 0 0 -1 3009.DAT
0 STEP
1 86 1610.0 -1680 450.0 0 0 1 0 1 0 -1 0 0 3005.DAT
0 STEP
1 86 1640.0 0 470.0 -1 0 0 0 1 0 0 0 -1 3010.DAT
0 STEP
1 86 1640.0 -912 470.0 -1 0 0 0 1 0 0 0 -1 3010.DAT
0 STEP
1 86 1610.0 0 520.0 0 0 1 0 1 0 -1 0 0 3010.DAT
0 STEP
1 86 1620.0 -912 490.0 -1 0 0 0 1 0 0 0 -1 3004.DAT
0 STEP
1 86 1610.0 -888 510.0 0 0 1 0 1 0 -1 0 0 3005.DAT
0 STEP
1 86 1610.0 -888 560.0 0 0 1 0 1 0 -1 0 0 3010.DAT
0 STEP
1 86 1620.0 -912 570.0 0 0 1 0 1 0 -1 0 0 3002.DAT
0 STEP
1 86 1630.0 0 570.0 -1 0 0 0 1 0 0 0 -1 3622.DAT
0 STEP
1 86 1620.0 -864 620.0 0 0 1 0 1 0 -1 0 0 3001.DAT
0 STEP
1 86 1660.0 -888 610.0 -1 0 0 0 1 0 0 0 -1 3009.DAT
0 STEP
1 86 1610.0 0 660.0 0 0 1 0 1 0 -1 0 0 3010.DAT
0 STEP
1 86 1620.0 -96 670.0 0 0 1 0 1 0 -1 0 0 3002.DAT
0 STEP
1 86 1610.0 -336 660.0 0 0 1 0 1 0 -1 0 0 3004.DAT
0 STEP
1 86 1640.0 -360 650.0 -1 0 0 0 1 0 0 0 -1 3010.DAT
0 STEP
1 86 1620.0 -384 670.0 0 0 1 0 1 0 -1 0 0 3002.DAT
0 STEP
1 86 1640.0 -408 650.0 -1 0 0 0 1 0 0 0 -1 3010.DAT
0 STEP
1 86 1620.0 -600 670.0 0 0 1 0 1 0 -1 0 0 3002.DAT
0 STEP
1 86 1610.0 -720 650.0 0 0 1 0 1 0 -1 0 0 3005.DAT
0 STEP
1 86 1610.0 -792 650.0 0 0 1 0 1 0 -1 0 0 3005.DAT
0 STEP
1 86 1610.0 -840 660.0 0 0 1 0 1 0 -1 0 0 3004.DAT
0 STEP
1 86 1680.0 -120 670.0 -1 0 0 0 1 0 0 0 -1 3008.DAT
0 STEP
1 86 1610.0 -240 680.0 0 0 1 0 1 0 -1 0 0 3004.DAT
0 STEP
1 86 1620.0 -792 670.0 -1 0 0 0 1 0 0 0 -1 3004.DAT
0 STEP
1 86 1640.0 -144 690.0 -1 0 0 0 1 0 0 0 -1 3010.DAT
0 STEP
1 86 1640.0 -336 690.0 -1 0 0 0 1 0 0 0 -1 3010.DAT
0 STEP
1 86 1660.0 -192 740.0 -1 0 0 0 1 0 0 0 -1 2456.DAT
0 STEP
1 86 1640.0 -240 740.0 -1 0 0 0 1 0 0 0 -1 3001.DAT
0 STEP
1 86 1660.0 -696 740.0 -1 0 0 0 1 0 0 0 -1 2456.DAT
0 STEP
1 86 1660.0 -744 730.0 -1 0 0 0 1 0 0 0 -1 3009.DAT
0 STEP
1 86 1660.0 -792 730.0 -1 0 0 0 1 0 0 0 -1 3009.DAT
0 STEP
1 86 1610.0 -744 750.0 0 0 1 0 1 0 -1 0 0 3005.DAT
0 STEP
1 86 1680.0 -96 10.0 -1 0 0 0 1 0 0 0 -1 3009.DAT
0 STEP
1 86 1660.0 -144 10.0 -1 0 0 0 1 0 0 0 -1 3010.DAT
0 STEP
1 86 1630.0 -192 30.0 0 0 1 0 1 0 -1 0 0 3622.DAT
0 STEP
1 86 1640.0 -312 30.0 0 0 1 0 1 0 -1 0 0 3002.DAT
0 STEP
1 86 1640.0 -360 30.0 0 0 1 0 1 0 -1 0 0 3002.DAT
0 STEP
1 86 1630.0 -432 10.0 0 0 1 0 1 0 -1 0 0 3005.DAT
0 STEP
1 86 1630.0 -480 10.0 0 0 1 0 1 0 -1 0 0 3005.DAT
0 STEP
1 86 1630.0 -528 30.0 0 0 1 0 1 0 -1 0 0 3622.DAT
0 STEP
1 86 1630.0 -576 20.0 0 0 1 0 1 0 -1 0 0 3004.DAT
0 STEP
1 86 1640.0 -648 30.0 0 0 1 0 1 0 -1 0 0 3002.DAT
0 STEP
1 86 1640.0 -744 30.0 0 0 1 0 1 0 -1 0 0 3002.DAT
0 STEP
1 86 1640.0 -768 30.0 0 0 1 0 1 0 -1 0 0 3002.DAT
0 STEP
1 86 1630.0 -840 30.0 0 0 1 0 1 0 -1 0 0 3622.DAT
0 STEP
1 86 1630.0 -912 10.0 0 0 1 0 1 0 -1 0 0 3005.DAT
0 STEP
1 86 1630.0 -984 10.0 0 0 1 0 1 0 -1 0 0 3005.DAT
0 STEP
1 86 1640.0 -1032 30.0 0 0 1 0 1 0 -1 0 0 3002.DAT
0 STEP
1 86 1640.0 -1080 30.0 0 0 1 0 1 0 -1 0 0 3002.DAT
0 STEP
1 86 1630.0 -1128 10.0 0 0 1 0 1 0 -1 0 0 3005.DAT
0 STEP
1 86 1630.0 -1176 30.0 0 0 1 0 1 0 -1 0 0 3622.DAT
0 STEP
1 86 1640.0 -1224 30.0 0 0 1 0 1 0 -1 0 0 3002.DAT
0 STEP
1 86 1630.0 -1320 10.0 0 0 1 0 1 0 -1 0 0 3005.DAT
0 STEP
1 86 1630.0 -1368 10.0 0 0 1 0 1 0 -1 0 0 3005.DAT
0 STEP
1 86 1650.0 -1416 10.0 -1 0 0 0 1 0 0 0 -1 3622.DAT
0 STEP
1 86 1640.0 -1536 30.0 0 0 1 0 1 0 -1 0 0 3002.DAT
0 STEP
1 86 1680.0 -1656 10.0 -1 0 0 0 1 0 0 0 -1 3009.DAT
0 STEP
1 86 1640.0 -1680 30.0 0 0 1 0 1 0 -1 0 0 3002.DAT
0 STEP
1 86 1640.0 -1728 30.0 0 0 1 0 1 0 -1 0 0 3002.DAT
0 STEP
1 86 1660.0 0 30.0 -1 0 0 0 1 0 0 0 -1 3010.DAT
0 STEP
1 86 1630.0 -48 40.0 0 0 1 0 1 0 -1 0 0 3004.DAT
0 STEP
1 86 1680.0 -96 40.0 -1 0 0 0 1 0 0 0 -1 2456.DAT
0 STEP
1 86 1630.0 -144 40.0 0 0 1 0 1 0 -1 0 0 3004.DAT
0 STEP
1 86 1660.0 -432 40.0 -1 0 0 0 1 0 0 0 -1 3001.DAT
0 STEP
1 86 1680.0 -480 40.0 -1 0 0 0 1 0 0 0 -1 2456.DAT
0 STEP
1 86 1660.0 -984 40.0 -1 0 0 0 1 0 0 0 -1 3001.DAT
0 STEP
1 86 1640.0 -1128 40.0 0 0 1 0 1 0 -1 0 0 3003.DAT
0 STEP
1 86 1660.0 -1296 40.0 -1 0 0 0 1 0 0 0 -1 3001.DAT
0 STEP
1 86 1680.0 -1368 40.0 -1 0 0 0 1 0 0 0 -1 2456.DAT
0 STEP
1 86 1630.0 -1416 40.0 0 0 1 0 1 0 -1 0 0 3004.DAT
0 STEP
1 86 1660.0 -336 50.0 -1 0 0 0 1 0 0 0 -1 3010.DAT
0 STEP
1 86 1660.0 -48 80.0 -1 0 0 0 1 0 0 0 -1 3001.DAT
0 STEP
1 86 1630.0 -1752 100.0 0 0 1 0 1 0 -1 0 0 3010.DAT
0 STEP
1 86 1630.0 -24 160.0 0 0 1 0 1 0 -1 0 0 3008.DAT
0 STEP
1 86 1650.0 0 130.0 -1 0 0 0 1 0 0 0 -1 3622.DAT
0 STEP
1 86 1630.0 0 160.0 0 0 1 0 1 0 -1 0 0 3004.DAT
0 STEP
1 86 1680.0 0 190.0 -1 0 0 0 1 0 0 0 -1 3009.DAT
0 STEP
1 86 1630.0 -1728 190.0 0 0 1 0 1 0 -1 0 0 3005.DAT
0 STEP
1 86 1660.0 -1704 210.0 -1 0 0 0 1 0 0 0 -1 3010.DAT
0 STEP
1 86 1630.0 -1728 280.0 0 0 1 0 1 0 -1 0 0 3008.DAT
0 STEP
1 86 1630.0 -1752 240.0 0 0 1 0 1 0 -1 0 0 3004.DAT
0 STEP
1 86 1660.0 0 250.0 -1 0 0 0 1 0 0 0 -1 3010.DAT
0 STEP
1 86 1660.0 -24 250.0 -1 0 0 0 1 0 0 0 -1 3010.DAT
0 STEP
1 86 1630.0 0 270.0 0 0 1 0 1 0 -1 0 0 3005.DAT
0 STEP
1 86 1630.0 -24 310.0 0 0 1 0 1 0 -1 0 0 3622.DAT
0 STEP
1 86 1660.0 0 340.0 -1 0 0 0 1 0 0 0 -1 3001.DAT
0 STEP
1 86 1660.0 -1752 330.0 -1 0 0 0 1 0 0 0 -1 3010.DAT
0 STEP
1 86 1640.0 -24 380.0 0 0 1 0 1 0 -1 0 0 3001.DAT
0 STEP
1 86 1630.0 -1752 380.0 0 0 1 0 1 0 -1 0 0 3010.DAT
0 STEP
1 86 1650.0 0 370.0 -1 0 0 0 1 0 0 0 -1 3622.DAT
0 STEP
1 86 1630.0 0 420.0 0 0 1 0 1 0 -1 0 0 3010.DAT
0 STEP
1 86 1630.0 -48 420.0 0 0 1 0 1 0 -1 0 0 3010.DAT
0 STEP
1 86 1640.0 -960 430.0 0 0 1 0 1 0 -1 0 0 3002.DAT
0 STEP
1 86 1640.0 -1032 430.0 0 0 1 0 1 0 -1 0 0 3002.DAT
0 STEP
1 86 1640.0 -1080 430.0 0 0 1 0 1 0 -1 0 0 3002.DAT
0 STEP
1 86 1630.0 -1128 430.0 0 0 1 0 1 0 -1 0 0 3622.DAT
0 STEP
1 86 1640.0 -1176 430.0 0 0 1 0 1 0 -1 0 0 3002.DAT
0 STEP
1 86 1680.0 -1248 410.0 -1 0 0 0 1 0 0 0 -1 3009.DAT
0 STEP
1 86 1660.0 -1344 410.0 -1 0 0 0 1 0 0 0 -1 3010.DAT
0 STEP
1 86 1680.0 -1488 410.0 -1 0 0 0 1 0 0 0 -1 3009.DAT
0 STEP
1 86 1660.0 -1560 420.0 -1 0 0 0 1 0 0 0 -1 3001.DAT
0 STEP
1 86 1630.0 -1608 410.0 0 0 1 0 1 0 -1 0 0 3005.DAT
0 STEP
1 86 1640.0 -1680 430.0 0 0 1 0 1 0 -1 0 0 3002.DAT
0 STEP
1 86 1700.0 -1008 430.0 -1 0 0 0 1 0 0 0 -1 3008.DAT
0 STEP
1 86 1660.0 -1248 430.0 -1 0 0 0 1 0 0 0 -1 3010.DAT
0 STEP
1 86 1630.0 -1272 430.0 0 0 1 0 1 0 -1 0 0 3005.DAT
0 STEP
1 86 1660.0 -1344 440.0 -1 0 0 0 1 0 0 0 -1 3001.DAT
0 STEP
1 86 1630.0 -1488 430.0 0 0 1 0 1 0 -1 0 0 3005.DAT
0 STEP
1 86 1660.0 -1512 440.0 -1 0 0 0 1 0 0 0 -1 3001.DAT
0 STEP
1 86 1660.0 -1608 440.0 -1 0 0 0 1 0 0 0 -1 3001.DAT
0 STEP
1 86 1630.0 -1728 440.0 0 0 1 0 1 0 -1 0 0 3004.DAT
0 STEP
1 86 1630.0 -888 480.0 0 0 1 0 1 0 -1 0 0 3010.DAT
0 STEP
1 86 1680.0 -1008 450.0 -1 0 0 0 1 0 0 0 -1 3009.DAT
0 STEP
1 86 1630.0 -1224 450.0 0 0 1 0 1 0 -1 0 0 3005.DAT
0 STEP
1 86 1700.0 -1248 450.0 -1 0 0 0 1 0 0 0 -1 3008.DAT
0 STEP
1 86 1660.0 -1560 450.0 -1 0 0 0 1 0 0 0 -1 3010.DAT
0 STEP
1 86 1630.0 -1584 450.0 0 0 1 0 1 0 -1 0 0 3005.DAT
0 STEP
1 86 1660.0 -48 480.0 -1 0 0 0 1 0 0 0 -1 3001.DAT
0 STEP
1 86 1630.0 0 490.0 0 0 1 0 1 0 -1 0 0 3005.DAT
0 STEP
1 86 1640.0 0 530.0 0 0 1 0 1 0 -1 0 0 3002.DAT
0 STEP
1 86 1640.0 -48 540.0 0 0 1 0 1 0 -1 0 0 3001.DAT
0 STEP
1 86 1660.0 -888 540.0 -1 0 0 0 1 0 0 0 -1 3001.DAT
0 STEP
1 86 1660.0 -24 570.0 -1 0 0 0 1 0 0 0 -1 3010.DAT
0 STEP
1 86 1660.0 -888 580.0 -1 0 0 0 1 0 0 0 -1 3001.DAT
0 STEP
1 86 1680.0 -24 600.0 -1 0 0 0 1 0 0 0 -1 2456.DAT
0 STEP
1 86 1630.0 0 630.0 0 0 1 0 1 0 -1 0 0 3005.DAT
0 STEP
1 86 1650.0 -24 630.0 -1 0 0 0 1 0 0 0 -1 3622.DAT
0 STEP
1 86 1640.0 -48 660.0 0 0 1 0 1 0 -1 0 0 3001.DAT
0 STEP
1 86 1630.0 -888 660.0 0 0 1 0 1 0 -1 0 0 3010.DAT
0 STEP
1 86 1660.0 0 650.0 -1 0 0 0 1 0 0 0 -1 3010.DAT
0 STEP
1 86 1680.0 -456 660.0 -1 0 0 0 1 0 0 0 -1 2456.DAT
0 STEP
1 86 1630.0 -504 670.0 0 0 1 0 1 0 -1 0 0 3622.DAT
0 STEP
1 86 1700.0 -552 650.0 -1 0 0 0 1 0 0 0 -1 3008.DAT
0 STEP
1 86 1630.0 -840 670.0 0 0 1 0 1 0 -1 0 0 3622.DAT
0 STEP
1 86 1630.0 0 680.0 0 0 1 0 1 0 -1 0 0 3004.DAT
0 STEP
1 86 1680.0 -168 670.0 -1 0 0 0 1 0 0 0 -1 3009.DAT
0 STEP
1 86 1630.0 -192 690.0 0 0 1 0 1 0 -1 0 0 3622.DAT
0 STEP
1 86 1630.0 -240 690.0 0 0 1 0 1 0 -1 0 0 3622.DAT
0 STEP
1 86 1630.0 -264 670.0 0 0 1 0 1 0 -1 0 0 3005.DAT
0 STEP
1 86 1660.0 -336 670.0 -1 0 0 0 1 0 0 0 -1 3010.DAT
0 STEP
1 86 1700.0 -552 680.0 -1 0 0 0 1 0 0 0 -1 3007.DAT
0 STEP
1 86 1630.0 -648 670.0 0 0 1 0 1 0 -1 0 0 3005.DAT
0 STEP
1 86 1630.0 -672 700.0 0 0 1 0 1 0 -1 0 0 3010.DAT
0 STEP
1 86 1630.0 -720 700.0 0 0 1 0 1 0 -1 0 0 3010.DAT
0 STEP
1 86 1630.0 -768 670.0 0 0 1 0 1 0 -1 0 0 3005.DAT
0 STEP
1 86 1650.0 -816 670.0 -1 0 0 0 1 0 0 0 -1 3622.DAT
0 STEP
1 86 1640.0 -168 720.0 0 0 1 0 1 0 -1 0 0 3001.DAT
0 STEP
1 86 1640.0 -264 720.0 0 0 1 0 1 0 -1 0 0 3001.DAT
0 STEP
1 86 1630.0 -312 720.0 0 0 1 0 1 0 -1 0 0 3010.DAT
0 STEP
1 86 1680.0 -456 690.0 -1 0 0 0 1 0 0 0 -1 3009.DAT
0 STEP
1 86 1630.0 -576 690.0 0 0 1 0 1 0 -1 0 0 3005.DAT
0 STEP
1 86 1630.0 -624 720.0 0 0 1 0 1 0 -1 0 0 3010.DAT
0 STEP
1 86 1640.0 -768 720.0 0 0 1 0 1 0 -1 0 0 3001.DAT
0 STEP
1 86 1640.0 -816 700.0 0 0 1 0 1 0 -1 0 0 3003.DAT
0 STEP
1 86 1630.0 -216 730.0 0 0 1 0 1 0 -1 0 0 3622.DAT
0 STEP
1 86 1660.0 -288 710.0 -1 0 0 0 1 0 0 0 -1 3010.DAT
0 STEP
1 86 1660.0 -336 710.0 -1 0 0 0 1 0 0 0 -1 3010.DAT
0 STEP
1 86 1660.0 -648 710.0 -1 0 0 0 1 0 0 0 -1 3010.DAT
0 STEP
1 86 1660.0 -696 710.0 -1 0 0 0 1 0 0 0 -1 3010.DAT
0 STEP
1 86 1660.0 -744 710.0 -1 0 0 0 1 0 0 0 -1 3010.DAT
0 STEP
1 86 1650.0 -792 710.0 -1 0 0 0 1 0 0 0 -1 3622.DAT
0 STEP
1 86 1630.0 -672 750.0 0 0 1 0 1 0 -1 0 0 3005.DAT
0 STEP
1 86 1660.0 -744 750.0 -1 0 0 0 1 0 0 0 -1 3010.DAT
0 STEP
1 86 1700.0 -792 750.0 -1 0 0 0 1 0 0 0 -1 3008.DAT
0 STEP
1 86 1650.0 -72 20.0 0 0 1 0 1 0 -1 0 0 3004.DAT
0 STEP
1 86 1650.0 -120 10.0 0 0 1 0 1 0 -1 0 0 3005.DAT
0 STEP
1 86 1670.0 -192 20.0 -1 0 0 0 1 0 0 0 -1 3002.DAT
0 STEP
1 86 1660.0 -264 30.0 0 0 1 0 1 0 -1 0 0 3002.DAT
0 STEP
1 86 1650.0 -408 30.0 0 0 1 0 1 0 -1 0 0 3622.DAT
0 STEP
1 86 1680.0 -432 10.0 -1 0 0 0 1 0 0 0 -1 3010.DAT
0 STEP
1 86 1650.0 -456 30.0 0 0 1 0 1 0 -1 0 0 3622.DAT
0 STEP
1 86 1680.0 -480 10.0 -1 0 0 0 1 0 0 0 -1 3010.DAT
0 STEP
1 86 1660.0 -528 30.0 0 0 1 0 1 0 -1 0 0 3002.DAT
0 STEP
1 86 1650.0 -576 10.0 0 0 1 0 1 0 -1 0 0 3005.DAT
0 STEP
1 86 1720.0 -600 10.0 -1 0 0 0 1 0 0 0 -1 3008.DAT
0 STEP
1 86 1660.0 -696 30.0 0 0 1 0 1 0 -1 0 0 3002.DAT
0 STEP
1 86 1650.0 -720 10.0 0 0 1 0 1 0 -1 0 0 3005.DAT
0 STEP
1 86 1670.0 -792 10.0 -1 0 0 0 1 0 0 0 -1 3622.DAT
0 STEP
1 86 1680.0 -840 10.0 -1 0 0 0 1 0 0 0 -1 3010.DAT
0 STEP
1 86 1660.0 -864 30.0 0 0 1 0 1 0 -1 0 0 3002.DAT
0 STEP
1 86 1650.0 -912 30.0 0 0 1 0 1 0 -1 0 0 3622.DAT
0 STEP
1 86 1680.0 -984 10.0 -1 0 0 0 1 0 0 0 -1 3010.DAT
0 STEP
1 86 1680.0 -1128 10.0 -1 0 0 0 1 0 0 0 -1 3010.DAT
0 STEP
1 86 1650.0 -1176 10.0 0 0 1 0 1 0 -1 0 0 3005.DAT
0 STEP
1 86 1680.0 -1272 10.0 -1 0 0 0 1 0 0 0 -1 3010.DAT
0 STEP
1 86 1660.0 -1320 30.0 0 0 1 0 1 0 -1 0 0 3002.DAT
0 STEP
1 86 1700.0 -1368 10.0 -1 0 0 0 1 0 0 0 -1 3009.DAT
0 STEP
1 86 1650.0 -1440 30.0 0 0 1 0 1 0 -1 0 0 3622.DAT
0 STEP
1 86 1650.0 -1584 30.0 0 0 1 0 1 0 -1 0 0 3622.DAT
0 STEP
1 86 1670.0 -1632 20.0 -1 0 0 0 1 0 0 0 -1 3002.DAT
0 STEP
1 86 1660.0 -1704 10.0 -1 0 0 0 1 0 0 0 -1 3004.DAT
0 STEP
1 86 1740.0 -1752 20.0 -1 0 0 0 1 0 0 0 -1 3006.DAT
0 STEP
1 86 1720.0 -48 40.0 -1 0 0 0 1 0 0 0 -1 3007.DAT
0 STEP
1 86 1680.0 -144 30.0 -1 0 0 0 1 0 0 0 -1 3010.DAT
0 STEP
1 86 1680.0 -576 40.0 -1 0 0 0 1 0 0 0 -1 3001.DAT
0 STEP
1 86 1740.0 -600 40.0 -1 0 0 0 1 0 0 0 -1 3006.DAT
0 STEP
1 86 1670.0 -792 40.0 -1 0 0 0 1 0 0 0 -1 3002.DAT
0 STEP
1 86 1680.0 -840 40.0 -1 0 0 0 1 0 0 0 -1 3001.DAT
0 STEP
1 86 1650.0 -960 40.0 0 0 1 0 1 0 -1 0 0 3004.DAT
0 STEP
1 86 1650.0 -1056 30.0 0 0 1 0 1 0 -1 0 0 3005.DAT
0 STEP
1 86 1720.0 -1176 40.0 -1 0 0 0 1 0 0 0 -1 3007.DAT
0 STEP
1 86 1680.0 -1272 40.0 -1 0 0 0 1 0 0 0 -1 3001.DAT
0 STEP
1 86 1700.0 -1416 30.0 -1 0 0 0 1 0 0 0 -1 3009.DAT
0 STEP
1 86 1700.0 -144 50.0 -1 0 0 0 1 0 0 0 -1 3009.DAT
0 STEP
1 86 1680.0 -192 50.0 -1 0 0 0 1 0 0 0 -1 3010.DAT
0 STEP
1 86 1650.0 -216 50.0 0 0 1 0 1 0 -1 0 0 3005.DAT
0 STEP
1 86 1650.0 -504 50.0 0 0 1 0 1 0 -1 0 0 3005.DAT
0 STEP
1 86 1660.0 -1248 50.0 -1 0 0 0 1 0 0 0 -1 3004.DAT
0 STEP
1 86 1720.0 -1416 50.0 -1 0 0 0 1 0 0 0 -1 3008.DAT
0 STEP
1 86 1700.0 -1632 50.0 -1 0 0 0 1 0 0 0 -1 3009.DAT
0 STEP
1 86 1660.0 -1704 80.0 0 0 1 0 1 0 -1 0 0 3001.DAT
0 STEP
1 86 1650.0 -24 140.0 0 0 1 0 1 0 -1 0 0 3008.DAT
0 STEP
1 86 1660.0 -1752 90.0 0 0 1 0 1 0 -1 0 0 3002.DAT
0 STEP
1 86 1660.0 -1728 120.0 0 0 1 0 1 0 -1 0 0 3001.DAT
0 STEP
1 86 1650.0 -1752 130.0 0 0 1 0 1 0 -1 0 0 3005.DAT
0 STEP
1 86 1660.0 0 150.0 -1 0 0 0 1 0 0 0 -1 3004.DAT
0 STEP
1 86 1650.0 -1704 160.0 0 0 1 0 1 0 -1 0 0 3004.DAT
0 STEP
1 86 1650.0 -1752 220.0 0 0 1 0 1 0 -1 0 0 3008.DAT
0 STEP
1 86 1680.0 0 170.0 -1 0 0 0 1 0 0 0 -1 3010.DAT
0 STEP
1 86 1660.0 -1728 210.0 0 0 1 0 1 0 -1 0 0 3002.DAT
0 STEP
1 86 1680.0 -24 230.0 -1 0 0 0 1 0 0 0 -1 3010.DAT
0 STEP
1 86 1650.0 -1704 280.0 0 0 1 0 1 0 -1 0 0 3010.DAT
0 STEP
1 86 1680.0 -1728 260.0 -1 0 0 0 1 0 0 0 -1 3001.DAT
0 STEP
1 86 1650.0 0 290.0 0 0 1 0 1 0 -1 0 0 3622.DAT
0 STEP
1 86 1650.0 -24 300.0 0 0 1 0 1 0 -1 0 0 3010.DAT
0 STEP
1 86 1650.0 -1728 340.0 0 0 1 0 1 0 -1 0 0 3009.DAT
0 STEP
1 86 1650.0 -1704 330.0 0 0 1 0 1 0 -1 0 0 3005.DAT
0 STEP
1 86 1660.0 -1704 380.0 0 0 1 0 1 0 -1 0 0 3001.DAT
0 STEP
1 86 1680.0 -1752 360.0 -1 0 0 0 1 0 0 0 -1 3001.DAT
0 STEP
1 86 1660.0 0 420.0 0 0 1 0 1 0 -1 0 0 3001.DAT
0 STEP
1 86 1660.0 -48 420.0 0 0 1 0 1 0 -1 0 0 3001.DAT
0 STEP
1 86 1660.0 -1752 400.0 0 0 1 0 1 0 -1 0 0 3003.DAT
0 STEP
1 86 1670.0 -984 420.0 -1 0 0 0 1 0 0 0 -1 3002.DAT
0 STEP
1 86 1660.0 -1128 430.0 0 0 1 0 1 0 -1 0 0 3002.DAT
0 STEP
1 86 1650.0 -1200 410.0 0 0 1 0 1 0 -1 0 0 3005.DAT
0 STEP
1 86 1660.0 -1224 430.0 0 0 1 0 1 0 -1 0 0 3002.DAT
0 STEP
1 86 1650.0 -1272 430.0 0 0 1 0 1 0 -1 0 0 3622.DAT
0 STEP
1 86 1650.0 -1416 430.0 0 0 1 0 1 0 -1 0 0 3622.DAT
0 STEP
1 86 1660.0 -1464 430.0 0 0 1 0 1 0 -1 0 0 3002.DAT
0 STEP
1 86 1660.0 -1536 430.0 0 0 1 0 1 0 -1 0 0 3002.DAT
0 STEP
1 86 1720.0 -1608 410.0 -1 0 0 0 1 0 0 0 -1 3008.DAT
0 STEP
1 86 1660.0 -1632 430.0 0 0 1 0 1 0 -1 0 0 3002.DAT
0 STEP
1 86 1650.0 -1368 440.0 0 0 1 0 1 0 -1 0 0 3004.DAT
0 STEP
1 86 1720.0 -1488 430.0 -1 0 0 0 1 0 0 0 -1 3008.DAT
0 STEP
1 86 1650.0 -1584 440.0 0 0 1 0 1 0 -1 0 0 3004.DAT
0 STEP
1 86 1700.0 -1728 440.0 -1 0 0 0 1 0 0 0 -1 2456.DAT
0 STEP
1 86 1680.0 -888 460.0 -1 0 0 0 1 0 0 0 -1 3001.DAT
0 STEP
1 86 1650.0 -936 450.0 0 0 1 0 1 0 -1 0 0 3005.DAT
0 STEP
1 86 1650.0 -1320 450.0 0 0 1 0 1 0 -1 0 0 3005.DAT
0 STEP
1 86 1650.0 -24 490.0 0 0 1 0 1 0 -1 0 0 3622.DAT
0 STEP
1 86 1680.0 0 490.0 -1 0 0 0 1 0 0 0 -1 3010.DAT
0 STEP
1 86 1680.0 -888 500.0 -1 0 0 0 1 0 0 0 -1 3001.DAT
0 STEP
1 86 1660.0 -912 560.0 0 0 1 0 1 0 -1 0 0 3007.DAT
0 STEP
1 86 1660.0 -864 540.0 0 0 1 0 1 0 -1 0 0 3001.DAT
0 STEP
1 86 1670.0 -24 550.0 -1 0 0 0 1 0 0 0 -1 3622.DAT
0 STEP
1 86 1660.0 0 610.0 0 0 1 0 1 0 -1 0 0 3002.DAT
0 STEP
1 86 1650.0 -864 640.0 0 0 1 0 1 0 -1 0 0 3009.DAT
0 STEP
1 86 1650.0 -48 610.0 0 0 1 0 1 0 -1 0 0 3005.DAT
0 STEP
1 86 1660.0 -888 660.0 0 0 1 0 1 0 -1 0 0 3001.DAT
0 STEP
1 86 1650.0 -96 670.0 0 0 1 0 1 0 -1 0 0 3622.DAT
0 STEP
1 86 1650.0 -384 670.0 0 0 1 0 1 0 -1 0 0 3622.DAT
0 STEP
1 86 1660.0 -432 670.0 0 0 1 0 1 0 -1 0 0 3002.DAT
0 STEP
1 86 1660.0 -480 670.0 0 0 1 0 1 0 -1 0 0 3002.DAT
0 STEP
1 86 1650.0 -504 650.0 0 0 1 0 1 0 -1 0 0 3005.DAT
0 STEP
1 86 1660.0 -528 670.0 0 0 1 0 1 0 -1 0 0 3002.DAT
0 STEP
1 86 1650.0 -600 670.0 0 0 1 0 1 0 -1 0 0 3622.DAT
0 STEP
1 86 1680.0 -840 660.0 -1 0 0 0 1 0 0 0 -1 3001.DAT
0 STEP
1 86 1680.0 -912 650.0 -1 0 0 0 1 0 0 0 -1 3010.DAT
0 STEP
1 86 1670.0 0 670.0 -1 0 0 0 1 0 0 0 -1 3622.DAT
0 STEP
1 86 1720.0 -72 670.0 -1 0 0 0 1 0 0 0 -1 3008.DAT
0 STEP
1 86 1680.0 -504 670.0 -1 0 0 0 1 0 0 0 -1 3010.DAT
0 STEP
1 86 1660.0 -576 680.0 0 0 1 0 1 0 -1 0 0 3003.DAT
0 STEP
1 86 1670.0 -912 670.0 -1 0 0 0 1 0 0 0 -1 3622.DAT
0 STEP
1 86 1700.0 0 690.0 -1 0 0 0 1 0 0 0 -1 3009.DAT
0 STEP
1 86 1720.0 -192 690.0 -1 0 0 0 1 0 0 0 -1 3008.DAT
0 STEP
1 86 1650.0 -216 720.0 0 0 1 0 1 0 -1 0 0 3010.DAT
0 STEP
1 86 1650.0 -240 690.0 0 0 1 0 1 0 -1 0 0 3005.DAT
0 STEP
1 86 1650.0 -288 690.0 0 0 1 0 1 0 -1 0 0 3005.DAT
0 STEP
1 86 1680.0 -312 690.0 -1 0 0 0 1 0 0 0 -1 3010.DAT
0 STEP
1 86 1670.0 -504 690.0 -1 0 0 0 1 0 0 0 -1 3622.DAT
0 STEP
1 86 1660.0 -624 720.0 0 0 1 0 1 0 -1 0 0 3001.DAT
0 STEP
1 86 1650.0 -672 720.0 0 0 1 0 1 0 -1 0 0 3010.DAT
0 STEP
1 86 1650.0 -720 720.0 0 0 1 0 1 0 -1 0 0 3010.DAT
0 STEP
1 86 1650.0 -744 690.0 0 0 1 0 1 0 -1 0 0 3005.DAT
0 STEP
1 86 1680.0 -840 690.0 -1 0 0 0 1 0 0 0 -1 3010.DAT
0 STEP
1 86 1700.0 -192 710.0 -1 0 0 0 1 0 0 0 -1 3009.DAT
0 STEP
1 86 1670.0 -240 710.0 -1 0 0 0 1 0 0 0 -1 3622.DAT
0 STEP
1 86 1660.0 -312 730.0 0 0 1 0 1 0 -1 0 0 3002.DAT
0 STEP
1 86 1720.0 -288 730.0 -1 0 0 0 1 0 0 0 -1 3008.DAT
0 STEP
1 86 1680.0 -288 750.0 -1 0 0 0 1 0 0 0 -1 3010.DAT
0 STEP
1 86 1670.0 -24 40.0 0 0 1 0 1 0 -1 0 0 3010.DAT
0 STEP
1 86 1670.0 -72 30.0 0 0 1 0 1 0 -1 0 0 3622.DAT
0 STEP
1 86 1670.0 -120 30.0 0 0 1 0 1 0 -1 0 0 3622.DAT
0 STEP
1 86 1680.0 -168 30.0 0 0 1 0 1 0 -1 0 0 3002.DAT
0 STEP
1 86 1670.0 -216 30.0 0 0 1 0 1 0 -1 0 0 3622.DAT
0 STEP
1 86 1740.0 -312 20.0 -1 0 0 0 1 0 0 0 -1 3007.DAT
0 STEP
1 86 1680.0 -360 30.0 0 0 1 0 1 0 -1 0 0 3002.DAT
0 STEP
1 86 1680.0 -408 30.0 0 0 1 0 1 0 -1 0 0 3002.DAT
0 STEP
1 86 1680.0 -456 30.0 0 0 1 0 1 0 -1 0 0 3002.DAT
0 STEP
1 86 1670.0 -504 10.0 0 0 1 0 1 0 -1 0 0 3005.DAT
0 STEP
1 86 1700.0 -576 10.0 -1 0 0 0 1 0 0 0 -1 3010.DAT
0 STEP
1 86 1700.0 -648 10.0 -1 0 0 0 1 0 0 0 -1 3010.DAT
0 STEP
1 86 1680.0 -720 20.0 0 0 1 0 1 0 -1 0 0 3003.DAT
0 STEP
1 86 1700.0 -744 20.0 -1 0 0 0 1 0 0 0 -1 3001.DAT
0 STEP
1 86 1670.0 -768 30.0 0 0 1 0 1 0 -1 0 0 3622.DAT
0 STEP
1 86 1700.0 -912 10.0 -1 0 0 0 1 0 0 0 -1 3010.DAT
0 STEP
1 86 1670.0 -960 30.0 0 0 1 0 1 0 -1 0 0 3622.DAT
0 STEP
1 86 1700.0 -1032 10.0 -1 0 0 0 1 0 0 0 -1 3010.DAT
0 STEP
1 86 1680.0 -1056 30.0 0 0 1 0 1 0 -1 0 0 3002.DAT
0 STEP
1 86 1700.0 -1080 10.0 -1 0 0 0 1 0 0 0 -1 3010.DAT
0 STEP
1 86 1720.0 -1176 10.0 -1 0 0 0 1 0 0 0 -1 3009.DAT
0 STEP
1 86 1740.0 -1224 10.0 -1 0 0 0 1 0 0 0 -1 3008.DAT
0 STEP
1 86 1670.0 -1248 20.0 0 0 1 0 1 0 -1 0 0 3004.DAT
0 STEP
1 86 1680.0 -1392 30.0 0 0 1 0 1 0 -1 0 0 3002.DAT
0 STEP
1 86 1680.0 -1440 30.0 0 0 1 0 1 0 -1 0 0 3002.DAT
0 STEP
1 86 1680.0 -1488 30.0 0 0 1 0 1 0 -1 0 0 3002.DAT
0 STEP
1 86 1680.0 -1536 30.0 0 0 1 0 1 0 -1 0 0 3002.DAT
0 STEP
1 86 1680.0 -1584 30.0 0 0 1 0 1 0 -1 0 0 3002.DAT
0 STEP
1 86 1670.0 -1680 30.0 0 0 1 0 1 0 -1 0 0 3622.DAT
0 STEP
1 86 1670.0 -1728 40.0 0 0 1 0 1 0 -1 0 0 3010.DAT
0 STEP
1 86 1670.0 -648 30.0 0 0 1 0 1 0 -1 0 0 3005.DAT
0 STEP
1 86 1700.0 -912 40.0 -1 0 0 0 1 0 0 0 -1 3001.DAT
0 STEP
1 86 1700.0 -1032 40.0 -1 0 0 0 1 0 0 0 -1 3001.DAT
0 STEP
1 86 1700.0 -1080 40.0 -1 0 0 0 1 0 0 0 -1 3001.DAT
0 STEP
1 86 1690.0 -1128 30.0 -1 0 0 0 1 0 0 0 -1 3622.DAT
0 STEP
1 86 1670.0 -1152 40.0 0 0 1 0 1 0 -1 0 0 3004.DAT
0 STEP
1 86 1740.0 -1224 40.0 -1 0 0 0 1 0 0 0 -1 3007.DAT
0 STEP
1 86 1700.0 -1656 40.0 -1 0 0 0 1 0 0 0 -1 3001.DAT
0 STEP
1 86 1700.0 -312 50.0 -1 0 0 0 1 0 0 0 -1 3010.DAT
0 STEP
1 86 1700.0 -504 50.0 -1 0 0 0 1 0 0 0 -1 3010.DAT
0 STEP
1 86 1700.0 -648 50.0 -1 0 0 0 1 0 0 0 -1 3010.DAT
0 STEP
1 86 1700.0 -744 50.0 -1 0 0 0 1 0 0 0 -1 3010.DAT
0 STEP
1 86 1670.0 -816 50.0 0 0 1 0 1 0 -1 0 0 3005.DAT
0 STEP
1 86 1720.0 -1128 50.0 -1 0 0 0 1 0 0 0 -1 3009.DAT
0 STEP
1 86 1670.0 -1200 50.0 0 0 1 0 1 0 -1 0 0 3005.DAT
0 STEP
1 86 1670.0 -1464 50.0 0 0 1 0 1 0 -1 0 0 3005.DAT
0 STEP
1 86 1740.0 -1608 50.0 -1 0 0 0 1 0 0 0 -1 3008.DAT
0 STEP
1 86 1700.0 -24 100.0 -1 0 0 0 1 0 0 0 -1 3001.DAT
0 STEP
1 86 1700.0 -24 130.0 -1 0 0 0 1 0 0 0 -1 3010.DAT
0 STEP
1 86 1670.0 -1704 140.0 0 0 1 0 1 0 -1 0 0 3004.DAT
0 STEP
1 86 1700.0 -1752 140.0 -1 0 0 0 1 0 0 0 -1 3001.DAT
0 STEP
1 86 1680.0 -24 180.0 0 0 1 0 1 0 -1 0 0 3001.DAT
0 STEP
1 86 1670.0 -48 180.0 0 0 1 0 1 0 -1 0 0 3004.DAT
0 STEP
1 86 1720.0 -1704 170.0 -1 0 0 0 1 0 0 0 -1 3009.DAT
0 STEP
1 86 1700.0 -1752 180.0 -1 0 0 0 1 0 0 0 -1 3001.DAT
0 STEP
1 86 1670.0 0 210.0 0 0 1 0 1 0 -1 0 0 3005.DAT
0 STEP
1 86 1720.0 -1752 210.0 -1 0 0 0 1 0 0 0 -1 3009.DAT
0 STEP
1 86 1670.0 -48 240.0 0 0 1 0 1 0 -1 0 0 3004.DAT
0 STEP
1 86 1670.0 -1752 260.0 0 0 1 0 1 0 -1 0 0 3010.DAT
0 STEP
1 86 1670.0 -1704 250.0 0 0 1 0 1 0 -1 0 0 3005.DAT
0 STEP
1 86 1680.0 0 270.0 -1 0 0 0 1 0 0 0 -1 3004.DAT
0 STEP
1 86 1680.0 -24 300.0 0 0 1 0 1 0 -1 0 0 3001.DAT
0 STEP
1 86 1670.0 -1704 300.0 0 0 1 0 1 0 -1 0 0 3010.DAT
0 STEP
1 86 1720.0 0 290.0 -1 0 0 0 1 0 0 0 -1 3009.DAT
0 STEP
1 86 1670.0 -48 290.0 0 0 1 0 1 0 -1 0 0 3005.DAT
0 STEP
1 86 1670.0 -1728 290.0 0 0 1 0 1 0 -1 0 0 3005.DAT
0 STEP
1 86 1670.0 0 310.0 0 0 1 0 1 0 -1 0 0 3005.DAT
0 STEP
1 86 1670.0 -1728 340.0 0 0 1 0 1 0 -1 0 0 3010.DAT
0 STEP
1 86 1670.0 -24 380.0 0 0 1 0 1 0 -1 0 0 3010.DAT
0 STEP
1 86 1720.0 -1728 390.0 -1 0 0 0 1 0 0 0 -1 3009.DAT
0 STEP
1 86 1670.0 -960 430.0 0 0 1 0 1 0 -1 0 0 3622.DAT
0 STEP
1 86 1680.0 -1032 430.0 0 0 1 0 1 0 -1 0 0 3002.DAT
0 STEP
1 86 1700.0 -1080 410.0 -1 0 0 0 1 0 0 0 -1 3010.DAT
0 STEP
1 86 1680.0 -1176 430.0 0 0 1 0 1 0 -1 0 0 3002.DAT
0 STEP
1 86 1700.0 -1200 420.0 -1 0 0 0 1 0 0 0 -1 3001.DAT
0 STEP
1 86 1680.0 -1272 430.0 0 0 1 0 1 0 -1 0 0 3002.DAT
0 STEP
1 86 1670.0 -1320 430.0 0 0 1 0 1 0 -1 0 0 3622.DAT
0 STEP
1 86 1680.0 -1368 430.0 0 0 1 0 1 0 -1 0 0 3002.DAT
0 STEP
1 86 1670.0 -1416 410.0 0 0 1 0 1 0 -1 0 0 3005.DAT
0 STEP
1 86 1670.0 -1584 430.0 0 0 1 0 1 0 -1 0 0 3622.DAT
0 STEP
1 86 1700.0 -1680 410.0 -1 0 0 0 1 0 0 0 -1 3010.DAT
0 STEP
1 86 1670.0 -24 430.0 0 0 1 0 1 0 -1 0 0 3005.DAT
0 STEP
1 86 1700.0 -1080 440.0 -1 0 0 0 1 0 0 0 -1 3001.DAT
0 STEP
1 86 1700.0 -1416 430.0 -1 0 0 0 1 0 0 0 -1 3010.DAT
0 STEP
1 86 1670.0 -1680 440.0 0 0 1 0 1 0 -1 0 0 3004.DAT
0 STEP
1 86 1670.0 -24 480.0 0 0 1 0 1 0 -1 0 0 3010.DAT
0 STEP
1 86 1720.0 -936 450.0 -1 0 0 0 1 0 0 0 -1 3009.DAT
0 STEP
1 86 1670.0 -1056 450.0 0 0 1 0 1 0 -1 0 0 3005.DAT
0 STEP
1 86 1670.0 -1416 450.0 0 0 1 0 1 0 -1 0 0 3005.DAT
0 STEP
1 86 1670.0 0 540.0 0 0 1 0 1 0 -1 0 0 3010.DAT
0 STEP
1 86 1670.0 -48 510.0 0 0 1 0 1 0 -1 0 0 3005.DAT
0 STEP
1 86 1670.0 -48 580.0 0 0 1 0 1 0 -1 0 0 3009.DAT
0 STEP
1 86 1680.0 -864 620.0 0 0 1 0 1 0 -1 0 0 3001.DAT
0 STEP
1 86 1680.0 -24 670.0 0 0 1 0 1 0 -1 0 0 3002.DAT
0 STEP
1 86 1680.0 -48 660.0 0 0 1 0 1 0 -1 0 0 3003.DAT
0 STEP
1 86 1700.0 -96 660.0 -1 0 0 0 1 0 0 0 -1 3001.DAT
0 STEP
1 86 1700.0 -144 650.0 -1 0 0 0 1 0 0 0 -1 3010.DAT
0 STEP
1 86 1700.0 -384 660.0 -1 0 0 0 1 0 0 0 -1 3001.DAT
0 STEP
1 86 1720.0 -504 650.0 -1 0 0 0 1 0 0 0 -1 3009.DAT
0 STEP
1 86 1720.0 -600 660.0 -1 0 0 0 1 0 0 0 -1 2456.DAT
0 STEP
1 86 1670.0 -144 670.0 0 0 1 0 1 0 -1 0 0 3005.DAT
0 STEP
1 86 1670.0 -360 670.0 0 0 1 0 1 0 -1 0 0 3005.DAT
0 STEP
1 86 1700.0 -864 670.0 -1 0 0 0 1 0 0 0 -1 3010.DAT
0 STEP
1 86 1700.0 -48 690.0 -1 0 0 0 1 0 0 0 -1 3010.DAT
0 STEP
1 86 1700.0 -96 690.0 -1 0 0 0 1 0 0 0 -1 3010.DAT
0 STEP
1 86 1670.0 -120 690.0 0 0 1 0 1 0 -1 0 0 3005.DAT
0 STEP
1 86 1680.0 -168 720.0 0 0 1 0 1 0 -1 0 0 3001.DAT
0 STEP
1 86 1720.0 -360 690.0 -1 0 0 0 1 0 0 0 -1 3009.DAT
0 STEP
1 86 1700.0 -384 690.0 -1 0 0 0 1 0 0 0 -1 3010.DAT
0 STEP
1 86 1670.0 -408 690.0 0 0 1 0 1 0 -1 0 0 3005.DAT
0 STEP
1 86 1690.0 -600 690.0 -1 0 0 0 1 0 0 0 -1 3622.DAT
0 STEP
1 86 1670.0 -648 690.0 0 0 1 0 1 0 -1 0 0 3005.DAT
0 STEP
1 86 1670.0 -816 720.0 0 0 1 0 1 0 -1 0 0 3010.DAT
0 STEP
1 86 1670.0 -864 690.0 0 0 1 0 1 0 -1 0 0 3005.DAT
0 STEP
1 86 1680.0 -216 730.0 0 0 1 0 1 0 -1 0 0 3002.DAT
0 STEP
1 86 1680.0 -264 730.0 0 0 1 0 1 0 -1 0 0 3002.DAT
0 STEP
1 86 1680.0 -672 730.0 0 0 1 0 1 0 -1 0 0 3002.DAT
0 STEP
1 86 1680.0 -720 730.0 0 0 1 0 1 0 -1 0 0 3002.DAT
0 STEP
1 86 1670.0 -768 730.0 0 0 1 0 1 0 -1 0 0 3622.DAT
0 STEP
1 86 1740.0 -336 740.0 -1 0 0 0 1 0 0 0 -1 3007.DAT
0 STEP
1 86 1690.0 0 10.0 0 0 1 0 1 0 -1 0 0 3005.DAT
0 STEP
1 86 1720.0 -24 20.0 -1 0 0 0 1 0 0 0 -1 3001.DAT
0 STEP
1 86 1700.0 -72 30.0 0 0 1 0 1 0 -1 0 0 3002.DAT
0 STEP
1 86 1700.0 -120 30.0 0 0 1 0 1 0 -1 0 0 3002.DAT
0 STEP
1 86 1700.0 -216 30.0 0 0 1 0 1 0 -1 0 0 3002.DAT
0 STEP
1 86 1760.0 -264 10.0 -1 0 0 0 1 0 0 0 -1 3008.DAT
0 STEP
1 86 1690.0 -336 20.0 0 0 1 0 1 0 -1 0 0 3004.DAT
0 STEP
1 86 1760.0 -504 10.0 -1 0 0 0 1 0 0 0 -1 3008.DAT
0 STEP
1 86 1700.0 -528 30.0 0 0 1 0 1 0 -1 0 0 3002.DAT
0 STEP
1 86 1690.0 -552 30.0 0 0 1 0 1 0 -1 0 0 3622.DAT
0 STEP
1 86 1700.0 -672 30.0 0 0 1 0 1 0 -1 0 0 3002.DAT
0 STEP
1 86 1720.0 -696 10.0 -1 0 0 0 1 0 0 0 -1 3010.DAT
0 STEP
1 86 1720.0 -768 10.0 -1 0 0 0 1 0 0 0 -1 3010.DAT
0 STEP
1 86 1690.0 -816 30.0 0 0 1 0 1 0 -1 0 0 3622.DAT
0 STEP
1 86 1720.0 -864 20.0 -1 0 0 0 1 0 0 0 -1 3001.DAT
0 STEP
1 86 1690.0 -888 30.0 0 0 1 0 1 0 -1 0 0 3622.DAT
0 STEP
1 86 1690.0 -936 30.0 0 0 1 0 1 0 -1 0 0 3622.DAT
0 STEP
1 86 1720.0 -960 10.0 -1 0 0 0 1 0 0 0 -1 3010.DAT
0 STEP
1 86 1690.0 -1104 30.0 0 0 1 0 1 0 -1 0 0 3622.DAT
0 STEP
1 86 1690.0 -1152 30.0 0 0 1 0 1 0 -1 0 0 3622.DAT
0 STEP
1 86 1700.0 -1200 30.0 0 0 1 0 1 0 -1 0 0 3002.DAT
0 STEP
1 86 1690.0 -1248 30.0 0 0 1 0 1 0 -1 0 0 3622.DAT
0 STEP
1 86 1690.0 -1296 10.0 0 0 1 0 1 0 -1 0 0 3005.DAT
0 STEP
1 86 1720.0 -1320 10.0 -1 0 0 0 1 0 0 0 -1 3010.DAT
0 STEP
1 86 1700.0 -1344 30.0 0 0 1 0 1 0 -1 0 0 3002.DAT
0 STEP
1 86 1760.0 -1416 10.0 -1 0 0 0 1 0 0 0 -1 3008.DAT
0 STEP
1 86 1760.0 -1464 10.0 -1 0 0 0 1 0 0 0 -1 3008.DAT
0 STEP
1 86 1740.0 -1680 10.0 -1 0 0 0 1 0 0 0 -1 3009.DAT
0 STEP
1 86 1700.0 -1704 80.0 0 0 1 0 1 0 -1 0 0 3007.DAT
0 STEP
1 86 1710.0 -1728 10.0 -1 0 0 0 1 0 0 0 -1 3622.DAT
0 STEP
1 86 1760.0 -264 40.0 -1 0 0 0 1 0 0 0 -1 3007.DAT
0 STEP
1 86 1710.0 -504 30.0 -1 0 0 0 1 0 0 0 -1 3622.DAT
0 STEP
1 86 1760.0 -648 30.0 -1 0 0 0 1 0 0 0 -1 3008.DAT
0 STEP
1 86 1720.0 -696 40.0 -1 0 0 0 1 0 0 0 -1 3001.DAT
0 STEP
1 86 1720.0 -768 40.0 -1 0 0 0 1 0 0 0 -1 3001.DAT
0 STEP
1 86 1720.0 -960 40.0 -1 0 0 0 1 0 0 0 -1 3001.DAT
0 STEP
1 86 1690.0 -1320 30.0 0 0 1 0 1 0 -1 0 0 3005.DAT
0 STEP
1 86 1720.0 -1680 30.0 -1 0 0 0 1 0 0 0 -1 3010.DAT
0 STEP
1 86 1710.0 -1728 40.0 -1 0 0 0 1 0 0 0 -1 3002.DAT
0 STEP
1 86 1690.0 0 100.0 0 0 1 0 1 0 -1 0 0 3009.DAT
0 STEP
1 86 1720.0 -24 60.0 -1 0 0 0 1 0 0 0 -1 3001.DAT
0 STEP
1 86 1720.0 -864 50.0 -1 0 0 0 1 0 0 0 -1 3010.DAT
0 STEP
1 86 1690.0 -1008 50.0 0 0 1 0 1 0 -1 0 0 3005.DAT
0 STEP
1 86 1760.0 -1320 50.0 -1 0 0 0 1 0 0 0 -1 3008.DAT
0 STEP
1 86 1760.0 -1464 50.0 -1 0 0 0 1 0 0 0 -1 3008.DAT
0 STEP
1 86 1690.0 -1680 50.0 0 0 1 0 1 0 -1 0 0 3005.DAT
0 STEP
1 86 1700.0 -1752 80.0 0 0 1 0 1 0 -1 0 0 3001.DAT
0 STEP
1 86 1690.0 -1728 70.0 0 0 1 0 1 0 -1 0 0 3005.DAT
0 STEP
1 86 1710.0 -1728 90.0 -1 0 0 0 1 0 0 0 -1 3622.DAT
0 STEP
1 86 1690.0 -1728 110.0 0 0 1 0 1 0 -1 0 0 3005.DAT
0 STEP
1 86 1700.0 -48 160.0 0 0 1 0 1 0 -1 0 0 3001.DAT
0 STEP
1 86 1690.0 -1728 180.0 0 0 1 0 1 0 -1 0 0 3009.DAT
0 STEP
1 86 1690.0 0 220.0 0 0 1 0 1 0 -1 0 0 3004.DAT
0 STEP
1 86 1690.0 -48 260.0 0 0 1 0 1 0 -1 0 0 3009.DAT
0 STEP
1 86 1690.0 -1704 260.0 0 0 1 0 1 0 -1 0 0 3010.DAT
0 STEP
1 86 1720.0 -1752 230.0 -1 0 0 0 1 0 0 0 -1 3010.DAT
0 STEP
1 86 1690.0 -1752 250.0 0 0 1 0 1 0 -1 0 0 3005.DAT
0 STEP
1 86 1740.0 -1752 270.0 -1 0 0 0 1 0 0 0 -1 3009.DAT
0 STEP
1 86 1700.0 -1728 320.0 0 0 1 0 1 0 -1 0 0 3001.DAT
0 STEP
1 86 1700.0 -1752 290.0 -1 0 0 0 1 0 0 0 -1 3004.DAT
0 STEP
1 86 1720.0 0 310.0 -1 0 0 0 1 0 0 0 -1 3010.DAT
0 STEP
1 86 1690.0 -1704 380.0 0 0 1 0 1 0 -1 0 0 3008.DAT
0 STEP
1 86 1690.0 -48 360.0 0 0 1 0 1 0 -1 0 0 3010.DAT
0 STEP
1 86 1690.0 -24 350.0 0 0 1 0 1 0 -1 0 0 3005.DAT
0 STEP
1 86 1690.0 0 420.0 0 0 1 0 1 0 -1 0 0 3009.DAT
0 STEP
1 86 1700.0 -24 380.0 0 0 1 0 1 0 -1 0 0 3003.DAT
0 STEP
1 86 1690.0 -1728 370.0 0 0 1 0 1 0 -1 0 0 3005.DAT
0 STEP
1 86 1700.0 -1752 420.0 0 0 1 0 1 0 -1 0 0 3001.DAT
0 STEP
1 86 1720.0 -24 420.0 -1 0 0 0 1 0 0 0 -1 3001.DAT
0 STEP
1 86 1690.0 -48 430.0 0 0 1 0 1 0 -1 0 0 3622.DAT
0 STEP
1 86 1740.0 -960 420.0 -1 0 0 0 1 0 0 0 -1 2456.DAT
0 STEP
1 86 1700.0 -1104 430.0 0 0 1 0 1 0 -1 0 0 3002.DAT
0 STEP
1 86 1700.0 -1128 430.0 0 0 1 0 1 0 -1 0 0 3002.DAT
0 STEP
1 86 1690.0 -1224 430.0 0 0 1 0 1 0 -1 0 0 3622.DAT
0 STEP
1 86 1720.0 -1320 410.0 -1 0 0 0 1 0 0 0 -1 3010.DAT
0 STEP
1 86 1720.0 -1416 410.0 -1 0 0 0 1 0 0 0 -1 3010.DAT
0 STEP
1 86 1690.0 -1440 430.0 0 0 1 0 1 0 -1 0 0 3622.DAT
0 STEP
1 86 1690.0 -1464 430.0 0 0 1 0 1 0 -1 0 0 3622.DAT
0 STEP
1 86 1690.0 -1512 410.0 0 0 1 0 1 0 -1 0 0 3005.DAT
0 STEP
1 86 1760.0 -1536 410.0 -1 0 0 0 1 0 0 0 -1 3008.DAT
0 STEP
1 86 1760.0 -1584 420.0 -1 0 0 0 1 0 0 0 -1 3007.DAT
0 STEP
1 86 1720.0 -1632 410.0 -1 0 0 0 1 0 0 0 -1 3010.DAT
0 STEP
1 86 1690.0 -912 460.0 0 0 1 0 1 0 -1 0 0 3010.DAT
0 STEP
1 86 1710.0 -1152 430.0 -1 0 0 0 1 0 0 0 -1 3622.DAT
0 STEP
1 86 1720.0 -1320 440.0 -1 0 0 0 1 0 0 0 -1 3001.DAT
0 STEP
1 86 1760.0 -1536 440.0 -1 0 0 0 1 0 0 0 -1 3007.DAT
0 STEP
1 86 1720.0 -1632 440.0 -1 0 0 0 1 0 0 0 -1 3001.DAT
0 STEP
1 86 1690.0 -1680 430.0 0 0 1 0 1 0 -1 0 0 3005.DAT
0 STEP
1 86 1720.0 -24 460.0 -1 0 0 0 1 0 0 0 -1 3001.DAT
0 STEP
1 86 1740.0 -960 450.0 -1 0 0 0 1 0 0 0 -1 3009.DAT
0 STEP
1 86 1690.0 -984 450.0 0 0 1 0 1 0 -1 0 0 3005.DAT
0 STEP
1 86 1740.0 -1056 450.0 -1 0 0 0 1 0 0 0 -1 3009.DAT
0 STEP
1 86 1740.0 -1152 450.0 -1 0 0 0 1 0 0 0 -1 3009.DAT
0 STEP
1 86 1720.0 -1416 450.0 -1 0 0 0 1 0 0 0 -1 3010.DAT
0 STEP
1 86 1740.0 -1488 450.0 -1 0 0 0 1 0 0 0 -1 3009.DAT
0 STEP
1 86 1720.0 -1584 450.0 -1 0 0 0 1 0 0 0 -1 3010.DAT
0 STEP
1 86 1720.0 -1680 450.0 -1 0 0 0 1 0 0 0 -1 3010.DAT
0 STEP
1 86 1760.0 -864 470.0 -1 0 0 0 1 0 0 0 -1 3008.DAT
0 STEP
1 86 1690.0 -24 500.0 0 0 1 0 1 0 -1 0 0 3004.DAT
0 STEP
1 86 1690.0 -864 520.0 0 0 1 0 1 0 -1 0 0 3010.DAT
0 STEP
1 86 1720.0 0 510.0 -1 0 0 0 1 0 0 0 -1 3010.DAT
0 STEP
1 86 1690.0 -48 520.0 0 0 1 0 1 0 -1 0 0 3004.DAT
0 STEP
1 86 1710.0 -912 520.0 -1 0 0 0 1 0 0 0 -1 3002.DAT
0 STEP
1 86 1760.0 0 530.0 -1 0 0 0 1 0 0 0 -1 3008.DAT
0 STEP
1 86 1690.0 0 550.0 0 0 1 0 1 0 -1 0 0 3005.DAT
0 STEP
1 86 1710.0 -48 550.0 -1 0 0 0 1 0 0 0 -1 3622.DAT
0 STEP
1 86 1690.0 -912 580.0 0 0 1 0 1 0 -1 0 0 3010.DAT
0 STEP
1 86 1720.0 0 570.0 -1 0 0 0 1 0 0 0 -1 3010.DAT
0 STEP
1 86 1690.0 -48 600.0 0 0 1 0 1 0 -1 0 0 3010.DAT
0 STEP
1 86 1720.0 -864 570.0 -1 0 0 0 1 0 0 0 -1 3010.DAT
0 STEP
1 86 1690.0 0 610.0 0 0 1 0 1 0 -1 0 0 3622.DAT
0 STEP
1 86 1720.0 -24 630.0 -1 0 0 0 1 0 0 0 -1 3010.DAT
0 STEP
1 86 1700.0 -888 660.0 0 0 1 0 1 0 -1 0 0 3001.DAT
0 STEP
1 86 1690.0 -912 630.0 0 0 1 0 1 0 -1 0 0 3005.DAT
0 STEP
1 86 1710.0 -72 650.0 -1 0 0 0 1 0 0 0 -1 3622.DAT
0 STEP
1 86 1780.0 -360 660.0 -1 0 0 0 1 0 0 0 -1 3006.DAT
0 STEP
1 86 1690.0 -408 650.0 0 0 1 0 1 0 -1 0 0 3005.DAT
0 STEP
1 86 1700.0 -432 670.0 0 0 1 0 1 0 -1 0 0 3002.DAT
0 STEP
1 86 1700.0 -480 670.0 0 0 1 0 1 0 -1 0 0 3002.DAT
0 STEP
1 86 1700.0 -528 670.0 0 0 1 0 1 0 -1 0 0 3002.DAT
0 STEP
1 86 1700.0 -576 670.0 0 0 1 0 1 0 -1 0 0 3002.DAT
0 STEP
1 86 1720.0 -144 680.0 -1 0 0 0 1 0 0 0 -1 3001.DAT
0 STEP
1 86 1740.0 -816 680.0 -1 0 0 0 1 0 0 0 -1 2456.DAT
0 STEP
1 86 1690.0 -72 690.0 0 0 1 0 1 0 -1 0 0 3005.DAT
0 STEP
1 86 1760.0 -120 690.0 -1 0 0 0 1 0 0 0 -1 3008.DAT
0 STEP
1 86 1690.0 -336 690.0 0 0 1 0 1 0 -1 0 0 3005.DAT
0 STEP
1 86 1720.0 -408 690.0 -1 0 0 0 1 0 0 0 -1 3010.DAT
0 STEP
1 86 1690.0 -624 720.0 0 0 1 0 1 0 -1 0 0 3010.DAT
0 STEP
1 86 1760.0 -648 690.0 -1 0 0 0 1 0 0 0 -1 3008.DAT
0 STEP
1 86 1690.0 -792 700.0 0 0 1 0 1 0 -1 0 0 3004.DAT
0 STEP
1 86 1720.0 -864 690.0 -1 0 0 0 1 0 0 0 -1 3010.DAT
0 STEP
1 86 1690.0 -912 690.0 0 0 1 0 1 0 -1 0 0 3005.DAT
0 STEP
1 86 1700.0 -312 730.0 0 0 1 0 1 0 -1 0 0 3002.DAT
0 STEP
1 86 1700.0 -768 730.0 0 0 1 0 1 0 -1 0 0 3002.DAT
0 STEP
1 86 1700.0 -816 730.0 0 0 1 0 1 0 -1 0 0 3002.DAT
0 STEP
1 86 1700.0 -240 730.0 -1 0 0 0 1 0 0 0 -1 3004.DAT
0 STEP
1 86 1710.0 -240 750.0 -1 0 0 0 1 0 0 0 -1 3622.DAT
0 STEP
1 86 1710.0 0 80.0 0 0 1 0 1 0 -1 0 0 3008.DAT
0 STEP
1 86 1710.0 -48 10.0 0 0 1 0 1 0 -1 0 0 3005.DAT
0 STEP
1 86 1710.0 -144 10.0 0 0 1 0 1 0 -1 0 0 3005.DAT
0 STEP
1 86 1780.0 -168 10.0 -1 0 0 0 1 0 0 0 -1 3008.DAT
0 STEP
1 86 1720.0 -192 20.0 0 0 1 0 1 0 -1 0 0 3003.DAT
0 STEP
1 86 1740.0 -240 10.0 -1 0 0 0 1 0 0 0 -1 3010.DAT
0 STEP
1 86 1720.0 -288 30.0 0 0 1 0 1 0 -1 0 0 3002.DAT
0 STEP
1 86 1720.0 -336 30.0 0 0 1 0 1 0 -1 0 0 3002.DAT
0 STEP
1 86 1760.0 -360 20.0 -1 0 0 0 1 0 0 0 -1 2456.DAT
0 STEP
1 86 1740.0 -408 20.0 -1 0 0 0 1 0 0 0 -1 3001.DAT
0 STEP
1 86 1760.0 -456 10.0 -1 0 0 0 1 0 0 0 -1 3009.DAT
0 STEP
1 86 1760.0 -552 10.0 -1 0 0 0 1 0 0 0 -1 3009.DAT
0 STEP
1 86 1710.0 -624 30.0 0 0 1 0 1 0 -1 0 0 3622.DAT
0 STEP
1 86 1710.0 -720 30.0 0 0 1 0 1 0 -1 0 0 3622.DAT
0 STEP
1 86 1710.0 -792 30.0 0 0 1 0 1 0 -1 0 0 3622.DAT
0 STEP
1 86 1720.0 -816 30.0 0 0 1 0 1 0 -1 0 0 3002.DAT
0 STEP
1 86 1760.0 -888 10.0 -1 0 0 0 1 0 0 0 -1 3009.DAT
0 STEP
1 86 1740.0 -936 20.0 -1 0 0 0 1 0 0 0 -1 3001.DAT
0 STEP
1 86 1710.0 -1056 30.0 0 0 1 0 1 0 -1 0 0 3622.DAT
0 STEP
1 86 1720.0 -1104 30.0 0 0 1 0 1 0 -1 0 0 3002.DAT
0 STEP
1 86 1780.0 -1152 10.0 -1 0 0 0 1 0 0 0 -1 3008.DAT
0 STEP
1 86 1720.0 -1248 30.0 0 0 1 0 1 0 -1 0 0 3002.DAT
0 STEP
1 86 1710.0 -1296 30.0 0 0 1 0 1 0 -1 0 0 3622.DAT
0 STEP
1 86 1720.0 -1392 30.0 0 0 1 0 1 0 -1 0 0 3002.DAT
0 STEP
1 86 1710.0 -1440 30.0 0 0 1 0 1 0 -1 0 0 3622.DAT
0 STEP
1 86 1720.0 -1488 30.0 0 0 1 0 1 0 -1 0 0 3002.DAT
0 STEP
1 86 1730.0 -1536 20.0 -1 0 0 0 1 0 0 0 -1 3002.DAT
0 STEP
1 86 1720.0 -1584 30.0 0 0 1 0 1 0 -1 0 0 3002.DAT
0 STEP
1 86 1730.0 -1608 20.0 -1 0 0 0 1 0 0 0 -1 3002.DAT
0 STEP
1 86 1740.0 -1632 20.0 -1 0 0 0 1 0 0 0 -1 3001.DAT
0 STEP
1 86 1720.0 -168 40.0 0 0 1 0 1 0 -1 0 0 3003.DAT
0 STEP
1 86 1710.0 -432 40.0 0 0 1 0 1 0 -1 0 0 3004.DAT
0 STEP
1 86 1730.0 -456 30.0 -1 0 0 0 1 0 0 0 -1 3622.DAT
0 STEP
1 86 1760.0 -552 40.0 -1 0 0 0 1 0 0 0 -1 2456.DAT
0 STEP
1 86 1760.0 -888 40.0 -1 0 0 0 1 0 0 0 -1 2456.DAT
0 STEP
1 86 1710.0 -984 40.0 0 0 1 0 1 0 -1 0 0 3004.DAT
0 STEP
1 86 1730.0 -1152 40.0 -1 0 0 0 1 0 0 0 -1 3002.DAT
0 STEP
1 86 1760.0 -1320 30.0 -1 0 0 0 1 0 0 0 -1 3009.DAT
0 STEP
1 86 1730.0 -1464 30.0 -1 0 0 0 1 0 0 0 -1 3622.DAT
0 STEP
1 86 1780.0 -360 50.0 -1 0 0 0 1 0 0 0 -1 3008.DAT
0 STEP
1 86 1740.0 -408 50.0 -1 0 0 0 1 0 0 0 -1 3010.DAT
0 STEP
1 86 1760.0 -456 50.0 -1 0 0 0 1 0 0 0 -1 3009.DAT
0 STEP
1 86 1740.0 -936 50.0 -1 0 0 0 1 0 0 0 -1 3010.DAT
0 STEP
1 86 1740.0 -1008 50.0 -1 0 0 0 1 0 0 0 -1 3010.DAT
0 STEP
1 86 1710.0 -1536 50.0 0 0 1 0 1 0 -1 0 0 3005.DAT
0 STEP
1 86 1740.0 -1680 50.0 -1 0 0 0 1 0 0 0 -1 3010.DAT
0 STEP
1 86 1800.0 -48 80.0 -1 0 0 0 1 0 0 0 -1 3006.DAT
0 STEP
1 86 1740.0 -1728 70.0 -1 0 0 0 1 0 0 0 -1 3010.DAT
0 STEP
1 86 1740.0 -1728 120.0 -1 0 0 0 1 0 0 0 -1 3001.DAT
0 STEP
1 86 1720.0 -24 180.0 0 0 1 0 1 0 -1 0 0 3001.DAT
0 STEP
1 86 1710.0 -1728 180.0 0 0 1 0 1 0 -1 0 0 3010.DAT
0 STEP
1 86 1720.0 0 240.0 0 0 1 0 1 0 -1 0 0 3001.DAT
0 STEP
1 86 1710.0 -48 210.0 0 0 1 0 1 0 -1 0 0 3005.DAT
0 STEP
1 86 1710.0 -1704 230.0 0 0 1 0 1 0 -1 0 0 3622.DAT
0 STEP
1 86 1710.0 -48 260.0 0 0 1 0 1 0 -1 0 0 3010.DAT
0 STEP
1 86 1710.0 -1728 230.0 0 0 1 0 1 0 -1 0 0 3005.DAT
0 STEP
1 86 1740.0 -24 260.0 -1 0 0 0 1 0 0 0 -1 3001.DAT
0 STEP
1 86 1740.0 -1752 250.0 -1 0 0 0 1 0 0 0 -1 3010.DAT
0 STEP
1 86 1710.0 -1704 340.0 0 0 1 0 1 0 -1 0 0 3008.DAT
0 STEP
1 86 1710.0 -24 320.0 0 0 1 0 1 0 -1 0 0 3010.DAT
0 STEP
1 86 1740.0 -48 320.0 -1 0 0 0 1 0 0 0 -1 3001.DAT
0 STEP
1 86 1780.0 0 330.0 -1 0 0 0 1 0 0 0 -1 3008.DAT
0 STEP
1 86 1710.0 -1752 330.0 0 0 1 0 1 0 -1 0 0 3005.DAT
0 STEP
1 86 1710.0 0 380.0 0 0 1 0 1 0 -1 0 0 3010.DAT
0 STEP
1 86 1740.0 -48 350.0 -1 0 0 0 1 0 0 0 -1 3010.DAT
0 STEP
1 86 1720.0 -48 370.0 -1 0 0 0 1 0 0 0 -1 3004.DAT
0 STEP
1 86 1760.0 -1728 370.0 -1 0 0 0 1 0 0 0 -1 3009.DAT
0 STEP
1 86 1720.0 -48 460.0 0 0 1 0 1 0 -1 0 0 3007.DAT
0 STEP
1 86 1710.0 -984 430.0 0 0 1 0 1 0 -1 0 0 3622.DAT
0 STEP
1 86 1720.0 -1032 430.0 0 0 1 0 1 0 -1 0 0 3002.DAT
0 STEP
1 86 1780.0 -1176 410.0 -1 0 0 0 1 0 0 0 -1 3008.DAT
0 STEP
1 86 1720.0 -1224 430.0 0 0 1 0 1 0 -1 0 0 3002.DAT
0 STEP
1 86 1720.0 -1272 430.0 0 0 1 0 1 0 -1 0 0 3002.DAT
0 STEP
1 86 1710.0 -1344 430.0 0 0 1 0 1 0 -1 0 0 3622.DAT
0 STEP
1 86 1740.0 -1368 410.0 -1 0 0 0 1 0 0 0 -1 3010.DAT
0 STEP
1 86 1780.0 -1440 420.0 -1 0 0 0 1 0 0 0 -1 3007.DAT
0 STEP
1 86 1720.0 -1464 430.0 0 0 1 0 1 0 -1 0 0 3002.DAT
0 STEP
1 86 1710.0 -1512 430.0 0 0 1 0 1 0 -1 0 0 3622.DAT
0 STEP
1 86 1720.0 -1560 430.0 0 0 1 0 1 0 -1 0 0 3002.DAT
0 STEP
1 86 1740.0 -1728 410.0 -1 0 0 0 1 0 0 0 -1 3010.DAT
0 STEP
1 86 1710.0 0 450.0 0 0 1 0 1 0 -1 0 0 3622.DAT
0 STEP
1 86 1780.0 -912 440.0 -1 0 0 0 1 0 0 0 -1 3007.DAT
0 STEP
1 86 1710.0 -1176 440.0 0 0 1 0 1 0 -1 0 0 3004.DAT
0 STEP
1 86 1730.0 -1248 430.0 -1 0 0 0 1 0 0 0 -1 3622.DAT
0 STEP
1 86 1740.0 -1368 440.0 -1 0 0 0 1 0 0 0 -1 3001.DAT
0 STEP
1 86 1710.0 -1608 440.0 0 0 1 0 1 0 -1 0 0 3004.DAT
0 STEP
1 86 1760.0 -1680 430.0 -1 0 0 0 1 0 0 0 -1 3009.DAT
0 STEP
1 86 1760.0 -1704 440.0 -1 0 0 0 1 0 0 0 -1 2456.DAT
0 STEP
1 86 1710.0 -1440 450.0 0 0 1 0 1 0 -1 0 0 3005.DAT
0 STEP
1 86 1710.0 -1656 450.0 0 0 1 0 1 0 -1 0 0 3005.DAT
0 STEP
1 86 1740.0 -912 470.0 -1 0 0 0 1 0 0 0 -1 3010.DAT
0 STEP
1 86 1740.0 -24 490.0 -1 0 0 0 1 0 0 0 -1 3010.DAT
0 STEP
1 86 1740.0 -864 490.0 -1 0 0 0 1 0 0 0 -1 3010.DAT
0 STEP
1 86 1720.0 -912 490.0 -1 0 0 0 1 0 0 0 -1 3004.DAT
0 STEP
1 86 1720.0 -24 540.0 0 0 1 0 1 0 -1 0 0 3001.DAT
0 STEP
1 86 1710.0 -864 520.0 0 0 1 0 1 0 -1 0 0 3004.DAT
0 STEP
1 86 1720.0 -888 560.0 0 0 1 0 1 0 -1 0 0 3001.DAT
0 STEP
1 86 1760.0 0 550.0 -1 0 0 0 1 0 0 0 -1 3009.DAT
0 STEP
1 86 1740.0 -864 550.0 -1 0 0 0 1 0 0 0 -1 3010.DAT
0 STEP
1 86 1720.0 -912 550.0 -1 0 0 0 1 0 0 0 -1 3004.DAT
0 STEP
1 86 1710.0 -48 580.0 0 0 1 0 1 0 -1 0 0 3004.DAT
0 STEP
1 86 1710.0 -912 600.0 0 0 1 0 1 0 -1 0 0 3010.DAT
0 STEP
1 86 1710.0 0 590.0 0 0 1 0 1 0 -1 0 0 3005.DAT
0 STEP
1 86 1720.0 -864 620.0 0 0 1 0 1 0 -1 0 0 3001.DAT
0 STEP
1 86 1710.0 0 640.0 0 0 1 0 1 0 -1 0 0 3010.DAT
0 STEP
1 86 1720.0 -48 640.0 0 0 1 0 1 0 -1 0 0 3001.DAT
0 STEP
1 86 1710.0 -24 650.0 0 0 1 0 1 0 -1 0 0 3005.DAT
0 STEP
1 86 1710.0 -120 650.0 0 0 1 0 1 0 -1 0 0 3005.DAT
0 STEP
1 86 1740.0 -408 650.0 -1 0 0 0 1 0 0 0 -1 3010.DAT
0 STEP
1 86 1780.0 -24 670.0 -1 0 0 0 1 0 0 0 -1 3008.DAT
0 STEP
1 86 1760.0 -336 680.0 -1 0 0 0 1 0 0 0 -1 2456.DAT
0 STEP
1 86 1710.0 -408 670.0 0 0 1 0 1 0 -1 0 0 3005.DAT
0 STEP
1 86 1740.0 -624 670.0 -1 0 0 0 1 0 0 0 -1 3010.DAT
0 STEP
1 86 1740.0 -912 680.0 -1 0 0 0 1 0 0 0 -1 3001.DAT
0 STEP
1 86 1710.0 -24 690.0 0 0 1 0 1 0 -1 0 0 3005.DAT
0 STEP
1 86 1760.0 -72 690.0 -1 0 0 0 1 0 0 0 -1 3009.DAT
0 STEP
1 86 1720.0 -168 720.0 0 0 1 0 1 0 -1 0 0 3001.DAT
0 STEP
1 86 1780.0 -504 690.0 -1 0 0 0 1 0 0 0 -1 3008.DAT
0 STEP
1 86 1720.0 -624 720.0 0 0 1 0 1 0 -1 0 0 3001.DAT
0 STEP
1 86 1740.0 -792 700.0 -1 0 0 0 1 0 0 0 -1 3001.DAT
0 STEP
1 86 1720.0 -216 730.0 0 0 1 0 1 0 -1 0 0 3002.DAT
0 STEP
1 86 1780.0 -240 710.0 -1 0 0 0 1 0 0 0 -1 3008.DAT
0 STEP
1 86 1720.0 -264 730.0 0 0 1 0 1 0 -1 0 0 3002.DAT
0 STEP
1 86 1780.0 -288 710.0 -1 0 0 0 1 0 0 0 -1 3008.DAT
0 STEP
1 86 1780.0 -336 710.0 -1 0 0 0 1 0 0 0 -1 3008.DAT
0 STEP
1 86 1710.0 -648 710.0 0 0 1 0 1 0 -1 0 0 3005.DAT
0 STEP
1 86 1740.0 -672 710.0 -1 0 0 0 1 0 0 0 -1 3010.DAT
0 STEP
1 86 1710.0 -696 710.0 0 0 1 0 1 0 -1 0 0 3005.DAT
0 STEP
1 86 1760.0 -720 710.0 -1 0 0 0 1 0 0 0 -1 3009.DAT
0 STEP
1 86 1710.0 -744 710.0 0 0 1 0 1 0 -1 0 0 3005.DAT
0 STEP
1 86 1740.0 -672 740.0 -1 0 0 0 1 0 0 0 -1 3001.DAT
0 STEP
1 86 1760.0 -720 740.0 -1 0 0 0 1 0 0 0 -1 2456.DAT
0 STEP
1 86 1710.0 -744 750.0 0 0 1 0 1 0 -1 0 0 3005.DAT
0 STEP
1 86 1760.0 0 20.0 -1 0 0 0 1 0 0 0 -1 3001.DAT
0 STEP
1 86 1760.0 -48 10.0 -1 0 0 0 1 0 0 0 -1 3010.DAT
0 STEP
1 86 1730.0 -72 30.0 0 0 1 0 1 0 -1 0 0 3622.DAT
0 STEP
1 86 1780.0 -120 10.0 -1 0 0 0 1 0 0 0 -1 3009.DAT
0 STEP
1 86 1740.0 -144 20.0 0 0 1 0 1 0 -1 0 0 3003.DAT
0 STEP
1 86 1730.0 -216 30.0 0 0 1 0 1 0 -1 0 0 3622.DAT
0 STEP
1 86 1730.0 -384 20.0 0 0 1 0 1 0 -1 0 0 3004.DAT
0 STEP
1 86 1740.0 -432 30.0 0 0 1 0 1 0 -1 0 0 3002.DAT
0 STEP
1 86 1730.0 -480 10.0 0 0 1 0 1 0 -1 0 0 3005.DAT
0 STEP
1 86 1740.0 -528 30.0 0 0 1 0 1 0 -1 0 0 3002.DAT
0 STEP
1 86 1740.0 -624 30.0 0 0 1 0 1 0 -1 0 0 3002.DAT
0 STEP
1 86 1760.0 -672 20.0 -1 0 0 0 1 0 0 0 -1 3001.DAT
0 STEP
1 86 1760.0 -720 20.0 -1 0 0 0 1 0 0 0 -1 3001.DAT
0 STEP
1 86 1750.0 -792 20.0 -1 0 0 0 1 0 0 0 -1 3002.DAT
0 STEP
1 86 1760.0 -840 20.0 -1 0 0 0 1 0 0 0 -1 3001.DAT
0 STEP
1 86 1740.0 -984 30.0 0 0 1 0 1 0 -1 0 0 3002.DAT
0 STEP
1 86 1760.0 -1056 20.0 -1 0 0 0 1 0 0 0 -1 3001.DAT
0 STEP
1 86 1760.0 -1128 20.0 -1 0 0 0 1 0 0 0 -1 3001.DAT
0 STEP
1 86 1740.0 -1200 30.0 0 0 1 0 1 0 -1 0 0 3002.DAT
0 STEP
1 86 1730.0 -1272 10.0 0 0 1 0 1 0 -1 0 0 3005.DAT
0 STEP
1 86 1740.0 -1296 30.0 0 0 1 0 1 0 -1 0 0 3002.DAT
0 STEP
1 86 1730.0 -1344 30.0 0 0 1 0 1 0 -1 0 0 3622.DAT
0 STEP
1 86 1740.0 -1440 30.0 0 0 1 0 1 0 -1 0 0 3002.DAT
0 STEP
1 86 1730.0 -1512 30.0 0 0 1 0 1 0 -1 0 0 3622.DAT
0 STEP
1 86 1730.0 -1704 10.0 0 0 1 0 1 0 -1 0 0 3005.DAT
0 STEP
1 86 1780.0 -120 40.0 -1 0 0 0 1 0 0 0 -1 2456.DAT
0 STEP
1 86 1730.0 -576 40.0 0 0 1 0 1 0 -1 0 0 3004.DAT
0 STEP
1 86 1760.0 -1272 30.0 -1 0 0 0 1 0 0 0 -1 3010.DAT
0 STEP
1 86 1780.0 -1704 30.0 -1 0 0 0 1 0 0 0 -1 3009.DAT
0 STEP
1 86 1760.0 0 50.0 -1 0 0 0 1 0 0 0 -1 3010.DAT
0 STEP
1 86 1730.0 -192 50.0 0 0 1 0 1 0 -1 0 0 3005.DAT
0 STEP
1 86 1760.0 -672 50.0 -1 0 0 0 1 0 0 0 -1 3010.DAT
0 STEP
1 86 1760.0 -720 50.0 -1 0 0 0 1 0 0 0 -1 3010.DAT
0 STEP
1 86 1730.0 -792 50.0 0 0 1 0 1 0 -1 0 0 3005.DAT
0 STEP
1 86 1780.0 -840 50.0 -1 0 0 0 1 0 0 0 -1 3009.DAT
0 STEP
1 86 1760.0 -1056 50.0 -1 0 0 0 1 0 0 0 -1 3010.DAT
0 STEP
1 86 1780.0 -1272 50.0 -1 0 0 0 1 0 0 0 -1 3009.DAT
0 STEP
1 86 1780.0 -1536 50.0 -1 0 0 0 1 0 0 0 -1 3009.DAT
0 STEP
1 86 1740.0 -1704 80.0 0 0 1 0 1 0 -1 0 0 3001.DAT
0 STEP
1 86 1740.0 -1752 80.0 0 0 1 0 1 0 -1 0 0 3001.DAT
0 STEP
1 86 1730.0 0 120.0 0 0 1 0 1 0 -1 0 0 3009.DAT
0 STEP
1 86 1760.0 -48 140.0 -1 0 0 0 1 0 0 0 -1 3001.DAT
0 STEP
1 86 1730.0 -1704 140.0 0 0 1 0 1 0 -1 0 0 3004.DAT
0 STEP
1 86 1740.0 -1728 180.0 0 0 1 0 1 0 -1 0 0 3001.DAT
0 STEP
1 86 1760.0 -48 170.0 -1 0 0 0 1 0 0 0 -1 3010.DAT
0 STEP
1 86 1730.0 -48 220.0 0 0 1 0 1 0 -1 0 0 3010.DAT
0 STEP
1 86 1740.0 -1704 220.0 0 0 1 0 1 0 -1 0 0 3001.DAT
0 STEP
1 86 1730.0 -24 230.0 0 0 1 0 1 0 -1 0 0 3005.DAT
0 STEP
1 86 1730.0 -1728 260.0 0 0 1 0 1 0 -1 0 0 3010.DAT
0 STEP
1 86 1750.0 -48 280.0 -1 0 0 0 1 0 0 0 -1 3002.DAT
0 STEP
1 86 1740.0 -1704 340.0 0 0 1 0 1 0 -1 0 0 3007.DAT
0 STEP
1 86 1730.0 -24 340.0 0 0 1 0 1 0 -1 0 0 3009.DAT
0 STEP
1 86 1730.0 -1752 360.0 0 0 1 0 1 0 -1 0 0 3008.DAT
0 STEP
1 86 1760.0 -1728 320.0 -1 0 0 0 1 0 0 0 -1 3001.DAT
0 STEP
1 86 1750.0 0 350.0 -1 0 0 0 1 0 0 0 -1 3622.DAT
0 STEP
1 86 1760.0 -1728 350.0 -1 0 0 0 1 0 0 0 -1 3010.DAT
0 STEP
1 86 1730.0 0 370.0 0 0 1 0 1 0 -1 0 0 3005.DAT
0 STEP
1 86 1730.0 0 440.0 0 0 1 0 1 0 -1 0 0 3009.DAT
0 STEP
1 86 1730.0 -936 420.0 0 0 1 0 1 0 -1 0 0 3004.DAT
0 STEP
1 86 1740.0 -984 430.0 0 0 1 0 1 0 -1 0 0 3002.DAT
0 STEP
1 86 1760.0 -1008 410.0 -1 0 0 0 1 0 0 0 -1 3010.DAT
0 STEP
1 86 1760.0 -1104 410.0 -1 0 0 0 1 0 0 0 -1 3010.DAT
0 STEP
1 86 1740.0 -1128 430.0 0 0 1 0 1 0 -1 0 0 3002.DAT
0 STEP
1 86 1780.0 -1344 420.0 -1 0 0 0 1 0 0 0 -1 2456.DAT
0 STEP
1 86 1740.0 -1392 430.0 0 0 1 0 1 0 -1 0 0 3002.DAT
0 STEP
1 86 1740.0 -1512 430.0 0 0 1 0 1 0 -1 0 0 3002.DAT
0 STEP
1 86 1740.0 -1656 430.0 0 0 1 0 1 0 -1 0 0 3002.DAT
0 STEP
1 86 1800.0 -1056 430.0 -1 0 0 0 1 0 0 0 -1 3008.DAT
0 STEP
1 86 1760.0 -1104 440.0 -1 0 0 0 1 0 0 0 -1 3001.DAT
0 STEP
1 86 1780.0 -1176 440.0 -1 0 0 0 1 0 0 0 -1 2456.DAT
0 STEP
1 86 1760.0 -1608 440.0 -1 0 0 0 1 0 0 0 -1 3001.DAT
0 STEP
1 86 1740.0 -888 480.0 0 0 1 0 1 0 -1 0 0 3001.DAT
0 STEP
1 86 1730.0 -1296 450.0 0 0 1 0 1 0 -1 0 0 3005.DAT
0 STEP
1 86 1780.0 -1344 450.0 -1 0 0 0 1 0 0 0 -1 3009.DAT
0 STEP
1 86 1780.0 -1440 450.0 -1 0 0 0 1 0 0 0 -1 3009.DAT
0 STEP
1 86 1730.0 -1752 450.0 0 0 1 0 1 0 -1 0 0 3005.DAT
0 STEP
1 86 1760.0 -864 520.0 -1 0 0 0 1 0 0 0 -1 3001.DAT
0 STEP
1 86 1730.0 -48 570.0 0 0 1 0 1 0 -1 0 0 3005.DAT
0 STEP
1 86 1740.0 -912 570.0 -1 0 0 0 1 0 0 0 -1 3004.DAT
0 STEP
1 86 1730.0 0 620.0 0 0 1 0 1 0 -1 0 0 3010.DAT
0 STEP
1 86 1780.0 -48 590.0 -1 0 0 0 1 0 0 0 -1 3009.DAT
0 STEP
1 86 1760.0 -912 590.0 -1 0 0 0 1 0 0 0 -1 3010.DAT
0 STEP
1 86 1750.0 -888 610.0 -1 0 0 0 1 0 0 0 -1 3622.DAT
0 STEP
1 86 1730.0 -912 630.0 0 0 1 0 1 0 -1 0 0 3622.DAT
0 STEP
1 86 1730.0 -888 660.0 0 0 1 0 1 0 -1 0 0 3010.DAT
0 STEP
1 86 1760.0 -24 650.0 -1 0 0 0 1 0 0 0 -1 3010.DAT
0 STEP
1 86 1800.0 -120 650.0 -1 0 0 0 1 0 0 0 -1 3008.DAT
0 STEP
1 86 1740.0 -432 670.0 0 0 1 0 1 0 -1 0 0 3002.DAT
0 STEP
1 86 1740.0 -480 670.0 0 0 1 0 1 0 -1 0 0 3002.DAT
0 STEP
1 86 1740.0 -528 670.0 0 0 1 0 1 0 -1 0 0 3002.DAT
0 STEP
1 86 1740.0 -576 670.0 0 0 1 0 1 0 -1 0 0 3002.DAT
0 STEP
1 86 1820.0 -840 660.0 -1 0 0 0 1 0 0 0 -1 3006.DAT
0 STEP
1 86 1740.0 0 670.0 -1 0 0 0 1 0 0 0 -1 3004.DAT
0 STEP
1 86 1800.0 -408 670.0 -1 0 0 0 1 0 0 0 -1 3008.DAT
0 STEP
1 86 1750.0 -504 670.0 -1 0 0 0 1 0 0 0 -1 3622.DAT
0 STEP
1 86 1780.0 -24 690.0 -1 0 0 0 1 0 0 0 -1 3009.DAT
0 STEP
1 86 1740.0 -312 720.0 0 0 1 0 1 0 -1 0 0 3001.DAT
0 STEP
1 86 1760.0 -600 690.0 -1 0 0 0 1 0 0 0 -1 3010.DAT
0 STEP
1 86 1800.0 -840 690.0 -1 0 0 0 1 0 0 0 -1 3008.DAT
0 STEP
1 86 1780.0 -648 710.0 -1 0 0 0 1 0 0 0 -1 3009.DAT
0 STEP
1 86 1740.0 -696 730.0 0 0 1 0 1 0 -1 0 0 3002.DAT
0 STEP
1 86 1740.0 -744 730.0 0 0 1 0 1 0 -1 0 0 3002.DAT
0 STEP
1 86 1730.0 -768 710.0 0 0 1 0 1 0 -1 0 0 3005.DAT
0 STEP
1 86 1740.0 -816 730.0 0 0 1 0 1 0 -1 0 0 3002.DAT
0 STEP
1 86 1730.0 -192 730.0 0 0 1 0 1 0 -1 0 0 3005.DAT
0 STEP
1 86 1800.0 -240 730.0 -1 0 0 0 1 0 0 0 -1 3008.DAT
0 STEP
1 86 1750.0 -768 740.0 -1 0 0 0 1 0 0 0 -1 3002.DAT
0 STEP
1 86 1750.0 -792 730.0 -1 0 0 0 1 0 0 0 -1 3622.DAT
0 STEP
1 86 1800.0 -192 750.0 -1 0 0 0 1 0 0 0 -1 3008.DAT
0 STEP
1 86 1800.0 -288 750.0 -1 0 0 0 1 0 0 0 -1 3008.DAT
0 STEP
1 86 1760.0 -72 20.0 0 0 1 0 1 0 -1 0 0 3003.DAT
0 STEP
1 86 1760.0 -96 30.0 0 0 1 0 1 0 -1 0 0 3002.DAT
0 STEP
1 86 1760.0 -192 30.0 0 0 1 0 1 0 -1 0 0 3002.DAT
0 STEP
1 86 1750.0 -216 20.0 0 0 1 0 1 0 -1 0 0 3004.DAT
0 STEP
1 86 1760.0 -288 30.0 0 0 1 0 1 0 -1 0 0 3002.DAT
0 STEP
1 86 1760.0 -336 30.0 0 0 1 0 1 0 -1 0 0 3002.DAT
0 STEP
1 86 1760.0 -384 30.0 0 0 1 0 1 0 -1 0 0 3002.DAT
0 STEP
1 86 1760.0 -480 30.0 0 0 1 0 1 0 -1 0 0 3002.DAT
0 STEP
1 86 1760.0 -576 30.0 0 0 1 0 1 0 -1 0 0 3002.DAT
0 STEP
1 86 1800.0 -648 10.0 -1 0 0 0 1 0 0 0 -1 3009.DAT
0 STEP
1 86 1750.0 -744 30.0 0 0 1 0 1 0 -1 0 0 3622.DAT
0 STEP
1 86 1760.0 -816 30.0 0 0 1 0 1 0 -1 0 0 3002.DAT
0 STEP
1 86 1760.0 -912 30.0 0 0 1 0 1 0 -1 0 0 3002.DAT
0 STEP
1 86 1760.0 -1032 30.0 0 0 1 0 1 0 -1 0 0 3002.DAT
0 STEP
1 86 1750.0 -1080 30.0 0 0 1 0 1 0 -1 0 0 3622.DAT
0 STEP
1 86 1750.0 -1104 30.0 0 0 1 0 1 0 -1 0 0 3622.DAT
0 STEP
1 86 1750.0 -1248 30.0 0 0 1 0 1 0 -1 0 0 3622.DAT
0 STEP
1 86 1780.0 -1272 10.0 -1 0 0 0 1 0 0 0 -1 3010.DAT
0 STEP
1 86 1760.0 -1344 30.0 0 0 1 0 1 0 -1 0 0 3002.DAT
0 STEP
1 86 1760.0 -1392 30.0 0 0 1 0 1 0 -1 0 0 3002.DAT
0 STEP
1 86 1770.0 -1488 10.0 -1 0 0 0 1 0 0 0 -1 3622.DAT
0 STEP
1 86 1760.0 -1512 30.0 0 0 1 0 1 0 -1 0 0 3002.DAT
0 STEP
1 86 1760.0 -1560 30.0 0 0 1 0 1 0 -1 0 0 3002.DAT
0 STEP
1 86 1760.0 -1584 30.0 0 0 1 0 1 0 -1 0 0 3002.DAT
0 STEP
1 86 1760.0 -1656 30.0 0 0 1 0 1 0 -1 0 0 3002.DAT
0 STEP
1 86 1820.0 -1704 10.0 -1 0 0 0 1 0 0 0 -1 3008.DAT
0 STEP
1 86 1760.0 -1728 30.0 0 0 1 0 1 0 -1 0 0 3002.DAT
0 STEP
1 86 1840.0 -168 40.0 -1 0 0 0 1 0 0 0 -1 3006.DAT
0 STEP
1 86 1820.0 -504 30.0 -1 0 0 0 1 0 0 0 -1 3008.DAT
0 STEP
1 86 1750.0 -1368 40.0 0 0 1 0 1 0 -1 0 0 3004.DAT
0 STEP
1 86 1800.0 -1488 30.0 -1 0 0 0 1 0 0 0 -1 3009.DAT
0 STEP
1 86 1750.0 -72 50.0 0 0 1 0 1 0 -1 0 0 3005.DAT
0 STEP
1 86 1820.0 -216 50.0 -1 0 0 0 1 0 0 0 -1 3008.DAT
0 STEP
1 86 1750.0 -312 50.0 0 0 1 0 1 0 -1 0 0 3005.DAT
0 STEP
1 86 1800.0 -504 50.0 -1 0 0 0 1 0 0 0 -1 3009.DAT
0 STEP
1 86 1750.0 -648 50.0 0 0 1 0 1 0 -1 0 0 3005.DAT
0 STEP
1 86 1800.0 -792 50.0 -1 0 0 0 1 0 0 0 -1 3009.DAT
0 STEP
1 86 1780.0 -1488 50.0 -1 0 0 0 1 0 0 0 -1 3010.DAT
0 STEP
1 86 1760.0 0 100.0 0 0 1 0 1 0 -1 0 0 3001.DAT
0 STEP
1 86 1770.0 -24 100.0 -1 0 0 0 1 0 0 0 -1 3002.DAT
0 STEP
1 86 1820.0 -1728 90.0 -1 0 0 0 1 0 0 0 -1 3008.DAT
0 STEP
1 86 1760.0 -24 180.0 0 0 1 0 1 0 -1 0 0 2456.DAT
0 STEP
1 86 1750.0 -1704 130.0 0 0 1 0 1 0 -1 0 0 3005.DAT
0 STEP
1 86 1750.0 -1752 160.0 0 0 1 0 1 0 -1 0 0 3010.DAT
0 STEP
1 86 1800.0 0 160.0 -1 0 0 0 1 0 0 0 -1 2456.DAT
0 STEP
1 86 1760.0 -1704 150.0 -1 0 0 0 1 0 0 0 -1 3004.DAT
0 STEP
1 86 1780.0 0 190.0 -1 0 0 0 1 0 0 0 -1 3010.DAT
0 STEP
1 86 1770.0 -48 200.0 -1 0 0 0 1 0 0 0 -1 3002.DAT
0 STEP
1 86 1760.0 0 240.0 0 0 1 0 1 0 -1 0 0 3001.DAT
0 STEP
1 86 1770.0 -48 240.0 -1 0 0 0 1 0 0 0 -1 3002.DAT
0 STEP
1 86 1760.0 -1728 260.0 0 0 1 0 1 0 -1 0 0 3001.DAT
0 STEP
1 86 1750.0 -24 290.0 0 0 1 0 1 0 -1 0 0 3005.DAT
0 STEP
1 86 1750.0 -1752 320.0 0 0 1 0 1 0 -1 0 0 3010.DAT
0 STEP
1 86 1750.0 -24 340.0 0 0 1 0 1 0 -1 0 0 3010.DAT
0 STEP
1 86 1750.0 0 420.0 0 0 1 0 1 0 -1 0 0 3009.DAT
0 STEP
1 86 1750.0 -48 400.0 0 0 1 0 1 0 -1 0 0 3010.DAT
0 STEP
1 86 1750.0 -1752 390.0 0 0 1 0 1 0 -1 0 0 3622.DAT
0 STEP
1 86 1750.0 -24 390.0 0 0 1 0 1 0 -1 0 0 3005.DAT
0 STEP
1 86 1800.0 -936 420.0 -1 0 0 0 1 0 0 0 -1 2456.DAT
0 STEP
1 86 1750.0 -1032 430.0 0 0 1 0 1 0 -1 0 0 3622.DAT
0 STEP
1 86 1760.0 -1080 430.0 0 0 1 0 1 0 -1 0 0 3002.DAT
0 STEP
1 86 1780.0 -1152 420.0 -1 0 0 0 1 0 0 0 -1 3001.DAT
0 STEP
1 86 1760.0 -1200 430.0 0 0 1 0 1 0 -1 0 0 3002.DAT
0 STEP
1 86 1750.0 -1224 430.0 0 0 1 0 1 0 -1 0 0 3622.DAT
0 STEP
1 86 1750.0 -1248 410.0 0 0 1 0 1 0 -1 0 0 3005.DAT
0 STEP
1 86 1760.0 -1272 430.0 0 0 1 0 1 0 -1 0 0 3002.DAT
0 STEP
1 86 1750.0 -1464 430.0 0 0 1 0 1 0 -1 0 0 3622.DAT
0 STEP
1 86 1750.0 -1488 410.0 0 0 1 0 1 0 -1 0 0 3005.DAT
0 STEP
1 86 1760.0 -1560 430.0 0 0 1 0 1 0 -1 0 0 3002.DAT
0 STEP
1 86 1820.0 -1680 410.0 -1 0 0 0 1 0 0 0 -1 3008.DAT
0 STEP
1 86 1750.0 -1416 430.0 0 0 1 0 1 0 -1 0 0 3005.DAT
0 STEP
1 86 1780.0 -1752 440.0 -1 0 0 0 1 0 0 0 -1 3001.DAT
0 STEP
1 86 1750.0 -48 500.0 0 0 1 0 1 0 -1 0 0 3009.DAT
0 STEP
1 86 1770.0 -1008 450.0 -1 0 0 0 1 0 0 0 -1 3622.DAT
0 STEP
1 86 1780.0 -1296 450.0 -1 0 0 0 1 0 0 0 -1 3010.DAT
0 STEP
1 86 1750.0 0 490.0 0 0 1 0 1 0 -1 0 0 3005.DAT
0 STEP
1 86 1750.0 -912 520.0 0 0 1 0 1 0 -1 0 0 3010.DAT
0 STEP
1 86 1760.0 -24 510.0 -1 0 0 0 1 0 0 0 -1 3004.DAT
0 STEP
1 86 1750.0 -24 530.0 0 0 1 0 1 0 -1 0 0 3005.DAT
0 STEP
1 86 1760.0 -888 560.0 0 0 1 0 1 0 -1 0 0 3001.DAT
0 STEP
1 86 1750.0 -24 580.0 0 0 1 0 1 0 -1 0 0 3010.DAT
0 STEP
1 86 1800.0 -48 570.0 -1 0 0 0 1 0 0 0 -1 3009.DAT
0 STEP
1 86 1780.0 0 590.0 -1 0 0 0 1 0 0 0 -1 3010.DAT
0 STEP
1 86 1750.0 -864 620.0 0 0 1 0 1 0 -1 0 0 3010.DAT
0 STEP
1 86 1750.0 0 630.0 0 0 1 0 1 0 -1 0 0 3622.DAT
0 STEP
1 86 1750.0 -48 610.0 0 0 1 0 1 0 -1 0 0 3005.DAT
0 STEP
1 86 1780.0 -912 610.0 -1 0 0 0 1 0 0 0 -1 3010.DAT
0 STEP
1 86 1750.0 -48 660.0 0 0 1 0 1 0 -1 0 0 3010.DAT
0 STEP
1 86 1780.0 -888 640.0 -1 0 0 0 1 0 0 0 -1 3001.DAT
0 STEP
1 86 1760.0 -912 640.0 0 0 1 0 1 0 -1 0 0 3003.DAT
0 STEP
1 86 1780.0 -72 650.0 -1 0 0 0 1 0 0 0 -1 3010.DAT
0 STEP
1 86 1760.0 -96 670.0 0 0 1 0 1 0 -1 0 0 3002.DAT
0 STEP
1 86 1750.0 -144 650.0 0 0 1 0 1 0 -1 0 0 3005.DAT
0 STEP
1 86 1760.0 -384 670.0 0 0 1 0 1 0 -1 0 0 3002.DAT
0 STEP
1 86 1770.0 -456 660.0 -1 0 0 0 1 0 0 0 -1 3002.DAT
0 STEP
1 86 1750.0 -168 670.0 0 0 1 0 1 0 -1 0 0 3005.DAT
0 STEP
1 86 1750.0 -864 670.0 0 0 1 0 1 0 -1 0 0 3005.DAT
0 STEP
1 86 1750.0 -888 680.0 0 0 1 0 1 0 -1 0 0 3004.DAT
0 STEP
1 86 1760.0 -168 720.0 0 0 1 0 1 0 -1 0 0 3001.DAT
0 STEP
1 86 1750.0 -456 690.0 0 0 1 0 1 0 -1 0 0 3005.DAT
0 STEP
1 86 1760.0 -624 720.0 0 0 1 0 1 0 -1 0 0 3001.DAT
0 STEP
1 86 1750.0 -216 730.0 0 0 1 0 1 0 -1 0 0 3622.DAT
0 STEP
1 86 1760.0 -264 730.0 0 0 1 0 1 0 -1 0 0 3002.DAT
0 STEP
1 86 1780.0 -768 710.0 -1 0 0 0 1 0 0 0 -1 3010.DAT
0 STEP
1 86 1820.0 -192 730.0 -1 0 0 0 1 0 0 0 -1 3008.DAT
0 STEP
1 86 1750.0 -648 740.0 0 0 1 0 1 0 -1 0 0 3004.DAT
0 STEP
1 86 1820.0 -240 750.0 -1 0 0 0 1 0 0 0 -1 3008.DAT
0 STEP
1 86 1770.0 -24 40.0 0 0 1 0 1 0 -1 0 0 3010.DAT
0 STEP
1 86 1780.0 -144 30.0 0 0 1 0 1 0 -1 0 0 3002.DAT
0 STEP
1 86 1800.0 -216 20.0 -1 0 0 0 1 0 0 0 -1 3001.DAT
0 STEP
1 86 1780.0 -432 30.0 0 0 1 0 1 0 -1 0 0 3002.DAT
0 STEP
1 86 1780.0 -528 30.0 0 0 1 0 1 0 -1 0 0 3002.DAT
0 STEP
1 86 1770.0 -624 30.0 0 0 1 0 1 0 -1 0 0 3622.DAT
0 STEP
1 86 1770.0 -696 30.0 0 0 1 0 1 0 -1 0 0 3622.DAT
0 STEP
1 86 1800.0 -744 10.0 -1 0 0 0 1 0 0 0 -1 3010.DAT
0 STEP
1 86 1780.0 -768 30.0 0 0 1 0 1 0 -1 0 0 3002.DAT
0 STEP
1 86 1780.0 -864 30.0 0 0 1 0 1 0 -1 0 0 3002.DAT
0 STEP
1 86 1780.0 -960 30.0 0 0 1 0 1 0 -1 0 0 3002.DAT
0 STEP
1 86 1770.0 -984 20.0 0 0 1 0 1 0 -1 0 0 3004.DAT
0 STEP
1 86 1800.0 -1080 10.0 -1 0 0 0 1 0 0 0 -1 3010.DAT
0 STEP
1 86 1780.0 -1104 30.0 0 0 1 0 1 0 -1 0 0 3002.DAT
0 STEP
1 86 1770.0 -1200 30.0 0 0 1 0 1 0 -1 0 0 3622.DAT
0 STEP
1 86 1780.0 -1248 30.0 0 0 1 0 1 0 -1 0 0 3002.DAT
0 STEP
1 86 1780.0 -1296 30.0 0 0 1 0 1 0 -1 0 0 3002.DAT
0 STEP
1 86 1770.0 -1320 10.0 0 0 1 0 1 0 -1 0 0 3005.DAT
0 STEP
1 86 1800.0 -1368 20.0 -1 0 0 0 1 0 0 0 -1 3001.DAT
0 STEP
1 86 1780.0 -1440 30.0 0 0 1 0 1 0 -1 0 0 3002.DAT
0 STEP
1 86 1800.0 -1536 20.0 -1 0 0 0 1 0 0 0 -1 3001.DAT
0 STEP
1 86 1800.0 -1608 20.0 -1 0 0 0 1 0 0 0 -1 3001.DAT
0 STEP
1 86 1840.0 -456 30.0 -1 0 0 0 1 0 0 0 -1 3008.DAT
0 STEP
1 86 1770.0 -744 30.0 0 0 1 0 1 0 -1 0 0 3005.DAT
0 STEP
1 86 1800.0 -1080 40.0 -1 0 0 0 1 0 0 0 -1 3001.DAT
0 STEP
1 86 1770.0 -1152 30.0 0 0 1 0 1 0 -1 0 0 3005.DAT
0 STEP
1 86 1770.0 -1416 30.0 0 0 1 0 1 0 -1 0 0 3005.DAT
0 STEP
1 86 1800.0 -1464 30.0 -1 0 0 0 1 0 0 0 -1 3010.DAT
0 STEP
1 86 1770.0 -1680 30.0 0 0 1 0 1 0 -1 0 0 3005.DAT
0 STEP
1 86 1800.0 -72 50.0 -1 0 0 0 1 0 0 0 -1 3010.DAT
0 STEP
1 86 1800.0 -312 50.0 -1 0 0 0 1 0 0 0 -1 3010.DAT
0 STEP
1 86 1820.0 -648 50.0 -1 0 0 0 1 0 0 0 -1 3009.DAT
0 STEP
1 86 1800.0 -744 50.0 -1 0 0 0 1 0 0 0 -1 3010.DAT
0 STEP
1 86 1820.0 -984 50.0 -1 0 0 0 1 0 0 0 -1 3009.DAT
0 STEP
1 86 1820.0 -1152 50.0 -1 0 0 0 1 0 0 0 -1 3009.DAT
0 STEP
1 86 1800.0 -1368 50.0 -1 0 0 0 1 0 0 0 -1 3010.DAT
0 STEP
1 86 1770.0 -1632 50.0 0 0 1 0 1 0 -1 0 0 3005.DAT
0 STEP
1 86 1780.0 -1704 80.0 0 0 1 0 1 0 -1 0 0 3001.DAT
0 STEP
1 86 1770.0 -1752 120.0 0 0 1 0 1 0 -1 0 0 3008.DAT
0 STEP
1 86 1770.0 -48 110.0 0 0 1 0 1 0 -1 0 0 3005.DAT
0 STEP
1 86 1800.0 -1704 130.0 -1 0 0 0 1 0 0 0 -1 3010.DAT
0 STEP
1 86 1800.0 -1728 160.0 -1 0 0 0 1 0 0 0 -1 3001.DAT
0 STEP
1 86 1770.0 -1704 200.0 0 0 1 0 1 0 -1 0 0 3004.DAT
0 STEP
1 86 1780.0 -1728 190.0 -1 0 0 0 1 0 0 0 -1 3004.DAT
0 STEP
1 86 1770.0 -1728 210.0 0 0 1 0 1 0 -1 0 0 3005.DAT
0 STEP
1 86 1790.0 -1704 230.0 -1 0 0 0 1 0 0 0 -1 3622.DAT
0 STEP
1 86 1770.0 -1752 230.0 0 0 1 0 1 0 -1 0 0 3005.DAT
0 STEP
1 86 1800.0 -1704 250.0 -1 0 0 0 1 0 0 0 -1 3010.DAT
0 STEP
1 86 1790.0 -1704 270.0 -1 0 0 0 1 0 0 0 -1 3622.DAT
0 STEP
1 86 1800.0 -24 290.0 -1 0 0 0 1 0 0 0 -1 3010.DAT
0 STEP
1 86 1770.0 -1704 310.0 0 0 1 0 1 0 -1 0 0 3622.DAT
0 STEP
1 86 1780.0 -1752 290.0 -1 0 0 0 1 0 0 0 -1 3004.DAT
0 STEP
1 86 1770.0 0 310.0 0 0 1 0 1 0 -1 0 0 3005.DAT
0 STEP
1 86 1780.0 -24 380.0 0 0 1 0 1 0 -1 0 0 3007.DAT
0 STEP
1 86 1800.0 -1752 310.0 -1 0 0 0 1 0 0 0 -1 3010.DAT
0 STEP
1 86 1770.0 -1752 330.0 0 0 1 0 1 0 -1 0 0 3005.DAT
0 STEP
1 86 1770.0 -1704 380.0 0 0 1 0 1 0 -1 0 0 3010.DAT
0 STEP
1 86 1770.0 -1752 380.0 0 0 1 0 1 0 -1 0 0 3010.DAT
0 STEP
1 86 1820.0 0 380.0 -1 0 0 0 1 0 0 0 -1 2456.DAT
0 STEP
1 86 1800.0 -48 380.0 -1 0 0 0 1 0 0 0 -1 3001.DAT
0 STEP
1 86 1770.0 0 460.0 0 0 1 0 1 0 -1 0 0 3009.DAT
0 STEP
1 86 1800.0 -48 410.0 -1 0 0 0 1 0 0 0 -1 3010.DAT
0 STEP
1 86 1800.0 -984 410.0 -1 0 0 0 1 0 0 0 -1 3010.DAT
0 STEP
1 86 1780.0 -1032 430.0 0 0 1 0 1 0 -1 0 0 3002.DAT
0 STEP
1 86 1840.0 -1056 410.0 -1 0 0 0 1 0 0 0 -1 3008.DAT
0 STEP
1 86 1770.0 -1128 430.0 0 0 1 0 1 0 -1 0 0 3622.DAT
0 STEP
1 86 1770.0 -1224 410.0 0 0 1 0 1 0 -1 0 0 3005.DAT
0 STEP
1 86 1770.0 -1248 420.0 0 0 1 0 1 0 -1 0 0 3004.DAT
0 STEP
1 86 1770.0 -1320 430.0 0 0 1 0 1 0 -1 0 0 3622.DAT
0 STEP
1 86 1800.0 -1392 410.0 -1 0 0 0 1 0 0 0 -1 3010.DAT
0 STEP
1 86 1780.0 -1416 430.0 0 0 1 0 1 0 -1 0 0 3002.DAT
0 STEP
1 86 1780.0 -1464 430.0 0 0 1 0 1 0 -1 0 0 3002.DAT
0 STEP
1 86 1800.0 -1488 410.0 -1 0 0 0 1 0 0 0 -1 3010.DAT
0 STEP
1 86 1780.0 -1512 430.0 0 0 1 0 1 0 -1 0 0 3002.DAT
0 STEP
1 86 1770.0 -1632 430.0 0 0 1 0 1 0 -1 0 0 3622.DAT
0 STEP
1 86 1780.0 -1656 430.0 0 0 1 0 1 0 -1 0 0 3002.DAT
0 STEP
1 86 1780.0 -48 460.0 0 0 1 0 1 0 -1 0 0 3001.DAT
0 STEP
1 86 1770.0 -984 440.0 0 0 1 0 1 0 -1 0 0 3004.DAT
0 STEP
1 86 1800.0 -1224 430.0 -1 0 0 0 1 0 0 0 -1 3010.DAT
0 STEP
1 86 1770.0 -1392 430.0 0 0 1 0 1 0 -1 0 0 3005.DAT
0 STEP
1 86 1770.0 -1728 440.0 0 0 1 0 1 0 -1 0 0 3004.DAT
0 STEP
1 86 1780.0 -888 480.0 0 0 1 0 1 0 -1 0 0 3001.DAT
0 STEP
1 86 1840.0 -1224 450.0 -1 0 0 0 1 0 0 0 -1 3008.DAT
0 STEP
1 86 1800.0 -1392 450.0 -1 0 0 0 1 0 0 0 -1 3010.DAT
0 STEP
1 86 1770.0 -1584 450.0 0 0 1 0 1 0 -1 0 0 3005.DAT
0 STEP
1 86 1770.0 -1680 450.0 0 0 1 0 1 0 -1 0 0 3005.DAT
0 STEP
1 86 1820.0 -24 470.0 -1 0 0 0 1 0 0 0 -1 3009.DAT
0 STEP
1 86 1770.0 -912 490.0 0 0 1 0 1 0 -1 0 0 3005.DAT
0 STEP
1 86 1780.0 -48 510.0 -1 0 0 0 1 0 0 0 -1 3004.DAT
0 STEP
1 86 1770.0 -912 540.0 0 0 1 0 1 0 -1 0 0 3010.DAT
0 STEP
1 86 1770.0 -24 580.0 0 0 1 0 1 0 -1 0 0 3009.DAT
0 STEP
1 86 1800.0 -48 540.0 -1 0 0 0 1 0 0 0 -1 3001.DAT
0 STEP
1 86 1790.0 0 570.0 -1 0 0 0 1 0 0 0 -1 3622.DAT
0 STEP
1 86 1770.0 -864 570.0 0 0 1 0 1 0 -1 0 0 3005.DAT
0 STEP
1 86 1780.0 -864 640.0 0 0 1 0 1 0 -1 0 0 2456.DAT
0 STEP
1 86 1770.0 0 610.0 0 0 1 0 1 0 -1 0 0 3005.DAT
0 STEP
1 86 1800.0 -48 610.0 -1 0 0 0 1 0 0 0 -1 3010.DAT
0 STEP
1 86 1770.0 0 660.0 0 0 1 0 1 0 -1 0 0 3010.DAT
0 STEP
1 86 1780.0 -48 660.0 0 0 1 0 1 0 -1 0 0 3001.DAT
0 STEP
1 86 1770.0 -144 670.0 0 0 1 0 1 0 -1 0 0 3622.DAT
0 STEP
1 86 1780.0 -432 670.0 0 0 1 0 1 0 -1 0 0 3002.DAT
0 STEP
1 86 1780.0 -480 670.0 0 0 1 0 1 0 -1 0 0 3002.DAT
0 STEP
1 86 1780.0 -528 670.0 0 0 1 0 1 0 -1 0 0 3002.DAT
0 STEP
1 86 1770.0 -576 670.0 0 0 1 0 1 0 -1 0 0 3622.DAT
0 STEP
1 86 1800.0 -120 670.0 -1 0 0 0 1 0 0 0 -1 3010.DAT
0 STEP
1 86 1820.0 -168 670.0 -1 0 0 0 1 0 0 0 -1 3009.DAT
0 STEP
1 86 1800.0 -888 670.0 -1 0 0 0 1 0 0 0 -1 3010.DAT
0 STEP
1 86 1780.0 -312 720.0 0 0 1 0 1 0 -1 0 0 3001.DAT
0 STEP
1 86 1770.0 -408 690.0 0 0 1 0 1 0 -1 0 0 3005.DAT
0 STEP
1 86 1840.0 -456 690.0 -1 0 0 0 1 0 0 0 -1 3008.DAT
0 STEP
1 86 1770.0 -888 690.0 0 0 1 0 1 0 -1 0 0 3005.DAT
0 STEP
1 86 1770.0 -192 710.0 0 0 1 0 1 0 -1 0 0 3005.DAT
0 STEP
1 86 1780.0 -216 730.0 0 0 1 0 1 0 -1 0 0 3002.DAT
0 STEP
1 86 1770.0 -696 710.0 0 0 1 0 1 0 -1 0 0 3005.DAT
0 STEP
1 86 1780.0 -744 720.0 0 0 1 0 1 0 -1 0 0 3003.DAT
0 STEP
1 86 1780.0 -816 730.0 0 0 1 0 1 0 -1 0 0 3002.DAT
0 STEP
1 86 1800.0 -648 740.0 -1 0 0 0 1 0 0 0 -1 3001.DAT
0 STEP
1 86 1820.0 -696 740.0 -1 0 0 0 1 0 0 0 -1 2456.DAT
0 STEP
1 86 1770.0 -744 750.0 0 0 1 0 1 0 -1 0 0 3005.DAT
0 STEP
1 86 1820.0 -24 10.0 -1 0 0 0 1 0 0 0 -1 3010.DAT
0 STEP
1 86 1860.0 -72 10.0 -1 0 0 0 1 0 0 0 -1 3008.DAT
0 STEP
1 86 1800.0 -96 30.0 0 0 1 0 1 0 -1 0 0 3002.DAT
0 STEP
1 86 1790.0 -192 30.0 0 0 1 0 1 0 -1 0 0 3622.DAT
0 STEP
1 86 1800.0 -240 30.0 0 0 1 0 1 0 -1 0 0 3002.DAT
0 STEP
1 86 1790.0 -288 30.0 0 0 1 0 1 0 -1 0 0 3622.DAT
0 STEP
1 86 1790.0 -336 30.0 0 0 1 0 1 0 -1 0 0 3622.DAT
0 STEP
1 86 1790.0 -384 30.0 0 0 1 0 1 0 -1 0 0 3622.DAT
0 STEP
1 86 1840.0 -408 10.0 -1 0 0 0 1 0 0 0 -1 3009.DAT
0 STEP
1 86 1790.0 -480 30.0 0 0 1 0 1 0 -1 0 0 3622.DAT
0 STEP
1 86 1800.0 -576 30.0 0 0 1 0 1 0 -1 0 0 3002.DAT
0 STEP
1 86 1800.0 -624 30.0 0 0 1 0 1 0 -1 0 0 3002.DAT
0 STEP
1 86 1820.0 -696 20.0 -1 0 0 0 1 0 0 0 -1 3001.DAT
0 STEP
1 86 1820.0 -792 10.0 -1 0 0 0 1 0 0 0 -1 3010.DAT
0 STEP
1 86 1800.0 -816 30.0 0 0 1 0 1 0 -1 0 0 3002.DAT
0 STEP
1 86 1820.0 -912 20.0 -1 0 0 0 1 0 0 0 -1 3001.DAT
0 STEP
1 86 1800.0 -936 30.0 0 0 1 0 1 0 -1 0 0 3002.DAT
0 STEP
1 86 1840.0 -984 20.0 -1 0 0 0 1 0 0 0 -1 2456.DAT
0 STEP
1 86 1790.0 -1032 10.0 0 0 1 0 1 0 -1 0 0 3005.DAT
0 STEP
1 86 1790.0 -1176 10.0 0 0 1 0 1 0 -1 0 0 3005.DAT
0 STEP
1 86 1820.0 -1200 20.0 -1 0 0 0 1 0 0 0 -1 3001.DAT
0 STEP
1 86 1820.0 -1320 10.0 -1 0 0 0 1 0 0 0 -1 3010.DAT
0 STEP
1 86 1790.0 -1344 30.0 0 0 1 0 1 0 -1 0 0 3622.DAT
0 STEP
1 86 1800.0 -1392 30.0 0 0 1 0 1 0 -1 0 0 3002.DAT
0 STEP
1 86 1800.0 -1512 30.0 0 0 1 0 1 0 -1 0 0 3002.DAT
0 STEP
1 86 1840.0 -1560 20.0 -1 0 0 0 1 0 0 0 -1 2456.DAT
0 STEP
1 86 1800.0 -1584 30.0 0 0 1 0 1 0 -1 0 0 3002.DAT
0 STEP
1 86 1800.0 -1632 30.0 0 0 1 0 1 0 -1 0 0 3002.DAT
0 STEP
1 86 1790.0 -1656 20.0 0 0 1 0 1 0 -1 0 0 3004.DAT
0 STEP
1 86 1800.0 -1728 40.0 0 0 1 0 1 0 -1 0 0 3001.DAT
0 STEP
1 86 1820.0 -24 40.0 -1 0 0 0 1 0 0 0 -1 3001.DAT
0 STEP
1 86 1820.0 -72 30.0 -1 0 0 0 1 0 0 0 -1 3010.DAT
0 STEP
1 86 1790.0 -408 30.0 0 0 1 0 1 0 -1 0 0 3005.DAT
0 STEP
1 86 1820.0 -744 30.0 -1 0 0 0 1 0 0 0 -1 3010.DAT
0 STEP
1 86 1790.0 -792 30.0 0 0 1 0 1 0 -1 0 0 3005.DAT
0 STEP
1 86 1820.0 -1032 30.0 -1 0 0 0 1 0 0 0 -1 3010.DAT
0 STEP
1 86 1820.0 -1152 30.0 -1 0 0 0 1 0 0 0 -1 3010.DAT
0 STEP
1 86 1820.0 -1416 30.0 -1 0 0 0 1 0 0 0 -1 3010.DAT
0 STEP
1 86 1800.0 -1680 40.0 0 0 1 0 1 0 -1 0 0 3003.DAT
0 STEP
1 86 1840.0 -408 50.0 -1 0 0 0 1 0 0 0 -1 3009.DAT
0 STEP
1 86 1820.0 -696 50.0 -1 0 0 0 1 0 0 0 -1 3010.DAT
0 STEP
1 86 1820.0 -912 50.0 -1 0 0 0 1 0 0 0 -1 3010.DAT
0 STEP
1 86 1790.0 -1008 50.0 0 0 1 0 1 0 -1 0 0 3005.DAT
0 STEP
1 86 1790.0 -1032 50.0 0 0 1 0 1 0 -1 0 0 3005.DAT
0 STEP
1 86 1790.0 -1128 50.0 0 0 1 0 1 0 -1 0 0 3005.DAT
0 STEP
1 86 1860.0 -1200 50.0 -1 0 0 0 1 0 0 0 -1 3008.DAT
0 STEP
1 86 1810.0 -1560 50.0 -1 0 0 0 1 0 0 0 -1 3622.DAT
0 STEP
1 86 1840.0 -1656 50.0 -1 0 0 0 1 0 0 0 -1 3009.DAT
0 STEP
1 86 1790.0 -1752 50.0 0 0 1 0 1 0 -1 0 0 3005.DAT
0 STEP
1 86 1790.0 0 80.0 0 0 1 0 1 0 -1 0 0 3004.DAT
0 STEP
1 86 1790.0 -24 70.0 0 0 1 0 1 0 -1 0 0 3005.DAT
0 STEP
1 86 1790.0 -1752 100.0 0 0 1 0 1 0 -1 0 0 3010.DAT
0 STEP
1 86 1820.0 0 120.0 -1 0 0 0 1 0 0 0 -1 3001.DAT
0 STEP
1 86 1820.0 -48 110.0 -1 0 0 0 1 0 0 0 -1 3010.DAT
0 STEP
1 86 1790.0 -1728 120.0 0 0 1 0 1 0 -1 0 0 3004.DAT
0 STEP
1 86 1790.0 -24 130.0 0 0 1 0 1 0 -1 0 0 3005.DAT
0 STEP
1 86 1790.0 -24 180.0 0 0 1 0 1 0 -1 0 0 3010.DAT
0 STEP
1 86 1800.0 -1704 180.0 0 0 1 0 1 0 -1 0 0 3001.DAT
0 STEP
1 86 1790.0 -1752 150.0 0 0 1 0 1 0 -1 0 0 3005.DAT
0 STEP
1 86 1790.0 -1752 200.0 0 0 1 0 1 0 -1 0 0 3010.DAT
0 STEP
1 86 1790.0 0 260.0 0 0 1 0 1 0 -1 0 0 3009.DAT
0 STEP
1 86 1790.0 -1728 240.0 0 0 1 0 1 0 -1 0 0 3010.DAT
0 STEP
1 86 1820.0 -24 230.0 -1 0 0 0 1 0 0 0 -1 3010.DAT
0 STEP
1 86 1860.0 -24 260.0 -1 0 0 0 1 0 0 0 -1 3007.DAT
0 STEP
1 86 1790.0 -1752 250.0 0 0 1 0 1 0 -1 0 0 3005.DAT
0 STEP
1 86 1790.0 -48 300.0 0 0 1 0 1 0 -1 0 0 3010.DAT
0 STEP
1 86 1800.0 -1704 310.0 0 0 1 0 1 0 -1 0 0 3002.DAT
0 STEP
1 86 1820.0 -1728 290.0 -1 0 0 0 1 0 0 0 -1 3010.DAT
0 STEP
1 86 1790.0 -1752 360.0 0 0 1 0 1 0 -1 0 0 3010.DAT
0 STEP
1 86 1820.0 0 350.0 -1 0 0 0 1 0 0 0 -1 3010.DAT
0 STEP
1 86 1790.0 -48 350.0 0 0 1 0 1 0 -1 0 0 3005.DAT
0 STEP
1 86 1800.0 -1704 380.0 0 0 1 0 1 0 -1 0 0 3001.DAT
0 STEP
1 86 1800.0 -1728 420.0 0 0 1 0 1 0 -1 0 0 3001.DAT
0 STEP
1 86 1820.0 0 410.0 -1 0 0 0 1 0 0 0 -1 3010.DAT
0 STEP
1 86 1800.0 -1080 430.0 0 0 1 0 1 0 -1 0 0 3002.DAT
0 STEP
1 86 1800.0 -1128 430.0 0 0 1 0 1 0 -1 0 0 3002.DAT
0 STEP
1 86 1790.0 -1200 430.0 0 0 1 0 1 0 -1 0 0 3622.DAT
0 STEP
1 86 1820.0 -1224 410.0 -1 0 0 0 1 0 0 0 -1 3010.DAT
0 STEP
1 86 1800.0 -1248 430.0 0 0 1 0 1 0 -1 0 0 3002.DAT
0 STEP
1 86 1810.0 -1272 410.0 -1 0 0 0 1 0 0 0 -1 3622.DAT
0 STEP
1 86 1800.0 -1320 430.0 0 0 1 0 1 0 -1 0 0 3002.DAT
0 STEP
1 86 1800.0 -1368 430.0 0 0 1 0 1 0 -1 0 0 3002.DAT
0 STEP
1 86 1800.0 -1560 430.0 0 0 1 0 1 0 -1 0 0 3002.DAT
0 STEP
1 86 1820.0 -1632 410.0 -1 0 0 0 1 0 0 0 -1 3010.DAT
0 STEP
1 86 1790.0 -1752 410.0 0 0 1 0 1 0 -1 0 0 3005.DAT
0 STEP
1 86 1800.0 0 460.0 0 0 1 0 1 0 -1 0 0 3001.DAT
0 STEP
1 86 1820.0 -984 440.0 -1 0 0 0 1 0 0 0 -1 3001.DAT
0 STEP
1 86 1790.0 -1008 430.0 0 0 1 0 1 0 -1 0 0 3005.DAT
0 STEP
1 86 1810.0 -1272 440.0 -1 0 0 0 1 0 0 0 -1 3002.DAT
0 STEP
1 86 1820.0 -1392 430.0 -1 0 0 0 1 0 0 0 -1 3010.DAT
0 STEP
1 86 1820.0 -1632 440.0 -1 0 0 0 1 0 0 0 -1 3001.DAT
0 STEP
1 86 1790.0 -936 450.0 0 0 1 0 1 0 -1 0 0 3005.DAT
0 STEP
1 86 1820.0 -1584 450.0 -1 0 0 0 1 0 0 0 -1 3010.DAT
0 STEP
1 86 1820.0 -1680 450.0 -1 0 0 0 1 0 0 0 -1 3010.DAT
0 STEP
1 86 1820.0 -912 480.0 -1 0 0 0 1 0 0 0 -1 3001.DAT
0 STEP
1 86 1790.0 -24 560.0 0 0 1 0 1 0 -1 0 0 3008.DAT
0 STEP
1 86 1810.0 -864 490.0 -1 0 0 0 1 0 0 0 -1 3622.DAT
0 STEP
1 86 1800.0 0 510.0 -1 0 0 0 1 0 0 0 -1 3004.DAT
0 STEP
1 86 1800.0 -912 540.0 0 0 1 0 1 0 -1 0 0 3001.DAT
0 STEP
1 86 1820.0 -888 530.0 -1 0 0 0 1 0 0 0 -1 3010.DAT
0 STEP
1 86 1790.0 -864 560.0 0 0 1 0 1 0 -1 0 0 3004.DAT
0 STEP
1 86 1790.0 -888 580.0 0 0 1 0 1 0 -1 0 0 3010.DAT
0 STEP
1 86 1800.0 0 640.0 0 0 1 0 1 0 -1 0 0 3001.DAT
0 STEP
1 86 1800.0 -912 660.0 0 0 1 0 1 0 -1 0 0 3001.DAT
0 STEP
1 86 1800.0 -96 670.0 0 0 1 0 1 0 -1 0 0 3002.DAT
0 STEP
1 86 1800.0 -144 670.0 0 0 1 0 1 0 -1 0 0 3002.DAT
0 STEP
1 86 1800.0 -384 670.0 0 0 1 0 1 0 -1 0 0 3002.DAT
0 STEP
1 86 1860.0 -408 650.0 -1 0 0 0 1 0 0 0 -1 3008.DAT
0 STEP
1 86 1820.0 -504 660.0 -1 0 0 0 1 0 0 0 -1 3001.DAT
0 STEP
1 86 1790.0 -552 670.0 0 0 1 0 1 0 -1 0 0 3622.DAT
0 STEP
1 86 1790.0 -576 660.0 0 0 1 0 1 0 -1 0 0 3004.DAT
0 STEP
1 86 1790.0 -600 660.0 0 0 1 0 1 0 -1 0 0 3004.DAT
0 STEP
1 86 1860.0 -624 670.0 -1 0 0 0 1 0 0 0 -1 3008.DAT
0 STEP
1 86 1800.0 0 690.0 -1 0 0 0 1 0 0 0 -1 3004.DAT
0 STEP
1 86 1790.0 -168 720.0 0 0 1 0 1 0 -1 0 0 3010.DAT
0 STEP
1 86 1820.0 -360 690.0 -1 0 0 0 1 0 0 0 -1 3010.DAT
0 STEP
1 86 1860.0 -408 690.0 -1 0 0 0 1 0 0 0 -1 3008.DAT
0 STEP
1 86 1820.0 -576 690.0 -1 0 0 0 1 0 0 0 -1 3010.DAT
0 STEP
1 86 1800.0 -624 720.0 0 0 1 0 1 0 -1 0 0 3001.DAT
0 STEP
1 86 1840.0 -792 690.0 -1 0 0 0 1 0 0 0 -1 3009.DAT
0 STEP
1 86 1840.0 -888 690.0 -1 0 0 0 1 0 0 0 -1 3009.DAT
0 STEP
1 86 1820.0 -192 710.0 -1 0 0 0 1 0 0 0 -1 3010.DAT
0 STEP
1 86 1800.0 -264 730.0 0 0 1 0 1 0 -1 0 0 3002.DAT
0 STEP
1 86 1800.0 -672 730.0 0 0 1 0 1 0 -1 0 0 3002.DAT
0 STEP
1 86 1820.0 -696 710.0 -1 0 0 0 1 0 0 0 -1 3010.DAT
0 STEP
1 86 1820.0 -792 720.0 -1 0 0 0 1 0 0 0 -1 3001.DAT
0 STEP
1 86 1800.0 -768 740.0 0 0 1 0 1 0 -1 0 0 3003.DAT
0 STEP
1 86 1820.0 -744 750.0 -1 0 0 0 1 0 0 0 -1 3010.DAT
0 STEP
1 86 1820.0 -792 750.0 -1 0 0 0 1 0 0 0 -1 3010.DAT
0 STEP
1 86 1810.0 0 40.0 0 0 1 0 1 0 -1 0 0 3010.DAT
0 STEP
1 86 1810.0 -48 30.0 0 0 1 0 1 0 -1 0 0 3622.DAT
0 STEP
1 86 1820.0 -144 30.0 0 0 1 0 1 0 -1 0 0 3002.DAT
0 STEP
1 86 1820.0 -192 30.0 0 0 1 0 1 0 -1 0 0 3002.DAT
0 STEP
1 86 1880.0 -288 20.0 -1 0 0 0 1 0 0 0 -1 3007.DAT
0 STEP
1 86 1820.0 -336 30.0 0 0 1 0 1 0 -1 0 0 3002.DAT
0 STEP
1 86 1820.0 -384 30.0 0 0 1 0 1 0 -1 0 0 3002.DAT
0 STEP
1 86 1820.0 -432 30.0 0 0 1 0 1 0 -1 0 0 3002.DAT
0 STEP
1 86 1820.0 -480 30.0 0 0 1 0 1 0 -1 0 0 3002.DAT
0 STEP
1 86 1810.0 -528 30.0 0 0 1 0 1 0 -1 0 0 3622.DAT
0 STEP
1 86 1820.0 -600 10.0 -1 0 0 0 1 0 0 0 -1 3004.DAT
0 STEP
1 86 1810.0 -672 30.0 0 0 1 0 1 0 -1 0 0 3622.DAT
0 STEP
1 86 1810.0 -720 30.0 0 0 1 0 1 0 -1 0 0 3622.DAT
0 STEP
1 86 1820.0 -768 30.0 0 0 1 0 1 0 -1 0 0 3002.DAT
0 STEP
1 86 1830.0 -840 20.0 -1 0 0 0 1 0 0 0 -1 3002.DAT
0 STEP
1 86 1840.0 -864 10.0 -1 0 0 0 1 0 0 0 -1 3010.DAT
0 STEP
1 86 1810.0 -960 30.0 0 0 1 0 1 0 -1 0 0 3622.DAT
0 STEP
1 86 1820.0 -1008 30.0 0 0 1 0 1 0 -1 0 0 3002.DAT
0 STEP
1 86 1840.0 -1032 10.0 -1 0 0 0 1 0 0 0 -1 3010.DAT
0 STEP
1 86 1820.0 -1056 30.0 0 0 1 0 1 0 -1 0 0 3002.DAT
0 STEP
1 86 1810.0 -1104 20.0 0 0 1 0 1 0 -1 0 0 3004.DAT
0 STEP
1 86 1820.0 -1128 30.0 0 0 1 0 1 0 -1 0 0 3002.DAT
0 STEP
1 86 1820.0 -1176 30.0 0 0 1 0 1 0 -1 0 0 3002.DAT
0 STEP
1 86 1840.0 -1248 20.0 -1 0 0 0 1 0 0 0 -1 3001.DAT
0 STEP
1 86 1880.0 -1296 20.0 -1 0 0 0 1 0 0 0 -1 3007.DAT
0 STEP
1 86 1880.0 -1344 20.0 -1 0 0 0 1 0 0 0 -1 3007.DAT
0 STEP
1 86 1880.0 -1440 10.0 -1 0 0 0 1 0 0 0 -1 3008.DAT
0 STEP
1 86 1880.0 -1488 10.0 -1 0 0 0 1 0 0 0 -1 3008.DAT
0 STEP
1 86 1860.0 -1656 20.0 -1 0 0 0 1 0 0 0 -1 2456.DAT
0 STEP
1 86 1810.0 -1680 10.0 0 0 1 0 1 0 -1 0 0 3005.DAT
0 STEP
1 86 1880.0 -408 30.0 -1 0 0 0 1 0 0 0 -1 3008.DAT
0 STEP
1 86 1840.0 -792 30.0 -1 0 0 0 1 0 0 0 -1 3010.DAT
0 STEP
1 86 1840.0 -864 40.0 -1 0 0 0 1 0 0 0 -1 3001.DAT
0 STEP
1 86 1810.0 -1272 30.0 0 0 1 0 1 0 -1 0 0 3005.DAT
0 STEP
1 86 1880.0 -1440 40.0 -1 0 0 0 1 0 0 0 -1 3007.DAT
0 STEP
1 86 1860.0 -288 50.0 -1 0 0 0 1 0 0 0 -1 3009.DAT
0 STEP
1 86 1840.0 -1032 50.0 -1 0 0 0 1 0 0 0 -1 3010.DAT
0 STEP
1 86 1830.0 -1104 50.0 -1 0 0 0 1 0 0 0 -1 3622.DAT
0 STEP
1 86 1840.0 -1248 50.0 -1 0 0 0 1 0 0 0 -1 3010.DAT
0 STEP
1 86 1810.0 -1296 50.0 0 0 1 0 1 0 -1 0 0 3005.DAT
0 STEP
1 86 1840.0 -1344 50.0 -1 0 0 0 1 0 0 0 -1 3010.DAT
0 STEP
1 86 1830.0 -1416 50.0 -1 0 0 0 1 0 0 0 -1 3622.DAT
0 STEP
1 86 1820.0 -1704 80.0 0 0 1 0 1 0 -1 0 0 3001.DAT
0 STEP
1 86 1840.0 -1752 50.0 -1 0 0 0 1 0 0 0 -1 3010.DAT
0 STEP
1 86 1820.0 -24 120.0 0 0 1 0 1 0 -1 0 0 2456.DAT
0 STEP
1 86 1820.0 -1752 100.0 0 0 1 0 1 0 -1 0 0 3001.DAT
0 STEP
1 86 1840.0 0 90.0 -1 0 0 0 1 0 0 0 -1 3010.DAT
0 STEP
1 86 1840.0 -1728 110.0 -1 0 0 0 1 0 0 0 -1 3010.DAT
0 STEP
1 86 1810.0 -48 160.0 0 0 1 0 1 0 -1 0 0 3010.DAT
0 STEP
1 86 1820.0 -1728 130.0 -1 0 0 0 1 0 0 0 -1 3004.DAT
0 STEP
1 86 1840.0 -1752 160.0 -1 0 0 0 1 0 0 0 -1 3001.DAT
0 STEP
1 86 1840.0 -24 190.0 -1 0 0 0 1 0 0 0 -1 3010.DAT
0 STEP
1 86 1820.0 -1728 220.0 0 0 1 0 1 0 -1 0 0 3001.DAT
0 STEP
1 86 1840.0 -1752 200.0 -1 0 0 0 1 0 0 0 -1 3001.DAT
0 STEP
1 86 1810.0 0 210.0 0 0 1 0 1 0 -1 0 0 3005.DAT
0 STEP
1 86 1830.0 -24 210.0 -1 0 0 0 1 0 0 0 -1 3622.DAT
0 STEP
1 86 1880.0 -48 210.0 -1 0 0 0 1 0 0 0 -1 3008.DAT
0 STEP
1 86 1810.0 0 260.0 0 0 1 0 1 0 -1 0 0 3010.DAT
0 STEP
1 86 1820.0 -48 280.0 0 0 1 0 1 0 -1 0 0 2456.DAT
0 STEP
1 86 1840.0 -1752 230.0 -1 0 0 0 1 0 0 0 -1 3010.DAT
0 STEP
1 86 1820.0 -1752 270.0 0 0 1 0 1 0 -1 0 0 3002.DAT
0 STEP
1 86 1880.0 -1728 270.0 -1 0 0 0 1 0 0 0 -1 3008.DAT
0 STEP
1 86 1840.0 0 310.0 -1 0 0 0 1 0 0 0 -1 3010.DAT
0 STEP
1 86 1810.0 -24 380.0 0 0 1 0 1 0 -1 0 0 3008.DAT
0 STEP
1 86 1810.0 -1728 330.0 0 0 1 0 1 0 -1 0 0 3622.DAT
0 STEP
1 86 1820.0 -1752 330.0 -1 0 0 0 1 0 0 0 -1 3004.DAT
0 STEP
1 86 1880.0 -48 350.0 -1 0 0 0 1 0 0 0 -1 3008.DAT
0 STEP
1 86 1810.0 -1752 380.0 0 0 1 0 1 0 -1 0 0 3010.DAT
0 STEP
1 86 1810.0 -960 430.0 0 0 1 0 1 0 -1 0 0 3622.DAT
0 STEP
1 86 1810.0 -1008 430.0 0 0 1 0 1 0 -1 0 0 3622.DAT
0 STEP
1 86 1810.0 -1032 430.0 0 0 1 0 1 0 -1 0 0 3622.DAT
0 STEP
1 86 1880.0 -1104 410.0 -1 0 0 0 1 0 0 0 -1 3008.DAT
0 STEP
1 86 1810.0 -1200 420.0 0 0 1 0 1 0 -1 0 0 3004.DAT
0 STEP
1 86 1810.0 -1296 420.0 0 0 1 0 1 0 -1 0 0 3004.DAT
0 STEP
1 86 1810.0 -1416 430.0 0 0 1 0 1 0 -1 0 0 3622.DAT
0 STEP
1 86 1880.0 -1464 420.0 -1 0 0 0 1 0 0 0 -1 3007.DAT
0 STEP
1 86 1840.0 -1512 420.0 -1 0 0 0 1 0 0 0 -1 3001.DAT
0 STEP
1 86 1810.0 -1608 430.0 0 0 1 0 1 0 -1 0 0 3622.DAT
0 STEP
1 86 1810.0 -1656 430.0 0 0 1 0 1 0 -1 0 0 3622.DAT
0 STEP
1 86 1820.0 -48 430.0 -1 0 0 0 1 0 0 0 -1 3004.DAT
0 STEP
1 86 1880.0 -1104 440.0 -1 0 0 0 1 0 0 0 -1 3007.DAT
0 STEP
1 86 1820.0 -1488 440.0 0 0 1 0 1 0 -1 0 0 3003.DAT
0 STEP
1 86 1820.0 -48 480.0 0 0 1 0 1 0 -1 0 0 3001.DAT
0 STEP
1 86 1820.0 -888 480.0 0 0 1 0 1 0 -1 0 0 3001.DAT
0 STEP
1 86 1880.0 -936 450.0 -1 0 0 0 1 0 0 0 -1 3008.DAT
0 STEP
1 86 1880.0 -1056 450.0 -1 0 0 0 1 0 0 0 -1 3008.DAT
0 STEP
1 86 1860.0 -1152 450.0 -1 0 0 0 1 0 0 0 -1 3009.DAT
0 STEP
1 86 1830.0 -1200 450.0 -1 0 0 0 1 0 0 0 -1 3622.DAT
0 STEP
1 86 1880.0 -1464 450.0 -1 0 0 0 1 0 0 0 -1 3008.DAT
0 STEP
1 86 1840.0 -1512 450.0 -1 0 0 0 1 0 0 0 -1 3010.DAT
0 STEP
1 86 1810.0 -24 490.0 0 0 1 0 1 0 -1 0 0 3005.DAT
0 STEP
1 86 1840.0 -24 510.0 -1 0 0 0 1 0 0 0 -1 3010.DAT
0 STEP
1 86 1820.0 -864 600.0 0 0 1 0 1 0 -1 0 0 3006.DAT
0 STEP
1 86 1840.0 -24 540.0 -1 0 0 0 1 0 0 0 -1 3001.DAT
0 STEP
1 86 1840.0 -888 550.0 -1 0 0 0 1 0 0 0 -1 3010.DAT
0 STEP
1 86 1810.0 -24 600.0 0 0 1 0 1 0 -1 0 0 3010.DAT
0 STEP
1 86 1810.0 -888 570.0 0 0 1 0 1 0 -1 0 0 3005.DAT
0 STEP
1 86 1830.0 -888 590.0 -1 0 0 0 1 0 0 0 -1 3622.DAT
0 STEP
1 86 1810.0 -912 590.0 0 0 1 0 1 0 -1 0 0 3005.DAT
0 STEP
1 86 1820.0 -888 610.0 -1 0 0 0 1 0 0 0 -1 3004.DAT
0 STEP
1 86 1840.0 -48 640.0 -1 0 0 0 1 0 0 0 -1 3001.DAT
0 STEP
1 86 1830.0 -24 650.0 -1 0 0 0 1 0 0 0 -1 3622.DAT
0 STEP
1 86 1810.0 -432 670.0 0 0 1 0 1 0 -1 0 0 3622.DAT
0 STEP
1 86 1860.0 -456 650.0 -1 0 0 0 1 0 0 0 -1 3009.DAT
0 STEP
1 86 1820.0 -480 670.0 0 0 1 0 1 0 -1 0 0 3002.DAT
0 STEP
1 86 1810.0 -528 650.0 0 0 1 0 1 0 -1 0 0 3005.DAT
0 STEP
1 86 1820.0 -552 670.0 0 0 1 0 1 0 -1 0 0 3002.DAT
0 STEP
1 86 1840.0 -576 660.0 -1 0 0 0 1 0 0 0 -1 3001.DAT
0 STEP
1 86 1820.0 -600 670.0 0 0 1 0 1 0 -1 0 0 3002.DAT
0 STEP
1 86 1880.0 -48 680.0 -1 0 0 0 1 0 0 0 -1 3007.DAT
0 STEP
1 86 1810.0 -72 670.0 0 0 1 0 1 0 -1 0 0 3005.DAT
0 STEP
1 86 1880.0 -456 670.0 -1 0 0 0 1 0 0 0 -1 3008.DAT
0 STEP
1 86 1880.0 -528 680.0 -1 0 0 0 1 0 0 0 -1 3007.DAT
0 STEP
1 86 1820.0 -816 700.0 0 0 1 0 1 0 -1 0 0 3001.DAT
0 STEP
1 86 1820.0 -168 720.0 0 0 1 0 1 0 -1 0 0 3001.DAT
0 STEP
1 86 1810.0 -192 690.0 0 0 1 0 1 0 -1 0 0 3005.DAT
0 STEP
1 86 1820.0 -312 720.0 0 0 1 0 1 0 -1 0 0 3001.DAT
0 STEP
1 86 1810.0 -216 730.0 0 0 1 0 1 0 -1 0 0 3622.DAT
0 STEP
1 86 1830.0 -744 710.0 -1 0 0 0 1 0 0 0 -1 3622.DAT
0 STEP
1 86 1840.0 -288 730.0 -1 0 0 0 1 0 0 0 -1 3010.DAT
0 STEP
1 86 1840.0 -744 730.0 -1 0 0 0 1 0 0 0 -1 3010.DAT
0 STEP
1 86 1840.0 -816 750.0 -1 0 0 0 1 0 0 0 -1 3010.DAT
0 STEP
1 86 1830.0 0 10.0 0 0 1 0 1 0 -1 0 0 3005.DAT
0 STEP
1 86 1860.0 -48 20.0 -1 0 0 0 1 0 0 0 -1 3001.DAT
0 STEP
1 86 1860.0 -96 20.0 -1 0 0 0 1 0 0 0 -1 3001.DAT
0 STEP
1 86 1830.0 -240 10.0 0 0 1 0 1 0 -1 0 0 3005.DAT
0 STEP
1 86 1830.0 -312 20.0 0 0 1 0 1 0 -1 0 0 3004.DAT
0 STEP
1 86 1830.0 -360 10.0 0 0 1 0 1 0 -1 0 0 3005.DAT
0 STEP
1 86 1860.0 -456 10.0 -1 0 0 0 1 0 0 0 -1 3010.DAT
0 STEP
1 86 1860.0 -528 20.0 -1 0 0 0 1 0 0 0 -1 3001.DAT
0 STEP
1 86 1840.0 -552 30.0 0 0 1 0 1 0 -1 0 0 3002.DAT
0 STEP
1 86 1850.0 -576 10.0 -1 0 0 0 1 0 0 0 -1 3622.DAT
0 STEP
1 86 1830.0 -624 10.0 0 0 1 0 1 0 -1 0 0 3005.DAT
0 STEP
1 86 1830.0 -672 10.0 0 0 1 0 1 0 -1 0 0 3005.DAT
0 STEP
1 86 1840.0 -720 30.0 0 0 1 0 1 0 -1 0 0 3002.DAT
0 STEP
1 86 1840.0 -816 30.0 0 0 1 0 1 0 -1 0 0 3002.DAT
0 STEP
1 86 1880.0 -888 10.0 -1 0 0 0 1 0 0 0 -1 3009.DAT
0 STEP
1 86 1860.0 -936 20.0 -1 0 0 0 1 0 0 0 -1 3001.DAT
0 STEP
1 86 1840.0 -960 30.0 0 0 1 0 1 0 -1 0 0 3002.DAT
0 STEP
1 86 1880.0 -1104 10.0 -1 0 0 0 1 0 0 0 -1 3009.DAT
0 STEP
1 86 1830.0 -1224 30.0 0 0 1 0 1 0 -1 0 0 3622.DAT
0 STEP
1 86 1830.0 -1272 20.0 0 0 1 0 1 0 -1 0 0 3004.DAT
0 STEP
1 86 1880.0 -1392 10.0 -1 0 0 0 1 0 0 0 -1 3009.DAT
0 STEP
1 86 1860.0 -1512 20.0 -1 0 0 0 1 0 0 0 -1 3001.DAT
0 STEP
1 86 1840.0 -1584 30.0 0 0 1 0 1 0 -1 0 0 3002.DAT
0 STEP
1 86 1840.0 -1632 30.0 0 0 1 0 1 0 -1 0 0 3002.DAT
0 STEP
1 86 1830.0 -1680 30.0 0 0 1 0 1 0 -1 0 0 3622.DAT
0 STEP
1 86 1830.0 -1728 40.0 0 0 1 0 1 0 -1 0 0 3010.DAT
0 STEP
1 86 1860.0 0 30.0 -1 0 0 0 1 0 0 0 -1 3010.DAT
0 STEP
1 86 1880.0 -240 40.0 -1 0 0 0 1 0 0 0 -1 2456.DAT
0 STEP
1 86 1850.0 -360 30.0 -1 0 0 0 1 0 0 0 -1 3622.DAT
0 STEP
1 86 1850.0 -576 40.0 -1 0 0 0 1 0 0 0 -1 3002.DAT
0 STEP
1 86 1880.0 -624 30.0 -1 0 0 0 1 0 0 0 -1 3009.DAT
0 STEP
1 86 1840.0 -672 40.0 0 0 1 0 1 0 -1 0 0 3003.DAT
0 STEP
1 86 1830.0 -888 30.0 0 0 1 0 1 0 -1 0 0 3005.DAT
0 STEP
1 86 1840.0 -1104 30.0 -1 0 0 0 1 0 0 0 -1 3004.DAT
0 STEP
1 86 1830.0 -1320 30.0 0 0 1 0 1 0 -1 0 0 3005.DAT
0 STEP
1 86 1880.0 -1392 40.0 -1 0 0 0 1 0 0 0 -1 2456.DAT
0 STEP
1 86 1830.0 0 50.0 0 0 1 0 1 0 -1 0 0 3005.DAT
0 STEP
1 86 1860.0 -48 50.0 -1 0 0 0 1 0 0 0 -1 3010.DAT
0 STEP
1 86 1860.0 -96 50.0 -1 0 0 0 1 0 0 0 -1 3010.DAT
0 STEP
1 86 1860.0 -456 50.0 -1 0 0 0 1 0 0 0 -1 3010.DAT
0 STEP
1 86 1860.0 -528 50.0 -1 0 0 0 1 0 0 0 -1 3010.DAT
0 STEP
1 86 1830.0 -624 50.0 0 0 1 0 1 0 -1 0 0 3005.DAT
0 STEP
1 86 1880.0 -888 50.0 -1 0 0 0 1 0 0 0 -1 3009.DAT
0 STEP
1 86 1860.0 -936 50.0 -1 0 0 0 1 0 0 0 -1 3010.DAT
0 STEP
1 86 1860.0 -1296 50.0 -1 0 0 0 1 0 0 0 -1 3010.DAT
0 STEP
1 86 1880.0 -1488 50.0 -1 0 0 0 1 0 0 0 -1 3009.DAT
0 STEP
1 86 1860.0 -1512 50.0 -1 0 0 0 1 0 0 0 -1 3010.DAT
0 STEP
1 86 1860.0 -1608 50.0 -1 0 0 0 1 0 0 0 -1 3010.DAT
0 STEP
1 86 1860.0 0 70.0 -1 0 0 0 1 0 0 0 -1 3010.DAT
0 STEP
1 86 1840.0 -48 140.0 0 0 1 0 1 0 -1 0 0 3003.DAT
0 STEP
1 86 1830.0 -1704 150.0 0 0 1 0 1 0 -1 0 0 3005.DAT
0 STEP
1 86 1880.0 -48 170.0 -1 0 0 0 1 0 0 0 -1 3009.DAT
0 STEP
1 86 1830.0 -1704 200.0 0 0 1 0 1 0 -1 0 0 3010.DAT
0 STEP
1 86 1830.0 0 220.0 0 0 1 0 1 0 -1 0 0 3010.DAT
0 STEP
1 86 1830.0 -48 190.0 0 0 1 0 1 0 -1 0 0 3005.DAT
0 STEP
1 86 1830.0 0 270.0 0 0 1 0 1 0 -1 0 0 3005.DAT
0 STEP
1 86 1830.0 -1704 300.0 0 0 1 0 1 0 -1 0 0 3010.DAT
0 STEP
1 86 1850.0 0 290.0 -1 0 0 0 1 0 0 0 -1 3622.DAT
0 STEP
1 86 1830.0 -24 340.0 0 0 1 0 1 0 -1 0 0 3010.DAT
0 STEP
1 86 1840.0 -1728 380.0 0 0 1 0 1 0 -1 0 0 3007.DAT
0 STEP
1 86 1830.0 -1704 400.0 0 0 1 0 1 0 -1 0 0 3009.DAT
0 STEP
1 86 1830.0 -1752 350.0 0 0 1 0 1 0 -1 0 0 3005.DAT
0 STEP
1 86 1860.0 -1752 370.0 -1 0 0 0 1 0 0 0 -1 3010.DAT
0 STEP
1 86 1840.0 -24 420.0 0 0 1 0 1 0 -1 0 0 3001.DAT
0 STEP
1 86 1830.0 -1752 420.0 0 0 1 0 1 0 -1 0 0 3010.DAT
0 STEP
1 86 1860.0 -960 410.0 -1 0 0 0 1 0 0 0 -1 3010.DAT
0 STEP
1 86 1830.0 -1008 410.0 0 0 1 0 1 0 -1 0 0 3005.DAT
0 STEP
1 86 1840.0 -1032 430.0 0 0 1 0 1 0 -1 0 0 3002.DAT
0 STEP
1 86 1840.0 -1080 430.0 0 0 1 0 1 0 -1 0 0 3002.DAT
0 STEP
1 86 1840.0 -1128 430.0 0 0 1 0 1 0 -1 0 0 3002.DAT
0 STEP
1 86 1830.0 -1152 420.0 0 0 1 0 1 0 -1 0 0 3004.DAT
0 STEP
1 86 1830.0 -1200 410.0 0 0 1 0 1 0 -1 0 0 3005.DAT
0 STEP
1 86 1850.0 -1248 410.0 -1 0 0 0 1 0 0 0 -1 3622.DAT
0 STEP
1 86 1830.0 -1296 430.0 0 0 1 0 1 0 -1 0 0 3622.DAT
0 STEP
1 86 1860.0 -1320 410.0 -1 0 0 0 1 0 0 0 -1 3010.DAT
0 STEP
1 86 1860.0 -1368 410.0 -1 0 0 0 1 0 0 0 -1 3010.DAT
0 STEP
1 86 1850.0 -1416 420.0 -1 0 0 0 1 0 0 0 -1 3002.DAT
0 STEP
1 86 1860.0 -1560 420.0 -1 0 0 0 1 0 0 0 -1 3001.DAT
0 STEP
1 86 1860.0 -1608 420.0 -1 0 0 0 1 0 0 0 -1 3001.DAT
0 STEP
1 86 1840.0 -1656 430.0 0 0 1 0 1 0 -1 0 0 3002.DAT
0 STEP
1 86 1830.0 0 430.0 0 0 1 0 1 0 -1 0 0 3005.DAT
0 STEP
1 86 1830.0 -960 440.0 0 0 1 0 1 0 -1 0 0 3004.DAT
0 STEP
1 86 1880.0 -1008 430.0 -1 0 0 0 1 0 0 0 -1 3009.DAT
0 STEP
1 86 1840.0 -1200 430.0 -1 0 0 0 1 0 0 0 -1 3004.DAT
0 STEP
1 86 1850.0 -1248 440.0 -1 0 0 0 1 0 0 0 -1 3002.DAT
0 STEP
1 86 1830.0 -1320 430.0 0 0 1 0 1 0 -1 0 0 3005.DAT
0 STEP
1 86 1830.0 -1368 430.0 0 0 1 0 1 0 -1 0 0 3005.DAT
0 STEP
1 86 1860.0 -1680 430.0 -1 0 0 0 1 0 0 0 -1 3010.DAT
0 STEP
1 86 1840.0 0 480.0 0 0 1 0 1 0 -1 0 0 3001.DAT
0 STEP
1 86 1830.0 -1008 450.0 0 0 1 0 1 0 -1 0 0 3005.DAT
0 STEP
1 86 1860.0 -1320 450.0 -1 0 0 0 1 0 0 0 -1 3010.DAT
0 STEP
1 86 1860.0 -1368 450.0 -1 0 0 0 1 0 0 0 -1 3010.DAT
0 STEP
1 86 1860.0 -1416 450.0 -1 0 0 0 1 0 0 0 -1 3010.DAT
0 STEP
1 86 1860.0 -1560 450.0 -1 0 0 0 1 0 0 0 -1 3010.DAT
0 STEP
1 86 1860.0 -1608 450.0 -1 0 0 0 1 0 0 0 -1 3010.DAT
0 STEP
1 86 1860.0 -24 490.0 -1 0 0 0 1 0 0 0 -1 3010.DAT
0 STEP
1 86 1860.0 -912 510.0 -1 0 0 0 1 0 0 0 -1 3010.DAT
0 STEP
1 86 1830.0 -912 530.0 0 0 1 0 1 0 -1 0 0 3005.DAT
0 STEP
1 86 1830.0 0 620.0 0 0 1 0 1 0 -1 0 0 3008.DAT
0 STEP
1 86 1830.0 -912 620.0 0 0 1 0 1 0 -1 0 0 3008.DAT
0 STEP
1 86 1840.0 -24 600.0 0 0 1 0 1 0 -1 0 0 3001.DAT
0 STEP
1 86 1860.0 -888 570.0 -1 0 0 0 1 0 0 0 -1 3010.DAT
0 STEP
1 86 1830.0 -888 640.0 0 0 1 0 1 0 -1 0 0 3004.DAT
0 STEP
1 86 1840.0 -72 670.0 0 0 1 0 1 0 -1 0 0 3002.DAT
0 STEP
1 86 1830.0 -96 650.0 0 0 1 0 1 0 -1 0 0 3005.DAT
0 STEP
1 86 1840.0 -144 670.0 0 0 1 0 1 0 -1 0 0 3002.DAT
0 STEP
1 86 1830.0 -384 670.0 0 0 1 0 1 0 -1 0 0 3622.DAT
0 STEP
1 86 1840.0 -432 670.0 0 0 1 0 1 0 -1 0 0 3002.DAT
0 STEP
1 86 1860.0 -528 650.0 -1 0 0 0 1 0 0 0 -1 3010.DAT
0 STEP
1 86 1860.0 -96 670.0 -1 0 0 0 1 0 0 0 -1 3010.DAT
0 STEP
1 86 1860.0 -336 670.0 -1 0 0 0 1 0 0 0 -1 3010.DAT
0 STEP
1 86 1830.0 -96 690.0 0 0 1 0 1 0 -1 0 0 3005.DAT
0 STEP
1 86 1880.0 -192 690.0 -1 0 0 0 1 0 0 0 -1 3009.DAT
0 STEP
1 86 1830.0 -216 720.0 0 0 1 0 1 0 -1 0 0 3010.DAT
0 STEP
1 86 1880.0 -240 690.0 -1 0 0 0 1 0 0 0 -1 3009.DAT
0 STEP
1 86 1830.0 -264 720.0 0 0 1 0 1 0 -1 0 0 3010.DAT
0 STEP
1 86 1860.0 -288 690.0 -1 0 0 0 1 0 0 0 -1 3010.DAT
0 STEP
1 86 1830.0 -336 690.0 0 0 1 0 1 0 -1 0 0 3005.DAT
0 STEP
1 86 1840.0 -624 720.0 0 0 1 0 1 0 -1 0 0 3001.DAT
0 STEP
1 86 1830.0 -672 720.0 0 0 1 0 1 0 -1 0 0 3010.DAT
0 STEP
1 86 1830.0 -696 690.0 0 0 1 0 1 0 -1 0 0 3005.DAT
0 STEP
1 86 1830.0 -720 720.0 0 0 1 0 1 0 -1 0 0 3010.DAT
0 STEP
1 86 1880.0 -744 690.0 -1 0 0 0 1 0 0 0 -1 3009.DAT
0 STEP
1 86 1830.0 -768 720.0 0 0 1 0 1 0 -1 0 0 3010.DAT
0 STEP
1 86 1860.0 -336 740.0 -1 0 0 0 1 0 0 0 -1 3001.DAT
0 STEP
1 86 1900.0 0 10.0 -1 0 0 0 1 0 0 0 -1 3009.DAT
0 STEP
1 86 1860.0 -120 30.0 0 0 1 0 1 0 -1 0 0 3002.DAT
0 STEP
1 86 1880.0 -144 20.0 -1 0 0 0 1 0 0 0 -1 3001.DAT
0 STEP
1 86 1860.0 -192 30.0 0 0 1 0 1 0 -1 0 0 3002.DAT
0 STEP
1 86 1870.0 -216 20.0 -1 0 0 0 1 0 0 0 -1 3002.DAT
0 STEP
1 86 1900.0 -240 10.0 -1 0 0 0 1 0 0 0 -1 3009.DAT
0 STEP
1 86 1850.0 -264 30.0 0 0 1 0 1 0 -1 0 0 3622.DAT
0 STEP
1 86 1850.0 -312 30.0 0 0 1 0 1 0 -1 0 0 3622.DAT
0 STEP
1 86 1850.0 -336 20.0 0 0 1 0 1 0 -1 0 0 3004.DAT
0 STEP
1 86 1900.0 -360 10.0 -1 0 0 0 1 0 0 0 -1 3009.DAT
0 STEP
1 86 1850.0 -384 30.0 0 0 1 0 1 0 -1 0 0 3622.DAT
0 STEP
1 86 1850.0 -432 30.0 0 0 1 0 1 0 -1 0 0 3622.DAT
0 STEP
1 86 1860.0 -480 30.0 0 0 1 0 1 0 -1 0 0 3002.DAT
0 STEP
1 86 1900.0 -504 10.0 -1 0 0 0 1 0 0 0 -1 3009.DAT
0 STEP
1 86 1860.0 -600 30.0 0 0 1 0 1 0 -1 0 0 3002.DAT
0 STEP
1 86 1880.0 -624 10.0 -1 0 0 0 1 0 0 0 -1 3010.DAT
0 STEP
1 86 1900.0 -672 10.0 -1 0 0 0 1 0 0 0 -1 3009.DAT
0 STEP
1 86 1850.0 -744 10.0 0 0 1 0 1 0 -1 0 0 3005.DAT
0 STEP
1 86 1880.0 -768 10.0 -1 0 0 0 1 0 0 0 -1 3010.DAT
0 STEP
1 86 1850.0 -1008 30.0 0 0 1 0 1 0 -1 0 0 3622.DAT
0 STEP
1 86 1850.0 -1056 10.0 0 0 1 0 1 0 -1 0 0 3005.DAT
0 STEP
1 86 1860.0 -1080 30.0 0 0 1 0 1 0 -1 0 0 3002.DAT
0 STEP
1 86 1860.0 -1128 30.0 0 0 1 0 1 0 -1 0 0 3002.DAT
0 STEP
1 86 1850.0 -1176 10.0 0 0 1 0 1 0 -1 0 0 3005.DAT
0 STEP
1 86 1900.0 -1224 10.0 -1 0 0 0 1 0 0 0 -1 3009.DAT
0 STEP
1 86 1900.0 -1272 10.0 -1 0 0 0 1 0 0 0 -1 3009.DAT
0 STEP
1 86 1860.0 -1368 30.0 0 0 1 0 1 0 -1 0 0 3002.DAT
0 STEP
1 86 1850.0 -1416 10.0 0 0 1 0 1 0 -1 0 0 3005.DAT
0 STEP
1 86 1860.0 -1464 30.0 0 0 1 0 1 0 -1 0 0 3002.DAT
0 STEP
1 86 1850.0 -1536 10.0 0 0 1 0 1 0 -1 0 0 3005.DAT
0 STEP
1 86 1870.0 -1608 20.0 -1 0 0 0 1 0 0 0 -1 3002.DAT
0 STEP
1 86 1860.0 -1680 30.0 0 0 1 0 1 0 -1 0 0 3002.DAT
0 STEP
1 86 1860.0 -1728 40.0 0 0 1 0 1 0 -1 0 0 3001.DAT
0 STEP
1 86 1880.0 -1752 20.0 -1 0 0 0 1 0 0 0 -1 3001.DAT
0 STEP
1 86 1850.0 -648 30.0 0 0 1 0 1 0 -1 0 0 3005.DAT
0 STEP
1 86 1870.0 -768 40.0 -1 0 0 0 1 0 0 0 -1 3002.DAT
0 STEP
1 86 1880.0 -888 30.0 -1 0 0 0 1 0 0 0 -1 3010.DAT
0 STEP
1 86 1900.0 -1056 40.0 -1 0 0 0 1 0 0 0 -1 2456.DAT
0 STEP
1 86 1880.0 -1176 40.0 -1 0 0 0 1 0 0 0 -1 3001.DAT
0 STEP
1 86 1900.0 -1224 40.0 -1 0 0 0 1 0 0 0 -1 2456.DAT
0 STEP
1 86 1850.0 -1272 40.0 0 0 1 0 1 0 -1 0 0 3004.DAT
0 STEP
1 86 1850.0 -1320 40.0 0 0 1 0 1 0 -1 0 0 3004.DAT
0 STEP
1 86 1870.0 -1536 40.0 -1 0 0 0 1 0 0 0 -1 3002.DAT
0 STEP
1 86 1880.0 -1704 30.0 -1 0 0 0 1 0 0 0 -1 3010.DAT
0 STEP
1 86 1880.0 0 50.0 -1 0 0 0 1 0 0 0 -1 3010.DAT
0 STEP
1 86 1850.0 -72 50.0 0 0 1 0 1 0 -1 0 0 3005.DAT
0 STEP
1 86 1870.0 -144 50.0 -1 0 0 0 1 0 0 0 -1 3622.DAT
0 STEP
1 86 1900.0 -336 50.0 -1 0 0 0 1 0 0 0 -1 3009.DAT
0 STEP
1 86 1880.0 -624 50.0 -1 0 0 0 1 0 0 0 -1 3010.DAT
0 STEP
1 86 1850.0 -744 50.0 0 0 1 0 1 0 -1 0 0 3005.DAT
0 STEP
1 86 1850.0 -840 50.0 0 0 1 0 1 0 -1 0 0 3005.DAT
0 STEP
1 86 1880.0 -1560 50.0 -1 0 0 0 1 0 0 0 -1 3010.DAT
0 STEP
1 86 1860.0 -1704 70.0 0 0 1 0 1 0 -1 0 0 3002.DAT
0 STEP
1 86 1850.0 -24 90.0 0 0 1 0 1 0 -1 0 0 3622.DAT
0 STEP
1 86 1860.0 -1752 100.0 0 0 1 0 1 0 -1 0 0 3001.DAT
0 STEP
1 86 1880.0 -1704 120.0 -1 0 0 0 1 0 0 0 -1 3001.DAT
0 STEP
1 86 1880.0 -24 130.0 -1 0 0 0 1 0 0 0 -1 3010.DAT
0 STEP
1 86 1860.0 -1728 160.0 0 0 1 0 1 0 -1 0 0 3001.DAT
0 STEP
1 86 1850.0 -24 150.0 0 0 1 0 1 0 -1 0 0 3005.DAT
0 STEP
1 86 1880.0 -1704 150.0 -1 0 0 0 1 0 0 0 -1 3010.DAT
0 STEP
1 86 1880.0 -24 170.0 -1 0 0 0 1 0 0 0 -1 3010.DAT
0 STEP
1 86 1900.0 -1704 170.0 -1 0 0 0 1 0 0 0 -1 3009.DAT
0 STEP
1 86 1850.0 0 190.0 0 0 1 0 1 0 -1 0 0 3005.DAT
0 STEP
1 86 1900.0 -48 190.0 -1 0 0 0 1 0 0 0 -1 3009.DAT
0 STEP
1 86 1880.0 -1704 190.0 -1 0 0 0 1 0 0 0 -1 3010.DAT
0 STEP
1 86 1860.0 0 240.0 0 0 1 0 1 0 -1 0 0 3001.DAT
0 STEP
1 86 1880.0 -1704 220.0 -1 0 0 0 1 0 0 0 -1 3001.DAT
0 STEP
1 86 1860.0 -1728 230.0 0 0 1 0 1 0 -1 0 0 3002.DAT
0 STEP
1 86 1850.0 -48 280.0 0 0 1 0 1 0 -1 0 0 3009.DAT
0 STEP
1 86 1880.0 -1704 260.0 -1 0 0 0 1 0 0 0 -1 3001.DAT
0 STEP
1 86 1850.0 -1752 280.0 0 0 1 0 1 0 -1 0 0 3010.DAT
0 STEP
1 86 1880.0 -24 300.0 -1 0 0 0 1 0 0 0 -1 3001.DAT
0 STEP
1 86 1880.0 -1704 290.0 -1 0 0 0 1 0 0 0 -1 3010.DAT
0 STEP
1 86 1880.0 -1704 320.0 -1 0 0 0 1 0 0 0 -1 3001.DAT
0 STEP
1 86 1880.0 -24 330.0 -1 0 0 0 1 0 0 0 -1 3010.DAT
0 STEP
1 86 1880.0 -1752 340.0 -1 0 0 0 1 0 0 0 -1 3001.DAT
0 STEP
1 86 1850.0 -24 360.0 0 0 1 0 1 0 -1 0 0 3004.DAT
0 STEP
1 86 1900.0 -1704 350.0 -1 0 0 0 1 0 0 0 -1 3009.DAT
0 STEP
1 86 1850.0 -48 380.0 0 0 1 0 1 0 -1 0 0 3004.DAT
0 STEP
1 86 1860.0 -1704 400.0 0 0 1 0 1 0 -1 0 0 3001.DAT
0 STEP
1 86 1860.0 -1752 420.0 0 0 1 0 1 0 -1 0 0 3001.DAT
0 STEP
1 86 1880.0 -48 420.0 -1 0 0 0 1 0 0 0 -1 3001.DAT
0 STEP
1 86 1850.0 -984 410.0 0 0 1 0 1 0 -1 0 0 3005.DAT
0 STEP
1 86 1900.0 -1008 410.0 -1 0 0 0 1 0 0 0 -1 3009.DAT
0 STEP
1 86 1880.0 -1152 420.0 -1 0 0 0 1 0 0 0 -1 3001.DAT
0 STEP
1 86 1900.0 -1200 410.0 -1 0 0 0 1 0 0 0 -1 3009.DAT
0 STEP
1 86 1850.0 -1272 430.0 0 0 1 0 1 0 -1 0 0 3622.DAT
0 STEP
1 86 1860.0 -1296 430.0 0 0 1 0 1 0 -1 0 0 3002.DAT
0 STEP
1 86 1850.0 -1344 430.0 0 0 1 0 1 0 -1 0 0 3622.DAT
0 STEP
1 86 1850.0 -1392 410.0 0 0 1 0 1 0 -1 0 0 3005.DAT
0 STEP
1 86 1850.0 -1488 430.0 0 0 1 0 1 0 -1 0 0 3622.DAT
0 STEP
1 86 1850.0 -1536 430.0 0 0 1 0 1 0 -1 0 0 3622.DAT
0 STEP
1 86 1850.0 -1584 420.0 0 0 1 0 1 0 -1 0 0 3004.DAT
0 STEP
1 86 1880.0 0 430.0 -1 0 0 0 1 0 0 0 -1 3010.DAT
0 STEP
1 86 1880.0 -960 440.0 -1 0 0 0 1 0 0 0 -1 3001.DAT
0 STEP
1 86 1850.0 -1176 440.0 0 0 1 0 1 0 -1 0 0 3004.DAT
0 STEP
1 86 1850.0 -1224 430.0 0 0 1 0 1 0 -1 0 0 3005.DAT
0 STEP
1 86 1880.0 -1320 430.0 -1 0 0 0 1 0 0 0 -1 3010.DAT
0 STEP
1 86 1900.0 -1368 430.0 -1 0 0 0 1 0 0 0 -1 3009.DAT
0 STEP
1 86 1880.0 -48 460.0 -1 0 0 0 1 0 0 0 -1 3001.DAT
0 STEP
1 86 1880.0 -888 450.0 -1 0 0 0 1 0 0 0 -1 3010.DAT
0 STEP
1 86 1900.0 -1008 450.0 -1 0 0 0 1 0 0 0 -1 3009.DAT
0 STEP
1 86 1850.0 -1392 450.0 0 0 1 0 1 0 -1 0 0 3005.DAT
0 STEP
1 86 1850.0 -1440 450.0 0 0 1 0 1 0 -1 0 0 3005.DAT
0 STEP
1 86 1880.0 -1704 450.0 -1 0 0 0 1 0 0 0 -1 3010.DAT
0 STEP
1 86 1880.0 -864 480.0 -1 0 0 0 1 0 0 0 -1 3001.DAT
0 STEP
1 86 1860.0 -888 490.0 0 0 1 0 1 0 -1 0 0 3002.DAT
0 STEP
1 86 1850.0 -48 520.0 0 0 1 0 1 0 -1 0 0 3010.DAT
0 STEP
1 86 1880.0 -864 520.0 -1 0 0 0 1 0 0 0 -1 3001.DAT
0 STEP
1 86 1850.0 0 580.0 0 0 1 0 1 0 -1 0 0 3009.DAT
0 STEP
1 86 1850.0 -912 560.0 0 0 1 0 1 0 -1 0 0 3010.DAT
0 STEP
1 86 1880.0 -864 560.0 -1 0 0 0 1 0 0 0 -1 3001.DAT
0 STEP
1 86 1850.0 -48 600.0 0 0 1 0 1 0 -1 0 0 3004.DAT
0 STEP
1 86 1900.0 -864 590.0 -1 0 0 0 1 0 0 0 -1 3009.DAT
0 STEP
1 86 1900.0 -864 620.0 -1 0 0 0 1 0 0 0 -1 2456.DAT
0 STEP
1 86 1850.0 -888 640.0 0 0 1 0 1 0 -1 0 0 3010.DAT
0 STEP
1 86 1850.0 -912 610.0 0 0 1 0 1 0 -1 0 0 3005.DAT
0 STEP
1 86 1900.0 -912 630.0 -1 0 0 0 1 0 0 0 -1 3009.DAT
0 STEP
1 86 1860.0 0 660.0 0 0 1 0 1 0 -1 0 0 3003.DAT
0 STEP
1 86 1900.0 -96 650.0 -1 0 0 0 1 0 0 0 -1 3009.DAT
0 STEP
1 86 1860.0 -384 670.0 0 0 1 0 1 0 -1 0 0 3002.DAT
0 STEP
1 86 1860.0 -480 670.0 0 0 1 0 1 0 -1 0 0 3002.DAT
0 STEP
1 86 1880.0 -552 660.0 -1 0 0 0 1 0 0 0 -1 3001.DAT
0 STEP
1 86 1860.0 -600 670.0 0 0 1 0 1 0 -1 0 0 3002.DAT
0 STEP
1 86 1850.0 -864 670.0 0 0 1 0 1 0 -1 0 0 3622.DAT
0 STEP
1 86 1850.0 -912 650.0 0 0 1 0 1 0 -1 0 0 3005.DAT
0 STEP
1 86 1870.0 -120 680.0 -1 0 0 0 1 0 0 0 -1 3002.DAT
0 STEP
1 86 1880.0 -192 670.0 -1 0 0 0 1 0 0 0 -1 3010.DAT
0 STEP
1 86 1850.0 -216 700.0 0 0 1 0 1 0 -1 0 0 3010.DAT
0 STEP
1 86 1870.0 -240 670.0 -1 0 0 0 1 0 0 0 -1 3622.DAT
0 STEP
1 86 1850.0 -264 700.0 0 0 1 0 1 0 -1 0 0 3010.DAT
0 STEP
1 86 1900.0 -288 670.0 -1 0 0 0 1 0 0 0 -1 3009.DAT
0 STEP
1 86 1850.0 -312 700.0 0 0 1 0 1 0 -1 0 0 3010.DAT
0 STEP
1 86 1850.0 -648 700.0 0 0 1 0 1 0 -1 0 0 3010.DAT
0 STEP
1 86 1860.0 -672 670.0 -1 0 0 0 1 0 0 0 -1 3004.DAT
0 STEP
1 86 1850.0 -696 680.0 0 0 1 0 1 0 -1 0 0 3004.DAT
0 STEP
1 86 1900.0 -720 680.0 -1 0 0 0 1 0 0 0 -1 2456.DAT
0 STEP
1 86 1850.0 -744 670.0 0 0 1 0 1 0 -1 0 0 3005.DAT
0 STEP
1 86 1850.0 -768 700.0 0 0 1 0 1 0 -1 0 0 3010.DAT
0 STEP
1 86 1870.0 -792 670.0 -1 0 0 0 1 0 0 0 -1 3622.DAT
0 STEP
1 86 1850.0 -816 690.0 0 0 1 0 1 0 -1 0 0 3622.DAT
0 STEP
1 86 1900.0 -912 680.0 -1 0 0 0 1 0 0 0 -1 2456.DAT
0 STEP
1 86 1870.0 0 690.0 -1 0 0 0 1 0 0 0 -1 3622.DAT
0 STEP
1 86 1850.0 -24 690.0 0 0 1 0 1 0 -1 0 0 3005.DAT
0 STEP
1 86 1900.0 -96 690.0 -1 0 0 0 1 0 0 0 -1 3009.DAT
0 STEP
1 86 1850.0 -168 720.0 0 0 1 0 1 0 -1 0 0 3010.DAT
0 STEP
1 86 1900.0 -336 690.0 -1 0 0 0 1 0 0 0 -1 3009.DAT
0 STEP
1 86 1880.0 -552 690.0 -1 0 0 0 1 0 0 0 -1 3010.DAT
0 STEP
1 86 1900.0 -672 690.0 -1 0 0 0 1 0 0 0 -1 3009.DAT
0 STEP
1 86 1850.0 -672 730.0 0 0 1 0 1 0 -1 0 0 3622.DAT
0 STEP
1 86 1850.0 -720 710.0 0 0 1 0 1 0 -1 0 0 3005.DAT
0 STEP
1 86 1870.0 -720 740.0 -1 0 0 0 1 0 0 0 -1 3002.DAT
0 STEP
1 86 1870.0 -816 730.0 -1 0 0 0 1 0 0 0 -1 3622.DAT
0 STEP
1 86 1850.0 -216 750.0 0 0 1 0 1 0 -1 0 0 3005.DAT
0 STEP
1 86 1850.0 -264 750.0 0 0 1 0 1 0 -1 0 0 3005.DAT
0 STEP
1 86 1850.0 -312 750.0 0 0 1 0 1 0 -1 0 0 3005.DAT
0 STEP
1 86 1870.0 -648 750.0 -1 0 0 0 1 0 0 0 -1 3622.DAT
0 STEP
1 86 1870.0 -768 750.0 -1 0 0 0 1 0 0 0 -1 3622.DAT
0 STEP
1 86 1870.0 -24 40.0 0 0 1 0 1 0 -1 0 0 3010.DAT
0 STEP
1 86 1900.0 -168 10.0 -1 0 0 0 1 0 0 0 -1 3010.DAT
0 STEP
1 86 1880.0 -264 30.0 0 0 1 0 1 0 -1 0 0 3002.DAT
0 STEP
1 86 1880.0 -312 30.0 0 0 1 0 1 0 -1 0 0 3002.DAT
0 STEP
1 86 1900.0 -336 20.0 -1 0 0 0 1 0 0 0 -1 3001.DAT
0 STEP
1 86 1880.0 -384 30.0 0 0 1 0 1 0 -1 0 0 3002.DAT
0 STEP
1 86 1880.0 -432 30.0 0 0 1 0 1 0 -1 0 0 3002.DAT
0 STEP
1 86 1870.0 -552 30.0 0 0 1 0 1 0 -1 0 0 3622.DAT
0 STEP
1 86 1880.0 -648 20.0 0 0 1 0 1 0 -1 0 0 3003.DAT
0 STEP
1 86 1880.0 -696 30.0 0 0 1 0 1 0 -1 0 0 3002.DAT
0 STEP
1 86 1870.0 -720 20.0 0 0 1 0 1 0 -1 0 0 3004.DAT
0 STEP
1 86 1880.0 -744 30.0 0 0 1 0 1 0 -1 0 0 3002.DAT
0 STEP
1 86 1870.0 -792 10.0 0 0 1 0 1 0 -1 0 0 3005.DAT
0 STEP
1 86 1900.0 -816 10.0 -1 0 0 0 1 0 0 0 -1 3010.DAT
0 STEP
1 86 1880.0 -840 30.0 0 0 1 0 1 0 -1 0 0 3002.DAT
0 STEP
1 86 1880.0 -912 30.0 0 0 1 0 1 0 -1 0 0 3002.DAT
0 STEP
1 86 1900.0 -960 10.0 -1 0 0 0 1 0 0 0 -1 3010.DAT
0 STEP
1 86 1870.0 -1008 20.0 0 0 1 0 1 0 -1 0 0 3004.DAT
0 STEP
1 86 1900.0 -1056 10.0 -1 0 0 0 1 0 0 0 -1 3010.DAT
0 STEP
1 86 1870.0 -1152 20.0 0 0 1 0 1 0 -1 0 0 3004.DAT
0 STEP
1 86 1900.0 -1176 10.0 -1 0 0 0 1 0 0 0 -1 3010.DAT
0 STEP
1 86 1870.0 -1200 20.0 0 0 1 0 1 0 -1 0 0 3004.DAT
0 STEP
1 86 1880.0 -1320 30.0 0 0 1 0 1 0 -1 0 0 3002.DAT
0 STEP
1 86 1880.0 -1416 30.0 0 0 1 0 1 0 -1 0 0 3002.DAT
0 STEP
1 86 1900.0 -1536 10.0 -1 0 0 0 1 0 0 0 -1 3010.DAT
0 STEP
1 86 1880.0 -1584 30.0 0 0 1 0 1 0 -1 0 0 3002.DAT
0 STEP
1 86 1880.0 -1632 30.0 0 0 1 0 1 0 -1 0 0 3002.DAT
0 STEP
1 86 1870.0 -72 40.0 0 0 1 0 1 0 -1 0 0 3004.DAT
0 STEP
1 86 1870.0 -672 30.0 0 0 1 0 1 0 -1 0 0 3005.DAT
0 STEP
1 86 1900.0 -816 40.0 -1 0 0 0 1 0 0 0 -1 3001.DAT
0 STEP
1 86 1870.0 -960 40.0 0 0 1 0 1 0 -1 0 0 3004.DAT
0 STEP
1 86 1870.0 -1032 30.0 0 0 1 0 1 0 -1 0 0 3005.DAT
0 STEP
1 86 1900.0 -1104 40.0 -1 0 0 0 1 0 0 0 -1 3001.DAT
0 STEP
1 86 1900.0 -1272 30.0 -1 0 0 0 1 0 0 0 -1 3010.DAT
0 STEP
1 86 1870.0 -1488 30.0 0 0 1 0 1 0 -1 0 0 3005.DAT
0 STEP
1 86 1870.0 -360 50.0 0 0 1 0 1 0 -1 0 0 3005.DAT
0 STEP
1 86 1870.0 -504 50.0 0 0 1 0 1 0 -1 0 0 3005.DAT
0 STEP
1 86 1900.0 -672 50.0 -1 0 0 0 1 0 0 0 -1 3010.DAT
0 STEP
1 86 1900.0 -720 50.0 -1 0 0 0 1 0 0 0 -1 3010.DAT
0 STEP
1 86 1870.0 -792 50.0 0 0 1 0 1 0 -1 0 0 3005.DAT
0 STEP
1 86 1900.0 -1008 50.0 -1 0 0 0 1 0 0 0 -1 3010.DAT
0 STEP
1 86 1870.0 -1272 50.0 0 0 1 0 1 0 -1 0 0 3005.DAT
0 STEP
1 86 1870.0 -24 90.0 0 0 1 0 1 0 -1 0 0 3005.DAT
0 STEP
1 86 1870.0 0 110.0 0 0 1 0 1 0 -1 0 0 3005.DAT
0 STEP
1 86 1900.0 -24 110.0 -1 0 0 0 1 0 0 0 -1 3010.DAT
0 STEP
1 86 1870.0 -48 130.0 0 0 1 0 1 0 -1 0 0 3622.DAT
0 STEP
1 86 1870.0 0 160.0 0 0 1 0 1 0 -1 0 0 3010.DAT
0 STEP
1 86 1900.0 -24 150.0 -1 0 0 0 1 0 0 0 -1 3010.DAT
0 STEP
1 86 1900.0 -24 220.0 -1 0 0 0 1 0 0 0 -1 3001.DAT
0 STEP
1 86 1880.0 -48 260.0 0 0 1 0 1 0 -1 0 0 3001.DAT
0 STEP
1 86 1880.0 -1752 280.0 0 0 1 0 1 0 -1 0 0 3001.DAT
0 STEP
1 86 1870.0 -1728 340.0 0 0 1 0 1 0 -1 0 0 3009.DAT
0 STEP
1 86 1870.0 -48 320.0 0 0 1 0 1 0 -1 0 0 3004.DAT
0 STEP
1 86 1870.0 0 340.0 0 0 1 0 1 0 -1 0 0 3004.DAT
0 STEP
1 86 1870.0 -24 400.0 0 0 1 0 1 0 -1 0 0 3009.DAT
0 STEP
1 86 1870.0 -48 370.0 0 0 1 0 1 0 -1 0 0 3005.DAT
0 STEP
1 86 1890.0 -48 390.0 -1 0 0 0 1 0 0 0 -1 3622.DAT
0 STEP
1 86 1870.0 0 410.0 0 0 1 0 1 0 -1 0 0 3005.DAT
0 STEP
1 86 1900.0 -936 410.0 -1 0 0 0 1 0 0 0 -1 3010.DAT
0 STEP
1 86 1880.0 -984 430.0 0 0 1 0 1 0 -1 0 0 3002.DAT
0 STEP
1 86 1880.0 -1032 430.0 0 0 1 0 1 0 -1 0 0 3002.DAT
0 STEP
1 86 1880.0 -1080 430.0 0 0 1 0 1 0 -1 0 0 3002.DAT
0 STEP
1 86 1880.0 -1128 430.0 0 0 1 0 1 0 -1 0 0 3002.DAT
0 STEP
1 86 1880.0 -1176 430.0 0 0 1 0 1 0 -1 0 0 3002.DAT
0 STEP
1 86 1880.0 -1224 420.0 0 0 1 0 1 0 -1 0 0 3003.DAT
0 STEP
1 86 1890.0 -1272 410.0 -1 0 0 0 1 0 0 0 -1 3622.DAT
0 STEP
1 86 1880.0 -1344 430.0 0 0 1 0 1 0 -1 0 0 3002.DAT
0 STEP
1 86 1880.0 -1392 430.0 0 0 1 0 1 0 -1 0 0 3002.DAT
0 STEP
1 86 1880.0 -1440 430.0 0 0 1 0 1 0 -1 0 0 3002.DAT
0 STEP
1 86 1880.0 -1488 430.0 0 0 1 0 1 0 -1 0 0 3002.DAT
0 STEP
1 86 1880.0 -1536 430.0 0 0 1 0 1 0 -1 0 0 3002.DAT
0 STEP
1 86 1870.0 -1584 430.0 0 0 1 0 1 0 -1 0 0 3622.DAT
0 STEP
1 86 1870.0 -1632 430.0 0 0 1 0 1 0 -1 0 0 3622.DAT
0 STEP
1 86 1890.0 -1656 410.0 -1 0 0 0 1 0 0 0 -1 3622.DAT
0 STEP
1 86 1900.0 -1728 410.0 -1 0 0 0 1 0 0 0 -1 3010.DAT
0 STEP
1 86 1880.0 -912 460.0 0 0 1 0 1 0 -1 0 0 3001.DAT
0 STEP
1 86 1870.0 -936 430.0 0 0 1 0 1 0 -1 0 0 3005.DAT
0 STEP
1 86 1900.0 -1200 440.0 -1 0 0 0 1 0 0 0 -1 3001.DAT
0 STEP
1 86 1890.0 -1272 440.0 -1 0 0 0 1 0 0 0 -1 3002.DAT
0 STEP
1 86 1890.0 -1656 440.0 -1 0 0 0 1 0 0 0 -1 3002.DAT
0 STEP
1 86 1900.0 -1728 440.0 -1 0 0 0 1 0 0 0 -1 3001.DAT
0 STEP
1 86 1890.0 0 460.0 -1 0 0 0 1 0 0 0 -1 3002.DAT
0 STEP
1 86 1870.0 -1680 450.0 0 0 1 0 1 0 -1 0 0 3005.DAT
0 STEP
1 86 1900.0 0 490.0 -1 0 0 0 1 0 0 0 -1 3010.DAT
0 STEP
1 86 1880.0 -48 510.0 0 0 1 0 1 0 -1 0 0 3002.DAT
0 STEP
1 86 1900.0 0 520.0 -1 0 0 0 1 0 0 0 -1 3001.DAT
0 STEP
1 86 1870.0 -888 530.0 0 0 1 0 1 0 -1 0 0 3005.DAT
0 STEP
1 86 1880.0 -912 560.0 0 0 1 0 1 0 -1 0 0 3001.DAT
0 STEP
1 86 1900.0 0 550.0 -1 0 0 0 1 0 0 0 -1 3010.DAT
0 STEP
1 86 1880.0 -48 580.0 0 0 1 0 1 0 -1 0 0 3001.DAT
0 STEP
1 86 1870.0 0 570.0 0 0 1 0 1 0 -1 0 0 3005.DAT
0 STEP
1 86 1870.0 -24 600.0 0 0 1 0 1 0 -1 0 0 3010.DAT
0 STEP
1 86 1900.0 0 600.0 -1 0 0 0 1 0 0 0 -1 3001.DAT
0 STEP
1 86 1880.0 -888 620.0 0 0 1 0 1 0 -1 0 0 3001.DAT
0 STEP
1 86 1900.0 -912 610.0 -1 0 0 0 1 0 0 0 -1 3010.DAT
0 STEP
1 86 1870.0 0 630.0 0 0 1 0 1 0 -1 0 0 3005.DAT
0 STEP
1 86 1900.0 -24 660.0 -1 0 0 0 1 0 0 0 -1 3001.DAT
0 STEP
1 86 1900.0 -72 660.0 -1 0 0 0 1 0 0 0 -1 3001.DAT
0 STEP
1 86 1870.0 -144 670.0 0 0 1 0 1 0 -1 0 0 3622.DAT
0 STEP
1 86 1870.0 -168 650.0 0 0 1 0 1 0 -1 0 0 3005.DAT
0 STEP
1 86 1900.0 -192 650.0 -1 0 0 0 1 0 0 0 -1 3010.DAT
0 STEP
1 86 1870.0 -216 670.0 0 0 1 0 1 0 -1 0 0 3622.DAT
0 STEP
1 86 1880.0 -240 650.0 -1 0 0 0 1 0 0 0 -1 3004.DAT
0 STEP
1 86 1880.0 -264 670.0 0 0 1 0 1 0 -1 0 0 3002.DAT
0 STEP
1 86 1880.0 -288 650.0 -1 0 0 0 1 0 0 0 -1 3004.DAT
0 STEP
1 86 1890.0 -312 650.0 -1 0 0 0 1 0 0 0 -1 3622.DAT
0 STEP
1 86 1880.0 -336 650.0 -1 0 0 0 1 0 0 0 -1 3004.DAT
0 STEP
1 86 1880.0 -432 670.0 0 0 1 0 1 0 -1 0 0 3002.DAT
0 STEP
1 86 1880.0 -504 670.0 0 0 1 0 1 0 -1 0 0 3002.DAT
0 STEP
1 86 1870.0 -624 650.0 0 0 1 0 1 0 -1 0 0 3005.DAT
0 STEP
1 86 1880.0 -648 670.0 0 0 1 0 1 0 -1 0 0 3002.DAT
0 STEP
1 86 1870.0 -672 650.0 0 0 1 0 1 0 -1 0 0 3005.DAT
0 STEP
1 86 1900.0 -696 660.0 -1 0 0 0 1 0 0 0 -1 3001.DAT
0 STEP
1 86 1880.0 -720 650.0 -1 0 0 0 1 0 0 0 -1 3004.DAT
0 STEP
1 86 1870.0 -744 660.0 0 0 1 0 1 0 -1 0 0 3004.DAT
0 STEP
1 86 1900.0 -768 660.0 -1 0 0 0 1 0 0 0 -1 3001.DAT
0 STEP
1 86 1880.0 -792 650.0 -1 0 0 0 1 0 0 0 -1 3004.DAT
0 STEP
1 86 1870.0 -816 660.0 0 0 1 0 1 0 -1 0 0 3004.DAT
0 STEP
1 86 1870.0 -864 660.0 0 0 1 0 1 0 -1 0 0 3004.DAT
0 STEP
1 86 1900.0 -912 650.0 -1 0 0 0 1 0 0 0 -1 3010.DAT
0 STEP
1 86 1890.0 -312 680.0 -1 0 0 0 1 0 0 0 -1 3002.DAT
0 STEP
1 86 1880.0 -888 670.0 -1 0 0 0 1 0 0 0 -1 3004.DAT
0 STEP
1 86 1900.0 -24 690.0 -1 0 0 0 1 0 0 0 -1 3010.DAT
0 STEP
1 86 1900.0 -72 690.0 -1 0 0 0 1 0 0 0 -1 3010.DAT
0 STEP
1 86 1870.0 -168 690.0 0 0 1 0 1 0 -1 0 0 3005.DAT
0 STEP
1 86 1870.0 -360 690.0 0 0 1 0 1 0 -1 0 0 3005.DAT
0 STEP
1 86 1870.0 -576 690.0 0 0 1 0 1 0 -1 0 0 3005.DAT
0 STEP
1 86 1870.0 -624 690.0 0 0 1 0 1 0 -1 0 0 3005.DAT
0 STEP
1 86 1900.0 -696 690.0 -1 0 0 0 1 0 0 0 -1 3010.DAT
0 STEP
1 86 1870.0 -768 690.0 0 0 1 0 1 0 -1 0 0 3005.DAT
0 STEP
1 86 1900.0 -816 690.0 -1 0 0 0 1 0 0 0 -1 3010.DAT
0 STEP
1 86 1900.0 -864 690.0 -1 0 0 0 1 0 0 0 -1 3010.DAT
0 STEP
1 86 1880.0 -168 740.0 0 0 1 0 1 0 -1 0 0 3003.DAT
0 STEP
1 86 1880.0 -216 740.0 0 0 1 0 1 0 -1 0 0 3003.DAT
0 STEP
1 86 1880.0 -264 740.0 0 0 1 0 1 0 -1 0 0 3003.DAT
0 STEP
1 86 1880.0 -312 740.0 0 0 1 0 1 0 -1 0 0 3003.DAT
0 STEP
1 86 1880.0 -624 740.0 0 0 1 0 1 0 -1 0 0 3003.DAT
0 STEP
1 86 1880.0 -648 730.0 -1 0 0 0 1 0 0 0 -1 3004.DAT
0 STEP
1 86 1880.0 -672 740.0 0 0 1 0 1 0 -1 0 0 3003.DAT
0 STEP
1 86 1880.0 -768 730.0 -1 0 0 0 1 0 0 0 -1 3004.DAT
0 STEP
1 86 1880.0 -792 740.0 0 0 1 0 1 0 -1 0 0 3003.DAT
0 STEP
1 86 1870.0 -744 750.0 0 0 1 0 1 0 -1 0 0 3005.DAT
0 STEP
1 86 1920.0 -24 10.0 -1 0 0 0 1 0 0 0 -1 3010.DAT
0 STEP
1 86 1920.0 -120 20.0 -1 0 0 0 1 0 0 0 -1 3001.DAT
0 STEP
1 86 1920.0 -192 20.0 -1 0 0 0 1 0 0 0 -1 3001.DAT
0 STEP
1 86 1920.0 -480 10.0 -1 0 0 0 1 0 0 0 -1 3010.DAT
0 STEP
1 86 1920.0 -552 20.0 -1 0 0 0 1 0 0 0 -1 3001.DAT
0 STEP
1 86 1890.0 -576 30.0 0 0 1 0 1 0 -1 0 0 3622.DAT
0 STEP
1 86 1890.0 -600 30.0 0 0 1 0 1 0 -1 0 0 3622.DAT
0 STEP
1 86 1920.0 -720 20.0 -1 0 0 0 1 0 0 0 -1 3001.DAT
0 STEP
1 86 1920.0 -792 20.0 -1 0 0 0 1 0 0 0 -1 3001.DAT
0 STEP
1 86 1920.0 -864 20.0 -1 0 0 0 1 0 0 0 -1 3001.DAT
0 STEP
1 86 1920.0 -1008 20.0 -1 0 0 0 1 0 0 0 -1 3001.DAT
0 STEP
1 86 1890.0 -1032 30.0 0 0 1 0 1 0 -1 0 0 3622.DAT
0 STEP
1 86 1900.0 -1080 30.0 0 0 1 0 1 0 -1 0 0 3002.DAT
0 STEP
1 86 1920.0 -1128 20.0 -1 0 0 0 1 0 0 0 -1 3001.DAT
0 STEP
1 86 1890.0 -1152 30.0 0 0 1 0 1 0 -1 0 0 3622.DAT
0 STEP
1 86 1920.0 -1200 10.0 -1 0 0 0 1 0 0 0 -1 3010.DAT
0 STEP
1 86 1890.0 -1248 30.0 0 0 1 0 1 0 -1 0 0 3622.DAT
0 STEP
1 86 1890.0 -1368 30.0 0 0 1 0 1 0 -1 0 0 3622.DAT
0 STEP
1 86 1890.0 -1464 30.0 0 0 1 0 1 0 -1 0 0 3622.DAT
0 STEP
1 86 1920.0 -1680 10.0 -1 0 0 0 1 0 0 0 -1 3010.DAT
0 STEP
1 86 1900.0 -1728 30.0 0 0 1 0 1 0 -1 0 0 3002.DAT
0 STEP
1 86 1920.0 -24 40.0 -1 0 0 0 1 0 0 0 -1 3001.DAT
0 STEP
1 86 1920.0 -72 40.0 -1 0 0 0 1 0 0 0 -1 3001.DAT
0 STEP
1 86 1910.0 -360 40.0 -1 0 0 0 1 0 0 0 -1 3002.DAT
0 STEP
1 86 1910.0 -480 40.0 -1 0 0 0 1 0 0 0 -1 3002.DAT
0 STEP
1 86 1920.0 -672 30.0 -1 0 0 0 1 0 0 0 -1 3010.DAT
0 STEP
1 86 1920.0 -960 40.0 -1 0 0 0 1 0 0 0 -1 3001.DAT
0 STEP
1 86 1910.0 -1200 30.0 -1 0 0 0 1 0 0 0 -1 3622.DAT
0 STEP
1 86 1920.0 -1488 30.0 -1 0 0 0 1 0 0 0 -1 3010.DAT
0 STEP
1 86 1920.0 -1680 40.0 -1 0 0 0 1 0 0 0 -1 3001.DAT
0 STEP
1 86 1920.0 -120 50.0 -1 0 0 0 1 0 0 0 -1 3010.DAT
0 STEP
1 86 1890.0 -192 50.0 0 0 1 0 1 0 -1 0 0 3005.DAT
0 STEP
1 86 1920.0 -504 50.0 -1 0 0 0 1 0 0 0 -1 3010.DAT
0 STEP
1 86 1920.0 -552 50.0 -1 0 0 0 1 0 0 0 -1 3010.DAT
0 STEP
1 86 1890.0 -648 50.0 0 0 1 0 1 0 -1 0 0 3005.DAT
0 STEP
1 86 1920.0 -792 50.0 -1 0 0 0 1 0 0 0 -1 3010.DAT
0 STEP
1 86 1890.0 -864 50.0 0 0 1 0 1 0 -1 0 0 3005.DAT
0 STEP
1 86 1890.0 -984 50.0 0 0 1 0 1 0 -1 0 0 3005.DAT
0 STEP
1 86 1920.0 -1128 50.0 -1 0 0 0 1 0 0 0 -1 3010.DAT
0 STEP
1 86 1920.0 -1272 50.0 -1 0 0 0 1 0 0 0 -1 3010.DAT
0 STEP
1 86 1890.0 -1344 50.0 0 0 1 0 1 0 -1 0 0 3005.DAT
0 STEP
1 86 1900.0 -1704 70.0 0 0 1 0 1 0 -1 0 0 3002.DAT
0 STEP
1 86 1900.0 -1752 80.0 0 0 1 0 1 0 -1 0 0 3001.DAT
0 STEP
1 86 1920.0 -24 80.0 -1 0 0 0 1 0 0 0 -1 3001.DAT
0 STEP
1 86 1920.0 -1728 70.0 -1 0 0 0 1 0 0 0 -1 3010.DAT
0 STEP
1 86 1890.0 0 120.0 0 0 1 0 1 0 -1 0 0 3010.DAT
0 STEP
1 86 1890.0 -48 110.0 0 0 1 0 1 0 -1 0 0 3005.DAT
0 STEP
1 86 1890.0 -1728 160.0 0 0 1 0 1 0 -1 0 0 3009.DAT
0 STEP
1 86 1920.0 -48 140.0 -1 0 0 0 1 0 0 0 -1 3001.DAT
0 STEP
1 86 1920.0 -1752 140.0 -1 0 0 0 1 0 0 0 -1 3001.DAT
0 STEP
1 86 1890.0 0 170.0 0 0 1 0 1 0 -1 0 0 3005.DAT
0 STEP
1 86 1890.0 -1752 200.0 0 0 1 0 1 0 -1 0 0 3010.DAT
0 STEP
1 86 1890.0 0 260.0 0 0 1 0 1 0 -1 0 0 3008.DAT
0 STEP
1 86 1910.0 -24 190.0 -1 0 0 0 1 0 0 0 -1 3622.DAT
0 STEP
1 86 1920.0 -1728 240.0 -1 0 0 0 1 0 0 0 -1 3001.DAT
0 STEP
1 86 1920.0 -1728 300.0 -1 0 0 0 1 0 0 0 -1 3001.DAT
0 STEP
1 86 1920.0 -48 320.0 -1 0 0 0 1 0 0 0 -1 3001.DAT
0 STEP
1 86 1900.0 -1728 360.0 0 0 1 0 1 0 -1 0 0 3001.DAT
0 STEP
1 86 1890.0 0 380.0 0 0 1 0 1 0 -1 0 0 3010.DAT
0 STEP
1 86 1900.0 -24 350.0 -1 0 0 0 1 0 0 0 -1 3004.DAT
0 STEP
1 86 1910.0 -24 380.0 -1 0 0 0 1 0 0 0 -1 3002.DAT
0 STEP
1 86 1920.0 -48 370.0 -1 0 0 0 1 0 0 0 -1 3010.DAT
0 STEP
1 86 1920.0 -1704 370.0 -1 0 0 0 1 0 0 0 -1 3010.DAT
0 STEP
1 86 1900.0 -1704 410.0 0 0 1 0 1 0 -1 0 0 3002.DAT
0 STEP
1 86 1890.0 -1752 410.0 0 0 1 0 1 0 -1 0 0 3622.DAT
0 STEP
1 86 1890.0 -24 440.0 0 0 1 0 1 0 -1 0 0 3010.DAT
0 STEP
1 86 1920.0 -1248 420.0 -1 0 0 0 1 0 0 0 -1 3001.DAT
0 STEP
1 86 1920.0 -1296 420.0 -1 0 0 0 1 0 0 0 -1 3001.DAT
0 STEP
1 86 1920.0 -1416 420.0 -1 0 0 0 1 0 0 0 -1 3001.DAT
0 STEP
1 86 1920.0 -1512 410.0 -1 0 0 0 1 0 0 0 -1 3010.DAT
0 STEP
1 86 1910.0 -1584 410.0 -1 0 0 0 1 0 0 0 -1 3622.DAT
0 STEP
1 86 1890.0 -1632 410.0 0 0 1 0 1 0 -1 0 0 3005.DAT
0 STEP
1 86 1920.0 -936 430.0 -1 0 0 0 1 0 0 0 -1 3010.DAT
0 STEP
1 86 1900.0 -1056 430.0 -1 0 0 0 1 0 0 0 -1 3004.DAT
0 STEP
1 86 1920.0 -1512 440.0 -1 0 0 0 1 0 0 0 -1 3001.DAT
0 STEP
1 86 1910.0 -1584 440.0 -1 0 0 0 1 0 0 0 -1 3002.DAT
0 STEP
1 86 1920.0 -1632 440.0 -1 0 0 0 1 0 0 0 -1 3001.DAT
0 STEP
1 86 1920.0 -1248 450.0 -1 0 0 0 1 0 0 0 -1 3010.DAT
0 STEP
1 86 1920.0 -1296 450.0 -1 0 0 0 1 0 0 0 -1 3010.DAT
0 STEP
1 86 1920.0 -1680 450.0 -1 0 0 0 1 0 0 0 -1 3010.DAT
0 STEP
1 86 1920.0 -1752 450.0 -1 0 0 0 1 0 0 0 -1 3010.DAT
0 STEP
1 86 1910.0 -888 470.0 -1 0 0 0 1 0 0 0 -1 3622.DAT
0 STEP
1 86 1920.0 -888 490.0 -1 0 0 0 1 0 0 0 -1 3010.DAT
0 STEP
1 86 1900.0 -24 540.0 0 0 1 0 1 0 -1 0 0 3001.DAT
0 STEP
1 86 1890.0 -888 530.0 0 0 1 0 1 0 -1 0 0 3622.DAT
0 STEP
1 86 1920.0 0 570.0 -1 0 0 0 1 0 0 0 -1 3010.DAT
0 STEP
1 86 1920.0 -24 590.0 -1 0 0 0 1 0 0 0 -1 3010.DAT
0 STEP
1 86 1920.0 -24 620.0 -1 0 0 0 1 0 0 0 -1 3001.DAT
0 STEP
1 86 1890.0 0 650.0 0 0 1 0 1 0 -1 0 0 3622.DAT
0 STEP
1 86 1890.0 -48 640.0 0 0 1 0 1 0 -1 0 0 3004.DAT
0 STEP
1 86 1890.0 -120 650.0 0 0 1 0 1 0 -1 0 0 3005.DAT
0 STEP
1 86 1920.0 -144 660.0 -1 0 0 0 1 0 0 0 -1 3001.DAT
0 STEP
1 86 1900.0 -168 670.0 0 0 1 0 1 0 -1 0 0 3002.DAT
0 STEP
1 86 1900.0 -216 670.0 0 0 1 0 1 0 -1 0 0 3002.DAT
0 STEP
1 86 1900.0 -360 670.0 0 0 1 0 1 0 -1 0 0 3002.DAT
0 STEP
1 86 1890.0 -384 650.0 0 0 1 0 1 0 -1 0 0 3005.DAT
0 STEP
1 86 1920.0 -480 650.0 -1 0 0 0 1 0 0 0 -1 3010.DAT
0 STEP
1 86 1890.0 -576 650.0 0 0 1 0 1 0 -1 0 0 3005.DAT
0 STEP
1 86 1890.0 -600 670.0 0 0 1 0 1 0 -1 0 0 3622.DAT
0 STEP
1 86 1920.0 -624 650.0 -1 0 0 0 1 0 0 0 -1 3010.DAT
0 STEP
1 86 1920.0 -672 660.0 -1 0 0 0 1 0 0 0 -1 3001.DAT
0 STEP
1 86 1920.0 -744 650.0 -1 0 0 0 1 0 0 0 -1 3010.DAT
0 STEP
1 86 1920.0 -816 660.0 -1 0 0 0 1 0 0 0 -1 3001.DAT
0 STEP
1 86 1920.0 -864 660.0 -1 0 0 0 1 0 0 0 -1 3001.DAT
0 STEP
1 86 1920.0 -384 680.0 -1 0 0 0 1 0 0 0 -1 3001.DAT
0 STEP
1 86 1910.0 -408 670.0 -1 0 0 0 1 0 0 0 -1 3622.DAT
0 STEP
1 86 1920.0 -480 680.0 -1 0 0 0 1 0 0 0 -1 3001.DAT
0 STEP
1 86 1920.0 -576 680.0 -1 0 0 0 1 0 0 0 -1 3001.DAT
0 STEP
1 86 1910.0 -744 670.0 -1 0 0 0 1 0 0 0 -1 3622.DAT
0 STEP
1 86 1920.0 -144 690.0 -1 0 0 0 1 0 0 0 -1 3010.DAT
0 STEP
1 86 1920.0 -624 690.0 -1 0 0 0 1 0 0 0 -1 3010.DAT
0 STEP
1 86 1920.0 -768 690.0 -1 0 0 0 1 0 0 0 -1 3010.DAT
0 STEP
1 86 1900.0 -840 690.0 -1 0 0 0 1 0 0 0 -1 3004.DAT
0 STEP
1 86 1890.0 -240 730.0 0 0 1 0 1 0 -1 0 0 3005.DAT
0 STEP
1 86 1890.0 -288 740.0 0 0 1 0 1 0 -1 0 0 3004.DAT
0 STEP
1 86 1890.0 -696 740.0 0 0 1 0 1 0 -1 0 0 3004.DAT
0 STEP
1 86 1890.0 -744 740.0 0 0 1 0 1 0 -1 0 0 3004.DAT
0 STEP
1 86 1890.0 -192 750.0 0 0 1 0 1 0 -1 0 0 3005.DAT
0 STEP
1 86 1890.0 -816 750.0 0 0 1 0 1 0 -1 0 0 3005.DAT
0 STEP
1 86 1910.0 -48 60.0 0 0 1 0 1 0 -1 0 0 3009.DAT
0 STEP
1 86 1910.0 -96 10.0 0 0 1 0 1 0 -1 0 0 3005.DAT
0 STEP
1 86 1920.0 -216 30.0 0 0 1 0 1 0 -1 0 0 3002.DAT
0 STEP
1 86 1910.0 -264 30.0 0 0 1 0 1 0 -1 0 0 3622.DAT
0 STEP
1 86 1910.0 -312 10.0 0 0 1 0 1 0 -1 0 0 3005.DAT
0 STEP
1 86 1920.0 -384 80.0 0 0 1 0 1 0 -1 0 0 3007.DAT
0 STEP
1 86 1930.0 -408 10.0 -1 0 0 0 1 0 0 0 -1 3622.DAT
0 STEP
1 86 1920.0 -432 40.0 0 0 1 0 1 0 -1 0 0 3001.DAT
0 STEP
1 86 1930.0 -456 10.0 -1 0 0 0 1 0 0 0 -1 3622.DAT
0 STEP
1 86 1910.0 -528 80.0 0 0 1 0 1 0 -1 0 0 3008.DAT
0 STEP
1 86 1930.0 -576 10.0 -1 0 0 0 1 0 0 0 -1 3622.DAT
0 STEP
1 86 1920.0 -600 30.0 0 0 1 0 1 0 -1 0 0 3002.DAT
0 STEP
1 86 1910.0 -648 10.0 0 0 1 0 1 0 -1 0 0 3005.DAT
0 STEP
1 86 1910.0 -696 40.0 0 0 1 0 1 0 -1 0 0 3010.DAT
0 STEP
1 86 1930.0 -744 20.0 -1 0 0 0 1 0 0 0 -1 3002.DAT
0 STEP
1 86 1920.0 -840 40.0 0 0 1 0 1 0 -1 0 0 3001.DAT
0 STEP
1 86 1910.0 -912 10.0 0 0 1 0 1 0 -1 0 0 3005.DAT
0 STEP
1 86 1910.0 -936 40.0 0 0 1 0 1 0 -1 0 0 3010.DAT
0 STEP
1 86 1910.0 -984 30.0 0 0 1 0 1 0 -1 0 0 3622.DAT
0 STEP
1 86 1920.0 -1032 40.0 0 0 1 0 1 0 -1 0 0 3001.DAT
0 STEP
1 86 1910.0 -1152 10.0 0 0 1 0 1 0 -1 0 0 3005.DAT
0 STEP
1 86 1920.0 -1248 60.0 0 0 1 0 1 0 -1 0 0 2456.DAT
0 STEP
1 86 1920.0 -1320 30.0 0 0 1 0 1 0 -1 0 0 3002.DAT
0 STEP
1 86 1910.0 -1368 40.0 0 0 1 0 1 0 -1 0 0 3010.DAT
0 STEP
1 86 1920.0 -1416 40.0 0 0 1 0 1 0 -1 0 0 3001.DAT
0 STEP
1 86 1920.0 -1464 80.0 0 0 1 0 1 0 -1 0 0 3007.DAT
0 STEP
1 86 1910.0 -1512 80.0 0 0 1 0 1 0 -1 0 0 3008.DAT
0 STEP
1 86 1910.0 -1560 20.0 0 0 1 0 1 0 -1 0 0 3004.DAT
0 STEP
1 86 1930.0 -1584 20.0 -1 0 0 0 1 0 0 0 -1 3002.DAT
0 STEP
1 86 1910.0 -1608 60.0 0 0 1 0 1 0 -1 0 0 3009.DAT
0 STEP
1 86 1930.0 -1632 10.0 -1 0 0 0 1 0 0 0 -1 3622.DAT
0 STEP
1 86 1910.0 -1704 10.0 0 0 1 0 1 0 -1 0 0 3005.DAT
0 STEP
1 86 1910.0 0 30.0 0 0 1 0 1 0 -1 0 0 3005.DAT
0 STEP
1 86 1910.0 -96 60.0 0 0 1 0 1 0 -1 0 0 3010.DAT
0 STEP
1 86 1910.0 -312 60.0 0 0 1 0 1 0 -1 0 0 3010.DAT
0 STEP
1 86 1930.0 -504 30.0 -1 0 0 0 1 0 0 0 -1 3622.DAT
0 STEP
1 86 1910.0 -576 60.0 0 0 1 0 1 0 -1 0 0 3010.DAT
0 STEP
1 86 1910.0 -648 60.0 0 0 1 0 1 0 -1 0 0 3010.DAT
0 STEP
1 86 1910.0 -768 80.0 0 0 1 0 1 0 -1 0 0 3009.DAT
0 STEP
1 86 1910.0 -912 60.0 0 0 1 0 1 0 -1 0 0 3010.DAT
0 STEP
1 86 1910.0 -1152 100.0 0 0 1 0 1 0 -1 0 0 3008.DAT
0 STEP
1 86 1930.0 -1536 30.0 -1 0 0 0 1 0 0 0 -1 3622.DAT
0 STEP
1 86 1930.0 -1632 40.0 -1 0 0 0 1 0 0 0 -1 3002.DAT
0 STEP
1 86 1910.0 -144 80.0 0 0 1 0 1 0 -1 0 0 3010.DAT
0 STEP
1 86 1910.0 -192 80.0 0 0 1 0 1 0 -1 0 0 3010.DAT
0 STEP
1 86 1930.0 -408 50.0 -1 0 0 0 1 0 0 0 -1 3622.DAT
0 STEP
1 86 1910.0 -456 80.0 0 0 1 0 1 0 -1 0 0 3010.DAT
0 STEP
1 86 1930.0 -744 50.0 -1 0 0 0 1 0 0 0 -1 3622.DAT
0 STEP
1 86 1930.0 -864 60.0 -1 0 0 0 1 0 0 0 -1 3002.DAT
0 STEP
1 86 1910.0 -1296 80.0 0 0 1 0 1 0 -1 0 0 3010.DAT
0 STEP
1 86 1920.0 -1344 80.0 0 0 1 0 1 0 -1 0 0 3001.DAT
0 STEP
1 86 1930.0 -1536 60.0 -1 0 0 0 1 0 0 0 -1 3002.DAT
0 STEP
1 86 1930.0 -1584 60.0 -1 0 0 0 1 0 0 0 -1 3002.DAT
0 STEP
1 86 1910.0 -1656 100.0 0 0 1 0 1 0 -1 0 0 3009.DAT
0 STEP
1 86 1910.0 0 90.0 0 0 1 0 1 0 -1 0 0 3622.DAT
0 STEP
1 86 1930.0 -72 70.0 -1 0 0 0 1 0 0 0 -1 3622.DAT
0 STEP
1 86 1930.0 -120 80.0 -1 0 0 0 1 0 0 0 -1 3002.DAT
0 STEP
1 86 1920.0 -168 140.0 0 0 1 0 1 0 -1 0 0 3007.DAT
0 STEP
1 86 1920.0 -216 80.0 0 0 1 0 1 0 -1 0 0 3003.DAT
0 STEP
1 86 1920.0 -240 70.0 -1 0 0 0 1 0 0 0 -1 3004.DAT
0 STEP
1 86 1930.0 -264 80.0 -1 0 0 0 1 0 0 0 -1 3002.DAT
0 STEP
1 86 1910.0 -288 70.0 0 0 1 0 1 0 -1 0 0 3005.DAT
0 STEP
1 86 1920.0 -336 100.0 0 0 1 0 1 0 -1 0 0 3001.DAT
0 STEP
1 86 1920.0 -360 80.0 0 0 1 0 1 0 -1 0 0 3003.DAT
0 STEP
1 86 1910.0 -408 100.0 0 0 1 0 1 0 -1 0 0 3010.DAT
0 STEP
1 86 1920.0 -480 80.0 0 0 1 0 1 0 -1 0 0 3003.DAT
0 STEP
1 86 1930.0 -504 80.0 -1 0 0 0 1 0 0 0 -1 3002.DAT
0 STEP
1 86 1920.0 -552 100.0 0 0 1 0 1 0 -1 0 0 3001.DAT
0 STEP
1 86 1920.0 -600 100.0 0 0 1 0 1 0 -1 0 0 3001.DAT
0 STEP
1 86 1910.0 -624 70.0 0 0 1 0 1 0 -1 0 0 3005.DAT
0 STEP
1 86 1910.0 -672 140.0 0 0 1 0 1 0 -1 0 0 3008.DAT
0 STEP
1 86 1920.0 -720 160.0 0 0 1 0 1 0 -1 0 0 3006.DAT
0 STEP
1 86 1930.0 -744 80.0 -1 0 0 0 1 0 0 0 -1 3002.DAT
0 STEP
1 86 1930.0 -792 80.0 -1 0 0 0 1 0 0 0 -1 3002.DAT
0 STEP
1 86 1920.0 -816 100.0 0 0 1 0 1 0 -1 0 0 3001.DAT
0 STEP
1 86 1920.0 -888 70.0 -1 0 0 0 1 0 0 0 -1 3004.DAT
0 STEP
1 86 1910.0 -960 100.0 0 0 1 0 1 0 -1 0 0 3010.DAT
0 STEP
1 86 1930.0 -984 70.0 -1 0 0 0 1 0 0 0 -1 3622.DAT
0 STEP
1 86 1920.0 -1008 120.0 0 0 1 0 1 0 -1 0 0 2456.DAT
0 STEP
1 86 1910.0 -1056 90.0 0 0 1 0 1 0 -1 0 0 3622.DAT
0 STEP
1 86 1930.0 -1080 80.0 -1 0 0 0 1 0 0 0 -1 3002.DAT
0 STEP
1 86 1910.0 -1104 100.0 0 0 1 0 1 0 -1 0 0 3010.DAT
0 STEP
1 86 1930.0 -1128 80.0 -1 0 0 0 1 0 0 0 -1 3002.DAT
0 STEP
1 86 1910.0 -1176 90.0 0 0 1 0 1 0 -1 0 0 3622.DAT
0 STEP
1 86 1920.0 -1200 80.0 0 0 1 0 1 0 -1 0 0 3003.DAT
0 STEP
1 86 1930.0 -1224 80.0 -1 0 0 0 1 0 0 0 -1 3002.DAT
0 STEP
1 86 1930.0 -1272 70.0 -1 0 0 0 1 0 0 0 -1 3622.DAT
0 STEP
1 86 1930.0 -1320 80.0 -1 0 0 0 1 0 0 0 -1 3002.DAT
0 STEP
1 86 1910.0 -1392 100.0 0 0 1 0 1 0 -1 0 0 3010.DAT
0 STEP
1 86 1910.0 -1440 70.0 0 0 1 0 1 0 -1 0 0 3005.DAT
0 STEP
1 86 1930.0 -1488 80.0 -1 0 0 0 1 0 0 0 -1 3002.DAT
0 STEP
1 86 1910.0 -1560 100.0 0 0 1 0 1 0 -1 0 0 3010.DAT
0 STEP
1 86 1930.0 -1632 80.0 -1 0 0 0 1 0 0 0 -1 3002.DAT
0 STEP
1 86 1930.0 -1680 80.0 -1 0 0 0 1 0 0 0 -1 3002.DAT
0 STEP
1 86 1920.0 -72 120.0 0 0 1 0 1 0 -1 0 0 3001.DAT
0 STEP
1 86 1910.0 -240 120.0 0 0 1 0 1 0 -1 0 0 3010.DAT
0 STEP
1 86 1920.0 -288 160.0 0 0 1 0 1 0 -1 0 0 3007.DAT
0 STEP
1 86 1930.0 -432 90.0 -1 0 0 0 1 0 0 0 -1 3622.DAT
0 STEP
1 86 1930.0 -624 100.0 -1 0 0 0 1 0 0 0 -1 3002.DAT
0 STEP
1 86 1930.0 -696 100.0 -1 0 0 0 1 0 0 0 -1 3002.DAT
0 STEP
1 86 1930.0 -840 90.0 -1 0 0 0 1 0 0 0 -1 3622.DAT
0 STEP
1 86 1930.0 -864 90.0 -1 0 0 0 1 0 0 0 -1 3622.DAT
0 STEP
1 86 1920.0 -888 160.0 0 0 1 0 1 0 -1 0 0 3007.DAT
0 STEP
1 86 1930.0 -936 100.0 -1 0 0 0 1 0 0 0 -1 3002.DAT
0 STEP
1 86 1910.0 -984 140.0 0 0 1 0 1 0 -1 0 0 3009.DAT
0 STEP
1 86 1930.0 -1032 90.0 -1 0 0 0 1 0 0 0 -1 3622.DAT
0 STEP
1 86 1920.0 -1272 140.0 0 0 1 0 1 0 -1 0 0 2456.DAT
0 STEP
1 86 1930.0 -1368 100.0 -1 0 0 0 1 0 0 0 -1 3002.DAT
0 STEP
1 86 1930.0 -1416 90.0 -1 0 0 0 1 0 0 0 -1 3622.DAT
0 STEP
1 86 1910.0 -1440 140.0 0 0 1 0 1 0 -1 0 0 3009.DAT
0 STEP
1 86 1930.0 -1536 100.0 -1 0 0 0 1 0 0 0 -1 3002.DAT
0 STEP
1 86 1930.0 -1584 90.0 -1 0 0 0 1 0 0 0 -1 3622.DAT
0 STEP
1 86 1910.0 -1728 140.0 0 0 1 0 1 0 -1 0 0 3009.DAT
0 STEP
1 86 1930.0 -96 120.0 -1 0 0 0 1 0 0 0 -1 3002.DAT
0 STEP
1 86 1920.0 -120 140.0 0 0 1 0 1 0 -1 0 0 3001.DAT
0 STEP
1 86 1910.0 -216 140.0 0 0 1 0 1 0 -1 0 0 3010.DAT
0 STEP
1 86 1930.0 -264 110.0 -1 0 0 0 1 0 0 0 -1 3622.DAT
0 STEP
1 86 1930.0 -312 110.0 -1 0 0 0 1 0 0 0 -1 3622.DAT
0 STEP
1 86 1930.0 -360 120.0 -1 0 0 0 1 0 0 0 -1 3002.DAT
0 STEP
1 86 1910.0 -432 160.0 0 0 1 0 1 0 -1 0 0 3009.DAT
0 STEP
1 86 1910.0 -480 160.0 0 0 1 0 1 0 -1 0 0 3009.DAT
0 STEP
1 86 1930.0 -504 120.0 -1 0 0 0 1 0 0 0 -1 3002.DAT
0 STEP
1 86 1930.0 -576 110.0 -1 0 0 0 1 0 0 0 -1 3622.DAT
0 STEP
1 86 1920.0 -648 110.0 -1 0 0 0 1 0 0 0 -1 3004.DAT
0 STEP
1 86 1930.0 -744 110.0 -1 0 0 0 1 0 0 0 -1 3622.DAT
0 STEP
1 86 1930.0 -792 110.0 -1 0 0 0 1 0 0 0 -1 3622.DAT
0 STEP
1 86 1910.0 -840 160.0 0 0 1 0 1 0 -1 0 0 3009.DAT
0 STEP
1 86 1930.0 -864 120.0 -1 0 0 0 1 0 0 0 -1 3002.DAT
0 STEP
1 86 1910.0 -912 110.0 0 0 1 0 1 0 -1 0 0 3005.DAT
0 STEP
1 86 1930.0 -1032 120.0 -1 0 0 0 1 0 0 0 -1 3002.DAT
0 STEP
1 86 1930.0 -1080 120.0 -1 0 0 0 1 0 0 0 -1 3002.DAT
0 STEP
1 86 1930.0 -1128 110.0 -1 0 0 0 1 0 0 0 -1 3622.DAT
0 STEP
1 86 1930.0 -1200 110.0 -1 0 0 0 1 0 0 0 -1 3622.DAT
0 STEP
1 86 1920.0 -1224 130.0 0 0 1 0 1 0 -1 0 0 3002.DAT
0 STEP
1 86 1910.0 -1320 180.0 0 0 1 0 1 0 -1 0 0 3008.DAT
0 STEP
1 86 1930.0 -1416 120.0 -1 0 0 0 1 0 0 0 -1 3002.DAT
0 STEP
1 86 1930.0 -1488 120.0 -1 0 0 0 1 0 0 0 -1 3002.DAT
0 STEP
1 86 1910.0 -1584 110.0 0 0 1 0 1 0 -1 0 0 3005.DAT
0 STEP
1 86 1920.0 -1632 180.0 0 0 1 0 1 0 -1 0 0 3007.DAT
0 STEP
1 86 1930.0 -1680 110.0 -1 0 0 0 1 0 0 0 -1 3622.DAT
0 STEP
1 86 1920.0 0 130.0 -1 0 0 0 1 0 0 0 -1 3004.DAT
0 STEP
1 86 1920.0 -144 130.0 -1 0 0 0 1 0 0 0 -1 3004.DAT
0 STEP
1 86 1930.0 -192 140.0 -1 0 0 0 1 0 0 0 -1 3002.DAT
0 STEP
1 86 1930.0 -264 140.0 -1 0 0 0 1 0 0 0 -1 3002.DAT
0 STEP
1 86 1910.0 -312 160.0 0 0 1 0 1 0 -1 0 0 3010.DAT
0 STEP
1 86 1910.0 -456 130.0 0 0 1 0 1 0 -1 0 0 3005.DAT
0 STEP
1 86 1910.0 -576 160.0 0 0 1 0 1 0 -1 0 0 3010.DAT
0 STEP
1 86 1910.0 -624 160.0 0 0 1 0 1 0 -1 0 0 3010.DAT
0 STEP
1 86 1930.0 -648 140.0 -1 0 0 0 1 0 0 0 -1 3002.DAT
0 STEP
1 86 1930.0 -696 140.0 -1 0 0 0 1 0 0 0 -1 3002.DAT
0 STEP
1 86 1930.0 -744 140.0 -1 0 0 0 1 0 0 0 -1 3002.DAT
0 STEP
1 86 1930.0 -792 140.0 -1 0 0 0 1 0 0 0 -1 3002.DAT
0 STEP
1 86 1930.0 -912 140.0 -1 0 0 0 1 0 0 0 -1 3002.DAT
0 STEP
1 86 1910.0 -936 130.0 0 0 1 0 1 0 -1 0 0 3005.DAT
0 STEP
1 86 1910.0 -1056 160.0 0 0 1 0 1 0 -1 0 0 3010.DAT
0 STEP
1 86 1930.0 -1128 140.0 -1 0 0 0 1 0 0 0 -1 3002.DAT
0 STEP
1 86 1930.0 -1176 140.0 -1 0 0 0 1 0 0 0 -1 3002.DAT
0 STEP
1 86 1910.0 -1200 160.0 0 0 1 0 1 0 -1 0 0 3010.DAT
0 STEP
1 86 1910.0 -1248 180.0 0 0 1 0 1 0 -1 0 0 3009.DAT
0 STEP
1 86 1930.0 -1296 140.0 -1 0 0 0 1 0 0 0 -1 3002.DAT
0 STEP
1 86 1930.0 -1344 140.0 -1 0 0 0 1 0 0 0 -1 3002.DAT
0 STEP
1 86 1910.0 -1368 200.0 0 0 1 0 1 0 -1 0 0 3008.DAT
0 STEP
1 86 1920.0 -1536 220.0 0 0 1 0 1 0 -1 0 0 3006.DAT
0 STEP
1 86 1910.0 -1584 180.0 0 0 1 0 1 0 -1 0 0 3009.DAT
0 STEP
1 86 1930.0 -1608 140.0 -1 0 0 0 1 0 0 0 -1 3002.DAT
0 STEP
1 86 1920.0 -1680 160.0 0 0 1 0 1 0 -1 0 0 3001.DAT
0 STEP
1 86 1910.0 0 180.0 0 0 1 0 1 0 -1 0 0 3010.DAT
0 STEP
1 86 1910.0 -96 180.0 0 0 1 0 1 0 -1 0 0 3010.DAT
0 STEP
1 86 1930.0 -144 150.0 -1 0 0 0 1 0 0 0 -1 3622.DAT
0 STEP
1 86 1930.0 -336 150.0 -1 0 0 0 1 0 0 0 -1 3622.DAT
0 STEP
1 86 1910.0 -360 160.0 0 0 1 0 1 0 -1 0 0 3004.DAT
0 STEP
1 86 1930.0 -408 160.0 -1 0 0 0 1 0 0 0 -1 3002.DAT
0 STEP
1 86 1920.0 -456 150.0 -1 0 0 0 1 0 0 0 -1 3004.DAT
0 STEP
1 86 1930.0 -504 160.0 -1 0 0 0 1 0 0 0 -1 3002.DAT
0 STEP
1 86 1930.0 -552 160.0 -1 0 0 0 1 0 0 0 -1 3002.DAT
0 STEP
1 86 1930.0 -600 160.0 -1 0 0 0 1 0 0 0 -1 3002.DAT
0 STEP
1 86 1910.0 -768 150.0 0 0 1 0 1 0 -1 0 0 3005.DAT
0 STEP
1 86 1920.0 -816 150.0 -1 0 0 0 1 0 0 0 -1 3004.DAT
0 STEP
1 86 1930.0 -864 160.0 -1 0 0 0 1 0 0 0 -1 3002.DAT
0 STEP
1 86 1910.0 -936 180.0 0 0 1 0 1 0 -1 0 0 3010.DAT
0 STEP
1 86 1930.0 -960 160.0 -1 0 0 0 1 0 0 0 -1 3002.DAT
0 STEP
1 86 1930.0 -1032 150.0 -1 0 0 0 1 0 0 0 -1 3622.DAT
0 STEP
1 86 1930.0 -1080 160.0 -1 0 0 0 1 0 0 0 -1 3002.DAT
0 STEP
1 86 1910.0 -1104 150.0 0 0 1 0 1 0 -1 0 0 3005.DAT
0 STEP
1 86 1930.0 -1392 150.0 -1 0 0 0 1 0 0 0 -1 3622.DAT
0 STEP
1 86 1910.0 -1416 200.0 0 0 1 0 1 0 -1 0 0 3009.DAT
0 STEP
1 86 1910.0 -1488 180.0 0 0 1 0 1 0 -1 0 0 3010.DAT
0 STEP
1 86 1910.0 -1560 150.0 0 0 1 0 1 0 -1 0 0 3005.DAT
0 STEP
1 86 1930.0 -72 170.0 -1 0 0 0 1 0 0 0 -1 3622.DAT
0 STEP
1 86 1930.0 -144 180.0 -1 0 0 0 1 0 0 0 -1 3002.DAT
0 STEP
1 86 1930.0 -192 170.0 -1 0 0 0 1 0 0 0 -1 3622.DAT
0 STEP
1 86 1910.0 -240 170.0 0 0 1 0 1 0 -1 0 0 3005.DAT
0 STEP
1 86 1930.0 -264 170.0 -1 0 0 0 1 0 0 0 -1 3622.DAT
0 STEP
1 86 1930.0 -336 180.0 -1 0 0 0 1 0 0 0 -1 3002.DAT
0 STEP
1 86 1920.0 -384 200.0 0 0 1 0 1 0 -1 0 0 3001.DAT
0 STEP
1 86 1930.0 -456 170.0 -1 0 0 0 1 0 0 0 -1 3622.DAT
0 STEP
1 86 1910.0 -528 180.0 0 0 1 0 1 0 -1 0 0 3004.DAT
0 STEP
1 86 1930.0 -648 180.0 -1 0 0 0 1 0 0 0 -1 3002.DAT
0 STEP
1 86 1930.0 -696 180.0 -1 0 0 0 1 0 0 0 -1 3002.DAT
0 STEP
1 86 1930.0 -744 170.0 -1 0 0 0 1 0 0 0 -1 3622.DAT
0 STEP
1 86 1910.0 -768 200.0 0 0 1 0 1 0 -1 0 0 3010.DAT
0 STEP
1 86 1910.0 -792 200.0 0 0 1 0 1 0 -1 0 0 3010.DAT
0 STEP
1 86 1930.0 -816 180.0 -1 0 0 0 1 0 0 0 -1 3002.DAT
0 STEP
1 86 1930.0 -912 170.0 -1 0 0 0 1 0 0 0 -1 3622.DAT
0 STEP
1 86 1910.0 -1032 170.0 0 0 1 0 1 0 -1 0 0 3005.DAT
0 STEP
1 86 1930.0 -1104 170.0 -1 0 0 0 1 0 0 0 -1 3622.DAT
0 STEP
1 86 1930.0 -1128 170.0 -1 0 0 0 1 0 0 0 -1 3622.DAT
0 STEP
1 86 1920.0 -1176 200.0 0 0 1 0 1 0 -1 0 0 3001.DAT
0 STEP
1 86 1930.0 -1224 180.0 -1 0 0 0 1 0 0 0 -1 3002.DAT
0 STEP
1 86 1930.0 -1296 180.0 -1 0 0 0 1 0 0 0 -1 3002.DAT
0 STEP
1 86 1930.0 -1344 180.0 -1 0 0 0 1 0 0 0 -1 3002.DAT
0 STEP
1 86 1930.0 -1392 180.0 -1 0 0 0 1 0 0 0 -1 3002.DAT
0 STEP
1 86 1910.0 -1464 200.0 0 0 1 0 1 0 -1 0 0 3010.DAT
0 STEP
1 86 1930.0 -1512 170.0 -1 0 0 0 1 0 0 0 -1 3622.DAT
0 STEP
1 86 1930.0 -1560 180.0 -1 0 0 0 1 0 0 0 -1 3002.DAT
0 STEP
1 86 1930.0 -1608 180.0 -1 0 0 0 1 0 0 0 -1 3002.DAT
0 STEP
1 86 1930.0 -1656 170.0 -1 0 0 0 1 0 0 0 -1 3622.DAT
0 STEP
1 86 1930.0 -1752 170.0 -1 0 0 0 1 0 0 0 -1 3622.DAT
0 STEP
1 86 1920.0 -72 210.0 0 0 1 0 1 0 -1 0 0 3002.DAT
0 STEP
1 86 1910.0 -120 260.0 0 0 1 0 1 0 -1 0 0 3008.DAT
0 STEP
1 86 1910.0 -192 220.0 0 0 1 0 1 0 -1 0 0 3010.DAT
0 STEP
1 86 1930.0 -216 200.0 -1 0 0 0 1 0 0 0 -1 3002.DAT
0 STEP
1 86 1910.0 -240 220.0 0 0 1 0 1 0 -1 0 0 3010.DAT
0 STEP
1 86 1930.0 -264 200.0 -1 0 0 0 1 0 0 0 -1 3002.DAT
0 STEP
1 86 1910.0 -360 260.0 0 0 1 0 1 0 -1 0 0 3008.DAT
0 STEP
1 86 1930.0 -408 200.0 -1 0 0 0 1 0 0 0 -1 3002.DAT
0 STEP
1 86 1930.0 -456 200.0 -1 0 0 0 1 0 0 0 -1 3002.DAT
0 STEP
1 86 1930.0 -504 200.0 -1 0 0 0 1 0 0 0 -1 3002.DAT
0 STEP
1 86 1910.0 -552 240.0 0 0 1 0 1 0 -1 0 0 3009.DAT
0 STEP
1 86 1910.0 -600 240.0 0 0 1 0 1 0 -1 0 0 3009.DAT
0 STEP
1 86 1930.0 -744 200.0 -1 0 0 0 1 0 0 0 -1 3002.DAT
0 STEP
1 86 1930.0 -864 200.0 -1 0 0 0 1 0 0 0 -1 3002.DAT
0 STEP
1 86 1910.0 -912 190.0 0 0 1 0 1 0 -1 0 0 3005.DAT
0 STEP
1 86 1930.0 -960 200.0 -1 0 0 0 1 0 0 0 -1 3002.DAT
0 STEP
1 86 1920.0 -1008 190.0 -1 0 0 0 1 0 0 0 -1 3004.DAT
0 STEP
1 86 1910.0 -1032 220.0 0 0 1 0 1 0 -1 0 0 3010.DAT
0 STEP
1 86 1920.0 -1080 220.0 0 0 1 0 1 0 -1 0 0 3001.DAT
0 STEP
1 86 1930.0 -1104 200.0 -1 0 0 0 1 0 0 0 -1 3002.DAT
0 STEP
1 86 1920.0 -1128 220.0 0 0 1 0 1 0 -1 0 0 3001.DAT
0 STEP
1 86 1930.0 -1152 200.0 -1 0 0 0 1 0 0 0 -1 3002.DAT
0 STEP
1 86 1920.0 -1512 220.0 0 0 1 0 1 0 -1 0 0 3001.DAT
0 STEP
1 86 1930.0 -1656 200.0 -1 0 0 0 1 0 0 0 -1 3002.DAT
0 STEP
1 86 1920.0 -1752 240.0 0 0 1 0 1 0 -1 0 0 2456.DAT
0 STEP
1 86 1930.0 -144 220.0 -1 0 0 0 1 0 0 0 -1 3002.DAT
0 STEP
1 86 1930.0 -312 210.0 -1 0 0 0 1 0 0 0 -1 3622.DAT
0 STEP
1 86 1930.0 -336 210.0 -1 0 0 0 1 0 0 0 -1 3622.DAT
0 STEP
1 86 1920.0 -528 240.0 0 0 1 0 1 0 -1 0 0 3001.DAT
0 STEP
1 86 1930.0 -576 220.0 -1 0 0 0 1 0 0 0 -1 3002.DAT
0 STEP
1 86 1930.0 -624 220.0 -1 0 0 0 1 0 0 0 -1 3002.DAT
0 STEP
1 86 1910.0 -648 230.0 0 0 1 0 1 0 -1 0 0 3622.DAT
0 STEP
1 86 1930.0 -696 220.0 -1 0 0 0 1 0 0 0 -1 3002.DAT
0 STEP
1 86 1930.0 -816 220.0 -1 0 0 0 1 0 0 0 -1 3002.DAT
0 STEP
1 86 1910.0 -912 240.0 0 0 1 0 1 0 -1 0 0 3010.DAT
0 STEP
1 86 1910.0 -984 210.0 0 0 1 0 1 0 -1 0 0 3005.DAT
0 STEP
1 86 1930.0 -1008 220.0 -1 0 0 0 1 0 0 0 -1 3002.DAT
0 STEP
1 86 1920.0 -1056 210.0 -1 0 0 0 1 0 0 0 -1 3004.DAT
0 STEP
1 86 1930.0 -1200 210.0 -1 0 0 0 1 0 0 0 -1 3622.DAT
0 STEP
1 86 1930.0 -1224 210.0 -1 0 0 0 1 0 0 0 -1 3622.DAT
0 STEP
1 86 1920.0 -1272 210.0 -1 0 0 0 1 0 0 0 -1 3004.DAT
0 STEP
1 86 1930.0 -1296 210.0 -1 0 0 0 1 0 0 0 -1 3622.DAT
0 STEP
1 86 1930.0 -1344 220.0 -1 0 0 0 1 0 0 0 -1 3002.DAT
0 STEP
1 86 1930.0 -1392 220.0 -1 0 0 0 1 0 0 0 -1 3002.DAT
0 STEP
1 86 1910.0 -1440 210.0 0 0 1 0 1 0 -1 0 0 3005.DAT
0 STEP
1 86 1930.0 -1560 210.0 -1 0 0 0 1 0 0 0 -1 3622.DAT
0 STEP
1 86 1920.0 -1608 280.0 0 0 1 0 1 0 -1 0 0 3007.DAT
0 STEP
1 86 1920.0 -1680 210.0 -1 0 0 0 1 0 0 0 -1 3004.DAT
0 STEP
1 86 1930.0 -1728 210.0 -1 0 0 0 1 0 0 0 -1 3622.DAT
0 STEP
1 86 1930.0 0 240.0 -1 0 0 0 1 0 0 0 -1 3002.DAT
0 STEP
1 86 1930.0 -48 240.0 -1 0 0 0 1 0 0 0 -1 3002.DAT
0 STEP
1 86 1930.0 -96 230.0 -1 0 0 0 1 0 0 0 -1 3622.DAT
0 STEP
1 86 1910.0 -168 240.0 0 0 1 0 1 0 -1 0 0 3004.DAT
0 STEP
1 86 1930.0 -216 230.0 -1 0 0 0 1 0 0 0 -1 3622.DAT
0 STEP
1 86 1910.0 -264 230.0 0 0 1 0 1 0 -1 0 0 3005.DAT
0 STEP
1 86 1920.0 -312 300.0 0 0 1 0 1 0 -1 0 0 3007.DAT
0 STEP
1 86 1930.0 -336 240.0 -1 0 0 0 1 0 0 0 -1 3002.DAT
0 STEP
1 86 1920.0 -408 260.0 0 0 1 0 1 0 -1 0 0 3001.DAT
0 STEP
1 86 1930.0 -432 240.0 -1 0 0 0 1 0 0 0 -1 3002.DAT
0 STEP
1 86 1920.0 -456 250.0 0 0 1 0 1 0 -1 0 0 3002.DAT
0 STEP
1 86 1910.0 -480 260.0 0 0 1 0 1 0 -1 0 0 3010.DAT
0 STEP
1 86 1930.0 -504 240.0 -1 0 0 0 1 0 0 0 -1 3002.DAT
0 STEP
1 86 1920.0 -672 260.0 0 0 1 0 1 0 -1 0 0 3001.DAT
0 STEP
1 86 1930.0 -744 240.0 -1 0 0 0 1 0 0 0 -1 3002.DAT
0 STEP
1 86 1910.0 -840 230.0 0 0 1 0 1 0 -1 0 0 3005.DAT
0 STEP
1 86 1920.0 -864 260.0 0 0 1 0 1 0 -1 0 0 3001.DAT
0 STEP
1 86 1930.0 -936 240.0 -1 0 0 0 1 0 0 0 -1 3002.DAT
0 STEP
1 86 1920.0 -960 260.0 0 0 1 0 1 0 -1 0 0 3001.DAT
0 STEP
1 86 1930.0 -984 240.0 -1 0 0 0 1 0 0 0 -1 3002.DAT
0 STEP
1 86 1930.0 -1056 240.0 -1 0 0 0 1 0 0 0 -1 3002.DAT
0 STEP
1 86 1930.0 -1104 230.0 -1 0 0 0 1 0 0 0 -1 3622.DAT
0 STEP
1 86 1910.0 -1152 260.0 0 0 1 0 1 0 -1 0 0 3010.DAT
0 STEP
1 86 1910.0 -1200 260.0 0 0 1 0 1 0 -1 0 0 3010.DAT
0 STEP
1 86 1930.0 -1224 240.0 -1 0 0 0 1 0 0 0 -1 3002.DAT
0 STEP
1 86 1910.0 -1272 260.0 0 0 1 0 1 0 -1 0 0 3010.DAT
0 STEP
1 86 1930.0 -1296 240.0 -1 0 0 0 1 0 0 0 -1 3002.DAT
0 STEP
1 86 1930.0 -1440 240.0 -1 0 0 0 1 0 0 0 -1 3002.DAT
0 STEP
1 86 1930.0 -1488 230.0 -1 0 0 0 1 0 0 0 -1 3622.DAT
0 STEP
1 86 1930.0 -1560 240.0 -1 0 0 0 1 0 0 0 -1 3002.DAT
0 STEP
1 86 1910.0 -1656 230.0 0 0 1 0 1 0 -1 0 0 3005.DAT
0 STEP
1 86 1930.0 -1680 240.0 -1 0 0 0 1 0 0 0 -1 3002.DAT
0 STEP
1 86 1920.0 -72 280.0 0 0 1 0 1 0 -1 0 0 3001.DAT
0 STEP
1 86 1930.0 -96 260.0 -1 0 0 0 1 0 0 0 -1 3002.DAT
0 STEP
1 86 1930.0 -144 260.0 -1 0 0 0 1 0 0 0 -1 3002.DAT
0 STEP
1 86 1920.0 -216 320.0 0 0 1 0 1 0 -1 0 0 3007.DAT
0 STEP
1 86 1910.0 -264 320.0 0 0 1 0 1 0 -1 0 0 3008.DAT
0 STEP
1 86 1930.0 -288 260.0 -1 0 0 0 1 0 0 0 -1 3002.DAT
0 STEP
1 86 1930.0 -384 260.0 -1 0 0 0 1 0 0 0 -1 3002.DAT
0 STEP
1 86 1930.0 -576 260.0 -1 0 0 0 1 0 0 0 -1 3002.DAT
0 STEP
1 86 1930.0 -624 250.0 -1 0 0 0 1 0 0 0 -1 3622.DAT
0 STEP
1 86 1920.0 -696 300.0 0 0 1 0 1 0 -1 0 0 2456.DAT
0 STEP
1 86 1910.0 -768 250.0 0 0 1 0 1 0 -1 0 0 3005.DAT
0 STEP
1 86 1930.0 -792 260.0 -1 0 0 0 1 0 0 0 -1 3002.DAT
0 STEP
1 86 1920.0 -816 280.0 0 0 1 0 1 0 -1 0 0 3001.DAT
0 STEP
1 86 1930.0 -840 260.0 -1 0 0 0 1 0 0 0 -1 3002.DAT
0 STEP
1 86 1930.0 -888 260.0 -1 0 0 0 1 0 0 0 -1 3002.DAT
0 STEP
1 86 1920.0 -1008 280.0 0 0 1 0 1 0 -1 0 0 3001.DAT
0 STEP
1 86 1920.0 -1104 280.0 0 0 1 0 1 0 -1 0 0 3001.DAT
0 STEP
1 86 1930.0 -1176 250.0 -1 0 0 0 1 0 0 0 -1 3622.DAT
0 STEP
1 86 1910.0 -1248 250.0 0 0 1 0 1 0 -1 0 0 3005.DAT
0 STEP
1 86 1910.0 -1344 300.0 0 0 1 0 1 0 -1 0 0 3009.DAT
0 STEP
1 86 1930.0 -1392 250.0 -1 0 0 0 1 0 0 0 -1 3622.DAT
0 STEP
1 86 1910.0 -1464 250.0 0 0 1 0 1 0 -1 0 0 3005.DAT
0 STEP
1 86 1910.0 -1488 250.0 0 0 1 0 1 0 -1 0 0 3005.DAT
0 STEP
1 86 1910.0 -1584 250.0 0 0 1 0 1 0 -1 0 0 3005.DAT
0 STEP
1 86 1910.0 -1656 320.0 0 0 1 0 1 0 -1 0 0 3008.DAT
0 STEP
1 86 1930.0 0 280.0 -1 0 0 0 1 0 0 0 -1 3002.DAT
0 STEP
1 86 1930.0 -48 280.0 -1 0 0 0 1 0 0 0 -1 3002.DAT
0 STEP
1 86 1910.0 -168 340.0 0 0 1 0 1 0 -1 0 0 3008.DAT
0 STEP
1 86 1930.0 -192 270.0 -1 0 0 0 1 0 0 0 -1 3622.DAT
0 STEP
1 86 1910.0 -240 270.0 0 0 1 0 1 0 -1 0 0 3005.DAT
0 STEP
1 86 1930.0 -336 270.0 -1 0 0 0 1 0 0 0 -1 3622.DAT
0 STEP
1 86 1930.0 -432 280.0 -1 0 0 0 1 0 0 0 -1 3002.DAT
0 STEP
1 86 1930.0 -504 270.0 -1 0 0 0 1 0 0 0 -1 3622.DAT
0 STEP
1 86 1910.0 -624 300.0 0 0 1 0 1 0 -1 0 0 3010.DAT
0 STEP
1 86 1930.0 -648 270.0 -1 0 0 0 1 0 0 0 -1 3622.DAT
0 STEP
1 86 1930.0 -720 270.0 -1 0 0 0 1 0 0 0 -1 3622.DAT
0 STEP
1 86 1910.0 -744 300.0 0 0 1 0 1 0 -1 0 0 3010.DAT
0 STEP
1 86 1930.0 -768 280.0 -1 0 0 0 1 0 0 0 -1 3002.DAT
0 STEP
1 86 1910.0 -936 300.0 0 0 1 0 1 0 -1 0 0 3010.DAT
0 STEP
1 86 1930.0 -984 270.0 -1 0 0 0 1 0 0 0 -1 3622.DAT
0 STEP
1 86 1910.0 -1032 270.0 0 0 1 0 1 0 -1 0 0 3005.DAT
0 STEP
1 86 1930.0 -1056 280.0 -1 0 0 0 1 0 0 0 -1 3002.DAT
0 STEP
1 86 1920.0 -1080 270.0 -1 0 0 0 1 0 0 0 -1 3004.DAT
0 STEP
1 86 1930.0 -1128 270.0 -1 0 0 0 1 0 0 0 -1 3622.DAT
0 STEP
1 86 1910.0 -1176 300.0 0 0 1 0 1 0 -1 0 0 3010.DAT
0 STEP
1 86 1930.0 -1224 280.0 -1 0 0 0 1 0 0 0 -1 3002.DAT
0 STEP
1 86 1920.0 -1248 300.0 0 0 1 0 1 0 -1 0 0 3001.DAT
0 STEP
1 86 1920.0 -1296 300.0 0 0 1 0 1 0 -1 0 0 3001.DAT
0 STEP
1 86 1930.0 -1320 270.0 -1 0 0 0 1 0 0 0 -1 3622.DAT
0 STEP
1 86 1910.0 -1392 320.0 0 0 1 0 1 0 -1 0 0 3009.DAT
0 STEP
1 86 1910.0 -1416 270.0 0 0 1 0 1 0 -1 0 0 3005.DAT
0 STEP
1 86 1910.0 -1440 340.0 0 0 1 0 1 0 -1 0 0 3008.DAT
0 STEP
1 86 1930.0 -1464 280.0 -1 0 0 0 1 0 0 0 -1 3002.DAT
0 STEP
1 86 1910.0 -1488 340.0 0 0 1 0 1 0 -1 0 0 3008.DAT
0 STEP
1 86 1930.0 -1512 270.0 -1 0 0 0 1 0 0 0 -1 3622.DAT
0 STEP
1 86 1910.0 -1560 320.0 0 0 1 0 1 0 -1 0 0 3009.DAT
0 STEP
1 86 1930.0 -1584 280.0 -1 0 0 0 1 0 0 0 -1 3002.DAT
0 STEP
1 86 1930.0 -1632 270.0 -1 0 0 0 1 0 0 0 -1 3622.DAT
0 STEP
1 86 1930.0 -1680 280.0 -1 0 0 0 1 0 0 0 -1 3002.DAT
0 STEP
1 86 1930.0 -96 300.0 -1 0 0 0 1 0 0 0 -1 3002.DAT
0 STEP
1 86 1930.0 -144 300.0 -1 0 0 0 1 0 0 0 -1 3002.DAT
0 STEP
1 86 1930.0 -192 300.0 -1 0 0 0 1 0 0 0 -1 3002.DAT
0 STEP
1 86 1930.0 -240 300.0 -1 0 0 0 1 0 0 0 -1 3002.DAT
0 STEP
1 86 1930.0 -288 300.0 -1 0 0 0 1 0 0 0 -1 3002.DAT
0 STEP
1 86 1930.0 -336 300.0 -1 0 0 0 1 0 0 0 -1 3002.DAT
0 STEP
1 86 1930.0 -384 300.0 -1 0 0 0 1 0 0 0 -1 3002.DAT
0 STEP
1 86 1920.0 -456 320.0 0 0 1 0 1 0 -1 0 0 3001.DAT
0 STEP
1 86 1930.0 -504 300.0 -1 0 0 0 1 0 0 0 -1 3002.DAT
0 STEP
1 86 1910.0 -528 320.0 0 0 1 0 1 0 -1 0 0 3010.DAT
0 STEP
1 86 1930.0 -576 300.0 -1 0 0 0 1 0 0 0 -1 3002.DAT
0 STEP
1 86 1910.0 -648 320.0 0 0 1 0 1 0 -1 0 0 3010.DAT
0 STEP
1 86 1920.0 -720 320.0 0 0 1 0 1 0 -1 0 0 3001.DAT
0 STEP
1 86 1910.0 -792 340.0 0 0 1 0 1 0 -1 0 0 3009.DAT
0 STEP
1 86 1930.0 -840 290.0 -1 0 0 0 1 0 0 0 -1 3622.DAT
0 STEP
1 86 1910.0 -888 320.0 0 0 1 0 1 0 -1 0 0 3010.DAT
0 STEP
1 86 1910.0 -912 290.0 0 0 1 0 1 0 -1 0 0 3005.DAT
0 STEP
1 86 1930.0 -984 300.0 -1 0 0 0 1 0 0 0 -1 3002.DAT
0 STEP
1 86 1910.0 -1032 320.0 0 0 1 0 1 0 -1 0 0 3010.DAT
0 STEP
1 86 1910.0 -1080 320.0 0 0 1 0 1 0 -1 0 0 3010.DAT
0 STEP
1 86 1910.0 -1128 290.0 0 0 1 0 1 0 -1 0 0 3005.DAT
0 STEP
1 86 1930.0 -1320 300.0 -1 0 0 0 1 0 0 0 -1 3002.DAT
0 STEP
1 86 1930.0 -1368 300.0 -1 0 0 0 1 0 0 0 -1 3002.DAT
0 STEP
1 86 1930.0 -1416 300.0 -1 0 0 0 1 0 0 0 -1 3002.DAT
0 STEP
1 86 1910.0 -1512 320.0 0 0 1 0 1 0 -1 0 0 3010.DAT
0 STEP
1 86 1930.0 -1632 300.0 -1 0 0 0 1 0 0 0 -1 3002.DAT
0 STEP
1 86 1910.0 0 360.0 0 0 1 0 1 0 -1 0 0 3009.DAT
0 STEP
1 86 1920.0 -408 330.0 0 0 1 0 1 0 -1 0 0 3002.DAT
0 STEP
1 86 1930.0 -432 310.0 -1 0 0 0 1 0 0 0 -1 3622.DAT
0 STEP
1 86 1920.0 -480 360.0 0 0 1 0 1 0 -1 0 0 2456.DAT
0 STEP
1 86 1910.0 -552 310.0 0 0 1 0 1 0 -1 0 0 3005.DAT
0 STEP
1 86 1910.0 -600 340.0 0 0 1 0 1 0 -1 0 0 3010.DAT
0 STEP
1 86 1930.0 -672 320.0 -1 0 0 0 1 0 0 0 -1 3002.DAT
0 STEP
1 86 1920.0 -768 340.0 0 0 1 0 1 0 -1 0 0 3001.DAT
0 STEP
1 86 1910.0 -840 310.0 0 0 1 0 1 0 -1 0 0 3005.DAT
0 STEP
1 86 1930.0 -864 320.0 -1 0 0 0 1 0 0 0 -1 3002.DAT
0 STEP
1 86 1930.0 -912 320.0 -1 0 0 0 1 0 0 0 -1 3002.DAT
0 STEP
1 86 1920.0 -960 330.0 0 0 1 0 1 0 -1 0 0 3002.DAT
0 STEP
1 86 1930.0 -1056 310.0 -1 0 0 0 1 0 0 0 -1 3622.DAT
0 STEP
1 86 1910.0 -1128 380.0 0 0 1 0 1 0 -1 0 0 3008.DAT
0 STEP
1 86 1930.0 -1152 320.0 -1 0 0 0 1 0 0 0 -1 3002.DAT
0 STEP
1 86 1930.0 -1200 310.0 -1 0 0 0 1 0 0 0 -1 3622.DAT
0 STEP
1 86 1910.0 -1224 360.0 0 0 1 0 1 0 -1 0 0 3009.DAT
0 STEP
1 86 1930.0 -1272 320.0 -1 0 0 0 1 0 0 0 -1 3002.DAT
0 STEP
1 86 1930.0 -1464 310.0 -1 0 0 0 1 0 0 0 -1 3622.DAT
0 STEP
1 86 1930.0 -1584 320.0 -1 0 0 0 1 0 0 0 -1 3002.DAT
0 STEP
1 86 1930.0 -1680 310.0 -1 0 0 0 1 0 0 0 -1 3622.DAT
0 STEP
1 86 1910.0 -1752 310.0 0 0 1 0 1 0 -1 0 0 3005.DAT
0 STEP
1 86 1910.0 -72 360.0 0 0 1 0 1 0 -1 0 0 3010.DAT
0 STEP
1 86 1930.0 -96 340.0 -1 0 0 0 1 0 0 0 -1 3002.DAT
0 STEP
1 86 1930.0 -144 340.0 -1 0 0 0 1 0 0 0 -1 3002.DAT
0 STEP
1 86 1930.0 -192 330.0 -1 0 0 0 1 0 0 0 -1 3622.DAT
0 STEP
1 86 1930.0 -240 330.0 -1 0 0 0 1 0 0 0 -1 3622.DAT
0 STEP
1 86 1930.0 -288 340.0 -1 0 0 0 1 0 0 0 -1 3002.DAT
0 STEP
1 86 1930.0 -336 330.0 -1 0 0 0 1 0 0 0 -1 3622.DAT
0 STEP
1 86 1930.0 -384 330.0 -1 0 0 0 1 0 0 0 -1 3622.DAT
0 STEP
1 86 1920.0 -432 330.0 -1 0 0 0 1 0 0 0 -1 3004.DAT
0 STEP
1 86 1930.0 -504 340.0 -1 0 0 0 1 0 0 0 -1 3002.DAT
0 STEP
1 86 1920.0 -552 380.0 0 0 1 0 1 0 -1 0 0 2456.DAT
0 STEP
1 86 1910.0 -576 360.0 0 0 1 0 1 0 -1 0 0 3010.DAT
0 STEP
1 86 1930.0 -816 340.0 -1 0 0 0 1 0 0 0 -1 3002.DAT
0 STEP
1 86 1910.0 -840 360.0 0 0 1 0 1 0 -1 0 0 3010.DAT
0 STEP
1 86 1930.0 -984 330.0 -1 0 0 0 1 0 0 0 -1 3622.DAT
0 STEP
1 86 1930.0 -1008 330.0 -1 0 0 0 1 0 0 0 -1 3622.DAT
0 STEP
1 86 1930.0 -1056 340.0 -1 0 0 0 1 0 0 0 -1 3002.DAT
0 STEP
1 86 1930.0 -1104 330.0 -1 0 0 0 1 0 0 0 -1 3622.DAT
0 STEP
1 86 1930.0 -1200 340.0 -1 0 0 0 1 0 0 0 -1 3002.DAT
0 STEP
1 86 1910.0 -1320 330.0 0 0 1 0 1 0 -1 0 0 3005.DAT
0 STEP
1 86 1930.0 -1368 340.0 -1 0 0 0 1 0 0 0 -1 3002.DAT
0 STEP
1 86 1930.0 -1416 340.0 -1 0 0 0 1 0 0 0 -1 3002.DAT
0 STEP
1 86 1930.0 -1464 340.0 -1 0 0 0 1 0 0 0 -1 3002.DAT
0 STEP
1 86 1930.0 -1536 330.0 -1 0 0 0 1 0 0 0 -1 3622.DAT
0 STEP
1 86 1930.0 -1632 330.0 -1 0 0 0 1 0 0 0 -1 3622.DAT
0 STEP
1 86 1930.0 -1680 340.0 -1 0 0 0 1 0 0 0 -1 3002.DAT
0 STEP
1 86 1910.0 -120 380.0 0 0 1 0 1 0 -1 0 0 3010.DAT
0 STEP
1 86 1930.0 -192 360.0 -1 0 0 0 1 0 0 0 -1 3002.DAT
0 STEP
1 86 1930.0 -240 360.0 -1 0 0 0 1 0 0 0 -1 3002.DAT
0 STEP
1 86 1910.0 -336 420.0 0 0 1 0 1 0 -1 0 0 3008.DAT
0 STEP
1 86 1910.0 -360 360.0 0 0 1 0 1 0 -1 0 0 3004.DAT
0 STEP
1 86 1920.0 -384 350.0 -1 0 0 0 1 0 0 0 -1 3004.DAT
0 STEP
1 86 1920.0 -432 420.0 0 0 1 0 1 0 -1 0 0 3007.DAT
0 STEP
1 86 1920.0 -624 380.0 0 0 1 0 1 0 -1 0 0 3001.DAT
0 STEP
1 86 1930.0 -672 360.0 -1 0 0 0 1 0 0 0 -1 3002.DAT
0 STEP
1 86 1930.0 -744 350.0 -1 0 0 0 1 0 0 0 -1 3622.DAT
0 STEP
1 86 1910.0 -864 400.0 0 0 1 0 1 0 -1 0 0 3009.DAT
0 STEP
1 86 1910.0 -912 380.0 0 0 1 0 1 0 -1 0 0 3010.DAT
0 STEP
1 86 1910.0 -936 350.0 0 0 1 0 1 0 -1 0 0 3005.DAT
0 STEP
1 86 1910.0 -984 400.0 0 0 1 0 1 0 -1 0 0 3009.DAT
0 STEP
1 86 1930.0 -1008 360.0 -1 0 0 0 1 0 0 0 -1 3002.DAT
0 STEP
1 86 1930.0 -1104 360.0 -1 0 0 0 1 0 0 0 -1 3002.DAT
0 STEP
1 86 1930.0 -1152 360.0 -1 0 0 0 1 0 0 0 -1 3002.DAT
0 STEP
1 86 1910.0 -1176 400.0 0 0 1 0 1 0 -1 0 0 3009.DAT
0 STEP
1 86 1930.0 -1248 350.0 -1 0 0 0 1 0 0 0 -1 3622.DAT
0 STEP
1 86 1910.0 -1272 370.0 0 0 1 0 1 0 -1 0 0 3622.DAT
0 STEP
1 86 1930.0 -1296 360.0 -1 0 0 0 1 0 0 0 -1 3002.DAT
0 STEP
1 86 1910.0 -1320 380.0 0 0 1 0 1 0 -1 0 0 3010.DAT
0 STEP
1 86 1920.0 -1536 400.0 0 0 1 0 1 0 -1 0 0 2456.DAT
0 STEP
1 86 1920.0 -1584 370.0 0 0 1 0 1 0 -1 0 0 3002.DAT
0 STEP
1 86 1910.0 -1632 380.0 0 0 1 0 1 0 -1 0 0 3010.DAT
0 STEP
1 86 1930.0 -96 380.0 -1 0 0 0 1 0 0 0 -1 3002.DAT
0 STEP
1 86 1930.0 -144 370.0 -1 0 0 0 1 0 0 0 -1 3622.DAT
0 STEP
1 86 1910.0 -288 370.0 0 0 1 0 1 0 -1 0 0 3005.DAT
0 STEP
1 86 1920.0 -384 440.0 0 0 1 0 1 0 -1 0 0 3007.DAT
0 STEP
1 86 1930.0 -408 380.0 -1 0 0 0 1 0 0 0 -1 3002.DAT
0 STEP
1 86 1930.0 -456 380.0 -1 0 0 0 1 0 0 0 -1 3002.DAT
0 STEP
1 86 1930.0 -504 370.0 -1 0 0 0 1 0 0 0 -1 3622.DAT
0 STEP
1 86 1910.0 -528 370.0 0 0 1 0 1 0 -1 0 0 3005.DAT
0 STEP
1 86 1910.0 -648 420.0 0 0 1 0 1 0 -1 0 0 3009.DAT
0 STEP
1 86 1920.0 -696 390.0 0 0 1 0 1 0 -1 0 0 3002.DAT
0 STEP
1 86 1930.0 -720 380.0 -1 0 0 0 1 0 0 0 -1 3002.DAT
0 STEP
1 86 1910.0 -744 400.0 0 0 1 0 1 0 -1 0 0 3010.DAT
0 STEP
1 86 1910.0 -816 440.0 0 0 1 0 1 0 -1 0 0 3008.DAT
0 STEP
1 86 1930.0 -888 380.0 -1 0 0 0 1 0 0 0 -1 3002.DAT
0 STEP
1 86 1930.0 -936 380.0 -1 0 0 0 1 0 0 0 -1 3002.DAT
0 STEP
1 86 1910.0 -960 390.0 0 0 1 0 1 0 -1 0 0 3622.DAT
0 STEP
1 86 1910.0 -1032 370.0 0 0 1 0 1 0 -1 0 0 3005.DAT
0 STEP
1 86 1910.0 -1056 380.0 0 0 1 0 1 0 -1 0 0 3004.DAT
0 STEP
1 86 1910.0 -1080 370.0 0 0 1 0 1 0 -1 0 0 3005.DAT
0 STEP
1 86 1930.0 -1200 380.0 -1 0 0 0 1 0 0 0 -1 3002.DAT
0 STEP
1 86 1930.0 -1248 380.0 -1 0 0 0 1 0 0 0 -1 3002.DAT
0 STEP
1 86 1930.0 -1344 370.0 -1 0 0 0 1 0 0 0 -1 3622.DAT
0 STEP
1 86 1910.0 -1368 390.0 0 0 1 0 1 0 -1 0 0 3622.DAT
0 STEP
1 86 1930.0 -1416 380.0 -1 0 0 0 1 0 0 0 -1 3002.DAT
0 STEP
1 86 1930.0 -1464 380.0 -1 0 0 0 1 0 0 0 -1 3002.DAT
0 STEP
1 86 1930.0 -1512 380.0 -1 0 0 0 1 0 0 0 -1 3002.DAT
0 STEP
1 86 1930.0 -1608 380.0 -1 0 0 0 1 0 0 0 -1 3002.DAT
0 STEP
1 86 1920.0 -1680 400.0 0 0 1 0 1 0 -1 0 0 3001.DAT
0 STEP
1 86 1910.0 -1752 400.0 0 0 1 0 1 0 -1 0 0 3010.DAT
0 STEP
1 86 1930.0 -144 400.0 -1 0 0 0 1 0 0 0 -1 3002.DAT
0 STEP
1 86 1910.0 -192 390.0 0 0 1 0 1 0 -1 0 0 3005.DAT
0 STEP
1 86 1920.0 -240 420.0 0 0 1 0 1 0 -1 0 0 3001.DAT
0 STEP
1 86 1910.0 -288 460.0 0 0 1 0 1 0 -1 0 0 3008.DAT
0 STEP
1 86 1930.0 -312 390.0 -1 0 0 0 1 0 0 0 -1 3622.DAT
0 STEP
1 86 1930.0 -360 400.0 -1 0 0 0 1 0 0 0 -1 3002.DAT
0 STEP
1 86 1910.0 -504 390.0 0 0 1 0 1 0 -1 0 0 3005.DAT
0 STEP
1 86 1920.0 -528 390.0 -1 0 0 0 1 0 0 0 -1 3004.DAT
0 STEP
1 86 1910.0 -600 440.0 0 0 1 0 1 0 -1 0 0 3009.DAT
0 STEP
1 86 1920.0 -672 410.0 0 0 1 0 1 0 -1 0 0 3002.DAT
0 STEP
1 86 1930.0 -768 400.0 -1 0 0 0 1 0 0 0 -1 3002.DAT
0 STEP
1 86 1930.0 -1008 390.0 -1 0 0 0 1 0 0 0 -1 3622.DAT
0 STEP
1 86 1910.0 -1032 420.0 0 0 1 0 1 0 -1 0 0 3010.DAT
0 STEP
1 86 1910.0 -1080 420.0 0 0 1 0 1 0 -1 0 0 3010.DAT
0 STEP
1 86 1930.0 -1104 390.0 -1 0 0 0 1 0 0 0 -1 3622.DAT
0 STEP
1 86 1910.0 -1152 390.0 0 0 1 0 1 0 -1 0 0 3005.DAT
0 STEP
1 86 1930.0 -1296 390.0 -1 0 0 0 1 0 0 0 -1 3622.DAT
0 STEP
1 86 1920.0 -1344 420.0 0 0 1 0 1 0 -1 0 0 3001.DAT
0 STEP
1 86 1910.0 -1392 420.0 0 0 1 0 1 0 -1 0 0 3010.DAT
0 STEP
1 86 1930.0 -1560 400.0 -1 0 0 0 1 0 0 0 -1 3002.DAT
0 STEP
1 86 1920.0 -24 420.0 0 0 1 0 1 0 -1 0 0 3003.DAT
0 STEP
1 86 1930.0 -72 410.0 -1 0 0 0 1 0 0 0 -1 3622.DAT
0 STEP
1 86 1930.0 -96 420.0 -1 0 0 0 1 0 0 0 -1 3002.DAT
0 STEP
1 86 1910.0 -192 440.0 0 0 1 0 1 0 -1 0 0 3010.DAT
0 STEP
1 86 1930.0 -216 420.0 -1 0 0 0 1 0 0 0 -1 3002.DAT
0 STEP
1 86 1930.0 -264 410.0 -1 0 0 0 1 0 0 0 -1 3622.DAT
0 STEP
1 86 1920.0 -312 430.0 0 0 1 0 1 0 -1 0 0 3002.DAT
0 STEP
1 86 1930.0 -408 420.0 -1 0 0 0 1 0 0 0 -1 3002.DAT
0 STEP
1 86 1930.0 -456 420.0 -1 0 0 0 1 0 0 0 -1 3002.DAT
0 STEP
1 86 1910.0 -504 440.0 0 0 1 0 1 0 -1 0 0 3010.DAT
0 STEP
1 86 1930.0 -528 410.0 -1 0 0 0 1 0 0 0 -1 3622.DAT
0 STEP
1 86 1930.0 -576 420.0 -1 0 0 0 1 0 0 0 -1 3002.DAT
0 STEP
1 86 1920.0 -720 440.0 0 0 1 0 1 0 -1 0 0 3001.DAT
0 STEP
1 86 1920.0 -792 410.0 -1 0 0 0 1 0 0 0 -1 3004.DAT
0 STEP
1 86 1920.0 -840 420.0 0 0 1 0 1 0 -1 0 0 3003.DAT
0 STEP
1 86 1930.0 -888 420.0 -1 0 0 0 1 0 0 0 -1 3002.DAT
0 STEP
1 86 1930.0 -1608 420.0 -1 0 0 0 1 0 0 0 -1 3002.DAT
0 STEP
1 86 1920.0 -72 460.0 0 0 1 0 1 0 -1 0 0 3001.DAT
0 STEP
1 86 1920.0 -120 460.0 0 0 1 0 1 0 -1 0 0 3001.DAT
0 STEP
1 86 1930.0 -144 440.0 -1 0 0 0 1 0 0 0 -1 3002.DAT
0 STEP
1 86 1910.0 -168 430.0 0 0 1 0 1 0 -1 0 0 3005.DAT
0 STEP
1 86 1920.0 -264 460.0 0 0 1 0 1 0 -1 0 0 3001.DAT
0 STEP
1 86 1930.0 -360 440.0 -1 0 0 0 1 0 0 0 -1 3002.DAT
0 STEP
1 86 1930.0 -480 430.0 -1 0 0 0 1 0 0 0 -1 3622.DAT
0 STEP
1 86 1910.0 -528 440.0 0 0 1 0 1 0 -1 0 0 3004.DAT
0 STEP
1 86 1930.0 -624 430.0 -1 0 0 0 1 0 0 0 -1 3622.DAT
0 STEP
1 86 1930.0 -696 440.0 -1 0 0 0 1 0 0 0 -1 3002.DAT
0 STEP
1 86 1910.0 -768 480.0 0 0 1 0 1 0 -1 0 0 3009.DAT
0 STEP
1 86 1930.0 -792 440.0 -1 0 0 0 1 0 0 0 -1 3002.DAT
0 STEP
1 86 1910.0 -912 430.0 0 0 1 0 1 0 -1 0 0 3005.DAT
0 STEP
1 86 1910.0 -1224 430.0 0 0 1 0 1 0 -1 0 0 3005.DAT
0 STEP
1 86 1910.0 -1440 440.0 0 0 1 0 1 0 -1 0 0 3004.DAT
0 STEP
1 86 1910.0 -1488 440.0 0 0 1 0 1 0 -1 0 0 3004.DAT
0 STEP
1 86 1930.0 -1560 440.0 -1 0 0 0 1 0 0 0 -1 3002.DAT
0 STEP
1 86 1930.0 -24 450.0 -1 0 0 0 1 0 0 0 -1 3622.DAT
0 STEP
1 86 1930.0 -96 450.0 -1 0 0 0 1 0 0 0 -1 3622.DAT
0 STEP
1 86 1910.0 -168 480.0 0 0 1 0 1 0 -1 0 0 3010.DAT
0 STEP
1 86 1910.0 -216 450.0 0 0 1 0 1 0 -1 0 0 3005.DAT
0 STEP
1 86 1930.0 -408 450.0 -1 0 0 0 1 0 0 0 -1 3622.DAT
0 STEP
1 86 1910.0 -456 470.0 0 0 1 0 1 0 -1 0 0 3622.DAT
0 STEP
1 86 1930.0 -480 460.0 -1 0 0 0 1 0 0 0 -1 3002.DAT
0 STEP
1 86 1920.0 -552 470.0 0 0 1 0 1 0 -1 0 0 3002.DAT
0 STEP
1 86 1910.0 -576 450.0 0 0 1 0 1 0 -1 0 0 3005.DAT
0 STEP
1 86 1910.0 -624 450.0 0 0 1 0 1 0 -1 0 0 3005.DAT
0 STEP
1 86 1910.0 -672 450.0 0 0 1 0 1 0 -1 0 0 3005.DAT
0 STEP
1 86 1930.0 -744 460.0 -1 0 0 0 1 0 0 0 -1 3002.DAT
0 STEP
1 86 1930.0 -840 460.0 -1 0 0 0 1 0 0 0 -1 3002.DAT
0 STEP
1 86 1930.0 -912 450.0 -1 0 0 0 1 0 0 0 -1 3622.DAT
0 STEP
1 86 1910.0 -1320 450.0 0 0 1 0 1 0 -1 0 0 3005.DAT
0 STEP
1 86 1930.0 -1368 450.0 -1 0 0 0 1 0 0 0 -1 3622.DAT
0 STEP
1 86 1930.0 -1416 450.0 -1 0 0 0 1 0 0 0 -1 3622.DAT
0 STEP
1 86 1930.0 -1608 450.0 -1 0 0 0 1 0 0 0 -1 3622.DAT
0 STEP
1 86 1930.0 -24 480.0 -1 0 0 0 1 0 0 0 -1 3002.DAT
0 STEP
1 86 1910.0 -96 470.0 0 0 1 0 1 0 -1 0 0 3005.DAT
0 STEP
1 86 1910.0 -144 470.0 0 0 1 0 1 0 -1 0 0 3005.DAT
0 STEP
1 86 1910.0 -216 500.0 0 0 1 0 1 0 -1 0 0 3010.DAT
0 STEP
1 86 1930.0 -240 470.0 -1 0 0 0 1 0 0 0 -1 3622.DAT
0 STEP
1 86 1930.0 -312 470.0 -1 0 0 0 1 0 0 0 -1 3622.DAT
0 STEP
1 86 1910.0 -360 540.0 0 0 1 0 1 0 -1 0 0 3008.DAT
0 STEP
1 86 1910.0 -408 540.0 0 0 1 0 1 0 -1 0 0 3008.DAT
0 STEP
1 86 1910.0 -528 540.0 0 0 1 0 1 0 -1 0 0 3008.DAT
0 STEP
1 86 1910.0 -576 500.0 0 0 1 0 1 0 -1 0 0 3010.DAT
0 STEP
1 86 1910.0 -624 500.0 0 0 1 0 1 0 -1 0 0 3010.DAT
0 STEP
1 86 1910.0 -672 500.0 0 0 1 0 1 0 -1 0 0 3010.DAT
0 STEP
1 86 1930.0 -696 480.0 -1 0 0 0 1 0 0 0 -1 3002.DAT
0 STEP
1 86 1930.0 -792 470.0 -1 0 0 0 1 0 0 0 -1 3622.DAT
0 STEP
1 86 1920.0 -912 500.0 0 0 1 0 1 0 -1 0 0 3001.DAT
0 STEP
1 86 1920.0 -48 520.0 0 0 1 0 1 0 -1 0 0 3001.DAT
0 STEP
1 86 1910.0 -96 560.0 0 0 1 0 1 0 -1 0 0 3008.DAT
0 STEP
1 86 1910.0 -144 560.0 0 0 1 0 1 0 -1 0 0 3008.DAT
0 STEP
1 86 1930.0 -192 490.0 -1 0 0 0 1 0 0 0 -1 3622.DAT
0 STEP
1 86 1920.0 -240 580.0 0 0 1 0 1 0 -1 0 0 3006.DAT
0 STEP
1 86 1930.0 -312 500.0 -1 0 0 0 1 0 0 0 -1 3002.DAT
0 STEP
1 86 1910.0 -480 520.0 0 0 1 0 1 0 -1 0 0 3010.DAT
0 STEP
1 86 1930.0 -504 500.0 -1 0 0 0 1 0 0 0 -1 3002.DAT
0 STEP
1 86 1930.0 -648 490.0 -1 0 0 0 1 0 0 0 -1 3622.DAT
0 STEP
1 86 1910.0 -720 540.0 0 0 1 0 1 0 -1 0 0 3009.DAT
0 STEP
1 86 1930.0 -744 500.0 -1 0 0 0 1 0 0 0 -1 3002.DAT
0 STEP
1 86 1930.0 -792 500.0 -1 0 0 0 1 0 0 0 -1 3002.DAT
0 STEP
1 86 1920.0 -840 520.0 0 0 1 0 1 0 -1 0 0 3001.DAT
0 STEP
1 86 1930.0 -72 510.0 -1 0 0 0 1 0 0 0 -1 3622.DAT
0 STEP
1 86 1930.0 -120 520.0 -1 0 0 0 1 0 0 0 -1 3002.DAT
0 STEP
1 86 1920.0 -192 540.0 0 0 1 0 1 0 -1 0 0 3001.DAT
0 STEP
1 86 1930.0 -264 510.0 -1 0 0 0 1 0 0 0 -1 3622.DAT
0 STEP
1 86 1910.0 -336 520.0 0 0 1 0 1 0 -1 0 0 3004.DAT
0 STEP
1 86 1920.0 -432 510.0 -1 0 0 0 1 0 0 0 -1 3004.DAT
0 STEP
1 86 1930.0 -456 520.0 -1 0 0 0 1 0 0 0 -1 3002.DAT
0 STEP
1 86 1910.0 -552 530.0 0 0 1 0 1 0 -1 0 0 3622.DAT
0 STEP
1 86 1910.0 -600 510.0 0 0 1 0 1 0 -1 0 0 3005.DAT
0 STEP
1 86 1910.0 -648 510.0 0 0 1 0 1 0 -1 0 0 3005.DAT
0 STEP
1 86 1930.0 -696 520.0 -1 0 0 0 1 0 0 0 -1 3002.DAT
0 STEP
1 86 1910.0 -888 510.0 0 0 1 0 1 0 -1 0 0 3005.DAT
0 STEP
1 86 1930.0 -72 540.0 -1 0 0 0 1 0 0 0 -1 3002.DAT
0 STEP
1 86 1930.0 -168 530.0 -1 0 0 0 1 0 0 0 -1 3622.DAT
0 STEP
1 86 1930.0 -264 540.0 -1 0 0 0 1 0 0 0 -1 3002.DAT
0 STEP
1 86 1910.0 -312 560.0 0 0 1 0 1 0 -1 0 0 3010.DAT
0 STEP
1 86 1930.0 -384 540.0 -1 0 0 0 1 0 0 0 -1 3002.DAT
0 STEP
1 86 1920.0 -432 560.0 0 0 1 0 1 0 -1 0 0 3001.DAT
0 STEP
1 86 1930.0 -504 540.0 -1 0 0 0 1 0 0 0 -1 3002.DAT
0 STEP
1 86 1910.0 -600 560.0 0 0 1 0 1 0 -1 0 0 3010.DAT
0 STEP
1 86 1910.0 -648 560.0 0 0 1 0 1 0 -1 0 0 3010.DAT
0 STEP
1 86 1930.0 -744 530.0 -1 0 0 0 1 0 0 0 -1 3622.DAT
0 STEP
1 86 1920.0 -792 540.0 0 0 1 0 1 0 -1 0 0 3003.DAT
0 STEP
1 86 1930.0 -816 540.0 -1 0 0 0 1 0 0 0 -1 3002.DAT
0 STEP
1 86 1910.0 -888 580.0 0 0 1 0 1 0 -1 0 0 3009.DAT
0 STEP
1 86 1930.0 -120 560.0 -1 0 0 0 1 0 0 0 -1 3002.DAT
0 STEP
1 86 1930.0 -168 560.0 -1 0 0 0 1 0 0 0 -1 3002.DAT
0 STEP
1 86 1930.0 -216 560.0 -1 0 0 0 1 0 0 0 -1 3002.DAT
0 STEP
1 86 1920.0 -288 600.0 0 0 1 0 1 0 -1 0 0 2456.DAT
0 STEP
1 86 1930.0 -336 560.0 -1 0 0 0 1 0 0 0 -1 3002.DAT
0 STEP
1 86 1910.0 -456 550.0 0 0 1 0 1 0 -1 0 0 3005.DAT
0 STEP
1 86 1920.0 -576 580.0 0 0 1 0 1 0 -1 0 0 3001.DAT
0 STEP
1 86 1930.0 -624 550.0 -1 0 0 0 1 0 0 0 -1 3622.DAT
0 STEP
1 86 1930.0 -672 550.0 -1 0 0 0 1 0 0 0 -1 3622.DAT
0 STEP
1 86 1930.0 -696 560.0 -1 0 0 0 1 0 0 0 -1 3002.DAT
0 STEP
1 86 1930.0 -744 560.0 -1 0 0 0 1 0 0 0 -1 3002.DAT
0 STEP
1 86 1910.0 -768 550.0 0 0 1 0 1 0 -1 0 0 3005.DAT
0 STEP
1 86 1930.0 -912 550.0 -1 0 0 0 1 0 0 0 -1 3622.DAT
0 STEP
1 86 1910.0 -48 570.0 0 0 1 0 1 0 -1 0 0 3005.DAT
0 STEP
1 86 1930.0 -72 580.0 -1 0 0 0 1 0 0 0 -1 3002.DAT
0 STEP
1 86 1930.0 -264 580.0 -1 0 0 0 1 0 0 0 -1 3002.DAT
0 STEP
1 86 1910.0 -384 570.0 0 0 1 0 1 0 -1 0 0 3005.DAT
0 STEP
1 86 1910.0 -456 600.0 0 0 1 0 1 0 -1 0 0 3010.DAT
0 STEP
1 86 1930.0 -480 580.0 -1 0 0 0 1 0 0 0 -1 3002.DAT
0 STEP
1 86 1930.0 -504 570.0 -1 0 0 0 1 0 0 0 -1 3622.DAT
0 STEP
1 86 1910.0 -552 600.0 0 0 1 0 1 0 -1 0 0 3010.DAT
0 STEP
1 86 1910.0 -624 600.0 0 0 1 0 1 0 -1 0 0 3010.DAT
0 STEP
1 86 1920.0 -672 600.0 0 0 1 0 1 0 -1 0 0 3001.DAT
0 STEP
1 86 1910.0 -768 600.0 0 0 1 0 1 0 -1 0 0 3010.DAT
0 STEP
1 86 1910.0 -792 570.0 0 0 1 0 1 0 -1 0 0 3005.DAT
0 STEP
1 86 1930.0 -816 580.0 -1 0 0 0 1 0 0 0 -1 3002.DAT
0 STEP
1 86 1910.0 -840 600.0 0 0 1 0 1 0 -1 0 0 3010.DAT
0 STEP
1 86 1930.0 -912 580.0 -1 0 0 0 1 0 0 0 -1 3002.DAT
0 STEP
1 86 1910.0 -48 620.0 0 0 1 0 1 0 -1 0 0 3010.DAT
0 STEP
1 86 1930.0 -120 590.0 -1 0 0 0 1 0 0 0 -1 3622.DAT
0 STEP
1 86 1930.0 -168 590.0 -1 0 0 0 1 0 0 0 -1 3622.DAT
0 STEP
1 86 1920.0 -192 610.0 0 0 1 0 1 0 -1 0 0 3002.DAT
0 STEP
1 86 1930.0 -216 600.0 -1 0 0 0 1 0 0 0 -1 3002.DAT
0 STEP
1 86 1910.0 -336 590.0 0 0 1 0 1 0 -1 0 0 3005.DAT
0 STEP
1 86 1910.0 -384 620.0 0 0 1 0 1 0 -1 0 0 3010.DAT
0 STEP
1 86 1910.0 -504 640.0 0 0 1 0 1 0 -1 0 0 3009.DAT
0 STEP
1 86 1930.0 -696 600.0 -1 0 0 0 1 0 0 0 -1 3002.DAT
0 STEP
1 86 1930.0 -744 600.0 -1 0 0 0 1 0 0 0 -1 3002.DAT
0 STEP
1 86 1910.0 -792 640.0 0 0 1 0 1 0 -1 0 0 3009.DAT
0 STEP
1 86 1930.0 -72 610.0 -1 0 0 0 1 0 0 0 -1 3622.DAT
0 STEP
1 86 1910.0 -120 610.0 0 0 1 0 1 0 -1 0 0 3005.DAT
0 STEP
1 86 1930.0 -168 620.0 -1 0 0 0 1 0 0 0 -1 3002.DAT
0 STEP
1 86 1930.0 -264 610.0 -1 0 0 0 1 0 0 0 -1 3622.DAT
0 STEP
1 86 1930.0 -312 610.0 -1 0 0 0 1 0 0 0 -1 3622.DAT
0 STEP
1 86 1910.0 -336 640.0 0 0 1 0 1 0 -1 0 0 3010.DAT
0 STEP
1 86 1930.0 -432 610.0 -1 0 0 0 1 0 0 0 -1 3622.DAT
0 STEP
1 86 1930.0 -480 620.0 -1 0 0 0 1 0 0 0 -1 3002.DAT
0 STEP
1 86 1910.0 -600 610.0 0 0 1 0 1 0 -1 0 0 3005.DAT
0 STEP
1 86 1930.0 -648 610.0 -1 0 0 0 1 0 0 0 -1 3622.DAT
0 STEP
1 86 1910.0 -720 630.0 0 0 1 0 1 0 -1 0 0 3622.DAT
0 STEP
1 86 1930.0 -816 620.0 -1 0 0 0 1 0 0 0 -1 3002.DAT
0 STEP
1 86 1910.0 0 660.0 0 0 1 0 1 0 -1 0 0 3010.DAT
0 STEP
1 86 1920.0 -72 630.0 -1 0 0 0 1 0 0 0 -1 3004.DAT
0 STEP
1 86 1910.0 -120 660.0 0 0 1 0 1 0 -1 0 0 3010.DAT
0 STEP
1 86 1910.0 -216 630.0 0 0 1 0 1 0 -1 0 0 3005.DAT
0 STEP
1 86 1920.0 -264 660.0 0 0 1 0 1 0 -1 0 0 3001.DAT
0 STEP
1 86 1910.0 -312 630.0 0 0 1 0 1 0 -1 0 0 3005.DAT
0 STEP
1 86 1910.0 -360 630.0 0 0 1 0 1 0 -1 0 0 3005.DAT
0 STEP
1 86 1920.0 -408 630.0 -1 0 0 0 1 0 0 0 -1 3004.DAT
0 STEP
1 86 1920.0 -432 660.0 0 0 1 0 1 0 -1 0 0 3001.DAT
0 STEP
1 86 1930.0 -528 640.0 -1 0 0 0 1 0 0 0 -1 3002.DAT
0 STEP
1 86 1930.0 -576 640.0 -1 0 0 0 1 0 0 0 -1 3002.DAT
0 STEP
1 86 1910.0 -600 660.0 0 0 1 0 1 0 -1 0 0 3010.DAT
0 STEP
1 86 1910.0 -648 660.0 0 0 1 0 1 0 -1 0 0 3010.DAT
0 STEP
1 86 1920.0 -696 630.0 -1 0 0 0 1 0 0 0 -1 3004.DAT
0 STEP
1 86 1930.0 -744 630.0 -1 0 0 0 1 0 0 0 -1 3622.DAT
0 STEP
1 86 1910.0 -888 670.0 0 0 1 0 1 0 -1 0 0 3622.DAT
0 STEP
1 86 1930.0 -96 670.0 -1 0 0 0 1 0 0 0 -1 3622.DAT
0 STEP
1 86 1930.0 -288 690.0 -1 0 0 0 1 0 0 0 -1 3622.DAT
0 STEP
1 86 1940.0 -48 60.0 0 0 1 0 1 0 -1 0 0 2456.DAT
0 STEP
1 86 1940.0 -96 40.0 0 0 1 0 1 0 -1 0 0 3001.DAT
0 STEP
1 86 1930.0 -144 60.0 0 0 1 0 1 0 -1 0 0 3009.DAT
0 STEP
1 86 1940.0 -264 30.0 0 0 1 0 1 0 -1 0 0 3002.DAT
0 STEP
1 86 1940.0 -312 40.0 0 0 1 0 1 0 -1 0 0 3001.DAT
0 STEP
1 86 1930.0 -528 20.0 0 0 1 0 1 0 -1 0 0 3004.DAT
0 STEP
1 86 1930.0 -624 10.0 0 0 1 0 1 0 -1 0 0 3005.DAT
0 STEP
1 86 1930.0 -648 40.0 0 0 1 0 1 0 -1 0 0 3010.DAT
0 STEP
1 86 1940.0 -696 40.0 0 0 1 0 1 0 -1 0 0 3001.DAT
0 STEP
1 86 1930.0 -768 80.0 0 0 1 0 1 0 -1 0 0 3008.DAT
0 STEP
1 86 1940.0 -912 60.0 0 0 1 0 1 0 -1 0 0 2456.DAT
0 STEP
1 86 1940.0 -936 40.0 0 0 1 0 1 0 -1 0 0 3001.DAT
0 STEP
1 86 1940.0 -984 30.0 0 0 1 0 1 0 -1 0 0 3002.DAT
0 STEP
1 86 1940.0 -1080 30.0 0 0 1 0 1 0 -1 0 0 3002.DAT
0 STEP
1 86 1940.0 -1152 40.0 0 0 1 0 1 0 -1 0 0 3001.DAT
0 STEP
1 86 1940.0 -1368 40.0 0 0 1 0 1 0 -1 0 0 3001.DAT
0 STEP
1 86 1940.0 -1512 80.0 0 0 1 0 1 0 -1 0 0 3007.DAT
0 STEP
1 86 1940.0 -1560 80.0 0 0 1 0 1 0 -1 0 0 3007.DAT
0 STEP
1 86 1940.0 -1608 60.0 0 0 1 0 1 0 -1 0 0 2456.DAT
0 STEP
1 86 1940.0 -1656 80.0 0 0 1 0 1 0 -1 0 0 3007.DAT
0 STEP
1 86 1940.0 -1704 80.0 0 0 1 0 1 0 -1 0 0 3007.DAT
0 STEP
1 86 1940.0 -1728 30.0 0 0 1 0 1 0 -1 0 0 3002.DAT
0 STEP
1 86 1940.0 -1752 60.0 0 0 1 0 1 0 -1 0 0 2456.DAT
0 STEP
1 86 1930.0 0 60.0 0 0 1 0 1 0 -1 0 0 3010.DAT
0 STEP
1 86 1940.0 -456 40.0 0 0 1 0 1 0 -1 0 0 3003.DAT
0 STEP
1 86 1940.0 -576 60.0 0 0 1 0 1 0 -1 0 0 3001.DAT
0 STEP
1 86 1930.0 -888 30.0 0 0 1 0 1 0 -1 0 0 3005.DAT
0 STEP
1 86 1940.0 -1176 30.0 -1 0 0 0 1 0 0 0 -1 3004.DAT
0 STEP
1 86 1940.0 -192 80.0 0 0 1 0 1 0 -1 0 0 3001.DAT
0 STEP
1 86 1930.0 -288 60.0 0 0 1 0 1 0 -1 0 0 3004.DAT
0 STEP
1 86 1930.0 -528 120.0 0 0 1 0 1 0 -1 0 0 3008.DAT
0 STEP
1 86 1930.0 -624 60.0 0 0 1 0 1 0 -1 0 0 3004.DAT
0 STEP
1 86 1940.0 -1176 80.0 0 0 1 0 1 0 -1 0 0 3001.DAT
0 STEP
1 86 1940.0 -1296 80.0 0 0 1 0 1 0 -1 0 0 3001.DAT
0 STEP
1 86 1940.0 -408 100.0 0 0 1 0 1 0 -1 0 0 3001.DAT
0 STEP
1 86 1930.0 -456 100.0 0 0 1 0 1 0 -1 0 0 3010.DAT
0 STEP
1 86 1940.0 -672 70.0 -1 0 0 0 1 0 0 0 -1 3004.DAT
0 STEP
1 86 1940.0 -960 100.0 0 0 1 0 1 0 -1 0 0 3001.DAT
0 STEP
1 86 1930.0 -1056 120.0 0 0 1 0 1 0 -1 0 0 3009.DAT
0 STEP
1 86 1930.0 -1104 70.0 0 0 1 0 1 0 -1 0 0 3005.DAT
0 STEP
1 86 1940.0 -1392 100.0 0 0 1 0 1 0 -1 0 0 3001.DAT
0 STEP
1 86 1930.0 -1440 140.0 0 0 1 0 1 0 -1 0 0 3008.DAT
0 STEP
1 86 1940.0 -96 90.0 -1 0 0 0 1 0 0 0 -1 3004.DAT
0 STEP
1 86 1930.0 -240 160.0 0 0 1 0 1 0 -1 0 0 3008.DAT
0 STEP
1 86 1940.0 -312 90.0 -1 0 0 0 1 0 0 0 -1 3004.DAT
0 STEP
1 86 1930.0 -648 90.0 0 0 1 0 1 0 -1 0 0 3005.DAT
0 STEP
1 86 1930.0 -672 90.0 0 0 1 0 1 0 -1 0 0 3005.DAT
0 STEP
1 86 1940.0 -984 110.0 0 0 1 0 1 0 -1 0 0 3002.DAT
0 STEP
1 86 1930.0 -1104 120.0 0 0 1 0 1 0 -1 0 0 3010.DAT
0 STEP
1 86 1930.0 -1152 90.0 0 0 1 0 1 0 -1 0 0 3005.DAT
0 STEP
1 86 1940.0 -1728 90.0 -1 0 0 0 1 0 0 0 -1 3004.DAT
0 STEP
1 86 1930.0 0 110.0 0 0 1 0 1 0 -1 0 0 3005.DAT
0 STEP
1 86 1940.0 -216 140.0 0 0 1 0 1 0 -1 0 0 3001.DAT
0 STEP
1 86 1940.0 -432 110.0 -1 0 0 0 1 0 0 0 -1 3004.DAT
0 STEP
1 86 1940.0 -480 130.0 0 0 1 0 1 0 -1 0 0 3002.DAT
0 STEP
1 86 1930.0 -672 160.0 0 0 1 0 1 0 -1 0 0 3009.DAT
0 STEP
1 86 1930.0 -840 110.0 0 0 1 0 1 0 -1 0 0 3005.DAT
0 STEP
1 86 1930.0 -1152 140.0 0 0 1 0 1 0 -1 0 0 3010.DAT
0 STEP
1 86 1940.0 -1320 180.0 0 0 1 0 1 0 -1 0 0 3007.DAT
0 STEP
1 86 1940.0 -1584 180.0 0 0 1 0 1 0 -1 0 0 3007.DAT
0 STEP
1 86 1940.0 -1728 140.0 0 0 1 0 1 0 -1 0 0 3001.DAT
0 STEP
1 86 1930.0 -24 130.0 0 0 1 0 1 0 -1 0 0 3005.DAT
0 STEP
1 86 1940.0 -312 160.0 0 0 1 0 1 0 -1 0 0 3001.DAT
0 STEP
1 86 1930.0 -432 160.0 0 0 1 0 1 0 -1 0 0 3010.DAT
0 STEP
1 86 1940.0 -576 160.0 0 0 1 0 1 0 -1 0 0 3001.DAT
0 STEP
1 86 1940.0 -624 160.0 0 0 1 0 1 0 -1 0 0 3001.DAT
0 STEP
1 86 1930.0 -840 180.0 0 0 1 0 1 0 -1 0 0 3009.DAT
0 STEP
1 86 1930.0 -936 160.0 0 0 1 0 1 0 -1 0 0 3010.DAT
0 STEP
1 86 1940.0 -1200 160.0 0 0 1 0 1 0 -1 0 0 3001.DAT
0 STEP
1 86 1930.0 -1248 150.0 0 0 1 0 1 0 -1 0 0 3622.DAT
0 STEP
1 86 1940.0 -1368 200.0 0 0 1 0 1 0 -1 0 0 3007.DAT
0 STEP
1 86 1940.0 0 180.0 0 0 1 0 1 0 -1 0 0 3001.DAT
0 STEP
1 86 1940.0 -96 180.0 0 0 1 0 1 0 -1 0 0 3001.DAT
0 STEP
1 86 1930.0 -360 180.0 0 0 1 0 1 0 -1 0 0 3010.DAT
0 STEP
1 86 1940.0 -984 180.0 0 0 1 0 1 0 -1 0 0 3001.DAT
0 STEP
1 86 1940.0 -1416 170.0 0 0 1 0 1 0 -1 0 0 3002.DAT
0 STEP
1 86 1940.0 -1488 180.0 0 0 1 0 1 0 -1 0 0 3001.DAT
0 STEP
1 86 1930.0 -24 170.0 0 0 1 0 1 0 -1 0 0 3005.DAT
0 STEP
1 86 1930.0 -480 170.0 0 0 1 0 1 0 -1 0 0 3005.DAT
0 STEP
1 86 1930.0 -768 170.0 0 0 1 0 1 0 -1 0 0 3005.DAT
0 STEP
1 86 1940.0 -792 200.0 0 0 1 0 1 0 -1 0 0 3001.DAT
0 STEP
1 86 1930.0 -1032 220.0 0 0 1 0 1 0 -1 0 0 3009.DAT
0 STEP
1 86 1930.0 -1464 170.0 0 0 1 0 1 0 -1 0 0 3005.DAT
0 STEP
1 86 1930.0 -120 220.0 0 0 1 0 1 0 -1 0 0 3010.DAT
0 STEP
1 86 1940.0 -192 220.0 0 0 1 0 1 0 -1 0 0 3001.DAT
0 STEP
1 86 1930.0 -480 220.0 0 0 1 0 1 0 -1 0 0 3010.DAT
0 STEP
1 86 1940.0 -552 210.0 0 0 1 0 1 0 -1 0 0 3002.DAT
0 STEP
1 86 1930.0 -600 260.0 0 0 1 0 1 0 -1 0 0 3008.DAT
0 STEP
1 86 1930.0 -768 220.0 0 0 1 0 1 0 -1 0 0 3010.DAT
0 STEP
1 86 1940.0 -912 240.0 0 0 1 0 1 0 -1 0 0 2456.DAT
0 STEP
1 86 1930.0 -1056 190.0 0 0 1 0 1 0 -1 0 0 3005.DAT
0 STEP
1 86 1940.0 -1248 220.0 0 0 1 0 1 0 -1 0 0 3001.DAT
0 STEP
1 86 1940.0 -1464 220.0 0 0 1 0 1 0 -1 0 0 3001.DAT
0 STEP
1 86 1930.0 -1704 260.0 0 0 1 0 1 0 -1 0 0 3008.DAT
0 STEP
1 86 1940.0 -1728 190.0 -1 0 0 0 1 0 0 0 -1 3004.DAT
0 STEP
1 86 1930.0 -432 210.0 0 0 1 0 1 0 -1 0 0 3005.DAT
0 STEP
1 86 1940.0 -648 230.0 0 0 1 0 1 0 -1 0 0 3002.DAT
0 STEP
1 86 1930.0 -936 210.0 0 0 1 0 1 0 -1 0 0 3005.DAT
0 STEP
1 86 1940.0 -1416 240.0 0 0 1 0 1 0 -1 0 0 3001.DAT
0 STEP
1 86 1940.0 -168 230.0 -1 0 0 0 1 0 0 0 -1 3004.DAT
0 STEP
1 86 1930.0 -264 260.0 0 0 1 0 1 0 -1 0 0 3010.DAT
0 STEP
1 86 1930.0 -360 300.0 0 0 1 0 1 0 -1 0 0 3008.DAT
0 STEP
1 86 1940.0 -1152 260.0 0 0 1 0 1 0 -1 0 0 3001.DAT
0 STEP
1 86 1940.0 -1200 260.0 0 0 1 0 1 0 -1 0 0 3001.DAT
0 STEP
1 86 1940.0 -1272 260.0 0 0 1 0 1 0 -1 0 0 3001.DAT
0 STEP
1 86 1930.0 -1656 300.0 0 0 1 0 1 0 -1 0 0 3008.DAT
0 STEP
1 86 1940.0 -168 320.0 0 0 1 0 1 0 -1 0 0 3007.DAT
0 STEP
1 86 1940.0 -240 260.0 0 0 1 0 1 0 -1 0 0 3003.DAT
0 STEP
1 86 1930.0 -552 280.0 0 0 1 0 1 0 -1 0 0 3010.DAT
0 STEP
1 86 1930.0 -1344 250.0 0 0 1 0 1 0 -1 0 0 3005.DAT
0 STEP
1 86 1930.0 -1488 280.0 0 0 1 0 1 0 -1 0 0 3010.DAT
0 STEP
1 86 1940.0 -120 340.0 0 0 1 0 1 0 -1 0 0 3007.DAT
0 STEP
1 86 1940.0 -480 280.0 0 0 1 0 1 0 -1 0 0 3003.DAT
0 STEP
1 86 1940.0 -624 300.0 0 0 1 0 1 0 -1 0 0 3001.DAT
0 STEP
1 86 1940.0 -744 300.0 0 0 1 0 1 0 -1 0 0 3001.DAT
0 STEP
1 86 1940.0 -936 270.0 -1 0 0 0 1 0 0 0 -1 3004.DAT
0 STEP
1 86 1930.0 -1176 340.0 0 0 1 0 1 0 -1 0 0 3008.DAT
0 STEP
1 86 1930.0 -1344 300.0 0 0 1 0 1 0 -1 0 0 3010.DAT
0 STEP
1 86 1930.0 -1392 300.0 0 0 1 0 1 0 -1 0 0 3010.DAT
0 STEP
1 86 1930.0 -1440 320.0 0 0 1 0 1 0 -1 0 0 3009.DAT
0 STEP
1 86 1940.0 -1560 320.0 0 0 1 0 1 0 -1 0 0 2456.DAT
0 STEP
1 86 1930.0 -24 320.0 0 0 1 0 1 0 -1 0 0 3010.DAT
0 STEP
1 86 1930.0 -528 290.0 0 0 1 0 1 0 -1 0 0 3005.DAT
0 STEP
1 86 1940.0 -648 290.0 -1 0 0 0 1 0 0 0 -1 3004.DAT
0 STEP
1 86 1940.0 -792 300.0 0 0 1 0 1 0 -1 0 0 3003.DAT
0 STEP
1 86 1940.0 -888 320.0 0 0 1 0 1 0 -1 0 0 3001.DAT
0 STEP
1 86 1940.0 -936 320.0 0 0 1 0 1 0 -1 0 0 3001.DAT
0 STEP
1 86 1930.0 -1032 290.0 0 0 1 0 1 0 -1 0 0 3005.DAT
0 STEP
1 86 1930.0 -1080 290.0 0 0 1 0 1 0 -1 0 0 3005.DAT
0 STEP
1 86 1940.0 -1128 360.0 0 0 1 0 1 0 -1 0 0 3007.DAT
0 STEP
1 86 1940.0 -1512 320.0 0 0 1 0 1 0 -1 0 0 3001.DAT
0 STEP
1 86 1940.0 0 310.0 -1 0 0 0 1 0 0 0 -1 3004.DAT
0 STEP
1 86 1930.0 -264 310.0 0 0 1 0 1 0 -1 0 0 3005.DAT
0 STEP
1 86 1930.0 -528 340.0 0 0 1 0 1 0 -1 0 0 3010.DAT
0 STEP
1 86 1930.0 -648 310.0 0 0 1 0 1 0 -1 0 0 3005.DAT
0 STEP
1 86 1930.0 -840 340.0 0 0 1 0 1 0 -1 0 0 3010.DAT
0 STEP
1 86 1930.0 -1032 340.0 0 0 1 0 1 0 -1 0 0 3010.DAT
0 STEP
1 86 1930.0 -1080 380.0 0 0 1 0 1 0 -1 0 0 3008.DAT
0 STEP
1 86 1940.0 -1224 380.0 0 0 1 0 1 0 -1 0 0 3007.DAT
0 STEP
1 86 1930.0 -1752 360.0 0 0 1 0 1 0 -1 0 0 3009.DAT
0 STEP
1 86 1930.0 0 400.0 0 0 1 0 1 0 -1 0 0 3008.DAT
0 STEP
1 86 1940.0 -72 360.0 0 0 1 0 1 0 -1 0 0 3001.DAT
0 STEP
1 86 1930.0 -264 360.0 0 0 1 0 1 0 -1 0 0 3010.DAT
0 STEP
1 86 1940.0 -576 360.0 0 0 1 0 1 0 -1 0 0 3001.DAT
0 STEP
1 86 1930.0 -648 360.0 0 0 1 0 1 0 -1 0 0 3010.DAT
0 STEP
1 86 1930.0 -792 360.0 0 0 1 0 1 0 -1 0 0 3010.DAT
0 STEP
1 86 1930.0 -1320 350.0 0 0 1 0 1 0 -1 0 0 3622.DAT
0 STEP
1 86 1930.0 -1488 330.0 0 0 1 0 1 0 -1 0 0 3005.DAT
0 STEP
1 86 1940.0 -1728 360.0 0 0 1 0 1 0 -1 0 0 3001.DAT
0 STEP
1 86 1940.0 -336 350.0 -1 0 0 0 1 0 0 0 -1 3004.DAT
0 STEP
1 86 1930.0 -600 350.0 0 0 1 0 1 0 -1 0 0 3005.DAT
0 STEP
1 86 1940.0 -864 350.0 -1 0 0 0 1 0 0 0 -1 3004.DAT
0 STEP
1 86 1940.0 -912 350.0 -1 0 0 0 1 0 0 0 -1 3004.DAT
0 STEP
1 86 1940.0 -984 400.0 0 0 1 0 1 0 -1 0 0 2456.DAT
0 STEP
1 86 1940.0 -1272 400.0 0 0 1 0 1 0 -1 0 0 2456.DAT
0 STEP
1 86 1930.0 -1344 350.0 0 0 1 0 1 0 -1 0 0 3005.DAT
0 STEP
1 86 1930.0 -1392 400.0 0 0 1 0 1 0 -1 0 0 3009.DAT
0 STEP
1 86 1930.0 -1488 400.0 0 0 1 0 1 0 -1 0 0 3009.DAT
0 STEP
1 86 1940.0 -1632 380.0 0 0 1 0 1 0 -1 0 0 3001.DAT
0 STEP
1 86 1940.0 -288 400.0 0 0 1 0 1 0 -1 0 0 3001.DAT
0 STEP
1 86 1940.0 -336 440.0 0 0 1 0 1 0 -1 0 0 3007.DAT
0 STEP
1 86 1940.0 -600 370.0 -1 0 0 0 1 0 0 0 -1 3004.DAT
0 STEP
1 86 1940.0 -744 400.0 0 0 1 0 1 0 -1 0 0 3001.DAT
0 STEP
1 86 1940.0 -816 440.0 0 0 1 0 1 0 -1 0 0 3007.DAT
0 STEP
1 86 1930.0 -864 440.0 0 0 1 0 1 0 -1 0 0 3008.DAT
0 STEP
1 86 1940.0 -912 400.0 0 0 1 0 1 0 -1 0 0 3001.DAT
0 STEP
1 86 1930.0 -960 370.0 0 0 1 0 1 0 -1 0 0 3005.DAT
0 STEP
1 86 1940.0 -1056 400.0 0 0 1 0 1 0 -1 0 0 3001.DAT
0 STEP
1 86 1940.0 -1368 390.0 0 0 1 0 1 0 -1 0 0 3002.DAT
0 STEP
1 86 1930.0 -48 420.0 0 0 1 0 1 0 -1 0 0 3010.DAT
0 STEP
1 86 1940.0 -192 420.0 0 0 1 0 1 0 -1 0 0 3001.DAT
0 STEP
1 86 1940.0 -504 420.0 0 0 1 0 1 0 -1 0 0 3001.DAT
0 STEP
1 86 1930.0 -600 420.0 0 0 1 0 1 0 -1 0 0 3010.DAT
0 STEP
1 86 1930.0 -840 390.0 0 0 1 0 1 0 -1 0 0 3005.DAT
0 STEP
1 86 1940.0 -960 420.0 0 0 1 0 1 0 -1 0 0 3001.DAT
0 STEP
1 86 1940.0 -1032 420.0 0 0 1 0 1 0 -1 0 0 3001.DAT
0 STEP
1 86 1940.0 -1152 420.0 0 0 1 0 1 0 -1 0 0 3001.DAT
0 STEP
1 86 1930.0 -1320 420.0 0 0 1 0 1 0 -1 0 0 3010.DAT
0 STEP
1 86 1930.0 -1440 420.0 0 0 1 0 1 0 -1 0 0 3010.DAT
0 STEP
1 86 1940.0 -1656 420.0 0 0 1 0 1 0 -1 0 0 3001.DAT
0 STEP
1 86 1940.0 -1704 420.0 0 0 1 0 1 0 -1 0 0 3001.DAT
0 STEP
1 86 1930.0 -168 460.0 0 0 1 0 1 0 -1 0 0 3009.DAT
0 STEP
1 86 1940.0 -648 440.0 0 0 1 0 1 0 -1 0 0 3001.DAT
0 STEP
1 86 1930.0 -528 480.0 0 0 1 0 1 0 -1 0 0 3009.DAT
0 STEP
1 86 1930.0 -768 500.0 0 0 1 0 1 0 -1 0 0 3008.DAT
0 STEP
1 86 1940.0 -1176 440.0 0 0 1 0 1 0 -1 0 0 3003.DAT
0 STEP
1 86 1930.0 -1752 430.0 0 0 1 0 1 0 -1 0 0 3005.DAT
0 STEP
1 86 1940.0 -216 480.0 0 0 1 0 1 0 -1 0 0 3001.DAT
0 STEP
1 86 1940.0 -288 450.0 -1 0 0 0 1 0 0 0 -1 3004.DAT
0 STEP
1 86 1940.0 -456 470.0 0 0 1 0 1 0 -1 0 0 3002.DAT
0 STEP
1 86 1940.0 -576 480.0 0 0 1 0 1 0 -1 0 0 3001.DAT
0 STEP
1 86 1930.0 -624 480.0 0 0 1 0 1 0 -1 0 0 3010.DAT
0 STEP
1 86 1940.0 -672 480.0 0 0 1 0 1 0 -1 0 0 3001.DAT
0 STEP
1 86 1930.0 -888 450.0 0 0 1 0 1 0 -1 0 0 3005.DAT
0 STEP
1 86 1940.0 -1128 450.0 -1 0 0 0 1 0 0 0 -1 3004.DAT
0 STEP
1 86 1930.0 -48 470.0 0 0 1 0 1 0 -1 0 0 3005.DAT
0 STEP
1 86 1940.0 -96 540.0 0 0 1 0 1 0 -1 0 0 3007.DAT
0 STEP
1 86 1940.0 -144 500.0 0 0 1 0 1 0 -1 0 0 3001.DAT
0 STEP
1 86 1940.0 -192 470.0 -1 0 0 0 1 0 0 0 -1 3004.DAT
0 STEP
1 86 1940.0 -288 500.0 0 0 1 0 1 0 -1 0 0 3001.DAT
0 STEP
1 86 1940.0 -360 470.0 -1 0 0 0 1 0 0 0 -1 3004.DAT
0 STEP
1 86 1940.0 -408 500.0 0 0 1 0 1 0 -1 0 0 3001.DAT
0 STEP
1 86 1940.0 -504 470.0 -1 0 0 0 1 0 0 0 -1 3004.DAT
0 STEP
1 86 1930.0 -600 470.0 0 0 1 0 1 0 -1 0 0 3005.DAT
0 STEP
1 86 1940.0 -360 540.0 0 0 1 0 1 0 -1 0 0 2456.DAT
0 STEP
1 86 1940.0 -480 520.0 0 0 1 0 1 0 -1 0 0 3001.DAT
0 STEP
1 86 1940.0 -600 490.0 -1 0 0 0 1 0 0 0 -1 3004.DAT
0 STEP
1 86 1930.0 -720 560.0 0 0 1 0 1 0 -1 0 0 3008.DAT
0 STEP
1 86 1940.0 -24 540.0 0 0 1 0 1 0 -1 0 0 3001.DAT
0 STEP
1 86 1930.0 -552 580.0 0 0 1 0 1 0 -1 0 0 3008.DAT
0 STEP
1 86 1940.0 -600 540.0 0 0 1 0 1 0 -1 0 0 3001.DAT
0 STEP
1 86 1940.0 -648 540.0 0 0 1 0 1 0 -1 0 0 3001.DAT
0 STEP
1 86 1940.0 -888 600.0 0 0 1 0 1 0 -1 0 0 3006.DAT
0 STEP
1 86 1940.0 -216 530.0 -1 0 0 0 1 0 0 0 -1 3004.DAT
0 STEP
1 86 1940.0 -312 560.0 0 0 1 0 1 0 -1 0 0 3001.DAT
0 STEP
1 86 1940.0 -336 530.0 -1 0 0 0 1 0 0 0 -1 3004.DAT
0 STEP
1 86 1940.0 -576 530.0 -1 0 0 0 1 0 0 0 -1 3004.DAT
0 STEP
1 86 1930.0 -624 530.0 0 0 1 0 1 0 -1 0 0 3005.DAT
0 STEP
1 86 1940.0 -672 530.0 -1 0 0 0 1 0 0 0 -1 3004.DAT
0 STEP
1 86 1930.0 -864 540.0 0 0 1 0 1 0 -1 0 0 3004.DAT
0 STEP
1 86 1930.0 -144 580.0 0 0 1 0 1 0 -1 0 0 3010.DAT
0 STEP
1 86 1930.0 -408 580.0 0 0 1 0 1 0 -1 0 0 3010.DAT
0 STEP
1 86 1940.0 -456 600.0 0 0 1 0 1 0 -1 0 0 2456.DAT
0 STEP
1 86 1940.0 -528 580.0 0 0 1 0 1 0 -1 0 0 3001.DAT
0 STEP
1 86 1940.0 -48 600.0 0 0 1 0 1 0 -1 0 0 3001.DAT
0 STEP
1 86 1940.0 -384 600.0 0 0 1 0 1 0 -1 0 0 3001.DAT
0 STEP
1 86 1940.0 -624 600.0 0 0 1 0 1 0 -1 0 0 3001.DAT
0 STEP
1 86 1930.0 -792 600.0 0 0 1 0 1 0 -1 0 0 3010.DAT
0 STEP
1 86 1930.0 -840 570.0 0 0 1 0 1 0 -1 0 0 3005.DAT
0 STEP
1 86 1940.0 -864 570.0 -1 0 0 0 1 0 0 0 -1 3004.DAT
0 STEP
1 86 1940.0 -336 620.0 0 0 1 0 1 0 -1 0 0 3001.DAT
0 STEP
1 86 1930.0 -504 590.0 0 0 1 0 1 0 -1 0 0 3005.DAT
0 STEP
1 86 1930.0 -600 590.0 0 0 1 0 1 0 -1 0 0 3005.DAT
0 STEP
1 86 1940.0 -648 590.0 -1 0 0 0 1 0 0 0 -1 3004.DAT
0 STEP
1 86 1930.0 -768 610.0 0 0 1 0 1 0 -1 0 0 3622.DAT
0 STEP
1 86 1930.0 -840 640.0 0 0 1 0 1 0 -1 0 0 3009.DAT
0 STEP
1 86 1930.0 -120 640.0 0 0 1 0 1 0 -1 0 0 3010.DAT
0 STEP
1 86 1940.0 -360 610.0 -1 0 0 0 1 0 0 0 -1 3004.DAT
0 STEP
1 86 1930.0 -504 640.0 0 0 1 0 1 0 -1 0 0 3010.DAT
0 STEP
1 86 1930.0 -600 640.0 0 0 1 0 1 0 -1 0 0 3010.DAT
0 STEP
1 86 1930.0 0 630.0 0 0 1 0 1 0 -1 0 0 3005.DAT
0 STEP
1 86 1940.0 -96 630.0 -1 0 0 0 1 0 0 0 -1 3004.DAT
0 STEP
1 86 1930.0 -144 630.0 0 0 1 0 1 0 -1 0 0 3005.DAT
0 STEP
1 86 1940.0 -216 660.0 0 0 1 0 1 0 -1 0 0 3001.DAT
0 STEP
1 86 1940.0 -312 660.0 0 0 1 0 1 0 -1 0 0 3001.DAT
0 STEP
1 86 1940.0 -360 660.0 0 0 1 0 1 0 -1 0 0 3001.DAT
0 STEP
1 86 1940.0 -648 660.0 0 0 1 0 1 0 -1 0 0 3001.DAT
0 STEP
1 86 1940.0 0 670.0 0 0 1 0 1 0 -1 0 0 3002.DAT
0 STEP
1 86 1940.0 -48 650.0 -1 0 0 0 1 0 0 0 -1 3004.DAT
0 STEP
1 86 1940.0 -168 670.0 0 0 1 0 1 0 -1 0 0 3002.DAT
0 STEP
1 86 1940.0 -384 650.0 -1 0 0 0 1 0 0 0 -1 3004.DAT
0 STEP
1 86 1930.0 -720 650.0 0 0 1 0 1 0 -1 0 0 3005.DAT
0 STEP
1 86 1940.0 -792 670.0 0 0 1 0 1 0 -1 0 0 3002.DAT
0 STEP
1 86 1930.0 -192 670.0 0 0 1 0 1 0 -1 0 0 3005.DAT
0 STEP
1 86 1940.0 -336 670.0 -1 0 0 0 1 0 0 0 -1 3004.DAT
0 STEP
1 86 1930.0 -552 680.0 0 0 1 0 1 0 -1 0 0 3004.DAT
0 STEP
1 86 1930.0 -120 690.0 0 0 1 0 1 0 -1 0 0 3005.DAT
0 STEP
1 86 1940.0 -456 690.0 -1 0 0 0 1 0 0 0 -1 3004.DAT
0 STEP
1 86 1930.0 -504 690.0 0 0 1 0 1 0 -1 0 0 3005.DAT
0 STEP
1 86 1930.0 -600 690.0 0 0 1 0 1 0 -1 0 0 3005.DAT
0 STEP
1 86 1950.0 -72 10.0 0 0 1 0 1 0 -1 0 0 3005.DAT
0 STEP
1 86 1950.0 -144 10.0 0 0 1 0 1 0 -1 0 0 3005.DAT
0 STEP
1 86 1950.0 -168 40.0 0 0 1 0 1 0 -1 0 0 3010.DAT
0 STEP
1 86 1950.0 -216 40.0 0 0 1 0 1 0 -1 0 0 3010.DAT
0 STEP
1 86 1950.0 -336 20.0 0 0 1 0 1 0 -1 0 0 3004.DAT
0 STEP
1 86 1950.0 -384 40.0 0 0 1 0 1 0 -1 0 0 3010.DAT
0 STEP
1 86 1950.0 -432 40.0 0 0 1 0 1 0 -1 0 0 3010.DAT
0 STEP
1 86 1950.0 -528 60.0 0 0 1 0 1 0 -1 0 0 3009.DAT
0 STEP
1 86 1950.0 -600 30.0 0 0 1 0 1 0 -1 0 0 3622.DAT
0 STEP
1 86 1950.0 -624 40.0 0 0 1 0 1 0 -1 0 0 3010.DAT
0 STEP
1 86 1950.0 -648 60.0 0 0 1 0 1 0 -1 0 0 3009.DAT
0 STEP
1 86 1950.0 -768 20.0 0 0 1 0 1 0 -1 0 0 3004.DAT
0 STEP
1 86 1950.0 -816 80.0 0 0 1 0 1 0 -1 0 0 3008.DAT
0 STEP
1 86 1950.0 -840 40.0 0 0 1 0 1 0 -1 0 0 3010.DAT
0 STEP
1 86 1950.0 -888 10.0 0 0 1 0 1 0 -1 0 0 3005.DAT
0 STEP
1 86 1950.0 -960 10.0 0 0 1 0 1 0 -1 0 0 3005.DAT
0 STEP
1 86 1950.0 -1032 40.0 0 0 1 0 1 0 -1 0 0 3010.DAT
0 STEP
1 86 1950.0 -1056 10.0 0 0 1 0 1 0 -1 0 0 3005.DAT
0 STEP
1 86 1950.0 -1104 80.0 0 0 1 0 1 0 -1 0 0 3008.DAT
0 STEP
1 86 1950.0 -1176 10.0 0 0 1 0 1 0 -1 0 0 3005.DAT
0 STEP
1 86 1950.0 -1248 80.0 0 0 1 0 1 0 -1 0 0 3008.DAT
0 STEP
1 86 1950.0 -1320 30.0 0 0 1 0 1 0 -1 0 0 3622.DAT
0 STEP
1 86 1950.0 -1392 30.0 0 0 1 0 1 0 -1 0 0 3622.DAT
0 STEP
1 86 1950.0 -1416 40.0 0 0 1 0 1 0 -1 0 0 3010.DAT
0 STEP
1 86 1950.0 -1464 10.0 0 0 1 0 1 0 -1 0 0 3005.DAT
0 STEP
1 86 1950.0 -1536 10.0 0 0 1 0 1 0 -1 0 0 3005.DAT
0 STEP
1 86 1950.0 0 80.0 0 0 1 0 1 0 -1 0 0 3009.DAT
0 STEP
1 86 1950.0 -144 80.0 0 0 1 0 1 0 -1 0 0 3009.DAT
0 STEP
1 86 1950.0 -240 30.0 0 0 1 0 1 0 -1 0 0 3005.DAT
0 STEP
1 86 1950.0 -360 60.0 0 0 1 0 1 0 -1 0 0 3010.DAT
0 STEP
1 86 1950.0 -480 60.0 0 0 1 0 1 0 -1 0 0 3010.DAT
0 STEP
1 86 1950.0 -888 80.0 0 0 1 0 1 0 -1 0 0 3009.DAT
0 STEP
1 86 1950.0 -1200 60.0 0 0 1 0 1 0 -1 0 0 3010.DAT
0 STEP
1 86 1950.0 -1272 30.0 0 0 1 0 1 0 -1 0 0 3005.DAT
0 STEP
1 86 1950.0 -1464 100.0 0 0 1 0 1 0 -1 0 0 3008.DAT
0 STEP
1 86 1950.0 -240 80.0 0 0 1 0 1 0 -1 0 0 3010.DAT
0 STEP
1 86 1950.0 -288 50.0 0 0 1 0 1 0 -1 0 0 3005.DAT
0 STEP
1 86 1950.0 -672 50.0 0 0 1 0 1 0 -1 0 0 3005.DAT
0 STEP
1 86 1950.0 -720 70.0 0 0 1 0 1 0 -1 0 0 3622.DAT
0 STEP
1 86 1950.0 -768 120.0 0 0 1 0 1 0 -1 0 0 3008.DAT
0 STEP
1 86 1950.0 -1008 120.0 0 0 1 0 1 0 -1 0 0 3008.DAT
0 STEP
1 86 1950.0 -1344 80.0 0 0 1 0 1 0 -1 0 0 3010.DAT
0 STEP
1 86 1950.0 -1488 50.0 0 0 1 0 1 0 -1 0 0 3005.DAT
0 STEP
1 86 1950.0 -288 100.0 0 0 1 0 1 0 -1 0 0 3010.DAT
0 STEP
1 86 1950.0 -336 100.0 0 0 1 0 1 0 -1 0 0 3010.DAT
0 STEP
1 86 1950.0 -456 70.0 0 0 1 0 1 0 -1 0 0 3005.DAT
0 STEP
1 86 1950.0 -552 100.0 0 0 1 0 1 0 -1 0 0 3010.DAT
0 STEP
1 86 1950.0 -600 100.0 0 0 1 0 1 0 -1 0 0 3010.DAT
0 STEP
1 86 1950.0 -1056 140.0 0 0 1 0 1 0 -1 0 0 3008.DAT
0 STEP
1 86 1950.0 -1440 70.0 0 0 1 0 1 0 -1 0 0 3005.DAT
0 STEP
1 86 1950.0 -72 120.0 0 0 1 0 1 0 -1 0 0 3010.DAT
0 STEP
1 86 1950.0 -168 90.0 0 0 1 0 1 0 -1 0 0 3005.DAT
0 STEP
1 86 1950.0 -216 90.0 0 0 1 0 1 0 -1 0 0 3005.DAT
0 STEP
1 86 1950.0 -384 90.0 0 0 1 0 1 0 -1 0 0 3005.DAT
0 STEP
1 86 1950.0 -456 120.0 0 0 1 0 1 0 -1 0 0 3010.DAT
0 STEP
1 86 1950.0 -672 120.0 0 0 1 0 1 0 -1 0 0 3010.DAT
0 STEP
1 86 1950.0 -1152 120.0 0 0 1 0 1 0 -1 0 0 3010.DAT
0 STEP
1 86 1950.0 -1272 110.0 0 0 1 0 1 0 -1 0 0 3622.DAT
0 STEP
1 86 1950.0 -1440 120.0 0 0 1 0 1 0 -1 0 0 3010.DAT
0 STEP
1 86 1950.0 -24 140.0 0 0 1 0 1 0 -1 0 0 3010.DAT
0 STEP
1 86 1950.0 -120 110.0 0 0 1 0 1 0 -1 0 0 3005.DAT
0 STEP
1 86 1950.0 -168 160.0 0 0 1 0 1 0 -1 0 0 3009.DAT
0 STEP
1 86 1950.0 -384 160.0 0 0 1 0 1 0 -1 0 0 3009.DAT
0 STEP
1 86 1950.0 -720 180.0 0 0 1 0 1 0 -1 0 0 3008.DAT
0 STEP
1 86 1950.0 -840 160.0 0 0 1 0 1 0 -1 0 0 3009.DAT
0 STEP
1 86 1950.0 -1224 130.0 0 0 1 0 1 0 -1 0 0 3622.DAT
0 STEP
1 86 1950.0 -1632 180.0 0 0 1 0 1 0 -1 0 0 3008.DAT
0 STEP
1 86 1950.0 -120 180.0 0 0 1 0 1 0 -1 0 0 3009.DAT
0 STEP
1 86 1950.0 -240 180.0 0 0 1 0 1 0 -1 0 0 3009.DAT
0 STEP
1 86 1950.0 -432 130.0 0 0 1 0 1 0 -1 0 0 3005.DAT
0 STEP
1 86 1950.0 -528 160.0 0 0 1 0 1 0 -1 0 0 3010.DAT
0 STEP
1 86 1950.0 -936 130.0 0 0 1 0 1 0 -1 0 0 3005.DAT
0 STEP
1 86 1950.0 -1536 130.0 0 0 1 0 1 0 -1 0 0 3005.DAT
0 STEP
1 86 1950.0 -1680 130.0 0 0 1 0 1 0 -1 0 0 3005.DAT
0 STEP
1 86 1950.0 -288 150.0 0 0 1 0 1 0 -1 0 0 3005.DAT
0 STEP
1 86 1950.0 -360 150.0 0 0 1 0 1 0 -1 0 0 3005.DAT
0 STEP
1 86 1950.0 -432 180.0 0 0 1 0 1 0 -1 0 0 3010.DAT
0 STEP
1 86 1950.0 -888 180.0 0 0 1 0 1 0 -1 0 0 3010.DAT
0 STEP
1 86 1950.0 -936 180.0 0 0 1 0 1 0 -1 0 0 3010.DAT
0 STEP
1 86 1950.0 -1272 180.0 0 0 1 0 1 0 -1 0 0 3010.DAT
0 STEP
1 86 1950.0 -1536 220.0 0 0 1 0 1 0 -1 0 0 3008.DAT
0 STEP
1 86 1950.0 -1680 180.0 0 0 1 0 1 0 -1 0 0 3010.DAT
0 STEP
1 86 1950.0 -48 170.0 0 0 1 0 1 0 -1 0 0 3005.DAT
0 STEP
1 86 1950.0 -288 200.0 0 0 1 0 1 0 -1 0 0 3010.DAT
0 STEP
1 86 1950.0 -360 220.0 0 0 1 0 1 0 -1 0 0 3009.DAT
0 STEP
1 86 1950.0 -480 200.0 0 0 1 0 1 0 -1 0 0 3010.DAT
0 STEP
1 86 1950.0 -672 170.0 0 0 1 0 1 0 -1 0 0 3005.DAT
0 STEP
1 86 1950.0 -1032 180.0 0 0 1 0 1 0 -1 0 0 3004.DAT
0 STEP
1 86 1950.0 -1152 170.0 0 0 1 0 1 0 -1 0 0 3005.DAT
0 STEP
1 86 1950.0 -1176 200.0 0 0 1 0 1 0 -1 0 0 3010.DAT
0 STEP
1 86 1950.0 -1248 170.0 0 0 1 0 1 0 -1 0 0 3005.DAT
0 STEP
1 86 1950.0 -1440 190.0 0 0 1 0 1 0 -1 0 0 3622.DAT
0 STEP
1 86 1950.0 -24 260.0 0 0 1 0 1 0 -1 0 0 3008.DAT
0 STEP
1 86 1950.0 -72 220.0 0 0 1 0 1 0 -1 0 0 3010.DAT
0 STEP
1 86 1950.0 -600 220.0 0 0 1 0 1 0 -1 0 0 3010.DAT
0 STEP
1 86 1950.0 -672 240.0 0 0 1 0 1 0 -1 0 0 3009.DAT
0 STEP
1 86 1950.0 -1080 260.0 0 0 1 0 1 0 -1 0 0 3008.DAT
0 STEP
1 86 1950.0 -1128 220.0 0 0 1 0 1 0 -1 0 0 3010.DAT
0 STEP
1 86 1950.0 -1512 220.0 0 0 1 0 1 0 -1 0 0 3010.DAT
0 STEP
1 86 1950.0 -1704 190.0 0 0 1 0 1 0 -1 0 0 3005.DAT
0 STEP
1 86 1950.0 -1752 220.0 0 0 1 0 1 0 -1 0 0 3010.DAT
0 STEP
1 86 1950.0 -528 210.0 0 0 1 0 1 0 -1 0 0 3005.DAT
0 STEP
1 86 1950.0 -768 230.0 0 0 1 0 1 0 -1 0 0 3622.DAT
0 STEP
1 86 1950.0 -1032 280.0 0 0 1 0 1 0 -1 0 0 3008.DAT
0 STEP
1 86 1950.0 -1608 280.0 0 0 1 0 1 0 -1 0 0 3008.DAT
0 STEP
1 86 1950.0 -1704 260.0 0 0 1 0 1 0 -1 0 0 3009.DAT
0 STEP
1 86 1950.0 -264 250.0 0 0 1 0 1 0 -1 0 0 3622.DAT
0 STEP
1 86 1950.0 -312 300.0 0 0 1 0 1 0 -1 0 0 3008.DAT
0 STEP
1 86 1950.0 -384 230.0 0 0 1 0 1 0 -1 0 0 3005.DAT
0 STEP
1 86 1950.0 -408 280.0 0 0 1 0 1 0 -1 0 0 3009.DAT
0 STEP
1 86 1950.0 -456 280.0 0 0 1 0 1 0 -1 0 0 3009.DAT
0 STEP
1 86 1950.0 -528 260.0 0 0 1 0 1 0 -1 0 0 3010.DAT
0 STEP
1 86 1950.0 -840 230.0 0 0 1 0 1 0 -1 0 0 3005.DAT
0 STEP
1 86 1950.0 -864 260.0 0 0 1 0 1 0 -1 0 0 3010.DAT
0 STEP
1 86 1950.0 -888 230.0 0 0 1 0 1 0 -1 0 0 3005.DAT
0 STEP
1 86 1950.0 -960 300.0 0 0 1 0 1 0 -1 0 0 3008.DAT
0 STEP
1 86 1950.0 -1656 230.0 0 0 1 0 1 0 -1 0 0 3005.DAT
0 STEP
1 86 1950.0 -120 250.0 0 0 1 0 1 0 -1 0 0 3005.DAT
0 STEP
1 86 1950.0 -216 320.0 0 0 1 0 1 0 -1 0 0 3008.DAT
0 STEP
1 86 1950.0 -480 250.0 0 0 1 0 1 0 -1 0 0 3005.DAT
0 STEP
1 86 1950.0 -552 300.0 0 0 1 0 1 0 -1 0 0 3009.DAT
0 STEP
1 86 1950.0 -696 280.0 0 0 1 0 1 0 -1 0 0 3010.DAT
0 STEP
1 86 1950.0 -816 280.0 0 0 1 0 1 0 -1 0 0 3010.DAT
0 STEP
1 86 1950.0 -1008 280.0 0 0 1 0 1 0 -1 0 0 3010.DAT
0 STEP
1 86 1950.0 -1104 280.0 0 0 1 0 1 0 -1 0 0 3010.DAT
0 STEP
1 86 1950.0 -1344 300.0 0 0 1 0 1 0 -1 0 0 3009.DAT
0 STEP
1 86 1950.0 -1488 250.0 0 0 1 0 1 0 -1 0 0 3005.DAT
0 STEP
1 86 1950.0 -1656 300.0 0 0 1 0 1 0 -1 0 0 3009.DAT
0 STEP
1 86 1950.0 -72 290.0 0 0 1 0 1 0 -1 0 0 3622.DAT
0 STEP
1 86 1950.0 -600 270.0 0 0 1 0 1 0 -1 0 0 3005.DAT
0 STEP
1 86 1950.0 -1176 270.0 0 0 1 0 1 0 -1 0 0 3005.DAT
0 STEP
1 86 1950.0 -1248 300.0 0 0 1 0 1 0 -1 0 0 3010.DAT
0 STEP
1 86 1950.0 -1296 300.0 0 0 1 0 1 0 -1 0 0 3010.DAT
0 STEP
1 86 1950.0 -1392 290.0 0 0 1 0 1 0 -1 0 0 3622.DAT
0 STEP
1 86 1950.0 -1440 340.0 0 0 1 0 1 0 -1 0 0 3008.DAT
0 STEP
1 86 1950.0 -1488 320.0 0 0 1 0 1 0 -1 0 0 3009.DAT
0 STEP
1 86 1950.0 -1752 270.0 0 0 1 0 1 0 -1 0 0 3005.DAT
0 STEP
1 86 1950.0 -264 340.0 0 0 1 0 1 0 -1 0 0 3009.DAT
0 STEP
1 86 1950.0 -360 290.0 0 0 1 0 1 0 -1 0 0 3005.DAT
0 STEP
1 86 1950.0 -600 320.0 0 0 1 0 1 0 -1 0 0 3010.DAT
0 STEP
1 86 1950.0 -720 320.0 0 0 1 0 1 0 -1 0 0 3010.DAT
0 STEP
1 86 1950.0 -1176 340.0 0 0 1 0 1 0 -1 0 0 3009.DAT
0 STEP
1 86 1950.0 -1752 360.0 0 0 1 0 1 0 -1 0 0 3008.DAT
0 STEP
1 86 1950.0 -360 340.0 0 0 1 0 1 0 -1 0 0 3010.DAT
0 STEP
1 86 1950.0 -480 310.0 0 0 1 0 1 0 -1 0 0 3005.DAT
0 STEP
1 86 1950.0 -528 310.0 0 0 1 0 1 0 -1 0 0 3005.DAT
0 STEP
1 86 1950.0 -648 340.0 0 0 1 0 1 0 -1 0 0 3010.DAT
0 STEP
1 86 1950.0 -768 340.0 0 0 1 0 1 0 -1 0 0 3010.DAT
0 STEP
1 86 1950.0 -840 360.0 0 0 1 0 1 0 -1 0 0 3009.DAT
0 STEP
1 86 1950.0 -1536 310.0 0 0 1 0 1 0 -1 0 0 3005.DAT
0 STEP
1 86 1950.0 0 360.0 0 0 1 0 1 0 -1 0 0 3010.DAT
0 STEP
1 86 1950.0 -432 400.0 0 0 1 0 1 0 -1 0 0 3008.DAT
0 STEP
1 86 1950.0 -480 360.0 0 0 1 0 1 0 -1 0 0 3010.DAT
0 STEP
1 86 1950.0 -528 360.0 0 0 1 0 1 0 -1 0 0 3010.DAT
0 STEP
1 86 1950.0 -696 330.0 0 0 1 0 1 0 -1 0 0 3005.DAT
0 STEP
1 86 1950.0 -792 330.0 0 0 1 0 1 0 -1 0 0 3005.DAT
0 STEP
1 86 1950.0 -1320 360.0 0 0 1 0 1 0 -1 0 0 3010.DAT
0 STEP
1 86 1950.0 -1392 380.0 0 0 1 0 1 0 -1 0 0 3009.DAT
0 STEP
1 86 1950.0 -1704 330.0 0 0 1 0 1 0 -1 0 0 3005.DAT
0 STEP
1 86 1950.0 -24 350.0 0 0 1 0 1 0 -1 0 0 3005.DAT
0 STEP
1 86 1950.0 -384 420.0 0 0 1 0 1 0 -1 0 0 3008.DAT
0 STEP
1 86 1950.0 -408 350.0 0 0 1 0 1 0 -1 0 0 3005.DAT
0 STEP
1 86 1950.0 -456 350.0 0 0 1 0 1 0 -1 0 0 3005.DAT
0 STEP
1 86 1950.0 -624 380.0 0 0 1 0 1 0 -1 0 0 3010.DAT
0 STEP
1 86 1950.0 -696 380.0 0 0 1 0 1 0 -1 0 0 3010.DAT
0 STEP
1 86 1950.0 -792 380.0 0 0 1 0 1 0 -1 0 0 3010.DAT
0 STEP
1 86 1950.0 -1080 400.0 0 0 1 0 1 0 -1 0 0 3009.DAT
0 STEP
1 86 1950.0 -1536 400.0 0 0 1 0 1 0 -1 0 0 3009.DAT
0 STEP
1 86 1950.0 -1584 350.0 0 0 1 0 1 0 -1 0 0 3005.DAT
0 STEP
1 86 1950.0 -24 400.0 0 0 1 0 1 0 -1 0 0 3010.DAT
0 STEP
1 86 1950.0 -552 370.0 0 0 1 0 1 0 -1 0 0 3005.DAT
0 STEP
1 86 1950.0 -864 370.0 0 0 1 0 1 0 -1 0 0 3005.DAT
0 STEP
1 86 1950.0 -1032 370.0 0 0 1 0 1 0 -1 0 0 3005.DAT
0 STEP
1 86 1950.0 -1584 400.0 0 0 1 0 1 0 -1 0 0 3010.DAT
0 STEP
1 86 1950.0 -1656 370.0 0 0 1 0 1 0 -1 0 0 3005.DAT
0 STEP
1 86 1950.0 -1680 400.0 0 0 1 0 1 0 -1 0 0 3010.DAT
0 STEP
1 86 1950.0 -48 460.0 0 0 1 0 1 0 -1 0 0 3008.DAT
0 STEP
1 86 1950.0 -240 420.0 0 0 1 0 1 0 -1 0 0 3010.DAT
0 STEP
1 86 1950.0 -552 420.0 0 0 1 0 1 0 -1 0 0 3010.DAT
0 STEP
1 86 1950.0 -600 390.0 0 0 1 0 1 0 -1 0 0 3005.DAT
0 STEP
1 86 1950.0 -648 390.0 0 0 1 0 1 0 -1 0 0 3005.DAT
0 STEP
1 86 1950.0 -672 410.0 0 0 1 0 1 0 -1 0 0 3622.DAT
0 STEP
1 86 1950.0 -864 420.0 0 0 1 0 1 0 -1 0 0 3010.DAT
0 STEP
1 86 1950.0 -1344 420.0 0 0 1 0 1 0 -1 0 0 3010.DAT
0 STEP
1 86 1950.0 -1488 420.0 0 0 1 0 1 0 -1 0 0 3010.DAT
0 STEP
1 86 1950.0 0 410.0 0 0 1 0 1 0 -1 0 0 3005.DAT
0 STEP
1 86 1950.0 -168 410.0 0 0 1 0 1 0 -1 0 0 3005.DAT
0 STEP
1 86 1950.0 -312 430.0 0 0 1 0 1 0 -1 0 0 3622.DAT
0 STEP
1 86 1950.0 -480 410.0 0 0 1 0 1 0 -1 0 0 3005.DAT
0 STEP
1 86 1950.0 -600 440.0 0 0 1 0 1 0 -1 0 0 3010.DAT
0 STEP
1 86 1950.0 -720 480.0 0 0 1 0 1 0 -1 0 0 3008.DAT
0 STEP
1 86 1950.0 -936 410.0 0 0 1 0 1 0 -1 0 0 3005.DAT
0 STEP
1 86 1950.0 -1176 410.0 0 0 1 0 1 0 -1 0 0 3005.DAT
0 STEP
1 86 1950.0 -1320 430.0 0 0 1 0 1 0 -1 0 0 3622.DAT
0 STEP
1 86 1950.0 -1728 430.0 0 0 1 0 1 0 -1 0 0 3622.DAT
0 STEP
1 86 1950.0 0 480.0 0 0 1 0 1 0 -1 0 0 3009.DAT
0 STEP
1 86 1950.0 -72 460.0 0 0 1 0 1 0 -1 0 0 3010.DAT
0 STEP
1 86 1950.0 -120 460.0 0 0 1 0 1 0 -1 0 0 3010.DAT
0 STEP
1 86 1950.0 -168 460.0 0 0 1 0 1 0 -1 0 0 3010.DAT
0 STEP
1 86 1950.0 -264 460.0 0 0 1 0 1 0 -1 0 0 3010.DAT
0 STEP
1 86 1950.0 -528 430.0 0 0 1 0 1 0 -1 0 0 3005.DAT
0 STEP
1 86 1950.0 -768 450.0 0 0 1 0 1 0 -1 0 0 3622.DAT
0 STEP
1 86 1950.0 -840 430.0 0 0 1 0 1 0 -1 0 0 3005.DAT
0 STEP
1 86 1950.0 -1008 430.0 0 0 1 0 1 0 -1 0 0 3005.DAT
0 STEP
1 86 1950.0 -1200 440.0 0 0 1 0 1 0 -1 0 0 3004.DAT
0 STEP
1 86 1950.0 -1440 440.0 0 0 1 0 1 0 -1 0 0 3004.DAT
0 STEP
1 86 1950.0 -528 480.0 0 0 1 0 1 0 -1 0 0 3010.DAT
0 STEP
1 86 1950.0 -624 450.0 0 0 1 0 1 0 -1 0 0 3005.DAT
0 STEP
1 86 1950.0 -888 460.0 0 0 1 0 1 0 -1 0 0 3004.DAT
0 STEP
1 86 1950.0 -1392 450.0 0 0 1 0 1 0 -1 0 0 3005.DAT
0 STEP
1 86 1950.0 -1584 450.0 0 0 1 0 1 0 -1 0 0 3005.DAT
0 STEP
1 86 1950.0 -552 470.0 0 0 1 0 1 0 -1 0 0 3005.DAT
0 STEP
1 86 1950.0 -624 500.0 0 0 1 0 1 0 -1 0 0 3010.DAT
0 STEP
1 86 1950.0 -864 470.0 0 0 1 0 1 0 -1 0 0 3005.DAT
0 STEP
1 86 1950.0 -912 500.0 0 0 1 0 1 0 -1 0 0 3010.DAT
0 STEP
1 86 1950.0 -240 520.0 0 0 1 0 1 0 -1 0 0 3010.DAT
0 STEP
1 86 1950.0 -432 540.0 0 0 1 0 1 0 -1 0 0 3009.DAT
0 STEP
1 86 1950.0 -552 520.0 0 0 1 0 1 0 -1 0 0 3010.DAT
0 STEP
1 86 1950.0 -768 520.0 0 0 1 0 1 0 -1 0 0 3010.DAT
0 STEP
1 86 1950.0 -840 510.0 0 0 1 0 1 0 -1 0 0 3622.DAT
0 STEP
1 86 1950.0 -864 520.0 0 0 1 0 1 0 -1 0 0 3010.DAT
0 STEP
1 86 1950.0 -168 510.0 0 0 1 0 1 0 -1 0 0 3005.DAT
0 STEP
1 86 1950.0 -192 580.0 0 0 1 0 1 0 -1 0 0 3008.DAT
0 STEP
1 86 1950.0 -384 510.0 0 0 1 0 1 0 -1 0 0 3005.DAT
0 STEP
1 86 1950.0 -528 530.0 0 0 1 0 1 0 -1 0 0 3005.DAT
0 STEP
1 86 1950.0 -792 580.0 0 0 1 0 1 0 -1 0 0 3009.DAT
0 STEP
1 86 1950.0 0 550.0 0 0 1 0 1 0 -1 0 0 3005.DAT
0 STEP
1 86 1950.0 -48 550.0 0 0 1 0 1 0 -1 0 0 3005.DAT
0 STEP
1 86 1950.0 -144 550.0 0 0 1 0 1 0 -1 0 0 3005.DAT
0 STEP
1 86 1950.0 -288 600.0 0 0 1 0 1 0 -1 0 0 3009.DAT
0 STEP
1 86 1950.0 -408 620.0 0 0 1 0 1 0 -1 0 0 3008.DAT
0 STEP
1 86 1950.0 -576 580.0 0 0 1 0 1 0 -1 0 0 3010.DAT
0 STEP
1 86 1950.0 -840 620.0 0 0 1 0 1 0 -1 0 0 3008.DAT
0 STEP
1 86 1950.0 -144 600.0 0 0 1 0 1 0 -1 0 0 3010.DAT
0 STEP
1 86 1950.0 -240 570.0 0 0 1 0 1 0 -1 0 0 3005.DAT
0 STEP
1 86 1950.0 -552 570.0 0 0 1 0 1 0 -1 0 0 3005.DAT
0 STEP
1 86 1950.0 -672 600.0 0 0 1 0 1 0 -1 0 0 3010.DAT
0 STEP
1 86 1950.0 -720 570.0 0 0 1 0 1 0 -1 0 0 3005.DAT
0 STEP
1 86 1950.0 -768 620.0 0 0 1 0 1 0 -1 0 0 3009.DAT
0 STEP
1 86 1950.0 0 610.0 0 0 1 0 1 0 -1 0 0 3622.DAT
0 STEP
1 86 1950.0 -240 640.0 0 0 1 0 1 0 -1 0 0 3009.DAT
0 STEP
1 86 1950.0 -504 640.0 0 0 1 0 1 0 -1 0 0 3009.DAT
0 STEP
1 86 1950.0 -552 640.0 0 0 1 0 1 0 -1 0 0 3009.DAT
0 STEP
1 86 1950.0 -600 640.0 0 0 1 0 1 0 -1 0 0 3009.DAT
0 STEP
1 86 1950.0 -720 620.0 0 0 1 0 1 0 -1 0 0 3010.DAT
0 STEP
1 86 1950.0 -120 610.0 0 0 1 0 1 0 -1 0 0 3005.DAT
0 STEP
1 86 1950.0 -912 610.0 0 0 1 0 1 0 -1 0 0 3005.DAT
0 STEP
1 86 1950.0 -72 660.0 0 0 1 0 1 0 -1 0 0 3010.DAT
0 STEP
1 86 1950.0 -120 660.0 0 0 1 0 1 0 -1 0 0 3010.DAT
0 STEP
1 86 1950.0 -264 660.0 0 0 1 0 1 0 -1 0 0 3010.DAT
0 STEP
1 86 1950.0 -432 660.0 0 0 1 0 1 0 -1 0 0 3010.DAT
0 STEP
1 86 1950.0 -696 660.0 0 0 1 0 1 0 -1 0 0 3010.DAT
0 STEP
1 86 1950.0 -24 670.0 0 0 1 0 1 0 -1 0 0 3622.DAT
0 STEP
1 86 1950.0 -912 650.0 0 0 1 0 1 0 -1 0 0 3005.DAT
0 STEP
1 86 1950.0 -192 680.0 0 0 1 0 1 0 -1 0 0 3004.DAT
0 STEP
1 86 1950.0 -624 670.0 0 0 1 0 1 0 -1 0 0 3005.DAT
0 STEP
1 86 1950.0 -744 680.0 0 0 1 0 1 0 -1 0 0 3004.DAT
0 STEP
1 86 1950.0 -816 690.0 0 0 1 0 1 0 -1 0 0 3005.DAT
0 STEP
1 86 1950.0 -864 690.0 0 0 1 0 1 0 -1 0 0 3005.DAT
0 STEP
