1 86 20.0 -984 300.0 0 0 1 0 1 0 -1 0 0 3003.DAT
0 STEP
1 86 10.0 -912 320.0 0 0 1 0 1 0 -1 0 0 3004.DAT
0 STEP
1 86 10.0 -936 320.0 0 0 1 0 1 0 -1 0 0 3004.DAT
0 STEP
1 86 10.0 -960 310.0 0 0 1 0 1 0 -1 0 0 3005.DAT
0 STEP
1 86 20.0 -1008 320.0 0 0 1 0 1 0 -1 0 0 3003.DAT
0 STEP
1 86 20.0 -960 330.0 -1 0 0 0 1 0 0 0 -1 3004.DAT
0 STEP
1 86 10.0 -984 330.0 0 0 1 0 1 0 -1 0 0 3005.DAT
0 STEP
1 86 10.0 -936 370.0 0 0 1 0 1 0 -1 0 0 3005.DAT
0 STEP
1 86 20.0 -960 370.0 -1 0 0 0 1 0 0 0 -1 3004.DAT
0 STEP
1 86 10.0 -984 370.0 0 0 1 0 1 0 -1 0 0 3005.DAT
0 STEP
1 86 30.0 -288 190.0 0 0 1 0 1 0 -1 0 0 3005.DAT
0 STEP
1 86 40.0 -312 190.0 -1 0 0 0 1 0 0 0 -1 3004.DAT
0 STEP
1 86 30.0 -336 240.0 0 0 1 0 1 0 -1 0 0 3009.DAT
0 STEP
1 86 40.0 -360 190.0 -1 0 0 0 1 0 0 0 -1 3004.DAT
0 STEP
1 86 30.0 -384 190.0 0 0 1 0 1 0 -1 0 0 3005.DAT
0 STEP
1 86 30.0 -408 200.0 0 0 1 0 1 0 -1 0 0 3004.DAT
0 STEP
1 86 30.0 -432 200.0 0 0 1 0 1 0 -1 0 0 3004.DAT
0 STEP
1 86 30.0 -456 200.0 0 0 1 0 1 0 -1 0 0 3004.DAT
0 STEP
1 86 40.0 -480 190.0 -1 0 0 0 1 0 0 0 -1 3004.DAT
0 STEP
1 86 30.0 -504 220.0 0 0 1 0 1 0 -1 0 0 3010.DAT
0 STEP
1 86 40.0 -528 220.0 0 0 1 0 1 0 -1 0 0 3001.DAT
0 STEP
1 86 30.0 -552 200.0 0 0 1 0 1 0 -1 0 0 3004.DAT
0 STEP
1 86 40.0 -576 190.0 -1 0 0 0 1 0 0 0 -1 3004.DAT
0 STEP
1 86 30.0 -600 190.0 0 0 1 0 1 0 -1 0 0 3005.DAT
0 STEP
1 86 30.0 -624 240.0 0 0 1 0 1 0 -1 0 0 3009.DAT
0 STEP
1 86 40.0 -648 200.0 0 0 1 0 1 0 -1 0 0 3003.DAT
0 STEP
1 86 30.0 -672 200.0 0 0 1 0 1 0 -1 0 0 3004.DAT
0 STEP
1 86 30.0 -696 190.0 0 0 1 0 1 0 -1 0 0 3005.DAT
0 STEP
1 86 30.0 -720 200.0 0 0 1 0 1 0 -1 0 0 3004.DAT
0 STEP
1 86 40.0 -744 190.0 -1 0 0 0 1 0 0 0 -1 3004.DAT
0 STEP
1 86 30.0 -768 200.0 0 0 1 0 1 0 -1 0 0 3004.DAT
0 STEP
1 86 40.0 -792 190.0 -1 0 0 0 1 0 0 0 -1 3004.DAT
0 STEP
1 86 30.0 -816 220.0 0 0 1 0 1 0 -1 0 0 3010.DAT
0 STEP
1 86 40.0 -840 200.0 0 0 1 0 1 0 -1 0 0 3003.DAT
0 STEP
1 86 30.0 -864 190.0 0 0 1 0 1 0 -1 0 0 3005.DAT
0 STEP
1 86 30.0 -888 200.0 0 0 1 0 1 0 -1 0 0 3004.DAT
0 STEP
1 86 30.0 -912 190.0 0 0 1 0 1 0 -1 0 0 3005.DAT
0 STEP
1 86 30.0 -936 200.0 0 0 1 0 1 0 -1 0 0 3004.DAT
0 STEP
1 86 30.0 -960 190.0 0 0 1 0 1 0 -1 0 0 3005.DAT
0 STEP
1 86 30.0 -984 200.0 0 0 1 0 1 0 -1 0 0 3004.DAT
0 STEP
1 86 40.0 -1008 190.0 -1 0 0 0 1 0 0 0 -1 3004.DAT
0 STEP
1 86 30.0 -1032 190.0 0 0 1 0 1 0 -1 0 0 3005.DAT
0 STEP
1 86 40.0 -1056 200.0 0 0 1 0 1 0 -1 0 0 3003.DAT
0 STEP
1 86 30.0 -1080 190.0 0 0 1 0 1 0 -1 0 0 3005.DAT
0 STEP
1 86 30.0 -1104 190.0 0 0 1 0 1 0 -1 0 0 3005.DAT
0 STEP
1 86 30.0 -1128 200.0 0 0 1 0 1 0 -1 0 0 3004.DAT
0 STEP
1 86 40.0 -1152 190.0 -1 0 0 0 1 0 0 0 -1 3004.DAT
0 STEP
1 86 40.0 -1176 200.0 0 0 1 0 1 0 -1 0 0 3003.DAT
0 STEP
1 86 30.0 -1200 190.0 0 0 1 0 1 0 -1 0 0 3005.DAT
0 STEP
1 86 30.0 -288 280.0 0 0 1 0 1 0 -1 0 0 3008.DAT
0 STEP
1 86 40.0 -312 240.0 0 0 1 0 1 0 -1 0 0 3001.DAT
0 STEP
1 86 30.0 -360 210.0 0 0 1 0 1 0 -1 0 0 3005.DAT
0 STEP
1 86 30.0 -384 220.0 0 0 1 0 1 0 -1 0 0 3004.DAT
0 STEP
1 86 40.0 -480 220.0 0 0 1 0 1 0 -1 0 0 3003.DAT
0 STEP
1 86 30.0 -576 280.0 0 0 1 0 1 0 -1 0 0 3008.DAT
0 STEP
1 86 40.0 -600 210.0 -1 0 0 0 1 0 0 0 -1 3004.DAT
0 STEP
1 86 40.0 -696 210.0 -1 0 0 0 1 0 0 0 -1 3004.DAT
0 STEP
1 86 30.0 -744 220.0 0 0 1 0 1 0 -1 0 0 3004.DAT
0 STEP
1 86 30.0 -792 220.0 0 0 1 0 1 0 -1 0 0 3004.DAT
0 STEP
1 86 30.0 -864 240.0 0 0 1 0 1 0 -1 0 0 3010.DAT
0 STEP
1 86 30.0 -912 240.0 0 0 1 0 1 0 -1 0 0 3010.DAT
0 STEP
1 86 40.0 -960 260.0 0 0 1 0 1 0 -1 0 0 2456.DAT
0 STEP
1 86 30.0 -1008 210.0 0 0 1 0 1 0 -1 0 0 3005.DAT
0 STEP
1 86 40.0 -1032 220.0 0 0 1 0 1 0 -1 0 0 3003.DAT
0 STEP
1 86 30.0 -1080 260.0 0 0 1 0 1 0 -1 0 0 3009.DAT
0 STEP
1 86 40.0 -1104 260.0 0 0 1 0 1 0 -1 0 0 2456.DAT
0 STEP
1 86 40.0 -1152 220.0 0 0 1 0 1 0 -1 0 0 3003.DAT
0 STEP
1 86 30.0 -1200 220.0 0 0 1 0 1 0 -1 0 0 3004.DAT
0 STEP
1 86 40.0 -360 230.0 -1 0 0 0 1 0 0 0 -1 3004.DAT
0 STEP
1 86 40.0 -408 230.0 -1 0 0 0 1 0 0 0 -1 3004.DAT
0 STEP
1 86 40.0 -432 240.0 0 0 1 0 1 0 -1 0 0 3003.DAT
0 STEP
1 86 30.0 -456 230.0 0 0 1 0 1 0 -1 0 0 3005.DAT
0 STEP
1 86 30.0 -552 230.0 0 0 1 0 1 0 -1 0 0 3005.DAT
0 STEP
1 86 30.0 -600 280.0 0 0 1 0 1 0 -1 0 0 3009.DAT
0 STEP
1 86 30.0 -648 240.0 0 0 1 0 1 0 -1 0 0 3004.DAT
0 STEP
1 86 30.0 -672 230.0 0 0 1 0 1 0 -1 0 0 3005.DAT
0 STEP
1 86 30.0 -696 280.0 0 0 1 0 1 0 -1 0 0 3009.DAT
0 STEP
1 86 40.0 -720 240.0 0 0 1 0 1 0 -1 0 0 3003.DAT
0 STEP
1 86 40.0 -768 280.0 0 0 1 0 1 0 -1 0 0 2456.DAT
0 STEP
1 86 40.0 -840 230.0 -1 0 0 0 1 0 0 0 -1 3004.DAT
0 STEP
1 86 40.0 -888 240.0 0 0 1 0 1 0 -1 0 0 3003.DAT
0 STEP
1 86 30.0 -936 230.0 0 0 1 0 1 0 -1 0 0 3005.DAT
0 STEP
1 86 40.0 -984 230.0 -1 0 0 0 1 0 0 0 -1 3004.DAT
0 STEP
1 86 30.0 -1008 260.0 0 0 1 0 1 0 -1 0 0 3010.DAT
0 STEP
1 86 30.0 -1056 240.0 0 0 1 0 1 0 -1 0 0 3004.DAT
0 STEP
1 86 30.0 -1128 230.0 0 0 1 0 1 0 -1 0 0 3005.DAT
0 STEP
1 86 30.0 -1176 230.0 0 0 1 0 1 0 -1 0 0 3005.DAT
0 STEP
1 86 40.0 -360 260.0 0 0 1 0 1 0 -1 0 0 3003.DAT
0 STEP
1 86 40.0 -384 250.0 -1 0 0 0 1 0 0 0 -1 3004.DAT
0 STEP
1 86 30.0 -408 280.0 0 0 1 0 1 0 -1 0 0 3010.DAT
0 STEP
1 86 40.0 -456 260.0 0 0 1 0 1 0 -1 0 0 3003.DAT
0 STEP
1 86 40.0 -480 250.0 -1 0 0 0 1 0 0 0 -1 3004.DAT
0 STEP
1 86 40.0 -552 250.0 -1 0 0 0 1 0 0 0 -1 3004.DAT
0 STEP
1 86 40.0 -672 260.0 0 0 1 0 1 0 -1 0 0 3003.DAT
0 STEP
1 86 30.0 -744 250.0 0 0 1 0 1 0 -1 0 0 3005.DAT
0 STEP
1 86 30.0 -792 250.0 0 0 1 0 1 0 -1 0 0 3005.DAT
0 STEP
1 86 30.0 -840 250.0 0 0 1 0 1 0 -1 0 0 3005.DAT
0 STEP
1 86 40.0 -936 250.0 -1 0 0 0 1 0 0 0 -1 3004.DAT
0 STEP
1 86 30.0 -984 260.0 0 0 1 0 1 0 -1 0 0 3004.DAT
0 STEP
1 86 40.0 -1032 250.0 -1 0 0 0 1 0 0 0 -1 3004.DAT
0 STEP
1 86 30.0 -1128 260.0 0 0 1 0 1 0 -1 0 0 3004.DAT
0 STEP
1 86 40.0 -1152 250.0 -1 0 0 0 1 0 0 0 -1 3004.DAT
0 STEP
1 86 40.0 -1176 260.0 0 0 1 0 1 0 -1 0 0 3003.DAT
0 STEP
1 86 30.0 -1200 250.0 0 0 1 0 1 0 -1 0 0 3005.DAT
0 STEP
1 86 30.0 -384 280.0 0 0 1 0 1 0 -1 0 0 3004.DAT
0 STEP
1 86 30.0 -432 270.0 0 0 1 0 1 0 -1 0 0 3005.DAT
0 STEP
1 86 40.0 -480 280.0 0 0 1 0 1 0 -1 0 0 3003.DAT
0 STEP
1 86 40.0 -504 270.0 -1 0 0 0 1 0 0 0 -1 3004.DAT
0 STEP
1 86 40.0 -528 270.0 -1 0 0 0 1 0 0 0 -1 3004.DAT
0 STEP
1 86 40.0 -552 300.0 0 0 1 0 1 0 -1 0 0 3001.DAT
0 STEP
1 86 40.0 -648 280.0 0 0 1 0 1 0 -1 0 0 3003.DAT
0 STEP
1 86 30.0 -720 270.0 0 0 1 0 1 0 -1 0 0 3005.DAT
0 STEP
1 86 30.0 -744 280.0 0 0 1 0 1 0 -1 0 0 3004.DAT
0 STEP
1 86 30.0 -792 280.0 0 0 1 0 1 0 -1 0 0 3004.DAT
0 STEP
1 86 40.0 -816 270.0 -1 0 0 0 1 0 0 0 -1 3004.DAT
0 STEP
1 86 30.0 -840 300.0 0 0 1 0 1 0 -1 0 0 3010.DAT
0 STEP
1 86 40.0 -888 270.0 -1 0 0 0 1 0 0 0 -1 3004.DAT
0 STEP
1 86 30.0 -936 300.0 0 0 1 0 1 0 -1 0 0 3010.DAT
0 STEP
1 86 30.0 -1032 270.0 0 0 1 0 1 0 -1 0 0 3005.DAT
0 STEP
1 86 40.0 -1056 270.0 -1 0 0 0 1 0 0 0 -1 3004.DAT
0 STEP
1 86 30.0 -1152 270.0 0 0 1 0 1 0 -1 0 0 3005.DAT
0 STEP
1 86 30.0 -1200 280.0 0 0 1 0 1 0 -1 0 0 3004.DAT
0 STEP
1 86 40.0 -312 290.0 -1 0 0 0 1 0 0 0 -1 3004.DAT
0 STEP
1 86 40.0 -360 290.0 -1 0 0 0 1 0 0 0 -1 3004.DAT
0 STEP
1 86 30.0 -432 320.0 0 0 1 0 1 0 -1 0 0 3010.DAT
0 STEP
1 86 40.0 -456 290.0 -1 0 0 0 1 0 0 0 -1 3004.DAT
0 STEP
1 86 40.0 -504 300.0 0 0 1 0 1 0 -1 0 0 3003.DAT
0 STEP
1 86 30.0 -528 300.0 0 0 1 0 1 0 -1 0 0 3004.DAT
0 STEP
1 86 40.0 -672 290.0 -1 0 0 0 1 0 0 0 -1 3004.DAT
0 STEP
1 86 30.0 -720 320.0 0 0 1 0 1 0 -1 0 0 3010.DAT
0 STEP
1 86 40.0 -816 320.0 0 0 1 0 1 0 -1 0 0 3001.DAT
0 STEP
1 86 30.0 -864 290.0 0 0 1 0 1 0 -1 0 0 3005.DAT
0 STEP
1 86 30.0 -888 320.0 0 0 1 0 1 0 -1 0 0 3010.DAT
0 STEP
1 86 40.0 -912 300.0 0 0 1 0 1 0 -1 0 0 3003.DAT
0 STEP
1 86 40.0 -1032 300.0 0 0 1 0 1 0 -1 0 0 3003.DAT
0 STEP
1 86 30.0 -1056 300.0 0 0 1 0 1 0 -1 0 0 3004.DAT
0 STEP
1 86 40.0 -1128 290.0 -1 0 0 0 1 0 0 0 -1 3004.DAT
0 STEP
1 86 30.0 -1152 300.0 0 0 1 0 1 0 -1 0 0 3004.DAT
0 STEP
1 86 30.0 -1176 290.0 0 0 1 0 1 0 -1 0 0 3005.DAT
0 STEP
1 86 30.0 -312 310.0 0 0 1 0 1 0 -1 0 0 3005.DAT
0 STEP
1 86 40.0 -336 320.0 0 0 1 0 1 0 -1 0 0 3003.DAT
0 STEP
1 86 30.0 -360 310.0 0 0 1 0 1 0 -1 0 0 3005.DAT
0 STEP
1 86 30.0 -384 310.0 0 0 1 0 1 0 -1 0 0 3005.DAT
0 STEP
1 86 40.0 -456 320.0 0 0 1 0 1 0 -1 0 0 3003.DAT
0 STEP
1 86 30.0 -480 310.0 0 0 1 0 1 0 -1 0 0 3005.DAT
0 STEP
1 86 30.0 -624 310.0 0 0 1 0 1 0 -1 0 0 3005.DAT
0 STEP
1 86 30.0 -648 310.0 0 0 1 0 1 0 -1 0 0 3005.DAT
0 STEP
1 86 30.0 -672 310.0 0 0 1 0 1 0 -1 0 0 3005.DAT
0 STEP
1 86 40.0 -744 310.0 -1 0 0 0 1 0 0 0 -1 3004.DAT
0 STEP
1 86 30.0 -792 310.0 0 0 1 0 1 0 -1 0 0 3005.DAT
0 STEP
1 86 40.0 -864 320.0 0 0 1 0 1 0 -1 0 0 3003.DAT
0 STEP
1 86 30.0 -1128 320.0 0 0 1 0 1 0 -1 0 0 3004.DAT
0 STEP
1 86 30.0 -1176 320.0 0 0 1 0 1 0 -1 0 0 3004.DAT
0 STEP
1 86 40.0 -1200 310.0 -1 0 0 0 1 0 0 0 -1 3004.DAT
0 STEP
1 86 30.0 -312 340.0 0 0 1 0 1 0 -1 0 0 3004.DAT
0 STEP
1 86 30.0 -360 340.0 0 0 1 0 1 0 -1 0 0 3004.DAT
0 STEP
1 86 40.0 -384 340.0 0 0 1 0 1 0 -1 0 0 3003.DAT
0 STEP
1 86 30.0 -408 330.0 0 0 1 0 1 0 -1 0 0 3005.DAT
0 STEP
1 86 30.0 -480 340.0 0 0 1 0 1 0 -1 0 0 3004.DAT
0 STEP
1 86 30.0 -504 340.0 0 0 1 0 1 0 -1 0 0 3004.DAT
0 STEP
1 86 40.0 -528 340.0 0 0 1 0 1 0 -1 0 0 3003.DAT
0 STEP
1 86 30.0 -624 340.0 0 0 1 0 1 0 -1 0 0 3004.DAT
0 STEP
1 86 40.0 -648 340.0 0 0 1 0 1 0 -1 0 0 3003.DAT
0 STEP
1 86 30.0 -672 340.0 0 0 1 0 1 0 -1 0 0 3004.DAT
0 STEP
1 86 30.0 -744 340.0 0 0 1 0 1 0 -1 0 0 3004.DAT
0 STEP
1 86 30.0 -792 340.0 0 0 1 0 1 0 -1 0 0 3004.DAT
0 STEP
1 86 30.0 -912 330.0 0 0 1 0 1 0 -1 0 0 3005.DAT
0 STEP
1 86 40.0 -984 360.0 0 0 1 0 1 0 -1 0 0 3001.DAT
0 STEP
1 86 30.0 -1032 340.0 0 0 1 0 1 0 -1 0 0 3004.DAT
0 STEP
1 86 40.0 -1056 330.0 -1 0 0 0 1 0 0 0 -1 3004.DAT
0 STEP
1 86 40.0 -1080 340.0 0 0 1 0 1 0 -1 0 0 3003.DAT
0 STEP
1 86 30.0 -1104 340.0 0 0 1 0 1 0 -1 0 0 3004.DAT
0 STEP
1 86 40.0 -1152 340.0 0 0 1 0 1 0 -1 0 0 3003.DAT
0 STEP
1 86 40.0 -1200 340.0 0 0 1 0 1 0 -1 0 0 3003.DAT
0 STEP
1 86 40.0 -336 350.0 -1 0 0 0 1 0 0 0 -1 3004.DAT
0 STEP
1 86 40.0 -408 350.0 -1 0 0 0 1 0 0 0 -1 3004.DAT
0 STEP
1 86 40.0 -456 350.0 -1 0 0 0 1 0 0 0 -1 3004.DAT
0 STEP
1 86 30.0 -552 350.0 0 0 1 0 1 0 -1 0 0 3005.DAT
0 STEP
1 86 30.0 -600 350.0 0 0 1 0 1 0 -1 0 0 3005.DAT
0 STEP
1 86 30.0 -696 350.0 0 0 1 0 1 0 -1 0 0 3005.DAT
0 STEP
1 86 30.0 -768 350.0 0 0 1 0 1 0 -1 0 0 3005.DAT
0 STEP
1 86 30.0 -840 350.0 0 0 1 0 1 0 -1 0 0 3005.DAT
0 STEP
1 86 30.0 -864 350.0 0 0 1 0 1 0 -1 0 0 3005.DAT
0 STEP
1 86 30.0 -912 360.0 0 0 1 0 1 0 -1 0 0 3004.DAT
0 STEP
1 86 40.0 -936 360.0 0 0 1 0 1 0 -1 0 0 3003.DAT
0 STEP
1 86 30.0 -960 350.0 0 0 1 0 1 0 -1 0 0 3005.DAT
0 STEP
1 86 40.0 -1008 350.0 -1 0 0 0 1 0 0 0 -1 3004.DAT
0 STEP
1 86 30.0 -1056 350.0 0 0 1 0 1 0 -1 0 0 3005.DAT
0 STEP
1 86 30.0 -1128 350.0 0 0 1 0 1 0 -1 0 0 3005.DAT
0 STEP
1 86 30.0 -1176 350.0 0 0 1 0 1 0 -1 0 0 3005.DAT
0 STEP
1 86 30.0 -912 390.0 0 0 1 0 1 0 -1 0 0 3005.DAT
0 STEP
1 86 30.0 -936 390.0 0 0 1 0 1 0 -1 0 0 3005.DAT
0 STEP
1 86 40.0 -960 390.0 -1 0 0 0 1 0 0 0 -1 3004.DAT
0 STEP
1 86 80.0 -1200 130.0 -1 0 0 0 1 0 0 0 -1 3010.DAT
0 STEP
1 86 50.0 -288 160.0 0 0 1 0 1 0 -1 0 0 3004.DAT
0 STEP
1 86 60.0 -312 150.0 -1 0 0 0 1 0 0 0 -1 3004.DAT
0 STEP
1 86 50.0 -336 150.0 0 0 1 0 1 0 -1 0 0 3005.DAT
0 STEP
1 86 60.0 -360 150.0 -1 0 0 0 1 0 0 0 -1 3004.DAT
0 STEP
1 86 50.0 -384 160.0 0 0 1 0 1 0 -1 0 0 3004.DAT
0 STEP
1 86 60.0 -408 150.0 -1 0 0 0 1 0 0 0 -1 3004.DAT
0 STEP
1 86 50.0 -432 180.0 0 0 1 0 1 0 -1 0 0 3010.DAT
0 STEP
1 86 60.0 -456 150.0 -1 0 0 0 1 0 0 0 -1 3004.DAT
0 STEP
1 86 50.0 -480 160.0 0 0 1 0 1 0 -1 0 0 3004.DAT
0 STEP
1 86 60.0 -504 200.0 0 0 1 0 1 0 -1 0 0 2456.DAT
0 STEP
1 86 50.0 -528 160.0 0 0 1 0 1 0 -1 0 0 3004.DAT
0 STEP
1 86 60.0 -552 150.0 -1 0 0 0 1 0 0 0 -1 3004.DAT
0 STEP
1 86 50.0 -576 160.0 0 0 1 0 1 0 -1 0 0 3004.DAT
0 STEP
1 86 60.0 -600 150.0 -1 0 0 0 1 0 0 0 -1 3004.DAT
0 STEP
1 86 50.0 -624 160.0 0 0 1 0 1 0 -1 0 0 3004.DAT
0 STEP
1 86 60.0 -648 150.0 -1 0 0 0 1 0 0 0 -1 3004.DAT
0 STEP
1 86 50.0 -672 150.0 0 0 1 0 1 0 -1 0 0 3005.DAT
0 STEP
1 86 60.0 -696 160.0 0 0 1 0 1 0 -1 0 0 3003.DAT
0 STEP
1 86 50.0 -720 150.0 0 0 1 0 1 0 -1 0 0 3005.DAT
0 STEP
1 86 50.0 -744 150.0 0 0 1 0 1 0 -1 0 0 3005.DAT
0 STEP
1 86 60.0 -768 160.0 0 0 1 0 1 0 -1 0 0 3003.DAT
0 STEP
1 86 50.0 -792 160.0 0 0 1 0 1 0 -1 0 0 3004.DAT
0 STEP
1 86 60.0 -816 150.0 -1 0 0 0 1 0 0 0 -1 3004.DAT
0 STEP
1 86 60.0 -840 160.0 0 0 1 0 1 0 -1 0 0 3003.DAT
0 STEP
1 86 50.0 -864 160.0 0 0 1 0 1 0 -1 0 0 3004.DAT
0 STEP
1 86 60.0 -888 150.0 -1 0 0 0 1 0 0 0 -1 3004.DAT
0 STEP
1 86 50.0 -912 180.0 0 0 1 0 1 0 -1 0 0 3010.DAT
0 STEP
1 86 60.0 -936 160.0 0 0 1 0 1 0 -1 0 0 3003.DAT
0 STEP
1 86 50.0 -960 150.0 0 0 1 0 1 0 -1 0 0 3005.DAT
0 STEP
1 86 60.0 -984 180.0 0 0 1 0 1 0 -1 0 0 3001.DAT
0 STEP
1 86 50.0 -1008 160.0 0 0 1 0 1 0 -1 0 0 3004.DAT
0 STEP
1 86 60.0 -1032 150.0 -1 0 0 0 1 0 0 0 -1 3004.DAT
0 STEP
1 86 50.0 -1056 160.0 0 0 1 0 1 0 -1 0 0 3004.DAT
0 STEP
1 86 50.0 -1080 150.0 0 0 1 0 1 0 -1 0 0 3005.DAT
0 STEP
1 86 60.0 -1104 150.0 -1 0 0 0 1 0 0 0 -1 3004.DAT
0 STEP
1 86 50.0 -1128 160.0 0 0 1 0 1 0 -1 0 0 3004.DAT
0 STEP
1 86 60.0 -1152 160.0 0 0 1 0 1 0 -1 0 0 3003.DAT
0 STEP
1 86 50.0 -1176 160.0 0 0 1 0 1 0 -1 0 0 3004.DAT
0 STEP
1 86 60.0 -1200 160.0 0 0 1 0 1 0 -1 0 0 3003.DAT
0 STEP
1 86 50.0 -312 170.0 0 0 1 0 1 0 -1 0 0 3005.DAT
0 STEP
1 86 60.0 -336 220.0 0 0 1 0 1 0 -1 0 0 2456.DAT
0 STEP
1 86 50.0 -360 170.0 0 0 1 0 1 0 -1 0 0 3005.DAT
0 STEP
1 86 50.0 -408 180.0 0 0 1 0 1 0 -1 0 0 3004.DAT
0 STEP
1 86 60.0 -456 200.0 0 0 1 0 1 0 -1 0 0 3001.DAT
0 STEP
1 86 60.0 -552 200.0 0 0 1 0 1 0 -1 0 0 3001.DAT
0 STEP
1 86 50.0 -600 180.0 0 0 1 0 1 0 -1 0 0 3004.DAT
0 STEP
1 86 50.0 -648 170.0 0 0 1 0 1 0 -1 0 0 3005.DAT
0 STEP
1 86 50.0 -672 180.0 0 0 1 0 1 0 -1 0 0 3004.DAT
0 STEP
1 86 50.0 -720 180.0 0 0 1 0 1 0 -1 0 0 3004.DAT
0 STEP
1 86 60.0 -744 170.0 -1 0 0 0 1 0 0 0 -1 3004.DAT
0 STEP
1 86 50.0 -816 180.0 0 0 1 0 1 0 -1 0 0 3004.DAT
0 STEP
1 86 50.0 -888 180.0 0 0 1 0 1 0 -1 0 0 3004.DAT
0 STEP
1 86 50.0 -960 180.0 0 0 1 0 1 0 -1 0 0 3004.DAT
0 STEP
1 86 60.0 -1032 180.0 0 0 1 0 1 0 -1 0 0 3003.DAT
0 STEP
1 86 50.0 -1080 180.0 0 0 1 0 1 0 -1 0 0 3004.DAT
0 STEP
1 86 60.0 -1104 180.0 0 0 1 0 1 0 -1 0 0 3003.DAT
0 STEP
1 86 50.0 -264 190.0 0 0 1 0 1 0 -1 0 0 3005.DAT
0 STEP
1 86 60.0 -288 240.0 0 0 1 0 1 0 -1 0 0 2456.DAT
0 STEP
1 86 60.0 -384 200.0 0 0 1 0 1 0 -1 0 0 3003.DAT
0 STEP
1 86 60.0 -624 200.0 0 0 1 0 1 0 -1 0 0 3003.DAT
0 STEP
1 86 60.0 -696 190.0 -1 0 0 0 1 0 0 0 -1 3004.DAT
0 STEP
1 86 60.0 -768 190.0 -1 0 0 0 1 0 0 0 -1 3004.DAT
0 STEP
1 86 60.0 -864 190.0 -1 0 0 0 1 0 0 0 -1 3004.DAT
0 STEP
1 86 60.0 -936 190.0 -1 0 0 0 1 0 0 0 -1 3004.DAT
0 STEP
1 86 60.0 -1128 190.0 -1 0 0 0 1 0 0 0 -1 3004.DAT
0 STEP
1 86 60.0 -1200 190.0 -1 0 0 0 1 0 0 0 -1 3004.DAT
0 STEP
1 86 50.0 -264 280.0 0 0 1 0 1 0 -1 0 0 3008.DAT
0 STEP
1 86 60.0 -360 210.0 -1 0 0 0 1 0 0 0 -1 3004.DAT
0 STEP
1 86 50.0 -408 210.0 0 0 1 0 1 0 -1 0 0 3005.DAT
0 STEP
1 86 50.0 -576 210.0 0 0 1 0 1 0 -1 0 0 3005.DAT
0 STEP
1 86 60.0 -672 220.0 0 0 1 0 1 0 -1 0 0 3003.DAT
0 STEP
1 86 50.0 -720 210.0 0 0 1 0 1 0 -1 0 0 3005.DAT
0 STEP
1 86 60.0 -744 240.0 0 0 1 0 1 0 -1 0 0 3001.DAT
0 STEP
1 86 50.0 -768 210.0 0 0 1 0 1 0 -1 0 0 3005.DAT
0 STEP
1 86 60.0 -792 220.0 0 0 1 0 1 0 -1 0 0 3003.DAT
0 STEP
1 86 50.0 -816 210.0 0 0 1 0 1 0 -1 0 0 3005.DAT
0 STEP
1 86 60.0 -864 220.0 0 0 1 0 1 0 -1 0 0 3003.DAT
0 STEP
1 86 50.0 -888 210.0 0 0 1 0 1 0 -1 0 0 3005.DAT
0 STEP
1 86 60.0 -936 220.0 0 0 1 0 1 0 -1 0 0 3003.DAT
0 STEP
1 86 60.0 -1008 220.0 0 0 1 0 1 0 -1 0 0 3003.DAT
0 STEP
1 86 50.0 -1080 210.0 0 0 1 0 1 0 -1 0 0 3005.DAT
0 STEP
1 86 60.0 -1128 240.0 0 0 1 0 1 0 -1 0 0 3001.DAT
0 STEP
1 86 50.0 -1200 210.0 0 0 1 0 1 0 -1 0 0 3005.DAT
0 STEP
1 86 60.0 -384 230.0 -1 0 0 0 1 0 0 0 -1 3004.DAT
0 STEP
1 86 60.0 -576 230.0 -1 0 0 0 1 0 0 0 -1 3004.DAT
0 STEP
1 86 50.0 -600 300.0 0 0 1 0 1 0 -1 0 0 3008.DAT
0 STEP
1 86 60.0 -624 230.0 -1 0 0 0 1 0 0 0 -1 3004.DAT
0 STEP
1 86 60.0 -648 240.0 0 0 1 0 1 0 -1 0 0 3003.DAT
0 STEP
1 86 60.0 -696 240.0 0 0 1 0 1 0 -1 0 0 3003.DAT
0 STEP
1 86 50.0 -816 240.0 0 0 1 0 1 0 -1 0 0 3004.DAT
0 STEP
1 86 60.0 -912 230.0 -1 0 0 0 1 0 0 0 -1 3004.DAT
0 STEP
1 86 50.0 -1056 230.0 0 0 1 0 1 0 -1 0 0 3005.DAT
0 STEP
1 86 60.0 -1080 240.0 0 0 1 0 1 0 -1 0 0 3003.DAT
0 STEP
1 86 60.0 -1176 230.0 -1 0 0 0 1 0 0 0 -1 3004.DAT
0 STEP
1 86 50.0 -1200 260.0 0 0 1 0 1 0 -1 0 0 3010.DAT
0 STEP
1 86 50.0 -408 260.0 0 0 1 0 1 0 -1 0 0 3004.DAT
0 STEP
1 86 60.0 -576 260.0 0 0 1 0 1 0 -1 0 0 3003.DAT
0 STEP
1 86 60.0 -624 300.0 0 0 1 0 1 0 -1 0 0 2456.DAT
0 STEP
1 86 60.0 -792 250.0 -1 0 0 0 1 0 0 0 -1 3004.DAT
0 STEP
1 86 50.0 -840 260.0 0 0 1 0 1 0 -1 0 0 3004.DAT
0 STEP
1 86 60.0 -864 250.0 -1 0 0 0 1 0 0 0 -1 3004.DAT
0 STEP
1 86 60.0 -912 260.0 0 0 1 0 1 0 -1 0 0 3003.DAT
0 STEP
1 86 60.0 -984 260.0 0 0 1 0 1 0 -1 0 0 3003.DAT
0 STEP
1 86 60.0 -1008 250.0 -1 0 0 0 1 0 0 0 -1 3004.DAT
0 STEP
1 86 60.0 -1056 250.0 -1 0 0 0 1 0 0 0 -1 3004.DAT
0 STEP
1 86 60.0 -384 280.0 0 0 1 0 1 0 -1 0 0 3003.DAT
0 STEP
1 86 50.0 -432 320.0 0 0 1 0 1 0 -1 0 0 3009.DAT
0 STEP
1 86 60.0 -696 270.0 -1 0 0 0 1 0 0 0 -1 3004.DAT
0 STEP
1 86 60.0 -720 300.0 0 0 1 0 1 0 -1 0 0 3001.DAT
0 STEP
1 86 60.0 -792 300.0 0 0 1 0 1 0 -1 0 0 3001.DAT
0 STEP
1 86 60.0 -864 280.0 0 0 1 0 1 0 -1 0 0 3003.DAT
0 STEP
1 86 50.0 -936 270.0 0 0 1 0 1 0 -1 0 0 3005.DAT
0 STEP
1 86 50.0 -1008 300.0 0 0 1 0 1 0 -1 0 0 3010.DAT
0 STEP
1 86 60.0 -1032 270.0 -1 0 0 0 1 0 0 0 -1 3004.DAT
0 STEP
1 86 60.0 -1080 270.0 -1 0 0 0 1 0 0 0 -1 3004.DAT
0 STEP
1 86 60.0 -1152 280.0 0 0 1 0 1 0 -1 0 0 3003.DAT
0 STEP
1 86 50.0 -336 290.0 0 0 1 0 1 0 -1 0 0 3005.DAT
0 STEP
1 86 60.0 -408 300.0 0 0 1 0 1 0 -1 0 0 3003.DAT
0 STEP
1 86 60.0 -528 290.0 -1 0 0 0 1 0 0 0 -1 3004.DAT
0 STEP
1 86 60.0 -576 290.0 -1 0 0 0 1 0 0 0 -1 3004.DAT
0 STEP
1 86 60.0 -696 300.0 0 0 1 0 1 0 -1 0 0 3003.DAT
0 STEP
1 86 60.0 -744 290.0 -1 0 0 0 1 0 0 0 -1 3004.DAT
0 STEP
1 86 50.0 -840 290.0 0 0 1 0 1 0 -1 0 0 3005.DAT
0 STEP
1 86 60.0 -888 290.0 -1 0 0 0 1 0 0 0 -1 3004.DAT
0 STEP
1 86 60.0 -936 290.0 -1 0 0 0 1 0 0 0 -1 3004.DAT
0 STEP
1 86 50.0 -984 300.0 0 0 1 0 1 0 -1 0 0 3004.DAT
0 STEP
1 86 50.0 -1056 290.0 0 0 1 0 1 0 -1 0 0 3005.DAT
0 STEP
1 86 60.0 -1080 300.0 0 0 1 0 1 0 -1 0 0 3003.DAT
0 STEP
1 86 60.0 -1176 340.0 0 0 1 0 1 0 -1 0 0 2456.DAT
0 STEP
1 86 60.0 -288 310.0 -1 0 0 0 1 0 0 0 -1 3004.DAT
0 STEP
1 86 60.0 -312 340.0 0 0 1 0 1 0 -1 0 0 3001.DAT
0 STEP
1 86 60.0 -360 310.0 -1 0 0 0 1 0 0 0 -1 3004.DAT
0 STEP
1 86 60.0 -384 310.0 -1 0 0 0 1 0 0 0 -1 3004.DAT
0 STEP
1 86 60.0 -480 310.0 -1 0 0 0 1 0 0 0 -1 3004.DAT
0 STEP
1 86 50.0 -528 310.0 0 0 1 0 1 0 -1 0 0 3005.DAT
0 STEP
1 86 60.0 -576 340.0 0 0 1 0 1 0 -1 0 0 3001.DAT
0 STEP
1 86 60.0 -648 310.0 -1 0 0 0 1 0 0 0 -1 3004.DAT
0 STEP
1 86 60.0 -672 320.0 0 0 1 0 1 0 -1 0 0 3003.DAT
0 STEP
1 86 60.0 -840 320.0 0 0 1 0 1 0 -1 0 0 3003.DAT
0 STEP
1 86 60.0 -888 320.0 0 0 1 0 1 0 -1 0 0 3003.DAT
0 STEP
1 86 50.0 -936 320.0 0 0 1 0 1 0 -1 0 0 3004.DAT
0 STEP
1 86 60.0 -1056 310.0 -1 0 0 0 1 0 0 0 -1 3004.DAT
0 STEP
1 86 50.0 -1128 310.0 0 0 1 0 1 0 -1 0 0 3005.DAT
0 STEP
1 86 50.0 -1152 310.0 0 0 1 0 1 0 -1 0 0 3005.DAT
0 STEP
1 86 60.0 -288 340.0 0 0 1 0 1 0 -1 0 0 3003.DAT
0 STEP
1 86 60.0 -360 340.0 0 0 1 0 1 0 -1 0 0 3003.DAT
0 STEP
1 86 60.0 -408 330.0 -1 0 0 0 1 0 0 0 -1 3004.DAT
0 STEP
1 86 50.0 -480 360.0 0 0 1 0 1 0 -1 0 0 3010.DAT
0 STEP
1 86 50.0 -504 330.0 0 0 1 0 1 0 -1 0 0 3005.DAT
0 STEP
1 86 60.0 -696 330.0 -1 0 0 0 1 0 0 0 -1 3004.DAT
0 STEP
1 86 60.0 -744 340.0 0 0 1 0 1 0 -1 0 0 3003.DAT
0 STEP
1 86 50.0 -912 360.0 0 0 1 0 1 0 -1 0 0 3010.DAT
0 STEP
1 86 50.0 -960 330.0 0 0 1 0 1 0 -1 0 0 3005.DAT
0 STEP
1 86 60.0 -1032 340.0 0 0 1 0 1 0 -1 0 0 3003.DAT
0 STEP
1 86 50.0 -1104 330.0 0 0 1 0 1 0 -1 0 0 3005.DAT
0 STEP
1 86 60.0 -1128 340.0 0 0 1 0 1 0 -1 0 0 3003.DAT
0 STEP
1 86 60.0 -504 360.0 0 0 1 0 1 0 -1 0 0 3003.DAT
0 STEP
1 86 60.0 -552 350.0 -1 0 0 0 1 0 0 0 -1 3004.DAT
0 STEP
1 86 60.0 -672 350.0 -1 0 0 0 1 0 0 0 -1 3004.DAT
0 STEP
1 86 60.0 -696 360.0 0 0 1 0 1 0 -1 0 0 3003.DAT
0 STEP
1 86 60.0 -720 350.0 -1 0 0 0 1 0 0 0 -1 3004.DAT
0 STEP
1 86 60.0 -768 360.0 0 0 1 0 1 0 -1 0 0 3003.DAT
0 STEP
1 86 60.0 -792 350.0 -1 0 0 0 1 0 0 0 -1 3004.DAT
0 STEP
1 86 50.0 -840 360.0 0 0 1 0 1 0 -1 0 0 3004.DAT
0 STEP
1 86 60.0 -864 350.0 -1 0 0 0 1 0 0 0 -1 3004.DAT
0 STEP
1 86 50.0 -888 360.0 0 0 1 0 1 0 -1 0 0 3004.DAT
0 STEP
1 86 60.0 -960 350.0 -1 0 0 0 1 0 0 0 -1 3004.DAT
0 STEP
1 86 60.0 -1056 360.0 0 0 1 0 1 0 -1 0 0 3003.DAT
0 STEP
1 86 60.0 -1104 360.0 0 0 1 0 1 0 -1 0 0 3003.DAT
0 STEP
1 86 50.0 -288 380.0 0 0 1 0 1 0 -1 0 0 3004.DAT
0 STEP
1 86 50.0 -336 380.0 0 0 1 0 1 0 -1 0 0 3004.DAT
0 STEP
1 86 50.0 -360 380.0 0 0 1 0 1 0 -1 0 0 3004.DAT
0 STEP
1 86 50.0 -384 380.0 0 0 1 0 1 0 -1 0 0 3004.DAT
0 STEP
1 86 50.0 -408 380.0 0 0 1 0 1 0 -1 0 0 3004.DAT
0 STEP
1 86 50.0 -456 380.0 0 0 1 0 1 0 -1 0 0 3004.DAT
0 STEP
1 86 60.0 -528 380.0 0 0 1 0 1 0 -1 0 0 3003.DAT
0 STEP
1 86 50.0 -552 380.0 0 0 1 0 1 0 -1 0 0 3004.DAT
0 STEP
1 86 50.0 -624 380.0 0 0 1 0 1 0 -1 0 0 3004.DAT
0 STEP
1 86 60.0 -648 380.0 0 0 1 0 1 0 -1 0 0 3003.DAT
0 STEP
1 86 50.0 -672 380.0 0 0 1 0 1 0 -1 0 0 3004.DAT
0 STEP
1 86 50.0 -720 380.0 0 0 1 0 1 0 -1 0 0 3004.DAT
0 STEP
1 86 60.0 -744 370.0 -1 0 0 0 1 0 0 0 -1 3004.DAT
0 STEP
1 86 50.0 -792 380.0 0 0 1 0 1 0 -1 0 0 3004.DAT
0 STEP
1 86 60.0 -816 370.0 -1 0 0 0 1 0 0 0 -1 3004.DAT
0 STEP
1 86 50.0 -864 380.0 0 0 1 0 1 0 -1 0 0 3004.DAT
0 STEP
1 86 50.0 -960 370.0 0 0 1 0 1 0 -1 0 0 3005.DAT
0 STEP
1 86 50.0 -1008 380.0 0 0 1 0 1 0 -1 0 0 3004.DAT
0 STEP
1 86 50.0 -1032 370.0 0 0 1 0 1 0 -1 0 0 3005.DAT
0 STEP
1 86 50.0 -1080 380.0 0 0 1 0 1 0 -1 0 0 3004.DAT
0 STEP
1 86 50.0 -1128 370.0 0 0 1 0 1 0 -1 0 0 3005.DAT
0 STEP
1 86 50.0 -1152 380.0 0 0 1 0 1 0 -1 0 0 3004.DAT
0 STEP
1 86 50.0 -1200 380.0 0 0 1 0 1 0 -1 0 0 3004.DAT
0 STEP
1 86 60.0 -312 390.0 -1 0 0 0 1 0 0 0 -1 3004.DAT
0 STEP
1 86 50.0 -432 390.0 0 0 1 0 1 0 -1 0 0 3005.DAT
0 STEP
1 86 60.0 -504 390.0 -1 0 0 0 1 0 0 0 -1 3004.DAT
0 STEP
1 86 60.0 -576 390.0 -1 0 0 0 1 0 0 0 -1 3004.DAT
0 STEP
1 86 60.0 -600 390.0 -1 0 0 0 1 0 0 0 -1 3004.DAT
0 STEP
1 86 60.0 -696 390.0 -1 0 0 0 1 0 0 0 -1 3004.DAT
0 STEP
1 86 50.0 -744 390.0 0 0 1 0 1 0 -1 0 0 3005.DAT
0 STEP
1 86 60.0 -768 390.0 -1 0 0 0 1 0 0 0 -1 3004.DAT
0 STEP
1 86 50.0 -816 390.0 0 0 1 0 1 0 -1 0 0 3005.DAT
0 STEP
1 86 50.0 -840 390.0 0 0 1 0 1 0 -1 0 0 3005.DAT
0 STEP
1 86 60.0 -888 390.0 -1 0 0 0 1 0 0 0 -1 3004.DAT
0 STEP
1 86 50.0 -936 400.0 0 0 1 0 1 0 -1 0 0 3004.DAT
0 STEP
1 86 60.0 -1032 390.0 -1 0 0 0 1 0 0 0 -1 3004.DAT
0 STEP
1 86 50.0 -1056 390.0 0 0 1 0 1 0 -1 0 0 3005.DAT
0 STEP
1 86 50.0 -1104 390.0 0 0 1 0 1 0 -1 0 0 3005.DAT
0 STEP
1 86 60.0 -1128 390.0 -1 0 0 0 1 0 0 0 -1 3004.DAT
0 STEP
1 86 50.0 -912 410.0 0 0 1 0 1 0 -1 0 0 3005.DAT
0 STEP
1 86 50.0 -960 410.0 0 0 1 0 1 0 -1 0 0 3005.DAT
0 STEP
1 86 60.0 -984 410.0 -1 0 0 0 1 0 0 0 -1 3004.DAT
0 STEP
1 86 100.0 -288 110.0 -1 0 0 0 1 0 0 0 -1 3010.DAT
0 STEP
1 86 70.0 -312 120.0 0 0 1 0 1 0 -1 0 0 3004.DAT
0 STEP
1 86 70.0 -336 120.0 0 0 1 0 1 0 -1 0 0 3004.DAT
0 STEP
1 86 70.0 -360 110.0 0 0 1 0 1 0 -1 0 0 3005.DAT
0 STEP
1 86 80.0 -384 110.0 -1 0 0 0 1 0 0 0 -1 3004.DAT
0 STEP
1 86 70.0 -408 120.0 0 0 1 0 1 0 -1 0 0 3004.DAT
0 STEP
1 86 80.0 -432 110.0 -1 0 0 0 1 0 0 0 -1 3004.DAT
0 STEP
1 86 70.0 -456 120.0 0 0 1 0 1 0 -1 0 0 3004.DAT
0 STEP
1 86 70.0 -480 110.0 0 0 1 0 1 0 -1 0 0 3005.DAT
0 STEP
1 86 70.0 -504 120.0 0 0 1 0 1 0 -1 0 0 3004.DAT
0 STEP
1 86 70.0 -528 110.0 0 0 1 0 1 0 -1 0 0 3005.DAT
0 STEP
1 86 80.0 -552 120.0 0 0 1 0 1 0 -1 0 0 3003.DAT
0 STEP
1 86 80.0 -576 110.0 -1 0 0 0 1 0 0 0 -1 3004.DAT
0 STEP
1 86 70.0 -600 120.0 0 0 1 0 1 0 -1 0 0 3004.DAT
0 STEP
1 86 70.0 -624 110.0 0 0 1 0 1 0 -1 0 0 3005.DAT
0 STEP
1 86 70.0 -648 120.0 0 0 1 0 1 0 -1 0 0 3004.DAT
0 STEP
1 86 70.0 -672 110.0 0 0 1 0 1 0 -1 0 0 3005.DAT
0 STEP
1 86 80.0 -696 120.0 0 0 1 0 1 0 -1 0 0 3003.DAT
0 STEP
1 86 70.0 -720 120.0 0 0 1 0 1 0 -1 0 0 3004.DAT
0 STEP
1 86 80.0 -744 110.0 -1 0 0 0 1 0 0 0 -1 3004.DAT
0 STEP
1 86 70.0 -768 120.0 0 0 1 0 1 0 -1 0 0 3004.DAT
0 STEP
1 86 70.0 -792 110.0 0 0 1 0 1 0 -1 0 0 3005.DAT
0 STEP
1 86 80.0 -816 110.0 -1 0 0 0 1 0 0 0 -1 3004.DAT
0 STEP
1 86 70.0 -840 120.0 0 0 1 0 1 0 -1 0 0 3004.DAT
0 STEP
1 86 80.0 -864 140.0 0 0 1 0 1 0 -1 0 0 3001.DAT
0 STEP
1 86 70.0 -888 120.0 0 0 1 0 1 0 -1 0 0 3004.DAT
0 STEP
1 86 80.0 -912 110.0 -1 0 0 0 1 0 0 0 -1 3004.DAT
0 STEP
1 86 70.0 -936 120.0 0 0 1 0 1 0 -1 0 0 3004.DAT
0 STEP
1 86 70.0 -960 120.0 0 0 1 0 1 0 -1 0 0 3004.DAT
0 STEP
1 86 80.0 -984 120.0 0 0 1 0 1 0 -1 0 0 3003.DAT
0 STEP
1 86 70.0 -1008 120.0 0 0 1 0 1 0 -1 0 0 3004.DAT
0 STEP
1 86 70.0 -1032 110.0 0 0 1 0 1 0 -1 0 0 3005.DAT
0 STEP
1 86 70.0 -1056 110.0 0 0 1 0 1 0 -1 0 0 3005.DAT
0 STEP
1 86 80.0 -1080 140.0 0 0 1 0 1 0 -1 0 0 3001.DAT
0 STEP
1 86 70.0 -1104 120.0 0 0 1 0 1 0 -1 0 0 3004.DAT
0 STEP
1 86 80.0 -1128 140.0 0 0 1 0 1 0 -1 0 0 3001.DAT
0 STEP
1 86 70.0 -1152 120.0 0 0 1 0 1 0 -1 0 0 3004.DAT
0 STEP
1 86 80.0 -1176 120.0 0 0 1 0 1 0 -1 0 0 3003.DAT
0 STEP
1 86 70.0 -1200 110.0 0 0 1 0 1 0 -1 0 0 3005.DAT
0 STEP
1 86 70.0 -288 130.0 0 0 1 0 1 0 -1 0 0 3005.DAT
0 STEP
1 86 80.0 -360 130.0 -1 0 0 0 1 0 0 0 -1 3004.DAT
0 STEP
1 86 70.0 -384 130.0 0 0 1 0 1 0 -1 0 0 3005.DAT
0 STEP
1 86 80.0 -432 140.0 0 0 1 0 1 0 -1 0 0 3003.DAT
0 STEP
1 86 80.0 -480 140.0 0 0 1 0 1 0 -1 0 0 3003.DAT
0 STEP
1 86 80.0 -528 140.0 0 0 1 0 1 0 -1 0 0 3003.DAT
0 STEP
1 86 80.0 -576 140.0 0 0 1 0 1 0 -1 0 0 3003.DAT
0 STEP
1 86 80.0 -624 140.0 0 0 1 0 1 0 -1 0 0 3003.DAT
0 STEP
1 86 80.0 -672 130.0 -1 0 0 0 1 0 0 0 -1 3004.DAT
0 STEP
1 86 80.0 -744 140.0 0 0 1 0 1 0 -1 0 0 3003.DAT
0 STEP
1 86 80.0 -792 140.0 0 0 1 0 1 0 -1 0 0 3003.DAT
0 STEP
1 86 70.0 -816 130.0 0 0 1 0 1 0 -1 0 0 3005.DAT
0 STEP
1 86 80.0 -912 140.0 0 0 1 0 1 0 -1 0 0 3003.DAT
0 STEP
1 86 80.0 -1032 130.0 -1 0 0 0 1 0 0 0 -1 3004.DAT
0 STEP
1 86 70.0 -1056 140.0 0 0 1 0 1 0 -1 0 0 3004.DAT
0 STEP
1 86 70.0 -264 220.0 0 0 1 0 1 0 -1 0 0 3008.DAT
0 STEP
1 86 80.0 -288 160.0 0 0 1 0 1 0 -1 0 0 3003.DAT
0 STEP
1 86 80.0 -336 150.0 -1 0 0 0 1 0 0 0 -1 3004.DAT
0 STEP
1 86 80.0 -384 160.0 0 0 1 0 1 0 -1 0 0 3003.DAT
0 STEP
1 86 80.0 -672 160.0 0 0 1 0 1 0 -1 0 0 3003.DAT
0 STEP
1 86 80.0 -720 160.0 0 0 1 0 1 0 -1 0 0 3003.DAT
0 STEP
1 86 80.0 -960 160.0 0 0 1 0 1 0 -1 0 0 3003.DAT
0 STEP
1 86 80.0 -1008 160.0 0 0 1 0 1 0 -1 0 0 3003.DAT
0 STEP
1 86 120.0 -1176 150.0 -1 0 0 0 1 0 0 0 -1 3009.DAT
0 STEP
1 86 70.0 -312 180.0 0 0 1 0 1 0 -1 0 0 3004.DAT
0 STEP
1 86 70.0 -360 180.0 0 0 1 0 1 0 -1 0 0 3004.DAT
0 STEP
1 86 70.0 -408 220.0 0 0 1 0 1 0 -1 0 0 3009.DAT
0 STEP
1 86 80.0 -432 170.0 -1 0 0 0 1 0 0 0 -1 3004.DAT
0 STEP
1 86 80.0 -480 170.0 -1 0 0 0 1 0 0 0 -1 3004.DAT
0 STEP
1 86 80.0 -528 170.0 -1 0 0 0 1 0 0 0 -1 3004.DAT
0 STEP
1 86 80.0 -576 170.0 -1 0 0 0 1 0 0 0 -1 3004.DAT
0 STEP
1 86 80.0 -600 170.0 -1 0 0 0 1 0 0 0 -1 3004.DAT
0 STEP
1 86 80.0 -624 170.0 -1 0 0 0 1 0 0 0 -1 3004.DAT
0 STEP
1 86 70.0 -648 180.0 0 0 1 0 1 0 -1 0 0 3004.DAT
0 STEP
1 86 70.0 -792 180.0 0 0 1 0 1 0 -1 0 0 3004.DAT
0 STEP
1 86 80.0 -816 170.0 -1 0 0 0 1 0 0 0 -1 3004.DAT
0 STEP
1 86 70.0 -888 170.0 0 0 1 0 1 0 -1 0 0 3005.DAT
0 STEP
1 86 70.0 -912 180.0 0 0 1 0 1 0 -1 0 0 3004.DAT
0 STEP
1 86 80.0 -1056 170.0 -1 0 0 0 1 0 0 0 -1 3004.DAT
0 STEP
1 86 70.0 -1176 180.0 0 0 1 0 1 0 -1 0 0 3004.DAT
0 STEP
1 86 70.0 -240 200.0 0 0 1 0 1 0 -1 0 0 3004.DAT
0 STEP
1 86 70.0 -432 240.0 0 0 1 0 1 0 -1 0 0 3009.DAT
0 STEP
1 86 70.0 -480 190.0 0 0 1 0 1 0 -1 0 0 3005.DAT
0 STEP
1 86 70.0 -528 190.0 0 0 1 0 1 0 -1 0 0 3005.DAT
0 STEP
1 86 70.0 -576 200.0 0 0 1 0 1 0 -1 0 0 3004.DAT
0 STEP
1 86 70.0 -600 220.0 0 0 1 0 1 0 -1 0 0 3010.DAT
0 STEP
1 86 70.0 -672 190.0 0 0 1 0 1 0 -1 0 0 3005.DAT
0 STEP
1 86 70.0 -720 220.0 0 0 1 0 1 0 -1 0 0 3010.DAT
0 STEP
1 86 70.0 -744 190.0 0 0 1 0 1 0 -1 0 0 3005.DAT
0 STEP
1 86 70.0 -816 220.0 0 0 1 0 1 0 -1 0 0 3010.DAT
0 STEP
1 86 70.0 -840 240.0 0 0 1 0 1 0 -1 0 0 3009.DAT
0 STEP
1 86 70.0 -888 220.0 0 0 1 0 1 0 -1 0 0 3010.DAT
0 STEP
1 86 70.0 -960 240.0 0 0 1 0 1 0 -1 0 0 3009.DAT
0 STEP
1 86 70.0 -1008 190.0 0 0 1 0 1 0 -1 0 0 3005.DAT
0 STEP
1 86 70.0 -1056 190.0 0 0 1 0 1 0 -1 0 0 3005.DAT
0 STEP
1 86 70.0 -1080 200.0 0 0 1 0 1 0 -1 0 0 3004.DAT
0 STEP
1 86 70.0 -1152 220.0 0 0 1 0 1 0 -1 0 0 3010.DAT
0 STEP
1 86 70.0 -1224 220.0 0 0 1 0 1 0 -1 0 0 3010.DAT
0 STEP
1 86 70.0 -312 210.0 0 0 1 0 1 0 -1 0 0 3005.DAT
0 STEP
1 86 70.0 -480 240.0 0 0 1 0 1 0 -1 0 0 3010.DAT
0 STEP
1 86 70.0 -528 240.0 0 0 1 0 1 0 -1 0 0 3010.DAT
0 STEP
1 86 70.0 -648 210.0 0 0 1 0 1 0 -1 0 0 3005.DAT
0 STEP
1 86 70.0 -696 210.0 0 0 1 0 1 0 -1 0 0 3005.DAT
0 STEP
1 86 70.0 -768 260.0 0 0 1 0 1 0 -1 0 0 3009.DAT
0 STEP
1 86 70.0 -912 210.0 0 0 1 0 1 0 -1 0 0 3005.DAT
0 STEP
1 86 70.0 -1032 210.0 0 0 1 0 1 0 -1 0 0 3005.DAT
0 STEP
1 86 70.0 -1056 220.0 0 0 1 0 1 0 -1 0 0 3004.DAT
0 STEP
1 86 70.0 -1104 240.0 0 0 1 0 1 0 -1 0 0 3010.DAT
0 STEP
1 86 70.0 -1176 210.0 0 0 1 0 1 0 -1 0 0 3005.DAT
0 STEP
1 86 70.0 -1200 220.0 0 0 1 0 1 0 -1 0 0 3004.DAT
0 STEP
1 86 70.0 -216 240.0 0 0 1 0 1 0 -1 0 0 3004.DAT
0 STEP
1 86 80.0 -240 230.0 -1 0 0 0 1 0 0 0 -1 3004.DAT
0 STEP
1 86 70.0 -312 260.0 0 0 1 0 1 0 -1 0 0 3010.DAT
0 STEP
1 86 70.0 -360 230.0 0 0 1 0 1 0 -1 0 0 3005.DAT
0 STEP
1 86 70.0 -984 230.0 0 0 1 0 1 0 -1 0 0 3005.DAT
0 STEP
1 86 70.0 -1032 240.0 0 0 1 0 1 0 -1 0 0 3004.DAT
0 STEP
1 86 80.0 -240 260.0 0 0 1 0 1 0 -1 0 0 3003.DAT
0 STEP
1 86 70.0 -360 260.0 0 0 1 0 1 0 -1 0 0 3004.DAT
0 STEP
1 86 70.0 -384 250.0 0 0 1 0 1 0 -1 0 0 3005.DAT
0 STEP
1 86 70.0 -456 250.0 0 0 1 0 1 0 -1 0 0 3005.DAT
0 STEP
1 86 70.0 -552 250.0 0 0 1 0 1 0 -1 0 0 3005.DAT
0 STEP
1 86 70.0 -672 250.0 0 0 1 0 1 0 -1 0 0 3005.DAT
0 STEP
1 86 70.0 -936 260.0 0 0 1 0 1 0 -1 0 0 3004.DAT
0 STEP
1 86 70.0 -1176 260.0 0 0 1 0 1 0 -1 0 0 3004.DAT
0 STEP
1 86 100.0 -1200 250.0 -1 0 0 0 1 0 0 0 -1 3010.DAT
0 STEP
1 86 80.0 -216 270.0 -1 0 0 0 1 0 0 0 -1 3004.DAT
0 STEP
1 86 70.0 -456 340.0 0 0 1 0 1 0 -1 0 0 3008.DAT
0 STEP
1 86 70.0 -504 300.0 0 0 1 0 1 0 -1 0 0 3010.DAT
0 STEP
1 86 70.0 -552 300.0 0 0 1 0 1 0 -1 0 0 3010.DAT
0 STEP
1 86 70.0 -600 270.0 0 0 1 0 1 0 -1 0 0 3005.DAT
0 STEP
1 86 70.0 -648 280.0 0 0 1 0 1 0 -1 0 0 3004.DAT
0 STEP
1 86 70.0 -672 280.0 0 0 1 0 1 0 -1 0 0 3004.DAT
0 STEP
1 86 70.0 -816 270.0 0 0 1 0 1 0 -1 0 0 3005.DAT
0 STEP
1 86 70.0 -888 270.0 0 0 1 0 1 0 -1 0 0 3005.DAT
0 STEP
1 86 70.0 -1008 280.0 0 0 1 0 1 0 -1 0 0 3004.DAT
0 STEP
1 86 70.0 -1056 280.0 0 0 1 0 1 0 -1 0 0 3004.DAT
0 STEP
1 86 80.0 -1200 280.0 0 0 1 0 1 0 -1 0 0 3003.DAT
0 STEP
1 86 70.0 -1224 270.0 0 0 1 0 1 0 -1 0 0 3005.DAT
0 STEP
1 86 80.0 -216 300.0 0 0 1 0 1 0 -1 0 0 3003.DAT
0 STEP
1 86 80.0 -240 290.0 -1 0 0 0 1 0 0 0 -1 3004.DAT
0 STEP
1 86 70.0 -336 340.0 0 0 1 0 1 0 -1 0 0 3009.DAT
0 STEP
1 86 70.0 -360 290.0 0 0 1 0 1 0 -1 0 0 3005.DAT
0 STEP
1 86 70.0 -480 290.0 0 0 1 0 1 0 -1 0 0 3005.DAT
0 STEP
1 86 70.0 -600 320.0 0 0 1 0 1 0 -1 0 0 3010.DAT
0 STEP
1 86 70.0 -816 320.0 0 0 1 0 1 0 -1 0 0 3010.DAT
0 STEP
1 86 70.0 -912 290.0 0 0 1 0 1 0 -1 0 0 3005.DAT
0 STEP
1 86 70.0 -1032 300.0 0 0 1 0 1 0 -1 0 0 3004.DAT
0 STEP
1 86 70.0 -1104 290.0 0 0 1 0 1 0 -1 0 0 3005.DAT
0 STEP
1 86 70.0 -1128 300.0 0 0 1 0 1 0 -1 0 0 3004.DAT
0 STEP
1 86 80.0 -1224 300.0 0 0 1 0 1 0 -1 0 0 3003.DAT
0 STEP
1 86 80.0 -240 320.0 0 0 1 0 1 0 -1 0 0 3003.DAT
0 STEP
1 86 70.0 -264 310.0 0 0 1 0 1 0 -1 0 0 3005.DAT
0 STEP
1 86 70.0 -432 310.0 0 0 1 0 1 0 -1 0 0 3005.DAT
0 STEP
1 86 70.0 -528 320.0 0 0 1 0 1 0 -1 0 0 3004.DAT
0 STEP
1 86 70.0 -744 310.0 0 0 1 0 1 0 -1 0 0 3005.DAT
0 STEP
1 86 70.0 -864 320.0 0 0 1 0 1 0 -1 0 0 3004.DAT
0 STEP
1 86 70.0 -1104 320.0 0 0 1 0 1 0 -1 0 0 3004.DAT
0 STEP
1 86 70.0 -1152 320.0 0 0 1 0 1 0 -1 0 0 3004.DAT
0 STEP
1 86 70.0 -1200 320.0 0 0 1 0 1 0 -1 0 0 3004.DAT
0 STEP
1 86 80.0 -216 330.0 -1 0 0 0 1 0 0 0 -1 3004.DAT
0 STEP
1 86 80.0 -264 360.0 0 0 1 0 1 0 -1 0 0 3001.DAT
0 STEP
1 86 70.0 -384 360.0 0 0 1 0 1 0 -1 0 0 3010.DAT
0 STEP
1 86 70.0 -432 340.0 0 0 1 0 1 0 -1 0 0 3004.DAT
0 STEP
1 86 70.0 -480 340.0 0 0 1 0 1 0 -1 0 0 3004.DAT
0 STEP
1 86 70.0 -648 340.0 0 0 1 0 1 0 -1 0 0 3004.DAT
0 STEP
1 86 70.0 -768 330.0 0 0 1 0 1 0 -1 0 0 3005.DAT
0 STEP
1 86 70.0 -1056 330.0 0 0 1 0 1 0 -1 0 0 3005.DAT
0 STEP
1 86 70.0 -1080 340.0 0 0 1 0 1 0 -1 0 0 3004.DAT
0 STEP
1 86 100.0 -1224 330.0 -1 0 0 0 1 0 0 0 -1 3010.DAT
0 STEP
1 86 70.0 -240 350.0 0 0 1 0 1 0 -1 0 0 3005.DAT
0 STEP
1 86 70.0 -408 350.0 0 0 1 0 1 0 -1 0 0 3005.DAT
0 STEP
1 86 70.0 -528 350.0 0 0 1 0 1 0 -1 0 0 3005.DAT
0 STEP
1 86 70.0 -840 350.0 0 0 1 0 1 0 -1 0 0 3005.DAT
0 STEP
1 86 70.0 -888 350.0 0 0 1 0 1 0 -1 0 0 3005.DAT
0 STEP
1 86 70.0 -912 350.0 0 0 1 0 1 0 -1 0 0 3005.DAT
0 STEP
1 86 70.0 -936 350.0 0 0 1 0 1 0 -1 0 0 3005.DAT
0 STEP
1 86 70.0 -984 350.0 0 0 1 0 1 0 -1 0 0 3005.DAT
0 STEP
1 86 70.0 -1008 380.0 0 0 1 0 1 0 -1 0 0 3010.DAT
0 STEP
1 86 70.0 -1152 350.0 0 0 1 0 1 0 -1 0 0 3005.DAT
0 STEP
1 86 70.0 -1200 350.0 0 0 1 0 1 0 -1 0 0 3005.DAT
0 STEP
1 86 70.0 -1224 350.0 0 0 1 0 1 0 -1 0 0 3005.DAT
0 STEP
1 86 80.0 -288 380.0 0 0 1 0 1 0 -1 0 0 3003.DAT
0 STEP
1 86 80.0 -360 370.0 -1 0 0 0 1 0 0 0 -1 3004.DAT
0 STEP
1 86 80.0 -408 370.0 -1 0 0 0 1 0 0 0 -1 3004.DAT
0 STEP
1 86 80.0 -432 380.0 0 0 1 0 1 0 -1 0 0 3003.DAT
0 STEP
1 86 80.0 -480 370.0 -1 0 0 0 1 0 0 0 -1 3004.DAT
0 STEP
1 86 80.0 -552 370.0 -1 0 0 0 1 0 0 0 -1 3004.DAT
0 STEP
1 86 70.0 -600 370.0 0 0 1 0 1 0 -1 0 0 3005.DAT
0 STEP
1 86 80.0 -624 370.0 -1 0 0 0 1 0 0 0 -1 3004.DAT
0 STEP
1 86 80.0 -672 380.0 0 0 1 0 1 0 -1 0 0 3003.DAT
0 STEP
1 86 80.0 -720 370.0 -1 0 0 0 1 0 0 0 -1 3004.DAT
0 STEP
1 86 80.0 -792 370.0 -1 0 0 0 1 0 0 0 -1 3004.DAT
0 STEP
1 86 80.0 -840 380.0 0 0 1 0 1 0 -1 0 0 3003.DAT
0 STEP
1 86 70.0 -864 370.0 0 0 1 0 1 0 -1 0 0 3005.DAT
0 STEP
1 86 80.0 -888 370.0 -1 0 0 0 1 0 0 0 -1 3004.DAT
0 STEP
1 86 70.0 -912 380.0 0 0 1 0 1 0 -1 0 0 3004.DAT
0 STEP
1 86 70.0 -984 380.0 0 0 1 0 1 0 -1 0 0 3004.DAT
0 STEP
1 86 80.0 -1032 370.0 -1 0 0 0 1 0 0 0 -1 3004.DAT
0 STEP
1 86 80.0 -1080 380.0 0 0 1 0 1 0 -1 0 0 3003.DAT
0 STEP
1 86 80.0 -1128 370.0 -1 0 0 0 1 0 0 0 -1 3004.DAT
0 STEP
1 86 80.0 -1152 380.0 0 0 1 0 1 0 -1 0 0 3003.DAT
0 STEP
1 86 100.0 -1200 370.0 -1 0 0 0 1 0 0 0 -1 3010.DAT
0 STEP
1 86 80.0 -360 400.0 0 0 1 0 1 0 -1 0 0 3003.DAT
0 STEP
1 86 80.0 -408 400.0 0 0 1 0 1 0 -1 0 0 3003.DAT
0 STEP
1 86 80.0 -480 400.0 0 0 1 0 1 0 -1 0 0 3003.DAT
0 STEP
1 86 80.0 -552 400.0 0 0 1 0 1 0 -1 0 0 3003.DAT
0 STEP
1 86 80.0 -624 400.0 0 0 1 0 1 0 -1 0 0 3003.DAT
0 STEP
1 86 70.0 -720 400.0 0 0 1 0 1 0 -1 0 0 3004.DAT
0 STEP
1 86 80.0 -744 400.0 0 0 1 0 1 0 -1 0 0 3003.DAT
0 STEP
1 86 70.0 -792 400.0 0 0 1 0 1 0 -1 0 0 3004.DAT
0 STEP
1 86 80.0 -816 390.0 -1 0 0 0 1 0 0 0 -1 3004.DAT
0 STEP
1 86 70.0 -864 400.0 0 0 1 0 1 0 -1 0 0 3004.DAT
0 STEP
1 86 70.0 -936 390.0 0 0 1 0 1 0 -1 0 0 3005.DAT
0 STEP
1 86 70.0 -960 400.0 0 0 1 0 1 0 -1 0 0 3004.DAT
0 STEP
1 86 80.0 -1056 400.0 0 0 1 0 1 0 -1 0 0 3003.DAT
0 STEP
1 86 80.0 -1104 400.0 0 0 1 0 1 0 -1 0 0 3003.DAT
0 STEP
1 86 80.0 -1200 390.0 -1 0 0 0 1 0 0 0 -1 3004.DAT
0 STEP
1 86 80.0 -288 410.0 -1 0 0 0 1 0 0 0 -1 3004.DAT
0 STEP
1 86 70.0 -312 420.0 0 0 1 0 1 0 -1 0 0 3004.DAT
0 STEP
1 86 70.0 -336 410.0 0 0 1 0 1 0 -1 0 0 3005.DAT
0 STEP
1 86 70.0 -384 410.0 0 0 1 0 1 0 -1 0 0 3005.DAT
0 STEP
1 86 80.0 -432 410.0 -1 0 0 0 1 0 0 0 -1 3004.DAT
0 STEP
1 86 70.0 -504 410.0 0 0 1 0 1 0 -1 0 0 3005.DAT
0 STEP
1 86 80.0 -528 410.0 -1 0 0 0 1 0 0 0 -1 3004.DAT
0 STEP
1 86 70.0 -576 410.0 0 0 1 0 1 0 -1 0 0 3005.DAT
0 STEP
1 86 70.0 -600 410.0 0 0 1 0 1 0 -1 0 0 3005.DAT
0 STEP
1 86 70.0 -648 410.0 0 0 1 0 1 0 -1 0 0 3005.DAT
0 STEP
1 86 70.0 -672 410.0 0 0 1 0 1 0 -1 0 0 3005.DAT
0 STEP
1 86 80.0 -696 410.0 -1 0 0 0 1 0 0 0 -1 3004.DAT
0 STEP
1 86 70.0 -768 410.0 0 0 1 0 1 0 -1 0 0 3005.DAT
0 STEP
1 86 70.0 -816 410.0 0 0 1 0 1 0 -1 0 0 3005.DAT
0 STEP
1 86 80.0 -840 410.0 -1 0 0 0 1 0 0 0 -1 3004.DAT
0 STEP
1 86 70.0 -888 410.0 0 0 1 0 1 0 -1 0 0 3005.DAT
0 STEP
1 86 80.0 -912 410.0 -1 0 0 0 1 0 0 0 -1 3004.DAT
0 STEP
1 86 80.0 -936 420.0 0 0 1 0 1 0 -1 0 0 3003.DAT
0 STEP
1 86 70.0 -1032 410.0 0 0 1 0 1 0 -1 0 0 3005.DAT
0 STEP
1 86 70.0 -1080 410.0 0 0 1 0 1 0 -1 0 0 3005.DAT
0 STEP
1 86 70.0 -1128 410.0 0 0 1 0 1 0 -1 0 0 3005.DAT
0 STEP
1 86 80.0 -1152 410.0 -1 0 0 0 1 0 0 0 -1 3004.DAT
0 STEP
1 86 70.0 -1176 410.0 0 0 1 0 1 0 -1 0 0 3005.DAT
0 STEP
1 86 80.0 -1200 420.0 0 0 1 0 1 0 -1 0 0 3003.DAT
0 STEP
1 86 70.0 -912 430.0 0 0 1 0 1 0 -1 0 0 3005.DAT
0 STEP
1 86 70.0 -960 430.0 0 0 1 0 1 0 -1 0 0 3005.DAT
0 STEP
1 86 80.0 -984 430.0 -1 0 0 0 1 0 0 0 -1 3004.DAT
0 STEP
1 86 120.0 -288 90.0 -1 0 0 0 1 0 0 0 -1 3010.DAT
0 STEP
1 86 100.0 -312 100.0 0 0 1 0 1 0 -1 0 0 3003.DAT
0 STEP
1 86 100.0 -336 100.0 0 0 1 0 1 0 -1 0 0 3003.DAT
0 STEP
1 86 90.0 -360 90.0 0 0 1 0 1 0 -1 0 0 3005.DAT
0 STEP
1 86 90.0 -384 90.0 0 0 1 0 1 0 -1 0 0 3005.DAT
0 STEP
1 86 90.0 -408 120.0 0 0 1 0 1 0 -1 0 0 3010.DAT
0 STEP
1 86 100.0 -432 90.0 -1 0 0 0 1 0 0 0 -1 3004.DAT
0 STEP
1 86 100.0 -456 100.0 0 0 1 0 1 0 -1 0 0 3003.DAT
0 STEP
1 86 90.0 -480 90.0 0 0 1 0 1 0 -1 0 0 3005.DAT
0 STEP
1 86 100.0 -504 100.0 0 0 1 0 1 0 -1 0 0 3003.DAT
0 STEP
1 86 100.0 -528 100.0 0 0 1 0 1 0 -1 0 0 3003.DAT
0 STEP
1 86 90.0 -552 90.0 0 0 1 0 1 0 -1 0 0 3005.DAT
0 STEP
1 86 100.0 -576 90.0 -1 0 0 0 1 0 0 0 -1 3004.DAT
0 STEP
1 86 90.0 -600 90.0 0 0 1 0 1 0 -1 0 0 3005.DAT
0 STEP
1 86 100.0 -624 100.0 0 0 1 0 1 0 -1 0 0 3003.DAT
0 STEP
1 86 90.0 -648 90.0 0 0 1 0 1 0 -1 0 0 3005.DAT
0 STEP
1 86 100.0 -672 100.0 0 0 1 0 1 0 -1 0 0 3003.DAT
0 STEP
1 86 90.0 -696 90.0 0 0 1 0 1 0 -1 0 0 3005.DAT
0 STEP
1 86 120.0 -720 90.0 -1 0 0 0 1 0 0 0 -1 3010.DAT
0 STEP
1 86 90.0 -744 90.0 0 0 1 0 1 0 -1 0 0 3005.DAT
0 STEP
1 86 90.0 -768 100.0 0 0 1 0 1 0 -1 0 0 3004.DAT
0 STEP
1 86 100.0 -792 100.0 0 0 1 0 1 0 -1 0 0 3003.DAT
0 STEP
1 86 90.0 -816 90.0 0 0 1 0 1 0 -1 0 0 3005.DAT
0 STEP
1 86 100.0 -840 100.0 0 0 1 0 1 0 -1 0 0 3003.DAT
0 STEP
1 86 90.0 -864 90.0 0 0 1 0 1 0 -1 0 0 3005.DAT
0 STEP
1 86 100.0 -888 100.0 0 0 1 0 1 0 -1 0 0 3003.DAT
0 STEP
1 86 90.0 -912 90.0 0 0 1 0 1 0 -1 0 0 3005.DAT
0 STEP
1 86 100.0 -936 100.0 0 0 1 0 1 0 -1 0 0 3003.DAT
0 STEP
1 86 90.0 -960 90.0 0 0 1 0 1 0 -1 0 0 3005.DAT
0 STEP
1 86 90.0 -984 90.0 0 0 1 0 1 0 -1 0 0 3005.DAT
0 STEP
1 86 90.0 -1008 100.0 0 0 1 0 1 0 -1 0 0 3004.DAT
0 STEP
1 86 120.0 -1032 90.0 -1 0 0 0 1 0 0 0 -1 3010.DAT
0 STEP
1 86 90.0 -1056 120.0 0 0 1 0 1 0 -1 0 0 3010.DAT
0 STEP
1 86 120.0 -1080 90.0 -1 0 0 0 1 0 0 0 -1 3010.DAT
0 STEP
1 86 100.0 -1104 100.0 0 0 1 0 1 0 -1 0 0 3003.DAT
0 STEP
1 86 90.0 -1128 90.0 0 0 1 0 1 0 -1 0 0 3005.DAT
0 STEP
1 86 90.0 -1152 100.0 0 0 1 0 1 0 -1 0 0 3004.DAT
0 STEP
1 86 90.0 -1176 90.0 0 0 1 0 1 0 -1 0 0 3005.DAT
0 STEP
1 86 90.0 -1200 100.0 0 0 1 0 1 0 -1 0 0 3004.DAT
0 STEP
1 86 100.0 -264 110.0 -1 0 0 0 1 0 0 0 -1 3004.DAT
0 STEP
1 86 100.0 -360 110.0 -1 0 0 0 1 0 0 0 -1 3004.DAT
0 STEP
1 86 100.0 -480 110.0 -1 0 0 0 1 0 0 0 -1 3004.DAT
0 STEP
1 86 100.0 -600 120.0 0 0 1 0 1 0 -1 0 0 3003.DAT
0 STEP
1 86 100.0 -648 120.0 0 0 1 0 1 0 -1 0 0 3003.DAT
0 STEP
1 86 100.0 -720 120.0 0 0 1 0 1 0 -1 0 0 3003.DAT
0 STEP
1 86 100.0 -960 120.0 0 0 1 0 1 0 -1 0 0 3003.DAT
0 STEP
1 86 100.0 -1032 110.0 -1 0 0 0 1 0 0 0 -1 3004.DAT
0 STEP
1 86 100.0 -264 140.0 0 0 1 0 1 0 -1 0 0 3003.DAT
0 STEP
1 86 100.0 -288 130.0 -1 0 0 0 1 0 0 0 -1 3004.DAT
0 STEP
1 86 100.0 -312 130.0 -1 0 0 0 1 0 0 0 -1 3004.DAT
0 STEP
1 86 100.0 -336 130.0 -1 0 0 0 1 0 0 0 -1 3004.DAT
0 STEP
1 86 100.0 -384 130.0 -1 0 0 0 1 0 0 0 -1 3004.DAT
0 STEP
1 86 100.0 -456 130.0 -1 0 0 0 1 0 0 0 -1 3004.DAT
0 STEP
1 86 100.0 -504 130.0 -1 0 0 0 1 0 0 0 -1 3004.DAT
0 STEP
1 86 100.0 -768 130.0 -1 0 0 0 1 0 0 0 -1 3004.DAT
0 STEP
1 86 100.0 -816 130.0 -1 0 0 0 1 0 0 0 -1 3004.DAT
0 STEP
1 86 90.0 -840 140.0 0 0 1 0 1 0 -1 0 0 3004.DAT
0 STEP
1 86 100.0 -888 130.0 -1 0 0 0 1 0 0 0 -1 3004.DAT
0 STEP
1 86 100.0 -936 130.0 -1 0 0 0 1 0 0 0 -1 3004.DAT
0 STEP
1 86 100.0 -1008 130.0 -1 0 0 0 1 0 0 0 -1 3004.DAT
0 STEP
1 86 100.0 -1104 130.0 -1 0 0 0 1 0 0 0 -1 3004.DAT
0 STEP
1 86 100.0 -1152 130.0 -1 0 0 0 1 0 0 0 -1 3004.DAT
0 STEP
1 86 90.0 -240 160.0 0 0 1 0 1 0 -1 0 0 3004.DAT
0 STEP
1 86 90.0 -312 160.0 0 0 1 0 1 0 -1 0 0 3004.DAT
0 STEP
1 86 90.0 -360 160.0 0 0 1 0 1 0 -1 0 0 3004.DAT
0 STEP
1 86 90.0 -456 160.0 0 0 1 0 1 0 -1 0 0 3004.DAT
0 STEP
1 86 90.0 -504 160.0 0 0 1 0 1 0 -1 0 0 3004.DAT
0 STEP
1 86 90.0 -552 160.0 0 0 1 0 1 0 -1 0 0 3004.DAT
0 STEP
1 86 90.0 -600 150.0 0 0 1 0 1 0 -1 0 0 3005.DAT
0 STEP
1 86 90.0 -648 160.0 0 0 1 0 1 0 -1 0 0 3004.DAT
0 STEP
1 86 90.0 -696 160.0 0 0 1 0 1 0 -1 0 0 3004.DAT
0 STEP
1 86 90.0 -768 160.0 0 0 1 0 1 0 -1 0 0 3004.DAT
0 STEP
1 86 90.0 -816 150.0 0 0 1 0 1 0 -1 0 0 3005.DAT
0 STEP
1 86 90.0 -888 160.0 0 0 1 0 1 0 -1 0 0 3004.DAT
0 STEP
1 86 90.0 -936 160.0 0 0 1 0 1 0 -1 0 0 3004.DAT
0 STEP
1 86 90.0 -984 160.0 0 0 1 0 1 0 -1 0 0 3004.DAT
0 STEP
1 86 90.0 -1032 160.0 0 0 1 0 1 0 -1 0 0 3004.DAT
0 STEP
1 86 90.0 -1104 160.0 0 0 1 0 1 0 -1 0 0 3004.DAT
0 STEP
1 86 90.0 -1152 160.0 0 0 1 0 1 0 -1 0 0 3004.DAT
0 STEP
1 86 90.0 -1200 180.0 0 0 1 0 1 0 -1 0 0 3010.DAT
0 STEP
1 86 90.0 -1224 150.0 0 0 1 0 1 0 -1 0 0 3005.DAT
0 STEP
1 86 100.0 -216 200.0 0 0 1 0 1 0 -1 0 0 3001.DAT
0 STEP
1 86 100.0 -264 170.0 -1 0 0 0 1 0 0 0 -1 3004.DAT
0 STEP
1 86 90.0 -336 170.0 0 0 1 0 1 0 -1 0 0 3005.DAT
0 STEP
1 86 90.0 -408 170.0 0 0 1 0 1 0 -1 0 0 3005.DAT
0 STEP
1 86 90.0 -744 170.0 0 0 1 0 1 0 -1 0 0 3005.DAT
0 STEP
1 86 90.0 -792 170.0 0 0 1 0 1 0 -1 0 0 3005.DAT
0 STEP
1 86 90.0 -840 170.0 0 0 1 0 1 0 -1 0 0 3005.DAT
0 STEP
1 86 90.0 -912 170.0 0 0 1 0 1 0 -1 0 0 3005.DAT
0 STEP
1 86 120.0 -1176 170.0 -1 0 0 0 1 0 0 0 -1 3010.DAT
0 STEP
1 86 90.0 -1224 180.0 0 0 1 0 1 0 -1 0 0 3004.DAT
0 STEP
1 86 100.0 -240 200.0 0 0 1 0 1 0 -1 0 0 3003.DAT
0 STEP
1 86 90.0 -264 220.0 0 0 1 0 1 0 -1 0 0 3010.DAT
0 STEP
1 86 100.0 -1176 190.0 -1 0 0 0 1 0 0 0 -1 3004.DAT
0 STEP
1 86 90.0 -192 220.0 0 0 1 0 1 0 -1 0 0 3004.DAT
0 STEP
1 86 100.0 -1176 260.0 0 0 1 0 1 0 -1 0 0 2456.DAT
0 STEP
1 86 100.0 -1224 240.0 0 0 1 0 1 0 -1 0 0 3001.DAT
0 STEP
1 86 90.0 -1200 230.0 0 0 1 0 1 0 -1 0 0 3005.DAT
0 STEP
1 86 100.0 -192 260.0 0 0 1 0 1 0 -1 0 0 3003.DAT
0 STEP
1 86 100.0 -216 250.0 -1 0 0 0 1 0 0 0 -1 3004.DAT
0 STEP
1 86 90.0 -264 270.0 0 0 1 0 1 0 -1 0 0 3005.DAT
0 STEP
1 86 90.0 -192 300.0 0 0 1 0 1 0 -1 0 0 3004.DAT
0 STEP
1 86 90.0 -264 300.0 0 0 1 0 1 0 -1 0 0 3004.DAT
0 STEP
1 86 100.0 -1200 320.0 0 0 1 0 1 0 -1 0 0 3003.DAT
0 STEP
1 86 90.0 -1176 360.0 0 0 1 0 1 0 -1 0 0 3010.DAT
0 STEP
1 86 90.0 -216 360.0 0 0 1 0 1 0 -1 0 0 3004.DAT
0 STEP
1 86 90.0 -240 360.0 0 0 1 0 1 0 -1 0 0 3004.DAT
0 STEP
1 86 100.0 -1200 350.0 -1 0 0 0 1 0 0 0 -1 3004.DAT
0 STEP
1 86 90.0 -1224 360.0 0 0 1 0 1 0 -1 0 0 3004.DAT
0 STEP
1 86 90.0 -312 400.0 0 0 1 0 1 0 -1 0 0 3010.DAT
0 STEP
1 86 90.0 -336 380.0 0 0 1 0 1 0 -1 0 0 3004.DAT
0 STEP
1 86 90.0 -384 380.0 0 0 1 0 1 0 -1 0 0 3004.DAT
0 STEP
1 86 90.0 -456 380.0 0 0 1 0 1 0 -1 0 0 3004.DAT
0 STEP
1 86 90.0 -504 380.0 0 0 1 0 1 0 -1 0 0 3004.DAT
0 STEP
1 86 90.0 -528 380.0 0 0 1 0 1 0 -1 0 0 3004.DAT
0 STEP
1 86 90.0 -576 370.0 0 0 1 0 1 0 -1 0 0 3005.DAT
0 STEP
1 86 90.0 -600 380.0 0 0 1 0 1 0 -1 0 0 3004.DAT
0 STEP
1 86 90.0 -648 380.0 0 0 1 0 1 0 -1 0 0 3004.DAT
0 STEP
1 86 90.0 -696 380.0 0 0 1 0 1 0 -1 0 0 3004.DAT
0 STEP
1 86 90.0 -744 370.0 0 0 1 0 1 0 -1 0 0 3005.DAT
0 STEP
1 86 90.0 -768 400.0 0 0 1 0 1 0 -1 0 0 3010.DAT
0 STEP
1 86 90.0 -816 370.0 0 0 1 0 1 0 -1 0 0 3005.DAT
0 STEP
1 86 90.0 -864 380.0 0 0 1 0 1 0 -1 0 0 3004.DAT
0 STEP
1 86 90.0 -1008 400.0 0 0 1 0 1 0 -1 0 0 3010.DAT
0 STEP
1 86 90.0 -1056 370.0 0 0 1 0 1 0 -1 0 0 3005.DAT
0 STEP
1 86 90.0 -1104 370.0 0 0 1 0 1 0 -1 0 0 3005.DAT
0 STEP
1 86 90.0 -240 390.0 0 0 1 0 1 0 -1 0 0 3005.DAT
0 STEP
1 86 90.0 -576 400.0 0 0 1 0 1 0 -1 0 0 3004.DAT
0 STEP
1 86 90.0 -720 390.0 0 0 1 0 1 0 -1 0 0 3005.DAT
0 STEP
1 86 90.0 -792 390.0 0 0 1 0 1 0 -1 0 0 3005.DAT
0 STEP
1 86 90.0 -888 420.0 0 0 1 0 1 0 -1 0 0 3010.DAT
0 STEP
1 86 90.0 -1032 390.0 0 0 1 0 1 0 -1 0 0 3005.DAT
0 STEP
1 86 90.0 -1128 390.0 0 0 1 0 1 0 -1 0 0 3005.DAT
0 STEP
1 86 90.0 -264 410.0 0 0 1 0 1 0 -1 0 0 3005.DAT
0 STEP
1 86 100.0 -336 410.0 -1 0 0 0 1 0 0 0 -1 3004.DAT
0 STEP
1 86 100.0 -384 410.0 -1 0 0 0 1 0 0 0 -1 3004.DAT
0 STEP
1 86 100.0 -456 420.0 0 0 1 0 1 0 -1 0 0 3003.DAT
0 STEP
1 86 100.0 -504 420.0 0 0 1 0 1 0 -1 0 0 3003.DAT
0 STEP
1 86 100.0 -600 420.0 0 0 1 0 1 0 -1 0 0 3003.DAT
0 STEP
1 86 100.0 -648 410.0 -1 0 0 0 1 0 0 0 -1 3004.DAT
0 STEP
1 86 100.0 -672 410.0 -1 0 0 0 1 0 0 0 -1 3004.DAT
0 STEP
1 86 90.0 -720 420.0 0 0 1 0 1 0 -1 0 0 3004.DAT
0 STEP
1 86 100.0 -792 410.0 -1 0 0 0 1 0 0 0 -1 3004.DAT
0 STEP
1 86 100.0 -816 420.0 0 0 1 0 1 0 -1 0 0 3003.DAT
0 STEP
1 86 100.0 -864 420.0 0 0 1 0 1 0 -1 0 0 3003.DAT
0 STEP
1 86 90.0 -960 410.0 0 0 1 0 1 0 -1 0 0 3005.DAT
0 STEP
1 86 90.0 -984 410.0 0 0 1 0 1 0 -1 0 0 3005.DAT
0 STEP
1 86 100.0 -1032 420.0 0 0 1 0 1 0 -1 0 0 3003.DAT
0 STEP
1 86 100.0 -1080 410.0 -1 0 0 0 1 0 0 0 -1 3004.DAT
0 STEP
1 86 90.0 -1128 420.0 0 0 1 0 1 0 -1 0 0 3004.DAT
0 STEP
1 86 140.0 -1176 410.0 -1 0 0 0 1 0 0 0 -1 3009.DAT
0 STEP
1 86 90.0 -288 440.0 0 0 1 0 1 0 -1 0 0 3004.DAT
0 STEP
1 86 100.0 -336 440.0 0 0 1 0 1 0 -1 0 0 3003.DAT
0 STEP
1 86 90.0 -360 430.0 0 0 1 0 1 0 -1 0 0 3005.DAT
0 STEP
1 86 90.0 -384 440.0 0 0 1 0 1 0 -1 0 0 3004.DAT
0 STEP
1 86 90.0 -408 430.0 0 0 1 0 1 0 -1 0 0 3005.DAT
0 STEP
1 86 100.0 -432 440.0 0 0 1 0 1 0 -1 0 0 3003.DAT
0 STEP
1 86 90.0 -480 440.0 0 0 1 0 1 0 -1 0 0 3004.DAT
0 STEP
1 86 90.0 -528 430.0 0 0 1 0 1 0 -1 0 0 3005.DAT
0 STEP
1 86 90.0 -552 440.0 0 0 1 0 1 0 -1 0 0 3004.DAT
0 STEP
1 86 100.0 -576 440.0 0 0 1 0 1 0 -1 0 0 3003.DAT
0 STEP
1 86 90.0 -624 430.0 0 0 1 0 1 0 -1 0 0 3005.DAT
0 STEP
1 86 90.0 -648 440.0 0 0 1 0 1 0 -1 0 0 3004.DAT
0 STEP
1 86 90.0 -672 440.0 0 0 1 0 1 0 -1 0 0 3004.DAT
0 STEP
1 86 100.0 -696 440.0 0 0 1 0 1 0 -1 0 0 3003.DAT
0 STEP
1 86 90.0 -744 440.0 0 0 1 0 1 0 -1 0 0 3004.DAT
0 STEP
1 86 90.0 -792 440.0 0 0 1 0 1 0 -1 0 0 3004.DAT
0 STEP
1 86 90.0 -840 430.0 0 0 1 0 1 0 -1 0 0 3005.DAT
0 STEP
1 86 100.0 -912 440.0 0 0 1 0 1 0 -1 0 0 3003.DAT
0 STEP
1 86 100.0 -960 440.0 0 0 1 0 1 0 -1 0 0 3003.DAT
0 STEP
1 86 90.0 -1056 440.0 0 0 1 0 1 0 -1 0 0 3004.DAT
0 STEP
1 86 100.0 -1080 440.0 0 0 1 0 1 0 -1 0 0 3003.DAT
0 STEP
1 86 90.0 -1104 440.0 0 0 1 0 1 0 -1 0 0 3004.DAT
0 STEP
1 86 90.0 -1152 440.0 0 0 1 0 1 0 -1 0 0 3004.DAT
0 STEP
1 86 100.0 -1176 440.0 0 0 1 0 1 0 -1 0 0 3003.DAT
0 STEP
1 86 120.0 -312 450.0 -1 0 0 0 1 0 0 0 -1 3010.DAT
0 STEP
1 86 100.0 -360 450.0 -1 0 0 0 1 0 0 0 -1 3004.DAT
0 STEP
1 86 100.0 -408 450.0 -1 0 0 0 1 0 0 0 -1 3004.DAT
0 STEP
1 86 100.0 -456 450.0 -1 0 0 0 1 0 0 0 -1 3004.DAT
0 STEP
1 86 100.0 -504 450.0 -1 0 0 0 1 0 0 0 -1 3004.DAT
0 STEP
1 86 100.0 -528 450.0 -1 0 0 0 1 0 0 0 -1 3004.DAT
0 STEP
1 86 90.0 -600 450.0 0 0 1 0 1 0 -1 0 0 3005.DAT
0 STEP
1 86 120.0 -624 450.0 -1 0 0 0 1 0 0 0 -1 3010.DAT
0 STEP
1 86 100.0 -720 450.0 -1 0 0 0 1 0 0 0 -1 3004.DAT
0 STEP
1 86 100.0 -768 450.0 -1 0 0 0 1 0 0 0 -1 3004.DAT
0 STEP
1 86 90.0 -816 450.0 0 0 1 0 1 0 -1 0 0 3005.DAT
0 STEP
1 86 100.0 -840 450.0 -1 0 0 0 1 0 0 0 -1 3004.DAT
0 STEP
1 86 100.0 -864 450.0 -1 0 0 0 1 0 0 0 -1 3004.DAT
0 STEP
1 86 90.0 -936 450.0 0 0 1 0 1 0 -1 0 0 3005.DAT
0 STEP
1 86 90.0 -984 450.0 0 0 1 0 1 0 -1 0 0 3005.DAT
0 STEP
1 86 100.0 -1008 450.0 -1 0 0 0 1 0 0 0 -1 3004.DAT
0 STEP
1 86 120.0 -1032 450.0 -1 0 0 0 1 0 0 0 -1 3010.DAT
0 STEP
1 86 100.0 -1128 450.0 -1 0 0 0 1 0 0 0 -1 3004.DAT
0 STEP
1 86 90.0 -1200 450.0 0 0 1 0 1 0 -1 0 0 3005.DAT
0 STEP
1 86 180.0 -288 70.0 -1 0 0 0 1 0 0 0 -1 3008.DAT
0 STEP
1 86 120.0 -312 70.0 -1 0 0 0 1 0 0 0 -1 3004.DAT
0 STEP
1 86 110.0 -336 70.0 0 0 1 0 1 0 -1 0 0 3005.DAT
0 STEP
1 86 110.0 -360 80.0 0 0 1 0 1 0 -1 0 0 3004.DAT
0 STEP
1 86 110.0 -384 70.0 0 0 1 0 1 0 -1 0 0 3005.DAT
0 STEP
1 86 110.0 -408 100.0 0 0 1 0 1 0 -1 0 0 3010.DAT
0 STEP
1 86 110.0 -432 70.0 0 0 1 0 1 0 -1 0 0 3005.DAT
0 STEP
1 86 160.0 -456 70.0 -1 0 0 0 1 0 0 0 -1 3009.DAT
0 STEP
1 86 110.0 -480 80.0 0 0 1 0 1 0 -1 0 0 3004.DAT
0 STEP
1 86 110.0 -504 70.0 0 0 1 0 1 0 -1 0 0 3005.DAT
0 STEP
1 86 110.0 -528 70.0 0 0 1 0 1 0 -1 0 0 3005.DAT
0 STEP
1 86 120.0 -552 80.0 0 0 1 0 1 0 -1 0 0 3003.DAT
0 STEP
1 86 120.0 -576 70.0 -1 0 0 0 1 0 0 0 -1 3004.DAT
0 STEP
1 86 120.0 -600 80.0 0 0 1 0 1 0 -1 0 0 3003.DAT
0 STEP
1 86 120.0 -624 70.0 -1 0 0 0 1 0 0 0 -1 3004.DAT
0 STEP
1 86 110.0 -648 70.0 0 0 1 0 1 0 -1 0 0 3005.DAT
0 STEP
1 86 120.0 -672 70.0 -1 0 0 0 1 0 0 0 -1 3004.DAT
0 STEP
1 86 110.0 -696 70.0 0 0 1 0 1 0 -1 0 0 3005.DAT
0 STEP
1 86 120.0 -720 70.0 -1 0 0 0 1 0 0 0 -1 3004.DAT
0 STEP
1 86 110.0 -744 100.0 0 0 1 0 1 0 -1 0 0 3010.DAT
0 STEP
1 86 120.0 -768 80.0 0 0 1 0 1 0 -1 0 0 3003.DAT
0 STEP
1 86 110.0 -792 70.0 0 0 1 0 1 0 -1 0 0 3005.DAT
0 STEP
1 86 120.0 -816 80.0 0 0 1 0 1 0 -1 0 0 3003.DAT
0 STEP
1 86 110.0 -840 70.0 0 0 1 0 1 0 -1 0 0 3005.DAT
0 STEP
1 86 120.0 -864 80.0 0 0 1 0 1 0 -1 0 0 3003.DAT
0 STEP
1 86 110.0 -888 70.0 0 0 1 0 1 0 -1 0 0 3005.DAT
0 STEP
1 86 120.0 -912 80.0 0 0 1 0 1 0 -1 0 0 3003.DAT
0 STEP
1 86 110.0 -936 70.0 0 0 1 0 1 0 -1 0 0 3005.DAT
0 STEP
1 86 120.0 -960 80.0 0 0 1 0 1 0 -1 0 0 3003.DAT
0 STEP
1 86 110.0 -984 70.0 0 0 1 0 1 0 -1 0 0 3005.DAT
0 STEP
1 86 120.0 -1008 80.0 0 0 1 0 1 0 -1 0 0 3003.DAT
0 STEP
1 86 110.0 -1032 70.0 0 0 1 0 1 0 -1 0 0 3005.DAT
0 STEP
1 86 120.0 -1056 80.0 0 0 1 0 1 0 -1 0 0 3003.DAT
0 STEP
1 86 110.0 -1080 70.0 0 0 1 0 1 0 -1 0 0 3005.DAT
0 STEP
1 86 120.0 -1104 70.0 -1 0 0 0 1 0 0 0 -1 3004.DAT
0 STEP
1 86 110.0 -1128 100.0 0 0 1 0 1 0 -1 0 0 3010.DAT
0 STEP
1 86 110.0 -1152 80.0 0 0 1 0 1 0 -1 0 0 3004.DAT
0 STEP
1 86 110.0 -1176 70.0 0 0 1 0 1 0 -1 0 0 3005.DAT
0 STEP
1 86 110.0 -1200 80.0 0 0 1 0 1 0 -1 0 0 3004.DAT
0 STEP
1 86 120.0 -264 90.0 -1 0 0 0 1 0 0 0 -1 3004.DAT
0 STEP
1 86 110.0 -384 100.0 0 0 1 0 1 0 -1 0 0 3004.DAT
0 STEP
1 86 120.0 -648 90.0 -1 0 0 0 1 0 0 0 -1 3004.DAT
0 STEP
1 86 120.0 -696 90.0 -1 0 0 0 1 0 0 0 -1 3004.DAT
0 STEP
1 86 110.0 -984 100.0 0 0 1 0 1 0 -1 0 0 3004.DAT
0 STEP
1 86 110.0 -1176 100.0 0 0 1 0 1 0 -1 0 0 3004.DAT
0 STEP
1 86 110.0 -432 120.0 0 0 1 0 1 0 -1 0 0 3004.DAT
0 STEP
1 86 110.0 -552 120.0 0 0 1 0 1 0 -1 0 0 3004.DAT
0 STEP
1 86 110.0 -576 120.0 0 0 1 0 1 0 -1 0 0 3004.DAT
0 STEP
1 86 110.0 -696 120.0 0 0 1 0 1 0 -1 0 0 3004.DAT
0 STEP
1 86 110.0 -768 110.0 0 0 1 0 1 0 -1 0 0 3005.DAT
0 STEP
1 86 110.0 -816 110.0 0 0 1 0 1 0 -1 0 0 3005.DAT
0 STEP
1 86 110.0 -864 120.0 0 0 1 0 1 0 -1 0 0 3004.DAT
0 STEP
1 86 110.0 -912 120.0 0 0 1 0 1 0 -1 0 0 3004.DAT
0 STEP
1 86 110.0 -1008 110.0 0 0 1 0 1 0 -1 0 0 3005.DAT
0 STEP
1 86 110.0 -1056 120.0 0 0 1 0 1 0 -1 0 0 3004.DAT
0 STEP
1 86 110.0 -1080 120.0 0 0 1 0 1 0 -1 0 0 3004.DAT
0 STEP
1 86 110.0 -1152 110.0 0 0 1 0 1 0 -1 0 0 3005.DAT
0 STEP
1 86 110.0 -1200 110.0 0 0 1 0 1 0 -1 0 0 3005.DAT
0 STEP
1 86 120.0 -240 140.0 0 0 1 0 1 0 -1 0 0 3003.DAT
0 STEP
1 86 110.0 -360 130.0 0 0 1 0 1 0 -1 0 0 3005.DAT
0 STEP
1 86 110.0 -480 130.0 0 0 1 0 1 0 -1 0 0 3005.DAT
0 STEP
1 86 110.0 -528 130.0 0 0 1 0 1 0 -1 0 0 3005.DAT
0 STEP
1 86 110.0 -624 130.0 0 0 1 0 1 0 -1 0 0 3005.DAT
0 STEP
1 86 110.0 -672 130.0 0 0 1 0 1 0 -1 0 0 3005.DAT
0 STEP
1 86 110.0 -792 130.0 0 0 1 0 1 0 -1 0 0 3005.DAT
0 STEP
1 86 110.0 -840 130.0 0 0 1 0 1 0 -1 0 0 3005.DAT
0 STEP
1 86 110.0 -984 130.0 0 0 1 0 1 0 -1 0 0 3005.DAT
0 STEP
1 86 110.0 -1032 130.0 0 0 1 0 1 0 -1 0 0 3005.DAT
0 STEP
1 86 120.0 -1176 130.0 -1 0 0 0 1 0 0 0 -1 3004.DAT
0 STEP
1 86 110.0 -1224 160.0 0 0 1 0 1 0 -1 0 0 3010.DAT
0 STEP
1 86 110.0 -216 150.0 0 0 1 0 1 0 -1 0 0 3005.DAT
0 STEP
1 86 110.0 -1200 160.0 0 0 1 0 1 0 -1 0 0 3004.DAT
0 STEP
1 86 120.0 -192 170.0 -1 0 0 0 1 0 0 0 -1 3004.DAT
0 STEP
1 86 120.0 -240 170.0 -1 0 0 0 1 0 0 0 -1 3004.DAT
0 STEP
1 86 110.0 -168 190.0 0 0 1 0 1 0 -1 0 0 3005.DAT
0 STEP
1 86 120.0 -192 200.0 0 0 1 0 1 0 -1 0 0 3003.DAT
0 STEP
1 86 110.0 -1200 190.0 0 0 1 0 1 0 -1 0 0 3005.DAT
0 STEP
1 86 110.0 -168 220.0 0 0 1 0 1 0 -1 0 0 3004.DAT
0 STEP
1 86 120.0 -1200 220.0 0 0 1 0 1 0 -1 0 0 3003.DAT
0 STEP
1 86 120.0 -192 230.0 -1 0 0 0 1 0 0 0 -1 3004.DAT
0 STEP
1 86 110.0 -240 240.0 0 0 1 0 1 0 -1 0 0 3004.DAT
0 STEP
1 86 110.0 -168 250.0 0 0 1 0 1 0 -1 0 0 3005.DAT
0 STEP
1 86 110.0 -168 300.0 0 0 1 0 1 0 -1 0 0 3010.DAT
0 STEP
1 86 110.0 -216 320.0 0 0 1 0 1 0 -1 0 0 3009.DAT
0 STEP
1 86 110.0 -240 270.0 0 0 1 0 1 0 -1 0 0 3005.DAT
0 STEP
1 86 120.0 -1200 270.0 -1 0 0 0 1 0 0 0 -1 3004.DAT
0 STEP
1 86 120.0 -192 290.0 -1 0 0 0 1 0 0 0 -1 3004.DAT
0 STEP
1 86 110.0 -240 340.0 0 0 1 0 1 0 -1 0 0 3009.DAT
0 STEP
1 86 110.0 -1200 290.0 0 0 1 0 1 0 -1 0 0 3005.DAT
0 STEP
1 86 110.0 -1224 300.0 0 0 1 0 1 0 -1 0 0 3004.DAT
0 STEP
1 86 120.0 -192 340.0 0 0 1 0 1 0 -1 0 0 3001.DAT
0 STEP
1 86 120.0 -1176 340.0 0 0 1 0 1 0 -1 0 0 3003.DAT
0 STEP
1 86 110.0 -1224 350.0 0 0 1 0 1 0 -1 0 0 3005.DAT
0 STEP
1 86 110.0 -264 370.0 0 0 1 0 1 0 -1 0 0 3005.DAT
0 STEP
1 86 110.0 -1176 380.0 0 0 1 0 1 0 -1 0 0 3004.DAT
0 STEP
1 86 120.0 -1224 380.0 0 0 1 0 1 0 -1 0 0 3003.DAT
0 STEP
1 86 110.0 -216 390.0 0 0 1 0 1 0 -1 0 0 3005.DAT
0 STEP
1 86 110.0 -264 400.0 0 0 1 0 1 0 -1 0 0 3004.DAT
0 STEP
1 86 120.0 -1200 420.0 0 0 1 0 1 0 -1 0 0 3001.DAT
0 STEP
1 86 110.0 -240 410.0 0 0 1 0 1 0 -1 0 0 3005.DAT
0 STEP
1 86 110.0 -288 420.0 0 0 1 0 1 0 -1 0 0 3004.DAT
0 STEP
1 86 110.0 -312 410.0 0 0 1 0 1 0 -1 0 0 3005.DAT
0 STEP
1 86 110.0 -360 420.0 0 0 1 0 1 0 -1 0 0 3004.DAT
0 STEP
1 86 110.0 -408 420.0 0 0 1 0 1 0 -1 0 0 3004.DAT
0 STEP
1 86 110.0 -432 410.0 0 0 1 0 1 0 -1 0 0 3005.DAT
0 STEP
1 86 110.0 -480 410.0 0 0 1 0 1 0 -1 0 0 3005.DAT
0 STEP
1 86 110.0 -528 420.0 0 0 1 0 1 0 -1 0 0 3004.DAT
0 STEP
1 86 110.0 -552 410.0 0 0 1 0 1 0 -1 0 0 3005.DAT
0 STEP
1 86 110.0 -576 410.0 0 0 1 0 1 0 -1 0 0 3005.DAT
0 STEP
1 86 110.0 -624 410.0 0 0 1 0 1 0 -1 0 0 3005.DAT
0 STEP
1 86 110.0 -696 410.0 0 0 1 0 1 0 -1 0 0 3005.DAT
0 STEP
1 86 110.0 -720 410.0 0 0 1 0 1 0 -1 0 0 3005.DAT
0 STEP
1 86 110.0 -744 420.0 0 0 1 0 1 0 -1 0 0 3004.DAT
0 STEP
1 86 110.0 -768 420.0 0 0 1 0 1 0 -1 0 0 3004.DAT
0 STEP
1 86 110.0 -840 410.0 0 0 1 0 1 0 -1 0 0 3005.DAT
0 STEP
1 86 110.0 -888 410.0 0 0 1 0 1 0 -1 0 0 3005.DAT
0 STEP
1 86 110.0 -1008 410.0 0 0 1 0 1 0 -1 0 0 3005.DAT
0 STEP
1 86 110.0 -1056 410.0 0 0 1 0 1 0 -1 0 0 3005.DAT
0 STEP
1 86 110.0 -1104 420.0 0 0 1 0 1 0 -1 0 0 3004.DAT
0 STEP
1 86 110.0 -1128 410.0 0 0 1 0 1 0 -1 0 0 3005.DAT
0 STEP
1 86 110.0 -1152 420.0 0 0 1 0 1 0 -1 0 0 3004.DAT
0 STEP
1 86 120.0 -1224 410.0 -1 0 0 0 1 0 0 0 -1 3004.DAT
0 STEP
1 86 110.0 -264 430.0 0 0 1 0 1 0 -1 0 0 3005.DAT
0 STEP
1 86 120.0 -312 430.0 -1 0 0 0 1 0 0 0 -1 3004.DAT
0 STEP
1 86 120.0 -384 430.0 -1 0 0 0 1 0 0 0 -1 3004.DAT
0 STEP
1 86 120.0 -480 430.0 -1 0 0 0 1 0 0 0 -1 3004.DAT
0 STEP
1 86 120.0 -552 430.0 -1 0 0 0 1 0 0 0 -1 3004.DAT
0 STEP
1 86 120.0 -624 430.0 -1 0 0 0 1 0 0 0 -1 3004.DAT
0 STEP
1 86 120.0 -648 430.0 -1 0 0 0 1 0 0 0 -1 3004.DAT
0 STEP
1 86 120.0 -672 440.0 0 0 1 0 1 0 -1 0 0 3003.DAT
0 STEP
1 86 120.0 -720 430.0 -1 0 0 0 1 0 0 0 -1 3004.DAT
0 STEP
1 86 120.0 -792 430.0 -1 0 0 0 1 0 0 0 -1 3004.DAT
0 STEP
1 86 120.0 -840 430.0 -1 0 0 0 1 0 0 0 -1 3004.DAT
0 STEP
1 86 120.0 -888 440.0 0 0 1 0 1 0 -1 0 0 3003.DAT
0 STEP
1 86 110.0 -936 430.0 0 0 1 0 1 0 -1 0 0 3005.DAT
0 STEP
1 86 110.0 -984 430.0 0 0 1 0 1 0 -1 0 0 3005.DAT
0 STEP
1 86 120.0 -1008 430.0 -1 0 0 0 1 0 0 0 -1 3004.DAT
0 STEP
1 86 120.0 -1056 440.0 0 0 1 0 1 0 -1 0 0 3003.DAT
0 STEP
1 86 120.0 -1128 430.0 -1 0 0 0 1 0 0 0 -1 3004.DAT
0 STEP
1 86 110.0 -288 450.0 0 0 1 0 1 0 -1 0 0 3005.DAT
0 STEP
1 86 110.0 -384 450.0 0 0 1 0 1 0 -1 0 0 3005.DAT
0 STEP
1 86 110.0 -480 450.0 0 0 1 0 1 0 -1 0 0 3005.DAT
0 STEP
1 86 110.0 -552 450.0 0 0 1 0 1 0 -1 0 0 3005.DAT
0 STEP
1 86 120.0 -600 450.0 -1 0 0 0 1 0 0 0 -1 3004.DAT
0 STEP
1 86 110.0 -648 450.0 0 0 1 0 1 0 -1 0 0 3005.DAT
0 STEP
1 86 120.0 -744 450.0 -1 0 0 0 1 0 0 0 -1 3004.DAT
0 STEP
1 86 110.0 -792 450.0 0 0 1 0 1 0 -1 0 0 3005.DAT
0 STEP
1 86 120.0 -816 450.0 -1 0 0 0 1 0 0 0 -1 3004.DAT
0 STEP
1 86 120.0 -936 460.0 0 0 1 0 1 0 -1 0 0 3003.DAT
0 STEP
1 86 120.0 -984 450.0 -1 0 0 0 1 0 0 0 -1 3004.DAT
0 STEP
1 86 110.0 -1104 450.0 0 0 1 0 1 0 -1 0 0 3005.DAT
0 STEP
1 86 120.0 -1152 450.0 -1 0 0 0 1 0 0 0 -1 3004.DAT
0 STEP
1 86 120.0 -312 470.0 -1 0 0 0 1 0 0 0 -1 3004.DAT
0 STEP
1 86 110.0 -912 470.0 0 0 1 0 1 0 -1 0 0 3005.DAT
0 STEP
1 86 110.0 -960 470.0 0 0 1 0 1 0 -1 0 0 3005.DAT
0 STEP
1 86 110.0 -984 470.0 0 0 1 0 1 0 -1 0 0 3005.DAT
0 STEP
1 86 120.0 -1200 470.0 -1 0 0 0 1 0 0 0 -1 3004.DAT
0 STEP
1 86 160.0 -288 50.0 -1 0 0 0 1 0 0 0 -1 3010.DAT
0 STEP
1 86 130.0 -312 50.0 0 0 1 0 1 0 -1 0 0 3005.DAT
0 STEP
1 86 140.0 -336 50.0 -1 0 0 0 1 0 0 0 -1 3004.DAT
0 STEP
1 86 180.0 -360 60.0 -1 0 0 0 1 0 0 0 -1 2456.DAT
0 STEP
1 86 140.0 -384 50.0 -1 0 0 0 1 0 0 0 -1 3004.DAT
0 STEP
1 86 160.0 -408 60.0 -1 0 0 0 1 0 0 0 -1 3001.DAT
0 STEP
1 86 130.0 -432 50.0 0 0 1 0 1 0 -1 0 0 3005.DAT
0 STEP
1 86 140.0 -456 50.0 -1 0 0 0 1 0 0 0 -1 3004.DAT
0 STEP
1 86 140.0 -480 50.0 -1 0 0 0 1 0 0 0 -1 3004.DAT
0 STEP
1 86 130.0 -504 60.0 0 0 1 0 1 0 -1 0 0 3004.DAT
0 STEP
1 86 180.0 -528 60.0 -1 0 0 0 1 0 0 0 -1 2456.DAT
0 STEP
1 86 140.0 -552 50.0 -1 0 0 0 1 0 0 0 -1 3004.DAT
0 STEP
1 86 140.0 -576 50.0 -1 0 0 0 1 0 0 0 -1 3004.DAT
0 STEP
1 86 130.0 -600 50.0 0 0 1 0 1 0 -1 0 0 3005.DAT
0 STEP
1 86 140.0 -624 50.0 -1 0 0 0 1 0 0 0 -1 3004.DAT
0 STEP
1 86 180.0 -648 60.0 -1 0 0 0 1 0 0 0 -1 2456.DAT
0 STEP
1 86 130.0 -672 50.0 0 0 1 0 1 0 -1 0 0 3005.DAT
0 STEP
1 86 140.0 -696 60.0 0 0 1 0 1 0 -1 0 0 3003.DAT
0 STEP
1 86 130.0 -720 50.0 0 0 1 0 1 0 -1 0 0 3005.DAT
0 STEP
1 86 140.0 -744 60.0 0 0 1 0 1 0 -1 0 0 3003.DAT
0 STEP
1 86 130.0 -768 50.0 0 0 1 0 1 0 -1 0 0 3005.DAT
0 STEP
1 86 130.0 -792 60.0 0 0 1 0 1 0 -1 0 0 3004.DAT
0 STEP
1 86 130.0 -816 50.0 0 0 1 0 1 0 -1 0 0 3005.DAT
0 STEP
1 86 180.0 -840 60.0 -1 0 0 0 1 0 0 0 -1 2456.DAT
0 STEP
1 86 140.0 -864 50.0 -1 0 0 0 1 0 0 0 -1 3004.DAT
0 STEP
1 86 130.0 -888 60.0 0 0 1 0 1 0 -1 0 0 3004.DAT
0 STEP
1 86 130.0 -912 50.0 0 0 1 0 1 0 -1 0 0 3005.DAT
0 STEP
1 86 140.0 -936 60.0 0 0 1 0 1 0 -1 0 0 3003.DAT
0 STEP
1 86 130.0 -960 50.0 0 0 1 0 1 0 -1 0 0 3005.DAT
0 STEP
1 86 140.0 -984 60.0 0 0 1 0 1 0 -1 0 0 3003.DAT
0 STEP
1 86 130.0 -1008 50.0 0 0 1 0 1 0 -1 0 0 3005.DAT
0 STEP
1 86 140.0 -1032 60.0 0 0 1 0 1 0 -1 0 0 3003.DAT
0 STEP
1 86 140.0 -1056 50.0 -1 0 0 0 1 0 0 0 -1 3004.DAT
0 STEP
1 86 130.0 -1080 60.0 0 0 1 0 1 0 -1 0 0 3004.DAT
0 STEP
1 86 140.0 -1104 50.0 -1 0 0 0 1 0 0 0 -1 3004.DAT
0 STEP
1 86 140.0 -1128 60.0 0 0 1 0 1 0 -1 0 0 3003.DAT
0 STEP
1 86 130.0 -1152 50.0 0 0 1 0 1 0 -1 0 0 3005.DAT
0 STEP
1 86 140.0 -1176 60.0 0 0 1 0 1 0 -1 0 0 3003.DAT
0 STEP
1 86 140.0 -1200 50.0 -1 0 0 0 1 0 0 0 -1 3004.DAT
0 STEP
1 86 140.0 -336 80.0 0 0 1 0 1 0 -1 0 0 3003.DAT
0 STEP
1 86 140.0 -384 80.0 0 0 1 0 1 0 -1 0 0 3003.DAT
0 STEP
1 86 140.0 -432 80.0 0 0 1 0 1 0 -1 0 0 3003.DAT
0 STEP
1 86 130.0 -480 70.0 0 0 1 0 1 0 -1 0 0 3005.DAT
0 STEP
1 86 140.0 -1152 80.0 0 0 1 0 1 0 -1 0 0 3003.DAT
0 STEP
1 86 140.0 -1200 80.0 0 0 1 0 1 0 -1 0 0 3003.DAT
0 STEP
1 86 140.0 -312 90.0 -1 0 0 0 1 0 0 0 -1 3004.DAT
0 STEP
1 86 140.0 -360 90.0 -1 0 0 0 1 0 0 0 -1 3004.DAT
0 STEP
1 86 140.0 -408 90.0 -1 0 0 0 1 0 0 0 -1 3004.DAT
0 STEP
1 86 140.0 -456 90.0 -1 0 0 0 1 0 0 0 -1 3004.DAT
0 STEP
1 86 140.0 -480 90.0 -1 0 0 0 1 0 0 0 -1 3004.DAT
0 STEP
1 86 130.0 -504 90.0 0 0 1 0 1 0 -1 0 0 3005.DAT
0 STEP
1 86 140.0 -528 90.0 -1 0 0 0 1 0 0 0 -1 3004.DAT
0 STEP
1 86 130.0 -576 90.0 0 0 1 0 1 0 -1 0 0 3005.DAT
0 STEP
1 86 130.0 -624 90.0 0 0 1 0 1 0 -1 0 0 3005.DAT
0 STEP
1 86 140.0 -672 90.0 -1 0 0 0 1 0 0 0 -1 3004.DAT
0 STEP
1 86 140.0 -744 90.0 -1 0 0 0 1 0 0 0 -1 3004.DAT
0 STEP
1 86 140.0 -792 90.0 -1 0 0 0 1 0 0 0 -1 3004.DAT
0 STEP
1 86 140.0 -840 90.0 -1 0 0 0 1 0 0 0 -1 3004.DAT
0 STEP
1 86 140.0 -888 90.0 -1 0 0 0 1 0 0 0 -1 3004.DAT
0 STEP
1 86 140.0 -936 90.0 -1 0 0 0 1 0 0 0 -1 3004.DAT
0 STEP
1 86 140.0 -984 90.0 -1 0 0 0 1 0 0 0 -1 3004.DAT
0 STEP
1 86 130.0 -1104 90.0 0 0 1 0 1 0 -1 0 0 3005.DAT
0 STEP
1 86 140.0 -1128 90.0 -1 0 0 0 1 0 0 0 -1 3004.DAT
0 STEP
1 86 140.0 -1176 90.0 -1 0 0 0 1 0 0 0 -1 3004.DAT
0 STEP
1 86 130.0 -240 110.0 0 0 1 0 1 0 -1 0 0 3005.DAT
0 STEP
1 86 130.0 -264 120.0 0 0 1 0 1 0 -1 0 0 3004.DAT
0 STEP
1 86 130.0 -1176 110.0 0 0 1 0 1 0 -1 0 0 3005.DAT
0 STEP
1 86 140.0 -1200 110.0 -1 0 0 0 1 0 0 0 -1 3004.DAT
0 STEP
1 86 130.0 -1224 120.0 0 0 1 0 1 0 -1 0 0 3004.DAT
0 STEP
1 86 140.0 -216 140.0 0 0 1 0 1 0 -1 0 0 3003.DAT
0 STEP
1 86 130.0 -1200 160.0 0 0 1 0 1 0 -1 0 0 3010.DAT
0 STEP
1 86 130.0 -192 150.0 0 0 1 0 1 0 -1 0 0 3005.DAT
0 STEP
1 86 130.0 -1224 150.0 0 0 1 0 1 0 -1 0 0 3005.DAT
0 STEP
1 86 130.0 -168 170.0 0 0 1 0 1 0 -1 0 0 3005.DAT
0 STEP
1 86 130.0 -216 180.0 0 0 1 0 1 0 -1 0 0 3004.DAT
0 STEP
1 86 140.0 -1224 170.0 -1 0 0 0 1 0 0 0 -1 3004.DAT
0 STEP
1 86 130.0 -144 190.0 0 0 1 0 1 0 -1 0 0 3005.DAT
0 STEP
1 86 140.0 -168 200.0 0 0 1 0 1 0 -1 0 0 3003.DAT
0 STEP
1 86 130.0 -1176 200.0 0 0 1 0 1 0 -1 0 0 3004.DAT
0 STEP
1 86 140.0 -1224 200.0 0 0 1 0 1 0 -1 0 0 3003.DAT
0 STEP
1 86 130.0 -144 220.0 0 0 1 0 1 0 -1 0 0 3004.DAT
0 STEP
1 86 130.0 -216 210.0 0 0 1 0 1 0 -1 0 0 3005.DAT
0 STEP
1 86 130.0 -168 300.0 0 0 1 0 1 0 -1 0 0 3008.DAT
0 STEP
1 86 130.0 -1224 240.0 0 0 1 0 1 0 -1 0 0 3004.DAT
0 STEP
1 86 140.0 -1248 260.0 0 0 1 0 1 0 -1 0 0 3001.DAT
0 STEP
1 86 140.0 -144 250.0 -1 0 0 0 1 0 0 0 -1 3004.DAT
0 STEP
1 86 130.0 -192 260.0 0 0 1 0 1 0 -1 0 0 3004.DAT
0 STEP
1 86 140.0 -144 300.0 0 0 1 0 1 0 -1 0 0 3001.DAT
0 STEP
1 86 130.0 -1224 270.0 0 0 1 0 1 0 -1 0 0 3005.DAT
0 STEP
1 86 130.0 -1200 320.0 0 0 1 0 1 0 -1 0 0 3010.DAT
0 STEP
1 86 140.0 -1224 290.0 -1 0 0 0 1 0 0 0 -1 3004.DAT
0 STEP
1 86 130.0 -1224 310.0 0 0 1 0 1 0 -1 0 0 3005.DAT
0 STEP
1 86 160.0 -1248 310.0 -1 0 0 0 1 0 0 0 -1 3010.DAT
0 STEP
1 86 130.0 -216 360.0 0 0 1 0 1 0 -1 0 0 3010.DAT
0 STEP
1 86 140.0 -1224 350.0 -1 0 0 0 1 0 0 0 -1 3004.DAT
0 STEP
1 86 130.0 -240 370.0 0 0 1 0 1 0 -1 0 0 3005.DAT
0 STEP
1 86 140.0 -1176 380.0 0 0 1 0 1 0 -1 0 0 3003.DAT
0 STEP
1 86 130.0 -192 390.0 0 0 1 0 1 0 -1 0 0 3005.DAT
0 STEP
1 86 130.0 -240 400.0 0 0 1 0 1 0 -1 0 0 3004.DAT
0 STEP
1 86 130.0 -216 410.0 0 0 1 0 1 0 -1 0 0 3005.DAT
0 STEP
1 86 130.0 -264 420.0 0 0 1 0 1 0 -1 0 0 3004.DAT
0 STEP
1 86 130.0 -240 430.0 0 0 1 0 1 0 -1 0 0 3005.DAT
0 STEP
1 86 130.0 -288 440.0 0 0 1 0 1 0 -1 0 0 3004.DAT
0 STEP
1 86 130.0 -336 440.0 0 0 1 0 1 0 -1 0 0 3004.DAT
0 STEP
1 86 130.0 -360 430.0 0 0 1 0 1 0 -1 0 0 3005.DAT
0 STEP
1 86 130.0 -408 440.0 0 0 1 0 1 0 -1 0 0 3004.DAT
0 STEP
1 86 130.0 -432 430.0 0 0 1 0 1 0 -1 0 0 3005.DAT
0 STEP
1 86 130.0 -456 440.0 0 0 1 0 1 0 -1 0 0 3004.DAT
0 STEP
1 86 130.0 -504 440.0 0 0 1 0 1 0 -1 0 0 3004.DAT
0 STEP
1 86 130.0 -528 440.0 0 0 1 0 1 0 -1 0 0 3004.DAT
0 STEP
1 86 130.0 -576 430.0 0 0 1 0 1 0 -1 0 0 3005.DAT
0 STEP
1 86 130.0 -600 430.0 0 0 1 0 1 0 -1 0 0 3005.DAT
0 STEP
1 86 130.0 -696 430.0 0 0 1 0 1 0 -1 0 0 3005.DAT
0 STEP
1 86 130.0 -744 430.0 0 0 1 0 1 0 -1 0 0 3005.DAT
0 STEP
1 86 130.0 -768 440.0 0 0 1 0 1 0 -1 0 0 3004.DAT
0 STEP
1 86 130.0 -816 430.0 0 0 1 0 1 0 -1 0 0 3005.DAT
0 STEP
1 86 130.0 -864 430.0 0 0 1 0 1 0 -1 0 0 3005.DAT
0 STEP
1 86 130.0 -1032 430.0 0 0 1 0 1 0 -1 0 0 3005.DAT
0 STEP
1 86 130.0 -1080 430.0 0 0 1 0 1 0 -1 0 0 3005.DAT
0 STEP
1 86 130.0 -1104 440.0 0 0 1 0 1 0 -1 0 0 3004.DAT
0 STEP
1 86 130.0 -1152 430.0 0 0 1 0 1 0 -1 0 0 3005.DAT
0 STEP
1 86 130.0 -1176 430.0 0 0 1 0 1 0 -1 0 0 3005.DAT
0 STEP
1 86 140.0 -1224 430.0 -1 0 0 0 1 0 0 0 -1 3004.DAT
0 STEP
1 86 130.0 -264 450.0 0 0 1 0 1 0 -1 0 0 3005.DAT
0 STEP
1 86 140.0 -360 460.0 0 0 1 0 1 0 -1 0 0 3003.DAT
0 STEP
1 86 130.0 -384 460.0 0 0 1 0 1 0 -1 0 0 3004.DAT
0 STEP
1 86 140.0 -432 460.0 0 0 1 0 1 0 -1 0 0 3003.DAT
0 STEP
1 86 130.0 -480 460.0 0 0 1 0 1 0 -1 0 0 3004.DAT
0 STEP
1 86 140.0 -552 460.0 0 0 1 0 1 0 -1 0 0 3003.DAT
0 STEP
1 86 130.0 -576 460.0 0 0 1 0 1 0 -1 0 0 3004.DAT
0 STEP
1 86 130.0 -648 460.0 0 0 1 0 1 0 -1 0 0 3004.DAT
0 STEP
1 86 130.0 -696 460.0 0 0 1 0 1 0 -1 0 0 3004.DAT
0 STEP
1 86 140.0 -720 460.0 0 0 1 0 1 0 -1 0 0 3003.DAT
0 STEP
1 86 140.0 -792 460.0 0 0 1 0 1 0 -1 0 0 3003.DAT
0 STEP
1 86 130.0 -840 460.0 0 0 1 0 1 0 -1 0 0 3004.DAT
0 STEP
1 86 140.0 -864 460.0 0 0 1 0 1 0 -1 0 0 3003.DAT
0 STEP
1 86 130.0 -912 450.0 0 0 1 0 1 0 -1 0 0 3005.DAT
0 STEP
1 86 130.0 -960 450.0 0 0 1 0 1 0 -1 0 0 3005.DAT
0 STEP
1 86 130.0 -1008 460.0 0 0 1 0 1 0 -1 0 0 3004.DAT
0 STEP
1 86 130.0 -1080 460.0 0 0 1 0 1 0 -1 0 0 3004.DAT
0 STEP
1 86 140.0 -1128 460.0 0 0 1 0 1 0 -1 0 0 3003.DAT
0 STEP
1 86 130.0 -1176 460.0 0 0 1 0 1 0 -1 0 0 3004.DAT
0 STEP
1 86 130.0 -288 470.0 0 0 1 0 1 0 -1 0 0 3005.DAT
0 STEP
1 86 160.0 -336 470.0 -1 0 0 0 1 0 0 0 -1 3010.DAT
0 STEP
1 86 130.0 -408 470.0 0 0 1 0 1 0 -1 0 0 3005.DAT
0 STEP
1 86 130.0 -456 470.0 0 0 1 0 1 0 -1 0 0 3005.DAT
0 STEP
1 86 160.0 -504 470.0 -1 0 0 0 1 0 0 0 -1 3010.DAT
0 STEP
1 86 160.0 -528 470.0 -1 0 0 0 1 0 0 0 -1 3010.DAT
0 STEP
1 86 130.0 -600 470.0 0 0 1 0 1 0 -1 0 0 3005.DAT
0 STEP
1 86 140.0 -624 470.0 -1 0 0 0 1 0 0 0 -1 3004.DAT
0 STEP
1 86 130.0 -672 470.0 0 0 1 0 1 0 -1 0 0 3005.DAT
0 STEP
1 86 140.0 -744 470.0 -1 0 0 0 1 0 0 0 -1 3004.DAT
0 STEP
1 86 130.0 -768 470.0 0 0 1 0 1 0 -1 0 0 3005.DAT
0 STEP
1 86 130.0 -816 470.0 0 0 1 0 1 0 -1 0 0 3005.DAT
0 STEP
1 86 130.0 -888 470.0 0 0 1 0 1 0 -1 0 0 3005.DAT
0 STEP
1 86 140.0 -912 480.0 0 0 1 0 1 0 -1 0 0 3003.DAT
0 STEP
1 86 140.0 -960 470.0 -1 0 0 0 1 0 0 0 -1 3004.DAT
0 STEP
1 86 130.0 -984 480.0 0 0 1 0 1 0 -1 0 0 3004.DAT
0 STEP
1 86 130.0 -1032 470.0 0 0 1 0 1 0 -1 0 0 3005.DAT
0 STEP
1 86 140.0 -1056 470.0 -1 0 0 0 1 0 0 0 -1 3004.DAT
0 STEP
1 86 130.0 -1104 470.0 0 0 1 0 1 0 -1 0 0 3005.DAT
0 STEP
1 86 130.0 -1152 470.0 0 0 1 0 1 0 -1 0 0 3005.DAT
0 STEP
1 86 130.0 -936 490.0 0 0 1 0 1 0 -1 0 0 3005.DAT
0 STEP
1 86 180.0 -960 490.0 -1 0 0 0 1 0 0 0 -1 3009.DAT
0 STEP
1 86 200.0 -312 60.0 -1 0 0 0 1 0 0 0 -1 2456.DAT
0 STEP
1 86 160.0 -432 50.0 -1 0 0 0 1 0 0 0 -1 3004.DAT
0 STEP
1 86 160.0 -504 50.0 -1 0 0 0 1 0 0 0 -1 3004.DAT
0 STEP
1 86 150.0 -600 60.0 0 0 1 0 1 0 -1 0 0 3004.DAT
0 STEP
1 86 150.0 -672 60.0 0 0 1 0 1 0 -1 0 0 3004.DAT
0 STEP
1 86 180.0 -720 60.0 -1 0 0 0 1 0 0 0 -1 3001.DAT
0 STEP
1 86 180.0 -768 50.0 -1 0 0 0 1 0 0 0 -1 3010.DAT
0 STEP
1 86 150.0 -792 50.0 0 0 1 0 1 0 -1 0 0 3005.DAT
0 STEP
1 86 180.0 -816 60.0 -1 0 0 0 1 0 0 0 -1 3001.DAT
0 STEP
1 86 150.0 -888 50.0 0 0 1 0 1 0 -1 0 0 3005.DAT
0 STEP
1 86 160.0 -912 60.0 0 0 1 0 1 0 -1 0 0 3003.DAT
0 STEP
1 86 160.0 -960 60.0 0 0 1 0 1 0 -1 0 0 3003.DAT
0 STEP
1 86 200.0 -1008 60.0 -1 0 0 0 1 0 0 0 -1 2456.DAT
0 STEP
1 86 200.0 -1080 60.0 -1 0 0 0 1 0 0 0 -1 2456.DAT
0 STEP
1 86 160.0 -1152 50.0 -1 0 0 0 1 0 0 0 -1 3004.DAT
0 STEP
1 86 150.0 -264 70.0 0 0 1 0 1 0 -1 0 0 3005.DAT
0 STEP
1 86 160.0 -480 70.0 -1 0 0 0 1 0 0 0 -1 3004.DAT
0 STEP
1 86 150.0 -504 80.0 0 0 1 0 1 0 -1 0 0 3004.DAT
0 STEP
1 86 150.0 -552 80.0 0 0 1 0 1 0 -1 0 0 3004.DAT
0 STEP
1 86 150.0 -576 80.0 0 0 1 0 1 0 -1 0 0 3004.DAT
0 STEP
1 86 150.0 -624 80.0 0 0 1 0 1 0 -1 0 0 3004.DAT
0 STEP
1 86 150.0 -768 80.0 0 0 1 0 1 0 -1 0 0 3004.DAT
0 STEP
1 86 160.0 -792 70.0 -1 0 0 0 1 0 0 0 -1 3004.DAT
0 STEP
1 86 150.0 -864 80.0 0 0 1 0 1 0 -1 0 0 3004.DAT
0 STEP
1 86 180.0 -888 70.0 -1 0 0 0 1 0 0 0 -1 3010.DAT
0 STEP
1 86 150.0 -1056 80.0 0 0 1 0 1 0 -1 0 0 3004.DAT
0 STEP
1 86 150.0 -1104 80.0 0 0 1 0 1 0 -1 0 0 3004.DAT
0 STEP
1 86 150.0 -240 90.0 0 0 1 0 1 0 -1 0 0 3005.DAT
0 STEP
1 86 150.0 -264 100.0 0 0 1 0 1 0 -1 0 0 3004.DAT
0 STEP
1 86 150.0 -600 90.0 0 0 1 0 1 0 -1 0 0 3005.DAT
0 STEP
1 86 150.0 -648 90.0 0 0 1 0 1 0 -1 0 0 3005.DAT
0 STEP
1 86 150.0 -696 90.0 0 0 1 0 1 0 -1 0 0 3005.DAT
0 STEP
1 86 150.0 -816 90.0 0 0 1 0 1 0 -1 0 0 3005.DAT
0 STEP
1 86 150.0 -912 90.0 0 0 1 0 1 0 -1 0 0 3005.DAT
0 STEP
1 86 150.0 -960 90.0 0 0 1 0 1 0 -1 0 0 3005.DAT
0 STEP
1 86 150.0 -1008 90.0 0 0 1 0 1 0 -1 0 0 3005.DAT
0 STEP
1 86 150.0 -1224 120.0 0 0 1 0 1 0 -1 0 0 3010.DAT
0 STEP
1 86 150.0 -216 110.0 0 0 1 0 1 0 -1 0 0 3005.DAT
0 STEP
1 86 150.0 -240 120.0 0 0 1 0 1 0 -1 0 0 3004.DAT
0 STEP
1 86 180.0 -1176 120.0 -1 0 0 0 1 0 0 0 -1 3001.DAT
0 STEP
1 86 150.0 -192 160.0 0 0 1 0 1 0 -1 0 0 3010.DAT
0 STEP
1 86 150.0 -1200 130.0 0 0 1 0 1 0 -1 0 0 3005.DAT
0 STEP
1 86 160.0 -168 160.0 0 0 1 0 1 0 -1 0 0 3003.DAT
0 STEP
1 86 150.0 -1200 220.0 0 0 1 0 1 0 -1 0 0 3008.DAT
0 STEP
1 86 150.0 -144 170.0 0 0 1 0 1 0 -1 0 0 3005.DAT
0 STEP
1 86 150.0 -120 200.0 0 0 1 0 1 0 -1 0 0 3004.DAT
0 STEP
1 86 160.0 -144 200.0 0 0 1 0 1 0 -1 0 0 3003.DAT
0 STEP
1 86 160.0 -1248 200.0 0 0 1 0 1 0 -1 0 0 3003.DAT
0 STEP
1 86 150.0 -96 230.0 0 0 1 0 1 0 -1 0 0 3005.DAT
0 STEP
1 86 150.0 -120 230.0 0 0 1 0 1 0 -1 0 0 3005.DAT
0 STEP
1 86 160.0 -144 230.0 -1 0 0 0 1 0 0 0 -1 3004.DAT
0 STEP
1 86 150.0 -168 230.0 0 0 1 0 1 0 -1 0 0 3005.DAT
0 STEP
1 86 180.0 -1224 230.0 -1 0 0 0 1 0 0 0 -1 3010.DAT
0 STEP
1 86 150.0 -96 280.0 0 0 1 0 1 0 -1 0 0 3010.DAT
0 STEP
1 86 160.0 -120 280.0 0 0 1 0 1 0 -1 0 0 3001.DAT
0 STEP
1 86 150.0 -168 280.0 0 0 1 0 1 0 -1 0 0 3010.DAT
0 STEP
1 86 180.0 -1224 260.0 -1 0 0 0 1 0 0 0 -1 3001.DAT
0 STEP
1 86 150.0 -1200 310.0 0 0 1 0 1 0 -1 0 0 3005.DAT
0 STEP
1 86 160.0 -1224 310.0 -1 0 0 0 1 0 0 0 -1 3004.DAT
0 STEP
1 86 150.0 -120 330.0 0 0 1 0 1 0 -1 0 0 3005.DAT
0 STEP
1 86 150.0 -168 330.0 0 0 1 0 1 0 -1 0 0 3005.DAT
0 STEP
1 86 150.0 -192 360.0 0 0 1 0 1 0 -1 0 0 3010.DAT
0 STEP
1 86 180.0 -1200 330.0 -1 0 0 0 1 0 0 0 -1 3010.DAT
0 STEP
1 86 150.0 -1224 330.0 0 0 1 0 1 0 -1 0 0 3005.DAT
0 STEP
1 86 160.0 -1248 330.0 -1 0 0 0 1 0 0 0 -1 3004.DAT
0 STEP
1 86 150.0 -144 360.0 0 0 1 0 1 0 -1 0 0 3004.DAT
0 STEP
1 86 160.0 -168 360.0 0 0 1 0 1 0 -1 0 0 3003.DAT
0 STEP
1 86 150.0 -1200 360.0 0 0 1 0 1 0 -1 0 0 3004.DAT
0 STEP
1 86 150.0 -1248 350.0 0 0 1 0 1 0 -1 0 0 3005.DAT
0 STEP
1 86 160.0 -1224 370.0 -1 0 0 0 1 0 0 0 -1 3004.DAT
0 STEP
1 86 160.0 -168 390.0 -1 0 0 0 1 0 0 0 -1 3004.DAT
0 STEP
1 86 150.0 -216 400.0 0 0 1 0 1 0 -1 0 0 3004.DAT
0 STEP
1 86 180.0 -1200 390.0 -1 0 0 0 1 0 0 0 -1 3010.DAT
0 STEP
1 86 160.0 -1224 400.0 0 0 1 0 1 0 -1 0 0 3003.DAT
0 STEP
1 86 150.0 -192 410.0 0 0 1 0 1 0 -1 0 0 3005.DAT
0 STEP
1 86 160.0 -240 410.0 -1 0 0 0 1 0 0 0 -1 3004.DAT
0 STEP
1 86 200.0 -1200 420.0 -1 0 0 0 1 0 0 0 -1 2456.DAT
0 STEP
1 86 150.0 -216 430.0 0 0 1 0 1 0 -1 0 0 3005.DAT
0 STEP
1 86 150.0 -240 440.0 0 0 1 0 1 0 -1 0 0 3004.DAT
0 STEP
1 86 160.0 -264 440.0 0 0 1 0 1 0 -1 0 0 3003.DAT
0 STEP
1 86 150.0 -1176 440.0 0 0 1 0 1 0 -1 0 0 3004.DAT
0 STEP
1 86 160.0 -288 460.0 0 0 1 0 1 0 -1 0 0 3003.DAT
0 STEP
1 86 160.0 -336 450.0 -1 0 0 0 1 0 0 0 -1 3004.DAT
0 STEP
1 86 160.0 -384 450.0 -1 0 0 0 1 0 0 0 -1 3004.DAT
0 STEP
1 86 160.0 -408 460.0 0 0 1 0 1 0 -1 0 0 3003.DAT
0 STEP
1 86 150.0 -456 450.0 0 0 1 0 1 0 -1 0 0 3005.DAT
0 STEP
1 86 160.0 -480 450.0 -1 0 0 0 1 0 0 0 -1 3004.DAT
0 STEP
1 86 160.0 -504 450.0 -1 0 0 0 1 0 0 0 -1 3004.DAT
0 STEP
1 86 160.0 -528 450.0 -1 0 0 0 1 0 0 0 -1 3004.DAT
0 STEP
1 86 160.0 -576 450.0 -1 0 0 0 1 0 0 0 -1 3004.DAT
0 STEP
1 86 160.0 -600 460.0 0 0 1 0 1 0 -1 0 0 3003.DAT
0 STEP
1 86 160.0 -648 460.0 0 0 1 0 1 0 -1 0 0 3003.DAT
0 STEP
1 86 160.0 -672 450.0 -1 0 0 0 1 0 0 0 -1 3004.DAT
0 STEP
1 86 160.0 -696 450.0 -1 0 0 0 1 0 0 0 -1 3004.DAT
0 STEP
1 86 150.0 -744 450.0 0 0 1 0 1 0 -1 0 0 3005.DAT
0 STEP
1 86 160.0 -768 450.0 -1 0 0 0 1 0 0 0 -1 3004.DAT
0 STEP
1 86 150.0 -816 450.0 0 0 1 0 1 0 -1 0 0 3005.DAT
0 STEP
1 86 160.0 -840 460.0 0 0 1 0 1 0 -1 0 0 3003.DAT
0 STEP
1 86 160.0 -888 450.0 -1 0 0 0 1 0 0 0 -1 3004.DAT
0 STEP
1 86 160.0 -1008 450.0 -1 0 0 0 1 0 0 0 -1 3004.DAT
0 STEP
1 86 160.0 -1056 450.0 -1 0 0 0 1 0 0 0 -1 3004.DAT
0 STEP
1 86 150.0 -1080 450.0 0 0 1 0 1 0 -1 0 0 3005.DAT
0 STEP
1 86 160.0 -1104 450.0 -1 0 0 0 1 0 0 0 -1 3004.DAT
0 STEP
1 86 160.0 -1152 460.0 0 0 1 0 1 0 -1 0 0 3003.DAT
0 STEP
1 86 150.0 -1200 460.0 0 0 1 0 1 0 -1 0 0 3004.DAT
0 STEP
1 86 160.0 -264 470.0 -1 0 0 0 1 0 0 0 -1 3004.DAT
0 STEP
1 86 150.0 -312 480.0 0 0 1 0 1 0 -1 0 0 3004.DAT
0 STEP
1 86 150.0 -384 480.0 0 0 1 0 1 0 -1 0 0 3004.DAT
0 STEP
1 86 150.0 -456 480.0 0 0 1 0 1 0 -1 0 0 3004.DAT
0 STEP
1 86 200.0 -480 480.0 -1 0 0 0 1 0 0 0 -1 2456.DAT
0 STEP
1 86 150.0 -576 480.0 0 0 1 0 1 0 -1 0 0 3004.DAT
0 STEP
1 86 150.0 -672 480.0 0 0 1 0 1 0 -1 0 0 3004.DAT
0 STEP
1 86 160.0 -696 480.0 0 0 1 0 1 0 -1 0 0 3003.DAT
0 STEP
1 86 160.0 -768 480.0 0 0 1 0 1 0 -1 0 0 3003.DAT
0 STEP
1 86 150.0 -816 480.0 0 0 1 0 1 0 -1 0 0 3004.DAT
0 STEP
1 86 200.0 -888 480.0 -1 0 0 0 1 0 0 0 -1 2456.DAT
0 STEP
1 86 150.0 -936 470.0 0 0 1 0 1 0 -1 0 0 3005.DAT
0 STEP
1 86 160.0 -984 470.0 -1 0 0 0 1 0 0 0 -1 3004.DAT
0 STEP
1 86 150.0 -1008 480.0 0 0 1 0 1 0 -1 0 0 3004.DAT
0 STEP
1 86 160.0 -1032 480.0 0 0 1 0 1 0 -1 0 0 3003.DAT
0 STEP
1 86 150.0 -1080 480.0 0 0 1 0 1 0 -1 0 0 3004.DAT
0 STEP
1 86 160.0 -1104 480.0 0 0 1 0 1 0 -1 0 0 3003.DAT
0 STEP
1 86 160.0 -1176 480.0 0 0 1 0 1 0 -1 0 0 3003.DAT
0 STEP
1 86 160.0 -288 490.0 -1 0 0 0 1 0 0 0 -1 3004.DAT
0 STEP
1 86 160.0 -336 490.0 -1 0 0 0 1 0 0 0 -1 3004.DAT
0 STEP
1 86 160.0 -360 490.0 -1 0 0 0 1 0 0 0 -1 3004.DAT
0 STEP
1 86 160.0 -408 490.0 -1 0 0 0 1 0 0 0 -1 3004.DAT
0 STEP
1 86 150.0 -432 490.0 0 0 1 0 1 0 -1 0 0 3005.DAT
0 STEP
1 86 160.0 -504 490.0 -1 0 0 0 1 0 0 0 -1 3004.DAT
0 STEP
1 86 160.0 -528 490.0 -1 0 0 0 1 0 0 0 -1 3004.DAT
0 STEP
1 86 150.0 -552 490.0 0 0 1 0 1 0 -1 0 0 3005.DAT
0 STEP
1 86 160.0 -600 490.0 -1 0 0 0 1 0 0 0 -1 3004.DAT
0 STEP
1 86 150.0 -624 490.0 0 0 1 0 1 0 -1 0 0 3005.DAT
0 STEP
1 86 160.0 -648 490.0 -1 0 0 0 1 0 0 0 -1 3004.DAT
0 STEP
1 86 150.0 -720 490.0 0 0 1 0 1 0 -1 0 0 3005.DAT
0 STEP
1 86 160.0 -744 490.0 -1 0 0 0 1 0 0 0 -1 3004.DAT
0 STEP
1 86 150.0 -792 490.0 0 0 1 0 1 0 -1 0 0 3005.DAT
0 STEP
1 86 160.0 -840 490.0 -1 0 0 0 1 0 0 0 -1 3004.DAT
0 STEP
1 86 160.0 -864 490.0 -1 0 0 0 1 0 0 0 -1 3004.DAT
0 STEP
1 86 150.0 -936 500.0 0 0 1 0 1 0 -1 0 0 3004.DAT
0 STEP
1 86 160.0 -984 500.0 0 0 1 0 1 0 -1 0 0 3003.DAT
0 STEP
1 86 160.0 -1056 490.0 -1 0 0 0 1 0 0 0 -1 3004.DAT
0 STEP
1 86 160.0 -1128 490.0 -1 0 0 0 1 0 0 0 -1 3004.DAT
0 STEP
1 86 150.0 -1152 490.0 0 0 1 0 1 0 -1 0 0 3005.DAT
0 STEP
1 86 160.0 -1200 490.0 -1 0 0 0 1 0 0 0 -1 3004.DAT
0 STEP
1 86 150.0 -912 510.0 0 0 1 0 1 0 -1 0 0 3005.DAT
0 STEP
1 86 200.0 -960 510.0 -1 0 0 0 1 0 0 0 -1 3009.DAT
0 STEP
1 86 180.0 -288 30.0 -1 0 0 0 1 0 0 0 -1 3004.DAT
0 STEP
1 86 170.0 -312 30.0 0 0 1 0 1 0 -1 0 0 3005.DAT
0 STEP
1 86 170.0 -336 30.0 0 0 1 0 1 0 -1 0 0 3005.DAT
0 STEP
1 86 170.0 -360 30.0 0 0 1 0 1 0 -1 0 0 3005.DAT
0 STEP
1 86 200.0 -384 40.0 -1 0 0 0 1 0 0 0 -1 3001.DAT
0 STEP
1 86 220.0 -408 30.0 -1 0 0 0 1 0 0 0 -1 3009.DAT
0 STEP
1 86 170.0 -432 30.0 0 0 1 0 1 0 -1 0 0 3005.DAT
0 STEP
1 86 180.0 -456 40.0 0 0 1 0 1 0 -1 0 0 3003.DAT
0 STEP
1 86 180.0 -480 30.0 -1 0 0 0 1 0 0 0 -1 3004.DAT
0 STEP
1 86 170.0 -504 30.0 0 0 1 0 1 0 -1 0 0 3005.DAT
0 STEP
1 86 200.0 -528 30.0 -1 0 0 0 1 0 0 0 -1 3010.DAT
0 STEP
1 86 170.0 -552 30.0 0 0 1 0 1 0 -1 0 0 3005.DAT
0 STEP
1 86 220.0 -576 40.0 -1 0 0 0 1 0 0 0 -1 2456.DAT
0 STEP
1 86 200.0 -600 30.0 -1 0 0 0 1 0 0 0 -1 3010.DAT
0 STEP
1 86 180.0 -624 40.0 0 0 1 0 1 0 -1 0 0 3003.DAT
0 STEP
1 86 170.0 -648 30.0 0 0 1 0 1 0 -1 0 0 3005.DAT
0 STEP
1 86 180.0 -672 40.0 0 0 1 0 1 0 -1 0 0 3003.DAT
0 STEP
1 86 170.0 -696 30.0 0 0 1 0 1 0 -1 0 0 3005.DAT
0 STEP
1 86 200.0 -720 30.0 -1 0 0 0 1 0 0 0 -1 3010.DAT
0 STEP
1 86 180.0 -744 40.0 0 0 1 0 1 0 -1 0 0 3003.DAT
0 STEP
1 86 220.0 -768 30.0 -1 0 0 0 1 0 0 0 -1 3009.DAT
0 STEP
1 86 200.0 -792 40.0 -1 0 0 0 1 0 0 0 -1 3001.DAT
0 STEP
1 86 170.0 -816 30.0 0 0 1 0 1 0 -1 0 0 3005.DAT
0 STEP
1 86 200.0 -840 30.0 -1 0 0 0 1 0 0 0 -1 3010.DAT
0 STEP
1 86 170.0 -864 40.0 0 0 1 0 1 0 -1 0 0 3004.DAT
0 STEP
1 86 220.0 -888 30.0 -1 0 0 0 1 0 0 0 -1 3009.DAT
0 STEP
1 86 170.0 -912 30.0 0 0 1 0 1 0 -1 0 0 3005.DAT
0 STEP
1 86 170.0 -936 40.0 0 0 1 0 1 0 -1 0 0 3004.DAT
0 STEP
1 86 170.0 -960 30.0 0 0 1 0 1 0 -1 0 0 3005.DAT
0 STEP
1 86 200.0 -984 40.0 -1 0 0 0 1 0 0 0 -1 3001.DAT
0 STEP
1 86 180.0 -1008 30.0 -1 0 0 0 1 0 0 0 -1 3004.DAT
0 STEP
1 86 170.0 -1032 40.0 0 0 1 0 1 0 -1 0 0 3004.DAT
0 STEP
1 86 180.0 -1056 40.0 0 0 1 0 1 0 -1 0 0 3003.DAT
0 STEP
1 86 170.0 -1080 30.0 0 0 1 0 1 0 -1 0 0 3005.DAT
0 STEP
1 86 200.0 -1104 40.0 -1 0 0 0 1 0 0 0 -1 3001.DAT
0 STEP
1 86 180.0 -1128 30.0 -1 0 0 0 1 0 0 0 -1 3004.DAT
0 STEP
1 86 170.0 -1152 30.0 0 0 1 0 1 0 -1 0 0 3005.DAT
0 STEP
1 86 180.0 -1176 30.0 -1 0 0 0 1 0 0 0 -1 3004.DAT
0 STEP
1 86 200.0 -1200 30.0 -1 0 0 0 1 0 0 0 -1 3010.DAT
0 STEP
1 86 200.0 -264 50.0 -1 0 0 0 1 0 0 0 -1 3010.DAT
0 STEP
1 86 170.0 -336 60.0 0 0 1 0 1 0 -1 0 0 3004.DAT
0 STEP
1 86 170.0 -480 50.0 0 0 1 0 1 0 -1 0 0 3005.DAT
0 STEP
1 86 170.0 -552 60.0 0 0 1 0 1 0 -1 0 0 3004.DAT
0 STEP
1 86 200.0 -600 60.0 -1 0 0 0 1 0 0 0 -1 3001.DAT
0 STEP
1 86 170.0 -696 60.0 0 0 1 0 1 0 -1 0 0 3004.DAT
0 STEP
1 86 200.0 -888 50.0 -1 0 0 0 1 0 0 0 -1 3010.DAT
0 STEP
1 86 170.0 -1128 60.0 0 0 1 0 1 0 -1 0 0 3004.DAT
0 STEP
1 86 170.0 -1176 60.0 0 0 1 0 1 0 -1 0 0 3004.DAT
0 STEP
1 86 170.0 -1200 100.0 0 0 1 0 1 0 -1 0 0 3009.DAT
0 STEP
1 86 180.0 -240 70.0 -1 0 0 0 1 0 0 0 -1 3004.DAT
0 STEP
1 86 180.0 -264 80.0 0 0 1 0 1 0 -1 0 0 3003.DAT
0 STEP
1 86 180.0 -384 70.0 -1 0 0 0 1 0 0 0 -1 3004.DAT
0 STEP
1 86 200.0 -432 70.0 -1 0 0 0 1 0 0 0 -1 3010.DAT
0 STEP
1 86 180.0 -504 70.0 -1 0 0 0 1 0 0 0 -1 3004.DAT
0 STEP
1 86 170.0 -576 70.0 0 0 1 0 1 0 -1 0 0 3005.DAT
0 STEP
1 86 170.0 -624 70.0 0 0 1 0 1 0 -1 0 0 3005.DAT
0 STEP
1 86 180.0 -672 70.0 -1 0 0 0 1 0 0 0 -1 3004.DAT
0 STEP
1 86 180.0 -744 70.0 -1 0 0 0 1 0 0 0 -1 3004.DAT
0 STEP
1 86 170.0 -768 70.0 0 0 1 0 1 0 -1 0 0 3005.DAT
0 STEP
1 86 180.0 -864 70.0 -1 0 0 0 1 0 0 0 -1 3004.DAT
0 STEP
1 86 180.0 -936 70.0 -1 0 0 0 1 0 0 0 -1 3004.DAT
0 STEP
1 86 200.0 -984 70.0 -1 0 0 0 1 0 0 0 -1 3010.DAT
0 STEP
1 86 170.0 -1032 70.0 0 0 1 0 1 0 -1 0 0 3005.DAT
0 STEP
1 86 180.0 -1056 70.0 -1 0 0 0 1 0 0 0 -1 3004.DAT
0 STEP
1 86 180.0 -1104 70.0 -1 0 0 0 1 0 0 0 -1 3004.DAT
0 STEP
1 86 180.0 -1152 70.0 -1 0 0 0 1 0 0 0 -1 3004.DAT
0 STEP
1 86 180.0 -216 90.0 -1 0 0 0 1 0 0 0 -1 3004.DAT
0 STEP
1 86 180.0 -240 100.0 0 0 1 0 1 0 -1 0 0 3003.DAT
0 STEP
1 86 170.0 -1176 90.0 0 0 1 0 1 0 -1 0 0 3005.DAT
0 STEP
1 86 200.0 -1224 90.0 -1 0 0 0 1 0 0 0 -1 3010.DAT
0 STEP
1 86 180.0 -192 110.0 -1 0 0 0 1 0 0 0 -1 3004.DAT
0 STEP
1 86 180.0 -216 120.0 0 0 1 0 1 0 -1 0 0 3003.DAT
0 STEP
1 86 170.0 -1224 160.0 0 0 1 0 1 0 -1 0 0 3009.DAT
0 STEP
1 86 170.0 -168 130.0 0 0 1 0 1 0 -1 0 0 3005.DAT
0 STEP
1 86 180.0 -192 140.0 0 0 1 0 1 0 -1 0 0 3003.DAT
0 STEP
1 86 170.0 -144 150.0 0 0 1 0 1 0 -1 0 0 3005.DAT
0 STEP
1 86 170.0 -120 170.0 0 0 1 0 1 0 -1 0 0 3005.DAT
0 STEP
1 86 200.0 -144 170.0 -1 0 0 0 1 0 0 0 -1 3010.DAT
0 STEP
1 86 180.0 -1200 170.0 -1 0 0 0 1 0 0 0 -1 3004.DAT
0 STEP
1 86 220.0 -1248 170.0 -1 0 0 0 1 0 0 0 -1 3009.DAT
0 STEP
1 86 170.0 -96 200.0 0 0 1 0 1 0 -1 0 0 3004.DAT
0 STEP
1 86 180.0 -120 190.0 -1 0 0 0 1 0 0 0 -1 3004.DAT
0 STEP
1 86 180.0 -1200 240.0 0 0 1 0 1 0 -1 0 0 2456.DAT
0 STEP
1 86 170.0 -120 220.0 0 0 1 0 1 0 -1 0 0 3004.DAT
0 STEP
1 86 170.0 -72 260.0 0 0 1 0 1 0 -1 0 0 3010.DAT
0 STEP
1 86 180.0 -96 260.0 0 0 1 0 1 0 -1 0 0 3001.DAT
0 STEP
1 86 170.0 -1248 260.0 0 0 1 0 1 0 -1 0 0 3010.DAT
0 STEP
1 86 170.0 -144 280.0 0 0 1 0 1 0 -1 0 0 3010.DAT
0 STEP
1 86 170.0 -1224 290.0 0 0 1 0 1 0 -1 0 0 3005.DAT
0 STEP
1 86 170.0 -72 310.0 0 0 1 0 1 0 -1 0 0 3005.DAT
0 STEP
1 86 180.0 -96 310.0 -1 0 0 0 1 0 0 0 -1 3004.DAT
0 STEP
1 86 180.0 -1200 310.0 -1 0 0 0 1 0 0 0 -1 3004.DAT
0 STEP
1 86 170.0 -96 340.0 0 0 1 0 1 0 -1 0 0 3004.DAT
0 STEP
1 86 180.0 -120 330.0 -1 0 0 0 1 0 0 0 -1 3004.DAT
0 STEP
1 86 170.0 -144 330.0 0 0 1 0 1 0 -1 0 0 3005.DAT
0 STEP
1 86 170.0 -1224 340.0 0 0 1 0 1 0 -1 0 0 3004.DAT
0 STEP
1 86 170.0 -120 360.0 0 0 1 0 1 0 -1 0 0 3004.DAT
0 STEP
1 86 180.0 -144 360.0 0 0 1 0 1 0 -1 0 0 3003.DAT
0 STEP
1 86 200.0 -1200 360.0 -1 0 0 0 1 0 0 0 -1 3001.DAT
0 STEP
1 86 170.0 -1248 360.0 0 0 1 0 1 0 -1 0 0 3004.DAT
0 STEP
1 86 180.0 -144 390.0 -1 0 0 0 1 0 0 0 -1 3004.DAT
0 STEP
1 86 180.0 -192 400.0 0 0 1 0 1 0 -1 0 0 3003.DAT
0 STEP
1 86 170.0 -1176 390.0 0 0 1 0 1 0 -1 0 0 3005.DAT
0 STEP
1 86 180.0 -168 410.0 -1 0 0 0 1 0 0 0 -1 3004.DAT
0 STEP
1 86 180.0 -216 420.0 0 0 1 0 1 0 -1 0 0 3003.DAT
0 STEP
1 86 180.0 -192 430.0 -1 0 0 0 1 0 0 0 -1 3004.DAT
0 STEP
1 86 180.0 -240 440.0 0 0 1 0 1 0 -1 0 0 3003.DAT
0 STEP
1 86 180.0 -1176 430.0 -1 0 0 0 1 0 0 0 -1 3004.DAT
0 STEP
1 86 200.0 -1224 440.0 -1 0 0 0 1 0 0 0 -1 3001.DAT
0 STEP
1 86 180.0 -216 450.0 -1 0 0 0 1 0 0 0 -1 3004.DAT
0 STEP
1 86 170.0 -312 450.0 0 0 1 0 1 0 -1 0 0 3005.DAT
0 STEP
1 86 170.0 -360 460.0 0 0 1 0 1 0 -1 0 0 3004.DAT
0 STEP
1 86 170.0 -432 450.0 0 0 1 0 1 0 -1 0 0 3005.DAT
0 STEP
1 86 170.0 -456 460.0 0 0 1 0 1 0 -1 0 0 3004.DAT
0 STEP
1 86 170.0 -552 450.0 0 0 1 0 1 0 -1 0 0 3005.DAT
0 STEP
1 86 170.0 -624 450.0 0 0 1 0 1 0 -1 0 0 3005.DAT
0 STEP
1 86 170.0 -720 450.0 0 0 1 0 1 0 -1 0 0 3005.DAT
0 STEP
1 86 170.0 -744 460.0 0 0 1 0 1 0 -1 0 0 3004.DAT
0 STEP
1 86 170.0 -792 450.0 0 0 1 0 1 0 -1 0 0 3005.DAT
0 STEP
1 86 170.0 -816 460.0 0 0 1 0 1 0 -1 0 0 3004.DAT
0 STEP
1 86 170.0 -864 450.0 0 0 1 0 1 0 -1 0 0 3005.DAT
0 STEP
1 86 170.0 -1032 450.0 0 0 1 0 1 0 -1 0 0 3005.DAT
0 STEP
1 86 170.0 -1080 460.0 0 0 1 0 1 0 -1 0 0 3004.DAT
0 STEP
1 86 170.0 -1128 450.0 0 0 1 0 1 0 -1 0 0 3005.DAT
0 STEP
1 86 170.0 -1176 450.0 0 0 1 0 1 0 -1 0 0 3005.DAT
0 STEP
1 86 180.0 -1200 460.0 0 0 1 0 1 0 -1 0 0 3003.DAT
0 STEP
1 86 200.0 -312 480.0 -1 0 0 0 1 0 0 0 -1 3001.DAT
0 STEP
1 86 200.0 -384 480.0 -1 0 0 0 1 0 0 0 -1 3001.DAT
0 STEP
1 86 180.0 -432 480.0 0 0 1 0 1 0 -1 0 0 3003.DAT
0 STEP
1 86 170.0 -552 480.0 0 0 1 0 1 0 -1 0 0 3004.DAT
0 STEP
1 86 200.0 -576 470.0 -1 0 0 0 1 0 0 0 -1 3010.DAT
0 STEP
1 86 180.0 -624 480.0 0 0 1 0 1 0 -1 0 0 3003.DAT
0 STEP
1 86 220.0 -672 480.0 -1 0 0 0 1 0 0 0 -1 2456.DAT
0 STEP
1 86 200.0 -720 480.0 -1 0 0 0 1 0 0 0 -1 3001.DAT
0 STEP
1 86 200.0 -792 480.0 -1 0 0 0 1 0 0 0 -1 3001.DAT
0 STEP
1 86 220.0 -864 470.0 -1 0 0 0 1 0 0 0 -1 3009.DAT
0 STEP
1 86 170.0 -912 500.0 0 0 1 0 1 0 -1 0 0 3010.DAT
0 STEP
1 86 200.0 -1008 480.0 -1 0 0 0 1 0 0 0 -1 3001.DAT
0 STEP
1 86 170.0 -1056 470.0 0 0 1 0 1 0 -1 0 0 3005.DAT
0 STEP
1 86 240.0 -1128 470.0 -1 0 0 0 1 0 0 0 -1 3008.DAT
0 STEP
1 86 180.0 -456 490.0 -1 0 0 0 1 0 0 0 -1 3004.DAT
0 STEP
1 86 170.0 -576 490.0 0 0 1 0 1 0 -1 0 0 3005.DAT
0 STEP
1 86 170.0 -816 490.0 0 0 1 0 1 0 -1 0 0 3005.DAT
0 STEP
1 86 170.0 -936 490.0 0 0 1 0 1 0 -1 0 0 3005.DAT
0 STEP
1 86 180.0 -1080 490.0 -1 0 0 0 1 0 0 0 -1 3004.DAT
0 STEP
1 86 180.0 -1152 490.0 -1 0 0 0 1 0 0 0 -1 3004.DAT
0 STEP
1 86 170.0 -936 520.0 0 0 1 0 1 0 -1 0 0 3004.DAT
0 STEP
1 86 170.0 -960 530.0 0 0 1 0 1 0 -1 0 0 3005.DAT
0 STEP
1 86 170.0 -984 530.0 0 0 1 0 1 0 -1 0 0 3005.DAT
0 STEP
1 86 220.0 -312 30.0 -1 0 0 0 1 0 0 0 -1 3010.DAT
0 STEP
1 86 190.0 -336 40.0 0 0 1 0 1 0 -1 0 0 3004.DAT
0 STEP
1 86 220.0 -360 30.0 -1 0 0 0 1 0 0 0 -1 3010.DAT
0 STEP
1 86 200.0 -432 40.0 0 0 1 0 1 0 -1 0 0 3003.DAT
0 STEP
1 86 200.0 -504 30.0 -1 0 0 0 1 0 0 0 -1 3004.DAT
0 STEP
1 86 220.0 -552 30.0 -1 0 0 0 1 0 0 0 -1 3010.DAT
0 STEP
1 86 200.0 -648 30.0 -1 0 0 0 1 0 0 0 -1 3004.DAT
0 STEP
1 86 200.0 -696 40.0 0 0 1 0 1 0 -1 0 0 3003.DAT
0 STEP
1 86 200.0 -816 30.0 -1 0 0 0 1 0 0 0 -1 3004.DAT
0 STEP
1 86 200.0 -864 40.0 0 0 1 0 1 0 -1 0 0 3003.DAT
0 STEP
1 86 190.0 -912 40.0 0 0 1 0 1 0 -1 0 0 3004.DAT
0 STEP
1 86 220.0 -936 30.0 -1 0 0 0 1 0 0 0 -1 3010.DAT
0 STEP
1 86 200.0 -960 40.0 0 0 1 0 1 0 -1 0 0 3003.DAT
0 STEP
1 86 220.0 -1032 40.0 -1 0 0 0 1 0 0 0 -1 3001.DAT
0 STEP
1 86 220.0 -1080 30.0 -1 0 0 0 1 0 0 0 -1 3010.DAT
0 STEP
1 86 220.0 -1152 40.0 -1 0 0 0 1 0 0 0 -1 3001.DAT
0 STEP
1 86 190.0 -480 60.0 0 0 1 0 1 0 -1 0 0 3004.DAT
0 STEP
1 86 190.0 -504 50.0 0 0 1 0 1 0 -1 0 0 3005.DAT
0 STEP
1 86 220.0 -552 60.0 -1 0 0 0 1 0 0 0 -1 3001.DAT
0 STEP
1 86 200.0 -936 50.0 -1 0 0 0 1 0 0 0 -1 3004.DAT
0 STEP
1 86 220.0 -1128 60.0 -1 0 0 0 1 0 0 0 -1 3001.DAT
0 STEP
1 86 220.0 -1176 60.0 -1 0 0 0 1 0 0 0 -1 3001.DAT
0 STEP
1 86 200.0 -1200 50.0 -1 0 0 0 1 0 0 0 -1 3004.DAT
0 STEP
1 86 220.0 -336 70.0 -1 0 0 0 1 0 0 0 -1 3010.DAT
0 STEP
1 86 220.0 -576 70.0 -1 0 0 0 1 0 0 0 -1 3010.DAT
0 STEP
1 86 200.0 -624 70.0 -1 0 0 0 1 0 0 0 -1 3004.DAT
0 STEP
1 86 220.0 -696 70.0 -1 0 0 0 1 0 0 0 -1 3010.DAT
0 STEP
1 86 220.0 -768 70.0 -1 0 0 0 1 0 0 0 -1 3010.DAT
0 STEP
1 86 190.0 -792 70.0 0 0 1 0 1 0 -1 0 0 3005.DAT
0 STEP
1 86 220.0 -912 70.0 -1 0 0 0 1 0 0 0 -1 3010.DAT
0 STEP
1 86 200.0 -960 70.0 -1 0 0 0 1 0 0 0 -1 3004.DAT
0 STEP
1 86 220.0 -1032 70.0 -1 0 0 0 1 0 0 0 -1 3010.DAT
0 STEP
1 86 200.0 -1200 80.0 0 0 1 0 1 0 -1 0 0 3003.DAT
0 STEP
1 86 190.0 -1224 70.0 0 0 1 0 1 0 -1 0 0 3005.DAT
0 STEP
1 86 220.0 -1176 90.0 -1 0 0 0 1 0 0 0 -1 3010.DAT
0 STEP
1 86 190.0 -168 110.0 0 0 1 0 1 0 -1 0 0 3005.DAT
0 STEP
1 86 190.0 -1200 120.0 0 0 1 0 1 0 -1 0 0 3004.DAT
0 STEP
1 86 200.0 -1224 110.0 -1 0 0 0 1 0 0 0 -1 3004.DAT
0 STEP
1 86 200.0 -144 140.0 0 0 1 0 1 0 -1 0 0 3003.DAT
0 STEP
1 86 220.0 -168 140.0 -1 0 0 0 1 0 0 0 -1 3001.DAT
0 STEP
1 86 200.0 -1224 160.0 0 0 1 0 1 0 -1 0 0 3001.DAT
0 STEP
1 86 240.0 -120 160.0 -1 0 0 0 1 0 0 0 -1 2456.DAT
0 STEP
1 86 190.0 -1200 150.0 0 0 1 0 1 0 -1 0 0 3005.DAT
0 STEP
1 86 190.0 -1248 150.0 0 0 1 0 1 0 -1 0 0 3005.DAT
0 STEP
1 86 200.0 -96 170.0 -1 0 0 0 1 0 0 0 -1 3004.DAT
0 STEP
1 86 190.0 -72 200.0 0 0 1 0 1 0 -1 0 0 3004.DAT
0 STEP
1 86 200.0 -96 200.0 0 0 1 0 1 0 -1 0 0 3003.DAT
0 STEP
1 86 190.0 -1248 190.0 0 0 1 0 1 0 -1 0 0 3005.DAT
0 STEP
1 86 200.0 -48 260.0 0 0 1 0 1 0 -1 0 0 2456.DAT
0 STEP
1 86 190.0 -120 260.0 0 0 1 0 1 0 -1 0 0 3009.DAT
0 STEP
1 86 220.0 -1224 210.0 -1 0 0 0 1 0 0 0 -1 3010.DAT
0 STEP
1 86 190.0 -1248 220.0 0 0 1 0 1 0 -1 0 0 3004.DAT
0 STEP
1 86 200.0 -72 240.0 0 0 1 0 1 0 -1 0 0 3003.DAT
0 STEP
1 86 190.0 -1248 250.0 0 0 1 0 1 0 -1 0 0 3005.DAT
0 STEP
1 86 200.0 -72 270.0 -1 0 0 0 1 0 0 0 -1 3004.DAT
0 STEP
1 86 200.0 -1248 280.0 0 0 1 0 1 0 -1 0 0 3003.DAT
0 STEP
1 86 200.0 -72 300.0 0 0 1 0 1 0 -1 0 0 3003.DAT
0 STEP
1 86 190.0 -1224 340.0 0 0 1 0 1 0 -1 0 0 3009.DAT
0 STEP
1 86 190.0 -72 330.0 0 0 1 0 1 0 -1 0 0 3005.DAT
0 STEP
1 86 190.0 -96 330.0 0 0 1 0 1 0 -1 0 0 3005.DAT
0 STEP
1 86 190.0 -1248 340.0 0 0 1 0 1 0 -1 0 0 3004.DAT
0 STEP
1 86 190.0 -96 360.0 0 0 1 0 1 0 -1 0 0 3004.DAT
0 STEP
1 86 260.0 -120 350.0 -1 0 0 0 1 0 0 0 -1 3008.DAT
0 STEP
1 86 200.0 -120 370.0 -1 0 0 0 1 0 0 0 -1 3004.DAT
0 STEP
1 86 190.0 -168 380.0 0 0 1 0 1 0 -1 0 0 3004.DAT
0 STEP
1 86 200.0 -1248 380.0 0 0 1 0 1 0 -1 0 0 3003.DAT
0 STEP
1 86 200.0 -1224 410.0 -1 0 0 0 1 0 0 0 -1 3004.DAT
0 STEP
1 86 240.0 -264 460.0 -1 0 0 0 1 0 0 0 -1 2456.DAT
0 STEP
1 86 200.0 -1176 450.0 -1 0 0 0 1 0 0 0 -1 3004.DAT
0 STEP
1 86 190.0 -240 470.0 0 0 1 0 1 0 -1 0 0 3005.DAT
0 STEP
1 86 240.0 -288 480.0 -1 0 0 0 1 0 0 0 -1 2456.DAT
0 STEP
1 86 220.0 -360 480.0 -1 0 0 0 1 0 0 0 -1 3001.DAT
0 STEP
1 86 200.0 -408 470.0 -1 0 0 0 1 0 0 0 -1 3004.DAT
0 STEP
1 86 200.0 -456 470.0 -1 0 0 0 1 0 0 0 -1 3004.DAT
0 STEP
1 86 220.0 -552 470.0 -1 0 0 0 1 0 0 0 -1 3010.DAT
0 STEP
1 86 190.0 -600 480.0 0 0 1 0 1 0 -1 0 0 3004.DAT
0 STEP
1 86 260.0 -648 470.0 -1 0 0 0 1 0 0 0 -1 3008.DAT
0 STEP
1 86 220.0 -696 470.0 -1 0 0 0 1 0 0 0 -1 3010.DAT
0 STEP
1 86 200.0 -744 470.0 -1 0 0 0 1 0 0 0 -1 3004.DAT
0 STEP
1 86 190.0 -768 480.0 0 0 1 0 1 0 -1 0 0 3004.DAT
0 STEP
1 86 220.0 -816 470.0 -1 0 0 0 1 0 0 0 -1 3010.DAT
0 STEP
1 86 220.0 -840 480.0 -1 0 0 0 1 0 0 0 -1 3001.DAT
0 STEP
1 86 190.0 -912 470.0 0 0 1 0 1 0 -1 0 0 3005.DAT
0 STEP
1 86 200.0 -936 470.0 -1 0 0 0 1 0 0 0 -1 3004.DAT
0 STEP
1 86 190.0 -960 470.0 0 0 1 0 1 0 -1 0 0 3005.DAT
0 STEP
1 86 190.0 -984 480.0 0 0 1 0 1 0 -1 0 0 3004.DAT
0 STEP
1 86 190.0 -1032 470.0 0 0 1 0 1 0 -1 0 0 3005.DAT
0 STEP
1 86 190.0 -1056 480.0 0 0 1 0 1 0 -1 0 0 3004.DAT
0 STEP
1 86 200.0 -1080 470.0 -1 0 0 0 1 0 0 0 -1 3004.DAT
0 STEP
1 86 190.0 -1104 470.0 0 0 1 0 1 0 -1 0 0 3005.DAT
0 STEP
1 86 190.0 -1152 470.0 0 0 1 0 1 0 -1 0 0 3005.DAT
0 STEP
1 86 190.0 -1176 480.0 0 0 1 0 1 0 -1 0 0 3004.DAT
0 STEP
1 86 190.0 -264 490.0 0 0 1 0 1 0 -1 0 0 3005.DAT
0 STEP
1 86 200.0 -336 500.0 0 0 1 0 1 0 -1 0 0 3003.DAT
0 STEP
1 86 200.0 -408 500.0 0 0 1 0 1 0 -1 0 0 3003.DAT
0 STEP
1 86 190.0 -504 490.0 0 0 1 0 1 0 -1 0 0 3005.DAT
0 STEP
1 86 190.0 -528 500.0 0 0 1 0 1 0 -1 0 0 3004.DAT
0 STEP
1 86 220.0 -552 500.0 -1 0 0 0 1 0 0 0 -1 3001.DAT
0 STEP
1 86 190.0 -576 500.0 0 0 1 0 1 0 -1 0 0 3004.DAT
0 STEP
1 86 200.0 -648 500.0 0 0 1 0 1 0 -1 0 0 3003.DAT
0 STEP
1 86 220.0 -696 500.0 -1 0 0 0 1 0 0 0 -1 3001.DAT
0 STEP
1 86 200.0 -744 500.0 0 0 1 0 1 0 -1 0 0 3003.DAT
0 STEP
1 86 190.0 -816 500.0 0 0 1 0 1 0 -1 0 0 3004.DAT
0 STEP
1 86 240.0 -864 500.0 -1 0 0 0 1 0 0 0 -1 2456.DAT
0 STEP
1 86 190.0 -912 500.0 0 0 1 0 1 0 -1 0 0 3004.DAT
0 STEP
1 86 200.0 -936 500.0 0 0 1 0 1 0 -1 0 0 3003.DAT
0 STEP
1 86 200.0 -1032 500.0 0 0 1 0 1 0 -1 0 0 3003.DAT
0 STEP
1 86 190.0 -1104 500.0 0 0 1 0 1 0 -1 0 0 3004.DAT
0 STEP
1 86 200.0 -1128 500.0 0 0 1 0 1 0 -1 0 0 3003.DAT
0 STEP
1 86 190.0 -1200 500.0 0 0 1 0 1 0 -1 0 0 3004.DAT
0 STEP
1 86 260.0 -288 510.0 -1 0 0 0 1 0 0 0 -1 3008.DAT
0 STEP
1 86 200.0 -312 510.0 -1 0 0 0 1 0 0 0 -1 3004.DAT
0 STEP
1 86 220.0 -360 510.0 -1 0 0 0 1 0 0 0 -1 3010.DAT
0 STEP
1 86 190.0 -384 510.0 0 0 1 0 1 0 -1 0 0 3005.DAT
0 STEP
1 86 260.0 -432 510.0 -1 0 0 0 1 0 0 0 -1 3008.DAT
0 STEP
1 86 190.0 -456 510.0 0 0 1 0 1 0 -1 0 0 3005.DAT
0 STEP
1 86 220.0 -480 510.0 -1 0 0 0 1 0 0 0 -1 3010.DAT
0 STEP
1 86 220.0 -504 510.0 -1 0 0 0 1 0 0 0 -1 3010.DAT
0 STEP
1 86 200.0 -600 510.0 -1 0 0 0 1 0 0 0 -1 3004.DAT
0 STEP
1 86 220.0 -624 510.0 -1 0 0 0 1 0 0 0 -1 3010.DAT
0 STEP
1 86 260.0 -672 510.0 -1 0 0 0 1 0 0 0 -1 3008.DAT
0 STEP
1 86 220.0 -720 510.0 -1 0 0 0 1 0 0 0 -1 3010.DAT
0 STEP
1 86 190.0 -768 510.0 0 0 1 0 1 0 -1 0 0 3005.DAT
0 STEP
1 86 220.0 -792 510.0 -1 0 0 0 1 0 0 0 -1 3010.DAT
0 STEP
1 86 220.0 -840 510.0 -1 0 0 0 1 0 0 0 -1 3010.DAT
0 STEP
1 86 200.0 -888 510.0 -1 0 0 0 1 0 0 0 -1 3004.DAT
0 STEP
1 86 190.0 -984 510.0 0 0 1 0 1 0 -1 0 0 3005.DAT
0 STEP
1 86 220.0 -1008 510.0 -1 0 0 0 1 0 0 0 -1 3010.DAT
0 STEP
1 86 260.0 -1056 510.0 -1 0 0 0 1 0 0 0 -1 3008.DAT
0 STEP
1 86 190.0 -1080 510.0 0 0 1 0 1 0 -1 0 0 3005.DAT
0 STEP
1 86 190.0 -1152 510.0 0 0 1 0 1 0 -1 0 0 3005.DAT
0 STEP
1 86 190.0 -1176 510.0 0 0 1 0 1 0 -1 0 0 3005.DAT
0 STEP
1 86 210.0 -288 40.0 0 0 1 0 1 0 -1 0 0 3004.DAT
0 STEP
1 86 260.0 -336 40.0 -1 0 0 0 1 0 0 0 -1 2456.DAT
0 STEP
1 86 220.0 -456 30.0 -1 0 0 0 1 0 0 0 -1 3004.DAT
0 STEP
1 86 220.0 -480 40.0 0 0 1 0 1 0 -1 0 0 3003.DAT
0 STEP
1 86 210.0 -624 40.0 0 0 1 0 1 0 -1 0 0 3004.DAT
0 STEP
1 86 210.0 -672 40.0 0 0 1 0 1 0 -1 0 0 3004.DAT
0 STEP
1 86 210.0 -744 30.0 0 0 1 0 1 0 -1 0 0 3005.DAT
0 STEP
1 86 220.0 -912 40.0 0 0 1 0 1 0 -1 0 0 3003.DAT
0 STEP
1 86 210.0 -1008 30.0 0 0 1 0 1 0 -1 0 0 3005.DAT
0 STEP
1 86 260.0 -1056 30.0 -1 0 0 0 1 0 0 0 -1 3009.DAT
0 STEP
1 86 210.0 -1128 30.0 0 0 1 0 1 0 -1 0 0 3005.DAT
0 STEP
1 86 280.0 -1176 30.0 -1 0 0 0 1 0 0 0 -1 3008.DAT
0 STEP
1 86 210.0 -408 60.0 0 0 1 0 1 0 -1 0 0 3004.DAT
0 STEP
1 86 210.0 -456 50.0 0 0 1 0 1 0 -1 0 0 3005.DAT
0 STEP
1 86 210.0 -504 60.0 0 0 1 0 1 0 -1 0 0 3004.DAT
0 STEP
1 86 220.0 -744 60.0 0 0 1 0 1 0 -1 0 0 3003.DAT
0 STEP
1 86 220.0 -1056 60.0 0 0 1 0 1 0 -1 0 0 3003.DAT
0 STEP
1 86 220.0 -216 70.0 -1 0 0 0 1 0 0 0 -1 3004.DAT
0 STEP
1 86 220.0 -240 80.0 0 0 1 0 1 0 -1 0 0 3003.DAT
0 STEP
1 86 220.0 -264 70.0 -1 0 0 0 1 0 0 0 -1 3004.DAT
0 STEP
1 86 210.0 -384 70.0 0 0 1 0 1 0 -1 0 0 3005.DAT
0 STEP
1 86 210.0 -480 70.0 0 0 1 0 1 0 -1 0 0 3005.DAT
0 STEP
1 86 210.0 -672 70.0 0 0 1 0 1 0 -1 0 0 3005.DAT
0 STEP
1 86 220.0 -792 70.0 -1 0 0 0 1 0 0 0 -1 3004.DAT
0 STEP
1 86 210.0 -864 70.0 0 0 1 0 1 0 -1 0 0 3005.DAT
0 STEP
1 86 210.0 -936 70.0 0 0 1 0 1 0 -1 0 0 3005.DAT
0 STEP
1 86 210.0 -1104 70.0 0 0 1 0 1 0 -1 0 0 3005.DAT
0 STEP
1 86 210.0 -1152 70.0 0 0 1 0 1 0 -1 0 0 3005.DAT
0 STEP
1 86 240.0 -1224 70.0 -1 0 0 0 1 0 0 0 -1 3010.DAT
0 STEP
1 86 210.0 -192 90.0 0 0 1 0 1 0 -1 0 0 3005.DAT
0 STEP
1 86 210.0 -216 100.0 0 0 1 0 1 0 -1 0 0 3004.DAT
0 STEP
1 86 210.0 -264 90.0 0 0 1 0 1 0 -1 0 0 3005.DAT
0 STEP
1 86 240.0 -168 110.0 -1 0 0 0 1 0 0 0 -1 3010.DAT
0 STEP
1 86 220.0 -192 120.0 0 0 1 0 1 0 -1 0 0 3003.DAT
0 STEP
1 86 220.0 -240 110.0 -1 0 0 0 1 0 0 0 -1 3004.DAT
0 STEP
1 86 240.0 -1200 110.0 -1 0 0 0 1 0 0 0 -1 3010.DAT
0 STEP
1 86 210.0 -1200 130.0 0 0 1 0 1 0 -1 0 0 3005.DAT
0 STEP
1 86 220.0 -1200 160.0 0 0 1 0 1 0 -1 0 0 3003.DAT
0 STEP
1 86 220.0 -1248 150.0 -1 0 0 0 1 0 0 0 -1 3004.DAT
0 STEP
1 86 240.0 -48 190.0 -1 0 0 0 1 0 0 0 -1 3010.DAT
0 STEP
1 86 220.0 -72 200.0 0 0 1 0 1 0 -1 0 0 3003.DAT
0 STEP
1 86 210.0 -120 190.0 0 0 1 0 1 0 -1 0 0 3005.DAT
0 STEP
1 86 220.0 -1200 190.0 -1 0 0 0 1 0 0 0 -1 3004.DAT
0 STEP
1 86 210.0 -1248 200.0 0 0 1 0 1 0 -1 0 0 3004.DAT
0 STEP
1 86 220.0 -24 240.0 0 0 1 0 1 0 -1 0 0 3001.DAT
0 STEP
1 86 210.0 -1200 210.0 0 0 1 0 1 0 -1 0 0 3005.DAT
0 STEP
1 86 220.0 -1248 240.0 0 0 1 0 1 0 -1 0 0 3003.DAT
0 STEP
1 86 210.0 -1272 230.0 0 0 1 0 1 0 -1 0 0 3005.DAT
0 STEP
1 86 210.0 0 250.0 0 0 1 0 1 0 -1 0 0 3005.DAT
0 STEP
1 86 210.0 -1272 280.0 0 0 1 0 1 0 -1 0 0 3010.DAT
0 STEP
1 86 240.0 0 270.0 -1 0 0 0 1 0 0 0 -1 3010.DAT
0 STEP
1 86 220.0 0 290.0 -1 0 0 0 1 0 0 0 -1 3004.DAT
0 STEP
1 86 220.0 -24 290.0 -1 0 0 0 1 0 0 0 -1 3004.DAT
0 STEP
1 86 210.0 -1224 290.0 0 0 1 0 1 0 -1 0 0 3005.DAT
0 STEP
1 86 210.0 -24 310.0 0 0 1 0 1 0 -1 0 0 3005.DAT
0 STEP
1 86 220.0 -1224 310.0 -1 0 0 0 1 0 0 0 -1 3004.DAT
0 STEP
1 86 210.0 -1248 310.0 0 0 1 0 1 0 -1 0 0 3005.DAT
0 STEP
1 86 210.0 -48 330.0 0 0 1 0 1 0 -1 0 0 3005.DAT
0 STEP
1 86 220.0 -72 340.0 0 0 1 0 1 0 -1 0 0 3003.DAT
0 STEP
1 86 210.0 -96 340.0 0 0 1 0 1 0 -1 0 0 3004.DAT
0 STEP
1 86 210.0 -1224 340.0 0 0 1 0 1 0 -1 0 0 3004.DAT
0 STEP
1 86 240.0 -1248 340.0 -1 0 0 0 1 0 0 0 -1 3001.DAT
0 STEP
1 86 210.0 -96 370.0 0 0 1 0 1 0 -1 0 0 3005.DAT
0 STEP
1 86 210.0 -144 380.0 0 0 1 0 1 0 -1 0 0 3004.DAT
0 STEP
1 86 210.0 -1224 370.0 0 0 1 0 1 0 -1 0 0 3005.DAT
0 STEP
1 86 210.0 -120 390.0 0 0 1 0 1 0 -1 0 0 3005.DAT
0 STEP
1 86 210.0 -168 400.0 0 0 1 0 1 0 -1 0 0 3004.DAT
0 STEP
1 86 220.0 -1224 390.0 -1 0 0 0 1 0 0 0 -1 3004.DAT
0 STEP
1 86 220.0 -144 410.0 -1 0 0 0 1 0 0 0 -1 3004.DAT
0 STEP
1 86 240.0 -192 420.0 -1 0 0 0 1 0 0 0 -1 3001.DAT
0 STEP
1 86 210.0 -1176 420.0 0 0 1 0 1 0 -1 0 0 3004.DAT
0 STEP
1 86 260.0 -168 430.0 -1 0 0 0 1 0 0 0 -1 3009.DAT
0 STEP
1 86 260.0 -216 440.0 -1 0 0 0 1 0 0 0 -1 2456.DAT
0 STEP
1 86 210.0 -240 430.0 0 0 1 0 1 0 -1 0 0 3005.DAT
0 STEP
1 86 210.0 -192 450.0 0 0 1 0 1 0 -1 0 0 3005.DAT
0 STEP
1 86 210.0 -240 460.0 0 0 1 0 1 0 -1 0 0 3004.DAT
0 STEP
1 86 210.0 -1200 450.0 0 0 1 0 1 0 -1 0 0 3005.DAT
0 STEP
1 86 220.0 -216 470.0 -1 0 0 0 1 0 0 0 -1 3004.DAT
0 STEP
1 86 210.0 -336 470.0 0 0 1 0 1 0 -1 0 0 3005.DAT
0 STEP
1 86 260.0 -432 480.0 -1 0 0 0 1 0 0 0 -1 2456.DAT
0 STEP
1 86 210.0 -504 470.0 0 0 1 0 1 0 -1 0 0 3005.DAT
0 STEP
1 86 240.0 -528 480.0 -1 0 0 0 1 0 0 0 -1 3001.DAT
0 STEP
1 86 240.0 -600 470.0 -1 0 0 0 1 0 0 0 -1 3010.DAT
0 STEP
1 86 210.0 -624 480.0 0 0 1 0 1 0 -1 0 0 3004.DAT
0 STEP
1 86 220.0 -768 470.0 -1 0 0 0 1 0 0 0 -1 3004.DAT
0 STEP
1 86 240.0 -912 470.0 -1 0 0 0 1 0 0 0 -1 3010.DAT
0 STEP
1 86 240.0 -960 470.0 -1 0 0 0 1 0 0 0 -1 3010.DAT
0 STEP
1 86 220.0 -984 470.0 -1 0 0 0 1 0 0 0 -1 3004.DAT
0 STEP
1 86 220.0 -1032 470.0 -1 0 0 0 1 0 0 0 -1 3004.DAT
0 STEP
1 86 260.0 -1056 480.0 -1 0 0 0 1 0 0 0 -1 2456.DAT
0 STEP
1 86 210.0 -1104 480.0 0 0 1 0 1 0 -1 0 0 3004.DAT
0 STEP
1 86 210.0 -1152 480.0 0 0 1 0 1 0 -1 0 0 3004.DAT
0 STEP
1 86 260.0 -1176 470.0 -1 0 0 0 1 0 0 0 -1 3009.DAT
0 STEP
1 86 210.0 -1200 480.0 0 0 1 0 1 0 -1 0 0 3004.DAT
0 STEP
1 86 220.0 -1224 470.0 -1 0 0 0 1 0 0 0 -1 3004.DAT
0 STEP
1 86 280.0 -264 490.0 -1 0 0 0 1 0 0 0 -1 3008.DAT
0 STEP
1 86 220.0 -456 500.0 0 0 1 0 1 0 -1 0 0 3003.DAT
0 STEP
1 86 240.0 -504 490.0 -1 0 0 0 1 0 0 0 -1 3010.DAT
0 STEP
1 86 220.0 -576 500.0 0 0 1 0 1 0 -1 0 0 3003.DAT
0 STEP
1 86 210.0 -600 490.0 0 0 1 0 1 0 -1 0 0 3005.DAT
0 STEP
1 86 220.0 -768 500.0 0 0 1 0 1 0 -1 0 0 3003.DAT
0 STEP
1 86 240.0 -816 500.0 -1 0 0 0 1 0 0 0 -1 3001.DAT
0 STEP
1 86 240.0 -912 500.0 -1 0 0 0 1 0 0 0 -1 3001.DAT
0 STEP
1 86 210.0 -984 500.0 0 0 1 0 1 0 -1 0 0 3004.DAT
0 STEP
1 86 210.0 -1080 500.0 0 0 1 0 1 0 -1 0 0 3004.DAT
0 STEP
1 86 240.0 -1176 500.0 -1 0 0 0 1 0 0 0 -1 3001.DAT
0 STEP
1 86 220.0 -384 510.0 -1 0 0 0 1 0 0 0 -1 3004.DAT
0 STEP
1 86 240.0 -528 510.0 -1 0 0 0 1 0 0 0 -1 3010.DAT
0 STEP
1 86 260.0 -1104 510.0 -1 0 0 0 1 0 0 0 -1 3009.DAT
0 STEP
1 86 220.0 -1152 510.0 -1 0 0 0 1 0 0 0 -1 3004.DAT
0 STEP
1 86 210.0 -1200 510.0 0 0 1 0 1 0 -1 0 0 3005.DAT
0 STEP
1 86 240.0 -288 40.0 0 0 1 0 1 0 -1 0 0 3003.DAT
0 STEP
1 86 240.0 -432 30.0 -1 0 0 0 1 0 0 0 -1 3004.DAT
0 STEP
1 86 230.0 -504 40.0 0 0 1 0 1 0 -1 0 0 3004.DAT
0 STEP
1 86 230.0 -624 30.0 0 0 1 0 1 0 -1 0 0 3005.DAT
0 STEP
1 86 230.0 -648 30.0 0 0 1 0 1 0 -1 0 0 3005.DAT
0 STEP
1 86 240.0 -672 30.0 -1 0 0 0 1 0 0 0 -1 3004.DAT
0 STEP
1 86 230.0 -696 40.0 0 0 1 0 1 0 -1 0 0 3004.DAT
0 STEP
1 86 240.0 -744 30.0 -1 0 0 0 1 0 0 0 -1 3004.DAT
0 STEP
1 86 230.0 -816 40.0 0 0 1 0 1 0 -1 0 0 3004.DAT
0 STEP
1 86 240.0 -864 30.0 -1 0 0 0 1 0 0 0 -1 3004.DAT
0 STEP
1 86 230.0 -960 30.0 0 0 1 0 1 0 -1 0 0 3005.DAT
0 STEP
1 86 240.0 -1008 30.0 -1 0 0 0 1 0 0 0 -1 3004.DAT
0 STEP
1 86 240.0 -1128 30.0 -1 0 0 0 1 0 0 0 -1 3004.DAT
0 STEP
1 86 240.0 -408 60.0 0 0 1 0 1 0 -1 0 0 3003.DAT
0 STEP
1 86 230.0 -432 50.0 0 0 1 0 1 0 -1 0 0 3005.DAT
0 STEP
1 86 230.0 -456 60.0 0 0 1 0 1 0 -1 0 0 3004.DAT
0 STEP
1 86 240.0 -624 60.0 0 0 1 0 1 0 -1 0 0 3003.DAT
0 STEP
1 86 240.0 -672 60.0 0 0 1 0 1 0 -1 0 0 3003.DAT
0 STEP
1 86 260.0 -720 50.0 -1 0 0 0 1 0 0 0 -1 3010.DAT
0 STEP
1 86 230.0 -768 50.0 0 0 1 0 1 0 -1 0 0 3005.DAT
0 STEP
1 86 230.0 -864 50.0 0 0 1 0 1 0 -1 0 0 3005.DAT
0 STEP
1 86 230.0 -936 60.0 0 0 1 0 1 0 -1 0 0 3004.DAT
0 STEP
1 86 240.0 -960 60.0 0 0 1 0 1 0 -1 0 0 3003.DAT
0 STEP
1 86 240.0 -1200 60.0 0 0 1 0 1 0 -1 0 0 3003.DAT
0 STEP
1 86 240.0 -384 70.0 -1 0 0 0 1 0 0 0 -1 3004.DAT
0 STEP
1 86 240.0 -480 70.0 -1 0 0 0 1 0 0 0 -1 3004.DAT
0 STEP
1 86 240.0 -504 70.0 -1 0 0 0 1 0 0 0 -1 3004.DAT
0 STEP
1 86 240.0 -720 70.0 -1 0 0 0 1 0 0 0 -1 3004.DAT
0 STEP
1 86 240.0 -816 70.0 -1 0 0 0 1 0 0 0 -1 3004.DAT
0 STEP
1 86 240.0 -864 70.0 -1 0 0 0 1 0 0 0 -1 3004.DAT
0 STEP
1 86 230.0 -888 70.0 0 0 1 0 1 0 -1 0 0 3005.DAT
0 STEP
1 86 240.0 -1104 70.0 -1 0 0 0 1 0 0 0 -1 3004.DAT
0 STEP
1 86 240.0 -1152 70.0 -1 0 0 0 1 0 0 0 -1 3004.DAT
0 STEP
1 86 240.0 -192 90.0 -1 0 0 0 1 0 0 0 -1 3004.DAT
0 STEP
1 86 300.0 -216 90.0 -1 0 0 0 1 0 0 0 -1 3008.DAT
0 STEP
1 86 240.0 -264 90.0 -1 0 0 0 1 0 0 0 -1 3004.DAT
0 STEP
1 86 260.0 -1200 90.0 -1 0 0 0 1 0 0 0 -1 3010.DAT
0 STEP
1 86 230.0 -216 110.0 0 0 1 0 1 0 -1 0 0 3005.DAT
0 STEP
1 86 240.0 -1176 110.0 -1 0 0 0 1 0 0 0 -1 3004.DAT
0 STEP
1 86 230.0 -1224 120.0 0 0 1 0 1 0 -1 0 0 3004.DAT
0 STEP
1 86 230.0 -120 130.0 0 0 1 0 1 0 -1 0 0 3005.DAT
0 STEP
1 86 230.0 -144 140.0 0 0 1 0 1 0 -1 0 0 3004.DAT
0 STEP
1 86 240.0 -1200 130.0 -1 0 0 0 1 0 0 0 -1 3004.DAT
0 STEP
1 86 230.0 -1248 130.0 0 0 1 0 1 0 -1 0 0 3005.DAT
0 STEP
1 86 280.0 -96 150.0 -1 0 0 0 1 0 0 0 -1 3009.DAT
0 STEP
1 86 240.0 -1224 160.0 0 0 1 0 1 0 -1 0 0 3003.DAT
0 STEP
1 86 230.0 -72 170.0 0 0 1 0 1 0 -1 0 0 3005.DAT
0 STEP
1 86 280.0 -96 180.0 -1 0 0 0 1 0 0 0 -1 2456.DAT
0 STEP
1 86 230.0 -1224 190.0 0 0 1 0 1 0 -1 0 0 3005.DAT
0 STEP
1 86 240.0 -1248 190.0 -1 0 0 0 1 0 0 0 -1 3004.DAT
0 STEP
1 86 260.0 0 220.0 -1 0 0 0 1 0 0 0 -1 3001.DAT
0 STEP
1 86 240.0 -48 210.0 -1 0 0 0 1 0 0 0 -1 3004.DAT
0 STEP
1 86 230.0 -1248 210.0 0 0 1 0 1 0 -1 0 0 3005.DAT
0 STEP
1 86 230.0 -1272 210.0 0 0 1 0 1 0 -1 0 0 3005.DAT
0 STEP
1 86 230.0 -48 280.0 0 0 1 0 1 0 -1 0 0 3009.DAT
0 STEP
1 86 240.0 -1224 260.0 0 0 1 0 1 0 -1 0 0 3001.DAT
0 STEP
1 86 240.0 -1272 230.0 -1 0 0 0 1 0 0 0 -1 3004.DAT
0 STEP
1 86 260.0 0 250.0 -1 0 0 0 1 0 0 0 -1 3010.DAT
0 STEP
1 86 240.0 -1272 280.0 0 0 1 0 1 0 -1 0 0 3001.DAT
0 STEP
1 86 230.0 -1248 280.0 0 0 1 0 1 0 -1 0 0 3004.DAT
0 STEP
1 86 230.0 0 310.0 0 0 1 0 1 0 -1 0 0 3005.DAT
0 STEP
1 86 230.0 -24 320.0 0 0 1 0 1 0 -1 0 0 3004.DAT
0 STEP
1 86 240.0 -1248 310.0 -1 0 0 0 1 0 0 0 -1 3004.DAT
0 STEP
1 86 240.0 -1224 330.0 -1 0 0 0 1 0 0 0 -1 3004.DAT
0 STEP
1 86 240.0 -1272 330.0 -1 0 0 0 1 0 0 0 -1 3004.DAT
0 STEP
1 86 280.0 -48 350.0 -1 0 0 0 1 0 0 0 -1 3009.DAT
0 STEP
1 86 230.0 -96 360.0 0 0 1 0 1 0 -1 0 0 3004.DAT
0 STEP
1 86 240.0 -1224 360.0 0 0 1 0 1 0 -1 0 0 3003.DAT
0 STEP
1 86 240.0 -72 370.0 -1 0 0 0 1 0 0 0 -1 3004.DAT
0 STEP
1 86 230.0 -120 380.0 0 0 1 0 1 0 -1 0 0 3004.DAT
0 STEP
1 86 260.0 -144 380.0 -1 0 0 0 1 0 0 0 -1 3001.DAT
0 STEP
1 86 230.0 -1248 370.0 0 0 1 0 1 0 -1 0 0 3005.DAT
0 STEP
1 86 230.0 -96 390.0 0 0 1 0 1 0 -1 0 0 3005.DAT
0 STEP
1 86 260.0 -168 400.0 -1 0 0 0 1 0 0 0 -1 3001.DAT
0 STEP
1 86 230.0 -1200 390.0 0 0 1 0 1 0 -1 0 0 3005.DAT
0 STEP
1 86 260.0 -1248 390.0 -1 0 0 0 1 0 0 0 -1 3010.DAT
0 STEP
1 86 230.0 -1176 410.0 0 0 1 0 1 0 -1 0 0 3005.DAT
0 STEP
1 86 230.0 -1224 410.0 0 0 1 0 1 0 -1 0 0 3005.DAT
0 STEP
1 86 240.0 -240 430.0 -1 0 0 0 1 0 0 0 -1 3004.DAT
0 STEP
1 86 230.0 -1176 440.0 0 0 1 0 1 0 -1 0 0 3004.DAT
0 STEP
1 86 280.0 -192 450.0 -1 0 0 0 1 0 0 0 -1 3009.DAT
0 STEP
1 86 280.0 -240 460.0 -1 0 0 0 1 0 0 0 -1 2456.DAT
0 STEP
1 86 240.0 -1200 460.0 0 0 1 0 1 0 -1 0 0 3003.DAT
0 STEP
1 86 260.0 -336 480.0 -1 0 0 0 1 0 0 0 -1 3001.DAT
0 STEP
1 86 280.0 -408 480.0 -1 0 0 0 1 0 0 0 -1 2456.DAT
0 STEP
1 86 230.0 -456 470.0 0 0 1 0 1 0 -1 0 0 3005.DAT
0 STEP
1 86 260.0 -504 470.0 -1 0 0 0 1 0 0 0 -1 3010.DAT
0 STEP
1 86 240.0 -624 480.0 0 0 1 0 1 0 -1 0 0 3003.DAT
0 STEP
1 86 240.0 -744 480.0 0 0 1 0 1 0 -1 0 0 3003.DAT
0 STEP
1 86 240.0 -936 480.0 0 0 1 0 1 0 -1 0 0 3003.DAT
0 STEP
1 86 230.0 -1080 470.0 0 0 1 0 1 0 -1 0 0 3005.DAT
0 STEP
1 86 260.0 -1104 480.0 -1 0 0 0 1 0 0 0 -1 3001.DAT
0 STEP
1 86 280.0 -1152 480.0 -1 0 0 0 1 0 0 0 -1 2456.DAT
0 STEP
1 86 230.0 -600 500.0 0 0 1 0 1 0 -1 0 0 3004.DAT
0 STEP
1 86 280.0 -648 500.0 -1 0 0 0 1 0 0 0 -1 2456.DAT
0 STEP
1 86 240.0 -984 500.0 0 0 1 0 1 0 -1 0 0 3003.DAT
0 STEP
1 86 230.0 -1032 500.0 0 0 1 0 1 0 -1 0 0 3004.DAT
0 STEP
1 86 260.0 -1080 500.0 -1 0 0 0 1 0 0 0 -1 3001.DAT
0 STEP
1 86 230.0 -1128 500.0 0 0 1 0 1 0 -1 0 0 3004.DAT
0 STEP
1 86 240.0 -1200 490.0 -1 0 0 0 1 0 0 0 -1 3004.DAT
0 STEP
1 86 230.0 -312 510.0 0 0 1 0 1 0 -1 0 0 3005.DAT
0 STEP
1 86 260.0 -336 510.0 -1 0 0 0 1 0 0 0 -1 3010.DAT
0 STEP
1 86 280.0 -408 510.0 -1 0 0 0 1 0 0 0 -1 3009.DAT
0 STEP
1 86 230.0 -744 510.0 0 0 1 0 1 0 -1 0 0 3005.DAT
0 STEP
1 86 230.0 -888 510.0 0 0 1 0 1 0 -1 0 0 3005.DAT
0 STEP
1 86 230.0 -936 510.0 0 0 1 0 1 0 -1 0 0 3005.DAT
0 STEP
1 86 260.0 -1200 510.0 -1 0 0 0 1 0 0 0 -1 3010.DAT
0 STEP
1 86 250.0 -1200 20.0 0 0 1 0 1 0 -1 0 0 3004.DAT
0 STEP
1 86 250.0 -384 40.0 0 0 1 0 1 0 -1 0 0 3004.DAT
0 STEP
1 86 280.0 -456 40.0 -1 0 0 0 1 0 0 0 -1 3001.DAT
0 STEP
1 86 250.0 -480 40.0 0 0 1 0 1 0 -1 0 0 3004.DAT
0 STEP
1 86 260.0 -504 40.0 0 0 1 0 1 0 -1 0 0 3003.DAT
0 STEP
1 86 280.0 -528 40.0 -1 0 0 0 1 0 0 0 -1 3001.DAT
0 STEP
1 86 250.0 -600 30.0 0 0 1 0 1 0 -1 0 0 3005.DAT
0 STEP
1 86 300.0 -624 30.0 -1 0 0 0 1 0 0 0 -1 3009.DAT
0 STEP
1 86 250.0 -648 40.0 0 0 1 0 1 0 -1 0 0 3004.DAT
0 STEP
1 86 260.0 -696 40.0 0 0 1 0 1 0 -1 0 0 3003.DAT
0 STEP
1 86 250.0 -720 30.0 0 0 1 0 1 0 -1 0 0 3005.DAT
0 STEP
1 86 250.0 -792 30.0 0 0 1 0 1 0 -1 0 0 3005.DAT
0 STEP
1 86 260.0 -816 40.0 0 0 1 0 1 0 -1 0 0 3003.DAT
0 STEP
1 86 250.0 -840 30.0 0 0 1 0 1 0 -1 0 0 3005.DAT
0 STEP
1 86 250.0 -912 40.0 0 0 1 0 1 0 -1 0 0 3004.DAT
0 STEP
1 86 260.0 -960 30.0 -1 0 0 0 1 0 0 0 -1 3004.DAT
0 STEP
1 86 250.0 -984 30.0 0 0 1 0 1 0 -1 0 0 3005.DAT
0 STEP
1 86 250.0 -1104 30.0 0 0 1 0 1 0 -1 0 0 3005.DAT
0 STEP
1 86 260.0 -240 50.0 -1 0 0 0 1 0 0 0 -1 3004.DAT
0 STEP
1 86 260.0 -264 60.0 0 0 1 0 1 0 -1 0 0 3003.DAT
0 STEP
1 86 250.0 -360 60.0 0 0 1 0 1 0 -1 0 0 3004.DAT
0 STEP
1 86 280.0 -432 50.0 -1 0 0 0 1 0 0 0 -1 3010.DAT
0 STEP
1 86 250.0 -600 60.0 0 0 1 0 1 0 -1 0 0 3004.DAT
0 STEP
1 86 250.0 -744 60.0 0 0 1 0 1 0 -1 0 0 3004.DAT
0 STEP
1 86 260.0 -768 50.0 -1 0 0 0 1 0 0 0 -1 3004.DAT
0 STEP
1 86 250.0 -792 60.0 0 0 1 0 1 0 -1 0 0 3004.DAT
0 STEP
1 86 250.0 -840 60.0 0 0 1 0 1 0 -1 0 0 3004.DAT
0 STEP
1 86 260.0 -864 50.0 -1 0 0 0 1 0 0 0 -1 3004.DAT
0 STEP
1 86 250.0 -888 60.0 0 0 1 0 1 0 -1 0 0 3004.DAT
0 STEP
1 86 260.0 -936 50.0 -1 0 0 0 1 0 0 0 -1 3004.DAT
0 STEP
1 86 260.0 -984 50.0 -1 0 0 0 1 0 0 0 -1 3004.DAT
0 STEP
1 86 250.0 -1056 60.0 0 0 1 0 1 0 -1 0 0 3004.DAT
0 STEP
1 86 260.0 -1104 50.0 -1 0 0 0 1 0 0 0 -1 3004.DAT
0 STEP
1 86 250.0 -216 70.0 0 0 1 0 1 0 -1 0 0 3005.DAT
0 STEP
1 86 250.0 -240 80.0 0 0 1 0 1 0 -1 0 0 3004.DAT
0 STEP
1 86 250.0 -432 70.0 0 0 1 0 1 0 -1 0 0 3005.DAT
0 STEP
1 86 250.0 -456 70.0 0 0 1 0 1 0 -1 0 0 3005.DAT
0 STEP
1 86 250.0 -528 70.0 0 0 1 0 1 0 -1 0 0 3005.DAT
0 STEP
1 86 250.0 -648 70.0 0 0 1 0 1 0 -1 0 0 3005.DAT
0 STEP
1 86 250.0 -936 70.0 0 0 1 0 1 0 -1 0 0 3005.DAT
0 STEP
1 86 250.0 -984 70.0 0 0 1 0 1 0 -1 0 0 3005.DAT
0 STEP
1 86 260.0 -1224 100.0 0 0 1 0 1 0 -1 0 0 3003.DAT
0 STEP
1 86 250.0 -144 110.0 0 0 1 0 1 0 -1 0 0 3005.DAT
0 STEP
1 86 250.0 -192 110.0 0 0 1 0 1 0 -1 0 0 3005.DAT
0 STEP
1 86 300.0 -216 110.0 -1 0 0 0 1 0 0 0 -1 3009.DAT
0 STEP
1 86 280.0 -120 130.0 -1 0 0 0 1 0 0 0 -1 3010.DAT
0 STEP
1 86 300.0 -144 140.0 -1 0 0 0 1 0 0 0 -1 2456.DAT
0 STEP
1 86 280.0 -192 130.0 -1 0 0 0 1 0 0 0 -1 3010.DAT
0 STEP
1 86 250.0 -1224 130.0 0 0 1 0 1 0 -1 0 0 3005.DAT
0 STEP
1 86 260.0 -1248 140.0 0 0 1 0 1 0 -1 0 0 3003.DAT
0 STEP
1 86 250.0 -1200 150.0 0 0 1 0 1 0 -1 0 0 3005.DAT
0 STEP
1 86 260.0 -48 170.0 -1 0 0 0 1 0 0 0 -1 3004.DAT
0 STEP
1 86 260.0 -72 180.0 0 0 1 0 1 0 -1 0 0 3003.DAT
0 STEP
1 86 280.0 -1200 170.0 -1 0 0 0 1 0 0 0 -1 3010.DAT
0 STEP
1 86 260.0 -24 190.0 -1 0 0 0 1 0 0 0 -1 3004.DAT
0 STEP
1 86 260.0 -1224 190.0 -1 0 0 0 1 0 0 0 -1 3004.DAT
0 STEP
1 86 250.0 -1272 200.0 0 0 1 0 1 0 -1 0 0 3004.DAT
0 STEP
1 86 260.0 -24 220.0 0 0 1 0 1 0 -1 0 0 3003.DAT
0 STEP
1 86 280.0 -72 210.0 -1 0 0 0 1 0 0 0 -1 3010.DAT
0 STEP
1 86 260.0 -1248 220.0 0 0 1 0 1 0 -1 0 0 3003.DAT
0 STEP
1 86 250.0 -48 230.0 0 0 1 0 1 0 -1 0 0 3005.DAT
0 STEP
1 86 260.0 -24 250.0 -1 0 0 0 1 0 0 0 -1 3004.DAT
0 STEP
1 86 250.0 -48 260.0 0 0 1 0 1 0 -1 0 0 3004.DAT
0 STEP
1 86 300.0 -1248 250.0 -1 0 0 0 1 0 0 0 -1 3009.DAT
0 STEP
1 86 260.0 -24 300.0 0 0 1 0 1 0 -1 0 0 3001.DAT
0 STEP
1 86 300.0 -1248 280.0 -1 0 0 0 1 0 0 0 -1 2456.DAT
0 STEP
1 86 260.0 0 300.0 0 0 1 0 1 0 -1 0 0 3003.DAT
0 STEP
1 86 260.0 -48 290.0 -1 0 0 0 1 0 0 0 -1 3004.DAT
0 STEP
1 86 300.0 -48 320.0 -1 0 0 0 1 0 0 0 -1 2456.DAT
0 STEP
1 86 250.0 -1224 310.0 0 0 1 0 1 0 -1 0 0 3005.DAT
0 STEP
1 86 260.0 0 330.0 -1 0 0 0 1 0 0 0 -1 3004.DAT
0 STEP
1 86 250.0 -72 340.0 0 0 1 0 1 0 -1 0 0 3004.DAT
0 STEP
1 86 280.0 -96 360.0 -1 0 0 0 1 0 0 0 -1 3001.DAT
0 STEP
1 86 260.0 -1200 350.0 -1 0 0 0 1 0 0 0 -1 3004.DAT
0 STEP
1 86 300.0 -120 380.0 -1 0 0 0 1 0 0 0 -1 2456.DAT
0 STEP
1 86 260.0 -1200 380.0 0 0 1 0 1 0 -1 0 0 3003.DAT
0 STEP
1 86 260.0 -1248 370.0 -1 0 0 0 1 0 0 0 -1 3004.DAT
0 STEP
1 86 280.0 -96 390.0 -1 0 0 0 1 0 0 0 -1 3010.DAT
0 STEP
1 86 250.0 -1224 400.0 0 0 1 0 1 0 -1 0 0 3004.DAT
0 STEP
1 86 250.0 -144 410.0 0 0 1 0 1 0 -1 0 0 3005.DAT
0 STEP
1 86 280.0 -1248 410.0 -1 0 0 0 1 0 0 0 -1 3010.DAT
0 STEP
1 86 250.0 -1176 430.0 0 0 1 0 1 0 -1 0 0 3005.DAT
0 STEP
1 86 250.0 -1224 430.0 0 0 1 0 1 0 -1 0 0 3005.DAT
0 STEP
1 86 280.0 -1176 450.0 -1 0 0 0 1 0 0 0 -1 3010.DAT
0 STEP
1 86 260.0 -1224 460.0 0 0 1 0 1 0 -1 0 0 3003.DAT
0 STEP
1 86 250.0 -216 470.0 0 0 1 0 1 0 -1 0 0 3005.DAT
0 STEP
1 86 300.0 -312 470.0 -1 0 0 0 1 0 0 0 -1 3009.DAT
0 STEP
1 86 250.0 -384 470.0 0 0 1 0 1 0 -1 0 0 3005.DAT
0 STEP
1 86 260.0 -456 480.0 0 0 1 0 1 0 -1 0 0 3003.DAT
0 STEP
1 86 260.0 -576 480.0 0 0 1 0 1 0 -1 0 0 3003.DAT
0 STEP
1 86 260.0 -720 470.0 -1 0 0 0 1 0 0 0 -1 3004.DAT
0 STEP
1 86 260.0 -768 480.0 0 0 1 0 1 0 -1 0 0 3003.DAT
0 STEP
1 86 250.0 -792 480.0 0 0 1 0 1 0 -1 0 0 3004.DAT
0 STEP
1 86 250.0 -984 470.0 0 0 1 0 1 0 -1 0 0 3005.DAT
0 STEP
1 86 300.0 -1008 470.0 -1 0 0 0 1 0 0 0 -1 3009.DAT
0 STEP
1 86 250.0 -1032 480.0 0 0 1 0 1 0 -1 0 0 3004.DAT
0 STEP
1 86 260.0 -1080 470.0 -1 0 0 0 1 0 0 0 -1 3004.DAT
0 STEP
1 86 250.0 -312 500.0 0 0 1 0 1 0 -1 0 0 3004.DAT
0 STEP
1 86 250.0 -384 500.0 0 0 1 0 1 0 -1 0 0 3004.DAT
0 STEP
1 86 260.0 -600 500.0 0 0 1 0 1 0 -1 0 0 3003.DAT
0 STEP
1 86 250.0 -720 490.0 0 0 1 0 1 0 -1 0 0 3005.DAT
0 STEP
1 86 250.0 -960 490.0 0 0 1 0 1 0 -1 0 0 3005.DAT
0 STEP
1 86 250.0 -1008 490.0 0 0 1 0 1 0 -1 0 0 3005.DAT
0 STEP
1 86 280.0 -1128 500.0 -1 0 0 0 1 0 0 0 -1 3001.DAT
0 STEP
1 86 260.0 -456 510.0 -1 0 0 0 1 0 0 0 -1 3004.DAT
0 STEP
1 86 260.0 -576 510.0 -1 0 0 0 1 0 0 0 -1 3004.DAT
0 STEP
1 86 260.0 -744 510.0 -1 0 0 0 1 0 0 0 -1 3004.DAT
0 STEP
1 86 250.0 -768 510.0 0 0 1 0 1 0 -1 0 0 3005.DAT
0 STEP
1 86 280.0 -888 510.0 -1 0 0 0 1 0 0 0 -1 3010.DAT
0 STEP
1 86 260.0 -936 510.0 -1 0 0 0 1 0 0 0 -1 3004.DAT
0 STEP
1 86 250.0 -1032 510.0 0 0 1 0 1 0 -1 0 0 3005.DAT
0 STEP
1 86 250.0 -1152 510.0 0 0 1 0 1 0 -1 0 0 3005.DAT
0 STEP
1 86 280.0 -288 10.0 -1 0 0 0 1 0 0 0 -1 3004.DAT
0 STEP
1 86 270.0 -312 20.0 0 0 1 0 1 0 -1 0 0 3004.DAT
0 STEP
1 86 280.0 -336 10.0 -1 0 0 0 1 0 0 0 -1 3004.DAT
0 STEP
1 86 280.0 -360 10.0 -1 0 0 0 1 0 0 0 -1 3004.DAT
0 STEP
1 86 280.0 -384 10.0 -1 0 0 0 1 0 0 0 -1 3004.DAT
0 STEP
1 86 280.0 -408 10.0 -1 0 0 0 1 0 0 0 -1 3004.DAT
0 STEP
1 86 280.0 -432 20.0 0 0 1 0 1 0 -1 0 0 3003.DAT
0 STEP
1 86 280.0 -456 10.0 -1 0 0 0 1 0 0 0 -1 3004.DAT
0 STEP
1 86 280.0 -480 20.0 0 0 1 0 1 0 -1 0 0 3003.DAT
0 STEP
1 86 270.0 -504 10.0 0 0 1 0 1 0 -1 0 0 3005.DAT
0 STEP
1 86 280.0 -528 10.0 -1 0 0 0 1 0 0 0 -1 3004.DAT
0 STEP
1 86 280.0 -552 20.0 0 0 1 0 1 0 -1 0 0 3003.DAT
0 STEP
1 86 280.0 -576 10.0 -1 0 0 0 1 0 0 0 -1 3004.DAT
0 STEP
1 86 280.0 -600 20.0 0 0 1 0 1 0 -1 0 0 3003.DAT
0 STEP
1 86 280.0 -624 10.0 -1 0 0 0 1 0 0 0 -1 3004.DAT
0 STEP
1 86 280.0 -648 10.0 -1 0 0 0 1 0 0 0 -1 3004.DAT
0 STEP
1 86 280.0 -672 20.0 0 0 1 0 1 0 -1 0 0 3003.DAT
0 STEP
1 86 280.0 -696 10.0 -1 0 0 0 1 0 0 0 -1 3004.DAT
0 STEP
1 86 280.0 -720 20.0 0 0 1 0 1 0 -1 0 0 3003.DAT
0 STEP
1 86 280.0 -744 10.0 -1 0 0 0 1 0 0 0 -1 3004.DAT
0 STEP
1 86 270.0 -768 10.0 0 0 1 0 1 0 -1 0 0 3005.DAT
0 STEP
1 86 270.0 -792 20.0 0 0 1 0 1 0 -1 0 0 3004.DAT
0 STEP
1 86 280.0 -816 10.0 -1 0 0 0 1 0 0 0 -1 3004.DAT
0 STEP
1 86 280.0 -840 10.0 -1 0 0 0 1 0 0 0 -1 3004.DAT
0 STEP
1 86 280.0 -864 20.0 0 0 1 0 1 0 -1 0 0 3003.DAT
0 STEP
1 86 280.0 -888 10.0 -1 0 0 0 1 0 0 0 -1 3004.DAT
0 STEP
1 86 280.0 -912 20.0 0 0 1 0 1 0 -1 0 0 3003.DAT
0 STEP
1 86 280.0 -936 10.0 -1 0 0 0 1 0 0 0 -1 3004.DAT
0 STEP
1 86 280.0 -960 10.0 -1 0 0 0 1 0 0 0 -1 3004.DAT
0 STEP
1 86 280.0 -984 10.0 -1 0 0 0 1 0 0 0 -1 3004.DAT
0 STEP
1 86 270.0 -1008 10.0 0 0 1 0 1 0 -1 0 0 3005.DAT
0 STEP
1 86 270.0 -1032 20.0 0 0 1 0 1 0 -1 0 0 3004.DAT
0 STEP
1 86 280.0 -1056 10.0 -1 0 0 0 1 0 0 0 -1 3004.DAT
0 STEP
1 86 270.0 -1080 10.0 0 0 1 0 1 0 -1 0 0 3005.DAT
0 STEP
1 86 280.0 -1104 20.0 0 0 1 0 1 0 -1 0 0 3003.DAT
0 STEP
1 86 280.0 -1128 10.0 -1 0 0 0 1 0 0 0 -1 3004.DAT
0 STEP
1 86 280.0 -1152 20.0 0 0 1 0 1 0 -1 0 0 3003.DAT
0 STEP
1 86 280.0 -1176 10.0 -1 0 0 0 1 0 0 0 -1 3004.DAT
0 STEP
1 86 270.0 -1200 40.0 0 0 1 0 1 0 -1 0 0 3010.DAT
0 STEP
1 86 280.0 -264 30.0 -1 0 0 0 1 0 0 0 -1 3004.DAT
0 STEP
1 86 270.0 -288 40.0 0 0 1 0 1 0 -1 0 0 3004.DAT
0 STEP
1 86 270.0 -360 40.0 0 0 1 0 1 0 -1 0 0 3004.DAT
0 STEP
1 86 280.0 -384 40.0 0 0 1 0 1 0 -1 0 0 3003.DAT
0 STEP
1 86 280.0 -648 40.0 0 0 1 0 1 0 -1 0 0 3003.DAT
0 STEP
1 86 320.0 -744 40.0 -1 0 0 0 1 0 0 0 -1 2456.DAT
0 STEP
1 86 300.0 -840 40.0 -1 0 0 0 1 0 0 0 -1 3001.DAT
0 STEP
1 86 270.0 -936 30.0 0 0 1 0 1 0 -1 0 0 3005.DAT
0 STEP
1 86 320.0 -984 30.0 -1 0 0 0 1 0 0 0 -1 3009.DAT
0 STEP
1 86 270.0 -1008 40.0 0 0 1 0 1 0 -1 0 0 3004.DAT
0 STEP
1 86 270.0 -1080 40.0 0 0 1 0 1 0 -1 0 0 3004.DAT
0 STEP
1 86 320.0 -1128 40.0 -1 0 0 0 1 0 0 0 -1 2456.DAT
0 STEP
1 86 300.0 -312 50.0 -1 0 0 0 1 0 0 0 -1 3010.DAT
0 STEP
1 86 270.0 -408 50.0 0 0 1 0 1 0 -1 0 0 3005.DAT
0 STEP
1 86 280.0 -480 50.0 -1 0 0 0 1 0 0 0 -1 3004.DAT
0 STEP
1 86 280.0 -552 50.0 -1 0 0 0 1 0 0 0 -1 3004.DAT
0 STEP
1 86 280.0 -600 50.0 -1 0 0 0 1 0 0 0 -1 3004.DAT
0 STEP
1 86 280.0 -624 50.0 -1 0 0 0 1 0 0 0 -1 3004.DAT
0 STEP
1 86 270.0 -672 50.0 0 0 1 0 1 0 -1 0 0 3005.DAT
0 STEP
1 86 280.0 -792 50.0 -1 0 0 0 1 0 0 0 -1 3004.DAT
0 STEP
1 86 270.0 -888 50.0 0 0 1 0 1 0 -1 0 0 3005.DAT
0 STEP
1 86 280.0 -912 50.0 -1 0 0 0 1 0 0 0 -1 3004.DAT
0 STEP
1 86 270.0 -960 50.0 0 0 1 0 1 0 -1 0 0 3005.DAT
0 STEP
1 86 270.0 -1032 50.0 0 0 1 0 1 0 -1 0 0 3005.DAT
0 STEP
1 86 280.0 -1056 50.0 -1 0 0 0 1 0 0 0 -1 3004.DAT
0 STEP
1 86 280.0 -1152 50.0 -1 0 0 0 1 0 0 0 -1 3004.DAT
0 STEP
1 86 270.0 -1176 80.0 0 0 1 0 1 0 -1 0 0 3010.DAT
0 STEP
1 86 270.0 -1224 50.0 0 0 1 0 1 0 -1 0 0 3005.DAT
0 STEP
1 86 300.0 -216 70.0 -1 0 0 0 1 0 0 0 -1 3010.DAT
0 STEP
1 86 300.0 -240 80.0 -1 0 0 0 1 0 0 0 -1 3001.DAT
0 STEP
1 86 280.0 -168 90.0 -1 0 0 0 1 0 0 0 -1 3004.DAT
0 STEP
1 86 270.0 -192 100.0 0 0 1 0 1 0 -1 0 0 3004.DAT
0 STEP
1 86 280.0 -144 110.0 -1 0 0 0 1 0 0 0 -1 3004.DAT
0 STEP
1 86 270.0 -168 130.0 0 0 1 0 1 0 -1 0 0 3005.DAT
0 STEP
1 86 270.0 -1200 140.0 0 0 1 0 1 0 -1 0 0 3004.DAT
0 STEP
1 86 300.0 -1224 140.0 -1 0 0 0 1 0 0 0 -1 3001.DAT
0 STEP
1 86 300.0 -1224 170.0 -1 0 0 0 1 0 0 0 -1 3010.DAT
0 STEP
1 86 270.0 -1248 190.0 0 0 1 0 1 0 -1 0 0 3005.DAT
0 STEP
1 86 280.0 -1272 190.0 -1 0 0 0 1 0 0 0 -1 3004.DAT
0 STEP
1 86 270.0 -48 210.0 0 0 1 0 1 0 -1 0 0 3005.DAT
0 STEP
1 86 270.0 -1224 210.0 0 0 1 0 1 0 -1 0 0 3005.DAT
0 STEP
1 86 270.0 -1272 210.0 0 0 1 0 1 0 -1 0 0 3005.DAT
0 STEP
1 86 280.0 -48 230.0 -1 0 0 0 1 0 0 0 -1 3004.DAT
0 STEP
1 86 280.0 -1224 280.0 0 0 1 0 1 0 -1 0 0 2456.DAT
0 STEP
1 86 270.0 -1272 240.0 0 0 1 0 1 0 -1 0 0 3004.DAT
0 STEP
1 86 280.0 -48 260.0 0 0 1 0 1 0 -1 0 0 3003.DAT
0 STEP
1 86 270.0 -1272 270.0 0 0 1 0 1 0 -1 0 0 3005.DAT
0 STEP
1 86 280.0 -1272 290.0 -1 0 0 0 1 0 0 0 -1 3004.DAT
0 STEP
1 86 270.0 -1248 310.0 0 0 1 0 1 0 -1 0 0 3005.DAT
0 STEP
1 86 280.0 -1272 320.0 0 0 1 0 1 0 -1 0 0 3003.DAT
0 STEP
1 86 280.0 -72 340.0 0 0 1 0 1 0 -1 0 0 3003.DAT
0 STEP
1 86 270.0 -1224 380.0 0 0 1 0 1 0 -1 0 0 3010.DAT
0 STEP
1 86 270.0 -72 370.0 0 0 1 0 1 0 -1 0 0 3005.DAT
0 STEP
1 86 300.0 -144 410.0 -1 0 0 0 1 0 0 0 -1 3010.DAT
0 STEP
1 86 270.0 -1200 410.0 0 0 1 0 1 0 -1 0 0 3005.DAT
0 STEP
1 86 320.0 -1176 430.0 -1 0 0 0 1 0 0 0 -1 3009.DAT
0 STEP
1 86 270.0 -1200 460.0 0 0 1 0 1 0 -1 0 0 3010.DAT
0 STEP
1 86 340.0 -1224 430.0 -1 0 0 0 1 0 0 0 -1 3008.DAT
0 STEP
1 86 300.0 -216 470.0 -1 0 0 0 1 0 0 0 -1 3010.DAT
0 STEP
1 86 270.0 -360 470.0 0 0 1 0 1 0 -1 0 0 3005.DAT
0 STEP
1 86 320.0 -384 470.0 -1 0 0 0 1 0 0 0 -1 3009.DAT
0 STEP
1 86 270.0 -480 470.0 0 0 1 0 1 0 -1 0 0 3005.DAT
0 STEP
1 86 270.0 -552 470.0 0 0 1 0 1 0 -1 0 0 3005.DAT
0 STEP
1 86 280.0 -624 470.0 -1 0 0 0 1 0 0 0 -1 3004.DAT
0 STEP
1 86 320.0 -696 480.0 -1 0 0 0 1 0 0 0 -1 2456.DAT
0 STEP
1 86 270.0 -744 480.0 0 0 1 0 1 0 -1 0 0 3004.DAT
0 STEP
1 86 280.0 -792 470.0 -1 0 0 0 1 0 0 0 -1 3004.DAT
0 STEP
1 86 270.0 -816 470.0 0 0 1 0 1 0 -1 0 0 3005.DAT
0 STEP
1 86 300.0 -840 470.0 -1 0 0 0 1 0 0 0 -1 3010.DAT
0 STEP
1 86 280.0 -888 480.0 0 0 1 0 1 0 -1 0 0 3003.DAT
0 STEP
1 86 270.0 -936 480.0 0 0 1 0 1 0 -1 0 0 3004.DAT
0 STEP
1 86 280.0 -984 480.0 0 0 1 0 1 0 -1 0 0 3003.DAT
0 STEP
1 86 280.0 -1032 470.0 -1 0 0 0 1 0 0 0 -1 3004.DAT
0 STEP
1 86 270.0 -240 490.0 0 0 1 0 1 0 -1 0 0 3005.DAT
0 STEP
1 86 300.0 -312 500.0 -1 0 0 0 1 0 0 0 -1 3001.DAT
0 STEP
1 86 270.0 -360 500.0 0 0 1 0 1 0 -1 0 0 3004.DAT
0 STEP
1 86 300.0 -384 500.0 -1 0 0 0 1 0 0 0 -1 3001.DAT
0 STEP
1 86 270.0 -480 500.0 0 0 1 0 1 0 -1 0 0 3004.DAT
0 STEP
1 86 270.0 -552 500.0 0 0 1 0 1 0 -1 0 0 3004.DAT
0 STEP
1 86 280.0 -624 500.0 0 0 1 0 1 0 -1 0 0 3003.DAT
0 STEP
1 86 280.0 -720 500.0 0 0 1 0 1 0 -1 0 0 3003.DAT
0 STEP
1 86 270.0 -792 500.0 0 0 1 0 1 0 -1 0 0 3004.DAT
0 STEP
1 86 270.0 -840 500.0 0 0 1 0 1 0 -1 0 0 3004.DAT
0 STEP
1 86 270.0 -960 500.0 0 0 1 0 1 0 -1 0 0 3004.DAT
0 STEP
1 86 270.0 -1008 500.0 0 0 1 0 1 0 -1 0 0 3004.DAT
0 STEP
1 86 280.0 -1032 500.0 0 0 1 0 1 0 -1 0 0 3003.DAT
0 STEP
1 86 270.0 -504 510.0 0 0 1 0 1 0 -1 0 0 3005.DAT
0 STEP
1 86 280.0 -696 510.0 -1 0 0 0 1 0 0 0 -1 3004.DAT
0 STEP
1 86 280.0 -768 510.0 -1 0 0 0 1 0 0 0 -1 3004.DAT
0 STEP
1 86 280.0 -984 510.0 -1 0 0 0 1 0 0 0 -1 3004.DAT
0 STEP
1 86 300.0 -1152 510.0 -1 0 0 0 1 0 0 0 -1 3010.DAT
0 STEP
1 86 290.0 -312 10.0 0 0 1 0 1 0 -1 0 0 3005.DAT
0 STEP
1 86 290.0 -504 20.0 0 0 1 0 1 0 -1 0 0 3004.DAT
0 STEP
1 86 290.0 -768 20.0 0 0 1 0 1 0 -1 0 0 3004.DAT
0 STEP
1 86 290.0 -792 10.0 0 0 1 0 1 0 -1 0 0 3005.DAT
0 STEP
1 86 290.0 -1008 20.0 0 0 1 0 1 0 -1 0 0 3004.DAT
0 STEP
1 86 290.0 -1032 10.0 0 0 1 0 1 0 -1 0 0 3005.DAT
0 STEP
1 86 290.0 -1080 20.0 0 0 1 0 1 0 -1 0 0 3004.DAT
0 STEP
1 86 290.0 -1200 10.0 0 0 1 0 1 0 -1 0 0 3005.DAT
0 STEP
1 86 320.0 -288 40.0 -1 0 0 0 1 0 0 0 -1 3001.DAT
0 STEP
1 86 320.0 -312 30.0 -1 0 0 0 1 0 0 0 -1 3010.DAT
0 STEP
1 86 300.0 -360 40.0 0 0 1 0 1 0 -1 0 0 3003.DAT
0 STEP
1 86 320.0 -408 40.0 -1 0 0 0 1 0 0 0 -1 3001.DAT
0 STEP
1 86 290.0 -576 40.0 0 0 1 0 1 0 -1 0 0 3004.DAT
0 STEP
1 86 290.0 -696 40.0 0 0 1 0 1 0 -1 0 0 3004.DAT
0 STEP
1 86 300.0 -792 30.0 -1 0 0 0 1 0 0 0 -1 3004.DAT
0 STEP
1 86 290.0 -816 40.0 0 0 1 0 1 0 -1 0 0 3004.DAT
0 STEP
1 86 300.0 -888 40.0 0 0 1 0 1 0 -1 0 0 3003.DAT
0 STEP
1 86 300.0 -936 30.0 -1 0 0 0 1 0 0 0 -1 3004.DAT
0 STEP
1 86 320.0 -960 40.0 -1 0 0 0 1 0 0 0 -1 3001.DAT
0 STEP
1 86 320.0 -1032 40.0 -1 0 0 0 1 0 0 0 -1 3001.DAT
0 STEP
1 86 300.0 -1200 40.0 0 0 1 0 1 0 -1 0 0 3003.DAT
0 STEP
1 86 290.0 -240 50.0 0 0 1 0 1 0 -1 0 0 3005.DAT
0 STEP
1 86 290.0 -264 60.0 0 0 1 0 1 0 -1 0 0 3004.DAT
0 STEP
1 86 300.0 -504 50.0 -1 0 0 0 1 0 0 0 -1 3004.DAT
0 STEP
1 86 340.0 -672 50.0 -1 0 0 0 1 0 0 0 -1 3009.DAT
0 STEP
1 86 290.0 -768 50.0 0 0 1 0 1 0 -1 0 0 3005.DAT
0 STEP
1 86 290.0 -864 50.0 0 0 1 0 1 0 -1 0 0 3005.DAT
0 STEP
1 86 290.0 -936 50.0 0 0 1 0 1 0 -1 0 0 3005.DAT
0 STEP
1 86 290.0 -984 50.0 0 0 1 0 1 0 -1 0 0 3005.DAT
0 STEP
1 86 300.0 -1008 50.0 -1 0 0 0 1 0 0 0 -1 3004.DAT
0 STEP
1 86 300.0 -1080 50.0 -1 0 0 0 1 0 0 0 -1 3004.DAT
0 STEP
1 86 290.0 -1104 50.0 0 0 1 0 1 0 -1 0 0 3005.DAT
0 STEP
1 86 300.0 -1176 50.0 -1 0 0 0 1 0 0 0 -1 3004.DAT
0 STEP
1 86 290.0 -1176 80.0 0 0 1 0 1 0 -1 0 0 3004.DAT
0 STEP
1 86 300.0 -1200 70.0 -1 0 0 0 1 0 0 0 -1 3004.DAT
0 STEP
1 86 320.0 -1224 80.0 -1 0 0 0 1 0 0 0 -1 3001.DAT
0 STEP
1 86 290.0 -192 90.0 0 0 1 0 1 0 -1 0 0 3005.DAT
0 STEP
1 86 290.0 -168 120.0 0 0 1 0 1 0 -1 0 0 3004.DAT
0 STEP
1 86 320.0 -192 110.0 -1 0 0 0 1 0 0 0 -1 3010.DAT
0 STEP
1 86 290.0 -1176 110.0 0 0 1 0 1 0 -1 0 0 3005.DAT
0 STEP
1 86 290.0 -1200 120.0 0 0 1 0 1 0 -1 0 0 3004.DAT
0 STEP
1 86 290.0 -1224 110.0 0 0 1 0 1 0 -1 0 0 3005.DAT
0 STEP
1 86 290.0 -1248 180.0 0 0 1 0 1 0 -1 0 0 3009.DAT
0 STEP
1 86 300.0 -1200 150.0 -1 0 0 0 1 0 0 0 -1 3004.DAT
0 STEP
1 86 290.0 -48 170.0 0 0 1 0 1 0 -1 0 0 3005.DAT
0 STEP
1 86 290.0 -72 180.0 0 0 1 0 1 0 -1 0 0 3004.DAT
0 STEP
1 86 290.0 -24 190.0 0 0 1 0 1 0 -1 0 0 3005.DAT
0 STEP
1 86 290.0 -48 200.0 0 0 1 0 1 0 -1 0 0 3004.DAT
0 STEP
1 86 290.0 -1224 190.0 0 0 1 0 1 0 -1 0 0 3005.DAT
0 STEP
1 86 300.0 -24 210.0 -1 0 0 0 1 0 0 0 -1 3004.DAT
0 STEP
1 86 300.0 -1224 210.0 -1 0 0 0 1 0 0 0 -1 3004.DAT
0 STEP
1 86 300.0 -1272 240.0 0 0 1 0 1 0 -1 0 0 3001.DAT
0 STEP
1 86 290.0 -24 230.0 0 0 1 0 1 0 -1 0 0 3005.DAT
0 STEP
1 86 290.0 -24 280.0 0 0 1 0 1 0 -1 0 0 3010.DAT
0 STEP
1 86 290.0 0 300.0 0 0 1 0 1 0 -1 0 0 3010.DAT
0 STEP
1 86 290.0 -48 290.0 0 0 1 0 1 0 -1 0 0 3005.DAT
0 STEP
1 86 320.0 -1248 320.0 -1 0 0 0 1 0 0 0 -1 3001.DAT
0 STEP
1 86 300.0 -24 330.0 -1 0 0 0 1 0 0 0 -1 3004.DAT
0 STEP
1 86 340.0 -1200 360.0 -1 0 0 0 1 0 0 0 -1 2456.DAT
0 STEP
1 86 300.0 -1224 350.0 -1 0 0 0 1 0 0 0 -1 3004.DAT
0 STEP
1 86 290.0 -1248 360.0 0 0 1 0 1 0 -1 0 0 3004.DAT
0 STEP
1 86 300.0 -72 370.0 -1 0 0 0 1 0 0 0 -1 3004.DAT
0 STEP
1 86 290.0 -1224 380.0 0 0 1 0 1 0 -1 0 0 3004.DAT
0 STEP
1 86 300.0 -1200 440.0 0 0 1 0 1 0 -1 0 0 2456.DAT
0 STEP
1 86 290.0 -192 420.0 0 0 1 0 1 0 -1 0 0 3004.DAT
0 STEP
1 86 290.0 -1224 410.0 0 0 1 0 1 0 -1 0 0 3005.DAT
0 STEP
1 86 290.0 -240 430.0 0 0 1 0 1 0 -1 0 0 3005.DAT
0 STEP
1 86 290.0 -1224 460.0 0 0 1 0 1 0 -1 0 0 3004.DAT
0 STEP
1 86 300.0 -360 480.0 0 0 1 0 1 0 -1 0 0 3003.DAT
0 STEP
1 86 290.0 -456 480.0 0 0 1 0 1 0 -1 0 0 3004.DAT
0 STEP
1 86 320.0 -480 470.0 -1 0 0 0 1 0 0 0 -1 3010.DAT
0 STEP
1 86 320.0 -528 470.0 -1 0 0 0 1 0 0 0 -1 3010.DAT
0 STEP
1 86 300.0 -552 480.0 0 0 1 0 1 0 -1 0 0 3003.DAT
0 STEP
1 86 300.0 -576 470.0 -1 0 0 0 1 0 0 0 -1 3004.DAT
0 STEP
1 86 290.0 -600 480.0 0 0 1 0 1 0 -1 0 0 3004.DAT
0 STEP
1 86 300.0 -672 480.0 0 0 1 0 1 0 -1 0 0 3003.DAT
0 STEP
1 86 290.0 -720 470.0 0 0 1 0 1 0 -1 0 0 3005.DAT
0 STEP
1 86 300.0 -744 470.0 -1 0 0 0 1 0 0 0 -1 3004.DAT
0 STEP
1 86 290.0 -768 480.0 0 0 1 0 1 0 -1 0 0 3004.DAT
0 STEP
1 86 320.0 -816 480.0 -1 0 0 0 1 0 0 0 -1 3001.DAT
0 STEP
1 86 290.0 -864 470.0 0 0 1 0 1 0 -1 0 0 3005.DAT
0 STEP
1 86 300.0 -912 480.0 0 0 1 0 1 0 -1 0 0 3003.DAT
0 STEP
1 86 290.0 -936 470.0 0 0 1 0 1 0 -1 0 0 3005.DAT
0 STEP
1 86 340.0 -960 480.0 -1 0 0 0 1 0 0 0 -1 2456.DAT
0 STEP
1 86 290.0 -1080 470.0 0 0 1 0 1 0 -1 0 0 3005.DAT
0 STEP
1 86 290.0 -480 490.0 0 0 1 0 1 0 -1 0 0 3005.DAT
0 STEP
1 86 290.0 -504 500.0 0 0 1 0 1 0 -1 0 0 3004.DAT
0 STEP
1 86 320.0 -528 500.0 -1 0 0 0 1 0 0 0 -1 3001.DAT
0 STEP
1 86 300.0 -576 500.0 0 0 1 0 1 0 -1 0 0 3003.DAT
0 STEP
1 86 290.0 -744 500.0 0 0 1 0 1 0 -1 0 0 3004.DAT
0 STEP
1 86 320.0 -792 500.0 -1 0 0 0 1 0 0 0 -1 3001.DAT
0 STEP
1 86 300.0 -840 500.0 0 0 1 0 1 0 -1 0 0 3003.DAT
0 STEP
1 86 320.0 -936 500.0 -1 0 0 0 1 0 0 0 -1 3001.DAT
0 STEP
1 86 320.0 -1008 500.0 -1 0 0 0 1 0 0 0 -1 3001.DAT
0 STEP
1 86 290.0 -1176 500.0 0 0 1 0 1 0 -1 0 0 3004.DAT
0 STEP
1 86 320.0 -360 510.0 -1 0 0 0 1 0 0 0 -1 3010.DAT
0 STEP
1 86 290.0 -456 510.0 0 0 1 0 1 0 -1 0 0 3005.DAT
0 STEP
1 86 320.0 -480 510.0 -1 0 0 0 1 0 0 0 -1 3010.DAT
0 STEP
1 86 300.0 -552 510.0 -1 0 0 0 1 0 0 0 -1 3004.DAT
0 STEP
1 86 290.0 -600 510.0 0 0 1 0 1 0 -1 0 0 3005.DAT
0 STEP
1 86 320.0 -816 510.0 -1 0 0 0 1 0 0 0 -1 3010.DAT
0 STEP
1 86 300.0 -912 510.0 -1 0 0 0 1 0 0 0 -1 3004.DAT
0 STEP
1 86 290.0 -960 510.0 0 0 1 0 1 0 -1 0 0 3005.DAT
0 STEP
1 86 310.0 -384 40.0 0 0 1 0 1 0 -1 0 0 3004.DAT
0 STEP
1 86 310.0 -432 30.0 0 0 1 0 1 0 -1 0 0 3005.DAT
0 STEP
1 86 310.0 -480 30.0 0 0 1 0 1 0 -1 0 0 3005.DAT
0 STEP
1 86 340.0 -504 30.0 -1 0 0 0 1 0 0 0 -1 3010.DAT
0 STEP
1 86 310.0 -552 30.0 0 0 1 0 1 0 -1 0 0 3005.DAT
0 STEP
1 86 340.0 -576 30.0 -1 0 0 0 1 0 0 0 -1 3010.DAT
0 STEP
1 86 340.0 -600 40.0 -1 0 0 0 1 0 0 0 -1 3001.DAT
0 STEP
1 86 320.0 -648 30.0 -1 0 0 0 1 0 0 0 -1 3004.DAT
0 STEP
1 86 310.0 -672 30.0 0 0 1 0 1 0 -1 0 0 3005.DAT
0 STEP
1 86 320.0 -696 40.0 0 0 1 0 1 0 -1 0 0 3003.DAT
0 STEP
1 86 310.0 -720 30.0 0 0 1 0 1 0 -1 0 0 3005.DAT
0 STEP
1 86 340.0 -768 30.0 -1 0 0 0 1 0 0 0 -1 3010.DAT
0 STEP
1 86 340.0 -816 30.0 -1 0 0 0 1 0 0 0 -1 3010.DAT
0 STEP
1 86 310.0 -864 30.0 0 0 1 0 1 0 -1 0 0 3005.DAT
0 STEP
1 86 310.0 -912 30.0 0 0 1 0 1 0 -1 0 0 3005.DAT
0 STEP
1 86 320.0 -1008 30.0 -1 0 0 0 1 0 0 0 -1 3004.DAT
0 STEP
1 86 310.0 -1080 30.0 0 0 1 0 1 0 -1 0 0 3005.DAT
0 STEP
1 86 340.0 -1104 30.0 -1 0 0 0 1 0 0 0 -1 3010.DAT
0 STEP
1 86 310.0 -1152 30.0 0 0 1 0 1 0 -1 0 0 3005.DAT
0 STEP
1 86 340.0 -264 50.0 -1 0 0 0 1 0 0 0 -1 3010.DAT
0 STEP
1 86 310.0 -480 60.0 0 0 1 0 1 0 -1 0 0 3004.DAT
0 STEP
1 86 310.0 -552 60.0 0 0 1 0 1 0 -1 0 0 3004.DAT
0 STEP
1 86 360.0 -576 60.0 -1 0 0 0 1 0 0 0 -1 2456.DAT
0 STEP
1 86 310.0 -624 60.0 0 0 1 0 1 0 -1 0 0 3004.DAT
0 STEP
1 86 320.0 -648 60.0 0 0 1 0 1 0 -1 0 0 3003.DAT
0 STEP
1 86 340.0 -720 60.0 -1 0 0 0 1 0 0 0 -1 3001.DAT
0 STEP
1 86 320.0 -768 60.0 0 0 1 0 1 0 -1 0 0 3003.DAT
0 STEP
1 86 310.0 -792 60.0 0 0 1 0 1 0 -1 0 0 3004.DAT
0 STEP
1 86 310.0 -816 60.0 0 0 1 0 1 0 -1 0 0 3004.DAT
0 STEP
1 86 320.0 -864 60.0 0 0 1 0 1 0 -1 0 0 3003.DAT
0 STEP
1 86 310.0 -912 60.0 0 0 1 0 1 0 -1 0 0 3004.DAT
0 STEP
1 86 320.0 -936 60.0 0 0 1 0 1 0 -1 0 0 3003.DAT
0 STEP
1 86 320.0 -984 60.0 0 0 1 0 1 0 -1 0 0 3003.DAT
0 STEP
1 86 320.0 -1056 60.0 0 0 1 0 1 0 -1 0 0 3003.DAT
0 STEP
1 86 320.0 -1104 60.0 0 0 1 0 1 0 -1 0 0 3003.DAT
0 STEP
1 86 310.0 -1152 60.0 0 0 1 0 1 0 -1 0 0 3004.DAT
0 STEP
1 86 310.0 -264 80.0 0 0 1 0 1 0 -1 0 0 3004.DAT
0 STEP
1 86 340.0 -288 70.0 -1 0 0 0 1 0 0 0 -1 3010.DAT
0 STEP
1 86 320.0 -312 70.0 -1 0 0 0 1 0 0 0 -1 3004.DAT
0 STEP
1 86 340.0 -336 70.0 -1 0 0 0 1 0 0 0 -1 3010.DAT
0 STEP
1 86 320.0 -360 70.0 -1 0 0 0 1 0 0 0 -1 3004.DAT
0 STEP
1 86 310.0 -384 70.0 0 0 1 0 1 0 -1 0 0 3005.DAT
0 STEP
1 86 310.0 -408 70.0 0 0 1 0 1 0 -1 0 0 3005.DAT
0 STEP
1 86 320.0 -432 70.0 -1 0 0 0 1 0 0 0 -1 3004.DAT
0 STEP
1 86 310.0 -456 70.0 0 0 1 0 1 0 -1 0 0 3005.DAT
0 STEP
1 86 320.0 -504 70.0 -1 0 0 0 1 0 0 0 -1 3004.DAT
0 STEP
1 86 310.0 -528 70.0 0 0 1 0 1 0 -1 0 0 3005.DAT
0 STEP
1 86 340.0 -600 70.0 -1 0 0 0 1 0 0 0 -1 3010.DAT
0 STEP
1 86 310.0 -672 70.0 0 0 1 0 1 0 -1 0 0 3005.DAT
0 STEP
1 86 320.0 -696 70.0 -1 0 0 0 1 0 0 0 -1 3004.DAT
0 STEP
1 86 340.0 -744 70.0 -1 0 0 0 1 0 0 0 -1 3010.DAT
0 STEP
1 86 320.0 -840 70.0 -1 0 0 0 1 0 0 0 -1 3004.DAT
0 STEP
1 86 340.0 -888 70.0 -1 0 0 0 1 0 0 0 -1 3010.DAT
0 STEP
1 86 310.0 -960 70.0 0 0 1 0 1 0 -1 0 0 3005.DAT
0 STEP
1 86 310.0 -1008 70.0 0 0 1 0 1 0 -1 0 0 3005.DAT
0 STEP
1 86 340.0 -1032 70.0 -1 0 0 0 1 0 0 0 -1 3010.DAT
0 STEP
1 86 310.0 -1080 70.0 0 0 1 0 1 0 -1 0 0 3005.DAT
0 STEP
1 86 310.0 -1128 70.0 0 0 1 0 1 0 -1 0 0 3005.DAT
0 STEP
1 86 340.0 -1176 80.0 -1 0 0 0 1 0 0 0 -1 3001.DAT
0 STEP
1 86 320.0 -192 90.0 -1 0 0 0 1 0 0 0 -1 3004.DAT
0 STEP
1 86 310.0 -1200 100.0 0 0 1 0 1 0 -1 0 0 3004.DAT
0 STEP
1 86 320.0 -168 110.0 -1 0 0 0 1 0 0 0 -1 3004.DAT
0 STEP
1 86 320.0 -240 110.0 -1 0 0 0 1 0 0 0 -1 3004.DAT
0 STEP
1 86 340.0 -1176 110.0 -1 0 0 0 1 0 0 0 -1 3010.DAT
0 STEP
1 86 320.0 -1224 110.0 -1 0 0 0 1 0 0 0 -1 3004.DAT
0 STEP
1 86 340.0 -168 140.0 -1 0 0 0 1 0 0 0 -1 3001.DAT
0 STEP
1 86 340.0 -1200 130.0 -1 0 0 0 1 0 0 0 -1 3010.DAT
0 STEP
1 86 320.0 -1248 130.0 -1 0 0 0 1 0 0 0 -1 3004.DAT
0 STEP
1 86 310.0 -120 160.0 0 0 1 0 1 0 -1 0 0 3004.DAT
0 STEP
1 86 310.0 -1248 160.0 0 0 1 0 1 0 -1 0 0 3004.DAT
0 STEP
1 86 320.0 -72 180.0 0 0 1 0 1 0 -1 0 0 3003.DAT
0 STEP
1 86 340.0 -144 170.0 -1 0 0 0 1 0 0 0 -1 3010.DAT
0 STEP
1 86 320.0 -48 190.0 -1 0 0 0 1 0 0 0 -1 3004.DAT
0 STEP
1 86 320.0 -1200 190.0 -1 0 0 0 1 0 0 0 -1 3004.DAT
0 STEP
1 86 320.0 -1224 190.0 -1 0 0 0 1 0 0 0 -1 3004.DAT
0 STEP
1 86 310.0 -1248 190.0 0 0 1 0 1 0 -1 0 0 3005.DAT
0 STEP
1 86 310.0 0 220.0 0 0 1 0 1 0 -1 0 0 3004.DAT
0 STEP
1 86 320.0 -48 220.0 0 0 1 0 1 0 -1 0 0 3003.DAT
0 STEP
1 86 320.0 -1248 210.0 -1 0 0 0 1 0 0 0 -1 3004.DAT
0 STEP
1 86 320.0 -24 230.0 -1 0 0 0 1 0 0 0 -1 3004.DAT
0 STEP
1 86 310.0 -1224 240.0 0 0 1 0 1 0 -1 0 0 3004.DAT
0 STEP
1 86 360.0 -1248 230.0 -1 0 0 0 1 0 0 0 -1 3009.DAT
0 STEP
1 86 310.0 0 250.0 0 0 1 0 1 0 -1 0 0 3005.DAT
0 STEP
1 86 320.0 -24 280.0 0 0 1 0 1 0 -1 0 0 3001.DAT
0 STEP
1 86 340.0 -48 250.0 -1 0 0 0 1 0 0 0 -1 3010.DAT
0 STEP
1 86 320.0 0 280.0 0 0 1 0 1 0 -1 0 0 3003.DAT
0 STEP
1 86 340.0 -48 280.0 -1 0 0 0 1 0 0 0 -1 3001.DAT
0 STEP
1 86 310.0 -1224 270.0 0 0 1 0 1 0 -1 0 0 3005.DAT
0 STEP
1 86 310.0 -1224 300.0 0 0 1 0 1 0 -1 0 0 3004.DAT
0 STEP
1 86 320.0 -1272 300.0 0 0 1 0 1 0 -1 0 0 3003.DAT
0 STEP
1 86 320.0 0 310.0 -1 0 0 0 1 0 0 0 -1 3004.DAT
0 STEP
1 86 310.0 -72 330.0 0 0 1 0 1 0 -1 0 0 3005.DAT
0 STEP
1 86 310.0 -1224 330.0 0 0 1 0 1 0 -1 0 0 3005.DAT
0 STEP
1 86 310.0 -1272 330.0 0 0 1 0 1 0 -1 0 0 3005.DAT
0 STEP
1 86 320.0 -72 350.0 -1 0 0 0 1 0 0 0 -1 3004.DAT
0 STEP
1 86 310.0 -1248 350.0 0 0 1 0 1 0 -1 0 0 3005.DAT
0 STEP
1 86 310.0 -144 380.0 0 0 1 0 1 0 -1 0 0 3004.DAT
0 STEP
1 86 320.0 -1224 370.0 -1 0 0 0 1 0 0 0 -1 3004.DAT
0 STEP
1 86 310.0 -1248 380.0 0 0 1 0 1 0 -1 0 0 3004.DAT
0 STEP
1 86 340.0 -168 390.0 -1 0 0 0 1 0 0 0 -1 3010.DAT
0 STEP
1 86 320.0 -1224 400.0 0 0 1 0 1 0 -1 0 0 3003.DAT
0 STEP
1 86 310.0 -168 410.0 0 0 1 0 1 0 -1 0 0 3005.DAT
0 STEP
1 86 340.0 -192 420.0 -1 0 0 0 1 0 0 0 -1 3001.DAT
0 STEP
1 86 340.0 -240 430.0 -1 0 0 0 1 0 0 0 -1 3010.DAT
0 STEP
1 86 320.0 -264 460.0 0 0 1 0 1 0 -1 0 0 3003.DAT
0 STEP
1 86 320.0 -1224 460.0 0 0 1 0 1 0 -1 0 0 3003.DAT
0 STEP
1 86 310.0 -288 480.0 0 0 1 0 1 0 -1 0 0 3004.DAT
0 STEP
1 86 310.0 -336 470.0 0 0 1 0 1 0 -1 0 0 3005.DAT
0 STEP
1 86 320.0 -456 470.0 -1 0 0 0 1 0 0 0 -1 3004.DAT
0 STEP
1 86 310.0 -504 480.0 0 0 1 0 1 0 -1 0 0 3004.DAT
0 STEP
1 86 320.0 -600 470.0 -1 0 0 0 1 0 0 0 -1 3004.DAT
0 STEP
1 86 310.0 -624 480.0 0 0 1 0 1 0 -1 0 0 3004.DAT
0 STEP
1 86 320.0 -720 480.0 0 0 1 0 1 0 -1 0 0 3003.DAT
0 STEP
1 86 360.0 -768 480.0 -1 0 0 0 1 0 0 0 -1 2456.DAT
0 STEP
1 86 310.0 -792 470.0 0 0 1 0 1 0 -1 0 0 3005.DAT
0 STEP
1 86 310.0 -864 480.0 0 0 1 0 1 0 -1 0 0 3004.DAT
0 STEP
1 86 310.0 -888 470.0 0 0 1 0 1 0 -1 0 0 3005.DAT
0 STEP
1 86 360.0 -936 470.0 -1 0 0 0 1 0 0 0 -1 3009.DAT
0 STEP
1 86 320.0 -984 470.0 -1 0 0 0 1 0 0 0 -1 3004.DAT
0 STEP
1 86 310.0 -1032 480.0 0 0 1 0 1 0 -1 0 0 3004.DAT
0 STEP
1 86 320.0 -1080 480.0 0 0 1 0 1 0 -1 0 0 3003.DAT
0 STEP
1 86 340.0 -1104 470.0 -1 0 0 0 1 0 0 0 -1 3010.DAT
0 STEP
1 86 320.0 -336 500.0 0 0 1 0 1 0 -1 0 0 3003.DAT
0 STEP
1 86 320.0 -456 500.0 0 0 1 0 1 0 -1 0 0 3003.DAT
0 STEP
1 86 340.0 -480 490.0 -1 0 0 0 1 0 0 0 -1 3010.DAT
0 STEP
1 86 320.0 -600 500.0 0 0 1 0 1 0 -1 0 0 3003.DAT
0 STEP
1 86 320.0 -744 500.0 0 0 1 0 1 0 -1 0 0 3003.DAT
0 STEP
1 86 320.0 -888 490.0 -1 0 0 0 1 0 0 0 -1 3004.DAT
0 STEP
1 86 320.0 -984 500.0 0 0 1 0 1 0 -1 0 0 3003.DAT
0 STEP
1 86 310.0 -1104 490.0 0 0 1 0 1 0 -1 0 0 3005.DAT
0 STEP
1 86 320.0 -1176 500.0 0 0 1 0 1 0 -1 0 0 3003.DAT
0 STEP
1 86 320.0 -504 510.0 -1 0 0 0 1 0 0 0 -1 3004.DAT
0 STEP
1 86 310.0 -624 510.0 0 0 1 0 1 0 -1 0 0 3005.DAT
0 STEP
1 86 310.0 -696 510.0 0 0 1 0 1 0 -1 0 0 3005.DAT
0 STEP
1 86 320.0 -720 510.0 -1 0 0 0 1 0 0 0 -1 3004.DAT
0 STEP
1 86 310.0 -768 510.0 0 0 1 0 1 0 -1 0 0 3005.DAT
0 STEP
1 86 310.0 -864 510.0 0 0 1 0 1 0 -1 0 0 3005.DAT
0 STEP
1 86 320.0 -960 510.0 -1 0 0 0 1 0 0 0 -1 3004.DAT
0 STEP
1 86 310.0 -1032 510.0 0 0 1 0 1 0 -1 0 0 3005.DAT
0 STEP
1 86 310.0 -1080 510.0 0 0 1 0 1 0 -1 0 0 3005.DAT
0 STEP
1 86 310.0 -1200 510.0 0 0 1 0 1 0 -1 0 0 3005.DAT
0 STEP
1 86 340.0 -336 40.0 0 0 1 0 1 0 -1 0 0 3003.DAT
0 STEP
1 86 330.0 -360 40.0 0 0 1 0 1 0 -1 0 0 3004.DAT
0 STEP
1 86 340.0 -384 30.0 -1 0 0 0 1 0 0 0 -1 3004.DAT
0 STEP
1 86 340.0 -432 30.0 -1 0 0 0 1 0 0 0 -1 3004.DAT
0 STEP
1 86 330.0 -456 30.0 0 0 1 0 1 0 -1 0 0 3005.DAT
0 STEP
1 86 340.0 -480 40.0 0 0 1 0 1 0 -1 0 0 3003.DAT
0 STEP
1 86 330.0 -528 30.0 0 0 1 0 1 0 -1 0 0 3005.DAT
0 STEP
1 86 340.0 -552 40.0 0 0 1 0 1 0 -1 0 0 3003.DAT
0 STEP
1 86 340.0 -672 30.0 -1 0 0 0 1 0 0 0 -1 3004.DAT
0 STEP
1 86 340.0 -720 30.0 -1 0 0 0 1 0 0 0 -1 3004.DAT
0 STEP
1 86 340.0 -792 40.0 0 0 1 0 1 0 -1 0 0 3003.DAT
0 STEP
1 86 340.0 -864 30.0 -1 0 0 0 1 0 0 0 -1 3004.DAT
0 STEP
1 86 330.0 -888 30.0 0 0 1 0 1 0 -1 0 0 3005.DAT
0 STEP
1 86 340.0 -912 30.0 -1 0 0 0 1 0 0 0 -1 3004.DAT
0 STEP
1 86 330.0 -936 30.0 0 0 1 0 1 0 -1 0 0 3005.DAT
0 STEP
1 86 330.0 -1056 30.0 0 0 1 0 1 0 -1 0 0 3005.DAT
0 STEP
1 86 340.0 -1080 40.0 0 0 1 0 1 0 -1 0 0 3003.DAT
0 STEP
1 86 340.0 -1152 30.0 -1 0 0 0 1 0 0 0 -1 3004.DAT
0 STEP
1 86 330.0 -1200 30.0 0 0 1 0 1 0 -1 0 0 3005.DAT
0 STEP
1 86 330.0 -384 60.0 0 0 1 0 1 0 -1 0 0 3004.DAT
0 STEP
1 86 330.0 -432 50.0 0 0 1 0 1 0 -1 0 0 3005.DAT
0 STEP
1 86 330.0 -456 60.0 0 0 1 0 1 0 -1 0 0 3004.DAT
0 STEP
1 86 330.0 -504 50.0 0 0 1 0 1 0 -1 0 0 3005.DAT
0 STEP
1 86 330.0 -528 60.0 0 0 1 0 1 0 -1 0 0 3004.DAT
0 STEP
1 86 360.0 -624 60.0 -1 0 0 0 1 0 0 0 -1 3001.DAT
0 STEP
1 86 340.0 -816 60.0 0 0 1 0 1 0 -1 0 0 3003.DAT
0 STEP
1 86 340.0 -888 50.0 -1 0 0 0 1 0 0 0 -1 3004.DAT
0 STEP
1 86 340.0 -912 60.0 0 0 1 0 1 0 -1 0 0 3003.DAT
0 STEP
1 86 340.0 -1008 60.0 0 0 1 0 1 0 -1 0 0 3003.DAT
0 STEP
1 86 340.0 -1152 60.0 0 0 1 0 1 0 -1 0 0 3003.DAT
0 STEP
1 86 330.0 -1176 50.0 0 0 1 0 1 0 -1 0 0 3005.DAT
0 STEP
1 86 360.0 -1200 60.0 -1 0 0 0 1 0 0 0 -1 3001.DAT
0 STEP
1 86 340.0 -264 80.0 0 0 1 0 1 0 -1 0 0 3003.DAT
0 STEP
1 86 340.0 -408 70.0 -1 0 0 0 1 0 0 0 -1 3004.DAT
0 STEP
1 86 340.0 -480 70.0 -1 0 0 0 1 0 0 0 -1 3004.DAT
0 STEP
1 86 340.0 -552 70.0 -1 0 0 0 1 0 0 0 -1 3004.DAT
0 STEP
1 86 360.0 -672 70.0 -1 0 0 0 1 0 0 0 -1 3010.DAT
0 STEP
1 86 330.0 -792 70.0 0 0 1 0 1 0 -1 0 0 3005.DAT
0 STEP
1 86 340.0 -960 70.0 -1 0 0 0 1 0 0 0 -1 3004.DAT
0 STEP
1 86 360.0 -1080 70.0 -1 0 0 0 1 0 0 0 -1 3010.DAT
0 STEP
1 86 380.0 -1128 70.0 -1 0 0 0 1 0 0 0 -1 3009.DAT
0 STEP
1 86 340.0 -1200 100.0 0 0 1 0 1 0 -1 0 0 3003.DAT
0 STEP
1 86 330.0 -192 130.0 0 0 1 0 1 0 -1 0 0 3005.DAT
0 STEP
1 86 340.0 -120 160.0 0 0 1 0 1 0 -1 0 0 3003.DAT
0 STEP
1 86 340.0 -1200 160.0 0 0 1 0 1 0 -1 0 0 3003.DAT
0 STEP
1 86 340.0 -1248 160.0 0 0 1 0 1 0 -1 0 0 3003.DAT
0 STEP
1 86 330.0 -120 190.0 0 0 1 0 1 0 -1 0 0 3005.DAT
0 STEP
1 86 340.0 -1248 190.0 -1 0 0 0 1 0 0 0 -1 3004.DAT
0 STEP
1 86 330.0 -24 210.0 0 0 1 0 1 0 -1 0 0 3005.DAT
0 STEP
1 86 340.0 -72 220.0 0 0 1 0 1 0 -1 0 0 3003.DAT
0 STEP
1 86 330.0 -1224 240.0 0 0 1 0 1 0 -1 0 0 3010.DAT
0 STEP
1 86 330.0 -1272 210.0 0 0 1 0 1 0 -1 0 0 3005.DAT
0 STEP
1 86 330.0 0 240.0 0 0 1 0 1 0 -1 0 0 3004.DAT
0 STEP
1 86 330.0 -1272 240.0 0 0 1 0 1 0 -1 0 0 3004.DAT
0 STEP
1 86 340.0 -72 250.0 -1 0 0 0 1 0 0 0 -1 3004.DAT
0 STEP
1 86 330.0 -72 280.0 0 0 1 0 1 0 -1 0 0 3004.DAT
0 STEP
1 86 330.0 -1272 270.0 0 0 1 0 1 0 -1 0 0 3005.DAT
0 STEP
1 86 340.0 -1224 320.0 0 0 1 0 1 0 -1 0 0 3001.DAT
0 STEP
1 86 340.0 -72 320.0 0 0 1 0 1 0 -1 0 0 3003.DAT
0 STEP
1 86 330.0 -96 340.0 0 0 1 0 1 0 -1 0 0 3004.DAT
0 STEP
1 86 340.0 -1200 330.0 -1 0 0 0 1 0 0 0 -1 3004.DAT
0 STEP
1 86 340.0 -1248 360.0 0 0 1 0 1 0 -1 0 0 3003.DAT
0 STEP
1 86 340.0 -96 370.0 -1 0 0 0 1 0 0 0 -1 3004.DAT
0 STEP
1 86 340.0 -144 380.0 0 0 1 0 1 0 -1 0 0 3003.DAT
0 STEP
1 86 360.0 -1200 390.0 -1 0 0 0 1 0 0 0 -1 3010.DAT
0 STEP
1 86 340.0 -1248 390.0 -1 0 0 0 1 0 0 0 -1 3004.DAT
0 STEP
1 86 340.0 -168 420.0 0 0 1 0 1 0 -1 0 0 3003.DAT
0 STEP
1 86 330.0 -1176 410.0 0 0 1 0 1 0 -1 0 0 3005.DAT
0 STEP
1 86 340.0 -1200 410.0 -1 0 0 0 1 0 0 0 -1 3004.DAT
0 STEP
1 86 340.0 -216 440.0 0 0 1 0 1 0 -1 0 0 3003.DAT
0 STEP
1 86 340.0 -1200 440.0 0 0 1 0 1 0 -1 0 0 3003.DAT
0 STEP
1 86 380.0 -1176 460.0 -1 0 0 0 1 0 0 0 -1 2456.DAT
0 STEP
1 86 340.0 -288 480.0 0 0 1 0 1 0 -1 0 0 3003.DAT
0 STEP
1 86 340.0 -336 470.0 -1 0 0 0 1 0 0 0 -1 3004.DAT
0 STEP
1 86 330.0 -360 480.0 0 0 1 0 1 0 -1 0 0 3004.DAT
0 STEP
1 86 340.0 -432 480.0 0 0 1 0 1 0 -1 0 0 3003.DAT
0 STEP
1 86 340.0 -504 470.0 -1 0 0 0 1 0 0 0 -1 3004.DAT
0 STEP
1 86 380.0 -552 470.0 -1 0 0 0 1 0 0 0 -1 3009.DAT
0 STEP
1 86 340.0 -576 480.0 0 0 1 0 1 0 -1 0 0 3003.DAT
0 STEP
1 86 340.0 -624 470.0 -1 0 0 0 1 0 0 0 -1 3004.DAT
0 STEP
1 86 330.0 -672 480.0 0 0 1 0 1 0 -1 0 0 3004.DAT
0 STEP
1 86 330.0 -744 470.0 0 0 1 0 1 0 -1 0 0 3005.DAT
0 STEP
1 86 340.0 -792 470.0 -1 0 0 0 1 0 0 0 -1 3004.DAT
0 STEP
1 86 330.0 -864 470.0 0 0 1 0 1 0 -1 0 0 3005.DAT
0 STEP
1 86 340.0 -888 470.0 -1 0 0 0 1 0 0 0 -1 3004.DAT
0 STEP
1 86 340.0 -912 470.0 -1 0 0 0 1 0 0 0 -1 3004.DAT
0 STEP
1 86 340.0 -1032 480.0 0 0 1 0 1 0 -1 0 0 3003.DAT
0 STEP
1 86 340.0 -1056 470.0 -1 0 0 0 1 0 0 0 -1 3004.DAT
0 STEP
1 86 330.0 -1128 480.0 0 0 1 0 1 0 -1 0 0 3004.DAT
0 STEP
1 86 340.0 -1200 470.0 -1 0 0 0 1 0 0 0 -1 3004.DAT
0 STEP
1 86 330.0 -504 490.0 0 0 1 0 1 0 -1 0 0 3005.DAT
0 STEP
1 86 330.0 -552 500.0 0 0 1 0 1 0 -1 0 0 3004.DAT
0 STEP
1 86 340.0 -624 500.0 0 0 1 0 1 0 -1 0 0 3003.DAT
0 STEP
1 86 330.0 -840 500.0 0 0 1 0 1 0 -1 0 0 3004.DAT
0 STEP
1 86 340.0 -864 500.0 0 0 1 0 1 0 -1 0 0 3003.DAT
0 STEP
1 86 330.0 -912 500.0 0 0 1 0 1 0 -1 0 0 3004.DAT
0 STEP
1 86 330.0 -1056 490.0 0 0 1 0 1 0 -1 0 0 3005.DAT
0 STEP
1 86 340.0 -1104 500.0 0 0 1 0 1 0 -1 0 0 3003.DAT
0 STEP
1 86 340.0 -1200 500.0 0 0 1 0 1 0 -1 0 0 3003.DAT
0 STEP
1 86 340.0 -576 510.0 -1 0 0 0 1 0 0 0 -1 3004.DAT
0 STEP
1 86 340.0 -696 510.0 -1 0 0 0 1 0 0 0 -1 3004.DAT
0 STEP
1 86 340.0 -768 510.0 -1 0 0 0 1 0 0 0 -1 3004.DAT
0 STEP
1 86 330.0 -888 510.0 0 0 1 0 1 0 -1 0 0 3005.DAT
0 STEP
1 86 340.0 -1032 510.0 -1 0 0 0 1 0 0 0 -1 3004.DAT
0 STEP
1 86 340.0 -1080 510.0 -1 0 0 0 1 0 0 0 -1 3004.DAT
0 STEP
1 86 340.0 -1128 510.0 -1 0 0 0 1 0 0 0 -1 3004.DAT
0 STEP
1 86 360.0 -360 30.0 -1 0 0 0 1 0 0 0 -1 3004.DAT
0 STEP
1 86 360.0 -456 30.0 -1 0 0 0 1 0 0 0 -1 3004.DAT
0 STEP
1 86 360.0 -528 40.0 0 0 1 0 1 0 -1 0 0 3003.DAT
0 STEP
1 86 360.0 -648 40.0 0 0 1 0 1 0 -1 0 0 3003.DAT
0 STEP
1 86 350.0 -696 40.0 0 0 1 0 1 0 -1 0 0 3004.DAT
0 STEP
1 86 350.0 -840 40.0 0 0 1 0 1 0 -1 0 0 3004.DAT
0 STEP
1 86 360.0 -888 30.0 -1 0 0 0 1 0 0 0 -1 3004.DAT
0 STEP
1 86 360.0 -936 40.0 0 0 1 0 1 0 -1 0 0 3003.DAT
0 STEP
1 86 350.0 -1008 30.0 0 0 1 0 1 0 -1 0 0 3005.DAT
0 STEP
1 86 360.0 -1056 30.0 -1 0 0 0 1 0 0 0 -1 3004.DAT
0 STEP
1 86 360.0 -1200 30.0 -1 0 0 0 1 0 0 0 -1 3004.DAT
0 STEP
1 86 350.0 -312 60.0 0 0 1 0 1 0 -1 0 0 3004.DAT
0 STEP
1 86 380.0 -360 60.0 -1 0 0 0 1 0 0 0 -1 3001.DAT
0 STEP
1 86 350.0 -384 50.0 0 0 1 0 1 0 -1 0 0 3005.DAT
0 STEP
1 86 350.0 -432 60.0 0 0 1 0 1 0 -1 0 0 3004.DAT
0 STEP
1 86 380.0 -456 60.0 -1 0 0 0 1 0 0 0 -1 3001.DAT
0 STEP
1 86 350.0 -504 60.0 0 0 1 0 1 0 -1 0 0 3004.DAT
0 STEP
1 86 350.0 -768 60.0 0 0 1 0 1 0 -1 0 0 3004.DAT
0 STEP
1 86 350.0 -864 60.0 0 0 1 0 1 0 -1 0 0 3004.DAT
0 STEP
1 86 380.0 -984 50.0 -1 0 0 0 1 0 0 0 -1 3010.DAT
0 STEP
1 86 380.0 -1056 50.0 -1 0 0 0 1 0 0 0 -1 3010.DAT
0 STEP
1 86 350.0 -1104 60.0 0 0 1 0 1 0 -1 0 0 3004.DAT
0 STEP
1 86 380.0 -1176 50.0 -1 0 0 0 1 0 0 0 -1 3010.DAT
0 STEP
1 86 360.0 -240 70.0 -1 0 0 0 1 0 0 0 -1 3004.DAT
0 STEP
1 86 360.0 -384 70.0 -1 0 0 0 1 0 0 0 -1 3004.DAT
0 STEP
1 86 360.0 -528 70.0 -1 0 0 0 1 0 0 0 -1 3004.DAT
0 STEP
1 86 360.0 -648 70.0 -1 0 0 0 1 0 0 0 -1 3004.DAT
0 STEP
1 86 350.0 -696 70.0 0 0 1 0 1 0 -1 0 0 3005.DAT
0 STEP
1 86 360.0 -792 70.0 -1 0 0 0 1 0 0 0 -1 3004.DAT
0 STEP
1 86 350.0 -840 70.0 0 0 1 0 1 0 -1 0 0 3005.DAT
0 STEP
1 86 360.0 -936 70.0 -1 0 0 0 1 0 0 0 -1 3004.DAT
0 STEP
1 86 360.0 -984 70.0 -1 0 0 0 1 0 0 0 -1 3004.DAT
0 STEP
1 86 360.0 -1056 70.0 -1 0 0 0 1 0 0 0 -1 3004.DAT
0 STEP
1 86 360.0 -240 100.0 0 0 1 0 1 0 -1 0 0 3003.DAT
0 STEP
1 86 350.0 -168 110.0 0 0 1 0 1 0 -1 0 0 3005.DAT
0 STEP
1 86 360.0 -1224 120.0 0 0 1 0 1 0 -1 0 0 3003.DAT
0 STEP
1 86 360.0 -192 140.0 0 0 1 0 1 0 -1 0 0 3003.DAT
0 STEP
1 86 350.0 -216 130.0 0 0 1 0 1 0 -1 0 0 3005.DAT
0 STEP
1 86 350.0 -1176 130.0 0 0 1 0 1 0 -1 0 0 3005.DAT
0 STEP
1 86 360.0 -1224 150.0 -1 0 0 0 1 0 0 0 -1 3004.DAT
0 STEP
1 86 350.0 -96 170.0 0 0 1 0 1 0 -1 0 0 3005.DAT
0 STEP
1 86 350.0 -1224 220.0 0 0 1 0 1 0 -1 0 0 3009.DAT
0 STEP
1 86 350.0 -72 190.0 0 0 1 0 1 0 -1 0 0 3005.DAT
0 STEP
1 86 350.0 -96 200.0 0 0 1 0 1 0 -1 0 0 3004.DAT
0 STEP
1 86 360.0 -120 190.0 -1 0 0 0 1 0 0 0 -1 3004.DAT
0 STEP
1 86 350.0 -1200 190.0 0 0 1 0 1 0 -1 0 0 3005.DAT
0 STEP
1 86 350.0 -48 220.0 0 0 1 0 1 0 -1 0 0 3004.DAT
0 STEP
1 86 350.0 -120 210.0 0 0 1 0 1 0 -1 0 0 3005.DAT
0 STEP
1 86 360.0 -1200 210.0 -1 0 0 0 1 0 0 0 -1 3004.DAT
0 STEP
1 86 350.0 -1248 210.0 0 0 1 0 1 0 -1 0 0 3005.DAT
0 STEP
1 86 350.0 -96 230.0 0 0 1 0 1 0 -1 0 0 3005.DAT
0 STEP
1 86 360.0 -1200 240.0 0 0 1 0 1 0 -1 0 0 3003.DAT
0 STEP
1 86 350.0 -24 250.0 0 0 1 0 1 0 -1 0 0 3005.DAT
0 STEP
1 86 350.0 -96 300.0 0 0 1 0 1 0 -1 0 0 3009.DAT
0 STEP
1 86 350.0 -24 280.0 0 0 1 0 1 0 -1 0 0 3004.DAT
0 STEP
1 86 360.0 -72 280.0 0 0 1 0 1 0 -1 0 0 3003.DAT
0 STEP
1 86 360.0 -1200 270.0 -1 0 0 0 1 0 0 0 -1 3004.DAT
0 STEP
1 86 360.0 -1200 300.0 0 0 1 0 1 0 -1 0 0 3003.DAT
0 STEP
1 86 360.0 -120 340.0 0 0 1 0 1 0 -1 0 0 3003.DAT
0 STEP
1 86 350.0 -72 350.0 0 0 1 0 1 0 -1 0 0 3005.DAT
0 STEP
1 86 350.0 -1224 380.0 0 0 1 0 1 0 -1 0 0 3004.DAT
0 STEP
1 86 350.0 -192 390.0 0 0 1 0 1 0 -1 0 0 3005.DAT
0 STEP
1 86 350.0 -144 410.0 0 0 1 0 1 0 -1 0 0 3005.DAT
0 STEP
1 86 350.0 -216 410.0 0 0 1 0 1 0 -1 0 0 3005.DAT
0 STEP
1 86 380.0 -1176 410.0 -1 0 0 0 1 0 0 0 -1 3010.DAT
0 STEP
1 86 350.0 -1224 410.0 0 0 1 0 1 0 -1 0 0 3005.DAT
0 STEP
1 86 360.0 -240 450.0 -1 0 0 0 1 0 0 0 -1 3004.DAT
0 STEP
1 86 350.0 -264 460.0 0 0 1 0 1 0 -1 0 0 3004.DAT
0 STEP
1 86 350.0 -1224 450.0 0 0 1 0 1 0 -1 0 0 3005.DAT
0 STEP
1 86 350.0 -240 470.0 0 0 1 0 1 0 -1 0 0 3005.DAT
0 STEP
1 86 350.0 -360 470.0 0 0 1 0 1 0 -1 0 0 3005.DAT
0 STEP
1 86 350.0 -408 470.0 0 0 1 0 1 0 -1 0 0 3005.DAT
0 STEP
1 86 350.0 -456 470.0 0 0 1 0 1 0 -1 0 0 3005.DAT
0 STEP
1 86 350.0 -600 470.0 0 0 1 0 1 0 -1 0 0 3005.DAT
0 STEP
1 86 350.0 -648 470.0 0 0 1 0 1 0 -1 0 0 3005.DAT
0 STEP
1 86 350.0 -672 470.0 0 0 1 0 1 0 -1 0 0 3005.DAT
0 STEP
1 86 350.0 -720 470.0 0 0 1 0 1 0 -1 0 0 3005.DAT
0 STEP
1 86 350.0 -744 480.0 0 0 1 0 1 0 -1 0 0 3004.DAT
0 STEP
1 86 350.0 -840 470.0 0 0 1 0 1 0 -1 0 0 3005.DAT
0 STEP
1 86 360.0 -864 470.0 -1 0 0 0 1 0 0 0 -1 3004.DAT
0 STEP
1 86 350.0 -984 470.0 0 0 1 0 1 0 -1 0 0 3005.DAT
0 STEP
1 86 350.0 -1080 480.0 0 0 1 0 1 0 -1 0 0 3004.DAT
0 STEP
1 86 360.0 -1128 480.0 0 0 1 0 1 0 -1 0 0 3003.DAT
0 STEP
1 86 350.0 -1152 470.0 0 0 1 0 1 0 -1 0 0 3005.DAT
0 STEP
1 86 350.0 -312 500.0 0 0 1 0 1 0 -1 0 0 3004.DAT
0 STEP
1 86 350.0 -336 500.0 0 0 1 0 1 0 -1 0 0 3004.DAT
0 STEP
1 86 360.0 -360 490.0 -1 0 0 0 1 0 0 0 -1 3004.DAT
0 STEP
1 86 350.0 -384 500.0 0 0 1 0 1 0 -1 0 0 3004.DAT
0 STEP
1 86 350.0 -408 500.0 0 0 1 0 1 0 -1 0 0 3004.DAT
0 STEP
1 86 350.0 -456 500.0 0 0 1 0 1 0 -1 0 0 3004.DAT
0 STEP
1 86 350.0 -504 500.0 0 0 1 0 1 0 -1 0 0 3004.DAT
0 STEP
1 86 380.0 -552 490.0 -1 0 0 0 1 0 0 0 -1 3010.DAT
0 STEP
1 86 350.0 -600 500.0 0 0 1 0 1 0 -1 0 0 3004.DAT
0 STEP
1 86 380.0 -648 490.0 -1 0 0 0 1 0 0 0 -1 3010.DAT
0 STEP
1 86 350.0 -672 500.0 0 0 1 0 1 0 -1 0 0 3004.DAT
0 STEP
1 86 350.0 -720 500.0 0 0 1 0 1 0 -1 0 0 3004.DAT
0 STEP
1 86 380.0 -840 490.0 -1 0 0 0 1 0 0 0 -1 3010.DAT
0 STEP
1 86 350.0 -888 500.0 0 0 1 0 1 0 -1 0 0 3004.DAT
0 STEP
1 86 360.0 -912 490.0 -1 0 0 0 1 0 0 0 -1 3004.DAT
0 STEP
1 86 350.0 -984 500.0 0 0 1 0 1 0 -1 0 0 3004.DAT
0 STEP
1 86 350.0 -1056 500.0 0 0 1 0 1 0 -1 0 0 3004.DAT
0 STEP
1 86 350.0 -1152 500.0 0 0 1 0 1 0 -1 0 0 3004.DAT
0 STEP
1 86 380.0 -1176 490.0 -1 0 0 0 1 0 0 0 -1 3010.DAT
0 STEP
1 86 350.0 -288 510.0 0 0 1 0 1 0 -1 0 0 3005.DAT
0 STEP
1 86 350.0 -432 510.0 0 0 1 0 1 0 -1 0 0 3005.DAT
0 STEP
1 86 350.0 -552 510.0 0 0 1 0 1 0 -1 0 0 3005.DAT
0 STEP
1 86 350.0 -648 510.0 0 0 1 0 1 0 -1 0 0 3005.DAT
0 STEP
1 86 350.0 -744 510.0 0 0 1 0 1 0 -1 0 0 3005.DAT
0 STEP
1 86 350.0 -840 510.0 0 0 1 0 1 0 -1 0 0 3005.DAT
0 STEP
1 86 350.0 -912 510.0 0 0 1 0 1 0 -1 0 0 3005.DAT
0 STEP
1 86 350.0 -960 510.0 0 0 1 0 1 0 -1 0 0 3005.DAT
0 STEP
1 86 350.0 -1176 510.0 0 0 1 0 1 0 -1 0 0 3005.DAT
0 STEP
1 86 370.0 -288 40.0 0 0 1 0 1 0 -1 0 0 3004.DAT
0 STEP
1 86 370.0 -312 30.0 0 0 1 0 1 0 -1 0 0 3005.DAT
0 STEP
1 86 370.0 -336 40.0 0 0 1 0 1 0 -1 0 0 3004.DAT
0 STEP
1 86 370.0 -384 40.0 0 0 1 0 1 0 -1 0 0 3004.DAT
0 STEP
1 86 370.0 -408 30.0 0 0 1 0 1 0 -1 0 0 3005.DAT
0 STEP
1 86 370.0 -432 40.0 0 0 1 0 1 0 -1 0 0 3004.DAT
0 STEP
1 86 370.0 -480 40.0 0 0 1 0 1 0 -1 0 0 3004.DAT
0 STEP
1 86 370.0 -552 30.0 0 0 1 0 1 0 -1 0 0 3005.DAT
0 STEP
1 86 370.0 -624 30.0 0 0 1 0 1 0 -1 0 0 3005.DAT
0 STEP
1 86 370.0 -672 30.0 0 0 1 0 1 0 -1 0 0 3005.DAT
0 STEP
1 86 370.0 -696 30.0 0 0 1 0 1 0 -1 0 0 3005.DAT
0 STEP
1 86 370.0 -720 30.0 0 0 1 0 1 0 -1 0 0 3005.DAT
0 STEP
1 86 370.0 -792 40.0 0 0 1 0 1 0 -1 0 0 3004.DAT
0 STEP
1 86 370.0 -840 30.0 0 0 1 0 1 0 -1 0 0 3005.DAT
0 STEP
1 86 370.0 -864 40.0 0 0 1 0 1 0 -1 0 0 3004.DAT
0 STEP
1 86 370.0 -912 30.0 0 0 1 0 1 0 -1 0 0 3005.DAT
0 STEP
1 86 370.0 -960 30.0 0 0 1 0 1 0 -1 0 0 3005.DAT
0 STEP
1 86 370.0 -1008 40.0 0 0 1 0 1 0 -1 0 0 3004.DAT
0 STEP
1 86 370.0 -1032 30.0 0 0 1 0 1 0 -1 0 0 3005.DAT
0 STEP
1 86 370.0 -1080 40.0 0 0 1 0 1 0 -1 0 0 3004.DAT
0 STEP
1 86 370.0 -1152 30.0 0 0 1 0 1 0 -1 0 0 3005.DAT
0 STEP
1 86 370.0 -1176 30.0 0 0 1 0 1 0 -1 0 0 3005.DAT
0 STEP
1 86 380.0 -312 50.0 -1 0 0 0 1 0 0 0 -1 3004.DAT
0 STEP
1 86 370.0 -408 60.0 0 0 1 0 1 0 -1 0 0 3004.DAT
0 STEP
1 86 380.0 -504 60.0 0 0 1 0 1 0 -1 0 0 3003.DAT
0 STEP
1 86 380.0 -552 60.0 0 0 1 0 1 0 -1 0 0 3003.DAT
0 STEP
1 86 380.0 -696 60.0 0 0 1 0 1 0 -1 0 0 3003.DAT
0 STEP
1 86 380.0 -768 50.0 -1 0 0 0 1 0 0 0 -1 3004.DAT
0 STEP
1 86 380.0 -816 50.0 -1 0 0 0 1 0 0 0 -1 3004.DAT
0 STEP
1 86 370.0 -840 60.0 0 0 1 0 1 0 -1 0 0 3004.DAT
0 STEP
1 86 370.0 -888 50.0 0 0 1 0 1 0 -1 0 0 3005.DAT
0 STEP
1 86 380.0 -912 50.0 -1 0 0 0 1 0 0 0 -1 3004.DAT
0 STEP
1 86 380.0 -960 50.0 -1 0 0 0 1 0 0 0 -1 3004.DAT
0 STEP
1 86 380.0 -1032 50.0 -1 0 0 0 1 0 0 0 -1 3004.DAT
0 STEP
1 86 380.0 -1104 50.0 -1 0 0 0 1 0 0 0 -1 3004.DAT
0 STEP
1 86 380.0 -1152 50.0 -1 0 0 0 1 0 0 0 -1 3004.DAT
0 STEP
1 86 370.0 -264 80.0 0 0 1 0 1 0 -1 0 0 3004.DAT
0 STEP
1 86 370.0 -312 70.0 0 0 1 0 1 0 -1 0 0 3005.DAT
0 STEP
1 86 400.0 -432 70.0 -1 0 0 0 1 0 0 0 -1 3010.DAT
0 STEP
1 86 370.0 -480 70.0 0 0 1 0 1 0 -1 0 0 3005.DAT
0 STEP
1 86 400.0 -768 70.0 -1 0 0 0 1 0 0 0 -1 3010.DAT
0 STEP
1 86 370.0 -816 70.0 0 0 1 0 1 0 -1 0 0 3005.DAT
0 STEP
1 86 370.0 -864 70.0 0 0 1 0 1 0 -1 0 0 3005.DAT
0 STEP
1 86 370.0 -912 70.0 0 0 1 0 1 0 -1 0 0 3005.DAT
0 STEP
1 86 370.0 -960 70.0 0 0 1 0 1 0 -1 0 0 3005.DAT
0 STEP
1 86 380.0 -1008 70.0 -1 0 0 0 1 0 0 0 -1 3004.DAT
0 STEP
1 86 370.0 -1104 70.0 0 0 1 0 1 0 -1 0 0 3005.DAT
0 STEP
1 86 370.0 -1152 70.0 0 0 1 0 1 0 -1 0 0 3005.DAT
0 STEP
1 86 380.0 -1200 90.0 -1 0 0 0 1 0 0 0 -1 3004.DAT
0 STEP
1 86 380.0 -1224 90.0 -1 0 0 0 1 0 0 0 -1 3004.DAT
0 STEP
1 86 370.0 -192 110.0 0 0 1 0 1 0 -1 0 0 3005.DAT
0 STEP
1 86 370.0 -216 120.0 0 0 1 0 1 0 -1 0 0 3004.DAT
0 STEP
1 86 370.0 -1200 110.0 0 0 1 0 1 0 -1 0 0 3005.DAT
0 STEP
1 86 380.0 -1176 140.0 0 0 1 0 1 0 -1 0 0 3003.DAT
0 STEP
1 86 370.0 -144 150.0 0 0 1 0 1 0 -1 0 0 3005.DAT
0 STEP
1 86 370.0 -1200 160.0 0 0 1 0 1 0 -1 0 0 3004.DAT
0 STEP
1 86 370.0 -120 170.0 0 0 1 0 1 0 -1 0 0 3005.DAT
0 STEP
1 86 380.0 -168 170.0 -1 0 0 0 1 0 0 0 -1 3004.DAT
0 STEP
1 86 370.0 -1224 170.0 0 0 1 0 1 0 -1 0 0 3005.DAT
0 STEP
1 86 370.0 -1248 180.0 0 0 1 0 1 0 -1 0 0 3004.DAT
0 STEP
1 86 370.0 -96 190.0 0 0 1 0 1 0 -1 0 0 3005.DAT
0 STEP
1 86 370.0 -144 190.0 0 0 1 0 1 0 -1 0 0 3005.DAT
0 STEP
1 86 380.0 -1200 190.0 -1 0 0 0 1 0 0 0 -1 3004.DAT
0 STEP
1 86 370.0 -1224 240.0 0 0 1 0 1 0 -1 0 0 3009.DAT
0 STEP
1 86 370.0 -72 220.0 0 0 1 0 1 0 -1 0 0 3004.DAT
0 STEP
1 86 370.0 -96 280.0 0 0 1 0 1 0 -1 0 0 3008.DAT
0 STEP
1 86 380.0 -120 210.0 -1 0 0 0 1 0 0 0 -1 3004.DAT
0 STEP
1 86 370.0 -144 220.0 0 0 1 0 1 0 -1 0 0 3004.DAT
0 STEP
1 86 380.0 -1248 210.0 -1 0 0 0 1 0 0 0 -1 3004.DAT
0 STEP
1 86 380.0 -120 240.0 0 0 1 0 1 0 -1 0 0 3003.DAT
0 STEP
1 86 370.0 -72 250.0 0 0 1 0 1 0 -1 0 0 3005.DAT
0 STEP
1 86 370.0 -1248 250.0 0 0 1 0 1 0 -1 0 0 3005.DAT
0 STEP
1 86 380.0 -120 270.0 -1 0 0 0 1 0 0 0 -1 3004.DAT
0 STEP
1 86 380.0 -1248 270.0 -1 0 0 0 1 0 0 0 -1 3004.DAT
0 STEP
1 86 370.0 -120 300.0 0 0 1 0 1 0 -1 0 0 3004.DAT
0 STEP
1 86 370.0 -1248 300.0 0 0 1 0 1 0 -1 0 0 3004.DAT
0 STEP
1 86 370.0 -72 310.0 0 0 1 0 1 0 -1 0 0 3005.DAT
0 STEP
1 86 380.0 -144 310.0 -1 0 0 0 1 0 0 0 -1 3004.DAT
0 STEP
1 86 400.0 -1224 320.0 -1 0 0 0 1 0 0 0 -1 3001.DAT
0 STEP
1 86 370.0 -144 330.0 0 0 1 0 1 0 -1 0 0 3005.DAT
0 STEP
1 86 440.0 -1200 330.0 -1 0 0 0 1 0 0 0 -1 3008.DAT
0 STEP
1 86 380.0 -1248 340.0 0 0 1 0 1 0 -1 0 0 3003.DAT
0 STEP
1 86 370.0 -144 360.0 0 0 1 0 1 0 -1 0 0 3004.DAT
0 STEP
1 86 370.0 -1224 380.0 0 0 1 0 1 0 -1 0 0 3010.DAT
0 STEP
1 86 370.0 -120 370.0 0 0 1 0 1 0 -1 0 0 3005.DAT
0 STEP
1 86 380.0 -168 370.0 -1 0 0 0 1 0 0 0 -1 3004.DAT
0 STEP
1 86 370.0 -1248 370.0 0 0 1 0 1 0 -1 0 0 3005.DAT
0 STEP
1 86 370.0 -144 390.0 0 0 1 0 1 0 -1 0 0 3005.DAT
0 STEP
1 86 380.0 -192 390.0 -1 0 0 0 1 0 0 0 -1 3004.DAT
0 STEP
1 86 370.0 -1176 390.0 0 0 1 0 1 0 -1 0 0 3005.DAT
0 STEP
1 86 370.0 -168 410.0 0 0 1 0 1 0 -1 0 0 3005.DAT
0 STEP
1 86 380.0 -216 420.0 0 0 1 0 1 0 -1 0 0 3003.DAT
0 STEP
1 86 370.0 -240 410.0 0 0 1 0 1 0 -1 0 0 3005.DAT
0 STEP
1 86 370.0 -1200 420.0 0 0 1 0 1 0 -1 0 0 3004.DAT
0 STEP
1 86 370.0 -264 430.0 0 0 1 0 1 0 -1 0 0 3005.DAT
0 STEP
1 86 370.0 -216 450.0 0 0 1 0 1 0 -1 0 0 3005.DAT
0 STEP
1 86 380.0 -264 460.0 0 0 1 0 1 0 -1 0 0 3003.DAT
0 STEP
1 86 400.0 -288 460.0 -1 0 0 0 1 0 0 0 -1 3001.DAT
0 STEP
1 86 370.0 -312 450.0 0 0 1 0 1 0 -1 0 0 3005.DAT
0 STEP
1 86 400.0 -336 450.0 -1 0 0 0 1 0 0 0 -1 3010.DAT
0 STEP
1 86 370.0 -360 460.0 0 0 1 0 1 0 -1 0 0 3004.DAT
0 STEP
1 86 370.0 -384 450.0 0 0 1 0 1 0 -1 0 0 3005.DAT
0 STEP
1 86 380.0 -408 460.0 0 0 1 0 1 0 -1 0 0 3003.DAT
0 STEP
1 86 370.0 -432 450.0 0 0 1 0 1 0 -1 0 0 3005.DAT
0 STEP
1 86 380.0 -456 450.0 -1 0 0 0 1 0 0 0 -1 3004.DAT
0 STEP
1 86 370.0 -480 460.0 0 0 1 0 1 0 -1 0 0 3004.DAT
0 STEP
1 86 380.0 -504 460.0 0 0 1 0 1 0 -1 0 0 3003.DAT
0 STEP
1 86 370.0 -528 460.0 0 0 1 0 1 0 -1 0 0 3004.DAT
0 STEP
1 86 380.0 -552 450.0 -1 0 0 0 1 0 0 0 -1 3004.DAT
0 STEP
1 86 380.0 -576 460.0 0 0 1 0 1 0 -1 0 0 3003.DAT
0 STEP
1 86 380.0 -600 450.0 -1 0 0 0 1 0 0 0 -1 3004.DAT
0 STEP
1 86 380.0 -624 450.0 -1 0 0 0 1 0 0 0 -1 3004.DAT
0 STEP
1 86 380.0 -648 460.0 0 0 1 0 1 0 -1 0 0 3003.DAT
0 STEP
1 86 370.0 -672 460.0 0 0 1 0 1 0 -1 0 0 3004.DAT
0 STEP
1 86 370.0 -696 450.0 0 0 1 0 1 0 -1 0 0 3005.DAT
0 STEP
1 86 400.0 -720 450.0 -1 0 0 0 1 0 0 0 -1 3010.DAT
0 STEP
1 86 380.0 -744 460.0 0 0 1 0 1 0 -1 0 0 3003.DAT
0 STEP
1 86 400.0 -768 450.0 -1 0 0 0 1 0 0 0 -1 3010.DAT
0 STEP
1 86 380.0 -792 460.0 0 0 1 0 1 0 -1 0 0 3003.DAT
0 STEP
1 86 400.0 -816 450.0 -1 0 0 0 1 0 0 0 -1 3010.DAT
0 STEP
1 86 380.0 -840 460.0 0 0 1 0 1 0 -1 0 0 3003.DAT
0 STEP
1 86 370.0 -864 450.0 0 0 1 0 1 0 -1 0 0 3005.DAT
0 STEP
1 86 370.0 -888 450.0 0 0 1 0 1 0 -1 0 0 3005.DAT
0 STEP
1 86 370.0 -912 460.0 0 0 1 0 1 0 -1 0 0 3004.DAT
0 STEP
1 86 370.0 -936 450.0 0 0 1 0 1 0 -1 0 0 3005.DAT
0 STEP
1 86 380.0 -960 450.0 -1 0 0 0 1 0 0 0 -1 3004.DAT
0 STEP
1 86 370.0 -984 460.0 0 0 1 0 1 0 -1 0 0 3004.DAT
0 STEP
1 86 380.0 -1008 450.0 -1 0 0 0 1 0 0 0 -1 3004.DAT
0 STEP
1 86 380.0 -1032 460.0 0 0 1 0 1 0 -1 0 0 3003.DAT
0 STEP
1 86 380.0 -1056 450.0 -1 0 0 0 1 0 0 0 -1 3004.DAT
0 STEP
1 86 370.0 -1080 460.0 0 0 1 0 1 0 -1 0 0 3004.DAT
0 STEP
1 86 380.0 -1104 450.0 -1 0 0 0 1 0 0 0 -1 3004.DAT
0 STEP
1 86 370.0 -1128 450.0 0 0 1 0 1 0 -1 0 0 3005.DAT
0 STEP
1 86 380.0 -1152 450.0 -1 0 0 0 1 0 0 0 -1 3004.DAT
0 STEP
1 86 370.0 -1200 450.0 0 0 1 0 1 0 -1 0 0 3005.DAT
0 STEP
1 86 380.0 -1224 450.0 -1 0 0 0 1 0 0 0 -1 3004.DAT
0 STEP
1 86 370.0 -312 480.0 0 0 1 0 1 0 -1 0 0 3004.DAT
0 STEP
1 86 370.0 -336 480.0 0 0 1 0 1 0 -1 0 0 3004.DAT
0 STEP
1 86 370.0 -432 480.0 0 0 1 0 1 0 -1 0 0 3004.DAT
0 STEP
1 86 380.0 -456 480.0 0 0 1 0 1 0 -1 0 0 3003.DAT
0 STEP
1 86 370.0 -600 480.0 0 0 1 0 1 0 -1 0 0 3004.DAT
0 STEP
1 86 370.0 -624 480.0 0 0 1 0 1 0 -1 0 0 3004.DAT
0 STEP
1 86 380.0 -720 480.0 0 0 1 0 1 0 -1 0 0 3003.DAT
0 STEP
1 86 370.0 -816 480.0 0 0 1 0 1 0 -1 0 0 3004.DAT
0 STEP
1 86 370.0 -888 480.0 0 0 1 0 1 0 -1 0 0 3004.DAT
0 STEP
1 86 380.0 -1008 480.0 0 0 1 0 1 0 -1 0 0 3003.DAT
0 STEP
1 86 380.0 -1056 480.0 0 0 1 0 1 0 -1 0 0 3003.DAT
0 STEP
1 86 370.0 -1152 480.0 0 0 1 0 1 0 -1 0 0 3004.DAT
0 STEP
1 86 370.0 -1200 480.0 0 0 1 0 1 0 -1 0 0 3004.DAT
0 STEP
1 86 380.0 -288 490.0 -1 0 0 0 1 0 0 0 -1 3004.DAT
0 STEP
1 86 380.0 -384 490.0 -1 0 0 0 1 0 0 0 -1 3004.DAT
0 STEP
1 86 380.0 -408 490.0 -1 0 0 0 1 0 0 0 -1 3004.DAT
0 STEP
1 86 380.0 -504 490.0 -1 0 0 0 1 0 0 0 -1 3004.DAT
0 STEP
1 86 370.0 -528 490.0 0 0 1 0 1 0 -1 0 0 3005.DAT
0 STEP
1 86 380.0 -576 490.0 -1 0 0 0 1 0 0 0 -1 3004.DAT
0 STEP
1 86 370.0 -672 490.0 0 0 1 0 1 0 -1 0 0 3005.DAT
0 STEP
1 86 370.0 -744 490.0 0 0 1 0 1 0 -1 0 0 3005.DAT
0 STEP
1 86 370.0 -792 490.0 0 0 1 0 1 0 -1 0 0 3005.DAT
0 STEP
1 86 370.0 -864 490.0 0 0 1 0 1 0 -1 0 0 3005.DAT
0 STEP
1 86 370.0 -936 490.0 0 0 1 0 1 0 -1 0 0 3005.DAT
0 STEP
1 86 370.0 -984 490.0 0 0 1 0 1 0 -1 0 0 3005.DAT
0 STEP
1 86 380.0 -1032 490.0 -1 0 0 0 1 0 0 0 -1 3004.DAT
0 STEP
1 86 370.0 -1080 490.0 0 0 1 0 1 0 -1 0 0 3005.DAT
0 STEP
1 86 380.0 -1104 490.0 -1 0 0 0 1 0 0 0 -1 3004.DAT
0 STEP
1 86 400.0 -288 50.0 -1 0 0 0 1 0 0 0 -1 3004.DAT
0 STEP
1 86 390.0 -336 60.0 0 0 1 0 1 0 -1 0 0 3004.DAT
0 STEP
1 86 400.0 -384 50.0 -1 0 0 0 1 0 0 0 -1 3004.DAT
0 STEP
1 86 400.0 -408 60.0 0 0 1 0 1 0 -1 0 0 3003.DAT
0 STEP
1 86 400.0 -432 50.0 -1 0 0 0 1 0 0 0 -1 3004.DAT
0 STEP
1 86 400.0 -480 50.0 -1 0 0 0 1 0 0 0 -1 3004.DAT
0 STEP
1 86 400.0 -528 60.0 0 0 1 0 1 0 -1 0 0 3003.DAT
0 STEP
1 86 400.0 -600 50.0 -1 0 0 0 1 0 0 0 -1 3004.DAT
0 STEP
1 86 400.0 -648 60.0 0 0 1 0 1 0 -1 0 0 3003.DAT
0 STEP
1 86 400.0 -720 50.0 -1 0 0 0 1 0 0 0 -1 3004.DAT
0 STEP
1 86 400.0 -744 60.0 0 0 1 0 1 0 -1 0 0 3003.DAT
0 STEP
1 86 390.0 -792 50.0 0 0 1 0 1 0 -1 0 0 3005.DAT
0 STEP
1 86 400.0 -840 50.0 -1 0 0 0 1 0 0 0 -1 3004.DAT
0 STEP
1 86 400.0 -864 50.0 -1 0 0 0 1 0 0 0 -1 3004.DAT
0 STEP
1 86 400.0 -888 60.0 0 0 1 0 1 0 -1 0 0 3003.DAT
0 STEP
1 86 400.0 -936 60.0 0 0 1 0 1 0 -1 0 0 3003.DAT
0 STEP
1 86 400.0 -1008 50.0 -1 0 0 0 1 0 0 0 -1 3004.DAT
0 STEP
1 86 390.0 -1080 50.0 0 0 1 0 1 0 -1 0 0 3005.DAT
0 STEP
1 86 400.0 -1128 50.0 -1 0 0 0 1 0 0 0 -1 3004.DAT
0 STEP
1 86 400.0 -264 70.0 -1 0 0 0 1 0 0 0 -1 3004.DAT
0 STEP
1 86 390.0 -288 80.0 0 0 1 0 1 0 -1 0 0 3004.DAT
0 STEP
1 86 400.0 -312 70.0 -1 0 0 0 1 0 0 0 -1 3004.DAT
0 STEP
1 86 390.0 -384 70.0 0 0 1 0 1 0 -1 0 0 3005.DAT
0 STEP
1 86 390.0 -480 80.0 0 0 1 0 1 0 -1 0 0 3004.DAT
0 STEP
1 86 400.0 -600 80.0 0 0 1 0 1 0 -1 0 0 3003.DAT
0 STEP
1 86 390.0 -720 80.0 0 0 1 0 1 0 -1 0 0 3004.DAT
0 STEP
1 86 390.0 -792 80.0 0 0 1 0 1 0 -1 0 0 3004.DAT
0 STEP
1 86 400.0 -816 70.0 -1 0 0 0 1 0 0 0 -1 3004.DAT
0 STEP
1 86 390.0 -840 80.0 0 0 1 0 1 0 -1 0 0 3004.DAT
0 STEP
1 86 400.0 -864 80.0 0 0 1 0 1 0 -1 0 0 3003.DAT
0 STEP
1 86 390.0 -912 80.0 0 0 1 0 1 0 -1 0 0 3004.DAT
0 STEP
1 86 390.0 -960 80.0 0 0 1 0 1 0 -1 0 0 3004.DAT
0 STEP
1 86 400.0 -984 80.0 0 0 1 0 1 0 -1 0 0 3003.DAT
0 STEP
1 86 390.0 -1032 70.0 0 0 1 0 1 0 -1 0 0 3005.DAT
0 STEP
1 86 390.0 -1056 80.0 0 0 1 0 1 0 -1 0 0 3004.DAT
0 STEP
1 86 400.0 -1104 80.0 0 0 1 0 1 0 -1 0 0 3003.DAT
0 STEP
1 86 390.0 -1152 80.0 0 0 1 0 1 0 -1 0 0 3004.DAT
0 STEP
1 86 390.0 -1176 70.0 0 0 1 0 1 0 -1 0 0 3005.DAT
0 STEP
1 86 390.0 -240 90.0 0 0 1 0 1 0 -1 0 0 3005.DAT
0 STEP
1 86 390.0 -264 100.0 0 0 1 0 1 0 -1 0 0 3004.DAT
0 STEP
1 86 420.0 -312 90.0 -1 0 0 0 1 0 0 0 -1 3010.DAT
0 STEP
1 86 390.0 -336 90.0 0 0 1 0 1 0 -1 0 0 3005.DAT
0 STEP
1 86 390.0 -360 90.0 0 0 1 0 1 0 -1 0 0 3005.DAT
0 STEP
1 86 420.0 -384 90.0 -1 0 0 0 1 0 0 0 -1 3010.DAT
0 STEP
1 86 400.0 -408 90.0 -1 0 0 0 1 0 0 0 -1 3004.DAT
0 STEP
1 86 390.0 -432 90.0 0 0 1 0 1 0 -1 0 0 3005.DAT
0 STEP
1 86 400.0 -456 90.0 -1 0 0 0 1 0 0 0 -1 3004.DAT
0 STEP
1 86 400.0 -504 90.0 -1 0 0 0 1 0 0 0 -1 3004.DAT
0 STEP
1 86 390.0 -528 90.0 0 0 1 0 1 0 -1 0 0 3005.DAT
0 STEP
1 86 420.0 -552 90.0 -1 0 0 0 1 0 0 0 -1 3010.DAT
0 STEP
1 86 400.0 -576 90.0 -1 0 0 0 1 0 0 0 -1 3004.DAT
0 STEP
1 86 390.0 -624 90.0 0 0 1 0 1 0 -1 0 0 3005.DAT
0 STEP
1 86 400.0 -648 90.0 -1 0 0 0 1 0 0 0 -1 3004.DAT
0 STEP
1 86 390.0 -672 90.0 0 0 1 0 1 0 -1 0 0 3005.DAT
0 STEP
1 86 400.0 -696 90.0 -1 0 0 0 1 0 0 0 -1 3004.DAT
0 STEP
1 86 400.0 -744 90.0 -1 0 0 0 1 0 0 0 -1 3004.DAT
0 STEP
1 86 400.0 -768 90.0 -1 0 0 0 1 0 0 0 -1 3004.DAT
0 STEP
1 86 420.0 -816 90.0 -1 0 0 0 1 0 0 0 -1 3010.DAT
0 STEP
1 86 400.0 -888 90.0 -1 0 0 0 1 0 0 0 -1 3004.DAT
0 STEP
1 86 400.0 -936 90.0 -1 0 0 0 1 0 0 0 -1 3004.DAT
0 STEP
1 86 390.0 -1008 90.0 0 0 1 0 1 0 -1 0 0 3005.DAT
0 STEP
1 86 400.0 -1032 90.0 -1 0 0 0 1 0 0 0 -1 3004.DAT
0 STEP
1 86 400.0 -1080 90.0 -1 0 0 0 1 0 0 0 -1 3004.DAT
0 STEP
1 86 400.0 -1128 90.0 -1 0 0 0 1 0 0 0 -1 3004.DAT
0 STEP
1 86 420.0 -1176 100.0 -1 0 0 0 1 0 0 0 -1 3001.DAT
0 STEP
1 86 400.0 -216 110.0 -1 0 0 0 1 0 0 0 -1 3004.DAT
0 STEP
1 86 390.0 -240 120.0 0 0 1 0 1 0 -1 0 0 3004.DAT
0 STEP
1 86 390.0 -1200 120.0 0 0 1 0 1 0 -1 0 0 3004.DAT
0 STEP
1 86 400.0 -1224 110.0 -1 0 0 0 1 0 0 0 -1 3004.DAT
0 STEP
1 86 390.0 -168 130.0 0 0 1 0 1 0 -1 0 0 3005.DAT
0 STEP
1 86 400.0 -192 130.0 -1 0 0 0 1 0 0 0 -1 3004.DAT
0 STEP
1 86 400.0 -216 140.0 0 0 1 0 1 0 -1 0 0 3003.DAT
0 STEP
1 86 390.0 -1224 160.0 0 0 1 0 1 0 -1 0 0 3010.DAT
0 STEP
1 86 400.0 -168 150.0 -1 0 0 0 1 0 0 0 -1 3004.DAT
0 STEP
1 86 400.0 -192 160.0 0 0 1 0 1 0 -1 0 0 3003.DAT
0 STEP
1 86 390.0 -1200 150.0 0 0 1 0 1 0 -1 0 0 3005.DAT
0 STEP
1 86 390.0 -144 170.0 0 0 1 0 1 0 -1 0 0 3005.DAT
0 STEP
1 86 390.0 -1176 170.0 0 0 1 0 1 0 -1 0 0 3005.DAT
0 STEP
1 86 440.0 -1200 170.0 -1 0 0 0 1 0 0 0 -1 3009.DAT
0 STEP
1 86 390.0 -120 190.0 0 0 1 0 1 0 -1 0 0 3005.DAT
0 STEP
1 86 400.0 -144 240.0 0 0 1 0 1 0 -1 0 0 2456.DAT
0 STEP
1 86 400.0 -168 190.0 -1 0 0 0 1 0 0 0 -1 3004.DAT
0 STEP
1 86 400.0 -192 190.0 -1 0 0 0 1 0 0 0 -1 3004.DAT
0 STEP
1 86 390.0 -1248 190.0 0 0 1 0 1 0 -1 0 0 3005.DAT
0 STEP
1 86 390.0 -96 210.0 0 0 1 0 1 0 -1 0 0 3005.DAT
0 STEP
1 86 400.0 -168 220.0 0 0 1 0 1 0 -1 0 0 3003.DAT
0 STEP
1 86 390.0 -1200 220.0 0 0 1 0 1 0 -1 0 0 3004.DAT
0 STEP
1 86 390.0 -1224 210.0 0 0 1 0 1 0 -1 0 0 3005.DAT
0 STEP
1 86 390.0 -96 260.0 0 0 1 0 1 0 -1 0 0 3010.DAT
0 STEP
1 86 390.0 -1224 260.0 0 0 1 0 1 0 -1 0 0 3010.DAT
0 STEP
1 86 400.0 -1200 260.0 0 0 1 0 1 0 -1 0 0 3003.DAT
0 STEP
1 86 400.0 -1248 250.0 -1 0 0 0 1 0 0 0 -1 3004.DAT
0 STEP
1 86 400.0 -120 300.0 0 0 1 0 1 0 -1 0 0 3003.DAT
0 STEP
1 86 390.0 -168 290.0 0 0 1 0 1 0 -1 0 0 3005.DAT
0 STEP
1 86 400.0 -1200 290.0 -1 0 0 0 1 0 0 0 -1 3004.DAT
0 STEP
1 86 400.0 -1248 300.0 0 0 1 0 1 0 -1 0 0 3003.DAT
0 STEP
1 86 390.0 -96 310.0 0 0 1 0 1 0 -1 0 0 3005.DAT
0 STEP
1 86 400.0 -168 310.0 -1 0 0 0 1 0 0 0 -1 3004.DAT
0 STEP
1 86 440.0 -1200 310.0 -1 0 0 0 1 0 0 0 -1 3009.DAT
0 STEP
1 86 390.0 -120 340.0 0 0 1 0 1 0 -1 0 0 3004.DAT
0 STEP
1 86 400.0 -144 340.0 0 0 1 0 1 0 -1 0 0 3003.DAT
0 STEP
1 86 390.0 -168 340.0 0 0 1 0 1 0 -1 0 0 3004.DAT
0 STEP
1 86 390.0 -192 350.0 0 0 1 0 1 0 -1 0 0 3005.DAT
0 STEP
1 86 400.0 -1224 380.0 0 0 1 0 1 0 -1 0 0 3001.DAT
0 STEP
1 86 390.0 -144 370.0 0 0 1 0 1 0 -1 0 0 3005.DAT
0 STEP
1 86 400.0 -192 370.0 -1 0 0 0 1 0 0 0 -1 3004.DAT
0 STEP
1 86 390.0 -1176 380.0 0 0 1 0 1 0 -1 0 0 3004.DAT
0 STEP
1 86 390.0 -168 390.0 0 0 1 0 1 0 -1 0 0 3005.DAT
0 STEP
1 86 400.0 -216 390.0 -1 0 0 0 1 0 0 0 -1 3004.DAT
0 STEP
1 86 390.0 -192 410.0 0 0 1 0 1 0 -1 0 0 3005.DAT
0 STEP
1 86 390.0 -240 420.0 0 0 1 0 1 0 -1 0 0 3004.DAT
0 STEP
1 86 390.0 -1200 410.0 0 0 1 0 1 0 -1 0 0 3005.DAT
0 STEP
1 86 400.0 -264 430.0 -1 0 0 0 1 0 0 0 -1 3004.DAT
0 STEP
1 86 390.0 -1176 430.0 0 0 1 0 1 0 -1 0 0 3005.DAT
0 STEP
1 86 390.0 -1200 460.0 0 0 1 0 1 0 -1 0 0 3010.DAT
0 STEP
1 86 390.0 -240 450.0 0 0 1 0 1 0 -1 0 0 3005.DAT
0 STEP
1 86 400.0 -312 450.0 -1 0 0 0 1 0 0 0 -1 3004.DAT
0 STEP
1 86 400.0 -360 450.0 -1 0 0 0 1 0 0 0 -1 3004.DAT
0 STEP
1 86 400.0 -384 460.0 0 0 1 0 1 0 -1 0 0 3003.DAT
0 STEP
1 86 400.0 -432 450.0 -1 0 0 0 1 0 0 0 -1 3004.DAT
0 STEP
1 86 400.0 -480 450.0 -1 0 0 0 1 0 0 0 -1 3004.DAT
0 STEP
1 86 400.0 -528 450.0 -1 0 0 0 1 0 0 0 -1 3004.DAT
0 STEP
1 86 420.0 -672 450.0 -1 0 0 0 1 0 0 0 -1 3010.DAT
0 STEP
1 86 400.0 -696 460.0 0 0 1 0 1 0 -1 0 0 3003.DAT
0 STEP
1 86 400.0 -864 450.0 -1 0 0 0 1 0 0 0 -1 3004.DAT
0 STEP
1 86 400.0 -888 460.0 0 0 1 0 1 0 -1 0 0 3003.DAT
0 STEP
1 86 390.0 -912 450.0 0 0 1 0 1 0 -1 0 0 3005.DAT
0 STEP
1 86 400.0 -936 450.0 -1 0 0 0 1 0 0 0 -1 3004.DAT
0 STEP
1 86 400.0 -984 450.0 -1 0 0 0 1 0 0 0 -1 3004.DAT
0 STEP
1 86 400.0 -1080 460.0 0 0 1 0 1 0 -1 0 0 3003.DAT
0 STEP
1 86 400.0 -1128 450.0 -1 0 0 0 1 0 0 0 -1 3004.DAT
0 STEP
1 86 400.0 -312 480.0 0 0 1 0 1 0 -1 0 0 3003.DAT
0 STEP
1 86 400.0 -336 480.0 0 0 1 0 1 0 -1 0 0 3003.DAT
0 STEP
1 86 400.0 -360 480.0 0 0 1 0 1 0 -1 0 0 3003.DAT
0 STEP
1 86 390.0 -432 470.0 0 0 1 0 1 0 -1 0 0 3005.DAT
0 STEP
1 86 400.0 -480 480.0 0 0 1 0 1 0 -1 0 0 3003.DAT
0 STEP
1 86 390.0 -528 470.0 0 0 1 0 1 0 -1 0 0 3005.DAT
0 STEP
1 86 390.0 -600 470.0 0 0 1 0 1 0 -1 0 0 3005.DAT
0 STEP
1 86 400.0 -624 480.0 0 0 1 0 1 0 -1 0 0 3003.DAT
0 STEP
1 86 400.0 -672 480.0 0 0 1 0 1 0 -1 0 0 3003.DAT
0 STEP
1 86 400.0 -816 480.0 0 0 1 0 1 0 -1 0 0 3003.DAT
0 STEP
1 86 400.0 -864 480.0 0 0 1 0 1 0 -1 0 0 3003.DAT
0 STEP
1 86 390.0 -912 480.0 0 0 1 0 1 0 -1 0 0 3004.DAT
0 STEP
1 86 400.0 -984 480.0 0 0 1 0 1 0 -1 0 0 3003.DAT
0 STEP
1 86 390.0 -1104 470.0 0 0 1 0 1 0 -1 0 0 3005.DAT
0 STEP
1 86 390.0 -1128 470.0 0 0 1 0 1 0 -1 0 0 3005.DAT
0 STEP
1 86 400.0 -1152 480.0 0 0 1 0 1 0 -1 0 0 3003.DAT
0 STEP
1 86 400.0 -432 490.0 -1 0 0 0 1 0 0 0 -1 3004.DAT
0 STEP
1 86 400.0 -528 490.0 -1 0 0 0 1 0 0 0 -1 3004.DAT
0 STEP
1 86 400.0 -600 490.0 -1 0 0 0 1 0 0 0 -1 3004.DAT
0 STEP
1 86 400.0 -696 490.0 -1 0 0 0 1 0 0 0 -1 3004.DAT
0 STEP
1 86 400.0 -744 490.0 -1 0 0 0 1 0 0 0 -1 3004.DAT
0 STEP
1 86 400.0 -792 490.0 -1 0 0 0 1 0 0 0 -1 3004.DAT
0 STEP
1 86 400.0 -888 490.0 -1 0 0 0 1 0 0 0 -1 3004.DAT
0 STEP
1 86 400.0 -936 490.0 -1 0 0 0 1 0 0 0 -1 3004.DAT
0 STEP
1 86 400.0 -1080 490.0 -1 0 0 0 1 0 0 0 -1 3004.DAT
0 STEP
1 86 400.0 -1128 490.0 -1 0 0 0 1 0 0 0 -1 3004.DAT
0 STEP
1 86 410.0 -312 50.0 0 0 1 0 1 0 -1 0 0 3005.DAT
0 STEP
1 86 410.0 -336 50.0 0 0 1 0 1 0 -1 0 0 3005.DAT
0 STEP
1 86 410.0 -504 60.0 0 0 1 0 1 0 -1 0 0 3004.DAT
0 STEP
1 86 410.0 -552 50.0 0 0 1 0 1 0 -1 0 0 3005.DAT
0 STEP
1 86 410.0 -624 50.0 0 0 1 0 1 0 -1 0 0 3005.DAT
0 STEP
1 86 410.0 -672 50.0 0 0 1 0 1 0 -1 0 0 3005.DAT
0 STEP
1 86 410.0 -696 60.0 0 0 1 0 1 0 -1 0 0 3004.DAT
0 STEP
1 86 410.0 -768 50.0 0 0 1 0 1 0 -1 0 0 3005.DAT
0 STEP
1 86 410.0 -792 60.0 0 0 1 0 1 0 -1 0 0 3004.DAT
0 STEP
1 86 410.0 -816 50.0 0 0 1 0 1 0 -1 0 0 3005.DAT
0 STEP
1 86 410.0 -912 50.0 0 0 1 0 1 0 -1 0 0 3005.DAT
0 STEP
1 86 410.0 -960 50.0 0 0 1 0 1 0 -1 0 0 3005.DAT
0 STEP
1 86 410.0 -1032 60.0 0 0 1 0 1 0 -1 0 0 3004.DAT
0 STEP
1 86 410.0 -1080 60.0 0 0 1 0 1 0 -1 0 0 3004.DAT
0 STEP
1 86 410.0 -1104 50.0 0 0 1 0 1 0 -1 0 0 3005.DAT
0 STEP
1 86 410.0 -1152 60.0 0 0 1 0 1 0 -1 0 0 3004.DAT
0 STEP
1 86 410.0 -1200 50.0 0 0 1 0 1 0 -1 0 0 3005.DAT
0 STEP
1 86 420.0 -288 70.0 -1 0 0 0 1 0 0 0 -1 3004.DAT
0 STEP
1 86 410.0 -336 80.0 0 0 1 0 1 0 -1 0 0 3004.DAT
0 STEP
1 86 420.0 -384 70.0 -1 0 0 0 1 0 0 0 -1 3004.DAT
0 STEP
1 86 420.0 -480 80.0 0 0 1 0 1 0 -1 0 0 3003.DAT
0 STEP
1 86 420.0 -552 70.0 -1 0 0 0 1 0 0 0 -1 3004.DAT
0 STEP
1 86 420.0 -624 80.0 0 0 1 0 1 0 -1 0 0 3003.DAT
0 STEP
1 86 420.0 -672 80.0 0 0 1 0 1 0 -1 0 0 3003.DAT
0 STEP
1 86 420.0 -720 80.0 0 0 1 0 1 0 -1 0 0 3003.DAT
0 STEP
1 86 420.0 -840 70.0 -1 0 0 0 1 0 0 0 -1 3004.DAT
0 STEP
1 86 420.0 -912 80.0 0 0 1 0 1 0 -1 0 0 3003.DAT
0 STEP
1 86 420.0 -960 80.0 0 0 1 0 1 0 -1 0 0 3003.DAT
0 STEP
1 86 420.0 -1008 80.0 0 0 1 0 1 0 -1 0 0 3003.DAT
0 STEP
1 86 420.0 -1056 80.0 0 0 1 0 1 0 -1 0 0 3003.DAT
0 STEP
1 86 420.0 -1176 70.0 -1 0 0 0 1 0 0 0 -1 3004.DAT
0 STEP
1 86 420.0 -1200 80.0 0 0 1 0 1 0 -1 0 0 3003.DAT
0 STEP
1 86 420.0 -264 90.0 -1 0 0 0 1 0 0 0 -1 3004.DAT
0 STEP
1 86 420.0 -288 100.0 0 0 1 0 1 0 -1 0 0 3003.DAT
0 STEP
1 86 420.0 -360 90.0 -1 0 0 0 1 0 0 0 -1 3004.DAT
0 STEP
1 86 420.0 -432 90.0 -1 0 0 0 1 0 0 0 -1 3004.DAT
0 STEP
1 86 420.0 -528 90.0 -1 0 0 0 1 0 0 0 -1 3004.DAT
0 STEP
1 86 410.0 -792 90.0 0 0 1 0 1 0 -1 0 0 3005.DAT
0 STEP
1 86 410.0 -840 90.0 0 0 1 0 1 0 -1 0 0 3005.DAT
0 STEP
1 86 420.0 -1152 90.0 -1 0 0 0 1 0 0 0 -1 3004.DAT
0 STEP
1 86 420.0 -240 110.0 -1 0 0 0 1 0 0 0 -1 3004.DAT
0 STEP
1 86 410.0 -264 120.0 0 0 1 0 1 0 -1 0 0 3004.DAT
0 STEP
1 86 410.0 -1200 110.0 0 0 1 0 1 0 -1 0 0 3005.DAT
0 STEP
1 86 420.0 -240 140.0 0 0 1 0 1 0 -1 0 0 3003.DAT
0 STEP
1 86 420.0 -1176 130.0 -1 0 0 0 1 0 0 0 -1 3004.DAT
0 STEP
1 86 410.0 -1200 140.0 0 0 1 0 1 0 -1 0 0 3004.DAT
0 STEP
1 86 420.0 -1224 130.0 -1 0 0 0 1 0 0 0 -1 3004.DAT
0 STEP
1 86 420.0 -1176 180.0 0 0 1 0 1 0 -1 0 0 3001.DAT
0 STEP
1 86 420.0 -1224 180.0 0 0 1 0 1 0 -1 0 0 3001.DAT
0 STEP
1 86 410.0 -168 170.0 0 0 1 0 1 0 -1 0 0 3005.DAT
0 STEP
1 86 420.0 -216 180.0 0 0 1 0 1 0 -1 0 0 3003.DAT
0 STEP
1 86 410.0 -1200 200.0 0 0 1 0 1 0 -1 0 0 3004.DAT
0 STEP
1 86 410.0 -192 210.0 0 0 1 0 1 0 -1 0 0 3005.DAT
0 STEP
1 86 410.0 -120 230.0 0 0 1 0 1 0 -1 0 0 3005.DAT
0 STEP
1 86 420.0 -192 230.0 -1 0 0 0 1 0 0 0 -1 3004.DAT
0 STEP
1 86 410.0 -1200 230.0 0 0 1 0 1 0 -1 0 0 3005.DAT
0 STEP
1 86 410.0 -1224 240.0 0 0 1 0 1 0 -1 0 0 3004.DAT
0 STEP
1 86 410.0 -120 260.0 0 0 1 0 1 0 -1 0 0 3004.DAT
0 STEP
1 86 410.0 -168 260.0 0 0 1 0 1 0 -1 0 0 3004.DAT
0 STEP
1 86 420.0 -192 260.0 0 0 1 0 1 0 -1 0 0 3003.DAT
0 STEP
1 86 420.0 -1224 280.0 0 0 1 0 1 0 -1 0 0 3003.DAT
0 STEP
1 86 410.0 -1248 270.0 0 0 1 0 1 0 -1 0 0 3005.DAT
0 STEP
1 86 420.0 -168 290.0 -1 0 0 0 1 0 0 0 -1 3004.DAT
0 STEP
1 86 420.0 -192 290.0 -1 0 0 0 1 0 0 0 -1 3004.DAT
0 STEP
1 86 410.0 -144 310.0 0 0 1 0 1 0 -1 0 0 3005.DAT
0 STEP
1 86 420.0 -192 320.0 0 0 1 0 1 0 -1 0 0 3003.DAT
0 STEP
1 86 420.0 -168 340.0 0 0 1 0 1 0 -1 0 0 3003.DAT
0 STEP
1 86 420.0 -1176 340.0 0 0 1 0 1 0 -1 0 0 3003.DAT
0 STEP
1 86 420.0 -192 350.0 -1 0 0 0 1 0 0 0 -1 3004.DAT
0 STEP
1 86 420.0 -216 360.0 0 0 1 0 1 0 -1 0 0 3003.DAT
0 STEP
1 86 410.0 -1200 420.0 0 0 1 0 1 0 -1 0 0 3008.DAT
0 STEP
1 86 410.0 -168 370.0 0 0 1 0 1 0 -1 0 0 3005.DAT
0 STEP
1 86 410.0 -1176 370.0 0 0 1 0 1 0 -1 0 0 3005.DAT
0 STEP
1 86 410.0 -192 390.0 0 0 1 0 1 0 -1 0 0 3005.DAT
0 STEP
1 86 410.0 -240 390.0 0 0 1 0 1 0 -1 0 0 3005.DAT
0 STEP
1 86 440.0 -1176 390.0 -1 0 0 0 1 0 0 0 -1 3010.DAT
0 STEP
1 86 410.0 -216 410.0 0 0 1 0 1 0 -1 0 0 3005.DAT
0 STEP
1 86 420.0 -240 410.0 -1 0 0 0 1 0 0 0 -1 3004.DAT
0 STEP
1 86 420.0 -264 410.0 -1 0 0 0 1 0 0 0 -1 3004.DAT
0 STEP
1 86 410.0 -240 430.0 0 0 1 0 1 0 -1 0 0 3005.DAT
0 STEP
1 86 410.0 -288 430.0 0 0 1 0 1 0 -1 0 0 3005.DAT
0 STEP
1 86 420.0 -1176 430.0 -1 0 0 0 1 0 0 0 -1 3004.DAT
0 STEP
1 86 420.0 -264 450.0 -1 0 0 0 1 0 0 0 -1 3004.DAT
0 STEP
1 86 410.0 -408 450.0 0 0 1 0 1 0 -1 0 0 3005.DAT
0 STEP
1 86 410.0 -456 450.0 0 0 1 0 1 0 -1 0 0 3005.DAT
0 STEP
1 86 410.0 -504 450.0 0 0 1 0 1 0 -1 0 0 3005.DAT
0 STEP
1 86 410.0 -552 450.0 0 0 1 0 1 0 -1 0 0 3005.DAT
0 STEP
1 86 410.0 -576 450.0 0 0 1 0 1 0 -1 0 0 3005.DAT
0 STEP
1 86 420.0 -600 460.0 0 0 1 0 1 0 -1 0 0 3003.DAT
0 STEP
1 86 410.0 -624 450.0 0 0 1 0 1 0 -1 0 0 3005.DAT
0 STEP
1 86 410.0 -648 450.0 0 0 1 0 1 0 -1 0 0 3005.DAT
0 STEP
1 86 410.0 -744 450.0 0 0 1 0 1 0 -1 0 0 3005.DAT
0 STEP
1 86 410.0 -792 450.0 0 0 1 0 1 0 -1 0 0 3005.DAT
0 STEP
1 86 410.0 -840 450.0 0 0 1 0 1 0 -1 0 0 3005.DAT
0 STEP
1 86 420.0 -912 460.0 0 0 1 0 1 0 -1 0 0 3003.DAT
0 STEP
1 86 420.0 -960 460.0 0 0 1 0 1 0 -1 0 0 3003.DAT
0 STEP
1 86 420.0 -1008 460.0 0 0 1 0 1 0 -1 0 0 3003.DAT
0 STEP
1 86 410.0 -1032 450.0 0 0 1 0 1 0 -1 0 0 3005.DAT
0 STEP
1 86 420.0 -1056 460.0 0 0 1 0 1 0 -1 0 0 3003.DAT
0 STEP
1 86 410.0 -1104 450.0 0 0 1 0 1 0 -1 0 0 3005.DAT
0 STEP
1 86 410.0 -1152 450.0 0 0 1 0 1 0 -1 0 0 3005.DAT
0 STEP
1 86 410.0 -408 480.0 0 0 1 0 1 0 -1 0 0 3004.DAT
0 STEP
1 86 420.0 -432 470.0 -1 0 0 0 1 0 0 0 -1 3004.DAT
0 STEP
1 86 410.0 -456 480.0 0 0 1 0 1 0 -1 0 0 3004.DAT
0 STEP
1 86 420.0 -504 470.0 -1 0 0 0 1 0 0 0 -1 3004.DAT
0 STEP
1 86 420.0 -528 470.0 -1 0 0 0 1 0 0 0 -1 3004.DAT
0 STEP
1 86 410.0 -576 480.0 0 0 1 0 1 0 -1 0 0 3004.DAT
0 STEP
1 86 420.0 -648 470.0 -1 0 0 0 1 0 0 0 -1 3004.DAT
0 STEP
1 86 410.0 -720 480.0 0 0 1 0 1 0 -1 0 0 3004.DAT
0 STEP
1 86 420.0 -744 470.0 -1 0 0 0 1 0 0 0 -1 3004.DAT
0 STEP
1 86 420.0 -792 470.0 -1 0 0 0 1 0 0 0 -1 3004.DAT
0 STEP
1 86 420.0 -840 470.0 -1 0 0 0 1 0 0 0 -1 3004.DAT
0 STEP
1 86 410.0 -1032 480.0 0 0 1 0 1 0 -1 0 0 3004.DAT
0 STEP
1 86 410.0 -1104 480.0 0 0 1 0 1 0 -1 0 0 3004.DAT
0 STEP
1 86 420.0 -1128 470.0 -1 0 0 0 1 0 0 0 -1 3004.DAT
0 STEP
1 86 410.0 -288 490.0 0 0 1 0 1 0 -1 0 0 3005.DAT
0 STEP
1 86 410.0 -384 490.0 0 0 1 0 1 0 -1 0 0 3005.DAT
0 STEP
1 86 410.0 -504 490.0 0 0 1 0 1 0 -1 0 0 3005.DAT
0 STEP
1 86 410.0 -912 490.0 0 0 1 0 1 0 -1 0 0 3005.DAT
0 STEP
1 86 410.0 -960 490.0 0 0 1 0 1 0 -1 0 0 3005.DAT
0 STEP
1 86 410.0 -1008 490.0 0 0 1 0 1 0 -1 0 0 3005.DAT
0 STEP
1 86 410.0 -1056 490.0 0 0 1 0 1 0 -1 0 0 3005.DAT
0 STEP
1 86 430.0 -312 70.0 0 0 1 0 1 0 -1 0 0 3005.DAT
0 STEP
1 86 430.0 -336 70.0 0 0 1 0 1 0 -1 0 0 3005.DAT
0 STEP
1 86 430.0 -360 70.0 0 0 1 0 1 0 -1 0 0 3005.DAT
0 STEP
1 86 430.0 -408 70.0 0 0 1 0 1 0 -1 0 0 3005.DAT
0 STEP
1 86 430.0 -456 70.0 0 0 1 0 1 0 -1 0 0 3005.DAT
0 STEP
1 86 430.0 -504 70.0 0 0 1 0 1 0 -1 0 0 3005.DAT
0 STEP
1 86 430.0 -528 70.0 0 0 1 0 1 0 -1 0 0 3005.DAT
0 STEP
1 86 430.0 -576 80.0 0 0 1 0 1 0 -1 0 0 3004.DAT
0 STEP
1 86 430.0 -600 70.0 0 0 1 0 1 0 -1 0 0 3005.DAT
0 STEP
1 86 430.0 -648 70.0 0 0 1 0 1 0 -1 0 0 3005.DAT
0 STEP
1 86 430.0 -696 70.0 0 0 1 0 1 0 -1 0 0 3005.DAT
0 STEP
1 86 430.0 -744 70.0 0 0 1 0 1 0 -1 0 0 3005.DAT
0 STEP
1 86 430.0 -792 80.0 0 0 1 0 1 0 -1 0 0 3004.DAT
0 STEP
1 86 430.0 -816 70.0 0 0 1 0 1 0 -1 0 0 3005.DAT
0 STEP
1 86 430.0 -864 80.0 0 0 1 0 1 0 -1 0 0 3004.DAT
0 STEP
1 86 430.0 -888 70.0 0 0 1 0 1 0 -1 0 0 3005.DAT
0 STEP
1 86 430.0 -936 70.0 0 0 1 0 1 0 -1 0 0 3005.DAT
0 STEP
1 86 430.0 -984 70.0 0 0 1 0 1 0 -1 0 0 3005.DAT
0 STEP
1 86 430.0 -1032 70.0 0 0 1 0 1 0 -1 0 0 3005.DAT
0 STEP
1 86 430.0 -1080 70.0 0 0 1 0 1 0 -1 0 0 3005.DAT
0 STEP
1 86 430.0 -1104 80.0 0 0 1 0 1 0 -1 0 0 3004.DAT
0 STEP
1 86 430.0 -1152 70.0 0 0 1 0 1 0 -1 0 0 3005.DAT
0 STEP
1 86 430.0 -336 100.0 0 0 1 0 1 0 -1 0 0 3004.DAT
0 STEP
1 86 430.0 -408 100.0 0 0 1 0 1 0 -1 0 0 3004.DAT
0 STEP
1 86 430.0 -456 100.0 0 0 1 0 1 0 -1 0 0 3004.DAT
0 STEP
1 86 430.0 -504 100.0 0 0 1 0 1 0 -1 0 0 3004.DAT
0 STEP
1 86 430.0 -600 100.0 0 0 1 0 1 0 -1 0 0 3004.DAT
0 STEP
1 86 430.0 -648 100.0 0 0 1 0 1 0 -1 0 0 3004.DAT
0 STEP
1 86 440.0 -696 100.0 0 0 1 0 1 0 -1 0 0 3003.DAT
0 STEP
1 86 430.0 -744 100.0 0 0 1 0 1 0 -1 0 0 3004.DAT
0 STEP
1 86 440.0 -768 100.0 0 0 1 0 1 0 -1 0 0 3003.DAT
0 STEP
1 86 440.0 -840 100.0 0 0 1 0 1 0 -1 0 0 3003.DAT
0 STEP
1 86 440.0 -888 100.0 0 0 1 0 1 0 -1 0 0 3003.DAT
0 STEP
1 86 440.0 -936 100.0 0 0 1 0 1 0 -1 0 0 3003.DAT
0 STEP
1 86 440.0 -984 100.0 0 0 1 0 1 0 -1 0 0 3003.DAT
0 STEP
1 86 440.0 -1032 100.0 0 0 1 0 1 0 -1 0 0 3003.DAT
0 STEP
1 86 440.0 -1080 100.0 0 0 1 0 1 0 -1 0 0 3003.DAT
0 STEP
1 86 440.0 -1128 100.0 0 0 1 0 1 0 -1 0 0 3003.DAT
0 STEP
1 86 440.0 -264 120.0 0 0 1 0 1 0 -1 0 0 3003.DAT
0 STEP
1 86 440.0 -312 110.0 -1 0 0 0 1 0 0 0 -1 3004.DAT
0 STEP
1 86 430.0 -360 110.0 0 0 1 0 1 0 -1 0 0 3005.DAT
0 STEP
1 86 430.0 -384 110.0 0 0 1 0 1 0 -1 0 0 3005.DAT
0 STEP
1 86 440.0 -432 110.0 -1 0 0 0 1 0 0 0 -1 3004.DAT
0 STEP
1 86 430.0 -480 110.0 0 0 1 0 1 0 -1 0 0 3005.DAT
0 STEP
1 86 430.0 -528 110.0 0 0 1 0 1 0 -1 0 0 3005.DAT
0 STEP
1 86 430.0 -552 110.0 0 0 1 0 1 0 -1 0 0 3005.DAT
0 STEP
1 86 440.0 -576 110.0 -1 0 0 0 1 0 0 0 -1 3004.DAT
0 STEP
1 86 430.0 -624 110.0 0 0 1 0 1 0 -1 0 0 3005.DAT
0 STEP
1 86 430.0 -672 110.0 0 0 1 0 1 0 -1 0 0 3005.DAT
0 STEP
1 86 430.0 -720 110.0 0 0 1 0 1 0 -1 0 0 3005.DAT
0 STEP
1 86 430.0 -792 110.0 0 0 1 0 1 0 -1 0 0 3005.DAT
0 STEP
1 86 440.0 -816 110.0 -1 0 0 0 1 0 0 0 -1 3004.DAT
0 STEP
1 86 430.0 -864 110.0 0 0 1 0 1 0 -1 0 0 3005.DAT
0 STEP
1 86 430.0 -912 110.0 0 0 1 0 1 0 -1 0 0 3005.DAT
0 STEP
1 86 430.0 -960 110.0 0 0 1 0 1 0 -1 0 0 3005.DAT
0 STEP
1 86 430.0 -1008 110.0 0 0 1 0 1 0 -1 0 0 3005.DAT
0 STEP
1 86 430.0 -1056 110.0 0 0 1 0 1 0 -1 0 0 3005.DAT
0 STEP
1 86 430.0 -1104 110.0 0 0 1 0 1 0 -1 0 0 3005.DAT
0 STEP
1 86 430.0 -1152 110.0 0 0 1 0 1 0 -1 0 0 3005.DAT
0 STEP
1 86 440.0 -1200 120.0 0 0 1 0 1 0 -1 0 0 3003.DAT
0 STEP
1 86 430.0 -216 140.0 0 0 1 0 1 0 -1 0 0 3004.DAT
0 STEP
1 86 430.0 -288 130.0 0 0 1 0 1 0 -1 0 0 3005.DAT
0 STEP
1 86 440.0 -264 150.0 -1 0 0 0 1 0 0 0 -1 3004.DAT
0 STEP
1 86 440.0 -1200 150.0 -1 0 0 0 1 0 0 0 -1 3004.DAT
0 STEP
1 86 430.0 -192 170.0 0 0 1 0 1 0 -1 0 0 3005.DAT
0 STEP
1 86 440.0 -240 180.0 0 0 1 0 1 0 -1 0 0 3003.DAT
0 STEP
1 86 430.0 -168 200.0 0 0 1 0 1 0 -1 0 0 3004.DAT
0 STEP
1 86 430.0 -192 200.0 0 0 1 0 1 0 -1 0 0 3004.DAT
0 STEP
1 86 460.0 -1200 190.0 -1 0 0 0 1 0 0 0 -1 3010.DAT
0 STEP
1 86 440.0 -216 260.0 0 0 1 0 1 0 -1 0 0 2456.DAT
0 STEP
1 86 430.0 -240 210.0 0 0 1 0 1 0 -1 0 0 3005.DAT
0 STEP
1 86 430.0 -1200 220.0 0 0 1 0 1 0 -1 0 0 3004.DAT
0 STEP
1 86 430.0 -168 230.0 0 0 1 0 1 0 -1 0 0 3005.DAT
0 STEP
1 86 430.0 -1176 240.0 0 0 1 0 1 0 -1 0 0 3004.DAT
0 STEP
1 86 440.0 -1224 240.0 0 0 1 0 1 0 -1 0 0 3003.DAT
0 STEP
1 86 430.0 -144 250.0 0 0 1 0 1 0 -1 0 0 3005.DAT
0 STEP
1 86 440.0 -168 260.0 0 0 1 0 1 0 -1 0 0 3003.DAT
0 STEP
1 86 430.0 -1200 250.0 0 0 1 0 1 0 -1 0 0 3005.DAT
0 STEP
1 86 430.0 -144 280.0 0 0 1 0 1 0 -1 0 0 3004.DAT
0 STEP
1 86 430.0 -1176 270.0 0 0 1 0 1 0 -1 0 0 3005.DAT
0 STEP
1 86 440.0 -1200 270.0 -1 0 0 0 1 0 0 0 -1 3004.DAT
0 STEP
1 86 430.0 -1176 300.0 0 0 1 0 1 0 -1 0 0 3004.DAT
0 STEP
1 86 430.0 -1200 290.0 0 0 1 0 1 0 -1 0 0 3005.DAT
0 STEP
1 86 430.0 -168 310.0 0 0 1 0 1 0 -1 0 0 3005.DAT
0 STEP
1 86 440.0 -216 330.0 -1 0 0 0 1 0 0 0 -1 3004.DAT
0 STEP
1 86 430.0 -240 360.0 0 0 1 0 1 0 -1 0 0 3010.DAT
0 STEP
1 86 430.0 -1200 350.0 0 0 1 0 1 0 -1 0 0 3005.DAT
0 STEP
1 86 430.0 -1224 350.0 0 0 1 0 1 0 -1 0 0 3005.DAT
0 STEP
1 86 430.0 -192 370.0 0 0 1 0 1 0 -1 0 0 3005.DAT
0 STEP
1 86 460.0 -1176 370.0 -1 0 0 0 1 0 0 0 -1 3010.DAT
0 STEP
1 86 430.0 -1200 400.0 0 0 1 0 1 0 -1 0 0 3010.DAT
0 STEP
1 86 440.0 -1224 380.0 0 0 1 0 1 0 -1 0 0 3003.DAT
0 STEP
1 86 430.0 -216 400.0 0 0 1 0 1 0 -1 0 0 3004.DAT
0 STEP
1 86 440.0 -264 390.0 -1 0 0 0 1 0 0 0 -1 3004.DAT
0 STEP
1 86 440.0 -288 420.0 0 0 1 0 1 0 -1 0 0 3003.DAT
0 STEP
1 86 430.0 -1176 410.0 0 0 1 0 1 0 -1 0 0 3005.DAT
0 STEP
1 86 430.0 -1224 410.0 0 0 1 0 1 0 -1 0 0 3005.DAT
0 STEP
1 86 430.0 -264 430.0 0 0 1 0 1 0 -1 0 0 3005.DAT
0 STEP
1 86 430.0 -312 430.0 0 0 1 0 1 0 -1 0 0 3005.DAT
0 STEP
1 86 440.0 -336 430.0 -1 0 0 0 1 0 0 0 -1 3004.DAT
0 STEP
1 86 430.0 -360 430.0 0 0 1 0 1 0 -1 0 0 3005.DAT
0 STEP
1 86 430.0 -384 430.0 0 0 1 0 1 0 -1 0 0 3005.DAT
0 STEP
1 86 440.0 -408 430.0 -1 0 0 0 1 0 0 0 -1 3004.DAT
0 STEP
1 86 440.0 -432 440.0 0 0 1 0 1 0 -1 0 0 3003.DAT
0 STEP
1 86 430.0 -456 430.0 0 0 1 0 1 0 -1 0 0 3005.DAT
0 STEP
1 86 430.0 -480 430.0 0 0 1 0 1 0 -1 0 0 3005.DAT
0 STEP
1 86 430.0 -504 440.0 0 0 1 0 1 0 -1 0 0 3004.DAT
0 STEP
1 86 430.0 -528 440.0 0 0 1 0 1 0 -1 0 0 3004.DAT
0 STEP
1 86 440.0 -552 440.0 0 0 1 0 1 0 -1 0 0 3003.DAT
0 STEP
1 86 440.0 -576 440.0 0 0 1 0 1 0 -1 0 0 3003.DAT
0 STEP
1 86 430.0 -600 430.0 0 0 1 0 1 0 -1 0 0 3005.DAT
0 STEP
1 86 430.0 -624 430.0 0 0 1 0 1 0 -1 0 0 3005.DAT
0 STEP
1 86 440.0 -648 440.0 0 0 1 0 1 0 -1 0 0 3003.DAT
0 STEP
1 86 440.0 -672 430.0 -1 0 0 0 1 0 0 0 -1 3004.DAT
0 STEP
1 86 430.0 -696 430.0 0 0 1 0 1 0 -1 0 0 3005.DAT
0 STEP
1 86 430.0 -720 430.0 0 0 1 0 1 0 -1 0 0 3005.DAT
0 STEP
1 86 440.0 -744 440.0 0 0 1 0 1 0 -1 0 0 3003.DAT
0 STEP
1 86 430.0 -768 430.0 0 0 1 0 1 0 -1 0 0 3005.DAT
0 STEP
1 86 440.0 -792 440.0 0 0 1 0 1 0 -1 0 0 3003.DAT
0 STEP
1 86 430.0 -816 430.0 0 0 1 0 1 0 -1 0 0 3005.DAT
0 STEP
1 86 440.0 -840 440.0 0 0 1 0 1 0 -1 0 0 3003.DAT
0 STEP
1 86 430.0 -864 430.0 0 0 1 0 1 0 -1 0 0 3005.DAT
0 STEP
1 86 440.0 -888 440.0 0 0 1 0 1 0 -1 0 0 3003.DAT
0 STEP
1 86 430.0 -912 430.0 0 0 1 0 1 0 -1 0 0 3005.DAT
0 STEP
1 86 440.0 -936 440.0 0 0 1 0 1 0 -1 0 0 3003.DAT
0 STEP
1 86 430.0 -960 430.0 0 0 1 0 1 0 -1 0 0 3005.DAT
0 STEP
1 86 440.0 -984 440.0 0 0 1 0 1 0 -1 0 0 3003.DAT
0 STEP
1 86 430.0 -1008 430.0 0 0 1 0 1 0 -1 0 0 3005.DAT
0 STEP
1 86 430.0 -1032 440.0 0 0 1 0 1 0 -1 0 0 3004.DAT
0 STEP
1 86 440.0 -1056 430.0 -1 0 0 0 1 0 0 0 -1 3004.DAT
0 STEP
1 86 430.0 -1080 440.0 0 0 1 0 1 0 -1 0 0 3004.DAT
0 STEP
1 86 440.0 -1104 430.0 -1 0 0 0 1 0 0 0 -1 3004.DAT
0 STEP
1 86 430.0 -1128 440.0 0 0 1 0 1 0 -1 0 0 3004.DAT
0 STEP
1 86 440.0 -1152 440.0 0 0 1 0 1 0 -1 0 0 3003.DAT
0 STEP
1 86 430.0 -312 460.0 0 0 1 0 1 0 -1 0 0 3004.DAT
0 STEP
1 86 430.0 -360 460.0 0 0 1 0 1 0 -1 0 0 3004.DAT
0 STEP
1 86 440.0 -384 450.0 -1 0 0 0 1 0 0 0 -1 3004.DAT
0 STEP
1 86 430.0 -408 460.0 0 0 1 0 1 0 -1 0 0 3004.DAT
0 STEP
1 86 430.0 -456 460.0 0 0 1 0 1 0 -1 0 0 3004.DAT
0 STEP
1 86 430.0 -480 460.0 0 0 1 0 1 0 -1 0 0 3004.DAT
0 STEP
1 86 440.0 -624 450.0 -1 0 0 0 1 0 0 0 -1 3004.DAT
0 STEP
1 86 430.0 -696 460.0 0 0 1 0 1 0 -1 0 0 3004.DAT
0 STEP
1 86 430.0 -864 460.0 0 0 1 0 1 0 -1 0 0 3004.DAT
0 STEP
1 86 430.0 -1104 460.0 0 0 1 0 1 0 -1 0 0 3004.DAT
0 STEP
1 86 440.0 -1200 450.0 -1 0 0 0 1 0 0 0 -1 3004.DAT
0 STEP
1 86 430.0 -336 470.0 0 0 1 0 1 0 -1 0 0 3005.DAT
0 STEP
1 86 430.0 -384 470.0 0 0 1 0 1 0 -1 0 0 3005.DAT
0 STEP
1 86 430.0 -576 470.0 0 0 1 0 1 0 -1 0 0 3005.DAT
0 STEP
1 86 430.0 -624 470.0 0 0 1 0 1 0 -1 0 0 3005.DAT
0 STEP
1 86 430.0 -672 470.0 0 0 1 0 1 0 -1 0 0 3005.DAT
0 STEP
1 86 430.0 -720 470.0 0 0 1 0 1 0 -1 0 0 3005.DAT
0 STEP
1 86 430.0 -768 470.0 0 0 1 0 1 0 -1 0 0 3005.DAT
0 STEP
1 86 430.0 -816 470.0 0 0 1 0 1 0 -1 0 0 3005.DAT
0 STEP
1 86 430.0 -888 470.0 0 0 1 0 1 0 -1 0 0 3005.DAT
0 STEP
1 86 430.0 -936 470.0 0 0 1 0 1 0 -1 0 0 3005.DAT
0 STEP
1 86 430.0 -984 470.0 0 0 1 0 1 0 -1 0 0 3005.DAT
0 STEP
1 86 430.0 -1032 470.0 0 0 1 0 1 0 -1 0 0 3005.DAT
0 STEP
1 86 430.0 -1080 470.0 0 0 1 0 1 0 -1 0 0 3005.DAT
0 STEP
1 86 430.0 -1152 470.0 0 0 1 0 1 0 -1 0 0 3005.DAT
0 STEP
1 86 430.0 -1200 470.0 0 0 1 0 1 0 -1 0 0 3005.DAT
0 STEP
1 86 450.0 -288 100.0 0 0 1 0 1 0 -1 0 0 3004.DAT
0 STEP
1 86 450.0 -336 90.0 0 0 1 0 1 0 -1 0 0 3005.DAT
0 STEP
1 86 450.0 -360 120.0 0 0 1 0 1 0 -1 0 0 3010.DAT
0 STEP
1 86 450.0 -408 90.0 0 0 1 0 1 0 -1 0 0 3005.DAT
0 STEP
1 86 450.0 -432 90.0 0 0 1 0 1 0 -1 0 0 3005.DAT
0 STEP
1 86 450.0 -456 90.0 0 0 1 0 1 0 -1 0 0 3005.DAT
0 STEP
1 86 450.0 -480 120.0 0 0 1 0 1 0 -1 0 0 3010.DAT
0 STEP
1 86 450.0 -504 90.0 0 0 1 0 1 0 -1 0 0 3005.DAT
0 STEP
1 86 450.0 -528 120.0 0 0 1 0 1 0 -1 0 0 3010.DAT
0 STEP
1 86 450.0 -576 90.0 0 0 1 0 1 0 -1 0 0 3005.DAT
0 STEP
1 86 450.0 -600 90.0 0 0 1 0 1 0 -1 0 0 3005.DAT
0 STEP
1 86 450.0 -624 90.0 0 0 1 0 1 0 -1 0 0 3005.DAT
0 STEP
1 86 450.0 -648 90.0 0 0 1 0 1 0 -1 0 0 3005.DAT
0 STEP
1 86 450.0 -672 100.0 0 0 1 0 1 0 -1 0 0 3004.DAT
0 STEP
1 86 450.0 -720 90.0 0 0 1 0 1 0 -1 0 0 3005.DAT
0 STEP
1 86 450.0 -744 90.0 0 0 1 0 1 0 -1 0 0 3005.DAT
0 STEP
1 86 450.0 -792 90.0 0 0 1 0 1 0 -1 0 0 3005.DAT
0 STEP
1 86 450.0 -864 90.0 0 0 1 0 1 0 -1 0 0 3005.DAT
0 STEP
1 86 450.0 -912 90.0 0 0 1 0 1 0 -1 0 0 3005.DAT
0 STEP
1 86 450.0 -960 90.0 0 0 1 0 1 0 -1 0 0 3005.DAT
0 STEP
1 86 450.0 -1008 90.0 0 0 1 0 1 0 -1 0 0 3005.DAT
0 STEP
1 86 450.0 -1056 90.0 0 0 1 0 1 0 -1 0 0 3005.DAT
0 STEP
1 86 450.0 -1104 90.0 0 0 1 0 1 0 -1 0 0 3005.DAT
0 STEP
1 86 450.0 -1152 90.0 0 0 1 0 1 0 -1 0 0 3005.DAT
0 STEP
1 86 450.0 -1200 90.0 0 0 1 0 1 0 -1 0 0 3005.DAT
0 STEP
1 86 460.0 -336 110.0 -1 0 0 0 1 0 0 0 -1 3004.DAT
0 STEP
1 86 460.0 -384 110.0 -1 0 0 0 1 0 0 0 -1 3004.DAT
0 STEP
1 86 450.0 -408 120.0 0 0 1 0 1 0 -1 0 0 3004.DAT
0 STEP
1 86 460.0 -456 120.0 0 0 1 0 1 0 -1 0 0 3003.DAT
0 STEP
1 86 460.0 -504 120.0 0 0 1 0 1 0 -1 0 0 3003.DAT
0 STEP
1 86 460.0 -552 110.0 -1 0 0 0 1 0 0 0 -1 3004.DAT
0 STEP
1 86 460.0 -600 110.0 -1 0 0 0 1 0 0 0 -1 3004.DAT
0 STEP
1 86 450.0 -624 120.0 0 0 1 0 1 0 -1 0 0 3004.DAT
0 STEP
1 86 460.0 -648 110.0 -1 0 0 0 1 0 0 0 -1 3004.DAT
0 STEP
1 86 450.0 -720 120.0 0 0 1 0 1 0 -1 0 0 3004.DAT
0 STEP
1 86 460.0 -744 120.0 0 0 1 0 1 0 -1 0 0 3003.DAT
0 STEP
1 86 460.0 -792 120.0 0 0 1 0 1 0 -1 0 0 3003.DAT
0 STEP
1 86 460.0 -864 120.0 0 0 1 0 1 0 -1 0 0 3003.DAT
0 STEP
1 86 460.0 -912 120.0 0 0 1 0 1 0 -1 0 0 3003.DAT
0 STEP
1 86 460.0 -960 120.0 0 0 1 0 1 0 -1 0 0 3003.DAT
0 STEP
1 86 460.0 -1008 120.0 0 0 1 0 1 0 -1 0 0 3003.DAT
0 STEP
1 86 460.0 -1056 110.0 -1 0 0 0 1 0 0 0 -1 3004.DAT
0 STEP
1 86 450.0 -1104 120.0 0 0 1 0 1 0 -1 0 0 3004.DAT
0 STEP
1 86 450.0 -1152 120.0 0 0 1 0 1 0 -1 0 0 3004.DAT
0 STEP
1 86 460.0 -288 140.0 0 0 1 0 1 0 -1 0 0 3003.DAT
0 STEP
1 86 460.0 -312 130.0 -1 0 0 0 1 0 0 0 -1 3004.DAT
0 STEP
1 86 450.0 -336 140.0 0 0 1 0 1 0 -1 0 0 3004.DAT
0 STEP
1 86 460.0 -384 140.0 0 0 1 0 1 0 -1 0 0 3003.DAT
0 STEP
1 86 450.0 -432 130.0 0 0 1 0 1 0 -1 0 0 3005.DAT
0 STEP
1 86 450.0 -552 140.0 0 0 1 0 1 0 -1 0 0 3004.DAT
0 STEP
1 86 450.0 -576 130.0 0 0 1 0 1 0 -1 0 0 3005.DAT
0 STEP
1 86 460.0 -600 140.0 0 0 1 0 1 0 -1 0 0 3003.DAT
0 STEP
1 86 450.0 -648 140.0 0 0 1 0 1 0 -1 0 0 3004.DAT
0 STEP
1 86 460.0 -672 140.0 0 0 1 0 1 0 -1 0 0 3003.DAT
0 STEP
1 86 450.0 -696 140.0 0 0 1 0 1 0 -1 0 0 3004.DAT
0 STEP
1 86 450.0 -768 130.0 0 0 1 0 1 0 -1 0 0 3005.DAT
0 STEP
1 86 460.0 -816 140.0 0 0 1 0 1 0 -1 0 0 3003.DAT
0 STEP
1 86 450.0 -840 140.0 0 0 1 0 1 0 -1 0 0 3004.DAT
0 STEP
1 86 450.0 -888 140.0 0 0 1 0 1 0 -1 0 0 3004.DAT
0 STEP
1 86 450.0 -936 140.0 0 0 1 0 1 0 -1 0 0 3004.DAT
0 STEP
1 86 450.0 -984 140.0 0 0 1 0 1 0 -1 0 0 3004.DAT
0 STEP
1 86 460.0 -1032 140.0 0 0 1 0 1 0 -1 0 0 3003.DAT
0 STEP
1 86 450.0 -1056 140.0 0 0 1 0 1 0 -1 0 0 3004.DAT
0 STEP
1 86 460.0 -1080 140.0 0 0 1 0 1 0 -1 0 0 3003.DAT
0 STEP
1 86 450.0 -1128 130.0 0 0 1 0 1 0 -1 0 0 3005.DAT
0 STEP
1 86 450.0 -1176 180.0 0 0 1 0 1 0 -1 0 0 3009.DAT
0 STEP
1 86 450.0 -240 150.0 0 0 1 0 1 0 -1 0 0 3005.DAT
0 STEP
1 86 450.0 -312 150.0 0 0 1 0 1 0 -1 0 0 3005.DAT
0 STEP
1 86 450.0 -408 150.0 0 0 1 0 1 0 -1 0 0 3005.DAT
0 STEP
1 86 460.0 -432 150.0 -1 0 0 0 1 0 0 0 -1 3004.DAT
0 STEP
1 86 460.0 -456 150.0 -1 0 0 0 1 0 0 0 -1 3004.DAT
0 STEP
1 86 460.0 -504 150.0 -1 0 0 0 1 0 0 0 -1 3004.DAT
0 STEP
1 86 460.0 -576 150.0 -1 0 0 0 1 0 0 0 -1 3004.DAT
0 STEP
1 86 460.0 -624 150.0 -1 0 0 0 1 0 0 0 -1 3004.DAT
0 STEP
1 86 450.0 -720 150.0 0 0 1 0 1 0 -1 0 0 3005.DAT
0 STEP
1 86 450.0 -744 150.0 0 0 1 0 1 0 -1 0 0 3005.DAT
0 STEP
1 86 460.0 -768 150.0 -1 0 0 0 1 0 0 0 -1 3004.DAT
0 STEP
1 86 450.0 -792 150.0 0 0 1 0 1 0 -1 0 0 3005.DAT
0 STEP
1 86 460.0 -864 150.0 -1 0 0 0 1 0 0 0 -1 3004.DAT
0 STEP
1 86 460.0 -912 150.0 -1 0 0 0 1 0 0 0 -1 3004.DAT
0 STEP
1 86 460.0 -960 150.0 -1 0 0 0 1 0 0 0 -1 3004.DAT
0 STEP
1 86 460.0 -1008 150.0 -1 0 0 0 1 0 0 0 -1 3004.DAT
0 STEP
1 86 450.0 -1104 150.0 0 0 1 0 1 0 -1 0 0 3005.DAT
0 STEP
1 86 460.0 -1128 150.0 -1 0 0 0 1 0 0 0 -1 3004.DAT
0 STEP
1 86 450.0 -1152 150.0 0 0 1 0 1 0 -1 0 0 3005.DAT
0 STEP
1 86 450.0 -1224 150.0 0 0 1 0 1 0 -1 0 0 3005.DAT
0 STEP
1 86 450.0 -216 180.0 0 0 1 0 1 0 -1 0 0 3004.DAT
0 STEP
1 86 460.0 -264 170.0 -1 0 0 0 1 0 0 0 -1 3004.DAT
0 STEP
1 86 450.0 -1224 180.0 0 0 1 0 1 0 -1 0 0 3004.DAT
0 STEP
1 86 460.0 -264 200.0 0 0 1 0 1 0 -1 0 0 3003.DAT
0 STEP
1 86 450.0 -192 260.0 0 0 1 0 1 0 -1 0 0 3009.DAT
0 STEP
1 86 460.0 -240 220.0 0 0 1 0 1 0 -1 0 0 3003.DAT
0 STEP
1 86 460.0 -1200 210.0 -1 0 0 0 1 0 0 0 -1 3004.DAT
0 STEP
1 86 450.0 -1224 210.0 0 0 1 0 1 0 -1 0 0 3005.DAT
0 STEP
1 86 450.0 -264 230.0 0 0 1 0 1 0 -1 0 0 3005.DAT
0 STEP
1 86 450.0 -1200 230.0 0 0 1 0 1 0 -1 0 0 3005.DAT
0 STEP
1 86 460.0 -240 250.0 -1 0 0 0 1 0 0 0 -1 3004.DAT
0 STEP
1 86 450.0 -1176 250.0 0 0 1 0 1 0 -1 0 0 3005.DAT
0 STEP
1 86 460.0 -1200 250.0 -1 0 0 0 1 0 0 0 -1 3004.DAT
0 STEP
1 86 460.0 -240 320.0 0 0 1 0 1 0 -1 0 0 2456.DAT
0 STEP
1 86 450.0 -1176 280.0 0 0 1 0 1 0 -1 0 0 3004.DAT
0 STEP
1 86 460.0 -1224 270.0 -1 0 0 0 1 0 0 0 -1 3004.DAT
0 STEP
1 86 460.0 -1200 290.0 -1 0 0 0 1 0 0 0 -1 3004.DAT
0 STEP
1 86 450.0 -1224 300.0 0 0 1 0 1 0 -1 0 0 3004.DAT
0 STEP
1 86 450.0 -264 310.0 0 0 1 0 1 0 -1 0 0 3005.DAT
0 STEP
1 86 450.0 -1176 310.0 0 0 1 0 1 0 -1 0 0 3005.DAT
0 STEP
1 86 450.0 -192 330.0 0 0 1 0 1 0 -1 0 0 3005.DAT
0 STEP
1 86 460.0 -264 330.0 -1 0 0 0 1 0 0 0 -1 3004.DAT
0 STEP
1 86 450.0 -1176 340.0 0 0 1 0 1 0 -1 0 0 3004.DAT
0 STEP
1 86 450.0 -1224 330.0 0 0 1 0 1 0 -1 0 0 3005.DAT
0 STEP
1 86 450.0 -216 360.0 0 0 1 0 1 0 -1 0 0 3004.DAT
0 STEP
1 86 460.0 -264 360.0 0 0 1 0 1 0 -1 0 0 3003.DAT
0 STEP
1 86 450.0 -1200 380.0 0 0 1 0 1 0 -1 0 0 3010.DAT
0 STEP
1 86 460.0 -1224 350.0 -1 0 0 0 1 0 0 0 -1 3004.DAT
0 STEP
1 86 450.0 -240 390.0 0 0 1 0 1 0 -1 0 0 3005.DAT
0 STEP
1 86 460.0 -288 390.0 -1 0 0 0 1 0 0 0 -1 3004.DAT
0 STEP
1 86 450.0 -312 420.0 0 0 1 0 1 0 -1 0 0 3010.DAT
0 STEP
1 86 460.0 -336 390.0 -1 0 0 0 1 0 0 0 -1 3004.DAT
0 STEP
1 86 450.0 -360 420.0 0 0 1 0 1 0 -1 0 0 3010.DAT
0 STEP
1 86 460.0 -384 390.0 -1 0 0 0 1 0 0 0 -1 3004.DAT
0 STEP
1 86 460.0 -408 390.0 -1 0 0 0 1 0 0 0 -1 3004.DAT
0 STEP
1 86 450.0 -432 400.0 0 0 1 0 1 0 -1 0 0 3004.DAT
0 STEP
1 86 460.0 -456 390.0 -1 0 0 0 1 0 0 0 -1 3004.DAT
0 STEP
1 86 450.0 -480 400.0 0 0 1 0 1 0 -1 0 0 3004.DAT
0 STEP
1 86 450.0 -504 400.0 0 0 1 0 1 0 -1 0 0 3004.DAT
0 STEP
1 86 450.0 -528 420.0 0 0 1 0 1 0 -1 0 0 3010.DAT
0 STEP
1 86 460.0 -552 390.0 -1 0 0 0 1 0 0 0 -1 3004.DAT
0 STEP
1 86 450.0 -576 400.0 0 0 1 0 1 0 -1 0 0 3004.DAT
0 STEP
1 86 460.0 -600 390.0 -1 0 0 0 1 0 0 0 -1 3004.DAT
0 STEP
1 86 450.0 -624 400.0 0 0 1 0 1 0 -1 0 0 3004.DAT
0 STEP
1 86 460.0 -648 390.0 -1 0 0 0 1 0 0 0 -1 3004.DAT
0 STEP
1 86 450.0 -672 400.0 0 0 1 0 1 0 -1 0 0 3004.DAT
0 STEP
1 86 460.0 -696 390.0 -1 0 0 0 1 0 0 0 -1 3004.DAT
0 STEP
1 86 450.0 -720 420.0 0 0 1 0 1 0 -1 0 0 3010.DAT
0 STEP
1 86 460.0 -744 400.0 0 0 1 0 1 0 -1 0 0 3003.DAT
0 STEP
1 86 450.0 -768 390.0 0 0 1 0 1 0 -1 0 0 3005.DAT
0 STEP
1 86 460.0 -792 400.0 0 0 1 0 1 0 -1 0 0 3003.DAT
0 STEP
1 86 450.0 -816 400.0 0 0 1 0 1 0 -1 0 0 3004.DAT
0 STEP
1 86 460.0 -840 400.0 0 0 1 0 1 0 -1 0 0 3003.DAT
0 STEP
1 86 450.0 -864 390.0 0 0 1 0 1 0 -1 0 0 3005.DAT
0 STEP
1 86 460.0 -888 400.0 0 0 1 0 1 0 -1 0 0 3003.DAT
0 STEP
1 86 450.0 -912 390.0 0 0 1 0 1 0 -1 0 0 3005.DAT
0 STEP
1 86 450.0 -936 400.0 0 0 1 0 1 0 -1 0 0 3004.DAT
0 STEP
1 86 450.0 -960 390.0 0 0 1 0 1 0 -1 0 0 3005.DAT
0 STEP
1 86 450.0 -984 400.0 0 0 1 0 1 0 -1 0 0 3004.DAT
0 STEP
1 86 450.0 -1008 390.0 0 0 1 0 1 0 -1 0 0 3005.DAT
0 STEP
1 86 450.0 -1032 420.0 0 0 1 0 1 0 -1 0 0 3010.DAT
0 STEP
1 86 460.0 -1056 400.0 0 0 1 0 1 0 -1 0 0 3003.DAT
0 STEP
1 86 450.0 -1080 390.0 0 0 1 0 1 0 -1 0 0 3005.DAT
0 STEP
1 86 450.0 -1104 400.0 0 0 1 0 1 0 -1 0 0 3004.DAT
0 STEP
1 86 450.0 -1128 390.0 0 0 1 0 1 0 -1 0 0 3005.DAT
0 STEP
1 86 450.0 -1152 400.0 0 0 1 0 1 0 -1 0 0 3004.DAT
0 STEP
1 86 450.0 -264 420.0 0 0 1 0 1 0 -1 0 0 3004.DAT
0 STEP
1 86 450.0 -336 410.0 0 0 1 0 1 0 -1 0 0 3005.DAT
0 STEP
1 86 460.0 -384 420.0 0 0 1 0 1 0 -1 0 0 3003.DAT
0 STEP
1 86 450.0 -408 410.0 0 0 1 0 1 0 -1 0 0 3005.DAT
0 STEP
1 86 460.0 -456 420.0 0 0 1 0 1 0 -1 0 0 3003.DAT
0 STEP
1 86 450.0 -552 410.0 0 0 1 0 1 0 -1 0 0 3005.DAT
0 STEP
1 86 450.0 -600 420.0 0 0 1 0 1 0 -1 0 0 3004.DAT
0 STEP
1 86 450.0 -648 410.0 0 0 1 0 1 0 -1 0 0 3005.DAT
0 STEP
1 86 460.0 -696 420.0 0 0 1 0 1 0 -1 0 0 3003.DAT
0 STEP
1 86 460.0 -768 420.0 0 0 1 0 1 0 -1 0 0 3003.DAT
0 STEP
1 86 450.0 -864 420.0 0 0 1 0 1 0 -1 0 0 3004.DAT
0 STEP
1 86 460.0 -912 420.0 0 0 1 0 1 0 -1 0 0 3003.DAT
0 STEP
1 86 460.0 -960 420.0 0 0 1 0 1 0 -1 0 0 3003.DAT
0 STEP
1 86 460.0 -1008 420.0 0 0 1 0 1 0 -1 0 0 3003.DAT
0 STEP
1 86 460.0 -1080 420.0 0 0 1 0 1 0 -1 0 0 3003.DAT
0 STEP
1 86 460.0 -1128 420.0 0 0 1 0 1 0 -1 0 0 3003.DAT
0 STEP
1 86 460.0 -1176 420.0 0 0 1 0 1 0 -1 0 0 3003.DAT
0 STEP
1 86 460.0 -480 430.0 -1 0 0 0 1 0 0 0 -1 3004.DAT
0 STEP
1 86 460.0 -504 430.0 -1 0 0 0 1 0 0 0 -1 3004.DAT
0 STEP
1 86 460.0 -624 430.0 -1 0 0 0 1 0 0 0 -1 3004.DAT
0 STEP
1 86 460.0 -816 430.0 -1 0 0 0 1 0 0 0 -1 3004.DAT
0 STEP
1 86 460.0 -1200 430.0 -1 0 0 0 1 0 0 0 -1 3004.DAT
0 STEP
1 86 450.0 -288 450.0 0 0 1 0 1 0 -1 0 0 3005.DAT
0 STEP
1 86 450.0 -336 450.0 0 0 1 0 1 0 -1 0 0 3005.DAT
0 STEP
1 86 450.0 -408 450.0 0 0 1 0 1 0 -1 0 0 3005.DAT
0 STEP
1 86 450.0 -456 450.0 0 0 1 0 1 0 -1 0 0 3005.DAT
0 STEP
1 86 450.0 -480 450.0 0 0 1 0 1 0 -1 0 0 3005.DAT
0 STEP
1 86 450.0 -504 450.0 0 0 1 0 1 0 -1 0 0 3005.DAT
0 STEP
1 86 450.0 -600 450.0 0 0 1 0 1 0 -1 0 0 3005.DAT
0 STEP
1 86 450.0 -696 450.0 0 0 1 0 1 0 -1 0 0 3005.DAT
0 STEP
1 86 450.0 -768 450.0 0 0 1 0 1 0 -1 0 0 3005.DAT
0 STEP
1 86 450.0 -816 450.0 0 0 1 0 1 0 -1 0 0 3005.DAT
0 STEP
1 86 450.0 -864 450.0 0 0 1 0 1 0 -1 0 0 3005.DAT
0 STEP
1 86 450.0 -912 450.0 0 0 1 0 1 0 -1 0 0 3005.DAT
0 STEP
1 86 450.0 -960 450.0 0 0 1 0 1 0 -1 0 0 3005.DAT
0 STEP
1 86 450.0 -1008 450.0 0 0 1 0 1 0 -1 0 0 3005.DAT
0 STEP
1 86 450.0 -1056 450.0 0 0 1 0 1 0 -1 0 0 3005.DAT
0 STEP
1 86 450.0 -1080 450.0 0 0 1 0 1 0 -1 0 0 3005.DAT
0 STEP
1 86 450.0 -1104 450.0 0 0 1 0 1 0 -1 0 0 3005.DAT
0 STEP
1 86 450.0 -1128 450.0 0 0 1 0 1 0 -1 0 0 3005.DAT
0 STEP
1 86 450.0 -1176 450.0 0 0 1 0 1 0 -1 0 0 3005.DAT
0 STEP
1 86 470.0 -288 110.0 0 0 1 0 1 0 -1 0 0 3005.DAT
0 STEP
1 86 470.0 -312 110.0 0 0 1 0 1 0 -1 0 0 3005.DAT
0 STEP
1 86 470.0 -360 110.0 0 0 1 0 1 0 -1 0 0 3005.DAT
0 STEP
1 86 470.0 -408 110.0 0 0 1 0 1 0 -1 0 0 3005.DAT
0 STEP
1 86 470.0 -432 120.0 0 0 1 0 1 0 -1 0 0 3004.DAT
0 STEP
1 86 470.0 -480 110.0 0 0 1 0 1 0 -1 0 0 3005.DAT
0 STEP
1 86 470.0 -528 120.0 0 0 1 0 1 0 -1 0 0 3004.DAT
0 STEP
1 86 470.0 -576 110.0 0 0 1 0 1 0 -1 0 0 3005.DAT
0 STEP
1 86 470.0 -624 110.0 0 0 1 0 1 0 -1 0 0 3005.DAT
0 STEP
1 86 470.0 -672 110.0 0 0 1 0 1 0 -1 0 0 3005.DAT
0 STEP
1 86 470.0 -696 120.0 0 0 1 0 1 0 -1 0 0 3004.DAT
0 STEP
1 86 470.0 -720 110.0 0 0 1 0 1 0 -1 0 0 3005.DAT
0 STEP
1 86 470.0 -768 110.0 0 0 1 0 1 0 -1 0 0 3005.DAT
0 STEP
1 86 470.0 -816 110.0 0 0 1 0 1 0 -1 0 0 3005.DAT
0 STEP
1 86 470.0 -840 120.0 0 0 1 0 1 0 -1 0 0 3004.DAT
0 STEP
1 86 470.0 -888 110.0 0 0 1 0 1 0 -1 0 0 3005.DAT
0 STEP
1 86 470.0 -936 110.0 0 0 1 0 1 0 -1 0 0 3005.DAT
0 STEP
1 86 470.0 -984 110.0 0 0 1 0 1 0 -1 0 0 3005.DAT
0 STEP
1 86 470.0 -1032 110.0 0 0 1 0 1 0 -1 0 0 3005.DAT
0 STEP
1 86 470.0 -1080 110.0 0 0 1 0 1 0 -1 0 0 3005.DAT
0 STEP
1 86 470.0 -1104 110.0 0 0 1 0 1 0 -1 0 0 3005.DAT
0 STEP
1 86 470.0 -1128 120.0 0 0 1 0 1 0 -1 0 0 3004.DAT
0 STEP
1 86 470.0 -1152 110.0 0 0 1 0 1 0 -1 0 0 3005.DAT
0 STEP
1 86 470.0 -1176 120.0 0 0 1 0 1 0 -1 0 0 3004.DAT
0 STEP
1 86 470.0 -1200 110.0 0 0 1 0 1 0 -1 0 0 3005.DAT
0 STEP
1 86 470.0 -264 140.0 0 0 1 0 1 0 -1 0 0 3004.DAT
0 STEP
1 86 480.0 -336 140.0 0 0 1 0 1 0 -1 0 0 3003.DAT
0 STEP
1 86 480.0 -360 130.0 -1 0 0 0 1 0 0 0 -1 3004.DAT
0 STEP
1 86 480.0 -408 130.0 -1 0 0 0 1 0 0 0 -1 3004.DAT
0 STEP
1 86 480.0 -480 140.0 0 0 1 0 1 0 -1 0 0 3003.DAT
0 STEP
1 86 470.0 -552 180.0 0 0 1 0 1 0 -1 0 0 3009.DAT
0 STEP
1 86 480.0 -576 130.0 -1 0 0 0 1 0 0 0 -1 3004.DAT
0 STEP
1 86 480.0 -624 130.0 -1 0 0 0 1 0 0 0 -1 3004.DAT
0 STEP
1 86 470.0 -648 130.0 0 0 1 0 1 0 -1 0 0 3005.DAT
0 STEP
1 86 470.0 -720 180.0 0 0 1 0 1 0 -1 0 0 3009.DAT
0 STEP
1 86 480.0 -768 130.0 -1 0 0 0 1 0 0 0 -1 3004.DAT
0 STEP
1 86 480.0 -888 160.0 0 0 1 0 1 0 -1 0 0 3001.DAT
0 STEP
1 86 480.0 -936 130.0 -1 0 0 0 1 0 0 0 -1 3004.DAT
0 STEP
1 86 480.0 -984 180.0 0 0 1 0 1 0 -1 0 0 2456.DAT
0 STEP
1 86 480.0 -1056 130.0 -1 0 0 0 1 0 0 0 -1 3004.DAT
0 STEP
1 86 480.0 -1104 130.0 -1 0 0 0 1 0 0 0 -1 3004.DAT
0 STEP
1 86 470.0 -1152 140.0 0 0 1 0 1 0 -1 0 0 3004.DAT
0 STEP
1 86 480.0 -1200 140.0 0 0 1 0 1 0 -1 0 0 3003.DAT
0 STEP
1 86 480.0 -312 150.0 -1 0 0 0 1 0 0 0 -1 3004.DAT
0 STEP
1 86 480.0 -360 160.0 0 0 1 0 1 0 -1 0 0 3003.DAT
0 STEP
1 86 480.0 -408 160.0 0 0 1 0 1 0 -1 0 0 3003.DAT
0 STEP
1 86 480.0 -528 160.0 0 0 1 0 1 0 -1 0 0 3003.DAT
0 STEP
1 86 470.0 -648 160.0 0 0 1 0 1 0 -1 0 0 3004.DAT
0 STEP
1 86 480.0 -696 150.0 -1 0 0 0 1 0 0 0 -1 3004.DAT
0 STEP
1 86 480.0 -744 180.0 0 0 1 0 1 0 -1 0 0 3001.DAT
0 STEP
1 86 480.0 -792 180.0 0 0 1 0 1 0 -1 0 0 3001.DAT
0 STEP
1 86 480.0 -840 180.0 0 0 1 0 1 0 -1 0 0 3001.DAT
0 STEP
1 86 480.0 -936 160.0 0 0 1 0 1 0 -1 0 0 3003.DAT
0 STEP
1 86 470.0 -1056 180.0 0 0 1 0 1 0 -1 0 0 3010.DAT
0 STEP
1 86 470.0 -1104 160.0 0 0 1 0 1 0 -1 0 0 3004.DAT
0 STEP
1 86 480.0 -1176 150.0 -1 0 0 0 1 0 0 0 -1 3004.DAT
0 STEP
1 86 470.0 -240 180.0 0 0 1 0 1 0 -1 0 0 3004.DAT
0 STEP
1 86 480.0 -288 170.0 -1 0 0 0 1 0 0 0 -1 3004.DAT
0 STEP
1 86 470.0 -312 200.0 0 0 1 0 1 0 -1 0 0 3010.DAT
0 STEP
1 86 470.0 -336 180.0 0 0 1 0 1 0 -1 0 0 3004.DAT
0 STEP
1 86 470.0 -384 170.0 0 0 1 0 1 0 -1 0 0 3005.DAT
0 STEP
1 86 470.0 -432 170.0 0 0 1 0 1 0 -1 0 0 3005.DAT
0 STEP
1 86 470.0 -456 200.0 0 0 1 0 1 0 -1 0 0 3010.DAT
0 STEP
1 86 480.0 -480 170.0 -1 0 0 0 1 0 0 0 -1 3004.DAT
0 STEP
1 86 470.0 -504 180.0 0 0 1 0 1 0 -1 0 0 3004.DAT
0 STEP
1 86 480.0 -576 200.0 0 0 1 0 1 0 -1 0 0 3001.DAT
0 STEP
1 86 470.0 -600 170.0 0 0 1 0 1 0 -1 0 0 3005.DAT
0 STEP
1 86 470.0 -624 200.0 0 0 1 0 1 0 -1 0 0 3010.DAT
0 STEP
1 86 470.0 -672 170.0 0 0 1 0 1 0 -1 0 0 3005.DAT
0 STEP
1 86 480.0 -696 200.0 0 0 1 0 1 0 -1 0 0 3001.DAT
0 STEP
1 86 470.0 -768 200.0 0 0 1 0 1 0 -1 0 0 3010.DAT
0 STEP
1 86 470.0 -816 200.0 0 0 1 0 1 0 -1 0 0 3010.DAT
0 STEP
1 86 470.0 -864 180.0 0 0 1 0 1 0 -1 0 0 3004.DAT
0 STEP
1 86 470.0 -912 200.0 0 0 1 0 1 0 -1 0 0 3010.DAT
0 STEP
1 86 470.0 -960 170.0 0 0 1 0 1 0 -1 0 0 3005.DAT
0 STEP
1 86 470.0 -1008 200.0 0 0 1 0 1 0 -1 0 0 3010.DAT
0 STEP
1 86 480.0 -1032 200.0 0 0 1 0 1 0 -1 0 0 3001.DAT
0 STEP
1 86 480.0 -1080 200.0 0 0 1 0 1 0 -1 0 0 3001.DAT
0 STEP
1 86 470.0 -1128 180.0 0 0 1 0 1 0 -1 0 0 3004.DAT
0 STEP
1 86 470.0 -1152 170.0 0 0 1 0 1 0 -1 0 0 3005.DAT
0 STEP
1 86 470.0 -1176 240.0 0 0 1 0 1 0 -1 0 0 3008.DAT
0 STEP
1 86 480.0 -288 200.0 0 0 1 0 1 0 -1 0 0 3003.DAT
0 STEP
1 86 480.0 -360 190.0 -1 0 0 0 1 0 0 0 -1 3004.DAT
0 STEP
1 86 480.0 -384 200.0 0 0 1 0 1 0 -1 0 0 3003.DAT
0 STEP
1 86 480.0 -408 190.0 -1 0 0 0 1 0 0 0 -1 3004.DAT
0 STEP
1 86 480.0 -432 200.0 0 0 1 0 1 0 -1 0 0 3003.DAT
0 STEP
1 86 470.0 -480 200.0 0 0 1 0 1 0 -1 0 0 3004.DAT
0 STEP
1 86 470.0 -528 200.0 0 0 1 0 1 0 -1 0 0 3004.DAT
0 STEP
1 86 470.0 -600 200.0 0 0 1 0 1 0 -1 0 0 3004.DAT
0 STEP
1 86 480.0 -648 190.0 -1 0 0 0 1 0 0 0 -1 3004.DAT
0 STEP
1 86 470.0 -672 200.0 0 0 1 0 1 0 -1 0 0 3004.DAT
0 STEP
1 86 480.0 -936 190.0 -1 0 0 0 1 0 0 0 -1 3004.DAT
0 STEP
1 86 470.0 -960 200.0 0 0 1 0 1 0 -1 0 0 3004.DAT
0 STEP
1 86 470.0 -1104 190.0 0 0 1 0 1 0 -1 0 0 3005.DAT
0 STEP
1 86 470.0 -1152 200.0 0 0 1 0 1 0 -1 0 0 3004.DAT
0 STEP
1 86 470.0 -1224 220.0 0 0 1 0 1 0 -1 0 0 3010.DAT
0 STEP
1 86 470.0 -216 240.0 0 0 1 0 1 0 -1 0 0 3010.DAT
0 STEP
1 86 480.0 -336 220.0 0 0 1 0 1 0 -1 0 0 3003.DAT
0 STEP
1 86 470.0 -360 220.0 0 0 1 0 1 0 -1 0 0 3004.DAT
0 STEP
1 86 480.0 -408 220.0 0 0 1 0 1 0 -1 0 0 3003.DAT
0 STEP
1 86 480.0 -504 220.0 0 0 1 0 1 0 -1 0 0 3003.DAT
0 STEP
1 86 480.0 -648 220.0 0 0 1 0 1 0 -1 0 0 3003.DAT
0 STEP
1 86 480.0 -864 220.0 0 0 1 0 1 0 -1 0 0 3003.DAT
0 STEP
1 86 480.0 -888 210.0 -1 0 0 0 1 0 0 0 -1 3004.DAT
0 STEP
1 86 480.0 -936 220.0 0 0 1 0 1 0 -1 0 0 3003.DAT
0 STEP
1 86 470.0 -1104 220.0 0 0 1 0 1 0 -1 0 0 3004.DAT
0 STEP
1 86 480.0 -1128 220.0 0 0 1 0 1 0 -1 0 0 3003.DAT
0 STEP
1 86 480.0 -264 230.0 -1 0 0 0 1 0 0 0 -1 3004.DAT
0 STEP
1 86 470.0 -288 230.0 0 0 1 0 1 0 -1 0 0 3005.DAT
0 STEP
1 86 480.0 -384 230.0 -1 0 0 0 1 0 0 0 -1 3004.DAT
0 STEP
1 86 480.0 -432 230.0 -1 0 0 0 1 0 0 0 -1 3004.DAT
0 STEP
1 86 470.0 -480 230.0 0 0 1 0 1 0 -1 0 0 3005.DAT
0 STEP
1 86 470.0 -528 230.0 0 0 1 0 1 0 -1 0 0 3005.DAT
0 STEP
1 86 470.0 -600 230.0 0 0 1 0 1 0 -1 0 0 3005.DAT
0 STEP
1 86 470.0 -672 230.0 0 0 1 0 1 0 -1 0 0 3005.DAT
0 STEP
1 86 480.0 -744 230.0 -1 0 0 0 1 0 0 0 -1 3004.DAT
0 STEP
1 86 480.0 -792 230.0 -1 0 0 0 1 0 0 0 -1 3004.DAT
0 STEP
1 86 470.0 -840 230.0 0 0 1 0 1 0 -1 0 0 3005.DAT
0 STEP
1 86 470.0 -888 230.0 0 0 1 0 1 0 -1 0 0 3005.DAT
0 STEP
1 86 470.0 -960 230.0 0 0 1 0 1 0 -1 0 0 3005.DAT
0 STEP
1 86 470.0 -1056 230.0 0 0 1 0 1 0 -1 0 0 3005.DAT
0 STEP
1 86 470.0 -1152 230.0 0 0 1 0 1 0 -1 0 0 3005.DAT
0 STEP
1 86 480.0 -1200 230.0 -1 0 0 0 1 0 0 0 -1 3004.DAT
0 STEP
1 86 480.0 -264 280.0 0 0 1 0 1 0 -1 0 0 3001.DAT
0 STEP
1 86 470.0 -1200 270.0 0 0 1 0 1 0 -1 0 0 3005.DAT
0 STEP
1 86 470.0 -216 290.0 0 0 1 0 1 0 -1 0 0 3005.DAT
0 STEP
1 86 470.0 -1224 290.0 0 0 1 0 1 0 -1 0 0 3005.DAT
0 STEP
1 86 470.0 -216 320.0 0 0 1 0 1 0 -1 0 0 3004.DAT
0 STEP
1 86 480.0 -288 340.0 0 0 1 0 1 0 -1 0 0 3001.DAT
0 STEP
1 86 480.0 -312 310.0 -1 0 0 0 1 0 0 0 -1 3004.DAT
0 STEP
1 86 480.0 -336 310.0 -1 0 0 0 1 0 0 0 -1 3004.DAT
0 STEP
1 86 470.0 -360 340.0 0 0 1 0 1 0 -1 0 0 3010.DAT
0 STEP
1 86 480.0 -384 340.0 0 0 1 0 1 0 -1 0 0 3001.DAT
0 STEP
1 86 470.0 -408 320.0 0 0 1 0 1 0 -1 0 0 3004.DAT
0 STEP
1 86 480.0 -432 320.0 0 0 1 0 1 0 -1 0 0 3003.DAT
0 STEP
1 86 470.0 -456 310.0 0 0 1 0 1 0 -1 0 0 3005.DAT
0 STEP
1 86 470.0 -480 340.0 0 0 1 0 1 0 -1 0 0 3010.DAT
0 STEP
1 86 470.0 -504 310.0 0 0 1 0 1 0 -1 0 0 3005.DAT
0 STEP
1 86 470.0 -528 360.0 0 0 1 0 1 0 -1 0 0 3009.DAT
0 STEP
1 86 470.0 -552 320.0 0 0 1 0 1 0 -1 0 0 3004.DAT
0 STEP
1 86 470.0 -576 340.0 0 0 1 0 1 0 -1 0 0 3010.DAT
0 STEP
1 86 480.0 -600 320.0 0 0 1 0 1 0 -1 0 0 3003.DAT
0 STEP
1 86 480.0 -624 310.0 -1 0 0 0 1 0 0 0 -1 3004.DAT
0 STEP
1 86 480.0 -648 340.0 0 0 1 0 1 0 -1 0 0 3001.DAT
0 STEP
1 86 470.0 -672 340.0 0 0 1 0 1 0 -1 0 0 3010.DAT
0 STEP
1 86 480.0 -696 320.0 0 0 1 0 1 0 -1 0 0 3003.DAT
0 STEP
1 86 470.0 -720 310.0 0 0 1 0 1 0 -1 0 0 3005.DAT
0 STEP
1 86 480.0 -744 340.0 0 0 1 0 1 0 -1 0 0 3001.DAT
0 STEP
1 86 470.0 -768 310.0 0 0 1 0 1 0 -1 0 0 3005.DAT
0 STEP
1 86 480.0 -792 310.0 -1 0 0 0 1 0 0 0 -1 3004.DAT
0 STEP
1 86 470.0 -816 320.0 0 0 1 0 1 0 -1 0 0 3004.DAT
0 STEP
1 86 480.0 -840 310.0 -1 0 0 0 1 0 0 0 -1 3004.DAT
0 STEP
1 86 480.0 -864 320.0 0 0 1 0 1 0 -1 0 0 3003.DAT
0 STEP
1 86 470.0 -888 340.0 0 0 1 0 1 0 -1 0 0 3010.DAT
0 STEP
1 86 470.0 -912 310.0 0 0 1 0 1 0 -1 0 0 3005.DAT
0 STEP
1 86 480.0 -936 320.0 0 0 1 0 1 0 -1 0 0 3003.DAT
0 STEP
1 86 470.0 -960 310.0 0 0 1 0 1 0 -1 0 0 3005.DAT
0 STEP
1 86 470.0 -984 310.0 0 0 1 0 1 0 -1 0 0 3005.DAT
0 STEP
1 86 480.0 -1008 320.0 0 0 1 0 1 0 -1 0 0 3003.DAT
0 STEP
1 86 470.0 -1032 340.0 0 0 1 0 1 0 -1 0 0 3010.DAT
0 STEP
1 86 480.0 -1056 320.0 0 0 1 0 1 0 -1 0 0 3003.DAT
0 STEP
1 86 470.0 -1080 310.0 0 0 1 0 1 0 -1 0 0 3005.DAT
0 STEP
1 86 470.0 -1104 340.0 0 0 1 0 1 0 -1 0 0 3010.DAT
0 STEP
1 86 480.0 -1128 310.0 -1 0 0 0 1 0 0 0 -1 3004.DAT
0 STEP
1 86 480.0 -1152 320.0 0 0 1 0 1 0 -1 0 0 3003.DAT
0 STEP
1 86 470.0 -1224 320.0 0 0 1 0 1 0 -1 0 0 3004.DAT
0 STEP
1 86 470.0 -312 340.0 0 0 1 0 1 0 -1 0 0 3004.DAT
0 STEP
1 86 480.0 -336 340.0 0 0 1 0 1 0 -1 0 0 3003.DAT
0 STEP
1 86 480.0 -456 330.0 -1 0 0 0 1 0 0 0 -1 3004.DAT
0 STEP
1 86 480.0 -504 360.0 0 0 1 0 1 0 -1 0 0 3001.DAT
0 STEP
1 86 470.0 -624 330.0 0 0 1 0 1 0 -1 0 0 3005.DAT
0 STEP
1 86 470.0 -720 360.0 0 0 1 0 1 0 -1 0 0 3010.DAT
0 STEP
1 86 470.0 -768 340.0 0 0 1 0 1 0 -1 0 0 3004.DAT
0 STEP
1 86 480.0 -792 340.0 0 0 1 0 1 0 -1 0 0 3003.DAT
0 STEP
1 86 470.0 -840 330.0 0 0 1 0 1 0 -1 0 0 3005.DAT
0 STEP
1 86 470.0 -912 340.0 0 0 1 0 1 0 -1 0 0 3004.DAT
0 STEP
1 86 470.0 -960 340.0 0 0 1 0 1 0 -1 0 0 3004.DAT
0 STEP
1 86 480.0 -984 340.0 0 0 1 0 1 0 -1 0 0 3003.DAT
0 STEP
1 86 480.0 -1080 360.0 0 0 1 0 1 0 -1 0 0 3001.DAT
0 STEP
1 86 480.0 -1128 360.0 0 0 1 0 1 0 -1 0 0 3001.DAT
0 STEP
1 86 480.0 -1176 340.0 0 0 1 0 1 0 -1 0 0 3003.DAT
0 STEP
1 86 480.0 -408 350.0 -1 0 0 0 1 0 0 0 -1 3004.DAT
0 STEP
1 86 470.0 -432 360.0 0 0 1 0 1 0 -1 0 0 3004.DAT
0 STEP
1 86 470.0 -456 360.0 0 0 1 0 1 0 -1 0 0 3004.DAT
0 STEP
1 86 480.0 -552 350.0 -1 0 0 0 1 0 0 0 -1 3004.DAT
0 STEP
1 86 470.0 -600 360.0 0 0 1 0 1 0 -1 0 0 3004.DAT
0 STEP
1 86 470.0 -624 360.0 0 0 1 0 1 0 -1 0 0 3004.DAT
0 STEP
1 86 480.0 -696 350.0 -1 0 0 0 1 0 0 0 -1 3004.DAT
0 STEP
1 86 480.0 -816 350.0 -1 0 0 0 1 0 0 0 -1 3004.DAT
0 STEP
1 86 470.0 -840 360.0 0 0 1 0 1 0 -1 0 0 3004.DAT
0 STEP
1 86 480.0 -864 350.0 -1 0 0 0 1 0 0 0 -1 3004.DAT
0 STEP
1 86 470.0 -936 380.0 0 0 1 0 1 0 -1 0 0 3010.DAT
0 STEP
1 86 470.0 -1008 350.0 0 0 1 0 1 0 -1 0 0 3005.DAT
0 STEP
1 86 470.0 -1056 360.0 0 0 1 0 1 0 -1 0 0 3004.DAT
0 STEP
1 86 470.0 -1152 360.0 0 0 1 0 1 0 -1 0 0 3004.DAT
0 STEP
1 86 470.0 -1200 360.0 0 0 1 0 1 0 -1 0 0 3004.DAT
0 STEP
1 86 470.0 -312 370.0 0 0 1 0 1 0 -1 0 0 3005.DAT
0 STEP
1 86 480.0 -336 370.0 -1 0 0 0 1 0 0 0 -1 3004.DAT
0 STEP
1 86 470.0 -408 370.0 0 0 1 0 1 0 -1 0 0 3005.DAT
0 STEP
1 86 470.0 -552 370.0 0 0 1 0 1 0 -1 0 0 3005.DAT
0 STEP
1 86 470.0 -696 370.0 0 0 1 0 1 0 -1 0 0 3005.DAT
0 STEP
1 86 480.0 -768 380.0 0 0 1 0 1 0 -1 0 0 3003.DAT
0 STEP
1 86 470.0 -792 370.0 0 0 1 0 1 0 -1 0 0 3005.DAT
0 STEP
1 86 480.0 -816 380.0 0 0 1 0 1 0 -1 0 0 3003.DAT
0 STEP
1 86 480.0 -864 380.0 0 0 1 0 1 0 -1 0 0 3003.DAT
0 STEP
1 86 480.0 -912 380.0 0 0 1 0 1 0 -1 0 0 3003.DAT
0 STEP
1 86 480.0 -960 380.0 0 0 1 0 1 0 -1 0 0 3003.DAT
0 STEP
1 86 480.0 -984 370.0 -1 0 0 0 1 0 0 0 -1 3004.DAT
0 STEP
1 86 470.0 -1008 380.0 0 0 1 0 1 0 -1 0 0 3004.DAT
0 STEP
1 86 470.0 -264 390.0 0 0 1 0 1 0 -1 0 0 3005.DAT
0 STEP
1 86 480.0 -312 400.0 0 0 1 0 1 0 -1 0 0 3003.DAT
0 STEP
1 86 480.0 -360 400.0 0 0 1 0 1 0 -1 0 0 3003.DAT
0 STEP
1 86 480.0 -432 400.0 0 0 1 0 1 0 -1 0 0 3003.DAT
0 STEP
1 86 470.0 -480 390.0 0 0 1 0 1 0 -1 0 0 3005.DAT
0 STEP
1 86 480.0 -576 390.0 -1 0 0 0 1 0 0 0 -1 3004.DAT
0 STEP
1 86 480.0 -624 400.0 0 0 1 0 1 0 -1 0 0 3003.DAT
0 STEP
1 86 480.0 -672 400.0 0 0 1 0 1 0 -1 0 0 3003.DAT
0 STEP
1 86 480.0 -984 400.0 0 0 1 0 1 0 -1 0 0 3003.DAT
0 STEP
1 86 480.0 -1032 400.0 0 0 1 0 1 0 -1 0 0 3003.DAT
0 STEP
1 86 480.0 -1104 400.0 0 0 1 0 1 0 -1 0 0 3003.DAT
0 STEP
1 86 480.0 -1152 400.0 0 0 1 0 1 0 -1 0 0 3003.DAT
0 STEP
1 86 480.0 -1200 400.0 0 0 1 0 1 0 -1 0 0 3003.DAT
0 STEP
1 86 470.0 -288 420.0 0 0 1 0 1 0 -1 0 0 3004.DAT
0 STEP
1 86 470.0 -336 420.0 0 0 1 0 1 0 -1 0 0 3004.DAT
0 STEP
1 86 470.0 -408 420.0 0 0 1 0 1 0 -1 0 0 3004.DAT
0 STEP
1 86 480.0 -480 410.0 -1 0 0 0 1 0 0 0 -1 3004.DAT
0 STEP
1 86 480.0 -504 410.0 -1 0 0 0 1 0 0 0 -1 3004.DAT
0 STEP
1 86 480.0 -552 410.0 -1 0 0 0 1 0 0 0 -1 3004.DAT
0 STEP
1 86 470.0 -576 420.0 0 0 1 0 1 0 -1 0 0 3004.DAT
0 STEP
1 86 480.0 -600 410.0 -1 0 0 0 1 0 0 0 -1 3004.DAT
0 STEP
1 86 470.0 -648 420.0 0 0 1 0 1 0 -1 0 0 3004.DAT
0 STEP
1 86 480.0 -720 410.0 -1 0 0 0 1 0 0 0 -1 3004.DAT
0 STEP
1 86 480.0 -816 410.0 -1 0 0 0 1 0 0 0 -1 3004.DAT
0 STEP
1 86 480.0 -864 410.0 -1 0 0 0 1 0 0 0 -1 3004.DAT
0 STEP
1 86 470.0 -312 430.0 0 0 1 0 1 0 -1 0 0 3005.DAT
0 STEP
1 86 470.0 -360 430.0 0 0 1 0 1 0 -1 0 0 3005.DAT
0 STEP
1 86 470.0 -432 430.0 0 0 1 0 1 0 -1 0 0 3005.DAT
0 STEP
1 86 470.0 -528 430.0 0 0 1 0 1 0 -1 0 0 3005.DAT
0 STEP
1 86 470.0 -552 430.0 0 0 1 0 1 0 -1 0 0 3005.DAT
0 STEP
1 86 470.0 -600 430.0 0 0 1 0 1 0 -1 0 0 3005.DAT
0 STEP
1 86 470.0 -672 430.0 0 0 1 0 1 0 -1 0 0 3005.DAT
0 STEP
1 86 470.0 -720 430.0 0 0 1 0 1 0 -1 0 0 3005.DAT
0 STEP
1 86 470.0 -744 430.0 0 0 1 0 1 0 -1 0 0 3005.DAT
0 STEP
1 86 470.0 -792 430.0 0 0 1 0 1 0 -1 0 0 3005.DAT
0 STEP
1 86 470.0 -840 430.0 0 0 1 0 1 0 -1 0 0 3005.DAT
0 STEP
1 86 470.0 -864 430.0 0 0 1 0 1 0 -1 0 0 3005.DAT
0 STEP
1 86 470.0 -888 430.0 0 0 1 0 1 0 -1 0 0 3005.DAT
0 STEP
1 86 470.0 -936 430.0 0 0 1 0 1 0 -1 0 0 3005.DAT
0 STEP
1 86 470.0 -984 430.0 0 0 1 0 1 0 -1 0 0 3005.DAT
0 STEP
1 86 470.0 -1032 430.0 0 0 1 0 1 0 -1 0 0 3005.DAT
0 STEP
1 86 470.0 -1056 430.0 0 0 1 0 1 0 -1 0 0 3005.DAT
0 STEP
1 86 470.0 -1104 430.0 0 0 1 0 1 0 -1 0 0 3005.DAT
0 STEP
1 86 470.0 -1152 430.0 0 0 1 0 1 0 -1 0 0 3005.DAT
0 STEP
1 86 490.0 -288 140.0 0 0 1 0 1 0 -1 0 0 3004.DAT
0 STEP
1 86 490.0 -312 130.0 0 0 1 0 1 0 -1 0 0 3005.DAT
0 STEP
1 86 490.0 -384 140.0 0 0 1 0 1 0 -1 0 0 3004.DAT
0 STEP
1 86 490.0 -432 140.0 0 0 1 0 1 0 -1 0 0 3004.DAT
0 STEP
1 86 490.0 -456 130.0 0 0 1 0 1 0 -1 0 0 3005.DAT
0 STEP
1 86 490.0 -504 140.0 0 0 1 0 1 0 -1 0 0 3004.DAT
0 STEP
1 86 490.0 -528 130.0 0 0 1 0 1 0 -1 0 0 3005.DAT
0 STEP
1 86 490.0 -552 140.0 0 0 1 0 1 0 -1 0 0 3004.DAT
0 STEP
1 86 490.0 -600 140.0 0 0 1 0 1 0 -1 0 0 3004.DAT
0 STEP
1 86 490.0 -648 140.0 0 0 1 0 1 0 -1 0 0 3004.DAT
0 STEP
1 86 490.0 -672 140.0 0 0 1 0 1 0 -1 0 0 3004.DAT
0 STEP
1 86 490.0 -696 130.0 0 0 1 0 1 0 -1 0 0 3005.DAT
0 STEP
1 86 490.0 -720 130.0 0 0 1 0 1 0 -1 0 0 3005.DAT
0 STEP
1 86 490.0 -744 130.0 0 0 1 0 1 0 -1 0 0 3005.DAT
0 STEP
1 86 490.0 -792 130.0 0 0 1 0 1 0 -1 0 0 3005.DAT
0 STEP
1 86 490.0 -816 140.0 0 0 1 0 1 0 -1 0 0 3004.DAT
0 STEP
1 86 490.0 -840 130.0 0 0 1 0 1 0 -1 0 0 3005.DAT
0 STEP
1 86 490.0 -864 140.0 0 0 1 0 1 0 -1 0 0 3004.DAT
0 STEP
1 86 490.0 -912 140.0 0 0 1 0 1 0 -1 0 0 3004.DAT
0 STEP
1 86 490.0 -960 140.0 0 0 1 0 1 0 -1 0 0 3004.DAT
0 STEP
1 86 490.0 -1008 140.0 0 0 1 0 1 0 -1 0 0 3004.DAT
0 STEP
1 86 490.0 -1032 140.0 0 0 1 0 1 0 -1 0 0 3004.DAT
0 STEP
1 86 490.0 -1080 140.0 0 0 1 0 1 0 -1 0 0 3004.DAT
0 STEP
1 86 490.0 -1128 130.0 0 0 1 0 1 0 -1 0 0 3005.DAT
0 STEP
1 86 490.0 -1152 160.0 0 0 1 0 1 0 -1 0 0 3010.DAT
0 STEP
1 86 490.0 -1176 130.0 0 0 1 0 1 0 -1 0 0 3005.DAT
0 STEP
1 86 490.0 -456 160.0 0 0 1 0 1 0 -1 0 0 3004.DAT
0 STEP
1 86 490.0 -576 150.0 0 0 1 0 1 0 -1 0 0 3005.DAT
0 STEP
1 86 490.0 -624 220.0 0 0 1 0 1 0 -1 0 0 3008.DAT
0 STEP
1 86 490.0 -720 160.0 0 0 1 0 1 0 -1 0 0 3004.DAT
0 STEP
1 86 490.0 -768 150.0 0 0 1 0 1 0 -1 0 0 3005.DAT
0 STEP
1 86 490.0 -1056 150.0 0 0 1 0 1 0 -1 0 0 3005.DAT
0 STEP
1 86 490.0 -1104 150.0 0 0 1 0 1 0 -1 0 0 3005.DAT
0 STEP
1 86 490.0 -1128 160.0 0 0 1 0 1 0 -1 0 0 3004.DAT
0 STEP
1 86 490.0 -264 180.0 0 0 1 0 1 0 -1 0 0 3004.DAT
0 STEP
1 86 500.0 -312 170.0 -1 0 0 0 1 0 0 0 -1 3004.DAT
0 STEP
1 86 500.0 -336 180.0 0 0 1 0 1 0 -1 0 0 3003.DAT
0 STEP
1 86 500.0 -384 170.0 -1 0 0 0 1 0 0 0 -1 3004.DAT
0 STEP
1 86 500.0 -432 170.0 -1 0 0 0 1 0 0 0 -1 3004.DAT
0 STEP
1 86 500.0 -504 170.0 -1 0 0 0 1 0 0 0 -1 3004.DAT
0 STEP
1 86 500.0 -552 170.0 -1 0 0 0 1 0 0 0 -1 3004.DAT
0 STEP
1 86 500.0 -600 180.0 0 0 1 0 1 0 -1 0 0 3003.DAT
0 STEP
1 86 490.0 -648 170.0 0 0 1 0 1 0 -1 0 0 3005.DAT
0 STEP
1 86 500.0 -672 170.0 -1 0 0 0 1 0 0 0 -1 3004.DAT
0 STEP
1 86 500.0 -768 180.0 0 0 1 0 1 0 -1 0 0 3003.DAT
0 STEP
1 86 500.0 -816 200.0 0 0 1 0 1 0 -1 0 0 3001.DAT
0 STEP
1 86 500.0 -864 180.0 0 0 1 0 1 0 -1 0 0 3003.DAT
0 STEP
1 86 500.0 -912 170.0 -1 0 0 0 1 0 0 0 -1 3004.DAT
0 STEP
1 86 500.0 -960 170.0 -1 0 0 0 1 0 0 0 -1 3004.DAT
0 STEP
1 86 500.0 -1008 170.0 -1 0 0 0 1 0 0 0 -1 3004.DAT
0 STEP
1 86 500.0 -1056 180.0 0 0 1 0 1 0 -1 0 0 3003.DAT
0 STEP
1 86 500.0 -1104 180.0 0 0 1 0 1 0 -1 0 0 3003.DAT
0 STEP
1 86 500.0 -1176 170.0 -1 0 0 0 1 0 0 0 -1 3004.DAT
0 STEP
1 86 500.0 -312 200.0 0 0 1 0 1 0 -1 0 0 3003.DAT
0 STEP
1 86 500.0 -456 190.0 -1 0 0 0 1 0 0 0 -1 3004.DAT
0 STEP
1 86 490.0 -480 240.0 0 0 1 0 1 0 -1 0 0 3009.DAT
0 STEP
1 86 490.0 -504 190.0 0 0 1 0 1 0 -1 0 0 3005.DAT
0 STEP
1 86 490.0 -528 190.0 0 0 1 0 1 0 -1 0 0 3005.DAT
0 STEP
1 86 500.0 -552 200.0 0 0 1 0 1 0 -1 0 0 3003.DAT
0 STEP
1 86 500.0 -672 220.0 0 0 1 0 1 0 -1 0 0 3001.DAT
0 STEP
1 86 500.0 -720 220.0 0 0 1 0 1 0 -1 0 0 3001.DAT
0 STEP
1 86 500.0 -912 200.0 0 0 1 0 1 0 -1 0 0 3003.DAT
0 STEP
1 86 500.0 -960 220.0 0 0 1 0 1 0 -1 0 0 3001.DAT
0 STEP
1 86 500.0 -1008 200.0 0 0 1 0 1 0 -1 0 0 3003.DAT
0 STEP
1 86 490.0 -1128 190.0 0 0 1 0 1 0 -1 0 0 3005.DAT
0 STEP
1 86 500.0 -1176 220.0 0 0 1 0 1 0 -1 0 0 3001.DAT
0 STEP
1 86 490.0 -264 210.0 0 0 1 0 1 0 -1 0 0 3005.DAT
0 STEP
1 86 500.0 -360 260.0 0 0 1 0 1 0 -1 0 0 2456.DAT
0 STEP
1 86 500.0 -456 260.0 0 0 1 0 1 0 -1 0 0 2456.DAT
0 STEP
1 86 500.0 -528 210.0 -1 0 0 0 1 0 0 0 -1 3004.DAT
0 STEP
1 86 500.0 -600 210.0 -1 0 0 0 1 0 0 0 -1 3004.DAT
0 STEP
1 86 500.0 -768 210.0 -1 0 0 0 1 0 0 0 -1 3004.DAT
0 STEP
1 86 490.0 -1056 210.0 0 0 1 0 1 0 -1 0 0 3005.DAT
0 STEP
1 86 500.0 -1104 210.0 -1 0 0 0 1 0 0 0 -1 3004.DAT
0 STEP
1 86 500.0 -1152 220.0 0 0 1 0 1 0 -1 0 0 3003.DAT
0 STEP
1 86 490.0 -1200 210.0 0 0 1 0 1 0 -1 0 0 3005.DAT
0 STEP
1 86 490.0 -240 240.0 0 0 1 0 1 0 -1 0 0 3004.DAT
0 STEP
1 86 490.0 -288 260.0 0 0 1 0 1 0 -1 0 0 3010.DAT
0 STEP
1 86 500.0 -312 230.0 -1 0 0 0 1 0 0 0 -1 3004.DAT
0 STEP
1 86 500.0 -528 240.0 0 0 1 0 1 0 -1 0 0 3003.DAT
0 STEP
1 86 500.0 -552 230.0 -1 0 0 0 1 0 0 0 -1 3004.DAT
0 STEP
1 86 490.0 -600 260.0 0 0 1 0 1 0 -1 0 0 3010.DAT
0 STEP
1 86 500.0 -768 240.0 0 0 1 0 1 0 -1 0 0 3003.DAT
0 STEP
1 86 500.0 -840 240.0 0 0 1 0 1 0 -1 0 0 3003.DAT
0 STEP
1 86 490.0 -888 240.0 0 0 1 0 1 0 -1 0 0 3004.DAT
0 STEP
1 86 500.0 -912 230.0 -1 0 0 0 1 0 0 0 -1 3004.DAT
0 STEP
1 86 490.0 -1008 260.0 0 0 1 0 1 0 -1 0 0 3010.DAT
0 STEP
1 86 490.0 -1056 260.0 0 0 1 0 1 0 -1 0 0 3010.DAT
0 STEP
1 86 490.0 -1104 280.0 0 0 1 0 1 0 -1 0 0 3009.DAT
0 STEP
1 86 490.0 -312 260.0 0 0 1 0 1 0 -1 0 0 3004.DAT
0 STEP
1 86 500.0 -336 250.0 -1 0 0 0 1 0 0 0 -1 3004.DAT
0 STEP
1 86 490.0 -384 250.0 0 0 1 0 1 0 -1 0 0 3005.DAT
0 STEP
1 86 490.0 -408 280.0 0 0 1 0 1 0 -1 0 0 3010.DAT
0 STEP
1 86 490.0 -432 250.0 0 0 1 0 1 0 -1 0 0 3005.DAT
0 STEP
1 86 500.0 -504 260.0 0 0 1 0 1 0 -1 0 0 3003.DAT
0 STEP
1 86 490.0 -552 280.0 0 0 1 0 1 0 -1 0 0 3010.DAT
0 STEP
1 86 500.0 -576 250.0 -1 0 0 0 1 0 0 0 -1 3004.DAT
0 STEP
1 86 490.0 -648 250.0 0 0 1 0 1 0 -1 0 0 3005.DAT
0 STEP
1 86 490.0 -696 260.0 0 0 1 0 1 0 -1 0 0 3004.DAT
0 STEP
1 86 490.0 -744 250.0 0 0 1 0 1 0 -1 0 0 3005.DAT
0 STEP
1 86 490.0 -792 250.0 0 0 1 0 1 0 -1 0 0 3005.DAT
0 STEP
1 86 500.0 -816 250.0 -1 0 0 0 1 0 0 0 -1 3004.DAT
0 STEP
1 86 500.0 -864 260.0 0 0 1 0 1 0 -1 0 0 3003.DAT
0 STEP
1 86 500.0 -912 300.0 0 0 1 0 1 0 -1 0 0 2456.DAT
0 STEP
1 86 490.0 -936 260.0 0 0 1 0 1 0 -1 0 0 3004.DAT
0 STEP
1 86 500.0 -984 280.0 0 0 1 0 1 0 -1 0 0 3001.DAT
0 STEP
1 86 490.0 -1032 250.0 0 0 1 0 1 0 -1 0 0 3005.DAT
0 STEP
1 86 490.0 -1080 250.0 0 0 1 0 1 0 -1 0 0 3005.DAT
0 STEP
1 86 490.0 -1128 250.0 0 0 1 0 1 0 -1 0 0 3005.DAT
0 STEP
1 86 490.0 -1152 260.0 0 0 1 0 1 0 -1 0 0 3004.DAT
0 STEP
1 86 490.0 -1200 260.0 0 0 1 0 1 0 -1 0 0 3004.DAT
0 STEP
1 86 490.0 -240 270.0 0 0 1 0 1 0 -1 0 0 3005.DAT
0 STEP
1 86 490.0 -336 280.0 0 0 1 0 1 0 -1 0 0 3004.DAT
0 STEP
1 86 490.0 -384 280.0 0 0 1 0 1 0 -1 0 0 3004.DAT
0 STEP
1 86 500.0 -432 280.0 0 0 1 0 1 0 -1 0 0 3003.DAT
0 STEP
1 86 500.0 -528 270.0 -1 0 0 0 1 0 0 0 -1 3004.DAT
0 STEP
1 86 490.0 -576 270.0 0 0 1 0 1 0 -1 0 0 3005.DAT
0 STEP
1 86 500.0 -648 270.0 -1 0 0 0 1 0 0 0 -1 3004.DAT
0 STEP
1 86 490.0 -672 270.0 0 0 1 0 1 0 -1 0 0 3005.DAT
0 STEP
1 86 500.0 -720 270.0 -1 0 0 0 1 0 0 0 -1 3004.DAT
0 STEP
1 86 490.0 -744 280.0 0 0 1 0 1 0 -1 0 0 3004.DAT
0 STEP
1 86 500.0 -768 270.0 -1 0 0 0 1 0 0 0 -1 3004.DAT
0 STEP
1 86 490.0 -792 280.0 0 0 1 0 1 0 -1 0 0 3004.DAT
0 STEP
1 86 490.0 -816 270.0 0 0 1 0 1 0 -1 0 0 3005.DAT
0 STEP
1 86 500.0 -840 270.0 -1 0 0 0 1 0 0 0 -1 3004.DAT
0 STEP
1 86 490.0 -888 270.0 0 0 1 0 1 0 -1 0 0 3005.DAT
0 STEP
1 86 490.0 -960 270.0 0 0 1 0 1 0 -1 0 0 3005.DAT
0 STEP
1 86 500.0 -1032 270.0 -1 0 0 0 1 0 0 0 -1 3004.DAT
0 STEP
1 86 500.0 -1080 270.0 -1 0 0 0 1 0 0 0 -1 3004.DAT
0 STEP
1 86 500.0 -1128 270.0 -1 0 0 0 1 0 0 0 -1 3004.DAT
0 STEP
1 86 500.0 -1176 270.0 -1 0 0 0 1 0 0 0 -1 3004.DAT
0 STEP
1 86 490.0 -240 300.0 0 0 1 0 1 0 -1 0 0 3004.DAT
0 STEP
1 86 500.0 -312 290.0 -1 0 0 0 1 0 0 0 -1 3004.DAT
0 STEP
1 86 490.0 -504 300.0 0 0 1 0 1 0 -1 0 0 3004.DAT
0 STEP
1 86 500.0 -528 320.0 0 0 1 0 1 0 -1 0 0 3001.DAT
0 STEP
1 86 500.0 -576 290.0 -1 0 0 0 1 0 0 0 -1 3004.DAT
0 STEP
1 86 490.0 -648 290.0 0 0 1 0 1 0 -1 0 0 3005.DAT
0 STEP
1 86 490.0 -672 300.0 0 0 1 0 1 0 -1 0 0 3004.DAT
0 STEP
1 86 500.0 -696 290.0 -1 0 0 0 1 0 0 0 -1 3004.DAT
0 STEP
1 86 500.0 -720 300.0 0 0 1 0 1 0 -1 0 0 3003.DAT
0 STEP
1 86 500.0 -768 320.0 0 0 1 0 1 0 -1 0 0 3001.DAT
0 STEP
1 86 490.0 -816 300.0 0 0 1 0 1 0 -1 0 0 3004.DAT
0 STEP
1 86 490.0 -840 290.0 0 0 1 0 1 0 -1 0 0 3005.DAT
0 STEP
1 86 500.0 -864 290.0 -1 0 0 0 1 0 0 0 -1 3004.DAT
0 STEP
1 86 490.0 -888 300.0 0 0 1 0 1 0 -1 0 0 3004.DAT
0 STEP
1 86 500.0 -936 290.0 -1 0 0 0 1 0 0 0 -1 3004.DAT
0 STEP
1 86 490.0 -960 300.0 0 0 1 0 1 0 -1 0 0 3004.DAT
0 STEP
1 86 500.0 -1032 320.0 0 0 1 0 1 0 -1 0 0 3001.DAT
0 STEP
1 86 500.0 -1080 300.0 0 0 1 0 1 0 -1 0 0 3003.DAT
0 STEP
1 86 490.0 -1128 290.0 0 0 1 0 1 0 -1 0 0 3005.DAT
0 STEP
1 86 500.0 -1152 290.0 -1 0 0 0 1 0 0 0 -1 3004.DAT
0 STEP
1 86 490.0 -1176 290.0 0 0 1 0 1 0 -1 0 0 3005.DAT
0 STEP
1 86 490.0 -1200 290.0 0 0 1 0 1 0 -1 0 0 3005.DAT
0 STEP
1 86 500.0 -480 310.0 -1 0 0 0 1 0 0 0 -1 3004.DAT
0 STEP
1 86 500.0 -576 340.0 0 0 1 0 1 0 -1 0 0 3001.DAT
0 STEP
1 86 500.0 -1176 310.0 -1 0 0 0 1 0 0 0 -1 3004.DAT
0 STEP
1 86 490.0 -264 340.0 0 0 1 0 1 0 -1 0 0 3004.DAT
0 STEP
1 86 490.0 -312 330.0 0 0 1 0 1 0 -1 0 0 3005.DAT
0 STEP
1 86 500.0 -360 330.0 -1 0 0 0 1 0 0 0 -1 3004.DAT
0 STEP
1 86 500.0 -408 330.0 -1 0 0 0 1 0 0 0 -1 3004.DAT
0 STEP
1 86 500.0 -480 340.0 0 0 1 0 1 0 -1 0 0 3003.DAT
0 STEP
1 86 500.0 -552 330.0 -1 0 0 0 1 0 0 0 -1 3004.DAT
0 STEP
1 86 500.0 -624 340.0 0 0 1 0 1 0 -1 0 0 3003.DAT
0 STEP
1 86 500.0 -672 340.0 0 0 1 0 1 0 -1 0 0 3003.DAT
0 STEP
1 86 500.0 -720 330.0 -1 0 0 0 1 0 0 0 -1 3004.DAT
0 STEP
1 86 500.0 -816 330.0 -1 0 0 0 1 0 0 0 -1 3004.DAT
0 STEP
1 86 500.0 -840 340.0 0 0 1 0 1 0 -1 0 0 3003.DAT
0 STEP
1 86 500.0 -888 330.0 -1 0 0 0 1 0 0 0 -1 3004.DAT
0 STEP
1 86 500.0 -960 340.0 0 0 1 0 1 0 -1 0 0 3003.DAT
0 STEP
1 86 500.0 -312 360.0 0 0 1 0 1 0 -1 0 0 3003.DAT
0 STEP
1 86 500.0 -360 360.0 0 0 1 0 1 0 -1 0 0 3003.DAT
0 STEP
1 86 500.0 -432 360.0 0 0 1 0 1 0 -1 0 0 3003.DAT
0 STEP
1 86 500.0 -456 360.0 0 0 1 0 1 0 -1 0 0 3003.DAT
0 STEP
1 86 500.0 -600 350.0 -1 0 0 0 1 0 0 0 -1 3004.DAT
0 STEP
1 86 500.0 -720 360.0 0 0 1 0 1 0 -1 0 0 3003.DAT
0 STEP
1 86 500.0 -888 360.0 0 0 1 0 1 0 -1 0 0 3003.DAT
0 STEP
1 86 500.0 -936 360.0 0 0 1 0 1 0 -1 0 0 3003.DAT
0 STEP
1 86 500.0 -1008 360.0 0 0 1 0 1 0 -1 0 0 3003.DAT
0 STEP
1 86 500.0 -1056 360.0 0 0 1 0 1 0 -1 0 0 3003.DAT
0 STEP
1 86 500.0 -1104 360.0 0 0 1 0 1 0 -1 0 0 3003.DAT
0 STEP
1 86 500.0 -1152 360.0 0 0 1 0 1 0 -1 0 0 3003.DAT
0 STEP
1 86 500.0 -1200 360.0 0 0 1 0 1 0 -1 0 0 3003.DAT
0 STEP
1 86 490.0 -264 370.0 0 0 1 0 1 0 -1 0 0 3005.DAT
0 STEP
1 86 490.0 -408 380.0 0 0 1 0 1 0 -1 0 0 3004.DAT
0 STEP
1 86 490.0 -480 380.0 0 0 1 0 1 0 -1 0 0 3004.DAT
0 STEP
1 86 500.0 -528 370.0 -1 0 0 0 1 0 0 0 -1 3004.DAT
0 STEP
1 86 490.0 -552 380.0 0 0 1 0 1 0 -1 0 0 3004.DAT
0 STEP
1 86 490.0 -600 380.0 0 0 1 0 1 0 -1 0 0 3004.DAT
0 STEP
1 86 500.0 -624 370.0 -1 0 0 0 1 0 0 0 -1 3004.DAT
0 STEP
1 86 500.0 -672 370.0 -1 0 0 0 1 0 0 0 -1 3004.DAT
0 STEP
1 86 490.0 -696 380.0 0 0 1 0 1 0 -1 0 0 3004.DAT
0 STEP
1 86 500.0 -792 370.0 -1 0 0 0 1 0 0 0 -1 3004.DAT
0 STEP
1 86 500.0 -840 370.0 -1 0 0 0 1 0 0 0 -1 3004.DAT
0 STEP
1 86 500.0 -1032 370.0 -1 0 0 0 1 0 0 0 -1 3004.DAT
0 STEP
1 86 490.0 -288 400.0 0 0 1 0 1 0 -1 0 0 3004.DAT
0 STEP
1 86 490.0 -336 400.0 0 0 1 0 1 0 -1 0 0 3004.DAT
0 STEP
1 86 490.0 -384 400.0 0 0 1 0 1 0 -1 0 0 3004.DAT
0 STEP
1 86 490.0 -456 400.0 0 0 1 0 1 0 -1 0 0 3004.DAT
0 STEP
1 86 490.0 -528 400.0 0 0 1 0 1 0 -1 0 0 3004.DAT
0 STEP
1 86 490.0 -648 400.0 0 0 1 0 1 0 -1 0 0 3004.DAT
0 STEP
1 86 490.0 -720 390.0 0 0 1 0 1 0 -1 0 0 3005.DAT
0 STEP
1 86 490.0 -744 400.0 0 0 1 0 1 0 -1 0 0 3004.DAT
0 STEP
1 86 490.0 -792 400.0 0 0 1 0 1 0 -1 0 0 3004.DAT
0 STEP
1 86 490.0 -840 400.0 0 0 1 0 1 0 -1 0 0 3004.DAT
0 STEP
1 86 490.0 -888 400.0 0 0 1 0 1 0 -1 0 0 3004.DAT
0 STEP
1 86 490.0 -936 400.0 0 0 1 0 1 0 -1 0 0 3004.DAT
0 STEP
1 86 490.0 -1008 400.0 0 0 1 0 1 0 -1 0 0 3004.DAT
0 STEP
1 86 490.0 -1056 400.0 0 0 1 0 1 0 -1 0 0 3004.DAT
0 STEP
1 86 490.0 -1176 400.0 0 0 1 0 1 0 -1 0 0 3004.DAT
0 STEP
1 86 490.0 -408 410.0 0 0 1 0 1 0 -1 0 0 3005.DAT
0 STEP
1 86 490.0 -576 410.0 0 0 1 0 1 0 -1 0 0 3005.DAT
0 STEP
1 86 490.0 -696 410.0 0 0 1 0 1 0 -1 0 0 3005.DAT
0 STEP
1 86 490.0 -768 410.0 0 0 1 0 1 0 -1 0 0 3005.DAT
0 STEP
1 86 490.0 -912 410.0 0 0 1 0 1 0 -1 0 0 3005.DAT
0 STEP
1 86 490.0 -960 410.0 0 0 1 0 1 0 -1 0 0 3005.DAT
0 STEP
1 86 490.0 -1080 410.0 0 0 1 0 1 0 -1 0 0 3005.DAT
0 STEP
1 86 490.0 -1128 410.0 0 0 1 0 1 0 -1 0 0 3005.DAT
0 STEP
1 86 510.0 -288 200.0 0 0 1 0 1 0 -1 0 0 3010.DAT
0 STEP
1 86 510.0 -360 180.0 0 0 1 0 1 0 -1 0 0 3004.DAT
0 STEP
1 86 510.0 -408 240.0 0 0 1 0 1 0 -1 0 0 3008.DAT
0 STEP
1 86 510.0 -456 170.0 0 0 1 0 1 0 -1 0 0 3005.DAT
0 STEP
1 86 510.0 -480 200.0 0 0 1 0 1 0 -1 0 0 3010.DAT
0 STEP
1 86 510.0 -528 180.0 0 0 1 0 1 0 -1 0 0 3004.DAT
0 STEP
1 86 510.0 -576 200.0 0 0 1 0 1 0 -1 0 0 3010.DAT
0 STEP
1 86 510.0 -624 170.0 0 0 1 0 1 0 -1 0 0 3005.DAT
0 STEP
1 86 510.0 -648 180.0 0 0 1 0 1 0 -1 0 0 3004.DAT
0 STEP
1 86 510.0 -696 200.0 0 0 1 0 1 0 -1 0 0 3010.DAT
0 STEP
1 86 510.0 -720 170.0 0 0 1 0 1 0 -1 0 0 3005.DAT
0 STEP
1 86 510.0 -744 200.0 0 0 1 0 1 0 -1 0 0 3010.DAT
0 STEP
1 86 510.0 -792 170.0 0 0 1 0 1 0 -1 0 0 3005.DAT
0 STEP
1 86 510.0 -840 170.0 0 0 1 0 1 0 -1 0 0 3005.DAT
0 STEP
1 86 510.0 -888 170.0 0 0 1 0 1 0 -1 0 0 3005.DAT
0 STEP
1 86 510.0 -936 200.0 0 0 1 0 1 0 -1 0 0 3010.DAT
0 STEP
1 86 510.0 -984 200.0 0 0 1 0 1 0 -1 0 0 3010.DAT
0 STEP
1 86 510.0 -1032 180.0 0 0 1 0 1 0 -1 0 0 3004.DAT
0 STEP
1 86 510.0 -1080 170.0 0 0 1 0 1 0 -1 0 0 3005.DAT
0 STEP
1 86 510.0 -1128 170.0 0 0 1 0 1 0 -1 0 0 3005.DAT
0 STEP
1 86 510.0 -1152 180.0 0 0 1 0 1 0 -1 0 0 3004.DAT
0 STEP
1 86 510.0 -1200 240.0 0 0 1 0 1 0 -1 0 0 3008.DAT
0 STEP
1 86 510.0 -384 200.0 0 0 1 0 1 0 -1 0 0 3004.DAT
0 STEP
1 86 510.0 -432 220.0 0 0 1 0 1 0 -1 0 0 3010.DAT
0 STEP
1 86 510.0 -504 200.0 0 0 1 0 1 0 -1 0 0 3004.DAT
0 STEP
1 86 510.0 -624 200.0 0 0 1 0 1 0 -1 0 0 3004.DAT
0 STEP
1 86 510.0 -792 200.0 0 0 1 0 1 0 -1 0 0 3004.DAT
0 STEP
1 86 510.0 -840 200.0 0 0 1 0 1 0 -1 0 0 3004.DAT
0 STEP
1 86 510.0 -888 200.0 0 0 1 0 1 0 -1 0 0 3004.DAT
0 STEP
1 86 510.0 -1080 220.0 0 0 1 0 1 0 -1 0 0 3010.DAT
0 STEP
1 86 510.0 -1128 220.0 0 0 1 0 1 0 -1 0 0 3010.DAT
0 STEP
1 86 510.0 -336 220.0 0 0 1 0 1 0 -1 0 0 3004.DAT
0 STEP
1 86 510.0 -648 210.0 0 0 1 0 1 0 -1 0 0 3005.DAT
0 STEP
1 86 510.0 -864 220.0 0 0 1 0 1 0 -1 0 0 3004.DAT
0 STEP
1 86 510.0 -1032 210.0 0 0 1 0 1 0 -1 0 0 3005.DAT
0 STEP
1 86 510.0 -1056 220.0 0 0 1 0 1 0 -1 0 0 3004.DAT
0 STEP
1 86 510.0 -384 230.0 0 0 1 0 1 0 -1 0 0 3005.DAT
0 STEP
1 86 510.0 -504 230.0 0 0 1 0 1 0 -1 0 0 3005.DAT
0 STEP
1 86 510.0 -600 230.0 0 0 1 0 1 0 -1 0 0 3005.DAT
0 STEP
1 86 510.0 -624 230.0 0 0 1 0 1 0 -1 0 0 3005.DAT
0 STEP
1 86 510.0 -648 240.0 0 0 1 0 1 0 -1 0 0 3004.DAT
0 STEP
1 86 510.0 -792 230.0 0 0 1 0 1 0 -1 0 0 3005.DAT
0 STEP
1 86 510.0 -888 230.0 0 0 1 0 1 0 -1 0 0 3005.DAT
0 STEP
1 86 510.0 -1008 230.0 0 0 1 0 1 0 -1 0 0 3005.DAT
0 STEP
1 86 510.0 -1032 240.0 0 0 1 0 1 0 -1 0 0 3004.DAT
0 STEP
1 86 510.0 -1104 230.0 0 0 1 0 1 0 -1 0 0 3005.DAT
0 STEP
1 86 510.0 -264 250.0 0 0 1 0 1 0 -1 0 0 3005.DAT
0 STEP
1 86 520.0 -288 250.0 -1 0 0 0 1 0 0 0 -1 3004.DAT
0 STEP
1 86 520.0 -312 260.0 0 0 1 0 1 0 -1 0 0 3003.DAT
0 STEP
1 86 520.0 -384 250.0 -1 0 0 0 1 0 0 0 -1 3004.DAT
0 STEP
1 86 520.0 -480 250.0 -1 0 0 0 1 0 0 0 -1 3004.DAT
0 STEP
1 86 520.0 -552 250.0 -1 0 0 0 1 0 0 0 -1 3004.DAT
0 STEP
1 86 510.0 -600 280.0 0 0 1 0 1 0 -1 0 0 3010.DAT
0 STEP
1 86 520.0 -624 260.0 0 0 1 0 1 0 -1 0 0 3003.DAT
0 STEP
1 86 520.0 -696 260.0 0 0 1 0 1 0 -1 0 0 3003.DAT
0 STEP
1 86 520.0 -744 260.0 0 0 1 0 1 0 -1 0 0 3003.DAT
0 STEP
1 86 520.0 -792 260.0 0 0 1 0 1 0 -1 0 0 3003.DAT
0 STEP
1 86 520.0 -888 250.0 -1 0 0 0 1 0 0 0 -1 3004.DAT
0 STEP
1 86 520.0 -936 250.0 -1 0 0 0 1 0 0 0 -1 3004.DAT
0 STEP
1 86 520.0 -1008 250.0 -1 0 0 0 1 0 0 0 -1 3004.DAT
0 STEP
1 86 520.0 -1056 250.0 -1 0 0 0 1 0 0 0 -1 3004.DAT
0 STEP
1 86 520.0 -1104 260.0 0 0 1 0 1 0 -1 0 0 3003.DAT
0 STEP
1 86 520.0 -1152 260.0 0 0 1 0 1 0 -1 0 0 3003.DAT
0 STEP
1 86 510.0 -264 280.0 0 0 1 0 1 0 -1 0 0 3004.DAT
0 STEP
1 86 510.0 -288 320.0 0 0 1 0 1 0 -1 0 0 3009.DAT
0 STEP
1 86 520.0 -336 280.0 0 0 1 0 1 0 -1 0 0 3003.DAT
0 STEP
1 86 520.0 -384 280.0 0 0 1 0 1 0 -1 0 0 3003.DAT
0 STEP
1 86 520.0 -480 280.0 0 0 1 0 1 0 -1 0 0 3003.DAT
0 STEP
1 86 520.0 -552 280.0 0 0 1 0 1 0 -1 0 0 3003.DAT
0 STEP
1 86 520.0 -576 270.0 -1 0 0 0 1 0 0 0 -1 3004.DAT
0 STEP
1 86 510.0 -672 280.0 0 0 1 0 1 0 -1 0 0 3004.DAT
0 STEP
1 86 520.0 -816 280.0 0 0 1 0 1 0 -1 0 0 3003.DAT
0 STEP
1 86 520.0 -888 280.0 0 0 1 0 1 0 -1 0 0 3003.DAT
0 STEP
1 86 510.0 -936 270.0 0 0 1 0 1 0 -1 0 0 3005.DAT
0 STEP
1 86 520.0 -960 280.0 0 0 1 0 1 0 -1 0 0 3003.DAT
0 STEP
1 86 520.0 -1008 280.0 0 0 1 0 1 0 -1 0 0 3003.DAT
0 STEP
1 86 520.0 -1056 280.0 0 0 1 0 1 0 -1 0 0 3003.DAT
0 STEP
1 86 520.0 -504 290.0 -1 0 0 0 1 0 0 0 -1 3004.DAT
0 STEP
1 86 520.0 -624 290.0 -1 0 0 0 1 0 0 0 -1 3004.DAT
0 STEP
1 86 510.0 -648 300.0 0 0 1 0 1 0 -1 0 0 3004.DAT
0 STEP
1 86 520.0 -744 290.0 -1 0 0 0 1 0 0 0 -1 3004.DAT
0 STEP
1 86 520.0 -792 290.0 -1 0 0 0 1 0 0 0 -1 3004.DAT
0 STEP
1 86 510.0 -840 300.0 0 0 1 0 1 0 -1 0 0 3004.DAT
0 STEP
1 86 520.0 -1104 290.0 -1 0 0 0 1 0 0 0 -1 3004.DAT
0 STEP
1 86 510.0 -1128 320.0 0 0 1 0 1 0 -1 0 0 3010.DAT
0 STEP
1 86 520.0 -1176 290.0 -1 0 0 0 1 0 0 0 -1 3004.DAT
0 STEP
1 86 510.0 -312 320.0 0 0 1 0 1 0 -1 0 0 3004.DAT
0 STEP
1 86 510.0 -336 340.0 0 0 1 0 1 0 -1 0 0 3010.DAT
0 STEP
1 86 510.0 -384 340.0 0 0 1 0 1 0 -1 0 0 3010.DAT
0 STEP
1 86 510.0 -432 320.0 0 0 1 0 1 0 -1 0 0 3004.DAT
0 STEP
1 86 510.0 -504 340.0 0 0 1 0 1 0 -1 0 0 3010.DAT
0 STEP
1 86 510.0 -552 310.0 0 0 1 0 1 0 -1 0 0 3005.DAT
0 STEP
1 86 510.0 -624 310.0 0 0 1 0 1 0 -1 0 0 3005.DAT
0 STEP
1 86 510.0 -672 310.0 0 0 1 0 1 0 -1 0 0 3005.DAT
0 STEP
1 86 510.0 -696 340.0 0 0 1 0 1 0 -1 0 0 3010.DAT
0 STEP
1 86 510.0 -744 310.0 0 0 1 0 1 0 -1 0 0 3005.DAT
0 STEP
1 86 510.0 -792 310.0 0 0 1 0 1 0 -1 0 0 3005.DAT
0 STEP
1 86 510.0 -816 310.0 0 0 1 0 1 0 -1 0 0 3005.DAT
0 STEP
1 86 510.0 -864 340.0 0 0 1 0 1 0 -1 0 0 3010.DAT
0 STEP
1 86 510.0 -888 310.0 0 0 1 0 1 0 -1 0 0 3005.DAT
0 STEP
1 86 510.0 -936 320.0 0 0 1 0 1 0 -1 0 0 3004.DAT
0 STEP
1 86 510.0 -960 310.0 0 0 1 0 1 0 -1 0 0 3005.DAT
0 STEP
1 86 510.0 -1008 320.0 0 0 1 0 1 0 -1 0 0 3004.DAT
0 STEP
1 86 510.0 -1056 320.0 0 0 1 0 1 0 -1 0 0 3004.DAT
0 STEP
1 86 510.0 -1104 320.0 0 0 1 0 1 0 -1 0 0 3004.DAT
0 STEP
1 86 510.0 -1152 320.0 0 0 1 0 1 0 -1 0 0 3004.DAT
0 STEP
1 86 510.0 -456 330.0 0 0 1 0 1 0 -1 0 0 3005.DAT
0 STEP
1 86 510.0 -600 330.0 0 0 1 0 1 0 -1 0 0 3005.DAT
0 STEP
1 86 510.0 -648 330.0 0 0 1 0 1 0 -1 0 0 3005.DAT
0 STEP
1 86 510.0 -744 340.0 0 0 1 0 1 0 -1 0 0 3004.DAT
0 STEP
1 86 510.0 -792 340.0 0 0 1 0 1 0 -1 0 0 3004.DAT
0 STEP
1 86 510.0 -984 330.0 0 0 1 0 1 0 -1 0 0 3005.DAT
0 STEP
1 86 510.0 -1080 340.0 0 0 1 0 1 0 -1 0 0 3004.DAT
0 STEP
1 86 510.0 -1176 340.0 0 0 1 0 1 0 -1 0 0 3004.DAT
0 STEP
1 86 510.0 -408 360.0 0 0 1 0 1 0 -1 0 0 3004.DAT
0 STEP
1 86 510.0 -552 360.0 0 0 1 0 1 0 -1 0 0 3004.DAT
0 STEP
1 86 510.0 -648 360.0 0 0 1 0 1 0 -1 0 0 3004.DAT
0 STEP
1 86 510.0 -816 360.0 0 0 1 0 1 0 -1 0 0 3004.DAT
0 STEP
1 86 510.0 -984 360.0 0 0 1 0 1 0 -1 0 0 3004.DAT
0 STEP
1 86 510.0 -480 370.0 0 0 1 0 1 0 -1 0 0 3005.DAT
0 STEP
1 86 510.0 -600 370.0 0 0 1 0 1 0 -1 0 0 3005.DAT
0 STEP
1 86 510.0 -744 370.0 0 0 1 0 1 0 -1 0 0 3005.DAT
0 STEP
1 86 510.0 -768 370.0 0 0 1 0 1 0 -1 0 0 3005.DAT
0 STEP
1 86 510.0 -912 370.0 0 0 1 0 1 0 -1 0 0 3005.DAT
0 STEP
1 86 510.0 -960 370.0 0 0 1 0 1 0 -1 0 0 3005.DAT
0 STEP
1 86 510.0 -1080 370.0 0 0 1 0 1 0 -1 0 0 3005.DAT
0 STEP
1 86 510.0 -1128 370.0 0 0 1 0 1 0 -1 0 0 3005.DAT
0 STEP
1 86 510.0 -1176 370.0 0 0 1 0 1 0 -1 0 0 3005.DAT
0 STEP
1 86 530.0 -336 250.0 0 0 1 0 1 0 -1 0 0 3005.DAT
0 STEP
1 86 530.0 -360 260.0 0 0 1 0 1 0 -1 0 0 3004.DAT
0 STEP
1 86 530.0 -408 260.0 0 0 1 0 1 0 -1 0 0 3004.DAT
0 STEP
1 86 530.0 -432 250.0 0 0 1 0 1 0 -1 0 0 3005.DAT
0 STEP
1 86 530.0 -456 260.0 0 0 1 0 1 0 -1 0 0 3004.DAT
0 STEP
1 86 530.0 -504 260.0 0 0 1 0 1 0 -1 0 0 3004.DAT
0 STEP
1 86 530.0 -528 250.0 0 0 1 0 1 0 -1 0 0 3005.DAT
0 STEP
1 86 530.0 -576 250.0 0 0 1 0 1 0 -1 0 0 3005.DAT
0 STEP
1 86 530.0 -600 250.0 0 0 1 0 1 0 -1 0 0 3005.DAT
0 STEP
1 86 530.0 -648 250.0 0 0 1 0 1 0 -1 0 0 3005.DAT
0 STEP
1 86 530.0 -672 260.0 0 0 1 0 1 0 -1 0 0 3004.DAT
0 STEP
1 86 530.0 -720 250.0 0 0 1 0 1 0 -1 0 0 3005.DAT
0 STEP
1 86 530.0 -768 250.0 0 0 1 0 1 0 -1 0 0 3005.DAT
0 STEP
1 86 530.0 -816 250.0 0 0 1 0 1 0 -1 0 0 3005.DAT
0 STEP
1 86 530.0 -840 260.0 0 0 1 0 1 0 -1 0 0 3004.DAT
0 STEP
1 86 530.0 -864 250.0 0 0 1 0 1 0 -1 0 0 3005.DAT
0 STEP
1 86 530.0 -912 260.0 0 0 1 0 1 0 -1 0 0 3004.DAT
0 STEP
1 86 530.0 -960 250.0 0 0 1 0 1 0 -1 0 0 3005.DAT
0 STEP
1 86 530.0 -984 260.0 0 0 1 0 1 0 -1 0 0 3004.DAT
0 STEP
1 86 530.0 -1032 260.0 0 0 1 0 1 0 -1 0 0 3004.DAT
0 STEP
1 86 530.0 -1080 260.0 0 0 1 0 1 0 -1 0 0 3004.DAT
0 STEP
1 86 530.0 -1128 250.0 0 0 1 0 1 0 -1 0 0 3005.DAT
0 STEP
1 86 530.0 -1176 260.0 0 0 1 0 1 0 -1 0 0 3004.DAT
0 STEP
1 86 530.0 -1200 250.0 0 0 1 0 1 0 -1 0 0 3005.DAT
0 STEP
1 86 530.0 -288 280.0 0 0 1 0 1 0 -1 0 0 3004.DAT
0 STEP
1 86 530.0 -432 280.0 0 0 1 0 1 0 -1 0 0 3004.DAT
0 STEP
1 86 530.0 -528 280.0 0 0 1 0 1 0 -1 0 0 3004.DAT
0 STEP
1 86 530.0 -600 280.0 0 0 1 0 1 0 -1 0 0 3004.DAT
0 STEP
1 86 530.0 -648 280.0 0 0 1 0 1 0 -1 0 0 3004.DAT
0 STEP
1 86 530.0 -720 280.0 0 0 1 0 1 0 -1 0 0 3004.DAT
0 STEP
1 86 530.0 -768 280.0 0 0 1 0 1 0 -1 0 0 3004.DAT
0 STEP
1 86 530.0 -864 280.0 0 0 1 0 1 0 -1 0 0 3004.DAT
0 STEP
1 86 530.0 -936 280.0 0 0 1 0 1 0 -1 0 0 3004.DAT
0 STEP
1 86 530.0 -1128 280.0 0 0 1 0 1 0 -1 0 0 3004.DAT
0 STEP
1 86 530.0 -1200 280.0 0 0 1 0 1 0 -1 0 0 3004.DAT
0 STEP
1 86 530.0 -312 290.0 0 0 1 0 1 0 -1 0 0 3005.DAT
0 STEP
1 86 530.0 -360 290.0 0 0 1 0 1 0 -1 0 0 3005.DAT
0 STEP
1 86 530.0 -408 290.0 0 0 1 0 1 0 -1 0 0 3005.DAT
0 STEP
1 86 530.0 -456 290.0 0 0 1 0 1 0 -1 0 0 3005.DAT
0 STEP
1 86 530.0 -576 290.0 0 0 1 0 1 0 -1 0 0 3005.DAT
0 STEP
1 86 530.0 -672 290.0 0 0 1 0 1 0 -1 0 0 3005.DAT
0 STEP
1 86 530.0 -696 290.0 0 0 1 0 1 0 -1 0 0 3005.DAT
0 STEP
1 86 530.0 -840 290.0 0 0 1 0 1 0 -1 0 0 3005.DAT
0 STEP
1 86 530.0 -912 290.0 0 0 1 0 1 0 -1 0 0 3005.DAT
0 STEP
1 86 530.0 -984 290.0 0 0 1 0 1 0 -1 0 0 3005.DAT
0 STEP
1 86 530.0 -1032 290.0 0 0 1 0 1 0 -1 0 0 3005.DAT
0 STEP
1 86 530.0 -1080 290.0 0 0 1 0 1 0 -1 0 0 3005.DAT
0 STEP
1 86 530.0 -1152 290.0 0 0 1 0 1 0 -1 0 0 3005.DAT
0 STEP
