1 86 10.0 0 40.0 0 0 1 0 1 0 -1 0 0 3010.DAT
0 STEP
1 86 10.0 -24 10.0 0 0 1 0 1 0 -1 0 0 3005.DAT
0 STEP
1 86 10.0 -48 80.0 0 0 1 0 1 0 -1 0 0 3008.DAT
0 STEP
1 86 10.0 -72 20.0 0 0 1 0 1 0 -1 0 0 3004.DAT
0 STEP
1 86 20.0 -96 80.0 0 0 1 0 1 0 -1 0 0 3007.DAT
0 STEP
1 86 10.0 -120 30.0 0 0 1 0 1 0 -1 0 0 3622.DAT
0 STEP
1 86 30.0 -144 10.0 -1 0 0 0 1 0 0 0 -1 3622.DAT
0 STEP
1 86 10.0 -168 40.0 0 0 1 0 1 0 -1 0 0 3010.DAT
0 STEP
1 86 40.0 -192 10.0 -1 0 0 0 1 0 0 0 -1 3010.DAT
0 STEP
1 86 20.0 -216 40.0 0 0 1 0 1 0 -1 0 0 3001.DAT
0 STEP
1 86 80.0 -240 10.0 -1 0 0 0 1 0 0 0 -1 3008.DAT
0 STEP
1 86 10.0 -264 60.0 0 0 1 0 1 0 -1 0 0 3009.DAT
0 STEP
1 86 80.0 -288 20.0 -1 0 0 0 1 0 0 0 -1 3007.DAT
0 STEP
1 86 10.0 -312 10.0 0 0 1 0 1 0 -1 0 0 3005.DAT
0 STEP
1 86 10.0 -336 10.0 0 0 1 0 1 0 -1 0 0 3005.DAT
0 STEP
1 86 20.0 -360 10.0 -1 0 0 0 1 0 0 0 -1 3004.DAT
0 STEP
1 86 10.0 -384 30.0 0 0 1 0 1 0 -1 0 0 3622.DAT
0 STEP
1 86 10.0 -408 10.0 0 0 1 0 1 0 -1 0 0 3005.DAT
0 STEP
1 86 40.0 -432 10.0 -1 0 0 0 1 0 0 0 -1 3010.DAT
0 STEP
1 86 20.0 -456 60.0 0 0 1 0 1 0 -1 0 0 2456.DAT
0 STEP
1 86 10.0 -480 30.0 0 0 1 0 1 0 -1 0 0 3622.DAT
0 STEP
1 86 30.0 -504 10.0 -1 0 0 0 1 0 0 0 -1 3622.DAT
0 STEP
1 86 20.0 -528 40.0 0 0 1 0 1 0 -1 0 0 3001.DAT
0 STEP
1 86 20.0 -552 30.0 0 0 1 0 1 0 -1 0 0 3002.DAT
0 STEP
1 86 30.0 -576 20.0 -1 0 0 0 1 0 0 0 -1 3002.DAT
0 STEP
1 86 10.0 -600 20.0 0 0 1 0 1 0 -1 0 0 3004.DAT
0 STEP
1 86 20.0 -624 30.0 0 0 1 0 1 0 -1 0 0 3002.DAT
0 STEP
1 86 40.0 -648 10.0 -1 0 0 0 1 0 0 0 -1 3010.DAT
0 STEP
1 86 20.0 -672 20.0 0 0 1 0 1 0 -1 0 0 3003.DAT
0 STEP
1 86 20.0 -696 60.0 0 0 1 0 1 0 -1 0 0 2456.DAT
0 STEP
1 86 30.0 -720 20.0 -1 0 0 0 1 0 0 0 -1 3002.DAT
0 STEP
1 86 20.0 -744 10.0 -1 0 0 0 1 0 0 0 -1 3004.DAT
0 STEP
1 86 30.0 -768 10.0 -1 0 0 0 1 0 0 0 -1 3622.DAT
0 STEP
1 86 20.0 -792 40.0 0 0 1 0 1 0 -1 0 0 3001.DAT
0 STEP
1 86 40.0 -816 10.0 -1 0 0 0 1 0 0 0 -1 3010.DAT
0 STEP
1 86 10.0 -840 80.0 0 0 1 0 1 0 -1 0 0 3008.DAT
0 STEP
1 86 20.0 -864 10.0 -1 0 0 0 1 0 0 0 -1 3004.DAT
0 STEP
1 86 20.0 -888 20.0 0 0 1 0 1 0 -1 0 0 3003.DAT
0 STEP
1 86 40.0 -24 40.0 -1 0 0 0 1 0 0 0 -1 3001.DAT
0 STEP
1 86 20.0 -144 60.0 0 0 1 0 1 0 -1 0 0 3001.DAT
0 STEP
1 86 10.0 -192 30.0 0 0 1 0 1 0 -1 0 0 3005.DAT
0 STEP
1 86 40.0 -240 30.0 -1 0 0 0 1 0 0 0 -1 3010.DAT
0 STEP
1 86 10.0 -312 60.0 0 0 1 0 1 0 -1 0 0 3010.DAT
0 STEP
1 86 40.0 -336 40.0 -1 0 0 0 1 0 0 0 -1 3001.DAT
0 STEP
1 86 10.0 -360 30.0 0 0 1 0 1 0 -1 0 0 3005.DAT
0 STEP
1 86 10.0 -408 60.0 0 0 1 0 1 0 -1 0 0 3010.DAT
0 STEP
1 86 40.0 -432 40.0 -1 0 0 0 1 0 0 0 -1 3001.DAT
0 STEP
1 86 20.0 -504 80.0 0 0 1 0 1 0 -1 0 0 2456.DAT
0 STEP
1 86 20.0 -648 80.0 0 0 1 0 1 0 -1 0 0 2456.DAT
0 STEP
1 86 20.0 -744 60.0 0 0 1 0 1 0 -1 0 0 3001.DAT
0 STEP
1 86 60.0 -768 30.0 -1 0 0 0 1 0 0 0 -1 3009.DAT
0 STEP
1 86 20.0 -816 30.0 -1 0 0 0 1 0 0 0 -1 3004.DAT
0 STEP
1 86 20.0 -864 60.0 0 0 1 0 1 0 -1 0 0 3001.DAT
0 STEP
1 86 40.0 -72 50.0 -1 0 0 0 1 0 0 0 -1 3010.DAT
0 STEP
1 86 80.0 -192 50.0 -1 0 0 0 1 0 0 0 -1 3008.DAT
0 STEP
1 86 80.0 -240 50.0 -1 0 0 0 1 0 0 0 -1 3008.DAT
0 STEP
1 86 80.0 -288 50.0 -1 0 0 0 1 0 0 0 -1 3008.DAT
0 STEP
1 86 10.0 -360 80.0 0 0 1 0 1 0 -1 0 0 3010.DAT
0 STEP
1 86 30.0 -576 60.0 -1 0 0 0 1 0 0 0 -1 3002.DAT
0 STEP
1 86 40.0 -600 50.0 -1 0 0 0 1 0 0 0 -1 3010.DAT
0 STEP
1 86 10.0 -672 50.0 0 0 1 0 1 0 -1 0 0 3005.DAT
0 STEP
1 86 10.0 -720 50.0 0 0 1 0 1 0 -1 0 0 3005.DAT
0 STEP
1 86 40.0 -768 50.0 -1 0 0 0 1 0 0 0 -1 3010.DAT
0 STEP
1 86 10.0 -816 80.0 0 0 1 0 1 0 -1 0 0 3010.DAT
0 STEP
1 86 10.0 -888 70.0 0 0 1 0 1 0 -1 0 0 3622.DAT
0 STEP
1 86 10.0 -24 100.0 0 0 1 0 1 0 -1 0 0 3010.DAT
0 STEP
1 86 30.0 -72 80.0 -1 0 0 0 1 0 0 0 -1 3002.DAT
0 STEP
1 86 30.0 -120 80.0 -1 0 0 0 1 0 0 0 -1 3002.DAT
0 STEP
1 86 10.0 -192 120.0 0 0 1 0 1 0 -1 0 0 3009.DAT
0 STEP
1 86 30.0 -240 80.0 -1 0 0 0 1 0 0 0 -1 3002.DAT
0 STEP
1 86 30.0 -288 70.0 -1 0 0 0 1 0 0 0 -1 3622.DAT
0 STEP
1 86 30.0 -336 70.0 -1 0 0 0 1 0 0 0 -1 3622.DAT
0 STEP
1 86 30.0 -384 80.0 -1 0 0 0 1 0 0 0 -1 3002.DAT
0 STEP
1 86 30.0 -432 70.0 -1 0 0 0 1 0 0 0 -1 3622.DAT
0 STEP
1 86 30.0 -480 70.0 -1 0 0 0 1 0 0 0 -1 3622.DAT
0 STEP
1 86 10.0 -552 100.0 0 0 1 0 1 0 -1 0 0 3010.DAT
0 STEP
1 86 10.0 -600 100.0 0 0 1 0 1 0 -1 0 0 3010.DAT
0 STEP
1 86 30.0 -624 80.0 -1 0 0 0 1 0 0 0 -1 3002.DAT
0 STEP
1 86 30.0 -672 80.0 -1 0 0 0 1 0 0 0 -1 3002.DAT
0 STEP
1 86 30.0 -720 80.0 -1 0 0 0 1 0 0 0 -1 3002.DAT
0 STEP
1 86 10.0 -768 70.0 0 0 1 0 1 0 -1 0 0 3005.DAT
0 STEP
1 86 30.0 0 100.0 -1 0 0 0 1 0 0 0 -1 3002.DAT
0 STEP
1 86 30.0 -168 100.0 -1 0 0 0 1 0 0 0 -1 3002.DAT
0 STEP
1 86 30.0 -216 100.0 -1 0 0 0 1 0 0 0 -1 3002.DAT
0 STEP
1 86 10.0 -288 120.0 0 0 1 0 1 0 -1 0 0 3010.DAT
0 STEP
1 86 10.0 -336 140.0 0 0 1 0 1 0 -1 0 0 3009.DAT
0 STEP
1 86 10.0 -432 140.0 0 0 1 0 1 0 -1 0 0 3009.DAT
0 STEP
1 86 30.0 -480 100.0 -1 0 0 0 1 0 0 0 -1 3002.DAT
0 STEP
1 86 30.0 -528 90.0 -1 0 0 0 1 0 0 0 -1 3622.DAT
0 STEP
1 86 30.0 -576 90.0 -1 0 0 0 1 0 0 0 -1 3622.DAT
0 STEP
1 86 10.0 -768 140.0 0 0 1 0 1 0 -1 0 0 3009.DAT
0 STEP
1 86 30.0 -792 90.0 -1 0 0 0 1 0 0 0 -1 3622.DAT
0 STEP
1 86 30.0 -72 120.0 -1 0 0 0 1 0 0 0 -1 3002.DAT
0 STEP
1 86 30.0 -120 120.0 -1 0 0 0 1 0 0 0 -1 3002.DAT
0 STEP
1 86 10.0 -144 140.0 0 0 1 0 1 0 -1 0 0 3010.DAT
0 STEP
1 86 20.0 -240 180.0 0 0 1 0 1 0 -1 0 0 3007.DAT
0 STEP
1 86 10.0 -312 110.0 0 0 1 0 1 0 -1 0 0 3005.DAT
0 STEP
1 86 30.0 -384 110.0 -1 0 0 0 1 0 0 0 -1 3622.DAT
0 STEP
1 86 10.0 -408 110.0 0 0 1 0 1 0 -1 0 0 3005.DAT
0 STEP
1 86 10.0 -528 110.0 0 0 1 0 1 0 -1 0 0 3005.DAT
0 STEP
1 86 20.0 -576 140.0 0 0 1 0 1 0 -1 0 0 3001.DAT
0 STEP
1 86 30.0 -624 110.0 -1 0 0 0 1 0 0 0 -1 3622.DAT
0 STEP
1 86 30.0 -672 120.0 -1 0 0 0 1 0 0 0 -1 3002.DAT
0 STEP
1 86 10.0 -720 130.0 0 0 1 0 1 0 -1 0 0 3622.DAT
0 STEP
1 86 30.0 -744 120.0 -1 0 0 0 1 0 0 0 -1 3002.DAT
0 STEP
1 86 20.0 -792 130.0 0 0 1 0 1 0 -1 0 0 3002.DAT
0 STEP
1 86 30.0 -864 120.0 -1 0 0 0 1 0 0 0 -1 3002.DAT
0 STEP
1 86 10.0 -888 140.0 0 0 1 0 1 0 -1 0 0 3010.DAT
0 STEP
1 86 10.0 0 160.0 0 0 1 0 1 0 -1 0 0 3010.DAT
0 STEP
1 86 30.0 -168 130.0 -1 0 0 0 1 0 0 0 -1 3622.DAT
0 STEP
1 86 30.0 -216 140.0 -1 0 0 0 1 0 0 0 -1 3002.DAT
0 STEP
1 86 30.0 -264 140.0 -1 0 0 0 1 0 0 0 -1 3002.DAT
0 STEP
1 86 30.0 -312 130.0 -1 0 0 0 1 0 0 0 -1 3622.DAT
0 STEP
1 86 10.0 -360 130.0 0 0 1 0 1 0 -1 0 0 3005.DAT
0 STEP
1 86 10.0 -384 160.0 0 0 1 0 1 0 -1 0 0 3010.DAT
0 STEP
1 86 30.0 -408 140.0 -1 0 0 0 1 0 0 0 -1 3002.DAT
0 STEP
1 86 30.0 -456 140.0 -1 0 0 0 1 0 0 0 -1 3002.DAT
0 STEP
1 86 30.0 -480 140.0 -1 0 0 0 1 0 0 0 -1 3002.DAT
0 STEP
1 86 10.0 -528 160.0 0 0 1 0 1 0 -1 0 0 3010.DAT
0 STEP
1 86 20.0 -624 180.0 0 0 1 0 1 0 -1 0 0 2456.DAT
0 STEP
1 86 30.0 -696 130.0 -1 0 0 0 1 0 0 0 -1 3622.DAT
0 STEP
1 86 10.0 -816 130.0 0 0 1 0 1 0 -1 0 0 3005.DAT
0 STEP
1 86 10.0 -24 200.0 0 0 1 0 1 0 -1 0 0 3009.DAT
0 STEP
1 86 20.0 -72 180.0 0 0 1 0 1 0 -1 0 0 3001.DAT
0 STEP
1 86 20.0 -120 240.0 0 0 1 0 1 0 -1 0 0 3006.DAT
0 STEP
1 86 30.0 -168 160.0 -1 0 0 0 1 0 0 0 -1 3002.DAT
0 STEP
1 86 30.0 -312 160.0 -1 0 0 0 1 0 0 0 -1 3002.DAT
0 STEP
1 86 30.0 -360 160.0 -1 0 0 0 1 0 0 0 -1 3002.DAT
0 STEP
1 86 20.0 -504 150.0 -1 0 0 0 1 0 0 0 -1 3004.DAT
0 STEP
1 86 30.0 -552 150.0 -1 0 0 0 1 0 0 0 -1 3622.DAT
0 STEP
1 86 30.0 -600 150.0 -1 0 0 0 1 0 0 0 -1 3622.DAT
0 STEP
1 86 30.0 -648 160.0 -1 0 0 0 1 0 0 0 -1 3002.DAT
0 STEP
1 86 10.0 -672 180.0 0 0 1 0 1 0 -1 0 0 3010.DAT
0 STEP
1 86 30.0 -696 160.0 -1 0 0 0 1 0 0 0 -1 3002.DAT
0 STEP
1 86 30.0 -744 160.0 -1 0 0 0 1 0 0 0 -1 3002.DAT
0 STEP
1 86 30.0 -816 160.0 -1 0 0 0 1 0 0 0 -1 3002.DAT
0 STEP
1 86 10.0 -864 150.0 0 0 1 0 1 0 -1 0 0 3005.DAT
0 STEP
1 86 40.0 -48 170.0 -1 0 0 0 1 0 0 0 -1 3010.DAT
0 STEP
1 86 10.0 -96 220.0 0 0 1 0 1 0 -1 0 0 3009.DAT
0 STEP
1 86 30.0 -216 170.0 -1 0 0 0 1 0 0 0 -1 3622.DAT
0 STEP
1 86 30.0 -264 180.0 -1 0 0 0 1 0 0 0 -1 3002.DAT
0 STEP
1 86 10.0 -288 190.0 0 0 1 0 1 0 -1 0 0 3622.DAT
0 STEP
1 86 30.0 -408 170.0 -1 0 0 0 1 0 0 0 -1 3622.DAT
0 STEP
1 86 10.0 -456 180.0 0 0 1 0 1 0 -1 0 0 3004.DAT
0 STEP
1 86 30.0 -480 180.0 -1 0 0 0 1 0 0 0 -1 3002.DAT
0 STEP
1 86 20.0 -504 200.0 0 0 1 0 1 0 -1 0 0 3001.DAT
0 STEP
1 86 20.0 -552 200.0 0 0 1 0 1 0 -1 0 0 3001.DAT
0 STEP
1 86 10.0 -600 200.0 0 0 1 0 1 0 -1 0 0 3010.DAT
0 STEP
1 86 10.0 -720 200.0 0 0 1 0 1 0 -1 0 0 3010.DAT
0 STEP
1 86 10.0 -792 200.0 0 0 1 0 1 0 -1 0 0 3010.DAT
0 STEP
1 86 10.0 -840 200.0 0 0 1 0 1 0 -1 0 0 3010.DAT
0 STEP
1 86 40.0 -864 180.0 -1 0 0 0 1 0 0 0 -1 3001.DAT
0 STEP
1 86 40.0 -48 200.0 -1 0 0 0 1 0 0 0 -1 3001.DAT
0 STEP
1 86 10.0 -144 190.0 0 0 1 0 1 0 -1 0 0 3005.DAT
0 STEP
1 86 20.0 -168 220.0 0 0 1 0 1 0 -1 0 0 3001.DAT
0 STEP
1 86 10.0 -192 190.0 0 0 1 0 1 0 -1 0 0 3005.DAT
0 STEP
1 86 20.0 -216 190.0 -1 0 0 0 1 0 0 0 -1 3004.DAT
0 STEP
1 86 30.0 -312 200.0 -1 0 0 0 1 0 0 0 -1 3002.DAT
0 STEP
1 86 10.0 -360 220.0 0 0 1 0 1 0 -1 0 0 3010.DAT
0 STEP
1 86 10.0 -408 220.0 0 0 1 0 1 0 -1 0 0 3010.DAT
0 STEP
1 86 20.0 -576 190.0 -1 0 0 0 1 0 0 0 -1 3004.DAT
0 STEP
1 86 10.0 -648 210.0 0 0 1 0 1 0 -1 0 0 3622.DAT
0 STEP
1 86 40.0 -696 200.0 -1 0 0 0 1 0 0 0 -1 3001.DAT
0 STEP
1 86 40.0 -744 190.0 -1 0 0 0 1 0 0 0 -1 3010.DAT
0 STEP
1 86 40.0 -816 200.0 -1 0 0 0 1 0 0 0 -1 3001.DAT
0 STEP
1 86 10.0 -888 210.0 0 0 1 0 1 0 -1 0 0 3622.DAT
0 STEP
1 86 10.0 0 210.0 0 0 1 0 1 0 -1 0 0 3005.DAT
0 STEP
1 86 30.0 -144 220.0 -1 0 0 0 1 0 0 0 -1 3002.DAT
0 STEP
1 86 30.0 -192 210.0 -1 0 0 0 1 0 0 0 -1 3622.DAT
0 STEP
1 86 20.0 -216 260.0 0 0 1 0 1 0 -1 0 0 2456.DAT
0 STEP
1 86 30.0 -264 210.0 -1 0 0 0 1 0 0 0 -1 3622.DAT
0 STEP
1 86 20.0 -336 280.0 0 0 1 0 1 0 -1 0 0 3007.DAT
0 STEP
1 86 10.0 -384 210.0 0 0 1 0 1 0 -1 0 0 3005.DAT
0 STEP
1 86 30.0 -432 210.0 -1 0 0 0 1 0 0 0 -1 3622.DAT
0 STEP
1 86 10.0 -456 280.0 0 0 1 0 1 0 -1 0 0 3008.DAT
0 STEP
1 86 30.0 -480 210.0 -1 0 0 0 1 0 0 0 -1 3622.DAT
0 STEP
1 86 10.0 -528 210.0 0 0 1 0 1 0 -1 0 0 3005.DAT
0 STEP
1 86 10.0 -576 220.0 0 0 1 0 1 0 -1 0 0 3004.DAT
0 STEP
1 86 40.0 -744 220.0 -1 0 0 0 1 0 0 0 -1 3001.DAT
0 STEP
1 86 10.0 -768 210.0 0 0 1 0 1 0 -1 0 0 3005.DAT
0 STEP
1 86 80.0 -864 210.0 -1 0 0 0 1 0 0 0 -1 3008.DAT
0 STEP
1 86 20.0 0 230.0 -1 0 0 0 1 0 0 0 -1 3004.DAT
0 STEP
1 86 60.0 -48 230.0 -1 0 0 0 1 0 0 0 -1 3009.DAT
0 STEP
1 86 10.0 -72 280.0 0 0 1 0 1 0 -1 0 0 3009.DAT
0 STEP
1 86 30.0 -192 240.0 -1 0 0 0 1 0 0 0 -1 3002.DAT
0 STEP
1 86 10.0 -264 230.0 0 0 1 0 1 0 -1 0 0 3005.DAT
0 STEP
1 86 20.0 -288 240.0 0 0 1 0 1 0 -1 0 0 3003.DAT
0 STEP
1 86 30.0 -312 240.0 -1 0 0 0 1 0 0 0 -1 3002.DAT
0 STEP
1 86 10.0 -384 260.0 0 0 1 0 1 0 -1 0 0 3010.DAT
0 STEP
1 86 30.0 -432 240.0 -1 0 0 0 1 0 0 0 -1 3002.DAT
0 STEP
1 86 80.0 -480 230.0 -1 0 0 0 1 0 0 0 -1 3008.DAT
0 STEP
1 86 80.0 -528 230.0 -1 0 0 0 1 0 0 0 -1 3008.DAT
0 STEP
1 86 30.0 -672 230.0 -1 0 0 0 1 0 0 0 -1 3622.DAT
0 STEP
1 86 40.0 -696 230.0 -1 0 0 0 1 0 0 0 -1 3010.DAT
0 STEP
1 86 20.0 -768 230.0 -1 0 0 0 1 0 0 0 -1 3004.DAT
0 STEP
1 86 40.0 -816 230.0 -1 0 0 0 1 0 0 0 -1 3010.DAT
0 STEP
1 86 40.0 -864 230.0 -1 0 0 0 1 0 0 0 -1 3010.DAT
0 STEP
1 86 10.0 0 280.0 0 0 1 0 1 0 -1 0 0 3010.DAT
0 STEP
1 86 10.0 -48 250.0 0 0 1 0 1 0 -1 0 0 3005.DAT
0 STEP
1 86 30.0 -144 260.0 -1 0 0 0 1 0 0 0 -1 3002.DAT
0 STEP
1 86 10.0 -264 280.0 0 0 1 0 1 0 -1 0 0 3010.DAT
0 STEP
1 86 10.0 -24 270.0 0 0 1 0 1 0 -1 0 0 3005.DAT
0 STEP
1 86 40.0 -48 270.0 -1 0 0 0 1 0 0 0 -1 3010.DAT
0 STEP
1 86 10.0 -168 300.0 0 0 1 0 1 0 -1 0 0 3010.DAT
0 STEP
1 86 30.0 -192 280.0 -1 0 0 0 1 0 0 0 -1 3002.DAT
0 STEP
1 86 30.0 -240 270.0 -1 0 0 0 1 0 0 0 -1 3622.DAT
0 STEP
1 86 30.0 -288 270.0 -1 0 0 0 1 0 0 0 -1 3622.DAT
0 STEP
1 86 30.0 -312 270.0 -1 0 0 0 1 0 0 0 -1 3622.DAT
0 STEP
1 86 30.0 -360 270.0 -1 0 0 0 1 0 0 0 -1 3622.DAT
0 STEP
1 86 60.0 -408 270.0 -1 0 0 0 1 0 0 0 -1 3009.DAT
0 STEP
1 86 20.0 -432 300.0 0 0 1 0 1 0 -1 0 0 3001.DAT
0 STEP
1 86 20.0 -24 320.0 0 0 1 0 1 0 -1 0 0 3001.DAT
0 STEP
1 86 10.0 -48 320.0 0 0 1 0 1 0 -1 0 0 3010.DAT
0 STEP
1 86 20.0 -96 290.0 -1 0 0 0 1 0 0 0 -1 3004.DAT
0 STEP
1 86 30.0 -144 300.0 -1 0 0 0 1 0 0 0 -1 3002.DAT
0 STEP
1 86 10.0 -240 320.0 0 0 1 0 1 0 -1 0 0 3010.DAT
0 STEP
1 86 10.0 -288 320.0 0 0 1 0 1 0 -1 0 0 3010.DAT
0 STEP
1 86 30.0 -312 300.0 -1 0 0 0 1 0 0 0 -1 3002.DAT
0 STEP
1 86 20.0 -360 320.0 0 0 1 0 1 0 -1 0 0 3001.DAT
0 STEP
1 86 20.0 -408 320.0 0 0 1 0 1 0 -1 0 0 3001.DAT
0 STEP
1 86 30.0 -96 310.0 -1 0 0 0 1 0 0 0 -1 3622.DAT
0 STEP
1 86 30.0 -192 310.0 -1 0 0 0 1 0 0 0 -1 3622.DAT
0 STEP
1 86 30.0 -384 310.0 -1 0 0 0 1 0 0 0 -1 3622.DAT
0 STEP
1 86 60.0 0 330.0 -1 0 0 0 1 0 0 0 -1 3009.DAT
0 STEP
1 86 30.0 -96 340.0 -1 0 0 0 1 0 0 0 -1 3002.DAT
0 STEP
1 86 40.0 -144 330.0 -1 0 0 0 1 0 0 0 -1 3010.DAT
0 STEP
1 86 10.0 -192 340.0 0 0 1 0 1 0 -1 0 0 3004.DAT
0 STEP
1 86 40.0 -216 340.0 -1 0 0 0 1 0 0 0 -1 3001.DAT
0 STEP
1 86 80.0 -264 340.0 -1 0 0 0 1 0 0 0 -1 3007.DAT
0 STEP
1 86 30.0 -312 330.0 -1 0 0 0 1 0 0 0 -1 3622.DAT
0 STEP
1 86 30.0 -384 340.0 -1 0 0 0 1 0 0 0 -1 3002.DAT
0 STEP
1 86 30.0 0 350.0 -1 0 0 0 1 0 0 0 -1 3622.DAT
0 STEP
1 86 30.0 -72 350.0 -1 0 0 0 1 0 0 0 -1 3622.DAT
0 STEP
1 86 20.0 -120 350.0 -1 0 0 0 1 0 0 0 -1 3004.DAT
0 STEP
1 86 10.0 -144 350.0 0 0 1 0 1 0 -1 0 0 3005.DAT
0 STEP
1 86 10.0 -168 350.0 0 0 1 0 1 0 -1 0 0 3005.DAT
0 STEP
1 86 40.0 -312 350.0 -1 0 0 0 1 0 0 0 -1 3010.DAT
0 STEP
1 86 20.0 -432 350.0 -1 0 0 0 1 0 0 0 -1 3004.DAT
0 STEP
1 86 40.0 0 40.0 0 0 1 0 1 0 -1 0 0 3001.DAT
0 STEP
1 86 60.0 -24 10.0 -1 0 0 0 1 0 0 0 -1 3010.DAT
0 STEP
1 86 40.0 -48 80.0 0 0 1 0 1 0 -1 0 0 3007.DAT
0 STEP
1 86 60.0 -72 20.0 -1 0 0 0 1 0 0 0 -1 3001.DAT
0 STEP
1 86 60.0 -120 20.0 -1 0 0 0 1 0 0 0 -1 3001.DAT
0 STEP
1 86 40.0 -168 40.0 0 0 1 0 1 0 -1 0 0 3001.DAT
0 STEP
1 86 60.0 -264 20.0 -1 0 0 0 1 0 0 0 -1 3001.DAT
0 STEP
1 86 30.0 -312 60.0 0 0 1 0 1 0 -1 0 0 3009.DAT
0 STEP
1 86 80.0 -336 10.0 -1 0 0 0 1 0 0 0 -1 3009.DAT
0 STEP
1 86 100.0 -384 10.0 -1 0 0 0 1 0 0 0 -1 3008.DAT
0 STEP
1 86 40.0 -408 60.0 0 0 1 0 1 0 -1 0 0 2456.DAT
0 STEP
1 86 60.0 -480 10.0 -1 0 0 0 1 0 0 0 -1 3010.DAT
0 STEP
1 86 100.0 -600 20.0 -1 0 0 0 1 0 0 0 -1 3007.DAT
0 STEP
1 86 60.0 -840 20.0 -1 0 0 0 1 0 0 0 -1 3001.DAT
0 STEP
1 86 100.0 -192 30.0 -1 0 0 0 1 0 0 0 -1 3008.DAT
0 STEP
1 86 30.0 -360 80.0 0 0 1 0 1 0 -1 0 0 3009.DAT
0 STEP
1 86 60.0 -384 40.0 -1 0 0 0 1 0 0 0 -1 3001.DAT
0 STEP
1 86 60.0 -480 40.0 -1 0 0 0 1 0 0 0 -1 3001.DAT
0 STEP
1 86 60.0 -120 50.0 -1 0 0 0 1 0 0 0 -1 3010.DAT
0 STEP
1 86 40.0 -264 80.0 0 0 1 0 1 0 -1 0 0 3001.DAT
0 STEP
1 86 60.0 -672 50.0 -1 0 0 0 1 0 0 0 -1 3010.DAT
0 STEP
1 86 80.0 -720 50.0 -1 0 0 0 1 0 0 0 -1 3009.DAT
0 STEP
1 86 30.0 -816 50.0 0 0 1 0 1 0 -1 0 0 3005.DAT
0 STEP
1 86 60.0 -840 50.0 -1 0 0 0 1 0 0 0 -1 3010.DAT
0 STEP
1 86 60.0 -888 50.0 -1 0 0 0 1 0 0 0 -1 3010.DAT
0 STEP
1 86 50.0 -24 80.0 -1 0 0 0 1 0 0 0 -1 3002.DAT
0 STEP
1 86 30.0 -192 100.0 0 0 1 0 1 0 -1 0 0 3010.DAT
0 STEP
1 86 40.0 -552 100.0 0 0 1 0 1 0 -1 0 0 3001.DAT
0 STEP
1 86 40.0 -600 100.0 0 0 1 0 1 0 -1 0 0 3001.DAT
0 STEP
1 86 40.0 -768 100.0 0 0 1 0 1 0 -1 0 0 3001.DAT
0 STEP
1 86 30.0 -816 100.0 0 0 1 0 1 0 -1 0 0 3010.DAT
0 STEP
1 86 30.0 -840 90.0 0 0 1 0 1 0 -1 0 0 3622.DAT
0 STEP
1 86 40.0 -888 90.0 0 0 1 0 1 0 -1 0 0 3002.DAT
0 STEP
1 86 30.0 -288 90.0 0 0 1 0 1 0 -1 0 0 3005.DAT
0 STEP
1 86 40.0 -336 100.0 0 0 1 0 1 0 -1 0 0 3003.DAT
0 STEP
1 86 40.0 -432 140.0 0 0 1 0 1 0 -1 0 0 2456.DAT
0 STEP
1 86 40.0 -24 140.0 0 0 1 0 1 0 -1 0 0 3001.DAT
0 STEP
1 86 30.0 -144 130.0 0 0 1 0 1 0 -1 0 0 3622.DAT
0 STEP
1 86 30.0 -288 160.0 0 0 1 0 1 0 -1 0 0 3009.DAT
0 STEP
1 86 40.0 -528 140.0 0 0 1 0 1 0 -1 0 0 3001.DAT
0 STEP
1 86 30.0 -720 110.0 0 0 1 0 1 0 -1 0 0 3005.DAT
0 STEP
1 86 40.0 0 130.0 -1 0 0 0 1 0 0 0 -1 3004.DAT
0 STEP
1 86 30.0 -336 160.0 0 0 1 0 1 0 -1 0 0 3010.DAT
0 STEP
1 86 40.0 -384 130.0 -1 0 0 0 1 0 0 0 -1 3004.DAT
0 STEP
1 86 30.0 -720 180.0 0 0 1 0 1 0 -1 0 0 3009.DAT
0 STEP
1 86 30.0 -840 160.0 0 0 1 0 1 0 -1 0 0 3010.DAT
0 STEP
1 86 60.0 -888 130.0 -1 0 0 0 1 0 0 0 -1 3010.DAT
0 STEP
1 86 30.0 0 180.0 0 0 1 0 1 0 -1 0 0 3010.DAT
0 STEP
1 86 30.0 -192 170.0 0 0 1 0 1 0 -1 0 0 3622.DAT
0 STEP
1 86 40.0 -384 220.0 0 0 1 0 1 0 -1 0 0 3007.DAT
0 STEP
1 86 40.0 -672 180.0 0 0 1 0 1 0 -1 0 0 3001.DAT
0 STEP
1 86 30.0 -768 180.0 0 0 1 0 1 0 -1 0 0 3010.DAT
0 STEP
1 86 80.0 -864 150.0 -1 0 0 0 1 0 0 0 -1 3009.DAT
0 STEP
1 86 30.0 -888 150.0 0 0 1 0 1 0 -1 0 0 3005.DAT
0 STEP
1 86 30.0 -96 170.0 0 0 1 0 1 0 -1 0 0 3005.DAT
0 STEP
1 86 40.0 -144 180.0 0 0 1 0 1 0 -1 0 0 3003.DAT
0 STEP
1 86 30.0 -456 200.0 0 0 1 0 1 0 -1 0 0 3010.DAT
0 STEP
1 86 40.0 -600 170.0 -1 0 0 0 1 0 0 0 -1 3004.DAT
0 STEP
1 86 30.0 -792 180.0 0 0 1 0 1 0 -1 0 0 3004.DAT
0 STEP
1 86 30.0 -888 200.0 0 0 1 0 1 0 -1 0 0 3010.DAT
0 STEP
1 86 50.0 -24 190.0 -1 0 0 0 1 0 0 0 -1 3622.DAT
0 STEP
1 86 40.0 -96 190.0 -1 0 0 0 1 0 0 0 -1 3004.DAT
0 STEP
1 86 40.0 -360 220.0 0 0 1 0 1 0 -1 0 0 3001.DAT
0 STEP
1 86 40.0 -408 210.0 0 0 1 0 1 0 -1 0 0 3002.DAT
0 STEP
1 86 50.0 -528 190.0 -1 0 0 0 1 0 0 0 -1 3622.DAT
0 STEP
1 86 60.0 -600 200.0 -1 0 0 0 1 0 0 0 -1 3001.DAT
0 STEP
1 86 60.0 -648 200.0 -1 0 0 0 1 0 0 0 -1 3001.DAT
0 STEP
1 86 30.0 -24 240.0 0 0 1 0 1 0 -1 0 0 3010.DAT
0 STEP
1 86 30.0 -96 240.0 0 0 1 0 1 0 -1 0 0 3010.DAT
0 STEP
1 86 60.0 -528 210.0 -1 0 0 0 1 0 0 0 -1 3010.DAT
0 STEP
1 86 80.0 -576 220.0 -1 0 0 0 1 0 0 0 -1 2456.DAT
0 STEP
1 86 60.0 -792 220.0 -1 0 0 0 1 0 0 0 -1 3001.DAT
0 STEP
1 86 80.0 -840 220.0 -1 0 0 0 1 0 0 0 -1 2456.DAT
0 STEP
1 86 30.0 -72 240.0 0 0 1 0 1 0 -1 0 0 3004.DAT
0 STEP
1 86 30.0 -264 260.0 0 0 1 0 1 0 -1 0 0 3010.DAT
0 STEP
1 86 60.0 -600 230.0 -1 0 0 0 1 0 0 0 -1 3010.DAT
0 STEP
1 86 60.0 -648 230.0 -1 0 0 0 1 0 0 0 -1 3010.DAT
0 STEP
1 86 50.0 0 260.0 -1 0 0 0 1 0 0 0 -1 3002.DAT
0 STEP
1 86 60.0 -48 250.0 -1 0 0 0 1 0 0 0 -1 3010.DAT
0 STEP
1 86 30.0 -408 250.0 0 0 1 0 1 0 -1 0 0 3005.DAT
0 STEP
1 86 60.0 -456 250.0 -1 0 0 0 1 0 0 0 -1 3010.DAT
0 STEP
1 86 40.0 -72 300.0 0 0 1 0 1 0 -1 0 0 3001.DAT
0 STEP
1 86 40.0 -168 270.0 -1 0 0 0 1 0 0 0 -1 3004.DAT
0 STEP
1 86 60.0 -456 280.0 -1 0 0 0 1 0 0 0 -1 3001.DAT
0 STEP
1 86 50.0 0 300.0 -1 0 0 0 1 0 0 0 -1 3002.DAT
0 STEP
1 86 60.0 -48 290.0 -1 0 0 0 1 0 0 0 -1 3010.DAT
0 STEP
1 86 40.0 -168 320.0 0 0 1 0 1 0 -1 0 0 3001.DAT
0 STEP
1 86 40.0 -240 320.0 0 0 1 0 1 0 -1 0 0 3001.DAT
0 STEP
1 86 40.0 -288 290.0 -1 0 0 0 1 0 0 0 -1 3004.DAT
0 STEP
1 86 30.0 -48 310.0 0 0 1 0 1 0 -1 0 0 3005.DAT
0 STEP
1 86 30.0 -264 310.0 0 0 1 0 1 0 -1 0 0 3005.DAT
0 STEP
1 86 50.0 -288 320.0 -1 0 0 0 1 0 0 0 -1 3002.DAT
0 STEP
1 86 60.0 -456 310.0 -1 0 0 0 1 0 0 0 -1 3010.DAT
0 STEP
1 86 60.0 -48 340.0 -1 0 0 0 1 0 0 0 -1 3001.DAT
0 STEP
1 86 60.0 -192 340.0 -1 0 0 0 1 0 0 0 -1 3001.DAT
0 STEP
1 86 60.0 -456 340.0 -1 0 0 0 1 0 0 0 -1 3001.DAT
0 STEP
1 86 60.0 -144 350.0 -1 0 0 0 1 0 0 0 -1 3010.DAT
0 STEP
1 86 50.0 -288 350.0 -1 0 0 0 1 0 0 0 -1 3622.DAT
0 STEP
1 86 50.0 -96 10.0 0 0 1 0 1 0 -1 0 0 3005.DAT
0 STEP
1 86 50.0 -216 40.0 0 0 1 0 1 0 -1 0 0 3010.DAT
0 STEP
1 86 50.0 -312 10.0 0 0 1 0 1 0 -1 0 0 3005.DAT
0 STEP
1 86 50.0 -360 60.0 0 0 1 0 1 0 -1 0 0 3009.DAT
0 STEP
1 86 50.0 -456 10.0 0 0 1 0 1 0 -1 0 0 3005.DAT
0 STEP
1 86 100.0 -528 10.0 -1 0 0 0 1 0 0 0 -1 3009.DAT
0 STEP
1 86 60.0 -552 30.0 0 0 1 0 1 0 -1 0 0 3002.DAT
0 STEP
1 86 50.0 -624 30.0 0 0 1 0 1 0 -1 0 0 3622.DAT
0 STEP
1 86 50.0 -672 10.0 0 0 1 0 1 0 -1 0 0 3005.DAT
0 STEP
1 86 50.0 -696 60.0 0 0 1 0 1 0 -1 0 0 3009.DAT
0 STEP
1 86 70.0 -744 20.0 -1 0 0 0 1 0 0 0 -1 3002.DAT
0 STEP
1 86 80.0 -792 20.0 -1 0 0 0 1 0 0 0 -1 3001.DAT
0 STEP
1 86 60.0 -864 40.0 0 0 1 0 1 0 -1 0 0 3001.DAT
0 STEP
1 86 70.0 -888 20.0 -1 0 0 0 1 0 0 0 -1 3002.DAT
0 STEP
1 86 50.0 -96 100.0 0 0 1 0 1 0 -1 0 0 3008.DAT
0 STEP
1 86 50.0 -144 30.0 0 0 1 0 1 0 -1 0 0 3005.DAT
0 STEP
1 86 50.0 -312 60.0 0 0 1 0 1 0 -1 0 0 3010.DAT
0 STEP
1 86 50.0 -456 60.0 0 0 1 0 1 0 -1 0 0 3010.DAT
0 STEP
1 86 50.0 -504 60.0 0 0 1 0 1 0 -1 0 0 3010.DAT
0 STEP
1 86 50.0 -528 50.0 0 0 1 0 1 0 -1 0 0 3622.DAT
0 STEP
1 86 50.0 -648 80.0 0 0 1 0 1 0 -1 0 0 3009.DAT
0 STEP
1 86 70.0 -672 30.0 -1 0 0 0 1 0 0 0 -1 3622.DAT
0 STEP
1 86 50.0 -816 80.0 0 0 1 0 1 0 -1 0 0 3009.DAT
0 STEP
1 86 50.0 -144 100.0 0 0 1 0 1 0 -1 0 0 3009.DAT
0 STEP
1 86 50.0 -744 70.0 0 0 1 0 1 0 -1 0 0 3622.DAT
0 STEP
1 86 80.0 -792 50.0 -1 0 0 0 1 0 0 0 -1 3010.DAT
0 STEP
1 86 50.0 -192 120.0 0 0 1 0 1 0 -1 0 0 3009.DAT
0 STEP
1 86 50.0 -792 70.0 0 0 1 0 1 0 -1 0 0 3005.DAT
0 STEP
1 86 80.0 -840 80.0 -1 0 0 0 1 0 0 0 -1 3001.DAT
0 STEP
1 86 50.0 -288 120.0 0 0 1 0 1 0 -1 0 0 3010.DAT
0 STEP
1 86 50.0 -864 90.0 0 0 1 0 1 0 -1 0 0 3005.DAT
0 STEP
1 86 50.0 -240 180.0 0 0 1 0 1 0 -1 0 0 3008.DAT
0 STEP
1 86 50.0 -312 110.0 0 0 1 0 1 0 -1 0 0 3005.DAT
0 STEP
1 86 50.0 -456 110.0 0 0 1 0 1 0 -1 0 0 3005.DAT
0 STEP
1 86 50.0 -504 160.0 0 0 1 0 1 0 -1 0 0 3009.DAT
0 STEP
1 86 50.0 -576 110.0 0 0 1 0 1 0 -1 0 0 3005.DAT
0 STEP
1 86 50.0 -720 140.0 0 0 1 0 1 0 -1 0 0 3010.DAT
0 STEP
1 86 50.0 -792 110.0 0 0 1 0 1 0 -1 0 0 3005.DAT
0 STEP
1 86 80.0 -840 110.0 -1 0 0 0 1 0 0 0 -1 3010.DAT
0 STEP
1 86 50.0 -336 180.0 0 0 1 0 1 0 -1 0 0 3009.DAT
0 STEP
1 86 50.0 -360 130.0 0 0 1 0 1 0 -1 0 0 3005.DAT
0 STEP
1 86 50.0 -576 160.0 0 0 1 0 1 0 -1 0 0 3010.DAT
0 STEP
1 86 50.0 -624 180.0 0 0 1 0 1 0 -1 0 0 3009.DAT
0 STEP
1 86 50.0 -792 160.0 0 0 1 0 1 0 -1 0 0 3010.DAT
0 STEP
1 86 60.0 -840 160.0 0 0 1 0 1 0 -1 0 0 3001.DAT
0 STEP
1 86 50.0 0 150.0 0 0 1 0 1 0 -1 0 0 3005.DAT
0 STEP
1 86 50.0 -72 200.0 0 0 1 0 1 0 -1 0 0 3009.DAT
0 STEP
1 86 50.0 -120 150.0 0 0 1 0 1 0 -1 0 0 3005.DAT
0 STEP
1 86 50.0 -768 150.0 0 0 1 0 1 0 -1 0 0 3005.DAT
0 STEP
1 86 50.0 -888 180.0 0 0 1 0 1 0 -1 0 0 3010.DAT
0 STEP
1 86 50.0 0 200.0 0 0 1 0 1 0 -1 0 0 3010.DAT
0 STEP
1 86 50.0 -120 240.0 0 0 1 0 1 0 -1 0 0 3008.DAT
0 STEP
1 86 50.0 -288 170.0 0 0 1 0 1 0 -1 0 0 3005.DAT
0 STEP
1 86 50.0 -456 180.0 0 0 1 0 1 0 -1 0 0 3004.DAT
0 STEP
1 86 50.0 -552 170.0 0 0 1 0 1 0 -1 0 0 3005.DAT
0 STEP
1 86 50.0 -768 200.0 0 0 1 0 1 0 -1 0 0 3010.DAT
0 STEP
1 86 50.0 -168 220.0 0 0 1 0 1 0 -1 0 0 3010.DAT
0 STEP
1 86 50.0 -192 190.0 0 0 1 0 1 0 -1 0 0 3005.DAT
0 STEP
1 86 50.0 -216 240.0 0 0 1 0 1 0 -1 0 0 3009.DAT
0 STEP
1 86 50.0 -288 220.0 0 0 1 0 1 0 -1 0 0 3010.DAT
0 STEP
1 86 60.0 -552 210.0 0 0 1 0 1 0 -1 0 0 3002.DAT
0 STEP
1 86 50.0 -720 210.0 0 0 1 0 1 0 -1 0 0 3622.DAT
0 STEP
1 86 50.0 -24 280.0 0 0 1 0 1 0 -1 0 0 3008.DAT
0 STEP
1 86 50.0 -96 210.0 0 0 1 0 1 0 -1 0 0 3005.DAT
0 STEP
1 86 70.0 -456 220.0 -1 0 0 0 1 0 0 0 -1 3002.DAT
0 STEP
1 86 50.0 -96 260.0 0 0 1 0 1 0 -1 0 0 3010.DAT
0 STEP
1 86 50.0 -264 230.0 0 0 1 0 1 0 -1 0 0 3005.DAT
0 STEP
1 86 50.0 -504 230.0 0 0 1 0 1 0 -1 0 0 3005.DAT
0 STEP
1 86 80.0 -888 230.0 -1 0 0 0 1 0 0 0 -1 3010.DAT
0 STEP
1 86 50.0 -264 280.0 0 0 1 0 1 0 -1 0 0 3010.DAT
0 STEP
1 86 50.0 -336 280.0 0 0 1 0 1 0 -1 0 0 3010.DAT
0 STEP
1 86 80.0 -408 250.0 -1 0 0 0 1 0 0 0 -1 3010.DAT
0 STEP
1 86 50.0 -432 270.0 0 0 1 0 1 0 -1 0 0 3005.DAT
0 STEP
1 86 50.0 -360 320.0 0 0 1 0 1 0 -1 0 0 3010.DAT
0 STEP
1 86 80.0 -408 300.0 -1 0 0 0 1 0 0 0 -1 3001.DAT
0 STEP
1 86 50.0 -432 320.0 0 0 1 0 1 0 -1 0 0 3010.DAT
0 STEP
1 86 80.0 -48 310.0 -1 0 0 0 1 0 0 0 -1 3010.DAT
0 STEP
1 86 60.0 -216 310.0 -1 0 0 0 1 0 0 0 -1 3004.DAT
0 STEP
1 86 60.0 -120 340.0 0 0 1 0 1 0 -1 0 0 3003.DAT
0 STEP
1 86 70.0 -336 330.0 -1 0 0 0 1 0 0 0 -1 3622.DAT
0 STEP
1 86 80.0 -408 340.0 -1 0 0 0 1 0 0 0 -1 3001.DAT
0 STEP
1 86 50.0 -336 350.0 0 0 1 0 1 0 -1 0 0 3005.DAT
0 STEP
1 86 100.0 0 20.0 -1 0 0 0 1 0 0 0 -1 3001.DAT
0 STEP
1 86 70.0 -48 20.0 0 0 1 0 1 0 -1 0 0 3004.DAT
0 STEP
1 86 70.0 -96 30.0 0 0 1 0 1 0 -1 0 0 3622.DAT
0 STEP
1 86 100.0 -144 10.0 -1 0 0 0 1 0 0 0 -1 3010.DAT
0 STEP
1 86 70.0 -168 30.0 0 0 1 0 1 0 -1 0 0 3622.DAT
0 STEP
1 86 80.0 -216 30.0 0 0 1 0 1 0 -1 0 0 3002.DAT
0 STEP
1 86 70.0 -312 30.0 0 0 1 0 1 0 -1 0 0 3622.DAT
0 STEP
1 86 70.0 -360 30.0 0 0 1 0 1 0 -1 0 0 3622.DAT
0 STEP
1 86 70.0 -408 30.0 0 0 1 0 1 0 -1 0 0 3622.DAT
0 STEP
1 86 70.0 -456 30.0 0 0 1 0 1 0 -1 0 0 3622.DAT
0 STEP
1 86 80.0 -504 30.0 0 0 1 0 1 0 -1 0 0 3002.DAT
0 STEP
1 86 100.0 -576 20.0 -1 0 0 0 1 0 0 0 -1 3001.DAT
0 STEP
1 86 100.0 -624 10.0 -1 0 0 0 1 0 0 0 -1 3010.DAT
0 STEP
1 86 140.0 -672 10.0 -1 0 0 0 1 0 0 0 -1 3008.DAT
0 STEP
1 86 80.0 -696 30.0 0 0 1 0 1 0 -1 0 0 3002.DAT
0 STEP
1 86 160.0 -720 20.0 -1 0 0 0 1 0 0 0 -1 3006.DAT
0 STEP
1 86 140.0 -768 10.0 -1 0 0 0 1 0 0 0 -1 3008.DAT
0 STEP
1 86 70.0 -144 40.0 0 0 1 0 1 0 -1 0 0 3004.DAT
0 STEP
1 86 100.0 -528 40.0 -1 0 0 0 1 0 0 0 -1 3001.DAT
0 STEP
1 86 100.0 -624 40.0 -1 0 0 0 1 0 0 0 -1 3001.DAT
0 STEP
1 86 70.0 -648 40.0 0 0 1 0 1 0 -1 0 0 3004.DAT
0 STEP
1 86 70.0 -816 40.0 0 0 1 0 1 0 -1 0 0 3004.DAT
0 STEP
1 86 70.0 0 120.0 0 0 1 0 1 0 -1 0 0 3008.DAT
0 STEP
1 86 100.0 -48 50.0 -1 0 0 0 1 0 0 0 -1 3010.DAT
0 STEP
1 86 80.0 -264 50.0 -1 0 0 0 1 0 0 0 -1 3004.DAT
0 STEP
1 86 120.0 -576 50.0 -1 0 0 0 1 0 0 0 -1 3009.DAT
0 STEP
1 86 80.0 -744 50.0 -1 0 0 0 1 0 0 0 -1 3004.DAT
0 STEP
1 86 70.0 -48 70.0 0 0 1 0 1 0 -1 0 0 3005.DAT
0 STEP
1 86 80.0 -888 70.0 -1 0 0 0 1 0 0 0 -1 3004.DAT
0 STEP
1 86 70.0 -48 120.0 0 0 1 0 1 0 -1 0 0 3010.DAT
0 STEP
1 86 70.0 -864 100.0 0 0 1 0 1 0 -1 0 0 3004.DAT
0 STEP
1 86 120.0 -888 90.0 -1 0 0 0 1 0 0 0 -1 3009.DAT
0 STEP
1 86 80.0 -24 110.0 -1 0 0 0 1 0 0 0 -1 3004.DAT
0 STEP
1 86 100.0 -888 110.0 -1 0 0 0 1 0 0 0 -1 3010.DAT
0 STEP
1 86 100.0 -24 130.0 -1 0 0 0 1 0 0 0 -1 3010.DAT
0 STEP
1 86 100.0 -864 130.0 -1 0 0 0 1 0 0 0 -1 3010.DAT
0 STEP
1 86 100.0 -24 160.0 -1 0 0 0 1 0 0 0 -1 3001.DAT
0 STEP
1 86 80.0 -888 180.0 0 0 1 0 1 0 -1 0 0 3001.DAT
0 STEP
1 86 70.0 -480 200.0 0 0 1 0 1 0 -1 0 0 3004.DAT
0 STEP
1 86 80.0 -504 210.0 0 0 1 0 1 0 -1 0 0 3002.DAT
0 STEP
1 86 140.0 -576 190.0 -1 0 0 0 1 0 0 0 -1 3008.DAT
0 STEP
1 86 70.0 -624 210.0 0 0 1 0 1 0 -1 0 0 3622.DAT
0 STEP
1 86 80.0 -672 210.0 0 0 1 0 1 0 -1 0 0 3002.DAT
0 STEP
1 86 70.0 -720 190.0 0 0 1 0 1 0 -1 0 0 3005.DAT
0 STEP
1 86 70.0 -768 210.0 0 0 1 0 1 0 -1 0 0 3622.DAT
0 STEP
1 86 90.0 -792 190.0 -1 0 0 0 1 0 0 0 -1 3622.DAT
0 STEP
1 86 100.0 0 220.0 -1 0 0 0 1 0 0 0 -1 3001.DAT
0 STEP
1 86 70.0 -24 230.0 0 0 1 0 1 0 -1 0 0 3622.DAT
0 STEP
1 86 120.0 -720 220.0 -1 0 0 0 1 0 0 0 -1 2456.DAT
0 STEP
1 86 70.0 -432 280.0 0 0 1 0 1 0 -1 0 0 3009.DAT
0 STEP
1 86 100.0 -24 280.0 -1 0 0 0 1 0 0 0 -1 3001.DAT
0 STEP
1 86 80.0 -24 330.0 0 0 1 0 1 0 -1 0 0 3002.DAT
0 STEP
1 86 70.0 -72 330.0 0 0 1 0 1 0 -1 0 0 3622.DAT
0 STEP
1 86 80.0 -240 330.0 0 0 1 0 1 0 -1 0 0 3002.DAT
0 STEP
1 86 140.0 -264 310.0 -1 0 0 0 1 0 0 0 -1 3008.DAT
0 STEP
1 86 100.0 -312 320.0 -1 0 0 0 1 0 0 0 -1 3001.DAT
0 STEP
1 86 80.0 -96 360.0 0 0 1 0 1 0 -1 0 0 3001.DAT
0 STEP
1 86 70.0 -168 360.0 0 0 1 0 1 0 -1 0 0 3010.DAT
0 STEP
1 86 70.0 -360 330.0 0 0 1 0 1 0 -1 0 0 3005.DAT
0 STEP
1 86 70.0 -384 360.0 0 0 1 0 1 0 -1 0 0 3010.DAT
0 STEP
1 86 100.0 0 350.0 -1 0 0 0 1 0 0 0 -1 3010.DAT
0 STEP
1 86 80.0 -336 370.0 0 0 1 0 1 0 -1 0 0 3002.DAT
0 STEP
1 86 100.0 -360 360.0 -1 0 0 0 1 0 0 0 -1 3001.DAT
0 STEP
1 86 70.0 -432 350.0 0 0 1 0 1 0 -1 0 0 3005.DAT
0 STEP
1 86 70.0 -120 380.0 0 0 1 0 1 0 -1 0 0 3004.DAT
0 STEP
1 86 80.0 -144 380.0 0 0 1 0 1 0 -1 0 0 3003.DAT
0 STEP
1 86 100.0 -192 380.0 -1 0 0 0 1 0 0 0 -1 3001.DAT
0 STEP
1 86 70.0 -408 370.0 0 0 1 0 1 0 -1 0 0 3005.DAT
0 STEP
1 86 100.0 -432 380.0 -1 0 0 0 1 0 0 0 -1 3001.DAT
0 STEP
1 86 70.0 -360 390.0 0 0 1 0 1 0 -1 0 0 3005.DAT
0 STEP
1 86 100.0 -408 390.0 -1 0 0 0 1 0 0 0 -1 3010.DAT
0 STEP
1 86 120.0 -48 20.0 -1 0 0 0 1 0 0 0 -1 3001.DAT
0 STEP
1 86 160.0 -96 10.0 -1 0 0 0 1 0 0 0 -1 3008.DAT
0 STEP
1 86 100.0 -168 30.0 0 0 1 0 1 0 -1 0 0 3002.DAT
0 STEP
1 86 140.0 -192 10.0 -1 0 0 0 1 0 0 0 -1 3009.DAT
0 STEP
1 86 100.0 -312 30.0 0 0 1 0 1 0 -1 0 0 3002.DAT
0 STEP
1 86 100.0 -360 30.0 0 0 1 0 1 0 -1 0 0 3002.DAT
0 STEP
1 86 140.0 -408 20.0 -1 0 0 0 1 0 0 0 -1 2456.DAT
0 STEP
1 86 90.0 -432 30.0 0 0 1 0 1 0 -1 0 0 3622.DAT
0 STEP
1 86 160.0 -456 20.0 -1 0 0 0 1 0 0 0 -1 3007.DAT
0 STEP
1 86 90.0 -552 30.0 0 0 1 0 1 0 -1 0 0 3622.DAT
0 STEP
1 86 90.0 -648 30.0 0 0 1 0 1 0 -1 0 0 3622.DAT
0 STEP
1 86 180.0 -816 20.0 -1 0 0 0 1 0 0 0 -1 3006.DAT
0 STEP
1 86 90.0 -864 60.0 0 0 1 0 1 0 -1 0 0 3009.DAT
0 STEP
1 86 90.0 -24 60.0 0 0 1 0 1 0 -1 0 0 3010.DAT
0 STEP
1 86 140.0 -96 30.0 -1 0 0 0 1 0 0 0 -1 3009.DAT
0 STEP
1 86 110.0 -144 30.0 -1 0 0 0 1 0 0 0 -1 3622.DAT
0 STEP
1 86 90.0 -240 30.0 0 0 1 0 1 0 -1 0 0 3005.DAT
0 STEP
1 86 90.0 -336 30.0 0 0 1 0 1 0 -1 0 0 3005.DAT
0 STEP
1 86 110.0 0 50.0 -1 0 0 0 1 0 0 0 -1 3622.DAT
0 STEP
1 86 90.0 -72 50.0 0 0 1 0 1 0 -1 0 0 3005.DAT
0 STEP
1 86 110.0 -96 50.0 -1 0 0 0 1 0 0 0 -1 3622.DAT
0 STEP
1 86 160.0 -144 50.0 -1 0 0 0 1 0 0 0 -1 3008.DAT
0 STEP
1 86 160.0 -336 50.0 -1 0 0 0 1 0 0 0 -1 3008.DAT
0 STEP
1 86 140.0 -408 50.0 -1 0 0 0 1 0 0 0 -1 3009.DAT
0 STEP
1 86 160.0 -456 50.0 -1 0 0 0 1 0 0 0 -1 3008.DAT
0 STEP
1 86 90.0 -600 50.0 0 0 1 0 1 0 -1 0 0 3005.DAT
0 STEP
1 86 90.0 -768 50.0 0 0 1 0 1 0 -1 0 0 3005.DAT
0 STEP
1 86 100.0 -816 50.0 -1 0 0 0 1 0 0 0 -1 3004.DAT
0 STEP
1 86 120.0 0 70.0 -1 0 0 0 1 0 0 0 -1 3010.DAT
0 STEP
1 86 120.0 -48 70.0 -1 0 0 0 1 0 0 0 -1 3010.DAT
0 STEP
1 86 100.0 0 140.0 0 0 1 0 1 0 -1 0 0 2456.DAT
0 STEP
1 86 100.0 -48 120.0 0 0 1 0 1 0 -1 0 0 3001.DAT
0 STEP
1 86 100.0 -840 160.0 0 0 1 0 1 0 -1 0 0 3001.DAT
0 STEP
1 86 100.0 -48 190.0 0 0 1 0 1 0 -1 0 0 3002.DAT
0 STEP
1 86 90.0 -864 170.0 0 0 1 0 1 0 -1 0 0 3005.DAT
0 STEP
1 86 90.0 -24 220.0 0 0 1 0 1 0 -1 0 0 3010.DAT
0 STEP
1 86 120.0 -480 200.0 -1 0 0 0 1 0 0 0 -1 3001.DAT
0 STEP
1 86 120.0 -528 190.0 -1 0 0 0 1 0 0 0 -1 3010.DAT
0 STEP
1 86 100.0 -552 210.0 0 0 1 0 1 0 -1 0 0 3002.DAT
0 STEP
1 86 90.0 -624 190.0 0 0 1 0 1 0 -1 0 0 3005.DAT
0 STEP
1 86 90.0 -696 210.0 0 0 1 0 1 0 -1 0 0 3622.DAT
0 STEP
1 86 120.0 -720 190.0 -1 0 0 0 1 0 0 0 -1 3010.DAT
0 STEP
1 86 100.0 -744 210.0 0 0 1 0 1 0 -1 0 0 3002.DAT
0 STEP
1 86 90.0 -768 190.0 0 0 1 0 1 0 -1 0 0 3005.DAT
0 STEP
1 86 90.0 -816 210.0 0 0 1 0 1 0 -1 0 0 3622.DAT
0 STEP
1 86 120.0 -864 190.0 -1 0 0 0 1 0 0 0 -1 3010.DAT
0 STEP
1 86 120.0 -624 220.0 -1 0 0 0 1 0 0 0 -1 3001.DAT
0 STEP
1 86 140.0 -768 220.0 -1 0 0 0 1 0 0 0 -1 2456.DAT
0 STEP
1 86 120.0 -432 240.0 -1 0 0 0 1 0 0 0 -1 3001.DAT
0 STEP
1 86 90.0 -864 230.0 0 0 1 0 1 0 -1 0 0 3005.DAT
0 STEP
1 86 90.0 0 280.0 0 0 1 0 1 0 -1 0 0 3010.DAT
0 STEP
1 86 90.0 -48 270.0 0 0 1 0 1 0 -1 0 0 3005.DAT
0 STEP
1 86 120.0 -432 280.0 -1 0 0 0 1 0 0 0 -1 3001.DAT
0 STEP
1 86 90.0 -72 310.0 0 0 1 0 1 0 -1 0 0 3005.DAT
0 STEP
1 86 120.0 -216 320.0 -1 0 0 0 1 0 0 0 -1 3001.DAT
0 STEP
1 86 100.0 -288 330.0 0 0 1 0 1 0 -1 0 0 3002.DAT
0 STEP
1 86 90.0 -432 330.0 0 0 1 0 1 0 -1 0 0 3622.DAT
0 STEP
1 86 120.0 -72 340.0 -1 0 0 0 1 0 0 0 -1 3001.DAT
0 STEP
1 86 110.0 -120 350.0 -1 0 0 0 1 0 0 0 -1 3622.DAT
0 STEP
1 86 120.0 -168 360.0 -1 0 0 0 1 0 0 0 -1 3001.DAT
0 STEP
1 86 120.0 -216 350.0 -1 0 0 0 1 0 0 0 -1 3010.DAT
0 STEP
1 86 110.0 -312 350.0 -1 0 0 0 1 0 0 0 -1 3622.DAT
0 STEP
1 86 100.0 -384 370.0 0 0 1 0 1 0 -1 0 0 3002.DAT
0 STEP
1 86 160.0 -120 380.0 -1 0 0 0 1 0 0 0 -1 3007.DAT
0 STEP
1 86 120.0 -408 370.0 -1 0 0 0 1 0 0 0 -1 3010.DAT
0 STEP
1 86 160.0 -168 390.0 -1 0 0 0 1 0 0 0 -1 3008.DAT
0 STEP
1 86 160.0 -360 390.0 -1 0 0 0 1 0 0 0 -1 3008.DAT
0 STEP
1 86 110.0 -24 10.0 0 0 1 0 1 0 -1 0 0 3005.DAT
0 STEP
1 86 120.0 -72 30.0 0 0 1 0 1 0 -1 0 0 3002.DAT
0 STEP
1 86 110.0 -120 30.0 0 0 1 0 1 0 -1 0 0 3622.DAT
0 STEP
1 86 120.0 -216 30.0 0 0 1 0 1 0 -1 0 0 3002.DAT
0 STEP
1 86 110.0 -264 30.0 0 0 1 0 1 0 -1 0 0 3622.DAT
0 STEP
1 86 120.0 -432 30.0 0 0 1 0 1 0 -1 0 0 3002.DAT
0 STEP
1 86 120.0 -480 30.0 0 0 1 0 1 0 -1 0 0 3002.DAT
0 STEP
1 86 110.0 -504 20.0 0 0 1 0 1 0 -1 0 0 3004.DAT
0 STEP
1 86 120.0 -552 30.0 0 0 1 0 1 0 -1 0 0 3002.DAT
0 STEP
1 86 140.0 -648 20.0 -1 0 0 0 1 0 0 0 -1 3001.DAT
0 STEP
1 86 110.0 -696 30.0 0 0 1 0 1 0 -1 0 0 3622.DAT
0 STEP
1 86 110.0 -744 30.0 0 0 1 0 1 0 -1 0 0 3622.DAT
0 STEP
1 86 110.0 -840 30.0 0 0 1 0 1 0 -1 0 0 3622.DAT
0 STEP
1 86 160.0 -864 10.0 -1 0 0 0 1 0 0 0 -1 3009.DAT
0 STEP
1 86 120.0 -888 40.0 0 0 1 0 1 0 -1 0 0 3001.DAT
0 STEP
1 86 120.0 -24 60.0 0 0 1 0 1 0 -1 0 0 3001.DAT
0 STEP
1 86 140.0 -240 30.0 -1 0 0 0 1 0 0 0 -1 3010.DAT
0 STEP
1 86 180.0 -336 30.0 -1 0 0 0 1 0 0 0 -1 3008.DAT
0 STEP
1 86 130.0 -384 40.0 -1 0 0 0 1 0 0 0 -1 3002.DAT
0 STEP
1 86 110.0 -672 40.0 0 0 1 0 1 0 -1 0 0 3004.DAT
0 STEP
1 86 110.0 -864 30.0 0 0 1 0 1 0 -1 0 0 3005.DAT
0 STEP
1 86 140.0 -504 50.0 -1 0 0 0 1 0 0 0 -1 3010.DAT
0 STEP
1 86 140.0 -600 50.0 -1 0 0 0 1 0 0 0 -1 3010.DAT
0 STEP
1 86 140.0 -648 50.0 -1 0 0 0 1 0 0 0 -1 3010.DAT
0 STEP
1 86 180.0 -768 50.0 -1 0 0 0 1 0 0 0 -1 3008.DAT
0 STEP
1 86 110.0 -864 80.0 0 0 1 0 1 0 -1 0 0 3010.DAT
0 STEP
1 86 180.0 -24 110.0 -1 0 0 0 1 0 0 0 -1 3008.DAT
0 STEP
1 86 130.0 -888 140.0 -1 0 0 0 1 0 0 0 -1 3002.DAT
0 STEP
1 86 180.0 -864 170.0 -1 0 0 0 1 0 0 0 -1 3008.DAT
0 STEP
1 86 110.0 -888 190.0 0 0 1 0 1 0 -1 0 0 3622.DAT
0 STEP
1 86 140.0 -24 190.0 -1 0 0 0 1 0 0 0 -1 3010.DAT
0 STEP
1 86 120.0 -504 210.0 0 0 1 0 1 0 -1 0 0 3002.DAT
0 STEP
1 86 120.0 -600 210.0 0 0 1 0 1 0 -1 0 0 3002.DAT
0 STEP
1 86 140.0 -624 190.0 -1 0 0 0 1 0 0 0 -1 3010.DAT
0 STEP
1 86 110.0 -648 210.0 0 0 1 0 1 0 -1 0 0 3622.DAT
0 STEP
1 86 140.0 -672 190.0 -1 0 0 0 1 0 0 0 -1 3010.DAT
0 STEP
1 86 120.0 -696 210.0 0 0 1 0 1 0 -1 0 0 3002.DAT
0 STEP
1 86 140.0 -768 190.0 -1 0 0 0 1 0 0 0 -1 3010.DAT
0 STEP
1 86 140.0 -816 190.0 -1 0 0 0 1 0 0 0 -1 3010.DAT
0 STEP
1 86 120.0 -24 230.0 0 0 1 0 1 0 -1 0 0 3002.DAT
0 STEP
1 86 110.0 -456 280.0 0 0 1 0 1 0 -1 0 0 3008.DAT
0 STEP
1 86 130.0 -528 210.0 -1 0 0 0 1 0 0 0 -1 3622.DAT
0 STEP
1 86 140.0 -672 220.0 -1 0 0 0 1 0 0 0 -1 3001.DAT
0 STEP
1 86 110.0 -792 220.0 0 0 1 0 1 0 -1 0 0 3004.DAT
0 STEP
1 86 180.0 -816 210.0 -1 0 0 0 1 0 0 0 -1 3008.DAT
0 STEP
1 86 120.0 -816 230.0 -1 0 0 0 1 0 0 0 -1 3004.DAT
0 STEP
1 86 140.0 -864 230.0 -1 0 0 0 1 0 0 0 -1 3010.DAT
0 STEP
1 86 120.0 0 260.0 0 0 1 0 1 0 -1 0 0 3003.DAT
0 STEP
1 86 110.0 -48 270.0 0 0 1 0 1 0 -1 0 0 3622.DAT
0 STEP
1 86 200.0 0 300.0 -1 0 0 0 1 0 0 0 -1 3006.DAT
0 STEP
1 86 120.0 -24 330.0 0 0 1 0 1 0 -1 0 0 3002.DAT
0 STEP
1 86 140.0 -72 310.0 -1 0 0 0 1 0 0 0 -1 3010.DAT
0 STEP
1 86 110.0 -240 330.0 0 0 1 0 1 0 -1 0 0 3622.DAT
0 STEP
1 86 120.0 -432 330.0 0 0 1 0 1 0 -1 0 0 3002.DAT
0 STEP
1 86 130.0 -48 340.0 -1 0 0 0 1 0 0 0 -1 3002.DAT
0 STEP
1 86 160.0 -96 330.0 -1 0 0 0 1 0 0 0 -1 3009.DAT
0 STEP
1 86 110.0 -192 340.0 0 0 1 0 1 0 -1 0 0 3004.DAT
0 STEP
1 86 110.0 -336 360.0 0 0 1 0 1 0 -1 0 0 3010.DAT
0 STEP
1 86 120.0 -96 370.0 0 0 1 0 1 0 -1 0 0 3002.DAT
0 STEP
1 86 120.0 -144 370.0 0 0 1 0 1 0 -1 0 0 3002.DAT
0 STEP
1 86 180.0 -24 10.0 -1 0 0 0 1 0 0 0 -1 3009.DAT
0 STEP
1 86 160.0 -120 20.0 -1 0 0 0 1 0 0 0 -1 3001.DAT
0 STEP
1 86 130.0 -168 30.0 0 0 1 0 1 0 -1 0 0 3622.DAT
0 STEP
1 86 130.0 -264 20.0 0 0 1 0 1 0 -1 0 0 3004.DAT
0 STEP
1 86 150.0 -312 20.0 -1 0 0 0 1 0 0 0 -1 3002.DAT
0 STEP
1 86 130.0 -360 30.0 0 0 1 0 1 0 -1 0 0 3622.DAT
0 STEP
1 86 130.0 -504 10.0 0 0 1 0 1 0 -1 0 0 3005.DAT
0 STEP
1 86 140.0 -696 30.0 0 0 1 0 1 0 -1 0 0 3002.DAT
0 STEP
1 86 140.0 -744 30.0 0 0 1 0 1 0 -1 0 0 3002.DAT
0 STEP
1 86 130.0 -792 30.0 0 0 1 0 1 0 -1 0 0 3622.DAT
0 STEP
1 86 130.0 -840 20.0 0 0 1 0 1 0 -1 0 0 3004.DAT
0 STEP
1 86 160.0 -504 30.0 -1 0 0 0 1 0 0 0 -1 3010.DAT
0 STEP
1 86 180.0 -672 40.0 -1 0 0 0 1 0 0 0 -1 2456.DAT
0 STEP
1 86 130.0 -768 30.0 0 0 1 0 1 0 -1 0 0 3005.DAT
0 STEP
1 86 130.0 -864 60.0 0 0 1 0 1 0 -1 0 0 3010.DAT
0 STEP
1 86 160.0 -120 50.0 -1 0 0 0 1 0 0 0 -1 3010.DAT
0 STEP
1 86 160.0 -264 50.0 -1 0 0 0 1 0 0 0 -1 3010.DAT
0 STEP
1 86 150.0 -312 50.0 -1 0 0 0 1 0 0 0 -1 3622.DAT
0 STEP
1 86 200.0 -816 50.0 -1 0 0 0 1 0 0 0 -1 3008.DAT
0 STEP
1 86 130.0 -840 120.0 0 0 1 0 1 0 -1 0 0 3008.DAT
0 STEP
1 86 140.0 0 120.0 0 0 1 0 1 0 -1 0 0 3001.DAT
0 STEP
1 86 130.0 -48 160.0 0 0 1 0 1 0 -1 0 0 3008.DAT
0 STEP
1 86 130.0 -864 110.0 0 0 1 0 1 0 -1 0 0 3005.DAT
0 STEP
1 86 200.0 0 170.0 -1 0 0 0 1 0 0 0 -1 3008.DAT
0 STEP
1 86 130.0 -888 200.0 0 0 1 0 1 0 -1 0 0 3010.DAT
0 STEP
1 86 130.0 0 190.0 0 0 1 0 1 0 -1 0 0 3005.DAT
0 STEP
1 86 140.0 -552 210.0 0 0 1 0 1 0 -1 0 0 3002.DAT
0 STEP
1 86 140.0 -648 210.0 0 0 1 0 1 0 -1 0 0 3002.DAT
0 STEP
1 86 130.0 -744 200.0 0 0 1 0 1 0 -1 0 0 3004.DAT
0 STEP
1 86 140.0 -792 210.0 0 0 1 0 1 0 -1 0 0 3002.DAT
0 STEP
1 86 130.0 -456 230.0 0 0 1 0 1 0 -1 0 0 3622.DAT
0 STEP
1 86 200.0 -744 230.0 -1 0 0 0 1 0 0 0 -1 3008.DAT
0 STEP
1 86 130.0 -48 280.0 0 0 1 0 1 0 -1 0 0 3010.DAT
0 STEP
1 86 130.0 -408 300.0 0 0 1 0 1 0 -1 0 0 3009.DAT
0 STEP
1 86 160.0 -456 270.0 -1 0 0 0 1 0 0 0 -1 3010.DAT
0 STEP
1 86 140.0 -456 320.0 0 0 1 0 1 0 -1 0 0 3001.DAT
0 STEP
1 86 140.0 -240 330.0 0 0 1 0 1 0 -1 0 0 3002.DAT
0 STEP
1 86 160.0 -288 320.0 -1 0 0 0 1 0 0 0 -1 3001.DAT
0 STEP
1 86 200.0 0 330.0 -1 0 0 0 1 0 0 0 -1 3008.DAT
0 STEP
1 86 160.0 -192 340.0 -1 0 0 0 1 0 0 0 -1 3001.DAT
0 STEP
1 86 160.0 -336 330.0 -1 0 0 0 1 0 0 0 -1 3010.DAT
0 STEP
1 86 160.0 -288 350.0 -1 0 0 0 1 0 0 0 -1 3010.DAT
0 STEP
1 86 140.0 -336 370.0 0 0 1 0 1 0 -1 0 0 3002.DAT
0 STEP
1 86 140.0 -384 370.0 0 0 1 0 1 0 -1 0 0 3002.DAT
0 STEP
1 86 150.0 0 30.0 0 0 1 0 1 0 -1 0 0 3622.DAT
0 STEP
1 86 160.0 -72 30.0 0 0 1 0 1 0 -1 0 0 3002.DAT
0 STEP
1 86 150.0 -144 10.0 0 0 1 0 1 0 -1 0 0 3005.DAT
0 STEP
1 86 160.0 -168 30.0 0 0 1 0 1 0 -1 0 0 3002.DAT
0 STEP
1 86 160.0 -216 30.0 0 0 1 0 1 0 -1 0 0 3002.DAT
0 STEP
1 86 180.0 -264 20.0 -1 0 0 0 1 0 0 0 -1 3001.DAT
0 STEP
1 86 150.0 -336 10.0 0 0 1 0 1 0 -1 0 0 3005.DAT
0 STEP
1 86 160.0 -360 30.0 0 0 1 0 1 0 -1 0 0 3002.DAT
0 STEP
1 86 160.0 -432 30.0 0 0 1 0 1 0 -1 0 0 3002.DAT
0 STEP
1 86 160.0 -480 30.0 0 0 1 0 1 0 -1 0 0 3002.DAT
0 STEP
1 86 180.0 -504 10.0 -1 0 0 0 1 0 0 0 -1 3010.DAT
0 STEP
1 86 150.0 -552 30.0 0 0 1 0 1 0 -1 0 0 3622.DAT
0 STEP
1 86 170.0 -576 10.0 -1 0 0 0 1 0 0 0 -1 3622.DAT
0 STEP
1 86 150.0 -624 30.0 0 0 1 0 1 0 -1 0 0 3622.DAT
0 STEP
1 86 160.0 -792 30.0 0 0 1 0 1 0 -1 0 0 3002.DAT
0 STEP
1 86 220.0 -840 10.0 -1 0 0 0 1 0 0 0 -1 3008.DAT
0 STEP
1 86 160.0 -888 40.0 0 0 1 0 1 0 -1 0 0 3001.DAT
0 STEP
1 86 150.0 -24 30.0 0 0 1 0 1 0 -1 0 0 3005.DAT
0 STEP
1 86 180.0 -144 30.0 -1 0 0 0 1 0 0 0 -1 3010.DAT
0 STEP
1 86 150.0 -528 40.0 0 0 1 0 1 0 -1 0 0 3004.DAT
0 STEP
1 86 200.0 -576 30.0 -1 0 0 0 1 0 0 0 -1 3009.DAT
0 STEP
1 86 200.0 -768 30.0 -1 0 0 0 1 0 0 0 -1 3009.DAT
0 STEP
1 86 180.0 -840 30.0 -1 0 0 0 1 0 0 0 -1 3010.DAT
0 STEP
1 86 180.0 -864 40.0 -1 0 0 0 1 0 0 0 -1 3001.DAT
0 STEP
1 86 180.0 -24 50.0 -1 0 0 0 1 0 0 0 -1 3010.DAT
0 STEP
1 86 150.0 -48 50.0 0 0 1 0 1 0 -1 0 0 3005.DAT
0 STEP
1 86 180.0 -96 50.0 -1 0 0 0 1 0 0 0 -1 3010.DAT
0 STEP
1 86 150.0 -720 50.0 0 0 1 0 1 0 -1 0 0 3005.DAT
0 STEP
1 86 150.0 -840 80.0 0 0 1 0 1 0 -1 0 0 3010.DAT
0 STEP
1 86 200.0 -24 70.0 -1 0 0 0 1 0 0 0 -1 3009.DAT
0 STEP
1 86 180.0 -864 70.0 -1 0 0 0 1 0 0 0 -1 3010.DAT
0 STEP
1 86 150.0 -24 90.0 0 0 1 0 1 0 -1 0 0 3005.DAT
0 STEP
1 86 150.0 -48 110.0 0 0 1 0 1 0 -1 0 0 3622.DAT
0 STEP
1 86 150.0 -864 120.0 0 0 1 0 1 0 -1 0 0 3010.DAT
0 STEP
1 86 150.0 -888 110.0 0 0 1 0 1 0 -1 0 0 3005.DAT
0 STEP
1 86 160.0 -24 150.0 0 0 1 0 1 0 -1 0 0 3002.DAT
0 STEP
1 86 150.0 -840 180.0 0 0 1 0 1 0 -1 0 0 3009.DAT
0 STEP
1 86 200.0 -48 160.0 -1 0 0 0 1 0 0 0 -1 2456.DAT
0 STEP
1 86 150.0 -888 190.0 0 0 1 0 1 0 -1 0 0 3622.DAT
0 STEP
1 86 150.0 0 220.0 0 0 1 0 1 0 -1 0 0 3010.DAT
0 STEP
1 86 220.0 -48 190.0 -1 0 0 0 1 0 0 0 -1 3008.DAT
0 STEP
1 86 160.0 -504 210.0 0 0 1 0 1 0 -1 0 0 3002.DAT
0 STEP
1 86 220.0 -600 190.0 -1 0 0 0 1 0 0 0 -1 3008.DAT
0 STEP
1 86 160.0 -696 200.0 0 0 1 0 1 0 -1 0 0 3003.DAT
0 STEP
1 86 200.0 -744 200.0 -1 0 0 0 1 0 0 0 -1 2456.DAT
0 STEP
1 86 180.0 -24 210.0 -1 0 0 0 1 0 0 0 -1 3010.DAT
0 STEP
1 86 160.0 -48 240.0 0 0 1 0 1 0 -1 0 0 3001.DAT
0 STEP
1 86 180.0 -456 220.0 -1 0 0 0 1 0 0 0 -1 3001.DAT
0 STEP
1 86 150.0 -576 210.0 0 0 1 0 1 0 -1 0 0 3005.DAT
0 STEP
1 86 220.0 -600 220.0 -1 0 0 0 1 0 0 0 -1 3007.DAT
0 STEP
1 86 150.0 -24 230.0 0 0 1 0 1 0 -1 0 0 3005.DAT
0 STEP
1 86 220.0 -576 230.0 -1 0 0 0 1 0 0 0 -1 3008.DAT
0 STEP
1 86 200.0 -696 230.0 -1 0 0 0 1 0 0 0 -1 3009.DAT
0 STEP
1 86 220.0 -816 230.0 -1 0 0 0 1 0 0 0 -1 3008.DAT
0 STEP
1 86 180.0 -888 230.0 -1 0 0 0 1 0 0 0 -1 3010.DAT
0 STEP
1 86 160.0 -24 300.0 0 0 1 0 1 0 -1 0 0 2456.DAT
0 STEP
1 86 200.0 -408 260.0 -1 0 0 0 1 0 0 0 -1 2456.DAT
0 STEP
1 86 180.0 -456 250.0 -1 0 0 0 1 0 0 0 -1 3010.DAT
0 STEP
1 86 170.0 0 270.0 -1 0 0 0 1 0 0 0 -1 3622.DAT
0 STEP
1 86 150.0 -48 300.0 0 0 1 0 1 0 -1 0 0 3004.DAT
0 STEP
1 86 160.0 -408 320.0 0 0 1 0 1 0 -1 0 0 3001.DAT
0 STEP
1 86 150.0 -312 330.0 0 0 1 0 1 0 -1 0 0 3622.DAT
0 STEP
1 86 180.0 -432 310.0 -1 0 0 0 1 0 0 0 -1 3010.DAT
0 STEP
1 86 160.0 -432 360.0 0 0 1 0 1 0 -1 0 0 3001.DAT
0 STEP
1 86 150.0 0 350.0 0 0 1 0 1 0 -1 0 0 3005.DAT
0 STEP
1 86 160.0 -96 370.0 0 0 1 0 1 0 -1 0 0 3002.DAT
0 STEP
1 86 220.0 -120 350.0 -1 0 0 0 1 0 0 0 -1 3008.DAT
0 STEP
1 86 160.0 -144 370.0 0 0 1 0 1 0 -1 0 0 3002.DAT
0 STEP
1 86 220.0 -360 350.0 -1 0 0 0 1 0 0 0 -1 3008.DAT
0 STEP
1 86 170.0 -192 380.0 -1 0 0 0 1 0 0 0 -1 3002.DAT
0 STEP
1 86 180.0 -360 370.0 -1 0 0 0 1 0 0 0 -1 3010.DAT
0 STEP
1 86 150.0 -408 390.0 0 0 1 0 1 0 -1 0 0 3005.DAT
0 STEP
1 86 170.0 0 10.0 0 0 1 0 1 0 -1 0 0 3005.DAT
0 STEP
1 86 170.0 -48 10.0 0 0 1 0 1 0 -1 0 0 3005.DAT
0 STEP
1 86 200.0 -144 10.0 -1 0 0 0 1 0 0 0 -1 3010.DAT
0 STEP
1 86 170.0 -240 10.0 0 0 1 0 1 0 -1 0 0 3005.DAT
0 STEP
1 86 170.0 -288 30.0 0 0 1 0 1 0 -1 0 0 3622.DAT
0 STEP
1 86 200.0 -336 10.0 -1 0 0 0 1 0 0 0 -1 3010.DAT
0 STEP
1 86 180.0 -528 20.0 0 0 1 0 1 0 -1 0 0 3003.DAT
0 STEP
1 86 180.0 -552 30.0 0 0 1 0 1 0 -1 0 0 3002.DAT
0 STEP
1 86 200.0 -624 10.0 -1 0 0 0 1 0 0 0 -1 3010.DAT
0 STEP
1 86 180.0 -696 30.0 0 0 1 0 1 0 -1 0 0 3002.DAT
0 STEP
1 86 180.0 -744 30.0 0 0 1 0 1 0 -1 0 0 3002.DAT
0 STEP
1 86 170.0 0 80.0 0 0 1 0 1 0 -1 0 0 3009.DAT
0 STEP
1 86 200.0 -24 30.0 -1 0 0 0 1 0 0 0 -1 3010.DAT
0 STEP
1 86 180.0 -48 80.0 0 0 1 0 1 0 -1 0 0 2456.DAT
0 STEP
1 86 200.0 -384 40.0 -1 0 0 0 1 0 0 0 -1 3001.DAT
0 STEP
1 86 200.0 -624 40.0 -1 0 0 0 1 0 0 0 -1 3001.DAT
0 STEP
1 86 190.0 -192 50.0 -1 0 0 0 1 0 0 0 -1 3622.DAT
0 STEP
1 86 220.0 -240 50.0 -1 0 0 0 1 0 0 0 -1 3009.DAT
0 STEP
1 86 220.0 -528 50.0 -1 0 0 0 1 0 0 0 -1 3009.DAT
0 STEP
1 86 200.0 -720 50.0 -1 0 0 0 1 0 0 0 -1 3010.DAT
0 STEP
1 86 180.0 -840 140.0 0 0 1 0 1 0 -1 0 0 3006.DAT
0 STEP
1 86 200.0 -24 90.0 -1 0 0 0 1 0 0 0 -1 3010.DAT
0 STEP
1 86 200.0 -864 90.0 -1 0 0 0 1 0 0 0 -1 3010.DAT
0 STEP
1 86 170.0 -864 110.0 0 0 1 0 1 0 -1 0 0 3005.DAT
0 STEP
1 86 170.0 -888 160.0 0 0 1 0 1 0 -1 0 0 3009.DAT
0 STEP
1 86 200.0 -864 130.0 -1 0 0 0 1 0 0 0 -1 3010.DAT
0 STEP
1 86 170.0 0 150.0 0 0 1 0 1 0 -1 0 0 3005.DAT
0 STEP
1 86 170.0 -864 150.0 0 0 1 0 1 0 -1 0 0 3005.DAT
0 STEP
1 86 180.0 0 220.0 0 0 1 0 1 0 -1 0 0 3001.DAT
0 STEP
1 86 180.0 -480 210.0 0 0 1 0 1 0 -1 0 0 3002.DAT
0 STEP
1 86 220.0 -528 190.0 -1 0 0 0 1 0 0 0 -1 3009.DAT
0 STEP
1 86 180.0 -552 210.0 0 0 1 0 1 0 -1 0 0 3002.DAT
0 STEP
1 86 200.0 -648 190.0 -1 0 0 0 1 0 0 0 -1 3010.DAT
0 STEP
1 86 170.0 -720 190.0 0 0 1 0 1 0 -1 0 0 3005.DAT
0 STEP
1 86 200.0 -792 200.0 -1 0 0 0 1 0 0 0 -1 3001.DAT
0 STEP
1 86 200.0 -864 200.0 -1 0 0 0 1 0 0 0 -1 3001.DAT
0 STEP
1 86 200.0 -528 220.0 -1 0 0 0 1 0 0 0 -1 3001.DAT
0 STEP
1 86 200.0 -576 210.0 -1 0 0 0 1 0 0 0 -1 3010.DAT
0 STEP
1 86 170.0 -624 220.0 0 0 1 0 1 0 -1 0 0 3004.DAT
0 STEP
1 86 190.0 -648 210.0 -1 0 0 0 1 0 0 0 -1 3622.DAT
0 STEP
1 86 200.0 -24 230.0 -1 0 0 0 1 0 0 0 -1 3010.DAT
0 STEP
1 86 180.0 -432 260.0 0 0 1 0 1 0 -1 0 0 3001.DAT
0 STEP
1 86 220.0 -648 230.0 -1 0 0 0 1 0 0 0 -1 3009.DAT
0 STEP
1 86 200.0 -792 230.0 -1 0 0 0 1 0 0 0 -1 3010.DAT
0 STEP
1 86 200.0 -48 300.0 -1 0 0 0 1 0 0 0 -1 3001.DAT
0 STEP
1 86 170.0 -456 320.0 0 0 1 0 1 0 -1 0 0 3010.DAT
0 STEP
1 86 170.0 -216 320.0 0 0 1 0 1 0 -1 0 0 3004.DAT
0 STEP
1 86 180.0 -240 330.0 0 0 1 0 1 0 -1 0 0 3002.DAT
0 STEP
1 86 200.0 -312 320.0 -1 0 0 0 1 0 0 0 -1 3001.DAT
0 STEP
1 86 200.0 -48 340.0 -1 0 0 0 1 0 0 0 -1 3001.DAT
0 STEP
1 86 170.0 -72 340.0 0 0 1 0 1 0 -1 0 0 3004.DAT
0 STEP
1 86 170.0 -264 340.0 0 0 1 0 1 0 -1 0 0 3004.DAT
0 STEP
1 86 220.0 0 350.0 -1 0 0 0 1 0 0 0 -1 3009.DAT
0 STEP
1 86 220.0 -168 350.0 -1 0 0 0 1 0 0 0 -1 3009.DAT
0 STEP
1 86 190.0 -216 350.0 -1 0 0 0 1 0 0 0 -1 3622.DAT
0 STEP
1 86 170.0 -312 350.0 0 0 1 0 1 0 -1 0 0 3005.DAT
0 STEP
1 86 180.0 -336 370.0 0 0 1 0 1 0 -1 0 0 3002.DAT
0 STEP
1 86 170.0 -384 370.0 0 0 1 0 1 0 -1 0 0 3622.DAT
0 STEP
1 86 200.0 -168 370.0 -1 0 0 0 1 0 0 0 -1 3010.DAT
0 STEP
1 86 170.0 -408 380.0 0 0 1 0 1 0 -1 0 0 3004.DAT
0 STEP
1 86 190.0 0 60.0 0 0 1 0 1 0 -1 0 0 3009.DAT
0 STEP
1 86 220.0 -48 10.0 -1 0 0 0 1 0 0 0 -1 3010.DAT
0 STEP
1 86 190.0 -72 30.0 0 0 1 0 1 0 -1 0 0 3622.DAT
0 STEP
1 86 200.0 -168 30.0 0 0 1 0 1 0 -1 0 0 3002.DAT
0 STEP
1 86 200.0 -216 30.0 0 0 1 0 1 0 -1 0 0 3002.DAT
0 STEP
1 86 220.0 -240 20.0 -1 0 0 0 1 0 0 0 -1 3001.DAT
0 STEP
1 86 220.0 -288 10.0 -1 0 0 0 1 0 0 0 -1 3010.DAT
0 STEP
1 86 200.0 -312 30.0 0 0 1 0 1 0 -1 0 0 3002.DAT
0 STEP
1 86 200.0 -360 30.0 0 0 1 0 1 0 -1 0 0 3002.DAT
0 STEP
1 86 210.0 -384 10.0 -1 0 0 0 1 0 0 0 -1 3622.DAT
0 STEP
1 86 220.0 -432 10.0 -1 0 0 0 1 0 0 0 -1 3010.DAT
0 STEP
1 86 200.0 -480 30.0 0 0 1 0 1 0 -1 0 0 3002.DAT
0 STEP
1 86 190.0 -600 30.0 0 0 1 0 1 0 -1 0 0 3622.DAT
0 STEP
1 86 190.0 -648 30.0 0 0 1 0 1 0 -1 0 0 3622.DAT
0 STEP
1 86 200.0 -792 30.0 0 0 1 0 1 0 -1 0 0 3002.DAT
0 STEP
1 86 190.0 -888 10.0 0 0 1 0 1 0 -1 0 0 3005.DAT
0 STEP
1 86 200.0 -192 30.0 -1 0 0 0 1 0 0 0 -1 3004.DAT
0 STEP
1 86 190.0 -288 30.0 0 0 1 0 1 0 -1 0 0 3005.DAT
0 STEP
1 86 190.0 -432 40.0 0 0 1 0 1 0 -1 0 0 3004.DAT
0 STEP
1 86 220.0 -888 30.0 -1 0 0 0 1 0 0 0 -1 3010.DAT
0 STEP
1 86 220.0 -288 50.0 -1 0 0 0 1 0 0 0 -1 3010.DAT
0 STEP
1 86 190.0 -504 50.0 0 0 1 0 1 0 -1 0 0 3005.DAT
0 STEP
1 86 190.0 -576 50.0 0 0 1 0 1 0 -1 0 0 3005.DAT
0 STEP
1 86 190.0 -888 50.0 0 0 1 0 1 0 -1 0 0 3005.DAT
0 STEP
1 86 190.0 -888 140.0 0 0 1 0 1 0 -1 0 0 3008.DAT
0 STEP
1 86 260.0 -864 110.0 -1 0 0 0 1 0 0 0 -1 3008.DAT
0 STEP
1 86 240.0 0 140.0 -1 0 0 0 1 0 0 0 -1 2456.DAT
0 STEP
1 86 190.0 -24 160.0 0 0 1 0 1 0 -1 0 0 3010.DAT
0 STEP
1 86 240.0 -864 150.0 -1 0 0 0 1 0 0 0 -1 3009.DAT
0 STEP
1 86 190.0 -504 210.0 0 0 1 0 1 0 -1 0 0 3622.DAT
0 STEP
1 86 190.0 -624 210.0 0 0 1 0 1 0 -1 0 0 3622.DAT
0 STEP
1 86 200.0 -672 210.0 0 0 1 0 1 0 -1 0 0 3002.DAT
0 STEP
1 86 220.0 -696 190.0 -1 0 0 0 1 0 0 0 -1 3010.DAT
0 STEP
1 86 200.0 -720 210.0 0 0 1 0 1 0 -1 0 0 3002.DAT
0 STEP
1 86 190.0 -768 190.0 0 0 1 0 1 0 -1 0 0 3005.DAT
0 STEP
1 86 240.0 -816 190.0 -1 0 0 0 1 0 0 0 -1 3009.DAT
0 STEP
1 86 240.0 -48 210.0 -1 0 0 0 1 0 0 0 -1 3009.DAT
0 STEP
1 86 190.0 -696 210.0 0 0 1 0 1 0 -1 0 0 3005.DAT
0 STEP
1 86 190.0 -48 250.0 0 0 1 0 1 0 -1 0 0 3622.DAT
0 STEP
1 86 240.0 -864 230.0 -1 0 0 0 1 0 0 0 -1 3009.DAT
0 STEP
1 86 220.0 -24 250.0 -1 0 0 0 1 0 0 0 -1 3010.DAT
0 STEP
1 86 200.0 -24 270.0 -1 0 0 0 1 0 0 0 -1 3004.DAT
0 STEP
1 86 200.0 -24 320.0 0 0 1 0 1 0 -1 0 0 3001.DAT
0 STEP
1 86 190.0 -408 340.0 0 0 1 0 1 0 -1 0 0 3009.DAT
0 STEP
1 86 200.0 -456 320.0 0 0 1 0 1 0 -1 0 0 3001.DAT
0 STEP
1 86 190.0 -72 330.0 0 0 1 0 1 0 -1 0 0 3622.DAT
0 STEP
1 86 220.0 -216 310.0 -1 0 0 0 1 0 0 0 -1 3010.DAT
0 STEP
1 86 200.0 -216 330.0 -1 0 0 0 1 0 0 0 -1 3004.DAT
0 STEP
1 86 240.0 -264 340.0 -1 0 0 0 1 0 0 0 -1 2456.DAT
0 STEP
1 86 190.0 -432 360.0 0 0 1 0 1 0 -1 0 0 3010.DAT
0 STEP
1 86 190.0 -96 370.0 0 0 1 0 1 0 -1 0 0 3622.DAT
0 STEP
1 86 200.0 -144 370.0 0 0 1 0 1 0 -1 0 0 3002.DAT
0 STEP
1 86 220.0 -312 350.0 -1 0 0 0 1 0 0 0 -1 3010.DAT
0 STEP
1 86 200.0 -384 370.0 0 0 1 0 1 0 -1 0 0 3002.DAT
0 STEP
1 86 240.0 0 10.0 -1 0 0 0 1 0 0 0 -1 3010.DAT
0 STEP
1 86 240.0 -72 10.0 -1 0 0 0 1 0 0 0 -1 3010.DAT
0 STEP
1 86 220.0 -120 30.0 0 0 1 0 1 0 -1 0 0 3002.DAT
0 STEP
1 86 210.0 -192 10.0 0 0 1 0 1 0 -1 0 0 3005.DAT
0 STEP
1 86 210.0 -408 30.0 0 0 1 0 1 0 -1 0 0 3622.DAT
0 STEP
1 86 240.0 -528 10.0 -1 0 0 0 1 0 0 0 -1 3010.DAT
0 STEP
1 86 220.0 -552 30.0 0 0 1 0 1 0 -1 0 0 3002.DAT
0 STEP
1 86 240.0 -576 10.0 -1 0 0 0 1 0 0 0 -1 3010.DAT
0 STEP
1 86 220.0 -600 30.0 0 0 1 0 1 0 -1 0 0 3002.DAT
0 STEP
1 86 240.0 -648 20.0 -1 0 0 0 1 0 0 0 -1 3001.DAT
0 STEP
1 86 260.0 -696 10.0 -1 0 0 0 1 0 0 0 -1 3009.DAT
0 STEP
1 86 210.0 -744 30.0 0 0 1 0 1 0 -1 0 0 3622.DAT
0 STEP
1 86 280.0 -888 10.0 -1 0 0 0 1 0 0 0 -1 3008.DAT
0 STEP
1 86 210.0 0 30.0 0 0 1 0 1 0 -1 0 0 3005.DAT
0 STEP
1 86 220.0 -48 80.0 0 0 1 0 1 0 -1 0 0 2456.DAT
0 STEP
1 86 240.0 -72 40.0 -1 0 0 0 1 0 0 0 -1 3001.DAT
0 STEP
1 86 210.0 -96 30.0 0 0 1 0 1 0 -1 0 0 3005.DAT
0 STEP
1 86 240.0 -288 30.0 -1 0 0 0 1 0 0 0 -1 3010.DAT
0 STEP
1 86 240.0 -432 40.0 -1 0 0 0 1 0 0 0 -1 3001.DAT
0 STEP
1 86 210.0 -504 40.0 0 0 1 0 1 0 -1 0 0 3004.DAT
0 STEP
1 86 260.0 -528 30.0 -1 0 0 0 1 0 0 0 -1 3009.DAT
0 STEP
1 86 220.0 -696 30.0 -1 0 0 0 1 0 0 0 -1 3004.DAT
0 STEP
1 86 210.0 0 80.0 0 0 1 0 1 0 -1 0 0 3010.DAT
0 STEP
1 86 210.0 -264 50.0 0 0 1 0 1 0 -1 0 0 3005.DAT
0 STEP
1 86 240.0 -576 50.0 -1 0 0 0 1 0 0 0 -1 3010.DAT
0 STEP
1 86 240.0 -648 50.0 -1 0 0 0 1 0 0 0 -1 3010.DAT
0 STEP
1 86 240.0 -696 50.0 -1 0 0 0 1 0 0 0 -1 3010.DAT
0 STEP
1 86 220.0 -840 80.0 0 0 1 0 1 0 -1 0 0 3001.DAT
0 STEP
1 86 240.0 -888 50.0 -1 0 0 0 1 0 0 0 -1 3010.DAT
0 STEP
1 86 210.0 -888 70.0 0 0 1 0 1 0 -1 0 0 3005.DAT
0 STEP
1 86 210.0 -888 140.0 0 0 1 0 1 0 -1 0 0 3009.DAT
0 STEP
1 86 220.0 -24 160.0 0 0 1 0 1 0 -1 0 0 3001.DAT
0 STEP
1 86 210.0 -840 180.0 0 0 1 0 1 0 -1 0 0 3009.DAT
0 STEP
1 86 210.0 0 190.0 0 0 1 0 1 0 -1 0 0 3005.DAT
0 STEP
1 86 220.0 -480 210.0 0 0 1 0 1 0 -1 0 0 3002.DAT
0 STEP
1 86 220.0 -504 210.0 0 0 1 0 1 0 -1 0 0 3002.DAT
0 STEP
1 86 220.0 -552 190.0 -1 0 0 0 1 0 0 0 -1 3004.DAT
0 STEP
1 86 220.0 -624 210.0 0 0 1 0 1 0 -1 0 0 3002.DAT
0 STEP
1 86 210.0 -768 210.0 0 0 1 0 1 0 -1 0 0 3622.DAT
0 STEP
1 86 220.0 0 240.0 0 0 1 0 1 0 -1 0 0 3001.DAT
0 STEP
1 86 240.0 -552 220.0 -1 0 0 0 1 0 0 0 -1 3001.DAT
0 STEP
1 86 240.0 -696 210.0 -1 0 0 0 1 0 0 0 -1 3010.DAT
0 STEP
1 86 210.0 -888 210.0 0 0 1 0 1 0 -1 0 0 3005.DAT
0 STEP
1 86 220.0 -48 250.0 0 0 1 0 1 0 -1 0 0 3002.DAT
0 STEP
1 86 210.0 -432 260.0 0 0 1 0 1 0 -1 0 0 3010.DAT
0 STEP
1 86 210.0 -456 270.0 0 0 1 0 1 0 -1 0 0 3005.DAT
0 STEP
1 86 230.0 -408 300.0 -1 0 0 0 1 0 0 0 -1 3002.DAT
0 STEP
1 86 240.0 -72 310.0 -1 0 0 0 1 0 0 0 -1 3010.DAT
0 STEP
1 86 220.0 -240 330.0 0 0 1 0 1 0 -1 0 0 3002.DAT
0 STEP
1 86 220.0 -288 330.0 0 0 1 0 1 0 -1 0 0 3002.DAT
0 STEP
1 86 210.0 -72 340.0 0 0 1 0 1 0 -1 0 0 3004.DAT
0 STEP
1 86 220.0 -192 360.0 0 0 1 0 1 0 -1 0 0 3001.DAT
0 STEP
1 86 220.0 -336 360.0 0 0 1 0 1 0 -1 0 0 3001.DAT
0 STEP
1 86 220.0 -408 360.0 0 0 1 0 1 0 -1 0 0 3001.DAT
0 STEP
1 86 220.0 -432 360.0 0 0 1 0 1 0 -1 0 0 3001.DAT
0 STEP
1 86 220.0 -96 370.0 0 0 1 0 1 0 -1 0 0 3002.DAT
0 STEP
1 86 300.0 -168 10.0 -1 0 0 0 1 0 0 0 -1 3008.DAT
0 STEP
1 86 240.0 -192 30.0 0 0 1 0 1 0 -1 0 0 3002.DAT
0 STEP
1 86 230.0 -216 20.0 0 0 1 0 1 0 -1 0 0 3004.DAT
0 STEP
1 86 230.0 -264 30.0 0 0 1 0 1 0 -1 0 0 3622.DAT
0 STEP
1 86 240.0 -312 30.0 0 0 1 0 1 0 -1 0 0 3002.DAT
0 STEP
1 86 320.0 -360 20.0 -1 0 0 0 1 0 0 0 -1 3006.DAT
0 STEP
1 86 280.0 -408 20.0 -1 0 0 0 1 0 0 0 -1 2456.DAT
0 STEP
1 86 260.0 -480 10.0 -1 0 0 0 1 0 0 0 -1 3010.DAT
0 STEP
1 86 240.0 -504 30.0 0 0 1 0 1 0 -1 0 0 3002.DAT
0 STEP
1 86 230.0 -672 10.0 0 0 1 0 1 0 -1 0 0 3005.DAT
0 STEP
1 86 280.0 -744 10.0 -1 0 0 0 1 0 0 0 -1 3009.DAT
0 STEP
1 86 240.0 -768 10.0 -1 0 0 0 1 0 0 0 -1 3004.DAT
0 STEP
1 86 240.0 -792 20.0 0 0 1 0 1 0 -1 0 0 3003.DAT
0 STEP
1 86 230.0 -864 40.0 0 0 1 0 1 0 -1 0 0 3010.DAT
0 STEP
1 86 230.0 0 60.0 0 0 1 0 1 0 -1 0 0 3010.DAT
0 STEP
1 86 230.0 -96 40.0 0 0 1 0 1 0 -1 0 0 3004.DAT
0 STEP
1 86 230.0 -144 30.0 0 0 1 0 1 0 -1 0 0 3005.DAT
0 STEP
1 86 260.0 -168 40.0 -1 0 0 0 1 0 0 0 -1 3001.DAT
0 STEP
1 86 260.0 -480 40.0 -1 0 0 0 1 0 0 0 -1 3001.DAT
0 STEP
1 86 260.0 -744 40.0 -1 0 0 0 1 0 0 0 -1 3001.DAT
0 STEP
1 86 280.0 -840 30.0 -1 0 0 0 1 0 0 0 -1 3009.DAT
0 STEP
1 86 230.0 -24 50.0 0 0 1 0 1 0 -1 0 0 3005.DAT
0 STEP
1 86 250.0 -216 50.0 -1 0 0 0 1 0 0 0 -1 3622.DAT
0 STEP
1 86 260.0 -360 50.0 -1 0 0 0 1 0 0 0 -1 3010.DAT
0 STEP
1 86 280.0 -408 50.0 -1 0 0 0 1 0 0 0 -1 3009.DAT
0 STEP
1 86 260.0 -792 50.0 -1 0 0 0 1 0 0 0 -1 3010.DAT
0 STEP
1 86 230.0 -888 90.0 0 0 1 0 1 0 -1 0 0 3622.DAT
0 STEP
1 86 280.0 0 110.0 -1 0 0 0 1 0 0 0 -1 3009.DAT
0 STEP
1 86 240.0 -840 180.0 0 0 1 0 1 0 -1 0 0 2456.DAT
0 STEP
1 86 230.0 -888 180.0 0 0 1 0 1 0 -1 0 0 3009.DAT
0 STEP
1 86 260.0 0 190.0 -1 0 0 0 1 0 0 0 -1 3010.DAT
0 STEP
1 86 230.0 -576 190.0 0 0 1 0 1 0 -1 0 0 3005.DAT
0 STEP
1 86 230.0 -672 200.0 0 0 1 0 1 0 -1 0 0 3004.DAT
0 STEP
1 86 230.0 -720 200.0 0 0 1 0 1 0 -1 0 0 3004.DAT
0 STEP
1 86 260.0 -768 200.0 -1 0 0 0 1 0 0 0 -1 3001.DAT
0 STEP
1 86 230.0 -24 210.0 0 0 1 0 1 0 -1 0 0 3005.DAT
0 STEP
1 86 240.0 -456 210.0 -1 0 0 0 1 0 0 0 -1 3004.DAT
0 STEP
1 86 260.0 -648 210.0 -1 0 0 0 1 0 0 0 -1 3010.DAT
0 STEP
1 86 240.0 -432 230.0 -1 0 0 0 1 0 0 0 -1 3004.DAT
0 STEP
1 86 240.0 -456 260.0 0 0 1 0 1 0 -1 0 0 3001.DAT
0 STEP
1 86 260.0 -672 230.0 -1 0 0 0 1 0 0 0 -1 3010.DAT
0 STEP
1 86 260.0 -720 230.0 -1 0 0 0 1 0 0 0 -1 3010.DAT
0 STEP
1 86 260.0 -768 230.0 -1 0 0 0 1 0 0 0 -1 3010.DAT
0 STEP
1 86 230.0 -432 280.0 0 0 1 0 1 0 -1 0 0 3010.DAT
0 STEP
1 86 240.0 -24 300.0 0 0 1 0 1 0 -1 0 0 3001.DAT
0 STEP
1 86 230.0 -264 310.0 0 0 1 0 1 0 -1 0 0 3005.DAT
0 STEP
1 86 240.0 -456 330.0 0 0 1 0 1 0 -1 0 0 3002.DAT
0 STEP
1 86 260.0 -72 340.0 -1 0 0 0 1 0 0 0 -1 3001.DAT
0 STEP
1 86 230.0 -96 330.0 0 0 1 0 1 0 -1 0 0 3005.DAT
0 STEP
1 86 260.0 -120 330.0 -1 0 0 0 1 0 0 0 -1 3010.DAT
0 STEP
1 86 230.0 -144 360.0 0 0 1 0 1 0 -1 0 0 3010.DAT
0 STEP
1 86 260.0 -168 330.0 -1 0 0 0 1 0 0 0 -1 3010.DAT
0 STEP
1 86 260.0 -216 340.0 -1 0 0 0 1 0 0 0 -1 3001.DAT
0 STEP
1 86 260.0 -360 330.0 -1 0 0 0 1 0 0 0 -1 3010.DAT
0 STEP
1 86 230.0 -384 360.0 0 0 1 0 1 0 -1 0 0 3010.DAT
0 STEP
1 86 240.0 -24 350.0 -1 0 0 0 1 0 0 0 -1 3004.DAT
0 STEP
1 86 230.0 -360 370.0 0 0 1 0 1 0 -1 0 0 3005.DAT
0 STEP
1 86 260.0 -24 30.0 0 0 1 0 1 0 -1 0 0 3002.DAT
0 STEP
1 86 260.0 -96 30.0 0 0 1 0 1 0 -1 0 0 3002.DAT
0 STEP
1 86 320.0 -120 10.0 -1 0 0 0 1 0 0 0 -1 3008.DAT
0 STEP
1 86 260.0 -144 30.0 0 0 1 0 1 0 -1 0 0 3002.DAT
0 STEP
1 86 280.0 -216 20.0 -1 0 0 0 1 0 0 0 -1 3001.DAT
0 STEP
1 86 280.0 -264 10.0 -1 0 0 0 1 0 0 0 -1 3010.DAT
0 STEP
1 86 250.0 -336 10.0 0 0 1 0 1 0 -1 0 0 3005.DAT
0 STEP
1 86 260.0 -384 30.0 0 0 1 0 1 0 -1 0 0 3002.DAT
0 STEP
1 86 280.0 -456 10.0 -1 0 0 0 1 0 0 0 -1 3010.DAT
0 STEP
1 86 250.0 -552 30.0 0 0 1 0 1 0 -1 0 0 3622.DAT
0 STEP
1 86 260.0 -600 30.0 0 0 1 0 1 0 -1 0 0 3002.DAT
0 STEP
1 86 250.0 -624 20.0 0 0 1 0 1 0 -1 0 0 3004.DAT
0 STEP
1 86 250.0 -672 30.0 0 0 1 0 1 0 -1 0 0 3622.DAT
0 STEP
1 86 260.0 -864 40.0 0 0 1 0 1 0 -1 0 0 3001.DAT
0 STEP
1 86 270.0 0 30.0 -1 0 0 0 1 0 0 0 -1 3622.DAT
0 STEP
1 86 250.0 -48 80.0 0 0 1 0 1 0 -1 0 0 3009.DAT
0 STEP
1 86 250.0 -120 30.0 0 0 1 0 1 0 -1 0 0 3005.DAT
0 STEP
1 86 260.0 -264 40.0 0 0 1 0 1 0 -1 0 0 3003.DAT
0 STEP
1 86 250.0 -456 40.0 0 0 1 0 1 0 -1 0 0 3004.DAT
0 STEP
1 86 320.0 -696 30.0 -1 0 0 0 1 0 0 0 -1 3008.DAT
0 STEP
1 86 320.0 0 50.0 -1 0 0 0 1 0 0 0 -1 3008.DAT
0 STEP
1 86 320.0 -120 50.0 -1 0 0 0 1 0 0 0 -1 3008.DAT
0 STEP
1 86 250.0 -336 50.0 0 0 1 0 1 0 -1 0 0 3005.DAT
0 STEP
1 86 270.0 -624 50.0 -1 0 0 0 1 0 0 0 -1 3622.DAT
0 STEP
1 86 250.0 -720 50.0 0 0 1 0 1 0 -1 0 0 3005.DAT
0 STEP
1 86 250.0 -840 80.0 0 0 1 0 1 0 -1 0 0 3010.DAT
0 STEP
1 86 280.0 0 70.0 -1 0 0 0 1 0 0 0 -1 3010.DAT
0 STEP
1 86 250.0 -888 100.0 0 0 1 0 1 0 -1 0 0 3010.DAT
0 STEP
1 86 320.0 0 90.0 -1 0 0 0 1 0 0 0 -1 3008.DAT
0 STEP
1 86 250.0 -24 90.0 0 0 1 0 1 0 -1 0 0 3005.DAT
0 STEP
1 86 300.0 -864 90.0 -1 0 0 0 1 0 0 0 -1 3009.DAT
0 STEP
1 86 250.0 -24 130.0 0 0 1 0 1 0 -1 0 0 3005.DAT
0 STEP
1 86 270.0 -72 140.0 -1 0 0 0 1 0 0 0 -1 3002.DAT
0 STEP
1 86 250.0 -96 150.0 0 0 1 0 1 0 -1 0 0 3622.DAT
0 STEP
1 86 270.0 -120 140.0 -1 0 0 0 1 0 0 0 -1 3002.DAT
0 STEP
1 86 270.0 -144 140.0 -1 0 0 0 1 0 0 0 -1 3002.DAT
0 STEP
1 86 250.0 -168 130.0 0 0 1 0 1 0 -1 0 0 3005.DAT
0 STEP
1 86 250.0 -192 160.0 0 0 1 0 1 0 -1 0 0 3010.DAT
0 STEP
1 86 260.0 -216 140.0 0 0 1 0 1 0 -1 0 0 3003.DAT
0 STEP
1 86 270.0 -240 140.0 -1 0 0 0 1 0 0 0 -1 3002.DAT
0 STEP
1 86 260.0 -264 150.0 0 0 1 0 1 0 -1 0 0 3002.DAT
0 STEP
1 86 260.0 -288 140.0 0 0 1 0 1 0 -1 0 0 3003.DAT
0 STEP
1 86 250.0 -312 150.0 0 0 1 0 1 0 -1 0 0 3622.DAT
0 STEP
1 86 270.0 -336 130.0 -1 0 0 0 1 0 0 0 -1 3622.DAT
0 STEP
1 86 250.0 -360 160.0 0 0 1 0 1 0 -1 0 0 3010.DAT
0 STEP
1 86 270.0 -384 130.0 -1 0 0 0 1 0 0 0 -1 3622.DAT
0 STEP
1 86 250.0 -408 130.0 0 0 1 0 1 0 -1 0 0 3005.DAT
0 STEP
1 86 250.0 -432 130.0 0 0 1 0 1 0 -1 0 0 3005.DAT
0 STEP
1 86 250.0 -480 130.0 0 0 1 0 1 0 -1 0 0 3005.DAT
0 STEP
1 86 250.0 -504 180.0 0 0 1 0 1 0 -1 0 0 3009.DAT
0 STEP
1 86 250.0 -528 150.0 0 0 1 0 1 0 -1 0 0 3622.DAT
0 STEP
1 86 270.0 -552 140.0 -1 0 0 0 1 0 0 0 -1 3002.DAT
0 STEP
1 86 250.0 -576 130.0 0 0 1 0 1 0 -1 0 0 3005.DAT
0 STEP
1 86 270.0 -600 140.0 -1 0 0 0 1 0 0 0 -1 3002.DAT
0 STEP
1 86 250.0 -624 130.0 0 0 1 0 1 0 -1 0 0 3005.DAT
0 STEP
1 86 260.0 -648 160.0 0 0 1 0 1 0 -1 0 0 3001.DAT
0 STEP
1 86 270.0 -672 130.0 -1 0 0 0 1 0 0 0 -1 3622.DAT
0 STEP
1 86 250.0 -696 140.0 0 0 1 0 1 0 -1 0 0 3004.DAT
0 STEP
1 86 270.0 -720 140.0 -1 0 0 0 1 0 0 0 -1 3002.DAT
0 STEP
1 86 250.0 -744 150.0 0 0 1 0 1 0 -1 0 0 3622.DAT
0 STEP
1 86 270.0 -768 130.0 -1 0 0 0 1 0 0 0 -1 3622.DAT
0 STEP
1 86 260.0 -792 180.0 0 0 1 0 1 0 -1 0 0 2456.DAT
0 STEP
1 86 270.0 -816 130.0 -1 0 0 0 1 0 0 0 -1 3622.DAT
0 STEP
1 86 270.0 -864 130.0 -1 0 0 0 1 0 0 0 -1 3622.DAT
0 STEP
1 86 260.0 -24 150.0 -1 0 0 0 1 0 0 0 -1 3004.DAT
0 STEP
1 86 260.0 -168 180.0 0 0 1 0 1 0 -1 0 0 3001.DAT
0 STEP
1 86 270.0 -336 160.0 -1 0 0 0 1 0 0 0 -1 3002.DAT
0 STEP
1 86 260.0 -384 200.0 0 0 1 0 1 0 -1 0 0 2456.DAT
0 STEP
1 86 270.0 -408 160.0 -1 0 0 0 1 0 0 0 -1 3002.DAT
0 STEP
1 86 250.0 -432 180.0 0 0 1 0 1 0 -1 0 0 3010.DAT
0 STEP
1 86 260.0 -480 170.0 0 0 1 0 1 0 -1 0 0 3002.DAT
0 STEP
1 86 260.0 -576 180.0 0 0 1 0 1 0 -1 0 0 3001.DAT
0 STEP
1 86 250.0 -624 180.0 0 0 1 0 1 0 -1 0 0 3010.DAT
0 STEP
1 86 260.0 -672 180.0 0 0 1 0 1 0 -1 0 0 3001.DAT
0 STEP
1 86 270.0 -768 160.0 -1 0 0 0 1 0 0 0 -1 3002.DAT
0 STEP
1 86 270.0 -816 160.0 -1 0 0 0 1 0 0 0 -1 3002.DAT
0 STEP
1 86 250.0 -888 150.0 0 0 1 0 1 0 -1 0 0 3005.DAT
0 STEP
1 86 260.0 -24 200.0 0 0 1 0 1 0 -1 0 0 3001.DAT
0 STEP
1 86 250.0 -72 200.0 0 0 1 0 1 0 -1 0 0 3010.DAT
0 STEP
1 86 260.0 -120 200.0 0 0 1 0 1 0 -1 0 0 3001.DAT
0 STEP
1 86 270.0 -144 180.0 -1 0 0 0 1 0 0 0 -1 3002.DAT
0 STEP
1 86 270.0 -216 180.0 -1 0 0 0 1 0 0 0 -1 3002.DAT
0 STEP
1 86 260.0 -240 170.0 -1 0 0 0 1 0 0 0 -1 3004.DAT
0 STEP
1 86 250.0 -288 240.0 0 0 1 0 1 0 -1 0 0 3008.DAT
0 STEP
1 86 270.0 -552 180.0 -1 0 0 0 1 0 0 0 -1 3002.DAT
0 STEP
1 86 270.0 -600 170.0 -1 0 0 0 1 0 0 0 -1 3622.DAT
0 STEP
1 86 270.0 -696 170.0 -1 0 0 0 1 0 0 0 -1 3622.DAT
0 STEP
1 86 250.0 -720 190.0 0 0 1 0 1 0 -1 0 0 3622.DAT
0 STEP
1 86 250.0 -888 200.0 0 0 1 0 1 0 -1 0 0 3010.DAT
0 STEP
1 86 270.0 -96 190.0 -1 0 0 0 1 0 0 0 -1 3622.DAT
0 STEP
1 86 260.0 -240 220.0 0 0 1 0 1 0 -1 0 0 3001.DAT
0 STEP
1 86 270.0 -264 200.0 -1 0 0 0 1 0 0 0 -1 3002.DAT
0 STEP
1 86 270.0 -312 200.0 -1 0 0 0 1 0 0 0 -1 3002.DAT
0 STEP
1 86 250.0 -336 220.0 0 0 1 0 1 0 -1 0 0 3010.DAT
0 STEP
1 86 250.0 -408 210.0 0 0 1 0 1 0 -1 0 0 3622.DAT
0 STEP
1 86 270.0 -864 200.0 -1 0 0 0 1 0 0 0 -1 3002.DAT
0 STEP
1 86 270.0 0 210.0 -1 0 0 0 1 0 0 0 -1 3622.DAT
0 STEP
1 86 250.0 -96 280.0 0 0 1 0 1 0 -1 0 0 3008.DAT
0 STEP
1 86 250.0 -144 210.0 0 0 1 0 1 0 -1 0 0 3005.DAT
0 STEP
1 86 270.0 -192 210.0 -1 0 0 0 1 0 0 0 -1 3622.DAT
0 STEP
1 86 250.0 -216 210.0 0 0 1 0 1 0 -1 0 0 3005.DAT
0 STEP
1 86 260.0 -360 260.0 0 0 1 0 1 0 -1 0 0 2456.DAT
0 STEP
1 86 260.0 -480 220.0 0 0 1 0 1 0 -1 0 0 3003.DAT
0 STEP
1 86 270.0 -528 220.0 -1 0 0 0 1 0 0 0 -1 3002.DAT
0 STEP
1 86 270.0 0 240.0 -1 0 0 0 1 0 0 0 -1 3002.DAT
0 STEP
1 86 260.0 -48 260.0 0 0 1 0 1 0 -1 0 0 3001.DAT
0 STEP
1 86 250.0 -144 260.0 0 0 1 0 1 0 -1 0 0 3010.DAT
0 STEP
1 86 250.0 -168 250.0 0 0 1 0 1 0 -1 0 0 3622.DAT
0 STEP
1 86 270.0 -192 240.0 -1 0 0 0 1 0 0 0 -1 3002.DAT
0 STEP
1 86 250.0 -216 260.0 0 0 1 0 1 0 -1 0 0 3010.DAT
0 STEP
1 86 270.0 -264 240.0 -1 0 0 0 1 0 0 0 -1 3002.DAT
0 STEP
1 86 270.0 -312 240.0 -1 0 0 0 1 0 0 0 -1 3002.DAT
0 STEP
1 86 270.0 -624 230.0 -1 0 0 0 1 0 0 0 -1 3622.DAT
0 STEP
1 86 260.0 -72 270.0 0 0 1 0 1 0 -1 0 0 3002.DAT
0 STEP
1 86 270.0 -120 260.0 -1 0 0 0 1 0 0 0 -1 3002.DAT
0 STEP
1 86 250.0 -432 300.0 0 0 1 0 1 0 -1 0 0 3009.DAT
0 STEP
1 86 270.0 0 270.0 -1 0 0 0 1 0 0 0 -1 3622.DAT
0 STEP
1 86 250.0 -192 270.0 0 0 1 0 1 0 -1 0 0 3005.DAT
0 STEP
1 86 270.0 -240 270.0 -1 0 0 0 1 0 0 0 -1 3622.DAT
0 STEP
1 86 270.0 -264 270.0 -1 0 0 0 1 0 0 0 -1 3622.DAT
0 STEP
1 86 250.0 -312 300.0 0 0 1 0 1 0 -1 0 0 3010.DAT
0 STEP
1 86 270.0 -336 270.0 -1 0 0 0 1 0 0 0 -1 3622.DAT
0 STEP
1 86 270.0 -384 270.0 -1 0 0 0 1 0 0 0 -1 3622.DAT
0 STEP
1 86 270.0 -120 300.0 -1 0 0 0 1 0 0 0 -1 3002.DAT
0 STEP
1 86 270.0 -168 300.0 -1 0 0 0 1 0 0 0 -1 3002.DAT
0 STEP
1 86 250.0 -192 320.0 0 0 1 0 1 0 -1 0 0 3010.DAT
0 STEP
1 86 260.0 -240 320.0 0 0 1 0 1 0 -1 0 0 3001.DAT
0 STEP
1 86 270.0 -264 300.0 -1 0 0 0 1 0 0 0 -1 3002.DAT
0 STEP
1 86 270.0 -336 300.0 -1 0 0 0 1 0 0 0 -1 3002.DAT
0 STEP
1 86 250.0 -384 320.0 0 0 1 0 1 0 -1 0 0 3010.DAT
0 STEP
1 86 260.0 -48 330.0 0 0 1 0 1 0 -1 0 0 3002.DAT
0 STEP
1 86 250.0 -144 330.0 0 0 1 0 1 0 -1 0 0 3622.DAT
0 STEP
1 86 270.0 -288 340.0 -1 0 0 0 1 0 0 0 -1 3002.DAT
0 STEP
1 86 270.0 -336 340.0 -1 0 0 0 1 0 0 0 -1 3002.DAT
0 STEP
1 86 250.0 -408 340.0 0 0 1 0 1 0 -1 0 0 3004.DAT
0 STEP
1 86 320.0 -48 20.0 -1 0 0 0 1 0 0 0 -1 2456.DAT
0 STEP
1 86 280.0 -192 30.0 0 0 1 0 1 0 -1 0 0 3002.DAT
0 STEP
1 86 270.0 -240 20.0 0 0 1 0 1 0 -1 0 0 3004.DAT
0 STEP
1 86 270.0 -288 10.0 0 0 1 0 1 0 -1 0 0 3005.DAT
0 STEP
1 86 300.0 -312 20.0 -1 0 0 0 1 0 0 0 -1 3001.DAT
0 STEP
1 86 270.0 -336 30.0 0 0 1 0 1 0 -1 0 0 3622.DAT
0 STEP
1 86 270.0 -432 10.0 0 0 1 0 1 0 -1 0 0 3005.DAT
0 STEP
1 86 280.0 -504 30.0 0 0 1 0 1 0 -1 0 0 3002.DAT
0 STEP
1 86 280.0 -552 30.0 0 0 1 0 1 0 -1 0 0 3002.DAT
0 STEP
1 86 300.0 -624 20.0 -1 0 0 0 1 0 0 0 -1 3001.DAT
0 STEP
1 86 280.0 -672 30.0 0 0 1 0 1 0 -1 0 0 3002.DAT
0 STEP
1 86 320.0 -720 20.0 -1 0 0 0 1 0 0 0 -1 2456.DAT
0 STEP
1 86 270.0 -768 30.0 0 0 1 0 1 0 -1 0 0 3622.DAT
0 STEP
1 86 320.0 -792 10.0 -1 0 0 0 1 0 0 0 -1 3009.DAT
0 STEP
1 86 300.0 -120 30.0 -1 0 0 0 1 0 0 0 -1 3010.DAT
0 STEP
1 86 300.0 -456 40.0 -1 0 0 0 1 0 0 0 -1 3001.DAT
0 STEP
1 86 270.0 -576 30.0 0 0 1 0 1 0 -1 0 0 3005.DAT
0 STEP
1 86 290.0 -792 30.0 -1 0 0 0 1 0 0 0 -1 3622.DAT
0 STEP
1 86 320.0 -888 30.0 -1 0 0 0 1 0 0 0 -1 3009.DAT
0 STEP
1 86 270.0 -48 50.0 0 0 1 0 1 0 -1 0 0 3005.DAT
0 STEP
1 86 270.0 -288 50.0 0 0 1 0 1 0 -1 0 0 3005.DAT
0 STEP
1 86 280.0 -312 50.0 -1 0 0 0 1 0 0 0 -1 3004.DAT
0 STEP
1 86 320.0 -720 50.0 -1 0 0 0 1 0 0 0 -1 3009.DAT
0 STEP
1 86 300.0 -840 60.0 -1 0 0 0 1 0 0 0 -1 3001.DAT
0 STEP
1 86 270.0 -24 100.0 0 0 1 0 1 0 -1 0 0 3010.DAT
0 STEP
1 86 290.0 -48 70.0 -1 0 0 0 1 0 0 0 -1 3622.DAT
0 STEP
1 86 340.0 -888 70.0 -1 0 0 0 1 0 0 0 -1 3008.DAT
0 STEP
1 86 270.0 -48 90.0 0 0 1 0 1 0 -1 0 0 3005.DAT
0 STEP
1 86 280.0 -840 90.0 -1 0 0 0 1 0 0 0 -1 3004.DAT
0 STEP
1 86 280.0 -888 160.0 0 0 1 0 1 0 -1 0 0 3007.DAT
0 STEP
1 86 270.0 -48 140.0 0 0 1 0 1 0 -1 0 0 3010.DAT
0 STEP
1 86 320.0 -72 110.0 -1 0 0 0 1 0 0 0 -1 3009.DAT
0 STEP
1 86 280.0 -96 140.0 0 0 1 0 1 0 -1 0 0 3001.DAT
0 STEP
1 86 270.0 -120 110.0 0 0 1 0 1 0 -1 0 0 3005.DAT
0 STEP
1 86 300.0 -144 110.0 -1 0 0 0 1 0 0 0 -1 3010.DAT
0 STEP
1 86 270.0 -168 120.0 0 0 1 0 1 0 -1 0 0 3004.DAT
0 STEP
1 86 270.0 -192 110.0 0 0 1 0 1 0 -1 0 0 3005.DAT
0 STEP
1 86 270.0 -216 110.0 0 0 1 0 1 0 -1 0 0 3005.DAT
0 STEP
1 86 320.0 -240 110.0 -1 0 0 0 1 0 0 0 -1 3009.DAT
0 STEP
1 86 270.0 -264 110.0 0 0 1 0 1 0 -1 0 0 3005.DAT
0 STEP
1 86 300.0 -288 110.0 -1 0 0 0 1 0 0 0 -1 3010.DAT
0 STEP
1 86 270.0 -312 140.0 0 0 1 0 1 0 -1 0 0 3010.DAT
0 STEP
1 86 300.0 -336 110.0 -1 0 0 0 1 0 0 0 -1 3010.DAT
0 STEP
1 86 270.0 -360 140.0 0 0 1 0 1 0 -1 0 0 3010.DAT
0 STEP
1 86 280.0 -384 110.0 -1 0 0 0 1 0 0 0 -1 3004.DAT
0 STEP
1 86 280.0 -408 120.0 0 0 1 0 1 0 -1 0 0 3003.DAT
0 STEP
1 86 300.0 -432 110.0 -1 0 0 0 1 0 0 0 -1 3010.DAT
0 STEP
1 86 280.0 -480 120.0 0 0 1 0 1 0 -1 0 0 3003.DAT
0 STEP
1 86 300.0 -504 110.0 -1 0 0 0 1 0 0 0 -1 3010.DAT
0 STEP
1 86 270.0 -528 140.0 0 0 1 0 1 0 -1 0 0 3010.DAT
0 STEP
1 86 300.0 -552 110.0 -1 0 0 0 1 0 0 0 -1 3010.DAT
0 STEP
1 86 270.0 -576 120.0 0 0 1 0 1 0 -1 0 0 3004.DAT
0 STEP
1 86 320.0 -600 110.0 -1 0 0 0 1 0 0 0 -1 3009.DAT
0 STEP
1 86 280.0 -624 160.0 0 0 1 0 1 0 -1 0 0 2456.DAT
0 STEP
1 86 270.0 -648 110.0 0 0 1 0 1 0 -1 0 0 3005.DAT
0 STEP
1 86 320.0 -672 110.0 -1 0 0 0 1 0 0 0 -1 3009.DAT
0 STEP
1 86 270.0 -696 130.0 0 0 1 0 1 0 -1 0 0 3622.DAT
0 STEP
1 86 320.0 -720 110.0 -1 0 0 0 1 0 0 0 -1 3009.DAT
0 STEP
1 86 270.0 -744 160.0 0 0 1 0 1 0 -1 0 0 3009.DAT
0 STEP
1 86 300.0 -768 110.0 -1 0 0 0 1 0 0 0 -1 3010.DAT
0 STEP
1 86 270.0 -792 110.0 0 0 1 0 1 0 -1 0 0 3005.DAT
0 STEP
1 86 300.0 -816 110.0 -1 0 0 0 1 0 0 0 -1 3010.DAT
0 STEP
1 86 270.0 -840 110.0 0 0 1 0 1 0 -1 0 0 3005.DAT
0 STEP
1 86 280.0 -192 160.0 0 0 1 0 1 0 -1 0 0 3001.DAT
0 STEP
1 86 270.0 -432 180.0 0 0 1 0 1 0 -1 0 0 3009.DAT
0 STEP
1 86 290.0 -456 130.0 -1 0 0 0 1 0 0 0 -1 3622.DAT
0 STEP
1 86 280.0 -504 180.0 0 0 1 0 1 0 -1 0 0 2456.DAT
0 STEP
1 86 270.0 -840 180.0 0 0 1 0 1 0 -1 0 0 3009.DAT
0 STEP
1 86 270.0 -456 200.0 0 0 1 0 1 0 -1 0 0 3009.DAT
0 STEP
1 86 280.0 -72 200.0 0 0 1 0 1 0 -1 0 0 3001.DAT
0 STEP
1 86 270.0 -288 200.0 0 0 1 0 1 0 -1 0 0 3010.DAT
0 STEP
1 86 280.0 -720 190.0 0 0 1 0 1 0 -1 0 0 3002.DAT
0 STEP
1 86 280.0 -864 170.0 -1 0 0 0 1 0 0 0 -1 3004.DAT
0 STEP
1 86 280.0 -336 220.0 0 0 1 0 1 0 -1 0 0 3001.DAT
0 STEP
1 86 270.0 -360 190.0 0 0 1 0 1 0 -1 0 0 3005.DAT
0 STEP
1 86 270.0 -408 240.0 0 0 1 0 1 0 -1 0 0 3009.DAT
0 STEP
1 86 270.0 -696 190.0 0 0 1 0 1 0 -1 0 0 3005.DAT
0 STEP
1 86 280.0 -96 280.0 0 0 1 0 1 0 -1 0 0 3007.DAT
0 STEP
1 86 280.0 -144 220.0 0 0 1 0 1 0 -1 0 0 3003.DAT
0 STEP
1 86 280.0 -216 260.0 0 0 1 0 1 0 -1 0 0 2456.DAT
0 STEP
1 86 280.0 -816 210.0 -1 0 0 0 1 0 0 0 -1 3004.DAT
0 STEP
1 86 280.0 -168 250.0 0 0 1 0 1 0 -1 0 0 3002.DAT
0 STEP
1 86 270.0 -696 230.0 0 0 1 0 1 0 -1 0 0 3005.DAT
0 STEP
1 86 270.0 -24 260.0 0 0 1 0 1 0 -1 0 0 3004.DAT
0 STEP
1 86 270.0 -144 250.0 0 0 1 0 1 0 -1 0 0 3005.DAT
0 STEP
1 86 280.0 -288 280.0 0 0 1 0 1 0 -1 0 0 3001.DAT
0 STEP
1 86 270.0 -432 250.0 0 0 1 0 1 0 -1 0 0 3005.DAT
0 STEP
1 86 270.0 -144 300.0 0 0 1 0 1 0 -1 0 0 3010.DAT
0 STEP
1 86 270.0 -192 300.0 0 0 1 0 1 0 -1 0 0 3010.DAT
0 STEP
1 86 270.0 -312 270.0 0 0 1 0 1 0 -1 0 0 3005.DAT
0 STEP
1 86 270.0 -432 300.0 0 0 1 0 1 0 -1 0 0 3010.DAT
0 STEP
1 86 270.0 -456 270.0 0 0 1 0 1 0 -1 0 0 3005.DAT
0 STEP
1 86 280.0 -24 320.0 0 0 1 0 1 0 -1 0 0 3001.DAT
0 STEP
1 86 270.0 -312 320.0 0 0 1 0 1 0 -1 0 0 3010.DAT
0 STEP
1 86 280.0 -384 320.0 0 0 1 0 1 0 -1 0 0 3001.DAT
0 STEP
1 86 270.0 -456 320.0 0 0 1 0 1 0 -1 0 0 3010.DAT
0 STEP
1 86 270.0 -408 330.0 0 0 1 0 1 0 -1 0 0 3622.DAT
0 STEP
1 86 270.0 -144 350.0 0 0 1 0 1 0 -1 0 0 3005.DAT
0 STEP
1 86 270.0 -192 350.0 0 0 1 0 1 0 -1 0 0 3005.DAT
0 STEP
1 86 270.0 -432 350.0 0 0 1 0 1 0 -1 0 0 3005.DAT
0 STEP
1 86 290.0 0 10.0 0 0 1 0 1 0 -1 0 0 3005.DAT
0 STEP
1 86 290.0 -24 80.0 0 0 1 0 1 0 -1 0 0 3008.DAT
0 STEP
1 86 290.0 -72 30.0 0 0 1 0 1 0 -1 0 0 3622.DAT
0 STEP
1 86 290.0 -96 30.0 0 0 1 0 1 0 -1 0 0 3622.DAT
0 STEP
1 86 290.0 -144 30.0 0 0 1 0 1 0 -1 0 0 3622.DAT
0 STEP
1 86 290.0 -240 30.0 0 0 1 0 1 0 -1 0 0 3622.DAT
0 STEP
1 86 290.0 -288 30.0 0 0 1 0 1 0 -1 0 0 3622.DAT
0 STEP
1 86 310.0 -336 10.0 -1 0 0 0 1 0 0 0 -1 3622.DAT
0 STEP
1 86 290.0 -384 30.0 0 0 1 0 1 0 -1 0 0 3622.DAT
0 STEP
1 86 290.0 -432 30.0 0 0 1 0 1 0 -1 0 0 3622.DAT
0 STEP
1 86 340.0 -528 10.0 -1 0 0 0 1 0 0 0 -1 3009.DAT
0 STEP
1 86 340.0 -576 10.0 -1 0 0 0 1 0 0 0 -1 3009.DAT
0 STEP
1 86 290.0 -600 30.0 0 0 1 0 1 0 -1 0 0 3622.DAT
0 STEP
1 86 290.0 -648 20.0 0 0 1 0 1 0 -1 0 0 3004.DAT
0 STEP
1 86 300.0 -768 30.0 0 0 1 0 1 0 -1 0 0 3002.DAT
0 STEP
1 86 300.0 -816 30.0 0 0 1 0 1 0 -1 0 0 3002.DAT
0 STEP
1 86 300.0 -864 40.0 0 0 1 0 1 0 -1 0 0 3001.DAT
0 STEP
1 86 360.0 -264 30.0 -1 0 0 0 1 0 0 0 -1 3008.DAT
0 STEP
1 86 300.0 -336 40.0 0 0 1 0 1 0 -1 0 0 3003.DAT
0 STEP
1 86 320.0 -576 40.0 -1 0 0 0 1 0 0 0 -1 3001.DAT
0 STEP
1 86 320.0 -48 50.0 -1 0 0 0 1 0 0 0 -1 3010.DAT
0 STEP
1 86 360.0 -216 50.0 -1 0 0 0 1 0 0 0 -1 3008.DAT
0 STEP
1 86 300.0 -264 50.0 -1 0 0 0 1 0 0 0 -1 3004.DAT
0 STEP
1 86 290.0 -528 50.0 0 0 1 0 1 0 -1 0 0 3005.DAT
0 STEP
1 86 340.0 -648 50.0 -1 0 0 0 1 0 0 0 -1 3009.DAT
0 STEP
1 86 290.0 -696 50.0 0 0 1 0 1 0 -1 0 0 3005.DAT
0 STEP
1 86 290.0 -888 50.0 0 0 1 0 1 0 -1 0 0 3005.DAT
0 STEP
1 86 300.0 -48 100.0 0 0 1 0 1 0 -1 0 0 3003.DAT
0 STEP
1 86 290.0 -72 90.0 0 0 1 0 1 0 -1 0 0 3005.DAT
0 STEP
1 86 290.0 -96 90.0 0 0 1 0 1 0 -1 0 0 3005.DAT
0 STEP
1 86 300.0 -120 100.0 0 0 1 0 1 0 -1 0 0 3003.DAT
0 STEP
1 86 310.0 -144 90.0 -1 0 0 0 1 0 0 0 -1 3622.DAT
0 STEP
1 86 290.0 -168 90.0 0 0 1 0 1 0 -1 0 0 3005.DAT
0 STEP
1 86 320.0 -192 100.0 -1 0 0 0 1 0 0 0 -1 3001.DAT
0 STEP
1 86 290.0 -216 120.0 0 0 1 0 1 0 -1 0 0 3010.DAT
0 STEP
1 86 320.0 -240 90.0 -1 0 0 0 1 0 0 0 -1 3010.DAT
0 STEP
1 86 290.0 -264 120.0 0 0 1 0 1 0 -1 0 0 3010.DAT
0 STEP
1 86 290.0 -288 90.0 0 0 1 0 1 0 -1 0 0 3005.DAT
0 STEP
1 86 290.0 -312 120.0 0 0 1 0 1 0 -1 0 0 3010.DAT
0 STEP
1 86 300.0 -336 90.0 -1 0 0 0 1 0 0 0 -1 3004.DAT
0 STEP
1 86 290.0 -360 140.0 0 0 1 0 1 0 -1 0 0 3009.DAT
0 STEP
1 86 290.0 -384 90.0 0 0 1 0 1 0 -1 0 0 3005.DAT
0 STEP
1 86 290.0 -408 90.0 0 0 1 0 1 0 -1 0 0 3005.DAT
0 STEP
1 86 290.0 -432 90.0 0 0 1 0 1 0 -1 0 0 3005.DAT
0 STEP
1 86 310.0 -480 90.0 -1 0 0 0 1 0 0 0 -1 3622.DAT
0 STEP
1 86 300.0 -504 90.0 -1 0 0 0 1 0 0 0 -1 3004.DAT
0 STEP
1 86 290.0 -528 140.0 0 0 1 0 1 0 -1 0 0 3009.DAT
0 STEP
1 86 300.0 -552 90.0 -1 0 0 0 1 0 0 0 -1 3004.DAT
0 STEP
1 86 290.0 -576 90.0 0 0 1 0 1 0 -1 0 0 3005.DAT
0 STEP
1 86 340.0 -600 90.0 -1 0 0 0 1 0 0 0 -1 3009.DAT
0 STEP
1 86 290.0 -624 90.0 0 0 1 0 1 0 -1 0 0 3005.DAT
0 STEP
1 86 290.0 -648 140.0 0 0 1 0 1 0 -1 0 0 3009.DAT
0 STEP
1 86 360.0 -672 90.0 -1 0 0 0 1 0 0 0 -1 3008.DAT
0 STEP
1 86 290.0 -696 120.0 0 0 1 0 1 0 -1 0 0 3010.DAT
0 STEP
1 86 320.0 -720 90.0 -1 0 0 0 1 0 0 0 -1 3010.DAT
0 STEP
1 86 290.0 -744 90.0 0 0 1 0 1 0 -1 0 0 3005.DAT
0 STEP
1 86 340.0 -768 90.0 -1 0 0 0 1 0 0 0 -1 3009.DAT
0 STEP
1 86 290.0 -792 160.0 0 0 1 0 1 0 -1 0 0 3008.DAT
0 STEP
1 86 320.0 -816 90.0 -1 0 0 0 1 0 0 0 -1 3010.DAT
0 STEP
1 86 290.0 -168 160.0 0 0 1 0 1 0 -1 0 0 3009.DAT
0 STEP
1 86 290.0 -456 110.0 0 0 1 0 1 0 -1 0 0 3005.DAT
0 STEP
1 86 290.0 -576 160.0 0 0 1 0 1 0 -1 0 0 3009.DAT
0 STEP
1 86 290.0 -744 140.0 0 0 1 0 1 0 -1 0 0 3010.DAT
0 STEP
1 86 290.0 -840 130.0 0 0 1 0 1 0 -1 0 0 3622.DAT
0 STEP
1 86 290.0 -48 150.0 0 0 1 0 1 0 -1 0 0 3622.DAT
0 STEP
1 86 290.0 -288 180.0 0 0 1 0 1 0 -1 0 0 3009.DAT
0 STEP
1 86 290.0 -432 200.0 0 0 1 0 1 0 -1 0 0 3008.DAT
0 STEP
1 86 290.0 -384 200.0 0 0 1 0 1 0 -1 0 0 3009.DAT
0 STEP
1 86 320.0 -456 160.0 -1 0 0 0 1 0 0 0 -1 3001.DAT
0 STEP
1 86 290.0 -480 150.0 0 0 1 0 1 0 -1 0 0 3005.DAT
0 STEP
1 86 290.0 -672 180.0 0 0 1 0 1 0 -1 0 0 3010.DAT
0 STEP
1 86 290.0 0 170.0 0 0 1 0 1 0 -1 0 0 3005.DAT
0 STEP
1 86 290.0 -24 220.0 0 0 1 0 1 0 -1 0 0 3009.DAT
0 STEP
1 86 290.0 -120 200.0 0 0 1 0 1 0 -1 0 0 3010.DAT
0 STEP
1 86 290.0 -240 200.0 0 0 1 0 1 0 -1 0 0 3010.DAT
0 STEP
1 86 290.0 -264 170.0 0 0 1 0 1 0 -1 0 0 3005.DAT
0 STEP
1 86 290.0 -312 170.0 0 0 1 0 1 0 -1 0 0 3005.DAT
0 STEP
1 86 290.0 -480 200.0 0 0 1 0 1 0 -1 0 0 3010.DAT
0 STEP
1 86 290.0 -840 200.0 0 0 1 0 1 0 -1 0 0 3010.DAT
0 STEP
1 86 290.0 -408 210.0 0 0 1 0 1 0 -1 0 0 3622.DAT
0 STEP
1 86 360.0 -456 200.0 -1 0 0 0 1 0 0 0 -1 3007.DAT
0 STEP
1 86 290.0 -696 210.0 0 0 1 0 1 0 -1 0 0 3622.DAT
0 STEP
1 86 290.0 -744 210.0 0 0 1 0 1 0 -1 0 0 3622.DAT
0 STEP
1 86 290.0 -360 210.0 0 0 1 0 1 0 -1 0 0 3005.DAT
0 STEP
1 86 290.0 -552 220.0 0 0 1 0 1 0 -1 0 0 3004.DAT
0 STEP
1 86 290.0 -48 260.0 0 0 1 0 1 0 -1 0 0 3010.DAT
0 STEP
1 86 290.0 -360 260.0 0 0 1 0 1 0 -1 0 0 3010.DAT
0 STEP
1 86 360.0 -456 240.0 -1 0 0 0 1 0 0 0 -1 3007.DAT
0 STEP
1 86 290.0 -648 230.0 0 0 1 0 1 0 -1 0 0 3005.DAT
0 STEP
1 86 290.0 -72 280.0 0 0 1 0 1 0 -1 0 0 3010.DAT
0 STEP
1 86 290.0 -144 300.0 0 0 1 0 1 0 -1 0 0 3009.DAT
0 STEP
1 86 290.0 -240 250.0 0 0 1 0 1 0 -1 0 0 3005.DAT
0 STEP
1 86 290.0 -408 300.0 0 0 1 0 1 0 -1 0 0 3009.DAT
0 STEP
1 86 290.0 -192 270.0 0 0 1 0 1 0 -1 0 0 3005.DAT
0 STEP
1 86 290.0 -312 300.0 0 0 1 0 1 0 -1 0 0 3010.DAT
0 STEP
1 86 380.0 -456 280.0 -1 0 0 0 1 0 0 0 -1 3006.DAT
0 STEP
1 86 290.0 -192 320.0 0 0 1 0 1 0 -1 0 0 3010.DAT
0 STEP
1 86 290.0 -240 320.0 0 0 1 0 1 0 -1 0 0 3010.DAT
0 STEP
1 86 290.0 -432 320.0 0 0 1 0 1 0 -1 0 0 3010.DAT
0 STEP
1 86 290.0 -48 330.0 0 0 1 0 1 0 -1 0 0 3622.DAT
0 STEP
1 86 290.0 -360 310.0 0 0 1 0 1 0 -1 0 0 3005.DAT
0 STEP
1 86 360.0 -456 320.0 -1 0 0 0 1 0 0 0 -1 3007.DAT
0 STEP
1 86 290.0 0 340.0 0 0 1 0 1 0 -1 0 0 3004.DAT
0 STEP
1 86 290.0 -168 350.0 0 0 1 0 1 0 -1 0 0 3005.DAT
0 STEP
1 86 290.0 -312 350.0 0 0 1 0 1 0 -1 0 0 3005.DAT
0 STEP
1 86 360.0 -456 350.0 -1 0 0 0 1 0 0 0 -1 3008.DAT
0 STEP
1 86 340.0 0 20.0 -1 0 0 0 1 0 0 0 -1 3001.DAT
0 STEP
1 86 310.0 -24 60.0 0 0 1 0 1 0 -1 0 0 3009.DAT
0 STEP
1 86 310.0 -72 10.0 0 0 1 0 1 0 -1 0 0 3005.DAT
0 STEP
1 86 340.0 -96 20.0 -1 0 0 0 1 0 0 0 -1 3001.DAT
0 STEP
1 86 320.0 -144 40.0 0 0 1 0 1 0 -1 0 0 3001.DAT
0 STEP
1 86 320.0 -192 40.0 0 0 1 0 1 0 -1 0 0 3001.DAT
0 STEP
1 86 320.0 -240 40.0 0 0 1 0 1 0 -1 0 0 3001.DAT
0 STEP
1 86 310.0 -288 10.0 0 0 1 0 1 0 -1 0 0 3005.DAT
0 STEP
1 86 320.0 -384 60.0 0 0 1 0 1 0 -1 0 0 2456.DAT
0 STEP
1 86 310.0 -432 10.0 0 0 1 0 1 0 -1 0 0 3005.DAT
0 STEP
1 86 360.0 -480 20.0 -1 0 0 0 1 0 0 0 -1 2456.DAT
0 STEP
1 86 310.0 -504 40.0 0 0 1 0 1 0 -1 0 0 3010.DAT
0 STEP
1 86 310.0 -552 40.0 0 0 1 0 1 0 -1 0 0 3010.DAT
0 STEP
1 86 310.0 -600 40.0 0 0 1 0 1 0 -1 0 0 3010.DAT
0 STEP
1 86 340.0 -648 20.0 -1 0 0 0 1 0 0 0 -1 3001.DAT
0 STEP
1 86 320.0 -672 40.0 0 0 1 0 1 0 -1 0 0 3001.DAT
0 STEP
1 86 380.0 -840 10.0 -1 0 0 0 1 0 0 0 -1 3008.DAT
0 STEP
1 86 310.0 -72 60.0 0 0 1 0 1 0 -1 0 0 3010.DAT
0 STEP
1 86 340.0 -168 30.0 -1 0 0 0 1 0 0 0 -1 3010.DAT
0 STEP
1 86 310.0 -288 60.0 0 0 1 0 1 0 -1 0 0 3010.DAT
0 STEP
1 86 310.0 -432 60.0 0 0 1 0 1 0 -1 0 0 3010.DAT
0 STEP
1 86 340.0 -744 30.0 -1 0 0 0 1 0 0 0 -1 3010.DAT
0 STEP
1 86 320.0 -96 80.0 0 0 1 0 1 0 -1 0 0 3001.DAT
0 STEP
1 86 320.0 -168 80.0 0 0 1 0 1 0 -1 0 0 3001.DAT
0 STEP
1 86 320.0 -312 80.0 0 0 1 0 1 0 -1 0 0 3001.DAT
0 STEP
1 86 340.0 -360 60.0 -1 0 0 0 1 0 0 0 -1 3001.DAT
0 STEP
1 86 320.0 -480 60.0 0 0 1 0 1 0 -1 0 0 3003.DAT
0 STEP
1 86 310.0 -528 80.0 0 0 1 0 1 0 -1 0 0 3010.DAT
0 STEP
1 86 320.0 -624 80.0 0 0 1 0 1 0 -1 0 0 3001.DAT
0 STEP
1 86 310.0 -696 80.0 0 0 1 0 1 0 -1 0 0 3010.DAT
0 STEP
1 86 320.0 -744 80.0 0 0 1 0 1 0 -1 0 0 3001.DAT
0 STEP
1 86 310.0 -792 80.0 0 0 1 0 1 0 -1 0 0 3010.DAT
0 STEP
1 86 340.0 -888 50.0 -1 0 0 0 1 0 0 0 -1 3010.DAT
0 STEP
1 86 310.0 -120 70.0 0 0 1 0 1 0 -1 0 0 3005.DAT
0 STEP
1 86 310.0 -216 90.0 0 0 1 0 1 0 -1 0 0 3622.DAT
0 STEP
1 86 310.0 -264 70.0 0 0 1 0 1 0 -1 0 0 3005.DAT
0 STEP
1 86 310.0 -336 70.0 0 0 1 0 1 0 -1 0 0 3005.DAT
0 STEP
1 86 320.0 -408 70.0 -1 0 0 0 1 0 0 0 -1 3004.DAT
0 STEP
1 86 330.0 -576 70.0 -1 0 0 0 1 0 0 0 -1 3622.DAT
0 STEP
1 86 340.0 -648 80.0 -1 0 0 0 1 0 0 0 -1 3001.DAT
0 STEP
1 86 340.0 -720 70.0 -1 0 0 0 1 0 0 0 -1 3010.DAT
0 STEP
1 86 310.0 -768 70.0 0 0 1 0 1 0 -1 0 0 3005.DAT
0 STEP
1 86 310.0 -816 70.0 0 0 1 0 1 0 -1 0 0 3005.DAT
0 STEP
1 86 340.0 -264 100.0 -1 0 0 0 1 0 0 0 -1 3001.DAT
0 STEP
1 86 340.0 -360 100.0 -1 0 0 0 1 0 0 0 -1 3001.DAT
0 STEP
1 86 340.0 -408 100.0 -1 0 0 0 1 0 0 0 -1 3001.DAT
0 STEP
1 86 310.0 -456 100.0 0 0 1 0 1 0 -1 0 0 3004.DAT
0 STEP
1 86 340.0 -576 90.0 -1 0 0 0 1 0 0 0 -1 3010.DAT
0 STEP
1 86 310.0 -840 100.0 0 0 1 0 1 0 -1 0 0 3004.DAT
0 STEP
1 86 400.0 -888 100.0 -1 0 0 0 1 0 0 0 -1 3006.DAT
0 STEP
1 86 320.0 -480 110.0 -1 0 0 0 1 0 0 0 -1 3004.DAT
0 STEP
1 86 310.0 -576 110.0 0 0 1 0 1 0 -1 0 0 3005.DAT
0 STEP
1 86 360.0 -648 110.0 -1 0 0 0 1 0 0 0 -1 3009.DAT
0 STEP
1 86 330.0 -24 10.0 0 0 1 0 1 0 -1 0 0 3005.DAT
0 STEP
1 86 330.0 -72 40.0 0 0 1 0 1 0 -1 0 0 3010.DAT
0 STEP
1 86 360.0 -216 10.0 -1 0 0 0 1 0 0 0 -1 3010.DAT
0 STEP
1 86 380.0 -264 10.0 -1 0 0 0 1 0 0 0 -1 3009.DAT
0 STEP
1 86 340.0 -288 40.0 0 0 1 0 1 0 -1 0 0 3001.DAT
0 STEP
1 86 360.0 -432 10.0 -1 0 0 0 1 0 0 0 -1 3010.DAT
0 STEP
1 86 330.0 -456 10.0 0 0 1 0 1 0 -1 0 0 3005.DAT
0 STEP
1 86 330.0 -504 10.0 0 0 1 0 1 0 -1 0 0 3005.DAT
0 STEP
1 86 330.0 -552 10.0 0 0 1 0 1 0 -1 0 0 3005.DAT
0 STEP
1 86 340.0 -600 40.0 0 0 1 0 1 0 -1 0 0 3001.DAT
0 STEP
1 86 400.0 -696 10.0 -1 0 0 0 1 0 0 0 -1 3008.DAT
0 STEP
1 86 330.0 -768 40.0 0 0 1 0 1 0 -1 0 0 3010.DAT
0 STEP
1 86 340.0 -816 40.0 0 0 1 0 1 0 -1 0 0 3001.DAT
0 STEP
1 86 340.0 -864 40.0 0 0 1 0 1 0 -1 0 0 3001.DAT
0 STEP
1 86 330.0 -24 60.0 0 0 1 0 1 0 -1 0 0 3010.DAT
0 STEP
1 86 330.0 -216 30.0 0 0 1 0 1 0 -1 0 0 3005.DAT
0 STEP
1 86 330.0 -336 60.0 0 0 1 0 1 0 -1 0 0 3010.DAT
0 STEP
1 86 360.0 -432 40.0 -1 0 0 0 1 0 0 0 -1 3001.DAT
0 STEP
1 86 330.0 -504 60.0 0 0 1 0 1 0 -1 0 0 3010.DAT
0 STEP
1 86 360.0 -528 30.0 -1 0 0 0 1 0 0 0 -1 3010.DAT
0 STEP
1 86 330.0 -552 60.0 0 0 1 0 1 0 -1 0 0 3010.DAT
0 STEP
1 86 350.0 -792 40.0 -1 0 0 0 1 0 0 0 -1 3002.DAT
0 STEP
1 86 360.0 -264 60.0 -1 0 0 0 1 0 0 0 -1 3001.DAT
0 STEP
1 86 350.0 -528 60.0 -1 0 0 0 1 0 0 0 -1 3002.DAT
0 STEP
1 86 340.0 -696 80.0 0 0 1 0 1 0 -1 0 0 3001.DAT
0 STEP
1 86 330.0 0 70.0 0 0 1 0 1 0 -1 0 0 3005.DAT
0 STEP
1 86 340.0 -48 90.0 0 0 1 0 1 0 -1 0 0 3002.DAT
0 STEP
1 86 360.0 -120 80.0 -1 0 0 0 1 0 0 0 -1 3001.DAT
0 STEP
1 86 380.0 -216 70.0 -1 0 0 0 1 0 0 0 -1 3009.DAT
0 STEP
1 86 330.0 -432 80.0 0 0 1 0 1 0 -1 0 0 3004.DAT
0 STEP
1 86 360.0 -792 70.0 -1 0 0 0 1 0 0 0 -1 3010.DAT
0 STEP
1 86 400.0 -72 90.0 -1 0 0 0 1 0 0 0 -1 3008.DAT
0 STEP
1 86 380.0 -216 100.0 -1 0 0 0 1 0 0 0 -1 2456.DAT
0 STEP
1 86 400.0 -288 90.0 -1 0 0 0 1 0 0 0 -1 3008.DAT
0 STEP
1 86 340.0 -456 110.0 0 0 1 0 1 0 -1 0 0 3002.DAT
0 STEP
1 86 350.0 -528 100.0 -1 0 0 0 1 0 0 0 -1 3002.DAT
0 STEP
1 86 350.0 -792 100.0 -1 0 0 0 1 0 0 0 -1 3002.DAT
0 STEP
1 86 330.0 -840 90.0 0 0 1 0 1 0 -1 0 0 3005.DAT
0 STEP
1 86 350.0 -24 110.0 -1 0 0 0 1 0 0 0 -1 3622.DAT
0 STEP
1 86 330.0 -120 110.0 0 0 1 0 1 0 -1 0 0 3005.DAT
0 STEP
1 86 360.0 -576 110.0 -1 0 0 0 1 0 0 0 -1 3010.DAT
0 STEP
1 86 360.0 -840 110.0 -1 0 0 0 1 0 0 0 -1 3010.DAT
0 STEP
1 86 350.0 -24 20.0 0 0 1 0 1 0 -1 0 0 3004.DAT
0 STEP
1 86 350.0 -72 20.0 0 0 1 0 1 0 -1 0 0 3004.DAT
0 STEP
1 86 350.0 -144 60.0 0 0 1 0 1 0 -1 0 0 3009.DAT
0 STEP
1 86 350.0 -192 40.0 0 0 1 0 1 0 -1 0 0 3010.DAT
0 STEP
1 86 350.0 -240 40.0 0 0 1 0 1 0 -1 0 0 3010.DAT
0 STEP
1 86 420.0 -312 10.0 -1 0 0 0 1 0 0 0 -1 3008.DAT
0 STEP
1 86 360.0 -336 40.0 0 0 1 0 1 0 -1 0 0 3001.DAT
0 STEP
1 86 370.0 -384 10.0 -1 0 0 0 1 0 0 0 -1 3622.DAT
0 STEP
1 86 360.0 -408 40.0 0 0 1 0 1 0 -1 0 0 3001.DAT
0 STEP
1 86 350.0 -456 30.0 0 0 1 0 1 0 -1 0 0 3622.DAT
0 STEP
1 86 360.0 -504 40.0 0 0 1 0 1 0 -1 0 0 3001.DAT
0 STEP
1 86 350.0 -552 30.0 0 0 1 0 1 0 -1 0 0 3622.DAT
0 STEP
1 86 350.0 -624 60.0 0 0 1 0 1 0 -1 0 0 3009.DAT
0 STEP
1 86 360.0 -672 30.0 0 0 1 0 1 0 -1 0 0 3002.DAT
0 STEP
1 86 350.0 -744 10.0 0 0 1 0 1 0 -1 0 0 3005.DAT
0 STEP
1 86 380.0 -768 10.0 -1 0 0 0 1 0 0 0 -1 3010.DAT
0 STEP
1 86 370.0 -120 30.0 -1 0 0 0 1 0 0 0 -1 3622.DAT
0 STEP
1 86 400.0 -216 30.0 -1 0 0 0 1 0 0 0 -1 3009.DAT
0 STEP
1 86 370.0 -312 30.0 -1 0 0 0 1 0 0 0 -1 3622.DAT
0 STEP
1 86 350.0 -384 30.0 0 0 1 0 1 0 -1 0 0 3005.DAT
0 STEP
1 86 350.0 -768 50.0 0 0 1 0 1 0 -1 0 0 3622.DAT
0 STEP
1 86 360.0 -840 60.0 0 0 1 0 1 0 -1 0 0 3001.DAT
0 STEP
1 86 360.0 -24 70.0 0 0 1 0 1 0 -1 0 0 3002.DAT
0 STEP
1 86 380.0 -72 50.0 -1 0 0 0 1 0 0 0 -1 3010.DAT
0 STEP
1 86 360.0 -96 80.0 0 0 1 0 1 0 -1 0 0 3001.DAT
0 STEP
1 86 360.0 -168 70.0 0 0 1 0 1 0 -1 0 0 3002.DAT
0 STEP
1 86 400.0 -312 50.0 -1 0 0 0 1 0 0 0 -1 3009.DAT
0 STEP
1 86 350.0 -384 80.0 0 0 1 0 1 0 -1 0 0 3010.DAT
0 STEP
1 86 360.0 -480 80.0 0 0 1 0 1 0 -1 0 0 3001.DAT
0 STEP
1 86 360.0 -744 80.0 0 0 1 0 1 0 -1 0 0 3001.DAT
0 STEP
1 86 380.0 0 70.0 -1 0 0 0 1 0 0 0 -1 3010.DAT
0 STEP
1 86 350.0 -72 70.0 0 0 1 0 1 0 -1 0 0 3005.DAT
0 STEP
1 86 360.0 -312 90.0 0 0 1 0 1 0 -1 0 0 3002.DAT
0 STEP
1 86 350.0 -432 90.0 0 0 1 0 1 0 -1 0 0 3622.DAT
0 STEP
1 86 380.0 -552 70.0 -1 0 0 0 1 0 0 0 -1 3010.DAT
0 STEP
1 86 380.0 -672 70.0 -1 0 0 0 1 0 0 0 -1 3010.DAT
0 STEP
1 86 350.0 -336 100.0 0 0 1 0 1 0 -1 0 0 3004.DAT
0 STEP
1 86 380.0 -504 100.0 -1 0 0 0 1 0 0 0 -1 3001.DAT
0 STEP
1 86 350.0 -552 100.0 0 0 1 0 1 0 -1 0 0 3004.DAT
0 STEP
1 86 380.0 0 110.0 -1 0 0 0 1 0 0 0 -1 3010.DAT
0 STEP
1 86 420.0 -120 110.0 -1 0 0 0 1 0 0 0 -1 3008.DAT
0 STEP
1 86 380.0 -168 110.0 -1 0 0 0 1 0 0 0 -1 3010.DAT
0 STEP
1 86 420.0 -288 110.0 -1 0 0 0 1 0 0 0 -1 3008.DAT
0 STEP
1 86 400.0 -768 110.0 -1 0 0 0 1 0 0 0 -1 3009.DAT
0 STEP
1 86 350.0 -816 110.0 0 0 1 0 1 0 -1 0 0 3005.DAT
0 STEP
1 86 350.0 -864 110.0 0 0 1 0 1 0 -1 0 0 3005.DAT
0 STEP
1 86 420.0 -24 20.0 -1 0 0 0 1 0 0 0 -1 2456.DAT
0 STEP
1 86 400.0 -72 20.0 -1 0 0 0 1 0 0 0 -1 3001.DAT
0 STEP
1 86 420.0 -144 10.0 -1 0 0 0 1 0 0 0 -1 3009.DAT
0 STEP
1 86 380.0 -192 60.0 0 0 1 0 1 0 -1 0 0 2456.DAT
0 STEP
1 86 370.0 -240 10.0 0 0 1 0 1 0 -1 0 0 3005.DAT
0 STEP
1 86 380.0 -288 30.0 0 0 1 0 1 0 -1 0 0 3002.DAT
0 STEP
1 86 380.0 -456 30.0 0 0 1 0 1 0 -1 0 0 3002.DAT
0 STEP
1 86 370.0 -552 20.0 0 0 1 0 1 0 -1 0 0 3004.DAT
0 STEP
1 86 380.0 -600 40.0 0 0 1 0 1 0 -1 0 0 3001.DAT
0 STEP
1 86 400.0 -624 10.0 -1 0 0 0 1 0 0 0 -1 3010.DAT
0 STEP
1 86 400.0 -744 10.0 -1 0 0 0 1 0 0 0 -1 3010.DAT
0 STEP
1 86 400.0 -816 20.0 -1 0 0 0 1 0 0 0 -1 3001.DAT
0 STEP
1 86 400.0 -864 20.0 -1 0 0 0 1 0 0 0 -1 3001.DAT
0 STEP
1 86 370.0 -888 10.0 0 0 1 0 1 0 -1 0 0 3005.DAT
0 STEP
1 86 400.0 -144 40.0 -1 0 0 0 1 0 0 0 -1 3001.DAT
0 STEP
1 86 370.0 -240 60.0 0 0 1 0 1 0 -1 0 0 3010.DAT
0 STEP
1 86 380.0 -384 60.0 0 0 1 0 1 0 -1 0 0 3001.DAT
0 STEP
1 86 370.0 -576 50.0 0 0 1 0 1 0 -1 0 0 3622.DAT
0 STEP
1 86 400.0 -624 40.0 -1 0 0 0 1 0 0 0 -1 3001.DAT
0 STEP
1 86 400.0 -768 30.0 -1 0 0 0 1 0 0 0 -1 3010.DAT
0 STEP
1 86 370.0 -48 80.0 0 0 1 0 1 0 -1 0 0 3010.DAT
0 STEP
1 86 400.0 -552 50.0 -1 0 0 0 1 0 0 0 -1 3010.DAT
0 STEP
1 86 370.0 -696 80.0 0 0 1 0 1 0 -1 0 0 3010.DAT
0 STEP
1 86 370.0 -768 60.0 0 0 1 0 1 0 -1 0 0 3004.DAT
0 STEP
1 86 400.0 -816 50.0 -1 0 0 0 1 0 0 0 -1 3010.DAT
0 STEP
1 86 380.0 -864 80.0 0 0 1 0 1 0 -1 0 0 3001.DAT
0 STEP
1 86 400.0 -72 70.0 -1 0 0 0 1 0 0 0 -1 3010.DAT
0 STEP
1 86 370.0 -144 90.0 0 0 1 0 1 0 -1 0 0 3622.DAT
0 STEP
1 86 440.0 -288 70.0 -1 0 0 0 1 0 0 0 -1 3008.DAT
0 STEP
1 86 380.0 -432 90.0 0 0 1 0 1 0 -1 0 0 3002.DAT
0 STEP
1 86 380.0 -624 90.0 0 0 1 0 1 0 -1 0 0 3002.DAT
0 STEP
1 86 380.0 -816 80.0 0 0 1 0 1 0 -1 0 0 3003.DAT
0 STEP
1 86 400.0 -336 100.0 -1 0 0 0 1 0 0 0 -1 3001.DAT
0 STEP
1 86 370.0 -456 90.0 0 0 1 0 1 0 -1 0 0 3005.DAT
0 STEP
1 86 400.0 -552 90.0 -1 0 0 0 1 0 0 0 -1 3010.DAT
0 STEP
1 86 370.0 -720 90.0 0 0 1 0 1 0 -1 0 0 3005.DAT
0 STEP
1 86 380.0 -384 110.0 -1 0 0 0 1 0 0 0 -1 3004.DAT
0 STEP
1 86 380.0 -456 140.0 0 0 1 0 1 0 -1 0 0 3001.DAT
0 STEP
1 86 370.0 -552 110.0 0 0 1 0 1 0 -1 0 0 3005.DAT
0 STEP
1 86 440.0 -816 110.0 -1 0 0 0 1 0 0 0 -1 3008.DAT
0 STEP
1 86 390.0 0 20.0 0 0 1 0 1 0 -1 0 0 3004.DAT
0 STEP
1 86 390.0 -48 40.0 0 0 1 0 1 0 -1 0 0 3010.DAT
0 STEP
1 86 440.0 -96 10.0 -1 0 0 0 1 0 0 0 -1 3009.DAT
0 STEP
1 86 390.0 -168 40.0 0 0 1 0 1 0 -1 0 0 3010.DAT
0 STEP
1 86 400.0 -240 40.0 0 0 1 0 1 0 -1 0 0 3001.DAT
0 STEP
1 86 390.0 -336 40.0 0 0 1 0 1 0 -1 0 0 3010.DAT
0 STEP
1 86 420.0 -408 20.0 -1 0 0 0 1 0 0 0 -1 3001.DAT
0 STEP
1 86 420.0 -504 10.0 -1 0 0 0 1 0 0 0 -1 3010.DAT
0 STEP
1 86 420.0 -552 20.0 -1 0 0 0 1 0 0 0 -1 3001.DAT
0 STEP
1 86 390.0 -648 20.0 0 0 1 0 1 0 -1 0 0 3004.DAT
0 STEP
1 86 420.0 -672 10.0 -1 0 0 0 1 0 0 0 -1 3010.DAT
0 STEP
1 86 390.0 -720 40.0 0 0 1 0 1 0 -1 0 0 3010.DAT
0 STEP
1 86 390.0 -792 30.0 0 0 1 0 1 0 -1 0 0 3622.DAT
0 STEP
1 86 400.0 -888 30.0 0 0 1 0 1 0 -1 0 0 3002.DAT
0 STEP
1 86 390.0 -96 60.0 0 0 1 0 1 0 -1 0 0 3010.DAT
0 STEP
1 86 420.0 -504 40.0 -1 0 0 0 1 0 0 0 -1 3001.DAT
0 STEP
1 86 400.0 -576 60.0 0 0 1 0 1 0 -1 0 0 3001.DAT
0 STEP
1 86 420.0 -672 40.0 -1 0 0 0 1 0 0 0 -1 3001.DAT
0 STEP
1 86 400.0 -744 40.0 0 0 1 0 1 0 -1 0 0 3003.DAT
0 STEP
1 86 400.0 -840 60.0 0 0 1 0 1 0 -1 0 0 3001.DAT
0 STEP
1 86 390.0 -24 80.0 0 0 1 0 1 0 -1 0 0 3010.DAT
0 STEP
1 86 410.0 -360 60.0 -1 0 0 0 1 0 0 0 -1 3002.DAT
0 STEP
1 86 400.0 -408 80.0 0 0 1 0 1 0 -1 0 0 3001.DAT
0 STEP
1 86 400.0 -480 80.0 0 0 1 0 1 0 -1 0 0 3001.DAT
0 STEP
1 86 390.0 -528 80.0 0 0 1 0 1 0 -1 0 0 3010.DAT
0 STEP
1 86 400.0 -696 80.0 0 0 1 0 1 0 -1 0 0 3001.DAT
0 STEP
1 86 420.0 -768 60.0 -1 0 0 0 1 0 0 0 -1 3001.DAT
0 STEP
1 86 400.0 -144 90.0 0 0 1 0 1 0 -1 0 0 3002.DAT
0 STEP
1 86 400.0 -312 90.0 0 0 1 0 1 0 -1 0 0 3002.DAT
0 STEP
1 86 400.0 -504 70.0 -1 0 0 0 1 0 0 0 -1 3004.DAT
0 STEP
1 86 390.0 -648 80.0 0 0 1 0 1 0 -1 0 0 3004.DAT
0 STEP
1 86 400.0 -744 90.0 0 0 1 0 1 0 -1 0 0 3002.DAT
0 STEP
1 86 390.0 -48 90.0 0 0 1 0 1 0 -1 0 0 3005.DAT
0 STEP
1 86 390.0 -168 90.0 0 0 1 0 1 0 -1 0 0 3005.DAT
0 STEP
1 86 400.0 -240 90.0 -1 0 0 0 1 0 0 0 -1 3004.DAT
0 STEP
1 86 390.0 -264 100.0 0 0 1 0 1 0 -1 0 0 3004.DAT
0 STEP
1 86 410.0 -360 100.0 -1 0 0 0 1 0 0 0 -1 3002.DAT
0 STEP
1 86 420.0 -456 90.0 -1 0 0 0 1 0 0 0 -1 3010.DAT
0 STEP
1 86 460.0 -720 90.0 -1 0 0 0 1 0 0 0 -1 3008.DAT
0 STEP
1 86 400.0 -792 100.0 0 0 1 0 1 0 -1 0 0 3003.DAT
0 STEP
1 86 400.0 -48 110.0 -1 0 0 0 1 0 0 0 -1 3004.DAT
0 STEP
1 86 390.0 -72 110.0 0 0 1 0 1 0 -1 0 0 3005.DAT
0 STEP
1 86 390.0 -96 110.0 0 0 1 0 1 0 -1 0 0 3005.DAT
0 STEP
1 86 460.0 -240 110.0 -1 0 0 0 1 0 0 0 -1 3008.DAT
0 STEP
1 86 420.0 -552 110.0 -1 0 0 0 1 0 0 0 -1 3010.DAT
0 STEP
1 86 390.0 -600 110.0 0 0 1 0 1 0 -1 0 0 3005.DAT
0 STEP
1 86 420.0 -672 110.0 -1 0 0 0 1 0 0 0 -1 3010.DAT
0 STEP
1 86 420.0 -720 110.0 -1 0 0 0 1 0 0 0 -1 3010.DAT
0 STEP
1 86 410.0 0 30.0 0 0 1 0 1 0 -1 0 0 3622.DAT
0 STEP
1 86 410.0 -48 10.0 0 0 1 0 1 0 -1 0 0 3005.DAT
0 STEP
1 86 410.0 -120 40.0 0 0 1 0 1 0 -1 0 0 3010.DAT
0 STEP
1 86 420.0 -168 30.0 0 0 1 0 1 0 -1 0 0 3002.DAT
0 STEP
1 86 440.0 -192 20.0 -1 0 0 0 1 0 0 0 -1 3001.DAT
0 STEP
1 86 430.0 -216 10.0 -1 0 0 0 1 0 0 0 -1 3622.DAT
0 STEP
1 86 420.0 -288 30.0 0 0 1 0 1 0 -1 0 0 3002.DAT
0 STEP
1 86 420.0 -336 40.0 0 0 1 0 1 0 -1 0 0 3001.DAT
0 STEP
1 86 410.0 -384 60.0 0 0 1 0 1 0 -1 0 0 3009.DAT
0 STEP
1 86 410.0 -432 60.0 0 0 1 0 1 0 -1 0 0 3009.DAT
0 STEP
1 86 420.0 -456 30.0 0 0 1 0 1 0 -1 0 0 3002.DAT
0 STEP
1 86 410.0 -528 60.0 0 0 1 0 1 0 -1 0 0 3009.DAT
0 STEP
1 86 410.0 -576 10.0 0 0 1 0 1 0 -1 0 0 3005.DAT
0 STEP
1 86 410.0 -600 60.0 0 0 1 0 1 0 -1 0 0 3009.DAT
0 STEP
1 86 410.0 -648 10.0 0 0 1 0 1 0 -1 0 0 3005.DAT
0 STEP
1 86 440.0 -720 20.0 -1 0 0 0 1 0 0 0 -1 3001.DAT
0 STEP
1 86 410.0 -792 40.0 0 0 1 0 1 0 -1 0 0 3010.DAT
0 STEP
1 86 410.0 -48 60.0 0 0 1 0 1 0 -1 0 0 3010.DAT
0 STEP
1 86 440.0 -96 30.0 -1 0 0 0 1 0 0 0 -1 3010.DAT
0 STEP
1 86 440.0 -312 30.0 -1 0 0 0 1 0 0 0 -1 3010.DAT
0 STEP
1 86 410.0 -648 60.0 0 0 1 0 1 0 -1 0 0 3010.DAT
0 STEP
1 86 420.0 -696 30.0 -1 0 0 0 1 0 0 0 -1 3004.DAT
0 STEP
1 86 410.0 -24 70.0 0 0 1 0 1 0 -1 0 0 3622.DAT
0 STEP
1 86 420.0 -96 80.0 0 0 1 0 1 0 -1 0 0 3001.DAT
0 STEP
1 86 410.0 -192 70.0 0 0 1 0 1 0 -1 0 0 3622.DAT
0 STEP
1 86 420.0 -264 80.0 0 0 1 0 1 0 -1 0 0 3001.DAT
0 STEP
1 86 440.0 -720 60.0 -1 0 0 0 1 0 0 0 -1 3001.DAT
0 STEP
1 86 420.0 -864 80.0 0 0 1 0 1 0 -1 0 0 3001.DAT
0 STEP
1 86 420.0 -168 80.0 0 0 1 0 1 0 -1 0 0 3003.DAT
0 STEP
1 86 410.0 -624 70.0 0 0 1 0 1 0 -1 0 0 3005.DAT
0 STEP
1 86 420.0 -816 70.0 -1 0 0 0 1 0 0 0 -1 3004.DAT
0 STEP
1 86 410.0 0 90.0 0 0 1 0 1 0 -1 0 0 3005.DAT
0 STEP
1 86 430.0 -120 90.0 -1 0 0 0 1 0 0 0 -1 3622.DAT
0 STEP
1 86 420.0 -624 100.0 0 0 1 0 1 0 -1 0 0 3003.DAT
0 STEP
1 86 410.0 -768 90.0 0 0 1 0 1 0 -1 0 0 3005.DAT
0 STEP
1 86 440.0 -816 90.0 -1 0 0 0 1 0 0 0 -1 3010.DAT
0 STEP
1 86 460.0 -24 110.0 -1 0 0 0 1 0 0 0 -1 3009.DAT
0 STEP
1 86 440.0 -72 110.0 -1 0 0 0 1 0 0 0 -1 3010.DAT
0 STEP
1 86 440.0 -192 110.0 -1 0 0 0 1 0 0 0 -1 3010.DAT
0 STEP
1 86 420.0 -456 140.0 0 0 1 0 1 0 -1 0 0 3001.DAT
0 STEP
1 86 410.0 -576 110.0 0 0 1 0 1 0 -1 0 0 3005.DAT
0 STEP
1 86 410.0 -840 110.0 0 0 1 0 1 0 -1 0 0 3005.DAT
0 STEP
1 86 440.0 0 60.0 0 0 1 0 1 0 -1 0 0 2456.DAT
0 STEP
1 86 430.0 -48 60.0 0 0 1 0 1 0 -1 0 0 3009.DAT
0 STEP
1 86 440.0 -120 40.0 0 0 1 0 1 0 -1 0 0 3001.DAT
0 STEP
1 86 460.0 -240 10.0 -1 0 0 0 1 0 0 0 -1 3010.DAT
0 STEP
1 86 430.0 -360 20.0 0 0 1 0 1 0 -1 0 0 3004.DAT
0 STEP
1 86 440.0 -384 60.0 0 0 1 0 1 0 -1 0 0 2456.DAT
0 STEP
1 86 440.0 -432 60.0 0 0 1 0 1 0 -1 0 0 2456.DAT
0 STEP
1 86 440.0 -480 30.0 0 0 1 0 1 0 -1 0 0 3002.DAT
0 STEP
1 86 430.0 -528 30.0 0 0 1 0 1 0 -1 0 0 3622.DAT
0 STEP
1 86 500.0 -576 10.0 -1 0 0 0 1 0 0 0 -1 3008.DAT
0 STEP
1 86 460.0 -600 20.0 -1 0 0 0 1 0 0 0 -1 3001.DAT
0 STEP
1 86 430.0 -648 30.0 0 0 1 0 1 0 -1 0 0 3622.DAT
0 STEP
1 86 430.0 -768 10.0 0 0 1 0 1 0 -1 0 0 3005.DAT
0 STEP
1 86 460.0 -792 20.0 -1 0 0 0 1 0 0 0 -1 3001.DAT
0 STEP
1 86 430.0 -888 40.0 0 0 1 0 1 0 -1 0 0 3010.DAT
0 STEP
1 86 460.0 -240 40.0 -1 0 0 0 1 0 0 0 -1 3001.DAT
0 STEP
1 86 440.0 -576 40.0 0 0 1 0 1 0 -1 0 0 3003.DAT
0 STEP
1 86 500.0 -744 30.0 -1 0 0 0 1 0 0 0 -1 3008.DAT
0 STEP
1 86 500.0 -840 30.0 -1 0 0 0 1 0 0 0 -1 3008.DAT
0 STEP
1 86 440.0 -24 70.0 0 0 1 0 1 0 -1 0 0 3002.DAT
0 STEP
1 86 430.0 -72 50.0 0 0 1 0 1 0 -1 0 0 3005.DAT
0 STEP
1 86 460.0 -192 60.0 -1 0 0 0 1 0 0 0 -1 3001.DAT
0 STEP
1 86 440.0 -408 80.0 0 0 1 0 1 0 -1 0 0 3001.DAT
0 STEP
1 86 460.0 -600 50.0 -1 0 0 0 1 0 0 0 -1 3010.DAT
0 STEP
1 86 500.0 -696 50.0 -1 0 0 0 1 0 0 0 -1 3008.DAT
0 STEP
1 86 430.0 -744 80.0 0 0 1 0 1 0 -1 0 0 3010.DAT
0 STEP
1 86 440.0 -792 80.0 0 0 1 0 1 0 -1 0 0 3001.DAT
0 STEP
1 86 440.0 -840 80.0 0 0 1 0 1 0 -1 0 0 3001.DAT
0 STEP
1 86 430.0 -144 90.0 0 0 1 0 1 0 -1 0 0 3622.DAT
0 STEP
1 86 460.0 -240 80.0 -1 0 0 0 1 0 0 0 -1 3001.DAT
0 STEP
1 86 440.0 -312 90.0 0 0 1 0 1 0 -1 0 0 3002.DAT
0 STEP
1 86 460.0 -192 90.0 -1 0 0 0 1 0 0 0 -1 3010.DAT
0 STEP
1 86 430.0 -480 120.0 0 0 1 0 1 0 -1 0 0 3010.DAT
0 STEP
1 86 430.0 -504 90.0 0 0 1 0 1 0 -1 0 0 3005.DAT
0 STEP
1 86 430.0 -528 90.0 0 0 1 0 1 0 -1 0 0 3005.DAT
0 STEP
1 86 430.0 -576 120.0 0 0 1 0 1 0 -1 0 0 3010.DAT
0 STEP
1 86 430.0 -600 90.0 0 0 1 0 1 0 -1 0 0 3005.DAT
0 STEP
1 86 430.0 -648 90.0 0 0 1 0 1 0 -1 0 0 3005.DAT
0 STEP
1 86 460.0 -696 100.0 -1 0 0 0 1 0 0 0 -1 3001.DAT
0 STEP
1 86 500.0 -768 90.0 -1 0 0 0 1 0 0 0 -1 3008.DAT
0 STEP
1 86 430.0 -168 110.0 0 0 1 0 1 0 -1 0 0 3005.DAT
0 STEP
1 86 440.0 -504 140.0 0 0 1 0 1 0 -1 0 0 3001.DAT
0 STEP
1 86 440.0 -528 140.0 0 0 1 0 1 0 -1 0 0 3001.DAT
0 STEP
1 86 440.0 -600 140.0 0 0 1 0 1 0 -1 0 0 3001.DAT
0 STEP
1 86 440.0 -648 140.0 0 0 1 0 1 0 -1 0 0 3001.DAT
0 STEP
1 86 450.0 -552 130.0 -1 0 0 0 1 0 0 0 -1 3622.DAT
0 STEP
1 86 430.0 -624 140.0 0 0 1 0 1 0 -1 0 0 3004.DAT
0 STEP
1 86 440.0 -672 130.0 -1 0 0 0 1 0 0 0 -1 3004.DAT
0 STEP
1 86 460.0 -696 140.0 -1 0 0 0 1 0 0 0 -1 3001.DAT
0 STEP
1 86 450.0 -552 160.0 -1 0 0 0 1 0 0 0 -1 3002.DAT
0 STEP
1 86 430.0 -672 160.0 0 0 1 0 1 0 -1 0 0 3004.DAT
0 STEP
1 86 430.0 -480 170.0 0 0 1 0 1 0 -1 0 0 3005.DAT
0 STEP
1 86 430.0 -576 170.0 0 0 1 0 1 0 -1 0 0 3005.DAT
0 STEP
1 86 480.0 -624 170.0 -1 0 0 0 1 0 0 0 -1 3009.DAT
0 STEP
1 86 480.0 -696 170.0 -1 0 0 0 1 0 0 0 -1 3009.DAT
0 STEP
1 86 450.0 -48 10.0 0 0 1 0 1 0 -1 0 0 3005.DAT
0 STEP
1 86 450.0 -72 40.0 0 0 1 0 1 0 -1 0 0 3010.DAT
0 STEP
1 86 450.0 -168 40.0 0 0 1 0 1 0 -1 0 0 3010.DAT
0 STEP
1 86 450.0 -264 60.0 0 0 1 0 1 0 -1 0 0 3009.DAT
0 STEP
1 86 500.0 -288 20.0 -1 0 0 0 1 0 0 0 -1 2456.DAT
0 STEP
1 86 450.0 -336 10.0 0 0 1 0 1 0 -1 0 0 3005.DAT
0 STEP
1 86 460.0 -360 60.0 0 0 1 0 1 0 -1 0 0 2456.DAT
0 STEP
1 86 450.0 -456 30.0 0 0 1 0 1 0 -1 0 0 3622.DAT
0 STEP
1 86 520.0 -528 10.0 -1 0 0 0 1 0 0 0 -1 3008.DAT
0 STEP
1 86 450.0 -624 30.0 0 0 1 0 1 0 -1 0 0 3622.DAT
0 STEP
1 86 480.0 -648 20.0 -1 0 0 0 1 0 0 0 -1 3001.DAT
0 STEP
1 86 500.0 -744 10.0 -1 0 0 0 1 0 0 0 -1 3009.DAT
0 STEP
1 86 450.0 -768 20.0 0 0 1 0 1 0 -1 0 0 3004.DAT
0 STEP
1 86 450.0 -816 40.0 0 0 1 0 1 0 -1 0 0 3010.DAT
0 STEP
1 86 480.0 -864 10.0 -1 0 0 0 1 0 0 0 -1 3010.DAT
0 STEP
1 86 470.0 -888 10.0 -1 0 0 0 1 0 0 0 -1 3622.DAT
0 STEP
1 86 450.0 -48 60.0 0 0 1 0 1 0 -1 0 0 3010.DAT
0 STEP
1 86 460.0 -144 30.0 -1 0 0 0 1 0 0 0 -1 3004.DAT
0 STEP
1 86 480.0 -336 40.0 -1 0 0 0 1 0 0 0 -1 3001.DAT
0 STEP
1 86 480.0 -528 40.0 -1 0 0 0 1 0 0 0 -1 3001.DAT
0 STEP
1 86 520.0 -696 30.0 -1 0 0 0 1 0 0 0 -1 3008.DAT
0 STEP
1 86 450.0 -864 60.0 0 0 1 0 1 0 -1 0 0 3010.DAT
0 STEP
1 86 470.0 -888 40.0 -1 0 0 0 1 0 0 0 -1 3002.DAT
0 STEP
1 86 450.0 -96 80.0 0 0 1 0 1 0 -1 0 0 3010.DAT
0 STEP
1 86 460.0 -144 80.0 0 0 1 0 1 0 -1 0 0 3001.DAT
0 STEP
1 86 460.0 -216 80.0 0 0 1 0 1 0 -1 0 0 3001.DAT
0 STEP
1 86 480.0 -288 50.0 -1 0 0 0 1 0 0 0 -1 3010.DAT
0 STEP
1 86 450.0 -552 50.0 0 0 1 0 1 0 -1 0 0 3005.DAT
0 STEP
1 86 520.0 -648 50.0 -1 0 0 0 1 0 0 0 -1 3008.DAT
0 STEP
1 86 460.0 -744 80.0 0 0 1 0 1 0 -1 0 0 3001.DAT
0 STEP
1 86 450.0 -336 90.0 0 0 1 0 1 0 -1 0 0 3622.DAT
0 STEP
1 86 450.0 -888 70.0 0 0 1 0 1 0 -1 0 0 3005.DAT
0 STEP
1 86 450.0 -168 90.0 0 0 1 0 1 0 -1 0 0 3005.DAT
0 STEP
1 86 450.0 -48 110.0 0 0 1 0 1 0 -1 0 0 3005.DAT
0 STEP
1 86 500.0 -168 110.0 -1 0 0 0 1 0 0 0 -1 3009.DAT
0 STEP
1 86 460.0 -456 180.0 0 0 1 0 1 0 -1 0 0 3007.DAT
0 STEP
1 86 460.0 -480 140.0 0 0 1 0 1 0 -1 0 0 3001.DAT
0 STEP
1 86 450.0 -576 140.0 0 0 1 0 1 0 -1 0 0 3010.DAT
0 STEP
1 86 450.0 -624 110.0 0 0 1 0 1 0 -1 0 0 3005.DAT
0 STEP
1 86 450.0 -864 110.0 0 0 1 0 1 0 -1 0 0 3005.DAT
0 STEP
1 86 500.0 -624 140.0 -1 0 0 0 1 0 0 0 -1 2456.DAT
0 STEP
1 86 500.0 -672 160.0 -1 0 0 0 1 0 0 0 -1 2456.DAT
0 STEP
1 86 520.0 -456 320.0 -1 0 0 0 1 0 0 0 -1 3007.DAT
0 STEP
1 18 450.0 -456 350.0 0 0 1 0 1 0 -1 0 0 3005.DAT
0 STEP
1 86 520.0 0 20.0 -1 0 0 0 1 0 0 0 -1 2456.DAT
0 STEP
1 86 480.0 -48 40.0 0 0 1 0 1 0 -1 0 0 3001.DAT
0 STEP
1 86 500.0 -72 20.0 -1 0 0 0 1 0 0 0 -1 3001.DAT
0 STEP
1 86 500.0 -120 10.0 -1 0 0 0 1 0 0 0 -1 3010.DAT
0 STEP
1 86 470.0 -168 10.0 0 0 1 0 1 0 -1 0 0 3005.DAT
0 STEP
1 86 500.0 -216 20.0 -1 0 0 0 1 0 0 0 -1 3001.DAT
0 STEP
1 86 480.0 -264 40.0 0 0 1 0 1 0 -1 0 0 3001.DAT
0 STEP
1 86 500.0 -336 10.0 -1 0 0 0 1 0 0 0 -1 3010.DAT
0 STEP
1 86 470.0 -384 60.0 0 0 1 0 1 0 -1 0 0 3009.DAT
0 STEP
1 86 480.0 -408 60.0 0 0 1 0 1 0 -1 0 0 2456.DAT
0 STEP
1 86 480.0 -432 60.0 0 0 1 0 1 0 -1 0 0 2456.DAT
0 STEP
1 86 480.0 -456 30.0 0 0 1 0 1 0 -1 0 0 3002.DAT
0 STEP
1 86 480.0 -480 30.0 0 0 1 0 1 0 -1 0 0 3002.DAT
0 STEP
1 86 480.0 -504 30.0 0 0 1 0 1 0 -1 0 0 3002.DAT
0 STEP
1 86 480.0 -552 30.0 0 0 1 0 1 0 -1 0 0 3002.DAT
0 STEP
1 86 480.0 -624 30.0 0 0 1 0 1 0 -1 0 0 3002.DAT
0 STEP
1 86 480.0 -672 30.0 0 0 1 0 1 0 -1 0 0 3002.DAT
0 STEP
1 86 480.0 -768 40.0 0 0 1 0 1 0 -1 0 0 3001.DAT
0 STEP
1 86 480.0 -816 40.0 0 0 1 0 1 0 -1 0 0 3001.DAT
0 STEP
1 86 470.0 -840 10.0 0 0 1 0 1 0 -1 0 0 3005.DAT
0 STEP
1 86 480.0 -120 60.0 0 0 1 0 1 0 -1 0 0 3001.DAT
0 STEP
1 86 500.0 -168 30.0 -1 0 0 0 1 0 0 0 -1 3010.DAT
0 STEP
1 86 520.0 -576 30.0 -1 0 0 0 1 0 0 0 -1 3009.DAT
0 STEP
1 86 470.0 -864 30.0 0 0 1 0 1 0 -1 0 0 3005.DAT
0 STEP
1 86 500.0 0 50.0 -1 0 0 0 1 0 0 0 -1 3010.DAT
0 STEP
1 86 470.0 -24 70.0 0 0 1 0 1 0 -1 0 0 3622.DAT
0 STEP
1 86 470.0 -72 60.0 0 0 1 0 1 0 -1 0 0 3004.DAT
0 STEP
1 86 480.0 -96 60.0 0 0 1 0 1 0 -1 0 0 3003.DAT
0 STEP
1 86 470.0 -168 70.0 0 0 1 0 1 0 -1 0 0 3622.DAT
0 STEP
1 86 470.0 -312 80.0 0 0 1 0 1 0 -1 0 0 3010.DAT
0 STEP
1 86 470.0 -576 50.0 0 0 1 0 1 0 -1 0 0 3005.DAT
0 STEP
1 86 470.0 -792 80.0 0 0 1 0 1 0 -1 0 0 3010.DAT
0 STEP
1 86 520.0 -840 60.0 -1 0 0 0 1 0 0 0 -1 2456.DAT
0 STEP
1 86 470.0 -864 80.0 0 0 1 0 1 0 -1 0 0 3010.DAT
0 STEP
1 86 500.0 0 80.0 -1 0 0 0 1 0 0 0 -1 3001.DAT
0 STEP
1 86 480.0 -336 90.0 0 0 1 0 1 0 -1 0 0 3002.DAT
0 STEP
1 86 520.0 -888 70.0 -1 0 0 0 1 0 0 0 -1 3009.DAT
0 STEP
1 86 500.0 -48 90.0 -1 0 0 0 1 0 0 0 -1 3010.DAT
0 STEP
1 86 500.0 -96 100.0 -1 0 0 0 1 0 0 0 -1 3001.DAT
0 STEP
1 86 500.0 -264 100.0 -1 0 0 0 1 0 0 0 -1 3001.DAT
0 STEP
1 86 470.0 -456 90.0 0 0 1 0 1 0 -1 0 0 3005.DAT
0 STEP
1 86 520.0 -840 100.0 -1 0 0 0 1 0 0 0 -1 2456.DAT
0 STEP
1 86 500.0 0 110.0 -1 0 0 0 1 0 0 0 -1 3010.DAT
0 STEP
1 86 520.0 -48 110.0 -1 0 0 0 1 0 0 0 -1 3009.DAT
0 STEP
1 86 470.0 -672 120.0 0 0 1 0 1 0 -1 0 0 3004.DAT
0 STEP
1 86 470.0 -720 110.0 0 0 1 0 1 0 -1 0 0 3005.DAT
0 STEP
1 86 540.0 -768 110.0 -1 0 0 0 1 0 0 0 -1 3008.DAT
0 STEP
1 86 470.0 -504 150.0 0 0 1 0 1 0 -1 0 0 3622.DAT
0 STEP
1 86 480.0 -528 150.0 0 0 1 0 1 0 -1 0 0 3002.DAT
0 STEP
1 86 500.0 -576 140.0 -1 0 0 0 1 0 0 0 -1 3001.DAT
0 STEP
1 86 480.0 -600 150.0 0 0 1 0 1 0 -1 0 0 3002.DAT
0 STEP
1 86 480.0 -648 150.0 0 0 1 0 1 0 -1 0 0 3002.DAT
0 STEP
1 86 470.0 -576 170.0 0 0 1 0 1 0 -1 0 0 3005.DAT
0 STEP
1 86 470.0 -480 280.0 0 0 1 0 1 0 -1 0 0 3010.DAT
0 STEP
1 19 540.0 -456 350.0 -1 0 0 0 1 0 0 0 -1 3008.DAT
0 STEP
1 86 500.0 -24 10.0 -1 0 0 0 1 0 0 0 -1 3004.DAT
0 STEP
1 86 490.0 -144 60.0 0 0 1 0 1 0 -1 0 0 3009.DAT
0 STEP
1 86 520.0 -168 10.0 -1 0 0 0 1 0 0 0 -1 3010.DAT
0 STEP
1 86 490.0 -192 20.0 0 0 1 0 1 0 -1 0 0 3004.DAT
0 STEP
1 86 490.0 -360 60.0 0 0 1 0 1 0 -1 0 0 3009.DAT
0 STEP
1 86 500.0 -384 10.0 -1 0 0 0 1 0 0 0 -1 3004.DAT
0 STEP
1 86 540.0 -696 10.0 -1 0 0 0 1 0 0 0 -1 3009.DAT
0 STEP
1 86 500.0 -720 40.0 0 0 1 0 1 0 -1 0 0 3001.DAT
0 STEP
1 86 540.0 -840 10.0 -1 0 0 0 1 0 0 0 -1 3009.DAT
0 STEP
1 86 500.0 -24 60.0 0 0 1 0 1 0 -1 0 0 3001.DAT
0 STEP
1 86 490.0 -96 30.0 0 0 1 0 1 0 -1 0 0 3005.DAT
0 STEP
1 86 490.0 -312 60.0 0 0 1 0 1 0 -1 0 0 3010.DAT
0 STEP
1 86 500.0 -384 60.0 0 0 1 0 1 0 -1 0 0 3001.DAT
0 STEP
1 86 500.0 -864 60.0 0 0 1 0 1 0 -1 0 0 3001.DAT
0 STEP
1 86 520.0 -72 50.0 -1 0 0 0 1 0 0 0 -1 3010.DAT
0 STEP
1 86 520.0 -168 50.0 -1 0 0 0 1 0 0 0 -1 3010.DAT
0 STEP
1 86 490.0 -216 80.0 0 0 1 0 1 0 -1 0 0 3010.DAT
0 STEP
1 86 540.0 -576 50.0 -1 0 0 0 1 0 0 0 -1 3009.DAT
0 STEP
1 86 520.0 -744 60.0 -1 0 0 0 1 0 0 0 -1 3001.DAT
0 STEP
1 86 500.0 -792 80.0 0 0 1 0 1 0 -1 0 0 3001.DAT
0 STEP
1 86 500.0 -72 90.0 0 0 1 0 1 0 -1 0 0 3002.DAT
0 STEP
1 86 520.0 -168 80.0 -1 0 0 0 1 0 0 0 -1 3001.DAT
0 STEP
1 86 520.0 -288 90.0 -1 0 0 0 1 0 0 0 -1 3010.DAT
0 STEP
1 86 560.0 -456 90.0 -1 0 0 0 1 0 0 0 -1 3008.DAT
0 STEP
1 86 500.0 -744 100.0 0 0 1 0 1 0 -1 0 0 3003.DAT
0 STEP
1 86 490.0 -816 90.0 0 0 1 0 1 0 -1 0 0 3005.DAT
0 STEP
1 86 490.0 -192 110.0 0 0 1 0 1 0 -1 0 0 3005.DAT
0 STEP
1 86 490.0 -312 110.0 0 0 1 0 1 0 -1 0 0 3005.DAT
0 STEP
1 86 500.0 -384 110.0 -1 0 0 0 1 0 0 0 -1 3004.DAT
0 STEP
1 86 500.0 -456 180.0 0 0 1 0 1 0 -1 0 0 3007.DAT
0 STEP
1 86 500.0 -480 140.0 0 0 1 0 1 0 -1 0 0 3001.DAT
0 STEP
1 86 560.0 -672 120.0 -1 0 0 0 1 0 0 0 -1 3007.DAT
0 STEP
1 86 540.0 -720 110.0 -1 0 0 0 1 0 0 0 -1 3009.DAT
0 STEP
1 86 500.0 -864 110.0 -1 0 0 0 1 0 0 0 -1 3004.DAT
0 STEP
1 86 500.0 -504 150.0 0 0 1 0 1 0 -1 0 0 3002.DAT
0 STEP
1 86 500.0 -552 150.0 0 0 1 0 1 0 -1 0 0 3002.DAT
0 STEP
1 86 520.0 -576 170.0 -1 0 0 0 1 0 0 0 -1 3010.DAT
0 STEP
1 86 500.0 -480 280.0 0 0 1 0 1 0 -1 0 0 3001.DAT
0 STEP
1 86 540.0 -456 280.0 -1 0 0 0 1 0 0 0 -1 2456.DAT
0 STEP
1 86 540.0 -48 10.0 -1 0 0 0 1 0 0 0 -1 3010.DAT
0 STEP
1 86 520.0 -96 40.0 0 0 1 0 1 0 -1 0 0 3001.DAT
0 STEP
1 86 510.0 -144 40.0 0 0 1 0 1 0 -1 0 0 3010.DAT
0 STEP
1 86 510.0 -192 10.0 0 0 1 0 1 0 -1 0 0 3005.DAT
0 STEP
1 86 510.0 -240 10.0 0 0 1 0 1 0 -1 0 0 3005.DAT
0 STEP
1 86 530.0 -264 10.0 -1 0 0 0 1 0 0 0 -1 3622.DAT
0 STEP
1 86 540.0 -312 20.0 -1 0 0 0 1 0 0 0 -1 3001.DAT
0 STEP
1 86 520.0 -360 60.0 0 0 1 0 1 0 -1 0 0 2456.DAT
0 STEP
1 86 510.0 -408 60.0 0 0 1 0 1 0 -1 0 0 3009.DAT
0 STEP
1 86 520.0 -432 60.0 0 0 1 0 1 0 -1 0 0 2456.DAT
0 STEP
1 86 510.0 -456 30.0 0 0 1 0 1 0 -1 0 0 3622.DAT
0 STEP
1 86 520.0 -480 30.0 0 0 1 0 1 0 -1 0 0 3002.DAT
0 STEP
1 86 520.0 -504 30.0 0 0 1 0 1 0 -1 0 0 3002.DAT
0 STEP
1 86 510.0 -552 30.0 0 0 1 0 1 0 -1 0 0 3622.DAT
0 STEP
1 86 520.0 -600 30.0 0 0 1 0 1 0 -1 0 0 3002.DAT
0 STEP
1 86 540.0 -624 10.0 -1 0 0 0 1 0 0 0 -1 3010.DAT
0 STEP
1 86 520.0 -672 30.0 0 0 1 0 1 0 -1 0 0 3002.DAT
0 STEP
1 86 510.0 -768 40.0 0 0 1 0 1 0 -1 0 0 3010.DAT
0 STEP
1 86 560.0 -792 10.0 -1 0 0 0 1 0 0 0 -1 3009.DAT
0 STEP
1 86 510.0 -816 40.0 0 0 1 0 1 0 -1 0 0 3010.DAT
0 STEP
1 86 540.0 -888 10.0 -1 0 0 0 1 0 0 0 -1 3010.DAT
0 STEP
1 86 520.0 -48 50.0 0 0 1 0 1 0 -1 0 0 3002.DAT
0 STEP
1 86 510.0 -120 30.0 0 0 1 0 1 0 -1 0 0 3005.DAT
0 STEP
1 86 540.0 -192 30.0 -1 0 0 0 1 0 0 0 -1 3010.DAT
0 STEP
1 86 510.0 -240 60.0 0 0 1 0 1 0 -1 0 0 3010.DAT
0 STEP
1 86 520.0 -264 50.0 0 0 1 0 1 0 -1 0 0 3002.DAT
0 STEP
1 86 540.0 -624 40.0 -1 0 0 0 1 0 0 0 -1 3001.DAT
0 STEP
1 86 520.0 -792 30.0 -1 0 0 0 1 0 0 0 -1 3004.DAT
0 STEP
1 86 540.0 -888 40.0 -1 0 0 0 1 0 0 0 -1 3001.DAT
0 STEP
1 86 510.0 -120 80.0 0 0 1 0 1 0 -1 0 0 3010.DAT
0 STEP
1 86 520.0 -192 80.0 0 0 1 0 1 0 -1 0 0 3001.DAT
0 STEP
1 86 530.0 -216 60.0 -1 0 0 0 1 0 0 0 -1 3002.DAT
0 STEP
1 86 520.0 -312 80.0 0 0 1 0 1 0 -1 0 0 3001.DAT
0 STEP
1 86 510.0 -336 90.0 0 0 1 0 1 0 -1 0 0 3622.DAT
0 STEP
1 86 510.0 -144 90.0 0 0 1 0 1 0 -1 0 0 3005.DAT
0 STEP
1 86 530.0 -216 100.0 -1 0 0 0 1 0 0 0 -1 3002.DAT
0 STEP
1 86 510.0 -696 120.0 0 0 1 0 1 0 -1 0 0 3010.DAT
0 STEP
1 86 560.0 -816 90.0 -1 0 0 0 1 0 0 0 -1 3009.DAT
0 STEP
1 86 540.0 -888 100.0 -1 0 0 0 1 0 0 0 -1 3001.DAT
0 STEP
1 86 560.0 -144 110.0 -1 0 0 0 1 0 0 0 -1 3009.DAT
0 STEP
1 86 530.0 -288 110.0 -1 0 0 0 1 0 0 0 -1 3622.DAT
0 STEP
1 86 520.0 -528 150.0 0 0 1 0 1 0 -1 0 0 3002.DAT
0 STEP
1 86 510.0 -600 150.0 0 0 1 0 1 0 -1 0 0 3622.DAT
0 STEP
1 86 520.0 -648 150.0 0 0 1 0 1 0 -1 0 0 3002.DAT
0 STEP
1 86 510.0 -480 330.0 0 0 1 0 1 0 -1 0 0 3005.DAT
0 STEP
1 86 540.0 -24 30.0 0 0 1 0 1 0 -1 0 0 3002.DAT
0 STEP
1 86 530.0 -144 10.0 0 0 1 0 1 0 -1 0 0 3005.DAT
0 STEP
1 86 600.0 -192 10.0 -1 0 0 0 1 0 0 0 -1 3008.DAT
0 STEP
1 86 530.0 -240 40.0 0 0 1 0 1 0 -1 0 0 3010.DAT
0 STEP
1 86 540.0 -384 60.0 0 0 1 0 1 0 -1 0 0 2456.DAT
0 STEP
1 86 540.0 -408 60.0 0 0 1 0 1 0 -1 0 0 2456.DAT
0 STEP
1 86 540.0 -456 30.0 0 0 1 0 1 0 -1 0 0 3002.DAT
0 STEP
1 86 540.0 -552 30.0 0 0 1 0 1 0 -1 0 0 3002.DAT
0 STEP
1 86 530.0 -648 20.0 0 0 1 0 1 0 -1 0 0 3004.DAT
0 STEP
1 86 530.0 -720 40.0 0 0 1 0 1 0 -1 0 0 3010.DAT
0 STEP
1 86 540.0 -768 40.0 0 0 1 0 1 0 -1 0 0 3001.DAT
0 STEP
1 86 540.0 -816 40.0 0 0 1 0 1 0 -1 0 0 3001.DAT
0 STEP
1 86 530.0 -864 60.0 0 0 1 0 1 0 -1 0 0 3009.DAT
0 STEP
1 86 560.0 -120 40.0 -1 0 0 0 1 0 0 0 -1 3001.DAT
0 STEP
1 86 530.0 -144 60.0 0 0 1 0 1 0 -1 0 0 3010.DAT
0 STEP
1 86 530.0 -336 60.0 0 0 1 0 1 0 -1 0 0 3010.DAT
0 STEP
1 86 530.0 -528 40.0 0 0 1 0 1 0 -1 0 0 3004.DAT
0 STEP
1 86 560.0 -288 60.0 -1 0 0 0 1 0 0 0 -1 3001.DAT
0 STEP
1 86 530.0 -792 80.0 0 0 1 0 1 0 -1 0 0 3010.DAT
0 STEP
1 86 580.0 -24 70.0 -1 0 0 0 1 0 0 0 -1 3009.DAT
0 STEP
1 86 580.0 -72 70.0 -1 0 0 0 1 0 0 0 -1 3009.DAT
0 STEP
1 86 560.0 -120 70.0 -1 0 0 0 1 0 0 0 -1 3010.DAT
0 STEP
1 86 580.0 -24 100.0 -1 0 0 0 1 0 0 0 -1 2456.DAT
0 STEP
1 86 540.0 -72 100.0 0 0 1 0 1 0 -1 0 0 3003.DAT
0 STEP
1 86 560.0 -120 100.0 -1 0 0 0 1 0 0 0 -1 3001.DAT
0 STEP
1 86 560.0 -240 90.0 -1 0 0 0 1 0 0 0 -1 3010.DAT
0 STEP
1 86 540.0 -696 120.0 0 0 1 0 1 0 -1 0 0 3001.DAT
0 STEP
1 86 560.0 -744 90.0 -1 0 0 0 1 0 0 0 -1 3010.DAT
0 STEP
1 86 530.0 -336 110.0 0 0 1 0 1 0 -1 0 0 3005.DAT
0 STEP
1 86 530.0 -456 180.0 0 0 1 0 1 0 -1 0 0 3008.DAT
0 STEP
1 86 540.0 -480 140.0 0 0 1 0 1 0 -1 0 0 3001.DAT
0 STEP
1 86 550.0 -744 110.0 -1 0 0 0 1 0 0 0 -1 3622.DAT
0 STEP
1 86 580.0 -816 110.0 -1 0 0 0 1 0 0 0 -1 3009.DAT
0 STEP
1 86 540.0 -504 150.0 0 0 1 0 1 0 -1 0 0 3002.DAT
0 STEP
1 86 530.0 -552 150.0 0 0 1 0 1 0 -1 0 0 3622.DAT
0 STEP
1 86 560.0 -600 130.0 -1 0 0 0 1 0 0 0 -1 3010.DAT
0 STEP
1 86 560.0 -600 160.0 -1 0 0 0 1 0 0 0 -1 3001.DAT
0 STEP
1 86 530.0 -480 250.0 0 0 1 0 1 0 -1 0 0 3005.DAT
0 STEP
1 86 530.0 -480 300.0 0 0 1 0 1 0 -1 0 0 3010.DAT
0 STEP
1 86 550.0 -72 20.0 0 0 1 0 1 0 -1 0 0 3004.DAT
0 STEP
1 86 600.0 -96 10.0 -1 0 0 0 1 0 0 0 -1 3009.DAT
0 STEP
1 86 550.0 -120 10.0 0 0 1 0 1 0 -1 0 0 3005.DAT
0 STEP
1 86 560.0 -144 40.0 0 0 1 0 1 0 -1 0 0 3001.DAT
0 STEP
1 86 550.0 -216 20.0 0 0 1 0 1 0 -1 0 0 3004.DAT
0 STEP
1 86 580.0 -240 20.0 -1 0 0 0 1 0 0 0 -1 3001.DAT
0 STEP
1 86 560.0 -336 60.0 0 0 1 0 1 0 -1 0 0 2456.DAT
0 STEP
1 86 550.0 -360 60.0 0 0 1 0 1 0 -1 0 0 3009.DAT
0 STEP
1 86 550.0 -432 60.0 0 0 1 0 1 0 -1 0 0 3009.DAT
0 STEP
1 86 550.0 -480 30.0 0 0 1 0 1 0 -1 0 0 3622.DAT
0 STEP
1 86 560.0 -504 30.0 0 0 1 0 1 0 -1 0 0 3002.DAT
0 STEP
1 86 600.0 -600 10.0 -1 0 0 0 1 0 0 0 -1 3009.DAT
0 STEP
1 86 550.0 -648 10.0 0 0 1 0 1 0 -1 0 0 3005.DAT
0 STEP
1 86 560.0 -672 30.0 0 0 1 0 1 0 -1 0 0 3002.DAT
0 STEP
1 86 570.0 -720 20.0 -1 0 0 0 1 0 0 0 -1 3002.DAT
0 STEP
1 86 550.0 -864 40.0 0 0 1 0 1 0 -1 0 0 3010.DAT
0 STEP
1 86 560.0 -48 60.0 0 0 1 0 1 0 -1 0 0 3001.DAT
0 STEP
1 86 550.0 -96 60.0 0 0 1 0 1 0 -1 0 0 3010.DAT
0 STEP
1 86 550.0 -168 30.0 0 0 1 0 1 0 -1 0 0 3005.DAT
0 STEP
1 86 550.0 -264 30.0 0 0 1 0 1 0 -1 0 0 3005.DAT
0 STEP
1 86 580.0 -528 40.0 -1 0 0 0 1 0 0 0 -1 3001.DAT
0 STEP
1 86 550.0 -600 40.0 0 0 1 0 1 0 -1 0 0 3004.DAT
0 STEP
1 86 580.0 -648 30.0 -1 0 0 0 1 0 0 0 -1 3010.DAT
0 STEP
1 86 580.0 -792 40.0 -1 0 0 0 1 0 0 0 -1 3001.DAT
0 STEP
1 86 560.0 0 80.0 0 0 1 0 1 0 -1 0 0 3001.DAT
0 STEP
1 86 550.0 -192 50.0 0 0 1 0 1 0 -1 0 0 3005.DAT
0 STEP
1 86 580.0 -240 50.0 -1 0 0 0 1 0 0 0 -1 3010.DAT
0 STEP
1 86 550.0 -264 80.0 0 0 1 0 1 0 -1 0 0 3010.DAT
0 STEP
1 86 560.0 -312 80.0 0 0 1 0 1 0 -1 0 0 3001.DAT
0 STEP
1 86 580.0 -720 50.0 -1 0 0 0 1 0 0 0 -1 3010.DAT
0 STEP
1 86 580.0 -192 70.0 -1 0 0 0 1 0 0 0 -1 3010.DAT
0 STEP
1 86 560.0 -240 70.0 -1 0 0 0 1 0 0 0 -1 3004.DAT
0 STEP
1 86 580.0 -720 80.0 -1 0 0 0 1 0 0 0 -1 3001.DAT
0 STEP
1 86 560.0 -792 90.0 0 0 1 0 1 0 -1 0 0 3002.DAT
0 STEP
1 86 560.0 -144 90.0 -1 0 0 0 1 0 0 0 -1 3004.DAT
0 STEP
1 86 550.0 -192 90.0 0 0 1 0 1 0 -1 0 0 3005.DAT
0 STEP
1 86 580.0 -864 100.0 -1 0 0 0 1 0 0 0 -1 3001.DAT
0 STEP
1 86 550.0 -96 110.0 0 0 1 0 1 0 -1 0 0 3005.DAT
0 STEP
1 86 580.0 -192 110.0 -1 0 0 0 1 0 0 0 -1 3010.DAT
0 STEP
1 86 550.0 -240 110.0 0 0 1 0 1 0 -1 0 0 3005.DAT
0 STEP
1 86 560.0 -456 180.0 0 0 1 0 1 0 -1 0 0 3007.DAT
0 STEP
1 86 560.0 -528 150.0 0 0 1 0 1 0 -1 0 0 3002.DAT
0 STEP
1 86 580.0 -552 140.0 -1 0 0 0 1 0 0 0 -1 3001.DAT
0 STEP
1 86 550.0 -576 140.0 0 0 1 0 1 0 -1 0 0 3004.DAT
0 STEP
1 86 570.0 -648 130.0 -1 0 0 0 1 0 0 0 -1 3622.DAT
0 STEP
1 86 570.0 -648 160.0 -1 0 0 0 1 0 0 0 -1 3002.DAT
0 STEP
1 86 580.0 -552 170.0 -1 0 0 0 1 0 0 0 -1 3010.DAT
0 STEP
1 86 550.0 -624 170.0 0 0 1 0 1 0 -1 0 0 3005.DAT
0 STEP
1 86 550.0 -696 170.0 0 0 1 0 1 0 -1 0 0 3005.DAT
0 STEP
1 86 550.0 -480 280.0 0 0 1 0 1 0 -1 0 0 3010.DAT
0 STEP
1 86 550.0 -504 270.0 0 0 1 0 1 0 -1 0 0 3005.DAT
0 STEP
1 86 580.0 -480 330.0 -1 0 0 0 1 0 0 0 -1 3010.DAT
0 STEP
1 86 600.0 -24 10.0 -1 0 0 0 1 0 0 0 -1 3010.DAT
0 STEP
1 86 640.0 -72 20.0 -1 0 0 0 1 0 0 0 -1 3007.DAT
0 STEP
1 86 600.0 -120 10.0 -1 0 0 0 1 0 0 0 -1 3010.DAT
0 STEP
1 86 600.0 -168 20.0 -1 0 0 0 1 0 0 0 -1 3001.DAT
0 STEP
1 86 590.0 -216 10.0 -1 0 0 0 1 0 0 0 -1 3622.DAT
0 STEP
1 86 580.0 -264 60.0 0 0 1 0 1 0 -1 0 0 2456.DAT
0 STEP
1 86 570.0 -288 20.0 0 0 1 0 1 0 -1 0 0 3004.DAT
0 STEP
1 86 580.0 -360 60.0 0 0 1 0 1 0 -1 0 0 2456.DAT
0 STEP
1 86 570.0 -384 60.0 0 0 1 0 1 0 -1 0 0 3009.DAT
0 STEP
1 86 580.0 -408 60.0 0 0 1 0 1 0 -1 0 0 2456.DAT
0 STEP
1 86 570.0 -432 10.0 0 0 1 0 1 0 -1 0 0 3005.DAT
0 STEP
1 86 580.0 -456 30.0 0 0 1 0 1 0 -1 0 0 3002.DAT
0 STEP
1 86 580.0 -480 30.0 0 0 1 0 1 0 -1 0 0 3002.DAT
0 STEP
1 86 640.0 -552 20.0 -1 0 0 0 1 0 0 0 -1 3007.DAT
0 STEP
1 86 600.0 -648 10.0 -1 0 0 0 1 0 0 0 -1 3010.DAT
0 STEP
1 86 590.0 -744 10.0 -1 0 0 0 1 0 0 0 -1 3622.DAT
0 STEP
1 86 580.0 -768 40.0 0 0 1 0 1 0 -1 0 0 3001.DAT
0 STEP
1 86 570.0 -816 20.0 0 0 1 0 1 0 -1 0 0 3004.DAT
0 STEP
1 86 600.0 -864 20.0 -1 0 0 0 1 0 0 0 -1 3001.DAT
0 STEP
1 86 600.0 -24 40.0 -1 0 0 0 1 0 0 0 -1 3001.DAT
0 STEP
1 86 570.0 -96 30.0 0 0 1 0 1 0 -1 0 0 3005.DAT
0 STEP
1 86 640.0 -216 30.0 -1 0 0 0 1 0 0 0 -1 3008.DAT
0 STEP
1 86 570.0 -432 60.0 0 0 1 0 1 0 -1 0 0 3010.DAT
0 STEP
1 86 600.0 -600 30.0 -1 0 0 0 1 0 0 0 -1 3010.DAT
0 STEP
1 86 570.0 -72 50.0 0 0 1 0 1 0 -1 0 0 3005.DAT
0 STEP
1 86 570.0 -96 80.0 0 0 1 0 1 0 -1 0 0 3010.DAT
0 STEP
1 86 580.0 -168 80.0 0 0 1 0 1 0 -1 0 0 3001.DAT
0 STEP
1 86 600.0 -192 50.0 -1 0 0 0 1 0 0 0 -1 3010.DAT
0 STEP
1 86 580.0 -216 80.0 0 0 1 0 1 0 -1 0 0 3001.DAT
0 STEP
1 86 570.0 -552 50.0 0 0 1 0 1 0 -1 0 0 3005.DAT
0 STEP
1 86 570.0 -600 50.0 0 0 1 0 1 0 -1 0 0 3005.DAT
0 STEP
1 86 570.0 -744 60.0 0 0 1 0 1 0 -1 0 0 3004.DAT
0 STEP
1 86 600.0 -816 60.0 -1 0 0 0 1 0 0 0 -1 3001.DAT
0 STEP
1 86 590.0 -864 60.0 -1 0 0 0 1 0 0 0 -1 3002.DAT
0 STEP
1 86 570.0 -72 90.0 0 0 1 0 1 0 -1 0 0 3005.DAT
0 STEP
1 86 600.0 -192 90.0 -1 0 0 0 1 0 0 0 -1 3010.DAT
0 STEP
1 86 580.0 -288 100.0 0 0 1 0 1 0 -1 0 0 3003.DAT
0 STEP
1 86 570.0 -696 100.0 0 0 1 0 1 0 -1 0 0 3004.DAT
0 STEP
1 86 600.0 -72 110.0 -1 0 0 0 1 0 0 0 -1 3010.DAT
0 STEP
1 86 640.0 -240 110.0 -1 0 0 0 1 0 0 0 -1 3008.DAT
0 STEP
1 86 570.0 -432 110.0 0 0 1 0 1 0 -1 0 0 3005.DAT
0 STEP
1 86 580.0 -480 140.0 0 0 1 0 1 0 -1 0 0 3001.DAT
0 STEP
1 86 580.0 -504 150.0 0 0 1 0 1 0 -1 0 0 3002.DAT
0 STEP
1 86 570.0 -576 150.0 0 0 1 0 1 0 -1 0 0 3622.DAT
0 STEP
1 86 580.0 -624 150.0 0 0 1 0 1 0 -1 0 0 3002.DAT
0 STEP
1 86 570.0 -696 150.0 0 0 1 0 1 0 -1 0 0 3622.DAT
0 STEP
1 86 570.0 -672 150.0 0 0 1 0 1 0 -1 0 0 3005.DAT
0 STEP
1 86 620.0 -672 170.0 -1 0 0 0 1 0 0 0 -1 3009.DAT
0 STEP
1 86 580.0 -480 280.0 0 0 1 0 1 0 -1 0 0 3001.DAT
0 STEP
1 86 590.0 0 60.0 0 0 1 0 1 0 -1 0 0 3009.DAT
0 STEP
1 86 590.0 -48 60.0 0 0 1 0 1 0 -1 0 0 3009.DAT
0 STEP
1 86 590.0 -144 40.0 0 0 1 0 1 0 -1 0 0 3010.DAT
0 STEP
1 86 620.0 -288 20.0 -1 0 0 0 1 0 0 0 -1 3001.DAT
0 STEP
1 86 590.0 -312 60.0 0 0 1 0 1 0 -1 0 0 3009.DAT
0 STEP
1 86 590.0 -336 10.0 0 0 1 0 1 0 -1 0 0 3005.DAT
0 STEP
1 86 590.0 -384 10.0 0 0 1 0 1 0 -1 0 0 3005.DAT
0 STEP
1 86 600.0 -432 60.0 0 0 1 0 1 0 -1 0 0 2456.DAT
0 STEP
1 86 590.0 -504 30.0 0 0 1 0 1 0 -1 0 0 3622.DAT
0 STEP
1 86 590.0 -576 20.0 0 0 1 0 1 0 -1 0 0 3004.DAT
0 STEP
1 86 600.0 -624 30.0 0 0 1 0 1 0 -1 0 0 3002.DAT
0 STEP
1 86 590.0 -672 30.0 0 0 1 0 1 0 -1 0 0 3622.DAT
0 STEP
1 86 620.0 -816 20.0 -1 0 0 0 1 0 0 0 -1 3001.DAT
0 STEP
1 86 590.0 -888 60.0 0 0 1 0 1 0 -1 0 0 3009.DAT
0 STEP
1 86 600.0 -96 60.0 0 0 1 0 1 0 -1 0 0 3001.DAT
0 STEP
1 86 610.0 -192 30.0 -1 0 0 0 1 0 0 0 -1 3622.DAT
0 STEP
1 86 590.0 -336 60.0 0 0 1 0 1 0 -1 0 0 3010.DAT
0 STEP
1 86 590.0 -384 60.0 0 0 1 0 1 0 -1 0 0 3010.DAT
0 STEP
1 86 600.0 -744 50.0 0 0 1 0 1 0 -1 0 0 3002.DAT
0 STEP
1 86 590.0 -840 60.0 0 0 1 0 1 0 -1 0 0 3010.DAT
0 STEP
1 86 620.0 -72 50.0 -1 0 0 0 1 0 0 0 -1 3010.DAT
0 STEP
1 86 640.0 -552 50.0 -1 0 0 0 1 0 0 0 -1 3009.DAT
0 STEP
1 86 660.0 -600 50.0 -1 0 0 0 1 0 0 0 -1 3008.DAT
0 STEP
1 86 590.0 -696 50.0 0 0 1 0 1 0 -1 0 0 3005.DAT
0 STEP
1 86 660.0 -240 70.0 -1 0 0 0 1 0 0 0 -1 3008.DAT
0 STEP
1 86 590.0 -792 90.0 0 0 1 0 1 0 -1 0 0 3622.DAT
0 STEP
1 86 620.0 -72 90.0 -1 0 0 0 1 0 0 0 -1 3010.DAT
0 STEP
1 86 660.0 -144 90.0 -1 0 0 0 1 0 0 0 -1 3008.DAT
0 STEP
1 86 620.0 -696 100.0 -1 0 0 0 1 0 0 0 -1 3001.DAT
0 STEP
1 86 590.0 -768 90.0 0 0 1 0 1 0 -1 0 0 3005.DAT
0 STEP
1 86 600.0 -96 110.0 -1 0 0 0 1 0 0 0 -1 3004.DAT
0 STEP
1 86 590.0 -336 110.0 0 0 1 0 1 0 -1 0 0 3005.DAT
0 STEP
1 86 590.0 -384 110.0 0 0 1 0 1 0 -1 0 0 3005.DAT
0 STEP
1 86 590.0 -456 180.0 0 0 1 0 1 0 -1 0 0 3008.DAT
0 STEP
1 86 640.0 -744 110.0 -1 0 0 0 1 0 0 0 -1 3009.DAT
0 STEP
1 86 640.0 -840 110.0 -1 0 0 0 1 0 0 0 -1 3009.DAT
0 STEP
1 86 590.0 -528 150.0 0 0 1 0 1 0 -1 0 0 3622.DAT
0 STEP
1 86 620.0 -576 140.0 -1 0 0 0 1 0 0 0 -1 3001.DAT
0 STEP
1 86 600.0 -696 150.0 0 0 1 0 1 0 -1 0 0 3002.DAT
0 STEP
1 86 620.0 -672 150.0 -1 0 0 0 1 0 0 0 -1 3010.DAT
0 STEP
1 86 590.0 -576 170.0 0 0 1 0 1 0 -1 0 0 3005.DAT
0 STEP
1 86 600.0 -504 260.0 0 0 1 0 1 0 -1 0 0 3003.DAT
0 STEP
1 86 610.0 0 10.0 0 0 1 0 1 0 -1 0 0 3005.DAT
0 STEP
1 86 640.0 -48 10.0 -1 0 0 0 1 0 0 0 -1 3010.DAT
0 STEP
1 86 620.0 -144 40.0 0 0 1 0 1 0 -1 0 0 3001.DAT
0 STEP
1 86 610.0 -264 10.0 0 0 1 0 1 0 -1 0 0 3005.DAT
0 STEP
1 86 620.0 -312 60.0 0 0 1 0 1 0 -1 0 0 2456.DAT
0 STEP
1 86 610.0 -336 60.0 0 0 1 0 1 0 -1 0 0 3009.DAT
0 STEP
1 86 610.0 -360 60.0 0 0 1 0 1 0 -1 0 0 3009.DAT
0 STEP
1 86 610.0 -384 60.0 0 0 1 0 1 0 -1 0 0 3009.DAT
0 STEP
1 86 620.0 -408 10.0 -1 0 0 0 1 0 0 0 -1 3004.DAT
0 STEP
1 86 620.0 -456 30.0 0 0 1 0 1 0 -1 0 0 3002.DAT
0 STEP
1 86 620.0 -480 30.0 0 0 1 0 1 0 -1 0 0 3002.DAT
0 STEP
1 86 620.0 -504 30.0 0 0 1 0 1 0 -1 0 0 3002.DAT
0 STEP
1 86 610.0 -528 10.0 0 0 1 0 1 0 -1 0 0 3005.DAT
0 STEP
1 86 620.0 -576 30.0 0 0 1 0 1 0 -1 0 0 3002.DAT
0 STEP
1 86 640.0 -672 20.0 -1 0 0 0 1 0 0 0 -1 3001.DAT
0 STEP
1 86 620.0 -696 30.0 0 0 1 0 1 0 -1 0 0 3002.DAT
0 STEP
1 86 610.0 -720 10.0 0 0 1 0 1 0 -1 0 0 3005.DAT
0 STEP
1 86 640.0 -768 10.0 -1 0 0 0 1 0 0 0 -1 3010.DAT
0 STEP
1 86 610.0 -840 40.0 0 0 1 0 1 0 -1 0 0 3010.DAT
0 STEP
1 86 640.0 -888 10.0 -1 0 0 0 1 0 0 0 -1 3010.DAT
0 STEP
1 86 640.0 0 30.0 -1 0 0 0 1 0 0 0 -1 3010.DAT
0 STEP
1 86 610.0 -48 30.0 0 0 1 0 1 0 -1 0 0 3005.DAT
0 STEP
1 86 640.0 -120 30.0 -1 0 0 0 1 0 0 0 -1 3010.DAT
0 STEP
1 86 610.0 -264 60.0 0 0 1 0 1 0 -1 0 0 3010.DAT
0 STEP
1 86 620.0 -408 60.0 0 0 1 0 1 0 -1 0 0 3001.DAT
0 STEP
1 86 640.0 -720 30.0 -1 0 0 0 1 0 0 0 -1 3010.DAT
0 STEP
1 86 640.0 -768 40.0 -1 0 0 0 1 0 0 0 -1 3001.DAT
0 STEP
1 86 610.0 -888 30.0 0 0 1 0 1 0 -1 0 0 3005.DAT
0 STEP
1 86 610.0 0 80.0 0 0 1 0 1 0 -1 0 0 3010.DAT
0 STEP
1 86 610.0 -48 80.0 0 0 1 0 1 0 -1 0 0 3010.DAT
0 STEP
1 86 640.0 -120 60.0 -1 0 0 0 1 0 0 0 -1 3001.DAT
0 STEP
1 86 610.0 -168 70.0 0 0 1 0 1 0 -1 0 0 3622.DAT
0 STEP
1 86 610.0 -216 80.0 0 0 1 0 1 0 -1 0 0 3010.DAT
0 STEP
1 86 610.0 -288 80.0 0 0 1 0 1 0 -1 0 0 3010.DAT
0 STEP
1 86 620.0 -648 50.0 -1 0 0 0 1 0 0 0 -1 3004.DAT
0 STEP
1 86 640.0 -672 50.0 -1 0 0 0 1 0 0 0 -1 3010.DAT
0 STEP
1 86 640.0 -888 60.0 -1 0 0 0 1 0 0 0 -1 3001.DAT
0 STEP
1 86 620.0 -768 80.0 0 0 1 0 1 0 -1 0 0 3003.DAT
0 STEP
1 86 610.0 -792 70.0 0 0 1 0 1 0 -1 0 0 3005.DAT
0 STEP
1 86 610.0 -120 100.0 0 0 1 0 1 0 -1 0 0 3004.DAT
0 STEP
1 86 610.0 -240 90.0 0 0 1 0 1 0 -1 0 0 3005.DAT
0 STEP
1 86 660.0 -744 90.0 -1 0 0 0 1 0 0 0 -1 3009.DAT
0 STEP
1 86 640.0 -792 100.0 -1 0 0 0 1 0 0 0 -1 3001.DAT
0 STEP
1 86 640.0 -840 90.0 -1 0 0 0 1 0 0 0 -1 3010.DAT
0 STEP
1 86 640.0 -888 100.0 -1 0 0 0 1 0 0 0 -1 3001.DAT
0 STEP
1 86 640.0 -168 110.0 -1 0 0 0 1 0 0 0 -1 3010.DAT
0 STEP
1 86 610.0 -264 110.0 0 0 1 0 1 0 -1 0 0 3005.DAT
0 STEP
1 86 620.0 -408 110.0 -1 0 0 0 1 0 0 0 -1 3004.DAT
0 STEP
1 86 620.0 -456 180.0 0 0 1 0 1 0 -1 0 0 3007.DAT
0 STEP
1 86 620.0 -480 140.0 0 0 1 0 1 0 -1 0 0 3001.DAT
0 STEP
1 86 630.0 -720 110.0 -1 0 0 0 1 0 0 0 -1 3622.DAT
0 STEP
1 86 620.0 -504 150.0 0 0 1 0 1 0 -1 0 0 3002.DAT
0 STEP
1 86 620.0 -528 150.0 0 0 1 0 1 0 -1 0 0 3002.DAT
0 STEP
1 86 620.0 -600 150.0 0 0 1 0 1 0 -1 0 0 3002.DAT
0 STEP
1 86 640.0 -624 140.0 -1 0 0 0 1 0 0 0 -1 3001.DAT
0 STEP
1 86 620.0 -648 150.0 0 0 1 0 1 0 -1 0 0 3002.DAT
0 STEP
1 86 640.0 -576 170.0 -1 0 0 0 1 0 0 0 -1 3010.DAT
0 STEP
1 86 640.0 -624 170.0 -1 0 0 0 1 0 0 0 -1 3010.DAT
0 STEP
1 86 610.0 -480 280.0 0 0 1 0 1 0 -1 0 0 3010.DAT
0 STEP
1 86 610.0 -456 300.0 0 0 1 0 1 0 -1 0 0 3010.DAT
0 STEP
1 86 680.0 0 10.0 -1 0 0 0 1 0 0 0 -1 3009.DAT
0 STEP
1 86 680.0 -216 10.0 -1 0 0 0 1 0 0 0 -1 3009.DAT
0 STEP
1 86 630.0 -240 30.0 0 0 1 0 1 0 -1 0 0 3622.DAT
0 STEP
1 86 660.0 -264 10.0 -1 0 0 0 1 0 0 0 -1 3010.DAT
0 STEP
1 86 640.0 -336 60.0 0 0 1 0 1 0 -1 0 0 2456.DAT
0 STEP
1 86 640.0 -360 60.0 0 0 1 0 1 0 -1 0 0 2456.DAT
0 STEP
1 86 630.0 -384 10.0 0 0 1 0 1 0 -1 0 0 3005.DAT
0 STEP
1 86 640.0 -432 60.0 0 0 1 0 1 0 -1 0 0 2456.DAT
0 STEP
1 86 640.0 -528 30.0 0 0 1 0 1 0 -1 0 0 3002.DAT
0 STEP
1 86 640.0 -624 30.0 0 0 1 0 1 0 -1 0 0 3002.DAT
0 STEP
1 86 660.0 -720 10.0 -1 0 0 0 1 0 0 0 -1 3010.DAT
0 STEP
1 86 640.0 -744 40.0 0 0 1 0 1 0 -1 0 0 3001.DAT
0 STEP
1 86 640.0 -792 40.0 0 0 1 0 1 0 -1 0 0 3001.DAT
0 STEP
1 86 650.0 -840 20.0 -1 0 0 0 1 0 0 0 -1 3002.DAT
0 STEP
1 86 630.0 -48 60.0 0 0 1 0 1 0 -1 0 0 3010.DAT
0 STEP
1 86 640.0 -96 30.0 -1 0 0 0 1 0 0 0 -1 3004.DAT
0 STEP
1 86 630.0 -264 30.0 0 0 1 0 1 0 -1 0 0 3005.DAT
0 STEP
1 86 630.0 -384 60.0 0 0 1 0 1 0 -1 0 0 3010.DAT
0 STEP
1 86 630.0 -648 30.0 0 0 1 0 1 0 -1 0 0 3005.DAT
0 STEP
1 86 660.0 -888 30.0 -1 0 0 0 1 0 0 0 -1 3010.DAT
0 STEP
1 86 650.0 0 50.0 -1 0 0 0 1 0 0 0 -1 3622.DAT
0 STEP
1 86 640.0 -96 80.0 0 0 1 0 1 0 -1 0 0 3001.DAT
0 STEP
1 86 700.0 -168 50.0 -1 0 0 0 1 0 0 0 -1 3008.DAT
0 STEP
1 86 640.0 -216 80.0 0 0 1 0 1 0 -1 0 0 3001.DAT
0 STEP
1 86 630.0 -264 80.0 0 0 1 0 1 0 -1 0 0 3010.DAT
0 STEP
1 86 640.0 -288 80.0 0 0 1 0 1 0 -1 0 0 3001.DAT
0 STEP
1 86 660.0 -720 60.0 -1 0 0 0 1 0 0 0 -1 3001.DAT
0 STEP
1 86 660.0 -840 60.0 -1 0 0 0 1 0 0 0 -1 3001.DAT
0 STEP
1 86 630.0 -864 80.0 0 0 1 0 1 0 -1 0 0 3010.DAT
0 STEP
1 86 680.0 0 80.0 -1 0 0 0 1 0 0 0 -1 2456.DAT
0 STEP
1 86 660.0 -168 70.0 -1 0 0 0 1 0 0 0 -1 3010.DAT
0 STEP
1 86 630.0 -192 70.0 0 0 1 0 1 0 -1 0 0 3005.DAT
0 STEP
1 86 650.0 -120 90.0 -1 0 0 0 1 0 0 0 -1 3622.DAT
0 STEP
1 86 650.0 -168 90.0 -1 0 0 0 1 0 0 0 -1 3622.DAT
0 STEP
1 86 680.0 -240 90.0 -1 0 0 0 1 0 0 0 -1 3009.DAT
0 STEP
1 86 640.0 -720 90.0 -1 0 0 0 1 0 0 0 -1 3004.DAT
0 STEP
1 86 630.0 -816 90.0 0 0 1 0 1 0 -1 0 0 3005.DAT
0 STEP
1 86 680.0 0 110.0 -1 0 0 0 1 0 0 0 -1 3009.DAT
0 STEP
1 86 660.0 -48 110.0 -1 0 0 0 1 0 0 0 -1 3010.DAT
0 STEP
1 86 660.0 -120 110.0 -1 0 0 0 1 0 0 0 -1 3010.DAT
0 STEP
1 86 630.0 -144 110.0 0 0 1 0 1 0 -1 0 0 3005.DAT
0 STEP
1 86 680.0 -192 110.0 -1 0 0 0 1 0 0 0 -1 3009.DAT
0 STEP
1 86 630.0 -384 110.0 0 0 1 0 1 0 -1 0 0 3005.DAT
0 STEP
1 86 630.0 -768 110.0 0 0 1 0 1 0 -1 0 0 3005.DAT
0 STEP
1 86 630.0 -552 150.0 0 0 1 0 1 0 -1 0 0 3622.DAT
0 STEP
1 86 640.0 -696 150.0 0 0 1 0 1 0 -1 0 0 3002.DAT
0 STEP
1 86 640.0 -480 280.0 0 0 1 0 1 0 -1 0 0 3001.DAT
0 STEP
1 86 640.0 -504 250.0 -1 0 0 0 1 0 0 0 -1 3004.DAT
0 STEP
1 86 630.0 -456 270.0 0 0 1 0 1 0 -1 0 0 3005.DAT
0 STEP
1 86 630.0 -456 320.0 0 0 1 0 1 0 -1 0 0 3010.DAT
0 STEP
1 86 650.0 -24 60.0 0 0 1 0 1 0 -1 0 0 3009.DAT
0 STEP
1 86 720.0 -120 10.0 -1 0 0 0 1 0 0 0 -1 3008.DAT
0 STEP
1 86 660.0 -144 40.0 0 0 1 0 1 0 -1 0 0 3001.DAT
0 STEP
1 86 650.0 -168 20.0 0 0 1 0 1 0 -1 0 0 3004.DAT
0 STEP
1 86 650.0 -240 20.0 0 0 1 0 1 0 -1 0 0 3004.DAT
0 STEP
1 86 650.0 -312 10.0 0 0 1 0 1 0 -1 0 0 3005.DAT
0 STEP
1 86 650.0 -384 60.0 0 0 1 0 1 0 -1 0 0 3009.DAT
0 STEP
1 86 660.0 -408 60.0 0 0 1 0 1 0 -1 0 0 2456.DAT
0 STEP
1 86 660.0 -456 30.0 0 0 1 0 1 0 -1 0 0 3002.DAT
0 STEP
1 86 660.0 -480 30.0 0 0 1 0 1 0 -1 0 0 3002.DAT
0 STEP
1 86 660.0 -504 30.0 0 0 1 0 1 0 -1 0 0 3002.DAT
0 STEP
1 86 660.0 -576 30.0 0 0 1 0 1 0 -1 0 0 3002.DAT
0 STEP
1 86 650.0 -648 10.0 0 0 1 0 1 0 -1 0 0 3005.DAT
0 STEP
1 86 650.0 -696 30.0 0 0 1 0 1 0 -1 0 0 3622.DAT
0 STEP
1 86 650.0 -864 10.0 0 0 1 0 1 0 -1 0 0 3005.DAT
0 STEP
1 86 660.0 -48 40.0 0 0 1 0 1 0 -1 0 0 3003.DAT
0 STEP
1 86 650.0 -192 60.0 0 0 1 0 1 0 -1 0 0 3010.DAT
0 STEP
1 86 660.0 -264 60.0 0 0 1 0 1 0 -1 0 0 3001.DAT
0 STEP
1 86 650.0 -312 60.0 0 0 1 0 1 0 -1 0 0 3010.DAT
0 STEP
1 86 650.0 -600 30.0 0 0 1 0 1 0 -1 0 0 3005.DAT
0 STEP
1 86 680.0 -648 40.0 -1 0 0 0 1 0 0 0 -1 3001.DAT
0 STEP
1 86 650.0 -864 60.0 0 0 1 0 1 0 -1 0 0 3010.DAT
0 STEP
1 86 680.0 -240 50.0 -1 0 0 0 1 0 0 0 -1 3010.DAT
0 STEP
1 86 650.0 -816 80.0 0 0 1 0 1 0 -1 0 0 3010.DAT
0 STEP
1 86 670.0 -48 80.0 -1 0 0 0 1 0 0 0 -1 3002.DAT
0 STEP
1 86 650.0 -72 70.0 0 0 1 0 1 0 -1 0 0 3005.DAT
0 STEP
1 86 660.0 -768 90.0 0 0 1 0 1 0 -1 0 0 3002.DAT
0 STEP
1 86 700.0 -456 90.0 -1 0 0 0 1 0 0 0 -1 3009.DAT
0 STEP
1 86 650.0 -72 110.0 0 0 1 0 1 0 -1 0 0 3005.DAT
0 STEP
1 86 680.0 -144 110.0 -1 0 0 0 1 0 0 0 -1 3010.DAT
0 STEP
1 86 660.0 -264 110.0 -1 0 0 0 1 0 0 0 -1 3004.DAT
0 STEP
1 86 650.0 -312 110.0 0 0 1 0 1 0 -1 0 0 3005.DAT
0 STEP
1 86 660.0 -456 140.0 0 0 1 0 1 0 -1 0 0 3001.DAT
0 STEP
1 86 650.0 -480 140.0 0 0 1 0 1 0 -1 0 0 3010.DAT
0 STEP
1 86 660.0 -504 140.0 0 0 1 0 1 0 -1 0 0 3001.DAT
0 STEP
1 86 660.0 -528 140.0 0 0 1 0 1 0 -1 0 0 3001.DAT
0 STEP
1 86 650.0 -552 140.0 0 0 1 0 1 0 -1 0 0 3010.DAT
0 STEP
1 86 650.0 -576 110.0 0 0 1 0 1 0 -1 0 0 3005.DAT
0 STEP
1 86 660.0 -600 140.0 0 0 1 0 1 0 -1 0 0 3001.DAT
0 STEP
1 86 650.0 -624 110.0 0 0 1 0 1 0 -1 0 0 3005.DAT
0 STEP
1 86 660.0 -648 140.0 0 0 1 0 1 0 -1 0 0 3001.DAT
0 STEP
1 86 650.0 -672 120.0 0 0 1 0 1 0 -1 0 0 3004.DAT
0 STEP
1 86 650.0 -864 110.0 0 0 1 0 1 0 -1 0 0 3005.DAT
0 STEP
1 86 720.0 -456 200.0 -1 0 0 0 1 0 0 0 -1 3007.DAT
0 STEP
1 86 720.0 -456 230.0 -1 0 0 0 1 0 0 0 -1 3008.DAT
0 STEP
1 86 680.0 -456 250.0 -1 0 0 0 1 0 0 0 -1 3010.DAT
0 STEP
1 86 680.0 -456 280.0 -1 0 0 0 1 0 0 0 -1 3001.DAT
0 STEP
1 86 680.0 -456 320.0 -1 0 0 0 1 0 0 0 -1 3001.DAT
0 STEP
1 14 680.0 -456 350.0 -1 0 0 0 1 0 0 0 -1 3010.DAT
0 STEP
1 86 680.0 -24 60.0 0 0 1 0 1 0 -1 0 0 2456.DAT
0 STEP
1 86 680.0 -96 30.0 0 0 1 0 1 0 -1 0 0 3002.DAT
0 STEP
1 86 740.0 -168 10.0 -1 0 0 0 1 0 0 0 -1 3008.DAT
0 STEP
1 86 670.0 -240 10.0 0 0 1 0 1 0 -1 0 0 3005.DAT
0 STEP
1 86 680.0 -288 60.0 0 0 1 0 1 0 -1 0 0 2456.DAT
0 STEP
1 86 680.0 -312 60.0 0 0 1 0 1 0 -1 0 0 2456.DAT
0 STEP
1 86 680.0 -336 60.0 0 0 1 0 1 0 -1 0 0 2456.DAT
0 STEP
1 86 670.0 -360 60.0 0 0 1 0 1 0 -1 0 0 3009.DAT
0 STEP
1 86 680.0 -384 60.0 0 0 1 0 1 0 -1 0 0 2456.DAT
0 STEP
1 86 670.0 -432 60.0 0 0 1 0 1 0 -1 0 0 3009.DAT
0 STEP
1 86 670.0 -528 30.0 0 0 1 0 1 0 -1 0 0 3622.DAT
0 STEP
1 86 700.0 -600 20.0 -1 0 0 0 1 0 0 0 -1 3001.DAT
0 STEP
1 86 670.0 -624 30.0 0 0 1 0 1 0 -1 0 0 3622.DAT
0 STEP
1 86 720.0 -648 10.0 -1 0 0 0 1 0 0 0 -1 3009.DAT
0 STEP
1 86 740.0 -696 10.0 -1 0 0 0 1 0 0 0 -1 3008.DAT
0 STEP
1 86 670.0 -744 10.0 0 0 1 0 1 0 -1 0 0 3005.DAT
0 STEP
1 86 700.0 -792 10.0 -1 0 0 0 1 0 0 0 -1 3010.DAT
0 STEP
1 86 680.0 -816 40.0 0 0 1 0 1 0 -1 0 0 3001.DAT
0 STEP
1 86 680.0 -864 30.0 0 0 1 0 1 0 -1 0 0 3002.DAT
0 STEP
1 86 700.0 -168 30.0 -1 0 0 0 1 0 0 0 -1 3010.DAT
0 STEP
1 86 680.0 -192 60.0 0 0 1 0 1 0 -1 0 0 3001.DAT
0 STEP
1 86 700.0 -240 30.0 -1 0 0 0 1 0 0 0 -1 3010.DAT
0 STEP
1 86 700.0 -696 40.0 -1 0 0 0 1 0 0 0 -1 3001.DAT
0 STEP
1 86 700.0 -744 30.0 -1 0 0 0 1 0 0 0 -1 3010.DAT
0 STEP
1 86 670.0 -792 30.0 0 0 1 0 1 0 -1 0 0 3005.DAT
0 STEP
1 86 670.0 -72 80.0 0 0 1 0 1 0 -1 0 0 3010.DAT
0 STEP
1 86 670.0 -216 80.0 0 0 1 0 1 0 -1 0 0 3010.DAT
0 STEP
1 86 690.0 -744 60.0 -1 0 0 0 1 0 0 0 -1 3002.DAT
0 STEP
1 86 700.0 -792 50.0 -1 0 0 0 1 0 0 0 -1 3010.DAT
0 STEP
1 86 690.0 -96 70.0 -1 0 0 0 1 0 0 0 -1 3622.DAT
0 STEP
1 86 670.0 -792 70.0 0 0 1 0 1 0 -1 0 0 3005.DAT
0 STEP
1 86 740.0 -864 70.0 -1 0 0 0 1 0 0 0 -1 3008.DAT
0 STEP
1 86 690.0 -96 100.0 -1 0 0 0 1 0 0 0 -1 3002.DAT
0 STEP
1 86 670.0 -480 120.0 0 0 1 0 1 0 -1 0 0 3010.DAT
0 STEP
1 86 670.0 -504 90.0 0 0 1 0 1 0 -1 0 0 3005.DAT
0 STEP
1 86 670.0 -528 90.0 0 0 1 0 1 0 -1 0 0 3005.DAT
0 STEP
1 86 670.0 -552 120.0 0 0 1 0 1 0 -1 0 0 3010.DAT
0 STEP
1 86 670.0 -576 120.0 0 0 1 0 1 0 -1 0 0 3010.DAT
0 STEP
1 86 690.0 -600 90.0 -1 0 0 0 1 0 0 0 -1 3622.DAT
0 STEP
1 86 670.0 -624 90.0 0 0 1 0 1 0 -1 0 0 3005.DAT
0 STEP
1 86 700.0 -648 90.0 -1 0 0 0 1 0 0 0 -1 3010.DAT
0 STEP
1 86 670.0 -672 120.0 0 0 1 0 1 0 -1 0 0 3010.DAT
0 STEP
1 86 670.0 -696 90.0 0 0 1 0 1 0 -1 0 0 3005.DAT
0 STEP
1 86 680.0 -720 100.0 0 0 1 0 1 0 -1 0 0 3003.DAT
0 STEP
1 86 720.0 -816 100.0 -1 0 0 0 1 0 0 0 -1 2456.DAT
0 STEP
1 86 700.0 -864 100.0 -1 0 0 0 1 0 0 0 -1 3001.DAT
0 STEP
1 86 700.0 -624 110.0 -1 0 0 0 1 0 0 0 -1 3010.DAT
0 STEP
1 86 720.0 -696 110.0 -1 0 0 0 1 0 0 0 -1 3009.DAT
0 STEP
1 86 670.0 -696 150.0 0 0 1 0 1 0 -1 0 0 3622.DAT
0 STEP
1 86 670.0 -480 170.0 0 0 1 0 1 0 -1 0 0 3005.DAT
0 STEP
1 86 670.0 -552 170.0 0 0 1 0 1 0 -1 0 0 3005.DAT
0 STEP
1 86 670.0 -480 290.0 0 0 1 0 1 0 -1 0 0 3622.DAT
0 STEP
1 86 720.0 -48 20.0 -1 0 0 0 1 0 0 0 -1 3001.DAT
0 STEP
1 86 700.0 -144 40.0 0 0 1 0 1 0 -1 0 0 3001.DAT
0 STEP
1 86 690.0 -192 10.0 0 0 1 0 1 0 -1 0 0 3005.DAT
0 STEP
1 86 720.0 -240 10.0 -1 0 0 0 1 0 0 0 -1 3010.DAT
0 STEP
1 86 690.0 -360 10.0 0 0 1 0 1 0 -1 0 0 3005.DAT
0 STEP
1 86 700.0 -408 60.0 0 0 1 0 1 0 -1 0 0 2456.DAT
0 STEP
1 86 700.0 -432 60.0 0 0 1 0 1 0 -1 0 0 2456.DAT
0 STEP
1 86 700.0 -456 30.0 0 0 1 0 1 0 -1 0 0 3002.DAT
0 STEP
1 86 700.0 -480 60.0 0 0 1 0 1 0 -1 0 0 2456.DAT
0 STEP
1 86 690.0 -504 60.0 0 0 1 0 1 0 -1 0 0 3009.DAT
0 STEP
1 86 700.0 -528 60.0 0 0 1 0 1 0 -1 0 0 2456.DAT
0 STEP
1 86 690.0 -576 10.0 0 0 1 0 1 0 -1 0 0 3005.DAT
0 STEP
1 86 690.0 -624 10.0 0 0 1 0 1 0 -1 0 0 3005.DAT
0 STEP
1 86 690.0 -672 60.0 0 0 1 0 1 0 -1 0 0 3009.DAT
0 STEP
1 86 720.0 -744 10.0 -1 0 0 0 1 0 0 0 -1 3010.DAT
0 STEP
1 86 690.0 -768 40.0 0 0 1 0 1 0 -1 0 0 3010.DAT
0 STEP
1 86 720.0 -840 20.0 -1 0 0 0 1 0 0 0 -1 3001.DAT
0 STEP
1 86 760.0 -888 10.0 -1 0 0 0 1 0 0 0 -1 3008.DAT
0 STEP
1 86 720.0 0 40.0 -1 0 0 0 1 0 0 0 -1 3001.DAT
0 STEP
1 86 740.0 -120 40.0 -1 0 0 0 1 0 0 0 -1 2456.DAT
0 STEP
1 86 690.0 -264 30.0 0 0 1 0 1 0 -1 0 0 3005.DAT
0 STEP
1 86 690.0 -360 60.0 0 0 1 0 1 0 -1 0 0 3010.DAT
0 STEP
1 86 690.0 -576 60.0 0 0 1 0 1 0 -1 0 0 3010.DAT
0 STEP
1 86 690.0 -624 60.0 0 0 1 0 1 0 -1 0 0 3010.DAT
0 STEP
1 86 690.0 -720 30.0 0 0 1 0 1 0 -1 0 0 3005.DAT
0 STEP
1 86 720.0 -792 30.0 -1 0 0 0 1 0 0 0 -1 3010.DAT
0 STEP
1 86 690.0 -48 50.0 0 0 1 0 1 0 -1 0 0 3005.DAT
0 STEP
1 86 700.0 -72 70.0 0 0 1 0 1 0 -1 0 0 3002.DAT
0 STEP
1 86 700.0 -216 80.0 0 0 1 0 1 0 -1 0 0 3001.DAT
0 STEP
1 86 690.0 -264 80.0 0 0 1 0 1 0 -1 0 0 3010.DAT
0 STEP
1 86 690.0 -888 80.0 0 0 1 0 1 0 -1 0 0 3010.DAT
0 STEP
1 86 690.0 -120 80.0 0 0 1 0 1 0 -1 0 0 3004.DAT
0 STEP
1 86 690.0 -552 90.0 0 0 1 0 1 0 -1 0 0 3622.DAT
0 STEP
1 86 720.0 -600 70.0 -1 0 0 0 1 0 0 0 -1 3010.DAT
0 STEP
1 86 700.0 -648 70.0 -1 0 0 0 1 0 0 0 -1 3004.DAT
0 STEP
1 86 720.0 -696 80.0 -1 0 0 0 1 0 0 0 -1 3001.DAT
0 STEP
1 86 700.0 -792 90.0 0 0 1 0 1 0 -1 0 0 3002.DAT
0 STEP
1 86 690.0 -168 100.0 0 0 1 0 1 0 -1 0 0 3004.DAT
0 STEP
1 86 740.0 -768 90.0 -1 0 0 0 1 0 0 0 -1 3009.DAT
0 STEP
1 86 690.0 -840 90.0 0 0 1 0 1 0 -1 0 0 3005.DAT
0 STEP
1 86 690.0 -72 110.0 0 0 1 0 1 0 -1 0 0 3005.DAT
0 STEP
1 86 690.0 -360 110.0 0 0 1 0 1 0 -1 0 0 3005.DAT
0 STEP
1 86 700.0 -456 140.0 0 0 1 0 1 0 -1 0 0 3001.DAT
0 STEP
1 86 690.0 -576 110.0 0 0 1 0 1 0 -1 0 0 3005.DAT
0 STEP
1 86 720.0 -600 110.0 -1 0 0 0 1 0 0 0 -1 3010.DAT
0 STEP
1 86 740.0 -648 110.0 -1 0 0 0 1 0 0 0 -1 3009.DAT
0 STEP
1 86 710.0 -768 110.0 -1 0 0 0 1 0 0 0 -1 3622.DAT
0 STEP
1 86 710.0 -24 40.0 0 0 1 0 1 0 -1 0 0 3010.DAT
0 STEP
1 86 740.0 -96 10.0 -1 0 0 0 1 0 0 0 -1 3010.DAT
0 STEP
1 86 720.0 -192 40.0 0 0 1 0 1 0 -1 0 0 3001.DAT
0 STEP
1 86 720.0 -264 60.0 0 0 1 0 1 0 -1 0 0 2456.DAT
0 STEP
1 86 710.0 -288 60.0 0 0 1 0 1 0 -1 0 0 3009.DAT
0 STEP
1 86 720.0 -312 60.0 0 0 1 0 1 0 -1 0 0 2456.DAT
0 STEP
1 86 720.0 -336 60.0 0 0 1 0 1 0 -1 0 0 2456.DAT
0 STEP
1 86 720.0 -360 60.0 0 0 1 0 1 0 -1 0 0 2456.DAT
0 STEP
1 86 720.0 -384 60.0 0 0 1 0 1 0 -1 0 0 2456.DAT
0 STEP
1 86 720.0 -504 60.0 0 0 1 0 1 0 -1 0 0 2456.DAT
0 STEP
1 86 780.0 -576 20.0 -1 0 0 0 1 0 0 0 -1 3007.DAT
0 STEP
1 86 710.0 -624 30.0 0 0 1 0 1 0 -1 0 0 3622.DAT
0 STEP
1 86 720.0 -672 60.0 0 0 1 0 1 0 -1 0 0 2456.DAT
0 STEP
1 86 710.0 -720 60.0 0 0 1 0 1 0 -1 0 0 3009.DAT
0 STEP
1 86 720.0 -768 40.0 0 0 1 0 1 0 -1 0 0 3001.DAT
0 STEP
1 86 710.0 -816 40.0 0 0 1 0 1 0 -1 0 0 3010.DAT
0 STEP
1 86 720.0 -864 30.0 0 0 1 0 1 0 -1 0 0 3002.DAT
0 STEP
1 86 720.0 -96 30.0 -1 0 0 0 1 0 0 0 -1 3004.DAT
0 STEP
1 86 710.0 -888 60.0 0 0 1 0 1 0 -1 0 0 3010.DAT
0 STEP
1 86 720.0 -48 80.0 0 0 1 0 1 0 -1 0 0 3001.DAT
0 STEP
1 86 710.0 -96 50.0 0 0 1 0 1 0 -1 0 0 3005.DAT
0 STEP
1 86 710.0 -552 80.0 0 0 1 0 1 0 -1 0 0 3010.DAT
0 STEP
1 86 710.0 -576 80.0 0 0 1 0 1 0 -1 0 0 3010.DAT
0 STEP
1 86 710.0 -840 80.0 0 0 1 0 1 0 -1 0 0 3010.DAT
0 STEP
1 86 740.0 -120 70.0 -1 0 0 0 1 0 0 0 -1 3010.DAT
0 STEP
1 86 710.0 -168 90.0 0 0 1 0 1 0 -1 0 0 3622.DAT
0 STEP
1 86 740.0 -624 70.0 -1 0 0 0 1 0 0 0 -1 3010.DAT
0 STEP
1 86 710.0 -24 90.0 0 0 1 0 1 0 -1 0 0 3005.DAT
0 STEP
1 86 740.0 -120 100.0 -1 0 0 0 1 0 0 0 -1 3001.DAT
0 STEP
1 86 720.0 -192 90.0 -1 0 0 0 1 0 0 0 -1 3004.DAT
0 STEP
1 86 720.0 -624 90.0 -1 0 0 0 1 0 0 0 -1 3004.DAT
0 STEP
1 86 740.0 -24 110.0 -1 0 0 0 1 0 0 0 -1 3010.DAT
0 STEP
1 86 740.0 -72 110.0 -1 0 0 0 1 0 0 0 -1 3010.DAT
0 STEP
1 86 710.0 -744 110.0 0 0 1 0 1 0 -1 0 0 3005.DAT
0 STEP
1 86 710.0 -888 110.0 0 0 1 0 1 0 -1 0 0 3005.DAT
0 STEP
1 86 760.0 -24 10.0 -1 0 0 0 1 0 0 0 -1 3010.DAT
0 STEP
1 86 730.0 -72 40.0 0 0 1 0 1 0 -1 0 0 3010.DAT
0 STEP
1 86 730.0 -144 40.0 0 0 1 0 1 0 -1 0 0 3010.DAT
0 STEP
1 86 730.0 -288 10.0 0 0 1 0 1 0 -1 0 0 3005.DAT
0 STEP
1 86 740.0 -408 60.0 0 0 1 0 1 0 -1 0 0 2456.DAT
0 STEP
1 86 730.0 -432 10.0 0 0 1 0 1 0 -1 0 0 3005.DAT
0 STEP
1 86 740.0 -456 30.0 0 0 1 0 1 0 -1 0 0 3002.DAT
0 STEP
1 86 740.0 -480 60.0 0 0 1 0 1 0 -1 0 0 2456.DAT
0 STEP
1 86 760.0 -528 10.0 -1 0 0 0 1 0 0 0 -1 3010.DAT
0 STEP
1 86 740.0 -552 60.0 0 0 1 0 1 0 -1 0 0 2456.DAT
0 STEP
1 86 800.0 -624 20.0 -1 0 0 0 1 0 0 0 -1 3007.DAT
0 STEP
1 86 760.0 -720 10.0 -1 0 0 0 1 0 0 0 -1 3010.DAT
0 STEP
1 86 760.0 -816 20.0 -1 0 0 0 1 0 0 0 -1 3001.DAT
0 STEP
1 86 730.0 -24 30.0 0 0 1 0 1 0 -1 0 0 3005.DAT
0 STEP
1 86 780.0 -216 40.0 -1 0 0 0 1 0 0 0 -1 2456.DAT
0 STEP
1 86 730.0 -288 60.0 0 0 1 0 1 0 -1 0 0 3010.DAT
0 STEP
1 86 730.0 -432 60.0 0 0 1 0 1 0 -1 0 0 3010.DAT
0 STEP
1 86 740.0 -528 60.0 0 0 1 0 1 0 -1 0 0 3001.DAT
0 STEP
1 86 730.0 -648 50.0 0 0 1 0 1 0 -1 0 0 3622.DAT
0 STEP
1 86 760.0 -720 40.0 -1 0 0 0 1 0 0 0 -1 3001.DAT
0 STEP
1 86 780.0 -888 30.0 -1 0 0 0 1 0 0 0 -1 3009.DAT
0 STEP
1 86 800.0 -24 50.0 -1 0 0 0 1 0 0 0 -1 3008.DAT
0 STEP
1 86 730.0 -96 80.0 0 0 1 0 1 0 -1 0 0 3010.DAT
0 STEP
1 86 730.0 -240 50.0 0 0 1 0 1 0 -1 0 0 3005.DAT
0 STEP
1 86 740.0 -576 80.0 0 0 1 0 1 0 -1 0 0 3001.DAT
0 STEP
1 86 730.0 -624 50.0 0 0 1 0 1 0 -1 0 0 3005.DAT
0 STEP
1 86 740.0 -744 80.0 0 0 1 0 1 0 -1 0 0 3001.DAT
0 STEP
1 86 730.0 -816 60.0 0 0 1 0 1 0 -1 0 0 3004.DAT
0 STEP
1 86 740.0 -840 80.0 0 0 1 0 1 0 -1 0 0 3001.DAT
0 STEP
1 86 740.0 -888 80.0 0 0 1 0 1 0 -1 0 0 3001.DAT
0 STEP
1 86 800.0 -24 80.0 -1 0 0 0 1 0 0 0 -1 3007.DAT
0 STEP
1 86 750.0 -168 80.0 -1 0 0 0 1 0 0 0 -1 3002.DAT
0 STEP
1 86 750.0 -216 70.0 -1 0 0 0 1 0 0 0 -1 3622.DAT
0 STEP
1 86 750.0 -720 70.0 -1 0 0 0 1 0 0 0 -1 3622.DAT
0 STEP
1 86 730.0 -792 90.0 0 0 1 0 1 0 -1 0 0 3622.DAT
0 STEP
1 86 750.0 -72 90.0 -1 0 0 0 1 0 0 0 -1 3622.DAT
0 STEP
1 86 760.0 -216 90.0 -1 0 0 0 1 0 0 0 -1 3010.DAT
0 STEP
1 86 760.0 -600 90.0 -1 0 0 0 1 0 0 0 -1 3010.DAT
0 STEP
1 86 760.0 -720 90.0 -1 0 0 0 1 0 0 0 -1 3010.DAT
0 STEP
1 86 730.0 -144 110.0 0 0 1 0 1 0 -1 0 0 3005.DAT
0 STEP
1 86 750.0 -168 110.0 -1 0 0 0 1 0 0 0 -1 3622.DAT
0 STEP
1 86 730.0 -216 110.0 0 0 1 0 1 0 -1 0 0 3005.DAT
0 STEP
1 86 730.0 -240 110.0 0 0 1 0 1 0 -1 0 0 3005.DAT
0 STEP
1 86 730.0 -288 110.0 0 0 1 0 1 0 -1 0 0 3005.DAT
0 STEP
1 86 730.0 -432 110.0 0 0 1 0 1 0 -1 0 0 3005.DAT
0 STEP
1 86 740.0 -456 140.0 0 0 1 0 1 0 -1 0 0 3001.DAT
0 STEP
1 86 740.0 -528 110.0 -1 0 0 0 1 0 0 0 -1 3004.DAT
0 STEP
1 86 730.0 -720 110.0 0 0 1 0 1 0 -1 0 0 3005.DAT
0 STEP
1 86 760.0 -456 260.0 -1 0 0 0 1 0 0 0 -1 3001.DAT
0 STEP
1 86 760.0 -456 300.0 -1 0 0 0 1 0 0 0 -1 3001.DAT
0 STEP
1 86 760.0 -456 340.0 -1 0 0 0 1 0 0 0 -1 3001.DAT
0 STEP
1 86 750.0 0 10.0 0 0 1 0 1 0 -1 0 0 3005.DAT
0 STEP
1 86 800.0 -72 20.0 -1 0 0 0 1 0 0 0 -1 2456.DAT
0 STEP
1 86 760.0 -144 60.0 0 0 1 0 1 0 -1 0 0 2456.DAT
0 STEP
1 86 760.0 -192 60.0 0 0 1 0 1 0 -1 0 0 2456.DAT
0 STEP
1 86 750.0 -216 10.0 0 0 1 0 1 0 -1 0 0 3005.DAT
0 STEP
1 86 760.0 -264 40.0 0 0 1 0 1 0 -1 0 0 3001.DAT
0 STEP
1 86 760.0 -288 60.0 0 0 1 0 1 0 -1 0 0 2456.DAT
0 STEP
1 86 750.0 -312 10.0 0 0 1 0 1 0 -1 0 0 3005.DAT
0 STEP
1 86 760.0 -336 60.0 0 0 1 0 1 0 -1 0 0 2456.DAT
0 STEP
1 86 760.0 -360 60.0 0 0 1 0 1 0 -1 0 0 2456.DAT
0 STEP
1 86 750.0 -384 60.0 0 0 1 0 1 0 -1 0 0 3009.DAT
0 STEP
1 86 760.0 -432 60.0 0 0 1 0 1 0 -1 0 0 2456.DAT
0 STEP
1 86 760.0 -504 60.0 0 0 1 0 1 0 -1 0 0 2456.DAT
0 STEP
1 86 750.0 -600 30.0 0 0 1 0 1 0 -1 0 0 3622.DAT
0 STEP
1 86 750.0 -672 60.0 0 0 1 0 1 0 -1 0 0 3009.DAT
0 STEP
1 86 780.0 -768 10.0 -1 0 0 0 1 0 0 0 -1 3010.DAT
0 STEP
1 86 750.0 -792 10.0 0 0 1 0 1 0 -1 0 0 3005.DAT
0 STEP
1 86 760.0 -864 30.0 0 0 1 0 1 0 -1 0 0 3002.DAT
0 STEP
1 86 780.0 -24 30.0 -1 0 0 0 1 0 0 0 -1 3010.DAT
0 STEP
1 86 750.0 -96 60.0 0 0 1 0 1 0 -1 0 0 3010.DAT
0 STEP
1 86 770.0 -168 30.0 -1 0 0 0 1 0 0 0 -1 3622.DAT
0 STEP
1 86 750.0 -240 30.0 0 0 1 0 1 0 -1 0 0 3005.DAT
0 STEP
1 86 750.0 -312 60.0 0 0 1 0 1 0 -1 0 0 3010.DAT
0 STEP
1 86 760.0 -648 60.0 0 0 1 0 1 0 -1 0 0 3001.DAT
0 STEP
1 86 750.0 -696 40.0 0 0 1 0 1 0 -1 0 0 3004.DAT
0 STEP
1 86 750.0 -744 30.0 0 0 1 0 1 0 -1 0 0 3005.DAT
0 STEP
1 86 780.0 -768 40.0 -1 0 0 0 1 0 0 0 -1 3001.DAT
0 STEP
1 86 750.0 -48 80.0 0 0 1 0 1 0 -1 0 0 3010.DAT
0 STEP
1 86 760.0 -72 60.0 0 0 1 0 1 0 -1 0 0 3003.DAT
0 STEP
1 86 760.0 -240 80.0 0 0 1 0 1 0 -1 0 0 3001.DAT
0 STEP
1 86 800.0 -624 50.0 -1 0 0 0 1 0 0 0 -1 3009.DAT
0 STEP
1 86 750.0 -792 80.0 0 0 1 0 1 0 -1 0 0 3010.DAT
0 STEP
1 86 770.0 -816 50.0 -1 0 0 0 1 0 0 0 -1 3622.DAT
0 STEP
1 86 750.0 0 90.0 0 0 1 0 1 0 -1 0 0 3622.DAT
0 STEP
1 86 760.0 -768 70.0 -1 0 0 0 1 0 0 0 -1 3004.DAT
0 STEP
1 86 760.0 -816 70.0 -1 0 0 0 1 0 0 0 -1 3004.DAT
0 STEP
1 86 770.0 -264 90.0 -1 0 0 0 1 0 0 0 -1 3622.DAT
0 STEP
1 86 760.0 -624 100.0 0 0 1 0 1 0 -1 0 0 3003.DAT
0 STEP
1 86 750.0 -864 90.0 0 0 1 0 1 0 -1 0 0 3005.DAT
0 STEP
1 86 750.0 -96 110.0 0 0 1 0 1 0 -1 0 0 3005.DAT
0 STEP
1 86 780.0 -216 110.0 -1 0 0 0 1 0 0 0 -1 3010.DAT
0 STEP
1 86 780.0 -264 110.0 -1 0 0 0 1 0 0 0 -1 3010.DAT
0 STEP
1 86 750.0 -312 110.0 0 0 1 0 1 0 -1 0 0 3005.DAT
0 STEP
1 86 780.0 -720 110.0 -1 0 0 0 1 0 0 0 -1 3010.DAT
0 STEP
1 86 780.0 -768 110.0 -1 0 0 0 1 0 0 0 -1 3010.DAT
0 STEP
1 86 760.0 -864 110.0 -1 0 0 0 1 0 0 0 -1 3004.DAT
0 STEP
1 86 770.0 0 60.0 0 0 1 0 1 0 -1 0 0 3009.DAT
0 STEP
1 86 780.0 -48 40.0 0 0 1 0 1 0 -1 0 0 3001.DAT
0 STEP
1 86 800.0 -216 10.0 -1 0 0 0 1 0 0 0 -1 3010.DAT
0 STEP
1 86 780.0 -240 20.0 0 0 1 0 1 0 -1 0 0 3003.DAT
0 STEP
1 86 770.0 -312 60.0 0 0 1 0 1 0 -1 0 0 3009.DAT
0 STEP
1 86 780.0 -384 30.0 0 0 1 0 1 0 -1 0 0 3002.DAT
0 STEP
1 86 770.0 -408 60.0 0 0 1 0 1 0 -1 0 0 3009.DAT
0 STEP
1 86 780.0 -456 30.0 0 0 1 0 1 0 -1 0 0 3002.DAT
0 STEP
1 86 770.0 -480 60.0 0 0 1 0 1 0 -1 0 0 3009.DAT
0 STEP
1 86 770.0 -552 60.0 0 0 1 0 1 0 -1 0 0 3009.DAT
0 STEP
1 86 770.0 -600 40.0 0 0 1 0 1 0 -1 0 0 3010.DAT
0 STEP
1 86 770.0 -672 10.0 0 0 1 0 1 0 -1 0 0 3005.DAT
0 STEP
1 86 770.0 -744 60.0 0 0 1 0 1 0 -1 0 0 3009.DAT
0 STEP
1 86 770.0 -792 60.0 0 0 1 0 1 0 -1 0 0 3009.DAT
0 STEP
1 86 770.0 -840 10.0 0 0 1 0 1 0 -1 0 0 3005.DAT
0 STEP
1 86 770.0 -96 30.0 0 0 1 0 1 0 -1 0 0 3005.DAT
0 STEP
1 86 770.0 -528 30.0 0 0 1 0 1 0 -1 0 0 3005.DAT
0 STEP
1 86 800.0 -672 40.0 -1 0 0 0 1 0 0 0 -1 3001.DAT
0 STEP
1 86 770.0 -696 60.0 0 0 1 0 1 0 -1 0 0 3010.DAT
0 STEP
1 86 770.0 -840 60.0 0 0 1 0 1 0 -1 0 0 3010.DAT
0 STEP
1 86 770.0 -96 80.0 0 0 1 0 1 0 -1 0 0 3010.DAT
0 STEP
1 86 770.0 -528 80.0 0 0 1 0 1 0 -1 0 0 3010.DAT
0 STEP
1 86 770.0 -576 80.0 0 0 1 0 1 0 -1 0 0 3010.DAT
0 STEP
1 86 780.0 -888 80.0 0 0 1 0 1 0 -1 0 0 3001.DAT
0 STEP
1 86 770.0 -384 90.0 0 0 1 0 1 0 -1 0 0 3622.DAT
0 STEP
1 86 770.0 -672 90.0 0 0 1 0 1 0 -1 0 0 3622.DAT
0 STEP
1 86 780.0 -48 90.0 -1 0 0 0 1 0 0 0 -1 3004.DAT
0 STEP
1 86 770.0 -456 100.0 0 0 1 0 1 0 -1 0 0 3004.DAT
0 STEP
1 86 840.0 -864 90.0 -1 0 0 0 1 0 0 0 -1 3008.DAT
0 STEP
1 86 790.0 -48 110.0 -1 0 0 0 1 0 0 0 -1 3622.DAT
0 STEP
1 86 790.0 -600 110.0 -1 0 0 0 1 0 0 0 -1 3622.DAT
0 STEP
1 86 780.0 -840 110.0 -1 0 0 0 1 0 0 0 -1 3004.DAT
0 STEP
1 86 780.0 -456 150.0 0 0 1 0 1 0 -1 0 0 3002.DAT
0 STEP
1 86 840.0 0 10.0 -1 0 0 0 1 0 0 0 -1 3009.DAT
0 STEP
1 86 810.0 -96 20.0 -1 0 0 0 1 0 0 0 -1 3002.DAT
0 STEP
1 86 790.0 -144 30.0 0 0 1 0 1 0 -1 0 0 3622.DAT
0 STEP
1 86 800.0 -192 30.0 0 0 1 0 1 0 -1 0 0 3002.DAT
0 STEP
1 86 800.0 -264 30.0 0 0 1 0 1 0 -1 0 0 3002.DAT
0 STEP
1 86 790.0 -288 30.0 0 0 1 0 1 0 -1 0 0 3622.DAT
0 STEP
1 86 800.0 -312 30.0 0 0 1 0 1 0 -1 0 0 3002.DAT
0 STEP
1 86 790.0 -336 30.0 0 0 1 0 1 0 -1 0 0 3622.DAT
0 STEP
1 86 800.0 -360 30.0 0 0 1 0 1 0 -1 0 0 3002.DAT
0 STEP
1 86 790.0 -408 30.0 0 0 1 0 1 0 -1 0 0 3622.DAT
0 STEP
1 86 800.0 -432 30.0 0 0 1 0 1 0 -1 0 0 3002.DAT
0 STEP
1 86 790.0 -480 30.0 0 0 1 0 1 0 -1 0 0 3622.DAT
0 STEP
1 86 800.0 -504 30.0 0 0 1 0 1 0 -1 0 0 3002.DAT
0 STEP
1 86 790.0 -552 30.0 0 0 1 0 1 0 -1 0 0 3622.DAT
0 STEP
1 86 800.0 -600 30.0 0 0 1 0 1 0 -1 0 0 3002.DAT
0 STEP
1 86 790.0 -648 30.0 0 0 1 0 1 0 -1 0 0 3622.DAT
0 STEP
1 86 820.0 -672 10.0 -1 0 0 0 1 0 0 0 -1 3010.DAT
0 STEP
1 86 840.0 -744 20.0 -1 0 0 0 1 0 0 0 -1 2456.DAT
0 STEP
1 86 810.0 -792 20.0 -1 0 0 0 1 0 0 0 -1 3002.DAT
0 STEP
1 86 820.0 -840 10.0 -1 0 0 0 1 0 0 0 -1 3010.DAT
0 STEP
1 86 800.0 -864 30.0 0 0 1 0 1 0 -1 0 0 3002.DAT
0 STEP
1 86 820.0 0 40.0 -1 0 0 0 1 0 0 0 -1 3001.DAT
0 STEP
1 86 820.0 -528 40.0 -1 0 0 0 1 0 0 0 -1 3001.DAT
0 STEP
1 86 790.0 -696 40.0 0 0 1 0 1 0 -1 0 0 3004.DAT
0 STEP
1 86 840.0 -840 30.0 -1 0 0 0 1 0 0 0 -1 3009.DAT
0 STEP
1 86 790.0 -72 50.0 0 0 1 0 1 0 -1 0 0 3005.DAT
0 STEP
1 86 860.0 -96 50.0 -1 0 0 0 1 0 0 0 -1 3008.DAT
0 STEP
1 86 790.0 -168 50.0 0 0 1 0 1 0 -1 0 0 3005.DAT
0 STEP
1 86 790.0 -240 50.0 0 0 1 0 1 0 -1 0 0 3005.DAT
0 STEP
1 86 820.0 -576 50.0 -1 0 0 0 1 0 0 0 -1 3010.DAT
0 STEP
1 86 790.0 -744 50.0 0 0 1 0 1 0 -1 0 0 3005.DAT
0 STEP
1 86 790.0 -792 50.0 0 0 1 0 1 0 -1 0 0 3005.DAT
0 STEP
1 86 800.0 -840 50.0 -1 0 0 0 1 0 0 0 -1 3004.DAT
0 STEP
1 86 800.0 0 100.0 0 0 1 0 1 0 -1 0 0 3001.DAT
0 STEP
1 86 790.0 -840 80.0 0 0 1 0 1 0 -1 0 0 3004.DAT
0 STEP
1 86 790.0 -72 140.0 0 0 1 0 1 0 -1 0 0 3009.DAT
0 STEP
1 86 790.0 -96 90.0 0 0 1 0 1 0 -1 0 0 3005.DAT
0 STEP
1 86 790.0 -120 160.0 0 0 1 0 1 0 -1 0 0 3008.DAT
0 STEP
1 86 790.0 -144 90.0 0 0 1 0 1 0 -1 0 0 3005.DAT
0 STEP
1 86 790.0 -168 140.0 0 0 1 0 1 0 -1 0 0 3009.DAT
0 STEP
1 86 790.0 -192 120.0 0 0 1 0 1 0 -1 0 0 3010.DAT
0 STEP
1 86 790.0 -240 120.0 0 0 1 0 1 0 -1 0 0 3010.DAT
0 STEP
1 86 790.0 -288 140.0 0 0 1 0 1 0 -1 0 0 3009.DAT
0 STEP
1 86 790.0 -312 90.0 0 0 1 0 1 0 -1 0 0 3005.DAT
0 STEP
1 86 790.0 -336 110.0 0 0 1 0 1 0 -1 0 0 3622.DAT
0 STEP
1 86 790.0 -360 90.0 0 0 1 0 1 0 -1 0 0 3005.DAT
0 STEP
1 86 790.0 -384 140.0 0 0 1 0 1 0 -1 0 0 3009.DAT
0 STEP
1 86 790.0 -408 140.0 0 0 1 0 1 0 -1 0 0 3009.DAT
0 STEP
1 86 790.0 -432 110.0 0 0 1 0 1 0 -1 0 0 3622.DAT
0 STEP
1 86 790.0 -480 90.0 0 0 1 0 1 0 -1 0 0 3005.DAT
0 STEP
1 86 790.0 -504 90.0 0 0 1 0 1 0 -1 0 0 3005.DAT
0 STEP
1 86 790.0 -528 160.0 0 0 1 0 1 0 -1 0 0 3008.DAT
0 STEP
1 86 790.0 -552 160.0 0 0 1 0 1 0 -1 0 0 3008.DAT
0 STEP
1 86 790.0 -576 160.0 0 0 1 0 1 0 -1 0 0 3008.DAT
0 STEP
1 86 790.0 -624 110.0 0 0 1 0 1 0 -1 0 0 3622.DAT
0 STEP
1 86 790.0 -648 90.0 0 0 1 0 1 0 -1 0 0 3005.DAT
0 STEP
1 86 790.0 -672 110.0 0 0 1 0 1 0 -1 0 0 3622.DAT
0 STEP
1 86 790.0 -696 140.0 0 0 1 0 1 0 -1 0 0 3009.DAT
0 STEP
1 86 790.0 -744 160.0 0 0 1 0 1 0 -1 0 0 3008.DAT
0 STEP
1 86 790.0 -792 90.0 0 0 1 0 1 0 -1 0 0 3005.DAT
0 STEP
1 86 790.0 -816 110.0 0 0 1 0 1 0 -1 0 0 3622.DAT
0 STEP
1 86 790.0 -24 180.0 0 0 1 0 1 0 -1 0 0 3008.DAT
0 STEP
1 86 800.0 -96 110.0 -1 0 0 0 1 0 0 0 -1 3004.DAT
0 STEP
1 86 800.0 -144 110.0 -1 0 0 0 1 0 0 0 -1 3004.DAT
0 STEP
1 86 800.0 -312 160.0 0 0 1 0 1 0 -1 0 0 2456.DAT
0 STEP
1 86 790.0 -360 140.0 0 0 1 0 1 0 -1 0 0 3010.DAT
0 STEP
1 86 790.0 -456 110.0 0 0 1 0 1 0 -1 0 0 3005.DAT
0 STEP
1 86 800.0 -480 110.0 -1 0 0 0 1 0 0 0 -1 3004.DAT
0 STEP
1 86 790.0 -504 140.0 0 0 1 0 1 0 -1 0 0 3010.DAT
0 STEP
1 86 790.0 -792 160.0 0 0 1 0 1 0 -1 0 0 3009.DAT
0 STEP
1 86 800.0 -864 140.0 0 0 1 0 1 0 -1 0 0 3001.DAT
0 STEP
1 86 820.0 -48 140.0 -1 0 0 0 1 0 0 0 -1 3001.DAT
0 STEP
1 86 810.0 -96 140.0 -1 0 0 0 1 0 0 0 -1 3002.DAT
0 STEP
1 86 810.0 -144 130.0 -1 0 0 0 1 0 0 0 -1 3622.DAT
0 STEP
1 86 810.0 -216 140.0 -1 0 0 0 1 0 0 0 -1 3002.DAT
0 STEP
1 86 790.0 -264 130.0 0 0 1 0 1 0 -1 0 0 3005.DAT
0 STEP
1 86 790.0 -480 180.0 0 0 1 0 1 0 -1 0 0 3009.DAT
0 STEP
1 86 810.0 -600 140.0 -1 0 0 0 1 0 0 0 -1 3002.DAT
0 STEP
1 86 790.0 -648 150.0 0 0 1 0 1 0 -1 0 0 3622.DAT
0 STEP
1 86 810.0 -720 140.0 -1 0 0 0 1 0 0 0 -1 3002.DAT
0 STEP
1 86 810.0 -768 140.0 -1 0 0 0 1 0 0 0 -1 3002.DAT
0 STEP
1 86 790.0 -840 180.0 0 0 1 0 1 0 -1 0 0 3009.DAT
0 STEP
1 86 820.0 -888 140.0 -1 0 0 0 1 0 0 0 -1 3001.DAT
0 STEP
1 86 820.0 0 150.0 -1 0 0 0 1 0 0 0 -1 3010.DAT
0 STEP
1 86 810.0 -144 160.0 -1 0 0 0 1 0 0 0 -1 3002.DAT
0 STEP
1 86 790.0 -264 180.0 0 0 1 0 1 0 -1 0 0 3010.DAT
0 STEP
1 86 790.0 -336 220.0 0 0 1 0 1 0 -1 0 0 3008.DAT
0 STEP
1 86 790.0 -432 200.0 0 0 1 0 1 0 -1 0 0 3009.DAT
0 STEP
1 86 790.0 -624 180.0 0 0 1 0 1 0 -1 0 0 3010.DAT
0 STEP
1 86 810.0 -672 150.0 -1 0 0 0 1 0 0 0 -1 3622.DAT
0 STEP
1 86 810.0 -816 160.0 -1 0 0 0 1 0 0 0 -1 3002.DAT
0 STEP
1 86 800.0 0 190.0 0 0 1 0 1 0 -1 0 0 3002.DAT
0 STEP
1 86 840.0 -48 180.0 -1 0 0 0 1 0 0 0 -1 2456.DAT
0 STEP
1 86 810.0 -96 180.0 -1 0 0 0 1 0 0 0 -1 3002.DAT
0 STEP
1 86 790.0 -192 170.0 0 0 1 0 1 0 -1 0 0 3005.DAT
0 STEP
1 86 810.0 -216 170.0 -1 0 0 0 1 0 0 0 -1 3622.DAT
0 STEP
1 86 790.0 -240 170.0 0 0 1 0 1 0 -1 0 0 3005.DAT
0 STEP
1 86 810.0 -600 170.0 -1 0 0 0 1 0 0 0 -1 3622.DAT
0 STEP
1 86 800.0 -672 200.0 0 0 1 0 1 0 -1 0 0 3001.DAT
0 STEP
1 86 800.0 -720 200.0 0 0 1 0 1 0 -1 0 0 3001.DAT
0 STEP
1 86 810.0 -768 170.0 -1 0 0 0 1 0 0 0 -1 3622.DAT
0 STEP
1 86 800.0 -888 200.0 0 0 1 0 1 0 -1 0 0 3001.DAT
0 STEP
1 86 810.0 -144 200.0 -1 0 0 0 1 0 0 0 -1 3002.DAT
0 STEP
1 86 810.0 -192 200.0 -1 0 0 0 1 0 0 0 -1 3002.DAT
0 STEP
1 86 800.0 -216 190.0 -1 0 0 0 1 0 0 0 -1 3004.DAT
0 STEP
1 86 810.0 -240 200.0 -1 0 0 0 1 0 0 0 -1 3002.DAT
0 STEP
1 86 790.0 -360 190.0 0 0 1 0 1 0 -1 0 0 3005.DAT
0 STEP
1 86 790.0 -504 210.0 0 0 1 0 1 0 -1 0 0 3622.DAT
0 STEP
1 86 860.0 -600 190.0 -1 0 0 0 1 0 0 0 -1 3008.DAT
0 STEP
1 86 800.0 -648 190.0 -1 0 0 0 1 0 0 0 -1 3004.DAT
0 STEP
1 86 820.0 -768 200.0 -1 0 0 0 1 0 0 0 -1 3001.DAT
0 STEP
1 86 860.0 -816 190.0 -1 0 0 0 1 0 0 0 -1 3008.DAT
0 STEP
1 86 840.0 -864 190.0 -1 0 0 0 1 0 0 0 -1 3009.DAT
0 STEP
1 86 790.0 -48 210.0 0 0 1 0 1 0 -1 0 0 3005.DAT
0 STEP
1 86 810.0 -72 220.0 -1 0 0 0 1 0 0 0 -1 3002.DAT
0 STEP
1 86 800.0 -96 260.0 0 0 1 0 1 0 -1 0 0 2456.DAT
0 STEP
1 86 800.0 -168 240.0 0 0 1 0 1 0 -1 0 0 3001.DAT
0 STEP
1 86 800.0 -216 280.0 0 0 1 0 1 0 -1 0 0 3007.DAT
0 STEP
1 86 790.0 -288 280.0 0 0 1 0 1 0 -1 0 0 3008.DAT
0 STEP
1 86 790.0 -360 280.0 0 0 1 0 1 0 -1 0 0 3008.DAT
0 STEP
1 86 800.0 -384 240.0 0 0 1 0 1 0 -1 0 0 3001.DAT
0 STEP
1 86 790.0 -408 280.0 0 0 1 0 1 0 -1 0 0 3008.DAT
0 STEP
1 86 860.0 -600 220.0 -1 0 0 0 1 0 0 0 -1 3007.DAT
0 STEP
1 86 840.0 -648 210.0 -1 0 0 0 1 0 0 0 -1 3009.DAT
0 STEP
1 86 860.0 -696 220.0 -1 0 0 0 1 0 0 0 -1 3007.DAT
0 STEP
1 86 860.0 -816 220.0 -1 0 0 0 1 0 0 0 -1 3007.DAT
0 STEP
1 86 810.0 -864 220.0 -1 0 0 0 1 0 0 0 -1 3002.DAT
0 STEP
1 86 800.0 0 240.0 0 0 1 0 1 0 -1 0 0 3003.DAT
0 STEP
1 86 790.0 -48 280.0 0 0 1 0 1 0 -1 0 0 3009.DAT
0 STEP
1 86 790.0 -144 280.0 0 0 1 0 1 0 -1 0 0 3009.DAT
0 STEP
1 86 810.0 -192 230.0 -1 0 0 0 1 0 0 0 -1 3622.DAT
0 STEP
1 86 810.0 -240 240.0 -1 0 0 0 1 0 0 0 -1 3002.DAT
0 STEP
1 86 790.0 -264 230.0 0 0 1 0 1 0 -1 0 0 3005.DAT
0 STEP
1 86 800.0 -312 230.0 -1 0 0 0 1 0 0 0 -1 3004.DAT
0 STEP
1 86 810.0 -624 230.0 -1 0 0 0 1 0 0 0 -1 3622.DAT
0 STEP
1 86 790.0 -648 230.0 0 0 1 0 1 0 -1 0 0 3005.DAT
0 STEP
1 86 820.0 -768 230.0 -1 0 0 0 1 0 0 0 -1 3010.DAT
0 STEP
1 86 790.0 -792 230.0 0 0 1 0 1 0 -1 0 0 3005.DAT
0 STEP
1 86 810.0 -72 260.0 -1 0 0 0 1 0 0 0 -1 3002.DAT
0 STEP
1 86 790.0 -120 250.0 0 0 1 0 1 0 -1 0 0 3005.DAT
0 STEP
1 86 810.0 -192 260.0 -1 0 0 0 1 0 0 0 -1 3002.DAT
0 STEP
1 86 800.0 -264 280.0 0 0 1 0 1 0 -1 0 0 3001.DAT
0 STEP
1 86 790.0 -312 300.0 0 0 1 0 1 0 -1 0 0 3009.DAT
0 STEP
1 86 790.0 0 270.0 0 0 1 0 1 0 -1 0 0 3005.DAT
0 STEP
1 86 820.0 -24 280.0 -1 0 0 0 1 0 0 0 -1 3001.DAT
0 STEP
1 86 810.0 -120 270.0 -1 0 0 0 1 0 0 0 -1 3622.DAT
0 STEP
1 86 810.0 -240 280.0 -1 0 0 0 1 0 0 0 -1 3002.DAT
0 STEP
1 86 790.0 -432 300.0 0 0 1 0 1 0 -1 0 0 3010.DAT
0 STEP
1 86 790.0 0 320.0 0 0 1 0 1 0 -1 0 0 3010.DAT
0 STEP
1 86 790.0 -72 320.0 0 0 1 0 1 0 -1 0 0 3010.DAT
0 STEP
1 86 810.0 -120 300.0 -1 0 0 0 1 0 0 0 -1 3002.DAT
0 STEP
1 86 810.0 -168 290.0 -1 0 0 0 1 0 0 0 -1 3622.DAT
0 STEP
1 86 810.0 -192 300.0 -1 0 0 0 1 0 0 0 -1 3002.DAT
0 STEP
1 86 790.0 -384 320.0 0 0 1 0 1 0 -1 0 0 3010.DAT
0 STEP
1 86 820.0 -24 310.0 -1 0 0 0 1 0 0 0 -1 3010.DAT
0 STEP
1 86 800.0 -168 330.0 0 0 1 0 1 0 -1 0 0 3002.DAT
0 STEP
1 86 790.0 -240 320.0 0 0 1 0 1 0 -1 0 0 3004.DAT
0 STEP
1 86 790.0 -336 330.0 0 0 1 0 1 0 -1 0 0 3622.DAT
0 STEP
1 86 820.0 -24 340.0 -1 0 0 0 1 0 0 0 -1 3001.DAT
0 STEP
1 86 790.0 -96 340.0 0 0 1 0 1 0 -1 0 0 3004.DAT
0 STEP
1 86 810.0 -120 330.0 -1 0 0 0 1 0 0 0 -1 3622.DAT
0 STEP
1 86 840.0 -192 330.0 -1 0 0 0 1 0 0 0 -1 3009.DAT
0 STEP
1 86 820.0 -264 340.0 -1 0 0 0 1 0 0 0 -1 3001.DAT
0 STEP
1 86 790.0 -48 350.0 0 0 1 0 1 0 -1 0 0 3005.DAT
0 STEP
1 86 790.0 -120 350.0 0 0 1 0 1 0 -1 0 0 3005.DAT
0 STEP
1 86 790.0 -144 350.0 0 0 1 0 1 0 -1 0 0 3005.DAT
0 STEP
1 86 790.0 -192 350.0 0 0 1 0 1 0 -1 0 0 3005.DAT
0 STEP
1 86 840.0 -240 350.0 -1 0 0 0 1 0 0 0 -1 3009.DAT
0 STEP
1 86 790.0 -432 350.0 0 0 1 0 1 0 -1 0 0 3005.DAT
0 STEP
1 86 810.0 -24 10.0 0 0 1 0 1 0 -1 0 0 3005.DAT
0 STEP
1 86 840.0 -48 10.0 -1 0 0 0 1 0 0 0 -1 3010.DAT
0 STEP
1 86 840.0 -120 20.0 -1 0 0 0 1 0 0 0 -1 3001.DAT
0 STEP
1 86 820.0 -144 30.0 0 0 1 0 1 0 -1 0 0 3002.DAT
0 STEP
1 86 810.0 -240 30.0 0 0 1 0 1 0 -1 0 0 3622.DAT
0 STEP
1 86 810.0 -288 20.0 0 0 1 0 1 0 -1 0 0 3004.DAT
0 STEP
1 86 820.0 -336 30.0 0 0 1 0 1 0 -1 0 0 3002.DAT
0 STEP
1 86 810.0 -384 30.0 0 0 1 0 1 0 -1 0 0 3622.DAT
0 STEP
1 86 820.0 -408 30.0 0 0 1 0 1 0 -1 0 0 3002.DAT
0 STEP
1 86 820.0 -456 30.0 0 0 1 0 1 0 -1 0 0 3002.DAT
0 STEP
1 86 820.0 -480 30.0 0 0 1 0 1 0 -1 0 0 3002.DAT
0 STEP
1 86 830.0 -528 10.0 -1 0 0 0 1 0 0 0 -1 3622.DAT
0 STEP
1 86 820.0 -552 30.0 0 0 1 0 1 0 -1 0 0 3002.DAT
0 STEP
1 86 820.0 -648 10.0 -1 0 0 0 1 0 0 0 -1 3004.DAT
0 STEP
1 86 820.0 -720 30.0 0 0 1 0 1 0 -1 0 0 3002.DAT
0 STEP
1 86 820.0 -816 30.0 0 0 1 0 1 0 -1 0 0 3002.DAT
0 STEP
1 86 820.0 -48 30.0 -1 0 0 0 1 0 0 0 -1 3004.DAT
0 STEP
1 86 840.0 -168 40.0 -1 0 0 0 1 0 0 0 -1 3001.DAT
0 STEP
1 86 900.0 -648 40.0 -1 0 0 0 1 0 0 0 -1 3006.DAT
0 STEP
1 86 860.0 -696 30.0 -1 0 0 0 1 0 0 0 -1 3009.DAT
0 STEP
1 86 810.0 -48 70.0 0 0 1 0 1 0 -1 0 0 3622.DAT
0 STEP
1 86 840.0 -72 50.0 -1 0 0 0 1 0 0 0 -1 3010.DAT
0 STEP
1 86 840.0 -120 50.0 -1 0 0 0 1 0 0 0 -1 3010.DAT
0 STEP
1 86 840.0 -288 50.0 -1 0 0 0 1 0 0 0 -1 3010.DAT
0 STEP
1 86 810.0 -696 50.0 0 0 1 0 1 0 -1 0 0 3005.DAT
0 STEP
1 86 840.0 -744 50.0 -1 0 0 0 1 0 0 0 -1 3010.DAT
0 STEP
1 86 840.0 -792 50.0 -1 0 0 0 1 0 0 0 -1 3010.DAT
0 STEP
1 86 820.0 -888 80.0 0 0 1 0 1 0 -1 0 0 3001.DAT
0 STEP
1 86 810.0 -840 90.0 0 0 1 0 1 0 -1 0 0 3622.DAT
0 STEP
1 86 840.0 -24 110.0 -1 0 0 0 1 0 0 0 -1 3010.DAT
0 STEP
1 86 810.0 -72 140.0 0 0 1 0 1 0 -1 0 0 3010.DAT
0 STEP
1 86 810.0 -120 180.0 0 0 1 0 1 0 -1 0 0 3008.DAT
0 STEP
1 86 810.0 -168 110.0 0 0 1 0 1 0 -1 0 0 3005.DAT
0 STEP
1 86 810.0 -192 140.0 0 0 1 0 1 0 -1 0 0 3010.DAT
0 STEP
1 86 810.0 -240 140.0 0 0 1 0 1 0 -1 0 0 3010.DAT
0 STEP
1 86 810.0 -288 180.0 0 0 1 0 1 0 -1 0 0 3008.DAT
0 STEP
1 86 810.0 -336 140.0 0 0 1 0 1 0 -1 0 0 3010.DAT
0 STEP
1 86 810.0 -360 180.0 0 0 1 0 1 0 -1 0 0 3008.DAT
0 STEP
1 86 810.0 -384 140.0 0 0 1 0 1 0 -1 0 0 3010.DAT
0 STEP
1 86 810.0 -408 160.0 0 0 1 0 1 0 -1 0 0 3009.DAT
0 STEP
1 86 810.0 -432 130.0 0 0 1 0 1 0 -1 0 0 3622.DAT
0 STEP
1 86 810.0 -504 130.0 0 0 1 0 1 0 -1 0 0 3622.DAT
0 STEP
1 86 810.0 -528 160.0 0 0 1 0 1 0 -1 0 0 3009.DAT
0 STEP
1 86 810.0 -552 160.0 0 0 1 0 1 0 -1 0 0 3009.DAT
0 STEP
1 86 810.0 -576 110.0 0 0 1 0 1 0 -1 0 0 3005.DAT
0 STEP
1 86 810.0 -624 120.0 0 0 1 0 1 0 -1 0 0 3004.DAT
0 STEP
1 86 810.0 -648 140.0 0 0 1 0 1 0 -1 0 0 3010.DAT
0 STEP
1 86 810.0 -672 110.0 0 0 1 0 1 0 -1 0 0 3005.DAT
0 STEP
1 86 810.0 -696 140.0 0 0 1 0 1 0 -1 0 0 3010.DAT
0 STEP
1 86 810.0 -744 140.0 0 0 1 0 1 0 -1 0 0 3010.DAT
0 STEP
1 86 810.0 -792 110.0 0 0 1 0 1 0 -1 0 0 3005.DAT
0 STEP
1 86 810.0 -816 120.0 0 0 1 0 1 0 -1 0 0 3004.DAT
0 STEP
1 86 820.0 -24 180.0 0 0 1 0 1 0 -1 0 0 2456.DAT
0 STEP
1 86 820.0 -168 160.0 0 0 1 0 1 0 -1 0 0 3001.DAT
0 STEP
1 86 820.0 -264 160.0 0 0 1 0 1 0 -1 0 0 3001.DAT
0 STEP
1 86 810.0 -456 130.0 0 0 1 0 1 0 -1 0 0 3005.DAT
0 STEP
1 86 820.0 -480 150.0 0 0 1 0 1 0 -1 0 0 3002.DAT
0 STEP
1 86 820.0 -576 180.0 0 0 1 0 1 0 -1 0 0 2456.DAT
0 STEP
1 86 820.0 -672 130.0 -1 0 0 0 1 0 0 0 -1 3004.DAT
0 STEP
1 86 820.0 -792 180.0 0 0 1 0 1 0 -1 0 0 2456.DAT
0 STEP
1 86 820.0 -840 130.0 -1 0 0 0 1 0 0 0 -1 3004.DAT
0 STEP
1 86 810.0 -456 200.0 0 0 1 0 1 0 -1 0 0 3009.DAT
0 STEP
1 86 820.0 -624 180.0 0 0 1 0 1 0 -1 0 0 3001.DAT
0 STEP
1 86 820.0 -840 180.0 0 0 1 0 1 0 -1 0 0 3001.DAT
0 STEP
1 86 810.0 -432 240.0 0 0 1 0 1 0 -1 0 0 3008.DAT
0 STEP
1 86 820.0 -504 200.0 0 0 1 0 1 0 -1 0 0 3001.DAT
0 STEP
1 86 810.0 -72 190.0 0 0 1 0 1 0 -1 0 0 3005.DAT
0 STEP
1 86 810.0 -336 190.0 0 0 1 0 1 0 -1 0 0 3005.DAT
0 STEP
1 86 810.0 -384 190.0 0 0 1 0 1 0 -1 0 0 3005.DAT
0 STEP
1 86 840.0 -480 190.0 -1 0 0 0 1 0 0 0 -1 3010.DAT
0 STEP
1 86 810.0 -696 190.0 0 0 1 0 1 0 -1 0 0 3005.DAT
0 STEP
1 86 810.0 -744 190.0 0 0 1 0 1 0 -1 0 0 3005.DAT
0 STEP
1 86 810.0 -48 280.0 0 0 1 0 1 0 -1 0 0 3008.DAT
0 STEP
1 86 810.0 -264 220.0 0 0 1 0 1 0 -1 0 0 3004.DAT
0 STEP
1 86 810.0 -336 280.0 0 0 1 0 1 0 -1 0 0 3008.DAT
0 STEP
1 86 840.0 -480 220.0 -1 0 0 0 1 0 0 0 -1 3001.DAT
0 STEP
1 86 840.0 -744 220.0 -1 0 0 0 1 0 0 0 -1 3001.DAT
0 STEP
1 86 810.0 -144 230.0 0 0 1 0 1 0 -1 0 0 3005.DAT
0 STEP
1 86 810.0 -408 280.0 0 0 1 0 1 0 -1 0 0 3009.DAT
0 STEP
1 86 810.0 -528 230.0 0 0 1 0 1 0 -1 0 0 3005.DAT
0 STEP
1 86 810.0 -552 230.0 0 0 1 0 1 0 -1 0 0 3005.DAT
0 STEP
1 86 840.0 -648 230.0 -1 0 0 0 1 0 0 0 -1 3010.DAT
0 STEP
1 86 830.0 -840 230.0 -1 0 0 0 1 0 0 0 -1 3622.DAT
0 STEP
1 86 840.0 -24 250.0 -1 0 0 0 1 0 0 0 -1 3010.DAT
0 STEP
1 86 810.0 -144 280.0 0 0 1 0 1 0 -1 0 0 3010.DAT
0 STEP
1 86 810.0 -312 280.0 0 0 1 0 1 0 -1 0 0 3010.DAT
0 STEP
1 86 810.0 0 300.0 0 0 1 0 1 0 -1 0 0 3010.DAT
0 STEP
1 86 810.0 -288 270.0 0 0 1 0 1 0 -1 0 0 3005.DAT
0 STEP
1 86 810.0 -360 320.0 0 0 1 0 1 0 -1 0 0 3009.DAT
0 STEP
1 86 810.0 -456 300.0 0 0 1 0 1 0 -1 0 0 3010.DAT
0 STEP
1 86 820.0 -72 290.0 -1 0 0 0 1 0 0 0 -1 3004.DAT
0 STEP
1 86 810.0 -288 320.0 0 0 1 0 1 0 -1 0 0 3010.DAT
0 STEP
1 86 810.0 -384 340.0 0 0 1 0 1 0 -1 0 0 3009.DAT
0 STEP
1 86 840.0 -72 320.0 -1 0 0 0 1 0 0 0 -1 3001.DAT
0 STEP
1 86 840.0 -240 320.0 -1 0 0 0 1 0 0 0 -1 3001.DAT
0 STEP
1 86 820.0 -96 360.0 0 0 1 0 1 0 -1 0 0 3001.DAT
0 STEP
1 86 820.0 -144 360.0 0 0 1 0 1 0 -1 0 0 3001.DAT
0 STEP
1 86 820.0 -312 360.0 0 0 1 0 1 0 -1 0 0 3001.DAT
0 STEP
1 86 820.0 -432 340.0 0 0 1 0 1 0 -1 0 0 3003.DAT
0 STEP
1 86 810.0 0 350.0 0 0 1 0 1 0 -1 0 0 3005.DAT
0 STEP
1 86 840.0 -72 350.0 -1 0 0 0 1 0 0 0 -1 3010.DAT
0 STEP
1 86 880.0 -120 350.0 -1 0 0 0 1 0 0 0 -1 3008.DAT
0 STEP
1 86 830.0 -192 360.0 -1 0 0 0 1 0 0 0 -1 3002.DAT
0 STEP
1 86 820.0 -408 370.0 0 0 1 0 1 0 -1 0 0 3002.DAT
0 STEP
1 86 810.0 -456 350.0 0 0 1 0 1 0 -1 0 0 3005.DAT
0 STEP
1 86 840.0 -120 370.0 -1 0 0 0 1 0 0 0 -1 3010.DAT
0 STEP
1 86 810.0 -168 370.0 0 0 1 0 1 0 -1 0 0 3005.DAT
0 STEP
1 86 810.0 -336 380.0 0 0 1 0 1 0 -1 0 0 3004.DAT
0 STEP
1 86 880.0 -120 390.0 -1 0 0 0 1 0 0 0 -1 3008.DAT
0 STEP
1 86 880.0 -168 390.0 -1 0 0 0 1 0 0 0 -1 3008.DAT
0 STEP
1 86 830.0 -192 390.0 -1 0 0 0 1 0 0 0 -1 3622.DAT
0 STEP
1 86 810.0 -360 390.0 0 0 1 0 1 0 -1 0 0 3005.DAT
0 STEP
1 86 830.0 -24 20.0 0 0 1 0 1 0 -1 0 0 3004.DAT
0 STEP
1 86 860.0 -168 10.0 -1 0 0 0 1 0 0 0 -1 3010.DAT
0 STEP
1 86 900.0 -192 20.0 -1 0 0 0 1 0 0 0 -1 3007.DAT
0 STEP
1 86 900.0 -240 20.0 -1 0 0 0 1 0 0 0 -1 3007.DAT
0 STEP
1 86 830.0 -264 30.0 0 0 1 0 1 0 -1 0 0 3622.DAT
0 STEP
1 86 880.0 -288 20.0 -1 0 0 0 1 0 0 0 -1 2456.DAT
0 STEP
1 86 840.0 -312 30.0 0 0 1 0 1 0 -1 0 0 3002.DAT
0 STEP
1 86 840.0 -360 30.0 0 0 1 0 1 0 -1 0 0 3002.DAT
0 STEP
1 86 840.0 -384 30.0 0 0 1 0 1 0 -1 0 0 3002.DAT
0 STEP
1 86 840.0 -432 30.0 0 0 1 0 1 0 -1 0 0 3002.DAT
0 STEP
1 86 840.0 -504 30.0 0 0 1 0 1 0 -1 0 0 3002.DAT
0 STEP
1 86 830.0 -600 30.0 0 0 1 0 1 0 -1 0 0 3622.DAT
0 STEP
1 86 860.0 -696 10.0 -1 0 0 0 1 0 0 0 -1 3010.DAT
0 STEP
1 86 830.0 -768 30.0 0 0 1 0 1 0 -1 0 0 3622.DAT
0 STEP
1 86 830.0 -864 40.0 0 0 1 0 1 0 -1 0 0 3010.DAT
0 STEP
1 86 830.0 -48 80.0 0 0 1 0 1 0 -1 0 0 3010.DAT
0 STEP
1 86 880.0 -192 50.0 -1 0 0 0 1 0 0 0 -1 3009.DAT
0 STEP
1 86 880.0 -240 50.0 -1 0 0 0 1 0 0 0 -1 3009.DAT
0 STEP
1 86 860.0 -696 50.0 -1 0 0 0 1 0 0 0 -1 3010.DAT
0 STEP
1 86 840.0 -840 80.0 0 0 1 0 1 0 -1 0 0 3001.DAT
0 STEP
1 86 840.0 0 100.0 0 0 1 0 1 0 -1 0 0 3001.DAT
0 STEP
1 86 860.0 -864 120.0 -1 0 0 0 1 0 0 0 -1 3001.DAT
0 STEP
1 86 830.0 -72 160.0 0 0 1 0 1 0 -1 0 0 3010.DAT
0 STEP
1 86 830.0 -120 180.0 0 0 1 0 1 0 -1 0 0 3009.DAT
0 STEP
1 86 830.0 -192 150.0 0 0 1 0 1 0 -1 0 0 3622.DAT
0 STEP
1 86 830.0 -240 150.0 0 0 1 0 1 0 -1 0 0 3622.DAT
0 STEP
1 86 830.0 -288 130.0 0 0 1 0 1 0 -1 0 0 3005.DAT
0 STEP
1 86 830.0 -312 130.0 0 0 1 0 1 0 -1 0 0 3005.DAT
0 STEP
1 86 830.0 -336 180.0 0 0 1 0 1 0 -1 0 0 3009.DAT
0 STEP
1 86 830.0 -360 200.0 0 0 1 0 1 0 -1 0 0 3008.DAT
0 STEP
1 86 830.0 -384 160.0 0 0 1 0 1 0 -1 0 0 3010.DAT
0 STEP
1 86 830.0 -408 130.0 0 0 1 0 1 0 -1 0 0 3005.DAT
0 STEP
1 86 830.0 -432 160.0 0 0 1 0 1 0 -1 0 0 3010.DAT
0 STEP
1 86 830.0 -504 140.0 0 0 1 0 1 0 -1 0 0 3004.DAT
0 STEP
1 86 830.0 -528 180.0 0 0 1 0 1 0 -1 0 0 3009.DAT
0 STEP
1 86 830.0 -552 180.0 0 0 1 0 1 0 -1 0 0 3009.DAT
0 STEP
1 86 830.0 -624 130.0 0 0 1 0 1 0 -1 0 0 3005.DAT
0 STEP
1 86 830.0 -648 160.0 0 0 1 0 1 0 -1 0 0 3010.DAT
0 STEP
1 86 830.0 -696 160.0 0 0 1 0 1 0 -1 0 0 3010.DAT
0 STEP
1 86 830.0 -744 150.0 0 0 1 0 1 0 -1 0 0 3622.DAT
0 STEP
1 86 830.0 -816 130.0 0 0 1 0 1 0 -1 0 0 3005.DAT
0 STEP
1 86 830.0 -288 200.0 0 0 1 0 1 0 -1 0 0 3009.DAT
0 STEP
1 86 830.0 -312 200.0 0 0 1 0 1 0 -1 0 0 3009.DAT
0 STEP
1 86 830.0 -408 180.0 0 0 1 0 1 0 -1 0 0 3010.DAT
0 STEP
1 86 860.0 -864 160.0 -1 0 0 0 1 0 0 0 -1 3001.DAT
0 STEP
1 86 830.0 0 170.0 0 0 1 0 1 0 -1 0 0 3005.DAT
0 STEP
1 86 830.0 -672 200.0 0 0 1 0 1 0 -1 0 0 3010.DAT
0 STEP
1 86 830.0 -720 200.0 0 0 1 0 1 0 -1 0 0 3010.DAT
0 STEP
1 86 840.0 -888 200.0 0 0 1 0 1 0 -1 0 0 3001.DAT
0 STEP
1 86 830.0 0 240.0 0 0 1 0 1 0 -1 0 0 3009.DAT
0 STEP
1 86 830.0 -216 260.0 0 0 1 0 1 0 -1 0 0 3008.DAT
0 STEP
1 86 860.0 -744 190.0 -1 0 0 0 1 0 0 0 -1 3010.DAT
0 STEP
1 86 860.0 -48 220.0 -1 0 0 0 1 0 0 0 -1 3001.DAT
0 STEP
1 86 830.0 -96 260.0 0 0 1 0 1 0 -1 0 0 3009.DAT
0 STEP
1 86 830.0 -168 240.0 0 0 1 0 1 0 -1 0 0 3010.DAT
0 STEP
1 86 830.0 -264 260.0 0 0 1 0 1 0 -1 0 0 3009.DAT
0 STEP
1 86 830.0 -384 260.0 0 0 1 0 1 0 -1 0 0 3009.DAT
0 STEP
1 86 830.0 -432 210.0 0 0 1 0 1 0 -1 0 0 3005.DAT
0 STEP
1 86 860.0 -456 210.0 -1 0 0 0 1 0 0 0 -1 3010.DAT
0 STEP
1 86 830.0 -144 260.0 0 0 1 0 1 0 -1 0 0 3010.DAT
0 STEP
1 86 830.0 -408 230.0 0 0 1 0 1 0 -1 0 0 3005.DAT
0 STEP
1 86 860.0 -432 230.0 -1 0 0 0 1 0 0 0 -1 3010.DAT
0 STEP
1 86 830.0 -456 230.0 0 0 1 0 1 0 -1 0 0 3005.DAT
0 STEP
1 86 830.0 -48 250.0 0 0 1 0 1 0 -1 0 0 3005.DAT
0 STEP
1 86 830.0 -120 250.0 0 0 1 0 1 0 -1 0 0 3005.DAT
0 STEP
1 86 830.0 -336 320.0 0 0 1 0 1 0 -1 0 0 3008.DAT
0 STEP
1 86 860.0 -408 260.0 -1 0 0 0 1 0 0 0 -1 3001.DAT
0 STEP
1 86 830.0 -432 280.0 0 0 1 0 1 0 -1 0 0 3010.DAT
0 STEP
1 86 830.0 -456 300.0 0 0 1 0 1 0 -1 0 0 3009.DAT
0 STEP
1 86 830.0 -48 300.0 0 0 1 0 1 0 -1 0 0 3010.DAT
0 STEP
1 86 830.0 -288 300.0 0 0 1 0 1 0 -1 0 0 3010.DAT
0 STEP
1 86 830.0 -312 290.0 0 0 1 0 1 0 -1 0 0 3622.DAT
0 STEP
1 86 830.0 -360 340.0 0 0 1 0 1 0 -1 0 0 3009.DAT
0 STEP
1 86 840.0 -408 310.0 0 0 1 0 1 0 -1 0 0 3002.DAT
0 STEP
1 86 840.0 0 330.0 0 0 1 0 1 0 -1 0 0 3002.DAT
0 STEP
1 86 830.0 -144 310.0 0 0 1 0 1 0 -1 0 0 3005.DAT
0 STEP
1 86 830.0 -168 340.0 0 0 1 0 1 0 -1 0 0 3010.DAT
0 STEP
1 86 830.0 -384 330.0 0 0 1 0 1 0 -1 0 0 3005.DAT
0 STEP
1 86 830.0 -48 350.0 0 0 1 0 1 0 -1 0 0 3005.DAT
0 STEP
1 86 830.0 -216 350.0 0 0 1 0 1 0 -1 0 0 3005.DAT
0 STEP
1 86 830.0 -288 350.0 0 0 1 0 1 0 -1 0 0 3005.DAT
0 STEP
1 86 840.0 -384 370.0 0 0 1 0 1 0 -1 0 0 3002.DAT
0 STEP
1 86 850.0 -24 10.0 0 0 1 0 1 0 -1 0 0 3005.DAT
0 STEP
1 86 850.0 -96 10.0 0 0 1 0 1 0 -1 0 0 3005.DAT
0 STEP
1 86 880.0 -144 20.0 -1 0 0 0 1 0 0 0 -1 3001.DAT
0 STEP
1 86 850.0 -216 30.0 0 0 1 0 1 0 -1 0 0 3622.DAT
0 STEP
1 86 860.0 -264 30.0 0 0 1 0 1 0 -1 0 0 3002.DAT
0 STEP
1 86 860.0 -336 30.0 0 0 1 0 1 0 -1 0 0 3002.DAT
0 STEP
1 86 860.0 -408 30.0 0 0 1 0 1 0 -1 0 0 3002.DAT
0 STEP
1 86 860.0 -456 30.0 0 0 1 0 1 0 -1 0 0 3002.DAT
0 STEP
1 86 850.0 -480 30.0 0 0 1 0 1 0 -1 0 0 3622.DAT
0 STEP
1 86 880.0 -552 20.0 -1 0 0 0 1 0 0 0 -1 3001.DAT
0 STEP
1 86 850.0 -600 10.0 0 0 1 0 1 0 -1 0 0 3005.DAT
0 STEP
1 86 920.0 -648 10.0 -1 0 0 0 1 0 0 0 -1 3008.DAT
0 STEP
1 86 850.0 -720 30.0 0 0 1 0 1 0 -1 0 0 3622.DAT
0 STEP
1 86 880.0 -768 10.0 -1 0 0 0 1 0 0 0 -1 3010.DAT
0 STEP
1 86 860.0 -792 20.0 0 0 1 0 1 0 -1 0 0 3003.DAT
0 STEP
1 86 870.0 -816 20.0 -1 0 0 0 1 0 0 0 -1 3002.DAT
0 STEP
1 86 880.0 -864 10.0 -1 0 0 0 1 0 0 0 -1 3010.DAT
0 STEP
1 86 860.0 -888 60.0 0 0 1 0 1 0 -1 0 0 2456.DAT
0 STEP
1 86 920.0 -24 30.0 -1 0 0 0 1 0 0 0 -1 3008.DAT
0 STEP
1 86 850.0 -48 60.0 0 0 1 0 1 0 -1 0 0 3010.DAT
0 STEP
1 86 920.0 -96 30.0 -1 0 0 0 1 0 0 0 -1 3008.DAT
0 STEP
1 86 920.0 -600 30.0 -1 0 0 0 1 0 0 0 -1 3008.DAT
0 STEP
1 86 850.0 -672 40.0 0 0 1 0 1 0 -1 0 0 3004.DAT
0 STEP
1 86 880.0 -768 40.0 -1 0 0 0 1 0 0 0 -1 3001.DAT
0 STEP
1 86 880.0 -864 40.0 -1 0 0 0 1 0 0 0 -1 3001.DAT
0 STEP
1 86 880.0 -144 50.0 -1 0 0 0 1 0 0 0 -1 3010.DAT
0 STEP
1 86 880.0 -552 50.0 -1 0 0 0 1 0 0 0 -1 3010.DAT
0 STEP
1 86 880.0 -600 50.0 -1 0 0 0 1 0 0 0 -1 3010.DAT
0 STEP
1 86 870.0 -816 50.0 -1 0 0 0 1 0 0 0 -1 3622.DAT
0 STEP
1 86 850.0 -864 70.0 0 0 1 0 1 0 -1 0 0 3005.DAT
0 STEP
1 86 850.0 -48 110.0 0 0 1 0 1 0 -1 0 0 3005.DAT
0 STEP
1 86 870.0 -24 140.0 -1 0 0 0 1 0 0 0 -1 3002.DAT
0 STEP
1 86 850.0 -840 160.0 0 0 1 0 1 0 -1 0 0 3010.DAT
0 STEP
1 86 900.0 0 180.0 -1 0 0 0 1 0 0 0 -1 2456.DAT
0 STEP
1 86 860.0 -24 200.0 0 0 1 0 1 0 -1 0 0 3001.DAT
0 STEP
1 86 860.0 -504 210.0 0 0 1 0 1 0 -1 0 0 3002.DAT
0 STEP
1 86 860.0 -528 210.0 0 0 1 0 1 0 -1 0 0 3002.DAT
0 STEP
1 86 850.0 -552 210.0 0 0 1 0 1 0 -1 0 0 3622.DAT
0 STEP
1 86 860.0 -576 210.0 0 0 1 0 1 0 -1 0 0 3002.DAT
0 STEP
1 86 860.0 -624 210.0 0 0 1 0 1 0 -1 0 0 3002.DAT
0 STEP
1 86 870.0 -648 190.0 -1 0 0 0 1 0 0 0 -1 3622.DAT
0 STEP
1 86 860.0 -672 210.0 0 0 1 0 1 0 -1 0 0 3002.DAT
0 STEP
1 86 850.0 -696 190.0 0 0 1 0 1 0 -1 0 0 3005.DAT
0 STEP
1 86 860.0 -720 210.0 0 0 1 0 1 0 -1 0 0 3002.DAT
0 STEP
1 86 850.0 -792 210.0 0 0 1 0 1 0 -1 0 0 3622.DAT
0 STEP
1 86 900.0 0 210.0 -1 0 0 0 1 0 0 0 -1 3009.DAT
0 STEP
1 86 850.0 -840 210.0 0 0 1 0 1 0 -1 0 0 3005.DAT
0 STEP
1 86 870.0 -864 210.0 -1 0 0 0 1 0 0 0 -1 3622.DAT
0 STEP
1 86 850.0 0 260.0 0 0 1 0 1 0 -1 0 0 3010.DAT
0 STEP
1 86 850.0 -456 280.0 0 0 1 0 1 0 -1 0 0 3009.DAT
0 STEP
1 86 880.0 -864 230.0 -1 0 0 0 1 0 0 0 -1 3010.DAT
0 STEP
1 86 850.0 -48 280.0 0 0 1 0 1 0 -1 0 0 3010.DAT
0 STEP
1 86 850.0 -432 300.0 0 0 1 0 1 0 -1 0 0 3009.DAT
0 STEP
1 86 850.0 -216 330.0 0 0 1 0 1 0 -1 0 0 3622.DAT
0 STEP
1 86 850.0 -264 310.0 0 0 1 0 1 0 -1 0 0 3005.DAT
0 STEP
1 86 860.0 -288 330.0 0 0 1 0 1 0 -1 0 0 3002.DAT
0 STEP
1 86 880.0 -48 340.0 -1 0 0 0 1 0 0 0 -1 3001.DAT
0 STEP
1 86 850.0 -96 360.0 0 0 1 0 1 0 -1 0 0 3010.DAT
0 STEP
1 86 860.0 -312 360.0 0 0 1 0 1 0 -1 0 0 3001.DAT
0 STEP
1 86 850.0 -144 370.0 0 0 1 0 1 0 -1 0 0 3622.DAT
0 STEP
1 86 920.0 -168 350.0 -1 0 0 0 1 0 0 0 -1 3008.DAT
0 STEP
1 86 850.0 -336 370.0 0 0 1 0 1 0 -1 0 0 3622.DAT
0 STEP
1 86 860.0 -360 370.0 0 0 1 0 1 0 -1 0 0 3002.DAT
0 STEP
1 86 850.0 -408 370.0 0 0 1 0 1 0 -1 0 0 3622.DAT
0 STEP
1 86 850.0 -456 350.0 0 0 1 0 1 0 -1 0 0 3005.DAT
0 STEP
1 86 880.0 -168 370.0 -1 0 0 0 1 0 0 0 -1 3010.DAT
0 STEP
1 86 900.0 -24 10.0 -1 0 0 0 1 0 0 0 -1 3010.DAT
0 STEP
1 86 870.0 -72 20.0 0 0 1 0 1 0 -1 0 0 3004.DAT
0 STEP
1 86 900.0 -96 10.0 -1 0 0 0 1 0 0 0 -1 3010.DAT
0 STEP
1 86 880.0 -216 30.0 0 0 1 0 1 0 -1 0 0 3002.DAT
0 STEP
1 86 880.0 -312 30.0 0 0 1 0 1 0 -1 0 0 3002.DAT
0 STEP
1 86 880.0 -360 30.0 0 0 1 0 1 0 -1 0 0 3002.DAT
0 STEP
1 86 880.0 -384 30.0 0 0 1 0 1 0 -1 0 0 3002.DAT
0 STEP
1 86 870.0 -432 30.0 0 0 1 0 1 0 -1 0 0 3622.DAT
0 STEP
1 86 880.0 -480 30.0 0 0 1 0 1 0 -1 0 0 3002.DAT
0 STEP
1 86 870.0 -504 30.0 0 0 1 0 1 0 -1 0 0 3622.DAT
0 STEP
1 86 870.0 -528 30.0 0 0 1 0 1 0 -1 0 0 3622.DAT
0 STEP
1 86 880.0 -576 30.0 0 0 1 0 1 0 -1 0 0 3002.DAT
0 STEP
1 86 920.0 -600 10.0 -1 0 0 0 1 0 0 0 -1 3009.DAT
0 STEP
1 86 880.0 -672 30.0 0 0 1 0 1 0 -1 0 0 3002.DAT
0 STEP
1 86 870.0 -720 20.0 0 0 1 0 1 0 -1 0 0 3004.DAT
0 STEP
1 86 920.0 -840 10.0 -1 0 0 0 1 0 0 0 -1 3009.DAT
0 STEP
1 86 870.0 0 30.0 0 0 1 0 1 0 -1 0 0 3005.DAT
0 STEP
1 86 870.0 -48 30.0 0 0 1 0 1 0 -1 0 0 3005.DAT
0 STEP
1 86 870.0 0 100.0 0 0 1 0 1 0 -1 0 0 3009.DAT
0 STEP
1 86 900.0 -48 60.0 -1 0 0 0 1 0 0 0 -1 3001.DAT
0 STEP
1 86 870.0 -624 50.0 0 0 1 0 1 0 -1 0 0 3005.DAT
0 STEP
1 86 900.0 -720 50.0 -1 0 0 0 1 0 0 0 -1 3010.DAT
0 STEP
1 86 870.0 -840 120.0 0 0 1 0 1 0 -1 0 0 3008.DAT
0 STEP
1 86 920.0 -864 70.0 -1 0 0 0 1 0 0 0 -1 3009.DAT
0 STEP
1 86 870.0 -48 120.0 0 0 1 0 1 0 -1 0 0 3010.DAT
0 STEP
1 86 880.0 -888 160.0 0 0 1 0 1 0 -1 0 0 3001.DAT
0 STEP
1 86 880.0 -552 210.0 0 0 1 0 1 0 -1 0 0 3002.DAT
0 STEP
1 86 900.0 -696 190.0 -1 0 0 0 1 0 0 0 -1 3010.DAT
0 STEP
1 86 880.0 -768 210.0 0 0 1 0 1 0 -1 0 0 3002.DAT
0 STEP
1 86 890.0 -792 200.0 -1 0 0 0 1 0 0 0 -1 3002.DAT
0 STEP
1 86 870.0 -840 220.0 0 0 1 0 1 0 -1 0 0 3004.DAT
0 STEP
1 86 900.0 -888 220.0 -1 0 0 0 1 0 0 0 -1 3001.DAT
0 STEP
1 86 900.0 0 240.0 -1 0 0 0 1 0 0 0 -1 3001.DAT
0 STEP
1 86 870.0 -456 230.0 0 0 1 0 1 0 -1 0 0 3005.DAT
0 STEP
1 86 890.0 -792 230.0 -1 0 0 0 1 0 0 0 -1 3622.DAT
0 STEP
1 86 900.0 -48 260.0 -1 0 0 0 1 0 0 0 -1 3001.DAT
0 STEP
1 86 870.0 -432 250.0 0 0 1 0 1 0 -1 0 0 3005.DAT
0 STEP
1 86 870.0 -456 300.0 0 0 1 0 1 0 -1 0 0 3009.DAT
0 STEP
1 86 870.0 0 270.0 0 0 1 0 1 0 -1 0 0 3005.DAT
0 STEP
1 86 870.0 -24 300.0 0 0 1 0 1 0 -1 0 0 3010.DAT
0 STEP
1 86 870.0 -432 300.0 0 0 1 0 1 0 -1 0 0 3010.DAT
0 STEP
1 86 880.0 0 320.0 0 0 1 0 1 0 -1 0 0 3001.DAT
0 STEP
1 86 900.0 -48 300.0 -1 0 0 0 1 0 0 0 -1 3001.DAT
0 STEP
1 86 870.0 -408 340.0 0 0 1 0 1 0 -1 0 0 3009.DAT
0 STEP
1 86 900.0 -216 320.0 -1 0 0 0 1 0 0 0 -1 3001.DAT
0 STEP
1 86 900.0 -264 320.0 -1 0 0 0 1 0 0 0 -1 3001.DAT
0 STEP
1 86 880.0 -96 360.0 0 0 1 0 1 0 -1 0 0 3001.DAT
0 STEP
1 86 870.0 -24 350.0 0 0 1 0 1 0 -1 0 0 3005.DAT
0 STEP
1 86 880.0 -144 370.0 0 0 1 0 1 0 -1 0 0 3002.DAT
0 STEP
1 86 880.0 -192 370.0 0 0 1 0 1 0 -1 0 0 3002.DAT
0 STEP
1 86 870.0 -216 350.0 0 0 1 0 1 0 -1 0 0 3005.DAT
0 STEP
1 86 900.0 -264 350.0 -1 0 0 0 1 0 0 0 -1 3010.DAT
0 STEP
1 86 880.0 -336 370.0 0 0 1 0 1 0 -1 0 0 3002.DAT
0 STEP
1 86 870.0 -384 370.0 0 0 1 0 1 0 -1 0 0 3622.DAT
0 STEP
1 86 870.0 -432 350.0 0 0 1 0 1 0 -1 0 0 3005.DAT
0 STEP
1 86 900.0 -48 20.0 0 0 1 0 1 0 -1 0 0 3003.DAT
0 STEP
1 86 890.0 -72 30.0 0 0 1 0 1 0 -1 0 0 3622.DAT
0 STEP
1 86 890.0 -120 30.0 0 0 1 0 1 0 -1 0 0 3622.DAT
0 STEP
1 86 900.0 -264 30.0 0 0 1 0 1 0 -1 0 0 3002.DAT
0 STEP
1 86 890.0 -336 30.0 0 0 1 0 1 0 -1 0 0 3622.DAT
0 STEP
1 86 890.0 -408 30.0 0 0 1 0 1 0 -1 0 0 3622.DAT
0 STEP
1 86 900.0 -432 30.0 0 0 1 0 1 0 -1 0 0 3002.DAT
0 STEP
1 86 900.0 -456 30.0 0 0 1 0 1 0 -1 0 0 3002.DAT
0 STEP
1 86 900.0 -504 30.0 0 0 1 0 1 0 -1 0 0 3002.DAT
0 STEP
1 86 900.0 -528 30.0 0 0 1 0 1 0 -1 0 0 3002.DAT
0 STEP
1 86 890.0 -624 30.0 0 0 1 0 1 0 -1 0 0 3622.DAT
0 STEP
1 86 920.0 -720 20.0 -1 0 0 0 1 0 0 0 -1 3001.DAT
0 STEP
1 86 890.0 -792 30.0 0 0 1 0 1 0 -1 0 0 3622.DAT
0 STEP
1 86 900.0 -888 60.0 0 0 1 0 1 0 -1 0 0 2456.DAT
0 STEP
1 86 920.0 0 30.0 -1 0 0 0 1 0 0 0 -1 3010.DAT
0 STEP
1 86 890.0 -168 40.0 0 0 1 0 1 0 -1 0 0 3004.DAT
0 STEP
1 86 920.0 0 60.0 -1 0 0 0 1 0 0 0 -1 3001.DAT
0 STEP
1 86 890.0 -24 80.0 0 0 1 0 1 0 -1 0 0 3010.DAT
0 STEP
1 86 910.0 -288 50.0 -1 0 0 0 1 0 0 0 -1 3622.DAT
0 STEP
1 86 890.0 -744 50.0 0 0 1 0 1 0 -1 0 0 3005.DAT
0 STEP
1 86 900.0 -840 80.0 0 0 1 0 1 0 -1 0 0 3001.DAT
0 STEP
1 86 890.0 0 120.0 0 0 1 0 1 0 -1 0 0 3010.DAT
0 STEP
1 86 920.0 -48 100.0 -1 0 0 0 1 0 0 0 -1 3001.DAT
0 STEP
1 86 920.0 -48 140.0 -1 0 0 0 1 0 0 0 -1 3001.DAT
0 STEP
1 86 920.0 -840 130.0 -1 0 0 0 1 0 0 0 -1 3010.DAT
0 STEP
1 86 890.0 -840 180.0 0 0 1 0 1 0 -1 0 0 3010.DAT
0 STEP
1 86 890.0 -24 240.0 0 0 1 0 1 0 -1 0 0 3008.DAT
0 STEP
1 86 900.0 -480 210.0 0 0 1 0 1 0 -1 0 0 3002.DAT
0 STEP
1 86 890.0 -504 210.0 0 0 1 0 1 0 -1 0 0 3622.DAT
0 STEP
1 86 890.0 -528 210.0 0 0 1 0 1 0 -1 0 0 3622.DAT
0 STEP
1 86 890.0 -576 210.0 0 0 1 0 1 0 -1 0 0 3622.DAT
0 STEP
1 86 890.0 -624 210.0 0 0 1 0 1 0 -1 0 0 3622.DAT
0 STEP
1 86 900.0 -672 210.0 0 0 1 0 1 0 -1 0 0 3002.DAT
0 STEP
1 86 940.0 -720 200.0 -1 0 0 0 1 0 0 0 -1 2456.DAT
0 STEP
1 86 900.0 -744 210.0 -1 0 0 0 1 0 0 0 -1 3004.DAT
0 STEP
1 86 890.0 -456 280.0 0 0 1 0 1 0 -1 0 0 3009.DAT
0 STEP
1 86 890.0 -648 230.0 0 0 1 0 1 0 -1 0 0 3005.DAT
0 STEP
1 86 890.0 -720 230.0 0 0 1 0 1 0 -1 0 0 3005.DAT
0 STEP
1 86 920.0 -744 230.0 -1 0 0 0 1 0 0 0 -1 3010.DAT
0 STEP
1 86 890.0 -840 230.0 0 0 1 0 1 0 -1 0 0 3005.DAT
0 STEP
1 86 900.0 -432 300.0 0 0 1 0 1 0 -1 0 0 2456.DAT
0 STEP
1 86 920.0 0 270.0 -1 0 0 0 1 0 0 0 -1 3010.DAT
0 STEP
1 86 900.0 -408 340.0 0 0 1 0 1 0 -1 0 0 2456.DAT
0 STEP
1 86 890.0 -72 330.0 0 0 1 0 1 0 -1 0 0 3622.DAT
0 STEP
1 86 890.0 -240 320.0 0 0 1 0 1 0 -1 0 0 3004.DAT
0 STEP
1 86 890.0 -288 330.0 0 0 1 0 1 0 -1 0 0 3622.DAT
0 STEP
1 86 940.0 -24 340.0 -1 0 0 0 1 0 0 0 -1 2456.DAT
0 STEP
1 86 900.0 -312 360.0 0 0 1 0 1 0 -1 0 0 3001.DAT
0 STEP
1 86 940.0 -216 350.0 -1 0 0 0 1 0 0 0 -1 3009.DAT
0 STEP
1 86 890.0 -360 370.0 0 0 1 0 1 0 -1 0 0 3622.DAT
0 STEP
1 86 900.0 -384 370.0 0 0 1 0 1 0 -1 0 0 3002.DAT
0 STEP
1 86 890.0 -456 350.0 0 0 1 0 1 0 -1 0 0 3005.DAT
0 STEP
1 86 890.0 -120 370.0 0 0 1 0 1 0 -1 0 0 3005.DAT
0 STEP
1 86 940.0 0 10.0 -1 0 0 0 1 0 0 0 -1 3010.DAT
0 STEP
1 86 910.0 -72 10.0 0 0 1 0 1 0 -1 0 0 3005.DAT
0 STEP
1 86 940.0 -120 10.0 -1 0 0 0 1 0 0 0 -1 3010.DAT
0 STEP
1 86 920.0 -168 30.0 0 0 1 0 1 0 -1 0 0 3002.DAT
0 STEP
1 86 910.0 -216 30.0 0 0 1 0 1 0 -1 0 0 3622.DAT
0 STEP
1 86 910.0 -312 10.0 0 0 1 0 1 0 -1 0 0 3005.DAT
0 STEP
1 86 920.0 -336 30.0 0 0 1 0 1 0 -1 0 0 3002.DAT
0 STEP
1 86 920.0 -360 30.0 0 0 1 0 1 0 -1 0 0 3002.DAT
0 STEP
1 86 920.0 -384 30.0 0 0 1 0 1 0 -1 0 0 3002.DAT
0 STEP
1 86 920.0 -408 30.0 0 0 1 0 1 0 -1 0 0 3002.DAT
0 STEP
1 86 920.0 -480 30.0 0 0 1 0 1 0 -1 0 0 3002.DAT
0 STEP
1 86 910.0 -576 30.0 0 0 1 0 1 0 -1 0 0 3622.DAT
0 STEP
1 86 920.0 -624 30.0 0 0 1 0 1 0 -1 0 0 3002.DAT
0 STEP
1 86 920.0 -672 30.0 0 0 1 0 1 0 -1 0 0 3002.DAT
0 STEP
1 86 910.0 -696 10.0 0 0 1 0 1 0 -1 0 0 3005.DAT
0 STEP
1 86 910.0 -744 10.0 0 0 1 0 1 0 -1 0 0 3005.DAT
0 STEP
1 86 940.0 -792 10.0 -1 0 0 0 1 0 0 0 -1 3010.DAT
0 STEP
1 86 920.0 -816 30.0 0 0 1 0 1 0 -1 0 0 3002.DAT
0 STEP
1 86 940.0 -72 40.0 -1 0 0 0 1 0 0 0 -1 3001.DAT
0 STEP
1 86 920.0 -120 40.0 0 0 1 0 1 0 -1 0 0 3003.DAT
0 STEP
1 86 940.0 -312 40.0 -1 0 0 0 1 0 0 0 -1 3001.DAT
0 STEP
1 86 920.0 -744 40.0 0 0 1 0 1 0 -1 0 0 3003.DAT
0 STEP
1 86 940.0 -792 40.0 -1 0 0 0 1 0 0 0 -1 3001.DAT
0 STEP
1 86 910.0 -840 30.0 0 0 1 0 1 0 -1 0 0 3005.DAT
0 STEP
1 86 910.0 -24 50.0 0 0 1 0 1 0 -1 0 0 3005.DAT
0 STEP
1 86 910.0 -696 50.0 0 0 1 0 1 0 -1 0 0 3005.DAT
0 STEP
1 86 910.0 -24 120.0 0 0 1 0 1 0 -1 0 0 3009.DAT
0 STEP
1 86 940.0 0 100.0 -1 0 0 0 1 0 0 0 -1 3001.DAT
0 STEP
1 86 920.0 -864 110.0 -1 0 0 0 1 0 0 0 -1 3004.DAT
0 STEP
1 86 940.0 0 140.0 -1 0 0 0 1 0 0 0 -1 3001.DAT
0 STEP
1 86 920.0 -864 160.0 0 0 1 0 1 0 -1 0 0 3001.DAT
0 STEP
1 86 940.0 -888 140.0 -1 0 0 0 1 0 0 0 -1 3001.DAT
0 STEP
1 86 920.0 -840 180.0 0 0 1 0 1 0 -1 0 0 3001.DAT
0 STEP
1 86 910.0 -48 200.0 0 0 1 0 1 0 -1 0 0 3010.DAT
0 STEP
1 86 920.0 -888 180.0 0 0 1 0 1 0 -1 0 0 3003.DAT
0 STEP
1 86 910.0 -24 190.0 0 0 1 0 1 0 -1 0 0 3005.DAT
0 STEP
1 86 920.0 -504 210.0 0 0 1 0 1 0 -1 0 0 3002.DAT
0 STEP
1 86 920.0 -528 210.0 0 0 1 0 1 0 -1 0 0 3002.DAT
0 STEP
1 86 920.0 -552 210.0 0 0 1 0 1 0 -1 0 0 3002.DAT
0 STEP
1 86 920.0 -576 210.0 0 0 1 0 1 0 -1 0 0 3002.DAT
0 STEP
1 86 920.0 -624 200.0 0 0 1 0 1 0 -1 0 0 3003.DAT
0 STEP
1 86 920.0 -648 210.0 0 0 1 0 1 0 -1 0 0 3002.DAT
0 STEP
1 86 910.0 -744 190.0 0 0 1 0 1 0 -1 0 0 3005.DAT
0 STEP
1 86 940.0 -768 190.0 -1 0 0 0 1 0 0 0 -1 3010.DAT
0 STEP
1 86 910.0 -24 240.0 0 0 1 0 1 0 -1 0 0 3010.DAT
0 STEP
1 86 910.0 -456 280.0 0 0 1 0 1 0 -1 0 0 3008.DAT
0 STEP
1 86 930.0 -768 220.0 -1 0 0 0 1 0 0 0 -1 3002.DAT
0 STEP
1 86 940.0 -864 210.0 -1 0 0 0 1 0 0 0 -1 3010.DAT
0 STEP
1 86 930.0 -432 230.0 -1 0 0 0 1 0 0 0 -1 3622.DAT
0 STEP
1 86 910.0 -624 230.0 0 0 1 0 1 0 -1 0 0 3005.DAT
0 STEP
1 86 940.0 -720 230.0 -1 0 0 0 1 0 0 0 -1 3010.DAT
0 STEP
1 86 940.0 -840 230.0 -1 0 0 0 1 0 0 0 -1 3010.DAT
0 STEP
1 86 930.0 -408 260.0 -1 0 0 0 1 0 0 0 -1 3002.DAT
0 STEP
1 86 920.0 0 320.0 0 0 1 0 1 0 -1 0 0 3001.DAT
0 STEP
1 86 940.0 -24 290.0 -1 0 0 0 1 0 0 0 -1 3010.DAT
0 STEP
1 86 910.0 -24 310.0 0 0 1 0 1 0 -1 0 0 3005.DAT
0 STEP
1 86 940.0 -72 310.0 -1 0 0 0 1 0 0 0 -1 3010.DAT
0 STEP
1 86 940.0 -240 320.0 -1 0 0 0 1 0 0 0 -1 3001.DAT
0 STEP
1 86 920.0 -288 330.0 0 0 1 0 1 0 -1 0 0 3002.DAT
0 STEP
1 86 940.0 -72 340.0 -1 0 0 0 1 0 0 0 -1 3001.DAT
0 STEP
1 86 910.0 -96 330.0 0 0 1 0 1 0 -1 0 0 3005.DAT
0 STEP
1 86 910.0 -192 360.0 0 0 1 0 1 0 -1 0 0 3010.DAT
0 STEP
1 86 920.0 -96 370.0 0 0 1 0 1 0 -1 0 0 3002.DAT
0 STEP
1 86 920.0 -144 370.0 0 0 1 0 1 0 -1 0 0 3002.DAT
0 STEP
1 86 940.0 -240 350.0 -1 0 0 0 1 0 0 0 -1 3010.DAT
0 STEP
1 86 920.0 -336 370.0 0 0 1 0 1 0 -1 0 0 3002.DAT
0 STEP
1 86 920.0 -360 370.0 0 0 1 0 1 0 -1 0 0 3002.DAT
0 STEP
1 86 940.0 -120 370.0 -1 0 0 0 1 0 0 0 -1 3010.DAT
0 STEP
1 86 940.0 -48 10.0 -1 0 0 0 1 0 0 0 -1 3004.DAT
0 STEP
1 86 960.0 -72 10.0 -1 0 0 0 1 0 0 0 -1 3010.DAT
0 STEP
1 86 960.0 -144 10.0 -1 0 0 0 1 0 0 0 -1 3010.DAT
0 STEP
1 86 960.0 -216 20.0 -1 0 0 0 1 0 0 0 -1 3001.DAT
0 STEP
1 86 960.0 -264 20.0 -1 0 0 0 1 0 0 0 -1 3001.DAT
0 STEP
1 86 960.0 -312 10.0 -1 0 0 0 1 0 0 0 -1 3010.DAT
0 STEP
1 86 930.0 -432 30.0 0 0 1 0 1 0 -1 0 0 3622.DAT
0 STEP
1 86 940.0 -456 30.0 0 0 1 0 1 0 -1 0 0 3002.DAT
0 STEP
1 86 940.0 -504 30.0 0 0 1 0 1 0 -1 0 0 3002.DAT
0 STEP
1 86 930.0 -528 30.0 0 0 1 0 1 0 -1 0 0 3622.DAT
0 STEP
1 86 950.0 -552 10.0 -1 0 0 0 1 0 0 0 -1 3622.DAT
0 STEP
1 86 960.0 -576 10.0 -1 0 0 0 1 0 0 0 -1 3010.DAT
0 STEP
1 86 960.0 -696 10.0 -1 0 0 0 1 0 0 0 -1 3010.DAT
0 STEP
1 86 960.0 -744 10.0 -1 0 0 0 1 0 0 0 -1 3010.DAT
0 STEP
1 86 930.0 -768 30.0 0 0 1 0 1 0 -1 0 0 3622.DAT
0 STEP
1 86 940.0 -864 30.0 0 0 1 0 1 0 -1 0 0 3002.DAT
0 STEP
1 86 960.0 -888 20.0 -1 0 0 0 1 0 0 0 -1 3001.DAT
0 STEP
1 86 930.0 -48 30.0 0 0 1 0 1 0 -1 0 0 3005.DAT
0 STEP
1 86 960.0 -144 40.0 -1 0 0 0 1 0 0 0 -1 3001.DAT
0 STEP
1 86 930.0 -552 40.0 0 0 1 0 1 0 -1 0 0 3004.DAT
0 STEP
1 86 930.0 -576 40.0 0 0 1 0 1 0 -1 0 0 3004.DAT
0 STEP
1 86 960.0 -696 40.0 -1 0 0 0 1 0 0 0 -1 3001.DAT
0 STEP
1 86 960.0 -840 30.0 -1 0 0 0 1 0 0 0 -1 3010.DAT
0 STEP
1 86 930.0 -24 120.0 0 0 1 0 1 0 -1 0 0 3008.DAT
0 STEP
1 86 960.0 -216 50.0 -1 0 0 0 1 0 0 0 -1 3010.DAT
0 STEP
1 86 960.0 -264 50.0 -1 0 0 0 1 0 0 0 -1 3010.DAT
0 STEP
1 86 930.0 -600 50.0 0 0 1 0 1 0 -1 0 0 3005.DAT
0 STEP
1 86 940.0 -840 80.0 0 0 1 0 1 0 -1 0 0 3001.DAT
0 STEP
1 86 960.0 -888 60.0 -1 0 0 0 1 0 0 0 -1 3001.DAT
0 STEP
1 86 950.0 -864 90.0 -1 0 0 0 1 0 0 0 -1 3622.DAT
0 STEP
1 86 960.0 -888 90.0 -1 0 0 0 1 0 0 0 -1 3010.DAT
0 STEP
1 86 950.0 -888 110.0 -1 0 0 0 1 0 0 0 -1 3622.DAT
0 STEP
1 86 960.0 -48 170.0 -1 0 0 0 1 0 0 0 -1 3010.DAT
0 STEP
1 86 940.0 -48 190.0 -1 0 0 0 1 0 0 0 -1 3004.DAT
0 STEP
1 86 940.0 -480 210.0 0 0 1 0 1 0 -1 0 0 3002.DAT
0 STEP
1 86 960.0 -672 200.0 -1 0 0 0 1 0 0 0 -1 3001.DAT
0 STEP
1 86 930.0 -744 200.0 0 0 1 0 1 0 -1 0 0 3004.DAT
0 STEP
1 86 930.0 -792 210.0 0 0 1 0 1 0 -1 0 0 3622.DAT
0 STEP
1 86 960.0 -24 220.0 -1 0 0 0 1 0 0 0 -1 3001.DAT
0 STEP
1 86 930.0 -48 220.0 0 0 1 0 1 0 -1 0 0 3004.DAT
0 STEP
1 86 950.0 -456 210.0 -1 0 0 0 1 0 0 0 -1 3622.DAT
0 STEP
1 86 930.0 -456 280.0 0 0 1 0 1 0 -1 0 0 3009.DAT
0 STEP
1 86 960.0 -624 230.0 -1 0 0 0 1 0 0 0 -1 3010.DAT
0 STEP
1 86 960.0 -672 230.0 -1 0 0 0 1 0 0 0 -1 3010.DAT
0 STEP
1 86 950.0 -864 230.0 -1 0 0 0 1 0 0 0 -1 3622.DAT
0 STEP
1 86 960.0 -24 260.0 -1 0 0 0 1 0 0 0 -1 3001.DAT
0 STEP
1 86 930.0 -432 300.0 0 0 1 0 1 0 -1 0 0 3009.DAT
0 STEP
1 86 940.0 -408 340.0 0 0 1 0 1 0 -1 0 0 2456.DAT
0 STEP
1 86 960.0 -24 310.0 -1 0 0 0 1 0 0 0 -1 3010.DAT
0 STEP
1 86 930.0 -48 330.0 0 0 1 0 1 0 -1 0 0 3005.DAT
0 STEP
1 86 960.0 -96 330.0 -1 0 0 0 1 0 0 0 -1 3010.DAT
0 STEP
1 86 940.0 -192 360.0 0 0 1 0 1 0 -1 0 0 3001.DAT
0 STEP
1 86 940.0 -312 360.0 0 0 1 0 1 0 -1 0 0 3001.DAT
0 STEP
1 86 940.0 -48 350.0 -1 0 0 0 1 0 0 0 -1 3004.DAT
0 STEP
1 86 930.0 -384 370.0 0 0 1 0 1 0 -1 0 0 3622.DAT
0 STEP
1 86 950.0 -456 350.0 -1 0 0 0 1 0 0 0 -1 3622.DAT
0 STEP
1 86 950.0 -168 370.0 -1 0 0 0 1 0 0 0 -1 3622.DAT
0 STEP
1 86 970.0 -24 10.0 -1 0 0 0 1 0 0 0 -1 3622.DAT
0 STEP
1 86 970.0 -96 10.0 -1 0 0 0 1 0 0 0 -1 3622.DAT
0 STEP
1 86 950.0 -168 40.0 0 0 1 0 1 0 -1 0 0 3010.DAT
0 STEP
1 86 950.0 -288 40.0 0 0 1 0 1 0 -1 0 0 3010.DAT
0 STEP
1 86 950.0 -336 30.0 0 0 1 0 1 0 -1 0 0 3622.DAT
0 STEP
1 86 960.0 -360 40.0 0 0 1 0 1 0 -1 0 0 3001.DAT
0 STEP
1 86 950.0 -384 40.0 0 0 1 0 1 0 -1 0 0 3010.DAT
0 STEP
1 86 960.0 -408 40.0 0 0 1 0 1 0 -1 0 0 3001.DAT
0 STEP
1 86 960.0 -432 10.0 -1 0 0 0 1 0 0 0 -1 3004.DAT
0 STEP
1 86 960.0 -480 40.0 0 0 1 0 1 0 -1 0 0 3001.DAT
0 STEP
1 86 960.0 -528 10.0 -1 0 0 0 1 0 0 0 -1 3004.DAT
0 STEP
1 86 950.0 -624 40.0 0 0 1 0 1 0 -1 0 0 3010.DAT
0 STEP
1 86 960.0 -672 80.0 0 0 1 0 1 0 -1 0 0 3007.DAT
0 STEP
1 86 970.0 -768 20.0 -1 0 0 0 1 0 0 0 -1 3002.DAT
0 STEP
1 86 950.0 -816 40.0 0 0 1 0 1 0 -1 0 0 3010.DAT
0 STEP
1 86 950.0 -48 50.0 0 0 1 0 1 0 -1 0 0 3622.DAT
0 STEP
1 86 960.0 -120 60.0 0 0 1 0 1 0 -1 0 0 3001.DAT
0 STEP
1 86 950.0 -432 60.0 0 0 1 0 1 0 -1 0 0 3010.DAT
0 STEP
1 86 960.0 -528 100.0 0 0 1 0 1 0 -1 0 0 3007.DAT
0 STEP
1 86 950.0 -552 60.0 0 0 1 0 1 0 -1 0 0 3010.DAT
0 STEP
1 86 960.0 -576 30.0 -1 0 0 0 1 0 0 0 -1 3004.DAT
0 STEP
1 86 950.0 -744 60.0 0 0 1 0 1 0 -1 0 0 3010.DAT
0 STEP
1 86 960.0 -24 50.0 -1 0 0 0 1 0 0 0 -1 3004.DAT
0 STEP
1 86 960.0 -96 80.0 0 0 1 0 1 0 -1 0 0 3001.DAT
0 STEP
1 86 960.0 -192 80.0 0 0 1 0 1 0 -1 0 0 3001.DAT
0 STEP
1 86 960.0 -240 120.0 0 0 1 0 1 0 -1 0 0 3007.DAT
0 STEP
1 86 960.0 -576 140.0 0 0 1 0 1 0 -1 0 0 3006.DAT
0 STEP
1 86 950.0 -600 80.0 0 0 1 0 1 0 -1 0 0 3010.DAT
0 STEP
1 86 950.0 -720 100.0 0 0 1 0 1 0 -1 0 0 3009.DAT
0 STEP
1 86 970.0 -768 50.0 -1 0 0 0 1 0 0 0 -1 3622.DAT
0 STEP
1 86 960.0 -24 100.0 0 0 1 0 1 0 -1 0 0 3001.DAT
0 STEP
1 86 950.0 -72 100.0 0 0 1 0 1 0 -1 0 0 3010.DAT
0 STEP
1 86 960.0 -144 100.0 0 0 1 0 1 0 -1 0 0 3001.DAT
0 STEP
1 86 970.0 -216 70.0 -1 0 0 0 1 0 0 0 -1 3622.DAT
0 STEP
1 86 970.0 -264 80.0 -1 0 0 0 1 0 0 0 -1 3002.DAT
0 STEP
1 86 960.0 -312 90.0 0 0 1 0 1 0 -1 0 0 3002.DAT
0 STEP
1 86 950.0 -336 100.0 0 0 1 0 1 0 -1 0 0 3010.DAT
0 STEP
1 86 950.0 -456 100.0 0 0 1 0 1 0 -1 0 0 3010.DAT
0 STEP
1 86 950.0 -504 140.0 0 0 1 0 1 0 -1 0 0 3008.DAT
0 STEP
1 86 960.0 -648 100.0 0 0 1 0 1 0 -1 0 0 3001.DAT
0 STEP
1 86 970.0 -696 80.0 -1 0 0 0 1 0 0 0 -1 3002.DAT
0 STEP
1 86 960.0 -768 70.0 -1 0 0 0 1 0 0 0 -1 3004.DAT
0 STEP
1 86 970.0 -792 80.0 -1 0 0 0 1 0 0 0 -1 3002.DAT
0 STEP
1 86 950.0 -168 140.0 0 0 1 0 1 0 -1 0 0 3009.DAT
0 STEP
1 86 970.0 -216 100.0 -1 0 0 0 1 0 0 0 -1 3002.DAT
0 STEP
1 86 950.0 -288 90.0 0 0 1 0 1 0 -1 0 0 3005.DAT
0 STEP
1 86 950.0 -360 120.0 0 0 1 0 1 0 -1 0 0 3010.DAT
0 STEP
1 86 950.0 -384 90.0 0 0 1 0 1 0 -1 0 0 3005.DAT
0 STEP
1 86 950.0 -408 110.0 0 0 1 0 1 0 -1 0 0 3622.DAT
0 STEP
1 86 950.0 -480 90.0 0 0 1 0 1 0 -1 0 0 3005.DAT
0 STEP
1 86 970.0 -624 90.0 -1 0 0 0 1 0 0 0 -1 3622.DAT
0 STEP
1 86 960.0 -768 120.0 0 0 1 0 1 0 -1 0 0 3001.DAT
0 STEP
1 86 950.0 -816 110.0 0 0 1 0 1 0 -1 0 0 3622.DAT
0 STEP
1 86 950.0 -120 180.0 0 0 1 0 1 0 -1 0 0 3008.DAT
0 STEP
1 86 970.0 -264 120.0 -1 0 0 0 1 0 0 0 -1 3002.DAT
0 STEP
1 86 950.0 -288 140.0 0 0 1 0 1 0 -1 0 0 3010.DAT
0 STEP
1 86 950.0 -384 160.0 0 0 1 0 1 0 -1 0 0 3009.DAT
0 STEP
1 86 950.0 -432 110.0 0 0 1 0 1 0 -1 0 0 3005.DAT
0 STEP
1 86 950.0 -480 140.0 0 0 1 0 1 0 -1 0 0 3010.DAT
0 STEP
1 86 950.0 -552 110.0 0 0 1 0 1 0 -1 0 0 3005.DAT
0 STEP
1 86 950.0 -624 140.0 0 0 1 0 1 0 -1 0 0 3010.DAT
0 STEP
1 86 970.0 -696 110.0 -1 0 0 0 1 0 0 0 -1 3622.DAT
0 STEP
1 86 970.0 -744 110.0 -1 0 0 0 1 0 0 0 -1 3622.DAT
0 STEP
1 86 970.0 -792 110.0 -1 0 0 0 1 0 0 0 -1 3622.DAT
0 STEP
1 86 950.0 -864 140.0 0 0 1 0 1 0 -1 0 0 3010.DAT
0 STEP
1 86 950.0 -96 160.0 0 0 1 0 1 0 -1 0 0 3010.DAT
0 STEP
1 86 970.0 -192 130.0 -1 0 0 0 1 0 0 0 -1 3622.DAT
0 STEP
1 86 950.0 -216 180.0 0 0 1 0 1 0 -1 0 0 3009.DAT
0 STEP
1 86 960.0 -312 180.0 0 0 1 0 1 0 -1 0 0 2456.DAT
0 STEP
1 86 950.0 -432 160.0 0 0 1 0 1 0 -1 0 0 3010.DAT
0 STEP
1 86 950.0 -552 180.0 0 0 1 0 1 0 -1 0 0 3009.DAT
0 STEP
1 86 950.0 -600 130.0 0 0 1 0 1 0 -1 0 0 3005.DAT
0 STEP
1 86 950.0 -696 130.0 0 0 1 0 1 0 -1 0 0 3005.DAT
0 STEP
1 86 950.0 -744 130.0 0 0 1 0 1 0 -1 0 0 3005.DAT
0 STEP
1 86 960.0 -792 130.0 -1 0 0 0 1 0 0 0 -1 3004.DAT
0 STEP
1 86 960.0 -24 170.0 0 0 1 0 1 0 -1 0 0 3002.DAT
0 STEP
1 86 950.0 -72 150.0 0 0 1 0 1 0 -1 0 0 3005.DAT
0 STEP
1 86 970.0 -144 160.0 -1 0 0 0 1 0 0 0 -1 3002.DAT
0 STEP
1 86 970.0 -192 160.0 -1 0 0 0 1 0 0 0 -1 3002.DAT
0 STEP
1 86 970.0 -264 150.0 -1 0 0 0 1 0 0 0 -1 3622.DAT
0 STEP
1 86 950.0 -336 200.0 0 0 1 0 1 0 -1 0 0 3009.DAT
0 STEP
1 86 950.0 -408 180.0 0 0 1 0 1 0 -1 0 0 3010.DAT
0 STEP
1 86 950.0 -456 170.0 0 0 1 0 1 0 -1 0 0 3622.DAT
0 STEP
1 86 970.0 -600 150.0 -1 0 0 0 1 0 0 0 -1 3622.DAT
0 STEP
1 86 970.0 -648 150.0 -1 0 0 0 1 0 0 0 -1 3622.DAT
0 STEP
1 86 950.0 -696 180.0 0 0 1 0 1 0 -1 0 0 3010.DAT
0 STEP
1 86 950.0 -744 180.0 0 0 1 0 1 0 -1 0 0 3010.DAT
0 STEP
1 86 960.0 -792 180.0 0 0 1 0 1 0 -1 0 0 3001.DAT
0 STEP
1 86 970.0 -816 150.0 -1 0 0 0 1 0 0 0 -1 3622.DAT
0 STEP
1 86 950.0 -840 180.0 0 0 1 0 1 0 -1 0 0 3010.DAT
0 STEP
1 86 950.0 -72 220.0 0 0 1 0 1 0 -1 0 0 3009.DAT
0 STEP
1 86 950.0 -264 200.0 0 0 1 0 1 0 -1 0 0 3010.DAT
0 STEP
1 86 950.0 -360 240.0 0 0 1 0 1 0 -1 0 0 3008.DAT
0 STEP
1 86 950.0 -600 200.0 0 0 1 0 1 0 -1 0 0 3010.DAT
0 STEP
1 86 960.0 -648 200.0 0 0 1 0 1 0 -1 0 0 3001.DAT
0 STEP
1 86 970.0 -672 170.0 -1 0 0 0 1 0 0 0 -1 3622.DAT
0 STEP
1 86 970.0 -720 170.0 -1 0 0 0 1 0 0 0 -1 3622.DAT
0 STEP
1 86 970.0 -768 170.0 -1 0 0 0 1 0 0 0 -1 3622.DAT
0 STEP
1 86 950.0 -816 200.0 0 0 1 0 1 0 -1 0 0 3010.DAT
0 STEP
1 86 960.0 -888 200.0 0 0 1 0 1 0 -1 0 0 3001.DAT
0 STEP
1 86 970.0 -144 200.0 -1 0 0 0 1 0 0 0 -1 3002.DAT
0 STEP
1 86 970.0 -192 190.0 -1 0 0 0 1 0 0 0 -1 3622.DAT
0 STEP
1 86 950.0 -288 190.0 0 0 1 0 1 0 -1 0 0 3005.DAT
0 STEP
1 86 960.0 -528 210.0 0 0 1 0 1 0 -1 0 0 3002.DAT
0 STEP
1 86 950.0 -624 190.0 0 0 1 0 1 0 -1 0 0 3005.DAT
0 STEP
1 86 960.0 -864 190.0 -1 0 0 0 1 0 0 0 -1 3004.DAT
0 STEP
1 86 950.0 -48 210.0 0 0 1 0 1 0 -1 0 0 3005.DAT
0 STEP
1 86 970.0 -96 220.0 -1 0 0 0 1 0 0 0 -1 3002.DAT
0 STEP
1 86 950.0 -168 230.0 0 0 1 0 1 0 -1 0 0 3622.DAT
0 STEP
1 86 970.0 -192 220.0 -1 0 0 0 1 0 0 0 -1 3002.DAT
0 STEP
1 86 960.0 -240 240.0 0 0 1 0 1 0 -1 0 0 3001.DAT
0 STEP
1 86 950.0 -288 280.0 0 0 1 0 1 0 -1 0 0 3008.DAT
0 STEP
1 86 950.0 -432 210.0 0 0 1 0 1 0 -1 0 0 3005.DAT
0 STEP
1 86 970.0 -624 210.0 -1 0 0 0 1 0 0 0 -1 3622.DAT
0 STEP
1 86 950.0 0 240.0 0 0 1 0 1 0 -1 0 0 3004.DAT
0 STEP
1 86 950.0 -48 280.0 0 0 1 0 1 0 -1 0 0 3009.DAT
0 STEP
1 86 950.0 -144 230.0 0 0 1 0 1 0 -1 0 0 3005.DAT
0 STEP
1 86 960.0 -384 260.0 0 0 1 0 1 0 -1 0 0 3001.DAT
0 STEP
1 86 950.0 -408 230.0 0 0 1 0 1 0 -1 0 0 3005.DAT
0 STEP
1 86 960.0 -456 280.0 0 0 1 0 1 0 -1 0 0 2456.DAT
0 STEP
1 86 950.0 -504 230.0 0 0 1 0 1 0 -1 0 0 3005.DAT
0 STEP
1 86 950.0 -696 230.0 0 0 1 0 1 0 -1 0 0 3005.DAT
0 STEP
1 86 970.0 -792 230.0 -1 0 0 0 1 0 0 0 -1 3622.DAT
0 STEP
1 86 950.0 -96 280.0 0 0 1 0 1 0 -1 0 0 3010.DAT
0 STEP
1 86 950.0 -144 320.0 0 0 1 0 1 0 -1 0 0 3008.DAT
0 STEP
1 86 960.0 -192 280.0 0 0 1 0 1 0 -1 0 0 3001.DAT
0 STEP
1 86 950.0 -216 250.0 0 0 1 0 1 0 -1 0 0 3005.DAT
0 STEP
1 86 950.0 -264 250.0 0 0 1 0 1 0 -1 0 0 3005.DAT
0 STEP
1 86 950.0 -312 280.0 0 0 1 0 1 0 -1 0 0 3010.DAT
0 STEP
1 86 950.0 -432 260.0 0 0 1 0 1 0 -1 0 0 3004.DAT
0 STEP
1 86 960.0 -120 290.0 0 0 1 0 1 0 -1 0 0 3002.DAT
0 STEP
1 86 970.0 -168 280.0 -1 0 0 0 1 0 0 0 -1 3002.DAT
0 STEP
1 86 950.0 -216 300.0 0 0 1 0 1 0 -1 0 0 3010.DAT
0 STEP
1 86 950.0 -264 300.0 0 0 1 0 1 0 -1 0 0 3010.DAT
0 STEP
1 86 950.0 -336 270.0 0 0 1 0 1 0 -1 0 0 3005.DAT
0 STEP
1 86 960.0 0 320.0 0 0 1 0 1 0 -1 0 0 3001.DAT
0 STEP
1 86 970.0 -72 290.0 -1 0 0 0 1 0 0 0 -1 3622.DAT
0 STEP
1 86 970.0 -240 290.0 -1 0 0 0 1 0 0 0 -1 3622.DAT
0 STEP
1 86 950.0 -336 340.0 0 0 1 0 1 0 -1 0 0 3009.DAT
0 STEP
1 86 960.0 -432 320.0 0 0 1 0 1 0 -1 0 0 3001.DAT
0 STEP
1 86 970.0 -168 320.0 -1 0 0 0 1 0 0 0 -1 3002.DAT
0 STEP
1 86 960.0 -384 310.0 -1 0 0 0 1 0 0 0 -1 3004.DAT
0 STEP
1 86 950.0 -120 330.0 0 0 1 0 1 0 -1 0 0 3005.DAT
0 STEP
1 86 950.0 -360 360.0 0 0 1 0 1 0 -1 0 0 3010.DAT
0 STEP
1 86 960.0 -384 360.0 0 0 1 0 1 0 -1 0 0 3001.DAT
0 STEP
1 86 960.0 -96 370.0 0 0 1 0 1 0 -1 0 0 3002.DAT
0 STEP
1 86 950.0 -264 350.0 0 0 1 0 1 0 -1 0 0 3005.DAT
0 STEP
1 86 980.0 -48 80.0 0 0 1 0 1 0 -1 0 0 3007.DAT
0 STEP
1 86 980.0 -168 20.0 0 0 1 0 1 0 -1 0 0 3003.DAT
0 STEP
1 86 970.0 -288 10.0 0 0 1 0 1 0 -1 0 0 3005.DAT
0 STEP
1 86 970.0 -336 60.0 0 0 1 0 1 0 -1 0 0 3009.DAT
0 STEP
1 86 970.0 -384 30.0 0 0 1 0 1 0 -1 0 0 3622.DAT
0 STEP
1 86 970.0 -456 20.0 0 0 1 0 1 0 -1 0 0 3004.DAT
0 STEP
1 86 970.0 -504 40.0 0 0 1 0 1 0 -1 0 0 3010.DAT
0 STEP
1 86 980.0 -624 40.0 0 0 1 0 1 0 -1 0 0 3001.DAT
0 STEP
1 86 970.0 -720 60.0 0 0 1 0 1 0 -1 0 0 3009.DAT
0 STEP
1 86 980.0 -816 30.0 0 0 1 0 1 0 -1 0 0 3002.DAT
0 STEP
1 86 970.0 -864 30.0 0 0 1 0 1 0 -1 0 0 3622.DAT
0 STEP
1 86 970.0 0 50.0 0 0 1 0 1 0 -1 0 0 3622.DAT
0 STEP
1 86 970.0 -288 60.0 0 0 1 0 1 0 -1 0 0 3010.DAT
0 STEP
1 86 970.0 -432 100.0 0 0 1 0 1 0 -1 0 0 3008.DAT
0 STEP
1 86 970.0 -552 50.0 0 0 1 0 1 0 -1 0 0 3622.DAT
0 STEP
1 86 980.0 -744 60.0 0 0 1 0 1 0 -1 0 0 3001.DAT
0 STEP
1 86 980.0 -168 140.0 0 0 1 0 1 0 -1 0 0 3006.DAT
0 STEP
1 86 970.0 -456 120.0 0 0 1 0 1 0 -1 0 0 3008.DAT
0 STEP
1 86 980.0 -600 60.0 0 0 1 0 1 0 -1 0 0 3003.DAT
0 STEP
1 86 970.0 -840 120.0 0 0 1 0 1 0 -1 0 0 3008.DAT
0 STEP
1 86 970.0 -72 90.0 0 0 1 0 1 0 -1 0 0 3622.DAT
0 STEP
1 86 970.0 -384 140.0 0 0 1 0 1 0 -1 0 0 3008.DAT
0 STEP
1 86 980.0 -816 100.0 0 0 1 0 1 0 -1 0 0 3001.DAT
0 STEP
1 86 970.0 -360 90.0 0 0 1 0 1 0 -1 0 0 3005.DAT
0 STEP
1 86 970.0 -408 160.0 0 0 1 0 1 0 -1 0 0 3008.DAT
0 STEP
1 86 980.0 -480 160.0 0 0 1 0 1 0 -1 0 0 3007.DAT
0 STEP
1 86 970.0 -504 160.0 0 0 1 0 1 0 -1 0 0 3008.DAT
0 STEP
1 86 970.0 -552 160.0 0 0 1 0 1 0 -1 0 0 3008.DAT
0 STEP
1 86 980.0 -600 110.0 0 0 1 0 1 0 -1 0 0 3002.DAT
0 STEP
1 86 980.0 -120 160.0 0 0 1 0 1 0 -1 0 0 2456.DAT
0 STEP
1 86 970.0 -288 110.0 0 0 1 0 1 0 -1 0 0 3005.DAT
0 STEP
1 86 970.0 -360 180.0 0 0 1 0 1 0 -1 0 0 3008.DAT
0 STEP
1 86 980.0 -624 110.0 -1 0 0 0 1 0 0 0 -1 3004.DAT
0 STEP
1 86 970.0 -864 110.0 0 0 1 0 1 0 -1 0 0 3005.DAT
0 STEP
1 86 980.0 -72 200.0 0 0 1 0 1 0 -1 0 0 3007.DAT
0 STEP
1 86 970.0 -96 140.0 0 0 1 0 1 0 -1 0 0 3004.DAT
0 STEP
1 86 970.0 -216 160.0 0 0 1 0 1 0 -1 0 0 3010.DAT
0 STEP
1 86 970.0 -288 180.0 0 0 1 0 1 0 -1 0 0 3009.DAT
0 STEP
1 86 970.0 -336 130.0 0 0 1 0 1 0 -1 0 0 3005.DAT
0 STEP
1 86 980.0 -624 160.0 0 0 1 0 1 0 -1 0 0 3001.DAT
0 STEP
1 86 980.0 -696 180.0 0 0 1 0 1 0 -1 0 0 2456.DAT
0 STEP
1 86 970.0 -720 130.0 0 0 1 0 1 0 -1 0 0 3005.DAT
0 STEP
1 86 980.0 -744 180.0 0 0 1 0 1 0 -1 0 0 2456.DAT
0 STEP
1 86 980.0 -864 140.0 0 0 1 0 1 0 -1 0 0 3003.DAT
0 STEP
1 86 970.0 -336 220.0 0 0 1 0 1 0 -1 0 0 3008.DAT
0 STEP
1 86 980.0 -720 150.0 -1 0 0 0 1 0 0 0 -1 3004.DAT
0 STEP
1 86 970.0 0 220.0 0 0 1 0 1 0 -1 0 0 3009.DAT
0 STEP
1 86 980.0 -96 180.0 0 0 1 0 1 0 -1 0 0 3003.DAT
0 STEP
1 86 980.0 -264 260.0 0 0 1 0 1 0 -1 0 0 3006.DAT
0 STEP
1 86 980.0 -600 200.0 0 0 1 0 1 0 -1 0 0 3001.DAT
0 STEP
1 86 980.0 -816 200.0 0 0 1 0 1 0 -1 0 0 3001.DAT
0 STEP
1 86 970.0 -864 170.0 0 0 1 0 1 0 -1 0 0 3005.DAT
0 STEP
1 86 980.0 -48 220.0 0 0 1 0 1 0 -1 0 0 3001.DAT
0 STEP
1 86 970.0 -432 220.0 0 0 1 0 1 0 -1 0 0 3010.DAT
0 STEP
1 86 970.0 -216 230.0 0 0 1 0 1 0 -1 0 0 3622.DAT
0 STEP
1 86 980.0 -768 220.0 0 0 1 0 1 0 -1 0 0 3003.DAT
0 STEP
1 86 980.0 -840 210.0 -1 0 0 0 1 0 0 0 -1 3004.DAT
0 STEP
1 86 970.0 -120 240.0 0 0 1 0 1 0 -1 0 0 3004.DAT
0 STEP
1 86 980.0 -144 260.0 0 0 1 0 1 0 -1 0 0 3001.DAT
0 STEP
1 86 980.0 -96 280.0 0 0 1 0 1 0 -1 0 0 3001.DAT
0 STEP
1 86 980.0 -168 250.0 -1 0 0 0 1 0 0 0 -1 3004.DAT
0 STEP
1 86 970.0 -288 300.0 0 0 1 0 1 0 -1 0 0 3009.DAT
0 STEP
1 86 970.0 -312 320.0 0 0 1 0 1 0 -1 0 0 3008.DAT
0 STEP
1 86 970.0 -408 270.0 0 0 1 0 1 0 -1 0 0 3622.DAT
0 STEP
1 86 980.0 -48 270.0 -1 0 0 0 1 0 0 0 -1 3004.DAT
0 STEP
1 86 980.0 -216 300.0 0 0 1 0 1 0 -1 0 0 3001.DAT
0 STEP
1 86 970.0 -360 320.0 0 0 1 0 1 0 -1 0 0 3009.DAT
0 STEP
1 86 970.0 -432 270.0 0 0 1 0 1 0 -1 0 0 3005.DAT
0 STEP
1 86 980.0 -48 320.0 0 0 1 0 1 0 -1 0 0 3001.DAT
0 STEP
1 86 980.0 -144 330.0 0 0 1 0 1 0 -1 0 0 3002.DAT
0 STEP
1 86 970.0 -336 310.0 0 0 1 0 1 0 -1 0 0 3005.DAT
0 STEP
1 86 970.0 -408 340.0 0 0 1 0 1 0 -1 0 0 3010.DAT
0 STEP
1 86 970.0 -120 340.0 0 0 1 0 1 0 -1 0 0 3004.DAT
0 STEP
1 86 970.0 -192 360.0 0 0 1 0 1 0 -1 0 0 3010.DAT
0 STEP
1 86 970.0 -336 360.0 0 0 1 0 1 0 -1 0 0 3010.DAT
0 STEP
1 86 970.0 -144 380.0 0 0 1 0 1 0 -1 0 0 3004.DAT
0 STEP
1 86 970.0 -120 390.0 0 0 1 0 1 0 -1 0 0 3005.DAT
0 STEP
1 86 970.0 -168 390.0 0 0 1 0 1 0 -1 0 0 3005.DAT
0 STEP
1 86 970.0 -360 390.0 0 0 1 0 1 0 -1 0 0 3005.DAT
0 STEP
1 86 970.0 -408 390.0 0 0 1 0 1 0 -1 0 0 3005.DAT
0 STEP
1 86 990.0 0 30.0 0 0 1 0 1 0 -1 0 0 3622.DAT
0 STEP
1 86 990.0 -120 40.0 0 0 1 0 1 0 -1 0 0 3010.DAT
0 STEP
1 86 990.0 -192 60.0 0 0 1 0 1 0 -1 0 0 3009.DAT
0 STEP
1 86 990.0 -240 10.0 0 0 1 0 1 0 -1 0 0 3005.DAT
0 STEP
1 86 990.0 -288 80.0 0 0 1 0 1 0 -1 0 0 3008.DAT
0 STEP
1 86 990.0 -336 40.0 0 0 1 0 1 0 -1 0 0 3010.DAT
0 STEP
1 86 990.0 -360 10.0 0 0 1 0 1 0 -1 0 0 3005.DAT
0 STEP
1 86 990.0 -384 60.0 0 0 1 0 1 0 -1 0 0 3009.DAT
0 STEP
1 86 990.0 -408 10.0 0 0 1 0 1 0 -1 0 0 3005.DAT
0 STEP
1 86 990.0 -432 60.0 0 0 1 0 1 0 -1 0 0 3009.DAT
0 STEP
1 86 990.0 -456 10.0 0 0 1 0 1 0 -1 0 0 3005.DAT
0 STEP
1 86 990.0 -480 40.0 0 0 1 0 1 0 -1 0 0 3010.DAT
0 STEP
1 86 990.0 -504 60.0 0 0 1 0 1 0 -1 0 0 3009.DAT
0 STEP
1 86 990.0 -528 40.0 0 0 1 0 1 0 -1 0 0 3010.DAT
0 STEP
1 86 990.0 -552 80.0 0 0 1 0 1 0 -1 0 0 3008.DAT
0 STEP
1 86 990.0 -600 10.0 0 0 1 0 1 0 -1 0 0 3005.DAT
0 STEP
1 86 990.0 -672 80.0 0 0 1 0 1 0 -1 0 0 3008.DAT
0 STEP
1 86 990.0 -720 30.0 0 0 1 0 1 0 -1 0 0 3622.DAT
0 STEP
1 86 990.0 -792 30.0 0 0 1 0 1 0 -1 0 0 3622.DAT
0 STEP
1 86 990.0 -840 10.0 0 0 1 0 1 0 -1 0 0 3005.DAT
0 STEP
1 86 990.0 -864 60.0 0 0 1 0 1 0 -1 0 0 3009.DAT
0 STEP
1 86 990.0 -72 60.0 0 0 1 0 1 0 -1 0 0 3010.DAT
0 STEP
1 86 990.0 -240 100.0 0 0 1 0 1 0 -1 0 0 3008.DAT
0 STEP
1 86 990.0 -312 100.0 0 0 1 0 1 0 -1 0 0 3008.DAT
0 STEP
1 86 990.0 -360 60.0 0 0 1 0 1 0 -1 0 0 3010.DAT
0 STEP
1 86 990.0 -408 80.0 0 0 1 0 1 0 -1 0 0 3009.DAT
0 STEP
1 86 990.0 -456 100.0 0 0 1 0 1 0 -1 0 0 3008.DAT
0 STEP
1 86 990.0 -576 60.0 0 0 1 0 1 0 -1 0 0 3010.DAT
0 STEP
1 86 990.0 -24 120.0 0 0 1 0 1 0 -1 0 0 3008.DAT
0 STEP
1 86 990.0 -96 100.0 0 0 1 0 1 0 -1 0 0 3009.DAT
0 STEP
1 86 990.0 -840 70.0 0 0 1 0 1 0 -1 0 0 3622.DAT
0 STEP
1 86 990.0 0 140.0 0 0 1 0 1 0 -1 0 0 3008.DAT
0 STEP
1 86 990.0 -144 100.0 0 0 1 0 1 0 -1 0 0 3010.DAT
0 STEP
1 86 990.0 -648 100.0 0 0 1 0 1 0 -1 0 0 3010.DAT
0 STEP
1 86 990.0 -720 100.0 0 0 1 0 1 0 -1 0 0 3010.DAT
0 STEP
1 86 990.0 -768 100.0 0 0 1 0 1 0 -1 0 0 3010.DAT
0 STEP
1 86 990.0 -120 90.0 0 0 1 0 1 0 -1 0 0 3005.DAT
0 STEP
1 86 990.0 -336 90.0 0 0 1 0 1 0 -1 0 0 3005.DAT
0 STEP
1 86 990.0 -528 160.0 0 0 1 0 1 0 -1 0 0 3008.DAT
0 STEP
1 86 990.0 -72 110.0 0 0 1 0 1 0 -1 0 0 3005.DAT
0 STEP
1 86 990.0 -336 180.0 0 0 1 0 1 0 -1 0 0 3008.DAT
0 STEP
1 86 990.0 -360 110.0 0 0 1 0 1 0 -1 0 0 3005.DAT
0 STEP
1 86 990.0 -576 160.0 0 0 1 0 1 0 -1 0 0 3009.DAT
0 STEP
1 86 990.0 -840 140.0 0 0 1 0 1 0 -1 0 0 3010.DAT
0 STEP
1 86 990.0 -888 140.0 0 0 1 0 1 0 -1 0 0 3010.DAT
0 STEP
1 86 990.0 -216 130.0 0 0 1 0 1 0 -1 0 0 3005.DAT
0 STEP
1 86 990.0 -360 160.0 0 0 1 0 1 0 -1 0 0 3010.DAT
0 STEP
1 86 990.0 -384 130.0 0 0 1 0 1 0 -1 0 0 3005.DAT
0 STEP
1 86 990.0 -432 200.0 0 0 1 0 1 0 -1 0 0 3008.DAT
0 STEP
1 86 990.0 -504 180.0 0 0 1 0 1 0 -1 0 0 3009.DAT
0 STEP
1 86 990.0 -792 160.0 0 0 1 0 1 0 -1 0 0 3010.DAT
0 STEP
1 86 990.0 -216 200.0 0 0 1 0 1 0 -1 0 0 3009.DAT
0 STEP
1 86 990.0 -384 220.0 0 0 1 0 1 0 -1 0 0 3008.DAT
0 STEP
1 86 990.0 -408 170.0 0 0 1 0 1 0 -1 0 0 3622.DAT
0 STEP
1 86 990.0 -768 150.0 0 0 1 0 1 0 -1 0 0 3005.DAT
0 STEP
1 86 990.0 -288 190.0 0 0 1 0 1 0 -1 0 0 3622.DAT
0 STEP
1 86 990.0 -552 200.0 0 0 1 0 1 0 -1 0 0 3010.DAT
0 STEP
1 86 990.0 -648 200.0 0 0 1 0 1 0 -1 0 0 3010.DAT
0 STEP
1 86 990.0 -864 200.0 0 0 1 0 1 0 -1 0 0 3010.DAT
0 STEP
1 86 990.0 -240 190.0 0 0 1 0 1 0 -1 0 0 3005.DAT
0 STEP
1 86 990.0 -312 260.0 0 0 1 0 1 0 -1 0 0 3008.DAT
0 STEP
1 86 990.0 -456 220.0 0 0 1 0 1 0 -1 0 0 3010.DAT
0 STEP
1 86 990.0 -768 190.0 0 0 1 0 1 0 -1 0 0 3005.DAT
0 STEP
1 86 990.0 -840 190.0 0 0 1 0 1 0 -1 0 0 3005.DAT
0 STEP
1 86 990.0 -888 210.0 0 0 1 0 1 0 -1 0 0 3622.DAT
0 STEP
1 86 990.0 -240 240.0 0 0 1 0 1 0 -1 0 0 3010.DAT
0 STEP
1 86 990.0 -360 280.0 0 0 1 0 1 0 -1 0 0 3008.DAT
0 STEP
1 86 990.0 -408 280.0 0 0 1 0 1 0 -1 0 0 3008.DAT
0 STEP
1 86 990.0 -792 210.0 0 0 1 0 1 0 -1 0 0 3005.DAT
0 STEP
1 86 990.0 0 230.0 0 0 1 0 1 0 -1 0 0 3005.DAT
0 STEP
1 86 990.0 -120 250.0 0 0 1 0 1 0 -1 0 0 3622.DAT
0 STEP
1 86 990.0 -288 280.0 0 0 1 0 1 0 -1 0 0 3009.DAT
0 STEP
1 86 990.0 -576 230.0 0 0 1 0 1 0 -1 0 0 3005.DAT
0 STEP
1 86 990.0 -720 230.0 0 0 1 0 1 0 -1 0 0 3005.DAT
0 STEP
1 86 990.0 -840 230.0 0 0 1 0 1 0 -1 0 0 3005.DAT
0 STEP
1 86 990.0 0 300.0 0 0 1 0 1 0 -1 0 0 3009.DAT
0 STEP
1 86 990.0 -192 300.0 0 0 1 0 1 0 -1 0 0 3009.DAT
0 STEP
1 86 990.0 -336 270.0 0 0 1 0 1 0 -1 0 0 3005.DAT
0 STEP
1 86 990.0 -456 270.0 0 0 1 0 1 0 -1 0 0 3005.DAT
0 STEP
1 86 990.0 -24 290.0 0 0 1 0 1 0 -1 0 0 3005.DAT
0 STEP
1 86 990.0 -120 320.0 0 0 1 0 1 0 -1 0 0 3010.DAT
0 STEP
1 86 990.0 -336 320.0 0 0 1 0 1 0 -1 0 0 3010.DAT
0 STEP
1 86 990.0 -432 320.0 0 0 1 0 1 0 -1 0 0 3010.DAT
0 STEP
1 86 990.0 -456 320.0 0 0 1 0 1 0 -1 0 0 3010.DAT
0 STEP
1 86 990.0 -72 330.0 0 0 1 0 1 0 -1 0 0 3622.DAT
0 STEP
1 86 990.0 -240 330.0 0 0 1 0 1 0 -1 0 0 3622.DAT
0 STEP
1 86 990.0 -384 330.0 0 0 1 0 1 0 -1 0 0 3622.DAT
0 STEP
1 86 990.0 -96 350.0 0 0 1 0 1 0 -1 0 0 3005.DAT
0 STEP
1 86 990.0 -288 350.0 0 0 1 0 1 0 -1 0 0 3005.DAT
0 STEP
1 86 990.0 -312 350.0 0 0 1 0 1 0 -1 0 0 3005.DAT
0 STEP
