# OBJ Exporter v1.2 by T3D(fixed 2019-08-19)
mtllib model.mtl
v  -0.85400 0.12000 -0.24655
v  -0.48700 0.12000 -0.24655
v  -0.48700 0.12000 0.22145
v  -0.85400 0.12000 0.22145
v  -0.87000 0.12000 0.23745
v  -0.87000 0.32400 0.23745
v  -0.87000 0.32400 -0.26255
v  -0.85400 0.12000 0.23745
v  -0.87000 0.12000 0.23745
v  -0.87000 0.12000 -0.26255
v  -0.85400 0.12000 -0.26255
v  -0.85450 0.32550 0.23745
v  -0.85513 0.32587 0.23745
v  -0.85600 0.32600 0.23745
v  -0.86800 0.32600 0.23745
v  -0.86888 0.32587 0.23745
v  -0.86950 0.32550 0.23745
v  -0.86987 0.32487 0.23745
v  -0.87000 0.32400 0.23745
v  -0.87000 0.12000 0.23745
v  -0.86800 0.32600 0.23745
v  -0.85600 0.32600 0.23745
v  -0.85600 0.32600 -0.26255
v  -0.48700 0.12000 0.23745
v  -0.48700 0.32400 0.23745
v  -0.48700 0.32400 -0.26255
v  -0.48700 0.12000 0.23745
v  -0.48700 0.32200 0.23745
v  -0.85400 0.32200 0.23745
v  -0.85400 0.32400 0.22345
v  -0.85400 0.32400 0.23545
v  -0.48700 0.32400 0.23545
v  -0.48700 0.32288 0.23733
v  -0.85400 0.32288 0.23733
v  -0.85400 0.32200 0.23745
v  0.87900 0.32400 -0.26255
v  0.87900 0.32400 0.23745
v  0.87900 0.12000 0.23745
v  0.87900 0.12000 0.23745
v  0.86300 0.12000 0.23745
v  0.86300 0.12000 -0.26255
v  0.87900 0.12000 -0.26255
v  0.87900 0.32400 0.23745
v  0.87888 0.32487 0.23745
v  0.87850 0.32550 0.23745
v  0.87787 0.32587 0.23745
v  0.87700 0.32600 0.23745
v  0.86500 0.32600 0.23745
v  0.86412 0.32587 0.23745
v  0.86350 0.32550 0.23745
v  0.86313 0.32487 0.23745
v  0.86300 0.12000 0.23745
v  0.86300 0.32200 0.23745
v  0.49600 0.32200 0.23745
v  0.49600 0.12000 0.23745
v  0.86300 0.12000 0.22145
v  0.49600 0.12000 0.23745
v  0.86300 0.32400 0.23545
v  0.86300 0.32400 0.22345
v  0.49600 0.32400 0.22345
v  0.49600 0.12000 -0.24655
v  0.86300 0.12000 -0.24655
v  0.86300 0.12000 0.22145
v  0.49600 0.12000 0.23745
v  0.49600 0.12000 -0.26255
v  0.49600 0.32400 -0.26255
v  -0.40400 0.12000 -0.24655
v  0.41300 0.12000 -0.24655
v  0.41300 0.12000 0.22145
v  -0.40400 0.13600 -0.24655
v  -0.40400 0.13600 0.22145
v  0.41300 0.13600 0.22145
v  0.41300 0.12000 0.23745
v  0.41300 0.32200 0.23745
v  -0.40400 0.32200 0.23745
v  -0.40400 0.32400 0.22345
v  -0.40400 0.32400 0.23545
v  0.41300 0.32400 0.23545
v  0.41300 0.32400 0.22345
v  0.42900 0.12000 0.23745
v  0.41300 0.12000 0.23745
v  0.41300 0.12000 -0.26255
v  0.42900 0.12000 -0.26255
v  -0.00314 0.02396 0.24945
v  0.00124 0.02392 0.24945
v  -0.00060 0.02415 0.24945
v  0.01644 0.02008 0.24945
v  0.03089 0.01674 0.24945
v  0.16313 0.00032 0.24945
v  0.11182 0.00363 0.24945
v  0.08926 0.00638 0.24945
v  0.13985 0.00135 0.24945
v  0.25200 0.00323 0.24945
v  0.29611 0.00884 0.24945
v  0.27306 0.00551 0.24945
v  0.31748 0.01250 0.24945
v  0.33979 0.01719 0.24945
v  0.36860 0.02394 0.24945
v  0.38990 0.02840 0.24945
v  0.41205 0.03213 0.24945
v  0.42600 0.03918 0.24945
v  0.43396 0.03521 0.24945
v  0.46295 0.03809 0.24945
v  0.48540 0.03936 0.24945
v  0.50003 0.04484 0.24945
v  0.50747 0.04003 0.24945
v  0.53568 0.03972 0.24945
v  0.55908 0.03853 0.24945
v  0.57422 0.04237 0.24945
v  0.57957 0.03691 0.24945
v  0.60310 0.03415 0.24945
v  0.62521 0.03087 0.24945
v  0.89300 0.08300 0.24945
v  0.64673 0.02689 0.24945
v  0.66115 0.02383 0.24945
v  0.67550 0.02046 0.24945
v  0.71288 0.01562 0.24945
v  0.70398 0.01277 0.24945
v  0.68978 0.01677 0.24945
v  0.72197 0.01777 0.24945
v  0.74033 0.02492 0.24945
v  0.74452 0.02012 0.24945
v  0.73119 0.01920 0.24945
v  0.75917 0.01916 0.24945
v  0.77749 0.01552 0.24945
v  0.76839 0.01770 0.24945
v  0.78638 0.01264 0.24945
v  0.80334 0.00486 0.24945
v  0.79501 0.00908 0.24945
v  0.81133 0.00000 0.24945
v  -0.89300 0.00000 0.24945
v  -0.78838 0.01264 0.24945
v  -0.79701 0.00908 0.24945
v  -0.80534 0.00486 0.24945
v  -0.89300 0.08300 0.24945
v  -0.77949 0.01552 0.24945
v  -0.77039 0.01770 0.24945
v  -0.76117 0.01916 0.24945
v  -0.75187 0.01990 0.24945
v  -0.73262 0.02417 0.24945
v  -0.74252 0.01992 0.24945
v  -0.73319 0.01920 0.24945
v  -0.72301 0.02268 0.24945
v  -0.72397 0.01777 0.24945
v  -0.68582 0.01840 0.24945
v  -0.70598 0.01277 0.24945
v  -0.71488 0.01562 0.24945
v  -0.62047 0.03699 0.24945
v  -0.61970 0.03205 0.24945
v  -0.64247 0.02816 0.24945
v  -0.59749 0.03520 0.24945
v  -0.61970 0.03205 0.24945
v  -0.62047 0.03699 0.24945
v  -0.73262 0.02417 0.24945
v  -0.59101 0.04090 0.24945
v  -0.57000 0.03793 0.24945
v  -0.54636 0.03934 0.24945
v  -0.50949 0.04003 0.24945
v  -0.53162 0.03983 0.24945
v  -0.50203 0.04484 0.24945
v  -0.48108 0.03911 0.24945
v  -0.45796 0.03744 0.24945
v  -0.39837 0.03453 0.24945
v  -0.43700 0.03532 0.24945
v  -0.41406 0.03213 0.24945
v  -0.39327 0.02864 0.24945
v  -0.37042 0.02391 0.24944
v  -0.32133 0.01287 0.24945
v  -0.34179 0.01719 0.24945
v  -0.29811 0.00884 0.24945
v  -0.27766 0.00584 0.24945
v  -0.20960 0.00039 0.24945
v  -0.23288 0.00148 0.24945
v  -0.25400 0.00323 0.24945
v  -0.16513 0.00032 0.24945
v  -0.18772 -0.00006 0.24946
v  -0.14397 0.00122 0.24945
v  -0.12073 0.00303 0.24945
v  -0.09834 0.00544 0.24945
v  -0.06937 0.00959 0.24945
v  -0.04115 0.01491 0.24945
v  -0.01844 0.02008 0.24945
v  -0.00189 0.02425 0.26146
v  -0.00314 0.02396 0.24945
v  -0.00060 0.02415 0.24945
v  0.00124 0.02392 0.24945
v  0.00144 0.02389 0.26145
v  0.01644 0.02008 0.24945
v  0.02635 0.01771 0.26138
v  0.03089 0.01674 0.24945
v  0.05748 0.01125 0.24945
v  0.05048 0.01266 0.26143
v  0.08214 0.00729 0.26152
v  0.08926 0.00638 0.24945
v  0.11182 0.00363 0.24945
v  0.11291 0.00354 0.26145
v  0.13985 0.00135 0.24945
v  0.14134 0.00123 0.26139
v  0.16313 0.00032 0.24945
v  0.16313 0.00032 0.26145
v  0.18430 -0.00004 0.24945
v  0.18584 -0.00006 0.26141
v  0.20760 0.00039 0.24945
v  0.20760 0.00039 0.26145
v  0.22877 0.00135 0.24945
v  0.23028 0.00142 0.26142
v  0.25200 0.00323 0.24945
v  0.25200 0.00323 0.26145
v  0.27306 0.00551 0.24945
v  0.27446 0.00567 0.26145
v  0.29611 0.00884 0.24945
v  0.29611 0.00884 0.26145
v  0.31748 0.01250 0.24945
v  0.31733 0.01248 0.26152
v  0.33979 0.01719 0.24945
v  0.33979 0.01719 0.26145
v  0.36860 0.02394 0.24945
v  0.36842 0.02391 0.26145
v  0.38990 0.02840 0.24945
v  0.39133 0.02865 0.26147
v  0.41205 0.03213 0.24945
v  0.41779 0.03303 0.26145
v  0.43396 0.03521 0.24945
v  0.44129 0.03599 0.26145
v  0.46295 0.03809 0.24945
v  0.46435 0.03817 0.26145
v  0.48540 0.03936 0.24945
v  0.49364 0.03973 0.26147
v  0.50747 0.04003 0.24945
v  0.52438 0.03997 0.26148
v  0.53568 0.03972 0.24945
v  0.55277 0.03897 0.26145
v  0.55908 0.03853 0.24945
v  0.57957 0.03691 0.24945
v  0.57378 0.03739 0.26145
v  0.58846 0.03593 0.26145
v  0.60310 0.03415 0.24945
v  0.61168 0.03301 0.26149
v  0.62521 0.03087 0.24945
v  0.63224 0.02962 0.26145
v  0.64673 0.02689 0.24945
v  0.65499 0.02523 0.26145
v  0.66115 0.02383 0.24945
v  0.67550 0.02046 0.24945
v  0.68264 0.01873 0.26145
v  0.68978 0.01677 0.24945
v  0.70398 0.01277 0.24945
v  0.70398 0.01277 0.26145
v  0.71288 0.01562 0.24945
v  0.71288 0.01562 0.26145
v  0.70398 0.01277 0.26145
v  0.70398 0.01277 0.24945
v  0.72197 0.01777 0.24945
v  0.72197 0.01777 0.26145
v  0.71288 0.01562 0.26145
v  0.71288 0.01562 0.24945
v  0.73119 0.01920 0.24945
v  0.73119 0.01920 0.26145
v  0.72197 0.01777 0.26145
v  0.72197 0.01777 0.24945
v  0.74452 0.02012 0.24945
v  0.74052 0.01992 0.26145
v  0.73119 0.01920 0.26145
v  0.73119 0.01920 0.24945
v  0.75527 0.01968 0.26146
v  0.75917 0.01916 0.24945
v  0.76839 0.01770 0.24945
v  0.76839 0.01770 0.26145
v  0.77749 0.01552 0.24945
v  0.77749 0.01552 0.26145
v  0.78638 0.01264 0.24945
v  0.78625 0.01270 0.26131
v  0.79501 0.00908 0.24945
v  0.79501 0.00908 0.26145
v  0.78625 0.01270 0.26131
v  0.78638 0.01264 0.24945
v  0.80334 0.00486 0.24945
v  0.80326 0.00492 0.26129
v  0.79501 0.00908 0.26145
v  0.79501 0.00908 0.24945
v  0.81133 0.00000 0.24945
v  0.81133 0.00000 0.26145
v  0.80326 0.00492 0.26129
v  0.80334 0.00486 0.24945
v  -0.80534 0.00486 0.24945
v  -0.80534 0.00486 0.26145
v  -0.81333 0.00000 0.26145
v  -0.81333 0.00000 0.24945
v  -0.79701 0.00908 0.24945
v  -0.79701 0.00908 0.26145
v  -0.80534 0.00486 0.26145
v  -0.80534 0.00486 0.24945
v  -0.78838 0.01264 0.24945
v  -0.78838 0.01264 0.26145
v  -0.79701 0.00908 0.26145
v  -0.79701 0.00908 0.24945
v  -0.77949 0.01552 0.24945
v  -0.77949 0.01552 0.26145
v  -0.78838 0.01264 0.26145
v  -0.78838 0.01264 0.24945
v  -0.77039 0.01770 0.24945
v  -0.77039 0.01770 0.26145
v  -0.76117 0.01916 0.24945
v  -0.76117 0.01916 0.26145
v  -0.75187 0.01990 0.24945
v  -0.75187 0.01990 0.26145
v  -0.74252 0.01992 0.24945
v  -0.74252 0.01992 0.26145
v  -0.73319 0.01920 0.24945
v  -0.73319 0.01920 0.26145
v  -0.72397 0.01777 0.24945
v  -0.72403 0.01778 0.26128
v  -0.73319 0.01920 0.26145
v  -0.73319 0.01920 0.24945
v  -0.71488 0.01562 0.24945
v  -0.71488 0.01562 0.26145
v  -0.72403 0.01778 0.26128
v  -0.72397 0.01777 0.24945
v  -0.70598 0.01277 0.24945
v  -0.70598 0.01277 0.26145
v  -0.71488 0.01562 0.26145
v  -0.71488 0.01562 0.24945
v  -0.68582 0.01840 0.24945
v  -0.68337 0.01905 0.26146
v  -0.70598 0.01277 0.26145
v  -0.70598 0.01277 0.24945
v  -0.66316 0.02384 0.24946
v  -0.65465 0.02573 0.26149
v  -0.64247 0.02816 0.24945
v  -0.62414 0.03140 0.26146
v  -0.61970 0.03205 0.24945
v  -0.59749 0.03520 0.24945
v  -0.59674 0.03526 0.26145
v  -0.57000 0.03793 0.24945
v  -0.57578 0.03739 0.26145
v  -0.55237 0.03910 0.26147
v  -0.54636 0.03934 0.24945
v  -0.53162 0.03983 0.24945
v  -0.53162 0.03983 0.26145
v  -0.50949 0.04003 0.24945
v  -0.50951 0.03992 0.26145
v  -0.48108 0.03911 0.24945
v  -0.48740 0.03936 0.26145
v  -0.46314 0.03793 0.26147
v  -0.45796 0.03744 0.24945
v  -0.43700 0.03532 0.24945
v  -0.43557 0.03517 0.26144
v  -0.41406 0.03213 0.24945
v  -0.41406 0.03213 0.26145
v  -0.39327 0.02864 0.24945
v  -0.39952 0.02972 0.26145
v  -0.37587 0.02516 0.26145
v  -0.37042 0.02391 0.24944
v  -0.34179 0.01719 0.24945
v  -0.33176 0.01495 0.26151
v  -0.32133 0.01287 0.24945
v  -0.30439 0.00982 0.26145
v  -0.29811 0.00884 0.24945
v  -0.27766 0.00584 0.24945
v  -0.28345 0.00667 0.26145
v  -0.25994 0.00377 0.26150
v  -0.25400 0.00323 0.24945
v  -0.23288 0.00148 0.24945
v  -0.23921 0.00204 0.26125
v  -0.21560 0.00054 0.26151
v  -0.20960 0.00039 0.24945
v  -0.18772 -0.00006 0.24946
v  -0.18631 -0.00004 0.26145
v  -0.16513 0.00032 0.24945
v  -0.16513 0.00032 0.26145
v  -0.14397 0.00122 0.24945
v  -0.14676 0.00099 0.26137
v  -0.12073 0.00303 0.24945
v  -0.11229 0.00382 0.26145
v  -0.09834 0.00544 0.24945
v  -0.09126 0.00638 0.26145
v  -0.06937 0.00959 0.24945
v  -0.06773 0.00995 0.26117
v  -0.04115 0.01491 0.24945
v  -0.04166 0.01476 0.26143
v  -0.01844 0.02008 0.24945
v  -0.01844 0.02008 0.26145
v  0.11291 0.00354 0.26145
v  0.14134 0.00123 0.26139
v  0.08214 0.00729 0.26152
v  0.27446 0.00567 0.26145
v  0.31733 0.01248 0.26152
v  0.25200 0.00323 0.26145
v  0.29611 0.00884 0.26145
v  0.46435 0.03817 0.26145
v  0.44130 0.03887 0.26195
v  0.44129 0.03599 0.26145
v  0.49364 0.03973 0.26147
v  0.68264 0.01873 0.26145
v  0.70398 0.01277 0.26145
v  0.70398 0.01508 0.26186
v  0.71288 0.01562 0.26145
v  0.71257 0.01673 0.26158
v  0.70398 0.01508 0.26186
v  0.70398 0.01277 0.26145
v  0.72197 0.01777 0.26145
v  0.73119 0.01920 0.26145
v  0.73106 0.02034 0.26158
v  0.74052 0.01992 0.26145
v  0.75527 0.01968 0.26146
v  0.76839 0.01770 0.26145
v  0.77749 0.01552 0.26145
v  0.78625 0.01270 0.26131
v  0.81133 0.00000 0.26145
v  0.81583 -0.00000 0.26191
v  0.80326 0.00492 0.26129
v  -0.80534 0.00486 0.26145
v  -0.80590 0.00586 0.26158
v  -0.81554 0.00000 0.26158
v  -0.81333 0.00000 0.26145
v  -0.79701 0.00908 0.26145
v  -0.79749 0.01012 0.26158
v  -0.78838 0.01264 0.26145
v  -0.78878 0.01371 0.26158
v  -0.77949 0.01552 0.26145
v  -0.77039 0.01770 0.26145
v  -0.76117 0.01916 0.26145
v  -0.77949 0.01552 0.26145
v  -0.75187 0.01990 0.26145
v  -0.74252 0.01992 0.26145
v  -0.71488 0.01562 0.26145
v  -0.70598 0.01277 0.26145
v  -0.70594 0.01508 0.26186
v  -0.72403 0.01778 0.26128
v  -0.70594 0.01508 0.26186
v  -0.70598 0.01277 0.26145
v  -0.68337 0.01905 0.26146
v  -0.59674 0.03526 0.26145
v  -0.57578 0.03739 0.26145
v  -0.62414 0.03140 0.26146
v  -0.55237 0.03910 0.26147
v  -0.52427 0.04242 0.26186
v  -0.57578 0.03739 0.26145
v  -0.53162 0.03983 0.26145
v  -0.41406 0.03213 0.26145
v  -0.39952 0.02972 0.26145
v  -0.43557 0.03517 0.26144
v  -0.30439 0.00982 0.26145
v  -0.25994 0.00377 0.26150
v  -0.33176 0.01495 0.26151
v  -0.28345 0.00667 0.26145
v  -0.18631 -0.00004 0.26145
v  -0.16513 0.00032 0.26145
v  -0.21560 0.00054 0.26151
v  -0.11229 0.00382 0.26145
v  -0.09126 0.00638 0.26145
v  -0.14676 0.00099 0.26137
v  0.02635 0.01771 0.26138
v  0.00253 0.02762 0.26332
v  0.00144 0.02389 0.26145
v  0.05048 0.01266 0.26143
v  0.01736 0.02387 0.26332
v  0.11909 0.00692 0.26332
v  0.16313 0.00032 0.26145
v  0.16325 0.00422 0.26332
v  0.17798 0.00316 0.26255
v  0.18584 -0.00006 0.26141
v  0.20760 0.00039 0.26145
v  0.23028 0.00142 0.26142
v  0.19274 0.00318 0.26255
v  0.26629 0.00867 0.26332
v  0.28821 0.01161 0.26332
v  0.31004 0.01516 0.26332
v  0.33979 0.01719 0.26145
v  0.36842 0.02391 0.26145
v  0.36775 0.02775 0.26332
v  0.39133 0.02865 0.26147
v  0.41779 0.03303 0.26145
v  0.50574 0.04391 0.26332
v  0.52438 0.03997 0.26148
v  0.57378 0.03739 0.26145
v  0.58846 0.03593 0.26145
v  0.55277 0.03897 0.26145
v  0.61168 0.03301 0.26149
v  0.61830 0.03590 0.26332
v  0.58846 0.03593 0.26145
v  0.63224 0.02962 0.26145
v  0.65499 0.02523 0.26145
v  0.71184 0.01938 0.26332
v  0.72154 0.01993 0.26196
v  0.71184 0.01938 0.26332
v  0.73089 0.02185 0.26225
v  0.74644 0.02402 0.26335
v  0.73089 0.02185 0.26225
v  0.78625 0.01270 0.26131
v  0.78730 0.01503 0.26210
v  0.76839 0.01770 0.26145
v  0.79501 0.00908 0.26145
v  0.79593 0.01108 0.26196
v  0.78730 0.01503 0.26210
v  0.80464 0.00719 0.26225
v  0.80464 0.00719 0.26225
v  -0.80674 0.00718 0.26218
v  -0.81845 0.00000 0.26225
v  -0.79864 0.01263 0.26332
v  -0.80674 0.00718 0.26218
v  -0.78973 0.01630 0.26332
v  -0.79864 0.01263 0.26332
v  -0.78054 0.01928 0.26332
v  -0.78973 0.01630 0.26332
v  -0.76117 0.01916 0.26145
v  -0.74252 0.01992 0.26145
v  -0.75202 0.02380 0.26332
v  -0.73319 0.01920 0.26145
v  -0.73274 0.02308 0.26332
v  -0.72345 0.02038 0.26225
v  -0.71429 0.01774 0.26196
v  -0.72345 0.02038 0.26225
v  -0.69279 0.02054 0.26332
v  -0.63492 0.03347 0.26332
v  -0.65465 0.02573 0.26149
v  -0.62414 0.03140 0.26146
v  -0.61388 0.03691 0.26331
v  -0.58530 0.04045 0.26330
v  -0.56133 0.04242 0.26332
v  -0.50951 0.03992 0.26145
v  -0.48740 0.03936 0.26145
v  -0.44840 0.03936 0.26197
v  -0.46314 0.03793 0.26147
v  -0.43557 0.03517 0.26144
v  -0.39952 0.02972 0.26145
v  -0.37587 0.02516 0.26145
v  -0.37578 0.02910 0.26329
v  -0.23921 0.00204 0.26125
v  -0.19474 0.00318 0.26255
v  -0.21488 0.00442 0.26335
v  -0.17998 0.00316 0.26255
v  -0.06773 0.00995 0.26117
v  -0.04166 0.01476 0.26143
v  -0.07719 0.01237 0.26332
v  -0.00189 0.02425 0.26146
v  0.00144 0.02389 0.26145
v  -0.01844 0.02008 0.26145
v  -0.00263 0.02806 0.26332
v  0.07519 0.01237 0.26332
v  0.19274 0.00318 0.26255
v  0.26629 0.00867 0.26332
v  0.21575 0.00450 0.26325
v  0.47743 0.04294 0.26327
v  0.52971 0.04373 0.26332
v  0.55277 0.03897 0.26145
v  0.57412 0.04128 0.26332
v  0.59674 0.03898 0.26341
v  0.66862 0.02621 0.26331
v  0.72122 0.02160 0.26332
v  0.72122 0.02160 0.26332
v  0.76386 0.02259 0.26334
v  0.79664 0.01263 0.26332
v  0.79664 0.01263 0.26332
v  -0.74237 0.02382 0.26332
v  -0.71384 0.01938 0.26332
v  -0.71384 0.01938 0.26332
v  -0.46951 0.04244 0.26338
v  -0.50753 0.04391 0.26331
v  -0.43326 0.03880 0.26325
v  -0.40537 0.03479 0.26337
v  -0.33020 0.01858 0.26337
v  -0.23893 0.00587 0.26332
v  -0.15788 0.00452 0.26332
v  -0.12844 0.00632 0.26332
v  -0.09910 0.00934 0.26332
v  -0.01844 0.02008 0.26145
v  0.04441 0.01776 0.26330
v  0.01736 0.02387 0.26332
v  0.07519 0.01237 0.26332
v  0.11909 0.00692 0.26332
v  0.09676 0.00927 0.26332
v  0.14015 0.00523 0.26331
v  0.16325 0.00422 0.26332
v  0.17799 0.00394 0.26332
v  0.19273 0.00396 0.26332
v  0.21575 0.00450 0.26325
v  0.24297 0.00629 0.26333
v  0.33218 0.01945 0.26327
v  0.31004 0.01516 0.26332
v  0.36775 0.02775 0.26332
v  0.41962 0.03726 0.26330
v  0.38998 0.03237 0.26330
v  0.44837 0.04069 0.26332
v  0.55104 0.04297 0.26331
v  0.64037 0.03215 0.26334
v  0.70390 0.01684 0.26332
v  0.70390 0.01684 0.26332
v  0.73074 0.02308 0.26332
v  0.73074 0.02308 0.26332
v  0.77854 0.01928 0.26332
v  0.78773 0.01630 0.26332
v  0.78773 0.01630 0.26332
v  0.80524 0.00827 0.26332
v  0.81883 0.00000 0.26332
v  0.80524 0.00827 0.26332
v  -0.80724 0.00827 0.26332
v  -0.80724 0.00827 0.26332
v  -0.76699 0.02240 0.26330
v  -0.72322 0.02160 0.26332
v  -0.72322 0.02160 0.26332
v  -0.70590 0.01684 0.26332
v  -0.70590 0.01684 0.26332
v  -0.66790 0.02680 0.26328
v  -0.53910 0.04356 0.26327
v  -0.30514 0.01389 0.26331
v  -0.33020 0.01858 0.26337
v  -0.23921 0.00204 0.26125
v  -0.27242 0.00916 0.26339
v  -0.30514 0.01389 0.26331
v  -0.19473 0.00396 0.26332
v  -0.17999 0.00394 0.26332
v  -0.07719 0.01237 0.26332
v  -0.03373 0.02054 0.26332
v  -0.05537 0.01609 0.26335
v  -0.01936 0.02387 0.26332
v  -0.03373 0.02054 0.26332
v  0.00202 0.02887 0.26645
v  0.00253 0.02762 0.26332
v  0.03319 0.02119 0.26645
v  0.04441 0.01776 0.26330
v  0.06913 0.01438 0.26645
v  0.09676 0.00927 0.26332
v  0.30984 0.01624 0.26645
v  0.33218 0.01945 0.26327
v  0.33316 0.02080 0.26645
v  0.37295 0.03006 0.26645
v  0.39664 0.03464 0.26645
v  0.41864 0.03823 0.26645
v  0.44832 0.04185 0.26645
v  0.64120 0.03315 0.26645
v  0.66862 0.02621 0.26331
v  0.66950 0.02709 0.26645
v  0.70390 0.01684 0.26332
v  0.69108 0.02160 0.26645
v  0.70375 0.01827 0.26634
v  0.71159 0.02020 0.26476
v  0.70375 0.01827 0.26634
v  0.72107 0.02236 0.26478
v  0.71159 0.02020 0.26476
v  0.73065 0.02385 0.26478
v  0.72107 0.02236 0.26478
v  0.73065 0.02385 0.26478
v  0.79699 0.01342 0.26479
v  0.80564 0.00903 0.26475
v  0.79699 0.01342 0.26479
v  0.81997 0.00000 0.26425
v  0.80564 0.00903 0.26475
v  -0.79902 0.01340 0.26472
v  -0.80762 0.00895 0.26478
v  -0.79000 0.01703 0.26478
v  -0.79902 0.01340 0.26472
v  -0.79000 0.01703 0.26478
v  -0.73270 0.02440 0.26635
v  -0.73270 0.02440 0.26635
v  -0.73274 0.02308 0.26332
v  -0.72322 0.02160 0.26332
v  -0.71360 0.02023 0.26485
v  -0.70582 0.01828 0.26634
v  -0.71360 0.02023 0.26485
v  -0.70582 0.01828 0.26634
v  -0.69279 0.02054 0.26332
v  -0.63492 0.03347 0.26332
v  -0.63512 0.03455 0.26645
v  -0.65697 0.03025 0.26645
v  -0.66790 0.02680 0.26328
v  -0.61388 0.03691 0.26331
v  -0.62047 0.03699 0.26645
v  -0.48718 0.04436 0.26645
v  -0.43460 0.04012 0.26645
v  -0.40537 0.03479 0.26337
v  -0.38405 0.03189 0.26645
v  -0.36951 0.02883 0.26645
v  -0.33241 0.02019 0.26645
v  -0.29494 0.01325 0.26645
v  -0.27242 0.00916 0.26339
v  -0.15057 0.00591 0.26645
v  -0.09193 0.01134 0.26645
v  -0.05537 0.01609 0.26335
v  -0.06104 0.01605 0.26645
v  -0.03397 0.02162 0.26645
v  -0.01962 0.02494 0.26645
v  -0.00386 0.02893 0.26645
v  0.09827 0.01021 0.26645
v  0.12689 0.00729 0.26645
v  0.14015 0.00523 0.26331
v  0.15698 0.00549 0.26645
v  0.17800 0.00504 0.26645
v  0.21029 0.00536 0.26645
v  0.24297 0.00629 0.26333
v  0.23684 0.00696 0.26645
v  0.26195 0.00922 0.26645
v  0.28785 0.01256 0.26645
v  0.47882 0.04411 0.26645
v  0.50003 0.04484 0.26645
v  0.52412 0.04499 0.26645
v  0.54458 0.04434 0.26645
v  0.56876 0.04289 0.26645
v  0.59674 0.03898 0.26341
v  0.58901 0.04090 0.26645
v  0.60376 0.03911 0.26645
v  0.61847 0.03699 0.26645
v  0.74033 0.02492 0.26645
v  0.75007 0.02490 0.26645
v  0.75976 0.02413 0.26645
v  0.76937 0.02260 0.26645
v  0.77884 0.02034 0.26645
v  0.80578 0.00923 0.26645
v  0.82070 0.00000 0.26530
v  -0.78084 0.02034 0.26645
v  -0.77137 0.02260 0.26645
v  -0.76176 0.02413 0.26645
v  -0.75207 0.02490 0.26645
v  -0.74233 0.02492 0.26645
v  -0.69308 0.02160 0.26645
v  -0.67870 0.02531 0.26645
v  -0.59814 0.04011 0.26645
v  -0.58530 0.04045 0.26330
v  -0.57622 0.04237 0.26645
v  -0.55433 0.04397 0.26645
v  -0.53173 0.04483 0.26645
v  -0.51688 0.04500 0.26645
v  -0.50203 0.04484 0.26645
v  -0.46364 0.04298 0.26645
v  -0.40594 0.03593 0.26645
v  -0.26816 0.00976 0.26645
v  -0.23824 0.00679 0.26645
v  -0.21488 0.00442 0.26335
v  -0.20029 0.00509 0.26645
v  -0.17263 0.00510 0.26645
v  -0.12080 0.00794 0.26645
v  -0.00173 0.02911 0.26645
v  -0.00012 0.02912 0.26645
v  0.71154 0.02044 0.26645
v  0.72101 0.02268 0.26645
v  0.71154 0.02044 0.26645
v  0.73062 0.02417 0.26645
v  0.72101 0.02268 0.26645
v  0.73062 0.02417 0.26645
v  0.78811 0.01733 0.26645
v  0.79710 0.01363 0.26645
v  0.78811 0.01733 0.26645
v  0.80578 0.00923 0.26645
v  0.79710 0.01363 0.26645
v  0.82095 0.00000 0.26645
v  -0.80762 0.00895 0.26478
v  -0.80778 0.00923 0.26645
v  -0.82295 0.00000 0.26645
v  -0.79910 0.01363 0.26645
v  -0.80778 0.00923 0.26645
v  -0.79011 0.01733 0.26645
v  -0.79910 0.01363 0.26645
v  -0.79011 0.01733 0.26645
v  -0.72301 0.02268 0.26645
v  -0.71354 0.02044 0.26645
v  -0.72301 0.02268 0.26645
v  -0.71354 0.02044 0.26645
v  -0.82083 0.00000 0.26332
v  -0.82249 0.00000 0.26476
v  -0.71354 0.02044 0.26645
v  -0.70582 0.01828 0.26634
v  -0.69308 0.02160 0.26645
v  -0.72301 0.02268 0.26645
v  -0.73270 0.02440 0.26635
v  -0.74233 0.02492 0.26645
v  -0.73270 0.02440 0.26635
v  -0.69308 0.02160 0.26645
v  -0.74233 0.02492 0.26645
v  -0.67870 0.02531 0.26645
v  -0.75207 0.02490 0.26645
v  -0.65697 0.03025 0.26645
v  -0.63512 0.03455 0.26645
v  -0.33241 0.02019 0.26645
v  -0.29494 0.01325 0.26645
v  -0.26816 0.00976 0.26645
v  -0.36951 0.02883 0.26645
v  -0.38405 0.03189 0.26645
v  -0.23824 0.00679 0.26645
v  -0.20029 0.00509 0.26645
v  -0.17263 0.00510 0.26645
v  -0.15057 0.00591 0.26645
v  -0.12080 0.00794 0.26645
v  -0.09193 0.01134 0.26645
v  -0.06104 0.01605 0.26645
v  -0.03397 0.02162 0.26645
v  -0.40594 0.03593 0.26645
v  -0.43460 0.04012 0.26645
v  -0.46364 0.04298 0.26645
v  -0.48718 0.04436 0.26645
v  -0.01962 0.02494 0.26645
v  -0.00386 0.02893 0.26645
v  -0.50203 0.04484 0.26645
v  -0.00173 0.02911 0.26645
v  0.00202 0.02887 0.26645
v  0.03319 0.02119 0.26645
v  0.06913 0.01438 0.26645
v  0.09827 0.01021 0.26645
v  0.12689 0.00729 0.26645
v  0.15698 0.00549 0.26645
v  0.17800 0.00504 0.26645
v  0.21029 0.00536 0.26645
v  0.23684 0.00696 0.26645
v  0.26195 0.00922 0.26645
v  0.28785 0.01256 0.26645
v  0.30984 0.01624 0.26645
v  0.33316 0.02080 0.26645
v  0.37295 0.03006 0.26645
v  0.39664 0.03464 0.26645
v  -0.00012 0.02912 0.26645
v  0.41864 0.03823 0.26645
v  0.44832 0.04185 0.26645
v  0.47882 0.04411 0.26645
v  0.50003 0.04484 0.26645
v  0.69108 0.02160 0.26645
v  0.70375 0.01827 0.26634
v  0.71154 0.02044 0.26645
v  0.66950 0.02709 0.26645
v  0.64120 0.03315 0.26645
v  0.72101 0.02268 0.26645
v  0.61847 0.03699 0.26645
v  0.82095 0.00000 0.26645
v  0.91000 0.00000 0.26645
v  0.91000 0.08300 0.26645
v  0.80578 0.00923 0.26645
v  0.79710 0.01363 0.26645
v  0.78811 0.01733 0.26645
v  0.77884 0.02034 0.26645
v  0.76937 0.02260 0.26645
v  0.75976 0.02413 0.26645
v  0.75007 0.02490 0.26645
v  0.74033 0.02492 0.26645
v  0.73062 0.02417 0.26645
v  0.56876 0.04289 0.26645
v  0.58901 0.04090 0.26645
v  0.54458 0.04434 0.26645
v  0.52412 0.04499 0.26645
v  -0.51688 0.04500 0.26645
v  -0.53173 0.04483 0.26645
v  -0.91000 0.08300 0.26645
v  -0.55433 0.04397 0.26645
v  -0.57622 0.04237 0.26645
v  -0.59814 0.04011 0.26645
v  -0.62047 0.03699 0.26645
v  -0.76176 0.02413 0.26645
v  -0.77137 0.02260 0.26645
v  -0.78084 0.02034 0.26645
v  -0.79011 0.01733 0.26645
v  -0.79910 0.01363 0.26645
v  -0.80778 0.00923 0.26645
v  -0.82295 0.00000 0.26645
v  -0.91000 0.00000 0.26645
v  0.22877 0.00135 0.24945
v  0.20760 0.00039 0.24945
v  0.18430 -0.00004 0.24945
v  0.05748 0.01125 0.24945
v  -0.66316 0.02384 0.24946
v  -0.81333 0.00000 0.24945
v  0.89300 0.00000 0.24945
v  -0.89300 0.08300 0.24945
v  -0.91000 0.08300 0.26645
v  0.91000 0.08300 0.26645
v  0.89300 0.08300 0.24945
v  -0.91000 0.08300 0.26645
v  -0.89300 0.08300 0.24945
v  -0.89300 0.00000 0.24945
v  0.81133 0.00000 0.24945
v  0.89300 0.00000 0.24945
v  0.91000 0.00000 0.26645
v  0.82095 0.00000 0.26645
v  0.82070 0.00000 0.26530
v  0.81997 0.00000 0.26425
v  0.81883 0.00000 0.26332
v  0.81583 -0.00000 0.26191
v  0.81133 0.00000 0.26145
v  -0.82249 0.00000 0.26476
v  -0.82295 0.00000 0.26645
v  -0.91000 0.00000 0.26645
v  -0.82083 0.00000 0.26332
v  -0.81845 0.00000 0.26225
v  -0.81554 0.00000 0.26158
v  -0.89300 0.00000 0.24945
v  -0.81333 0.00000 0.24945
v  -0.81333 0.00000 0.26145
v  0.90000 2.15193 0.18856
v  0.89880 2.15147 0.18754
v  0.90000 2.15268 0.18753
v  0.90000 2.15080 0.18918
v  0.89880 2.15147 0.18754
v  0.90000 2.15193 0.18856
v  0.89880 2.15147 0.18754
v  0.90000 2.15020 0.18925
v  0.89935 2.15018 0.18892
v  0.90000 2.15080 0.18918
v  0.89935 2.15018 0.18892
v  0.90000 0.14980 0.18925
v  0.89935 0.14982 0.18892
v  0.90000 2.15020 0.18925
v  0.90000 0.14980 0.18925
v  0.89879 0.14872 0.18779
v  0.89935 0.14982 0.18892
v  0.90000 0.14855 0.18888
v  0.90000 0.14744 0.18764
v  0.89879 0.14872 0.18779
v  0.90000 0.14855 0.18888
v  0.89879 0.14872 0.18779
v  0.90000 0.14720 0.18665
v  0.89935 0.14753 0.18663
v  0.90000 0.14744 0.18764
v  0.89935 0.14753 0.18663
v  0.90000 0.14720 -0.26375
v  0.89935 0.14753 -0.26373
v  0.90000 0.14720 0.18665
v  0.90000 0.14720 -0.26375
v  0.89867 0.14868 -0.26460
v  0.89935 0.14753 -0.26373
v  0.90000 0.14742 -0.26474
v  0.90000 0.14855 -0.26600
v  0.89867 0.14868 -0.26460
v  0.90000 0.14742 -0.26474
v  0.89867 0.14868 -0.26460
v  0.90000 0.14980 -0.26635
v  0.89935 0.14982 -0.26602
v  0.90000 0.14855 -0.26600
v  0.89935 0.14982 -0.26602
v  0.90000 2.15020 -0.26635
v  0.89935 2.15018 -0.26602
v  0.90000 0.14980 -0.26635
v  0.90000 2.15020 -0.26635
v  0.89888 2.15139 -0.26492
v  0.89935 2.15018 -0.26602
v  0.90000 2.15107 -0.26618
v  0.90000 2.15223 -0.26538
v  0.89888 2.15139 -0.26492
v  0.90000 2.15107 -0.26618
v  0.90000 2.15263 -0.26462
v  0.89888 2.15139 -0.26492
v  0.90000 2.15223 -0.26538
v  0.89888 2.15139 -0.26492
v  0.90000 2.15280 -0.26375
v  0.89935 2.15247 -0.26373
v  0.90000 2.15263 -0.26462
v  0.89935 2.15247 -0.26373
v  0.90000 2.15280 0.18665
v  0.89935 2.15247 0.18663
v  0.90000 2.15280 -0.26375
v  0.90000 2.15280 0.18665
v  0.89880 2.15147 0.18754
v  0.89935 2.15247 0.18663
v  0.90000 2.15268 0.18753
v  0.89935 2.14753 0.18398
v  0.90000 2.14720 -0.26075
v  0.89935 2.14753 -0.26108
v  0.90000 2.14720 0.18365
v  0.89935 2.14753 -0.26108
v  0.90000 0.15280 -0.26075
v  0.89935 0.15247 -0.26108
v  0.90000 2.14720 -0.26075
v  0.89935 0.15247 -0.26108
v  0.90000 0.15280 0.18365
v  0.89934 0.15248 0.18398
v  0.90000 0.15280 -0.26075
v  0.89934 0.15248 0.18398
v  0.90000 2.14720 0.18365
v  0.89935 2.14753 0.18398
v  0.90000 0.15280 0.18365
v  0.89880 2.15147 0.18754
v  0.89935 2.15018 0.18892
v  0.89879 2.15015 0.18846
v  0.89879 2.15015 0.18846
v  0.89935 0.14982 0.18892
v  0.89879 0.14985 0.18846
v  0.89935 2.15018 0.18892
v  0.89935 0.14982 0.18892
v  0.89879 0.14872 0.18779
v  0.89879 0.14985 0.18846
v  0.89879 0.14872 0.18779
v  0.89935 0.14753 0.18663
v  0.89879 0.14799 0.18660
v  0.89879 0.14799 0.18660
v  0.89935 0.14753 -0.26373
v  0.89879 0.14799 -0.26371
v  0.89935 0.14753 0.18663
v  0.89935 0.14753 -0.26373
v  0.89867 0.14868 -0.26460
v  0.89879 0.14799 -0.26371
v  0.89867 0.14868 -0.26460
v  0.89935 0.14982 -0.26602
v  0.89879 0.14984 -0.26556
v  0.89879 0.14984 -0.26556
v  0.89935 2.15018 -0.26602
v  0.89879 2.15016 -0.26556
v  0.89935 0.14982 -0.26602
v  0.89935 2.15018 -0.26602
v  0.89888 2.15139 -0.26492
v  0.89879 2.15016 -0.26556
v  0.89888 2.15139 -0.26492
v  0.89935 2.15247 -0.26373
v  0.89879 2.15201 -0.26371
v  0.89879 2.15201 -0.26371
v  0.89935 2.15247 0.18663
v  0.89879 2.15201 0.18660
v  0.89935 2.15247 -0.26373
v  0.89935 2.15247 0.18663
v  0.89880 2.15147 0.18754
v  0.89879 2.15201 0.18660
v  0.89879 2.14799 0.18444
v  0.89935 2.14753 -0.26108
v  0.89879 2.14799 -0.26154
v  0.89935 2.14753 0.18398
v  0.89879 2.14799 -0.26154
v  0.89935 0.15247 -0.26108
v  0.89879 0.15201 -0.26154
v  0.89935 2.14753 -0.26108
v  0.89879 0.15201 -0.26154
v  0.89934 0.15248 0.18398
v  0.89879 0.15201 0.18444
v  0.89935 0.15247 -0.26108
v  0.89879 0.15201 0.18444
v  0.89935 2.14753 0.18398
v  0.89879 2.14799 0.18444
v  0.89934 0.15248 0.18398
v  0.89880 2.15147 0.18754
v  0.89879 2.15015 0.18846
v  0.89837 2.15012 0.18787
v  0.89837 2.15012 0.18787
v  0.89879 0.14985 0.18846
v  0.89837 0.14987 0.18787
v  0.89879 2.15015 0.18846
v  0.89879 0.14985 0.18846
v  0.89879 0.14872 0.18779
v  0.89837 0.14987 0.18787
v  0.89879 0.14872 0.18779
v  0.89879 0.14799 0.18660
v  0.89837 0.14858 0.18657
v  0.89837 0.14858 0.18657
v  0.89879 0.14799 -0.26371
v  0.89837 0.14858 -0.26367
v  0.89879 0.14799 0.18660
v  0.89879 0.14799 -0.26371
v  0.89867 0.14868 -0.26460
v  0.89837 0.14858 -0.26367
v  0.89867 0.14868 -0.26460
v  0.89879 0.14984 -0.26556
v  0.89837 0.14987 -0.26497
v  0.89837 0.14987 -0.26497
v  0.89879 2.15016 -0.26556
v  0.89837 2.15014 -0.26497
v  0.89879 0.14984 -0.26556
v  0.89879 2.15016 -0.26556
v  0.89888 2.15139 -0.26492
v  0.89837 2.15014 -0.26497
v  0.89888 2.15139 -0.26492
v  0.89879 2.15201 -0.26371
v  0.89837 2.15142 -0.26367
v  0.89837 2.15142 -0.26367
v  0.89879 2.15201 0.18660
v  0.89837 2.15142 0.18657
v  0.89879 2.15201 -0.26371
v  0.89879 2.15201 0.18660
v  0.89880 2.15147 0.18754
v  0.89837 2.15142 0.18657
v  0.89837 2.14858 0.18503
v  0.89879 2.14799 -0.26154
v  0.89837 2.14858 -0.26213
v  0.89879 2.14799 0.18444
v  0.89837 2.14858 -0.26213
v  0.89879 0.15201 -0.26154
v  0.89837 0.15142 -0.26213
v  0.89879 2.14799 -0.26154
v  0.89837 0.15142 -0.26213
v  0.89879 0.15201 0.18444
v  0.89837 0.15142 0.18503
v  0.89879 0.15201 -0.26154
v  0.89837 0.15142 0.18503
v  0.89879 2.14799 0.18444
v  0.89837 2.14858 0.18503
v  0.89879 0.15201 0.18444
v  0.89880 2.15147 0.18754
v  0.89837 2.15012 0.18787
v  0.89810 2.15008 0.18719
v  0.89810 2.15008 0.18719
v  0.89837 0.14987 0.18787
v  0.89810 0.14993 0.18720
v  0.89837 2.15012 0.18787
v  0.89810 0.14993 0.18720
v  0.89837 0.14987 0.18787
v  0.89879 0.14872 0.18779
v  0.89837 0.14858 0.18657
v  0.89810 0.14932 0.18688
v  0.89879 0.14872 0.18779
v  0.89810 0.14932 0.18688
v  0.89837 0.14858 -0.26367
v  0.89810 0.14926 -0.26377
v  0.89837 0.14858 0.18657
v  0.89810 0.14926 -0.26377
v  0.89837 0.14858 -0.26367
v  0.89867 0.14868 -0.26460
v  0.89837 0.14987 -0.26497
v  0.89810 0.14957 -0.26423
v  0.89867 0.14868 -0.26460
v  0.89810 0.14957 -0.26423
v  0.89837 2.15014 -0.26497
v  0.89810 2.15008 -0.26429
v  0.89837 0.14987 -0.26497
v  0.89837 2.15014 -0.26497
v  0.89888 2.15139 -0.26492
v  0.89810 2.15008 -0.26429
v  0.89837 2.15142 -0.26367
v  0.89810 2.15071 -0.26388
v  0.89888 2.15139 -0.26492
v  0.89810 2.15071 -0.26388
v  0.89837 2.15142 0.18657
v  0.89810 2.15072 0.18677
v  0.89837 2.15142 -0.26367
v  0.89810 2.15072 0.18677
v  0.89837 2.15142 0.18657
v  0.89880 2.15147 0.18754
v  0.89810 2.14926 0.18571
v  0.89837 2.14858 -0.26213
v  0.89810 2.14926 -0.26281
v  0.89837 2.14858 0.18503
v  0.89810 2.14926 -0.26281
v  0.89837 0.15142 -0.26213
v  0.89810 0.15074 -0.26281
v  0.89837 2.14858 -0.26213
v  0.89810 0.15074 -0.26281
v  0.89837 0.15142 0.18503
v  0.89810 0.15074 0.18571
v  0.89837 0.15142 -0.26213
v  0.89810 0.15074 0.18571
v  0.89837 2.14858 0.18503
v  0.89810 2.14926 0.18571
v  0.89837 0.15142 0.18503
v  0.89810 2.15072 0.18677
v  0.89880 2.15147 0.18754
v  0.89800 2.15000 0.18645
v  0.89810 2.15008 0.18719
v  0.89800 2.15000 0.18645
v  0.89800 2.15000 0.18645
v  0.89810 0.14993 0.18720
v  0.89800 0.15000 0.18645
v  0.89879 0.14872 0.18779
v  0.89800 0.15000 0.18645
v  0.89810 0.14932 0.18688
v  0.89800 0.15000 0.18645
v  0.89800 0.15000 0.18645
v  0.89810 0.14926 -0.26377
v  0.89800 0.15000 -0.26355
v  0.89867 0.14868 -0.26460
v  0.89800 0.15000 -0.26355
v  0.89810 0.14957 -0.26423
v  0.89800 0.15000 -0.26355
v  0.89800 0.15000 -0.26355
v  0.89810 2.15008 -0.26429
v  0.89800 2.15000 -0.26355
v  0.89888 2.15139 -0.26492
v  0.89810 2.15071 -0.26388
v  0.89800 2.15000 -0.26355
v  0.89800 2.15000 -0.26355
v  0.89800 2.15000 0.18645
v  0.89800 2.15000 0.18645
v  0.89810 2.14926 -0.26281
v  0.89800 2.15000 -0.26355
v  0.89810 2.14926 0.18571
v  0.89800 2.15000 -0.26355
v  0.89810 0.15074 -0.26281
v  0.89800 0.15000 -0.26355
v  0.89810 2.14926 -0.26281
v  0.89800 0.15000 -0.26355
v  0.89810 0.15074 0.18571
v  0.89800 0.15000 0.18645
v  0.89810 0.15074 -0.26281
v  0.89800 0.15000 0.18645
v  0.89810 2.14926 0.18571
v  0.89800 2.15000 0.18645
v  0.89810 0.15074 0.18571
v  0.90000 0.15280 0.18365
v  0.90000 2.14720 -0.26075
v  0.90000 2.14720 0.18365
v  0.90000 0.15280 -0.26075
v  0.90000 2.20000 -0.31355
v  0.89300 0.10000 -0.31355
v  0.89300 2.20000 -0.31355
v  0.90000 0.10000 -0.31355
v  0.89987 0.10000 0.23532
v  0.90000 0.10000 -0.31355
v  0.90000 0.10000 0.23445
v  0.89800 0.10000 0.23645
v  0.89927 0.10000 0.23610
v  0.88500 2.20000 0.23645
v  0.89800 0.10000 0.23645
v  0.89800 2.20000 0.23645
v  0.88300 0.10000 0.23445
v  0.88300 2.20000 -0.30855
v  0.88300 0.10000 -0.30855
v  0.88300 2.20000 0.23445
v  0.89987 0.10000 0.23532
v  0.90000 2.20000 0.23445
v  0.89987 2.20000 0.23532
v  0.90000 0.10000 0.23445
v  0.88412 0.10000 0.23633
v  0.88500 2.20000 0.23645
v  0.88412 2.20000 0.23633
v  0.88500 0.10000 0.23645
v  0.89927 0.10000 0.23610
v  0.89987 2.20000 0.23532
v  0.89950 2.20000 0.23595
v  0.89987 0.10000 0.23532
v  0.89927 0.10000 0.23610
v  0.89950 2.20000 0.23595
v  0.89887 2.20000 0.23633
v  0.89800 0.10000 0.23645
v  0.89887 2.20000 0.23633
v  0.89800 2.20000 0.23645
v  0.89927 0.10000 0.23610
v  0.88412 2.20000 0.23633
v  0.88328 0.10000 0.23576
v  0.88412 0.10000 0.23633
v  0.88313 2.20000 0.23532
v  0.88300 0.10000 0.23445
v  0.88328 0.10000 0.23576
v  0.88500 2.20000 0.23645
v  0.88350 2.20000 0.23595
v  0.88412 2.20000 0.23633
v  0.88300 2.20000 0.23445
v  0.88313 2.20000 0.23532
v  0.89300 2.20000 -0.30855
v  0.89300 0.10000 -0.31355
v  0.89300 0.10000 -0.30855
v  0.89300 2.20000 -0.31355
v  0.88500 0.10000 0.23645
v  0.90000 2.20000 0.23445
v  0.89950 2.20000 0.23595
v  0.89987 2.20000 0.23532
v  0.89800 2.20000 0.23645
v  0.89887 2.20000 0.23633
v  0.88328 0.10000 0.23576
v  0.88500 0.10000 0.23645
v  0.88412 0.10000 0.23633
v  0.88300 0.10000 0.23445
v  0.90000 2.20000 -0.31355
v  0.90000 2.15107 -0.26618
v  0.90000 2.15020 -0.26635
v  0.90000 2.15223 -0.26538
v  0.90000 2.15263 -0.26462
v  0.90000 2.15280 -0.26375
v  0.90000 0.14980 -0.26635
v  0.90000 0.10000 -0.31355
v  0.90000 0.14855 -0.26600
v  0.90000 0.14742 -0.26474
v  0.90000 0.14720 -0.26375
v  0.90000 0.14720 0.18665
v  0.90000 0.10000 0.23445
v  0.90000 0.14744 0.18764
v  0.90000 0.14855 0.18888
v  0.90000 0.14980 0.18925
v  0.90000 2.15020 0.18925
v  0.90000 2.20000 0.23445
v  0.90000 2.15080 0.18918
v  0.90000 2.15193 0.18856
v  0.90000 2.15268 0.18753
v  0.90000 2.15280 0.18665
v  -0.88300 2.18300 -0.30855
v  0.88300 2.18300 -0.30855
v  0.88300 2.18300 0.23245
v  -0.88300 2.18300 0.23245
v  0.88300 2.20000 0.23245
v  0.88300 2.20000 -0.30855
v  -0.88300 2.20000 -0.30855
v  -0.88300 2.20000 0.23245
v  0.88300 2.18500 0.23445
v  0.88300 2.19800 0.23445
v  -0.88300 2.19800 0.23445
v  -0.88300 2.18500 0.23445
v  0.88300 2.20000 0.23245
v  0.88300 2.19988 0.23333
v  0.88300 2.19950 0.23395
v  -0.88300 2.19887 0.23433
v  -0.88300 2.19950 0.23395
v  -0.88300 2.19988 0.23333
v  0.88300 2.18312 0.23333
v  -0.88300 2.18312 0.23333
v  -0.88300 2.18300 0.23245
v  0.88300 2.18300 0.23245
v  -0.88300 2.19988 0.23333
v  0.88300 2.19988 0.23333
v  0.88300 2.20000 0.23245
v  -0.88300 2.20000 0.23245
v  0.88300 2.18381 0.23414
v  -0.88300 2.18350 0.23395
v  -0.88300 2.18312 0.23333
v  0.88300 2.18312 0.23333
v  0.88300 2.18381 0.23414
v  -0.88300 2.18412 0.23433
v  -0.88300 2.18350 0.23395
v  0.88300 2.18500 0.23445
v  -0.88300 2.18500 0.23445
v  -0.88300 2.18412 0.23433
v  0.88300 2.18381 0.23414
v  -0.88300 2.19950 0.23395
v  0.88300 2.19950 0.23395
v  0.88300 2.19988 0.23333
v  -0.88300 2.19988 0.23333
v  -0.88300 2.19887 0.23433
v  0.88300 2.19887 0.23433
v  0.88300 2.19950 0.23395
v  -0.88300 2.19950 0.23395
v  -0.88300 2.19800 0.23445
v  0.88300 2.19800 0.23445
v  0.88300 2.19887 0.23433
v  -0.88300 2.19887 0.23433
v  0.90300 2.20000 0.25945
v  0.90429 2.20017 0.26074
v  -0.90429 2.20017 0.26074
v  -0.90300 2.20000 0.25945
v  0.90550 2.20067 0.26195
v  0.90654 2.20146 0.26299
v  -0.90654 2.20146 0.26299
v  -0.90550 2.20067 0.26195
v  0.90733 2.20250 0.26378
v  -0.90733 2.20250 0.26378
v  -0.90783 2.20371 0.26428
v  0.90783 2.20371 0.26428
v  0.90800 2.20500 0.26445
v  -0.90800 2.20500 0.26445
v  0.90800 2.20700 0.26445
v  -0.90801 2.20691 0.26446
v  0.90800 2.20700 0.26445
v  0.90903 2.20714 0.26549
v  -0.90801 2.20691 0.26446
v  0.91000 2.20754 0.26645
v  -0.91000 2.20754 0.26645
v  0.91083 2.20817 0.26728
v  -0.91083 2.20817 0.26728
v  0.91146 2.20900 0.26791
v  -0.91146 2.20900 0.26791
v  0.91186 2.20997 0.26831
v  -0.91186 2.20997 0.26831
v  0.91200 2.21100 0.26845
v  -0.91200 2.21100 0.26845
v  -0.91229 2.21526 0.26874
v  0.91209 2.21350 0.26854
v  0.91244 2.21612 0.26889
v  -0.91401 2.22184 0.27048
v  0.91375 2.22109 0.27020
v  0.91471 2.22345 0.27115
v  -0.91509 2.22425 0.27154
v  0.91629 2.22648 0.27273
v  -0.91630 2.22652 0.27276
v  0.91831 2.22944 0.27477
v  -0.91775 2.22865 0.27419
v  -0.91939 2.23077 0.27586
v  0.91991 2.23130 0.27636
v  0.92111 2.23252 0.27756
v  -0.92111 2.23252 0.27756
v  0.92297 2.23420 0.27942
v  -0.92294 2.23417 0.27939
v  0.92736 2.23716 0.28378
v  0.93050 2.23871 0.28691
v  -0.93028 2.23864 0.28673
v  -0.92642 2.23666 0.28286
v  0.93276 2.23954 0.28921
v  0.93503 2.24019 0.29150
v  -0.93391 2.23991 0.29036
v  0.94496 2.24220 0.30141
v  -0.94496 2.24220 0.30141
v  0.94795 2.24318 0.30441
v  -0.94670 2.24266 0.30318
v  -0.94911 2.24369 0.30558
v  -0.95526 2.24984 0.31171
v  0.95495 2.24930 0.31140
v  0.95555 2.25041 0.31200
v  0.95692 2.25458 0.31338
v  0.95712 2.25716 0.31359
v  -0.95708 2.25697 0.31358
v  -0.95691 2.25461 0.31336
v  0.95700 2.25900 0.31345
v  -0.95700 2.25900 0.31345
v  0.89841 2.21621 0.25486
v  0.88842 2.21681 0.24487
v  -0.88842 2.21681 0.24487
v  -0.89841 2.21621 0.25486
v  -0.95704 2.25614 -0.31355
v  -0.95700 2.25900 -0.31355
v  -0.93712 2.26000 -0.31355
v  -0.88800 2.22000 -0.31355
v  -0.86800 2.22000 -0.31355
v  -0.86800 2.20000 -0.31355
v  -0.88800 2.21644 -0.31355
v  -0.90300 2.20000 -0.31355
v  -0.88843 2.21681 -0.31355
v  -0.89841 2.21621 -0.31355
v  -0.90430 2.20017 -0.31355
v  -0.90550 2.20067 -0.31355
v  -0.90654 2.20146 -0.31355
v  -0.90733 2.20250 -0.31355
v  -0.90797 2.20417 -0.31355
v  -0.90800 2.20700 -0.31355
v  -0.90962 2.20729 -0.31355
v  -0.91083 2.20817 -0.31355
v  -0.91177 2.20952 -0.31355
v  -0.91200 2.21100 -0.31355
v  -0.91212 2.21383 -0.31355
v  -0.91292 2.21823 -0.31355
v  -0.91408 2.22200 -0.31355
v  -0.89901 2.22620 -0.31355
v  -0.91509 2.22425 -0.31355
v  -0.91695 2.22758 -0.31355
v  -0.91944 2.23077 -0.31356
v  -0.92111 2.23252 -0.31355
v  -0.92455 2.23549 -0.31355
v  -0.92897 2.23805 -0.31355
v  -0.93357 2.23988 -0.31355
v  -0.94573 2.24236 -0.31355
v  -0.94805 2.24318 -0.31355
v  -0.95074 2.24469 -0.31355
v  -0.95263 2.24634 -0.31355
v  -0.95426 2.24840 -0.31355
v  -0.95587 2.25104 -0.31355
v  -0.95668 2.25346 -0.31355
v  -0.86800 2.20000 0.22445
v  -0.90300 2.20000 0.25945
v  -0.90300 2.20000 -0.31355
v  -0.86800 2.20000 -0.31355
v  -0.90300 2.20000 -0.31355
v  -0.90300 2.20000 0.25945
v  -0.90429 2.20017 0.26074
v  -0.90430 2.20017 -0.31355
v  -0.90550 2.20067 0.26195
v  -0.90550 2.20067 -0.31355
v  -0.90654 2.20146 0.26299
v  -0.90654 2.20146 -0.31355
v  -0.90733 2.20250 0.26378
v  -0.90733 2.20250 -0.31355
v  -0.90783 2.20371 0.26428
v  -0.90797 2.20417 -0.31355
v  -0.90800 2.20500 0.26445
v  -0.90801 2.20691 0.26446
v  -0.90800 2.20700 -0.31355
v  -0.90801 2.20691 0.26446
v  -0.90962 2.20729 -0.31355
v  -0.90800 2.20700 -0.31355
v  -0.91000 2.20754 0.26645
v  -0.91083 2.20817 0.26728
v  -0.91083 2.20817 -0.31355
v  -0.91146 2.20900 0.26791
v  -0.91177 2.20952 -0.31355
v  -0.91186 2.20997 0.26831
v  -0.91200 2.21100 0.26845
v  -0.91200 2.21100 -0.31355
v  -0.91205 2.21272 0.26850
v  -0.91212 2.21383 -0.31355
v  -0.91229 2.21526 0.26874
v  -0.91292 2.21823 -0.31355
v  -0.91301 2.21863 0.26941
v  -0.91401 2.22184 0.27048
v  -0.91408 2.22200 -0.31355
v  -0.91509 2.22425 0.27154
v  -0.91509 2.22425 -0.31355
v  -0.91630 2.22652 0.27276
v  -0.91695 2.22758 -0.31355
v  -0.91775 2.22865 0.27419
v  -0.91939 2.23077 0.27586
v  -0.91944 2.23077 -0.31356
v  -0.92111 2.23252 0.27756
v  -0.92111 2.23252 -0.31355
v  -0.92294 2.23417 0.27939
v  -0.92455 2.23549 -0.31355
v  -0.92642 2.23666 0.28286
v  -0.92897 2.23805 -0.31355
v  -0.93028 2.23864 0.28673
v  -0.93357 2.23988 -0.31355
v  -0.93391 2.23991 0.29036
v  -0.94496 2.24220 0.30141
v  -0.94573 2.24236 -0.31355
v  -0.94670 2.24266 0.30318
v  -0.94805 2.24318 -0.31355
v  -0.94911 2.24369 0.30558
v  -0.95074 2.24469 -0.31355
v  -0.95129 2.24513 0.30772
v  -0.95263 2.24634 0.30907
v  -0.95263 2.24634 -0.31355
v  -0.95394 2.24780 0.31040
v  -0.95426 2.24840 -0.31355
v  -0.95526 2.24984 0.31171
v  -0.95587 2.25104 -0.31355
v  -0.95629 2.25215 0.31276
v  -0.95668 2.25346 -0.31355
v  -0.95691 2.25461 0.31336
v  -0.95704 2.25614 -0.31355
v  -0.95708 2.25697 0.31358
v  -0.95700 2.25900 0.31345
v  -0.95700 2.25900 -0.31355
v  -0.95700 2.25900 -0.31355
v  -0.95700 2.25900 0.31345
v  -0.93712 2.26000 0.29357
v  -0.93712 2.26000 -0.31355
v  -0.93712 2.26000 -0.31355
v  -0.93712 2.26000 0.29357
v  -0.89900 2.22620 0.25545
v  -0.89901 2.22620 -0.31355
v  -0.89901 2.22620 -0.31355
v  -0.89900 2.22620 0.25545
v  -0.89841 2.21621 0.25486
v  -0.89841 2.21621 -0.31355
v  -0.89841 2.21621 -0.31355
v  -0.89841 2.21621 0.25486
v  -0.88842 2.21681 0.24487
v  -0.88843 2.21681 -0.31355
v  -0.88843 2.21681 -0.31355
v  -0.88842 2.21681 0.24487
v  -0.88800 2.21644 0.24445
v  -0.88800 2.21644 -0.31355
v  -0.88800 2.21644 -0.31355
v  -0.88800 2.21644 0.24445
v  -0.88800 2.22000 0.24445
v  -0.88800 2.22000 -0.31355
v  -0.88800 2.22000 -0.31355
v  -0.88800 2.22000 0.24445
v  -0.86800 2.22000 0.22445
v  -0.86800 2.22000 -0.31355
v  -0.86800 2.22000 -0.31355
v  -0.86800 2.22000 0.22445
v  -0.86800 2.20000 0.22445
v  -0.86800 2.20000 -0.31355
v  0.90300 2.20000 0.25945
v  0.86800 2.20000 0.22445
v  -0.91205 2.21272 0.26850
v  0.91296 2.21854 0.26941
v  -0.91301 2.21863 0.26941
v  0.92510 2.23578 0.28155
v  0.95112 2.24499 0.30759
v  -0.95129 2.24513 0.30772
v  0.95263 2.24634 0.30907
v  -0.95263 2.24634 0.30907
v  0.95381 2.24771 0.31030
v  -0.95394 2.24780 0.31040
v  0.95625 2.25215 0.31273
v  -0.95629 2.25215 0.31276
v  0.95700 2.25900 0.31345
v  0.93712 2.26000 0.29357
v  -0.93712 2.26000 0.29357
v  -0.95700 2.25900 0.31345
v  0.89900 2.22620 0.25545
v  -0.89900 2.22620 0.25545
v  -0.93712 2.26000 0.29357
v  0.93712 2.26000 0.29357
v  0.89841 2.21621 0.25486
v  -0.89841 2.21621 0.25486
v  -0.89900 2.22620 0.25545
v  0.89900 2.22620 0.25545
v  0.88842 2.21681 0.24487
v  0.88800 2.21644 0.24445
v  -0.88800 2.21644 0.24445
v  -0.88842 2.21681 0.24487
v  0.88800 2.22000 0.24445
v  -0.88800 2.22000 0.24445
v  -0.88800 2.21644 0.24445
v  0.88800 2.21644 0.24445
v  0.86800 2.22000 0.22445
v  0.88800 2.22000 0.24445
v  0.86800 2.20000 0.22445
v  -0.86800 2.20000 0.22445
v  -0.86800 2.22000 0.22445
v  0.86800 2.22000 0.22445
v  0.91146 2.20900 -0.31355
v  0.91083 2.20817 -0.31355
v  0.90962 2.20729 -0.31355
v  0.91194 2.21025 -0.31355
v  0.90800 2.20700 -0.31355
v  0.91232 2.21540 -0.31355
v  0.91278 2.21780 -0.31355
v  0.91354 2.22049 -0.31355
v  0.86800 2.20000 -0.31355
v  0.86800 2.22000 -0.31355
v  0.88800 2.22000 -0.31355
v  0.88803 2.21681 -0.31355
v  0.90300 2.20000 -0.31355
v  0.89841 2.21621 -0.31355
v  0.90502 2.20037 -0.31355
v  0.90654 2.20146 -0.31355
v  0.90771 2.20316 -0.31355
v  0.90800 2.20500 -0.31355
v  0.91512 2.22440 -0.31355
v  0.89900 2.22620 -0.31355
v  0.91741 2.22822 -0.31356
v  0.91945 2.23080 -0.31355
v  0.92111 2.23252 -0.31355
v  0.92396 2.23504 -0.31355
v  0.92654 2.23671 -0.31355
v  0.92893 2.23797 -0.31355
v  0.93275 2.23951 -0.31355
v  0.93712 2.26000 -0.31355
v  0.94496 2.24220 -0.31355
v  0.94751 2.24293 -0.31355
v  0.95074 2.24475 -0.31355
v  0.95263 2.24634 -0.31355
v  0.95465 2.24879 -0.31355
v  0.95584 2.25108 -0.31355
v  0.95664 2.25344 -0.31355
v  0.95710 2.25679 -0.31355
v  0.95700 2.25900 -0.31355
v  0.86800 2.20000 -0.31355
v  0.90300 2.20000 -0.31355
v  0.90300 2.20000 -0.31355
v  0.90502 2.20037 -0.31355
v  0.90429 2.20017 0.26074
v  0.90300 2.20000 0.25945
v  0.90550 2.20067 0.26195
v  0.90654 2.20146 -0.31355
v  0.90654 2.20146 0.26299
v  0.90771 2.20316 -0.31355
v  0.90733 2.20250 0.26378
v  0.90783 2.20371 0.26428
v  0.90800 2.20500 -0.31355
v  0.90800 2.20500 0.26445
v  0.90800 2.20700 -0.31355
v  0.90800 2.20700 0.26445
v  0.90800 2.20700 -0.31355
v  0.90962 2.20729 -0.31355
v  0.90903 2.20714 0.26549
v  0.90800 2.20700 0.26445
v  0.91000 2.20754 0.26645
v  0.91083 2.20817 -0.31355
v  0.91083 2.20817 0.26728
v  0.91146 2.20900 -0.31355
v  0.91146 2.20900 0.26791
v  0.91194 2.21025 -0.31355
v  0.91186 2.20997 0.26831
v  0.91200 2.21100 0.26845
v  0.91209 2.21350 0.26854
v  0.91232 2.21540 -0.31355
v  0.91244 2.21612 0.26889
v  0.91278 2.21780 -0.31355
v  0.91296 2.21854 0.26941
v  0.91354 2.22049 -0.31355
v  0.91375 2.22109 0.27020
v  0.91512 2.22440 -0.31355
v  0.91471 2.22345 0.27115
v  0.91629 2.22648 0.27273
v  0.91741 2.22822 -0.31356
v  0.91831 2.22944 0.27477
v  0.91945 2.23080 -0.31355
v  0.91991 2.23130 0.27636
v  0.92111 2.23252 -0.31355
v  0.92111 2.23252 0.27756
v  0.92396 2.23504 -0.31355
v  0.92297 2.23420 0.27942
v  0.92510 2.23578 0.28155
v  0.92654 2.23671 -0.31355
v  0.92736 2.23716 0.28378
v  0.92893 2.23797 -0.31355
v  0.93050 2.23871 0.28691
v  0.93275 2.23951 -0.31355
v  0.93276 2.23954 0.28921
v  0.93503 2.24019 0.29150
v  0.94496 2.24220 -0.31355
v  0.94496 2.24220 0.30141
v  0.94751 2.24293 -0.31355
v  0.94795 2.24318 0.30441
v  0.95074 2.24475 -0.31355
v  0.95112 2.24499 0.30759
v  0.95263 2.24634 -0.31355
v  0.95263 2.24634 0.30907
v  0.95465 2.24879 -0.31355
v  0.95381 2.24771 0.31030
v  0.95495 2.24930 0.31140
v  0.95584 2.25108 -0.31355
v  0.95555 2.25041 0.31200
v  0.95625 2.25215 0.31273
v  0.95664 2.25344 -0.31355
v  0.95692 2.25458 0.31338
v  0.95710 2.25679 -0.31355
v  0.95712 2.25716 0.31359
v  0.95700 2.25900 -0.31355
v  0.95700 2.25900 0.31345
v  0.95700 2.25900 -0.31355
v  0.93712 2.26000 -0.31355
v  0.93712 2.26000 0.29357
v  0.95700 2.25900 0.31345
v  0.93712 2.26000 -0.31355
v  0.89900 2.22620 -0.31355
v  0.89900 2.22620 0.25545
v  0.93712 2.26000 0.29357
v  0.89900 2.22620 -0.31355
v  0.89841 2.21621 -0.31355
v  0.89841 2.21621 0.25486
v  0.89900 2.22620 0.25545
v  0.89841 2.21621 -0.31355
v  0.88803 2.21681 -0.31355
v  0.88842 2.21681 0.24487
v  0.89841 2.21621 0.25486
v  0.88800 2.21644 0.24445
v  0.88842 2.21681 0.24487
v  0.88803 2.21681 -0.31355
v  0.88803 2.21681 -0.31355
v  0.88800 2.22000 -0.31355
v  0.88800 2.22000 0.24445
v  0.88800 2.21644 0.24445
v  0.88800 2.22000 -0.31355
v  0.86800 2.22000 -0.31355
v  0.86800 2.22000 -0.31355
v  0.86800 2.20000 -0.31355
v  0.86800 2.20000 0.22445
v  0.86800 2.22000 0.22445
v  -0.90000 2.15242 0.18805
v  -0.90000 2.15280 0.18697
v  -0.89913 2.15163 0.18826
v  -0.90000 2.15183 0.18868
v  -0.89879 2.15037 0.18846
v  -0.90000 2.15020 0.18925
v  -0.89879 0.14985 0.18846
v  -0.90000 0.14817 0.18868
v  -0.89919 0.14822 0.18822
v  -0.90000 0.14742 0.18785
v  -0.90000 0.14720 0.18665
v  -0.90000 0.14777 -0.26538
v  -0.90000 0.14727 -0.26435
v  -0.89923 0.14816 -0.26526
v  -0.90000 0.14920 -0.26628
v  -0.89907 2.15168 -0.26501
v  -0.90000 2.15161 -0.26606
v  -0.90000 2.15020 -0.26635
v  -0.90000 2.15273 -0.26435
v  -0.89907 2.15168 -0.26501
v  -0.89935 2.15247 -0.26373
v  -0.89935 2.14753 0.18398
v  -0.89935 2.14753 -0.26108
v  -0.90000 2.14720 -0.26075
v  -0.90000 2.14720 0.18365
v  -0.89935 2.14753 -0.26108
v  -0.89935 0.15247 -0.26108
v  -0.90000 0.15280 -0.26075
v  -0.90000 2.14720 -0.26075
v  -0.89935 0.15247 -0.26108
v  -0.89935 0.15247 0.18398
v  -0.90000 0.15280 0.18365
v  -0.90000 0.15280 -0.26075
v  -0.89935 0.15247 0.18398
v  -0.89935 2.14753 0.18398
v  -0.90000 2.14720 0.18365
v  -0.90000 0.15280 0.18365
v  -0.89879 0.14799 0.18660
v  -0.89879 0.14799 -0.26371
v  -0.89879 0.14985 -0.26556
v  -0.89879 2.15015 -0.26556
v  -0.89879 2.15201 -0.26370
v  -0.89879 2.15201 0.18660
v  -0.89879 2.14799 0.18444
v  -0.89880 2.14799 -0.26154
v  -0.89880 2.14799 -0.26154
v  -0.89879 0.15201 -0.26154
v  -0.89879 0.15201 -0.26154
v  -0.89879 0.15201 0.18444
v  -0.89879 0.15201 0.18444
v  -0.89879 2.14799 0.18444
v  -0.89815 0.14989 0.18750
v  -0.89919 0.14822 0.18822
v  -0.89810 0.14928 -0.26388
v  -0.89923 0.14816 -0.26526
v  -0.89837 0.14988 -0.26497
v  -0.89837 2.15012 -0.26497
v  -0.89810 2.15073 -0.26377
v  -0.89800 2.15000 0.18645
v  -0.89837 2.14858 0.18503
v  -0.89837 2.14858 -0.26213
v  -0.89879 2.14799 0.18444
v  -0.89837 2.14858 -0.26213
v  -0.89837 0.15142 -0.26213
v  -0.89879 0.15201 -0.26154
v  -0.89880 2.14799 -0.26154
v  -0.89837 0.15142 -0.26213
v  -0.89837 0.15142 0.18503
v  -0.89879 0.15201 0.18444
v  -0.89837 0.15142 0.18503
v  -0.89837 2.14858 0.18503
v  -0.89879 2.14799 0.18444
v  -0.89879 0.15201 0.18444
v  -0.89810 2.15008 0.18719
v  -0.89800 0.15000 -0.26355
v  -0.89800 2.15000 -0.26355
v  -0.89810 2.14926 0.18571
v  -0.89810 2.14926 -0.26281
v  -0.89810 2.14926 -0.26281
v  -0.89810 0.15074 -0.26281
v  -0.89810 0.15074 -0.26281
v  -0.89810 0.15074 0.18571
v  -0.89810 0.15074 0.18571
v  -0.89810 2.14926 0.18571
v  -0.89800 0.15000 0.18645
v  -0.89800 2.15000 0.18645
v  -0.89800 2.15000 -0.26355
v  -0.89800 2.15000 -0.26355
v  -0.89800 0.15000 -0.26355
v  -0.89800 0.15000 -0.26355
v  -0.89800 0.15000 0.18645
v  -0.90000 0.15280 0.18365
v  -0.90000 2.14720 0.18365
v  -0.90000 2.14720 -0.26075
v  -0.90000 0.15280 -0.26075
v  -0.90000 2.20000 -0.31355
v  -0.89300 2.20000 -0.31355
v  -0.89300 0.10000 -0.31355
v  -0.90000 0.10000 -0.31355
v  -0.89887 0.10000 0.23633
v  -0.89950 0.10000 0.23595
v  -0.89987 0.10000 0.23532
v  -0.90000 0.10000 0.23445
v  -0.90000 0.10000 -0.31355
v  -0.88500 0.10000 0.23645
v  -0.89800 0.10000 0.23645
v  -0.89800 0.10000 0.23645
v  -0.88500 0.10000 0.23645
v  -0.88500 2.20000 0.23645
v  -0.89800 2.20000 0.23645
v  -0.88300 0.10000 0.23445
v  -0.88300 0.10000 -0.30855
v  -0.88300 2.20000 -0.30855
v  -0.88300 2.20000 0.23445
v  -0.89987 0.10000 0.23532
v  -0.89987 2.20000 0.23532
v  -0.90000 2.20000 0.23445
v  -0.90000 0.10000 0.23445
v  -0.88412 0.10000 0.23633
v  -0.88412 2.20000 0.23633
v  -0.88500 2.20000 0.23645
v  -0.88500 0.10000 0.23645
v  -0.89950 0.10000 0.23595
v  -0.89950 2.20000 0.23595
v  -0.89987 2.20000 0.23532
v  -0.89987 0.10000 0.23532
v  -0.89887 0.10000 0.23633
v  -0.89887 2.20000 0.23633
v  -0.89950 2.20000 0.23595
v  -0.89950 0.10000 0.23595
v  -0.89800 0.10000 0.23645
v  -0.89800 2.20000 0.23645
v  -0.89887 2.20000 0.23633
v  -0.89887 0.10000 0.23633
v  -0.88350 0.10000 0.23595
v  -0.88350 2.20000 0.23595
v  -0.88412 2.20000 0.23633
v  -0.88412 0.10000 0.23633
v  -0.88350 2.20000 0.23595
v  -0.88350 0.10000 0.23595
v  -0.88313 0.10000 0.23532
v  -0.88313 2.20000 0.23532
v  -0.88313 0.10000 0.23532
v  -0.88300 0.10000 0.23445
v  -0.88500 2.20000 0.23645
v  -0.88412 2.20000 0.23633
v  -0.88350 2.20000 0.23595
v  -0.88313 2.20000 0.23532
v  -0.88300 2.20000 0.23445
v  -0.89300 2.20000 -0.30855
v  -0.89300 0.10000 -0.30855
v  -0.89300 0.10000 -0.31355
v  -0.89300 2.20000 -0.31355
v  -0.90000 2.20000 0.23445
v  -0.89987 2.20000 0.23532
v  -0.89950 2.20000 0.23595
v  -0.89887 2.20000 0.23633
v  -0.89800 2.20000 0.23645
v  -0.88300 0.10000 0.23445
v  -0.88313 0.10000 0.23532
v  -0.88350 0.10000 0.23595
v  -0.88412 0.10000 0.23633
v  -0.90000 2.20000 -0.31355
v  -0.90000 2.15020 -0.26635
v  -0.90000 2.15161 -0.26606
v  -0.90000 2.15273 -0.26435
v  -0.90000 0.14920 -0.26628
v  -0.90000 0.10000 -0.31355
v  -0.90000 0.14777 -0.26538
v  -0.90000 0.14727 -0.26435
v  -0.90000 0.14720 0.18665
v  -0.90000 0.10000 0.23445
v  -0.90000 0.14742 0.18785
v  -0.90000 0.14817 0.18868
v  -0.90000 2.15020 0.18925
v  -0.90000 2.20000 0.23445
v  -0.90000 2.15183 0.18868
v  -0.90000 2.15242 0.18805
v  -0.90000 2.15280 0.18697
v  -0.89300 2.20000 -0.31255
v  0.89300 2.20000 -0.31255
v  0.89300 0.10000 -0.31255
v  -0.89300 0.10000 -0.31255
v  0.89300 0.10000 -0.30855
v  0.89300 2.20000 -0.30855
v  -0.89300 2.20000 -0.30855
v  -0.89300 0.10000 -0.30855
v  -0.89300 2.20000 -0.31255
v  -0.89300 2.20000 -0.30855
v  0.89300 2.20000 -0.30855
v  0.89300 2.20000 -0.31255
v  -0.89300 2.20000 -0.30855
v  -0.89300 2.20000 -0.31255
v  -0.89300 0.10000 -0.31255
v  0.91000 0.08400 0.26645
v  0.91000 0.09004 0.26645
v  -0.91000 0.09004 0.26645
v  -0.91000 0.08400 0.26645
v  0.91000 0.08400 -0.31355
v  0.91000 0.09004 -0.31355
v  0.91000 0.09004 0.26645
v  0.91000 0.08400 0.26645
v  0.91000 0.09004 0.26645
v  0.90897 0.09017 0.26542
v  -0.90897 0.09017 0.26542
v  -0.91000 0.09004 0.26645
v  0.91000 0.09004 -0.31355
v  0.90838 0.09033 -0.31355
v  0.90897 0.09017 0.26542
v  0.91000 0.09004 0.26645
v  0.90800 0.09057 0.26445
v  -0.90800 0.09057 0.26445
v  0.90800 0.09057 0.26445
v  0.90718 0.09120 0.26362
v  -0.90718 0.09120 0.26362
v  0.90718 0.09120 -0.31355
v  0.90718 0.09120 0.26362
v  0.90654 0.09203 0.26299
v  -0.90654 0.09203 0.26299
v  0.90654 0.09203 -0.31355
v  0.90654 0.09203 0.26299
v  0.90614 0.09299 0.26259
v  -0.90614 0.09299 0.26259
v  0.90614 0.09299 -0.31355
v  0.90614 0.09299 0.26259
v  -0.90586 0.09506 0.26231
v  0.90586 0.09506 0.26231
v  0.90575 0.09557 -0.31355
v  0.90586 0.09506 0.26231
v  0.90546 0.09602 0.26191
v  -0.90546 0.09602 0.26191
v  0.90546 0.09602 0.26191
v  0.90483 0.09684 0.26128
v  -0.90483 0.09684 0.26128
v  0.90483 0.09685 -0.31355
v  0.90483 0.09684 0.26128
v  0.90400 0.09748 0.26045
v  -0.90400 0.09748 0.26045
v  0.90347 0.09778 -0.31355
v  0.90400 0.09748 0.26045
v  0.90303 0.09787 0.25948
v  -0.90303 0.09787 0.25948
v  0.90303 0.09787 0.25948
v  0.90200 0.09801 0.25845
v  -0.90200 0.09801 0.25845
v  0.90200 0.09801 -0.31355
v  0.90200 0.09801 0.25845
v  0.90200 0.09801 0.25845
v  0.90200 0.10000 0.25845
v  -0.90200 0.10000 0.25845
v  -0.90200 0.09801 0.25845
v  0.90200 0.09801 -0.31355
v  0.90200 0.10000 -0.31355
v  0.90200 0.10000 0.25845
v  0.90200 0.09801 0.25845
v  -0.90200 0.10000 -0.31355
v  0.90200 0.10000 0.25845
v  0.90200 0.10000 -0.31355
v  -0.90900 0.08300 -0.31255
v  0.90900 0.08300 -0.31255
v  0.90900 0.08300 0.26545
v  -0.90900 0.08300 0.26545
v  -0.91000 0.08400 0.26645
v  -0.91000 0.09004 0.26645
v  -0.91000 0.09004 -0.31355
v  -0.91000 0.08400 -0.31355
v  -0.91000 0.09004 0.26645
v  -0.90897 0.09017 0.26542
v  -0.90853 0.09027 -0.31355
v  -0.91000 0.09004 -0.31355
v  -0.90800 0.09057 0.26445
v  -0.90718 0.09120 0.26362
v  -0.90718 0.09120 -0.31355
v  -0.90654 0.09203 0.26299
v  -0.90654 0.09203 -0.31355
v  -0.90614 0.09299 0.26259
v  -0.90614 0.09299 -0.31355
v  -0.90586 0.09506 0.26231
v  -0.90579 0.09546 -0.31355
v  -0.90546 0.09602 0.26191
v  -0.90483 0.09684 0.26128
v  -0.90483 0.09684 -0.31355
v  -0.90400 0.09748 0.26045
v  -0.90357 0.09762 -0.31355
v  -0.90303 0.09787 0.25948
v  -0.90200 0.09801 0.25845
v  -0.90200 0.09801 -0.31355
v  -0.90200 0.09801 0.25845
v  -0.90200 0.10000 0.25845
v  -0.90200 0.10000 -0.31355
v  -0.90200 0.09801 -0.31355
v  -0.90200 0.10000 0.25845
v  -0.90975 0.08325 0.26620
v  0.90975 0.08325 0.26620
v  0.91000 0.08400 0.26645
v  -0.91000 0.08400 0.26645
v  0.90975 0.08325 0.26620
v  0.91000 0.08304 -0.31338
v  0.91000 0.08400 -0.31355
v  0.91000 0.08400 0.26645
v  -0.90975 0.08325 -0.31330
v  -0.90975 0.08325 0.26620
v  -0.91000 0.08400 0.26645
v  -0.91000 0.08400 -0.31355
v  -0.90975 0.08325 -0.31330
v  0.91000 0.08304 -0.31338
v  0.90900 0.08300 -0.31255
v  -0.90900 0.08300 -0.31255
v  -0.90900 0.08300 0.26545
v  0.90900 0.08300 0.26545
v  0.90975 0.08325 0.26620
v  -0.90975 0.08325 0.26620
v  0.90900 0.08300 0.26545
v  0.90900 0.08300 -0.31255
v  0.91000 0.08304 -0.31338
v  0.90975 0.08325 0.26620
v  -0.90900 0.08300 -0.31255
v  -0.90900 0.08300 0.26545
v  -0.90975 0.08325 0.26620
v  -0.90975 0.08325 -0.31330
v  -0.91000 0.08400 -0.31355
v  0.91000 0.08400 -0.31355
v  0.91000 0.08304 -0.31338
v  -0.90975 0.08325 -0.31330
v  -0.90579 0.09546 -0.31355
v  -0.90483 0.09684 -0.31355
v  -0.90357 0.09762 -0.31355
v  -0.90200 0.09801 -0.31355
v  -0.90614 0.09299 -0.31355
v  -0.90654 0.09203 -0.31355
v  -0.90200 0.10000 -0.31355
v  0.90200 0.10000 -0.31355
v  0.90200 0.09801 -0.31355
v  0.90347 0.09778 -0.31355
v  0.90483 0.09685 -0.31355
v  0.90575 0.09557 -0.31355
v  0.90614 0.09299 -0.31355
v  0.90654 0.09203 -0.31355
v  0.90838 0.09033 -0.31355
v  0.91000 0.09004 -0.31355
v  0.91000 0.08400 -0.31355
v  0.90718 0.09120 -0.31355
v  -0.90718 0.09120 -0.31355
v  -0.90853 0.09027 -0.31355
v  -0.91000 0.09004 -0.31355
v  -0.91000 0.08400 -0.31355
v  0.89300 0.08300 -0.31355
v  0.89300 0.00000 0.24945
v  0.89300 0.08300 0.24945
v  0.89300 0.00000 -0.31355
v  0.91000 0.00000 0.26645
v  0.91000 0.08304 -0.31338
v  0.91000 0.08300 0.26645
v  0.91000 0.00000 -0.31355
v  0.91000 0.00000 -0.31355
v  0.89300 0.00000 -0.31355
v  0.89300 0.08300 0.24945
v  0.91000 0.08304 -0.31338
v  0.89300 0.08300 -0.31355
v  0.91000 0.08300 0.26645
v  0.89300 0.00000 -0.31355
v  0.91000 0.08304 -0.31338
v  0.91000 0.00000 -0.31355
v  0.89300 0.08300 -0.31355
v  -0.89300 0.08300 -0.26255
v  0.89300 0.08300 -0.26255
v  0.89300 0.00200 -0.26255
v  -0.89300 0.00200 -0.26255
v  0.89300 0.00200 -0.24655
v  0.89300 0.08300 -0.24655
v  -0.89300 0.08300 -0.24655
v  -0.89300 0.00200 -0.24655
v  0.89300 0.00200 -0.26255
v  0.89300 0.00200 -0.24655
v  -0.89300 0.00200 -0.24655
v  -0.89300 0.00200 -0.26255
v  -0.89300 0.08300 -0.26255
v  -0.89300 0.08300 -0.24655
v  0.89300 0.08300 -0.24655
v  -0.89300 0.08300 0.13345
v  0.89300 0.08300 0.13345
v  0.89300 0.00200 0.13345
v  -0.89300 0.00200 0.13345
v  0.89300 0.00200 0.14945
v  0.89300 0.08300 0.14945
v  -0.89300 0.08300 0.14945
v  -0.89300 0.00200 0.14945
v  0.89300 0.00200 0.13345
v  0.89300 0.00200 0.14945
v  -0.89300 0.00200 0.14945
v  -0.89300 0.00200 0.13345
v  -0.52300 0.08300 -0.24655
v  -0.52300 0.08300 0.13345
v  -0.52300 0.00200 0.13345
v  -0.52300 0.00200 -0.24655
v  -0.53900 0.00200 0.13345
v  -0.53900 0.08300 0.13345
v  -0.53900 0.08300 -0.24655
v  -0.53900 0.00200 -0.24655
v  -0.52300 0.00200 0.13345
v  -0.53900 0.00200 0.13345
v  -0.53900 0.00200 -0.24655
v  -0.52300 0.00200 -0.24655
v  -0.87700 0.08300 -0.24655
v  -0.87700 0.08300 0.13345
v  -0.87700 0.00200 0.13345
v  -0.87700 0.00200 -0.24655
v  -0.87700 0.00200 0.13345
v  -0.89300 0.00200 0.13345
v  -0.87700 0.00200 -0.24655
v  -0.89300 0.08300 -0.31355
v  -0.89300 0.08300 0.24945
v  -0.89300 0.00000 0.24945
v  -0.89300 0.00000 -0.31355
v  -0.91000 0.00000 0.26645
v  -0.91000 0.08300 0.26645
v  -0.90975 0.08325 -0.31330
v  -0.91000 0.00000 -0.31355
v  -0.91000 0.00000 -0.31355
v  -0.89300 0.00000 -0.31355
v  -0.89300 0.08300 0.24945
v  -0.89300 0.08300 -0.31355
v  -0.90975 0.08325 -0.31330
v  -0.89300 0.00000 -0.31355
v  -0.91000 0.00000 -0.31355
v  -0.90975 0.08325 -0.31330
v  -0.89300 0.08300 -0.31355
v  -0.44200 0.10000 0.23245
v  -0.44200 0.10000 -0.30855
v  -0.44200 2.18300 -0.30855
v  -0.45800 0.10000 0.23245
v  -0.45800 2.18300 0.23245
v  -0.45800 2.18300 -0.30855
v  -0.45800 0.10000 -0.30855
v  -0.44200 0.10000 0.23245
v  -0.44212 0.10000 0.23332
v  -0.44250 0.10000 0.23395
v  -0.44312 0.10000 0.23432
v  -0.44400 0.10000 0.23445
v  -0.45600 0.10000 0.23445
v  -0.45687 0.10000 0.23432
v  -0.45750 0.10000 0.23395
v  -0.45788 0.10000 0.23332
v  -0.44400 2.18300 0.23445
v  -0.45600 2.18300 0.23445
v  -0.45600 0.10000 0.23445
v  -0.44400 0.10000 0.23445
v  -0.44212 2.18300 0.23332
v  -0.45800 2.18300 0.23245
v  -0.45600 2.18300 0.23445
v  -0.44312 2.18300 0.23432
v  -0.44400 2.18300 0.23445
v  -0.44212 2.18300 0.23332
v  -0.44212 0.10000 0.23332
v  -0.44200 0.10000 0.23245
v  -0.45800 2.18300 0.23245
v  -0.45800 0.10000 0.23245
v  -0.45788 0.10000 0.23332
v  -0.44250 2.18300 0.23395
v  -0.44250 0.10000 0.23395
v  -0.44212 0.10000 0.23332
v  -0.44312 2.18300 0.23432
v  -0.44312 0.10000 0.23432
v  -0.44250 0.10000 0.23395
v  -0.44400 2.18300 0.23445
v  -0.44400 0.10000 0.23445
v  -0.44312 0.10000 0.23432
v  -0.44312 2.18300 0.23432
v  -0.45788 2.18300 0.23332
v  -0.45788 0.10000 0.23332
v  -0.45750 0.10000 0.23395
v  -0.45687 0.10000 0.23432
v  -0.45687 2.18300 0.23432
v  -0.45750 2.18300 0.23395
v  -0.45750 0.10000 0.23395
v  -0.45600 0.10000 0.23445
v  -0.45600 2.18300 0.23445
v  -0.45687 2.18300 0.23432
v  -0.45687 0.10000 0.23432
v  -0.45800 0.35900 0.23045
v  -0.45800 0.35900 -0.30855
v  -0.88300 0.35900 -0.30855
v  -0.88300 0.35900 0.23045
v  -0.45800 0.34400 0.23245
v  -0.45800 0.35700 0.23245
v  -0.88300 0.35700 0.23245
v  -0.88300 0.34400 0.23245
v  -0.45800 0.34313 0.23233
v  -0.45800 0.34213 0.23133
v  -0.45800 0.35700 0.23245
v  -0.45800 0.34400 0.23245
v  -0.88300 0.34400 0.23245
v  -0.88300 0.35700 0.23245
v  -0.88300 0.35787 0.23233
v  -0.88300 0.34250 0.23195
v  -0.88300 0.35888 0.23133
v  -0.45800 0.34313 0.23233
v  -0.88300 0.34313 0.23233
v  -0.88300 0.34250 0.23195
v  -0.45800 0.34400 0.23245
v  -0.88300 0.34400 0.23245
v  -0.88300 0.34313 0.23233
v  -0.45800 0.35787 0.23233
v  -0.88300 0.35787 0.23233
v  -0.88300 0.35700 0.23245
v  -0.49977 0.29983 0.25445
v  -0.50061 0.30060 0.25445
v  -0.50023 0.29969 0.25358
v  -0.49920 0.29820 0.25445
v  -0.50023 0.29969 0.25358
v  -0.49999 0.15166 0.25324
v  -0.49920 0.15180 0.25445
v  -0.50024 0.15097 0.25326
v  -0.49977 0.15018 0.25445
v  -0.50037 0.14960 0.25445
v  -0.50024 0.15097 0.25326
v  -0.50140 0.15005 0.25324
v  -0.50147 0.14920 0.25445
v  -0.50180 0.30080 0.25445
v  -0.69800 0.29520 0.25445
v  -0.50480 0.29520 0.25445
v  -0.50447 0.29553 0.25380
v  -0.50447 0.15447 0.25380
v  -0.50480 0.29520 0.25445
v  -0.50480 0.15480 0.25445
v  -0.49999 0.29834 0.25324
v  -0.69800 0.14999 0.25324
v  -0.69800 0.14920 0.25445
v  -0.50138 0.29995 0.25324
v  -0.50401 0.29599 0.25324
v  -0.69800 0.29599 0.25324
v  -0.50401 0.15401 0.25324
v  -0.50401 0.29599 0.25324
v  -0.50200 0.15200 0.25245
v  -0.84800 0.15200 0.25245
v  -0.50310 0.29688 0.25263
v  -0.84800 0.29800 0.25245
v  -0.50401 0.29599 0.25324
v  -0.50317 0.15318 0.25267
v  -0.50401 0.15401 0.25324
v  -0.50200 0.29800 0.25245
v  -0.50200 0.29800 0.25245
v  -0.45400 0.34600 0.25445
v  -0.69800 0.34600 0.25445
v  -0.69800 0.30080 0.25445
v  -0.50180 0.30080 0.25445
v  -0.50061 0.30060 0.25445
v  -0.49977 0.29983 0.25445
v  -0.49920 0.29820 0.25445
v  -0.49920 0.15180 0.25445
v  -0.45400 0.20000 0.25445
v  -0.50447 0.15447 0.25380
v  -0.50480 0.15480 0.25445
v  -0.69800 0.15480 0.25445
v  -0.69800 0.30080 0.25445
v  -0.69800 0.30001 0.25324
v  -0.50401 0.15401 0.25324
v  -0.69800 0.15401 0.25324
v  -0.84800 0.29800 0.25245
v  -0.50317 0.15318 0.25267
v  -0.50401 0.15401 0.25324
v  -0.84692 0.15308 0.25268
v  -0.50200 0.15200 0.25245
v  -0.84800 0.15200 0.25245
v  -0.50480 0.29520 0.25445
v  -0.69800 0.15480 0.25445
v  -0.50480 0.15480 0.25445
v  -0.84957 0.30044 0.25445
v  -0.84976 0.29981 0.25365
v  -0.84851 0.30080 0.25445
v  -0.85023 0.29983 0.25445
v  -0.84976 0.29981 0.25365
v  -0.85080 0.29820 0.25445
v  -0.84975 0.15023 0.25361
v  -0.85068 0.15096 0.25445
v  -0.85023 0.15017 0.25445
v  -0.84963 0.14960 0.25445
v  -0.84852 0.14920 0.25445
v  -0.84552 0.29553 0.25379
v  -0.84520 0.29520 0.25445
v  -0.85001 0.29816 0.25324
v  -0.85001 0.15185 0.25324
v  -0.85080 0.15180 0.25445
v  -0.84815 0.14999 0.25324
v  -0.84815 0.30001 0.25324
v  -0.84599 0.29599 0.25324
v  -0.84692 0.29692 0.25268
v  -0.84599 0.29599 0.25324
v  -0.84599 0.29599 0.25324
v  -0.84692 0.15308 0.25268
v  -0.84599 0.15401 0.25324
v  -0.84692 0.15308 0.25268
v  -0.84975 0.15023 0.25361
v  -0.89600 0.34600 0.25445
v  -0.89600 0.20000 0.25445
v  -0.85080 0.15180 0.25445
v  -0.85080 0.29820 0.25445
v  -0.85023 0.29983 0.25445
v  -0.84957 0.30044 0.25445
v  -0.84851 0.30080 0.25445
v  -0.69800 0.10400 0.23745
v  -0.89600 0.10400 0.23745
v  -0.89600 0.20000 0.23745
v  -0.84520 0.15480 0.25445
v  -0.84599 0.15401 0.25324
v  -0.84599 0.15401 0.25324
v  -0.84520 0.15480 0.25445
v  -0.69800 0.10200 0.23945
v  -0.69800 0.10200 0.25245
v  -0.89600 0.10200 0.25245
v  -0.89600 0.10200 0.23945
v  -0.89800 0.20000 0.23945
v  -0.89800 0.20000 0.25245
v  -0.89800 0.34600 0.25245
v  -0.89800 0.34600 0.23945
v  -0.89600 0.34800 0.23945
v  -0.89600 0.34800 0.25245
v  -0.69800 0.34800 0.25245
v  -0.69800 0.34800 0.23945
v  -0.45400 0.34800 0.25245
v  -0.45400 0.34800 0.23945
v  -0.45200 0.20000 0.23945
v  -0.45200 0.20000 0.25245
v  -0.45200 0.10400 0.25245
v  -0.45200 0.10400 0.23945
v  -0.45400 0.10200 0.23945
v  -0.45400 0.10200 0.25245
v  -0.45400 0.34800 0.25245
v  -0.45295 0.34736 0.25350
v  -0.45272 0.34753 0.25245
v  -0.45200 0.34600 0.23945
v  -0.45264 0.34710 0.23846
v  -0.45247 0.34728 0.23945
v  -0.45400 0.10400 0.25445
v  -0.45293 0.10296 0.25381
v  -0.45312 0.10400 0.25432
v  -0.45200 0.10400 0.23945
v  -0.45272 0.10289 0.23841
v  -0.45231 0.10400 0.23826
v  -0.89600 0.10400 0.25445
v  -0.89705 0.10295 0.25381
v  -0.89600 0.10312 0.25432
v  -0.45400 0.34687 0.25433
v  -0.69800 0.34687 0.25433
v  -0.69800 0.34600 0.25445
v  -0.45400 0.34600 0.25445
v  -0.45312 0.20000 0.25433
v  -0.45400 0.20000 0.25445
v  -0.69800 0.10312 0.25432
v  -0.45400 0.10312 0.25432
v  -0.45400 0.10400 0.25445
v  -0.69800 0.10400 0.25445
v  -0.89600 0.34687 0.25433
v  -0.89600 0.34600 0.25445
v  -0.89687 0.34600 0.25433
v  -0.89687 0.20000 0.25433
v  -0.89600 0.20000 0.25445
v  -0.89600 0.34600 0.25445
v  -0.69800 0.34600 0.23745
v  -0.89600 0.34600 0.23745
v  -0.89638 0.34682 0.23758
v  -0.89687 0.10400 0.23757
v  -0.89687 0.20000 0.23757
v  -0.89600 0.20000 0.23745
v  -0.89600 0.10400 0.23745
v  -0.89728 0.10247 0.25245
v  -0.89727 0.10247 0.23935
v  -0.89600 0.10200 0.23945
v  -0.89600 0.10200 0.25245
v  -0.89728 0.34753 0.25245
v  -0.89728 0.34753 0.23945
v  -0.89800 0.34600 0.23945
v  -0.89800 0.34600 0.25245
v  -0.45247 0.34728 0.23945
v  -0.45400 0.34800 0.23945
v  -0.45247 0.10272 0.25245
v  -0.45272 0.10247 0.23945
v  -0.45200 0.10400 0.23945
v  -0.45200 0.10400 0.25245
v  -0.45400 0.34800 0.25245
v  -0.45400 0.34787 0.25333
v  -0.45295 0.34736 0.25350
v  -0.45295 0.34736 0.25350
v  -0.45400 0.34787 0.25333
v  -0.45400 0.34750 0.25395
v  -0.45295 0.34736 0.25350
v  -0.45400 0.34750 0.25395
v  -0.45400 0.34687 0.25433
v  -0.45400 0.34600 0.25445
v  -0.45312 0.34600 0.25433
v  -0.45295 0.34736 0.25350
v  -0.45400 0.34687 0.25433
v  -0.45312 0.34600 0.25433
v  -0.45250 0.34600 0.25395
v  -0.45295 0.34736 0.25350
v  -0.45295 0.34736 0.25350
v  -0.45250 0.34600 0.25395
v  -0.45212 0.34600 0.25333
v  -0.45295 0.34736 0.25350
v  -0.45212 0.34600 0.25333
v  -0.45200 0.34600 0.25245
v  -0.45272 0.34753 0.25245
v  -0.45250 0.34600 0.23795
v  -0.45264 0.34710 0.23846
v  -0.45212 0.34600 0.23858
v  -0.45264 0.34710 0.23846
v  -0.45250 0.34600 0.23795
v  -0.45312 0.34600 0.23758
v  -0.45200 0.34600 0.23945
v  -0.45212 0.34600 0.23858
v  -0.45264 0.34710 0.23846
v  -0.45400 0.34687 0.23757
v  -0.45400 0.34750 0.23795
v  -0.45264 0.34710 0.23846
v  -0.45264 0.34710 0.23846
v  -0.45400 0.34750 0.23795
v  -0.45400 0.34787 0.23857
v  -0.45264 0.34710 0.23846
v  -0.45400 0.34787 0.23857
v  -0.45400 0.34800 0.23945
v  -0.45247 0.34728 0.23945
v  -0.45293 0.10296 0.25381
v  -0.45293 0.10296 0.25381
v  -0.45400 0.10312 0.25432
v  -0.45400 0.10250 0.25395
v  -0.45293 0.10296 0.25381
v  -0.45400 0.10250 0.25395
v  -0.45400 0.10213 0.25332
v  -0.45400 0.10200 0.25245
v  -0.45247 0.10272 0.25245
v  -0.45293 0.10296 0.25381
v  -0.45400 0.10213 0.25332
v  -0.45231 0.10400 0.25364
v  -0.45312 0.10400 0.25432
v  -0.45293 0.10296 0.25381
v  -0.45293 0.10296 0.25381
v  -0.45247 0.10272 0.25245
v  -0.45200 0.10400 0.25245
v  -0.45231 0.10400 0.25364
v  -0.45272 0.10289 0.23841
v  -0.89600 0.34800 0.25245
v  -0.89728 0.34753 0.25245
v  -0.89712 0.34736 0.25342
v  -0.89800 0.34600 0.25245
v  -0.89787 0.34600 0.25333
v  -0.89712 0.34736 0.25342
v  -0.89728 0.34753 0.25245
v  -0.89787 0.34600 0.25333
v  -0.89750 0.34600 0.25395
v  -0.89712 0.34736 0.25342
v  -0.89600 0.34800 0.25245
v  -0.89712 0.34736 0.25342
v  -0.89623 0.34787 0.25333
v  -0.89712 0.34736 0.25342
v  -0.89750 0.34600 0.25395
v  -0.89687 0.34600 0.25433
v  -0.89623 0.34787 0.25333
v  -0.89712 0.34736 0.25342
v  -0.89600 0.34750 0.25395
v  -0.89600 0.34687 0.25433
v  -0.89600 0.34750 0.25395
v  -0.89712 0.34736 0.25342
v  -0.89712 0.34736 0.25342
v  -0.89687 0.34600 0.25433
v  -0.89600 0.34600 0.25445
v  -0.89600 0.34687 0.25433
v  -0.89600 0.10400 0.25445
v  -0.89719 0.10400 0.25414
v  -0.89705 0.10295 0.25381
v  -0.89705 0.10295 0.25381
v  -0.89719 0.10400 0.25414
v  -0.89787 0.10400 0.25332
v  -0.89800 0.10400 0.25245
v  -0.89728 0.10247 0.25245
v  -0.89705 0.10295 0.25381
v  -0.89787 0.10400 0.25332
v  -0.89600 0.10250 0.25395
v  -0.89600 0.10312 0.25432
v  -0.89705 0.10295 0.25381
v  -0.89600 0.10213 0.25332
v  -0.89600 0.10250 0.25395
v  -0.89705 0.10295 0.25381
v  -0.89705 0.10295 0.25381
v  -0.89728 0.10247 0.25245
v  -0.89600 0.10200 0.25245
v  -0.89600 0.10213 0.25332
v  -0.89800 0.10400 0.23945
v  -0.89769 0.10400 0.23826
v  -0.89720 0.10281 0.23828
v  -0.89727 0.10247 0.23935
v  -0.89600 0.10200 0.23945
v  -0.89727 0.10247 0.23935
v  -0.89623 0.10213 0.23858
v  -0.89720 0.10281 0.23828
v  -0.89623 0.10213 0.23858
v  -0.89727 0.10247 0.23935
v  -0.89720 0.10281 0.23828
v  -0.89769 0.10400 0.23826
v  -0.89687 0.10400 0.23757
v  -0.89623 0.10213 0.23858
v  -0.89720 0.10281 0.23828
v  -0.89600 0.10250 0.23795
v  -0.89600 0.10312 0.23757
v  -0.89600 0.10250 0.23795
v  -0.89720 0.10281 0.23828
v  -0.89720 0.10281 0.23828
v  -0.89687 0.10400 0.23757
v  -0.89600 0.10400 0.23745
v  -0.89600 0.10312 0.23757
v  -0.89750 0.34600 0.23795
v  -0.89706 0.34706 0.23809
v  -0.89687 0.34600 0.23758
v  -0.89706 0.34706 0.23809
v  -0.89750 0.34600 0.23795
v  -0.89787 0.34600 0.23858
v  -0.89800 0.34600 0.23945
v  -0.89728 0.34753 0.23945
v  -0.89706 0.34706 0.23809
v  -0.89787 0.34600 0.23858
v  -0.89600 0.34600 0.23745
v  -0.89687 0.34600 0.23758
v  -0.89706 0.34706 0.23809
v  -0.89600 0.34600 0.23745
v  -0.89706 0.34706 0.23809
v  -0.89638 0.34682 0.23758
v  -0.89638 0.34682 0.23758
v  -0.89706 0.34706 0.23809
v  -0.89600 0.34750 0.23795
v  -0.89600 0.34787 0.23858
v  -0.89600 0.34750 0.23795
v  -0.89706 0.34706 0.23809
v  -0.89706 0.34706 0.23809
v  -0.89728 0.34753 0.23945
v  -0.89600 0.34800 0.23945
v  -0.89600 0.34787 0.23858
v  -0.45400 0.34750 0.25395
v  -0.69800 0.34750 0.25395
v  -0.69800 0.34687 0.25433
v  -0.45400 0.34687 0.25433
v  -0.45400 0.34787 0.25333
v  -0.69800 0.34787 0.25333
v  -0.69800 0.34750 0.25395
v  -0.45400 0.34750 0.25395
v  -0.69800 0.34800 0.25245
v  -0.69800 0.34787 0.25333
v  -0.69800 0.34787 0.23858
v  -0.45400 0.34787 0.23857
v  -0.45400 0.34750 0.23795
v  -0.69800 0.34800 0.23945
v  -0.45400 0.34800 0.23945
v  -0.45400 0.34787 0.23857
v  -0.69800 0.34787 0.23858
v  -0.45231 0.10400 0.25364
v  -0.45250 0.20000 0.25395
v  -0.45312 0.20000 0.25433
v  -0.45312 0.10400 0.25432
v  -0.45231 0.10400 0.25364
v  -0.45212 0.20000 0.25333
v  -0.45250 0.20000 0.25395
v  -0.45200 0.10400 0.25245
v  -0.45200 0.20000 0.25245
v  -0.45212 0.20000 0.25333
v  -0.45231 0.10400 0.25364
v  -0.45212 0.34600 0.23858
v  -0.45212 0.20000 0.23857
v  -0.45250 0.20000 0.23795
v  -0.45200 0.34600 0.23945
v  -0.45200 0.20000 0.23945
v  -0.45212 0.20000 0.23857
v  -0.45212 0.34600 0.23858
v  -0.69800 0.10250 0.25395
v  -0.45400 0.10250 0.25395
v  -0.45400 0.10312 0.25432
v  -0.69800 0.10312 0.25432
v  -0.69800 0.10213 0.25332
v  -0.45400 0.10213 0.25332
v  -0.45400 0.10250 0.25395
v  -0.69800 0.10250 0.25395
v  -0.69800 0.10200 0.25245
v  -0.45400 0.10200 0.25245
v  -0.45400 0.10213 0.25332
v  -0.69800 0.10213 0.25332
v  -0.89600 0.34750 0.25395
v  -0.89600 0.34687 0.25433
v  -0.89623 0.34787 0.25333
v  -0.89600 0.34750 0.25395
v  -0.89600 0.34800 0.25245
v  -0.89623 0.34787 0.25333
v  -0.89600 0.10250 0.25395
v  -0.89600 0.10312 0.25432
v  -0.89600 0.10213 0.25332
v  -0.89600 0.10250 0.25395
v  -0.89600 0.10200 0.25245
v  -0.89600 0.10213 0.25332
v  -0.89750 0.34600 0.25395
v  -0.89750 0.20000 0.25395
v  -0.89687 0.20000 0.25433
v  -0.89687 0.34600 0.25433
v  -0.89787 0.34600 0.25333
v  -0.89787 0.20000 0.25333
v  -0.89750 0.20000 0.25395
v  -0.89750 0.34600 0.25395
v  -0.89800 0.34600 0.25245
v  -0.89800 0.20000 0.25245
v  -0.89787 0.20000 0.25333
v  -0.89787 0.34600 0.25333
v  -0.69800 0.10213 0.23857
v  -0.89623 0.10213 0.23858
v  -0.89600 0.10250 0.23795
v  -0.89600 0.34787 0.23858
v  -0.69800 0.34750 0.23795
v  -0.89600 0.34750 0.23795
v  -0.89600 0.34800 0.23945
v  -0.89600 0.34787 0.23858
v  -0.89769 0.10400 0.23826
v  -0.89750 0.20000 0.23795
v  -0.89687 0.20000 0.23757
v  -0.89687 0.10400 0.23757
v  -0.89769 0.10400 0.23826
v  -0.89787 0.20000 0.23857
v  -0.89750 0.20000 0.23795
v  -0.89800 0.10400 0.23945
v  -0.89800 0.20000 0.23945
v  -0.89787 0.20000 0.23857
v  -0.89769 0.10400 0.23826
v  -0.89800 0.10400 0.25245
v  -0.89800 0.10400 0.23945
v  -0.89727 0.10247 0.23935
v  -0.89728 0.10247 0.25245
v  -0.89600 0.34800 0.23945
v  -0.89728 0.34753 0.23945
v  -0.45200 0.34600 0.25245
v  -0.45272 0.34753 0.25245
v  -0.45400 0.10200 0.25245
v  -0.45400 0.10200 0.23945
v  -0.45272 0.10247 0.23945
v  -0.45247 0.10272 0.25245
v  -0.50447 0.29553 0.25380
v  -0.50310 0.29688 0.25263
v  -0.50147 0.14920 0.25445
v  -0.69800 0.14920 0.25445
v  -0.69800 0.10400 0.25445
v  -0.45400 0.10400 0.25445
v  -0.50037 0.14960 0.25445
v  -0.49977 0.15018 0.25445
v  -0.45400 0.20000 0.23745
v  -0.69800 0.34600 0.23745
v  -0.84520 0.29520 0.25445
v  -0.84552 0.29553 0.25379
v  -0.84599 0.15401 0.25324
v  -0.84520 0.15480 0.25445
v  -0.84599 0.29599 0.25324
v  -0.84692 0.29692 0.25268
v  -0.89600 0.10400 0.25445
v  -0.84852 0.14920 0.25445
v  -0.84963 0.14960 0.25445
v  -0.85023 0.15017 0.25445
v  -0.85068 0.15096 0.25445
v  -0.89600 0.34600 0.23745
v  -0.69800 0.29520 0.25445
v  -0.84520 0.29520 0.25445
v  -0.89800 0.10400 0.23945
v  -0.89800 0.10400 0.25245
v  -0.45200 0.34600 0.23945
v  -0.45200 0.34600 0.25245
v  -0.45312 0.34600 0.25433
v  -0.45400 0.34600 0.25445
v  -0.89687 0.34600 0.23758
v  -0.89600 0.34600 0.23745
v  -0.45250 0.34600 0.25395
v  -0.45312 0.34600 0.25433
v  -0.45212 0.34600 0.25333
v  -0.45250 0.34600 0.25395
v  -0.45200 0.34600 0.25245
v  -0.45212 0.34600 0.25333
v  -0.89719 0.10400 0.25414
v  -0.89787 0.10400 0.25332
v  -0.89719 0.10400 0.25414
v  -0.89800 0.10400 0.25245
v  -0.89787 0.10400 0.25332
v  -0.89750 0.34600 0.23795
v  -0.89687 0.34600 0.23758
v  -0.89787 0.34600 0.23858
v  -0.89750 0.34600 0.23795
v  -0.89800 0.34600 0.23945
v  -0.89787 0.34600 0.23858
v  -0.50016 2.14963 0.25445
v  -0.50073 2.15023 0.25445
v  -0.50094 2.14960 0.25353
v  -0.50055 2.14815 0.25324
v  -0.50055 0.40185 0.25324
v  -0.49988 0.40092 0.25445
v  -0.50075 0.40033 0.25361
v  -0.50033 0.40017 0.25445
v  -0.50203 0.39920 0.25445
v  -0.50075 0.40033 0.25361
v  -0.50236 2.15080 0.25445
v  -0.69856 2.14520 0.25445
v  -0.50536 2.14520 0.25445
v  -0.50503 2.14553 0.25380
v  -0.50503 0.40447 0.25380
v  -0.50503 2.14553 0.25380
v  -0.50536 2.14520 0.25445
v  -0.50536 0.40480 0.25445
v  -0.50240 0.39999 0.25324
v  -0.69856 0.39999 0.25324
v  -0.69856 0.39920 0.25445
v  -0.50194 2.14995 0.25324
v  -0.50456 2.14599 0.25324
v  -0.69856 2.14599 0.25324
v  -0.50456 0.40401 0.25324
v  -0.50456 2.14599 0.25324
v  -0.50142 2.14845 0.25267
v  -0.50147 0.40186 0.25261
v  -0.69856 0.40200 0.25245
v  -0.50398 2.14658 0.25282
v  -0.69856 2.14800 0.25245
v  -0.50456 2.14599 0.25324
v  -0.50370 0.40308 0.25265
v  -0.50398 2.14658 0.25282
v  -0.50456 2.14599 0.25324
v  -0.50456 0.40401 0.25324
v  -0.50330 2.14726 0.25255
v  -0.50330 2.14726 0.25255
v  -0.50256 2.14800 0.25245
v  -0.50256 0.40200 0.25245
v  -0.50256 2.14800 0.25245
v  -0.45456 2.19600 0.25445
v  -0.69856 2.19600 0.25445
v  -0.69856 2.15080 0.25445
v  -0.50236 2.15080 0.25445
v  -0.50073 2.15023 0.25445
v  -0.50016 2.14963 0.25445
v  -0.50203 0.39920 0.25445
v  -0.69856 0.39920 0.25445
v  -0.69803 0.35400 0.25445
v  -0.45456 0.35400 0.25445
v  -0.50033 0.40017 0.25445
v  -0.49988 0.40092 0.25445
v  -0.69856 0.35400 0.23745
v  -0.69856 2.19600 0.23745
v  -0.45456 2.19600 0.23745
v  -0.45456 0.35400 0.23745
v  -0.50503 0.40447 0.25380
v  -0.50536 0.40480 0.25445
v  -0.69856 0.40480 0.25445
v  -0.69856 2.15080 0.25445
v  -0.69856 2.15001 0.25324
v  -0.50456 0.40401 0.25324
v  -0.69856 0.40401 0.25324
v  -0.69856 2.14800 0.25245
v  -0.50370 0.40308 0.25265
v  -0.50456 0.40401 0.25324
v  -0.69856 0.40200 0.25245
v  -0.50256 0.40200 0.25245
v  -0.50536 0.40480 0.25445
v  -0.50536 2.14520 0.25445
v  -0.69856 2.14520 0.25445
v  -0.69856 0.40480 0.25445
v  -0.85038 2.15023 0.25445
v  -0.84998 2.14968 0.25337
v  -0.84893 2.15000 0.25324
v  -0.85129 2.14880 0.25445
v  -0.85136 0.40180 0.25445
v  -0.85079 0.40017 0.25445
v  -0.85034 0.40026 0.25361
v  -0.85034 0.40026 0.25361
v  -0.84909 0.39920 0.25445
v  -0.84876 2.15080 0.25445
v  -0.84608 2.14553 0.25380
v  -0.84576 2.14520 0.25445
v  -0.84576 2.14520 0.25445
v  -0.84608 2.14553 0.25380
v  -0.84608 0.40447 0.25380
v  -0.84576 0.40480 0.25445
v  -0.85056 2.14815 0.25324
v  -0.85056 0.40185 0.25324
v  -0.84871 0.39999 0.25324
v  -0.84655 2.14599 0.25324
v  -0.84655 2.14599 0.25324
v  -0.84655 0.40401 0.25324
v  -0.84998 2.14812 0.25282
v  -0.84713 2.14658 0.25282
v  -0.84655 2.14599 0.25324
v  -0.84655 2.14599 0.25324
v  -0.84713 2.14658 0.25282
v  -0.84741 0.40308 0.25265
v  -0.84655 0.40401 0.25324
v  -0.84930 0.40192 0.25255
v  -0.84781 2.14726 0.25255
v  -0.84781 2.14726 0.25255
v  -0.84893 2.15000 0.25324
v  -0.84856 2.14800 0.25245
v  -0.84856 0.40200 0.25245
v  -0.84856 2.14800 0.25245
v  -0.89656 0.35400 0.25445
v  -0.84909 0.39920 0.25445
v  -0.85079 0.40017 0.25445
v  -0.85136 0.40180 0.25445
v  -0.89656 2.19600 0.25445
v  -0.85129 2.14880 0.25445
v  -0.85038 2.15023 0.25445
v  -0.84876 2.15080 0.25445
v  -0.89656 2.19600 0.23745
v  -0.89656 0.35400 0.23745
v  -0.84576 0.40480 0.25445
v  -0.84608 0.40447 0.25380
v  -0.84655 0.40401 0.25324
v  -0.84655 0.40401 0.25324
v  -0.84741 0.40308 0.25265
v  -0.84856 0.40200 0.25245
v  -0.84576 2.14520 0.25445
v  -0.84576 0.40480 0.25445
v  -0.69856 0.35200 0.23945
v  -0.69856 0.35200 0.25245
v  -0.89656 0.35200 0.25245
v  -0.89656 0.35200 0.23945
v  -0.89856 0.35400 0.23945
v  -0.89856 0.35400 0.25245
v  -0.89856 2.19600 0.25245
v  -0.89856 2.19600 0.23945
v  -0.89656 2.19800 0.23945
v  -0.89656 2.19800 0.25245
v  -0.69856 2.19800 0.25245
v  -0.69856 2.19800 0.23945
v  -0.45456 2.19800 0.25245
v  -0.45456 2.19800 0.23945
v  -0.45256 2.19600 0.23945
v  -0.45256 2.19600 0.25245
v  -0.45256 0.35400 0.25245
v  -0.45256 0.35400 0.23945
v  -0.45456 0.35200 0.23945
v  -0.45456 0.35200 0.25245
v  -0.45456 2.19800 0.25245
v  -0.45343 2.19723 0.25359
v  -0.45327 2.19753 0.25245
v  -0.45256 2.19600 0.23945
v  -0.45320 2.19709 0.23841
v  -0.45303 2.19728 0.23945
v  -0.45456 0.35400 0.25445
v  -0.45342 0.35304 0.25381
v  -0.45368 0.35400 0.25432
v  -0.45256 0.35400 0.23945
v  -0.45320 0.35295 0.23840
v  -0.45268 0.35400 0.23857
v  -0.45456 2.19688 0.25433
v  -0.69856 2.19688 0.25433
v  -0.69856 2.19600 0.25445
v  -0.45456 2.19600 0.25445
v  -0.45368 2.19600 0.25433
v  -0.45456 2.19600 0.25445
v  -0.69856 0.35313 0.25432
v  -0.45456 0.35313 0.25432
v  -0.45456 0.35400 0.25445
v  -0.69803 0.35400 0.25445
v  -0.89656 2.19688 0.25433
v  -0.89656 2.19600 0.25445
v  -0.89680 0.35313 0.25432
v  -0.89656 0.35400 0.25445
v  -0.89743 2.19600 0.25433
v  -0.89743 0.35400 0.25432
v  -0.89656 0.35400 0.25445
v  -0.89656 2.19600 0.25445
v  -0.69856 0.35313 0.23757
v  -0.89656 0.35313 0.23757
v  -0.89656 0.35400 0.23745
v  -0.89743 0.35400 0.23757
v  -0.89743 2.19624 0.23757
v  -0.89656 2.19600 0.23745
v  -0.89656 0.35400 0.23745
v  -0.89784 0.35247 0.25245
v  -0.89809 0.35272 0.23945
v  -0.89656 0.35200 0.23945
v  -0.89656 0.35200 0.25245
v  -0.89809 2.19728 0.25245
v  -0.89787 2.19754 0.23936
v  -0.89856 2.19600 0.23945
v  -0.89856 2.19600 0.25245
v  -0.45303 2.19728 0.23945
v  -0.45456 2.19800 0.23945
v  -0.45303 0.35272 0.25245
v  -0.45328 0.35247 0.23945
v  -0.45256 0.35400 0.23945
v  -0.45256 0.35400 0.25245
v  -0.45456 2.19800 0.25245
v  -0.45456 2.19787 0.25333
v  -0.45343 2.19723 0.25359
v  -0.45343 2.19723 0.25359
v  -0.45456 2.19787 0.25333
v  -0.45456 2.19750 0.25395
v  -0.45343 2.19723 0.25359
v  -0.45456 2.19750 0.25395
v  -0.45456 2.19688 0.25433
v  -0.45456 2.19600 0.25445
v  -0.45368 2.19600 0.25433
v  -0.45343 2.19723 0.25359
v  -0.45456 2.19688 0.25433
v  -0.45368 2.19600 0.25433
v  -0.45306 2.19600 0.25395
v  -0.45343 2.19723 0.25359
v  -0.45343 2.19723 0.25359
v  -0.45306 2.19600 0.25395
v  -0.45268 2.19600 0.25333
v  -0.45343 2.19723 0.25359
v  -0.45268 2.19600 0.25333
v  -0.45256 2.19600 0.25245
v  -0.45327 2.19753 0.25245
v  -0.45306 2.19600 0.23795
v  -0.45320 2.19709 0.23841
v  -0.45268 2.19600 0.23858
v  -0.45320 2.19709 0.23841
v  -0.45306 2.19600 0.23795
v  -0.45368 2.19600 0.23758
v  -0.45256 2.19600 0.23945
v  -0.45268 2.19600 0.23858
v  -0.45320 2.19709 0.23841
v  -0.45320 2.19709 0.23841
v  -0.45456 2.19788 0.23857
v  -0.45456 2.19800 0.23945
v  -0.45303 2.19728 0.23945
v  -0.45342 0.35304 0.25381
v  -0.45342 0.35304 0.25381
v  -0.45456 0.35313 0.25432
v  -0.45456 0.35250 0.25395
v  -0.45342 0.35304 0.25381
v  -0.45456 0.35250 0.25395
v  -0.45456 0.35212 0.25332
v  -0.45456 0.35200 0.25245
v  -0.45303 0.35272 0.25245
v  -0.45342 0.35304 0.25381
v  -0.45456 0.35212 0.25332
v  -0.45306 0.35400 0.25395
v  -0.45368 0.35400 0.25432
v  -0.45342 0.35304 0.25381
v  -0.45268 0.35400 0.25332
v  -0.45306 0.35400 0.25395
v  -0.45342 0.35304 0.25381
v  -0.45342 0.35304 0.25381
v  -0.45303 0.35272 0.25245
v  -0.45256 0.35400 0.25245
v  -0.45268 0.35400 0.25332
v  -0.45320 0.35295 0.23840
v  -0.45456 0.35200 0.23945
v  -0.45456 0.35212 0.23857
v  -0.45320 0.35295 0.23840
v  -0.45328 0.35247 0.23945
v  -0.45456 0.35212 0.23857
v  -0.45456 0.35250 0.23795
v  -0.45320 0.35295 0.23840
v  -0.45320 0.35295 0.23840
v  -0.45456 0.35250 0.23795
v  -0.45456 0.35313 0.23757
v  -0.45306 0.35400 0.23795
v  -0.45268 0.35400 0.23857
v  -0.45320 0.35295 0.23840
v  -0.45368 0.35400 0.23757
v  -0.45306 0.35400 0.23795
v  -0.45320 0.35295 0.23840
v  -0.89656 2.19800 0.25245
v  -0.89809 2.19728 0.25245
v  -0.89758 2.19723 0.25371
v  -0.89856 2.19600 0.25245
v  -0.89843 2.19600 0.25333
v  -0.89758 2.19723 0.25371
v  -0.89809 2.19728 0.25245
v  -0.89843 2.19600 0.25333
v  -0.89806 2.19600 0.25395
v  -0.89758 2.19723 0.25371
v  -0.89656 2.19800 0.25245
v  -0.89758 2.19723 0.25371
v  -0.89694 2.19788 0.25327
v  -0.89758 2.19723 0.25371
v  -0.89806 2.19600 0.25395
v  -0.89743 2.19600 0.25433
v  -0.89694 2.19788 0.25327
v  -0.89758 2.19723 0.25371
v  -0.89656 2.19750 0.25395
v  -0.89656 2.19688 0.25433
v  -0.89656 2.19750 0.25395
v  -0.89758 2.19723 0.25371
v  -0.89758 2.19723 0.25371
v  -0.89743 2.19600 0.25433
v  -0.89656 2.19600 0.25445
v  -0.89656 2.19688 0.25433
v  -0.89770 0.35289 0.25368
v  -0.89770 0.35289 0.25368
v  -0.89743 0.35400 0.25432
v  -0.89806 0.35400 0.25395
v  -0.89770 0.35289 0.25368
v  -0.89806 0.35400 0.25395
v  -0.89843 0.35400 0.25332
v  -0.89856 0.35400 0.25245
v  -0.89784 0.35247 0.25245
v  -0.89770 0.35289 0.25368
v  -0.89843 0.35400 0.25332
v  -0.89656 0.35400 0.25445
v  -0.89770 0.35289 0.25368
v  -0.89680 0.35313 0.25432
v  -0.89680 0.35313 0.25432
v  -0.89770 0.35289 0.25368
v  -0.89656 0.35250 0.25395
v  -0.89656 0.35212 0.25332
v  -0.89656 0.35250 0.25395
v  -0.89770 0.35289 0.25368
v  -0.89770 0.35289 0.25368
v  -0.89784 0.35247 0.25245
v  -0.89656 0.35200 0.25245
v  -0.89656 0.35212 0.25332
v  -0.89764 0.35264 0.23841
v  -0.89856 0.35400 0.23945
v  -0.89843 0.35400 0.23857
v  -0.89764 0.35264 0.23841
v  -0.89809 0.35272 0.23945
v  -0.89843 0.35400 0.23857
v  -0.89806 0.35400 0.23795
v  -0.89764 0.35264 0.23841
v  -0.89656 0.35200 0.23945
v  -0.89764 0.35264 0.23841
v  -0.89694 0.35212 0.23863
v  -0.89764 0.35264 0.23841
v  -0.89806 0.35400 0.23795
v  -0.89743 0.35400 0.23757
v  -0.89694 0.35212 0.23863
v  -0.89764 0.35264 0.23841
v  -0.89655 0.35250 0.23795
v  -0.89656 0.35313 0.23757
v  -0.89655 0.35250 0.23795
v  -0.89764 0.35264 0.23841
v  -0.89764 0.35264 0.23841
v  -0.89743 0.35400 0.23757
v  -0.89656 0.35400 0.23745
v  -0.89656 0.35313 0.23757
v  -0.89806 2.19600 0.23795
v  -0.89762 2.19706 0.23809
v  -0.89743 2.19624 0.23757
v  -0.89762 2.19706 0.23809
v  -0.89806 2.19600 0.23795
v  -0.89843 2.19600 0.23858
v  -0.89856 2.19600 0.23945
v  -0.89787 2.19754 0.23936
v  -0.89762 2.19706 0.23809
v  -0.89843 2.19600 0.23858
v  -0.89656 2.19600 0.23745
v  -0.89743 2.19624 0.23757
v  -0.89762 2.19706 0.23809
v  -0.89656 2.19600 0.23745
v  -0.89762 2.19706 0.23809
v  -0.89679 2.19687 0.23758
v  -0.89679 2.19687 0.23758
v  -0.89762 2.19706 0.23809
v  -0.89656 2.19750 0.23795
v  -0.89656 2.19788 0.23858
v  -0.89656 2.19750 0.23795
v  -0.89762 2.19706 0.23809
v  -0.89762 2.19706 0.23809
v  -0.89787 2.19754 0.23936
v  -0.89656 2.19800 0.23945
v  -0.89656 2.19788 0.23858
v  -0.45456 2.19750 0.25395
v  -0.69856 2.19750 0.25395
v  -0.69856 2.19688 0.25433
v  -0.45456 2.19688 0.25433
v  -0.45456 2.19787 0.25333
v  -0.69856 2.19788 0.25333
v  -0.69856 2.19750 0.25395
v  -0.45456 2.19750 0.25395
v  -0.69856 2.19800 0.25245
v  -0.69856 2.19788 0.25333
v  -0.69856 2.19800 0.23945
v  -0.45456 2.19800 0.23945
v  -0.45456 2.19788 0.23857
v  -0.69856 2.19788 0.23858
v  -0.45306 0.35400 0.25395
v  -0.45306 2.19600 0.25395
v  -0.45368 2.19600 0.25433
v  -0.45368 0.35400 0.25432
v  -0.45268 0.35400 0.25332
v  -0.45268 2.19600 0.25333
v  -0.45306 2.19600 0.25395
v  -0.45306 0.35400 0.25395
v  -0.45256 0.35400 0.25245
v  -0.45256 2.19600 0.25245
v  -0.45268 2.19600 0.25333
v  -0.45268 0.35400 0.25332
v  -0.45268 2.19600 0.23858
v  -0.45268 0.35400 0.23857
v  -0.45306 0.35400 0.23795
v  -0.45256 2.19600 0.23945
v  -0.45268 2.19600 0.23858
v  -0.69856 0.35250 0.25395
v  -0.45456 0.35250 0.25395
v  -0.45456 0.35313 0.25432
v  -0.69856 0.35313 0.25432
v  -0.69856 0.35212 0.25332
v  -0.45456 0.35212 0.25332
v  -0.45456 0.35250 0.25395
v  -0.69856 0.35250 0.25395
v  -0.69856 0.35200 0.25245
v  -0.45456 0.35200 0.25245
v  -0.45456 0.35212 0.25332
v  -0.69856 0.35212 0.25332
v  -0.45456 0.35212 0.23857
v  -0.69856 0.35212 0.23857
v  -0.69856 0.35250 0.23795
v  -0.45456 0.35200 0.23945
v  -0.69856 0.35200 0.23945
v  -0.69856 0.35212 0.23857
v  -0.45456 0.35212 0.23857
v  -0.89656 2.19750 0.25395
v  -0.89656 2.19688 0.25433
v  -0.89694 2.19788 0.25327
v  -0.89656 2.19750 0.25395
v  -0.89656 2.19800 0.25245
v  -0.89694 2.19788 0.25327
v  -0.89656 0.35250 0.25395
v  -0.89680 0.35313 0.25432
v  -0.89656 0.35212 0.25332
v  -0.89656 0.35250 0.25395
v  -0.89656 0.35200 0.25245
v  -0.89656 0.35212 0.25332
v  -0.89806 2.19600 0.25395
v  -0.89806 0.35400 0.25395
v  -0.89743 0.35400 0.25432
v  -0.89743 2.19600 0.25433
v  -0.89843 2.19600 0.25333
v  -0.89843 0.35400 0.25332
v  -0.89806 0.35400 0.25395
v  -0.89806 2.19600 0.25395
v  -0.89856 2.19600 0.25245
v  -0.89856 0.35400 0.25245
v  -0.89843 0.35400 0.25332
v  -0.89843 2.19600 0.25333
v  -0.69856 0.35250 0.23795
v  -0.89655 0.35250 0.23795
v  -0.89656 0.35313 0.23757
v  -0.89694 0.35212 0.23863
v  -0.89655 0.35250 0.23795
v  -0.89656 0.35200 0.23945
v  -0.89694 0.35212 0.23863
v  -0.69914 2.19688 0.23758
v  -0.89679 2.19687 0.23758
v  -0.89656 2.19750 0.23795
v  -0.89656 2.19800 0.23945
v  -0.89656 2.19788 0.23858
v  -0.89806 0.35400 0.23795
v  -0.89806 2.19600 0.23795
v  -0.89743 2.19624 0.23757
v  -0.89743 0.35400 0.23757
v  -0.89843 0.35400 0.23857
v  -0.89843 2.19600 0.23858
v  -0.89806 2.19600 0.23795
v  -0.89806 0.35400 0.23795
v  -0.89856 0.35400 0.23945
v  -0.89856 2.19600 0.23945
v  -0.89843 2.19600 0.23858
v  -0.89843 0.35400 0.23857
v  -0.89856 0.35400 0.25245
v  -0.89856 0.35400 0.23945
v  -0.89809 0.35272 0.23945
v  -0.89784 0.35247 0.25245
v  -0.89656 2.19800 0.23945
v  -0.89787 2.19754 0.23936
v  -0.45256 2.19600 0.25245
v  -0.45327 2.19753 0.25245
v  -0.45456 0.35200 0.25245
v  -0.45456 0.35200 0.23945
v  -0.45328 0.35247 0.23945
v  -0.45303 0.35272 0.25245
v  0.45800 2.18300 -0.30855
v  0.45800 2.18300 0.23245
v  0.45800 0.10000 0.23245
v  0.45800 0.10000 -0.30855
v  0.44200 2.18300 -0.30855
v  0.44200 0.10000 -0.30855
v  0.44200 0.10000 0.23245
v  0.45800 0.10000 0.23245
v  0.45788 0.10000 0.23332
v  0.45750 0.10000 0.23395
v  0.45687 0.10000 0.23432
v  0.45600 0.10000 0.23445
v  0.44400 0.10000 0.23445
v  0.44312 0.10000 0.23432
v  0.44250 0.10000 0.23395
v  0.44212 0.10000 0.23332
v  0.45600 2.18300 0.23445
v  0.44400 2.18300 0.23445
v  0.44400 0.10000 0.23445
v  0.45600 0.10000 0.23445
v  0.45788 2.18300 0.23332
v  0.44200 2.18300 0.23245
v  0.44400 2.18300 0.23445
v  0.45600 2.18300 0.23445
v  0.45687 2.18300 0.23432
v  0.45788 2.18300 0.23332
v  0.45788 0.10000 0.23332
v  0.45800 0.10000 0.23245
v  0.45800 2.18300 0.23245
v  0.44200 2.18300 0.23245
v  0.44200 0.10000 0.23245
v  0.44212 0.10000 0.23332
v  0.45750 2.18300 0.23395
v  0.45750 0.10000 0.23395
v  0.45788 0.10000 0.23332
v  0.45687 2.18300 0.23432
v  0.45687 0.10000 0.23432
v  0.45750 0.10000 0.23395
v  0.45750 2.18300 0.23395
v  0.45600 2.18300 0.23445
v  0.45600 0.10000 0.23445
v  0.45687 0.10000 0.23432
v  0.44212 2.18300 0.23332
v  0.44212 0.10000 0.23332
v  0.44250 0.10000 0.23395
v  0.44312 0.10000 0.23432
v  0.44312 2.18300 0.23432
v  0.44250 2.18300 0.23395
v  0.44250 0.10000 0.23395
v  0.44312 2.18300 0.23432
v  0.44312 0.10000 0.23432
v  0.44400 0.10000 0.23445
v  0.45800 0.35900 -0.30855
v  0.45800 0.35900 0.23045
v  0.88300 0.35900 0.23045
v  0.88300 0.34400 0.23245
v  0.88300 0.35700 0.23245
v  0.45800 0.35700 0.23245
v  0.45800 0.34400 0.23245
v  0.88300 0.34313 0.23233
v  0.88300 0.34213 0.23133
v  0.88300 0.35700 0.23245
v  0.88300 0.34400 0.23245
v  0.45800 0.34400 0.23245
v  0.45800 0.35700 0.23245
v  0.45800 0.35787 0.23233
v  0.45800 0.34250 0.23195
v  0.45800 0.35888 0.23133
v  0.45800 0.35850 0.23195
v  0.88300 0.35850 0.23195
v  0.88300 0.35888 0.23133
v  0.45800 0.35888 0.23133
v  0.44200 0.35900 0.23045
v  0.44200 0.35900 -0.30855
v  -0.44200 0.35900 -0.30855
v  -0.44200 0.35900 0.23045
v  0.44200 0.34400 0.23245
v  0.44200 0.35700 0.23245
v  -0.44200 0.35700 0.23245
v  -0.44200 0.34400 0.23245
v  0.44200 0.34313 0.23233
v  0.44200 0.34213 0.23133
v  0.44200 0.35700 0.23245
v  0.44200 0.34400 0.23245
v  -0.44200 0.34400 0.23245
v  -0.44200 0.35700 0.23245
v  -0.44200 0.35787 0.23233
v  -0.44200 0.34250 0.23195
v  -0.44200 0.35888 0.23133
v  0.44200 0.35900 0.23045
v  -0.44200 0.35900 0.23045
v  -0.44200 0.35888 0.23133
v  -0.44200 0.34313 0.23233
v  0.44200 0.34313 0.23233
v  0.44200 0.34400 0.23245
v  -0.44200 0.35850 0.23195
v  0.44200 0.35850 0.23195
v  0.44200 0.35888 0.23133
v  -0.44200 0.35888 0.23133
v  -0.44200 0.35787 0.23233
v  0.44200 0.35787 0.23233
v  0.44200 0.35850 0.23195
v  -0.44200 0.35850 0.23195
v  -0.44200 0.35700 0.23245
v  0.44200 0.35700 0.23245
v  0.44200 0.35787 0.23233
v  -0.44200 0.35787 0.23233
v  -0.44200 1.82800 -0.30855
v  0.44200 1.82800 -0.30855
v  0.44200 1.82800 0.23045
v  -0.44200 1.82800 0.23045
v  0.44200 1.84500 0.23045
v  0.44200 1.84500 -0.30855
v  -0.44200 1.84500 -0.30855
v  -0.44200 1.84500 0.23045
v  0.44200 1.83000 0.23245
v  0.44200 1.84300 0.23245
v  -0.44200 1.84300 0.23245
v  -0.44200 1.83000 0.23245
v  0.44200 1.82812 0.23133
v  -0.44200 1.82812 0.23133
v  -0.44200 1.82800 0.23045
v  -0.44200 1.84488 0.23133
v  0.44200 1.84488 0.23133
v  0.44200 1.84500 0.23045
v  0.44200 1.82850 0.23195
v  -0.44200 1.82850 0.23195
v  -0.44200 1.82812 0.23133
v  0.44200 1.82812 0.23133
v  -0.44200 1.82850 0.23195
v  0.44200 1.82850 0.23195
v  0.44200 1.82913 0.23233
v  0.44200 1.83000 0.23245
v  -0.44200 1.83000 0.23245
v  -0.44200 1.82913 0.23233
v  0.44200 1.82913 0.23233
v  -0.44200 1.84450 0.23195
v  0.44200 1.84450 0.23195
v  0.44200 1.84488 0.23133
v  -0.44200 1.84488 0.23133
v  -0.44200 1.84300 0.23245
v  0.44200 1.84300 0.23245
v  0.44200 1.84388 0.23233
v  -0.44200 1.84388 0.23233
v  0.88300 1.82800 0.23045
v  0.45800 1.82800 0.23045
v  0.45800 1.82800 -0.30855
v  0.45800 1.84500 -0.30855
v  0.45800 1.84500 0.23045
v  0.88300 1.84500 0.23045
v  0.88300 1.82812 0.23133
v  0.45800 1.82812 0.23133
v  0.45800 1.82800 0.23045
v  0.88300 1.82800 0.23045
v  0.45800 1.82812 0.23133
v  0.88300 1.82812 0.23133
v  0.88300 1.82850 0.23195
v  0.45800 1.82850 0.23195
v  0.88300 1.82850 0.23195
v  0.88300 1.82913 0.23233
v  0.88300 1.83000 0.23245
v  0.45800 1.83000 0.23245
v  0.45800 1.82913 0.23233
v  0.45800 1.84300 0.23245
v  0.88300 1.84300 0.23245
v  0.88300 1.84388 0.23233
v  -0.88300 1.82800 -0.30855
v  -0.45800 1.82800 -0.30855
v  -0.45800 1.82800 0.23045
v  -0.88300 1.82800 0.23045
v  -0.88300 1.84300 0.23245
v  -0.88300 1.83000 0.23245
v  -0.45800 1.83000 0.23245
v  -0.45800 1.82812 0.23133
v  -0.88300 1.82812 0.23133
v  -0.88300 1.82800 0.23045
v  -0.45800 1.82800 0.23045
v  -0.45800 1.82850 0.23195
v  -0.88300 1.82850 0.23195
v  -0.88300 1.82812 0.23133
v  -0.45800 1.82812 0.23133
v  -0.45800 1.82913 0.23233
v  -0.88300 1.82913 0.23233
v  -0.88300 1.82850 0.23195
v  -0.45800 1.83000 0.23245
v  -0.88300 1.83000 0.23245
v  -0.88300 1.82913 0.23233
v  0.40023 0.29983 0.25445
v  0.39880 0.30073 0.25445
v  0.39989 0.29956 0.25362
v  0.40080 0.29820 0.25445
v  0.40001 0.15161 0.25324
v  0.40080 0.15180 0.25445
v  0.39880 0.14927 0.25445
v  0.40047 0.15039 0.25445
v  0.39961 0.15041 0.25352
v  0.39815 0.14999 0.25324
v  -0.24800 0.14920 0.25445
v  -0.24800 0.29520 0.25445
v  0.39520 0.29520 0.25445
v  0.39553 0.29553 0.25380
v  0.39553 0.15447 0.25380
v  0.39520 0.29520 0.25445
v  0.39520 0.15480 0.25445
v  0.40001 0.29834 0.25324
v  -0.24800 0.14999 0.25324
v  0.39861 0.29995 0.25324
v  0.39599 0.29599 0.25324
v  -0.24800 0.29599 0.25324
v  0.39599 0.15401 0.25324
v  0.39599 0.29599 0.25324
v  0.39800 0.15200 0.25245
v  -0.39800 0.15200 0.25245
v  0.39599 0.29599 0.25324
v  0.39688 0.29696 0.25264
v  0.39692 0.15308 0.25268
v  0.39599 0.15401 0.25324
v  0.39989 0.29956 0.25362
v  0.39800 0.29800 0.25245
v  -0.39798 0.29800 0.25245
v  0.39692 0.15308 0.25268
v  0.39800 0.29800 0.25245
v  0.44600 0.34600 0.25445
v  -0.24800 0.34600 0.25445
v  -0.24800 0.30080 0.25445
v  0.39880 0.30073 0.25445
v  0.40023 0.29983 0.25445
v  0.40080 0.29820 0.25445
v  0.40080 0.15180 0.25445
v  0.44600 0.20000 0.25445
v  0.44600 0.20000 0.23745
v  0.44600 0.10400 0.23745
v  -0.24800 0.10400 0.23745
v  0.39553 0.15447 0.25380
v  0.39520 0.15480 0.25445
v  -0.24800 0.15480 0.25445
v  -0.24800 0.30080 0.25445
v  -0.24800 0.30001 0.25324
v  0.39599 0.15401 0.25324
v  -0.24800 0.15401 0.25324
v  -0.39805 0.29904 0.25261
v  0.39692 0.15308 0.25268
v  0.39599 0.15401 0.25324
v  -0.39726 0.15274 0.25255
v  -0.39798 0.29800 0.25245
v  0.39800 0.15200 0.25245
v  -0.39800 0.15200 0.25245
v  0.39520 0.29520 0.25445
v  -0.24800 0.15480 0.25445
v  0.39520 0.15480 0.25445
v  -0.39958 0.29957 0.25353
v  -0.39933 0.30061 0.25445
v  -0.40023 0.29983 0.25445
v  -0.40080 0.29820 0.25445
v  -0.39980 0.15035 0.25353
v  -0.40080 0.15147 0.25445
v  -0.40054 0.15066 0.25445
v  -0.40023 0.15018 0.25445
v  -0.39943 0.14941 0.25445
v  -0.39820 0.14920 0.25445
v  -0.39820 0.30080 0.25445
v  -0.39553 0.29553 0.25380
v  -0.39520 0.29520 0.25445
v  -0.40001 0.29816 0.25324
v  -0.40001 0.15185 0.25324
v  -0.39815 0.14999 0.25324
v  -0.39815 0.30001 0.25324
v  -0.39599 0.29599 0.25324
v  -0.39599 0.29599 0.25324
v  -0.39599 0.15401 0.25324
v  -0.39553 0.15447 0.25380
v  -0.39876 0.29862 0.25255
v  -0.39980 0.15035 0.25353
v  -0.39872 0.15168 0.25255
v  -0.39958 0.29957 0.25353
v  -0.39692 0.29692 0.25268
v  -0.39599 0.29599 0.25324
v  -0.39599 0.15401 0.25324
v  -0.39599 0.29599 0.25324
v  -0.39692 0.29692 0.25268
v  -0.39726 0.15274 0.25255
v  -0.44600 0.34600 0.25445
v  -0.44600 0.20000 0.25445
v  -0.40080 0.15147 0.25445
v  -0.40080 0.29820 0.25445
v  -0.40023 0.29983 0.25445
v  -0.39933 0.30061 0.25445
v  -0.39820 0.30080 0.25445
v  -0.39520 0.15480 0.25445
v  -0.39553 0.15447 0.25380
v  -0.39599 0.15401 0.25324
v  -0.39599 0.15401 0.25324
v  -0.39520 0.15480 0.25445
v  -0.24800 0.10200 0.23945
v  -0.24800 0.10200 0.25245
v  -0.44600 0.10200 0.25245
v  -0.44600 0.10200 0.23945
v  -0.44800 0.20000 0.23945
v  -0.44800 0.20000 0.25245
v  -0.44800 0.34600 0.25245
v  -0.44800 0.34600 0.23945
v  -0.44600 0.34800 0.23945
v  -0.44600 0.34800 0.25245
v  -0.24800 0.34800 0.25245
v  -0.24800 0.34800 0.23945
v  0.44600 0.34800 0.25245
v  0.44600 0.34800 0.23945
v  0.44800 0.20000 0.23945
v  0.44800 0.20000 0.25245
v  0.44800 0.10400 0.25245
v  0.44800 0.10400 0.23945
v  0.44600 0.10200 0.23945
v  0.44600 0.10200 0.25245
v  0.44600 0.34800 0.25245
v  0.44704 0.34736 0.25351
v  0.44728 0.34753 0.25245
v  0.44800 0.34600 0.23945
v  0.44736 0.34708 0.23841
v  0.44753 0.34728 0.23945
v  0.44600 0.10400 0.25445
v  0.44696 0.10287 0.25381
v  0.44688 0.10400 0.25432
v  0.44800 0.10400 0.23945
v  0.44728 0.10289 0.23841
v  0.44769 0.10400 0.23826
v  -0.44600 0.34800 0.25245
v  -0.44705 0.34736 0.25350
v  -0.44600 0.34787 0.25333
v  -0.44600 0.10400 0.25445
v  -0.44704 0.10289 0.25373
v  -0.44600 0.10312 0.25432
v  -0.44600 0.10200 0.23945
v  -0.44704 0.10264 0.23839
v  -0.44600 0.10213 0.23857
v  0.44600 0.34687 0.25433
v  -0.24800 0.34687 0.25433
v  -0.24800 0.34600 0.25445
v  0.44600 0.34600 0.25445
v  0.44688 0.20000 0.25433
v  0.44600 0.20000 0.25445
v  -0.24800 0.10312 0.25432
v  0.44600 0.10312 0.25432
v  0.44600 0.10400 0.25445
v  -0.24800 0.10400 0.25445
v  -0.44600 0.34687 0.25433
v  -0.44600 0.34600 0.25445
v  -0.44688 0.34600 0.25433
v  -0.44688 0.20000 0.25433
v  -0.44600 0.20000 0.25445
v  -0.44600 0.34600 0.25445
v  -0.44728 0.10247 0.25245
v  -0.44753 0.10272 0.23945
v  -0.44600 0.10200 0.23945
v  -0.44600 0.10200 0.25245
v  -0.44753 0.34728 0.25245
v  -0.44728 0.34753 0.23945
v  -0.44800 0.34600 0.23945
v  -0.44800 0.34600 0.25245
v  0.44753 0.34728 0.23945
v  0.44600 0.34800 0.23945
v  0.44753 0.10272 0.25245
v  0.44728 0.10247 0.23945
v  0.44800 0.10400 0.23945
v  0.44800 0.10400 0.25245
v  0.44600 0.34800 0.25245
v  0.44600 0.34787 0.25333
v  0.44704 0.34736 0.25351
v  0.44704 0.34736 0.25351
v  0.44600 0.34787 0.25333
v  0.44600 0.34750 0.25395
v  0.44704 0.34736 0.25351
v  0.44600 0.34750 0.25395
v  0.44600 0.34687 0.25433
v  0.44600 0.34600 0.25445
v  0.44688 0.34600 0.25433
v  0.44704 0.34736 0.25351
v  0.44600 0.34687 0.25433
v  0.44688 0.34600 0.25433
v  0.44750 0.34600 0.25395
v  0.44704 0.34736 0.25351
v  0.44704 0.34736 0.25351
v  0.44750 0.34600 0.25395
v  0.44788 0.34600 0.25333
v  0.44704 0.34736 0.25351
v  0.44788 0.34600 0.25333
v  0.44800 0.34600 0.25245
v  0.44728 0.34753 0.25245
v  0.44750 0.34600 0.23795
v  0.44736 0.34708 0.23841
v  0.44788 0.34600 0.23858
v  0.44736 0.34708 0.23841
v  0.44750 0.34600 0.23795
v  0.44688 0.34600 0.23758
v  0.44800 0.34600 0.23945
v  0.44788 0.34600 0.23858
v  0.44736 0.34708 0.23841
v  0.44600 0.34687 0.23757
v  0.44600 0.34750 0.23795
v  0.44736 0.34708 0.23841
v  0.44736 0.34708 0.23841
v  0.44600 0.34750 0.23795
v  0.44600 0.34787 0.23857
v  0.44736 0.34708 0.23841
v  0.44600 0.34787 0.23857
v  0.44600 0.34800 0.23945
v  0.44753 0.34728 0.23945
v  0.44696 0.10287 0.25381
v  0.44696 0.10287 0.25381
v  0.44600 0.10312 0.25432
v  0.44600 0.10250 0.25395
v  0.44696 0.10287 0.25381
v  0.44600 0.10250 0.25395
v  0.44600 0.10213 0.25332
v  0.44600 0.10200 0.25245
v  0.44753 0.10272 0.25245
v  0.44696 0.10287 0.25381
v  0.44600 0.10213 0.25332
v  0.44769 0.10400 0.25364
v  0.44688 0.10400 0.25432
v  0.44696 0.10287 0.25381
v  0.44696 0.10287 0.25381
v  0.44753 0.10272 0.25245
v  0.44800 0.10400 0.25245
v  0.44769 0.10400 0.25364
v  0.44728 0.10289 0.23841
v  0.44728 0.10289 0.23841
v  0.44728 0.10247 0.23945
v  0.44600 0.10200 0.23945
v  -0.44600 0.34800 0.25245
v  -0.44753 0.34728 0.25245
v  -0.44705 0.34736 0.25350
v  -0.44800 0.34600 0.25245
v  -0.44788 0.34600 0.25333
v  -0.44705 0.34736 0.25350
v  -0.44753 0.34728 0.25245
v  -0.44788 0.34600 0.25333
v  -0.44750 0.34600 0.25395
v  -0.44705 0.34736 0.25350
v  -0.44705 0.34736 0.25350
v  -0.44750 0.34600 0.25395
v  -0.44688 0.34600 0.25433
v  -0.44600 0.34750 0.25395
v  -0.44600 0.34787 0.25333
v  -0.44705 0.34736 0.25350
v  -0.44600 0.34687 0.25433
v  -0.44600 0.34750 0.25395
v  -0.44705 0.34736 0.25350
v  -0.44705 0.34736 0.25350
v  -0.44688 0.34600 0.25433
v  -0.44600 0.34600 0.25445
v  -0.44600 0.34687 0.25433
v  -0.44600 0.10400 0.25445
v  -0.44688 0.10400 0.25432
v  -0.44704 0.10289 0.25373
v  -0.44704 0.10289 0.25373
v  -0.44688 0.10400 0.25432
v  -0.44769 0.10400 0.25364
v  -0.44800 0.10400 0.25245
v  -0.44728 0.10247 0.25245
v  -0.44704 0.10289 0.25373
v  -0.44769 0.10400 0.25364
v  -0.44600 0.10250 0.25395
v  -0.44600 0.10312 0.25432
v  -0.44704 0.10289 0.25373
v  -0.44600 0.10213 0.25332
v  -0.44600 0.10250 0.25395
v  -0.44704 0.10289 0.25373
v  -0.44704 0.10289 0.25373
v  -0.44728 0.10247 0.25245
v  -0.44600 0.10200 0.25245
v  -0.44600 0.10213 0.25332
v  -0.44704 0.10264 0.23839
v  -0.44704 0.10264 0.23839
v  -0.44753 0.10272 0.23945
v  -0.44800 0.10400 0.23945
v  -0.44600 0.10250 0.23795
v  -0.44600 0.10213 0.23857
v  -0.44704 0.10264 0.23839
v  -0.44750 0.34600 0.23795
v  -0.44699 0.34710 0.23809
v  -0.44688 0.34600 0.23758
v  -0.44699 0.34710 0.23809
v  -0.44750 0.34600 0.23795
v  -0.44788 0.34600 0.23858
v  -0.44800 0.34600 0.23945
v  -0.44728 0.34753 0.23945
v  -0.44699 0.34710 0.23809
v  -0.44788 0.34600 0.23858
v  -0.44600 0.34750 0.23795
v  -0.44600 0.34687 0.23758
v  -0.44699 0.34710 0.23809
v  -0.44600 0.34787 0.23858
v  -0.44600 0.34750 0.23795
v  -0.44699 0.34710 0.23809
v  -0.44699 0.34710 0.23809
v  -0.44728 0.34753 0.23945
v  -0.44600 0.34800 0.23945
v  -0.44600 0.34787 0.23858
v  0.44600 0.34750 0.25395
v  -0.24800 0.34750 0.25395
v  -0.24800 0.34687 0.25433
v  0.44600 0.34687 0.25433
v  0.44600 0.34787 0.25333
v  -0.24800 0.34787 0.25333
v  -0.24800 0.34750 0.25395
v  0.44600 0.34750 0.25395
v  -0.24800 0.34800 0.25245
v  -0.24800 0.34787 0.25333
v  -0.24800 0.34787 0.23858
v  0.44600 0.34787 0.23857
v  0.44600 0.34750 0.23795
v  -0.24800 0.34750 0.23795
v  -0.24800 0.34800 0.23945
v  0.44600 0.34800 0.23945
v  0.44600 0.34787 0.23857
v  -0.24800 0.34787 0.23858
v  0.44769 0.10400 0.25364
v  0.44750 0.20000 0.25395
v  0.44688 0.20000 0.25433
v  0.44688 0.10400 0.25432
v  0.44769 0.10400 0.25364
v  0.44788 0.20000 0.25333
v  0.44750 0.20000 0.25395
v  0.44800 0.10400 0.25245
v  0.44800 0.20000 0.25245
v  0.44788 0.20000 0.25333
v  0.44769 0.10400 0.25364
v  0.44800 0.34600 0.23945
v  0.44800 0.20000 0.23945
v  0.44788 0.20000 0.23857
v  0.44788 0.34600 0.23858
v  -0.24800 0.10250 0.25395
v  0.44600 0.10250 0.25395
v  0.44600 0.10312 0.25432
v  -0.24800 0.10312 0.25432
v  -0.24800 0.10213 0.25332
v  0.44600 0.10213 0.25332
v  0.44600 0.10250 0.25395
v  -0.24800 0.10250 0.25395
v  -0.24800 0.10200 0.25245
v  0.44600 0.10200 0.25245
v  0.44600 0.10213 0.25332
v  -0.24800 0.10213 0.25332
v  0.44600 0.10200 0.23945
v  -0.24800 0.10200 0.23945
v  -0.24800 0.10213 0.23857
v  -0.44600 0.34750 0.25395
v  -0.44600 0.34687 0.25433
v  -0.44600 0.34787 0.25333
v  -0.44600 0.34750 0.25395
v  -0.44600 0.10250 0.25395
v  -0.44600 0.10312 0.25432
v  -0.44600 0.10213 0.25332
v  -0.44600 0.10250 0.25395
v  -0.44600 0.10200 0.25245
v  -0.44600 0.10213 0.25332
v  -0.44750 0.34600 0.25395
v  -0.44750 0.20000 0.25395
v  -0.44688 0.20000 0.25433
v  -0.44688 0.34600 0.25433
v  -0.44788 0.34600 0.25333
v  -0.44788 0.20000 0.25333
v  -0.44750 0.20000 0.25395
v  -0.44750 0.34600 0.25395
v  -0.44800 0.34600 0.25245
v  -0.44800 0.20000 0.25245
v  -0.44788 0.20000 0.25333
v  -0.44788 0.34600 0.25333
v  -0.44600 0.34787 0.23858
v  -0.44600 0.34800 0.23945
v  -0.44600 0.34787 0.23858
v  -0.44800 0.10400 0.23945
v  -0.44800 0.20000 0.23945
v  -0.44788 0.20000 0.23857
v  -0.44769 0.10400 0.23826
v  -0.44800 0.10400 0.25245
v  -0.44800 0.10400 0.23945
v  -0.44753 0.10272 0.23945
v  -0.44728 0.10247 0.25245
v  -0.44600 0.34800 0.23945
v  -0.44728 0.34753 0.23945
v  0.44800 0.34600 0.25245
v  0.44728 0.34753 0.25245
v  0.44600 0.10200 0.25245
v  0.44600 0.10200 0.23945
v  0.44728 0.10247 0.23945
v  0.44753 0.10272 0.25245
v  0.39553 0.29553 0.25380
v  0.39688 0.29696 0.25264
v  0.39800 0.15200 0.25245
v  0.39880 0.14927 0.25445
v  -0.24800 0.14920 0.25445
v  -0.24800 0.10400 0.25445
v  0.44600 0.10400 0.25445
v  0.40047 0.15039 0.25445
v  -0.39520 0.29520 0.25445
v  -0.39553 0.29553 0.25380
v  -0.39520 0.15480 0.25445
v  -0.44600 0.10400 0.25445
v  -0.39820 0.14920 0.25445
v  -0.39943 0.14941 0.25445
v  -0.40023 0.15018 0.25445
v  -0.40054 0.15066 0.25445
v  -0.24800 0.29520 0.25445
v  -0.39520 0.29520 0.25445
v  -0.44800 0.10400 0.23945
v  -0.44800 0.10400 0.25245
v  0.44800 0.34600 0.23945
v  0.44800 0.34600 0.25245
v  0.44688 0.34600 0.25433
v  0.44600 0.34600 0.25445
v  0.44750 0.34600 0.25395
v  0.44688 0.34600 0.25433
v  0.44788 0.34600 0.25333
v  0.44750 0.34600 0.25395
v  0.44800 0.34600 0.25245
v  0.44788 0.34600 0.25333
v  -0.44769 0.10400 0.25364
v  -0.44688 0.10400 0.25432
v  -0.44769 0.10400 0.25364
v  -0.44800 0.10400 0.25245
v  -0.44769 0.10400 0.25364
v  -0.44750 0.20000 0.23795
v  -0.44788 0.20000 0.23857
v  -0.44788 0.34600 0.23858
v  -0.44800 0.34600 0.23945
v  -0.44788 0.34600 0.23858
v  0.84960 0.30041 0.25445
v  0.84852 0.30080 0.25445
v  0.84974 0.29981 0.25363
v  0.85023 0.29983 0.25445
v  0.85080 0.29820 0.25445
v  0.85001 0.15165 0.25325
v  0.85080 0.15180 0.25445
v  0.84961 0.15097 0.25329
v  0.85023 0.15017 0.25445
v  0.84880 0.14927 0.25445
v  0.84820 0.14920 0.25445
v  0.65200 0.29520 0.25445
v  0.84520 0.29520 0.25445
v  0.84553 0.29553 0.25380
v  0.85001 0.29840 0.25325
v  0.84815 0.14999 0.25324
v  0.65200 0.14999 0.25324
v  0.65200 0.14920 0.25445
v  0.84815 0.30001 0.25324
v  0.84599 0.29599 0.25324
v  0.65200 0.29599 0.25324
v  0.84553 0.15447 0.25380
v  0.84599 0.15401 0.25324
v  0.84599 0.29599 0.25324
v  0.84961 0.15097 0.25329
v  0.84890 0.15098 0.25270
v  0.50200 0.15200 0.25245
v  0.84800 0.29800 0.25245
v  0.84974 0.29981 0.25363
v  0.84599 0.29599 0.25324
v  0.84692 0.29692 0.25268
v  0.84692 0.15308 0.25268
v  0.84599 0.15401 0.25324
v  0.50200 0.29800 0.25245
v  0.84800 0.15200 0.25245
v  0.84800 0.29800 0.25245
v  0.89600 0.34600 0.25445
v  0.65200 0.34600 0.25445
v  0.65200 0.30080 0.25445
v  0.84852 0.30080 0.25445
v  0.84960 0.30041 0.25445
v  0.85023 0.29983 0.25445
v  0.85080 0.29820 0.25445
v  0.85080 0.15180 0.25445
v  0.89600 0.20000 0.25445
v  0.65200 0.10400 0.23745
v  0.45400 0.34600 0.23745
v  0.89600 0.20000 0.23745
v  0.89600 0.10400 0.23745
v  0.84553 0.15447 0.25380
v  0.84520 0.15480 0.25445
v  0.65200 0.15480 0.25445
v  0.65200 0.30080 0.25445
v  0.65200 0.30001 0.25324
v  0.84599 0.15401 0.25324
v  0.65200 0.15401 0.25324
v  0.50184 0.30001 0.25324
v  0.84692 0.15308 0.25268
v  0.84599 0.15401 0.25324
v  0.50308 0.15308 0.25268
v  0.50200 0.29800 0.25245
v  0.84800 0.15200 0.25245
v  0.50200 0.15200 0.25245
v  0.50043 0.30044 0.25445
v  0.50041 0.29956 0.25351
v  0.50148 0.30080 0.25445
v  0.49977 0.29983 0.25445
v  0.49920 0.29820 0.25445
v  0.49999 0.29815 0.25324
v  0.49920 0.15180 0.25445
v  0.49932 0.15092 0.25445
v  0.50038 0.15018 0.25355
v  0.49977 0.15018 0.25445
v  0.50072 0.14939 0.25445
v  0.50180 0.14920 0.25445
v  0.50185 0.14999 0.25324
v  0.50447 0.29553 0.25380
v  0.50480 0.29520 0.25445
v  0.49999 0.15185 0.25324
v  0.50401 0.29599 0.25324
v  0.50087 0.29848 0.25265
v  0.50041 0.29956 0.25351
v  0.50038 0.15018 0.25355
v  0.50308 0.29690 0.25262
v  0.50401 0.29599 0.25324
v  0.50308 0.15308 0.25268
v  0.45400 0.34600 0.25445
v  0.45400 0.20000 0.25445
v  0.49920 0.15180 0.25445
v  0.49920 0.29820 0.25445
v  0.49977 0.29983 0.25445
v  0.50043 0.30044 0.25445
v  0.50148 0.30080 0.25445
v  0.50480 0.15480 0.25445
v  0.50447 0.15447 0.25379
v  0.50401 0.15401 0.25324
v  0.50401 0.15401 0.25324
v  0.65200 0.10200 0.23945
v  0.65200 0.10200 0.25245
v  0.45400 0.10200 0.25245
v  0.45400 0.10200 0.23945
v  0.45200 0.20000 0.23945
v  0.45200 0.20000 0.25245
v  0.45200 0.34600 0.25245
v  0.45200 0.34600 0.23945
v  0.45400 0.34800 0.23945
v  0.45400 0.34800 0.25245
v  0.65200 0.34800 0.25245
v  0.65200 0.34800 0.23945
v  0.89600 0.34800 0.25245
v  0.89600 0.34800 0.23945
v  0.89800 0.20000 0.23945
v  0.89800 0.20000 0.25245
v  0.89800 0.10400 0.25245
v  0.89800 0.10400 0.23945
v  0.89600 0.10200 0.23945
v  0.89600 0.10200 0.25245
v  0.89600 0.34800 0.25245
v  0.89707 0.34736 0.25349
v  0.89728 0.34753 0.25245
v  0.89600 0.10400 0.25445
v  0.89710 0.10301 0.25381
v  0.89687 0.10400 0.25432
v  0.89800 0.10400 0.23945
v  0.89728 0.10289 0.23841
v  0.89787 0.10400 0.23857
v  0.45400 0.34800 0.25245
v  0.45295 0.34736 0.25350
v  0.45400 0.34787 0.25333
v  0.45400 0.10400 0.25445
v  0.45295 0.10295 0.25381
v  0.45400 0.10312 0.25432
v  0.45400 0.10200 0.23945
v  0.45287 0.10264 0.23849
v  0.45400 0.10213 0.23857
v  0.89600 0.34687 0.25433
v  0.65156 0.34687 0.25433
v  0.65200 0.34600 0.25445
v  0.89600 0.34600 0.25445
v  0.65200 0.34687 0.23758
v  0.89600 0.34687 0.23757
v  0.89600 0.34600 0.23745
v  0.89687 0.20000 0.25433
v  0.89600 0.20000 0.25445
v  0.89687 0.34600 0.23758
v  0.89687 0.20000 0.23757
v  0.89600 0.20000 0.23745
v  0.89600 0.34600 0.23745
v  0.65200 0.10312 0.25432
v  0.89600 0.10312 0.25432
v  0.89600 0.10400 0.25445
v  0.65200 0.10400 0.25445
v  0.45400 0.34687 0.25432
v  0.45400 0.34600 0.25445
v  0.45312 0.34600 0.25433
v  0.45312 0.20000 0.25433
v  0.45400 0.20000 0.25445
v  0.45400 0.34600 0.25445
v  0.45272 0.10247 0.25245
v  0.45247 0.10272 0.23945
v  0.45400 0.10200 0.23945
v  0.45400 0.10200 0.25245
v  0.45247 0.34728 0.25245
v  0.45272 0.34753 0.23945
v  0.45200 0.34600 0.23945
v  0.45200 0.34600 0.25245
v  0.89753 0.34727 0.23935
v  0.89600 0.34800 0.23945
v  0.89728 0.10247 0.25245
v  0.89728 0.10247 0.23945
v  0.89800 0.10400 0.23945
v  0.89800 0.10400 0.25245
v  0.89600 0.34800 0.25245
v  0.89600 0.34787 0.25333
v  0.89707 0.34736 0.25349
v  0.89707 0.34736 0.25349
v  0.89600 0.34787 0.25333
v  0.89600 0.34750 0.25395
v  0.89707 0.34736 0.25349
v  0.89600 0.34750 0.25395
v  0.89600 0.34687 0.25433
v  0.89600 0.34600 0.25445
v  0.89687 0.34600 0.25433
v  0.89707 0.34736 0.25349
v  0.89600 0.34687 0.25433
v  0.89687 0.34600 0.25433
v  0.89750 0.34600 0.25395
v  0.89707 0.34736 0.25349
v  0.89707 0.34736 0.25349
v  0.89750 0.34600 0.25395
v  0.89787 0.34600 0.25333
v  0.89707 0.34736 0.25349
v  0.89787 0.34600 0.25333
v  0.89800 0.34600 0.25245
v  0.89728 0.34753 0.25245
v  0.89750 0.34600 0.23795
v  0.89719 0.34708 0.23816
v  0.89787 0.34624 0.23857
v  0.89719 0.34708 0.23816
v  0.89750 0.34600 0.23795
v  0.89687 0.34600 0.23758
v  0.89600 0.34600 0.23745
v  0.89600 0.34687 0.23757
v  0.89719 0.34708 0.23816
v  0.89687 0.34600 0.23758
v  0.89800 0.34600 0.23945
v  0.89787 0.34624 0.23857
v  0.89753 0.34727 0.23935
v  0.89753 0.34727 0.23935
v  0.89787 0.34624 0.23857
v  0.89719 0.34708 0.23816
v  0.89600 0.34687 0.23757
v  0.89600 0.34750 0.23795
v  0.89719 0.34708 0.23816
v  0.89719 0.34708 0.23816
v  0.89600 0.34750 0.23795
v  0.89600 0.34787 0.23857
v  0.89719 0.34708 0.23816
v  0.89600 0.34787 0.23857
v  0.89600 0.34800 0.23945
v  0.89753 0.34727 0.23935
v  0.89710 0.10301 0.25381
v  0.89710 0.10301 0.25381
v  0.89600 0.10312 0.25432
v  0.89600 0.10250 0.25395
v  0.89710 0.10301 0.25381
v  0.89600 0.10250 0.25395
v  0.89600 0.10213 0.25332
v  0.89600 0.10200 0.25245
v  0.89728 0.10247 0.25245
v  0.89710 0.10301 0.25381
v  0.89600 0.10213 0.25332
v  0.89769 0.10400 0.25364
v  0.89687 0.10400 0.25432
v  0.89710 0.10301 0.25381
v  0.89710 0.10301 0.25381
v  0.89728 0.10247 0.25245
v  0.89800 0.10400 0.25245
v  0.89769 0.10400 0.25364
v  0.89728 0.10289 0.23841
v  0.89600 0.10200 0.23945
v  0.89600 0.10213 0.23857
v  0.89728 0.10289 0.23841
v  0.89728 0.10247 0.23945
v  0.89600 0.10213 0.23857
v  0.89600 0.10250 0.23795
v  0.89728 0.10289 0.23841
v  0.89728 0.10289 0.23841
v  0.89600 0.10250 0.23795
v  0.89600 0.10312 0.23757
v  0.89750 0.10400 0.23795
v  0.89787 0.10400 0.23857
v  0.89728 0.10289 0.23841
v  0.89687 0.10400 0.23757
v  0.89750 0.10400 0.23795
v  0.89728 0.10289 0.23841
v  0.89728 0.10289 0.23841
v  0.89600 0.10312 0.23757
v  0.89600 0.10400 0.23745
v  0.89687 0.10400 0.23757
v  0.45400 0.34800 0.25245
v  0.45247 0.34728 0.25245
v  0.45295 0.34736 0.25350
v  0.45200 0.34600 0.25245
v  0.45212 0.34600 0.25333
v  0.45295 0.34736 0.25350
v  0.45247 0.34728 0.25245
v  0.45212 0.34600 0.25333
v  0.45250 0.34600 0.25395
v  0.45295 0.34736 0.25350
v  0.45295 0.34736 0.25350
v  0.45250 0.34600 0.25395
v  0.45312 0.34600 0.25433
v  0.45400 0.34750 0.25395
v  0.45400 0.34787 0.25333
v  0.45295 0.34736 0.25350
v  0.45400 0.34687 0.25432
v  0.45400 0.34750 0.25395
v  0.45295 0.34736 0.25350
v  0.45295 0.34736 0.25350
v  0.45312 0.34600 0.25433
v  0.45400 0.34600 0.25445
v  0.45400 0.34687 0.25432
v  0.45400 0.10400 0.25445
v  0.45312 0.10400 0.25432
v  0.45295 0.10295 0.25381
v  0.45295 0.10295 0.25381
v  0.45312 0.10400 0.25432
v  0.45231 0.10400 0.25364
v  0.45200 0.10400 0.25245
v  0.45272 0.10247 0.25245
v  0.45295 0.10295 0.25381
v  0.45231 0.10400 0.25364
v  0.45400 0.10250 0.25395
v  0.45400 0.10312 0.25432
v  0.45295 0.10295 0.25381
v  0.45400 0.10213 0.25332
v  0.45400 0.10250 0.25395
v  0.45295 0.10295 0.25381
v  0.45295 0.10295 0.25381
v  0.45272 0.10247 0.25245
v  0.45400 0.10200 0.25245
v  0.45400 0.10213 0.25332
v  0.45287 0.10264 0.23849
v  0.45200 0.10400 0.23945
v  0.45231 0.10400 0.23826
v  0.45287 0.10264 0.23849
v  0.45247 0.10272 0.23945
v  0.45400 0.10250 0.23795
v  0.45400 0.10213 0.23857
v  0.45287 0.10264 0.23849
v  0.45250 0.34600 0.23795
v  0.45289 0.34714 0.23822
v  0.45312 0.34631 0.23758
v  0.45289 0.34714 0.23822
v  0.45250 0.34600 0.23795
v  0.45212 0.34600 0.23858
v  0.45200 0.34600 0.23945
v  0.45272 0.34753 0.23945
v  0.45289 0.34714 0.23822
v  0.45212 0.34600 0.23858
v  0.45400 0.34750 0.23795
v  0.45400 0.34687 0.23758
v  0.45289 0.34714 0.23822
v  0.45400 0.34787 0.23858
v  0.45400 0.34750 0.23795
v  0.45289 0.34714 0.23822
v  0.45289 0.34714 0.23822
v  0.45272 0.34753 0.23945
v  0.45400 0.34800 0.23945
v  0.45400 0.34787 0.23858
v  0.89600 0.34750 0.25395
v  0.65200 0.34750 0.25395
v  0.65156 0.34687 0.25433
v  0.89600 0.34687 0.25433
v  0.89600 0.34787 0.25333
v  0.65200 0.34787 0.25333
v  0.65200 0.34750 0.25395
v  0.89600 0.34750 0.25395
v  0.65200 0.34800 0.25245
v  0.65200 0.34787 0.25333
v  0.65200 0.34750 0.23795
v  0.89600 0.34750 0.23795
v  0.89600 0.34687 0.23757
v  0.65200 0.34787 0.23858
v  0.89600 0.34787 0.23857
v  0.89600 0.34750 0.23795
v  0.65200 0.34800 0.23945
v  0.89600 0.34800 0.23945
v  0.89600 0.34787 0.23857
v  0.65200 0.34787 0.23858
v  0.89769 0.10400 0.25364
v  0.89750 0.20000 0.25395
v  0.89687 0.20000 0.25433
v  0.89687 0.10400 0.25432
v  0.89769 0.10400 0.25364
v  0.89787 0.20000 0.25333
v  0.89750 0.20000 0.25395
v  0.89800 0.10400 0.25245
v  0.89800 0.20000 0.25245
v  0.89787 0.20000 0.25333
v  0.89769 0.10400 0.25364
v  0.89750 0.34600 0.23795
v  0.89750 0.20000 0.23795
v  0.89687 0.20000 0.23757
v  0.89687 0.34600 0.23758
v  0.89787 0.34624 0.23857
v  0.89787 0.20000 0.23857
v  0.89750 0.20000 0.23795
v  0.89750 0.34600 0.23795
v  0.89800 0.34600 0.23945
v  0.89800 0.20000 0.23945
v  0.89787 0.20000 0.23857
v  0.89787 0.34624 0.23857
v  0.65200 0.10250 0.25395
v  0.89600 0.10250 0.25395
v  0.89600 0.10312 0.25432
v  0.65200 0.10312 0.25432
v  0.65200 0.10213 0.25332
v  0.89600 0.10213 0.25332
v  0.89600 0.10250 0.25395
v  0.65200 0.10250 0.25395
v  0.65200 0.10200 0.25245
v  0.89600 0.10200 0.25245
v  0.89600 0.10213 0.25332
v  0.65200 0.10213 0.25332
v  0.89600 0.10200 0.23945
v  0.65200 0.10200 0.23945
v  0.65200 0.10213 0.23857
v  0.89600 0.10213 0.23857
v  0.45400 0.34750 0.25395
v  0.45400 0.34687 0.25432
v  0.45400 0.34787 0.25333
v  0.45400 0.34750 0.25395
v  0.45400 0.10250 0.25395
v  0.45400 0.10312 0.25432
v  0.45400 0.10213 0.25332
v  0.45400 0.10250 0.25395
v  0.45400 0.10200 0.25245
v  0.45400 0.10213 0.25332
v  0.45250 0.34600 0.25395
v  0.45250 0.20000 0.25395
v  0.45312 0.20000 0.25433
v  0.45312 0.34600 0.25433
v  0.45212 0.34600 0.25333
v  0.45212 0.20000 0.25333
v  0.45250 0.20000 0.25395
v  0.45250 0.34600 0.25395
v  0.45200 0.34600 0.25245
v  0.45200 0.20000 0.25245
v  0.45212 0.20000 0.25333
v  0.45212 0.34600 0.25333
v  0.45400 0.34787 0.23858
v  0.65200 0.34750 0.23795
v  0.45400 0.34800 0.23945
v  0.45400 0.34787 0.23858
v  0.45200 0.10400 0.23945
v  0.45200 0.20000 0.23945
v  0.45212 0.20000 0.23857
v  0.45231 0.10400 0.23826
v  0.45200 0.10400 0.25245
v  0.45200 0.10400 0.23945
v  0.45247 0.10272 0.23945
v  0.45272 0.10247 0.25245
v  0.45400 0.34800 0.23945
v  0.45272 0.34753 0.23945
v  0.89800 0.34600 0.25245
v  0.89800 0.34600 0.23945
v  0.89753 0.34727 0.23935
v  0.89728 0.34753 0.25245
v  0.89600 0.10200 0.25245
v  0.89600 0.10200 0.23945
v  0.89728 0.10247 0.23945
v  0.89728 0.10247 0.25245
v  0.84553 0.29553 0.25380
v  0.84520 0.29520 0.25445
v  0.84520 0.15480 0.25445
v  0.84692 0.29692 0.25268
v  0.84820 0.14920 0.25445
v  0.65200 0.14920 0.25445
v  0.65200 0.10400 0.25445
v  0.84880 0.14927 0.25445
v  0.89600 0.10400 0.25445
v  0.85023 0.15017 0.25445
v  0.65200 0.34600 0.23745
v  0.89600 0.34600 0.23745
v  0.84520 0.29520 0.25445
v  0.65200 0.29520 0.25445
v  0.65200 0.15480 0.25445
v  0.84520 0.15480 0.25445
v  0.50480 0.29520 0.25445
v  0.50447 0.29553 0.25380
v  0.50447 0.15447 0.25379
v  0.50480 0.15480 0.25445
v  0.50401 0.29599 0.25324
v  0.50401 0.15401 0.25324
v  0.50401 0.29599 0.25324
v  0.50308 0.29690 0.25262
v  0.50401 0.15401 0.25324
v  0.50308 0.15308 0.25268
v  0.45400 0.10400 0.25445
v  0.50180 0.14920 0.25445
v  0.50072 0.14939 0.25445
v  0.49977 0.15018 0.25445
v  0.49932 0.15092 0.25445
v  0.50480 0.29520 0.25445
v  0.50480 0.15480 0.25445
v  0.45200 0.10400 0.23945
v  0.45200 0.10400 0.25245
v  0.89800 0.34600 0.23945
v  0.89800 0.34600 0.25245
v  0.89687 0.34600 0.25433
v  0.89600 0.34600 0.25445
v  0.89687 0.10400 0.23757
v  0.89600 0.10400 0.23745
v  0.89750 0.34600 0.25395
v  0.89687 0.34600 0.25433
v  0.89787 0.34600 0.25333
v  0.89750 0.34600 0.25395
v  0.89800 0.34600 0.25245
v  0.89787 0.34600 0.25333
v  0.89750 0.10400 0.23795
v  0.89687 0.10400 0.23757
v  0.89787 0.10400 0.23857
v  0.89750 0.10400 0.23795
v  0.45231 0.10400 0.25364
v  0.45312 0.10400 0.25432
v  0.45231 0.10400 0.25364
v  0.45200 0.10400 0.25245
v  0.45231 0.10400 0.25364
v  0.45200 0.34600 0.23945
v  0.45212 0.34600 0.23858
v  0.84984 2.14963 0.25445
v  0.84927 2.15023 0.25445
v  0.84870 2.15000 0.25354
v  0.84967 0.40017 0.25445
v  0.85012 0.40092 0.25445
v  0.84925 0.40020 0.25370
v  0.84824 0.39927 0.25445
v  0.84764 0.39920 0.25445
v  0.84764 2.15080 0.25445
v  0.65144 2.14520 0.25445
v  0.84464 2.14520 0.25445
v  0.84497 2.14553 0.25380
v  0.84497 0.40447 0.25380
v  0.84497 2.14553 0.25380
v  0.84464 2.14520 0.25445
v  0.84464 0.40480 0.25445
v  0.84945 2.14848 0.25325
v  0.84945 0.40185 0.25324
v  0.84760 0.39999 0.25324
v  0.65144 0.39999 0.25324
v  0.65144 0.39920 0.25445
v  0.84760 2.15001 0.25324
v  0.84544 2.14599 0.25324
v  0.65144 2.14599 0.25324
v  0.84544 0.40401 0.25324
v  0.84544 2.14599 0.25324
v  0.84544 2.14599 0.25324
v  0.84602 2.14658 0.25282
v  0.84631 0.40308 0.25265
v  0.84602 2.14658 0.25282
v  0.84544 2.14599 0.25324
v  0.84544 0.40401 0.25324
v  0.84817 2.14820 0.25255
v  0.84819 0.40192 0.25255
v  0.84670 2.14726 0.25255
v  0.84670 2.14726 0.25255
v  0.84744 2.14800 0.25245
v  0.84744 0.40200 0.25245
v  0.84925 0.40020 0.25370
v  0.50144 0.40200 0.25245
v  0.84744 2.14800 0.25245
v  0.65144 2.14800 0.25245
v  0.89544 2.19600 0.25445
v  0.65144 2.19600 0.25445
v  0.65144 2.15080 0.25445
v  0.84764 2.15080 0.25445
v  0.84927 2.15023 0.25445
v  0.84984 2.14963 0.25445
v  0.84764 0.39920 0.25445
v  0.65144 0.39920 0.25445
v  0.65144 0.35400 0.25445
v  0.84824 0.39927 0.25445
v  0.89544 0.35400 0.25445
v  0.84967 0.40017 0.25445
v  0.85012 0.40092 0.25445
v  0.65144 0.35400 0.23745
v  0.65144 2.19600 0.23745
v  0.89544 2.19600 0.23745
v  0.89544 0.35400 0.23745
v  0.84497 0.40447 0.25380
v  0.84464 0.40480 0.25445
v  0.65144 0.40480 0.25445
v  0.65144 2.15080 0.25445
v  0.65144 2.15001 0.25324
v  0.84544 0.40401 0.25324
v  0.65144 0.40401 0.25324
v  0.65144 2.14800 0.25245
v  0.84631 0.40308 0.25265
v  0.84544 0.40401 0.25324
v  0.50144 0.40200 0.25245
v  0.84744 0.40200 0.25245
v  0.84464 0.40480 0.25445
v  0.84464 2.14520 0.25445
v  0.65144 2.14520 0.25445
v  0.65144 0.40480 0.25445
v  0.49993 2.14972 0.25345
v  0.49962 2.15023 0.25445
v  0.49871 2.14880 0.25445
v  0.49967 0.40019 0.25367
v  0.49864 0.40147 0.25445
v  0.49922 0.40017 0.25445
v  0.49967 0.40019 0.25367
v  0.50003 0.39942 0.25445
v  0.50124 0.39920 0.25445
v  0.50129 0.39999 0.25324
v  0.50124 2.15080 0.25445
v  0.50392 2.14553 0.25380
v  0.50424 2.14520 0.25445
v  0.50424 2.14520 0.25445
v  0.50392 2.14553 0.25380
v  0.50392 0.40447 0.25380
v  0.50424 0.40480 0.25445
v  0.49944 2.14815 0.25324
v  0.49944 0.40185 0.25324
v  0.50130 2.15001 0.25324
v  0.50345 2.14599 0.25324
v  0.50345 2.14599 0.25324
v  0.50345 0.40401 0.25324
v  0.50070 2.14830 0.25255
v  0.50038 0.40191 0.25261
v  0.50287 2.14658 0.25282
v  0.50345 2.14599 0.25324
v  0.50345 2.14599 0.25324
v  0.50287 2.14658 0.25282
v  0.50287 0.40342 0.25282
v  0.50345 0.40401 0.25324
v  0.50219 2.14726 0.25255
v  0.50219 2.14726 0.25255
v  0.50219 0.40274 0.25255
v  0.50144 2.14800 0.25245
v  0.50144 2.14800 0.25245
v  0.45344 0.35400 0.25445
v  0.50124 0.39920 0.25445
v  0.50003 0.39942 0.25445
v  0.49922 0.40017 0.25445
v  0.49864 0.40147 0.25445
v  0.45344 2.19600 0.25445
v  0.49871 2.14880 0.25445
v  0.49962 2.15023 0.25445
v  0.50124 2.15080 0.25445
v  0.45344 2.19600 0.23745
v  0.45344 0.35400 0.23745
v  0.50424 0.40480 0.25445
v  0.50392 0.40447 0.25380
v  0.50345 0.40401 0.25324
v  0.50345 0.40401 0.25324
v  0.50287 0.40342 0.25282
v  0.50219 0.40274 0.25255
v  0.50424 2.14520 0.25445
v  0.50424 0.40480 0.25445
v  0.65144 0.35200 0.23945
v  0.65144 0.35200 0.25245
v  0.45344 0.35200 0.25245
v  0.45344 0.35200 0.23945
v  0.45144 0.35400 0.23945
v  0.45144 0.35400 0.25245
v  0.45144 2.19600 0.25245
v  0.45144 2.19600 0.23945
v  0.45344 2.19800 0.23945
v  0.45344 2.19800 0.25245
v  0.65144 2.19800 0.25245
v  0.65144 2.19800 0.23945
v  0.89544 2.19800 0.25245
v  0.89544 2.19800 0.23945
v  0.89744 2.19600 0.23945
v  0.89744 2.19600 0.25245
v  0.89744 0.35400 0.25245
v  0.89744 0.35400 0.23945
v  0.89544 0.35200 0.23945
v  0.89544 0.35200 0.25245
v  0.89544 0.35400 0.25445
v  0.89655 0.35301 0.25381
v  0.89632 0.35400 0.25432
v  0.89744 0.35400 0.23945
v  0.89672 0.35289 0.23841
v  0.89732 0.35400 0.23857
v  0.45344 2.19800 0.25245
v  0.45244 2.19736 0.25356
v  0.45344 2.19788 0.25333
v  0.45344 0.35400 0.25445
v  0.45240 0.35295 0.25381
v  0.45344 0.35313 0.25432
v  0.45344 0.35200 0.23945
v  0.45231 0.35264 0.23849
v  0.45344 0.35212 0.23857
v  0.89544 2.19688 0.25433
v  0.65101 2.19688 0.25433
v  0.65144 2.19600 0.25445
v  0.89544 2.19600 0.25445
v  0.89632 2.19600 0.25433
v  0.89544 2.19600 0.25445
v  0.89632 2.19600 0.23758
v  0.89632 0.35400 0.23757
v  0.89544 0.35400 0.23745
v  0.89544 2.19600 0.23745
v  0.65144 0.35313 0.25432
v  0.89544 0.35313 0.25432
v  0.89544 0.35400 0.25445
v  0.65144 0.35400 0.25445
v  0.65144 0.35400 0.23745
v  0.89544 0.35400 0.23745
v  0.89544 0.35313 0.23757
v  0.45344 2.19688 0.25433
v  0.45344 2.19600 0.25445
v  0.45257 2.19600 0.25433
v  0.45257 0.35400 0.25432
v  0.45344 0.35400 0.25445
v  0.45344 2.19600 0.25445
v  0.45216 0.35247 0.25245
v  0.45191 0.35272 0.23945
v  0.45344 0.35200 0.23945
v  0.45344 0.35200 0.25245
v  0.45192 2.19728 0.25250
v  0.45189 2.19732 0.23942
v  0.45144 2.19600 0.23945
v  0.45144 2.19600 0.25245
v  0.89671 2.19753 0.25255
v  0.89698 2.19727 0.23935
v  0.89544 2.19800 0.23945
v  0.89544 2.19800 0.25245
v  0.89698 0.35272 0.25245
v  0.89672 0.35247 0.23945
v  0.89744 0.35400 0.23945
v  0.89744 0.35400 0.25245
v  0.89544 2.19800 0.25245
v  0.89544 2.19788 0.25333
v  0.89636 2.19736 0.25362
v  0.89636 2.19736 0.25362
v  0.89544 2.19788 0.25333
v  0.89544 2.19750 0.25395
v  0.89636 2.19736 0.25362
v  0.89544 2.19750 0.25395
v  0.89544 2.19688 0.25433
v  0.89544 2.19600 0.25445
v  0.89632 2.19600 0.25433
v  0.89636 2.19736 0.25362
v  0.89544 2.19688 0.25433
v  0.89632 2.19600 0.25433
v  0.89694 2.19600 0.25395
v  0.89636 2.19736 0.25362
v  0.89544 2.19800 0.25245
v  0.89636 2.19736 0.25362
v  0.89671 2.19753 0.25255
v  0.89636 2.19736 0.25362
v  0.89694 2.19600 0.25395
v  0.89732 2.19600 0.25333
v  0.89636 2.19736 0.25362
v  0.89732 2.19600 0.25333
v  0.89744 2.19600 0.25245
v  0.89671 2.19753 0.25255
v  0.89694 2.19600 0.23795
v  0.89663 2.19708 0.23816
v  0.89732 2.19631 0.23858
v  0.89663 2.19708 0.23816
v  0.89694 2.19600 0.23795
v  0.89632 2.19600 0.23758
v  0.89544 2.19600 0.23745
v  0.89544 2.19688 0.23757
v  0.89663 2.19708 0.23816
v  0.89632 2.19600 0.23758
v  0.89744 2.19600 0.23945
v  0.89732 2.19631 0.23858
v  0.89698 2.19727 0.23935
v  0.89698 2.19727 0.23935
v  0.89732 2.19631 0.23858
v  0.89663 2.19708 0.23816
v  0.89544 2.19688 0.23757
v  0.89544 2.19750 0.23795
v  0.89663 2.19708 0.23816
v  0.89663 2.19708 0.23816
v  0.89544 2.19750 0.23795
v  0.89544 2.19788 0.23857
v  0.89663 2.19708 0.23816
v  0.89544 2.19788 0.23857
v  0.89544 2.19800 0.23945
v  0.89698 2.19727 0.23935
v  0.89655 0.35301 0.25381
v  0.89655 0.35301 0.25381
v  0.89544 0.35313 0.25432
v  0.89544 0.35250 0.25395
v  0.89655 0.35301 0.25381
v  0.89544 0.35250 0.25395
v  0.89544 0.35212 0.25332
v  0.89544 0.35200 0.25245
v  0.89698 0.35272 0.25245
v  0.89655 0.35301 0.25381
v  0.89544 0.35212 0.25332
v  0.89694 0.35400 0.25395
v  0.89632 0.35400 0.25432
v  0.89655 0.35301 0.25381
v  0.89732 0.35400 0.25333
v  0.89694 0.35400 0.25395
v  0.89655 0.35301 0.25381
v  0.89655 0.35301 0.25381
v  0.89698 0.35272 0.25245
v  0.89744 0.35400 0.25245
v  0.89732 0.35400 0.25333
v  0.89672 0.35289 0.23841
v  0.89544 0.35200 0.23945
v  0.89544 0.35212 0.23857
v  0.89672 0.35289 0.23841
v  0.89672 0.35247 0.23945
v  0.89544 0.35212 0.23857
v  0.89544 0.35250 0.23795
v  0.89672 0.35289 0.23841
v  0.89672 0.35289 0.23841
v  0.89544 0.35250 0.23795
v  0.89544 0.35313 0.23757
v  0.89694 0.35400 0.23795
v  0.89732 0.35400 0.23857
v  0.89672 0.35289 0.23841
v  0.89632 0.35400 0.23757
v  0.89694 0.35400 0.23795
v  0.89672 0.35289 0.23841
v  0.89672 0.35289 0.23841
v  0.89544 0.35313 0.23757
v  0.89544 0.35400 0.23745
v  0.89632 0.35400 0.23757
v  0.45144 2.19600 0.25245
v  0.45157 2.19600 0.25333
v  0.45244 2.19736 0.25356
v  0.45192 2.19728 0.25250
v  0.45344 2.19800 0.25245
v  0.45192 2.19728 0.25250
v  0.45244 2.19736 0.25356
v  0.45157 2.19600 0.25333
v  0.45194 2.19600 0.25395
v  0.45244 2.19736 0.25356
v  0.45244 2.19736 0.25356
v  0.45194 2.19600 0.25395
v  0.45257 2.19600 0.25433
v  0.45344 2.19750 0.25395
v  0.45344 2.19788 0.25333
v  0.45244 2.19736 0.25356
v  0.45344 2.19688 0.25433
v  0.45344 2.19750 0.25395
v  0.45244 2.19736 0.25356
v  0.45244 2.19736 0.25356
v  0.45257 2.19600 0.25433
v  0.45344 2.19600 0.25445
v  0.45344 2.19688 0.25433
v  0.45240 0.35295 0.25381
v  0.45240 0.35295 0.25381
v  0.45257 0.35400 0.25432
v  0.45194 0.35400 0.25395
v  0.45240 0.35295 0.25381
v  0.45194 0.35400 0.25395
v  0.45157 0.35400 0.25332
v  0.45144 0.35400 0.25245
v  0.45216 0.35247 0.25245
v  0.45240 0.35295 0.25381
v  0.45157 0.35400 0.25332
v  0.45344 0.35250 0.25395
v  0.45344 0.35313 0.25432
v  0.45240 0.35295 0.25381
v  0.45344 0.35212 0.25332
v  0.45344 0.35250 0.25395
v  0.45240 0.35295 0.25381
v  0.45240 0.35295 0.25381
v  0.45216 0.35247 0.25245
v  0.45344 0.35200 0.25245
v  0.45344 0.35212 0.25332
v  0.45231 0.35264 0.23849
v  0.45144 0.35400 0.23945
v  0.45157 0.35400 0.23857
v  0.45231 0.35264 0.23849
v  0.45191 0.35272 0.23945
v  0.45157 0.35400 0.23857
v  0.45194 0.35400 0.23795
v  0.45231 0.35264 0.23849
v  0.45231 0.35264 0.23849
v  0.45194 0.35400 0.23795
v  0.45257 0.35400 0.23757
v  0.45344 0.35313 0.23757
v  0.45344 0.35250 0.23795
v  0.45231 0.35264 0.23849
v  0.45144 2.19600 0.23945
v  0.45189 2.19732 0.23942
v  0.45245 2.19710 0.23809
v  0.45344 2.19788 0.23858
v  0.45344 2.19750 0.23795
v  0.45245 2.19710 0.23809
v  0.45245 2.19710 0.23809
v  0.45189 2.19732 0.23942
v  0.45344 2.19800 0.23945
v  0.45344 2.19788 0.23858
v  0.89544 2.19750 0.25395
v  0.65144 2.19750 0.25395
v  0.65101 2.19688 0.25433
v  0.89544 2.19688 0.25433
v  0.89544 2.19788 0.25333
v  0.65144 2.19788 0.25333
v  0.65144 2.19750 0.25395
v  0.89544 2.19750 0.25395
v  0.65144 2.19800 0.25245
v  0.65144 2.19788 0.25333
v  0.65144 2.19750 0.23795
v  0.89544 2.19750 0.23795
v  0.89544 2.19688 0.23757
v  0.65144 2.19800 0.23945
v  0.89544 2.19800 0.23945
v  0.89544 2.19788 0.23857
v  0.65144 2.19788 0.23858
v  0.89694 0.35400 0.25395
v  0.89694 2.19600 0.25395
v  0.89632 2.19600 0.25433
v  0.89632 0.35400 0.25432
v  0.89732 0.35400 0.25333
v  0.89732 2.19600 0.25333
v  0.89694 2.19600 0.25395
v  0.89694 0.35400 0.25395
v  0.89744 0.35400 0.25245
v  0.89744 2.19600 0.25245
v  0.89732 2.19600 0.25333
v  0.89732 0.35400 0.25333
v  0.89694 2.19600 0.23795
v  0.89694 0.35400 0.23795
v  0.89632 0.35400 0.23757
v  0.89632 2.19600 0.23758
v  0.89732 2.19631 0.23858
v  0.89732 0.35400 0.23857
v  0.89694 0.35400 0.23795
v  0.89694 2.19600 0.23795
v  0.89744 2.19600 0.23945
v  0.89732 2.19631 0.23858
v  0.65144 0.35250 0.25395
v  0.89544 0.35250 0.25395
v  0.89544 0.35313 0.25432
v  0.65144 0.35313 0.25432
v  0.65144 0.35212 0.25332
v  0.89544 0.35212 0.25332
v  0.89544 0.35250 0.25395
v  0.65144 0.35250 0.25395
v  0.65144 0.35200 0.25245
v  0.89544 0.35200 0.25245
v  0.89544 0.35212 0.25332
v  0.65144 0.35212 0.25332
v  0.89544 0.35212 0.23857
v  0.65144 0.35212 0.23857
v  0.65144 0.35250 0.23795
v  0.89544 0.35250 0.23795
v  0.89544 0.35200 0.23945
v  0.65144 0.35200 0.23945
v  0.65144 0.35212 0.23857
v  0.89544 0.35212 0.23857
v  0.45344 2.19750 0.25395
v  0.45344 2.19688 0.25433
v  0.45344 2.19788 0.25333
v  0.45344 2.19750 0.25395
v  0.45344 0.35250 0.25395
v  0.45344 0.35313 0.25432
v  0.45344 0.35212 0.25332
v  0.45344 0.35250 0.25395
v  0.45344 0.35200 0.25245
v  0.45344 0.35212 0.25332
v  0.45194 2.19600 0.25395
v  0.45194 0.35400 0.25395
v  0.45257 0.35400 0.25432
v  0.45257 2.19600 0.25433
v  0.45157 2.19600 0.25333
v  0.45157 0.35400 0.25332
v  0.45194 0.35400 0.25395
v  0.45194 2.19600 0.25395
v  0.45144 2.19600 0.25245
v  0.45144 0.35400 0.25245
v  0.45157 0.35400 0.25332
v  0.45157 2.19600 0.25333
v  0.45344 0.35212 0.23857
v  0.45344 0.35250 0.23795
v  0.45344 2.19800 0.23945
v  0.45344 2.19788 0.23858
v  0.45144 0.35400 0.23945
v  0.45144 2.19600 0.23945
v  0.45157 2.19600 0.23858
v  0.45157 0.35400 0.23857
v  0.45144 0.35400 0.25245
v  0.45144 0.35400 0.23945
v  0.45191 0.35272 0.23945
v  0.45216 0.35247 0.25245
v  0.45344 2.19800 0.25245
v  0.45344 2.19800 0.23945
v  0.45189 2.19732 0.23942
v  0.45192 2.19728 0.25250
v  0.89744 2.19600 0.25245
v  0.89744 2.19600 0.23945
v  0.89698 2.19727 0.23935
v  0.89671 2.19753 0.25255
v  0.89544 0.35200 0.25245
v  0.89544 0.35200 0.23945
v  0.89672 0.35247 0.23945
v  0.89698 0.35272 0.25245
v  -0.05016 2.14963 0.25445
v  -0.05073 2.15023 0.25445
v  -0.05118 2.14979 0.25352
v  -0.05060 2.14861 0.25324
v  -0.05008 2.14818 0.25380
v  -0.05055 0.40185 0.25324
v  -0.04988 0.40092 0.25445
v  -0.05056 0.40081 0.25353
v  -0.05033 0.40017 0.25445
v  -0.05136 0.39976 0.25380
v  -0.05176 0.39927 0.25445
v  -0.05236 0.39920 0.25445
v  -0.24856 0.39920 0.25445
v  -0.05118 2.14979 0.25352
v  -0.05236 2.15080 0.25445
v  -0.24856 2.14520 0.25445
v  -0.05536 2.14520 0.25445
v  -0.05503 2.14553 0.25380
v  -0.05503 0.40447 0.25380
v  -0.05503 2.14553 0.25380
v  -0.05536 2.14520 0.25445
v  -0.05536 0.40480 0.25445
v  -0.05158 0.39999 0.25324
v  -0.24856 0.39999 0.25324
v  -0.05240 2.14981 0.25344
v  -0.05456 2.14599 0.25324
v  -0.24856 2.14599 0.25324
v  -0.05456 0.40401 0.25324
v  -0.05456 2.14599 0.25324
v  -0.05134 2.14843 0.25268
v  -0.05147 0.40188 0.25262
v  -0.05136 0.39976 0.25380
v  -0.05196 0.40089 0.25264
v  -0.39856 0.40200 0.25245
v  -0.05398 2.14658 0.25282
v  -0.39856 2.14800 0.25245
v  -0.05456 2.14599 0.25324
v  -0.05398 0.40342 0.25282
v  -0.05398 2.14658 0.25282
v  -0.05456 2.14599 0.25324
v  -0.05456 0.40401 0.25324
v  -0.05330 2.14726 0.25255
v  -0.05330 0.40274 0.25255
v  -0.05330 2.14726 0.25255
v  -0.05256 2.14800 0.25245
v  -0.05256 0.40200 0.25245
v  -0.05256 2.14800 0.25245
v  -0.00456 2.19600 0.25445
v  -0.24856 2.19600 0.25445
v  -0.24856 2.15080 0.25445
v  -0.05236 2.15080 0.25445
v  -0.05073 2.15023 0.25445
v  -0.05016 2.14963 0.25445
v  -0.05236 0.39920 0.25445
v  -0.24856 0.39920 0.25445
v  -0.24856 0.35400 0.25445
v  -0.05176 0.39927 0.25445
v  -0.00456 0.35400 0.25445
v  -0.05033 0.40017 0.25445
v  -0.04988 0.40092 0.25445
v  -0.24856 0.35400 0.23745
v  -0.24856 2.19600 0.23745
v  -0.00456 2.19600 0.23745
v  -0.00456 0.35400 0.23745
v  -0.05503 0.40447 0.25380
v  -0.05536 0.40480 0.25445
v  -0.24856 0.40480 0.25445
v  -0.24856 2.15080 0.25445
v  -0.24856 2.15001 0.25324
v  -0.05456 0.40401 0.25324
v  -0.24856 0.40401 0.25324
v  -0.05398 0.40342 0.25282
v  -0.05456 0.40401 0.25324
v  -0.39856 0.40200 0.25245
v  -0.05330 0.40274 0.25255
v  -0.39856 2.14800 0.25245
v  -0.05256 0.40200 0.25245
v  -0.05536 0.40480 0.25445
v  -0.05536 2.14520 0.25445
v  -0.24856 2.14520 0.25445
v  -0.24856 0.40480 0.25445
v  -0.40014 2.14963 0.25353
v  -0.40038 2.15023 0.25445
v  -0.40095 2.14963 0.25445
v  -0.40136 2.14852 0.25445
v  -0.40014 0.40041 0.25353
v  -0.40124 0.40096 0.25445
v  -0.40078 0.40017 0.25445
v  -0.39999 0.39943 0.25445
v  -0.39876 0.39920 0.25445
v  -0.39876 2.15080 0.25445
v  -0.40038 2.15023 0.25445
v  -0.39608 2.14553 0.25380
v  -0.39576 2.14520 0.25445
v  -0.39576 2.14520 0.25445
v  -0.39608 2.14553 0.25380
v  -0.39608 0.40447 0.25380
v  -0.39576 0.40480 0.25445
v  -0.40056 2.14815 0.25324
v  -0.40056 0.40185 0.25324
v  -0.39871 0.39999 0.25324
v  -0.39883 2.15001 0.25324
v  -0.39655 2.14599 0.25324
v  -0.39655 2.14599 0.25324
v  -0.39655 0.40401 0.25324
v  -0.39930 2.14848 0.25255
v  -0.39864 2.14874 0.25255
v  -0.39927 0.40167 0.25255
v  -0.39713 2.14658 0.25282
v  -0.39655 2.14599 0.25324
v  -0.39655 2.14599 0.25324
v  -0.39713 2.14658 0.25282
v  -0.39713 0.40342 0.25282
v  -0.39655 0.40401 0.25324
v  -0.39781 2.14726 0.25255
v  -0.39781 2.14726 0.25255
v  -0.39781 0.40274 0.25255
v  -0.44656 0.35400 0.25445
v  -0.39876 0.39920 0.25445
v  -0.39999 0.39943 0.25445
v  -0.40078 0.40017 0.25445
v  -0.40124 0.40096 0.25445
v  -0.44656 2.19600 0.25445
v  -0.40136 2.14852 0.25445
v  -0.40095 2.14963 0.25445
v  -0.40038 2.15023 0.25445
v  -0.39876 2.15080 0.25445
v  -0.44656 0.35400 0.23745
v  -0.44656 2.19600 0.23745
v  -0.39576 0.40480 0.25445
v  -0.39608 0.40447 0.25380
v  -0.39655 0.40401 0.25324
v  -0.39655 0.40401 0.25324
v  -0.39713 0.40342 0.25282
v  -0.39781 0.40274 0.25255
v  -0.39576 2.14520 0.25445
v  -0.39576 0.40480 0.25445
v  -0.24856 0.35200 0.23945
v  -0.24856 0.35200 0.25245
v  -0.44656 0.35200 0.25245
v  -0.44656 0.35200 0.23945
v  -0.44856 0.35400 0.23945
v  -0.44856 0.35400 0.25245
v  -0.44856 2.19600 0.25245
v  -0.44856 2.19600 0.23945
v  -0.44656 2.19800 0.23945
v  -0.44656 2.19800 0.25245
v  -0.24856 2.19800 0.25245
v  -0.24856 2.19800 0.23945
v  -0.00456 2.19800 0.25245
v  -0.00456 2.19800 0.23945
v  -0.00256 2.19600 0.23945
v  -0.00256 2.19600 0.25245
v  -0.00256 0.35400 0.25245
v  -0.00256 0.35400 0.23945
v  -0.00456 0.35200 0.23945
v  -0.00456 0.35200 0.25245
v  -0.00456 2.19800 0.25245
v  -0.00347 2.19728 0.25352
v  -0.00328 2.19753 0.25245
v  -0.00456 0.35400 0.25445
v  -0.00339 0.35302 0.25373
v  -0.00368 0.35400 0.25432
v  -0.00256 0.35400 0.23945
v  -0.00320 0.35304 0.23832
v  -0.00268 0.35400 0.23857
v  -0.44656 2.19800 0.25245
v  -0.44767 2.19736 0.25342
v  -0.44656 2.19788 0.25333
v  -0.44656 0.35400 0.25445
v  -0.44759 0.35289 0.25373
v  -0.44656 0.35313 0.25432
v  -0.44656 0.35200 0.23945
v  -0.44759 0.35264 0.23838
v  -0.44656 0.35212 0.23857
v  -0.00456 2.19688 0.25433
v  -0.24856 2.19688 0.25433
v  -0.24856 2.19600 0.25445
v  -0.00456 2.19600 0.25445
v  -0.00368 2.19600 0.25433
v  -0.00456 2.19600 0.25445
v  -0.24856 0.35313 0.25432
v  -0.00456 0.35313 0.25432
v  -0.00456 0.35400 0.25445
v  -0.24856 0.35400 0.25445
v  -0.44656 2.19688 0.25433
v  -0.44656 2.19600 0.25445
v  -0.44743 2.19600 0.25433
v  -0.44743 0.35400 0.25432
v  -0.44656 0.35400 0.25445
v  -0.44656 2.19600 0.25445
v  -0.44784 0.35247 0.25245
v  -0.44809 0.35272 0.23945
v  -0.44656 0.35200 0.23945
v  -0.44656 0.35200 0.25245
v  -0.44809 2.19728 0.25245
v  -0.44809 2.19728 0.23945
v  -0.44856 2.19600 0.23945
v  -0.44856 2.19600 0.25245
v  -0.00303 2.19727 0.23935
v  -0.00456 2.19800 0.23945
v  -0.00303 0.35272 0.25245
v  -0.00328 0.35247 0.23945
v  -0.00256 0.35400 0.23945
v  -0.00256 0.35400 0.25245
v  -0.00456 2.19800 0.25245
v  -0.00456 2.19788 0.25333
v  -0.00347 2.19728 0.25352
v  -0.00347 2.19728 0.25352
v  -0.00456 2.19788 0.25333
v  -0.00456 2.19750 0.25395
v  -0.00347 2.19728 0.25352
v  -0.00456 2.19750 0.25395
v  -0.00456 2.19688 0.25433
v  -0.00456 2.19600 0.25445
v  -0.00368 2.19600 0.25433
v  -0.00347 2.19728 0.25352
v  -0.00456 2.19688 0.25433
v  -0.00368 2.19600 0.25433
v  -0.00306 2.19600 0.25395
v  -0.00347 2.19728 0.25352
v  -0.00347 2.19728 0.25352
v  -0.00306 2.19600 0.25395
v  -0.00268 2.19600 0.25333
v  -0.00347 2.19728 0.25352
v  -0.00268 2.19600 0.25333
v  -0.00256 2.19600 0.25245
v  -0.00328 2.19753 0.25245
v  -0.00306 2.19600 0.23795
v  -0.00337 2.19708 0.23816
v  -0.00268 2.19600 0.23858
v  -0.00256 2.19600 0.23945
v  -0.00268 2.19600 0.23858
v  -0.00303 2.19727 0.23935
v  -0.00303 2.19727 0.23935
v  -0.00268 2.19600 0.23858
v  -0.00337 2.19708 0.23816
v  -0.00456 2.19800 0.23945
v  -0.00303 2.19727 0.23935
v  -0.00337 2.19708 0.23816
v  -0.00339 0.35302 0.25373
v  -0.00339 0.35302 0.25373
v  -0.00456 0.35313 0.25432
v  -0.00456 0.35250 0.25395
v  -0.00339 0.35302 0.25373
v  -0.00456 0.35250 0.25395
v  -0.00456 0.35212 0.25332
v  -0.00456 0.35200 0.25245
v  -0.00303 0.35272 0.25245
v  -0.00339 0.35302 0.25373
v  -0.00456 0.35212 0.25332
v  -0.00306 0.35400 0.25395
v  -0.00368 0.35400 0.25432
v  -0.00339 0.35302 0.25373
v  -0.00268 0.35400 0.25332
v  -0.00306 0.35400 0.25395
v  -0.00339 0.35302 0.25373
v  -0.00339 0.35302 0.25373
v  -0.00303 0.35272 0.25245
v  -0.00256 0.35400 0.25245
v  -0.00268 0.35400 0.25332
v  -0.00320 0.35304 0.23832
v  -0.00456 0.35200 0.23945
v  -0.00456 0.35212 0.23858
v  -0.00320 0.35304 0.23832
v  -0.00328 0.35247 0.23945
v  -0.00456 0.35212 0.23858
v  -0.00456 0.35250 0.23795
v  -0.00320 0.35304 0.23832
v  -0.00306 0.35400 0.23795
v  -0.00268 0.35400 0.23857
v  -0.00320 0.35304 0.23832
v  -0.44656 2.19800 0.25245
v  -0.44809 2.19728 0.25245
v  -0.44767 2.19736 0.25342
v  -0.44856 2.19600 0.25245
v  -0.44843 2.19600 0.25333
v  -0.44767 2.19736 0.25342
v  -0.44809 2.19728 0.25245
v  -0.44843 2.19600 0.25333
v  -0.44806 2.19600 0.25395
v  -0.44767 2.19736 0.25342
v  -0.44767 2.19736 0.25342
v  -0.44806 2.19600 0.25395
v  -0.44743 2.19600 0.25433
v  -0.44656 2.19750 0.25395
v  -0.44656 2.19788 0.25333
v  -0.44767 2.19736 0.25342
v  -0.44656 2.19688 0.25433
v  -0.44656 2.19750 0.25395
v  -0.44767 2.19736 0.25342
v  -0.44767 2.19736 0.25342
v  -0.44743 2.19600 0.25433
v  -0.44656 2.19600 0.25445
v  -0.44656 2.19688 0.25433
v  -0.44759 0.35289 0.25373
v  -0.44759 0.35289 0.25373
v  -0.44743 0.35400 0.25432
v  -0.44806 0.35400 0.25395
v  -0.44759 0.35289 0.25373
v  -0.44806 0.35400 0.25395
v  -0.44843 0.35400 0.25332
v  -0.44856 0.35400 0.25245
v  -0.44784 0.35247 0.25245
v  -0.44759 0.35289 0.25373
v  -0.44843 0.35400 0.25332
v  -0.44655 0.35250 0.25395
v  -0.44656 0.35313 0.25432
v  -0.44759 0.35289 0.25373
v  -0.44656 0.35212 0.25332
v  -0.44655 0.35250 0.25395
v  -0.44759 0.35289 0.25373
v  -0.44759 0.35289 0.25373
v  -0.44784 0.35247 0.25245
v  -0.44656 0.35200 0.25245
v  -0.44656 0.35212 0.25332
v  -0.44759 0.35264 0.23838
v  -0.44856 0.35400 0.23945
v  -0.44843 0.35400 0.23857
v  -0.44759 0.35264 0.23838
v  -0.44809 0.35272 0.23945
v  -0.44843 0.35400 0.23857
v  -0.44806 0.35400 0.23795
v  -0.44759 0.35264 0.23838
v  -0.44759 0.35264 0.23838
v  -0.44806 0.35400 0.23795
v  -0.44743 0.35400 0.23757
v  -0.44656 0.35250 0.23795
v  -0.44656 0.35212 0.23857
v  -0.44759 0.35264 0.23838
v  -0.44656 0.35313 0.23757
v  -0.44656 0.35250 0.23795
v  -0.44759 0.35264 0.23838
v  -0.44856 2.19600 0.23945
v  -0.44809 2.19728 0.23945
v  -0.44759 2.19709 0.23809
v  -0.44656 2.19788 0.23858
v  -0.44656 2.19750 0.23795
v  -0.44759 2.19709 0.23809
v  -0.44759 2.19709 0.23809
v  -0.44809 2.19728 0.23945
v  -0.44656 2.19800 0.23945
v  -0.44656 2.19788 0.23858
v  -0.00456 2.19750 0.25395
v  -0.24856 2.19750 0.25395
v  -0.24856 2.19688 0.25433
v  -0.00456 2.19688 0.25433
v  -0.00456 2.19788 0.25333
v  -0.24856 2.19788 0.25333
v  -0.24856 2.19750 0.25395
v  -0.00456 2.19750 0.25395
v  -0.24856 2.19800 0.25245
v  -0.24856 2.19788 0.25333
v  -0.24856 2.19800 0.23945
v  -0.00456 2.19800 0.23945
v  -0.00456 2.19788 0.23857
v  -0.24856 2.19788 0.23858
v  -0.00306 0.35400 0.25395
v  -0.00306 2.19600 0.25395
v  -0.00368 2.19600 0.25433
v  -0.00368 0.35400 0.25432
v  -0.00268 0.35400 0.25332
v  -0.00268 2.19600 0.25333
v  -0.00306 2.19600 0.25395
v  -0.00306 0.35400 0.25395
v  -0.00256 0.35400 0.25245
v  -0.00256 2.19600 0.25245
v  -0.00268 2.19600 0.25333
v  -0.00268 0.35400 0.25332
v  -0.00268 2.19600 0.23858
v  -0.00268 0.35400 0.23857
v  -0.00306 0.35400 0.23795
v  -0.00256 2.19600 0.23945
v  -0.00268 2.19600 0.23858
v  -0.24856 0.35250 0.25395
v  -0.00456 0.35250 0.25395
v  -0.00456 0.35313 0.25432
v  -0.24856 0.35313 0.25432
v  -0.24856 0.35212 0.25332
v  -0.00456 0.35212 0.25332
v  -0.00456 0.35250 0.25395
v  -0.24856 0.35250 0.25395
v  -0.24856 0.35200 0.25245
v  -0.00456 0.35200 0.25245
v  -0.00456 0.35212 0.25332
v  -0.24856 0.35212 0.25332
v  -0.00456 0.35212 0.23858
v  -0.24856 0.35212 0.23857
v  -0.24856 0.35250 0.23795
v  -0.00456 0.35200 0.23945
v  -0.24856 0.35200 0.23945
v  -0.24856 0.35212 0.23857
v  -0.00456 0.35212 0.23858
v  -0.44656 2.19750 0.25395
v  -0.44656 2.19688 0.25433
v  -0.44656 2.19788 0.25333
v  -0.44656 2.19750 0.25395
v  -0.44655 0.35250 0.25395
v  -0.44656 0.35313 0.25432
v  -0.44656 0.35212 0.25332
v  -0.44655 0.35250 0.25395
v  -0.44656 0.35200 0.25245
v  -0.44656 0.35212 0.25332
v  -0.44806 2.19600 0.25395
v  -0.44806 0.35400 0.25395
v  -0.44743 0.35400 0.25432
v  -0.44743 2.19600 0.25433
v  -0.44843 2.19600 0.25333
v  -0.44843 0.35400 0.25332
v  -0.44806 0.35400 0.25395
v  -0.44806 2.19600 0.25395
v  -0.44856 2.19600 0.25245
v  -0.44856 0.35400 0.25245
v  -0.44843 0.35400 0.25332
v  -0.44843 2.19600 0.25333
v  -0.44656 0.35212 0.23857
v  -0.44656 0.35250 0.23795
v  -0.44656 2.19800 0.23945
v  -0.44656 2.19788 0.23858
v  -0.44843 0.35400 0.23857
v  -0.44843 2.19600 0.23858
v  -0.44806 2.19600 0.23795
v  -0.44856 0.35400 0.23945
v  -0.44856 2.19600 0.23945
v  -0.44843 2.19600 0.23858
v  -0.44843 0.35400 0.23857
v  -0.44856 0.35400 0.25245
v  -0.44856 0.35400 0.23945
v  -0.44809 0.35272 0.23945
v  -0.44784 0.35247 0.25245
v  -0.44656 2.19800 0.23945
v  -0.44809 2.19728 0.23945
v  -0.00256 2.19600 0.25245
v  -0.00256 2.19600 0.23945
v  -0.00303 2.19727 0.23935
v  -0.00328 2.19753 0.25245
v  -0.00456 0.35200 0.25245
v  -0.00456 0.35200 0.23945
v  -0.00328 0.35247 0.23945
v  -0.00303 0.35272 0.25245
v  0.40018 2.14880 0.25445
v  0.39906 2.15050 0.25445
v  0.39925 2.14939 0.25352
v  0.39945 2.14815 0.25324
v  0.39945 0.40185 0.25324
v  0.40011 0.40093 0.25445
v  0.39922 0.40019 0.25369
v  0.39967 0.40017 0.25445
v  0.39798 0.39920 0.25445
v  0.39764 2.15080 0.25445
v  0.20144 2.14520 0.25445
v  0.39464 2.14520 0.25445
v  0.39497 2.14553 0.25380
v  0.39497 0.40447 0.25380
v  0.39497 2.14553 0.25380
v  0.39464 2.14520 0.25445
v  0.39464 0.40480 0.25445
v  0.39760 0.39999 0.25324
v  0.20144 0.39999 0.25324
v  0.20144 0.39920 0.25445
v  0.39760 2.15001 0.25324
v  0.39544 2.14599 0.25324
v  0.20144 2.14599 0.25324
v  0.39544 0.40401 0.25324
v  0.39544 2.14599 0.25324
v  0.20144 0.40200 0.25245
v  0.39602 2.14658 0.25282
v  0.20144 2.14800 0.25245
v  0.39544 2.14599 0.25324
v  0.39602 0.40342 0.25282
v  0.39602 2.14658 0.25282
v  0.39544 2.14599 0.25324
v  0.39544 0.40401 0.25324
v  0.39744 2.14800 0.25245
v  0.39744 0.40200 0.25245
v  0.39922 0.40019 0.25369
v  0.39670 2.14726 0.25255
v  0.39670 0.40274 0.25255
v  0.39670 2.14726 0.25255
v  0.39744 2.14800 0.25245
v  0.44544 2.19600 0.25445
v  0.20144 2.19600 0.25445
v  0.20144 2.15080 0.25445
v  0.39764 2.15080 0.25445
v  0.39906 2.15050 0.25445
v  0.40018 2.14880 0.25445
v  0.39798 0.39920 0.25445
v  0.20144 0.39920 0.25445
v  0.20188 0.35400 0.25445
v  0.44544 0.35400 0.25445
v  0.39967 0.40017 0.25445
v  0.40011 0.40093 0.25445
v  0.44544 2.19600 0.23745
v  0.44544 0.35400 0.23745
v  0.20144 0.35400 0.23745
v  0.39497 0.40447 0.25380
v  0.39464 0.40480 0.25445
v  0.20144 0.40480 0.25445
v  0.20144 2.15080 0.25445
v  0.20144 2.15001 0.25324
v  0.39544 0.40401 0.25324
v  0.20144 0.40401 0.25324
v  0.20144 2.14800 0.25245
v  0.39602 0.40342 0.25282
v  0.39544 0.40401 0.25324
v  0.20144 0.40200 0.25245
v  0.39670 0.40274 0.25255
v  0.39744 0.40200 0.25245
v  0.39464 0.40480 0.25445
v  0.39464 2.14520 0.25445
v  0.20144 2.14520 0.25445
v  0.20144 0.40480 0.25445
v  0.04979 2.14955 0.25354
v  0.04962 2.15023 0.25445
v  0.04883 2.14924 0.25445
v  0.04869 2.14865 0.25445
v  0.04966 0.40029 0.25365
v  0.04922 0.40017 0.25445
v  0.05024 0.39936 0.25445
v  0.05124 0.39920 0.25445
v  0.05124 2.15080 0.25445
v  0.04979 2.14955 0.25354
v  0.05392 2.14553 0.25380
v  0.05424 2.14520 0.25445
v  0.05424 2.14520 0.25445
v  0.05392 2.14553 0.25380
v  0.05392 0.40447 0.25379
v  0.05424 0.40480 0.25445
v  0.04944 2.14815 0.25324
v  0.04944 0.40185 0.25324
v  0.05129 0.39999 0.25324
v  0.05129 2.15001 0.25324
v  0.05345 2.14599 0.25324
v  0.05345 2.14599 0.25324
v  0.05345 0.40401 0.25324
v  0.05030 2.14833 0.25265
v  0.05036 0.40185 0.25261
v  0.04966 0.40029 0.25365
v  0.05287 2.14658 0.25282
v  0.05345 2.14599 0.25324
v  0.05345 2.14599 0.25324
v  0.05287 2.14658 0.25282
v  0.05259 0.40308 0.25265
v  0.05345 0.40401 0.25324
v  0.05219 2.14726 0.25255
v  0.05219 2.14726 0.25255
v  0.05144 2.14800 0.25245
v  0.05144 0.40200 0.25245
v  0.05144 2.14800 0.25245
v  0.00344 0.35400 0.25445
v  0.05124 0.39920 0.25445
v  0.05024 0.39936 0.25445
v  0.04922 0.40017 0.25445
v  0.00344 2.19600 0.25445
v  0.04869 2.14865 0.25445
v  0.04883 2.14924 0.25445
v  0.04962 2.15023 0.25445
v  0.05124 2.15080 0.25445
v  0.00344 0.35400 0.23745
v  0.00344 2.19600 0.23745
v  0.05424 0.40480 0.25445
v  0.05392 0.40447 0.25379
v  0.05345 0.40401 0.25324
v  0.05345 0.40401 0.25324
v  0.05259 0.40308 0.25265
v  0.05144 0.40200 0.25245
v  0.05424 2.14520 0.25445
v  0.05424 0.40480 0.25445
v  0.20144 0.35200 0.23945
v  0.20144 0.35200 0.25245
v  0.00344 0.35200 0.25245
v  0.00344 0.35200 0.23945
v  0.00144 0.35400 0.23945
v  0.00144 0.35400 0.25245
v  0.00144 2.19600 0.25245
v  0.00144 2.19600 0.23945
v  0.00344 2.19800 0.23945
v  0.00344 2.19800 0.25245
v  0.20144 2.19800 0.25245
v  0.20144 2.19800 0.23945
v  0.44544 2.19800 0.25245
v  0.44544 2.19800 0.23945
v  0.44744 2.19600 0.23945
v  0.44744 2.19600 0.25245
v  0.44744 0.35400 0.25245
v  0.44744 0.35400 0.23945
v  0.44544 0.35200 0.23945
v  0.44544 0.35200 0.25245
v  0.44544 2.19800 0.25245
v  0.44651 2.19736 0.25349
v  0.44672 2.19753 0.25245
v  0.44544 0.35400 0.25445
v  0.44640 0.35315 0.25398
v  0.44632 0.35400 0.25432
v  0.44744 0.35400 0.23945
v  0.44672 0.35289 0.23841
v  0.44732 0.35400 0.23857
v  0.44544 2.19688 0.25433
v  0.20144 2.19688 0.25433
v  0.20144 2.19600 0.25445
v  0.44544 2.19600 0.25445
v  0.44632 2.19600 0.25433
v  0.44544 2.19600 0.25445
v  0.20144 0.35313 0.25432
v  0.44544 0.35313 0.25432
v  0.44544 0.35400 0.25445
v  0.20188 0.35400 0.25445
v  0.00344 2.19687 0.25433
v  0.00344 2.19600 0.25445
v  0.00307 0.35318 0.25433
v  0.00344 0.35400 0.25445
v  0.00257 2.19600 0.25433
v  0.00257 0.35400 0.25432
v  0.00344 0.35400 0.25445
v  0.00344 2.19600 0.25445
v  0.00216 0.35247 0.25245
v  0.00218 0.35247 0.23935
v  0.00344 0.35200 0.23945
v  0.00344 0.35200 0.25245
v  0.00191 2.19728 0.25245
v  0.00216 2.19753 0.23945
v  0.00144 2.19600 0.23945
v  0.00144 2.19600 0.25245
v  0.44672 2.19751 0.23932
v  0.44544 2.19800 0.23945
v  0.44697 0.35272 0.25245
v  0.44672 0.35247 0.23945
v  0.44744 0.35400 0.23945
v  0.44744 0.35400 0.25245
v  0.44544 2.19800 0.25245
v  0.44544 2.19788 0.25333
v  0.44651 2.19736 0.25349
v  0.44651 2.19736 0.25349
v  0.44544 2.19788 0.25333
v  0.44544 2.19750 0.25395
v  0.44651 2.19736 0.25349
v  0.44544 2.19750 0.25395
v  0.44544 2.19688 0.25433
v  0.44544 2.19600 0.25445
v  0.44632 2.19600 0.25433
v  0.44651 2.19736 0.25349
v  0.44544 2.19688 0.25433
v  0.44632 2.19600 0.25433
v  0.44694 2.19600 0.25395
v  0.44651 2.19736 0.25349
v  0.44651 2.19736 0.25349
v  0.44694 2.19600 0.25395
v  0.44732 2.19600 0.25333
v  0.44651 2.19736 0.25349
v  0.44732 2.19600 0.25333
v  0.44744 2.19600 0.25245
v  0.44672 2.19753 0.25245
v  0.44694 2.19600 0.23795
v  0.44648 2.19722 0.23814
v  0.44732 2.19600 0.23858
v  0.44744 2.19600 0.23945
v  0.44732 2.19600 0.23858
v  0.44672 2.19751 0.23932
v  0.44672 2.19751 0.23932
v  0.44732 2.19600 0.23858
v  0.44648 2.19722 0.23814
v  0.44640 0.35315 0.25398
v  0.44640 0.35315 0.25398
v  0.44544 0.35313 0.25432
v  0.44544 0.35250 0.25395
v  0.44640 0.35315 0.25398
v  0.44544 0.35250 0.25395
v  0.44544 0.35212 0.25332
v  0.44544 0.35200 0.25245
v  0.44697 0.35272 0.25245
v  0.44640 0.35315 0.25398
v  0.44544 0.35212 0.25332
v  0.44694 0.35400 0.25395
v  0.44632 0.35400 0.25432
v  0.44640 0.35315 0.25398
v  0.44732 0.35400 0.25332
v  0.44694 0.35400 0.25395
v  0.44640 0.35315 0.25398
v  0.44640 0.35315 0.25398
v  0.44697 0.35272 0.25245
v  0.44744 0.35400 0.25245
v  0.44732 0.35400 0.25332
v  0.44672 0.35289 0.23841
v  0.44544 0.35200 0.23945
v  0.44544 0.35212 0.23857
v  0.44672 0.35289 0.23841
v  0.44672 0.35247 0.23945
v  0.44544 0.35212 0.23857
v  0.44544 0.35250 0.23795
v  0.44672 0.35289 0.23841
v  0.44672 0.35289 0.23841
v  0.44544 0.35250 0.23795
v  0.44544 0.35313 0.23757
v  0.44694 0.35400 0.23795
v  0.44732 0.35400 0.23857
v  0.44672 0.35289 0.23841
v  0.44632 0.35400 0.23757
v  0.44694 0.35400 0.23795
v  0.44672 0.35289 0.23841
v  0.00344 2.19800 0.25245
v  0.00191 2.19728 0.25245
v  0.00233 2.19736 0.25342
v  0.00233 2.19736 0.25342
v  0.00191 2.19728 0.25245
v  0.00144 2.19600 0.25245
v  0.00157 2.19600 0.25333
v  0.00194 2.19600 0.25395
v  0.00233 2.19736 0.25342
v  0.00344 2.19800 0.25245
v  0.00233 2.19736 0.25342
v  0.00306 2.19788 0.25327
v  0.00233 2.19736 0.25342
v  0.00194 2.19600 0.25395
v  0.00257 2.19600 0.25433
v  0.00306 2.19788 0.25327
v  0.00233 2.19736 0.25342
v  0.00344 2.19750 0.25395
v  0.00344 2.19687 0.25433
v  0.00344 2.19750 0.25395
v  0.00233 2.19736 0.25342
v  0.00233 2.19736 0.25342
v  0.00257 2.19600 0.25433
v  0.00344 2.19600 0.25445
v  0.00344 2.19687 0.25433
v  0.00230 0.35289 0.25368
v  0.00230 0.35289 0.25368
v  0.00257 0.35400 0.25432
v  0.00194 0.35400 0.25395
v  0.00230 0.35289 0.25368
v  0.00194 0.35400 0.25395
v  0.00157 0.35400 0.25332
v  0.00144 0.35400 0.25245
v  0.00216 0.35247 0.25245
v  0.00230 0.35289 0.25368
v  0.00157 0.35400 0.25332
v  0.00344 0.35400 0.25445
v  0.00230 0.35289 0.25368
v  0.00307 0.35318 0.25433
v  0.00307 0.35318 0.25433
v  0.00230 0.35289 0.25368
v  0.00344 0.35250 0.25395
v  0.00344 0.35212 0.25332
v  0.00344 0.35250 0.25395
v  0.00230 0.35289 0.25368
v  0.00230 0.35289 0.25368
v  0.00216 0.35247 0.25245
v  0.00344 0.35200 0.25245
v  0.00344 0.35212 0.25332
v  0.00144 0.35400 0.23945
v  0.00157 0.35400 0.23857
v  0.00219 0.35278 0.23826
v  0.00218 0.35247 0.23935
v  0.00157 0.35400 0.23857
v  0.00194 0.35400 0.23795
v  0.00219 0.35278 0.23826
v  0.00344 0.35200 0.23945
v  0.00218 0.35247 0.23935
v  0.00306 0.35212 0.23863
v  0.00219 0.35278 0.23826
v  0.00306 0.35212 0.23863
v  0.00218 0.35247 0.23935
v  0.00306 0.35212 0.23863
v  0.00219 0.35278 0.23826
v  0.00344 0.35250 0.23795
v  0.00344 0.35313 0.23758
v  0.00344 0.35250 0.23795
v  0.00219 0.35278 0.23826
v  0.00232 2.19698 0.23809
v  0.00194 2.19600 0.23795
v  0.00157 2.19600 0.23858
v  0.00144 2.19600 0.23945
v  0.00216 2.19753 0.23945
v  0.00232 2.19698 0.23809
v  0.00157 2.19600 0.23858
v  0.00344 2.19788 0.23858
v  0.00344 2.19750 0.23795
v  0.00232 2.19698 0.23809
v  0.00232 2.19698 0.23809
v  0.00216 2.19753 0.23945
v  0.00344 2.19800 0.23945
v  0.00344 2.19788 0.23858
v  0.44544 2.19750 0.25395
v  0.20144 2.19750 0.25395
v  0.20144 2.19688 0.25433
v  0.44544 2.19688 0.25433
v  0.44544 2.19788 0.25333
v  0.20144 2.19788 0.25333
v  0.20144 2.19750 0.25395
v  0.44544 2.19750 0.25395
v  0.20144 2.19800 0.25245
v  0.20144 2.19788 0.25333
v  0.20144 2.19800 0.23945
v  0.44544 2.19800 0.23945
v  0.44544 2.19788 0.23857
v  0.20144 2.19788 0.23858
v  0.44694 0.35400 0.25395
v  0.44694 2.19600 0.25395
v  0.44632 2.19600 0.25433
v  0.44632 0.35400 0.25432
v  0.44732 0.35400 0.25332
v  0.44732 2.19600 0.25333
v  0.44694 2.19600 0.25395
v  0.44694 0.35400 0.25395
v  0.44744 0.35400 0.25245
v  0.44744 2.19600 0.25245
v  0.44732 2.19600 0.25333
v  0.44732 0.35400 0.25332
v  0.44744 2.19600 0.23945
v  0.44732 2.19600 0.23858
v  0.20144 0.35250 0.25395
v  0.44544 0.35250 0.25395
v  0.44544 0.35313 0.25432
v  0.20144 0.35313 0.25432
v  0.20144 0.35212 0.25332
v  0.44544 0.35212 0.25332
v  0.44544 0.35250 0.25395
v  0.20144 0.35250 0.25395
v  0.20144 0.35200 0.25245
v  0.44544 0.35200 0.25245
v  0.44544 0.35212 0.25332
v  0.20144 0.35212 0.25332
v  0.44544 0.35212 0.23857
v  0.20144 0.35212 0.23857
v  0.20144 0.35250 0.23795
v  0.44544 0.35200 0.23945
v  0.20144 0.35200 0.23945
v  0.20144 0.35212 0.23857
v  0.44544 0.35212 0.23857
v  0.00344 2.19750 0.25395
v  0.00344 2.19687 0.25433
v  0.00306 2.19788 0.25327
v  0.00344 2.19750 0.25395
v  0.00344 2.19800 0.25245
v  0.00306 2.19788 0.25327
v  0.00344 0.35250 0.25395
v  0.00307 0.35318 0.25433
v  0.00344 0.35212 0.25332
v  0.00344 0.35250 0.25395
v  0.00344 0.35200 0.25245
v  0.00344 0.35212 0.25332
v  0.00194 2.19600 0.25395
v  0.00194 0.35400 0.25395
v  0.00257 0.35400 0.25432
v  0.00257 2.19600 0.25433
v  0.00157 2.19600 0.25333
v  0.00157 0.35400 0.25332
v  0.00194 0.35400 0.25395
v  0.00194 2.19600 0.25395
v  0.00144 2.19600 0.25245
v  0.00144 0.35400 0.25245
v  0.00157 0.35400 0.25332
v  0.00157 2.19600 0.25333
v  0.20144 0.35250 0.23795
v  0.00344 0.35250 0.23795
v  0.00344 0.35313 0.23758
v  0.00306 0.35212 0.23863
v  0.00344 0.35250 0.23795
v  0.00344 0.35200 0.23945
v  0.00306 0.35212 0.23863
v  0.00344 2.19800 0.23945
v  0.00344 2.19788 0.23858
v  0.00144 0.35400 0.23945
v  0.00144 2.19600 0.23945
v  0.00157 2.19600 0.23858
v  0.00157 0.35400 0.23857
v  0.00144 0.35400 0.25245
v  0.00144 0.35400 0.23945
v  0.00218 0.35247 0.23935
v  0.00216 0.35247 0.25245
v  0.00344 2.19800 0.23945
v  0.00216 2.19753 0.23945
v  0.44744 2.19600 0.25245
v  0.44744 2.19600 0.23945
v  0.44672 2.19751 0.23932
v  0.44672 2.19753 0.25245
v  0.44544 0.35200 0.25245
v  0.44544 0.35200 0.23945
v  0.44672 0.35247 0.23945
v  0.44697 0.35272 0.25245
v  0.88300 0.64000 0.23045
v  0.45800 0.64000 0.23045
v  0.45800 0.64000 -0.30855
v  0.45800 0.65700 -0.30855
v  0.45800 0.65700 0.23045
v  0.88300 0.65700 0.23045
v  0.88300 0.64200 0.23245
v  0.88300 0.65500 0.23245
v  0.45800 0.65500 0.23245
v  0.45800 0.64200 0.23245
v  0.45800 0.64050 0.23195
v  0.88300 0.64050 0.23195
v  0.88300 0.64112 0.23233
v  0.45800 0.65650 0.23195
v  0.88300 0.65650 0.23195
v  0.88300 0.65687 0.23133
v  0.88300 0.93700 0.23045
v  0.45800 0.93700 0.23045
v  0.45800 0.93700 -0.30855
v  0.45800 0.95400 -0.30855
v  0.45800 0.95400 0.23045
v  0.88300 0.95400 0.23045
v  0.88300 0.93900 0.23245
v  0.88300 0.95200 0.23245
v  0.45800 0.95200 0.23245
v  0.45800 0.93900 0.23245
v  0.45800 0.95388 0.23133
v  0.88300 0.95388 0.23133
v  0.88300 0.95400 0.23045
v  0.88300 1.23400 0.23045
v  0.45800 1.23400 0.23045
v  0.45800 1.23400 -0.30855
v  0.45800 1.25100 -0.30855
v  0.45800 1.25100 0.23045
v  0.88300 1.25100 0.23045
v  0.88300 1.25050 0.23195
v  0.45800 1.25050 0.23195
v  0.45800 1.24987 0.23233
v  0.88300 1.53100 0.23045
v  0.45800 1.53100 0.23045
v  0.45800 1.53100 -0.30855
v  0.45800 1.54800 -0.30855
v  0.45800 1.54800 0.23045
v  0.88300 1.54800 0.23045
v  0.88300 1.53300 0.23245
v  0.88300 1.54600 0.23245
v  0.45800 1.54600 0.23245
v  0.45800 1.53150 0.23195
v  0.88300 1.53150 0.23195
v  0.88300 1.53212 0.23233
v  0.88300 1.53300 0.23245
v  0.45800 1.53300 0.23245
v  0.45800 1.53212 0.23233
v  0.45800 1.54750 0.23195
v  0.88300 1.54750 0.23195
v  0.88300 1.54788 0.23133
v  -0.16900 0.08300 -0.24655
v  -0.16900 0.08300 0.13345
v  -0.16900 0.00200 0.13345
v  -0.16900 0.00200 -0.24655
v  -0.18500 0.00200 0.13345
v  -0.18500 0.08300 0.13345
v  -0.18500 0.08300 -0.24655
v  -0.18500 0.00200 -0.24655
v  -0.16900 0.00200 0.13345
v  -0.18500 0.00200 0.13345
v  -0.18500 0.00200 -0.24655
v  -0.16900 0.00200 -0.24655
v  0.18500 0.08300 -0.24655
v  0.18500 0.08300 0.13345
v  0.18500 0.00200 0.13345
v  0.18500 0.00200 -0.24655
v  0.16900 0.00200 0.13345
v  0.16900 0.08300 0.13345
v  0.16900 0.08300 -0.24655
v  0.16900 0.00200 -0.24655
v  0.18500 0.00200 0.13345
v  0.16900 0.00200 0.13345
v  0.16900 0.00200 -0.24655
v  0.18500 0.00200 -0.24655
v  0.53900 0.08300 -0.24655
v  0.53900 0.08300 0.13345
v  0.53900 0.00200 0.13345
v  0.53900 0.00200 -0.24655
v  0.52300 0.00200 0.13345
v  0.52300 0.08300 0.13345
v  0.52300 0.08300 -0.24655
v  0.52300 0.00200 -0.24655
v  0.53900 0.00200 0.13345
v  0.52300 0.00200 0.13345
v  0.52300 0.00200 -0.24655
v  0.53900 0.00200 -0.24655
v  0.87700 0.00200 0.13345
v  0.87700 0.08300 0.13345
v  0.87700 0.08300 -0.24655
v  0.87700 0.00200 -0.24655
v  0.89300 0.00200 0.13345
v  0.87700 0.00200 0.13345
v  0.87700 0.00200 -0.24655
v  -0.66781 0.22835 0.25500
v  -0.67085 0.23181 0.25487
v  -0.66754 0.23038 0.26280
v  -0.66148 0.23975 0.27454
v  -0.65501 0.22587 0.27454
v  -0.66396 0.23291 0.26977
v  -0.66784 0.22701 0.28984
v  -0.65932 0.22936 0.28335
v  -0.66639 0.24021 0.28158
v  -0.66148 0.23975 0.27454
v  -0.65501 0.22587 0.27454
v  -0.67364 0.23398 0.26287
v  -0.67299 0.23824 0.26977
v  -0.66832 0.24334 0.27431
v  -0.67531 0.23877 0.28612
v  -0.66832 0.24334 0.27431
v  -0.67535 0.23293 0.25500
v  -0.67587 0.24499 0.27454
v  -0.67587 0.24499 0.27454
v  -0.67946 0.23430 0.26708
v  -0.67947 0.23158 0.25499
v  -0.68688 0.24183 0.27469
v  -0.68506 0.23772 0.28316
v  -0.68234 0.23038 0.28872
v  -0.68688 0.24183 0.27469
v  -0.68367 0.23025 0.26716
v  -0.68246 0.22771 0.25500
v  -0.69381 0.23184 0.27454
v  -0.69013 0.23037 0.28276
v  -0.69381 0.23184 0.27454
v  -0.68539 0.22443 0.26737
v  -0.68256 0.22315 0.25500
v  -0.69495 0.22412 0.27461
v  -0.69068 0.22083 0.28315
v  -0.68279 0.22038 0.28868
v  -0.69495 0.22412 0.27461
v  -0.68231 0.21962 0.26287
v  -0.68578 0.21704 0.26978
v  -0.69314 0.21654 0.27454
v  -0.69314 0.21654 0.27454
v  -0.68036 0.21915 0.25500
v  -0.68852 0.21024 0.27454
v  -0.68587 0.21319 0.28280
v  -0.68852 0.21024 0.27454
v  -0.67847 0.21517 0.26741
v  -0.67771 0.21754 0.25500
v  -0.68185 0.20619 0.27454
v  -0.67711 0.20903 0.28333
v  -0.67197 0.21668 0.28901
v  -0.68185 0.20619 0.27454
v  -0.67215 0.21486 0.26748
v  -0.67268 0.21705 0.25501
v  -0.67413 0.20501 0.27454
v  -0.67413 0.20501 0.27454
v  -0.66654 0.20686 0.27454
v  -0.66834 0.21035 0.28276
v  -0.66654 0.20686 0.27454
v  -0.66663 0.22143 0.26246
v  -0.66915 0.21964 0.25500
v  -0.66206 0.21993 0.26953
v  -0.66027 0.21152 0.27461
v  -0.66076 0.21679 0.28280
v  -0.66027 0.21152 0.27461
v  -0.66686 0.22384 0.25504
v  -0.65619 0.21815 0.27454
v  -0.65619 0.21815 0.27454
v  -0.66663 0.22143 0.26246
v  -0.67535 0.23293 0.25500
v  -0.67085 0.23181 0.25487
v  -0.66781 0.22835 0.25500
v  -0.66686 0.22384 0.25504
v  -0.66915 0.21964 0.25500
v  -0.47077 1.15279 0.25494
v  -0.47320 1.15685 0.25500
v  -0.47269 1.15826 0.26255
v  -0.46508 1.16573 0.27461
v  -0.46042 1.15946 0.27454
v  -0.46764 1.15880 0.26985
v  -0.47298 1.15817 0.28869
v  -0.46260 1.15466 0.28297
v  -0.46750 1.16276 0.28267
v  -0.46508 1.16573 0.27461
v  -0.46042 1.15946 0.27454
v  -0.47584 1.15846 0.25500
v  -0.47269 1.15826 0.26255
v  -0.47889 1.16446 0.26938
v  -0.47622 1.16717 0.28286
v  -0.48073 1.15982 0.26287
v  -0.47890 1.15893 0.25500
v  -0.47943 1.17099 0.27454
v  -0.48228 1.15767 0.28962
v  -0.47943 1.17099 0.27454
v  -0.48331 1.15745 0.25497
v  -0.49000 1.16799 0.27474
v  -0.48855 1.16460 0.28274
v  -0.49000 1.16799 0.27474
v  -0.48623 1.15591 0.26282
v  -0.48998 1.15835 0.26990
v  -0.48601 1.15371 0.25500
v  -0.49736 1.15784 0.27454
v  -0.49457 1.15300 0.28331
v  -0.48742 1.15176 0.28858
v  -0.49736 1.15784 0.27454
v  -0.48746 1.14908 0.26282
v  -0.48651 1.14872 0.25501
v  -0.49181 1.14836 0.26986
v  -0.49850 1.15013 0.27461
v  -0.49850 1.15013 0.27461
v  -0.49669 1.14254 0.27454
v  -0.49301 1.14413 0.28286
v  -0.48296 1.14289 0.28886
v  -0.49669 1.14254 0.27454
v  -0.48205 1.14237 0.26258
v  -0.48392 1.14515 0.25500
v  -0.48732 1.14143 0.26976
v  -0.49208 1.13625 0.27454
v  -0.48664 1.13686 0.28290
v  -0.49208 1.13625 0.27454
v  -0.47973 1.14300 0.25499
v  -0.48055 1.13761 0.26994
v  -0.47768 1.13101 0.27454
v  -0.47420 1.13422 0.28196
v  -0.47768 1.13101 0.27454
v  -0.47406 1.14163 0.26734
v  -0.48205 1.14237 0.26258
v  -0.47520 1.14381 0.25500
v  -0.47406 1.14163 0.26734
v  -0.47031 1.13331 0.27431
v  -0.47059 1.14651 0.28902
v  -0.47031 1.13331 0.27431
v  -0.46931 1.14830 0.26255
v  -0.47136 1.14696 0.25502
v  -0.46572 1.14661 0.26954
v  -0.46380 1.13748 0.27454
v  -0.46431 1.14249 0.28268
v  -0.46380 1.13748 0.27454
v  -0.45975 1.14416 0.27454
v  -0.45975 1.14416 0.27454
v  -0.46931 1.14830 0.26255
v  -0.45856 1.15187 0.27454
v  -0.45856 1.15187 0.27454
v  -0.47890 1.15893 0.25500
v  -0.47584 1.15846 0.25500
v  -0.47320 1.15685 0.25500
v  -0.47077 1.15279 0.25494
v  -0.47136 1.14696 0.25502
v  0.48223 1.15884 0.26290
v  0.48634 1.15294 0.26283
v  0.48541 1.15314 0.25506
v  0.48280 1.15685 0.25500
v  0.48640 1.16074 0.27007
v  0.49062 1.15390 0.26990
v  0.49554 1.15946 0.27462
v  0.48881 1.16835 0.27477
v  0.48475 1.15633 0.28887
v  0.49194 1.15785 0.28278
v  0.48814 1.16267 0.28301
v  0.49087 1.16565 0.27499
v  0.48881 1.16835 0.27477
v  0.49087 1.16565 0.27499
v  0.49194 1.15785 0.28278
v  0.49554 1.15946 0.27462
v  0.47868 1.15888 0.25487
v  0.47873 1.16409 0.26962
v  0.47948 1.16711 0.28294
v  0.47527 1.15982 0.26288
v  0.47657 1.17099 0.27454
v  0.47316 1.15900 0.28877
v  0.47657 1.17099 0.27454
v  0.47409 1.15819 0.25500
v  0.46951 1.16140 0.26962
v  0.46909 1.16912 0.27461
v  0.46785 1.16425 0.28310
v  0.46909 1.16912 0.27461
v  0.46977 1.15591 0.26283
v  0.47031 1.15512 0.25501
v  0.46269 1.16452 0.27454
v  0.46269 1.16452 0.27454
v  0.46423 1.15276 0.26970
v  0.46238 1.15661 0.28280
v  0.46843 1.14984 0.28869
v  0.46853 1.14908 0.26282
v  0.46952 1.15065 0.25500
v  0.45745 1.15013 0.27454
v  0.46187 1.14633 0.28314
v  0.45745 1.15013 0.27454
v  0.47025 1.14765 0.25500
v  0.46721 1.14273 0.26965
v  0.45931 1.14254 0.27454
v  0.45931 1.14254 0.27454
v  0.47401 1.14239 0.26248
v  0.47319 1.14400 0.25501
v  0.46392 1.13625 0.27454
v  0.46675 1.13933 0.28301
v  0.47690 1.14162 0.28891
v  0.46694 1.13356 0.27474
v  0.46392 1.13625 0.27454
v  0.47542 1.13755 0.27002
v  0.47552 1.13478 0.28287
v  0.47779 1.14307 0.25500
v  0.47401 1.14239 0.26248
v  0.47832 1.13101 0.27454
v  0.47832 1.13101 0.27454
v  0.46694 1.13356 0.27474
v  0.48198 1.14159 0.26743
v  0.48205 1.14472 0.25500
v  0.48590 1.13286 0.27454
v  0.48414 1.13665 0.28301
v  0.48590 1.13286 0.27454
v  0.48653 1.14577 0.26727
v  0.49220 1.13748 0.27454
v  0.49146 1.14290 0.28321
v  0.48525 1.14675 0.28857
v  0.49220 1.13748 0.27454
v  0.48490 1.14829 0.25500
v  0.49748 1.14790 0.27454
v  0.49748 1.14790 0.27454
v  0.49354 1.15152 0.28276
v  0.47744 1.15100 0.28972
v  0.47409 1.15819 0.25500
v  0.47868 1.15888 0.25487
v  0.48280 1.15685 0.25500
v  0.48541 1.15314 0.25506
v  0.48490 1.14829 0.25500
v  -0.02170 1.15878 0.26736
v  -0.01966 1.15295 0.26283
v  -0.02059 1.15305 0.25505
v  -0.02320 1.15685 0.25500
v  -0.01542 1.15384 0.26974
v  -0.01504 1.16575 0.27454
v  -0.01042 1.15946 0.27454
v  -0.01764 1.16271 0.28285
v  -0.02621 1.15975 0.28867
v  -0.01999 1.15365 0.28859
v  -0.01302 1.15503 0.28336
v  -0.01504 1.16575 0.27454
v  -0.01042 1.15946 0.27454
v  -0.02727 1.16148 0.26753
v  -0.02741 1.15915 0.25505
v  -0.02171 1.16981 0.27454
v  -0.02699 1.16702 0.28332
v  -0.02171 1.16981 0.27454
v  -0.02943 1.17099 0.27454
v  -0.02943 1.17099 0.27454
v  -0.03231 1.15904 0.26292
v  -0.03191 1.15819 0.25500
v  -0.03654 1.16189 0.26977
v  -0.03700 1.16909 0.27461
v  -0.04095 1.16134 0.28426
v  -0.03414 1.15580 0.28971
v  -0.03700 1.16909 0.27461
v  -0.03754 1.15376 0.26242
v  -0.03578 1.15501 0.25501
v  -0.04331 1.16452 0.27454
v  -0.04331 1.16452 0.27454
v  -0.04150 1.15274 0.26960
v  -0.04736 1.15784 0.27454
v  -0.04736 1.15784 0.27454
v  -0.03631 1.14902 0.25498
v  -0.03754 1.15376 0.26242
v  -0.04855 1.15013 0.27454
v  -0.04413 1.14677 0.28333
v  -0.03484 1.14485 0.28909
v  -0.04855 1.15013 0.27454
v  -0.03578 1.14539 0.26294
v  -0.03948 1.14303 0.26980
v  -0.04669 1.14254 0.27454
v  -0.04669 1.14254 0.27454
v  -0.03392 1.14515 0.25500
v  -0.04204 1.13627 0.27461
v  -0.03679 1.13698 0.28325
v  -0.04204 1.13627 0.27461
v  -0.02992 1.14202 0.26287
v  -0.03127 1.14354 0.25500
v  -0.03085 1.13770 0.26992
v  -0.03535 1.13233 0.27499
v  -0.02821 1.14307 0.25500
v  -0.02771 1.13150 0.27431
v  -0.02771 1.13150 0.27431
v  -0.02213 1.13146 0.27480
v  -0.02487 1.13570 0.28359
v  -0.02227 1.14469 0.28898
v  -0.02769 1.13115 0.27499
v  -0.02213 1.13146 0.27480
v  -0.02769 1.13115 0.27499
v  -0.03535 1.13233 0.27499
v  -0.02160 1.14463 0.26266
v  -0.02372 1.14439 0.25501
v  -0.01858 1.14126 0.26953
v  -0.01380 1.13748 0.27454
v  -0.01447 1.14246 0.28311
v  -0.01380 1.13748 0.27454
v  -0.02110 1.14829 0.25500
v  -0.02160 1.14463 0.26266
v  -0.00975 1.14429 0.27461
v  -0.00975 1.14429 0.27461
v  -0.00856 1.15187 0.27454
v  -0.00856 1.15187 0.27454
v  -0.02059 1.15305 0.25505
v  -0.02110 1.14829 0.25500
v  -0.02320 1.15685 0.25500
v  0.03525 1.15299 0.25492
v  0.03280 1.15685 0.25500
v  0.03502 1.15608 0.26279
v  0.03430 1.16236 0.26964
v  0.04015 1.15397 0.26953
v  0.04092 1.16573 0.27461
v  0.04558 1.15946 0.27454
v  0.03524 1.15562 0.28868
v  0.04332 1.15473 0.28311
v  0.03541 1.16537 0.28304
v  0.04092 1.16573 0.27461
v  0.04558 1.15946 0.27454
v  0.02696 1.16050 0.26268
v  0.02878 1.15887 0.25493
v  0.03429 1.16981 0.27454
v  0.02672 1.15830 0.28978
v  0.03429 1.16981 0.27454
v  0.02149 1.16325 0.26948
v  0.02657 1.17099 0.27454
v  0.02194 1.16597 0.28306
v  0.02657 1.17099 0.27454
v  0.02409 1.15819 0.25500
v  0.02696 1.16050 0.26268
v  0.01889 1.16904 0.27461
v  0.01889 1.16904 0.27461
v  0.01967 1.15570 0.26288
v  0.02159 1.15636 0.25500
v  0.01269 1.16452 0.27454
v  0.01558 1.16172 0.28288
v  0.01828 1.15190 0.28895
v  0.01269 1.16452 0.27454
v  0.01999 1.15371 0.25500
v  0.01448 1.15274 0.26963
v  0.00864 1.15784 0.27454
v  0.01117 1.15292 0.28282
v  0.00864 1.15784 0.27454
v  0.01893 1.14684 0.26232
v  0.01949 1.14906 0.25501
v  0.00745 1.15013 0.27454
v  0.00745 1.15013 0.27454
v  0.01670 1.14312 0.26976
v  0.00931 1.14254 0.27454
v  0.01439 1.14108 0.28302
v  0.00931 1.14254 0.27454
v  0.02208 1.14515 0.25500
v  0.01893 1.14684 0.26232
v  0.01695 1.13361 0.27455
v  0.02503 1.14224 0.28869
v  0.01695 1.13361 0.27455
v  0.02630 1.14192 0.26294
v  0.02473 1.14354 0.25500
v  0.02789 1.13710 0.26956
v  0.02538 1.13487 0.28307
v  0.02930 1.14323 0.25499
v  0.02832 1.13101 0.27454
v  0.02832 1.13101 0.27454
v  0.03283 1.14369 0.26288
v  0.03588 1.13291 0.27461
v  0.03409 1.13635 0.28279
v  0.03472 1.14548 0.28873
v  0.03588 1.13291 0.27461
v  0.03329 1.14564 0.25500
v  0.03878 1.14431 0.26967
v  0.04220 1.13748 0.27454
v  0.04154 1.14297 0.28312
v  0.04220 1.13748 0.27454
v  0.03604 1.14968 0.26292
v  0.03490 1.14829 0.25500
v  0.04744 1.15187 0.27454
v  0.04744 1.15187 0.27454
v  0.02409 1.15819 0.25500
v  0.02878 1.15887 0.25493
v  0.03280 1.15685 0.25500
v  0.03525 1.15299 0.25492
v  0.03490 1.14829 0.25500
v  0.68099 0.23154 0.26292
v  0.68390 0.22695 0.26283
v  0.68296 0.22705 0.25505
v  0.68036 0.23085 0.25500
v  0.68524 0.23328 0.26966
v  0.68852 0.23975 0.27454
v  0.69519 0.22910 0.27453
v  0.68680 0.23345 0.28565
v  0.69519 0.22910 0.27453
v  0.68852 0.23975 0.27454
v  0.67400 0.23442 0.26296
v  0.67624 0.23310 0.25506
v  0.67701 0.23824 0.26977
v  0.68192 0.24371 0.27461
v  0.68064 0.24008 0.28275
v  0.67410 0.23221 0.28982
v  0.68192 0.24371 0.27461
v  0.67413 0.24499 0.27454
v  0.67066 0.24050 0.28326
v  0.67413 0.24499 0.27454
v  0.67165 0.23219 0.25500
v  0.67400 0.23442 0.26296
v  0.66702 0.23589 0.26978
v  0.66657 0.24311 0.27461
v  0.66657 0.24311 0.27461
v  0.66600 0.22775 0.26243
v  0.66778 0.22901 0.25501
v  0.65789 0.23628 0.27473
v  0.66324 0.23599 0.28278
v  0.66622 0.22724 0.28868
v  0.65789 0.23628 0.27473
v  0.66206 0.22674 0.26959
v  0.65887 0.22692 0.28312
v  0.66725 0.22302 0.25498
v  0.66600 0.22775 0.26243
v  0.65501 0.22413 0.27454
v  0.65501 0.22413 0.27454
v  0.66782 0.21934 0.26289
v  0.66411 0.21695 0.26978
v  0.65690 0.21657 0.27461
v  0.66185 0.21532 0.28311
v  0.66931 0.21787 0.28870
v  0.65690 0.21657 0.27461
v  0.66964 0.21915 0.25500
v  0.66148 0.21024 0.27454
v  0.66148 0.21024 0.27454
v  0.67364 0.21602 0.26287
v  0.67229 0.21754 0.25500
v  0.67299 0.21176 0.26977
v  0.66950 0.20985 0.28272
v  0.67535 0.21707 0.25500
v  0.67587 0.20501 0.27454
v  0.67944 0.20966 0.28356
v  0.67769 0.21652 0.28858
v  0.67587 0.20501 0.27454
v  0.67948 0.21560 0.26738
v  0.67960 0.21872 0.25500
v  0.68346 0.20686 0.27454
v  0.67948 0.21560 0.26738
v  0.68346 0.20686 0.27454
v  0.68277 0.22030 0.26288
v  0.68799 0.22066 0.26971
v  0.68964 0.21145 0.27461
v  0.68892 0.21713 0.28336
v  0.68724 0.22307 0.28753
v  0.68964 0.21145 0.27461
v  0.68246 0.22229 0.25500
v  0.69381 0.21815 0.27454
v  0.69381 0.21815 0.27454
v  0.68799 0.22066 0.26971
v  0.67165 0.23219 0.25500
v  0.67624 0.23310 0.25506
v  0.68036 0.23085 0.25500
v  0.68296 0.22705 0.25505
v  0.68246 0.22229 0.25500
v  -0.24120 0.22698 0.25491
v  -0.24364 0.23085 0.25500
v  -0.24154 0.23038 0.26280
v  -0.23548 0.23975 0.27454
v  -0.22901 0.22587 0.27454
v  -0.23793 0.23291 0.26979
v  -0.23548 0.23975 0.27454
v  -0.24046 0.24040 0.28142
v  -0.23699 0.23195 0.28578
v  -0.22901 0.22587 0.27454
v  -0.24764 0.23398 0.26288
v  -0.24629 0.23245 0.25500
v  -0.24699 0.23824 0.26977
v  -0.24232 0.24334 0.27431
v  -0.25002 0.23225 0.28982
v  -0.24232 0.24334 0.27431
v  -0.25092 0.23278 0.25495
v  -0.24987 0.24499 0.27454
v  -0.24978 0.24099 0.28281
v  -0.24987 0.24499 0.27454
v  -0.25421 0.23247 0.26283
v  -0.25665 0.23605 0.26974
v  -0.26066 0.24189 0.27451
v  -0.25894 0.23867 0.28238
v  -0.26066 0.24189 0.27451
v  -0.25485 0.23036 0.25500
v  -0.25785 0.22698 0.28870
v  -0.25760 0.22632 0.26292
v  -0.25714 0.22615 0.25500
v  -0.26222 0.22736 0.26974
v  -0.26781 0.23184 0.27454
v  -0.26515 0.22725 0.28331
v  -0.26781 0.23184 0.27454
v  -0.26894 0.22398 0.27461
v  -0.26894 0.22398 0.27461
v  -0.25646 0.21960 0.26281
v  -0.25619 0.22165 0.25500
v  -0.26006 0.21709 0.26978
v  -0.26714 0.21654 0.27454
v  -0.26176 0.21508 0.28322
v  -0.25442 0.21773 0.28869
v  -0.26714 0.21654 0.27454
v  -0.25436 0.21915 0.25500
v  -0.26252 0.21024 0.27454
v  -0.26252 0.21024 0.27454
v  -0.25014 0.21593 0.26294
v  -0.25171 0.21754 0.25500
v  -0.25099 0.21176 0.26977
v  -0.25445 0.20985 0.28274
v  -0.24715 0.21723 0.25499
v  -0.24813 0.20501 0.27454
v  -0.24472 0.20947 0.28335
v  -0.24631 0.21652 0.28858
v  -0.24813 0.20501 0.27454
v  -0.24362 0.21769 0.26287
v  -0.24131 0.21398 0.26974
v  -0.24054 0.20686 0.27454
v  -0.24054 0.20686 0.27454
v  -0.24315 0.21964 0.25500
v  -0.23711 0.21429 0.28287
v  -0.24023 0.22262 0.28869
v  -0.24040 0.22368 0.26292
v  -0.24154 0.22229 0.25500
v  -0.23579 0.22265 0.26973
v  -0.23019 0.21815 0.27454
v  -0.23290 0.22312 0.28314
v  -0.23019 0.21815 0.27454
v  -0.25092 0.23278 0.25495
v  -0.24629 0.23245 0.25500
v  -0.24364 0.23085 0.25500
v  -0.24120 0.22698 0.25491
v  -0.24154 0.22229 0.25500
v  0.25973 0.23691 0.28282
v  0.25124 0.23378 0.28868
v  0.25623 0.22587 0.28979
v  0.26461 0.22936 0.28318
v  0.26541 0.23703 0.27438
v  0.25226 0.23476 0.26710
v  0.25631 0.23038 0.26288
v  0.25557 0.22995 0.25505
v  0.25171 0.23245 0.25500
v  0.25977 0.23296 0.26978
v  0.25292 0.24531 0.27469
v  0.26541 0.23703 0.27438
v  0.25226 0.23476 0.26710
v  0.25081 0.24118 0.28306
v  0.25292 0.24531 0.27469
v  0.24682 0.23382 0.26288
v  0.24865 0.23293 0.25500
v  0.24579 0.23800 0.26977
v  0.24425 0.23145 0.25495
v  0.24045 0.24304 0.27461
v  0.24226 0.23953 0.28282
v  0.24060 0.22908 0.28893
v  0.24045 0.24304 0.27461
v  0.24133 0.22991 0.26283
v  0.23770 0.23229 0.26974
v  0.23176 0.23614 0.27450
v  0.23450 0.23372 0.28232
v  0.23176 0.23614 0.27450
v  0.24154 0.22771 0.25500
v  0.23860 0.22449 0.26738
v  0.24144 0.22315 0.25500
v  0.22901 0.22413 0.27454
v  0.23297 0.22418 0.28276
v  0.22901 0.22413 0.27454
v  0.24169 0.21962 0.26287
v  0.23821 0.21706 0.26979
v  0.23091 0.21655 0.27461
v  0.23636 0.21487 0.28330
v  0.24209 0.21942 0.28857
v  0.23091 0.21655 0.27461
v  0.24364 0.21915 0.25500
v  0.23552 0.21026 0.27461
v  0.23552 0.21026 0.27461
v  0.24552 0.21517 0.26741
v  0.24629 0.21754 0.25500
v  0.24215 0.20619 0.27454
v  0.24552 0.21517 0.26741
v  0.24703 0.20900 0.28331
v  0.25192 0.21665 0.28898
v  0.24215 0.20619 0.27454
v  0.25118 0.21618 0.26287
v  0.24935 0.21707 0.25500
v  0.25223 0.21200 0.26978
v  0.24987 0.20501 0.27454
v  0.24987 0.20501 0.27454
v  0.25376 0.21855 0.25499
v  0.25746 0.20686 0.27454
v  0.25587 0.21055 0.28286
v  0.25746 0.20686 0.27454
v  0.25756 0.21910 0.26719
v  0.26375 0.21148 0.27454
v  0.25756 0.21910 0.26719
v  0.26348 0.21725 0.28286
v  0.26375 0.21148 0.27454
v  0.25645 0.22229 0.25500
v  0.26776 0.21818 0.27461
v  0.26776 0.21818 0.27461
v  0.25941 0.22542 0.26743
v  0.25693 0.22535 0.25500
v  0.26899 0.22587 0.27454
v  0.26899 0.22587 0.27454
v  0.24425 0.23145 0.25495
v  0.24865 0.23293 0.25500
v  0.25171 0.23245 0.25500
v  0.60376 0.03911 0.26645
vn 8.12053e-08 -1 4.61681e-07
vn 5.07533e-07 -1 1.2736e-07
vn 8.12053e-08 -1 4.61681e-07
vn -3.45122e-07 -1 7.96002e-07
vn -1 0 0
vn -1 0 0
vn -1 0 0
vn 0 -1 0
vn 0 -1 0
vn 0 -1 0
vn 0 -1 0
vn -5.16802e-07 -1.98107e-05 1
vn 0 0 1
vn 0 0 1
vn 0 0 1
vn 0 -1.93312e-05 1
vn 4.47096e-05 -7.45101e-05 1
vn 0.000150121 -1.10383e-05 1
vn 0.000238436 0 1
vn 0.000238436 0 1
vn 0 1 0
vn 0 1 0
vn 0 1 0
vn -1 -4.38269e-07 -1.78814e-07
vn -1 -4.38269e-07 -1.78814e-07
vn -1 -4.38269e-07 -1.78814e-07
vn 0 -2.21304e-07 1
vn 0 -2.21304e-07 1
vn 0 -2.21304e-07 1
vn 0 1 0
vn 0 1 0
vn 0 1 0
vn 0 0.141428 0.989949
vn 0 0.141428 0.989949
vn 0 0.141428 0.989949
vn 1 0 0
vn 1 0 0
vn 1 0 0
vn 0 -1 0
vn 0 -1 -3.35093e-06
vn 0 -1 0
vn 0 -1 0
vn 0 0 1
vn 0 0 1
vn 0 -2.87623e-05 1
vn 2.23493e-05 3.72553e-05 1
vn -2.22437e-07 -2.29126e-05 1
vn -1.24172e-06 8.69266e-06 1
vn -2.00208e-06 -2.33574e-05 1
vn -3.72477e-05 2.23444e-05 1
vn -3.72477e-05 2.23444e-05 1
vn 0 -2.21304e-07 1
vn 0 -2.21304e-07 1
vn 0 -2.21304e-07 1
vn 0 -2.21304e-07 1
vn 0 -1 -7.91623e-06
vn 0 -1 -7.91623e-06
vn 0 1 0
vn 0 1 0
vn 0 1 0
vn -8.32354e-07 -1 3.98001e-07
vn -8.32354e-07 -1 3.98001e-07
vn -8.32354e-07 -1 3.98001e-07
vn 1 1.4609e-07 0
vn 1 1.4609e-07 0
vn 1 1.4609e-07 0
vn -2.91822e-07 -1 6.52722e-07
vn -2.91822e-07 -1 6.52722e-07
vn -2.91822e-07 -1 6.52722e-07
vn 0 1 0
vn 0 1 0
vn 0 1 0
vn 0 -2.21304e-07 1
vn 0 -2.21304e-07 1
vn 0 -2.21304e-07 1
vn 0 1 0
vn 0 1 0
vn 0 1 0
vn 0 1 0
vn 0 -1 0
vn 0 -1 0
vn 0 -1 0
vn 0 -1 0
vn 8.75235e-07 -9.26429e-06 -1
vn 1.93193e-05 -0.00055755 -1
vn -0.00121945 -0.0112724 0.999936
vn 0.000162792 0.000702859 -1
vn 1.65388e-06 4.47826e-05 -1
vn 9.47468e-06 3.62314e-05 -1
vn -0.000242164 -0.00296348 -0.999996
vn 7.61273e-05 0.000284038 -1
vn 0.000139204 0.00296112 -0.999996
vn -4.76984e-06 -0.000103944 -1
vn 7.62449e-05 -0.000599812 -1
vn -0.000397564 0.0031276 -0.999995
vn -3.89047e-06 2.03491e-05 -1
vn -2.67133e-07 0.000180843 -1
vn 2.07063e-06 -9.69967e-05 -1
vn -5.67005e-06 9.01946e-05 -1
vn -5.1113e-06 0.000100174 -1
vn 1.2619e-05 -0.000313254 -1
vn -2.53916e-05 0.000196952 -1
vn 1.24967e-05 8.19564e-05 -1
vn 1.7542e-06 -4.8079e-05 -1
vn 1.72351e-06 5.207e-05 -1
vn -2.35262e-05 -6.72722e-05 -1
vn 4.96761e-06 0.000270274 -1
vn 2.11876e-05 0.000117888 -1
vn -2.87934e-07 -2.95205e-06 -1
vn -1.59401e-05 -0.000160264 -1
vn 2.41093e-05 -0.000151305 -1
vn -5.05306e-06 -3.03512e-05 -1
vn -1.33328e-07 5.33385e-07 -1
vn -4.5296e-05 0.000200654 -1
vn 2.10011e-07 9.39929e-07 -1
vn 1.89232e-08 1.46336e-06 -1
vn 0 0 -1
vn 0 0 -1
vn 0 0 -1
vn 2.81754e-07 4.86836e-06 -1
vn 2.26758e-08 1.20807e-06 -1
vn -1.0665e-06 -9.3089e-07 -1
vn 1.43206e-07 -1.37458e-06 -1
vn 2.6662e-07 1.03661e-06 -1
vn 2.93436e-07 1.04343e-06 -1
vn 2.3023e-07 1.15799e-06 -1
vn 3.49827e-07 9.52371e-07 -1
vn 4.53366e-07 8.1472e-07 -1
vn 4.02424e-07 8.77659e-07 -1
vn 6.46879e-08 1.19307e-06 -1
vn 0 0 -1
vn 0 0 -1
vn 0 0 -1
vn 0 0 -1
vn 2.21616e-08 3.07368e-05 -1
vn 0 0 -1
vn 0 0 -1
vn 0 0 -1
vn 0 0 -1
vn -3.45314e-07 1.11895e-06 -1
vn 0 0 -1
vn 0 0 -1
vn -6.87645e-05 0.000370306 -1
vn 9.44967e-05 -0.000702768 -1
vn -6.19829e-05 0.00107545 -0.999999
vn -4.38248e-05 -0.000136836 -1
vn -4.23388e-05 -0.000152364 -1
vn -4.59669e-05 0.000506909 -1
vn 9.59956e-05 -0.00019713 -1
vn 4.40899e-05 -0.000428427 -1
vn -3.68572e-06 2.74604e-05 -1
vn 0 0 1
vn 0 0 1
vn 0 0 1
vn -5.95627e-07 7.05329e-06 -1
vn 5.3003e-06 6.76784e-05 -1
vn -1.62095e-06 -1.16275e-05 -1
vn -1.28324e-06 -7.29701e-06 -1
vn 4.05838e-08 4.92508e-07 -1
vn -1.2534e-05 -0.0001254 -1
vn 5.40299e-07 2.79794e-05 -1
vn 2.61133e-06 6.06023e-05 -1
vn -2.47561e-06 -1.42227e-05 -1
vn 1.20701e-05 9.98469e-05 -1
vn 4.95017e-05 -0.000385055 -1
vn -0.000359673 -0.0010499 -0.999999
vn 2.78116e-05 0.000167657 -1
vn -0.000456807 -0.00238933 -0.999997
vn -0.00371514 -0.0168888 -0.999851
vn -3.58042e-06 -0.000485955 -1
vn -6.9966e-05 -0.000730522 -1
vn 9.81059e-06 -0.000105182 -1
vn -0.000127066 -0.00198408 -0.999998
vn -2.8239e-05 -0.000440938 -1
vn -1.14958e-05 -0.00779824 -0.99997
vn -3.693e-05 -0.0250516 -0.999686
vn -2.86264e-07 4.68725e-06 -1
vn 1.24078e-06 -4.16716e-05 -1
vn -4.33193e-05 0.000928114 -1
vn 7.64773e-05 -0.00063904 -1
vn -0.00044063 0.00177125 -0.999998
vn 0.000372019 -0.00217394 -0.999998
vn 0.153357 -0.988171 -0.000280044
vn 0.232819 -0.97252 0.000159535
vn -0.00902613 -0.999932 0.0073976
vn -0.212495 -0.977162 0.000333565
vn -0.232406 -0.97261 0.00421378
vn -0.237919 -0.971284 0.00169416
vn -0.217351 -0.976093 0.000626379
vn -0.21049 -0.977596 -0.000503631
vn -0.178929 -0.983862 0.000910043
vn -0.183548 -0.98297 0.0089953
vn -0.141906 -0.989877 0.00271415
vn -0.138851 -0.990286 -0.00737784
vn -0.107341 -0.994219 0.00253853
vn -0.0951784 -0.995459 0.00165702
vn -0.0702557 -0.997529 -0.000997124
vn -0.0576044 -0.998339 -0.00122509
vn -0.0346304 -0.999399 -0.00151139
vn -0.0252112 -0.999682 0.000239117
vn -0.00474122 -0.999988 -0.00109553
vn 0.00734148 -0.999972 -0.00108398
vn 0.0277466 -0.999614 -0.00134761
vn 0.0371773 -0.999309 0.00023478
vn 0.0577088 -0.998333 -0.00109196
vn 0.0697674 -0.997563 -0.00108233
vn 0.0901048 -0.995931 -0.00133897
vn 0.0994403 -0.995044 0.00015225
vn 0.119916 -0.992783 -0.0011509
vn 0.131911 -0.991261 -0.001139
vn 0.152004 -0.988379 -0.00130372
vn 0.160944 -0.986964 0.000315825
vn 0.181766 -0.983341 0.000805911
vn 0.193893 -0.981022 0.000790696
vn 0.214426 -0.97674 0.000434674
vn 0.221871 -0.975076 0.000214886
vn 0.222014 -0.975043 0.000277743
vn 0.213416 -0.976961 -0.000936254
vn 0.191112 -0.981568 -0.00111029
vn 0.176759 -0.984251 -0.0026763
vn 0.156673 -0.98765 0.000882428
vn 0.143494 -0.989646 -0.00320042
vn 0.119027 -0.992891 0.000100672
vn 0.105579 -0.994406 -0.00326936
vn 0.0847841 -0.996399 0.00060808
vn 0.0669853 -0.997748 -0.00344775
vn 0.047385 -0.998877 0.000664198
vn 0.0299813 -0.999536 -0.0054089
vn 0.0073771 -0.999973 0.000384754
vn -0.0122095 -0.999906 -0.0061853
vn -0.0312465 -0.999509 0.00217812
vn -0.0576931 -0.998333 -0.00151048
vn -0.0639219 -0.99795 0.0031152
vn -0.0926487 -0.995699 -0.000175252
vn -0.0848305 -0.996395 -0.00115014
vn -0.115571 -0.993297 -0.00188613
vn -0.1292 -0.991612 0.00349373
vn -0.144007 -0.989577 -0.000349159
vn -0.163569 -0.986527 0.00316984
vn -0.178421 -0.983952 -0.00224251
vn -0.191192 -0.981551 0.00183701
vn -0.213809 -0.976873 -0.00214998
vn -0.218056 -0.975934 0.00196397
vn -0.234289 -0.972167 -0.000710513
vn -0.25174 -0.967795 -0.000631401
vn -0.260663 -0.965427 0.00232456
vn -0.269851 -0.9629 -0.0017769
vn -0.268924 -0.963161 0
vn 0.305012 -0.952349 0
vn 0.305012 -0.952349 0
vn 0.305012 -0.952349 0
vn 0.305012 -0.952349 0
vn 0.229994 -0.973192 0
vn 0.229994 -0.973192 0
vn 0.229994 -0.973192 0
vn 0.229994 -0.973192 0
vn 0.153631 -0.988128 -3.43393e-06
vn 0.153627 -0.988129 -6.86767e-06
vn 0.153631 -0.988128 -3.43393e-06
vn 0.153635 -0.988128 0
vn 0.00830644 -0.999964 0.00144983
vn 0.0197438 -0.999753 -0.0102136
vn 0.0717122 -0.997419 0.00357573
vn 0.0685051 -0.997651 -3.06243e-06
vn -0.0892596 -0.996007 -0.0015939
vn -0.10083 -0.994852 0.010179
vn -0.176038 -0.98438 -0.00241551
vn -0.198424 -0.980116 0
vn -0.25819 -0.966094 0
vn -0.28245 -0.959282 0.000430158
vn -0.307224 -0.951637 0.000647757
vn -0.306411 -0.951899 0.00131354
vn -0.381308 -0.924448 0.000165813
vn -0.3815 -0.924369 0
vn -0.381308 -0.924448 0.000165813
vn -0.381111 -0.924529 0.000336184
vn -0.451102 -0.892472 0.000649466
vn -0.450338 -0.892857 0.00131477
vn -0.451102 -0.892472 0.000649466
vn -0.451847 -0.892096 0
vn -0.520225 -0.854029 0.000323261
vn -0.520571 -0.853819 0
vn -0.520225 -0.854029 0.000323261
vn -0.51987 -0.854245 0.00065435
vn 0.51987 -0.854245 0
vn 0.51987 -0.854245 0
vn 0.51987 -0.854245 0
vn 0.51987 -0.854245 0
vn 0.451847 -0.892096 0
vn 0.451847 -0.892096 0
vn 0.451847 -0.892096 0
vn 0.451847 -0.892096 0
vn 0.381116 -0.924527 0
vn 0.381116 -0.924527 0
vn 0.381116 -0.924527 0
vn 0.381116 -0.924527 0
vn 0.283204 -0.95906 0
vn 0.258189 -0.966094 0
vn 0.308011 -0.951383 0
vn 0.308011 -0.951383 0
vn 0.207721 -0.978188 0
vn 0.182243 -0.983254 0
vn 0.130974 -0.991386 0
vn 0.105209 -0.99445 0
vn 0.0534628 -0.99857 0
vn 0.0275085 -0.999622 0
vn -0.0243941 -0.999702 0
vn -0.0503689 -0.998731 0
vn -0.0762921 -0.997086 0
vn -0.0762921 -0.997086 0
vn -0.153205 -0.988194 0.000332165
vn -0.152774 -0.988261 0.000671245
vn -0.153205 -0.988194 0.000332165
vn -0.153627 -0.988129 0
vn -0.230156 -0.973154 0.000126666
vn -0.230311 -0.973117 0
vn -0.230156 -0.973154 0.000126666
vn -0.229997 -0.973191 0.000255958
vn -0.30501 -0.952349 0
vn -0.30501 -0.952349 0
vn -0.30501 -0.952349 0
vn -0.30501 -0.952349 0
vn 0.256303 -0.966596 0.000729377
vn 0.241233 -0.970465 -0.00210092
vn 0.268394 -0.963308 -0.0014268
vn 0.269183 -0.963089 0
vn 0.222399 -0.974955 0.00125192
vn 0.204324 -0.978887 -0.00561651
vn 0.184511 -0.98283 -0.000483926
vn 0.159009 -0.987271 -0.00343213
vn 0.154548 -0.987977 0.00411668
vn 0.12541 -0.992103 -0.00215036
vn 0.114234 -0.993454 -0.000843959
vn 0.083281 -0.996526 0.00038279
vn 0.0862527 -0.996267 -0.00357682
vn 0.0525224 -0.99862 -0.000659257
vn 0.0494114 -0.998767 0.00472397
vn 0.0246143 -0.999697 -0.000860959
vn 0.0156485 -0.999873 -0.00301024
vn -0.00866771 -0.999943 -0.00617624
vn -0.0190387 -0.999811 -0.00382984
vn -0.0467794 -0.998905 -0.000997206
vn -0.0428983 -0.999078 -0.00162009
vn -0.0829907 -0.99655 -0.000845757
vn -0.0857106 -0.996312 0.00412964
vn -0.112174 -0.993689 0.000345588
vn -0.123924 -0.992291 0.000998816
vn -0.147411 -0.989074 0.00138219
vn -0.155377 -0.987855 0.00097631
vn -0.182533 -0.9832 0.000564133
vn -0.179549 -0.983737 -0.00482811
vn -0.214781 -0.976661 0.00176244
vn -0.21706 -0.976153 0.0032333
vn -0.222219 -0.974997 6.83664e-05
vn -0.209086 -0.977891 0.003567
vn -0.18645 -0.982462 -0.0024105
vn -0.164313 -0.986408 0.000649542
vn -0.159118 -0.987255 -0.00297734
vn -0.130458 -0.991454 0.000104578
vn -0.134815 -0.990865 0.00337564
vn -0.100427 -0.994943 0.00141766
vn -0.0967918 -0.995299 -0.00349208
vn -0.0682036 -0.997669 0.00217672
vn -0.0726015 -0.997325 0.00845302
vn -0.0369237 -0.999316 0.00227298
vn -0.0341388 -0.999407 -0.00444018
vn -0.00880453 -0.999959 0.00209562
vn 0.00229549 -0.999996 0.00141989
vn 0.0253222 -0.999679 -0.000156936
vn 0.0317404 -0.999491 -0.00312871
vn 0.0537476 -0.998549 -0.00325172
vn 0.0696378 -0.997572 0.000708294
vn 0.0876026 -0.996156 0.000131119
vn 0.0995374 -0.995032 0.00211186
vn 0.125011 -0.992149 -0.00360674
vn 0.138535 -0.990354 0.00257561
vn 0.159407 -0.987211 0.00211721
vn 0.173515 -0.984827 0.00289368
vn 0.19502 -0.980799 -0.000705087
vn 0.207876 -0.978152 -0.0023982
vn 0.228411 -0.973564 -0.000950763
vn 0.235788 -0.971804 -0.000632988
vn 0.00190906 -0.00284605 0.999994
vn -0.0319191 -0.420306 0.906821
vn -0.0591528 -0.4024 0.913551
vn 0.00697437 -0.0548668 0.998469
vn 0.0650113 -0.408391 0.910489
vn 0.0368197 -0.380205 0.924169
vn 0.0180042 -0.124162 0.992099
vn 0.0148426 -0.212721 0.977
vn 0.0487865 -0.411569 0.910072
vn 0.0189853 -0.170892 0.985107
vn 0.0112835 -0.407832 0.912987
vn -0.0562824 -0.22127 0.973587
vn -0.0483371 -0.173682 0.983615
vn -0.102415 -0.422697 0.900466
vn 0.047262 -0.141183 0.988855
vn 0.0840831 -0.332355 0.939399
vn 0.11861 -0.408827 0.904872
vn 0.0557243 -0.17399 0.98317
vn 0.0320835 -0.164032 0.985933
vn 0.0209116 -0.134374 0.99071
vn 0.0209026 -0.295492 0.955117
vn 0.00400327 -0.214489 0.976718
vn -0.0269438 -0.424858 0.904859
vn 0.0451321 0.188355 -0.981063
vn 0.0451321 0.188355 -0.981063
vn 0.0451321 0.188355 -0.981063
vn -0.101165 -0.133847 0.985825
vn -0.244494 -0.406848 0.880169
vn -0.136536 -0.248011 0.959087
vn 0.0571603 -0.0992688 0.993418
vn 0.140321 -0.24103 0.96032
vn 0.127473 -0.209444 0.969476
vn 0.0595948 -0.0979255 0.993408
vn 0.0491031 -0.103503 0.993416
vn 0.156695 -0.360928 0.919336
vn 0.0409048 -0.107015 0.993416
vn 0.151051 -0.43626 0.887052
vn 0.0997997 -0.422041 0.901067
vn 0 0 -1
vn 0 0 -1
vn 0 0 -1
vn 0 0 -1
vn 0 0 -1
vn -0.0554894 -0.167333 0.984338
vn -0.0558622 -0.174422 0.983085
vn -0.112987 -0.366617 0.923486
vn -0.0462895 -0.331901 0.942178
vn 0.0990761 -0.414044 0.904849
vn 0.0485749 -0.176059 0.98318
vn 0.0989999 -0.44004 0.892504
vn 0.000817346 -0.00778943 -0.999969
vn 0.000817346 -0.00778943 -0.999969
vn 0.000817346 -0.00778943 -0.999969
vn 0.0119456 -0.215999 0.976321
vn 0.00496575 -0.424692 0.905324
vn 0.041873 -0.410178 0.911044
vn 0.00370721 -0.167562 0.985855
vn 0.00292505 0.0176553 -0.99984
vn 0.00292505 0.0176553 -0.99984
vn 0.00292505 0.0176553 -0.99984
vn -0.00940586 -0.061883 0.998039
vn 0.0111206 0.0701901 0.997472
vn -0.0635033 -0.344779 0.936534
vn -0.0111278 -0.0745453 0.997156
vn 0.00102996 -0.0596599 0.998218
vn 0.00324646 -0.322446 0.946582
vn -0.0131207 -0.399833 0.916494
vn -0.00681584 0.0555303 0.998434
vn -0.0192598 0.183919 0.982753
vn 0.0303755 -0.387473 0.921381
vn -0.0902067 -0.395589 0.913987
vn -0.0947014 -0.424787 0.900326
vn 0.00903929 -0.40123 0.915933
vn -0.0777056 -0.378496 0.922336
vn -0.120143 -0.561249 0.81888
vn -0.0577467 -0.605756 0.793552
vn -0.00524145 -0.404202 0.914655
vn -0.0217347 -0.593147 0.804801
vn 0.00319661 -0.403811 0.914837
vn 0.000488964 -0.331691 0.943388
vn 0.00796275 -0.320999 0.947046
vn 0.016745 -0.261464 0.965068
vn 0.0154745 -0.368975 0.929311
vn 0.0519088 -0.56867 0.820927
vn 0.104084 -0.714713 0.69163
vn 0.107666 -0.553131 0.826108
vn 0.0879139 -0.395445 0.914273
vn 0.0936045 -0.42288 0.901338
vn 0.125504 -0.5796 0.805179
vn 0.0867995 -0.470152 0.878307
vn 0.0676702 -0.377748 0.923432
vn 0.0108903 -0.72884 0.684598
vn -0.00455403 -0.422763 0.906229
vn 0.000446613 0.00449055 -0.99999
vn 0.000446613 0.00449055 -0.99999
vn 0.000446613 0.00449055 -0.99999
vn -0.0617644 -0.42888 0.901248
vn -0.10265 -0.651298 0.751847
vn -0.0474411 -0.427538 0.902752
vn -0.0782908 -0.440904 0.894133
vn -0.0856546 -0.414693 0.905921
vn 0.222389 -0.714244 0.663626
vn 0.104096 -0.478184 0.872069
vn 0.161175 -0.630347 0.759398
vn 0.0877885 -0.565269 0.820222
vn -0.0112165 -0.722764 0.691004
vn 0.000353742 -0.452284 0.891874
vn -0.0909331 -0.280919 0.955414
vn -0.102508 -0.419365 0.902012
vn -0.0824352 -0.403076 0.911446
vn -0.0990359 -0.230821 0.967943
vn -0.174414 -0.372961 0.911307
vn -0.175791 -0.410717 0.894656
vn -0.237887 -0.462469 0.854127
vn -0.230763 -0.40144 0.886338
vn 0.283087 -0.45343 0.845141
vn 0.285961 -0.46398 0.838421
vn 0.313081 -0.643731 0.698277
vn 0.226599 -0.484631 0.844859
vn 0.273305 -0.669671 0.69054
vn 0.232097 -0.56303 0.793176
vn 0.15448 -0.609574 0.777532
vn 0.155705 -0.542552 0.825465
vn 0.055848 -0.410255 0.910259
vn -0.00602815 -0.41977 0.907611
vn 0.0379615 -0.660554 0.749818
vn -0.0416039 -0.430796 0.90149
vn -0.0440305 -0.534198 0.844212
vn -0.0333807 -0.465637 0.884346
vn -0.111103 -0.432994 0.894524
vn -0.116365 -0.506594 0.854296
vn 0.0969974 -0.42742 0.898835
vn 0.0875277 -0.420536 0.903044
vn 0.0938539 -0.449966 0.8881
vn 0.062656 -0.410906 0.909522
vn 0.0541251 -0.406115 0.912218
vn 0.0430582 -0.413854 0.909324
vn 0.0497441 -0.688589 0.723444
vn -0.00183287 -0.173317 0.984864
vn -0.0112778 -0.246981 0.968955
vn -0.0374154 -0.439508 0.897459
vn -0.0152733 -0.19084 0.981502
vn -0.0261332 -0.204434 0.978531
vn -0.0733804 -0.418418 0.905286
vn -0.0924156 -0.42034 0.902648
vn -0.135532 -0.626863 0.767251
vn -0.0499163 -0.414319 0.908762
vn 0.00127264 -0.425493 0.904961
vn -0.0105885 -0.457159 0.889322
vn 0.00472587 -0.472803 0.881155
vn 0.0587993 -0.460656 0.885629
vn 0.0751286 -0.390552 0.91751
vn 0.107022 -0.642258 0.758981
vn -0.0012946 0.00669448 -0.999977
vn -0.0012946 0.00669448 -0.999977
vn -0.0012946 0.00669448 -0.999977
vn 0.129929 -0.741645 0.658089
vn -0.0997164 -0.605896 0.78927
vn 0.0628795 -0.750124 -0.658302
vn 0.0475336 -0.561494 -0.826115
vn 0.0475336 -0.561494 -0.826115
vn 0.0403391 -0.732403 0.679675
vn -0.0143973 -0.633674 0.773466
vn -0.025087 -0.422682 0.905931
vn -0.0546882 -0.617662 0.78454
vn -0.0527935 -0.433882 0.899421
vn -0.108495 -0.468494 0.87678
vn 0.178897 -0.766948 0.616269
vn 0.113569 -0.713962 0.690912
vn -0.10092 -0.719174 0.687462
vn -0.279132 -0.664492 0.693207
vn -0.321317 -0.639931 0.698029
vn -0.0252621 -0.792311 0.609594
vn -0.167885 -0.69962 0.694512
vn -0.245172 -0.750891 0.613232
vn -0.0578548 -0.868955 0.491497
vn -0.0162638 -0.799651 0.600245
vn -0.0975382 -0.773843 0.625822
vn -0.0725186 -0.425898 0.90186
vn -0.0719194 -0.430964 0.899498
vn -0.0631011 -0.733043 0.677249
vn 0.0293741 -0.756239 0.653636
vn 0.0642155 -0.71382 0.697379
vn 0.0979634 -0.83029 0.548655
vn 0.084667 -0.415007 0.90587
vn 0.00712158 0.0357987 -0.999334
vn 0.00712158 0.0357987 -0.999334
vn 0.00527358 0.0274453 -0.999609
vn 0.00123812 0.0159584 -0.999872
vn 0.00101966 0.00821546 -0.999966
vn 0.00146429 0.0239765 -0.999711
vn 0.00146429 0.0239765 -0.999711
vn -0.0113952 -0.904739 0.425815
vn 0.0123046 -0.917814 0.39682
vn 0.0409108 -0.922962 0.382712
vn 0.00836652 -0.0844248 -0.996395
vn -0.0221822 0.101663 -0.994572
vn -0.0221822 0.101663 -0.994572
vn -0.0221822 0.101663 -0.994572
vn 0.125387 -0.888041 0.442335
vn 0.145774 -0.783814 0.603644
vn 0.0875314 -0.887793 0.451843
vn -0.0416378 -0.79887 0.600061
vn -0.131223 -0.682089 0.719399
vn -0.168657 -0.634438 0.75435
vn 0.25052 -0.782196 0.570446
vn 0.125717 -0.808564 0.574821
vn 0.0454287 -0.780081 0.624027
vn -0.175062 -0.707175 0.685023
vn -0.278444 -0.860046 0.42754
vn -0.315727 -0.810379 0.493561
vn -0.361682 -0.715099 0.598181
vn -0.406749 -0.669564 0.621482
vn -0.380951 -0.62783 0.678754
vn 0.394103 -0.644055 0.655649
vn 0.359246 -0.709282 0.606515
vn 0.128465 -0.753446 0.644838
vn -0.10042 -0.645869 0.756815
vn -0.183805 -0.851968 0.490271
vn -0.251041 -0.78385 0.567942
vn 0.224127 -0.79535 0.563192
vn -0.0137959 0.0617443 0.997997
vn 0.0265193 -0.881344 0.47173
vn -0.155974 -0.98289 0.0979764
vn -0.204028 -0.93924 0.276045
vn -0.178843 -0.952744 -0.24555
vn -0.0689621 -0.568323 0.81991
vn -0.150231 -0.857694 0.491723
vn -0.0112831 -0.890675 0.454501
vn 0.00886918 -0.919032 0.394083
vn 0.0130471 -0.0693512 -0.997507
vn 0.0130471 -0.0693512 -0.997507
vn 0.0130471 -0.0693512 -0.997507
vn 0.150028 -0.646753 0.747798
vn 0.152366 -0.735226 0.660475
vn -0.200173 -0.919835 0.337393
vn -0.212028 -0.913513 0.347187
vn -0.205147 -0.918659 0.33761
vn -0.181819 -0.930799 0.317105
vn -0.153927 -0.928095 0.339037
vn -0.122776 -0.932812 0.338803
vn 0.167806 -0.930403 0.325871
vn 0.195601 -0.923906 0.328842
vn 0.206527 -0.922489 0.326131
vn 0.199296 -0.924732 0.324272
vn 0.161429 -0.931652 0.325522
vn 0.130441 -0.934945 0.329943
vn 0.0919044 -0.937814 0.334751
vn -0.178909 -0.925552 0.333683
vn -0.216181 -0.912679 0.346817
vn -0.214004 -0.923679 0.317836
vn -0.234765 -0.88998 0.390922
vn -0.234477 -0.898995 0.369904
vn -0.228472 -0.884058 0.407729
vn 0.28768 -0.898448 0.33171
vn 0.282258 -0.881403 0.378759
vn 0.216549 -0.938355 0.269437
vn 0.207832 -0.901753 0.379008
vn 0.147329 -0.947547 0.283634
vn 0.142166 -0.914348 0.379152
vn 0.0513809 -0.931898 0.359062
vn -0.343721 -0.878636 0.331442
vn -0.434942 -0.859591 0.268194
vn -0.414842 -0.819906 0.394537
vn -0.493764 -0.811668 0.312077
vn -0.483667 -0.787382 0.382225
vn 0.438908 -0.852636 0.2835
vn 0.420469 -0.815965 0.396745
vn 0.361612 -0.89335 0.266763
vn 0.346875 -0.857937 0.378976
vn 0.278208 -0.901492 0.331532
vn -0.0582798 -0.928558 0.366583
vn -0.15508 -0.917953 0.36512
vn -0.140897 -0.906208 0.398667
vn -0.15508 -0.917953 0.36512
vn -0.20054 -0.921912 0.331454
vn -0.282791 -0.881674 0.37773
vn -0.288515 -0.89818 0.331709
vn 0.241302 -0.895888 0.373038
vn 0.236253 -0.905348 0.352888
vn 0.175129 -0.922555 0.343835
vn 0.164301 -0.927763 0.335054
vn 0.191783 -0.924161 0.330371
vn 0.21073 -0.917814 0.336466
vn 0.135066 -0.931884 0.336674
vn 0.140956 -0.937814 0.317233
vn -0.0413921 -0.941261 0.335135
vn -0.121067 -0.935328 0.332421
vn -0.154514 -0.930805 0.33125
vn -0.179285 -0.926253 0.331531
vn -0.210343 -0.919227 0.332833
vn -0.186346 -0.917615 0.35108
vn -0.146379 -0.934013 0.325874
vn -0.117022 -0.94524 0.304676
vn 0.0539596 -0.946355 0.318592
vn 0.127162 -0.93196 0.33953
vn 0.175688 -0.933865 0.311495
vn 0.168874 -0.928077 0.331895
vn 0.201778 -0.921546 0.331721
vn 0.224709 -0.91467 0.335984
vn 0.21364 -0.9161 0.339293
vn -0.110013 -0.933253 0.341959
vn -0.0751617 -0.935097 0.34633
vn -0.0570664 -0.941566 0.331959
vn -0.0375015 -0.939444 0.340644
vn -0.0014468 -0.937627 0.347639
vn 0.0367409 -0.940735 0.337147
vn 0.073478 -0.939125 0.335626
vn 0.0700324 -0.937781 0.340091
vn 0.106621 -0.939207 0.326379
vn 0.138264 -0.94293 0.30293
vn 0.0464943 -0.943321 0.328608
vn 0.018518 -0.947931 0.317938
vn -0.0151363 -0.943085 0.332208
vn -0.0445103 -0.945977 0.321165
vn -0.0776043 -0.939609 0.333335
vn -0.108346 -0.937135 0.331722
vn -0.101413 -0.937508 0.332858
vn -0.12787 -0.936063 0.327772
vn -0.148102 -0.931678 0.331726
vn 0.0328542 -0.954299 0.297043
vn -0.0563864 -0.93989 0.336791
vn -0.111961 -0.941392 0.318192
vn -0.19425 -0.92343 0.330974
vn -0.267084 -0.904716 0.331895
vn -0.510956 -0.838538 0.18915
vn -0.500635 -0.836478 0.222868
vn 0.23916 -0.91618 0.321586
vn 0.18484 -0.92969 0.318607
vn 0.101131 -0.938213 0.330952
vn 0.0260168 -0.942957 0.331896
vn -0.022444 -0.943051 0.33189
vn 0.232308 -0.910491 0.342109
vn 0.220868 -0.921755 0.318724
vn 0.115086 -0.93897 0.324177
vn 0.0975677 -0.93552 0.339534
vn 0.0811347 -0.943663 0.320807
vn 0.0512599 -0.945259 0.32227
vn 0.0185583 -0.942286 0.334295
vn 0.000376521 -0.944324 0.329017
vn -0.0204253 -0.948031 0.317522
vn -0.0831756 -0.941683 0.32606
vn -0.152171 -0.935296 0.319475
vn -0.101563 -0.9418 0.320466
vn -0.0626313 -0.939377 0.337117
vn -0.0411789 -0.938529 0.342736
vn -0.0200491 -0.934649 0.355005
vn 0.0184477 -0.94389 0.329745
vn 0.0908136 -0.945867 0.311591
vn 0.0465529 -0.951024 0.305591
vn -0.0598749 -0.930497 0.361373
vn 0.263506 -0.953721 0.144845
vn 0.225875 -0.955804 0.188199
vn 0.223044 -0.960444 0.166731
vn 0.150895 -0.970467 0.188215
vn 0.150893 -0.970468 0.188208
vn 0.0749211 -0.979267 0.188212
vn -0.290583 -0.897524 0.33168
vn -0.377411 -0.915574 0.138874
vn -0.346013 -0.899091 0.268159
vn -0.447353 -0.88325 0.14052
vn -0.447475 -0.883275 0.13997
vn -0.516456 -0.848608 0.114622
vn 0.489278 -0.808686 0.32655
vn 0.510584 -0.838972 0.188229
vn 0.510822 -0.844021 0.163368
vn 0.447431 -0.883405 0.139285
vn 0.449687 -0.878101 0.16346
vn 0.374299 -0.907994 0.188273
vn 0.37195 -0.91366 0.163947
vn 0.302516 -0.934364 0.188278
vn -0.16869 -0.928111 0.331895
vn -0.227901 -0.964375 0.134322
vn -0.199383 -0.942491 0.268249
vn -0.264757 -0.954906 0.134379
vn 0.420392 -0.693974 0.584526
vn 0.486761 -0.809133 0.329191
vn 0.00112963 -0.0200025 0.999799
vn 0.00233551 -0.0413554 0.999142
vn 0.000609382 0.00211734 0.999998
vn 0.0011085 0.030679 0.999529
vn 0.00262986 0.0727843 0.997344
vn -0.0397467 -0.589847 -0.806536
vn -0.0397467 -0.589847 -0.806536
vn -0.0397467 -0.589847 -0.806536
vn 0 0 1
vn 0 0 1
vn -6.43476e-08 7.82096e-07 1
vn 0 0 1
vn -7.21108e-08 7.85128e-07 1
vn 8.22384e-05 0.000489338 1
vn 0.000269264 0.00164117 0.999999
vn 1.80418e-07 -1.06928e-05 1
vn 1.69268e-05 8.99913e-05 1
vn 2.95221e-06 0.000100575 1
vn -0.000293023 -0.00416787 0.999991
vn -4.37909e-05 -0.000585178 1
vn 1.41667e-05 -0.000349071 1
vn 5.99247e-06 -4.36413e-05 1
vn 0.000366964 -0.00396708 0.999992
vn 0.000113579 -0.000856384 1
vn 0.00060925 -0.00343488 0.999994
vn 7.95871e-07 -7.96736e-06 1
vn -7.68809e-06 -4.36298e-05 1
vn -1.77217e-05 -0.000382164 1
vn -4.34332e-06 -6.08648e-05 1
vn -1.11595e-06 -2.17828e-05 1
vn -0.000241477 0.0010426 0.999999
vn 3.61058e-07 -1.54824e-06 1
vn -1.06734e-07 -3.38498e-06 1
vn 2.17641e-07 -1.29914e-05 1
vn 4.60483e-06 2.63959e-05 1
vn 0.000512127 0.00236539 0.999997
vn 3.0808e-05 0.000153453 1
vn -0.000235802 -0.00184993 0.999998
vn 3.82579e-07 2.15217e-05 1
vn -7.72356e-06 -0.000624684 1
vn 3.0054e-06 -1.84383e-05 1
vn 0.000122273 -0.00373616 0.999993
vn -8.21786e-05 0.000616925 1
vn -0.0010541 0.00988806 0.999951
vn -2.91924e-05 0.000103503 1
vn 0.000608445 -0.00407477 0.999992
vn -0.000658073 0.00289293 0.999996
vn -4.34595e-05 0.000132313 1
vn -3.22804e-06 8.06303e-05 1
vn -7.29808e-06 0.00052433 1
vn 3.09291e-06 -5.7644e-06 1
vn 9.45547e-06 -0.000320007 1
vn 3.91439e-06 -0.00012744 1
vn -6.06164e-07 8.80043e-06 1
vn -0.000905197 -0.0160284 0.999871
vn -0.00232463 -0.0411625 0.99915
vn -0.000164502 -0.00395416 0.999992
vn 0.000326404 0.00164361 0.999999
vn 2.12246e-05 0.000142155 1
vn -7.05221e-05 -0.000396706 1
vn -9.51844e-05 -0.000682101 1
vn 5.81002e-08 6.55793e-07 1
vn 0 7.18128e-07 1
vn 2.74298e-08 1.41803e-06 1
vn 2.55474e-07 4.47067e-07 1
vn 2.25606e-07 4.92044e-07 1
vn 1.98246e-07 5.3971e-07 1
vn 1.68381e-07 5.98742e-07 1
vn 1.34126e-07 6.74595e-07 1
vn 9.23756e-08 7.76713e-07 1
vn 3.73907e-08 9.22975e-07 1
vn -4.3096e-08 1.15206e-06 1
vn 7.74572e-08 7.45488e-07 1
vn 5.89251e-07 7.61842e-06 1
vn 7.08251e-06 -5.25853e-05 1
vn -4.10945e-06 4.03819e-05 1
vn 6.39271e-08 5.62379e-06 1
vn -6.34917e-10 1.59239e-06 1
vn -3.29147e-08 1.24217e-06 1
vn -1.14994e-07 2.02021e-06 1
vn 0 0 1
vn 2.27974e-05 0.000188756 1
vn -2.60174e-06 2.13821e-05 1
vn -2.32932e-05 -0.000145277 1
vn -9.26639e-08 7.79125e-07 1
vn -1.3473e-07 6.77652e-07 1
vn -1.69337e-07 6.02147e-07 1
vn -1.99577e-07 5.43318e-07 1
vn -2.27328e-07 4.95794e-07 1
vn -2.57681e-07 4.50934e-07 1
vn -5.92541e-08 6.55983e-07 1
vn 0 7.18128e-07 1
vn 5.27521e-05 -0.000823695 -1
vn 1.37386e-05 -0.000214521 -1
vn -2.06668e-06 3.81727e-05 -1
vn 0.000413074 0.00259798 -0.999997
vn 0.000327748 -0.00178645 -0.999998
vn 0 0 -1
vn 0 1.25672e-06 -1
vn 0 1 0
vn 0.000104137 1 0.000104137
vn 0 1 0
vn 0 1 0
vn -0.707109 0 -0.707105
vn -0.707109 0 -0.707105
vn -0.707109 0 -0.707105
vn 2.2197e-07 -1 -8.88825e-07
vn 0 -1 0
vn 0 -1 0
vn 0 -1 0
vn 0 -1 0
vn 0 -1 0
vn 0.000115257 -1 -6.23337e-05
vn 7.29498e-06 -1 -2.9211e-05
vn -7.36009e-05 -1 0
vn 7.50752e-07 -1 5.07724e-07
vn 0 -1 -3.8442e-05
vn 1.58896e-08 -1 1.07459e-08
vn 9.60149e-07 -1 2.73848e-05
vn 0 -1 0
vn 0 -1 0
vn 0 -1 0
vn 0 -1 0
vn 0 -1 0
vn 0.62833 -0.631258 -0.454659
vn 0.62833 -0.631258 -0.454659
vn 0.62833 -0.631258 -0.454659
vn 0.680326 -0.351799 -0.642958
vn 0.680326 -0.351799 -0.642958
vn 0.680326 -0.351799 -0.642958
vn 0.615305 -0.361085 -0.700726
vn 0.615305 -0.361085 -0.700726
vn 0.370318 -0.602096 -0.707351
vn 0.790723 -0.0701769 -0.608139
vn 0.446275 8.3188e-08 -0.894896
vn 0.446275 8.3188e-08 -0.894896
vn 0.446267 7.98548e-08 -0.8949
vn 0.446283 8.65211e-08 -0.894892
vn 0.593939 0.331656 -0.732967
vn 0.593939 0.331656 -0.732967
vn 0.380612 0.566954 -0.730546
vn 0.673543 0.209742 -0.708766
vn 0.579269 0.607669 -0.54331
vn 0.579269 0.607669 -0.54331
vn 0.579269 0.607669 -0.54331
vn 0.603584 0.725138 -0.331453
vn 0.603584 0.725138 -0.331453
vn 0.379045 0.727132 -0.572367
vn 0.707901 0.685973 -0.168278
vn 0.446993 0.894537 8.13771e-07
vn 0.446993 0.894537 8.13771e-07
vn 0.447703 0.894182 2.10132e-06
vn 0.446283 0.894892 -4.73402e-07
vn 0.60801 0.727633 0.317608
vn 0.60801 0.727633 0.317608
vn 0.360812 0.686094 0.631736
vn 0.688226 0.708067 0.158071
vn 0.614096 0.58931 0.524975
vn 0.614096 0.58931 0.524975
vn 0.614096 0.58931 0.524975
vn 0.633262 0.337516 0.696464
vn 0.633262 0.337516 0.696464
vn 0.357482 0.639798 0.680343
vn 0.72211 0.185179 0.666532
vn 0.446267 5.31186e-08 0.8949
vn 0.446267 5.31186e-08 0.8949
vn 0.446267 5.31191e-08 0.8949
vn 0.446267 5.31181e-08 0.8949
vn 0.603583 -0.312613 0.733458
vn 0.603583 -0.312613 0.733458
vn 0.389645 -0.534343 0.750103
vn 0.724973 -0.129644 0.676467
vn 0.605818 -0.454818 0.652783
vn 0.605818 -0.454818 0.652783
vn 0.605818 -0.454818 0.652783
vn 0.648963 -0.670809 0.358974
vn 0.648963 -0.670809 0.358974
vn 0.648963 -0.670809 0.358974
vn 0.601959 -0.73554 0.310848
vn 0.601959 -0.73554 0.310848
vn 0.390066 -0.751318 0.532325
vn 0.721309 -0.680263 0.130218
vn 0.446398 -0.894835 9.47398e-07
vn 0.446398 -0.894835 9.47398e-07
vn 0.446398 -0.894835 9.47438e-07
vn 0.446398 -0.894835 9.47359e-07
vn 0.611841 -0.740287 -0.278615
vn 0.611841 -0.740287 -0.278615
vn 0.378756 -0.726244 -0.573685
vn 0.703924 -0.703409 -0.0985226
vn 0.446234 0.894916 6.59843e-07
vn 0.446234 0.894916 6.59843e-07
vn 0.446397 0.894835 9.58743e-07
vn 0.446071 0.894997 3.60504e-07
vn 0.446365 5.33515e-08 -0.894851
vn 0.446365 5.33515e-08 -0.894851
vn 0.446365 5.33428e-08 -0.894851
vn 0.446365 5.33603e-08 -0.894851
vn 0.444823 -0.895618 2.17044e-06
vn 0.444823 -0.895618 2.17044e-06
vn 0.443236 -0.896405 5.08229e-06
vn 0.446414 -0.894826 -7.49574e-07
vn 0.44644 1.37321e-07 0.894814
vn 0.44644 1.37321e-07 0.894814
vn 0.4463 1.94721e-07 0.894883
vn 0.446579 8.00788e-08 0.894744
vn 0.584209 -0.465331 -0.664956
vn 0.584209 -0.465331 -0.664956
vn 0.584209 -0.465331 -0.664956
vn 0.645594 1.13252e-07 -0.763681
vn 0.645594 1.13252e-07 -0.763681
vn 0.645622 1.26806e-07 -0.763657
vn 0.645565 9.96995e-08 -0.763705
vn 0.600184 0.410702 -0.68637
vn 0.600184 0.410702 -0.68637
vn 0.600184 0.410702 -0.68637
vn 0.597215 0.682273 -0.421708
vn 0.597215 0.682273 -0.421708
vn 0.597215 0.682273 -0.421708
vn 0.644898 0.764269 7.52405e-07
vn 0.644898 0.764269 7.52405e-07
vn 0.644251 0.764814 -6.05784e-07
vn 0.645544 0.763723 2.1082e-06
vn 0.591644 0.676246 0.438918
vn 0.591644 0.676246 0.438918
vn 0.591644 0.676246 0.438918
vn 0.57861 0.481254 0.658488
vn 0.57861 0.481254 0.658488
vn 0.57861 0.481254 0.658488
vn 0.64519 2.62436e-07 0.764022
vn 0.64519 2.62436e-07 0.764022
vn 0.64483 4.3276e-07 0.764326
vn 0.645549 9.26557e-08 0.763719
vn 0.599629 -0.40082 0.692667
vn 0.599629 -0.40082 0.692667
vn 0.599629 -0.40082 0.692667
vn 0.604234 -0.69223 0.394612
vn 0.604234 -0.69223 0.394612
vn 0.604234 -0.69223 0.394612
vn 0.645709 -0.763583 4.04259e-07
vn 0.645709 -0.763583 4.04259e-07
vn 0.645902 -0.763421 0
vn 0.645517 -0.763746 8.08643e-07
vn 0.603739 -0.690775 -0.397906
vn 0.603739 -0.690775 -0.397906
vn 0.603739 -0.690775 -0.397906
vn 0.645709 0.763583 4.0863e-07
vn 0.645709 0.763583 4.0863e-07
vn 0.645517 0.763746 0
vn 0.645902 0.76342 8.17943e-07
vn 0.645565 8.85358e-08 -0.763705
vn 0.645565 8.85358e-08 -0.763705
vn 0.645589 9.99204e-08 -0.763685
vn 0.645541 7.71453e-08 -0.763726
vn 0.646973 -0.762513 2.46147e-06
vn 0.646973 -0.762513 2.46147e-06
vn 0.648355 -0.761338 -4.78554e-07
vn 0.645586 -0.763687 5.40649e-06
vn 0.645723 2.3797e-08 0.763572
vn 0.645723 2.3797e-08 0.763572
vn 0.645589 8.71658e-08 0.763685
vn 0.645857 -3.98025e-08 0.763458
vn 0.760693 -0.372408 -0.531656
vn 0.760693 -0.372408 -0.531656
vn 0.760693 -0.372408 -0.531656
vn 0.809525 5.92475e-07 -0.587085
vn 0.809525 5.92475e-07 -0.587085
vn 0.810234 1.02915e-06 -0.586106
vn 0.808811 1.53366e-07 -0.588069
vn 0.772624 0.326062 -0.544734
vn 0.772624 0.326062 -0.544734
vn 0.772624 0.326062 -0.544734
vn 0.771193 0.541451 -0.334802
vn 0.771193 0.541451 -0.334802
vn 0.771193 0.541451 -0.334802
vn 0.80882 0.588057 -4.68883e-09
vn 0.80882 0.588057 -4.68883e-09
vn 0.808822 0.588054 0
vn 0.808818 0.588059 -9.38423e-09
vn 0.776511 0.546562 0.31353
vn 0.776511 0.546562 0.31353
vn 0.776511 0.546562 0.31353
vn 0.763747 0.360522 0.535458
vn 0.763747 0.360522 0.535458
vn 0.763747 0.360522 0.535458
vn 0.808997 3.80786e-07 0.587813
vn 0.808997 3.80786e-07 0.587813
vn 0.808675 5.7846e-07 0.588255
vn 0.809318 1.82971e-07 0.587371
vn 0.76829 -0.335895 0.54489
vn 0.76829 -0.335895 0.54489
vn 0.76829 -0.335895 0.54489
vn 0.772182 -0.542756 0.33038
vn 0.772182 -0.542756 0.33038
vn 0.772182 -0.542756 0.33038
vn 0.808633 -0.588314 0
vn 0.808633 -0.588314 0
vn 0.808633 -0.588314 0
vn 0.808633 -0.588314 0
vn 0.775939 -0.546386 -0.315248
vn 0.775939 -0.546386 -0.315248
vn 0.775939 -0.546386 -0.315248
vn 0.808633 0.588314 0
vn 0.808633 0.588314 0
vn 0.808633 0.588314 0
vn 0.808633 0.588314 0
vn 0.808829 1.38287e-07 -0.588044
vn 0.808829 1.38287e-07 -0.588044
vn 0.808868 1.62391e-07 -0.58799
vn 0.80879 1.14171e-07 -0.588098
vn 0.808836 -0.588034 -3.43416e-07
vn 0.808836 -0.588034 -3.43416e-07
vn 0.808797 -0.588088 -2.35173e-07
vn 0.808876 -0.58798 -4.51953e-07
vn 0.808797 1.22927e-07 0.588088
vn 0.808797 1.22927e-07 0.588088
vn 0.808797 1.22891e-07 0.588088
vn 0.808797 1.22963e-07 0.588088
vn 0.873411 -0.357947 -0.330193
vn 0.873411 -0.357947 -0.330193
vn 0.873411 -0.357947 -0.330193
vn 0.927545 1.32646e-07 -0.373712
vn 0.927545 1.32646e-07 -0.373712
vn 0.927131 -2.69749e-07 -0.374737
vn 0.927954 5.3143e-07 -0.372695
vn 0.878816 0.349552 -0.324802
vn 0.878816 0.349552 -0.324802
vn 0.878816 0.349552 -0.324802
vn 0.827843 0.443927 -0.342937
vn 0.827843 0.443927 -0.342937
vn 0.827843 0.443927 -0.342937
vn 0.933798 0.3578 -2.65283e-05
vn 0.933798 0.3578 -2.65283e-05
vn 0.927857 0.372936 -5.52281e-05
vn 0.939069 0.343728 0
vn 0.860391 0.393697 0.323621
vn 0.860391 0.393697 0.323621
vn 0.860391 0.393697 0.323621
vn 0.824972 0.347851 0.445445
vn 0.824972 0.347851 0.445445
vn 0.824972 0.347851 0.445445
vn 0.933934 6.19817e-06 0.357446
vn 0.933934 6.19817e-06 0.357446
vn 0.928123 1.25331e-05 0.372273
vn 0.939097 3.3793e-07 0.343653
vn 0.87299 -0.369022 0.318922
vn 0.87299 -0.369022 0.318922
vn 0.87299 -0.369022 0.318922
vn 0.834654 -0.423224 0.352469
vn 0.834654 -0.423224 0.352469
vn 0.834654 -0.423224 0.352469
vn 0.933093 -0.359636 6.48238e-07
vn 0.933093 -0.359636 6.48238e-07
vn 0.932954 -0.359995 1.29831e-06
vn 0.933231 -0.359278 0
vn 0.836466 -0.423338 -0.348009
vn 0.836466 -0.423338 -0.348009
vn 0.836466 -0.423338 -0.348009
vn 0.92796 0.372681 -1.23507e-07
vn 0.92796 0.372681 -1.23507e-07
vn 0.927931 0.372751 -2.46633e-07
vn 0.927988 0.372611 0
vn 0.927909 1.71664e-07 -0.372807
vn 0.927909 1.71664e-07 -0.372807
vn 0.927903 1.66045e-07 -0.372822
vn 0.927915 1.77286e-07 -0.372793
vn 0.927895 -0.372843 -1.24059e-07
vn 0.927895 -0.372843 -1.24059e-07
vn 0.927889 -0.372857 -9.91009e-08
vn 0.9279 -0.372828 -1.49092e-07
vn 0.92793 1.31472e-07 0.372755
vn 0.92793 1.31472e-07 0.372755
vn 0.927951 1.10703e-07 0.372702
vn 0.927909 1.52252e-07 0.372808
vn 0.991078 -0.133283 -0.000659083
vn 0.90736 -0.231456 -0.350894
vn 0.55065 0.28281 -0.785368
vn 0.99168 -0.000324338 -0.128725
vn 0.8978 -0.435029 -0.0685945
vn 0.991702 1.05011e-07 -0.128557
vn 0.991704 0.000154467 -0.128542
vn 0.991728 1.82116e-07 -0.128353
vn 0.912781 0.189395 -0.361884
vn 0.877822 0.474006 -0.0688974
vn 0.990177 0.139816 -0.00136711
vn 0.608423 -0.360701 -0.706907
vn 0.990965 0.134122 -1.05574e-05
vn 0.990988 0.133949 0.000565676
vn 0.991755 0.128146 -5.42425e-07
vn 0.928686 0.306189 0.209261
vn 0.792072 -0.0785828 0.605349
vn 0.989956 0.000262795 0.141372
vn 0.747723 0.602592 -0.278915
vn 0.990862 2.3998e-06 0.134881
vn 0.990865 -0.000179481 0.13486
vn 0.991675 -0.00034764 0.128768
vn 0.908089 -0.229417 0.350346
vn 0.991124 -0.132934 0.00152125
vn 0.712064 0.210768 0.669733
vn 0.991038 -0.133578 -2.669e-07
vn 0.991044 -0.133537 -3.33287e-07
vn 0.991683 0.128707 -2.28989e-07
vn 0.991683 0.128707 -2.28989e-07
vn 0.991685 0.128687 -1.94526e-07
vn 0.99168 0.128728 -2.63577e-07
vn 0.991662 1.55508e-07 -0.128867
vn 0.991662 1.55508e-07 -0.128867
vn 0.991654 1.33583e-07 -0.128925
vn 0.991669 1.77456e-07 -0.128809
vn 0.991676 -0.128761 -2.71681e-07
vn 0.991676 -0.128761 -2.71681e-07
vn 0.991694 -0.12862 -5.08382e-07
vn 0.991657 -0.128902 -3.42605e-08
vn 0.991686 1.4543e-07 0.128681
vn 0.991686 1.4543e-07 0.128681
vn 0.991677 1.72529e-07 0.128753
vn 0.991695 1.18307e-07 0.12861
vn 1 1.4943e-07 -4.02371e-07
vn 1 1.4943e-07 -4.02371e-07
vn 1 1.79316e-07 -2.68248e-07
vn 1 1.19544e-07 -5.36495e-07
vn 4.25796e-06 1.41922e-08 -1
vn 4.25796e-06 1.41922e-08 -1
vn 0 2.83832e-08 -1
vn 8.51586e-06 1.45024e-12 -1
vn -7.63184e-09 -1 -1.27191e-08
vn 0 -1 0
vn 0 -1 0
vn -8.13999e-09 -1 -1.35659e-08
vn -1.0838e-05 -1 -1.80623e-05
vn -4.01181e-06 -3.54858e-09 1
vn -4.01181e-06 -3.54858e-09 1
vn -4.58493e-06 -7.09657e-09 1
vn -1 -1.41916e-07 1.09769e-07
vn -1 -1.41916e-07 1.09769e-07
vn -1 -1.13533e-07 2.19538e-07
vn -1 -1.70299e-07 0
vn 0.989941 1.40488e-07 0.141478
vn 0.989941 1.40488e-07 0.141478
vn 0.989951 1.12392e-07 0.141412
vn 0.989932 1.68584e-07 0.141544
vn -0.141412 -2.40823e-08 0.989951
vn -0.141412 -2.40823e-08 0.989951
vn -0.141412 -2.40823e-08 0.989951
vn -0.141412 -2.40823e-08 0.989951
vn 0.819844 -2.39294e-05 0.572587
vn 0.819844 -2.39294e-05 0.572587
vn 0.857509 -5.61291e-05 0.514469
vn 0.789287 8.96098e-08 0.614025
vn 0.514403 5.17496e-06 0.857549
vn 0.514403 5.17496e-06 0.857549
vn 0.514403 5.17496e-06 0.857549
vn 0.216524 -3.20612e-05 0.976277
vn 0.216524 -3.20612e-05 0.976277
vn 0.141447 1.70639e-08 0.989946
vn 0.266061 -5.34235e-05 0.963956
vn -0.553468 -9.42551e-08 0.83287
vn -0.553468 -9.42551e-08 0.83287
vn -0.553468 -9.42551e-08 0.83287
vn -0.977945 -2.90424e-05 0.208863
vn -0.977945 -2.90424e-05 0.208863
vn -0.977945 -2.90424e-05 0.208863
vn -0.000397405 1 0.000238435
vn -0.000190745 1 0.000190762
vn 0.000238038 0.999999 -0.00166638
vn -0.00023847 1 0.000397468
vn 0.00166818 0.999999 -0.000238064
vn -1 -1.70299e-07 -1.35334e-11
vn -1 -1.70299e-07 -1.35334e-11
vn -1 -2.27066e-07 2.38404e-05
vn -1 -1.13532e-07 -2.38405e-05
vn -3.43869e-06 -5.85606e-13 1
vn 0 1 0
vn 0 1 0
vn 0 1 0
vn 0 1 0
vn 0 1 0
vn -9.11586e-05 -1 5.46933e-05
vn -9.11586e-05 -1 5.46933e-05
vn 3.86587e-05 -1 -0.00027063
vn -0.00011537 -1 0.000115368
vn 1 1.25821e-07 -2.47674e-08
vn 1 3.92783e-05 4.05752e-05
vn 1 1.78685e-07 1.88527e-07
vn 1 -1.24248e-06 1.24245e-06
vn 1 -5.55769e-05 -5.38004e-05
vn 1 -1.26402e-06 -1.19275e-07
vn 1 1.74367e-07 9.17466e-14
vn 1 8.905e-07 -1.59257e-07
vn 1 -1.48131e-05 1.51235e-05
vn 1 -3.29684e-05 3.32506e-05
vn 1 2.66357e-06 -1.30746e-07
vn 1 2.53005e-06 -2.39119e-07
vn 1 4.10881e-07 -1.18393e-06
vn 1 1.5722e-06 -9.53198e-07
vn 1 1.03432e-06 -1.51397e-06
vn 1 1.19573e-07 -2.50563e-06
vn 1 1.45339e-07 -1.31847e-06
vn 1 -2.69136e-07 -2.0666e-07
vn 1 4.79413e-05 -5.2109e-05
vn 1 3.17908e-05 -3.58941e-05
vn 1 -1.73746e-06 -7.88274e-07
vn 1 -2.52494e-06 -6.84331e-10
vn 0 -1 0
vn 0 -1 0
vn 0 -1 0
vn 0 -1 0
vn 6.75024e-08 1 2.2035e-07
vn 1.35005e-07 1 -5.94966e-14
vn 6.75024e-08 1 2.2035e-07
vn 0 1 4.407e-07
vn 0 0 1
vn 0 0 1
vn 0 0 1
vn 0 0 1
vn 1 0 0
vn 1 0 0
vn 1 0 0
vn -1 0 0
vn -1 0 0
vn -1 0 0
vn 0 -0.98996 0.141346
vn 0 -0.98996 0.141346
vn 0 -0.98996 0.141346
vn 0 -0.98996 0.141346
vn 0 0.98996 0.141346
vn 0 0.98996 0.141346
vn 0 0.98996 0.141346
vn 0 0.98996 0.141346
vn 3.96064e-05 -0.804141 0.594439
vn 9.71363e-05 -0.857473 0.514529
vn 3.96064e-05 -0.804141 0.594439
vn 0 -0.763341 0.645996
vn 3.47342e-08 -0.514562 0.857453
vn 3.47342e-08 -0.514562 0.857453
vn 3.47342e-08 -0.514562 0.857453
vn 3.35794e-05 -0.207527 0.978229
vn 0 -0.141428 0.989949
vn 3.35794e-05 -0.207527 0.978229
vn 5.766e-05 -0.254534 0.967064
vn 0 0.857478 0.51452
vn 0 0.857478 0.51452
vn 0 0.857478 0.51452
vn 0 0.857478 0.51452
vn 0 0.514403 0.857549
vn 0 0.514403 0.857549
vn 0 0.514403 0.857549
vn 0 0.514403 0.857549
vn 0 0.141391 0.989954
vn 0 0.141391 0.989954
vn 0 0.141391 0.989954
vn 0 0.141391 0.989954
vn 4.30688e-09 -0.991436 0.13059
vn 8.53037e-09 -0.965921 0.258838
vn 8.53058e-09 -0.965897 0.258926
vn 4.30996e-09 -0.991436 0.13059
vn 1.64666e-08 -0.865977 0.500083
vn 2.32554e-08 -0.707101 0.707113
vn 2.32569e-08 -0.707054 0.70716
vn 1.64658e-08 -0.866018 0.500013
vn 2.84532e-08 -0.499999 0.866026
vn 2.84509e-08 -0.50004 0.866002
vn 3.17179e-08 -0.258854 0.965917
vn 3.1715e-08 -0.258877 0.96591
vn 2.12037e-06 -0.0542306 0.998528
vn 3.27688e-08 -0.0568907 0.99838
vn 6.82692e-06 0 1
vn 3.50626e-06 -0.00315373 0.999995
vn 4.89217e-05 -0.991407 0.130814
vn -1.31729e-05 -0.960115 0.279606
vn -1.75615e-05 -0.969728 0.244188
vn 1.76125e-08 -0.843107 0.537746
vn -2.55873e-05 -0.915574 0.402151
vn 1.54052e-08 -0.675381 0.737469
vn 2.21108e-08 -0.737295 0.675571
vn 1.01445e-08 -0.461684 0.887044
vn 8.70904e-09 -0.537572 0.843218
vn 3.19054e-08 -0.216591 0.976262
vn 2.1028e-08 -0.301182 0.953567
vn -3.6142e-06 -0.0531204 0.998588
vn 3.25609e-08 -0.0850536 0.996376
vn 4.03411e-06 -0.146008 0.989283
vn -3.13965e-06 -0.0891092 0.996022
vn -3.11791e-06 -0.178778 0.983889
vn 8.99041e-06 -0.35971 0.933064
vn -4.78016e-07 -0.327686 0.944787
vn -2.62045e-06 -0.417627 0.908619
vn 2.05404e-06 -0.447593 0.894238
vn -5.69294e-06 -0.51703 0.855967
vn 3.95554e-06 -0.516932 0.856026
vn -3.95807e-06 -0.607338 0.794444
vn 2.32768e-06 -0.580612 0.81418
vn 1.93329e-06 -0.66231 0.74923
vn -9.36861e-06 -0.670762 0.741672
vn 1.30164e-06 -0.722164 0.691722
vn 0 -0.719727 0.694258
vn 2.40659e-06 -0.774638 0.632405
vn 1.05506e-05 -0.782402 0.622774
vn -4.56941e-06 -0.883103 0.469178
vn -2.41647e-06 -0.916062 0.401038
vn 7.55039e-06 -0.916968 0.398962
vn 7.97583e-06 -0.853373 0.521301
vn 1.02041e-06 -0.948323 0.317305
vn 1.2956e-05 -0.97709 0.212826
vn 7.9503e-06 -0.97432 0.225166
vn 1.55363e-05 -0.97598 0.217859
vn 0 -0.977823 0.209431
vn 4.83784e-05 -0.913356 0.407161
vn 2.41974e-05 -0.945237 0.326386
vn 2.45637e-05 -0.874736 0.484599
vn -8.78013e-06 -0.476053 0.879417
vn 3.0712e-06 -0.534577 0.84512
vn -3.10068e-07 -0.420138 0.90746
vn -7.21167e-07 -0.168335 0.98573
vn -6.69557e-07 0.00915601 0.999958
vn -3.83633e-06 -0.0423413 0.999103
vn -1.0243e-05 -0.168708 0.985666
vn 0 0.0734202 0.997301
vn -4.5649e-06 0.0687032 0.997637
vn 2.01054e-09 0.998211 0.0597953
vn 2.02184e-09 0.998211 0.0597953
vn 2.01054e-09 0.998211 0.0597953
vn 1.99937e-09 0.998211 0.0597953
vn 7.67333e-06 -3.18344e-05 -1
vn -5.2373e-07 1.04109e-05 -1
vn -1.47457e-06 4.01404e-06 -1
vn 0 0 -1
vn 0 0 -1
vn 0 0 -1
vn 0 0 -1
vn 0 0 -1
vn 0 0 -1
vn -1.93548e-05 2.09876e-05 -1
vn 0 0 -1
vn 0 0 -1
vn 0 0 -1
vn 9.33282e-06 -6.07327e-06 -1
vn 2.62502e-06 3.90714e-07 -1
vn -4.22053e-06 2.16106e-05 -1
vn 5.5289e-05 0.000133365 -1
vn -0.000298247 -0.000206609 -1
vn 2.39501e-05 5.77711e-05 -1
vn 1.50892e-05 1.50876e-05 -1
vn 5.96515e-05 4.46964e-05 -1
vn -2.91076e-06 6.96272e-05 -1
vn -3.15661e-05 -3.44472e-05 -1
vn 4.77269e-06 -7.25146e-06 -1
vn -4.6013e-06 9.91388e-05 -1
vn -0.000152331 -0.000768915 -1
vn 0.000176482 -0.000189187 -1
vn 0.000463892 0.00162027 -0.999999
vn -0.000122301 -0.000249625 -1
vn -0.000414326 -0.00108276 -0.999999
vn 7.48121e-06 2.02905e-05 -1
vn -5.92888e-05 2.89237e-05 -1
vn 6.98231e-06 -4.88299e-05 -1
vn 0.000105027 -8.37213e-05 -1
vn 3.47275e-05 -3.9397e-05 -1
vn -8.56744e-05 0.000162555 -1
vn -9.11383e-05 7.42636e-05 -1
vn 5.69362e-05 -0.000197603 -1
vn -5.12396e-08 -1 2.59271e-06
vn 0 -1 0
vn 0 -1 0
vn 0 -1 0
vn -0.130596 -0.991436 9.49867e-08
vn -0.13059 -0.991436 1.08674e-07
vn -0.216326 -0.976321 1.43885e-07
vn -0.301009 -0.953621 1.33952e-07
vn -0.461634 -0.88707 1.48968e-07
vn -0.537516 -0.843254 2.85097e-07
vn -0.675419 -0.737435 4.80756e-07
vn -0.7374 -0.675456 6.5828e-07
vn -0.843282 -0.537472 6.98711e-07
vn -0.896795 -0.442446 -2.59644e-05
vn -0.954298 -0.298858 1.29705e-05
vn -0.993971 -0.109642 -1.16761e-05
vn -0.998421 -0.0561704 2.38405e-05
vn -0.999959 -0.00909068 -3.08383e-05
vn -0.999931 -0.0117173 -1.83846e-05
vn -0.246764 -0.969076 4.57285e-05
vn -0.395913 -0.918288 1.6288e-05
vn -0.179064 -0.983837 -0.000152718
vn -0.408171 -0.912905 0.000113574
vn -0.659219 -0.751951 -1.95902e-05
vn -0.740014 -0.672591 -3.44584e-05
vn -0.84725 -0.531194 -7.28881e-07
vn -0.942726 -0.333568 -1.43982e-05
vn -0.965839 -0.259141 3.31764e-05
vn -0.99506 -0.0992712 -1.65324e-05
vn -0.997788 -0.06648 1.68295e-05
vn -0.998331 -0.0577582 -1.04485e-05
vn -0.992939 -0.118624 5.7974e-05
vn -0.985666 -0.168711 4.48284e-05
vn -0.97028 -0.241986 6.30652e-05
vn -0.967528 -0.252765 3.23621e-05
vn -0.945514 -0.325582 2.85434e-05
vn -0.933375 -0.358903 6.95686e-06
vn -0.902867 -0.429919 -4.12253e-06
vn -0.887074 -0.461626 3.72385e-05
vn -0.863325 -0.504648 8.32161e-06
vn -0.822645 -0.568555 3.33595e-05
vn -0.808493 -0.588505 -2.41171e-05
vn -0.770192 -0.637812 5.34381e-05
vn -0.751993 -0.659171 4.07216e-05
vn -0.703252 -0.710941 1.76118e-05
vn -0.67585 -0.737039 4.4585e-05
vn -0.629992 -0.776602 -4.77741e-05
vn -0.576882 -0.816828 1.05603e-05
vn -0.512826 -0.858493 -5.67057e-05
vn -0.44284 -0.896601 5.07286e-05
vn -0.387291 -0.921958 -3.26684e-05
vn -0.264031 -0.964514 -2.50536e-05
vn -0.219389 -0.975637 -3.90901e-05
vn -0.209789 -0.977747 9.32935e-06
vn -0.21672 -0.976234 -2.27795e-05
vn -0.336759 -0.941591 2.58285e-05
vn -0.412746 -0.910846 -4.0828e-05
vn -0.479283 -0.87766 1.07441e-05
vn -0.582818 -0.812603 -2.50073e-05
vn -0.601568 -0.798822 3.02526e-05
vn -0.689558 -0.72423 -2.06065e-05
vn -0.730753 -0.682642 -7.49439e-05
vn -0.793888 -0.608064 -0.000108431
vn -0.828898 -0.559399 -0.000157406
vn -0.870431 -0.49229 -6.22002e-05
vn -0.905586 -0.424162 -5.92555e-05
vn -0.945952 -0.324306 3.41648e-05
vn -0.973003 -0.230793 -4.10386e-05
vn -0.988337 -0.152283 -5.23685e-06
vn -0.999129 -0.0417377 -5.23421e-05
vn -0.99978 -0.0209635 -4.41082e-05
vn -0.999678 0.0253743 -5.33967e-05
vn -0.999904 0.0138563 -7.6043e-07
vn -0.050242 0.998737 -2.91185e-08
vn -0.0502418 0.998737 -3.8209e-08
vn -0.050242 0.998737 -2.91185e-08
vn -0.0502423 0.998737 -1.97302e-08
vn 0.663498 0.748178 0
vn 0.663496 0.74818 2.60556e-07
vn 0.663498 0.748178 0
vn 0.663501 0.748176 -2.78012e-07
vn 0.998205 0.0598964 -6.27715e-07
vn 0.998204 0.0599082 -4.18256e-07
vn 0.998205 0.0598964 -6.27715e-07
vn 0.998205 0.0598844 -8.37394e-07
vn -0.0597964 0.998211 6.32595e-08
vn -0.0597957 0.998211 5.01626e-08
vn -0.0597964 0.998211 6.32595e-08
vn -0.0597971 0.998211 7.65908e-08
vn 0.663109 0.748523 -7.78856e-07
vn 0.663161 0.748477 -8.49406e-07
vn 0.663109 0.748523 -7.78856e-07
vn 0.663057 0.748569 -7.08265e-07
vn -1 0 1.06818e-06
vn -1 0 1.06818e-06
vn -1 0 1.06818e-06
vn -1 0 1.06818e-06
vn 0 1 0
vn 0 1 0
vn 0 1 0
vn 0 1 0
vn 1 0 -1.44026e-06
vn 1 0 -1.44026e-06
vn 1 0 -1.44026e-06
vn 1 0 -1.44026e-06
vn 8.90598e-07 -1 2.93168e-06
vn 1.28726e-06 -1 4.15366e-06
vn 3.7181e-06 -0.057022 0.998373
vn -9.33962e-06 -0.254603 0.967046
vn 3.82817e-06 -0.255109 0.966912
vn 3.83433e-06 -0.820553 0.57157
vn 2.56964e-05 -0.829115 0.559078
vn -9.2704e-06 -0.780711 0.624892
vn -1.80115e-06 -0.719717 0.694268
vn 3.07654e-06 -0.694831 0.719173
vn 9.26894e-06 -0.635401 0.772183
vn 3.48003e-06 -0.589955 0.807436
vn 1.16478e-05 -0.314568 0.949235
vn -1.31458e-06 -0.321832 0.946797
vn 0 0.998737 0.0502416
vn 0 0.998737 0.0502416
vn 0 0.998737 0.0502416
vn 0 0.998737 0.0502416
vn -1.07692e-08 0.74818 -0.663496
vn -2.19951e-08 0.748179 -0.663496
vn -1.07692e-08 0.74818 -0.663496
vn 0 0.74818 -0.663496
vn -3.31018e-08 0.0599023 -0.998204
vn -3.31129e-08 0.0599023 -0.998204
vn -3.31018e-08 0.0599023 -0.998204
vn -3.30908e-08 0.0599023 -0.998204
vn -2.50363e-08 0.74839 -0.66326
vn -2.78244e-08 0.748395 -0.663253
vn -2.50363e-08 0.74839 -0.66326
vn -2.22494e-08 0.748384 -0.663266
vn 4.19515e-08 0 1
vn 4.19515e-08 0 1
vn 4.19515e-08 0 1
vn 4.19515e-08 0 1
vn 0 1 0
vn 0 1 0
vn -4.2918e-08 7.45054e-07 -1
vn -5.15017e-08 0 -1
vn -4.2918e-08 7.45054e-07 -1
vn -3.43345e-08 1.4901e-06 -1
vn 0.000351115 -0.000431634 -1
vn -0.000167684 0.000128707 -1
vn 0.000185192 -0.000332421 -1
vn -0.000132213 1.45977e-05 -1
vn -2.51003e-05 0.000101206 -1
vn -0.000148983 8.37589e-05 -1
vn -0.00146968 0.000650779 -0.999999
vn 3.74338e-05 7.25715e-06 -1
vn 0 0 -1
vn 0 0 -1
vn 0 0 -1
vn 0 0 -1
vn 2.45144e-06 6.94579e-07 -1
vn 4.21413e-05 -9.08634e-06 -1
vn 2.65618e-06 -6.41331e-06 -1
vn -4.94312e-05 -2.72455e-05 -1
vn -6.07847e-06 2.51753e-06 -1
vn 2.49678e-05 2.13608e-05 -1
vn 2.69551e-05 -0.000359732 -1
vn -1.80627e-05 6.65233e-06 -1
vn -0.000319695 0.000668423 -1
vn -9.67744e-05 0.00113629 -0.999999
vn 0.000303059 -0.00105851 -0.999999
vn 8.85331e-06 -1.14999e-05 -1
vn 0.000297422 -0.000779174 -1
vn 0.000116756 -0.00035489 -1
vn -1.1753e-05 3.14336e-05 -1
vn -6.22715e-06 1.0817e-05 -1
vn 3.11404e-05 1.37089e-05 -1
vn -5.20143e-05 -4.56319e-05 -1
vn -4.06827e-05 -8.97025e-06 -1
vn 4.91606e-05 5.57694e-05 -1
vn -6.44553e-05 -0.000100758 -1
vn -2.53524e-05 2.36459e-05 -1
vn 3.71597e-05 0.000101419 -1
vn -4.65634e-06 -1.04117e-05 -1
vn 1.35957e-06 2.7026e-05 -1
vn 0 -1 -4.43156e-07
vn 3.51328e-06 -1 -2.14594e-07
vn 0.159941 -0.987127 -6.73552e-05
vn 0.43111 -0.902299 -1.78604e-05
vn 0.223498 -0.974704 -8.69303e-07
vn 0.130567 -0.99144 1.08654e-07
vn 0.500021 -0.866013 4.25343e-05
vn 0.739993 -0.672614 -4.33843e-05
vn 0.659002 -0.752142 -2.44706e-05
vn 0.942815 -0.333316 -1.87396e-05
vn 0.847339 -0.531052 -1.41411e-06
vn 0.965916 -0.258855 4.10222e-05
vn 0.998745 -0.050084 4.1197e-07
vn 0.99596 -0.0897961 -2.15663e-05
vn 1 0 4.12488e-07
vn 1 0 4.12488e-07
vn 0.160247 -0.987077 -5.34597e-05
vn 0.431325 -0.902197 -1.39728e-05
vn 0.223757 -0.974645 -5.46972e-07
vn 0.130869 -0.9914 5.3982e-08
vn 0.500162 -0.865932 3.4802e-05
vn 0.715009 -0.699115 9.58836e-08
vn 0.659336 -0.751848 -1.95333e-05
vn 0.895741 -0.444576 -2.06561e-05
vn 0.843259 -0.537507 2.36586e-07
vn 0.994113 -0.108348 6.54185e-05
vn 0.954851 -0.297086 -1.24088e-06
vn 0.99798 -0.0635255 -2.46516e-05
vn 0.996785 -0.0801295 5.36767e-05
vn 0.990816 -0.135214 5.51859e-05
vn 0.985335 -0.170631 7.66162e-06
vn 0.972481 -0.232983 -1.36858e-06
vn 0.969844 -0.243728 3.55949e-06
vn 0.942373 -0.334563 2.90309e-05
vn 0.941977 -0.335678 8.27898e-06
vn 0.892115 -0.451808 1.81475e-05
vn 0.914405 -0.404801 -1.35846e-05
vn 0.857141 -0.515082 -2.62947e-05
vn 0.827092 -0.562067 3.7516e-05
vn 0.793696 -0.608315 -1.7905e-05
vn 0.751272 -0.659993 2.41698e-05
vn 0.741295 -0.67118 -8.94096e-06
vn 0.681025 -0.73226 2.02577e-05
vn 0.701322 -0.712845 8.37514e-06
vn 0.587939 -0.808905 -2.79287e-05
vn 0.644907 -0.764261 -2.17964e-05
vn 0.558941 -0.829208 -3.7754e-05
vn 0.507993 -0.861362 -3.90641e-05
vn 0.491847 -0.870682 -2.04966e-05
vn 0.421435 -0.906858 5.74841e-05
vn 0.390297 -0.920689 6.21935e-05
vn 0.267032 -0.963688 0.000212917
vn 0.309773 -0.95081 5.04638e-05
vn 0.213956 -0.976843 0.000148298
vn 0.225928 -0.974144 0.000144392
vn 0.225742 -0.974187 0
vn 0.404107 -0.914712 8.68517e-05
vn 0.409071 -0.912502 5.18654e-05
vn 0.557105 -0.830442 -6.49701e-06
vn 0.559476 -0.828847 -1.77553e-05
vn 0.727921 -0.685661 -3.06026e-05
vn 0.684362 -0.729143 -3.68204e-05
vn 0.832944 -0.553357 -3.01733e-05
vn 0.780564 -0.625076 -6.94148e-06
vn 0.841902 -0.539631 4.65086e-05
vn 0.921521 -0.388328 -4.70853e-05
vn 0.899105 -0.437734 -2.76926e-05
vn 0.949077 -0.315046 -3.75265e-06
vn 0.973055 -0.230571 -9.19013e-05
vn 0.987524 -0.157472 -6.12448e-05
vn 0.999005 -0.044591 -7.38357e-05
vn 0.999838 -0.0179861 -1.3016e-05
vn 0.998924 0.0463801 -7.59684e-07
vn 0.998536 0.054093 -2.80161e-05
vn 0.0502417 0.998737 -1.94029e-08
vn 0.0502423 0.998737 0
vn 0.0502417 0.998737 -1.94029e-08
vn 0.0502412 0.998737 -3.81903e-08
vn -0.663498 0.748178 0
vn -0.663498 0.748178 0
vn -0.663498 0.748178 0
vn -0.663498 0.748178 0
vn -0.998205 0.0598963 -2.09218e-07
vn -0.998205 0.0598844 -4.18657e-07
vn -0.998205 0.0598963 -2.09218e-07
vn -0.998204 0.0599082 0
vn 0.0587079 0.998275 -1.94457e-05
vn 0.0576449 0.998337 -3.85145e-05
vn 0.0587079 0.998275 -1.94457e-05
vn 0.0597932 0.998211 2.51203e-08
vn -0.663686 0.748012 0.000469564
vn -0.663686 0.748012 0.000469564
vn -0.663686 0.748012 0.000469564
vn 0.99999 0.00437926 2.88243e-05
vn 0.999957 0.00927618 8.54508e-07
vn 0.99999 0.00437926 2.88243e-05
vn 1 0 5.38363e-05
vn 0 1 0
vn 0 1 0
vn -1 1.49011e-06 -1.0525e-06
vn -1 0 -1.10789e-06
vn -1 1.49011e-06 -1.0525e-06
vn -1 2.9802e-06 -9.97101e-07
vn -0.549825 -0.725939 -0.413163
vn -0.532822 -0.846227 -0.000877488
vn -0.773047 -0.515915 -0.369095
vn -0.484688 -0.353561 -0.800045
vn -0.653338 -0.00010237 -0.757067
vn -0.549548 -4.05324e-08 -0.835462
vn -0.538564 0.000203186 -0.842585
vn -0.387941 0.000330361 -0.921684
vn -0.568745 0.680645 -0.461793
vn -0.567281 0.742341 -0.356541
vn -0.549562 0.835452 -0.00104612
vn -0.420694 0.641477 0.641502
vn -0.532497 0.846431 0.000764826
vn -0.562926 0.584429 0.584429
vn -0.51481 0.000517264 0.857304
vn -0.785349 -0.325442 0.526606
vn -0.645644 -0.474032 0.598697
vn -0.532465 -0.000188498 0.846452
vn -0.369113 -0.929372 0.00477736
vn -0.554238 -0.730875 0.398299
vn -0.515502 -0.856888 0.00107048
vn -0.516095 0.856532 2.56414e-06
vn -0.583379 0.8122 4.11009e-06
vn -0.446788 0.89464 1.55662e-06
vn -0.446136 0.894965 3.6047e-07
vn -0.515441 -3.0853e-07 -0.856925
vn -0.582081 -3.45161e-07 -0.813131
vn -0.446444 -1.12574e-07 -0.894811
vn -0.44659 -5.33872e-08 -0.894739
vn -0.515535 -0.856869 -3.67782e-07
vn -0.582433 -0.812879 -3.15723e-07
vn -0.446283 -0.894892 -3.59503e-07
vn -0.446284 -0.894892 -3.59767e-07
vn -0.515493 -8.34338e-08 0.856893
vn -0.582379 -1.13908e-07 0.812917
vn -0.446332 -6.66846e-08 0.894867
vn -0.4463 -5.33525e-08 0.894884
vn -0.776894 0.629631 -0.000661636
vn -0.727208 0.686417 0.000952507
vn -0.595256 0.000161723 0.803536
vn -0.690299 -0.000225834 0.723524
vn -0.719344 -0.694654 0.000485992
vn -0.834329 -0.551266 -0.0009353
vn -0.645999 0.763338 4.74941e-06
vn -0.758456 0.651725 3.27309e-06
vn -0.645103 -4.29624e-07 -0.764095
vn -0.64567 -1.61767e-07 -0.763616
vn -0.704564 -0.70964 -2.47765e-07
vn -0.645589 -0.763685 -2.04129e-07
vn -0.645559 -1.29951e-07 0.76371
vn -0.645589 -1.44179e-07 0.763685
vn -0.930005 0.000158623 -0.367548
vn -0.883444 0.368671 -0.289151
vn -0.929862 0.367907 0.000516944
vn -0.859997 0.34696 0.374199
vn -0.9049 0.000262055 0.425624
vn -0.946985 -0.000191569 0.321277
vn -0.929907 -0.367794 0.000422112
vn -0.996774 -0.0636687 -0.0488696
vn -0.854071 0.520156 1.51854e-06
vn -0.894157 0.447753 -1.54774e-07
vn -0.808635 0.588311 5.02112e-06
vn -0.854476 -2.10335e-07 -0.519491
vn -0.894608 -1.15857e-07 -0.446851
vn -0.808488 -2.64219e-07 -0.588512
vn -0.808188 -4.49001e-07 -0.588925
vn -0.854694 -0.519132 -1.38535e-07
vn -0.894608 -0.446851 -1.19027e-07
vn -0.808797 -0.588088 -1.56987e-07
vn -0.854671 -1.74854e-07 0.51917
vn -0.894582 -1.74531e-07 0.446903
vn -0.808793 -1.69012e-07 0.588093
vn -0.80879 -1.66866e-07 0.588098
vn -0.930166 -0.000313641 -0.367138
vn -0.971073 0.00714475 0.238675
vn -0.973815 -0.0135481 0.22694
vn -0.956377 0.292136 -8.22467e-08
vn -0.977665 0.210169 4.62627e-08
vn -0.956357 -1.49031e-07 -0.2922
vn -0.977647 -1.54894e-07 -0.210253
vn -0.956376 -0.292138 -7.77469e-08
vn -0.977673 -0.21013 -4.42596e-08
vn -0.956356 -1.76731e-07 0.292204
vn -0.977637 -1.44182e-07 0.210298
vn -0.997884 0.0638757 0.0121255
vn -0.991675 0.128768 6.83369e-08
vn -0.99168 0.128728 1.36405e-07
vn -0.991685 -1.47828e-07 -0.12869
vn -0.991695 -1.18219e-07 -0.128612
vn -0.991695 -0.128609 -1.70631e-08
vn -0.991694 -0.12862 0
vn -1 -1.19544e-07 -2.68248e-07
vn -1 -1.19544e-07 -2.68248e-07
vn -1 -1.19544e-07 -2.68248e-07
vn -1 -1.19544e-07 -2.68248e-07
vn 0 0 -1
vn 0 0 -1
vn 0 0 -1
vn 0 0 -1
vn 0 -1 0
vn 0 -1 0
vn 0 -1 0
vn 0 -1 0
vn 0 -1 0
vn 0 -1 0
vn 0 -1 0
vn 3.43868e-06 4.88003e-13 1
vn 3.43869e-06 3.90404e-13 1
vn 3.43868e-06 4.88003e-13 1
vn 3.43866e-06 5.85601e-13 1
vn 1 1.70299e-07 2.19539e-07
vn 1 1.70299e-07 2.19539e-07
vn 1 1.70299e-07 2.19539e-07
vn 1 1.70299e-07 2.19538e-07
vn -0.989951 -1.68588e-07 0.141414
vn -0.989951 -1.68588e-07 0.141414
vn -0.989951 -1.68588e-07 0.141414
vn -0.989951 -1.68588e-07 0.141414
vn 0.141421 2.00699e-08 0.98995
vn 0.141431 2.40855e-08 0.989948
vn 0.141421 2.00699e-08 0.98995
vn 0.141412 1.60549e-08 0.989951
vn -0.857509 -1.46033e-07 0.514469
vn -0.857509 -1.46033e-07 0.514469
vn -0.857509 -1.46033e-07 0.514469
vn -0.857509 -1.46033e-07 0.514469
vn -0.514505 -8.76196e-08 0.857488
vn -0.514505 -8.76196e-08 0.857488
vn -0.514505 -8.76196e-08 0.857488
vn -0.514505 -8.76196e-08 0.857488
vn -0.141395 -2.40795e-08 0.989953
vn -0.141395 -2.40795e-08 0.989953
vn -0.141395 -2.40795e-08 0.989953
vn -0.141395 -2.40795e-08 0.989953
vn 0.514454 7.30091e-08 0.857518
vn 0.514418 5.84032e-08 0.85754
vn 0.514454 7.30091e-08 0.857518
vn 0.51449 8.76171e-08 0.857497
vn 0.857509 9.73553e-08 0.514469
vn 0.857509 9.73553e-08 0.514469
vn 0.857509 9.73553e-08 0.514469
vn 0.989952 1.68588e-07 0.141407
vn 0.989952 1.68588e-07 0.141407
vn 0.989952 1.68588e-07 0.141407
vn 0 1 0
vn 0 1 0
vn 0 1 0
vn 0 1 0
vn 0 1 0
vn 1 5.67663e-08 0
vn 1 6.76668e-13 2.38405e-05
vn 1 5.67663e-08 0
vn 1 1.13533e-07 -2.38407e-05
vn 0 1 0
vn 0 1 0
vn 0 1 0
vn 0 1 0
vn 0 1 0
vn 0 -1 0
vn 0 -1 0
vn 0 -1 0
vn 0 -1 0
vn -1 -1.55823e-07 -5.19121e-08
vn -1 -1.19052e-07 -1.25609e-07
vn -1 0 0
vn -1 -8.66458e-09 -4.75795e-07
vn -1 -1.16206e-07 -7.32841e-10
vn -1 -4.81212e-07 -3.52244e-08
vn -1 0 0
vn -1 5.48322e-07 -5.26752e-07
vn -1 -8.96047e-07 2.0916e-10
vn -1 -4.33054e-07 -1.14879e-06
vn -1 4.26523e-05 3.82838e-05
vn -1 -2.37912e-07 -2.50401e-07
vn -1 -1.45409e-07 -1.30813e-06
vn -1 -1.5721e-07 -1.75405e-06
vn -1 -8.99997e-07 -1.6572e-06
vn -1 -4.52675e-05 4.38518e-05
vn -1 2.64908e-07 -2.63323e-07
vn -1.66866e-08 3.40598e-07 -1
vn -3.33733e-08 3.26406e-07 -1
vn -1.66866e-08 3.40598e-07 -1
vn 0 3.5479e-07 -1
vn 0 0 1
vn -3.33732e-08 -2.83832e-08 1
vn 0 0 1
vn 3.33732e-08 2.83832e-08 1
vn 0 1 0
vn 0 1 0
vn 0 1 0
vn 0 1 0
vn -1 1.48046e-10 -0.000417278
vn -1 1.48046e-10 -0.000417278
vn -1 1.48046e-10 -0.000417278
vn 0 0 1
vn 0 0 1
vn 0 0 1
vn 0 0 1
vn 1 0 0
vn 1 0 0
vn 1 0 0
vn 1 0 0
vn 0 0.991664 0.128852
vn 0 0.954187 0.29921
vn 0 0.976722 0.214507
vn 0 0.991664 0.128852
vn 0.158294 0.987392 5.35539e-05
vn 0.429135 0.90324 1.49608e-05
vn 0.221762 0.975101 1.15942e-06
vn 0.128848 0.991664 0
vn 0 0.844264 0.535927
vn 0 0.887962 0.459917
vn 0.49847 0.866907 -3.26625e-05
vn 0 0.676853 0.736118
vn 0 0.738712 0.674021
vn 0.713231 0.700929 0
vn 0.657405 0.753538 2.03683e-05
vn 2.34936e-09 0.463315 0.886194
vn 0 0.539169 0.842197
vn 0.886131 0.463434 1.19532e-07
vn 0.842148 0.539246 0
vn 4.25168e-08 0.183571 0.983006
vn 5.32959e-08 0.26056 0.965458
vn 0.982384 0.186873 -2.9622e-05
vn 0.965456 0.260565 4.32881e-07
vn 4.11129e-08 0.183442 0.98303
vn 0 0.26025 0.965541
vn 0.923304 0.384071 -1.48437e-05
vn 0.982407 0.186753 -8.42735e-07
vn 0 0.538884 0.84238
vn 0 0.462929 0.886396
vn 0.865185 0.501453 3.86912e-05
vn 0 0.738699 0.674036
vn 0 0.676774 0.736191
vn 0.675038 0.737783 -3.44256e-05
vn 0.753213 0.657777 -2.32306e-05
vn 0 0.888146 0.459562
vn 0 0.844391 0.535727
vn 0.331208 0.943558 -1.51403e-05
vn 0.529339 0.84841 -1.13905e-06
vn 0 0.976914 0.213635
vn 0 0.954407 0.298509
vn 0.256267 0.966606 3.30512e-05
vn 0 0.991807 0.127746
vn 0 0.991807 0.127746
vn 0.154334 0.988019 0
vn 0.143425 0.989661 -2.87691e-05
vn 0 0 1
vn 0 0 1
vn 0 0 1
vn 0 0 1
vn 1 0 0
vn 1 0 0
vn 1 0 0
vn 1 0 0
vn 0 1 0
vn 0 1 0
vn 0 1 0
vn 3.4835e-08 -1 -1.09567e-07
vn 6.96699e-08 -1 -2.19135e-07
vn 3.4835e-08 -1 -1.09567e-07
vn 0 -1 0
vn -1 0 0
vn -1 0 0
vn -1 0 0
vn -1 0 0
vn -0.14443 0.989515 2.83138e-05
vn -0.257171 0.966366 -3.27644e-05
vn -0.33155 0.943438 1.49827e-05
vn -0.155321 0.987864 0
vn -0.529543 0.848283 1.29562e-06
vn -0.736153 0.676815 0
vn -0.647201 0.762319 3.91325e-05
vn -0.886152 0.463394 0
vn -0.842213 0.539145 0
vn -0.982953 0.183855 -1.47976e-05
vn -0.96718 0.254092 0
vn -0.976018 0.217692 2.19645e-05
vn -0.960788 0.277284 -1.22298e-05
vn -0.84666 0.532135 -1.26104e-06
vn -0.635688 0.771946 -7.32214e-05
vn -0.724259 0.689528 -3.7661e-05
vn -0.498213 0.867055 -0.000148924
vn -0.428961 0.903323 -0.000124273
vn -0.24811 0.968732 -0.000102465
vn -0.127742 0.991807 0
vn -0.194809 0.980841 -0.000123569
vn -1 0 0
vn -1 0 0
vn -1 0 0
vn -1 0 0
vn 0 1 0
vn -1.10048e-08 -0.316218 0.948687
vn -2.2011e-08 -0.316194 0.948695
vn -1.10048e-08 -0.316218 0.948687
vn 0 -0.316242 0.948679
vn 0.989338 -0.145636 0.000238259
vn 0.999998 -0.00208995 0.000428587
vn 0.989338 -0.145636 0.000238259
vn 0.948683 -0.316228 0
vn -0.948743 -0.316048 1.32065e-07
vn -0.948713 -0.31614 2.64258e-07
vn -0.948743 -0.316048 1.32065e-07
vn -0.948774 -0.315956 0
vn -6.12781e-05 -0.983844 -0.179028
vn -0.000118642 -0.998989 -0.0449587
vn -6.12781e-05 -0.983844 -0.179028
vn 6.60977e-08 -0.948727 -0.316098
vn -3.30345e-08 -0.948706 0.316159
vn 0 -0.94873 0.316086
vn -3.30345e-08 -0.948706 0.316159
vn -6.60401e-08 -0.948682 0.316231
vn 0.162014 -0.986788 0.000215846
vn 0.0371569 -0.999309 -2.26647e-07
vn 0.162014 -0.986788 0.000215846
vn 0.315651 -0.948875 0.000483173
vn -0.316136 -0.948714 1.36372e-07
vn -0.316231 -0.948682 0
vn -0.316136 -0.948714 1.36372e-07
vn -0.316041 -0.948745 2.72378e-07
vn -3.46118e-05 -0.239618 -0.970867
vn 0 -0.176595 -0.984284
vn -3.46118e-05 -0.239618 -0.970867
vn -7.72372e-05 -0.316217 -0.948687
vn 4.71195e-06 2.8597e-05 -1
vn 0.000161838 -6.90027e-05 -1
vn -6.83502e-05 0.000166156 -1
vn -3.83484e-09 1.5187e-08 -1
vn 2.87174e-05 -2.36837e-05 -1
vn 0 0 -1
vn 0 0 -1
vn 0 0 -1
vn 1.70025e-08 1.50937e-08 -1
vn 0 0 -1
vn -7.62102e-05 -7.85906e-05 -1
vn 1.21452e-05 1.00164e-05 -1
vn 6.91049e-09 5.69919e-09 -1
vn 0 0 -1
vn 4.33832e-06 1.05261e-05 -1
vn -3.6884e-05 0 -1
vn 1.18822e-09 8.64897e-09 -1
vn 5.05752e-05 1.98369e-05 -1
vn -6.68799e-08 -1.68739e-05 -1
vn -1.62522e-08 3.94335e-08 -1
vn 1.57578e-08 4.74972e-06 -1
vn 0 0 -1
vn -1 0 0
vn -1 0 0
vn -1 0 0
vn -1 0 0
vn 1 1.18484e-05 -1.90108e-06
vn 1 1.18484e-05 -1.90108e-06
vn 1 -1.43626e-06 -3.80359e-06
vn 1 2.51232e-05 0
vn 0 -1 0
vn 0 -1 0
vn -0.00111176 0.999999 3.25862e-05
vn -0.00111176 0.999999 3.25862e-05
vn -0.00219073 0.999998 0
vn -6.42216e-05 1 6.42228e-05
vn 0.005069 0.00103823 -0.999987
vn 0.005069 0.00103823 -0.999987
vn 0 0.00207589 -0.999998
vn 0.0101405 0 -0.999949
vn 0 0 -1
vn 0 0 -1
vn 0 0 -1
vn 0 0 -1
vn 4.17166e-09 9.19826e-08 1
vn 8.34334e-09 1.83965e-07 1
vn 4.17166e-09 9.19826e-08 1
vn 0 0 1
vn 0 -1 0
vn 0 -1 5.63267e-08
vn 0 -1 0
vn 0 -1 0
vn 1.33493e-07 1 -9.94602e-13
vn 1.33493e-07 1 -9.94602e-13
vn 1.33493e-07 1 -9.94602e-13
vn 4.17164e-09 2.75948e-07 -1
vn -1.66866e-08 -1.83965e-07 -1
vn 4.17164e-09 2.75948e-07 -1
vn 2.50299e-08 7.35861e-07 -1
vn 0 0 1
vn 0 0 1
vn 0 0 1
vn 0 0 1
vn 3.41555e-08 -1 -3.8126e-06
vn 0 -1 -7.62522e-06
vn 3.41555e-08 -1 -3.8126e-06
vn 6.83109e-08 -1 5.08955e-13
vn 1 0 0
vn 1 0 0
vn 1 0 0
vn 1 0 0
vn -1 0 0
vn -1 0 0
vn -1 0 0
vn -1 0 0
vn 0 -1 0
vn 0 -1 0
vn 0 -1 0
vn 0 -1 0
vn 1 0 0
vn 1 0 0
vn 1 0 0
vn 1 0 0
vn 0 -1 0
vn 0 -1 0
vn 0 -1 0
vn 1 0 0
vn 1 0 0
vn 1 0 0
vn 1 0 0
vn -0.999999 0.0015029 -0.00021507
vn -1 -3.09427e-10 -0.00043088
vn -0.999999 0.0015029 -0.00021507
vn -0.999996 0.00300063 0
vn 0 -1 0
vn 0 -1 0
vn 0.00751617 0.999972 0.0002203
vn 0.0149163 0.999889 0
vn 0.00751617 0.999972 0.0002203
vn -0.00738575 0.00151273 -0.999972
vn 0 0.00299884 -0.999996
vn -0.00738575 0.00151273 -0.999972
vn -0.014903 0 -0.999889
vn 1 1.28767e-07 1.65263e-07
vn 1 1.28767e-07 1.65263e-07
vn 1 1.28767e-07 1.65263e-07
vn -1 -1.43074e-07 -1.10175e-07
vn -1 -1.43074e-07 -1.10175e-07
vn -1 -1.43074e-07 -1.10175e-07
vn -1 -1.43074e-07 -1.10175e-07
vn 0 -1 0
vn 0 -1 0
vn 0 -1 0
vn 0 -1 0
vn 0 -1 0
vn 0 -1 0
vn 0 -1 0
vn 0 -1 0
vn 0 -1 0
vn 0 -2.14611e-08 1
vn 0 -2.14611e-08 1
vn 0 -2.14611e-08 1
vn 0 -2.14611e-08 1
vn 0 1 0
vn 0 1 0
vn 0 1 0
vn 0 1 0
vn 0 1 0
vn 0.989951 1.24438e-07 0.141412
vn 0.989951 1.24438e-07 0.141412
vn 0.989951 1.24438e-07 0.141412
vn -0.989951 -1.42648e-07 0.141412
vn -0.989951 -1.42648e-07 0.141412
vn -0.989951 -1.42648e-07 0.141412
vn 0.857486 1.07961e-07 0.514508
vn 0.857486 1.07961e-07 0.514508
vn 0.857486 1.07961e-07 0.514508
vn 0.514523 6.13466e-08 0.857477
vn 0.514523 6.13466e-08 0.857477
vn 0.514523 6.13466e-08 0.857477
vn 0.141415 2.52836e-09 0.98995
vn 0.141407 -1.01376e-09 0.989952
vn 0.141415 2.52836e-09 0.98995
vn 0.141424 6.07046e-09 0.989949
vn -0.857468 -1.45992e-07 0.514538
vn -0.857468 -1.45992e-07 0.514538
vn -0.857468 -1.45992e-07 0.514538
vn -0.514517 -9.56972e-08 0.85748
vn -0.514493 -8.58791e-08 0.857495
vn -0.514517 -9.56972e-08 0.85748
vn -0.514541 -1.05515e-07 0.857466
vn -0.141415 -3.79374e-08 0.98995
vn -0.141424 -4.14795e-08 0.989949
vn -0.141415 -3.79374e-08 0.98995
vn -0.141407 -3.43953e-08 0.989952
vn 0 1 0
vn 0 1 0
vn 0 1 0
vn 0 1 0
vn 0 0 1
vn 0 0 1
vn 0 0 1
vn 0 0 1
vn 1 -2.18072e-06 3.63454e-06
vn 1 -2.43901e-06 3.22489e-05
vn 1 -2.18072e-06 3.63454e-06
vn 1 0 -0.000237954
vn -1 0 0
vn -1 0 0
vn -1 0 0
vn -1 0 0
vn -1 0 0
vn 3.60784e-07 -0.514484 0.8575
vn 3.60784e-07 -0.514484 0.8575
vn 3.60784e-07 -0.514484 0.8575
vn 0 -0.14149 0.98994
vn 0 -0.14149 0.98994
vn 0 -0.14149 0.98994
vn 9.9172e-08 0.141412 0.989951
vn 9.9172e-08 0.141412 0.989951
vn 9.9172e-08 0.141412 0.989951
vn -0.759649 -0.446963 0.472397
vn -0.345604 -0.719429 0.602478
vn -0.343056 -0.509587 0.789072
vn -0.836086 -0.00246636 0.548592
vn -0.822313 -0.280296 0.495213
vn -0.665395 0.000736726 0.746491
vn -0.836306 0.00460535 0.548244
vn -0.537989 0.280704 0.794842
vn -0.738145 0.393125 0.548266
vn -0.364251 0.633758 0.682402
vn -0.440996 0.664724 0.603046
vn -0.00208367 0.665187 0.746674
vn -0.00543677 0.816465 0.577369
vn -0.00269341 -0.818596 0.574363
vn -2.80942e-07 0.835481 0.54952
vn 2.76088e-07 0.8949 0.446267
vn 0.000449197 0.835491 0.549504
vn 0.83546 -1.07671e-06 0.54955
vn 0.89492 -9.94382e-07 0.446226
vn 0.894941 -7.57684e-07 0.446185
vn -0.503114 -0.00173553 0.864218
vn -6.04019e-05 0.505206 0.862999
vn -6.95433e-05 0.830423 0.557133
vn -0.00167263 -0.665244 0.746624
vn 0.00029902 0.812887 0.582422
vn 8.94418e-05 0.57819 0.815902
vn 0.763755 -1.40461e-06 0.645507
vn 0.648853 -1.83785e-06 0.760914
vn -0.085581 0.210585 0.973822
vn 0.00281936 0.365895 0.930652
vn 0.000454974 0.367533 0.93001
vn 0.00012204 0.304818 0.952411
vn 1.75181e-07 0.570154 0.821538
vn 0.434799 7.62912e-05 0.900527
vn 0.561294 -1.62507e-06 0.827617
vn -0.0572347 -0.27032 0.961068
vn 0 0.158242 0.9874
vn 1.62188e-07 -5.32315e-07 1
vn 0 0 1
vn 0 0 1
vn 6.03264e-07 -6.37966e-07 1
vn -8.44701e-07 -1.75838e-06 1
vn -3.15046e-05 3.12297e-05 1
vn 1.69638e-06 -1.60411e-06 1
vn 2.35679e-07 -1.22166e-06 1
vn -7.96105e-07 -1.10835e-06 1
vn 0.000449426 -0.835472 0.549532
vn 0 -0.894973 0.44612
vn 0.000127374 -0.83557 0.549384
vn -6.35125e-05 -0.830882 0.556449
vn -5.55492e-05 -0.504976 0.863133
vn 0.000298864 -0.81286 0.58246
vn 5.34516e-05 -0.676433 0.736504
vn 0.0851367 -0.202654 0.975543
vn 0.000100992 -0.402166 0.915567
vn -1.74417e-07 -0.567845 0.823135
vn 7.41344e-05 -0.335639 0.941991
vn 4.13505e-05 -0.197718 0.980259
vn 0 -0.210319 0.977633
vn -1.89687e-13 -1.69814e-06 1
vn 0 -1.69814e-06 1
vn 0 -1.69814e-06 1
vn 0.430621 -0.758061 0.489805
vn 0.325078 -0.491849 0.807719
vn 0.00386641 -0.835372 0.549671
vn 0.776655 -0.427943 0.462247
vn 0.81251 -0.266586 0.51842
vn 0.835777 -0.00252559 0.549064
vn 0.593505 0.544109 0.593041
vn 0.751902 0.264447 0.603914
vn 0.709664 0.551161 0.43886
vn 0.430392 0.753149 0.497523
vn 0.00413673 0.835275 0.549818
vn -0.0005951 0.835126 0.550058
vn -1.44964e-06 0.895013 0.44604
vn 0.581073 -0.00319673 0.813846
vn 0.491684 0.00136089 0.870773
vn 0.83522 0.0032627 0.549906
vn 0.00204348 0.665114 0.746739
vn 0.0020998 -0.665103 0.746748
vn -0.000392468 0.812597 0.582826
vn -0.00123078 0.366784 0.930305
vn 3.28712e-07 0.519233 0.854632
vn -0.518988 -1.3371e-07 0.854782
vn -0.419157 -6.77832e-07 0.907914
vn -0.519159 1.38326e-06 0.854678
vn 0.178593 -1.80782e-06 0.983923
vn 0.298233 0.298215 0.906711
vn -1.84998e-07 -6.04614e-07 1
vn 7.87826e-07 -8.55425e-07 1
vn -3.02932e-07 -1.21929e-06 1
vn -1.48432e-06 -1.40359e-06 1
vn 1.77031e-05 1.69033e-05 1
vn -1.05381e-05 -1.2047e-05 1
vn -3.92264e-07 -4.12103e-07 1
vn -2.32831e-08 1.04678e-06 -1
vn 0 9.31319e-07 -1
vn 5.59792e-08 1.04678e-06 -1
vn 0 -0.835565 0.549391
vn 5.48346e-07 -0.835596 0.549344
vn 6.79642e-07 -0.519226 0.854637
vn 6.22745e-13 -1.69814e-06 1
vn 0 -1 0
vn 0 -1 0
vn 0 -1 0
vn 0 -1 0
vn -1 0 0
vn -1 0 0
vn -1 0 0
vn -1 0 0
vn 0 1 0
vn 0 1 0
vn 0 1 0
vn 0 1 0
vn 0 1 0
vn 0 1 0
vn 1 0 0
vn 1 0 0
vn 1 0 0
vn 1 0 0
vn 0 -1 0
vn 0 -1 0
vn 0.343523 0.938987 0.0172203
vn 0.334751 0.91501 0.225164
vn 0.387316 0.921942 0.00309786
vn 0.939015 0.343507 -0.0159424
vn 0.916288 0.335352 -0.218989
vn 0.92188 0.387468 -0.0024655
vn 0.14141 -0.00497463 0.989939
vn 0.128282 -0.420808 0.898034
vn 0.141411 -0.00250136 0.989948
vn 0.978159 -0.00320991 -0.207833
vn 0.901351 -0.362353 -0.237205
vn 0.967058 -0.00548526 -0.254497
vn -0.00244353 -0.14143 0.989945
vn -0.421358 -0.128263 0.897778
vn -0.00122495 -0.141421 0.989949
vn 1.7267e-08 0.141369 0.989957
vn -4.60994e-08 0.141378 0.989956
vn 1.22831e-08 0.141368 0.989957
vn 0 0.141374 0.989956
vn 0.141412 -1.21913e-06 0.989951
vn 0.141402 -1.15817e-06 0.989952
vn 5.99047e-08 -0.141411 0.989951
vn 0.00198554 -0.14141 0.989949
vn 0.000995001 -0.141411 0.989951
vn 1.81129e-08 -0.141417 0.98995
vn -1.91573e-07 0.141407 0.989952
vn -9.57833e-08 0.141386 0.989955
vn -0.141431 -1.01037e-06 0.989948
vn -0.141431 -0.00058541 0.989948
vn -0.170577 -0.000272582 0.985344
vn -0.141431 -1.01037e-06 0.989948
vn 0 0.150651 -0.988587
vn 0 0.150651 -0.988587
vn 0 0.150651 -0.988587
vn -0.141431 9.21958e-07 -0.989948
vn -0.141431 1.10591e-06 -0.989948
vn -0.141437 1.07109e-06 -0.989947
vn -0.141431 9.21958e-07 -0.989948
vn -0.345211 -0.938525 -0.000171143
vn -0.346745 -0.937959 -0.000342639
vn -0.345211 -0.938525 -0.000171143
vn -0.34368 -0.939087 0
vn -0.905176 0.425037 -9.293e-06
vn -0.905146 0.425101 -1.8583e-05
vn -0.905176 0.425037 -9.293e-06
vn -0.905207 0.424972 0
vn 0.424732 0.905272 -0.00921925
vn 0.388872 0.921278 -0.0051079
vn 0.921228 -0.38899 -0.0051162
vn 0.905026 -0.424821 -0.0213453
vn 0.920521 -0.390501 -0.0122329
vn 0.93911 -0.343617 0
vn 0.000994012 0.98995 0.141417
vn 0.00198377 0.989948 0.141416
vn 0.421164 0.89787 0.128263
vn 0.320084 0.812383 0.487422
vn 0.320084 0.812383 0.487422
vn 0.320084 0.812383 0.487422
vn 0.402929 0.470907 0.78479
vn 0.402929 0.470907 0.78479
vn 0.402929 0.470907 0.78479
vn 0.34557 0.34557 0.872446
vn 0.122021 0.505076 0.854406
vn 0.34557 0.34557 0.872446
vn 0.583063 0.114876 0.804265
vn 0.467851 0.415918 0.779826
vn 0.467851 0.415918 0.779826
vn 0.467851 0.415918 0.779826
vn 0.779828 0.415913 0.467852
vn 0.779828 0.415913 0.467852
vn 0.779828 0.415913 0.467852
vn 0.868329 0.452611 0.20285
vn 0.85441 0.505056 0.122075
vn 0.868329 0.452611 0.20285
vn 0.873406 0.409973 0.26284
vn 0.81034 0.327055 -0.486193
vn 0.81034 0.327055 -0.486193
vn 0.81034 0.327055 -0.486193
vn 0.467383 0.417959 -0.779015
vn 0.467383 0.417959 -0.779015
vn 0.467383 0.417959 -0.779015
vn 0.90339 0.408945 -0.129036
vn 0.90339 0.408945 -0.129036
vn 0.90339 0.408945 -0.129036
vn 0.426432 0.464951 -0.775871
vn 0.426432 0.464951 -0.775871
vn 0.426432 0.464951 -0.775871
vn 0.405482 0.783955 -0.470104
vn 0.405482 0.783955 -0.470104
vn 0.405482 0.783955 -0.470104
vn 0.44494 0.876518 -0.183697
vn 0.482566 0.867085 -0.123671
vn 0.44494 0.876518 -0.183697
vn 0.413406 0.880824 -0.230747
vn 0.414511 -0.12869 0.900899
vn 0.316657 -0.488023 0.813365
vn 0.316657 -0.488023 0.813365
vn 0.316657 -0.488023 0.813365
vn 0.399978 -0.785917 0.471543
vn 0.399978 -0.785917 0.471543
vn 0.399978 -0.785917 0.471543
vn 0.465669 -0.8529 0.236039
vn 0.406493 -0.86585 0.291662
vn 0.465669 -0.8529 0.236039
vn 0.578504 -0.807481 0.115354
vn 0.625467 -0.249813 0.739178
vn 0.625467 -0.249813 0.739178
vn 0.625467 -0.249813 0.739178
vn 0.871669 -0.386106 0.301852
vn 0.877699 -0.321147 0.355682
vn 0.871669 -0.386106 0.301852
vn 0.853262 -0.470662 0.224547
vn 0.891969 -0.418692 -0.170553
vn -0.343724 0.939036 0.00808622
vn -0.343781 0.93892 0.0156075
vn -0.335514 0.916122 0.219435
vn -0.878273 0.443194 0.179486
vn -0.870028 0.477048 0.124404
vn -0.878273 0.443194 0.179486
vn -0.882229 0.414259 0.223744
vn -0.783926 0.405387 0.470236
vn -0.783926 0.405387 0.470236
vn -0.783926 0.405387 0.470236
vn -0.50492 0.863095 -0.0110562
vn -0.50492 0.863095 -0.0110562
vn -0.50492 0.863095 -0.0110562
vn -0.463621 0.43342 0.772788
vn -0.463621 0.43342 0.772788
vn -0.463621 0.43342 0.772788
vn -0.366507 0.731041 0.575545
vn -0.366507 0.731041 0.575545
vn -0.366507 0.731041 0.575545
vn -0.428068 0.464985 0.77495
vn -0.428068 0.464985 0.77495
vn -0.428068 0.464985 0.77495
vn -0.359191 0.35913 0.861398
vn -0.119364 0.536383 0.835491
vn -0.359191 0.35913 0.861398
vn -0.596515 0.113494 0.794537
vn -0.25452 -0.00364129 0.967061
vn -0.207824 -0.00274445 0.978162
vn -0.241153 -0.319833 0.916271
vn -0.730156 -0.291869 0.617806
vn -0.730156 -0.291869 0.617806
vn -0.730156 -0.291869 0.617806
vn -0.851846 -0.466532 0.238131
vn -0.86519 -0.406324 0.29385
vn -0.851846 -0.466532 0.238131
vn -0.804232 -0.583085 0.114992
vn -0.320362 -0.48731 0.812341
vn -0.320362 -0.48731 0.812341
vn -0.320362 -0.48731 0.812341
vn -0.403219 -0.784698 0.470811
vn -0.403219 -0.784698 0.470811
vn -0.403219 -0.784698 0.470811
vn -0.422369 -0.862246 0.279529
vn -0.319752 -0.873705 0.366604
vn -0.422369 -0.862246 0.279529
vn -0.583229 -0.804144 0.114877
vn -0.894075 -0.395303 -0.210632
vn -0.897537 -0.372309 -0.236247
vn -0.894075 -0.395303 -0.210632
vn -0.890382 -0.414056 -0.189149
vn -0.343389 -0.938123 -0.044818
vn -0.343389 -0.938123 -0.044818
vn -0.343389 -0.938123 -0.044818
vn -0.49035 -0.820642 -0.293433
vn -0.49035 -0.820642 -0.293433
vn -0.49035 -0.820642 -0.293433
vn -0.622897 -0.264682 -0.736168
vn -0.622897 -0.264682 -0.736168
vn -0.622897 -0.264682 -0.736168
vn -0.348963 -0.742513 -0.571751
vn -0.348963 -0.742513 -0.571751
vn -0.348963 -0.742513 -0.571751
vn -0.344653 -0.482976 -0.804953
vn -0.344653 -0.482976 -0.804953
vn -0.344653 -0.482976 -0.804953
vn -0.310836 -0.310791 -0.898215
vn -0.12416 -0.478876 -0.869058
vn -0.310836 -0.310791 -0.898215
vn -0.476451 -0.124328 -0.870366
vn -0.488952 0.310854 -0.815043
vn -0.488952 0.310854 -0.815043
vn -0.488952 0.310854 -0.815043
vn -0.789542 0.390271 -0.473616
vn -0.789542 0.390271 -0.473616
vn -0.789542 0.390271 -0.473616
vn -0.855728 0.463451 -0.230093
vn -0.868351 0.407815 -0.28223
vn -0.855728 0.463451 -0.230093
vn -0.812556 0.571188 -0.11618
vn -0.128601 0.415359 -0.900522
vn -0.128601 0.415359 -0.900522
vn -0.128601 0.415359 -0.900522
vn -0.635556 -0.182016 -0.750292
vn -0.635556 -0.182016 -0.750292
vn -0.635556 -0.182016 -0.750292
vn -0.34284 0.594354 -0.727464
vn -0.34284 0.594354 -0.727464
vn -0.34284 0.594354 -0.727464
vn -0.390091 0.789558 -0.473738
vn -0.390091 0.789558 -0.473738
vn -0.390091 0.789558 -0.473738
vn -0.418533 0.86641 -0.272329
vn -0.32112 0.877578 -0.356005
vn -0.418533 0.86641 -0.272329
vn -0.571205 0.812559 -0.11607
vn 6.28482e-08 0.514556 0.857457
vn -8.785e-08 0.514553 0.857458
vn -3.72496e-08 0.514561 0.857454
vn 1.25692e-07 0.514538 0.857468
vn 0 0.857497 0.51449
vn 6.38735e-08 0.857488 0.514505
vn 0 0.857497 0.51449
vn 0 0.857497 0.51449
vn -2.63279e-07 0.989942 0.141475
vn -2.45674e-07 0.98995 0.141417
vn -1.56083e-06 0.857561 -0.514382
vn -2.82665e-06 0.857623 -0.514279
vn -2.82665e-06 0.857623 -0.514279
vn -2.79374e-07 0.989962 -0.141335
vn -8.62312e-09 0.989981 -0.1412
vn -3.92643e-07 0.989966 -0.141305
vn -2.9632e-07 0.989951 -0.14141
vn 0.594391 -0.000729487 0.804176
vn 0.51449 -0.000709897 0.857496
vn 0.550777 -0.000326634 0.834652
vn 0.645947 -9.47936e-07 0.763382
vn 0.857504 -7.18727e-07 0.514478
vn 0.857504 -6.65244e-07 0.514478
vn 0.857508 -6.915e-07 0.514471
vn 0.978232 -0.000617765 0.207514
vn 0.989947 -1.74175e-07 0.14144
vn 0.985344 -0.000271775 0.170576
vn 0.967073 -0.00106061 0.254498
vn 0.857509 6.30098e-07 -0.514469
vn 0.857509 6.30098e-07 -0.514469
vn 0.857509 6.30098e-07 -0.514469
vn 0.989946 1.73236e-07 -0.141445
vn 0.989946 1.56767e-07 -0.141445
vn 0.985344 -0.000271374 -0.170581
vn 0.989946 1.73235e-07 -0.141445
vn 7.4505e-08 -0.514499 0.857491
vn 1.04735e-07 -0.514499 0.857491
vn 1.04735e-07 -0.514499 0.857491
vn -6.18895e-08 -0.514475 0.857505
vn 4.47026e-08 -0.857497 0.51449
vn 6.28401e-08 -0.857497 0.51449
vn 6.28401e-08 -0.857497 0.51449
vn 2.39578e-08 -0.857497 0.51449
vn 1.22876e-08 -0.98995 0.14142
vn 1.72732e-08 -0.98995 0.14142
vn 1.72732e-08 -0.98995 0.14142
vn 6.58539e-09 -0.98995 0.14142
vn 0 0.514508 0.857486
vn -1.41979e-07 0.514541 0.857466
vn 2.06396e-07 0.857468 0.514538
vn 1.03221e-07 0.857482 0.514514
vn 0 0.989923 0.141605
vn -4.2536e-07 0.989937 0.141511
vn -1.64549e-07 -0.51446 0.857514
vn -3.29074e-07 -0.514422 0.857537
vn 0 -0.857497 0.51449
vn 0 -0.857497 0.51449
vn 0 -0.98995 0.14142
vn 0 -0.98995 0.14142
vn -0.514454 -8.75209e-07 0.857518
vn -0.514454 -9.60984e-07 0.857518
vn -0.514454 -9.28708e-07 0.857518
vn -0.514454 -8.75209e-07 0.857518
vn -0.857545 -4.72519e-07 0.514409
vn -0.85754 -5.06805e-07 0.514418
vn -0.834687 -0.000326257 0.550725
vn -0.857551 -5.25012e-07 0.5144
vn -0.989932 -1.44464e-07 0.141544
vn -0.989933 -1.56867e-07 0.141539
vn -0.989932 -1.4816e-07 0.141543
vn -0.989931 -1.15575e-07 0.141549
vn -2.04792e-06 -0.857777 -0.514022
vn -2.04792e-06 -0.857777 -0.514022
vn -2.04792e-06 -0.857777 -0.514022
vn 1.93603e-08 0.857488 -0.514503
vn 1.93603e-08 0.857488 -0.514503
vn 3.87204e-08 0.857491 -0.514499
vn 0 0.989951 -0.14141
vn 0 0.989951 -0.14141
vn -0.594368 -0.000727884 -0.804193
vn -0.514454 -0.000707957 -0.857518
vn -0.550733 -0.000324617 -0.834682
vn -0.645934 7.10963e-07 -0.763394
vn -0.857545 4.39117e-07 -0.514409
vn -0.857545 5.22588e-07 -0.514409
vn -0.857545 5.4324e-07 -0.514409
vn -0.978217 -0.000617014 -0.207586
vn -0.989932 1.56864e-07 -0.141544
vn -0.985329 -0.000271255 -0.170666
vn -0.96706 -0.00105953 -0.254546
vn -0.903604 -0.428369 -0.000471714
vn -0.902039 -0.431655 0
vn -0.903604 -0.428369 -0.000471714
vn -0.90515 -0.425091 -0.000941624
vn -0.343641 0.939101 0
vn -0.343729 0.939069 9.84218e-06
vn 0.921247 0.388945 0.00512191
vn 0.905196 0.424895 0.00924516
vn 0.389006 -0.921221 0.00512162
vn 0.343588 -0.93912 0
vn 0.389006 -0.921221 0.00512162
vn 0.424952 -0.905169 0.00924309
vn 0.835637 -1.06434e-06 0.549282
vn 0.30467 7.32875e-05 0.952458
vn 3.40105e-07 -1.19067e-06 1
vn -2.73387e-07 2.39516e-07 1
vn -1.40019e-07 -1.21075e-06 1
vn 2.54823e-07 -2.22591e-06 1
vn 3.25525e-05 3.50591e-05 1
vn -3.4783e-05 -3.57692e-05 1
vn -1.06496e-07 1.04678e-06 -1
vn -5.87897e-08 1.04678e-06 -1
vn -0.857288 0.000414067 0.514837
vn -0.835517 0.000619549 0.549465
vn -0.835576 0.000310694 0.549375
vn -0.835636 -1.64215e-06 0.549284
vn -0.762745 1.14926e-07 0.646699
vn -0.367718 -1.69385e-06 0.929937
vn 1.38757e-07 -3.20873e-08 1
vn -1.17422e-06 1.89269e-06 1
vn 2.35328e-05 -2.00062e-05 1
vn 2.45006e-06 -3.0558e-06 1
vn 3.41569e-05 3.0347e-05 1
vn 3.49149e-08 1.07534e-06 -1
vn 8.92041e-13 -1.69814e-06 1
vn 2.75046e-12 -1.69814e-06 1
vn -1 0 0
vn -1 0 0
vn 1 0 0
vn 1 0 0
vn 0.141395 -1.11141e-06 0.989953
vn 0.141379 -1.01038e-06 0.989956
vn -0.14144 1.16916e-06 -0.989947
vn -0.14145 1.11143e-06 -0.989945
vn 0.514475 -1.1377e-06 0.857506
vn 0.51446 -1.05018e-06 0.857515
vn 0.857509 -6.82548e-07 0.514469
vn 0.857515 -7.35019e-07 0.51446
vn 0.989947 -1.73216e-07 0.14144
vn 0.989947 -1.73216e-07 0.14144
vn -0.514454 -1.09143e-06 0.857518
vn -0.804202 -0.000729461 0.594356
vn -0.763395 -0.00122465 0.64593
vn -0.989932 -1.5378e-07 0.141542
vn -0.989932 -1.75764e-07 0.141544
vn -0.514418 1.17278e-06 -0.85754
vn -0.514382 1.38278e-06 -0.857561
vn -0.857545 5.77473e-07 -0.514409
vn -0.857545 5.77473e-07 -0.514409
vn -0.989932 1.66115e-07 -0.141543
vn -0.989932 1.58901e-07 -0.141542
vn -0.951701 -0.000650771 0.307025
vn -0.383404 -0.720491 0.577835
vn -0.429789 -0.541243 0.72273
vn -0.840637 -0.000224084 0.541599
vn -0.700308 0.000155692 0.713841
vn -0.915972 0.000113284 0.401243
vn -0.433983 0.369428 0.821695
vn -0.567093 0.709539 0.418282
vn -0.00527553 0.835799 0.549011
vn -0.36191 0.783562 0.505027
vn -0.00408149 -0.818979 0.573809
vn 4.7871e-08 0.835522 0.549457
vn 0 0.894875 0.446316
vn 0.000448701 0.835501 0.549489
vn 0.856919 1.05223e-07 0.515451
vn 0.813101 8.81598e-08 0.582122
vn 0.894835 -1.58097e-08 0.446396
vn 0.894763 -8.41117e-08 0.446542
vn -0.00126758 0.581263 0.813715
vn 1.0104e-06 0.581241 0.813732
vn 1.35355e-07 0.835671 0.54923
vn -0.00118918 -0.581241 0.813731
vn 0.000299288 0.812856 0.582465
vn -5.97859e-11 0.582085 0.813128
vn 0.764048 1.05454e-07 0.64516
vn 0.763671 -1.36582e-07 0.645606
vn -0.437262 -0.000248799 0.899334
vn -0.30575 0.00023773 0.952112
vn 7.07327e-07 0.367888 0.92987
vn 0.000751762 0.414678 0.909968
vn -4.55763e-11 0.320846 0.947132
vn 7.22816e-07 0.58813 0.808767
vn 0.414934 3.11121e-06 0.909851
vn 0.483361 -7.41688e-06 0.875421
vn 0.575238 6.37002e-06 0.817986
vn 0.566324 -1.60381e-07 0.824183
vn 0.000476799 0.250853 0.968025
vn 0.216861 -9.20031e-08 0.976202
vn -0.0882063 -0.02815 0.995704
vn 0.0416995 0.0282348 0.998731
vn 0 0.128729 0.99168
vn -2.95377e-06 -2.79684e-07 1
vn -1.34852e-07 0 1
vn -7.5602e-08 -3.847e-08 1
vn -1.89894e-09 -6.57334e-07 1
vn 4.39344e-05 -4.49721e-05 1
vn -1.26973e-06 -1.75093e-07 1
vn 1.3463e-07 -2.21195e-07 1
vn 5.46251e-08 -6.58711e-07 1
vn 4.6674e-08 -4.07386e-07 1
vn -1.24379e-06 -1.39652e-07 1
vn -1.57492e-05 -1.49661e-05 1
vn 1.1915e-06 -1.1936e-07 1
vn -3.37131e-08 1.61793e-07 -1
vn -3.37131e-08 1.61793e-07 -1
vn -6.10704e-08 1.61793e-07 -1
vn -6.10704e-08 1.61793e-07 -1
vn 0.000441701 -0.835478 0.549524
vn -2.06816e-07 -0.89419 0.447688
vn -1.93437e-06 -0.835555 0.549407
vn -6.29119e-05 -0.830812 0.556552
vn -9.77863e-05 -0.581235 0.813736
vn 0.00029344 -0.813275 0.58188
vn 1.04852e-08 -0.570943 0.82099
vn -3.59279e-05 -0.369841 0.929095
vn 0.000542573 -0.367493 0.930026
vn -3.31833e-07 -0.540001 0.841664
vn 6.48149e-08 -0.306302 0.951934
vn 2.60442e-07 -0.182404 0.983224
vn 7.71281e-08 -1.798e-07 1
vn 0 -1.88362e-07 1
vn 8.75509e-08 -1.72395e-07 1
vn 1.75102e-07 -1.71238e-07 1
vn 0.46879 -0.711377 0.523621
vn 0.481718 -0.422279 0.767872
vn 0.00253213 -0.835654 0.549251
vn 0.857225 -0.000752933 0.514941
vn 0.846503 0.000191198 0.532384
vn 0.684295 0.59673 0.419111
vn 0.564212 0.324304 0.75927
vn 0.351789 0.801088 0.484255
vn 0.00646508 0.836059 0.548601
vn 0.00314578 -0.835728 0.549135
vn -0.000588767 0.835459 0.549553
vn 0 0.894859 0.446349
vn -0.894936 -1.8926e-08 0.446194
vn -0.812911 -1.29695e-07 0.582388
vn -0.856943 -5.68945e-08 0.515411
vn -0.895014 5.38619e-08 0.446039
vn 0.803528 -0.000194367 0.595267
vn 0.661359 0.000211502 0.750069
vn 0.00156885 0.58121 0.813752
vn -0.000392355 0.812853 0.582468
vn -0.763665 -1.62724e-07 0.645613
vn -0.763688 -1.47669e-07 0.645585
vn 0.414973 -0.00017775 0.909834
vn -0.000984263 0.414575 0.910015
vn -9.4742e-07 0.588129 0.808767
vn -0.575302 6.33772e-06 0.817941
vn -0.483361 -7.44433e-06 0.875421
vn -0.414921 3.11289e-06 0.909857
vn -0.566401 -1.79763e-07 0.82413
vn 0.321278 0.000401002 0.946985
vn -0.00062304 0.250716 0.96806
vn -0.216883 -6.04819e-08 0.976198
vn 0.000786303 -0.36668 0.930347
vn 0.119104 -0.0220546 0.992637
vn -0.0713763 0.0243975 0.997151
vn 0 0.128729 0.99168
vn -4.10315e-07 -2.41194e-07 1
vn -4.19251e-09 -6.54934e-07 1
vn -3.46387e-07 -3.02062e-07 1
vn -6.57638e-07 -1.66065e-07 1
vn -6.06807e-07 -1.25681e-07 1
vn -8.35598e-07 -1.69986e-07 1
vn -2.86598e-07 3.6199e-07 1
vn -2.472e-09 6.56728e-07 1
vn -4.87052e-14 1.61793e-07 -1
vn -9.74104e-14 1.61793e-07 -1
vn 8.15095e-07 -0.894933 0.446202
vn -0.000588764 -0.835465 0.549544
vn -0.000391308 -0.812877 0.582436
vn 4.35037e-07 -0.540076 0.841616
vn -0.000710032 -0.367332 0.93009
vn 0 -0.18246 0.983213
vn 0 -1.54114e-07 1
vn 1.01231e-07 -1.62676e-07 1
vn 0 -1 0
vn 0 -1 0
vn 0 -1 0
vn 0 -1 0
vn -1 -9.70782e-08 4.5851e-06
vn -1 -6.47173e-08 -8.90172e-13
vn -1 -9.70782e-08 4.5851e-06
vn -1 -1.29441e-07 9.17054e-06
vn -6.02067e-07 1 9.16986e-06
vn -1.20413e-06 1 1.83397e-05
vn -3.72529e-07 1 5.67385e-06
vn 0 1 0
vn 0 1 0
vn 0 1 0
vn 1 2.4269e-08 -1.14621e-06
vn 1 -2.96723e-13 -4.58492e-06
vn 1 2.4269e-08 -1.14621e-06
vn 1 4.85376e-08 2.29238e-06
vn 0 -1 0
vn 0 -1 0
vn 0.343311 0.938929 0.023462
vn 0.32962 0.901486 0.280488
vn 0.387085 0.922024 0.00605212
vn 0.939026 0.343464 -0.0161774
vn 0.917389 0.335554 -0.214013
vn 0.92191 0.387396 -0.00259409
vn 0.141407 -0.000257249 0.989951
vn 0.127346 -0.440702 0.888575
vn 0.141388 -0.000128783 0.989954
vn 0.989946 -0.000263717 -0.141445
vn 0.897849 -0.421209 -0.128257
vn 0.98996 -0.00013191 -0.141346
vn -6.04565e-08 0.141428 0.989949
vn -4.60983e-08 0.141402 0.989952
vn -8.6014e-08 0.141424 0.989949
vn -1.20913e-07 0.141445 0.989946
vn 0.141369 -2.21948e-07 0.989957
vn 0.141388 -2.12793e-07 0.989954
vn -2.27453e-07 -0.141411 0.989951
vn 0.0020299 -0.141487 0.989938
vn 0.00101795 -0.141428 0.989948
vn -2.76444e-07 -0.141419 0.98995
vn 0 0.141379 0.989956
vn -7.45023e-08 0.141395 0.989953
vn -2.76187e-07 -0.14145 0.989945
vn 8.49867e-08 -0.14153 0.989934
vn -0.141391 -1.56738e-07 0.989954
vn -0.141403 -0.000323525 0.989952
vn -0.141391 -0.000161892 0.989954
vn -0.141379 -1.51018e-07 0.989956
vn 4.25697e-08 -0.141412 -0.989951
vn 4.25697e-08 -0.141412 -0.989951
vn 4.25697e-08 -0.141412 -0.989951
vn -0.141345 1.18393e-07 -0.98996
vn -0.141277 8.57471e-08 -0.98997
vn -0.141345 1.18393e-07 -0.98996
vn -0.141412 1.51016e-07 -0.989951
vn -0.389001 -0.921223 -0.00511071
vn -0.42483 -0.905116 -0.0168816
vn -0.390518 -0.920545 -0.00967419
vn -0.34367 -0.93909 0
vn -0.924835 0.380346 -0.00418036
vn -0.91229 0.409477 -0.00750744
vn -0.924835 0.380346 -0.00418036
vn -0.939128 0.343567 -3.54973e-05
vn 0.424686 0.905294 -0.00923243
vn 0.388775 0.921319 -0.00511553
vn 0.921159 -0.389152 -0.00513677
vn 0.905008 -0.425006 -0.0181636
vn 0.920466 -0.390683 -0.0104219
vn 0.939059 -0.343757 -1.75479e-05
vn 0.00122002 0.989939 0.141492
vn 0.00243445 0.989878 0.141899
vn 0.466838 0.875218 0.126713
vn 0.345614 0.805648 0.481127
vn 0.345614 0.805648 0.481127
vn 0.345614 0.805648 0.481127
vn 0.370583 0.477925 0.796402
vn 0.370583 0.477925 0.796402
vn 0.370583 0.477925 0.796402
vn 0.325238 0.32532 0.887912
vn 0.123113 0.491536 0.862111
vn 0.325238 0.32532 0.887912
vn 0.517821 0.121005 0.846888
vn 0.47567 0.379008 0.793783
vn 0.47567 0.379008 0.793783
vn 0.47567 0.379008 0.793783
vn 0.792989 0.381006 0.475397
vn 0.792989 0.381006 0.475397
vn 0.792989 0.381006 0.475397
vn 0.874781 0.446606 0.187888
vn 0.859713 0.495803 0.122774
vn 0.874781 0.446606 0.187888
vn 0.88124 0.413656 0.228702
vn 0.814445 0.312905 -0.488641
vn 0.814445 0.312905 -0.488641
vn 0.814445 0.312905 -0.488641
vn 0.472375 0.39625 -0.787304
vn 0.472375 0.39625 -0.787304
vn 0.472375 0.39625 -0.787304
vn 0.903632 0.408409 -0.129039
vn 0.903632 0.408409 -0.129039
vn 0.903632 0.408409 -0.129039
vn 0.44567 0.875771 -0.185482
vn 0.486099 0.865189 -0.123107
vn 0.44567 0.875771 -0.185482
vn 0.413069 0.880531 -0.232461
vn 0.402168 -0.129474 0.906365
vn 0.330011 -0.485667 0.809457
vn 0.330011 -0.485667 0.809457
vn 0.330011 -0.485667 0.809457
vn 0.424858 -0.776257 0.465747
vn 0.424858 -0.776257 0.465747
vn 0.424858 -0.776257 0.465747
vn 0.47142 -0.845367 0.251231
vn 0.402888 -0.858193 0.318098
vn 0.47142 -0.845367 0.251231
vn 0.592466 -0.7975 0.113921
vn 0.489986 -0.305331 0.816509
vn 0.489986 -0.305331 0.816509
vn 0.489986 -0.305331 0.816509
vn 0.795693 -0.372456 0.477649
vn 0.795693 -0.372456 0.477649
vn 0.795693 -0.372456 0.477649
vn 0.87167 -0.413537 0.263016
vn 0.884804 -0.324029 0.334853
vn 0.87167 -0.413537 0.263016
vn 0.814497 -0.568283 0.11683
vn 0.897729 -0.42161 -0.127783
vn 0.412039 -0.873258 -0.260086
vn 0.505091 -0.854392 -0.122052
vn 0.412039 -0.873258 -0.260086
vn 0.318153 -0.869257 -0.378379
vn 0.415969 -0.779794 -0.467858
vn 0.415969 -0.779794 -0.467858
vn 0.415969 -0.779794 -0.467858
vn 0.41601 -0.467886 -0.779756
vn 0.41601 -0.467886 -0.779756
vn 0.41601 -0.467886 -0.779756
vn 0.812344 -0.320201 -0.48741
vn 0.812344 -0.320201 -0.48741
vn 0.812344 -0.320201 -0.48741
vn 0.470874 -0.40308 -0.784732
vn 0.470874 -0.40308 -0.784732
vn 0.470874 -0.40308 -0.784732
vn -0.385952 0.922384 0.0157762
vn -0.424377 0.905069 0.0274495
vn -0.415823 0.887221 0.199827
vn -0.870301 0.414571 0.265907
vn -0.835375 0.536519 0.119563
vn -0.870301 0.414571 0.265907
vn -0.87536 0.319774 0.362616
vn -0.788308 0.393843 0.472714
vn -0.788308 0.393843 0.472714
vn -0.788308 0.393843 0.472714
vn -0.765225 0.585214 -0.268245
vn -0.765225 0.585214 -0.268245
vn -0.765225 0.585214 -0.268245
vn -0.483435 0.341653 0.805955
vn -0.483435 0.341653 0.805955
vn -0.483435 0.341653 0.805955
vn -0.328437 0.736512 0.591338
vn -0.328437 0.736512 0.591338
vn -0.328437 0.736512 0.591338
vn -0.315959 0.488202 0.813528
vn -0.315959 0.488202 0.813528
vn -0.315959 0.488202 0.813528
vn -0.296782 0.296782 0.907657
vn -0.127683 0.429381 0.894052
vn -0.296782 0.296782 0.907657
vn -0.477003 0.124258 0.870074
vn -0.124682 -0.472549 0.87244
vn -0.482512 -0.347233 0.804122
vn -0.482512 -0.347233 0.804122
vn -0.482512 -0.347233 0.804122
vn -0.796585 -0.370491 0.47769
vn -0.796585 -0.370491 0.47769
vn -0.796585 -0.370491 0.47769
vn -0.870143 -0.45103 0.198553
vn -0.878896 -0.412795 0.239045
vn -0.870143 -0.45103 0.198553
vn -0.846312 -0.518751 0.121048
vn -0.58478 0.0432332 0.810039
vn -0.58478 0.0432332 0.810039
vn -0.58478 0.0432332 0.810039
vn -0.365895 -0.577169 0.730066
vn -0.365895 -0.577169 0.730066
vn -0.365895 -0.577169 0.730066
vn -0.380318 -0.793126 0.47572
vn -0.380318 -0.793126 0.47572
vn -0.380318 -0.793126 0.47572
vn -0.408379 -0.876969 0.25328
vn -0.323578 -0.884187 0.336914
vn -0.408379 -0.876969 0.25328
vn -0.525223 -0.842413 0.120337
vn -0.422204 -0.89952 -0.112287
vn -0.881178 -0.404032 -0.245527
vn -0.865119 -0.486082 -0.123669
vn -0.881178 -0.404032 -0.245527
vn -0.879067 -0.321624 -0.351852
vn -0.786101 -0.399079 -0.471998
vn -0.786101 -0.399079 -0.471998
vn -0.786101 -0.399079 -0.471998
vn -0.615391 -0.769494 0.170799
vn -0.615391 -0.769494 0.170799
vn -0.615391 -0.769494 0.170799
vn -0.469764 -0.409014 -0.782323
vn -0.469764 -0.409014 -0.782323
vn -0.469764 -0.409014 -0.782323
vn -0.347012 -0.72325 -0.597069
vn -0.347012 -0.72325 -0.597069
vn -0.347012 -0.72325 -0.597069
vn -0.395792 -0.4734 -0.786919
vn -0.395792 -0.4734 -0.786919
vn -0.395792 -0.4734 -0.786919
vn -0.344064 -0.343994 -0.873663
vn -0.121982 -0.507105 -0.853208
vn -0.344064 -0.343994 -0.873663
vn -0.573695 -0.115826 -0.810838
vn -0.574488 0.337152 -0.74585
vn -0.574488 0.337152 -0.74585
vn -0.574488 0.337152 -0.74585
vn -0.789602 0.390261 -0.473524
vn -0.789602 0.390261 -0.473524
vn -0.789602 0.390261 -0.473524
vn -0.861018 0.443673 -0.248602
vn -0.873541 0.373695 -0.311896
vn -0.861018 0.443673 -0.248602
vn -0.81249 0.571462 -0.115287
vn 0.023402 0.533979 -0.845174
vn 0.023402 0.533979 -0.845174
vn 0.023402 0.533979 -0.845174
vn -0.533859 -0.0230106 -0.84526
vn -0.533859 -0.0230106 -0.84526
vn -0.533859 -0.0230106 -0.84526
vn -0.337017 0.574417 -0.745966
vn -0.337017 0.574417 -0.745966
vn -0.337017 0.574417 -0.745966
vn -0.390077 0.789551 -0.473761
vn -0.390077 0.789551 -0.473761
vn -0.390077 0.789551 -0.473761
vn -0.39825 0.870064 -0.290492
vn -0.283065 0.878061 -0.385853
vn -0.39825 0.870064 -0.290492
vn -0.571288 0.81254 -0.115796
vn 0 0.514562 0.857453
vn 0 0.514562 0.857453
vn 0 0.514562 0.857453
vn 0 0.514562 0.857453
vn 1.38273e-06 0.857706 0.514141
vn -4.20477e-05 0.863431 0.504468
vn 9.8358e-07 0.857637 0.514255
vn 0 0.857944 0.513744
vn -1.26264e-05 0.989618 0.143723
vn -1.01846e-05 0.989957 0.14137
vn -2.8485e-07 0.990009 -0.141006
vn -1.72059e-08 0.990028 -0.14087
vn -4.04643e-07 0.990013 -0.140976
vn -3.02206e-07 0.989998 -0.141083
vn 0.51446 -2.83031e-07 0.857515
vn 0.514249 -3.80209e-07 0.857641
vn 0.51446 -2.83031e-07 0.857515
vn 0.51467 -1.85881e-07 0.857388
vn 0.857471 -1.63721e-07 0.514532
vn 0.857543 -1.08197e-07 0.514412
vn 0.857471 -1.63721e-07 0.514532
vn 0.857399 -2.19276e-07 0.514652
vn 0.989951 -1.02959e-08 0.141414
vn 0.989956 9.14935e-09 0.141374
vn 0.989951 -1.02959e-08 0.141414
vn 0.989945 -2.97523e-08 0.141454
vn 0.857491 4.57837e-08 -0.514499
vn 0.857491 4.57837e-08 -0.514499
vn 0.857491 4.57837e-08 -0.514499
vn 0.98996 2.40122e-08 -0.141346
vn 0.989974 -2.4056e-08 -0.141247
vn 1.26665e-07 -0.514532 0.857471
vn 0 -0.51449 0.857497
vn 1.15211e-07 -0.514523 0.857477
vn -7.18508e-08 -0.514496 0.857493
vn 0 -0.857497 0.51449
vn 0 -0.857497 0.51449
vn 0 -0.857497 0.51449
vn 7.98616e-08 -0.857508 0.514471
vn 0 -0.989951 0.141412
vn 0 -0.989951 0.141412
vn 0 -0.989951 0.141412
vn 0 -0.989951 0.141412
vn 0 -0.857491 -0.514499
vn -4.28644e-05 -0.863363 -0.504583
vn -3.17997e-07 -0.857491 -0.514499
vn -8.63622e-09 -0.989951 -0.141414
vn -1.25724e-05 -0.989549 -0.144198
vn -1.15127e-05 -0.989951 -0.141414
vn 0 -0.98995 -0.141417
vn 0 0.514562 0.857453
vn 0 0.514562 0.857453
vn -0.000133195 0.875524 0.483175
vn -6.87663e-05 0.86693 0.49843
vn -1.16793e-06 0.988685 0.150005
vn -2.06443e-05 0.989373 0.145399
vn -2.57986e-07 -0.51446 0.857515
vn -6.70351e-07 -0.514364 0.857572
vn 1.2907e-07 -0.857515 0.51446
vn 2.58146e-07 -0.857533 0.51443
vn 0 -0.989951 0.141412
vn 0 -0.989951 0.141412
vn -0.514457 -1.34581e-07 0.857516
vn -0.514526 -1.6648e-07 0.857475
vn -0.514457 -1.34581e-07 0.857516
vn -0.514388 -1.02687e-07 0.857558
vn -0.857628 -1.04007e-07 0.51427
vn -0.857634 -1.08165e-07 0.514261
vn -0.857628 -1.04007e-07 0.51427
vn -0.857623 -9.98483e-08 0.514279
vn -0.989922 -6.18186e-08 0.141615
vn -0.989931 -9.38378e-08 0.141549
vn -0.989922 -6.18186e-08 0.141615
vn -0.989912 -2.97999e-08 0.141681
vn -6.32514e-07 -0.514709 -0.857365
vn -6.32514e-07 -0.514709 -0.857365
vn -6.32514e-07 -0.514709 -0.857365
vn -0.000131994 -0.875295 -0.48359
vn -6.84411e-05 -0.866812 -0.498634
vn 0 -0.988562 -0.150815
vn -2.05393e-05 -0.98929 -0.145965
vn -7.23718e-07 0.514379 -0.857563
vn -7.23718e-07 0.514379 -0.857563
vn -7.23718e-07 0.514379 -0.857563
vn 0 0.989998 -0.141084
vn -1.06179e-08 0.989997 -0.141086
vn -0.514526 1.49828e-07 -0.857475
vn -0.514415 9.85157e-08 -0.857542
vn -0.514526 1.49828e-07 -0.857475
vn -0.514637 2.01185e-07 -0.857408
vn -0.857524 8.73954e-08 -0.514445
vn -0.857607 1.51195e-07 -0.514306
vn -0.857524 8.73954e-08 -0.514445
vn -0.857441 2.3602e-08 -0.514583
vn -0.989914 3.27193e-08 -0.141668
vn -0.989897 -2.48963e-08 -0.141787
vn -0.989914 3.27193e-08 -0.141668
vn -0.989931 9.04026e-08 -0.141549
vn -0.921187 -0.389087 0.00512637
vn -0.939122 -0.343584 -4.72592e-06
vn -0.921187 -0.389087 0.00512637
vn -0.905098 -0.425102 0.00925585
vn -0.333068 0.942903 1.72925e-05
vn -0.383937 0.923341 0.00579278
vn 0.921249 0.38894 0.00511866
vn 0.905193 0.4249 0.00924163
vn 0.389017 -0.921216 0.0051181
vn 0.34362 -0.939109 0
vn 0.389017 -0.921216 0.0051181
vn 0.424938 -0.905175 0.00923571
vn 1 1.21613e-07 2.47894e-07
vn 1 1.14459e-07 2.2035e-07
vn 1 1.21613e-07 2.47894e-07
vn 1 1.28767e-07 2.75438e-07
vn -1 -1.14459e-07 -2.2035e-07
vn -1 -1.14459e-07 -2.2035e-07
vn -1 -1.14459e-07 -2.2035e-07
vn 0 -1 0
vn 0 -1 0
vn 0 -1 0
vn 0 -1 0
vn 0 -1 0
vn 0 -1 0
vn 0 -1 0
vn 0 -1 0
vn 0 -1 0
vn 0 -2.14611e-08 1
vn 0 -2.14611e-08 1
vn 0 -2.14611e-08 1
vn 0 -2.14611e-08 1
vn 0 1 0
vn 0 1 0
vn 0 1 0
vn 0 1 0
vn 0 1 0
vn 0.989954 1.18368e-07 0.141393
vn 0.989956 1.24439e-07 0.141379
vn 0.989954 1.18368e-07 0.141393
vn 0.989952 1.12297e-07 0.141407
vn -0.989951 -1.14321e-07 0.141412
vn -0.989951 -1.14321e-07 0.141412
vn -0.989951 -1.14321e-07 0.141412
vn 0.857444 5.152e-08 0.514577
vn 0.857444 5.152e-08 0.514577
vn 0.857444 5.152e-08 0.514577
vn 0.514515 2.39259e-08 0.857481
vn 0.514556 4.04937e-08 0.857457
vn 0.514515 2.39259e-08 0.857481
vn 0.514475 7.35875e-09 0.857506
vn 0.141412 -3.0363e-09 0.989951
vn 0.141412 -3.0363e-09 0.989951
vn 0.141412 -3.0363e-09 0.989951
vn -0.85741 -1.2145e-07 0.514634
vn -0.85741 -1.2145e-07 0.514634
vn -0.85741 -1.2145e-07 0.514634
vn -0.514443 -6.31707e-08 0.857525
vn -0.514457 -6.87009e-08 0.857516
vn -0.514443 -6.31707e-08 0.857525
vn -0.51443 -5.76363e-08 0.857533
vn -0.141424 -4.04676e-08 0.989949
vn -0.141424 -4.04676e-08 0.989949
vn -0.141424 -4.04676e-08 0.989949
vn 0 1 0
vn 0 1 0
vn 0 1 0
vn 0 0 1
vn 0 0 1
vn 0 0 1
vn 0 0 1
vn 1 8.7226e-06 -1.45377e-05
vn 1 9.75322e-06 -0.000128958
vn 1 8.7226e-06 -1.45377e-05
vn 1 0 0.000953857
vn -1 -3.40474e-06 9.87322e-05
vn -1 0 0.00047602
vn -1 -2.73692e-06 -4.56153e-06
vn -1 -2.9317e-06 -3.87633e-05
vn -1 -2.36568e-06 -6.19823e-05
vn 6.01313e-08 0.857509 0.514469
vn 1.2026e-07 0.857491 0.514499
vn 6.01313e-08 0.857509 0.514469
vn 0 0.857527 0.514439
vn 0 1 0
vn 0 1 0
vn 0 1 0
vn 0 1 0
vn 0 0 1
vn 0 0 1
vn 0 0 1
vn 0 0 1
vn 1 0 0
vn 1 0 0
vn 1 0 0
vn 1 0 0
vn -1 1.70294e-06 -4.93844e-05
vn -1 0 -0.000238379
vn -1 1.36847e-06 2.28079e-06
vn -1 1.4657e-06 1.93797e-05
vn -1 1.18265e-06 3.09854e-05
vn 0 0.989951 0.141412
vn 0 0.989951 0.141412
vn 0 0.989951 0.141412
vn -1.66871e-08 -0.141424 0.989949
vn -1.66871e-08 -0.141424 0.989949
vn -1.66871e-08 -0.141424 0.989949
vn -5.34812e-08 0.857494 0.514494
vn -1.06968e-07 0.857527 0.514439
vn -5.34812e-08 0.857494 0.514494
vn 0 0.85746 0.51455
vn -3.4689e-08 0.514475 0.857506
vn -1.44548e-08 0.514454 0.857518
vn -3.4689e-08 0.514475 0.857506
vn -5.49265e-08 0.514496 0.857493
vn -8.34354e-09 0.141437 0.989947
vn 0 0.141428 0.989949
vn -8.34354e-09 0.141437 0.989947
vn -1.66871e-08 0.141445 0.989946
vn 0 -1 0
vn 0 -1 0
vn 0 -1 0
vn 0 -1 0
vn 0 1 0
vn 0 1 0
vn 0 1 0
vn 0 1 0
vn 8.42838e-09 5.73124e-07 1
vn 1.6857e-08 1.14626e-06 1
vn 8.42838e-09 5.73124e-07 1
vn 0 0 1
vn 0 -0.989923 0.14161
vn 0 -0.989923 0.14161
vn 0 -0.989923 0.14161
vn 0 0.98996 0.141346
vn 0 0.98996 0.141346
vn 0 0.98996 0.141346
vn 0 -0.857473 0.514529
vn 0 -0.857473 0.514529
vn 0 -0.857473 0.514529
vn 0 -0.857473 0.514529
vn 0 -0.51449 0.857497
vn 0 -0.51449 0.857497
vn 0 -0.51449 0.857497
vn 0 -0.141431 0.989948
vn 0 -0.141431 0.989948
vn 0 -0.141431 0.989948
vn 0 -0.141431 0.989948
vn 0 0.857473 0.514529
vn 0 0.857473 0.514529
vn 0 0.857473 0.514529
vn 0 0.857473 0.514529
vn 2.02536e-08 0.141375 0.989956
vn 7.38602e-08 0.141322 0.989964
vn 2.02536e-08 0.141375 0.989956
vn -3.33742e-08 0.141428 0.989949
vn 0 -1 0
vn 0 -1 0
vn 0 -1 0
vn 0 1 0
vn 0 1 0
vn 0 1 0
vn 0 -0.989923 0.14161
vn 0 -0.989923 0.14161
vn 0 -0.989923 0.14161
vn 0 -0.989923 0.14161
vn 0 -0.857473 0.514529
vn 0 -0.857473 0.514529
vn 0 -0.857473 0.514529
vn 0 -0.51449 0.857497
vn 0 -0.51449 0.857497
vn 0 -0.51449 0.857497
vn 0 -0.141431 0.989948
vn 0 -0.141431 0.989948
vn 0 -0.141431 0.989948
vn 0 0.14131 0.989965
vn 0 0.14131 0.989965
vn 0 0.14131 0.989965
vn 0 -1 0
vn 0 -1 0
vn 0 -1 0
vn 0 -1 0
vn 0 -2.29248e-06 1
vn 0 -2.29248e-06 1
vn 0 -2.29248e-06 1
vn 0 -0.989923 0.14161
vn 0 -0.989923 0.14161
vn 0 -0.989923 0.14161
vn 0 -0.989923 0.14161
vn 0 -0.857473 0.514529
vn 0 -0.857473 0.514529
vn 0 -0.857473 0.514529
vn 0 -0.857473 0.514529
vn 0 -0.51449 0.857497
vn 0 -0.51449 0.857497
vn 0 -0.51449 0.857497
vn 0 -0.141431 0.989948
vn 0 -0.141431 0.989948
vn 0 -0.141431 0.989948
vn -0.695713 -0.550854 0.461024
vn -0.00172014 -0.840559 0.541717
vn -0.664719 -0.541312 0.514908
vn -0.835811 -0.00215198 0.549013
vn -0.49209 0.00165865 0.870543
vn -0.835537 0.00184782 0.549431
vn -0.00199809 0.85715 0.515063
vn -0.691307 0.459457 0.557668
vn -0.397078 0.495801 0.772341
vn -0.000542384 0.672767 0.739854
vn -3.64428e-05 0.844476 0.535594
vn 3.14859e-08 0.835594 0.549348
vn 8.29317e-08 0.894924 0.446218
vn 0.000134943 0.835586 0.549359
vn 0.835438 -1.20159e-06 0.549584
vn 0.894871 -8.98124e-07 0.446324
vn 0.894867 -9.47834e-07 0.446333
vn -0.581097 -0.00252571 0.81383
vn 0 0.502546 0.86455
vn -0.000646351 -0.672694 0.739921
vn 9.00064e-05 0.812904 0.582397
vn 1.67905e-05 0.569196 0.822202
vn 0.763731 -1.74992e-06 0.645534
vn 0.637659 0.00012701 0.770319
vn -0.000555949 0.367885 0.929871
vn 0.000409504 0.33564 0.94199
vn 4.93247e-08 0.532923 0.846164
vn 0.000145998 0.367804 0.929904
vn 0.419047 0.000268576 0.907965
vn 0.519144 -1.80069e-06 0.854687
vn -0.325715 -0.281337 0.90264
vn -0.0422536 -0.285202 0.957536
vn 2.38783e-05 0.307785 0.951456
vn -0.178715 -1.80754e-06 0.983901
vn -1.31747e-08 0.175939 0.984401
vn 7.4199e-08 -4.97197e-07 1
vn 0 0 1
vn 1.7634e-08 -2.70752e-07 1
vn -9.87955e-10 -6.57315e-07 1
vn -6.60274e-06 6.54516e-06 1
vn 1.69638e-06 -1.6041e-06 1
vn 3.97162e-07 -1.06995e-06 1
vn -7.96106e-07 -1.10835e-06 1
vn -2.14714e-08 9.31319e-07 -1
vn -2.14714e-08 9.31319e-07 -1
vn -2.14714e-08 9.31319e-07 -1
vn 0.000134817 -0.835537 0.549434
vn 0 -0.894859 0.446349
vn -1.3764e-08 -0.835572 0.549381
vn -6.38954e-05 -0.837633 0.546234
vn -0.00016835 -0.577653 0.816282
vn 8.97707e-05 -0.812895 0.58241
vn 2.09884e-05 -0.63719 0.770707
vn 0.000447355 -0.367891 0.929869
vn -1.63617e-06 -0.409296 0.912402
vn -1.477e-07 -0.519201 0.854652
vn -1.52146e-06 -0.327676 0.94479
vn -0.0170141 -0.116035 0.993099
vn -4.65677e-05 -0.177568 0.984109
vn 0 -0.128744 0.991678
vn -7.06033e-14 -1.69814e-06 1
vn 0 -1.69814e-06 1
vn 0 -1.69814e-06 1
vn 0.558928 -0.515296 0.649669
vn 0.32249 -0.671303 0.667347
vn 0.685732 -0.417138 0.596463
vn 0.835107 -0.00587855 0.550056
vn 0.541693 0.590673 0.598058
vn 0.835457 0.00169901 0.549553
vn 0.784473 0.34685 0.514099
vn 0.673834 0.600708 0.43023
vn 0.347688 0.723566 0.596294
vn 0.00387763 0.834903 0.550384
vn 0.00419284 -0.834646 0.550771
vn -0.000589529 0.835449 0.549568
vn -3.62279e-07 0.894892 0.446284
vn 0.677781 -0.00165889 0.735262
vn 0.674227 0.00239659 0.73852
vn 0.0020868 0.665086 0.746764
vn 0.00215855 -0.766393 0.642368
vn -0.000392081 0.81288 0.582432
vn -0.763705 -1.40921e-06 0.645565
vn -0.763725 -1.56489e-06 0.645542
vn -0.835442 -1.18525e-06 0.549579
vn 0.364426 -0.00405935 0.931223
vn 0.268904 0.363211 0.892059
vn 0.257669 0.00147983 0.966232
vn 0.24158 -0.460609 0.854095
vn -0.00123007 0.366877 0.930269
vn -2.08898e-07 0.51917 0.854671
vn -0.498816 0.000177127 0.866708
vn -0.519171 -1.76206e-06 0.85467
vn -0.30018 -3.68891e-06 0.953883
vn -0.367924 -1.50433e-05 0.929856
vn -4.90465e-07 -4.6326e-07 1
vn -6.71251e-07 -1.3463e-06 1
vn -1.4103e-06 -1.32112e-06 1
vn -1.05787e-06 -1.00033e-06 1
vn 7.73699e-06 7.6695e-06 1
vn 2.11134e-07 -4.39503e-07 1
vn -1.96666e-07 -2.07979e-07 1
vn 0 -0.894851 0.446365
vn -0.000588937 -0.83543 0.549596
vn -0.00039137 -0.812883 0.582427
vn 1.9468e-07 -0.483372 0.875415
vn 0 -1.69814e-06 1
vn 0 -1 0
vn 0 -1 0
vn 0 -1 0
vn 0 -1 0
vn -1 0 0
vn -1 0 0
vn -1 0 0
vn -1 0 0
vn 0 1 0
vn 0 1 0
vn 0 1 0
vn 0 1 0
vn 0 1 0
vn 0 1 0
vn 1 0 0
vn 1 0 0
vn 1 0 0
vn 1 0 0
vn 0 -1 0
vn 0 -1 0
vn 0.343521 0.938983 0.017453
vn 0.33478 0.915088 0.224802
vn 0.387379 0.921915 0.00320375
vn 0.938998 0.343541 -0.0162181
vn 0.917498 0.335675 -0.213354
vn 0.9219 0.38742 -0.00261819
vn 0.141415 -0.00512382 0.989937
vn 0.129535 -0.40209 0.906391
vn 0.1414 -0.00257773 0.989949
vn 0.978155 -0.00320896 -0.207852
vn 0.901365 -0.362285 -0.237257
vn 0.967055 -0.00548375 -0.25451
vn -0.00244271 0.989947 0.141416
vn -0.421213 0.897847 0.128259
vn -0.00122458 0.989949 0.141417
vn -0.0027873 -0.14141 0.989947
vn -0.471437 -0.12471 0.873037
vn -0.0013973 -0.141411 0.98995
vn -0.00243066 -0.989947 -0.14142
vn -0.422893 -0.897072 -0.128152
vn -0.00243066 -0.989947 -0.14142
vn 2.12557e-08 0.141391 0.989954
vn 0 0.14138 0.989955
vn 1.86021e-08 0.141389 0.989954
vn 0 0.141407 0.989952
vn 0.141384 -1.23656e-06 0.989955
vn 0.141389 -1.16689e-06 0.989954
vn 3.72041e-08 -0.141411 0.989951
vn 0.000681693 -0.141411 0.989951
vn 0.000341104 -0.141411 0.989951
vn 2.70668e-08 -0.141411 0.989951
vn -1.49004e-07 0.141407 0.989952
vn -7.45023e-08 0.141391 0.989954
vn -0.141417 -1.01037e-06 0.98995
vn -0.141417 -9.75279e-07 0.98995
vn -0.141417 -9.75279e-07 0.98995
vn -0.141417 -1.01037e-06 0.98995
vn -0.389013 -0.921218 -0.00511168
vn -0.424836 -0.905082 -0.0184362
vn -0.390565 -0.920515 -0.0105741
vn -0.343673 -0.93909 0
vn -0.921197 0.389062 -0.00512833
vn -0.905121 0.425053 -0.00925514
vn -0.921197 0.389062 -0.00512833
vn -0.939121 0.343586 0
vn 0.424887 0.905199 -0.00923712
vn 0.388963 0.921239 -0.00511824
vn 0.921219 -0.38901 -0.00511337
vn 0.905026 -0.424821 -0.0213427
vn 0.920513 -0.39052 -0.0122315
vn 0.939093 -0.343663 0
vn 0.000348239 0.98995 0.141414
vn 0.000695948 0.989951 0.141412
vn 0.422877 0.897081 0.128146
vn 0.315401 0.813339 0.488878
vn 0.315401 0.813339 0.488878
vn 0.315401 0.813339 0.488878
vn 0.394763 0.473407 0.787432
vn 0.394763 0.473407 0.787432
vn 0.394763 0.473407 0.787432
vn 0.341888 0.341918 0.875331
vn 0.12263 0.497639 0.858672
vn 0.341888 0.341918 0.875331
vn 0.577997 0.115413 0.807836
vn 0.469541 0.410486 0.781686
vn 0.469541 0.410486 0.781686
vn 0.469541 0.410486 0.781686
vn 0.779611 0.415667 0.468431
vn 0.779611 0.415667 0.468431
vn 0.779611 0.415667 0.468431
vn 0.867138 0.453675 0.20555
vn 0.852282 0.508705 0.1218
vn 0.867138 0.453675 0.20555
vn 0.872433 0.409516 0.266755
vn 0.815037 0.310664 -0.489083
vn 0.815037 0.310664 -0.489083
vn 0.815037 0.310664 -0.489083
vn 0.473209 0.392977 -0.788444
vn 0.473209 0.392977 -0.788444
vn 0.473209 0.392977 -0.788444
vn 0.90359 0.408451 -0.129198
vn 0.90359 0.408451 -0.129198
vn 0.90359 0.408451 -0.129198
vn 0.407651 0.469113 -0.783424
vn 0.407651 0.469113 -0.783424
vn 0.407651 0.469113 -0.783424
vn 0.399602 0.786664 -0.470614
vn 0.399602 0.786664 -0.470614
vn 0.399602 0.786664 -0.470614
vn 0.446169 0.875288 -0.18656
vn 0.487364 0.86445 -0.123296
vn 0.446169 0.875288 -0.18656
vn 0.413116 0.880121 -0.23393
vn 0.440988 -0.126918 0.888494
vn 0.305415 -0.489916 0.81652
vn 0.305415 -0.489916 0.81652
vn 0.305415 -0.489916 0.81652
vn 0.37251 -0.795781 0.477461
vn 0.37251 -0.795781 0.477461
vn 0.37251 -0.795781 0.477461
vn 0.460224 -0.859632 0.221873
vn 0.409695 -0.872589 0.265967
vn 0.460224 -0.859632 0.221873
vn 0.568417 -0.814472 0.116352
vn 0.619275 -0.284195 0.731937
vn 0.619275 -0.284195 0.731937
vn 0.619275 -0.284195 0.731937
vn 0.858401 -0.401134 0.319749
vn 0.862994 -0.315823 0.394332
vn 0.858401 -0.401134 0.319749
vn 0.836981 -0.500946 0.220263
vn 0.891969 -0.418692 -0.17055
vn 0.320899 -0.877105 -0.357368
vn 0.320899 -0.877105 -0.357368
vn 0.320899 -0.877105 -0.357368
vn -0.390543 0.920526 0.0104065
vn -0.424835 0.905089 0.0181534
vn -0.421406 0.897789 0.128031
vn -0.87328 0.411934 0.260179
vn -0.854418 0.505033 0.122114
vn -0.87328 0.411934 0.260179
vn -0.869265 0.318019 0.378474
vn -0.779835 0.415893 0.467857
vn -0.779835 0.415893 0.467857
vn -0.779835 0.415893 0.467857
vn -0.467878 0.415918 0.779809
vn -0.467878 0.415918 0.779809
vn -0.467878 0.415918 0.779809
vn -0.320247 0.812469 0.487171
vn -0.320247 0.812469 0.487171
vn -0.320247 0.812469 0.487171
vn -0.403273 0.470445 0.78489
vn -0.403273 0.470445 0.78489
vn -0.403273 0.470445 0.78489
vn -0.345603 0.34558 0.87243
vn -0.122051 0.505104 0.854385
vn -0.345603 0.34558 0.87243
vn -0.583071 0.114882 0.804258
vn -0.141414 -0.00581652 0.989933
vn -0.141416 -0.00292545 0.989946
vn -0.126003 -0.453989 0.882053
vn -0.61626 -0.299614 0.728324
vn -0.61626 -0.299614 0.728324
vn -0.61626 -0.299614 0.728324
vn -0.859119 -0.435986 0.268013
vn -0.864069 -0.405798 0.297846
vn -0.859119 -0.435986 0.268013
vn -0.849036 -0.478764 0.223435
vn -0.351026 -0.481759 0.802925
vn -0.351026 -0.481759 0.802925
vn -0.351026 -0.481759 0.802925
vn -0.396584 -0.787181 0.472301
vn -0.396584 -0.787181 0.472301
vn -0.396584 -0.787181 0.472301
vn -0.416097 -0.869022 0.267701
vn -0.321778 -0.879262 0.351224
vn -0.416097 -0.869022 0.267701
vn -0.559981 -0.820179 0.117167
vn -0.421303 -0.897555 -0.129993
vn -0.868442 -0.317729 -0.380602
vn -0.868442 -0.317729 -0.380602
vn -0.868442 -0.317729 -0.380602
vn -0.315987 -0.813556 -0.488138
vn -0.315987 -0.813556 -0.488138
vn -0.315987 -0.813556 -0.488138
vn -0.486075 0.327634 -0.810177
vn -0.486075 0.327634 -0.810177
vn -0.486075 0.327634 -0.810177
vn -0.778674 0.41883 -0.467171
vn -0.778674 0.41883 -0.467171
vn -0.778674 0.41883 -0.467171
vn -0.84724 0.470071 -0.247423
vn -0.860369 0.40404 -0.310672
vn -0.84724 0.470071 -0.247423
vn -0.799027 0.590352 -0.114191
vn -0.31166 0.489241 -0.814562
vn -0.31166 0.489241 -0.814562
vn -0.31166 0.489241 -0.814562
vn -0.385017 0.791278 -0.475017
vn -0.385017 0.791278 -0.475017
vn -0.385017 0.791278 -0.475017
vn -0.417018 0.868053 -0.269405
vn -0.322346 0.880775 -0.346883
vn -0.417018 0.868053 -0.269405
vn -0.575038 0.809906 -0.115691
vn 2.68806e-07 0.514763 0.857332
vn 6.75239e-07 0.51448 0.857502
vn 2.19135e-07 0.51474 0.857347
vn 3.68114e-08 0.514953 0.857219
vn 2.0992e-07 0.857347 0.514739
vn 2.43828e-07 0.857497 0.51449
vn 3.60988e-07 0.857361 0.514716
vn 4.41997e-07 0.857233 0.514929
vn 0 0.98995 0.141417
vn -2.6573e-09 0.98995 0.141415
vn -1.84194e-06 0.857968 -0.513704
vn -9.90719e-07 0.858579 -0.512681
vn -2.10474e-06 0.858036 -0.51359
vn -2.50397e-06 0.857491 -0.514499
vn -1.20824e-07 0.989964 -0.141318
vn -3.03176e-09 0.989981 -0.1412
vn -1.38047e-07 0.989966 -0.141305
vn -1.73986e-07 0.989951 -0.14141
vn 0.594383 -0.000729662 0.804182
vn 0.51449 -0.000710048 0.857496
vn 0.550765 -0.000326773 0.83466
vn 0.645934 -1.18494e-06 0.763394
vn 0.857515 -5.32362e-07 0.51446
vn 0.857515 -5.913e-07 0.51446
vn 0.857501 -4.74178e-07 0.514482
vn 0.978229 -0.000617588 0.207528
vn 0.989942 -1.74191e-07 0.141473
vn 0.98534 -0.000271697 0.170601
vn 0.967073 -0.00106031 0.254498
vn 0.989939 2.81555e-07 -0.141496
vn 0.989941 1.56824e-07 -0.141478
vn 0.985337 -0.000271256 -0.170618
vn 0.989936 3.89835e-07 -0.141513
vn 3.2226e-08 -0.514499 0.857491
vn 3.68231e-08 -0.514499 0.857491
vn 3.68231e-08 -0.514499 0.857491
vn 2.34452e-08 -0.514499 0.857491
vn 1.93354e-08 -0.857497 0.51449
vn 2.20936e-08 -0.857497 0.51449
vn 2.20936e-08 -0.857497 0.51449
vn 1.4067e-08 -0.857497 0.51449
vn 5.31482e-09 -0.98995 0.14142
vn 6.07298e-09 -0.98995 0.14142
vn 6.07298e-09 -0.98995 0.14142
vn 3.86665e-09 -0.98995 0.14142
vn -3.03649e-09 -0.98995 -0.14142
vn -2.36247e-09 -0.98995 -0.14142
vn -3.03649e-09 -0.98995 -0.14142
vn 2.09135e-06 0.514057 0.857756
vn 9.80997e-07 0.514315 0.857601
vn 0 0.857659 0.514219
vn 7.09753e-07 0.85756 0.514385
vn 0 -0.514499 0.857491
vn 0 -0.514499 0.857491
vn 0 -0.857497 0.51449
vn 0 -0.857497 0.51449
vn 0 -0.98995 0.14142
vn 0 -0.98995 0.14142
vn -0.51449 -8.75187e-07 0.857497
vn -0.51449 -0.000709517 0.857496
vn -0.550781 -0.000326344 0.83465
vn -0.51449 -8.75187e-07 0.857497
vn -0.857509 -4.72574e-07 0.514469
vn -0.857504 -3.69573e-07 0.514478
vn -0.857508 -4.28087e-07 0.514471
vn -0.857515 -5.25073e-07 0.51446
vn -0.989941 -1.44397e-07 0.141478
vn -0.989942 -1.56819e-07 0.141473
vn -0.98534 -0.000271658 0.170604
vn -0.989941 -1.15521e-07 0.141483
vn 0 0.857491 -0.514499
vn 0 0.989951 -0.14141
vn 0 0.989951 -0.14141
vn -0.978228 -0.000617113 -0.207532
vn -0.989941 1.56807e-07 -0.141478
vn -0.98534 -0.000271299 -0.170605
vn -0.967072 -0.0010597 -0.254501
vn -0.921192 -0.389075 0.0051296
vn -0.939121 -0.343588 0
vn -0.921192 -0.389075 0.0051296
vn -0.905112 -0.425073 0.00925727
vn -0.343683 0.939086 0
vn -0.389014 0.921218 0.00511097
vn 0.921235 0.388972 0.00511811
vn 0.905196 0.424895 0.00923691
vn 0.389021 -0.921215 0.00512336
vn 0.343588 -0.93912 0
vn 0.389021 -0.921215 0.00512336
vn 0.42498 -0.905156 0.00924634
vn 0.835608 -1.04453e-06 0.549326
vn 0.367593 0.000400918 0.929987
vn -0.396929 -0.554375 0.731516
vn -4.32621e-08 -7.05365e-07 1
vn -2.99522e-08 0 1
vn 2.94842e-11 -5.74111e-07 1
vn 5.45403e-09 -1.22982e-06 1
vn 8.08896e-06 5.36901e-06 1
vn -0.894875 -9.45688e-07 0.446316
vn -0.835618 -1.10502e-06 0.549311
vn -0.894875 -9.47885e-07 0.446316
vn 2.07962e-07 -1.92943e-07 1
vn -5.89538e-07 6.23442e-07 1
vn 6.33713e-07 1.31881e-06 1
vn 1.85571e-06 -1.82381e-06 1
vn -0.000140565 -0.000131328 1
vn 0 -1.69814e-06 1
vn 6.87615e-13 -1.69814e-06 1
vn -1 0 0
vn -1 0 0
vn 1 0 0
vn 1 0 0
vn 0.141381 -1.02482e-06 0.989955
vn 0.141379 -1.01038e-06 0.989956
vn 0.514454 -1.19031e-06 0.857518
vn 0.514418 -9.80245e-07 0.85754
vn 0.857497 -4.55051e-07 0.51449
vn 0.857478 -2.80096e-07 0.51452
vn 0.989942 -1.73215e-07 0.141473
vn 0.989942 -1.73215e-07 0.141473
vn -0.594383 -0.000729163 0.804181
vn -0.645934 -7.10963e-07 0.763394
vn -0.857504 -2.92771e-07 0.514478
vn -0.978229 -0.000617524 0.207528
vn -0.967073 -0.00106023 0.254498
vn -0.857509 5.77582e-07 -0.514469
vn -0.857509 5.77582e-07 -0.514469
vn -0.857509 5.77582e-07 -0.514469
vn -0.989942 1.66062e-07 -0.141477
vn -0.989942 1.58847e-07 -0.141476
vn -0.432898 -0.761212 0.482862
vn -0.0030035 -0.835329 0.549743
vn -0.601892 -0.577527 0.551533
vn -0.776195 -0.422012 0.468431
vn -0.836464 -0.00257395 0.548015
vn -0.581362 0.000915687 0.813645
vn -0.835662 0.00548564 0.549217
vn -0.539948 0.466589 0.700536
vn -0.599583 0.474485 0.644488
vn -0.303299 0.631394 0.713689
vn -0.00452663 0.83475 0.550611
vn -7.73904e-08 0.835534 0.549439
vn 2.76086e-07 0.894892 0.446284
vn 0.000449274 0.835468 0.54954
vn -0.581074 -0.00317524 0.813845
vn -0.00232266 0.753675 0.657243
vn 0.000187671 0.556485 0.830858
vn -4.8254e-08 0.835619 0.549309
vn -0.00155817 -0.665241 0.746627
vn 0.000298977 0.812855 0.582467
vn -8.56505e-05 0.566176 0.824285
vn 0.812815 -1.49333e-06 0.582521
vn 0.763728 -2.37605e-06 0.645538
vn 0.624339 -2.43019e-06 0.781154
vn -0.465923 0.667108 0.581278
vn -0.000744517 0.367895 0.929867
vn 0.00250937 0.346595 0.938012
vn -0.090455 -0.248491 0.964401
vn -0.279924 -0.321554 0.904569
vn -1.37706e-06 0.519431 0.854512
vn 0.000336769 0.367706 0.929942
vn 0.41939 -2.45497e-06 0.907806
vn 0.519155 -3.97177e-06 0.85468
vn -0.000117954 0.307346 0.951598
vn -0.0515118 0.0912224 0.994497
vn 0 0.21026 0.977646
vn 1.92643e-07 -8.63156e-07 1
vn 0 0 1
vn 7.55415e-08 -4.0779e-07 1
vn -2.58322e-09 -1.31598e-06 1
vn -0.000176612 0.000179768 1
vn 5.88675e-06 3.20058e-06 1
vn 4.66496e-06 -4.41123e-06 1
vn 1.54978e-07 -1.29794e-06 1
vn -7.96137e-07 -1.10835e-06 1
vn -7.60631e-08 9.69426e-07 -1
vn -8.05624e-08 9.80861e-07 -1
vn -8.80355e-08 9.8273e-07 -1
vn -6.10703e-08 9.31319e-07 -1
vn 0.000448746 -0.835472 0.549532
vn 0 -0.894859 0.446349
vn 5.22273e-07 -0.835542 0.549426
vn 4.42241e-07 -0.835629 0.549294
vn 1.49976e-07 -0.581228 0.813741
vn 0.000298478 -0.81289 0.582417
vn -1.03113e-11 -0.661128 0.750274
vn 0.00112731 -0.522689 0.852523
vn -3.52547e-08 -0.402252 0.915529
vn -1.59635e-07 -0.51917 0.854671
vn 2.61638e-08 -0.341616 0.93984
vn 0.0576061 -0.183566 0.981318
vn 0 -0.210319 0.977633
vn 0 -0.210319 0.977633
vn 0.386351 -0.679738 0.623449
vn 0.582816 -0.537492 0.609449
vn 0.0049491 -0.834651 0.550757
vn 0.707063 -0.389464 0.590237
vn 0.835172 -0.0058167 0.549958
vn 0.773812 -0.00209292 0.633412
vn 0.835252 0.00191875 0.549864
vn 0.726686 0.255254 0.637787
vn 0.566726 0.566803 0.597961
vn 0.662641 0.601539 0.44616
vn 0.367345 0.763773 0.530762
vn 0.00285697 0.835275 0.549825
vn 0.00166716 0.665172 0.746688
vn -0.000589417 0.835449 0.549568
vn -3.62425e-07 0.894883 0.4463
vn 0.40002 0.00224065 0.916504
vn -0.000392221 0.812871 0.582443
vn 0.367745 -0.00271768 0.929923
vn 0.276063 -0.421921 0.863581
vn 0.290232 0.290264 0.911873
vn -0.00164466 0.366497 0.930418
vn -4.54278e-07 0.563991 0.825781
vn 0.178674 -1.80747e-06 0.983908
vn -1.86988e-07 -6.01111e-07 1
vn -8.4565e-07 7.39974e-07 1
vn -6.27889e-07 -1.52411e-06 1
vn -1.48433e-06 -1.40359e-06 1
vn 4.18542e-07 -2.30541e-07 1
vn -1.10123e-05 -1.12216e-05 1
vn 0 0 1
vn 9.04808e-08 -0.894582 0.446904
vn -0.000586617 -0.835437 0.549586
vn -0.000390054 -0.812962 0.582317
vn 2.09098e-07 -0.51917 0.854671
vn 0 -1 0
vn 0 -1 0
vn 0 -1 0
vn 0 -1 0
vn -1 0 0
vn -1 0 0
vn -1 0 0
vn -1 0 0
vn 0 1 0
vn 0 1 0
vn 0 1 0
vn 0 1 0
vn 0 1 0
vn 0 1 0
vn 1 0 0
vn 1 0 0
vn 1 0 0
vn 1 0 0
vn 0 -1 0
vn 0 -1 0
vn 0.343533 0.938993 0.0166779
vn 0.33519 0.91619 0.219643
vn 0.390984 0.920395 0.00238785
vn 0.14141 -0.00493386 0.989939
vn 0.127302 -0.434526 0.891617
vn 0.141437 -0.00248016 0.989944
vn 0.989947 -0.00292386 -0.141411
vn 0.882029 -0.454038 -0.125996
vn 0.989934 -0.00581441 -0.14141
vn -0.00244147 0.989943 0.141447
vn -0.422046 0.897617 0.127128
vn -0.00122503 0.989947 0.141432
vn -0.0024412 -0.14141 0.989948
vn -0.421165 -0.128257 0.89787
vn -0.00122382 -0.141411 0.98995
vn -0.00250187 -0.989927 -0.14156
vn -0.40392 -0.905584 -0.129485
vn -0.00250187 -0.989927 -0.14156
vn -6.90425e-08 0.141393 0.989954
vn -4.1485e-07 0.141492 0.989939
vn -4.91259e-08 0.141398 0.989953
vn 0 0.141374 0.989956
vn -5.62898e-06 0.139944 -0.990159
vn -5.62898e-06 0.139944 -0.990159
vn -5.62898e-06 0.139944 -0.990159
vn 0.141464 -1.34104e-06 0.989943
vn 0.141418 -1.21912e-06 0.98995
vn 0.141438 9.67075e-07 -0.989947
vn 0.141445 1.04497e-06 -0.989946
vn 0.141434 1.01014e-06 -0.989948
vn 0.141431 1.01037e-06 -0.989948
vn 1.29021e-07 -0.141422 0.989949
vn 0.00201544 -0.141446 0.989944
vn 0.00101006 -0.141428 0.989948
vn 4.60982e-08 -0.141411 0.989951
vn -1.17297e-06 0.141671 0.989914
vn -5.85933e-07 0.141542 0.989932
vn -0.141395 -1.11141e-06 0.989953
vn -0.141412 -1.18431e-06 0.989951
vn -0.141407 -1.07981e-06 0.989952
vn -0.141379 -1.01038e-06 0.989956
vn -0.388979 -0.921232 -0.00511569
vn -0.424846 -0.905128 -0.0157945
vn -0.390391 -0.920605 -0.00903035
vn -0.343606 -0.939114 0
vn -0.921179 0.389106 -0.00511826
vn -0.905135 0.425025 -0.00923706
vn -0.921179 0.389106 -0.00511826
vn -0.939071 0.343722 0
vn 0.431051 0.902273 -0.00994915
vn 0.392647 0.919673 -0.0055369
vn 0.905222 -0.424938 9.7416e-07
vn 0.905151 -0.424897 -0.0127982
vn 0.905203 -0.424928 -0.00664523
vn 0.905219 -0.424945 0
vn 0.000995305 0.98995 0.141414
vn 0.00198623 0.989949 0.141412
vn 0.41456 0.900877 0.128688
vn 0.316737 0.813278 0.488114
vn 0.316737 0.813278 0.488114
vn 0.316737 0.813278 0.488114
vn 0.400027 0.471614 0.785849
vn 0.400027 0.471614 0.785849
vn 0.400027 0.471614 0.785849
vn 0.344998 0.345016 0.872892
vn 0.12186 0.506672 0.853483
vn 0.344998 0.345016 0.872892
vn 0.578531 0.115313 0.807468
vn 0.468639 0.412811 0.781002
vn 0.468639 0.412811 0.781002
vn 0.468639 0.412811 0.781002
vn 0.783101 0.407376 0.469891
vn 0.783101 0.407376 0.469891
vn 0.783101 0.407376 0.469891
vn 0.872186 0.449063 0.193996
vn 0.860059 0.495183 0.122853
vn 0.872186 0.449063 0.193996
vn 0.877132 0.411722 0.247235
vn 0.74996 0.326406 -0.575342
vn 0.74996 0.326406 -0.575342
vn 0.74996 0.326406 -0.575342
vn 0.491889 0.298106 -0.818033
vn 0.491889 0.298106 -0.818033
vn 0.491889 0.298106 -0.818033
vn 0.285821 0.284396 -0.91511
vn 0.419346 0.127129 -0.898881
vn 0.285821 0.284396 -0.91511
vn 0.12686 0.441443 -0.888276
vn 0.938142 0.343862 -0.0406013
vn 0.938142 0.343862 -0.0406013
vn 0.938142 0.343862 -0.0406013
vn 0.80632 0.503642 -0.310151
vn 0.80632 0.503642 -0.310151
vn 0.80632 0.503642 -0.310151
vn 0.31549 0.487202 -0.81431
vn 0.31549 0.487202 -0.81431
vn 0.31549 0.487202 -0.81431
vn 0.365852 0.79832 -0.47837
vn 0.365852 0.79832 -0.47837
vn 0.365852 0.79832 -0.47837
vn 0.449448 0.869434 -0.205135
vn 0.522233 0.844259 -0.120416
vn 0.449448 0.869434 -0.205135
vn 0.404484 0.878826 -0.253094
vn 0.408729 -0.129553 0.903414
vn 0.327511 -0.485732 0.810432
vn 0.327511 -0.485732 0.810432
vn 0.327511 -0.485732 0.810432
vn 0.418816 -0.778668 0.467193
vn 0.418816 -0.778668 0.467193
vn 0.418816 -0.778668 0.467193
vn 0.427318 -0.856657 0.289029
vn 0.317099 -0.866455 0.385622
vn 0.427318 -0.856657 0.289029
vn 0.590361 -0.799027 0.11415
vn 0.626821 -0.241863 0.740674
vn 0.626821 -0.241863 0.740674
vn 0.626821 -0.241863 0.740674
vn 0.865227 -0.429804 0.258168
vn 0.869829 -0.408337 0.276873
vn 0.865227 -0.429804 0.258168
vn 0.855515 -0.466266 0.225146
vn 0.891957 -0.418703 -0.17059
vn 0.407385 -0.877932 -0.25154
vn 0.49819 -0.858354 -0.122621
vn 0.407385 -0.877932 -0.25154
vn 0.320923 -0.87704 -0.357505
vn 0.408717 -0.782599 -0.469563
vn 0.408717 -0.782599 -0.469563
vn 0.408717 -0.782599 -0.469563
vn 0.422825 -0.466245 -0.777068
vn 0.422825 -0.466245 -0.777068
vn 0.422825 -0.466245 -0.777068
vn 0.800642 -0.358339 -0.480172
vn 0.800642 -0.358339 -0.480172
vn 0.800642 -0.358339 -0.480172
vn 0.46693 -0.417601 -0.779478
vn 0.46693 -0.417601 -0.779478
vn 0.46693 -0.417601 -0.779478
vn 0.349884 -0.349881 -0.869002
vn 0.527535 -0.120133 -0.840996
vn 0.349884 -0.349881 -0.869002
vn 0.116069 -0.571237 -0.812537
vn -0.390575 0.920512 0.0104027
vn -0.424926 0.905046 0.0181475
vn -0.421558 0.897764 0.127705
vn -0.873279 0.41209 0.259935
vn -0.85443 0.505019 0.122086
vn -0.873279 0.41209 0.259935
vn -0.869327 0.318406 0.378005
vn -0.779855 0.415885 0.467831
vn -0.779855 0.415885 0.467831
vn -0.779855 0.415885 0.467831
vn -0.467896 0.415887 0.779815
vn -0.467896 0.415887 0.779815
vn -0.467896 0.415887 0.779815
vn -0.320465 0.811357 0.488877
vn -0.320465 0.811357 0.488877
vn -0.320465 0.811357 0.488877
vn -0.402884 0.471063 0.784719
vn -0.402884 0.471063 0.784719
vn -0.402884 0.471063 0.784719
vn -0.345574 0.345559 0.872449
vn -0.122022 0.505057 0.854417
vn -0.345574 0.345559 0.872449
vn -0.583117 0.11482 0.804233
vn -0.141432 -0.00500855 0.989935
vn -0.141423 -0.00251853 0.989946
vn -0.128169 -0.421087 0.897919
vn -0.6237 -0.260704 0.736907
vn -0.6237 -0.260704 0.736907
vn -0.6237 -0.260704 0.736907
vn -0.859535 -0.435524 0.26743
vn -0.865189 -0.406269 0.293928
vn -0.859535 -0.435524 0.26743
vn -0.847305 -0.481991 0.223065
vn -0.319993 -0.487435 0.812411
vn -0.319993 -0.487435 0.812411
vn -0.319993 -0.487435 0.812411
vn -0.402875 -0.784837 0.470875
vn -0.402875 -0.784837 0.470875
vn -0.402875 -0.784837 0.470875
vn -0.42225 -0.862346 0.279399
vn -0.319758 -0.87382 0.366324
vn -0.42225 -0.862346 0.279399
vn -0.583084 -0.804247 0.114891
vn -0.422569 -0.900334 -0.104083
vn -0.885765 -0.368907 -0.281651
vn -0.8851 -0.402918 -0.232929
vn -0.885765 -0.368907 -0.281651
vn -0.881917 -0.322481 -0.343843
vn -0.332614 -0.808721 -0.485116
vn -0.332614 -0.808721 -0.485116
vn -0.332614 -0.808721 -0.485116
vn -0.605194 0.370007 -0.704866
vn -0.605194 0.370007 -0.704866
vn -0.605194 0.370007 -0.704866
vn -0.792988 0.38062 -0.475709
vn -0.792988 0.38062 -0.475709
vn -0.792988 0.38062 -0.475709
vn -0.867369 0.453541 -0.204867
vn -0.876374 0.411519 -0.25024
vn -0.867369 0.453541 -0.204867
vn -0.842316 0.525376 -0.120349
vn -0.347629 0.482419 -0.804006
vn -0.347629 0.482419 -0.804006
vn -0.347629 0.482419 -0.804006
vn -0.370731 0.796428 -0.477767
vn -0.370731 0.796428 -0.477767
vn -0.370731 0.796428 -0.477767
vn -0.405022 0.880278 -0.247118
vn -0.325022 0.88823 -0.324668
vn -0.405022 0.880278 -0.247118
vn -0.51895 0.846215 -0.120878
vn 1.57025e-07 0.514583 0.857441
vn -1.19809e-07 0.514549 0.857461
vn -4.45993e-08 0.514584 0.85744
vn 1.67351e-07 0.51458 0.857442
vn 1.46614e-07 0.85746 0.51455
vn 7.51248e-07 0.857373 0.514696
vn 5.21455e-08 0.857471 0.514533
vn 3.56051e-07 0.857424 0.51461
vn -5.26674e-08 0.989949 0.141428
vn -5.53037e-08 0.98995 0.141415
vn -9.48817e-06 0.51333 -0.858192
vn -9.48817e-06 0.51333 -0.858192
vn -9.48817e-06 0.51333 -0.858192
vn -1.5604e-06 0.857735 -0.514092
vn -2.82408e-06 0.857903 -0.513811
vn -2.82408e-06 0.857903 -0.513811
vn -2.79374e-07 0.989962 -0.141335
vn -8.62312e-09 0.989981 -0.1412
vn -3.92643e-07 0.989966 -0.141305
vn -2.9632e-07 0.989951 -0.14141
vn 0.594383 -0.000729043 0.804181
vn 0.514423 -0.000710042 0.857536
vn 0.550773 -0.000326651 0.834655
vn 0.645977 9.12194e-08 0.763357
vn 0.857468 -8.78531e-07 0.514538
vn 0.857468 -7.28783e-07 0.514538
vn 0.857472 -7.31218e-07 0.514531
vn 0.978234 -0.000617968 0.207503
vn 0.989952 -1.74127e-07 0.141407
vn 0.985348 -0.000271863 0.170553
vn 0.967071 -0.00106096 0.254504
vn 0.514514 1.22522e-06 -0.857482
vn 0.514496 2.68226e-06 -0.857493
vn 0.514424 1.89027e-06 -0.857536
vn 0.514532 1.12024e-06 -0.857471
vn 0.857431 -1.18035e-06 -0.514599
vn 0.857473 -7.701e-07 -0.514529
vn 0.857452 -4.58518e-07 -0.514564
vn 0.857388 -7.69304e-07 -0.51467
vn 0.989965 -4.39855e-07 -0.141312
vn 0.989951 1.56742e-07 -0.141412
vn 0.989959 -2.13256e-07 -0.141351
vn 0.989979 -1.05163e-06 -0.141212
vn 1.4901e-07 -0.514499 0.857491
vn 2.09469e-07 -0.514499 0.857491
vn 2.0947e-07 -0.514499 0.857491
vn 7.98602e-08 -0.514499 0.857491
vn 8.94052e-08 -0.857497 0.51449
vn 1.2568e-07 -0.857497 0.51449
vn 1.2568e-07 -0.857497 0.51449
vn 4.79156e-08 -0.857497 0.51449
vn 1.84316e-08 -0.989949 0.141422
vn 1.72737e-08 -0.989949 0.141425
vn 2.59102e-08 -0.989949 0.141423
vn 1.31708e-08 -0.98995 0.14142
vn -8.63658e-09 -0.98995 -0.14142
vn -4.76766e-09 -0.989941 -0.141483
vn -8.63658e-09 -0.98995 -0.14142
vn -8.63658e-09 -0.98995 -0.14142
vn -2.58016e-08 0.514466 0.857511
vn -2.84235e-07 0.514526 0.857475
vn 2.68983e-06 0.857095 0.515158
vn 1.2533e-06 0.857296 0.514824
vn 0 -0.514499 0.857491
vn 0 -0.514499 0.857491
vn 0 -0.857497 0.51449
vn 0 -0.857497 0.51449
vn 0 -0.98995 0.14142
vn 0 -0.98995 0.14142
vn -0.514496 -1.01521e-06 0.857493
vn -0.51449 -0.000709665 0.857496
vn -0.550791 -0.000326424 0.834643
vn -0.514502 -1.05021e-06 0.857489
vn -0.857518 -5.60081e-07 0.514454
vn -0.857504 -6.23046e-07 0.514478
vn -0.857515 -6.52036e-07 0.51446
vn -0.857533 -7.00087e-07 0.51443
vn -0.989946 -1.44363e-07 0.141445
vn -0.989947 -1.56794e-07 0.14144
vn -0.985342 -0.000271839 0.170591
vn -0.989945 -1.15494e-07 0.14145
vn 0 0.857527 -0.514439
vn 0 0.857527 -0.514439
vn 0 0.989951 -0.14141
vn 0 0.989951 -0.14141
vn -0.978231 -0.00061729 -0.207518
vn -0.989946 1.56762e-07 -0.141445
vn -0.985344 -0.000271377 -0.17058
vn -0.967072 -0.00106 -0.254501
vn -0.921217 -0.389014 0.00512797
vn -0.939139 -0.343537 0
vn -0.921217 -0.389014 0.00512797
vn -0.905145 -0.425002 0.00925404
vn -0.343637 0.939103 0
vn -0.389041 0.921206 0.00511914
vn 0.920488 0.39074 0.00486862
vn 0.937912 0.346873 0
vn 0.920488 0.39074 0.00486862
vn 0.9052 0.424897 0.00872124
vn 0.343653 -0.939097 2.15285e-06
vn 0.343634 -0.939104 0
vn 0.343653 -0.939097 2.15285e-06
vn 0.343672 -0.93909 4.30568e-06
vn 0.856816 -9.50027e-07 0.515623
vn 0.894859 -7.57961e-07 0.446348
vn 0.894863 -8.03453e-07 0.446341
vn 0.315015 -1.73411e-06 0.949087
vn 0 0 1
vn 5.47434e-08 -2.39806e-07 1
vn 4.67196e-08 -2.03103e-07 1
vn 1.23234e-07 -5.29046e-07 1
vn -9.0599e-08 -7.25504e-07 1
vn 3.62065e-07 -2.86523e-07 1
vn -1.22141e-07 1.02063e-06 -1
vn -1.22141e-07 1.02063e-06 -1
vn -2.61949e-13 -1.69814e-06 1
vn 6.11204e-08 -1.63406e-06 1
vn 5.58513e-08 -1.69814e-06 1
vn 0 -1.69814e-06 1
vn -0.894871 -5.16516e-07 0.446325
vn -0.812875 -9.35321e-07 0.582438
vn -0.856881 -8.34084e-07 0.515514
vn -0.894793 -1.42312e-06 0.446481
vn -0.763683 -1.72514e-06 0.645592
vn -0.763699 -1.59319e-06 0.645572
vn -0.55785 -1.86199e-06 0.829942
vn -0.419063 0.000259128 0.907957
vn -0.538929 0.00017463 0.842351
vn -0.343435 0.000391004 0.939176
vn -8.45605e-07 -1.40082e-06 1
vn 9.82901e-07 -1.69878e-06 1
vn 0.000126602 -0.000133599 1
vn -7.9382e-08 1.09574e-06 1
vn 0.000454182 0.000416385 1
vn 6.01662e-13 -1.48587e-06 1
vn 1.01231e-07 -1.592e-06 1
vn -1 0 0
vn -1 0 0
vn 1 0 0
vn 1 0 0
vn 0.141405 -1.37123e-06 0.989952
vn 0.141346 -1.01038e-06 0.98996
vn 0.141428 1.07562e-06 -0.989949
vn 0.141412 9.2196e-07 -0.989951
vn 0.514475 -1.52284e-06 0.857506
vn 0.514526 -1.82041e-06 0.857475
vn 0.857473 -6.82787e-07 0.514529
vn 0.857478 -7.35255e-07 0.51452
vn 0.989951 -1.73162e-07 0.141407
vn 0.989951 -1.73162e-07 0.141407
vn 0.514288 2.90256e-06 -0.857617
vn 0.51408 1.06521e-06 -0.857742
vn 0.857484 6.38999e-07 -0.514511
vn 0.857495 7.98541e-07 -0.514493
vn -0.594402 -0.000729215 0.804168
vn -0.64597 -5.46929e-07 0.763363
vn -0.857504 -9.31731e-07 0.514478
vn -0.978227 -0.000617928 0.207538
vn -0.967062 -0.0010609 0.254537
vn -0.989946 1.66007e-07 -0.141444
vn -0.989946 1.58793e-07 -0.141443
vn -0.952149 -0.000850817 0.305633
vn -0.418188 -0.784489 0.457926
vn -0.360113 -0.556329 0.748877
vn -0.614518 0.699616 0.364562
vn -0.91618 0.000118687 0.400767
vn -0.506427 0.562045 0.65394
vn -0.382691 0.796754 0.467687
vn -0.00229481 0.83528 0.549821
vn -0.00266244 -0.836066 0.548623
vn 4.7871e-08 0.835522 0.549457
vn 0 0.894875 0.446316
vn 0.000448701 0.835501 0.549489
vn 0.856883 -8.45736e-08 0.515512
vn 0.812929 -1.10862e-07 0.582363
vn 0.894835 -7.64261e-08 0.446398
vn 0.894827 -8.40875e-08 0.446414
vn -0.799628 -0.00033246 0.600496
vn -0.629678 0.000171841 0.776856
vn -0.00176046 0.665252 0.746617
vn -3.08501e-08 0.502586 0.864527
vn -4.82911e-08 0.83562 0.549308
vn -0.000612117 -0.581271 0.81371
vn 0.000299288 0.812856 0.582465
vn 1.15194e-08 0.501525 0.865143
vn 0.76372 -1.31087e-07 0.645547
vn 0.763671 -1.62712e-07 0.645606
vn 7.22816e-07 0.58813 0.808767
vn 0.000462209 0.482984 0.875629
vn 0.414928 2.75883e-06 0.909854
vn 0.483361 -7.34712e-06 0.875421
vn 0.574726 6.60956e-06 0.818346
vn 0.56553 -1.79797e-07 0.824727
vn -0.415266 -0.000251949 0.9097
vn -0.309537 0.000288119 0.950888
vn 0.00184537 0.249589 0.96835
vn 0.215991 -7.53137e-07 0.976395
vn -0.0395709 -0.036778 0.99854
vn 0.0599941 0.0759427 0.995306
vn -0.223959 0.391953 0.892309
vn -0.0117943 0.0723681 0.997308
vn 0.00070238 0.307928 0.95141
vn 8.00908e-08 0.367963 0.92984
vn -1.92469e-06 -1.26692e-07 1
vn -1.34852e-07 6.59342e-07 1
vn -7.5602e-08 6.20872e-07 1
vn 0 0 1
vn 3.53021e-05 -3.56126e-05 1
vn -9.50382e-07 -1.74834e-07 1
vn 0 0 1
vn 1.09487e-07 -4.7743e-07 1
vn 4.66487e-08 -4.56166e-07 1
vn 2.60028e-09 -5.41372e-09 1
vn -9.20894e-07 -1.73787e-07 1
vn 0 0 1
vn 5.34036e-07 -1.19298e-07 1
vn -1.01139e-07 1.65838e-07 -1
vn -1.01139e-07 1.69883e-07 -1
vn -1.52676e-07 1.65838e-07 -1
vn -1.22141e-07 1.61793e-07 -1
vn 0.000448789 -0.835457 0.549556
vn 6.88509e-08 -0.894843 0.446381
vn 9.9289e-09 -0.835539 0.549431
vn 8.27996e-08 -0.835594 0.549348
vn -1.11042e-06 -0.581235 0.813736
vn 0.000298311 -0.812893 0.582413
vn 4.96152e-05 -0.571668 0.820485
vn -9.0077e-07 -0.367887 0.929871
vn 0.000399635 -0.367606 0.929982
vn -3.33797e-07 -0.543089 0.839675
vn -5.12306e-05 -0.312319 0.949977
vn 8.47497e-08 -0.178559 0.983929
vn 7.71282e-08 -1.798e-07 1
vn 0 -1.88362e-07 1
vn 4.37755e-08 -1.76098e-07 1
vn 8.75509e-08 -1.71238e-07 1
vn 0.432966 -0.525884 0.732111
vn 0.535005 -0.675725 0.507116
vn 0.857298 -0.00070516 0.514821
vn 0.471821 0.360385 0.804678
vn 0.846495 0.000196808 0.532396
vn 0.741537 0.504472 0.442302
vn 0.296525 0.778648 0.552974
vn 0.35699 0.743351 0.565674
vn 0.00342661 0.835119 0.550058
vn 0.00218529 0.665102 0.746749
vn 0.0048776 -0.83571 0.54915
vn -0.000588767 0.835459 0.549553
vn 0 0.894859 0.446349
vn -0.894863 -1.10882e-07 0.446341
vn -0.812955 -1.23406e-07 0.582327
vn -0.856903 -1.15132e-07 0.515477
vn -0.894835 -1.37735e-07 0.446398
vn 0.745313 -0.000195756 0.666715
vn 0.647057 0.000147047 0.762442
vn 0.00109183 -0.581265 0.813714
vn -0.000392355 0.812853 0.582468
vn -0.763705 -1.6271e-07 0.645565
vn -0.763737 -1.42129e-07 0.645527
vn 0.437392 -0.000233385 0.899271
vn 0.30816 0.000283459 0.951335
vn -0.000605917 0.482874 0.87569
vn -9.4742e-07 0.588129 0.808767
vn -0.588051 -1.78561e-07 0.808824
vn -0.446865 -1.80216e-07 0.894601
vn -0.51913 -1.81672e-07 0.854695
vn -0.588051 -1.78621e-07 0.808824
vn -0.00241949 0.249032 0.968492
vn -0.210272 -1.82175e-07 0.977643
vn -0.292222 -1.82968e-07 0.956351
vn 0.0569103 -0.025258 0.99806
vn -0.000918527 0.307865 0.951429
vn 1.75018e-06 -1.24718e-07 1
vn 3.93047e-07 -4.15655e-07 1
vn -7.91978e-05 7.99171e-05 1
vn -4.05484e-05 4.53591e-05 1
vn 7.03229e-07 -2.07132e-07 1
vn 5.84482e-07 -7.47897e-08 1
vn -8.88837e-07 -2.2105e-07 1
vn -7.11877e-06 -5.87925e-06 1
vn -4.944e-09 1.31346e-06 1
vn -3.76292e-08 1.65838e-07 -1
vn -7.52583e-08 1.61793e-07 -1
vn 0 -0.894851 0.446365
vn -0.000589049 -0.835421 0.549611
vn -0.00039123 -0.812881 0.582429
vn 4.73697e-07 -0.588071 0.808809
vn -0.00164718 -0.366531 0.930404
vn -0.707087 0.707126 0.000133948
vn 0 -1.71238e-07 1
vn 0 -1.71238e-07 1
vn 0 -1 0
vn 0 -1 0
vn 0 -1 0
vn 0 -1 0
vn -1 2.42697e-08 -3.43871e-06
vn -1 4.85394e-08 -6.87742e-06
vn -1 2.42697e-08 -3.43871e-06
vn -1 0 0
vn 0 1 0
vn 0 1 0
vn 0 1 0
vn 0 1 0
vn 0 1 0
vn 0 1 0
vn 1 3.23614e-08 -4.58519e-06
vn 1 2.0773e-12 -9.17087e-06
vn 1 3.23614e-08 -4.58519e-06
vn 1 6.47173e-08 0
vn 0 -1 0
vn 0 -1 0
vn 0.141464 -0.000259763 0.989943
vn 0.127422 -0.434366 0.891678
vn 0.141412 -0.000130009 0.989951
vn 0.989951 -0.000306183 -0.14141
vn 0.882072 -0.453953 -0.126
vn 0.989962 -0.000152977 -0.141333
vn -0.00237849 0.989995 0.141081
vn -0.425759 0.895787 0.127656
vn -0.00119226 0.989997 0.141081
vn -0.00244222 -0.141477 0.989938
vn -0.421271 -0.128297 0.897814
vn -0.00122443 -0.141419 0.989949
vn -0.0025025 -0.989948 -0.141411
vn -0.403985 -0.905573 -0.129359
vn -0.00125481 -0.98995 -0.141412
vn 2.50114e-07 0.141145 0.989989
vn -2.7661e-07 0.141137 0.98999
vn 1.34977e-07 0.141116 0.989993
vn -1.20916e-07 0.141247 0.989974
vn 0.14136 -2.17368e-07 0.989958
vn 0.141412 -1.92201e-07 0.989951
vn 0.141421 1.55591e-07 -0.98995
vn 0.141412 1.60167e-07 -0.989951
vn 0.141421 1.55591e-07 -0.98995
vn 0.141431 1.51014e-07 -0.989948
vn -1.84401e-08 -0.141375 0.989956
vn 0.00201553 -0.141402 0.98995
vn 0.00101002 -0.141381 0.989955
vn -3.29314e-08 -0.141396 0.989953
vn -8.63622e-08 -0.141438 -0.989947
vn -8.63622e-08 -0.141438 -0.989947
vn -8.63622e-08 -0.141438 -0.989947
vn -1.51454e-06 0.141346 0.98996
vn -8.30956e-07 0.141195 0.989982
vn -0.141346 -1.96776e-07 0.98996
vn -0.141426 -0.000264052 0.989949
vn -0.141346 -0.000132193 0.98996
vn -0.141265 -1.57849e-07 0.989972
vn -0.389004 -0.921222 -0.00511111
vn -0.424845 -0.905129 -0.0157811
vn -0.390416 -0.920594 -0.00902241
vn -0.34367 -0.93909 0
vn -0.942371 0.334567 0.00149957
vn -0.946937 0.321407 0.00295829
vn -0.942371 0.334567 0.00149957
vn -0.937485 0.348024 0
vn 0.394217 0.919002 -0.00528838
vn 0.430894 0.902354 -0.00943444
vn 0.394217 0.919002 -0.00528838
vn 0.346611 0.938009 0
vn 0.921231 -0.388981 -0.00511771
vn 0.905025 -0.424823 -0.0213434
vn 0.920525 -0.390492 -0.0122317
vn 0.939118 -0.343595 0
vn 0.000960271 0.989998 0.141081
vn 0.00191695 0.989996 0.141081
vn 0.456075 0.88104 0.125554
vn 0.30414 0.816847 0.490163
vn 0.30414 0.816847 0.490163
vn 0.30414 0.816847 0.490163
vn 0.364646 0.479579 0.798146
vn 0.364646 0.479579 0.798146
vn 0.364646 0.479579 0.798146
vn 0.325631 0.325244 0.887795
vn 0.125819 0.455842 0.881123
vn 0.325631 0.325244 0.887795
vn 0.569395 0.115582 0.813898
vn 0.47245 0.39636 0.787204
vn 0.47245 0.39636 0.787204
vn 0.47245 0.39636 0.787204
vn 0.318471 0.9139 0.251721
vn 0.318471 0.9139 0.251721
vn 0.318471 0.9139 0.251721
vn 0.768504 0.443401 0.4613
vn 0.768504 0.443401 0.4613
vn 0.768504 0.443401 0.4613
vn 0.850062 0.463858 0.249461
vn 0.823148 0.555519 0.117585
vn 0.850062 0.463858 0.249461
vn 0.855476 0.387318 0.343723
vn 0.731266 0.326254 -0.599006
vn 0.731266 0.326254 -0.599006
vn 0.731266 0.326254 -0.599006
vn 0.491391 0.298486 -0.818194
vn 0.491391 0.298486 -0.818194
vn 0.491391 0.298486 -0.818194
vn 0.28589 0.284487 -0.91506
vn 0.419517 0.127109 -0.898804
vn 0.28589 0.284487 -0.91506
vn 0.126898 0.441539 -0.888223
vn 0.938143 0.346037 -0.0120834
vn 0.938143 0.346037 -0.0120834
vn 0.938143 0.346037 -0.0120834
vn 0.78747 0.533138 -0.309281
vn 0.78747 0.533138 -0.309281
vn 0.78747 0.533138 -0.309281
vn 0.315214 0.487883 -0.814009
vn 0.315214 0.487883 -0.814009
vn 0.315214 0.487883 -0.814009
vn 0.365653 0.798245 -0.478647
vn 0.365653 0.798245 -0.478647
vn 0.365653 0.798245 -0.478647
vn 0.449357 0.869522 -0.204963
vn 0.522221 0.844306 -0.120135
vn 0.449357 0.869522 -0.204963
vn 0.404329 0.878926 -0.252996
vn 0.409206 -0.129022 0.903274
vn 0.32766 -0.486088 0.810159
vn 0.32766 -0.486088 0.810159
vn 0.32766 -0.486088 0.810159
vn 0.418786 -0.77868 0.4672
vn 0.418786 -0.77868 0.4672
vn 0.418786 -0.77868 0.4672
vn 0.469996 -0.847278 0.247434
vn 0.40393 -0.860409 0.310703
vn 0.469996 -0.847278 0.247434
vn 0.59035 -0.799036 0.11414
vn 0.488766 -0.311874 0.814765
vn 0.488766 -0.311874 0.814765
vn 0.488766 -0.311874 0.814765
vn 0.791254 -0.385183 0.474923
vn 0.791254 -0.385183 0.474923
vn 0.791254 -0.385183 0.474923
vn 0.868053 -0.416967 0.269486
vn 0.880761 -0.322236 0.347022
vn 0.868053 -0.416967 0.269486
vn 0.809906 -0.575037 0.11569
vn 0.891976 -0.418698 -0.170503
vn 0.40729 -0.87801 -0.251424
vn 0.498021 -0.85845 -0.122632
vn 0.40729 -0.87801 -0.251424
vn 0.320922 -0.877133 -0.357277
vn 0.40853 -0.782681 -0.46959
vn 0.40853 -0.782681 -0.46959
vn 0.40853 -0.782681 -0.46959
vn 0.422696 -0.466162 -0.777188
vn 0.422696 -0.466162 -0.777188
vn 0.422696 -0.466162 -0.777188
vn 0.800664 -0.358253 -0.4802
vn 0.800664 -0.358253 -0.4802
vn 0.800664 -0.358253 -0.4802
vn 0.467409 -0.417159 -0.779427
vn 0.467409 -0.417159 -0.779427
vn 0.467409 -0.417159 -0.779427
vn 0.349812 -0.349827 -0.869053
vn 0.527448 -0.120164 -0.841046
vn 0.349812 -0.349827 -0.869053
vn 0.116126 -0.571043 -0.812665
vn -0.869572 0.412882 0.270873
vn -0.846441 0.51858 0.120879
vn -0.869572 0.412882 0.270873
vn -0.865071 0.306311 0.397272
vn -0.418932 0.89792 0.135042
vn -0.418932 0.89792 0.135042
vn -0.418932 0.89792 0.135042
vn -0.779936 0.415372 0.468152
vn -0.779936 0.415372 0.468152
vn -0.779936 0.415372 0.468152
vn -0.473186 0.394658 0.787616
vn -0.473186 0.394658 0.787616
vn -0.473186 0.394658 0.787616
vn -0.299992 0.817974 0.490839
vn -0.299992 0.817974 0.490839
vn -0.299992 0.817974 0.490839
vn -0.370951 0.477836 0.796284
vn -0.370951 0.477836 0.796284
vn -0.370951 0.477836 0.796284
vn -0.330628 0.330854 0.883867
vn -0.124055 0.47503 0.871181
vn -0.330628 0.330854 0.883867
vn -0.562606 0.117098 0.81839
vn -0.128293 -0.421255 0.897823
vn -0.487355 -0.320241 0.812361
vn -0.487355 -0.320241 0.812361
vn -0.487355 -0.320241 0.812361
vn -0.784773 -0.403151 0.470744
vn -0.784773 -0.403151 0.470744
vn -0.784773 -0.403151 0.470744
vn -0.85184 -0.466537 0.238141
vn -0.865189 -0.406287 0.293902
vn -0.85184 -0.466537 0.238141
vn -0.804192 -0.583155 0.114915
vn -0.32023 -0.487402 0.812337
vn -0.32023 -0.487402 0.812337
vn -0.32023 -0.487402 0.812337
vn -0.403088 -0.784748 0.470841
vn -0.403088 -0.784748 0.470841
vn -0.403088 -0.784748 0.470841
vn -0.422331 -0.862282 0.279474
vn -0.319758 -0.87375 0.366492
vn -0.422331 -0.862282 0.279474
vn -0.583189 -0.804173 0.114874
vn -0.422593 -0.900333 -0.104001
vn -0.885301 -0.399748 -0.237578
vn -0.872961 -0.47158 -0.124705
vn -0.885301 -0.399748 -0.237578
vn -0.88193 -0.322632 -0.34367
vn -0.785304 -0.401675 -0.471121
vn -0.785304 -0.401675 -0.471121
vn -0.785304 -0.401675 -0.471121
vn -0.463639 -0.433468 -0.772751
vn -0.463639 -0.433468 -0.772751
vn -0.463639 -0.433468 -0.772751
vn -0.428448 -0.46474 -0.774887
vn -0.428448 -0.46474 -0.774887
vn -0.428448 -0.46474 -0.774887
vn -0.865853 0.285821 -0.410614
vn -0.865853 0.285821 -0.410614
vn -0.865853 0.285821 -0.410614
vn -0.385252 0.791286 -0.474813
vn -0.385252 0.791286 -0.474813
vn -0.385252 0.791286 -0.474813
vn -0.442219 0.862208 -0.24706
vn -0.37689 0.875193 -0.3033
vn -0.442219 0.862208 -0.24706
vn -0.57523 0.80981 -0.115403
vn 4.60545e-07 0.514844 0.857284
vn -5.51449e-07 0.514849 0.857281
vn -1.86187e-07 0.514883 0.857261
vn 9.20187e-07 0.514712 0.857363
vn 0 0.857468 0.514538
vn 0 0.857468 0.514538
vn 0 0.857468 0.514538
vn 0 0.857468 0.514538
vn 0 0.989998 0.141081
vn 0 0.989998 0.141081
vn -6.39e-06 0.514231 -0.857652
vn -6.39e-06 0.514231 -0.857652
vn -6.39e-06 0.514231 -0.857652
vn -2.87913e-07 0.990009 -0.141006
vn -1.72059e-08 0.990028 -0.14087
vn -4.04643e-07 0.990013 -0.140976
vn -3.02202e-07 0.989998 -0.141081
vn 0.514511 -1.73419e-07 0.857484
vn 0.514598 -1.33169e-07 0.857432
vn 0.514511 -1.73419e-07 0.857484
vn 0.514424 -2.13659e-07 0.857536
vn 0.85743 -7.07701e-08 0.514601
vn 0.857396 -9.71224e-08 0.514658
vn 0.85743 -7.07701e-08 0.514601
vn 0.857464 -4.44069e-08 0.514544
vn 0.989944 -5.37757e-08 0.141457
vn 0.989951 -3.20313e-08 0.141412
vn 0.989944 -5.37757e-08 0.141457
vn 0.989938 -7.55131e-08 0.141502
vn 0.514655 2.74626e-07 -0.857397
vn 0.51436 4.10771e-07 -0.857574
vn 0.514655 2.74626e-07 -0.857397
vn 0.514949 1.38693e-07 -0.857221
vn 0.857739 1.62721e-07 -0.514085
vn 0.857571 2.92631e-07 -0.514366
vn 0.857739 1.62721e-07 -0.514085
vn 0.857908 3.26426e-08 -0.513803
vn 0.989962 1.66382e-07 -0.141333
vn 0.989973 1.29182e-07 -0.141256
vn 1.26668e-07 -0.514556 0.857457
vn 0 -0.51449 0.857497
vn 1.78058e-07 -0.514541 0.857466
vn 7.9976e-09 -0.514562 0.857453
vn 0 -0.857497 0.51449
vn 0 -0.857497 0.51449
vn 0 -0.857497 0.51449
vn 0 -0.857497 0.51449
vn 0 -0.989951 0.141412
vn 0 -0.989951 0.141412
vn 0 -0.989951 0.141412
vn 0 -0.989951 0.141412
vn -3.14201e-08 -0.857497 -0.51449
vn 0 -0.857491 -0.514499
vn -3.14201e-08 -0.857497 -0.51449
vn -6.2839e-08 -0.857502 -0.514481
vn -8.63622e-09 -0.989951 -0.141414
vn -6.585e-09 -0.989951 -0.141412
vn -6.14352e-09 -0.989951 -0.141414
vn 0 -0.98995 -0.141417
vn 0 0.514562 0.857453
vn -8.91586e-07 0.51477 0.857329
vn 0 0.857468 0.514538
vn 0 0.857468 0.514538
vn -2.0651e-07 -0.514544 0.857464
vn -4.13015e-07 -0.514496 0.857493
vn 0 -0.857497 0.51449
vn 0 -0.857497 0.51449
vn 0 -0.989951 0.141412
vn 0 -0.989951 0.141412
vn -0.514478 -1.33189e-07 0.857504
vn -0.514448 -1.19311e-07 0.857522
vn -0.514478 -1.33189e-07 0.857504
vn -0.514508 -1.47057e-07 0.857486
vn -0.857552 -1.23464e-07 0.514396
vn -0.857551 -1.22069e-07 0.5144
vn -0.857552 -1.23464e-07 0.514396
vn -0.857554 -1.24861e-07 0.514394
vn -0.989947 -1.37326e-08 0.14144
vn -0.989937 1.82864e-08 0.141506
vn -0.989947 -1.37326e-08 0.14144
vn -0.989956 -4.57522e-08 0.141374
vn 0 -0.857491 -0.514499
vn 0 -0.857491 -0.514499
vn 0 0.989998 -0.141081
vn 0 0.989998 -0.141081
vn -0.989953 3.48884e-08 -0.141394
vn -0.989952 2.85984e-08 -0.141407
vn -0.989953 3.48884e-08 -0.141394
vn -0.989955 4.11788e-08 -0.141381
vn -0.921204 -0.389047 0.00512717
vn -0.939133 -0.343554 -3.30846e-06
vn -0.921204 -0.389047 0.00512717
vn -0.905124 -0.425046 0.00925533
vn -0.413143 0.910664 0.00187297
vn -0.399972 0.916527 0
vn -0.413143 0.910664 0.00187297
vn -0.426209 0.904617 0.00374295
vn 0.918951 0.394336 0.00526843
vn 0.937908 0.346885 -2.23897e-06
vn 0.918951 0.394336 0.00526843
vn 0.902361 0.430879 0.00939872
vn 0.389007 -0.92122 0.00512035
vn 0.3436 -0.939116 0
vn 0.389007 -0.92122 0.00512035
vn 0.424945 -0.905172 0.00924075
vn -0.992931 -0.00165978 -0.118686
vn -0.39478 -0.742032 0.541792
vn -0.624438 -0.498886 0.600991
vn -0.663505 -0.00134922 0.748171
vn -0.908758 -8.70839e-05 0.417325
vn -0.719778 8.84583e-05 0.694204
vn -0.953416 0.00018269 0.301659
vn -0.593288 0.390682 0.703831
vn -0.617477 0.637409 0.460903
vn -0.00554869 0.835663 0.549215
vn -0.400768 0.834253 0.37869
vn -0.000265861 0.760271 0.649606
vn -0.000156008 0.835622 0.549305
vn -0.151698 -0.647717 0.746626
vn -0.00225048 -0.714896 0.699228
vn 4.7871e-08 0.835522 0.549457
vn 0 0.894875 0.446316
vn 0.000448701 0.835501 0.549489
vn 0.856908 -8.96286e-08 0.51547
vn 0.812924 -1.06663e-07 0.58237
vn 0.894895 -7.92682e-08 0.446277
vn 0.89489 -8.40637e-08 0.446288
vn -0.000849893 0.775198 0.631718
vn 0.000320043 0.576085 0.817389
vn -0.00207279 -0.664566 0.747227
vn 0.000299288 0.812856 0.582465
vn -5.97859e-11 0.582085 0.813128
vn 0.763676 -1.21915e-07 0.6456
vn 0.763656 -1.34951e-07 0.645624
vn -0.443624 -0.00010249 0.896213
vn -0.30237 0.000139064 0.953191
vn -0.551985 0.43538 0.711166
vn -0.00154978 0.368054 0.929803
vn -0.032886 0.0851752 0.995823
vn 0.000574498 0.431143 0.902284
vn -4.55763e-11 0.320846 0.947132
vn 7.22816e-07 0.58813 0.808767
vn 0.519128 -1.72798e-07 0.854697
vn 0.446846 -1.72317e-07 0.894611
vn 0.588075 -1.64101e-07 0.808807
vn 0.588088 -1.57236e-07 0.808797
vn 0.00027008 0.251047 0.967975
vn 0.29223 -1.75481e-07 0.956348
vn 0.210287 -1.826e-07 0.97764
vn -0.0810193 -0.0735971 0.993992
vn 0.00964239 0.0133103 0.999865
vn 0 0.128729 0.99168
vn 4.2571e-06 2.36673e-08 1
vn 0 0 1
vn 0 2.89696e-07 1
vn 1.95437e-06 -1.40744e-06 1
vn -6.45868e-05 5.73401e-05 1
vn 2.12376e-06 -5.65568e-08 1
vn 1.51437e-07 1.99896e-09 1
vn 5.47434e-08 -3.60947e-14 1
vn 4.65776e-08 2.52435e-07 1
vn -2.60059e-09 6.56618e-07 1
vn 2.14529e-06 -1.67528e-07 1
vn -3.03035e-07 3.45037e-07 1
vn -9.74862e-07 -3.06541e-07 1
vn -6.51653e-08 1.76723e-07 -1
vn -6.10703e-08 1.86062e-07 -1
vn -6.10703e-08 1.86062e-07 -1
vn -6.10703e-08 1.86062e-07 -1
vn 0.000449262 -0.835438 0.549585
vn 3.44846e-07 -0.894851 0.446365
vn 1.86101e-07 -0.835538 0.549433
vn -0.00039843 -0.804804 0.593541
vn -0.000702918 -0.526227 0.850344
vn 0.000298538 -0.812875 0.582438
vn 4.19686e-08 -0.582085 0.813128
vn 0.000573836 -0.431071 0.902318
vn -3.6144e-07 -0.588098 0.808789
vn -3.11292e-08 -0.320871 0.947123
vn 0.00026994 -0.25112 0.967956
vn 0.0361791 -0.0620101 0.99742
vn 1.29813e-07 -0.12886 0.991663
vn 7.71282e-08 -1.798e-07 1
vn 0 -1.88362e-07 1
vn 4.37755e-08 -1.76098e-07 1
vn 8.75509e-08 -1.71238e-07 1
vn 0.488292 -0.520932 0.700143
vn 0.609985 -0.582648 0.537066
vn 0.690296 -0.393404 0.607227
vn 0.835531 -0.000380279 0.549443
vn 0.408296 0.517468 0.752012
vn 0.854332 0.000255729 0.519728
vn 0.633923 0.520121 0.572377
vn 0.325153 0.677501 0.659749
vn 0.00425792 0.834735 0.550636
vn 0.00548197 -0.835804 0.549
vn 0.271519 -0.773325 0.572927
vn -0.000588767 0.835459 0.549553
vn 0 0.894859 0.446349
vn -0.894888 -8.78923e-08 0.446292
vn -0.812922 -1.19853e-07 0.582372
vn -0.856897 -1.04012e-07 0.515487
vn -0.8949 -7.64208e-08 0.446267
vn 0.687482 -0.000126087 0.726202
vn 0.695558 0.000283855 0.71847
vn 0.00222095 0.665167 0.746691
vn 0.002041 -0.736862 0.67604
vn -0.000392355 0.812853 0.582468
vn -0.763705 -1.23506e-07 0.645565
vn -0.763697 -1.29064e-07 0.645575
vn 0.36796 -0.000355544 0.929842
vn 0.00153687 -0.368607 0.929584
vn 0.367929 0.000171903 0.929854
vn -0.00164836 0.366499 0.930417
vn -9.4742e-07 0.588129 0.808767
vn -0.588071 -1.58436e-07 0.808809
vn -0.44686 -1.74722e-07 0.894604
vn -0.519142 -1.66068e-07 0.854688
vn -0.588091 -1.48431e-07 0.808795
vn -0.707049 -0.707165 -0.000674189
vn -0.210261 -1.84407e-07 0.977645
vn -0.292218 -1.80846e-07 0.956352
vn 6.72886e-07 -9.91948e-08 1
vn -1.57187e-06 1.66228e-06 1
vn -0.000116545 0.000124704 1
vn 7.98624e-05 -7.14242e-05 1
vn 7.52251e-07 -2.40703e-07 1
vn 5.74477e-07 -1.23727e-07 1
vn 4.80239e-07 -1.70506e-07 1
vn -8.98546e-05 -8.83697e-05 1
vn -1.04042e-05 -5.93782e-06 1
vn 1.17061e-06 1.89729e-06 1
vn -7.52581e-08 1.53704e-07 -1
vn -7.52581e-08 1.53704e-07 -1
vn 3.62359e-07 -0.894884 0.4463
vn -0.000588879 -0.83544 0.549582
vn -0.00039123 -0.812881 0.582429
vn 4.73697e-07 -0.588071 0.808809
vn -0.00164711 -0.366531 0.930404
vn -0.70703 0.707183 -0.00030243
vn 0 -1.71238e-07 1
vn 3.46692e-14 -1.71238e-07 1
vn 0 -1 0
vn 0 -1 0
vn 0 -1 0
vn 0 -1 0
vn -1 0 0
vn -1 0 0
vn -1 0 0
vn -1 0 0
vn 0 1 0
vn 0 1 0
vn 0 1 0
vn -3.47553e-07 1 6.52326e-06
vn -4.88571e-07 1 9.17003e-06
vn -9.77159e-07 1 1.83404e-05
vn 1 0 0
vn 1 -1.26397e-10 -1.79098e-08
vn 1 0 0
vn 1 1.26398e-10 1.79099e-08
vn 0 -1 0
vn 0 -1 0
vn 0.343336 0.93897 0.0213539
vn 0.330593 0.904134 0.270647
vn 0.390879 0.920431 0.00458107
vn 0.141444 -0.000296928 0.989946
vn 0.123607 -0.486124 0.865104
vn 0.141395 -0.000148601 0.989953
vn 0.989949 -0.000256942 -0.141422
vn 0.888507 -0.440967 -0.1269
vn 0.989949 -0.000128493 -0.141426
vn -0.00249625 0.989996 0.141076
vn -0.408272 0.903733 0.12877
vn -0.00125163 0.989998 0.141079
vn -0.00278698 -0.141487 0.989936
vn -0.471386 -0.124797 0.873053
vn -0.00139722 -0.141445 0.989945
vn -0.00243069 -0.989948 -0.141411
vn -0.422858 -0.89709 -0.128147
vn -0.00121852 -0.98995 -0.141412
vn 6.04568e-08 0.141395 0.989953
vn -4.60983e-08 0.141402 0.989952
vn 0 0.1414 0.989953
vn 1.20914e-07 0.141379 0.989956
vn 0.141345 -1.92203e-07 0.98996
vn 0.141395 -1.68194e-07 0.989953
vn -4.30081e-08 -0.141418 0.98995
vn 0.00233496 -0.141445 0.989943
vn 0.00117022 -0.141424 0.989949
vn -9.21938e-08 -0.141429 0.989948
vn 0 0.141379 0.989956
vn -7.45023e-08 0.141395 0.989953
vn -0.141393 -1.6932e-07 0.989954
vn -0.141445 -0.000306608 0.989946
vn -0.141393 -0.000153421 0.989954
vn -0.141341 -1.44152e-07 0.989961
vn -0.388997 -0.921225 -0.0051111
vn -0.424821 -0.90509 -0.0184391
vn -0.390552 -0.92052 -0.010576
vn -0.343663 -0.939093 0
vn -0.939097 0.343652 -1.1919e-05
vn -0.939058 0.343759 -2.38354e-05
vn -0.939097 0.343652 -1.1919e-05
vn -0.939136 0.343546 0
vn 0.431092 0.902253 -0.00993762
vn 0.392591 0.919697 -0.0055156
vn 0.92123 -0.388984 -0.00511848
vn 0.905048 -0.424814 -0.0205177
vn 0.920472 -0.390632 -0.0117941
vn 0.939108 -0.343621 -3.13414e-06
vn 0.00114621 0.989997 0.141081
vn 0.00228731 0.989995 0.141081
vn 0.457071 0.880534 0.125482
vn 0.351912 0.802628 0.481607
vn 0.351912 0.802628 0.481607
vn 0.351912 0.802628 0.481607
vn 0.405249 0.470388 0.783906
vn 0.405249 0.470388 0.783906
vn 0.405249 0.470388 0.783906
vn 0.343617 0.343648 0.873976
vn 0.121187 0.514683 0.848773
vn 0.343617 0.343648 0.873976
vn 0.562504 0.116892 0.81849
vn 0.468525 0.413308 0.780808
vn 0.468525 0.413308 0.780808
vn 0.468525 0.413308 0.780808
vn 0.782663 0.408517 0.469631
vn 0.782663 0.408517 0.469631
vn 0.782663 0.408517 0.469631
vn 0.869878 0.451216 0.19929
vn 0.854621 0.504695 0.122089
vn 0.869878 0.451216 0.19929
vn 0.875893 0.411167 0.252495
vn 0.810337 0.327103 -0.486167
vn 0.810337 0.327103 -0.486167
vn 0.810337 0.327103 -0.486167
vn 0.932781 0.334906 -0.133262
vn 0.932781 0.334906 -0.133262
vn 0.932781 0.334906 -0.133262
vn 0.852021 0.421741 -0.310152
vn 0.852021 0.421741 -0.310152
vn 0.852021 0.421741 -0.310152
vn 0.404567 0.8788 -0.253054
vn 0.404567 0.8788 -0.253054
vn 0.404567 0.8788 -0.253054
vn 0.441553 -0.126909 0.888214
vn 0.36317 -0.47939 0.798932
vn 0.36317 -0.47939 0.798932
vn 0.36317 -0.47939 0.798932
vn 0.431026 -0.773743 0.464261
vn 0.431026 -0.773743 0.464261
vn 0.431026 -0.773743 0.464261
vn 0.469616 -0.847784 0.246422
vn 0.403257 -0.858966 0.315534
vn 0.469616 -0.847784 0.246422
vn 0.578689 -0.807353 0.115328
vn 0.483001 -0.344516 0.804996
vn 0.483001 -0.344516 0.804996
vn 0.483001 -0.344516 0.804996
vn 0.793901 -0.377931 0.476329
vn 0.793901 -0.377931 0.476329
vn 0.793901 -0.377931 0.476329
vn 0.875099 -0.410194 0.256794
vn 0.886472 -0.324369 0.330078
vn 0.875099 -0.410194 0.256794
vn 0.826884 -0.549818 0.118164
vn 0.895213 -0.420228 -0.148334
vn 0.422561 -0.861719 -0.28086
vn 0.536538 -0.83531 -0.119933
vn 0.422561 -0.861719 -0.28086
vn 0.313834 -0.857566 -0.40754
vn 0.430577 -0.77475 -0.462997
vn 0.430577 -0.77475 -0.462997
vn 0.430577 -0.77475 -0.462997
vn 0.816556 -0.305316 -0.489917
vn 0.816556 -0.305316 -0.489917
vn 0.816556 -0.305316 -0.489917
vn -0.424788 0.905284 0.00399268
vn -0.424792 0.905258 0.00770663
vn -0.422291 0.89975 0.110094
vn -0.882249 0.403048 0.243289
vn -0.868799 0.479351 0.12414
vn -0.882249 0.403048 0.243289
vn -0.878328 0.321655 0.353665
vn -0.783264 0.406923 0.470011
vn -0.783264 0.406923 0.470011
vn -0.783264 0.406923 0.470011
vn -0.463728 0.433427 0.772721
vn -0.463728 0.433427 0.772721
vn -0.463728 0.433427 0.772721
vn -0.333568 0.808774 0.484373
vn -0.333568 0.808774 0.484373
vn -0.333568 0.808774 0.484373
vn -0.42847 0.464187 0.775206
vn -0.42847 0.464187 0.775206
vn -0.42847 0.464187 0.775206
vn -0.3589 0.358929 0.861604
vn -0.119372 0.535455 0.836085
vn -0.3589 0.358929 0.861604
vn -0.596844 0.113416 0.794301
vn -0.126092 -0.453955 0.882058
vn -0.480384 -0.358258 0.800551
vn -0.480384 -0.358258 0.800551
vn -0.480384 -0.358258 0.800551
vn -0.779282 -0.417191 0.467624
vn -0.779282 -0.417191 0.467624
vn -0.779282 -0.417191 0.467624
vn -0.852414 -0.466096 0.23695
vn -0.864067 -0.405781 0.297876
vn -0.852414 -0.466096 0.23695
vn -0.812576 -0.571167 0.116141
vn -0.350781 -0.482228 0.802751
vn -0.350781 -0.482228 0.802751
vn -0.350781 -0.482228 0.802751
vn -0.396411 -0.787097 0.472585
vn -0.396411 -0.787097 0.472585
vn -0.396411 -0.787097 0.472585
vn -0.41609 -0.869025 0.267703
vn -0.321769 -0.879263 0.351228
vn -0.41609 -0.869025 0.267703
vn -0.559984 -0.820178 0.11716
vn -0.421342 -0.89755 -0.129902
vn -0.872226 -0.413022 -0.261983
vn -0.852322 -0.508633 -0.121816
vn -0.872226 -0.413022 -0.261983
vn -0.868569 -0.317971 -0.380107
vn -0.779872 -0.415862 -0.467824
vn -0.779872 -0.415862 -0.467824
vn -0.779872 -0.415862 -0.467824
vn -0.469154 -0.410691 -0.781811
vn -0.469154 -0.410691 -0.781811
vn -0.469154 -0.410691 -0.781811
vn -0.315714 -0.81361 -0.488224
vn -0.315714 -0.81361 -0.488224
vn -0.315714 -0.81361 -0.488224
vn -0.395374 -0.472655 -0.787576
vn -0.395374 -0.472655 -0.787576
vn -0.395374 -0.472655 -0.787576
vn -0.874538 0.319967 -0.364423
vn -0.874538 0.319967 -0.364423
vn -0.874538 0.319967 -0.364423
vn -0.379568 0.793165 -0.476253
vn -0.379568 0.793165 -0.476253
vn -0.379568 0.793165 -0.476253
vn -0.461049 0.858546 -0.22435
vn -0.408596 0.871042 -0.272645
vn -0.461049 0.858546 -0.22435
vn -0.565786 0.816305 -0.116329
vn -5.23655e-08 0.514547 0.857462
vn 1.50139e-06 0.514203 0.857669
vn -3.72512e-08 0.514551 0.85746
vn 0 0.514532 0.857471
vn -3.14224e-08 0.857473 0.514529
vn 1.35736e-06 0.857651 0.514233
vn 1.2219e-06 0.857472 0.514531
vn -6.28438e-08 0.857478 0.51452
vn 6.56955e-09 0.989998 0.14108
vn 6.12909e-09 0.989998 0.141081
vn -5.28088e-07 0.989999 -0.141072
vn -6.917e-07 0.990002 -0.141054
vn -7.42128e-07 0.99 -0.141068
vn -3.02202e-07 0.989998 -0.141081
vn 0.514513 -1.5961e-07 0.857483
vn 0.514528 -1.52737e-07 0.857474
vn 0.514513 -1.5961e-07 0.857483
vn 0.514498 -1.66484e-07 0.857491
vn 0.857488 -1e-07 0.514505
vn 0.857477 -1.0822e-07 0.514523
vn 0.857488 -1e-07 0.514505
vn 0.857498 -9.17814e-08 0.514487
vn 0.989949 -2.9808e-08 0.141422
vn 0.989949 -2.98706e-08 0.141422
vn 0.989949 -2.9808e-08 0.141422
vn 0.989949 -2.97454e-08 0.141422
vn 0.857487 1.04054e-07 -0.514505
vn 0.857487 1.04054e-07 -0.514505
vn 0.857487 1.04054e-07 -0.514505
vn 0.989949 2.69486e-08 -0.141426
vn 0.989948 2.86028e-08 -0.141429
vn 7.97279e-07 -0.514543 0.857465
vn 1.04733e-07 -0.51452 0.857478
vn 1.67578e-07 -0.514538 0.857468
vn 6.86519e-07 -0.514357 0.857576
vn 2.23516e-08 -0.857493 0.514496
vn 0 -0.857486 0.514508
vn 3.14206e-08 -0.857491 0.514499
vn 1.27805e-06 -0.857672 0.514198
vn 0 -0.989951 0.141412
vn 0 -0.989951 0.141412
vn 0 -0.989951 0.141412
vn 0 -0.989951 0.141412
vn 2.31466e-06 -0.857491 -0.514499
vn 1.27773e-06 -0.85748 -0.514518
vn 2.31466e-06 -0.857491 -0.514499
vn 1.25309e-07 -0.989945 -0.141451
vn -6.58501e-09 -0.989951 -0.141412
vn 8.91219e-08 -0.989947 -0.14144
vn 2.68106e-07 -0.98994 -0.14149
vn 4.98223e-06 0.513401 0.858149
vn 2.49105e-06 0.513982 0.857801
vn 7.72982e-08 0.858058 0.513552
vn 2.19345e-06 0.857763 0.514045
vn 9.67383e-07 -0.514234 0.85765
vn -4.12945e-07 -0.513913 0.857842
vn 2.02709e-06 -0.85778 0.514018
vn 4.05564e-06 -0.858063 0.513545
vn 0 -0.989951 0.141412
vn 0 -0.989951 0.141412
vn -0.514556 -1.66477e-07 0.857457
vn -0.514538 -1.58154e-07 0.857468
vn -0.514556 -1.66477e-07 0.857457
vn -0.514574 -1.748e-07 0.857446
vn -0.857477 -9.29589e-08 0.514523
vn -0.857486 -9.98927e-08 0.514508
vn -0.857477 -9.29589e-08 0.514523
vn -0.857468 -8.60253e-08 0.514538
vn -0.989946 -2.86065e-08 0.141447
vn -0.989946 -2.97503e-08 0.141445
vn -0.989946 -2.86065e-08 0.141447
vn -0.989945 -2.74627e-08 0.14145
vn 0 -0.857466 -0.514541
vn 0 -0.857466 -0.514541
vn 0 0.989998 -0.141081
vn 0 0.989998 -0.141081
vn -0.857605 9.56936e-08 -0.514309
vn -0.857605 9.56936e-08 -0.514309
vn -0.857605 9.56936e-08 -0.514309
vn -0.989946 2.63176e-08 -0.141445
vn -0.989946 2.63176e-08 -0.141445
vn -0.989946 2.63176e-08 -0.141445
vn -0.989946 2.63176e-08 -0.141445
vn -0.921204 -0.389046 0.00513144
vn -0.939137 -0.343542 0
vn -0.921204 -0.389046 0.00513144
vn -0.905118 -0.425059 0.00926081
vn -0.424778 0.905297 0
vn -0.424789 0.905293 1.48475e-06
vn 0.920483 0.390752 0.00486979
vn 0.93791 0.346879 -1.67978e-08
vn 0.920483 0.390752 0.00486979
vn 0.905189 0.42492 0.00872402
vn 0.388988 -0.921228 0.00512286
vn 0.343559 -0.939131 0
vn 0.388988 -0.921228 0.00512286
vn 0.424943 -0.905173 0.00924534
vn -0.857343 -0.000569356 0.514744
vn -0.482037 -0.608855 0.630029
vn -0.434886 -0.48004 0.761863
vn -0.686832 -0.000131833 0.726816
vn -0.513 0.000172478 0.858389
vn -0.867173 0.00020187 0.498007
vn -0.551301 0.62899 0.548123
vn -0.586569 0.725213 0.360559
vn -0.00463443 0.836023 0.548675
vn -0.00430247 -0.834522 0.550957
vn 4.7871e-08 0.835522 0.549457
vn 0 0.894875 0.446316
vn 0.000448701 0.835501 0.549489
vn 0.856901 -8.45681e-08 0.515481
vn 0.812929 -1.10863e-07 0.582363
vn 0.894867 -7.64149e-08 0.446332
vn 0.894859 -8.40752e-08 0.446349
vn -0.00120514 0.581273 0.813708
vn -1.0104e-06 0.581232 0.813738
vn -3.51205e-07 0.835651 0.54926
vn -0.00147769 -0.581227 0.81374
vn 0.000299288 0.812856 0.582465
vn -5.97859e-11 0.582085 0.813128
vn 0.7637 -1.3109e-07 0.645571
vn 0.763651 -1.62715e-07 0.64563
vn -7.2224e-07 0.3679 0.929865
vn 0.000751762 0.414678 0.909968
vn -4.55763e-11 0.320846 0.947132
vn 7.22816e-07 0.588129 0.808767
vn 0.519146 -1.91662e-07 0.854686
vn 0.44686 -1.95505e-07 0.894604
vn 0.588085 -1.85472e-07 0.808799
vn 0.588098 -1.78615e-07 0.80879
vn -0.286793 -0.0173413 0.957836
vn -0.159748 0.0239833 0.986867
vn -0.309954 0.309988 0.898797
vn 0.000476799 0.250853 0.968025
vn 0.292211 -1.99309e-07 0.956354
vn 0.210258 -2.0036e-07 0.977646
vn 0 0.128729 0.99168
vn 1.34781e-07 -1.31819e-07 1
vn 0 0 1
vn 0 0 1
vn 3.01141e-07 -3.18463e-07 1
vn -5.73962e-07 -7.24964e-07 1
vn -3.45437e-07 -1.57614e-07 1
vn 1.45132e-09 -5.87787e-07 1
vn -2.52303e-13 -4.77683e-07 1
vn -4.66726e-08 -7.0835e-07 1
vn -2.99485e-07 -1.9695e-07 1
vn 1.51966e-05 1.57094e-05 1
vn -8.51253e-07 -1.87232e-07 1
vn -1.22141e-07 1.77973e-07 -1
vn -1.22141e-07 1.77973e-07 -1
vn -1.01139e-07 1.70725e-07 -1
vn 0.000448789 -0.835457 0.549556
vn 6.88509e-08 -0.894843 0.446381
vn -5.11669e-07 -0.835535 0.549438
vn 6.39819e-11 -0.835599 0.549341
vn 5.36656e-11 -0.581235 0.813736
vn 0.000298312 -0.812893 0.582413
vn -4.56997e-05 -0.577053 0.816706
vn 0 -0.367944 0.929848
vn 0.000751212 -0.414686 0.909964
vn -3.6144e-07 -0.588098 0.808789
vn 5.85084e-05 -0.31499 0.949095
vn 0.000477042 -0.250916 0.968009
vn 1.50787e-07 -0.128749 0.991677
vn 7.71282e-08 -1.798e-07 1
vn 0 -1.88362e-07 1
vn 4.37754e-08 -1.76098e-07 1
vn 8.75509e-08 -1.71238e-07 1
vn 0.685593 -0.34913 0.638804
vn 0.438143 -0.679028 0.589025
vn 0.693226 -0.407768 0.594275
vn 0.850101 -6.01567e-05 0.52662
vn 0.457128 0.676242 0.577694
vn 0.928057 0.00040037 0.372437
vn 0.348223 0.72494 0.594308
vn 0.00370305 0.834961 0.550297
vn 0.00590056 -0.835088 0.550084
vn 0.311971 -0.671188 0.672444
vn -0.000588767 0.835459 0.549553
vn 0 0.894859 0.446349
vn -0.894821 -4.47106e-08 0.446425
vn -0.812949 -7.48371e-08 0.582335
vn -0.856893 -6.38475e-08 0.515494
vn -0.894759 -1.0328e-07 0.446549
vn 0.853963 -7.90356e-05 0.520333
vn 0.770789 0.000161779 0.63709
vn 0.00167972 0.581246 0.813726
vn 0.00162175 -0.581262 0.813715
vn -0.000392355 0.812853 0.582468
vn -0.763688 -1.36579e-07 0.645586
vn -0.763715 -1.18992e-07 0.645554
vn 0.437105 -0.000448125 0.89941
vn 0.301273 0.000260604 0.953538
vn 0.295567 0.382422 0.875439
vn -0.000984263 0.414575 0.910015
vn -9.4742e-07 0.588129 0.808767
vn -0.575312 6.33842e-06 0.817934
vn -0.483361 -7.40066e-06 0.875421
vn -0.414926 3.19086e-06 0.909855
vn -0.566429 -1.60365e-07 0.824111
vn -0.00062304 0.250716 0.96806
vn -0.217022 4.79577e-08 0.976167
vn 0.0849949 -0.0217744 0.996143
vn -0.0425455 0.0220645 0.998851
vn 0 0.128729 0.99168
vn 1.50768e-07 -1.95014e-07 1
vn 0 0 1
vn 0 0 1
vn 2.38958e-05 4.43184e-07 1
vn 2.12132e-05 -1.45977e-07 1
vn 4.78433e-05 -2.28066e-07 1
vn -0.000885811 -0.000857352 0.999999
vn 2.99437e-05 3.02072e-05 1
vn 0 0 1
vn -7.52584e-08 1.61793e-07 -1
vn -7.52584e-08 1.61793e-07 -1
vn -3.62405e-07 -0.894997 0.446072
vn -0.000591453 -0.835401 0.549641
vn -0.000392764 -0.81279 0.582557
vn 4.3511e-07 -0.540168 0.841557
vn -0.000709561 -0.367337 0.930088
vn 7.2629e-08 -0.182777 0.983154
vn 0 -1.71238e-07 1
vn -3.46692e-14 -1.71238e-07 1
vn 0 -1 0
vn 0 -1 0
vn 0 -1 0
vn 0 -1 0
vn -1 6.32023e-11 -8.95496e-09
vn -1 -6.32022e-11 8.95496e-09
vn -1 6.32023e-11 -8.95496e-09
vn -1 1.89607e-10 -2.68649e-08
vn 0 1 0
vn 0 1 0
vn 0 1 0
vn 0 1 0
vn 0 1 0
vn 0 1 0
vn 1 1.61793e-08 -2.2924e-06
vn 1 1.61798e-08 -2.29233e-06
vn 1 1.61793e-08 -2.2924e-06
vn 1 1.61788e-08 -2.29247e-06
vn 0 -1 0
vn 0 -1 0
vn 0.343389 0.939045 0.0166832
vn 0.335008 0.916268 0.219598
vn 0.349144 0.937035 0.00796277
vn 0.141445 -0.000180366 0.989946
vn 0.131809 -0.363662 0.922158
vn 0.14144 -9.03047e-05 0.989947
vn 0.989956 -0.000306404 -0.141376
vn 0.882083 -0.45394 -0.125971
vn 0.989961 -0.00015336 -0.141339
vn 0 0.141412 0.989951
vn -2.43694e-07 0.141466 0.989943
vn 0 0.141412 0.989951
vn 0 0.141412 0.989951
vn 0.141436 -1.6474e-07 0.989947
vn 0.14144 -1.62453e-07 0.989947
vn -1.03851e-05 -0.141458 0.989944
vn 0.00141618 -0.141454 0.989944
vn 0.00071042 -0.141461 0.989944
vn -1.14641e-05 -0.144 0.989578
vn -7.87978e-07 0.141587 0.989926
vn -3.93887e-07 0.141499 0.989938
vn -1.88462e-05 -0.1456 0.989344
vn -2.345e-07 -0.150006 0.988685
vn -0.141428 -1.68166e-07 0.989949
vn -0.141444 -0.000323891 0.989946
vn -0.141428 -0.000162075 0.989949
vn -0.141411 -1.6015e-07 0.989951
vn -0.345167 -0.938541 -0.000171827
vn -0.346706 -0.937974 -0.000343982
vn -0.345167 -0.938541 -0.000171827
vn -0.343629 -0.939105 0
vn -0.921209 0.389035 -0.00513588
vn -0.905108 0.42508 -0.00926789
vn -0.921209 0.389035 -0.00513588
vn -0.93916 0.34348 -2.52304e-08
vn 0.355227 0.934779 -0.00131989
vn 0.349384 0.936979 -0.000664836
vn 0.92123 -0.388984 -0.005121
vn 0.905022 -0.424829 -0.0213425
vn 0.920525 -0.390492 -0.0122319
vn 0.939121 -0.343588 -2.15291e-06
vn 0.000995022 0.989998 0.141081
vn 0.0019857 0.989996 0.141081
vn 0.414713 0.900851 0.128377
vn 0.316542 0.813375 0.488079
vn 0.316542 0.813375 0.488079
vn 0.316542 0.813375 0.488079
vn 0.399701 0.471671 0.785981
vn 0.399701 0.471671 0.785981
vn 0.399701 0.471671 0.785981
vn 0.3446 0.345053 0.873035
vn 0.121115 0.506791 0.853519
vn 0.3446 0.345053 0.873035
vn 0.578332 0.115364 0.807604
vn 0.469139 0.412654 0.780785
vn 0.469139 0.412654 0.780785
vn 0.469139 0.412654 0.780785
vn 0.783039 0.407512 0.469876
vn 0.783039 0.407512 0.469876
vn 0.783039 0.407512 0.469876
vn 0.872069 0.449203 0.194197
vn 0.859871 0.495528 0.122772
vn 0.872069 0.449203 0.194197
vn 0.877033 0.411701 0.247621
vn 0.793836 0.377992 -0.476389
vn 0.793836 0.377992 -0.476389
vn 0.793836 0.377992 -0.476389
vn 0.899723 0.416896 -0.129216
vn 0.899723 0.416896 -0.129216
vn 0.899723 0.416896 -0.129216
vn 0.832276 0.470852 -0.292601
vn 0.832276 0.470852 -0.292601
vn 0.832276 0.470852 -0.292601
vn 0.341382 -0.132956 0.930473
vn 0.308764 -0.489351 0.815598
vn 0.308764 -0.489351 0.815598
vn 0.308764 -0.489351 0.815598
vn 0.493869 -0.745624 0.447368
vn 0.493869 -0.745624 0.447368
vn 0.493869 -0.745624 0.447368
vn 0.491244 -0.815387 0.306308
vn 0.392442 -0.835989 0.383552
vn 0.491244 -0.815387 0.306308
vn 0.694473 -0.712288 0.101749
vn 0.492643 -0.288477 0.821026
vn 0.492643 -0.288477 0.821026
vn 0.492643 -0.288477 0.821026
vn 0.75687 -0.469896 0.454253
vn 0.75687 -0.469896 0.454253
vn 0.75687 -0.469896 0.454253
vn 0.835114 -0.444971 0.323397
vn 0.8561 -0.313204 0.411092
vn 0.835114 -0.444971 0.323397
vn 0.713312 -0.693411 0.10182
vn 0.891994 -0.418653 -0.170516
vn 0.407232 -0.878028 -0.251452
vn 0.497984 -0.858471 -0.122635
vn 0.407232 -0.878028 -0.251452
vn 0.320789 -0.877136 -0.357389
vn 0.408496 -0.782693 -0.469597
vn 0.408496 -0.782693 -0.469597
vn 0.408496 -0.782693 -0.469597
vn 0.422687 -0.46629 -0.777116
vn 0.422687 -0.46629 -0.777116
vn 0.422687 -0.46629 -0.777116
vn 0.800548 -0.358136 -0.480481
vn 0.800548 -0.358136 -0.480481
vn 0.800548 -0.358136 -0.480481
vn 0.467851 -0.417029 -0.779232
vn 0.467851 -0.417029 -0.779232
vn 0.467851 -0.417029 -0.779232
vn -0.390285 0.920648 0.00923473
vn -0.42472 0.905181 0.0161474
vn -0.422257 0.89996 0.108491
vn -0.879285 0.321524 0.351398
vn -0.879285 0.321524 0.351398
vn -0.879285 0.321524 0.351398
vn -0.783834 0.405475 0.470313
vn -0.783834 0.405475 0.470313
vn -0.783834 0.405475 0.470313
vn -0.58886 0.79339 -0.154196
vn -0.58886 0.79339 -0.154196
vn -0.58886 0.79339 -0.154196
vn -0.463644 0.433492 0.772735
vn -0.463644 0.433492 0.772735
vn -0.463644 0.433492 0.772735
vn -0.375439 0.705689 0.600874
vn -0.375439 0.705689 0.600874
vn -0.375439 0.705689 0.600874
vn -0.428113 0.46488 0.774988
vn -0.428113 0.46488 0.774988
vn -0.428113 0.46488 0.774988
vn -0.359118 0.359241 0.861383
vn -0.119341 0.536456 0.835447
vn -0.359118 0.359241 0.861383
vn -0.596641 0.113359 0.794461
vn -0.124692 -0.472901 0.872248
vn -0.48238 -0.347787 0.803961
vn -0.48238 -0.347787 0.803961
vn -0.48238 -0.347787 0.803961
vn -0.796289 -0.371033 0.477763
vn -0.796289 -0.371033 0.477763
vn -0.796289 -0.371033 0.477763
vn -0.870023 -0.451144 0.198817
vn -0.878808 -0.412669 0.239583
vn -0.870023 -0.451144 0.198817
vn -0.846056 -0.51922 0.12083
vn -0.673281 0.201264 0.711467
vn -0.673281 0.201264 0.711467
vn -0.673281 0.201264 0.711467
vn -0.36921 -0.598766 0.710748
vn -0.36921 -0.598766 0.710748
vn -0.36921 -0.598766 0.710748
vn -0.380576 -0.79297 0.475774
vn -0.380576 -0.79297 0.475774
vn -0.380576 -0.79297 0.475774
vn -0.408429 -0.876901 0.253436
vn -0.323516 -0.884115 0.337161
vn -0.408429 -0.876901 0.253436
vn -0.525424 -0.84229 0.120319
vn -0.89737 -0.421854 -0.129482
vn -0.897044 -0.422953 -0.128152
vn -0.89737 -0.421854 -0.129482
vn -0.897573 -0.421166 -0.130314
vn -0.820486 -0.290625 -0.49228
vn -0.820486 -0.290625 -0.49228
vn -0.820486 -0.290625 -0.49228
vn -0.347957 -0.937308 0.0194946
vn -0.347957 -0.937308 0.0194946
vn -0.347957 -0.937308 0.0194946
vn -0.516971 -0.821105 -0.241925
vn -0.516971 -0.821105 -0.241925
vn -0.516971 -0.821105 -0.241925
vn -0.314427 -0.745136 -0.588139
vn -0.314427 -0.745136 -0.588139
vn -0.314427 -0.745136 -0.588139
vn -0.312932 -0.488777 -0.814353
vn -0.312932 -0.488777 -0.814353
vn -0.312932 -0.488777 -0.814353
vn -0.796037 0.372019 -0.477417
vn -0.796037 0.372019 -0.477417
vn -0.796037 0.372019 -0.477417
vn -0.860053 0.459921 -0.220863
vn -0.872718 0.409863 -0.265283
vn -0.860053 0.459921 -0.220863
vn -0.816671 0.565188 -0.116665
vn -0.415881 0.779803 -0.467922
vn -0.415881 0.779803 -0.467922
vn -0.415881 0.779803 -0.467922
vn -0.426549 0.857559 -0.287485
vn -0.317018 0.866776 -0.384967
vn -0.426549 0.857559 -0.287485
vn -0.585956 0.802238 -0.114324
vn 0 0.514562 0.857453
vn -5.03086e-07 0.514445 0.857524
vn -4.69423e-07 0.514562 0.857453
vn 0 0.514562 0.857453
vn 0 0.857468 0.514538
vn -4.30574e-05 0.863427 0.504473
vn 0 0.857468 0.514538
vn 0 0.857468 0.514538
vn -1.22738e-05 0.989606 0.143803
vn -1.12345e-05 0.989998 0.141081
vn -2.87913e-07 0.990009 -0.141006
vn -1.72059e-08 0.990028 -0.14087
vn -4.04643e-07 0.990013 -0.140976
vn -3.02202e-07 0.989998 -0.141081
vn 0.514406 -1.27657e-07 0.857547
vn 0.514273 -1.88706e-07 0.857626
vn 0.514406 -1.27657e-07 0.857547
vn 0.514538 -6.65804e-08 0.857468
vn 0.857459 -1.15163e-07 0.514553
vn 0.857468 -1.08223e-07 0.514538
vn 0.857459 -1.15163e-07 0.514553
vn 0.85745 -1.22103e-07 0.514568
vn 0.989958 -2.28675e-08 0.14136
vn 0.98996 -1.59994e-08 0.141346
vn 0.989958 -2.28675e-08 0.14136
vn 0.989956 -2.97354e-08 0.141374
vn 0.989961 -3.08952e-08 -0.141339
vn 0.989967 -4.92358e-08 -0.141301
vn 8.19579e-08 -0.514532 0.857471
vn 0 -0.51449 0.857497
vn 1.15211e-07 -0.514523 0.857477
vn -4.14804e-05 -0.504841 0.863213
vn 0 -0.857497 0.51449
vn 0 -0.857497 0.51449
vn 0 -0.857497 0.51449
vn 0 -0.857497 0.51449
vn 0 -0.989951 0.141412
vn 0 -0.989951 0.141412
vn 0 -0.989951 0.141412
vn 0 -0.989951 0.141412
vn 0 -0.857491 -0.514499
vn -6.19267e-05 -0.866025 -0.500001
vn 0 -0.857491 -0.514499
vn -8.63622e-09 -0.989951 -0.141414
vn -1.24099e-05 -0.989554 -0.144162
vn -1.13592e-05 -0.989951 -0.141414
vn 0 -0.98995 -0.141417
vn 0 0.514183 0.85768
vn -8.1299e-07 0.514372 0.857567
vn -0.000133127 0.875515 0.483192
vn -6.873e-05 0.866925 0.498439
vn 0 0.988644 0.150276
vn -2.00673e-05 0.989354 0.145531
vn -6.63675e-05 -0.499013 0.866595
vn -0.000128637 -0.484277 0.874915
vn 0 -0.857497 0.51449
vn 0 -0.857497 0.51449
vn 0 -0.989951 0.141412
vn 0 -0.989951 0.141412
vn -0.514499 -1.52642e-07 0.857491
vn -0.514499 -1.52675e-07 0.857491
vn -0.514499 -1.52642e-07 0.857491
vn -0.514499 -1.5261e-07 0.857491
vn -0.857493 -9.57826e-08 0.514497
vn -0.857498 -9.98888e-08 0.514488
vn -0.857493 -9.57826e-08 0.514497
vn -0.857487 -9.16762e-08 0.514505
vn -0.989949 -2.74886e-08 0.141422
vn -0.989949 -2.75198e-08 0.141422
vn -0.989949 -2.74886e-08 0.141422
vn -0.989949 -2.74573e-08 0.141422
vn 0 -0.514541 -0.857466
vn 0 -0.514541 -0.857466
vn 0 -0.514541 -0.857466
vn -0.000133431 -0.875577 -0.483079
vn -0.000133431 -0.875577 -0.483079
vn 0 -0.988579 -0.150702
vn -2.0279e-05 -0.989298 -0.145908
vn 0 0.989998 -0.141081
vn 0 0.989998 -0.141081
vn -0.989949 2.75824e-08 -0.141422
vn -0.98995 2.87885e-08 -0.141419
vn -0.989949 2.75824e-08 -0.141422
vn -0.989949 2.63763e-08 -0.141424
vn -0.903656 -0.428258 -0.000460452
vn -0.902123 -0.431479 1.98638e-06
vn -0.903656 -0.428258 -0.000460452
vn -0.905172 -0.425044 -0.000921087
vn -0.343494 0.939155 0
vn -0.388863 0.921282 0.00511429
vn 0.904139 0.427238 -0.000272637
vn 0.903045 0.429546 5.3071e-05
vn 0.904139 0.427238 -0.000272637
vn 0.905205 0.424976 -0.000591616
vn 0.389013 -0.921218 0.00511653
vn 0.343638 -0.939102 0
vn 0.389013 -0.921218 0.00511653
vn 0.424924 -0.905182 0.0092337
vn 0 -1 0
vn 0 -1 0
vn 0 -1 0
vn 0 1 0
vn 0 1 0
vn 0 1 0
vn 0 0 1
vn 0 0 1
vn 0 0 1
vn 0 0 1
vn 2.88638e-07 -0.51452 0.857478
vn 2.88638e-07 -0.51452 0.857478
vn 2.88638e-07 -0.51452 0.857478
vn 0 0.857473 0.514529
vn 0 0.857473 0.514529
vn 0 0.857473 0.514529
vn 0 -1 0
vn 0 -1 0
vn 0 -1 0
vn 0 1 0
vn 0 1 0
vn 0 1 0
vn 0 0 1
vn 0 0 1
vn 0 0 1
vn 0 0 1
vn 0 0.989941 0.141478
vn 0 0.989941 0.141478
vn 0 0.989941 0.141478
vn 0 -1 0
vn 0 -1 0
vn 0 -1 0
vn 0 1 0
vn 0 1 0
vn 0 1 0
vn 0 0.51449 0.857497
vn 0 0.51449 0.857497
vn 0 0.51449 0.857497
vn 0 -1 0
vn 0 -1 0
vn 0 -1 0
vn 0 1 0
vn 0 1 0
vn 0 1 0
vn 0 0 1
vn 0 0 1
vn 0 0 1
vn 0 -0.51449 0.857497
vn 0 -0.51449 0.857497
vn 0 -0.51449 0.857497
vn 0 -0.14141 0.989951
vn 0 -0.14141 0.989951
vn 0 -0.14141 0.989951
vn 0 0.857473 0.514529
vn 0 0.857473 0.514529
vn 0 0.857473 0.514529
vn 1 2.75947e-07 9.8034e-08
vn 1 0 3.92136e-08
vn 1 2.75947e-07 9.8034e-08
vn 1 5.51895e-07 1.56854e-07
vn -1 -2.75947e-07 -9.8034e-08
vn -1 0 -3.92136e-08
vn -1 -2.75947e-07 -9.8034e-08
vn -1 -5.51895e-07 -1.56854e-07
vn 0 -1 0
vn 0 -1 0
vn 0 -1 0
vn 0 -1 0
vn 1 3.6793e-07 7.84272e-08
vn 1 7.3586e-07 1.56854e-07
vn 1 3.6793e-07 7.84272e-08
vn 1 0 0
vn -1 -4.59912e-07 -9.8034e-08
vn -1 -9.19825e-07 -1.96068e-07
vn -1 -4.59912e-07 -9.8034e-08
vn -1 0 0
vn 0 -1 0
vn 0 -1 0
vn 0 -1 0
vn 0 -1 0
vn 1 0 0
vn 1 0 0
vn 1 0 0
vn 1 0 0
vn -1 0 0
vn -1 0 0
vn -1 0 0
vn -1 0 0
vn 0 -1 0
vn 0 -1 0
vn 0 -1 0
vn 0 -1 0
vn -1 0 0
vn -1 0 0
vn -1 0 0
vn -1 0 0
vn 3.81261e-06 -1 1.60531e-07
vn 7.62524e-06 -1 0
vn 3.81261e-06 -1 1.60531e-07
vn 0.885813 0.440634 -0.145524
vn 0.508562 0.850587 -0.133666
vn 0.772641 0.546354 -0.3233
vn 0.495734 0.367791 -0.786751
vn 0.587667 0.12617 -0.799205
vn 0.60006 0.330678 -0.728409
vn 0.268779 0.129579 0.954446
vn 0.762266 0.245492 0.598902
vn 0.407682 0.671169 0.619134
vn 0.757705 0.555215 0.342957
vn 0.910407 0.0991924 0.401648
vn 0.186572 0.937221 -0.294633
vn 0.0991467 0.675401 -0.730756
vn 0.23425 0.516133 -0.823853
vn -0.0367104 0.680983 0.731378
vn 0.326253 0.896374 0.30012
vn -0.0668211 0.982475 -0.174007
vn -0.0624453 0.557432 -0.827871
vn -0.0351486 0.890564 0.453498
vn -0.32979 0.790694 -0.515792
vn -0.622292 0.758515 -0.193409
vn -0.315379 0.495688 -0.809215
vn -0.55668 0.580551 0.594195
vn -0.314182 0.204537 0.927068
vn -0.419341 0.777088 0.469347
vn -0.677582 0.383072 -0.627804
vn -0.930404 0.309792 -0.195902
vn -0.543817 0.251262 -0.800707
vn -0.767622 0.225534 0.599909
vn -0.803699 0.414829 0.426597
vn -0.827377 -0.0625415 -0.558154
vn -0.941328 -0.274643 -0.196143
vn -0.594852 0.021851 -0.803539
vn -0.749967 -0.199322 0.63073
vn -0.266267 -0.229799 0.936106
vn -0.903508 0.00125683 0.42857
vn -0.780922 -0.543808 -0.307299
vn -0.488623 -0.434861 -0.756402
vn -0.54474 -0.230414 -0.80633
vn -0.820884 -0.382346 0.424219
vn -0.694338 -0.700207 -0.166146
vn -0.384803 -0.419943 -0.821934
vn -0.505765 -0.617913 0.601985
vn -0.664555 -0.601448 0.443425
vn -0.279629 -0.756486 -0.591217
vn -0.16536 -0.968403 -0.186688
vn -0.250948 -0.526765 -0.812123
vn -0.101174 -0.755763 0.646983
vn 0.164225 -0.386356 0.907612
vn -0.345693 -0.833158 0.431676
vn 0.297947 -0.735564 -0.608419
vn 0.459099 -0.876429 -0.145262
vn 0.012071 -0.594566 -0.803957
vn 0.0394523 -0.903548 0.426667
vn 0.254927 -0.533107 -0.806728
vn 0.38592 -0.708451 0.5909
vn 0.299999 -0.844934 0.442818
vn 0.651113 -0.717953 -0.246162
vn 0.755372 -0.647659 -0.0997533
vn 0.611135 -0.21855 -0.760756
vn 0.409897 -0.420315 -0.809518
vn 0.682281 -0.316745 0.658912
vn 0.634811 -0.64294 0.428536
vn 0.997268 -0.0208522 -0.0708716
vn 0.593676 -0.221726 -0.773554
vn 0.852665 -0.310772 0.419979
vn 0.918412 0.120121 -0.376948
vn -0.0482528 -0.079518 -0.995665
vn -0.0482528 -0.079518 -0.995665
vn -0.00852578 -0.0387331 -0.999213
vn 0.02533 -0.00389879 -0.999672
vn 0.02533 -0.00389879 -0.999672
vn 0.962138 0.252771 -0.101966
vn 0.732998 0.658278 -0.171418
vn 0.894932 0.343913 -0.284289
vn 0.301956 0.514901 -0.802309
vn 0.51552 0.178222 -0.838138
vn 0.609154 0.394489 -0.687975
vn 0.321769 0.328499 0.888005
vn 0.742756 0.17971 0.644994
vn 0.532301 0.584736 0.61216
vn 0.543246 0.739049 0.39836
vn 0.818178 0.382446 0.429325
vn 0.252251 0.963616 -0.0883965
vn 0.307609 0.88761 -0.342819
vn 0.0223723 0.67853 -0.734232
vn 0.0689484 0.801921 0.593439
vn -0.242745 0.908372 -0.340492
vn -0.131667 0.981127 -0.141613
vn 0.0524484 0.621837 -0.781388
vn -0.161882 0.265271 0.950487
vn 0.0854044 0.91759 0.388246
vn -0.580318 0.803576 -0.132272
vn -0.324488 0.472726 -0.819291
vn -0.511652 0.587999 0.626474
vn -0.412684 0.79795 0.439282
vn -0.828145 0.43047 -0.358987
vn -0.54162 0.404971 -0.736645
vn -0.954292 0.271664 -0.124604
vn -0.526091 0.256434 -0.810845
vn -0.76075 0.143787 0.632917
vn -0.474348 -0.0625272 0.878114
vn -0.812779 0.403488 0.420223
vn -0.893288 -0.272471 -0.357485
vn -0.895901 -0.437762 -0.0756729
vn -0.707802 -0.0721287 -0.702718
vn -0.563559 0.0265758 -0.825648
vn -0.90565 -0.0395443 0.422178
vn -0.504651 -0.258204 -0.823807
vn -0.669446 -0.363534 0.647831
vn -0.138205 -0.353296 0.925247
vn -0.842864 -0.304407 0.443753
vn -0.655688 -0.691001 -0.304287
vn -0.640942 -0.758114 -0.120235
vn -0.527008 -0.499122 -0.687852
vn -0.304858 -0.517951 -0.799242
vn -0.34495 -0.758806 0.552469
vn -0.54883 -0.74012 0.388597
vn -0.0556229 -0.986244 -0.155659
vn -0.0830421 -0.668111 -0.739413
vn -0.0883669 -0.594059 -0.799553
vn 0.226466 -0.728554 0.646469
vn -0.145048 -0.926037 0.34845
vn 0.0572259 -0.989062 -0.135945
vn 0.109815 -0.937126 -0.331264
vn 0.571211 -0.804484 -0.162859
vn 0.434867 -0.62815 -0.645228
vn 0.19273 -0.557714 -0.807348
vn 0.297299 -0.200213 0.933557
vn 0.402067 -0.862216 0.308101
vn 0.66127 -0.706306 -0.252693
vn 0.884229 -0.437812 -0.162667
vn 0.626634 -0.147084 -0.765308
vn 0.430433 -0.402314 -0.808004
vn 0.710787 -0.381312 0.591087
vn 0.614441 -0.674617 0.409089
vn 0.575486 -0.20946 -0.790533
vn 0.854726 -0.311096 0.415527
vn 0.918868 0.199534 -0.340394
vn 0.560148 0.024455 -0.828032
vn 0.896395 -0.0378057 0.441641
vn 0 0 -1
vn 0 0 -1
vn -0.0354443 -0.00837165 -0.999337
vn -0.0432895 -0.0102246 -0.99901
vn -0.0432895 -0.0102246 -0.99901
vn 0.508737 0.795422 -0.329379
vn 0.915466 0.19715 -0.350791
vn 0.913742 0.393768 -0.100115
vn 0.644545 0.751121 -0.142755
vn 0.504638 0.491315 -0.709895
vn 0.664258 0.115884 -0.738466
vn 0.520332 0.256712 -0.814465
vn 0.511525 0.844712 -0.157492
vn 0.317203 0.285548 0.904348
vn 0.722931 0.399449 0.563748
vn 0.480808 0.604602 0.635044
vn 0.707259 0.549964 0.444211
vn -0.684756 -0.560108 -0.466249
vn -0.684756 -0.560108 -0.466249
vn -0.684756 -0.560108 -0.466249
vn 0.851 0.322567 0.414426
vn 0.145425 0.980404 -0.132891
vn 0.0480784 0.68126 -0.730462
vn 0.0639565 0.765006 0.64084
vn -0.214127 0.911423 -0.351365
vn 0.0294332 0.586353 -0.809521
vn -0.194373 0.372865 0.907299
vn 0.0326201 0.911497 0.410012
vn -0.480109 0.868334 -0.124466
vn -0.435058 0.570467 -0.69663
vn -0.209345 0.526369 -0.824082
vn -0.429991 0.671096 0.603935
vn -0.305941 0.843511 0.441463
vn -0.772508 0.527549 -0.353445
vn -0.922298 0.372822 -0.101833
vn -0.511533 0.31424 -0.799742
vn -0.785227 0.501827 0.362751
vn -0.685452 0.0952244 -0.721864
vn -0.747656 0.272463 0.605619
vn -0.412276 -0.086426 0.90695
vn -0.909921 -0.224569 -0.34873
vn -0.992369 0.0074716 -0.123075
vn -0.602032 0.0926637 -0.793077
vn -0.769614 -0.278133 0.574749
vn -0.919891 0.112734 0.375623
vn -0.823579 -0.562032 -0.0764042
vn -0.573681 -0.43988 -0.690939
vn -0.518492 -0.203304 -0.830562
vn -0.824627 -0.384538 0.414875
vn -0.669816 -0.663747 -0.332846
vn -0.514632 -0.848064 -0.12626
vn -0.28983 -0.487646 -0.823529
vn -0.468572 -0.544629 0.695572
vn -0.0032267 -0.431306 0.9022
vn -0.458232 -0.76636 0.45024
vn -0.66795 -0.557037 0.49351
vn -0.109227 -0.664286 -0.739455
vn -0.0861785 -0.82366 0.560497
vn 0.0652628 -0.983594 -0.168176
vn 0.0483242 -0.952168 -0.301729
vn -0.0868618 -0.543402 -0.834967
vn -0.0293451 -0.914143 0.404328
vn -0.0455791 -0.125224 -0.991081
vn 0.313901 -0.761114 -0.567601
vn 0.610601 -0.762954 -0.21229
vn 0.19118 -0.548985 -0.813675
vn 0.374692 -0.698608 0.609551
vn 0.308695 -0.838332 0.44934
vn 0.725507 -0.353039 -0.590764
vn 0.461299 -0.392538 -0.795686
vn 0.638128 -0.428258 0.639835
vn 0.38621 -0.151661 0.909858
vn 0.677848 -0.604602 0.418303
vn 0.949096 -0.263062 -0.173251
vn 0.587505 -0.095217 -0.803599
vn 0.899557 -0.159037 0.406823
vn 0.77334 0.0319794 0.633185
vn 0.00173752 -0.00169726 0.999997
vn -0.0139757 -0.0907985 -0.995771
vn -0.0139757 -0.0907985 -0.995771
vn 0.0122254 -0.0369376 -0.999243
vn 0.0341787 0.00836375 -0.999381
vn 0.0341787 0.00836375 -0.999381
vn 0.563347 0.587318 -0.581118
vn 0.953696 0.0864211 -0.288087
vn 0.927329 0.344587 -0.146019
vn 0.566434 0.802826 -0.186072
vn 0.681832 0.087322 -0.726278
vn 0.435484 0.388314 -0.812137
vn 0.517235 0.241202 -0.821152
vn 0.488674 0.595389 0.637739
vn 0.0666665 0.490369 0.868961
vn 0.328515 0.148356 0.932774
vn 0.757882 0.15194 0.634452
vn 0.665892 0.597574 0.446646
vn 0.817493 0.381199 0.431732
vn 0.065842 0.785376 -0.615508
vn 0.0088216 0.985671 -0.168447
vn 0.214375 0.554638 -0.804003
vn -0.0192578 0.788176 0.615148
vn 0.340962 0.83102 0.439489
vn -0.0314019 0.588056 -0.80821
vn -0.0404838 0.906223 0.420857
vn -0.398394 0.862161 -0.312987
vn -0.562456 0.821984 -0.0893613
vn -0.455585 0.521761 -0.721254
vn -0.2125 0.543315 -0.81219
vn -0.576967 0.477984 0.662299
vn -0.223483 0.0926994 0.97029
vn -0.340657 0.811752 0.474355
vn -0.712054 0.62196 -0.325799
vn -0.89269 0.428182 -0.140586
vn -0.421749 0.393828 -0.816717
vn -0.684048 0.627815 0.371385
vn -0.67089 0.0718045 -0.738073
vn -0.509474 0.225972 -0.830285
vn -0.841608 0.306317 0.44482
vn -0.971331 -0.199893 -0.128682
vn -0.925812 -0.153933 -0.345221
vn -0.567323 -0.0247711 -0.823122
vn -0.730114 -0.17584 0.660314
vn -0.225382 -0.329584 0.91683
vn -0.877785 0.0612431 0.475125
vn -0.725024 -0.589568 -0.35602
vn -0.602425 -0.377539 -0.703242
vn -0.527809 -0.19968 -0.825558
vn -0.820441 -0.383542 0.423996
vn -0.626058 -0.770579 -0.119414
vn -0.274251 -0.470974 -0.838433
vn -0.367138 -0.700041 0.612496
vn -0.622801 -0.595689 0.507221
vn -0.0169602 -0.935284 -0.353492
vn -0.339471 -0.932632 -0.122302
vn -0.142773 -0.696314 -0.703394
vn -0.314579 -0.849527 0.42349
vn 0.210687 -0.974338 -0.0792176
vn -0.0191391 -0.570727 -0.820917
vn -0.0845322 -0.312179 0.946255
vn 0.393715 -0.7436 0.540414
vn 0.134689 -0.703613 0.697702
vn 0.261055 -0.227001 0.938254
vn -0.0771748 -0.875478 0.477055
vn 0.169192 -0.426719 -0.888417
vn -0.0245639 -0.159588 -0.986878
vn -0.0232043 -0.138211 -0.990131
vn 0.280906 -0.927333 -0.247277
vn 0.58569 -0.798777 -0.137557
vn 0.436812 -0.473668 -0.764744
vn 0.453123 -0.448251 -0.770552
vn 0.680601 -0.424559 0.597103
vn 0.657556 -0.628102 0.416062
vn 0.952969 -0.282534 -0.109654
vn 0.900137 -0.259375 -0.34997
vn 0.539233 -0.196265 -0.818967
vn 0.857559 -0.312126 0.408864
vn 0.553873 -0.0470127 -0.831273
vn 0.892012 -0.026981 0.451205
vn 0.0275766 0.00674788 -0.999597
vn 0.0275766 0.00674788 -0.999597
vn 0.0275766 0.00674788 -0.999597
vn 0.973494 0.201295 -0.108584
vn 0.576266 0.811782 -0.0944875
vn 0.736029 0.572475 -0.361294
vn 0.303983 0.629683 -0.714908
vn 0.660817 0.187265 -0.726811
vn 0.415541 0.384779 -0.824179
vn 0.511595 0.24489 -0.823589
vn 0.405737 0.238207 0.882403
vn 0.740786 0.210599 0.637874
vn 0.325331 0.692558 0.643834
vn 0.6576 0.602376 0.452444
vn 0.81901 0.382876 0.427351
vn 0.328737 0.889926 -0.31617
vn 0.149914 0.973979 -0.169972
vn 0.2018 0.538593 -0.818043
vn -0.052272 0.282181 0.957936
vn 0.312936 0.858344 0.406592
vn -0.330745 0.584106 -0.741234
vn 0.00429602 0.556157 -0.831066
vn -0.203961 0.765459 0.610305
vn -0.00328663 0.879378 0.476113
vn -0.450365 0.886186 -0.108839
vn -0.444869 0.827964 -0.341421
vn -0.265802 0.570014 -0.777453
vn -0.380713 0.816441 0.434144
vn -0.786336 0.507714 -0.351998
vn -0.731749 0.670512 -0.122298
vn -0.416859 0.38736 -0.822302
vn -0.578489 0.469645 0.666921
vn -0.435809 0.0157613 0.899901
vn -0.61419 0.653981 0.441678
vn -0.981067 0.177262 -0.0780142
vn -0.694284 0.10398 -0.71215
vn -0.490299 0.236618 -0.83882
vn -0.812068 0.0245143 0.583048
vn -0.832962 0.345595 0.432134
vn -0.947601 0.00324848 -0.319439
vn -0.961042 -0.235165 -0.145245
vn -0.566251 -0.0247245 -0.823862
vn -0.906512 -0.0395814 0.42032
vn -0.51874 -0.443304 -0.73102
vn -0.515891 -0.235054 -0.823776
vn -0.597627 -0.467136 0.651633
vn -0.826224 -0.368618 0.425998
vn -0.629262 -0.770385 -0.10265
vn -0.52835 -0.772419 -0.352442
vn -0.290852 -0.494372 -0.819147
vn -0.0968374 -0.345039 0.93358
vn -0.462439 -0.781426 0.418954
vn -0.206706 -0.936978 -0.281684
vn -0.254682 -0.956147 -0.144634
vn 0.0137997 -0.667788 -0.744224
vn -0.131154 -0.805226 0.578281
vn 0.244466 -0.960175 -0.135279
vn -0.0214171 -0.632859 -0.773971
vn -0.0354403 -0.914812 0.402323
vn 0.552411 -0.752712 -0.358144
vn 0.242877 -0.520842 -0.818373
vn 0.344801 -0.677666 0.649524
vn 0.319653 -0.207481 0.92454
vn 0.301318 -0.84578 0.4403
vn 0.778195 -0.620354 -0.0978471
vn 0.602333 -0.372854 -0.705815
vn 0.429026 -0.368743 -0.8246
vn 0.749923 -0.350168 0.561246
vn 0.739758 -0.549658 0.388115
vn 0.926793 -0.176156 -0.331699
vn 0.961642 -0.25786 -0.0935528
vn 0.594495 -0.0918185 -0.79884
vn 0.917132 -0.14027 0.373087
vn -0.00783055 -0.0508746 -0.998674
vn -0.00783055 -0.0508746 -0.998674
vn -0.0308165 -0.0313514 -0.999033
vn -0.0525363 -0.0128554 -0.998536
vn -0.0525363 -0.0128554 -0.998536
vn 0.569523 0.736523 -0.364935
vn 0.930265 0.131299 -0.342589
vn 0.927841 0.355 -0.114398
vn 0.543265 0.835086 -0.0865682
vn 0.550806 0.383431 -0.741346
vn 0.429581 0.394767 -0.812169
vn 0.534805 0.124658 -0.83573
vn 0.586494 0.460258 0.666474
vn 0.857443 0.138688 0.495537
vn 0.664731 0.601017 0.443746
vn 0.388405 0.879442 -0.275181
vn 0.15101 0.981128 -0.120766
vn 0.0939725 0.687081 -0.720478
vn 0.230424 0.520476 -0.822198
vn 0.204086 0.748474 0.63098
vn 0.0148133 0.253334 0.967265
vn 0.407563 0.792307 0.454029
vn -0.0227873 0.56983 -0.821447
vn -0.253302 0.764095 0.593293
vn 0.000219983 0.90041 0.435043
vn -0.542503 0.836944 -0.0722113
vn -0.437493 0.82219 -0.364148
vn -0.439423 0.565148 -0.698223
vn -0.229474 0.52771 -0.817841
vn -0.421096 0.794199 0.438095
vn -0.667826 0.666291 -0.33176
vn -0.892545 0.428384 -0.140892
vn -0.496697 0.298064 -0.815138
vn -0.534174 0.484 0.693111
vn -0.474498 0.0715231 0.877346
vn -0.729705 0.519762 0.444274
vn -0.663568 0.0845744 -0.74332
vn -0.81002 0.0530512 0.583998
vn -0.971072 -0.20133 -0.128397
vn -0.925467 -0.155875 -0.345274
vn -0.582183 0.0342667 -0.812335
vn -0.916174 0.0434103 0.398423
vn -0.723195 -0.592574 -0.354746
vn -0.603343 -0.377576 -0.702434
vn -0.533699 -0.198421 -0.822067
vn -0.648824 -0.395853 0.649868
vn -0.2004 -0.33458 0.920813
vn -0.841869 -0.312158 0.440242
vn -0.625019 -0.771169 -0.121036
vn -0.314622 -0.519008 -0.794761
vn -0.499996 -0.786373 0.362796
vn -0.196369 -0.937505 -0.287269
vn -0.339457 -0.932645 -0.122237
vn -0.148099 -0.670647 -0.726842
vn -0.274148 -0.786456 0.553471
vn 0.135664 -0.974437 -0.179078
vn -0.0923506 -0.600001 -0.794651
vn 0.238489 -0.733993 0.635906
vn 0.17207 -0.274529 0.946058
vn -0.106957 -0.919876 0.377345
vn 0.384671 -0.886784 -0.256208
vn 0.613861 -0.764672 -0.196089
vn 0.197719 -0.549621 -0.81168
vn 0.357335 -0.546913 -0.757099
vn 0.381805 -0.820762 0.424941
vn 0.808808 -0.498732 -0.311603
vn 0.507015 -0.472052 -0.721182
vn 0.433986 -0.397006 -0.808729
vn 0.693833 -0.398639 0.599735
vn 0.53297 -0.0181954 0.845938
vn 0.613757 -0.645489 0.454584
vn 0.949978 -0.285554 -0.126495
vn 0.578814 -0.185842 -0.794001
vn 0.85609 -0.266981 0.442529
vn 0.700852 0.0479708 -0.711692
vn 0.00530168 0.0344456 -0.999393
vn 0.00530168 0.0344456 -0.999393
vn 0.0165128 0.0204601 -0.999654
vn 0.0275078 0.00673146 -0.999599
vn 0.0275078 0.00673146 -0.999599
vn 0.972853 0.204418 -0.108493
vn 0.624225 0.772075 -0.119344
vn 0.709839 0.607602 -0.356299
vn 0.495767 0.367817 -0.786718
vn 0.593015 0.139299 -0.79305
vn 0.575569 0.368807 -0.729864
vn 0.757834 0.522255 0.391071
vn 0.323241 0.727305 0.605428
vn 0.635415 0.362727 0.681672
vn 0.875986 0.250503 0.412186
vn 0.0928193 0.937426 -0.335584
vn 0.253866 0.956817 -0.141609
vn 0.102726 0.675094 -0.730545
vn 0.234342 0.51585 -0.824004
vn 0.023019 0.29276 0.955909
vn 0.327552 0.899937 0.287791
vn -0.2287 0.964475 -0.132229
vn -0.0533998 0.560351 -0.826532
vn -0.0840088 0.797183 0.597865
vn -0.0121377 0.910958 0.41232
vn -0.617686 0.696487 -0.365199
vn -0.405569 0.563747 -0.719516
vn -0.266208 0.480638 -0.835536
vn -0.527443 0.552296 0.64558
vn -0.450731 0.785491 0.424082
vn -0.796183 0.597191 -0.0972403
vn -0.46946 0.0935988 0.877979
vn -0.927819 0.113264 -0.35542
vn -0.997544 0.0141329 -0.068603
vn -0.668233 0.1171 -0.734678
vn -0.511494 0.262911 -0.818078
vn -0.792822 0.072812 0.605088
vn -0.810873 0.410878 0.41673
vn -0.578738 -0.0252654 -0.815122
vn -0.910467 -0.0397638 0.411666
vn -0.737033 -0.583139 -0.341659
vn -0.922049 -0.365537 -0.127313
vn -0.594446 -0.370877 -0.713502
vn -0.535665 -0.189635 -0.822862
vn -0.645657 -0.400142 0.650395
vn -0.192748 -0.337718 0.921301
vn -0.833573 -0.318715 0.451196
vn -0.580181 -0.807669 -0.105165
vn -0.312275 -0.51968 -0.795247
vn -0.498635 -0.786241 0.364951
vn -0.0828937 -0.937437 -0.338143
vn -0.254632 -0.956162 -0.144626
vn -0.142818 -0.674102 -0.7247
vn -0.272387 -0.789863 0.549473
vn 0.24438 -0.96019 -0.135326
vn -0.0923212 -0.599819 -0.794792
vn 0.147879 -0.749267 0.645547
vn 0.140456 -0.297318 0.944391
vn -0.11198 -0.920906 0.373353
vn 0.623481 -0.690771 -0.366207
vn 0.408727 -0.576491 -0.707531
vn 0.284189 -0.511535 -0.810906
vn 0.536658 -0.759231 0.368193
vn 0.77822 -0.620318 -0.0978754
vn 0.604199 -0.536665 0.589012
vn 0.374468 -0.0857752 0.923264
vn 0.937063 -0.0922814 -0.336745
vn 0.961829 -0.257107 -0.093708
vn 0.679639 -0.151296 -0.717775
vn 0.516818 -0.318718 -0.794556
vn 0.790725 -0.108435 0.602491
vn 0.805766 -0.4574 0.376201
vn 0.0115324 0.0190046 -0.999753
vn 0.0115324 0.0190046 -0.999753
vn -0.0366909 -0.00347318 -0.999321
vn -0.0614859 -0.0150456 -0.997995
vn -0.0614859 -0.0150456 -0.997995
vn 0.49673 0.596314 0.63061
vn 0.0594489 0.452511 0.889775
vn 0.280722 0.0370861 0.959072
vn 0.769655 0.173304 0.61449
vn 0.723616 0.560187 0.403201
vn 0.532729 0.803759 -0.2649
vn 0.811713 0.5012 -0.299868
vn 0.724357 0.67478 -0.141347
vn 0.231055 0.957518 -0.17255
vn 0.466102 0.480268 -0.743029
vn 0.161421 0.565811 -0.808579
vn 0.470944 0.315871 -0.823673
vn 0.166942 0.739543 -0.652079
vn 0.0412717 0.806258 0.590123
vn 0.266466 0.862045 0.431131
vn -0.283789 0.896765 -0.339524
vn -0.131622 0.981134 -0.141605
vn -0.217702 0.618875 -0.754718
vn -0.580371 0.803544 -0.132234
vn -0.226325 0.53923 -0.811177
vn -0.363058 0.669335 0.648212
vn -0.357728 0.150353 0.921642
vn -0.313785 0.849184 0.424765
vn -0.794057 0.530323 -0.297036
vn -0.583725 0.374878 -0.72023
vn -0.429713 0.345336 -0.83432
vn -0.737358 0.359339 0.571996
vn -0.717081 0.552079 0.425446
vn -0.939083 0.29061 -0.183493
vn -0.816679 -0.042329 -0.575538
vn -0.941492 -0.274213 -0.195958
vn -0.588731 0.0517971 -0.806668
vn -0.787332 -0.0726933 0.612229
vn -0.906439 0.0795127 0.414785
vn -0.782124 -0.5422 -0.307084
vn -0.494552 -0.434601 -0.752688
vn -0.545052 -0.239292 -0.803528
vn -0.58808 -0.48914 0.644131
vn -0.223399 -0.259239 0.939621
vn -0.833643 -0.346704 0.429926
vn -0.694461 -0.70005 -0.166296
vn -0.395027 -0.423058 -0.815461
vn -0.615205 -0.67068 0.414381
vn -0.367359 -0.893479 -0.258347
vn -0.171384 -0.969936 -0.172775
vn -0.255451 -0.527022 -0.810551
vn -0.183799 -0.615851 -0.766124
vn -0.112858 -0.761848 0.637848
vn 0.178619 -0.407086 0.895754
vn -0.361902 -0.817715 0.447625
vn 0.237113 -0.928443 -0.285955
vn 0.131805 -0.981105 -0.141633
vn 0.229977 -0.612999 -0.755872
vn 0.00834604 -0.58918 -0.807959
vn 0.0394939 -0.904668 0.424282
vn 0.565246 -0.807499 -0.168647
vn 0.240729 -0.516241 -0.821915
vn 0.394653 -0.700185 0.594971
vn 0.304412 -0.842596 0.444259
vn 0.633065 -0.724966 -0.271389
vn 0.395786 -0.43389 -0.809378
vn 0.617043 -0.300048 -0.727482
vn 0.688121 -0.316374 0.652991
vn 0.638582 -0.636719 0.432206
vn 0.918436 -0.34754 -0.188921
vn 0.563709 -0.205173 -0.800085
vn 0.857157 -0.311979 0.409818
vn 0.811118 0.0636995 -0.581403
vn 0.959182 0.225688 -0.170396
vn 0.590369 0.010319 -0.807068
vn 0.902829 0.0362963 0.428465
vn 0.00338589 0.021998 -0.999752
vn 0.00338589 0.021998 -0.999752
vn 0.00338589 0.021998 -0.999752
vn 8.75555e-08 7.412e-07 1
vt 0.283333 0.921667
vt 0.283333 0.970206
vt 0.221435 0.970206
vt 0.221435 0.921667
vt 0.7 0.616667
vt 0.726285 0.622755
vt 0.711364 0.68718
vt 0.702116 0.404464
vt 0.7 0.404464
vt 0.7 0.338333
vt 0.702116 0.338333
vt 0.308445 0.590368
vt 0.308394 0.590287
vt 0.308374 0.590172
vt 0.308333 0.588585
vt 0.308347 0.588469
vt 0.308394 0.588385
vt 0.308476 0.588333
vt 0.0716667 0.00666667
vt 0.0715509 0.00668316
vt 0.0445697 0.00667486
vt 0.586667 0.559167
vt 0.588254 0.559148
vt 0.58746 0.493022
vt 0.727952 0.233846
vt 0.701667 0.227758
vt 0.716588 0.163333
vt 0.752951 0.744761
vt 0.744188 0.77
vt 0.698333 0.754079
vt 0.188254 0.0785592
vt 0.186667 0.0785333
vt 0.187461 0.03
vt 0.10646 0.646725
vt 0.155 0.646667
vt 0.155 0.646784
vt 0.714469 0.481667
vt 0.699548 0.417242
vt 0.725833 0.411154
vt 0.702116 0.719464
vt 0.7 0.719464
vt 0.7 0.653333
vt 0.702116 0.653333
vt 0.706668 0.563333
vt 0.706688 0.563449
vt 0.706667 0.563542
vt 0.261667 0.628333
vt 0.261715 0.628417
vt 0.26173 0.628533
vt 0.261704 0.63012
vt 0.261686 0.630235
vt 0.715 0.351667
vt 0.715023 0.35176
vt 0.715 0.351854
vt 0.359794 0.853383
vt 0.359794 0.826667
vt 0.408333 0.826667
vt 0.408333 0.853383
vt 0.541667 0.6
vt 0.543782 0.600046
vt 0.542723 0.648574
vt 0.0966667 0.175
vt 0.0982536 0.174974
vt 0.0974595 0.126441
vt 0.820833 0.460833
vt 0.779635 0.435166
vt 0.812367 0.38263
vt 0.714922 0.546154
vt 0.7 0.610579
vt 0.726285 0.616667
vt 0.877793 0.844023
vt 0.776399 0.806667
vt 0.755 0.864748
vt 0.821667 0.51
vt 0.879748 0.531399
vt 0.842392 0.632793
vt 0.548162 0.66274
vt 0.521667 0.66617
vt 0.535541 0.773333
vt 0.310833 0.283333
vt 0.310833 0.28492
vt 0.202776 0.28492
vt 0.202776 0.283333
vt 0.124703 0.703783
vt 0.124703 0.701667
vt 0.190833 0.701667
vt 0.190833 0.703783
vt 0.485026 0.176667
vt 0.485029 0.177247
vt 0.485 0.177002
vt 0.767511 0.663232
vt 0.768019 0.661222
vt 0.767069 0.665143
vt 0.764898 0.682633
vt 0.765335 0.675847
vt 0.7657 0.672864
vt 0.765034 0.679554
vt 0.765283 0.694387
vt 0.766025 0.700222
vt 0.765584 0.697172
vt 0.766509 0.703048
vt 0.767129 0.705999
vt 0.768022 0.709809
vt 0.768612 0.712626
vt 0.769105 0.715556
vt 0.770037 0.7174
vt 0.769512 0.718454
vt 0.769893 0.722288
vt 0.770062 0.725257
vt 0.770787 0.727192
vt 0.77015 0.728176
vt 0.770109 0.731908
vt 0.769951 0.735002
vt 0.77046 0.737004
vt 0.769737 0.737713
vt 0.769372 0.740825
vt 0.768938 0.743748
vt 0.775833 0.779167
vt 0.768412 0.746594
vt 0.768007 0.748501
vt 0.767561 0.7504
vt 0.766922 0.755344
vt 0.766544 0.754166
vt 0.767074 0.752288
vt 0.767206 0.756546
vt 0.768151 0.758974
vt 0.767516 0.759528
vt 0.767395 0.757766
vt 0.76739 0.761467
vt 0.766908 0.763889
vt 0.767196 0.762686
vt 0.766527 0.765065
vt 0.765499 0.767309
vt 0.766057 0.766207
vt 0.764856 0.768365
vt 0.764855 0.542949
vt 0.766527 0.556785
vt 0.766056 0.555643
vt 0.765498 0.554542
vt 0.775833 0.542948
vt 0.766908 0.557962
vt 0.767196 0.559164
vt 0.767389 0.560384
vt 0.767487 0.561615
vt 0.768052 0.564161
vt 0.767489 0.562852
vt 0.767395 0.564085
vt 0.767855 0.565432
vt 0.767205 0.565305
vt 0.767289 0.57035
vt 0.766544 0.567685
vt 0.766921 0.566507
vt 0.095 0.10836
vt 0.0956608 0.108333
vt 0.0958295 0.111384
vt 0.769511 0.582032
vt 0.769094 0.579096
vt 0.065866 0.0123267
vt 0.0659072 0.0116667
vt 0.0808333 0.0119981
vt 0.770265 0.58289
vt 0.769873 0.585669
vt 0.770059 0.588796
vt 0.77015 0.593672
vt 0.770124 0.590744
vt 0.770786 0.594658
vt 0.770029 0.597429
vt 0.769807 0.600487
vt 0.769423 0.608368
vt 0.769527 0.603259
vt 0.769105 0.606294
vt 0.768643 0.609044
vt 0.768017 0.612065
vt 0.766558 0.618559
vt 0.767129 0.615852
vt 0.766025 0.621629
vt 0.765627 0.624334
vt 0.764907 0.633336
vt 0.765052 0.630256
vt 0.765283 0.627464
vt 0.764898 0.639217
vt 0.764847 0.63623
vt 0.765017 0.642016
vt 0.765257 0.645089
vt 0.765575 0.648051
vt 0.766124 0.651882
vt 0.766828 0.655615
vt 0.767511 0.658618
vt 0.378084 0.810619
vt 0.377925 0.809052
vt 0.378256 0.809053
vt 0.378498 0.809053
vt 0.378522 0.810619
vt 0.380544 0.809056
vt 0.381872 0.810615
vt 0.38248 0.809058
vt 0.386024 0.809061
vt 0.385091 0.810625
vt 0.389283 0.810641
vt 0.390222 0.809066
vt 0.393189 0.809069
vt 0.39333 0.810636
vt 0.396861 0.809072
vt 0.397055 0.810631
vt 0.399903 0.809074
vt 0.399903 0.810641
vt 0.402669 0.809075
vt 0.402869 0.810637
vt 0.405712 0.809075
vt 0.405712 0.810642
vt 0.40848 0.809074
vt 0.408679 0.810638
vt 0.411524 0.809073
vt 0.411525 0.81064
vt 0.414292 0.80907
vt 0.414478 0.810638
vt 0.417335 0.809067
vt 0.417337 0.810636
vt 0.420168 0.809063
vt 0.42015 0.810641
vt 0.423148 0.809059
vt 0.42315 0.810628
vt 0.427015 0.809053
vt 0.426993 0.810621
vt 0.429859 0.809047
vt 0.430052 0.810618
vt 0.432795 0.809041
vt 0.433558 0.810608
vt 0.435687 0.809034
vt 0.436655 0.8106
vt 0.439497 0.809024
vt 0.439684 0.810592
vt 0.442436 0.809016
vt 0.44352 0.810584
vt 0.445323 0.809007
vt 0.447539 0.810573
vt 0.449013 0.808995
vt 0.451255 0.810557
vt 0.452076 0.808985
vt 0.454765 0.808975
vt 0.454011 0.810547
vt 0.455941 0.81054
vt 0.457864 0.808962
vt 0.459002 0.810532
vt 0.460787 0.808949
vt 0.461729 0.810514
vt 0.46365 0.808934
vt 0.464761 0.810498
vt 0.465578 0.808923
vt 0.467508 0.808911
vt 0.468478 0.810477
vt 0.469437 0.808899
vt 0.471368 0.808886
vt 0.471378 0.810457
vt 0.472591 0.808877
vt 0.472603 0.810448
vt 0.473812 0.808867
vt 0.473826 0.810438
vt 0.475034 0.808856
vt 0.47505 0.810427
vt 0.476783 0.808838
vt 0.476275 0.810415
vt 0.478209 0.810397
vt 0.478707 0.808818
vt 0.47993 0.808804
vt 0.479948 0.810377
vt 0.481154 0.808789
vt 0.481174 0.810362
vt 0.482379 0.808773
vt 0.482381 0.810328
vt 0.483602 0.808755
vt 0.483626 0.810329
vt 0.484826 0.808736
vt 0.484837 0.810289
vt 0.486051 0.808716
vt 0.486078 0.81029
vt 0.272061 0.808313
vt 0.272048 0.809866
vt 0.270839 0.809856
vt 0.270851 0.808304
vt 0.273269 0.808323
vt 0.273257 0.809876
vt 0.274478 0.808332
vt 0.274466 0.809886
vt 0.275689 0.808342
vt 0.275677 0.809896
vt 0.276901 0.808351
vt 0.276888 0.809906
vt 0.278111 0.80836
vt 0.278099 0.809916
vt 0.279322 0.80837
vt 0.27931 0.809926
vt 0.280535 0.808379
vt 0.280523 0.809936
vt 0.281749 0.808388
vt 0.281736 0.809946
vt 0.282961 0.808397
vt 0.282941 0.809934
vt 0.284174 0.808407
vt 0.284161 0.809966
vt 0.285389 0.808416
vt 0.285377 0.809975
vt 0.288109 0.808436
vt 0.288426 0.81
vt 0.291139 0.808461
vt 0.29226 0.810033
vt 0.293886 0.80848
vt 0.296294 0.81006
vt 0.29689 0.808503
vt 0.299806 0.808525
vt 0.299892 0.810086
vt 0.3034 0.808553
vt 0.302633 0.810107
vt 0.305685 0.810134
vt 0.30648 0.808576
vt 0.308398 0.80859
vt 0.308386 0.810152
vt 0.311278 0.808612
vt 0.311263 0.810173
vt 0.314976 0.80864
vt 0.314141 0.810196
vt 0.317303 0.810222
vt 0.317993 0.808664
vt 0.320734 0.808684
vt 0.32091 0.810246
vt 0.323749 0.808706
vt 0.323738 0.810269
vt 0.326494 0.808727
vt 0.325657 0.810283
vt 0.328793 0.810305
vt 0.329531 0.808748
vt 0.33336 0.808776
vt 0.334687 0.810356
vt 0.336084 0.808795
vt 0.338314 0.810374
vt 0.339152 0.808816
vt 0.341844 0.808835
vt 0.341072 0.810392
vt 0.344157 0.810419
vt 0.344945 0.808856
vt 0.347705 0.808874
vt 0.346867 0.810405
vt 0.34995 0.810461
vt 0.350742 0.808894
vt 0.353594 0.808913
vt 0.353767 0.810477
vt 0.356537 0.808931
vt 0.356527 0.810495
vt 0.359297 0.808948
vt 0.358923 0.8105
vt 0.362335 0.808966
vt 0.363431 0.810536
vt 0.36527 0.808983
vt 0.366193 0.810552
vt 0.369085 0.809005
vt 0.369296 0.810534
vt 0.37283 0.809025
vt 0.372751 0.810588
vt 0.375866 0.809042
vt 0.375858 0.810606
vt 0.705986 0.710195
vt 0.705885 0.713959
vt 0.706261 0.706113
vt 0.485 0.169073
vt 0.485098 0.163333
vt 0.485097 0.17206
vt 0.485014 0.166179
vt 0.255197 0.648254
vt 0.258246 0.648272
vt 0.258232 0.648659
vt 0.251337 0.647895
vt 0.226204 0.648635
vt 0.223329 0.649118
vt 0.223352 0.64881
vt 0.222173 0.648818
vt 0.222203 0.648677
vt 0.22099 0.648626
vt 0.219795 0.648522
vt 0.219803 0.648373
vt 0.218579 0.648498
vt 0.216667 0.648632
vt 0.518381 0.405786
vt 0.518333 0.40455
vt 0.518381 0.403333
vt 0.569064 0.575
vt 0.569619 0.575221
vt 0.567836 0.575215
vt 0.281844 0.582027
vt 0.281995 0.582043
vt 0.281782 0.583517
vt 0.281667 0.583249
vt 0.28193 0.580797
vt 0.282082 0.580802
vt 0.28192 0.579564
vt 0.282073 0.579557
vt 0.281816 0.578333
vt 0.0320976 0.290048
vt 0.0308637 0.29
vt 0.0333333 0.29
vt 0.503333 0.0412358
vt 0.503381 0.04
vt 0.503381 0.0424697
vt 0.52626 0.262401
vt 0.525121 0.262714
vt 0.525093 0.262407
vt 0.527464 0.262188
vt 0.522081 0.26218
vt 0.158047 0.283333
vt 0.160833 0.283397
vt 0.154388 0.283391
vt 0.504656 0.261009
vt 0.500936 0.260814
vt 0.507743 0.261026
vt 0.501923 0.261099
vt 0.31 0.303616
vt 0.310029 0.301667
vt 0.310026 0.30649
vt 0.15132 0.0050275
vt 0.157253 0.0050532
vt 0.147641 0.00519635
vt 0.154121 0.005
vt 0.172026 0.006857
vt 0.172313 0.00407606
vt 0.171772 0.0107163
vt 0.0887607 0.283485
vt 0.085959 0.283458
vt 0.0933333 0.283348
vt 0.707161 0.698676
vt 0.708311 0.69546
vt 0.707753 0.69534
vt 0.706706 0.701898
vt 0.707954 0.697447
vt 0.70654 0.710988
vt 0.705909 0.716838
vt 0.706481 0.716827
vt 0.706397 0.718778
vt 0.705993 0.719834
vt 0.706177 0.722701
vt 0.706438 0.725687
vt 0.706487 0.720724
vt 0.706793 0.728541
vt 0.707636 0.730392
vt 0.182509 0.0862359
vt 0.183599 0.0915343
vt 0.183289 0.0883349
vt 0.183496 0.0957755
vt 0.183988 0.0947258
vt 0.184022 0.0990691
vt 0.184794 0.103275
vt 0.185417 0.103191
vt 0.185373 0.106629
vt 0.185898 0.11049
vt 0.186652 0.113929
vt 0.261324 0.649167
vt 0.249769 0.64722
vt 0.247282 0.647675
vt 0.511667 0.505284
vt 0.511696 0.503333
vt 0.511692 0.508071
vt 0.235709 0.647706
vt 0.234871 0.647189
vt 0.238797 0.647602
vt 0.232964 0.64789
vt 0.229921 0.648166
vt 0.222284 0.648264
vt 0.221026 0.648338
vt 0.222284 0.648265
vt 0.219813 0.648158
vt 0.478166 0.810628
vt 0.476923 0.811086
vt 0.474929 0.810489
vt 0.565372 0.575371
vt 0.565392 0.575723
vt 0.562933 0.575166
vt 0.566623 0.575342
vt 0.566642 0.575639
vt 0.5679 0.575582
vt 0.282213 0.582079
vt 0.281951 0.583874
vt 0.273133 0.810011
vt 0.273109 0.810423
vt 0.271901 0.810114
vt 0.274323 0.81005
vt 0.274321 0.81046
vt 0.275501 0.809897
vt 0.275524 0.810435
vt 0.535 0.262046
vt 0.53485 0.262603
vt 0.532407 0.262125
vt 0.529923 0.261997
vt 0.531197 0.261441
vt 0.528681 0.262046
vt 0.528638 0.261474
vt 0.5274 0.261822
vt 0.526197 0.262119
vt 0.523305 0.261804
vt 0.515551 0.260844
vt 0.518228 0.261672
vt 0.514156 0.2613
vt 0.512753 0.260634
vt 0.508964 0.260474
vt 0.505803 0.260439
vt 0.499011 0.261233
vt 0.496106 0.261431
vt 0.490977 0.261639
vt 0.492924 0.261753
vt 0.489312 0.262266
vt 0.484598 0.263174
vt 0.503843 0.0203367
vt 0.503339 0.020259
vt 0.503841 0.0175117
vt 0.504021 0.0256439
vt 0.16 0.00520552
vt 0.172381 0.00800511
vt 0.172345 0.0106712
vt 0.172546 0.00606363
vt 0.172601 0.00166667
vt 0.0828129 0.283333
vt 0.181796 0.0441941
vt 0.182178 0.0399672
vt 0.181667 0.0410422
vt 0.0320795 0.271667
vt 0.0325 0.271805
vt 0.0298232 0.271753
vt 0.708333 0.694777
vt 0.706927 0.705162
vt 0.315 0.311422
vt 0.315 0.301667
vt 0.315081 0.308373
vt 0.115 0.280577
vt 0.115627 0.276667
vt 0.115628 0.28448
vt 0.253499 0.647504
vt 0.246609 0.647084
vt 0.243527 0.647583
vt 0.240741 0.646999
vt 0.237742 0.647043
vt 0.51 0.160481
vt 0.510573 0.158761
vt 0.510388 0.165374
vt 0.197823 0.24695
vt 0.197873 0.246667
vt 0.199115 0.246925
vt 0.221062 0.648061
vt 0.479223 0.811244
vt 0.479927 0.810659
vt 0.483705 0.810631
vt 0.483737 0.810919
vt 0.48245 0.810815
vt 0.484973 0.810557
vt 0.529916 0.261423
vt 0.526138 0.261846
vt 0.49373 0.261062
vt 0.498721 0.260656
vt 0.488975 0.261681
vt 0.503333 0.0167254
vt 0.503479 0.0134235
vt 0.50379 0.0116667
vt 0.503519 0.0257433
vt 0.503531 0.0365935
vt 0.172242 0.0138494
vt 0.171667 0.0138385
vt 0.18191 0.0315737
vt 0.182543 0.0303179
vt 0.182666 0.0276856
vt 0.182305 0.0338228
vt 0.18219 0.0373336
vt 0.70597 0.685
vt 0.706381 0.689689
vt 0.70717 0.692732
vt 0.570097 0.309131
vt 0.57 0.312798
vt 0.570004 0.305
vt 0.580833 0.281667
vt 0.577863 0.281722
vt 0.574982 0.281667
vt 0.577776 0.575054
vt 0.574982 0.575
vt 0.580833 0.575002
vt 0.182244 0.075516
vt 0.182403 0.0755088
vt 0.182317 0.0733721
vt 0.182353 0.0776572
vt 0.182512 0.0776489
vt 0.182698 0.0809895
vt 0.315098 0.304766
vt 0.541184 0.538333
vt 0.544167 0.538407
vt 0.536354 0.538396
vt 0.18655 0.110766
vt 0.185937 0.106445
vt 0.18852 0.160177
vt 0.188333 0.163173
vt 0.188376 0.153333
vt 0.187011 0.114947
vt 0.187369 0.119167
vt 0.243793 0.647016
vt 0.231925 0.647396
vt 0.510075 0.156667
vt 0.510092 0.165309
vt 0.22336 0.648491
vt 0.219827 0.647947
vt 0.474882 0.810703
vt 0.481205 0.81118
vt 0.48247 0.811057
vt 0.581676 0.311667
vt 0.58189 0.311698
vt 0.581667 0.31295
vt 0.57 0.575437
vt 0.567931 0.575796
vt 0.282432 0.582093
vt 0.597475 0.506667
vt 0.5975 0.506884
vt 0.596205 0.506779
vt 0.53319 0.261641
vt 0.527371 0.261608
vt 0.527366 0.261612
vt 0.525078 0.262102
vt 0.519961 0.261299
vt 0.502874 0.260479
vt 0.184782 0.0129212
vt 0.185294 0.00994392
vt 0.183204 0.0207049
vt 0.172255 0.0182918
vt 0.172418 0.022654
vt 0.182853 0.0259436
vt 0.182982 0.0259584
vt 0.183275 0.0235837
vt 0.182795 0.0276993
vt 0.575 0.395849
vt 0.575 0.39
vt 0.57505 0.392922
vt 0.707722 0.692583
vt 0.707231 0.690699
vt 0.18287 0.0497213
vt 0.182395 0.0490831
vt 0.182388 0.0498194
vt 0.182305 0.052029
vt 0.182706 0.0543595
vt 0.182183 0.0560368
vt 0.182611 0.0596472
vt 0.182127 0.0605547
vt 0.182116 0.0637064
vt 0.184464 0.0946584
vt 0.184495 0.0979669
vt 0.185008 0.0980632
vt 0.186029 0.103909
vt 0.186562 0.107375
vt 0.187016 0.110587
vt 0.187495 0.114908
vt 0.231802 0.646969
vt 0.22814 0.647828
vt 0.228 0.647404
vt 0.225081 0.6478
vt 0.223379 0.64805
vt 0.222326 0.648054
vt 0.22109 0.64785
vt 0.199167 0.246711
vt 0.474836 0.810919
vt 0.473565 0.810633
vt 0.483761 0.811141
vt 0.484998 0.810772
vt 0.485018 0.810989
vt 0.581887 0.312995
vt 0.487068 0.810519
vt 0.487216 0.810642
vt 0.484996 0.810772
vt 0.273096 0.810629
vt 0.271872 0.810536
vt 0.271891 0.810326
vt 0.27432 0.810668
vt 0.528629 0.261035
vt 0.58377 0.337968
vt 0.583333 0.337947
vt 0.583336 0.336671
vt 0.526092 0.261625
vt 0.525055 0.261663
vt 0.288773 0.590969
vt 0.288333 0.59101
vt 0.2884 0.589239
vt 0.288539 0.581463
vt 0.288977 0.581464
vt 0.288951 0.584393
vt 0.288486 0.585886
vt 0.28853 0.578652
vt 0.288974 0.579505
vt 0.49602 0.260433
vt 0.489109 0.261211
vt 0.485298 0.262189
vt 0.186293 0.00449696
vt 0.186861 0.00355976
vt 0.186911 0.000994949
vt 0.186552 0.00528788
vt 0.185728 0.00972176
vt 0.184975 0.014174
vt 0.184184 0.0167941
vt 0.182866 0.031222
vt 0.18257 0.0382157
vt 0.182205 0.0425993
vt 0.182583 0.0419294
vt 0.182256 0.0452303
vt 0.182651 0.0452201
vt 0.18231 0.0469982
vt 0.182709 0.0469833
vt 0.182793 0.0489463
vt 0.182598 0.063905
vt 0.182151 0.0669604
vt 0.182647 0.068073
vt 0.182208 0.0700218
vt 0.182762 0.0724409
vt 0.182883 0.0754871
vt 0.183136 0.0801722
vt 0.182998 0.0849404
vt 0.183412 0.0840269
vt 0.183711 0.0876765
vt 0.184069 0.0914528
vt 0.253344 0.647045
vt 0.257376 0.647399
vt 0.250546 0.646833
vt 0.247364 0.646669
vt 0.244662 0.646595
vt 0.241462 0.646555
vt 0.237742 0.647037
vt 0.238776 0.646592
vt 0.236808 0.646652
vt 0.234844 0.646751
vt 0.476059 0.81138
vt 0.477356 0.811559
vt 0.478642 0.811651
vt 0.479943 0.811667
vt 0.481235 0.811616
vt 0.485048 0.811211
vt 0.487314 0.810779
vt 0.275548 0.810849
vt 0.277247 0.81029
vt 0.276762 0.810756
vt 0.27798 0.81058
vt 0.279079 0.809933
vt 0.279175 0.810335
vt 0.52991 0.260984
vt 0.531208 0.261
vt 0.288838 0.589252
vt 0.288895 0.587313
vt 0.288943 0.576528
vt 0.288468 0.574846
vt 0.288875 0.573615
vt 0.504869 0.26
vt 0.507766 0.260041
vt 0.288374 0.571667
vt 0.501885 0.260071
vt 0.49993 0.260157
vt 0.497971 0.260273
vt 0.492922 0.260727
vt 0.485333 0.261752
vt 0.187303 0.000970179
vt 0.184494 0.0173374
vt 0.18362 0.0207445
vt 0.183995 0.0208684
vt 0.183259 0.0235812
vt 0.580472 0.298106
vt 0.58 0.300024
vt 0.580069 0.295
vt 0.183445 0.0253446
vt 0.183096 0.02861
vt 0.182651 0.0347629
vt 0.182828 0.0491985
vt 0.18286 0.0494161
vt 0.222362 0.647838
vt 0.473513 0.810858
vt 0.472212 0.810553
vt 0.47479 0.811141
vt 0.482514 0.811492
vt 0.483787 0.811359
vt 0.48735 0.810929
vt 0.27185 0.810753
vt 0.269589 0.810493
vt 0.273086 0.81085
vt 0.27432 0.810882
vt 0.583773 0.336667
vt 0.52605 0.261422
vt 0.527291 0.261189
vt 0.282126 0.584172
vt 0.269866 0.81009
vt 0.271893 0.810326
vt 0.269651 0.810275
vt 0.181853 0.00434576
vt 0.181667 0.00330154
vt 0.182264 0.00166667
vt 0.182027 0.00562018
vt 0.182131 0.00691781
vt 0.0825 0.00666667
vt 0.0812246 0.00669071
vt 0.0759716 0.00667478
vt 0.038128 0.624962
vt 0.0446416 0.624523
vt 0.0465442 0.625014
vt 0.0368397 0.62496
vt 0.0494173 0.625667
vt 0.052308 0.626236
vt 0.0923448 0.624337
vt 0.0973006 0.623419
vt 0.100842 0.622958
vt 0.0874371 0.625479
vt 0.0855146 0.625885
vt 0.104799 0.622564
vt 0.109819 0.62234
vt 0.113477 0.622342
vt 0.116395 0.622449
vt 0.120333 0.622717
vt 0.12415 0.623166
vt 0.128235 0.62379
vt 0.131817 0.624526
vt 0.0826192 0.626419
vt 0.0788292 0.626973
vt 0.0749874 0.627351
vt 0.0718737 0.627534
vt 0.133714 0.624965
vt 0.135799 0.625494
vt 0.0699098 0.627598
vt 0.13608 0.625517
vt 0.136576 0.625485
vt 0.140699 0.624469
vt 0.145452 0.623568
vt 0.149306 0.623018
vt 0.153092 0.622631
vt 0.157071 0.622392
vt 0.159851 0.622333
vt 0.164123 0.622376
vt 0.167634 0.622588
vt 0.170955 0.622886
vt 0.174381 0.623328
vt 0.177289 0.623815
vt 0.180373 0.624417
vt 0.185636 0.625643
vt 0.18877 0.626249
vt 0.136293 0.625518
vt 0.191679 0.626723
vt 0.195604 0.627202
vt 0.199638 0.6275
vt 0.202444 0.627598
vt 0.227712 0.624523
vt 0.229388 0.624083
vt 0.230418 0.62437
vt 0.224858 0.625249
vt 0.221115 0.626052
vt 0.23167 0.624666
vt 0.218108 0.626559
vt 0.244889 0.621667
vt 0.256667 0.621667
vt 0.256667 0.632644
vt 0.242882 0.622888
vt 0.241735 0.623469
vt 0.240545 0.623959
vt 0.23932 0.624356
vt 0.238067 0.624656
vt 0.236796 0.624858
vt 0.235514 0.62496
vt 0.234226 0.624962
vt 0.232941 0.624864
vt 0.211534 0.62734
vt 0.214212 0.627076
vt 0.208335 0.627531
vt 0.20563 0.627617
vt 0.0679455 0.627618
vt 0.0659814 0.627596
vt 0.0159516 0.632644
vt 0.0629926 0.627483
vt 0.0600978 0.627271
vt 0.057199 0.626971
vt 0.0542458 0.626559
vt 0.0355575 0.624858
vt 0.034287 0.624656
vt 0.0330342 0.624356
vt 0.0318085 0.623959
vt 0.0306193 0.623469
vt 0.0294717 0.622888
vt 0.027465 0.621667
vt 0.0159516 0.621667
vt 0.765034 0.691315
vt 0.764907 0.688515
vt 0.76485 0.685434
vt 0.766343 0.66866
vt 0.768024 0.660642
vt 0.768008 0.573348
vt 0.76858 0.576083
vt 0.0953428 0.122049
vt 0.764855 0.553485
vt 0.764856 0.779167
vt 0.251532 0.730588
vt 0.249284 0.728339
vt 0.489998 0.728333
vt 0.48775 0.730582
vt 0.0746675 0.281024
vt 0.0741826 0.284167
vt 0.0633333 0.282492
vt 0.496777 0.808549
vt 0.499044 0.810746
vt 0.48667 0.810341
vt 0.258333 0.810403
vt 0.270176 0.809955
vt 0.270554 0.809871
vt 0.260549 0.808222
vt 0.706667 0.233529
vt 0.706761 0.233333
vt 0.706834 0.233547
vt 0.481216 0.272901
vt 0.481495 0.272957
vt 0.481299 0.273051
vt 0.606927 0.546575
vt 0.606669 0.546373
vt 0.606765 0.54637
vt 0.606667 0.546453
vt 0.606677 0.281839
vt 0.606773 0.281842
vt 0.606917 0.281674
vt 0.606698 0.281667
vt 0.703355 0.483566
vt 0.703333 0.483333
vt 0.703528 0.483429
vt 0.0825 0.00167194
vt 0.0823253 0.00191486
vt 0.0823228 0.00181871
vt 0.0824603 0.00190319
vt 0.0230517 0.00192001
vt 0.023054 0.00182389
vt 0.0229158 0.00166667
vt 0.0229174 0.00191071
vt 0.541435 0.00809146
vt 0.541192 0.00817357
vt 0.541268 0.00794274
vt 0.611667 0.281667
vt 0.611941 0.281849
vt 0.611844 0.281852
vt 0.611925 0.281676
vt 0.611918 0.546394
vt 0.611821 0.546392
vt 0.61169 0.546574
vt 0.611911 0.546512
vt 0.705 0.461797
vt 0.705145 0.461667
vt 0.70516 0.461893
vt 0.706773 0.178333
vt 0.706735 0.178555
vt 0.706667 0.178373
vt 0.176893 0.061002
vt 0.176668 0.0608268
vt 0.176764 0.0608243
vt 0.176675 0.0609439
vt 0.176667 0.00180216
vt 0.176762 0.00180462
vt 0.176894 0.00166667
vt 0.176669 0.00168496
vt 0.0217606 0.203925
vt 0.0216667 0.145105
vt 0.0217606 0.145062
vt 0.0216667 0.203882
vt 0.533272 0.660093
vt 0.269447 0.660189
vt 0.269404 0.660093
vt 0.533229 0.660189
vt 0.481075 0.590094
vt 0.539895 0.59
vt 0.539938 0.590094
vt 0.481118 0.59
vt 0.616762 0.281729
vt 0.616856 0.545553
vt 0.616762 0.545596
vt 0.616856 0.281772
vt 0.606861 0.546367
vt 0.606869 0.281845
vt 0.0823193 0.00172361
vt 0.0230577 0.00172894
vt 0.611749 0.281855
vt 0.611726 0.546389
vt 0.176859 0.0608208
vt 0.176857 0.00180813
vt 0.0218561 0.203986
vt 0.0218561 0.145
vt 0.533333 0.66
vt 0.269342 0.66
vt 0.481014 0.590189
vt 0.54 0.590189
vt 0.616667 0.281667
vt 0.616667 0.545658
vt 0.265754 0.676191
vt 0.265565 0.676309
vt 0.26556 0.676214
vt 0.00134918 0.676354
vt 0.00135256 0.676258
vt 0.00118746 0.676266
vt 0.00116598 0.676249
vt 0.00108075 0.676084
vt 0.00117551 0.676079
vt 0.000877228 0.616984
vt 0.000972188 0.616988
vt 0.000975622 0.616849
vt 0.00114619 0.616713
vt 0.00115021 0.616808
vt 0.265362 0.616667
vt 0.265359 0.616762
vt 0.26555 0.616755
vt 0.26563 0.616937
vt 0.265535 0.616942
vt 0.265833 0.676037
vt 0.265739 0.676033
vt 0.265772 0.676168
vt 0.265356 0.675823
vt 0.265075 0.617248
vt 0.265153 0.617153
vt 0.265278 0.675728
vt 0.00143323 0.617293
vt 0.00135523 0.617198
vt 0.00163569 0.675773
vt 0.00155769 0.675868
vt 0.265555 0.676117
vt 0.00136019 0.676162
vt 0.00128006 0.676119
vt 0.00106852 0.616974
vt 0.00110957 0.616913
vt 0.265351 0.616859
vt 0.265435 0.616915
vt 0.265639 0.67606
vt 0.265446 0.675919
vt 0.265243 0.617057
vt 0.00126511 0.617102
vt 0.00146769 0.675964
vt 0.205 0.701833
vt 0.205032 0.701667
vt 0.205038 0.701931
vt 0.265544 0.676018
vt 0.00136953 0.676063
vt 0.700034 0.648599
vt 0.7 0.648432
vt 0.700041 0.648333
vt 0.00116681 0.617003
vt 0.265341 0.616958
vt 0.700039 0.210283
vt 0.7 0.210092
vt 0.700049 0.21
vt 0.685443 0.265448
vt 0.626667 0.00166667
vt 0.685443 0.00166669
vt 0.626667 0.265448
vt 0.448333 0.279415
vt 0.449259 0.00166668
vt 0.449259 0.279415
vt 0.448333 0.00166667
vt 0.0882387 0.661914
vt 0.160833 0.661798
vt 0.0883544 0.661931
vt 0.0880894 0.661667
vt 0.0881362 0.661835
vt 0.0380855 0.288498
vt 0.315833 0.290304
vt 0.0380849 0.290217
vt 0.406667 0.561082
vt 0.478484 0.283333
vt 0.478484 0.561081
vt 0.406667 0.283333
vt 0.47513 0.00166667
vt 0.475229 0.279408
vt 0.475112 0.279408
vt 0.475247 0.00166667
vt 0.315833 0.288467
vt 0.0380855 0.288381
vt 0.315833 0.288584
vt 0.475 0.00166667
vt 0.475016 0.279408
vt 0.315833 0.290478
vt 0.0380849 0.290431
vt 0.0380849 0.290334
vt 0.315833 0.288333
vt 0.458422 0.279415
vt 0.458333 0.00166667
vt 0.458511 0.00166669
vt 0.0217602 0.651667
vt 0.0216667 0.651854
vt 0.02169 0.65176
vt 0.0217602 0.652041
vt 0.02169 0.651947
vt 0.2875 0.295
vt 0.00975187 0.295661
vt 0.00975177 0.295
vt 0.2875 0.295661
vt 0.518333 0.675374
vt 0.518427 0.675187
vt 0.518403 0.675281
vt 0.518333 0.675
vt 0.518403 0.675094
vt 0.263436 0.688556
vt 0.263333 0.688333
vt 0.263406 0.688425
vt 0.263343 0.688707
vt 0.547706 0.279412
vt 0.541442 0.272941
vt 0.541464 0.272826
vt 0.541335 0.273094
vt 0.541235 0.273147
vt 0.54112 0.273169
vt 0.541481 0.00825741
vt 0.547724 0.00167141
vt 0.541137 0.00791354
vt 0.481568 0.00790967
vt 0.481437 0.00794177
vt 0.481273 0.00808853
vt 0.481224 0.00825351
vt 0.481207 0.272822
vt 0.481435 0.273149
vt 0.481551 0.273166
vt 0.831744 0.47692
vt 0.831667 0.243357
vt 0.903217 0.243333
vt 0.903295 0.476897
vt 0.904887 0.23524
vt 0.833333 0.23524
vt 0.833333 0.00166667
vt 0.904887 0.00166667
vt 0.0651624 0.0300011
vt 0.0668817 0.0300001
vt 0.0670139 0.263573
vt 0.0652945 0.263574
vt 0.708354 0.171876
vt 0.708333 0.171761
vt 0.708355 0.171667
vt 0.715023 0.346854
vt 0.715 0.34676
vt 0.715023 0.346667
vt 0.903334 0.243333
vt 0.903412 0.476897
vt 0.905003 0.00166667
vt 0.905003 0.23524
vt 0.903475 0.243333
vt 0.903508 0.476897
vt 0.065 0.0300012
vt 0.0651776 0.263574
vt 0.0650812 0.263574
vt 0.9051 0.00166667
vt 0.9051 0.23524
vt 0.0671308 0.263573
vt 0.0669987 0.0300001
vt 0.0670951 0.03
vt 0.0672272 0.263573
vt 0.750541 0.798832
vt 0.750414 0.798705
vt 0.927382 0.798613
vt 0.927256 0.798741
vt 0.544288 0.53319
vt 0.544116 0.533327
vt 0.54411 0.293528
vt 0.544283 0.293665
vt 0.543943 0.533432
vt 0.543937 0.293423
vt 0.543765 0.293357
vt 0.54377 0.533498
vt 0.543598 0.533521
vt 0.543592 0.293335
vt 0.543333 0.533521
vt 0.543339 0.293333
vt 0.0171386 0.263345
vt 0.0170005 0.263482
vt 0.0171398 0.0231575
vt 0.0168624 0.263609
vt 0.0168643 0.0228943
vt 0.0167243 0.263719
vt 0.0167262 0.0227848
vt 0.0165862 0.263803
vt 0.0165881 0.0227007
vt 0.0164481 0.263856
vt 0.01645 0.0226478
vt 0.01631 0.263874
vt 0.0163119 0.0226297
vt 0.0157466 0.0225908
vt 0.0159794 0.263885
vt 0.0156291 0.263932
vt 0.0148445 0.0223634
vt 0.0149498 0.264105
vt 0.0146128 0.264232
vt 0.0144973 0.0222214
vt 0.0141602 0.264442
vt 0.0141566 0.0220614
vt 0.0136858 0.264709
vt 0.0138164 0.0218698
vt 0.0134603 0.0216522
vt 0.0133617 0.26492
vt 0.0131351 0.265078
vt 0.013137 0.0214251
vt 0.0128032 0.265324
vt 0.012811 0.0211831
vt 0.0121056 0.265905
vt 0.0116444 0.266321
vt 0.0116707 0.0202117
vt 0.012246 0.0207222
vt 0.0113207 0.266619
vt 0.0110058 0.26692
vt 0.0111626 0.0197323
vt 0.00966834 0.268233
vt 0.00967007 0.0182702
vt 0.00925131 0.268629
vt 0.0094282 0.0180397
vt 0.00908311 0.0177215
vt 0.00791993 0.0169084
vt 0.00800276 0.269554
vt 0.00783608 0.269633
vt 0.00725348 0.269815
vt 0.00691193 0.269841
vt 0.00693528 0.0166667
vt 0.0072498 0.0166901
vt 0.00666754 0.269826
vt 0.00666667 0.0166779
vt 0.828332 0.482271
vt 0.827012 0.480954
vt 0.827009 0.246502
vt 0.828329 0.245185
vt 0.201079 0.697305
vt 0.200879 0.696983
vt 0.203025 0.695457
vt 0.211347 0.696423
vt 0.213577 0.695
vt 0.215 0.69723
vt 0.211601 0.69682
vt 0.211097 0.69972
vt 0.211527 0.696808
vt 0.210456 0.697585
vt 0.210941 0.699793
vt 0.210771 0.699823
vt 0.210599 0.699808
vt 0.210437 0.699749
vt 0.210247 0.699608
vt 0.210042 0.699295
vt 0.20984 0.699377
vt 0.209643 0.699365
vt 0.209443 0.699281
vt 0.209311 0.699134
vt 0.209097 0.698827
vt 0.208694 0.698393
vt 0.208297 0.698054
vt 0.209679 0.696515
vt 0.208025 0.697876
vt 0.20758 0.697637
vt 0.207076 0.697458
vt 0.206765 0.697381
vt 0.20617 0.697296
vt 0.205495 0.697325
vt 0.204852 0.697448
vt 0.20332 0.698037
vt 0.203003 0.69811
vt 0.202595 0.698133
vt 0.202268 0.698084
vt 0.201939 0.697969
vt 0.201572 0.697789
vt 0.201309 0.697577
vt 0.923833 0.802168
vt 0.927284 0.854809
vt 0.92386 0.85481
vt 0.591667 0.464782
vt 0.591672 0.388996
vt 0.591845 0.388825
vt 0.591839 0.464782
vt 0.592017 0.388666
vt 0.592012 0.464782
vt 0.59219 0.388529
vt 0.592185 0.464782
vt 0.592363 0.388424
vt 0.592357 0.464782
vt 0.592535 0.388357
vt 0.592594 0.464782
vt 0.592708 0.388335
vt 0.592961 0.388333
vt 0.592968 0.464782
vt 0.571667 0.613221
vt 0.572378 0.689563
vt 0.572161 0.689565
vt 0.57194 0.612956
vt 0.572078 0.612846
vt 0.572575 0.689562
vt 0.572215 0.612761
vt 0.572793 0.689561
vt 0.572353 0.612707
vt 0.57249 0.612688
vt 0.57299 0.689559
vt 0.572717 0.61268
vt 0.573363 0.689557
vt 0.573055 0.612646
vt 0.573955 0.689553
vt 0.573509 0.612555
vt 0.573953 0.61241
vt 0.574476 0.68955
vt 0.574299 0.612269
vt 0.574801 0.689548
vt 0.574638 0.612106
vt 0.575305 0.689544
vt 0.574977 0.611913
vt 0.57533 0.611691
vt 0.575839 0.689542
vt 0.575653 0.611465
vt 0.576159 0.689539
vt 0.575977 0.611221
vt 0.576759 0.689535
vt 0.57654 0.610759
vt 0.577434 0.689531
vt 0.577109 0.610243
vt 0.578088 0.689526
vt 0.577613 0.609761
vt 0.579095 0.608292
vt 0.579727 0.689516
vt 0.579331 0.608057
vt 0.580052 0.689513
vt 0.579675 0.607738
vt 0.58046 0.689511
vt 0.580018 0.607453
vt 0.580255 0.607272
vt 0.58079 0.689509
vt 0.580513 0.607095
vt 0.581138 0.689507
vt 0.580833 0.606921
vt 0.581547 0.689504
vt 0.581167 0.60678
vt 0.581883 0.689502
vt 0.581501 0.606698
vt 0.58224 0.689499
vt 0.581814 0.606667
vt 0.582082 0.606682
vt 0.582618 0.689497
vt 0.00385199 0.00166667
vt 0.0835229 0.0205647
vt 0.0808411 0.0231297
vt 0.00323711 0.00417408
vt 0.0741278 0.0282015
vt 0.00166667 0.0106621
vt 0.59799 0.356667
vt 0.597989 0.431924
vt 0.596667 0.431845
vt 0.596667 0.356667
vt 0.753337 0.245
vt 0.753334 0.246319
vt 0.826936 0.246559
vt 0.753333 0.246394
vt 0.498333 0.540469
vt 0.498333 0.466667
vt 0.498805 0.466667
vt 0.498805 0.540469
vt 0.818333 0.503333
vt 0.892135 0.503333
vt 0.88949 0.505979
vt 0.818333 0.505979
vt 0.1975 0.697645
vt 0.126343 0.697645
vt 0.126343 0.695
vt 0.1975 0.695
vt 0.753967 0.802255
vt 0.750295 0.798578
vt 0.9275 0.798485
vt 0.0160845 0.0226231
vt 0.0153021 0.264001
vt 0.0152923 0.0224963
vt 0.0124534 0.265606
vt 0.00876738 0.269047
vt 0.00874207 0.0174332
vt 0.00850211 0.269247
vt 0.00850158 0.0172565
vt 0.00825935 0.269404
vt 0.00824054 0.0170825
vt 0.00758614 0.269727
vt 0.00758442 0.0167715
vt 0.0835258 0.273712
vt 0.080843 0.271149
vt 0.0741285 0.266078
vt 0.524087 0.637989
vt 0.286439 0.637989
vt 0.28636 0.636667
vt 0.524167 0.636667
vt 0.826939 0.480897
vt 0.245938 0.816667
vt 0.480833 0.816667
vt 0.480833 0.817138
vt 0.245938 0.817138
vt 0.88949 0.735584
vt 0.892135 0.738229
vt 0.899312 0.481667
vt 0.899312 0.711272
vt 0.896667 0.711272
vt 0.896667 0.481667
vt 0.297652 0.585301
vt 0.297699 0.585431
vt 0.297711 0.585628
vt 0.297546 0.585159
vt 0.297628 0.585829
vt 0.296999 0.58475
vt 0.296764 0.584528
vt 0.296519 0.584252
vt 0.295563 0.590787
vt 0.293333 0.589365
vt 0.294756 0.587135
vt 0.295113 0.587358
vt 0.298053 0.586885
vt 0.295918 0.586244
vt 0.298156 0.586633
vt 0.298141 0.586386
vt 0.298036 0.586135
vt 0.297851 0.585972
vt 0.296195 0.583798
vt 0.294848 0.585467
vt 0.295931 0.58327
vt 0.29579 0.58286
vt 0.295715 0.582552
vt 0.295637 0.582054
vt 0.295635 0.581649
vt 0.295663 0.581293
vt 0.295764 0.580757
vt 0.29379 0.578812
vt 0.296333 0.579204
vt 0.296433 0.578867
vt 0.296459 0.578378
vt 0.296417 0.578055
vt 0.296287 0.577655
vt 0.296116 0.577359
vt 0.29591 0.577103
vt 0.295569 0.576813
vt 0.295316 0.576667
vt 0.753988 0.854898
vt 0.750563 0.854899
vt 0.750362 0.8549
vt 0.750179 0.8549
vt 0.750167 0.798477
vt 0.749978 0.8549
vt 0.75004 0.798399
vt 0.749912 0.79835
vt 0.749795 0.8549
vt 0.749784 0.798333
vt 0.749599 0.8549
vt 0.749588 0.798333
vt 0.102844 0.652117
vt 0.102843 0.651899
vt 0.0263898 0.652272
vt 0.026527 0.652409
vt 0.0262619 0.652135
vt 0.102843 0.651702
vt 0.0261521 0.651997
vt 0.102842 0.651564
vt 0.0260676 0.65186
vt 0.102842 0.651388
vt 0.0260143 0.651722
vt 0.0259957 0.651584
vt 0.0259822 0.651254
vt 0.102839 0.650706
vt 0.0259347 0.650904
vt 0.102838 0.650383
vt 0.0258658 0.650578
vt 0.102836 0.650015
vt 0.0257596 0.650227
vt 0.102834 0.649458
vt 0.0256329 0.649891
vt 0.0254223 0.649439
vt 0.102832 0.648869
vt 0.0251517 0.648968
vt 0.10283 0.648435
vt 0.0249396 0.648645
vt 0.102829 0.64812
vt 0.0247811 0.648419
vt 0.102827 0.647617
vt 0.0245336 0.648089
vt 0.0242518 0.647741
vt 0.102825 0.647212
vt 0.0239553 0.647391
vt 0.102824 0.646855
vt 0.0235409 0.646931
vt 0.102822 0.646311
vt 0.0232356 0.646615
vt 0.0229319 0.646304
vt 0.102816 0.64466
vt 0.0216182 0.644971
vt 0.102814 0.644309
vt 0.0212211 0.644557
vt 0.102813 0.64382
vt 0.0207994 0.644077
vt 0.102811 0.643495
vt 0.0206017 0.643811
vt 0.10281 0.643075
vt 0.0204395 0.643572
vt 0.0202936 0.643314
vt 0.102808 0.642734
vt 0.0202134 0.643148
vt 0.0201152 0.6429
vt 0.102807 0.642406
vt 0.0200287 0.642568
vt 0.102805 0.641959
vt 0.02 0.642227
vt 0.102804 0.641667
vt 0.020017 0.641983
vt 0.00385746 0.292631
vt 0.00324192 0.290124
vt 0.00166982 0.283636
vt 0.106409 0.64299
vt 0.106409 0.641667
vt 0.181587 0.641667
vt 0.181667 0.642989
vt 0.753337 0.482467
vt 0.753334 0.481095
vt 0.490025 0.0116668
vt 0.490446 0.0116667
vt 0.490471 0.0854685
vt 0.49 0.0854687
vt 0.818333 0.738229
vt 0.818333 0.735584
vt 0.7 0.508333
vt 0.702645 0.508333
vt 0.702645 0.57949
vt 0.7 0.57949
vt 0.281218 0.655567
vt 0.281174 0.655401
vt 0.281395 0.655591
vt 0.281278 0.655681
vt 0.601817 0.546771
vt 0.601667 0.54657
vt 0.601858 0.546547
vt 0.601681 0.282027
vt 0.601843 0.281806
vt 0.60172 0.281808
vt 0.601793 0.281667
vt 0.88358 0.746566
vt 0.883445 0.74661
vt 0.883333 0.746498
vt 0.933241 0.721349
vt 0.933135 0.721457
vt 0.933167 0.721267
vt 0.933319 0.721153
vt 0.281564 0.595276
vt 0.281534 0.595072
vt 0.281734 0.595
vt 0.281334 0.595388
vt 0.28142 0.595127
vt 0.281517 0.595288
vt 0.281427 0.59547
vt 0.0110754 0.713429
vt 0.0699383 0.713429
vt 0.0698953 0.713523
vt 0.0111186 0.713523
vt 0.00176288 0.015062
vt 0.00176331 0.278929
vt 0.00166667 0.278886
vt 0.0016668 0.015105
vt 0.596763 0.436728
vt 0.596763 0.495591
vt 0.596667 0.495548
vt 0.596667 0.436772
vt 0.621761 0.281728
vt 0.621761 0.545596
vt 0.621667 0.545553
vt 0.621667 0.281772
vt 0.60169 0.546743
vt 0.883486 0.746406
vt 0.932967 0.721342
vt 0.933144 0.721051
vt 0.903886 0.518333
vt 0.904059 0.518362
vt 0.281795 0.595203
vt 0.281524 0.595475
vt 0.281366 0.655353
vt 0.0110137 0.713333
vt 0.07 0.713333
vt 0.00185598 0.015
vt 0.00185615 0.278991
vt 0.596856 0.436667
vt 0.596856 0.495653
vt 0.621856 0.281667
vt 0.621856 0.545658
vt 0.281604 0.655623
vt 0.546063 0.655324
vt 0.546069 0.655476
vt 0.22685 0.690139
vt 0.226762 0.690263
vt 0.226676 0.69
vt 0.932917 0.721157
vt 0.548333 0.595712
vt 0.548088 0.595784
vt 0.548093 0.595687
vt 0.281799 0.5953
vt 0.281718 0.595465
vt 0.281653 0.655334
vt 0.546393 0.591195
vt 0.6 0.572876
vt 0.5999 0.572813
vt 0.546433 0.591085
vt 0.282004 0.595693
vt 0.547881 0.596176
vt 0.547803 0.596272
vt 0.570368 0.321667
vt 0.54586 0.654988
vt 0.545782 0.654893
vt 0.547784 0.596249
vt 0.281841 0.655138
vt 0.281918 0.655042
vt 0.281642 0.655433
vt 0.548072 0.595979
vt 0.281815 0.595495
vt 0.281751 0.655234
vt 0.281914 0.595595
vt 0.547972 0.596079
vt 0.54595 0.655084
vt 0.546048 0.655184
vt 0.226667 0.690367
vt 0.546314 0.655435
vt 0.546332 0.655214
vt 0.548168 0.59594
vt 0.685443 0.27
vt 0.685443 0.533781
vt 0.626667 0.533781
vt 0.626667 0.27
vt 0.463333 0.00166667
vt 0.464259 0.00166667
vt 0.464259 0.279415
vt 0.463333 0.279415
vt 0.261793 0.623501
vt 0.261747 0.623586
vt 0.261667 0.623639
vt 0.54835 0.765928
vt 0.548333 0.765812
vt 0.548342 0.693333
vt 0.261728 0.621667
vt 0.261804 0.623384
vt 0.470266 0.279415
vt 0.468547 0.279415
vt 0.468547 0.00166667
vt 0.470266 0.00166667
vt 0.32 0.283333
vt 0.391818 0.283333
vt 0.391818 0.561082
vt 0.32 0.561082
vt 0.48343 0.561078
vt 0.48343 0.283333
vt 0.483547 0.283333
vt 0.483547 0.561078
vt 0.46843 0.279415
vt 0.46843 0.00166669
vt 0.483333 0.561078
vt 0.483333 0.283333
vt 0.470383 0.279415
vt 0.470383 0.00166667
vt 0.470479 0.00166667
vt 0.470479 0.279415
vt 0.468333 0.279415
vt 0.468333 0.00166667
vt 0.401715 0.283333
vt 0.401763 0.561082
vt 0.401667 0.561082
vt 0.396725 0.561082
vt 0.396667 0.283333
vt 0.396784 0.283333
vt 0.518427 0.680374
vt 0.518357 0.680281
vt 0.518333 0.680187
vt 0.518357 0.680094
vt 0.518427 0.68
vt 0.453333 0.279415
vt 0.453333 0.00166667
vt 0.453995 0.00166669
vt 0.453995 0.279415
vt 0.518333 0.665
vt 0.518403 0.665094
vt 0.518427 0.665187
vt 0.518403 0.665281
vt 0.518333 0.665374
vt 0.261667 0.663333
vt 0.261737 0.663427
vt 0.26176 0.66352
vt 0.261737 0.663614
vt 0.261667 0.663707
vt 0.556025 0.283333
vt 0.549782 0.28992
vt 0.549743 0.289733
vt 0.549517 0.289585
vt 0.549773 0.55457
vt 0.556025 0.561078
vt 0.549653 0.55476
vt 0.549517 0.554826
vt 0.489869 0.554835
vt 0.48971 0.554806
vt 0.4896 0.554706
vt 0.489525 0.28992
vt 0.4896 0.289705
vt 0.489684 0.289627
vt 0.489827 0.289576
vt 0.279167 0.3
vt 0.279167 0.536218
vt 0.00141846 0.536218
vt 0.00141851 0.3
vt 0.444552 0.00166667
vt 0.444552 0.279415
vt 0.208334 0.279415
vt 0.208333 0.00166692
vt 0.0162818 0.637196
vt 0.0162816 0.636667
vt 0.2525 0.636667
vt 0.2525 0.637196
vt 0.203862 0.279415
vt 0.203333 0.279415
vt 0.203598 0.00166667
vt 0.199132 0.242382
vt 0.198333 0.242382
vt 0.198333 0.00166667
vt 0.199132 0.00166667
vt 0.193461 0.123333
vt 0.194259 0.123333
vt 0.194248 0.200045
vt 0.193449 0.200045
vt 0.944167 0.793555
vt 0.944055 0.793691
vt 0.744177 0.791806
vt 0.744061 0.791667
vt 0.939833 0.869953
vt 0.939677 0.869954
vt 0.943971 0.793822
vt 0.744305 0.791938
vt 0.477372 0.590965
vt 0.4775 0.591103
vt 0.400926 0.591067
vt 0.94392 0.793938
vt 0.744436 0.792056
vt 0.400926 0.59087
vt 0.477263 0.590827
vt 0.319199 0.575675
vt 0.319283 0.575542
vt 0.559083 0.575542
vt 0.559167 0.575675
vt 0.400926 0.590732
vt 0.477179 0.590689
vt 0.319336 0.575404
vt 0.55903 0.575404
vt 0.400926 0.590595
vt 0.477126 0.590551
vt 0.558993 0.575138
vt 0.319372 0.575138
vt 0.400926 0.590249
vt 0.477089 0.590276
vt 0.319425 0.575
vt 0.55894 0.575
vt 0.477036 0.590138
vt 0.522689 0.786784
vt 0.522772 0.786648
vt 0.759042 0.786691
vt 0.759125 0.786827
vt 0.400926 0.590041
vt 0.476952 0.59
vt 0.52288 0.786512
vt 0.758934 0.786554
vt 0.519609 0.711684
vt 0.519823 0.711675
vt 0.522749 0.786625
vt 0.523007 0.786376
vt 0.758807 0.786419
vt 0.523141 0.78624
vt 0.758673 0.786282
vt 0.520018 0.711667
vt 0.319734 0.580264
vt 0.319734 0.58
vt 0.558333 0.58
vt 0.558333 0.580264
vt 0.0283333 0.0216667
vt 0.0285969 0.0216667
vt 0.0285969 0.09732
vt 0.0283333 0.09732
vt 0.753333 0.00166667
vt 0.828987 0.240266
vt 0.753333 0.240266
vt 0.00108602 0.743437
vt 0.241535 0.743446
vt 0.241532 0.819892
vt 0.00108325 0.819884
vt 0.396667 0.590105
vt 0.396667 0.590903
vt 0.319955 0.590903
vt 0.319955 0.590105
vt 0.739907 0.868069
vt 0.739728 0.868065
vt 0.740124 0.868082
vt 0.744561 0.79215
vt 0.740254 0.868092
vt 0.744673 0.792214
vt 0.740368 0.868104
vt 0.744852 0.792276
vt 0.740587 0.868134
vt 0.744964 0.79234
vt 0.759197 0.786757
vt 0.759065 0.786668
vt 0.76228 0.711711
vt 0.7625 0.71172
vt 0.762088 0.711702
vt 0.761876 0.711693
vt 0.106667 0.206667
vt 0.10693 0.206667
vt 0.10693 0.28232
vt 0.106667 0.28232
vt 0.828987 0.00166667
vt 0.199237 0.00169968
vt 0.199237 0.242349
vt 0.193345 0.200012
vt 0.193333 0.123356
vt 0.319988 0.59
vt 0.396634 0.59
vt 0.000986328 0.743333
vt 0.241667 0.743337
vt 0.241632 0.819997
vt 0.000983531 0.819988
vt 0.536784 0.293333
vt 0.536796 0.534048
vt 0.536667 0.534048
vt 0.536679 0.293366
vt 0.538299 0.293891
vt 0.538482 0.294018
vt 0.538585 0.294183
vt 0.538636 0.294391
vt 0.537973 0.293844
vt 0.537845 0.293791
vt 0.5389 0.294391
vt 0.538912 0.53299
vt 0.538649 0.53299
vt 0.538618 0.533185
vt 0.538495 0.533364
vt 0.538327 0.533486
vt 0.537985 0.533538
vt 0.537858 0.533591
vt 0.537633 0.533835
vt 0.537595 0.534048
vt 0.537749 0.533675
vt 0.537736 0.293707
vt 0.537613 0.293528
vt 0.537582 0.293333
vt 0.710978 0.167796
vt 0.7 0.0933333
vt 0.710978 0.0933333
vt 0.7 0.167796
vt 0.700001 0.088378
vt 0.710983 0.0116893
vt 0.710979 0.0883779
vt 0.7 0.0116667
vt 0.497855 0.734574
vt 0.495622 0.734609
vt 0.49 0.805022
vt 0.487752 0.805045
vt 0.520833 0.540582
vt 0.509851 0.538334
vt 0.520833 0.538333
vt 0.509856 0.540582
vt 0.790713 0.486667
vt 0.790713 0.722885
vt 0.78 0.722885
vt 0.78 0.486667
vt 0.795 0.486667
vt 0.805713 0.486667
vt 0.805713 0.722885
vt 0.795 0.722885
vt 0.75545 0.722885
vt 0.753333 0.722885
vt 0.753333 0.486667
vt 0.75545 0.486667
vt 0.5225 0.648333
vt 0.522491 0.65045
vt 0.286275 0.649391
vt 0.739167 0.81738
vt 0.502949 0.81738
vt 0.502949 0.806667
vt 0.739167 0.806667
vt 0.502949 0.80238
vt 0.502949 0.791667
vt 0.739167 0.791667
vt 0.739167 0.80238
vt 0.259167 0.668333
vt 0.259167 0.67045
vt 0.0229485 0.67045
vt 0.0229485 0.668333
vt 0.425 0.795713
vt 0.374741 0.795713
vt 0.374741 0.785
vt 0.425 0.785
vt 0.758333 0.405
vt 0.769046 0.405
vt 0.769046 0.455259
vt 0.758333 0.455259
vt 0.484741 0.268783
vt 0.484741 0.266667
vt 0.535 0.266667
vt 0.535 0.268783
vt 0.795713 0.326667
vt 0.795713 0.376926
vt 0.785 0.376926
vt 0.785 0.326667
vt 0.732116 0.616926
vt 0.73 0.616926
vt 0.73 0.566667
vt 0.732116 0.566667
vt 0.710978 0.26
vt 0.710978 0.334463
vt 0.7 0.334463
vt 0.7 0.26
vt 0.246667 0.653348
vt 0.246665 0.664325
vt 0.169986 0.664344
vt 0.169955 0.653333
vt 0.25893 0.735404
vt 0.261128 0.735421
vt 0.251534 0.805051
vt 0.249319 0.805018
vt 0.304825 0.297248
vt 0.304823 0.295
vt 0.315833 0.295019
vt 0.315803 0.297235
vt 0.0866667 0.00166667
vt 0.157561 0.0113546
vt 0.12026 0.284317
vt 0.276667 0.611553
vt 0.00116694 0.611615
vt 0.00115082 0.540062
vt 0.276651 0.54
vt 0.708354 0.483542
vt 0.708333 0.483427
vt 0.708355 0.483333
vt 0.598333 0.578364
vt 0.598252 0.578415
vt 0.598137 0.578435
vt 0.59655 0.578476
vt 0.596434 0.578462
vt 0.59635 0.578415
vt 0.596298 0.578333
vt 0.300182 0.573833
vt 0.298595 0.573833
vt 0.298547 0.298334
vt 0.300134 0.298333
vt 0.58356 0.33
vt 0.583586 0.332103
vt 0.583333 0.331827
vt 0.583422 0.330127
vt 0.5834 0.330241
vt 0.315058 0.315
vt 0.315117 0.5905
vt 0.315 0.5905
vt 0.276667 0.611669
vt 0.310048 0.5855
vt 0.31 0.31
vt 0.310096 0.31
vt 0.300299 0.573833
vt 0.300251 0.298333
vt 0.300347 0.298333
vt 0.565048 0.281667
vt 0.565096 0.557166
vt 0.565 0.557166
vt 0.29843 0.298334
vt 0.298478 0.573833
vt 0.298382 0.573833
vt 0.298333 0.298334
vt 0.0762113 0.903333
vt 0.1475 0.903333
vt 0.1475 0.959544
vt 0.0762113 0.959544
vt 0.721725 0.260002
vt 0.723444 0.26
vt 0.723502 0.316211
vt 0.721782 0.316213
vt 0.219833 0.621793
vt 0.219695 0.621667
vt 0.221667 0.621726
vt 0.219949 0.621804
vt 0.581768 0.305197
vt 0.581809 0.306916
vt 0.581796 0.307032
vt 0.581697 0.305
vt 0.581667 0.307167
vt 0.726715 0.318333
vt 0.726763 0.374544
vt 0.726667 0.374544
vt 0.721667 0.316213
vt 0.725058 0.645
vt 0.725117 0.701211
vt 0.725 0.701211
vt 0.706739 0.399028
vt 0.706682 0.398933
vt 0.706844 0.398976
vt 0.583337 0.701899
vt 0.583333 0.701672
vt 0.583464 0.701667
vt 0.536288 0.846023
vt 0.536481 0.827108
vt 0.536667 0.82713
vt 0.536451 0.827
vt 0.536632 0.826891
vt 0.536423 0.826691
vt 0.536524 0.826737
vt 0.536466 0.826931
vt 0.536279 0.826864
vt 0.536268 0.826667
vt 0.706667 0.398781
vt 0.73 0.647324
vt 0.73 0.621772
vt 0.730097 0.621728
vt 0.0529493 0.621762
vt 0.0715618 0.621856
vt 0.0529924 0.621856
vt 0.583521 0.701844
vt 0.536101 0.846037
vt 0.509948 0.827092
vt 0.509947 0.826899
vt 0.706861 0.398834
vt 0.73019 0.621667
vt 0.73019 0.647324
vt 0.0528876 0.621667
vt 0.0716667 0.621667
vt 0.536201 0.827147
vt 0.489861 0.827561
vt 0.535681 0.845843
vt 0.491496 0.846606
vt 0.510709 0.846059
vt 0.535555 0.845714
vt 0.536046 0.827307
vt 0.535913 0.827411
vt 0.535823 0.845987
vt 0.536073 0.846227
vt 0.535906 0.846257
vt 0.394709 0.77218
vt 0.362541 0.772145
vt 0.362547 0.766186
vt 0.388413 0.766214
vt 0.38857 0.766187
vt 0.388681 0.766086
vt 0.388756 0.765872
vt 0.388777 0.746571
vt 0.394729 0.752932
vt 0.733429 0.0568362
vt 0.733333 0.0567931
vt 0.733333 0.0312403
vt 0.706668 0.3732
vt 0.706859 0.3732
vt 0.733524 0.0568979
vt 0.733524 0.0312403
vt 0.510717 0.846614
vt 0.706806 0.553798
vt 0.706673 0.553687
vt 0.70667 0.528029
vt 0.70681 0.508333
vt 0.490008 0.827708
vt 0.541645 0.826667
vt 0.567198 0.845236
vt 0.541645 0.845236
vt 0.706696 0.353431
vt 0.70683 0.353404
vt 0.706669 0.353575
vt 0.706741 0.353333
vt 0.0258293 0.27336
vt 0.0258333 0.273482
vt 0.0256098 0.273524
vt 0.00607626 0.273355
vt 0.00617852 0.273517
vt 0.00606439 0.273482
vt 0.00596487 0.273438
vt 0.489618 0.827253
vt 0.489632 0.827112
vt 0.489787 0.82708
vt 0.730097 0.666836
vt 0.73 0.666793
vt 0.0256038 0.273334
vt 0.00629687 0.273333
vt 0.0062907 0.273524
vt 0.489838 0.827272
vt 0.70686 0.353622
vt 0.73019 0.666898
vt 0.491256 0.846877
vt 0.49148 0.846883
vt 0.491631 0.846457
vt 0.491754 0.846321
vt 0.490159 0.827817
vt 0.491216 0.84665
vt 0.489585 0.827582
vt 0.489592 0.827327
vt 0.336437 0.772117
vt 0.336458 0.752869
vt 0.342424 0.746521
vt 0.342403 0.765822
vt 0.342478 0.766036
vt 0.342565 0.766117
vt 0.342704 0.766165
vt 0.301402 0.771076
vt 0.275387 0.773946
vt 0.273995 0.761333
vt 0.733333 0.0117715
vt 0.733524 0.0116667
vt 0.706667 0.508456
vt 0.586667 0.845236
vt 0.200829 0.720006
vt 0.200809 0.721724
vt 0.22698 0.722026
vt 0.227 0.720307
vt 0.250213 0.6929
vt 0.251929 0.692898
vt 0.251954 0.712174
vt 0.250238 0.712176
vt 0.133153 0.720213
vt 0.133153 0.721928
vt 0.107029 0.721928
vt 0.107029 0.720213
vt 0.0748347 0.721929
vt 0.0748346 0.720214
vt 0.270213 0.636174
vt 0.27193 0.636175
vt 0.271926 0.648856
vt 0.270209 0.648855
vt 0.168577 0.719634
vt 0.168557 0.721353
vt 0.0746797 0.722077
vt 0.0746546 0.721929
vt 0.270219 0.61689
vt 0.270082 0.616726
vt 0.270219 0.616709
vt 0.394743 0.740276
vt 0.394905 0.740126
vt 0.39486 0.740276
vt 0.270064 0.649022
vt 0.270047 0.648855
vt 0.336472 0.740213
vt 0.336319 0.740061
vt 0.336472 0.740096
vt 0.394708 0.772297
vt 0.36254 0.772262
vt 0.394846 0.752932
vt 0.362575 0.740124
vt 0.394743 0.740159
vt 0.362575 0.740241
vt 0.336437 0.772233
vt 0.33632 0.772117
vt 0.336341 0.752869
vt 0.297894 0.73928
vt 0.271879 0.74215
vt 0.271816 0.742046
vt 0.275271 0.773959
vt 0.273879 0.761346
vt 0.227161 0.722028
vt 0.227179 0.720297
vt 0.251955 0.712397
vt 0.250238 0.7124
vt 0.0746114 0.720214
vt 0.271926 0.649036
vt 0.270209 0.649078
vt 0.0748347 0.722046
vt 0.0748347 0.722142
vt 0.394874 0.772386
vt 0.394708 0.772393
vt 0.394825 0.77218
vt 0.394921 0.77218
vt 0.272088 0.616678
vt 0.272149 0.61689
vt 0.272053 0.61689
vt 0.271936 0.61689
vt 0.271936 0.616667
vt 0.270005 0.616872
vt 0.270102 0.61689
vt 0.715059 0.155196
vt 0.715 0.155045
vt 0.715085 0.155
vt 0.706761 0.558546
vt 0.706667 0.558525
vt 0.706721 0.558333
vt 0.0746256 0.72007
vt 0.0748346 0.720001
vt 0.0748346 0.720097
vt 0.394743 0.740063
vt 0.168378 0.721545
vt 0.168554 0.721566
vt 0.168556 0.72147
vt 0.168333 0.72135
vt 0.395 0.740276
vt 0.272124 0.64902
vt 0.272089 0.648856
vt 0.133333 0.721928
vt 0.133318 0.722066
vt 0.252071 0.712174
vt 0.252094 0.712382
vt 0.252167 0.712174
vt 0.133184 0.722045
vt 0.336259 0.772326
vt 0.336224 0.772117
vt 0.133153 0.722141
vt 0.336437 0.77233
vt 0.33631 0.740213
vt 0.252113 0.680054
vt 0.25217 0.680223
vt 0.252029 0.680223
vt 0.251913 0.680223
vt 0.251913 0.68
vt 0.336472 0.74
vt 0.226979 0.722143
vt 0.226978 0.722239
vt 0.227147 0.722227
vt 0.250196 0.680226
vt 0.250034 0.680226
vt 0.250032 0.680045
vt 0.250183 0.680001
vt 0.227035 0.720192
vt 0.227191 0.720147
vt 0.275212 0.774136
vt 0.275131 0.773974
vt 0.227032 0.720091
vt 0.275395 0.774067
vt 0.275385 0.774167
vt 0.271667 0.742173
vt 0.271702 0.742021
vt 0.271762 0.742163
vt 0.250045 0.712351
vt 0.250025 0.712177
vt 0.250121 0.712176
vt 0.271827 0.741933
vt 0.133153 0.720096
vt 0.133153 0.72
vt 0.133323 0.720014
vt 0.133333 0.720213
vt 0.36254 0.772358
vt 0.107029 0.722045
vt 0.107029 0.722141
vt 0.107029 0.720097
vt 0.394942 0.752932
vt 0.272047 0.636175
vt 0.272143 0.636175
vt 0.270096 0.636174
vt 0.27 0.636174
vt 0.362575 0.740028
vt 0.200807 0.721841
vt 0.200806 0.721937
vt 0.336245 0.752869
vt 0.252046 0.692898
vt 0.252142 0.692898
vt 0.201744 0.713333
vt 0.107029 0.72
vt 0.273783 0.761356
vt 0.250096 0.6929
vt 0.25 0.692901
vt 0.168396 0.719632
vt 0.071605 0.621762
vt 0.388479 0.746228
vt 0.362569 0.7462
vt 0.388623 0.746282
vt 0.388702 0.746357
vt 0.332069 0.754925
vt 0.581326 0.583523
vt 0.581283 0.583429
vt 0.6 0.583333
vt 0.599895 0.583523
vt 0.581221 0.583333
vt 0.261681 0.645
vt 0.261773 0.645271
vt 0.261667 0.645446
vt 0.342724 0.746178
vt 0.342578 0.746232
vt 0.342499 0.746307
vt 0.34244 0.74641
vt 0.567198 0.826667
vt 0.586667 0.826667
vt 0.827771 0.704395
vt 0.82774 0.704491
vt 0.827625 0.704413
vt 0.827608 0.704235
vt 0.809944 0.500184
vt 0.810096 0.500062
vt 0.809946 0.5
vt 0.718417 0.158431
vt 0.718333 0.15851
vt 0.718339 0.158333
vt 0.700191 0.481103
vt 0.700118 0.481352
vt 0.700014 0.481282
vt 0.827624 0.704668
vt 0.731667 0.157324
vt 0.731667 0.131771
vt 0.731763 0.131728
vt 0.00133161 0.843429
vt 0.231605 0.843429
vt 0.231562 0.843523
vt 0.00137477 0.843523
vt 0.7 0.481054
vt 0.7 0.455137
vt 0.700191 0.455137
vt 0.827527 0.704507
vt 0.731856 0.131667
vt 0.731856 0.157324
vt 0.00126996 0.843333
vt 0.231667 0.843333
vt 0.827489 0.70428
vt 0.809813 0.500197
vt 0.483994 0.821976
vt 0.482535 0.847441
vt 0.482255 0.847425
vt 0.71167 0.822095
vt 0.712563 0.84762
vt 0.71228 0.847627
vt 0.15 0.283381
vt 0.124342 0.283429
vt 0.124265 0.283333
vt 0.484414 0.822166
vt 0.711594 0.822189
vt 0.484535 0.822302
vt 0.711759 0.821999
vt 0.712174 0.821667
vt 0.711856 0.821901
vt 0.711914 0.821751
vt 0.484273 0.822014
vt 0.484254 0.821872
vt 0.52167 0.700077
vt 0.521794 0.7
vt 0.521667 0.700337
vt 0.521886 0.700271
vt 0.827328 0.704324
vt 0.748666 0.49381
vt 0.716398 0.49381
vt 0.716398 0.487832
vt 0.742345 0.487832
vt 0.74256 0.487757
vt 0.742635 0.487678
vt 0.742388 0.256191
vt 0.716398 0.256191
vt 0.716467 0.250213
vt 0.748666 0.250213
vt 0.742613 0.25632
vt 0.742672 0.256418
vt 0.512536 0.697287
vt 0.268915 0.697271
vt 0.268917 0.665
vt 0.512538 0.665016
vt 0.73176 0.508395
vt 0.731856 0.508438
vt 0.731856 0.533991
vt 0.81113 0.722285
vt 0.811001 0.722164
vt 0.731667 0.508333
vt 0.731667 0.533991
vt 0.712847 0.847613
vt 0.71213 0.821813
vt 0.482816 0.847458
vt 0.231667 0.898355
vt 0.00147957 0.898355
vt 0.00147957 0.872802
vt 0.231667 0.872802
vt 0.713327 0.86774
vt 0.713219 0.867573
vt 0.713333 0.867442
vt 0.71308 0.867837
vt 0.481658 0.867489
vt 0.481398 0.86742
vt 0.481426 0.867274
vt 0.700019 0.435075
vt 0.70012 0.435
vt 0.700191 0.435248
vt 0.798503 0.735772
vt 0.798333 0.735899
vt 0.798358 0.735666
vt 0.731763 0.176836
vt 0.731667 0.176793
vt 0.615 0.548438
vt 0.615097 0.548395
vt 0.615097 0.778668
vt 0.615 0.778625
vt 0.712996 0.867651
vt 0.481664 0.867297
vt 0.7 0.435298
vt 0.731856 0.176898
vt 0.615189 0.548333
vt 0.615189 0.77873
vt 0.712991 0.867555
vt 0.481402 0.867015
vt 0.712779 0.867173
vt 0.0965661 0.275175
vt 0.0964674 0.275102
vt 0.0775177 0.28
vt 0.0868697 0.044783
vt 0.0867364 0.0449111
vt 0.481674 0.867106
vt 0.712877 0.867261
vt 0.0966667 0.275261
vt 0.71326 0.867403
vt 0.712976 0.86736
vt 0.481685 0.867007
vt 0.481828 0.866853
vt 0.690213 0.250213
vt 0.696491 0.256191
vt 0.696266 0.25632
vt 0.696191 0.256535
vt 0.690213 0.49381
vt 0.6962 0.487567
vt 0.69632 0.487757
vt 0.696535 0.487832
vt 0.268913 0.723459
vt 0.512534 0.723474
vt 0.731856 0.55346
vt 0.73176 0.553503
vt 0.731667 0.553565
vt 0.481977 0.866747
vt 0.00147957 0.853333
vt 0.231667 0.853333
vt 0.715213 0.0441355
vt 0.716931 0.0441355
vt 0.716932 0.0703016
vt 0.715214 0.0703017
vt 0.516933 0.255474
vt 0.515213 0.255474
vt 0.515213 0.0118896
vt 0.516932 0.0118898
vt 0.721877 0.0118881
vt 0.723589 0.0118893
vt 0.723569 0.0379576
vt 0.721858 0.0379563
vt 0.723545 0.0700821
vt 0.721834 0.0700808
vt 0.523547 0.293557
vt 0.525266 0.293557
vt 0.525266 0.537139
vt 0.523547 0.537139
vt 0.715212 0.0118903
vt 0.71693 0.0118903
vt 0.723708 0.0702518
vt 0.723545 0.0702617
vt 0.523405 0.293395
vt 0.523547 0.293377
vt 0.748831 0.25007
vt 0.748783 0.250213
vt 0.523402 0.537297
vt 0.52343 0.537139
vt 0.748666 0.493927
vt 0.716398 0.493927
vt 0.748783 0.49381
vt 0.716398 0.250096
vt 0.748666 0.250096
vt 0.690213 0.493927
vt 0.690182 0.250096
vt 0.690096 0.49381
vt 0.690096 0.250213
vt 0.188392 0.123333
vt 0.18845 0.149521
vt 0.188333 0.149521
vt 0.512534 0.723591
vt 0.268882 0.723575
vt 0.716932 0.0704819
vt 0.715214 0.0705253
vt 0.515213 0.0117091
vt 0.516945 0.0116667
vt 0.721833 0.0703035
vt 0.525266 0.53732
vt 0.523547 0.537363
vt 0.723662 0.0700818
vt 0.723758 0.0700822
vt 0.748838 0.493997
vt 0.748666 0.494023
vt 0.748879 0.49381
vt 0.525428 0.293364
vt 0.52548 0.293557
vt 0.525383 0.293557
vt 0.525267 0.293333
vt 0.523333 0.293539
vt 0.52343 0.293557
vt 0.715025 0.323333
vt 0.715085 0.323479
vt 0.715 0.323524
vt 0.721691 0.070292
vt 0.721717 0.0700807
vt 0.748666 0.25
vt 0.717127 0.0117018
vt 0.717143 0.0118902
vt 0.717047 0.0118902
vt 0.71693 0.0116667
vt 0.748879 0.250213
vt 0.525383 0.537139
vt 0.52548 0.537139
vt 0.525463 0.537294
vt 0.715095 0.0118903
vt 0.715061 0.0116795
vt 0.715212 0.01171
vt 0.715 0.0118705
vt 0.711708 0.393333
vt 0.711762 0.393525
vt 0.711667 0.393541
vt 0.523334 0.537139
vt 0.716667 0.235
vt 0.716751 0.235047
vt 0.716691 0.235186
vt 0.723589 0.0116667
vt 0.723759 0.0117244
vt 0.515096 0.0118896
vt 0.515027 0.0116965
vt 0.515 0.0118896
vt 0.571667 0.701904
vt 0.571669 0.701667
vt 0.571713 0.701793
vt 0.690059 0.493991
vt 0.69 0.49381
vt 0.723698 0.011839
vt 0.723794 0.0117465
vt 0.7238 0.0118895
vt 0.690213 0.494023
vt 0.690041 0.250048
vt 0.69 0.250213
vt 0.515038 0.25565
vt 0.515 0.255474
vt 0.515097 0.255474
vt 0.515213 0.255697
vt 0.690213 0.25
vt 0.717049 0.0703016
vt 0.717145 0.0703017
vt 0.717113 0.0704794
vt 0.71507 0.0704653
vt 0.517049 0.255474
vt 0.517088 0.25568
vt 0.516933 0.255654
vt 0.517146 0.255474
vt 0.715104 0.0703525
vt 0.512738 0.72365
vt 0.512534 0.723688
vt 0.715002 0.0703015
vt 0.512654 0.723472
vt 0.512751 0.723489
vt 0.268913 0.723672
vt 0.268759 0.723617
vt 0.517127 0.0117161
vt 0.517146 0.0118896
vt 0.517049 0.0118896
vt 0.268792 0.723487
vt 0.268689 0.723476
vt 0.721761 0.011888
vt 0.721667 0.0118684
vt 0.721684 0.0117166
vt 0.721865 0.0117053
vt 0.716398 0.494023
vt 0.723686 0.0379577
vt 0.723782 0.0379577
vt 0.721741 0.0379562
vt 0.716398 0.25
vt 0.717048 0.0441355
vt 0.717144 0.0441355
vt 0.715096 0.0441355
vt 0.715 0.0441355
vt 0.5175 0.69713
vt 0.263193 0.697282
vt 0.622618 0.277166
vt 0.551784 0.277166
vt 0.551784 0.00166667
vt 0.622618 0.00166667
vt 0.165635 0.00151591
vt 0.128333 0.274479
vt 0.199228 0.284167
vt 0.711687 0.235209
vt 0.711667 0.235094
vt 0.711688 0.235
vt 0.596697 0.5
vt 0.596749 0.500081
vt 0.596768 0.500197
vt 0.596809 0.501783
vt 0.596795 0.501899
vt 0.596748 0.501983
vt 0.596667 0.502035
vt 0.293312 0.5705
vt 0.291725 0.5705
vt 0.291667 0.295
vt 0.293254 0.295
vt 0.586825 0.413333
vt 0.58693 0.415434
vt 0.586667 0.415168
vt 0.108218 0.651667
vt 0.108333 0.651683
vt 0.10663 0.651675
vt 0.551667 0.277166
vt 0.551667 0.00166667
vt 0.305058 0.5805
vt 0.305 0.305
vt 0.305117 0.305
vt 0.595 0.570048
vt 0.3195 0.570096
vt 0.3195 0.57
vt 0.595 0.565096
vt 0.3195 0.565096
vt 0.3195 0.565
vt 0.595 0.565
vt 0.29337 0.295
vt 0.560048 0.557166
vt 0.56 0.281667
vt 0.560096 0.281667
vt 0.28345 0.5755
vt 0.283392 0.3
vt 0.283488 0.3
vt 0.283547 0.5755
vt 0.283333 0.5755
vt 0.870275 0.777973
vt 0.809941 0.74
vt 0.78 0.787573
vt 0.730053 0.481211
vt 0.728333 0.481211
vt 0.728333 0.425
vt 0.730053 0.425
vt 0.571793 0.608501
vt 0.571667 0.608639
vt 0.571726 0.606667
vt 0.571804 0.608384
vt 0.564803 0.580101
vt 0.563084 0.580143
vt 0.562968 0.580129
vt 0.565 0.580031
vt 0.562833 0.58
vt 0.728333 0.0678775
vt 0.728333 0.0116667
vt 0.72843 0.0116667
vt 0.72843 0.0678775
vt 0.908357 0.23839
vt 0.979645 0.238333
vt 0.979738 0.355252
vt 0.908449 0.355308
vt 0.518599 0.526918
vt 0.51688 0.526918
vt 0.51688 0.41
vt 0.518599 0.41
vt 0.213166 0.621793
vt 0.213028 0.621667
vt 0.215 0.621726
vt 0.213282 0.621804
vt 0.53647 0.256768
vt 0.534751 0.256809
vt 0.534635 0.256796
vt 0.536667 0.256697
vt 0.5345 0.256667
vt 0.908333 0.355308
vt 0.485058 0.128585
vt 0.485 0.0116667
vt 0.485117 0.0116667
vt 0.50843 0.0116667
vt 0.50843 0.128585
vt 0.508333 0.128585
vt 0.508333 0.0116667
vt 0.516763 0.41
vt 0.516763 0.526918
vt 0.516667 0.526918
vt 0.516667 0.41
vt 0.979622 0.36
vt 0.979622 0.476919
vt 0.908333 0.476919
vt 0.908333 0.36
vt 0.981289 0.118585
vt 0.91 0.118585
vt 0.91 0.00166667
vt 0.981289 0.00166667
vt 0.576836 0.521918
vt 0.575117 0.521918
vt 0.575117 0.405
vt 0.576836 0.405
vt 0.191725 0.00166672
vt 0.191784 0.118585
vt 0.191667 0.118585
vt 0.101822 0.280252
vt 0.101763 0.163333
vt 0.10188 0.163333
vt 0.191822 0.00166667
vt 0.19188 0.118585
vt 0.493382 0.490252
vt 0.493333 0.373333
vt 0.49343 0.373333
vt 0.576953 0.405
vt 0.576953 0.521918
vt 0.101725 0.280252
vt 0.101667 0.163333
vt 0.575 0.521918
vt 0.575 0.405
vt 0.8175 0.25018
vt 0.769941 0.28013
vt 0.807925 0.340446
vt 0.872973 0.594725
vt 0.835 0.655059
vt 0.882573 0.685
vt 0.817438 0.250082
vt 0.769879 0.280032
vt 0.817386 0.25
vt 0.503382 0.784544
vt 0.503333 0.728333
vt 0.50343 0.728333
vt 0.0675 0.725058
vt 0.0112892 0.725117
vt 0.011289 0.725
vt 0.0450585 0.081211
vt 0.045 0.0250001
vt 0.0451169 0.025
vt 0.00100724 0.959537
vt 0.00100723 0.903333
vt 0.0722867 0.903333
vt 0.0722867 0.959537
vt 0.566819 0.776229
vt 0.565117 0.776205
vt 0.56591 0.72
vt 0.0724036 0.903333
vt 0.0724036 0.959537
vt 0.0725 0.903333
vt 0.0725 0.959537
vt 0.726715 0.136667
vt 0.726763 0.192878
vt 0.726667 0.192878
vt 0.565 0.776204
vt 0.222117 0.709398
vt 0.221836 0.709531
vt 0.222003 0.709306
vt 0.222199 0.709111
vt 0.222315 0.690232
vt 0.2225 0.690259
vt 0.584617 0.386448
vt 0.584718 0.386667
vt 0.584796 0.386538
vt 0.584776 0.386355
vt 0.576814 0.309771
vt 0.0883333 0.248508
vt 0.0883333 0.163438
vt 0.08843 0.163395
vt 0.586763 0.390062
vt 0.586667 0.408674
vt 0.586667 0.390105
vt 0.222013 0.709127
vt 0.700235 0.643482
vt 0.7 0.643488
vt 0.700114 0.643333
vt 0.700118 0.643603
vt 0.576985 0.309753
vt 0.221813 0.709348
vt 0.0885228 0.163333
vt 0.0885228 0.248508
vt 0.586856 0.39
vt 0.586856 0.408779
vt 0.22227 0.690055
vt 0.222045 0.690274
vt 0.222064 0.69
vt 0.120986 0.690278
vt 0.14003 0.690003
vt 0.708891 0.338333
vt 0.718695 0.407861
vt 0.718842 0.407983
vt 0.7 0.410647
vt 0.700101 0.410488
vt 0.222 0.709304
vt 0.221736 0.709078
vt 0.221593 0.708942
vt 0.119957 0.708708
vt 0.139135 0.708501
vt 0.221907 0.690415
vt 0.593885 0.596924
vt 0.593885 0.688708
vt 0.587907 0.688708
vt 0.587898 0.603167
vt 0.587778 0.602978
vt 0.587563 0.602902
vt 0.568202 0.602902
vt 0.574576 0.596924
vt 0.585 0.291667
vt 0.597666 0.292555
vt 0.591241 0.384119
vt 0.58176 0.446728
vt 0.581856 0.446772
vt 0.581856 0.531842
vt 0.139132 0.709243
vt 0.139133 0.709058
vt 0.581667 0.446667
vt 0.581667 0.531842
vt 0.119948 0.708843
vt 0.22179 0.690552
vt 0.14003 0.690556
vt 0.121081 0.690373
vt 0.0112942 0.69
vt 0.0963645 0.708569
vt 0.0112942 0.708569
vt 0.226849 0.700189
vt 0.226769 0.700356
vt 0.226699 0.700215
vt 0.226667 0.70001
vt 0.575147 0.291754
vt 0.575164 0.291549
vt 0.575092 0.291623
vt 0.575048 0.291687
vt 0.575 0.291816
vt 0.575003 0.291964
vt 0.119927 0.709175
vt 0.11976 0.709151
vt 0.119729 0.708948
vt 0.08843 0.26802
vt 0.0883333 0.267977
vt 0.226855 0.7
vt 0.589415 0.281436
vt 0.589319 0.281294
vt 0.575302 0.291662
vt 0.575175 0.291952
vt 0.119933 0.70899
vt 0.0885228 0.268082
vt 0.276856 0.616667
vt 0.276856 0.635446
vt 0.276761 0.635384
vt 0.119853 0.708781
vt 0.119676 0.708712
vt 0.575367 0.291825
vt 0.120967 0.690004
vt 0.511809 0.531363
vt 0.511667 0.53124
vt 0.511739 0.511667
vt 0.120897 0.690232
vt 0.120097 0.708573
vt 0.121247 0.69055
vt 0.12024 0.708464
vt 0.575424 0.2919
vt 0.593885 0.714894
vt 0.574576 0.714894
vt 0.568158 0.708916
vt 0.587563 0.708916
vt 0.587778 0.70884
vt 0.587882 0.708722
vt 0.587907 0.708572
vt 0.581856 0.551311
vt 0.58176 0.551354
vt 0.581667 0.551415
vt 0.115833 0.708569
vt 0.0236078 0.0480686
vt 0.0218891 0.0480692
vt 0.0218799 0.0218909
vt 0.0235987 0.0218903
vt 0.256879 0.692874
vt 0.258592 0.692874
vt 0.258598 0.712114
vt 0.256884 0.712114
vt 0.0519329 0.144822
vt 0.0502142 0.144822
vt 0.050214 0.118644
vt 0.0519327 0.118644
vt 0.0502132 0.0268904
vt 0.051932 0.0268903
vt 0.00686349 0.65784
vt 0.00858065 0.657842
vt 0.00856963 0.670522
vt 0.00685247 0.670521
vt 0.0236399 0.139825
vt 0.0219211 0.139825
vt 0.0500622 0.0267364
vt 0.0502131 0.02671
vt 0.00688026 0.638555
vt 0.00673718 0.638394
vt 0.00688038 0.638375
vt 0.56188 0.596924
vt 0.561717 0.596775
vt 0.56188 0.596807
vt 0.00670695 0.670688
vt 0.00669029 0.670521
vt 0.0500687 0.14498
vt 0.0500973 0.144822
vt 0.56188 0.714894
vt 0.561718 0.715056
vt 0.561763 0.714894
vt 0.0237425 0.0217322
vt 0.0237155 0.0218903
vt 0.594002 0.596924
vt 0.594002 0.688708
vt 0.574576 0.596807
vt 0.561763 0.688708
vt 0.561763 0.596924
vt 0.56188 0.688708
vt 0.594002 0.714894
vt 0.593885 0.71501
vt 0.574576 0.71501
vt 0.0218797 0.0217106
vt 0.0235987 0.0216667
vt 0.258598 0.712294
vt 0.256884 0.712337
vt 0.0519322 0.0266667
vt 0.00856961 0.670702
vt 0.00685205 0.670744
vt 0.0500963 0.0268904
vt 0.05 0.0268904
vt 0.594091 0.59676
vt 0.594098 0.596924
vt 0.593885 0.596807
vt 0.593885 0.596711
vt 0.00875204 0.638344
vt 0.00881048 0.638557
vt 0.00871418 0.638557
vt 0.00859742 0.638557
vt 0.00859789 0.638333
vt 0.00666667 0.638537
vt 0.00676351 0.638555
vt 0.71506 0.328523
vt 0.715 0.328379
vt 0.715085 0.328333
vt 0.711667 0.388333
vt 0.711761 0.388352
vt 0.711708 0.388542
vt 0.0520823 0.02668
vt 0.0521453 0.0268905
vt 0.052049 0.0268903
vt 0.561667 0.596924
vt 0.0217286 0.139984
vt 0.0217079 0.139826
vt 0.0218043 0.139825
vt 0.021921 0.140049
vt 0.56188 0.596667
vt 0.00877083 0.670703
vt 0.00873183 0.670522
vt 0.023787 0.140024
vt 0.02364 0.140005
vt 0.050214 0.145046
vt 0.258714 0.712114
vt 0.258755 0.712322
vt 0.25881 0.712114
vt 0.594092 0.71506
vt 0.593885 0.715107
vt 0.0500009 0.144822
vt 0.594098 0.714894
vt 0.56188 0.71501
vt 0.56188 0.715151
vt 0.258589 0.680223
vt 0.258589 0.68
vt 0.258772 0.680044
vt 0.258751 0.680223
vt 0.561667 0.714894
vt 0.021763 0.021891
vt 0.0216667 0.021891
vt 0.0216923 0.0217259
vt 0.256724 0.680012
vt 0.256876 0.680044
vt 0.256876 0.680223
vt 0.0238132 0.0218701
vt 0.14843 0.72
vt 0.148381 0.720154
vt 0.148333 0.72
vt 0.256694 0.712301
vt 0.256673 0.712138
vt 0.256768 0.712115
vt 0.153333 0.720013
vt 0.153429 0.72
vt 0.153388 0.720145
vt 0.0520498 0.144822
vt 0.0521447 0.144842
vt 0.0521255 0.144985
vt 0.051933 0.145002
vt 0.594098 0.688708
vt 0.0500971 0.118644
vt 0.0500008 0.118644
vt 0.0520496 0.118644
vt 0.0521459 0.118644
vt 0.574576 0.596711
vt 0.00869741 0.657842
vt 0.00879368 0.657842
vt 0.00674673 0.65784
vt 0.561667 0.688708
vt 0.0217722 0.0480693
vt 0.0216758 0.0480693
vt 0.0237247 0.0480686
vt 0.574576 0.715107
vt 0.258709 0.692874
vt 0.258805 0.692874
vt 0.256763 0.692874
vt 0.256714 0.680223
vt 0.586763 0.408717
vt 0.567867 0.603167
vt 0.567858 0.688708
vt 0.568015 0.602945
vt 0.276667 0.616772
vt 0.276761 0.616728
vt 0.276667 0.635341
vt 0.120711 0.690243
vt 0.567858 0.708572
vt 0.567886 0.708734
vt 0.567987 0.70884
vt 0.568051 0.708881
vt 0.0963645 0.69
vt 0.115833 0.69
vt 0.256667 0.692874
vt 0.413597 0.826811
vt 0.413761 0.826772
vt 0.413601 0.826958
vt 0.413457 0.826893
vt 0.413296 0.827155
vt 0.570202 0.301245
vt 0.570022 0.281872
vt 0.570213 0.281891
vt 0.57 0.28177
vt 0.570175 0.281667
vt 0.45786 0.741493
vt 0.45798 0.741304
vt 0.458144 0.741422
vt 0.457842 0.74157
vt 0.735189 0.639574
vt 0.735189 0.665127
vt 0.735093 0.66517
vt 0.413545 0.827214
vt 0.570011 0.301271
vt 0.700118 0.205336
vt 0.7 0.205136
vt 0.700134 0.205
vt 0.572608 0.720057
vt 0.57776 0.742922
vt 0.577928 0.742884
vt 0.572775 0.720014
vt 0.41381 0.826966
vt 0.735 0.665231
vt 0.735 0.639574
vt 0.189616 0.62176
vt 0.189554 0.621667
vt 0.208333 0.621667
vt 0.226744 0.705
vt 0.226767 0.705231
vt 0.226667 0.705161
vt 0.414354 0.846593
vt 0.459549 0.846536
vt 0.440006 0.846783
vt 0.572457 0.72
vt 0.22685 0.695118
vt 0.226705 0.695365
vt 0.226667 0.695
vt 0.111739 0.274114
vt 0.111667 0.248456
vt 0.111809 0.248333
vt 0.414612 0.846312
vt 0.414125 0.827521
vt 0.414739 0.846176
vt 0.413571 0.826996
vt 0.413832 0.827257
vt 0.413979 0.827404
vt 0.460481 0.827152
vt 0.440258 0.827489
vt 0.414471 0.846456
vt 0.414188 0.846511
vt 0.414237 0.846599
vt 0.483849 0.735257
vt 0.483849 0.767491
vt 0.477878 0.767491
vt 0.477878 0.74153
vt 0.477826 0.741387
vt 0.477749 0.741304
vt 0.477534 0.741228
vt 0.458194 0.741229
vt 0.464562 0.735257
vt 0.18133 0.903333
vt 0.2175 0.923361
vt 0.156062 0.927073
vt 0.151361 0.915282
vt 0.735093 0.418395
vt 0.73519 0.418438
vt 0.73519 0.443991
vt 0.440256 0.826712
vt 0.440257 0.826907
vt 0.735 0.418333
vt 0.735 0.443991
vt 0.460501 0.826861
vt 0.440007 0.846216
vt 0.459408 0.846391
vt 0.460714 0.826708
vt 0.460712 0.826903
vt 0.460549 0.826667
vt 0.460833 0.826774
vt 0.70519 0.456894
vt 0.705 0.456877
vt 0.705022 0.456681
vt 0.705175 0.456667
vt 0.571667 0.775124
vt 0.571805 0.775227
vt 0.581783 0.760858
vt 0.581839 0.760768
vt 0.581761 0.760596
vt 0.581869 0.760669
vt 0.581891 0.760523
vt 0.581873 0.760393
vt 0.581704 0.760425
vt 0.735093 0.620062
vt 0.73519 0.620105
vt 0.581639 0.760764
vt 0.735 0.62
vt 0.460637 0.827096
vt 0.460775 0.827146
vt 0.459817 0.846576
vt 0.459569 0.846817
vt 0.459767 0.846799
vt 0.510145 0.15303
vt 0.51 0.152907
vt 0.510073 0.133333
vt 0.460332 0.827297
vt 0.483849 0.793647
vt 0.464562 0.793647
vt 0.458194 0.787676
vt 0.477534 0.787676
vt 0.477749 0.7876
vt 0.477829 0.787513
vt 0.477878 0.787374
vt 0.73519 0.46346
vt 0.735093 0.463503
vt 0.735 0.463565
vt 0.45928 0.846256
vt 0.721879 0.107304
vt 0.72359 0.107304
vt 0.723591 0.133357
vt 0.72188 0.133357
vt 0.233608 0.70944
vt 0.231897 0.709441
vt 0.231879 0.690224
vt 0.23359 0.690223
vt 0.196443 0.713546
vt 0.196443 0.715264
vt 0.170275 0.715265
vt 0.170275 0.713547
vt 0.138027 0.715266
vt 0.138027 0.713548
vt 0.575217 0.546175
vt 0.576934 0.546175
vt 0.576937 0.558855
vt 0.57522 0.558856
vt 0.721878 0.0751974
vt 0.723589 0.0751974
vt 0.137869 0.715413
vt 0.137846 0.715266
vt 0.45188 0.735257
vt 0.451736 0.735091
vt 0.45188 0.735141
vt 0.575074 0.559025
vt 0.575103 0.558856
vt 0.196601 0.715409
vt 0.196443 0.715381
vt 0.45188 0.793647
vt 0.451728 0.793807
vt 0.451763 0.793647
vt 0.721751 0.133525
vt 0.721764 0.133357
vt 0.483966 0.735257
vt 0.483966 0.767548
vt 0.193931 0.933306
vt 0.163254 0.945117
vt 0.163211 0.945006
vt 0.464562 0.735141
vt 0.163102 0.945049
vt 0.155953 0.927116
vt 0.451763 0.767491
vt 0.451763 0.735258
vt 0.45188 0.767491
vt 0.483966 0.793647
vt 0.483849 0.793764
vt 0.464562 0.793764
vt 0.723591 0.133536
vt 0.72188 0.13358
vt 0.231879 0.690045
vt 0.23359 0.69
vt 0.137802 0.713535
vt 0.576937 0.559079
vt 0.57522 0.559079
vt 0.138027 0.715383
vt 0.138027 0.715479
vt 0.484055 0.735088
vt 0.484062 0.735257
vt 0.483849 0.735141
vt 0.483849 0.735044
vt 0.57708 0.526679
vt 0.577143 0.52689
vt 0.577047 0.52689
vt 0.57693 0.52689
vt 0.57693 0.526667
vt 0.575 0.526891
vt 0.575023 0.526722
vt 0.575096 0.526859
vt 0.163103 0.945216
vt 0.163013 0.945084
vt 0.575213 0.526891
vt 0.5752 0.526712
vt 0.163275 0.945212
vt 0.137838 0.713364
vt 0.138027 0.713334
vt 0.138027 0.713431
vt 0.451667 0.735257
vt 0.72379 0.0750199
vt 0.723801 0.0751974
vt 0.723705 0.0751974
vt 0.723589 0.0750178
vt 0.45188 0.735
vt 0.57713 0.559017
vt 0.577099 0.558855
vt 0.721762 0.0751974
vt 0.72173 0.075
vt 0.721878 0.0750179
vt 0.721667 0.0751777
vt 0.151112 0.915196
vt 0.151268 0.915086
vt 0.151319 0.91517
vt 0.575007 0.558856
vt 0.151252 0.915325
vt 0.151163 0.915361
vt 0.196667 0.715264
vt 0.231763 0.690224
vt 0.231721 0.690017
vt 0.231667 0.690224
vt 0.484055 0.793813
vt 0.483849 0.79386
vt 0.196443 0.715477
vt 0.484062 0.793647
vt 0.45188 0.793764
vt 0.45188 0.793904
vt 0.231908 0.722077
vt 0.231908 0.7223
vt 0.231715 0.722248
vt 0.231747 0.722078
vt 0.451667 0.793647
vt 0.723707 0.133357
vt 0.723803 0.133357
vt 0.72379 0.133525
vt 0.233619 0.722076
vt 0.233781 0.722076
vt 0.233762 0.722278
vt 0.23362 0.722255
vt 0.721667 0.133376
vt 0.143333 0.72016
vt 0.143365 0.72
vt 0.143432 0.720126
vt 0.23376 0.690039
vt 0.233802 0.6902
vt 0.233706 0.690223
vt 0.138427 0.720148
vt 0.138333 0.720169
vt 0.138371 0.72
vt 0.196443 0.713429
vt 0.196463 0.713333
vt 0.196618 0.713372
vt 0.196623 0.713546
vt 0.484062 0.767491
vt 0.170275 0.715382
vt 0.170275 0.715478
vt 0.195363 0.938074
vt 0.170275 0.71343
vt 0.464562 0.735044
vt 0.577051 0.546175
vt 0.577147 0.546175
vt 0.155864 0.927152
vt 0.5751 0.546175
vt 0.575004 0.546175
vt 0.451667 0.767491
vt 0.723706 0.107304
vt 0.723802 0.107303
vt 0.721763 0.107304
vt 0.464562 0.79386
vt 0.23178 0.709442
vt 0.231684 0.709442
vt 0.170275 0.713333
vt 0.233724 0.70944
vt 0.208272 0.621759
vt 0.208229 0.621856
vt 0.189659 0.621856
vt 0.457851 0.741572
vt 0.457851 0.767491
vt 0.19318 0.933057
vt 0.636667 0.845236
vt 0.611114 0.845236
vt 0.611114 0.826667
vt 0.636667 0.826667
vt 0.591667 0.531771
vt 0.591763 0.531728
vt 0.591763 0.550384
vt 0.591667 0.550341
vt 0.591856 0.531667
vt 0.591856 0.550446
vt 0.460179 0.827411
vt 0.457851 0.787333
vt 0.457875 0.787476
vt 0.45798 0.787601
vt 0.458078 0.78766
vt 0.591645 0.845236
vt 0.591645 0.826667
vt 0.837475 0.722623
vt 0.837427 0.722744
vt 0.83729 0.722697
vt 0.815479 0.506667
vt 0.81552 0.506766
vt 0.815373 0.506685
vt 0.4475 0.780845
vt 0.447423 0.781033
vt 0.447353 0.780991
vt 0.4475 0.780766
vt 0.837242 0.722905
vt 0.73 0.697324
vt 0.73 0.671772
vt 0.730097 0.671728
vt 0.00133166 0.833429
vt 0.231605 0.833429
vt 0.231562 0.833523
vt 0.00137479 0.833523
vt 0.837305 0.722496
vt 0.815362 0.506898
vt 0.447318 0.780781
vt 0.445117 0.755058
vt 0.445299 0.755037
vt 0.837158 0.72274
vt 0.73019 0.671667
vt 0.73019 0.697324
vt 0.00126996 0.833333
vt 0.231667 0.833333
vt 0.266364 0.755825
vt 0.268541 0.781265
vt 0.268452 0.781349
vt 0.446938 0.780624
vt 0.446883 0.7805
vt 0.837121 0.722481
vt 0.815185 0.506925
vt 0.44707 0.780872
vt 0.447149 0.781025
vt 0.268368 0.781444
vt 0.837021 0.722497
vt 0.268292 0.781543
vt 0.447045 0.780776
vt 0.268287 0.781637
vt 0.443163 0.735402
vt 0.266093 0.75584
vt 0.00116872 0.738678
vt 0.00116783 0.706407
vt 0.00714587 0.706407
vt 0.00714658 0.732356
vt 0.00722221 0.732571
vt 0.00730146 0.732646
vt 0.238808 0.732349
vt 0.238808 0.7064
vt 0.244786 0.7064
vt 0.238799 0.732428
vt 0.244787 0.738671
vt 0.23868 0.732618
vt 0.238581 0.732677
vt 0.658602 0.539381
vt 0.658315 0.781451
vt 0.626875 0.780594
vt 0.627162 0.538523
vt 0.735093 0.670062
vt 0.735189 0.670105
vt 0.73519 0.695658
vt 0.8144 0.733731
vt 0.814321 0.733563
vt 0.735 0.67
vt 0.735 0.695658
vt 0.814202 0.733311
vt 0.00660823 0.621667
vt 0.0067822 0.621732
vt 0.0146538 0.646157
vt 0.0204699 0.66513
vt 0.23648 0.871667
vt 0.466667 0.871667
vt 0.466667 0.89722
vt 0.23648 0.897219
vt 0.753538 0.475787
vt 0.753409 0.475863
vt 0.753333 0.475658
vt 0.443429 0.735147
vt 0.443352 0.735
vt 0.443491 0.735075
vt 0.443577 0.735181
vt 0.443613 0.73534
vt 0.443433 0.735367
vt 0.753544 0.475973
vt 0.730097 0.716836
vt 0.73 0.716793
vt 0.231562 0.838333
vt 0.231605 0.838427
vt 0.00133166 0.838427
vt 0.00137479 0.838333
vt 0.753518 0.47557
vt 0.753419 0.25
vt 0.753609 0.250045
vt 0.443222 0.735125
vt 0.753672 0.47585
vt 0.73019 0.716898
vt 0.231667 0.838523
vt 0.00126996 0.838523
vt 0.753695 0.475604
vt 0.443173 0.735259
vt 0.264379 0.73607
vt 0.264437 0.735892
vt 0.264602 0.736349
vt 0.264704 0.736418
vt 0.249913 0.641449
vt 0.25 0.641536
vt 0.0205973 0.664891
vt 0.0206645 0.664788
vt 0.264502 0.736265
vt 0.443103 0.735498
vt 0.443064 0.735583
vt 0.79684 0.741847
vt 0.796667 0.741902
vt 0.796738 0.741588
vt 0.796667 0.741663
vt 0.26441 0.736169
vt 0.244785 0.680213
vt 0.238807 0.686535
vt 0.238778 0.686375
vt 0.238678 0.686267
vt 0.238507 0.686191
vt 0.00116712 0.68022
vt 0.00741038 0.686207
vt 0.00722092 0.686327
vt 0.00714533 0.686542
vt 0.683829 0.782147
vt 0.684115 0.540076
vt 0.73519 0.715126
vt 0.735093 0.71517
vt 0.796914 0.742018
vt 0.735 0.715231
vt 0.7 0.588604
vt 0.7 0.588333
vt 0.700013 0.588465
vt 0.466667 0.916688
vt 0.23648 0.916688
vt 0.718547 0.705733
vt 0.720261 0.705733
vt 0.720262 0.731844
vt 0.718547 0.731844
vt 0.0585397 0.0285505
vt 0.0602091 0.0285506
vt 0.0602015 0.265082
vt 0.0585321 0.265081
vt 0.13311 0.713546
vt 0.13311 0.715264
vt 0.10694 0.715264
vt 0.10694 0.713546
vt 0.0746907 0.715265
vt 0.0746906 0.713547
vt 0.528547 0.0118911
vt 0.530266 0.0118911
vt 0.530266 0.255473
vt 0.528547 0.255473
vt 0.718546 0.673557
vt 0.72026 0.673557
vt 0.244934 0.738832
vt 0.244787 0.738788
vt 0.528401 0.255642
vt 0.52843 0.255473
vt 0.133262 0.715418
vt 0.13311 0.715381
vt 0.244939 0.680059
vt 0.244902 0.680213
vt 0.718418 0.732013
vt 0.718431 0.731844
vt 0.00105181 0.738678
vt 0.00105092 0.70635
vt 0.00116872 0.738795
vt 0.626759 0.780593
vt 0.627045 0.538522
vt 0.244903 0.7064
vt 0.244904 0.738671
vt 0.627158 0.53841
vt 0.00105021 0.68022
vt 0.00116707 0.680103
vt 0.244785 0.680096
vt 0.720262 0.732024
vt 0.718547 0.732067
vt 0.0602077 0.265257
vt 0.0585288 0.265261
vt 0.074512 0.715278
vt 0.0744663 0.713534
vt 0.530266 0.255653
vt 0.528547 0.255697
vt 0.0746907 0.715382
vt 0.0745523 0.715429
vt 0.0746907 0.715478
vt 0.000966822 0.738823
vt 0.000955429 0.738678
vt 0.00116875 0.738891
vt 0.530437 0.011672
vt 0.530479 0.0118912
vt 0.530382 0.0118911
vt 0.530279 0.0116667
vt 0.528333 0.0118911
vt 0.528355 0.0117219
vt 0.52843 0.0118503
vt 0.626701 0.780742
vt 0.626667 0.780596
vt 0.626871 0.780711
vt 0.528534 0.0117124
vt 0.62686 0.780798
vt 0.0744991 0.713368
vt 0.0746682 0.713334
vt 0.0746906 0.71343
vt 0.245 0.738671
vt 0.720456 0.673374
vt 0.720473 0.673557
vt 0.720377 0.673557
vt 0.720261 0.673333
vt 0.244787 0.738884
vt 0.530383 0.255473
vt 0.530479 0.255473
vt 0.530464 0.255632
vt 0.71843 0.673557
vt 0.718391 0.673361
vt 0.718546 0.673377
vt 0.718333 0.673557
vt 0.626968 0.538387
vt 0.627147 0.538333
vt 0.528334 0.255473
vt 0.626953 0.538525
vt 0.060315 0.265081
vt 0.0603648 0.265286
vt 0.133332 0.71527
vt 0.0604085 0.265081
vt 0.000963084 0.680062
vt 0.0011672 0.680007
vt 0.13311 0.715477
vt 0.000953827 0.68022
vt 0.244785 0.68
vt 0.0603982 0.028382
vt 0.0604162 0.0285506
vt 0.0603226 0.0285506
vt 0.0602093 0.0283333
vt 0.244998 0.680213
vt 0.720378 0.731844
vt 0.720474 0.731844
vt 0.720461 0.732013
vt 0.0584262 0.0285505
vt 0.0584064 0.0283495
vt 0.0585397 0.0283753
vt 0.0583333 0.0285316
vt 0.706722 0.185216
vt 0.706667 0.185024
vt 0.70676 0.185
vt 0.713419 0.695201
vt 0.713333 0.695156
vt 0.713392 0.695
vt 0.058341 0.265257
vt 0.13311 0.713429
vt 0.133132 0.713333
vt 0.133276 0.713356
vt 0.133333 0.713542
vt 0.000954539 0.706407
vt 0.10694 0.715381
vt 0.10694 0.715477
vt 0.6583 0.781656
vt 0.10694 0.713429
vt 0.244999 0.7064
vt 0.720378 0.705733
vt 0.720474 0.705733
vt 0.71843 0.705733
vt 0.718334 0.705733
vt 0.718335 0.731844
vt 0.0584186 0.265081
vt 0.570001 0.348426
vt 0.570033 0.348333
vt 0.570159 0.348376
vt 0.570162 0.348535
vt 0.57008 0.348598
vt 0.570163 0.555653
vt 0.57 0.555763
vt 0.476413 0.868308
vt 0.476207 0.868131
vt 0.47637 0.868131
vt 0.476541 0.868216
vt 0.476557 0.868005
vt 0.476685 0.867972
vt 0.476673 0.867874
vt 0.47714 0.84186
vt 0.802401 0.251153
vt 0.802381 0.251012
vt 0.802192 0.251064
vt 0.731856 0.339574
vt 0.731856 0.365126
vt 0.731759 0.36517
vt 0.00133166 0.848429
vt 0.231605 0.848429
vt 0.231562 0.848523
vt 0.00137479 0.848523
vt 0.245801 0.867998
vt 0.245744 0.867898
vt 0.476478 0.867974
vt 0.476948 0.841857
vt 0.802271 0.251232
vt 0.731667 0.365231
vt 0.731667 0.339574
vt 0.00126996 0.848333
vt 0.231667 0.848333
vt 0.245769 0.867775
vt 0.476203 0.867984
vt 0.476518 0.868043
vt 0.476335 0.867921
vt 0.521698 0.70515
vt 0.521667 0.705229
vt 0.521673 0.705
vt 0.477022 0.821963
vt 0.246013 0.867417
vt 0.244873 0.822097
vt 0.24557 0.841821
vt 0.246091 0.867322
vt 0.476 0.867643
vt 0.475923 0.867548
vt 0.8025 0.251237
vt 0.245923 0.867513
vt 0.476089 0.86774
vt 0.802345 0.251474
vt 0.802459 0.251346
vt 0.245825 0.867612
vt 0.476187 0.867839
vt 0.690214 0.00187997
vt 0.722484 0.00187997
vt 0.722484 0.00785803
vt 0.696535 0.00785801
vt 0.69632 0.00793372
vt 0.696245 0.00801236
vt 0.696535 0.23952
vt 0.722484 0.23952
vt 0.722484 0.245498
vt 0.696456 0.239511
vt 0.690213 0.245498
vt 0.696267 0.239391
vt 0.696208 0.239293
vt 0.286375 0.6
vt 0.53 0.6
vt 0.53 0.632272
vt 0.286375 0.632272
vt 0.731759 0.370062
vt 0.731856 0.370105
vt 0.731856 0.395658
vt 0.780299 0.263083
vt 0.780393 0.263248
vt 0.731667 0.37
vt 0.731667 0.395658
vt 0.485095 0.159068
vt 0.485 0.158991
vt 0.485048 0.133333
vt 0.476375 0.841845
vt 0.763736 0.272669
vt 0.701667 0.916688
vt 0.47148 0.916688
vt 0.47148 0.891135
vt 0.701667 0.891135
vt 0.763463 0.272542
vt 0.763364 0.27243
vt 0.763308 0.272515
vt 0.763277 0.272632
vt 0.605188 0.550158
vt 0.605003 0.550242
vt 0.605039 0.550128
vt 0.605104 0.55
vt 0.477286 0.82175
vt 0.477475 0.82177
vt 0.4775 0.821945
vt 0.763539 0.272283
vt 0.731759 0.320062
vt 0.731856 0.320105
vt 0.00137477 0.823523
vt 0.00133163 0.823426
vt 0.231605 0.823426
vt 0.231562 0.823523
vt 0.763455 0.272713
vt 0.605186 0.55036
vt 0.605191 0.781288
vt 0.605 0.781336
vt 0.477309 0.821948
vt 0.763624 0.272454
vt 0.731667 0.32
vt 0.00126996 0.823333
vt 0.231667 0.823333
vt 0.76364 0.272666
vt 0.763711 0.272604
vt 0.785474 0.4175
vt 0.785669 0.417493
vt 0.477065 0.821867
vt 0.477094 0.821667
vt 0.245062 0.822294
vt 0.24514 0.82239
vt 0.476833 0.82216
vt 0.476755 0.822257
vt 0.7 0.215132
vt 0.700013 0.215
vt 0.700012 0.215271
vt 0.244972 0.822197
vt 0.476923 0.822063
vt 0.244809 0.821997
vt 0.748671 0.245498
vt 0.742349 0.23952
vt 0.742512 0.239489
vt 0.742617 0.239391
vt 0.742677 0.239288
vt 0.748671 0.00188002
vt 0.742693 0.00815951
vt 0.74264 0.00801267
vt 0.742564 0.00793359
vt 0.742349 0.00785806
vt 0.511149 0.256352
vt 0.485 0.254934
vt 0.498189 0.0116667
vt 0.731856 0.415126
vt 0.731759 0.41517
vt 0.731667 0.415231
vt 0.518381 0.38
vt 0.518429 0.399574
vt 0.518333 0.399651
vt 0.700013 0.583333
vt 0.700013 0.583604
vt 0.7 0.583472
vt 0.47148 0.871667
vt 0.701667 0.871667
vt 0.720213 0.354039
vt 0.721925 0.354039
vt 0.721926 0.380127
vt 0.720213 0.380127
vt 0.523949 0.641874
vt 0.523949 0.643548
vt 0.286677 0.643549
vt 0.286677 0.641874
vt 0.715212 0.260223
vt 0.71693 0.260224
vt 0.716922 0.28638
vt 0.715205 0.28638
vt 0.716912 0.318613
vt 0.715195 0.318613
vt 0.521881 0.0118904
vt 0.5236 0.0118904
vt 0.5236 0.255473
vt 0.521881 0.255473
vt 0.720211 0.32189
vt 0.721924 0.32189
vt 0.717066 0.318778
vt 0.716912 0.318794
vt 0.690041 0.245647
vt 0.690096 0.245498
vt 0.521724 0.25562
vt 0.521764 0.255473
vt 0.717065 0.260058
vt 0.717046 0.260224
vt 0.748827 0.245663
vt 0.748671 0.245615
vt 0.720066 0.380283
vt 0.720097 0.380127
vt 0.690214 0.00176304
vt 0.722484 0.00176309
vt 0.690097 0.00187995
vt 0.722484 0.245615
vt 0.690213 0.245615
vt 0.748671 0.00176312
vt 0.748788 0.00188002
vt 0.748788 0.245498
vt 0.721927 0.380307
vt 0.720213 0.38035
vt 0.286501 0.643549
vt 0.286501 0.641874
vt 0.715182 0.318837
vt 0.5236 0.255653
vt 0.52188 0.255697
vt 0.717029 0.318613
vt 0.717125 0.318613
vt 0.690042 0.00168424
vt 0.690214 0.00166667
vt 0.69 0.00187995
vt 0.523754 0.01169
vt 0.523813 0.0118904
vt 0.523717 0.0118904
vt 0.5236 0.0116667
vt 0.521667 0.0118722
vt 0.521697 0.0117203
vt 0.521764 0.0118904
vt 0.521868 0.0117117
vt 0.715019 0.318806
vt 0.690213 0.245711
vt 0.72211 0.321699
vt 0.722137 0.32189
vt 0.722041 0.32189
vt 0.721924 0.321667
vt 0.69 0.245498
vt 0.523717 0.255473
vt 0.523813 0.255473
vt 0.523786 0.255628
vt 0.720095 0.32189
vt 0.720047 0.321675
vt 0.720211 0.32171
vt 0.72 0.32187
vt 0.521667 0.255473
vt 0.71693 0.26
vt 0.286677 0.643663
vt 0.286476 0.643691
vt 0.286677 0.643757
vt 0.748849 0.00167039
vt 0.748885 0.00188002
vt 0.717143 0.260224
vt 0.748671 0.00166674
vt 0.748884 0.245498
vt 0.524126 0.643728
vt 0.523949 0.643756
vt 0.523949 0.643662
vt 0.524167 0.643549
vt 0.748671 0.245711
vt 0.722043 0.380127
vt 0.722139 0.380127
vt 0.722113 0.380292
vt 0.523949 0.64176
vt 0.524155 0.641724
vt 0.524125 0.641874
vt 0.523968 0.641667
vt 0.711709 0.541667
vt 0.711762 0.541858
vt 0.711667 0.541873
vt 0.720001 0.380127
vt 0.716751 0.541851
vt 0.716667 0.541804
vt 0.716727 0.541667
vt 0.286503 0.641686
vt 0.715096 0.260223
vt 0.715 0.2602
vt 0.715024 0.26005
vt 0.715212 0.26
vt 0.722484 0.00166669
vt 0.717039 0.28638
vt 0.717135 0.28638
vt 0.715078 0.318613
vt 0.715088 0.28638
vt 0.722484 0.245711
vt 0.722042 0.354039
vt 0.722138 0.354039
vt 0.720096 0.354039
vt 0.72 0.354039
vt 0.286677 0.641761
vt 0.286677 0.641667
vt 0.49357 0.541365
vt 0.49337 0.541154
vt 0.493572 0.541169
vt 0.493739 0.541215
vt 0.610186 0.550085
vt 0.610184 0.781053
vt 0.610002 0.781175
vt 0.61 0.55
vt 0.553333 0.592762
vt 0.553445 0.592945
vt 0.553465 0.59273
vt 0.553391 0.592676
vt 0.553612 0.59255
vt 0.493333 0.54095
vt 0.731856 0.20124
vt 0.731856 0.226793
vt 0.731759 0.226836
vt 0.231605 0.828427
vt 0.00133163 0.828427
vt 0.00137477 0.828333
vt 0.231562 0.828333
vt 0.553686 0.592723
vt 0.579318 0.590321
vt 0.579293 0.590144
vt 0.493524 0.540944
vt 0.731667 0.226898
vt 0.731667 0.20124
vt 0.231667 0.828523
vt 0.00126996 0.828523
vt 0.579335 0.590597
vt 0.554666 0.780635
vt 0.5801 0.778434
vt 0.580083 0.778157
vt 0.554734 0.780532
vt 0.758438 0.262613
vt 0.779156 0.471068
vt 0.779235 0.470989
vt 0.758531 0.262674
vt 0.493809 0.540924
vt 0.554488 0.780833
vt 0.553723 0.592997
vt 0.55421 0.780814
vt 0.554583 0.780737
vt 0.553819 0.593061
vt 0.553902 0.593105
vt 0.748672 0.742142
vt 0.716404 0.742143
vt 0.716404 0.736165
vt 0.74235 0.736164
vt 0.742538 0.736125
vt 0.742685 0.735899
vt 0.742388 0.504524
vt 0.716398 0.504525
vt 0.716456 0.498547
vt 0.748666 0.498547
vt 0.742613 0.504653
vt 0.742671 0.504753
vt 0.0375526 0.0233333
vt 0.0538659 0.266411
vt 0.0216667 0.268572
vt 0.735093 0.0617283
vt 0.735189 0.0617715
vt 0.73519 0.0873243
vt 0.493333 0.515055
vt 0.493524 0.515055
vt 0.735 0.0616667
vt 0.735 0.0873243
vt 0.493809 0.515055
vt 0.780739 0.255571
vt 0.78066 0.255324
vt 0.758333 0.262554
vt 0.70648 0.871667
vt 0.936667 0.871667
vt 0.936667 0.897219
vt 0.70648 0.897219
vt 0.550724 0.585137
vt 0.550833 0.585247
vt 0.550677 0.585315
vt 0.550595 0.585326
vt 0.599143 0.588464
vt 0.599185 0.588385
vt 0.599051 0.588311
vt 0.59892 0.588305
vt 0.493334 0.495232
vt 0.49339 0.495
vt 0.493546 0.49503
vt 0.731759 0.181728
vt 0.731856 0.181772
vt 0.62 0.548438
vt 0.620097 0.548395
vt 0.620097 0.778668
vt 0.62 0.778625
vt 0.550529 0.585138
vt 0.319369 0.585318
vt 0.31959 0.585156
vt 0.31938 0.585196
vt 0.598939 0.588483
vt 0.493524 0.495238
vt 0.731667 0.181667
vt 0.62019 0.548333
vt 0.62019 0.77873
vt 0.550553 0.585
vt 0.319591 0.585008
vt 0.599074 0.588719
vt 0.599182 0.58866
vt 0.599506 0.776434
vt 0.599421 0.776346
vt 0.598782 0.588876
vt 0.598658 0.588941
vt 0.493754 0.495101
vt 0.599601 0.776519
vt 0.493809 0.495258
vt 0.598936 0.588761
vt 0.599701 0.776597
vt 0.599846 0.776604
vt 0.690213 0.498548
vt 0.696535 0.504526
vt 0.696402 0.504547
vt 0.696266 0.504654
vt 0.69022 0.742143
vt 0.696203 0.735881
vt 0.696222 0.73596
vt 0.696326 0.73609
vt 0.696541 0.736166
vt 0.493333 0.293333
vt 0.519483 0.294751
vt 0.506294 0.538019
vt 0.73519 0.106793
vt 0.735093 0.106836
vt 0.735 0.106898
vt 0.797682 0.250157
vt 0.797741 0.25
vt 0.936667 0.916688
vt 0.70648 0.916688
vt 0.715217 0.107477
vt 0.716935 0.107477
vt 0.716939 0.133649
vt 0.715221 0.133649
vt 0.53691 0.2527
vt 0.535211 0.2527
vt 0.535212 0.0118878
vt 0.536911 0.0118878
vt 0.0697782 0.718545
vt 0.0697764 0.720263
vt 0.0436043 0.720235
vt 0.0436061 0.718517
vt 0.0113518 0.720201
vt 0.0113536 0.718482
vt 0.53022 0.293557
vt 0.531939 0.293557
vt 0.531933 0.537139
vt 0.530214 0.537139
vt 0.715212 0.0752239
vt 0.716931 0.0752236
vt 0.0111938 0.720348
vt 0.0111714 0.720201
vt 0.748802 0.498423
vt 0.748782 0.498547
vt 0.530072 0.537311
vt 0.530097 0.537139
vt 0.748672 0.742259
vt 0.716404 0.742259
vt 0.748789 0.742142
vt 0.716398 0.498431
vt 0.748666 0.49843
vt 0.69022 0.74226
vt 0.690163 0.498438
vt 0.690103 0.742143
vt 0.690096 0.498548
vt 0.716939 0.13383
vt 0.715208 0.133828
vt 0.535212 0.0117094
vt 0.536911 0.0116667
vt 0.0111724 0.718465
vt 0.531933 0.53732
vt 0.530214 0.537363
vt 0.0113516 0.720317
vt 0.0113515 0.720414
vt 0.748841 0.742348
vt 0.748672 0.742355
vt 0.748885 0.742142
vt 0.53209 0.293346
vt 0.532153 0.293557
vt 0.532056 0.293557
vt 0.53194 0.293333
vt 0.530007 0.293535
vt 0.530035 0.293358
vt 0.530103 0.293557
vt 0.530203 0.293335
vt 0.748666 0.498333
vt 0.717155 0.0750498
vt 0.717144 0.0752236
vt 0.717048 0.0752236
vt 0.716931 0.075
vt 0.748879 0.498547
vt 0.53205 0.537139
vt 0.532146 0.537139
vt 0.53216 0.537289
vt 0.715095 0.0752239
vt 0.715064 0.0750256
vt 0.715212 0.0750435
vt 0.715 0.0752041
vt 0.713372 0.69
vt 0.713427 0.690179
vt 0.713333 0.690201
vt 0.53 0.537161
vt 0.715 0.333333
vt 0.715088 0.333372
vt 0.715029 0.333523
vt 0.07 0.720264
vt 0.0699436 0.720398
vt 0.535076 0.0116812
vt 0.535096 0.0118878
vt 0.535001 0.0118878
vt 0.535035 0.0116934
vt 0.0698268 0.720373
vt 0.690041 0.742353
vt 0.690006 0.742143
vt 0.0697761 0.720475
vt 0.69022 0.742356
vt 0.69004 0.498383
vt 0.69 0.498548
vt 0.535038 0.252874
vt 0.535 0.2527
vt 0.535095 0.2527
vt 0.535211 0.252921
vt 0.690213 0.498336
vt 0.717056 0.133649
vt 0.717152 0.133649
vt 0.71712 0.133827
vt 0.537026 0.2527
vt 0.537069 0.252883
vt 0.536923 0.252922
vt 0.537122 0.252719
vt 0.715111 0.1337
vt 0.715044 0.133838
vt 0.715008 0.133649
vt 0.145659 0.00176299
vt 0.145658 0.00166667
vt 0.145833 0.00167719
vt 0.537097 0.0117247
vt 0.537121 0.0118647
vt 0.537027 0.0118878
vt 0.0697783 0.718428
vt 0.0697989 0.718333
vt 0.0699634 0.71835
vt 0.0699585 0.718545
vt 0.716404 0.742356
vt 0.0436041 0.720352
vt 0.043604 0.720448
vt 0.0113537 0.718365
vt 0.0436062 0.7184
vt 0.716398 0.498334
vt 0.717052 0.107477
vt 0.717148 0.107477
vt 0.7151 0.107477
vt 0.715004 0.107477
vt 0.119479 0.00171458
vt 0.931594 0.643058
vt 0.979167 0.673
vt 0.941194 0.733333
vt 0.869725 0.772973
vt 0.930059 0.735
vt 0.96 0.782573
vt 0.731719 0.316211
vt 0.73 0.316211
vt 0.73 0.26
vt 0.731719 0.26
vt 0.071289 0.726715
vt 0.1275 0.726667
vt 0.1275 0.726763
vt 0.508382 0.784544
vt 0.508333 0.728333
vt 0.50843 0.728333
vt 0.98924 0.709725
vt 0.941667 0.739666
vt 0.97964 0.8
vt 0.94464 0.571942
vt 0.906667 0.511608
vt 0.95424 0.481667
vt 0.728333 0.0716667
vt 0.730053 0.0716667
vt 0.730053 0.127878
vt 0.728333 0.127878
vt 0.0533918 0.15
vt 0.0534502 0.206211
vt 0.0533333 0.206211
vt 0.98924 0.906942
vt 0.941667 0.877
vt 0.97964 0.816667
vt 0.947973 0.213608
vt 0.91 0.153275
vt 0.957573 0.123333
vt 0.131289 0.726715
vt 0.1875 0.726667
vt 0.1875 0.726763
vt 0.99924 0.573608
vt 0.951667 0.543667
vt 0.98964 0.483333
vt 0.957973 0.653608
vt 0.92 0.593275
vt 0.967573 0.563333
vt 0.56 0.7725
vt 0.558281 0.772474
vt 0.559141 0.716269
vt 0.726715 0.508333
vt 0.726763 0.564544
vt 0.726667 0.564544
vt 0.721725 0.508333
vt 0.721784 0.564544
vt 0.721667 0.564544
vt 0.516715 0.782878
vt 0.516667 0.726667
vt 0.516763 0.726667
vt 0.863333 0.49738
vt 0.813074 0.49738
vt 0.813074 0.486667
vt 0.863333 0.486667
vt 0.866667 0.806667
vt 0.866667 0.81738
vt 0.816408 0.81738
vt 0.816408 0.806667
vt 0.535 0.6
vt 0.537116 0.6
vt 0.537116 0.650259
vt 0.535 0.650259
vt 0.3 0.83738
vt 0.249741 0.83738
vt 0.249741 0.826667
vt 0.3 0.826667
vt 0.76 0.486667
vt 0.770713 0.486667
vt 0.770713 0.536926
vt 0.76 0.536926
vt 0.588783 0.770259
vt 0.586667 0.770259
vt 0.586667 0.72
vt 0.588783 0.72
vt 0.355 0.83738
vt 0.304741 0.83738
vt 0.304741 0.826667
vt 0.355 0.826667
vt 0.315 0.785
vt 0.315 0.795713
vt 0.264741 0.795713
vt 0.264741 0.785
vt 0.59545 0.770259
vt 0.593333 0.770259
vt 0.593333 0.72
vt 0.59545 0.72
vt 0.37 0.785
vt 0.37 0.795713
vt 0.319741 0.795713
vt 0.319741 0.785
vt 0.493074 0.547116
vt 0.493074 0.545
vt 0.543333 0.545
vt 0.543333 0.547116
vt 0.593781 0.287633
vt 0.593276 0.28758
vt 0.59375 0.286745
vt 0.593096 0.285002
vt 0.594804 0.285
vt 0.59366 0.285814
vt 0.159766 0.658196
vt 0.158516 0.657476
vt 0.159473 0.656229
vt 0.158655 0.655665
vt 0.157705 0.657013
vt 0.520097 0.689425
vt 0.520802 0.689972
vt 0.519837 0.690496
vt 0.592553 0.286257
vt 0.593024 0.28701
vt 0.592346 0.285373
vt 0.160734 0.656674
vt 0.159565 0.655227
vt 0.51937 0.690145
vt 0.591665 0.285883
vt 0.160562 0.655
vt 0.519772 0.688578
vt 0.518897 0.689872
vt 0.520782 0.688661
vt 0.59105 0.286984
vt 0.592475 0.287138
vt 0.161912 0.656362
vt 0.161643 0.657595
vt 0.161967 0.65516
vt 0.51911 0.688255
vt 0.520466 0.687091
vt 0.518333 0.689623
vt 0.518994 0.686667
vt 0.1625 0.656928
vt 0.515881 0.534167
vt 0.515733 0.533013
vt 0.514837 0.532756
vt 0.514681 0.533852
vt 0.701613 0.199595
vt 0.701198 0.20023
vt 0.7 0.199375
vt 0.700201 0.198885
vt 0.703005 0.200211
vt 0.702515 0.201033
vt 0.516903 0.532746
vt 0.516775 0.531525
vt 0.515531 0.531772
vt 0.516833 0.534033
vt 0.701227 0.198725
vt 0.702277 0.198804
vt 0.70326 0.199287
vt 0.517794 0.533667
vt 0.700306 0.198441
vt 0.703274 0.198384
vt 0.517906 0.53215
vt 0.518613 0.533093
vt 0.701734 0.198011
vt 0.700303 0.19809
vt 0.703066 0.197478
vt 0.71275 0.511562
vt 0.713815 0.511116
vt 0.714101 0.512361
vt 0.71295 0.512659
vt 0.711667 0.512052
vt 0.519167 0.532409
vt 0.125258 0.277949
vt 0.125 0.278711
vt 0.126544 0.279167
vt 0.12675 0.278558
vt 0.702579 0.196667
vt 0.701287 0.197392
vt 0.711699 0.511053
vt 0.084365 0.0164991
vt 0.0833333 0.0165476
vt 0.0838245 0.015
vt 0.712937 0.510599
vt 0.711995 0.510129
vt 0.126333 0.277283
vt 0.127003 0.278062
vt 0.125558 0.27652
vt 0.596237 0.28597
vt 0.596667 0.286743
vt 0.595462 0.287383
vt 0.59512 0.286129
vt 0.713621 0.509752
vt 0.71258 0.509307
vt 0.127295 0.277528
vt 0.595591 0.285375
vt 0.714972 0.510657
vt 0.713386 0.508676
vt 0.71502 0.509358
vt 0.714297 0.508333
vt 0.594712 0.28699
vt 0.594279 0.287733
vt 0.715269 0.512373
vt 0.0135161 0.654499
vt 0.0133333 0.653914
vt 0.0135165 0.653333
vt 0.0569037 0.656667
vt 0.0575 0.65688
vt 0.056334 0.656883
vt 0.27744 0.652516
vt 0.277413 0.653072
vt 0.276512 0.653152
vt 0.274712 0.65366
vt 0.274485 0.65277
vt 0.275481 0.65297
vt 0.199044 0.703812
vt 0.197536 0.703192
vt 0.197985 0.704167
vt 0.265615 0.680904
vt 0.264565 0.681128
vt 0.264134 0.680067
vt 0.265334 0.68
vt 0.575573 0.4
vt 0.57588 0.400243
vt 0.575 0.400786
vt 0.276388 0.654143
vt 0.27652 0.652842
vt 0.263575 0.681687
vt 0.264729 0.682232
vt 0.575815 0.401425
vt 0.576198 0.400471
vt 0.579184 0.704113
vt 0.578753 0.703257
vt 0.577933 0.703755
vt 0.275912 0.655
vt 0.263333 0.682775
vt 0.265737 0.682696
vt 0.579604 0.703487
vt 0.579649 0.702986
vt 0.576667 0.70291
vt 0.577029 0.704167
vt 0.264395 0.68363
vt 0.265384 0.683943
vt 0.578802 0.702472
vt 0.577784 0.702228
vt 0.57975 0.702521
vt 0.577024 0.701486
vt 0.530202 0.638329
vt 0.529088 0.638737
vt 0.528333 0.638188
vt 0.529342 0.637106
vt 0.531082 0.637657
vt 0.530064 0.636667
vt 0.579133 0.70172
vt 0.579949 0.702007
vt 0.578375 0.701138
vt 0.577484 0.700702
vt 0.531397 0.638585
vt 0.578181 0.700087
vt 0.530325 0.639512
vt 0.528864 0.64003
vt 0.53143 0.639614
vt 0.71348 0.704672
vt 0.712734 0.703912
vt 0.713516 0.703333
vt 0.713887 0.703732
vt 0.712494 0.705164
vt 0.711828 0.704392
vt 0.579281 0.700726
vt 0.579052 0.699724
vt 0.529891 0.64068
vt 0.531145 0.64059
vt 0.714305 0.704136
vt 0.713269 0.705794
vt 0.711667 0.705835
vt 0.713302 0.706891
vt 0.200444 0.701846
vt 0.20062 0.70082
vt 0.199131 0.700521
vt 0.529867 0.641818
vt 0.528814 0.641508
vt 0.713855 0.705761
vt 0.714749 0.704491
vt 0.0580688 0.283103
vt 0.0581476 0.284167
vt 0.0591667 0.283622
vt 0.0566654 0.283654
vt 0.714263 0.706959
vt 0.198941 0.702376
vt 0.198243 0.70011
vt 0.199159 0.699789
vt 0.581667 0.317692
vt 0.582834 0.317355
vt 0.582317 0.318881
vt 0.581705 0.318705
vt 0.58176 0.316667
vt 0.275503 0.650308
vt 0.276309 0.649889
vt 0.276812 0.651143
vt 0.275708 0.651537
vt 0.197889 0.701643
vt 0.197429 0.700679
vt 0.274907 0.651007
vt 0.196858 0.701539
vt 0.2775 0.65183
vt 0.276573 0.651917
vt 0.274552 0.651854
vt 0.196611 0.702514
vt 0.196726 0.703454
vt 0.200833 0.702921
vt 0.200204 0.703735
vt 0.183333 0.12
vt 0.183413 0.120402
vt 0.183333 0.120803
vt 0.57525 0.286892
vt 0.574503 0.286684
vt 0.575833 0.286667
vt 0.707073 0.469277
vt 0.707442 0.468506
vt 0.708218 0.46891
vt 0.708028 0.469366
vt 0.706166 0.468701
vt 0.70671 0.46788
vt 0.705739 0.467505
vt 0.705025 0.468636
vt 0.714204 0.51856
vt 0.713806 0.519566
vt 0.713302 0.519032
vt 0.712466 0.519664
vt 0.276667 0.64
vt 0.276961 0.64034
vt 0.276767 0.641792
vt 0.713436 0.520596
vt 0.712227 0.520004
vt 0.707934 0.469838
vt 0.706008 0.469766
vt 0.712803 0.518028
vt 0.712185 0.519352
vt 0.707009 0.4701
vt 0.705 0.470152
vt 0.713919 0.517259
vt 0.711667 0.517979
vt 0.707868 0.470344
vt 0.706337 0.470894
vt 0.705249 0.471029
vt 0.713017 0.516667
vt 0.578435 0.587239
vt 0.577794 0.586217
vt 0.578924 0.585575
vt 0.579167 0.586824
vt 0.261524 0.716062
vt 0.260959 0.715504
vt 0.26167 0.715
vt 0.262054 0.71532
vt 0.260526 0.71641
vt 0.259846 0.717271
vt 0.259386 0.716408
vt 0.577472 0.587488
vt 0.261461 0.71727
vt 0.576554 0.586306
vt 0.576209 0.585
vt 0.577567 0.585046
vt 0.262296 0.716468
vt 0.262467 0.715543
vt 0.261391 0.718368
vt 0.575362 0.585889
vt 0.575489 0.587256
vt 0.26273 0.71561
vt 0.26275 0.717526
vt 0.262308 0.718574
vt 0.574765 0.586825
vt 0.263333 0.716541
vt 0.263251 0.715682
vt 0.263271 0.718477
vt 0.0251482 0.6579
vt 0.0261217 0.659053
vt 0.0249324 0.65941
vt 0.0244114 0.658331
vt 0.587803 0.42
vt 0.588204 0.421268
vt 0.587437 0.422097
vt 0.587386 0.420324
vt 0.586667 0.421065
vt 0.701914 0.182945
vt 0.700851 0.183506
vt 0.701 0.182292
vt 0.70145 0.18441
vt 0.0263254 0.657853
vt 0.0256216 0.656667
vt 0.7 0.182405
vt 0.700207 0.181878
vt 0.700904 0.182616
vt 0.70292 0.183218
vt 0.027088 0.656902
vt 0.701928 0.184262
vt 0.193256 0.642414
vt 0.194252 0.641667
vt 0.195 0.642488
vt 0.700359 0.181355
vt 0.701856 0.181924
vt 0.7033 0.18234
vt 0.0273561 0.658397
vt 0.027997 0.65739
vt 0.701928 0.181152
vt 0.70342 0.181389
vt 0.0281453 0.659284
vt 0.0270808 0.659836
vt 0.0286966 0.65807
vt 0.700442 0.180811
vt 0.703079 0.180004
vt 0.0291667 0.659227
vt 0.504316 0.539894
vt 0.50519 0.540586
vt 0.503538 0.540833
vt 0.503333 0.540221
vt 0.701037 0.180636
vt 0.70183 0.18
vt 0.714533 0.519811
vt 0.715261 0.518752
vt 0.715559 0.519777
vt 0.714786 0.520927
vt 0.706856 0.466667
vt 0.714837 0.517789
vt 0.715025 0.516741
vt 0.715939 0.517798
vt 0.141667 0.656667
vt 0.14185 0.657252
vt 0.141667 0.657833
vt 0.136888 0.657224
vt 0.136673 0.657833
vt 0.136667 0.656667
vt 0.713623 0.339813
vt 0.714297 0.340456
vt 0.714011 0.34138
vt 0.713472 0.341299
vt 0.714567 0.339406
vt 0.713333 0.338393
vt 0.714261 0.338333
vt 0.151639 0.655919
vt 0.152656 0.656912
vt 0.151635 0.657301
vt 0.150762 0.656529
vt 0.151355 0.65478
vt 0.150528 0.655224
vt 0.253295 0.644152
vt 0.253337 0.643333
vt 0.255 0.643442
vt 0.254972 0.644076
vt 0.0917524 0.272196
vt 0.0925 0.271637
vt 0.0914509 0.270656
vt 0.0908339 0.271065
vt 0.152989 0.655779
vt 0.152354 0.654565
vt 0.0908707 0.272492
vt 0.153373 0.65461
vt 0.090204 0.270488
vt 0.0908505 0.269609
vt 0.0903602 0.26956
vt 0.0897488 0.271463
vt 0.0899438 0.2725
vt 0.154538 0.656616
vt 0.153513 0.6575
vt 0.154256 0.654921
vt 0.0893727 0.270181
vt 0.0898101 0.269426
vt 0.0890888 0.272288
vt 0.154874 0.655418
vt 0.088652 0.270829
vt 0.0882791 0.271858
vt 0.710695 0.402469
vt 0.711009 0.403648
vt 0.71028 0.404022
vt 0.0995749 0.284178
vt 0.0988767 0.283828
vt 0.0998591 0.283217
vt 0.0876375 0.271181
vt 0.708917 0.402914
vt 0.708487 0.401566
vt 0.709873 0.401378
vt 0.709331 0.404167
vt 0.0988794 0.282691
vt 0.260404 0.656939
vt 0.259679 0.657793
vt 0.258944 0.657219
vt 0.0991408 0.281667
vt 0.261075 0.657642
vt 0.260535 0.65834
vt 0.708307 0.404059
vt 0.0983333 0.283599
vt 0.261361 0.656819
vt 0.707443 0.402376
vt 0.707367 0.403705
vt 0.259458 0.656004
vt 0.259539 0.656747
vt 0.2587 0.65671
vt 0.258658 0.656423
vt 0.260417 0.655772
vt 0.706667 0.403138
vt 0.25856 0.656165
vt 0.261123 0.655133
vt 0.0147912 0.268473
vt 0.0167847 0.268333
vt 0.0175 0.268525
vt 0.254527 0.716409
vt 0.253333 0.71648
vt 0.253507 0.715042
vt 0.254731 0.715016
vt 0.255705 0.716373
vt 0.255833 0.71543
vt 0.0936453 0.0960426
vt 0.0934262 0.0953385
vt 0.0933333 0.0943173
vt 0.0936296 0.0933333
vt 0.258973 0.655136
vt 0.258333 0.655711
vt 0.259643 0.654504
vt 0.260968 0.654519
vt 0.255473 0.717113
vt 0.260107 0.653732
vt 0.253688 0.717524
vt 0.254687 0.718093
vt 0.714993 0.341867
vt 0.714491 0.341599
vt 0.715268 0.340939
vt 0.259287 0.653333
vt 0.253793 0.718668
vt 0.71601 0.340223
vt 0.715155 0.338482
vt 0.716031 0.338887
vt 0.252243 0.71782
vt 0.252298 0.716719
vt 0.252852 0.718941
vt 0.15 0.655828
vt 0.251632 0.715914
vt 0.252191 0.715
vt 0.165 0.662263
vt 0.165214 0.661667
vt 0.165217 0.662833
vt 0.700336 0.190736
vt 0.700216 0.190263
vt 0.701208 0.190194
vt 0.701962 0.189309
vt 0.70229 0.190557
vt 0.703054 0.189127
vt 0.703331 0.190047
vt 0.713059 0.527141
vt 0.712973 0.525891
vt 0.714485 0.526709
vt 0.714784 0.525613
vt 0.713899 0.525126
vt 0.700737 0.189161
vt 0.7 0.189777
vt 0.702494 0.188333
vt 0.713604 0.528198
vt 0.715489 0.526364
vt 0.253827 0.656516
vt 0.253059 0.657915
vt 0.252721 0.656735
vt 0.254557 0.657616
vt 0.254026 0.658401
vt 0.715016 0.528343
vt 0.715892 0.527288
vt 0.251819 0.656828
vt 0.251875 0.656302
vt 0.254827 0.656738
vt 0.715925 0.528253
vt 0.252805 0.655697
vt 0.251895 0.656005
vt 0.254939 0.655852
vt 0.71475 0.529165
vt 0.713195 0.529269
vt 0.223903 0.712594
vt 0.224649 0.713469
vt 0.224 0.714167
vt 0.223227 0.713272
vt 0.251842 0.655739
vt 0.25363 0.654888
vt 0.254791 0.654898
vt 0.22607 0.713835
vt 0.225621 0.7128
vt 0.224699 0.712043
vt 0.252359 0.654726
vt 0.251667 0.655241
vt 0.254408 0.65407
vt 0.225613 0.711665
vt 0.252915 0.653886
vt 0.253826 0.653333
vt 0.227076 0.712613
vt 0.226565 0.711505
vt 0.315548 0.284982
vt 0.315229 0.284474
vt 0.316258 0.284307
vt 0.192653 0.203813
vt 0.194167 0.204167
vt 0.193836 0.203048
vt 0.2275 0.714034
vt 0.564654 0.561354
vt 0.563333 0.561433
vt 0.563938 0.56
vt 0.31567 0.283333
vt 0.315 0.28415
vt 0.712998 0.714261
vt 0.711834 0.71426
vt 0.711667 0.713155
vt 0.712467 0.713305
vt 0.712018 0.715482
vt 0.0342454 0.658791
vt 0.0329158 0.65854
vt 0.0340611 0.657813
vt 0.0328931 0.65726
vt 0.711798 0.712484
vt 0.712313 0.712315
vt 0.71327 0.715213
vt 0.0340939 0.656762
vt 0.713236 0.712878
vt 0.714168 0.714745
vt 0.0349591 0.657652
vt 0.035396 0.658761
vt 0.0349675 0.656667
vt 0.712809 0.711951
vt 0.714366 0.713222
vt 0.714959 0.714097
vt 0.0360197 0.657913
vt 0.0358644 0.656759
vt 0.713704 0.712257
vt 0.713036 0.711667
vt 0.700953 0.191718
vt 0.701278 0.190977
vt 0.70203 0.191748
vt 0.700414 0.191257
vt 0.70335 0.190979
vt 0.702601 0.192701
vt 0.711896 0.527341
vt 0.711667 0.526264
vt 0.0375 0.65739
vt 0.0372498 0.6585
vt 0.712954 0.525
vt 0.711853 0.528562
vt 0.0525 0.65667
vt 0.0519001 0.656852
vt 0.051334 0.656667
vt 0.00686153 0.633906
vt 0.00666887 0.634499
vt 0.00666667 0.633333
vt 0.571733 0.559246
vt 0.572369 0.558928
vt 0.572774 0.559869
vt 0.572244 0.560155
vt 0.593289 0.555908
vt 0.593474 0.556462
vt 0.592623 0.556669
vt 0.592039 0.557424
vt 0.591423 0.556204
vt 0.216282 0.702811
vt 0.217048 0.701239
vt 0.215556 0.701448
vt 0.570888 0.559761
vt 0.571715 0.560468
vt 0.57047 0.558749
vt 0.571595 0.558189
vt 0.592667 0.557985
vt 0.593412 0.55737
vt 0.215167 0.702724
vt 0.215417 0.704167
vt 0.214694 0.701774
vt 0.593463 0.558333
vt 0.214267 0.703485
vt 0.213873 0.702289
vt 0.571224 0.560833
vt 0.569597 0.559769
vt 0.568845 0.558916
vt 0.569502 0.558138
vt 0.213195 0.702945
vt 0.271272 0.653445
vt 0.270808 0.654743
vt 0.27 0.653944
vt 0.270256 0.653333
vt 0.580752 0.697852
vt 0.581135 0.696708
vt 0.581889 0.697737
vt 0.568333 0.560267
vt 0.574876 0.696395
vt 0.573849 0.695797
vt 0.57445 0.694921
vt 0.575538 0.695665
vt 0.575096 0.69747
vt 0.576108 0.696672
vt 0.582115 0.696489
vt 0.583092 0.697516
vt 0.573872 0.69678
vt 0.5803 0.697057
vt 0.580148 0.696371
vt 0.583116 0.696038
vt 0.573685 0.69786
vt 0.580938 0.695719
vt 0.58182 0.695265
vt 0.582866 0.695166
vt 0.572545 0.696649
vt 0.572768 0.695527
vt 0.572751 0.697789
vt 0.58 0.695859
vt 0.582424 0.694407
vt 0.57186 0.697593
vt 0.187671 0.64266
vt 0.187336 0.641859
vt 0.188368 0.641667
vt 0.188521 0.642037
vt 0.580938 0.694374
vt 0.580391 0.695155
vt 0.571667 0.695962
vt 0.705426 0.479346
vt 0.706237 0.478445
vt 0.706729 0.479345
vt 0.188691 0.6424
vt 0.580956 0.693333
vt 0.706316 0.477171
vt 0.707404 0.477355
vt 0.707521 0.47842
vt 0.705 0.477572
vt 0.187482 0.643598
vt 0.188987 0.642912
vt 0.186667 0.642979
vt 0.59225 0.553583
vt 0.592919 0.553071
vt 0.593588 0.553738
vt 0.593173 0.554484
vt 0.705164 0.476552
vt 0.188391 0.643858
vt 0.593315 0.55522
vt 0.59237 0.555264
vt 0.591777 0.554263
vt 0.706933 0.475798
vt 0.707857 0.475976
vt 0.705563 0.475665
vt 0.594167 0.554987
vt 0.594113 0.555451
vt 0.591524 0.555034
vt 0.706123 0.475
vt 0.594089 0.555939
vt 0.581721 0.557167
vt 0.581667 0.555
vt 0.582624 0.555233
vt 0.583025 0.556512
vt 0.2175 0.70315
vt 0.572579 0.694538
vt 0.573319 0.693372
vt 0.574571 0.693333
vt 0.538001 0.660212
vt 0.538582 0.66
vt 0.539167 0.660211
vt 0.0416667 0.657263
vt 0.0418803 0.656667
vt 0.0418836 0.657833
vt 0.259561 0.638218
vt 0.259482 0.638707
vt 0.258654 0.638424
vt 0.2568 0.63804
vt 0.257885 0.636667
vt 0.25779 0.638074
vt 0.255872 0.664195
vt 0.255138 0.663374
vt 0.255998 0.662378
vt 0.2575 0.663361
vt 0.258551 0.639227
vt 0.259452 0.639017
vt 0.257578 0.639282
vt 0.256686 0.63891
vt 0.254415 0.661667
vt 0.254864 0.66432
vt 0.259501 0.639495
vt 0.256667 0.639749
vt 0.254009 0.663057
vt 0.253891 0.664244
vt 0.258722 0.639982
vt 0.257908 0.640394
vt 0.257107 0.640966
vt 0.253117 0.662736
vt 0.252856 0.663789
vt 0.259597 0.639981
vt 0.529261 0.64526
vt 0.528474 0.646644
vt 0.527733 0.646116
vt 0.716473 0.148949
vt 0.717242 0.14941
vt 0.716574 0.150128
vt 0.716074 0.149875
vt 0.716928 0.147986
vt 0.717983 0.148717
vt 0.258227 0.641847
vt 0.258879 0.641091
vt 0.529635 0.646567
vt 0.530777 0.646115
vt 0.530228 0.644985
vt 0.716936 0.146852
vt 0.71781 0.147345
vt 0.530833 0.647097
vt 0.715633 0.148716
vt 0.715546 0.149692
vt 0.715636 0.14769
vt 0.715985 0.146667
vt 0.529318 0.648208
vt 0.528158 0.647908
vt 0.530665 0.648095
vt 0.715184 0.14959
vt 0.715 0.146787
vt 0.530261 0.649006
vt 0.0726308 0.664418
vt 0.0716667 0.664356
vt 0.0719819 0.663333
vt 0.0723909 0.663352
vt 0.0142935 0.670597
vt 0.0130926 0.670227
vt 0.0135548 0.669399
vt 0.0143427 0.669645
vt 0.0129217 0.671223
vt 0.71422 0.53398
vt 0.715113 0.533725
vt 0.71531 0.53468
vt 0.528746 0.649053
vt 0.0139011 0.668886
vt 0.0143626 0.66873
vt 0.0146958 0.671565
vt 0.714775 0.535649
vt 0.713897 0.534863
vt 0.715751 0.536113
vt 0.529054 0.65
vt 0.0150828 0.669411
vt 0.0155032 0.67033
vt 0.0155741 0.671371
vt 0.715101 0.536837
vt 0.014788 0.668525
vt 0.713796 0.536319
vt 0.712841 0.535289
vt 0.0157086 0.668923
vt 0.0150612 0.668333
vt 0.0164419 0.669512
vt 0.0170574 0.670318
vt 0.712529 0.536455
vt 0.713204 0.537549
vt 0.301016 0.580567
vt 0.300408 0.580485
vt 0.300986 0.579509
vt 0.0175 0.669505
vt 0.712246 0.537428
vt 0.300106 0.579405
vt 0.3 0.578333
vt 0.301357 0.578493
vt 0.258695 0.637287
vt 0.711667 0.535553
vt 0.713352 0.533333
vt 0.712261 0.53389
vt 0.0816831 0.663333
vt 0.081789 0.663939
vt 0.0816667 0.66433
vt 0.04686 0.657241
vt 0.0466687 0.657833
vt 0.0466667 0.656667
vt 0.701568 0.171667
vt 0.70294 0.172006
vt 0.702478 0.172921
vt 0.701066 0.172561
vt 0.700353 0.171827
vt 0.702 0.233997
vt 0.701551 0.233153
vt 0.702101 0.232286
vt 0.702627 0.232549
vt 0.700985 0.234053
vt 0.701994 0.235619
vt 0.7003 0.234834
vt 0.0790623 0.620113
vt 0.0802737 0.620837
vt 0.0791752 0.621288
vt 0.07959 0.62246
vt 0.0810887 0.621651
vt 0.716777 0.140788
vt 0.717559 0.140897
vt 0.716601 0.141825
vt 0.716401 0.141617
vt 0.717432 0.139968
vt 0.718844 0.140009
vt 0.716015 0.14139
vt 0.717752 0.138912
vt 0.0780307 0.621327
vt 0.0775877 0.619901
vt 0.0779192 0.6225
vt 0.716016 0.140418
vt 0.716285 0.139384
vt 0.716504 0.138333
vt 0.0769207 0.621062
vt 0.0766667 0.622125
vt 0.715599 0.141248
vt 0.715373 0.139816
vt 0.201667 0.641667
vt 0.201614 0.642268
vt 0.199954 0.641953
vt 0.715 0.138415
vt 0.0133333 0.663053
vt 0.014394 0.663844
vt 0.0146817 0.662793
vt 0.0158517 0.662882
vt 0.0153706 0.664167
vt 0.282561 0.589831
vt 0.282177 0.5907
vt 0.281667 0.589157
vt 0.283143 0.590717
vt 0.526667 0.53983
vt 0.526421 0.540833
vt 0.524963 0.540215
vt 0.304731 0.584701
vt 0.303895 0.584343
vt 0.304032 0.583333
vt 0.0145727 0.661503
vt 0.0134726 0.661811
vt 0.0158669 0.661874
vt 0.282133 0.588866
vt 0.303173 0.583624
vt 0.01565 0.66087
vt 0.283525 0.58981
vt 0.282437 0.588611
vt 0.302451 0.584171
vt 0.303442 0.585145
vt 0.703156 0.175398
vt 0.70295 0.174184
vt 0.704031 0.17397
vt 0.0138746 0.660218
vt 0.015235 0.66002
vt 0.283605 0.588878
vt 0.282719 0.588333
vt 0.30354 0.585991
vt 0.302669 0.585618
vt 0.301929 0.584915
vt 0.0146626 0.659456
vt 0.304484 0.586053
vt 0.304354 0.586578
vt 0.301667 0.585784
vt 0.702113 0.175096
vt 0.701388 0.175795
vt 0.702259 0.176133
vt 0.570832 0.316667
vt 0.570626 0.317715
vt 0.569507 0.317666
vt 0.571667 0.31753
vt 0.301692 0.586692
vt 0.303116 0.586597
vt 0.70122 0.174138
vt 0.700653 0.175121
vt 0.569256 0.317123
vt 0.301994 0.587549
vt 0.700175 0.174207
vt 0.700585 0.233164
vt 0.7 0.232558
vt 0.701345 0.231667
vt 0.701636 0.231934
vt 0.302544 0.588268
vt 0.3035 0.587261
vt 0.7 0.173207
vt 0.303713 0.58897
vt 0.303989 0.58804
vt 0.704187 0.172741
vt 0.0767726 0.66433
vt 0.0766667 0.663724
vt 0.076789 0.663333
vt 0.216163 0.626839
vt 0.769747 0.578994
g solid_001
usemtl solid_001_wire
f 1/1/1 2/2/2 3/3/3
f 3/3/3 4/4/4 1/1/1
f 5/5/5 6/6/6 7/7/7
f 8/8/8 9/9/9 10/10/10
f 10/10/10 11/11/11 8/8/8
f 12/12/12 13/13/13 14/14/14
f 14/14/14 15/15/15 16/16/16
f 12/12/12 14/14/14 16/16/16
f 16/16/16 17/17/17 18/18/18
f 12/12/12 16/16/16 18/18/18
f 18/19/18 19/20/19 20/21/20
f 21/22/21 22/23/22 23/24/23
f 24/25/24 25/26/25 26/27/26
f 27/28/27 28/29/28 29/30/29
f 30/31/30 31/32/31 32/33/32
f 33/34/33 34/35/34 35/36/35
f 36/37/36 37/38/37 38/39/38
f 39/40/39 40/41/40 41/42/41
f 41/42/41 42/43/42 39/40/39
f 43/44/43 44/45/44 45/46/45
f 45/47/45 46/48/46 47/49/47
f 47/49/47 48/50/48 49/51/49
f 45/47/45 47/49/47 49/51/49
f 49/52/49 50/53/50 51/54/51
f 52/55/52 53/56/53 54/57/54
f 54/57/54 55/58/55 52/55/52
f 56/59/56 40/60/40 57/61/57
f 58/62/58 59/63/59 60/64/60
f 61/65/61 62/66/62 63/67/63
f 64/68/64 65/69/65 66/70/66
f 67/71/67 68/72/68 69/73/69
f 70/74/70 71/75/71 72/76/72
f 73/77/73 74/78/74 75/79/75
f 76/80/76 77/81/77 78/82/78
f 78/82/78 79/83/79 76/80/76
f 80/84/80 81/85/81 82/86/82
f 82/86/82 83/87/83 80/84/80
f 84/88/84 85/89/85 86/90/86
f 87/91/87 85/92/85 88/93/88
f 89/94/89 90/95/90 91/96/91
f 89/94/89 92/97/92 90/95/90
f 93/98/93 94/99/94 95/100/95
f 93/98/93 96/101/96 94/99/94
f 96/101/96 93/98/93 88/93/88
f 96/101/96 88/93/88 97/102/97
f 98/103/98 97/102/97 88/93/88
f 88/93/88 99/104/99 98/103/98
f 99/104/99 88/93/88 100/105/100
f 101/106/101 102/107/102 100/105/100
f 101/106/101 103/108/103 102/107/102
f 101/106/101 104/109/104 103/108/103
f 105/110/105 106/111/106 104/109/104
f 104/109/104 101/106/101 105/110/105
f 105/110/105 107/112/107 106/111/106
f 105/110/105 108/113/108 107/112/107
f 109/114/109 110/115/110 108/113/108
f 108/113/108 105/110/105 109/114/109
f 110/115/110 109/114/109 111/116/111
f 112/117/112 111/116/111 113/118/113
f 113/118/113 114/119/114 112/117/112
f 113/118/113 115/120/115 114/119/114
f 115/120/115 113/118/113 116/121/116
f 117/122/117 118/123/118 119/124/119
f 117/122/117 119/124/119 120/125/120
f 121/126/121 122/127/122 123/128/123
f 122/127/122 121/126/121 124/129/124
f 113/118/113 125/130/125 126/131/126
f 125/130/125 113/118/113 127/132/127
f 113/118/113 128/133/128 129/134/129
f 129/134/129 127/132/127 113/118/113
f 113/118/113 130/135/130 128/133/128
f 131/136/131 132/137/132 133/138/133
f 133/138/133 134/139/134 131/136/131
f 135/140/135 136/141/136 132/137/132
f 132/137/132 131/136/131 135/140/135
f 135/140/135 137/142/137 136/141/136
f 135/140/135 138/143/138 137/142/137
f 138/143/138 135/140/135 139/144/139
f 140/145/140 141/146/141 139/144/139
f 140/145/140 142/147/142 141/146/141
f 143/148/143 144/149/144 142/147/142
f 142/147/142 140/145/140 143/148/143
f 145/150/145 146/151/146 147/152/147
f 147/152/147 144/149/144 145/150/145
f 148/153/148 149/154/149 150/155/150
f 140/145/140 151/156/151 149/157/149
f 152/158/152 153/159/153 154/160/154
f 151/156/151 140/145/140 155/161/155
f 155/161/155 156/162/156 151/156/151
f 156/162/156 155/161/155 157/163/157
f 158/164/158 159/165/159 160/166/160
f 160/166/160 161/167/161 158/164/158
f 160/166/160 162/168/162 161/167/161
f 163/169/163 164/170/164 162/168/162
f 162/168/162 160/166/160 163/169/163
f 163/169/163 165/171/165 164/170/164
f 163/169/163 166/172/166 165/171/165
f 166/172/166 163/169/163 167/173/167
f 167/173/167 168/174/168 169/175/169
f 167/173/167 170/176/170 168/174/168
f 167/173/167 171/177/171 170/176/170
f 172/178/172 173/179/173 174/180/174
f 174/180/174 171/177/171 172/178/172
f 172/178/172 175/181/175 176/182/176
f 172/178/172 177/183/177 175/181/175
f 172/178/172 178/184/178 177/183/177
f 172/178/172 179/185/179 178/184/178
f 179/185/179 172/178/172 180/186/180
f 181/187/181 180/186/180 182/188/182
f 183/189/183 184/190/184 185/191/185
f 186/192/186 187/193/187 183/189/183
f 183/189/183 185/191/185 186/192/186
f 188/194/188 189/195/189 187/193/187
f 187/193/187 186/192/186 188/194/188
f 189/195/189 188/194/188 190/196/190
f 191/197/191 192/198/192 189/195/189
f 189/195/189 190/196/190 191/197/191
f 191/197/191 193/199/193 192/198/192
f 193/199/193 191/197/191 194/200/194
f 195/201/195 196/202/196 193/199/193
f 193/199/193 194/200/194 195/201/195
f 197/203/197 198/204/198 196/202/196
f 196/202/196 195/201/195 197/203/197
f 199/205/199 200/206/200 198/204/198
f 198/204/198 197/203/197 199/205/199
f 201/207/201 202/208/202 200/206/200
f 200/206/200 199/205/199 201/207/201
f 203/209/203 204/210/204 202/208/202
f 202/208/202 201/207/201 203/209/203
f 205/211/205 206/212/206 204/210/204
f 204/210/204 203/209/203 205/211/205
f 207/213/207 208/214/208 206/212/206
f 206/212/206 205/211/205 207/213/207
f 209/215/209 210/216/210 208/214/208
f 208/214/208 207/213/207 209/215/209
f 211/217/211 212/218/212 210/216/210
f 210/216/210 209/215/209 211/217/211
f 213/219/213 214/220/214 212/218/212
f 212/218/212 211/217/211 213/219/213
f 215/221/215 216/222/216 214/220/214
f 214/220/214 213/219/213 215/221/215
f 217/223/217 218/224/218 216/222/216
f 216/222/216 215/221/215 217/223/217
f 219/225/219 220/226/220 218/224/218
f 218/224/218 217/223/217 219/225/219
f 221/227/221 222/228/222 220/226/220
f 220/226/220 219/225/219 221/227/221
f 222/228/222 221/227/221 223/229/223
f 223/229/223 224/230/224 222/228/222
f 225/231/225 226/232/226 224/230/224
f 224/230/224 223/229/223 225/231/225
f 227/233/227 228/234/228 226/232/226
f 226/232/226 225/231/225 227/233/227
f 228/234/228 227/233/227 229/235/229
f 229/235/229 230/236/230 228/234/228
f 230/236/230 229/235/229 231/237/231
f 231/237/231 232/238/232 230/236/230
f 232/238/232 231/237/231 233/239/233
f 234/240/234 235/241/235 232/238/232
f 232/238/232 233/239/233 234/240/234
f 234/240/234 236/242/236 235/241/235
f 237/243/237 238/244/238 236/242/236
f 236/242/236 234/240/234 237/243/237
f 238/244/238 237/243/237 239/245/239
f 239/245/239 240/246/240 238/244/238
f 241/247/241 242/248/242 240/246/240
f 240/246/240 239/245/239 241/247/241
f 242/248/242 241/247/241 243/249/243
f 244/250/244 245/251/245 242/248/242
f 242/248/242 243/249/243 244/250/244
f 245/251/245 244/250/244 246/252/246
f 247/253/247 248/254/248 245/251/245
f 245/251/245 246/252/246 247/253/247
f 249/255/249 250/256/250 251/254/251
f 251/254/251 252/253/252 249/255/249
f 253/257/253 254/258/254 255/256/255
f 255/256/255 256/255/256 253/257/253
f 257/259/257 258/260/258 259/258/259
f 259/258/259 260/257/260 257/259/257
f 261/261/261 262/262/262 263/260/263
f 263/260/263 264/259/264 261/261/261
f 261/261/261 265/263/265 262/262/262
f 265/263/265 261/261/261 266/264/266
f 267/265/267 268/266/268 265/263/265
f 265/263/265 266/264/266 267/265/267
f 269/267/269 270/268/270 268/266/268
f 268/266/268 267/265/267 269/267/269
f 271/269/271 272/270/272 270/268/270
f 270/268/270 269/267/269 271/269/271
f 273/271/273 274/272/274 275/270/275
f 275/270/275 276/269/276 273/271/273
f 277/273/277 278/274/278 279/272/279
f 279/272/279 280/271/280 277/273/277
f 281/275/281 282/276/282 283/274/283
f 283/274/283 284/273/284 281/275/281
f 285/277/285 286/278/286 287/279/287
f 287/279/287 288/280/288 285/277/285
f 289/281/289 290/282/290 291/278/291
f 291/278/291 292/277/292 289/281/289
f 293/283/293 294/284/294 295/282/295
f 295/282/295 296/281/296 293/283/293
f 297/285/297 298/286/298 299/284/299
f 299/284/299 300/283/300 297/285/297
f 301/287/301 302/288/302 298/286/298
f 298/286/298 297/285/297 301/287/301
f 303/289/303 304/290/304 302/288/302
f 302/288/302 301/287/301 303/289/303
f 305/291/305 306/292/306 304/290/304
f 304/290/304 303/289/303 305/291/305
f 307/293/307 308/294/308 306/292/306
f 306/292/306 305/291/305 307/293/307
f 309/295/309 310/296/310 308/294/308
f 308/294/308 307/293/307 309/295/309
f 311/297/311 312/298/312 313/296/313
f 313/296/313 314/295/314 311/297/311
f 315/299/315 316/300/316 317/298/317
f 317/298/317 318/297/318 315/299/315
f 319/301/319 320/302/320 321/300/321
f 321/300/321 322/299/322 319/301/319
f 323/303/323 324/304/324 325/302/325
f 325/302/325 326/301/326 323/303/323
f 327/305/327 328/306/328 324/304/324
f 324/304/324 323/303/323 327/305/327
f 328/306/328 327/305/327 329/307/329
f 329/307/329 330/308/330 328/306/328
f 330/308/330 329/307/329 331/309/331
f 332/310/332 333/311/333 330/308/330
f 330/308/330 331/309/331 332/310/332
f 334/312/334 335/313/335 333/311/333
f 333/311/333 332/310/332 334/312/334
f 334/312/334 336/314/336 335/313/335
f 336/314/336 334/312/334 337/315/337
f 338/316/338 339/317/339 336/314/336
f 336/314/336 337/315/337 338/316/338
f 340/318/340 341/319/341 339/317/339
f 339/317/339 338/316/338 340/318/340
f 342/320/342 343/321/343 341/319/341
f 341/319/341 340/318/340 342/320/342
f 342/320/342 344/322/344 343/321/343
f 344/322/344 342/320/342 345/323/345
f 346/324/346 347/325/347 344/322/344
f 344/322/344 345/323/345 346/324/346
f 348/326/348 349/327/349 347/325/347
f 347/325/347 346/324/346 348/326/348
f 350/328/350 351/329/351 349/327/349
f 349/327/349 348/326/348 350/328/350
f 350/328/350 352/330/352 351/329/351
f 352/330/352 350/328/350 353/331/353
f 354/332/354 355/333/355 352/330/352
f 352/330/352 353/331/353 354/332/354
f 355/333/355 354/332/354 356/334/356
f 356/334/356 357/335/357 355/333/355
f 357/335/357 356/334/356 358/336/358
f 359/337/359 360/338/360 357/335/357
f 357/335/357 358/336/358 359/337/359
f 359/337/359 361/339/361 360/338/360
f 361/339/361 359/337/359 362/340/362
f 363/341/363 364/342/364 361/339/361
f 361/339/361 362/340/362 363/341/363
f 363/341/363 365/343/365 364/342/364
f 365/343/365 363/341/363 366/344/366
f 367/345/367 368/346/368 365/343/365
f 365/343/365 366/344/366 367/345/367
f 369/347/369 370/348/370 368/346/368
f 368/346/368 367/345/367 369/347/369
f 371/349/371 372/350/372 370/348/370
f 370/348/370 369/347/369 371/349/371
f 373/351/373 374/352/374 372/350/372
f 372/350/372 371/349/371 373/351/373
f 374/352/374 373/351/373 375/353/375
f 375/353/375 376/354/376 374/352/374
f 377/355/377 378/356/378 376/354/376
f 376/354/376 375/353/375 377/355/377
f 379/357/379 380/358/380 378/356/378
f 378/356/378 377/355/377 379/357/379
f 381/359/381 382/360/382 380/358/380
f 380/358/380 379/357/379 381/359/381
f 184/190/184 183/189/183 382/360/382
f 382/360/382 381/359/381 184/190/184
f 383/361/383 384/362/384 385/363/385
f 386/364/386 387/365/387 388/366/388
f 387/365/387 386/364/386 389/367/389
f 390/368/390 391/369/391 392/370/392
f 391/369/391 390/368/390 393/371/393
f 394/372/394 395/373/395 396/374/396
f 397/375/397 398/376/398 399/374/399
f 399/374/399 400/373/400 397/375/397
f 398/376/398 397/375/397 401/377/401
f 402/378/402 403/379/403 398/376/398
f 398/376/398 401/377/401 402/378/402
f 404/380/404 405/381/405 403/379/403
f 403/379/403 402/378/402 404/380/404
f 406/382/406 407/383/407 408/384/408
f 409/385/409 410/386/410 411/387/411
f 412/388/412 413/389/413 414/390/414
f 414/390/414 415/391/415 412/388/412
f 416/392/416 417/393/417 413/389/413
f 413/389/413 412/388/412 416/392/416
f 418/394/418 419/395/419 417/393/417
f 417/393/417 416/392/416 418/394/418
f 419/395/419 418/394/418 420/396/420
f 421/397/421 422/398/422 423/399/423
f 424/400/424 425/401/425 422/402/422
f 426/403/426 427/404/427 428/405/428
f 428/405/428 429/406/429 426/403/426
f 430/405/430 431/404/431 432/407/432
f 433/408/433 434/409/434 435/410/435
f 436/411/436 437/412/437 438/413/438
f 437/412/437 436/411/436 439/414/439
f 440/415/440 441/416/441 442/417/442
f 443/418/443 444/419/444 445/420/445
f 444/419/444 443/418/443 446/421/446
f 447/422/447 448/423/448 449/424/449
f 450/425/450 451/426/451 452/427/452
f 453/428/453 454/429/454 455/430/455
f 453/428/453 456/431/456 454/429/454
f 457/432/457 456/431/456 385/363/385
f 384/362/384 458/433/458 385/363/385
f 459/434/459 460/435/460 384/362/384
f 459/434/459 461/436/461 460/435/460
f 462/437/462 463/438/463 461/436/461
f 461/436/461 459/434/459 462/437/462
f 464/439/464 465/440/465 463/438/463
f 388/441/388 466/442/466 465/440/465
f 465/440/465 464/439/464 388/441/388
f 388/443/388 467/444/467 466/445/466
f 467/444/467 388/443/388 387/446/387
f 387/446/387 468/447/468 467/444/467
f 468/447/468 387/446/387 469/448/469
f 470/449/470 471/450/471 469/448/469
f 471/450/471 470/449/470 472/451/472
f 473/452/473 391/453/391 471/450/471
f 471/450/471 472/451/472 473/452/473
f 391/369/391 473/454/473 392/370/392
f 474/455/474 393/371/393 475/456/475
f 476/457/476 477/458/477 478/459/478
f 479/460/479 480/461/480 481/462/481
f 480/461/480 479/460/479 482/463/482
f 480/461/480 482/463/482 483/464/483
f 483/464/483 394/372/394 396/374/396
f 398/376/398 484/465/484 399/374/399
f 398/376/398 485/466/485 486/467/486
f 403/379/403 487/468/487 485/466/485
f 485/466/485 398/376/398 403/379/403
f 405/469/405 488/470/488 489/471/489
f 489/468/489 403/379/403 405/381/405
f 490/472/490 491/473/491 492/474/492
f 493/475/493 494/476/494 495/473/495
f 495/473/495 490/472/490 493/475/493
f 411/387/411 496/477/496 494/476/494
f 494/476/494 493/475/493 411/387/411
f 497/477/497 411/387/411 410/386/410
f 413/389/413 498/478/498 499/479/499
f 499/479/499 414/390/414 413/389/413
f 417/480/417 500/481/500 501/482/501
f 501/478/501 413/389/413 417/393/417
f 419/483/419 502/484/502 503/481/503
f 503/481/503 417/480/417 419/483/419
f 420/485/420 504/486/504 505/484/505
f 505/484/505 419/483/419 420/485/420
f 504/487/504 420/488/420 506/489/506
f 507/490/507 508/491/508 506/489/506
f 509/492/509 510/493/510 507/490/507
f 429/406/429 511/494/511 510/493/510
f 510/493/510 509/492/509 429/406/429
f 429/406/429 512/495/512 513/494/513
f 428/405/428 512/495/512 429/406/429
f 432/407/432 514/496/514 430/405/430
f 432/407/432 515/497/515 514/496/514
f 515/497/515 432/407/432 516/498/516
f 517/499/517 518/500/518 515/497/515
f 515/497/515 516/498/516 517/499/517
f 518/500/518 517/499/517 438/413/438
f 438/413/438 519/501/519 518/500/518
f 438/413/438 520/502/520 519/501/519
f 520/502/520 438/413/438 437/412/437
f 437/412/437 439/414/439 521/503/521
f 437/412/437 521/503/521 522/504/522
f 522/504/522 523/505/523 437/412/437
f 523/505/523 522/504/522 524/506/524
f 523/505/523 524/506/524 525/507/525
f 523/505/523 525/507/525 526/508/526
f 527/509/527 528/510/528 526/511/526
f 528/510/528 527/509/527 445/512/445
f 529/513/529 445/420/445 444/419/444
f 449/424/449 530/514/530 531/515/531
f 448/423/448 532/516/532 530/514/530
f 530/514/530 449/424/449 448/423/448
f 448/423/448 452/517/452 532/516/532
f 451/426/451 533/518/533 452/427/452
f 534/519/534 535/520/535 533/521/533
f 536/522/536 537/523/537 538/524/538
f 539/525/539 455/430/455 454/429/454
f 456/431/456 457/432/457 454/429/454
f 385/363/385 540/526/540 457/432/457
f 385/363/385 458/433/458 540/526/540
f 458/433/458 384/362/384 460/435/460
f 463/438/463 465/440/465 461/436/461
f 541/527/541 542/528/542 543/529/543
f 469/530/469 471/531/471 468/532/468
f 393/371/393 544/533/544 391/369/391
f 544/533/544 393/371/393 474/455/474
f 475/456/475 545/534/545 474/455/474
f 545/534/545 475/456/475 546/535/546
f 481/462/481 547/536/547 546/535/546
f 481/462/481 548/537/548 547/536/547
f 549/538/549 483/539/483 396/540/396
f 485/541/485 550/542/550 486/543/486
f 551/544/551 485/466/485 487/468/487
f 405/469/405 552/545/552 488/470/488
f 552/545/552 405/469/405 492/546/492
f 494/547/494 553/548/553 495/549/495
f 554/548/554 494/547/494 496/550/496
f 507/490/507 555/551/555 508/491/508
f 555/551/555 507/490/507 510/493/510
f 512/495/512 556/552/556 513/494/513
f 428/405/428 557/552/557 512/495/512
f 523/505/523 558/553/558 559/554/559
f 559/554/559 437/412/437 523/505/523
f 523/505/523 560/555/560 558/553/558
f 526/511/526 561/556/561 560/557/560
f 560/557/560 523/558/523 526/511/526
f 561/556/561 526/511/526 528/510/528
f 562/559/562 445/512/445 529/560/529
f 449/424/449 531/515/531 563/561/563
f 563/561/563 529/562/529 449/424/449
f 452/563/452 564/564/564 532/565/532
f 452/563/452 565/566/565 564/564/564
f 565/566/565 452/563/452 533/521/533
f 533/521/533 566/567/566 565/566/565
f 566/567/566 533/521/533 535/520/535
f 535/568/535 534/569/534 567/570/567
f 568/571/568 569/572/569 570/573/570
f 571/574/571 572/575/572 570/576/570
f 573/577/573 571/578/571 574/579/574
f 461/580/461 575/581/575 460/582/460
f 465/583/465 576/584/576 575/581/575
f 575/581/575 461/580/461 465/583/465
f 465/583/465 577/585/577 576/584/576
f 542/528/542 578/586/578 543/529/543
f 579/587/579 580/588/580 581/589/581
f 391/453/391 582/590/582 583/591/583
f 583/592/583 471/593/471 391/594/391
f 582/590/582 391/453/391 584/595/584
f 391/453/391 544/596/544 584/595/584
f 546/535/546 585/597/585 545/534/545
f 585/597/585 546/535/546 547/536/547
f 548/537/548 481/462/481 480/461/480
f 586/598/586 480/461/480 483/464/483
f 483/539/483 549/538/549 586/599/586
f 396/540/396 587/600/587 549/538/549
f 588/601/588 399/374/399 484/465/484
f 487/468/487 589/602/589 551/544/551
f 590/603/590 489/471/489 488/470/488
f 492/546/492 591/604/591 552/545/552
f 491/549/491 592/605/592 591/604/591
f 591/604/591 492/546/492 491/549/491
f 593/605/593 495/549/495 553/548/553
f 496/606/496 594/607/594 554/608/554
f 410/386/410 595/609/595 596/610/596
f 596/610/596 497/477/497 410/386/410
f 597/611/597 499/479/499 498/478/498
f 598/612/598 501/613/501 500/614/500
f 599/615/599 504/487/504 506/489/506
f 599/615/599 506/489/506 508/491/508
f 511/494/511 600/616/600 510/493/510
f 601/617/601 513/494/513 556/552/556
f 557/552/557 428/405/428 602/618/602
f 603/618/603 430/405/430 514/496/514
f 604/619/604 514/496/514 515/497/515
f 437/412/437 605/620/605 520/502/520
f 605/620/605 437/412/437 559/554/559
f 562/559/562 528/510/528 445/512/445
f 606/621/606 607/622/607 608/623/608
f 529/562/529 609/624/609 610/625/610
f 609/624/609 529/562/529 563/561/563
f 530/626/530 611/627/611 531/628/531
f 532/565/532 612/629/612 611/627/611
f 611/627/611 530/626/530 532/565/532
f 612/629/612 532/565/532 564/564/564
f 613/630/613 614/631/614 615/632/615
f 567/570/567 616/633/616 617/634/617
f 617/634/617 535/568/535 567/570/567
f 455/430/455 539/525/539 616/633/616
f 616/633/616 567/570/567 455/430/455
f 618/635/618 539/636/539 619/637/619
f 457/638/457 620/639/620 619/637/619
f 620/639/620 457/638/457 621/640/621
f 621/640/621 622/641/622 620/639/620
f 622/641/622 621/640/621 540/642/540
f 622/641/622 540/642/540 623/643/623
f 468/447/468 624/644/624 467/444/467
f 625/645/625 626/646/626 624/644/624
f 624/644/624 468/447/468 625/645/625
f 626/646/626 625/645/625 471/450/471
f 471/450/471 627/647/627 626/646/626
f 627/647/627 471/450/471 583/591/583
f 583/591/583 628/648/628 627/647/627
f 582/590/582 629/649/629 628/648/628
f 628/648/628 583/591/583 582/590/582
f 584/595/584 630/650/630 582/590/582
f 586/598/586 631/651/631 480/461/480
f 632/652/632 633/653/633 631/651/631
f 631/651/631 586/598/586 632/652/632
f 634/601/634 635/654/635 632/652/632
f 636/655/636 635/654/635 634/601/634
f 484/465/484 637/656/637 638/655/638
f 638/655/638 588/601/588 484/465/484
f 550/544/550 639/657/639 640/656/640
f 640/658/640 486/543/486 550/542/550
f 589/603/589 641/659/641 642/660/642
f 642/657/642 551/544/551 589/602/589
f 643/659/643 590/603/590 488/470/488
f 553/548/553 644/661/644 593/605/593
f 594/662/594 645/663/645 646/661/646
f 646/664/646 554/608/554 594/607/594
f 595/665/595 647/666/647 648/663/648
f 648/663/648 596/667/596 595/665/595
f 500/481/500 649/668/649 650/669/650
f 650/669/650 598/670/598 500/481/500
f 502/484/502 651/671/651 652/668/652
f 652/668/652 503/481/503 502/484/502
f 653/671/653 505/484/505 504/486/504
f 510/493/510 654/672/654 555/551/555
f 655/673/655 656/674/656 657/675/657
f 556/552/556 658/676/658 601/617/601
f 557/552/557 602/618/602 659/677/659
f 659/677/659 660/676/660 557/552/557
f 661/678/661 603/679/603 662/680/662
f 663/681/663 664/682/664 665/683/665
f 665/683/665 666/684/666 663/681/663
f 667/685/667 668/686/668 664/682/664
f 664/682/664 663/681/663 667/685/667
f 558/553/558 669/687/669 559/554/559
f 670/688/670 560/555/560 671/689/671
f 528/690/528 672/691/672 671/692/671
f 528/690/528 673/693/673 672/691/672
f 673/693/673 528/690/528 607/622/607
f 607/622/607 674/694/674 673/693/673
f 610/621/610 675/695/675 674/694/674
f 674/694/674 607/622/607 610/621/610
f 675/695/675 606/621/606 676/696/676
f 677/697/677 564/564/564 565/566/565
f 678/698/678 566/567/566 535/520/535
f 679/699/679 680/700/680 535/520/535
f 617/701/617 681/702/681 680/700/680
f 680/700/680 679/699/679 617/701/617
f 616/703/616 682/704/682 681/702/681
f 681/702/681 617/701/617 616/703/616
f 539/636/539 683/705/683 682/704/682
f 682/704/682 616/703/616 539/636/539
f 618/635/618 619/637/619 620/639/620
f 623/643/623 684/706/684 622/641/622
f 458/707/458 685/708/685 684/706/684
f 684/706/684 623/643/623 458/707/458
f 685/708/685 458/707/458 686/709/686
f 686/709/686 687/710/687 685/708/685
f 687/710/687 686/709/686 460/582/460
f 575/581/575 688/711/688 687/710/687
f 687/710/687 460/582/460 575/581/575
f 576/584/576 689/712/689 688/711/688
f 688/711/688 575/581/575 576/584/576
f 689/712/689 576/584/576 577/585/577
f 690/713/690 691/714/691 689/712/689
f 689/712/689 577/585/577 690/713/690
f 690/713/690 692/715/692 691/714/691
f 692/715/692 690/713/690 466/445/466
f 467/444/467 693/716/693 692/715/692
f 692/715/692 466/445/466 467/444/467
f 693/716/693 467/444/467 624/644/624
f 629/649/629 582/590/582 630/650/630
f 544/533/544 694/717/694 630/718/630
f 630/650/630 584/595/584 544/596/544
f 474/455/474 695/719/695 694/717/694
f 694/717/694 544/533/544 474/455/474
f 474/455/474 696/720/696 695/719/695
f 696/720/696 474/455/474 545/534/545
f 585/597/585 697/721/697 696/720/696
f 696/720/696 545/534/545 585/597/585
f 585/597/585 698/722/698 697/721/697
f 698/722/698 585/597/585 547/536/547
f 699/723/699 700/724/700 698/722/698
f 698/722/698 547/536/547 699/723/699
f 699/723/699 701/725/701 700/724/700
f 480/461/480 702/726/702 701/725/701
f 701/725/701 699/723/699 480/461/480
f 702/726/702 480/461/480 631/651/631
f 633/653/633 632/652/632 635/654/635
f 488/470/488 703/727/703 643/659/643
f 488/470/488 704/728/704 703/727/703
f 552/545/552 705/729/705 704/728/704
f 704/728/704 488/470/488 552/545/552
f 552/545/552 706/730/706 705/729/705
f 591/604/591 707/731/707 706/730/706
f 706/730/706 552/545/552 591/604/591
f 707/731/707 591/604/591 592/605/592
f 647/666/647 708/732/708 648/663/648
f 647/666/647 709/733/709 708/732/708
f 504/486/504 710/734/710 653/671/653
f 599/735/599 711/736/711 710/734/710
f 710/734/710 504/486/504 599/735/599
f 599/735/599 712/737/712 711/736/711
f 508/738/508 713/739/713 712/737/712
f 712/737/712 599/735/599 508/738/508
f 555/551/555 714/740/714 713/741/713
f 713/741/713 508/491/508 555/551/555
f 714/740/714 555/551/555 654/672/654
f 662/680/662 715/742/715 661/678/661
f 666/684/666 716/743/716 715/742/715
f 715/742/715 662/680/662 666/684/666
f 666/684/666 665/683/665 716/743/716
f 667/685/667 717/744/717 668/686/668
f 717/744/717 667/685/667 718/745/718
f 718/745/718 719/746/719 717/744/717
f 520/502/520 720/747/720 719/748/719
f 719/746/719 718/745/718 520/749/520
f 720/747/720 520/502/520 605/620/605
f 605/620/605 721/750/721 720/747/720
f 559/554/559 722/751/722 721/750/721
f 721/750/721 605/620/605 559/554/559
f 559/554/559 723/752/723 722/751/722
f 723/752/723 559/554/559 669/687/669
f 558/553/558 724/753/724 669/687/669
f 560/555/560 670/688/670 724/753/724
f 724/753/724 558/553/558 560/555/560
f 671/689/671 725/754/725 670/688/670
f 725/755/725 671/692/671 672/691/672
f 676/696/676 726/756/726 675/695/675
f 563/757/563 727/758/727 726/756/726
f 726/756/726 676/696/676 563/757/563
f 727/758/727 563/757/563 728/759/728
f 728/760/728 729/761/729 727/762/727
f 729/763/729 728/759/728 611/627/611
f 612/629/612 730/764/730 729/763/729
f 729/763/729 611/627/611 612/629/612
f 730/764/730 612/629/612 564/564/564
f 730/764/730 564/564/564 677/697/677
f 565/566/565 731/765/731 677/697/677
f 731/765/731 565/566/565 566/567/566
f 731/765/731 566/567/566 678/698/678
f 535/520/535 680/700/680 678/698/678
f 539/636/539 732/766/732 683/705/683
f 539/636/539 733/767/733 732/766/732
f 733/767/733 539/636/539 618/635/618
f 637/656/637 734/768/734 638/655/638
f 639/660/639 735/769/735 736/770/736
f 736/768/736 640/656/640 639/657/639
f 641/659/641 737/771/737 738/769/738
f 738/769/738 642/660/642 641/659/641
f 739/771/739 643/659/643 703/727/703
f 592/605/592 740/772/740 707/731/707
f 644/661/644 741/773/741 742/772/742
f 742/772/742 593/605/593 644/661/644
f 645/663/645 743/732/743 744/773/744
f 744/773/744 646/661/646 645/663/645
f 745/774/745 708/732/708 709/733/709
f 746/669/746 747/775/747 748/776/748
f 649/668/649 749/777/749 750/775/750
f 750/775/750 650/669/650 649/668/649
f 651/671/651 751/778/751 752/777/752
f 752/777/752 652/668/652 651/671/651
f 753/778/753 653/671/653 710/734/710
f 657/675/657 754/779/754 655/673/655
f 658/676/658 755/780/755 756/781/756
f 756/781/756 601/617/601 658/676/658
f 659/677/659 757/780/757 660/676/660
f 597/611/597 758/782/758 499/479/499
f 758/783/758 597/784/597 746/669/746
f 746/669/746 759/785/759 758/783/758
f 759/785/759 746/669/746 748/776/748
f 760/786/760 761/787/761 762/788/762
f 763/789/763 760/786/760 762/788/762
f 764/790/764 763/789/763 762/788/762
f 765/791/765 766/792/766 767/793/767
f 768/794/768 762/795/762 769/796/769
f 770/797/770 768/794/768 769/796/769
f 770/797/770 769/796/769 771/798/771
f 770/797/770 771/798/771 772/799/772
f 773/800/773 774/801/774 775/802/775
f 776/803/776 773/800/773 775/802/775
f 777/804/777 776/803/776 775/802/775
f 775/802/775 778/805/778 779/806/779
f 779/806/779 780/807/780 781/808/781
f 775/802/775 779/806/779 781/808/781
f 781/808/781 782/809/782 783/810/783
f 783/810/783 784/811/784 785/812/785
f 781/808/781 783/810/783 785/812/785
f 775/802/775 781/808/781 785/812/785
f 777/804/777 775/802/775 785/812/785
f 786/813/786 777/804/777 785/812/785
f 787/814/787 786/813/786 785/812/785
f 788/815/788 787/814/787 785/812/785
f 789/816/789 788/815/788 785/812/785
f 785/812/785 790/817/790 791/818/791
f 789/816/789 785/812/785 791/818/791
f 792/819/792 789/816/789 791/818/791
f 792/819/792 791/818/791 793/820/793
f 794/821/794 795/822/795 796/823/796
f 796/823/796 797/824/797 798/825/798
f 798/825/798 799/826/799 800/827/800
f 796/823/796 798/825/798 800/827/800
f 794/821/794 796/823/796 800/827/800
f 800/827/800 801/828/801 802/829/802
f 802/829/802 803/830/803 804/831/804
f 800/827/800 802/829/802 804/831/804
f 804/831/804 805/832/805 806/833/806
f 804/831/804 806/833/806 807/834/807
f 800/827/800 804/831/804 807/834/807
f 800/827/800 807/834/807 808/835/808
f 794/821/794 800/827/800 808/835/808
f 809/836/809 794/821/794 808/835/808
f 809/836/809 808/835/808 810/837/810
f 793/820/793 809/836/809 810/837/810
f 793/820/793 810/837/810 811/838/811
f 793/820/793 811/838/811 812/839/812
f 793/820/793 812/839/812 813/840/813
f 814/841/814 815/842/815 816/843/816
f 817/844/817 814/841/814 816/843/816
f 818/845/818 817/844/817 816/843/816
f 818/845/818 816/843/816 819/846/819
f 820/847/820 818/845/818 819/846/819
f 821/848/821 822/849/822 823/850/823
f 824/851/824 821/848/821 823/850/823
f 825/852/825 824/851/824 823/850/823
f 826/853/826 825/852/825 823/850/823
f 827/854/827 826/853/826 823/850/823
f 828/855/828 827/854/827 823/850/823
f 829/856/829 828/855/828 823/850/823
f 830/857/830 829/856/829 823/850/823
f 831/858/831 830/857/830 823/850/823
f 832/859/832 831/858/831 823/850/823
f 833/860/833 834/861/834 823/850/823
f 835/862/835 833/860/833 823/850/823
f 836/863/836 835/862/835 823/850/823
f 813/840/813 836/863/836 823/850/823
f 793/820/793 813/840/813 823/850/823
f 792/819/792 793/820/793 823/850/823
f 837/864/837 792/819/792 823/850/823
f 838/865/838 837/864/837 823/850/823
f 838/865/838 823/850/823 839/866/839
f 840/867/840 838/865/838 839/866/839
f 841/868/841 840/867/840 839/866/839
f 842/869/842 841/868/841 839/866/839
f 843/870/843 842/869/842 839/866/839
f 772/799/772 843/870/843 839/866/839
f 770/797/770 772/799/772 839/866/839
f 844/871/844 770/797/770 839/866/839
f 845/872/845 844/871/844 839/866/839
f 846/873/846 845/872/845 839/866/839
f 847/874/847 846/873/846 839/866/839
f 848/875/848 847/874/847 839/866/839
f 849/876/849 848/875/848 839/866/839
f 850/877/850 849/876/849 839/866/839
f 850/877/850 839/866/839 851/878/851
f 120/125/120 119/124/119 116/121/116
f 123/128/123 120/125/120 116/121/116
f 121/126/121 123/128/123 116/121/116
f 121/126/121 116/121/116 113/118/113
f 93/98/93 852/879/852 853/880/853
f 93/98/93 853/880/853 854/881/854
f 93/98/93 854/881/854 89/94/89
f 91/96/91 855/882/855 88/93/88
f 89/94/89 91/96/91 88/93/88
f 93/98/93 89/94/89 88/93/88
f 101/106/101 100/105/100 88/93/88
f 101/106/101 88/93/88 85/92/85
f 101/106/101 85/92/85 84/883/84
f 105/110/105 101/106/101 84/883/84
f 84/883/84 182/188/182 180/186/180
f 84/883/84 180/186/180 172/178/172
f 172/178/172 171/177/171 167/173/167
f 172/178/172 167/173/167 163/169/163
f 84/883/84 172/178/172 163/169/163
f 84/883/84 163/169/163 160/166/160
f 856/884/856 145/150/145 144/149/144
f 150/885/150 856/884/856 144/149/144
f 150/885/150 144/149/144 143/148/143
f 148/153/148 150/155/150 143/886/143
f 134/139/134 857/887/857 131/136/131
f 140/145/140 139/144/139 135/140/135
f 155/161/155 140/145/140 135/140/135
f 157/163/157 155/161/155 135/140/135
f 159/165/159 157/163/157 135/140/135
f 160/166/160 159/165/159 135/140/135
f 84/883/84 160/166/160 135/140/135
f 105/110/105 84/883/84 135/140/135
f 105/110/105 135/140/135 113/118/113
f 109/114/109 105/110/105 113/118/113
f 111/116/111 109/114/109 113/118/113
f 124/129/124 121/126/121 113/118/113
f 126/131/126 124/129/124 113/118/113
f 130/135/130 113/118/113 858/888/858
f 859/889/859 860/890/860 861/891/861
f 861/891/861 862/892/862 859/889/859
f 863/893/863 864/894/864 865/895/865
f 866/275/866 867/896/867 868/897/868
f 868/897/868 869/774/869 870/733/870
f 868/897/868 870/733/870 871/666/871
f 866/275/866 868/897/868 871/666/871
f 866/275/866 871/666/871 872/665/872
f 866/275/866 872/665/872 873/898/873
f 866/275/866 873/898/873 874/276/874
f 875/785/875 876/776/876 877/899/877
f 878/783/878 875/785/875 877/899/877
f 879/900/879 878/783/878 877/899/877
f 880/901/880 879/900/879 877/899/877
f 877/899/877 881/902/881 882/280/882
f 880/901/880 877/899/877 882/280/882
f 883/279/883 880/901/880 882/280/882
f 884/903/884 885/904/885 886/905/886
f 887/906/887 888/907/888 889/908/889
f 890/909/890 891/910/891 892/911/892
f 891/910/891 890/909/890 893/912/893
f 894/911/894 895/913/895 896/914/896
f 895/913/895 894/911/894 897/910/897
f 898/913/898 899/915/899 900/914/900
f 899/915/899 898/913/898 901/916/901
f 902/917/902 903/918/903 904/919/904
f 905/920/905 906/921/906 907/922/907
f 906/921/906 905/920/905 908/923/908
f 909/922/909 910/924/910 911/925/911
f 910/924/910 909/922/909 912/921/912
f 913/924/913 914/926/914 915/925/915
f 914/926/914 913/924/913 916/927/916
f 917/928/917 918/929/918 919/930/919
f 920/931/920 921/932/921 922/933/922
f 921/932/921 920/931/920 923/934/923
f 924/933/924 925/935/925 926/936/926
f 925/935/925 924/933/924 927/932/927
f 928/935/928 929/937/929 930/936/930
f 929/937/929 928/935/928 931/938/931
f 932/939/932 933/940/933 934/941/934
f 935/942/935 936/943/936 937/944/937
f 938/945/938 939/946/939 940/947/940
f 939/946/939 938/945/938 941/948/941
f 942/947/942 943/949/943 944/950/944
f 943/949/943 942/947/942 945/946/945
f 946/949/946 947/951/947 948/950/948
f 947/951/947 946/949/946 949/952/949
f 950/953/950 951/954/951 952/955/952
f 951/954/951 950/953/950 953/956/953
f 954/957/954 955/958/955 956/959/956
f 955/958/955 954/957/954 957/960/957
f 958/961/958 959/962/959 960/963/960
f 959/962/959 958/961/958 961/964/961
f 962/965/962 963/966/963 964/967/964
f 963/966/963 962/965/962 965/968/965
f 966/909/966 967/911/967 968/969/968
f 969/969/969 970/914/970 971/970/971
f 970/914/970 969/969/969 972/911/972
f 973/914/973 974/915/974 975/970/975
f 976/920/976 977/922/977 978/971/978
f 979/971/979 980/925/980 981/972/981
f 980/925/980 979/971/979 982/922/982
f 983/925/983 984/926/984 985/972/985
f 986/931/986 987/933/987 988/973/988
f 989/973/989 990/936/990 991/974/991
f 990/936/990 989/973/989 992/933/992
f 993/936/993 994/937/994 995/974/995
f 996/945/996 997/947/997 998/975/998
f 999/975/999 1000/950/1000 1001/976/1001
f 1000/950/1000 999/975/999 1002/947/1002
f 1003/950/1003 1004/951/1004 1005/976/1005
f 1006/977/1006 1007/955/1007 1008/978/1008
f 1007/955/1007 1006/977/1006 1009/953/1009
f 1010/979/1010 1011/959/1011 1012/980/1012
f 1011/959/1011 1010/979/1010 1013/957/1013
f 1014/981/1014 1015/963/1015 1016/982/1016
f 1015/963/1015 1014/981/1014 1017/961/1017
f 1018/983/1018 1019/967/1019 1020/984/1020
f 1019/967/1019 1018/983/1018 1021/965/1021
f 1022/985/1022 1023/986/1023 1024/987/1024
f 1025/987/1025 1026/988/1026 1027/989/1027
f 1026/988/1026 1025/987/1025 1028/986/1028
f 1029/988/1029 1030/990/1030 1031/989/1031
f 1032/991/1032 1033/992/1033 1034/993/1034
f 1035/993/1035 1036/994/1036 1037/995/1037
f 1036/994/1036 1035/993/1035 1038/992/1038
f 1039/994/1039 1040/996/1040 1041/995/1041
f 1042/996/1042 1043/997/1043 1044/998/1044
f 1045/998/1045 1046/999/1046 1047/1000/1047
f 1046/999/1046 1045/998/1045 1048/997/1048
f 1049/999/1049 1050/1001/1050 1051/1000/1051
f 1052/1001/1052 1053/1002/1053 1054/1003/1054
f 1055/1003/1055 1056/1004/1056 1057/1005/1057
f 1056/1004/1056 1055/1003/1055 1058/1002/1058
f 1059/1004/1059 1060/1006/1060 1061/1005/1061
f 1062/1007/1062 1063/1008/1063 1064/1009/1064
f 1063/1008/1063 1062/1007/1062 1065/1010/1065
f 1066/1009/1066 1067/1011/1067 1068/1012/1068
f 1067/1011/1067 1066/1009/1066 1069/1008/1069
f 1070/1012/1070 1071/1013/1071 1072/1014/1072
f 1071/1013/1071 1070/1012/1070 1073/1011/1073
f 1074/1014/1074 1075/1010/1075 1076/1007/1076
f 1075/1010/1075 1074/1014/1074 1077/1013/1077
f 1078/985/1078 1079/987/1079 1080/1015/1080
f 1081/1015/1081 1082/989/1082 1083/1016/1083
f 1082/989/1082 1081/1015/1081 1084/987/1084
f 1085/1016/1085 1086/989/1086 1087/990/1087
f 1088/993/1088 1089/1017/1089 1090/991/1090
f 1091/1017/1091 1092/995/1092 1093/1018/1093
f 1092/995/1092 1091/1017/1091 1094/993/1094
f 1095/1018/1095 1096/995/1096 1097/996/1097
f 1098/998/1098 1099/1019/1099 1100/996/1100
f 1101/1019/1101 1102/1000/1102 1103/1020/1103
f 1102/1000/1102 1101/1019/1101 1104/998/1104
f 1105/1000/1105 1106/1001/1106 1107/1020/1107
f 1108/1003/1108 1109/1021/1109 1110/1001/1110
f 1111/1021/1111 1112/1005/1112 1113/1022/1113
f 1112/1005/1112 1111/1021/1111 1114/1003/1114
f 1115/1022/1115 1116/1005/1116 1117/1006/1117
f 1118/1023/1118 1119/1009/1119 1120/1024/1120
f 1119/1009/1119 1118/1023/1118 1121/1007/1121
f 1122/1024/1122 1123/1012/1123 1124/1025/1124
f 1123/1012/1123 1122/1024/1122 1125/1009/1125
f 1126/1025/1126 1127/1014/1127 1128/1026/1128
f 1127/1014/1127 1126/1025/1126 1129/1012/1129
f 1130/1026/1130 1131/1007/1131 1132/1023/1132
f 1131/1007/1131 1130/1026/1130 1133/1014/1133
f 1134/1027/1134 1135/1028/1135 1136/1029/1136
f 1135/985/1135 1137/1015/1137 1138/1030/1138
f 1139/1030/1139 1140/1016/1140 1141/1031/1141
f 1140/1016/1140 1139/1030/1139 1137/1015/1137
f 1140/1016/1140 1142/990/1142 1143/1031/1143
f 1142/1032/1142 1144/1033/1144 1145/1034/1145
f 1146/1031/1146 1147/1018/1147 1148/1035/1148
f 1147/1018/1147 1146/1031/1146 1144/1017/1144
f 1147/1018/1147 1149/996/1149 1150/1035/1150
f 1149/996/1149 1151/1019/1151 1152/1035/1152
f 1153/1035/1153 1154/1020/1154 1155/1036/1155
f 1154/1020/1154 1153/1035/1153 1151/1019/1151
f 1154/1020/1154 1156/1001/1156 1155/1036/1155
f 1156/1037/1156 1157/1038/1157 1158/1039/1158
f 1159/1036/1159 1134/1022/1134 1160/1030/1160
f 1134/1022/1134 1159/1036/1159 1157/1021/1157
f 1161/1030/1161 1162/1024/1162 1163/1036/1163
f 1162/1024/1162 1161/1030/1161 1164/1023/1164
f 1165/1036/1165 1166/1025/1166 1167/1035/1167
f 1166/1025/1166 1165/1036/1165 1168/1024/1168
f 1169/1035/1169 1170/1026/1170 1171/1031/1171
f 1170/1026/1170 1169/1035/1169 1172/1025/1172
f 1173/1031/1173 1174/1023/1174 1175/1030/1175
f 1174/1023/1174 1173/1031/1173 1176/1026/1176
f 1177/1040/1177 1178/1041/1178 1179/1042/1179
f 1178/1041/1178 1177/1040/1177 1180/1043/1180
f 1181/1044/1181 1182/1045/1182 1183/1046/1183
f 1182/1045/1182 1181/1044/1181 1184/1047/1184
f 1185/1048/1185 1186/1049/1186 1187/1050/1187
f 1185/1048/1185 1188/1051/1188 1186/1049/1186
f 1189/1052/1189 1188/1051/1188 1185/1048/1185
f 1190/1053/1190 1191/1054/1191 1192/1055/1192
f 1193/1056/1193 1194/1057/1194 1195/1058/1195
f 1194/1057/1194 1193/1056/1193 1196/1059/1196
f 1197/1060/1197 1198/1061/1198 1199/1062/1199
f 1198/1061/1198 1197/1060/1197 1200/1063/1200
f 1201/1064/1201 1202/1053/1202 1203/1065/1203
f 1202/1053/1202 1201/1064/1201 1204/1066/1204
f 1205/1067/1205 1206/1062/1206 1207/1068/1207
f 1206/1062/1206 1205/1067/1205 1208/1060/1208
f 1209/1069/1209 1210/1070/1210 1211/1071/1211
f 1212/1054/1212 1213/1071/1213 1214/1055/1214
f 1213/1071/1213 1212/1054/1212 1215/1069/1215
f 1216/1065/1216 1217/1072/1217 1218/1064/1218
f 1219/1073/1219 1220/1074/1220 1221/1075/1221
f 1222/1076/1222 1223/1077/1223 1224/1078/1224
f 1223/1077/1223 1225/1079/1225 1226/1080/1226
f 1222/1076/1222 1225/1079/1225 1223/1077/1223
f 1227/1081/1227 1228/1082/1228 1229/1083/1229
f 1228/1082/1228 1227/1081/1227 1230/1084/1230
f 1190/1053/1190 1231/1066/1231 1191/1054/1191
f 1232/1085/1232 1233/1086/1233 1234/1087/1234
f 1233/1086/1233 1235/1088/1235 1236/1089/1236
f 1232/1085/1232 1235/1088/1235 1233/1086/1233
f 1237/1090/1237 1238/1091/1238 1239/1092/1239
f 1240/1093/1240 1238/1091/1238 1237/1090/1237
f 1241/1094/1241 1242/1095/1242 1243/1096/1243
f 1241/1094/1241 1244/1097/1244 1242/1095/1242
f 1241/1094/1241 1245/1098/1245 1244/1097/1244
f 1241/1094/1241 1246/1099/1246 1245/1098/1245
f 1247/1100/1247 1241/1094/1241 1243/1096/1243
f 1247/1100/1247 1248/1101/1248 1241/1094/1241
f 1249/928/1249 1248/1101/1248 1247/1100/1247
f 1250/930/1250 1248/1101/1248 1249/928/1249
f 1251/1102/1251 1248/1101/1248 1250/930/1250
f 1252/1103/1252 1248/1101/1248 1251/1102/1251
f 1252/1103/1252 1253/1063/1253 1248/1101/1248
f 1254/1104/1254 1253/1063/1253 1252/1103/1252
f 1255/1105/1255 1253/1063/1253 1254/1104/1254
f 1256/1106/1256 1253/1063/1253 1255/1105/1255
f 1257/1107/1257 1253/1063/1253 1256/1106/1256
f 1257/1107/1257 1258/1061/1258 1253/1063/1253
f 1259/906/1259 1258/1061/1258 1257/1107/1257
f 1260/908/1260 1258/1061/1258 1259/906/1259
f 1261/1108/1261 1258/1061/1258 1260/908/1260
f 1262/1109/1262 1258/1061/1258 1261/1108/1261
f 1246/1099/1246 1258/1061/1258 1262/1109/1262
f 1241/1094/1241 1258/1061/1258 1246/1099/1246
f 1263/1110/1263 1264/1111/1264 1265/1112/1265
f 1265/1112/1265 1266/1113/1266 1263/1110/1263
f 1267/1114/1267 1268/1115/1268 1269/1116/1269
f 1269/1116/1269 1270/1117/1270 1267/1114/1267
f 1271/1118/1271 1272/1119/1272 1273/1120/1273
f 1273/1120/1273 1274/1121/1274 1271/1118/1271
f 1275/1122/1275 1276/1123/1276 1277/1124/1277
f 1278/1125/1278 1279/1126/1279 1280/1127/1280
f 1281/1128/1281 1282/1129/1282 1283/1113/1283
f 1283/1113/1283 1284/1112/1284 1281/1128/1281
f 1285/1130/1285 1286/1131/1286 1287/1114/1287
f 1287/1114/1287 1288/1117/1288 1285/1130/1285
f 1289/1132/1289 1290/1133/1290 1291/1129/1291
f 1291/1129/1291 1292/1128/1292 1289/1132/1289
f 1293/1134/1293 1294/1135/1294 1295/1136/1295
f 1296/1118/1296 1297/1121/1297 1298/1135/1298
f 1298/1135/1298 1299/1134/1299 1296/1118/1296
f 1300/1137/1300 1301/1138/1301 1302/1131/1302
f 1302/1131/1302 1303/1130/1303 1300/1137/1300
f 1304/1139/1304 1305/1140/1305 1306/1141/1306
f 1306/1141/1306 1307/1142/1307 1304/1139/1304
f 1308/1120/1308 1309/1119/1309 1310/1140/1310
f 1310/1140/1310 1311/1139/1311 1308/1120/1308
f 1312/1143/1312 1313/1144/1313 1314/1145/1314
f 1314/1145/1314 1315/1146/1315 1312/1143/1312
f 1316/1147/1316 1317/1148/1317 1318/1149/1318
f 1318/1149/1318 1319/1150/1319 1316/1147/1316
f 1318/1149/1318 1317/1148/1317 1320/1151/1320
f 1320/1151/1320 1321/1152/1321 1318/1149/1318
f 1322/1153/1322 1323/1154/1323 1324/1155/1324
f 1324/1155/1324 1325/1156/1325 1322/1153/1322
f 1324/1155/1324 1326/1157/1326 1327/1158/1327
f 1327/1158/1327 1325/1156/1325 1324/1155/1324
f 1328/1159/1328 1329/1160/1329 1330/1161/1330
f 1329/1160/1329 1331/1162/1331 1332/1163/1332
f 1332/1163/1332 1330/1161/1330 1329/1160/1329
f 1331/1162/1331 1333/1164/1333 1334/1165/1334
f 1334/1165/1334 1332/1163/1332 1331/1162/1331
f 1333/1164/1333 1335/1166/1335 1336/1167/1336
f 1336/1167/1336 1334/1165/1334 1333/1164/1333
f 1335/1166/1335 1337/1168/1337 1338/1169/1338
f 1338/1169/1338 1336/1167/1336 1335/1166/1335
f 1337/1168/1337 1339/1170/1339 1340/1171/1340
f 1340/1171/1340 1338/1169/1338 1337/1168/1337
f 1341/1172/1341 1342/1173/1342 1343/1174/1343
f 1344/1175/1344 1345/1176/1345 1346/1177/1346
f 1347/1178/1347 1346/1177/1346 1348/1179/1348
f 1348/1179/1348 1349/1180/1349 1347/1178/1347
f 1348/1179/1348 1350/1181/1350 1351/1182/1351
f 1351/1182/1351 1349/1180/1349 1348/1179/1348
f 1352/1183/1352 1351/1182/1351 1350/1181/1350
f 1352/1183/1352 1353/1184/1353 1354/1185/1354
f 1354/1185/1354 1355/1186/1355 1352/1183/1352
f 1354/1185/1354 1356/1187/1356 1357/1188/1357
f 1357/1188/1357 1355/1186/1355 1354/1185/1354
f 1358/1189/1358 1359/1190/1359 1360/1191/1360
f 1360/1191/1360 1361/1192/1361 1358/1189/1358
f 1362/1193/1362 1363/1194/1363 1364/1195/1364
f 1364/1195/1364 1363/1194/1363 1365/1196/1365
f 1365/1196/1365 1366/1197/1366 1364/1195/1364
f 1365/1196/1365 1367/1198/1367 1368/1199/1368
f 1368/1199/1368 1366/1197/1366 1365/1196/1365
f 1369/1200/1369 1368/1199/1368 1367/1198/1367
f 1370/1201/1370 1371/1202/1371 1372/1203/1372
f 1373/1204/1373 1374/1205/1374 1375/1206/1375
f 1375/1206/1375 1376/1207/1376 1373/1204/1373
f 1374/1205/1374 1377/1208/1377 1378/1209/1378
f 1378/1209/1378 1375/1206/1375 1374/1205/1374
f 1379/1210/1379 1380/1211/1380 1381/1212/1381
f 1381/1212/1381 1382/1213/1382 1379/1210/1379
f 1383/1214/1383 1384/1215/1384 1385/1216/1385
f 1386/1217/1386 1387/1218/1387 1388/1219/1388
f 1389/1220/1389 1386/1217/1386 1388/1219/1388
f 1389/1220/1389 1388/1219/1388 1390/1221/1390
f 1391/1222/1391 1389/1220/1389 1390/1221/1390
f 1392/1223/1392 1391/1222/1391 1390/1221/1390
f 1392/1223/1392 1390/1221/1390 1393/1224/1393
f 1392/1223/1392 1393/1224/1393 1394/1225/1394
f 1392/1223/1392 1394/1225/1394 1395/1226/1395
f 1392/1223/1392 1395/1226/1395 1396/1227/1396
f 1392/1223/1392 1396/1227/1396 1397/1228/1397
f 1392/1223/1392 1397/1228/1397 1398/1229/1398
f 1399/1230/1399 1400/1231/1400 1401/1232/1401
f 1398/1229/1398 1399/1230/1399 1401/1232/1401
f 1398/1229/1398 1401/1232/1401 1402/1233/1402
f 1398/1229/1398 1402/1233/1402 1403/1234/1403
f 1398/1229/1398 1403/1234/1403 1404/1235/1404
f 1392/1223/1392 1398/1229/1398 1404/1235/1404
f 1392/1223/1392 1404/1235/1404 1405/1236/1405
f 1406/1237/1406 1392/1223/1392 1405/1236/1405
f 1406/1237/1406 1405/1236/1405 1407/1238/1407
f 1406/1237/1406 1407/1238/1407 1408/1239/1408
f 1406/1237/1406 1408/1239/1408 1409/1240/1409
f 1406/1237/1406 1409/1240/1409 1410/1241/1410
f 1406/1237/1406 1410/1241/1410 1411/1242/1411
f 1406/1237/1406 1411/1242/1411 1412/1243/1412
f 1406/1237/1406 1412/1243/1412 1413/1244/1413
f 1385/1216/1385 1406/1237/1406 1413/1244/1413
f 1385/1216/1385 1413/1244/1413 1414/1245/1414
f 1385/1216/1385 1414/1245/1414 1415/1246/1415
f 1385/1216/1385 1415/1246/1415 1416/1247/1416
f 1385/1216/1385 1416/1247/1416 1417/1248/1417
f 1385/1216/1385 1417/1248/1417 1418/1249/1418
f 1385/1216/1385 1418/1249/1418 1419/1250/1419
f 1385/1216/1385 1419/1250/1419 1420/1251/1420
f 1385/1216/1385 1420/1251/1420 1383/1214/1383
f 1421/1252/1421 1422/1146/1422 1423/1253/1423
f 1423/1253/1423 1424/1254/1424 1421/1252/1421
f 1425/1255/1425 1426/1256/1426 1427/1257/1427
f 1427/1257/1427 1428/1258/1428 1425/1255/1425
f 1428/1258/1428 1427/1257/1427 1429/1259/1429
f 1429/1259/1429 1430/1260/1430 1428/1258/1428
f 1430/1260/1430 1429/1259/1429 1431/1261/1431
f 1431/1261/1431 1432/1262/1432 1430/1260/1430
f 1432/1262/1432 1431/1261/1431 1433/1263/1433
f 1433/1263/1433 1434/1264/1434 1432/1262/1432
f 1434/1264/1434 1433/1263/1433 1435/1265/1435
f 1435/1265/1435 1436/1266/1436 1434/1264/1434
f 1436/1266/1436 1435/1265/1435 1437/1267/1437
f 1436/1266/1436 1437/1267/1437 1438/1268/1438
f 1438/1268/1438 1439/1269/1439 1436/1266/1436
f 1440/1270/1440 1441/1271/1441 1442/1272/1442
f 1441/1271/1441 1440/1270/1440 1443/1273/1443
f 1441/1271/1441 1443/1273/1443 1444/1274/1444
f 1444/1274/1444 1445/1275/1445 1441/1271/1441
f 1445/1275/1445 1444/1274/1444 1446/1276/1446
f 1446/1276/1446 1447/1277/1447 1445/1275/1445
f 1447/1277/1447 1446/1276/1446 1448/1278/1448
f 1447/1277/1447 1448/1278/1448 1449/1279/1449
f 1449/1279/1449 1450/1280/1450 1447/1277/1447
f 1450/1280/1450 1449/1279/1449 1451/1281/1451
f 1451/1281/1451 1452/1282/1452 1450/1280/1450
f 1452/1282/1452 1451/1281/1451 1453/1283/1453
f 1453/1283/1453 1454/1284/1454 1452/1282/1452
f 1454/1284/1454 1453/1283/1453 1455/1285/1455
f 1454/1284/1454 1455/1285/1455 1456/1286/1456
f 1456/1286/1456 1457/1287/1457 1454/1284/1454
f 1457/1287/1457 1456/1286/1456 1458/1288/1458
f 1458/1288/1458 1459/1289/1459 1457/1287/1457
f 1459/1289/1459 1458/1288/1458 1460/1290/1460
f 1460/1290/1460 1461/1291/1461 1459/1289/1459
f 1461/1291/1461 1460/1290/1460 1462/1292/1462
f 1461/1291/1461 1462/1292/1462 1463/1293/1463
f 1463/1293/1463 1464/1294/1464 1461/1291/1461
f 1464/1294/1464 1463/1293/1463 1465/1295/1465
f 1465/1295/1465 1466/1296/1466 1464/1294/1464
f 1466/1296/1466 1465/1295/1465 1467/1297/1467
f 1467/1297/1467 1468/1298/1468 1466/1296/1466
f 1468/1298/1468 1467/1297/1467 1469/1299/1469
f 1469/1299/1469 1470/1300/1470 1468/1298/1468
f 1470/1300/1470 1469/1299/1469 1471/1301/1471
f 1471/1301/1471 1472/1302/1472 1470/1300/1470
f 1472/1302/1472 1471/1301/1471 1473/1303/1473
f 1473/1303/1473 1474/1304/1474 1475/1305/1475
f 1475/1305/1475 1472/1302/1472 1473/1303/1473
f 1475/1305/1475 1474/1304/1474 1476/1306/1476
f 1476/1306/1476 1477/1307/1477 1475/1305/1475
f 1477/1307/1477 1476/1306/1476 1478/1308/1478
f 1478/1308/1478 1479/1309/1479 1477/1307/1477
f 1479/1309/1479 1478/1308/1478 1480/1310/1480
f 1479/1309/1479 1480/1310/1480 1481/1311/1481
f 1481/1311/1481 1482/1312/1482 1479/1309/1479
f 1482/1312/1482 1481/1311/1481 1483/1313/1483
f 1483/1313/1483 1484/1314/1484 1482/1312/1482
f 1484/1314/1484 1483/1313/1483 1485/1315/1485
f 1485/1315/1485 1486/1316/1486 1484/1314/1484
f 1486/1316/1486 1485/1315/1485 1487/1317/1487
f 1487/1317/1487 1488/1318/1488 1486/1316/1486
f 1488/1318/1488 1487/1317/1487 1489/1319/1489
f 1489/1319/1489 1490/1320/1490 1488/1318/1488
f 1490/1320/1490 1489/1319/1489 1491/1321/1491
f 1490/1320/1490 1491/1321/1491 1492/1322/1492
f 1492/1322/1492 1493/1323/1493 1490/1320/1490
f 1494/1324/1494 1495/1325/1495 1496/1326/1496
f 1496/1326/1496 1497/1327/1497 1494/1324/1494
f 1498/1327/1498 1499/1326/1499 1500/1328/1500
f 1500/1328/1500 1501/1329/1501 1498/1327/1498
f 1502/1330/1502 1503/1331/1503 1504/1332/1504
f 1504/1332/1504 1505/1333/1505 1502/1330/1502
f 1506/1334/1506 1507/1213/1507 1508/1212/1508
f 1508/1212/1508 1509/1335/1509 1506/1334/1506
f 1510/1335/1510 1511/1212/1511 1512/1336/1512
f 1512/1336/1512 1513/1337/1513 1510/1335/1510
f 1514/1338/1514 1515/1339/1515 1516/1340/1516
f 1516/1340/1516 1517/1341/1517 1514/1338/1514
f 1518/1342/1518 1519/1343/1519 1520/1344/1520
f 1520/1344/1520 1521/1345/1521 1518/1342/1518
f 1522/1346/1522 1523/1347/1523 1524/1348/1524
f 1524/1348/1524 1525/1349/1525 1522/1346/1522
f 1526/1143/1526 1422/1146/1422 1421/1252/1421
f 1421/1252/1421 1527/1350/1527 1526/1143/1526
f 1316/1351/1316 1319/1352/1319 1314/1145/1314
f 1314/1145/1314 1313/1144/1313 1316/1351/1316
f 1320/1151/1320 1323/1154/1323 1322/1153/1322
f 1322/1153/1322 1321/1152/1321 1320/1151/1320
f 1339/1170/1339 1342/1173/1342 1528/1353/1528
f 1528/1353/1528 1340/1171/1340 1339/1170/1339
f 1342/1173/1342 1341/1172/1341 1528/1353/1528
f 1343/1174/1343 1529/1354/1529 1530/1355/1530
f 1530/1355/1530 1341/1172/1341 1343/1174/1343
f 1345/1176/1345 1344/1175/1344 1530/1355/1530
f 1530/1355/1530 1529/1354/1529 1345/1176/1345
f 1347/1178/1347 1344/1175/1344 1346/1177/1346
f 1350/1181/1350 1353/1184/1353 1352/1183/1352
f 1531/1356/1531 1361/1192/1361 1357/1188/1357
f 1357/1188/1357 1356/1187/1356 1531/1356/1531
f 1361/1192/1361 1531/1356/1531 1358/1189/1358
f 1362/1193/1362 1364/1195/1364 1360/1191/1360
f 1360/1191/1360 1359/1190/1359 1362/1193/1362
f 1532/1357/1532 1533/1358/1533 1369/1200/1369
f 1369/1200/1369 1367/1198/1367 1532/1357/1532
f 1534/1359/1534 1535/1360/1535 1533/1358/1533
f 1533/1358/1533 1532/1357/1532 1534/1359/1534
f 1536/1361/1536 1537/1362/1537 1535/1360/1535
f 1535/1360/1535 1534/1359/1534 1536/1361/1536
f 1371/1202/1371 1370/1201/1370 1537/1362/1537
f 1537/1362/1537 1536/1361/1536 1371/1202/1371
f 1372/1203/1372 1538/1363/1538 1539/1364/1539
f 1539/1364/1539 1370/1201/1370 1372/1203/1372
f 1373/1204/1373 1376/1207/1376 1539/1364/1539
f 1539/1364/1539 1538/1363/1538 1373/1204/1373
f 1540/1365/1540 1541/1366/1541 1542/1326/1542
f 1542/1326/1542 1543/1325/1543 1540/1365/1540
f 1544/1367/1544 1545/1328/1545 1546/1326/1546
f 1546/1326/1546 1547/1366/1547 1544/1367/1544
f 1548/1368/1548 1549/1369/1549 1550/1370/1550
f 1550/1370/1550 1551/1371/1551 1548/1368/1548
f 1552/1211/1552 1553/1372/1553 1554/1336/1554
f 1554/1336/1554 1555/1212/1555 1552/1211/1552
f 1556/1373/1556 1557/1374/1557 1558/1375/1558
f 1558/1375/1558 1559/1376/1559 1556/1373/1556
f 1560/1377/1560 1520/1344/1520 1519/1343/1519
f 1519/1343/1519 1561/1378/1561 1560/1377/1560
f 1562/1379/1562 1563/1380/1563 1564/1381/1564
f 1564/1381/1564 1565/1382/1565 1562/1379/1562
f 1566/1383/1566 1567/1384/1567 1568/1385/1568
f 1569/1386/1569 1566/1383/1566 1568/1385/1568
f 1569/1386/1569 1568/1385/1568 1570/1387/1570
f 1571/1388/1571 1569/1386/1569 1570/1387/1570
f 1572/1389/1572 1571/1388/1571 1570/1387/1570
f 1573/1390/1573 1572/1389/1572 1570/1387/1570
f 1574/1391/1574 1575/1392/1575 1576/1393/1576
f 1574/1391/1574 1576/1393/1576 1577/1394/1577
f 1578/1395/1578 1574/1391/1574 1577/1394/1577
f 1578/1395/1578 1577/1394/1577 1579/1396/1579
f 1580/1397/1580 1578/1395/1578 1579/1396/1579
f 1581/1398/1581 1580/1397/1580 1579/1396/1579
f 1582/1399/1582 1581/1398/1581 1579/1396/1579
f 1583/1400/1583 1582/1399/1582 1579/1396/1579
f 1570/1387/1570 1583/1400/1583 1579/1396/1579
f 1573/1390/1573 1570/1387/1570 1579/1396/1579
f 1584/1401/1584 1573/1390/1573 1579/1396/1579
f 1584/1401/1584 1579/1396/1579 1585/1402/1585
f 1586/1403/1586 1584/1401/1584 1585/1402/1585
f 1587/1404/1587 1586/1403/1586 1585/1402/1585
f 1588/1405/1588 1587/1404/1587 1585/1402/1585
f 1589/1406/1589 1588/1405/1588 1585/1402/1585
f 1590/1407/1590 1589/1406/1589 1585/1402/1585
f 1591/1408/1591 1590/1407/1590 1585/1402/1585
f 1592/1409/1592 1591/1408/1591 1585/1402/1585
f 1592/1409/1592 1585/1402/1585 1593/1410/1593
f 1594/1411/1594 1592/1409/1592 1593/1410/1593
f 1595/1412/1595 1594/1411/1594 1593/1410/1593
f 1596/1413/1596 1595/1412/1595 1593/1410/1593
f 1597/1414/1597 1596/1413/1596 1593/1410/1593
f 1598/1415/1598 1597/1414/1597 1593/1410/1593
f 1599/1416/1599 1598/1415/1598 1593/1410/1593
f 1600/1417/1600 1599/1416/1599 1593/1410/1593
f 1601/1418/1601 1600/1417/1600 1593/1410/1593
f 1601/1418/1601 1593/1410/1593 1602/1419/1602
f 1527/1350/1527 1603/1420/1603 1604/1421/1604
f 1604/1421/1604 1526/1143/1526 1527/1350/1527
f 1605/1421/1605 1606/1422/1606 1607/1144/1607
f 1607/1144/1607 1608/1143/1608 1605/1421/1605
f 1609/1351/1609 1607/1144/1607 1606/1422/1606
f 1606/1422/1606 1610/1423/1610 1611/1424/1611
f 1611/1424/1611 1609/1351/1609 1606/1422/1606
f 1610/1423/1610 1612/1425/1612 1613/1426/1613
f 1613/1426/1613 1611/1424/1611 1610/1423/1610
f 1614/1427/1614 1613/1426/1613 1612/1425/1612
f 1612/1425/1612 1615/1428/1615 1616/1429/1616
f 1616/1429/1616 1614/1427/1614 1612/1425/1612
f 1615/1428/1615 1617/1430/1617 1618/1431/1618
f 1618/1431/1618 1616/1429/1616 1615/1428/1615
f 1619/1432/1619 1620/1433/1620 1621/1434/1621
f 1621/1434/1621 1622/1435/1622 1619/1432/1619
f 1623/1436/1623 1621/1434/1621 1620/1433/1620
f 1620/1433/1620 1624/1437/1624 1625/1438/1625
f 1625/1438/1625 1623/1436/1623 1620/1433/1620
f 1624/1437/1624 1626/1439/1626 1627/1440/1627
f 1627/1440/1627 1625/1438/1625 1624/1437/1624
f 1626/1439/1626 1628/1441/1628 1629/1442/1629
f 1629/1442/1629 1627/1440/1627 1626/1439/1626
f 1630/1443/1630 1629/1442/1629 1628/1441/1628
f 1631/1444/1631 1630/1443/1630 1628/1441/1628
f 1628/1441/1628 1632/1445/1632 1631/1444/1631
f 1633/1446/1633 1631/1444/1631 1632/1445/1632
f 1632/1445/1632 1634/1447/1634 1635/1448/1635
f 1635/1448/1635 1633/1446/1633 1632/1445/1632
f 1634/1447/1634 1636/1449/1636 1635/1448/1635
f 1637/1450/1637 1635/1448/1635 1636/1449/1636
f 1636/1449/1636 1638/1451/1638 1639/1452/1639
f 1639/1452/1639 1637/1450/1637 1636/1449/1636
f 1640/1453/1640 1639/1452/1639 1638/1451/1638
f 1638/1451/1638 1641/1454/1641 1640/1453/1640
f 1642/1455/1642 1640/1453/1640 1641/1454/1641
f 1641/1454/1641 1643/1456/1643 1642/1455/1642
f 1644/1457/1644 1642/1455/1642 1643/1456/1643
f 1643/1456/1643 1645/1458/1645 1646/1459/1646
f 1646/1459/1646 1644/1457/1644 1643/1456/1643
f 1645/1458/1645 1647/1460/1647 1648/1461/1648
f 1648/1461/1648 1646/1459/1646 1645/1458/1645
f 1649/1462/1649 1648/1461/1648 1647/1460/1647
f 1647/1460/1647 1650/1463/1650 1651/1464/1651
f 1651/1464/1651 1649/1462/1649 1647/1460/1647
f 1650/1463/1650 1652/1465/1652 1651/1464/1651
f 1653/1466/1653 1651/1464/1651 1652/1465/1652
f 1652/1465/1652 1654/1467/1654 1653/1466/1653
f 1655/1468/1655 1653/1466/1653 1654/1467/1654
f 1656/1469/1656 1655/1468/1655 1654/1467/1654
f 1656/1469/1656 1654/1467/1654 1657/1470/1657
f 1657/1470/1657 1658/1471/1658 1656/1469/1656
f 1657/1470/1657 1659/1472/1659 1660/1473/1660
f 1660/1473/1660 1658/1471/1658 1657/1470/1657
f 1659/1472/1659 1661/1474/1661 1660/1473/1660
f 1662/1475/1662 1660/1473/1660 1661/1474/1661
f 1661/1474/1661 1663/1476/1663 1664/1477/1664
f 1664/1477/1664 1662/1475/1662 1661/1474/1661
f 1663/1476/1663 1665/1478/1665 1666/1479/1666
f 1666/1479/1666 1664/1477/1664 1663/1476/1663
f 1667/1480/1667 1666/1479/1666 1665/1478/1665
f 1665/1478/1665 1668/1481/1668 1669/1482/1669
f 1669/1482/1669 1667/1480/1667 1665/1478/1665
f 1670/1483/1670 1669/1482/1669 1668/1481/1668
f 1668/1481/1668 1671/1484/1671 1670/1483/1670
f 1672/1485/1672 1670/1483/1670 1671/1484/1671
f 1671/1484/1671 1673/1486/1673 1672/1485/1672
f 1674/1487/1674 1672/1485/1672 1673/1486/1673
f 1673/1486/1673 1675/1488/1675 1676/1489/1676
f 1676/1489/1676 1674/1487/1674 1673/1486/1673
f 1677/1490/1677 1678/1491/1678 1679/1366/1679
f 1679/1366/1679 1680/1365/1680 1677/1490/1677
f 1681/1491/1681 1682/1492/1682 1683/1367/1683
f 1683/1367/1683 1684/1366/1684 1681/1491/1681
f 1685/1493/1685 1686/1494/1686 1687/1495/1687
f 1687/1495/1687 1688/1496/1688 1685/1493/1685
f 1689/1497/1689 1690/1498/1690 1691/1211/1691
f 1691/1211/1691 1692/1210/1692 1689/1497/1689
f 1693/1372/1693 1694/1211/1694 1695/1498/1695
f 1696/1499/1696 1697/1500/1697 1698/1501/1698
f 1698/1501/1698 1699/1502/1699 1696/1499/1696
f 1700/1503/1700 1701/1504/1701 1560/1377/1560
f 1560/1377/1560 1561/1378/1561 1700/1503/1700
f 1702/1505/1702 1703/1506/1703 1704/1507/1704
f 1704/1507/1704 1705/1508/1705 1702/1505/1702
f 1706/1509/1706 1707/1510/1707 1708/1511/1708
f 1709/1512/1709 1706/1509/1706 1708/1511/1708
f 1709/1513/1709 1710/1514/1710 1711/1515/1711
f 1710/1514/1710 1712/1516/1712 1713/1517/1713
f 1713/1517/1713 1711/1515/1711 1710/1514/1710
f 1713/1517/1713 1712/1516/1712 1714/1518/1714
f 1715/1519/1715 1713/1517/1713 1714/1518/1714
f 1716/1520/1716 1715/1521/1715 1714/1522/1714
f 1717/1523/1717 1718/1524/1718 1719/1525/1719
f 1720/1526/1720 1717/1523/1717 1719/1525/1719
f 1721/1527/1721 1722/1528/1722 1723/1529/1723
f 1724/1530/1724 1722/1531/1722 1725/1532/1725
f 1725/1532/1725 1726/1533/1726 1724/1530/1724
f 1707/1510/1707 1724/1530/1724 1726/1533/1726
f 1727/1534/1727 1728/1535/1728 1729/1536/1729
f 1729/1536/1729 1730/1537/1730 1727/1534/1727
f 1731/1538/1731 1732/1539/1732 1733/1540/1733
f 1733/1540/1733 1734/1541/1734 1731/1538/1731
f 1735/1542/1735 1736/1543/1736 1737/1544/1737
f 1737/1544/1737 1738/1545/1738 1735/1542/1735
f 1739/1546/1739 1740/1547/1740 1741/1548/1741
f 1741/1548/1741 1742/1549/1742 1739/1546/1739
f 1708/1550/1708 1710/1514/1710 1709/1513/1709
f 1714/1522/1714 1743/1551/1743 1716/1520/1716
f 1743/1551/1743 1744/1552/1744 1718/1524/1718
f 1718/1524/1718 1716/1520/1716 1743/1551/1743
f 1718/1524/1718 1744/1552/1744 1719/1525/1719
f 1719/1525/1719 1745/1553/1745 1720/1526/1720
f 1745/1553/1745 1746/1554/1746 1723/1555/1723
f 1723/1555/1723 1720/1526/1720 1745/1553/1745
f 1723/1529/1723 1746/1556/1746 1721/1527/1721
f 1725/1532/1725 1747/1557/1747 1726/1533/1726
f 1747/1557/1747 1748/1558/1748 1707/1510/1707
f 1707/1510/1707 1726/1533/1726 1747/1557/1747
f 1707/1510/1707 1748/1558/1748 1708/1511/1708
f 1749/1559/1749 1750/1560/1750 1728/1535/1728
f 1728/1535/1728 1727/1534/1727 1749/1559/1749
f 1751/1561/1751 1752/1562/1752 1732/1539/1732
f 1732/1539/1732 1731/1538/1731 1751/1561/1751
f 1753/1563/1753 1754/1564/1754 1736/1543/1736
f 1736/1543/1736 1735/1542/1735 1753/1563/1753
f 1755/1565/1755 1756/1566/1756 1740/1547/1740
f 1740/1547/1740 1739/1546/1739 1755/1565/1755
f 1710/1567/1710 1757/1568/1757 1712/1569/1712
f 1712/1570/1712 1757/1571/1757 1758/1572/1758
f 1743/1551/1743 1759/1573/1759 1744/1552/1744
f 1759/1573/1759 1760/1525/1760 1744/1552/1744
f 1760/1574/1760 1761/1575/1761 1745/1576/1745
f 1761/1575/1761 1762/1577/1762 1746/1556/1746
f 1746/1556/1746 1745/1576/1745 1761/1575/1761
f 1746/1556/1746 1762/1577/1762 1721/1527/1721
f 1721/1527/1721 1763/1578/1763 1747/1557/1747
f 1763/1578/1763 1764/1579/1764 1748/1558/1748
f 1748/1558/1748 1747/1557/1747 1763/1578/1763
f 1748/1558/1748 1764/1579/1764 1708/1511/1708
f 1765/1580/1765 1766/1581/1766 1750/1582/1750
f 1750/1582/1750 1767/1583/1767 1765/1580/1765
f 1768/1584/1768 1769/1585/1769 1770/1586/1770
f 1770/1587/1770 1771/1582/1771 1768/1581/1768
f 1772/1585/1772 1773/1588/1773 1774/1589/1774
f 1774/1589/1774 1753/1590/1753 1772/1585/1772
f 1775/1588/1775 1776/1591/1776 1777/1592/1777
f 1777/1592/1777 1778/1589/1778 1775/1588/1775
f 1708/1511/1708 1779/1593/1779 1710/1567/1710
f 1757/1568/1757 1710/1567/1710 1779/1593/1779
f 1760/1574/1760 1780/1594/1780 1761/1575/1761
f 1780/1594/1780 1781/1595/1781 1762/1577/1762
f 1762/1577/1762 1761/1575/1761 1780/1594/1780
f 1762/1577/1762 1781/1595/1781 1721/1527/1721
f 1782/1596/1782 1783/1597/1783 1766/1584/1766
f 1766/1584/1766 1765/1591/1765 1782/1596/1782
f 1784/1597/1784 1785/1598/1785 1769/1585/1769
f 1769/1585/1769 1768/1584/1768 1784/1597/1784
f 1786/1598/1786 1787/1599/1787 1773/1588/1773
f 1773/1588/1773 1772/1585/1772 1786/1598/1786
f 1788/1599/1788 1789/1596/1789 1776/1591/1776
f 1776/1591/1776 1775/1588/1775 1788/1599/1788
f 1708/1511/1708 1764/1579/1764 1779/1593/1779
f 1764/1579/1764 1790/1600/1790 1757/1568/1757
f 1757/1568/1757 1779/1593/1779 1764/1579/1764
f 1757/1571/1757 1790/1601/1790 1758/1572/1758
f 1758/1602/1758 1790/1600/1790 1743/1603/1743
f 1790/1600/1790 1780/1594/1780 1759/1604/1759
f 1759/1604/1759 1743/1603/1743 1790/1600/1790
f 1759/1604/1759 1780/1594/1780 1760/1574/1760
f 1721/1527/1721 1781/1595/1781 1763/1578/1763
f 1764/1579/1764 1763/1578/1763 1781/1595/1781
f 1791/1579/1791 1792/1595/1792 1783/1597/1783
f 1783/1597/1783 1782/1596/1782 1791/1579/1791
f 1793/1595/1793 1794/1594/1794 1785/1598/1785
f 1785/1598/1785 1784/1597/1784 1793/1595/1793
f 1795/1594/1795 1796/1600/1796 1787/1599/1787
f 1787/1599/1787 1786/1598/1786 1795/1594/1795
f 1790/1600/1790 1764/1579/1764 1789/1596/1789
f 1789/1596/1789 1788/1599/1788 1790/1600/1790
f 1797/1605/1797 1798/1606/1798 1799/1607/1799
f 1799/1607/1799 1800/1608/1800 1797/1605/1797
f 1801/1609/1801 1802/1610/1802 1803/1611/1803
f 1803/1611/1803 1804/1612/1804 1801/1609/1801
f 1805/1613/1805 1806/1614/1806 1807/1615/1807
f 1807/1616/1807 1808/1617/1808 1809/1618/1809
f 1805/1613/1805 1807/1615/1807 1810/1619/1810
f 1811/1620/1811 1805/1613/1805 1810/1619/1810
f 1812/1621/1812 1813/1622/1813 1814/1623/1814
f 1814/1623/1814 1815/1624/1815 1812/1621/1812
f 1816/1625/1816 1817/1626/1817 1818/1627/1818
f 1818/1627/1818 1819/1628/1819 1816/1625/1816
f 1820/1629/1820 1821/1630/1821 1822/1631/1822
f 1822/1631/1822 1823/1632/1823 1820/1629/1820
f 1824/1633/1824 1825/1634/1825 1826/1623/1826
f 1826/1623/1826 1827/1622/1827 1824/1633/1824
f 1828/1635/1828 1829/1636/1829 1830/1630/1830
f 1830/1630/1830 1831/1629/1831 1828/1635/1828
f 1832/1637/1832 1833/1638/1833 1834/1639/1834
f 1834/1639/1834 1835/1640/1835 1832/1637/1832
f 1836/1621/1836 1837/1624/1837 1838/1638/1838
f 1838/1638/1838 1839/1637/1839 1836/1621/1836
f 1840/1641/1840 1841/1642/1841 1842/1634/1842
f 1842/1634/1842 1843/1633/1843 1840/1641/1840
f 1844/1643/1844 1845/1644/1845 1846/1645/1846
f 1847/1646/1847 1848/1647/1848 1849/1648/1849
f 1850/1649/1850 1851/1650/1851 1852/1651/1852
f 1852/1651/1852 1853/1652/1853 1854/1653/1854
f 1850/1649/1850 1852/1651/1852 1854/1653/1854
f 1855/1654/1855 1856/1655/1856 1857/1656/1857
f 1857/1656/1857 1858/1657/1858 1855/1654/1855
f 1859/1658/1859 1860/1659/1860 1861/1660/1861
f 1861/1660/1861 1862/1661/1862 1863/1662/1863
f 1859/1658/1859 1861/1660/1861 1863/1662/1863
f 1864/1663/1864 1865/1664/1865 1866/1665/1866
f 1866/1665/1866 1867/1666/1867 1810/1667/1810
f 1864/1663/1864 1866/1665/1866 1810/1667/1810
f 1868/1668/1868 1869/1669/1869 1870/1670/1870
f 1868/1668/1868 1870/1670/1870 1871/1671/1871
f 1872/1672/1872 1869/1669/1869 1868/1668/1868
f 1872/1672/1872 1868/1668/1868 1873/1673/1873
f 1874/1674/1874 1872/1672/1872 1873/1673/1873
f 1875/1675/1875 1874/1674/1874 1873/1673/1873
f 1876/1676/1876 1875/1675/1875 1873/1673/1873
f 1876/1676/1876 1873/1673/1873 1877/1632/1877
f 1878/1677/1878 1876/1676/1876 1877/1632/1877
f 1879/1678/1879 1878/1677/1878 1877/1632/1877
f 1880/1679/1880 1879/1678/1879 1877/1632/1877
f 1880/1679/1880 1877/1632/1877 1881/1631/1881
f 1882/1680/1882 1880/1679/1880 1881/1631/1881
f 1883/1681/1883 1882/1680/1882 1881/1631/1881
f 1884/1682/1884 1883/1681/1883 1881/1631/1881
f 1871/1671/1871 1884/1682/1884 1881/1631/1881
f 1868/1668/1868 1871/1671/1871 1881/1631/1881
f 1885/1683/1885 1886/1684/1886 1887/1685/1887
f 1887/1685/1887 1888/1686/1888 1885/1683/1885
f 1889/1687/1889 1890/1688/1890 1891/1689/1891
f 1891/1689/1891 1892/1690/1892 1889/1687/1889
f 1893/1691/1893 1894/1692/1894 1895/1693/1895
f 1895/1693/1895 1896/1694/1896 1893/1691/1893
f 1897/1695/1897 1898/1696/1898 1899/1697/1899
f 1900/1698/1900 1901/1699/1901 1902/1700/1902
f 1902/1700/1902 1903/1701/1903 1900/1698/1900
f 1904/1702/1904 1905/1703/1905 1906/1704/1906
f 1906/1704/1906 1907/1705/1907 1904/1702/1904
f 1908/1706/1908 1909/1707/1909 1910/1708/1910
f 1910/1708/1910 1911/1709/1911 1908/1706/1908
f 1912/1710/1912 1913/1711/1913 1914/1707/1914
f 1914/1707/1914 1915/1706/1915 1912/1710/1912
f 1909/1707/1909 1916/1712/1916 1917/1713/1917
f 1917/1713/1917 1910/1708/1910 1909/1707/1909
f 1918/1714/1918 1914/1715/1914 1913/1716/1913
f 1916/1712/1916 1919/1717/1919 1920/1718/1920
f 1920/1718/1920 1917/1713/1917 1916/1712/1916
f 1913/1716/1913 1921/1719/1921 1922/1720/1922
f 1922/1720/1922 1918/1714/1918 1913/1716/1913
f 1919/1721/1919 1923/1722/1923 1924/1723/1924
f 1924/1723/1924 1920/1724/1920 1919/1721/1919
f 1921/1719/1921 1925/1725/1925 1926/1726/1926
f 1926/1726/1926 1922/1720/1922 1921/1719/1921
f 1923/1722/1923 1927/1727/1927 1928/1728/1928
f 1928/1728/1928 1924/1723/1924 1923/1722/1923
f 1925/1725/1925 1929/1729/1929 1930/1730/1930
f 1930/1730/1930 1926/1726/1926 1925/1725/1925
f 1931/1731/1931 1928/1728/1928 1927/1727/1927
f 1927/1727/1927 1932/1732/1932 1931/1731/1931
f 1929/1729/1929 1933/1733/1933 1934/1734/1934
f 1934/1734/1934 1930/1730/1930 1929/1729/1929
f 1932/1732/1932 1935/1735/1935 1936/1736/1936
f 1936/1736/1936 1931/1731/1931 1932/1732/1932
f 1937/1737/1937 1934/1734/1934 1933/1733/1933
f 1935/1738/1935 1938/1739/1938 1939/1740/1939
f 1939/1740/1939 1936/1741/1936 1935/1738/1935
f 1933/1733/1933 1940/1742/1940 1941/1743/1941
f 1941/1743/1941 1937/1737/1937 1933/1733/1933
f 1938/1739/1938 1942/1744/1942 1943/1745/1943
f 1943/1745/1943 1939/1740/1939 1938/1739/1938
f 1940/1746/1940 1944/1747/1944 1945/1744/1945
f 1945/1744/1945 1941/1748/1941 1940/1746/1940
f 1942/1744/1942 1946/1749/1946 1947/1750/1947
f 1947/1750/1947 1943/1745/1943 1942/1744/1942
f 1948/1749/1948 1945/1744/1945 1944/1747/1944
f 1946/1749/1946 1949/1751/1949 1950/1752/1950
f 1950/1752/1950 1947/1750/1947 1946/1749/1946
f 1944/1747/1944 1951/1753/1951 1952/1751/1952
f 1952/1751/1952 1948/1749/1948 1944/1747/1944
f 1953/1754/1953 1954/1755/1954 1955/1756/1955
f 1955/1756/1955 1956/1757/1956 1953/1754/1953
f 1957/1758/1957 1958/1759/1958 1959/1760/1959
f 1959/1760/1959 1960/1761/1960 1957/1758/1957
f 1961/1762/1961 1962/1763/1962 1963/1764/1963
f 1964/1765/1964 1965/1766/1965 1966/1767/1966
f 1966/1767/1966 1967/1768/1967 1964/1765/1964
f 1968/1769/1968 1969/1770/1969 1970/1771/1970
f 1970/1771/1970 1971/1772/1971 1968/1769/1968
f 1972/1709/1972 1973/1708/1973 1974/1773/1974
f 1974/1773/1974 1975/1774/1975 1972/1709/1972
f 1973/1708/1973 1976/1713/1976 1974/1773/1974
f 1976/1713/1976 1977/1718/1977 1978/1775/1978
f 1978/1775/1978 1974/1773/1974 1976/1713/1976
f 1977/1718/1977 1979/1776/1979 1980/1777/1980
f 1980/1777/1980 1978/1775/1978 1977/1718/1977
f 1979/1776/1979 1981/1778/1981 1982/1779/1982
f 1982/1779/1982 1980/1777/1980 1979/1776/1979
f 1981/1778/1981 1983/1780/1983 1984/1781/1984
f 1984/1781/1984 1982/1779/1982 1981/1778/1981
f 1983/1780/1983 1985/1782/1985 1984/1781/1984
f 1985/1783/1985 1986/1784/1986 1987/1785/1987
f 1987/1785/1987 1984/1786/1984 1985/1783/1985
f 1986/1784/1986 1988/1745/1988 1989/1787/1989
f 1989/1787/1989 1987/1785/1987 1986/1784/1986
f 1988/1745/1988 1990/1750/1990 1989/1787/1989
f 1990/1750/1990 1991/1752/1991 1992/1788/1992
f 1992/1788/1992 1989/1787/1989 1990/1750/1990
f 1993/1789/1993 1994/1790/1994 1995/1791/1995
f 1995/1791/1995 1996/1792/1996 1993/1789/1993
f 1997/1793/1997 1962/1763/1962 1961/1762/1961
f 1998/1794/1998 1999/1795/1999 2000/1698/2000
f 2000/1698/2000 2001/1701/2001 1998/1794/1998
f 2002/1796/2002 2003/1797/2003 2004/1702/2004
f 2004/1702/2004 2005/1705/2005 2002/1796/2002
f 2006/1798/2006 2007/1799/2007 2008/1769/2008
f 2008/1769/2008 2009/1772/2009 2006/1798/2006
f 2010/1800/2010 2011/1801/2011 2012/1766/2012
f 2012/1766/2012 2013/1765/2013 2010/1800/2010
f 2014/1768/2014 2015/1767/2015 2016/1802/2016
f 2016/1802/2016 2017/1803/2017 2014/1768/2014
f 2018/1767/2018 2019/1766/2019 2020/1801/2020
f 2020/1801/2020 2021/1802/2021 2018/1767/2018
f 2022/1765/2022 2023/1768/2023 2024/1803/2024
f 2024/1803/2024 2025/1800/2025 2022/1765/2022
f 2026/1804/2026 2027/1805/2027 2028/1806/2028
f 2028/1806/2028 2029/1807/2029 2026/1804/2026
f 2030/1808/2030 2031/1809/2031 2032/1810/2032
f 2030/1808/2030 2032/1810/2032 2033/1811/2033
f 2034/1812/2034 2030/1808/2030 2033/1811/2033
f 2035/1813/2035 2034/1812/2034 2033/1811/2033
f 2033/1811/2033 2036/1814/2036 2037/1815/2037
f 2033/1811/2033 2037/1815/2037 2038/1816/2038
f 2039/1817/2039 2040/1818/2040 2041/1819/2041
f 2038/1816/2038 2039/1817/2039 2041/1819/2041
f 2038/1816/2038 2041/1819/2041 2042/1820/2042
f 2033/1811/2033 2038/1816/2038 2042/1820/2042
f 2035/1813/2035 2033/1811/2033 2042/1820/2042
f 2035/1813/2035 2042/1820/2042 2043/1821/2043
f 2044/1822/2044 2045/1823/2045 2046/1805/2046
f 2047/1824/2047 2044/1822/2044 2046/1805/2046
f 2043/1821/2043 2047/1824/2047 2046/1805/2046
f 2035/1813/2035 2043/1821/2043 2046/1805/2046
f 2048/1825/2048 2035/1813/2035 2046/1805/2046
f 2049/1826/2049 2048/1825/2048 2046/1805/2046
f 2050/1827/2050 2049/1826/2049 2046/1805/2046
f 2050/1827/2050 2046/1805/2046 2051/1804/2051
f 2052/1828/2052 2053/1829/2053 2054/1830/2054
f 2053/1829/2053 2052/1828/2052 2055/1831/2055
f 2056/1832/2056 2057/1833/2057 2058/1834/2058
f 2057/1833/2057 2056/1832/2056 2059/1835/2059
f 867/896/867 2060/1836/2060 868/897/868
f 2060/1836/2060 867/896/867 2061/1837/2061
f 2062/892/2062 2063/1838/2063 2064/1839/2064
f 2063/1838/2063 2062/892/2062 2065/891/2065
f 2066/1840/2066 2067/1841/2067 2068/1842/2068
f 2067/1841/2067 2066/1840/2066 2069/1843/2069
f 2070/1844/2070 2071/1845/2071 2072/1846/2072
f 2072/1846/2072 2073/1847/2073 2070/1844/2070
f 2074/1848/2074 2075/1849/2075 2076/1850/2076
f 2076/1850/2076 2077/1851/2077 2074/1848/2074
f 2078/1852/2078 2079/1853/2079 2080/1854/2080
f 2080/1854/2080 2081/1855/2081 2078/1852/2078
f 2082/1856/2082 2083/1857/2083 2084/1858/2084
f 2085/1859/2085 2086/1860/2086 2087/1861/2087
f 2087/1861/2087 2088/1862/2088 2085/1859/2085
f 2089/1863/2089 2090/1864/2090 2091/1865/2091
f 2091/1865/2091 2092/1866/2092 2089/1863/2089
f 2093/1867/2093 2094/1868/2094 2095/1869/2095
f 2095/1869/2095 2096/1870/2096 2093/1867/2093
f 2097/1871/2097 2098/1872/2098 2099/1873/2099
f 2099/1873/2099 2100/1874/2100 2097/1871/2097
f 2101/1875/2101 2102/1876/2102 2103/1877/2103
f 2103/1877/2103 2104/1878/2104 2101/1875/2101
f 2105/1879/2105 2106/1880/2106 2107/1881/2107
f 2107/1881/2107 2108/1882/2108 2105/1879/2105
f 2109/1883/2109 2110/1884/2110 2111/1885/2111
f 2111/1885/2111 2112/1886/2112 2109/1883/2109
f 2113/1887/2113 2114/1888/2114 2080/1889/2080
f 2080/1889/2080 2115/1890/2115 2113/1887/2113
f 2116/1891/2116 2117/1892/2117 2118/1893/2118
f 2118/1893/2118 2119/1894/2119 2116/1891/2116
f 2120/1895/2120 2121/1896/2121 2122/1897/2122
f 2122/1897/2122 2123/1898/2123 2120/1895/2120
f 881/902/881 877/899/877 2124/1899/2124
f 2124/1899/2124 2125/1900/2125 881/902/881
f 2126/889/2126 2127/1901/2127 2128/1902/2128
f 2128/1902/2128 860/890/860 2126/889/2126
f 2129/1903/2129 2130/1904/2130 2131/1905/2131
f 2131/1905/2131 2132/1906/2132 2129/1903/2129
f 2133/1907/2133 2134/1908/2134 2135/1909/2135
f 2136/1910/2136 2137/1911/2137 2138/1912/2138
f 2138/1912/2138 2139/1913/2139 2136/1910/2136
f 2140/1914/2140 2141/1915/2141 2142/1916/2142
f 2142/1917/2142 2143/1918/2143 2144/1919/2144
f 2144/1919/2144 2145/1920/2145 2146/1921/2146
f 2142/1917/2142 2144/1919/2144 2146/1921/2146
f 2146/1921/2146 2147/1922/2147 2148/1923/2148
f 2142/1917/2142 2146/1921/2146 2148/1923/2148
f 2149/1924/2149 2150/1925/2150 2151/1926/2151
f 2151/1926/2151 2152/1927/2152 2149/1924/2149
f 2153/1928/2153 2154/1929/2154 2155/1930/2155
f 2156/1931/2156 2153/1928/2153 2155/1930/2155
f 2157/1932/2157 2156/1931/2156 2155/1930/2155
f 2158/1933/2158 2159/1934/2159 2160/1935/2160
f 2161/1911/2161 2162/1910/2162 2163/1936/2163
f 2164/1937/2164 2165/1938/2165 2166/1939/2166
f 2167/1940/2167 2168/1941/2168 2169/1942/2169
f 2170/1924/2170 2171/1927/2171 2172/1941/2172
f 2172/1941/2172 2173/1940/2173 2170/1924/2170
f 2174/1943/2174 2175/1944/2175 2176/1945/2176
f 2177/1946/2177 2178/1947/2178 2179/1948/2179
f 2179/1948/2179 2180/1949/2180 2177/1946/2177
f 2181/1926/2181 2182/1925/2182 2183/1947/2183
f 2183/1947/2183 2184/1946/2184 2181/1926/2181
f 2185/1950/2185 2186/1951/2186 2187/1952/2187
f 2187/1952/2187 2188/1953/2188 2185/1950/2185
f 2189/1954/2189 2190/1955/2190 2191/1956/2191
f 2191/1956/2191 2192/1957/2192 2189/1954/2189
f 2193/1958/2193 2194/1959/2194 2195/1960/2195
f 2196/1961/2196 2193/1958/2193 2195/1960/2195
f 2197/1962/2197 2198/1963/2198 2199/1964/2199
f 2200/1965/2200 2197/1962/2197 2199/1964/2199
f 2200/1965/2200 2199/1964/2199 2201/1966/2201
f 2202/1967/2202 2203/1968/2203 2204/1969/2204
f 2205/1954/2205 2206/1957/2206 2207/1970/2207
f 2208/1971/2208 2209/1972/2209 2210/1973/2210
f 2211/1974/2211 2212/1975/2212 2213/1976/2213
f 2214/1977/2214 2211/1978/2211 2215/1979/2215
f 2214/1980/2214 2216/1981/2216 2217/1982/2217
f 2218/1983/2218 2219/1984/2219 2217/1982/2217
f 2220/1985/2220 2219/1986/2219 2221/1987/2221
f 2221/1987/2221 2222/1988/2222 2223/1989/2223
f 2223/1989/2223 2220/1985/2220 2221/1987/2221
f 2213/1976/2213 2212/1975/2212 2224/1990/2224
f 2225/1991/2225 2226/1992/2226 2227/1993/2227
f 2228/1994/2228 2229/1995/2229 2230/1996/2230
f 2214/1977/2214 2215/1979/2215 2231/1997/2231
f 2216/1981/2216 2214/1980/2214 2231/1998/2231
f 2216/1981/2216 2218/1983/2218 2217/1982/2217
f 2222/1988/2222 2232/1999/2232 2233/2000/2233
f 2233/2000/2233 2223/1989/2223 2222/1988/2222
f 2234/2001/2234 2213/1976/2213 2224/1990/2224
f 2235/2002/2235 2236/2003/2236 2225/1991/2225
f 2225/1991/2225 2227/1993/2227 2235/2002/2235
f 2228/1994/2228 2237/2004/2237 2238/2005/2238
f 2231/1998/2231 2239/2006/2239 2216/1981/2216
f 2218/1983/2218 2239/2006/2239 2222/1988/2222
f 2239/2006/2239 2240/2007/2240 2232/1999/2232
f 2232/1999/2232 2222/1988/2222 2239/2006/2239
f 2241/2008/2241 2242/2009/2242 2236/2010/2236
f 2236/2010/2236 2243/2011/2243 2241/2008/2241
f 2244/2012/2244 2238/2011/2238 2245/2013/2245
f 2246/2014/2246 2213/2015/2213 2234/2016/2234
f 2213/2015/2213 2246/2014/2246 2231/1998/2231
f 2239/2006/2239 2231/1998/2231 2246/2014/2246
f 2242/2009/2242 2241/2008/2241 2247/2014/2247
f 2248/2017/2248 2249/2018/2249 2250/2019/2250
f 2248/2017/2248 2250/2019/2250 2251/2020/2251
f 2248/2017/2248 2251/2020/2251 2252/2021/2252
f 2248/2017/2248 2252/2021/2252 2253/2022/2253
f 2248/2017/2248 2253/2022/2253 2254/2023/2254
f 2248/2017/2248 2254/2023/2254 2255/2024/2255
f 2248/2017/2248 2255/2024/2255 2256/2025/2256
f 2257/2026/2257 2258/2027/2258 2259/2028/2259
f 2234/2001/2234 2224/1990/2224 2260/2029/2260
f 2260/2029/2260 2261/2030/2261 2234/2001/2234
f 2262/2031/2262 2257/2026/2257 2259/2028/2259
f 2259/2028/2259 2263/2032/2263 2262/2031/2262
f 2246/2014/2246 2234/2016/2234 2261/2033/2261
f 2261/2033/2261 2264/2009/2264 2246/2014/2246
f 2265/2034/2265 2266/2035/2266 2263/2036/2263
f 2263/2036/2263 2267/2037/2267 2265/2034/2265
f 2268/2006/2268 2265/2012/2265 2267/2038/2267
f 2267/2038/2267 2269/2007/2269 2268/2006/2268
f 2270/2039/2270 2271/2040/2271 2272/2041/2272
f 2273/2042/2273 2274/2043/2274 2275/2044/2275
f 2274/2043/2274 2273/2042/2273 2276/2045/2276
f 2277/2046/2277 2276/2047/2276 2278/2048/2278
f 2279/2049/2279 2280/2050/2280 2281/2051/2281
f 2279/2049/2279 2281/2051/2281 2282/2052/2282
f 2279/2053/2279 2282/2054/2282 2283/2055/2283
f 2284/2056/2284 2285/2057/2285 2225/1991/2225
f 2278/2048/2278 2286/2058/2286 2277/2046/2277
f 2278/2048/2278 2287/2059/2287 2286/2058/2286
f 2288/2060/2288 2280/2050/2280 2279/2049/2279
f 2279/2049/2279 2287/2059/2287 2288/2060/2288
f 2283/2055/2283 2289/2061/2289 2279/2053/2279
f 2233/2000/2233 2232/1999/2232 2289/2061/2289
f 2289/2061/2289 2283/2055/2283 2233/2000/2233
f 2274/2043/2274 2290/2062/2290 2275/2044/2275
f 2225/1991/2225 2236/2003/2236 2291/2063/2291
f 2291/2063/2291 2284/2056/2284 2225/1991/2225
f 2232/1999/2232 2240/2007/2240 2289/2061/2289
f 2274/2064/2274 2264/2009/2264 2290/2065/2290
f 2236/2010/2236 2242/2009/2242 2292/2066/2292
f 2292/2066/2292 2293/2067/2293 2236/2010/2236
f 2294/2067/2294 2295/2038/2295 2296/2068/2296
f 2274/2064/2274 2286/2069/2286 2264/2009/2264
f 2287/2070/2287 2297/2038/2297 2264/2009/2264
f 2264/2009/2264 2286/2069/2286 2287/2070/2287
f 2287/2070/2287 2298/2071/2298 2240/2007/2240
f 2298/2071/2298 2289/2061/2289 2240/2007/2240
f 2299/2072/2299 2300/2073/2300 2301/2074/2301
f 2299/2072/2299 2301/2074/2301 2302/2075/2302
f 2299/2072/2299 2302/2075/2302 2303/2076/2303
f 2299/2072/2299 2303/2076/2303 2304/2077/2304
f 2299/2072/2299 2304/2077/2304 2305/2078/2305
f 2299/2072/2299 2305/2078/2305 2250/2019/2250
f 2299/2072/2299 2250/2019/2250 2249/2018/2249
f 2306/2079/2306 2307/2080/2307 2308/2081/2308
f 2259/2028/2259 2309/2082/2309 2310/2083/2310
f 2260/2029/2260 2275/2044/2275 2290/2062/2290
f 2290/2062/2290 2261/2030/2261 2260/2029/2260
f 2310/2083/2310 2263/2032/2263 2259/2028/2259
f 2261/2033/2261 2290/2065/2290 2264/2009/2264
f 2263/2036/2263 2311/2084/2311 2267/2037/2267
f 2312/2085/2312 2271/2040/2271 2270/2039/2270
f 2313/2086/2313 2314/2087/2314 2315/2088/2315
f 2315/2088/2315 2316/2089/2316 2313/2086/2313
f 2317/2090/2317 2318/2091/2318 2319/2092/2319
f 2319/2092/2319 2320/2093/2320 2317/2090/2317
f 2321/2094/2321 2322/2095/2322 2323/2096/2323
f 2323/2096/2323 2324/2097/2324 2321/2094/2321
f 2324/2097/2324 2323/2096/2323 2325/2098/2325
f 2325/2098/2325 2326/2099/2326 2324/2097/2324
f 2327/2100/2327 2328/2101/2328 2329/2102/2329
f 2329/2102/2329 2330/2103/2330 2327/2100/2327
f 2331/2104/2331 2332/2105/2332 2314/2087/2314
f 2314/2087/2314 2313/2086/2313 2331/2104/2331
f 2333/2098/2333 2334/2106/2334 2335/2107/2335
f 2336/2108/2336 2337/2109/2337 2338/2110/2338
f 2339/2111/2339 2340/2112/2340 2341/2113/2341
f 2342/2103/2342 2343/2114/2343 2344/2115/2344
f 2345/2116/2345 2346/2117/2346 2347/2118/2347
f 2348/2119/2348 2349/2120/2349 2350/2018/2350
f 2350/2018/2350 2351/2017/2351 2348/2119/2348
f 2341/2113/2341 2352/2121/2352 2353/2025/2353
f 2353/2025/2353 2339/2111/2339 2341/2113/2341
f 2354/2122/2354 2355/2123/2355 2356/2111/2356
f 2356/2111/2356 2357/2124/2357 2354/2122/2354
f 2349/2120/2349 2358/2125/2358 2359/2072/2359
f 2359/2072/2359 2350/2018/2350 2349/2120/2349
f 2347/2118/2347 2354/2122/2354 2357/2124/2357
f 2357/2124/2357 2345/2116/2345 2347/2118/2347
f 2360/2126/2360 2361/2127/2361 2362/2073/2362
f 2362/2073/2362 2363/2072/2363 2360/2126/2360
f 2364/2128/2364 2365/2129/2365 2366/2130/2366
f 2367/2131/2367 2368/2132/2368 2369/2081/2369
f 2369/2081/2369 2370/2080/2370 2367/2131/2367
f 2371/2133/2371 2372/2134/2372 2373/2089/2373
f 2373/2089/2373 2374/2088/2374 2371/2133/2371
f 2375/2135/2375 2376/2136/2376 2377/2093/2377
f 2377/2093/2377 2378/2092/2378 2375/2135/2375
f 2335/2107/2335 2379/2137/2379 2380/2099/2380
f 2380/2099/2380 2333/2098/2333 2335/2107/2335
f 2381/2138/2381 2382/2139/2382 2383/2103/2383
f 2383/2103/2383 2384/2102/2384 2381/2138/2381
f 2385/2098/2385 2386/2140/2386 2387/2106/2387
f 2388/2106/2388 2389/2140/2389 2390/2141/2390
f 2391/2142/2391 2392/2143/2392 2393/2119/2393
f 2394/2017/2394 2395/2144/2395 2396/2142/2396
f 2396/2142/2396 2397/2119/2397 2394/2017/2394
f 2398/2144/2398 2399/2145/2399 2400/2142/2400
f 2401/2146/2401 2402/2147/2402 2403/2148/2403
f 2404/2146/2404 2405/2148/2405 2406/2149/2406
f 2406/2149/2406 2407/2150/2407 2404/2146/2404
f 2408/2151/2408 2409/2109/2409 2410/2152/2410
f 2411/2153/2411 2412/2154/2412 2413/2155/2413
f 2414/2108/2414 2415/2152/2415 2416/2109/2416
f 2417/2156/2417 2418/2157/2418 2419/2158/2419
f 2420/2159/2420 2421/2160/2421 2422/2161/2422
f 2423/2159/2423 2424/2161/2424 2425/2099/2425
f 2425/2099/2425 2426/2137/2426 2423/2159/2423
f 2356/2111/2356 2355/2123/2355 2427/2112/2427
f 2428/2112/2428 2429/2123/2429 2430/2162/2430
f 2431/2163/2431 2432/2164/2432 2433/2165/2433
f 2434/2105/2434 2435/2166/2435 2436/2163/2436
f 2436/2163/2436 2437/2165/2437 2434/2105/2434
f 2438/2167/2438 2439/2113/2439 2440/2112/2440
f 2441/2168/2441 2442/2138/2442 2443/2102/2443
f 2443/2102/2443 2444/2169/2444 2441/2168/2441
f 2383/2103/2383 2382/2139/2382 2445/2114/2445
f 2446/2095/2446 2447/2170/2447 2448/2171/2448
f 2449/2092/2449 2450/2172/2450 2451/2173/2451
f 2451/2173/2451 2452/2135/2452 2449/2092/2449
f 2453/2172/2453 2454/2174/2454 2455/2173/2455
f 2456/2095/2456 2457/2171/2457 2458/2175/2458
f 2459/2176/2459 2460/2177/2460 2461/2126/2461
f 2462/2175/2462 2463/2171/2463 2464/2178/2464
f 2465/2125/2465 2466/2179/2466 2467/2176/2467
f 2468/2176/2468 2469/2126/2469 2470/2072/2470
f 2470/2072/2470 2471/2125/2471 2468/2176/2468
f 2472/2116/2472 2473/2180/2473 2474/2117/2474
f 2475/2181/2475 2476/2182/2476 2477/2183/2477
f 2478/2184/2478 2479/2185/2479 2480/2181/2480
f 2480/2181/2480 2481/2183/2481 2478/2184/2478
f 2482/2186/2482 2483/2118/2483 2484/2117/2484
f 2485/2187/2485 2486/2188/2486 2487/2189/2487
f 2488/2189/2488 2489/2133/2489 2490/2088/2490
f 2490/2088/2490 2491/2187/2491 2488/2189/2488
f 2492/2190/2492 2493/2191/2493 2494/2192/2494
f 2494/2192/2494 2495/2193/2495 2492/2190/2492
f 2496/2089/2496 2497/2134/2497 2498/2194/2498
f 2499/2195/2499 2500/2194/2500 2501/2134/2501
f 2502/2196/2502 2503/2197/2503 2504/2131/2504
f 2505/2194/2505 2506/2195/2506 2507/2198/2507
f 2508/2199/2508 2509/2200/2509 2510/2196/2510
f 2511/2196/2511 2512/2131/2512 2513/2080/2513
f 2513/2080/2513 2514/2199/2514 2511/2196/2511
f 2515/2201/2515 2516/2202/2516 2517/2203/2517
f 2518/2204/2518 2519/2205/2519 2520/2206/2520
f 2521/2093/2521 2522/2136/2522 2523/2204/2523
f 2523/2204/2523 2524/2206/2524 2521/2093/2521
f 2525/2129/2525 2526/2203/2526 2527/2202/2527
f 2528/2129/2528 2529/2202/2529 2530/2130/2530
f 2531/2130/2531 2532/2202/2532 2533/2207/2533
f 2534/2208/2534 2535/2209/2535 2536/2210/2536
f 2537/2210/2537 2538/2211/2538 2539/2094/2539
f 2539/2094/2539 2540/2208/2540 2537/2210/2537
f 2541/2143/2541 2542/2212/2542 2543/2120/2543
f 2543/2120/2543 2544/2119/2544 2541/2143/2541
f 2545/2140/2545 2546/2213/2546 2547/2214/2547
f 2547/2214/2547 2548/2141/2548 2545/2140/2545
f 2385/2098/2385 2549/2096/2549 2550/2213/2550
f 2550/2213/2550 2386/2140/2386 2385/2098/2385
f 2551/2215/2551 2552/2161/2552 2553/2160/2553
f 2554/2097/2554 2555/2099/2555 2556/2161/2556
f 2556/2161/2556 2557/2215/2557 2554/2097/2554
f 2558/2167/2558 2559/2216/2559 2560/2121/2560
f 2560/2121/2560 2561/2113/2561 2558/2167/2558
f 2562/2169/2562 2563/2217/2563 2564/2218/2564
f 2565/2102/2565 2566/2101/2566 2567/2217/2567
f 2567/2217/2567 2568/2169/2568 2565/2102/2565
f 2569/2152/2569 2570/2219/2570 2571/2220/2571
f 2572/2108/2572 2573/2100/2573 2574/2219/2574
f 2574/2219/2574 2575/2152/2575 2572/2108/2572
f 2576/2221/2576 2577/2162/2577 2578/2123/2578
f 2578/2123/2578 2579/2122/2579 2576/2221/2576
f 2580/2222/2580 2581/2165/2581 2582/2164/2582
f 2582/2164/2582 2583/2223/2583 2580/2222/2580
f 2584/2087/2584 2585/2105/2585 2586/2165/2586
f 2586/2165/2586 2587/2222/2587 2584/2087/2584
f 2542/2212/2542 2588/2179/2588 2589/2125/2589
f 2589/2125/2589 2543/2120/2543 2542/2212/2542
f 2546/2213/2546 2590/2175/2590 2591/2178/2591
f 2591/2178/2591 2547/2214/2547 2546/2213/2546
f 2549/2096/2549 2592/2095/2592 2593/2175/2593
f 2593/2175/2593 2550/2213/2550 2549/2096/2549
f 2594/2186/2594 2576/2221/2576 2579/2122/2579
f 2579/2122/2579 2595/2118/2595 2594/2186/2594
f 2596/2187/2596 2580/2222/2580 2583/2223/2583
f 2583/2223/2583 2597/2188/2597 2596/2187/2596
f 2598/2088/2598 2584/2087/2584 2587/2222/2587
f 2587/2222/2587 2599/2187/2599 2598/2088/2598
f 2600/2177/2600 2601/2224/2601 2602/2127/2602
f 2602/2127/2602 2603/2126/2603 2600/2177/2600
f 2604/2172/2604 2605/2225/2605 2606/2226/2606
f 2606/2226/2606 2607/2174/2607 2604/2172/2604
f 2608/2092/2608 2609/2091/2609 2610/2225/2610
f 2610/2225/2610 2611/2172/2611 2608/2092/2608
f 2612/2227/2612 2613/2194/2613 2614/2198/2614
f 2615/2208/2615 2551/2215/2551 2616/2228/2616
f 2616/2228/2616 2617/2209/2617 2615/2208/2615
f 2618/2094/2618 2554/2097/2554 2557/2215/2557
f 2557/2215/2557 2619/2208/2619 2618/2094/2618
f 2620/2197/2620 2621/2229/2621 2622/2132/2622
f 2622/2132/2622 2623/2131/2623 2620/2197/2620
f 2624/2191/2624 2625/2230/2625 2626/2231/2626
f 2627/2190/2627 2628/2090/2628 2629/2230/2629
f 2629/2230/2629 2630/2191/2630 2627/2190/2627
f 2631/2184/2631 2632/2190/2632 2633/2193/2633
f 2633/2193/2633 2634/2185/2634 2631/2184/2631
f 2446/2095/2446 2635/2094/2635 2636/2211/2636
f 2636/2211/2636 2447/2170/2447 2446/2095/2446
f 2637/2149/2637 2336/2108/2336 2338/2110/2338
f 2338/2110/2338 2638/2150/2638 2637/2149/2637
f 2639/2105/2639 2640/2104/2640 2641/2232/2641
f 2641/2232/2641 2642/2166/2642 2639/2105/2639
f 2229/1995/2229 2228/1994/2228 2643/2233/2643
f 2238/2005/2238 2643/2233/2643 2228/1994/2228
f 2216/1981/2216 2239/2006/2239 2218/1983/2218
f 2244/2012/2244 2644/2008/2644 2238/2011/2238
f 2239/2006/2239 2246/2014/2246 2644/2008/2644
f 2644/2008/2644 2244/2012/2244 2239/2006/2239
f 2645/2234/2645 2646/2235/2646 2647/2124/2647
f 2645/2234/2645 2647/2124/2647 2648/2111/2648
f 2649/2236/2649 2645/2234/2645 2648/2111/2648
f 2650/2237/2650 2649/2236/2649 2648/2111/2648
f 2255/2024/2255 2650/2237/2650 2648/2111/2648
f 2255/2024/2255 2648/2111/2648 2256/2025/2256
f 2651/2238/2651 2306/2079/2306 2652/2128/2652
f 2653/2239/2653 2654/2240/2654 2655/2241/2655
f 2655/2241/2655 2656/2242/2656 2653/2239/2653
f 2287/2059/2287 2278/2048/2278 2288/2060/2288
f 2657/2243/2657 2655/2241/2655 2654/2240/2654
f 2287/2244/2287 2240/2245/2240 2297/2246/2297
f 2658/2066/2658 2264/2009/2264 2295/2038/2295
f 2295/2038/2295 2294/2067/2294 2658/2066/2658
f 2659/2116/2659 2647/2124/2647 2646/2235/2646
f 2659/2116/2659 2646/2235/2646 2660/2247/2660
f 2659/2116/2659 2660/2247/2660 2661/2248/2661
f 2659/2116/2659 2661/2248/2661 2662/2249/2662
f 2300/2073/2300 2659/2116/2659 2662/2249/2662
f 2300/2073/2300 2662/2249/2662 2663/2250/2663
f 2300/2073/2300 2663/2250/2663 2301/2074/2301
f 2664/2129/2664 2652/2128/2652 2306/2079/2306
f 2306/2079/2306 2308/2081/2308 2664/2129/2664
f 2665/2251/2665 2666/2252/2666 2312/2085/2312
f 2312/2085/2312 2270/2039/2270 2665/2251/2665
f 2667/2190/2667 2668/2184/2668 2318/2091/2318
f 2318/2091/2318 2317/2090/2317 2667/2190/2667
f 2669/2108/2669 2670/2149/2670 2328/2101/2328
f 2328/2101/2328 2327/2100/2327 2669/2108/2669
f 2671/2144/2671 2672/2017/2672 2353/2025/2353
f 2353/2025/2353 2352/2121/2352 2671/2144/2671
f 2473/2180/2473 2472/2116/2472 2362/2073/2362
f 2362/2073/2362 2361/2127/2361 2473/2180/2473
f 2673/2203/2673 2674/2129/2674 2369/2081/2369
f 2369/2081/2369 2368/2132/2368 2673/2203/2673
f 2675/2145/2675 2676/2144/2676 2560/2121/2560
f 2560/2121/2560 2559/2216/2559 2675/2145/2675
f 2677/2148/2677 2678/2147/2678 2564/2218/2564
f 2564/2218/2564 2563/2217/2563 2677/2148/2677
f 2679/2149/2679 2680/2148/2680 2567/2217/2567
f 2567/2217/2567 2566/2101/2566 2679/2149/2679
f 2342/2103/2342 2344/2115/2344 2574/2219/2574
f 2574/2219/2574 2573/2100/2573 2342/2103/2342
f 2602/2127/2602 2601/2224/2601 2681/2180/2681
f 2682/2183/2682 2683/2182/2683 2606/2226/2606
f 2606/2226/2606 2605/2225/2605 2682/2183/2682
f 2684/2184/2684 2685/2183/2685 2610/2225/2610
f 2610/2225/2610 2609/2091/2609 2684/2184/2684
f 2686/2201/2686 2687/2203/2687 2622/2132/2622
f 2622/2132/2622 2621/2229/2621 2686/2201/2686
f 2688/2206/2688 2689/2205/2689 2626/2231/2626
f 2626/2231/2626 2625/2230/2625 2688/2206/2688
f 2690/2093/2690 2691/2206/2691 2629/2230/2629
f 2629/2230/2629 2628/2090/2628 2690/2093/2690
f 2692/2253/2692 2693/2254/2693 2694/2255/2694
f 2694/2255/2694 2695/2256/2695 2692/2253/2692
f 2695/2256/2695 2696/2257/2696 2697/2258/2697
f 2697/2258/2697 2692/2253/2692 2695/2256/2695
f 2697/2258/2697 2696/2257/2696 2698/2259/2698
f 2699/2260/2699 2697/2261/2697 2698/2262/2698
f 2700/2263/2700 2699/2264/2699 2701/2265/2701
f 2694/2255/2694 2693/2254/2693 2702/2266/2702
f 2703/2267/2703 2704/2268/2704 2705/2269/2705
f 2706/2270/2706 2707/2271/2707 2708/2272/2708
f 2708/2272/2708 2709/2273/2709 2706/2270/2706
f 2701/2265/2701 2710/2274/2710 2700/2263/2700
f 2710/2274/2710 2711/2275/2711 2712/2276/2712
f 2712/2276/2712 2700/2263/2700 2710/2274/2710
f 2713/2277/2713 2694/2255/2694 2702/2266/2702
f 2714/2278/2714 2715/2279/2715 2703/2267/2703
f 2703/2267/2703 2705/2269/2705 2714/2278/2714
f 2716/2280/2716 2717/2281/2717 2707/2271/2707
f 2707/2271/2707 2706/2270/2706 2716/2280/2716
f 2695/2256/2695 2694/2255/2694 2718/2282/2718
f 2718/2282/2718 2719/2283/2719 2696/2257/2696
f 2696/2257/2696 2695/2256/2695 2718/2282/2718
f 2696/2257/2696 2719/2283/2719 2698/2259/2698
f 2710/2284/2710 2720/2285/2720 2711/2286/2711
f 2721/2287/2721 2722/2288/2722 2715/2289/2715
f 2715/2290/2715 2723/2291/2723 2721/2292/2721
f 2724/2293/2724 2725/2287/2725 2726/2294/2726
f 2726/2294/2726 2727/2295/2727 2724/2293/2724
f 2722/2288/2722 2721/2287/2721 2728/2296/2728
f 2724/2293/2724 2729/2296/2729 2725/2287/2725
f 2694/2297/2694 2730/2298/2730 2718/2299/2718
f 2730/2298/2730 2731/2300/2731 2719/2301/2719
f 2719/2301/2719 2718/2299/2718 2730/2298/2730
f 2719/2302/2719 2731/2303/2731 2698/2304/2698
f 2698/2304/2698 2731/2303/2731 2710/2305/2710
f 2720/2285/2720 2710/2284/2710 2731/2300/2731
f 2713/2277/2713 2730/2306/2730 2694/2255/2694
f 2722/2288/2722 2728/2296/2728 2732/2298/2732
f 2731/2300/2731 2730/2298/2730 2729/2296/2729
f 2729/2296/2729 2724/2293/2724 2731/2300/2731
f 2733/2307/2733 2734/2308/2734 2735/2309/2735
f 2733/2307/2733 2735/2309/2735 2736/2310/2736
f 2733/2307/2733 2736/2310/2736 2737/2311/2737
f 2733/2307/2733 2737/2311/2737 2738/2312/2738
f 2739/2313/2739 2740/2314/2740 2741/2315/2741
f 2739/2313/2739 2741/2315/2741 2742/2316/2742
f 2743/2317/2743 2739/2313/2739 2742/2316/2742
f 2744/2318/2744 2743/2317/2743 2742/2316/2742
f 2738/2312/2738 2744/2318/2744 2742/2316/2742
f 2733/2307/2733 2738/2312/2738 2742/2316/2742
f 2745/2319/2745 2746/2320/2746 2747/2321/2747
f 2747/2321/2747 2748/2322/2748 2745/2319/2745
f 2749/2323/2749 2750/2324/2750 2751/2325/2751
f 2713/2277/2713 2702/2266/2702 2752/2326/2752
f 2752/2326/2752 2753/2327/2753 2713/2277/2713
f 2754/2328/2754 2749/2323/2749 2751/2325/2751
f 2751/2325/2751 2755/2329/2755 2754/2328/2754
f 2753/2330/2753 2756/2288/2756 2713/2331/2713
f 2757/2293/2757 2758/2295/2758 2755/2332/2755
f 2755/2332/2755 2759/2285/2759 2757/2293/2757
f 2730/2298/2730 2713/2331/2713 2756/2288/2756
f 2760/2300/2760 2757/2293/2757 2759/2285/2759
f 2761/2333/2761 2762/2334/2762 2763/2335/2763
f 2763/2335/2763 2764/2336/2764 2761/2333/2761
f 2765/2337/2765 2766/2338/2766 2767/2339/2767
f 2766/2338/2766 2765/2337/2765 2768/2340/2768
f 2769/2341/2769 2770/2342/2770 2771/2343/2771
f 2772/2344/2772 2770/2345/2770 2773/2346/2773
f 2774/2347/2774 2765/2348/2765 2767/2349/2767
f 2775/2350/2775 2776/2351/2776 2703/2267/2703
f 2777/2352/2777 2778/2353/2778 2779/2354/2779
f 2779/2354/2779 2780/2355/2780 2777/2352/2777
f 2768/2340/2768 2781/2356/2781 2766/2338/2766
f 2769/2341/2769 2782/2357/2782 2781/2356/2781
f 2781/2356/2781 2768/2340/2768 2769/2341/2769
f 2771/2343/2771 2782/2357/2782 2769/2341/2769
f 2773/2346/2773 2783/2358/2783 2772/2344/2772
f 2712/2276/2712 2711/2275/2711 2783/2358/2783
f 2783/2358/2783 2773/2346/2773 2712/2276/2712
f 2703/2267/2703 2715/2279/2715 2784/2359/2784
f 2784/2359/2784 2775/2350/2775 2703/2267/2703
f 2778/2353/2778 2785/2360/2785 2786/2361/2786
f 2786/2361/2786 2779/2354/2779 2778/2353/2778
f 2781/2356/2781 2787/2362/2787 2766/2338/2766
f 2787/2362/2787 2781/2356/2781 2782/2357/2782
f 2711/2286/2711 2720/2285/2720 2783/2363/2783
f 2715/2289/2715 2722/2288/2722 2788/2364/2788
f 2788/2365/2788 2789/2366/2789 2715/2367/2715
f 2790/2366/2790 2791/2365/2791 2792/2368/2792
f 2792/2368/2792 2793/2369/2793 2790/2366/2790
f 2782/2357/2782 2794/2370/2794 2787/2362/2787
f 2782/2357/2782 2771/2343/2771 2794/2370/2794
f 2771/2343/2771 2783/2363/2783 2794/2370/2794
f 2795/2371/2795 2788/2364/2788 2722/2288/2722
f 2791/2365/2791 2796/2372/2796 2792/2368/2792
f 2797/2373/2797 2766/2338/2766 2798/2374/2798
f 2766/2338/2766 2787/2362/2787 2798/2374/2798
f 2794/2370/2794 2799/2375/2799 2798/2374/2798
f 2798/2374/2798 2787/2362/2787 2794/2370/2794
f 2794/2370/2794 2783/2363/2783 2799/2375/2799
f 2799/2375/2799 2783/2363/2783 2720/2285/2720
f 2800/2374/2800 2795/2371/2795 2722/2288/2722
f 2796/2371/2796 2798/2374/2798 2799/2375/2799
f 2799/2375/2799 2792/2376/2792 2796/2371/2796
f 2801/2377/2801 2741/2315/2741 2740/2314/2740
f 2801/2377/2801 2740/2314/2740 2802/2378/2802
f 2801/2377/2801 2802/2378/2802 2803/2379/2803
f 2801/2377/2801 2803/2379/2803 2804/2380/2804
f 2805/2381/2805 2801/2377/2801 2804/2380/2804
f 2805/2381/2805 2804/2380/2804 2806/2382/2806
f 2805/2381/2805 2806/2382/2806 2807/2383/2807
f 2805/2381/2805 2807/2383/2807 2808/2384/2808
f 2805/2381/2805 2808/2384/2808 2735/2309/2735
f 2805/2381/2805 2735/2309/2735 2734/2308/2734
f 2809/2385/2809 2746/2320/2746 2745/2319/2745
f 2745/2319/2745 2810/2386/2810 2809/2385/2809
f 2751/2325/2751 2811/2387/2811 2812/2388/2812
f 2752/2326/2752 2774/2347/2774 2767/2349/2767
f 2767/2349/2767 2753/2327/2753 2752/2326/2752
f 2751/2325/2751 2812/2388/2812 2813/2389/2813
f 2813/2389/2813 2755/2329/2755 2751/2325/2751
f 2797/2373/2797 2756/2288/2756 2753/2330/2753
f 2755/2332/2755 2814/2390/2814 2815/2376/2815
f 2815/2376/2815 2759/2285/2759 2755/2332/2755
f 2756/2288/2756 2797/2373/2797 2798/2374/2798
f 2759/2285/2759 2815/2376/2815 2816/2375/2816
f 2763/2335/2763 2817/2391/2817 2818/2392/2818
f 2818/2392/2818 2764/2336/2764 2763/2335/2763
f 2819/2393/2819 2820/2394/2820 2821/2395/2821
f 2821/2395/2821 2822/2396/2822 2819/2393/2819
f 2823/2397/2823 2824/2398/2824 2825/2399/2825
f 2825/2399/2825 2826/2400/2826 2823/2397/2823
f 2827/2401/2827 2828/2402/2828 2829/2403/2829
f 2829/2403/2829 2830/2404/2830 2827/2401/2827
f 2830/2404/2830 2829/2403/2829 2831/2405/2831
f 2831/2405/2831 2832/2406/2832 2830/2404/2830
f 2833/2407/2833 2834/2408/2834 2835/2409/2835
f 2835/2409/2835 2836/2410/2836 2833/2407/2833
f 2837/2411/2837 2838/2412/2838 2820/2394/2820
f 2820/2394/2820 2819/2393/2819 2837/2411/2837
f 2839/2405/2839 2840/2413/2840 2841/2414/2841
f 2842/2407/2842 2843/2415/2843 2844/2416/2844
f 2845/2316/2845 2846/2417/2846 2847/2418/2847
f 2848/2410/2848 2849/2419/2849 2850/2420/2850
f 2851/2421/2851 2852/2422/2852 2853/2308/2853
f 2853/2308/2853 2854/2307/2854 2851/2421/2851
f 2847/2418/2847 2855/2423/2855 2856/2307/2856
f 2856/2307/2856 2845/2316/2845 2847/2418/2847
f 2857/2424/2857 2858/2425/2858 2859/2316/2859
f 2859/2316/2859 2860/2315/2860 2857/2424/2857
f 2852/2422/2852 2861/2426/2861 2862/2381/2862
f 2862/2381/2862 2853/2308/2853 2852/2422/2852
f 2863/2427/2863 2857/2424/2857 2860/2315/2860
f 2860/2315/2860 2864/2377/2864 2863/2427/2863
f 2865/2428/2865 2866/2429/2866 2867/2377/2867
f 2867/2377/2867 2868/2381/2868 2865/2428/2865
f 2869/2430/2869 2870/2431/2870 2871/2432/2871
f 2872/2433/2872 2873/2434/2873 2874/2385/2874
f 2874/2385/2874 2875/2386/2875 2872/2433/2872
f 2876/2435/2876 2877/2436/2877 2878/2396/2878
f 2878/2396/2878 2879/2395/2879 2876/2435/2876
f 2880/2437/2880 2881/2438/2881 2882/2400/2882
f 2882/2400/2882 2883/2399/2883 2880/2437/2880
f 2841/2414/2841 2884/2439/2884 2885/2406/2885
f 2885/2406/2885 2839/2405/2839 2841/2414/2841
f 2886/2440/2886 2887/2441/2887 2888/2410/2888
f 2888/2410/2888 2889/2409/2889 2886/2440/2886
f 2890/2405/2890 2891/2442/2891 2892/2413/2892
f 2893/2413/2893 2894/2442/2894 2895/2443/2895
f 2896/2444/2896 2897/2445/2897 2898/2421/2898
f 2899/2307/2899 2900/2423/2900 2901/2444/2901
f 2901/2444/2901 2902/2421/2902 2899/2307/2899
f 2903/2423/2903 2904/2446/2904 2905/2444/2905
f 2906/2447/2906 2907/2448/2907 2908/2449/2908
f 2909/2447/2909 2910/2449/2910 2911/2408/2911
f 2911/2408/2911 2912/2450/2912 2909/2447/2909
f 2913/2451/2913 2914/2415/2914 2915/2452/2915
f 2916/2453/2916 2917/2454/2917 2918/2455/2918
f 2919/2407/2919 2920/2452/2920 2921/2415/2921
f 2922/2456/2922 2923/2457/2923 2924/2406/2924
f 2924/2406/2924 2925/2439/2925 2922/2456/2922
f 2859/2316/2859 2858/2425/2858 2926/2417/2926
f 2927/2417/2927 2928/2425/2928 2929/2458/2929
f 2930/2459/2930 2931/2460/2931 2932/2461/2932
f 2933/2412/2933 2934/2462/2934 2935/2459/2935
f 2935/2459/2935 2936/2461/2936 2933/2412/2933
f 2937/2463/2937 2938/2418/2938 2939/2417/2939
f 2940/2464/2940 2941/2465/2941 2942/2466/2942
f 2943/2466/2943 2944/2440/2944 2945/2409/2945
f 2945/2409/2945 2946/2464/2946 2943/2466/2943
f 2888/2410/2888 2887/2441/2887 2947/2419/2947
f 2948/2411/2948 2949/2467/2949 2950/2468/2950
f 2950/2468/2950 2951/2469/2951 2948/2411/2948
f 2952/2467/2952 2953/2470/2953 2954/2468/2954
f 2955/2471/2955 2956/2472/2956 2957/2473/2957
f 2958/2474/2958 2959/2420/2959 2960/2419/2960
f 2961/2475/2961 2962/2476/2962 2963/2477/2963
f 2964/2402/2964 2965/2478/2965 2966/2479/2966
f 2967/2399/2967 2968/2480/2968 2969/2481/2969
f 2969/2481/2969 2970/2437/2970 2967/2399/2967
f 2971/2480/2971 2972/2482/2972 2973/2481/2973
f 2974/2483/2974 2975/2484/2975 2976/2485/2976
f 2977/2486/2977 2978/2487/2978 2979/2428/2979
f 2980/2488/2980 2981/2489/2981 2982/2490/2982
f 2983/2426/2983 2984/2491/2984 2985/2486/2985
f 2986/2486/2986 2987/2428/2987 2988/2381/2988
f 2988/2381/2988 2989/2426/2989 2986/2486/2986
f 2867/2377/2867 2866/2429/2866 2990/2492/2990
f 2991/2492/2991 2992/2429/2992 2993/2493/2993
f 2994/2494/2994 2995/2495/2995 2996/2496/2996
f 2997/2398/2997 2998/2497/2998 2999/2494/2999
f 2999/2494/2999 3000/2496/3000 2997/2398/2997
f 3001/2377/3001 3002/2492/3002 3003/2427/3003
f 3004/2427/3004 3005/2492/3005 3006/2498/3006
f 3007/2499/3007 3008/2500/3008 3009/2501/3009
f 3010/2501/3010 3011/2435/3011 3012/2395/3012
f 3012/2395/3012 3013/2499/3013 3010/2501/3010
f 2878/2396/2878 2877/2436/2877 3014/2502/3014
f 3015/2397/3015 3016/2503/3016 3017/2504/3017
f 3017/2504/3017 3018/2505/3018 3015/2397/3015
f 3019/2503/3019 3020/2506/3020 3021/2504/3021
f 3022/2396/3022 3023/2502/3023 3024/2507/3024
f 3025/2508/3025 3026/2509/3026 3027/2433/3027
f 3028/2507/3028 3029/2502/3029 3030/2510/3030
f 3031/2511/3031 3032/2512/3032 3033/2508/3033
f 3034/2508/3034 3035/2433/3035 3036/2386/3036
f 3036/2386/3036 3037/2511/3037 3034/2508/3034
f 3038/2513/3038 3039/2514/3039 3040/2434/3040
f 3041/2515/3041 3042/2516/3042 3043/2517/3043
f 3044/2400/3044 3045/2438/3045 3046/2515/3046
f 3046/2515/3046 3047/2517/3047 3044/2400/3044
f 3048/2385/3048 3049/2434/3049 3050/2514/3050
f 3051/2385/3051 3052/2514/3052 3053/2518/3053
f 3054/2518/3054 3055/2514/3055 3056/2519/3056
f 3057/2520/3057 3058/2521/3058 3059/2522/3059
f 3060/2522/3060 3061/2523/3061 3062/2401/3062
f 3062/2401/3062 3063/2520/3063 3060/2522/3060
f 3064/2445/3064 3065/2524/3065 3066/2422/3066
f 3066/2422/3066 3067/2421/3067 3064/2445/3064
f 3068/2442/3068 3069/2525/3069 3070/2526/3070
f 3070/2526/3070 3071/2443/3071 3068/2442/3068
f 2890/2405/2890 3072/2403/3072 3073/2525/3073
f 3073/2525/3073 2891/2442/2891 2890/2405/2890
f 3074/2404/3074 3075/2406/3075 3076/2457/3076
f 3076/2457/3076 3077/2527/3077 3074/2404/3074
f 3078/2463/3078 3079/2446/3079 3080/2423/3080
f 3080/2423/3080 3081/2418/3081 3078/2463/3078
f 3082/2464/3082 3083/2449/3083 3084/2448/3084
f 3084/2448/3084 3085/2465/3085 3082/2464/3082
f 3086/2409/3086 3087/2408/3087 3088/2449/3088
f 3088/2449/3088 3089/2464/3089 3086/2409/3086
f 3090/2452/3090 3091/2420/3091 3092/2474/3092
f 3093/2407/3093 2848/2410/2848 2850/2420/2850
f 2850/2420/2850 3094/2452/3094 3093/2407/3093
f 3095/2528/3095 3096/2458/3096 3097/2425/3097
f 3097/2425/3097 3098/2424/3098 3095/2528/3095
f 3099/2529/3099 3100/2461/3100 3101/2460/3101
f 3101/2460/3101 3102/2530/3102 3099/2529/3099
f 3103/2394/3103 3104/2412/3104 3105/2461/3105
f 3105/2461/3105 3106/2529/3106 3103/2394/3103
f 3107/2467/3107 3108/2531/3108 3109/2532/3109
f 3110/2411/3110 3111/2393/3111 3112/2531/3112
f 3112/2531/3112 3113/2467/3113 3110/2411/3110
f 3065/2524/3065 3114/2491/3114 3115/2426/3115
f 3115/2426/3115 3066/2422/3066 3065/2524/3065
f 3069/2525/3069 3116/2488/3116 3117/2490/3117
f 3117/2490/3117 3070/2526/3070 3069/2525/3069
f 3072/2403/3072 3118/2402/3118 3119/2488/3119
f 3119/2488/3119 3073/2525/3073 3072/2403/3072
f 3120/2498/3120 3095/2528/3095 3098/2424/3098
f 3098/2424/3098 3121/2427/3121 3120/2498/3120
f 3122/2499/3122 3099/2529/3099 3102/2530/3102
f 3102/2530/3102 3123/2500/3123 3122/2499/3122
f 3124/2395/3124 3103/2394/3103 3106/2529/3106
f 3106/2529/3106 3125/2499/3125 3124/2395/3124
f 3126/2487/3126 3127/2493/3127 3128/2429/3128
f 3128/2429/3128 3129/2428/3129 3126/2487/3126
f 3130/2480/3130 3131/2496/3131 3132/2495/3132
f 3132/2495/3132 3133/2482/3133 3130/2480/3130
f 3134/2399/3134 3135/2398/3135 3136/2496/3136
f 3136/2496/3136 3137/2480/3137 3134/2399/3134
f 3138/2533/3138 3139/2512/3139 3140/2511/3140
f 3108/2531/3108 3141/2507/3141 3142/2510/3142
f 3142/2510/3142 3109/2532/3109 3108/2531/3108
f 3111/2393/3111 3143/2396/3143 3144/2507/3144
f 3144/2507/3144 3112/2531/3112 3111/2393/3111
f 3145/2534/3145 3146/2518/3146 3147/2519/3147
f 3148/2401/3148 3074/2404/3074 3077/2527/3077
f 3077/2527/3077 3149/2520/3149 3148/2401/3148
f 3150/2509/3150 3151/2513/3151 3152/2434/3152
f 3152/2434/3152 3153/2433/3153 3150/2509/3150
f 3154/2503/3154 3155/2517/3155 3156/2516/3156
f 3156/2516/3156 3157/2506/3157 3154/2503/3154
f 3158/2397/3158 3159/2400/3159 3160/2517/3160
f 3160/2517/3160 3161/2503/3161 3158/2397/3158
f 3162/2398/3162 3163/2397/3163 3164/2505/3164
f 3164/2505/3164 3165/2497/3165 3162/2398/3162
f 2964/2402/2964 3166/2401/3166 3167/2523/3167
f 3167/2523/3167 2965/2478/2965 2964/2402/2964
f 3168/2408/3168 2842/2407/2842 2844/2416/2844
f 2844/2416/2844 3169/2450/3169 3168/2408/3168
f 3170/2412/3170 3171/2411/3171 3172/2469/3172
f 3172/2469/3172 3173/2462/3173 3170/2412/3170
f 3174/2535/3174 3175/2536/3175 3176/2537/3176
f 3176/2537/3176 3177/2538/3177 3174/2535/3174
f 3178/2539/3178 3179/2540/3179 3180/2541/3180
f 3181/2542/3181 3182/2543/3182 3183/2544/3183
f 3183/2545/3183 3184/2546/3184 3185/2547/3185
f 3185/2547/3185 3186/2548/3186 3187/2549/3187
f 3183/2545/3183 3185/2547/3185 3187/2549/3187
f 3187/2549/3187 3188/2550/3188 3189/2551/3189
f 3183/2545/3183 3187/2549/3187 3189/2551/3189
f 3190/2552/3190 3191/2553/3191 3192/2554/3192
f 3192/2554/3192 3193/2555/3193 3190/2552/3190
f 3194/2556/3194 3195/2557/3195 3196/2558/3196
f 3197/2559/3197 3198/2560/3198 3196/2561/3196
f 3199/2562/3199 3200/2563/3200 3201/2537/3201
f 3201/2537/3201 3202/2536/3202 3199/2562/3199
f 3203/2564/3203 3204/2565/3204 3205/2566/3205
f 3206/2567/3206 3207/2568/3207 3208/2569/3208
f 3209/2570/3209 3210/2571/3210 3211/2572/3211
f 3211/2572/3211 3212/2573/3212 3209/2570/3209
f 3213/2552/3213 3214/2555/3214 3215/2574/3215
f 3216/2575/3216 3217/2576/3217 3218/2577/3218
f 3219/2578/3219 3220/2579/3220 3221/2580/3221
f 3221/2580/3221 3222/2581/3222 3219/2578/3219
f 3223/2579/3223 3224/2578/3224 3225/2582/3225
f 3226/2583/3226 3227/2584/3227 3228/2585/3228
f 3229/2586/3229 3230/2587/3230 3231/2588/3231
f 3231/2588/3231 3232/2589/3232 3229/2586/3229
f 3233/2590/3233 3234/2591/3234 3235/2592/3235
f 3236/2593/3236 3233/2590/3233 3235/2592/3235
f 3237/2594/3237 3238/2595/3238 3239/2596/3239
f 3240/2597/3240 3237/2594/3237 3239/2596/3239
f 3240/2597/3240 3239/2596/3239 3241/2598/3241
f 3242/2599/3242 3243/2600/3243 3244/2601/3244
f 3244/2601/3244 3245/2602/3245 3242/2599/3242
f 3246/2603/3246 3247/2604/3247 3248/2605/3248
f 3248/2605/3248 3249/2606/3249 3246/2603/3246
f 3250/2607/3250 3251/2608/3251 3252/2609/3252
f 3252/2609/3252 3253/2610/3253 3250/2607/3250
f 3254/2611/3254 3255/2612/3255 3256/2613/3256
f 3257/2614/3257 3254/2611/3254 3256/2613/3256
f 3258/2615/3258 3259/2616/3259 3260/2617/3260
f 3261/2618/3261 3258/2615/3258 3260/2617/3260
f 3261/2618/3261 3260/2617/3260 3262/2619/3262
f 3263/2603/3263 3264/2606/3264 3265/2620/3265
f 3266/2621/3266 3267/2622/3267 3268/2623/3268
f 3269/2624/3269 3270/2625/3270 3271/2626/3271
f 3271/2626/3271 3272/2627/3272 3269/2624/3269
f 3273/2628/3273 3274/2629/3274 3275/2630/3275
f 3275/2630/3275 3276/2631/3276 3273/2628/3273
f 3277/2609/3277 3278/2608/3278 3279/2629/3279
f 3279/2629/3279 3280/2628/3280 3277/2609/3277
f 3281/2632/3281 3282/2633/3282 3283/2634/3283
f 3283/2634/3283 3284/2635/3284 3281/2632/3281
f 3285/2636/3285 3286/2637/3286 3287/2638/3287
f 3287/2638/3287 3288/2639/3288 3285/2636/3285
f 3289/2640/3289 3290/2641/3290 3291/2642/3291
f 3291/2642/3291 3292/2643/3292 3289/2640/3289
f 3293/2644/3293 3294/2645/3294 3295/2646/3295
f 3296/2647/3296 3297/2648/3297 3298/2649/3298
f 3299/2650/3299 3300/2651/3300 3301/2645/3301
f 3301/2645/3301 3302/2644/3302 3299/2650/3299
f 3303/2652/3303 3304/2653/3304 3305/2654/3305
f 3306/2640/3306 3307/2643/3307 3308/2655/3308
f 3308/2655/3308 3309/2656/3309 3306/2640/3306
f 3310/2657/3310 3311/2658/3311 3312/2648/3312
f 3312/2648/3312 3313/2647/3313 3310/2657/3310
f 3314/2642/3314 3315/2641/3315 3316/2659/3316
f 3316/2659/3316 3317/2660/3317 3314/2642/3314
f 3318/2661/3318 3319/2662/3319 3320/2663/3320
f 3321/2664/3321 3322/2665/3322 3323/2666/3323
f 3324/2667/3324 3325/2668/3325 3326/2662/3326
f 3326/2662/3326 3327/2661/3327 3324/2667/3324
f 3328/2668/3328 3329/2667/3329 3330/2669/3330
f 3331/2670/3331 3332/2671/3332 3333/2672/3333
f 3334/2673/3334 3335/2674/3335 3336/2675/3336
f 3337/2676/3337 3338/2677/3338 3339/2678/3339
f 3340/2679/3340 3341/2680/3341 3342/2681/3342
f 3342/2681/3342 3343/2682/3343 3340/2679/3340
f 3344/2683/3344 3345/2684/3345 3346/2685/3346
f 3347/2686/3347 3348/2687/3348 3349/2682/3349
f 3349/2682/3349 3350/2681/3350 3347/2686/3347
f 3351/2688/3351 3352/2689/3352 3353/2687/3353
f 3353/2687/3353 3354/2686/3354 3351/2688/3351
f 3355/2690/3355 3356/2691/3356 3357/2692/3357
f 3358/2685/3358 3359/2684/3359 3360/2693/3360
f 3361/2694/3361 3362/2695/3362 3363/2696/3363
f 3364/2697/3364 3361/2694/3361 3363/2696/3363
f 3364/2697/3364 3365/2698/3365 3366/2699/3366
f 3367/2700/3367 3368/2701/3368 3369/2702/3369
f 3369/2702/3369 3370/2703/3370 3367/2700/3367
f 3371/2704/3371 3367/2700/3367 3370/2703/3370
f 3372/2705/3372 3373/2706/3373 3374/2707/3374
f 3375/2708/3375 3376/2709/3376 3377/2710/3377
f 3364/2697/3364 3363/2696/3363 3378/2711/3378
f 3365/2698/3365 3364/2697/3364 3378/2711/3378
f 3365/2712/3365 3368/2713/3368 3366/2714/3366
f 3369/2715/3369 3368/2713/3368 3365/2712/3365
f 3370/2703/3370 3379/2716/3379 3371/2704/3371
f 3380/2717/3380 3363/2696/3363 3362/2695/3362
f 3381/2718/3381 3382/2719/3382 3372/2705/3372
f 3372/2705/3372 3374/2707/3374 3381/2718/3381
f 3375/2708/3375 3383/2720/3383 3384/2721/3384
f 3369/2722/3369 3385/2723/3385 3370/2724/3370
f 3385/2723/3385 3386/2725/3386 3379/2726/3379
f 3379/2726/3379 3370/2724/3370 3385/2723/3385
f 3382/2727/3382 3387/2728/3387 3388/2729/3388
f 3389/2730/3389 3384/2728/3384 3390/2731/3390
f 3391/2732/3391 3380/2717/3380 3392/2733/3392
f 3388/2734/3388 3393/2735/3393 3382/2736/3382
f 3391/2732/3391 3392/2733/3392 3378/2711/3378
f 3392/2733/3392 3394/2737/3394 3365/2698/3365
f 3365/2698/3365 3378/2711/3378 3392/2733/3392
f 3365/2698/3365 3385/2723/3385 3369/2722/3369
f 3393/2735/3393 3388/2734/3388 3395/2733/3395
f 3396/2738/3396 3397/2739/3397 3398/2740/3398
f 3396/2738/3396 3398/2740/3398 3399/2741/3399
f 3396/2738/3396 3399/2741/3399 3400/2742/3400
f 3396/2738/3396 3400/2742/3400 3401/2743/3401
f 3396/2738/3396 3401/2743/3401 3402/2744/3402
f 3396/2738/3396 3402/2744/3402 3403/2745/3403
f 3404/2746/3404 3405/2747/3405 3406/2748/3406
f 3407/2749/3407 3408/2750/3408 3409/2751/3409
f 3380/2717/3380 3362/2695/3362 3410/2752/3410
f 3410/2752/3410 3411/2753/3411 3380/2717/3380
f 3412/2754/3412 3407/2749/3407 3409/2751/3409
f 3409/2751/3409 3413/2755/3413 3412/2754/3412
f 3392/2733/3392 3380/2717/3380 3411/2753/3411
f 3411/2753/3411 3414/2756/3414 3392/2733/3392
f 3415/2737/3415 3416/2757/3416 3413/2758/3413
f 3413/2758/3413 3417/2759/3417 3415/2737/3415
f 3414/2756/3414 3418/2735/3418 3392/2733/3392
f 3419/2723/3419 3415/2737/3415 3417/2759/3417
f 3417/2759/3417 3420/2725/3420 3419/2723/3419
f 3421/2760/3421 3422/2761/3422 3423/2762/3423
f 3424/2763/3424 3425/2764/3425 3426/2765/3426
f 3424/2763/3424 3426/2765/3426 3427/2766/3427
f 3428/2767/3428 3429/2768/3429 3430/2769/3430
f 3428/2767/3428 3430/2769/3430 3431/2770/3431
f 3428/2767/3428 3431/2770/3431 3432/2771/3432
f 3428/2767/3428 3432/2771/3432 3433/2772/3433
f 3434/2773/3434 3425/2774/3425 3424/2775/3424
f 3435/2776/3435 3436/2777/3436 3372/2705/3372
f 3427/2766/3427 3437/2778/3437 3424/2763/3424
f 3437/2779/3437 3427/2780/3427 3429/2768/3429
f 3428/2767/3428 3438/2781/3438 3429/2768/3429
f 3433/2772/3433 3439/2782/3439 3428/2767/3428
f 3371/2704/3371 3379/2716/3379 3439/2782/3439
f 3439/2782/3439 3433/2772/3433 3371/2704/3371
f 3424/2775/3424 3440/2783/3440 3434/2773/3434
f 3372/2705/3372 3382/2719/3382 3441/2784/3441
f 3441/2784/3441 3435/2776/3435 3372/2705/3372
f 3442/2785/3442 3443/2786/3443 3444/2787/3444
f 3445/2788/3445 3424/2775/3424 3437/2789/3437
f 3446/2767/3446 3447/2790/3447 3438/2781/3438
f 3379/2726/3379 3386/2725/3386 3439/2791/3439
f 3448/2775/3448 3414/2756/3414 3440/2783/3440
f 3449/2792/3449 3450/2793/3450 3382/2794/3382
f 3445/2788/3445 3437/2789/3437 3447/2795/3447
f 3382/2736/3382 3393/2735/3393 3449/2796/3449
f 3451/2797/3451 3452/2798/3452 3453/2796/3453
f 3453/2796/3453 3454/2759/3454 3451/2797/3451
f 3448/2775/3448 3445/2788/3445 3418/2735/3418
f 3447/2795/3447 3453/2796/3453 3418/2735/3418
f 3418/2735/3418 3445/2788/3445 3447/2795/3447
f 3447/2790/3447 3446/2767/3446 3386/2799/3386
f 3446/2767/3446 3439/2782/3439 3386/2799/3386
f 3414/2756/3414 3448/2775/3448 3418/2735/3418
f 3453/2796/3453 3386/2725/3386 3454/2759/3454
f 3455/2800/3455 3456/2801/3456 3457/2802/3457
f 3455/2800/3455 3457/2802/3457 3458/2803/3458
f 3455/2800/3455 3458/2803/3458 3459/2804/3459
f 3455/2800/3455 3459/2804/3459 3460/2805/3460
f 3455/2800/3455 3460/2805/3460 3461/2806/3461
f 3455/2800/3455 3461/2806/3461 3398/2740/3398
f 3455/2800/3455 3398/2740/3398 3397/2739/3397
f 3409/2751/3409 3462/2807/3462 3463/2808/3463
f 3410/2752/3410 3434/2773/3434 3440/2783/3440
f 3440/2783/3440 3411/2753/3411 3410/2752/3410
f 3409/2751/3409 3463/2808/3463 3464/2809/3464
f 3464/2809/3464 3413/2755/3413 3409/2751/3409
f 3411/2753/3411 3440/2783/3440 3414/2756/3414
f 3465/2797/3465 3417/2759/3417 3413/2758/3413
f 3466/2810/3466 3422/2761/3422 3421/2760/3421
f 3467/2811/3467 3468/2812/3468 3469/2813/3469
f 3469/2813/3469 3470/2814/3470 3467/2811/3467
f 3471/2815/3471 3472/2816/3472 3473/2817/3473
f 3473/2817/3473 3474/2818/3474 3471/2815/3471
f 3475/2819/3475 3476/2820/3476 3477/2821/3477
f 3477/2821/3477 3478/2822/3478 3475/2819/3475
f 3478/2822/3478 3477/2821/3477 3479/2823/3479
f 3479/2823/3479 3480/2824/3480 3478/2822/3478
f 3481/2825/3481 3482/2826/3482 3483/2827/3483
f 3483/2827/3483 3484/2828/3484 3481/2825/3481
f 3485/2829/3485 3486/2830/3486 3468/2812/3468
f 3468/2812/3468 3467/2811/3467 3485/2829/3485
f 3487/2823/3487 3488/2831/3488 3489/2832/3489
f 3490/2833/3490 3491/2834/3491 3492/2835/3492
f 3493/2836/3493 3494/2837/3494 3495/2838/3495
f 3496/2828/3496 3497/2839/3497 3498/2840/3498
f 3499/2820/3499 3500/2841/3500 3501/2842/3501
f 3502/2843/3502 3503/2844/3503 3504/2845/3504
f 3505/2814/3505 3506/2846/3506 3507/2847/3507
f 3508/2848/3508 3509/2849/3509 3510/2739/3510
f 3510/2739/3510 3511/2738/3511 3508/2848/3508
f 3495/2838/3495 3512/2850/3512 3513/2745/3513
f 3513/2745/3513 3493/2836/3493 3495/2838/3495
f 3514/2851/3514 3515/2852/3515 3516/2836/3516
f 3516/2836/3516 3517/2853/3517 3514/2851/3514
f 3509/2849/3509 3518/2854/3518 3519/2800/3519
f 3519/2800/3519 3510/2739/3510 3509/2849/3509
f 3504/2845/3504 3514/2851/3514 3517/2853/3517
f 3517/2853/3517 3502/2843/3502 3504/2845/3504
f 3520/2855/3520 3521/2856/3521 3522/2801/3522
f 3522/2801/3522 3523/2800/3523 3520/2855/3520
f 3524/2857/3524 3525/2858/3525 3526/2814/3526
f 3526/2814/3526 3527/2813/3527 3524/2857/3524
f 3528/2859/3528 3529/2860/3529 3530/2818/3530
f 3530/2818/3530 3531/2817/3531 3528/2859/3528
f 3489/2832/3489 3532/2861/3532 3533/2824/3533
f 3533/2824/3533 3487/2823/3487 3489/2832/3489
f 3534/2862/3534 3535/2863/3535 3536/2828/3536
f 3536/2828/3536 3537/2827/3537 3534/2862/3534
f 3538/2823/3538 3539/2864/3539 3540/2831/3540
f 3541/2831/3541 3542/2864/3542 3543/2865/3543
f 3544/2866/3544 3545/2867/3545 3546/2848/3546
f 3547/2738/3547 3548/2868/3548 3549/2866/3549
f 3549/2866/3549 3550/2848/3550 3547/2738/3547
f 3551/2868/3551 3552/2869/3552 3553/2866/3553
f 3554/2870/3554 3555/2871/3555 3556/2872/3556
f 3557/2870/3557 3558/2872/3558 3559/2873/3559
f 3559/2873/3559 3560/2874/3560 3557/2870/3557
f 3561/2875/3561 3562/2834/3562 3563/2876/3563
f 3564/2877/3564 3565/2878/3565 3566/2879/3566
f 3567/2833/3567 3568/2876/3568 3569/2834/3569
f 3570/2880/3570 3571/2881/3571 3572/2882/3572
f 3573/2883/3573 3574/2884/3574 3575/2885/3575
f 3576/2883/3576 3577/2885/3577 3578/2824/3578
f 3578/2824/3578 3579/2861/3579 3576/2883/3576
f 3516/2836/3516 3515/2852/3515 3580/2837/3580
f 3581/2837/3581 3582/2852/3582 3583/2886/3583
f 3584/2887/3584 3585/2888/3585 3586/2889/3586
f 3587/2830/3587 3588/2890/3588 3589/2887/3589
f 3589/2887/3589 3590/2889/3590 3587/2830/3587
f 3591/2891/3591 3592/2838/3592 3593/2837/3593
f 3594/2892/3594 3595/2862/3595 3596/2827/3596
f 3596/2827/3596 3597/2893/3597 3594/2892/3594
f 3536/2828/3536 3535/2863/3535 3598/2839/3598
f 3599/2894/3599 3600/2895/3600 3601/2829/3601
f 3602/2820/3602 3603/2896/3603 3604/2841/3604
f 3605/2817/3605 3606/2897/3606 3607/2898/3607
f 3607/2898/3607 3608/2859/3608 3605/2817/3605
f 3609/2897/3609 3610/2899/3610 3611/2898/3611
f 3612/2900/3612 3613/2901/3613 3614/2855/3614
f 3615/2902/3615 3616/2842/3616 3617/2841/3617
f 3618/2854/3618 3619/2903/3619 3620/2900/3620
f 3621/2900/3621 3622/2855/3622 3623/2800/3623
f 3623/2800/3623 3624/2854/3624 3621/2900/3621
f 3625/2843/3625 3626/2904/3626 3627/2844/3627
f 3628/2844/3628 3629/2904/3629 3630/2905/3630
f 3631/2906/3631 3632/2907/3632 3633/2908/3633
f 3633/2908/3633 3634/2909/3634 3631/2906/3631
f 3635/2910/3635 3636/2845/3636 3637/2844/3637
f 3638/2911/3638 3639/2912/3639 3640/2913/3640
f 3641/2913/3641 3642/2857/3642 3643/2813/3643
f 3643/2813/3643 3644/2911/3644 3641/2913/3641
f 3526/2814/3526 3525/2858/3525 3645/2846/3645
f 3646/2914/3646 3647/2915/3647 3648/2916/3648
f 3649/2917/3649 3650/2847/3650 3651/2846/3651
f 3652/2918/3652 3653/2919/3653 3654/2920/3654
f 3655/2921/3655 3656/2922/3656 3657/2923/3657
f 3658/2818/3658 3659/2860/3659 3660/2921/3660
f 3660/2921/3660 3661/2923/3661 3658/2818/3658
f 3662/2924/3662 3663/2925/3663 3664/2926/3664
f 3665/2927/3665 3666/2928/3666 3667/2929/3667
f 3668/2929/3668 3669/2930/3669 3670/2819/3670
f 3670/2819/3670 3671/2927/3671 3668/2929/3668
f 3672/2867/3672 3673/2931/3673 3674/2849/3674
f 3674/2849/3674 3675/2848/3675 3672/2867/3672
f 3676/2864/3676 3677/2932/3677 3678/2933/3678
f 3678/2933/3678 3679/2865/3679 3676/2864/3676
f 3538/2823/3538 3680/2821/3680 3681/2932/3681
f 3681/2932/3681 3539/2864/3539 3538/2823/3538
f 3682/2934/3682 3683/2885/3683 3684/2884/3684
f 3684/2884/3684 3685/2935/3685 3682/2934/3682
f 3686/2822/3686 3687/2824/3687 3688/2885/3688
f 3688/2885/3688 3689/2934/3689 3686/2822/3686
f 3690/2891/3690 3691/2936/3691 3692/2850/3692
f 3692/2850/3692 3693/2838/3693 3690/2891/3690
f 3694/2893/3694 3695/2937/3695 3696/2938/3696
f 3697/2827/3697 3698/2826/3698 3699/2937/3699
f 3699/2937/3699 3700/2893/3700 3697/2827/3697
f 3701/2833/3701 3702/2825/3702 3703/2939/3703
f 3703/2939/3703 3704/2876/3704 3701/2833/3701
f 3705/2940/3705 3706/2886/3706 3707/2852/3707
f 3707/2852/3707 3708/2851/3708 3705/2940/3705
f 3709/2941/3709 3710/2889/3710 3711/2888/3711
f 3711/2888/3711 3712/2942/3712 3709/2941/3709
f 3713/2812/3713 3714/2830/3714 3715/2889/3715
f 3715/2889/3715 3716/2941/3716 3713/2812/3713
f 3717/2829/3717 3718/2811/3718 3719/2943/3719
f 3673/2931/3673 3720/2903/3720 3721/2854/3721
f 3721/2854/3721 3674/2849/3674 3673/2931/3673
f 3677/2932/3677 3722/2842/3722 3723/2902/3723
f 3723/2902/3723 3678/2933/3678 3677/2932/3677
f 3680/2821/3680 3499/2820/3499 3501/2842/3501
f 3501/2842/3501 3681/2932/3681 3680/2821/3680
f 3724/2910/3724 3705/2940/3705 3708/2851/3708
f 3708/2851/3708 3725/2845/3725 3724/2910/3724
f 3726/2911/3726 3709/2941/3709 3712/2942/3712
f 3712/2942/3712 3727/2912/3727 3726/2911/3726
f 3728/2813/3728 3713/2812/3713 3716/2941/3716
f 3716/2941/3716 3729/2911/3729 3728/2813/3728
f 3730/2901/3730 3731/2944/3731 3732/2856/3732
f 3732/2856/3732 3733/2855/3733 3730/2901/3730
f 3734/2897/3734 3735/2945/3735 3736/2946/3736
f 3736/2946/3736 3737/2899/3737 3734/2897/3734
f 3738/2817/3738 3739/2816/3739 3740/2945/3740
f 3740/2945/3740 3741/2897/3741 3738/2817/3738
f 3718/2811/3718 3505/2814/3505 3507/2847/3507
f 3742/2927/3742 3682/2934/3682 3685/2935/3685
f 3743/2819/3743 3686/2822/3686 3689/2934/3689
f 3689/2934/3689 3744/2927/3744 3743/2819/3743
f 3745/2916/3745 3746/2815/3746 3747/2947/3747
f 3747/2947/3747 3748/2948/3748 3745/2916/3745
f 3749/2906/3749 3750/2916/3750 3751/2915/3751
f 3751/2915/3751 3752/2907/3752 3749/2906/3749
f 3602/2820/3602 3753/2819/3753 3754/2930/3754
f 3754/2930/3754 3603/2896/3603 3602/2820/3602
f 3755/2873/3755 3490/2833/3490 3492/2835/3492
f 3492/2835/3492 3756/2874/3756 3755/2873/3755
f 3757/2830/3757 3758/2829/3758 3759/2895/3759
f 3759/2895/3759 3760/2890/3760 3757/2830/3757
f 3376/2709/3376 3375/2708/3375 3761/2949/3761
f 3384/2721/3384 3761/2949/3761 3375/2708/3375
f 3389/2730/3389 3762/2729/3762 3384/2728/3384
f 3365/2698/3365 3394/2737/3394 3763/2723/3763
f 3389/2737/3389 3392/2733/3392 3762/2734/3762
f 3764/2950/3764 3765/2951/3765 3766/2853/3766
f 3764/2950/3764 3766/2853/3766 3767/2836/3767
f 3768/2952/3768 3764/2950/3764 3767/2836/3767
f 3402/2744/3402 3768/2952/3768 3767/2836/3767
f 3402/2744/3402 3767/2836/3767 3403/2745/3403
f 3769/2953/3769 3770/2954/3770 3444/2787/3444
f 3444/2787/3444 3771/2955/3771 3769/2953/3769
f 3429/2768/3429 3438/2781/3438 3437/2779/3437
f 3442/2785/3442 3444/2787/3444 3770/2954/3770
f 3447/2795/3447 3437/2789/3437 3438/2956/3438
f 3447/2795/3447 3386/2725/3386 3453/2796/3453
f 3772/2843/3772 3766/2853/3766 3765/2951/3765
f 3772/2843/3772 3765/2951/3765 3773/2957/3773
f 3772/2843/3772 3773/2957/3773 3774/2958/3774
f 3772/2843/3772 3774/2958/3774 3775/2959/3775
f 3456/2801/3456 3772/2843/3772 3775/2959/3775
f 3456/2801/3456 3775/2959/3775 3776/2960/3776
f 3456/2801/3456 3776/2960/3776 3457/2802/3457
f 3777/2961/3777 3778/2962/3778 3466/2810/3466
f 3466/2810/3466 3421/2760/3421 3777/2961/3777
f 3779/2916/3779 3780/2906/3780 3472/2816/3472
f 3472/2816/3472 3471/2815/3471 3779/2916/3779
f 3781/2833/3781 3782/2873/3782 3482/2826/3482
f 3482/2826/3482 3481/2825/3481 3781/2833/3781
f 3783/2868/3783 3784/2738/3784 3513/2745/3513
f 3513/2745/3513 3512/2850/3512 3783/2868/3783
f 3626/2904/3626 3625/2843/3625 3522/2801/3522
f 3522/2801/3522 3521/2856/3521 3626/2904/3626
f 3785/2869/3785 3786/2868/3786 3692/2850/3692
f 3692/2850/3692 3691/2936/3691 3785/2869/3785
f 3787/2872/3787 3788/2871/3788 3696/2938/3696
f 3696/2938/3696 3695/2937/3695 3787/2872/3787
f 3789/2873/3789 3790/2872/3790 3699/2937/3699
f 3699/2937/3699 3698/2826/3698 3789/2873/3789
f 3496/2828/3496 3498/2840/3498 3703/2939/3703
f 3703/2939/3703 3702/2825/3702 3496/2828/3496
f 3791/2905/3791 3792/2904/3792 3732/2856/3732
f 3732/2856/3732 3731/2944/3731 3791/2905/3791
f 3736/2946/3736 3735/2945/3735 3793/2909/3793
f 3794/2906/3794 3795/2909/3795 3740/2945/3740
f 3740/2945/3740 3739/2816/3739 3794/2906/3794
f 3796/2963/3796 3797/2947/3797 3798/2923/3798
f 3799/2818/3799 3800/2923/3800 3747/2947/3747
f 3747/2947/3747 3746/2815/3746 3799/2818/3799
f 3801/2964/3801 3802/2965/3802 3803/2966/3803
f 3804/2967/3804 3801/2964/3801 3803/2966/3803
f 3805/2968/3805 3804/2967/3804 3803/2966/3803
f 3805/2969/3805 3806/2970/3806 3807/2971/3807
f 3808/2972/3808 3809/2973/3809 3807/2971/3807
f 3810/2974/3810 3809/2975/3809 3808/2976/3808
f 3811/2977/3811 3810/2974/3810 3808/2976/3808
f 3812/2978/3812 3813/2979/3813 3814/2980/3814
f 3805/2968/3805 3803/2966/3803 3815/2981/3815
f 3806/2970/3806 3805/2969/3805 3815/2982/3815
f 3806/2970/3806 3808/2972/3808 3807/2971/3807
f 3808/2983/3808 3816/2984/3816 3811/2985/3811
f 3816/2986/3816 3817/2987/3817 3818/2988/3818
f 3818/2988/3818 3811/2989/3811 3816/2986/3816
f 3802/2965/3802 3819/2990/3819 3803/2966/3803
f 3820/2991/3820 3821/2992/3821 3812/2978/3812
f 3812/2978/3812 3814/2980/3814 3820/2991/3820
f 3822/2993/3822 3823/2994/3823 3824/2995/3824
f 3816/2996/3816 3825/2997/3825 3826/2998/3826
f 3826/2999/3826 3827/3000/3827 3817/3001/3817
f 3817/2987/3817 3816/2986/3816 3826/3002/3826
f 3819/3003/3819 3828/3004/3828 3829/3005/3829
f 3821/3006/3821 3830/3007/3830 3831/3008/3831
f 3832/3009/3832 3824/3010/3824 3833/3011/3833
f 3815/2981/3815 3829/3012/3829 3828/3013/3828
f 3831/3014/3831 3834/3015/3834 3821/3016/3821
f 3828/3013/3828 3835/3017/3835 3806/3018/3806
f 3806/3018/3806 3815/2981/3815 3828/3013/3828
f 3808/3019/3808 3835/3017/3835 3826/2999/3826
f 3827/3000/3827 3826/2999/3826 3835/3017/3835
f 3834/3015/3834 3831/3014/3831 3836/3013/3836
f 3837/3020/3837 3838/3021/3838 3839/3022/3839
f 3837/3020/3837 3839/3022/3839 3840/3023/3840
f 3837/3020/3837 3840/3023/3840 3841/3024/3841
f 3837/3020/3837 3841/3024/3841 3842/3025/3842
f 3837/3020/3837 3842/3025/3842 3843/3026/3843
f 3837/3020/3837 3843/3026/3843 3844/3027/3844
f 3837/3020/3837 3844/3027/3844 3845/3028/3845
f 3846/3029/3846 3847/3030/3847 3848/3031/3848
f 3848/3031/3848 3849/3032/3849 3846/3029/3846
f 3850/3033/3850 3851/3034/3851 3852/3035/3852
f 3819/2990/3819 3802/2965/3802 3853/3036/3853
f 3853/3036/3853 3854/3037/3854 3819/2990/3819
f 3855/3038/3855 3850/3033/3850 3852/3035/3852
f 3852/3035/3852 3856/3039/3856 3855/3038/3855
f 3828/3013/3828 3819/2990/3819 3854/3037/3854
f 3854/3037/3854 3857/3040/3857 3828/3013/3828
f 3858/3009/3858 3859/3011/3859 3856/3041/3856
f 3856/3041/3856 3860/3042/3860 3858/3009/3858
f 3857/3040/3857 3861/3015/3861 3828/3013/3828
f 3862/3017/3862 3858/3009/3858 3860/3042/3860
f 3860/3042/3860 3863/3000/3863 3862/3017/3862
f 3864/3043/3864 3865/3044/3865 3866/3045/3866
f 3865/3044/3865 3864/3043/3864 3867/3046/3867
f 3868/3047/3868 3869/3048/3869 3865/3049/3865
f 3865/3049/3865 3867/3050/3867 3868/3047/3868
f 3869/3051/3869 3868/3052/3868 3870/3053/3870
f 3870/3053/3870 3871/3054/3871 3872/3055/3872
f 3872/3055/3872 3871/3054/3871 3873/3056/3873
f 3872/3055/3872 3873/3056/3873 3874/3057/3874
f 3875/3058/3875 3876/3059/3876 3872/3055/3872
f 3872/3055/3872 3874/3057/3874 3875/3058/3875
f 3876/3059/3876 3875/3058/3875 3818/2988/3818
f 3877/3060/3877 3878/3061/3878 3812/2978/3812
f 3870/3053/3870 3879/3062/3879 3869/3051/3869
f 3872/3055/3872 3879/3062/3879 3870/3053/3870
f 3818/2988/3818 3817/2987/3817 3876/3059/3876
f 3865/3044/3865 3857/3040/3857 3866/3045/3866
f 3812/2978/3812 3821/2992/3821 3880/3063/3880
f 3880/3063/3880 3877/3060/3877 3812/2978/3812
f 3881/3064/3881 3882/3044/3882 3869/3065/3869
f 3881/3064/3881 3869/3065/3869 3879/3066/3879
f 3876/3067/3876 3827/3000/3827 3883/3068/3883
f 3827/3000/3827 3876/3067/3876 3817/3001/3817
f 3884/3069/3884 3885/3070/3885 3821/3071/3821
f 3821/3016/3821 3834/3015/3834 3884/3072/3884
f 3882/3044/3882 3881/3064/3881 3861/3015/3861
f 3879/3066/3879 3886/3042/3886 3861/3015/3861
f 3861/3015/3861 3881/3064/3881 3879/3066/3879
f 3879/3066/3879 3883/3068/3883 3827/3000/3827
f 3857/3040/3857 3882/3044/3882 3861/3015/3861
f 3887/3073/3887 3888/3074/3888 3889/3075/3889
f 3887/3073/3887 3889/3075/3889 3890/3076/3890
f 3887/3073/3887 3890/3076/3890 3891/3077/3891
f 3887/3073/3887 3891/3077/3891 3892/3078/3892
f 3887/3073/3887 3892/3078/3892 3893/3079/3893
f 3887/3073/3887 3893/3079/3893 3839/3022/3839
f 3887/3073/3887 3839/3022/3839 3838/3021/3838
f 3852/3035/3852 3894/3080/3894 3895/3081/3895
f 3853/3036/3853 3866/3045/3866 3857/3040/3857
f 3857/3040/3857 3854/3037/3854 3853/3036/3853
f 3852/3035/3852 3895/3081/3895 3896/3082/3896
f 3896/3082/3896 3856/3039/3856 3852/3035/3852
f 3856/3041/3856 3897/3083/3897 3860/3042/3860
f 3898/3084/3898 3899/3085/3899 3900/3086/3900
f 3900/3086/3900 3901/3087/3901 3898/3084/3898
f 3902/3088/3902 3903/3089/3903 3904/3090/3904
f 3904/3090/3904 3905/3091/3905 3902/3088/3902
f 3906/3092/3906 3907/3093/3907 3908/3094/3908
f 3908/3094/3908 3909/3095/3909 3906/3092/3906
f 3909/3095/3909 3908/3094/3908 3910/3096/3910
f 3910/3096/3910 3911/3097/3911 3909/3095/3909
f 3912/3098/3912 3913/3099/3913 3914/3100/3914
f 3914/3100/3914 3915/3101/3915 3912/3098/3912
f 3916/3102/3916 3917/3103/3917 3899/3085/3899
f 3899/3085/3899 3898/3084/3898 3916/3102/3916
f 3918/3096/3918 3919/3104/3919 3920/3105/3920
f 3921/3106/3921 3922/3107/3922 3923/3108/3923
f 3924/3101/3924 3925/3109/3925 3926/3110/3926
f 3927/3093/3927 3928/3111/3928 3929/3112/3929
f 3930/3113/3930 3931/3114/3931 3932/3115/3932
f 3933/3087/3933 3934/3116/3934 3935/3117/3935
f 3936/3118/3936 3937/3119/3937 3938/3021/3938
f 3938/3021/3938 3939/3020/3939 3936/3118/3936
f 3940/3120/3940 3941/3121/3941 3942/3122/3942
f 3923/3108/3923 3943/3123/3943 3944/3028/3944
f 3944/3028/3944 3921/3106/3921 3923/3108/3923
f 3945/3124/3945 3946/3125/3946 3947/3031/3947
f 3947/3031/3947 3948/3122/3948 3945/3124/3945
f 3949/3126/3949 3950/3127/3950 3951/3106/3951
f 3951/3106/3951 3952/3128/3952 3949/3126/3949
f 3937/3119/3937 3953/3129/3953 3954/3073/3954
f 3954/3073/3954 3938/3021/3938 3937/3119/3937
f 3932/3115/3932 3949/3126/3949 3952/3128/3952
f 3952/3128/3952 3930/3113/3930 3932/3115/3932
f 3955/3130/3955 3956/3131/3956 3957/3074/3957
f 3957/3074/3957 3958/3073/3958 3955/3130/3955
f 3959/3132/3959 3960/3133/3960 3961/3087/3961
f 3961/3087/3961 3962/3086/3962 3959/3132/3959
f 3963/3134/3963 3964/3135/3964 3965/3091/3965
f 3965/3091/3965 3966/3090/3966 3963/3134/3963
f 3920/3105/3920 3967/3136/3967 3968/3097/3968
f 3968/3097/3968 3918/3096/3918 3920/3105/3920
f 3969/3137/3969 3970/3138/3970 3971/3101/3971
f 3971/3101/3971 3972/3100/3972 3969/3137/3969
f 3973/3096/3973 3974/3139/3974 3975/3104/3975
f 3976/3104/3976 3977/3139/3977 3978/3140/3978
f 3979/3141/3979 3980/3142/3980 3981/3118/3981
f 3982/3020/3982 3983/3143/3983 3984/3141/3984
f 3984/3141/3984 3985/3118/3985 3982/3020/3982
f 3986/3143/3986 3987/3144/3987 3988/3141/3988
f 3989/3145/3989 3990/3146/3990 3991/3147/3991
f 3992/3145/3992 3993/3147/3993 3994/3148/3994
f 3994/3148/3994 3995/3149/3995 3992/3145/3992
f 3996/3150/3996 3997/3151/3997 3998/3152/3998
f 3999/3153/3999 4000/3154/4000 4001/3124/4001
f 4002/3122/4002 4003/3121/4003 4004/3153/4004
f 4004/3153/4004 4005/3124/4005 4002/3122/4002
f 4006/3155/4006 4007/3152/4007 4008/3156/4008
f 4009/3156/4009 4010/3152/4010 4011/3151/4011
f 4012/3121/4012 4013/3157/4013 4014/3153/4014
f 4015/3158/4015 4016/3159/4016 4017/3160/4017
f 4018/3158/4018 4019/3160/4019 4020/3097/4020
f 4020/3097/4020 4021/3136/4021 4018/3158/4018
f 3951/3106/3951 3950/3127/3950 4022/3107/4022
f 4023/3107/4023 4024/3127/4024 4025/3161/4025
f 4026/3162/4026 4027/3163/4027 4028/3164/4028
f 4029/3103/4029 4030/3165/4030 4031/3162/4031
f 4031/3162/4031 4032/3164/4032 4029/3103/4029
f 4033/3166/4033 4034/3108/4034 4035/3107/4035
f 4036/3167/4036 4037/3137/4037 4038/3100/4038
f 4038/3100/4038 4039/3168/4039 4036/3167/4036
f 3971/3101/3971 3970/3138/3970 4040/3109/4040
f 4041/3102/4041 4042/3169/4042 4043/3170/4043
f 4043/3170/4043 4044/3171/4044 4041/3102/4041
f 4045/3169/4045 4046/3172/4046 4047/3170/4047
f 4048/3173/4048 4049/3174/4049 4050/3175/4050
f 4051/3176/4051 4052/3110/4052 4053/3109/4053
f 4054/3177/4054 4055/3178/4055 4056/3173/4056
f 4057/3173/4057 4058/3175/4058 4059/3032/4059
f 4059/3032/4059 4060/3177/4060 4057/3173/4057
f 4061/3093/4061 4062/3179/4062 4063/3111/4063
f 4064/3090/4064 4065/3180/4065 4066/3181/4066
f 4066/3181/4066 4067/3134/4067 4064/3090/4064
f 4068/3180/4068 4069/3182/4069 4070/3181/4070
f 4071/3183/4071 4072/3184/4072 4073/3130/4073
f 4074/3185/4074 4075/3112/4075 4076/3111/4076
f 4077/3129/4077 4078/3186/4078 4079/3183/4079
f 4080/3183/4080 4081/3130/4081 4082/3073/4082
f 4082/3073/4082 4083/3129/4083 4080/3183/4080
f 4084/3113/4084 4085/3187/4085 4086/3114/4086
f 4087/3114/4087 4088/3187/4088 4089/3188/4089
f 4090/3189/4090 4091/3190/4091 4092/3191/4092
f 4092/3191/4092 4093/3192/4093 4090/3189/4090
f 4094/3193/4094 4095/3115/4095 4096/3114/4096
f 4097/3194/4097 4098/3195/4098 4099/3196/4099
f 4100/3196/4100 4101/3132/4101 4102/3086/4102
f 4102/3086/4102 4103/3194/4103 4100/3196/4100
f 3961/3087/3961 3960/3133/3960 4104/3116/4104
f 4105/3197/4105 4106/3198/4106 4107/3199/4107
f 4107/3199/4107 4108/3200/4108 4105/3197/4105
f 4109/3201/4109 4110/3117/4110 4111/3116/4111
f 4112/3202/4112 4113/3203/4113 4114/3204/4114
f 4115/3205/4115 4116/3206/4116 4117/3207/4117
f 4118/3091/4118 4119/3135/4119 4120/3205/4120
f 4120/3205/4120 4121/3207/4121 4118/3091/4118
f 4122/3208/4122 4123/3209/4123 4124/3210/4124
f 4125/3211/4125 4126/3212/4126 4127/3213/4127
f 4128/3213/4128 4129/3214/4129 4130/3092/4130
f 4130/3092/4130 4131/3211/4131 4128/3213/4128
f 4132/3142/4132 4133/3215/4133 4134/3119/4134
f 4134/3119/4134 4135/3118/4135 4132/3142/4132
f 4136/3139/4136 4137/3216/4137 4138/3217/4138
f 4138/3217/4138 4139/3140/4139 4136/3139/4136
f 3973/3096/3973 4140/3094/4140 4141/3216/4141
f 4141/3216/4141 3974/3139/3974 3973/3096/3973
f 4142/3218/4142 4143/3157/4143 4144/3121/4144
f 4145/3219/4145 4146/3160/4146 4147/3159/4147
f 4148/3095/4148 4149/3097/4149 4150/3160/4150
f 4150/3160/4150 4151/3219/4151 4148/3095/4148
f 4152/3166/4152 4153/3220/4153 4154/3123/4154
f 4154/3123/4154 4155/3108/4155 4152/3166/4152
f 4156/3168/4156 4157/3221/4157 4158/3222/4158
f 4159/3100/4159 4160/3099/4160 4161/3221/4161
f 4161/3221/4161 4162/3168/4162 4159/3100/4159
f 4163/3154/4163 4164/3223/4164 4165/3125/4165
f 4165/3125/4165 4166/3124/4166 4163/3154/4163
f 4167/3152/4167 4168/3224/4168 4169/3225/4169
f 4169/3225/4169 4170/3150/4170 4167/3152/4167
f 4171/3155/4171 4172/3098/4172 4173/3224/4173
f 4173/3224/4173 4174/3152/4174 4171/3155/4171
f 4175/3226/4175 4176/3161/4176 4177/3127/4177
f 4177/3127/4177 4178/3126/4178 4175/3226/4175
f 4179/3227/4179 4180/3164/4180 4181/3163/4181
f 4181/3163/4181 4182/3228/4182 4179/3227/4179
f 4183/3085/4183 4184/3103/4184 4185/3164/4185
f 4185/3164/4185 4186/3227/4186 4183/3085/4183
f 4187/3102/4187 4188/3084/4188 4189/3229/4189
f 4189/3229/4189 4190/3169/4190 4187/3102/4187
f 4133/3215/4133 4191/3186/4191 4192/3129/4192
f 4192/3129/4192 4134/3119/4134 4133/3215/4133
f 4137/3216/4137 4193/3112/4193 4194/3185/4194
f 4194/3185/4194 4138/3217/4138 4137/3216/4137
f 4140/3094/4140 3927/3093/3927 3929/3112/3929
f 3929/3112/3929 4141/3216/4141 4140/3094/4140
f 4195/3193/4195 4175/3226/4175 4178/3126/4178
f 4178/3126/4178 4196/3115/4196 4195/3193/4195
f 4197/3194/4197 4179/3227/4179 4182/3228/4182
f 4182/3228/4182 4198/3195/4198 4197/3194/4197
f 4199/3086/4199 4183/3085/4183 4186/3227/4186
f 4186/3227/4186 4200/3194/4200 4199/3086/4199
f 4201/3184/4201 4202/3230/4202 4203/3131/4203
f 4203/3131/4203 4204/3130/4204 4201/3184/4201
f 4205/3180/4205 4206/3231/4206 4207/3232/4207
f 4207/3232/4207 4208/3182/4208 4205/3180/4205
f 4209/3090/4209 4210/3089/4210 4211/3231/4211
f 4211/3231/4211 4212/3180/4212 4209/3090/4209
f 4188/3084/4188 3933/3087/3933 3935/3117/3935
f 4213/3211/4213 4145/3219/4145 4214/3233/4214
f 4215/3092/4215 4148/3095/4148 4151/3219/4151
f 4151/3219/4151 4216/3211/4216 4215/3092/4215
f 4217/3197/4217 4218/3088/4218 4219/3234/4219
f 4219/3234/4219 4220/3198/4220 4217/3197/4217
f 4221/3189/4221 4222/3197/4222 4223/3200/4223
f 4223/3200/4223 4224/3190/4224 4221/3189/4221
f 4061/3093/4061 4225/3092/4225 4226/3214/4226
f 4226/3214/4226 4062/3179/4062 4061/3093/4061
f 4227/3148/4227 4228/3155/4228 4229/3156/4229
f 4229/3156/4229 4230/3149/4230 4227/3148/4227
f 4231/3103/4231 4232/3102/4232 4233/3171/4233
f 4233/3171/4233 4234/3165/4234 4231/3103/4231
f 4235/3235/4235 4236/3236/4236 4237/3237/4237
f 4237/3237/4237 3822/2993/3822 4235/3235/4235
f 3824/2995/3824 4235/3235/4235 3822/2993/3822
f 3832/3009/3832 4238/3014/4238 3824/3010/3824
f 3835/3017/3835 3808/3019/3808 3806/3018/3806
f 3835/3017/3835 3828/3013/3828 4238/3014/4238
f 4238/3014/4238 3832/3009/3832 3835/3017/3835
f 4239/3238/4239 4240/3239/4240 4241/3128/4241
f 4242/2974/4242 4239/3238/4239 4241/3128/4241
f 4242/2974/4242 4241/3128/4241 4243/3106/4243
f 4244/2975/4244 4242/2974/4242 4243/3106/4243
f 3844/3027/3844 4244/2975/4244 4243/3106/4243
f 3844/3027/3844 4243/3106/4243 3845/3028/3845
f 4245/3240/4245 4246/3122/4246 3848/3031/3848
f 4247/3241/4247 4248/3242/4248 4249/3243/4249
f 4249/3243/4249 4250/3244/4250 4247/3241/4247
f 4251/3245/4251 4252/3246/4252 4253/3247/4253
f 4253/3247/4253 4254/3248/4254 4251/3245/4251
f 4252/3246/4252 4255/3249/4255 4256/3250/4256
f 4256/3250/4256 4253/3247/4253 4252/3246/4252
f 4257/3251/4257 4258/3072/4258 4259/3083/4259
f 4260/3042/4260 4259/3083/4259 4258/3072/4258
f 3879/3066/3879 3827/3000/3827 3886/3042/3886
f 4258/3072/4258 3861/3015/3861 4260/3042/4260
f 4261/3113/4261 4241/3128/4241 4240/3239/4240
f 4261/3113/4261 4240/3239/4240 4262/3252/4262
f 4261/3113/4261 4262/3252/4262 4263/3253/4263
f 4261/3113/4261 4263/3253/4263 4264/3254/4264
f 3888/3074/3888 4261/3113/4261 4264/3254/4264
f 3888/3074/3888 4264/3254/4264 4265/3255/4265
f 3888/3074/3888 4265/3255/4265 3889/3075/3889
f 4248/3242/4248 4266/3256/4266 4267/3257/4267
f 4267/3257/4267 4249/3243/4249 4248/3242/4248
f 4268/3197/4268 4269/3189/4269 3903/3089/3903
f 3903/3089/3903 3902/3088/3902 4268/3197/4268
f 4270/3155/4270 4271/3148/4271 3913/3099/3913
f 3913/3099/3913 3912/3098/3912 4270/3155/4270
f 4272/3143/4272 4273/3020/4273 3944/3028/3944
f 3944/3028/3944 3943/3123/3943 4272/3143/4272
f 4274/3177/4274 4275/3032/4275 3947/3031/3947
f 3947/3031/3947 3946/3125/3946 4274/3177/4274
f 4085/3187/4085 4084/3113/4084 3957/3074/3957
f 3957/3074/3957 3956/3131/3956 4085/3187/4085
f 4276/3144/4276 4277/3143/4277 4154/3123/4154
f 4154/3123/4154 4153/3220/4153 4276/3144/4276
f 4278/3147/4278 4279/3146/4279 4158/3222/4158
f 4158/3222/4158 4157/3221/4157 4278/3147/4278
f 4280/3148/4280 4281/3147/4281 4161/3221/4161
f 4161/3221/4161 4160/3099/4160 4280/3148/4280
f 4282/3178/4282 4283/3177/4283 4165/3125/4165
f 4165/3125/4165 4164/3223/4164 4282/3178/4282
f 4284/3110/4284 4285/3176/4285 4169/3225/4169
f 4169/3225/4169 4168/3224/4168 4284/3110/4284
f 3924/3101/3924 3926/3110/3926 4173/3224/4173
f 4173/3224/4173 4172/3098/4172 3924/3101/3924
f 4286/3188/4286 4287/3187/4287 4203/3131/4203
f 4203/3131/4203 4202/3230/4202 4286/3188/4286
f 4207/3232/4207 4206/3231/4206 4288/3192/4288
f 4289/3189/4289 4290/3192/4290 4211/3231/4211
f 4211/3231/4211 4210/3089/4210 4289/3189/4289
f 4291/3091/4291 4292/3207/4292 4219/3234/4219
f 4219/3234/4219 4218/3088/4218 4291/3091/4291
f 4293/3258/4293 4294/3259/4294 4295/3260/4295
f 4296/3261/4296 4297/3262/4297 4298/3263/4298
f 4299/3264/4299 4296/3265/4296 4298/3266/4298
f 4300/3267/4300 4299/3264/4299 4298/3266/4298
f 4295/3260/4295 4294/3259/4294 4301/3268/4301
f 4302/3269/4302 4303/3270/4303 4304/3271/4304
f 4305/3272/4305 4306/3273/4306 4307/3274/4307
f 4307/3274/4307 4308/3275/4308 4305/3272/4305
f 4293/3258/4293 4295/3260/4295 4309/3276/4309
f 4309/3276/4309 4310/3277/4310 4297/3262/4297
f 4297/3262/4297 4293/3258/4293 4309/3276/4309
f 4297/3262/4297 4310/3277/4310 4298/3263/4298
f 4298/3266/4298 4311/3278/4311 4300/3267/4300
f 4311/3278/4311 4312/3279/4312 4313/3280/4313
f 4313/3280/4313 4300/3267/4300 4311/3278/4311
f 4301/3268/4301 4314/3281/4314 4295/3260/4295
f 4315/3282/4315 4316/3283/4316 4302/3269/4302
f 4302/3269/4302 4304/3271/4304 4315/3282/4315
f 4317/3284/4317 4318/3285/4318 4306/3273/4306
f 4306/3273/4306 4305/3272/4305 4317/3284/4317
f 4316/3286/4316 4319/3287/4319 4320/3288/4320
f 4321/3289/4321 4322/3288/4322 4323/3287/4323
f 4323/3287/4323 4324/3290/4324 4321/3289/4321
f 4309/3276/4309 4295/3260/4295 4325/3291/4325
f 4325/3291/4325 4326/3292/4326 4310/3277/4310
f 4310/3277/4310 4309/3276/4309 4325/3291/4325
f 4326/3293/4326 4298/3266/4298 4310/3294/4310
f 4316/3286/4316 4320/3288/4320 4327/3295/4327
f 4321/3289/4321 4328/3295/4328 4322/3288/4322
f 4295/3260/4295 4329/3296/4329 4325/3291/4325
f 4329/3297/4329 4330/3298/4330 4326/3293/4326
f 4326/3293/4326 4325/3299/4325 4329/3297/4329
f 4326/3293/4326 4330/3298/4330 4331/3266/4331
f 4331/3266/4331 4330/3298/4330 4311/3278/4311
f 4330/3298/4330 4332/3300/4332 4312/3279/4312
f 4312/3279/4312 4311/3278/4311 4330/3298/4330
f 4314/3281/4314 4329/3296/4329 4295/3260/4295
f 4333/3297/4333 4334/3301/4334 4316/3286/4316
f 4316/3286/4316 4327/3295/4327 4333/3297/4333
f 4330/3298/4330 4329/3297/4329 4328/3295/4328
f 4328/3295/4328 4321/3289/4321 4330/3298/4330
f 4335/3302/4335 4336/3303/4336 4337/3304/4337
f 4335/3302/4335 4337/3304/4337 4338/3305/4338
f 4335/3302/4335 4338/3305/4338 4339/3306/4339
f 4335/3302/4335 4339/3306/4339 4340/3307/4340
f 4341/3308/4341 4342/3309/4342 4343/3310/4343
f 4344/3311/4344 4341/3308/4341 4343/3310/4343
f 4344/3311/4344 4343/3310/4343 4345/3312/4345
f 4346/3313/4346 4344/3311/4344 4345/3312/4345
f 4347/3314/4347 4346/3313/4346 4345/3312/4345
f 4340/3307/4340 4347/3314/4347 4345/3312/4345
f 4335/3302/4335 4340/3307/4340 4345/3312/4345
f 4348/3315/4348 4349/3316/4349 4350/3317/4350
f 4350/3317/4350 4351/3318/4351 4348/3315/4348
f 4352/3319/4352 4353/3320/4353 4354/3321/4354
f 4314/3281/4314 4301/3268/4301 4355/3322/4355
f 4355/3322/4355 4356/3323/4356 4314/3281/4314
f 4357/3324/4357 4352/3319/4352 4354/3321/4354
f 4354/3321/4354 4358/3325/4358 4357/3324/4357
f 4356/3323/4356 4359/3326/4359 4314/3281/4314
f 4360/3327/4360 4361/3328/4361 4358/3329/4358
f 4358/3329/4358 4362/3330/4362 4360/3327/4360
f 4329/3296/4329 4314/3281/4314 4359/3326/4359
f 4363/3298/4363 4360/3289/4360 4362/3300/4362
f 4364/3331/4364 4365/3332/4365 4366/3333/4366
f 4366/3333/4366 4367/3334/4367 4364/3331/4364
f 4368/3335/4368 4369/3336/4369 4370/3337/4370
f 4371/3338/4371 4372/3339/4372 4373/3340/4373
f 4374/3338/4374 4373/3340/4373 4375/3341/4375
f 4376/3342/4376 4377/3343/4377 4374/3338/4374
f 4374/3338/4374 4375/3341/4375 4376/3342/4376
f 4377/3343/4377 4376/3342/4376 4313/3280/4313
f 4378/3344/4378 4369/3336/4369 4368/3335/4368
f 4379/3345/4379 4380/3346/4380 4302/3269/4302
f 4381/3347/4381 4382/3348/4382 4383/3349/4383
f 4383/3349/4383 4384/3350/4384 4381/3347/4381
f 4370/3337/4370 4385/3351/4385 4368/3335/4368
f 4372/3352/4372 4386/3353/4386 4385/3351/4385
f 4385/3351/4385 4370/3337/4370 4372/3352/4372
f 4371/3338/4371 4386/3354/4386 4372/3339/4372
f 4313/3280/4313 4312/3279/4312 4377/3343/4377
f 4368/3335/4368 4387/3355/4387 4378/3344/4378
f 4302/3269/4302 4316/3283/4316 4388/3356/4388
f 4388/3356/4388 4379/3345/4379 4302/3269/4302
f 4382/3348/4382 4389/3357/4389 4390/3358/4390
f 4390/3358/4390 4383/3349/4383 4382/3348/4382
f 4385/3351/4385 4391/3359/4391 4368/3335/4368
f 4386/3354/4386 4392/3360/4392 4391/3361/4391
f 4391/3361/4391 4385/3362/4385 4386/3354/4386
f 4371/3338/4371 4392/3360/4392 4386/3354/4386
f 4393/3363/4393 4394/3364/4394 4316/3286/4316
f 4395/3365/4395 4396/3366/4396 4397/3367/4397
f 4397/3367/4397 4398/3368/4398 4395/3365/4395
f 4399/3369/4399 4393/3363/4393 4316/3286/4316
f 4396/3363/4396 4400/3369/4400 4401/3370/4401
f 4401/3370/4401 4397/3371/4397 4396/3363/4396
f 4387/3372/4387 4368/3373/4368 4402/3374/4402
f 4368/3373/4368 4391/3375/4391 4402/3374/4402
f 4392/3360/4392 4332/3300/4332 4402/3376/4402
f 4402/3376/4402 4391/3361/4391 4392/3360/4392
f 4392/3360/4392 4371/3338/4371 4332/3300/4332
f 4371/3338/4371 4377/3343/4377 4332/3300/4332
f 4332/3300/4332 4377/3343/4377 4312/3279/4312
f 4316/3286/4316 4334/3301/4334 4403/3376/4403
f 4403/3376/4403 4399/3369/4399 4316/3286/4316
f 4400/3369/4400 4402/3376/4402 4332/3300/4332
f 4332/3300/4332 4401/3370/4401 4400/3369/4400
f 4404/3377/4404 4343/3310/4343 4342/3309/4342
f 4404/3377/4404 4342/3309/4342 4405/3378/4405
f 4404/3377/4404 4405/3378/4405 4406/3379/4406
f 4404/3377/4404 4406/3379/4406 4407/3380/4407
f 4404/3377/4404 4407/3380/4407 4408/3381/4408
f 4409/3382/4409 4404/3377/4404 4408/3381/4408
f 4409/3382/4409 4408/3381/4408 4410/3383/4410
f 4409/3382/4409 4410/3383/4410 4411/3384/4411
f 4409/3382/4409 4411/3384/4411 4412/3385/4412
f 4409/3382/4409 4412/3385/4412 4337/3304/4337
f 4409/3382/4409 4337/3304/4337 4336/3303/4336
f 4413/3386/4413 4349/3316/4349 4348/3315/4348
f 4348/3315/4348 4414/3387/4414 4413/3386/4413
f 4354/3321/4354 4415/3388/4415 4416/3389/4416
f 4355/3322/4355 4378/3390/4378 4387/3372/4387
f 4387/3372/4387 4356/3323/4356 4355/3322/4355
f 4354/3321/4354 4416/3389/4416 4417/3391/4417
f 4417/3391/4417 4358/3325/4358 4354/3321/4354
f 4387/3372/4387 4359/3326/4359 4356/3323/4356
f 4358/3329/4358 4418/3368/4418 4419/3367/4419
f 4419/3367/4419 4362/3330/4362 4358/3329/4358
f 4362/3392/4362 4419/3393/4419 4420/3394/4420
f 4359/3326/4359 4387/3372/4387 4402/3374/4402
f 4366/3333/4366 4421/3395/4421 4422/3396/4422
f 4422/3396/4422 4367/3334/4367 4366/3333/4366
f 4423/3397/4423 4424/3398/4424 4425/3399/4425
f 4425/3399/4425 4426/3400/4426 4423/3397/4423
f 4427/3401/4427 4428/3402/4428 4429/3403/4429
f 4429/3403/4429 4430/3404/4430 4427/3401/4427
f 4431/3405/4431 4432/3406/4432 4433/3407/4433
f 4433/3407/4433 4434/3408/4434 4431/3405/4431
f 4434/3408/4434 4433/3407/4433 4435/3409/4435
f 4435/3409/4435 4436/3410/4436 4434/3408/4434
f 4437/3411/4437 4438/3412/4438 4439/3413/4439
f 4439/3413/4439 4440/3414/4440 4437/3411/4437
f 4441/3415/4441 4442/3416/4442 4424/3398/4424
f 4424/3398/4424 4423/3397/4423 4441/3415/4441
f 4443/3312/4443 4444/3417/4444 4445/3418/4445
f 4446/3414/4446 4447/3419/4447 4448/3420/4448
f 4449/3406/4449 4450/3421/4450 4451/3422/4451
f 4452/3377/4452 4453/3423/4453 4454/3424/4454
f 4455/3400/4455 4456/3425/4456 4457/3426/4457
f 4458/3427/4458 4459/3428/4459 4460/3303/4460
f 4460/3303/4460 4461/3302/4461 4458/3427/4458
f 4445/3418/4445 4462/3429/4462 4463/3302/4463
f 4463/3302/4463 4443/3312/4443 4445/3418/4445
f 4464/3430/4464 4465/3431/4465 4466/3318/4466
f 4466/3318/4466 4467/3317/4467 4464/3430/4464
f 4468/3432/4468 4469/3433/4469 4470/3312/4470
f 4470/3312/4470 4471/3310/4471 4468/3432/4468
f 4472/3315/4472 4473/3318/4473 4474/3434/4474
f 4459/3428/4459 4475/3435/4475 4476/3382/4476
f 4476/3382/4476 4460/3303/4460 4459/3428/4459
f 4454/3424/4454 4468/3432/4468 4471/3310/4471
f 4471/3310/4471 4452/3377/4452 4454/3424/4454
f 4477/3436/4477 4478/3437/4478 4479/3377/4479
f 4479/3377/4479 4480/3382/4480 4477/3436/4477
f 4481/3438/4481 4482/3439/4482 4483/3400/4483
f 4483/3400/4483 4484/3399/4484 4481/3438/4481
f 4485/3440/4485 4486/3441/4486 4487/3404/4487
f 4487/3404/4487 4488/3403/4488 4485/3440/4485
f 4489/3442/4489 4490/3443/4490 4491/3410/4491
f 4491/3410/4491 4492/3409/4492 4489/3442/4489
f 4493/3444/4493 4494/3445/4494 4495/3414/4495
f 4495/3414/4495 4496/3413/4496 4493/3444/4493
f 4497/3409/4497 4498/3446/4498 4499/3447/4499
f 4500/3447/4500 4501/3446/4501 4502/3448/4502
f 4503/3449/4503 4504/3450/4504 4505/3427/4505
f 4506/3302/4506 4507/3429/4507 4508/3449/4508
f 4508/3449/4508 4509/3427/4509 4506/3302/4506
f 4510/3429/4510 4511/3451/4511 4512/3449/4512
f 4513/3409/4513 4514/3447/4514 4515/3442/4515
f 4516/3452/4516 4517/3453/4517 4518/3454/4518
f 4519/3452/4519 4520/3454/4520 4521/3412/4521
f 4521/3412/4521 4522/3455/4522 4519/3452/4519
f 4523/3456/4523 4524/3457/4524 4525/3458/4525
f 4526/3459/4526 4527/3460/4527 4528/3430/4528
f 4529/3317/4529 4530/3461/4530 4531/3459/4531
f 4531/3459/4531 4532/3430/4532 4529/3317/4529
f 4533/3411/4533 4534/3458/4534 4535/3462/4535
f 4536/3462/4536 4537/3458/4537 4538/3457/4538
f 4539/3461/4539 4540/3463/4540 4541/3459/4541
f 4542/3464/4542 4543/3465/4543 4544/3466/4544
f 4545/3464/4545 4546/3466/4546 4547/3410/4547
f 4547/3410/4547 4548/3443/4548 4545/3464/4545
f 4470/3312/4470 4469/3433/4469 4549/3417/4549
f 4550/3417/4550 4551/3433/4551 4552/3467/4552
f 4553/3468/4553 4554/3469/4554 4555/3470/4555
f 4556/3416/4556 4557/3471/4557 4558/3468/4558
f 4558/3468/4558 4559/3470/4559 4556/3416/4556
f 4560/3472/4560 4561/3418/4561 4562/3417/4562
f 4563/3473/4563 4564/3474/4564 4565/3475/4565
f 4566/3475/4566 4567/3444/4567 4568/3413/4568
f 4568/3413/4568 4569/3473/4569 4566/3475/4566
f 4495/3414/4495 4494/3445/4494 4570/3419/4570
f 4571/3415/4571 4572/3476/4572 4573/3477/4573
f 4573/3477/4573 4574/3478/4574 4571/3415/4571
f 4575/3476/4575 4576/3479/4576 4577/3477/4577
f 4578/3480/4578 4579/3481/4579 4580/3434/4580
f 4581/3482/4581 4582/3420/4582 4583/3419/4583
f 4584/3431/4584 4585/3483/4585 4586/3480/4586
f 4587/3480/4587 4588/3434/4588 4589/3318/4589
f 4589/3318/4589 4590/3431/4590 4587/3480/4587
f 4591/3403/4591 4592/3484/4592 4593/3485/4593
f 4593/3485/4593 4594/3440/4594 4591/3403/4591
f 4595/3406/4595 4596/3486/4596 4597/3421/4597
f 4598/3484/4598 4599/3487/4599 4600/3485/4600
f 4601/3488/4601 4602/3489/4602 4603/3436/4603
f 4604/3490/4604 4605/3422/4605 4606/3421/4606
f 4607/3435/4607 4608/3491/4608 4609/3488/4609
f 4610/3488/4610 4611/3436/4611 4612/3382/4612
f 4612/3382/4612 4613/3435/4613 4610/3488/4610
f 4479/3377/4479 4478/3437/4478 4614/3423/4614
f 4615/3423/4615 4616/3437/4616 4617/3492/4617
f 4618/3493/4618 4619/3494/4619 4620/3495/4620
f 4621/3402/4621 4622/3496/4622 4623/3493/4623
f 4623/3493/4623 4624/3495/4624 4621/3402/4621
f 4625/3497/4625 4626/3424/4626 4627/3423/4627
f 4628/3498/4628 4629/3499/4629 4630/3500/4630
f 4631/3500/4631 4632/3438/4632 4633/3399/4633
f 4633/3399/4633 4634/3498/4634 4631/3500/4631
f 4483/3400/4483 4482/3439/4482 4635/3425/4635
f 4636/3401/4636 4637/3501/4637 4638/3502/4638
f 4638/3502/4638 4639/3503/4639 4636/3401/4636
f 4640/3501/4640 4641/3504/4641 4642/3502/4642
f 4643/3505/4643 4644/3506/4644 4645/3507/4645
f 4646/3508/4646 4647/3509/4647 4648/3510/4648
f 4649/3404/4649 4650/3441/4650 4651/3511/4651
f 4652/3512/4652 4653/3513/4653 4654/3514/4654
f 4655/3514/4655 4656/3515/4656 4657/3405/4657
f 4657/3405/4657 4658/3512/4658 4655/3514/4655
f 4659/3450/4659 4660/3516/4660 4661/3428/4661
f 4661/3428/4661 4662/3427/4662 4659/3450/4659
f 4663/3446/4663 4664/3517/4664 4665/3518/4665
f 4665/3518/4665 4666/3448/4666 4663/3446/4663
f 4497/3409/4497 4667/3407/4667 4668/3517/4668
f 4668/3517/4668 4498/3446/4498 4497/3409/4497
f 4669/3519/4669 4670/3463/4670 4671/3461/4671
f 4672/3408/4672 4673/3410/4673 4674/3466/4674
f 4674/3466/4674 4675/3520/4675 4672/3408/4672
f 4676/3472/4676 4677/3451/4677 4678/3429/4678
f 4678/3429/4678 4679/3418/4679 4676/3472/4676
f 4680/3473/4680 4681/3454/4681 4682/3453/4682
f 4682/3453/4682 4683/3474/4683 4680/3473/4680
f 4684/3413/4684 4685/3412/4685 4686/3454/4686
f 4686/3454/4686 4687/3473/4687 4684/3413/4684
f 4688/3460/4688 4689/3483/4689 4690/3431/4690
f 4690/3431/4690 4691/3430/4691 4688/3460/4688
f 4692/3458/4692 4693/3420/4693 4694/3482/4694
f 4694/3482/4694 4695/3456/4695 4692/3458/4692
f 4696/3411/4696 4446/3414/4446 4448/3420/4448
f 4448/3420/4448 4697/3458/4697 4696/3411/4696
f 4698/3521/4698 4699/3467/4699 4700/3433/4700
f 4700/3433/4700 4701/3432/4701 4698/3521/4698
f 4702/3522/4702 4703/3470/4703 4704/3469/4704
f 4704/3469/4704 4705/3523/4705 4702/3522/4702
f 4706/3398/4706 4707/3416/4707 4708/3470/4708
f 4708/3470/4708 4709/3522/4709 4706/3398/4706
f 4710/3476/4710 4711/3524/4711 4712/3525/4712
f 4712/3525/4712 4713/3479/4713 4710/3476/4710
f 4714/3415/4714 4715/3397/4715 4716/3524/4716
f 4716/3524/4716 4717/3476/4717 4714/3415/4714
f 4660/3516/4660 4718/3491/4718 4719/3435/4719
f 4719/3435/4719 4661/3428/4661 4660/3516/4660
f 4664/3517/4664 4720/3422/4720 4721/3490/4721
f 4721/3490/4721 4665/3518/4665 4664/3517/4664
f 4667/3407/4667 4449/3406/4449 4451/3422/4451
f 4451/3422/4451 4668/3517/4668 4667/3407/4667
f 4722/3497/4722 4698/3521/4698 4701/3432/4701
f 4701/3432/4701 4723/3424/4723 4722/3497/4722
f 4724/3498/4724 4702/3522/4702 4705/3523/4705
f 4705/3523/4705 4725/3499/4725 4724/3498/4724
f 4726/3399/4726 4706/3398/4706 4709/3522/4709
f 4709/3522/4709 4727/3498/4727 4726/3399/4726
f 4728/3489/4728 4729/3492/4729 4730/3437/4730
f 4730/3437/4730 4731/3436/4731 4728/3489/4728
f 4732/3484/4732 4733/3495/4733 4734/3494/4734
f 4734/3494/4734 4735/3487/4735 4732/3484/4732
f 4736/3403/4736 4737/3402/4737 4738/3495/4738
f 4738/3495/4738 4739/3484/4739 4736/3403/4736
f 4711/3524/4711 4740/3426/4740 4741/3526/4741
f 4715/3397/4715 4455/3400/4455 4457/3426/4457
f 4457/3426/4457 4716/3524/4716 4715/3397/4715
f 4742/3405/4742 4672/3408/4672 4675/3520/4675
f 4675/3520/4675 4743/3512/4743 4742/3405/4742
f 4744/3401/4744 4745/3404/4745 4746/3527/4746
f 4746/3527/4746 4747/3501/4747 4744/3401/4744
f 4748/3402/4748 4749/3401/4749 4750/3503/4750
f 4750/3503/4750 4751/3496/4751 4748/3402/4748
f 4752/3406/4752 4753/3405/4753 4754/3515/4754
f 4754/3515/4754 4755/3486/4755 4752/3406/4752
f 4756/3412/4756 4757/3411/4757 4758/3462/4758
f 4758/3462/4758 4759/3455/4759 4756/3412/4756
f 4760/3416/4760 4761/3415/4761 4762/3478/4762
f 4762/3478/4762 4763/3471/4763 4760/3416/4760
f 4764/3528/4764 4765/3529/4765 4766/3530/4766
f 4766/3530/4766 4767/3531/4767 4764/3528/4764
f 4767/3531/4767 4768/3532/4768 4764/3528/4764
f 4768/3532/4768 4769/3533/4769 4770/3534/4770
f 4770/3534/4770 4764/3528/4764 4768/3532/4768
f 4770/3535/4770 4769/3536/4769 4771/3537/4771
f 4772/3538/4772 4770/3535/4770 4771/3537/4771
f 4771/3537/4771 4773/3539/4773 4772/3538/4772
f 4774/3540/4774 4772/3538/4772 4773/3539/4773
f 4775/3541/4775 4774/3540/4774 4773/3539/4773
f 4776/3542/4776 4775/3541/4775 4773/3539/4773
f 4777/3543/4777 4765/3544/4765 4778/3545/4778
f 4779/3546/4779 4780/3547/4780 4781/3548/4781
f 4782/3549/4782 4783/3550/4783 4784/3551/4784
f 4784/3551/4784 4785/3552/4785 4782/3549/4782
f 4769/3536/4769 4768/3553/4768 4767/3554/4767
f 4786/3555/4786 4787/3556/4787 4776/3542/4776
f 4776/3542/4776 4773/3539/4773 4786/3555/4786
f 4778/3545/4778 4788/3557/4788 4777/3543/4777
f 4789/3558/4789 4790/3559/4790 4779/3546/4779
f 4779/3546/4779 4781/3548/4781 4789/3558/4789
f 4791/3560/4791 4792/3561/4792 4783/3550/4783
f 4783/3550/4783 4782/3549/4782 4791/3560/4791
f 4793/3562/4793 4794/3563/4794 4769/3536/4769
f 4769/3536/4769 4767/3554/4767 4793/3562/4793
f 4769/3536/4769 4794/3563/4794 4771/3537/4771
f 4795/3564/4795 4771/3537/4771 4796/3565/4796
f 4786/3566/4786 4795/3567/4795 4796/3568/4796
f 4796/3565/4796 4797/3569/4797 4787/3556/4787
f 4787/3556/4787 4786/3555/4786 4796/3565/4796
f 4798/3570/4798 4799/3571/4799 4790/3572/4790
f 4790/3572/4790 4800/3573/4800 4798/3570/4798
f 4801/3574/4801 4802/3570/4802 4803/3573/4803
f 4803/3573/4803 4804/3575/4804 4801/3574/4801
f 4767/3576/4767 4777/3543/4777 4788/3557/4788
f 4796/3565/4796 4771/3537/4771 4794/3563/4794
f 4799/3571/4799 4798/3570/4798 4805/3577/4805
f 4806/3578/4806 4807/3577/4807 4802/3570/4802
f 4802/3570/4802 4801/3574/4801 4806/3578/4806
f 4788/3557/4788 4808/3579/4808 4767/3576/4767
f 4767/3576/4767 4808/3579/4808 4793/3580/4793
f 4808/3581/4808 4809/3582/4809 4794/3563/4794
f 4794/3563/4794 4793/3562/4793 4808/3581/4808
f 4794/3563/4794 4809/3582/4809 4796/3565/4796
f 4797/3569/4797 4796/3565/4796 4809/3582/4809
f 4799/3571/4799 4805/3577/4805 4810/3581/4810
f 4809/3582/4809 4808/3581/4808 4807/3577/4807
f 4807/3577/4807 4806/3578/4806 4809/3582/4809
f 4811/3583/4811 4812/3584/4812 4813/3585/4813
f 4811/3583/4811 4813/3585/4813 4814/3586/4814
f 4811/3583/4811 4814/3586/4814 4815/3587/4815
f 4811/3583/4811 4815/3587/4815 4816/3588/4816
f 4817/3589/4817 4818/3590/4818 4819/3591/4819
f 4820/3592/4820 4817/3589/4817 4819/3591/4819
f 4820/3592/4820 4819/3591/4819 4821/3593/4821
f 4822/3594/4822 4820/3592/4820 4821/3593/4821
f 4823/3595/4823 4822/3594/4822 4821/3593/4821
f 4816/3588/4816 4823/3595/4823 4821/3593/4821
f 4811/3583/4811 4816/3588/4816 4821/3593/4821
f 4824/3596/4824 4825/3597/4825 4826/3598/4826
f 4826/3598/4826 4827/3599/4827 4824/3596/4824
f 4828/3600/4828 4829/3601/4829 4830/3602/4830
f 4788/3557/4788 4778/3545/4778 4831/3603/4831
f 4831/3603/4831 4832/3604/4832 4788/3557/4788
f 4833/3605/4833 4828/3600/4828 4830/3602/4830
f 4830/3602/4830 4834/3606/4834 4833/3605/4833
f 4835/3607/4835 4836/3608/4836 4834/3609/4834
f 4834/3610/4834 4837/3569/4837 4835/3574/4835
f 4838/3578/4838 4835/3574/4835 4837/3569/4837
f 4808/3579/4808 4788/3557/4788 4832/3604/4832
f 4832/3604/4832 4839/3611/4839 4808/3579/4808
f 4840/3582/4840 4838/3578/4838 4837/3569/4837
f 4841/3612/4841 4842/3613/4842 4843/3614/4843
f 4843/3614/4843 4844/3615/4844 4841/3612/4841
f 4845/3616/4845 4846/3617/4846 4847/3618/4847
f 4845/3616/4845 4847/3618/4847 4848/3619/4848
f 4849/3620/4849 4850/3621/4850 4851/3622/4851
f 4849/3620/4849 4851/3622/4851 4852/3623/4852
f 4849/3624/4849 4852/3625/4852 4853/3626/4853
f 4854/3627/4854 4855/3617/4855 4845/3616/4845
f 4856/3628/4856 4857/3629/4857 4779/3546/4779
f 4858/3630/4858 4859/3631/4859 4860/3632/4860
f 4860/3632/4860 4861/3633/4861 4858/3630/4858
f 4848/3619/4848 4862/3634/4862 4845/3616/4845
f 4850/3621/4850 4863/3635/4863 4862/3636/4862
f 4862/3636/4862 4848/3637/4848 4850/3621/4850
f 4849/3620/4849 4863/3635/4863 4850/3621/4850
f 4853/3626/4853 4864/3638/4864 4849/3624/4849
f 4776/3542/4776 4787/3556/4787 4864/3638/4864
f 4864/3638/4864 4853/3626/4853 4776/3542/4776
f 4854/3627/4854 4845/3616/4845 4865/3639/4865
f 4779/3546/4779 4790/3559/4790 4866/3640/4866
f 4866/3640/4866 4856/3628/4856 4779/3546/4779
f 4859/3631/4859 4867/3641/4867 4868/3642/4868
f 4868/3642/4868 4860/3632/4860 4859/3631/4859
f 4869/3643/4869 4870/3644/4870 4845/3616/4845
f 4869/3643/4869 4845/3616/4845 4862/3634/4862
f 4863/3645/4863 4871/3646/4871 4862/3634/4862
f 4849/3624/4849 4871/3647/4871 4863/3648/4863
f 4787/3556/4787 4797/3569/4797 4864/3638/4864
f 4845/3616/4845 4870/3644/4870 4865/3639/4865
f 4790/3572/4790 4799/3571/4799 4872/3649/4872
f 4872/3649/4872 4873/3650/4873 4790/3572/4790
f 4874/3650/4874 4875/3649/4875 4876/3651/4876
f 4876/3651/4876 4877/3652/4877 4874/3650/4874
f 4869/3643/4869 4862/3634/4862 4871/3646/4871
f 4878/3653/4878 4872/3654/4872 4799/3655/4799
f 4875/3649/4875 4879/3656/4879 4880/3657/4880
f 4880/3657/4880 4876/3651/4876 4875/3649/4875
f 4870/3644/4870 4869/3643/4869 4839/3611/4839
f 4871/3647/4871 4797/3569/4797 4839/3571/4839
f 4839/3571/4839 4869/3658/4869 4871/3647/4871
f 4871/3647/4871 4849/3624/4849 4797/3569/4797
f 4849/3624/4849 4864/3638/4864 4797/3569/4797
f 4879/3656/4879 4839/3571/4839 4797/3569/4797
f 4797/3569/4797 4880/3657/4880 4879/3656/4879
f 4881/3659/4881 4819/3591/4819 4818/3590/4818
f 4881/3659/4881 4818/3590/4818 4882/3660/4882
f 4881/3659/4881 4882/3660/4882 4883/3661/4883
f 4881/3659/4881 4883/3661/4883 4884/3662/4884
f 4881/3659/4881 4884/3662/4884 4885/3663/4885
f 4886/3664/4886 4881/3659/4881 4885/3663/4885
f 4886/3664/4886 4885/3663/4885 4887/3665/4887
f 4886/3664/4886 4887/3665/4887 4888/3666/4888
f 4886/3664/4886 4888/3666/4888 4889/3667/4889
f 4886/3664/4886 4889/3667/4889 4890/3668/4890
f 4886/3664/4886 4890/3668/4890 4813/3585/4813
f 4886/3664/4886 4813/3585/4813 4812/3584/4812
f 4824/3669/4824 4891/3670/4891 4892/3671/4892
f 4830/3602/4830 4893/3672/4893 4894/3673/4894
f 4831/3603/4831 4854/3627/4854 4865/3639/4865
f 4865/3639/4865 4832/3604/4832 4831/3603/4831
f 4830/3602/4830 4894/3673/4894 4895/3674/4895
f 4895/3674/4895 4834/3606/4834 4830/3602/4830
f 4832/3604/4832 4865/3639/4865 4870/3644/4870
f 4834/3675/4834 4896/3676/4896 4897/3677/4897
f 4897/3651/4897 4837/3569/4837 4834/3610/4834
f 4837/3678/4837 4897/3679/4897 4898/3680/4898
f 4832/3604/4832 4870/3644/4870 4839/3611/4839
f 4843/3614/4843 4899/3681/4899 4900/3682/4900
f 4900/3682/4900 4844/3615/4844 4843/3614/4843
f 4901/3683/4901 4902/3684/4902 4903/3685/4903
f 4903/3685/4903 4904/3686/4904 4901/3683/4901
f 4905/3687/4905 4906/3688/4906 4907/3689/4907
f 4907/3689/4907 4908/3690/4908 4905/3687/4905
f 4909/3691/4909 4910/3692/4910 4911/3693/4911
f 4911/3693/4911 4912/3694/4912 4909/3691/4909
f 4912/3694/4912 4911/3693/4911 4913/3695/4913
f 4913/3695/4913 4914/3696/4914 4912/3694/4912
f 4915/3697/4915 4916/3698/4916 4917/3699/4917
f 4917/3699/4917 4918/3700/4918 4915/3697/4915
f 4919/3701/4919 4920/3702/4920 4902/3684/4902
f 4902/3684/4902 4901/3683/4901 4919/3701/4919
f 4921/3695/4921 4922/3703/4922 4923/3704/4923
f 4924/3593/4924 4925/3705/4925 4926/3706/4926
f 4927/3700/4927 4928/3707/4928 4929/3708/4929
f 4930/3692/4930 4931/3709/4931 4932/3710/4932
f 4933/3659/4933 4934/3711/4934 4935/3712/4935
f 4936/3686/4936 4937/3713/4937 4938/3714/4938
f 4939/3715/4939 4940/3716/4940 4941/3584/4941
f 4941/3584/4941 4942/3583/4942 4939/3715/4939
f 4926/3706/4926 4943/3717/4943 4944/3583/4944
f 4944/3583/4944 4924/3593/4924 4926/3706/4926
f 4945/3718/4945 4946/3719/4946 4947/3593/4947
f 4947/3593/4947 4948/3591/4948 4945/3718/4945
f 4940/3716/4940 4949/3720/4949 4950/3664/4950
f 4950/3664/4950 4941/3584/4941 4940/3716/4940
f 4935/3712/4935 4945/3718/4945 4948/3591/4948
f 4948/3591/4948 4933/3659/4933 4935/3712/4935
f 4951/3721/4951 4952/3722/4952 4953/3659/4953
f 4953/3659/4953 4954/3664/4954 4951/3721/4951
f 4955/3723/4955 4956/3724/4956 4957/3686/4957
f 4957/3686/4957 4958/3685/4958 4955/3723/4955
f 4959/3725/4959 4960/3726/4960 4961/3690/4961
f 4961/3690/4961 4962/3689/4962 4959/3725/4959
f 4923/3704/4923 4963/3727/4963 4964/3696/4964
f 4964/3696/4964 4921/3695/4921 4923/3704/4923
f 4965/3728/4965 4966/3729/4966 4967/3700/4967
f 4967/3700/4967 4968/3699/4968 4965/3728/4965
f 4969/3695/4969 4970/3730/4970 4971/3703/4971
f 4972/3703/4972 4973/3730/4973 4974/3731/4974
f 4975/3732/4975 4976/3733/4976 4977/3715/4977
f 4978/3583/4978 4979/3717/4979 4980/3732/4980
f 4980/3732/4980 4981/3715/4981 4978/3583/4978
f 4982/3717/4982 4983/3734/4983 4984/3732/4984
f 4985/3735/4985 4986/3736/4986 4987/3737/4987
f 4988/3735/4988 4989/3737/4989 4990/3698/4990
f 4990/3698/4990 4991/3738/4991 4988/3735/4988
f 4992/3739/4992 4993/3740/4993 4994/3741/4994
f 4995/3697/4995 4996/3741/4996 4997/3742/4997
f 4998/3742/4998 4999/3741/4999 5000/3740/5000
f 5001/3696/5001 5002/3727/5002 5003/3743/5003
f 4947/3593/4947 4946/3719/4946 5004/3705/5004
f 5005/3705/5005 5006/3719/5006 5007/3744/5007
f 5008/3745/5008 5009/3746/5009 5010/3747/5010
f 5011/3702/5011 5012/3748/5012 5013/3745/5013
f 5013/3745/5013 5014/3747/5014 5011/3702/5011
f 5015/3749/5015 5016/3706/5016 5017/3705/5017
f 5018/3750/5018 5019/3751/5019 5020/3752/5020
f 5021/3752/5021 5022/3728/5022 5023/3699/5023
f 5023/3699/5023 5024/3750/5024 5021/3752/5021
f 4967/3700/4967 4966/3729/4966 5025/3707/5025
f 5026/3701/5026 5027/3753/5027 5028/3754/5028
f 5028/3754/5028 5029/3755/5029 5026/3701/5026
f 5030/3753/5030 5031/3756/5031 5032/3754/5032
f 5033/3757/5033 5034/3708/5034 5035/3707/5035
f 5036/3692/5036 5037/3758/5037 5038/3709/5038
f 5039/3689/5039 5040/3759/5040 5041/3760/5041
f 5041/3760/5041 5042/3725/5042 5039/3689/5039
f 5043/3759/5043 5044/3761/5044 5045/3760/5045
f 5046/3762/5046 5047/3763/5047 5048/3721/5048
f 5049/3764/5049 5050/3710/5050 5051/3709/5051
f 5052/3720/5052 5053/3765/5053 5054/3762/5054
f 5055/3762/5055 5056/3721/5056 5057/3664/5057
f 5057/3664/5057 5058/3720/5058 5055/3762/5055
f 4953/3659/4953 4952/3722/4952 5059/3711/5059
f 5060/3711/5060 5061/3722/5061 5062/3766/5062
f 5063/3767/5063 5064/3768/5064 5065/3769/5065
f 5066/3688/5066 5067/3770/5067 5068/3767/5068
f 5068/3767/5068 5069/3769/5069 5066/3688/5066
f 5070/3771/5070 5071/3712/5071 5072/3711/5072
f 5073/3772/5073 5074/3773/5074 5075/3774/5075
f 5076/3774/5076 5077/3723/5077 5078/3685/5078
f 5078/3685/5078 5079/3772/5079 5076/3774/5076
f 4957/3686/4957 4956/3724/4956 5080/3713/5080
f 5081/3687/5081 5082/3775/5082 5083/3776/5083
f 5083/3776/5083 5084/3777/5084 5081/3687/5081
f 5085/3775/5085 5086/3778/5086 5087/3776/5087
f 5088/3779/5088 5089/3780/5089 5090/3781/5090
f 5091/3782/5091 5092/3714/5092 5093/3713/5093
f 5094/3783/5094 5095/3784/5095 5096/3785/5096
f 5097/3690/5097 5098/3726/5098 5099/3786/5099
f 5100/3787/5100 5101/3788/5101 5102/3789/5102
f 5103/3789/5103 5104/3790/5104 5105/3691/5105
f 5105/3691/5105 5106/3787/5106 5103/3789/5103
f 5107/3733/5107 5108/3791/5108 5109/3716/5109
f 5109/3716/5109 5110/3715/5110 5107/3733/5107
f 5111/3730/5111 5112/3792/5112 5113/3793/5113
f 5113/3793/5113 5114/3731/5114 5111/3730/5111
f 4969/3695/4969 5115/3693/5115 5116/3792/5116
f 5116/3792/5116 4970/3730/4970 4969/3695/4969
f 5117/3694/5117 5118/3696/5118 5119/3794/5119
f 5119/3794/5119 5120/3795/5120 5117/3694/5117
f 5121/3749/5121 5122/3734/5122 5123/3717/5123
f 5123/3717/5123 5124/3706/5124 5121/3749/5121
f 5125/3750/5125 5126/3737/5126 5127/3736/5127
f 5127/3736/5127 5128/3751/5128 5125/3750/5125
f 5129/3699/5129 5130/3698/5130 5131/3737/5131
f 5131/3737/5131 5132/3750/5132 5129/3699/5129
f 5133/3741/5133 5134/3708/5134 5135/3757/5135
f 5136/3697/5136 4927/3700/4927 4929/3708/4929
f 4929/3708/4929 5137/3741/5137 5136/3697/5136
f 5138/3796/5138 5139/3744/5139 5140/3719/5140
f 5140/3719/5140 5141/3718/5141 5138/3796/5138
f 5142/3797/5142 5143/3747/5143 5144/3746/5144
f 5144/3746/5144 5145/3798/5145 5142/3797/5142
f 5146/3684/5146 5147/3702/5147 5148/3747/5148
f 5148/3747/5148 5149/3797/5149 5146/3684/5146
f 5150/3753/5150 5151/3799/5151 5152/3800/5152
f 5153/3701/5153 5154/3683/5154 5155/3799/5155
f 5155/3799/5155 5156/3753/5156 5153/3701/5153
f 5108/3791/5108 5157/3765/5157 5158/3720/5158
f 5158/3720/5158 5109/3716/5109 5108/3791/5108
f 5112/3792/5112 5159/3710/5159 5160/3764/5160
f 5160/3764/5160 5113/3793/5113 5112/3792/5112
f 5115/3693/5115 4930/3692/4930 4932/3710/4932
f 4932/3710/4932 5116/3792/5116 5115/3693/5115
f 5161/3771/5161 5138/3796/5138 5141/3718/5141
f 5141/3718/5141 5162/3712/5162 5161/3771/5161
f 5163/3772/5163 5142/3797/5142 5145/3798/5145
f 5145/3798/5145 5164/3773/5164 5163/3772/5163
f 5165/3685/5165 5146/3684/5146 5149/3797/5149
f 5149/3797/5149 5166/3772/5166 5165/3685/5165
f 5167/3763/5167 5168/3766/5168 5169/3722/5169
f 5169/3722/5169 5170/3721/5170 5167/3763/5167
f 5171/3759/5171 5172/3769/5172 5173/3768/5173
f 5173/3768/5173 5174/3761/5174 5171/3759/5171
f 5175/3689/5175 5176/3688/5176 5177/3769/5177
f 5177/3769/5177 5178/3759/5178 5175/3689/5175
f 5151/3799/5151 5179/3714/5179 5180/3782/5180
f 5154/3683/5154 4936/3686/4936 4938/3714/4938
f 4938/3714/4938 5155/3799/5155 5154/3683/5154
f 5181/3691/5181 5117/3694/5117 5120/3795/5120
f 5120/3795/5120 5182/3787/5182 5181/3691/5181
f 5183/3775/5183 5184/3801/5184 5185/3802/5185
f 5186/3687/5186 5187/3690/5187 5188/3801/5188
f 5188/3801/5188 5189/3775/5189 5186/3687/5186
f 5190/3688/5190 5191/3687/5191 5192/3777/5192
f 5192/3777/5192 5193/3770/5193 5190/3688/5190
f 5036/3692/5036 5194/3691/5194 5195/3790/5195
f 5195/3790/5195 5037/3758/5037 5036/3692/5036
f 5196/3698/5196 5197/3697/5197 5198/3742/5198
f 5198/3742/5198 5199/3738/5199 5196/3698/5196
f 5200/3702/5200 5201/3701/5201 5202/3755/5202
f 5202/3755/5202 5203/3748/5203 5200/3702/5200
f 5204/3803/5204 5205/3804/5205 5206/3805/5206
f 5206/3805/5206 5207/3806/5207 5204/3803/5204
f 5207/3807/5207 5208/3808/5208 5209/3809/5209
f 5209/3809/5209 5204/3810/5204 5207/3807/5207
f 5209/3811/5209 5208/3812/5208 5210/3813/5210
f 5211/3814/5211 5209/3811/5209 5210/3813/5210
f 5212/3815/5212 5211/3814/5211 5210/3813/5210
f 5206/3805/5206 5205/3804/5205 5213/3816/5213
f 5214/3817/5214 5215/3818/5215 5216/3819/5216
f 5217/3820/5217 5218/3821/5218 5219/3822/5219
f 5219/3822/5219 5220/3823/5220 5217/3820/5217
f 5210/3813/5210 5221/3824/5221 5212/3815/5212
f 5221/3824/5221 5222/3825/5222 5223/3826/5223
f 5223/3826/5223 5212/3815/5212 5221/3824/5221
f 5213/3816/5213 5224/3827/5224 5206/3805/5206
f 5225/3828/5225 5226/3829/5226 5214/3817/5214
f 5214/3817/5214 5216/3819/5216 5225/3828/5225
f 5227/3830/5227 5228/3831/5228 5218/3821/5218
f 5218/3821/5218 5217/3820/5217 5227/3830/5227
f 5221/3824/5221 5229/3832/5229 5222/3825/5222
f 5230/3833/5230 5231/3834/5231 5226/3835/5226
f 5226/3835/5226 5232/3836/5232 5230/3833/5230
f 5233/3837/5233 5234/3838/5234 5235/3839/5235
f 5235/3839/5235 5236/3840/5236 5233/3837/5233
f 5206/3805/5206 5237/3841/5237 5207/3806/5207
f 5237/3842/5237 5238/3843/5238 5208/3812/5208
f 5208/3812/5208 5207/3844/5207 5237/3842/5237
f 5208/3812/5208 5238/3843/5238 5239/3813/5239
f 5231/3834/5231 5230/3833/5230 5240/3845/5240
f 5241/3846/5241 5242/3845/5242 5234/3833/5234
f 5234/3833/5234 5233/3847/5233 5241/3846/5241
f 5224/3827/5224 5237/3841/5237 5206/3805/5206
f 5239/3813/5239 5238/3843/5238 5221/3824/5221
f 5229/3832/5229 5221/3824/5221 5238/3843/5238
f 5231/3834/5231 5240/3845/5240 5243/3842/5243
f 5238/3843/5238 5237/3842/5237 5242/3845/5242
f 5242/3845/5242 5241/3846/5241 5238/3843/5238
f 5244/3848/5244 5245/3849/5245 5246/3850/5246
f 5244/3848/5244 5246/3850/5246 5247/3851/5247
f 5244/3848/5244 5247/3851/5247 5248/3852/5248
f 5244/3848/5244 5248/3852/5248 5249/3853/5249
f 5250/3854/5250 5251/3855/5251 5252/3856/5252
f 5250/3854/5250 5252/3856/5252 5253/3857/5253
f 5254/3858/5254 5250/3854/5250 5253/3857/5253
f 5255/3859/5255 5254/3858/5254 5253/3857/5253
f 5249/3853/5249 5255/3859/5255 5253/3857/5253
f 5244/3848/5244 5249/3853/5249 5253/3857/5253
f 5256/3860/5256 5257/3861/5257 5258/3862/5258
f 5259/3863/5259 5260/3864/5260 5261/3865/5261
f 5224/3827/5224 5213/3816/5213 5262/3866/5262
f 5262/3866/5262 5263/3867/5263 5224/3827/5224
f 5264/3868/5264 5259/3863/5259 5261/3865/5261
f 5261/3865/5261 5265/3869/5265 5264/3868/5264
f 5263/3867/5263 5266/3870/5266 5224/3827/5224
f 5267/3837/5267 5268/3840/5268 5265/3871/5265
f 5265/3871/5265 5269/3872/5269 5267/3837/5267
f 5270/3873/5270 5267/3837/5267 5269/3872/5269
f 5237/3841/5237 5224/3827/5224 5266/3870/5266
f 5271/3843/5271 5270/3846/5270 5269/3832/5269
f 5272/3874/5272 5273/3875/5273 5274/3876/5274
f 5274/3876/5274 5275/3877/5275 5272/3874/5272
f 5276/3878/5276 5277/3879/5277 5278/3880/5278
f 5276/3878/5276 5278/3880/5278 5279/3881/5279
f 5280/3882/5280 5281/3883/5281 5282/3884/5282
f 5280/3882/5280 5282/3884/5282 5283/3885/5283
f 5284/3886/5284 5277/3887/5277 5285/3888/5285
f 5286/3889/5286 5287/3890/5287 5214/3817/5214
f 5288/3891/5288 5289/3892/5289 5290/3893/5290
f 5290/3893/5290 5291/3894/5291 5288/3891/5288
f 5279/3881/5279 5292/3895/5292 5276/3878/5276
f 5281/3896/5281 5293/3897/5293 5292/3895/5292
f 5292/3895/5292 5279/3881/5279 5281/3896/5281
f 5280/3898/5280 5293/3897/5293 5281/3896/5281
f 5283/3885/5283 5294/3899/5294 5280/3882/5280
f 5223/3826/5223 5222/3825/5222 5294/3899/5294
f 5294/3899/5294 5283/3885/5283 5223/3826/5223
f 5285/3888/5285 5295/3900/5295 5284/3886/5284
f 5214/3817/5214 5226/3829/5226 5296/3901/5296
f 5296/3901/5296 5286/3889/5286 5214/3817/5214
f 5289/3892/5289 5297/3902/5297 5298/3903/5298
f 5298/3903/5298 5290/3893/5290 5289/3892/5289
f 5299/3904/5299 5276/3878/5276 5292/3895/5292
f 5293/3897/5293 5300/3905/5300 5299/3904/5299
f 5299/3904/5299 5292/3895/5292 5293/3897/5293
f 5301/3882/5301 5300/3906/5300 5293/3907/5293
f 5222/3825/5222 5229/3832/5229 5294/3899/5294
f 5226/3835/5226 5231/3834/5231 5302/3908/5302
f 5302/3908/5302 5303/3909/5303 5226/3835/5226
f 5304/3909/5304 5305/3908/5305 5306/3910/5306
f 5306/3910/5306 5307/3911/5307 5304/3909/5304
f 5285/3888/5285 5299/3912/5299 5295/3900/5295
f 5308/3913/5308 5302/3908/5302 5231/3834/5231
f 5305/3908/5305 5309/3913/5309 5306/3910/5306
f 5295/3900/5295 5299/3912/5299 5310/3914/5310
f 5300/3906/5300 5311/3915/5311 5310/3916/5310
f 5310/3916/5310 5299/3917/5299 5300/3906/5300
f 5300/3906/5300 5301/3882/5301 5311/3915/5311
f 5301/3882/5301 5294/3899/5294 5311/3915/5311
f 5311/3915/5311 5294/3899/5294 5229/3832/5229
f 5312/3916/5312 5308/3913/5308 5231/3834/5231
f 5309/3913/5309 5310/3916/5310 5311/3915/5311
f 5311/3915/5311 5306/3910/5306 5309/3913/5309
f 5313/3918/5313 5252/3856/5252 5251/3855/5251
f 5313/3918/5313 5251/3855/5251 5314/3919/5314
f 5313/3918/5313 5314/3919/5314 5315/3920/5315
f 5313/3918/5313 5315/3920/5315 5316/3921/5316
f 5317/3922/5317 5313/3918/5313 5316/3921/5316
f 5317/3922/5317 5316/3921/5316 5318/3923/5318
f 5317/3922/5317 5318/3923/5318 5319/3924/5319
f 5317/3922/5317 5319/3924/5319 5320/3925/5320
f 5317/3922/5317 5320/3925/5320 5321/3926/5321
f 5317/3922/5317 5321/3926/5321 5246/3850/5246
f 5317/3922/5317 5246/3850/5246 5245/3849/5245
f 5258/3927/5258 5322/3928/5322 5323/3929/5323
f 5261/3865/5261 5324/3930/5324 5325/3931/5325
f 5262/3866/5262 5284/3886/5284 5295/3900/5295
f 5295/3900/5295 5263/3867/5263 5262/3866/5262
f 5261/3865/5261 5325/3931/5325 5326/3932/5326
f 5326/3932/5326 5265/3869/5265 5261/3865/5261
f 5295/3900/5295 5266/3870/5266 5263/3867/5263
f 5265/3871/5265 5327/3933/5327 5328/3934/5328
f 5328/3934/5328 5269/3872/5269 5265/3871/5265
f 5266/3870/5266 5295/3900/5295 5310/3914/5310
f 5269/3832/5269 5328/3910/5328 5329/3915/5329
f 5274/3876/5274 5330/3935/5330 5331/3936/5331
f 5331/3936/5331 5275/3877/5275 5274/3876/5274
f 5332/3937/5332 5333/3938/5333 5334/3939/5334
f 5334/3939/5334 5335/3940/5335 5332/3937/5332
f 5336/3941/5336 5337/3942/5337 5338/3943/5338
f 5338/3943/5338 5339/3944/5339 5336/3941/5336
f 5340/3945/5340 5341/3946/5341 5342/3947/5342
f 5342/3947/5342 5343/3948/5343 5340/3945/5340
f 5343/3948/5343 5342/3947/5342 5344/3949/5344
f 5344/3949/5344 5345/3950/5345 5343/3948/5343
f 5346/3951/5346 5347/3952/5347 5348/3953/5348
f 5348/3953/5348 5349/3954/5349 5346/3951/5346
f 5350/3955/5350 5351/3956/5351 5333/3938/5333
f 5333/3938/5333 5332/3937/5332 5350/3955/5350
f 5352/3949/5352 5353/3957/5353 5354/3958/5354
f 5355/3857/5355 5356/3959/5356 5357/3960/5357
f 5358/3954/5358 5359/3961/5359 5360/3962/5360
f 5361/3963/5361 5362/3964/5362 5363/3849/5363
f 5363/3849/5363 5364/3848/5364 5361/3963/5361
f 5357/3960/5357 5365/3965/5365 5366/3848/5366
f 5366/3848/5366 5355/3857/5355 5357/3960/5357
f 5367/3966/5367 5368/3967/5368 5369/3857/5369
f 5369/3857/5369 5370/3856/5370 5367/3966/5367
f 5362/3964/5362 5371/3968/5371 5372/3922/5372
f 5372/3922/5372 5363/3849/5363 5362/3964/5362
f 5373/3969/5373 5367/3966/5367 5370/3856/5370
f 5370/3856/5370 5374/3918/5374 5373/3969/5373
f 5375/3970/5375 5376/3971/5376 5377/3918/5377
f 5377/3918/5377 5378/3922/5378 5375/3970/5375
f 5379/3972/5379 5380/3973/5380 5381/3940/5381
f 5381/3940/5381 5382/3939/5382 5379/3972/5379
f 5383/3974/5383 5384/3975/5384 5385/3944/5385
f 5385/3944/5385 5386/3943/5386 5383/3974/5383
f 5354/3958/5354 5387/3976/5387 5388/3950/5388
f 5388/3950/5388 5352/3949/5352 5354/3958/5354
f 5389/3977/5389 5390/3978/5390 5391/3954/5391
f 5391/3954/5391 5392/3953/5392 5389/3977/5389
f 5393/3949/5393 5394/3979/5394 5395/3957/5395
f 5396/3957/5396 5397/3979/5397 5398/3980/5398
f 5399/3981/5399 5400/3982/5400 5401/3963/5401
f 5402/3848/5402 5403/3965/5403 5404/3981/5404
f 5404/3981/5404 5405/3963/5405 5402/3848/5402
f 5406/3965/5406 5407/3983/5407 5408/3981/5408
f 5409/3984/5409 5410/3985/5410 5411/3986/5411
f 5412/3984/5412 5413/3986/5413 5414/3952/5414
f 5414/3952/5414 5415/3987/5415 5412/3984/5412
f 5416/3988/5416 5417/3989/5417 5418/3990/5418
f 5419/3951/5419 5420/3990/5420 5421/3991/5421
f 5422/3991/5422 5423/3990/5423 5424/3989/5424
f 5369/3857/5369 5368/3967/5368 5425/3959/5425
f 5426/3959/5426 5427/3967/5427 5428/3992/5428
f 5429/3993/5429 5430/3994/5430 5431/3995/5431
f 5432/3956/5432 5433/3996/5433 5434/3993/5434
f 5434/3993/5434 5435/3995/5435 5432/3956/5432
f 5436/3997/5436 5437/3960/5437 5438/3959/5438
f 5439/3998/5439 5440/3999/5440 5441/4000/5441
f 5442/4000/5442 5443/3977/5443 5444/3953/5444
f 5444/3953/5444 5445/3998/5445 5442/4000/5442
f 5391/3954/5391 5390/3978/5390 5446/3961/5446
f 5447/3955/5447 5448/4001/5448 5449/4002/5449
f 5449/4002/5449 5450/4003/5450 5447/3955/5447
f 5451/4001/5451 5452/4004/5452 5453/4002/5453
f 5454/4005/5454 5455/4006/5455 5456/4007/5456
f 5457/4008/5457 5458/3962/5458 5459/3961/5459
f 5460/4009/5460 5461/4010/5461 5462/4011/5462
f 5463/3946/5463 5464/4012/5464 5465/4013/5465
f 5466/4014/5466 5467/3974/5467 5468/3943/5468
f 5469/4015/5469 5470/4016/5470 5471/4017/5471
f 5472/3946/5472 5473/4013/5473 5474/4018/5474
f 5475/4019/5475 5476/4020/5476 5477/3970/5477
f 5478/4018/5478 5479/4013/5479 5480/4021/5480
f 5481/3968/5481 5482/4022/5482 5483/4019/5483
f 5484/4019/5484 5485/3970/5485 5486/3922/5486
f 5486/3922/5486 5487/3968/5487 5484/4019/5484
f 5377/3918/5377 5376/3971/5376 5488/4023/5488
f 5489/4023/5489 5490/3971/5490 5491/4024/5491
f 5492/4025/5492 5493/4026/5493 5494/4027/5494
f 5495/3942/5495 5496/4028/5496 5497/4025/5497
f 5497/4025/5497 5498/4027/5498 5495/3942/5495
f 5499/3918/5499 5500/4023/5500 5501/3969/5501
f 5502/3969/5502 5503/4023/5503 5504/4029/5504
f 5505/4030/5505 5506/4031/5506 5507/4032/5507
f 5508/4032/5508 5509/3972/5509 5510/3939/5510
f 5510/3939/5510 5511/4030/5511 5508/4032/5508
f 5512/3941/5512 5513/4033/5513 5514/4034/5514
f 5514/4034/5514 5515/4035/5515 5512/3941/5512
f 5516/4033/5516 5517/4036/5517 5518/4034/5518
f 5519/3940/5519 5520/3973/5520 5521/4037/5521
f 5522/4038/5522 5523/4037/5523 5524/3973/5524
f 5525/4037/5525 5526/4038/5526 5527/4039/5527
f 5528/4040/5528 5529/4041/5529 5530/4042/5530
f 5531/4043/5531 5532/4044/5532 5533/4045/5533
f 5534/3944/5534 5535/3975/5535 5536/4043/5536
f 5536/4043/5536 5537/4045/5537 5534/3944/5534
f 5538/4046/5538 5539/4047/5539 5540/4048/5540
f 5541/4048/5541 5542/4049/5542 5543/3945/5543
f 5543/3945/5543 5544/4046/5544 5541/4048/5541
f 5545/3982/5545 5546/4050/5546 5547/3964/5547
f 5547/3964/5547 5548/3963/5548 5545/3982/5545
f 5549/3979/5549 5550/4051/5550 5551/4052/5551
f 5551/4052/5551 5552/3980/5552 5549/3979/5549
f 5393/3949/5393 5553/3947/5553 5554/4051/5554
f 5554/4051/5554 5394/3979/5394 5393/3949/5393
f 5555/3948/5555 5556/3950/5556 5557/4053/5557
f 5557/4053/5557 5558/4054/5558 5555/3948/5555
f 5559/3997/5559 5560/3983/5560 5561/3965/5561
f 5561/3965/5561 5562/3960/5562 5559/3997/5559
f 5563/3998/5563 5564/3986/5564 5565/3985/5565
f 5565/3985/5565 5566/3999/5566 5563/3998/5563
f 5567/3953/5567 5568/3952/5568 5569/3986/5569
f 5569/3986/5569 5570/3998/5570 5567/3953/5567
f 5571/3951/5571 5358/3954/5358 5360/3962/5360
f 5360/3962/5360 5572/3990/5572 5571/3951/5571
f 5573/4055/5573 5574/3992/5574 5575/3967/5575
f 5575/3967/5575 5576/3966/5576 5573/4055/5573
f 5577/4056/5577 5578/3995/5578 5579/3994/5579
f 5579/3994/5579 5580/4057/5580 5577/4056/5577
f 5581/3938/5581 5582/3956/5582 5583/3995/5583
f 5583/3995/5583 5584/4056/5584 5581/3938/5581
f 5585/4001/5585 5586/4058/5586 5587/4059/5587
f 5588/3955/5588 5589/3937/5589 5590/4058/5590
f 5590/4058/5590 5591/4001/5591 5588/3955/5588
f 5546/4050/5546 5592/4022/5592 5593/3968/5593
f 5593/3968/5593 5547/3964/5547 5546/4050/5546
f 5550/4051/5550 5594/4018/5594 5595/4021/5595
f 5595/4021/5595 5551/4052/5551 5550/4051/5550
f 5553/3947/5553 5596/3946/5596 5597/4018/5597
f 5597/4018/5597 5554/4051/5554 5553/3947/5553
f 5598/4029/5598 5573/4055/5573 5576/3966/5576
f 5576/3966/5576 5599/3969/5599 5598/4029/5598
f 5600/4030/5600 5577/4056/5577 5580/4057/5580
f 5580/4057/5580 5601/4031/5601 5600/4030/5600
f 5602/3939/5602 5581/3938/5581 5584/4056/5584
f 5584/4056/5584 5603/4030/5603 5602/3939/5602
f 5604/4020/5604 5605/4024/5605 5606/3971/5606
f 5606/3971/5606 5607/3970/5607 5604/4020/5604
f 5608/4015/5608 5609/4027/5609 5610/4026/5610
f 5610/4026/5610 5611/4016/5611 5608/4015/5608
f 5612/3943/5612 5613/3942/5613 5614/4027/5614
f 5614/4027/5614 5615/4015/5615 5612/3943/5612
f 5616/4060/5616 5617/4041/5617 5618/4040/5618
f 5586/4058/5586 5619/4037/5619 5620/4039/5620
f 5589/3937/5589 5621/3940/5621 5622/4037/5622
f 5622/4037/5622 5590/4058/5590 5589/3937/5589
f 5623/3945/5623 5555/3948/5555 5558/4054/5558
f 5558/4054/5558 5624/4046/5624 5623/3945/5623
f 5625/3941/5625 5626/3944/5626 5627/4045/5627
f 5627/4045/5627 5628/4033/5628 5625/3941/5625
f 5629/3942/5629 5630/3941/5630 5631/4035/5631
f 5631/4035/5631 5632/4028/5632 5629/3942/5629
f 5463/3946/5463 5633/3945/5633 5634/4049/5634
f 5634/4049/5634 5464/4012/5464 5463/3946/5463
f 5635/3952/5635 5636/3951/5636 5637/3991/5637
f 5637/3991/5637 5638/3987/5638 5635/3952/5635
f 5639/3956/5639 5640/3955/5640 5641/4003/5641
f 5641/4003/5641 5642/3996/5642 5639/3956/5639
f 5643/4061/5643 5644/4062/5644 5645/4063/5645
f 5646/4064/5646 5647/4065/5647 5648/4066/5648
f 5649/4067/5649 5650/4068/5650 5651/4069/5651
f 5651/4069/5651 5652/4070/5652 5649/4067/5649
f 5653/4071/5653 5654/4072/5654 5655/4073/5655
f 5656/4074/5656 5657/4075/5657 5658/4076/5658
f 5659/4077/5659 5660/4078/5660 5661/4079/5661
f 5662/4080/5662 5663/4081/5663 5664/4082/5664
f 5665/4083/5665 5666/4084/5666 5667/4085/5667
f 5667/4085/5667 5668/4086/5668 5665/4083/5665
f 5669/4087/5669 5670/4088/5670 5671/4089/5671
f 5672/4090/5672 5673/4091/5673 5674/4092/5674
f 5675/4093/5675 5676/4094/5676 5677/4095/5677
f 5678/4096/5678 5679/4097/5679 5680/4098/5680
f 5681/4099/5681 5682/4100/5682 5683/4101/5683
f 5684/4102/5684 5685/4103/5685 5686/4104/5686
f 5687/4105/5687 5688/4106/5688 5689/4107/5689
f 5690/4108/5690 5691/4109/5691 5692/4110/5692
f 5693/4111/5693 5694/4112/5694 5695/4113/5695
f 5696/4114/5696 5697/4115/5697 5698/4116/5698
f 5699/4117/5699 5700/4118/5700 5701/4119/5701
f 5701/4119/5701 5702/4120/5702 5699/4117/5699
f 5703/4121/5703 5704/4122/5704 5705/4123/5705
f 5705/4123/5705 5706/4124/5706 5703/4121/5703
f 5707/4125/5707 5708/4126/5708 5709/4127/5709
f 5709/4127/5709 5710/4128/5710 5707/4125/5707
f 5711/4129/5711 5712/4130/5712 5713/4131/5713
f 5713/4131/5713 5714/4132/5714 5711/4129/5711
f 5715/4133/5715 5716/4134/5716 5717/4135/5717
f 5717/4135/5717 5718/4136/5718 5715/4133/5715
f 5719/4137/5719 5720/4138/5720 5721/4139/5721
f 5721/4139/5721 5722/4140/5722 5719/4137/5719
f 5723/4141/5723 5724/4142/5724 5725/4143/5725
f 5725/4143/5725 5726/4144/5726 5723/4141/5723
f 5727/4145/5727 5728/4146/5728 5729/4147/5729
f 5729/4147/5729 5730/4148/5730 5727/4145/5727
f 5731/4149/5731 5732/4150/5732 5733/4151/5733
f 5733/4151/5733 5734/4152/5734 5731/4149/5731
f 5735/4153/5735 5736/4154/5736 5737/4155/5737
f 5737/4155/5737 5738/4156/5738 5735/4153/5735
f 5739/4157/5739 5740/4158/5740 5741/4159/5741
f 5741/4159/5741 2079/4160/2079 5739/4157/5739
f 5742/4161/5742 5743/4162/5743 5744/4163/5744
f 5745/4164/5745 5746/4165/5746 5747/4166/5747
f 5748/4167/5748 5749/4168/5749 5750/4169/5750
f 5751/4170/5751 5750/4169/5750 5749/4168/5749
f 5749/4168/5749 5752/4171/5752 5751/4170/5751
f 5753/4172/5753 5744/4173/5744 5743/4174/5743
f 5754/4175/5754 5747/4166/5747 5744/4163/5744
f 5744/4163/5744 5753/4176/5753 5754/4175/5754
f 5755/4177/5755 5745/4164/5745 5747/4166/5747
f 5747/4166/5747 5754/4175/5754 5755/4177/5755
f 5750/4169/5750 5756/4178/5756 5748/4167/5748
f 5750/4169/5750 5751/4170/5751 5757/4179/5757
f 5743/4174/5743 5758/4180/5758 5753/4172/5753
f 5759/4181/5759 5755/4177/5755 5754/4175/5754
f 5760/4182/5760 5756/4178/5756 5750/4169/5750
f 5750/4169/5750 5757/4179/5757 5760/4182/5760
f 5761/4183/5761 5753/4172/5753 5758/4180/5758
f 5758/4180/5758 5762/4184/5762 5761/4183/5761
f 5761/4183/5761 5754/4185/5754 5753/4172/5753
f 5763/4186/5763 5759/4181/5759 5754/4175/5754
f 5754/4175/5754 5761/4187/5761 5763/4186/5763
f 5764/4188/5764 5765/4189/5765 5756/4178/5756
f 5766/4190/5766 5764/4188/5764 5756/4178/5756
f 5756/4178/5756 5760/4182/5760 5766/4190/5766
f 5767/4191/5767 5761/4183/5761 5762/4184/5762
f 5761/4183/5761 5767/4191/5767 5763/4192/5763
f 5762/4184/5762 5768/4193/5768 5767/4191/5767
f 5769/4194/5769 5763/4192/5763 5767/4191/5767
f 5765/4189/5765 5764/4188/5764 5770/4195/5770
f 5771/4196/5771 5770/4197/5770 5764/4198/5764
f 5764/4198/5764 5766/4199/5766 5771/4196/5771
f 5772/4200/5772 5767/4201/5767 5768/4202/5768
f 5768/4202/5768 5773/4203/5773 5772/4200/5772
f 5774/4204/5774 5769/4205/5769 5767/4201/5767
f 5767/4201/5767 5772/4200/5772 5774/4204/5774
f 5775/4206/5775 5776/4207/5776 5765/4208/5765
f 5765/4208/5765 5770/4197/5770 5775/4206/5775
f 5777/4209/5777 5775/4206/5775 5770/4197/5770
f 5770/4197/5770 5771/4196/5771 5777/4209/5777
f 5778/4210/5778 5772/4200/5772 5773/4203/5773
f 5772/4200/5772 5778/4210/5778 5779/4211/5779
f 5780/4212/5780 5774/4204/5774 5772/4200/5772
f 5772/4200/5772 5779/4211/5779 5780/4212/5780
f 5775/4206/5775 5777/4209/5777 5781/4213/5781
f 5773/4203/5773 5782/4214/5782 5778/4210/5778
f 5783/4215/5783 5780/4212/5780 5779/4211/5779
f 5776/4207/5776 5775/4206/5775 5784/4216/5784
f 5785/4217/5785 5784/4216/5784 5775/4206/5775
f 5775/4206/5775 5781/4213/5781 5785/4217/5785
f 5786/4218/5786 5778/4210/5778 5782/4214/5782
f 5782/4214/5782 5787/4219/5787 5786/4218/5786
f 5786/4218/5786 5779/4211/5779 5778/4210/5778
f 5788/4220/5788 5783/4215/5783 5779/4211/5779
f 5779/4211/5779 5786/4218/5786 5788/4220/5788
f 5789/4221/5789 5790/4222/5790 5776/4223/5776
f 5776/4223/5776 5784/4224/5784 5789/4221/5789
f 5791/4225/5791 5789/4221/5789 5784/4224/5784
f 5784/4216/5784 5785/4217/5785 5791/4226/5791
f 5792/4227/5792 5786/4228/5786 5787/4229/5787
f 5787/4229/5787 5793/4230/5793 5792/4227/5792
f 5794/4231/5794 5788/4220/5788 5786/4218/5786
f 5786/4218/5786 5792/4232/5792 5794/4231/5794
f 5789/4221/5789 5791/4225/5791 5795/4233/5795
f 5796/4234/5796 5794/4235/5794 5792/4236/5792
f 5790/4222/5790 5789/4221/5789 5797/4237/5797
f 5798/4238/5798 5797/4237/5797 5789/4221/5789
f 5789/4221/5789 5795/4233/5795 5798/4238/5798
f 5799/4239/5799 5792/4227/5792 5793/4230/5793
f 5793/4230/5793 5800/4240/5800 5799/4239/5799
f 5792/4227/5792 5799/4239/5799 5801/4241/5801
f 5802/4242/5802 5796/4243/5796 5792/4244/5792
f 5792/4244/5792 5801/4245/5801 5802/4242/5802
f 5790/4222/5790 5797/4237/5797 5803/4246/5803
f 5804/4247/5804 5803/4246/5803 5797/4237/5797
f 5797/4237/5797 5798/4238/5798 5804/4247/5804
f 5800/4240/5800 5805/4248/5805 5799/4239/5799
f 5806/4249/5806 5802/4242/5802 5801/4245/5801
f 5803/4246/5803 5748/4250/5748 5790/4222/5790
f 5803/4246/5803 5804/4247/5804 5807/4251/5807
f 5806/4249/5806 5801/4245/5801 5746/4165/5746
f 5748/4250/5748 5803/4246/5803 5749/4252/5749
f 5752/4253/5752 5749/4252/5749 5803/4246/5803
f 5803/4246/5803 5807/4251/5807 5752/4253/5752
f 5744/4163/5744 5808/4254/5808 5805/4255/5805
f 5805/4255/5805 5742/4161/5742 5744/4163/5744
f 5747/4166/5747 5801/4245/5801 5808/4254/5808
f 5808/4254/5808 5744/4163/5744 5747/4166/5747
f 5801/4245/5801 5747/4166/5747 5746/4165/5746
f 5756/4178/5756 5765/4189/5765 5748/4167/5748
f 5765/4256/5765 5776/4223/5776 5748/4250/5748
f 5776/4223/5776 5790/4222/5790 5748/4250/5748
f 5809/4257/5809 5810/4258/5810 5811/4259/5811
f 5812/4260/5812 5813/4261/5813 5811/4262/5811
f 5814/4263/5814 5815/4264/5815 5816/4265/5816
f 5817/4266/5817 5818/4267/5818 5819/4268/5819
f 5820/4269/5820 5821/4270/5821 5822/4271/5822
f 5823/4272/5823 5822/4273/5822 5821/4274/5821
f 5821/4274/5821 5824/4275/5824 5823/4272/5823
f 5815/4276/5815 5825/4277/5825 5826/4278/5826
f 5827/4279/5827 5819/4268/5819 5826/4280/5826
f 5827/4279/5827 5817/4266/5817 5819/4268/5819
f 5820/4281/5820 5822/4273/5822 5828/4282/5828
f 5823/4272/5823 5828/4282/5828 5822/4273/5822
f 5829/4283/5829 5826/4278/5826 5825/4277/5825
f 5825/4277/5825 5830/4284/5830 5829/4283/5829
f 5826/4285/5826 5829/4286/5829 5827/4287/5827
f 5831/4288/5831 5817/4266/5817 5827/4279/5827
f 5828/4282/5828 5832/4289/5832 5820/4281/5820
f 5828/4282/5828 5823/4272/5823 5833/4290/5833
f 5830/4291/5830 5834/4292/5834 5829/4286/5829
f 5835/4293/5835 5831/4294/5831 5827/4287/5827
f 5832/4289/5832 5828/4282/5828 5836/4295/5836
f 5837/4296/5837 5836/4295/5836 5828/4282/5828
f 5828/4282/5828 5833/4290/5833 5837/4296/5837
f 5838/4297/5838 5829/4286/5829 5834/4292/5834
f 5839/4298/5839 5827/4287/5827 5829/4286/5829
f 5829/4286/5829 5838/4297/5838 5839/4298/5839
f 5827/4287/5827 5839/4298/5839 5835/4293/5835
f 5834/4292/5834 5840/4299/5840 5838/4297/5838
f 5835/4293/5835 5839/4298/5839 5841/4300/5841
f 5842/4301/5842 5843/4302/5843 5832/4303/5832
f 5832/4303/5832 5836/4304/5836 5842/4301/5842
f 5844/4305/5844 5842/4301/5842 5836/4304/5836
f 5836/4304/5836 5837/4306/5837 5844/4305/5844
f 5845/4307/5845 5838/4297/5838 5840/4299/5840
f 5840/4299/5840 5846/4308/5846 5845/4307/5845
f 5847/4309/5847 5839/4298/5839 5838/4297/5838
f 5838/4297/5838 5845/4307/5845 5847/4309/5847
f 5839/4298/5839 5847/4309/5847 5848/4310/5848
f 5848/4310/5848 5841/4300/5841 5839/4298/5839
f 5842/4301/5842 5844/4305/5844 5849/4311/5849
f 5850/4312/5850 5848/4310/5848 5847/4309/5847
f 5851/4313/5851 5852/4314/5852 5843/4302/5843
f 5843/4302/5843 5842/4301/5842 5851/4313/5851
f 5853/4315/5853 5851/4313/5851 5842/4301/5842
f 5842/4301/5842 5849/4311/5849 5853/4315/5853
f 5854/4316/5854 5845/4317/5845 5846/4318/5846
f 5846/4318/5846 5855/4319/5855 5854/4316/5854
f 5856/4320/5856 5847/4321/5847 5845/4317/5845
f 5845/4317/5845 5854/4316/5854 5856/4320/5856
f 5856/4322/5856 5850/4312/5850 5847/4309/5847
f 5850/4312/5850 5856/4322/5856 5857/4323/5857
f 5852/4314/5852 5851/4313/5851 5858/4324/5858
f 5859/4325/5859 5858/4324/5858 5851/4313/5851
f 5851/4313/5851 5853/4315/5853 5859/4325/5859
f 5855/4319/5855 5860/4326/5860 5854/4316/5854
f 5861/4327/5861 5856/4320/5856 5854/4316/5854
f 5856/4320/5856 5861/4327/5861 5857/4328/5857
f 5862/4329/5862 5857/4328/5857 5861/4327/5861
f 5852/4330/5852 5858/4331/5858 5863/4332/5863
f 5864/4333/5864 5863/4334/5863 5858/4324/5858
f 5858/4324/5858 5859/4325/5859 5864/4333/5864
f 5865/4335/5865 5866/4316/5866 5860/4326/5860
f 5860/4326/5860 5867/4336/5867 5865/4335/5865
f 5868/4337/5868 5861/4338/5861 5866/4339/5866
f 5861/4338/5861 5868/4337/5868 5869/4340/5869
f 5869/4341/5869 5862/4329/5862 5861/4327/5861
f 5863/4332/5863 5870/4342/5870 5852/4330/5852
f 5871/4343/5871 5863/4332/5863 5864/4344/5864
f 5872/4345/5872 5868/4346/5868 5867/4347/5867
f 5867/4347/5867 5873/4348/5873 5872/4345/5872
f 5868/4346/5868 5872/4345/5872 5874/4349/5874
f 5875/4350/5875 5869/4351/5869 5868/4352/5868
f 5868/4352/5868 5874/4353/5874 5875/4350/5875
f 5870/4342/5870 5863/4332/5863 5876/4354/5876
f 5877/4355/5877 5876/4354/5876 5863/4332/5863
f 5863/4332/5863 5871/4343/5871 5877/4355/5877
f 5878/4356/5878 5875/4350/5875 5874/4353/5874
f 5876/4354/5876 5877/4355/5877 5879/4357/5879
f 5873/4358/5873 5814/4263/5814 5880/4359/5880
f 5878/4356/5878 5874/4353/5874 5881/4360/5881
f 5870/4342/5870 5876/4354/5876 5821/4270/5821
f 5882/4361/5882 5821/4270/5821 5876/4354/5876
f 5876/4354/5876 5879/4357/5879 5882/4361/5882
f 5816/4265/5816 5880/4359/5880 5814/4263/5814
f 5819/4268/5819 5874/4353/5874 5880/4359/5880
f 5880/4359/5880 5816/4265/5816 5819/4268/5819
f 5874/4353/5874 5819/4268/5819 5818/4267/5818
f 5818/4267/5818 5881/4360/5881 5874/4353/5874
f 5821/4270/5821 5820/4269/5820 5870/4342/5870
f 5821/4270/5821 5882/4361/5882 5824/4362/5824
f 5843/4363/5843 5852/4330/5852 5832/4364/5832
f 5852/4330/5852 5870/4342/5870 5832/4364/5832
f 5870/4342/5870 5820/4269/5820 5832/4364/5832
f 5883/4365/5883 5884/4366/5884 5885/4367/5885
f 5886/4368/5886 5887/4369/5887 5885/4370/5885
f 5888/4371/5888 5889/4372/5889 5890/4373/5890
f 5890/4373/5890 5891/4374/5891 5888/4371/5888
f 5892/4375/5892 5893/4376/5893 5889/4372/5889
f 5889/4372/5889 5888/4371/5888 5892/4375/5892
f 5892/4375/5892 5894/4377/5894 5893/4376/5893
f 5894/4377/5894 5892/4375/5892 5895/4378/5895
f 5896/4379/5896 5897/4380/5897 5898/4381/5898
f 5899/4382/5899 5898/4381/5898 5897/4380/5897
f 5900/4383/5900 5901/4384/5901 5902/4385/5902
f 5897/4380/5897 5903/4386/5903 5895/4387/5895
f 5891/4374/5891 5904/4388/5904 5888/4371/5888
f 5905/4389/5905 5892/4375/5892 5888/4371/5888
f 5892/4375/5892 5905/4389/5905 5895/4378/5895
f 5896/4379/5896 5898/4381/5898 5906/4390/5906
f 5895/4391/5895 5906/4390/5906 5898/4381/5898
f 5898/4381/5898 5899/4382/5899 5895/4391/5895
f 5907/4392/5907 5888/4371/5888 5904/4388/5904
f 5888/4371/5888 5907/4392/5907 5905/4389/5905
f 5908/4393/5908 5895/4378/5895 5905/4389/5905
f 5906/4390/5906 5909/4394/5909 5896/4379/5896
f 5910/4395/5910 5906/4390/5906 5895/4391/5895
f 5904/4388/5904 5911/4396/5911 5907/4392/5907
f 5912/4397/5912 5905/4389/5905 5907/4392/5907
f 5913/4398/5913 5908/4393/5908 5905/4389/5905
f 5905/4389/5905 5912/4397/5912 5913/4398/5913
f 5909/4394/5909 5906/4390/5906 5914/4399/5914
f 5915/4400/5915 5914/4401/5914 5906/4402/5906
f 5906/4402/5906 5910/4403/5910 5915/4400/5915
f 5916/4404/5916 5907/4405/5907 5911/4406/5911
f 5911/4406/5911 5917/4407/5917 5916/4404/5916
f 5907/4405/5907 5916/4404/5916 5912/4408/5912
f 5918/4409/5918 5913/4410/5913 5912/4408/5912
f 5914/4401/5914 5915/4400/5915 5919/4411/5919
f 5920/4412/5920 5912/4408/5912 5916/4404/5916
f 5912/4408/5912 5920/4412/5920 5918/4409/5918
f 5921/4413/5921 5922/4414/5922 5909/4415/5909
f 5909/4415/5909 5914/4401/5914 5921/4413/5921
f 5919/4411/5919 5921/4413/5921 5914/4401/5914
f 5923/4416/5923 5916/4404/5916 5917/4407/5917
f 5917/4407/5917 5924/4417/5924 5923/4416/5923
f 5916/4404/5916 5923/4416/5923 5920/4412/5920
f 5925/4418/5925 5918/4409/5918 5920/4412/5920
f 5922/4414/5922 5921/4413/5921 5926/4419/5926
f 5927/4420/5927 5926/4419/5926 5921/4413/5921
f 5921/4413/5921 5919/4411/5919 5927/4420/5927
f 5924/4417/5924 5928/4421/5928 5923/4416/5923
f 5929/4422/5929 5920/4412/5920 5923/4416/5923
f 5930/4423/5930 5925/4418/5925 5920/4412/5920
f 5920/4412/5920 5929/4422/5929 5930/4423/5930
f 5926/4419/5926 5927/4420/5927 5931/4424/5931
f 5932/4425/5932 5923/4416/5923 5928/4421/5928
f 5928/4421/5928 5933/4426/5933 5932/4425/5932
f 5923/4416/5923 5932/4425/5932 5929/4422/5929
f 5934/4427/5934 5930/4423/5930 5929/4422/5929
f 5935/4428/5935 5936/4429/5936 5922/4430/5922
f 5922/4430/5922 5926/4431/5926 5935/4428/5935
f 5937/4432/5937 5935/4433/5935 5926/4434/5926
f 5938/4435/5938 5937/4432/5937 5926/4434/5926
f 5926/4434/5926 5931/4436/5931 5938/4435/5938
f 5939/4437/5939 5929/4438/5929 5932/4439/5932
f 5929/4438/5929 5939/4437/5939 5934/4440/5934
f 5936/4429/5936 5935/4428/5935 5940/4441/5940
f 5937/4442/5937 5940/4441/5940 5935/4428/5935
f 5933/4443/5933 5941/4444/5941 5942/4445/5942
f 5934/4440/5934 5939/4437/5939 5943/4446/5943
f 5944/4447/5944 5940/4441/5940 5937/4442/5937
f 5945/4448/5945 5934/4440/5934 5943/4446/5943
f 5946/4449/5946 5942/4450/5942 5941/4451/5941
f 5941/4444/5941 5947/4452/5947 5946/4453/5946
f 5946/4453/5946 5939/4437/5939 5942/4445/5942
f 5939/4437/5939 5946/4453/5946 5948/4454/5948
f 5948/4454/5948 5943/4446/5943 5939/4437/5939
f 5936/4429/5936 5940/4441/5940 5949/4455/5949
f 5950/4456/5950 5949/4455/5949 5940/4441/5940
f 5940/4441/5940 5944/4447/5944 5950/4456/5950
f 5951/4457/5951 5946/4453/5946 5947/4452/5947
f 5952/4458/5952 5948/4454/5948 5946/4453/5946
f 5946/4453/5946 5951/4457/5951 5952/4458/5952
f 5953/4459/5953 5954/4460/5954 5936/4429/5936
f 5936/4429/5936 5949/4455/5949 5953/4459/5953
f 5955/4461/5955 5953/4459/5953 5949/4455/5949
f 5949/4455/5949 5950/4456/5950 5955/4461/5955
f 5947/4452/5947 5956/4462/5956 5951/4457/5951
f 5957/4463/5957 5952/4458/5952 5951/4457/5951
f 5953/4459/5953 5955/4461/5955 5958/4464/5958
f 5889/4465/5889 5951/4466/5951 5956/4467/5956
f 5956/4467/5956 5890/4468/5890 5889/4465/5889
f 5951/4457/5951 5889/4469/5889 5893/4470/5893
f 5951/4457/5951 5893/4470/5893 5957/4463/5957
f 5959/4471/5959 5896/4379/5896 5954/4472/5954
f 5954/4472/5954 5953/4473/5953 5959/4471/5959
f 5958/4474/5958 5959/4471/5959 5953/4473/5953
f 5894/4377/5894 5957/4475/5957 5893/4376/5893
f 5896/4379/5896 5959/4471/5959 5897/4380/5897
f 5903/4386/5903 5897/4380/5897 5959/4471/5959
f 5959/4471/5959 5958/4474/5958 5903/4386/5903
f 5896/4379/5896 5909/4394/5909 5960/4476/5960
f 5909/4394/5909 5922/4477/5922 5960/4476/5960
f 5922/4477/5922 5936/4478/5936 5960/4476/5960
f 5936/4478/5936 5954/4472/5954 5960/4476/5960
f 5954/4472/5954 5896/4379/5896 5960/4476/5960
f 5961/4479/5961 5962/4480/5962 5963/4481/5963
f 5964/4482/5964 5965/4483/5965 5963/4484/5963
f 5966/4485/5966 5967/4486/5967 5968/4487/5968
f 5968/4487/5968 5969/4488/5969 5966/4485/5966
f 5966/4485/5966 5970/4489/5970 5967/4486/5967
f 5971/4490/5971 5972/4491/5972 5970/4489/5970
f 5970/4489/5970 5966/4485/5966 5971/4490/5971
f 5973/4492/5973 5974/4493/5974 5975/4494/5975
f 5975/4494/5975 5976/4495/5976 5973/4492/5973
f 5977/4496/5977 5973/4492/5973 5976/4495/5976
f 5976/4495/5976 5978/4497/5978 5977/4496/5977
f 5979/4498/5979 5966/4499/5966 5969/4500/5969
f 5969/4500/5969 5980/4501/5980 5979/4498/5979
f 5981/4502/5981 5971/4503/5971 5966/4504/5966
f 5966/4504/5966 5979/4505/5979 5981/4502/5981
f 5974/4493/5974 5973/4492/5973 5982/4506/5982
f 5983/4507/5983 5982/4506/5982 5973/4492/5973
f 5973/4492/5973 5977/4496/5977 5983/4507/5983
f 5984/4508/5984 5981/4502/5981 5979/4505/5979
f 5982/4506/5982 5983/4507/5983 5985/4509/5985
f 5986/4510/5986 5979/4505/5979 5980/4511/5980
f 5980/4511/5980 5987/4512/5987 5986/4510/5986
f 5979/4505/5979 5986/4510/5986 5988/4513/5988
f 5989/4514/5989 5984/4508/5984 5979/4505/5979
f 5979/4505/5979 5988/4513/5988 5989/4514/5989
f 5990/4515/5990 5991/4516/5991 5974/4493/5974
f 5974/4493/5974 5982/4506/5982 5990/4515/5990
f 5992/4517/5992 5990/4515/5990 5982/4506/5982
f 5982/4506/5982 5985/4509/5985 5992/4517/5992
f 5993/4518/5993 5986/4510/5986 5987/4512/5987
f 5987/4512/5987 5994/4519/5994 5993/4518/5993
f 5986/4510/5986 5993/4518/5993 5988/4513/5988
f 5995/4520/5995 5989/4514/5989 5988/4513/5988
f 5990/4515/5990 5992/4517/5992 5996/4521/5996
f 5997/4522/5997 5988/4513/5988 5993/4518/5993
f 5998/4523/5998 5995/4520/5995 5988/4513/5988
f 5988/4513/5988 5997/4522/5997 5998/4523/5998
f 5990/4524/5990 5996/4525/5996 5999/4526/5999
f 5994/4527/5994 6000/4528/6000 6001/4529/6001
f 6002/4530/6002 5998/4523/5998 5997/4522/5997
f 6003/4531/6003 6004/4532/6004 5991/4533/5991
f 5991/4533/5991 5990/4524/5990 6003/4531/6003
f 6005/4534/6005 6003/4531/6003 5990/4524/5990
f 5990/4524/5990 5999/4526/5999 6005/4534/6005
f 6006/4535/6006 6001/4529/6001 6000/4528/6000
f 6007/4536/6007 5997/4537/5997 6001/4538/6001
f 6001/4529/6001 6006/4535/6006 6007/4539/6007
f 6008/4540/6008 6002/4541/6002 5997/4537/5997
f 5997/4537/5997 6007/4536/6007 6008/4540/6008
f 6003/4531/6003 6005/4534/6005 6009/4542/6009
f 6000/4528/6000 6010/4543/6010 6006/4535/6006
f 6011/4544/6011 6008/4540/6008 6007/4536/6007
f 6004/4532/6004 6003/4531/6003 6012/4545/6012
f 6013/4546/6013 6012/4545/6012 6003/4531/6003
f 6003/4531/6003 6009/4542/6009 6013/4546/6013
f 6014/4547/6014 6006/4548/6006 6010/4549/6010
f 6010/4549/6010 6015/4550/6015 6014/4547/6014
f 6016/4551/6016 6007/4536/6007 6006/4548/6006
f 6006/4548/6006 6014/4547/6014 6016/4551/6016
f 6007/4536/6007 6016/4551/6016 6011/4544/6011
f 6013/4546/6013 6017/4552/6017 6012/4545/6012
f 6015/4550/6015 6018/4553/6018 6014/4547/6014
f 6019/4554/6019 6011/4544/6011 6016/4551/6016
f 6013/4555/6013 6020/4556/6020 6021/4557/6021
f 6022/4558/6022 6023/4559/6023 6004/4560/6004
f 6004/4560/6004 6012/4561/6012 6022/4558/6022
f 6024/4562/6024 6022/4558/6022 6012/4561/6012
f 6012/4561/6012 6017/4563/6017 6024/4562/6024
f 6025/4564/6025 6026/4565/6026 6027/4566/6027
f 6027/4566/6027 6011/4567/6011 6025/4564/6025
f 6028/4568/6028 6014/4547/6014 6018/4553/6018
f 6018/4553/6018 6029/4569/6029 6028/4568/6028
f 6030/4570/6030 6016/4551/6016 6014/4547/6014
f 6014/4547/6014 6028/4568/6028 6030/4570/6030
f 6030/4570/6030 6019/4554/6019 6016/4551/6016
f 6019/4554/6019 6030/4570/6030 6025/4571/6025
f 6022/4558/6022 6024/4562/6024 6021/4572/6021
f 6031/4573/6031 6025/4571/6025 6030/4570/6030
f 6023/4559/6023 6022/4558/6022 6032/4574/6032
f 6022/4558/6022 6021/4572/6021 6032/4574/6032
f 6033/4575/6033 6032/4574/6032 6021/4572/6021
f 6029/4576/6029 6034/4577/6034 6035/4578/6035
f 6036/4579/6036 6031/4573/6031 6030/4570/6030
f 6032/4574/6032 6033/4575/6033 6037/4580/6037
f 5967/4486/5967 6035/4578/6035 6034/4577/6034
f 6034/4577/6034 5968/4487/5968 5967/4486/5967
f 5970/4489/5970 6030/4581/6030 6035/4578/6035
f 6035/4578/6035 5967/4486/5967 5970/4489/5970
f 6038/4582/6038 6036/4583/6036 6030/4581/6030
f 6030/4581/6030 5970/4489/5970 6038/4582/6038
f 5976/4584/5976 5975/4585/5975 6023/4559/6023
f 6023/4559/6023 6032/4574/6032 5976/4584/5976
f 6039/4586/6039 5976/4584/5976 6032/4574/6032
f 6032/4574/6032 6037/4580/6037 6039/4586/6039
f 5972/4491/5972 6038/4582/6038 5970/4489/5970
f 5976/4495/5976 6039/4587/6039 5978/4497/5978
f 5975/4585/5975 5974/4588/5974 5991/4589/5991
f 6004/4560/6004 6023/4559/6023 5991/4589/5991
f 6023/4559/6023 5975/4585/5975 5991/4589/5991
f 6040/4590/6040 6041/4591/6041 6042/4592/6042
f 6043/4593/6043 6044/4594/6044 6045/4595/6045
f 6046/4596/6046 6047/4597/6047 6045/4595/6045
f 6048/4598/6048 6049/4599/6049 6047/4597/6047
f 6047/4597/6047 6046/4596/6046 6048/4598/6048
f 6050/4600/6050 6051/4601/6051 6052/4602/6052
f 6053/4603/6053 6052/4602/6052 6051/4601/6051
f 6051/4601/6051 6054/4604/6054 6053/4603/6053
f 6055/4605/6055 6045/4595/6045 6044/4594/6044
f 6044/4594/6044 6056/4606/6056 6055/4605/6055
f 6045/4595/6045 6055/4605/6055 6046/4596/6046
f 6057/4607/6057 6048/4598/6048 6046/4596/6046
f 6052/4602/6052 6058/4608/6058 6050/4600/6050
f 6052/4602/6052 6053/4603/6053 6059/4609/6059
f 6060/4610/6060 6046/4611/6046 6055/4612/6055
f 6061/4613/6061 6057/4614/6057 6046/4611/6046
f 6046/4611/6046 6060/4610/6060 6061/4613/6061
f 6058/4608/6058 6052/4602/6052 6062/4615/6062
f 6063/4616/6063 6062/4615/6062 6052/4602/6052
f 6052/4602/6052 6059/4609/6059 6063/4616/6063
f 6056/4617/6056 6064/4618/6064 6065/4612/6065
f 6066/4619/6066 6061/4613/6061 6060/4610/6060
f 6062/4615/6062 6063/4616/6063 6067/4620/6067
f 6068/4621/6068 6065/4612/6065 6064/4618/6064
f 6064/4618/6064 6069/4622/6069 6068/4621/6068
f 6065/4612/6065 6068/4621/6068 6060/4610/6060
f 6070/4623/6070 6066/4619/6066 6060/4610/6060
f 6071/4624/6071 6072/4625/6072 6058/4608/6058
f 6058/4608/6058 6062/4615/6062 6071/4624/6071
f 6073/4626/6073 6071/4627/6071 6062/4628/6062
f 6062/4628/6062 6067/4629/6067 6073/4626/6073
f 6069/4622/6069 6074/4630/6074 6068/4621/6068
f 6075/4631/6075 6060/4610/6060 6068/4621/6068
f 6076/4632/6076 6070/4623/6070 6060/4610/6060
f 6060/4610/6060 6075/4631/6075 6076/4632/6076
f 6072/4633/6072 6071/4627/6071 6077/4634/6077
f 6078/4635/6078 6077/4634/6077 6071/4627/6071
f 6071/4627/6071 6073/4626/6073 6078/4635/6078
f 6079/4636/6079 6068/4621/6068 6074/4630/6074
f 6074/4630/6074 6080/4637/6080 6079/4636/6079
f 6068/4621/6068 6079/4636/6079 6075/4631/6075
f 6081/4638/6081 6076/4632/6076 6075/4631/6075
f 6077/4634/6077 6078/4635/6078 6082/4639/6082
f 6083/4640/6083 6075/4631/6075 6079/4636/6079
f 6084/4641/6084 6081/4638/6081 6075/4631/6075
f 6075/4631/6075 6083/4640/6083 6084/4641/6084
f 6072/4633/6072 6077/4634/6077 6085/4642/6085
f 6086/4643/6086 6085/4642/6085 6077/4634/6077
f 6077/4634/6077 6082/4639/6082 6086/4643/6086
f 6080/4644/6080 6087/4645/6087 6088/4646/6088
f 6089/4647/6089 6084/4648/6084 6083/4649/6083
f 6085/4642/6085 6090/4650/6090 6072/4633/6072
f 6085/4651/6085 6086/4652/6086 6091/4653/6091
f 6092/4654/6092 6088/4646/6088 6087/4645/6087
f 6087/4645/6087 6093/4655/6093 6092/4654/6092
f 6094/4656/6094 6083/4657/6083 6088/4658/6088
f 6088/4658/6088 6092/4659/6092 6094/4656/6094
f 6094/4656/6094 6089/4660/6089 6083/4657/6083
f 6090/4661/6090 6085/4662/6085 6095/4663/6095
f 6091/4664/6091 6095/4663/6095 6085/4662/6085
f 6093/4665/6093 6096/4666/6096 6092/4659/6092
f 6097/4667/6097 6089/4660/6089 6094/4656/6094
f 6095/4663/6095 6091/4664/6091 6098/4668/6098
f 6099/4669/6099 6092/4659/6092 6096/4666/6096
f 6092/4659/6092 6099/4669/6099 6094/4656/6094
f 6100/4670/6100 6097/4667/6097 6094/4656/6094
f 6101/4671/6101 6102/4672/6102 6090/4661/6090
f 6090/4661/6090 6095/4663/6095 6101/4671/6101
f 6103/4673/6103 6101/4671/6101 6095/4663/6095
f 6095/4663/6095 6098/4668/6098 6103/4673/6103
f 6096/4666/6096 6104/4674/6104 6099/4669/6099
f 6105/4675/6105 6094/4656/6094 6099/4669/6099
f 6106/4676/6106 6100/4670/6100 6094/4656/6094
f 6094/4656/6094 6105/4675/6105 6106/4676/6106
f 6102/4672/6102 6101/4671/6101 6107/4677/6107
f 6108/4678/6108 6107/4677/6107 6101/4671/6101
f 6101/4671/6101 6103/4673/6103 6108/4678/6108
f 6109/4679/6109 6099/4669/6099 6104/4674/6104
f 6104/4674/6104 6110/4680/6110 6109/4679/6109
f 6099/4681/6099 6109/4682/6109 6105/4683/6105
f 6110/4684/6110 6043/4593/6043 6109/4682/6109
f 6047/4597/6047 6105/4683/6105 6109/4682/6109
f 6111/4685/6111 6106/4686/6106 6105/4683/6105
f 6105/4683/6105 6047/4597/6047 6111/4685/6111
f 6051/4601/6051 6050/4600/6050 6102/4687/6102
f 6102/4687/6102 6107/4688/6107 6051/4601/6051
f 6112/4689/6112 6051/4690/6051 6107/4677/6107
f 6107/4677/6107 6108/4678/6108 6112/4689/6112
f 6045/4595/6045 6109/4682/6109 6043/4593/6043
f 6109/4682/6109 6045/4595/6045 6047/4597/6047
f 6049/4599/6049 6111/4685/6111 6047/4597/6047
f 6051/4601/6051 6112/4691/6112 6054/4604/6054
f 6072/4625/6072 6090/4692/6090 6058/4608/6058
f 6090/4692/6090 6102/4687/6102 6058/4608/6058
f 6102/4687/6102 6050/4600/6050 6058/4608/6058
f 6113/4693/6113 6114/4694/6114 6115/4695/6115
f 6116/4696/6116 6117/4697/6117 6115/4698/6115
f 6118/4699/6118 6119/4700/6119 6120/4701/6120
f 6120/4701/6120 6121/4702/6121 6118/4699/6118
f 6119/4703/6119 6118/4704/6118 6122/4705/6122
f 6123/4706/6123 6124/4707/6124 6122/4705/6122
f 6125/4708/6125 6126/4709/6126 6127/4710/6127
f 6128/4711/6128 6118/4699/6118 6121/4702/6121
f 6121/4702/6121 6129/4712/6129 6128/4711/6128
f 6130/4713/6130 6122/4714/6122 6118/4699/6118
f 6118/4699/6118 6128/4711/6128 6130/4713/6130
f 6131/4715/6131 6123/4706/6123 6122/4705/6122
f 6122/4705/6122 6130/4716/6130 6131/4715/6131
f 6132/4717/6132 6133/4718/6133 6125/4708/6125
f 6134/4719/6134 6132/4717/6132 6125/4708/6125
f 6125/4708/6125 6127/4710/6127 6134/4719/6134
f 6135/4720/6135 6131/4715/6131 6130/4716/6130
f 6133/4718/6133 6132/4717/6132 6136/4721/6136
f 6137/4722/6137 6136/4721/6136 6132/4717/6132
f 6132/4717/6132 6134/4719/6134 6137/4722/6137
f 6129/4712/6129 6138/4723/6138 6139/4711/6139
f 6140/4724/6140 6130/4713/6130 6139/4711/6139
f 6141/4725/6141 6135/4726/6135 6130/4713/6130
f 6130/4713/6130 6140/4724/6140 6141/4725/6141
f 6136/4721/6136 6137/4722/6137 6142/4727/6142
f 6143/4728/6143 6139/4729/6139 6138/4730/6138
f 6138/4730/6138 6144/4731/6144 6143/4728/6143
f 6139/4732/6139 6143/4733/6143 6140/4734/6140
f 6145/4735/6145 6141/4725/6141 6140/4724/6140
f 6146/4736/6146 6147/4737/6147 6133/4738/6133
f 6133/4738/6133 6136/4739/6136 6146/4736/6146
f 6148/4740/6148 6146/4736/6146 6136/4739/6136
f 6136/4739/6136 6142/4741/6142 6148/4740/6148
f 6149/4742/6149 6140/4734/6140 6143/4733/6143
f 6140/4734/6140 6149/4742/6149 6145/4743/6145
f 6147/4737/6147 6146/4736/6146 6150/4744/6150
f 6148/4740/6148 6150/4744/6150 6146/4736/6146
f 6144/4745/6144 6151/4746/6151 6152/4733/6152
f 6153/4747/6153 6145/4743/6145 6149/4742/6149
f 6150/4744/6150 6148/4740/6148 6154/4748/6154
f 6155/4749/6155 6152/4733/6152 6151/4746/6151
f 6156/4750/6156 6149/4742/6149 6152/4733/6152
f 6152/4733/6152 6155/4749/6155 6156/4750/6156
f 6157/4751/6157 6153/4747/6153 6149/4742/6149
f 6149/4742/6149 6156/4750/6156 6157/4751/6157
f 6158/4752/6158 6159/4753/6159 6147/4737/6147
f 6147/4737/6147 6150/4744/6150 6158/4752/6158
f 6160/4754/6160 6158/4752/6158 6150/4744/6150
f 6150/4744/6150 6154/4748/6154 6160/4754/6160
f 6151/4746/6151 6161/4755/6161 6155/4749/6155
f 6162/4756/6162 6157/4751/6157 6156/4750/6156
f 6158/4752/6158 6160/4754/6160 6163/4757/6163
f 6164/4758/6164 6155/4759/6155 6161/4760/6161
f 6161/4760/6161 6165/4761/6165 6164/4758/6164
f 6166/4762/6166 6156/4750/6156 6155/4749/6155
f 6155/4749/6155 6164/4763/6164 6166/4762/6166
f 6156/4750/6156 6166/4762/6166 6162/4756/6162
f 6159/4753/6159 6158/4752/6158 6167/4764/6167
f 6163/4765/6163 6167/4766/6167 6158/4767/6158
f 6165/4761/6165 6168/4768/6168 6164/4758/6164
f 6169/4769/6169 6162/4756/6162 6166/4762/6166
f 6170/4770/6170 6171/4771/6171 6159/4772/6159
f 6159/4772/6159 6167/4766/6167 6170/4770/6170
f 6172/4773/6172 6170/4770/6170 6167/4766/6167
f 6167/4766/6167 6163/4765/6163 6172/4773/6172
f 6173/4774/6173 6164/4758/6164 6168/4768/6168
f 6168/4768/6168 6174/4775/6174 6173/4774/6173
f 6173/4774/6173 6166/4776/6166 6164/4758/6164
f 6175/4777/6175 6169/4778/6169 6166/4779/6166
f 6166/4779/6166 6176/4780/6176 6175/4777/6175
f 6170/4770/6170 6172/4773/6172 6177/4781/6177
f 6178/4782/6178 6173/4774/6173 6174/4775/6174
f 6176/4780/6176 6178/4783/6178 6179/4784/6179
f 6180/4785/6180 6175/4777/6175 6176/4780/6176
f 6176/4780/6176 6179/4784/6179 6180/4785/6180
f 6181/4786/6181 6182/4787/6182 6171/4771/6171
f 6171/4771/6171 6170/4770/6170 6181/4786/6181
f 6183/4788/6183 6181/4786/6181 6170/4770/6170
f 6170/4770/6170 6177/4781/6177 6183/4788/6183
f 6174/4789/6174 6184/4790/6184 6178/4783/6178
f 6185/4791/6185 6180/4785/6180 6179/4784/6179
f 6181/4786/6181 6183/4788/6183 6186/4792/6186
f 6119/4703/6119 6178/4783/6178 6184/4790/6184
f 6184/4790/6184 6120/4793/6120 6119/4703/6119
f 6178/4783/6178 6119/4703/6119 6187/4784/6187
f 6124/4707/6124 6185/4791/6185 6187/4784/6187
f 6126/4794/6126 6182/4795/6182 6181/4796/6181
f 6181/4796/6181 6186/4797/6186 6126/4794/6126
f 6122/4705/6122 6187/4784/6187 6119/4703/6119
f 6187/4784/6187 6122/4705/6122 6124/4707/6124
f 6126/4709/6126 6125/4708/6125 6182/4798/6182
f 6147/4737/6147 6159/4753/6159 6133/4738/6133
f 6159/4753/6159 6171/4799/6171 6133/4738/6133
f 6171/4799/6171 6182/4800/6182 6133/4738/6133
f 6182/4800/6182 6125/4801/6125 6133/4738/6133
f 6188/4802/6188 6189/4803/6189 6190/4804/6190
f 6191/4805/6191 6192/4806/6192 6190/4807/6190
f 6193/4808/6193 6194/4809/6194 6195/4810/6195
f 6196/4811/6196 6197/4812/6197 6198/4813/6198
f 6199/4814/6199 6200/4815/6200 6201/4816/6201
f 6201/4816/6201 6202/4817/6202 6199/4814/6199
f 6203/4818/6203 6195/4810/6195 6194/4809/6194
f 6194/4809/6194 6204/4819/6204 6203/4818/6203
f 6205/4820/6205 6198/4813/6198 6195/4810/6195
f 6195/4810/6195 6203/4818/6203 6205/4820/6205
f 6206/4821/6206 6196/4811/6196 6198/4813/6198
f 6198/4813/6198 6205/4820/6205 6206/4821/6206
f 6200/4815/6200 6207/4822/6207 6201/4816/6201
f 6200/4815/6200 6199/4814/6199 6208/4823/6208
f 6204/4819/6204 6209/4824/6209 6203/4818/6203
f 6210/4825/6210 6206/4821/6206 6205/4820/6205
f 6207/4822/6207 6200/4815/6200 6211/4826/6211
f 6212/4827/6212 6211/4826/6211 6200/4815/6200
f 6200/4815/6200 6208/4823/6208 6212/4827/6212
f 6213/4828/6213 6203/4818/6203 6209/4824/6209
f 6214/4829/6214 6205/4820/6205 6203/4818/6203
f 6203/4818/6203 6213/4828/6213 6214/4829/6214
f 6215/4830/6215 6210/4825/6210 6205/4820/6205
f 6205/4820/6205 6214/4829/6214 6215/4830/6215
f 6207/4822/6207 6211/4826/6211 6216/4831/6216
f 6217/4832/6217 6216/4831/6216 6211/4826/6211
f 6211/4826/6211 6212/4827/6212 6217/4832/6217
f 6209/4824/6209 6218/4833/6218 6213/4828/6213
f 6216/4834/6216 6219/4835/6219 6207/4836/6207
f 6220/4837/6220 6213/4838/6213 6218/4839/6218
f 6218/4839/6218 6221/4840/6221 6220/4837/6220
f 6222/4841/6222 6214/4842/6214 6213/4838/6213
f 6213/4838/6213 6220/4837/6220 6222/4841/6222
f 6223/4843/6223 6215/4830/6215 6214/4829/6214
f 6214/4829/6214 6222/4844/6222 6223/4843/6223
f 6219/4835/6219 6216/4834/6216 6224/4845/6224
f 6225/4846/6225 6224/4845/6224 6216/4834/6216
f 6216/4834/6216 6217/4847/6217 6225/4846/6225
f 6226/4848/6226 6223/4849/6223 6222/4841/6222
f 6224/4845/6224 6225/4846/6225 6227/4850/6227
f 6228/4851/6228 6220/4837/6220 6221/4840/6221
f 6221/4840/6221 6229/4852/6229 6228/4851/6228
f 6230/4853/6230 6222/4841/6222 6220/4837/6220
f 6220/4837/6220 6228/4851/6228 6230/4853/6230
f 6231/4854/6231 6226/4848/6226 6222/4841/6222
f 6222/4841/6222 6230/4853/6230 6231/4854/6231
f 6232/4855/6232 6233/4856/6233 6219/4835/6219
f 6219/4835/6219 6224/4845/6224 6232/4855/6232
f 6234/4857/6234 6232/4855/6232 6224/4845/6224
f 6224/4845/6224 6227/4850/6227 6234/4857/6234
f 6229/4852/6229 6235/4858/6235 6228/4851/6228
f 6236/4859/6236 6231/4854/6231 6230/4853/6230
f 6232/4855/6232 6234/4857/6234 6237/4860/6237
f 6238/4861/6238 6228/4862/6228 6235/4863/6235
f 6235/4863/6235 6239/4864/6239 6238/4861/6238
f 6240/4865/6240 6230/4866/6230 6228/4867/6228
f 6228/4867/6228 6238/4868/6238 6240/4865/6240
f 6230/4866/6230 6240/4865/6240 6236/4869/6236
f 6233/4870/6233 6232/4871/6232 6241/4872/6241
f 6237/4860/6237 6241/4873/6241 6232/4855/6232
f 6239/4874/6239 6242/4875/6242 6238/4868/6238
f 6243/4876/6243 6236/4869/6236 6240/4865/6240
f 6244/4877/6244 6245/4878/6245 6233/4870/6233
f 6233/4870/6233 6241/4872/6241 6244/4877/6244
f 6246/4879/6246 6244/4877/6244 6241/4872/6241
f 6241/4873/6241 6237/4860/6237 6246/4880/6246
f 6247/4881/6247 6238/4868/6238 6242/4875/6242
f 6248/4882/6248 6240/4865/6240 6238/4868/6238
f 6238/4868/6238 6247/4881/6247 6248/4882/6248
f 6249/4883/6249 6243/4876/6243 6240/4865/6240
f 6240/4865/6240 6248/4882/6248 6249/4883/6249
f 6244/4877/6244 6246/4879/6246 6250/4884/6250
f 6242/4875/6242 6251/4885/6251 6247/4881/6247
f 6252/4886/6252 6253/4887/6253 6245/4878/6245
f 6245/4878/6245 6244/4877/6244 6252/4886/6252
f 6250/4884/6250 6252/4886/6252 6244/4877/6244
f 6254/4888/6254 6247/4881/6247 6251/4885/6251
f 6251/4885/6251 6255/4889/6255 6254/4888/6254
f 6256/4890/6256 6248/4882/6248 6247/4881/6247
f 6247/4881/6247 6254/4888/6254 6256/4890/6256
f 6257/4891/6257 6249/4883/6249 6248/4882/6248
f 6248/4882/6248 6256/4890/6256 6257/4891/6257
f 6253/4887/6253 6252/4886/6252 6258/4892/6258
f 6259/4893/6259 6258/4892/6258 6252/4886/6252
f 6252/4886/6252 6250/4884/6250 6259/4893/6259
f 6255/4894/6255 6193/4895/6193 6254/4896/6254
f 6197/4897/6197 6257/4891/6257 6256/4890/6256
f 6258/4892/6258 6259/4893/6259 6202/4898/6202
f 6195/4899/6195 6254/4896/6254 6193/4895/6193
f 6198/4900/6198 6256/4901/6256 6254/4896/6254
f 6254/4896/6254 6195/4899/6195 6198/4900/6198
f 6256/4902/6256 6198/4813/6198 6197/4812/6197
f 6253/4887/6253 6258/4892/6258 6201/4903/6201
f 6202/4898/6202 6201/4903/6201 6258/4892/6258
f 6219/4904/6219 6233/4870/6233 6207/4905/6207
f 6233/4870/6233 6245/4878/6245 6207/4905/6207
f 6245/4878/6245 6253/4887/6253 6207/4905/6207
f 6253/4887/6253 6201/4903/6201 6207/4905/6207
f 6260/4906/6260 6261/4907/6261 6262/4908/6262
f 6263/4909/6263 6264/4910/6264 6262/4911/6262
f 6265/4912/6265 6266/4913/6266 6267/4914/6267
f 6267/4914/6267 6268/4915/6268 6265/4912/6265
f 6269/4916/6269 6265/4912/6265 6268/4915/6268
f 6270/4917/6270 6271/4918/6271 6272/4919/6272
f 6272/4919/6272 6273/4920/6273 6270/4917/6270
f 6270/4917/6270 6274/4921/6274 6271/4918/6271
f 6275/4922/6275 6276/4923/6276 6274/4921/6274
f 6274/4921/6274 6277/4917/6277 6275/4922/6275
f 6266/4924/6266 6265/4925/6265 6278/4926/6278
f 6279/4927/6279 6278/4926/6278 6265/4925/6265
f 6265/4925/6265 6269/4928/6269 6279/4927/6279
f 6280/4929/6280 6277/4930/6277 6273/4931/6273
f 6273/4931/6273 6281/4932/6281 6280/4929/6280
f 6277/4930/6277 6280/4929/6280 6282/4933/6282
f 6277/4930/6277 6282/4933/6282 6275/4934/6275
f 6281/4932/6281 6283/4935/6283 6280/4929/6280
f 6284/4936/6284 6275/4934/6275 6282/4933/6282
f 6285/4937/6285 6286/4938/6286 6266/4924/6266
f 6266/4924/6266 6278/4926/6278 6285/4937/6285
f 6287/4939/6287 6285/4937/6285 6278/4926/6278
f 6278/4926/6278 6279/4927/6279 6287/4939/6287
f 6288/4940/6288 6280/4929/6280 6283/4935/6283
f 6289/4941/6289 6282/4933/6282 6280/4929/6280
f 6280/4929/6280 6288/4940/6288 6289/4941/6289
f 6290/4942/6290 6284/4936/6284 6282/4933/6282
f 6282/4933/6282 6289/4941/6289 6290/4942/6290
f 6286/4938/6286 6285/4937/6285 6291/4943/6291
f 6292/4944/6292 6291/4943/6291 6285/4937/6285
f 6285/4937/6285 6287/4939/6287 6292/4944/6292
f 6283/4935/6283 6293/4945/6293 6288/4940/6288
f 6294/4946/6294 6288/4940/6288 6293/4945/6293
f 6293/4947/6293 6295/4948/6295 6294/4949/6294
f 6294/4946/6294 6289/4941/6289 6288/4940/6288
f 6296/4950/6296 6290/4942/6290 6289/4941/6289
f 6289/4941/6289 6294/4946/6294 6296/4950/6296
f 6286/4951/6286 6291/4952/6291 6297/4953/6297
f 6298/4954/6298 6297/4953/6297 6291/4952/6291
f 6291/4952/6291 6292/4955/6292 6298/4954/6298
f 6299/4956/6299 6294/4957/6294 6295/4958/6295
f 6294/4957/6294 6299/4956/6299 6300/4959/6300
f 6301/4960/6301 6296/4961/6296 6294/4962/6294
f 6294/4963/6294 6300/4964/6300 6301/4965/6301
f 6302/4966/6302 6303/4967/6303 6286/4951/6286
f 6286/4951/6286 6297/4953/6297 6302/4966/6302
f 6304/4968/6304 6302/4966/6302 6297/4953/6297
f 6297/4953/6297 6298/4954/6298 6304/4968/6304
f 6295/4958/6295 6305/4969/6305 6299/4956/6299
f 6306/4970/6306 6301/4965/6301 6300/4964/6300
f 6302/4966/6302 6304/4968/6304 6307/4971/6307
f 6308/4972/6308 6299/4956/6299 6305/4969/6305
f 6305/4969/6305 6309/4973/6309 6308/4972/6308
f 6308/4972/6308 6300/4959/6300 6299/4956/6299
f 6310/4974/6310 6306/4970/6306 6300/4964/6300
f 6300/4964/6300 6311/4975/6311 6310/4974/6310
f 6312/4976/6312 6313/4977/6313 6303/4978/6303
f 6303/4967/6303 6302/4966/6302 6312/4979/6312
f 6314/4980/6314 6312/4979/6312 6302/4966/6302
f 6302/4966/6302 6307/4971/6307 6314/4980/6314
f 6315/4981/6315 6308/4972/6308 6309/4973/6309
f 6309/4973/6309 6316/4982/6316 6315/4981/6315
f 6311/4975/6311 6315/4983/6315 6317/4984/6317
f 6318/4985/6318 6310/4974/6310 6311/4975/6311
f 6311/4975/6311 6317/4984/6317 6318/4985/6318
f 6312/4979/6312 6314/4980/6314 6319/4986/6319
f 6316/4987/6316 6320/4988/6320 6315/4983/6315
f 6321/4989/6321 6318/4985/6318 6317/4984/6317
f 6313/4977/6313 6312/4976/6312 6322/4990/6322
f 6323/4991/6323 6322/4990/6322 6312/4976/6312
f 6312/4976/6312 6319/4992/6319 6323/4991/6323
f 6324/4993/6324 6315/4994/6315 6320/4995/6320
f 6324/4993/6324 6317/4996/6317 6315/4994/6315
f 6325/4997/6325 6321/4989/6321 6317/4984/6317
f 6317/4984/6317 6326/4998/6326 6325/4997/6325
f 6313/4977/6313 6322/4990/6322 6327/4999/6327
f 6328/5000/6328 6327/4999/6327 6322/4990/6322
f 6322/4990/6322 6323/4991/6323 6328/5000/6328
f 6320/4995/6320 6329/5001/6329 6324/4993/6324
f 6330/5002/6330 6325/4997/6325 6326/4998/6326
f 6327/4999/6327 6267/4914/6267 6313/4977/6313
f 6327/4999/6327 6328/5000/6328 6331/5003/6331
f 6332/5004/6332 6326/5005/6326 6329/5006/6329
f 6329/5006/6329 6333/5007/6333 6332/5004/6332
f 6334/5008/6334 6330/5002/6330 6326/4998/6326
f 6326/4998/6326 6332/5009/6332 6334/5008/6334
f 6267/4914/6267 6327/4999/6327 6268/4915/6268
f 6335/5010/6335 6268/4915/6268 6327/4999/6327
f 6327/4999/6327 6331/5003/6331 6335/5010/6335
f 6271/4918/6271 6332/5004/6332 6333/5007/6333
f 6333/5007/6333 6272/4919/6272 6271/4918/6271
f 6332/5004/6332 6271/4918/6271 6274/4921/6274
f 6276/5011/6276 6334/5008/6334 6332/5009/6332
f 6332/5009/6332 6274/5012/6274 6276/5011/6276
f 6268/4915/6268 6335/5010/6335 6269/4916/6269
f 6266/4913/6266 6286/5013/6286 6267/4914/6267
f 6286/5013/6286 6303/4978/6303 6267/4914/6267
f 6303/4978/6303 6313/4977/6313 6267/4914/6267
f 6336/5014/6336 6337/5015/6337 6338/5016/6338
f 6339/5017/6339 820/847/820 832/859/832
f 820/847/820 819/846/819 832/859/832
f 834/861/834 6339/5017/6339 823/850/823
f 6339/5017/6339 832/859/832 823/850/823
f 148/5018/148 143/148/143 140/145/140
