# File produced by Open Asset Import Library (http://www.assimp.sf.net)
# (assimp v3.2.202087883)

mtllib model_normalized.mtl

# 1786 vertex positions
v -0.004649 0.009866 -0.135239
v -0.004649 0.019513 -0.236827
v -0.004649 0.009866 -0.252526
v -0.004649 0.019513 0.020401
v -0.004649 0.057459 -0.223753
v -0.004649 0.009866 0.026156
v -0.004649 0.061106 -0.210350
v 0.000042 0.009866 -0.252526
v -0.004649 0.578361 0.020401
v -0.004649 0.106062 -0.195868
v 0.000042 0.057459 -0.223753
v -0.004649 0.640465 0.030437
v -0.004649 0.103721 -0.184727
v -0.004649 0.583594 0.012335
v -0.004649 0.009866 0.030437
v -0.004649 0.155648 -0.168889
v 0.000042 0.106062 -0.195868
v -0.004649 0.527493 0.004320
v 0.000042 0.583594 0.012335
v -0.004649 0.009866 0.034724
v -0.004649 0.147328 -0.159978
v -0.004649 0.527388 -0.006811
v 0.000042 0.640465 0.030437
v 0.000042 0.527388 -0.006811
v -0.004649 0.584005 0.039493
v -0.004649 0.206183 -0.142833
v 0.000042 0.155648 -0.168889
v -0.004649 0.477280 -0.012785
v -0.004649 0.024539 0.040886
v -0.004649 0.191888 -0.136123
v -0.002303 -0.030179 0.026595
v -0.001696 -0.030179 0.026725
v -0.005401 -0.030179 -0.211055
v -0.001131 -0.030179 0.027110
v -0.002910 -0.030179 0.026725
v -0.004649 0.471886 -0.026987
v 0.000042 0.471886 -0.026987
v -0.004649 -0.030179 0.030437
v -0.004569 -0.030179 0.029443
v -0.038180 -0.030179 0.200763
v -0.004569 -0.030179 0.031431
v -0.004649 0.009866 0.208636
v -0.004649 0.518969 0.040886
v -0.004649 0.257630 -0.117718
v 0.000042 0.206183 -0.142833
v -0.000839 -0.030179 -0.211055
v -0.003476 -0.030179 0.027110
v -0.004649 0.427757 -0.030901
v -0.004335 -0.030179 0.028517
v -0.004335 -0.030179 0.032357
v -0.004649 0.024539 0.210020
v -0.004649 0.528029 0.049981
v -0.004649 0.237371 -0.113182
v -0.000745 -0.030179 0.027595
v -0.005401 0.000522 -0.211055
v -0.003962 -0.030179 0.027721
v -0.004649 0.417123 -0.048180
v 0.000042 0.417123 -0.048180
v -0.016122 -0.030179 -0.177299
v -0.003962 -0.030179 0.033153
v -0.004649 0.009866 0.215507
v -0.004649 0.474940 0.050122
v -0.004649 0.309961 -0.093560
v 0.000042 0.257630 -0.117718
v -0.000645 -0.030179 0.027721
v -0.000839 0.000522 -0.211055
v -0.004649 0.378966 -0.050015
v -0.025790 -0.030179 -0.143227
v -0.003860 -0.030179 0.033282
v -0.004649 0.009866 0.229857
v -0.004649 0.472606 0.061888
v -0.004649 0.283736 -0.091171
v -0.000272 -0.030179 0.028517
v -0.002346 0.000522 -0.228926
v 0.010775 0.000522 -0.177521
v -0.016122 0.000522 -0.177299
v -0.004649 0.330946 -0.070110
v 0.000042 0.363137 -0.070376
v -0.034395 -0.030179 -0.108871
v -0.003476 -0.030179 0.033764
v -0.004649 0.057290 0.206061
v -0.004649 0.431305 0.060276
v -0.004649 0.363137 -0.070376
v 0.000042 0.309961 -0.093560
v -0.000038 -0.030179 0.029443
v 0.008165 0.000522 -0.202495
v -0.009941 0.000522 -0.210596
v 0.010775 -0.030179 -0.177521
v -0.041930 -0.030179 -0.074264
v -0.025790 0.000522 -0.143227
v -0.002910 -0.030179 0.034147
v -0.004649 0.062272 0.191287
v -0.004649 0.388101 0.071340
v 0.000042 -0.030179 0.030437
v -0.002300 -0.001882 -0.235316
v -0.012162 -0.001882 -0.211516
v 0.021349 0.000522 -0.143644
v 0.019873 0.000522 -0.169099
v -0.013033 0.000522 -0.203136
v -0.004649 0.417804 0.075197
v -0.039494 -0.030179 0.200526
v -0.034395 0.000522 -0.108871
v -0.024841 0.000522 -0.170117
v -0.002303 -0.030179 0.034279
v -0.004649 0.105860 0.183487
v 0.010417 -0.001882 -0.203337
v 0.021349 -0.030179 -0.143644
v -0.014590 0.000522 -0.198782
v -0.004649 0.345362 0.083302
v -0.038180 0.000522 0.200763
v -0.040828 -0.030179 0.200450
v -0.041930 0.000522 -0.074264
v -0.035459 0.000522 -0.135467
v -0.001696 -0.030179 0.034147
v -0.004649 0.100748 0.173353
v -0.000038 -0.030179 0.031431
v 0.010417 0.000522 -0.203337
v -0.002300 0.000522 -0.235316
v -0.015276 -0.001882 -0.204001
v 0.030875 0.000522 -0.109457
v 0.030561 0.000522 -0.134329
v 0.022157 -0.001882 -0.169851
v -0.004649 0.363694 0.089895
v -0.039494 0.000522 0.200526
v 0.036380 0.000522 0.200763
v -0.042161 -0.030179 0.200532
v -0.048387 -0.030179 -0.039440
v -0.027123 -0.001882 -0.170874
v -0.001131 -0.030179 0.033764
v -0.004649 0.155513 0.162164
v 0.030875 -0.030179 -0.109457
v 0.022157 0.000522 -0.169851
v -0.012162 0.000522 -0.211516
v -0.004649 0.303129 0.096155
v -0.038356 0.000522 0.208691
v 0.036380 -0.030179 0.200763
v 0.035148 0.000522 0.208691
v -0.040828 0.000522 0.200450
v -0.048387 0.000522 -0.039440
v -0.044827 0.000522 -0.099382
v -0.016853 -0.001882 -0.199592
v -0.037773 -0.001882 -0.136122
v -0.000645 -0.030179 0.033153
v -0.000272 -0.030179 0.032357
v -0.004649 0.139938 0.156230
v -0.015276 0.000522 -0.204001
v 0.039341 0.000522 -0.074994
v 0.032872 -0.001882 -0.134993
v 0.032872 0.000522 -0.134993
v -0.004649 0.310342 0.105961
v -0.037366 0.000522 0.208636
v -0.039334 0.000522 0.208858
v 0.037457 0.000522 0.200808
v 0.036134 0.000522 0.208857
v 0.034151 0.000522 0.208636
v -0.040287 0.000522 0.209131
v -0.042161 0.000522 0.200532
v -0.043474 -0.030179 0.200774
v -0.053759 -0.030179 -0.004433
v -0.027123 0.000522 -0.170874
v -0.016853 0.000522 -0.199592
v -0.004649 0.206187 0.142119
v 0.037457 -0.030179 0.200808
v 0.039341 -0.030179 -0.074994
v 0.040185 0.000522 -0.098327
v -0.004649 0.261434 0.109886
v -0.016853 0.000522 0.208636
v -0.037366 -0.022021 0.208636
v -0.038356 -0.022021 0.208691
v 0.037095 0.000522 0.209130
v 0.036134 -0.022021 0.208857
v 0.035148 -0.022021 0.208691
v -0.012162 0.000522 0.208636
v -0.041204 0.000522 0.209511
v -0.044749 -0.030179 0.201170
v -0.053759 0.000522 -0.004433
v -0.049111 -0.030179 0.204169
v -0.052890 0.000522 -0.062066
v -0.047166 -0.001882 -0.099938
v -0.037773 0.000522 -0.136122
v -0.004649 0.179803 0.139937
v 0.038525 -0.030179 0.200944
v 0.046742 0.000522 -0.040285
v 0.042518 0.000522 -0.098907
v 0.042518 -0.001882 -0.098907
v -0.004649 0.257818 0.123377
v -0.039334 -0.022021 0.208858
v 0.038525 0.000522 0.200944
v 0.038020 0.000522 0.209508
v 0.037095 -0.022021 0.209130
v 0.034151 -0.022021 0.208636
v -0.012162 -0.022021 0.208636
v -0.040287 -0.022021 0.209131
v -0.042072 0.000522 0.209990
v -0.043474 0.000522 0.200774
v -0.045967 -0.030179 0.201717
v -0.058043 -0.030179 0.030725
v -0.048164 -0.030179 0.203227
v -0.049939 -0.030179 0.205217
v -0.047166 0.000522 -0.099938
v -0.004649 0.220313 0.124484
v 0.046742 -0.030179 -0.040285
v 0.039579 -0.030179 0.201167
v 0.048703 0.000522 -0.061242
v -0.016853 -0.022021 0.208636
v 0.038020 -0.022021 0.209508
v -0.041204 -0.022021 0.209511
v -0.042881 0.000522 0.210564
v -0.044749 0.000522 0.201170
v -0.047111 -0.030179 0.202406
v -0.058043 0.000522 0.030725
v -0.063013 -0.030179 0.207571
v -0.059604 0.000522 -0.023730
v -0.048164 0.000522 0.203227
v -0.049939 0.000522 0.205217
v -0.050635 -0.030179 0.206357
v -0.055250 -0.001882 -0.062528
v -0.055250 0.000522 -0.062528
v 0.039579 0.000522 0.201167
v 0.053068 0.000522 -0.005365
v 0.046628 -0.030179 0.205847
v 0.040611 -0.030179 0.201478
v 0.051056 0.000522 -0.061741
v 0.051056 -0.001882 -0.061741
v 0.038897 0.000522 0.209986
v 0.038897 -0.022021 0.209986
v -0.042072 -0.022021 0.209990
v -0.043622 0.000522 0.211223
v -0.045967 0.000522 0.201717
v -0.061233 -0.030179 0.065999
v -0.051190 -0.030179 0.207571
v -0.047111 0.000522 0.202406
v -0.049111 0.000522 0.204169
v -0.050635 0.000522 0.206357
v 0.053068 -0.030179 -0.005365
v 0.047243 -0.030179 0.206732
v 0.045941 -0.030179 0.205017
v 0.041612 -0.030179 0.201875
v 0.040611 0.000522 0.201478
v 0.056082 0.000522 -0.023227
v -0.042881 -0.022021 0.210564
v -0.044283 0.000522 0.211962
v -0.044858 0.000522 0.212771
v -0.061233 0.000522 0.065999
v -0.051190 0.000522 0.207571
v -0.063326 -0.030179 0.101353
v -0.061980 -0.001882 -0.024099
v 0.039716 0.000522 0.210559
v 0.058315 0.000522 0.029734
v 0.046628 0.000522 0.205847
v 0.045941 0.000522 0.205017
v 0.045187 -0.030179 0.204248
v 0.042578 -0.030179 0.202353
v 0.041612 0.000522 0.201875
v 0.040467 0.000522 0.211218
v 0.058450 0.000522 -0.023646
v 0.058450 -0.001882 -0.023646
v 0.039716 -0.022021 0.210559
v 0.032587 -0.022021 0.254502
v -0.035733 -0.022021 0.254502
v 0.032587 -0.032353 0.254502
v -0.043622 -0.022021 0.211223
v -0.044283 -0.022021 0.211962
v -0.045339 0.000522 0.213637
v -0.045996 0.000522 0.215507
v -0.064929 0.000522 0.015410
v -0.063013 0.000522 0.207571
v -0.064217 -0.030179 0.172175
v -0.061980 0.000522 -0.024099
v 0.058315 -0.030179 0.029734
v 0.047243 0.000522 0.206732
v 0.045187 0.000522 0.204248
v 0.044371 -0.030179 0.203544
v 0.043499 -0.030179 0.202912
v 0.042578 0.000522 0.202353
v 0.041140 0.000522 0.211956
v 0.062290 0.000522 0.015563
v -0.038389 -0.032353 0.254152
v -0.045996 -0.032353 0.215507
v -0.037072 -0.032353 0.254415
v -0.039660 -0.032353 0.253722
v -0.040864 -0.032353 0.253127
v 0.035258 -0.032353 0.254151
v 0.036536 -0.032353 0.253717
v 0.033934 -0.032353 0.254414
v 0.037747 -0.032353 0.253119
v -0.035733 -0.032353 0.254502
v -0.044858 -0.022021 0.212771
v -0.045339 -0.022021 0.213637
v -0.045720 0.000522 0.214553
v -0.063326 0.000522 0.101353
v -0.069951 0.000522 0.215391
v -0.064217 0.000522 0.172175
v -0.064321 -0.030179 0.136757
v -0.067317 -0.001882 0.015131
v 0.040467 -0.022021 0.211218
v 0.062478 0.000522 0.064978
v 0.062478 -0.030179 0.064978
v 0.068219 0.000522 0.206732
v 0.042908 0.000522 0.215507
v 0.043499 0.000522 0.202912
v 0.042221 0.000522 0.213633
v 0.041727 0.000522 0.212765
v 0.064670 0.000522 0.015222
v 0.064670 -0.001882 0.015222
v -0.041981 -0.032353 0.252382
v 0.038870 -0.032353 0.252370
v -0.042990 -0.032353 0.251496
v -0.045720 -0.022021 0.214553
v -0.045996 -0.022021 0.215507
v -0.064321 0.000522 0.136757
v -0.068836 0.000522 0.055132
v -0.072352 0.000522 0.215507
v -0.067317 0.000522 0.015131
v 0.065552 -0.030179 0.100334
v 0.068219 -0.030179 0.206732
v 0.044371 0.000522 0.203544
v 0.042616 0.000522 0.214550
v 0.041140 -0.022021 0.211956
v 0.065552 0.000522 0.100334
v 0.067302 0.000522 0.054969
v 0.039885 -0.032353 0.251480
v -0.043875 -0.032353 0.250487
v -0.072352 -0.001882 0.215507
v -0.071232 -0.001882 0.054942
v 0.067535 -0.030179 0.135766
v 0.068424 -0.030179 0.171244
v 0.075038 0.000522 0.211603
v 0.042221 -0.022021 0.213633
v 0.041727 -0.022021 0.212765
v 0.069691 0.000522 0.054703
v 0.069691 -0.001882 0.054703
v 0.040775 -0.032353 0.250465
v -0.044621 -0.032353 0.249370
v -0.072352 -0.022281 0.215507
v -0.071301 0.000522 0.095215
v -0.071861 0.000522 0.175547
v -0.071232 0.000522 0.054942
v 0.067535 0.000522 0.135766
v 0.068424 0.000522 0.171244
v 0.075045 0.000522 0.215507
v 0.074976 0.000522 0.175244
v 0.042616 -0.022021 0.214550
v 0.071096 0.000522 0.094826
v 0.041525 -0.032353 0.249342
v -0.045215 -0.032353 0.248167
v -0.045996 -0.022281 0.215507
v -0.073703 -0.001882 0.095110
v -0.074265 -0.001882 0.175619
v 0.077449 -0.001882 0.215507
v 0.073657 0.000522 0.134973
v 0.042908 -0.022021 0.215507
v 0.073493 0.000522 0.094635
v 0.073493 -0.001882 0.094635
v 0.042122 -0.032353 0.248131
v -0.045646 -0.032353 0.246896
v -0.045996 -0.022021 0.244240
v -0.072312 0.000522 0.135428
v -0.074125 -0.001882 0.178535
v -0.073703 0.000522 0.095110
v 0.076059 -0.001882 0.134856
v 0.042556 -0.032353 0.246854
v -0.045908 -0.032353 0.245579
v -0.045996 -0.022281 0.244240
v -0.074716 -0.001882 0.135412
v 0.077449 -0.022281 0.215507
v 0.077379 -0.001882 0.175202
v 0.076059 0.000522 0.134856
v 0.042819 -0.032353 0.245529
v -0.045996 -0.032353 0.244240
v -0.074716 0.000522 0.135412
v 0.042908 -0.022281 0.215507
v 0.077379 0.000522 0.175202
v 0.042908 -0.022021 0.244182
v 0.042908 -0.022281 0.244182
v 0.042908 -0.032353 0.215507
v -0.074265 0.000522 0.175619
v 0.042908 -0.032353 0.244182
v 0.000042 0.009866 -0.152516
v 0.000042 0.009866 0.026156
v -0.002303 0.009866 0.026595
v -0.001696 0.009866 0.026725
v -0.002910 0.009866 0.026725
v -0.004569 0.009866 0.029443
v -0.001131 0.009866 0.027110
v -0.003476 0.009866 0.027110
v -0.004335 0.009866 0.028517
v -0.004569 0.009866 0.031431
v -0.000745 0.009866 0.027595
v -0.003962 0.009866 0.027721
v -0.004335 0.009866 0.032357
v -0.000645 0.009866 0.027721
v 0.000042 0.584005 0.039493
v -0.003962 0.009866 0.033153
v -0.000272 0.009866 0.028517
v 0.000042 0.009866 0.034724
v -0.003860 0.009866 0.033282
v -0.000038 0.009866 0.029443
v 0.000042 0.528029 0.049981
v 0.000042 0.009866 0.208636
v 0.000042 0.009866 0.034718
v -0.003476 0.009866 0.033764
v 0.000042 0.009866 0.030437
v -0.002303 0.009866 0.034279
v -0.002910 0.009866 0.034147
v 0.000042 0.472606 0.061888
v 0.000042 0.009866 0.215507
v -0.001696 0.009866 0.034147
v -0.001131 0.009866 0.033764
v 0.000042 0.057290 0.206061
v 0.000042 0.009866 0.229857
v -0.000038 0.009866 0.031431
v 0.000042 0.417804 0.075197
v -0.000645 0.009866 0.033153
v 0.000042 0.105860 0.183487
v -0.000272 0.009866 0.032357
v 0.000042 0.363694 0.089895
v 0.000042 0.155513 0.162164
v -0.004649 0.079364 0.108670
v -0.004649 0.082388 0.110751
v -0.004649 0.076819 0.111762
v 0.012013 -0.032353 -0.300673
v 0.025067 -0.032353 -0.259149
v -0.017122 -0.032353 -0.301487
v 0.000042 0.310342 0.105961
v 0.000042 0.206187 0.142119
v -0.004649 0.080050 0.113943
v -0.002300 -0.032353 -0.340387
v 0.036810 -0.032353 -0.215985
v 0.006335 -0.120833 -0.174721
v 0.012426 -0.031433 -0.300916
v -0.002300 -0.022281 -0.340387
v 0.014096 -0.120833 -0.145806
v 0.025489 -0.031433 -0.259365
v 0.012013 -0.022281 -0.300673
v 0.020953 -0.120833 -0.115948
v 0.037239 -0.031433 -0.216175
v 0.025067 -0.022281 -0.259149
v -0.030493 -0.032353 -0.260402
v -0.011655 -0.120833 -0.175444
v -0.017532 -0.031433 -0.301740
v 0.047193 -0.032353 -0.171359
v 0.000042 0.257818 0.123377
v -0.042337 -0.032353 -0.217364
v -0.002300 -0.120833 -0.202576
v -0.002289 -0.031433 -0.341744
v 0.026878 -0.120833 -0.085270
v 0.047628 -0.031433 -0.171522
v 0.036810 -0.022281 -0.215985
v -0.020010 -0.120833 -0.146966
v -0.030913 -0.031433 -0.260623
v -0.030493 -0.022281 -0.260402
v -0.017122 -0.022281 -0.301487
v -0.038389 -0.022021 0.254152
v 0.035258 -0.022021 0.254151
v 0.036536 -0.022021 0.253717
v 0.033934 -0.022021 0.254414
v -0.052589 -0.032353 -0.172615
v 0.012891 -0.030543 -0.301190
v 0.025963 -0.030543 -0.259608
v -0.002283 -0.022021 -0.342462
v 0.037722 -0.030543 -0.216387
v 0.012644 -0.022021 -0.301045
v 0.048118 -0.030543 -0.171705
v 0.025712 -0.022021 -0.259479
v -0.027316 -0.120833 -0.117301
v -0.042766 -0.031433 -0.217553
v -0.042337 -0.022281 -0.217364
v -0.017993 -0.030543 -0.302024
v -0.031386 -0.030543 -0.260871
v -0.017748 -0.022021 -0.301873
v 0.056174 -0.032353 -0.125452
v 0.031845 -0.120833 -0.053898
v 0.056614 -0.031433 -0.125589
v 0.047193 -0.022281 -0.171359
v -0.037072 -0.022021 0.254415
v -0.039660 -0.022021 0.253722
v 0.037747 -0.022021 0.253119
v -0.040864 -0.022021 0.253127
v -0.061190 -0.032353 -0.126405
v -0.033533 -0.120833 -0.086617
v -0.053025 -0.031433 -0.172773
v -0.002276 -0.030543 -0.343273
v 0.057110 -0.030543 -0.125743
v 0.037466 -0.022021 -0.216274
v -0.043249 -0.030543 -0.217766
v -0.031135 -0.022021 -0.260739
v 0.038870 -0.022021 0.252370
v -0.037366 -0.032353 0.208636
v -0.041981 -0.022021 0.252382
v -0.068092 -0.032353 -0.078993
v -0.038626 -0.120833 -0.055085
v -0.061632 -0.031433 -0.126532
v -0.061190 -0.022281 -0.126405
v -0.052589 -0.022281 -0.172615
v 0.013406 -0.029687 -0.301494
v 0.026489 -0.029687 -0.259877
v 0.038257 -0.029687 -0.216623
v -0.002265 -0.021807 -0.344584
v -0.018389 -0.021807 -0.302268
v 0.048660 -0.029687 -0.171908
v 0.013289 -0.021807 -0.301425
v 0.057658 -0.029687 -0.125914
v 0.026370 -0.021807 -0.259817
v -0.053516 -0.030543 -0.172951
v -0.042993 -0.022021 -0.217653
v -0.018504 -0.029687 -0.302339
v -0.031910 -0.029687 -0.261146
v -0.043784 -0.029687 -0.218002
v 0.063717 -0.032353 -0.078452
v 0.035836 -0.120833 -0.021959
v 0.064161 -0.031433 -0.078564
v 0.056174 -0.022281 -0.125452
v 0.064661 -0.030543 -0.078689
v 0.047858 -0.022021 -0.171608
v 0.034151 -0.032353 0.208636
v -0.042990 -0.022021 0.251496
v -0.042567 -0.120833 -0.022883
v -0.068538 -0.031433 -0.079092
v -0.068092 -0.022281 -0.078993
v -0.062129 -0.030543 -0.126677
v -0.002262 -0.029687 -0.344967
v 0.065214 -0.029687 -0.078828
v 0.038136 -0.021807 -0.216570
v -0.054059 -0.029687 -0.173148
v -0.031792 -0.021807 -0.261084
v 0.039885 -0.022021 0.251480
v -0.073257 -0.032353 -0.030647
v -0.045332 -0.120833 0.009809
v -0.073706 -0.031433 -0.030717
v -0.073257 -0.022281 -0.030647
v -0.069040 -0.030543 -0.079202
v -0.053255 -0.022021 -0.172856
v -0.061865 -0.022021 -0.126600
v 0.013968 -0.028867 -0.301826
v 0.027064 -0.028867 -0.260172
v 0.038841 -0.028867 -0.216881
v 0.049253 -0.028867 -0.172130
v -0.002247 -0.021639 -0.346743
v -0.019040 -0.021639 -0.302670
v 0.058258 -0.028867 -0.126100
v 0.013946 -0.021639 -0.301812
v 0.065820 -0.028867 -0.078980
v 0.027041 -0.021639 -0.260160
v -0.062679 -0.029687 -0.126836
v -0.043663 -0.021807 -0.217948
v -0.019062 -0.028867 -0.302684
v -0.032483 -0.028867 -0.261446
v -0.044369 -0.028867 -0.218259
v -0.054654 -0.028867 -0.173364
v 0.069789 -0.032353 -0.030552
v 0.038833 -0.120833 0.010416
v 0.070236 -0.031433 -0.030639
v 0.063717 -0.022281 -0.078452
v 0.070740 -0.030543 -0.030736
v 0.056847 -0.022021 -0.125661
v 0.071297 -0.029687 -0.030843
v 0.048538 -0.021807 -0.171862
v -0.043875 -0.022021 0.250487
v -0.044621 -0.022021 0.249370
v -0.074212 -0.030543 -0.030794
v -0.068774 -0.022021 -0.079144
v -0.069596 -0.029687 -0.079325
v -0.002246 -0.028867 -0.346817
v 0.071907 -0.028867 -0.030961
v 0.038818 -0.021639 -0.216871
v -0.063281 -0.028867 -0.127011
v -0.032460 -0.021639 -0.261434
v 0.040775 -0.022021 0.250465
v -0.045215 -0.022021 0.248167
v -0.045646 -0.022021 0.246896
v -0.076655 -0.032353 0.018362
v -0.046908 -0.120833 0.042806
v -0.077106 -0.031433 0.018321
v -0.076655 -0.022281 0.018362
v -0.077614 -0.030543 0.018276
v -0.073944 -0.022021 -0.030753
v -0.074772 -0.029687 -0.030880
v -0.053937 -0.021807 -0.173104
v -0.062555 -0.021807 -0.126800
v 0.014577 -0.028088 -0.302184
v 0.027685 -0.028088 -0.260490
v 0.039473 -0.028088 -0.217160
v 0.049895 -0.028088 -0.172370
v 0.058907 -0.028088 -0.126302
v -0.002229 -0.021519 -0.348931
v -0.019700 -0.021519 -0.303078
v 0.066474 -0.028088 -0.079144
v 0.014282 -0.021579 -0.302010
v 0.072566 -0.028088 -0.031089
v 0.027720 -0.021519 -0.260508
v -0.070204 -0.028867 -0.079459
v -0.044345 -0.021639 -0.218249
v -0.019666 -0.028088 -0.303057
v -0.033103 -0.028088 -0.261772
v -0.045001 -0.028088 -0.218538
v -0.055296 -0.028088 -0.173597
v -0.063932 -0.028088 -0.127199
v 0.074366 -0.032353 0.018053
v 0.040824 -0.120833 0.043093
v 0.074816 -0.031433 0.017991
v 0.069789 -0.022281 -0.030552
v 0.075322 -0.030543 0.017920
v 0.064395 -0.022021 -0.078622
v 0.075883 -0.029687 0.017844
v 0.057535 -0.021807 -0.125875
v 0.076496 -0.028867 0.017760
v 0.049230 -0.021639 -0.172121
v -0.045908 -0.022021 0.245579
v -0.078177 -0.029687 0.018227
v -0.069471 -0.021807 -0.079297
v -0.075384 -0.028867 -0.030975
v -0.002230 -0.028088 -0.348820
v -0.002238 -0.021579 -0.347848
v -0.019373 -0.021579 -0.302876
v 0.014611 -0.021519 -0.302205
v 0.077158 -0.028088 0.017670
v 0.039167 -0.021579 -0.217025
v 0.027384 -0.021579 -0.260336
v -0.070862 -0.028088 -0.079604
v -0.032802 -0.021579 -0.261614
v 0.041525 -0.022021 0.249342
v 0.039509 -0.021519 -0.217176
v -0.072352 -0.032353 0.215507
v -0.047284 -0.120833 0.075925
v -0.078720 -0.031433 0.067748
v -0.078268 -0.032353 0.067760
v -0.079229 -0.030543 0.067736
v -0.077345 -0.022021 0.018300
v -0.079793 -0.029687 0.067721
v -0.074645 -0.021807 -0.030861
v -0.078791 -0.028867 0.018171
v -0.054630 -0.021639 -0.173355
v -0.063257 -0.021639 -0.127004
v -0.002212 -0.027353 -0.350964
v 0.015229 -0.027353 -0.302569
v 0.028351 -0.027353 -0.260831
v 0.040151 -0.027353 -0.217459
v 0.050582 -0.027353 -0.172627
v 0.067176 -0.027353 -0.079320
v 0.073273 -0.027353 -0.031225
v 0.077869 -0.027353 0.017572
v -0.076046 -0.028088 -0.031077
v -0.033137 -0.021519 -0.261790
v -0.020313 -0.027353 -0.303456
v -0.033766 -0.027353 -0.262120
v -0.045678 -0.027353 -0.218836
v -0.064630 -0.027353 -0.127402
v -0.071566 -0.027353 -0.079759
v 0.042556 -0.022021 0.246854
v 0.042122 -0.022021 0.248131
v 0.077431 -0.032353 0.067161
v 0.041802 -0.120833 0.075939
v 0.077882 -0.031433 0.067125
v 0.074366 -0.022281 0.018053
v 0.078390 -0.030543 0.067083
v 0.070472 -0.022021 -0.030684
v 0.078952 -0.029687 0.067036
v 0.065089 -0.021807 -0.078797
v 0.079567 -0.028867 0.066987
v 0.058234 -0.021639 -0.126093
v 0.080232 -0.028088 0.066933
v 0.049584 -0.021579 -0.172253
v -0.072976 -0.022021 0.216420
v -0.076111 -0.032353 0.166609
v -0.078268 -0.022281 0.067760
v -0.080409 -0.028867 0.067706
v -0.070180 -0.021639 -0.079454
v -0.079456 -0.028088 0.018113
v -0.044694 -0.021579 -0.218403
v 0.059602 -0.027353 -0.126518
v -0.002210 -0.021447 -0.351138
v -0.020366 -0.021447 -0.303488
v 0.080945 -0.027353 0.066874
v 0.028405 -0.021447 -0.260859
v 0.015282 -0.021447 -0.302600
v -0.076755 -0.027353 -0.031186
v -0.045037 -0.021519 -0.218554
v -0.055985 -0.027353 -0.173847
v 0.042819 -0.022021 0.245529
v 0.049931 -0.021519 -0.172383
v -0.045996 -0.022021 0.216420
v -0.076111 -0.022281 0.166609
v -0.041231 -0.120833 0.174151
v -0.076561 -0.031433 0.166655
v -0.046460 -0.120833 0.108979
v -0.078538 -0.031433 0.117286
v -0.079047 -0.030543 0.117305
v -0.078086 -0.022281 0.117268
v -0.078086 -0.032353 0.117268
v -0.079610 -0.029687 0.117326
v -0.078050 -0.021807 0.018237
v -0.078959 -0.022021 0.067742
v -0.080226 -0.028867 0.117350
v -0.075359 -0.021639 -0.030971
v -0.081075 -0.028088 0.067688
v -0.054985 -0.021579 -0.173484
v -0.063617 -0.021579 -0.127108
v -0.002193 -0.026663 -0.353242
v -0.021001 -0.026663 -0.303880
v 0.015922 -0.026663 -0.302978
v 0.029058 -0.026663 -0.261194
v 0.040870 -0.026663 -0.217776
v 0.051312 -0.026663 -0.172900
v 0.060340 -0.026663 -0.126748
v 0.067921 -0.026663 -0.079508
v 0.074023 -0.026663 -0.031370
v 0.078623 -0.026663 0.017470
v 0.040206 -0.021447 -0.217483
v -0.080169 -0.027353 0.018050
v -0.033820 -0.021447 -0.262148
v -0.034472 -0.026663 -0.262490
v -0.046398 -0.026663 -0.219154
v -0.056717 -0.026663 -0.174112
v -0.065371 -0.026663 -0.127616
v -0.072314 -0.026663 -0.079925
v 0.078969 -0.032353 0.116575
v 0.041761 -0.120833 0.108820
v 0.079421 -0.031433 0.116563
v 0.077431 -0.022281 0.067161
v 0.079929 -0.030543 0.116548
v 0.075054 -0.022021 0.017958
v 0.080493 -0.029687 0.116533
v 0.071171 -0.021807 -0.030819
v 0.081109 -0.028867 0.116517
v 0.065796 -0.021639 -0.078974
v 0.081775 -0.028088 0.116499
v 0.058592 -0.021579 -0.126204
v 0.082489 -0.027353 0.116479
v -0.073614 -0.021807 0.217354
v -0.076799 -0.022021 0.166679
v -0.045996 -0.031433 0.216104
v 0.038632 -0.120833 0.174151
v -0.041127 -0.120833 0.174151
v -0.044438 -0.120833 0.141783
v -0.072761 -0.031433 0.216104
v -0.078777 -0.022021 0.117295
v -0.080892 -0.028088 0.117376
v -0.070543 -0.021579 -0.079534
v -0.055333 -0.021519 -0.173610
v -0.063969 -0.021519 -0.127210
v -0.081789 -0.027353 0.067670
v -0.002192 -0.021423 -0.353354
v -0.021035 -0.021423 -0.303901
v 0.081702 -0.026663 0.066812
v 0.029093 -0.021423 -0.261212
v 0.015956 -0.021423 -0.302998
v -0.077509 -0.026663 -0.031302
v -0.045734 -0.021447 -0.218861
v 0.077449 -0.032353 0.215507
v 0.058943 -0.021519 -0.126313
v 0.050637 -0.021447 -0.172648
v -0.045996 -0.021807 0.217354
v 0.036626 -0.120833 0.174151
v -0.077068 -0.030543 0.166708
v -0.077631 -0.029687 0.166765
v -0.078767 -0.021639 0.018174
v -0.079665 -0.021807 0.067724
v -0.079483 -0.021807 0.117322
v -0.078245 -0.028867 0.166828
v -0.070899 -0.021519 -0.079612
v -0.081606 -0.027353 0.117403
v -0.002173 -0.026023 -0.355647
v -0.021727 -0.026023 -0.304328
v 0.016653 -0.026023 -0.303409
v 0.029805 -0.026023 -0.261576
v 0.041630 -0.026023 -0.218111
v 0.052082 -0.026023 -0.173188
v 0.061120 -0.026023 -0.126991
v 0.068708 -0.026023 -0.079705
v 0.074816 -0.026023 -0.031523
v 0.079419 -0.026023 0.017360
v 0.040906 -0.021423 -0.217792
v -0.080926 -0.026663 0.017982
v -0.034506 -0.021423 -0.262508
v -0.035216 -0.026023 -0.262880
v -0.047158 -0.026023 -0.219488
v -0.057489 -0.026023 -0.174392
v -0.066153 -0.026023 -0.127843
v -0.073104 -0.026023 -0.080099
v 0.042908 -0.022021 0.216420
v 0.077443 -0.001882 0.211884
v 0.077597 -0.022281 0.210715
v 0.078975 -0.032353 0.166091
v 0.040703 -0.120833 0.141603
v 0.079427 -0.031433 0.166103
v 0.078969 -0.022281 0.116575
v 0.079936 -0.030543 0.166116
v 0.078120 -0.022021 0.067105
v 0.080499 -0.029687 0.166131
v 0.075756 -0.021807 0.017862
v 0.081115 -0.028867 0.166149
v 0.071883 -0.021639 -0.030956
v 0.081781 -0.028088 0.166166
v 0.082495 -0.027353 0.166185
v 0.083248 -0.026663 0.116458
v -0.074264 -0.021639 0.218304
v -0.045996 -0.030543 0.216777
v -0.077504 -0.021807 0.166751
v 0.077597 -0.032353 0.210715
v -0.041127 -0.091086 0.174151
v -0.073220 -0.030543 0.216777
v -0.075725 -0.021579 -0.031027
v -0.078909 -0.028088 0.166895
v -0.056041 -0.021447 -0.173867
v -0.082364 -0.026663 0.117431
v -0.002173 -0.021447 -0.355570
v -0.021704 -0.021447 -0.304314
v 0.082501 -0.026023 0.066746
v 0.029781 -0.021447 -0.261564
v 0.016630 -0.021447 -0.303395
v -0.078304 -0.026023 -0.031424
v -0.046434 -0.021423 -0.219169
v 0.078112 -0.022021 0.216420
v 0.042908 -0.031433 0.216104
v 0.066157 -0.021579 -0.079065
v 0.059659 -0.021447 -0.126536
v 0.051347 -0.021423 -0.172914
v 0.077883 -0.031433 0.216104
v -0.045996 -0.021639 0.218304
v -0.045996 -0.029687 0.217522
v 0.078048 -0.031433 0.210739
v 0.036626 -0.091086 0.174151
v -0.043515 -0.120833 0.141651
v -0.073729 -0.029687 0.217522
v -0.076083 -0.021519 -0.031082
v -0.080384 -0.021639 0.067706
v -0.080202 -0.021639 0.117349
v -0.078221 -0.021639 0.166825
v -0.074286 -0.028867 0.218337
v -0.064687 -0.021447 -0.127418
v -0.079621 -0.027353 0.166967
v -0.082547 -0.026663 0.067652
v -0.080378 -0.026663 0.167046
v -0.002152 -0.025434 -0.358166
v -0.022487 -0.025434 -0.304797
v 0.017420 -0.025434 -0.303860
v 0.030587 -0.025434 -0.261977
v 0.042426 -0.025434 -0.218462
v 0.052889 -0.025434 -0.173490
v 0.061936 -0.025434 -0.127245
v 0.069532 -0.025434 -0.079912
v 0.075646 -0.025434 -0.031683
v 0.080254 -0.025434 0.017246
v 0.041606 -0.021447 -0.218100
v -0.081725 -0.026023 0.017910
v -0.035192 -0.021447 -0.262868
v -0.035996 -0.025434 -0.263290
v -0.047954 -0.025434 -0.219839
v -0.058298 -0.025434 -0.174686
v -0.066973 -0.025434 -0.128081
v -0.073931 -0.025434 -0.080281
v 0.042908 -0.021807 0.217354
v 0.042908 -0.030543 0.216777
v 0.077442 0.000522 0.211598
v 0.078975 -0.022281 0.166091
v 0.078287 -0.022021 0.210753
v 0.079660 -0.022021 0.116556
v 0.078557 -0.030543 0.210766
v 0.078825 -0.021807 0.067047
v 0.079120 -0.029687 0.210798
v 0.076471 -0.021639 0.017764
v 0.079735 -0.028867 0.210831
v 0.066511 -0.021519 -0.079154
v 0.080401 -0.028088 0.210867
v 0.083254 -0.026663 0.166206
v 0.084048 -0.026023 0.116436
v -0.074596 -0.021579 0.218790
v 0.036122 -0.091086 0.039881
v 0.038003 -0.091086 0.141353
v -0.043515 -0.091086 0.141651
v -0.079494 -0.021519 0.018110
v -0.079134 -0.021579 0.018141
v -0.074888 -0.028088 0.219217
v -0.071623 -0.021447 -0.079772
v -0.056753 -0.021423 -0.174125
v -0.083164 -0.026023 0.117461
v -0.081176 -0.026023 0.167127
v -0.002155 -0.021519 -0.357778
v -0.022370 -0.021519 -0.304725
v 0.083338 -0.025434 0.066679
v 0.030466 -0.021519 -0.261915
v 0.017301 -0.021519 -0.303791
v -0.079137 -0.025434 -0.031553
v -0.047134 -0.021447 -0.219478
v 0.078790 -0.021807 0.217354
v 0.078371 -0.030543 0.216777
v 0.072247 -0.021579 -0.031027
v 0.081114 -0.027353 0.210905
v 0.081872 -0.026663 0.210945
v 0.067233 -0.021447 -0.079335
v 0.060377 -0.021423 -0.126760
v 0.052057 -0.021447 -0.173179
v -0.074922 -0.021519 0.219266
v -0.045996 -0.028867 0.218337
v 0.037771 -0.091086 0.073602
v 0.033459 -0.091086 0.006438
v 0.038003 -0.120833 0.141353
v -0.044787 -0.120833 0.107640
v -0.041331 -0.091086 0.005736
v -0.076813 -0.021447 -0.031195
v -0.080569 -0.021579 0.117362
v -0.078587 -0.021579 0.166862
v -0.065407 -0.021423 -0.127627
v -0.075533 -0.027353 0.220161
v -0.076218 -0.026663 0.221164
v -0.083348 -0.026023 0.067631
v -0.076941 -0.026023 0.222223
v -0.002130 -0.024898 -0.360793
v -0.023280 -0.024898 -0.305286
v 0.018218 -0.024898 -0.304331
v 0.031402 -0.024898 -0.262395
v 0.043255 -0.024898 -0.218828
v 0.053730 -0.024898 -0.173805
v 0.062787 -0.024898 -0.127510
v 0.070391 -0.024898 -0.080128
v 0.076511 -0.024898 -0.031850
v 0.081124 -0.024898 0.017128
v 0.042303 -0.021519 -0.218408
v -0.082562 -0.025434 0.017836
v -0.035875 -0.021519 -0.263226
v -0.036809 -0.024898 -0.263716
v -0.048784 -0.024898 -0.220204
v -0.059141 -0.024898 -0.174992
v -0.067827 -0.024898 -0.128328
v -0.074794 -0.024898 -0.080472
v 0.042908 -0.021639 0.218304
v 0.042908 -0.029687 0.217522
v 0.078912 -0.029687 0.217522
v 0.079666 -0.022021 0.166110
v 0.078993 -0.021807 0.210790
v 0.080366 -0.021807 0.116536
v 0.079543 -0.021639 0.066988
v 0.072603 -0.021519 -0.031096
v 0.079504 -0.028867 0.218337
v 0.080143 -0.028088 0.219217
v 0.084054 -0.026023 0.166227
v 0.082672 -0.026023 0.210989
v 0.084887 -0.025434 0.116413
v -0.045996 -0.021579 0.218790
v 0.037771 -0.120833 0.073602
v 0.029791 -0.091086 -0.026596
v 0.036122 -0.120833 0.039881
v 0.038398 -0.091086 0.107470
v -0.044787 -0.091086 0.107640
v -0.037776 -0.091086 -0.027577
v -0.043693 -0.091086 0.039497
v -0.080227 -0.021447 0.018044
v -0.081112 -0.021519 0.067688
v -0.080752 -0.021579 0.067697
v -0.078947 -0.021519 0.166898
v -0.045996 -0.028088 0.219217
v -0.072351 -0.021423 -0.079933
v -0.057464 -0.021447 -0.174383
v -0.084003 -0.025434 0.117494
v -0.082012 -0.025434 0.167212
v -0.077699 -0.025434 0.223333
v -0.002146 -0.021579 -0.358860
v -0.022697 -0.021579 -0.304926
v 0.084211 -0.024898 0.066607
v 0.030802 -0.021579 -0.262088
v 0.017631 -0.021579 -0.303985
v -0.080006 -0.024898 -0.031686
v -0.047831 -0.021519 -0.219785
v 0.079480 -0.021639 0.218304
v 0.076837 -0.021579 0.017713
v 0.081556 -0.026663 0.221164
v 0.080828 -0.027353 0.220161
v 0.082325 -0.026023 0.222223
v 0.073330 -0.021447 -0.031236
v 0.067958 -0.021423 -0.079517
v 0.061095 -0.021447 -0.126983
v 0.052764 -0.021519 -0.173444
v -0.045996 -0.021519 0.219266
v 0.038398 -0.120833 0.107470
v 0.025134 -0.091086 -0.059094
v 0.033459 -0.120833 0.006438
v -0.044847 -0.120833 0.073527
v -0.033045 -0.091086 -0.060259
v -0.037776 -0.120833 -0.027577
v -0.041331 -0.120833 0.005736
v -0.077546 -0.021423 -0.031308
v -0.080930 -0.021519 0.117377
v -0.066128 -0.021447 -0.127836
v -0.045996 -0.027353 0.220161
v -0.045996 -0.026663 0.221164
v -0.084187 -0.025434 0.067610
v -0.045996 -0.026023 0.222223
v -0.002107 -0.024419 -0.363515
v -0.024101 -0.024419 -0.305792
v 0.019046 -0.024419 -0.304819
v 0.032247 -0.024419 -0.262828
v 0.044115 -0.024419 -0.219207
v 0.054602 -0.024419 -0.174132
v 0.063669 -0.024419 -0.127784
v 0.071281 -0.024419 -0.080351
v -0.002137 -0.021639 -0.359965
v -0.023030 -0.021639 -0.305132
v 0.077407 -0.024419 -0.032023
v 0.082025 -0.024419 0.017005
v 0.031145 -0.021639 -0.262263
v 0.017967 -0.021639 -0.304183
v -0.083434 -0.024898 0.017758
v -0.036211 -0.021579 -0.263402
v -0.037651 -0.024419 -0.264158
v -0.049643 -0.024419 -0.220583
v -0.060015 -0.024419 -0.175309
v -0.068712 -0.024419 -0.128585
v -0.075688 -0.024419 -0.080669
v 0.042908 -0.021519 0.219266
v 0.042908 -0.028867 0.218337
v 0.080372 -0.021807 0.166128
v 0.079711 -0.021639 0.210829
v 0.081085 -0.021639 0.116517
v 0.077196 -0.021519 0.017665
v 0.042908 -0.028088 0.219217
v 0.042908 -0.027353 0.220161
v 0.084893 -0.025434 0.166250
v 0.083510 -0.025434 0.211034
v 0.083130 -0.025434 0.223333
v 0.085761 -0.024898 0.116389
v 0.042645 -0.021579 -0.218559
v -0.075585 -0.021447 0.220238
v 0.019505 -0.091086 -0.090928
v 0.029791 -0.120833 -0.026596
v -0.044847 -0.091086 0.073527
v -0.027165 -0.091086 -0.092135
v -0.033045 -0.120833 -0.060259
v -0.043693 -0.120833 0.039497
v -0.080963 -0.021423 0.017977
v -0.081847 -0.021447 0.067668
v -0.079679 -0.021447 0.166973
v -0.073079 -0.021447 -0.080093
v -0.058173 -0.021519 -0.174640
v -0.084877 -0.024898 0.117527
v -0.082884 -0.024898 0.167301
v -0.078489 -0.024898 0.224487
v -0.045996 -0.025434 0.223333
v 0.085115 -0.024419 0.066533
v -0.080906 -0.024419 -0.031825
v -0.036552 -0.021639 -0.263582
v 0.079833 -0.021579 0.218790
v 0.042908 -0.021579 0.218790
v 0.079910 -0.021579 0.066958
v 0.042908 -0.026023 0.222223
v 0.042908 -0.026663 0.221164
v 0.042908 -0.025434 0.223333
v 0.077926 -0.021447 0.017565
v 0.074060 -0.021423 -0.031377
v 0.068683 -0.021447 -0.079699
v 0.061810 -0.021519 -0.127205
v 0.042994 -0.021639 -0.218713
v -0.045996 -0.021447 0.220238
v 0.012926 -0.091086 -0.121975
v 0.025134 -0.120833 -0.059094
v -0.020167 -0.091086 -0.123032
v -0.027165 -0.120833 -0.092135
v -0.078279 -0.021447 -0.031420
v -0.081664 -0.021447 0.117404
v -0.066846 -0.021519 -0.128044
v -0.045996 -0.021423 0.221214
v -0.085061 -0.024898 0.067587
v -0.045996 -0.021519 0.223160
v -0.048173 -0.021579 -0.219935
v -0.002084 -0.023997 -0.366321
v -0.024948 -0.023997 -0.306315
v 0.019900 -0.023997 -0.305322
v 0.033119 -0.023997 -0.263275
v 0.045001 -0.023997 -0.219598
v 0.055501 -0.023997 -0.174468
v 0.064579 -0.023997 -0.128067
v 0.072199 -0.023997 -0.080581
v -0.023681 -0.021807 -0.305534
v 0.078332 -0.023997 -0.032202
v 0.082954 -0.023997 0.016877
v 0.018623 -0.021807 -0.304570
v -0.002119 -0.021807 -0.362124
v -0.084338 -0.024419 0.017677
v -0.038520 -0.023997 -0.264614
v -0.050530 -0.023997 -0.220974
v -0.060916 -0.023997 -0.175636
v -0.069625 -0.023997 -0.128849
v -0.076609 -0.023997 -0.080872
v 0.080179 -0.021519 0.219266
v 0.081091 -0.021639 0.166148
v 0.080270 -0.021519 0.066930
v 0.042908 -0.021447 0.220238
v 0.085767 -0.024898 0.166274
v 0.084383 -0.024898 0.211082
v 0.083969 -0.024898 0.224487
v 0.042908 -0.024898 0.224487
v 0.053111 -0.021579 -0.173574
v 0.086667 -0.024419 0.116365
v -0.076252 -0.021423 0.221214
v 0.005423 -0.091086 -0.152113
v 0.019505 -0.120833 -0.090928
v -0.012090 -0.091086 -0.152783
v -0.020167 -0.120833 -0.123032
v -0.081699 -0.021447 0.017913
v -0.082585 -0.021423 0.067650
v -0.082402 -0.021423 0.117433
v -0.080415 -0.021423 0.167049
v -0.073803 -0.021519 -0.080253
v -0.045996 -0.021447 0.222190
v -0.058521 -0.021579 -0.174767
v -0.085783 -0.024419 0.117562
v -0.083788 -0.024419 0.167394
v -0.079307 -0.024419 0.225685
v -0.045996 -0.024898 0.224487
v -0.045996 -0.021579 0.223637
v -0.048522 -0.021639 -0.220089
v 0.086048 -0.023997 0.066457
v 0.031816 -0.021807 -0.262607
v -0.081834 -0.023997 -0.031968
v 0.080438 -0.021519 0.210869
v 0.081452 -0.021579 0.116508
v 0.042908 -0.021423 0.221214
v 0.042908 -0.021519 0.223160
v 0.042908 -0.021579 0.223637
v 0.081003 -0.021447 0.066870
v 0.078660 -0.021423 0.017464
v 0.074790 -0.021447 -0.031518
v 0.069404 -0.021519 -0.079880
v 0.053465 -0.021639 -0.173706
v -0.002976 -0.091086 -0.181227
v 0.012926 -0.120833 -0.121975
v -0.012090 -0.120833 -0.152783
v -0.079008 -0.021519 -0.031533
v -0.067198 -0.021579 -0.128146
v -0.076918 -0.021447 0.222190
v -0.058875 -0.021639 -0.174895
v -0.085967 -0.024419 0.067565
v -0.077582 -0.021519 0.223160
v -0.078240 -0.021639 0.224124
v -0.002080 -0.023911 -0.366803
v -0.025094 -0.023911 -0.306405
v 0.020046 -0.023911 -0.305410
v 0.033269 -0.023911 -0.263351
v 0.045154 -0.023911 -0.219665
v 0.055656 -0.023911 -0.174526
v 0.064735 -0.023911 -0.128116
v 0.072357 -0.023911 -0.080621
v -0.024322 -0.022021 -0.305929
v -0.037221 -0.021807 -0.263932
v 0.078491 -0.023911 -0.032233
v 0.083114 -0.023911 0.016854
v 0.043676 -0.021807 -0.219013
v 0.019268 -0.022021 -0.304950
v -0.002101 -0.022021 -0.364246
v -0.085270 -0.023997 0.017595
v -0.038669 -0.023911 -0.264692
v -0.050682 -0.023911 -0.221041
v -0.061071 -0.023911 -0.175692
v -0.069782 -0.023911 -0.128895
v -0.076768 -0.023911 -0.080907
v 0.080884 -0.021447 0.220238
v 0.081458 -0.021579 0.166158
v 0.081813 -0.021519 0.116497
v 0.042908 -0.021447 0.222190
v 0.086673 -0.024419 0.166298
v 0.085288 -0.024419 0.211130
v 0.084839 -0.024419 0.225685
v 0.042908 -0.024419 0.225685
v 0.042908 -0.021639 0.224124
v 0.062161 -0.021579 -0.127315
v 0.087601 -0.023997 0.116340
v 0.005423 -0.120833 -0.152113
v -0.002976 -0.120833 -0.181227
v -0.082432 -0.021519 0.017847
v -0.083322 -0.021447 0.067632
v -0.083139 -0.021447 0.117461
v -0.081151 -0.021447 0.167124
v -0.067557 -0.021639 -0.128250
v -0.074159 -0.021579 -0.080332
v -0.086717 -0.023997 0.117598
v -0.084719 -0.023997 0.167489
v -0.080151 -0.023997 0.226921
v -0.045996 -0.024419 0.225685
v -0.045996 -0.021639 0.224124
v -0.049204 -0.021807 -0.220390
v 0.086208 -0.023911 0.066443
v 0.032474 -0.022021 -0.262945
v -0.081993 -0.023911 -0.031992
v 0.081819 -0.021519 0.166167
v 0.081172 -0.021447 0.210908
v 0.081592 -0.021423 0.221214
v 0.082300 -0.021447 0.222190
v 0.083005 -0.021519 0.223160
v 0.042908 -0.021807 0.225074
v 0.082547 -0.021447 0.116478
v 0.081739 -0.021423 0.066809
v 0.079394 -0.021447 0.017363
v 0.075517 -0.021519 -0.031658
v 0.062519 -0.021639 -0.127426
v 0.054157 -0.021807 -0.173965
v -0.079367 -0.021579 -0.031588
v -0.074522 -0.021639 -0.080411
v -0.059569 -0.021807 -0.175147
v -0.086901 -0.023997 0.067541
v -0.045996 -0.021807 0.225074
v -0.077908 -0.021579 0.223637
v -0.078889 -0.021807 0.225074
v -0.002076 -0.023796 -0.367227
v -0.025221 -0.023796 -0.306485
v 0.020175 -0.023796 -0.305485
v 0.033400 -0.023796 -0.263419
v 0.045287 -0.023796 -0.219724
v 0.055791 -0.023796 -0.174577
v 0.064872 -0.023796 -0.128159
v 0.072495 -0.023796 -0.080656
v -0.024948 -0.022281 -0.306315
v -0.037878 -0.022021 -0.264277
v 0.078630 -0.023796 -0.032259
v 0.083254 -0.023796 0.016836
v 0.044346 -0.022021 -0.219309
v 0.019900 -0.022281 -0.305322
v -0.002084 -0.022281 -0.366321
v -0.085431 -0.023911 0.017580
v -0.038800 -0.023796 -0.264761
v -0.050816 -0.023796 -0.221100
v -0.061207 -0.023796 -0.175741
v -0.069919 -0.023796 -0.128935
v -0.076907 -0.023796 -0.080938
v 0.087607 -0.023997 0.166323
v 0.086222 -0.023997 0.211181
v 0.085736 -0.023997 0.226921
v 0.042908 -0.023997 0.226921
v 0.042908 -0.022021 0.226008
v 0.083704 -0.021639 0.224124
v 0.083352 -0.021579 0.223637
v 0.069759 -0.021579 -0.079969
v 0.087762 -0.023911 0.116335
v -0.079732 -0.021639 -0.031644
v -0.084057 -0.021519 0.067613
v -0.083873 -0.021519 0.117488
v -0.081883 -0.021519 0.167199
v -0.068260 -0.021807 -0.128454
v -0.086878 -0.023911 0.117604
v -0.084880 -0.023911 0.167505
v -0.080297 -0.023911 0.227134
v -0.045996 -0.023997 0.226921
v -0.045996 -0.022021 0.226008
v -0.082609 -0.021639 0.167274
v -0.049874 -0.022021 -0.220685
v 0.086349 -0.023796 0.066433
v 0.033119 -0.022281 -0.263275
v -0.082133 -0.023796 -0.032014
v 0.082553 -0.021447 0.166187
v 0.081909 -0.021423 0.210948
v 0.082646 -0.021447 0.210987
v 0.084395 -0.021807 0.225074
v 0.083380 -0.021519 0.211028
v 0.083285 -0.021423 0.116457
v 0.082476 -0.021447 0.066749
v 0.080125 -0.021519 0.017264
v 0.070120 -0.021639 -0.080059
v 0.063219 -0.021807 -0.127644
v 0.054837 -0.022021 -0.174219
v -0.083159 -0.021639 0.017782
v -0.082792 -0.021579 0.017815
v -0.075231 -0.021807 -0.080568
v -0.060250 -0.022021 -0.175394
v -0.087062 -0.023911 0.067536
v -0.079527 -0.022021 0.226008
v -0.083326 -0.021807 0.167346
v 0.020280 -0.023655 -0.305546
v -0.025326 -0.023655 -0.306549
v 0.033508 -0.023655 -0.263474
v 0.045397 -0.023655 -0.219772
v 0.055903 -0.023655 -0.174618
v 0.064985 -0.023655 -0.128194
v 0.072609 -0.023655 -0.080684
v 0.078745 -0.023655 -0.032282
v -0.025094 -0.022367 -0.306405
v -0.038520 -0.022281 -0.264614
v 0.083369 -0.023655 0.016820
v 0.086464 -0.023655 0.066424
v 0.045001 -0.022281 -0.219598
v 0.020046 -0.022367 -0.305410
v -0.002080 -0.022367 -0.366803
v -0.085571 -0.023796 0.017568
v -0.038907 -0.023655 -0.264817
v -0.050926 -0.023655 -0.221148
v -0.061319 -0.023655 -0.175782
v -0.070032 -0.023655 -0.128967
v -0.077021 -0.023655 -0.080963
v -0.082248 -0.023655 -0.032031
v 0.087768 -0.023911 0.166328
v 0.086382 -0.023911 0.211190
v 0.085890 -0.023911 0.227134
v 0.042908 -0.023911 0.227134
v 0.042908 -0.022281 0.226921
v 0.085072 -0.022021 0.226008
v 0.084108 -0.021639 0.211067
v 0.076238 -0.021639 -0.031798
v 0.075874 -0.021579 -0.031727
v 0.087902 -0.023796 0.116331
v -0.080446 -0.021807 -0.031754
v -0.084234 -0.021579 0.117503
v -0.082243 -0.021579 0.167236
v -0.068950 -0.022021 -0.128654
v -0.087018 -0.023796 0.117608
v -0.085020 -0.023796 0.167520
v -0.080424 -0.023796 0.227319
v -0.045996 -0.023911 0.227134
v -0.045996 -0.022281 0.226921
v -0.080151 -0.022281 0.226921
v -0.084602 -0.021639 0.117517
v -0.050530 -0.022281 -0.220974
v -0.002073 -0.023655 -0.367573
v 0.088018 -0.023655 0.116328
v 0.033269 -0.022367 -0.263351
v -0.085687 -0.023655 0.017557
v 0.083291 -0.021423 0.166206
v 0.084029 -0.021447 0.166227
v 0.084826 -0.021807 0.211106
v 0.084022 -0.021447 0.116437
v 0.083209 -0.021519 0.066689
v 0.080484 -0.021579 0.017215
v 0.070826 -0.021807 -0.080237
v 0.063906 -0.022021 -0.127858
v 0.055501 -0.022281 -0.174468
v -0.083876 -0.021807 0.017718
v -0.084785 -0.021639 0.067595
v -0.084417 -0.021579 0.067604
v -0.075928 -0.022021 -0.080722
v -0.060916 -0.022281 -0.175636
v -0.087202 -0.023796 0.067533
v -0.045996 -0.022367 0.227134
v -0.084031 -0.022021 0.167418
v -0.085320 -0.021807 0.117544
v 0.020359 -0.023494 -0.305593
v 0.033588 -0.023494 -0.263515
v -0.025404 -0.023494 -0.306597
v -0.038987 -0.023494 -0.264859
v 0.045478 -0.023494 -0.219808
v 0.055985 -0.023494 -0.174649
v 0.065068 -0.023494 -0.128220
v 0.072693 -0.023494 -0.080705
v 0.078830 -0.023494 -0.032298
v 0.083455 -0.023494 0.016808
v -0.025221 -0.022482 -0.306485
v -0.038669 -0.022367 -0.264692
v 0.086550 -0.023494 0.066416
v 0.088104 -0.023494 0.116326
v 0.045154 -0.022367 -0.219665
v 0.020175 -0.022482 -0.305485
v -0.002076 -0.022482 -0.367227
v -0.087318 -0.023655 0.067530
v -0.051007 -0.023494 -0.221184
v -0.061401 -0.023494 -0.175812
v -0.070116 -0.023494 -0.128992
v -0.077106 -0.023494 -0.080981
v -0.082333 -0.023494 -0.032045
v -0.085772 -0.023494 0.017550
v 0.084763 -0.021519 0.166247
v 0.087908 -0.023796 0.166331
v 0.086523 -0.023796 0.211197
v 0.086025 -0.023796 0.227319
v 0.042908 -0.023796 0.227319
v 0.042908 -0.022367 0.227134
v 0.085736 -0.022281 0.226921
v 0.085531 -0.022021 0.211143
v 0.085491 -0.021639 0.166266
v 0.080849 -0.021639 0.017165
v 0.088024 -0.023655 0.166334
v -0.081148 -0.022021 -0.031862
v -0.069625 -0.022281 -0.128849
v -0.087134 -0.023655 0.117613
v -0.085135 -0.023655 0.167531
v -0.045996 -0.023796 0.227319
v -0.045996 -0.022482 0.227319
v -0.084719 -0.022281 0.167489
v -0.050682 -0.022367 -0.221041
v -0.002071 -0.023494 -0.367832
v 0.088110 -0.023494 0.166337
v 0.033400 -0.022482 -0.263419
v -0.087404 -0.023494 0.067529
v 0.084757 -0.021519 0.116416
v 0.086210 -0.021807 0.166286
v 0.085124 -0.021579 0.166256
v 0.076949 -0.021807 -0.031935
v 0.071520 -0.022021 -0.080411
v 0.064579 -0.022281 -0.128067
v 0.055656 -0.022367 -0.174526
v -0.084581 -0.022021 0.017656
v -0.085504 -0.021807 0.067577
v -0.076609 -0.022281 -0.080872
v -0.061071 -0.022367 -0.175692
v -0.080528 -0.023655 0.227472
v -0.080297 -0.022367 0.227134
v -0.086026 -0.022021 0.117571
v 0.020407 -0.023320 -0.305621
v 0.033637 -0.023320 -0.263540
v 0.045528 -0.023320 -0.219830
v -0.025452 -0.023320 -0.306626
v -0.039036 -0.023320 -0.264885
v -0.051057 -0.023320 -0.221206
v 0.056036 -0.023320 -0.174668
v 0.065120 -0.023320 -0.128236
v 0.072745 -0.023320 -0.080719
v 0.078882 -0.023320 -0.032308
v 0.083507 -0.023320 0.016800
v 0.086603 -0.023320 0.066412
v -0.025326 -0.022623 -0.306549
v -0.038800 -0.022482 -0.264761
v 0.088156 -0.023320 0.116325
v 0.088163 -0.023320 0.166338
v 0.045287 -0.022482 -0.219724
v 0.033508 -0.022623 -0.263474
v 0.020280 -0.022623 -0.305546
v -0.087220 -0.023494 0.117617
v -0.061452 -0.023320 -0.175830
v -0.070168 -0.023320 -0.129007
v -0.077158 -0.023320 -0.080993
v -0.082386 -0.023320 -0.032053
v -0.085825 -0.023320 0.017545
v -0.087457 -0.023320 0.067527
v 0.085118 -0.021579 0.116407
v 0.086638 -0.023655 0.211203
v 0.042908 -0.023655 0.227472
v 0.042908 -0.022482 0.227319
v 0.085890 -0.022367 0.227134
v 0.086222 -0.022281 0.211181
v 0.086916 -0.022021 0.166304
v 0.086204 -0.021807 0.116377
v 0.085485 -0.021639 0.116397
v 0.083569 -0.021579 0.066659
v 0.081564 -0.021807 0.017068
v -0.081834 -0.022281 -0.031968
v -0.069782 -0.022367 -0.128895
v -0.085221 -0.023494 0.167540
v -0.045996 -0.022623 0.227472
v -0.045996 -0.023655 0.227472
v -0.080424 -0.022482 0.227319
v -0.086717 -0.022281 0.117598
v -0.084880 -0.022367 0.167505
v -0.050816 -0.022482 -0.221100
v -0.002070 -0.023320 -0.367991
v -0.002073 -0.022623 -0.367573
v -0.038907 -0.022623 -0.264817
v 0.086724 -0.023494 0.211208
v 0.045397 -0.022623 -0.219772
v -0.087273 -0.023320 0.117619
v 0.083936 -0.021639 0.066629
v 0.086136 -0.023655 0.227472
v 0.086910 -0.022021 0.116358
v 0.077648 -0.022021 -0.032070
v 0.072199 -0.022281 -0.080581
v 0.064735 -0.022367 -0.128116
v 0.055791 -0.022482 -0.174577
v -0.085270 -0.022281 0.017595
v -0.086210 -0.022021 0.067559
v -0.076768 -0.022367 -0.080907
v -0.061207 -0.022482 -0.175741
v -0.080606 -0.023494 0.227586
v -0.080528 -0.022623 0.227472
v -0.045996 -0.023494 0.227586
v 0.020423 -0.023139 -0.305632
v 0.033654 -0.023139 -0.263549
v 0.045545 -0.023139 -0.219838
v 0.056053 -0.023139 -0.174675
v -0.025468 -0.023139 -0.306636
v -0.039053 -0.023139 -0.264894
v -0.051074 -0.023139 -0.221214
v -0.061469 -0.023139 -0.175836
v 0.065137 -0.023139 -0.128241
v 0.072763 -0.023139 -0.080723
v 0.078900 -0.023139 -0.032312
v 0.083525 -0.023139 0.016799
v 0.086620 -0.023139 0.066410
v 0.088174 -0.023139 0.116323
v -0.025404 -0.022784 -0.306597
v -0.038987 -0.022784 -0.264859
v -0.050926 -0.022623 -0.221148
v 0.088180 -0.023139 0.166338
v 0.086777 -0.023320 0.211211
v 0.055903 -0.022623 -0.174618
v 0.033588 -0.022784 -0.263515
v 0.045478 -0.022784 -0.219808
v 0.020359 -0.022784 -0.305593
v -0.070185 -0.023139 -0.129012
v -0.077175 -0.023139 -0.080997
v -0.082404 -0.023139 -0.032055
v -0.085843 -0.023139 0.017544
v -0.087475 -0.023139 0.067527
v -0.087290 -0.023139 0.117619
v 0.086218 -0.023494 0.227586
v 0.042908 -0.022623 0.227472
v 0.086025 -0.022482 0.227319
v 0.086382 -0.022367 0.211190
v 0.087607 -0.022281 0.166323
v 0.087601 -0.022281 0.116340
v 0.084653 -0.021807 0.066571
v 0.085358 -0.022021 0.066514
v 0.082267 -0.022021 0.016970
v -0.081993 -0.022367 -0.031992
v -0.069919 -0.022482 -0.128935
v -0.085273 -0.023320 0.167546
v -0.080606 -0.022784 0.227586
v -0.045996 -0.022784 0.227586
v -0.085020 -0.022482 0.167520
v -0.085135 -0.022623 0.167531
v -0.086901 -0.022281 0.067541
v -0.086878 -0.022367 0.117604
v -0.061319 -0.022623 -0.175782
v -0.002070 -0.023139 -0.368043
v -0.002071 -0.022784 -0.367832
v -0.051007 -0.022784 -0.221184
v 0.055985 -0.022784 -0.174649
v 0.042908 -0.023494 0.227586
v 0.086048 -0.022281 0.066457
v 0.078332 -0.022281 -0.032202
v 0.072357 -0.022367 -0.080621
v 0.064872 -0.022482 -0.128159
v 0.064985 -0.022623 -0.128194
v -0.085431 -0.022367 0.017580
v -0.076907 -0.022482 -0.080938
v -0.070032 -0.022623 -0.128967
v -0.045996 -0.023320 0.227655
v -0.080653 -0.023320 0.227655
v -0.085221 -0.022784 0.167540
v -0.045996 -0.022958 0.227655
v -0.002070 -0.022958 -0.367991
v 0.020407 -0.022958 -0.305621
v 0.033637 -0.022958 -0.263540
v 0.045528 -0.022958 -0.219830
v 0.056036 -0.022958 -0.174668
v -0.025452 -0.022958 -0.306626
v -0.039036 -0.022958 -0.264885
v -0.051057 -0.022958 -0.221206
v -0.061452 -0.022958 -0.175830
v 0.065120 -0.022958 -0.128236
v 0.072745 -0.022958 -0.080719
v 0.078882 -0.022958 -0.032308
v 0.083507 -0.022958 0.016800
v 0.086603 -0.022958 0.066412
v 0.088156 -0.022958 0.116325
v -0.061401 -0.022784 -0.175812
v 0.086795 -0.023139 0.211212
v 0.086269 -0.023320 0.227655
v 0.065068 -0.022784 -0.128220
v -0.070168 -0.022958 -0.129007
v -0.077158 -0.022958 -0.080993
v -0.082386 -0.022958 -0.032053
v -0.085825 -0.022958 0.017545
v -0.087457 -0.022958 0.067527
v -0.085291 -0.023139 0.167547
v 0.042908 -0.022784 0.227586
v 0.086136 -0.022623 0.227472
v 0.086523 -0.022482 0.211197
v 0.087768 -0.022367 0.166328
v 0.087762 -0.022367 0.116335
v 0.086208 -0.022367 0.066443
v 0.082954 -0.022281 0.016877
v -0.082133 -0.022482 -0.032014
v -0.077021 -0.022623 -0.080963
v -0.080653 -0.022958 0.227655
v -0.085273 -0.022958 0.167546
v -0.087018 -0.022482 0.117608
v -0.087134 -0.022623 0.117613
v -0.087220 -0.022784 0.117617
v -0.087062 -0.022367 0.067536
v -0.070116 -0.022784 -0.128992
v 0.088163 -0.022958 0.166338
v 0.086777 -0.022958 0.211211
v -0.087273 -0.022958 0.117619
v 0.042908 -0.023320 0.227655
v 0.086638 -0.022623 0.211203
v 0.083114 -0.022367 0.016854
v 0.078491 -0.022367 -0.032233
v 0.072495 -0.022482 -0.080656
v 0.072609 -0.022623 -0.080684
v 0.072693 -0.022784 -0.080705
v -0.085571 -0.022482 0.017568
v -0.082248 -0.022623 -0.032031
v -0.077106 -0.022784 -0.080981
v -0.045996 -0.023139 0.227679
v -0.080670 -0.023139 0.227679
v 0.078830 -0.022784 -0.032298
v 0.083455 -0.022784 0.016808
v 0.086550 -0.022784 0.066416
v 0.088104 -0.022784 0.116326
v 0.086269 -0.022958 0.227655
v 0.086286 -0.023139 0.227679
v -0.082333 -0.022784 -0.032045
v -0.085772 -0.022784 0.017550
v -0.087404 -0.022784 0.067529
v 0.042908 -0.022958 0.227655
v 0.086218 -0.022784 0.227586
v 0.086724 -0.022784 0.211208
v 0.087908 -0.022482 0.166331
v 0.088024 -0.022623 0.166334
v 0.087902 -0.022482 0.116331
v 0.086349 -0.022482 0.066433
v 0.083254 -0.022482 0.016836
v -0.085687 -0.022623 0.017557
v -0.087202 -0.022482 0.067533
v -0.087318 -0.022623 0.067530
v 0.088110 -0.022784 0.166337
v 0.042908 -0.023139 0.227679
v 0.078630 -0.022482 -0.032259
v 0.078745 -0.022623 -0.032282
v 0.083369 -0.022623 0.016820
v 0.086464 -0.022623 0.066424
v 0.088018 -0.022623 0.116328
v -0.004649 0.033565 -0.202551
v -0.004649 0.036595 -0.198430
v -0.004649 0.495468 0.005826
v -0.004649 0.039176 -0.194014
v -0.004649 0.467727 0.000083
v -0.004649 0.036846 -0.200254
v -0.004649 0.041281 -0.189352
v -0.004649 0.468476 -0.002381
v -0.004649 0.440167 -0.006477
v -0.004649 0.044209 -0.195099
v -0.004649 0.036846 -0.145210
v -0.004649 0.441595 -0.010937
v -0.004649 0.412813 -0.013846
v -0.004649 0.051642 -0.190044
v -0.004649 0.129465 -0.145210
v -0.004649 0.042886 -0.184496
v -0.004649 0.042122 -0.192271
v -0.004649 0.045826 -0.190321
v -0.004649 0.039200 -0.195946
v -0.004649 0.066708 -0.180240
v -0.004649 0.385688 -0.022020
v -0.004649 0.059142 -0.185091
v -0.004649 0.121215 -0.147947
v -0.004649 0.043975 -0.179498
v -0.004649 0.044541 -0.188246
v -0.004649 0.074340 -0.175491
v -0.004649 0.414826 -0.019841
v -0.004649 0.358817 -0.030990
v -0.004649 0.179732 -0.115355
v -0.004649 0.121417 -0.149214
v -0.004649 0.040095 -0.148599
v -0.004649 0.044534 -0.174414
v -0.004649 0.052645 -0.184931
v -0.004649 0.082035 -0.170847
v -0.004649 0.105489 -0.157546
v -0.004649 0.056313 0.048827
v -0.004649 0.388174 -0.029091
v -0.004649 0.332221 -0.040749
v -0.004649 0.204193 -0.101063
v -0.004649 0.113424 -0.153326
v -0.004649 0.113065 -0.150970
v -0.004649 0.044559 -0.169300
v -0.004649 0.046415 -0.183941
v -0.004649 0.089792 -0.166308
v -0.004649 0.097610 -0.161874
v -0.004649 0.476615 0.045524
v -0.004649 0.305926 -0.051290
v -0.004649 0.229064 -0.087499
v -0.004649 0.205283 -0.103396
v -0.004649 0.042876 -0.152382
v -0.004649 0.041446 -0.154331
v -0.004649 0.039385 -0.149650
v -0.004649 0.044047 -0.164210
v -0.004649 0.059648 -0.179782
v -0.004649 0.047712 -0.179429
v -0.004649 0.066825 -0.174880
v -0.004649 0.361646 -0.038685
v -0.004649 0.054487 0.060312
v -0.004649 0.438400 0.050117
v -0.004649 0.279952 -0.062601
v -0.004649 0.254324 -0.074674
v -0.004649 0.105028 -0.154275
v -0.004649 0.043007 -0.159203
v -0.004649 0.048412 -0.174786
v -0.004649 0.074169 -0.170231
v -0.004649 0.335243 -0.048623
v -0.004649 0.054852 0.071936
v -0.004649 0.438654 0.051335
v -0.004649 0.055631 0.059967
v -0.004649 0.230988 -0.091769
v -0.004649 0.045140 -0.156495
v -0.004649 0.048501 -0.170092
v -0.004649 0.081670 -0.165841
v -0.004649 0.047977 -0.165426
v -0.004649 0.089319 -0.161715
v -0.004649 0.046850 -0.160868
v -0.004649 0.097109 -0.157858
v -0.004649 0.282835 -0.069520
v -0.004649 0.308971 -0.058902
v -0.004649 0.037076 0.160055
v -0.004649 0.120765 0.058362
v -0.004649 0.256839 -0.080477
v -0.004649 0.040283 0.186421
v -0.004649 0.057394 0.083283
v -0.004649 0.085909 0.100717
v -0.004649 0.056861 0.071060
v -0.004649 0.400877 0.058249
v -0.004649 0.363318 0.066264
v -0.004649 0.400368 0.056047
v -0.004649 0.073968 0.167798
v -0.004649 0.062025 0.093951
v -0.004649 0.059966 0.081781
v -0.004649 0.326009 0.075370
v -0.004649 0.362568 0.063305
v -0.004649 0.074474 0.168933
v -0.004649 0.108285 0.150364
v -0.004649 0.068577 0.103557
v -0.004649 0.064855 0.091814
v -0.004649 0.288982 0.085562
v -0.004649 0.143192 0.134145
v -0.004649 0.071385 0.100865
v -0.004649 0.325045 0.071883
v -0.004649 0.109160 0.152448
v -0.004649 0.078305 0.129856
v -0.004649 0.287847 0.081770
v -0.004649 0.252267 0.096828
v -0.004649 0.120128 0.125655
v -0.004649 0.144313 0.136984
v -0.004649 0.251016 0.092954
v -0.004649 0.131604 0.123777
v -0.004649 0.108504 0.125343
v -0.004649 0.072121 0.124768
v -0.004649 0.179902 0.122550
v -0.004649 0.086456 0.118271
v -0.004649 0.214600 0.105422
v -0.004649 0.178644 0.119158
v -0.004649 0.088558 0.114997
v -0.004649 0.215898 0.109161
v -0.004649 0.142523 0.119775
v -0.004649 0.097145 0.122852
v -0.004649 0.098696 0.119664
v -0.004649 0.109483 0.122530
v -0.004649 0.131722 0.122587
v -0.004649 0.120600 0.123514
v -0.012242 -0.122150 0.031431
v -0.012242 -0.122150 0.029443
v -0.012162 -0.122150 0.030437
v -0.012476 -0.122150 0.032357
v -0.012476 -0.122150 0.028517
v -0.012849 -0.122150 0.033153
v -0.012849 -0.122150 0.027721
v -0.013335 -0.122150 0.033764
v -0.013335 -0.122150 0.027110
v -0.013901 -0.122150 0.034147
v -0.013901 -0.122150 0.026725
v -0.014508 -0.122150 0.026595
v -0.014508 -0.122150 0.034279
v -0.015115 -0.122150 0.034147
v -0.015115 -0.122150 0.026725
v -0.015680 -0.122150 0.033764
v -0.015680 -0.122150 0.027110
v -0.016166 -0.122150 0.033153
v -0.016166 -0.122150 0.027721
v -0.016539 -0.122150 0.032357
v -0.016539 -0.122150 0.028517
v -0.016773 -0.122150 0.029443
v -0.016773 -0.122150 0.031431
v -0.016853 -0.122150 0.030437
v 0.038398 -0.032353 0.107470
v 0.038003 -0.032353 0.141353
v 0.037771 -0.032353 0.073602
v 0.036585 -0.032353 0.175119
v 0.036122 -0.032353 0.039881
v 0.033459 -0.032353 0.006438
v 0.029791 -0.032353 -0.026596
v 0.025134 -0.032353 -0.059094
v 0.019505 -0.032353 -0.090928
v 0.012926 -0.032353 -0.121975
v 0.005423 -0.032353 -0.152113
v -0.002976 -0.032353 -0.181227
v -0.012090 -0.032353 -0.152783
v -0.020167 -0.032353 -0.123032
v -0.027165 -0.032353 -0.092135
v -0.033045 -0.032353 -0.060259
v -0.037776 -0.032353 -0.027577
v -0.041331 -0.032353 0.005736
v -0.043693 -0.032353 0.039497
v -0.044847 -0.032353 0.073527
v -0.044787 -0.032353 0.107640
v -0.043515 -0.032353 0.141651
v -0.041037 -0.032353 0.175377
v 0.042908 -0.032353 0.208763
v 0.042908 -0.032381 0.209481
v 0.042908 -0.030972 0.215577
v 0.042908 -0.032353 0.202627
v 0.042908 -0.044681 0.209481
v -0.045996 -0.032353 0.198172
v -0.045996 -0.032353 0.208763
v 0.075045 0.000522 0.215510
v 0.077442 -0.001882 0.211598

# 157 UV coordinates
vt 0 0 0
vt -5.21101 16.8683 0
vt -8.95575 15.3331 0
vt 19.1467 15.3331 0
vt -6.06307 19.8771 0
vt -4.76076 17.1993 0
vt 19.1467 76.3881 0
vt 17.5544 67.3319 0
vt -3.26369 24.533 0
vt -4.27835 17.4813 0
vt 17.39 70.8308 0
vt 16.927 64.3011 0
vt -4.96009 17.2267 0
vt -3.76906 17.7112 0
vt 16.6578 64.3831 0
vt 16.2104 61.2902 0
vt -4.3969 18.0311 0
vt 1.05351 17.2267 0
vt 15.7231 61.4462 0
vt 15.4053 58.3017 0
vt -3.84466 18.8431 0
vt 1.05351 27.3454 0
vt -3.2385 17.8867 0
vt -4.0879 17.8032 0
vt -3.87493 18.2079 0
vt -4.48943 17.484 0
vt -2.77348 20.4892 0
vt -0.559844 29.297 0
vt 15.5212 65.3447 0
vt 14.5123 55.3383 0
vt -3.30349 19.6625 0
vt 2.04632 34.1654 0
vt 0.754516 26.4442 0
vt -2.6925 18.0056 0
vt -3.64823 18.0674 0
vt -2.25473 21.3229 0
vt 14.7504 58.5216 0
vt 13.5323 52.4025 0
vt 4.3153 32.8373 0
vt 0.61613 26.4663 0
vt 0.683272 17.5817 0
vt -2.13706 18.0667 0
vt -3.28604 18.9528 0
vt -1.74733 22.1637 0
vt -0.294198 24.7261 0
vt 21.3848 15.8821 0
vt 22.2524 19.3535 0
vt 21.3848 69.8994 0
vt 13.7398 55.6099 0
vt 12.466 49.4969 0
vt 5.87673 35.5096 0
vt 4.55272 39.1343 0
vt 0.166866 25.5931 0
vt 0.424287 25.5539 0
vt -1.57826 18.0693 0
vt -3.1779 18.2721 0
vt -1.25139 23.0112 0
vt -0.766977 23.8654 0
vt 13.542 59.9343 0
vt 39.863 15.8821 0
vt 21.8916 65.2722 0
vt 11.3145 46.6241 0
vt 7.35863 38.2268 0
vt 5.62182 35.6288 0
vt 0.269966 17.8855 0
vt 0.057024 17.7293 0
vt 0.568455 17.5041 0
vt -1.02226 18.0134 0
vt -2.72347 19.7178 0
vt -2.68493 18.4139 0
vt -2.18791 20.5019 0
vt 12.6916 52.7116 0
vt 23.5072 19.154 0
vt 22.3939 65.0892 0
vt 22.3934 61.0971 0
vt 10.0787 43.7865 0
vt 8.75969 40.9866 0
vt 6.95736 44.1997 0
vt 0.063227 24.6756 0
vt -0.475164 17.8997 0
vt -2.17769 18.4903 0
vt -1.68 21.3043 0
vt 11.4538 54.6039 0
vt 11.6059 49.8271 0
vt 24.777 19.1938 0
vt 22.5263 61.1248 0
vt 23.4695 19.2791 0
vt 6.89206 38.4369 0
vt -0.179373 18.1329 0
vt -1.66483 18.4999 0
vt -1.20037 22.1238 0
vt -1.15507 18.4428 0
vt -0.749595 22.9595 0
vt -0.657097 18.3198 0
vt -0.328225 23.8105 0
vt 9.25832 49.3576 0
vt 9.3228 44.1014 0
vt 10.4829 46.9569 0
vt 34.4042 17.2518 0
vt 23.5033 60.322 0
vt 23.294 26.395 0
vt 8.12578 41.2613 0
vt 37.2848 17.6022 0
vt 37.8164 20.0045 0
vt 26.0168 19.4717 0
vt 27.9214 22.5869 0
vt 24.6814 19.4134 0
vt 23.2818 56.9976 0
vt 24.1574 52.8943 0
vt 24.7119 55.6018 0
vt 23.0412 56.9421 0
vt 35.857 24.2082 0
vt 35.2501 21.2823 0
vt 27.1822 19.9775 0
vt 25.8526 19.7526 0
vt 25.1523 48.8182 0
vt 23.8342 52.8124 0
vt 26.0189 50.9326 0
vt 35.3741 21.3376 0
vt 33.3455 25.0315 0
vt 28.2318 20.6934 0
vt 26.9488 20.2868 0
vt 29.0177 22.2023 0
vt 26.2657 44.7729 0
vt 33.9865 28.4896 0
vt 31.5735 28.8451 0
vt 29.1281 21.5938 0
vt 27.9377 21.0002 0
vt 28.7903 21.8718 0
vt 24.7713 48.713 0
vt 27.4231 46.3185 0
vt 33.5732 25.1272 0
vt 31.105 21.7562 0
vt 25.8515 44.6489 0
vt 27.4966 40.7618 0
vt 32.2063 32.845 0
vt 30.646 26.3254 0
vt 31.8836 28.9677 0
vt 27.0734 40.6251 0
vt 28.9232 41.7633 0
vt 30.4408 27.5792 0
vt 30.6119 25.0554 0
vt 30.549 21.0805 0
vt 30.5181 37.2708 0
vt 30.3068 32.8558 0
vt 29.8392 22.6467 0
vt 29.3665 21.9468 0
vt 28.4355 36.6467 0
vt 29.9362 32.7184 0
vt 29.4816 22.8763 0
vt 28.844 36.7883 0
vt 30.0035 28.7721 0
vt 30.3398 23.8144 0
vt 29.9914 23.9839 0
vt 30.3046 25.1624 0
vt 30.3108 27.5921 0
vt 30.4121 26.377 0

# 3004 vertex normals
vn -0.0113592 -0.0227184 0
vn -0.0254 0 0
vn -0.0181185 -0.00874464 -0.0155052
vn 0.0181185 0.00874464 0.0155052
vn 0.0254 -0 -0
vn 0.0113592 0.0227184 0
vn -0.0113598 0.0115302 -0.0195747
vn 0.0113598 -0.0115302 0.0195747
vn -0 -0.0124775 -0.022124
vn -0.0113598 0.0110822 -0.0198318
vn 0.0113598 -0.0110822 0.0198318
vn 0 0.0128913 -0.0218855
vn -0.0247457 0.00571226 0.00042672
vn 0.0247457 -0.00571226 -0.00042672
vn -0.0113597 0.00710832 -0.0215775
vn 0.0113597 -0.00710832 0.0215775
vn -0.0227111 -0.0113738 0
vn 0.0227111 0.0113738 0
vn -0.0113598 0.0106352 -0.0200751
vn 0.0113598 -0.0106352 0.0200751
vn 0 0.0123904 -0.0221729
vn 0 0.00794741 -0.0241246
vn -0.00803219 -0.0240966 0
vn 0.00803219 0.0240966 0
vn -0.0113597 0.00754375 -0.0214292
vn 0.0113597 -0.00754375 0.0214292
vn 0 0.0253294 0.00189215
vn 0 0.00843425 -0.0239588
vn -0.01136 0.00389105 0.0223824
vn 0.01136 -0.00389105 -0.0223824
vn -0.0113598 0.0101893 -0.020305
vn 0.0113598 -0.0101893 0.020305
vn 0 0.0118906 -0.0224449
vn 0 0.0115667 0.0226135
vn -0.00890263 0.0115281 0.0208088
vn 0.0127494 0.013377 0.0174261
vn -0.0154073 0.0114639 0.0166239
vn 0.00890263 0.0115281 0.0208088
vn -0.0113597 0.00798078 -0.0212703
vn 0.0113597 -0.00798078 0.0212703
vn 0 0.00892287 -0.0237811
vn 0.0227038 0.0113885 0
vn 0.0223981 0.0113911 0.00370528
vn 0.00202039 0.0113954 -0.0226102
vn 0.0223981 0.0113911 -0.00370528
vn -0.0113598 0.00974463 -0.0205221
vn 0.0113598 -0.00974463 0.0205221
vn 0 0.0113921 -0.022702
vn -0.0125551 0.0132867 0.0176349
vn 0.0154073 0.0114639 0.0166239
vn 0.0213765 0.0114005 0.0076312
vn 0.0213765 0.0114005 -0.0076312
vn -0.01136 0.00447802 0.0222723
vn 0.01136 -0.00447802 -0.0222723
vn -0.017778 0.0113592 0.0141446
vn 0.0192809 0.0114216 0.0119564
vn -0.0113597 0.00841941 -0.0211005
vn 0.0113597 -0.00841941 0.0211005
vn 0 0.00941329 -0.0235913
vn 0.0217563 0.0113603 0.00653969
vn 0.0192809 0.0114216 -0.0119564
vn -0.0113597 0.00930138 -0.0207268
vn 0.0113597 -0.00930138 0.0207268
vn 0 0.010895 -0.0229447
vn -0.0192809 0.0114216 0.0119564
vn 0.0219488 0.0113603 0.00586118
vn 0.017778 0.0113592 -0.0141446
vn -0.017515 -0.00965982 0.0156548
vn 0.017515 0.00965982 -0.0156548
vn -0.01136 0.0050673 0.0221457
vn 0.01136 -0.0050673 -0.0221457
vn -0.0213765 0.0114005 0.0076312
vn 3.92176e-05 0.0248049 -0.00546593
vn -0.021579 0.0113603 0.00710281
vn 0 0.00990549 -0.0233889
vn 0.0221202 0.0113603 0.00517703
vn 0.0154073 0.0114639 -0.0166239
vn -0.0113603 0.00988296 0.0204556
vn 0.0113603 -0.00988296 -0.0204556
vn -0.0113597 0.00885962 -0.0209194
vn 0.0113597 -0.00885962 0.0209194
vn 0 0.0103994 -0.0231735
vn -0.0223981 0.0113911 0.00370528
vn 0.0120232 0.0219177 -0.00449608
vn -0.00897971 0.0234665 -0.00372107
vn 0.0222702 0.0113603 0.00448788
vn 0.00890263 0.0115281 -0.0208088
vn -0.0227038 0.0113885 0
vn -2.80416e-05 0.0250972 0.00391053
vn 0.00897971 0.0234666 0.00372105
vn -0.0217877 0.0113603 0.00643418
vn 0.0121942 0.0219176 -0.00401005
vn -0.0119755 0.0219182 -0.00461927
vn -0.0113601 0.0056591 0.0220019
vn 0.0113601 -0.0056591 -0.0220019
vn 0.00267833 0.0113756 -0.0225518
vn -0.0121827 0.021918 -0.00404259
vn 0 0.0115667 -0.0226135
vn -0.0113602 0.0092707 0.0207403
vn 0.0113602 -0.0092707 -0.0207403
vn -0.00910275 0.0234673 0.00340396
vn -0.00915254 0.0234665 -0.00327302
vn -4.21132e-05 0.0113756 -0.0227102
vn -0.0123515 0.0219179 -0.00349402
vn -0.00890263 0.0115281 -0.0208088
vn -0.0223981 0.0113911 -0.00370528
vn 0.00131188 0.0253661 1.68148e-05
vn 0.000283566 0.0253405 -0.00171364
vn 0.00906653 0.0234676 0.0034972
vn -0.0219757 0.0113603 0.00575943
vn 0.0123379 0.0219175 -0.00354394
vn -0.00923219 0.0234672 0.00303601
vn -0.0113601 0.00625361 0.0218404
vn 0.0113601 -0.00625361 -0.0218404
vn 0.000475513 0.0113612 -0.0227125
vn -0.00276195 0.0113756 -0.0225417
vn 0.0223988 0.0113603 0.00379438
vn 0.0092234 0.0234675 0.00306062
vn -0.0154073 0.0114639 -0.0166239
vn -0.0113602 0.00866127 0.0210021
vn 0.0113602 -0.00866127 -0.0210021
vn 0.00333027 0.0251751 -0.000533197
vn 0.00989617 0.0230306 0.00410083
vn 0.00253967 0.0113735 0.0225689
vn -0.002513 0.0113732 0.022572
vn -0.0124883 0.0219177 -0.00296903
vn 0.00915254 0.0234666 0.00327302
vn 0.00935124 0.0234673 0.00264531
vn -0.0192809 0.0114216 -0.0119564
vn -0.0213765 0.0114005 -0.0076312
vn -0.000855802 0.025385 0.000168148
vn -0.0221428 0.0113603 0.00507921
vn -0.00934103 0.0234671 0.0026831
vn 0.00565861 0.0247415 -0.000999134
vn -0.0113601 0.00685099 0.0216604
vn 0.0113601 -0.00685099 -0.0216604
vn 0.00142017 0.0253602 -3.98018e-05
vn 0.00504749 0.0113735 0.0221433
vn 0.00189977 0.0113672 -0.0226349
vn -0.00499514 0.0113732 0.0221553
vn -0.00140526 0.0253611 -3.89636e-05
vn 0.00749201 0.0113735 0.02144
vn -0.00544203 0.0113756 -0.0220486
vn 0.0225058 0.0113603 0.00309725
vn -0.00296344 0.0252228 -0.000433172
vn 0.00922678 0.0234337 0.00329956
vn -0.0113602 0.0080548 0.0212421
vn 0.0113602 -0.0080548 -0.0212421
vn 0.0124583 0.0219174 -0.00309491
vn 0 0.0113592 -0.0227184
vn 0.00142017 -0.0253602 -3.98018e-05
vn 0.00253967 -0.0113735 0.0225689
vn -0.00741596 0.0113732 0.0214666
vn -0.00499514 -0.0113732 0.0221553
vn -0.002513 -0.0113732 0.022572
vn 0.00984253 0.0113735 0.0204677
vn -0.00804375 0.0113756 -0.021238
vn -0.0169459 0.0113756 -0.0151192
vn -0.012598 0.0219176 -0.00246329
vn 0.00945487 0.0234673 0.00224785
vn -0.00541355 0.0247994 -0.000918794
vn 0.00378623 0.0113672 -0.0223967
vn -0.0222889 0.0113603 0.00439415
vn 0.00829938 0.0239672 -0.00136088
vn -0.00943216 0.0234671 0.00234315
vn -0.0113601 0.00745137 0.0214613
vn 0.0113601 -0.00745137 -0.0214613
vn 0.00504749 -0.0113735 0.0221433
vn -0.00974568 0.0113732 0.0205142
vn -0.00741596 -0.0113732 0.0214666
vn -0.00140526 -0.0253611 -3.89636e-05
vn 0 -0 -0.0254
vn 0.00749201 -0.0113735 0.02144
vn 0.0120696 0.0113735 0.0192387
vn -0.0105296 0.0113756 -0.0201217
vn 0.0225911 0.0113603 0.00239713
vn -0.015013 0.0113756 -0.0170401
vn -0.0186349 0.0113756 -0.0129807
vn -0.00820232 0.0240059 -0.00126398
vn 0.00564614 0.0113672 -0.0220016
vn 0.0125583 0.0219174 -0.00266032
vn -0.00974568 -0.0113732 0.0205142
vn 0.00984253 -0.0113735 0.0204677
vn 0.0141452 0.0113735 0.0177684
vn -0.0128639 0.0113756 -0.0187156
vn 0.0144929 0.0145013 -0.0149942
vn -0.0126842 0.0219176 -0.00197279
vn -0.0200555 0.0113756 -0.0106552
vn 0.00953793 0.0234672 0.00186497
vn -0.0112908 0.0227071 -0.00143746
vn -0.0224138 0.0113603 0.00370492
vn 0.0180866 0.0113672 -0.0137413
vn 0.00746651 0.0113672 -0.0214522
vn 0.0112262 0.0227288 -0.00159243
vn -0.00950796 0.023467 0.00201412
vn -0.0119557 0.0113732 0.0193099
vn -0.0119557 -0.0113732 0.0193099
vn 0.0120696 -0.0113735 0.0192387
vn 0.0160435 0.0113735 0.0160752
vn 0.0226546 0.0113603 0.00169471
vn -0.0118052 0.0129776 -0.0183679
vn 0.0102447 0.0124801 -0.0196075
vn 0.0168739 0.0113672 -0.0152059
vn 0.00923455 0.0113672 -0.0207526
vn 0.0126406 0.0219173 -0.00223761
vn 0.0141452 -0.0113735 0.0177684
vn 0.0177404 0.0113735 0.0141803
vn 0.0192149 0.0113735 0.0121075
vn 0.0226963 0.0113603 0.000990651
vn 0.00960318 0.0234672 0.0014936
vn -0.0140189 0.0113732 0.0178684
vn -0.0225173 0.0113603 0.00301216
vn 0.015543 0.0113672 -0.0165639
vn 0.0109379 0.0113672 -0.0199075
vn -0.01591 0.0113732 0.0162075
vn 0.0143587 0.020886 -0.00166299
vn -0.00957024 0.023467 0.0016941
vn -0.0140189 -0.0113732 0.0178684
vn -0.00165771 -0.0253458 5.42798e-05
vn 0.00165771 -0.0253458 5.42798e-05
vn 0.0160435 -0.0113735 0.0160752
vn 0.0177404 -0.0113735 0.0141803
vn 0.0204483 0.0113735 0.00988291
vn 0.0129356 0.013468 0.0172175
vn -0.0127496 0.0219175 -0.0014937
vn 0.022714 0.0113603 -0.000419659
vn -0.0145752 0.0207545 -0.00140414
vn 0.0141032 0.0113672 -0.0178058
vn 0.0125646 0.0113672 -0.018923
vn -0.0176056 0.0113732 0.0143475
vn 0.0127069 0.0219173 -0.00182436
vn 0.00587743 -0.0113787 -0.0219349
vn -0.0129503 -0.0184339 0.0117321
vn 0.00296408 -0.0113787 -0.0225144
vn 0.00869026 -0.0113787 -0.0209801
vn 0.0113544 -0.0113787 -0.0196663
vn -0.00587743 -0.0113787 -0.0219349
vn -0.00869026 -0.0113787 -0.0209801
vn -0.00296408 -0.0113787 -0.0225144
vn -0.0113544 -0.0113787 -0.0196663
vn 0.0192149 -0.0113735 0.0121075
vn 0.0204483 -0.0113735 0.00988291
vn 0.0214252 0.0113735 0.0075343
vn -0.00911774 0.020638 -0.0116662
vn 0.0227161 0.0113603 0.000285623
vn 0.00965269 0.0234671 0.00113088
vn -0.01591 -0.0113732 0.0162075
vn -0.0225995 0.0113603 0.00231656
vn -0.0146363 0.0146366 -0.014721
vn -0.0128365 0.013419 0.0173296
vn -0.0203301 0.0113732 0.0101241
vn -0.0190851 0.0113732 0.0123114
vn 0.017532 0.0183142 -0.00154198
vn -0.00962043 0.023467 0.00138123
vn 0.0138242 -0.0113787 -0.018016
vn -0.0138242 -0.0113787 -0.018016
vn 0.0160575 -0.0113787 -0.0160575
vn 0.0214252 -0.0113735 0.0075343
vn -0.00061849 -0.0156449 0.0200003
vn -0.012796 0.0219175 -0.0010224
vn -0.00121506 0.0253709 2.91084e-05
vn -0.0178542 0.0180306 -0.0011336
vn -0.0226602 0.0113603 0.00161872
vn -0.0213255 0.0113732 0.00781238
vn -0.0176056 -0.0113732 0.0143475
vn 0.0127587 0.0219172 -0.00141826
vn -0.0160575 -0.0113787 -0.0160575
vn 0.018016 -0.0113787 -0.0138242
vn -0.0235333 0.00949239 0.00111293
vn 0.00968789 0.0234671 0.000774065
vn -0.0226993 0.0113603 0.000919379
vn -0.0227169 0.0113603 0.000219126
vn 0 0.0254 0
vn -0.0203301 -0.0113732 0.0101241
vn -0.0190851 -0.0113732 0.0123114
vn 0.0204831 0.0149712 -0.00121056
vn -0.00965962 0.023467 0.00107379
vn -0.018016 -0.0113787 -0.0138242
vn 0.0196663 -0.0113787 -0.0113544
vn -0.0175252 0 0.0183856
vn -0.0128248 0.0219175 -0.000555371
vn -0.0128312 0.0219175 0.000379476
vn -0.0208238 0.0145309 -0.000616636
vn 0 0.0179605 0.0179605
vn 0.00971497 0.0234665 -0.000317983
vn -0.0213255 -0.0113732 0.00781238
vn 0.0127969 0.0219172 -0.00101712
vn -0.0196663 -0.0113787 -0.0113544
vn 0.0209801 -0.0113787 -0.00869026
vn -0.0227185 0 0.0113592
vn 0.00970969 0.0234671 0.000420472
vn -0.00712544 0.0243744 0.000527025
vn 0.017976 0 0.0179451
vn 0.0128224 0.0219172 -0.000618769
vn 0.000674777 -0.0155455 0.0200759
vn 0.0228934 0.0109815 -0.000677824
vn -0.00968858 0.023467 0.000770052
vn -0.0209801 -0.0113787 -0.00869026
vn 0.0219349 -0.0113787 -0.00587743
vn -5.42798e-05 -0.0253458 -0.00165771
vn -0.0128366 0.0219175 -8.92302e-05
vn -0.0244538 0.00671685 0.00143327
vn -0.0231495 0.0104522 0.000117018
vn -0.00970786 0.023467 0.000468452
vn -0.0219349 -0.0113787 -0.00587743
vn 0.0225144 -0.0113787 -0.00296408
vn -0.0253461 0 -0.00165418
vn 0.00971855 0.0234671 6.75386e-05
vn -0.00971494 0.0234666 0.000317983
vn 0.0245089 0.0066689 1.02616e-05
vn -0.0225144 -0.0113787 -0.00296408
vn -0.0246127 0.00619511 0.000997382
vn 0.0227185 0 0.0113592
vn 0.0253641 0.00129746 0.000370561
vn 5.42798e-05 -0.0253458 -0.00165771
vn 0.0253461 -0 -0.00165418
vn 0.0129503 -0.0184339 0.0117321
vn -0.0252274 0.00222971 0.0019413
vn 0 0.0124775 0.022124
vn 0 -0.0254 0
vn 0 -0.0128913 0.0218855
vn -0 -0.0115667 -0.0226135
vn 0 -0.0123904 0.0221729
vn 0.00890263 -0.0115281 -0.0208088
vn -0.00890263 -0.0115281 -0.0208088
vn 0 -0.00794741 0.0241246
vn -0.0223981 -0.0113911 -0.00370528
vn 0.0154073 -0.0114639 -0.0166239
vn -0.0154073 -0.0114639 -0.0166239
vn 0 -0.0253294 -0.00189215
vn 0 -0.00843425 0.0239588
vn -0.0213765 -0.0114005 -0.0076312
vn -0.0227038 -0.0113885 0
vn -0.0223981 -0.0113911 0.00370528
vn 0 -0.0118906 0.0224449
vn 0.0140548 -0.0179605 -0.0111823
vn -0.0140548 0.0179605 0.0111823
vn -0.0192809 -0.0114216 -0.0119564
vn -0.0213765 -0.0114005 0.0076312
vn 0.0192809 -0.0114216 -0.0119564
vn -0.0127494 -0.013377 -0.0174261
vn 0 -0.00892287 0.0237811
vn 0 -0.00435041 -0.0250247
vn -0.00202039 -0.0113954 0.0226102
vn -0.0192809 -0.0114216 0.0119564
vn 0 -0.0113921 0.022702
vn 0.0213765 -0.0114005 -0.0076312
vn 0.017778 -0.0113592 -0.0141446
vn 0.0125551 -0.0132867 -0.0176349
vn -0.0140548 -0.0179605 0.0111823
vn 0.0140548 0.0179605 -0.0111823
vn 0.0223981 -0.0113911 -0.00370528
vn 0 -0.00941329 0.0235913
vn 0 -0.00500667 -0.0249017
vn -0.0217563 -0.0113603 -0.00653969
vn -0.017778 -0.0113592 0.0141446
vn -0.0154073 -0.0114639 0.0166239
vn 0 -0.010895 0.0229447
vn 0.0179316 -0.0179894 -0
vn -0.0179316 0.0179894 0
vn -0.0219488 -0.0113603 -0.00586118
vn 0 -0.0115667 0.0226135
vn -0.00890263 -0.0115281 0.0208088
vn -3.92176e-05 -0.0248049 0.00546593
vn 0.021579 -0.0113603 -0.00710281
vn 0 -0.00990549 0.0233889
vn 0 -0.0056655 -0.0247601
vn -0.0221202 -0.0113603 -0.00517703
vn 0.00890263 -0.0115281 0.0208088
vn 0 -0.0103994 0.0231735
vn 0.0227038 -0.0113885 -0
vn -0.0120232 -0.0219177 0.00449608
vn 0.00897971 -0.0234665 0.00372107
vn -0.0222702 -0.0113603 -0.00448788
vn 0.0154073 -0.0114639 0.0166239
vn 0 -0.0110497 -0.0228706
vn 0 -0.0133382 0.021616
vn 0 0.0133382 -0.021616
vn 0.0223981 -0.0113911 0.00370528
vn 2.80416e-05 -0.0250972 -0.00391053
vn -0.00897971 -0.0234666 -0.00372105
vn 0.0217877 -0.0113603 -0.00643418
vn -0.0121942 -0.0219176 0.00401005
vn 0.0119755 -0.0219182 0.00461927
vn 0 -0.00632717 -0.0245993
vn -0.00267833 -0.0113756 0.0225518
vn 0.0121827 -0.021918 0.00404259
vn 0.0192809 -0.0114216 0.0119564
vn 0 -0.0103652 -0.0231889
vn 0.00910275 -0.0234673 -0.00340396
vn 0.00915254 -0.0234665 0.00327302
vn 4.21132e-05 -0.0113756 0.0227102
vn 0.0123515 -0.0219179 0.00349402
vn 0.0213765 -0.0114005 0.0076312
vn -0.00131188 -0.0253661 -1.68148e-05
vn -0.000283566 -0.0253405 0.00171364
vn -0.00906653 -0.0234676 -0.0034972
vn 0.0219757 -0.0113603 -0.00575943
vn -0.0123379 -0.0219175 0.00354394
vn 0.00923219 -0.0234672 -0.00303601
vn 0 -0.00699188 -0.0244187
vn -0.000475513 -0.0113612 0.0227125
vn 0.00276195 -0.0113756 0.0225417
vn -0.0223988 -0.0113603 -0.00379438
vn -0.0092234 -0.0234675 -0.00306062
vn 0 -0.0096838 -0.0234816
vn -0.00333027 -0.0251751 0.000533197
vn -0.00989617 -0.0230306 -0.00410083
vn -0.00253967 -0.0113735 -0.0225689
vn 0.002513 -0.0113732 -0.022572
vn 0.0124883 -0.0219177 0.00296903
vn -0.00915254 -0.0234666 -0.00327302
vn -0.00935124 -0.0234673 -0.00264531
vn -0.016512 -0.0183855 0.00587268
vn 0.016512 0.0183855 -0.00587268
vn -0.0180077 -0.0170163 0.00559737
vn 0.0180077 0.0170163 -0.00559737
vn 0.0160564 -0.0187557 0.00596484
vn 0.000855802 -0.025385 -0.000168148
vn 0.0221428 -0.0113603 -0.00507921
vn 0.00934103 -0.0234671 -0.0026831
vn -0.00565861 -0.0247415 0.000999134
vn 0 -0.0076598 -0.0242175
vn -0.00142017 -0.0253602 3.98018e-05
vn -0.00504749 -0.0113735 -0.0221433
vn -0.00189977 -0.0113672 0.0226349
vn 0.00499514 -0.0113732 -0.0221553
vn 0.00140526 -0.0253611 3.89636e-05
vn -0.00749201 -0.0113735 -0.02144
vn 0.00544203 -0.0113756 0.0220486
vn -0.0225058 -0.0113603 -0.00309725
vn 0.00296344 -0.0252228 0.000433172
vn -0.00922678 -0.0234337 -0.00329956
vn 0 -0.00900572 -0.0237499
vn -0.000345491 -0.0242389 0.00758386
vn 0.000345491 0.0242389 -0.00758386
vn -0.0194452 -0.0154786 0.00524002
vn 0.0194452 0.0154786 -0.00524002
vn -0.0124583 -0.0219174 0.00309491
vn 0 -0.0113592 0.0227184
vn -0.00142017 0.0253602 3.98018e-05
vn -0.00253967 0.0113735 -0.0225689
vn 0.00741596 -0.0113732 -0.0214666
vn 0.00499514 0.0113732 -0.0221553
vn 0.002513 0.0113732 -0.022572
vn -0.00984253 -0.0113735 -0.0204677
vn 0.00804375 -0.0113756 0.021238
vn 0.0169459 -0.0113756 0.0151192
vn 0.012598 -0.0219176 0.00246329
vn -0.00945487 -0.0234673 -0.00224785
vn 0.00541355 -0.0247994 0.000918794
vn -0.00378623 -0.0113672 0.0223967
vn -0.0218793 0.0109502 0.00682295
vn -0.0217518 0.011206 0.00681528
vn -0.000437794 0.0214457 0.0136033
vn 0.000145517 -0.0210279 -0.0142466
vn 0.0210816 -0.0122552 -0.00710883
vn 0.0214425 -0.0115368 -0.00723057
vn -0.0214425 0.0115368 0.00723057
vn -0.0210816 0.0122552 0.00710883
vn -0.000145517 0.0210279 0.0142466
vn -0.0240683 0 0.00811649
vn -0.000116002 0.0227664 0.0112622
vn -0.000230454 0 0.025399
vn 0.000230454 0 -0.025399
vn 0.000116002 -0.0227664 -0.0112622
vn 0.0240683 0 -0.00811649
vn -0.0223901 0.0103584 0.00604553
vn -0.0222746 0.0106068 0.00604142
vn 0.0213898 -0.0121794 -0.00626892
vn 0.0217514 -0.0114629 -0.00637494
vn -0.0217514 0.0114629 0.00637494
vn -0.0213898 0.0121794 0.00626892
vn -0.0243746 0 0.00714416
vn -0.0197066 0.0145826 0.00664517
vn 0.0197066 -0.0145826 -0.00664517
vn 0.0243746 0 -0.00714416
vn -0.0227985 0.00988195 0.00526644
vn -0.0226929 0.0101229 0.00526489
vn 0.0216464 -0.0121151 -0.00546042
vn 0.0220085 -0.0114002 -0.00555178
vn -0.0220085 0.0114002 0.00555178
vn -0.0216464 0.0121151 0.00546042
vn -0.0246284 0 0.00621299
vn -0.0199756 0.0145554 0.00585447
vn 0.0199756 -0.0145554 -0.00585447
vn 0.0246284 0 -0.00621299
vn 0.0177053 -0.0173217 0.00562516
vn 0.0214267 0.011549 0.00725785
vn 0.0214636 0.0115592 0.00713151
vn -0.0209641 -0.0122848 -0.00739953
vn -0.0213247 -0.0115656 -0.00752691
vn 0.0213247 0.0115656 0.00752691
vn 0.0209641 0.0122848 0.00739953
vn 0.0239515 0 0.00845485
vn -0.0239515 0 -0.00845485
vn 0.0222889 -0.0113603 -0.00439415
vn -0.00829938 -0.0239672 0.00136088
vn 0.00943216 -0.0234671 -0.00234315
vn -0.0207828 -0.0137915 0.00479864
vn 0.0207828 0.0137915 -0.00479864
vn 0 -0.00833105 -0.0239949
vn -0.00504749 0.0113735 -0.0221433
vn 0.00974568 -0.0113732 -0.0205142
vn 0.00741596 0.0113732 -0.0214666
vn 0.00140526 0.0253611 3.89636e-05
vn 0 0 0.0254
vn -0.00749201 0.0113735 -0.02144
vn -0.0120696 -0.0113735 -0.0192387
vn 0.0105296 -0.0113756 0.0201217
vn -0.0225911 -0.0113603 -0.00239713
vn 0.015013 -0.0113756 0.0170401
vn 0.0186349 -0.0113756 0.0129807
vn 0.00820232 -0.0240059 0.00126398
vn 0.0192823 -0.0156993 0.00518485
vn -0.000598932 0.0213679 0.0137191
vn 0.000139802 -0.0215188 -0.0134937
vn -0.000139802 0.0215188 0.0134937
vn -0.0231157 0.00952175 0.00449024
vn 0.0218585 -0.0120611 -0.00467924
vn -0.0218585 0.0120611 0.00467924
vn -0.0201994 0.0145321 0.00509539
vn 0.0201994 -0.0145321 -0.00509539
vn 0.0221469 0.0106813 0.00637057
vn 0.0221724 0.0107034 0.00624355
vn -0.021342 -0.0121922 -0.0064054
vn -0.0217036 -0.0114753 -0.00651398
vn 0.0217036 0.0114753 0.00651398
vn 0.021342 0.0121922 0.0064054
vn 0.0199339 0.0145605 0.00598277
vn 0.0243277 0 0.00730212
vn -0.0243277 0 -0.00730212
vn -0.0199339 -0.0145605 -0.00598277
vn 0.0196037 0.0145936 0.00691942
vn -0.0196037 -0.0145936 -0.00691942
vn -0.00564614 -0.0113672 0.0220016
vn -0.0125583 -0.0219174 0.00266032
vn -0.023018 0.0097554 0.00449059
vn 0.0222209 -0.0113475 -0.00475684
vn -0.0222209 0.0113475 0.00475684
vn -0.0248372 0 0.00531716
vn 0.0248372 0 -0.00531716
vn -0.00587743 0.0113787 0.0219349
vn 0.00974568 0.0113732 -0.0205142
vn 0.00587743 0.0113787 0.0219349
vn 0.00869026 0.0113787 0.0209801
vn 0.00296408 0.0113787 0.0225144
vn -0.00984253 0.0113735 -0.0204677
vn -0.0141452 -0.0113735 -0.0177684
vn 0.0128639 -0.0113756 0.0187156
vn -0.0144929 -0.0145013 0.0149942
vn 0.0126842 -0.0219176 0.00197279
vn 0.0200555 -0.0113756 0.0106552
vn -0.00953793 -0.0234672 -0.00186497
vn 0.0112908 -0.0227071 0.00143746
vn 0.0207369 -0.0139135 0.00464279
vn 0.0202971 -0.0136509 -0.00684416
vn -0.0202971 0.0136509 0.00684416
vn 0.0206031 -0.0135725 -0.00603827
vn -0.0206031 0.0135725 0.00603827
vn -3.99542e-05 0.0252394 0.00285138
vn 3.99542e-05 -0.0252394 -0.00285138
vn 0.0208582 -0.013506 -0.00526151
vn -0.0208582 0.013506 0.00526151
vn -0.00748233 0.0241415 0.00252258
vn 0.00748233 -0.0241415 -0.00252258
vn 0.0210693 -0.0134501 -0.00451023
vn -0.0210693 0.0134501 0.00451023
vn -0.00763288 0.0241225 0.00223665
vn 0.00763288 -0.0241225 -0.00223665
vn 0.022724 0.00994105 0.00547329
vn -0.0216474 -0.0121157 -0.00545524
vn 0.0216474 0.0121157 0.00545524
vn 0.0202001 0.0145327 0.00509052
vn -0.0202001 -0.0145327 -0.00509052
vn -0.0201804 -0.0136813 -0.00712277
vn 0.0201804 0.0136813 0.00712277
vn -0.0205555 -0.0135857 -0.0061692
vn 0.0205555 0.0135857 0.0061692
vn 0.00742511 0.0241488 0.00262004
vn -0.00742511 -0.0241488 -0.00262004
vn 0.0224138 -0.0113603 -0.00370492
vn -0.0180866 -0.0113672 0.0137413
vn -0.00746651 -0.0113672 0.0214522
vn -0.0112262 -0.0227288 0.00159243
vn -0.0219808 -0.0119884 0.00427581
vn 0.0219808 0.0119884 -0.00427581
vn 0.00950796 -0.023467 -0.00201412
vn -0.0233507 0.00927733 0.0037197
vn 0.0220315 -0.0120165 -0.0039214
vn -0.0220315 0.0120165 0.0039214
vn -0.020384 0.0145125 0.00436359
vn 0.020384 -0.0145125 -0.00436359
vn -0.00165771 0.0253458 -5.42798e-05
vn -0.00296408 0.0113787 0.0225144
vn -0.00869026 0.0113787 0.0209801
vn 0.0119557 -0.0113732 -0.0193099
vn 0.0119557 0.0113732 -0.0193099
vn 0.0113544 0.0113787 0.0196663
vn -0.0113544 0.0113787 0.0196663
vn -0.0120696 0.0113735 -0.0192387
vn -0.0160435 -0.0113735 -0.0160752
vn -0.0226546 -0.0113603 -0.00169471
vn 0.0118052 -0.0129776 0.0183679
vn 0.0220222 -0.0120062 0.00400396
vn 0.0231758 0.00933374 0.00457426
vn 0.0227388 0.00997623 0.00534624
vn 0.0231805 0.00938307 0.00444767
vn -0.0218916 -0.0120534 -0.00454256
vn -0.0220095 -0.0114007 -0.00554655
vn -0.022254 -0.01134 -0.0046178
vn 0.022254 0.01134 0.0046178
vn 0.0220095 0.0114007 0.00554655
vn 0.0218916 0.0120534 0.00454256
vn 0.0248702 0 0.00516098
vn 0.0246299 0 0.0062073
vn -0.0246299 0 -0.0062073
vn -0.0248702 0 -0.00516098
vn 0.000129108 -0.0223306 -0.0121033
vn -0.000129108 0.0223306 0.0121033
vn 0.0212416 -0.0134038 -0.00378074
vn -0.0212416 0.0134038 0.00378074
vn -0.00776018 0.0241062 0.00195722
vn 0.00776018 -0.0241062 -0.00195722
vn -0.0208591 -0.0135066 -0.00525648
vn 0.0208591 0.0135066 0.00525648
vn 0.00760895 0.0241257 0.0022831
vn -0.00760895 -0.0241257 -0.0022831
vn -0.0102447 -0.0124801 0.0196075
vn -0.0168739 -0.0113672 0.0152059
vn -0.00923455 -0.0113672 0.0207526
vn -0.0126406 -0.0219173 0.00223761
vn -0.023259 0.0095042 0.00372161
vn 0.022394 -0.0113041 -0.00398595
vn -0.022394 0.0113041 0.00398595
vn -0.0250069 0 0.0044512
vn 0.0250069 0 -0.0044512
vn 0.0138242 0.0113787 0.018016
vn 0.00165771 0.0253458 -5.42798e-05
vn -0.0138242 0.0113787 0.018016
vn -0.0141452 0.0113735 -0.0177684
vn -0.0177404 -0.0113735 -0.0141803
vn -0.0192149 -0.0113735 -0.0121075
vn -0.0226963 -0.0113603 -0.000990651
vn -0.00960318 -0.0234672 -0.0014936
vn 0.0231022 -0.0100346 0.00327932
vn 0.0235181 0.00886163 0.00367845
vn 0.0235131 0.00892607 0.00355265
vn -0.0220832 -0.0120038 -0.00366095
vn -0.0224458 -0.0112917 -0.0037211
vn 0.0224458 0.0112917 0.0037211
vn 0.0220832 0.0120038 0.00366095
vn 0.0205794 0.0144917 0.00341165
vn 0.025058 0 0.00415437
vn -0.025058 0 -0.00415437
vn -0.0205794 -0.0144917 -0.00341165
vn 0.0204127 0.01451 0.00423568
vn -0.0204127 -0.01451 -0.00423568
vn 0.0140189 -0.0113732 -0.0178684
vn 0.0194335 -0.0149852 -0.00655287
vn -0.0194335 0.0149852 0.00655287
vn 0.0197359 -0.0149064 -0.00578404
vn -0.0197359 0.0149064 0.00578404
vn 0.0199884 -0.0148393 -0.00504203
vn -0.0199884 0.0148393 0.00504203
vn -3.20294e-05 0.0252996 0.0022561
vn 3.20294e-05 -0.0252996 -0.0022561
vn 0.00597017 0.0245984 0.00210663
vn -0.00597017 -0.0245984 -0.00210663
vn 0.0201974 -0.0147828 -0.00432354
vn -0.0201974 0.0147828 0.00432354
vn -0.00601683 0.0245936 0.00202847
vn 0.00601683 -0.0245936 -0.00202847
vn 0.0203682 -0.0147361 -0.00362527
vn -0.0203682 0.0147361 0.00362527
vn -0.00613959 0.0245811 0.00179906
vn 0.00613959 -0.0245811 -0.00179906
vn -0.0211021 -0.0134421 -0.00437866
vn 0.0211021 0.0134421 0.00437866
vn 0.00776026 0.0241064 0.00195517
vn -0.00776026 -0.0241064 -0.00195517
vn -0.0193182 -0.0150159 -0.0068183
vn 0.0193182 0.0150159 0.0068183
vn -0.0196888 -0.0149197 -0.00590896
vn 0.0196888 0.0149197 0.00590896
vn -0.0199891 -0.0148399 -0.00503715
vn 0.0199891 0.0148399 0.00503715
vn 0.0225173 -0.0113603 -0.00301216
vn -0.015543 -0.0113672 0.0165639
vn -0.0109379 -0.0113672 0.0199075
vn 0.01591 -0.0113732 -0.0162075
vn -0.0143587 -0.020886 0.00166299
vn -0.0230068 -0.0101151 0.00367873
vn 0.0230068 0.0101151 -0.00367873
vn -0.0235106 0.00914723 0.00295638
vn 0.0221697 -0.0119805 -0.003183
vn -0.0221697 0.0119805 0.003183
vn -0.0205345 0.0144961 0.00365493
vn 0.0205345 -0.0144961 -0.00365493
vn 0.00957024 -0.023467 -0.0016941
vn 0.0213793 -0.0133664 -0.00306949
vn -0.0213793 0.0133664 0.00306949
vn -0.00786671 0.0240923 0.00168377
vn 0.00786671 -0.0240923 -0.00168377
vn 0.0140189 0.0113732 -0.0178684
vn -0.0160575 0.0113787 0.0160575
vn -0.0160435 0.0113735 -0.0160752
vn -0.0177404 0.0113735 -0.0141803
vn -0.0204483 -0.0113735 -0.00988291
vn -0.0129356 -0.013468 -0.0172175
vn 0.0127496 -0.0219175 0.0014937
vn -0.022714 -0.0113603 0.000419659
vn 0.0145752 -0.0207545 0.00140414
vn 0.0237636 0.0085251 0.00278831
vn 0.023749 0.00860542 0.0026635
vn -0.0222288 -0.0119656 -0.00280424
vn -0.0225914 -0.0112546 -0.00284998
vn 0.0225914 0.0112546 0.00284998
vn 0.0222288 0.0119656 0.00280424
vn 0.0207059 0.0144777 0.00261211
vn 0.0252003 0 0.00317927
vn -0.0252003 0 -0.00317927
vn -0.0207059 -0.0144777 -0.00261211
vn -0.021293 -0.0133906 -0.00352991
vn 0.021293 0.0133906 0.00352991
vn 0.000119329 -0.0229632 -0.0108554
vn -0.000119329 0.0229632 0.0108554
vn 0.020505 -0.0146983 -0.00294391
vn -0.020505 0.0146983 0.00294391
vn -0.00624347 0.0245703 0.00157467
vn 0.00624347 -0.0245703 -0.00157467
vn -0.0202299 -0.0147747 -0.0041976
vn 0.0202299 0.0147747 0.0041976
vn 0.00612005 0.0245832 0.00183634
vn -0.00612005 -0.0245832 -0.00183634
vn -0.0141032 -0.0113672 0.0178058
vn -0.0125646 -0.0113672 0.018923
vn 0.0176056 -0.0113732 -0.0143475
vn -0.0127069 -0.0219173 0.00182436
vn -0.0234232 0.00936783 0.00295966
vn 0.0225323 -0.011269 -0.00323507
vn -0.0225323 0.011269 0.00323507
vn -0.0251422 0 0.00360992
vn 0.0251422 0 -0.00360992
vn 0.0129503 0.0184339 -0.0117321
vn 0.0160575 0.0113787 0.0160575
vn -0.0192149 0.0113735 -0.0121075
vn -0.0204483 0.0113735 -0.00988291
vn -0.0214252 -0.0113735 -0.0075343
vn 0.00911774 -0.020638 0.0116662
vn -0.0227161 -0.0113603 -0.000285623
vn -0.00965269 -0.0234671 -0.00113088
vn 0.0239574 -0.00806435 0.00248427
vn 0.0239218 0.00832353 0.00190437
vn -0.0223333 -0.0119381 -0.00196642
vn 0.0223333 0.0119381 0.00196642
vn 0.0207967 0.0144674 0.00183111
vn -0.0207967 -0.0144674 -0.00183111
vn -0.0214382 -0.0133511 -0.00270444
vn 0.0214382 0.0133511 0.00270444
vn 0.00788304 0.0240903 0.0016354
vn -0.00788304 -0.0240903 -0.0016354
vn 0.00798056 0.0240774 0.00132276
vn -0.00798056 -0.0240774 -0.00132276
vn 0.01591 0.0113732 -0.0162075
vn 0.0184957 -0.0162535 -0.00623651
vn -0.0184957 0.0162535 0.00623651
vn 0.0187927 -0.016176 -0.00550751
vn -0.0187927 0.016176 0.00550751
vn 0.0190411 -0.0161099 -0.00480299
vn -0.0190411 0.0161099 0.00480299
vn 0.019247 -0.0160543 -0.00412003
vn -0.019247 0.0160543 0.00412003
vn -2.40538e-05 0.0253445 0.0016778
vn 2.40538e-05 -0.0253445 -0.0016778
vn 0.00449509 0.0249487 0.00158613
vn -0.00449509 -0.0249487 -0.00158613
vn 0.0194154 -0.0160081 -0.00345562
vn -0.0194154 0.0160081 0.00345562
vn -0.0045306 0.024946 0.0015274
vn 0.0045306 -0.024946 -0.0015274
vn 0.0195503 -0.0159708 -0.0028068
vn -0.0195503 0.0159708 0.0028068
vn -0.00462407 0.0249388 0.00135496
vn 0.00462407 -0.0249388 -0.00135496
vn -0.0204192 -0.0147228 -0.00338498
vn 0.0204192 0.0147228 0.00338498
vn 0.00624352 0.0245704 0.00157302
vn -0.00624352 -0.0245704 -0.00157302
vn -0.0183824 -0.0162836 -0.00648782
vn 0.0183824 0.0162836 0.00648782
vn -0.0187463 -0.016189 -0.00562597
vn 0.0187463 0.016189 0.00562597
vn -0.0190418 -0.0161105 -0.00479831
vn 0.0190418 0.0161105 0.00479831
vn -0.0192789 -0.0160463 -0.0040002
vn 0.0192789 0.0160463 0.0040002
vn 0.0225995 -0.0113603 -0.00231656
vn 0.0146363 -0.0146366 0.014721
vn 0.0128365 -0.013419 -0.0173296
vn 0.0203301 -0.0113732 -0.0101241
vn 0.0190851 -0.0113732 -0.0123114
vn -0.017532 -0.0183142 0.00154198
vn -0.0238408 -0.00822571 0.00301869
vn 0.0238408 0.00822571 -0.00301869
vn -0.0236002 0.00912945 0.00220086
vn 0.0222766 -0.0119524 -0.00246027
vn -0.0222766 0.0119524 0.00246027
vn -0.0206546 0.0144828 0.00296545
vn 0.0206546 -0.0144828 -0.00296545
vn 0.0214859 -0.0133373 -0.00237292
vn -0.0214859 0.0133373 0.00237292
vn -0.00795455 0.0240807 0.00141562
vn 0.00795455 -0.0240807 -0.00141562
vn 0.00962043 -0.023467 -0.00138123
vn 0.0206108 -0.0146688 -0.00227625
vn -0.0206108 0.0146688 0.00227625
vn -0.00633047 0.0245611 0.00135494
vn 0.00633047 -0.0245611 -0.00135494
vn -0.018016 0.0113787 0.0138242
vn -0.0196663 0.0113787 0.0113544
vn -0.0214252 0.0113735 -0.0075343
vn 0.00061849 0.0156449 -0.0200003
vn 0.012796 -0.0219175 0.0010224
vn 0.00121506 -0.0253709 -2.91084e-05
vn 0.0178542 -0.0180306 0.0011336
vn 0.0238974 0.00842046 0.00178074
vn -0.0226959 -0.0112277 -0.00199837
vn 0.0226959 0.0112277 0.00199837
vn 0.0253021 0 0.00222794
vn -0.0253021 0 -0.00222794
vn -0.0215424 -0.0133224 -0.00189675
vn 0.0215424 0.0133224 0.00189675
vn 0.00805538 0.0240674 0.00101603
vn -0.00805538 -0.0240674 -0.00101603
vn -0.0205633 -0.0146828 -0.00259403
vn 0.0205633 0.0146828 0.00259403
vn 0.000110236 -0.0234614 -0.00973199
vn -0.000110236 0.0234614 0.00973199
vn 0.0196548 -0.0159417 -0.00217063
vn -0.0196548 0.0159417 0.00217063
vn -0.00470319 0.0249326 0.00118618
vn 0.00470319 -0.0249326 -0.00118618
vn -0.0194656 -0.015995 -0.00322684
vn 0.0194656 0.015995 0.00322684
vn 0.00460919 0.02494 0.00138298
vn -0.00460919 -0.02494 -0.00138298
vn 0.0226602 -0.0113603 -0.00161872
vn 0.0213255 -0.0113732 -0.00781238
vn 0.0176056 0.0113732 -0.0143475
vn -0.0235155 0.00934428 0.00220556
vn 0.0226392 -0.0112417 -0.00250033
vn -0.0226392 0.0112417 0.00250033
vn -0.0252465 0 0.00278839
vn 0.0252465 0 -0.00278839
vn -0.0127587 -0.0219172 0.00141826
vn 0.018016 0.0113787 0.0138242
vn -0.0209801 0.0113787 0.00869026
vn -0.0219349 0.0113787 0.00587743
vn 0.0235333 -0.00949239 -0.00111293
vn -0.00968789 -0.0234671 -0.000774065
vn 0.0245867 -0.00616252 0.00163612
vn 0.0239988 0.00825609 0.00102606
vn -0.0224001 -0.0119203 -0.00114181
vn 0.0224001 0.0119203 0.00114181
vn 0.0208546 0.0144608 0.00106302
vn -0.0208546 -0.0144608 -0.00106302
vn -0.021609 -0.013304 -0.00110145
vn 0.021609 0.013304 0.00110145
vn 0.00810948 0.0240601 0.000713918
vn -0.00810948 -0.0240601 -0.000713918
vn -0.0206668 -0.0146538 -0.00181963
vn 0.0206668 0.0146538 0.00181963
vn 0.00634378 0.0245598 0.00131608
vn -0.00634378 -0.0245598 -0.00131608
vn 0.00642348 0.0245513 0.00106467
vn -0.00642348 -0.0245513 -0.00106467
vn 0.0174884 -0.0174512 -0.00589674
vn -0.0174884 0.0174512 0.00589674
vn 0.0177782 -0.0173767 -0.00521012
vn -0.0177782 0.0173767 0.00521012
vn 0.0180209 -0.0173132 -0.00454558
vn -0.0180209 0.0173132 0.00454558
vn 0.0182223 -0.0172596 -0.00390063
vn -0.0182223 0.0172596 0.00390063
vn 0.0183872 -0.0172151 -0.00327259
vn -0.0183872 0.0172151 0.00327259
vn -1.60528e-05 0.0253756 0.00111183
vn 1.60528e-05 -0.0253756 -0.00111183
vn 0.00300502 0.0251993 0.00106032
vn -0.00300502 -0.0251993 -0.00106032
vn 0.0185194 -0.0171791 -0.00265877
vn -0.0185194 0.0171791 0.00265877
vn -0.0037811 0.0250846 0.00127472
vn 0.0037811 -0.0250846 -0.00127472
vn 0.0186219 -0.017151 -0.00205654
vn -0.0186219 0.017151 0.00205654
vn -0.00309192 0.0251948 0.000905993
vn 0.00309192 -0.0251948 -0.000905993
vn -0.0196078 -0.0159555 -0.00247345
vn 0.0196078 0.0159555 0.00247345
vn 0.00470322 0.0249326 0.00118494
vn -0.00470322 -0.0249326 -0.00118494
vn -0.0173779 -0.0174801 -0.00613314
vn 0.0173779 0.0174801 0.00613314
vn -0.0177328 -0.0173893 -0.00532168
vn 0.0177328 0.0173893 0.00532168
vn -0.0180215 -0.0173137 -0.00454111
vn 0.0180215 0.0173137 0.00454111
vn -0.0182535 -0.0172519 -0.00378737
vn 0.0182535 0.0172519 0.00378737
vn -0.0184363 -0.0172024 -0.00305618
vn 0.0184363 0.0172024 0.00305618
vn 0.0226993 -0.0113603 -0.000919379
vn 0.0227169 -0.0113603 -0.000219126
vn 0.0203301 0.0113732 -0.0101241
vn 0.0190851 0.0113732 -0.0123114
vn -0.0204831 -0.0149712 0.00121056
vn -0.0244777 -0.0063772 0.00230934
vn 0.0244777 0.0063772 -0.00230934
vn -0.0236222 0.00922173 0.00145326
vn 0.0223547 -0.0119317 -0.0017496
vn -0.0223547 0.0119317 0.0017496
vn -0.0207475 0.0144724 0.00229139
vn 0.0207475 -0.0144724 -0.00229139
vn 0.0215638 -0.0133159 -0.0016877
vn -0.0215638 0.0133159 0.0016877
vn -0.00802536 0.0240713 0.00115207
vn 0.00802536 -0.0240713 -0.00115207
vn 0.0206882 -0.0146471 -0.00161915
vn -0.0206882 0.0146471 0.00161915
vn -0.00640222 0.0245535 0.00113937
vn 0.00640222 -0.0245535 -0.00113937
vn 0.00965962 -0.023467 -0.00107379
vn 0.0197312 -0.0159203 -0.00154424
vn -0.0197312 0.0159203 0.00154424
vn -0.00476949 0.0249273 0.00102083
vn 0.00476949 -0.0249273 -0.00102083
vn -0.0225144 0.0113787 0.00296408
vn 0.0175252 -0 -0.0183856
vn 0.0128248 -0.0219175 0.000555371
vn 0.0128312 -0.0219175 -0.000379476
vn 0.0208238 -0.0145309 0.000616636
vn 0.0239642 0.00837016 0.000903885
vn -0.0227627 -0.0112105 -0.0011603
vn 0.0227627 0.0112105 0.0011603
vn 0.0253671 0 0.00129311
vn -0.0253671 0 -0.00129311
vn -0.020733 -0.0146351 -0.00105679
vn 0.020733 0.0146351 0.00105679
vn 0.00648467 0.0245447 0.000817905
vn -0.00648467 -0.0245447 -0.000817905
vn -0.01971 -0.0159268 -0.00173535
vn 0.01971 0.0159268 0.00173535
vn 0.000101702 -0.0238578 -0.00871517
vn -0.000101702 0.0238578 0.00871517
vn -2.00914e-05 0.0253618 0.00139342
vn 2.00914e-05 -0.0253618 -0.00139342
vn 0.00375133 0.0250866 0.00132367
vn -0.00375133 -0.0250866 -0.00132367
vn -0.00302895 0.0251981 0.00102116
vn 0.00302895 -0.0251981 -0.00102116
vn 0.0186968 -0.0171303 -0.00146327
vn -0.0186968 0.0171303 0.00146327
vn -0.0039259 0.0250752 0.000990143
vn 0.0039259 -0.0250752 -0.000990143
vn -0.00385948 0.0250796 0.00113091
vn 0.00385948 -0.0250796 -0.00113091
vn -0.0185757 -0.0171643 -0.00234323
vn 0.0185757 0.0171643 0.00234323
vn 0.00384701 0.0250804 0.00115428
vn -0.00384701 -0.0250804 -0.00115428
vn -0 -0.0179605 -0.0179605
vn -0.00971497 -0.0234665 0.000317983
vn 0.0213255 0.0113732 -0.00781238
vn 0.0196663 0.0113787 0.0113544
vn -0.0235389 0.00943122 0.00145959
vn 0.0227173 -0.0112216 -0.001778
vn -0.0227173 0.0112216 0.001778
vn -0.0253226 0 0.00198199
vn 0.0253226 0 -0.00198199
vn -0.0127969 -0.0219172 0.00101712
vn -0.00314526 0.025192 0.000793268
vn 0.00314526 -0.025192 -0.000793268
vn 5.42798e-05 0.0253458 0.00165771
vn 0.0227185 -0 -0.0113592
vn 0.0253468 -0.000444043 -0.00158128
vn -0.00970969 -0.0234671 -0.000420472
vn 0.00712544 -0.0243744 -0.000527025
vn 0.0239975 0.00832211 0.000152171
vn -0.0224312 -0.011912 -0.00032479
vn 0.0224312 0.011912 0.00032479
vn 0.0253973 0 0.000367767
vn -0.0253973 0 -0.000367767
vn 0.0250065 -0.00439014 0.000751231
vn -0.0216401 -0.0132954 -0.000313334
vn 0.0216401 0.0132954 0.000313334
vn 0.00814421 0.0240554 0.000415061
vn -0.00814421 -0.0240554 -0.000415061
vn -0.0207639 -0.0146264 -0.000300634
vn 0.0207639 0.0146264 0.000300634
vn 0.00652889 0.0245398 0.000574751
vn -0.00652889 -0.0245398 -0.000574751
vn -0.0197754 -0.0159084 -0.00100797
vn 0.0197754 0.0159084 0.00100797
vn 0.00477965 0.0249265 0.000991565
vn -0.00477965 -0.0249265 -0.000991565
vn 0.00484043 0.0249216 0.000802284
vn -0.00484043 -0.0249216 -0.000802284
vn 9.35736e-05 -0.0241761 -0.00778886
vn -9.35736e-05 0.0241761 0.00778886
vn 0.0164167 -0.0185745 -0.0055353
vn -0.0164167 0.0185745 0.0055353
vn 0.0166972 -0.0185046 -0.00489323
vn -0.0166972 0.0185046 0.00489323
vn 0.0169324 -0.0184448 -0.00427096
vn -0.0169324 0.0184448 0.00427096
vn 0.0171279 -0.0183944 -0.00366631
vn -0.0171279 0.0183944 0.00366631
vn 0.0174166 -0.0183186 -0.0025004
vn -0.0174166 0.0183186 0.0025004
vn 0.0175162 -0.0182921 -0.00193441
vn -0.0175162 0.0182921 0.00193441
vn 0.0175892 -0.0182725 -0.00137655
vn -0.0175892 0.0182725 0.00137655
vn -0.018676 -0.0171366 -0.00164429
vn 0.018676 0.0171366 0.00164429
vn 0.00308188 0.0251954 0.000924713
vn -0.00308188 -0.0251954 -0.000924713
vn -0.0163098 -0.0186016 -0.00575602
vn 0.0163098 0.0186016 0.00575602
vn -0.0166532 -0.0185164 -0.00499755
vn 0.0166532 0.0185164 0.00499755
vn -0.0169329 -0.0184454 -0.00426672
vn 0.0169329 0.0184454 0.00426672
vn -0.0173357 -0.0183406 -0.00287365
vn 0.0173357 0.0183406 0.00287365
vn -0.0174712 -0.0183046 -0.00220388
vn 0.0174712 0.0183046 0.00220388
vn -0.017976 0 -0.0179451
vn -0.0128224 -0.0219172 0.000618769
vn -0.000674777 0.0155455 -0.0200759
vn 0.0219349 0.0113787 0.00587743
vn 0.0209801 0.0113787 0.00869026
vn -0.0228934 -0.0109815 0.000677824
vn -0.0249267 -0.00462323 0.00156469
vn 0.0249267 0.00462323 -0.00156469
vn -0.0235772 0.00942167 0.000713588
vn 0.0224058 -0.0119182 -0.00104747
vn -0.0224058 0.0119182 0.00104747
vn -0.0208153 0.0144648 0.00162913
vn 0.0208153 -0.0144648 -0.00162913
vn 0.0216148 -0.0133018 -0.00101049
vn -0.0216148 0.0133018 0.00101049
vn -0.00808048 0.0240639 0.000892302
vn 0.00808048 -0.0240639 -0.000892302
vn 0.0207388 -0.0146329 -0.000969518
vn -0.0207388 0.0146329 0.000969518
vn -0.00646011 0.0245472 0.00092738
vn 0.00646011 -0.0245472 -0.00092738
vn 0.0197813 -0.0159061 -0.000924763
vn -0.0197813 0.0159061 0.000924763
vn -0.00482422 0.0249229 0.00085852
vn 0.00482422 -0.0249229 -0.00085852
vn 0.00968858 -0.023467 -0.000770052
vn 0.018746 -0.0171167 -0.000876351
vn -0.018746 0.0171167 0.000876351
vn -0.00398153 0.0250715 0.00085217
vn 0.00398153 -0.0250715 -0.00085217
vn 0.00414157 0.0248088 -0.00353969
vn 0.0179605 0.0172746 -0.00491617
vn 0.0145152 0.0204439 -0.004064
vn -0.0145152 -0.0204439 0.004064
vn -0.0179605 -0.0172746 0.00491617
vn -0.00414157 -0.0248088 0.00353969
vn 0.0244538 -0.00671685 -0.00143327
vn 0.0253567 -0 -0.00148161
vn 0.0253253 -0 -0.0019465
vn -0.0253253 0 0.0019465
vn -0.0253567 0 0.00148161
vn 0.0128366 -0.0219175 8.92302e-05
vn 0.0231495 -0.0104522 -0.000117018
vn 0.0239519 0.00845371 3.17246e-05
vn -0.0227938 -0.0112024 -0.000330048
vn 0.0227938 0.0112024 0.000330048
vn 0.0208816 0.0144577 0.000302362
vn -0.0208816 -0.0144577 -0.000302362
vn -0.0198059 -0.0158998 -0.000286766
vn 0.0198059 0.0158998 0.000286766
vn 0.00488709 0.0249178 0.000616407
vn -0.00488709 -0.0249178 -0.000616407
vn -0.0187401 -0.0171188 -0.000955193
vn 0.0187401 0.0171188 0.000955193
vn 0.0039259 0.0250753 0.000989101
vn -0.0039259 -0.0250753 -0.000989101
vn 0.017288 -0.0183526 -0.00307691
vn -0.017288 0.0183526 0.00307691
vn -8.0264e-06 0.025394 0.000553923
vn 8.0264e-06 -0.025394 -0.000553923
vn 0.001505 0.0253498 0.000531038
vn -0.001505 -0.0253498 -0.000531038
vn 0.017637 -0.0182597 -0.000824484
vn -0.017637 0.0182597 0.000824484
vn -0.00154871 0.0253487 0.000453796
vn 0.00154871 -0.0253487 -0.000453796
vn -0.00151704 0.0253495 0.000511429
vn 0.00151704 -0.0253495 -0.000511429
vn -0.0175688 -0.0182785 -0.00154678
vn 0.0175688 0.0182785 0.00154678
vn 0.00314528 0.0251921 0.000792429
vn -0.00314528 -0.0251921 -0.000792429
vn -0.017158 -0.0183872 -0.00356001
vn 0.017158 0.0183872 0.00356001
vn 0.00970786 -0.023467 -0.000468452
vn 0.0225144 0.0113787 0.00296408
vn -0.0234942 0.00962604 0.000721843
vn 0.0227684 -0.0112084 -0.00106444
vn -0.0227684 0.0112084 0.00106444
vn -0.0253723 0 0.00118621
vn 0.0253723 0 -0.00118621
vn -0.00318999 0.0251896 0.000682752
vn 0.00318999 -0.0251896 -0.000682752
vn 0.0253461 0 0.00165418
vn 0.0113623 0.022003 -0.00565033
vn -0.0113623 -0.022003 0.00565033
vn 0.0208454 0.0144619 -0.00121793
vn -0.0208454 -0.0144619 0.00121793
vn 0.025337 -0.00142352 -0.00108153
vn 0.0151387 0.0127611 -0.0159102
vn 0.0194323 0.0119406 -0.0111788
vn 0.0236835 0.00901947 -0.00170274
vn -0.0141004 -0.0155493 0.0143024
vn -0.0223894 -0.0119231 0.00130815
vn -0.0227521 -0.0112132 0.00132936
vn 0.0227521 0.0112132 -0.00132936
vn 0.0223894 0.0119231 -0.00130815
vn 0.0141004 0.0155493 -0.0143024
vn -0.00971855 -0.0234671 -6.75386e-05
vn 0.0239173 0.00852112 -0.000718566
vn -0.0224277 -0.011913 0.000490042
vn 0.0224277 0.011913 -0.000490042
vn -0.0216366 -0.0132964 0.000472745
vn 0.0216366 0.0132964 -0.000472745
vn 0.0208786 0.0144581 -0.000456209
vn -0.0208786 -0.0144581 0.000456209
vn 0.025245 -0.00279763 -0.000157328
vn -0.0207604 -0.0146274 0.000453593
vn 0.0207604 0.0146274 -0.000453593
vn 0.00655729 0.0245367 0.000334188
vn -0.00655729 -0.0245367 -0.000334188
vn 0.00816044 0.0240531 0.000118135
vn -0.00816044 -0.0240531 -0.000118135
vn -0.0198025 -0.0159007 0.000432664
vn 0.0198025 0.0159007 -0.000432664
vn 0.00492084 0.024915 0.000433197
vn -0.00492084 -0.024915 -0.000433197
vn -0.0187701 -0.0171105 -0.000271755
vn 0.0187701 0.0171105 0.000271755
vn 0.00399006 0.025071 0.000827761
vn -0.00399006 -0.025071 -0.000827761
vn 0.00404106 0.0250675 0.000669798
vn -0.00404106 -0.0250675 -0.000669798
vn 8.56996e-05 -0.0244337 -0.00693895
vn -8.56996e-05 0.0244337 0.00693895
vn -0.0151833 -0.0196447 -0.00535833
vn 0.0151833 0.0196447 0.00535833
vn 0.0152858 -0.01962 -0.00515389
vn -0.0152858 0.01962 0.00515389
vn 0.0155547 -0.0195559 -0.00455834
vn -0.0155547 0.0195559 0.00455834
vn 0.0157805 -0.0195011 -0.00398036
vn -0.0157805 0.0195011 0.00398036
vn 0.0159684 -0.0194547 -0.00341808
vn -0.0159684 0.0194547 0.00341808
vn 0.0161226 -0.0194162 -0.00286944
vn -0.0161226 0.0194162 0.00286944
vn 0.0162463 -0.019385 -0.00233238
vn -0.0162463 0.019385 0.00233238
vn 0.0163423 -0.0193606 -0.00180475
vn -0.0163423 0.0193606 0.00180475
vn 0.0164127 -0.0193425 -0.00128448
vn -0.0164127 0.0193425 0.00128448
vn -0.00157556 0.025348 0.000397383
vn 0.00157556 -0.025348 -0.000397383
vn -0.0176313 -0.0182617 -0.000898652
vn 0.0176313 0.0182617 0.000898652
vn 0.00154366 0.0253488 0.000463169
vn -0.00154366 -0.0253488 -0.000463169
vn -0.0155124 -0.0195667 -0.00465511
vn 0.0155124 0.0195667 0.00465511
vn -0.0157809 -0.0195015 -0.00397637
vn 0.0157809 0.0195015 0.00397637
vn -0.0159974 -0.0194481 -0.00331912
vn 0.0159974 0.0194481 0.00331912
vn -0.0161683 -0.0194052 -0.00268011
vn 0.0161683 0.0194052 0.00268011
vn -0.0162989 -0.0193721 -0.00205595
vn 0.0162989 0.0193721 0.00205595
vn 0.00971494 -0.0234666 -0.000317983
vn -5.42798e-05 0.0253458 0.00165771
vn -0.0245089 -0.0066689 -1.02616e-05
vn -0.0252085 -0.00300972 0.000797255
vn 0.0252085 0.00300972 -0.000797255
vn -0.0234639 0.00972653 -1.81356e-05
vn 0.0224311 -0.0119114 -0.000350444
vn -0.0224311 0.0119114 0.000350444
vn -0.0208597 0.0144597 0.000975208
vn 0.0208597 -0.0144597 -0.000975208
vn 0.0216401 -0.0132948 -0.000338074
vn -0.0216401 0.0132948 0.000338074
vn -0.00812097 0.0240584 0.000635508
vn 0.00812097 -0.0240584 -0.000635508
vn 0.0207639 -0.0146258 -0.000324383
vn -0.0207639 0.0146258 0.000324383
vn -0.0065052 0.0245423 0.000718337
vn 0.0065052 -0.0245423 -0.000718337
vn 0.0198061 -0.0158991 -0.000309423
vn -0.0198061 0.0158991 0.000309423
vn -0.00486837 0.0249193 0.000698856
vn 0.00486837 -0.0249193 -0.000698856
vn 0.0187704 -0.0171099 -0.000293243
vn -0.0187704 0.0171099 0.000293243
vn -0.00402748 0.0250684 0.000716737
vn 0.00402748 -0.0250684 -0.000716737
vn 0.0176608 -0.0182533 -0.000275895
vn -0.0176608 0.0182533 0.000275895
vn 0.00331109 0.0250261 -0.00280942
vn -0.00331109 -0.0250261 0.00280942
vn 0.0179605 -0.00978413 0.0150616
vn -0.0179605 0.00978413 -0.0150616
vn 0.00813867 0.0240561 -0.000475437
vn -0.00813867 -0.0240561 0.000475437
vn 0.011365 -0.013045 0.0185964
vn -0.011365 0.013045 -0.0185964
vn -0.0191192 0.0130813 -0.0104162
vn 0.0252274 -0.00222971 -0.0019413
vn 0.0253939 -0 -0.000554888
vn -0.0253939 0 0.000554888
vn 0.0112268 0.00476656 -0.02228
vn 0.0237544 0.00885274 -0.00158709
vn -0.0137353 -0.0162877 0.013828
vn 0.0137353 0.0162877 -0.013828
vn 0.0246127 -0.00619511 -0.000997382
vn 0.0238597 0.00867034 -0.000836905
vn -0.0227903 -0.0112033 0.000497967
vn 0.0227903 0.0112033 -0.000497967
vn 0.00815861 0.0240534 -0.000178232
vn -0.00815861 -0.0240534 0.000178232
vn -0.0187667 -0.0171114 0.000410032
vn 0.0187667 0.0171114 -0.000410032
vn 0.00408026 0.0250649 0.000514629
vn -0.00408026 -0.0250649 -0.000514629
vn 0.00319682 0.0251893 0.000663194
vn -0.00319682 -0.0251893 -0.000663194
vn 0.00323781 0.0251871 0.000536651
vn -0.00323781 -0.0251871 -0.000536651
vn -0.0176605 -0.0182538 -0.000255702
vn 0.0176605 0.0182538 0.000255702
vn 0.0164588 -0.0193307 -0.000769417
vn -0.0164588 0.0193307 0.000769417
vn -0.016393 -0.0193481 -0.00144325
vn 0.016393 0.0193481 0.00144325
vn 0.00157559 0.025348 0.000396951
vn -0.00157559 -0.025348 -0.000396951
vn -0.0227185 0 -0.0113592
vn -0.0253973 -4.91998e-05 -0.000370205
vn 0.0253973 4.91998e-05 0.000370205
vn -0.0253641 -0.00129746 -0.000370561
vn -0.0253461 0 0.00165418
vn -0.0233803 0.00992576 -7.493e-06
vn 0.0227937 -0.0112018 -0.000356108
vn -0.0227937 0.0112018 0.000356108
vn -0.0253969 0 0.000396799
vn 0.0253969 0 -0.000396799
vn -0.00322689 0.0251877 0.000574269
vn 0.00322689 -0.0251877 -0.000574269
vn -0.00159809 0.0253474 0.000342036
vn 0.00159809 -0.0253474 -0.000342036
vn -0.0129503 0.0184339 -0.0117321
vn 0.0113622 0.0222642 -0.00451302
vn -0.0113622 -0.0222642 0.00451302
vn -0.0113814 0.00482349 -0.0221891
vn -0.0149269 0.0137059 -0.0153132
vn -0.0215984 -0.013307 0.00126192
vn 0.0215984 0.013307 -0.00126192
vn -0.0207225 -0.0146381 0.00121072
vn 0.0207225 0.0146381 -0.00121072
vn 0.00494251 0.0249132 0.000251892
vn -0.00494251 -0.0249132 -0.000251892
vn 0.0065706 0.0245353 9.5123e-05
vn -0.0065706 -0.0245353 -9.5123e-05
vn 0.0065691 0.0245354 -0.00014351
vn -0.0065691 -0.0245354 0.00014351
vn -0.019765 -0.0159113 0.00115476
vn 0.019765 0.0159113 -0.00115476
vn 0.00326931 0.0251853 0.000412344
vn -0.00326931 -0.0251853 -0.000412344
vn -0.0176572 -0.0182547 0.000385775
vn 0.0176572 0.0182547 -0.000385775
vn 7.80034e-05 -0.0246433 -0.00615333
vn -7.80034e-05 0.0246433 0.00615333
vn -0.0140036 -0.0206067 -0.00494188
vn 0.0140036 0.0206067 0.00494188
vn 0.0141007 -0.0205846 -0.00475425
vn -0.0141007 0.0205846 0.00475425
vn 0.0143558 -0.0205274 -0.00420693
vn -0.0143558 0.0205274 0.00420693
vn 0.0145703 -0.0204783 -0.00367502
vn -0.0145703 0.0204783 0.00367502
vn 0.0147489 -0.0204368 -0.00315699
vn -0.0147489 0.0204368 0.00315699
vn 0.0148956 -0.0204023 -0.00265102
vn -0.0148956 0.0204023 0.00265102
vn 0.0150134 -0.0203743 -0.00215534
vn -0.0150134 0.0203743 0.00215534
vn 0.015105 -0.0203524 -0.00166809
vn -0.015105 0.0203524 0.00166809
vn 0.015172 -0.0203362 -0.00118735
vn -0.015172 0.0203362 0.00118735
vn -0.0164532 -0.0193326 -0.000838581
vn 0.0164532 0.0193326 0.000838581
vn -0.0143156 -0.020537 -0.00429585
vn 0.0143156 0.020537 0.00429585
vn -0.0145706 -0.0204788 -0.00367132
vn 0.0145706 0.0204788 0.00367132
vn -0.0147764 -0.0204309 -0.00306573
vn 0.0147764 0.0204309 0.00306573
vn -0.0149391 -0.0203924 -0.00247632
vn 0.0149391 0.0203924 0.00247632
vn -0.0150635 -0.0203627 -0.0019001
vn 0.0150635 0.0203627 0.0019001
vn -0.0113623 0.022003 -0.00565033
vn -0.0146008 0.0205027 -0.00340812
vn -0.0179605 0.0172746 -0.00491617
vn 0.0179605 -0.0172746 0.00491617
vn 0.0146008 -0.0205027 0.00340812
vn 0.0113623 -0.022003 0.00565033
vn -0.0208746 0.0144567 -0.000644677
vn -0.0253879 0 -0.000784073
vn 0.0253879 0 0.000784073
vn 0.0208746 -0.0144567 0.000644677
vn -0.0253513 -0.00157264 1.64084e-05
vn 0.0253513 0.00157264 -1.64084e-05
vn -0.0232794 0.0101332 -0.000741401
vn 0.0224312 -0.0119114 0.000344907
vn -0.0224312 0.0119114 -0.000344907
vn -0.0208816 0.0144572 0.000326238
vn 0.0208816 -0.0144572 -0.000326238
vn 0.0216402 -0.0132948 0.00033274
vn -0.0216402 0.0132948 -0.00033274
vn -0.00814756 0.0240548 0.000380848
vn 0.00814756 -0.0240548 -0.000380848
vn 0.020764 -0.0146258 0.000319253
vn -0.020764 0.0146258 -0.000319253
vn -0.00653832 0.0245387 0.000511658
vn 0.00653832 -0.0245387 -0.000511658
vn 0.0198062 -0.0158991 0.000304521
vn -0.0198062 0.0158991 -0.000304521
vn -0.00490276 0.0249165 0.000541401
vn 0.00490276 -0.0249165 -0.000541401
vn 0.0187704 -0.0171099 0.000288595
vn -0.0187704 0.0171099 -0.000288595
vn 0.0176609 -0.0182533 0.000271526
vn -0.0176609 0.0182533 -0.000271526
vn 0.0164817 -0.0193248 -0.00025748
vn -0.0164817 0.0193248 0.00025748
vn 0.00248204 0.0251916 -0.00209403
vn -0.00248204 -0.0251916 0.00209403
vn 0.0113646 -0.0143147 0.0176379
vn -0.0113646 0.0143147 -0.0176379
vn 0.00655277 0.0245372 -0.000382803
vn -0.00655277 -0.0245372 0.000382803
vn -0.0231264 0.0104796 -0.000714223
vn 0.0142806 -0.0143191 -0.0153684
vn -0.0112268 -0.00476656 0.02228
vn 0.0113814 -0.00482349 0.0221891
vn -0.0142806 0.0143191 0.0153684
vn -0.0129785 -0.0176419 0.0128641
vn 0.0129785 0.0176419 -0.0128641
vn 0.0041086 0.0250629 0.000361696
vn -0.0041086 -0.0250629 -0.000361696
vn -0.0187299 -0.0171217 0.00109428
vn 0.0187299 0.0171217 -0.00109428
vn 0.00160152 0.0253473 0.000332232
vn -0.00160152 -0.0253473 -0.000332232
vn -0.0164782 -0.0193261 0.00036002
vn 0.0164782 0.0193261 -0.00036002
vn 8.0264e-06 0.025394 -0.000553923
vn -8.0264e-06 -0.025394 0.000553923
vn -0.001505 0.0253498 -0.000531038
vn 0.001505 -0.0253498 0.000531038
vn 0.015216 -0.0203255 -0.000711302
vn -0.015216 0.0203255 0.000711302
vn 0.00154871 0.0253487 -0.000453796
vn -0.00154871 -0.0253487 0.000453796
vn 0.00151704 0.0253495 -0.000511429
vn -0.00151704 -0.0253495 0.000511429
vn -0.0151532 -0.0203411 -0.00133408
vn 0.0151532 0.0203411 0.00133408
vn -0.00416278 0.0248312 -0.00335313
vn 0.00416278 -0.0248312 0.00335313
vn -0.011365 -0.013045 0.0185964
vn 0.011365 0.013045 -0.0185964
vn -0.0253916 -0.000411175 -0.000508051
vn 0.0253916 0.000411175 0.000508051
vn -0.0231945 0.010327 -0.000727913
vn 0.0227938 -0.0112018 0.000350469
vn -0.0227938 0.0112018 -0.000350469
vn -0.025397 0 -0.000390525
vn 0.025397 0 0.000390525
vn -0.00406453 0.0250659 0.000583463
vn 0.00406453 -0.0250659 -0.000583463
vn -0.00161666 0.0253469 0.000287706
vn 0.00161666 -0.0253469 -0.000287706
vn 0.013952 -0.0164867 0.0133675
vn -0.0179605 -0.00978413 0.0150616
vn 0.0143336 -0.0157514 0.013842
vn -0.0143336 0.0157514 -0.013842
vn 0.0179605 0.00978413 -0.0150616
vn -0.013952 0.0164867 -0.0133675
vn 0.0113621 0.0224641 -0.00338031
vn -0.0113621 -0.0224641 0.00338031
vn 0.0113642 -0.0154746 0.0166298
vn -0.0113642 0.0154746 -0.0166298
vn 0.0227854 -0.0112023 0.000703707
vn 0.0224229 -0.0119119 0.000692506
vn -0.0224229 0.0119119 -0.000692506
vn -0.0227854 0.0112023 -0.000703707
vn -0.0144511 -0.0144639 -0.0150706
vn 0.0144511 0.0144639 0.0150706
vn 0.0253611 0 -0.00140564
vn -0.0253611 0 0.00140564
vn -0.0121995 -0.0188343 0.0118997
vn 0.0121995 0.0188343 -0.0118997
vn 0.00329209 0.0251841 0.000289814
vn -0.00329209 -0.0251841 -0.000289814
vn 0.00495267 0.0249124 7.17042e-05
vn -0.00495267 -0.0249124 -7.17042e-05
vn 0.00495153 0.0249125 -0.000108179
vn -0.00495153 -0.0249125 0.000108179
vn 0.00493908 0.0249135 -0.000288519
vn -0.00493908 -0.0249135 0.000288519
vn -0.0114063 -0.0198797 0.0109477
vn 0.0114063 0.0198797 -0.0109477
vn 0.00162217 0.0253467 0.000268859
vn -0.00162217 -0.0253467 -0.000268859
vn -0.0176214 -0.0182644 0.00102949
vn 0.0176214 0.0182644 -0.00102949
vn -0.0164814 -0.0193253 -0.000238608
vn 0.0164814 0.0193253 0.000238608
vn -0.0164437 -0.019335 0.000960679
vn 0.0164437 0.019335 -0.000960679
vn 7.04342e-05 -0.0248145 -0.00542168
vn -7.04342e-05 0.0248145 0.00542168
vn -0.0127758 -0.0214852 -0.00450848
vn 0.0127758 0.0214852 0.00450848
vn 0.0128667 -0.021466 -0.00433809
vn -0.0128667 0.021466 0.00433809
vn 0.0131055 -0.0214162 -0.00384048
vn -0.0131055 0.0214162 0.00384048
vn 0.0133066 -0.0213736 -0.00335625
vn -0.0133066 0.0213736 0.00335625
vn 0.0134743 -0.0213374 -0.00288412
vn -0.0134743 0.0213374 0.00288412
vn 0.0136121 -0.0213074 -0.00242258
vn -0.0136121 0.0213074 0.00242258
vn 0.0137229 -0.0212829 -0.00197005
vn -0.0137229 0.0212829 0.00197005
vn 0.013809 -0.0212637 -0.00152494
vn -0.013809 0.0212637 0.00152494
vn 0.0138721 -0.0212496 -0.00108562
vn -0.0138721 0.0212496 0.00108562
vn 0.00157556 0.025348 -0.000397383
vn -0.00157556 -0.025348 0.000397383
vn -0.0152106 -0.0203272 -0.000775259
vn 0.0152106 0.0203272 0.000775259
vn -0.00154366 0.0253488 -0.000463169
vn 0.00154366 -0.0253488 0.000463169
vn -0.0130678 -0.0214246 -0.00392135
vn 0.0130678 0.0214246 0.00392135
vn -0.0133069 -0.021374 -0.00335285
vn 0.0133069 0.021374 0.00335285
vn -0.0135001 -0.0213322 -0.00280088
vn 0.0135001 0.0213322 0.00280088
vn -0.013653 -0.0212987 -0.00226309
vn 0.013653 0.0212987 0.00226309
vn -0.01377 -0.0212728 -0.0017369
vn 0.01377 0.0212728 0.0017369
vn -0.0113622 0.0222642 -0.00451302
vn 0.0113622 -0.0222642 0.00451302
vn -0.0113646 -0.0143147 0.0176379
vn 0.0113646 0.0143147 -0.0176379
vn -0.0253971 -0.000109576 -0.000370205
vn 0.0253971 0.000109576 0.000370205
vn -0.0208817 0.0144572 -0.000321081
vn 0.0208817 -0.0144572 0.000321081
vn -0.00815747 0.0240531 -0.000251943
vn 0.00815747 -0.0240531 0.000251943
vn -0.00816077 0.024053 0.000127483
vn 0.00816077 -0.024053 -0.000127483
vn 0.0216321 -0.0132953 0.000668071
vn -0.0216321 0.0132953 -0.000668071
vn -0.00656006 0.0245363 0.000306654
vn 0.00656006 -0.0245363 -0.000306654
vn 0.0207562 -0.0146263 0.00064102
vn -0.0207562 0.0146263 -0.00064102
vn -0.00492803 0.0249144 0.000385648
vn 0.00492803 -0.0249144 -0.000385648
vn 0.0197986 -0.0158997 0.000611454
vn -0.0197986 0.0158997 -0.000611454
vn -0.00325669 0.025186 0.000467512
vn 0.00325669 -0.025186 -0.000467512
vn 0.0187632 -0.0171104 0.000579476
vn -0.0187632 0.0171104 -0.000579476
vn 0.0164818 -0.0193248 0.000253416
vn -0.0164818 0.0193248 -0.000253416
vn 0.0152379 -0.0203202 -0.000238049
vn -0.0152379 0.0203202 0.000238049
vn 0.00206817 0.0252558 -0.00173987
vn -0.00206817 -0.0252558 0.00173987
vn -0.0226712 -0.0113603 0.00145656
vn 0.0226712 0.0113603 -0.00145656
vn -0.0227098 -0.0113603 -0.000609245
vn 0.0227098 0.0113603 0.000609245
vn 0.0226829 -0.0113607 -0.0012572
vn -0.0226829 0.0113607 0.0012572
vn 0.00330673 0.0251833 0.000168529
vn -0.00330673 -0.0251833 -0.000168529
vn 0.00412681 0.0250616 0.000210312
vn -0.00412681 -0.0250616 -0.000210312
vn -0.0106048 -0.0207934 0.0100167
vn 0.0106048 0.0207934 -0.0100167
vn 0.00163805 0.0253463 0.000206604
vn -0.00163805 -0.0253463 -0.000206604
vn -0.0152345 -0.0203214 0.000332842
vn 0.0152345 0.0203214 -0.000332842
vn -0.0152015 -0.0203294 0.000888086
vn 0.0152015 0.0203294 -0.000888086
vn 1.60528e-05 0.0253756 -0.00111183
vn -1.60528e-05 -0.0253756 0.00111183
vn -0.00300502 0.0251993 -0.00106032
vn 0.00300502 -0.0251993 0.00106032
vn 0.0139135 -0.0212403 -0.000650418
vn -0.0139135 0.0212403 0.000650418
vn 0.00309192 0.0251948 -0.000905993
vn -0.00309192 -0.0251948 0.000905993
vn 0.00302895 0.0251981 -0.00102116
vn -0.00302895 -0.0251981 0.00102116
vn -0.0138543 -0.0212539 -0.00121971
vn 0.0138543 0.0212539 0.00121971
vn -0.00157559 0.025348 -0.000396951
vn 0.00157559 -0.025348 0.000396951
vn -0.00332705 0.0250403 -0.0026593
vn 0.00332705 -0.0250403 0.0026593
vn 0.0131642 -0.0178304 0.0124072
vn -0.0131642 0.0178304 -0.0124072
vn -0.00409341 0.0250639 0.000452018
vn 0.00409341 -0.0250639 -0.000452018
vn 0.017654 -0.0182538 0.000545211
vn -0.017654 0.0182538 -0.000545211
vn 0.0164753 -0.0193252 0.000508813
vn -0.0164753 0.0193252 -0.000508813
vn -0.00163167 0.0253465 0.000234239
vn 0.00163167 -0.0253465 -0.000234239
vn 0.00159809 0.0253474 -0.000342036
vn -0.00159809 -0.0253474 0.000342036
vn 0.0016541 0.025308 -0.00138981
vn -0.0016541 -0.025308 0.00138981
vn 0.0113639 -0.0165271 0.0155845
vn -0.0113639 0.0165271 -0.0155845
vn -0.022705 -0.0113603 0.000765251
vn 0.022705 0.0113603 -0.000765251
vn -0.0226154 -0.0113603 0.00215532
vn 0.0226154 0.0113603 -0.00215532
vn -0.0253909 0 -0.000681177
vn 0.0253909 0 0.000681177
vn 0.0253952 0 -0.000496824
vn -0.0253952 0 0.000496824
vn 0.0226296 -0.0113607 0.00199832
vn -0.0226296 0.0113607 -0.00199832
vn 0.0016495 0.025346 0.000145212
vn -0.0016495 -0.025346 -0.000145212
vn 0.00413436 0.0250611 -9.03224e-05
vn -0.00413436 -0.0250611 9.03224e-05
vn 0.00412392 0.0250618 -0.000240894
vn -0.00412392 -0.0250618 0.000240894
vn -0.00979904 -0.0215895 0.00911215
vn 0.00979904 0.0215895 -0.00911215
vn -0.00899183 -0.0222814 0.00823679
vn 0.00899183 0.0222814 -0.00823679
vn -0.0152375 -0.0203207 -0.000220599
vn 0.0152375 0.0203207 0.000220599
vn -0.00818487 -0.0228808 0.00739158
vn 0.00818487 0.0228808 -0.00739158
vn 6.28904e-05 -0.0249546 -0.00473522
vn -6.28904e-05 0.0249546 0.00473522
vn -0.0115051 -0.022278 -0.00405994
vn 0.0115051 0.022278 0.00405994
vn 0.0115889 -0.0222619 -0.00390721
vn -0.0115889 0.0222619 0.00390721
vn 0.0118091 -0.02222 -0.00346052
vn -0.0118091 0.02222 0.00346052
vn 0.0119948 -0.0221841 -0.00302534
vn -0.0119948 0.0221841 0.00302534
vn 0.0121498 -0.0221536 -0.00260058
vn -0.0121498 0.0221536 0.00260058
vn 0.0122772 -0.0221282 -0.00218498
vn -0.0122772 0.0221282 0.00218498
vn 0.0123798 -0.0221075 -0.00177724
vn -0.0123798 0.0221075 0.00177724
vn 0.0124596 -0.0220913 -0.00137592
vn -0.0124596 0.0220913 0.00137592
vn 0.0125181 -0.0220793 -0.000979653
vn -0.0125181 0.0220793 0.000979653
vn 0.00314526 0.025192 -0.000793268
vn -0.00314526 -0.025192 0.000793268
vn -0.0139084 -0.0212418 -0.000708863
vn 0.0139084 0.0212418 0.000708863
vn -0.00308188 0.0251954 -0.000924713
vn 0.00308188 -0.0251954 0.000924713
vn -0.0117743 -0.0222271 -0.00353312
vn 0.0117743 0.0222271 0.00353312
vn -0.011995 -0.0221844 -0.00302224
vn 0.011995 0.0221844 0.00302224
vn -0.0121736 -0.0221492 -0.00252562
vn 0.0121736 0.0221492 0.00252562
vn -0.012315 -0.0221209 -0.00204127
vn 0.012315 0.0221209 0.00204127
vn -0.0124234 -0.0220989 -0.00156703
vn 0.0124234 0.0220989 0.00156703
vn -0.0113621 0.0224641 -0.00338031
vn 0.0113621 -0.0224641 0.00338031
vn -0.0113642 -0.0154746 0.0166298
vn 0.0113642 0.0154746 -0.0166298
vn 0.0123572 -0.0190086 0.0114514
vn -0.0123572 0.0190086 -0.0114514
vn -0.00816082 0.024053 -0.000125476
vn 0.00816082 -0.024053 0.000125476
vn -0.00656821 0.0245352 -0.000202844
vn 0.00656821 -0.0245352 0.000202844
vn -0.00657088 0.0245351 0.000102641
vn 0.00657088 -0.0245351 -0.000102641
vn -0.00494464 0.024913 0.00023114
vn 0.00494464 -0.024913 -0.00023114
vn -0.0032799 0.0251847 0.000362179
vn 0.0032799 -0.0251847 -0.000362179
vn 0.0115393 -0.0200373 0.0105125
vn -0.0115393 0.0200373 -0.0105125
vn 0.0107163 -0.0209329 0.00959869
vn -0.0107163 0.0209329 -0.00959869
vn 0.0152379 -0.0203202 0.00023429
vn -0.0152379 0.0203202 -0.00023429
vn 0.0152319 -0.0203206 0.000470408
vn -0.0152319 0.0203206 -0.000470408
vn 0.0139341 -0.0212357 -0.000217678
vn -0.0139341 0.0212357 0.000217678
vn 0.0179605 0.0178222 -0.00222491
vn -0.0179605 -0.0178222 0.00222491
vn -0.0253856 0 0.000855599
vn 0.0253856 -0 -0.000855599
vn -0.0225365 -0.0113604 0.00286512
vn 0.0225365 0.0113604 -0.00286512
vn -0.0253477 0 0.00162852
vn 0.0253477 -0 -0.00162852
vn -0.0227178 -0.0113603 7.78002e-05
vn 0.0227178 0.0113603 -7.78002e-05
vn 0.0227134 -0.0113607 -0.000444348
vn -0.0227134 0.0113607 0.000444348
vn 0.0225403 -0.0113608 0.00283317
vn -0.0225403 0.0113608 -0.00283317
vn 0.0226872 -0.0113607 0.00117767
vn -0.0226872 0.0113607 -0.00117767
vn 0.00165689 0.0253458 8.44296e-05
vn -0.00165689 -0.0253458 -8.44296e-05
vn 0.00331358 0.0251829 4.79806e-05
vn -0.00331358 -0.0251829 -4.79806e-05
vn 0.00413532 0.025061 5.98678e-05
vn -0.00413532 -0.025061 -5.98678e-05
vn 0.00330441 0.0251834 -0.00019304
vn -0.00330441 -0.0251834 0.00019304
vn 0.0113636 -0.0174764 0.0145123
vn -0.0113636 0.0174764 -0.0145123
vn -0.00160152 0.0253473 -0.000332232
vn 0.00160152 -0.0253473 0.000332232
vn -0.0139309 -0.0212367 0.000304343
vn 0.0139309 0.0212367 -0.000304343
vn -0.0138998 -0.0212437 0.000812038
vn 0.0138998 0.0212437 -0.000812038
vn -0.00737923 -0.023398 0.00657596
vn 0.00737923 0.023398 -0.00657596
vn 2.00914e-05 0.0253618 -0.00139342
vn -2.00914e-05 -0.0253618 0.00139342
vn -0.00375133 0.0250866 -0.00132367
vn 0.00375133 -0.0250866 0.00132367
vn 0.0125565 -0.0220715 -0.000586969
vn -0.0125565 0.0220715 0.000586969
vn 0.00385948 0.0250796 -0.00113091
vn -0.00385948 -0.0250796 0.00113091
vn 0.0037811 0.0250846 -0.00127472
vn -0.0037811 -0.0250846 0.00127472
vn -0.0125016 -0.022083 -0.00110061
vn 0.0125016 0.022083 0.00110061
vn -0.00314528 0.0251921 -0.000792429
vn 0.00314528 -0.0251921 0.000792429
vn -0.00249344 0.0251996 -0.00198095
vn 0.00249344 -0.0251996 0.00198095
vn -0.00411465 0.0250624 0.000321996
vn 0.00411465 -0.0250624 -0.000321996
vn 0.00906882 -0.0223848 0.00786356
vn -0.00906882 0.0223848 -0.00786356
vn 0.00989193 -0.0217108 0.00871497
vn -0.00989193 0.0217108 -0.00871497
vn 0.00824837 -0.0229672 0.00704492
vn -0.00824837 0.0229672 -0.00704492
vn -0.00164336 0.0253461 0.000181458
vn 0.00164336 -0.0253461 -0.000181458
vn 0.00161666 0.0253469 -0.000287706
vn -0.00161666 -0.0253469 0.000287706
vn 0.00318999 0.0251896 -0.000682752
vn -0.00318999 -0.0251896 0.000682752
vn 0.0113621 0.0226052 -0.00225135
vn -0.0113621 -0.0226052 0.00225135
vn -0.0253999 0 8.6995e-05
vn 0.0253999 -0 -8.6995e-05
vn -0.0224324 -0.0113604 0.00358978
vn 0.0224324 0.0113604 -0.00358978
vn -0.0252854 0 0.00240977
vn 0.0252854 -0 -0.00240977
vn 0.0253967 0 0.000408508
vn -0.0253967 0 -0.000408508
vn 0.0224162 -0.0113609 0.00368844
vn -0.0224162 0.0113609 -0.00368844
vn 0.0252017 0 0.00316771
vn -0.0252017 0 -0.00316771
vn 0.0253016 0 0.00223426
vn -0.0253016 0 -0.00223426
vn 0.0033128 0.0251829 -7.23646e-05
vn -0.0033128 -0.0251829 7.23646e-05
vn -0.00162217 0.0253467 -0.000268859
vn 0.00162217 -0.0253467 0.000268859
vn 0.0113633 -0.0183272 0.013422
vn -0.0113633 0.0183272 -0.013422
vn 0.011363 -0.0190852 0.0123205
vn -0.011363 0.0190852 -0.0123205
vn -0.0139337 -0.0212361 -0.000201727
vn 0.0139337 0.0212361 0.000201727
vn 0.0113628 -0.0197562 0.0112134
vn -0.0113628 0.0197562 -0.0112134
vn 5.5372e-05 -0.0250691 -0.00408638
vn -5.5372e-05 0.0250691 0.00408638
vn -0.0101963 -0.0229836 -0.00359804
vn 0.0101963 0.0229836 0.00359804
vn 0.0102722 -0.0229706 -0.00346324
vn -0.0102722 0.0229706 0.00346324
vn 0.0104717 -0.0229366 -0.00306855
vn -0.0104717 0.0229366 0.00306855
vn 0.01064 -0.0229074 -0.00268361
vn -0.01064 0.0229074 0.00268361
vn 0.0107806 -0.0228826 -0.00230749
vn -0.0107806 0.0228826 0.00230749
vn 0.0108964 -0.022862 -0.00193921
vn -0.0108964 0.022862 0.00193921
vn 0.0109896 -0.0228451 -0.00157762
vn -0.0109896 0.0228451 0.00157762
vn 2.40538e-05 0.0253445 -0.0016778
vn -2.40538e-05 -0.0253445 0.0016778
vn -0.00449509 0.0249487 -0.00158613
vn 0.00449509 -0.0249487 0.00158613
vn 0.0110621 -0.0228319 -0.00122159
vn -0.0110621 0.0228319 0.00122159
vn 0.0111153 -0.0228222 -0.000869849
vn -0.0111153 0.0228222 0.000869849
vn 0.00462407 0.0249388 -0.00135496
vn -0.00462407 -0.0249388 0.00135496
vn 0.0045306 0.024946 -0.0015274
vn -0.0045306 -0.024946 0.0015274
vn -0.0125517 -0.0220727 -0.000639724
vn 0.0125517 0.0220727 0.000639724
vn -0.00384701 0.0250804 -0.00115428
vn 0.00384701 -0.0250804 0.00115428
vn -0.0104401 -0.0229423 -0.00313268
vn 0.0104401 0.0229423 0.00313268
vn -0.0106401 -0.0229077 -0.00268082
vn 0.0106401 0.0229077 0.00268082
vn -0.0108022 -0.0228791 -0.00224107
vn 0.0108022 0.0228791 0.00224107
vn -0.0109307 -0.022856 -0.00181178
vn 0.0109307 0.022856 0.00181178
vn -0.0110292 -0.0228382 -0.00139113
vn 0.0110292 0.0228382 0.00139113
vn -0.0113621 0.0226052 -0.00225135
vn 0.0113621 -0.0226052 0.00225135
vn -0.0113639 -0.0165271 0.0155845
vn 0.0113639 0.0165271 -0.0155845
vn -0.00657093 0.0245351 -0.000101016
vn 0.00657093 -0.0245351 0.000101016
vn -0.00495087 0.0249123 -0.000152908
vn 0.00495087 -0.0249123 0.000152908
vn -0.0049529 0.0249123 7.73684e-05
vn 0.0049529 -0.0249123 -7.73684e-05
vn -0.00329695 0.0251838 0.000258013
vn 0.00329695 -0.0251838 -0.000258013
vn -0.0113636 -0.0174764 0.0145123
vn 0.0113636 0.0174764 -0.0145123
vn -0.0113633 -0.0183272 0.013422
vn 0.0113633 0.0183272 -0.013422
vn 0.0139342 -0.0212356 0.000214224
vn -0.0139342 0.0212356 -0.000214224
vn 0.0139286 -0.021236 0.000430174
vn -0.0139286 0.021236 -0.000430174
vn 0.00743128 -0.0234686 0.00625805
vn -0.00743128 0.0234686 -0.00625805
vn 0.0125756 -0.0220675 -0.000196444
vn -0.0125756 0.0220675 0.000196444
vn 0.0039259 0.0250752 -0.000990143
vn -0.0039259 -0.0250752 0.000990143
vn 0.000826872 0.0253771 -0.000693039
vn -0.000826872 -0.0253771 0.000693039
vn -0.0223007 -0.0113605 0.00433324
vn 0.0223007 0.0113605 -0.00433324
vn -0.0251972 0 0.0032034
vn 0.0251972 -0 -0.0032034
vn 0.0227148 -0.0113607 0.000365379
vn -0.0227148 0.0113607 -0.000365379
vn 0.022253 -0.0113611 0.0045706
vn -0.022253 0.0113611 -0.0045706
vn 0.025063 0 0.00412394
vn -0.025063 0 -0.00412394
vn 0.0253658 0 0.00131674
vn -0.0253658 0 -0.00131674
vn 0.00166035 0.0253457 2.40284e-05
vn -0.00166035 -0.0253457 -2.40284e-05
vn 0.00165572 0.0253458 -9.67232e-05
vn -0.00165572 -0.0253458 9.67232e-05
vn -0.00163805 0.0253463 -0.000206604
vn 0.00163805 -0.0253463 0.000206604
vn -0.00319682 0.0251893 -0.000663194
vn 0.00319682 -0.0251893 0.000663194
vn -0.0125725 -0.0220684 0.000274676
vn 0.0125725 0.0220684 -0.000274676
vn -0.0125438 -0.0220744 0.00073279
vn 0.0125438 0.0220744 -0.00073279
vn -0.0065754 -0.0238415 0.00578843
vn 0.0065754 0.0238415 -0.00578843
vn 0.0113626 -0.0203457 0.0101046
vn -0.0113626 0.0203457 -0.0101046
vn 0.0111503 -0.0228158 -0.000521233
vn -0.0111503 0.0228158 0.000521233
vn -0.0111003 -0.0228252 -0.000977214
vn 0.0111003 0.0228252 0.000977214
vn -0.00460919 0.02494 -0.00138298
vn 0.00460919 -0.02494 0.00138298
vn -0.00207749 0.0252614 -0.00164546
vn 0.00207749 -0.0252614 0.00164546
vn -0.0179605 0.0178222 -0.00222491
vn 0.0179605 -0.0178222 0.00222491
vn -0.00412859 0.0250615 0.000192989
vn 0.00412859 -0.0250615 -0.000192989
vn -0.0113628 -0.0197562 0.0112134
vn 0.0113628 0.0197562 -0.0112134
vn -0.011363 -0.0190852 0.0123205
vn 0.011363 0.0190852 -0.0123205
vn -0.0113626 -0.0203457 0.0101046
vn 0.0113626 0.0203457 -0.0101046
vn -0.00165197 0.0253459 0.000129286
vn 0.00165197 -0.0253459 -0.000129286
vn 0.00163167 0.0253465 -0.000234239
vn -0.00163167 -0.0253465 0.000234239
vn 0.00322689 0.0251877 -0.000574269
vn -0.00322689 -0.0251877 0.000574269
vn 0.00470319 0.0249326 -0.00118618
vn -0.00470319 -0.0249326 0.00118618
vn 0.011362 0.0226892 -0.00112499
vn -0.011362 -0.0226892 0.00112499
vn -0.022138 -0.0113606 0.00509966
vn 0.022138 0.0113606 -0.00509966
vn -0.0250809 0 0.00401361
vn 0.0250809 -0 -0.00401361
vn 0.0220449 -0.0113613 0.00548658
vn -0.0220449 0.0113613 -0.00548658
vn 0.0248806 0 0.00511028
vn -0.0248806 0 -0.00511028
vn -0.0016495 0.025346 -0.000145212
vn 0.0016495 -0.025346 0.000145212
vn 0.00165994 0.0253457 -3.62712e-05
vn -0.00165994 -0.0253457 3.62712e-05
vn -0.00323781 0.0251871 -0.000536651
vn 0.00323781 -0.0251871 0.000536651
vn 0.011362 0.0227171 0
vn -0.011362 -0.0227171 0
vn -0.0125752 -0.0220679 -0.000182067
vn 0.0125752 0.0220679 0.000182067
vn 0.0113621 0.0226052 0.00225135
vn -0.0113621 -0.0226052 -0.00225135
vn -0.0039259 0.0250753 -0.000989101
vn 0.0039259 -0.0250753 0.000989101
vn 5.56006e-05 -0.0250657 -0.00410693
vn -5.56006e-05 0.0250657 0.00410693
vn -0.0102394 -0.0229621 -0.00361325
vn 0.0102394 0.0229621 0.00361325
vn 0.0103155 -0.022949 -0.00347784
vn -0.0103155 0.022949 0.00347784
vn 0.0105157 -0.0229147 -0.00308145
vn -0.0105157 0.0229147 0.00308145
vn 0.0106845 -0.0228853 -0.00269484
vn -0.0106845 0.0228853 0.00269484
vn 0.0108257 -0.0228604 -0.00231714
vn -0.0108257 0.0228604 0.00231714
vn 0.0109418 -0.0228396 -0.00194729
vn -0.0109418 0.0228396 0.00194729
vn 0.0110354 -0.0228226 -0.0015842
vn -0.0110354 0.0228226 0.0015842
vn -0.00597017 0.0245984 -0.00210663
vn 0.00597017 -0.0245984 0.00210663
vn 0.0111081 -0.0228093 -0.00122667
vn -0.0111081 0.0228093 0.00122667
vn 0.0111615 -0.0227995 -0.000873481
vn -0.0111615 0.0227995 0.000873481
vn 0.00601683 0.0245936 -0.00202847
vn -0.00601683 -0.0245936 0.00202847
vn 3.20294e-05 0.0252996 -0.0022561
vn -3.20294e-05 -0.0252996 0.0022561
vn -0.0111459 -0.0228168 -0.000568046
vn 0.0111459 0.0228168 0.000568046
vn -0.0104839 -0.0229205 -0.00314587
vn 0.0104839 0.0229205 0.00314587
vn -0.0106847 -0.0228856 -0.00269207
vn 0.0106847 0.0228856 0.00269207
vn -0.0108473 -0.0228568 -0.00225044
vn 0.0108473 0.0228568 0.00225044
vn -0.0109762 -0.0228336 -0.00181935
vn 0.0109762 0.0228336 0.00181935
vn -0.0110751 -0.0228156 -0.00139692
vn 0.0110751 0.0228156 0.00139692
vn -0.00166141 0.0253115 -0.0013142
vn 0.00166141 -0.0253115 0.0013142
vn -0.00495292 0.0249123 -7.61492e-05
vn 0.00495292 -0.0249123 7.61492e-05
vn -0.00330817 0.0251832 0.000154635
vn 0.00330817 -0.0251832 -0.000154635
vn -0.011362 0.0226892 -0.00112499
vn 0.011362 -0.0226892 0.00112499
vn 0.0125756 -0.0220675 0.000193345
vn -0.0125756 0.0220675 -0.000193345
vn 0.0125706 -0.0220678 0.000388239
vn -0.0125706 0.0220678 -0.000388239
vn 0.00661779 -0.0238978 0.00550106
vn -0.00661779 0.0238978 -0.00550106
vn -0.0113624 -0.0208593 0.00899701
vn 0.0113624 0.0208593 -0.00899701
vn 0.00398153 0.0250715 -0.00085217
vn -0.00398153 -0.0250715 0.00085217
vn 0.0111676 -0.0228126 -0.000174447
vn -0.0111676 0.0228126 0.000174447
vn -0.0219399 -0.0113608 0.00589346
vn 0.0219399 0.0113608 -0.00589346
vn -0.0249337 0 0.00484485
vn 0.0249337 -0 -0.00484485
vn 0.0217842 -0.0113615 0.0064438
vn -0.0217842 0.0113615 -0.0064438
vn 0.0246481 0 0.00613446
vn -0.0246481 0 -0.00613446
vn -0.00165689 0.0253458 -8.44296e-05
vn 0.00165689 -0.0253458 8.44296e-05
vn -0.00326931 0.0251853 -0.000412344
vn 0.00326931 -0.0251853 0.000412344
vn 0.011362 0.0226892 0.00112499
vn -0.011362 -0.0226892 -0.00112499
vn -0.00399006 0.025071 -0.000827761
vn 0.00399006 -0.025071 0.000827761
vn -0.0111648 -0.0228133 0.000243916
vn 0.0111648 0.0228133 -0.000243916
vn -0.0111386 -0.0228181 0.000650697
vn 0.0111386 0.0228181 -0.000650697
vn -0.00577362 -0.024219 0.00502676
vn 0.00577362 0.024219 -0.00502676
vn 0.0113624 -0.0208593 0.00899701
vn -0.0113624 0.0208593 -0.00899701
vn 0.0179605 0.0178222 0.00222491
vn -0.0179605 -0.0178222 -0.00222491
vn -0.00470322 0.0249326 -0.00118494
vn 0.00470322 -0.0249326 0.00118494
vn 0.0111966 -0.022793 -0.000523392
vn -0.0111966 0.022793 0.000523392
vn 0.00613959 0.0245811 -0.00179906
vn -0.00613959 -0.0245811 0.00179906
vn -0.0111464 -0.0228025 -0.000981278
vn 0.0111464 0.0228025 0.000981278
vn -0.00331239 0.0251829 -0.000102311
vn 0.00331239 -0.0251829 0.000102311
vn -0.00413553 0.025061 6.45922e-05
vn 0.00413553 -0.025061 -6.45922e-05
vn -0.011362 0.0227171 0
vn 0.011362 -0.0227171 -0
vn -0.0113621 0.0226052 0.00225135
vn 0.0113621 -0.0226052 -0.00225135
vn -0.0179605 0.0178222 0.00222491
vn 0.0179605 -0.0178222 -0.00222491
vn -0.0016576 0.0253457 7.74954e-05
vn 0.0016576 -0.0253457 -7.74954e-05
vn 0.00164336 0.0253461 -0.000181458
vn -0.00164336 -0.0253461 0.000181458
vn 0.00325669 0.025186 -0.000467512
vn -0.00325669 -0.025186 0.000467512
vn 0.00476949 0.0249273 -0.00102083
vn -0.00476949 -0.0249273 0.00102083
vn -0.000186817 -0.0219492 0.0127812
vn 0.000186817 0.0219492 -0.0127812
vn -0.0247518 0 0.00570177
vn 0.0247518 -0 -0.00570177
vn 0.0243568 0 0.00720476
vn -0.0243568 0 -0.00720476
vn -0.00329209 0.0251841 -0.000289814
vn 0.00329209 -0.0251841 0.000289814
vn -0.00404106 0.0250675 -0.000669798
vn 0.00404106 -0.0250675 0.000669798
vn -0.000826872 0.0253771 0.000693039
vn 0.000826872 -0.0253771 -0.000693039
vn -0.00477965 0.0249265 -0.000991565
vn 0.00477965 -0.0249265 0.000991565
vn -0.0111672 -0.0228129 -0.000161671
vn 0.0111672 0.0228129 0.000161671
vn -0.0016541 0.025308 0.00138981
vn 0.0016541 -0.025308 -0.00138981
vn -0.00248204 0.0251916 0.00209403
vn 0.00248204 -0.0251916 -0.00209403
vn 7.09676e-05 -0.0247933 -0.00551767
vn -7.09676e-05 0.0247933 0.00551767
vn -0.0129437 -0.0213719 -0.00456776
vn 0.0129437 0.0213719 0.00456776
vn 0.0130351 -0.0213526 -0.00439489
vn -0.0130351 0.0213526 0.00439489
vn 0.0132749 -0.0213027 -0.00389014
vn -0.0132749 0.0213027 0.00389014
vn 0.0134768 -0.0212599 -0.00339921
vn -0.0134768 0.0212599 0.00339921
vn 0.0136451 -0.0212236 -0.0029207
vn -0.0136451 0.0212236 0.0029207
vn 0.0137833 -0.0211935 -0.00245306
vn -0.0137833 0.0211935 0.00245306
vn 0.0138945 -0.0211689 -0.00199471
vn -0.0138945 0.0211689 0.00199471
vn -0.00742511 0.0241488 -0.00262004
vn 0.00742511 -0.0241488 0.00262004
vn -0.00612005 0.0245832 -0.00183634
vn 0.00612005 -0.0245832 0.00183634
vn 0.0139809 -0.0211497 -0.00154394
vn -0.0139809 0.0211497 0.00154394
vn 0.0140442 -0.0211356 -0.00109908
vn -0.0140442 0.0211356 0.00109908
vn 0.00624347 0.0245703 -0.00157467
vn -0.00624347 -0.0245703 0.00157467
vn 0.00748233 0.0241415 -0.00252258
vn -0.00748233 -0.0241415 0.00252258
vn 3.99542e-05 0.0252394 -0.00285138
vn -3.99542e-05 -0.0252394 0.00285138
vn -0.0111922 -0.0227941 -0.000570408
vn 0.0111922 0.0227941 0.000570408
vn -0.013237 -0.0213111 -0.00397215
vn 0.013237 0.0213111 0.00397215
vn -0.0134771 -0.0212602 -0.00339575
vn 0.0134771 0.0212602 0.00339575
vn -0.0136709 -0.0212184 -0.00283637
vn 0.0136709 0.0212184 0.00283637
vn -0.0138244 -0.0211848 -0.00229151
vn 0.0138244 0.0211848 0.00229151
vn -0.0139417 -0.0211588 -0.00175857
vn 0.0139417 0.0211588 0.00175857
vn -0.000830453 0.025378 -0.000655168
vn 0.000830453 -0.025378 0.000655168
vn -0.00413555 0.025061 -6.35762e-05
vn 0.00413555 -0.025061 6.35762e-05
vn -0.00331374 0.0251829 5.17652e-05
vn 0.00331374 -0.0251829 -5.17652e-05
vn -0.011362 0.0226892 0.00112499
vn 0.011362 -0.0226892 -0.00112499
vn 0.0111677 -0.0228126 0.000171704
vn -0.0111677 0.0228126 -0.000171704
vn 0.0111632 -0.0228128 0.000344754
vn -0.0111632 0.0228128 -0.000344754
vn 0.00580786 -0.0242624 0.00477139
vn -0.00580786 0.0242624 -0.00477139
vn -0.0113623 -0.0213018 0.00789264
vn 0.0113623 0.0213018 -0.00789264
vn -0.0113621 0.0224641 0.00338031
vn 0.0113621 -0.0224641 -0.00338031
vn 0.00402748 0.0250684 -0.000716737
vn -0.00402748 -0.0250684 0.000716737
vn 0.011214 -0.0227898 -0.000175184
vn -0.011214 0.0227898 0.000175184
vn -0.0245304 0 0.00658932
vn 0.0245304 -0 -0.00658932
vn -0.000371221 0 0.0253973
vn 0.000371221 -0 -0.0253973
vn -0.00330673 0.0251833 -0.000168529
vn 0.00330673 -0.0251833 0.000168529
vn -0.00166035 0.0253457 -2.40284e-05
vn 0.00166035 -0.0253457 2.40284e-05
vn -0.00165994 0.0253457 3.62712e-05
vn 0.00165994 -0.0253457 -3.62712e-05
vn -0.00165572 0.0253458 9.67232e-05
vn 0.00165572 -0.0253458 -9.67232e-05
vn -0.00484043 0.0249216 -0.000802284
vn 0.00484043 -0.0249216 0.000802284
vn -0.00408026 0.0250649 -0.000514629
vn 0.00408026 -0.0250649 0.000514629
vn -0.0112112 -0.0227906 0.000244932
vn 0.0112112 0.0227906 -0.000244932
vn -0.0111849 -0.0227954 0.000653415
vn 0.0111849 0.0227954 -0.000653415
vn -0.00579953 -0.0242076 0.00505135
vn 0.00579953 0.0242076 -0.00505135
vn 0.0113623 -0.0213018 0.00789264
vn -0.0113623 0.0213018 -0.00789264
vn 0.0113621 0.0224641 0.00338031
vn -0.0113621 -0.0224641 -0.00338031
vn -0.00624352 0.0245704 -0.00157302
vn 0.00624352 -0.0245704 0.00157302
vn 0.0140857 -0.0211262 -0.00065847
vn -0.0140857 0.0211262 0.00065847
vn 0.00763288 0.0241225 -0.00223665
vn -0.00763288 -0.0241225 0.00223665
vn -0.0140264 -0.0211399 -0.00123485
vn 0.0140264 0.0211399 0.00123485
vn -0.00331376 0.0251829 -5.09524e-05
vn 0.00331376 -0.0251829 5.09524e-05
vn -0.00165974 0.0253457 -5.12572e-05
vn 0.00165974 -0.0253457 5.12572e-05
vn 0.000830453 0.025378 0.000655168
vn -0.000830453 -0.025378 -0.000655168
vn 0.00166141 0.0253115 0.0013142
vn -0.00166141 -0.0253115 -0.0013142
vn -0.0113622 0.0222642 0.00451302
vn 0.0113622 -0.0222642 -0.00451302
vn -0.00166042 0.0253457 2.59334e-05
vn 0.00166042 -0.0253457 -2.59334e-05
vn 0.00165197 0.0253459 -0.000129286
vn -0.00165197 -0.0253459 0.000129286
vn 0.0032799 0.0251847 -0.000362179
vn -0.0032799 -0.0251847 0.000362179
vn 0.00482422 0.0249229 -0.00085852
vn -0.00482422 -0.0249229 0.00085852
vn 0.00633047 0.0245611 -0.00135494
vn -0.00633047 -0.0245611 0.00135494
vn -0.0041086 0.0250629 -0.000361696
vn 0.0041086 -0.0250629 0.000361696
vn -0.00488709 0.0249178 -0.000616407
vn 0.00488709 -0.0249178 0.000616407
vn -0.00634378 0.0245598 -0.00131608
vn 0.00634378 -0.0245598 0.00131608
vn -0.0112136 -0.0227901 -0.000162331
vn 0.0112136 0.0227901 0.000162331
vn 0.0113622 0.0222642 0.00451302
vn -0.0113622 -0.0222642 -0.00451302
vn -0.00206817 0.0252558 0.00173987
vn 0.00206817 -0.0252558 -0.00173987
vn -0.00331109 0.0250261 0.00280942
vn 0.00331109 -0.0250261 -0.00280942
vn 9.52754e-05 -0.0240983 -0.00802655
vn -9.52754e-05 0.0240983 0.00802655
vn -0.0165985 -0.0183122 -0.00585798
vn 0.0165985 0.0183122 0.00585798
vn 0.016706 -0.018285 -0.00563286
vn -0.016706 0.018285 0.00563286
vn 0.0169879 -0.018215 -0.00497845
vn -0.0169879 0.018215 0.00497845
vn 0.0172242 -0.0181552 -0.00434459
vn -0.0172242 0.0181552 0.00434459
vn 0.0174205 -0.0181047 -0.00372897
vn -0.0174205 0.0181047 0.00372897
vn 0.0175813 -0.0180628 -0.00312913
vn -0.0175813 0.0180628 0.00312913
vn 0.0177103 -0.0180289 -0.00254259
vn -0.0177103 0.0180289 0.00254259
vn -0.00956038 0.023289 -0.0033736
vn 0.00956038 -0.023289 0.0033736
vn -0.00760895 0.0241257 -0.0022831
vn 0.00760895 -0.0241257 0.0022831
vn 0.0178103 -0.0180024 -0.0019669
vn -0.0178103 0.0180024 0.0019669
vn 0.0178835 -0.0179828 -0.00139959
vn -0.0178835 0.0179828 0.00139959
vn 0.00776018 0.0241062 -0.00195722
vn -0.00776018 -0.0241062 0.00195722
vn 0.00963204 0.0232774 -0.00324739
vn -0.00963204 -0.0232774 0.00324739
vn 5.16382e-05 0.0251159 -0.00378839
vn -5.16382e-05 -0.0251159 0.00378839
vn -0.0140806 -0.0211277 -0.000717652
vn 0.0140806 0.0211277 0.000717652
vn -0.0169437 -0.0182268 -0.0050848
vn 0.0169437 0.0182268 0.0050848
vn -0.0172247 -0.0181557 -0.0043403
vn 0.0172247 0.0181557 0.0043403
vn -0.0174508 -0.0180975 -0.0036208
vn 0.0174508 0.0180975 0.0036208
vn -0.0176291 -0.0180509 -0.00292235
vn 0.0176291 0.0180509 0.00292235
vn -0.0177652 -0.0180149 -0.00224097
vn 0.0177652 0.0180149 0.00224097
vn 0.0112141 -0.0227898 0.000172415
vn -0.0112141 0.0227898 -0.000172415
vn 0.0112095 -0.0227901 0.000346202
vn -0.0112095 0.0227901 -0.000346202
vn 0.005834 -0.0242515 0.00479494
vn -0.005834 0.0242515 -0.00479494
vn -0.0113627 -0.0212881 0.00792871
vn 0.0113627 0.0212881 -0.00792871
vn -0.0113623 0.022003 0.00565033
vn 0.0113623 -0.022003 -0.00565033
vn 0.00249344 0.0251996 0.00198095
vn -0.00249344 -0.0251996 -0.00198095
vn 0.00207749 0.0252614 0.00164546
vn -0.00207749 -0.0252614 -0.00164546
vn 0.00406453 0.0250659 -0.000583463
vn -0.00406453 -0.0250659 0.000583463
vn 0.0141064 -0.0211216 -0.00022037
vn -0.0141064 0.0211216 0.00022037
vn -0.00492084 0.024915 -0.000433197
vn 0.00492084 -0.024915 0.000433197
vn -0.00331358 0.0251829 -4.79806e-05
vn 0.00331358 -0.0251829 4.79806e-05
vn -0.0033128 0.0251829 7.23646e-05
vn 0.0033128 -0.0251829 -7.23646e-05
vn -0.00330441 0.0251834 0.00019304
vn 0.00330441 -0.0251834 -0.00019304
vn -0.00642348 0.0245513 -0.00106467
vn 0.00642348 -0.0245513 0.00106467
vn -0.0141031 -0.0211227 0.000308127
vn 0.0141031 0.0211227 -0.000308127
vn -0.014072 -0.0211297 0.000822097
vn 0.014072 0.0211297 -0.000822097
vn -0.00748117 -0.0233289 0.00670481
vn 0.00748117 0.0233289 -0.00670481
vn 0.0113627 -0.0212881 0.00792871
vn -0.0113627 0.0212881 -0.00792871
vn 0.0113623 0.022003 0.00565033
vn -0.0113623 -0.022003 -0.00565033
vn -0.00493908 0.0249135 0.000288519
vn 0.00493908 -0.0249135 -0.000288519
vn -0.00776026 0.0241064 -0.00195517
vn 0.00776026 -0.0241064 0.00195517
vn 0.0179315 -0.0179699 -0.000838276
vn -0.0179315 0.0179699 0.000838276
vn 0.00982038 0.0232474 -0.00287769
vn -0.00982038 -0.0232474 0.00287769
vn -0.0178631 -0.0179888 -0.00157272
vn 0.0178631 0.0179888 0.00157272
vn -0.00166042 0.0253457 -2.5527e-05
vn 0.00166042 -0.0253457 2.5527e-05
vn 0.00165974 0.0253457 5.12572e-05
vn -0.00165974 -0.0253457 -5.12572e-05
vn 0.00332705 0.0250403 0.0026593
vn -0.00332705 -0.0250403 -0.0026593
vn 0.00331239 0.0251829 0.000102311
vn -0.00331239 -0.0251829 -0.000102311
vn 0.0016576 0.0253457 -7.74954e-05
vn -0.0016576 -0.0253457 7.74954e-05
vn 0.00329695 0.0251838 -0.000258013
vn -0.00329695 -0.0251838 0.000258013
vn 0.00486837 0.0249193 -0.000698856
vn -0.00486837 -0.0249193 0.000698856
vn 0.00640222 0.0245535 -0.00113937
vn -0.00640222 -0.0245535 0.00113937
vn 0.00786671 0.0240923 -0.00168377
vn -0.00786671 -0.0240923 0.00168377
vn -0.00494251 0.0249132 -0.000251892
vn 0.00494251 -0.0249132 0.000251892
vn -0.00412681 0.0250616 -0.000210312
vn 0.00412681 -0.0250616 0.000210312
vn -0.00648467 0.0245447 -0.000817905
vn 0.00648467 -0.0245447 0.000817905
vn -0.00788304 0.0240903 -0.0016354
vn 0.00788304 -0.0240903 0.0016354
vn -0.0141059 -0.021122 -0.000204216
vn 0.0141059 0.021122 0.000204216
vn -0.00414157 0.0248088 0.00353969
vn 0.00414157 -0.0248088 -0.00353969
vn -0.00655277 0.0245372 0.000382803
vn 0.00655277 -0.0245372 -0.000382803
vn 0.0197826 -0.0144676 -0.00667063
vn -0.0197826 0.0144676 0.00667063
vn -0.019667 -0.0144977 -0.00694147
vn 0.019667 0.0144977 0.00694147
vn 0.0200856 -0.0143901 -0.00588658
vn -0.0200856 0.0143901 0.00588658
vn 0.0203385 -0.0143242 -0.00513039
vn -0.0203385 0.0143242 0.00513039
vn 0.0205479 -0.0142688 -0.00439857
vn -0.0205479 0.0142688 0.00439857
vn 0.0207188 -0.0142229 -0.00368767
vn -0.0207188 0.0142229 0.00368767
vn 0.0208556 -0.0141859 -0.00299425
vn -0.0208556 0.0141859 0.00299425
vn 0.0209615 -0.0141569 -0.00231498
vn -0.0209615 0.0141569 0.00231498
vn -0.0129437 0.0213719 -0.00456776
vn 0.0129437 -0.0213719 0.00456776
vn -0.00979051 0.0232524 -0.00293776
vn 0.00979051 -0.0232524 0.00293776
vn 0.0210388 -0.0141357 -0.00164661
vn -0.0210388 0.0141357 0.00164661
vn 0.0210895 -0.0141217 -0.000985927
vn -0.0210895 0.0141217 0.000985927
vn 0.00997938 0.0232215 -0.00251699
vn -0.00997938 -0.0232215 0.00251699
vn 0.0130351 0.0213526 -0.00439489
vn -0.0130351 -0.0213526 0.00439489
vn 7.09676e-05 0.0247933 -0.00551767
vn -7.09676e-05 -0.0247933 0.00551767
vn -0.0179257 -0.017972 -0.000913664
vn 0.0179257 0.017972 0.000913664
vn -0.0200385 -0.0144032 -0.00601396
vn 0.0200385 0.0144032 0.00601396
vn -0.0203394 -0.0143248 -0.00512544
vn 0.0203394 0.0143248 0.00512544
vn -0.0205804 -0.0142609 -0.00427038
vn 0.0205804 0.0142609 0.00427038
vn -0.0207698 -0.0142099 -0.00344315
vn 0.0207698 0.0142099 0.00344315
vn -0.020914 -0.0141706 -0.0026383
vn 0.020914 0.0141706 0.0026383
vn -0.0210175 -0.0141422 -0.00185052
vn 0.0210175 0.0141422 0.00185052
vn 0.0141064 -0.0211216 0.000216891
vn -0.0141064 0.0211216 -0.000216891
vn 0.0141008 -0.021122 0.000435483
vn -0.0141008 0.021122 -0.000435483
vn 0.00753445 -0.0234018 0.00638333
vn -0.00753445 0.0234018 -0.00638333
vn -0.0113926 -0.0202427 0.0102763
vn 0.0113926 0.0202427 -0.0102763
vn -0.0113722 0.0214815 0.00737423
vn 0.0113722 -0.0214815 -0.00737423
vn 0.00416278 0.0248312 0.00335313
vn -0.00416278 -0.0248312 -0.00335313
vn 0.00495087 0.0249123 0.000152908
vn -0.00495087 -0.0249123 -0.000152908
vn 0.00490276 0.0249165 -0.000541401
vn -0.00490276 -0.0249165 0.000541401
vn 0.00409341 0.0250639 -0.000452018
vn -0.00409341 -0.0250639 0.000452018
vn 0.0179553 -0.0179635 -0.000280492
vn -0.0179553 0.0179635 0.000280492
vn -0.00652889 0.0245398 -0.000574751
vn 0.00652889 -0.0245398 0.000574751
vn -0.00413436 0.0250611 9.03224e-05
vn 0.00413436 -0.0250611 -9.03224e-05
vn -0.00412392 0.0250618 0.000240894
vn 0.00412392 -0.0250618 -0.000240894
vn -0.00798056 0.0240774 -0.00132276
vn 0.00798056 -0.0240774 0.00132276
vn -0.0179517 -0.017965 0.000392227
vn 0.0179517 0.017965 -0.000392227
vn -0.0179158 -0.0179747 0.00104671
vn 0.0179158 0.0179747 -0.00104671
vn -0.0100096 -0.0213801 0.00937339
vn 0.0100096 0.0213801 -0.00937339
vn 0.0113926 -0.0202427 0.0102763
vn -0.0113926 0.0202427 -0.0102763
vn 0.0113722 0.0214815 0.00737423
vn -0.0113722 -0.0214815 -0.00737423
vn -0.00538958 0.0243769 0.00467779
vn 0.00538958 -0.0243769 -0.00467779
vn -0.00495153 0.0249125 0.000108179
vn 0.00495153 -0.0249125 -0.000108179
vn -0.00997951 0.0232217 -0.00251437
vn 0.00997951 -0.0232217 0.00251437
vn 0.000122936 -0.0227318 -0.0113318
vn -0.000122936 0.0227318 0.0113318
vn 0.0211146 -0.0141147 -0.00032987
vn -0.0211146 0.0141147 0.00032987
vn 0.0132749 0.0213027 -0.00389014
vn -0.0132749 -0.0213027 0.00389014
vn -0.0210837 -0.0141239 -0.00107467
vn 0.0210837 0.0141239 0.00107467
vn 0.00166042 0.0253457 2.5527e-05
vn -0.00166042 -0.0253457 -2.5527e-05
vn 0.00656821 0.0245352 0.000202844
vn -0.00656821 -0.0245352 -0.000202844
vn 0.00166042 0.0253457 -2.59334e-05
vn -0.00166042 -0.0253457 2.59334e-05
vn 0.00330817 0.0251832 -0.000154635
vn -0.00330817 -0.0251832 0.000154635
vn 0.00411465 0.0250624 -0.000321996
vn -0.00411465 -0.0250624 0.000321996
vn 0.00646011 0.0245472 -0.00092738
vn -0.00646011 -0.0245472 0.00092738
vn 0.00795455 0.0240807 -0.00141562
vn -0.00795455 -0.0240807 0.00141562
vn 0.0101123 0.0231995 -0.00216444
vn -0.0101123 -0.0231995 0.00216444
vn -0.00655729 0.0245367 -0.000334188
vn 0.00655729 -0.0245367 0.000334188
vn -0.00495267 0.0249124 -7.17042e-05
vn 0.00495267 -0.0249124 7.17042e-05
vn -0.00413532 0.025061 -5.98678e-05
vn 0.00413532 -0.025061 5.98678e-05
vn -0.00805538 0.0240674 -0.00101603
vn 0.00805538 -0.0240674 0.00101603
vn -0.0101326 0.0231963 -0.00210216
vn 0.0101326 -0.0231963 0.00210216
vn -0.017955 -0.0179641 -0.000259969
vn 0.017955 0.0179641 0.000259969
vn 0.0113926 0.0202427 0.0102763
vn -0.0113926 -0.0202427 -0.0102763
vn -0.00813867 0.0240561 0.000475437
vn 0.00813867 -0.0240561 -0.000475437
vn -0.0065691 0.0245354 0.00014351
vn 0.0065691 -0.0245354 -0.00014351
vn 0.0221142 -0.0100257 -0.00745716
vn -0.0221142 0.0100257 0.00745716
vn 0.0224231 -0.00995873 -0.0065719
vn -0.0224231 0.00995873 0.0065719
vn -0.0219964 -0.0100518 -0.00776415
vn 0.0219964 0.0100518 0.00776415
vn -0.0223754 -0.00997001 -0.00671571
vn 0.0223754 0.00997001 0.00671571
vn 0.0226799 -0.00990199 -0.00572122
vn -0.0226799 0.00990199 0.00572122
vn 0.0228918 -0.00985441 -0.00490052
vn -0.0228918 0.00985441 0.00490052
vn 0.0230644 -0.00981517 -0.0041053
vn -0.0230644 0.00981517 0.0041053
vn 0.0232023 -0.0097835 -0.00333129
vn -0.0232023 0.0097835 0.00333129
vn 0.0233088 -0.00975881 -0.00257429
vn -0.0233088 0.00975881 0.00257429
vn 0.0233865 -0.0097407 -0.0018304
vn -0.0233865 0.0097407 0.0018304
vn -0.0165985 0.0183122 -0.00585798
vn 0.0165985 -0.0183122 0.00585798
vn -0.013237 0.0213111 -0.00397215
vn 0.013237 -0.0213111 0.00397215
vn 0.0234374 -0.00972879 -0.00109573
vn -0.0234374 0.00972879 0.00109573
vn 0.0234626 -0.00972287 -0.000366547
vn -0.0234626 0.00972287 0.000366547
vn 0.0134768 0.0212599 -0.00339921
vn -0.0134768 -0.0212599 0.00339921
vn 0.016706 0.018285 -0.00563286
vn -0.016706 -0.018285 0.00563286
vn 9.52754e-05 0.0240983 -0.00802655
vn -9.52754e-05 -0.0240983 0.00802655
vn -0.0211145 -0.0141153 -0.000305714
vn 0.0211145 0.0141153 0.000305714
vn -0.022681 -0.0099025 -0.00571584
vn 0.022681 0.0099025 0.00571584
vn -0.022925 -0.00984763 -0.00475709
vn 0.022925 0.00984763 0.00475709
vn -0.0231161 -0.00980399 -0.00383228
vn 0.0231161 0.00980399 0.00383228
vn -0.0232613 -0.00977047 -0.00293454
vn 0.0232613 0.00977047 0.00293454
vn -0.0233653 -0.00974623 -0.00205732
vn 0.0233653 0.00974623 0.00205732
vn -0.0234318 -0.00973069 -0.00119441
vn 0.0234318 0.00973069 0.00119441
vn 0.00331376 0.0251829 5.09524e-05
vn -0.00331376 -0.0251829 -5.09524e-05
vn 0.0179554 -0.0179635 0.000276073
vn -0.0179554 0.0179635 -0.000276073
vn 0.0179485 -0.017964 0.00055433
vn -0.0179485 0.017964 -0.00055433
vn 0.010107 -0.0215066 0.00897077
vn -0.010107 0.0215066 -0.00897077
vn -0.0114 -0.0180701 0.0137358
vn 0.0114 0.0180701 -0.0137358
vn -0.0113926 0.0202427 0.0102763
vn 0.0113926 -0.0202427 -0.0102763
vn 0.00542028 0.0244148 0.00443824
vn -0.00542028 -0.0244148 -0.00443824
vn 0.00815747 0.0240531 0.000251943
vn -0.00815747 -0.0240531 -0.000251943
vn 0.00495292 0.0249123 7.61492e-05
vn -0.00495292 -0.0249123 -7.61492e-05
vn 0.00492803 0.0249144 -0.000385648
vn -0.00492803 -0.0249144 0.000385648
vn 0.0211147 -0.0141147 0.000324663
vn -0.0211147 0.0141147 -0.000324663
vn -0.00810948 0.0240601 -0.000713918
vn 0.00810948 -0.0240601 0.000713918
vn -0.0102542 0.0231759 -0.00169964
vn 0.0102542 -0.0231759 0.00169964
vn -0.0211111 -0.0141163 0.000461264
vn 0.0211111 0.0141163 -0.000461264
vn -0.0210732 -0.0141268 0.00123121
vn 0.0210732 0.0141268 -0.00123121
vn 0.0114 -0.0180701 0.0137358
vn -0.0114 0.0180701 -0.0137358
vn 0.0114 0.0180701 0.0137358
vn -0.0114 -0.0180701 -0.0137358
vn -0.0104508 0.0231423 0.000610514
vn 0.0104508 -0.0231423 -0.000610514
vn -0.0134771 0.0212602 -0.00339575
vn 0.0134771 -0.0212602 0.00339575
vn 0.000158471 -0.0197935 -0.0159171
vn -0.000158471 0.0197935 0.0159171
vn 0.0234627 -0.00972284 0.000360756
vn -0.0234627 0.00972284 -0.000360756
vn 0.0169879 0.018215 -0.00497845
vn -0.0169879 -0.018215 0.00497845
vn -0.0234627 -0.0097234 -0.000339725
vn 0.0234627 0.0097234 0.000339725
vn 0.00331374 0.0251829 -5.17652e-05
vn -0.00331374 -0.0251829 5.17652e-05
vn 0.00657093 0.0245351 0.000101016
vn -0.00657093 -0.0245351 -0.000101016
vn 0.00413555 0.025061 6.35762e-05
vn -0.00413555 -0.025061 -6.35762e-05
vn 0.0065052 0.0245423 -0.000718337
vn -0.0065052 -0.0245423 0.000718337
vn 0.00802536 0.0240713 -0.00115207
vn -0.00802536 -0.0240713 0.00115207
vn 0.0102217 0.0231812 -0.00181912
vn -0.0102217 -0.0231812 0.00181912
vn 0.0136451 0.0212236 -0.0029207
vn -0.0136451 -0.0212236 0.0029207
vn -0.00814421 0.0240554 -0.000415061
vn 0.00814421 -0.0240554 0.000415061
vn -0.0065706 0.0245353 -9.5123e-05
vn 0.0065706 -0.0245353 9.5123e-05
vn -0.0103473 0.0231601 -0.00130513
vn 0.0103473 -0.0231601 0.00130513
vn -0.0136709 0.0212184 -0.00283637
vn 0.0136709 -0.0212184 0.00283637
vn -0.0125131 -0.018365 0.0123007
vn 0.0125131 0.018365 -0.0123007
vn -0.00748117 0.0233289 0.00670481
vn 0.00748117 -0.0233289 -0.00670481
vn -0.00815861 0.0240534 0.000178232
vn 0.00815861 -0.0240534 -0.000178232
vn 0.023572 -0.00513187 -0.00794901
vn -0.023572 0.00513187 0.00794901
vn 0.0238796 -0.00509298 -0.006999
vn -0.0238796 0.00509298 0.006999
vn 0.0241348 -0.00506011 -0.00608838
vn -0.0241348 0.00506011 0.00608838
vn -0.0234547 -0.00514706 -0.00827928
vn 0.0234547 0.00514706 0.00827928
vn -0.0238324 -0.00509953 -0.00715333
vn 0.0238324 0.00509953 0.00715333
vn -0.0241361 -0.00506042 -0.00608277
vn 0.0241361 0.00506042 0.00608277
vn 0.0243448 -0.00503263 -0.0052117
vn -0.0243448 0.00503263 0.0052117
vn 0.0245157 -0.00500997 -0.00436372
vn -0.0245157 0.00500997 0.00436372
vn 0.0246519 -0.00499171 -0.00353949
vn -0.0246519 0.00499171 0.00353949
vn 0.024757 -0.00497751 -0.00273431
vn -0.024757 0.00497751 0.00273431
vn 0.0248337 -0.00496707 -0.00194368
vn -0.0248337 0.00496707 0.00194368
vn 0.0248838 -0.00496024 -0.00116337
vn -0.0248838 0.00496024 0.00116337
vn -0.019667 0.0144977 -0.00694147
vn 0.019667 -0.0144977 0.00694147
vn -0.0169437 0.0182268 -0.0050848
vn 0.0169437 -0.0182268 0.0050848
vn 0.0249086 -0.00495684 -0.000389153
vn -0.0249086 0.00495684 0.000389153
vn 0.0249087 -0.00495684 0.000383007
vn -0.0249087 0.00495684 -0.000383007
vn 0.0172242 0.0181552 -0.00434459
vn -0.0172242 -0.0181552 0.00434459
vn 0.0200856 0.0143901 -0.00588658
vn -0.0200856 -0.0143901 0.00588658
vn 0.0197826 0.0144676 -0.00667063
vn -0.0197826 -0.0144676 0.00667063
vn -0.0234593 -0.00972421 0.000512598
vn 0.0234593 0.00972421 -0.000512598
vn -0.0243779 -0.00502869 -0.00505874
vn 0.0243779 0.00502869 0.00505874
vn -0.024567 -0.00500352 -0.00407292
vn 0.024567 0.00500352 0.00407292
vn -0.0247103 -0.00498422 -0.00311742
vn 0.0247103 0.00498422 0.00311742
vn -0.024813 -0.00497027 -0.00218486
vn 0.024813 0.00497027 0.00218486
vn -0.0248784 -0.00496133 -0.00126817
vn 0.0248784 0.00496133 0.00126817
vn -0.024909 -0.00495714 -0.00036068
vn 0.024909 0.00495714 0.00036068
vn 0.00413553 0.025061 -6.45922e-05
vn -0.00413553 -0.025061 6.45922e-05
vn 0.0211068 -0.0141152 0.000651866
vn -0.0211068 0.0141152 -0.000651866
vn -0.0114099 -0.0149771 0.0170488
vn 0.0114099 0.0149771 -0.0170488
vn -0.0114 0.0180701 0.0137358
vn 0.0114 -0.0180701 -0.0137358
vn 0.00753445 0.0234018 0.00638333
vn -0.00753445 -0.0234018 -0.00638333
vn 0.0104741 0.0231376 0.000323469
vn -0.0104741 -0.0231376 -0.000323469
vn 0.00816082 0.024053 0.000125476
vn -0.00816082 -0.024053 -0.000125476
vn 0.00657088 0.0245351 -0.000102641
vn -0.00657088 -0.0245351 0.000102641
vn 0.0049529 0.0249123 -7.73684e-05
vn -0.0049529 -0.0249123 7.73684e-05
vn 0.00412859 0.0250615 -0.000192989
vn -0.00412859 -0.0250615 0.000192989
vn 0.00653832 0.0245387 -0.000511658
vn -0.00653832 -0.0245387 0.000511658
vn -0.0104145 0.0231486 -0.000916839
vn 0.0104145 -0.0231486 0.000916839
vn -0.0138244 0.0211848 -0.00229151
vn 0.0138244 -0.0211848 0.00229151
vn -0.0234212 -0.00973315 0.00136845
vn 0.0234212 0.00973315 -0.00136845
vn 0.0114099 0.0149771 0.0170488
vn -0.0114099 -0.0149771 -0.0170488
vn 0.0114099 -0.0149771 0.0170488
vn -0.0114099 0.0149771 -0.0170488
vn -0.0100096 0.0213801 0.00937339
vn 0.0100096 -0.0213801 -0.00937339
vn -0.0104756 0.0231381 0.000228854
vn 0.0104756 -0.0231381 -0.000228854
vn -0.014072 0.0211297 0.000822097
vn 0.014072 -0.0211297 -0.000822097
vn -0.0172247 0.0181557 -0.0043403
vn 0.0172247 -0.0181557 0.0043403
vn 0.00020381 -0.0130221 -0.0218069
vn -0.00020381 0.0130221 0.0218069
vn 0.000122936 0.0227318 -0.0113318
vn -0.000122936 -0.0227318 0.0113318
vn -0.0200385 0.0144032 -0.00601396
vn 0.0200385 -0.0144032 0.00601396
vn 0.0234541 -0.0097233 0.000724357
vn -0.0234541 0.0097233 -0.000724357
vn 0.0203385 0.0143242 -0.00513039
vn -0.0203385 -0.0143242 0.00513039
vn -0.0249055 -0.00495762 0.00054422
vn 0.0249055 0.00495762 -0.00054422
vn 0.00494464 0.024913 -0.00023114
vn -0.00494464 -0.024913 0.00023114
vn 0.0126818 -0.0185457 0.0118486
vn -0.0126818 0.0185457 -0.0118486
vn 0.00816077 0.024053 -0.000127483
vn -0.00816077 -0.024053 0.000127483
vn 0.00808048 0.0240639 -0.000892302
vn -0.00808048 -0.0240639 0.000892302
vn 0.0103099 0.0231663 -0.00148006
vn -0.0103099 -0.0231663 0.00148006
vn 0.0137833 0.0211935 -0.00245306
vn -0.0137833 -0.0211935 0.00245306
vn 0.0174205 0.0181047 -0.00372897
vn -0.0174205 -0.0181047 0.00372897
vn -0.0104577 0.0231412 -0.000532968
vn 0.0104577 -0.0231412 0.000532968
vn -0.00816044 0.0240531 -0.000118135
vn 0.00816044 -0.0240531 0.000118135
vn -0.0139417 0.0211588 -0.00175857
vn 0.0139417 -0.0211588 0.00175857
vn -0.0174508 0.0180975 -0.0036208
vn 0.0174508 -0.0180975 0.0036208
vn -0.0148351 -0.013862 0.0152619
vn 0.0148351 0.013862 -0.0152619
vn -0.0125131 0.018365 0.0123007
vn 0.0125131 -0.018365 -0.0123007
vn 0.0114215 -0.0108451 0.0199272
vn -0.0114215 0.0108451 -0.0199272
vn 0.0240683 -0 -0.00811647
vn -0.0240683 0 0.00811647
vn 0.0246284 0 -0.00621297
vn -0.0246284 0 0.00621297
vn -0.0239515 0 -0.0084548
vn 0.0239515 0 0.0084548
vn -0.0243277 0 -0.00730209
vn 0.0243277 0 0.00730209
vn -0.0246299 0 -0.00620728
vn 0.0246299 0 0.00620728
vn 0.0251422 0 -0.0036099
vn -0.0251422 0 0.0036099
vn 0.0253226 0 -0.00198196
vn -0.0253226 0 0.00198196
vn -0.0219964 0.0100518 -0.00776415
vn 0.0219964 -0.0100518 0.00776415
vn -0.0223754 0.00997001 -0.00671571
vn 0.0223754 -0.00997001 0.00671571
vn -0.0203394 0.0143248 -0.00512544
vn 0.0203394 -0.0143248 0.00512544
vn 0.0248997 -0.00495709 0.000769011
vn -0.0248997 0.00495709 -0.000769011
vn 0.0205479 0.0142688 -0.00439857
vn -0.0205479 -0.0142688 0.00439857
vn 0.0224231 0.00995873 -0.0065719
vn -0.0224231 -0.00995873 0.0065719
vn 0.0226799 0.00990199 -0.00572122
vn -0.0226799 -0.00990199 0.00572122
vn 0.0221142 0.0100257 -0.00745716
vn -0.0221142 -0.0100257 0.00745716
vn -0.0253671 0 -0.00129309
vn 0.0253671 0 0.00129309
vn 0.0151043 -0.0140653 0.014805
vn -0.0151043 0.0140653 -0.014805
vn -0.0114099 0.0149771 0.0170488
vn 0.0114099 -0.0149771 -0.0170488
vn 0.010107 0.0215066 0.00897077
vn -0.010107 -0.0215066 -0.00897077
vn 0.0141008 0.021122 0.000435483
vn -0.0141008 -0.021122 -0.000435483
vn 0.0104783 0.0231374 0.000161087
vn -0.0104783 -0.0231374 -0.000161087
vn 0.0104782 0.0231374 -0.000163678
vn -0.0104782 -0.0231374 0.000163678
vn 0.00656006 0.0245363 -0.000306654
vn -0.00656006 -0.0245363 0.000306654
vn 0.00814756 0.0240548 -0.000380848
vn -0.00814756 -0.0240548 0.000380848
vn 0.00812097 0.0240584 -0.000635508
vn -0.00812097 -0.0240584 0.000635508
vn -0.0140264 0.0211399 -0.00123485
vn 0.0140264 -0.0211399 0.00123485
vn -0.0176291 0.0180509 -0.00292235
vn 0.0176291 -0.0180509 0.00292235
vn -0.0248681 -0.00496275 0.00145303
vn 0.0248681 0.00496275 -0.00145303
vn -0.0148351 0.013862 0.0152619
vn 0.0148351 -0.013862 -0.0152619
vn 0.0114215 0.0108451 0.0199272
vn -0.0114215 -0.0108451 -0.0199272
vn -0.0179158 0.0179747 0.00104671
vn 0.0179158 -0.0179747 -0.00104671
vn -0.0210732 0.0141268 0.00123121
vn 0.0210732 -0.0141268 -0.00123121
vn -0.0104779 0.0231377 -0.000151689
vn 0.0104779 -0.0231377 0.000151689
vn -0.0141031 0.0211227 0.000308127
vn 0.0141031 -0.0211227 -0.000308127
vn -0.0205804 0.0142609 -0.00427038
vn 0.0205804 -0.0142609 0.00427038
vn 0.000231902 0 -0.0253989
vn -0.000231902 0 0.0253989
vn 0.000158471 0.0197935 -0.0159171
vn -0.000158471 -0.0197935 0.0159171
vn -0.022681 0.0099025 -0.00571584
vn 0.022681 -0.0099025 0.00571584
vn 0.0228918 0.00985441 -0.00490052
vn -0.0228918 -0.00985441 0.00490052
vn -0.0114215 -0.0108451 0.0199272
vn 0.0114215 0.0108451 -0.0199272
vn 0.0104619 0.0231402 -0.000489052
vn -0.0104619 -0.0231402 0.000489052
vn 0.0103784 0.0231546 -0.00114607
vn -0.0103784 -0.0231546 0.00114607
vn 0.0138945 0.0211689 -0.00199471
vn -0.0138945 -0.0211689 0.00199471
vn 0.0175813 0.0180628 -0.00312913
vn -0.0175813 -0.0180628 0.00312913
vn 0.0207188 0.0142229 -0.00368767
vn -0.0207188 -0.0142229 0.00368767
vn -0.0140806 0.0211277 -0.000717652
vn 0.0140806 -0.0211277 0.000717652
vn -0.0177652 0.0180149 -0.00224097
vn 0.0177652 -0.0180149 0.00224097
vn -0.0207698 0.0142099 -0.00344315
vn 0.0207698 -0.0142099 0.00344315
vn 0.0114317 -0.00573268 0.0219457
vn -0.0114317 0.00573268 -0.0219457
vn -0.0166047 -0.00759839 0.0176553
vn 0.0166047 0.00759839 -0.0176553
vn -0.0234212 0.00973315 0.00136845
vn 0.0234212 -0.00973315 -0.00136845
vn 0.0114317 0.00573268 0.0219457
vn -0.0114317 -0.00573268 -0.0219457
vn 0.00020381 0.0130221 -0.0218069
vn -0.00020381 -0.0130221 0.0218069
vn 0.023572 0.00513187 -0.00794901
vn -0.023572 -0.00513187 0.00794901
vn 0.0238796 0.00509298 -0.006999
vn -0.0238796 -0.00509298 0.006999
vn 0.0241348 0.00506011 -0.00608838
vn -0.0241348 -0.00506011 0.00608838
vn 0.0243448 0.00503263 -0.0052117
vn -0.0243448 -0.00503263 0.0052117
vn -0.0234547 0.00514706 -0.00827928
vn 0.0234547 -0.00514706 0.00827928
vn -0.0238324 0.00509953 -0.00715333
vn 0.0238324 -0.00509953 0.00715333
vn -0.0241361 0.00506042 -0.00608277
vn 0.0241361 -0.00506042 0.00608277
vn -0.0243779 0.00502869 -0.00505874
vn 0.0243779 -0.00502869 0.00505874
vn 0.0245157 0.00500997 -0.00436372
vn -0.0245157 -0.00500997 0.00436372
vn 0.0246519 0.00499171 -0.00353949
vn -0.0246519 -0.00499171 0.00353949
vn 0.024757 0.00497751 -0.00273431
vn -0.024757 -0.00497751 0.00273431
vn 0.0248337 0.00496707 -0.00194368
vn -0.0248337 -0.00496707 0.00194368
vn 0.0248838 0.00496024 -0.00116337
vn -0.0248838 -0.00496024 0.00116337
vn 0.0249086 0.00495684 -0.000389153
vn -0.0249086 -0.00495684 0.000389153
vn -0.022925 0.00984763 -0.00475709
vn 0.022925 -0.00984763 0.00475709
vn 0.0169795 -0.00774423 0.0172303
vn -0.0169795 0.00774423 -0.0172303
vn 0.0230644 0.00981517 -0.0041053
vn -0.0230644 -0.00981517 0.0041053
vn -0.024567 0.00500352 -0.00407292
vn 0.024567 -0.00500352 0.00407292
vn -0.0247103 0.00498422 -0.00311742
vn 0.0247103 -0.00498422 0.00311742
vn -0.024813 0.00497027 -0.00218486
vn 0.024813 -0.00497027 0.00218486
vn -0.0248784 0.00496133 -0.00126817
vn 0.0248784 -0.00496133 0.00126817
vn -0.024909 0.00495714 -0.00036068
vn 0.024909 -0.00495714 0.00036068
vn -0.0114215 0.0108451 0.0199272
vn 0.0114215 -0.0108451 -0.0199272
vn 0.0126818 0.0185457 0.0118486
vn -0.0126818 -0.0185457 -0.0118486
vn 0.0179485 0.017964 0.00055433
vn -0.0179485 -0.017964 -0.00055433
vn 0.0141064 0.0211216 0.000216891
vn -0.0141064 -0.0211216 -0.000216891
vn 0.0141064 0.0211216 -0.00022037
vn -0.0141064 -0.0211216 0.00022037
vn 0.0140857 0.0211262 -0.00065847
vn -0.0140857 -0.0211262 0.00065847
vn 0.0104288 0.0231459 -0.000816128
vn -0.0104288 -0.0231459 0.000816128
vn -0.0178631 0.0179888 -0.00157272
vn 0.0178631 -0.0179888 0.00157272
vn -0.020914 0.0141706 -0.0026383
vn 0.020914 -0.0141706 0.0026383
vn -0.0166047 0.00759839 0.0176553
vn 0.0166047 -0.00759839 -0.0176553
vn -0.0248681 0.00496275 0.00145303
vn 0.0248681 -0.00496275 -0.00145303
vn -0.0179517 0.017965 0.000392227
vn 0.0179517 -0.017965 -0.000392227
vn -0.0211111 0.0141163 0.000461264
vn 0.0211111 -0.0141163 -0.000461264
vn -0.0234593 0.00972421 0.000512598
vn 0.0234593 -0.00972421 -0.000512598
vn -0.0141059 0.021122 -0.000204216
vn 0.0141059 -0.021122 0.000204216
vn -0.0231161 0.00980399 -0.00383228
vn 0.0231161 -0.00980399 0.00383228
vn 0.0249087 0.00495684 0.000383007
vn -0.0249087 -0.00495684 -0.000383007
vn 0.0248997 0.00495709 0.000769011
vn -0.0248997 -0.00495709 -0.000769011
vn -0.0249055 0.00495762 0.00054422
vn 0.0249055 -0.00495762 -0.00054422
vn -0.0114317 -0.00573268 0.0219457
vn 0.0114317 0.00573268 -0.0219457
vn 0.0211068 0.0141152 0.000651866
vn -0.0211068 -0.0141152 -0.000651866
vn 0.0140442 0.0211356 -0.00109908
vn -0.0140442 -0.0211356 0.00109908
vn 0.0139809 0.0211497 -0.00154394
vn -0.0139809 -0.0211497 0.00154394
vn 0.0177103 0.0180289 -0.00254259
vn -0.0177103 -0.0180289 0.00254259
vn 0.0208556 0.0141859 -0.00299425
vn -0.0208556 -0.0141859 0.00299425
vn 0.0232023 0.0097835 -0.00333129
vn -0.0232023 -0.0097835 0.00333129
vn -0.0179257 0.017972 -0.000913664
vn 0.0179257 -0.017972 0.000913664
vn -0.0210175 0.0141422 -0.00185052
vn 0.0210175 -0.0141422 0.00185052
vn -0.0232613 0.00977047 -0.00293454
vn 0.0232613 -0.00977047 0.00293454
vn 0.0114358 0 0.02268
vn -0.0114358 0 -0.02268
vn -0.0172893 0 0.0186075
vn 0.0172893 -0 -0.0186075
vn 0.0233088 0.00975881 -0.00257429
vn -0.0233088 -0.00975881 0.00257429
vn 0.0233865 0.0097407 -0.0018304
vn -0.0233865 -0.0097407 0.0018304
vn 0.0234374 0.00972879 -0.00109573
vn -0.0234374 -0.00972879 0.00109573
vn 0.0234626 0.00972287 -0.000366547
vn -0.0234626 -0.00972287 0.000366547
vn 0.0169795 0.00774423 0.0172303
vn -0.0169795 -0.00774423 -0.0172303
vn 0.0177128 0 0.0182049
vn -0.0177128 0 -0.0182049
vn -0.0233653 0.00974623 -0.00205732
vn 0.0233653 -0.00974623 0.00205732
vn -0.0234318 0.00973069 -0.00119441
vn 0.0234318 -0.00973069 0.00119441
vn -0.0234627 0.0097234 -0.000339725
vn 0.0234627 -0.0097234 0.000339725
vn -0.0114317 0.00573268 0.0219457
vn 0.0114317 -0.00573268 -0.0219457
vn 0.0151043 0.0140653 0.014805
vn -0.0151043 -0.0140653 -0.014805
vn 0.0234541 0.0097233 0.000724357
vn -0.0234541 -0.0097233 -0.000724357
vn 0.0179554 0.0179635 0.000276073
vn -0.0179554 -0.0179635 -0.000276073
vn 0.0211147 0.0141147 0.000324663
vn -0.0211147 -0.0141147 -0.000324663
vn 0.0179553 0.0179635 -0.000280492
vn -0.0179553 -0.0179635 0.000280492
vn 0.0179315 0.0179699 -0.000838276
vn -0.0179315 -0.0179699 0.000838276
vn 0.0178835 0.0179828 -0.00139959
vn -0.0178835 -0.0179828 0.00139959
vn -0.0210837 0.0141239 -0.00107467
vn 0.0210837 -0.0141239 0.00107467
vn -0.017955 0.0179641 -0.000259969
vn 0.017955 -0.0179641 0.000259969
vn -0.0211145 0.0141153 -0.000305714
vn 0.0211145 -0.0141153 0.000305714
vn 0.0234627 0.00972284 0.000360756
vn -0.0234627 -0.00972284 -0.000360756
vn -0.0114358 0 0.02268
vn 0.0114358 -0 -0.02268
vn 0.0178103 0.0180024 -0.0019669
vn -0.0178103 -0.0180024 0.0019669
vn 0.0209615 0.0141569 -0.00231498
vn -0.0209615 -0.0141569 0.00231498
vn 0.0210388 0.0141357 -0.00164661
vn -0.0210388 -0.0141357 0.00164661
vn 0.0210895 0.0141217 -0.000985927
vn -0.0210895 -0.0141217 0.000985927
vn 0.0211146 0.0141147 -0.00032987
vn -0.0211146 -0.0141147 0.00032987
vn -0.0214636 -0.0115592 -0.00713151
vn 0.000437794 -0.0214457 -0.0136033
vn -0.0214267 -0.011549 -0.00725785
vn -0.0221724 -0.0107034 -0.00624355
vn -0.0221469 -0.0106813 -0.00637057
vn 0.000598932 -0.0213679 -0.0137191
vn -0.022724 -0.00994105 -0.00547329
vn -0.0231805 -0.00938307 -0.00444767
vn -0.0227388 -0.00997623 -0.00534624
vn -0.0231758 -0.00933374 -0.00457426
vn -0.0235131 -0.00892607 -0.00355265
vn -0.0235181 -0.00886163 -0.00367845
vn -0.023749 -0.00860542 -0.0026635
vn -0.0237636 -0.0085251 -0.00278831
vn -0.0239218 -0.00832353 -0.00190437
vn -0.0238974 -0.00842046 -0.00178074
vn -0.0239988 -0.00825609 -0.00102606
vn -0.0239642 -0.00837016 -0.000903885
vn -0.0239975 -0.00832211 -0.000152171
vn -0.0239519 -0.00845371 -3.17246e-05
vn -0.0236835 -0.00901947 0.00170274
vn -0.0194323 -0.0119406 0.0111788
vn -0.0151387 -0.0127611 0.0159102
vn -0.0239173 -0.00852112 0.000718566
vn -0.0237544 -0.00885274 0.00158709
vn -0.0238597 -0.00867034 0.000836905
vn 0 0.00435041 0.0250247
vn 0 0.00500667 0.0249017
vn 0 0.0056655 0.0247601
vn 0 0.0110497 0.0228706
vn 0 0.00632717 0.0245993
vn 0 0.0103652 0.0231889
vn 0 0.00699188 0.0244187
vn 0 0.0096838 0.0234816
vn 0 0.0076598 0.0242175
vn 0 0.00900572 0.0237499
vn 0 0.00833105 0.0239949
vn -0.0160564 0.0187557 -0.00596484
vn -0.0177053 0.0173217 -0.00562516
vn -0.0192823 0.0156993 -0.00518485
vn -0.0207369 0.0139135 -0.00464279
vn -0.0220222 0.0120062 -0.00400396
vn -0.0231022 0.0100346 -0.00327932
vn -0.0239574 0.00806435 -0.00248427
vn -0.0245867 0.00616252 -0.00163612
vn -0.0253468 0.000444043 0.00158128
vn -0.0250065 0.00439014 -0.000751231
vn -0.025337 0.00142352 0.00108153
vn -0.025245 0.00279763 0.000157328
vn 0.0217518 -0.011206 -0.00681528
vn 0.0218793 -0.0109502 -0.00682295
vn 0.0222746 -0.0106068 -0.00604142
vn 0.0223901 -0.0103584 -0.00604553
vn 0.0226929 -0.0101229 -0.00526489
vn 0.0227985 -0.00988195 -0.00526644
vn 0.0231157 -0.00952175 -0.00449024
vn 0.023018 -0.0097554 -0.00449059
vn 0.0233507 -0.00927733 -0.0037197
vn 0.023259 -0.0095042 -0.00372161
vn 0.0235106 -0.00914723 -0.00295638
vn 0.0234232 -0.00936783 -0.00295966
vn 0.0236002 -0.00912945 -0.00220086
vn 0.0235155 -0.00934428 -0.00220556
vn 0.0236222 -0.00922173 -0.00145326
vn 0.0235389 -0.00943122 -0.00145959
vn 0.0235772 -0.00942167 -0.000713588
vn 0.0234942 -0.00962604 -0.000721843
vn 0.0234639 -0.00972653 1.81356e-05
vn 0.0191192 -0.0130813 0.0104162
vn 0.0233803 -0.00992576 7.493e-06
vn 0.0149269 -0.0137059 0.0153132
vn 0.0232794 -0.0101332 0.000741401
vn 0.0231264 -0.0104796 0.000714223
vn 0.0231945 -0.010327 0.000727913

# Mesh 'mesh1_mesh1-geometry' with 633 faces
g mesh1_mesh1-geometry
usemtl material_0_24
f  1/1/1 2/1/2 3/1/3
f  2/1/2 1/1/1 4/1/2
f  3/1/4 2/1/5 1/1/6
f  4/1/5 1/1/6 2/1/5
f  2/1/2 5/1/7 3/1/3
f  3/1/4 5/1/8 2/1/5
f  4/1/2 1/1/1 6/1/1
f  6/1/6 1/1/6 4/1/5
f  5/1/7 2/1/2 7/1/2
f  7/1/5 2/1/5 5/1/8
f  5/1/7 8/1/9 3/1/3
f  4/1/2 6/1/1 9/1/2
f  9/1/5 6/1/6 4/1/5
f  5/1/7 7/1/2 10/1/10
f  10/1/11 7/1/5 5/1/8
f  8/1/9 5/1/7 11/1/12
f  12/1/13 9/1/2 6/1/1
f  6/1/6 9/1/5 12/1/14
f  10/1/10 7/1/2 13/1/2
f  13/1/5 7/1/5 10/1/11
f  10/1/10 11/1/12 5/1/7
f  14/1/15 9/1/2 12/1/13
f  12/1/14 9/1/5 14/1/16
f  12/1/13 6/1/1 15/1/17
f  15/1/18 6/1/6 12/1/14
f  10/1/10 13/1/2 16/1/19
f  16/1/20 13/1/5 10/1/11
f  11/1/12 10/1/10 17/1/21
f  14/1/15 18/1/2 9/1/2
f  9/1/5 18/1/5 14/1/16
f  12/1/13 19/1/22 14/1/15
f  20/1/23 12/1/13 15/1/17
f  15/1/18 12/1/14 20/1/24
f  16/1/19 13/1/2 21/1/2
f  21/1/5 13/1/5 16/1/20
f  16/1/19 17/1/21 10/1/10
f  22/1/25 18/1/2 14/1/15
f  14/1/16 18/1/5 22/1/26
f  19/1/22 12/1/13 23/1/27
f  24/1/28 14/1/15 19/1/22
f  12/1/13 20/1/23 25/1/29
f  25/1/30 20/1/24 12/1/14
f  16/1/19 21/1/2 26/1/31
f  26/1/32 21/1/5 16/1/20
f  17/1/21 16/1/19 27/1/33
f  22/1/25 28/1/2 18/1/2
f  18/1/5 28/1/5 22/1/26
f  14/1/15 24/1/28 22/1/25
f  25/1/29 20/1/23 29/1/2
f  29/1/5 20/1/24 25/1/30
f  26/1/31 21/1/2 30/1/2
f  30/1/5 21/1/5 26/1/32
f  26/1/31 27/1/33 16/1/19
f  31/1/34 32/1/35 33/1/36
f  32/1/35 34/1/37 33/1/36
f  35/1/38 31/1/34 33/1/36
f  36/1/39 28/1/2 22/1/25
f  22/1/26 28/1/5 36/1/40
f  37/1/41 22/1/25 24/1/28
f  38/1/42 39/1/43 33/1/36
f  38/1/42 40/1/44 41/1/45
f  29/1/2 20/1/23 42/1/1
f  42/1/6 20/1/24 29/1/5
f  43/1/2 25/1/29 29/1/2
f  29/1/5 25/1/30 43/1/5
f  26/1/31 30/1/2 44/1/46
f  44/1/47 30/1/5 26/1/32
f  27/1/33 26/1/31 45/1/48
f  33/1/36 34/1/37 46/1/49
f  47/1/50 35/1/38 33/1/36
f  36/1/39 48/1/2 28/1/2
f  28/1/5 48/1/5 36/1/40
f  22/1/25 37/1/41 36/1/39
f  39/1/43 49/1/51 33/1/36
f  33/1/36 40/1/44 38/1/42
f  41/1/45 40/1/44 50/1/52
f  29/1/2 42/1/1 51/1/2
f  51/1/5 42/1/6 29/1/5
f  25/1/29 43/1/2 52/1/53
f  52/1/54 43/1/5 25/1/30
f  44/1/46 30/1/2 53/1/2
f  53/1/5 30/1/5 44/1/47
f  44/1/46 45/1/48 26/1/31
f  34/1/37 54/1/55 46/1/49
f  33/1/36 46/1/49 55/1/36
f  56/1/56 47/1/50 33/1/36
f  49/1/51 56/1/56 33/1/36
f  57/1/57 48/1/2 36/1/39
f  36/1/40 48/1/5 57/1/58
f  58/1/59 36/1/39 37/1/41
f  59/1/60 40/1/44 33/1/36
f  50/1/52 40/1/44 60/1/61
f  51/1/2 42/1/1 61/1/1
f  61/1/6 42/1/6 51/1/5
f  52/1/53 43/1/2 62/1/2
f  62/1/5 43/1/5 52/1/54
f  44/1/46 53/1/2 63/1/62
f  63/1/63 53/1/5 44/1/47
f  45/1/48 44/1/46 64/1/64
f  54/1/55 65/1/65 46/1/49
f  66/1/49 55/1/36 46/1/49
f  33/1/36 55/1/36 59/1/60
f  57/1/57 67/1/2 48/1/2
f  48/1/5 67/1/5 57/1/58
f  36/1/39 58/1/59 57/1/57
f  68/1/66 40/1/44 59/1/60
f  60/1/61 40/1/44 69/1/67
f  70/1/68 51/1/2 61/1/1
f  61/1/6 51/1/5 70/1/69
f  52/1/53 62/1/2 71/1/70
f  71/1/71 62/1/5 52/1/54
f  63/1/62 53/1/2 72/1/2
f  72/1/5 53/1/5 63/1/63
f  63/1/62 64/1/64 44/1/46
f  65/1/65 73/1/72 46/1/49
f  55/1/36 66/1/49 74/1/73
f  66/1/49 46/1/49 75/1/74
f  76/1/60 59/1/60 55/1/36
f  57/1/57 77/1/2 67/1/2
f  67/1/5 77/1/5 57/1/58
f  78/1/75 57/1/57 58/1/59
f  79/1/76 40/1/44 68/1/66
f  59/1/60 76/1/60 68/1/66
f  69/1/67 40/1/44 80/1/77
f  81/1/78 51/1/2 70/1/68
f  70/1/69 51/1/5 81/1/79
f  71/1/70 62/1/2 82/1/2
f  82/1/5 62/1/5 71/1/71
f  63/1/62 72/1/2 83/1/80
f  83/1/81 72/1/5 63/1/63
f  64/1/64 63/1/62 84/1/82
f  73/1/72 85/1/83 46/1/49
f  74/1/73 66/1/49 86/1/84
f  87/1/85 55/1/36 74/1/73
f  88/1/74 75/1/74 46/1/49
f  66/1/49 75/1/74 86/1/84
f  76/1/60 55/1/36 87/1/85
f  83/1/80 77/1/2 57/1/57
f  57/1/58 77/1/5 83/1/81
f  57/1/57 78/1/75 83/1/80
f  89/1/86 40/1/44 79/1/76
f  68/1/66 90/1/66 79/1/76
f  90/1/66 68/1/66 76/1/60
f  80/1/77 40/1/44 91/1/87
f  81/1/78 92/1/2 51/1/2
f  51/1/5 92/1/5 81/1/79
f  71/1/70 82/1/2 93/1/2
f  93/1/5 82/1/5 71/1/71
f  83/1/80 72/1/2 77/1/2
f  77/1/5 72/1/5 83/1/81
f  83/1/80 84/1/82 63/1/62
f  85/1/83 94/1/88 46/1/49
f  74/1/73 86/1/84 95/1/89
f  87/1/85 74/1/73 96/1/90
f  75/1/74 88/1/74 97/1/91
f  88/1/74 46/1/49 94/1/88
f  86/1/84 75/1/74 98/1/92
f  99/1/93 76/1/60 87/1/85
f  84/1/82 83/1/80 78/1/75
f  71/1/70 93/1/2 100/1/94
f  100/1/95 93/1/5 71/1/71
f  101/1/96 40/1/44 89/1/86
f  79/1/76 102/1/76 89/1/86
f  102/1/76 79/1/76 90/1/66
f  90/1/66 76/1/60 103/1/97
f  91/1/87 40/1/44 104/1/98
f  105/1/99 92/1/2 81/1/78
f  81/1/79 92/1/5 105/1/100
f  106/1/101 95/1/89 86/1/84
f  95/1/89 96/1/90 74/1/73
f  99/1/93 87/1/85 96/1/90
f  107/1/91 97/1/91 88/1/74
f  75/1/74 97/1/91 98/1/92
f  88/1/74 94/1/88 107/1/91
f  86/1/84 98/1/92 106/1/101
f  108/1/102 76/1/60 99/1/93
f  100/1/94 93/1/2 109/1/2
f  109/1/5 93/1/5 100/1/95
f  40/1/44 101/1/96 110/1/44
f  111/1/103 101/1/96 89/1/86
f  112/1/86 89/1/86 102/1/76
f  102/1/76 90/1/66 113/1/104
f  103/1/97 76/1/60 108/1/102
f  113/1/104 90/1/66 103/1/97
f  104/1/98 40/1/44 114/1/105
f  105/1/99 115/1/2 92/1/2
f  92/1/5 115/1/5 105/1/100
f  94/1/88 116/1/106 107/1/91
f  106/1/101 117/1/107 95/1/89
f  95/1/89 118/1/108 96/1/90
f  119/1/109 99/1/93 96/1/90
f  97/1/91 107/1/91 120/1/110
f  98/1/92 97/1/91 121/1/111
f  122/1/112 106/1/101 98/1/92
f  99/1/93 119/1/109 108/1/102
f  100/1/94 109/1/2 123/1/113
f  123/1/114 109/1/5 100/1/95
f  124/1/96 110/1/44 101/1/96
f  110/1/44 125/1/115 40/1/44
f  101/1/96 111/1/103 124/1/96
f  126/1/116 111/1/103 89/1/86
f  89/1/86 112/1/86 127/1/117
f  112/1/86 102/1/76 113/1/104
f  103/1/97 108/1/102 119/1/109
f  103/1/97 128/1/118 113/1/104
f  114/1/105 40/1/44 129/1/119
f  130/1/120 115/1/2 105/1/99
f  105/1/100 115/1/5 130/1/121
f  107/1/91 116/1/106 131/1/110
f  118/1/108 95/1/89 117/1/107
f  117/1/107 106/1/101 132/1/122
f  133/1/123 96/1/90 118/1/108
f  119/1/109 96/1/90 133/1/123
f  131/1/110 120/1/110 107/1/91
f  97/1/91 120/1/110 121/1/111
f  98/1/92 121/1/111 122/1/112
f  122/1/112 132/1/122 106/1/101
f  123/1/113 109/1/2 134/1/2
f  134/1/5 109/1/5 123/1/114
f  124/1/96 135/1/124 110/1/44
f  136/1/115 40/1/44 125/1/115
f  110/1/44 137/1/125 125/1/115
f  138/1/103 124/1/96 111/1/103
f  111/1/103 126/1/116 138/1/103
f  127/1/117 126/1/116 89/1/86
f  139/1/117 127/1/117 112/1/86
f  140/1/126 112/1/86 113/1/104
f  141/1/127 103/1/97 119/1/109
f  142/1/128 113/1/104 128/1/118
f  128/1/118 103/1/97 141/1/127
f  129/1/119 40/1/44 143/1/129
f  143/1/129 40/1/44 144/1/130
f  130/1/120 145/1/2 115/1/2
f  115/1/5 145/1/5 130/1/121
f  144/1/130 40/1/44 116/1/106
f  116/1/106 136/1/115 131/1/110
f  146/1/131 119/1/109 133/1/123
f  120/1/110 131/1/110 147/1/132
f  120/1/110 147/1/132 121/1/111
f  148/1/133 122/1/112 121/1/111
f  132/1/122 122/1/112 149/1/134
f  123/1/113 134/1/2 150/1/135
f  150/1/136 134/1/5 123/1/114
f  135/1/124 151/1/137 110/1/44
f  152/1/138 135/1/124 124/1/96
f  40/1/44 136/1/115 116/1/106
f  125/1/115 153/1/139 136/1/115
f  137/1/125 154/1/140 125/1/115
f  155/1/141 137/1/125 110/1/44
f  138/1/103 156/1/142 124/1/96
f  157/1/116 138/1/103 126/1/116
f  158/1/143 126/1/116 127/1/117
f  127/1/117 139/1/117 159/1/144
f  139/1/117 112/1/86 140/1/126
f  113/1/104 142/1/128 140/1/126
f  119/1/109 146/1/131 141/1/127
f  128/1/118 160/1/145 142/1/128
f  128/1/118 141/1/127 161/1/146
f  162/1/147 145/1/2 130/1/120
f  130/1/121 145/1/5 162/1/148
f  136/1/115 163/1/139 131/1/110
f  164/1/132 147/1/132 131/1/110
f  121/1/111 147/1/132 165/1/149
f  148/1/133 149/1/134 122/1/112
f  121/1/111 165/1/149 148/1/133
f  150/1/135 134/1/2 166/1/2
f  166/1/5 134/1/5 150/1/136
f  151/1/137 167/1/150 110/1/44
f  151/1/137 135/1/124 168/1/151
f  135/1/124 152/1/138 169/1/152
f  156/1/142 152/1/138 124/1/96
f  163/1/139 136/1/115 153/1/139
f  125/1/115 170/1/153 153/1/139
f  154/1/140 170/1/153 125/1/115
f  154/1/140 137/1/125 171/1/154
f  137/1/125 155/1/141 172/1/155
f  173/1/150 155/1/141 110/1/44
f  174/1/156 156/1/142 138/1/103
f  157/1/116 174/1/156 138/1/103
f  126/1/116 158/1/143 157/1/116
f  175/1/157 158/1/143 127/1/117
f  176/1/144 159/1/144 139/1/117
f  159/1/144 177/1/158 127/1/117
f  178/1/159 139/1/117 140/1/126
f  179/1/160 140/1/126 142/1/128
f  161/1/146 141/1/127 146/1/131
f  180/1/161 142/1/128 160/1/145
f  160/1/145 128/1/118 161/1/146
f  162/1/147 181/1/2 145/1/2
f  145/1/5 181/1/5 162/1/148
f  163/1/139 182/1/162 131/1/110
f  147/1/132 164/1/132 183/1/163
f  131/1/110 182/1/162 164/1/132
f  147/1/132 183/1/163 165/1/149
f  149/1/134 148/1/133 184/1/164
f  185/1/165 148/1/133 165/1/149
f  150/1/135 166/1/2 186/1/166
f  186/1/167 166/1/5 150/1/136
f  167/1/150 173/1/150 110/1/44
f  151/1/137 167/1/150 168/1/151
f  169/1/152 168/1/151 135/1/124
f  187/1/168 169/1/152 152/1/138
f  152/1/138 156/1/142 187/1/168
f  153/1/139 188/1/162 163/1/139
f  170/1/153 189/1/169 153/1/139
f  170/1/153 154/1/140 190/1/170
f  172/1/155 171/1/154 137/1/125
f  171/1/154 190/1/170 154/1/140
f  191/1/171 172/1/155 155/1/141
f  173/1/150 155/1/141 192/1/172
f  156/1/142 174/1/156 193/1/173
f  194/1/174 174/1/156 157/1/116
f  195/1/143 157/1/116 158/1/143
f  158/1/143 175/1/157 195/1/143
f  196/1/175 175/1/157 127/1/117
f  159/1/144 176/1/144 197/1/176
f  176/1/144 139/1/117 178/1/159
f  177/1/158 198/1/177 127/1/117
f  199/1/178 177/1/158 159/1/144
f  140/1/126 179/1/160 178/1/159
f  179/1/160 142/1/128 200/1/179
f  180/1/161 200/1/179 142/1/128
f  162/1/147 201/1/2 181/1/2
f  181/1/5 201/1/5 162/1/148
f  182/1/162 163/1/139 188/1/162
f  202/1/163 183/1/163 164/1/132
f  182/1/162 203/1/180 164/1/132
f  165/1/149 183/1/163 204/1/181
f  185/1/165 184/1/164 148/1/133
f  165/1/149 204/1/181 185/1/165
f  186/1/166 166/1/2 201/1/2
f  201/1/5 166/1/5 186/1/167
f  205/1/172 168/1/151 167/1/150
f  193/1/173 187/1/168 156/1/142
f  153/1/139 189/1/169 188/1/162
f  189/1/169 170/1/153 206/1/182
f  190/1/170 206/1/182 170/1/153
f  191/1/171 192/1/172 155/1/141
f  207/1/183 193/1/173 174/1/156
f  174/1/156 194/1/174 207/1/183
f  208/1/184 194/1/174 157/1/116
f  195/1/143 208/1/184 157/1/116
f  209/1/157 195/1/143 175/1/157
f  175/1/157 196/1/175 209/1/157
f  210/1/185 196/1/175 127/1/117
f  211/1/176 197/1/176 176/1/144
f  197/1/176 212/1/186 159/1/144
f  213/1/187 176/1/144 178/1/159
f  198/1/177 210/1/185 127/1/117
f  198/1/177 177/1/158 214/1/177
f  199/1/178 215/1/178 177/1/158
f  216/1/188 199/1/178 159/1/144
f  217/1/189 178/1/159 179/1/160
f  200/1/179 218/1/190 179/1/160
f  186/1/166 201/1/2 162/1/147
f  162/1/148 201/1/5 186/1/167
f  188/1/162 219/1/180 182/1/162
f  183/1/163 202/1/163 220/1/191
f  164/1/132 221/1/192 202/1/163
f  203/1/180 222/1/193 164/1/132
f  203/1/180 182/1/162 219/1/180
f  183/1/163 220/1/191 204/1/181
f  184/1/164 185/1/165 223/1/194
f  224/1/195 185/1/165 204/1/181
f  189/1/169 225/1/196 188/1/162
f  206/1/182 226/1/197 189/1/169
f  227/1/198 207/1/183 194/1/174
f  194/1/174 208/1/184 227/1/198
f  228/1/199 208/1/184 195/1/143
f  209/1/157 228/1/199 195/1/143
f  229/1/175 209/1/157 196/1/175
f  196/1/175 210/1/185 229/1/175
f  197/1/176 211/1/176 230/1/200
f  211/1/176 176/1/144 213/1/187
f  212/1/186 231/1/201 159/1/144
f  230/1/200 212/1/186 197/1/176
f  178/1/159 217/1/189 213/1/187
f  210/1/185 198/1/177 232/1/185
f  233/1/158 214/1/177 177/1/158
f  214/1/177 232/1/185 198/1/177
f  233/1/158 177/1/158 215/1/178
f  215/1/178 199/1/178 234/1/188
f  216/1/188 234/1/188 199/1/178
f  231/1/201 216/1/188 159/1/144
f  217/1/189 179/1/160 218/1/190
f  188/1/162 225/1/196 219/1/180
f  235/1/191 220/1/191 202/1/163
f  221/1/192 236/1/202 202/1/163
f  237/1/203 221/1/192 164/1/132
f  222/1/193 238/1/204 164/1/132
f  222/1/193 203/1/180 239/1/193
f  219/1/180 239/1/193 203/1/180
f  204/1/181 220/1/191 240/1/205
f  224/1/195 223/1/194 185/1/165
f  204/1/181 240/1/205 224/1/195
f  225/1/196 189/1/169 226/1/197
f  241/1/206 227/1/198 208/1/184
f  208/1/184 228/1/199 241/1/206
f  242/1/207 228/1/199 209/1/157
f  229/1/175 243/1/208 209/1/157
f  232/1/185 229/1/175 210/1/185
f  244/1/200 230/1/200 211/1/176
f  244/1/200 211/1/176 213/1/187
f  231/1/201 212/1/186 245/1/201
f  246/1/209 212/1/186 230/1/200
f  247/1/210 213/1/187 217/1/189
f  233/1/158 245/1/201 214/1/177
f  214/1/177 245/1/201 232/1/185
f  215/1/178 245/1/201 233/1/158
f  234/1/188 245/1/201 215/1/178
f  234/1/188 216/1/188 245/1/201
f  231/1/201 245/1/201 216/1/188
f  217/1/189 218/1/190 247/1/210
f  225/1/196 248/1/211 219/1/180
f  220/1/191 235/1/191 249/1/212
f  202/1/163 236/1/202 235/1/191
f  221/1/192 250/1/192 236/1/202
f  237/1/203 251/1/203 221/1/192
f  252/1/213 237/1/203 164/1/132
f  238/1/204 253/1/214 164/1/132
f  238/1/204 222/1/193 254/1/204
f  239/1/193 254/1/204 222/1/193
f  219/1/180 255/1/215 239/1/193
f  220/1/191 249/1/212 240/1/205
f  223/1/194 224/1/195 256/1/216
f  257/1/217 224/1/195 240/1/205
f  226/1/197 258/1/218 225/1/196
f  259/1/219 260/1/220 261/1/219
f  262/1/221 241/1/206 228/1/199
f  242/1/207 263/1/222 228/1/199
f  243/1/208 242/1/207 209/1/157
f  264/1/223 243/1/208 229/1/175
f  232/1/185 265/1/224 229/1/175
f  230/1/200 244/1/200 246/1/209
f  266/1/225 244/1/200 213/1/187
f  267/1/186 245/1/201 212/1/186
f  268/1/226 212/1/186 246/1/209
f  213/1/187 247/1/210 266/1/225
f  245/1/201 265/1/224 232/1/185
f  269/1/227 247/1/210 218/1/190
f  248/1/211 255/1/215 219/1/180
f  248/1/211 225/1/196 258/1/218
f  270/1/212 249/1/212 235/1/191
f  235/1/191 236/1/202 270/1/212
f  271/1/202 236/1/202 250/1/192
f  250/1/192 221/1/192 251/1/203
f  251/1/203 237/1/203 272/1/213
f  252/1/213 272/1/213 237/1/203
f  273/1/228 252/1/213 164/1/132
f  253/1/214 274/1/229 164/1/132
f  253/1/214 238/1/204 275/1/214
f  254/1/204 275/1/214 238/1/204
f  239/1/193 276/1/230 254/1/204
f  255/1/215 276/1/230 239/1/193
f  240/1/205 249/1/212 277/1/231
f  257/1/217 256/1/216 224/1/195
f  240/1/205 277/1/231 257/1/217
f  278/1/232 279/1/233 280/1/234
f  281/1/235 279/1/233 278/1/232
f  282/1/236 279/1/233 281/1/235
f  283/1/237 279/1/233 284/1/238
f  285/1/239 279/1/233 283/1/237
f  261/1/219 279/1/233 285/1/239
f  284/1/238 279/1/233 286/1/240
f  287/1/220 261/1/219 260/1/220
f  262/1/221 228/1/199 263/1/222
f  263/1/222 242/1/207 288/1/241
f  243/1/208 288/1/241 242/1/207
f  264/1/223 289/1/242 243/1/208
f  290/1/243 264/1/223 229/1/175
f  265/1/224 290/1/243 229/1/175
f  291/1/209 246/1/209 244/1/200
f  291/1/209 244/1/200 266/1/225
f  267/1/186 292/1/244 245/1/201
f  267/1/186 212/1/186 293/1/226
f  268/1/226 293/1/226 212/1/186
f  294/1/245 268/1/226 246/1/209
f  295/1/246 266/1/225 247/1/210
f  292/1/244 265/1/224 245/1/201
f  247/1/210 269/1/227 295/1/246
f  255/1/215 248/1/211 296/1/247
f  258/1/218 296/1/247 248/1/211
f  249/1/212 270/1/212 297/1/248
f  270/1/212 236/1/202 298/1/248
f  271/1/202 299/1/249 236/1/202
f  250/1/192 300/1/250 271/1/202
f  251/1/203 300/1/250 250/1/192
f  272/1/213 300/1/250 251/1/203
f  252/1/213 273/1/228 272/1/213
f  274/1/229 273/1/228 164/1/132
f  274/1/229 253/1/214 301/1/229
f  275/1/214 301/1/229 253/1/214
f  254/1/204 302/1/251 275/1/214
f  276/1/230 303/1/252 254/1/204
f  255/1/215 296/1/247 276/1/230
f  249/1/212 297/1/248 277/1/231
f  256/1/216 257/1/217 304/1/253
f  305/1/254 257/1/217 277/1/231
f  280/1/234 279/1/233 287/1/220
f  306/1/255 279/1/233 282/1/236
f  286/1/240 279/1/233 307/1/256
f  287/1/220 279/1/233 261/1/219
f  308/1/257 279/1/233 306/1/255
f  288/1/241 243/1/208 289/1/242
f  289/1/242 264/1/223 309/1/258
f  290/1/243 309/1/258 264/1/223
f  265/1/224 310/1/259 290/1/243
f  246/1/209 291/1/209 294/1/245
f  311/1/245 291/1/209 266/1/225
f  293/1/226 292/1/244 267/1/186
f  293/1/226 268/1/226 311/1/245
f  294/1/245 311/1/245 268/1/226
f  266/1/225 295/1/246 312/1/260
f  313/1/261 265/1/224 292/1/244
f  314/1/262 295/1/246 269/1/227
f  298/1/248 297/1/248 270/1/212
f  298/1/248 236/1/202 315/1/263
f  316/1/249 236/1/202 299/1/249
f  271/1/202 300/1/250 299/1/249
f  317/1/228 300/1/250 272/1/213
f  317/1/228 272/1/213 273/1/228
f  273/1/228 274/1/229 317/1/228
f  301/1/229 317/1/228 274/1/229
f  275/1/214 300/1/250 301/1/229
f  302/1/251 318/1/264 275/1/214
f  303/1/252 302/1/251 254/1/204
f  276/1/230 319/1/265 303/1/252
f  319/1/265 276/1/230 296/1/247
f  297/1/248 320/1/263 277/1/231
f  305/1/254 304/1/253 257/1/217
f  277/1/231 321/1/266 305/1/254
f  307/1/256 279/1/233 322/1/267
f  323/1/268 279/1/233 308/1/257
f  309/1/258 290/1/243 310/1/259
f  265/1/224 324/1/269 310/1/259
f  311/1/245 294/1/245 291/1/209
f  266/1/225 292/1/244 311/1/245
f  311/1/245 292/1/244 293/1/226
f  325/1/270 312/1/260 295/1/246
f  312/1/260 292/1/244 266/1/225
f  313/1/261 324/1/269 265/1/224
f  292/1/244 324/1/269 313/1/261
f  295/1/246 314/1/262 325/1/270
f  297/1/248 298/1/248 320/1/263
f  315/1/263 236/1/202 326/1/271
f  315/1/263 320/1/263 298/1/248
f  236/1/202 316/1/249 326/1/271
f  316/1/249 299/1/249 327/1/272
f  299/1/249 300/1/250 328/1/273
f  301/1/229 300/1/250 317/1/228
f  318/1/264 300/1/250 275/1/214
f  302/1/251 329/1/274 318/1/264
f  303/1/252 330/1/275 302/1/251
f  330/1/275 303/1/252 319/1/265
f  277/1/231 320/1/263 321/1/266
f  304/1/253 305/1/254 331/1/276
f  332/1/277 305/1/254 321/1/266
f  322/1/267 279/1/233 333/1/278
f  334/1/279 279/1/233 323/1/268
f  324/1/269 335/1/280 310/1/259
f  312/1/260 325/1/270 336/1/281
f  312/1/260 336/1/281 292/1/244
f  292/1/244 337/1/282 324/1/269
f  338/1/283 325/1/270 314/1/262
f  326/1/271 339/1/271 315/1/263
f  320/1/263 315/1/263 339/1/271
f  327/1/272 326/1/271 316/1/249
f  340/1/272 327/1/272 299/1/249
f  341/1/284 328/1/273 300/1/250
f  342/1/285 299/1/249 328/1/273
f  318/1/264 343/1/286 300/1/250
f  343/1/286 318/1/264 329/1/274
f  329/1/274 302/1/251 330/1/275
f  320/1/263 339/1/271 321/1/266
f  332/1/277 331/1/276 305/1/254
f  321/1/266 344/1/287 332/1/277
f  333/1/278 279/1/233 345/1/288
f  346/1/289 279/1/233 334/1/279
f  347/1/290 310/1/259 335/1/280
f  348/1/291 336/1/281 325/1/270
f  337/1/282 292/1/244 336/1/281
f  349/1/292 324/1/269 337/1/282
f  325/1/270 338/1/283 348/1/291
f  339/1/271 326/1/271 340/1/272
f  327/1/272 340/1/272 326/1/271
f  340/1/272 299/1/249 344/1/287
f  341/1/284 300/1/250 350/1/293
f  351/1/294 299/1/249 342/1/285
f  352/1/295 300/1/250 343/1/286
f  339/1/271 340/1/272 321/1/266
f  331/1/276 332/1/277 353/1/296
f  354/1/297 332/1/277 344/1/287
f  344/1/287 321/1/266 340/1/272
f  345/1/288 279/1/233 355/1/298
f  356/1/299 279/1/233 346/1/289
f  310/1/259 347/1/290 357/1/300
f  336/1/281 348/1/291 358/1/301
f  358/1/301 337/1/282 336/1/281
f  359/1/302 324/1/269 349/1/292
f  337/1/282 358/1/301 349/1/292
f  360/1/303 348/1/291 338/1/283
f  344/1/287 299/1/249 351/1/294
f  300/1/250 352/1/295 350/1/293
f  351/1/294 342/1/285 361/1/304
f  354/1/297 353/1/296 332/1/277
f  344/1/287 351/1/294 354/1/297
f  355/1/298 279/1/233 362/1/305
f  363/1/306 279/1/233 356/1/299
f  364/1/307 357/1/300 347/1/290
f  365/1/308 358/1/301 348/1/291
f  365/1/308 349/1/292 358/1/301
f  348/1/291 360/1/303 365/1/308
f  350/1/293 352/1/295 366/1/293
f  367/1/309 361/1/304 342/1/285
f  361/1/304 354/1/297 351/1/294
f  353/1/296 354/1/297 368/1/310
f  362/1/305 279/1/233 369/1/311
f  370/1/300 279/1/233 363/1/306
f  347/1/290 279/1/233 364/1/307
f  365/1/308 371/1/312 349/1/292
f  371/1/312 365/1/308 360/1/303
f  372/1/313 366/1/293 352/1/295
f  367/1/309 373/1/314 361/1/304
f  361/1/304 368/1/310 354/1/297
f  374/1/315 375/1/316 352/1/295
f  279/1/233 376/1/317 369/1/311
f  370/1/300 364/1/307 279/1/233
f  377/1/318 349/1/292 371/1/312
f  372/1/313 352/1/295 375/1/316
f  368/1/310 361/1/304 373/1/314
f  378/1/315 369/1/311 376/1/317
f  375/1/316 378/1/315 372/1/313
f  376/1/317 372/1/313 378/1/315

# Mesh 'mesh1_mesh1-geometry' with 5560 faces
g mesh1_mesh1-geometry
usemtl material_1_24
f  8/1/9 1/1/1 3/1/3
f  3/1/4 1/1/6 8/1/319
f  3/1/4 8/1/319 5/1/8
f  1/1/1 8/1/9 379/1/320
f  379/1/273 8/1/319 1/1/6
f  379/1/320 6/1/1 1/1/1
f  1/1/6 6/1/6 379/1/273
f  11/1/321 5/1/8 8/1/319
f  6/1/1 379/1/320 380/1/320
f  380/1/273 379/1/273 6/1/6
f  5/1/8 11/1/321 10/1/11
f  380/1/320 381/1/322 6/1/1
f  6/1/6 381/1/34 380/1/273
f  17/1/323 10/1/11 11/1/321
f  381/1/322 380/1/320 382/1/324
f  382/1/35 380/1/273 381/1/34
f  6/1/1 381/1/322 383/1/325
f  383/1/38 381/1/34 6/1/6
f  14/1/16 19/1/326 12/1/14
f  6/1/1 384/1/327 15/1/17
f  15/1/18 384/1/43 6/1/6
f  10/1/11 17/1/323 16/1/20
f  382/1/324 380/1/320 385/1/328
f  385/1/37 380/1/273 382/1/35
f  32/1/324 381/1/322 382/1/324
f  382/1/35 381/1/34 32/1/35
f  31/1/322 383/1/325 381/1/322
f  381/1/34 383/1/38 31/1/34
f  6/1/1 383/1/325 386/1/329
f  386/1/50 383/1/38 6/1/6
f  23/1/330 12/1/14 19/1/326
f  19/1/326 14/1/16 24/1/331
f  6/1/1 387/1/332 384/1/327
f  384/1/43 387/1/51 6/1/6
f  384/1/327 38/1/333 15/1/17
f  15/1/18 38/1/42 384/1/43
f  388/1/334 20/1/23 15/1/17
f  15/1/18 20/1/24 388/1/45
f  27/1/335 16/1/20 17/1/323
f  385/1/328 380/1/320 389/1/336
f  389/1/337 380/1/273 385/1/37
f  34/1/328 382/1/324 385/1/328
f  385/1/37 382/1/35 34/1/37
f  381/1/322 32/1/324 31/1/322
f  31/1/34 32/1/35 381/1/34
f  382/1/324 34/1/328 32/1/324
f  32/1/35 34/1/37 382/1/35
f  383/1/325 31/1/322 35/1/325
f  35/1/38 31/1/34 383/1/38
f  35/1/325 386/1/329 383/1/325
f  383/1/38 386/1/50 35/1/38
f  6/1/1 386/1/329 390/1/338
f  390/1/56 386/1/50 6/1/6
f  22/1/26 24/1/331 14/1/16
f  12/1/14 23/1/330 25/1/30
f  6/1/1 390/1/338 387/1/332
f  387/1/51 390/1/56 6/1/6
f  387/1/332 39/1/327 384/1/327
f  384/1/43 39/1/43 387/1/51
f  38/1/333 384/1/327 39/1/327
f  39/1/43 384/1/43 38/1/42
f  41/1/334 15/1/17 38/1/333
f  38/1/42 15/1/18 41/1/45
f  391/1/339 20/1/23 388/1/334
f  388/1/45 20/1/24 391/1/52
f  15/1/17 41/1/334 388/1/334
f  388/1/45 41/1/45 15/1/18
f  16/1/20 27/1/335 26/1/32
f  380/1/320 392/1/340 389/1/336
f  389/1/337 392/1/65 380/1/273
f  389/1/336 34/1/328 385/1/328
f  385/1/37 34/1/37 389/1/337
f  33/1/341 32/1/324 31/1/322
f  33/1/341 34/1/328 32/1/324
f  33/1/341 31/1/322 35/1/325
f  386/1/329 35/1/325 47/1/329
f  47/1/50 35/1/38 386/1/50
f  386/1/329 56/1/338 390/1/338
f  390/1/56 56/1/56 386/1/50
f  24/1/331 22/1/26 37/1/342
f  393/1/343 25/1/30 23/1/330
f  390/1/338 49/1/332 387/1/332
f  387/1/51 49/1/51 390/1/56
f  39/1/327 387/1/332 49/1/332
f  49/1/51 387/1/51 39/1/43
f  33/1/341 39/1/327 38/1/333
f  41/1/334 40/1/344 38/1/333
f  394/1/345 20/1/23 391/1/339
f  391/1/52 20/1/24 394/1/61
f  388/1/334 50/1/339 391/1/339
f  391/1/52 50/1/52 388/1/45
f  50/1/339 388/1/334 41/1/334
f  41/1/45 388/1/45 50/1/52
f  45/1/346 26/1/32 27/1/335
f  380/1/320 395/1/347 392/1/340
f  392/1/65 395/1/72 380/1/273
f  392/1/340 54/1/348 389/1/336
f  389/1/337 54/1/55 392/1/65
f  34/1/328 389/1/336 54/1/348
f  54/1/55 389/1/337 34/1/37
f  46/1/349 34/1/328 33/1/341
f  33/1/341 35/1/325 47/1/329
f  56/1/338 386/1/329 47/1/329
f  47/1/50 386/1/50 56/1/56
f  49/1/332 390/1/338 56/1/338
f  56/1/56 390/1/56 49/1/51
f  36/1/40 37/1/342 22/1/26
f  25/1/30 393/1/343 52/1/54
f  33/1/341 49/1/332 39/1/327
f  38/1/333 40/1/344 33/1/341
f  50/1/339 40/1/344 41/1/334
f  396/1/320 42/1/1 20/1/23
f  20/1/24 42/1/6 396/1/273
f  20/1/23 394/1/345 397/1/350
f  397/1/351 394/1/61 20/1/24
f  391/1/339 60/1/345 394/1/345
f  394/1/61 60/1/61 391/1/52
f  60/1/345 391/1/339 50/1/339
f  50/1/52 391/1/52 60/1/61
f  26/1/32 45/1/346 44/1/47
f  380/1/320 398/1/352 395/1/347
f  395/1/72 398/1/83 380/1/273
f  395/1/347 65/1/340 392/1/340
f  392/1/65 65/1/65 395/1/72
f  54/1/348 392/1/340 65/1/340
f  65/1/65 392/1/65 54/1/55
f  46/1/349 54/1/348 34/1/328
f  55/1/341 46/1/349 33/1/341
f  33/1/341 47/1/329 56/1/338
f  33/1/341 56/1/338 49/1/332
f  37/1/342 36/1/40 58/1/353
f  399/1/354 52/1/54 393/1/343
f  33/1/341 40/1/344 59/1/355
f  60/1/345 40/1/344 50/1/339
f  42/1/1 396/1/320 400/1/320
f  400/1/273 396/1/273 42/1/6
f  20/1/23 401/1/320 396/1/320
f  396/1/273 401/1/273 20/1/24
f  394/1/345 69/1/356 397/1/350
f  397/1/351 69/1/67 394/1/61
f  402/1/357 20/1/23 397/1/350
f  397/1/351 20/1/24 402/1/77
f  69/1/356 394/1/345 60/1/345
f  60/1/61 394/1/61 69/1/67
f  64/1/358 44/1/47 45/1/346
f  398/1/352 380/1/320 403/1/359
f  403/1/360 380/1/273 398/1/83
f  398/1/352 73/1/347 395/1/347
f  395/1/72 73/1/72 398/1/83
f  65/1/340 395/1/347 73/1/347
f  73/1/72 395/1/72 65/1/65
f  46/1/349 65/1/340 54/1/348
f  46/1/349 55/1/341 66/1/349
f  59/1/355 55/1/341 33/1/341
f  57/1/58 58/1/353 36/1/40
f  52/1/54 399/1/354 71/1/71
f  59/1/355 40/1/344 68/1/361
f  69/1/356 40/1/344 60/1/345
f  400/1/320 61/1/1 42/1/1
f  42/1/6 61/1/6 400/1/273
f  401/1/320 20/1/23 404/1/362
f  404/1/98 20/1/24 401/1/273
f  80/1/357 397/1/350 69/1/356
f  69/1/67 397/1/351 80/1/77
f  405/1/363 20/1/23 402/1/357
f  402/1/77 20/1/24 405/1/87
f  397/1/350 80/1/357 402/1/357
f  402/1/77 80/1/77 397/1/351
f  44/1/47 64/1/358 63/1/63
f  403/1/359 85/1/352 398/1/352
f  398/1/83 85/1/83 403/1/360
f  73/1/347 398/1/352 85/1/352
f  85/1/83 398/1/83 73/1/72
f  46/1/349 73/1/347 65/1/340
f  74/1/364 66/1/349 55/1/341
f  75/1/365 46/1/349 66/1/349
f  55/1/341 59/1/355 76/1/355
f  58/1/353 57/1/58 78/1/366
f  406/1/367 71/1/71 399/1/354
f  68/1/361 40/1/344 79/1/368
f  68/1/361 76/1/355 59/1/355
f  80/1/357 40/1/344 69/1/356
f  61/1/1 400/1/320 407/1/320
f  407/1/273 400/1/273 61/1/6
f  404/1/362 20/1/23 405/1/363
f  405/1/87 20/1/24 404/1/98
f  401/1/320 404/1/362 408/1/369
f  408/1/105 404/1/98 401/1/273
f  407/1/320 70/1/68 61/1/1
f  61/1/6 70/1/69 407/1/273
f  80/1/357 405/1/363 402/1/357
f  402/1/77 405/1/87 80/1/77
f  84/1/370 63/1/63 64/1/358
f  85/1/352 403/1/359 94/1/371
f  94/1/88 403/1/360 85/1/83
f  46/1/349 85/1/352 73/1/347
f  86/1/372 66/1/349 74/1/364
f  74/1/364 55/1/341 87/1/373
f  46/1/349 75/1/365 88/1/365
f  86/1/372 75/1/365 66/1/349
f  87/1/373 55/1/341 76/1/355
f  83/1/81 78/1/366 57/1/58
f  71/1/71 406/1/367 100/1/95
f  79/1/368 40/1/344 89/1/374
f  79/1/368 90/1/361 68/1/361
f  76/1/355 68/1/361 90/1/361
f  91/1/363 40/1/344 80/1/357
f  91/1/363 404/1/362 405/1/363
f  405/1/87 404/1/98 91/1/87
f  104/1/362 408/1/369 404/1/362
f  404/1/98 408/1/105 104/1/98
f  401/1/320 408/1/369 409/1/375
f  409/1/119 408/1/105 401/1/273
f  81/1/79 410/1/376 70/1/69
f  70/1/68 407/1/320 411/1/377
f  411/1/378 407/1/273 70/1/69
f  405/1/363 80/1/357 91/1/363
f  91/1/87 80/1/77 405/1/87
f  63/1/63 84/1/370 83/1/81
f  412/1/379 94/1/371 403/1/359
f  403/1/360 94/1/88 412/1/106
f  46/1/349 94/1/371 85/1/352
f  95/1/380 86/1/372 74/1/364
f  96/1/381 74/1/364 87/1/373
f  97/1/382 88/1/365 75/1/365
f  94/1/371 46/1/349 88/1/365
f  98/1/383 75/1/365 86/1/372
f  87/1/373 76/1/355 99/1/384
f  78/1/366 83/1/81 84/1/370
f  413/1/385 100/1/95 406/1/367
f  89/1/374 40/1/344 101/1/386
f  89/1/374 102/1/368 79/1/368
f  90/1/361 79/1/368 102/1/368
f  103/1/387 76/1/355 90/1/361
f  104/1/362 40/1/344 91/1/363
f  404/1/362 91/1/363 104/1/362
f  104/1/98 91/1/87 404/1/98
f  408/1/369 104/1/362 114/1/369
f  114/1/105 104/1/98 408/1/105
f  114/1/369 409/1/375 408/1/369
f  408/1/105 409/1/119 114/1/105
f  401/1/320 409/1/375 414/1/388
f  414/1/129 409/1/119 401/1/273
f  411/1/378 70/1/69 410/1/376
f  410/1/376 81/1/79 415/1/389
f  94/1/371 412/1/379 116/1/379
f  116/1/106 412/1/106 94/1/88
f  401/1/320 412/1/379 403/1/359
f  403/1/360 412/1/106 401/1/273
f  86/1/372 95/1/380 106/1/390
f  74/1/364 96/1/381 95/1/380
f  96/1/381 87/1/373 99/1/384
f  88/1/365 97/1/382 107/1/382
f  98/1/383 97/1/382 75/1/365
f  107/1/382 94/1/371 88/1/365
f  106/1/390 98/1/383 86/1/372
f  99/1/384 76/1/355 108/1/391
f  100/1/95 413/1/385 123/1/114
f  110/1/344 101/1/386 40/1/344
f  89/1/374 101/1/386 111/1/392
f  102/1/368 89/1/374 112/1/374
f  113/1/393 90/1/361 102/1/368
f  108/1/391 76/1/355 103/1/387
f  103/1/387 90/1/361 113/1/393
f  114/1/369 40/1/344 104/1/362
f  409/1/375 114/1/369 129/1/375
f  129/1/119 114/1/105 409/1/119
f  409/1/375 143/1/388 414/1/388
f  414/1/129 143/1/129 409/1/119
f  401/1/320 414/1/388 416/1/394
f  416/1/130 414/1/129 401/1/273
f  105/1/100 415/1/389 81/1/79
f  416/1/394 116/1/379 412/1/379
f  412/1/106 116/1/106 416/1/130
f  107/1/382 116/1/379 94/1/371
f  401/1/320 416/1/394 412/1/379
f  412/1/106 416/1/130 401/1/273
f  95/1/380 117/1/395 106/1/390
f  96/1/381 118/1/396 95/1/380
f  96/1/381 99/1/384 119/1/397
f  120/1/398 107/1/382 97/1/382
f  121/1/399 97/1/382 98/1/383
f  98/1/383 106/1/390 122/1/400
f  108/1/391 119/1/397 99/1/384
f  417/1/401 123/1/114 413/1/385
f  101/1/386 110/1/344 124/1/386
f  40/1/344 125/1/402 110/1/344
f  124/1/386 111/1/392 101/1/386
f  89/1/374 111/1/392 126/1/403
f  127/1/404 112/1/374 89/1/374
f  113/1/393 102/1/368 112/1/374
f  119/1/397 108/1/391 103/1/387
f  113/1/393 128/1/405 103/1/387
f  129/1/375 40/1/344 114/1/369
f  143/1/388 409/1/375 129/1/375
f  129/1/119 409/1/119 143/1/129
f  144/1/394 414/1/388 143/1/388
f  143/1/129 414/1/129 144/1/130
f  414/1/388 144/1/394 416/1/394
f  416/1/130 144/1/130 414/1/129
f  415/1/389 105/1/100 418/1/406
f  116/1/379 416/1/394 144/1/394
f  144/1/130 416/1/130 116/1/106
f  131/1/398 116/1/379 107/1/382
f  117/1/395 95/1/380 118/1/396
f  132/1/407 106/1/390 117/1/395
f  118/1/396 96/1/381 133/1/408
f  133/1/408 96/1/381 119/1/397
f  107/1/382 120/1/398 131/1/398
f  121/1/399 120/1/398 97/1/382
f  122/1/400 121/1/399 98/1/383
f  106/1/390 132/1/407 122/1/400
f  123/1/114 417/1/401 150/1/136
f  110/1/344 135/1/409 124/1/386
f  125/1/402 40/1/344 136/1/402
f  125/1/402 137/1/410 110/1/344
f  111/1/392 124/1/386 138/1/392
f  138/1/392 126/1/403 111/1/392
f  89/1/374 126/1/403 127/1/404
f  112/1/374 127/1/404 139/1/404
f  113/1/393 112/1/374 140/1/411
f  119/1/397 103/1/387 141/1/412
f  128/1/405 113/1/393 142/1/413
f  141/1/412 103/1/387 128/1/405
f  143/1/388 40/1/344 129/1/375
f  144/1/394 40/1/344 143/1/388
f  130/1/121 418/1/406 105/1/100
f  419/1/5 420/1/5 421/1/5
f  116/1/379 40/1/344 144/1/394
f  131/1/398 136/1/402 116/1/379
f  118/1/396 422/1/414 117/1/395
f  117/1/107 422/1/415 118/1/108
f  117/1/395 423/1/416 132/1/407
f  132/1/122 423/1/417 117/1/107
f  133/1/408 424/1/418 118/1/396
f  133/1/408 119/1/397 146/1/419
f  147/1/420 131/1/398 120/1/398
f  121/1/399 147/1/420 120/1/398
f  121/1/399 122/1/400 148/1/421
f  149/1/422 122/1/400 132/1/407
f  425/1/423 150/1/136 417/1/401
f  110/1/344 151/1/424 135/1/409
f  124/1/386 135/1/409 152/1/425
f  116/1/379 136/1/402 40/1/344
f  136/1/402 153/1/426 125/1/402
f  125/1/402 154/1/427 137/1/410
f  110/1/344 137/1/410 155/1/428
f  124/1/386 156/1/429 138/1/392
f  126/1/403 138/1/392 157/1/403
f  127/1/404 126/1/403 158/1/430
f  159/1/431 139/1/404 127/1/404
f  140/1/411 112/1/374 139/1/404
f  140/1/411 142/1/413 113/1/393
f  141/1/412 146/1/419 119/1/397
f  142/1/413 160/1/432 128/1/405
f  161/1/433 141/1/412 128/1/405
f  418/1/406 130/1/121 426/1/434
f  427/1/5 421/1/5 420/1/5
f  131/1/398 163/1/426 136/1/402
f  118/1/396 428/1/435 422/1/414
f  422/1/415 428/1/436 118/1/108
f  117/1/395 422/1/414 423/1/416
f  423/1/417 422/1/415 117/1/107
f  132/1/407 423/1/416 429/1/437
f  429/1/438 423/1/417 132/1/122
f  424/1/418 133/1/408 146/1/419
f  424/1/418 428/1/435 118/1/396
f  131/1/398 147/1/420 164/1/420
f  165/1/439 147/1/420 121/1/399
f  122/1/400 149/1/422 148/1/421
f  148/1/421 165/1/439 121/1/399
f  149/1/422 132/1/407 429/1/437
f  429/1/438 132/1/122 149/1/134
f  150/1/136 425/1/423 186/1/167
f  110/1/344 167/1/440 151/1/424
f  168/1/441 135/1/409 151/1/424
f  169/1/442 152/1/425 135/1/409
f  124/1/386 152/1/425 156/1/429
f  153/1/426 136/1/402 163/1/426
f  153/1/426 170/1/443 125/1/402
f  125/1/402 170/1/443 154/1/427
f  171/1/444 137/1/410 154/1/427
f  172/1/445 155/1/428 137/1/410
f  110/1/344 155/1/428 173/1/440
f  138/1/392 156/1/429 174/1/446
f  138/1/392 174/1/446 157/1/403
f  157/1/403 158/1/430 126/1/403
f  127/1/404 158/1/430 175/1/447
f  139/1/404 159/1/431 176/1/431
f  127/1/404 177/1/448 159/1/431
f  140/1/411 139/1/404 178/1/449
f  142/1/413 140/1/411 179/1/450
f  146/1/419 141/1/412 161/1/433
f  160/1/432 142/1/413 180/1/451
f  161/1/433 128/1/405 160/1/432
f  162/1/148 426/1/434 130/1/121
f  131/1/398 182/1/452 163/1/426
f  430/1/453 422/1/454 428/1/455
f  428/1/456 431/1/457 422/1/458
f  422/1/459 431/1/460 428/1/461
f  422/1/462 432/1/463 428/1/464
f  428/1/465 432/1/466 422/1/467
f  433/1/468 423/1/469 422/1/454
f  422/1/458 434/1/470 423/1/471
f  423/1/472 434/1/473 422/1/459
f  423/1/474 435/1/475 422/1/462
f  422/1/467 435/1/476 423/1/477
f  436/1/478 429/1/479 423/1/469
f  423/1/471 437/1/480 429/1/481
f  429/1/482 437/1/483 423/1/472
f  429/1/484 438/1/485 423/1/474
f  423/1/477 438/1/486 429/1/487
f  439/1/488 424/1/418 146/1/419
f  440/1/489 428/1/455 424/1/490
f  441/1/491 428/1/456 424/1/492
f  424/1/493 428/1/461 441/1/494
f  432/1/463 424/1/495 428/1/464
f  428/1/465 424/1/496 432/1/466
f  183/1/497 164/1/420 147/1/420
f  164/1/420 182/1/452 131/1/398
f  165/1/439 183/1/497 147/1/420
f  184/1/498 148/1/421 149/1/422
f  165/1/439 148/1/421 185/1/499
f  149/1/422 429/1/437 442/1/500
f  442/1/501 429/1/438 149/1/134
f  443/1/502 186/1/167 425/1/423
f  110/1/344 173/1/440 167/1/440
f  168/1/441 167/1/440 151/1/424
f  135/1/409 168/1/441 169/1/442
f  152/1/425 169/1/442 187/1/503
f  187/1/503 156/1/429 152/1/425
f  163/1/426 188/1/452 153/1/426
f  153/1/426 189/1/504 170/1/443
f  190/1/505 154/1/427 170/1/443
f  137/1/410 171/1/444 172/1/445
f  154/1/427 190/1/505 171/1/444
f  155/1/428 172/1/445 191/1/506
f  192/1/507 155/1/428 173/1/440
f  193/1/508 174/1/446 156/1/429
f  157/1/403 174/1/446 194/1/509
f  158/1/430 157/1/403 195/1/430
f  195/1/430 175/1/447 158/1/430
f  127/1/404 175/1/447 196/1/510
f  197/1/511 176/1/431 159/1/431
f  178/1/449 139/1/404 176/1/431
f  127/1/404 198/1/512 177/1/448
f  159/1/431 177/1/448 199/1/513
f  178/1/449 179/1/450 140/1/411
f  200/1/514 142/1/413 179/1/450
f  161/1/433 439/1/488 146/1/419
f  142/1/413 200/1/514 180/1/451
f  180/1/451 444/1/515 160/1/432
f  439/1/488 161/1/433 160/1/432
f  426/1/434 162/1/148 443/1/502
f  188/1/452 163/1/426 182/1/452
f  433/1/468 422/1/454 430/1/453
f  430/1/453 428/1/455 445/1/516
f  431/1/457 428/1/456 446/1/517
f  446/1/518 428/1/461 431/1/460
f  434/1/470 422/1/458 431/1/457
f  431/1/460 422/1/459 434/1/473
f  432/1/463 422/1/462 435/1/475
f  435/1/476 422/1/467 432/1/466
f  436/1/478 423/1/469 433/1/468
f  437/1/480 423/1/471 434/1/470
f  434/1/473 423/1/472 437/1/483
f  435/1/475 423/1/474 438/1/485
f  438/1/486 423/1/477 435/1/476
f  447/1/519 429/1/479 436/1/478
f  448/1/520 429/1/481 437/1/480
f  437/1/483 429/1/482 448/1/521
f  438/1/485 429/1/484 449/1/522
f  449/1/523 429/1/487 438/1/486
f  450/1/524 424/1/490 439/1/525
f  451/1/526 424/1/492 439/1/527
f  439/1/528 424/1/493 451/1/529
f  424/1/495 452/1/530 439/1/531
f  439/1/532 452/1/533 424/1/496
f  440/1/489 445/1/516 428/1/455
f  450/1/524 440/1/489 424/1/490
f  428/1/456 441/1/491 446/1/517
f  446/1/518 441/1/494 428/1/461
f  424/1/492 451/1/526 441/1/491
f  441/1/494 451/1/529 424/1/493
f  424/1/495 432/1/463 453/1/534
f  453/1/535 432/1/466 424/1/496
f  164/1/420 183/1/497 202/1/497
f  164/1/420 203/1/536 182/1/452
f  204/1/537 183/1/497 165/1/439
f  148/1/421 184/1/498 185/1/499
f  184/1/498 149/1/422 442/1/500
f  442/1/501 149/1/134 184/1/164
f  185/1/499 204/1/537 165/1/439
f  447/1/519 442/1/538 429/1/479
f  429/1/481 448/1/520 442/1/539
f  442/1/540 448/1/521 429/1/482
f  442/1/541 449/1/522 429/1/484
f  429/1/487 449/1/523 442/1/542
f  186/1/167 443/1/502 162/1/148
f  205/1/507 173/1/440 167/1/440
f  167/1/150 173/1/150 205/1/172
f  167/1/440 168/1/441 205/1/507
f  454/1/543 168/1/441 169/1/442
f  169/1/152 168/1/151 454/1/232
f  454/1/543 169/1/442 187/1/503
f  187/1/168 169/1/152 454/1/232
f  156/1/429 187/1/503 193/1/508
f  188/1/452 189/1/504 153/1/426
f  206/1/544 170/1/443 189/1/504
f  170/1/443 206/1/544 190/1/505
f  455/1/545 171/1/444 172/1/445
f  172/1/155 171/1/154 455/1/237
f  456/1/546 190/1/505 171/1/444
f  171/1/154 190/1/170 456/1/238
f  457/1/547 172/1/445 191/1/506
f  191/1/171 172/1/155 457/1/239
f  155/1/428 192/1/507 191/1/506
f  173/1/440 205/1/507 192/1/507
f  192/1/172 205/1/172 173/1/150
f  174/1/446 193/1/508 207/1/548
f  207/1/548 194/1/509 174/1/446
f  157/1/403 194/1/509 208/1/549
f  157/1/403 208/1/549 195/1/430
f  175/1/447 195/1/430 209/1/447
f  209/1/447 196/1/510 175/1/447
f  127/1/404 196/1/510 210/1/550
f  176/1/431 197/1/511 211/1/511
f  159/1/431 212/1/551 197/1/511
f  178/1/449 176/1/431 213/1/552
f  127/1/404 210/1/550 198/1/512
f  214/1/512 177/1/448 198/1/512
f  177/1/448 215/1/513 199/1/513
f  159/1/431 199/1/513 216/1/553
f  179/1/450 178/1/449 217/1/554
f  179/1/450 218/1/555 200/1/514
f  200/1/514 458/1/556 180/1/451
f  180/1/451 458/1/556 444/1/515
f  160/1/432 444/1/515 439/1/488
f  182/1/452 219/1/536 188/1/452
f  446/1/517 459/1/557 431/1/457
f  431/1/460 459/1/558 446/1/518
f  431/1/457 460/1/559 434/1/470
f  434/1/473 460/1/560 431/1/460
f  435/1/475 461/1/561 432/1/463
f  432/1/466 461/1/562 435/1/476
f  434/1/470 462/1/563 437/1/480
f  437/1/483 462/1/564 434/1/473
f  438/1/485 463/1/565 435/1/475
f  435/1/476 463/1/566 438/1/486
f  437/1/480 464/1/567 448/1/520
f  448/1/521 464/1/568 437/1/483
f  449/1/522 465/1/569 438/1/485
f  438/1/486 465/1/570 449/1/523
f  466/1/571 450/1/524 439/1/525
f  439/1/527 467/1/572 451/1/526
f  451/1/529 467/1/573 439/1/528
f  452/1/530 424/1/495 453/1/534
f  453/1/535 424/1/496 452/1/533
f  468/1/574 439/1/531 452/1/530
f  452/1/533 439/1/532 468/1/575
f  469/1/576 446/1/517 441/1/491
f  441/1/494 446/1/518 469/1/577
f  470/1/578 441/1/491 451/1/526
f  451/1/529 441/1/494 470/1/579
f  432/1/463 471/1/580 453/1/534
f  453/1/535 471/1/581 432/1/466
f  220/1/582 202/1/497 183/1/497
f  202/1/497 221/1/583 164/1/420
f  164/1/420 222/1/584 203/1/536
f  219/1/536 182/1/452 203/1/536
f  204/1/537 220/1/582 183/1/497
f  223/1/585 185/1/499 184/1/498
f  184/1/498 442/1/500 472/1/586
f  472/1/587 442/1/501 184/1/164
f  204/1/537 185/1/499 224/1/588
f  473/1/589 442/1/538 447/1/519
f  474/1/590 442/1/539 448/1/520
f  448/1/521 442/1/540 474/1/591
f  449/1/522 442/1/541 475/1/592
f  475/1/593 442/1/542 449/1/523
f  168/1/507 192/1/507 205/1/507
f  205/1/172 192/1/172 168/1/172
f  260/1/594 205/1/273 168/1/441
f  168/1/151 205/1/320 260/1/220
f  476/1/595 168/1/441 454/1/543
f  454/1/232 168/1/151 476/1/234
f  454/1/543 187/1/503 477/1/596
f  477/1/235 187/1/168 454/1/232
f  477/1/596 187/1/503 193/1/508
f  193/1/173 187/1/168 477/1/235
f  188/1/452 225/1/597 189/1/504
f  189/1/504 226/1/598 206/1/544
f  478/1/599 206/1/544 190/1/505
f  190/1/170 206/1/182 478/1/240
f  456/1/546 171/1/444 455/1/545
f  455/1/237 171/1/154 456/1/238
f  455/1/545 172/1/445 457/1/547
f  457/1/239 172/1/155 455/1/237
f  478/1/599 190/1/505 456/1/546
f  456/1/238 190/1/170 478/1/240
f  457/1/547 191/1/506 192/1/273
f  192/1/320 191/1/171 457/1/239
f  168/1/507 191/1/507 192/1/507
f  192/1/172 191/1/172 168/1/172
f  260/1/594 192/1/273 205/1/273
f  205/1/320 192/1/320 260/1/220
f  479/1/600 193/1/508 207/1/548
f  207/1/183 193/1/173 479/1/236
f  194/1/509 207/1/548 227/1/601
f  227/1/601 208/1/549 194/1/509
f  195/1/430 208/1/549 228/1/602
f  195/1/430 228/1/602 209/1/447
f  196/1/510 209/1/447 229/1/510
f  229/1/510 210/1/550 196/1/510
f  230/1/603 211/1/511 197/1/511
f  213/1/552 176/1/431 211/1/511
f  159/1/431 231/1/604 212/1/551
f  197/1/511 212/1/551 230/1/603
f  213/1/552 217/1/554 178/1/449
f  232/1/550 198/1/512 210/1/550
f  177/1/448 214/1/512 233/1/448
f  198/1/512 232/1/550 214/1/512
f  215/1/513 177/1/448 233/1/448
f  234/1/553 199/1/513 215/1/513
f  199/1/513 234/1/553 216/1/553
f  159/1/431 216/1/553 231/1/604
f  218/1/555 179/1/450 217/1/554
f  218/1/555 480/1/605 200/1/514
f  200/1/514 480/1/605 458/1/556
f  481/1/606 444/1/607 458/1/608
f  482/1/609 444/1/610 458/1/611
f  458/1/612 444/1/613 482/1/614
f  468/1/574 458/1/615 444/1/616
f  444/1/617 458/1/618 468/1/575
f  466/1/571 439/1/525 444/1/607
f  467/1/572 439/1/527 444/1/610
f  444/1/613 439/1/528 467/1/573
f  439/1/531 468/1/574 444/1/616
f  444/1/617 468/1/575 439/1/532
f  219/1/536 225/1/597 188/1/452
f  459/1/557 446/1/517 483/1/619
f  483/1/620 446/1/518 459/1/558
f  460/1/559 431/1/457 459/1/557
f  459/1/558 431/1/460 460/1/560
f  462/1/563 434/1/470 460/1/559
f  460/1/560 434/1/473 462/1/564
f  461/1/561 435/1/475 463/1/565
f  463/1/566 435/1/476 461/1/562
f  471/1/580 432/1/463 461/1/561
f  461/1/562 432/1/466 471/1/581
f  464/1/567 437/1/480 462/1/563
f  462/1/564 437/1/483 464/1/568
f  463/1/565 438/1/485 465/1/569
f  465/1/570 438/1/486 463/1/566
f  484/1/621 448/1/520 464/1/567
f  464/1/568 448/1/521 484/1/622
f  465/1/569 449/1/522 485/1/623
f  485/1/624 449/1/523 465/1/570
f  486/1/625 451/1/526 467/1/572
f  467/1/573 451/1/529 486/1/626
f  471/1/580 452/1/530 453/1/534
f  453/1/535 452/1/533 471/1/581
f  487/1/627 468/1/574 452/1/530
f  452/1/533 468/1/575 487/1/628
f  446/1/517 469/1/576 483/1/619
f  483/1/620 469/1/577 446/1/518
f  441/1/491 470/1/578 469/1/576
f  469/1/577 470/1/579 441/1/494
f  451/1/526 486/1/625 470/1/578
f  470/1/579 486/1/626 451/1/529
f  202/1/497 220/1/582 235/1/582
f  202/1/497 236/1/629 221/1/583
f  164/1/420 221/1/583 237/1/630
f  164/1/420 238/1/631 222/1/584
f  239/1/584 203/1/536 222/1/584
f  203/1/536 239/1/584 219/1/536
f  240/1/632 220/1/582 204/1/537
f  185/1/499 223/1/585 224/1/588
f  223/1/585 184/1/498 472/1/586
f  472/1/587 184/1/164 223/1/194
f  473/1/589 472/1/633 442/1/538
f  442/1/539 474/1/590 472/1/634
f  472/1/635 474/1/591 442/1/540
f  472/1/636 475/1/592 442/1/541
f  442/1/542 475/1/593 472/1/637
f  224/1/588 240/1/632 204/1/537
f  448/1/520 484/1/621 474/1/590
f  474/1/591 484/1/622 448/1/521
f  475/1/592 485/1/623 449/1/522
f  449/1/523 485/1/624 475/1/593
f  260/1/594 168/1/441 476/1/595
f  476/1/234 168/1/151 260/1/220
f  278/1/543 476/1/595 454/1/543
f  454/1/232 476/1/234 278/1/232
f  281/1/596 454/1/543 477/1/596
f  477/1/235 454/1/232 281/1/235
f  477/1/596 193/1/508 479/1/600
f  479/1/236 193/1/173 477/1/235
f  226/1/598 189/1/504 225/1/597
f  488/1/638 226/1/598 206/1/544
f  206/1/182 226/1/197 488/1/256
f  488/1/638 206/1/544 478/1/599
f  478/1/240 206/1/182 488/1/256
f  283/1/545 456/1/546 455/1/545
f  455/1/237 456/1/238 283/1/237
f  285/1/547 455/1/545 457/1/547
f  457/1/239 455/1/237 285/1/239
f  284/1/546 478/1/599 456/1/546
f  456/1/238 478/1/240 284/1/238
f  457/1/547 192/1/273 259/1/639
f  259/1/219 192/1/320 457/1/239
f  489/1/507 191/1/507 168/1/507
f  168/1/172 191/1/172 489/1/172
f  259/1/639 192/1/273 260/1/594
f  260/1/220 192/1/320 259/1/219
f  479/1/600 207/1/548 490/1/640
f  490/1/255 207/1/183 479/1/236
f  490/1/640 207/1/548 227/1/601
f  227/1/198 207/1/183 490/1/255
f  208/1/549 227/1/601 241/1/641
f  241/1/641 228/1/602 208/1/549
f  209/1/447 228/1/602 242/1/642
f  209/1/447 243/1/643 229/1/510
f  210/1/550 229/1/510 232/1/550
f  211/1/511 230/1/603 244/1/603
f  213/1/552 211/1/511 244/1/603
f  245/1/604 212/1/551 231/1/604
f  230/1/603 212/1/551 246/1/644
f  217/1/554 213/1/552 247/1/645
f  214/1/512 245/1/604 233/1/448
f  232/1/550 245/1/604 214/1/512
f  233/1/448 245/1/604 215/1/513
f  215/1/513 245/1/604 234/1/553
f  245/1/604 216/1/553 234/1/553
f  216/1/553 245/1/604 231/1/604
f  247/1/645 218/1/555 217/1/554
f  218/1/555 491/1/646 480/1/605
f  492/1/647 458/1/608 480/1/648
f  493/1/649 458/1/611 480/1/650
f  480/1/651 458/1/612 493/1/652
f  458/1/615 494/1/653 480/1/654
f  480/1/655 494/1/656 458/1/618
f  481/1/606 466/1/571 444/1/607
f  492/1/647 481/1/606 458/1/608
f  444/1/610 482/1/609 467/1/572
f  467/1/573 482/1/614 444/1/613
f  458/1/611 493/1/649 482/1/609
f  482/1/614 493/1/652 458/1/612
f  458/1/615 468/1/574 495/1/657
f  495/1/658 468/1/575 458/1/618
f  219/1/536 248/1/659 225/1/597
f  483/1/619 496/1/660 459/1/557
f  459/1/558 496/1/661 483/1/620
f  459/1/557 497/1/662 460/1/559
f  460/1/560 497/1/663 459/1/558
f  460/1/559 498/1/664 462/1/563
f  462/1/564 498/1/665 460/1/560
f  463/1/565 499/1/666 461/1/561
f  461/1/562 499/1/667 463/1/566
f  461/1/561 500/1/668 471/1/580
f  471/1/581 500/1/669 461/1/562
f  462/1/563 501/1/670 464/1/567
f  464/1/568 501/1/671 462/1/564
f  465/1/569 502/1/672 463/1/565
f  463/1/566 502/1/673 465/1/570
f  464/1/567 503/1/674 484/1/621
f  484/1/622 503/1/675 464/1/568
f  485/1/623 504/1/676 465/1/569
f  465/1/570 504/1/677 485/1/624
f  467/1/572 505/1/678 486/1/625
f  486/1/626 505/1/679 467/1/573
f  452/1/530 471/1/580 487/1/627
f  487/1/628 471/1/581 452/1/533
f  468/1/574 487/1/627 506/1/680
f  506/1/681 487/1/628 468/1/575
f  507/1/682 483/1/619 469/1/576
f  469/1/577 483/1/620 507/1/683
f  508/1/684 469/1/576 470/1/578
f  470/1/579 469/1/577 508/1/685
f  509/1/686 470/1/578 486/1/625
f  486/1/626 470/1/579 509/1/687
f  249/1/688 235/1/582 220/1/582
f  235/1/582 236/1/629 202/1/497
f  236/1/629 250/1/583 221/1/583
f  221/1/583 251/1/630 237/1/630
f  164/1/420 237/1/630 252/1/689
f  164/1/420 253/1/690 238/1/631
f  254/1/631 222/1/584 238/1/631
f  222/1/584 254/1/631 239/1/584
f  239/1/584 255/1/691 219/1/536
f  240/1/632 249/1/688 220/1/582
f  256/1/692 224/1/588 223/1/585
f  223/1/585 472/1/586 510/1/693
f  510/1/694 472/1/587 223/1/194
f  511/1/695 472/1/633 473/1/589
f  512/1/696 472/1/634 474/1/590
f  474/1/591 472/1/635 512/1/697
f  475/1/592 472/1/636 513/1/698
f  513/1/699 472/1/637 475/1/593
f  240/1/632 224/1/588 257/1/700
f  514/1/701 474/1/590 484/1/621
f  484/1/622 474/1/591 514/1/702
f  485/1/623 475/1/592 515/1/703
f  515/1/704 475/1/593 485/1/624
f  280/1/595 260/1/594 476/1/595
f  476/1/234 260/1/220 280/1/234
f  476/1/595 278/1/543 280/1/595
f  280/1/234 278/1/232 476/1/234
f  454/1/543 281/1/596 278/1/543
f  278/1/232 281/1/235 454/1/232
f  477/1/596 282/1/600 281/1/596
f  281/1/235 282/1/236 477/1/235
f  282/1/600 477/1/596 479/1/600
f  479/1/236 477/1/235 282/1/236
f  225/1/597 258/1/705 226/1/598
f  488/1/638 258/1/705 226/1/598
f  226/1/197 258/1/218 488/1/256
f  286/1/599 488/1/638 478/1/599
f  478/1/240 488/1/256 286/1/240
f  456/1/546 283/1/545 284/1/546
f  284/1/238 283/1/237 456/1/238
f  455/1/545 285/1/547 283/1/545
f  283/1/237 285/1/239 455/1/237
f  457/1/547 261/1/639 285/1/547
f  285/1/239 261/1/219 457/1/239
f  478/1/599 284/1/546 286/1/599
f  286/1/240 284/1/238 478/1/240
f  261/1/639 457/1/547 259/1/639
f  259/1/219 457/1/239 261/1/219
f  191/1/507 489/1/507 516/1/507
f  516/1/172 489/1/172 191/1/172
f  261/1/639 260/1/594 259/1/639
f  306/1/640 479/1/600 490/1/640
f  490/1/255 479/1/236 306/1/255
f  490/1/640 227/1/601 517/1/706
f  517/1/257 227/1/198 490/1/255
f  517/1/706 227/1/601 241/1/641
f  241/1/206 227/1/198 517/1/257
f  228/1/602 241/1/641 262/1/707
f  228/1/602 263/1/708 242/1/642
f  209/1/447 242/1/642 243/1/643
f  229/1/510 243/1/643 264/1/709
f  229/1/510 265/1/710 232/1/550
f  246/1/644 244/1/603 230/1/603
f  213/1/552 244/1/603 266/1/711
f  212/1/551 245/1/604 267/1/551
f  246/1/644 212/1/551 268/1/712
f  266/1/711 247/1/645 213/1/552
f  232/1/550 265/1/710 245/1/604
f  218/1/555 247/1/645 269/1/713
f  269/1/713 491/1/646 218/1/555
f  518/1/714 480/1/648 491/1/715
f  519/1/716 480/1/650 491/1/717
f  491/1/718 480/1/651 519/1/719
f  480/1/654 520/1/720 491/1/721
f  491/1/722 520/1/723 480/1/655
f  518/1/714 492/1/647 480/1/648
f  480/1/650 519/1/716 493/1/649
f  493/1/652 519/1/719 480/1/651
f  494/1/653 458/1/615 495/1/657
f  495/1/658 458/1/618 494/1/656
f  520/1/720 480/1/654 494/1/653
f  494/1/656 480/1/655 520/1/723
f  505/1/678 467/1/572 482/1/609
f  482/1/614 467/1/573 505/1/679
f  521/1/724 482/1/609 493/1/649
f  493/1/652 482/1/614 521/1/725
f  506/1/680 495/1/657 468/1/574
f  468/1/575 495/1/658 506/1/681
f  219/1/536 255/1/691 248/1/659
f  258/1/705 225/1/597 248/1/659
f  496/1/660 483/1/619 522/1/726
f  522/1/727 483/1/620 496/1/661
f  497/1/662 459/1/557 496/1/660
f  496/1/661 459/1/558 497/1/663
f  498/1/664 460/1/559 497/1/662
f  497/1/663 460/1/560 498/1/665
f  501/1/670 462/1/563 498/1/664
f  498/1/665 462/1/564 501/1/671
f  499/1/666 463/1/565 502/1/672
f  502/1/673 463/1/566 499/1/667
f  500/1/668 461/1/561 499/1/666
f  499/1/667 461/1/562 500/1/669
f  500/1/668 487/1/627 471/1/580
f  471/1/581 487/1/628 500/1/669
f  503/1/674 464/1/567 501/1/670
f  501/1/671 464/1/568 503/1/675
f  502/1/672 465/1/569 504/1/676
f  504/1/677 465/1/570 502/1/673
f  523/1/728 484/1/621 503/1/674
f  503/1/675 484/1/622 523/1/729
f  504/1/676 485/1/623 524/1/730
f  524/1/731 485/1/624 504/1/677
f  525/1/732 486/1/625 505/1/678
f  505/1/679 486/1/626 525/1/733
f  526/1/734 506/1/680 487/1/627
f  487/1/628 506/1/681 526/1/735
f  483/1/619 507/1/682 522/1/726
f  522/1/727 507/1/683 483/1/620
f  469/1/576 508/1/684 507/1/682
f  507/1/683 508/1/685 469/1/577
f  470/1/578 509/1/686 508/1/684
f  508/1/685 509/1/687 470/1/579
f  486/1/625 525/1/732 509/1/686
f  509/1/687 525/1/733 486/1/626
f  235/1/582 249/1/688 270/1/688
f  270/1/688 236/1/629 235/1/582
f  250/1/583 236/1/629 271/1/629
f  251/1/630 221/1/583 250/1/583
f  272/1/689 237/1/630 251/1/630
f  237/1/630 272/1/689 252/1/689
f  164/1/420 252/1/689 273/1/736
f  164/1/420 274/1/737 253/1/690
f  275/1/690 238/1/631 253/1/690
f  238/1/631 275/1/690 254/1/631
f  254/1/631 276/1/738 239/1/584
f  239/1/584 276/1/738 255/1/691
f  277/1/739 249/1/688 240/1/632
f  224/1/588 256/1/692 257/1/700
f  256/1/692 223/1/585 510/1/693
f  510/1/694 223/1/194 256/1/216
f  511/1/695 510/1/740 472/1/633
f  472/1/634 512/1/696 510/1/741
f  510/1/742 512/1/697 472/1/635
f  510/1/743 513/1/698 472/1/636
f  472/1/637 513/1/699 510/1/744
f  474/1/590 514/1/701 512/1/696
f  512/1/697 514/1/702 474/1/591
f  513/1/698 515/1/703 475/1/592
f  475/1/593 515/1/704 513/1/699
f  257/1/700 277/1/739 240/1/632
f  484/1/621 523/1/728 514/1/701
f  514/1/702 523/1/729 484/1/622
f  515/1/703 524/1/730 485/1/623
f  485/1/624 524/1/731 515/1/704
f  260/1/594 280/1/595 287/1/594
f  287/1/220 280/1/234 260/1/220
f  280/1/595 279/1/745 278/1/543
f  278/1/543 279/1/745 281/1/596
f  281/1/596 279/1/745 282/1/600
f  479/1/600 306/1/640 282/1/600
f  282/1/236 306/1/255 479/1/236
f  527/1/746 258/1/705 488/1/638
f  488/1/256 258/1/218 527/1/267
f  488/1/638 286/1/599 307/1/638
f  307/1/256 286/1/240 488/1/256
f  284/1/546 279/1/745 283/1/545
f  283/1/545 279/1/745 285/1/547
f  285/1/547 279/1/745 261/1/639
f  286/1/599 279/1/745 284/1/546
f  260/1/594 261/1/639 287/1/594
f  490/1/640 308/1/706 306/1/640
f  306/1/255 308/1/257 490/1/255
f  308/1/706 490/1/640 517/1/706
f  517/1/257 490/1/255 308/1/257
f  517/1/706 241/1/641 262/1/707
f  262/1/221 241/1/206 517/1/257
f  263/1/708 228/1/602 262/1/707
f  288/1/747 242/1/642 263/1/708
f  242/1/642 288/1/747 243/1/643
f  243/1/643 289/1/748 264/1/709
f  229/1/510 264/1/709 290/1/749
f  229/1/510 290/1/749 265/1/710
f  244/1/603 246/1/644 291/1/644
f  266/1/711 244/1/603 291/1/644
f  245/1/604 292/1/750 267/1/551
f  293/1/712 212/1/551 267/1/551
f  212/1/551 293/1/712 268/1/712
f  246/1/644 268/1/712 294/1/751
f  247/1/645 266/1/711 295/1/752
f  245/1/604 265/1/710 292/1/750
f  295/1/752 269/1/713 247/1/645
f  269/1/713 528/1/753 491/1/646
f  529/1/754 518/1/714 491/1/715
f  491/1/717 530/1/755 519/1/716
f  519/1/719 530/1/756 491/1/718
f  531/1/757 491/1/721 520/1/720
f  520/1/723 491/1/722 531/1/758
f  532/1/759 493/1/649 519/1/716
f  519/1/719 493/1/652 532/1/760
f  533/1/761 494/1/653 495/1/657
f  495/1/658 494/1/656 533/1/762
f  534/1/763 520/1/720 494/1/653
f  494/1/656 520/1/723 534/1/764
f  482/1/609 521/1/724 505/1/678
f  505/1/679 521/1/725 482/1/614
f  493/1/649 532/1/759 521/1/724
f  521/1/725 532/1/760 493/1/652
f  495/1/657 506/1/680 533/1/761
f  533/1/762 506/1/681 495/1/658
f  296/1/765 248/1/659 255/1/691
f  248/1/659 296/1/765 258/1/705
f  522/1/726 535/1/766 496/1/660
f  496/1/661 535/1/767 522/1/727
f  496/1/660 536/1/768 497/1/662
f  497/1/663 536/1/769 496/1/661
f  497/1/662 537/1/770 498/1/664
f  498/1/665 537/1/771 497/1/663
f  498/1/664 538/1/772 501/1/670
f  501/1/671 538/1/773 498/1/665
f  502/1/672 539/1/774 499/1/666
f  499/1/667 539/1/775 502/1/673
f  499/1/666 540/1/776 500/1/668
f  500/1/669 540/1/777 499/1/667
f  487/1/627 500/1/668 526/1/734
f  526/1/735 500/1/669 487/1/628
f  501/1/670 541/1/778 503/1/674
f  503/1/675 541/1/779 501/1/671
f  504/1/676 542/1/780 502/1/672
f  502/1/673 542/1/781 504/1/677
f  503/1/674 543/1/782 523/1/728
f  523/1/729 543/1/783 503/1/675
f  524/1/730 544/1/784 504/1/676
f  504/1/677 544/1/785 524/1/731
f  505/1/678 545/1/786 525/1/732
f  525/1/733 545/1/787 505/1/679
f  506/1/680 526/1/734 546/1/788
f  546/1/789 526/1/735 506/1/681
f  547/1/790 522/1/726 507/1/682
f  507/1/683 522/1/727 547/1/791
f  548/1/792 507/1/682 508/1/684
f  508/1/685 507/1/683 548/1/793
f  549/1/794 508/1/684 509/1/686
f  509/1/687 508/1/685 549/1/795
f  550/1/796 509/1/686 525/1/732
f  525/1/733 509/1/687 550/1/797
f  297/1/798 270/1/688 249/1/688
f  298/1/798 236/1/629 270/1/688
f  236/1/629 299/1/799 271/1/629
f  271/1/629 300/1/800 250/1/583
f  250/1/583 300/1/800 251/1/630
f  251/1/630 300/1/800 272/1/689
f  272/1/689 273/1/736 252/1/689
f  164/1/420 273/1/736 274/1/737
f  301/1/737 253/1/690 274/1/737
f  253/1/690 301/1/737 275/1/690
f  275/1/690 302/1/801 254/1/631
f  254/1/631 303/1/802 276/1/738
f  276/1/738 296/1/765 255/1/691
f  277/1/739 297/1/798 249/1/688
f  304/1/803 257/1/700 256/1/692
f  256/1/692 510/1/693 551/1/804
f  551/1/805 510/1/694 256/1/216
f  552/1/806 510/1/740 511/1/695
f  553/1/807 510/1/741 512/1/696
f  512/1/697 510/1/742 553/1/808
f  513/1/698 510/1/743 554/1/809
f  554/1/810 510/1/744 513/1/699
f  555/1/811 512/1/696 514/1/701
f  514/1/702 512/1/697 555/1/812
f  515/1/703 513/1/698 556/1/813
f  556/1/814 513/1/699 515/1/704
f  277/1/739 257/1/700 305/1/815
f  557/1/816 514/1/701 523/1/728
f  523/1/729 514/1/702 557/1/817
f  524/1/730 515/1/703 558/1/818
f  558/1/819 515/1/704 524/1/731
f  287/1/594 279/1/745 280/1/595
f  282/1/600 279/1/745 306/1/640
f  527/1/746 296/1/765 258/1/705
f  258/1/218 296/1/247 527/1/267
f  307/1/638 527/1/746 488/1/638
f  488/1/256 527/1/267 307/1/256
f  307/1/638 279/1/745 286/1/599
f  261/1/639 279/1/745 287/1/594
f  306/1/640 279/1/745 308/1/706
f  559/1/820 308/1/706 517/1/706
f  517/1/257 308/1/257 559/1/268
f  517/1/706 262/1/707 559/1/820
f  559/1/268 262/1/221 517/1/257
f  559/1/820 262/1/707 263/1/708
f  263/1/222 262/1/221 559/1/268
f  560/1/821 263/1/708 288/1/747
f  288/1/241 263/1/222 560/1/279
f  289/1/748 243/1/643 288/1/747
f  309/1/822 264/1/709 289/1/748
f  264/1/709 309/1/822 290/1/749
f  290/1/749 310/1/823 265/1/710
f  294/1/751 291/1/644 246/1/644
f  266/1/711 291/1/644 311/1/751
f  267/1/551 292/1/750 293/1/712
f  311/1/751 268/1/712 293/1/712
f  268/1/712 311/1/751 294/1/751
f  312/1/824 295/1/752 266/1/711
f  292/1/750 265/1/710 313/1/825
f  269/1/713 295/1/752 314/1/826
f  314/1/826 528/1/753 269/1/713
f  529/1/754 491/1/715 528/1/827
f  530/1/755 491/1/717 528/1/828
f  528/1/829 491/1/718 530/1/756
f  491/1/721 531/1/757 528/1/830
f  528/1/831 531/1/758 491/1/722
f  561/1/832 519/1/716 530/1/755
f  530/1/756 519/1/719 561/1/833
f  562/1/834 531/1/757 520/1/720
f  520/1/723 531/1/758 562/1/835
f  519/1/716 561/1/832 532/1/759
f  532/1/760 561/1/833 519/1/719
f  494/1/653 533/1/761 534/1/763
f  534/1/764 533/1/762 494/1/656
f  520/1/720 534/1/763 562/1/834
f  562/1/835 534/1/764 520/1/723
f  545/1/786 505/1/678 521/1/724
f  521/1/725 505/1/679 545/1/787
f  563/1/836 521/1/724 532/1/759
f  532/1/760 521/1/725 563/1/837
f  546/1/788 533/1/761 506/1/680
f  506/1/681 533/1/762 546/1/789
f  535/1/766 522/1/726 564/1/838
f  564/1/839 522/1/727 535/1/767
f  536/1/768 496/1/660 535/1/766
f  535/1/767 496/1/661 536/1/769
f  537/1/770 497/1/662 536/1/768
f  536/1/769 497/1/663 537/1/771
f  538/1/772 498/1/664 537/1/770
f  537/1/771 498/1/665 538/1/773
f  541/1/778 501/1/670 538/1/772
f  538/1/773 501/1/671 541/1/779
f  539/1/774 502/1/672 542/1/780
f  542/1/781 502/1/673 539/1/775
f  540/1/776 499/1/666 539/1/774
f  539/1/775 499/1/667 540/1/777
f  540/1/776 526/1/734 500/1/668
f  500/1/669 526/1/735 540/1/777
f  543/1/782 503/1/674 541/1/778
f  541/1/779 503/1/675 543/1/783
f  542/1/780 504/1/676 544/1/784
f  544/1/785 504/1/677 542/1/781
f  565/1/840 523/1/728 543/1/782
f  543/1/783 523/1/729 565/1/841
f  544/1/784 524/1/730 566/1/842
f  566/1/843 524/1/731 544/1/785
f  567/1/844 525/1/732 545/1/786
f  545/1/787 525/1/733 567/1/845
f  568/1/846 546/1/788 526/1/734
f  526/1/735 546/1/789 568/1/847
f  522/1/726 547/1/790 564/1/838
f  564/1/839 547/1/791 522/1/727
f  507/1/682 548/1/792 547/1/790
f  547/1/791 548/1/793 507/1/683
f  508/1/684 549/1/794 548/1/792
f  548/1/793 549/1/795 508/1/685
f  509/1/686 550/1/796 549/1/794
f  549/1/795 550/1/797 509/1/687
f  525/1/732 567/1/844 550/1/796
f  550/1/797 567/1/845 525/1/733
f  270/1/688 297/1/798 298/1/798
f  315/1/848 236/1/629 298/1/798
f  299/1/799 236/1/629 316/1/799
f  299/1/799 300/1/800 271/1/629
f  272/1/689 300/1/800 317/1/736
f  273/1/736 272/1/689 317/1/736
f  317/1/736 274/1/737 273/1/736
f  274/1/737 317/1/736 301/1/737
f  301/1/737 300/1/800 275/1/690
f  275/1/690 318/1/849 302/1/801
f  254/1/631 302/1/801 303/1/802
f  303/1/802 319/1/850 276/1/738
f  296/1/765 276/1/738 319/1/850
f  277/1/739 320/1/848 297/1/798
f  257/1/700 304/1/803 305/1/815
f  304/1/803 256/1/692 551/1/804
f  551/1/805 256/1/216 304/1/253
f  552/1/806 551/1/851 510/1/740
f  510/1/741 553/1/807 551/1/852
f  551/1/853 553/1/808 510/1/742
f  551/1/854 554/1/809 510/1/743
f  510/1/744 554/1/810 551/1/855
f  512/1/696 555/1/811 553/1/807
f  553/1/808 555/1/812 512/1/697
f  554/1/809 556/1/813 513/1/698
f  513/1/699 556/1/814 554/1/810
f  514/1/701 557/1/816 555/1/811
f  555/1/812 557/1/817 514/1/702
f  556/1/813 558/1/818 515/1/703
f  515/1/704 558/1/819 556/1/814
f  305/1/815 321/1/856 277/1/739
f  523/1/728 565/1/840 557/1/816
f  557/1/817 565/1/841 523/1/729
f  558/1/818 566/1/842 524/1/730
f  524/1/731 566/1/843 558/1/819
f  569/1/857 296/1/765 527/1/746
f  527/1/267 296/1/247 569/1/278
f  527/1/746 307/1/638 322/1/746
f  322/1/267 307/1/256 527/1/267
f  322/1/746 279/1/745 307/1/638
f  308/1/706 279/1/745 323/1/820
f  308/1/706 559/1/820 323/1/820
f  323/1/268 559/1/268 308/1/257
f  559/1/820 263/1/708 560/1/821
f  560/1/279 263/1/222 559/1/268
f  560/1/821 288/1/747 570/1/858
f  570/1/289 288/1/241 560/1/279
f  570/1/858 288/1/747 289/1/748
f  289/1/242 288/1/241 570/1/289
f  571/1/859 289/1/748 309/1/822
f  309/1/258 289/1/242 571/1/299
f  310/1/823 290/1/749 309/1/822
f  310/1/823 324/1/860 265/1/710
f  291/1/644 294/1/751 311/1/751
f  311/1/751 292/1/750 266/1/711
f  293/1/712 292/1/750 311/1/751
f  295/1/752 312/1/824 325/1/861
f  266/1/711 292/1/750 312/1/824
f  265/1/710 324/1/860 313/1/825
f  313/1/825 324/1/860 292/1/750
f  325/1/861 314/1/826 295/1/752
f  572/1/862 528/1/753 314/1/826
f  573/1/863 529/1/754 528/1/827
f  528/1/828 574/1/864 530/1/755
f  530/1/756 574/1/865 528/1/829
f  575/1/866 528/1/830 531/1/757
f  531/1/758 528/1/831 575/1/867
f  530/1/755 576/1/868 561/1/832
f  561/1/833 576/1/869 530/1/756
f  531/1/757 562/1/834 577/1/870
f  577/1/871 562/1/835 531/1/758
f  578/1/872 532/1/759 561/1/832
f  561/1/833 532/1/760 578/1/873
f  579/1/874 534/1/763 533/1/761
f  533/1/762 534/1/764 579/1/875
f  580/1/876 562/1/834 534/1/763
f  534/1/764 562/1/835 580/1/877
f  521/1/724 563/1/836 545/1/786
f  545/1/787 563/1/837 521/1/725
f  532/1/759 578/1/872 563/1/836
f  563/1/837 578/1/873 532/1/760
f  533/1/761 546/1/788 579/1/874
f  579/1/875 546/1/789 533/1/762
f  564/1/838 581/1/878 535/1/766
f  535/1/767 581/1/879 564/1/839
f  535/1/766 582/1/880 536/1/768
f  536/1/769 582/1/881 535/1/767
f  536/1/768 583/1/882 537/1/770
f  537/1/771 583/1/883 536/1/769
f  537/1/770 584/1/884 538/1/772
f  538/1/773 584/1/885 537/1/771
f  538/1/772 585/1/886 541/1/778
f  541/1/779 585/1/887 538/1/773
f  542/1/780 586/1/888 539/1/774
f  539/1/775 586/1/889 542/1/781
f  539/1/774 587/1/890 540/1/776
f  540/1/777 587/1/891 539/1/775
f  526/1/734 540/1/776 568/1/846
f  568/1/847 540/1/777 526/1/735
f  541/1/778 588/1/892 543/1/782
f  543/1/783 588/1/893 541/1/779
f  544/1/784 589/1/894 542/1/780
f  542/1/781 589/1/895 544/1/785
f  543/1/782 590/1/896 565/1/840
f  565/1/841 590/1/897 543/1/783
f  566/1/842 591/1/898 544/1/784
f  544/1/785 591/1/899 566/1/843
f  545/1/786 592/1/900 567/1/844
f  567/1/845 592/1/901 545/1/787
f  546/1/788 568/1/846 593/1/902
f  593/1/903 568/1/847 546/1/789
f  594/1/904 564/1/838 547/1/790
f  547/1/791 564/1/839 594/1/905
f  595/1/906 547/1/790 548/1/792
f  548/1/793 547/1/791 595/1/907
f  596/1/908 548/1/792 549/1/794
f  549/1/795 548/1/793 596/1/909
f  597/1/910 549/1/794 550/1/796
f  550/1/797 549/1/795 597/1/911
f  598/1/912 550/1/796 567/1/844
f  567/1/845 550/1/797 598/1/913
f  320/1/848 298/1/798 297/1/798
f  326/1/914 236/1/629 315/1/848
f  298/1/798 320/1/848 315/1/848
f  326/1/914 316/1/799 236/1/629
f  327/1/915 299/1/799 316/1/799
f  328/1/320 300/1/800 299/1/799
f  317/1/736 300/1/800 301/1/737
f  275/1/690 300/1/800 318/1/849
f  318/1/849 329/1/916 302/1/801
f  302/1/801 330/1/917 303/1/802
f  319/1/850 303/1/802 330/1/917
f  569/1/857 319/1/850 296/1/765
f  296/1/247 319/1/265 569/1/278
f  321/1/856 320/1/848 277/1/739
f  331/1/918 305/1/815 304/1/803
f  599/1/919 304/1/803 551/1/804
f  551/1/805 304/1/253 599/1/920
f  600/1/921 551/1/851 552/1/806
f  601/1/922 551/1/852 553/1/807
f  553/1/808 551/1/853 601/1/923
f  554/1/809 551/1/854 602/1/924
f  602/1/925 551/1/855 554/1/810
f  603/1/926 553/1/807 555/1/811
f  555/1/812 553/1/808 603/1/927
f  556/1/813 554/1/809 604/1/928
f  604/1/929 554/1/810 556/1/814
f  605/1/930 555/1/811 557/1/816
f  557/1/817 555/1/812 605/1/931
f  558/1/818 556/1/813 606/1/932
f  606/1/933 556/1/814 558/1/819
f  321/1/856 305/1/815 332/1/934
f  607/1/935 557/1/816 565/1/840
f  565/1/841 557/1/817 607/1/936
f  566/1/842 558/1/818 608/1/937
f  608/1/938 558/1/819 566/1/843
f  527/1/746 333/1/857 569/1/857
f  569/1/278 333/1/278 527/1/267
f  333/1/857 527/1/746 322/1/746
f  322/1/267 527/1/267 333/1/278
f  333/1/857 279/1/745 322/1/746
f  323/1/820 279/1/745 334/1/821
f  560/1/821 323/1/820 559/1/820
f  559/1/268 323/1/268 560/1/279
f  570/1/858 334/1/821 560/1/821
f  560/1/279 334/1/279 570/1/289
f  570/1/858 289/1/748 571/1/859
f  571/1/299 289/1/242 570/1/289
f  571/1/859 309/1/822 609/1/939
f  609/1/306 309/1/258 571/1/299
f  609/1/939 309/1/822 310/1/823
f  310/1/259 309/1/258 609/1/306
f  310/1/823 335/1/940 324/1/860
f  336/1/941 325/1/861 312/1/824
f  292/1/750 336/1/941 312/1/824
f  324/1/860 337/1/942 292/1/750
f  314/1/826 325/1/861 338/1/943
f  573/1/863 528/1/827 572/1/944
f  574/1/864 528/1/828 572/1/945
f  572/1/946 528/1/829 574/1/865
f  528/1/830 575/1/866 572/1/947
f  572/1/948 575/1/867 528/1/831
f  338/1/943 572/1/862 314/1/826
f  576/1/868 530/1/755 574/1/864
f  574/1/865 530/1/756 576/1/869
f  577/1/870 575/1/866 531/1/757
f  531/1/758 575/1/867 577/1/871
f  610/1/949 561/1/832 576/1/868
f  576/1/869 561/1/833 610/1/950
f  611/1/951 577/1/870 562/1/834
f  562/1/835 577/1/871 611/1/952
f  561/1/832 610/1/949 578/1/872
f  578/1/873 610/1/950 561/1/833
f  534/1/763 579/1/874 580/1/876
f  580/1/877 579/1/875 534/1/764
f  562/1/834 580/1/876 611/1/951
f  611/1/952 580/1/877 562/1/835
f  592/1/900 545/1/786 563/1/836
f  563/1/837 545/1/787 592/1/901
f  612/1/953 563/1/836 578/1/872
f  578/1/873 563/1/837 612/1/954
f  593/1/902 579/1/874 546/1/788
f  546/1/789 579/1/875 593/1/903
f  581/1/878 564/1/838 613/1/955
f  613/1/956 564/1/839 581/1/879
f  582/1/880 535/1/766 581/1/878
f  581/1/879 535/1/767 582/1/881
f  583/1/882 536/1/768 582/1/880
f  582/1/881 536/1/769 583/1/883
f  584/1/884 537/1/770 583/1/882
f  583/1/883 537/1/771 584/1/885
f  585/1/886 538/1/772 584/1/884
f  584/1/885 538/1/773 585/1/887
f  588/1/892 541/1/778 585/1/886
f  585/1/887 541/1/779 588/1/893
f  589/1/894 586/1/888 542/1/780
f  542/1/781 586/1/889 589/1/895
f  539/1/774 586/1/888 614/1/957
f  614/1/958 586/1/889 539/1/775
f  614/1/957 587/1/890 539/1/774
f  539/1/775 587/1/891 614/1/958
f  540/1/776 587/1/890 615/1/959
f  615/1/960 587/1/891 540/1/777
f  615/1/959 568/1/846 540/1/776
f  540/1/777 568/1/847 615/1/960
f  590/1/896 543/1/782 588/1/892
f  588/1/893 543/1/783 590/1/897
f  544/1/784 616/1/961 589/1/894
f  589/1/895 616/1/962 544/1/785
f  617/1/963 565/1/840 590/1/896
f  590/1/897 565/1/841 617/1/964
f  618/1/965 591/1/898 566/1/842
f  566/1/843 591/1/899 618/1/966
f  544/1/784 591/1/898 619/1/967
f  619/1/968 591/1/899 544/1/785
f  620/1/969 567/1/844 592/1/900
f  592/1/901 567/1/845 620/1/970
f  621/1/971 593/1/902 568/1/846
f  568/1/847 593/1/903 621/1/972
f  564/1/838 594/1/904 613/1/955
f  613/1/956 594/1/905 564/1/839
f  547/1/790 595/1/906 594/1/904
f  594/1/905 595/1/907 547/1/791
f  548/1/792 596/1/908 595/1/906
f  595/1/907 596/1/909 548/1/793
f  549/1/794 597/1/910 596/1/908
f  596/1/909 597/1/911 549/1/795
f  550/1/796 598/1/912 597/1/910
f  597/1/911 598/1/913 550/1/797
f  567/1/844 620/1/969 598/1/912
f  598/1/913 620/1/970 567/1/845
f  315/1/848 339/1/914 326/1/914
f  339/1/914 315/1/848 320/1/848
f  316/1/799 326/1/914 327/1/915
f  299/1/799 327/1/915 340/1/915
f  300/1/800 328/1/320 341/1/973
f  328/1/320 299/1/799 342/1/974
f  300/1/800 343/1/975 318/1/849
f  329/1/916 318/1/849 343/1/975
f  330/1/917 302/1/801 329/1/916
f  622/1/976 330/1/917 319/1/850
f  319/1/265 330/1/275 622/1/288
f  622/1/976 319/1/850 569/1/857
f  569/1/278 319/1/265 622/1/288
f  321/1/856 339/1/914 320/1/848
f  305/1/815 331/1/918 332/1/934
f  331/1/918 304/1/803 599/1/919
f  599/1/920 304/1/253 331/1/276
f  600/1/921 599/1/977 551/1/851
f  551/1/852 601/1/922 599/1/978
f  599/1/979 601/1/923 551/1/853
f  599/1/980 602/1/924 551/1/854
f  551/1/855 602/1/925 599/1/981
f  553/1/807 603/1/926 601/1/922
f  601/1/923 603/1/927 553/1/808
f  602/1/924 604/1/928 554/1/809
f  554/1/810 604/1/929 602/1/925
f  555/1/811 605/1/930 603/1/926
f  603/1/927 605/1/931 555/1/812
f  604/1/928 606/1/932 556/1/813
f  556/1/814 606/1/933 604/1/929
f  557/1/816 607/1/935 605/1/930
f  605/1/931 607/1/936 557/1/817
f  606/1/932 608/1/937 558/1/818
f  558/1/819 608/1/938 606/1/933
f  332/1/934 344/1/982 321/1/856
f  565/1/840 617/1/963 607/1/935
f  607/1/936 617/1/964 565/1/841
f  608/1/937 623/1/983 566/1/842
f  566/1/843 623/1/984 608/1/938
f  345/1/976 569/1/857 333/1/857
f  333/1/278 569/1/278 345/1/288
f  345/1/976 279/1/745 333/1/857
f  334/1/821 279/1/745 346/1/858
f  323/1/820 560/1/821 334/1/821
f  334/1/279 560/1/279 323/1/268
f  334/1/821 570/1/858 346/1/858
f  346/1/289 570/1/289 334/1/279
f  571/1/859 346/1/858 570/1/858
f  570/1/289 346/1/289 571/1/299
f  609/1/939 356/1/859 571/1/859
f  571/1/299 356/1/299 609/1/306
f  609/1/939 310/1/823 357/1/985
f  357/1/300 310/1/259 609/1/306
f  335/1/940 310/1/823 347/1/986
f  624/1/987 324/1/860 335/1/940
f  325/1/861 336/1/941 348/1/988
f  336/1/941 292/1/750 337/1/942
f  337/1/942 324/1/860 349/1/989
f  348/1/988 338/1/943 325/1/861
f  625/1/990 573/1/863 572/1/944
f  572/1/945 626/1/991 574/1/864
f  574/1/865 626/1/992 572/1/946
f  575/1/866 627/1/993 572/1/947
f  572/1/948 627/1/994 575/1/867
f  627/1/995 572/1/862 338/1/943
f  574/1/864 628/1/996 576/1/868
f  576/1/869 628/1/997 574/1/865
f  575/1/866 577/1/870 629/1/998
f  629/1/999 577/1/871 575/1/867
f  576/1/868 630/1/1000 610/1/949
f  610/1/950 630/1/1001 576/1/869
f  577/1/870 611/1/951 631/1/1002
f  631/1/1003 611/1/952 577/1/871
f  632/1/1004 578/1/872 610/1/949
f  610/1/950 578/1/873 632/1/1005
f  633/1/1006 580/1/876 579/1/874
f  579/1/875 580/1/877 633/1/1007
f  634/1/1008 611/1/951 580/1/876
f  580/1/877 611/1/952 634/1/1009
f  563/1/836 612/1/953 592/1/900
f  592/1/901 612/1/954 563/1/837
f  578/1/872 632/1/1004 612/1/953
f  612/1/954 632/1/1005 578/1/873
f  579/1/874 593/1/902 633/1/1006
f  633/1/1007 593/1/903 579/1/875
f  635/1/1010 581/1/878 613/1/955
f  613/1/956 581/1/879 635/1/1011
f  636/1/1012 582/1/880 581/1/878
f  581/1/879 582/1/881 636/1/1013
f  637/1/1014 583/1/882 582/1/880
f  582/1/881 583/1/883 637/1/1015
f  638/1/1016 584/1/884 583/1/882
f  583/1/883 584/1/885 638/1/1017
f  639/1/1018 585/1/886 584/1/884
f  584/1/885 585/1/887 639/1/1019
f  585/1/886 640/1/1020 588/1/892
f  588/1/893 640/1/1021 585/1/887
f  586/1/888 589/1/894 616/1/961
f  616/1/962 589/1/895 586/1/889
f  587/1/890 614/1/957 586/1/888
f  586/1/889 614/1/958 587/1/891
f  568/1/846 615/1/959 587/1/890
f  587/1/891 615/1/960 568/1/847
f  588/1/892 641/1/1022 590/1/896
f  590/1/897 641/1/1023 588/1/893
f  619/1/967 616/1/961 544/1/784
f  544/1/785 616/1/962 619/1/968
f  590/1/896 642/1/1024 617/1/963
f  617/1/964 642/1/1025 590/1/897
f  591/1/898 618/1/965 623/1/983
f  623/1/984 618/1/966 591/1/899
f  566/1/842 623/1/983 618/1/965
f  618/1/966 623/1/984 566/1/843
f  616/1/961 619/1/967 591/1/898
f  591/1/899 619/1/968 616/1/962
f  592/1/900 643/1/1026 620/1/969
f  620/1/970 643/1/1027 592/1/901
f  593/1/902 621/1/971 644/1/1028
f  644/1/1029 621/1/972 593/1/903
f  568/1/846 644/1/1028 621/1/971
f  621/1/972 644/1/1029 568/1/847
f  645/1/1030 613/1/955 594/1/904
f  594/1/905 613/1/956 645/1/1031
f  595/1/906 645/1/1030 594/1/904
f  594/1/905 645/1/1031 595/1/907
f  596/1/908 646/1/1032 595/1/906
f  595/1/907 646/1/1033 596/1/909
f  597/1/910 647/1/1034 596/1/908
f  596/1/909 647/1/1035 597/1/911
f  648/1/1036 597/1/910 598/1/912
f  598/1/913 597/1/911 648/1/1037
f  649/1/1038 598/1/912 620/1/969
f  620/1/970 598/1/913 649/1/1039
f  340/1/915 326/1/914 339/1/914
f  326/1/914 340/1/915 327/1/915
f  344/1/982 299/1/799 340/1/915
f  350/1/1040 300/1/800 341/1/973
f  342/1/974 299/1/799 351/1/1041
f  343/1/975 300/1/800 352/1/1042
f  650/1/1043 343/1/975 329/1/916
f  329/1/274 343/1/286 650/1/305
f  651/1/1044 329/1/916 330/1/917
f  330/1/275 329/1/274 651/1/298
f  651/1/1044 330/1/917 622/1/976
f  622/1/288 330/1/275 651/1/298
f  569/1/857 345/1/976 622/1/976
f  622/1/288 345/1/288 569/1/278
f  321/1/856 340/1/915 339/1/914
f  353/1/1045 332/1/934 331/1/918
f  652/1/1046 331/1/918 599/1/919
f  599/1/920 331/1/276 652/1/1047
f  653/1/1048 599/1/977 600/1/921
f  654/1/1049 599/1/978 601/1/922
f  601/1/923 599/1/979 654/1/1050
f  602/1/924 599/1/980 655/1/1051
f  655/1/1052 599/1/981 602/1/925
f  656/1/1053 601/1/922 603/1/926
f  603/1/927 601/1/923 656/1/1054
f  604/1/928 602/1/924 657/1/1055
f  657/1/1056 602/1/925 604/1/929
f  658/1/1057 603/1/926 605/1/930
f  605/1/931 603/1/927 658/1/1058
f  606/1/932 604/1/928 659/1/1059
f  659/1/1060 604/1/929 606/1/933
f  660/1/1061 605/1/930 607/1/935
f  607/1/936 605/1/931 660/1/1062
f  608/1/937 606/1/932 661/1/1063
f  661/1/1064 606/1/933 608/1/938
f  344/1/982 332/1/934 354/1/1065
f  340/1/915 321/1/856 344/1/982
f  662/1/1066 607/1/935 617/1/963
f  617/1/964 607/1/936 662/1/1067
f  663/1/1068 623/1/983 608/1/937
f  608/1/938 623/1/984 663/1/1069
f  355/1/1044 279/1/745 345/1/976
f  346/1/858 279/1/745 356/1/859
f  346/1/858 571/1/859 356/1/859
f  356/1/299 571/1/299 346/1/289
f  356/1/859 609/1/939 363/1/939
f  363/1/306 609/1/306 356/1/299
f  357/1/985 347/1/986 310/1/823
f  357/1/985 363/1/939 609/1/939
f  609/1/306 363/1/306 357/1/300
f  664/1/1070 347/1/1071 335/1/1072
f  335/1/1073 347/1/1074 664/1/1075
f  347/1/172 624/1/172 335/1/172
f  335/1/507 624/1/507 347/1/507
f  324/1/860 624/1/987 359/1/1076
f  665/1/1077 335/1/1072 624/1/1078
f  624/1/1079 335/1/1073 665/1/1080
f  358/1/1081 348/1/988 336/1/941
f  336/1/941 337/1/942 358/1/1081
f  349/1/989 324/1/860 359/1/1076
f  349/1/989 358/1/1081 337/1/942
f  338/1/943 348/1/988 360/1/1082
f  625/1/990 572/1/944 627/1/1083
f  626/1/991 572/1/945 627/1/1084
f  627/1/1085 572/1/946 626/1/992
f  628/1/996 574/1/864 626/1/991
f  626/1/992 574/1/865 628/1/997
f  627/1/993 575/1/866 666/1/1086
f  666/1/1087 575/1/867 627/1/994
f  360/1/1082 627/1/995 338/1/943
f  630/1/1000 576/1/868 628/1/996
f  628/1/997 576/1/869 630/1/1001
f  631/1/1002 629/1/998 577/1/870
f  577/1/871 629/1/999 631/1/1003
f  629/1/998 666/1/1086 575/1/866
f  575/1/867 666/1/1087 629/1/999
f  667/1/1088 610/1/949 630/1/1000
f  630/1/1001 610/1/950 667/1/1089
f  668/1/1090 631/1/1002 611/1/951
f  611/1/952 631/1/1003 668/1/1091
f  610/1/949 667/1/1088 632/1/1004
f  632/1/1005 667/1/1089 610/1/950
f  580/1/876 633/1/1006 634/1/1008
f  634/1/1009 633/1/1007 580/1/877
f  611/1/951 634/1/1008 668/1/1090
f  668/1/1091 634/1/1009 611/1/952
f  643/1/1026 592/1/900 612/1/953
f  612/1/954 592/1/901 643/1/1027
f  669/1/1092 612/1/953 632/1/1004
f  632/1/1005 612/1/954 669/1/1093
f  670/1/1094 633/1/1006 593/1/902
f  593/1/903 633/1/1007 670/1/1095
f  581/1/878 635/1/1010 636/1/1012
f  636/1/1013 635/1/1011 581/1/879
f  613/1/955 645/1/1030 635/1/1010
f  635/1/1011 645/1/1031 613/1/956
f  582/1/880 636/1/1012 637/1/1014
f  637/1/1015 636/1/1013 582/1/881
f  583/1/882 637/1/1014 638/1/1016
f  638/1/1017 637/1/1015 583/1/883
f  584/1/884 638/1/1016 639/1/1018
f  639/1/1019 638/1/1017 584/1/885
f  585/1/886 639/1/1018 671/1/1096
f  671/1/1097 639/1/1019 585/1/887
f  640/1/1020 585/1/886 671/1/1096
f  671/1/1097 585/1/887 640/1/1021
f  641/1/1022 588/1/892 640/1/1020
f  640/1/1021 588/1/893 641/1/1023
f  616/1/961 672/1/1098 586/1/888
f  586/1/889 672/1/1099 616/1/962
f  586/1/888 673/1/1100 587/1/890
f  587/1/891 673/1/1101 586/1/889
f  568/1/846 587/1/890 644/1/1028
f  644/1/1029 587/1/891 568/1/847
f  642/1/1024 590/1/896 641/1/1022
f  641/1/1023 590/1/897 642/1/1025
f  674/1/1102 617/1/963 642/1/1024
f  642/1/1025 617/1/964 674/1/1103
f  623/1/983 675/1/1104 591/1/898
f  591/1/899 675/1/1105 623/1/984
f  591/1/898 676/1/1106 616/1/961
f  616/1/962 676/1/1107 591/1/899
f  677/1/1108 620/1/969 643/1/1026
f  643/1/1027 620/1/970 677/1/1109
f  593/1/902 644/1/1028 678/1/1110
f  678/1/1111 644/1/1029 593/1/903
f  645/1/1030 595/1/906 646/1/1032
f  646/1/1033 595/1/907 645/1/1031
f  646/1/1032 596/1/908 647/1/1034
f  647/1/1035 596/1/909 646/1/1033
f  647/1/1034 597/1/910 679/1/1112
f  679/1/1113 597/1/911 647/1/1035
f  597/1/910 648/1/1036 679/1/1112
f  679/1/1113 648/1/1037 597/1/911
f  598/1/912 649/1/1038 648/1/1036
f  648/1/1037 649/1/1039 598/1/913
f  620/1/969 677/1/1108 649/1/1038
f  649/1/1039 677/1/1109 620/1/970
f  351/1/1041 299/1/799 344/1/982
f  350/1/1040 352/1/1042 300/1/800
f  361/1/1114 342/1/974 351/1/1041
f  680/1/1115 352/1/1042 343/1/975
f  343/1/286 352/1/295 680/1/311
f  680/1/1115 343/1/975 650/1/1043
f  650/1/305 343/1/286 680/1/311
f  650/1/1043 329/1/916 651/1/1044
f  651/1/298 329/1/274 650/1/305
f  622/1/976 355/1/1044 651/1/1044
f  651/1/298 355/1/298 622/1/288
f  355/1/1044 622/1/976 345/1/976
f  345/1/288 622/1/288 355/1/298
f  332/1/934 353/1/1045 354/1/1065
f  353/1/1045 331/1/918 652/1/1046
f  652/1/1047 331/1/276 353/1/296
f  653/1/1048 652/1/1116 599/1/977
f  599/1/978 654/1/1049 652/1/1117
f  652/1/1118 654/1/1050 599/1/979
f  652/1/1119 655/1/1051 599/1/980
f  599/1/981 655/1/1052 652/1/1120
f  601/1/922 656/1/1053 654/1/1049
f  654/1/1050 656/1/1054 601/1/923
f  655/1/1051 657/1/1055 602/1/924
f  602/1/925 657/1/1056 655/1/1052
f  603/1/926 658/1/1057 656/1/1053
f  656/1/1054 658/1/1058 603/1/927
f  657/1/1055 659/1/1059 604/1/928
f  604/1/929 659/1/1060 657/1/1056
f  605/1/930 660/1/1061 658/1/1057
f  658/1/1058 660/1/1062 605/1/931
f  659/1/1059 661/1/1063 606/1/932
f  606/1/933 661/1/1064 659/1/1060
f  607/1/935 662/1/1066 660/1/1061
f  660/1/1062 662/1/1067 607/1/936
f  661/1/1063 681/1/1121 608/1/937
f  608/1/938 681/1/1122 661/1/1064
f  354/1/1065 351/1/1041 344/1/982
f  617/1/963 674/1/1102 662/1/1066
f  662/1/1067 674/1/1103 617/1/964
f  623/1/983 663/1/1068 681/1/1121
f  681/1/1122 663/1/1069 623/1/984
f  608/1/937 681/1/1121 663/1/1068
f  663/1/1069 681/1/1122 608/1/938
f  362/1/1043 279/1/745 355/1/1044
f  356/1/859 279/1/745 363/1/939
f  347/1/986 357/1/985 364/1/1123
f  364/1/1123 363/1/939 357/1/985
f  357/1/300 363/1/306 364/1/307
f  347/1/1071 664/1/1070 682/1/1124
f  682/1/1125 664/1/1075 347/1/1074
f  683/1/1126 664/1/1070 335/1/1072
f  335/1/1073 664/1/1075 683/1/1127
f  624/1/172 347/1/172 279/1/172
f  279/1/507 347/1/507 624/1/507
f  665/1/1128 359/1/1076 624/1/987
f  335/1/1072 665/1/1077 683/1/1126
f  683/1/1127 665/1/1080 335/1/1073
f  624/1/1129 684/1/1130 665/1/1131
f  624/1/1132 685/1/1133 665/1/1134
f  665/1/1135 685/1/1136 624/1/1137
f  348/1/988 358/1/1081 365/1/1138
f  358/1/1081 349/1/989 365/1/1138
f  365/1/1138 360/1/1082 348/1/988
f  686/1/1139 625/1/990 627/1/1083
f  627/1/1084 687/1/1140 626/1/991
f  626/1/992 687/1/1141 627/1/1085
f  626/1/991 688/1/1142 628/1/996
f  628/1/997 688/1/1143 626/1/992
f  689/1/1144 627/1/993 666/1/1086
f  666/1/1087 627/1/994 689/1/1145
f  690/1/1146 627/1/995 360/1/1082
f  628/1/996 691/1/1147 630/1/1000
f  630/1/1001 691/1/1148 628/1/997
f  629/1/998 631/1/1002 692/1/1149
f  692/1/1150 631/1/1003 629/1/999
f  666/1/1086 629/1/998 693/1/1151
f  693/1/1152 629/1/999 666/1/1087
f  630/1/1000 694/1/1153 667/1/1088
f  667/1/1089 694/1/1154 630/1/1001
f  631/1/1002 668/1/1090 695/1/1155
f  695/1/1156 668/1/1091 631/1/1003
f  696/1/1157 632/1/1004 667/1/1088
f  667/1/1089 632/1/1005 696/1/1158
f  697/1/1159 634/1/1008 633/1/1006
f  633/1/1007 634/1/1009 697/1/1160
f  698/1/1161 668/1/1090 634/1/1008
f  634/1/1009 668/1/1091 698/1/1162
f  612/1/953 669/1/1092 643/1/1026
f  643/1/1027 669/1/1093 612/1/954
f  632/1/1004 696/1/1157 669/1/1092
f  669/1/1093 696/1/1158 632/1/1005
f  633/1/1006 670/1/1094 678/1/1110
f  678/1/1111 670/1/1095 633/1/1007
f  593/1/902 678/1/1110 670/1/1094
f  670/1/1095 678/1/1111 593/1/903
f  699/1/1163 636/1/1012 635/1/1010
f  635/1/1011 636/1/1013 699/1/1164
f  700/1/1165 635/1/1010 645/1/1030
f  645/1/1031 635/1/1011 700/1/1166
f  701/1/1167 637/1/1014 636/1/1012
f  636/1/1013 637/1/1015 701/1/1168
f  702/1/1169 638/1/1016 637/1/1014
f  637/1/1015 638/1/1017 702/1/1170
f  703/1/1171 639/1/1018 638/1/1016
f  638/1/1017 639/1/1019 703/1/1172
f  704/1/1173 671/1/1096 639/1/1018
f  639/1/1019 671/1/1097 704/1/1174
f  705/1/1175 640/1/1020 671/1/1096
f  671/1/1097 640/1/1021 705/1/1176
f  706/1/1177 641/1/1022 640/1/1020
f  640/1/1021 641/1/1023 706/1/1178
f  672/1/1098 616/1/961 676/1/1106
f  676/1/1107 616/1/962 672/1/1099
f  673/1/1100 586/1/888 672/1/1098
f  672/1/1099 586/1/889 673/1/1101
f  673/1/1100 644/1/1028 587/1/890
f  587/1/891 644/1/1029 673/1/1101
f  707/1/1179 642/1/1024 641/1/1022
f  641/1/1023 642/1/1025 707/1/1180
f  708/1/1181 674/1/1102 642/1/1024
f  642/1/1025 674/1/1103 708/1/1182
f  675/1/1104 623/1/983 709/1/1183
f  709/1/1184 623/1/984 675/1/1105
f  676/1/1106 591/1/898 675/1/1104
f  675/1/1105 591/1/899 676/1/1107
f  643/1/1026 710/1/1185 677/1/1108
f  677/1/1109 710/1/1186 643/1/1027
f  711/1/1187 678/1/1110 644/1/1028
f  644/1/1029 678/1/1111 711/1/1188
f  646/1/1032 700/1/1165 645/1/1030
f  645/1/1031 700/1/1166 646/1/1033
f  647/1/1034 712/1/1189 646/1/1032
f  646/1/1033 712/1/1190 647/1/1035
f  679/1/1112 713/1/1191 647/1/1034
f  647/1/1035 713/1/1192 679/1/1113
f  648/1/1036 714/1/1193 679/1/1112
f  679/1/1113 714/1/1194 648/1/1037
f  649/1/1038 715/1/1195 648/1/1036
f  648/1/1037 715/1/1196 649/1/1039
f  677/1/1108 716/1/1197 649/1/1038
f  649/1/1039 716/1/1198 677/1/1109
f  366/1/1040 352/1/1042 350/1/1040
f  342/1/974 361/1/1114 367/1/1199
f  351/1/1041 354/1/1065 361/1/1114
f  352/1/1042 680/1/1115 374/1/1200
f  374/1/315 680/1/311 352/1/295
f  650/1/1043 369/1/1115 680/1/1115
f  680/1/311 369/1/311 650/1/305
f  651/1/1044 362/1/1043 650/1/1043
f  650/1/305 362/1/305 651/1/298
f  362/1/1043 651/1/1044 355/1/1044
f  355/1/298 651/1/298 362/1/305
f  368/1/1201 354/1/1065 353/1/1045
f  717/1/1202 353/1/1045 652/1/1046
f  652/1/1047 353/1/296 717/1/1203
f  718/1/1204 652/1/1116 653/1/1048
f  719/1/1205 652/1/1117 654/1/1049
f  654/1/1050 652/1/1118 719/1/1206
f  655/1/1051 652/1/1119 720/1/1207
f  720/1/1208 652/1/1120 655/1/1052
f  721/1/1209 654/1/1049 656/1/1053
f  656/1/1054 654/1/1050 721/1/1210
f  657/1/1055 655/1/1051 722/1/1211
f  722/1/1212 655/1/1052 657/1/1056
f  723/1/1213 656/1/1053 658/1/1057
f  658/1/1058 656/1/1054 723/1/1214
f  659/1/1059 657/1/1055 724/1/1215
f  724/1/1216 657/1/1056 659/1/1060
f  725/1/1217 658/1/1057 660/1/1061
f  660/1/1062 658/1/1058 725/1/1218
f  661/1/1063 659/1/1059 726/1/1219
f  726/1/1220 659/1/1060 661/1/1064
f  727/1/1221 660/1/1061 662/1/1066
f  662/1/1067 660/1/1062 727/1/1222
f  728/1/1223 681/1/1121 661/1/1063
f  661/1/1064 681/1/1122 728/1/1224
f  729/1/1225 662/1/1066 674/1/1102
f  674/1/1103 662/1/1067 729/1/1226
f  681/1/1121 709/1/1183 623/1/983
f  623/1/984 709/1/1184 681/1/1122
f  369/1/1115 279/1/745 362/1/1043
f  363/1/939 279/1/745 370/1/985
f  364/1/1123 279/1/745 347/1/986
f  363/1/939 364/1/1123 370/1/985
f  370/1/300 364/1/307 363/1/306
f  730/1/1227 682/1/1124 664/1/1070
f  664/1/1075 682/1/1125 730/1/1228
f  682/1/1124 279/1/1229 347/1/1071
f  347/1/1074 279/1/1230 682/1/1125
f  664/1/1070 683/1/1126 731/1/1231
f  731/1/1232 683/1/1127 664/1/1075
f  732/1/1233 624/1/1132 279/1/1229
f  279/1/1230 624/1/1137 732/1/1234
f  733/1/1235 624/1/1129 279/1/745
f  359/1/1076 665/1/1128 377/1/1236
f  690/1/1237 683/1/1126 665/1/1077
f  665/1/1080 683/1/1127 690/1/1238
f  624/1/1129 734/1/1239 684/1/1130
f  684/1/1130 735/1/1240 665/1/1131
f  685/1/1133 624/1/1132 736/1/1241
f  736/1/1242 624/1/1137 685/1/1136
f  687/1/1140 665/1/1134 685/1/1133
f  685/1/1136 665/1/1135 687/1/1141
f  349/1/989 371/1/1243 365/1/1138
f  360/1/1082 365/1/1138 371/1/1243
f  690/1/1244 686/1/1139 627/1/1083
f  687/1/1140 627/1/1084 690/1/1245
f  690/1/1246 627/1/1085 687/1/1141
f  688/1/1142 626/1/991 687/1/1140
f  687/1/1141 626/1/992 688/1/1143
f  691/1/1147 628/1/996 688/1/1142
f  688/1/1143 628/1/997 691/1/1148
f  627/1/993 689/1/1144 690/1/1237
f  690/1/1238 689/1/1145 627/1/994
f  666/1/1086 737/1/1247 689/1/1144
f  689/1/1145 737/1/1248 666/1/1087
f  371/1/1243 690/1/1146 360/1/1082
f  694/1/1153 630/1/1000 691/1/1147
f  691/1/1148 630/1/1001 694/1/1154
f  695/1/1155 692/1/1149 631/1/1002
f  631/1/1003 692/1/1150 695/1/1156
f  692/1/1149 693/1/1151 629/1/998
f  629/1/999 693/1/1152 692/1/1150
f  737/1/1247 666/1/1086 693/1/1151
f  693/1/1152 666/1/1087 737/1/1248
f  738/1/1249 667/1/1088 694/1/1153
f  694/1/1154 667/1/1089 738/1/1250
f  739/1/1251 695/1/1155 668/1/1090
f  668/1/1091 695/1/1156 739/1/1252
f  667/1/1088 738/1/1249 696/1/1157
f  696/1/1158 738/1/1250 667/1/1089
f  634/1/1008 697/1/1159 740/1/1253
f  740/1/1254 697/1/1160 634/1/1009
f  633/1/1006 740/1/1253 697/1/1159
f  697/1/1160 740/1/1254 633/1/1007
f  668/1/1090 698/1/1161 741/1/1255
f  741/1/1256 698/1/1162 668/1/1091
f  634/1/1008 741/1/1255 698/1/1161
f  698/1/1162 741/1/1256 634/1/1009
f  710/1/1185 643/1/1026 669/1/1092
f  669/1/1093 643/1/1027 710/1/1186
f  742/1/1257 669/1/1092 696/1/1157
f  696/1/1158 669/1/1093 742/1/1258
f  633/1/1006 678/1/1110 740/1/1253
f  740/1/1254 678/1/1111 633/1/1007
f  636/1/1012 699/1/1163 701/1/1167
f  701/1/1168 699/1/1164 636/1/1013
f  635/1/1010 700/1/1165 699/1/1163
f  699/1/1164 700/1/1166 635/1/1011
f  637/1/1014 701/1/1167 702/1/1169
f  702/1/1170 701/1/1168 637/1/1015
f  638/1/1016 702/1/1169 703/1/1171
f  703/1/1172 702/1/1170 638/1/1017
f  639/1/1018 703/1/1171 704/1/1173
f  704/1/1174 703/1/1172 639/1/1019
f  671/1/1096 704/1/1173 705/1/1175
f  705/1/1176 704/1/1174 671/1/1097
f  640/1/1020 705/1/1175 706/1/1177
f  706/1/1178 705/1/1176 640/1/1021
f  641/1/1022 706/1/1177 707/1/1179
f  707/1/1180 706/1/1178 641/1/1023
f  676/1/1106 743/1/273 672/1/1098
f  672/1/1099 743/1/320 676/1/1107
f  672/1/1098 744/1/273 673/1/1100
f  673/1/1101 744/1/320 672/1/1099
f  644/1/1028 673/1/1100 711/1/1187
f  711/1/1188 673/1/1101 644/1/1029
f  642/1/1024 707/1/1179 708/1/1181
f  708/1/1182 707/1/1180 642/1/1025
f  674/1/1102 708/1/1181 745/1/1259
f  745/1/1260 708/1/1182 674/1/1103
f  709/1/1183 746/1/273 675/1/1104
f  675/1/1105 746/1/320 709/1/1184
f  675/1/1104 747/1/273 676/1/1106
f  676/1/1107 747/1/320 675/1/1105
f  710/1/1185 748/1/1261 677/1/1108
f  677/1/1109 748/1/1262 710/1/1186
f  678/1/1110 711/1/1187 749/1/1263
f  749/1/1264 711/1/1188 678/1/1111
f  700/1/1165 646/1/1032 712/1/1189
f  712/1/1190 646/1/1033 700/1/1166
f  712/1/1189 647/1/1034 713/1/1191
f  713/1/1192 647/1/1035 712/1/1190
f  713/1/1191 679/1/1112 714/1/1193
f  714/1/1194 679/1/1113 713/1/1192
f  714/1/1193 648/1/1036 715/1/1195
f  715/1/1196 648/1/1037 714/1/1194
f  715/1/1195 649/1/1038 716/1/1197
f  716/1/1198 649/1/1039 715/1/1196
f  716/1/1197 677/1/1108 748/1/1261
f  748/1/1262 677/1/1109 716/1/1198
f  352/1/1042 366/1/1040 372/1/1265
f  350/1/1040 750/1/1266 366/1/1040
f  366/1/293 750/1/1267 350/1/293
f  361/1/1114 373/1/1268 367/1/1199
f  354/1/1065 368/1/1201 361/1/1114
f  680/1/1115 375/1/1269 374/1/1200
f  374/1/315 375/1/316 680/1/311
f  352/1/1042 375/1/1269 374/1/1200
f  369/1/1115 650/1/1043 362/1/1043
f  362/1/305 650/1/305 369/1/311
f  378/1/1200 680/1/1115 369/1/1115
f  369/1/311 680/1/311 378/1/315
f  368/1/1201 353/1/1045 717/1/1202
f  717/1/1203 353/1/296 368/1/310
f  717/1/1270 652/1/1116 718/1/1204
f  652/1/1117 719/1/1205 717/1/1271
f  717/1/1272 719/1/1206 652/1/1118
f  717/1/1273 720/1/1207 652/1/1119
f  652/1/1120 720/1/1208 717/1/1274
f  654/1/1049 721/1/1209 719/1/1205
f  719/1/1206 721/1/1210 654/1/1050
f  720/1/1207 722/1/1211 655/1/1051
f  655/1/1052 722/1/1212 720/1/1208
f  656/1/1053 723/1/1213 721/1/1209
f  721/1/1210 723/1/1214 656/1/1054
f  722/1/1211 724/1/1215 657/1/1055
f  657/1/1056 724/1/1216 722/1/1212
f  658/1/1057 725/1/1217 723/1/1213
f  723/1/1214 725/1/1218 658/1/1058
f  724/1/1215 726/1/1219 659/1/1059
f  659/1/1060 726/1/1220 724/1/1216
f  660/1/1061 727/1/1221 725/1/1217
f  725/1/1218 727/1/1222 660/1/1062
f  726/1/1219 728/1/1223 661/1/1063
f  661/1/1064 728/1/1224 726/1/1220
f  662/1/1066 729/1/1225 727/1/1221
f  727/1/1222 729/1/1226 662/1/1067
f  681/1/1121 728/1/1223 751/1/1275
f  751/1/1276 728/1/1224 681/1/1122
f  745/1/1259 729/1/1225 674/1/1102
f  674/1/1103 729/1/1226 745/1/1260
f  709/1/1183 681/1/1121 752/1/1277
f  752/1/1278 681/1/1122 709/1/1184
f  369/1/1115 376/1/1279 279/1/745
f  279/1/745 364/1/1123 370/1/985
f  682/1/1124 730/1/1227 753/1/1280
f  753/1/1281 730/1/1228 682/1/1125
f  731/1/1231 730/1/1227 664/1/1070
f  664/1/1075 730/1/1228 731/1/1232
f  279/1/1229 682/1/1124 732/1/1233
f  732/1/1234 682/1/1125 279/1/1230
f  689/1/1144 731/1/1231 683/1/1126
f  683/1/1127 731/1/1232 689/1/1145
f  624/1/1132 732/1/1233 736/1/1241
f  736/1/1242 732/1/1234 624/1/1137
f  754/1/1282 624/1/1129 733/1/1235
f  279/1/745 750/1/1283 733/1/1235
f  377/1/1236 665/1/1128 371/1/1243
f  683/1/1126 690/1/1237 689/1/1144
f  689/1/1145 690/1/1238 683/1/1127
f  665/1/1131 735/1/1240 690/1/1244
f  665/1/1128 690/1/1146 371/1/1243
f  665/1/1134 687/1/1140 690/1/1245
f  690/1/1246 687/1/1141 665/1/1135
f  734/1/1239 624/1/1129 754/1/1282
f  736/1/1241 755/1/1284 685/1/1133
f  685/1/1136 755/1/1285 736/1/1242
f  685/1/1133 688/1/1142 687/1/1140
f  687/1/1141 688/1/1143 685/1/1136
f  371/1/1243 349/1/989 377/1/1236
f  735/1/1240 686/1/1139 690/1/1244
f  755/1/1284 691/1/1147 688/1/1142
f  688/1/1143 691/1/1148 755/1/1285
f  731/1/1231 689/1/1144 737/1/1247
f  737/1/1248 689/1/1145 731/1/1232
f  756/1/1286 694/1/1153 691/1/1147
f  691/1/1148 694/1/1154 756/1/1287
f  692/1/1149 695/1/1155 757/1/1288
f  757/1/1289 695/1/1156 692/1/1150
f  693/1/1151 692/1/1149 758/1/1290
f  758/1/1291 692/1/1150 693/1/1152
f  693/1/1151 759/1/1292 737/1/1247
f  737/1/1248 759/1/1293 693/1/1152
f  760/1/1294 738/1/1249 694/1/1153
f  694/1/1154 738/1/1250 760/1/1295
f  695/1/1155 739/1/1251 761/1/1296
f  761/1/1297 739/1/1252 695/1/1156
f  668/1/1090 741/1/1255 739/1/1251
f  739/1/1252 741/1/1256 668/1/1091
f  762/1/1298 696/1/1157 738/1/1249
f  738/1/1250 696/1/1158 762/1/1299
f  634/1/1008 740/1/1253 741/1/1255
f  741/1/1256 740/1/1254 634/1/1009
f  669/1/1092 742/1/1257 710/1/1185
f  710/1/1186 742/1/1258 669/1/1093
f  696/1/1157 762/1/1298 742/1/1257
f  742/1/1258 762/1/1299 696/1/1158
f  749/1/1263 740/1/1253 678/1/1110
f  678/1/1111 740/1/1254 749/1/1264
f  763/1/1300 701/1/1167 699/1/1163
f  699/1/1164 701/1/1168 763/1/1301
f  764/1/1302 699/1/1163 700/1/1165
f  700/1/1166 699/1/1164 764/1/1303
f  765/1/1304 702/1/1169 701/1/1167
f  701/1/1168 702/1/1170 765/1/1305
f  766/1/1306 703/1/1171 702/1/1169
f  702/1/1170 703/1/1172 766/1/1307
f  767/1/1308 704/1/1173 703/1/1171
f  703/1/1172 704/1/1174 767/1/1309
f  768/1/1310 705/1/1175 704/1/1173
f  704/1/1174 705/1/1176 768/1/1311
f  769/1/1312 706/1/1177 705/1/1175
f  705/1/1176 706/1/1178 769/1/1313
f  770/1/1314 707/1/1179 706/1/1177
f  706/1/1178 707/1/1180 770/1/1315
f  743/1/273 676/1/1106 747/1/273
f  747/1/320 676/1/1107 743/1/320
f  744/1/273 672/1/1098 743/1/273
f  743/1/320 672/1/1099 744/1/320
f  744/1/273 711/1/1187 673/1/1100
f  673/1/1101 711/1/1188 744/1/320
f  771/1/1316 708/1/1181 707/1/1179
f  707/1/1180 708/1/1182 771/1/1317
f  772/1/1318 745/1/1259 708/1/1181
f  708/1/1182 745/1/1260 772/1/1319
f  746/1/273 709/1/1183 773/1/273
f  773/1/320 709/1/1184 746/1/320
f  747/1/273 675/1/1104 746/1/273
f  746/1/320 675/1/1105 747/1/320
f  748/1/1261 710/1/1185 774/1/1320
f  774/1/1321 710/1/1186 748/1/1262
f  775/1/273 749/1/1263 711/1/1187
f  711/1/1188 749/1/1264 775/1/320
f  712/1/1189 764/1/1302 700/1/1165
f  700/1/1166 764/1/1303 712/1/1190
f  713/1/1191 776/1/1322 712/1/1189
f  712/1/1190 776/1/1323 713/1/1192
f  714/1/1193 777/1/1324 713/1/1191
f  713/1/1192 777/1/1325 714/1/1194
f  715/1/1195 778/1/1326 714/1/1193
f  714/1/1194 778/1/1327 715/1/1196
f  716/1/1197 779/1/1328 715/1/1195
f  715/1/1196 779/1/1329 716/1/1198
f  748/1/1261 780/1/1330 716/1/1197
f  716/1/1198 780/1/1331 748/1/1262
f  781/1/1332 366/1/1333 372/1/1334
f  372/1/1335 366/1/1336 781/1/1337
f  750/1/172 372/1/172 366/1/172
f  366/1/507 372/1/507 750/1/507
f  375/1/1269 352/1/1042 372/1/1265
f  750/1/1266 350/1/1040 782/1/1266
f  782/1/1267 350/1/293 750/1/1267
f  783/1/1338 750/1/1339 366/1/1333
f  366/1/1336 750/1/1340 783/1/1341
f  373/1/1268 361/1/1114 368/1/1201
f  375/1/1269 680/1/1115 378/1/1200
f  378/1/315 680/1/311 375/1/316
f  376/1/1279 369/1/1115 378/1/1200
f  784/1/1342 368/1/1201 717/1/1202
f  717/1/1203 368/1/310 784/1/1343
f  785/1/1344 717/1/1270 718/1/1204
f  786/1/1345 717/1/1271 719/1/1205
f  719/1/1206 717/1/1272 786/1/1346
f  720/1/1207 717/1/1273 787/1/1347
f  787/1/1348 717/1/1274 720/1/1208
f  788/1/1349 719/1/1205 721/1/1209
f  721/1/1210 719/1/1206 788/1/1350
f  722/1/1211 720/1/1207 789/1/1351
f  789/1/1352 720/1/1208 722/1/1212
f  790/1/1353 721/1/1209 723/1/1213
f  723/1/1214 721/1/1210 790/1/1354
f  724/1/1215 722/1/1211 791/1/1355
f  791/1/1356 722/1/1212 724/1/1216
f  792/1/1357 723/1/1213 725/1/1217
f  725/1/1218 723/1/1214 792/1/1358
f  726/1/1219 724/1/1215 793/1/1359
f  793/1/1360 724/1/1216 726/1/1220
f  794/1/1361 725/1/1217 727/1/1221
f  727/1/1222 725/1/1218 794/1/1362
f  726/1/1219 751/1/1275 728/1/1223
f  728/1/1224 751/1/1276 726/1/1220
f  795/1/1363 727/1/1221 729/1/1225
f  729/1/1226 727/1/1222 795/1/1364
f  751/1/1275 752/1/1277 681/1/1121
f  681/1/1122 752/1/1278 751/1/1276
f  729/1/1225 745/1/1259 796/1/1365
f  796/1/1366 745/1/1260 729/1/1226
f  752/1/1277 773/1/273 709/1/1183
f  709/1/1184 773/1/320 752/1/1278
f  750/1/1283 279/1/745 376/1/1279
f  797/1/1367 753/1/1280 730/1/1227
f  730/1/1228 753/1/1281 797/1/1368
f  798/1/1369 682/1/1124 753/1/1280
f  753/1/1281 682/1/1125 798/1/1370
f  730/1/1227 731/1/1231 799/1/1371
f  799/1/1372 731/1/1232 730/1/1228
f  732/1/1233 682/1/1124 798/1/1369
f  798/1/1370 682/1/1125 732/1/1234
f  798/1/1369 736/1/1241 732/1/1233
f  732/1/1234 736/1/1242 798/1/1370
f  800/1/1373 733/1/1235 750/1/1283
f  801/1/1374 754/1/1282 734/1/1239
f  734/1/1375 754/1/1376 801/1/1377
f  755/1/1284 736/1/1241 802/1/1378
f  802/1/1379 736/1/1242 755/1/1285
f  688/1/1142 685/1/1133 755/1/1284
f  755/1/1285 685/1/1136 688/1/1143
f  691/1/1147 755/1/1284 756/1/1286
f  756/1/1287 755/1/1285 691/1/1148
f  737/1/1247 799/1/1371 731/1/1231
f  731/1/1232 799/1/1372 737/1/1248
f  694/1/1153 756/1/1286 760/1/1294
f  760/1/1295 756/1/1287 694/1/1154
f  803/1/1380 757/1/1288 695/1/1155
f  695/1/1156 757/1/1289 803/1/1381
f  757/1/1288 758/1/1290 692/1/1149
f  692/1/1150 758/1/1291 757/1/1289
f  759/1/1292 693/1/1151 758/1/1290
f  758/1/1291 693/1/1152 759/1/1293
f  799/1/1371 737/1/1247 759/1/1292
f  759/1/1293 737/1/1248 799/1/1372
f  738/1/1249 760/1/1294 804/1/1382
f  804/1/1383 760/1/1295 738/1/1250
f  739/1/1251 741/1/1255 761/1/1296
f  761/1/1297 741/1/1256 739/1/1252
f  695/1/1155 761/1/1296 803/1/1380
f  803/1/1381 761/1/1297 695/1/1156
f  804/1/1382 762/1/1298 738/1/1249
f  738/1/1250 762/1/1299 804/1/1383
f  805/1/1384 741/1/1255 740/1/1253
f  740/1/1254 741/1/1256 805/1/1385
f  742/1/1257 774/1/1320 710/1/1185
f  710/1/1186 774/1/1321 742/1/1258
f  806/1/1386 742/1/1257 762/1/1298
f  762/1/1299 742/1/1258 806/1/1387
f  740/1/1253 749/1/1263 805/1/1384
f  805/1/1385 749/1/1264 740/1/1254
f  701/1/1167 763/1/1300 765/1/1304
f  765/1/1305 763/1/1301 701/1/1168
f  699/1/1163 764/1/1302 763/1/1300
f  763/1/1301 764/1/1303 699/1/1164
f  702/1/1169 765/1/1304 766/1/1306
f  766/1/1307 765/1/1305 702/1/1170
f  703/1/1171 766/1/1306 767/1/1308
f  767/1/1309 766/1/1307 703/1/1172
f  704/1/1173 767/1/1308 768/1/1310
f  768/1/1311 767/1/1309 704/1/1174
f  705/1/1175 768/1/1310 769/1/1312
f  769/1/1313 768/1/1311 705/1/1176
f  706/1/1177 769/1/1312 770/1/1314
f  770/1/1315 769/1/1313 706/1/1178
f  707/1/1179 770/1/1314 771/1/1316
f  771/1/1317 770/1/1315 707/1/1180
f  747/1/273 807/1/1388 743/1/273
f  743/1/320 807/1/1389 747/1/320
f  743/1/273 808/1/1390 744/1/273
f  744/1/320 808/1/1391 743/1/320
f  711/1/1187 744/1/273 775/1/273
f  775/1/320 744/1/320 711/1/1188
f  708/1/1181 771/1/1316 772/1/1318
f  772/1/1319 771/1/1317 708/1/1182
f  745/1/1259 772/1/1318 809/1/1392
f  809/1/1393 772/1/1319 745/1/1260
f  773/1/273 810/1/1394 746/1/273
f  746/1/320 810/1/1395 773/1/320
f  746/1/273 811/1/1396 747/1/273
f  747/1/320 811/1/1397 746/1/320
f  774/1/1320 812/1/1398 748/1/1261
f  748/1/1262 812/1/1399 774/1/1321
f  749/1/1263 775/1/273 813/1/273
f  813/1/320 775/1/320 749/1/1264
f  764/1/1302 712/1/1189 776/1/1322
f  776/1/1323 712/1/1190 764/1/1303
f  776/1/1322 713/1/1191 777/1/1324
f  777/1/1325 713/1/1192 776/1/1323
f  777/1/1324 714/1/1193 778/1/1326
f  778/1/1327 714/1/1194 777/1/1325
f  778/1/1326 715/1/1195 779/1/1328
f  779/1/1329 715/1/1196 778/1/1327
f  779/1/1328 716/1/1197 780/1/1330
f  780/1/1331 716/1/1198 779/1/1329
f  780/1/1330 748/1/1261 812/1/1398
f  812/1/1399 748/1/1262 780/1/1331
f  366/1/1333 781/1/1332 814/1/1400
f  814/1/1401 781/1/1337 366/1/1336
f  372/1/1334 815/1/1402 781/1/1332
f  781/1/1337 815/1/1403 372/1/1335
f  372/1/172 750/1/172 376/1/172
f  376/1/507 750/1/507 372/1/507
f  372/1/1265 378/1/1200 375/1/1269
f  782/1/1266 800/1/1404 750/1/1266
f  750/1/1267 800/1/1405 782/1/1267
f  783/1/1338 800/1/1339 750/1/1339
f  750/1/1340 800/1/1340 783/1/1341
f  814/1/1400 783/1/1338 366/1/1333
f  366/1/1336 783/1/1341 814/1/1401
f  373/1/1268 368/1/1201 784/1/1342
f  784/1/1343 368/1/310 373/1/314
f  378/1/1200 372/1/1265 376/1/1279
f  784/1/1406 717/1/1270 785/1/1344
f  717/1/1271 786/1/1345 784/1/1407
f  784/1/1408 786/1/1346 717/1/1272
f  784/1/1409 787/1/1347 717/1/1273
f  717/1/1274 787/1/1348 784/1/1410
f  719/1/1205 788/1/1349 786/1/1345
f  786/1/1346 788/1/1350 719/1/1206
f  787/1/1347 789/1/1351 720/1/1207
f  720/1/1208 789/1/1352 787/1/1348
f  721/1/1209 790/1/1353 788/1/1349
f  788/1/1350 790/1/1354 721/1/1210
f  789/1/1351 791/1/1355 722/1/1211
f  722/1/1212 791/1/1356 789/1/1352
f  723/1/1213 792/1/1357 790/1/1353
f  790/1/1354 792/1/1358 723/1/1214
f  791/1/1355 793/1/1359 724/1/1215
f  724/1/1216 793/1/1360 791/1/1356
f  725/1/1217 794/1/1361 792/1/1357
f  792/1/1358 794/1/1362 725/1/1218
f  793/1/1359 816/1/1411 726/1/1219
f  726/1/1220 816/1/1412 793/1/1360
f  727/1/1221 795/1/1363 794/1/1361
f  794/1/1362 795/1/1364 727/1/1222
f  816/1/1411 751/1/1275 726/1/1219
f  726/1/1220 751/1/1276 816/1/1412
f  796/1/1365 795/1/1363 729/1/1225
f  729/1/1226 795/1/1364 796/1/1366
f  752/1/1277 751/1/1275 817/1/1413
f  817/1/1414 751/1/1276 752/1/1278
f  809/1/1392 796/1/1365 745/1/1259
f  745/1/1260 796/1/1366 809/1/1393
f  773/1/273 752/1/1277 818/1/273
f  818/1/320 752/1/1278 773/1/320
f  819/1/1415 376/1/1416 750/1/1417
f  750/1/1418 376/1/1419 819/1/1420
f  753/1/1280 797/1/1367 820/1/1421
f  820/1/1422 797/1/1368 753/1/1281
f  799/1/1371 797/1/1367 730/1/1227
f  730/1/1228 797/1/1368 799/1/1372
f  798/1/1369 753/1/1280 821/1/1423
f  821/1/1424 753/1/1281 798/1/1370
f  736/1/1241 798/1/1369 802/1/1378
f  802/1/1379 798/1/1370 736/1/1242
f  733/1/1235 800/1/1373 784/1/1406
f  800/1/1425 822/1/1426 750/1/1417
f  750/1/1418 822/1/1427 800/1/1428
f  754/1/1282 801/1/1374 823/1/1429
f  823/1/1430 801/1/1377 754/1/1376
f  824/1/1431 801/1/1374 734/1/1239
f  734/1/1375 801/1/1377 824/1/1432
f  802/1/1378 756/1/1286 755/1/1284
f  755/1/1285 756/1/1287 802/1/1379
f  825/1/1433 760/1/1294 756/1/1286
f  756/1/1287 760/1/1295 825/1/1434
f  757/1/1288 803/1/1380 826/1/1435
f  826/1/1436 803/1/1381 757/1/1289
f  758/1/1290 757/1/1288 827/1/1437
f  827/1/1438 757/1/1289 758/1/1291
f  758/1/1290 828/1/1439 759/1/1292
f  759/1/1293 828/1/1440 758/1/1291
f  759/1/1292 829/1/1441 799/1/1371
f  799/1/1372 829/1/1442 759/1/1293
f  830/1/1443 804/1/1382 760/1/1294
f  760/1/1295 804/1/1383 830/1/1444
f  831/1/1445 761/1/1296 741/1/1255
f  741/1/1256 761/1/1297 831/1/1446
f  803/1/1380 761/1/1296 826/1/1435
f  826/1/1436 761/1/1297 803/1/1381
f  762/1/1298 804/1/1382 832/1/1447
f  832/1/1448 804/1/1383 762/1/1299
f  741/1/1255 805/1/1384 831/1/1445
f  831/1/1446 805/1/1385 741/1/1256
f  774/1/1320 742/1/1257 833/1/1449
f  833/1/1450 742/1/1258 774/1/1321
f  742/1/1257 806/1/1386 833/1/1449
f  833/1/1450 806/1/1387 742/1/1258
f  762/1/1298 834/1/1451 806/1/1386
f  806/1/1387 834/1/1452 762/1/1299
f  813/1/273 805/1/1384 749/1/1263
f  749/1/1264 805/1/1385 813/1/320
f  835/1/1453 765/1/1304 763/1/1300
f  763/1/1301 765/1/1305 835/1/1454
f  836/1/1455 763/1/1300 764/1/1302
f  764/1/1303 763/1/1301 836/1/1456
f  837/1/1457 766/1/1306 765/1/1304
f  765/1/1305 766/1/1307 837/1/1458
f  838/1/1459 767/1/1308 766/1/1306
f  766/1/1307 767/1/1309 838/1/1460
f  839/1/1461 768/1/1310 767/1/1308
f  767/1/1309 768/1/1311 839/1/1462
f  840/1/1463 769/1/1312 768/1/1310
f  768/1/1311 769/1/1313 840/1/1464
f  841/1/1465 770/1/1314 769/1/1312
f  769/1/1313 770/1/1315 841/1/1466
f  842/1/1467 771/1/1316 770/1/1314
f  770/1/1315 771/1/1317 842/1/1468
f  807/1/1388 747/1/273 811/1/1396
f  811/1/1397 747/1/320 807/1/1389
f  808/1/1390 743/1/273 807/1/1388
f  807/1/1389 743/1/320 808/1/1391
f  808/1/1390 775/1/273 744/1/273
f  744/1/320 775/1/320 808/1/1391
f  843/1/1469 772/1/1318 771/1/1316
f  771/1/1317 772/1/1319 843/1/1470
f  844/1/1471 809/1/1392 772/1/1318
f  772/1/1319 809/1/1393 844/1/1472
f  810/1/1394 773/1/273 845/1/1473
f  845/1/1474 773/1/320 810/1/1395
f  811/1/1396 746/1/273 810/1/1394
f  810/1/1395 746/1/320 811/1/1397
f  812/1/1398 774/1/1320 846/1/1475
f  846/1/1476 774/1/1321 812/1/1399
f  847/1/1477 813/1/273 775/1/273
f  775/1/320 813/1/320 847/1/1478
f  776/1/1322 836/1/1455 764/1/1302
f  764/1/1303 836/1/1456 776/1/1323
f  777/1/1324 848/1/1479 776/1/1322
f  776/1/1323 848/1/1480 777/1/1325
f  778/1/1326 849/1/1481 777/1/1324
f  777/1/1325 849/1/1482 778/1/1327
f  779/1/1328 850/1/1483 778/1/1326
f  778/1/1327 850/1/1484 779/1/1329
f  780/1/1330 851/1/1485 779/1/1328
f  779/1/1329 851/1/1486 780/1/1331
f  812/1/1398 852/1/1487 780/1/1330
f  780/1/1331 852/1/1488 812/1/1399
f  853/1/1489 814/1/1400 781/1/1332
f  781/1/1337 814/1/1401 853/1/1490
f  815/1/1402 372/1/1334 376/1/1416
f  376/1/1419 372/1/1335 815/1/1403
f  781/1/1332 815/1/1402 854/1/1491
f  854/1/1492 815/1/1403 781/1/1337
f  800/1/1404 782/1/1266 855/1/1493
f  855/1/1494 782/1/1267 800/1/1405
f  856/1/1495 800/1/1339 783/1/1338
f  783/1/1341 800/1/1340 856/1/1496
f  857/1/1497 783/1/1338 814/1/1400
f  814/1/1401 783/1/1341 857/1/1498
f  800/1/1404 373/1/1268 784/1/1342
f  784/1/1343 373/1/314 800/1/1405
f  733/1/1235 784/1/1406 785/1/1344
f  786/1/1345 800/1/1425 784/1/1407
f  784/1/1408 800/1/1428 786/1/1346
f  787/1/1347 784/1/1409 856/1/1495
f  856/1/1496 784/1/1410 787/1/1348
f  788/1/1349 822/1/1426 786/1/1345
f  786/1/1346 822/1/1427 788/1/1350
f  789/1/1351 787/1/1347 858/1/1499
f  858/1/1500 787/1/1348 789/1/1352
f  790/1/1353 859/1/1501 788/1/1349
f  788/1/1350 859/1/1502 790/1/1354
f  791/1/1355 789/1/1351 860/1/1503
f  860/1/1504 789/1/1352 791/1/1356
f  792/1/1357 861/1/1505 790/1/1353
f  790/1/1354 861/1/1506 792/1/1358
f  793/1/1359 791/1/1355 862/1/1507
f  862/1/1508 791/1/1356 793/1/1360
f  794/1/1361 863/1/1509 792/1/1357
f  792/1/1358 863/1/1510 794/1/1362
f  793/1/1359 864/1/1511 816/1/1411
f  816/1/1412 864/1/1512 793/1/1360
f  795/1/1363 865/1/1513 794/1/1361
f  794/1/1362 865/1/1514 795/1/1364
f  751/1/1275 816/1/1411 864/1/1511
f  864/1/1512 816/1/1412 751/1/1276
f  795/1/1363 796/1/1365 866/1/1515
f  866/1/1516 796/1/1366 795/1/1364
f  864/1/1511 817/1/1413 751/1/1275
f  751/1/1276 817/1/1414 864/1/1512
f  817/1/1413 818/1/273 752/1/1277
f  752/1/1278 818/1/320 817/1/1414
f  796/1/1365 809/1/1392 867/1/1517
f  867/1/1518 809/1/1393 796/1/1366
f  818/1/273 845/1/1473 773/1/273
f  773/1/320 845/1/1474 818/1/320
f  376/1/1416 819/1/1415 815/1/1402
f  815/1/1403 819/1/1420 376/1/1419
f  750/1/1417 822/1/1426 819/1/1415
f  819/1/1420 822/1/1427 750/1/1418
f  868/1/1519 820/1/1421 797/1/1367
f  797/1/1368 820/1/1422 868/1/1520
f  821/1/1423 753/1/1280 820/1/1421
f  820/1/1422 753/1/1281 821/1/1424
f  797/1/1367 799/1/1371 829/1/1441
f  829/1/1442 799/1/1372 797/1/1368
f  821/1/1423 802/1/1378 798/1/1369
f  798/1/1370 802/1/1379 821/1/1424
f  800/1/1339 856/1/1495 784/1/1409
f  784/1/1410 856/1/1496 800/1/1340
f  800/1/1425 786/1/1345 822/1/1426
f  822/1/1427 786/1/1346 800/1/1428
f  869/1/1521 823/1/1429 801/1/1374
f  801/1/1377 823/1/1430 869/1/1522
f  870/1/1523 754/1/1282 823/1/1429
f  823/1/1430 754/1/1376 870/1/1524
f  801/1/1374 824/1/1431 871/1/1525
f  871/1/1526 824/1/1432 801/1/1377
f  756/1/1286 802/1/1378 825/1/1433
f  825/1/1434 802/1/1379 756/1/1287
f  760/1/1294 825/1/1433 830/1/1443
f  830/1/1444 825/1/1434 760/1/1295
f  757/1/1288 826/1/1435 872/1/1527
f  872/1/1528 826/1/1436 757/1/1289
f  873/1/1529 827/1/1437 757/1/1288
f  757/1/1289 827/1/1438 873/1/1530
f  828/1/1439 758/1/1290 827/1/1437
f  827/1/1438 758/1/1291 828/1/1440
f  829/1/1441 759/1/1292 828/1/1439
f  828/1/1440 759/1/1293 829/1/1442
f  804/1/1382 830/1/1443 874/1/1531
f  874/1/1532 830/1/1444 804/1/1383
f  761/1/1296 831/1/1445 875/1/1533
f  875/1/1534 831/1/1446 761/1/1297
f  875/1/1533 826/1/1435 761/1/1296
f  761/1/1297 826/1/1436 875/1/1534
f  874/1/1531 832/1/1447 804/1/1382
f  804/1/1383 832/1/1448 874/1/1532
f  834/1/1451 762/1/1298 832/1/1447
f  832/1/1448 762/1/1299 834/1/1452
f  876/1/273 831/1/1445 805/1/1384
f  805/1/1385 831/1/1446 876/1/320
f  833/1/1449 846/1/1475 774/1/1320
f  774/1/1321 846/1/1476 833/1/1450
f  877/1/1535 833/1/1449 806/1/1386
f  806/1/1387 833/1/1450 877/1/1536
f  878/1/1537 806/1/1386 834/1/1451
f  834/1/1452 806/1/1387 878/1/1538
f  805/1/1384 813/1/273 876/1/273
f  876/1/320 813/1/320 805/1/1385
f  765/1/1304 835/1/1453 837/1/1457
f  837/1/1458 835/1/1454 765/1/1305
f  763/1/1300 836/1/1455 835/1/1453
f  835/1/1454 836/1/1456 763/1/1301
f  766/1/1306 837/1/1457 838/1/1459
f  838/1/1460 837/1/1458 766/1/1307
f  767/1/1308 838/1/1459 839/1/1461
f  839/1/1462 838/1/1460 767/1/1309
f  768/1/1310 839/1/1461 840/1/1463
f  840/1/1464 839/1/1462 768/1/1311
f  769/1/1312 840/1/1463 841/1/1465
f  841/1/1466 840/1/1464 769/1/1313
f  770/1/1314 841/1/1465 842/1/1467
f  842/1/1468 841/1/1466 770/1/1315
f  771/1/1316 842/1/1467 843/1/1469
f  843/1/1470 842/1/1468 771/1/1317
f  811/1/1396 879/1/1539 807/1/1388
f  807/1/1389 879/1/1540 811/1/1397
f  807/1/1388 880/1/1541 808/1/1390
f  808/1/1391 880/1/1542 807/1/1389
f  775/1/273 808/1/1390 847/1/1477
f  847/1/1478 808/1/1391 775/1/320
f  772/1/1318 843/1/1469 844/1/1471
f  844/1/1472 843/1/1470 772/1/1319
f  809/1/1392 844/1/1471 881/1/1543
f  881/1/1544 844/1/1472 809/1/1393
f  845/1/1473 882/1/1545 810/1/1394
f  810/1/1395 882/1/1546 845/1/1474
f  810/1/1394 883/1/1547 811/1/1396
f  811/1/1397 883/1/1548 810/1/1395
f  846/1/1475 884/1/1549 812/1/1398
f  812/1/1399 884/1/1550 846/1/1476
f  813/1/273 847/1/1477 885/1/1551
f  885/1/1552 847/1/1478 813/1/320
f  836/1/1455 776/1/1322 848/1/1479
f  848/1/1480 776/1/1323 836/1/1456
f  848/1/1479 777/1/1324 849/1/1481
f  849/1/1482 777/1/1325 848/1/1480
f  849/1/1481 778/1/1326 850/1/1483
f  850/1/1484 778/1/1327 849/1/1482
f  850/1/1483 779/1/1328 851/1/1485
f  851/1/1486 779/1/1329 850/1/1484
f  851/1/1485 780/1/1330 852/1/1487
f  852/1/1488 780/1/1331 851/1/1486
f  852/1/1487 812/1/1398 884/1/1549
f  884/1/1550 812/1/1399 852/1/1488
f  814/1/1400 853/1/1489 886/1/1553
f  886/1/1554 853/1/1490 814/1/1401
f  781/1/1332 854/1/1491 853/1/1489
f  853/1/1490 854/1/1492 781/1/1337
f  815/1/1402 887/1/1555 854/1/1491
f  854/1/1492 887/1/1556 815/1/1403
f  855/1/1493 373/1/1268 800/1/1404
f  800/1/1405 373/1/314 855/1/1494
f  857/1/1497 856/1/1495 783/1/1338
f  783/1/1341 856/1/1496 857/1/1498
f  886/1/1553 857/1/1497 814/1/1400
f  814/1/1401 857/1/1498 886/1/1554
f  856/1/1495 858/1/1499 787/1/1347
f  787/1/1348 858/1/1500 856/1/1496
f  822/1/1426 788/1/1349 859/1/1501
f  859/1/1502 788/1/1350 822/1/1427
f  858/1/1499 860/1/1503 789/1/1351
f  789/1/1352 860/1/1504 858/1/1500
f  859/1/1501 790/1/1353 861/1/1505
f  861/1/1506 790/1/1354 859/1/1502
f  860/1/1503 862/1/1507 791/1/1355
f  791/1/1356 862/1/1508 860/1/1504
f  861/1/1505 792/1/1357 863/1/1509
f  863/1/1510 792/1/1358 861/1/1506
f  862/1/1507 888/1/1557 793/1/1359
f  793/1/1360 888/1/1558 862/1/1508
f  863/1/1509 794/1/1361 865/1/1513
f  865/1/1514 794/1/1362 863/1/1510
f  888/1/1557 864/1/1511 793/1/1359
f  793/1/1360 864/1/1512 888/1/1558
f  865/1/1513 795/1/1363 889/1/1559
f  889/1/1560 795/1/1364 865/1/1514
f  867/1/1517 866/1/1515 796/1/1365
f  796/1/1366 866/1/1516 867/1/1518
f  890/1/1561 795/1/1363 866/1/1515
f  866/1/1516 795/1/1364 890/1/1562
f  817/1/1413 864/1/1511 891/1/1563
f  891/1/1564 864/1/1512 817/1/1414
f  818/1/273 817/1/1413 892/1/273
f  892/1/320 817/1/1414 818/1/320
f  881/1/1543 867/1/1517 809/1/1392
f  809/1/1393 867/1/1518 881/1/1544
f  845/1/1473 818/1/273 893/1/1565
f  893/1/1566 818/1/320 845/1/1474
f  887/1/1555 815/1/1402 819/1/1415
f  819/1/1420 815/1/1403 887/1/1556
f  822/1/1426 859/1/1501 819/1/1415
f  819/1/1420 859/1/1502 822/1/1427
f  894/1/1567 820/1/1421 868/1/1519
f  868/1/1520 820/1/1422 894/1/1568
f  829/1/1441 868/1/1519 797/1/1367
f  797/1/1368 868/1/1520 829/1/1442
f  821/1/1423 820/1/1421 895/1/1569
f  895/1/1570 820/1/1422 821/1/1424
f  802/1/1378 821/1/1423 825/1/1433
f  825/1/1434 821/1/1424 802/1/1379
f  896/1/1571 823/1/1429 869/1/1521
f  869/1/1522 823/1/1430 896/1/1572
f  869/1/1521 801/1/1374 897/1/1573
f  897/1/1574 801/1/1377 869/1/1522
f  754/1/1282 870/1/1523 898/1/1575
f  898/1/1576 870/1/1524 754/1/1376
f  896/1/1571 870/1/1523 823/1/1429
f  823/1/1430 870/1/1524 896/1/1572
f  899/1/1577 871/1/1525 824/1/1431
f  824/1/1432 871/1/1526 899/1/1578
f  900/1/1579 801/1/1374 871/1/1525
f  871/1/1526 801/1/1377 900/1/1580
f  825/1/1433 895/1/1569 830/1/1443
f  830/1/1444 895/1/1570 825/1/1434
f  901/1/1581 872/1/1527 826/1/1435
f  826/1/1436 872/1/1528 901/1/1582
f  757/1/1288 872/1/1527 873/1/1529
f  873/1/1530 872/1/1528 757/1/1289
f  827/1/1437 873/1/1529 872/1/1527
f  872/1/1528 873/1/1530 827/1/1438
f  827/1/1437 902/1/1583 828/1/1439
f  828/1/1440 902/1/1584 827/1/1438
f  828/1/1439 903/1/1585 829/1/1441
f  829/1/1442 903/1/1586 828/1/1440
f  895/1/1569 874/1/1531 830/1/1443
f  830/1/1444 874/1/1532 895/1/1570
f  904/1/273 875/1/1533 831/1/1445
f  831/1/1446 875/1/1534 904/1/320
f  826/1/1435 875/1/1533 901/1/1581
f  901/1/1582 875/1/1534 826/1/1436
f  832/1/1447 874/1/1531 905/1/1587
f  905/1/1588 874/1/1532 832/1/1448
f  832/1/1447 906/1/1589 834/1/1451
f  834/1/1452 906/1/1590 832/1/1448
f  831/1/1445 876/1/273 904/1/273
f  904/1/320 876/1/320 831/1/1446
f  846/1/1475 833/1/1449 907/1/1591
f  907/1/1592 833/1/1450 846/1/1476
f  833/1/1449 877/1/1535 907/1/1591
f  907/1/1592 877/1/1536 833/1/1450
f  806/1/1386 878/1/1537 877/1/1535
f  877/1/1536 878/1/1538 806/1/1387
f  834/1/1451 908/1/1593 878/1/1537
f  878/1/1538 908/1/1594 834/1/1452
f  885/1/1551 876/1/273 813/1/273
f  813/1/320 876/1/320 885/1/1552
f  909/1/1595 837/1/1457 835/1/1453
f  835/1/1454 837/1/1458 909/1/1596
f  910/1/1597 835/1/1453 836/1/1455
f  836/1/1456 835/1/1454 910/1/1598
f  911/1/1599 838/1/1459 837/1/1457
f  837/1/1458 838/1/1460 911/1/1600
f  912/1/1601 839/1/1461 838/1/1459
f  838/1/1460 839/1/1462 912/1/1602
f  913/1/1603 840/1/1463 839/1/1461
f  839/1/1462 840/1/1464 913/1/1604
f  914/1/1605 841/1/1465 840/1/1463
f  840/1/1464 841/1/1466 914/1/1606
f  915/1/1607 842/1/1467 841/1/1465
f  841/1/1466 842/1/1468 915/1/1608
f  916/1/1609 843/1/1469 842/1/1467
f  842/1/1468 843/1/1470 916/1/1610
f  879/1/1539 811/1/1396 883/1/1547
f  883/1/1548 811/1/1397 879/1/1540
f  880/1/1541 807/1/1388 879/1/1539
f  879/1/1540 807/1/1389 880/1/1542
f  880/1/1541 847/1/1477 808/1/1390
f  808/1/1391 847/1/1478 880/1/1542
f  917/1/1611 844/1/1471 843/1/1469
f  843/1/1470 844/1/1472 917/1/1612
f  918/1/1613 881/1/1543 844/1/1471
f  844/1/1472 881/1/1544 918/1/1614
f  882/1/1545 845/1/1473 919/1/1615
f  919/1/1616 845/1/1474 882/1/1546
f  883/1/1547 810/1/1394 882/1/1545
f  882/1/1546 810/1/1395 883/1/1548
f  884/1/1549 846/1/1475 920/1/1617
f  920/1/1618 846/1/1476 884/1/1550
f  921/1/1619 885/1/1551 847/1/1477
f  847/1/1478 885/1/1552 921/1/1620
f  848/1/1479 910/1/1597 836/1/1455
f  836/1/1456 910/1/1598 848/1/1480
f  849/1/1481 922/1/1621 848/1/1479
f  848/1/1480 922/1/1622 849/1/1482
f  850/1/1483 923/1/1623 849/1/1481
f  849/1/1482 923/1/1624 850/1/1484
f  851/1/1485 924/1/1625 850/1/1483
f  850/1/1484 924/1/1626 851/1/1486
f  852/1/1487 925/1/1627 851/1/1485
f  851/1/1486 925/1/1628 852/1/1488
f  884/1/1549 926/1/1629 852/1/1487
f  852/1/1488 926/1/1630 884/1/1550
f  927/1/1631 886/1/1553 853/1/1489
f  853/1/1490 886/1/1554 927/1/1632
f  853/1/1489 854/1/1491 928/1/1633
f  928/1/1634 854/1/1492 853/1/1490
f  929/1/1635 854/1/1491 887/1/1555
f  887/1/1556 854/1/1492 929/1/1636
f  856/1/1495 857/1/1497 930/1/1637
f  930/1/1638 857/1/1498 856/1/1496
f  931/1/1639 857/1/1497 886/1/1553
f  886/1/1554 857/1/1498 931/1/1640
f  858/1/1499 856/1/1495 930/1/1637
f  930/1/1638 856/1/1496 858/1/1500
f  860/1/1503 858/1/1499 932/1/1641
f  932/1/1642 858/1/1500 860/1/1504
f  859/1/1501 861/1/1505 887/1/1555
f  887/1/1556 861/1/1506 859/1/1502
f  862/1/1507 860/1/1503 933/1/1643
f  933/1/1644 860/1/1504 862/1/1508
f  861/1/1505 863/1/1509 929/1/1635
f  929/1/1636 863/1/1510 861/1/1506
f  862/1/1507 934/1/1645 888/1/1557
f  888/1/1558 934/1/1646 862/1/1508
f  863/1/1509 865/1/1513 935/1/1647
f  935/1/1648 865/1/1514 863/1/1510
f  864/1/1511 888/1/1557 934/1/1645
f  934/1/1646 888/1/1558 864/1/1512
f  795/1/1363 890/1/1561 889/1/1559
f  889/1/1560 890/1/1562 795/1/1364
f  865/1/1513 889/1/1559 936/1/1649
f  936/1/1650 889/1/1560 865/1/1514
f  866/1/1515 867/1/1517 937/1/1651
f  937/1/1652 867/1/1518 866/1/1516
f  866/1/1515 938/1/1653 890/1/1561
f  890/1/1562 938/1/1654 866/1/1516
f  934/1/1645 891/1/1563 864/1/1511
f  864/1/1512 891/1/1564 934/1/1646
f  891/1/1563 892/1/273 817/1/1413
f  817/1/1414 892/1/320 891/1/1564
f  892/1/273 893/1/1565 818/1/273
f  818/1/320 893/1/1566 892/1/320
f  867/1/1517 881/1/1543 939/1/1655
f  939/1/1656 881/1/1544 867/1/1518
f  893/1/1565 919/1/1615 845/1/1473
f  845/1/1474 919/1/1616 893/1/1566
f  819/1/1415 859/1/1501 887/1/1555
f  887/1/1556 859/1/1502 819/1/1420
f  894/1/1567 940/1/1657 820/1/1421
f  820/1/1422 940/1/1658 894/1/1568
f  868/1/1519 829/1/1441 894/1/1567
f  894/1/1568 829/1/1442 868/1/1520
f  895/1/1569 820/1/1421 940/1/1657
f  940/1/1658 820/1/1422 895/1/1570
f  895/1/1569 825/1/1433 821/1/1423
f  821/1/1424 825/1/1434 895/1/1570
f  869/1/1521 941/1/1659 896/1/1571
f  896/1/1572 941/1/1660 869/1/1522
f  897/1/1573 801/1/1374 942/1/1661
f  942/1/1662 801/1/1377 897/1/1574
f  897/1/1573 943/1/1663 869/1/1521
f  869/1/1522 943/1/1664 897/1/1574
f  944/1/1665 898/1/1575 870/1/1523
f  870/1/1524 898/1/1576 944/1/1666
f  870/1/1523 896/1/1571 944/1/1665
f  944/1/1666 896/1/1572 870/1/1524
f  871/1/1525 899/1/1577 945/1/1667
f  945/1/1668 899/1/1578 871/1/1526
f  946/1/1669 801/1/1374 900/1/1579
f  900/1/1580 801/1/1377 946/1/1670
f  900/1/1579 871/1/1525 947/1/1671
f  947/1/1672 871/1/1526 900/1/1580
f  872/1/1527 901/1/1581 948/1/1673
f  948/1/1674 901/1/1582 872/1/1528
f  827/1/1437 872/1/1527 949/1/1675
f  949/1/1676 872/1/1528 827/1/1438
f  902/1/1583 827/1/1437 950/1/1677
f  950/1/1678 827/1/1438 902/1/1584
f  951/1/1679 828/1/1439 902/1/1583
f  902/1/1584 828/1/1440 951/1/1680
f  903/1/1585 828/1/1439 951/1/1679
f  951/1/1680 828/1/1440 903/1/1586
f  894/1/1567 829/1/1441 903/1/1585
f  903/1/1586 829/1/1442 894/1/1568
f  874/1/1531 895/1/1569 952/1/1681
f  952/1/1682 895/1/1570 874/1/1532
f  875/1/1533 904/1/273 953/1/273
f  953/1/320 904/1/320 875/1/1534
f  953/1/273 901/1/1581 875/1/1533
f  875/1/1534 901/1/1582 953/1/320
f  952/1/1681 905/1/1587 874/1/1531
f  874/1/1532 905/1/1588 952/1/1682
f  906/1/1589 832/1/1447 905/1/1587
f  905/1/1588 832/1/1448 906/1/1590
f  908/1/1593 834/1/1451 906/1/1589
f  906/1/1590 834/1/1452 908/1/1594
f  954/1/1683 904/1/273 876/1/273
f  876/1/320 904/1/320 954/1/1684
f  907/1/1591 920/1/1617 846/1/1475
f  846/1/1476 920/1/1618 907/1/1592
f  955/1/1685 907/1/1591 877/1/1535
f  877/1/1536 907/1/1592 955/1/1686
f  956/1/1687 877/1/1535 878/1/1537
f  878/1/1538 877/1/1536 956/1/1688
f  957/1/1689 878/1/1537 908/1/1593
f  908/1/1594 878/1/1538 957/1/1690
f  876/1/273 885/1/1551 954/1/1683
f  954/1/1684 885/1/1552 876/1/320
f  837/1/1457 909/1/1595 911/1/1599
f  911/1/1600 909/1/1596 837/1/1458
f  835/1/1453 910/1/1597 909/1/1595
f  909/1/1596 910/1/1598 835/1/1454
f  838/1/1459 911/1/1599 912/1/1601
f  912/1/1602 911/1/1600 838/1/1460
f  839/1/1461 912/1/1601 913/1/1603
f  913/1/1604 912/1/1602 839/1/1462
f  840/1/1463 913/1/1603 914/1/1605
f  914/1/1606 913/1/1604 840/1/1464
f  841/1/1465 914/1/1605 915/1/1607
f  915/1/1608 914/1/1606 841/1/1466
f  842/1/1467 915/1/1607 916/1/1609
f  916/1/1610 915/1/1608 842/1/1468
f  843/1/1469 916/1/1609 917/1/1611
f  917/1/1612 916/1/1610 843/1/1470
f  883/1/1547 958/1/1691 879/1/1539
f  879/1/1540 958/1/1692 883/1/1548
f  879/1/1539 959/1/1693 880/1/1541
f  880/1/1542 959/1/1694 879/1/1540
f  847/1/1477 880/1/1541 921/1/1619
f  921/1/1620 880/1/1542 847/1/1478
f  844/1/1471 917/1/1611 918/1/1613
f  918/1/1614 917/1/1612 844/1/1472
f  881/1/1543 918/1/1613 960/1/1695
f  960/1/1696 918/1/1614 881/1/1544
f  919/1/1615 961/1/1697 882/1/1545
f  882/1/1546 961/1/1698 919/1/1616
f  882/1/1545 962/1/1699 883/1/1547
f  883/1/1548 962/1/1700 882/1/1546
f  920/1/1617 963/1/1701 884/1/1549
f  884/1/1550 963/1/1702 920/1/1618
f  885/1/1551 921/1/1619 964/1/1703
f  964/1/1704 921/1/1620 885/1/1552
f  910/1/1597 848/1/1479 922/1/1621
f  922/1/1622 848/1/1480 910/1/1598
f  922/1/1621 849/1/1481 923/1/1623
f  923/1/1624 849/1/1482 922/1/1622
f  923/1/1623 850/1/1483 924/1/1625
f  924/1/1626 850/1/1484 923/1/1624
f  924/1/1625 851/1/1485 925/1/1627
f  925/1/1628 851/1/1486 924/1/1626
f  925/1/1627 852/1/1487 926/1/1629
f  926/1/1630 852/1/1488 925/1/1628
f  926/1/1629 884/1/1549 963/1/1701
f  963/1/1702 884/1/1550 926/1/1630
f  886/1/1553 927/1/1631 965/1/1705
f  965/1/1706 927/1/1632 886/1/1554
f  853/1/1489 928/1/1633 927/1/1631
f  927/1/1632 928/1/1634 853/1/1490
f  854/1/1491 929/1/1635 928/1/1633
f  928/1/1634 929/1/1636 854/1/1492
f  887/1/1555 861/1/1505 929/1/1635
f  929/1/1636 861/1/1506 887/1/1556
f  931/1/1639 930/1/1637 857/1/1497
f  857/1/1498 930/1/1638 931/1/1640
f  965/1/1705 931/1/1639 886/1/1553
f  886/1/1554 931/1/1640 965/1/1706
f  930/1/1637 932/1/1641 858/1/1499
f  858/1/1500 932/1/1642 930/1/1638
f  932/1/1641 933/1/1643 860/1/1503
f  860/1/1504 933/1/1644 932/1/1642
f  933/1/1643 966/1/1707 862/1/1507
f  862/1/1508 966/1/1708 933/1/1644
f  929/1/1635 863/1/1509 935/1/1647
f  935/1/1648 863/1/1510 929/1/1636
f  966/1/1707 934/1/1645 862/1/1507
f  862/1/1508 934/1/1646 966/1/1708
f  935/1/1647 865/1/1513 936/1/1649
f  936/1/1650 865/1/1514 935/1/1648
f  889/1/1559 890/1/1561 967/1/1709
f  967/1/1710 890/1/1562 889/1/1560
f  936/1/1649 889/1/1559 968/1/1711
f  968/1/1712 889/1/1560 936/1/1650
f  939/1/1655 937/1/1651 867/1/1517
f  867/1/1518 937/1/1652 939/1/1656
f  938/1/1653 866/1/1515 937/1/1651
f  937/1/1652 866/1/1516 938/1/1654
f  890/1/1561 938/1/1653 969/1/1713
f  969/1/1714 938/1/1654 890/1/1562
f  891/1/1563 934/1/1645 970/1/1715
f  970/1/1716 934/1/1646 891/1/1564
f  892/1/273 891/1/1563 971/1/273
f  971/1/320 891/1/1564 892/1/320
f  893/1/1565 892/1/273 972/1/1717
f  972/1/1718 892/1/320 893/1/1566
f  960/1/1695 939/1/1655 881/1/1543
f  881/1/1544 939/1/1656 960/1/1696
f  919/1/1615 893/1/1565 973/1/1719
f  973/1/1720 893/1/1566 919/1/1616
f  940/1/1657 894/1/1567 974/1/1721
f  974/1/1722 894/1/1568 940/1/1658
f  895/1/1569 940/1/1657 952/1/1681
f  952/1/1682 940/1/1658 895/1/1570
f  941/1/1659 869/1/1521 943/1/1663
f  943/1/1664 869/1/1522 941/1/1660
f  975/1/1723 896/1/1571 941/1/1659
f  941/1/1660 896/1/1572 975/1/1724
f  942/1/1661 801/1/1374 976/1/1725
f  976/1/1726 801/1/1377 942/1/1662
f  942/1/1661 977/1/1727 897/1/1573
f  897/1/1574 977/1/1728 942/1/1662
f  943/1/1663 897/1/1573 977/1/1727
f  977/1/1728 897/1/1574 943/1/1664
f  898/1/1575 944/1/1665 975/1/1723
f  975/1/1724 944/1/1666 898/1/1576
f  896/1/1571 975/1/1723 944/1/1665
f  944/1/1666 975/1/1724 896/1/1572
f  978/1/1729 945/1/1667 899/1/1577
f  899/1/1578 945/1/1668 978/1/1730
f  947/1/1671 871/1/1525 945/1/1667
f  945/1/1668 871/1/1526 947/1/1672
f  979/1/1731 801/1/1374 946/1/1669
f  946/1/1670 801/1/1377 979/1/1732
f  900/1/1579 980/1/1733 946/1/1669
f  946/1/1670 980/1/1734 900/1/1580
f  947/1/1671 981/1/1735 900/1/1579
f  900/1/1580 981/1/1736 947/1/1672
f  982/1/273 948/1/1673 901/1/1581
f  901/1/1582 948/1/1674 982/1/320
f  948/1/1673 949/1/1675 872/1/1527
f  872/1/1528 949/1/1676 948/1/1674
f  827/1/1437 949/1/1675 950/1/1677
f  950/1/1678 949/1/1676 827/1/1438
f  902/1/1583 950/1/1677 983/1/1737
f  983/1/1738 950/1/1678 902/1/1584
f  951/1/1679 902/1/1583 983/1/1737
f  983/1/1738 902/1/1584 951/1/1680
f  894/1/1567 903/1/1585 951/1/1679
f  951/1/1680 903/1/1586 894/1/1568
f  984/1/1739 953/1/273 904/1/273
f  904/1/320 953/1/320 984/1/1740
f  901/1/1581 953/1/273 982/1/273
f  982/1/320 953/1/320 901/1/1582
f  905/1/1587 952/1/1681 985/1/1741
f  985/1/1742 952/1/1682 905/1/1588
f  985/1/1741 906/1/1589 905/1/1587
f  905/1/1588 906/1/1590 985/1/1742
f  986/1/1743 908/1/1593 906/1/1589
f  906/1/1590 908/1/1594 986/1/1744
f  904/1/273 954/1/1683 984/1/1739
f  984/1/1740 954/1/1684 904/1/320
f  920/1/1617 907/1/1591 987/1/1745
f  987/1/1746 907/1/1592 920/1/1618
f  907/1/1591 955/1/1685 987/1/1745
f  987/1/1746 955/1/1686 907/1/1592
f  877/1/1535 956/1/1687 955/1/1685
f  955/1/1686 956/1/1688 877/1/1536
f  878/1/1537 957/1/1689 956/1/1687
f  956/1/1688 957/1/1690 878/1/1538
f  988/1/1747 957/1/1689 908/1/1593
f  908/1/1594 957/1/1690 988/1/1748
f  964/1/1703 954/1/1683 885/1/1551
f  885/1/1552 954/1/1684 964/1/1704
f  989/1/1749 911/1/1599 909/1/1595
f  909/1/1596 911/1/1600 989/1/1750
f  990/1/1751 909/1/1595 910/1/1597
f  910/1/1598 909/1/1596 990/1/1752
f  991/1/1753 912/1/1601 911/1/1599
f  911/1/1600 912/1/1602 991/1/1754
f  992/1/1755 913/1/1603 912/1/1601
f  912/1/1602 913/1/1604 992/1/1756
f  993/1/1757 914/1/1605 913/1/1603
f  913/1/1604 914/1/1606 993/1/1758
f  994/1/1759 915/1/1607 914/1/1605
f  914/1/1606 915/1/1608 994/1/1760
f  995/1/1761 916/1/1609 915/1/1607
f  915/1/1608 916/1/1610 995/1/1762
f  996/1/1763 917/1/1611 916/1/1609
f  916/1/1610 917/1/1612 996/1/1764
f  883/1/1547 997/1/1765 958/1/1691
f  958/1/1692 997/1/1766 883/1/1548
f  958/1/1691 998/1/1767 879/1/1539
f  879/1/1540 998/1/1768 958/1/1692
f  879/1/1539 998/1/1767 959/1/1693
f  959/1/1694 998/1/1768 879/1/1540
f  959/1/1693 921/1/1619 880/1/1541
f  880/1/1542 921/1/1620 959/1/1694
f  999/1/1769 918/1/1613 917/1/1611
f  917/1/1612 918/1/1614 999/1/1770
f  1000/1/1771 960/1/1695 918/1/1613
f  918/1/1614 960/1/1696 1000/1/1772
f  919/1/1615 1001/1/1773 961/1/1697
f  961/1/1698 1001/1/1774 919/1/1616
f  961/1/1697 1002/1/1775 882/1/1545
f  882/1/1546 1002/1/1776 961/1/1698
f  882/1/1545 1002/1/1775 962/1/1699
f  962/1/1700 1002/1/1776 882/1/1546
f  962/1/1699 997/1/1765 883/1/1547
f  883/1/1548 997/1/1766 962/1/1700
f  963/1/1701 920/1/1617 1003/1/1777
f  1003/1/1778 920/1/1618 963/1/1702
f  1004/1/1779 964/1/1703 921/1/1619
f  921/1/1620 964/1/1704 1004/1/1780
f  922/1/1621 990/1/1751 910/1/1597
f  910/1/1598 990/1/1752 922/1/1622
f  923/1/1623 1005/1/1781 922/1/1621
f  922/1/1622 1005/1/1782 923/1/1624
f  924/1/1625 1006/1/1783 923/1/1623
f  923/1/1624 1006/1/1784 924/1/1626
f  925/1/1627 1007/1/1785 924/1/1625
f  924/1/1626 1007/1/1786 925/1/1628
f  926/1/1629 1008/1/1787 925/1/1627
f  925/1/1628 1008/1/1788 926/1/1630
f  963/1/1701 1009/1/1789 926/1/1629
f  926/1/1630 1009/1/1790 963/1/1702
f  1010/1/1791 965/1/1705 927/1/1631
f  927/1/1632 965/1/1706 1010/1/1792
f  927/1/1631 928/1/1633 1011/1/1793
f  1011/1/1794 928/1/1634 927/1/1632
f  935/1/1647 928/1/1633 929/1/1635
f  929/1/1636 928/1/1634 935/1/1648
f  930/1/1637 931/1/1639 1012/1/1795
f  1012/1/1796 931/1/1640 930/1/1638
f  1013/1/1797 931/1/1639 965/1/1705
f  965/1/1706 931/1/1640 1013/1/1798
f  932/1/1641 930/1/1637 1012/1/1795
f  1012/1/1796 930/1/1638 932/1/1642
f  933/1/1643 932/1/1641 1014/1/1799
f  1014/1/1800 932/1/1642 933/1/1644
f  933/1/1643 1015/1/1801 966/1/1707
f  966/1/1708 1015/1/1802 933/1/1644
f  934/1/1645 966/1/1707 1015/1/1801
f  1015/1/1802 966/1/1708 934/1/1646
f  1016/1/1803 935/1/1647 936/1/1649
f  936/1/1650 935/1/1648 1016/1/1804
f  890/1/1561 969/1/1713 967/1/1709
f  967/1/1710 969/1/1714 890/1/1562
f  889/1/1559 967/1/1709 968/1/1711
f  968/1/1712 967/1/1710 889/1/1560
f  1017/1/1805 936/1/1649 968/1/1711
f  968/1/1712 936/1/1650 1017/1/1806
f  937/1/1651 939/1/1655 1018/1/1807
f  1018/1/1808 939/1/1656 937/1/1652
f  937/1/1651 1019/1/1809 938/1/1653
f  938/1/1654 1019/1/1810 937/1/1652
f  938/1/1653 1020/1/1811 969/1/1713
f  969/1/1714 1020/1/1812 938/1/1654
f  1015/1/1801 970/1/1715 934/1/1645
f  934/1/1646 970/1/1716 1015/1/1802
f  970/1/1715 971/1/273 891/1/1563
f  891/1/1564 971/1/320 970/1/1716
f  971/1/273 972/1/1717 892/1/273
f  892/1/320 972/1/1718 971/1/320
f  972/1/1717 973/1/1719 893/1/1565
f  893/1/1566 973/1/1720 972/1/1718
f  939/1/1655 960/1/1695 1021/1/1813
f  1021/1/1814 960/1/1696 939/1/1656
f  973/1/1719 1022/1/1815 919/1/1615
f  919/1/1616 1022/1/1816 973/1/1720
f  1023/1/1817 974/1/1721 894/1/1567
f  894/1/1568 974/1/1722 1023/1/1818
f  952/1/1681 940/1/1657 974/1/1721
f  974/1/1722 940/1/1658 952/1/1682
f  976/1/1725 801/1/1374 1024/1/1819
f  1024/1/1820 801/1/1377 976/1/1726
f  976/1/1725 1025/1/1821 942/1/1661
f  942/1/1662 1025/1/1822 976/1/1726
f  977/1/1727 942/1/1661 1025/1/1821
f  1025/1/1822 942/1/1662 977/1/1728
f  945/1/1667 978/1/1729 1026/1/1823
f  1026/1/1824 978/1/1730 945/1/1668
f  947/1/1671 945/1/1667 1026/1/1823
f  1026/1/1824 945/1/1668 947/1/1672
f  1027/1/1825 801/1/1374 979/1/1731
f  979/1/1732 801/1/1377 1027/1/1826
f  946/1/1669 1028/1/1827 979/1/1731
f  979/1/1732 1028/1/1828 946/1/1670
f  980/1/1733 900/1/1579 981/1/1735
f  981/1/1736 900/1/1580 980/1/1734
f  1028/1/1827 946/1/1669 980/1/1733
f  980/1/1734 946/1/1670 1028/1/1828
f  981/1/1735 947/1/1671 1029/1/1829
f  1029/1/1830 947/1/1672 981/1/1736
f  948/1/1673 982/1/273 1030/1/273
f  1030/1/320 982/1/320 948/1/1674
f  949/1/1675 948/1/1673 1031/1/1831
f  1031/1/1832 948/1/1674 949/1/1676
f  983/1/1737 950/1/1677 949/1/1675
f  949/1/1676 950/1/1678 983/1/1738
f  983/1/1737 1032/1/1833 951/1/1679
f  951/1/1680 1032/1/1834 983/1/1738
f  951/1/1679 1023/1/1817 894/1/1567
f  894/1/1568 1023/1/1818 951/1/1680
f  953/1/273 984/1/1739 1033/1/1835
f  1033/1/1836 984/1/1740 953/1/320
f  1033/1/1835 982/1/273 953/1/273
f  953/1/320 982/1/320 1033/1/1836
f  952/1/1681 974/1/1721 985/1/1741
f  985/1/1742 974/1/1722 952/1/1682
f  906/1/1589 985/1/1741 986/1/1743
f  986/1/1744 985/1/1742 906/1/1590
f  908/1/1593 986/1/1743 988/1/1747
f  988/1/1748 986/1/1744 908/1/1594
f  1034/1/1837 984/1/1739 954/1/1683
f  954/1/1684 984/1/1740 1034/1/1838
f  987/1/1745 1003/1/1777 920/1/1617
f  920/1/1618 1003/1/1778 987/1/1746
f  1035/1/1839 987/1/1745 955/1/1685
f  955/1/1686 987/1/1746 1035/1/1840
f  1036/1/1841 955/1/1685 956/1/1687
f  956/1/1688 955/1/1686 1036/1/1842
f  1037/1/1843 956/1/1687 957/1/1689
f  957/1/1690 956/1/1688 1037/1/1844
f  957/1/1689 988/1/1747 1038/1/1845
f  1038/1/1846 988/1/1748 957/1/1690
f  954/1/1683 964/1/1703 1034/1/1837
f  1034/1/1838 964/1/1704 954/1/1684
f  911/1/1599 989/1/1749 991/1/1753
f  991/1/1754 989/1/1750 911/1/1600
f  909/1/1595 990/1/1751 989/1/1749
f  989/1/1750 990/1/1752 909/1/1596
f  912/1/1601 991/1/1753 992/1/1755
f  992/1/1756 991/1/1754 912/1/1602
f  913/1/1603 992/1/1755 993/1/1757
f  993/1/1758 992/1/1756 913/1/1604
f  914/1/1605 993/1/1757 994/1/1759
f  994/1/1760 993/1/1758 914/1/1606
f  915/1/1607 994/1/1759 995/1/1761
f  995/1/1762 994/1/1760 915/1/1608
f  916/1/1609 995/1/1761 996/1/1763
f  996/1/1764 995/1/1762 916/1/1610
f  917/1/1611 996/1/1763 999/1/1769
f  999/1/1770 996/1/1764 917/1/1612
f  998/1/1767 958/1/1691 997/1/1765
f  997/1/1766 958/1/1692 998/1/1768
f  921/1/1619 959/1/1693 998/1/1767
f  998/1/1768 959/1/1694 921/1/1620
f  918/1/1613 999/1/1769 1000/1/1771
f  1000/1/1772 999/1/1770 918/1/1614
f  960/1/1695 1000/1/1771 1039/1/1847
f  1039/1/1848 1000/1/1772 960/1/1696
f  1022/1/1815 1001/1/1773 919/1/1615
f  919/1/1616 1001/1/1774 1022/1/1816
f  1002/1/1775 961/1/1697 1001/1/1773
f  1001/1/1774 961/1/1698 1002/1/1776
f  997/1/1765 962/1/1699 1002/1/1775
f  1002/1/1776 962/1/1700 997/1/1766
f  1003/1/1777 1040/1/1849 963/1/1701
f  963/1/1702 1040/1/1850 1003/1/1778
f  964/1/1703 1004/1/1779 1041/1/1851
f  1041/1/1852 1004/1/1780 964/1/1704
f  921/1/1619 1041/1/1851 1004/1/1779
f  1004/1/1780 1041/1/1852 921/1/1620
f  990/1/1751 922/1/1621 1005/1/1781
f  1005/1/1782 922/1/1622 990/1/1752
f  1005/1/1781 923/1/1623 1006/1/1783
f  1006/1/1784 923/1/1624 1005/1/1782
f  1006/1/1783 924/1/1625 1007/1/1785
f  1007/1/1786 924/1/1626 1006/1/1784
f  1007/1/1785 925/1/1627 1008/1/1787
f  1008/1/1788 925/1/1628 1007/1/1786
f  1008/1/1787 926/1/1629 1009/1/1789
f  1009/1/1790 926/1/1630 1008/1/1788
f  1009/1/1789 963/1/1701 1040/1/1849
f  1040/1/1850 963/1/1702 1009/1/1790
f  1010/1/1791 1042/1/1853 965/1/1705
f  965/1/1706 1042/1/1854 1010/1/1792
f  1010/1/1791 927/1/1631 1043/1/1855
f  1043/1/1856 927/1/1632 1010/1/1792
f  928/1/1633 935/1/1647 1011/1/1793
f  1011/1/1794 935/1/1648 928/1/1634
f  927/1/1631 1011/1/1793 1043/1/1855
f  1043/1/1856 1011/1/1794 927/1/1632
f  1013/1/1797 1012/1/1795 931/1/1639
f  931/1/1640 1012/1/1796 1013/1/1798
f  1042/1/1853 1013/1/1797 965/1/1705
f  965/1/1706 1013/1/1798 1042/1/1854
f  1012/1/1795 1014/1/1799 932/1/1641
f  932/1/1642 1014/1/1800 1012/1/1796
f  1014/1/1799 1044/1/1857 933/1/1643
f  933/1/1644 1044/1/1858 1014/1/1800
f  1044/1/1857 1015/1/1801 933/1/1643
f  933/1/1644 1015/1/1802 1044/1/1858
f  935/1/1647 1016/1/1803 1011/1/1793
f  1011/1/1794 1016/1/1804 935/1/1648
f  936/1/1649 1017/1/1805 1016/1/1803
f  1016/1/1804 1017/1/1806 936/1/1650
f  1045/1/1859 967/1/1709 969/1/1713
f  969/1/1714 967/1/1710 1045/1/1860
f  1046/1/1861 968/1/1711 967/1/1709
f  967/1/1710 968/1/1712 1046/1/1862
f  968/1/1711 1046/1/1861 1017/1/1805
f  1017/1/1806 1046/1/1862 968/1/1712
f  1021/1/1813 1018/1/1807 939/1/1655
f  939/1/1656 1018/1/1808 1021/1/1814
f  1019/1/1809 937/1/1651 1018/1/1807
f  1018/1/1808 937/1/1652 1019/1/1810
f  938/1/1653 1019/1/1809 1020/1/1811
f  1020/1/1812 1019/1/1810 938/1/1654
f  1047/1/1863 969/1/1713 1020/1/1811
f  1020/1/1812 969/1/1714 1047/1/1864
f  970/1/1715 1015/1/1801 1048/1/1865
f  1048/1/1866 1015/1/1802 970/1/1716
f  971/1/273 970/1/1715 1049/1/273
f  1049/1/320 970/1/1716 971/1/320
f  972/1/1717 971/1/273 1050/1/1867
f  1050/1/1868 971/1/320 972/1/1718
f  973/1/1719 972/1/1717 1051/1/1869
f  1051/1/1870 972/1/1718 973/1/1720
f  1039/1/1847 1021/1/1813 960/1/1695
f  960/1/1696 1021/1/1814 1039/1/1848
f  973/1/1719 1052/1/1871 1022/1/1815
f  1022/1/1816 1052/1/1872 973/1/1720
f  974/1/1721 1023/1/1817 1053/1/1873
f  1053/1/1874 1023/1/1818 974/1/1722
f  1024/1/1819 801/1/1374 1054/1/1875
f  1054/1/1876 801/1/1377 1024/1/1820
f  1024/1/1819 1055/1/1877 976/1/1725
f  976/1/1726 1055/1/1878 1024/1/1820
f  1025/1/1821 976/1/1725 1055/1/1877
f  1055/1/1878 976/1/1726 1025/1/1822
f  1029/1/1829 1026/1/1823 978/1/1729
f  978/1/1730 1026/1/1824 1029/1/1830
f  1026/1/1823 1029/1/1829 947/1/1671
f  947/1/1672 1029/1/1830 1026/1/1824
f  1056/1/1879 801/1/1374 1027/1/1825
f  1027/1/1826 801/1/1377 1056/1/1880
f  979/1/1731 1057/1/1881 1027/1/1825
f  1027/1/1826 1057/1/1882 979/1/1732
f  1057/1/1881 979/1/1731 1028/1/1827
f  1028/1/1828 979/1/1732 1057/1/1882
f  1058/1/1883 1030/1/273 982/1/273
f  982/1/320 1030/1/320 1058/1/1884
f  1030/1/273 1031/1/1831 948/1/1673
f  948/1/1674 1031/1/1832 1030/1/320
f  1059/1/1885 949/1/1675 1031/1/1831
f  1031/1/1832 949/1/1676 1059/1/1886
f  949/1/1675 1059/1/1885 983/1/1737
f  983/1/1738 1059/1/1886 949/1/1676
f  1032/1/1833 983/1/1737 1059/1/1885
f  1059/1/1886 983/1/1738 1032/1/1834
f  1023/1/1817 951/1/1679 1032/1/1833
f  1032/1/1834 951/1/1680 1023/1/1818
f  1060/1/1887 1033/1/1835 984/1/1739
f  984/1/1740 1033/1/1836 1060/1/1888
f  982/1/273 1033/1/1835 1058/1/1883
f  1058/1/1884 1033/1/1836 982/1/320
f  985/1/1741 974/1/1721 1053/1/1873
f  1053/1/1874 974/1/1722 985/1/1742
f  985/1/1741 1053/1/1873 986/1/1743
f  986/1/1744 1053/1/1874 985/1/1742
f  986/1/1743 1061/1/1889 988/1/1747
f  988/1/1748 1061/1/1890 986/1/1744
f  984/1/1739 1034/1/1837 1060/1/1887
f  1060/1/1888 1034/1/1838 984/1/1740
f  1003/1/1777 987/1/1745 1062/1/1891
f  1062/1/1892 987/1/1746 1003/1/1778
f  987/1/1745 1035/1/1839 1062/1/1891
f  1062/1/1892 1035/1/1840 987/1/1746
f  955/1/1685 1036/1/1841 1035/1/1839
f  1035/1/1840 1036/1/1842 955/1/1686
f  956/1/1687 1037/1/1843 1036/1/1841
f  1036/1/1842 1037/1/1844 956/1/1688
f  1038/1/1845 1037/1/1843 957/1/1689
f  957/1/1690 1037/1/1844 1038/1/1846
f  988/1/1747 1063/1/1893 1038/1/1845
f  1038/1/1846 1063/1/1894 988/1/1748
f  1064/1/1895 1034/1/1837 964/1/1703
f  964/1/1704 1034/1/1838 1064/1/1896
f  1065/1/1897 991/1/1753 989/1/1749
f  989/1/1750 991/1/1754 1065/1/1898
f  1066/1/1899 989/1/1749 990/1/1751
f  990/1/1752 989/1/1750 1066/1/1900
f  1067/1/1901 992/1/1755 991/1/1753
f  991/1/1754 992/1/1756 1067/1/1902
f  1068/1/1903 993/1/1757 992/1/1755
f  992/1/1756 993/1/1758 1068/1/1904
f  1069/1/1905 994/1/1759 993/1/1757
f  993/1/1758 994/1/1760 1069/1/1906
f  1070/1/1907 995/1/1761 994/1/1759
f  994/1/1760 995/1/1762 1070/1/1908
f  1071/1/1909 996/1/1763 995/1/1761
f  995/1/1762 996/1/1764 1071/1/1910
f  1072/1/1911 999/1/1769 996/1/1763
f  996/1/1764 999/1/1770 1072/1/1912
f  997/1/1765 1073/1/1913 998/1/1767
f  998/1/1768 1073/1/1914 997/1/1766
f  921/1/1619 998/1/1767 1041/1/1851
f  1041/1/1852 998/1/1768 921/1/1620
f  1074/1/1915 1000/1/1771 999/1/1769
f  999/1/1770 1000/1/1772 1074/1/1916
f  1075/1/1917 1039/1/1847 1000/1/1771
f  1000/1/1772 1039/1/1848 1075/1/1918
f  1001/1/1773 1022/1/1815 1052/1/1871
f  1052/1/1872 1022/1/1816 1001/1/1774
f  1001/1/1773 1076/1/1919 1002/1/1775
f  1002/1/1776 1076/1/1920 1001/1/1774
f  1002/1/1775 1077/1/1921 997/1/1765
f  997/1/1766 1077/1/1922 1002/1/1776
f  1040/1/1849 1003/1/1777 1078/1/1923
f  1078/1/1924 1003/1/1778 1040/1/1850
f  964/1/1703 1041/1/1851 1064/1/1895
f  1064/1/1896 1041/1/1852 964/1/1704
f  1005/1/1781 1066/1/1899 990/1/1751
f  990/1/1752 1066/1/1900 1005/1/1782
f  1006/1/1783 1079/1/1925 1005/1/1781
f  1005/1/1782 1079/1/1926 1006/1/1784
f  1007/1/1785 1080/1/1927 1006/1/1783
f  1006/1/1784 1080/1/1928 1007/1/1786
f  1008/1/1787 1081/1/1929 1007/1/1785
f  1007/1/1786 1081/1/1930 1008/1/1788
f  1009/1/1789 1082/1/1931 1008/1/1787
f  1008/1/1788 1082/1/1932 1009/1/1790
f  1040/1/1849 1083/1/1933 1009/1/1789
f  1009/1/1790 1083/1/1934 1040/1/1850
f  1042/1/1853 1010/1/1791 1084/1/1935
f  1084/1/1936 1010/1/1792 1042/1/1854
f  1043/1/1855 1016/1/1803 1010/1/1791
f  1010/1/1792 1016/1/1804 1043/1/1856
f  1043/1/1855 1011/1/1793 1016/1/1803
f  1016/1/1804 1011/1/1794 1043/1/1856
f  1012/1/1795 1013/1/1797 1085/1/1937
f  1085/1/1938 1013/1/1798 1012/1/1796
f  1084/1/1935 1013/1/1797 1042/1/1853
f  1042/1/1854 1013/1/1798 1084/1/1936
f  1014/1/1799 1012/1/1795 1085/1/1937
f  1085/1/1938 1012/1/1796 1014/1/1800
f  1014/1/1799 1086/1/1939 1044/1/1857
f  1044/1/1858 1086/1/1940 1014/1/1800
f  1015/1/1801 1044/1/1857 1086/1/1939
f  1086/1/1940 1044/1/1858 1015/1/1802
f  1010/1/1791 1016/1/1803 1017/1/1805
f  1017/1/1806 1016/1/1804 1010/1/1792
f  967/1/1709 1045/1/1859 1046/1/1861
f  1046/1/1862 1045/1/1860 967/1/1710
f  969/1/1713 1047/1/1863 1045/1/1859
f  1045/1/1860 1047/1/1864 969/1/1714
f  1087/1/1941 1017/1/1805 1046/1/1861
f  1046/1/1862 1017/1/1806 1087/1/1942
f  1018/1/1807 1021/1/1813 1088/1/1943
f  1088/1/1944 1021/1/1814 1018/1/1808
f  1018/1/1807 1089/1/1945 1019/1/1809
f  1019/1/1810 1089/1/1946 1018/1/1808
f  1019/1/1809 1090/1/1947 1020/1/1811
f  1020/1/1812 1090/1/1948 1019/1/1810
f  1020/1/1811 1091/1/1949 1047/1/1863
f  1047/1/1864 1091/1/1950 1020/1/1812
f  1086/1/1939 1048/1/1865 1015/1/1801
f  1015/1/1802 1048/1/1866 1086/1/1940
f  1048/1/1865 1049/1/273 970/1/1715
f  970/1/1716 1049/1/320 1048/1/1866
f  1049/1/273 1050/1/1867 971/1/273
f  971/1/320 1050/1/1868 1049/1/320
f  1050/1/1867 1051/1/1869 972/1/1717
f  972/1/1718 1051/1/1870 1050/1/1868
f  1051/1/1869 1092/1/1951 973/1/1719
f  973/1/1720 1092/1/1952 1051/1/1870
f  1021/1/1813 1039/1/1847 1093/1/1953
f  1093/1/1954 1039/1/1848 1021/1/1814
f  1092/1/1951 1052/1/1871 973/1/1719
f  973/1/1720 1052/1/1872 1092/1/1952
f  1094/1/273 1053/1/1873 1023/1/1817
f  1023/1/1818 1053/1/1874 1094/1/320
f  1054/1/1875 801/1/1374 1095/1/1955
f  1095/1/1956 801/1/1377 1054/1/1876
f  1054/1/1875 1096/1/1957 1024/1/1819
f  1024/1/1820 1096/1/1958 1054/1/1876
f  1055/1/1877 1024/1/1819 1096/1/1957
f  1096/1/1958 1024/1/1820 1055/1/1878
f  1097/1/1959 801/1/1374 1056/1/1879
f  1056/1/1880 801/1/1377 1097/1/1960
f  1027/1/1825 1098/1/1961 1056/1/1879
f  1056/1/1880 1098/1/1962 1027/1/1826
f  1098/1/1961 1027/1/1825 1057/1/1881
f  1057/1/1882 1027/1/1826 1098/1/1962
f  1030/1/273 1058/1/1883 1099/1/1963
f  1099/1/1964 1058/1/1884 1030/1/320
f  1031/1/1831 1030/1/273 1100/1/273
f  1100/1/320 1030/1/320 1031/1/1832
f  1031/1/1831 1101/1/273 1059/1/1885
f  1059/1/1886 1101/1/320 1031/1/1832
f  1059/1/1885 1102/1/273 1032/1/1833
f  1032/1/1834 1102/1/320 1059/1/1886
f  1032/1/1833 1094/1/273 1023/1/1817
f  1023/1/1818 1094/1/320 1032/1/1834
f  1033/1/1835 1060/1/1887 1103/1/1965
f  1103/1/1966 1060/1/1888 1033/1/1836
f  1103/1/1965 1058/1/1883 1033/1/1835
f  1033/1/1836 1058/1/1884 1103/1/1966
f  986/1/1743 1053/1/1873 1061/1/1889
f  1061/1/1890 1053/1/1874 986/1/1744
f  988/1/1747 1061/1/1889 1104/1/1967
f  1104/1/1968 1061/1/1890 988/1/1748
f  1105/1/1969 1060/1/1887 1034/1/1837
f  1034/1/1838 1060/1/1888 1105/1/1970
f  1062/1/1891 1078/1/1923 1003/1/1777
f  1003/1/1778 1078/1/1924 1062/1/1892
f  1106/1/1971 1062/1/1891 1035/1/1839
f  1035/1/1840 1062/1/1892 1106/1/1972
f  1107/1/1973 1035/1/1839 1036/1/1841
f  1036/1/1842 1035/1/1840 1107/1/1974
f  1108/1/1975 1036/1/1841 1037/1/1843
f  1037/1/1844 1036/1/1842 1108/1/1976
f  1037/1/1843 1038/1/1845 1109/1/1977
f  1109/1/1978 1038/1/1846 1037/1/1844
f  988/1/1747 1104/1/1967 1063/1/1893
f  1063/1/1894 1104/1/1968 988/1/1748
f  1038/1/1845 1063/1/1893 1110/1/1979
f  1110/1/1980 1063/1/1894 1038/1/1846
f  1034/1/1837 1064/1/1895 1111/1/1981
f  1111/1/1982 1064/1/1896 1034/1/1838
f  991/1/1753 1065/1/1897 1067/1/1901
f  1067/1/1902 1065/1/1898 991/1/1754
f  989/1/1749 1066/1/1899 1065/1/1897
f  1065/1/1898 1066/1/1900 989/1/1750
f  992/1/1755 1067/1/1901 1068/1/1903
f  1068/1/1904 1067/1/1902 992/1/1756
f  993/1/1757 1068/1/1903 1069/1/1905
f  1069/1/1906 1068/1/1904 993/1/1758
f  994/1/1759 1069/1/1905 1070/1/1907
f  1070/1/1908 1069/1/1906 994/1/1760
f  995/1/1761 1070/1/1907 1071/1/1909
f  1071/1/1910 1070/1/1908 995/1/1762
f  996/1/1763 1071/1/1909 1072/1/1911
f  1072/1/1912 1071/1/1910 996/1/1764
f  999/1/1769 1072/1/1911 1074/1/1915
f  1074/1/1916 1072/1/1912 999/1/1770
f  1073/1/1913 997/1/1765 1077/1/1921
f  1077/1/1922 997/1/1766 1073/1/1914
f  1073/1/1913 1041/1/1851 998/1/1767
f  998/1/1768 1041/1/1852 1073/1/1914
f  1000/1/1771 1074/1/1915 1075/1/1917
f  1075/1/1918 1074/1/1916 1000/1/1772
f  1039/1/1847 1075/1/1917 1112/1/1983
f  1112/1/1984 1075/1/1918 1039/1/1848
f  1052/1/1871 1113/1/1985 1001/1/1773
f  1001/1/1774 1113/1/1986 1052/1/1872
f  1076/1/1919 1001/1/1773 1113/1/1985
f  1113/1/1986 1001/1/1774 1076/1/1920
f  1077/1/1921 1002/1/1775 1076/1/1919
f  1076/1/1920 1002/1/1776 1077/1/1922
f  1078/1/1923 1114/1/1987 1040/1/1849
f  1040/1/1850 1114/1/1988 1078/1/1924
f  1064/1/1895 1041/1/1851 1111/1/1981
f  1111/1/1982 1041/1/1852 1064/1/1896
f  1066/1/1899 1005/1/1781 1079/1/1925
f  1079/1/1926 1005/1/1782 1066/1/1900
f  1079/1/1925 1006/1/1783 1080/1/1927
f  1080/1/1928 1006/1/1784 1079/1/1926
f  1080/1/1927 1007/1/1785 1081/1/1929
f  1081/1/1930 1007/1/1786 1080/1/1928
f  1081/1/1929 1008/1/1787 1082/1/1931
f  1082/1/1932 1008/1/1788 1081/1/1930
f  1082/1/1931 1009/1/1789 1083/1/1933
f  1083/1/1934 1009/1/1790 1082/1/1932
f  1083/1/1933 1040/1/1849 1114/1/1987
f  1114/1/1988 1040/1/1850 1083/1/1934
f  1087/1/1941 1084/1/1935 1010/1/1791
f  1010/1/1792 1084/1/1936 1087/1/1942
f  1115/1/1989 1085/1/1937 1013/1/1797
f  1013/1/1798 1085/1/1938 1115/1/1990
f  1115/1/1989 1013/1/1797 1084/1/1935
f  1084/1/1936 1013/1/1798 1115/1/1990
f  1085/1/1937 1116/1/1991 1014/1/1799
f  1014/1/1800 1116/1/1992 1085/1/1938
f  1116/1/1991 1086/1/1939 1014/1/1799
f  1014/1/1800 1086/1/1940 1116/1/1992
f  1010/1/1791 1017/1/1805 1087/1/1941
f  1087/1/1942 1017/1/1806 1010/1/1792
f  1117/1/1993 1046/1/1861 1045/1/1859
f  1045/1/1860 1046/1/1862 1117/1/1994
f  1118/1/1995 1045/1/1859 1047/1/1863
f  1047/1/1864 1045/1/1860 1118/1/1996
f  1087/1/1941 1046/1/1861 1117/1/1993
f  1117/1/1994 1046/1/1862 1087/1/1942
f  1093/1/1953 1088/1/1943 1021/1/1813
f  1021/1/1814 1088/1/1944 1093/1/1954
f  1089/1/1945 1018/1/1807 1088/1/1943
f  1088/1/1944 1018/1/1808 1089/1/1946
f  1019/1/1809 1089/1/1945 1090/1/1947
f  1090/1/1948 1089/1/1946 1019/1/1810
f  1091/1/1949 1020/1/1811 1090/1/1947
f  1090/1/1948 1020/1/1812 1091/1/1950
f  1119/1/1997 1047/1/1863 1091/1/1949
f  1091/1/1950 1047/1/1864 1119/1/1998
f  1048/1/1865 1086/1/1939 1120/1/1999
f  1120/1/2000 1086/1/1940 1048/1/1866
f  1049/1/273 1048/1/1865 1121/1/273
f  1121/1/320 1048/1/1866 1049/1/320
f  1050/1/1867 1049/1/273 1122/1/2001
f  1122/1/2002 1049/1/320 1050/1/1868
f  1051/1/1869 1050/1/1867 1123/1/2003
f  1123/1/2004 1050/1/1868 1051/1/1870
f  1051/1/1869 1124/1/2005 1092/1/1951
f  1092/1/1952 1124/1/2006 1051/1/1870
f  1112/1/1983 1093/1/1953 1039/1/1847
f  1039/1/1848 1093/1/1954 1112/1/1984
f  1052/1/1871 1092/1/1951 1124/1/2005
f  1124/1/2006 1092/1/1952 1052/1/1872
f  1053/1/1873 1094/1/273 1061/1/1889
f  1061/1/1890 1094/1/320 1053/1/1874
f  1095/1/1955 801/1/1374 1125/1/2007
f  1125/1/2008 801/1/1377 1095/1/1956
f  1095/1/1955 1126/1/2009 1054/1/1875
f  1054/1/1876 1126/1/2010 1095/1/1956
f  1096/1/1957 1054/1/1875 1126/1/2009
f  1126/1/2010 1054/1/1876 1096/1/1958
f  1125/1/2007 801/1/1374 1097/1/1959
f  1097/1/1960 801/1/1377 1125/1/2008
f  1056/1/1879 1127/1/2011 1097/1/1959
f  1097/1/1960 1127/1/2012 1056/1/1880
f  1127/1/2011 1056/1/1879 1098/1/1961
f  1098/1/1962 1056/1/1880 1127/1/2012
f  1128/1/2013 1099/1/1963 1058/1/1883
f  1058/1/1884 1099/1/1964 1128/1/2014
f  1099/1/1963 1100/1/273 1030/1/273
f  1030/1/320 1100/1/320 1099/1/1964
f  1101/1/273 1031/1/1831 1100/1/273
f  1100/1/320 1031/1/1832 1101/1/320
f  1102/1/273 1059/1/1885 1101/1/273
f  1101/1/320 1059/1/1886 1102/1/320
f  1094/1/273 1032/1/1833 1102/1/273
f  1102/1/320 1032/1/1834 1094/1/320
f  1129/1/2015 1103/1/1965 1060/1/1887
f  1060/1/1888 1103/1/1966 1129/1/2016
f  1058/1/1883 1103/1/1965 1128/1/2013
f  1128/1/2014 1103/1/1966 1058/1/1884
f  1061/1/1889 1130/1/2017 1104/1/1967
f  1104/1/1968 1130/1/2018 1061/1/1890
f  1060/1/1887 1105/1/1969 1131/1/2019
f  1131/1/2020 1105/1/1970 1060/1/1888
f  1034/1/1837 1131/1/2019 1105/1/1969
f  1105/1/1970 1131/1/2020 1034/1/1838
f  1078/1/1923 1062/1/1891 1132/1/2021
f  1132/1/2022 1062/1/1892 1078/1/1924
f  1062/1/1891 1106/1/1971 1132/1/2021
f  1132/1/2022 1106/1/1972 1062/1/1892
f  1035/1/1839 1107/1/1973 1106/1/1971
f  1106/1/1972 1107/1/1974 1035/1/1840
f  1036/1/1841 1108/1/1975 1107/1/1973
f  1107/1/1974 1108/1/1976 1036/1/1842
f  1109/1/1977 1108/1/1975 1037/1/1843
f  1037/1/1844 1108/1/1976 1109/1/1978
f  1038/1/1845 1110/1/1979 1109/1/1977
f  1109/1/1978 1110/1/1980 1038/1/1846
f  1104/1/1967 1133/1/2023 1063/1/1893
f  1063/1/1894 1133/1/2024 1104/1/1968
f  1134/1/2025 1110/1/1979 1063/1/1893
f  1063/1/1894 1110/1/1980 1134/1/2026
f  1034/1/1837 1111/1/1981 1131/1/2019
f  1131/1/2020 1111/1/1982 1034/1/1838
f  1135/1/2027 1067/1/1901 1065/1/1897
f  1065/1/1898 1067/1/1902 1135/1/2028
f  1136/1/2029 1065/1/1897 1066/1/1899
f  1066/1/1900 1065/1/1898 1136/1/2030
f  1137/1/2031 1068/1/1903 1067/1/1901
f  1067/1/1902 1068/1/1904 1137/1/2032
f  1138/1/2033 1069/1/1905 1068/1/1903
f  1068/1/1904 1069/1/1906 1138/1/2034
f  1139/1/2035 1070/1/1907 1069/1/1905
f  1069/1/1906 1070/1/1908 1139/1/2036
f  1140/1/2037 1071/1/1909 1070/1/1907
f  1070/1/1908 1071/1/1910 1140/1/2038
f  1141/1/2039 1072/1/1911 1071/1/1909
f  1071/1/1910 1072/1/1912 1141/1/2040
f  1142/1/2041 1074/1/1915 1072/1/1911
f  1072/1/1912 1074/1/1916 1142/1/2042
f  1077/1/1921 1143/1/2043 1073/1/1913
f  1073/1/1914 1143/1/2044 1077/1/1922
f  1041/1/1851 1073/1/1913 1144/1/2045
f  1144/1/2046 1073/1/1914 1041/1/1852
f  1145/1/2047 1075/1/1917 1074/1/1915
f  1074/1/1916 1075/1/1918 1145/1/2048
f  1146/1/2049 1112/1/1983 1075/1/1917
f  1075/1/1918 1112/1/1984 1146/1/2050
f  1113/1/1985 1052/1/1871 1147/1/2051
f  1147/1/2052 1052/1/1872 1113/1/1986
f  1113/1/1985 1148/1/2053 1076/1/1919
f  1076/1/1920 1148/1/2054 1113/1/1986
f  1076/1/1919 1149/1/2055 1077/1/1921
f  1077/1/1922 1149/1/2056 1076/1/1920
f  1114/1/1987 1078/1/1923 1150/1/2057
f  1150/1/2058 1078/1/1924 1114/1/1988
f  1144/1/2045 1111/1/1981 1041/1/1851
f  1041/1/1852 1111/1/1982 1144/1/2046
f  1079/1/1925 1136/1/2029 1066/1/1899
f  1066/1/1900 1136/1/2030 1079/1/1926
f  1080/1/1927 1151/1/2059 1079/1/1925
f  1079/1/1926 1151/1/2060 1080/1/1928
f  1081/1/1929 1152/1/2061 1080/1/1927
f  1080/1/1928 1152/1/2062 1081/1/1930
f  1082/1/1931 1153/1/2063 1081/1/1929
f  1081/1/1930 1153/1/2064 1082/1/1932
f  1083/1/1933 1154/1/2065 1082/1/1931
f  1082/1/1932 1154/1/2066 1083/1/1934
f  1114/1/1987 1155/1/2067 1083/1/1933
f  1083/1/1934 1155/1/2068 1114/1/1988
f  1084/1/1935 1087/1/1941 1156/1/2069
f  1156/1/2070 1087/1/1942 1084/1/1936
f  1115/1/1989 1157/1/2071 1085/1/1937
f  1085/1/1938 1157/1/2072 1115/1/1990
f  1156/1/2069 1115/1/1989 1084/1/1935
f  1084/1/1936 1115/1/1990 1156/1/2070
f  1157/1/2071 1116/1/1991 1085/1/1937
f  1085/1/1938 1116/1/1992 1157/1/2072
f  1086/1/1939 1116/1/1991 1158/1/2073
f  1158/1/2074 1116/1/1992 1086/1/1940
f  1117/1/1993 1045/1/1859 1159/1/2075
f  1159/1/2076 1045/1/1860 1117/1/1994
f  1159/1/2075 1045/1/1859 1118/1/1995
f  1118/1/1996 1045/1/1860 1159/1/2076
f  1118/1/1995 1047/1/1863 1119/1/1997
f  1119/1/1998 1047/1/1864 1118/1/1996
f  1117/1/1993 1156/1/2069 1087/1/1941
f  1087/1/1942 1156/1/2070 1117/1/1994
f  1088/1/1943 1093/1/1953 1160/1/2077
f  1160/1/2078 1093/1/1954 1088/1/1944
f  1088/1/1943 1161/1/2079 1089/1/1945
f  1089/1/1946 1161/1/2080 1088/1/1944
f  1089/1/1945 1162/1/2081 1090/1/1947
f  1090/1/1948 1162/1/2082 1089/1/1946
f  1090/1/1947 1163/1/2083 1091/1/1949
f  1091/1/1950 1163/1/2084 1090/1/1948
f  1119/1/1997 1091/1/1949 1164/1/2085
f  1164/1/2086 1091/1/1950 1119/1/1998
f  1158/1/2073 1120/1/1999 1086/1/1939
f  1086/1/1940 1120/1/2000 1158/1/2074
f  1120/1/1999 1121/1/273 1048/1/1865
f  1048/1/1866 1121/1/320 1120/1/2000
f  1121/1/273 1122/1/2001 1049/1/273
f  1049/1/320 1122/1/2002 1121/1/320
f  1122/1/2001 1123/1/2003 1050/1/1867
f  1050/1/1868 1123/1/2004 1122/1/2002
f  1123/1/2003 1165/1/2087 1051/1/1869
f  1051/1/1870 1165/1/2088 1123/1/2004
f  1165/1/2087 1124/1/2005 1051/1/1869
f  1051/1/1870 1124/1/2006 1165/1/2088
f  1093/1/1953 1112/1/1983 1166/1/2089
f  1166/1/2090 1112/1/1984 1093/1/1954
f  1124/1/2005 1147/1/2051 1052/1/1871
f  1052/1/1872 1147/1/2052 1124/1/2006
f  1130/1/2017 1061/1/1889 1094/1/273
f  1094/1/320 1061/1/1890 1130/1/2018
f  1125/1/2007 1167/1/2091 1095/1/1955
f  1095/1/1956 1167/1/2092 1125/1/2008
f  1126/1/2009 1095/1/1955 1167/1/2091
f  1167/1/2092 1095/1/1956 1126/1/2010
f  1097/1/1959 1168/1/2093 1125/1/2007
f  1125/1/2008 1168/1/2094 1097/1/1960
f  1168/1/2093 1097/1/1959 1127/1/2011
f  1127/1/2012 1097/1/1960 1168/1/2094
f  1099/1/1963 1128/1/2013 1169/1/2095
f  1169/1/2096 1128/1/2014 1099/1/1964
f  1100/1/273 1099/1/1963 1170/1/2097
f  1170/1/2098 1099/1/1964 1100/1/320
f  1100/1/273 1171/1/2099 1101/1/273
f  1101/1/320 1171/1/2100 1100/1/320
f  1101/1/273 1172/1/2101 1102/1/273
f  1102/1/320 1172/1/2102 1101/1/320
f  1102/1/273 1130/1/2017 1094/1/273
f  1094/1/320 1130/1/2018 1102/1/320
f  1103/1/1965 1129/1/2015 1173/1/2103
f  1173/1/2104 1129/1/2016 1103/1/1966
f  1060/1/1887 1173/1/2103 1129/1/2015
f  1129/1/2016 1173/1/2104 1060/1/1888
f  1174/1/2105 1128/1/2013 1103/1/1965
f  1103/1/1966 1128/1/2014 1174/1/2106
f  1133/1/2023 1104/1/1967 1130/1/2017
f  1130/1/2018 1104/1/1968 1133/1/2024
f  1060/1/1887 1131/1/2019 1173/1/2103
f  1173/1/2104 1131/1/2020 1060/1/1888
f  1132/1/2021 1150/1/2057 1078/1/1923
f  1078/1/1924 1150/1/2058 1132/1/2022
f  1175/1/2107 1132/1/2021 1106/1/1971
f  1106/1/1972 1132/1/2022 1175/1/2108
f  1176/1/2109 1106/1/1971 1107/1/1973
f  1107/1/1974 1106/1/1972 1176/1/2110
f  1177/1/2111 1107/1/1973 1108/1/1975
f  1108/1/1976 1107/1/1974 1177/1/2112
f  1108/1/1975 1109/1/1977 1178/1/2113
f  1178/1/2114 1109/1/1978 1108/1/1976
f  1109/1/1977 1110/1/1979 1179/1/2115
f  1179/1/2116 1110/1/1980 1109/1/1978
f  1134/1/2025 1063/1/1893 1133/1/2023
f  1133/1/2024 1063/1/1894 1134/1/2026
f  1110/1/1979 1134/1/2025 1179/1/2115
f  1179/1/2116 1134/1/2026 1110/1/1980
f  1180/1/2117 1131/1/2019 1111/1/1981
f  1111/1/1982 1131/1/2020 1180/1/2118
f  1067/1/1901 1135/1/2027 1137/1/2031
f  1137/1/2032 1135/1/2028 1067/1/1902
f  1065/1/1897 1136/1/2029 1135/1/2027
f  1135/1/2028 1136/1/2030 1065/1/1898
f  1068/1/1903 1137/1/2031 1138/1/2033
f  1138/1/2034 1137/1/2032 1068/1/1904
f  1069/1/1905 1138/1/2033 1139/1/2035
f  1139/1/2036 1138/1/2034 1069/1/1906
f  1070/1/1907 1139/1/2035 1140/1/2037
f  1140/1/2038 1139/1/2036 1070/1/1908
f  1071/1/1909 1140/1/2037 1141/1/2039
f  1141/1/2040 1140/1/2038 1071/1/1910
f  1072/1/1911 1141/1/2039 1142/1/2041
f  1142/1/2042 1141/1/2040 1072/1/1912
f  1074/1/1915 1142/1/2041 1145/1/2047
f  1145/1/2048 1142/1/2042 1074/1/1916
f  1143/1/2043 1077/1/1921 1149/1/2055
f  1149/1/2056 1077/1/1922 1143/1/2044
f  1143/1/2043 1144/1/2045 1073/1/1913
f  1073/1/1914 1144/1/2046 1143/1/2044
f  1075/1/1917 1145/1/2047 1146/1/2049
f  1146/1/2050 1145/1/2048 1075/1/1918
f  1112/1/1983 1146/1/2049 1181/1/2119
f  1181/1/2120 1146/1/2050 1112/1/1984
f  1147/1/2051 1182/1/2121 1113/1/1985
f  1113/1/1986 1182/1/2122 1147/1/2052
f  1148/1/2053 1113/1/1985 1182/1/2121
f  1182/1/2122 1113/1/1986 1148/1/2054
f  1149/1/2055 1076/1/1919 1148/1/2053
f  1148/1/2054 1076/1/1920 1149/1/2056
f  1150/1/2057 1183/1/2123 1114/1/1987
f  1114/1/1988 1183/1/2124 1150/1/2058
f  1111/1/1981 1144/1/2045 1180/1/2117
f  1180/1/2118 1144/1/2046 1111/1/1982
f  1136/1/2029 1079/1/1925 1151/1/2059
f  1151/1/2060 1079/1/1926 1136/1/2030
f  1151/1/2059 1080/1/1927 1152/1/2061
f  1152/1/2062 1080/1/1928 1151/1/2060
f  1152/1/2061 1081/1/1929 1153/1/2063
f  1153/1/2064 1081/1/1930 1152/1/2062
f  1153/1/2063 1082/1/1931 1154/1/2065
f  1154/1/2066 1082/1/1932 1153/1/2064
f  1154/1/2065 1083/1/1933 1155/1/2067
f  1155/1/2068 1083/1/1934 1154/1/2066
f  1155/1/2067 1114/1/1987 1183/1/2123
f  1183/1/2124 1114/1/1988 1155/1/2068
f  1157/1/2071 1115/1/1989 1184/1/2125
f  1184/1/2126 1115/1/1990 1157/1/2072
f  1185/1/2127 1115/1/1989 1156/1/2069
f  1156/1/2070 1115/1/1990 1185/1/2128
f  1157/1/2071 1158/1/2073 1116/1/1991
f  1116/1/1992 1158/1/2074 1157/1/2072
f  1159/1/2075 1186/1/273 1117/1/1993
f  1117/1/1994 1186/1/320 1159/1/2076
f  1118/1/1995 1187/1/2129 1159/1/2075
f  1159/1/2076 1187/1/2130 1118/1/1996
f  1119/1/1997 1188/1/2131 1118/1/1995
f  1118/1/1996 1188/1/2132 1119/1/1998
f  1156/1/2069 1117/1/1993 1186/1/273
f  1186/1/320 1117/1/1994 1156/1/2070
f  1166/1/2089 1160/1/2077 1093/1/1953
f  1093/1/1954 1160/1/2078 1166/1/2090
f  1161/1/2079 1088/1/1943 1160/1/2077
f  1160/1/2078 1088/1/1944 1161/1/2080
f  1089/1/1945 1161/1/2079 1162/1/2081
f  1162/1/2082 1161/1/2080 1089/1/1946
f  1163/1/2083 1090/1/1947 1162/1/2081
f  1162/1/2082 1090/1/1948 1163/1/2084
f  1189/1/2133 1091/1/1949 1163/1/2083
f  1163/1/2084 1091/1/1950 1189/1/2134
f  1164/1/2085 1091/1/1949 1189/1/2133
f  1189/1/2134 1091/1/1950 1164/1/2086
f  1164/1/2085 1188/1/2131 1119/1/1997
f  1119/1/1998 1188/1/2132 1164/1/2086
f  1120/1/1999 1158/1/2073 1190/1/2135
f  1190/1/2136 1158/1/2074 1120/1/2000
f  1121/1/273 1120/1/1999 1191/1/273
f  1191/1/320 1120/1/2000 1121/1/320
f  1122/1/2001 1121/1/273 1192/1/2137
f  1192/1/2138 1121/1/320 1122/1/2002
f  1123/1/2003 1122/1/2001 1193/1/2139
f  1193/1/2140 1122/1/2002 1123/1/2004
f  1123/1/2003 1194/1/2141 1165/1/2087
f  1165/1/2088 1194/1/2142 1123/1/2004
f  1124/1/2005 1165/1/2087 1194/1/2141
f  1194/1/2142 1165/1/2088 1124/1/2006
f  1181/1/2119 1166/1/2089 1112/1/1983
f  1112/1/1984 1166/1/2090 1181/1/2120
f  1147/1/2051 1124/1/2005 1195/1/2143
f  1195/1/2144 1124/1/2006 1147/1/2052
f  1167/1/2091 1125/1/2007 1168/1/2093
f  1168/1/2094 1125/1/2008 1167/1/2092
f  1196/1/2145 1169/1/2095 1128/1/2013
f  1128/1/2014 1169/1/2096 1196/1/2146
f  1169/1/2095 1170/1/2097 1099/1/1963
f  1099/1/1964 1170/1/2098 1169/1/2096
f  1171/1/2099 1100/1/273 1170/1/2097
f  1170/1/2098 1100/1/320 1171/1/2100
f  1172/1/2101 1101/1/273 1171/1/2099
f  1171/1/2100 1101/1/320 1172/1/2102
f  1130/1/2017 1102/1/273 1172/1/2101
f  1172/1/2102 1102/1/320 1130/1/2018
f  1103/1/1965 1173/1/2103 1197/1/2147
f  1197/1/2148 1173/1/2104 1103/1/1966
f  1128/1/2013 1174/1/2105 1197/1/2147
f  1197/1/2148 1174/1/2106 1128/1/2014
f  1103/1/1965 1197/1/2147 1174/1/2105
f  1174/1/2106 1197/1/2148 1103/1/1966
f  1172/1/2101 1133/1/2023 1130/1/2017
f  1130/1/2018 1133/1/2024 1172/1/2102
f  1198/1/2149 1173/1/2103 1131/1/2019
f  1131/1/2020 1173/1/2104 1198/1/2150
f  1150/1/2057 1132/1/2021 1199/1/2151
f  1199/1/2152 1132/1/2022 1150/1/2058
f  1132/1/2021 1175/1/2107 1199/1/2151
f  1199/1/2152 1175/1/2108 1132/1/2022
f  1106/1/1971 1176/1/2109 1175/1/2107
f  1175/1/2108 1176/1/2110 1106/1/1972
f  1107/1/1973 1177/1/2111 1176/1/2109
f  1176/1/2110 1177/1/2112 1107/1/1974
f  1178/1/2113 1177/1/2111 1108/1/1975
f  1108/1/1976 1177/1/2112 1178/1/2114
f  1109/1/1977 1200/1/2153 1178/1/2113
f  1178/1/2114 1200/1/2154 1109/1/1978
f  1109/1/1977 1179/1/2115 1200/1/2153
f  1200/1/2154 1179/1/2116 1109/1/1978
f  1134/1/2025 1133/1/2023 1201/1/2155
f  1201/1/2156 1133/1/2024 1134/1/2026
f  1202/1/2157 1179/1/2115 1134/1/2025
f  1134/1/2026 1179/1/2116 1202/1/2158
f  1131/1/2019 1180/1/2117 1198/1/2149
f  1198/1/2150 1180/1/2118 1131/1/2020
f  1203/1/2159 1137/1/2031 1135/1/2027
f  1135/1/2028 1137/1/2032 1203/1/2160
f  1204/1/2161 1135/1/2027 1136/1/2029
f  1136/1/2030 1135/1/2028 1204/1/2162
f  1205/1/2163 1138/1/2033 1137/1/2031
f  1137/1/2032 1138/1/2034 1205/1/2164
f  1206/1/2165 1139/1/2035 1138/1/2033
f  1138/1/2034 1139/1/2036 1206/1/2166
f  1207/1/2167 1140/1/2037 1139/1/2035
f  1139/1/2036 1140/1/2038 1207/1/2168
f  1208/1/2169 1141/1/2039 1140/1/2037
f  1140/1/2038 1141/1/2040 1208/1/2170
f  1209/1/2171 1142/1/2041 1141/1/2039
f  1141/1/2040 1142/1/2042 1209/1/2172
f  1210/1/2173 1145/1/2047 1142/1/2041
f  1142/1/2042 1145/1/2048 1210/1/2174
f  1149/1/2055 1211/1/2175 1143/1/2043
f  1143/1/2044 1211/1/2176 1149/1/2056
f  1144/1/2045 1143/1/2043 1212/1/2177
f  1212/1/2178 1143/1/2044 1144/1/2046
f  1213/1/2179 1146/1/2049 1145/1/2047
f  1145/1/2048 1146/1/2050 1213/1/2180
f  1214/1/2181 1181/1/2119 1146/1/2049
f  1146/1/2050 1181/1/2120 1214/1/2182
f  1182/1/2121 1147/1/2051 1215/1/2183
f  1215/1/2184 1147/1/2052 1182/1/2122
f  1182/1/2121 1216/1/2185 1148/1/2053
f  1148/1/2054 1216/1/2186 1182/1/2122
f  1148/1/2053 1217/1/2187 1149/1/2055
f  1149/1/2056 1217/1/2188 1148/1/2054
f  1183/1/2123 1150/1/2057 1218/1/2189
f  1218/1/2190 1150/1/2058 1183/1/2124
f  1212/1/2177 1180/1/2117 1144/1/2045
f  1144/1/2046 1180/1/2118 1212/1/2178
f  1151/1/2059 1204/1/2161 1136/1/2029
f  1136/1/2030 1204/1/2162 1151/1/2060
f  1152/1/2061 1219/1/2191 1151/1/2059
f  1151/1/2060 1219/1/2192 1152/1/2062
f  1153/1/2063 1220/1/2193 1152/1/2061
f  1152/1/2062 1220/1/2194 1153/1/2064
f  1154/1/2065 1221/1/2195 1153/1/2063
f  1153/1/2064 1221/1/2196 1154/1/2066
f  1155/1/2067 1222/1/2197 1154/1/2065
f  1154/1/2066 1222/1/2198 1155/1/2068
f  1183/1/2123 1223/1/2199 1155/1/2067
f  1155/1/2068 1223/1/2200 1183/1/2124
f  1185/1/2127 1184/1/2125 1115/1/1989
f  1115/1/1990 1184/1/2126 1185/1/2128
f  1158/1/2073 1157/1/2071 1184/1/2125
f  1184/1/2126 1157/1/2072 1158/1/2074
f  1186/1/273 1185/1/2127 1156/1/2069
f  1156/1/2070 1185/1/2128 1186/1/320
f  1186/1/273 1159/1/2075 1187/1/2129
f  1187/1/2130 1159/1/2076 1186/1/320
f  1187/1/2129 1118/1/1995 1188/1/2131
f  1188/1/2132 1118/1/1996 1187/1/2130
f  1160/1/2077 1166/1/2089 1224/1/2201
f  1224/1/2202 1166/1/2090 1160/1/2078
f  1160/1/2077 1225/1/2203 1161/1/2079
f  1161/1/2080 1225/1/2204 1160/1/2078
f  1161/1/2079 1226/1/2205 1162/1/2081
f  1162/1/2082 1226/1/2206 1161/1/2080
f  1162/1/2081 1227/1/2207 1163/1/2083
f  1163/1/2084 1227/1/2208 1162/1/2082
f  1189/1/2133 1163/1/2083 1228/1/2209
f  1228/1/2210 1163/1/2084 1189/1/2134
f  1189/1/2133 1229/1/2211 1164/1/2085
f  1164/1/2086 1229/1/2212 1189/1/2134
f  1164/1/2085 1230/1/2213 1188/1/2131
f  1188/1/2132 1230/1/2214 1164/1/2086
f  1184/1/2125 1190/1/2135 1158/1/2073
f  1158/1/2074 1190/1/2136 1184/1/2126
f  1190/1/2135 1191/1/273 1120/1/1999
f  1120/1/2000 1191/1/320 1190/1/2136
f  1191/1/273 1192/1/2137 1121/1/273
f  1121/1/320 1192/1/2138 1191/1/320
f  1192/1/2137 1193/1/2139 1122/1/2001
f  1122/1/2002 1193/1/2140 1192/1/2138
f  1193/1/2139 1231/1/2215 1123/1/2003
f  1123/1/2004 1231/1/2216 1193/1/2140
f  1231/1/2215 1194/1/2141 1123/1/2003
f  1123/1/2004 1194/1/2142 1231/1/2216
f  1194/1/2141 1195/1/2143 1124/1/2005
f  1124/1/2006 1195/1/2144 1194/1/2142
f  1166/1/2089 1181/1/2119 1232/1/2217
f  1232/1/2218 1181/1/2120 1166/1/2090
f  1195/1/2143 1215/1/2183 1147/1/2051
f  1147/1/2052 1215/1/2184 1195/1/2144
f  1169/1/2095 1196/1/2145 1233/1/2219
f  1233/1/2220 1196/1/2146 1169/1/2096
f  1128/1/2013 1197/1/2147 1196/1/2145
f  1196/1/2146 1197/1/2148 1128/1/2014
f  1170/1/2097 1169/1/2095 1234/1/2221
f  1234/1/2222 1169/1/2096 1170/1/2098
f  1170/1/2097 1235/1/2223 1171/1/2099
f  1171/1/2100 1235/1/2224 1170/1/2098
f  1171/1/2099 1236/1/2225 1172/1/2101
f  1172/1/2102 1236/1/2226 1171/1/2100
f  1237/1/2227 1197/1/2147 1173/1/2103
f  1173/1/2104 1197/1/2148 1237/1/2228
f  1133/1/2023 1172/1/2101 1236/1/2225
f  1236/1/2226 1172/1/2102 1133/1/2024
f  1173/1/2103 1198/1/2149 1237/1/2227
f  1237/1/2228 1198/1/2150 1173/1/2104
f  1199/1/2151 1218/1/2189 1150/1/2057
f  1150/1/2058 1218/1/2190 1199/1/2152
f  1238/1/2229 1199/1/2151 1175/1/2107
f  1175/1/2108 1199/1/2152 1238/1/2230
f  1239/1/2231 1175/1/2107 1176/1/2109
f  1176/1/2110 1175/1/2108 1239/1/2232
f  1240/1/2233 1176/1/2109 1177/1/2111
f  1177/1/2112 1176/1/2110 1240/1/2234
f  1177/1/2111 1178/1/2113 1241/1/2235
f  1241/1/2236 1178/1/2114 1177/1/2112
f  1178/1/2113 1200/1/2153 1242/1/2237
f  1242/1/2238 1200/1/2154 1178/1/2114
f  1179/1/2115 1202/1/2157 1200/1/2153
f  1200/1/2154 1202/1/2158 1179/1/2116
f  1236/1/2225 1201/1/2155 1133/1/2023
f  1133/1/2024 1201/1/2156 1236/1/2226
f  1201/1/2155 1236/1/2225 1134/1/2025
f  1134/1/2026 1236/1/2226 1201/1/2156
f  1243/1/2239 1202/1/2157 1134/1/2025
f  1134/1/2026 1202/1/2158 1243/1/2240
f  1244/1/2241 1198/1/2149 1180/1/2117
f  1180/1/2118 1198/1/2150 1244/1/2242
f  1137/1/2031 1203/1/2159 1205/1/2163
f  1205/1/2164 1203/1/2160 1137/1/2032
f  1135/1/2027 1204/1/2161 1203/1/2159
f  1203/1/2160 1204/1/2162 1135/1/2028
f  1138/1/2033 1205/1/2163 1206/1/2165
f  1206/1/2166 1205/1/2164 1138/1/2034
f  1139/1/2035 1206/1/2165 1207/1/2167
f  1207/1/2168 1206/1/2166 1139/1/2036
f  1140/1/2037 1207/1/2167 1208/1/2169
f  1208/1/2170 1207/1/2168 1140/1/2038
f  1141/1/2039 1208/1/2169 1209/1/2171
f  1209/1/2172 1208/1/2170 1141/1/2040
f  1142/1/2041 1209/1/2171 1210/1/2173
f  1210/1/2174 1209/1/2172 1142/1/2042
f  1145/1/2047 1210/1/2173 1213/1/2179
f  1213/1/2180 1210/1/2174 1145/1/2048
f  1211/1/2175 1149/1/2055 1217/1/2187
f  1217/1/2188 1149/1/2056 1211/1/2176
f  1211/1/2175 1212/1/2177 1143/1/2043
f  1143/1/2044 1212/1/2178 1211/1/2176
f  1146/1/2049 1213/1/2179 1214/1/2181
f  1214/1/2182 1213/1/2180 1146/1/2050
f  1181/1/2119 1214/1/2181 1245/1/2243
f  1245/1/2244 1214/1/2182 1181/1/2120
f  1215/1/2183 1246/1/2245 1182/1/2121
f  1182/1/2122 1246/1/2246 1215/1/2184
f  1216/1/2185 1182/1/2121 1246/1/2245
f  1246/1/2246 1182/1/2122 1216/1/2186
f  1217/1/2187 1148/1/2053 1216/1/2185
f  1216/1/2186 1148/1/2054 1217/1/2188
f  1218/1/2189 1247/1/2247 1183/1/2123
f  1183/1/2124 1247/1/2248 1218/1/2190
f  1180/1/2117 1212/1/2177 1244/1/2241
f  1244/1/2242 1212/1/2178 1180/1/2118
f  1204/1/2161 1151/1/2059 1219/1/2191
f  1219/1/2192 1151/1/2060 1204/1/2162
f  1219/1/2191 1152/1/2061 1220/1/2193
f  1220/1/2194 1152/1/2062 1219/1/2192
f  1220/1/2193 1153/1/2063 1221/1/2195
f  1221/1/2196 1153/1/2064 1220/1/2194
f  1221/1/2195 1154/1/2065 1222/1/2197
f  1222/1/2198 1154/1/2066 1221/1/2196
f  1222/1/2197 1155/1/2067 1223/1/2199
f  1223/1/2200 1155/1/2068 1222/1/2198
f  1223/1/2199 1183/1/2123 1247/1/2247
f  1247/1/2248 1183/1/2124 1223/1/2200
f  1184/1/2125 1185/1/2127 1248/1/2249
f  1248/1/2250 1185/1/2128 1184/1/2126
f  1249/1/273 1185/1/2127 1186/1/273
f  1186/1/320 1185/1/2128 1249/1/320
f  1187/1/2129 1249/1/273 1186/1/273
f  1186/1/320 1249/1/320 1187/1/2130
f  1188/1/2131 1250/1/2251 1187/1/2129
f  1187/1/2130 1250/1/2252 1188/1/2132
f  1232/1/2217 1224/1/2201 1166/1/2089
f  1166/1/2090 1224/1/2202 1232/1/2218
f  1225/1/2203 1160/1/2077 1224/1/2201
f  1224/1/2202 1160/1/2078 1225/1/2204
f  1161/1/2079 1225/1/2203 1226/1/2205
f  1226/1/2206 1225/1/2204 1161/1/2080
f  1227/1/2207 1162/1/2081 1226/1/2205
f  1226/1/2206 1162/1/2082 1227/1/2208
f  1228/1/2209 1163/1/2083 1227/1/2207
f  1227/1/2208 1163/1/2084 1228/1/2210
f  1228/1/2209 1251/1/2253 1189/1/2133
f  1189/1/2134 1251/1/2254 1228/1/2210
f  1229/1/2211 1189/1/2133 1251/1/2253
f  1251/1/2254 1189/1/2134 1229/1/2212
f  1230/1/2213 1164/1/2085 1229/1/2211
f  1229/1/2212 1164/1/2086 1230/1/2214
f  1230/1/2213 1252/1/2255 1188/1/2131
f  1188/1/2132 1252/1/2256 1230/1/2214
f  1190/1/2135 1184/1/2125 1248/1/2249
f  1248/1/2250 1184/1/2126 1190/1/2136
f  1191/1/273 1190/1/2135 1253/1/273
f  1253/1/320 1190/1/2136 1191/1/320
f  1192/1/2137 1191/1/273 1254/1/2257
f  1254/1/2258 1191/1/320 1192/1/2138
f  1193/1/2139 1192/1/2137 1255/1/2259
f  1255/1/2260 1192/1/2138 1193/1/2140
f  1193/1/2139 1256/1/2261 1231/1/2215
f  1231/1/2216 1256/1/2262 1193/1/2140
f  1194/1/2141 1231/1/2215 1256/1/2261
f  1256/1/2262 1231/1/2216 1194/1/2142
f  1195/1/2143 1194/1/2141 1257/1/2263
f  1257/1/2264 1194/1/2142 1195/1/2144
f  1245/1/2243 1232/1/2217 1181/1/2119
f  1181/1/2120 1232/1/2218 1245/1/2244
f  1215/1/2183 1195/1/2143 1258/1/2265
f  1258/1/2266 1195/1/2144 1215/1/2184
f  1196/1/2145 1197/1/2147 1233/1/2219
f  1233/1/2220 1197/1/2148 1196/1/2146
f  1169/1/2095 1233/1/2219 1259/1/2267
f  1259/1/2268 1233/1/2220 1169/1/2096
f  1260/1/2269 1234/1/2221 1169/1/2095
f  1169/1/2096 1234/1/2222 1260/1/2270
f  1235/1/2223 1170/1/2097 1234/1/2221
f  1234/1/2222 1170/1/2098 1235/1/2224
f  1236/1/2225 1171/1/2099 1235/1/2223
f  1235/1/2224 1171/1/2100 1236/1/2226
f  1197/1/2147 1237/1/2227 1261/1/2271
f  1261/1/2272 1237/1/2228 1197/1/2148
f  1262/1/2273 1237/1/2227 1198/1/2149
f  1198/1/2150 1237/1/2228 1262/1/2274
f  1218/1/2189 1199/1/2151 1263/1/2275
f  1263/1/2276 1199/1/2152 1218/1/2190
f  1199/1/2151 1238/1/2229 1263/1/2275
f  1263/1/2276 1238/1/2230 1199/1/2152
f  1175/1/2107 1239/1/2231 1238/1/2229
f  1238/1/2230 1239/1/2232 1175/1/2108
f  1176/1/2109 1240/1/2233 1239/1/2231
f  1239/1/2232 1240/1/2234 1176/1/2110
f  1241/1/2235 1240/1/2233 1177/1/2111
f  1177/1/2112 1240/1/2234 1241/1/2236
f  1178/1/2113 1242/1/2237 1241/1/2235
f  1241/1/2236 1242/1/2238 1178/1/2114
f  1200/1/2153 1264/1/2277 1242/1/2237
f  1242/1/2238 1264/1/2278 1200/1/2154
f  1264/1/2277 1200/1/2153 1202/1/2157
f  1202/1/2158 1200/1/2154 1264/1/2278
f  1134/1/2025 1236/1/2225 1243/1/2239
f  1243/1/2240 1236/1/2226 1134/1/2026
f  1202/1/2157 1243/1/2239 1265/1/2279
f  1265/1/2280 1243/1/2240 1202/1/2158
f  1198/1/2149 1244/1/2241 1262/1/2273
f  1262/1/2274 1244/1/2242 1198/1/2150
f  1203/1/2159 1266/1/2281 1205/1/2163
f  1205/1/2164 1266/1/2282 1203/1/2160
f  1267/1/2283 1203/1/2159 1204/1/2161
f  1204/1/2162 1203/1/2160 1267/1/2284
f  1205/1/2163 1268/1/2285 1206/1/2165
f  1206/1/2166 1268/1/2286 1205/1/2164
f  1206/1/2165 1269/1/2287 1207/1/2167
f  1207/1/2168 1269/1/2288 1206/1/2166
f  1207/1/2167 1270/1/2289 1208/1/2169
f  1208/1/2170 1270/1/2290 1207/1/2168
f  1208/1/2169 1271/1/2291 1209/1/2171
f  1209/1/2172 1271/1/2292 1208/1/2170
f  1209/1/2171 1272/1/2293 1210/1/2173
f  1210/1/2174 1272/1/2294 1209/1/2172
f  1210/1/2173 1273/1/2295 1213/1/2179
f  1213/1/2180 1273/1/2296 1210/1/2174
f  1217/1/2187 1274/1/2297 1211/1/2175
f  1211/1/2176 1274/1/2298 1217/1/2188
f  1212/1/2177 1211/1/2175 1275/1/2299
f  1275/1/2300 1211/1/2176 1212/1/2178
f  1213/1/2179 1276/1/2301 1214/1/2181
f  1214/1/2182 1276/1/2302 1213/1/2180
f  1214/1/2181 1277/1/2303 1245/1/2243
f  1245/1/2244 1277/1/2304 1214/1/2182
f  1246/1/2245 1215/1/2183 1278/1/2305
f  1278/1/2306 1215/1/2184 1246/1/2246
f  1246/1/2245 1279/1/2307 1216/1/2185
f  1216/1/2186 1279/1/2308 1246/1/2246
f  1216/1/2185 1280/1/2309 1217/1/2187
f  1217/1/2188 1280/1/2310 1216/1/2186
f  1247/1/2247 1218/1/2189 1281/1/2311
f  1281/1/2312 1218/1/2190 1247/1/2248
f  1275/1/2299 1244/1/2241 1212/1/2177
f  1212/1/2178 1244/1/2242 1275/1/2300
f  1282/1/2313 1204/1/2161 1219/1/2191
f  1219/1/2192 1204/1/2162 1282/1/2314
f  1283/1/2315 1219/1/2191 1220/1/2193
f  1220/1/2194 1219/1/2192 1283/1/2316
f  1284/1/2317 1220/1/2193 1221/1/2195
f  1221/1/2196 1220/1/2194 1284/1/2318
f  1285/1/2319 1221/1/2195 1222/1/2197
f  1222/1/2198 1221/1/2196 1285/1/2320
f  1286/1/2321 1222/1/2197 1223/1/2199
f  1223/1/2200 1222/1/2198 1286/1/2322
f  1287/1/2323 1223/1/2199 1247/1/2247
f  1247/1/2248 1223/1/2200 1287/1/2324
f  1249/1/273 1248/1/2249 1185/1/2127
f  1185/1/2128 1248/1/2250 1249/1/320
f  1250/1/2251 1249/1/273 1187/1/2129
f  1187/1/2130 1249/1/320 1250/1/2252
f  1252/1/2255 1250/1/2251 1188/1/2131
f  1188/1/2132 1250/1/2252 1252/1/2256
f  1224/1/2201 1232/1/2217 1288/1/2325
f  1288/1/2326 1232/1/2218 1224/1/2202
f  1224/1/2201 1289/1/2327 1225/1/2203
f  1225/1/2204 1289/1/2328 1224/1/2202
f  1225/1/2203 1290/1/2329 1226/1/2205
f  1226/1/2206 1290/1/2330 1225/1/2204
f  1226/1/2205 1291/1/2331 1227/1/2207
f  1227/1/2208 1291/1/2332 1226/1/2206
f  1228/1/2209 1227/1/2207 1292/1/2333
f  1292/1/2334 1227/1/2208 1228/1/2210
f  1251/1/2253 1228/1/2209 1293/1/2335
f  1293/1/2336 1228/1/2210 1251/1/2254
f  1251/1/2253 1294/1/2337 1229/1/2211
f  1229/1/2212 1294/1/2338 1251/1/2254
f  1229/1/2211 1252/1/2255 1230/1/2213
f  1230/1/2214 1252/1/2256 1229/1/2212
f  1248/1/2249 1253/1/273 1190/1/2135
f  1190/1/2136 1253/1/320 1248/1/2250
f  1253/1/273 1254/1/2257 1191/1/273
f  1191/1/320 1254/1/2258 1253/1/320
f  1254/1/2257 1255/1/2259 1192/1/2137
f  1192/1/2138 1255/1/2260 1254/1/2258
f  1255/1/2259 1295/1/2339 1193/1/2139
f  1193/1/2140 1295/1/2340 1255/1/2260
f  1296/1/2341 1256/1/2261 1193/1/2139
f  1193/1/2140 1256/1/2262 1296/1/2342
f  1256/1/2261 1257/1/2263 1194/1/2141
f  1194/1/2142 1257/1/2264 1256/1/2262
f  1257/1/2263 1258/1/2265 1195/1/2143
f  1195/1/2144 1258/1/2266 1257/1/2264
f  1232/1/2217 1245/1/2243 1297/1/2343
f  1297/1/2344 1245/1/2244 1232/1/2218
f  1258/1/2265 1278/1/2305 1215/1/2183
f  1215/1/2184 1278/1/2306 1258/1/2266
f  1261/1/2271 1233/1/2219 1197/1/2147
f  1197/1/2148 1233/1/2220 1261/1/2272
f  1298/1/2345 1259/1/2267 1233/1/2219
f  1233/1/2220 1259/1/2268 1298/1/2346
f  1169/1/2095 1259/1/2267 1260/1/2269
f  1260/1/2270 1259/1/2268 1169/1/2096
f  1234/1/2221 1260/1/2269 1259/1/2267
f  1259/1/2268 1260/1/2270 1234/1/2222
f  1234/1/2221 1299/1/2347 1235/1/2223
f  1235/1/2224 1299/1/2348 1234/1/2222
f  1235/1/2223 1300/1/2349 1236/1/2225
f  1236/1/2226 1300/1/2350 1235/1/2224
f  1301/1/2351 1261/1/2271 1237/1/2227
f  1237/1/2228 1261/1/2272 1301/1/2352
f  1237/1/2227 1262/1/2273 1301/1/2351
f  1301/1/2352 1262/1/2274 1237/1/2228
f  1263/1/2275 1281/1/2311 1218/1/2189
f  1218/1/2190 1281/1/2312 1263/1/2276
f  1302/1/2353 1263/1/2275 1238/1/2229
f  1238/1/2230 1263/1/2276 1302/1/2354
f  1303/1/2355 1238/1/2229 1239/1/2231
f  1239/1/2232 1238/1/2230 1303/1/2356
f  1304/1/2357 1239/1/2231 1240/1/2233
f  1240/1/2234 1239/1/2232 1304/1/2358
f  1240/1/2233 1241/1/2235 1305/1/2359
f  1305/1/2360 1241/1/2236 1240/1/2234
f  1241/1/2235 1242/1/2237 1306/1/2361
f  1306/1/2362 1242/1/2238 1241/1/2236
f  1307/1/2363 1242/1/2237 1264/1/2277
f  1264/1/2278 1242/1/2238 1307/1/2364
f  1265/1/2279 1264/1/2277 1202/1/2157
f  1202/1/2158 1264/1/2278 1265/1/2280
f  1243/1/2239 1236/1/2225 1300/1/2349
f  1300/1/2350 1236/1/2226 1243/1/2240
f  1308/1/2365 1265/1/2279 1243/1/2239
f  1243/1/2240 1265/1/2280 1308/1/2366
f  1309/1/2367 1262/1/2273 1244/1/2241
f  1244/1/2242 1262/1/2274 1309/1/2368
f  1266/1/2281 1203/1/2159 1310/1/2369
f  1310/1/2370 1203/1/2160 1266/1/2282
f  1268/1/2285 1205/1/2163 1266/1/2281
f  1266/1/2282 1205/1/2164 1268/1/2286
f  1203/1/2159 1267/1/2283 1310/1/2369
f  1310/1/2370 1267/1/2284 1203/1/2160
f  1204/1/2161 1282/1/2313 1267/1/2283
f  1267/1/2284 1282/1/2314 1204/1/2162
f  1269/1/2287 1206/1/2165 1268/1/2285
f  1268/1/2286 1206/1/2166 1269/1/2288
f  1270/1/2289 1207/1/2167 1269/1/2287
f  1269/1/2288 1207/1/2168 1270/1/2290
f  1271/1/2291 1208/1/2169 1270/1/2289
f  1270/1/2290 1208/1/2170 1271/1/2292
f  1272/1/2293 1209/1/2171 1271/1/2291
f  1271/1/2292 1209/1/2172 1272/1/2294
f  1273/1/2295 1210/1/2173 1272/1/2293
f  1272/1/2294 1210/1/2174 1273/1/2296
f  1276/1/2301 1213/1/2179 1273/1/2295
f  1273/1/2296 1213/1/2180 1276/1/2302
f  1274/1/2297 1217/1/2187 1280/1/2309
f  1280/1/2310 1217/1/2188 1274/1/2298
f  1274/1/2297 1275/1/2299 1211/1/2175
f  1211/1/2176 1275/1/2300 1274/1/2298
f  1277/1/2303 1214/1/2181 1276/1/2301
f  1276/1/2302 1214/1/2182 1277/1/2304
f  1311/1/2371 1245/1/2243 1277/1/2303
f  1277/1/2304 1245/1/2244 1311/1/2372
f  1278/1/2305 1312/1/2373 1246/1/2245
f  1246/1/2246 1312/1/2374 1278/1/2306
f  1279/1/2307 1246/1/2245 1312/1/2373
f  1312/1/2374 1246/1/2246 1279/1/2308
f  1280/1/2309 1216/1/2185 1279/1/2307
f  1279/1/2308 1216/1/2186 1280/1/2310
f  1313/1/2375 1247/1/2247 1281/1/2311
f  1281/1/2312 1247/1/2248 1313/1/2376
f  1244/1/2241 1275/1/2299 1309/1/2367
f  1309/1/2368 1275/1/2300 1244/1/2242
f  1219/1/2191 1283/1/2315 1282/1/2313
f  1282/1/2314 1283/1/2316 1219/1/2192
f  1220/1/2193 1284/1/2317 1283/1/2315
f  1283/1/2316 1284/1/2318 1220/1/2194
f  1221/1/2195 1285/1/2319 1284/1/2317
f  1284/1/2318 1285/1/2320 1221/1/2196
f  1222/1/2197 1286/1/2321 1285/1/2319
f  1285/1/2320 1286/1/2322 1222/1/2198
f  1223/1/2199 1287/1/2323 1286/1/2321
f  1286/1/2322 1287/1/2324 1223/1/2200
f  1247/1/2247 1313/1/2375 1287/1/2323
f  1287/1/2324 1313/1/2376 1247/1/2248
f  1248/1/2249 1249/1/273 1314/1/273
f  1314/1/320 1249/1/320 1248/1/2250
f  1250/1/2251 1314/1/273 1249/1/273
f  1249/1/320 1314/1/320 1250/1/2252
f  1252/1/2255 1315/1/2377 1250/1/2251
f  1250/1/2252 1315/1/2378 1252/1/2256
f  1297/1/2343 1288/1/2325 1232/1/2217
f  1232/1/2218 1288/1/2326 1297/1/2344
f  1289/1/2327 1224/1/2201 1288/1/2325
f  1288/1/2326 1224/1/2202 1289/1/2328
f  1225/1/2203 1289/1/2327 1290/1/2329
f  1290/1/2330 1289/1/2328 1225/1/2204
f  1291/1/2331 1226/1/2205 1290/1/2329
f  1290/1/2330 1226/1/2206 1291/1/2332
f  1292/1/2333 1227/1/2207 1291/1/2331
f  1291/1/2332 1227/1/2208 1292/1/2334
f  1292/1/2333 1293/1/2335 1228/1/2209
f  1228/1/2210 1293/1/2336 1292/1/2334
f  1293/1/2335 1316/1/2379 1251/1/2253
f  1251/1/2254 1316/1/2380 1293/1/2336
f  1316/1/2379 1294/1/2337 1251/1/2253
f  1251/1/2254 1294/1/2338 1316/1/2380
f  1294/1/2337 1252/1/2255 1229/1/2211
f  1229/1/2212 1252/1/2256 1294/1/2338
f  1253/1/273 1248/1/2249 1314/1/273
f  1314/1/320 1248/1/2250 1253/1/320
f  1254/1/2257 1253/1/273 1317/1/2381
f  1317/1/2382 1253/1/320 1254/1/2258
f  1255/1/2259 1254/1/2257 1318/1/2383
f  1318/1/2384 1254/1/2258 1255/1/2260
f  1319/1/2385 1295/1/2339 1255/1/2259
f  1255/1/2260 1295/1/2340 1319/1/2386
f  1193/1/2139 1295/1/2339 1296/1/2341
f  1296/1/2342 1295/1/2340 1193/1/2140
f  1256/1/2261 1296/1/2341 1295/1/2339
f  1295/1/2340 1296/1/2342 1256/1/2262
f  1257/1/2263 1256/1/2261 1320/1/2387
f  1320/1/2388 1256/1/2262 1257/1/2264
f  1258/1/2265 1257/1/2263 1321/1/2389
f  1321/1/2390 1257/1/2264 1258/1/2266
f  1245/1/2243 1311/1/2371 1297/1/2343
f  1297/1/2344 1311/1/2372 1245/1/2244
f  1278/1/2305 1258/1/2265 1322/1/2391
f  1322/1/2392 1258/1/2266 1278/1/2306
f  1233/1/2219 1261/1/2271 1298/1/2345
f  1298/1/2346 1261/1/2272 1233/1/2220
f  1259/1/2267 1298/1/2345 1323/1/2393
f  1323/1/2394 1298/1/2346 1259/1/2268
f  1234/1/2221 1259/1/2267 1324/1/2395
f  1324/1/2396 1259/1/2268 1234/1/2222
f  1299/1/2347 1234/1/2221 1325/1/2397
f  1325/1/2398 1234/1/2222 1299/1/2348
f  1308/1/2365 1235/1/2223 1299/1/2347
f  1299/1/2348 1235/1/2224 1308/1/2366
f  1300/1/2349 1235/1/2223 1243/1/2239
f  1243/1/2240 1235/1/2224 1300/1/2350
f  1261/1/2271 1301/1/2351 1326/1/2399
f  1326/1/2400 1301/1/2352 1261/1/2272
f  1327/1/2401 1301/1/2351 1262/1/2273
f  1262/1/2274 1301/1/2352 1327/1/2402
f  1281/1/2311 1263/1/2275 1328/1/2403
f  1328/1/2404 1263/1/2276 1281/1/2312
f  1263/1/2275 1302/1/2353 1328/1/2403
f  1328/1/2404 1302/1/2354 1263/1/2276
f  1238/1/2229 1303/1/2355 1302/1/2353
f  1302/1/2354 1303/1/2356 1238/1/2230
f  1239/1/2231 1304/1/2357 1303/1/2355
f  1303/1/2356 1304/1/2358 1239/1/2232
f  1305/1/2359 1304/1/2357 1240/1/2233
f  1240/1/2234 1304/1/2358 1305/1/2360
f  1241/1/2235 1329/1/2405 1305/1/2359
f  1305/1/2360 1329/1/2406 1241/1/2236
f  1242/1/2237 1307/1/2363 1306/1/2361
f  1306/1/2362 1307/1/2364 1242/1/2238
f  1241/1/2235 1306/1/2361 1329/1/2405
f  1329/1/2406 1306/1/2362 1241/1/2236
f  1330/1/2407 1307/1/2363 1264/1/2277
f  1264/1/2278 1307/1/2364 1330/1/2408
f  1264/1/2277 1265/1/2279 1330/1/2407
f  1330/1/2408 1265/1/2280 1264/1/2278
f  1265/1/2279 1308/1/2365 1331/1/2409
f  1331/1/2410 1308/1/2366 1265/1/2280
f  1243/1/2239 1235/1/2223 1308/1/2365
f  1308/1/2366 1235/1/2224 1243/1/2240
f  1262/1/2273 1309/1/2367 1327/1/2401
f  1327/1/2402 1309/1/2368 1262/1/2274
f  1310/1/2369 1332/1/2411 1266/1/2281
f  1266/1/2282 1332/1/2412 1310/1/2370
f  1266/1/2281 1333/1/2413 1268/1/2285
f  1268/1/2286 1333/1/2414 1266/1/2282
f  1334/1/2415 1310/1/2369 1267/1/2283
f  1267/1/2284 1310/1/2370 1334/1/2416
f  1335/1/2417 1267/1/2283 1282/1/2313
f  1282/1/2314 1267/1/2284 1335/1/2418
f  1268/1/2285 1336/1/2419 1269/1/2287
f  1269/1/2288 1336/1/2420 1268/1/2286
f  1269/1/2287 1337/1/2421 1270/1/2289
f  1270/1/2290 1337/1/2422 1269/1/2288
f  1270/1/2289 1338/1/2423 1271/1/2291
f  1271/1/2292 1338/1/2424 1270/1/2290
f  1271/1/2291 1339/1/2425 1272/1/2293
f  1272/1/2294 1339/1/2426 1271/1/2292
f  1272/1/2293 1340/1/2427 1273/1/2295
f  1273/1/2296 1340/1/2428 1272/1/2294
f  1273/1/2295 1341/1/2429 1276/1/2301
f  1276/1/2302 1341/1/2430 1273/1/2296
f  1280/1/2309 1342/1/2431 1274/1/2297
f  1274/1/2298 1342/1/2432 1280/1/2310
f  1275/1/2299 1274/1/2297 1343/1/2433
f  1343/1/2434 1274/1/2298 1275/1/2300
f  1276/1/2301 1344/1/2435 1277/1/2303
f  1277/1/2304 1344/1/2436 1276/1/2302
f  1277/1/2303 1345/1/2437 1311/1/2371
f  1311/1/2372 1345/1/2438 1277/1/2304
f  1312/1/2373 1278/1/2305 1346/1/2439
f  1346/1/2440 1278/1/2306 1312/1/2374
f  1312/1/2373 1347/1/2441 1279/1/2307
f  1279/1/2308 1347/1/2442 1312/1/2374
f  1279/1/2307 1348/1/2443 1280/1/2309
f  1280/1/2310 1348/1/2444 1279/1/2308
f  1281/1/2311 1349/1/2445 1313/1/2375
f  1313/1/2376 1349/1/2446 1281/1/2312
f  1343/1/2433 1309/1/2367 1275/1/2299
f  1275/1/2300 1309/1/2368 1343/1/2434
f  1350/1/2447 1282/1/2313 1283/1/2315
f  1283/1/2316 1282/1/2314 1350/1/2448
f  1351/1/2449 1283/1/2315 1284/1/2317
f  1284/1/2318 1283/1/2316 1351/1/2450
f  1352/1/2451 1284/1/2317 1285/1/2319
f  1285/1/2320 1284/1/2318 1352/1/2452
f  1353/1/2453 1285/1/2319 1286/1/2321
f  1286/1/2322 1285/1/2320 1353/1/2454
f  1354/1/2455 1286/1/2321 1287/1/2323
f  1287/1/2324 1286/1/2322 1354/1/2456
f  1355/1/2457 1287/1/2323 1313/1/2375
f  1313/1/2376 1287/1/2324 1355/1/2458
f  1314/1/273 1250/1/2251 1315/1/2377
f  1315/1/2378 1250/1/2252 1314/1/320
f  1315/1/2377 1252/1/2255 1356/1/2459
f  1356/1/2460 1252/1/2256 1315/1/2378
f  1288/1/2325 1297/1/2343 1357/1/2461
f  1357/1/2462 1297/1/2344 1288/1/2326
f  1288/1/2325 1358/1/2463 1289/1/2327
f  1289/1/2328 1358/1/2464 1288/1/2326
f  1289/1/2327 1359/1/2465 1290/1/2329
f  1290/1/2330 1359/1/2466 1289/1/2328
f  1290/1/2329 1360/1/2467 1291/1/2331
f  1291/1/2332 1360/1/2468 1290/1/2330
f  1292/1/2333 1291/1/2331 1361/1/2469
f  1361/1/2470 1291/1/2332 1292/1/2334
f  1293/1/2335 1292/1/2333 1362/1/2471
f  1362/1/2472 1292/1/2334 1293/1/2336
f  1363/1/2473 1316/1/2379 1293/1/2335
f  1293/1/2336 1316/1/2380 1363/1/2474
f  1316/1/2379 1364/1/2475 1294/1/2337
f  1294/1/2338 1364/1/2476 1316/1/2380
f  1294/1/2337 1356/1/2459 1252/1/2255
f  1252/1/2256 1356/1/2460 1294/1/2338
f  1314/1/273 1317/1/2381 1253/1/273
f  1253/1/320 1317/1/2382 1314/1/320
f  1317/1/2381 1318/1/2383 1254/1/2257
f  1254/1/2258 1318/1/2384 1317/1/2382
f  1318/1/2383 1319/1/2385 1255/1/2259
f  1255/1/2260 1319/1/2386 1318/1/2384
f  1295/1/2339 1319/1/2385 1365/1/2477
f  1365/1/2478 1319/1/2386 1295/1/2340
f  1295/1/2339 1320/1/2387 1256/1/2261
f  1256/1/2262 1320/1/2388 1295/1/2340
f  1320/1/2387 1321/1/2389 1257/1/2263
f  1257/1/2264 1321/1/2390 1320/1/2388
f  1321/1/2389 1322/1/2391 1258/1/2265
f  1258/1/2266 1322/1/2392 1321/1/2390
f  1366/1/2479 1297/1/2343 1311/1/2371
f  1311/1/2372 1297/1/2344 1366/1/2480
f  1322/1/2391 1346/1/2439 1278/1/2305
f  1278/1/2306 1346/1/2440 1322/1/2392
f  1326/1/2399 1298/1/2345 1261/1/2271
f  1261/1/2272 1298/1/2346 1326/1/2400
f  1367/1/2481 1323/1/2393 1298/1/2345
f  1298/1/2346 1323/1/2394 1367/1/2482
f  1323/1/2393 1324/1/2395 1259/1/2267
f  1259/1/2268 1324/1/2396 1323/1/2394
f  1234/1/2221 1324/1/2395 1325/1/2397
f  1325/1/2398 1324/1/2396 1234/1/2222
f  1299/1/2347 1325/1/2397 1308/1/2365
f  1308/1/2366 1325/1/2398 1299/1/2348
f  1368/1/2483 1326/1/2399 1301/1/2351
f  1301/1/2352 1326/1/2400 1368/1/2484
f  1301/1/2351 1327/1/2401 1368/1/2483
f  1368/1/2484 1327/1/2402 1301/1/2352
f  1349/1/2445 1281/1/2311 1328/1/2403
f  1328/1/2404 1281/1/2312 1349/1/2446
f  1369/1/2485 1328/1/2403 1302/1/2353
f  1302/1/2354 1328/1/2404 1369/1/2486
f  1303/1/2355 1369/1/2485 1302/1/2353
f  1302/1/2354 1369/1/2486 1303/1/2356
f  1304/1/2357 1370/1/2487 1303/1/2355
f  1303/1/2356 1370/1/2488 1304/1/2358
f  1304/1/2357 1305/1/2359 1371/1/2489
f  1371/1/2490 1305/1/2360 1304/1/2358
f  1305/1/2359 1329/1/2405 1372/1/2491
f  1372/1/2492 1329/1/2406 1305/1/2360
f  1307/1/2363 1329/1/2405 1306/1/2361
f  1306/1/2362 1329/1/2406 1307/1/2364
f  1307/1/2363 1330/1/2407 1373/1/2493
f  1373/1/2494 1330/1/2408 1307/1/2364
f  1331/1/2409 1330/1/2407 1265/1/2279
f  1265/1/2280 1330/1/2408 1331/1/2410
f  1324/1/2395 1331/1/2409 1308/1/2365
f  1308/1/2366 1331/1/2410 1324/1/2396
f  1374/1/2495 1327/1/2401 1309/1/2367
f  1309/1/2368 1327/1/2402 1374/1/2496
f  1332/1/2411 1310/1/2369 1375/1/2497
f  1375/1/2498 1310/1/2370 1332/1/2412
f  1333/1/2413 1266/1/2281 1332/1/2411
f  1332/1/2412 1266/1/2282 1333/1/2414
f  1336/1/2419 1268/1/2285 1333/1/2413
f  1333/1/2414 1268/1/2286 1336/1/2420
f  1310/1/2369 1334/1/2415 1375/1/2497
f  1375/1/2498 1334/1/2416 1310/1/2370
f  1267/1/2283 1335/1/2417 1334/1/2415
f  1334/1/2416 1335/1/2418 1267/1/2284
f  1282/1/2313 1350/1/2447 1335/1/2417
f  1335/1/2418 1350/1/2448 1282/1/2314
f  1337/1/2421 1269/1/2287 1336/1/2419
f  1336/1/2420 1269/1/2288 1337/1/2422
f  1338/1/2423 1270/1/2289 1337/1/2421
f  1337/1/2422 1270/1/2290 1338/1/2424
f  1339/1/2425 1271/1/2291 1338/1/2423
f  1338/1/2424 1271/1/2292 1339/1/2426
f  1340/1/2427 1272/1/2293 1339/1/2425
f  1339/1/2426 1272/1/2294 1340/1/2428
f  1341/1/2429 1273/1/2295 1340/1/2427
f  1340/1/2428 1273/1/2296 1341/1/2430
f  1344/1/2435 1276/1/2301 1341/1/2429
f  1341/1/2430 1276/1/2302 1344/1/2436
f  1342/1/2431 1280/1/2309 1348/1/2443
f  1348/1/2444 1280/1/2310 1342/1/2432
f  1342/1/2431 1343/1/2433 1274/1/2297
f  1274/1/2298 1343/1/2434 1342/1/2432
f  1345/1/2437 1277/1/2303 1344/1/2435
f  1344/1/2436 1277/1/2304 1345/1/2438
f  1376/1/2499 1311/1/2371 1345/1/2437
f  1345/1/2438 1311/1/2372 1376/1/2500
f  1346/1/2439 1377/1/2501 1312/1/2373
f  1312/1/2374 1377/1/2502 1346/1/2440
f  1347/1/2441 1312/1/2373 1377/1/2501
f  1377/1/2502 1312/1/2374 1347/1/2442
f  1348/1/2443 1279/1/2307 1347/1/2441
f  1347/1/2442 1279/1/2308 1348/1/2444
f  1378/1/2503 1313/1/2375 1349/1/2445
f  1349/1/2446 1313/1/2376 1378/1/2504
f  1309/1/2367 1343/1/2433 1374/1/2495
f  1374/1/2496 1343/1/2434 1309/1/2368
f  1283/1/2315 1351/1/2449 1350/1/2447
f  1350/1/2448 1351/1/2450 1283/1/2316
f  1284/1/2317 1352/1/2451 1351/1/2449
f  1351/1/2450 1352/1/2452 1284/1/2318
f  1285/1/2319 1353/1/2453 1352/1/2451
f  1352/1/2452 1353/1/2454 1285/1/2320
f  1286/1/2321 1354/1/2455 1353/1/2453
f  1353/1/2454 1354/1/2456 1286/1/2322
f  1287/1/2323 1355/1/2457 1354/1/2455
f  1354/1/2456 1355/1/2458 1287/1/2324
f  1313/1/2375 1378/1/2503 1355/1/2457
f  1355/1/2458 1378/1/2504 1313/1/2376
f  1317/1/2381 1314/1/273 1315/1/2377
f  1315/1/2378 1314/1/320 1317/1/2382
f  1379/1/2505 1315/1/2377 1356/1/2459
f  1356/1/2460 1315/1/2378 1379/1/2506
f  1297/1/2343 1366/1/2479 1357/1/2461
f  1357/1/2462 1366/1/2480 1297/1/2344
f  1358/1/2463 1288/1/2325 1357/1/2461
f  1357/1/2462 1288/1/2326 1358/1/2464
f  1289/1/2327 1358/1/2463 1359/1/2465
f  1359/1/2466 1358/1/2464 1289/1/2328
f  1360/1/2467 1290/1/2329 1359/1/2465
f  1359/1/2466 1290/1/2330 1360/1/2468
f  1361/1/2469 1291/1/2331 1360/1/2467
f  1360/1/2468 1291/1/2332 1361/1/2470
f  1361/1/2469 1362/1/2471 1292/1/2333
f  1292/1/2334 1362/1/2472 1361/1/2470
f  1362/1/2471 1363/1/2473 1293/1/2335
f  1293/1/2336 1363/1/2474 1362/1/2472
f  1363/1/2473 1380/1/2507 1316/1/2379
f  1316/1/2380 1380/1/2508 1363/1/2474
f  1364/1/2475 1316/1/2379 1380/1/2507
f  1380/1/2508 1316/1/2380 1364/1/2476
f  1381/1/2509 1294/1/2337 1364/1/2475
f  1364/1/2476 1294/1/2338 1381/1/2510
f  1294/1/2337 1381/1/2509 1356/1/2459
f  1356/1/2460 1381/1/2510 1294/1/2338
f  1318/1/2383 1317/1/2381 1379/1/2505
f  1379/1/2506 1317/1/2382 1318/1/2384
f  1318/1/2383 1365/1/2477 1319/1/2385
f  1319/1/2386 1365/1/2478 1318/1/2384
f  1365/1/2477 1382/1/2511 1295/1/2339
f  1295/1/2340 1382/1/2512 1365/1/2478
f  1320/1/2387 1295/1/2339 1382/1/2511
f  1382/1/2512 1295/1/2340 1320/1/2388
f  1321/1/2389 1320/1/2387 1383/1/2513
f  1383/1/2514 1320/1/2388 1321/1/2390
f  1322/1/2391 1321/1/2389 1384/1/2515
f  1384/1/2516 1321/1/2390 1322/1/2392
f  1311/1/2371 1376/1/2499 1366/1/2479
f  1366/1/2480 1376/1/2500 1311/1/2372
f  1346/1/2439 1322/1/2391 1385/1/2517
f  1385/1/2518 1322/1/2392 1346/1/2440
f  1298/1/2345 1326/1/2399 1367/1/2481
f  1367/1/2482 1326/1/2400 1298/1/2346
f  1323/1/2393 1367/1/2481 1386/1/2519
f  1386/1/2520 1367/1/2482 1323/1/2394
f  1324/1/2395 1323/1/2393 1387/1/2521
f  1387/1/2522 1323/1/2394 1324/1/2396
f  1308/1/2365 1325/1/2397 1324/1/2395
f  1324/1/2396 1325/1/2398 1308/1/2366
f  1326/1/2399 1368/1/2483 1388/1/2523
f  1388/1/2524 1368/1/2484 1326/1/2400
f  1389/1/2525 1368/1/2483 1327/1/2401
f  1327/1/2402 1368/1/2484 1389/1/2526
f  1328/1/2403 1369/1/2485 1349/1/2445
f  1349/1/2446 1369/1/2486 1328/1/2404
f  1369/1/2485 1303/1/2355 1370/1/2487
f  1370/1/2488 1303/1/2356 1369/1/2486
f  1370/1/2487 1304/1/2357 1390/1/2527
f  1390/1/2528 1304/1/2358 1370/1/2488
f  1305/1/2359 1372/1/2491 1371/1/2489
f  1371/1/2490 1372/1/2492 1305/1/2360
f  1371/1/2489 1390/1/2527 1304/1/2357
f  1304/1/2358 1390/1/2528 1371/1/2490
f  1391/1/2529 1372/1/2491 1329/1/2405
f  1329/1/2406 1372/1/2492 1391/1/2530
f  1329/1/2405 1307/1/2363 1391/1/2529
f  1391/1/2530 1307/1/2364 1329/1/2406
f  1392/1/2531 1373/1/2493 1330/1/2407
f  1330/1/2408 1373/1/2494 1392/1/2532
f  1373/1/2493 1391/1/2529 1307/1/2363
f  1307/1/2364 1391/1/2530 1373/1/2494
f  1330/1/2407 1331/1/2409 1392/1/2531
f  1392/1/2532 1331/1/2410 1330/1/2408
f  1331/1/2409 1324/1/2395 1387/1/2521
f  1387/1/2522 1324/1/2396 1331/1/2410
f  1327/1/2401 1374/1/2495 1389/1/2525
f  1389/1/2526 1374/1/2496 1327/1/2402
f  1375/1/2497 1393/1/2533 1332/1/2411
f  1332/1/2412 1393/1/2534 1375/1/2498
f  1332/1/2411 1394/1/2535 1333/1/2413
f  1333/1/2414 1394/1/2536 1332/1/2412
f  1333/1/2413 1395/1/2537 1336/1/2419
f  1336/1/2420 1395/1/2538 1333/1/2414
f  1396/1/2539 1375/1/2497 1334/1/2415
f  1334/1/2416 1375/1/2498 1396/1/2540
f  1397/1/2541 1334/1/2415 1335/1/2417
f  1335/1/2418 1334/1/2416 1397/1/2542
f  1398/1/2543 1335/1/2417 1350/1/2447
f  1350/1/2448 1335/1/2418 1398/1/2544
f  1336/1/2419 1399/1/2545 1337/1/2421
f  1337/1/2422 1399/1/2546 1336/1/2420
f  1337/1/2421 1400/1/2547 1338/1/2423
f  1338/1/2424 1400/1/2548 1337/1/2422
f  1338/1/2423 1401/1/2549 1339/1/2425
f  1339/1/2426 1401/1/2550 1338/1/2424
f  1339/1/2425 1402/1/2551 1340/1/2427
f  1340/1/2428 1402/1/2552 1339/1/2426
f  1340/1/2427 1403/1/2553 1341/1/2429
f  1341/1/2430 1403/1/2554 1340/1/2428
f  1341/1/2429 1404/1/2555 1344/1/2435
f  1344/1/2436 1404/1/2556 1341/1/2430
f  1348/1/2443 1405/1/2557 1342/1/2431
f  1342/1/2432 1405/1/2558 1348/1/2444
f  1343/1/2433 1342/1/2431 1406/1/2559
f  1406/1/2560 1342/1/2432 1343/1/2434
f  1344/1/2435 1407/1/2561 1345/1/2437
f  1345/1/2438 1407/1/2562 1344/1/2436
f  1345/1/2437 1408/1/2563 1376/1/2499
f  1376/1/2500 1408/1/2564 1345/1/2438
f  1377/1/2501 1346/1/2439 1409/1/2565
f  1409/1/2566 1346/1/2440 1377/1/2502
f  1410/1/2567 1347/1/2441 1377/1/2501
f  1377/1/2502 1347/1/2442 1410/1/2568
f  1411/1/2569 1348/1/2443 1347/1/2441
f  1347/1/2442 1348/1/2444 1411/1/2570
f  1349/1/2445 1412/1/2571 1378/1/2503
f  1378/1/2504 1412/1/2572 1349/1/2446
f  1406/1/2559 1374/1/2495 1343/1/2433
f  1343/1/2434 1374/1/2496 1406/1/2560
f  1413/1/2573 1350/1/2447 1351/1/2449
f  1351/1/2450 1350/1/2448 1413/1/2574
f  1414/1/2575 1351/1/2449 1352/1/2451
f  1352/1/2452 1351/1/2450 1414/1/2576
f  1415/1/2577 1352/1/2451 1353/1/2453
f  1353/1/2454 1352/1/2452 1415/1/2578
f  1416/1/2579 1353/1/2453 1354/1/2455
f  1354/1/2456 1353/1/2454 1416/1/2580
f  1417/1/2581 1354/1/2455 1355/1/2457
f  1355/1/2458 1354/1/2456 1417/1/2582
f  1418/1/2583 1355/1/2457 1378/1/2503
f  1378/1/2504 1355/1/2458 1418/1/2584
f  1315/1/2377 1379/1/2505 1317/1/2381
f  1317/1/2382 1379/1/2506 1315/1/2378
f  1356/1/2459 1419/1/2585 1379/1/2505
f  1379/1/2506 1419/1/2586 1356/1/2460
f  1366/1/2479 1358/1/2463 1357/1/2461
f  1357/1/2462 1358/1/2464 1366/1/2480
f  1358/1/2463 1420/1/2587 1359/1/2465
f  1359/1/2466 1420/1/2588 1358/1/2464
f  1359/1/2465 1421/1/2589 1360/1/2467
f  1360/1/2468 1421/1/2590 1359/1/2466
f  1361/1/2469 1360/1/2467 1422/1/2591
f  1422/1/2592 1360/1/2468 1361/1/2470
f  1362/1/2471 1361/1/2469 1423/1/2593
f  1423/1/2594 1361/1/2470 1362/1/2472
f  1424/1/2595 1363/1/2473 1362/1/2471
f  1362/1/2472 1363/1/2474 1424/1/2596
f  1380/1/2507 1363/1/2473 1425/1/2597
f  1425/1/2598 1363/1/2474 1380/1/2508
f  1426/1/2599 1364/1/2475 1380/1/2507
f  1380/1/2508 1364/1/2476 1426/1/2600
f  1427/1/2601 1381/1/2509 1364/1/2475
f  1364/1/2476 1381/1/2510 1427/1/2602
f  1381/1/2509 1419/1/2585 1356/1/2459
f  1356/1/2460 1419/1/2586 1381/1/2510
f  1379/1/2505 1428/1/2603 1318/1/2383
f  1318/1/2384 1428/1/2604 1379/1/2506
f  1428/1/2603 1365/1/2477 1318/1/2383
f  1318/1/2384 1365/1/2478 1428/1/2604
f  1382/1/2511 1365/1/2477 1429/1/2605
f  1429/1/2606 1365/1/2478 1382/1/2512
f  1382/1/2511 1383/1/2513 1320/1/2387
f  1320/1/2388 1383/1/2514 1382/1/2512
f  1383/1/2513 1384/1/2515 1321/1/2389
f  1321/1/2390 1384/1/2516 1383/1/2514
f  1384/1/2515 1385/1/2517 1322/1/2391
f  1322/1/2392 1385/1/2518 1384/1/2516
f  1376/1/2499 1420/1/2587 1366/1/2479
f  1366/1/2480 1420/1/2588 1376/1/2500
f  1385/1/2517 1409/1/2565 1346/1/2439
f  1346/1/2440 1409/1/2566 1385/1/2518
f  1388/1/2523 1367/1/2481 1326/1/2399
f  1326/1/2400 1367/1/2482 1388/1/2524
f  1430/1/2607 1386/1/2519 1367/1/2481
f  1367/1/2482 1386/1/2520 1430/1/2608
f  1386/1/2519 1387/1/2521 1323/1/2393
f  1323/1/2394 1387/1/2522 1386/1/2520
f  1431/1/2609 1388/1/2523 1368/1/2483
f  1368/1/2484 1388/1/2524 1431/1/2610
f  1368/1/2483 1389/1/2525 1431/1/2609
f  1431/1/2610 1389/1/2526 1368/1/2484
f  1412/1/2571 1349/1/2445 1369/1/2485
f  1369/1/2486 1349/1/2446 1412/1/2572
f  1370/1/2487 1412/1/2571 1369/1/2485
f  1369/1/2486 1412/1/2572 1370/1/2488
f  1390/1/2527 1432/1/2611 1370/1/2487
f  1370/1/2488 1432/1/2612 1390/1/2528
f  1371/1/2489 1372/1/2491 1433/1/2613
f  1433/1/2614 1372/1/2492 1371/1/2490
f  1390/1/2527 1371/1/2489 1434/1/2615
f  1434/1/2616 1371/1/2490 1390/1/2528
f  1372/1/2491 1391/1/2529 1435/1/2617
f  1435/1/2618 1391/1/2530 1372/1/2492
f  1373/1/2493 1392/1/2531 1436/1/2619
f  1436/1/2620 1392/1/2532 1373/1/2494
f  1391/1/2529 1373/1/2493 1437/1/2621
f  1437/1/2622 1373/1/2494 1391/1/2530
f  1387/1/2521 1392/1/2531 1331/1/2409
f  1331/1/2410 1392/1/2532 1387/1/2522
f  1438/1/2623 1389/1/2525 1374/1/2495
f  1374/1/2496 1389/1/2526 1438/1/2624
f  1393/1/2533 1375/1/2497 1439/1/2625
f  1439/1/2626 1375/1/2498 1393/1/2534
f  1394/1/2535 1332/1/2411 1393/1/2533
f  1393/1/2534 1332/1/2412 1394/1/2536
f  1395/1/2537 1333/1/2413 1394/1/2535
f  1394/1/2536 1333/1/2414 1395/1/2538
f  1399/1/2545 1336/1/2419 1395/1/2537
f  1395/1/2538 1336/1/2420 1399/1/2546
f  1375/1/2497 1396/1/2539 1439/1/2625
f  1439/1/2626 1396/1/2540 1375/1/2498
f  1334/1/2415 1397/1/2541 1396/1/2539
f  1396/1/2540 1397/1/2542 1334/1/2416
f  1335/1/2417 1398/1/2543 1397/1/2541
f  1397/1/2542 1398/1/2544 1335/1/2418
f  1350/1/2447 1413/1/2573 1398/1/2543
f  1398/1/2544 1413/1/2574 1350/1/2448
f  1400/1/2547 1337/1/2421 1399/1/2545
f  1399/1/2546 1337/1/2422 1400/1/2548
f  1401/1/2549 1338/1/2423 1400/1/2547
f  1400/1/2548 1338/1/2424 1401/1/2550
f  1402/1/2551 1339/1/2425 1401/1/2549
f  1401/1/2550 1339/1/2426 1402/1/2552
f  1403/1/2553 1340/1/2427 1402/1/2551
f  1402/1/2552 1340/1/2428 1403/1/2554
f  1404/1/2555 1341/1/2429 1403/1/2553
f  1403/1/2554 1341/1/2430 1404/1/2556
f  1407/1/2561 1344/1/2435 1404/1/2555
f  1404/1/2556 1344/1/2436 1407/1/2562
f  1405/1/2557 1348/1/2443 1440/1/2627
f  1440/1/2628 1348/1/2444 1405/1/2558
f  1441/1/2629 1342/1/2431 1405/1/2557
f  1405/1/2558 1342/1/2432 1441/1/2630
f  1342/1/2431 1441/1/2629 1406/1/2559
f  1406/1/2560 1441/1/2630 1342/1/2432
f  1408/1/2563 1345/1/2437 1407/1/2561
f  1407/1/2562 1345/1/2438 1408/1/2564
f  1408/1/2563 1442/1/2631 1376/1/2499
f  1376/1/2500 1442/1/2632 1408/1/2564
f  1443/1/2633 1377/1/2501 1409/1/2565
f  1409/1/2566 1377/1/2502 1443/1/2634
f  1347/1/2441 1410/1/2567 1411/1/2569
f  1411/1/2570 1410/1/2568 1347/1/2442
f  1377/1/2501 1443/1/2633 1410/1/2567
f  1410/1/2568 1443/1/2634 1377/1/2502
f  1348/1/2443 1411/1/2569 1440/1/2627
f  1440/1/2628 1411/1/2570 1348/1/2444
f  1444/1/2635 1378/1/2503 1412/1/2571
f  1412/1/2572 1378/1/2504 1444/1/2636
f  1374/1/2495 1406/1/2559 1438/1/2623
f  1438/1/2624 1406/1/2560 1374/1/2496
f  1351/1/2449 1414/1/2575 1413/1/2573
f  1413/1/2574 1414/1/2576 1351/1/2450
f  1352/1/2451 1415/1/2577 1414/1/2575
f  1414/1/2576 1415/1/2578 1352/1/2452
f  1353/1/2453 1416/1/2579 1415/1/2577
f  1415/1/2578 1416/1/2580 1353/1/2454
f  1354/1/2455 1417/1/2581 1416/1/2579
f  1416/1/2580 1417/1/2582 1354/1/2456
f  1355/1/2457 1418/1/2583 1417/1/2581
f  1417/1/2582 1418/1/2584 1355/1/2458
f  1378/1/2503 1444/1/2635 1418/1/2583
f  1418/1/2584 1444/1/2636 1378/1/2504
f  1419/1/2585 1445/1/2637 1379/1/2505
f  1379/1/2506 1445/1/2638 1419/1/2586
f  1358/1/2463 1366/1/2479 1420/1/2587
f  1420/1/2588 1366/1/2480 1358/1/2464
f  1359/1/2465 1420/1/2587 1446/1/2639
f  1446/1/2640 1420/1/2588 1359/1/2466
f  1421/1/2589 1359/1/2465 1446/1/2639
f  1446/1/2640 1359/1/2466 1421/1/2590
f  1422/1/2591 1360/1/2467 1421/1/2589
f  1421/1/2590 1360/1/2468 1422/1/2592
f  1422/1/2591 1423/1/2593 1361/1/2469
f  1361/1/2470 1423/1/2594 1422/1/2592
f  1423/1/2593 1424/1/2595 1362/1/2471
f  1362/1/2472 1424/1/2596 1423/1/2594
f  1424/1/2595 1425/1/2597 1363/1/2473
f  1363/1/2474 1425/1/2598 1424/1/2596
f  1447/1/2641 1380/1/2507 1425/1/2597
f  1425/1/2598 1380/1/2508 1447/1/2642
f  1364/1/2475 1426/1/2599 1427/1/2601
f  1427/1/2602 1426/1/2600 1364/1/2476
f  1380/1/2507 1447/1/2641 1426/1/2599
f  1426/1/2600 1447/1/2642 1380/1/2508
f  1381/1/2509 1427/1/2601 1419/1/2585
f  1419/1/2586 1427/1/2602 1381/1/2510
f  1379/1/2505 1445/1/2637 1428/1/2603
f  1428/1/2604 1445/1/2638 1379/1/2506
f  1365/1/2477 1428/1/2603 1445/1/2637
f  1445/1/2638 1428/1/2604 1365/1/2478
f  1445/1/2637 1429/1/2605 1365/1/2477
f  1365/1/2478 1429/1/2606 1445/1/2638
f  1429/1/2605 1448/1/2643 1382/1/2511
f  1382/1/2512 1448/1/2644 1429/1/2606
f  1383/1/2513 1382/1/2511 1448/1/2643
f  1448/1/2644 1382/1/2512 1383/1/2514
f  1384/1/2515 1383/1/2513 1449/1/2645
f  1449/1/2646 1383/1/2514 1384/1/2516
f  1385/1/2517 1384/1/2515 1450/1/2647
f  1450/1/2648 1384/1/2516 1385/1/2518
f  1420/1/2587 1376/1/2499 1442/1/2631
f  1442/1/2632 1376/1/2500 1420/1/2588
f  1409/1/2565 1385/1/2517 1451/1/2649
f  1451/1/2650 1385/1/2518 1409/1/2566
f  1367/1/2481 1388/1/2523 1430/1/2607
f  1430/1/2608 1388/1/2524 1367/1/2482
f  1386/1/2519 1430/1/2607 1452/1/2651
f  1452/1/2652 1430/1/2608 1386/1/2520
f  1387/1/2521 1386/1/2519 1453/1/2653
f  1453/1/2654 1386/1/2520 1387/1/2522
f  1388/1/2523 1431/1/2609 1454/1/2655
f  1454/1/2656 1431/1/2610 1388/1/2524
f  1455/1/2657 1431/1/2609 1389/1/2525
f  1389/1/2526 1431/1/2610 1455/1/2658
f  1412/1/2571 1370/1/2487 1432/1/2611
f  1432/1/2612 1370/1/2488 1412/1/2572
f  1432/1/2611 1390/1/2527 1456/1/2659
f  1456/1/2660 1390/1/2528 1432/1/2612
f  1372/1/2491 1457/1/2661 1433/1/2613
f  1433/1/2614 1457/1/2662 1372/1/2492
f  1371/1/2489 1433/1/2613 1434/1/2615
f  1434/1/2616 1433/1/2614 1371/1/2490
f  1458/1/2663 1390/1/2527 1434/1/2615
f  1434/1/2616 1390/1/2528 1458/1/2664
f  1437/1/2621 1435/1/2617 1391/1/2529
f  1391/1/2530 1435/1/2618 1437/1/2622
f  1457/1/2661 1372/1/2491 1435/1/2617
f  1435/1/2618 1372/1/2492 1457/1/2662
f  1453/1/2653 1436/1/2619 1392/1/2531
f  1392/1/2532 1436/1/2620 1453/1/2654
f  1436/1/2619 1437/1/2621 1373/1/2493
f  1373/1/2494 1437/1/2622 1436/1/2620
f  1392/1/2531 1387/1/2521 1453/1/2653
f  1453/1/2654 1387/1/2522 1392/1/2532
f  1389/1/2525 1438/1/2623 1455/1/2657
f  1455/1/2658 1438/1/2624 1389/1/2526
f  1439/1/2625 1459/1/2665 1393/1/2533
f  1393/1/2534 1459/1/2666 1439/1/2626
f  1393/1/2533 1460/1/477 1394/1/2535
f  1394/1/2536 1460/1/474 1393/1/2534
f  1394/1/2535 1461/1/2667 1395/1/2537
f  1395/1/2538 1461/1/2668 1394/1/2536
f  1395/1/2537 1462/1/542 1399/1/2545
f  1399/1/2546 1462/1/541 1395/1/2538
f  1463/1/2669 1439/1/2625 1396/1/2539
f  1396/1/2540 1439/1/2626 1463/1/2670
f  1464/1/2671 1396/1/2539 1397/1/2541
f  1397/1/2542 1396/1/2540 1464/1/2672
f  1465/1/2673 1397/1/2541 1398/1/2543
f  1398/1/2544 1397/1/2542 1465/1/2674
f  1466/1/618 1398/1/2543 1413/1/2573
f  1413/1/2574 1398/1/2544 1466/1/615
f  1399/1/2545 1467/1/637 1400/1/2547
f  1400/1/2548 1467/1/636 1399/1/2546
f  1400/1/2547 1468/1/2675 1401/1/2549
f  1401/1/2550 1468/1/2676 1400/1/2548
f  1401/1/2549 1469/1/855 1402/1/2551
f  1402/1/2552 1469/1/854 1401/1/2550
f  1402/1/2551 1470/1/2677 1403/1/2553
f  1403/1/2554 1470/1/2678 1402/1/2552
f  1403/1/2553 1471/1/1120 1404/1/2555
f  1404/1/2556 1471/1/1119 1403/1/2554
f  1404/1/2555 1472/1/1274 1407/1/2561
f  1407/1/2562 1472/1/1273 1404/1/2556
f  1440/1/2627 1473/1/2679 1405/1/2557
f  1405/1/2558 1473/1/2680 1440/1/2628
f  1405/1/2557 1474/1/2681 1441/1/2629
f  1441/1/2630 1474/1/2682 1405/1/2558
f  1475/1/2683 1406/1/2559 1441/1/2629
f  1441/1/2630 1406/1/2560 1475/1/2684
f  1407/1/2561 1476/1/1410 1408/1/2563
f  1408/1/2564 1476/1/1409 1407/1/2562
f  1442/1/2631 1408/1/2563 1477/1/2685
f  1477/1/2686 1408/1/2564 1442/1/2632
f  1409/1/2565 1478/1/2687 1443/1/2633
f  1443/1/2634 1478/1/2688 1409/1/2566
f  1479/1/2689 1411/1/2569 1410/1/2567
f  1410/1/2568 1411/1/2570 1479/1/2690
f  1480/1/2691 1410/1/2567 1443/1/2633
f  1443/1/2634 1410/1/2568 1480/1/2692
f  1481/1/2693 1440/1/2627 1411/1/2569
f  1411/1/2570 1440/1/2628 1481/1/2694
f  1432/1/2611 1444/1/2635 1412/1/2571
f  1412/1/2572 1444/1/2636 1432/1/2612
f  1406/1/2559 1475/1/2683 1438/1/2623
f  1438/1/2624 1475/1/2684 1406/1/2560
f  1482/1/655 1413/1/2573 1414/1/2575
f  1414/1/2576 1413/1/2574 1482/1/654
f  1483/1/722 1414/1/2575 1415/1/2577
f  1415/1/2578 1414/1/2576 1483/1/721
f  1484/1/831 1415/1/2577 1416/1/2579
f  1416/1/2580 1415/1/2578 1484/1/830
f  1485/1/2695 1416/1/2579 1417/1/2581
f  1417/1/2582 1416/1/2580 1485/1/2696
f  1486/1/994 1417/1/2581 1418/1/2583
f  1418/1/2584 1417/1/2582 1486/1/993
f  1487/1/1238 1418/1/2583 1444/1/2635
f  1444/1/2636 1418/1/2584 1487/1/1237
f  1445/1/2637 1419/1/2585 1427/1/2601
f  1427/1/2602 1419/1/2586 1445/1/2638
f  1420/1/2587 1442/1/2631 1446/1/2639
f  1446/1/2640 1442/1/2632 1420/1/2588
f  1488/1/2697 1421/1/2589 1446/1/2639
f  1446/1/2640 1421/1/2590 1488/1/2698
f  1422/1/2591 1421/1/2589 1489/1/2699
f  1489/1/2700 1421/1/2590 1422/1/2592
f  1423/1/2593 1422/1/2591 1490/1/2701
f  1490/1/2702 1422/1/2592 1423/1/2594
f  1491/1/2703 1424/1/2595 1423/1/2593
f  1423/1/2594 1424/1/2596 1491/1/2704
f  1425/1/2597 1424/1/2595 1492/1/2705
f  1492/1/2706 1424/1/2596 1425/1/2598
f  1425/1/2597 1493/1/2707 1447/1/2641
f  1447/1/2642 1493/1/2708 1425/1/2598
f  1494/1/2709 1427/1/2601 1426/1/2599
f  1426/1/2600 1427/1/2602 1494/1/2710
f  1495/1/2711 1426/1/2599 1447/1/2641
f  1447/1/2642 1426/1/2600 1495/1/2712
f  1429/1/2605 1445/1/2637 1494/1/2709
f  1494/1/2710 1445/1/2638 1429/1/2606
f  1448/1/2643 1429/1/2605 1496/1/2713
f  1496/1/2714 1429/1/2606 1448/1/2644
f  1448/1/2643 1449/1/2645 1383/1/2513
f  1383/1/2514 1449/1/2646 1448/1/2644
f  1449/1/2645 1450/1/2647 1384/1/2515
f  1384/1/2516 1450/1/2648 1449/1/2646
f  1450/1/2647 1451/1/2649 1385/1/2517
f  1385/1/2518 1451/1/2650 1450/1/2648
f  1478/1/2687 1409/1/2565 1451/1/2649
f  1451/1/2650 1409/1/2566 1478/1/2688
f  1454/1/2655 1430/1/2607 1388/1/2523
f  1388/1/2524 1430/1/2608 1454/1/2656
f  1497/1/2715 1452/1/2651 1430/1/2607
f  1430/1/2608 1452/1/2652 1497/1/2716
f  1452/1/2651 1453/1/2653 1386/1/2519
f  1386/1/2520 1453/1/2654 1452/1/2652
f  1498/1/2717 1454/1/2655 1431/1/2609
f  1431/1/2610 1454/1/2656 1498/1/2718
f  1431/1/2609 1455/1/2657 1498/1/2717
f  1498/1/2718 1455/1/2658 1431/1/2610
f  1390/1/2527 1458/1/2663 1456/1/2659
f  1456/1/2660 1458/1/2664 1390/1/2528
f  1456/1/2659 1499/1/2719 1432/1/2611
f  1432/1/2612 1499/1/2720 1456/1/2660
f  1500/1/2721 1433/1/2613 1457/1/2661
f  1457/1/2662 1433/1/2614 1500/1/2722
f  1434/1/2615 1433/1/2613 1501/1/2723
f  1501/1/2724 1433/1/2614 1434/1/2616
f  1434/1/2615 1501/1/2723 1458/1/2663
f  1458/1/2664 1501/1/2724 1434/1/2616
f  1435/1/2617 1437/1/2621 1502/1/2725
f  1502/1/2726 1437/1/2622 1435/1/2618
f  1435/1/2617 1503/1/2727 1457/1/2661
f  1457/1/2662 1503/1/2728 1435/1/2618
f  1436/1/2619 1453/1/2653 1504/1/2729
f  1504/1/2730 1453/1/2654 1436/1/2620
f  1437/1/2621 1436/1/2619 1505/1/2731
f  1505/1/2732 1436/1/2620 1437/1/2622
f  1438/1/2623 1506/1/2733 1455/1/2657
f  1455/1/2658 1506/1/2734 1438/1/2624
f  1459/1/2665 1439/1/2625 1507/1/2735
f  1507/1/2736 1439/1/2626 1459/1/2666
f  1460/1/477 1393/1/2533 1459/1/2665
f  1459/1/2666 1393/1/2534 1460/1/474
f  1461/1/2667 1394/1/2535 1460/1/477
f  1460/1/474 1394/1/2536 1461/1/2668
f  1462/1/542 1395/1/2537 1461/1/2667
f  1461/1/2668 1395/1/2538 1462/1/541
f  1467/1/637 1399/1/2545 1462/1/542
f  1462/1/541 1399/1/2546 1467/1/636
f  1439/1/2625 1463/1/2669 1507/1/2735
f  1507/1/2736 1463/1/2670 1439/1/2626
f  1396/1/2539 1464/1/2671 1463/1/2669
f  1463/1/2670 1464/1/2672 1396/1/2540
f  1397/1/2541 1465/1/2673 1464/1/2671
f  1464/1/2672 1465/1/2674 1397/1/2542
f  1398/1/2543 1466/1/618 1465/1/2673
f  1465/1/2674 1466/1/615 1398/1/2544
f  1413/1/2573 1482/1/655 1466/1/618
f  1466/1/615 1482/1/654 1413/1/2574
f  1468/1/2675 1400/1/2547 1467/1/637
f  1467/1/636 1400/1/2548 1468/1/2676
f  1469/1/855 1401/1/2549 1468/1/2675
f  1468/1/2676 1401/1/2550 1469/1/854
f  1470/1/2677 1402/1/2551 1469/1/855
f  1469/1/854 1402/1/2552 1470/1/2678
f  1471/1/1120 1403/1/2553 1470/1/2677
f  1470/1/2678 1403/1/2554 1471/1/1119
f  1472/1/1274 1404/1/2555 1471/1/1120
f  1471/1/1119 1404/1/2556 1472/1/1273
f  1476/1/1410 1407/1/2561 1472/1/1274
f  1472/1/1273 1407/1/2562 1476/1/1409
f  1473/1/2679 1440/1/2627 1508/1/2737
f  1508/1/2738 1440/1/2628 1473/1/2680
f  1474/1/2681 1405/1/2557 1473/1/2679
f  1473/1/2680 1405/1/2558 1474/1/2682
f  1509/1/2739 1441/1/2629 1474/1/2681
f  1474/1/2682 1441/1/2630 1509/1/2740
f  1441/1/2629 1509/1/2739 1475/1/2683
f  1475/1/2684 1509/1/2740 1441/1/2630
f  1476/1/1410 1477/1/2685 1408/1/2563
f  1408/1/2564 1477/1/2686 1476/1/1409
f  1442/1/2631 1477/1/2685 1488/1/2697
f  1488/1/2698 1477/1/2686 1442/1/2632
f  1510/1/2741 1443/1/2633 1478/1/2687
f  1478/1/2688 1443/1/2634 1510/1/2742
f  1411/1/2569 1479/1/2689 1481/1/2693
f  1481/1/2694 1479/1/2690 1411/1/2570
f  1410/1/2567 1480/1/2691 1479/1/2689
f  1479/1/2690 1480/1/2692 1410/1/2568
f  1443/1/2633 1510/1/2741 1480/1/2691
f  1480/1/2692 1510/1/2742 1443/1/2634
f  1440/1/2627 1481/1/2693 1508/1/2737
f  1508/1/2738 1481/1/2694 1440/1/2628
f  1444/1/2635 1432/1/2611 1499/1/2719
f  1499/1/2720 1432/1/2612 1444/1/2636
f  1506/1/2733 1438/1/2623 1475/1/2683
f  1475/1/2684 1438/1/2624 1506/1/2734
f  1414/1/2575 1483/1/722 1482/1/655
f  1482/1/654 1483/1/721 1414/1/2576
f  1415/1/2577 1484/1/831 1483/1/722
f  1483/1/721 1484/1/830 1415/1/2578
f  1416/1/2579 1485/1/2695 1484/1/831
f  1484/1/830 1485/1/2696 1416/1/2580
f  1417/1/2581 1486/1/994 1485/1/2695
f  1485/1/2696 1486/1/993 1417/1/2582
f  1418/1/2583 1487/1/1238 1486/1/994
f  1486/1/993 1487/1/1237 1418/1/2584
f  1499/1/2719 1487/1/1238 1444/1/2635
f  1444/1/2636 1487/1/1237 1499/1/2720
f  1427/1/2601 1494/1/2709 1445/1/2637
f  1445/1/2638 1494/1/2710 1427/1/2602
f  1446/1/2639 1442/1/2631 1488/1/2697
f  1488/1/2698 1442/1/2632 1446/1/2640
f  1421/1/2589 1488/1/2697 1511/1/2743
f  1511/1/2744 1488/1/2698 1421/1/2590
f  1489/1/2699 1421/1/2589 1511/1/2743
f  1511/1/2744 1421/1/2590 1489/1/2700
f  1489/1/2699 1490/1/2701 1422/1/2591
f  1422/1/2592 1490/1/2702 1489/1/2700
f  1490/1/2701 1491/1/2703 1423/1/2593
f  1423/1/2594 1491/1/2704 1490/1/2702
f  1491/1/2703 1492/1/2705 1424/1/2595
f  1424/1/2596 1492/1/2706 1491/1/2704
f  1493/1/2707 1425/1/2597 1492/1/2705
f  1492/1/2706 1425/1/2598 1493/1/2708
f  1512/1/2745 1447/1/2641 1493/1/2707
f  1493/1/2708 1447/1/2642 1512/1/2746
f  1426/1/2599 1495/1/2711 1494/1/2709
f  1494/1/2710 1495/1/2712 1426/1/2600
f  1447/1/2641 1512/1/2745 1495/1/2711
f  1495/1/2712 1512/1/2746 1447/1/2642
f  1494/1/2709 1496/1/2713 1429/1/2605
f  1429/1/2606 1496/1/2714 1494/1/2710
f  1496/1/2713 1513/1/2747 1448/1/2643
f  1448/1/2644 1513/1/2748 1496/1/2714
f  1449/1/2645 1448/1/2643 1513/1/2747
f  1513/1/2748 1448/1/2644 1449/1/2646
f  1450/1/2647 1449/1/2645 1514/1/2749
f  1514/1/2750 1449/1/2646 1450/1/2648
f  1451/1/2649 1450/1/2647 1515/1/2751
f  1515/1/2752 1450/1/2648 1451/1/2650
f  1451/1/2649 1516/1/2753 1478/1/2687
f  1478/1/2688 1516/1/2754 1451/1/2650
f  1430/1/2607 1454/1/2655 1497/1/2715
f  1497/1/2716 1454/1/2656 1430/1/2608
f  1452/1/2651 1497/1/2715 1517/1/2755
f  1517/1/2756 1497/1/2716 1452/1/2652
f  1453/1/2653 1452/1/2651 1504/1/2729
f  1504/1/2730 1452/1/2652 1453/1/2654
f  1454/1/2655 1498/1/2717 1518/1/2757
f  1518/1/2758 1498/1/2718 1454/1/2656
f  1455/1/2657 1519/1/2759 1498/1/2717
f  1498/1/2718 1519/1/2760 1455/1/2658
f  1520/1/2761 1456/1/2659 1458/1/2663
f  1458/1/2664 1456/1/2660 1520/1/2762
f  1499/1/2719 1456/1/2659 1521/1/2763
f  1521/1/2764 1456/1/2660 1499/1/2720
f  1433/1/2613 1500/1/2721 1501/1/2723
f  1501/1/2724 1500/1/2722 1433/1/2614
f  1457/1/2661 1522/1/2765 1500/1/2721
f  1500/1/2722 1522/1/2766 1457/1/2662
f  1458/1/2663 1501/1/2723 1523/1/2767
f  1523/1/2768 1501/1/2724 1458/1/2664
f  1505/1/2731 1502/1/2725 1437/1/2621
f  1437/1/2622 1502/1/2726 1505/1/2732
f  1503/1/2727 1435/1/2617 1502/1/2725
f  1502/1/2726 1435/1/2618 1503/1/2728
f  1522/1/2765 1457/1/2661 1503/1/2727
f  1503/1/2728 1457/1/2662 1522/1/2766
f  1504/1/2729 1505/1/2731 1436/1/2619
f  1436/1/2620 1505/1/2732 1504/1/2730
f  1519/1/2759 1455/1/2657 1506/1/2733
f  1506/1/2734 1455/1/2658 1519/1/2760
f  1524/1/2769 1459/1/2665 1507/1/2735
f  1507/1/2736 1459/1/2666 1524/1/2770
f  1525/1/2771 1460/1/477 1459/1/2665
f  1459/1/2666 1460/1/474 1525/1/2772
f  1526/1/2773 1461/1/2667 1460/1/477
f  1460/1/474 1461/1/2668 1526/1/2774
f  1527/1/2775 1462/1/542 1461/1/2667
f  1461/1/2668 1462/1/541 1527/1/2776
f  1528/1/2777 1467/1/637 1462/1/542
f  1462/1/541 1467/1/636 1528/1/2778
f  1463/1/2669 1524/1/2769 1507/1/2735
f  1507/1/2736 1524/1/2770 1463/1/2670
f  1464/1/2671 1529/1/2779 1463/1/2669
f  1463/1/2670 1529/1/2780 1464/1/2672
f  1465/1/2673 1530/1/2781 1464/1/2671
f  1464/1/2672 1530/1/2782 1465/1/2674
f  1466/1/618 1531/1/2783 1465/1/2673
f  1465/1/2674 1531/1/2784 1466/1/615
f  1482/1/655 1532/1/2785 1466/1/618
f  1466/1/615 1532/1/2786 1482/1/654
f  1533/1/2787 1468/1/2675 1467/1/637
f  1467/1/636 1468/1/2676 1533/1/2788
f  1534/1/2789 1469/1/855 1468/1/2675
f  1468/1/2676 1469/1/854 1534/1/2790
f  1535/1/2791 1470/1/2677 1469/1/855
f  1469/1/854 1470/1/2678 1535/1/2792
f  1536/1/2793 1471/1/1120 1470/1/2677
f  1470/1/2678 1471/1/1119 1536/1/2794
f  1537/1/2795 1472/1/1274 1471/1/1120
f  1471/1/1119 1472/1/1273 1537/1/2796
f  1538/1/2797 1476/1/1410 1472/1/1274
f  1472/1/1273 1476/1/1409 1538/1/2798
f  1508/1/2737 1529/1/2779 1473/1/2679
f  1473/1/2680 1529/1/2780 1508/1/2738
f  1473/1/2679 1530/1/2781 1474/1/2681
f  1474/1/2682 1530/1/2782 1473/1/2680
f  1474/1/2681 1531/1/2783 1509/1/2739
f  1509/1/2740 1531/1/2784 1474/1/2682
f  1539/1/2799 1475/1/2683 1509/1/2739
f  1509/1/2740 1475/1/2684 1539/1/2800
f  1477/1/2685 1476/1/1410 1540/1/1340
f  1540/1/1339 1476/1/1409 1477/1/2686
f  1488/1/2697 1477/1/2685 1541/1/2801
f  1541/1/2802 1477/1/2686 1488/1/2698
f  1478/1/2687 1542/1/2803 1510/1/2741
f  1510/1/2742 1542/1/2804 1478/1/2688
f  1526/1/2773 1481/1/2693 1479/1/2689
f  1479/1/2690 1481/1/2694 1526/1/2774
f  1527/1/2775 1479/1/2689 1480/1/2691
f  1480/1/2692 1479/1/2690 1527/1/2776
f  1528/1/2777 1480/1/2691 1510/1/2741
f  1510/1/2742 1480/1/2692 1528/1/2778
f  1525/1/2771 1508/1/2737 1481/1/2693
f  1481/1/2694 1508/1/2738 1525/1/2772
f  1475/1/2683 1539/1/2799 1506/1/2733
f  1506/1/2734 1539/1/2800 1475/1/2684
f  1483/1/722 1543/1/2805 1482/1/655
f  1482/1/654 1543/1/2806 1483/1/721
f  1484/1/831 1544/1/2807 1483/1/722
f  1483/1/721 1544/1/2808 1484/1/830
f  1485/1/2695 1545/1/2809 1484/1/831
f  1484/1/830 1545/1/2810 1485/1/2696
f  1486/1/994 1546/1/2811 1485/1/2695
f  1485/1/2696 1546/1/2812 1486/1/993
f  1487/1/1238 1547/1/2813 1486/1/994
f  1486/1/993 1547/1/2814 1487/1/1237
f  1487/1/1238 1499/1/2719 1548/1/1080
f  1548/1/1077 1499/1/2720 1487/1/1237
f  1541/1/2801 1511/1/2743 1488/1/2697
f  1488/1/2698 1511/1/2744 1541/1/2802
f  1489/1/2699 1511/1/2743 1549/1/2815
f  1549/1/2816 1511/1/2744 1489/1/2700
f  1490/1/2701 1489/1/2699 1550/1/2817
f  1550/1/2818 1489/1/2700 1490/1/2702
f  1551/1/2819 1491/1/2703 1490/1/2701
f  1490/1/2702 1491/1/2704 1551/1/2820
f  1492/1/2705 1491/1/2703 1552/1/2821
f  1552/1/2822 1491/1/2704 1492/1/2706
f  1492/1/2705 1553/1/2823 1493/1/2707
f  1493/1/2708 1553/1/2824 1492/1/2706
f  1493/1/2707 1554/1/2825 1512/1/2745
f  1512/1/2746 1554/1/2826 1493/1/2708
f  1496/1/2713 1494/1/2709 1495/1/2711
f  1495/1/2712 1494/1/2710 1496/1/2714
f  1555/1/2827 1495/1/2711 1512/1/2745
f  1512/1/2746 1495/1/2712 1555/1/2828
f  1513/1/2747 1496/1/2713 1555/1/2827
f  1555/1/2828 1496/1/2714 1513/1/2748
f  1513/1/2747 1514/1/2749 1449/1/2645
f  1449/1/2646 1514/1/2750 1513/1/2748
f  1514/1/2749 1515/1/2751 1450/1/2647
f  1450/1/2648 1515/1/2752 1514/1/2750
f  1516/1/2753 1451/1/2649 1515/1/2751
f  1515/1/2752 1451/1/2650 1516/1/2754
f  1542/1/2803 1478/1/2687 1516/1/2753
f  1516/1/2754 1478/1/2688 1542/1/2804
f  1518/1/2757 1497/1/2715 1454/1/2655
f  1454/1/2656 1497/1/2716 1518/1/2758
f  1556/1/2829 1517/1/2755 1497/1/2715
f  1497/1/2716 1517/1/2756 1556/1/2830
f  1517/1/2755 1504/1/2729 1452/1/2651
f  1452/1/2652 1504/1/2730 1517/1/2756
f  1498/1/2717 1557/1/2831 1518/1/2757
f  1518/1/2758 1557/1/2832 1498/1/2718
f  1557/1/2831 1498/1/2717 1519/1/2759
f  1519/1/2760 1498/1/2718 1557/1/2832
f  1456/1/2659 1520/1/2761 1521/1/2763
f  1521/1/2764 1520/1/2762 1456/1/2660
f  1458/1/2663 1523/1/2767 1520/1/2761
f  1520/1/2762 1523/1/2768 1458/1/2664
f  1521/1/2763 1548/1/1080 1499/1/2719
f  1499/1/2720 1548/1/1077 1521/1/2764
f  1558/1/2833 1501/1/2723 1500/1/2721
f  1500/1/2722 1501/1/2724 1558/1/2834
f  1559/1/2835 1500/1/2721 1522/1/2765
f  1522/1/2766 1500/1/2722 1559/1/2836
f  1501/1/2723 1558/1/2833 1523/1/2767
f  1523/1/2768 1558/1/2834 1501/1/2724
f  1502/1/2725 1505/1/2731 1560/1/2837
f  1560/1/2838 1505/1/2732 1502/1/2726
f  1502/1/2725 1561/1/2839 1503/1/2727
f  1503/1/2728 1561/1/2840 1502/1/2726
f  1503/1/2727 1562/1/2841 1522/1/2765
f  1522/1/2766 1562/1/2842 1503/1/2728
f  1505/1/2731 1504/1/2729 1563/1/2843
f  1563/1/2844 1504/1/2730 1505/1/2732
f  1506/1/2733 1564/1/2845 1519/1/2759
f  1519/1/2760 1564/1/2846 1506/1/2734
f  1459/1/2665 1524/1/2769 1525/1/2771
f  1525/1/2772 1524/1/2770 1459/1/2666
f  1460/1/477 1525/1/2771 1526/1/2773
f  1526/1/2774 1525/1/2772 1460/1/474
f  1461/1/2667 1526/1/2773 1527/1/2775
f  1527/1/2776 1526/1/2774 1461/1/2668
f  1462/1/542 1527/1/2775 1528/1/2777
f  1528/1/2778 1527/1/2776 1462/1/541
f  1467/1/637 1528/1/2777 1533/1/2787
f  1533/1/2788 1528/1/2778 1467/1/636
f  1524/1/2769 1463/1/2669 1529/1/2779
f  1529/1/2780 1463/1/2670 1524/1/2770
f  1529/1/2779 1464/1/2671 1530/1/2781
f  1530/1/2782 1464/1/2672 1529/1/2780
f  1530/1/2781 1465/1/2673 1531/1/2783
f  1531/1/2784 1465/1/2674 1530/1/2782
f  1531/1/2783 1466/1/618 1532/1/2785
f  1532/1/2786 1466/1/615 1531/1/2784
f  1532/1/2785 1482/1/655 1543/1/2805
f  1543/1/2806 1482/1/654 1532/1/2786
f  1468/1/2675 1533/1/2787 1534/1/2789
f  1534/1/2790 1533/1/2788 1468/1/2676
f  1469/1/855 1534/1/2789 1535/1/2791
f  1535/1/2792 1534/1/2790 1469/1/854
f  1470/1/2677 1535/1/2791 1536/1/2793
f  1536/1/2794 1535/1/2792 1470/1/2678
f  1471/1/1120 1536/1/2793 1537/1/2795
f  1537/1/2796 1536/1/2794 1471/1/1119
f  1472/1/1274 1537/1/2795 1538/1/2797
f  1538/1/2798 1537/1/2796 1472/1/1273
f  1476/1/1410 1538/1/2797 1565/1/2847
f  1565/1/2848 1538/1/2798 1476/1/1409
f  1529/1/2779 1508/1/2737 1524/1/2769
f  1524/1/2770 1508/1/2738 1529/1/2780
f  1530/1/2781 1473/1/2679 1529/1/2779
f  1529/1/2780 1473/1/2680 1530/1/2782
f  1531/1/2783 1474/1/2681 1530/1/2781
f  1530/1/2782 1474/1/2682 1531/1/2784
f  1532/1/2785 1509/1/2739 1531/1/2783
f  1531/1/2784 1509/1/2740 1532/1/2786
f  1509/1/2739 1532/1/2785 1539/1/2799
f  1539/1/2800 1532/1/2786 1509/1/2740
f  1476/1/1410 1566/1/2849 1540/1/1340
f  1540/1/1339 1566/1/2850 1476/1/1409
f  1477/1/2685 1540/1/1340 1541/1/2801
f  1541/1/2802 1540/1/1339 1477/1/2686
f  1533/1/2787 1510/1/2741 1542/1/2803
f  1542/1/2804 1510/1/2742 1533/1/2788
f  1481/1/2693 1526/1/2773 1525/1/2771
f  1525/1/2772 1526/1/2774 1481/1/2694
f  1479/1/2689 1527/1/2775 1526/1/2773
f  1526/1/2774 1527/1/2776 1479/1/2690
f  1480/1/2691 1528/1/2777 1527/1/2775
f  1527/1/2776 1528/1/2778 1480/1/2692
f  1510/1/2741 1533/1/2787 1528/1/2777
f  1528/1/2778 1533/1/2788 1510/1/2742
f  1508/1/2737 1525/1/2771 1524/1/2769
f  1524/1/2770 1525/1/2772 1508/1/2738
f  1564/1/2845 1506/1/2733 1539/1/2799
f  1539/1/2800 1506/1/2734 1564/1/2846
f  1543/1/2805 1483/1/722 1544/1/2807
f  1544/1/2808 1483/1/721 1543/1/2806
f  1544/1/2807 1484/1/831 1545/1/2809
f  1545/1/2810 1484/1/830 1544/1/2808
f  1545/1/2809 1485/1/2695 1546/1/2811
f  1546/1/2812 1485/1/2696 1545/1/2810
f  1546/1/2811 1486/1/994 1547/1/2813
f  1547/1/2814 1486/1/993 1546/1/2812
f  1547/1/2813 1487/1/1238 1567/1/2851
f  1567/1/2852 1487/1/1237 1547/1/2814
f  1559/1/2835 1487/1/1238 1548/1/1080
f  1548/1/1077 1487/1/1237 1559/1/2836
f  1511/1/2743 1541/1/2801 1568/1/2853
f  1568/1/2854 1541/1/2802 1511/1/2744
f  1549/1/2815 1511/1/2743 1568/1/2853
f  1568/1/2854 1511/1/2744 1549/1/2816
f  1549/1/2815 1550/1/2817 1489/1/2699
f  1489/1/2700 1550/1/2818 1549/1/2816
f  1569/1/2855 1490/1/2701 1550/1/2817
f  1550/1/2818 1490/1/2702 1569/1/2856
f  1551/1/2819 1552/1/2821 1491/1/2703
f  1491/1/2704 1552/1/2822 1551/1/2820
f  1569/1/2855 1551/1/2819 1490/1/2701
f  1490/1/2702 1551/1/2820 1569/1/2856
f  1553/1/2823 1492/1/2705 1552/1/2821
f  1552/1/2822 1492/1/2706 1553/1/2824
f  1554/1/2825 1493/1/2707 1553/1/2823
f  1553/1/2824 1493/1/2708 1554/1/2826
f  1570/1/2857 1512/1/2745 1554/1/2825
f  1554/1/2826 1512/1/2746 1570/1/2858
f  1495/1/2711 1555/1/2827 1496/1/2713
f  1496/1/2714 1555/1/2828 1495/1/2712
f  1512/1/2745 1570/1/2857 1555/1/2827
f  1555/1/2828 1570/1/2858 1512/1/2746
f  1555/1/2827 1571/1/2859 1513/1/2747
f  1513/1/2748 1571/1/2860 1555/1/2828
f  1514/1/2749 1513/1/2747 1571/1/2859
f  1571/1/2860 1513/1/2748 1514/1/2750
f  1515/1/2751 1514/1/2749 1572/1/2861
f  1572/1/2862 1514/1/2750 1515/1/2752
f  1515/1/2751 1573/1/2863 1516/1/2753
f  1516/1/2754 1573/1/2864 1515/1/2752
f  1516/1/2753 1574/1/2865 1542/1/2803
f  1542/1/2804 1574/1/2866 1516/1/2754
f  1497/1/2715 1518/1/2757 1556/1/2829
f  1556/1/2830 1518/1/2758 1497/1/2716
f  1517/1/2755 1556/1/2829 1575/1/2867
f  1575/1/2868 1556/1/2830 1517/1/2756
f  1504/1/2729 1517/1/2755 1563/1/2843
f  1563/1/2844 1517/1/2756 1504/1/2730
f  1576/1/2869 1518/1/2757 1557/1/2831
f  1557/1/2832 1518/1/2758 1576/1/2870
f  1519/1/2759 1577/1/2871 1557/1/2831
f  1557/1/2832 1577/1/2872 1519/1/2760
f  1578/1/2873 1521/1/2763 1520/1/2761
f  1520/1/2762 1521/1/2764 1578/1/2874
f  1520/1/2761 1523/1/2767 1578/1/2873
f  1578/1/2874 1523/1/2768 1520/1/2762
f  1548/1/1080 1521/1/2763 1579/1/2875
f  1579/1/2876 1521/1/2764 1548/1/1077
f  1500/1/2721 1559/1/2835 1558/1/2833
f  1558/1/2834 1559/1/2836 1500/1/2722
f  1522/1/2765 1567/1/2851 1559/1/2835
f  1559/1/2836 1567/1/2852 1522/1/2766
f  1579/1/2875 1523/1/2767 1558/1/2833
f  1558/1/2834 1523/1/2768 1579/1/2876
f  1563/1/2843 1560/1/2837 1505/1/2731
f  1505/1/2732 1560/1/2838 1563/1/2844
f  1561/1/2839 1502/1/2725 1560/1/2837
f  1560/1/2838 1502/1/2726 1561/1/2840
f  1562/1/2841 1503/1/2727 1561/1/2839
f  1561/1/2840 1503/1/2728 1562/1/2842
f  1567/1/2851 1522/1/2765 1562/1/2841
f  1562/1/2842 1522/1/2766 1567/1/2852
f  1577/1/2871 1519/1/2759 1564/1/2845
f  1564/1/2846 1519/1/2760 1577/1/2872
f  1543/1/2805 1539/1/2799 1532/1/2785
f  1532/1/2786 1539/1/2800 1543/1/2806
f  1542/1/2803 1534/1/2789 1533/1/2787
f  1533/1/2788 1534/1/2790 1542/1/2804
f  1574/1/2865 1535/1/2791 1534/1/2789
f  1534/1/2790 1535/1/2792 1574/1/2866
f  1580/1/2877 1536/1/2793 1535/1/2791
f  1535/1/2792 1536/1/2794 1580/1/2878
f  1581/1/2879 1537/1/2795 1536/1/2793
f  1536/1/2794 1537/1/2796 1581/1/2880
f  1582/1/2881 1538/1/2797 1537/1/2795
f  1537/1/2796 1538/1/2798 1582/1/2882
f  1583/1/2883 1565/1/2847 1538/1/2797
f  1538/1/2798 1565/1/2848 1583/1/2884
f  1566/1/2849 1476/1/1410 1565/1/2847
f  1565/1/2848 1476/1/1409 1566/1/2850
f  1540/1/1340 1566/1/2849 1584/1/2885
f  1584/1/2886 1566/1/2850 1540/1/1339
f  1541/1/2801 1540/1/1340 1585/1/2887
f  1585/1/2888 1540/1/1339 1541/1/2802
f  1539/1/2799 1543/1/2805 1564/1/2845
f  1564/1/2846 1543/1/2806 1539/1/2800
f  1544/1/2807 1564/1/2845 1543/1/2805
f  1543/1/2806 1564/1/2846 1544/1/2808
f  1545/1/2809 1577/1/2871 1544/1/2807
f  1544/1/2808 1577/1/2872 1545/1/2810
f  1546/1/2811 1586/1/2889 1545/1/2809
f  1545/1/2810 1586/1/2890 1546/1/2812
f  1547/1/2813 1587/1/2891 1546/1/2811
f  1546/1/2812 1587/1/2892 1547/1/2814
f  1487/1/1238 1559/1/2835 1567/1/2851
f  1567/1/2852 1559/1/2836 1487/1/1237
f  1567/1/2851 1588/1/2893 1547/1/2813
f  1547/1/2814 1588/1/2894 1567/1/2852
f  1548/1/1080 1558/1/2833 1559/1/2835
f  1559/1/2836 1558/1/2834 1548/1/1077
f  1585/1/2887 1568/1/2853 1541/1/2801
f  1541/1/2802 1568/1/2854 1585/1/2888
f  1549/1/2815 1568/1/2853 1589/1/2895
f  1589/1/2896 1568/1/2854 1549/1/2816
f  1550/1/2817 1549/1/2815 1590/1/2897
f  1590/1/2898 1549/1/2816 1550/1/2818
f  1591/1/2899 1569/1/2855 1550/1/2817
f  1550/1/2818 1569/1/2856 1591/1/2900
f  1552/1/2821 1551/1/2819 1592/1/2901
f  1592/1/2902 1551/1/2820 1552/1/2822
f  1593/1/2903 1551/1/2819 1569/1/2855
f  1569/1/2856 1551/1/2820 1593/1/2904
f  1552/1/2821 1594/1/2905 1553/1/2823
f  1553/1/2824 1594/1/2906 1552/1/2822
f  1553/1/2823 1595/1/2907 1554/1/2825
f  1554/1/2826 1595/1/2908 1553/1/2824
f  1554/1/2825 1596/1/2909 1570/1/2857
f  1570/1/2858 1596/1/2910 1554/1/2826
f  1571/1/2859 1555/1/2827 1570/1/2857
f  1570/1/2858 1555/1/2828 1571/1/2860
f  1571/1/2859 1572/1/2861 1514/1/2749
f  1514/1/2750 1572/1/2862 1571/1/2860
f  1573/1/2863 1515/1/2751 1572/1/2861
f  1572/1/2862 1515/1/2752 1573/1/2864
f  1574/1/2865 1516/1/2753 1573/1/2863
f  1573/1/2864 1516/1/2754 1574/1/2866
f  1534/1/2789 1542/1/2803 1574/1/2865
f  1574/1/2866 1542/1/2804 1534/1/2790
f  1518/1/2757 1576/1/2869 1556/1/2829
f  1556/1/2830 1576/1/2870 1518/1/2758
f  1556/1/2829 1597/1/2911 1575/1/2867
f  1575/1/2868 1597/1/2912 1556/1/2830
f  1575/1/2867 1563/1/2843 1517/1/2755
f  1517/1/2756 1563/1/2844 1575/1/2868
f  1557/1/2831 1586/1/2889 1576/1/2869
f  1576/1/2870 1586/1/2890 1557/1/2832
f  1586/1/2889 1557/1/2831 1577/1/2871
f  1577/1/2872 1557/1/2832 1586/1/2890
f  1521/1/2763 1578/1/2873 1579/1/2875
f  1579/1/2876 1578/1/2874 1521/1/2764
f  1523/1/2767 1579/1/2875 1578/1/2873
f  1578/1/2874 1579/1/2876 1523/1/2768
f  1558/1/2833 1548/1/1080 1579/1/2875
f  1579/1/2876 1548/1/1077 1558/1/2834
f  1560/1/2837 1563/1/2843 1598/1/2913
f  1598/1/2914 1563/1/2844 1560/1/2838
f  1598/1/2913 1561/1/2839 1560/1/2837
f  1560/1/2838 1561/1/2840 1598/1/2914
f  1599/1/2915 1562/1/2841 1561/1/2839
f  1561/1/2840 1562/1/2842 1599/1/2916
f  1588/1/2893 1567/1/2851 1562/1/2841
f  1562/1/2842 1567/1/2852 1588/1/2894
f  1564/1/2845 1544/1/2807 1577/1/2871
f  1577/1/2872 1544/1/2808 1564/1/2846
f  1535/1/2791 1574/1/2865 1580/1/2877
f  1580/1/2878 1574/1/2866 1535/1/2792
f  1536/1/2793 1580/1/2877 1581/1/2879
f  1581/1/2880 1580/1/2878 1536/1/2794
f  1537/1/2795 1581/1/2879 1582/1/2881
f  1582/1/2882 1581/1/2880 1537/1/2796
f  1538/1/2797 1582/1/2881 1583/1/2883
f  1583/1/2884 1582/1/2882 1538/1/2798
f  1565/1/2847 1583/1/2883 1600/1/2917
f  1600/1/2918 1583/1/2884 1565/1/2848
f  1565/1/2847 1591/1/2899 1566/1/2849
f  1566/1/2850 1591/1/2900 1565/1/2848
f  1566/1/2849 1590/1/2897 1584/1/2885
f  1584/1/2886 1590/1/2898 1566/1/2850
f  1540/1/1340 1584/1/2885 1585/1/2887
f  1585/1/2888 1584/1/2886 1540/1/1339
f  1577/1/2871 1545/1/2809 1586/1/2889
f  1586/1/2890 1545/1/2810 1577/1/2872
f  1586/1/2889 1546/1/2811 1587/1/2891
f  1587/1/2892 1546/1/2812 1586/1/2890
f  1587/1/2891 1547/1/2813 1588/1/2893
f  1588/1/2894 1547/1/2814 1587/1/2892
f  1568/1/2853 1585/1/2887 1601/1/2919
f  1601/1/2920 1585/1/2888 1568/1/2854
f  1589/1/2895 1568/1/2853 1601/1/2919
f  1601/1/2920 1568/1/2854 1589/1/2896
f  1589/1/2895 1590/1/2897 1549/1/2815
f  1549/1/2816 1590/1/2898 1589/1/2896
f  1591/1/2899 1550/1/2817 1590/1/2897
f  1590/1/2898 1550/1/2818 1591/1/2900
f  1600/1/2917 1569/1/2855 1591/1/2899
f  1591/1/2900 1569/1/2856 1600/1/2918
f  1551/1/2819 1593/1/2903 1592/1/2901
f  1592/1/2902 1593/1/2904 1551/1/2820
f  1594/1/2905 1552/1/2821 1592/1/2901
f  1592/1/2902 1552/1/2822 1594/1/2906
f  1569/1/2855 1600/1/2917 1593/1/2903
f  1593/1/2904 1600/1/2918 1569/1/2856
f  1595/1/2907 1553/1/2823 1594/1/2905
f  1594/1/2906 1553/1/2824 1595/1/2908
f  1596/1/2909 1554/1/2825 1595/1/2907
f  1595/1/2908 1554/1/2826 1596/1/2910
f  1602/1/2921 1570/1/2857 1596/1/2909
f  1596/1/2910 1570/1/2858 1602/1/2922
f  1570/1/2857 1602/1/2921 1571/1/2859
f  1571/1/2860 1602/1/2922 1570/1/2858
f  1572/1/2861 1571/1/2859 1602/1/2921
f  1602/1/2922 1571/1/2860 1572/1/2862
f  1572/1/2861 1603/1/2923 1573/1/2863
f  1573/1/2864 1603/1/2924 1572/1/2862
f  1573/1/2863 1580/1/2877 1574/1/2865
f  1574/1/2866 1580/1/2878 1573/1/2864
f  1597/1/2911 1556/1/2829 1576/1/2869
f  1576/1/2870 1556/1/2830 1597/1/2912
f  1599/1/2915 1575/1/2867 1597/1/2911
f  1597/1/2912 1575/1/2868 1599/1/2916
f  1563/1/2843 1575/1/2867 1598/1/2913
f  1598/1/2914 1575/1/2868 1563/1/2844
f  1587/1/2891 1576/1/2869 1586/1/2889
f  1586/1/2890 1576/1/2870 1587/1/2892
f  1561/1/2839 1598/1/2913 1599/1/2915
f  1599/1/2916 1598/1/2914 1561/1/2840
f  1562/1/2841 1599/1/2915 1588/1/2893
f  1588/1/2894 1599/1/2916 1562/1/2842
f  1603/1/2923 1581/1/2879 1580/1/2877
f  1580/1/2878 1581/1/2880 1603/1/2924
f  1604/1/2925 1582/1/2881 1581/1/2879
f  1581/1/2880 1582/1/2882 1604/1/2926
f  1605/1/2927 1583/1/2883 1582/1/2881
f  1582/1/2882 1583/1/2884 1605/1/2928
f  1606/1/2929 1600/1/2917 1583/1/2883
f  1583/1/2884 1600/1/2918 1606/1/2930
f  1591/1/2899 1565/1/2847 1600/1/2917
f  1600/1/2918 1565/1/2848 1591/1/2900
f  1566/1/2849 1591/1/2899 1590/1/2897
f  1590/1/2898 1591/1/2900 1566/1/2850
f  1590/1/2897 1589/1/2895 1584/1/2885
f  1584/1/2886 1589/1/2896 1590/1/2898
f  1584/1/2885 1601/1/2919 1585/1/2887
f  1585/1/2888 1601/1/2920 1584/1/2886
f  1588/1/2893 1597/1/2911 1587/1/2891
f  1587/1/2892 1597/1/2912 1588/1/2894
f  1601/1/2919 1584/1/2885 1589/1/2895
f  1589/1/2896 1584/1/2886 1601/1/2920
f  1593/1/2903 1594/1/2905 1592/1/2901
f  1592/1/2902 1594/1/2906 1593/1/2904
f  1600/1/2917 1606/1/2929 1593/1/2903
f  1593/1/2904 1606/1/2930 1600/1/2918
f  1606/1/2929 1595/1/2907 1594/1/2905
f  1594/1/2906 1595/1/2908 1606/1/2930
f  1605/1/2927 1596/1/2909 1595/1/2907
f  1595/1/2908 1596/1/2910 1605/1/2928
f  1604/1/2925 1602/1/2921 1596/1/2909
f  1596/1/2910 1602/1/2922 1604/1/2926
f  1603/1/2923 1572/1/2861 1602/1/2921
f  1602/1/2922 1572/1/2862 1603/1/2924
f  1580/1/2877 1573/1/2863 1603/1/2923
f  1603/1/2924 1573/1/2864 1580/1/2878
f  1576/1/2869 1587/1/2891 1597/1/2911
f  1597/1/2912 1587/1/2892 1576/1/2870
f  1575/1/2867 1599/1/2915 1598/1/2913
f  1598/1/2914 1599/1/2916 1575/1/2868
f  1597/1/2911 1588/1/2893 1599/1/2915
f  1599/1/2916 1588/1/2894 1597/1/2912
f  1581/1/2879 1603/1/2923 1604/1/2925
f  1604/1/2926 1603/1/2924 1581/1/2880
f  1582/1/2881 1604/1/2925 1605/1/2927
f  1605/1/2928 1604/1/2926 1582/1/2882
f  1583/1/2883 1605/1/2927 1606/1/2929
f  1606/1/2930 1605/1/2928 1583/1/2884
f  1594/1/2905 1593/1/2903 1606/1/2929
f  1606/1/2930 1593/1/2904 1594/1/2906
f  1595/1/2907 1606/1/2929 1605/1/2927
f  1605/1/2928 1606/1/2930 1595/1/2908
f  1596/1/2909 1605/1/2927 1604/1/2925
f  1604/1/2926 1605/1/2928 1596/1/2910
f  1602/1/2921 1604/1/2925 1603/1/2923
f  1603/1/2924 1604/1/2926 1602/1/2922

# Mesh 'mesh1_mesh1-geometry' with 320 faces
g mesh1_mesh1-geometry
usemtl material_3_1_8
f  1607/2/2 2/3/2 4/4/2
f  4/4/5 2/3/5 1607/2/5
f  2/3/2 1607/2/2 7/5/2
f  7/5/5 1607/2/5 2/3/5
f  1607/2/2 4/4/2 1608/6/2
f  1608/6/5 4/4/5 1607/2/5
f  9/7/2 1609/8/2 4/4/2
f  4/4/5 1609/8/5 9/7/5
f  1607/2/2 13/9/2 7/5/2
f  7/5/5 13/9/5 1607/2/5
f  1608/6/2 4/4/2 1610/10/2
f  1610/10/5 4/4/5 1608/6/5
f  18/11/2 1609/8/2 9/7/2
f  9/7/5 1609/8/5 18/11/5
f  1611/12/2 4/4/2 1609/8/2
f  1609/8/5 4/4/5 1611/12/5
f  13/9/2 1607/2/2 1612/13/2
f  1612/13/5 1607/2/5 13/9/5
f  1610/10/2 4/4/2 1613/14/2
f  1613/14/5 4/4/5 1610/10/5
f  18/11/2 1614/15/2 1609/8/2
f  1609/8/5 1614/15/5 18/11/5
f  1615/16/2 4/4/2 1611/12/2
f  1611/12/5 4/4/5 1615/16/5
f  13/9/2 1612/13/2 1616/17/2
f  1616/17/5 1612/13/5 13/9/5
f  1613/14/2 4/4/2 1617/18/2
f  1617/18/5 4/4/5 1613/14/5
f  18/11/2 1618/19/2 1614/15/2
f  1614/15/5 1618/19/5 18/11/5
f  1619/20/2 4/4/2 1615/16/2
f  1615/16/5 4/4/5 1619/20/5
f  13/9/2 1616/17/2 1620/21/2
f  1620/21/5 1616/17/5 13/9/5
f  1617/18/2 4/4/2 1621/22/2
f  1621/22/5 4/4/5 1617/18/5
f  1613/14/2 1617/18/2 1622/23/2
f  1622/23/5 1617/18/5 1613/14/5
f  1623/24/2 1624/25/2 1625/26/2
f  1625/26/5 1624/25/5 1623/24/5
f  13/9/2 1626/27/2 21/28/2
f  21/28/5 1626/27/5 13/9/5
f  28/29/2 1618/19/2 18/11/2
f  18/11/5 1618/19/5 28/29/5
f  1627/30/2 4/4/2 1619/20/2
f  1619/20/5 4/4/5 1627/30/5
f  13/9/2 1620/21/2 1628/31/2
f  1628/31/5 1620/21/5 13/9/5
f  1621/22/2 4/4/2 30/32/2
f  30/32/5 4/4/5 1621/22/5
f  1629/33/2 1617/18/2 1621/22/2
f  1621/22/5 1617/18/5 1629/33/5
f  1622/23/2 1617/18/2 1630/34/2
f  1630/34/5 1617/18/5 1622/23/5
f  1624/25/2 1623/24/2 1631/35/2
f  1631/35/5 1623/24/5 1624/25/5
f  13/9/2 1628/31/2 1626/27/2
f  1626/27/5 1628/31/5 13/9/5
f  21/28/2 1626/27/2 1632/36/2
f  1632/36/5 1626/27/5 21/28/5
f  28/29/2 1633/37/2 1618/19/2
f  1618/19/5 1633/37/5 28/29/5
f  1634/38/2 4/4/2 1627/30/2
f  1627/30/5 4/4/5 1634/38/5
f  30/32/2 4/4/2 1635/39/2
f  1635/39/5 4/4/5 30/32/5
f  30/32/2 1636/40/2 1621/22/2
f  1621/22/5 1636/40/5 30/32/5
f  1629/33/2 1637/41/2 1617/18/2
f  1617/18/5 1637/41/5 1629/33/5
f  1630/34/2 1617/18/2 1638/42/2
f  1638/42/5 1617/18/5 1630/34/5
f  1624/25/2 1631/35/2 1639/43/2
f  1639/43/5 1631/35/5 1624/25/5
f  21/28/2 1632/36/2 1640/44/2
f  1640/44/5 1632/36/5 21/28/5
f  21/28/2 1641/45/2 30/32/2
f  30/32/5 1641/45/5 21/28/5
f  29/46/2 1642/47/2 43/48/2
f  43/48/5 1642/47/5 29/46/5
f  28/29/2 1643/49/2 1633/37/2
f  1633/37/5 1643/49/5 28/29/5
f  1644/50/2 4/4/2 1634/38/2
f  1634/38/5 4/4/5 1644/50/5
f  1635/39/2 4/4/2 1645/51/2
f  1645/51/5 4/4/5 1635/39/5
f  1635/39/2 53/52/2 30/32/2
f  30/32/5 53/52/5 1635/39/5
f  30/32/2 1646/53/2 1636/40/2
f  1636/40/5 1646/53/5 30/32/5
f  1647/54/2 1637/41/2 1629/33/2
f  1629/33/5 1637/41/5 1647/54/5
f  1638/42/2 1617/18/2 1648/55/2
f  1648/55/5 1617/18/5 1638/42/5
f  1639/43/2 1631/35/2 1649/56/2
f  1649/56/5 1631/35/5 1639/43/5
f  21/28/2 1640/44/2 1650/57/2
f  1650/57/5 1640/44/5 21/28/5
f  21/28/2 1651/58/2 1641/45/2
f  1641/45/5 1651/58/5 21/28/5
f  30/32/2 1641/45/2 1646/53/2
f  1646/53/5 1641/45/5 30/32/5
f  48/59/2 1643/49/2 28/29/2
f  28/29/5 1643/49/5 48/59/5
f  1642/47/2 29/46/2 51/60/2
f  51/60/5 29/46/5 1642/47/5
f  43/48/2 1642/47/2 1652/61/2
f  1652/61/5 1642/47/5 43/48/5
f  1653/62/2 4/4/2 1644/50/2
f  1644/50/5 4/4/5 1653/62/5
f  1645/51/2 4/4/2 1654/63/2
f  1654/63/5 4/4/5 1645/51/5
f  53/52/2 1635/39/2 1655/64/2
f  1655/64/5 1635/39/5 53/52/5
f  1647/54/2 1656/65/2 1637/41/2
f  1637/41/5 1656/65/5 1647/54/5
f  1657/66/2 1617/18/2 1658/67/2
f  1658/67/5 1617/18/5 1657/66/5
f  1648/55/2 1617/18/2 1659/68/2
f  1659/68/5 1617/18/5 1648/55/5
f  1660/69/2 1649/56/2 1661/70/2
f  1661/70/5 1649/56/5 1660/69/5
f  1639/43/2 1649/56/2 1660/69/2
f  1660/69/5 1649/56/5 1639/43/5
f  1660/69/2 1661/70/2 1662/71/2
f  1662/71/5 1661/70/5 1660/69/5
f  21/28/2 1650/57/2 1651/58/2
f  1651/58/5 1650/57/5 21/28/5
f  48/59/2 1663/72/2 1643/49/2
f  1643/49/5 1663/72/5 48/59/5
f  1642/47/2 51/60/2 1664/73/2
f  1664/73/5 51/60/5 1642/47/5
f  1652/61/2 62/74/2 43/48/2
f  43/48/5 62/74/5 1652/61/5
f  1642/47/2 1665/75/2 1652/61/2
f  1652/61/5 1665/75/5 1642/47/5
f  1666/76/2 4/4/2 1653/62/2
f  1653/62/5 4/4/5 1666/76/5
f  1654/63/2 4/4/2 1667/77/2
f  1667/77/5 4/4/5 1654/63/5
f  53/52/2 1655/64/2 72/78/2
f  72/78/5 1655/64/5 53/52/5
f  1668/79/2 1656/65/2 1647/54/2
f  1647/54/5 1656/65/5 1668/79/5
f  1669/80/2 1617/18/2 1657/66/2
f  1657/66/5 1617/18/5 1669/80/5
f  1659/68/2 1617/18/2 1669/80/2
f  1669/80/5 1617/18/5 1659/68/5
f  1662/71/2 1661/70/2 1670/81/2
f  1670/81/5 1661/70/5 1662/71/5
f  1662/71/2 1670/81/2 1671/82/2
f  1671/82/5 1670/81/5 1662/71/5
f  67/83/2 1672/84/2 48/59/2
f  48/59/5 1672/84/5 67/83/5
f  48/59/2 1672/84/2 1663/72/2
f  1663/72/5 1672/84/5 48/59/5
f  1664/73/2 51/60/2 1673/85/2
f  1673/85/5 51/60/5 1664/73/5
f  62/74/2 1652/61/2 1674/86/2
f  1674/86/5 1652/61/5 62/74/5
f  1665/75/2 1642/47/2 1675/87/2
f  1675/87/5 1642/47/5 1665/75/5
f  1667/77/2 4/4/2 1666/76/2
f  1666/76/5 4/4/5 1667/77/5
f  72/78/2 1655/64/2 1676/88/2
f  1676/88/5 1655/64/5 72/78/5
f  1668/79/2 1677/89/2 1656/65/2
f  1656/65/5 1677/89/5 1668/79/5
f  1671/82/2 1670/81/2 1678/90/2
f  1678/90/5 1670/81/5 1671/82/5
f  1679/91/2 1678/90/2 1680/92/2
f  1680/92/5 1678/90/5 1679/91/5
f  1671/82/2 1678/90/2 1679/91/2
f  1679/91/5 1678/90/5 1671/82/5
f  1679/91/2 1680/92/2 1681/93/2
f  1681/93/5 1680/92/5 1679/91/5
f  1681/93/2 1682/94/2 1683/95/2
f  1683/95/5 1682/94/5 1681/93/5
f  1683/95/2 1677/89/2 1668/79/2
f  1668/79/5 1677/89/5 1683/95/5
f  77/96/2 1684/97/2 67/83/2
f  67/83/5 1684/97/5 77/96/5
f  67/83/2 1685/98/2 1672/84/2
f  1672/84/5 1685/98/5 67/83/5
f  1673/85/2 51/60/2 1686/99/2
f  1686/99/5 51/60/5 1673/85/5
f  62/74/2 1674/86/2 82/100/2
f  82/100/5 1674/86/5 62/74/5
f  1665/75/2 1675/87/2 1687/101/2
f  1687/101/5 1675/87/5 1665/75/5
f  72/78/2 1676/88/2 1688/102/2
f  1688/102/5 1676/88/5 72/78/5
f  1681/93/2 1680/92/2 1682/94/2
f  1682/94/5 1680/92/5 1681/93/5
f  1683/95/2 1682/94/2 1677/89/2
f  1677/89/5 1682/94/5 1683/95/5
f  77/96/2 1688/102/2 1684/97/2
f  1684/97/5 1688/102/5 77/96/5
f  67/83/2 1684/97/2 1685/98/2
f  1685/98/5 1684/97/5 67/83/5
f  1689/103/2 51/60/2 92/104/2
f  92/104/5 51/60/5 1689/103/5
f  1686/99/2 51/60/2 1689/103/2
f  1689/103/5 51/60/5 1686/99/5
f  1673/85/2 1686/99/2 1690/105/2
f  1690/105/5 1686/99/5 1673/85/5
f  1691/106/2 1675/87/2 1692/107/2
f  1692/107/5 1675/87/5 1691/106/5
f  82/100/2 1674/86/2 1693/108/2
f  1693/108/5 1674/86/5 82/100/5
f  82/100/2 1694/109/2 93/110/2
f  93/110/5 1694/109/5 82/100/5
f  1687/101/2 1675/87/2 1691/106/2
f  1691/106/5 1675/87/5 1687/101/5
f  1665/75/2 1687/101/2 1695/111/2
f  1695/111/5 1687/101/5 1665/75/5
f  72/78/2 1688/102/2 77/96/2
f  77/96/5 1688/102/5 72/78/5
f  115/112/2 1689/103/2 92/104/2
f  92/104/5 1689/103/5 115/112/5
f  1686/99/2 1689/103/2 1696/113/2
f  1696/113/5 1689/103/5 1686/99/5
f  1690/105/2 1686/99/2 1697/114/2
f  1697/114/5 1686/99/5 1690/105/5
f  1691/106/2 1692/107/2 1698/115/2
f  1698/115/5 1692/107/5 1691/106/5
f  82/100/2 1693/108/2 1694/109/2
f  1694/109/5 1693/108/5 82/100/5
f  93/110/2 1694/109/2 1699/116/2
f  1699/116/5 1694/109/5 93/110/5
f  1687/101/2 1700/117/2 1695/111/2
f  1695/111/5 1700/117/5 1687/101/5
f  93/110/2 1699/116/2 109/118/2
f  109/118/5 1699/116/5 93/110/5
f  115/112/2 1701/119/2 1689/103/2
f  1689/103/5 1701/119/5 115/112/5
f  1702/120/2 1686/99/2 1696/113/2
f  1696/113/5 1686/99/5 1702/120/5
f  1697/114/2 1686/99/2 1703/121/2
f  1703/121/5 1686/99/5 1697/114/5
f  1691/106/2 1698/115/2 1704/122/2
f  1704/122/5 1698/115/5 1691/106/5
f  1700/117/2 1687/101/2 420/123/2
f  420/123/5 1687/101/5 1700/117/5
f  109/118/2 1699/116/2 1705/124/2
f  1705/124/5 1699/116/5 109/118/5
f  145/125/2 1701/119/2 115/112/2
f  115/112/5 1701/119/5 145/125/5
f  1706/126/2 1686/99/2 1702/120/2
f  1702/120/5 1686/99/5 1706/126/5
f  1703/121/2 1686/99/2 421/127/2
f  421/127/5 1686/99/5 1703/121/5
f  1691/106/2 1704/122/2 1707/128/2
f  1707/128/5 1704/122/5 1691/106/5
f  1691/106/2 1707/128/2 419/129/2
f  419/129/5 1707/128/5 1691/106/5
f  1700/117/2 420/123/2 1708/130/2
f  1708/130/5 420/123/5 1700/117/5
f  109/118/2 1705/124/2 134/131/2
f  134/131/5 1705/124/5 109/118/5
f  145/125/2 1709/132/2 1701/119/2
f  1701/119/5 1709/132/5 145/125/5
f  1706/126/2 1710/133/2 1686/99/2
f  1686/99/5 1710/133/5 1706/126/5
f  1708/130/2 420/123/2 1711/134/2
f  1711/134/5 420/123/5 1708/130/5
f  134/131/2 1705/124/2 1712/135/2
f  1712/135/5 1705/124/5 134/131/5
f  181/136/2 1709/132/2 145/125/2
f  145/125/5 1709/132/5 181/136/5
f  1706/126/2 1713/137/2 1710/133/2
f  1710/133/5 1713/137/5 1706/126/5
f  181/136/2 1714/138/2 1709/132/2
f  1709/132/5 1714/138/5 181/136/5
f  1711/134/2 420/123/2 1715/139/2
f  1715/139/5 420/123/5 1711/134/5
f  134/131/2 1712/135/2 166/140/2
f  166/140/5 1712/135/5 134/131/5
f  1706/126/2 1716/141/2 1713/137/2
f  1713/137/5 1716/141/5 1706/126/5
f  1717/142/2 1710/133/2 1713/137/2
f  1713/137/5 1710/133/5 1717/142/5
f  1717/142/2 1718/143/2 1710/133/2
f  1710/133/5 1718/143/5 1717/142/5
f  201/144/2 1719/145/2 1714/138/2
f  1714/138/5 1719/145/5 201/144/5
f  201/144/2 1714/138/2 181/136/2
f  181/136/5 1714/138/5 201/144/5
f  1718/143/2 1720/146/2 427/147/2
f  427/147/5 1720/146/5 1718/143/5
f  1715/139/2 420/123/2 1721/148/2
f  1721/148/5 420/123/5 1715/139/5
f  1722/149/2 420/123/2 1723/150/2
f  1723/150/5 420/123/5 1722/149/5
f  166/140/2 1712/135/2 1724/151/2
f  1724/151/5 1712/135/5 166/140/5
f  1706/126/2 1725/152/2 1716/141/2
f  1716/141/5 1725/152/5 1706/126/5
f  1726/153/2 1718/143/2 1717/142/2
f  1717/142/5 1718/143/5 1726/153/5
f  1722/149/2 1725/152/2 1706/126/2
f  1706/126/5 1725/152/5 1722/149/5
f  166/140/2 1719/145/2 201/144/2
f  201/144/5 1719/145/5 166/140/5
f  1720/146/2 1718/143/2 1726/153/2
f  1726/153/5 1718/143/5 1720/146/5
f  1721/148/2 420/123/2 1722/149/2
f  1722/149/5 420/123/5 1721/148/5
f  1722/149/2 1723/150/2 1727/154/2
f  1727/154/5 1723/150/5 1722/149/5
f  166/140/2 1724/151/2 1719/145/2
f  1719/145/5 1724/151/5 166/140/5
f  1722/149/2 1727/154/2 1725/152/2
f  1725/152/5 1727/154/5 1722/149/5
f  1725/152/2 1728/155/2 1729/156/2
f  1729/156/5 1728/155/5 1725/152/5
f  1728/155/2 1725/152/2 1727/154/2
f  1727/154/5 1725/152/5 1728/155/5
f  1729/156/2 1728/155/2 1730/157/2
f  1730/157/5 1728/155/5 1729/156/5

# Mesh 'mesh1_mesh1-geometry' with 144 faces
g mesh1_mesh1-geometry
usemtl material_5_24
f  1608//2 1612//2 1607//2
f  1610//2 1625//2 1608//2
f  1612//2 1608//2 1616//2
f  1614//2 1611//2 1609//2
f  1623//2 1610//2 1613//2
f  1625//2 1610//2 1623//2
f  1616//2 1608//2 1625//2
f  1614//2 1615//2 1611//2
f  1623//2 1613//2 1631//2
f  1616//2 1625//2 1624//2
f  1618//2 1615//2 1614//2
f  1618//2 1619//2 1615//2
f  1616//2 1624//2 1620//2
f  1631//2 1613//2 1622//2
f  1633//2 1627//2 1619//2
f  1633//2 1619//2 1618//2
f  1620//2 1624//2 1639//2
f  1620//2 1639//2 1628//2
f  1636//2 1629//2 1621//2
f  1649//2 1622//2 1630//2
f  1631//2 1622//2 1649//2
f  1628//2 1639//2 1626//2
f  1626//2 1660//2 1632//2
f  1643//2 1634//2 1627//2
f  1643//2 1627//2 1633//2
f  1637//2 1658//2 1617//2
f  1636//2 1647//2 1629//2
f  1661//2 1630//2 1638//2
f  1649//2 1630//2 1661//2
f  1626//2 1639//2 1660//2
f  1632//2 1660//2 1662//2
f  1632//2 1662//2 1640//2
f  1663//2 1644//2 1634//2
f  1663//2 1634//2 1643//2
f  1645//2 1655//2 1635//2
f  1646//2 1647//2 1636//2
f  1656//2 1658//2 1637//2
f  1678//2 1638//2 1648//2
f  1661//2 1638//2 1670//2
f  1640//2 1662//2 1671//2
f  1640//2 1671//2 1650//2
f  1651//2 1681//2 1641//2
f  1641//2 1668//2 1646//2
f  1672//2 1653//2 1644//2
f  1672//2 1644//2 1663//2
f  1676//2 1645//2 1654//2
f  1655//2 1645//2 1676//2
f  1646//2 1668//2 1647//2
f  1656//2 1657//2 1658//2
f  1680//2 1648//2 1659//2
f  1670//2 1638//2 1678//2
f  1678//2 1648//2 1680//2
f  1650//2 1671//2 1679//2
f  1650//2 1679//2 1651//2
f  1651//2 1679//2 1681//2
f  1641//2 1681//2 1683//2
f  1641//2 1683//2 1668//2
f  1664//2 1675//2 1642//2
f  1665//2 1674//2 1652//2
f  1685//2 1666//2 1653//2
f  1685//2 1653//2 1672//2
f  1688//2 1654//2 1667//2
f  1676//2 1654//2 1688//2
f  1677//2 1657//2 1656//2
f  1677//2 1669//2 1657//2
f  1682//2 1659//2 1669//2
f  1680//2 1659//2 1682//2
f  1692//2 1664//2 1673//2
f  1675//2 1664//2 1692//2
f  1674//2 1665//2 1695//2
f  1684//2 1667//2 1666//2
f  1684//2 1666//2 1685//2
f  1688//2 1667//2 1684//2
f  1682//2 1669//2 1677//2
f  1692//2 1673//2 1698//2
f  1674//2 1695//2 1693//2
f  1698//2 1673//2 1690//2
f  1691//2 420//2 1687//2
f  1693//2 1695//2 1700//2
f  1701//2 1696//2 1689//2
f  1704//2 1690//2 1697//2
f  1698//2 1690//2 1704//2
f  1693//2 1700//2 1694//2
f  1694//2 1708//2 1699//2
f  420//2 1691//2 419//2
f  1709//2 1696//2 1701//2
f  1709//2 1702//2 1696//2
f  1707//2 1697//2 1703//2
f  1704//2 1697//2 1707//2
f  1694//2 1700//2 1708//2
f  1699//2 1708//2 1711//2
f  421//2 420//2 419//2
f  1699//2 1711//2 1705//2
f  1714//2 1706//2 1702//2
f  1714//2 1702//2 1709//2
f  1686//2 427//2 421//2
f  419//2 1703//2 421//2
f  1707//2 1703//2 419//2
f  420//2 421//2 427//2
f  1705//2 1711//2 1715//2
f  1718//2 1686//2 1710//2
f  1719//2 1706//2 1714//2
f  427//2 1686//2 1718//2
f  427//2 1723//2 420//2
f  424//2931 428//2932 440//2933
f  1705//2 1715//2 1712//2
f  1719//2 1722//2 1706//2
f  1723//2 427//2 1720//2
f  439//2934 424//2931 450//2935
f  428//2932 445//2936 440//2933
f  424//2931 440//2933 450//2935
f  1712//2 1715//2 1721//2
f  1716//2 1717//2 1713//2
f  1724//2 1722//2 1719//2
f  1723//2 1720//2 1727//2
f  439//2934 450//2935 466//2937
f  1712//2 1721//2 1724//2
f  458//2938 444//2939 481//2940
f  444//2939 439//2934 466//2937
f  1729//2 1716//2 1725//2
f  1730//2 1717//2 1716//2
f  1730//2 1726//2 1717//2
f  1724//2 1721//2 1722//2
f  1727//2 1720//2 1726//2
f  480//2941 458//2938 492//2942
f  444//2939 466//2937 481//2940
f  458//2938 481//2940 492//2942
f  1716//2 1729//2 1730//2
f  1728//2 1726//2 1730//2
f  1727//2 1726//2 1728//2
f  491//2943 480//2941 518//2944
f  480//2941 492//2942 518//2944
f  491//2943 518//2944 529//2945
f  528//2946 491//2943 529//2945
f  528//2946 529//2945 573//2947
f  572//2948 528//2946 573//2947
f  572//2948 573//2947 625//2949
f  627//2950 572//2948 625//2949
f  665//2951 684//2952 624//2953
f  627//2950 625//2949 686//2954
f  665//2951 735//2955 684//2952
f  627//2950 686//2954 690//2956
f  690//2956 735//2955 665//2951
f  690//2956 686//2954 735//2955

# Mesh 'mesh1_mesh1-geometry' with 118 faces
g mesh1_mesh1-geometry
usemtl material_7_24
f  1607//5 1612//5 1608//5
f  1608//5 1625//5 1610//5
f  1616//5 1608//5 1612//5
f  1609//5 1611//5 1614//5
f  1613//5 1610//5 1623//5
f  1623//5 1610//5 1625//5
f  1625//5 1608//5 1616//5
f  1611//5 1615//5 1614//5
f  1631//5 1613//5 1623//5
f  1624//5 1625//5 1616//5
f  1614//5 1615//5 1618//5
f  1615//5 1619//5 1618//5
f  1620//5 1624//5 1616//5
f  1622//5 1613//5 1631//5
f  1619//5 1627//5 1633//5
f  1618//5 1619//5 1633//5
f  1639//5 1624//5 1620//5
f  1628//5 1639//5 1620//5
f  1621//5 1629//5 1636//5
f  1630//5 1622//5 1649//5
f  1649//5 1622//5 1631//5
f  1626//5 1639//5 1628//5
f  1632//5 1660//5 1626//5
f  1627//5 1634//5 1643//5
f  1633//5 1627//5 1643//5
f  1617//5 1658//5 1637//5
f  1629//5 1647//5 1636//5
f  1638//5 1630//5 1661//5
f  1661//5 1630//5 1649//5
f  1660//5 1639//5 1626//5
f  1662//5 1660//5 1632//5
f  1640//5 1662//5 1632//5
f  1634//5 1644//5 1663//5
f  1643//5 1634//5 1663//5
f  1635//5 1655//5 1645//5
f  1636//5 1647//5 1646//5
f  1637//5 1658//5 1656//5
f  1648//5 1638//5 1678//5
f  1670//5 1638//5 1661//5
f  1671//5 1662//5 1640//5
f  1650//5 1671//5 1640//5
f  1641//5 1681//5 1651//5
f  1646//5 1668//5 1641//5
f  1644//5 1653//5 1672//5
f  1663//5 1644//5 1672//5
f  1654//5 1645//5 1676//5
f  1676//5 1645//5 1655//5
f  1647//5 1668//5 1646//5
f  1658//5 1657//5 1656//5
f  1659//5 1648//5 1680//5
f  1678//5 1638//5 1670//5
f  1680//5 1648//5 1678//5
f  1679//5 1671//5 1650//5
f  1651//5 1679//5 1650//5
f  1681//5 1679//5 1651//5
f  1683//5 1681//5 1641//5
f  1668//5 1683//5 1641//5
f  1642//5 1675//5 1664//5
f  1652//5 1674//5 1665//5
f  1653//5 1666//5 1685//5
f  1672//5 1653//5 1685//5
f  1667//5 1654//5 1688//5
f  1688//5 1654//5 1676//5
f  1656//5 1657//5 1677//5
f  1657//5 1669//5 1677//5
f  1669//5 1659//5 1682//5
f  1682//5 1659//5 1680//5
f  1673//5 1664//5 1692//5
f  1692//5 1664//5 1675//5
f  1695//5 1665//5 1674//5
f  1666//5 1667//5 1684//5
f  1685//5 1666//5 1684//5
f  1684//5 1667//5 1688//5
f  1677//5 1669//5 1682//5
f  1698//5 1673//5 1692//5
f  1693//5 1695//5 1674//5
f  1690//5 1673//5 1698//5
f  1687//5 420//5 1691//5
f  1700//5 1695//5 1693//5
f  1689//5 1696//5 1701//5
f  1697//5 1690//5 1704//5
f  1704//5 1690//5 1698//5
f  1694//5 1700//5 1693//5
f  1699//5 1708//5 1694//5
f  419//5 1691//5 420//5
f  1701//5 1696//5 1709//5
f  1696//5 1702//5 1709//5
f  1703//5 1697//5 1707//5
f  1707//5 1697//5 1704//5
f  1708//5 1700//5 1694//5
f  1711//5 1708//5 1699//5
f  1705//5 1711//5 1699//5
f  1702//5 1706//5 1714//5
f  1709//5 1702//5 1714//5
f  421//5 427//5 1686//5
f  421//5 1703//5 419//5
f  419//5 1703//5 1707//5
f  1715//5 1711//5 1705//5
f  1710//5 1686//5 1718//5
f  1714//5 1706//5 1719//5
f  1718//5 1686//5 427//5
f  420//5 1723//5 427//5
f  1712//5 1715//5 1705//5
f  1706//5 1722//5 1719//5
f  1720//5 427//5 1723//5
f  1721//5 1715//5 1712//5
f  1713//5 1717//5 1716//5
f  1719//5 1722//5 1724//5
f  1727//5 1720//5 1723//5
f  1724//5 1721//5 1712//5
f  1725//5 1716//5 1729//5
f  1716//5 1717//5 1730//5
f  1717//5 1726//5 1730//5
f  1722//5 1721//5 1724//5
f  1726//5 1720//5 1727//5
f  1730//5 1729//5 1716//5
f  1730//5 1726//5 1728//5
f  1728//5 1726//5 1727//5

# Mesh 'mesh1_mesh1-geometry' with 24 faces
g mesh1_mesh1-geometry
usemtl material_2_24
f  25//29 23//27 12//13
f  23//27 25//29 393//2957
f  52//53 393//2957 25//29
f  393//2957 52//53 399//2958
f  71//70 399//2958 52//53
f  399//2958 71//70 406//2959
f  100//94 406//2959 71//70
f  70//68 410//2960 81//78
f  406//2959 100//94 413//2961
f  410//2960 70//68 411//377
f  415//2962 81//78 410//2960
f  123//113 413//2961 100//94
f  81//78 415//2962 105//99
f  413//2961 123//113 417//2963
f  418//2964 105//99 415//2962
f  150//135 417//2963 123//113
f  105//99 418//2964 130//120
f  417//2963 150//135 425//2965
f  426//2966 130//120 418//2964
f  186//166 425//2965 150//135
f  130//120 426//2966 162//147
f  425//2965 186//166 443//2967
f  443//2967 162//147 426//2966
f  162//147 443//2967 186//166

# Mesh 'mesh1_mesh1-geometry' with 28 faces
g mesh1_mesh1-geometry
usemtl material_6_24
f  118//108 424//2968 133//123
f  146//131 133//123 424//2968
f  118//108 428//436 424//2968
f  146//131 424//2968 439//2969
f  146//131 439//2969 161//146
f  160//145 444//2970 180//161
f  160//145 161//146 439//2969
f  180//161 458//2971 200//179
f  444//2970 458//2971 180//161
f  439//2969 444//2970 160//145
f  200//179 480//2972 218//190
f  458//2971 480//2972 200//179
f  480//2972 491//2973 218//190
f  218//190 491//2973 269//227
f  491//2973 528//2974 269//227
f  269//227 528//2974 314//262
f  314//262 528//2974 572//2975
f  314//262 572//2975 338//283
f  335//280 324//269 624//2976
f  338//283 572//2975 627//2977
f  359//302 624//2976 324//269
f  338//283 627//2977 360//303
f  624//2976 359//302 665//2978
f  360//303 627//2977 690//2979
f  377//318 665//2978 359//302
f  360//303 690//2979 371//312
f  371//312 665//2978 377//318
f  371//312 690//2979 665//2978

# Mesh 'mesh1_mesh1-geometry' with 31 faces
g mesh1_mesh1-geometry
usemtl material_4_24
f  428//2932 422//2980 430//2981
f  422//2980 423//2982 433//2983
f  423//2982 429//2984 436//2985
f  430//2981 422//2980 433//2983
f  445//2936 428//2932 430//2981
f  433//2983 423//2982 436//2985
f  436//2985 429//2984 447//2986
f  429//2984 442//2987 447//2986
f  447//2986 442//2987 473//2988
f  442//2987 472//2989 473//2988
f  473//2988 472//2989 511//2990
f  472//2989 510//2991 511//2990
f  511//2990 510//2991 552//2992
f  510//2991 551//2993 552//2992
f  552//2992 551//2993 600//2994
f  551//2993 599//2995 600//2994
f  600//2994 599//2995 653//2996
f  599//2995 652//2997 653//2996
f  653//2996 652//2997 718//2998
f  279//233 624//2953 733//2999
f  684//2952 734//1375 624//2953
f  718//2998 652//2997 717//3000
f  733//2999 624//2953 754//1376
f  733//2999 750//3001 279//233
f  754//1376 624//2953 734//1375
f  718//2998 717//3000 785//3002
f  376//317 279//233 750//3001
f  750//3001 733//2999 800//3003
f  785//3002 717//3000 784//3004
f  784//3004 800//3003 733//2999
f  785//3002 784//3004 733//2999

# Mesh 'mesh2_mesh2-geometry' with 44 faces
g mesh2_mesh2-geometry
usemtl material_1_24
f  1731//320 1732//320 1733//320
f  1732//320 1731//320 1734//320
f  1733//273 1732//273 1731//273
f  1734//273 1731//273 1732//273
f  1732//320 1734//320 1735//320
f  1735//273 1734//273 1732//273
f  1735//320 1734//320 1736//320
f  1736//273 1734//273 1735//273
f  1735//320 1736//320 1737//320
f  1737//273 1736//273 1735//273
f  1737//320 1736//320 1738//320
f  1738//273 1736//273 1737//273
f  1737//320 1738//320 1739//320
f  1739//273 1738//273 1737//273
f  1739//320 1738//320 1740//320
f  1740//273 1738//273 1739//273
f  1739//320 1740//320 1741//320
f  1741//273 1740//273 1739//273
f  1741//320 1740//320 1742//320
f  1742//273 1740//273 1741//273
f  1742//320 1740//320 1743//320
f  1743//273 1740//273 1742//273
f  1742//320 1743//320 1744//320
f  1744//273 1743//273 1742//273
f  1742//320 1744//320 1745//320
f  1745//273 1744//273 1742//273
f  1745//320 1744//320 1746//320
f  1746//273 1744//273 1745//273
f  1745//320 1746//320 1747//320
f  1747//273 1746//273 1745//273
f  1747//320 1746//320 1748//320
f  1748//273 1746//273 1747//273
f  1747//320 1748//320 1749//320
f  1749//273 1748//273 1747//273
f  1749//320 1748//320 1750//320
f  1750//273 1748//273 1749//273
f  1749//320 1750//320 1751//320
f  1751//273 1750//273 1749//273
f  1751//320 1750//320 1752//320
f  1752//273 1750//273 1751//273
f  1752//320 1750//320 1753//320
f  1753//273 1750//273 1752//273
f  1752//320 1753//320 1754//320
f  1754//273 1753//273 1752//273

# Mesh 'mesh3_mesh3-geometry' with 25 faces
g mesh3_mesh3-geometry
usemtl material_1_0
l  1755 1756
l  1757 1755
l  1756 1758
l  1759 1757
l  1758 516
l  1760 1759
l  1761 1760
l  1762 1761
l  1763 1762
l  1764 1763
l  1765 1764
l  1766 1765
l  1767 1766
l  1125 1766
l  1768 1767
l  1769 1768
l  1770 1769
l  1771 1770
l  1772 1771
l  1773 1772
l  1774 1773
l  1775 1774
l  1776 1775
l  1777 1776
l  489 1777

# Mesh 'mesh4_mesh4-geometry' with 9 faces
g mesh4_mesh4-geometry
usemtl material_1_0
l  750 376
l  750 366
l  376 1778
l  1779 376
l  1780 376
l  376 372
l  372 366
l  1778 1781
l  1782 1779

# Mesh 'mesh5_mesh5-geometry' with 6 faces
g mesh5_mesh5-geometry
usemtl material_1_0
l  1783 1784
l  1784 279
l  279 624
l  279 347
l  624 335
l  335 347

# Mesh 'mesh6_mesh6-geometry' with 2 faces
g mesh6_mesh6-geometry
usemtl material_1_0
l  350 1785
l  1785 341

# Mesh 'mesh7_mesh7-geometry' with 1 faces
g mesh7_mesh7-geometry
usemtl material_1_0
l  782 1786

# Mesh 'mesh8_mesh8-geometry' with 2 faces
g mesh8_mesh8-geometry
usemtl material_1_0
l  168 205
l  205 192

