1 86 110.0 0 1510.0 0 0 1 0 1 0 -1 0 0 3005.DAT
0 STEP
1 86 250.0 0 1530.0 0 0 1 0 1 0 -1 0 0 3005.DAT
0 STEP
1 86 130.0 0 1550.0 0 0 1 0 1 0 -1 0 0 3005.DAT
0 STEP
1 86 230.0 0 1550.0 0 0 1 0 1 0 -1 0 0 3005.DAT
0 STEP
1 86 190.0 0 1890.0 0 0 1 0 1 0 -1 0 0 3005.DAT
0 STEP
1 86 110.0 0 1950.0 0 0 1 0 1 0 -1 0 0 3005.DAT
0 STEP
1 86 250.0 0 1950.0 0 0 1 0 1 0 -1 0 0 3005.DAT
0 STEP
1 86 230.0 -24 1490.0 0 0 1 0 1 0 -1 0 0 3005.DAT
0 STEP
1 86 150.0 -24 1510.0 0 0 1 0 1 0 -1 0 0 3005.DAT
0 STEP
1 86 110.0 -24 1530.0 0 0 1 0 1 0 -1 0 0 3005.DAT
0 STEP
1 86 270.0 -24 1530.0 0 0 1 0 1 0 -1 0 0 3005.DAT
0 STEP
1 86 90.0 -24 1550.0 0 0 1 0 1 0 -1 0 0 3005.DAT
0 STEP
1 86 170.0 -24 1550.0 0 0 1 0 1 0 -1 0 0 3005.DAT
0 STEP
1 86 230.0 -24 1590.0 0 0 1 0 1 0 -1 0 0 3005.DAT
0 STEP
1 86 210.0 -24 1830.0 0 0 1 0 1 0 -1 0 0 3005.DAT
0 STEP
1 86 130.0 -24 1850.0 0 0 1 0 1 0 -1 0 0 3005.DAT
0 STEP
1 86 190.0 -24 1870.0 0 0 1 0 1 0 -1 0 0 3005.DAT
0 STEP
1 86 130.0 -24 1910.0 0 0 1 0 1 0 -1 0 0 3005.DAT
0 STEP
1 86 250.0 -24 1930.0 0 0 1 0 1 0 -1 0 0 3005.DAT
0 STEP
1 86 70.0 -24 2310.0 0 0 1 0 1 0 -1 0 0 3005.DAT
0 STEP
1 86 270.0 -24 2330.0 0 0 1 0 1 0 -1 0 0 3005.DAT
0 STEP
1 86 130.0 -24 2530.0 0 0 1 0 1 0 -1 0 0 3005.DAT
0 STEP
1 86 250.0 -24 2530.0 0 0 1 0 1 0 -1 0 0 3005.DAT
0 STEP
1 86 110.0 -24 2550.0 0 0 1 0 1 0 -1 0 0 3005.DAT
0 STEP
1 86 210.0 -24 2550.0 0 0 1 0 1 0 -1 0 0 3005.DAT
0 STEP
1 86 170.0 -48 1490.0 0 0 1 0 1 0 -1 0 0 3005.DAT
0 STEP
1 86 150.0 -48 1530.0 0 0 1 0 1 0 -1 0 0 3005.DAT
0 STEP
1 86 290.0 -48 1530.0 0 0 1 0 1 0 -1 0 0 3005.DAT
0 STEP
1 86 210.0 -48 1550.0 0 0 1 0 1 0 -1 0 0 3005.DAT
0 STEP
1 86 130.0 -48 1570.0 0 0 1 0 1 0 -1 0 0 3005.DAT
0 STEP
1 86 270.0 -48 1570.0 0 0 1 0 1 0 -1 0 0 3005.DAT
0 STEP
1 86 90.0 -48 1590.0 0 0 1 0 1 0 -1 0 0 3005.DAT
0 STEP
1 86 150.0 -48 1630.0 0 0 1 0 1 0 -1 0 0 3005.DAT
0 STEP
1 86 130.0 -48 1670.0 0 0 1 0 1 0 -1 0 0 3005.DAT
0 STEP
1 86 150.0 -48 1730.0 0 0 1 0 1 0 -1 0 0 3005.DAT
0 STEP
1 86 250.0 -48 1790.0 0 0 1 0 1 0 -1 0 0 3005.DAT
0 STEP
1 86 210.0 -48 1810.0 0 0 1 0 1 0 -1 0 0 3005.DAT
0 STEP
1 86 190.0 -48 1830.0 0 0 1 0 1 0 -1 0 0 3005.DAT
0 STEP
1 86 250.0 -48 1830.0 0 0 1 0 1 0 -1 0 0 3005.DAT
0 STEP
1 86 210.0 -48 1850.0 0 0 1 0 1 0 -1 0 0 3005.DAT
0 STEP
1 86 190.0 -48 1870.0 0 0 1 0 1 0 -1 0 0 3005.DAT
0 STEP
1 86 250.0 -48 1870.0 0 0 1 0 1 0 -1 0 0 3005.DAT
0 STEP
1 86 110.0 -48 1910.0 0 0 1 0 1 0 -1 0 0 3005.DAT
0 STEP
1 86 290.0 -48 1910.0 0 0 1 0 1 0 -1 0 0 3005.DAT
0 STEP
1 86 210.0 -48 1930.0 0 0 1 0 1 0 -1 0 0 3005.DAT
0 STEP
1 86 90.0 -48 1950.0 0 0 1 0 1 0 -1 0 0 3005.DAT
0 STEP
1 86 70.0 -48 1970.0 0 0 1 0 1 0 -1 0 0 3005.DAT
0 STEP
1 86 70.0 -48 2030.0 0 0 1 0 1 0 -1 0 0 3005.DAT
0 STEP
1 86 50.0 -48 2070.0 0 0 1 0 1 0 -1 0 0 3005.DAT
0 STEP
1 86 70.0 -48 2370.0 0 0 1 0 1 0 -1 0 0 3005.DAT
0 STEP
1 86 70.0 -48 2470.0 0 0 1 0 1 0 -1 0 0 3005.DAT
0 STEP
1 86 170.0 -48 2550.0 0 0 1 0 1 0 -1 0 0 3005.DAT
0 STEP
1 86 290.0 -48 2550.0 0 0 1 0 1 0 -1 0 0 3005.DAT
0 STEP
1 86 250.0 -72 1450.0 0 0 1 0 1 0 -1 0 0 3005.DAT
0 STEP
1 86 70.0 -72 1470.0 0 0 1 0 1 0 -1 0 0 3005.DAT
0 STEP
1 86 230.0 -72 1470.0 0 0 1 0 1 0 -1 0 0 3005.DAT
0 STEP
1 86 150.0 -72 1490.0 0 0 1 0 1 0 -1 0 0 3005.DAT
0 STEP
1 86 250.0 -72 1490.0 0 0 1 0 1 0 -1 0 0 3005.DAT
0 STEP
1 86 170.0 -72 1510.0 0 0 1 0 1 0 -1 0 0 3005.DAT
0 STEP
1 86 90.0 -72 1530.0 0 0 1 0 1 0 -1 0 0 3005.DAT
0 STEP
1 86 130.0 -72 1530.0 0 0 1 0 1 0 -1 0 0 3005.DAT
0 STEP
1 86 230.0 -72 1530.0 0 0 1 0 1 0 -1 0 0 3005.DAT
0 STEP
1 86 310.0 -72 1530.0 0 0 1 0 1 0 -1 0 0 3005.DAT
0 STEP
1 86 210.0 -72 1550.0 0 0 1 0 1 0 -1 0 0 3005.DAT
0 STEP
1 86 90.0 -72 1570.0 0 0 1 0 1 0 -1 0 0 3005.DAT
0 STEP
1 86 290.0 -72 1570.0 0 0 1 0 1 0 -1 0 0 3005.DAT
0 STEP
1 86 150.0 -72 1590.0 0 0 1 0 1 0 -1 0 0 3005.DAT
0 STEP
1 86 170.0 -72 1690.0 0 0 1 0 1 0 -1 0 0 3005.DAT
0 STEP
1 86 270.0 -72 1710.0 0 0 1 0 1 0 -1 0 0 3005.DAT
0 STEP
1 86 210.0 -72 1750.0 0 0 1 0 1 0 -1 0 0 3005.DAT
0 STEP
1 86 190.0 -72 1790.0 0 0 1 0 1 0 -1 0 0 3005.DAT
0 STEP
1 86 210.0 -72 1810.0 0 0 1 0 1 0 -1 0 0 3005.DAT
0 STEP
1 86 230.0 -72 1890.0 0 0 1 0 1 0 -1 0 0 3005.DAT
0 STEP
1 86 290.0 -72 1890.0 0 0 1 0 1 0 -1 0 0 3005.DAT
0 STEP
1 86 230.0 -72 1950.0 0 0 1 0 1 0 -1 0 0 3005.DAT
0 STEP
1 86 290.0 -72 1970.0 0 0 1 0 1 0 -1 0 0 3005.DAT
0 STEP
1 86 90.0 -72 1990.0 0 0 1 0 1 0 -1 0 0 3005.DAT
0 STEP
1 86 50.0 -72 2010.0 0 0 1 0 1 0 -1 0 0 3005.DAT
0 STEP
1 86 110.0 -72 2010.0 0 0 1 0 1 0 -1 0 0 3005.DAT
0 STEP
1 86 250.0 -72 2030.0 0 0 1 0 1 0 -1 0 0 3005.DAT
0 STEP
1 86 310.0 -72 2050.0 0 0 1 0 1 0 -1 0 0 3005.DAT
0 STEP
1 86 250.0 -72 2130.0 0 0 1 0 1 0 -1 0 0 3005.DAT
0 STEP
1 86 110.0 -72 2410.0 0 0 1 0 1 0 -1 0 0 3005.DAT
0 STEP
1 86 50.0 -72 2430.0 0 0 1 0 1 0 -1 0 0 3005.DAT
0 STEP
1 86 90.0 -72 2450.0 0 0 1 0 1 0 -1 0 0 3005.DAT
0 STEP
1 86 290.0 -72 2450.0 0 0 1 0 1 0 -1 0 0 3005.DAT
0 STEP
1 86 30.0 -72 2470.0 0 0 1 0 1 0 -1 0 0 3005.DAT
0 STEP
1 86 30.0 -72 2530.0 0 0 1 0 1 0 -1 0 0 3005.DAT
0 STEP
1 86 150.0 -72 2550.0 0 0 1 0 1 0 -1 0 0 3005.DAT
0 STEP
1 86 210.0 -72 2550.0 0 0 1 0 1 0 -1 0 0 3005.DAT
0 STEP
1 86 50.0 -96 1470.0 0 0 1 0 1 0 -1 0 0 3005.DAT
0 STEP
1 86 110.0 -96 1490.0 0 0 1 0 1 0 -1 0 0 3005.DAT
0 STEP
1 86 90.0 -96 1510.0 0 0 1 0 1 0 -1 0 0 3005.DAT
0 STEP
1 86 230.0 -96 1510.0 0 0 1 0 1 0 -1 0 0 3005.DAT
0 STEP
1 86 290.0 -96 1510.0 0 0 1 0 1 0 -1 0 0 3005.DAT
0 STEP
1 86 30.0 -96 1550.0 0 0 1 0 1 0 -1 0 0 3005.DAT
0 STEP
1 86 310.0 -96 1550.0 0 0 1 0 1 0 -1 0 0 3005.DAT
0 STEP
1 86 210.0 -96 1570.0 0 0 1 0 1 0 -1 0 0 3005.DAT
0 STEP
1 86 290.0 -96 1570.0 0 0 1 0 1 0 -1 0 0 3005.DAT
0 STEP
1 86 230.0 -96 1610.0 0 0 1 0 1 0 -1 0 0 3005.DAT
0 STEP
1 86 290.0 -96 1630.0 0 0 1 0 1 0 -1 0 0 3005.DAT
0 STEP
1 86 270.0 -96 1750.0 0 0 1 0 1 0 -1 0 0 3005.DAT
0 STEP
1 86 230.0 -96 1790.0 0 0 1 0 1 0 -1 0 0 3005.DAT
0 STEP
1 86 50.0 -96 1850.0 0 0 1 0 1 0 -1 0 0 3005.DAT
0 STEP
1 86 270.0 -96 1890.0 0 0 1 0 1 0 -1 0 0 3005.DAT
0 STEP
1 86 70.0 -96 1910.0 0 0 1 0 1 0 -1 0 0 3005.DAT
0 STEP
1 86 250.0 -96 1910.0 0 0 1 0 1 0 -1 0 0 3005.DAT
0 STEP
1 86 290.0 -96 1910.0 0 0 1 0 1 0 -1 0 0 3005.DAT
0 STEP
1 86 90.0 -96 1930.0 0 0 1 0 1 0 -1 0 0 3005.DAT
0 STEP
1 86 310.0 -96 1950.0 0 0 1 0 1 0 -1 0 0 3005.DAT
0 STEP
1 86 270.0 -96 1990.0 0 0 1 0 1 0 -1 0 0 3005.DAT
0 STEP
1 86 70.0 -96 2010.0 0 0 1 0 1 0 -1 0 0 3005.DAT
0 STEP
1 86 30.0 -96 2090.0 0 0 1 0 1 0 -1 0 0 3005.DAT
0 STEP
1 86 250.0 -96 2090.0 0 0 1 0 1 0 -1 0 0 3005.DAT
0 STEP
1 86 270.0 -96 2130.0 0 0 1 0 1 0 -1 0 0 3005.DAT
0 STEP
1 86 30.0 -96 2150.0 0 0 1 0 1 0 -1 0 0 3005.DAT
0 STEP
1 86 250.0 -96 2150.0 0 0 1 0 1 0 -1 0 0 3005.DAT
0 STEP
1 86 30.0 -96 2210.0 0 0 1 0 1 0 -1 0 0 3005.DAT
0 STEP
1 86 250.0 -96 2250.0 0 0 1 0 1 0 -1 0 0 3005.DAT
0 STEP
1 86 30.0 -96 2270.0 0 0 1 0 1 0 -1 0 0 3005.DAT
0 STEP
1 86 90.0 -96 2270.0 0 0 1 0 1 0 -1 0 0 3005.DAT
0 STEP
1 86 70.0 -96 2310.0 0 0 1 0 1 0 -1 0 0 3005.DAT
0 STEP
1 86 310.0 -96 2310.0 0 0 1 0 1 0 -1 0 0 3005.DAT
0 STEP
1 86 310.0 -96 2370.0 0 0 1 0 1 0 -1 0 0 3005.DAT
0 STEP
1 86 90.0 -96 2390.0 0 0 1 0 1 0 -1 0 0 3005.DAT
0 STEP
1 86 250.0 -96 2410.0 0 0 1 0 1 0 -1 0 0 3005.DAT
0 STEP
1 86 70.0 -96 2430.0 0 0 1 0 1 0 -1 0 0 3005.DAT
0 STEP
1 86 30.0 -96 2470.0 0 0 1 0 1 0 -1 0 0 3005.DAT
0 STEP
1 86 250.0 -96 2470.0 0 0 1 0 1 0 -1 0 0 3005.DAT
0 STEP
1 86 310.0 -96 2490.0 0 0 1 0 1 0 -1 0 0 3005.DAT
0 STEP
1 86 270.0 -96 2510.0 0 0 1 0 1 0 -1 0 0 3005.DAT
0 STEP
1 86 30.0 -96 2530.0 0 0 1 0 1 0 -1 0 0 3005.DAT
0 STEP
1 86 150.0 -96 2550.0 0 0 1 0 1 0 -1 0 0 3005.DAT
0 STEP
1 86 30.0 -120 1490.0 0 0 1 0 1 0 -1 0 0 3005.DAT
0 STEP
1 86 70.0 -120 1530.0 0 0 1 0 1 0 -1 0 0 3005.DAT
0 STEP
1 86 270.0 -120 1530.0 0 0 1 0 1 0 -1 0 0 3005.DAT
0 STEP
1 86 30.0 -120 1550.0 0 0 1 0 1 0 -1 0 0 3005.DAT
0 STEP
1 86 270.0 -120 1570.0 0 0 1 0 1 0 -1 0 0 3005.DAT
0 STEP
1 86 130.0 -120 1590.0 0 0 1 0 1 0 -1 0 0 3005.DAT
0 STEP
1 86 70.0 -120 1650.0 0 0 1 0 1 0 -1 0 0 3005.DAT
0 STEP
1 86 230.0 -120 1690.0 0 0 1 0 1 0 -1 0 0 3005.DAT
0 STEP
1 86 110.0 -120 1730.0 0 0 1 0 1 0 -1 0 0 3005.DAT
0 STEP
1 86 290.0 -120 1730.0 0 0 1 0 1 0 -1 0 0 3005.DAT
0 STEP
1 86 230.0 -120 1750.0 0 0 1 0 1 0 -1 0 0 3005.DAT
0 STEP
1 86 290.0 -120 1790.0 0 0 1 0 1 0 -1 0 0 3005.DAT
0 STEP
1 86 290.0 -120 1830.0 0 0 1 0 1 0 -1 0 0 3005.DAT
0 STEP
1 86 250.0 -120 1890.0 0 0 1 0 1 0 -1 0 0 3005.DAT
0 STEP
1 86 290.0 -120 1890.0 0 0 1 0 1 0 -1 0 0 3005.DAT
0 STEP
1 86 30.0 -120 1930.0 0 0 1 0 1 0 -1 0 0 3005.DAT
0 STEP
1 86 270.0 -120 1930.0 0 0 1 0 1 0 -1 0 0 3005.DAT
0 STEP
1 86 270.0 -120 1970.0 0 0 1 0 1 0 -1 0 0 3005.DAT
0 STEP
1 86 330.0 -120 1970.0 0 0 1 0 1 0 -1 0 0 3005.DAT
0 STEP
1 86 30.0 -120 1990.0 0 0 1 0 1 0 -1 0 0 3005.DAT
0 STEP
1 86 270.0 -120 2030.0 0 0 1 0 1 0 -1 0 0 3005.DAT
0 STEP
1 86 70.0 -120 2050.0 0 0 1 0 1 0 -1 0 0 3005.DAT
0 STEP
1 86 50.0 -120 2090.0 0 0 1 0 1 0 -1 0 0 3005.DAT
0 STEP
1 86 270.0 -120 2090.0 0 0 1 0 1 0 -1 0 0 3005.DAT
0 STEP
1 86 70.0 -120 2110.0 0 0 1 0 1 0 -1 0 0 3005.DAT
0 STEP
1 86 30.0 -120 2130.0 0 0 1 0 1 0 -1 0 0 3005.DAT
0 STEP
1 86 270.0 -120 2130.0 0 0 1 0 1 0 -1 0 0 3005.DAT
0 STEP
1 86 330.0 -120 2130.0 0 0 1 0 1 0 -1 0 0 3005.DAT
0 STEP
1 86 50.0 -120 2150.0 0 0 1 0 1 0 -1 0 0 3005.DAT
0 STEP
1 86 70.0 -120 2170.0 0 0 1 0 1 0 -1 0 0 3005.DAT
0 STEP
1 86 270.0 -120 2210.0 0 0 1 0 1 0 -1 0 0 3005.DAT
0 STEP
1 86 310.0 -120 2270.0 0 0 1 0 1 0 -1 0 0 3005.DAT
0 STEP
1 86 310.0 -120 2310.0 0 0 1 0 1 0 -1 0 0 3005.DAT
0 STEP
1 86 330.0 -120 2350.0 0 0 1 0 1 0 -1 0 0 3005.DAT
0 STEP
1 86 70.0 -120 2390.0 0 0 1 0 1 0 -1 0 0 3005.DAT
0 STEP
1 86 30.0 -120 2430.0 0 0 1 0 1 0 -1 0 0 3005.DAT
0 STEP
1 86 270.0 -120 2430.0 0 0 1 0 1 0 -1 0 0 3005.DAT
0 STEP
1 86 330.0 -120 2430.0 0 0 1 0 1 0 -1 0 0 3005.DAT
0 STEP
1 86 70.0 -120 2450.0 0 0 1 0 1 0 -1 0 0 3005.DAT
0 STEP
1 86 270.0 -120 2470.0 0 0 1 0 1 0 -1 0 0 3005.DAT
0 STEP
1 86 90.0 -120 2510.0 0 0 1 0 1 0 -1 0 0 3005.DAT
0 STEP
1 86 150.0 -120 2510.0 0 0 1 0 1 0 -1 0 0 3005.DAT
0 STEP
1 86 250.0 -120 2510.0 0 0 1 0 1 0 -1 0 0 3005.DAT
0 STEP
1 86 310.0 -120 2530.0 0 0 1 0 1 0 -1 0 0 3005.DAT
0 STEP
1 86 70.0 -120 2550.0 0 0 1 0 1 0 -1 0 0 3005.DAT
0 STEP
1 86 130.0 -120 2550.0 0 0 1 0 1 0 -1 0 0 3005.DAT
0 STEP
1 86 230.0 -120 2550.0 0 0 1 0 1 0 -1 0 0 3005.DAT
0 STEP
1 86 150.0 -144 590.0 0 0 1 0 1 0 -1 0 0 3005.DAT
0 STEP
1 86 190.0 -144 610.0 0 0 1 0 1 0 -1 0 0 3005.DAT
0 STEP
1 86 190.0 -144 670.0 0 0 1 0 1 0 -1 0 0 3005.DAT
0 STEP
1 86 190.0 -144 810.0 0 0 1 0 1 0 -1 0 0 3005.DAT
0 STEP
1 86 170.0 -144 1190.0 0 0 1 0 1 0 -1 0 0 3005.DAT
0 STEP
1 86 190.0 -144 1270.0 0 0 1 0 1 0 -1 0 0 3005.DAT
0 STEP
1 86 150.0 -144 1290.0 0 0 1 0 1 0 -1 0 0 3005.DAT
0 STEP
1 86 50.0 -144 1490.0 0 0 1 0 1 0 -1 0 0 3005.DAT
0 STEP
1 86 270.0 -144 1490.0 0 0 1 0 1 0 -1 0 0 3005.DAT
0 STEP
1 86 310.0 -144 1510.0 0 0 1 0 1 0 -1 0 0 3005.DAT
0 STEP
1 86 30.0 -144 1530.0 0 0 1 0 1 0 -1 0 0 3005.DAT
0 STEP
1 86 50.0 -144 1550.0 0 0 1 0 1 0 -1 0 0 3005.DAT
0 STEP
1 86 270.0 -144 1550.0 0 0 1 0 1 0 -1 0 0 3005.DAT
0 STEP
1 86 290.0 -144 1590.0 0 0 1 0 1 0 -1 0 0 3005.DAT
0 STEP
1 86 110.0 -144 1630.0 0 0 1 0 1 0 -1 0 0 3005.DAT
0 STEP
1 86 250.0 -144 1650.0 0 0 1 0 1 0 -1 0 0 3005.DAT
0 STEP
1 86 50.0 -144 1710.0 0 0 1 0 1 0 -1 0 0 3005.DAT
0 STEP
1 86 250.0 -144 1710.0 0 0 1 0 1 0 -1 0 0 3005.DAT
0 STEP
1 86 90.0 -144 1730.0 0 0 1 0 1 0 -1 0 0 3005.DAT
0 STEP
1 86 90.0 -144 1770.0 0 0 1 0 1 0 -1 0 0 3005.DAT
0 STEP
1 86 250.0 -144 1810.0 0 0 1 0 1 0 -1 0 0 3005.DAT
0 STEP
1 86 270.0 -144 1850.0 0 0 1 0 1 0 -1 0 0 3005.DAT
0 STEP
1 86 250.0 -144 1870.0 0 0 1 0 1 0 -1 0 0 3005.DAT
0 STEP
1 86 70.0 -144 1910.0 0 0 1 0 1 0 -1 0 0 3005.DAT
0 STEP
1 86 310.0 -144 1910.0 0 0 1 0 1 0 -1 0 0 3005.DAT
0 STEP
1 86 290.0 -144 1930.0 0 0 1 0 1 0 -1 0 0 3005.DAT
0 STEP
1 86 270.0 -144 1950.0 0 0 1 0 1 0 -1 0 0 3005.DAT
0 STEP
1 86 330.0 -144 1950.0 0 0 1 0 1 0 -1 0 0 3005.DAT
0 STEP
1 86 10.0 -144 1970.0 0 0 1 0 1 0 -1 0 0 3005.DAT
0 STEP
1 86 70.0 -144 1970.0 0 0 1 0 1 0 -1 0 0 3005.DAT
0 STEP
1 86 50.0 -144 1990.0 0 0 1 0 1 0 -1 0 0 3005.DAT
0 STEP
1 86 330.0 -144 2010.0 0 0 1 0 1 0 -1 0 0 3005.DAT
0 STEP
1 86 10.0 -144 2090.0 0 0 1 0 1 0 -1 0 0 3005.DAT
0 STEP
1 86 10.0 -144 2150.0 0 0 1 0 1 0 -1 0 0 3005.DAT
0 STEP
1 86 70.0 -144 2150.0 0 0 1 0 1 0 -1 0 0 3005.DAT
0 STEP
1 86 290.0 -144 2150.0 0 0 1 0 1 0 -1 0 0 3005.DAT
0 STEP
1 86 10.0 -144 2190.0 0 0 1 0 1 0 -1 0 0 3005.DAT
0 STEP
1 86 70.0 -144 2230.0 0 0 1 0 1 0 -1 0 0 3005.DAT
0 STEP
1 86 330.0 -144 2230.0 0 0 1 0 1 0 -1 0 0 3005.DAT
0 STEP
1 86 70.0 -144 2290.0 0 0 1 0 1 0 -1 0 0 3005.DAT
0 STEP
1 86 330.0 -144 2290.0 0 0 1 0 1 0 -1 0 0 3005.DAT
0 STEP
1 86 290.0 -144 2330.0 0 0 1 0 1 0 -1 0 0 3005.DAT
0 STEP
1 86 330.0 -144 2350.0 0 0 1 0 1 0 -1 0 0 3005.DAT
0 STEP
1 86 30.0 -144 2390.0 0 0 1 0 1 0 -1 0 0 3005.DAT
0 STEP
1 86 70.0 -144 2410.0 0 0 1 0 1 0 -1 0 0 3005.DAT
0 STEP
1 86 330.0 -144 2410.0 0 0 1 0 1 0 -1 0 0 3005.DAT
0 STEP
1 86 290.0 -144 2470.0 0 0 1 0 1 0 -1 0 0 3005.DAT
0 STEP
1 86 330.0 -144 2470.0 0 0 1 0 1 0 -1 0 0 3005.DAT
0 STEP
1 86 70.0 -144 2510.0 0 0 1 0 1 0 -1 0 0 3005.DAT
0 STEP
1 86 30.0 -144 2530.0 0 0 1 0 1 0 -1 0 0 3005.DAT
0 STEP
1 86 70.0 -144 2550.0 0 0 1 0 1 0 -1 0 0 3005.DAT
0 STEP
1 86 130.0 -168 590.0 0 0 1 0 1 0 -1 0 0 3005.DAT
0 STEP
1 86 150.0 -168 690.0 0 0 1 0 1 0 -1 0 0 3005.DAT
0 STEP
1 86 130.0 -168 730.0 0 0 1 0 1 0 -1 0 0 3005.DAT
0 STEP
1 86 130.0 -168 1170.0 0 0 1 0 1 0 -1 0 0 3005.DAT
0 STEP
1 86 190.0 -168 1210.0 0 0 1 0 1 0 -1 0 0 3005.DAT
0 STEP
1 86 130.0 -168 1230.0 0 0 1 0 1 0 -1 0 0 3005.DAT
0 STEP
1 86 90.0 -168 1490.0 0 0 1 0 1 0 -1 0 0 3005.DAT
0 STEP
1 86 310.0 -168 1510.0 0 0 1 0 1 0 -1 0 0 3005.DAT
0 STEP
1 86 270.0 -168 1530.0 0 0 1 0 1 0 -1 0 0 3005.DAT
0 STEP
1 86 250.0 -168 1570.0 0 0 1 0 1 0 -1 0 0 3005.DAT
0 STEP
1 86 90.0 -168 1590.0 0 0 1 0 1 0 -1 0 0 3005.DAT
0 STEP
1 86 50.0 -168 1630.0 0 0 1 0 1 0 -1 0 0 3005.DAT
0 STEP
1 86 290.0 -168 1650.0 0 0 1 0 1 0 -1 0 0 3005.DAT
0 STEP
1 86 250.0 -168 1670.0 0 0 1 0 1 0 -1 0 0 3005.DAT
0 STEP
1 86 290.0 -168 1710.0 0 0 1 0 1 0 -1 0 0 3005.DAT
0 STEP
1 86 250.0 -168 1730.0 0 0 1 0 1 0 -1 0 0 3005.DAT
0 STEP
1 86 50.0 -168 1790.0 0 0 1 0 1 0 -1 0 0 3005.DAT
0 STEP
1 86 90.0 -168 1810.0 0 0 1 0 1 0 -1 0 0 3005.DAT
0 STEP
1 86 50.0 -168 1850.0 0 0 1 0 1 0 -1 0 0 3005.DAT
0 STEP
1 86 70.0 -168 1890.0 0 0 1 0 1 0 -1 0 0 3005.DAT
0 STEP
1 86 290.0 -168 2030.0 0 0 1 0 1 0 -1 0 0 3005.DAT
0 STEP
1 86 50.0 -168 2130.0 0 0 1 0 1 0 -1 0 0 3005.DAT
0 STEP
1 86 10.0 -168 2150.0 0 0 1 0 1 0 -1 0 0 3005.DAT
0 STEP
1 86 290.0 -168 2170.0 0 0 1 0 1 0 -1 0 0 3005.DAT
0 STEP
1 86 330.0 -168 2190.0 0 0 1 0 1 0 -1 0 0 3005.DAT
0 STEP
1 86 290.0 -168 2230.0 0 0 1 0 1 0 -1 0 0 3005.DAT
0 STEP
1 86 50.0 -168 2250.0 0 0 1 0 1 0 -1 0 0 3005.DAT
0 STEP
1 86 330.0 -168 2290.0 0 0 1 0 1 0 -1 0 0 3005.DAT
0 STEP
1 86 10.0 -168 2350.0 0 0 1 0 1 0 -1 0 0 3005.DAT
0 STEP
1 86 290.0 -168 2370.0 0 0 1 0 1 0 -1 0 0 3005.DAT
0 STEP
1 86 330.0 -168 2390.0 0 0 1 0 1 0 -1 0 0 3005.DAT
0 STEP
1 86 30.0 -168 2410.0 0 0 1 0 1 0 -1 0 0 3005.DAT
0 STEP
1 86 290.0 -168 2430.0 0 0 1 0 1 0 -1 0 0 3005.DAT
0 STEP
1 86 30.0 -168 2470.0 0 0 1 0 1 0 -1 0 0 3005.DAT
0 STEP
1 86 50.0 -168 2510.0 0 0 1 0 1 0 -1 0 0 3005.DAT
0 STEP
1 86 110.0 -168 2510.0 0 0 1 0 1 0 -1 0 0 3005.DAT
0 STEP
1 86 310.0 -168 2550.0 0 0 1 0 1 0 -1 0 0 3005.DAT
0 STEP
1 86 170.0 -192 550.0 0 0 1 0 1 0 -1 0 0 3005.DAT
0 STEP
1 86 190.0 -192 750.0 0 0 1 0 1 0 -1 0 0 3005.DAT
0 STEP
1 86 190.0 -192 1030.0 0 0 1 0 1 0 -1 0 0 3005.DAT
0 STEP
1 86 190.0 -192 1090.0 0 0 1 0 1 0 -1 0 0 3005.DAT
0 STEP
1 86 190.0 -192 1190.0 0 0 1 0 1 0 -1 0 0 3005.DAT
0 STEP
1 86 130.0 -192 1270.0 0 0 1 0 1 0 -1 0 0 3005.DAT
0 STEP
1 86 190.0 -192 1290.0 0 0 1 0 1 0 -1 0 0 3005.DAT
0 STEP
1 86 150.0 -192 1430.0 0 0 1 0 1 0 -1 0 0 3005.DAT
0 STEP
1 86 190.0 -192 1430.0 0 0 1 0 1 0 -1 0 0 3005.DAT
0 STEP
1 86 130.0 -192 1450.0 0 0 1 0 1 0 -1 0 0 3005.DAT
0 STEP
1 86 50.0 -192 1470.0 0 0 1 0 1 0 -1 0 0 3005.DAT
0 STEP
1 86 290.0 -192 1470.0 0 0 1 0 1 0 -1 0 0 3005.DAT
0 STEP
1 86 90.0 -192 1490.0 0 0 1 0 1 0 -1 0 0 3005.DAT
0 STEP
1 86 310.0 -192 1490.0 0 0 1 0 1 0 -1 0 0 3005.DAT
0 STEP
1 86 330.0 -192 1530.0 0 0 1 0 1 0 -1 0 0 3005.DAT
0 STEP
1 86 90.0 -192 1610.0 0 0 1 0 1 0 -1 0 0 3005.DAT
0 STEP
1 86 250.0 -192 1610.0 0 0 1 0 1 0 -1 0 0 3005.DAT
0 STEP
1 86 290.0 -192 1650.0 0 0 1 0 1 0 -1 0 0 3005.DAT
0 STEP
1 86 50.0 -192 1710.0 0 0 1 0 1 0 -1 0 0 3005.DAT
0 STEP
1 86 290.0 -192 1750.0 0 0 1 0 1 0 -1 0 0 3005.DAT
0 STEP
1 86 50.0 -192 1770.0 0 0 1 0 1 0 -1 0 0 3005.DAT
0 STEP
1 86 290.0 -192 1810.0 0 0 1 0 1 0 -1 0 0 3005.DAT
0 STEP
1 86 270.0 -192 1850.0 0 0 1 0 1 0 -1 0 0 3005.DAT
0 STEP
1 86 30.0 -192 1870.0 0 0 1 0 1 0 -1 0 0 3005.DAT
0 STEP
1 86 90.0 -192 1870.0 0 0 1 0 1 0 -1 0 0 3005.DAT
0 STEP
1 86 70.0 -192 1890.0 0 0 1 0 1 0 -1 0 0 3005.DAT
0 STEP
1 86 310.0 -192 1890.0 0 0 1 0 1 0 -1 0 0 3005.DAT
0 STEP
1 86 310.0 -192 1970.0 0 0 1 0 1 0 -1 0 0 3005.DAT
0 STEP
1 86 50.0 -192 1990.0 0 0 1 0 1 0 -1 0 0 3005.DAT
0 STEP
1 86 290.0 -192 2010.0 0 0 1 0 1 0 -1 0 0 3005.DAT
0 STEP
1 86 10.0 -192 2050.0 0 0 1 0 1 0 -1 0 0 3005.DAT
0 STEP
1 86 330.0 -192 2050.0 0 0 1 0 1 0 -1 0 0 3005.DAT
0 STEP
1 86 290.0 -192 2070.0 0 0 1 0 1 0 -1 0 0 3005.DAT
0 STEP
1 86 10.0 -192 2110.0 0 0 1 0 1 0 -1 0 0 3005.DAT
0 STEP
1 86 330.0 -192 2110.0 0 0 1 0 1 0 -1 0 0 3005.DAT
0 STEP
1 86 290.0 -192 2130.0 0 0 1 0 1 0 -1 0 0 3005.DAT
0 STEP
1 86 10.0 -192 2170.0 0 0 1 0 1 0 -1 0 0 3005.DAT
0 STEP
1 86 330.0 -192 2170.0 0 0 1 0 1 0 -1 0 0 3005.DAT
0 STEP
1 86 290.0 -192 2190.0 0 0 1 0 1 0 -1 0 0 3005.DAT
0 STEP
1 86 330.0 -192 2230.0 0 0 1 0 1 0 -1 0 0 3005.DAT
0 STEP
1 86 290.0 -192 2250.0 0 0 1 0 1 0 -1 0 0 3005.DAT
0 STEP
1 86 50.0 -192 2290.0 0 0 1 0 1 0 -1 0 0 3005.DAT
0 STEP
1 86 330.0 -192 2290.0 0 0 1 0 1 0 -1 0 0 3005.DAT
0 STEP
1 86 290.0 -192 2310.0 0 0 1 0 1 0 -1 0 0 3005.DAT
0 STEP
1 86 290.0 -192 2370.0 0 0 1 0 1 0 -1 0 0 3005.DAT
0 STEP
1 86 10.0 -192 2390.0 0 0 1 0 1 0 -1 0 0 3005.DAT
0 STEP
1 86 330.0 -192 2470.0 0 0 1 0 1 0 -1 0 0 3005.DAT
0 STEP
1 86 30.0 -192 2490.0 0 0 1 0 1 0 -1 0 0 3005.DAT
0 STEP
1 86 190.0 -192 2510.0 0 0 1 0 1 0 -1 0 0 3005.DAT
0 STEP
1 86 250.0 -192 2510.0 0 0 1 0 1 0 -1 0 0 3005.DAT
0 STEP
1 86 270.0 -192 2550.0 0 0 1 0 1 0 -1 0 0 3005.DAT
0 STEP
1 86 190.0 -216 590.0 0 0 1 0 1 0 -1 0 0 3005.DAT
0 STEP
1 86 150.0 -216 730.0 0 0 1 0 1 0 -1 0 0 3005.DAT
0 STEP
1 86 150.0 -216 770.0 0 0 1 0 1 0 -1 0 0 3005.DAT
0 STEP
1 86 170.0 -216 810.0 0 0 1 0 1 0 -1 0 0 3005.DAT
0 STEP
1 86 190.0 -216 1190.0 0 0 1 0 1 0 -1 0 0 3005.DAT
0 STEP
1 86 190.0 -216 1250.0 0 0 1 0 1 0 -1 0 0 3005.DAT
0 STEP
1 86 150.0 -216 1310.0 0 0 1 0 1 0 -1 0 0 3005.DAT
0 STEP
1 86 150.0 -216 1410.0 0 0 1 0 1 0 -1 0 0 3005.DAT
0 STEP
1 86 70.0 -216 1450.0 0 0 1 0 1 0 -1 0 0 3005.DAT
0 STEP
1 86 30.0 -216 1490.0 0 0 1 0 1 0 -1 0 0 3005.DAT
0 STEP
1 86 90.0 -216 1490.0 0 0 1 0 1 0 -1 0 0 3005.DAT
0 STEP
1 86 310.0 -216 1490.0 0 0 1 0 1 0 -1 0 0 3005.DAT
0 STEP
1 86 70.0 -216 1510.0 0 0 1 0 1 0 -1 0 0 3005.DAT
0 STEP
1 86 290.0 -216 1530.0 0 0 1 0 1 0 -1 0 0 3005.DAT
0 STEP
1 86 330.0 -216 1530.0 0 0 1 0 1 0 -1 0 0 3005.DAT
0 STEP
1 86 290.0 -216 1570.0 0 0 1 0 1 0 -1 0 0 3005.DAT
0 STEP
1 86 90.0 -216 1590.0 0 0 1 0 1 0 -1 0 0 3005.DAT
0 STEP
1 86 50.0 -216 1610.0 0 0 1 0 1 0 -1 0 0 3005.DAT
0 STEP
1 86 50.0 -216 1670.0 0 0 1 0 1 0 -1 0 0 3005.DAT
0 STEP
1 86 70.0 -216 1710.0 0 0 1 0 1 0 -1 0 0 3005.DAT
0 STEP
1 86 50.0 -216 1750.0 0 0 1 0 1 0 -1 0 0 3005.DAT
0 STEP
1 86 290.0 -216 1830.0 0 0 1 0 1 0 -1 0 0 3005.DAT
0 STEP
1 86 310.0 -216 1850.0 0 0 1 0 1 0 -1 0 0 3005.DAT
0 STEP
1 86 70.0 -216 1870.0 0 0 1 0 1 0 -1 0 0 3005.DAT
0 STEP
1 86 250.0 -216 1870.0 0 0 1 0 1 0 -1 0 0 3005.DAT
0 STEP
1 86 290.0 -216 1870.0 0 0 1 0 1 0 -1 0 0 3005.DAT
0 STEP
1 86 30.0 -216 1890.0 0 0 1 0 1 0 -1 0 0 3005.DAT
0 STEP
1 86 70.0 -216 1910.0 0 0 1 0 1 0 -1 0 0 3005.DAT
0 STEP
1 86 10.0 -216 1950.0 0 0 1 0 1 0 -1 0 0 3005.DAT
0 STEP
1 86 270.0 -216 1950.0 0 0 1 0 1 0 -1 0 0 3005.DAT
0 STEP
1 86 290.0 -216 1970.0 0 0 1 0 1 0 -1 0 0 3005.DAT
0 STEP
1 86 10.0 -216 2010.0 0 0 1 0 1 0 -1 0 0 3005.DAT
0 STEP
1 86 50.0 -216 2010.0 0 0 1 0 1 0 -1 0 0 3005.DAT
0 STEP
1 86 10.0 -216 2070.0 0 0 1 0 1 0 -1 0 0 3005.DAT
0 STEP
1 86 50.0 -216 2070.0 0 0 1 0 1 0 -1 0 0 3005.DAT
0 STEP
1 86 290.0 -216 2070.0 0 0 1 0 1 0 -1 0 0 3005.DAT
0 STEP
1 86 10.0 -216 2130.0 0 0 1 0 1 0 -1 0 0 3005.DAT
0 STEP
1 86 50.0 -216 2130.0 0 0 1 0 1 0 -1 0 0 3005.DAT
0 STEP
1 86 290.0 -216 2130.0 0 0 1 0 1 0 -1 0 0 3005.DAT
0 STEP
1 86 50.0 -216 2190.0 0 0 1 0 1 0 -1 0 0 3005.DAT
0 STEP
1 86 290.0 -216 2270.0 0 0 1 0 1 0 -1 0 0 3005.DAT
0 STEP
1 86 330.0 -216 2310.0 0 0 1 0 1 0 -1 0 0 3005.DAT
0 STEP
1 86 290.0 -216 2330.0 0 0 1 0 1 0 -1 0 0 3005.DAT
0 STEP
1 86 330.0 -216 2450.0 0 0 1 0 1 0 -1 0 0 3005.DAT
0 STEP
1 86 290.0 -216 2510.0 0 0 1 0 1 0 -1 0 0 3005.DAT
0 STEP
1 86 330.0 -216 2510.0 0 0 1 0 1 0 -1 0 0 3005.DAT
0 STEP
1 86 110.0 -216 2550.0 0 0 1 0 1 0 -1 0 0 3005.DAT
0 STEP
1 86 170.0 -216 2550.0 0 0 1 0 1 0 -1 0 0 3005.DAT
0 STEP
1 86 270.0 -216 2550.0 0 0 1 0 1 0 -1 0 0 3005.DAT
0 STEP
1 86 70.0 -240 1450.0 0 0 1 0 1 0 -1 0 0 3005.DAT
0 STEP
1 86 210.0 -240 1450.0 0 0 1 0 1 0 -1 0 0 3005.DAT
0 STEP
1 86 50.0 -240 1490.0 0 0 1 0 1 0 -1 0 0 3005.DAT
0 STEP
1 86 230.0 -240 1490.0 0 0 1 0 1 0 -1 0 0 3005.DAT
0 STEP
1 86 290.0 -240 1490.0 0 0 1 0 1 0 -1 0 0 3005.DAT
0 STEP
1 86 270.0 -240 1510.0 0 0 1 0 1 0 -1 0 0 3005.DAT
0 STEP
1 86 330.0 -240 1530.0 0 0 1 0 1 0 -1 0 0 3005.DAT
0 STEP
1 86 90.0 -240 1550.0 0 0 1 0 1 0 -1 0 0 3005.DAT
0 STEP
1 86 310.0 -240 1570.0 0 0 1 0 1 0 -1 0 0 3005.DAT
0 STEP
1 86 50.0 -240 1590.0 0 0 1 0 1 0 -1 0 0 3005.DAT
0 STEP
1 86 70.0 -240 1630.0 0 0 1 0 1 0 -1 0 0 3005.DAT
0 STEP
1 86 230.0 -240 1630.0 0 0 1 0 1 0 -1 0 0 3005.DAT
0 STEP
1 86 70.0 -240 1730.0 0 0 1 0 1 0 -1 0 0 3005.DAT
0 STEP
1 86 290.0 -240 1750.0 0 0 1 0 1 0 -1 0 0 3005.DAT
0 STEP
1 86 50.0 -240 1770.0 0 0 1 0 1 0 -1 0 0 3005.DAT
0 STEP
1 86 250.0 -240 1790.0 0 0 1 0 1 0 -1 0 0 3005.DAT
0 STEP
1 86 290.0 -240 1810.0 0 0 1 0 1 0 -1 0 0 3005.DAT
0 STEP
1 86 310.0 -240 1870.0 0 0 1 0 1 0 -1 0 0 3005.DAT
0 STEP
1 86 30.0 -240 1930.0 0 0 1 0 1 0 -1 0 0 3005.DAT
0 STEP
1 86 270.0 -240 1930.0 0 0 1 0 1 0 -1 0 0 3005.DAT
0 STEP
1 86 270.0 -240 1990.0 0 0 1 0 1 0 -1 0 0 3005.DAT
0 STEP
1 86 310.0 -240 1990.0 0 0 1 0 1 0 -1 0 0 3005.DAT
0 STEP
1 86 290.0 -240 2030.0 0 0 1 0 1 0 -1 0 0 3005.DAT
0 STEP
1 86 330.0 -240 2030.0 0 0 1 0 1 0 -1 0 0 3005.DAT
0 STEP
1 86 50.0 -240 2050.0 0 0 1 0 1 0 -1 0 0 3005.DAT
0 STEP
1 86 270.0 -240 2070.0 0 0 1 0 1 0 -1 0 0 3005.DAT
0 STEP
1 86 290.0 -240 2110.0 0 0 1 0 1 0 -1 0 0 3005.DAT
0 STEP
1 86 70.0 -240 2130.0 0 0 1 0 1 0 -1 0 0 3005.DAT
0 STEP
1 86 270.0 -240 2130.0 0 0 1 0 1 0 -1 0 0 3005.DAT
0 STEP
1 86 30.0 -240 2170.0 0 0 1 0 1 0 -1 0 0 3005.DAT
0 STEP
1 86 330.0 -240 2170.0 0 0 1 0 1 0 -1 0 0 3005.DAT
0 STEP
1 86 10.0 -240 2210.0 0 0 1 0 1 0 -1 0 0 3005.DAT
0 STEP
1 86 310.0 -240 2230.0 0 0 1 0 1 0 -1 0 0 3005.DAT
0 STEP
1 86 10.0 -240 2270.0 0 0 1 0 1 0 -1 0 0 3005.DAT
0 STEP
1 86 330.0 -240 2270.0 0 0 1 0 1 0 -1 0 0 3005.DAT
0 STEP
1 86 310.0 -240 2310.0 0 0 1 0 1 0 -1 0 0 3005.DAT
0 STEP
1 86 290.0 -240 2350.0 0 0 1 0 1 0 -1 0 0 3005.DAT
0 STEP
1 86 270.0 -240 2390.0 0 0 1 0 1 0 -1 0 0 3005.DAT
0 STEP
1 86 30.0 -240 2410.0 0 0 1 0 1 0 -1 0 0 3005.DAT
0 STEP
1 86 330.0 -240 2430.0 0 0 1 0 1 0 -1 0 0 3005.DAT
0 STEP
1 86 270.0 -240 2450.0 0 0 1 0 1 0 -1 0 0 3005.DAT
0 STEP
1 86 290.0 -240 2490.0 0 0 1 0 1 0 -1 0 0 3005.DAT
0 STEP
1 86 70.0 -240 2510.0 0 0 1 0 1 0 -1 0 0 3005.DAT
0 STEP
1 86 130.0 -240 2510.0 0 0 1 0 1 0 -1 0 0 3005.DAT
0 STEP
1 86 190.0 -240 2510.0 0 0 1 0 1 0 -1 0 0 3005.DAT
0 STEP
1 86 330.0 -240 2510.0 0 0 1 0 1 0 -1 0 0 3005.DAT
0 STEP
1 86 170.0 -240 2550.0 0 0 1 0 1 0 -1 0 0 3005.DAT
0 STEP
1 86 230.0 -240 2550.0 0 0 1 0 1 0 -1 0 0 3005.DAT
0 STEP
1 86 130.0 -264 1450.0 0 0 1 0 1 0 -1 0 0 3005.DAT
0 STEP
1 86 50.0 -264 1470.0 0 0 1 0 1 0 -1 0 0 3005.DAT
0 STEP
1 86 290.0 -264 1470.0 0 0 1 0 1 0 -1 0 0 3005.DAT
0 STEP
1 86 70.0 -264 1490.0 0 0 1 0 1 0 -1 0 0 3005.DAT
0 STEP
1 86 130.0 -264 1490.0 0 0 1 0 1 0 -1 0 0 3005.DAT
0 STEP
1 86 110.0 -264 1510.0 0 0 1 0 1 0 -1 0 0 3005.DAT
0 STEP
1 86 250.0 -264 1510.0 0 0 1 0 1 0 -1 0 0 3005.DAT
0 STEP
1 86 230.0 -264 1550.0 0 0 1 0 1 0 -1 0 0 3005.DAT
0 STEP
1 86 90.0 -264 1570.0 0 0 1 0 1 0 -1 0 0 3005.DAT
0 STEP
1 86 270.0 -264 1570.0 0 0 1 0 1 0 -1 0 0 3005.DAT
0 STEP
1 86 310.0 -264 1570.0 0 0 1 0 1 0 -1 0 0 3005.DAT
0 STEP
1 86 110.0 -264 1590.0 0 0 1 0 1 0 -1 0 0 3005.DAT
0 STEP
1 86 70.0 -264 1610.0 0 0 1 0 1 0 -1 0 0 3005.DAT
0 STEP
1 86 150.0 -264 1630.0 0 0 1 0 1 0 -1 0 0 3005.DAT
0 STEP
1 86 210.0 -264 1630.0 0 0 1 0 1 0 -1 0 0 3005.DAT
0 STEP
1 86 90.0 -264 1650.0 0 0 1 0 1 0 -1 0 0 3005.DAT
0 STEP
1 86 130.0 -264 1670.0 0 0 1 0 1 0 -1 0 0 3005.DAT
0 STEP
1 86 70.0 -264 1690.0 0 0 1 0 1 0 -1 0 0 3005.DAT
0 STEP
1 86 70.0 -264 1830.0 0 0 1 0 1 0 -1 0 0 3005.DAT
0 STEP
1 86 310.0 -264 1890.0 0 0 1 0 1 0 -1 0 0 3005.DAT
0 STEP
1 86 290.0 -264 1930.0 0 0 1 0 1 0 -1 0 0 3005.DAT
0 STEP
1 86 310.0 -264 1970.0 0 0 1 0 1 0 -1 0 0 3005.DAT
0 STEP
1 86 90.0 -264 1990.0 0 0 1 0 1 0 -1 0 0 3005.DAT
0 STEP
1 86 30.0 -264 2050.0 0 0 1 0 1 0 -1 0 0 3005.DAT
0 STEP
1 86 70.0 -264 2050.0 0 0 1 0 1 0 -1 0 0 3005.DAT
0 STEP
1 86 310.0 -264 2070.0 0 0 1 0 1 0 -1 0 0 3005.DAT
0 STEP
1 86 30.0 -264 2150.0 0 0 1 0 1 0 -1 0 0 3005.DAT
0 STEP
1 86 270.0 -264 2190.0 0 0 1 0 1 0 -1 0 0 3005.DAT
0 STEP
1 86 30.0 -264 2210.0 0 0 1 0 1 0 -1 0 0 3005.DAT
0 STEP
1 86 310.0 -264 2210.0 0 0 1 0 1 0 -1 0 0 3005.DAT
0 STEP
1 86 30.0 -264 2270.0 0 0 1 0 1 0 -1 0 0 3005.DAT
0 STEP
1 86 250.0 -264 2290.0 0 0 1 0 1 0 -1 0 0 3005.DAT
0 STEP
1 86 250.0 -264 2350.0 0 0 1 0 1 0 -1 0 0 3005.DAT
0 STEP
1 86 30.0 -264 2370.0 0 0 1 0 1 0 -1 0 0 3005.DAT
0 STEP
1 86 250.0 -264 2390.0 0 0 1 0 1 0 -1 0 0 3005.DAT
0 STEP
1 86 30.0 -264 2430.0 0 0 1 0 1 0 -1 0 0 3005.DAT
0 STEP
1 86 250.0 -264 2450.0 0 0 1 0 1 0 -1 0 0 3005.DAT
0 STEP
1 86 230.0 -264 2510.0 0 0 1 0 1 0 -1 0 0 3005.DAT
0 STEP
1 86 290.0 -264 2530.0 0 0 1 0 1 0 -1 0 0 3005.DAT
0 STEP
1 86 250.0 -264 2550.0 0 0 1 0 1 0 -1 0 0 3005.DAT
0 STEP
1 86 310.0 -264 2550.0 0 0 1 0 1 0 -1 0 0 3005.DAT
0 STEP
1 86 110.0 -288 1450.0 0 0 1 0 1 0 -1 0 0 3005.DAT
0 STEP
1 86 170.0 -288 1450.0 0 0 1 0 1 0 -1 0 0 3005.DAT
0 STEP
1 86 270.0 -288 1450.0 0 0 1 0 1 0 -1 0 0 3005.DAT
0 STEP
1 86 290.0 -288 1470.0 0 0 1 0 1 0 -1 0 0 3005.DAT
0 STEP
1 86 50.0 -288 1490.0 0 0 1 0 1 0 -1 0 0 3005.DAT
0 STEP
1 86 30.0 -288 1510.0 0 0 1 0 1 0 -1 0 0 3005.DAT
0 STEP
1 86 90.0 -288 1510.0 0 0 1 0 1 0 -1 0 0 3005.DAT
0 STEP
1 86 310.0 -288 1510.0 0 0 1 0 1 0 -1 0 0 3005.DAT
0 STEP
1 86 230.0 -288 1530.0 0 0 1 0 1 0 -1 0 0 3005.DAT
0 STEP
1 86 210.0 -288 1570.0 0 0 1 0 1 0 -1 0 0 3005.DAT
0 STEP
1 86 290.0 -288 1570.0 0 0 1 0 1 0 -1 0 0 3005.DAT
0 STEP
1 86 270.0 -288 1610.0 0 0 1 0 1 0 -1 0 0 3005.DAT
0 STEP
1 86 90.0 -288 1630.0 0 0 1 0 1 0 -1 0 0 3005.DAT
0 STEP
1 86 270.0 -288 1690.0 0 0 1 0 1 0 -1 0 0 3005.DAT
0 STEP
1 86 70.0 -288 1890.0 0 0 1 0 1 0 -1 0 0 3005.DAT
0 STEP
1 86 290.0 -288 1930.0 0 0 1 0 1 0 -1 0 0 3005.DAT
0 STEP
1 86 90.0 -288 1990.0 0 0 1 0 1 0 -1 0 0 3005.DAT
0 STEP
1 86 50.0 -288 2010.0 0 0 1 0 1 0 -1 0 0 3005.DAT
0 STEP
1 86 110.0 -288 2030.0 0 0 1 0 1 0 -1 0 0 3005.DAT
0 STEP
1 86 50.0 -288 2070.0 0 0 1 0 1 0 -1 0 0 3005.DAT
0 STEP
1 86 110.0 -288 2110.0 0 0 1 0 1 0 -1 0 0 3005.DAT
0 STEP
1 86 250.0 -288 2130.0 0 0 1 0 1 0 -1 0 0 3005.DAT
0 STEP
1 86 310.0 -288 2130.0 0 0 1 0 1 0 -1 0 0 3005.DAT
0 STEP
1 86 30.0 -288 2210.0 0 0 1 0 1 0 -1 0 0 3005.DAT
0 STEP
1 86 30.0 -288 2270.0 0 0 1 0 1 0 -1 0 0 3005.DAT
0 STEP
1 86 250.0 -288 2370.0 0 0 1 0 1 0 -1 0 0 3005.DAT
0 STEP
1 86 230.0 -288 2410.0 0 0 1 0 1 0 -1 0 0 3005.DAT
0 STEP
1 86 230.0 -288 2450.0 0 0 1 0 1 0 -1 0 0 3005.DAT
0 STEP
1 86 290.0 -288 2450.0 0 0 1 0 1 0 -1 0 0 3005.DAT
0 STEP
1 86 250.0 -288 2490.0 0 0 1 0 1 0 -1 0 0 3005.DAT
0 STEP
1 86 50.0 -288 2530.0 0 0 1 0 1 0 -1 0 0 3005.DAT
0 STEP
1 86 210.0 -288 2550.0 0 0 1 0 1 0 -1 0 0 3005.DAT
0 STEP
1 86 250.0 -312 1450.0 0 0 1 0 1 0 -1 0 0 3005.DAT
0 STEP
1 86 70.0 -312 1490.0 0 0 1 0 1 0 -1 0 0 3005.DAT
0 STEP
1 86 230.0 -312 1490.0 0 0 1 0 1 0 -1 0 0 3005.DAT
0 STEP
1 86 290.0 -312 1510.0 0 0 1 0 1 0 -1 0 0 3005.DAT
0 STEP
1 86 190.0 -312 1530.0 0 0 1 0 1 0 -1 0 0 3005.DAT
0 STEP
1 86 270.0 -312 1530.0 0 0 1 0 1 0 -1 0 0 3005.DAT
0 STEP
1 86 50.0 -312 1550.0 0 0 1 0 1 0 -1 0 0 3005.DAT
0 STEP
1 86 90.0 -312 1550.0 0 0 1 0 1 0 -1 0 0 3005.DAT
0 STEP
1 86 150.0 -312 1550.0 0 0 1 0 1 0 -1 0 0 3005.DAT
0 STEP
1 86 70.0 -312 1570.0 0 0 1 0 1 0 -1 0 0 3005.DAT
0 STEP
1 86 130.0 -312 1570.0 0 0 1 0 1 0 -1 0 0 3005.DAT
0 STEP
1 86 150.0 -312 1590.0 0 0 1 0 1 0 -1 0 0 3005.DAT
0 STEP
1 86 210.0 -312 1590.0 0 0 1 0 1 0 -1 0 0 3005.DAT
0 STEP
1 86 210.0 -312 1630.0 0 0 1 0 1 0 -1 0 0 3005.DAT
0 STEP
1 86 90.0 -312 1850.0 0 0 1 0 1 0 -1 0 0 3005.DAT
0 STEP
1 86 130.0 -312 1870.0 0 0 1 0 1 0 -1 0 0 3005.DAT
0 STEP
1 86 70.0 -312 1890.0 0 0 1 0 1 0 -1 0 0 3005.DAT
0 STEP
1 86 170.0 -312 1890.0 0 0 1 0 1 0 -1 0 0 3005.DAT
0 STEP
1 86 290.0 -312 1910.0 0 0 1 0 1 0 -1 0 0 3005.DAT
0 STEP
1 86 50.0 -312 2050.0 0 0 1 0 1 0 -1 0 0 3005.DAT
0 STEP
1 86 290.0 -312 2490.0 0 0 1 0 1 0 -1 0 0 3005.DAT
0 STEP
1 86 110.0 -312 2510.0 0 0 1 0 1 0 -1 0 0 3005.DAT
0 STEP
1 86 150.0 -312 2550.0 0 0 1 0 1 0 -1 0 0 3005.DAT
0 STEP
1 86 190.0 -336 1470.0 0 0 1 0 1 0 -1 0 0 3005.DAT
0 STEP
1 86 70.0 -336 1510.0 0 0 1 0 1 0 -1 0 0 3005.DAT
0 STEP
1 86 270.0 -336 1510.0 0 0 1 0 1 0 -1 0 0 3005.DAT
0 STEP
1 86 110.0 -336 1530.0 0 0 1 0 1 0 -1 0 0 3005.DAT
0 STEP
1 86 70.0 -336 1550.0 0 0 1 0 1 0 -1 0 0 3005.DAT
0 STEP
1 86 250.0 -336 1570.0 0 0 1 0 1 0 -1 0 0 3005.DAT
0 STEP
1 86 170.0 -336 1590.0 0 0 1 0 1 0 -1 0 0 3005.DAT
0 STEP
1 86 150.0 -336 1870.0 0 0 1 0 1 0 -1 0 0 3005.DAT
0 STEP
1 86 230.0 -336 1910.0 0 0 1 0 1 0 -1 0 0 3005.DAT
0 STEP
1 86 230.0 -336 2190.0 0 0 1 0 1 0 -1 0 0 3005.DAT
0 STEP
1 86 270.0 -336 2210.0 0 0 1 0 1 0 -1 0 0 3005.DAT
0 STEP
1 86 270.0 -336 2350.0 0 0 1 0 1 0 -1 0 0 3005.DAT
0 STEP
1 86 70.0 -336 2450.0 0 0 1 0 1 0 -1 0 0 3005.DAT
0 STEP
1 86 130.0 -336 2490.0 0 0 1 0 1 0 -1 0 0 3005.DAT
0 STEP
1 86 90.0 -336 2550.0 0 0 1 0 1 0 -1 0 0 3005.DAT
0 STEP
1 86 110.0 -360 1510.0 0 0 1 0 1 0 -1 0 0 3005.DAT
0 STEP
1 86 210.0 -360 1530.0 0 0 1 0 1 0 -1 0 0 3005.DAT
0 STEP
1 86 100.0 -336 2070.0 -1 0 0 0 1 0 0 0 -1 3004.DAT
0 STEP
1 86 140.0 -192 770.0 -1 0 0 0 1 0 0 0 -1 3004.DAT
0 STEP
1 86 290.0 -240 2000.0 0 0 1 0 1 0 -1 0 0 3004.DAT
0 STEP
1 86 200.0 -72 1730.0 -1 0 0 0 1 0 0 0 -1 3004.DAT
0 STEP
1 86 210.0 -72 1580.0 0 0 1 0 1 0 -1 0 0 3004.DAT
0 STEP
1 86 10.0 -192 2360.0 0 0 1 0 1 0 -1 0 0 3004.DAT
0 STEP
1 86 290.0 -144 2500.0 0 0 1 0 1 0 -1 0 0 3004.DAT
0 STEP
1 86 180.0 -216 1310.0 -1 0 0 0 1 0 0 0 -1 3004.DAT
0 STEP
1 86 170.0 -72 1720.0 0 0 1 0 1 0 -1 0 0 3004.DAT
0 STEP
1 86 80.0 -72 1490.0 -1 0 0 0 1 0 0 0 -1 3004.DAT
0 STEP
1 86 240.0 -288 2430.0 -1 0 0 0 1 0 0 0 -1 3004.DAT
0 STEP
1 86 100.0 -72 1630.0 -1 0 0 0 1 0 0 0 -1 3004.DAT
0 STEP
1 86 30.0 -120 2020.0 0 0 1 0 1 0 -1 0 0 3004.DAT
0 STEP
1 86 270.0 -120 2060.0 0 0 1 0 1 0 -1 0 0 3004.DAT
0 STEP
1 86 280.0 -312 2190.0 -1 0 0 0 1 0 0 0 -1 3004.DAT
0 STEP
1 86 70.0 -264 2080.0 0 0 1 0 1 0 -1 0 0 3004.DAT
0 STEP
1 86 30.0 -264 2180.0 0 0 1 0 1 0 -1 0 0 3004.DAT
0 STEP
1 86 220.0 -96 1670.0 -1 0 0 0 1 0 0 0 -1 3004.DAT
0 STEP
1 86 250.0 -288 2400.0 0 0 1 0 1 0 -1 0 0 3004.DAT
0 STEP
1 86 10.0 -240 2180.0 0 0 1 0 1 0 -1 0 0 3004.DAT
0 STEP
1 86 250.0 -288 1540.0 0 0 1 0 1 0 -1 0 0 3004.DAT
0 STEP
1 86 290.0 -192 2160.0 0 0 1 0 1 0 -1 0 0 3004.DAT
0 STEP
1 86 120.0 -24 1510.0 -1 0 0 0 1 0 0 0 -1 3004.DAT
0 STEP
1 86 160.0 -144 790.0 -1 0 0 0 1 0 0 0 -1 3004.DAT
0 STEP
1 86 90.0 -96 1480.0 0 0 1 0 1 0 -1 0 0 3004.DAT
0 STEP
1 86 90.0 -96 2300.0 0 0 1 0 1 0 -1 0 0 3004.DAT
0 STEP
1 86 90.0 -24 1520.0 0 0 1 0 1 0 -1 0 0 3004.DAT
0 STEP
1 86 270.0 -72 1560.0 0 0 1 0 1 0 -1 0 0 3004.DAT
0 STEP
1 86 220.0 -336 1470.0 -1 0 0 0 1 0 0 0 -1 3004.DAT
0 STEP
1 86 70.0 -240 1580.0 0 0 1 0 1 0 -1 0 0 3004.DAT
0 STEP
1 86 190.0 -360 1520.0 0 0 1 0 1 0 -1 0 0 3004.DAT
0 STEP
1 86 30.0 -264 2400.0 0 0 1 0 1 0 -1 0 0 3004.DAT
0 STEP
1 86 140.0 -168 1150.0 -1 0 0 0 1 0 0 0 -1 3004.DAT
0 STEP
1 86 50.0 -168 1820.0 0 0 1 0 1 0 -1 0 0 3004.DAT
0 STEP
1 86 300.0 -120 2430.0 -1 0 0 0 1 0 0 0 -1 3004.DAT
0 STEP
1 86 290.0 -312 1540.0 0 0 1 0 1 0 -1 0 0 3004.DAT
0 STEP
1 86 140.0 -24 1470.0 -1 0 0 0 1 0 0 0 -1 3004.DAT
0 STEP
1 86 280.0 -312 2410.0 -1 0 0 0 1 0 0 0 -1 3004.DAT
0 STEP
1 86 220.0 -264 1570.0 -1 0 0 0 1 0 0 0 -1 3004.DAT
0 STEP
1 86 280.0 -192 1530.0 -1 0 0 0 1 0 0 0 -1 3004.DAT
0 STEP
1 86 30.0 -168 2520.0 0 0 1 0 1 0 -1 0 0 3004.DAT
0 STEP
1 86 60.0 -240 2450.0 -1 0 0 0 1 0 0 0 -1 3004.DAT
0 STEP
1 86 150.0 -144 1320.0 0 0 1 0 1 0 -1 0 0 3004.DAT
0 STEP
1 86 200.0 0 1910.0 -1 0 0 0 1 0 0 0 -1 3004.DAT
0 STEP
1 86 10.0 -192 2080.0 0 0 1 0 1 0 -1 0 0 3004.DAT
0 STEP
1 86 240.0 -24 2550.0 -1 0 0 0 1 0 0 0 -1 3004.DAT
0 STEP
1 86 70.0 -288 1860.0 0 0 1 0 1 0 -1 0 0 3004.DAT
0 STEP
1 86 280.0 -120 1630.0 -1 0 0 0 1 0 0 0 -1 3004.DAT
0 STEP
1 86 230.0 -96 1820.0 0 0 1 0 1 0 -1 0 0 3004.DAT
0 STEP
1 86 80.0 -336 1530.0 -1 0 0 0 1 0 0 0 -1 3004.DAT
0 STEP
1 86 50.0 -192 1740.0 0 0 1 0 1 0 -1 0 0 3004.DAT
0 STEP
1 86 260.0 -288 1670.0 -1 0 0 0 1 0 0 0 -1 3004.DAT
0 STEP
1 86 60.0 -240 2210.0 -1 0 0 0 1 0 0 0 -1 3004.DAT
0 STEP
1 86 280.0 -264 2550.0 -1 0 0 0 1 0 0 0 -1 3004.DAT
0 STEP
1 86 240.0 -288 1570.0 -1 0 0 0 1 0 0 0 -1 3004.DAT
0 STEP
1 86 50.0 -312 1520.0 0 0 1 0 1 0 -1 0 0 3004.DAT
0 STEP
1 86 180.0 -336 1570.0 -1 0 0 0 1 0 0 0 -1 3004.DAT
0 STEP
1 86 240.0 -288 2510.0 -1 0 0 0 1 0 0 0 -1 3004.DAT
0 STEP
1 86 260.0 -72 1470.0 -1 0 0 0 1 0 0 0 -1 3004.DAT
0 STEP
1 86 130.0 -96 1680.0 0 0 1 0 1 0 -1 0 0 3004.DAT
0 STEP
1 86 210.0 -288 2500.0 0 0 1 0 1 0 -1 0 0 3004.DAT
0 STEP
1 86 280.0 -120 1550.0 -1 0 0 0 1 0 0 0 -1 3004.DAT
0 STEP
1 86 280.0 -216 1850.0 -1 0 0 0 1 0 0 0 -1 3004.DAT
0 STEP
1 86 70.0 -72 1580.0 0 0 1 0 1 0 -1 0 0 3004.DAT
0 STEP
1 86 140.0 -288 1450.0 -1 0 0 0 1 0 0 0 -1 3004.DAT
0 STEP
1 86 110.0 -264 1900.0 0 0 1 0 1 0 -1 0 0 3004.DAT
0 STEP
1 86 230.0 -72 1860.0 0 0 1 0 1 0 -1 0 0 3004.DAT
0 STEP
1 86 70.0 -144 2260.0 0 0 1 0 1 0 -1 0 0 3004.DAT
0 STEP
1 86 250.0 -96 2440.0 0 0 1 0 1 0 -1 0 0 3004.DAT
0 STEP
1 86 320.0 -240 2530.0 -1 0 0 0 1 0 0 0 -1 3004.DAT
0 STEP
1 86 30.0 -120 2460.0 0 0 1 0 1 0 -1 0 0 3004.DAT
0 STEP
1 86 80.0 -72 2010.0 -1 0 0 0 1 0 0 0 -1 3004.DAT
0 STEP
1 86 320.0 -120 2290.0 -1 0 0 0 1 0 0 0 -1 3004.DAT
0 STEP
1 86 270.0 -72 1740.0 0 0 1 0 1 0 -1 0 0 3004.DAT
0 STEP
1 86 180.0 -72 2550.0 -1 0 0 0 1 0 0 0 -1 3004.DAT
0 STEP
1 86 260.0 -288 1470.0 -1 0 0 0 1 0 0 0 -1 3004.DAT
0 STEP
1 86 210.0 -96 1600.0 0 0 1 0 1 0 -1 0 0 3004.DAT
0 STEP
1 86 140.0 -216 1430.0 -1 0 0 0 1 0 0 0 -1 3004.DAT
0 STEP
1 86 20.0 -144 1990.0 -1 0 0 0 1 0 0 0 -1 3004.DAT
0 STEP
1 86 40.0 -240 1570.0 -1 0 0 0 1 0 0 0 -1 3004.DAT
0 STEP
1 86 30.0 -168 2440.0 0 0 1 0 1 0 -1 0 0 3004.DAT
0 STEP
1 86 50.0 -216 1580.0 0 0 1 0 1 0 -1 0 0 3004.DAT
0 STEP
1 86 50.0 -288 2500.0 0 0 1 0 1 0 -1 0 0 3004.DAT
0 STEP
1 86 270.0 -24 1920.0 0 0 1 0 1 0 -1 0 0 3004.DAT
0 STEP
1 86 300.0 -120 2210.0 -1 0 0 0 1 0 0 0 -1 3004.DAT
0 STEP
1 86 40.0 -168 2390.0 -1 0 0 0 1 0 0 0 -1 3004.DAT
0 STEP
1 86 310.0 -120 2500.0 0 0 1 0 1 0 -1 0 0 3004.DAT
0 STEP
1 86 60.0 -240 2150.0 -1 0 0 0 1 0 0 0 -1 3004.DAT
0 STEP
1 86 180.0 -144 1330.0 -1 0 0 0 1 0 0 0 -1 3004.DAT
0 STEP
1 86 180.0 -216 730.0 -1 0 0 0 1 0 0 0 -1 3004.DAT
0 STEP
1 86 50.0 -168 2160.0 0 0 1 0 1 0 -1 0 0 3004.DAT
0 STEP
1 86 290.0 -240 1780.0 0 0 1 0 1 0 -1 0 0 3004.DAT
0 STEP
1 86 330.0 -192 2140.0 0 0 1 0 1 0 -1 0 0 3004.DAT
0 STEP
1 86 220.0 -288 1550.0 -1 0 0 0 1 0 0 0 -1 3004.DAT
0 STEP
1 86 300.0 -96 2510.0 -1 0 0 0 1 0 0 0 -1 3004.DAT
0 STEP
1 86 10.0 -216 2160.0 0 0 1 0 1 0 -1 0 0 3004.DAT
0 STEP
1 86 60.0 -120 1510.0 -1 0 0 0 1 0 0 0 -1 3004.DAT
0 STEP
1 86 230.0 -240 1600.0 0 0 1 0 1 0 -1 0 0 3004.DAT
0 STEP
1 86 300.0 -96 1970.0 -1 0 0 0 1 0 0 0 -1 3004.DAT
0 STEP
1 86 280.0 -240 1870.0 -1 0 0 0 1 0 0 0 -1 3004.DAT
0 STEP
1 86 230.0 -120 1720.0 0 0 1 0 1 0 -1 0 0 3004.DAT
0 STEP
1 86 190.0 -216 1220.0 0 0 1 0 1 0 -1 0 0 3004.DAT
0 STEP
1 86 70.0 -144 1720.0 0 0 1 0 1 0 -1 0 0 3004.DAT
0 STEP
1 86 320.0 -144 2530.0 -1 0 0 0 1 0 0 0 -1 3004.DAT
0 STEP
1 86 80.0 -264 1890.0 -1 0 0 0 1 0 0 0 -1 3004.DAT
0 STEP
1 86 30.0 -192 2520.0 0 0 1 0 1 0 -1 0 0 3004.DAT
0 STEP
1 86 230.0 -120 1780.0 0 0 1 0 1 0 -1 0 0 3004.DAT
0 STEP
1 86 240.0 -48 1810.0 -1 0 0 0 1 0 0 0 -1 3004.DAT
0 STEP
1 86 100.0 -120 2550.0 -1 0 0 0 1 0 0 0 -1 3004.DAT
0 STEP
1 86 50.0 -72 2520.0 0 0 1 0 1 0 -1 0 0 3004.DAT
0 STEP
1 86 150.0 -168 660.0 0 0 1 0 1 0 -1 0 0 3004.DAT
0 STEP
1 86 330.0 -144 2320.0 0 0 1 0 1 0 -1 0 0 3004.DAT
0 STEP
1 86 160.0 -216 590.0 -1 0 0 0 1 0 0 0 -1 3004.DAT
0 STEP
1 86 310.0 -168 1880.0 0 0 1 0 1 0 -1 0 0 3004.DAT
0 STEP
1 86 60.0 -192 1870.0 -1 0 0 0 1 0 0 0 -1 3004.DAT
0 STEP
1 86 80.0 -288 2190.0 -1 0 0 0 1 0 0 0 -1 3004.DAT
0 STEP
1 86 290.0 -168 1680.0 0 0 1 0 1 0 -1 0 0 3004.DAT
0 STEP
1 86 290.0 -120 1860.0 0 0 1 0 1 0 -1 0 0 3004.DAT
0 STEP
1 86 40.0 -168 2190.0 -1 0 0 0 1 0 0 0 -1 3004.DAT
0 STEP
1 86 250.0 -72 2160.0 0 0 1 0 1 0 -1 0 0 3004.DAT
0 STEP
1 86 130.0 -312 1600.0 0 0 1 0 1 0 -1 0 0 3004.DAT
0 STEP
1 86 290.0 -240 2080.0 0 0 1 0 1 0 -1 0 0 3004.DAT
0 STEP
1 86 310.0 -96 1920.0 0 0 1 0 1 0 -1 0 0 3004.DAT
0 STEP
1 86 300.0 -288 1950.0 -1 0 0 0 1 0 0 0 -1 3004.DAT
0 STEP
1 86 210.0 -336 1560.0 0 0 1 0 1 0 -1 0 0 3004.DAT
0 STEP
1 86 280.0 -72 1870.0 -1 0 0 0 1 0 0 0 -1 3004.DAT
0 STEP
1 86 50.0 -312 2540.0 0 0 1 0 1 0 -1 0 0 3004.DAT
0 STEP
1 86 190.0 -72 1700.0 0 0 1 0 1 0 -1 0 0 3004.DAT
0 STEP
1 86 240.0 -288 2350.0 -1 0 0 0 1 0 0 0 -1 3004.DAT
0 STEP
1 86 50.0 -216 2040.0 0 0 1 0 1 0 -1 0 0 3004.DAT
0 STEP
1 86 100.0 -120 1870.0 -1 0 0 0 1 0 0 0 -1 3004.DAT
0 STEP
1 86 160.0 -144 890.0 -1 0 0 0 1 0 0 0 -1 3004.DAT
0 STEP
1 86 330.0 -144 2040.0 0 0 1 0 1 0 -1 0 0 3004.DAT
0 STEP
1 86 310.0 -240 2020.0 0 0 1 0 1 0 -1 0 0 3004.DAT
0 STEP
1 86 270.0 -168 1900.0 0 0 1 0 1 0 -1 0 0 3004.DAT
0 STEP
1 86 120.0 -264 1650.0 -1 0 0 0 1 0 0 0 -1 3004.DAT
0 STEP
1 86 230.0 0 1520.0 0 0 1 0 1 0 -1 0 0 3004.DAT
0 STEP
1 86 260.0 -24 2350.0 -1 0 0 0 1 0 0 0 -1 3004.DAT
0 STEP
1 86 120.0 -48 1690.0 -1 0 0 0 1 0 0 0 -1 3004.DAT
0 STEP
1 86 190.0 -216 700.0 0 0 1 0 1 0 -1 0 0 3004.DAT
0 STEP
1 86 70.0 -288 2000.0 0 0 1 0 1 0 -1 0 0 3004.DAT
0 STEP
1 86 30.0 -120 1520.0 0 0 1 0 1 0 -1 0 0 3004.DAT
0 STEP
1 86 260.0 -120 1870.0 -1 0 0 0 1 0 0 0 -1 3004.DAT
0 STEP
1 86 100.0 -96 1590.0 -1 0 0 0 1 0 0 0 -1 3004.DAT
0 STEP
1 86 230.0 -288 2480.0 0 0 1 0 1 0 -1 0 0 3004.DAT
0 STEP
1 86 290.0 -264 1560.0 0 0 1 0 1 0 -1 0 0 3004.DAT
0 STEP
1 86 250.0 -120 1560.0 0 0 1 0 1 0 -1 0 0 3004.DAT
0 STEP
1 86 250.0 -96 2120.0 0 0 1 0 1 0 -1 0 0 3004.DAT
0 STEP
1 86 40.0 -168 2490.0 -1 0 0 0 1 0 0 0 -1 3004.DAT
0 STEP
1 86 150.0 -264 1660.0 0 0 1 0 1 0 -1 0 0 3004.DAT
0 STEP
1 86 70.0 -288 1920.0 0 0 1 0 1 0 -1 0 0 3004.DAT
0 STEP
1 86 190.0 -144 640.0 0 0 1 0 1 0 -1 0 0 3004.DAT
0 STEP
1 86 250.0 -144 1840.0 0 0 1 0 1 0 -1 0 0 3004.DAT
0 STEP
1 86 240.0 -312 1590.0 -1 0 0 0 1 0 0 0 -1 3004.DAT
0 STEP
1 86 200.0 -24 1580.0 0 0 1 0 1 0 -1 0 0 3003.DAT
0 STEP
1 86 100.0 -264 1490.0 -1 0 0 0 1 0 0 0 -1 3004.DAT
0 STEP
1 86 90.0 -312 1460.0 0 0 1 0 1 0 -1 0 0 3004.DAT
0 STEP
1 86 50.0 -192 2500.0 0 0 1 0 1 0 -1 0 0 3004.DAT
0 STEP
1 86 80.0 -288 2130.0 -1 0 0 0 1 0 0 0 -1 3004.DAT
0 STEP
1 86 270.0 -240 1900.0 0 0 1 0 1 0 -1 0 0 3004.DAT
0 STEP
1 86 150.0 -312 1460.0 0 0 1 0 1 0 -1 0 0 3004.DAT
0 STEP
1 86 260.0 -240 1490.0 -1 0 0 0 1 0 0 0 -1 3004.DAT
0 STEP
1 86 90.0 -264 1960.0 0 0 1 0 1 0 -1 0 0 3004.DAT
0 STEP
1 86 290.0 -240 2460.0 0 0 1 0 1 0 -1 0 0 3004.DAT
0 STEP
1 86 70.0 -120 2080.0 0 0 1 0 1 0 -1 0 0 3004.DAT
0 STEP
1 86 220.0 -48 1830.0 -1 0 0 0 1 0 0 0 -1 3004.DAT
0 STEP
1 86 50.0 -216 1640.0 0 0 1 0 1 0 -1 0 0 3004.DAT
0 STEP
1 86 110.0 0 1920.0 0 0 1 0 1 0 -1 0 0 3004.DAT
0 STEP
1 86 220.0 -264 2550.0 -1 0 0 0 1 0 0 0 -1 3004.DAT
0 STEP
1 86 130.0 -336 2520.0 0 0 1 0 1 0 -1 0 0 3004.DAT
0 STEP
1 86 300.0 -96 2430.0 -1 0 0 0 1 0 0 0 -1 3004.DAT
0 STEP
1 86 250.0 -192 1580.0 0 0 1 0 1 0 -1 0 0 3004.DAT
0 STEP
1 86 290.0 -192 2340.0 0 0 1 0 1 0 -1 0 0 3004.DAT
0 STEP
1 86 240.0 -360 1530.0 -1 0 0 0 1 0 0 0 -1 3004.DAT
0 STEP
1 86 300.0 -240 2250.0 -1 0 0 0 1 0 0 0 -1 3004.DAT
0 STEP
1 86 90.0 -96 2240.0 0 0 1 0 1 0 -1 0 0 3004.DAT
0 STEP
1 86 280.0 -192 1870.0 -1 0 0 0 1 0 0 0 -1 3004.DAT
0 STEP
1 86 180.0 -312 1590.0 -1 0 0 0 1 0 0 0 -1 3004.DAT
0 STEP
1 86 330.0 -144 2380.0 0 0 1 0 1 0 -1 0 0 3004.DAT
0 STEP
1 86 170.0 -72 1840.0 0 0 1 0 1 0 -1 0 0 3004.DAT
0 STEP
1 86 180.0 -144 550.0 -1 0 0 0 1 0 0 0 -1 3004.DAT
0 STEP
1 86 50.0 -216 1460.0 0 0 1 0 1 0 -1 0 0 3004.DAT
0 STEP
1 86 300.0 -192 1910.0 -1 0 0 0 1 0 0 0 -1 3004.DAT
0 STEP
1 86 240.0 -240 1850.0 -1 0 0 0 1 0 0 0 -1 3004.DAT
0 STEP
1 86 60.0 -144 2310.0 -1 0 0 0 1 0 0 0 -1 3004.DAT
0 STEP
1 86 250.0 -288 2460.0 0 0 1 0 1 0 -1 0 0 3004.DAT
0 STEP
1 86 80.0 -144 1750.0 -1 0 0 0 1 0 0 0 -1 3004.DAT
0 STEP
1 86 290.0 -192 2100.0 0 0 1 0 1 0 -1 0 0 3004.DAT
0 STEP
1 86 80.0 -72 1550.0 -1 0 0 0 1 0 0 0 -1 3004.DAT
0 STEP
1 86 150.0 -216 1120.0 0 0 1 0 1 0 -1 0 0 3004.DAT
0 STEP
1 86 260.0 -264 2470.0 -1 0 0 0 1 0 0 0 -1 3004.DAT
0 STEP
1 86 10.0 -216 1980.0 0 0 1 0 1 0 -1 0 0 3004.DAT
0 STEP
1 86 250.0 -144 1680.0 0 0 1 0 1 0 -1 0 0 3004.DAT
0 STEP
1 86 180.0 -72 1810.0 -1 0 0 0 1 0 0 0 -1 3004.DAT
0 STEP
1 86 290.0 -168 1520.0 0 0 1 0 1 0 -1 0 0 3004.DAT
0 STEP
1 86 70.0 -312 1540.0 0 0 1 0 1 0 -1 0 0 3004.DAT
0 STEP
1 86 70.0 -24 2520.0 0 0 1 0 1 0 -1 0 0 3004.DAT
0 STEP
1 86 30.0 -72 2500.0 0 0 1 0 1 0 -1 0 0 3004.DAT
0 STEP
1 86 70.0 -240 2480.0 0 0 1 0 1 0 -1 0 0 3004.DAT
0 STEP
1 86 280.0 -72 1910.0 -1 0 0 0 1 0 0 0 -1 3004.DAT
0 STEP
1 86 70.0 -72 1520.0 0 0 1 0 1 0 -1 0 0 3004.DAT
0 STEP
1 86 330.0 -192 2260.0 0 0 1 0 1 0 -1 0 0 3004.DAT
0 STEP
1 86 60.0 -288 2110.0 -1 0 0 0 1 0 0 0 -1 3010.DAT
0 STEP
1 86 270.0 -240 2100.0 0 0 1 0 1 0 -1 0 0 3004.DAT
0 STEP
1 86 260.0 -240 1550.0 -1 0 0 0 1 0 0 0 -1 3004.DAT
0 STEP
1 86 190.0 -24 1840.0 0 0 1 0 1 0 -1 0 0 3004.DAT
0 STEP
1 86 240.0 -288 1690.0 -1 0 0 0 1 0 0 0 -1 3004.DAT
0 STEP
1 86 260.0 -120 1780.0 0 0 1 0 1 0 -1 0 0 3003.DAT
0 STEP
1 86 290.0 -168 2400.0 0 0 1 0 1 0 -1 0 0 3004.DAT
0 STEP
1 86 300.0 -216 1910.0 -1 0 0 0 1 0 0 0 -1 3004.DAT
0 STEP
1 86 100.0 -120 1750.0 -1 0 0 0 1 0 0 0 -1 3004.DAT
0 STEP
1 86 290.0 -96 1540.0 0 0 1 0 1 0 -1 0 0 3004.DAT
0 STEP
1 86 60.0 -168 1770.0 -1 0 0 0 1 0 0 0 -1 3004.DAT
0 STEP
1 86 50.0 -216 2100.0 0 0 1 0 1 0 -1 0 0 3004.DAT
0 STEP
1 86 120.0 -48 1490.0 -1 0 0 0 1 0 0 0 -1 3004.DAT
0 STEP
1 86 60.0 -144 1690.0 -1 0 0 0 1 0 0 0 -1 3004.DAT
0 STEP
1 86 310.0 -96 2340.0 0 0 1 0 1 0 -1 0 0 3004.DAT
0 STEP
1 86 80.0 -96 1530.0 -1 0 0 0 1 0 0 0 -1 3004.DAT
0 STEP
1 86 40.0 -240 2270.0 -1 0 0 0 1 0 0 0 -1 3004.DAT
0 STEP
1 86 220.0 -48 1790.0 -1 0 0 0 1 0 0 0 -1 3004.DAT
0 STEP
1 86 30.0 -96 2120.0 0 0 1 0 1 0 -1 0 0 3004.DAT
0 STEP
1 86 70.0 -216 1540.0 0 0 1 0 1 0 -1 0 0 3004.DAT
0 STEP
1 86 230.0 -312 1560.0 0 0 1 0 1 0 -1 0 0 3004.DAT
0 STEP
1 86 240.0 -48 1850.0 -1 0 0 0 1 0 0 0 -1 3004.DAT
0 STEP
1 86 60.0 -216 1490.0 -1 0 0 0 1 0 0 0 -1 3004.DAT
0 STEP
1 86 110.0 -72 2440.0 0 0 1 0 1 0 -1 0 0 3004.DAT
0 STEP
1 86 150.0 -168 580.0 0 0 1 0 1 0 -1 0 0 3004.DAT
0 STEP
1 86 80.0 -288 2060.0 0 0 1 0 1 0 -1 0 0 3003.DAT
0 STEP
1 86 40.0 -144 2550.0 -1 0 0 0 1 0 0 0 -1 3004.DAT
0 STEP
1 86 80.0 -24 2550.0 -1 0 0 0 1 0 0 0 -1 3004.DAT
0 STEP
1 86 120.0 -48 1630.0 -1 0 0 0 1 0 0 0 -1 3004.DAT
0 STEP
1 86 60.0 -216 1690.0 -1 0 0 0 1 0 0 0 -1 3004.DAT
0 STEP
1 86 130.0 -360 1520.0 0 0 1 0 1 0 -1 0 0 3004.DAT
0 STEP
1 86 130.0 -120 1620.0 0 0 1 0 1 0 -1 0 0 3004.DAT
0 STEP
1 86 230.0 -288 2380.0 0 0 1 0 1 0 -1 0 0 3004.DAT
0 STEP
1 86 130.0 -168 560.0 0 0 1 0 1 0 -1 0 0 3004.DAT
0 STEP
1 86 60.0 -48 2490.0 -1 0 0 0 1 0 0 0 -1 3004.DAT
0 STEP
1 86 40.0 -120 2490.0 -1 0 0 0 1 0 0 0 -1 3004.DAT
0 STEP
1 86 260.0 -72 1890.0 -1 0 0 0 1 0 0 0 -1 3004.DAT
0 STEP
1 86 320.0 -240 2490.0 -1 0 0 0 1 0 0 0 -1 3004.DAT
0 STEP
1 86 290.0 -168 2200.0 0 0 1 0 1 0 -1 0 0 3004.DAT
0 STEP
1 86 160.0 -48 1870.0 -1 0 0 0 1 0 0 0 -1 3004.DAT
0 STEP
1 86 30.0 -264 2020.0 0 0 1 0 1 0 -1 0 0 3004.DAT
0 STEP
1 86 290.0 -192 1840.0 0 0 1 0 1 0 -1 0 0 3004.DAT
0 STEP
1 86 300.0 -144 1490.0 -1 0 0 0 1 0 0 0 -1 3004.DAT
0 STEP
1 86 140.0 -72 1510.0 -1 0 0 0 1 0 0 0 -1 3004.DAT
0 STEP
1 86 330.0 -144 2440.0 0 0 1 0 1 0 -1 0 0 3004.DAT
0 STEP
1 86 300.0 -120 2470.0 -1 0 0 0 1 0 0 0 -1 3004.DAT
0 STEP
1 86 160.0 -168 550.0 -1 0 0 0 1 0 0 0 -1 3004.DAT
0 STEP
1 86 260.0 -72 1530.0 -1 0 0 0 1 0 0 0 -1 3004.DAT
0 STEP
1 86 30.0 -264 2240.0 0 0 1 0 1 0 -1 0 0 3004.DAT
0 STEP
1 86 290.0 -216 1460.0 0 0 1 0 1 0 -1 0 0 3004.DAT
0 STEP
1 86 10.0 -216 2040.0 0 0 1 0 1 0 -1 0 0 3004.DAT
0 STEP
1 86 220.0 -336 1880.0 0 0 1 0 1 0 -1 0 0 3003.DAT
0 STEP
1 86 130.0 -168 760.0 0 0 1 0 1 0 -1 0 0 3004.DAT
0 STEP
1 86 140.0 -192 1210.0 -1 0 0 0 1 0 0 0 -1 3004.DAT
0 STEP
1 86 330.0 -240 2000.0 0 0 1 0 1 0 -1 0 0 3004.DAT
0 STEP
1 86 330.0 -120 2380.0 0 0 1 0 1 0 -1 0 0 3004.DAT
0 STEP
1 86 120.0 -312 1630.0 -1 0 0 0 1 0 0 0 -1 3004.DAT
0 STEP
1 86 300.0 -216 2550.0 -1 0 0 0 1 0 0 0 -1 3004.DAT
0 STEP
1 86 170.0 -24 1580.0 0 0 1 0 1 0 -1 0 0 3004.DAT
0 STEP
1 86 90.0 -96 2360.0 0 0 1 0 1 0 -1 0 0 3004.DAT
0 STEP
1 86 40.0 -216 1870.0 -1 0 0 0 1 0 0 0 -1 3004.DAT
0 STEP
1 86 30.0 -144 1560.0 0 0 1 0 1 0 -1 0 0 3004.DAT
0 STEP
1 86 130.0 -168 1200.0 0 0 1 0 1 0 -1 0 0 3004.DAT
0 STEP
1 86 10.0 -192 2140.0 0 0 1 0 1 0 -1 0 0 3004.DAT
0 STEP
1 86 220.0 -312 1530.0 -1 0 0 0 1 0 0 0 -1 3004.DAT
0 STEP
1 86 310.0 -264 1920.0 0 0 1 0 1 0 -1 0 0 3004.DAT
0 STEP
1 86 60.0 -192 1490.0 -1 0 0 0 1 0 0 0 -1 3004.DAT
0 STEP
1 86 140.0 -336 1850.0 -1 0 0 0 1 0 0 0 -1 3004.DAT
0 STEP
1 86 280.0 -192 2510.0 -1 0 0 0 1 0 0 0 -1 3004.DAT
0 STEP
1 86 300.0 -120 2130.0 -1 0 0 0 1 0 0 0 -1 3004.DAT
0 STEP
1 86 60.0 -120 1550.0 -1 0 0 0 1 0 0 0 -1 3004.DAT
0 STEP
1 86 200.0 -312 1650.0 -1 0 0 0 1 0 0 0 -1 3010.DAT
0 STEP
1 86 120.0 -288 1510.0 -1 0 0 0 1 0 0 0 -1 3004.DAT
0 STEP
1 86 300.0 -96 1890.0 -1 0 0 0 1 0 0 0 -1 3004.DAT
0 STEP
1 86 140.0 -192 710.0 -1 0 0 0 1 0 0 0 -1 3004.DAT
0 STEP
1 86 270.0 -288 1580.0 0 0 1 0 1 0 -1 0 0 3004.DAT
0 STEP
1 86 140.0 -48 1810.0 -1 0 0 0 1 0 0 0 -1 3004.DAT
0 STEP
1 86 40.0 -72 2410.0 -1 0 0 0 1 0 0 0 -1 3004.DAT
0 STEP
1 86 190.0 -48 1540.0 0 0 1 0 1 0 -1 0 0 3004.DAT
0 STEP
1 86 70.0 -48 2060.0 0 0 1 0 1 0 -1 0 0 3004.DAT
0 STEP
1 86 100.0 -48 1470.0 -1 0 0 0 1 0 0 0 -1 3004.DAT
0 STEP
1 86 260.0 -216 1570.0 -1 0 0 0 1 0 0 0 -1 3004.DAT
0 STEP
1 86 280.0 -240 2420.0 0 0 1 0 1 0 -1 0 0 3003.DAT
0 STEP
1 86 290.0 -72 1940.0 0 0 1 0 1 0 -1 0 0 3004.DAT
0 STEP
1 86 60.0 -312 2190.0 -1 0 0 0 1 0 0 0 -1 3004.DAT
0 STEP
1 86 290.0 -72 1540.0 0 0 1 0 1 0 -1 0 0 3004.DAT
0 STEP
1 86 70.0 -96 1960.0 0 0 1 0 1 0 -1 0 0 3010.DAT
0 STEP
1 86 130.0 -72 1480.0 0 0 1 0 1 0 -1 0 0 3004.DAT
0 STEP
1 86 310.0 -96 2400.0 0 0 1 0 1 0 -1 0 0 3004.DAT
0 STEP
1 86 60.0 -240 2240.0 0 0 1 0 1 0 -1 0 0 3003.DAT
0 STEP
1 86 110.0 -360 1540.0 0 0 1 0 1 0 -1 0 0 3004.DAT
0 STEP
1 86 100.0 -312 1490.0 -1 0 0 0 1 0 0 0 -1 3004.DAT
0 STEP
1 86 100.0 -312 1610.0 -1 0 0 0 1 0 0 0 -1 3004.DAT
0 STEP
1 86 30.0 -120 2100.0 0 0 1 0 1 0 -1 0 0 3004.DAT
0 STEP
1 86 80.0 -288 2030.0 -1 0 0 0 1 0 0 0 -1 3004.DAT
0 STEP
1 86 70.0 -120 2200.0 0 0 1 0 1 0 -1 0 0 3004.DAT
0 STEP
1 86 110.0 -264 1560.0 0 0 1 0 1 0 -1 0 0 3004.DAT
0 STEP
1 86 160.0 -48 1680.0 0 0 1 0 1 0 -1 0 0 3003.DAT
0 STEP
1 86 170.0 -48 1820.0 0 0 1 0 1 0 -1 0 0 3004.DAT
0 STEP
1 86 30.0 -168 1900.0 0 0 1 0 1 0 -1 0 0 3004.DAT
0 STEP
1 86 190.0 -288 1560.0 0 0 1 0 1 0 -1 0 0 3004.DAT
0 STEP
1 86 80.0 -168 2510.0 -1 0 0 0 1 0 0 0 -1 3004.DAT
0 STEP
1 86 300.0 -168 1490.0 -1 0 0 0 1 0 0 0 -1 3004.DAT
0 STEP
1 86 330.0 -192 2200.0 0 0 1 0 1 0 -1 0 0 3004.DAT
0 STEP
1 86 130.0 -192 1240.0 0 0 1 0 1 0 -1 0 0 3004.DAT
0 STEP
1 86 290.0 -240 1840.0 0 0 1 0 1 0 -1 0 0 3004.DAT
0 STEP
1 86 160.0 -216 1150.0 -1 0 0 0 1 0 0 0 -1 3004.DAT
0 STEP
1 86 70.0 -144 1940.0 0 0 1 0 1 0 -1 0 0 3004.DAT
0 STEP
1 86 120.0 -312 1550.0 -1 0 0 0 1 0 0 0 -1 3004.DAT
0 STEP
1 86 160.0 0 1930.0 -1 0 0 0 1 0 0 0 -1 3004.DAT
0 STEP
1 86 280.0 -312 1930.0 -1 0 0 0 1 0 0 0 -1 3004.DAT
0 STEP
1 86 290.0 -192 2040.0 0 0 1 0 1 0 -1 0 0 3004.DAT
0 STEP
1 86 90.0 -168 1840.0 0 0 1 0 1 0 -1 0 0 3004.DAT
0 STEP
1 86 60.0 -48 2210.0 -1 0 0 0 1 0 0 0 -1 3004.DAT
0 STEP
1 86 150.0 -24 1560.0 0 0 1 0 1 0 -1 0 0 3004.DAT
0 STEP
1 86 10.0 -120 2000.0 0 0 1 0 1 0 -1 0 0 3004.DAT
0 STEP
1 86 170.0 -312 1540.0 0 0 1 0 1 0 -1 0 0 3004.DAT
0 STEP
1 86 270.0 -312 2500.0 0 0 1 0 1 0 -1 0 0 3004.DAT
0 STEP
1 86 330.0 -240 2140.0 0 0 1 0 1 0 -1 0 0 3004.DAT
0 STEP
1 86 310.0 -216 1880.0 0 0 1 0 1 0 -1 0 0 3004.DAT
0 STEP
1 86 90.0 -48 1920.0 0 0 1 0 1 0 -1 0 0 3004.DAT
0 STEP
1 86 30.0 -96 2240.0 0 0 1 0 1 0 -1 0 0 3004.DAT
0 STEP
1 86 220.0 -336 1850.0 -1 0 0 0 1 0 0 0 -1 3004.DAT
0 STEP
1 86 210.0 -72 1780.0 0 0 1 0 1 0 -1 0 0 3004.DAT
0 STEP
1 86 190.0 -192 1060.0 0 0 1 0 1 0 -1 0 0 3004.DAT
0 STEP
1 86 90.0 -72 1940.0 0 0 1 0 1 0 -1 0 0 3010.DAT
0 STEP
1 86 310.0 -96 2460.0 0 0 1 0 1 0 -1 0 0 3004.DAT
0 STEP
1 86 300.0 -240 2130.0 -1 0 0 0 1 0 0 0 -1 3004.DAT
0 STEP
1 86 30.0 -240 1960.0 0 0 1 0 1 0 -1 0 0 3004.DAT
0 STEP
1 86 160.0 -144 730.0 -1 0 0 0 1 0 0 0 -1 3004.DAT
0 STEP
1 86 30.0 -216 1540.0 0 0 1 0 1 0 -1 0 0 3010.DAT
0 STEP
1 86 270.0 -48 2540.0 0 0 1 0 1 0 -1 0 0 3004.DAT
0 STEP
1 86 110.0 0 1540.0 0 0 1 0 1 0 -1 0 0 3004.DAT
0 STEP
1 86 310.0 -96 1520.0 0 0 1 0 1 0 -1 0 0 3004.DAT
0 STEP
1 86 270.0 -96 2100.0 0 0 1 0 1 0 -1 0 0 3004.DAT
0 STEP
1 86 300.0 -72 2350.0 -1 0 0 0 1 0 0 0 -1 3004.DAT
0 STEP
1 86 120.0 -312 2550.0 -1 0 0 0 1 0 0 0 -1 3004.DAT
0 STEP
1 86 240.0 -48 1910.0 -1 0 0 0 1 0 0 0 -1 3010.DAT
0 STEP
1 86 150.0 -144 560.0 0 0 1 0 1 0 -1 0 0 3004.DAT
0 STEP
1 86 20.0 -216 2380.0 0 0 1 0 1 0 -1 0 0 3003.DAT
0 STEP
1 86 290.0 -192 2280.0 0 0 1 0 1 0 -1 0 0 3004.DAT
0 STEP
1 86 60.0 -72 1990.0 -1 0 0 0 1 0 0 0 -1 3004.DAT
0 STEP
1 86 220.0 -24 1550.0 -1 0 0 0 1 0 0 0 -1 3010.DAT
0 STEP
1 86 330.0 -240 2240.0 0 0 1 0 1 0 -1 0 0 3004.DAT
0 STEP
1 86 220.0 -192 2510.0 -1 0 0 0 1 0 0 0 -1 3004.DAT
0 STEP
1 86 160.0 -216 1210.0 -1 0 0 0 1 0 0 0 -1 3004.DAT
0 STEP
1 86 160.0 -48 1550.0 -1 0 0 0 1 0 0 0 -1 3004.DAT
0 STEP
1 86 100.0 -264 1630.0 -1 0 0 0 1 0 0 0 -1 3010.DAT
0 STEP
1 86 240.0 -24 1910.0 -1 0 0 0 1 0 0 0 -1 3004.DAT
0 STEP
1 86 280.0 -312 2470.0 -1 0 0 0 1 0 0 0 -1 3004.DAT
0 STEP
1 86 10.0 -240 2240.0 0 0 1 0 1 0 -1 0 0 3004.DAT
0 STEP
1 86 150.0 -48 1600.0 0 0 1 0 1 0 -1 0 0 3004.DAT
0 STEP
1 86 30.0 -288 2520.0 0 0 1 0 1 0 -1 0 0 3010.DAT
0 STEP
1 86 250.0 -96 2500.0 0 0 1 0 1 0 -1 0 0 3004.DAT
0 STEP
1 86 30.0 -288 2000.0 0 0 1 0 1 0 -1 0 0 3004.DAT
0 STEP
1 86 140.0 -192 680.0 0 0 1 0 1 0 -1 0 0 3003.DAT
0 STEP
1 86 330.0 -120 2320.0 0 0 1 0 1 0 -1 0 0 3004.DAT
0 STEP
1 86 160.0 -48 1710.0 -1 0 0 0 1 0 0 0 -1 3004.DAT
0 STEP
1 86 90.0 -96 1980.0 0 0 1 0 1 0 -1 0 0 3010.DAT
0 STEP
1 86 170.0 -216 780.0 0 0 1 0 1 0 -1 0 0 3004.DAT
0 STEP
1 86 70.0 -240 1760.0 0 0 1 0 1 0 -1 0 0 3004.DAT
0 STEP
1 86 280.0 -264 1950.0 -1 0 0 0 1 0 0 0 -1 3010.DAT
0 STEP
1 86 330.0 -192 2080.0 0 0 1 0 1 0 -1 0 0 3004.DAT
0 STEP
1 86 30.0 -240 2220.0 0 0 1 0 1 0 -1 0 0 3010.DAT
0 STEP
1 86 60.0 -288 1510.0 -1 0 0 0 1 0 0 0 -1 3004.DAT
0 STEP
1 86 260.0 -264 1540.0 0 0 1 0 1 0 -1 0 0 3003.DAT
0 STEP
1 86 50.0 -216 1720.0 0 0 1 0 1 0 -1 0 0 3004.DAT
0 STEP
1 86 200.0 -312 1550.0 -1 0 0 0 1 0 0 0 -1 3004.DAT
0 STEP
1 86 320.0 -144 1930.0 -1 0 0 0 1 0 0 0 -1 3004.DAT
0 STEP
1 86 230.0 -288 1640.0 0 0 1 0 1 0 -1 0 0 3010.DAT
0 STEP
1 86 30.0 -264 1940.0 0 0 1 0 1 0 -1 0 0 3004.DAT
0 STEP
1 86 170.0 -48 1520.0 0 0 1 0 1 0 -1 0 0 3004.DAT
0 STEP
1 86 220.0 -48 1880.0 0 0 1 0 1 0 -1 0 0 3003.DAT
0 STEP
1 86 70.0 -264 1460.0 0 0 1 0 1 0 -1 0 0 3004.DAT
0 STEP
1 86 50.0 -240 2020.0 0 0 1 0 1 0 -1 0 0 3004.DAT
0 STEP
1 86 330.0 -144 2500.0 0 0 1 0 1 0 -1 0 0 3004.DAT
0 STEP
1 86 270.0 -144 1900.0 0 0 1 0 1 0 -1 0 0 3010.DAT
0 STEP
1 86 140.0 -48 1650.0 -1 0 0 0 1 0 0 0 -1 3004.DAT
0 STEP
1 86 290.0 -120 1600.0 0 0 1 0 1 0 -1 0 0 3004.DAT
0 STEP
1 86 240.0 -120 1620.0 0 0 1 0 1 0 -1 0 0 3003.DAT
0 STEP
1 86 230.0 -312 1620.0 0 0 1 0 1 0 -1 0 0 3004.DAT
0 STEP
1 86 300.0 -240 1890.0 -1 0 0 0 1 0 0 0 -1 3004.DAT
0 STEP
1 86 250.0 -264 1580.0 0 0 1 0 1 0 -1 0 0 3004.DAT
0 STEP
1 86 100.0 -312 1880.0 0 0 1 0 1 0 -1 0 0 3003.DAT
0 STEP
1 86 280.0 -240 1570.0 -1 0 0 0 1 0 0 0 -1 3004.DAT
0 STEP
1 86 70.0 -120 2140.0 0 0 1 0 1 0 -1 0 0 3004.DAT
0 STEP
1 86 70.0 -216 1640.0 0 0 1 0 1 0 -1 0 0 3010.DAT
0 STEP
1 86 110.0 -336 2520.0 0 0 1 0 1 0 -1 0 0 3010.DAT
0 STEP
1 86 330.0 -120 2240.0 0 0 1 0 1 0 -1 0 0 3010.DAT
0 STEP
1 86 90.0 -96 1620.0 0 0 1 0 1 0 -1 0 0 3004.DAT
0 STEP
1 86 60.0 -96 2190.0 -1 0 0 0 1 0 0 0 -1 3004.DAT
0 STEP
1 86 230.0 -48 1940.0 0 0 1 0 1 0 -1 0 0 3004.DAT
0 STEP
1 86 60.0 -72 1890.0 -1 0 0 0 1 0 0 0 -1 3004.DAT
0 STEP
1 86 270.0 -96 1560.0 0 0 1 0 1 0 -1 0 0 3004.DAT
0 STEP
1 86 220.0 -360 1890.0 -1 0 0 0 1 0 0 0 -1 3004.DAT
0 STEP
1 86 260.0 -96 2390.0 -1 0 0 0 1 0 0 0 -1 3004.DAT
0 STEP
1 86 120.0 -120 2510.0 -1 0 0 0 1 0 0 0 -1 3004.DAT
0 STEP
1 86 70.0 -48 2000.0 0 0 1 0 1 0 -1 0 0 3004.DAT
0 STEP
1 86 220.0 -96 1640.0 0 0 1 0 1 0 -1 0 0 3003.DAT
0 STEP
1 86 110.0 -288 2060.0 0 0 1 0 1 0 -1 0 0 3004.DAT
0 STEP
1 86 310.0 -240 2440.0 0 0 1 0 1 0 -1 0 0 3010.DAT
0 STEP
1 86 50.0 -144 1740.0 0 0 1 0 1 0 -1 0 0 3004.DAT
0 STEP
1 86 60.0 -216 1890.0 -1 0 0 0 1 0 0 0 -1 3004.DAT
0 STEP
1 86 50.0 -240 1460.0 0 0 1 0 1 0 -1 0 0 3004.DAT
0 STEP
1 86 320.0 -168 1530.0 -1 0 0 0 1 0 0 0 -1 3004.DAT
0 STEP
1 86 280.0 -120 1950.0 -1 0 0 0 1 0 0 0 -1 3004.DAT
0 STEP
1 86 280.0 -120 2190.0 -1 0 0 0 1 0 0 0 -1 3004.DAT
0 STEP
1 86 100.0 -96 1680.0 0 0 1 0 1 0 -1 0 0 3003.DAT
0 STEP
1 86 50.0 -120 1840.0 0 0 1 0 1 0 -1 0 0 3010.DAT
0 STEP
1 86 150.0 -216 560.0 0 0 1 0 1 0 -1 0 0 3004.DAT
0 STEP
1 86 280.0 -144 1510.0 -1 0 0 0 1 0 0 0 -1 3004.DAT
0 STEP
1 86 50.0 -192 2320.0 0 0 1 0 1 0 -1 0 0 3004.DAT
0 STEP
1 86 280.0 -240 2230.0 -1 0 0 0 1 0 0 0 -1 3004.DAT
0 STEP
1 86 200.0 -240 2550.0 -1 0 0 0 1 0 0 0 -1 3004.DAT
0 STEP
1 86 270.0 -168 1500.0 0 0 1 0 1 0 -1 0 0 3004.DAT
0 STEP
1 86 300.0 -120 1570.0 -1 0 0 0 1 0 0 0 -1 3004.DAT
0 STEP
1 86 200.0 -120 2510.0 -1 0 0 0 1 0 0 0 -1 3010.DAT
0 STEP
1 86 290.0 -216 2100.0 0 0 1 0 1 0 -1 0 0 3004.DAT
0 STEP
1 86 290.0 -72 2020.0 0 0 1 0 1 0 -1 0 0 3010.DAT
0 STEP
1 86 70.0 -144 2200.0 0 0 1 0 1 0 -1 0 0 3004.DAT
0 STEP
1 86 70.0 -120 1620.0 0 0 1 0 1 0 -1 0 0 3004.DAT
0 STEP
1 86 280.0 -96 1600.0 0 0 1 0 1 0 -1 0 0 3003.DAT
0 STEP
1 86 140.0 -48 1510.0 -1 0 0 0 1 0 0 0 -1 3004.DAT
0 STEP
1 86 240.0 -48 1560.0 0 0 1 0 1 0 -1 0 0 3003.DAT
0 STEP
1 86 130.0 0 1520.0 0 0 1 0 1 0 -1 0 0 3004.DAT
0 STEP
1 86 80.0 -144 1490.0 -1 0 0 0 1 0 0 0 -1 3004.DAT
0 STEP
1 86 40.0 -192 2470.0 -1 0 0 0 1 0 0 0 -1 3004.DAT
0 STEP
1 86 80.0 -48 1500.0 0 0 1 0 1 0 -1 0 0 3003.DAT
0 STEP
1 86 270.0 -120 1900.0 0 0 1 0 1 0 -1 0 0 3004.DAT
0 STEP
1 86 120.0 -264 1610.0 -1 0 0 0 1 0 0 0 -1 3010.DAT
0 STEP
1 86 250.0 0 1980.0 0 0 1 0 1 0 -1 0 0 3004.DAT
0 STEP
1 86 110.0 -48 1660.0 0 0 1 0 1 0 -1 0 0 3004.DAT
0 STEP
1 86 70.0 -192 1540.0 0 0 1 0 1 0 -1 0 0 3010.DAT
0 STEP
1 86 240.0 -24 1530.0 -1 0 0 0 1 0 0 0 -1 3004.DAT
0 STEP
1 86 320.0 -216 2530.0 -1 0 0 0 1 0 0 0 -1 3004.DAT
0 STEP
1 86 100.0 -72 2370.0 -1 0 0 0 1 0 0 0 -1 3004.DAT
0 STEP
1 86 270.0 -240 2020.0 0 0 1 0 1 0 -1 0 0 3004.DAT
0 STEP
1 86 60.0 -216 1970.0 -1 0 0 0 1 0 0 0 -1 3004.DAT
0 STEP
1 86 200.0 -48 1730.0 -1 0 0 0 1 0 0 0 -1 3010.DAT
0 STEP
1 86 180.0 -48 1890.0 -1 0 0 0 1 0 0 0 -1 3004.DAT
0 STEP
1 86 240.0 -168 2550.0 -1 0 0 0 1 0 0 0 -1 3009.DAT
0 STEP
1 86 30.0 -168 2280.0 0 0 1 0 1 0 -1 0 0 3010.DAT
0 STEP
1 86 240.0 -96 1580.0 0 0 1 0 1 0 -1 0 0 3003.DAT
0 STEP
1 86 270.0 -168 1560.0 0 0 1 0 1 0 -1 0 0 3004.DAT
0 STEP
1 86 300.0 -96 2540.0 0 0 1 0 1 0 -1 0 0 3003.DAT
0 STEP
1 86 30.0 -120 2520.0 0 0 1 0 1 0 -1 0 0 3004.DAT
0 STEP
1 86 80.0 -192 1450.0 -1 0 0 0 1 0 0 0 -1 3010.DAT
0 STEP
1 86 320.0 -120 2150.0 -1 0 0 0 1 0 0 0 -1 3004.DAT
0 STEP
1 86 60.0 -240 1550.0 -1 0 0 0 1 0 0 0 -1 3004.DAT
0 STEP
1 86 290.0 -240 2300.0 0 0 1 0 1 0 -1 0 0 3010.DAT
0 STEP
1 86 330.0 -240 2460.0 0 0 1 0 1 0 -1 0 0 3004.DAT
0 STEP
1 86 40.0 -120 2550.0 -1 0 0 0 1 0 0 0 -1 3004.DAT
0 STEP
1 86 240.0 -240 1450.0 -1 0 0 0 1 0 0 0 -1 3004.DAT
0 STEP
1 86 70.0 -144 2460.0 0 0 1 0 1 0 -1 0 0 3010.DAT
0 STEP
1 86 240.0 -288 1920.0 0 0 1 0 1 0 -1 0 0 3003.DAT
0 STEP
1 86 20.0 -240 2070.0 -1 0 0 0 1 0 0 0 -1 3004.DAT
0 STEP
1 86 130.0 -168 680.0 0 0 1 0 1 0 -1 0 0 3010.DAT
0 STEP
1 86 280.0 -288 1540.0 0 0 1 0 1 0 -1 0 0 3003.DAT
0 STEP
1 86 310.0 -288 1540.0 0 0 1 0 1 0 -1 0 0 3004.DAT
0 STEP
1 86 290.0 -240 2200.0 0 0 1 0 1 0 -1 0 0 3004.DAT
0 STEP
1 86 320.0 -240 2340.0 0 0 1 0 1 0 -1 0 0 3003.DAT
0 STEP
1 86 50.0 -216 2340.0 0 0 1 0 1 0 -1 0 0 3009.DAT
0 STEP
1 86 100.0 -288 1490.0 -1 0 0 0 1 0 0 0 -1 3010.DAT
0 STEP
1 86 50.0 -168 1600.0 0 0 1 0 1 0 -1 0 0 3004.DAT
0 STEP
1 86 220.0 -96 1760.0 0 0 1 0 1 0 -1 0 0 3003.DAT
0 STEP
1 86 30.0 -144 1500.0 0 0 1 0 1 0 -1 0 0 3004.DAT
0 STEP
1 86 290.0 -120 1760.0 0 0 1 0 1 0 -1 0 0 3004.DAT
0 STEP
1 86 220.0 0 1890.0 -1 0 0 0 1 0 0 0 -1 3004.DAT
0 STEP
1 86 50.0 -240 1900.0 0 0 1 0 1 0 -1 0 0 3010.DAT
0 STEP
1 86 60.0 -96 1880.0 0 0 1 0 1 0 -1 0 0 3003.DAT
0 STEP
1 86 180.0 -120 2550.0 -1 0 0 0 1 0 0 0 -1 3010.DAT
0 STEP
1 86 50.0 -168 1480.0 0 0 1 0 1 0 -1 0 0 3004.DAT
0 STEP
1 86 50.0 -144 1620.0 0 0 1 0 1 0 -1 0 0 3004.DAT
0 STEP
1 86 70.0 -120 2480.0 0 0 1 0 1 0 -1 0 0 3004.DAT
0 STEP
1 86 310.0 -264 1540.0 0 0 1 0 1 0 -1 0 0 3004.DAT
0 STEP
1 86 170.0 -288 1640.0 0 0 1 0 1 0 -1 0 0 3004.DAT
0 STEP
1 86 60.0 -240 1790.0 -1 0 0 0 1 0 0 0 -1 3004.DAT
0 STEP
1 86 100.0 -264 1450.0 -1 0 0 0 1 0 0 0 -1 3004.DAT
0 STEP
1 86 140.0 -216 2550.0 -1 0 0 0 1 0 0 0 -1 3004.DAT
0 STEP
1 86 110.0 -96 1520.0 0 0 1 0 1 0 -1 0 0 3004.DAT
0 STEP
1 86 220.0 -96 1730.0 -1 0 0 0 1 0 0 0 -1 3004.DAT
0 STEP
1 86 90.0 -192 1580.0 0 0 1 0 1 0 -1 0 0 3004.DAT
0 STEP
1 86 80.0 -216 1570.0 -1 0 0 0 1 0 0 0 -1 3004.DAT
0 STEP
1 86 240.0 -24 1570.0 -1 0 0 0 1 0 0 0 -1 3004.DAT
0 STEP
1 86 330.0 -168 2240.0 0 0 1 0 1 0 -1 0 0 3010.DAT
0 STEP
1 86 30.0 -240 2440.0 0 0 1 0 1 0 -1 0 0 3004.DAT
0 STEP
1 86 190.0 -216 1280.0 0 0 1 0 1 0 -1 0 0 3004.DAT
0 STEP
1 86 290.0 -216 2020.0 0 0 1 0 1 0 -1 0 0 3010.DAT
0 STEP
1 86 160.0 -288 1560.0 0 0 1 0 1 0 -1 0 0 3003.DAT
0 STEP
1 86 120.0 -144 2550.0 -1 0 0 0 1 0 0 0 -1 3010.DAT
0 STEP
1 86 290.0 -216 1940.0 0 0 1 0 1 0 -1 0 0 3004.DAT
0 STEP
1 86 80.0 -96 2210.0 -1 0 0 0 1 0 0 0 -1 3004.DAT
0 STEP
1 86 30.0 -240 2540.0 0 0 1 0 1 0 -1 0 0 3004.DAT
0 STEP
1 86 90.0 -288 1940.0 0 0 1 0 1 0 -1 0 0 3010.DAT
0 STEP
1 86 160.0 -312 2510.0 -1 0 0 0 1 0 0 0 -1 3010.DAT
0 STEP
1 86 100.0 -288 2010.0 -1 0 0 0 1 0 0 0 -1 3004.DAT
0 STEP
1 86 240.0 -120 1840.0 0 0 1 0 1 0 -1 0 0 3003.DAT
0 STEP
1 86 30.0 -96 2500.0 0 0 1 0 1 0 -1 0 0 3004.DAT
0 STEP
1 86 280.0 -240 1530.0 -1 0 0 0 1 0 0 0 -1 3004.DAT
0 STEP
1 86 100.0 -48 1980.0 0 0 1 0 1 0 -1 0 0 3003.DAT
0 STEP
1 86 240.0 -96 1550.0 -1 0 0 0 1 0 0 0 -1 3004.DAT
0 STEP
1 86 270.0 -216 1540.0 0 0 1 0 1 0 -1 0 0 3004.DAT
0 STEP
1 86 80.0 -144 1550.0 -1 0 0 0 1 0 0 0 -1 3004.DAT
0 STEP
1 86 300.0 -192 2550.0 -1 0 0 0 1 0 0 0 -1 3004.DAT
0 STEP
1 86 280.0 -240 2050.0 -1 0 0 0 1 0 0 0 -1 3004.DAT
0 STEP
1 86 220.0 -72 1510.0 -1 0 0 0 1 0 0 0 -1 3010.DAT
0 STEP
1 86 60.0 -144 1660.0 0 0 1 0 1 0 -1 0 0 3003.DAT
0 STEP
1 86 300.0 -120 2450.0 -1 0 0 0 1 0 0 0 -1 3010.DAT
0 STEP
1 86 290.0 -192 1980.0 0 0 1 0 1 0 -1 0 0 3004.DAT
0 STEP
1 86 120.0 -96 1630.0 -1 0 0 0 1 0 0 0 -1 3004.DAT
0 STEP
1 86 240.0 -264 1890.0 -1 0 0 0 1 0 0 0 -1 3004.DAT
0 STEP
1 86 70.0 -336 2500.0 0 0 1 0 1 0 -1 0 0 3010.DAT
0 STEP
1 86 250.0 -24 1880.0 0 0 1 0 1 0 -1 0 0 3004.DAT
0 STEP
1 86 270.0 -24 2540.0 0 0 1 0 1 0 -1 0 0 3004.DAT
0 STEP
1 86 150.0 -288 1620.0 0 0 1 0 1 0 -1 0 0 3010.DAT
0 STEP
1 86 290.0 -312 2160.0 0 0 1 0 1 0 -1 0 0 3004.DAT
0 STEP
1 86 200.0 -288 1590.0 -1 0 0 0 1 0 0 0 -1 3010.DAT
0 STEP
1 86 220.0 -312 1510.0 -1 0 0 0 1 0 0 0 -1 3009.DAT
0 STEP
1 86 140.0 -312 1890.0 -1 0 0 0 1 0 0 0 -1 3004.DAT
0 STEP
1 86 40.0 -288 2040.0 0 0 1 0 1 0 -1 0 0 3003.DAT
0 STEP
1 86 180.0 -144 1170.0 -1 0 0 0 1 0 0 0 -1 3004.DAT
0 STEP
1 86 110.0 -144 1740.0 0 0 1 0 1 0 -1 0 0 3004.DAT
0 STEP
1 86 120.0 0 1970.0 -1 0 0 0 1 0 0 0 -1 3004.DAT
0 STEP
1 86 100.0 -48 1570.0 -1 0 0 0 1 0 0 0 -1 3004.DAT
0 STEP
1 86 90.0 -240 1500.0 0 0 1 0 1 0 -1 0 0 3004.DAT
0 STEP
1 86 270.0 -192 1900.0 0 0 1 0 1 0 -1 0 0 3004.DAT
0 STEP
1 86 310.0 -216 1960.0 0 0 1 0 1 0 -1 0 0 3010.DAT
0 STEP
1 86 270.0 -288 1640.0 0 0 1 0 1 0 -1 0 0 3004.DAT
0 STEP
1 86 20.0 -216 2350.0 -1 0 0 0 1 0 0 0 -1 3004.DAT
0 STEP
1 86 330.0 -240 2400.0 0 0 1 0 1 0 -1 0 0 3004.DAT
0 STEP
1 86 310.0 -144 1880.0 0 0 1 0 1 0 -1 0 0 3004.DAT
0 STEP
1 86 30.0 -120 1960.0 0 0 1 0 1 0 -1 0 0 3004.DAT
0 STEP
1 86 330.0 -144 1980.0 0 0 1 0 1 0 -1 0 0 3004.DAT
0 STEP
1 86 140.0 -24 1870.0 -1 0 0 0 1 0 0 0 -1 3010.DAT
0 STEP
1 86 40.0 -216 2490.0 -1 0 0 0 1 0 0 0 -1 3004.DAT
0 STEP
1 86 80.0 -288 2090.0 -1 0 0 0 1 0 0 0 -1 3010.DAT
0 STEP
1 86 280.0 -48 1930.0 -1 0 0 0 1 0 0 0 -1 3004.DAT
0 STEP
1 86 250.0 -24 1500.0 0 0 1 0 1 0 -1 0 0 3004.DAT
0 STEP
1 86 80.0 -72 2390.0 -1 0 0 0 1 0 0 0 -1 3010.DAT
0 STEP
1 86 200.0 -24 1480.0 0 0 1 0 1 0 -1 0 0 3003.DAT
0 STEP
1 86 140.0 0 1900.0 0 0 1 0 1 0 -1 0 0 3003.DAT
0 STEP
1 86 200.0 -72 1490.0 -1 0 0 0 1 0 0 0 -1 3010.DAT
0 STEP
1 86 280.0 -240 1460.0 0 0 1 0 1 0 -1 0 0 3003.DAT
0 STEP
1 86 270.0 -192 1560.0 0 0 1 0 1 0 -1 0 0 3004.DAT
0 STEP
1 86 270.0 -96 1780.0 0 0 1 0 1 0 -1 0 0 3004.DAT
0 STEP
1 86 130.0 -240 1660.0 0 0 1 0 1 0 -1 0 0 3004.DAT
0 STEP
1 86 120.0 -312 1460.0 0 0 1 0 1 0 -1 0 0 3003.DAT
0 STEP
1 86 280.0 -168 1860.0 0 0 1 0 1 0 -1 0 0 3003.DAT
0 STEP
1 86 150.0 -168 740.0 0 0 1 0 1 0 -1 0 0 3010.DAT
0 STEP
1 86 120.0 -24 1490.0 -1 0 0 0 1 0 0 0 -1 3010.DAT
0 STEP
1 86 180.0 -72 1550.0 -1 0 0 0 1 0 0 0 -1 3004.DAT
0 STEP
1 86 140.0 -72 1560.0 0 0 1 0 1 0 -1 0 0 3003.DAT
0 STEP
1 86 40.0 -240 2500.0 0 0 1 0 1 0 -1 0 0 3003.DAT
0 STEP
1 86 260.0 -48 1890.0 -1 0 0 0 1 0 0 0 -1 3004.DAT
0 STEP
1 86 300.0 -120 2410.0 -1 0 0 0 1 0 0 0 -1 3010.DAT
0 STEP
1 86 150.0 -96 1700.0 0 0 1 0 1 0 -1 0 0 3010.DAT
0 STEP
1 86 310.0 -144 1560.0 0 0 1 0 1 0 -1 0 0 3004.DAT
0 STEP
1 86 200.0 -72 1840.0 0 0 1 0 1 0 -1 0 0 3003.DAT
0 STEP
1 86 70.0 -192 1920.0 0 0 1 0 1 0 -1 0 0 3004.DAT
0 STEP
1 86 30.0 -288 2080.0 0 0 1 0 1 0 -1 0 0 3004.DAT
0 STEP
1 86 300.0 -72 2320.0 0 0 1 0 1 0 -1 0 0 3003.DAT
0 STEP
1 86 180.0 -72 1610.0 -1 0 0 0 1 0 0 0 -1 3010.DAT
0 STEP
1 86 70.0 -264 2000.0 0 0 1 0 1 0 -1 0 0 3010.DAT
0 STEP
1 86 260.0 -96 1520.0 0 0 1 0 1 0 -1 0 0 3003.DAT
0 STEP
1 86 310.0 -120 2240.0 0 0 1 0 1 0 -1 0 0 3004.DAT
0 STEP
1 86 70.0 -264 2280.0 0 0 1 0 1 0 -1 0 0 3004.DAT
0 STEP
1 86 20.0 -168 2330.0 -1 0 0 0 1 0 0 0 -1 3004.DAT
0 STEP
1 86 200.0 -336 1590.0 -1 0 0 0 1 0 0 0 -1 3004.DAT
0 STEP
1 86 260.0 -336 1540.0 0 0 1 0 1 0 -1 0 0 3003.DAT
0 STEP
1 86 290.0 -192 1780.0 0 0 1 0 1 0 -1 0 0 3004.DAT
0 STEP
1 86 280.0 -96 2450.0 -1 0 0 0 1 0 0 0 -1 3004.DAT
0 STEP
1 86 100.0 -336 1560.0 0 0 1 0 1 0 -1 0 0 3003.DAT
0 STEP
1 86 180.0 -144 580.0 0 0 1 0 1 0 -1 0 0 3003.DAT
0 STEP
1 86 280.0 -120 1510.0 -1 0 0 0 1 0 0 0 -1 3010.DAT
0 STEP
1 86 320.0 -120 2180.0 0 0 1 0 1 0 -1 0 0 3003.DAT
0 STEP
1 86 290.0 -288 1500.0 0 0 1 0 1 0 -1 0 0 3004.DAT
0 STEP
1 86 180.0 -312 1630.0 -1 0 0 0 1 0 0 0 -1 3004.DAT
0 STEP
1 86 30.0 -72 2440.0 0 0 1 0 1 0 -1 0 0 3004.DAT
0 STEP
1 86 310.0 -192 1540.0 0 0 1 0 1 0 -1 0 0 3010.DAT
0 STEP
1 86 320.0 -168 2530.0 -1 0 0 0 1 0 0 0 -1 3004.DAT
0 STEP
1 86 50.0 -120 2120.0 0 0 1 0 1 0 -1 0 0 3004.DAT
0 STEP
1 86 250.0 -264 2320.0 0 0 1 0 1 0 -1 0 0 3004.DAT
0 STEP
1 86 100.0 -312 1580.0 0 0 1 0 1 0 -1 0 0 3003.DAT
0 STEP
1 86 290.0 -216 2300.0 0 0 1 0 1 0 -1 0 0 3004.DAT
0 STEP
1 86 70.0 -24 2260.0 0 0 1 0 1 0 -1 0 0 3010.DAT
0 STEP
1 86 120.0 -48 1940.0 0 0 1 0 1 0 -1 0 0 3003.DAT
0 STEP
1 86 290.0 -96 1940.0 0 0 1 0 1 0 -1 0 0 3004.DAT
0 STEP
1 86 310.0 -240 2280.0 0 0 1 0 1 0 -1 0 0 3004.DAT
0 STEP
1 86 40.0 -168 1950.0 -1 0 0 0 1 0 0 0 -1 3010.DAT
0 STEP
1 86 160.0 -360 1520.0 0 0 1 0 1 0 -1 0 0 3003.DAT
0 STEP
1 86 190.0 -216 1360.0 0 0 1 0 1 0 -1 0 0 3010.DAT
0 STEP
1 86 270.0 -120 2000.0 0 0 1 0 1 0 -1 0 0 3004.DAT
0 STEP
1 86 40.0 -192 1570.0 -1 0 0 0 1 0 0 0 -1 3004.DAT
0 STEP
1 86 250.0 -168 1700.0 0 0 1 0 1 0 -1 0 0 3004.DAT
0 STEP
1 86 280.0 -144 1570.0 -1 0 0 0 1 0 0 0 -1 3004.DAT
0 STEP
1 86 220.0 -24 1860.0 0 0 1 0 1 0 -1 0 0 3003.DAT
0 STEP
1 86 150.0 -48 1840.0 0 0 1 0 1 0 -1 0 0 3004.DAT
0 STEP
1 86 190.0 -48 1800.0 0 0 1 0 1 0 -1 0 0 3004.DAT
0 STEP
1 86 40.0 -120 2060.0 0 0 1 0 1 0 -1 0 0 3003.DAT
0 STEP
1 86 300.0 -264 1500.0 0 0 1 0 1 0 -1 0 0 3003.DAT
0 STEP
1 86 270.0 -96 2200.0 0 0 1 0 1 0 -1 0 0 3009.DAT
0 STEP
1 86 100.0 -216 1450.0 -1 0 0 0 1 0 0 0 -1 3004.DAT
0 STEP
1 86 300.0 -72 2290.0 -1 0 0 0 1 0 0 0 -1 3004.DAT
0 STEP
1 86 260.0 -312 1560.0 0 0 1 0 1 0 -1 0 0 3003.DAT
0 STEP
1 86 190.0 -168 820.0 0 0 1 0 1 0 -1 0 0 3010.DAT
0 STEP
1 86 290.0 -168 1600.0 0 0 1 0 1 0 -1 0 0 3010.DAT
0 STEP
1 86 140.0 -168 1120.0 0 0 1 0 1 0 -1 0 0 3003.DAT
0 STEP
1 86 310.0 -264 2020.0 0 0 1 0 1 0 -1 0 0 3010.DAT
0 STEP
1 86 280.0 -240 1960.0 0 0 1 0 1 0 -1 0 0 3003.DAT
0 STEP
1 86 190.0 -144 1220.0 0 0 1 0 1 0 -1 0 0 3010.DAT
0 STEP
1 86 290.0 -168 2100.0 0 0 1 0 1 0 -1 0 0 3009.DAT
0 STEP
1 86 270.0 -48 1860.0 0 0 1 0 1 0 -1 0 0 3004.DAT
0 STEP
1 86 120.0 -336 1870.0 -1 0 0 0 1 0 0 0 -1 3004.DAT
0 STEP
1 86 40.0 -168 2360.0 0 0 1 0 1 0 -1 0 0 3003.DAT
0 STEP
1 86 120.0 -312 1520.0 0 0 1 0 1 0 -1 0 0 3003.DAT
0 STEP
1 86 60.0 -120 2510.0 -1 0 0 0 1 0 0 0 -1 3004.DAT
0 STEP
1 86 200.0 -24 1510.0 -1 0 0 0 1 0 0 0 -1 3010.DAT
0 STEP
1 86 300.0 -240 2390.0 -1 0 0 0 1 0 0 0 -1 3004.DAT
0 STEP
1 86 50.0 -168 2440.0 0 0 1 0 1 0 -1 0 0 3010.DAT
0 STEP
1 86 60.0 -96 1490.0 -1 0 0 0 1 0 0 0 -1 3004.DAT
0 STEP
1 86 310.0 -120 2360.0 0 0 1 0 1 0 -1 0 0 3010.DAT
0 STEP
1 86 310.0 -288 2440.0 0 0 1 0 1 0 -1 0 0 3009.DAT
0 STEP
1 86 50.0 -192 1940.0 0 0 1 0 1 0 -1 0 0 3010.DAT
0 STEP
1 86 220.0 -360 1510.0 -1 0 0 0 1 0 0 0 -1 3004.DAT
0 STEP
1 86 40.0 -216 1990.0 -1 0 0 0 1 0 0 0 -1 3004.DAT
0 STEP
1 86 180.0 -72 1670.0 -1 0 0 0 1 0 0 0 -1 3004.DAT
0 STEP
1 86 40.0 -264 1500.0 0 0 1 0 1 0 -1 0 0 3003.DAT
0 STEP
1 86 100.0 -240 1580.0 0 0 1 0 1 0 -1 0 0 3003.DAT
0 STEP
1 86 320.0 -168 1920.0 0 0 1 0 1 0 -1 0 0 3003.DAT
0 STEP
1 86 190.0 -216 1160.0 0 0 1 0 1 0 -1 0 0 3004.DAT
0 STEP
1 86 140.0 -336 1470.0 -1 0 0 0 1 0 0 0 -1 3010.DAT
0 STEP
1 86 250.0 -144 1760.0 0 0 1 0 1 0 -1 0 0 3010.DAT
0 STEP
1 86 50.0 -192 2220.0 0 0 1 0 1 0 -1 0 0 3009.DAT
0 STEP
1 86 110.0 -144 1600.0 0 0 1 0 1 0 -1 0 0 3004.DAT
0 STEP
1 86 280.0 -48 2110.0 -1 0 0 0 1 0 0 0 -1 3004.DAT
0 STEP
1 86 130.0 0 1940.0 0 0 1 0 1 0 -1 0 0 3004.DAT
0 STEP
1 86 220.0 -216 2550.0 -1 0 0 0 1 0 0 0 -1 3010.DAT
0 STEP
1 86 270.0 -96 2420.0 0 0 1 0 1 0 -1 0 0 3004.DAT
0 STEP
1 86 280.0 -192 1500.0 0 0 1 0 1 0 -1 0 0 3003.DAT
0 STEP
1 86 160.0 -216 750.0 -1 0 0 0 1 0 0 0 -1 3004.DAT
0 STEP
1 86 70.0 -240 1500.0 0 0 1 0 1 0 -1 0 0 3010.DAT
0 STEP
1 86 190.0 -192 580.0 0 0 1 0 1 0 -1 0 0 3010.DAT
0 STEP
1 86 80.0 -312 1510.0 -1 0 0 0 1 0 0 0 -1 3004.DAT
0 STEP
1 86 270.0 -264 2420.0 0 0 1 0 1 0 -1 0 0 3010.DAT
0 STEP
1 86 150.0 -72 1720.0 0 0 1 0 1 0 -1 0 0 3009.DAT
0 STEP
1 86 290.0 -192 2220.0 0 0 1 0 1 0 -1 0 0 3004.DAT
0 STEP
1 86 60.0 -48 2270.0 -1 0 0 0 1 0 0 0 -1 3004.DAT
0 STEP
1 86 40.0 -240 2470.0 -1 0 0 0 1 0 0 0 -1 3004.DAT
0 STEP
1 86 280.0 -216 1500.0 0 0 1 0 1 0 -1 0 0 3003.DAT
0 STEP
1 86 30.0 -216 2520.0 0 0 1 0 1 0 -1 0 0 3004.DAT
0 STEP
1 86 70.0 -240 2060.0 0 0 1 0 1 0 -1 0 0 3009.DAT
0 STEP
1 86 330.0 -144 2260.0 0 0 1 0 1 0 -1 0 0 3004.DAT
0 STEP
1 86 160.0 -288 1500.0 0 0 1 0 1 0 -1 0 0 3003.DAT
0 STEP
1 86 40.0 -288 1530.0 -1 0 0 0 1 0 0 0 -1 3004.DAT
0 STEP
1 86 60.0 -144 1770.0 -1 0 0 0 1 0 0 0 -1 3004.DAT
0 STEP
1 86 50.0 -240 2100.0 0 0 1 0 1 0 -1 0 0 3010.DAT
0 STEP
1 86 130.0 -288 1580.0 0 0 1 0 1 0 -1 0 0 3010.DAT
0 STEP
1 86 240.0 0 1920.0 0 0 1 0 1 0 -1 0 0 3003.DAT
0 STEP
1 86 270.0 -24 2040.0 0 0 1 0 1 0 -1 0 0 3010.DAT
0 STEP
1 86 330.0 -192 1940.0 0 0 1 0 1 0 -1 0 0 3010.DAT
0 STEP
1 86 130.0 -264 1580.0 0 0 1 0 1 0 -1 0 0 3004.DAT
0 STEP
1 86 330.0 -192 2500.0 0 0 1 0 1 0 -1 0 0 3004.DAT
0 STEP
1 86 30.0 -192 1900.0 0 0 1 0 1 0 -1 0 0 3004.DAT
0 STEP
1 86 50.0 -120 1580.0 0 0 1 0 1 0 -1 0 0 3004.DAT
0 STEP
1 86 60.0 -264 1950.0 -1 0 0 0 1 0 0 0 -1 3004.DAT
0 STEP
1 86 210.0 -264 1600.0 0 0 1 0 1 0 -1 0 0 3004.DAT
0 STEP
1 86 70.0 -264 2180.0 0 0 1 0 1 0 -1 0 0 3008.DAT
0 STEP
1 86 50.0 -72 1520.0 0 0 1 0 1 0 -1 0 0 3010.DAT
0 STEP
1 86 60.0 -168 1570.0 -1 0 0 0 1 0 0 0 -1 3010.DAT
0 STEP
1 86 90.0 -168 1640.0 0 0 1 0 1 0 -1 0 0 3010.DAT
0 STEP
1 86 210.0 -72 1880.0 0 0 1 0 1 0 -1 0 0 3004.DAT
0 STEP
1 86 260.0 -48 1950.0 -1 0 0 0 1 0 0 0 -1 3004.DAT
0 STEP
1 86 10.0 -144 2120.0 0 0 1 0 1 0 -1 0 0 3004.DAT
0 STEP
1 86 150.0 -96 1600.0 0 0 1 0 1 0 -1 0 0 3010.DAT
0 STEP
1 86 60.0 -168 1920.0 0 0 1 0 1 0 -1 0 0 3003.DAT
0 STEP
1 86 210.0 -48 1460.0 0 0 1 0 1 0 -1 0 0 3004.DAT
0 STEP
1 86 290.0 -72 2500.0 0 0 1 0 1 0 -1 0 0 3010.DAT
0 STEP
1 86 50.0 -216 2160.0 0 0 1 0 1 0 -1 0 0 3004.DAT
0 STEP
1 86 250.0 -288 2180.0 0 0 1 0 1 0 -1 0 0 3010.DAT
0 STEP
1 86 70.0 -120 1940.0 0 0 1 0 1 0 -1 0 0 3004.DAT
0 STEP
1 86 70.0 -240 1680.0 0 0 1 0 1 0 -1 0 0 3010.DAT
0 STEP
1 86 180.0 -72 1870.0 -1 0 0 0 1 0 0 0 -1 3004.DAT
0 STEP
1 86 170.0 0 1900.0 0 0 1 0 1 0 -1 0 0 3004.DAT
0 STEP
1 86 70.0 -120 2420.0 0 0 1 0 1 0 -1 0 0 3004.DAT
0 STEP
1 86 310.0 -168 1560.0 0 0 1 0 1 0 -1 0 0 3004.DAT
0 STEP
1 86 330.0 -216 2480.0 0 0 1 0 1 0 -1 0 0 3004.DAT
0 STEP
1 86 100.0 -240 2510.0 -1 0 0 0 1 0 0 0 -1 3004.DAT
0 STEP
1 86 40.0 -144 2170.0 -1 0 0 0 1 0 0 0 -1 3010.DAT
0 STEP
1 86 180.0 -216 1420.0 0 0 1 0 1 0 -1 0 0 3003.DAT
0 STEP
1 86 70.0 -120 1720.0 0 0 1 0 1 0 -1 0 0 3009.DAT
0 STEP
1 86 30.0 -144 1920.0 0 0 1 0 1 0 -1 0 0 3004.DAT
0 STEP
1 86 30.0 -240 1900.0 0 0 1 0 1 0 -1 0 0 3004.DAT
0 STEP
1 86 150.0 -192 1380.0 0 0 1 0 1 0 -1 0 0 3010.DAT
0 STEP
1 86 40.0 -144 1960.0 0 0 1 0 1 0 -1 0 0 3003.DAT
0 STEP
1 86 300.0 -72 2070.0 -1 0 0 0 1 0 0 0 -1 3004.DAT
0 STEP
1 86 160.0 -240 1490.0 -1 0 0 0 1 0 0 0 -1 3009.DAT
0 STEP
1 86 10.0 -216 2100.0 0 0 1 0 1 0 -1 0 0 3004.DAT
0 STEP
1 86 90.0 -216 1880.0 0 0 1 0 1 0 -1 0 0 3004.DAT
0 STEP
1 86 80.0 -312 2540.0 0 0 1 0 1 0 -1 0 0 3003.DAT
0 STEP
1 86 90.0 -144 1580.0 0 0 1 0 1 0 -1 0 0 3004.DAT
0 STEP
1 86 50.0 -192 1820.0 0 0 1 0 1 0 -1 0 0 3010.DAT
0 STEP
1 86 280.0 -120 2230.0 -1 0 0 0 1 0 0 0 -1 3004.DAT
0 STEP
1 86 50.0 -144 1820.0 0 0 1 0 1 0 -1 0 0 3010.DAT
0 STEP
1 86 300.0 -240 2160.0 0 0 1 0 1 0 -1 0 0 3003.DAT
0 STEP
1 86 190.0 -192 1240.0 0 0 1 0 1 0 -1 0 0 3010.DAT
0 STEP
1 86 280.0 -288 2110.0 -1 0 0 0 1 0 0 0 -1 3010.DAT
0 STEP
1 86 210.0 -96 1820.0 0 0 1 0 1 0 -1 0 0 3010.DAT
0 STEP
1 86 20.0 -168 1970.0 -1 0 0 0 1 0 0 0 -1 3004.DAT
0 STEP
1 86 320.0 -192 1990.0 -1 0 0 0 1 0 0 0 -1 3004.DAT
0 STEP
1 86 260.0 -264 2370.0 -1 0 0 0 1 0 0 0 -1 3004.DAT
0 STEP
1 86 190.0 -168 600.0 0 0 1 0 1 0 -1 0 0 3009.DAT
0 STEP
1 86 60.0 -96 2330.0 -1 0 0 0 1 0 0 0 -1 3010.DAT
0 STEP
1 86 160.0 -24 2550.0 -1 0 0 0 1 0 0 0 -1 3010.DAT
0 STEP
1 86 250.0 -96 1480.0 0 0 1 0 1 0 -1 0 0 3004.DAT
0 STEP
1 86 160.0 -144 920.0 0 0 1 0 1 0 -1 0 0 3003.DAT
0 STEP
1 86 70.0 -96 1460.0 0 0 1 0 1 0 -1 0 0 3004.DAT
0 STEP
1 86 110.0 -120 1640.0 0 0 1 0 1 0 -1 0 0 3008.DAT
0 STEP
1 86 10.0 -192 2260.0 0 0 1 0 1 0 -1 0 0 3008.DAT
0 STEP
1 86 250.0 -264 2420.0 0 0 1 0 1 0 -1 0 0 3004.DAT
0 STEP
1 86 250.0 -192 1700.0 0 0 1 0 1 0 -1 0 0 3008.DAT
0 STEP
1 86 200.0 -216 1450.0 -1 0 0 0 1 0 0 0 -1 3008.DAT
0 STEP
1 86 270.0 -120 1740.0 0 0 1 0 1 0 -1 0 0 3004.DAT
0 STEP
1 86 30.0 -96 2180.0 0 0 1 0 1 0 -1 0 0 3004.DAT
0 STEP
1 86 300.0 -144 1960.0 0 0 1 0 1 0 -1 0 0 3003.DAT
0 STEP
1 86 150.0 -312 1520.0 0 0 1 0 1 0 -1 0 0 3004.DAT
0 STEP
1 86 80.0 -72 2420.0 0 0 1 0 1 0 -1 0 0 3003.DAT
0 STEP
1 86 260.0 -24 1960.0 0 0 1 0 1 0 -1 0 0 3003.DAT
0 STEP
1 86 120.0 -288 1910.0 -1 0 0 0 1 0 0 0 -1 3004.DAT
0 STEP
1 86 70.0 -120 2300.0 0 0 1 0 1 0 -1 0 0 3008.DAT
0 STEP
1 86 210.0 -336 1500.0 0 0 1 0 1 0 -1 0 0 3004.DAT
0 STEP
1 86 120.0 -96 1650.0 -1 0 0 0 1 0 0 0 -1 3010.DAT
0 STEP
1 86 180.0 -216 560.0 0 0 1 0 1 0 -1 0 0 3003.DAT
0 STEP
1 86 290.0 -144 1680.0 0 0 1 0 1 0 -1 0 0 3008.DAT
0 STEP
1 86 220.0 -48 1530.0 -1 0 0 0 1 0 0 0 -1 3004.DAT
0 STEP
1 86 200.0 -48 1500.0 0 0 1 0 1 0 -1 0 0 3003.DAT
0 STEP
1 86 160.0 -216 1180.0 0 0 1 0 1 0 -1 0 0 3003.DAT
0 STEP
1 86 10.0 -240 2320.0 0 0 1 0 1 0 -1 0 0 3010.DAT
0 STEP
1 86 330.0 -120 2500.0 0 0 1 0 1 0 -1 0 0 3010.DAT
0 STEP
1 86 60.0 -264 1580.0 0 0 1 0 1 0 -1 0 0 3003.DAT
0 STEP
1 86 250.0 -120 1720.0 0 0 1 0 1 0 -1 0 0 3010.DAT
0 STEP
1 86 270.0 -264 1480.0 0 0 1 0 1 0 -1 0 0 3010.DAT
0 STEP
1 86 320.0 -192 2530.0 -1 0 0 0 1 0 0 0 -1 3004.DAT
0 STEP
1 86 300.0 -144 1530.0 -1 0 0 0 1 0 0 0 -1 3010.DAT
0 STEP
1 86 160.0 -336 1550.0 -1 0 0 0 1 0 0 0 -1 3010.DAT
0 STEP
1 86 260.0 -240 2510.0 -1 0 0 0 1 0 0 0 -1 3009.DAT
0 STEP
1 86 160.0 -240 2510.0 -1 0 0 0 1 0 0 0 -1 3004.DAT
0 STEP
1 86 90.0 -120 1520.0 0 0 1 0 1 0 -1 0 0 3010.DAT
0 STEP
1 86 290.0 -288 2480.0 0 0 1 0 1 0 -1 0 0 3004.DAT
0 STEP
1 86 180.0 -312 1610.0 -1 0 0 0 1 0 0 0 -1 3010.DAT
0 STEP
1 86 180.0 -96 1490.0 -1 0 0 0 1 0 0 0 -1 3009.DAT
0 STEP
1 86 200.0 -264 1450.0 -1 0 0 0 1 0 0 0 -1 3009.DAT
0 STEP
1 86 120.0 -48 1600.0 0 0 1 0 1 0 -1 0 0 3003.DAT
0 STEP
1 86 10.0 -168 2240.0 0 0 1 0 1 0 -1 0 0 3008.DAT
0 STEP
1 86 140.0 -336 1580.0 0 0 1 0 1 0 -1 0 0 3003.DAT
0 STEP
1 86 330.0 -192 2020.0 0 0 1 0 1 0 -1 0 0 3004.DAT
0 STEP
1 86 290.0 -144 2060.0 0 0 1 0 1 0 -1 0 0 3008.DAT
0 STEP
1 86 250.0 -72 2080.0 0 0 1 0 1 0 -1 0 0 3010.DAT
0 STEP
1 86 160.0 -48 1460.0 -1 0 0 0 1 0 0 0 -1 3001.DAT
0 STEP
1 86 60.0 -120 1480.0 0 0 1 0 1 0 -1 0 0 3003.DAT
0 STEP
1 86 300.0 -72 2130.0 -1 0 0 0 1 0 0 0 -1 3004.DAT
0 STEP
1 86 40.0 -96 1520.0 0 0 1 0 1 0 -1 0 0 3003.DAT
0 STEP
1 86 40.0 -288 2160.0 0 0 1 0 1 0 -1 0 0 3001.DAT
0 STEP
1 86 100.0 -48 1540.0 -1 0 0 0 1 0 0 0 -1 3001.DAT
0 STEP
1 86 270.0 -240 2480.0 0 0 1 0 1 0 -1 0 0 3004.DAT
0 STEP
1 86 180.0 -168 1490.0 -1 0 0 0 1 0 0 0 -1 3008.DAT
0 STEP
1 86 270.0 -240 2180.0 0 0 1 0 1 0 -1 0 0 3010.DAT
0 STEP
1 86 190.0 -288 1500.0 0 0 1 0 1 0 -1 0 0 3004.DAT
0 STEP
1 86 310.0 -192 1860.0 0 0 1 0 1 0 -1 0 0 3004.DAT
0 STEP
1 86 10.0 -144 2040.0 0 0 1 0 1 0 -1 0 0 3010.DAT
0 STEP
1 86 70.0 -264 1660.0 0 0 1 0 1 0 -1 0 0 3004.DAT
0 STEP
1 86 280.0 -120 2160.0 0 0 1 0 1 0 -1 0 0 3003.DAT
0 STEP
1 86 270.0 -216 1900.0 0 0 1 0 1 0 -1 0 0 3010.DAT
0 STEP
1 86 30.0 -192 1520.0 0 0 1 0 1 0 -1 0 0 3010.DAT
0 STEP
1 86 250.0 -168 1620.0 0 0 1 0 1 0 -1 0 0 3010.DAT
0 STEP
1 86 200.0 -264 1490.0 -1 0 0 0 1 0 0 0 -1 3009.DAT
0 STEP
1 86 280.0 -72 1500.0 0 0 1 0 1 0 -1 0 0 3003.DAT
0 STEP
1 86 250.0 -96 1960.0 0 0 1 0 1 0 -1 0 0 3010.DAT
0 STEP
1 86 300.0 -120 2090.0 -1 0 0 0 1 0 0 0 -1 3004.DAT
0 STEP
1 86 60.0 -216 2550.0 -1 0 0 0 1 0 0 0 -1 3010.DAT
0 STEP
1 86 60.0 -240 2180.0 0 0 1 0 1 0 -1 0 0 3003.DAT
0 STEP
1 86 100.0 -288 1540.0 0 0 1 0 1 0 -1 0 0 3003.DAT
0 STEP
1 86 70.0 -24 2420.0 0 0 1 0 1 0 -1 0 0 3010.DAT
0 STEP
1 86 240.0 -96 1880.0 0 0 1 0 1 0 -1 0 0 3003.DAT
0 STEP
1 86 100.0 -288 1570.0 -1 0 0 0 1 0 0 0 -1 3004.DAT
0 STEP
1 86 60.0 -168 1870.0 -1 0 0 0 1 0 0 0 -1 3010.DAT
0 STEP
1 86 250.0 -144 1600.0 0 0 1 0 1 0 -1 0 0 3010.DAT
0 STEP
1 86 120.0 -264 2550.0 -1 0 0 0 1 0 0 0 -1 3008.DAT
0 STEP
1 86 70.0 -96 2260.0 0 0 1 0 1 0 -1 0 0 3010.DAT
0 STEP
1 86 50.0 -216 2240.0 0 0 1 0 1 0 -1 0 0 3010.DAT
0 STEP
1 86 180.0 0 1520.0 -1 0 0 0 1 0 0 0 -1 3001.DAT
0 STEP
1 86 280.0 -312 2380.0 0 0 1 0 1 0 -1 0 0 3003.DAT
0 STEP
1 86 50.0 -168 1700.0 0 0 1 0 1 0 -1 0 0 3009.DAT
0 STEP
1 86 80.0 -288 1600.0 0 0 1 0 1 0 -1 0 0 3003.DAT
0 STEP
1 86 50.0 -72 2080.0 0 0 1 0 1 0 -1 0 0 3004.DAT
0 STEP
1 86 110.0 -72 1960.0 0 0 1 0 1 0 -1 0 0 3010.DAT
0 STEP
1 86 90.0 -96 1720.0 0 0 1 0 1 0 -1 0 0 3004.DAT
0 STEP
1 86 300.0 -192 1940.0 0 0 1 0 1 0 -1 0 0 3003.DAT
0 STEP
1 86 230.0 -48 1480.0 0 0 1 0 1 0 -1 0 0 3010.DAT
0 STEP
1 86 150.0 -192 1280.0 0 0 1 0 1 0 -1 0 0 3009.DAT
0 STEP
1 86 270.0 -96 1680.0 0 0 1 0 1 0 -1 0 0 3009.DAT
0 STEP
1 86 70.0 -96 1660.0 0 0 1 0 1 0 -1 0 0 3008.DAT
0 STEP
1 86 80.0 -288 1460.0 0 0 1 0 1 0 -1 0 0 3003.DAT
0 STEP
1 86 50.0 -312 1980.0 0 0 1 0 1 0 -1 0 0 3009.DAT
0 STEP
1 86 80.0 -264 1520.0 0 0 1 0 1 0 -1 0 0 3003.DAT
0 STEP
1 86 30.0 -240 2340.0 0 0 1 0 1 0 -1 0 0 3009.DAT
0 STEP
1 86 170.0 -24 1480.0 0 0 1 0 1 0 -1 0 0 3004.DAT
0 STEP
1 86 180.0 -72 1580.0 0 0 1 0 1 0 -1 0 0 3003.DAT
0 STEP
1 86 100.0 -72 1460.0 0 0 1 0 1 0 -1 0 0 3003.DAT
0 STEP
1 86 310.0 -120 1920.0 0 0 1 0 1 0 -1 0 0 3010.DAT
0 STEP
1 86 180.0 -72 1450.0 -1 0 0 0 1 0 0 0 -1 3009.DAT
0 STEP
1 86 40.0 -144 2140.0 0 0 1 0 1 0 -1 0 0 3003.DAT
0 STEP
1 86 130.0 -192 1360.0 0 0 1 0 1 0 -1 0 0 3008.DAT
0 STEP
1 86 310.0 -264 2140.0 0 0 1 0 1 0 -1 0 0 3009.DAT
0 STEP
1 86 20.0 -240 2020.0 0 0 1 0 1 0 -1 0 0 3001.DAT
0 STEP
1 86 120.0 -144 2510.0 -1 0 0 0 1 0 0 0 -1 3010.DAT
0 STEP
1 86 110.0 -72 1520.0 0 0 1 0 1 0 -1 0 0 3010.DAT
0 STEP
1 86 160.0 -264 2510.0 -1 0 0 0 1 0 0 0 -1 3009.DAT
0 STEP
1 86 270.0 -96 1940.0 0 0 1 0 1 0 -1 0 0 3010.DAT
0 STEP
1 86 240.0 -336 1500.0 0 0 1 0 1 0 -1 0 0 3003.DAT
0 STEP
1 86 30.0 -216 1940.0 0 0 1 0 1 0 -1 0 0 3010.DAT
0 STEP
1 86 330.0 -240 2300.0 0 0 1 0 1 0 -1 0 0 3004.DAT
0 STEP
1 86 60.0 -240 1980.0 0 0 1 0 1 0 -1 0 0 3003.DAT
0 STEP
1 86 140.0 -312 2490.0 -1 0 0 0 1 0 0 0 -1 3010.DAT
0 STEP
1 86 250.0 -192 1820.0 0 0 1 0 1 0 -1 0 0 3010.DAT
0 STEP
1 86 180.0 -72 1760.0 0 0 1 0 1 0 -1 0 0 3003.DAT
0 STEP
1 86 280.0 -120 2500.0 0 0 1 0 1 0 -1 0 0 3003.DAT
0 STEP
1 86 70.0 -264 1760.0 0 0 1 0 1 0 -1 0 0 3009.DAT
0 STEP
1 86 270.0 -336 2160.0 0 0 1 0 1 0 -1 0 0 3010.DAT
0 STEP
1 86 80.0 -24 2480.0 0 0 1 0 1 0 -1 0 0 3003.DAT
0 STEP
1 86 140.0 -360 2550.0 -1 0 0 0 1 0 0 0 -1 3004.DAT
0 STEP
1 86 30.0 -168 1520.0 0 0 1 0 1 0 -1 0 0 3010.DAT
0 STEP
1 86 270.0 -264 2280.0 0 0 1 0 1 0 -1 0 0 3008.DAT
0 STEP
1 86 60.0 -72 2460.0 0 0 1 0 1 0 -1 0 0 3003.DAT
0 STEP
1 86 240.0 -72 1920.0 0 0 1 0 1 0 -1 0 0 3003.DAT
0 STEP
1 86 300.0 -288 2520.0 0 0 1 0 1 0 -1 0 0 3003.DAT
0 STEP
1 86 310.0 -216 1540.0 0 0 1 0 1 0 -1 0 0 3010.DAT
0 STEP
1 86 70.0 -168 1520.0 0 0 1 0 1 0 -1 0 0 3010.DAT
0 STEP
1 86 130.0 -96 1580.0 0 0 1 0 1 0 -1 0 0 3010.DAT
0 STEP
1 86 120.0 -192 2510.0 -1 0 0 0 1 0 0 0 -1 3009.DAT
0 STEP
1 86 240.0 -120 1590.0 -1 0 0 0 1 0 0 0 -1 3004.DAT
0 STEP
1 86 60.0 -96 2040.0 -1 0 0 0 1 0 0 0 -1 3001.DAT
0 STEP
1 86 290.0 -168 1780.0 0 0 1 0 1 0 -1 0 0 3009.DAT
0 STEP
1 86 310.0 -120 1540.0 0 0 1 0 1 0 -1 0 0 3004.DAT
0 STEP
1 86 300.0 -72 2100.0 0 0 1 0 1 0 -1 0 0 3003.DAT
0 STEP
1 86 30.0 -96 2400.0 0 0 1 0 1 0 -1 0 0 3009.DAT
0 STEP
1 86 50.0 -168 2040.0 0 0 1 0 1 0 -1 0 0 3008.DAT
0 STEP
1 86 330.0 -168 2100.0 0 0 1 0 1 0 -1 0 0 3008.DAT
0 STEP
1 86 30.0 -120 2360.0 0 0 1 0 1 0 -1 0 0 3009.DAT
0 STEP
1 86 50.0 -192 1640.0 0 0 1 0 1 0 -1 0 0 3009.DAT
0 STEP
1 86 70.0 -96 2480.0 0 0 1 0 1 0 -1 0 0 3010.DAT
0 STEP
1 86 190.0 -144 880.0 0 0 1 0 1 0 -1 0 0 3009.DAT
0 STEP
1 86 270.0 -240 2300.0 0 0 1 0 1 0 -1 0 0 3009.DAT
0 STEP
1 86 220.0 -48 2550.0 -1 0 0 0 1 0 0 0 -1 3010.DAT
0 STEP
1 86 60.0 -48 2240.0 0 0 1 0 1 0 -1 0 0 3003.DAT
0 STEP
1 86 180.0 -48 1920.0 0 0 1 0 1 0 -1 0 0 3003.DAT
0 STEP
1 86 250.0 -288 1620.0 0 0 1 0 1 0 -1 0 0 3010.DAT
0 STEP
1 86 40.0 -96 2300.0 0 0 1 0 1 0 -1 0 0 3003.DAT
0 STEP
1 86 310.0 -72 2000.0 0 0 1 0 1 0 -1 0 0 3010.DAT
0 STEP
1 86 50.0 -192 2080.0 0 0 1 0 1 0 -1 0 0 3008.DAT
0 STEP
1 86 290.0 -216 2200.0 0 0 1 0 1 0 -1 0 0 3009.DAT
0 STEP
1 86 140.0 -192 600.0 0 0 1 0 1 0 -1 0 0 2456.DAT
0 STEP
1 86 50.0 -264 1900.0 0 0 1 0 1 0 -1 0 0 3010.DAT
0 STEP
1 86 250.0 -240 1880.0 0 0 1 0 1 0 -1 0 0 3004.DAT
0 STEP
1 86 60.0 -288 1560.0 0 0 1 0 1 0 -1 0 0 3003.DAT
0 STEP
1 86 280.0 -288 1900.0 0 0 1 0 1 0 -1 0 0 3003.DAT
0 STEP
1 86 60.0 -216 1940.0 0 0 1 0 1 0 -1 0 0 3003.DAT
0 STEP
1 86 60.0 -264 1550.0 -1 0 0 0 1 0 0 0 -1 3010.DAT
0 STEP
1 86 300.0 -120 2110.0 -1 0 0 0 1 0 0 0 -1 3010.DAT
0 STEP
1 86 250.0 -216 1640.0 0 0 1 0 1 0 -1 0 0 3009.DAT
0 STEP
1 86 80.0 -264 1920.0 0 0 1 0 1 0 -1 0 0 3003.DAT
0 STEP
1 86 30.0 -120 2220.0 0 0 1 0 1 0 -1 0 0 3008.DAT
0 STEP
1 86 80.0 -72 2040.0 -1 0 0 0 1 0 0 0 -1 3001.DAT
0 STEP
1 86 220.0 -96 1700.0 0 0 1 0 1 0 -1 0 0 3003.DAT
0 STEP
1 86 140.0 -168 620.0 0 0 1 0 1 0 -1 0 0 3003.DAT
0 STEP
1 86 140.0 -24 1590.0 -1 0 0 0 1 0 0 0 -1 3004.DAT
0 STEP
1 86 10.0 -192 2000.0 0 0 1 0 1 0 -1 0 0 3010.DAT
0 STEP
1 86 290.0 -216 1620.0 0 0 1 0 1 0 -1 0 0 3010.DAT
0 STEP
1 86 80.0 -96 2550.0 -1 0 0 0 1 0 0 0 -1 3009.DAT
0 STEP
1 86 270.0 -48 1520.0 0 0 1 0 1 0 -1 0 0 3010.DAT
0 STEP
1 86 50.0 -48 2420.0 0 0 1 0 1 0 -1 0 0 3009.DAT
0 STEP
1 86 160.0 -24 1890.0 -1 0 0 0 1 0 0 0 -1 3008.DAT
0 STEP
1 86 30.0 -264 2100.0 0 0 1 0 1 0 -1 0 0 3010.DAT
0 STEP
1 86 290.0 -192 2440.0 0 0 1 0 1 0 -1 0 0 3009.DAT
0 STEP
1 86 50.0 -288 1940.0 0 0 1 0 1 0 -1 0 0 3009.DAT
0 STEP
1 86 310.0 -96 2060.0 0 0 1 0 1 0 -1 0 0 3008.DAT
0 STEP
1 86 100.0 -72 1600.0 0 0 1 0 1 0 -1 0 0 3003.DAT
0 STEP
1 86 180.0 -216 640.0 0 0 1 0 1 0 -1 0 0 3001.DAT
0 STEP
1 86 100.0 -48 2550.0 -1 0 0 0 1 0 0 0 -1 3009.DAT
0 STEP
1 86 330.0 -216 2220.0 0 0 1 0 1 0 -1 0 0 3008.DAT
0 STEP
1 86 120.0 -216 2510.0 -1 0 0 0 1 0 0 0 -1 3008.DAT
0 STEP
1 86 240.0 -216 2510.0 -1 0 0 0 1 0 0 0 -1 3010.DAT
0 STEP
1 86 290.0 -48 2480.0 0 0 1 0 1 0 -1 0 0 3009.DAT
0 STEP
1 86 300.0 -240 2370.0 -1 0 0 0 1 0 0 0 -1 3010.DAT
0 STEP
1 86 50.0 -168 2300.0 0 0 1 0 1 0 -1 0 0 3010.DAT
0 STEP
1 86 180.0 -360 1550.0 -1 0 0 0 1 0 0 0 -1 3009.DAT
0 STEP
1 86 330.0 -168 2340.0 0 0 1 0 1 0 -1 0 0 3010.DAT
0 STEP
1 86 90.0 -192 1700.0 0 0 1 0 1 0 -1 0 0 3008.DAT
0 STEP
1 86 190.0 -192 1140.0 0 0 1 0 1 0 -1 0 0 3010.DAT
0 STEP
1 86 290.0 -216 1740.0 0 0 1 0 1 0 -1 0 0 3008.DAT
0 STEP
1 86 80.0 -144 1620.0 0 0 1 0 1 0 -1 0 0 3003.DAT
0 STEP
1 86 260.0 -120 1810.0 -1 0 0 0 1 0 0 0 -1 3010.DAT
0 STEP
1 86 220.0 -288 1450.0 -1 0 0 0 1 0 0 0 -1 3010.DAT
0 STEP
1 86 320.0 -240 2200.0 0 0 1 0 1 0 -1 0 0 3003.DAT
0 STEP
1 86 320.0 -240 2080.0 0 0 1 0 1 0 -1 0 0 3001.DAT
0 STEP
1 86 250.0 -48 1500.0 0 0 1 0 1 0 -1 0 0 3010.DAT
0 STEP
1 86 290.0 -168 1960.0 0 0 1 0 1 0 -1 0 0 3009.DAT
0 STEP
1 86 30.0 -264 2500.0 0 0 1 0 1 0 -1 0 0 3009.DAT
0 STEP
1 86 20.0 -168 1930.0 -1 0 0 0 1 0 0 0 -1 3004.DAT
0 STEP
1 86 260.0 -264 2500.0 0 0 1 0 1 0 -1 0 0 3003.DAT
0 STEP
1 86 190.0 -168 1300.0 0 0 1 0 1 0 -1 0 0 3008.DAT
0 STEP
1 86 280.0 -120 2260.0 0 0 1 0 1 0 -1 0 0 3003.DAT
0 STEP
1 86 300.0 -72 2400.0 0 0 1 0 1 0 -1 0 0 3001.DAT
0 STEP
1 86 260.0 -72 2550.0 -1 0 0 0 1 0 0 0 -1 3010.DAT
0 STEP
1 86 220.0 -144 2510.0 -1 0 0 0 1 0 0 0 -1 3009.DAT
0 STEP
1 86 160.0 -216 1260.0 0 0 1 0 1 0 -1 0 0 3001.DAT
0 STEP
1 86 60.0 -144 1580.0 0 0 1 0 1 0 -1 0 0 3003.DAT
0 STEP
1 86 180.0 -216 1490.0 -1 0 0 0 1 0 0 0 -1 3008.DAT
0 STEP
1 86 100.0 -168 2550.0 -1 0 0 0 1 0 0 0 -1 3008.DAT
0 STEP
1 86 220.0 -96 2550.0 -1 0 0 0 1 0 0 0 -1 3009.DAT
0 STEP
1 86 280.0 -96 2480.0 0 0 1 0 1 0 -1 0 0 3003.DAT
0 STEP
1 86 160.0 -144 660.0 0 0 1 0 1 0 -1 0 0 2456.DAT
0 STEP
1 86 120.0 -288 2550.0 -1 0 0 0 1 0 0 0 -1 3008.DAT
0 STEP
1 86 40.0 -264 1980.0 0 0 1 0 1 0 -1 0 0 3003.DAT
0 STEP
1 86 100.0 -144 1680.0 0 0 1 0 1 0 -1 0 0 3001.DAT
0 STEP
1 86 290.0 -144 1840.0 0 0 1 0 1 0 -1 0 0 3008.DAT
0 STEP
1 86 40.0 -144 2060.0 0 0 1 0 1 0 -1 0 0 2456.DAT
0 STEP
1 86 20.0 -240 2120.0 0 0 1 0 1 0 -1 0 0 3001.DAT
0 STEP
1 86 140.0 -192 740.0 0 0 1 0 1 0 -1 0 0 3003.DAT
0 STEP
1 86 240.0 -144 2550.0 -1 0 0 0 1 0 0 0 -1 3008.DAT
0 STEP
1 86 10.0 -216 2260.0 0 0 1 0 1 0 -1 0 0 3008.DAT
0 STEP
1 86 60.0 -120 2000.0 0 0 1 0 1 0 -1 0 0 3001.DAT
0 STEP
1 86 50.0 -216 1820.0 0 0 1 0 1 0 -1 0 0 3010.DAT
0 STEP
1 86 100.0 -240 2550.0 -1 0 0 0 1 0 0 0 -1 3009.DAT
0 STEP
1 86 40.0 -192 2400.0 0 0 1 0 1 0 -1 0 0 2456.DAT
0 STEP
1 86 250.0 -96 2200.0 0 0 1 0 1 0 -1 0 0 3010.DAT
0 STEP
1 86 20.0 -192 1940.0 0 0 1 0 1 0 -1 0 0 3003.DAT
0 STEP
1 86 180.0 0 1550.0 -1 0 0 0 1 0 0 0 -1 3010.DAT
0 STEP
1 86 90.0 -168 1740.0 0 0 1 0 1 0 -1 0 0 3009.DAT
0 STEP
1 86 330.0 -192 2380.0 0 0 1 0 1 0 -1 0 0 3008.DAT
0 STEP
1 86 160.0 -24 1840.0 0 0 1 0 1 0 -1 0 0 3003.DAT
0 STEP
1 86 50.0 -72 2180.0 0 0 1 0 1 0 -1 0 0 3008.DAT
0 STEP
1 86 140.0 -48 1900.0 0 0 1 0 1 0 -1 0 0 3003.DAT
0 STEP
1 86 150.0 -216 820.0 0 0 1 0 1 0 -1 0 0 3010.DAT
0 STEP
1 86 180.0 -144 1300.0 0 0 1 0 1 0 -1 0 0 3003.DAT
0 STEP
1 86 330.0 -216 2380.0 0 0 1 0 1 0 -1 0 0 3009.DAT
0 STEP
1 86 280.0 -120 2340.0 0 0 1 0 1 0 -1 0 0 2456.DAT
0 STEP
1 86 240.0 -96 1850.0 -1 0 0 0 1 0 0 0 -1 3004.DAT
0 STEP
1 86 290.0 -192 1600.0 0 0 1 0 1 0 -1 0 0 3010.DAT
0 STEP
1 86 60.0 -48 2320.0 0 0 1 0 1 0 -1 0 0 3001.DAT
0 STEP
1 86 40.0 -264 1530.0 -1 0 0 0 1 0 0 0 -1 3004.DAT
0 STEP
1 86 250.0 -168 1800.0 0 0 1 0 1 0 -1 0 0 3009.DAT
0 STEP
1 86 290.0 -144 2400.0 0 0 1 0 1 0 -1 0 0 3009.DAT
0 STEP
1 86 80.0 -96 1560.0 -1 0 0 0 1 0 0 0 -1 3001.DAT
0 STEP
1 86 70.0 -240 1920.0 0 0 1 0 1 0 -1 0 0 3010.DAT
0 STEP
1 86 270.0 -336 2400.0 0 0 1 0 1 0 -1 0 0 3010.DAT
0 STEP
1 86 40.0 -168 2220.0 0 0 1 0 1 0 -1 0 0 3003.DAT
0 STEP
1 86 260.0 -96 2040.0 0 0 1 0 1 0 -1 0 0 3001.DAT
0 STEP
1 86 60.0 -48 2520.0 0 0 1 0 1 0 -1 0 0 3003.DAT
0 STEP
1 86 40.0 -96 1960.0 0 0 1 0 1 0 -1 0 0 2456.DAT
0 STEP
1 86 330.0 -120 2040.0 0 0 1 0 1 0 -1 0 0 3009.DAT
0 STEP
1 86 80.0 -120 1580.0 0 0 1 0 1 0 -1 0 0 3003.DAT
0 STEP
1 86 160.0 -216 1360.0 0 0 1 0 1 0 -1 0 0 3001.DAT
0 STEP
1 86 290.0 -168 2300.0 0 0 1 0 1 0 -1 0 0 3009.DAT
0 STEP
1 86 310.0 -240 1520.0 0 0 1 0 1 0 -1 0 0 3010.DAT
0 STEP
1 86 30.0 -264 2320.0 0 0 1 0 1 0 -1 0 0 3010.DAT
0 STEP
1 86 290.0 -192 1700.0 0 0 1 0 1 0 -1 0 0 3010.DAT
0 STEP
1 86 180.0 -192 1490.0 -1 0 0 0 1 0 0 0 -1 3008.DAT
0 STEP
1 86 190.0 -192 680.0 0 0 1 0 1 0 -1 0 0 3009.DAT
0 STEP
1 86 150.0 -168 1200.0 0 0 1 0 1 0 -1 0 0 3010.DAT
0 STEP
1 86 140.0 -168 820.0 0 0 1 0 1 0 -1 0 0 3001.DAT
0 STEP
1 86 140.0 -312 2460.0 -1 0 0 0 1 0 0 0 -1 3001.DAT
0 STEP
1 86 250.0 -216 1780.0 0 0 1 0 1 0 -1 0 0 3008.DAT
0 STEP
1 86 200.0 -168 2510.0 -1 0 0 0 1 0 0 0 -1 3008.DAT
0 STEP
1 86 60.0 -144 1880.0 -1 0 0 0 1 0 0 0 -1 3001.DAT
0 STEP
1 86 200.0 -48 1760.0 -1 0 0 0 1 0 0 0 -1 2456.DAT
0 STEP
1 86 330.0 -168 1980.0 0 0 1 0 1 0 -1 0 0 3010.DAT
0 STEP
1 86 50.0 -96 2240.0 0 0 1 0 1 0 -1 0 0 3010.DAT
0 STEP
1 86 80.0 -72 2550.0 -1 0 0 0 1 0 0 0 -1 3009.DAT
0 STEP
1 86 290.0 -144 2240.0 0 0 1 0 1 0 -1 0 0 3008.DAT
0 STEP
1 86 110.0 -288 1960.0 0 0 1 0 1 0 -1 0 0 3010.DAT
0 STEP
1 86 180.0 -120 1490.0 -1 0 0 0 1 0 0 0 -1 3008.DAT
0 STEP
1 86 70.0 -144 1520.0 0 0 1 0 1 0 -1 0 0 3004.DAT
0 STEP
1 86 30.0 -240 1520.0 0 0 1 0 1 0 -1 0 0 3010.DAT
0 STEP
1 86 200.0 -312 1460.0 -1 0 0 0 1 0 0 0 -1 3001.DAT
0 STEP
1 86 190.0 -192 1360.0 0 0 1 0 1 0 -1 0 0 3009.DAT
0 STEP
1 86 230.0 -336 1560.0 0 0 1 0 1 0 -1 0 0 3010.DAT
0 STEP
1 86 160.0 -144 1240.0 0 0 1 0 1 0 -1 0 0 3001.DAT
0 STEP
1 86 180.0 -336 1860.0 0 0 1 0 1 0 -1 0 0 3003.DAT
0 STEP
1 86 190.0 -144 740.0 0 0 1 0 1 0 -1 0 0 3009.DAT
0 STEP
1 86 260.0 -120 1660.0 -1 0 0 0 1 0 0 0 -1 3001.DAT
0 STEP
1 86 290.0 -48 2020.0 0 0 1 0 1 0 -1 0 0 3008.DAT
0 STEP
1 86 250.0 -240 1740.0 0 0 1 0 1 0 -1 0 0 3010.DAT
0 STEP
1 86 120.0 -96 1720.0 0 0 1 0 1 0 -1 0 0 3003.DAT
0 STEP
1 86 150.0 -216 640.0 0 0 1 0 1 0 -1 0 0 3010.DAT
0 STEP
1 86 60.0 -120 1900.0 -1 0 0 0 1 0 0 0 -1 3001.DAT
0 STEP
1 86 30.0 -144 2340.0 0 0 1 0 1 0 -1 0 0 3010.DAT
0 STEP
1 86 260.0 -312 1480.0 0 0 1 0 1 0 -1 0 0 3003.DAT
0 STEP
1 86 80.0 -288 2160.0 0 0 1 0 1 0 -1 0 0 3003.DAT
0 STEP
1 86 250.0 -240 1600.0 0 0 1 0 1 0 -1 0 0 3010.DAT
0 STEP
1 86 260.0 -264 1920.0 0 0 1 0 1 0 -1 0 0 3003.DAT
0 STEP
1 86 330.0 -216 2060.0 0 0 1 0 1 0 -1 0 0 3008.DAT
0 STEP
1 86 310.0 -240 1940.0 0 0 1 0 1 0 -1 0 0 3010.DAT
0 STEP
1 86 140.0 -336 1500.0 -1 0 0 0 1 0 0 0 -1 2456.DAT
0 STEP
1 86 240.0 -288 1500.0 -1 0 0 0 1 0 0 0 -1 3001.DAT
0 STEP
1 86 60.0 -72 1940.0 0 0 1 0 1 0 -1 0 0 3001.DAT
0 STEP
1 86 290.0 -216 2420.0 0 0 1 0 1 0 -1 0 0 3008.DAT
0 STEP
1 86 240.0 -240 1660.0 0 0 1 0 1 0 -1 0 0 3003.DAT
0 STEP
1 86 120.0 -24 1560.0 0 0 1 0 1 0 -1 0 0 3003.DAT
0 STEP
1 86 250.0 -336 1880.0 0 0 1 0 1 0 -1 0 0 3004.DAT
0 STEP
1 86 100.0 -24 1940.0 0 0 1 0 1 0 -1 0 0 3001.DAT
0 STEP
1 86 280.0 -240 2550.0 -1 0 0 0 1 0 0 0 -1 3010.DAT
0 STEP
1 86 40.0 -144 2240.0 0 0 1 0 1 0 -1 0 0 2456.DAT
0 STEP
1 86 280.0 -264 1600.0 0 0 1 0 1 0 -1 0 0 3003.DAT
0 STEP
1 86 280.0 -120 1700.0 0 0 1 0 1 0 -1 0 0 3003.DAT
0 STEP
1 86 280.0 -96 1840.0 0 0 1 0 1 0 -1 0 0 3001.DAT
0 STEP
1 86 100.0 -312 1940.0 0 0 1 0 1 0 -1 0 0 3003.DAT
0 STEP
1 86 330.0 -144 2140.0 0 0 1 0 1 0 -1 0 0 3008.DAT
0 STEP
1 86 310.0 -96 2220.0 0 0 1 0 1 0 -1 0 0 3008.DAT
0 STEP
1 86 240.0 -192 1450.0 -1 0 0 0 1 0 0 0 -1 3009.DAT
0 STEP
1 86 60.0 -96 2380.0 0 0 1 0 1 0 -1 0 0 3001.DAT
0 STEP
1 86 290.0 -168 2480.0 0 0 1 0 1 0 -1 0 0 3010.DAT
0 STEP
1 86 330.0 -168 2460.0 0 0 1 0 1 0 -1 0 0 3009.DAT
0 STEP
1 86 140.0 -192 1140.0 0 0 1 0 1 0 -1 0 0 2456.DAT
0 STEP
1 86 280.0 -120 2550.0 -1 0 0 0 1 0 0 0 -1 3010.DAT
0 STEP
1 86 290.0 -240 1660.0 0 0 1 0 1 0 -1 0 0 3008.DAT
0 STEP
1 86 140.0 -240 1450.0 -1 0 0 0 1 0 0 0 -1 3009.DAT
0 STEP
1 86 260.0 -96 2320.0 0 0 1 0 1 0 -1 0 0 2456.DAT
0 STEP
1 86 190.0 -168 1120.0 0 0 1 0 1 0 -1 0 0 3008.DAT
0 STEP
1 86 50.0 -72 2320.0 0 0 1 0 1 0 -1 0 0 3009.DAT
0 STEP
1 86 70.0 -48 2420.0 0 0 1 0 1 0 -1 0 0 3010.DAT
0 STEP
1 86 60.0 -48 2140.0 0 0 1 0 1 0 -1 0 0 2456.DAT
0 STEP
1 86 180.0 -192 2550.0 -1 0 0 0 1 0 0 0 -1 3008.DAT
0 STEP
1 86 160.0 -144 840.0 0 0 1 0 1 0 -1 0 0 3001.DAT
0 STEP
1 86 180.0 -144 1490.0 -1 0 0 0 1 0 0 0 -1 3008.DAT
0 STEP
1 86 160.0 -216 700.0 0 0 1 0 1 0 -1 0 0 3003.DAT
0 STEP
1 86 60.0 -144 2360.0 0 0 1 0 1 0 -1 0 0 3001.DAT
0 STEP
1 86 280.0 -264 1680.0 0 0 1 0 1 0 -1 0 0 2456.DAT
0 STEP
1 86 10.0 -168 2060.0 0 0 1 0 1 0 -1 0 0 3008.DAT
0 STEP
1 86 300.0 -120 2020.0 0 0 1 0 1 0 -1 0 0 2456.DAT
0 STEP
1 86 60.0 -312 2120.0 0 0 1 0 1 0 -1 0 0 2456.DAT
0 STEP
1 86 100.0 -216 1660.0 0 0 1 0 1 0 -1 0 0 2456.DAT
0 STEP
1 86 160.0 -144 760.0 0 0 1 0 1 0 -1 0 0 3003.DAT
0 STEP
1 86 280.0 -312 2440.0 0 0 1 0 1 0 -1 0 0 3003.DAT
0 STEP
1 86 240.0 -72 1560.0 0 0 1 0 1 0 -1 0 0 3003.DAT
0 STEP
1 86 190.0 -168 720.0 0 0 1 0 1 0 -1 0 0 3009.DAT
0 STEP
1 86 140.0 -336 1890.0 -1 0 0 0 1 0 0 0 -1 3009.DAT
0 STEP
1 86 40.0 -144 2460.0 0 0 1 0 1 0 -1 0 0 2456.DAT
0 STEP
1 86 40.0 -216 2440.0 0 0 1 0 1 0 -1 0 0 3001.DAT
0 STEP
1 86 60.0 -192 2550.0 -1 0 0 0 1 0 0 0 -1 3010.DAT
0 STEP
1 86 90.0 -336 2460.0 0 0 1 0 1 0 -1 0 0 3008.DAT
0 STEP
1 86 150.0 -288 1850.0 0 0 1 0 1 0 -1 0 0 3005.DAT
0 STEP
1 86 190.0 -288 1850.0 0 0 1 0 1 0 -1 0 0 3005.DAT
0 STEP
1 86 250.0 -264 1870.0 0 0 1 0 1 0 -1 0 0 3005.DAT
0 STEP
1 86 270.0 -288 1810.0 0 0 1 0 1 0 -1 0 0 3005.DAT
0 STEP
1 86 230.0 -264 1750.0 0 0 1 0 1 0 -1 0 0 3005.DAT
0 STEP
1 86 50.0 -264 1850.0 0 0 1 0 1 0 -1 0 0 3005.DAT
0 STEP
1 86 130.0 -264 1870.0 0 0 1 0 1 0 -1 0 0 3005.DAT
0 STEP
1 86 230.0 -240 1750.0 0 0 1 0 1 0 -1 0 0 3005.DAT
0 STEP
1 86 210.0 -288 1890.0 0 0 1 0 1 0 -1 0 0 3005.DAT
0 STEP
1 86 270.0 -288 1850.0 0 0 1 0 1 0 -1 0 0 3005.DAT
0 STEP
1 86 190.0 -312 1830.0 0 0 1 0 1 0 -1 0 0 3005.DAT
0 STEP
1 86 170.0 -312 1770.0 0 0 1 0 1 0 -1 0 0 3005.DAT
0 STEP
1 86 190.0 -288 1790.0 0 0 1 0 1 0 -1 0 0 3005.DAT
0 STEP
1 86 240.0 -288 1810.0 -1 0 0 0 1 0 0 0 -1 3004.DAT
0 STEP
1 86 220.0 -264 1870.0 -1 0 0 0 1 0 0 0 -1 3004.DAT
0 STEP
1 86 210.0 -288 1800.0 0 0 1 0 1 0 -1 0 0 3004.DAT
0 STEP
1 86 250.0 -240 1820.0 0 0 1 0 1 0 -1 0 0 3004.DAT
0 STEP
1 86 100.0 -264 1870.0 -1 0 0 0 1 0 0 0 -1 3004.DAT
0 STEP
1 86 190.0 -288 1820.0 0 0 1 0 1 0 -1 0 0 3004.DAT
0 STEP
1 86 210.0 -288 1860.0 0 0 1 0 1 0 -1 0 0 3004.DAT
0 STEP
1 86 70.0 -264 1860.0 0 0 1 0 1 0 -1 0 0 3004.DAT
0 STEP
1 86 120.0 -288 1850.0 -1 0 0 0 1 0 0 0 -1 3004.DAT
0 STEP
1 86 280.0 -288 1870.0 -1 0 0 0 1 0 0 0 -1 3004.DAT
0 STEP
1 86 240.0 -240 1690.0 -1 0 0 0 1 0 0 0 -1 3004.DAT
0 STEP
1 86 260.0 -288 1710.0 -1 0 0 0 1 0 0 0 -1 3004.DAT
0 STEP
1 86 220.0 -288 1750.0 -1 0 0 0 1 0 0 0 -1 3004.DAT
0 STEP
1 86 220.0 -312 1850.0 -1 0 0 0 1 0 0 0 -1 3010.DAT
0 STEP
1 86 230.0 -240 1720.0 0 0 1 0 1 0 -1 0 0 3004.DAT
0 STEP
1 86 230.0 -288 1780.0 0 0 1 0 1 0 -1 0 0 3004.DAT
0 STEP
1 86 240.0 -288 1890.0 -1 0 0 0 1 0 0 0 -1 3004.DAT
0 STEP
1 86 260.0 -312 1900.0 0 0 1 0 1 0 -1 0 0 3003.DAT
0 STEP
1 86 270.0 -264 1880.0 0 0 1 0 1 0 -1 0 0 3004.DAT
0 STEP
1 86 90.0 -288 1720.0 0 0 1 0 1 0 -1 0 0 3008.DAT
0 STEP
1 86 280.0 -264 1830.0 -1 0 0 0 1 0 0 0 -1 3004.DAT
0 STEP
1 86 240.0 -288 1830.0 -1 0 0 0 1 0 0 0 -1 3010.DAT
0 STEP
1 86 230.0 -264 1660.0 0 0 1 0 1 0 -1 0 0 3008.DAT
0 STEP
1 86 220.0 -312 1830.0 -1 0 0 0 1 0 0 0 -1 3004.DAT
0 STEP
1 86 260.0 -312 1870.0 -1 0 0 0 1 0 0 0 -1 3004.DAT
0 STEP
1 86 260.0 -288 1760.0 0 0 1 0 1 0 -1 0 0 3001.DAT
0 STEP
1 86 230.0 -240 1800.0 0 0 1 0 1 0 -1 0 0 3010.DAT
0 STEP
1 86 280.0 -264 1780.0 0 0 1 0 1 0 -1 0 0 3001.DAT
0 STEP
1 86 210.0 -264 1700.0 0 0 1 0 1 0 -1 0 0 3009.DAT
0 STEP
1 86 290.0 -264 1880.0 0 0 1 0 1 0 -1 0 0 3010.DAT
0 STEP
1 86 140.0 -312 1840.0 -1 0 0 0 1 0 0 0 -1 3001.DAT
0 STEP
1 86 240.0 -288 1860.0 0 0 1 0 1 0 -1 0 0 3003.DAT
0 STEP
1 86 140.0 -312 1810.0 -1 0 0 0 1 0 0 0 -1 3004.DAT
0 STEP
1 86 200.0 -312 1800.0 -1 0 0 0 1 0 0 0 -1 3001.DAT
0 STEP
1 86 240.0 -264 1850.0 -1 0 0 0 1 0 0 0 -1 3010.DAT
0 STEP
1 86 220.0 -264 1800.0 0 0 1 0 1 0 -1 0 0 3001.DAT
0 STEP
1 86 140.0 -288 1880.0 -1 0 0 0 1 0 0 0 -1 2456.DAT
0 STEP
1 86 90.0 -48 2050.0 0 0 1 0 1 0 -1 0 0 3005.DAT
0 STEP
1 86 70.0 -72 2070.0 0 0 1 0 1 0 -1 0 0 3005.DAT
0 STEP
1 86 110.0 -48 2010.0 0 0 1 0 1 0 -1 0 0 3005.DAT
0 STEP
1 86 110.0 -24 2100.0 0 0 1 0 1 0 -1 0 0 3004.DAT
0 STEP
1 86 60.0 -96 2130.0 -1 0 0 0 1 0 0 0 -1 3004.DAT
0 STEP
1 86 90.0 -48 2020.0 0 0 1 0 1 0 -1 0 0 3004.DAT
0 STEP
1 86 100.0 -72 2070.0 -1 0 0 0 1 0 0 0 -1 3004.DAT
0 STEP
1 86 90.0 -72 2240.0 0 0 1 0 1 0 -1 0 0 3010.DAT
0 STEP
1 86 60.0 -96 2160.0 0 0 1 0 1 0 -1 0 0 3003.DAT
0 STEP
1 86 60.0 -96 2100.0 0 0 1 0 1 0 -1 0 0 3003.DAT
0 STEP
1 86 60.0 -96 2070.0 -1 0 0 0 1 0 0 0 -1 3010.DAT
0 STEP
1 86 100.0 -24 2020.0 0 0 1 0 1 0 -1 0 0 3001.DAT
0 STEP
1 86 290.0 -72 2230.0 0 0 1 0 1 0 -1 0 0 3005.DAT
0 STEP
1 86 310.0 -72 2270.0 0 0 1 0 1 0 -1 0 0 3005.DAT
0 STEP
1 86 290.0 -72 2260.0 0 0 1 0 1 0 -1 0 0 3004.DAT
0 STEP
1 86 310.0 -72 2240.0 0 0 1 0 1 0 -1 0 0 3004.DAT
0 STEP
1 86 270.0 -24 2260.0 0 0 1 0 1 0 -1 0 0 3009.DAT
0 STEP
1 86 300.0 -72 2180.0 0 0 1 0 1 0 -1 0 0 3001.DAT
0 STEP
1 86 270.0 -336 2110.0 0 0 1 0 1 0 -1 0 0 3005.DAT
0 STEP
1 86 250.0 -336 2160.0 0 0 1 0 1 0 -1 0 0 3009.DAT
0 STEP
1 86 150.0 -72 2510.0 0 0 1 0 1 0 -1 0 0 3005.DAT
0 STEP
1 86 250.0 -72 2510.0 0 0 1 0 1 0 -1 0 0 3005.DAT
0 STEP
1 86 230.0 -48 2500.0 0 0 1 0 1 0 -1 0 0 3004.DAT
0 STEP
1 86 270.0 -48 2460.0 0 0 1 0 1 0 -1 0 0 3004.DAT
0 STEP
1 86 100.0 -72 2470.0 -1 0 0 0 1 0 0 0 -1 3004.DAT
0 STEP
1 86 200.0 -72 2510.0 -1 0 0 0 1 0 0 0 -1 3010.DAT
0 STEP
1 86 80.0 -72 2490.0 -1 0 0 0 1 0 0 0 -1 3010.DAT
0 STEP
1 86 100.0 -24 2520.0 0 0 1 0 1 0 -1 0 0 3003.DAT
0 STEP
1 86 100.0 -72 2510.0 -1 0 0 0 1 0 0 0 -1 3010.DAT
0 STEP
1 86 200.0 -48 2510.0 -1 0 0 0 1 0 0 0 -1 3004.DAT
0 STEP
1 86 160.0 -48 2480.0 0 0 1 0 1 0 -1 0 0 3001.DAT
0 STEP
1 86 250.0 -72 2420.0 0 0 1 0 1 0 -1 0 0 3008.DAT
0 STEP
1 86 160.0 -96 2510.0 -1 0 0 0 1 0 0 0 -1 3008.DAT
0 STEP
1 86 260.0 -48 2500.0 0 0 1 0 1 0 -1 0 0 3003.DAT
0 STEP
1 86 100.0 -336 2130.0 -1 0 0 0 1 0 0 0 -1 3004.DAT
0 STEP
1 86 120.0 -312 2070.0 -1 0 0 0 1 0 0 0 -1 3004.DAT
0 STEP
1 86 100.0 -336 2100.0 0 0 1 0 1 0 -1 0 0 3003.DAT
0 STEP
1 86 70.0 -24 2370.0 0 0 1 0 1 0 -1 0 0 3005.DAT
0 STEP
1 86 70.0 -24 2340.0 0 0 1 0 1 0 -1 0 0 3004.DAT
0 STEP
1 86 50.0 -240 2290.0 0 0 1 0 1 0 -1 0 0 3005.DAT
0 STEP
1 86 90.0 -264 2470.0 0 0 1 0 1 0 -1 0 0 3005.DAT
0 STEP
1 86 90.0 -264 2410.0 0 0 1 0 1 0 -1 0 0 3005.DAT
0 STEP
1 86 50.0 -288 2430.0 0 0 1 0 1 0 -1 0 0 3005.DAT
0 STEP
1 86 70.0 -264 2370.0 0 0 1 0 1 0 -1 0 0 3005.DAT
0 STEP
1 86 70.0 -264 2430.0 0 0 1 0 1 0 -1 0 0 3005.DAT
0 STEP
1 86 70.0 -264 2310.0 0 0 1 0 1 0 -1 0 0 3005.DAT
0 STEP
1 86 70.0 -264 2400.0 0 0 1 0 1 0 -1 0 0 3004.DAT
0 STEP
1 86 60.0 -240 2310.0 -1 0 0 0 1 0 0 0 -1 3004.DAT
0 STEP
1 86 70.0 -264 2340.0 0 0 1 0 1 0 -1 0 0 3004.DAT
0 STEP
1 86 70.0 -264 2460.0 0 0 1 0 1 0 -1 0 0 3004.DAT
0 STEP
1 86 90.0 -264 2440.0 0 0 1 0 1 0 -1 0 0 3004.DAT
0 STEP
1 86 40.0 -288 2460.0 0 0 1 0 1 0 -1 0 0 3003.DAT
0 STEP
1 86 70.0 -240 2280.0 0 0 1 0 1 0 -1 0 0 3004.DAT
0 STEP
1 86 50.0 -288 2400.0 0 0 1 0 1 0 -1 0 0 3004.DAT
0 STEP
1 86 80.0 -288 2400.0 0 0 1 0 1 0 -1 0 0 3003.DAT
0 STEP
1 86 80.0 -264 2500.0 0 0 1 0 1 0 -1 0 0 3003.DAT
0 STEP
1 86 90.0 -288 2440.0 0 0 1 0 1 0 -1 0 0 3004.DAT
0 STEP
1 86 100.0 -288 2480.0 0 0 1 0 1 0 -1 0 0 3003.DAT
0 STEP
1 86 110.0 -288 2420.0 0 0 1 0 1 0 -1 0 0 3010.DAT
0 STEP
1 86 30.0 -288 2360.0 0 0 1 0 1 0 -1 0 0 3008.DAT
0 STEP
1 86 60.0 -312 2460.0 0 0 1 0 1 0 -1 0 0 2456.DAT
0 STEP
1 86 140.0 -312 2430.0 -1 0 0 0 1 0 0 0 -1 3010.DAT
0 STEP
1 86 70.0 -336 2400.0 0 0 1 0 1 0 -1 0 0 3010.DAT
0 STEP
1 86 60.0 -312 2340.0 0 0 1 0 1 0 -1 0 0 2456.DAT
0 STEP
1 86 60.0 -240 2380.0 0 0 1 0 1 0 -1 0 0 2456.DAT
0 STEP
1 86 140.0 -288 2510.0 -1 0 0 0 1 0 0 0 -1 3009.DAT
0 STEP
1 86 250.0 -48 1730.0 0 0 1 0 1 0 -1 0 0 3005.DAT
0 STEP
1 86 210.0 -72 1630.0 0 0 1 0 1 0 -1 0 0 3005.DAT
0 STEP
1 86 250.0 -72 1750.0 0 0 1 0 1 0 -1 0 0 3005.DAT
0 STEP
1 86 250.0 -48 1600.0 0 0 1 0 1 0 -1 0 0 3004.DAT
0 STEP
1 86 250.0 -72 1720.0 0 0 1 0 1 0 -1 0 0 3004.DAT
0 STEP
1 86 260.0 -72 1770.0 -1 0 0 0 1 0 0 0 -1 3004.DAT
0 STEP
1 86 220.0 -48 1670.0 -1 0 0 0 1 0 0 0 -1 3010.DAT
0 STEP
1 86 210.0 -72 1680.0 0 0 1 0 1 0 -1 0 0 3010.DAT
0 STEP
1 86 240.0 -48 1640.0 0 0 1 0 1 0 -1 0 0 3003.DAT
0 STEP
1 86 190.0 -72 1640.0 0 0 1 0 1 0 -1 0 0 3004.DAT
0 STEP
1 86 160.0 -72 1640.0 0 0 1 0 1 0 -1 0 0 3003.DAT
0 STEP
1 86 260.0 -72 1820.0 0 0 1 0 1 0 -1 0 0 3001.DAT
0 STEP
1 86 180.0 -48 1620.0 0 0 1 0 1 0 -1 0 0 3001.DAT
0 STEP
1 86 220.0 -48 1700.0 -1 0 0 0 1 0 0 0 -1 3001.DAT
0 STEP
1 86 220.0 -48 1600.0 0 0 1 0 1 0 -1 0 0 3003.DAT
0 STEP
1 86 210.0 -48 1640.0 0 0 1 0 1 0 -1 0 0 3004.DAT
0 STEP
1 86 260.0 -72 1640.0 0 0 1 0 1 0 -1 0 0 2456.DAT
0 STEP
1 86 210.0 -360 2150.0 0 0 1 0 1 0 -1 0 0 3005.DAT
0 STEP
1 86 180.0 -360 2120.0 -1 0 0 0 1 0 0 0 -1 3001.DAT
0 STEP
1 86 70.0 -288 2310.0 0 0 1 0 1 0 -1 0 0 3005.DAT
0 STEP
1 86 110.0 -288 2210.0 0 0 1 0 1 0 -1 0 0 3005.DAT
0 STEP
1 86 90.0 -336 2370.0 0 0 1 0 1 0 -1 0 0 3005.DAT
0 STEP
1 86 70.0 -336 2290.0 0 0 1 0 1 0 -1 0 0 3005.DAT
0 STEP
1 86 130.0 -312 2410.0 0 0 1 0 1 0 -1 0 0 3005.DAT
0 STEP
1 86 100.0 -336 2330.0 -1 0 0 0 1 0 0 0 -1 3004.DAT
0 STEP
1 86 80.0 -288 2330.0 -1 0 0 0 1 0 0 0 -1 3004.DAT
0 STEP
1 86 90.0 -336 2200.0 0 0 1 0 1 0 -1 0 0 3004.DAT
0 STEP
1 86 30.0 -288 2240.0 0 0 1 0 1 0 -1 0 0 3004.DAT
0 STEP
1 86 50.0 -288 2300.0 0 0 1 0 1 0 -1 0 0 3008.DAT
0 STEP
1 86 60.0 -288 2210.0 -1 0 0 0 1 0 0 0 -1 3004.DAT
0 STEP
1 86 70.0 -336 2320.0 0 0 1 0 1 0 -1 0 0 3004.DAT
0 STEP
1 86 100.0 -288 2360.0 0 0 1 0 1 0 -1 0 0 3003.DAT
0 STEP
1 86 110.0 -336 2180.0 0 0 1 0 1 0 -1 0 0 3010.DAT
0 STEP
1 86 80.0 -336 2160.0 0 0 1 0 1 0 -1 0 0 3003.DAT
0 STEP
1 86 70.0 -288 2360.0 0 0 1 0 1 0 -1 0 0 3004.DAT
0 STEP
1 86 100.0 -336 2240.0 0 0 1 0 1 0 -1 0 0 3003.DAT
0 STEP
1 86 100.0 -336 2300.0 0 0 1 0 1 0 -1 0 0 3003.DAT
0 STEP
1 86 70.0 -336 2220.0 0 0 1 0 1 0 -1 0 0 3010.DAT
0 STEP
1 86 120.0 -336 2420.0 0 0 1 0 1 0 -1 0 0 2456.DAT
0 STEP
1 86 110.0 -288 2160.0 0 0 1 0 1 0 -1 0 0 3010.DAT
0 STEP
1 86 110.0 -288 2280.0 0 0 1 0 1 0 -1 0 0 3009.DAT
0 STEP
1 86 90.0 -288 2260.0 0 0 1 0 1 0 -1 0 0 3009.DAT
0 STEP
1 86 60.0 -312 2240.0 0 0 1 0 1 0 -1 0 0 3001.DAT
0 STEP
1 86 70.0 -288 2260.0 0 0 1 0 1 0 -1 0 0 3010.DAT
0 STEP
1 86 310.0 -288 2370.0 0 0 1 0 1 0 -1 0 0 3005.DAT
0 STEP
1 86 290.0 -312 2250.0 0 0 1 0 1 0 -1 0 0 3005.DAT
0 STEP
1 86 170.0 -312 2350.0 0 0 1 0 1 0 -1 0 0 3005.DAT
0 STEP
1 86 310.0 -288 2230.0 0 0 1 0 1 0 -1 0 0 3005.DAT
0 STEP
1 86 310.0 -288 2270.0 0 0 1 0 1 0 -1 0 0 3005.DAT
0 STEP
1 86 270.0 -336 2310.0 0 0 1 0 1 0 -1 0 0 3005.DAT
0 STEP
1 86 290.0 -288 2310.0 0 0 1 0 1 0 -1 0 0 3005.DAT
0 STEP
1 86 270.0 -288 2250.0 0 0 1 0 1 0 -1 0 0 3005.DAT
0 STEP
1 86 260.0 -336 2330.0 -1 0 0 0 1 0 0 0 -1 3004.DAT
0 STEP
1 86 260.0 -312 2290.0 -1 0 0 0 1 0 0 0 -1 3004.DAT
0 STEP
1 86 280.0 -288 2180.0 0 0 1 0 1 0 -1 0 0 2456.DAT
0 STEP
1 86 300.0 -288 2250.0 -1 0 0 0 1 0 0 0 -1 3004.DAT
0 STEP
1 86 200.0 -312 2330.0 -1 0 0 0 1 0 0 0 -1 3010.DAT
0 STEP
1 86 260.0 -312 2320.0 0 0 1 0 1 0 -1 0 0 3003.DAT
0 STEP
1 86 280.0 -312 2220.0 0 0 1 0 1 0 -1 0 0 3003.DAT
0 STEP
1 86 310.0 -288 2320.0 0 0 1 0 1 0 -1 0 0 3010.DAT
0 STEP
1 86 240.0 -336 2310.0 -1 0 0 0 1 0 0 0 -1 3004.DAT
0 STEP
1 86 280.0 -288 2280.0 0 0 1 0 1 0 -1 0 0 3003.DAT
0 STEP
1 86 250.0 -288 2280.0 0 0 1 0 1 0 -1 0 0 3009.DAT
0 STEP
1 86 140.0 -312 2340.0 0 0 1 0 1 0 -1 0 0 3003.DAT
0 STEP
1 86 110.0 -312 2360.0 0 0 1 0 1 0 -1 0 0 3009.DAT
0 STEP
1 86 310.0 -264 2460.0 0 0 1 0 1 0 -1 0 0 3008.DAT
0 STEP
1 86 240.0 -312 2350.0 -1 0 0 0 1 0 0 0 -1 3009.DAT
0 STEP
1 86 310.0 -288 2180.0 0 0 1 0 1 0 -1 0 0 3010.DAT
0 STEP
1 86 180.0 -312 2310.0 -1 0 0 0 1 0 0 0 -1 3009.DAT
0 STEP
1 86 290.0 -312 2300.0 0 0 1 0 1 0 -1 0 0 3010.DAT
0 STEP
1 86 290.0 -288 2380.0 0 0 1 0 1 0 -1 0 0 3009.DAT
0 STEP
1 86 310.0 -264 2300.0 0 0 1 0 1 0 -1 0 0 3008.DAT
0 STEP
1 86 110.0 -312 2290.0 0 0 1 0 1 0 -1 0 0 3005.DAT
0 STEP
1 86 230.0 -336 2290.0 0 0 1 0 1 0 -1 0 0 3005.DAT
0 STEP
1 86 250.0 -312 2230.0 0 0 1 0 1 0 -1 0 0 3005.DAT
0 STEP
1 86 150.0 -312 2230.0 0 0 1 0 1 0 -1 0 0 3005.DAT
0 STEP
1 86 170.0 -312 2090.0 0 0 1 0 1 0 -1 0 0 3005.DAT
0 STEP
1 86 170.0 -312 2120.0 0 0 1 0 1 0 -1 0 0 3004.DAT
0 STEP
1 86 120.0 -312 2170.0 -1 0 0 0 1 0 0 0 -1 3004.DAT
0 STEP
1 86 140.0 -312 2260.0 0 0 1 0 1 0 -1 0 0 3003.DAT
0 STEP
1 86 140.0 -312 2290.0 -1 0 0 0 1 0 0 0 -1 3004.DAT
0 STEP
1 86 120.0 -312 2230.0 -1 0 0 0 1 0 0 0 -1 3004.DAT
0 STEP
1 86 230.0 -336 2240.0 0 0 1 0 1 0 -1 0 0 3010.DAT
0 STEP
1 86 150.0 -312 2120.0 0 0 1 0 1 0 -1 0 0 3009.DAT
0 STEP
1 86 260.0 -312 2260.0 0 0 1 0 1 0 -1 0 0 3003.DAT
0 STEP
1 86 110.0 -312 2260.0 0 0 1 0 1 0 -1 0 0 3004.DAT
0 STEP
1 86 120.0 -312 2120.0 0 0 1 0 1 0 -1 0 0 3001.DAT
0 STEP
1 86 160.0 -312 2200.0 -1 0 0 0 1 0 0 0 -1 2456.DAT
0 STEP
1 86 200.0 -312 2240.0 -1 0 0 0 1 0 0 0 -1 3001.DAT
0 STEP
1 86 260.0 -336 2260.0 0 0 1 0 1 0 -1 0 0 3001.DAT
0 STEP
1 86 200.0 -312 2280.0 -1 0 0 0 1 0 0 0 -1 3001.DAT
0 STEP
1 86 270.0 -48 2430.0 0 0 1 0 1 0 -1 0 0 3005.DAT
0 STEP
1 86 150.0 -48 2410.0 0 0 1 0 1 0 -1 0 0 3005.DAT
0 STEP
1 86 200.0 -48 2460.0 0 0 1 0 1 0 -1 0 0 3001.DAT
0 STEP
1 86 280.0 -48 2350.0 -1 0 0 0 1 0 0 0 -1 3004.DAT
0 STEP
1 86 160.0 -48 2430.0 -1 0 0 0 1 0 0 0 -1 3004.DAT
0 STEP
1 86 280.0 -48 2410.0 -1 0 0 0 1 0 0 0 -1 3004.DAT
0 STEP
1 86 240.0 -48 2470.0 -1 0 0 0 1 0 0 0 -1 3004.DAT
0 STEP
1 86 280.0 -48 2380.0 0 0 1 0 1 0 -1 0 0 3003.DAT
0 STEP
1 86 240.0 -48 2440.0 0 0 1 0 1 0 -1 0 0 3003.DAT
0 STEP
1 86 140.0 -48 2360.0 0 0 1 0 1 0 -1 0 0 3001.DAT
0 STEP
1 86 120.0 -48 2460.0 0 0 1 0 1 0 -1 0 0 2456.DAT
0 STEP
1 86 310.0 -288 2090.0 0 0 1 0 1 0 -1 0 0 3005.DAT
0 STEP
1 86 170.0 -312 2050.0 0 0 1 0 1 0 -1 0 0 3005.DAT
0 STEP
1 86 230.0 -312 2090.0 0 0 1 0 1 0 -1 0 0 3005.DAT
0 STEP
1 86 270.0 -264 2090.0 0 0 1 0 1 0 -1 0 0 3005.DAT
0 STEP
1 86 140.0 -312 2050.0 -1 0 0 0 1 0 0 0 -1 3004.DAT
0 STEP
1 86 260.0 -336 2050.0 -1 0 0 0 1 0 0 0 -1 3004.DAT
0 STEP
1 86 200.0 -312 2090.0 -1 0 0 0 1 0 0 0 -1 3004.DAT
0 STEP
1 86 260.0 -336 2080.0 0 0 1 0 1 0 -1 0 0 3003.DAT
0 STEP
1 86 310.0 -288 2020.0 0 0 1 0 1 0 -1 0 0 3009.DAT
0 STEP
1 86 200.0 -312 2070.0 -1 0 0 0 1 0 0 0 -1 3010.DAT
0 STEP
1 86 260.0 -312 2080.0 0 0 1 0 1 0 -1 0 0 3003.DAT
0 STEP
1 86 240.0 -312 2120.0 -1 0 0 0 1 0 0 0 -1 2456.DAT
0 STEP
1 86 240.0 -312 2200.0 0 0 1 0 1 0 -1 0 0 3003.DAT
0 STEP
1 86 280.0 -288 2060.0 0 0 1 0 1 0 -1 0 0 3001.DAT
0 STEP
1 86 220.0 -312 2160.0 -1 0 0 0 1 0 0 0 -1 2456.DAT
0 STEP
1 86 270.0 -264 2140.0 0 0 1 0 1 0 -1 0 0 3010.DAT
0 STEP
1 86 250.0 -48 2090.0 0 0 1 0 1 0 -1 0 0 3005.DAT
0 STEP
1 86 270.0 -48 2050.0 0 0 1 0 1 0 -1 0 0 3005.DAT
0 STEP
1 86 170.0 -48 1990.0 0 0 1 0 1 0 -1 0 0 3005.DAT
0 STEP
1 86 250.0 -24 2010.0 0 0 1 0 1 0 -1 0 0 3005.DAT
0 STEP
1 86 270.0 -48 2080.0 0 0 1 0 1 0 -1 0 0 3004.DAT
0 STEP
1 86 260.0 -48 2030.0 -1 0 0 0 1 0 0 0 -1 3004.DAT
0 STEP
1 86 250.0 -48 2060.0 0 0 1 0 1 0 -1 0 0 3004.DAT
0 STEP
1 86 220.0 -48 1990.0 -1 0 0 0 1 0 0 0 -1 3010.DAT
0 STEP
1 86 170.0 -48 1960.0 0 0 1 0 1 0 -1 0 0 3004.DAT
0 STEP
1 86 270.0 -48 1980.0 0 0 1 0 1 0 -1 0 0 3004.DAT
0 STEP
1 86 240.0 -48 2010.0 -1 0 0 0 1 0 0 0 -1 3010.DAT
0 STEP
1 86 150.0 -48 1980.0 0 0 1 0 1 0 -1 0 0 3009.DAT
0 STEP
1 86 240.0 -48 1970.0 -1 0 0 0 1 0 0 0 -1 3004.DAT
0 STEP
1 86 260.0 -24 1990.0 -1 0 0 0 1 0 0 0 -1 3004.DAT
0 STEP
1 86 250.0 -72 1980.0 0 0 1 0 1 0 -1 0 0 3010.DAT
0 STEP
1 86 150.0 -48 2080.0 0 0 1 0 1 0 -1 0 0 3010.DAT
0 STEP
1 86 180.0 -48 2060.0 0 0 1 0 1 0 -1 0 0 2456.DAT
0 STEP
1 86 130.0 -48 2040.0 0 0 1 0 1 0 -1 0 0 3008.DAT
0 STEP
1 86 200.0 -48 1960.0 0 0 1 0 1 0 -1 0 0 3003.DAT
0 STEP
1 86 210.0 -288 1610.0 0 0 1 0 1 0 -1 0 0 3005.DAT
0 STEP
1 86 210.0 -288 1690.0 0 0 1 0 1 0 -1 0 0 3005.DAT
0 STEP
1 86 150.0 -312 1730.0 0 0 1 0 1 0 -1 0 0 3005.DAT
0 STEP
1 86 230.0 -312 1670.0 0 0 1 0 1 0 -1 0 0 3005.DAT
0 STEP
1 86 230.0 -312 1730.0 0 0 1 0 1 0 -1 0 0 3005.DAT
0 STEP
1 86 170.0 -312 1740.0 0 0 1 0 1 0 -1 0 0 3004.DAT
0 STEP
1 86 200.0 -288 1670.0 -1 0 0 0 1 0 0 0 -1 3004.DAT
0 STEP
1 86 170.0 -312 1680.0 0 0 1 0 1 0 -1 0 0 3004.DAT
0 STEP
1 86 200.0 -288 1640.0 0 0 1 0 1 0 -1 0 0 3003.DAT
0 STEP
1 86 160.0 -312 1710.0 -1 0 0 0 1 0 0 0 -1 3004.DAT
0 STEP
1 86 140.0 -312 1750.0 -1 0 0 0 1 0 0 0 -1 3004.DAT
0 STEP
1 86 230.0 -312 1760.0 0 0 1 0 1 0 -1 0 0 3004.DAT
0 STEP
1 86 190.0 -288 1720.0 0 0 1 0 1 0 -1 0 0 3010.DAT
0 STEP
1 86 120.0 -312 1730.0 -1 0 0 0 1 0 0 0 -1 3004.DAT
0 STEP
1 86 180.0 -288 1610.0 -1 0 0 0 1 0 0 0 -1 3004.DAT
0 STEP
1 86 110.0 -288 1740.0 0 0 1 0 1 0 -1 0 0 3009.DAT
0 STEP
1 86 230.0 -312 1700.0 0 0 1 0 1 0 -1 0 0 3004.DAT
0 STEP
1 86 120.0 -312 1680.0 0 0 1 0 1 0 -1 0 0 3001.DAT
0 STEP
1 86 110.0 -288 1640.0 0 0 1 0 1 0 -1 0 0 3010.DAT
0 STEP
1 86 200.0 -312 1720.0 0 0 1 0 1 0 -1 0 0 2456.DAT
0 STEP
1 86 140.0 -312 1780.0 0 0 1 0 1 0 -1 0 0 3003.DAT
0 STEP
1 86 110.0 -312 1780.0 0 0 1 0 1 0 -1 0 0 3010.DAT
0 STEP
1 86 220.0 -288 1720.0 0 0 1 0 1 0 -1 0 0 3003.DAT
0 STEP
1 86 150.0 -312 1660.0 0 0 1 0 1 0 -1 0 0 3010.DAT
0 STEP
1 86 70.0 -120 1450.0 0 0 1 0 1 0 -1 0 0 3005.DAT
0 STEP
1 86 130.0 -120 1450.0 0 0 1 0 1 0 -1 0 0 3005.DAT
0 STEP
1 86 230.0 -168 1450.0 0 0 1 0 1 0 -1 0 0 3005.DAT
0 STEP
1 86 90.0 -168 1450.0 0 0 1 0 1 0 -1 0 0 3005.DAT
0 STEP
1 86 170.0 -144 1450.0 0 0 1 0 1 0 -1 0 0 3005.DAT
0 STEP
1 86 290.0 -120 1470.0 0 0 1 0 1 0 -1 0 0 3005.DAT
0 STEP
1 86 190.0 -168 1390.0 0 0 1 0 1 0 -1 0 0 3005.DAT
0 STEP
1 86 150.0 -168 1410.0 0 0 1 0 1 0 -1 0 0 3005.DAT
0 STEP
1 86 130.0 -96 1450.0 0 0 1 0 1 0 -1 0 0 3005.DAT
0 STEP
1 86 190.0 -96 1450.0 0 0 1 0 1 0 -1 0 0 3005.DAT
0 STEP
1 86 100.0 -120 1450.0 -1 0 0 0 1 0 0 0 -1 3004.DAT
0 STEP
1 86 290.0 -144 1460.0 0 0 1 0 1 0 -1 0 0 3004.DAT
0 STEP
1 86 300.0 -120 1490.0 -1 0 0 0 1 0 0 0 -1 3004.DAT
0 STEP
1 86 260.0 -168 1450.0 -1 0 0 0 1 0 0 0 -1 3004.DAT
0 STEP
1 86 160.0 -96 1450.0 -1 0 0 0 1 0 0 0 -1 3004.DAT
0 STEP
1 86 60.0 -168 1450.0 -1 0 0 0 1 0 0 0 -1 3004.DAT
0 STEP
1 86 160.0 -144 1350.0 -1 0 0 0 1 0 0 0 -1 3004.DAT
0 STEP
1 86 60.0 -144 1470.0 -1 0 0 0 1 0 0 0 -1 3004.DAT
0 STEP
1 86 130.0 -168 1420.0 0 0 1 0 1 0 -1 0 0 3004.DAT
0 STEP
1 86 120.0 -168 1450.0 -1 0 0 0 1 0 0 0 -1 3004.DAT
0 STEP
1 86 280.0 -96 1480.0 0 0 1 0 1 0 -1 0 0 3003.DAT
0 STEP
1 86 150.0 -168 1440.0 0 0 1 0 1 0 -1 0 0 3004.DAT
0 STEP
1 86 100.0 -96 1450.0 -1 0 0 0 1 0 0 0 -1 3004.DAT
0 STEP
1 86 190.0 -168 1420.0 0 0 1 0 1 0 -1 0 0 3004.DAT
0 STEP
1 86 290.0 -168 1460.0 0 0 1 0 1 0 -1 0 0 3004.DAT
0 STEP
1 86 100.0 -144 1450.0 -1 0 0 0 1 0 0 0 -1 3009.DAT
0 STEP
1 86 200.0 -168 1450.0 -1 0 0 0 1 0 0 0 -1 3004.DAT
0 STEP
1 86 270.0 -120 1480.0 0 0 1 0 1 0 -1 0 0 3004.DAT
0 STEP
1 86 140.0 -168 1380.0 0 0 1 0 1 0 -1 0 0 3003.DAT
0 STEP
1 86 220.0 -120 1450.0 -1 0 0 0 1 0 0 0 -1 3008.DAT
0 STEP
1 86 140.0 -168 1300.0 0 0 1 0 1 0 -1 0 0 2456.DAT
0 STEP
1 86 240.0 -96 1450.0 -1 0 0 0 1 0 0 0 -1 3010.DAT
0 STEP
1 86 190.0 -144 1400.0 0 0 1 0 1 0 -1 0 0 3009.DAT
0 STEP
1 86 160.0 -144 1400.0 0 0 1 0 1 0 -1 0 0 3001.DAT
0 STEP
1 86 240.0 -144 1450.0 -1 0 0 0 1 0 0 0 -1 3010.DAT
0 STEP
1 86 170.0 -216 890.0 0 0 1 0 1 0 -1 0 0 3005.DAT
0 STEP
1 86 190.0 -216 870.0 0 0 1 0 1 0 -1 0 0 3005.DAT
0 STEP
1 86 150.0 -216 1090.0 0 0 1 0 1 0 -1 0 0 3005.DAT
0 STEP
1 86 190.0 -192 970.0 0 0 1 0 1 0 -1 0 0 3005.DAT
0 STEP
1 86 150.0 -216 970.0 0 0 1 0 1 0 -1 0 0 3005.DAT
0 STEP
1 86 150.0 -216 1030.0 0 0 1 0 1 0 -1 0 0 3005.DAT
0 STEP
1 86 190.0 -216 930.0 0 0 1 0 1 0 -1 0 0 3005.DAT
0 STEP
1 86 190.0 -192 940.0 0 0 1 0 1 0 -1 0 0 3004.DAT
0 STEP
1 86 190.0 -216 900.0 0 0 1 0 1 0 -1 0 0 3004.DAT
0 STEP
1 86 160.0 -216 870.0 -1 0 0 0 1 0 0 0 -1 3004.DAT
0 STEP
1 86 150.0 -216 1060.0 0 0 1 0 1 0 -1 0 0 3004.DAT
0 STEP
1 86 190.0 -216 960.0 0 0 1 0 1 0 -1 0 0 3004.DAT
0 STEP
1 86 150.0 -216 1000.0 0 0 1 0 1 0 -1 0 0 3004.DAT
0 STEP
1 86 190.0 -192 1000.0 0 0 1 0 1 0 -1 0 0 3004.DAT
0 STEP
1 86 180.0 -216 840.0 0 0 1 0 1 0 -1 0 0 3003.DAT
0 STEP
1 86 190.0 -216 780.0 0 0 1 0 1 0 -1 0 0 3010.DAT
0 STEP
1 86 170.0 -216 940.0 0 0 1 0 1 0 -1 0 0 3010.DAT
0 STEP
1 86 180.0 -216 1020.0 0 0 1 0 1 0 -1 0 0 3001.DAT
0 STEP
1 86 150.0 -216 920.0 0 0 1 0 1 0 -1 0 0 3010.DAT
0 STEP
1 86 190.0 -192 840.0 0 0 1 0 1 0 -1 0 0 3008.DAT
0 STEP
1 86 180.0 -216 1100.0 0 0 1 0 1 0 -1 0 0 3001.DAT
0 STEP
1 86 90.0 -120 1830.0 0 0 1 0 1 0 -1 0 0 3005.DAT
0 STEP
1 86 90.0 -96 1830.0 0 0 1 0 1 0 -1 0 0 3005.DAT
0 STEP
1 86 70.0 -144 1790.0 0 0 1 0 1 0 -1 0 0 3005.DAT
0 STEP
1 86 130.0 -96 1810.0 0 0 1 0 1 0 -1 0 0 3005.DAT
0 STEP
1 86 70.0 -96 1810.0 0 0 1 0 1 0 -1 0 0 3005.DAT
0 STEP
1 86 110.0 -72 1890.0 0 0 1 0 1 0 -1 0 0 3005.DAT
0 STEP
1 86 70.0 -96 1750.0 0 0 1 0 1 0 -1 0 0 3005.DAT
0 STEP
1 86 110.0 -48 1810.0 0 0 1 0 1 0 -1 0 0 3005.DAT
0 STEP
1 86 150.0 -96 1770.0 0 0 1 0 1 0 -1 0 0 3005.DAT
0 STEP
1 86 70.0 -48 1870.0 0 0 1 0 1 0 -1 0 0 3005.DAT
0 STEP
1 86 120.0 -96 1830.0 -1 0 0 0 1 0 0 0 -1 3004.DAT
0 STEP
1 86 100.0 -120 1810.0 -1 0 0 0 1 0 0 0 -1 3004.DAT
0 STEP
1 86 130.0 -48 1860.0 0 0 1 0 1 0 -1 0 0 3004.DAT
0 STEP
1 86 110.0 -120 1840.0 0 0 1 0 1 0 -1 0 0 3004.DAT
0 STEP
1 86 120.0 -48 1750.0 -1 0 0 0 1 0 0 0 -1 3004.DAT
0 STEP
1 86 80.0 -120 1850.0 -1 0 0 0 1 0 0 0 -1 3004.DAT
0 STEP
1 86 160.0 -72 1790.0 -1 0 0 0 1 0 0 0 -1 3004.DAT
0 STEP
1 86 120.0 -48 1830.0 -1 0 0 0 1 0 0 0 -1 3004.DAT
0 STEP
1 86 100.0 -72 1820.0 0 0 1 0 1 0 -1 0 0 3003.DAT
0 STEP
1 86 100.0 -72 1790.0 -1 0 0 0 1 0 0 0 -1 3004.DAT
0 STEP
1 86 120.0 -48 1780.0 0 0 1 0 1 0 -1 0 0 3003.DAT
0 STEP
1 86 140.0 -72 1890.0 -1 0 0 0 1 0 0 0 -1 3004.DAT
0 STEP
1 86 130.0 -96 1860.0 0 0 1 0 1 0 -1 0 0 3004.DAT
0 STEP
1 86 100.0 -72 1690.0 -1 0 0 0 1 0 0 0 -1 3004.DAT
0 STEP
1 86 70.0 -96 1840.0 0 0 1 0 1 0 -1 0 0 3004.DAT
0 STEP
1 86 100.0 -48 1880.0 0 0 1 0 1 0 -1 0 0 3003.DAT
0 STEP
1 86 70.0 -120 1820.0 0 0 1 0 1 0 -1 0 0 3004.DAT
0 STEP
1 86 90.0 -144 1820.0 0 0 1 0 1 0 -1 0 0 3010.DAT
0 STEP
1 86 100.0 -96 1810.0 -1 0 0 0 1 0 0 0 -1 3004.DAT
0 STEP
1 86 100.0 -48 1850.0 -1 0 0 0 1 0 0 0 -1 3004.DAT
0 STEP
1 86 120.0 -96 1750.0 -1 0 0 0 1 0 0 0 -1 3010.DAT
0 STEP
1 86 70.0 -48 1920.0 0 0 1 0 1 0 -1 0 0 3010.DAT
0 STEP
1 86 150.0 -72 1840.0 0 0 1 0 1 0 -1 0 0 3010.DAT
0 STEP
1 86 100.0 -120 1780.0 0 0 1 0 1 0 -1 0 0 3003.DAT
0 STEP
1 86 100.0 -72 1660.0 0 0 1 0 1 0 -1 0 0 3003.DAT
0 STEP
1 86 160.0 -48 1790.0 -1 0 0 0 1 0 0 0 -1 3004.DAT
0 STEP
1 86 120.0 -72 1910.0 -1 0 0 0 1 0 0 0 -1 3004.DAT
0 STEP
1 86 120.0 -48 1720.0 0 0 1 0 1 0 -1 0 0 3003.DAT
0 STEP
1 86 60.0 -120 1790.0 -1 0 0 0 1 0 0 0 -1 3004.DAT
0 STEP
1 86 100.0 -72 1860.0 -1 0 0 0 1 0 0 0 -1 3001.DAT
0 STEP
1 86 150.0 -96 1820.0 0 0 1 0 1 0 -1 0 0 3010.DAT
0 STEP
1 86 100.0 -96 1880.0 0 0 1 0 1 0 -1 0 0 3001.DAT
0 STEP
1 86 100.0 -72 1740.0 0 0 1 0 1 0 -1 0 0 3001.DAT
0 STEP
1 86 100.0 -96 1780.0 -1 0 0 0 1 0 0 0 -1 3001.DAT
0 STEP
1 86 210.0 -336 2250.0 0 0 1 0 1 0 -1 0 0 3005.DAT
0 STEP
1 86 130.0 -336 2330.0 0 0 1 0 1 0 -1 0 0 3005.DAT
0 STEP
1 86 170.0 -360 2290.0 0 0 1 0 1 0 -1 0 0 3005.DAT
0 STEP
1 86 130.0 -336 2300.0 0 0 1 0 1 0 -1 0 0 3004.DAT
0 STEP
1 86 140.0 -360 2250.0 -1 0 0 0 1 0 0 0 -1 3004.DAT
0 STEP
1 86 170.0 -360 2320.0 0 0 1 0 1 0 -1 0 0 3004.DAT
0 STEP
1 86 100.0 -336 2350.0 -1 0 0 0 1 0 0 0 -1 3010.DAT
0 STEP
1 86 210.0 -360 2220.0 0 0 1 0 1 0 -1 0 0 3009.DAT
0 STEP
1 86 200.0 -360 2290.0 -1 0 0 0 1 0 0 0 -1 3004.DAT
0 STEP
1 86 200.0 -360 2320.0 0 0 1 0 1 0 -1 0 0 3003.DAT
0 STEP
1 86 230.0 -360 2180.0 0 0 1 0 1 0 -1 0 0 3008.DAT
0 STEP
1 86 160.0 -360 2190.0 -1 0 0 0 1 0 0 0 -1 3010.DAT
0 STEP
1 86 130.0 -336 2200.0 0 0 1 0 1 0 -1 0 0 3009.DAT
0 STEP
1 86 100.0 -336 2270.0 -1 0 0 0 1 0 0 0 -1 3010.DAT
0 STEP
1 86 160.0 -360 2160.0 -1 0 0 0 1 0 0 0 -1 3001.DAT
0 STEP
1 86 180.0 -360 2260.0 0 0 1 0 1 0 -1 0 0 3003.DAT
0 STEP
1 86 140.0 -360 2300.0 0 0 1 0 1 0 -1 0 0 3001.DAT
0 STEP
1 86 180.0 -360 2350.0 -1 0 0 0 1 0 0 0 -1 3010.DAT
0 STEP
1 86 160.0 -360 2220.0 -1 0 0 0 1 0 0 0 -1 3001.DAT
0 STEP
1 86 90.0 -72 2190.0 0 0 1 0 1 0 -1 0 0 3005.DAT
0 STEP
1 86 90.0 -96 2090.0 0 0 1 0 1 0 -1 0 0 3005.DAT
0 STEP
1 86 90.0 -96 2190.0 0 0 1 0 1 0 -1 0 0 3005.DAT
0 STEP
1 86 70.0 -24 2060.0 0 0 1 0 1 0 -1 0 0 3004.DAT
0 STEP
1 86 100.0 -72 2170.0 -1 0 0 0 1 0 0 0 -1 3004.DAT
0 STEP
1 86 100.0 -72 2120.0 0 0 1 0 1 0 -1 0 0 3001.DAT
0 STEP
1 86 100.0 -24 2070.0 -1 0 0 0 1 0 0 0 -1 3004.DAT
0 STEP
1 86 80.0 -24 2100.0 0 0 1 0 1 0 -1 0 0 3003.DAT
0 STEP
1 86 90.0 -96 2140.0 0 0 1 0 1 0 -1 0 0 3010.DAT
0 STEP
1 86 110.0 -48 2080.0 0 0 1 0 1 0 -1 0 0 3009.DAT
0 STEP
1 86 250.0 -336 2030.0 0 0 1 0 1 0 -1 0 0 3005.DAT
0 STEP
1 86 270.0 -288 1990.0 0 0 1 0 1 0 -1 0 0 3005.DAT
0 STEP
1 86 230.0 -312 2050.0 0 0 1 0 1 0 -1 0 0 3005.DAT
0 STEP
1 86 290.0 -288 1970.0 0 0 1 0 1 0 -1 0 0 3005.DAT
0 STEP
1 86 290.0 -312 1950.0 0 0 1 0 1 0 -1 0 0 3005.DAT
0 STEP
1 86 270.0 -336 1990.0 0 0 1 0 1 0 -1 0 0 3005.DAT
0 STEP
1 86 270.0 -312 2030.0 0 0 1 0 1 0 -1 0 0 3005.DAT
0 STEP
1 86 210.0 -312 1890.0 0 0 1 0 1 0 -1 0 0 3005.DAT
0 STEP
1 86 250.0 -312 2000.0 0 0 1 0 1 0 -1 0 0 3004.DAT
0 STEP
1 86 260.0 -312 2050.0 -1 0 0 0 1 0 0 0 -1 3004.DAT
0 STEP
1 86 270.0 -288 1960.0 0 0 1 0 1 0 -1 0 0 3004.DAT
0 STEP
1 86 230.0 -312 1880.0 0 0 1 0 1 0 -1 0 0 3004.DAT
0 STEP
1 86 260.0 -312 1950.0 -1 0 0 0 1 0 0 0 -1 3004.DAT
0 STEP
1 86 190.0 -312 1900.0 0 0 1 0 1 0 -1 0 0 3004.DAT
0 STEP
1 86 270.0 -336 2020.0 0 0 1 0 1 0 -1 0 0 3004.DAT
0 STEP
1 86 260.0 -288 2010.0 -1 0 0 0 1 0 0 0 -1 3004.DAT
0 STEP
1 86 280.0 -312 2010.0 -1 0 0 0 1 0 0 0 -1 3004.DAT
0 STEP
1 86 230.0 -312 1940.0 0 0 1 0 1 0 -1 0 0 3004.DAT
0 STEP
1 86 250.0 -288 1980.0 0 0 1 0 1 0 -1 0 0 3004.DAT
0 STEP
1 86 220.0 -312 1910.0 -1 0 0 0 1 0 0 0 -1 3004.DAT
0 STEP
1 86 240.0 -312 2030.0 -1 0 0 0 1 0 0 0 -1 3004.DAT
0 STEP
1 86 290.0 -288 2000.0 0 0 1 0 1 0 -1 0 0 3004.DAT
0 STEP
1 86 260.0 -336 1920.0 0 0 1 0 1 0 -1 0 0 3003.DAT
0 STEP
1 86 200.0 -312 2040.0 0 0 1 0 1 0 -1 0 0 3003.DAT
0 STEP
1 86 190.0 -312 2000.0 0 0 1 0 1 0 -1 0 0 3004.DAT
0 STEP
1 86 240.0 -312 1970.0 -1 0 0 0 1 0 0 0 -1 3004.DAT
0 STEP
1 86 290.0 -312 2060.0 0 0 1 0 1 0 -1 0 0 3010.DAT
0 STEP
1 86 270.0 -336 1960.0 0 0 1 0 1 0 -1 0 0 3004.DAT
0 STEP
1 86 250.0 -288 2060.0 0 0 1 0 1 0 -1 0 0 3010.DAT
0 STEP
1 86 280.0 -312 1980.0 0 0 1 0 1 0 -1 0 0 3003.DAT
0 STEP
1 86 250.0 -336 1980.0 0 0 1 0 1 0 -1 0 0 3010.DAT
0 STEP
1 86 180.0 -312 1960.0 -1 0 0 0 1 0 0 0 -1 3001.DAT
0 STEP
1 86 220.0 -312 2000.0 0 0 1 0 1 0 -1 0 0 3003.DAT
0 STEP
1 86 120.0 -312 1910.0 -1 0 0 0 1 0 0 0 -1 3009.DAT
0 STEP
1 86 270.0 -264 2020.0 0 0 1 0 1 0 -1 0 0 3009.DAT
0 STEP
1 86 240.0 -288 1950.0 -1 0 0 0 1 0 0 0 -1 3004.DAT
0 STEP
1 86 270.0 -48 2310.0 0 0 1 0 1 0 -1 0 0 3005.DAT
0 STEP
1 86 90.0 -72 2290.0 0 0 1 0 1 0 -1 0 0 3005.DAT
0 STEP
1 86 190.0 -48 2360.0 0 0 1 0 1 0 -1 0 0 3004.DAT
0 STEP
1 86 110.0 -72 2240.0 0 0 1 0 1 0 -1 0 0 3009.DAT
0 STEP
1 86 140.0 -48 2310.0 -1 0 0 0 1 0 0 0 -1 3004.DAT
0 STEP
1 86 180.0 -48 2400.0 0 0 1 0 1 0 -1 0 0 3003.DAT
0 STEP
1 86 220.0 -48 2310.0 -1 0 0 0 1 0 0 0 -1 3010.DAT
0 STEP
1 86 100.0 -72 2310.0 -1 0 0 0 1 0 0 0 -1 3004.DAT
0 STEP
1 86 100.0 -72 2340.0 0 0 1 0 1 0 -1 0 0 3003.DAT
0 STEP
1 86 240.0 -48 2330.0 -1 0 0 0 1 0 0 0 -1 3009.DAT
0 STEP
1 86 250.0 -48 2380.0 0 0 1 0 1 0 -1 0 0 3010.DAT
0 STEP
1 86 220.0 -48 2380.0 0 0 1 0 1 0 -1 0 0 3001.DAT
0 STEP
1 86 70.0 -24 2210.0 0 0 1 0 1 0 -1 0 0 3005.DAT
0 STEP
1 86 100.0 -24 2130.0 -1 0 0 0 1 0 0 0 -1 3004.DAT
0 STEP
1 86 110.0 -48 2180.0 0 0 1 0 1 0 -1 0 0 3004.DAT
0 STEP
1 86 170.0 0 2160.0 0 0 1 0 1 0 -1 0 0 3004.DAT
0 STEP
1 86 110.0 -48 2380.0 0 0 1 0 1 0 -1 0 0 3004.DAT
0 STEP
1 86 70.0 -24 2160.0 0 0 1 0 1 0 -1 0 0 3010.DAT
0 STEP
1 86 110.0 -48 2280.0 0 0 1 0 1 0 -1 0 0 3008.DAT
0 STEP
1 86 100.0 -24 2360.0 0 0 1 0 1 0 -1 0 0 2456.DAT
0 STEP
1 86 100.0 -24 2180.0 0 0 1 0 1 0 -1 0 0 3001.DAT
0 STEP
1 86 110.0 0 2160.0 0 0 1 0 1 0 -1 0 0 3009.DAT
0 STEP
1 86 100.0 -24 2260.0 0 0 1 0 1 0 -1 0 0 3001.DAT
0 STEP
1 86 120.0 0 2300.0 0 0 1 0 1 0 -1 0 0 2456.DAT
0 STEP
1 86 110.0 -288 1830.0 0 0 1 0 1 0 -1 0 0 3005.DAT
0 STEP
1 86 90.0 -240 1870.0 0 0 1 0 1 0 -1 0 0 3005.DAT
0 STEP
1 86 110.0 -240 1830.0 0 0 1 0 1 0 -1 0 0 3005.DAT
0 STEP
1 86 130.0 -240 1690.0 0 0 1 0 1 0 -1 0 0 3005.DAT
0 STEP
1 86 90.0 -216 1850.0 0 0 1 0 1 0 -1 0 0 3005.DAT
0 STEP
1 86 110.0 -264 1850.0 0 0 1 0 1 0 -1 0 0 3005.DAT
0 STEP
1 86 210.0 -288 1770.0 0 0 1 0 1 0 -1 0 0 3005.DAT
0 STEP
1 86 70.0 -216 1740.0 0 0 1 0 1 0 -1 0 0 3004.DAT
0 STEP
1 86 180.0 -288 1770.0 -1 0 0 0 1 0 0 0 -1 3004.DAT
0 STEP
1 86 90.0 -240 1840.0 0 0 1 0 1 0 -1 0 0 3004.DAT
0 STEP
1 86 110.0 -240 1860.0 0 0 1 0 1 0 -1 0 0 3004.DAT
0 STEP
1 86 100.0 -216 1830.0 -1 0 0 0 1 0 0 0 -1 3004.DAT
0 STEP
1 86 160.0 -288 1710.0 -1 0 0 0 1 0 0 0 -1 3004.DAT
0 STEP
1 86 150.0 -264 1820.0 0 0 1 0 1 0 -1 0 0 3004.DAT
0 STEP
1 86 80.0 -216 1770.0 -1 0 0 0 1 0 0 0 -1 3010.DAT
0 STEP
1 86 140.0 -264 1790.0 -1 0 0 0 1 0 0 0 -1 3004.DAT
0 STEP
1 86 160.0 -288 1740.0 0 0 1 0 1 0 -1 0 0 3003.DAT
0 STEP
1 86 170.0 -288 1820.0 0 0 1 0 1 0 -1 0 0 3010.DAT
0 STEP
1 86 60.0 -240 1820.0 0 0 1 0 1 0 -1 0 0 3003.DAT
0 STEP
1 86 100.0 -288 1810.0 -1 0 0 0 1 0 0 0 -1 3004.DAT
0 STEP
1 86 90.0 -192 1820.0 0 0 1 0 1 0 -1 0 0 3010.DAT
0 STEP
1 86 140.0 -264 1690.0 -1 0 0 0 1 0 0 0 -1 3004.DAT
0 STEP
1 86 140.0 -264 1850.0 -1 0 0 0 1 0 0 0 -1 3004.DAT
0 STEP
1 86 90.0 -288 1840.0 0 0 1 0 1 0 -1 0 0 3004.DAT
0 STEP
1 86 90.0 -264 1820.0 0 0 1 0 1 0 -1 0 0 3010.DAT
0 STEP
1 86 90.0 -240 1900.0 0 0 1 0 1 0 -1 0 0 3004.DAT
0 STEP
1 86 140.0 -264 1740.0 0 0 1 0 1 0 -1 0 0 3001.DAT
0 STEP
1 86 160.0 -288 1680.0 0 0 1 0 1 0 -1 0 0 3003.DAT
0 STEP
1 86 90.0 -264 1720.0 0 0 1 0 1 0 -1 0 0 3009.DAT
0 STEP
1 86 120.0 -264 1820.0 0 0 1 0 1 0 -1 0 0 3003.DAT
0 STEP
1 86 80.0 -240 1610.0 -1 0 0 0 1 0 0 0 -1 3010.DAT
0 STEP
1 86 130.0 -240 1720.0 0 0 1 0 1 0 -1 0 0 3004.DAT
0 STEP
1 86 150.0 -288 1800.0 0 0 1 0 1 0 -1 0 0 3010.DAT
0 STEP
1 86 100.0 -216 1740.0 0 0 1 0 1 0 -1 0 0 3003.DAT
0 STEP
1 86 60.0 -240 1850.0 -1 0 0 0 1 0 0 0 -1 3004.DAT
0 STEP
1 86 120.0 -240 1780.0 0 0 1 0 1 0 -1 0 0 3001.DAT
0 STEP
1 86 100.0 -216 1800.0 0 0 1 0 1 0 -1 0 0 3003.DAT
0 STEP
1 86 110.0 -240 1680.0 0 0 1 0 1 0 -1 0 0 3009.DAT
0 STEP
1 86 130.0 -336 2550.0 0 0 1 0 1 0 -1 0 0 3005.DAT
0 STEP
1 86 270.0 -336 2550.0 0 0 1 0 1 0 -1 0 0 3005.DAT
0 STEP
1 86 290.0 -312 2550.0 0 0 1 0 1 0 -1 0 0 3005.DAT
0 STEP
1 86 270.0 -312 2530.0 0 0 1 0 1 0 -1 0 0 3005.DAT
0 STEP
1 86 290.0 -312 2520.0 0 0 1 0 1 0 -1 0 0 3004.DAT
0 STEP
1 86 260.0 -288 2550.0 -1 0 0 0 1 0 0 0 -1 3010.DAT
0 STEP
1 86 200.0 -336 2550.0 -1 0 0 0 1 0 0 0 -1 3009.DAT
0 STEP
1 86 220.0 -312 2550.0 -1 0 0 0 1 0 0 0 -1 3009.DAT
0 STEP
1 86 130.0 -360 1990.0 0 0 1 0 1 0 -1 0 0 3005.DAT
0 STEP
1 86 130.0 -312 1930.0 0 0 1 0 1 0 -1 0 0 3005.DAT
0 STEP
1 86 70.0 -336 2030.0 0 0 1 0 1 0 -1 0 0 3005.DAT
0 STEP
1 86 70.0 -336 2130.0 0 0 1 0 1 0 -1 0 0 3005.DAT
0 STEP
1 86 190.0 -360 1890.0 0 0 1 0 1 0 -1 0 0 3005.DAT
0 STEP
1 86 130.0 -336 2030.0 0 0 1 0 1 0 -1 0 0 3005.DAT
0 STEP
1 86 130.0 -336 2070.0 0 0 1 0 1 0 -1 0 0 3005.DAT
0 STEP
1 86 130.0 -336 2130.0 0 0 1 0 1 0 -1 0 0 3005.DAT
0 STEP
1 86 250.0 -360 1930.0 0 0 1 0 1 0 -1 0 0 3005.DAT
0 STEP
1 86 110.0 -336 1950.0 0 0 1 0 1 0 -1 0 0 3005.DAT
0 STEP
1 86 210.0 -360 2050.0 0 0 1 0 1 0 -1 0 0 3005.DAT
0 STEP
1 86 110.0 -312 2010.0 0 0 1 0 1 0 -1 0 0 3005.DAT
0 STEP
1 86 250.0 -360 2110.0 0 0 1 0 1 0 -1 0 0 3005.DAT
0 STEP
1 86 70.0 -312 1930.0 0 0 1 0 1 0 -1 0 0 3005.DAT
0 STEP
1 86 130.0 -336 1910.0 0 0 1 0 1 0 -1 0 0 3005.DAT
0 STEP
1 86 240.0 -360 2050.0 -1 0 0 0 1 0 0 0 -1 3004.DAT
0 STEP
1 86 160.0 -360 2050.0 -1 0 0 0 1 0 0 0 -1 3010.DAT
0 STEP
1 86 130.0 -360 2020.0 0 0 1 0 1 0 -1 0 0 3004.DAT
0 STEP
1 86 100.0 -312 1970.0 -1 0 0 0 1 0 0 0 -1 3004.DAT
0 STEP
1 86 110.0 -312 2040.0 0 0 1 0 1 0 -1 0 0 3004.DAT
0 STEP
1 86 120.0 -336 1930.0 -1 0 0 0 1 0 0 0 -1 3004.DAT
0 STEP
1 86 120.0 -336 2050.0 -1 0 0 0 1 0 0 0 -1 3004.DAT
0 STEP
1 86 70.0 -336 1980.0 0 0 1 0 1 0 -1 0 0 3004.DAT
0 STEP
1 86 90.0 -336 2040.0 0 0 1 0 1 0 -1 0 0 3004.DAT
0 STEP
1 86 130.0 -312 1960.0 0 0 1 0 1 0 -1 0 0 3004.DAT
0 STEP
1 86 100.0 -336 1910.0 -1 0 0 0 1 0 0 0 -1 3004.DAT
0 STEP
1 86 130.0 -360 1940.0 0 0 1 0 1 0 -1 0 0 3010.DAT
0 STEP
1 86 170.0 -312 2020.0 0 0 1 0 1 0 -1 0 0 3004.DAT
0 STEP
1 86 140.0 -312 1990.0 -1 0 0 0 1 0 0 0 -1 3010.DAT
0 STEP
1 86 80.0 -336 2010.0 -1 0 0 0 1 0 0 0 -1 3004.DAT
0 STEP
1 86 200.0 -360 1940.0 0 0 1 0 1 0 -1 0 0 3003.DAT
0 STEP
1 86 220.0 -360 1910.0 -1 0 0 0 1 0 0 0 -1 3010.DAT
0 STEP
1 86 130.0 -336 2100.0 0 0 1 0 1 0 -1 0 0 3004.DAT
0 STEP
1 86 170.0 -360 1920.0 0 0 1 0 1 0 -1 0 0 3010.DAT
0 STEP
1 86 200.0 -360 2010.0 -1 0 0 0 1 0 0 0 -1 3010.DAT
0 STEP
1 86 150.0 -360 1960.0 0 0 1 0 1 0 -1 0 0 3009.DAT
0 STEP
1 86 140.0 -312 2020.0 0 0 1 0 1 0 -1 0 0 3003.DAT
0 STEP
1 86 140.0 -360 1890.0 -1 0 0 0 1 0 0 0 -1 3004.DAT
0 STEP
1 86 70.0 -312 2000.0 0 0 1 0 1 0 -1 0 0 3009.DAT
0 STEP
1 86 230.0 -360 1940.0 0 0 1 0 1 0 -1 0 0 3004.DAT
0 STEP
1 86 200.0 -360 2030.0 -1 0 0 0 1 0 0 0 -1 3009.DAT
0 STEP
1 86 180.0 -312 1930.0 -1 0 0 0 1 0 0 0 -1 3010.DAT
0 STEP
1 86 90.0 -336 1960.0 0 0 1 0 1 0 -1 0 0 3010.DAT
0 STEP
1 86 250.0 -360 2160.0 0 0 1 0 1 0 -1 0 0 3010.DAT
0 STEP
1 86 130.0 -360 2100.0 0 0 1 0 1 0 -1 0 0 3010.DAT
0 STEP
1 86 70.0 -336 2080.0 0 0 1 0 1 0 -1 0 0 3010.DAT
0 STEP
1 86 110.0 -336 2000.0 0 0 1 0 1 0 -1 0 0 3010.DAT
0 STEP
1 86 200.0 -360 2080.0 -1 0 0 0 1 0 0 0 -1 2456.DAT
0 STEP
1 86 200.0 -360 1980.0 -1 0 0 0 1 0 0 0 -1 3001.DAT
0 STEP
1 86 250.0 -360 1980.0 0 0 1 0 1 0 -1 0 0 3010.DAT
0 STEP
1 86 130.0 -336 1980.0 0 0 1 0 1 0 -1 0 0 3010.DAT
0 STEP
1 86 270.0 -24 2090.0 0 0 1 0 1 0 -1 0 0 3005.DAT
0 STEP
1 86 210.0 0 2090.0 0 0 1 0 1 0 -1 0 0 3005.DAT
0 STEP
1 86 150.0 0 2090.0 0 0 1 0 1 0 -1 0 0 3005.DAT
0 STEP
1 86 150.0 0 2150.0 0 0 1 0 1 0 -1 0 0 3005.DAT
0 STEP
1 86 250.0 0 2010.0 0 0 1 0 1 0 -1 0 0 3005.DAT
0 STEP
1 86 250.0 0 2110.0 0 0 1 0 1 0 -1 0 0 3005.DAT
0 STEP
1 86 140.0 0 2110.0 -1 0 0 0 1 0 0 0 -1 3004.DAT
0 STEP
1 86 220.0 0 2110.0 -1 0 0 0 1 0 0 0 -1 3004.DAT
0 STEP
1 86 210.0 0 2040.0 0 0 1 0 1 0 -1 0 0 3004.DAT
0 STEP
1 86 160.0 0 2130.0 -1 0 0 0 1 0 0 0 -1 3004.DAT
0 STEP
1 86 140.0 0 2170.0 -1 0 0 0 1 0 0 0 -1 3004.DAT
0 STEP
1 86 180.0 0 2100.0 0 0 1 0 1 0 -1 0 0 3003.DAT
0 STEP
1 86 120.0 0 2090.0 -1 0 0 0 1 0 0 0 -1 3004.DAT
0 STEP
1 86 120.0 0 2020.0 0 0 1 0 1 0 -1 0 0 3001.DAT
0 STEP
1 86 180.0 0 2040.0 0 0 1 0 1 0 -1 0 0 3003.DAT
0 STEP
1 86 250.0 -24 2060.0 0 0 1 0 1 0 -1 0 0 3010.DAT
0 STEP
1 86 130.0 0 2140.0 0 0 1 0 1 0 -1 0 0 3004.DAT
0 STEP
1 86 200.0 0 1960.0 0 0 1 0 1 0 -1 0 0 3001.DAT
0 STEP
1 86 240.0 0 2060.0 0 0 1 0 1 0 -1 0 0 3001.DAT
0 STEP
1 86 200.0 0 2010.0 -1 0 0 0 1 0 0 0 -1 3004.DAT
0 STEP
1 86 160.0 0 1980.0 0 0 1 0 1 0 -1 0 0 3001.DAT
0 STEP
1 86 230.0 0 1980.0 0 0 1 0 1 0 -1 0 0 3010.DAT
0 STEP
1 86 150.0 0 2040.0 0 0 1 0 1 0 -1 0 0 3004.DAT
0 STEP
1 86 160.0 0 2070.0 -1 0 0 0 1 0 0 0 -1 3009.DAT
0 STEP
1 86 220.0 0 2140.0 -1 0 0 0 1 0 0 0 -1 3001.DAT
0 STEP
1 86 260.0 -24 2140.0 0 0 1 0 1 0 -1 0 0 3001.DAT
0 STEP
1 86 110.0 -48 2150.0 0 0 1 0 1 0 -1 0 0 3005.DAT
0 STEP
1 86 130.0 -48 2170.0 0 0 1 0 1 0 -1 0 0 3005.DAT
0 STEP
1 86 210.0 -48 2150.0 0 0 1 0 1 0 -1 0 0 3005.DAT
0 STEP
1 86 190.0 -48 2290.0 0 0 1 0 1 0 -1 0 0 3005.DAT
0 STEP
1 86 290.0 -48 2190.0 0 0 1 0 1 0 -1 0 0 3005.DAT
0 STEP
1 86 270.0 -48 2230.0 0 0 1 0 1 0 -1 0 0 3005.DAT
0 STEP
1 86 230.0 -48 2160.0 0 0 1 0 1 0 -1 0 0 3004.DAT
0 STEP
1 86 280.0 -48 2170.0 -1 0 0 0 1 0 0 0 -1 3004.DAT
0 STEP
1 86 190.0 -48 2260.0 0 0 1 0 1 0 -1 0 0 3004.DAT
0 STEP
1 86 290.0 -48 2260.0 0 0 1 0 1 0 -1 0 0 3009.DAT
0 STEP
1 86 220.0 -48 2230.0 -1 0 0 0 1 0 0 0 -1 3010.DAT
0 STEP
1 86 240.0 -48 2280.0 -1 0 0 0 1 0 0 0 -1 3001.DAT
0 STEP
1 86 250.0 -72 2260.0 0 0 1 0 1 0 -1 0 0 3008.DAT
0 STEP
1 86 180.0 -48 2170.0 -1 0 0 0 1 0 0 0 -1 3010.DAT
0 STEP
1 86 250.0 -48 2140.0 0 0 1 0 1 0 -1 0 0 3010.DAT
0 STEP
1 86 140.0 -48 2240.0 0 0 1 0 1 0 -1 0 0 2456.DAT
0 STEP
1 86 220.0 -48 2200.0 -1 0 0 0 1 0 0 0 -1 2456.DAT
0 STEP
1 86 170.0 -48 2300.0 0 0 1 0 1 0 -1 0 0 3008.DAT
0 STEP
1 86 220.0 -48 2080.0 0 0 1 0 1 0 -1 0 0 2456.DAT
0 STEP
1 86 280.0 -48 2140.0 0 0 1 0 1 0 -1 0 0 3003.DAT
0 STEP
1 86 240.0 -48 2250.0 -1 0 0 0 1 0 0 0 -1 3010.DAT
0 STEP
1 86 160.0 -48 2140.0 -1 0 0 0 1 0 0 0 -1 3001.DAT
0 STEP
1 86 210.0 0 2210.0 0 0 1 0 1 0 -1 0 0 3005.DAT
0 STEP
1 86 230.0 0 2170.0 0 0 1 0 1 0 -1 0 0 3005.DAT
0 STEP
1 86 250.0 -24 2290.0 0 0 1 0 1 0 -1 0 0 3005.DAT
0 STEP
1 86 120.0 0 2370.0 -1 0 0 0 1 0 0 0 -1 3004.DAT
0 STEP
1 86 210.0 0 2380.0 0 0 1 0 1 0 -1 0 0 3004.DAT
0 STEP
1 86 250.0 -24 2320.0 0 0 1 0 1 0 -1 0 0 3004.DAT
0 STEP
1 86 220.0 0 2190.0 -1 0 0 0 1 0 0 0 -1 3004.DAT
0 STEP
1 86 180.0 0 2380.0 0 0 1 0 1 0 -1 0 0 3003.DAT
0 STEP
1 86 250.0 -24 2240.0 0 0 1 0 1 0 -1 0 0 3010.DAT
0 STEP
1 86 150.0 0 2380.0 0 0 1 0 1 0 -1 0 0 3004.DAT
0 STEP
1 86 240.0 0 2380.0 0 0 1 0 1 0 -1 0 0 3003.DAT
0 STEP
1 86 160.0 0 2230.0 -1 0 0 0 1 0 0 0 -1 3009.DAT
0 STEP
1 86 250.0 0 2180.0 0 0 1 0 1 0 -1 0 0 3004.DAT
0 STEP
1 86 200.0 0 2170.0 -1 0 0 0 1 0 0 0 -1 3004.DAT
0 STEP
1 86 260.0 -24 2190.0 -1 0 0 0 1 0 0 0 -1 3004.DAT
0 STEP
1 86 210.0 0 2280.0 0 0 1 0 1 0 -1 0 0 3010.DAT
0 STEP
1 86 180.0 0 2330.0 -1 0 0 0 1 0 0 0 -1 3010.DAT
0 STEP
1 86 240.0 0 2210.0 -1 0 0 0 1 0 0 0 -1 3004.DAT
0 STEP
1 86 200.0 0 2350.0 -1 0 0 0 1 0 0 0 -1 3009.DAT
0 STEP
1 86 180.0 0 2280.0 0 0 1 0 1 0 -1 0 0 3001.DAT
0 STEP
1 86 150.0 0 2280.0 0 0 1 0 1 0 -1 0 0 3010.DAT
0 STEP
1 86 160.0 0 2200.0 -1 0 0 0 1 0 0 0 -1 3001.DAT
0 STEP
1 86 240.0 0 2280.0 0 0 1 0 1 0 -1 0 0 2456.DAT
0 STEP
1 86 130.0 -192 970.0 0 0 1 0 1 0 -1 0 0 3005.DAT
0 STEP
1 86 150.0 -168 1010.0 0 0 1 0 1 0 -1 0 0 3005.DAT
0 STEP
1 86 190.0 -168 1030.0 0 0 1 0 1 0 -1 0 0 3005.DAT
0 STEP
1 86 190.0 -144 1070.0 0 0 1 0 1 0 -1 0 0 3005.DAT
0 STEP
1 86 150.0 -144 1050.0 0 0 1 0 1 0 -1 0 0 3005.DAT
0 STEP
1 86 130.0 -168 1090.0 0 0 1 0 1 0 -1 0 0 3005.DAT
0 STEP
1 86 150.0 -192 1010.0 0 0 1 0 1 0 -1 0 0 3005.DAT
0 STEP
1 86 190.0 -144 1030.0 0 0 1 0 1 0 -1 0 0 3005.DAT
0 STEP
1 86 140.0 -168 990.0 -1 0 0 0 1 0 0 0 -1 3004.DAT
0 STEP
1 86 150.0 -192 980.0 0 0 1 0 1 0 -1 0 0 3004.DAT
0 STEP
1 86 180.0 -144 1010.0 -1 0 0 0 1 0 0 0 -1 3004.DAT
0 STEP
1 86 150.0 -144 1140.0 0 0 1 0 1 0 -1 0 0 3009.DAT
0 STEP
1 86 160.0 -144 1070.0 -1 0 0 0 1 0 0 0 -1 3004.DAT
0 STEP
1 86 180.0 -144 1050.0 -1 0 0 0 1 0 0 0 -1 3004.DAT
0 STEP
1 86 130.0 -168 1040.0 0 0 1 0 1 0 -1 0 0 3010.DAT
0 STEP
1 86 180.0 -144 950.0 -1 0 0 0 1 0 0 0 -1 3004.DAT
0 STEP
1 86 130.0 -192 1000.0 0 0 1 0 1 0 -1 0 0 3004.DAT
0 STEP
1 86 160.0 -144 1030.0 -1 0 0 0 1 0 0 0 -1 3004.DAT
0 STEP
1 86 140.0 -192 1060.0 0 0 1 0 1 0 -1 0 0 3003.DAT
0 STEP
1 86 180.0 -144 980.0 0 0 1 0 1 0 -1 0 0 3003.DAT
0 STEP
1 86 140.0 -192 940.0 0 0 1 0 1 0 -1 0 0 3003.DAT
0 STEP
1 86 140.0 -192 1030.0 -1 0 0 0 1 0 0 0 -1 3004.DAT
0 STEP
1 86 140.0 -192 840.0 0 0 1 0 1 0 -1 0 0 2456.DAT
0 STEP
1 86 140.0 -192 910.0 -1 0 0 0 1 0 0 0 -1 3004.DAT
0 STEP
1 86 150.0 -168 1060.0 0 0 1 0 1 0 -1 0 0 3010.DAT
0 STEP
1 86 190.0 -168 940.0 0 0 1 0 1 0 -1 0 0 3008.DAT
0 STEP
1 86 150.0 -144 980.0 0 0 1 0 1 0 -1 0 0 3010.DAT
0 STEP
1 86 180.0 -144 1120.0 0 0 1 0 1 0 -1 0 0 3001.DAT
0 STEP
1 86 140.0 -168 920.0 0 0 1 0 1 0 -1 0 0 2456.DAT
0 STEP
1 86 250.0 -24 2410.0 0 0 1 0 1 0 -1 0 0 3005.DAT
0 STEP
1 86 270.0 -24 2370.0 0 0 1 0 1 0 -1 0 0 3005.DAT
0 STEP
1 86 190.0 0 2450.0 0 0 1 0 1 0 -1 0 0 3005.DAT
0 STEP
1 86 150.0 0 2430.0 0 0 1 0 1 0 -1 0 0 3005.DAT
0 STEP
1 86 250.0 0 2470.0 0 0 1 0 1 0 -1 0 0 3005.DAT
0 STEP
1 86 250.0 -24 2380.0 0 0 1 0 1 0 -1 0 0 3004.DAT
0 STEP
1 86 190.0 0 2480.0 0 0 1 0 1 0 -1 0 0 3004.DAT
0 STEP
1 86 250.0 0 2500.0 0 0 1 0 1 0 -1 0 0 3004.DAT
0 STEP
1 86 110.0 0 2520.0 0 0 1 0 1 0 -1 0 0 3004.DAT
0 STEP
1 86 160.0 0 2490.0 -1 0 0 0 1 0 0 0 -1 3004.DAT
0 STEP
1 86 250.0 0 2440.0 0 0 1 0 1 0 -1 0 0 3004.DAT
0 STEP
1 86 160.0 0 2510.0 -1 0 0 0 1 0 0 0 -1 3010.DAT
0 STEP
1 86 250.0 -24 2460.0 0 0 1 0 1 0 -1 0 0 3010.DAT
0 STEP
1 86 200.0 0 2410.0 -1 0 0 0 1 0 0 0 -1 3009.DAT
0 STEP
1 86 160.0 0 2460.0 0 0 1 0 1 0 -1 0 0 3003.DAT
0 STEP
1 86 260.0 -24 2510.0 -1 0 0 0 1 0 0 0 -1 3004.DAT
0 STEP
1 86 100.0 -24 2440.0 0 0 1 0 1 0 -1 0 0 3003.DAT
0 STEP
1 86 220.0 0 2480.0 0 0 1 0 1 0 -1 0 0 3001.DAT
0 STEP
1 86 130.0 0 2540.0 0 0 1 0 1 0 -1 0 0 3004.DAT
0 STEP
1 86 270.0 -24 2440.0 0 0 1 0 1 0 -1 0 0 3009.DAT
0 STEP
1 86 110.0 -24 2480.0 0 0 1 0 1 0 -1 0 0 3004.DAT
0 STEP
1 86 120.0 0 2440.0 0 0 1 0 1 0 -1 0 0 2456.DAT
0 STEP
1 86 200.0 0 2430.0 -1 0 0 0 1 0 0 0 -1 3010.DAT
0 STEP
1 86 200.0 0 2540.0 -1 0 0 0 1 0 0 0 -1 2456.DAT
0 STEP
1 86 230.0 -336 2410.0 0 0 1 0 1 0 -1 0 0 3005.DAT
0 STEP
1 86 210.0 -336 2510.0 0 0 1 0 1 0 -1 0 0 3005.DAT
0 STEP
1 86 210.0 -336 2390.0 0 0 1 0 1 0 -1 0 0 3005.DAT
0 STEP
1 86 210.0 -312 2510.0 0 0 1 0 1 0 -1 0 0 3005.DAT
0 STEP
1 86 190.0 -360 2550.0 0 0 1 0 1 0 -1 0 0 3005.DAT
0 STEP
1 86 150.0 -360 2370.0 0 0 1 0 1 0 -1 0 0 3005.DAT
0 STEP
1 86 210.0 -312 2430.0 0 0 1 0 1 0 -1 0 0 3005.DAT
0 STEP
1 86 150.0 -360 2400.0 0 0 1 0 1 0 -1 0 0 3004.DAT
0 STEP
1 86 230.0 -336 2460.0 0 0 1 0 1 0 -1 0 0 3004.DAT
0 STEP
1 86 260.0 -336 2450.0 -1 0 0 0 1 0 0 0 -1 3004.DAT
0 STEP
1 86 180.0 -360 2380.0 0 0 1 0 1 0 -1 0 0 3003.DAT
0 STEP
1 86 230.0 -336 2520.0 0 0 1 0 1 0 -1 0 0 3004.DAT
0 STEP
1 86 220.0 -336 2490.0 -1 0 0 0 1 0 0 0 -1 3004.DAT
0 STEP
1 86 230.0 -336 2360.0 0 0 1 0 1 0 -1 0 0 3010.DAT
0 STEP
1 86 210.0 -336 2320.0 0 0 1 0 1 0 -1 0 0 3009.DAT
0 STEP
1 86 220.0 -312 2490.0 -1 0 0 0 1 0 0 0 -1 3004.DAT
0 STEP
1 86 130.0 -360 2380.0 0 0 1 0 1 0 -1 0 0 3010.DAT
0 STEP
1 86 210.0 -312 2400.0 0 0 1 0 1 0 -1 0 0 3004.DAT
0 STEP
1 86 240.0 -336 2430.0 -1 0 0 0 1 0 0 0 -1 3004.DAT
0 STEP
1 86 220.0 -312 2460.0 0 0 1 0 1 0 -1 0 0 3003.DAT
0 STEP
1 86 180.0 -312 2370.0 -1 0 0 0 1 0 0 0 -1 3010.DAT
0 STEP
1 86 130.0 -312 2380.0 0 0 1 0 1 0 -1 0 0 3004.DAT
0 STEP
1 86 230.0 -312 2400.0 0 0 1 0 1 0 -1 0 0 3010.DAT
0 STEP
1 86 200.0 -336 2530.0 -1 0 0 0 1 0 0 0 -1 3004.DAT
0 STEP
1 86 190.0 -312 2440.0 0 0 1 0 1 0 -1 0 0 3009.DAT
0 STEP
1 86 210.0 -336 2440.0 0 0 1 0 1 0 -1 0 0 3010.DAT
0 STEP
1 86 200.0 -360 2420.0 0 0 1 0 1 0 -1 0 0 3003.DAT
0 STEP
1 86 250.0 -336 2380.0 0 0 1 0 1 0 -1 0 0 3010.DAT
0 STEP
1 86 210.0 -360 2380.0 0 0 1 0 1 0 -1 0 0 3004.DAT
0 STEP
1 86 170.0 -360 2480.0 0 0 1 0 1 0 -1 0 0 3008.DAT
0 STEP
1 86 200.0 -360 2500.0 0 0 1 0 1 0 -1 0 0 3001.DAT
0 STEP
1 86 160.0 -312 2400.0 0 0 1 0 1 0 -1 0 0 3003.DAT
0 STEP
1 86 140.0 -360 2480.0 0 0 1 0 1 0 -1 0 0 2456.DAT
0 STEP
1 86 260.0 -336 2500.0 0 0 1 0 1 0 -1 0 0 3001.DAT
0 STEP
1 86 200.0 -360 2450.0 -1 0 0 0 1 0 0 0 -1 3004.DAT
0 STEP
