1 86 20.0 -2280 170.0 0 0 1 0 1 0 -1 0 0 3002.DAT
0 STEP
1 86 30.0 -2232 170.0 -1 0 0 0 1 0 0 0 -1 3622.DAT
0 STEP
1 86 10.0 -2256 180.0 0 0 1 0 1 0 -1 0 0 3004.DAT
0 STEP
1 86 10.0 -2304 180.0 0 0 1 0 1 0 -1 0 0 3004.DAT
0 STEP
1 86 10.0 -2328 170.0 0 0 1 0 1 0 -1 0 0 3005.DAT
0 STEP
1 86 40.0 -2232 190.0 -1 0 0 0 1 0 0 0 -1 3010.DAT
0 STEP
1 86 20.0 -2328 190.0 -1 0 0 0 1 0 0 0 -1 3004.DAT
0 STEP
1 86 60.0 -2184 130.0 -1 0 0 0 1 0 0 0 -1 3010.DAT
0 STEP
1 86 30.0 -2208 160.0 0 0 1 0 1 0 -1 0 0 3010.DAT
0 STEP
1 86 50.0 -2232 140.0 -1 0 0 0 1 0 0 0 -1 3002.DAT
0 STEP
1 86 30.0 -2256 130.0 0 0 1 0 1 0 -1 0 0 3005.DAT
0 STEP
1 86 60.0 -2280 130.0 -1 0 0 0 1 0 0 0 -1 3010.DAT
0 STEP
1 86 30.0 -2304 130.0 0 0 1 0 1 0 -1 0 0 3005.DAT
0 STEP
1 86 60.0 -2328 130.0 -1 0 0 0 1 0 0 0 -1 3010.DAT
0 STEP
1 86 30.0 -2352 130.0 0 0 1 0 1 0 -1 0 0 3005.DAT
0 STEP
1 86 40.0 -2112 170.0 0 0 1 0 1 0 -1 0 0 3002.DAT
0 STEP
1 86 50.0 -2136 150.0 -1 0 0 0 1 0 0 0 -1 3622.DAT
0 STEP
1 86 30.0 -2160 170.0 0 0 1 0 1 0 -1 0 0 3622.DAT
0 STEP
1 86 50.0 -2184 150.0 -1 0 0 0 1 0 0 0 -1 3622.DAT
0 STEP
1 86 40.0 -2256 180.0 0 0 1 0 1 0 -1 0 0 3001.DAT
0 STEP
1 86 40.0 -2304 150.0 -1 0 0 0 1 0 0 0 -1 3004.DAT
0 STEP
1 86 40.0 -2328 160.0 0 0 1 0 1 0 -1 0 0 3003.DAT
0 STEP
1 86 30.0 -2352 180.0 0 0 1 0 1 0 -1 0 0 3010.DAT
0 STEP
1 86 40.0 -2376 160.0 0 0 1 0 1 0 -1 0 0 3003.DAT
0 STEP
1 86 30.0 -2400 170.0 0 0 1 0 1 0 -1 0 0 3622.DAT
0 STEP
1 86 40.0 -2088 170.0 -1 0 0 0 1 0 0 0 -1 3004.DAT
0 STEP
1 86 30.0 -2136 190.0 0 0 1 0 1 0 -1 0 0 3622.DAT
0 STEP
1 86 50.0 -2184 180.0 -1 0 0 0 1 0 0 0 -1 3002.DAT
0 STEP
1 86 40.0 -2304 200.0 0 0 1 0 1 0 -1 0 0 3001.DAT
0 STEP
1 86 30.0 -2424 180.0 0 0 1 0 1 0 -1 0 0 3004.DAT
0 STEP
1 86 50.0 -2376 190.0 -1 0 0 0 1 0 0 0 -1 3622.DAT
0 STEP
1 86 80.0 -2160 210.0 -1 0 0 0 1 0 0 0 -1 3009.DAT
0 STEP
1 86 30.0 -2184 210.0 0 0 1 0 1 0 -1 0 0 3005.DAT
0 STEP
1 86 30.0 -2208 210.0 0 0 1 0 1 0 -1 0 0 3005.DAT
0 STEP
1 86 30.0 -2232 220.0 0 0 1 0 1 0 -1 0 0 3004.DAT
0 STEP
1 86 30.0 -2280 210.0 0 0 1 0 1 0 -1 0 0 3005.DAT
0 STEP
1 86 30.0 -2328 210.0 0 0 1 0 1 0 -1 0 0 3005.DAT
0 STEP
1 86 60.0 -2376 210.0 -1 0 0 0 1 0 0 0 -1 3010.DAT
0 STEP
1 86 40.0 -2256 230.0 -1 0 0 0 1 0 0 0 -1 3004.DAT
0 STEP
1 86 60.0 -2280 230.0 -1 0 0 0 1 0 0 0 -1 3010.DAT
0 STEP
1 86 80.0 -2184 110.0 -1 0 0 0 1 0 0 0 -1 3010.DAT
0 STEP
1 86 60.0 -2208 140.0 0 0 1 0 1 0 -1 0 0 3001.DAT
0 STEP
1 86 60.0 -2232 110.0 -1 0 0 0 1 0 0 0 -1 3004.DAT
0 STEP
1 86 50.0 -2256 120.0 0 0 1 0 1 0 -1 0 0 3004.DAT
0 STEP
1 86 70.0 -2280 110.0 -1 0 0 0 1 0 0 0 -1 3622.DAT
0 STEP
1 86 50.0 -2304 120.0 0 0 1 0 1 0 -1 0 0 3004.DAT
0 STEP
1 86 80.0 -2328 110.0 -1 0 0 0 1 0 0 0 -1 3010.DAT
0 STEP
1 86 60.0 -2352 130.0 0 0 1 0 1 0 -1 0 0 3002.DAT
0 STEP
1 86 50.0 -2088 140.0 0 0 1 0 1 0 -1 0 0 3004.DAT
0 STEP
1 86 50.0 -2112 130.0 0 0 1 0 1 0 -1 0 0 3005.DAT
0 STEP
1 86 80.0 -2136 130.0 -1 0 0 0 1 0 0 0 -1 3010.DAT
0 STEP
1 86 50.0 -2160 160.0 0 0 1 0 1 0 -1 0 0 3010.DAT
0 STEP
1 86 50.0 -2376 130.0 0 0 1 0 1 0 -1 0 0 3005.DAT
0 STEP
1 86 50.0 -2400 130.0 0 0 1 0 1 0 -1 0 0 3005.DAT
0 STEP
1 86 50.0 -2424 160.0 0 0 1 0 1 0 -1 0 0 3010.DAT
0 STEP
1 86 50.0 -2040 170.0 0 0 1 0 1 0 -1 0 0 3622.DAT
0 STEP
1 86 70.0 -2064 150.0 -1 0 0 0 1 0 0 0 -1 3622.DAT
0 STEP
1 86 50.0 -2280 170.0 0 0 1 0 1 0 -1 0 0 3622.DAT
0 STEP
1 86 60.0 -2400 150.0 -1 0 0 0 1 0 0 0 -1 3004.DAT
0 STEP
1 86 70.0 -2448 150.0 -1 0 0 0 1 0 0 0 -1 3622.DAT
0 STEP
1 86 60.0 -2016 170.0 -1 0 0 0 1 0 0 0 -1 3004.DAT
0 STEP
1 86 60.0 -2064 190.0 0 0 1 0 1 0 -1 0 0 3002.DAT
0 STEP
1 86 60.0 -2136 200.0 0 0 1 0 1 0 -1 0 0 3001.DAT
0 STEP
1 86 60.0 -2352 200.0 0 0 1 0 1 0 -1 0 0 3001.DAT
0 STEP
1 86 60.0 -2400 200.0 0 0 1 0 1 0 -1 0 0 3001.DAT
0 STEP
1 86 70.0 -2448 180.0 -1 0 0 0 1 0 0 0 -1 3002.DAT
0 STEP
1 86 50.0 -2472 180.0 0 0 1 0 1 0 -1 0 0 3004.DAT
0 STEP
1 86 50.0 -2088 200.0 0 0 1 0 1 0 -1 0 0 3004.DAT
0 STEP
1 86 50.0 -2208 210.0 0 0 1 0 1 0 -1 0 0 3622.DAT
0 STEP
1 86 60.0 -2328 200.0 0 0 1 0 1 0 -1 0 0 3003.DAT
0 STEP
1 86 80.0 -2112 210.0 -1 0 0 0 1 0 0 0 -1 3010.DAT
0 STEP
1 86 60.0 -2184 220.0 0 0 1 0 1 0 -1 0 0 3003.DAT
0 STEP
1 86 80.0 -2232 220.0 -1 0 0 0 1 0 0 0 -1 3001.DAT
0 STEP
1 86 80.0 -2280 210.0 -1 0 0 0 1 0 0 0 -1 3010.DAT
0 STEP
1 86 60.0 -2424 210.0 -1 0 0 0 1 0 0 0 -1 3004.DAT
0 STEP
1 86 50.0 -2448 210.0 0 0 1 0 1 0 -1 0 0 3005.DAT
0 STEP
1 86 60.0 -2112 230.0 -1 0 0 0 1 0 0 0 -1 3004.DAT
0 STEP
1 86 70.0 -2160 230.0 -1 0 0 0 1 0 0 0 -1 3622.DAT
0 STEP
1 86 120.0 -2328 230.0 -1 0 0 0 1 0 0 0 -1 3008.DAT
0 STEP
1 86 80.0 -2376 230.0 -1 0 0 0 1 0 0 0 -1 3010.DAT
0 STEP
1 86 100.0 -2256 100.0 -1 0 0 0 1 0 0 0 -1 3001.DAT
0 STEP
1 86 80.0 -2280 90.0 -1 0 0 0 1 0 0 0 -1 3004.DAT
0 STEP
1 86 70.0 -2304 120.0 0 0 1 0 1 0 -1 0 0 3010.DAT
0 STEP
1 86 80.0 -2088 130.0 0 0 1 0 1 0 -1 0 0 3002.DAT
0 STEP
1 86 70.0 -2112 140.0 0 0 1 0 1 0 -1 0 0 3010.DAT
0 STEP
1 86 90.0 -2136 110.0 -1 0 0 0 1 0 0 0 -1 3622.DAT
0 STEP
1 86 70.0 -2160 140.0 0 0 1 0 1 0 -1 0 0 3010.DAT
0 STEP
1 86 100.0 -2376 110.0 -1 0 0 0 1 0 0 0 -1 3010.DAT
0 STEP
1 86 70.0 -2400 120.0 0 0 1 0 1 0 -1 0 0 3004.DAT
0 STEP
1 86 70.0 -2424 140.0 0 0 1 0 1 0 -1 0 0 3010.DAT
0 STEP
1 86 120.0 -2016 130.0 -1 0 0 0 1 0 0 0 -1 3009.DAT
0 STEP
1 86 70.0 -2040 160.0 0 0 1 0 1 0 -1 0 0 3010.DAT
0 STEP
1 86 100.0 -2064 130.0 -1 0 0 0 1 0 0 0 -1 3010.DAT
0 STEP
1 86 100.0 -2256 130.0 -1 0 0 0 1 0 0 0 -1 3010.DAT
0 STEP
1 86 70.0 -2376 150.0 0 0 1 0 1 0 -1 0 0 3622.DAT
0 STEP
1 86 100.0 -2448 130.0 -1 0 0 0 1 0 0 0 -1 3010.DAT
0 STEP
1 86 70.0 -2472 180.0 0 0 1 0 1 0 -1 0 0 3009.DAT
0 STEP
1 86 100.0 -2496 140.0 -1 0 0 0 1 0 0 0 -1 3001.DAT
0 STEP
1 86 80.0 -1968 170.0 0 0 1 0 1 0 -1 0 0 3002.DAT
0 STEP
1 86 90.0 -1992 150.0 -1 0 0 0 1 0 0 0 -1 3622.DAT
0 STEP
1 86 70.0 -2016 150.0 0 0 1 0 1 0 -1 0 0 3005.DAT
0 STEP
1 86 70.0 -2256 150.0 0 0 1 0 1 0 -1 0 0 3005.DAT
0 STEP
1 86 70.0 -2328 150.0 0 0 1 0 1 0 -1 0 0 3005.DAT
0 STEP
1 86 80.0 -2520 150.0 -1 0 0 0 1 0 0 0 -1 3004.DAT
0 STEP
1 86 80.0 -1944 170.0 -1 0 0 0 1 0 0 0 -1 3004.DAT
0 STEP
1 86 80.0 -1992 190.0 0 0 1 0 1 0 -1 0 0 3002.DAT
0 STEP
1 86 70.0 -2088 200.0 0 0 1 0 1 0 -1 0 0 3010.DAT
0 STEP
1 86 80.0 -2496 190.0 0 0 1 0 1 0 -1 0 0 3002.DAT
0 STEP
1 86 90.0 -2520 180.0 -1 0 0 0 1 0 0 0 -1 3002.DAT
0 STEP
1 86 70.0 -2544 170.0 0 0 1 0 1 0 -1 0 0 3005.DAT
0 STEP
1 86 70.0 -2016 190.0 0 0 1 0 1 0 -1 0 0 3005.DAT
0 STEP
1 86 70.0 -2112 190.0 0 0 1 0 1 0 -1 0 0 3005.DAT
0 STEP
1 86 70.0 -2160 190.0 0 0 1 0 1 0 -1 0 0 3005.DAT
0 STEP
1 86 70.0 -2208 190.0 0 0 1 0 1 0 -1 0 0 3005.DAT
0 STEP
1 86 80.0 -2424 190.0 -1 0 0 0 1 0 0 0 -1 3004.DAT
0 STEP
1 86 140.0 -2016 210.0 -1 0 0 0 1 0 0 0 -1 3008.DAT
0 STEP
1 86 70.0 -2040 210.0 0 0 1 0 1 0 -1 0 0 3005.DAT
0 STEP
1 86 100.0 -2208 220.0 -1 0 0 0 1 0 0 0 -1 3001.DAT
0 STEP
1 86 70.0 -2256 210.0 0 0 1 0 1 0 -1 0 0 3005.DAT
0 STEP
1 86 80.0 -2304 230.0 0 0 1 0 1 0 -1 0 0 3002.DAT
0 STEP
1 86 100.0 -2448 220.0 -1 0 0 0 1 0 0 0 -1 3001.DAT
0 STEP
1 86 80.0 -2040 230.0 -1 0 0 0 1 0 0 0 -1 3004.DAT
0 STEP
1 86 140.0 -2064 230.0 -1 0 0 0 1 0 0 0 -1 3008.DAT
0 STEP
1 86 80.0 -2256 240.0 0 0 1 0 1 0 -1 0 0 3003.DAT
0 STEP
1 86 70.0 -2424 230.0 0 0 1 0 1 0 -1 0 0 3005.DAT
0 STEP
1 86 140.0 -2280 250.0 -1 0 0 0 1 0 0 0 -1 3008.DAT
0 STEP
1 86 120.0 -2112 100.0 -1 0 0 0 1 0 0 0 -1 3001.DAT
0 STEP
1 86 100.0 -2136 90.0 -1 0 0 0 1 0 0 0 -1 3004.DAT
0 STEP
1 86 90.0 -2160 110.0 0 0 1 0 1 0 -1 0 0 3622.DAT
0 STEP
1 86 90.0 -2184 90.0 0 0 1 0 1 0 -1 0 0 3005.DAT
0 STEP
1 86 120.0 -2208 100.0 -1 0 0 0 1 0 0 0 -1 3001.DAT
0 STEP
1 86 90.0 -2232 110.0 0 0 1 0 1 0 -1 0 0 3622.DAT
0 STEP
1 86 120.0 -2304 100.0 -1 0 0 0 1 0 0 0 -1 3001.DAT
0 STEP
1 86 100.0 -2328 90.0 -1 0 0 0 1 0 0 0 -1 3004.DAT
0 STEP
1 86 90.0 -2352 90.0 0 0 1 0 1 0 -1 0 0 3005.DAT
0 STEP
1 86 110.0 -2376 90.0 -1 0 0 0 1 0 0 0 -1 3622.DAT
0 STEP
1 86 100.0 -2400 110.0 0 0 1 0 1 0 -1 0 0 3002.DAT
0 STEP
1 86 120.0 -2016 110.0 -1 0 0 0 1 0 0 0 -1 3010.DAT
0 STEP
1 86 90.0 -2040 160.0 0 0 1 0 1 0 -1 0 0 3009.DAT
0 STEP
1 86 120.0 -2064 110.0 -1 0 0 0 1 0 0 0 -1 3010.DAT
0 STEP
1 86 120.0 -2352 120.0 -1 0 0 0 1 0 0 0 -1 3001.DAT
0 STEP
1 86 90.0 -2424 130.0 0 0 1 0 1 0 -1 0 0 3622.DAT
0 STEP
1 86 110.0 -2448 110.0 -1 0 0 0 1 0 0 0 -1 3622.DAT
0 STEP
1 86 90.0 -2472 160.0 0 0 1 0 1 0 -1 0 0 3009.DAT
0 STEP
1 86 120.0 -2496 110.0 -1 0 0 0 1 0 0 0 -1 3010.DAT
0 STEP
1 86 90.0 -1944 140.0 0 0 1 0 1 0 -1 0 0 3004.DAT
0 STEP
1 86 90.0 -1968 130.0 0 0 1 0 1 0 -1 0 0 3005.DAT
0 STEP
1 86 120.0 -1992 130.0 -1 0 0 0 1 0 0 0 -1 3010.DAT
0 STEP
1 86 120.0 -2112 130.0 -1 0 0 0 1 0 0 0 -1 3010.DAT
0 STEP
1 86 120.0 -2208 130.0 -1 0 0 0 1 0 0 0 -1 3010.DAT
0 STEP
1 86 120.0 -2304 130.0 -1 0 0 0 1 0 0 0 -1 3010.DAT
0 STEP
1 86 90.0 -2376 130.0 0 0 1 0 1 0 -1 0 0 3005.DAT
0 STEP
1 86 90.0 -2520 130.0 0 0 1 0 1 0 -1 0 0 3005.DAT
0 STEP
1 86 160.0 -2544 130.0 -1 0 0 0 1 0 0 0 -1 3008.DAT
0 STEP
1 86 100.0 -1920 180.0 0 0 1 0 1 0 -1 0 0 3001.DAT
0 STEP
1 86 90.0 -2016 170.0 0 0 1 0 1 0 -1 0 0 3622.DAT
0 STEP
1 86 90.0 -2544 180.0 0 0 1 0 1 0 -1 0 0 3010.DAT
0 STEP
1 86 100.0 -2568 180.0 0 0 1 0 1 0 -1 0 0 3001.DAT
0 STEP
1 86 90.0 -2064 180.0 0 0 1 0 1 0 -1 0 0 3004.DAT
0 STEP
1 86 110.0 -1944 200.0 -1 0 0 0 1 0 0 0 -1 3002.DAT
0 STEP
1 86 90.0 -2088 190.0 0 0 1 0 1 0 -1 0 0 3005.DAT
0 STEP
1 86 110.0 -1968 220.0 -1 0 0 0 1 0 0 0 -1 3002.DAT
0 STEP
1 86 160.0 -2064 210.0 -1 0 0 0 1 0 0 0 -1 3008.DAT
0 STEP
1 86 110.0 -2088 220.0 -1 0 0 0 1 0 0 0 -1 3002.DAT
0 STEP
1 86 100.0 -2136 230.0 0 0 1 0 1 0 -1 0 0 3002.DAT
0 STEP
1 86 100.0 -2184 230.0 0 0 1 0 1 0 -1 0 0 3002.DAT
0 STEP
1 86 120.0 -2256 210.0 -1 0 0 0 1 0 0 0 -1 3010.DAT
0 STEP
1 86 160.0 -2328 210.0 -1 0 0 0 1 0 0 0 -1 3008.DAT
0 STEP
1 86 100.0 -2352 230.0 0 0 1 0 1 0 -1 0 0 3002.DAT
0 STEP
1 86 120.0 -2400 210.0 -1 0 0 0 1 0 0 0 -1 3010.DAT
0 STEP
1 86 90.0 -2424 220.0 0 0 1 0 1 0 -1 0 0 3004.DAT
0 STEP
1 86 120.0 -2520 210.0 -1 0 0 0 1 0 0 0 -1 3010.DAT
0 STEP
1 86 90.0 -1992 230.0 0 0 1 0 1 0 -1 0 0 3005.DAT
0 STEP
1 86 110.0 -2016 230.0 -1 0 0 0 1 0 0 0 -1 3622.DAT
0 STEP
1 86 110.0 -2112 240.0 -1 0 0 0 1 0 0 0 -1 3002.DAT
0 STEP
1 86 160.0 -2400 240.0 -1 0 0 0 1 0 0 0 -1 3007.DAT
0 STEP
1 86 90.0 -2472 230.0 0 0 1 0 1 0 -1 0 0 3005.DAT
0 STEP
1 86 120.0 -2496 230.0 -1 0 0 0 1 0 0 0 -1 3010.DAT
0 STEP
1 86 100.0 -2520 230.0 -1 0 0 0 1 0 0 0 -1 3004.DAT
0 STEP
1 86 90.0 -2160 250.0 0 0 1 0 1 0 -1 0 0 3005.DAT
0 STEP
1 86 90.0 -2208 250.0 0 0 1 0 1 0 -1 0 0 3005.DAT
0 STEP
1 86 100.0 -2232 250.0 -1 0 0 0 1 0 0 0 -1 3004.DAT
0 STEP
1 86 140.0 -2328 250.0 -1 0 0 0 1 0 0 0 -1 3009.DAT
0 STEP
1 86 90.0 -2376 250.0 0 0 1 0 1 0 -1 0 0 3005.DAT
0 STEP
1 86 120.0 -2040 110.0 0 0 1 0 1 0 -1 0 0 3002.DAT
0 STEP
1 86 130.0 -2064 90.0 -1 0 0 0 1 0 0 0 -1 3622.DAT
0 STEP
1 86 120.0 -2088 110.0 0 0 1 0 1 0 -1 0 0 3002.DAT
0 STEP
1 86 120.0 -2160 100.0 0 0 1 0 1 0 -1 0 0 3003.DAT
0 STEP
1 86 140.0 -2184 90.0 -1 0 0 0 1 0 0 0 -1 3010.DAT
0 STEP
1 86 120.0 -2232 110.0 0 0 1 0 1 0 -1 0 0 3002.DAT
0 STEP
1 86 110.0 -2280 110.0 0 0 1 0 1 0 -1 0 0 3622.DAT
0 STEP
1 86 160.0 -2352 90.0 -1 0 0 0 1 0 0 0 -1 3009.DAT
0 STEP
1 86 130.0 -2424 100.0 -1 0 0 0 1 0 0 0 -1 3002.DAT
0 STEP
1 86 120.0 -2448 90.0 -1 0 0 0 1 0 0 0 -1 3004.DAT
0 STEP
1 86 110.0 -1944 140.0 0 0 1 0 1 0 -1 0 0 3010.DAT
0 STEP
1 86 110.0 -1968 110.0 0 0 1 0 1 0 -1 0 0 3005.DAT
0 STEP
1 86 110.0 -1992 110.0 0 0 1 0 1 0 -1 0 0 3005.DAT
0 STEP
1 86 110.0 -2472 130.0 0 0 1 0 1 0 -1 0 0 3622.DAT
0 STEP
1 86 110.0 -2520 130.0 0 0 1 0 1 0 -1 0 0 3622.DAT
0 STEP
1 86 180.0 -2544 110.0 -1 0 0 0 1 0 0 0 -1 3008.DAT
0 STEP
1 86 120.0 -1896 160.0 0 0 1 0 1 0 -1 0 0 3001.DAT
0 STEP
1 86 110.0 -1920 130.0 0 0 1 0 1 0 -1 0 0 3005.DAT
0 STEP
1 86 110.0 -1968 160.0 0 0 1 0 1 0 -1 0 0 3010.DAT
0 STEP
1 86 130.0 -2160 130.0 -1 0 0 0 1 0 0 0 -1 3622.DAT
0 STEP
1 86 110.0 -2184 130.0 0 0 1 0 1 0 -1 0 0 3005.DAT
0 STEP
1 86 110.0 -2328 130.0 0 0 1 0 1 0 -1 0 0 3005.DAT
0 STEP
1 86 180.0 -2376 130.0 -1 0 0 0 1 0 0 0 -1 3008.DAT
0 STEP
1 86 140.0 -2424 130.0 -1 0 0 0 1 0 0 0 -1 3010.DAT
0 STEP
1 86 110.0 -2568 130.0 0 0 1 0 1 0 -1 0 0 3005.DAT
0 STEP
1 86 160.0 -2592 140.0 -1 0 0 0 1 0 0 0 -1 2456.DAT
0 STEP
1 86 110.0 -2016 150.0 0 0 1 0 1 0 -1 0 0 3005.DAT
0 STEP
1 86 120.0 -2544 150.0 -1 0 0 0 1 0 0 0 -1 3004.DAT
0 STEP
1 86 110.0 -1992 200.0 0 0 1 0 1 0 -1 0 0 3010.DAT
0 STEP
1 86 110.0 -2496 190.0 0 0 1 0 1 0 -1 0 0 3622.DAT
0 STEP
1 86 110.0 -2544 170.0 0 0 1 0 1 0 -1 0 0 3005.DAT
0 STEP
1 86 120.0 -2592 190.0 0 0 1 0 1 0 -1 0 0 3002.DAT
0 STEP
1 86 110.0 -2616 180.0 0 0 1 0 1 0 -1 0 0 3004.DAT
0 STEP
1 86 110.0 -2016 190.0 0 0 1 0 1 0 -1 0 0 3005.DAT
0 STEP
1 86 120.0 -2544 210.0 0 0 1 0 1 0 -1 0 0 3002.DAT
0 STEP
1 86 110.0 -1896 210.0 0 0 1 0 1 0 -1 0 0 3005.DAT
0 STEP
1 86 140.0 -2040 220.0 -1 0 0 0 1 0 0 0 -1 3001.DAT
0 STEP
1 86 120.0 -2304 230.0 0 0 1 0 1 0 -1 0 0 3002.DAT
0 STEP
1 86 110.0 -2376 210.0 0 0 1 0 1 0 -1 0 0 3005.DAT
0 STEP
1 86 120.0 -2424 230.0 0 0 1 0 1 0 -1 0 0 3002.DAT
0 STEP
1 86 110.0 -2472 230.0 0 0 1 0 1 0 -1 0 0 3622.DAT
0 STEP
1 86 140.0 -1920 230.0 -1 0 0 0 1 0 0 0 -1 3010.DAT
0 STEP
1 86 120.0 -1944 230.0 -1 0 0 0 1 0 0 0 -1 3004.DAT
0 STEP
1 86 180.0 -2160 240.0 -1 0 0 0 1 0 0 0 -1 3007.DAT
0 STEP
1 86 130.0 -2256 240.0 -1 0 0 0 1 0 0 0 -1 3002.DAT
0 STEP
1 86 110.0 -2280 230.0 0 0 1 0 1 0 -1 0 0 3005.DAT
0 STEP
1 86 120.0 -2568 230.0 -1 0 0 0 1 0 0 0 -1 3004.DAT
0 STEP
1 86 140.0 -2040 250.0 -1 0 0 0 1 0 0 0 -1 3010.DAT
0 STEP
1 86 110.0 -2064 250.0 0 0 1 0 1 0 -1 0 0 3005.DAT
0 STEP
1 86 140.0 -2088 250.0 -1 0 0 0 1 0 0 0 -1 3010.DAT
0 STEP
1 86 180.0 -2208 250.0 -1 0 0 0 1 0 0 0 -1 3008.DAT
0 STEP
1 86 180.0 -2376 250.0 -1 0 0 0 1 0 0 0 -1 3008.DAT
0 STEP
1 86 160.0 -2448 250.0 -1 0 0 0 1 0 0 0 -1 3009.DAT
0 STEP
1 86 150.0 -1968 90.0 -1 0 0 0 1 0 0 0 -1 3622.DAT
0 STEP
1 86 220.0 -1992 100.0 -1 0 0 0 1 0 0 0 -1 3006.DAT
0 STEP
1 86 150.0 -2016 90.0 -1 0 0 0 1 0 0 0 -1 3622.DAT
0 STEP
1 86 140.0 -2136 110.0 0 0 1 0 1 0 -1 0 0 3002.DAT
0 STEP
1 86 200.0 -2280 90.0 -1 0 0 0 1 0 0 0 -1 3008.DAT
0 STEP
1 86 130.0 -2328 110.0 0 0 1 0 1 0 -1 0 0 3622.DAT
0 STEP
1 86 130.0 -2400 110.0 0 0 1 0 1 0 -1 0 0 3622.DAT
0 STEP
1 86 130.0 -2472 110.0 0 0 1 0 1 0 -1 0 0 3622.DAT
0 STEP
1 86 130.0 -1920 140.0 0 0 1 0 1 0 -1 0 0 3010.DAT
0 STEP
1 86 150.0 -1944 120.0 -1 0 0 0 1 0 0 0 -1 3002.DAT
0 STEP
1 86 160.0 -1968 120.0 -1 0 0 0 1 0 0 0 -1 3001.DAT
0 STEP
1 86 130.0 -2184 120.0 0 0 1 0 1 0 -1 0 0 3004.DAT
0 STEP
1 86 200.0 -2280 120.0 -1 0 0 0 1 0 0 0 -1 3007.DAT
0 STEP
1 86 160.0 -2520 120.0 -1 0 0 0 1 0 0 0 -1 3001.DAT
0 STEP
1 86 130.0 -2568 160.0 0 0 1 0 1 0 -1 0 0 3009.DAT
0 STEP
1 86 140.0 -1872 160.0 0 0 1 0 1 0 -1 0 0 3001.DAT
0 STEP
1 86 130.0 -2616 160.0 0 0 1 0 1 0 -1 0 0 3010.DAT
0 STEP
1 86 130.0 -1944 150.0 0 0 1 0 1 0 -1 0 0 3005.DAT
0 STEP
1 86 140.0 -2520 150.0 -1 0 0 0 1 0 0 0 -1 3004.DAT
0 STEP
1 86 130.0 -2640 150.0 0 0 1 0 1 0 -1 0 0 3005.DAT
0 STEP
1 86 150.0 -2640 170.0 -1 0 0 0 1 0 0 0 -1 3622.DAT
0 STEP
1 86 130.0 -1920 190.0 0 0 1 0 1 0 -1 0 0 3005.DAT
0 STEP
1 86 130.0 -2640 200.0 0 0 1 0 1 0 -1 0 0 3004.DAT
0 STEP
1 86 130.0 -1872 210.0 0 0 1 0 1 0 -1 0 0 3005.DAT
0 STEP
1 86 130.0 -1896 220.0 0 0 1 0 1 0 -1 0 0 3004.DAT
0 STEP
1 86 160.0 -1920 210.0 -1 0 0 0 1 0 0 0 -1 3010.DAT
0 STEP
1 86 140.0 -1992 230.0 0 0 1 0 1 0 -1 0 0 3002.DAT
0 STEP
1 86 130.0 -2112 210.0 0 0 1 0 1 0 -1 0 0 3005.DAT
0 STEP
1 86 140.0 -2136 230.0 0 0 1 0 1 0 -1 0 0 3002.DAT
0 STEP
1 86 140.0 -2184 230.0 0 0 1 0 1 0 -1 0 0 3002.DAT
0 STEP
1 86 130.0 -2232 230.0 0 0 1 0 1 0 -1 0 0 3622.DAT
0 STEP
1 86 130.0 -2280 210.0 0 0 1 0 1 0 -1 0 0 3005.DAT
0 STEP
1 86 140.0 -2352 230.0 0 0 1 0 1 0 -1 0 0 3002.DAT
0 STEP
1 86 160.0 -2376 220.0 -1 0 0 0 1 0 0 0 -1 3001.DAT
0 STEP
1 86 150.0 -2472 220.0 -1 0 0 0 1 0 0 0 -1 3002.DAT
0 STEP
1 86 180.0 -2496 210.0 -1 0 0 0 1 0 0 0 -1 3009.DAT
0 STEP
1 86 160.0 -2616 210.0 -1 0 0 0 1 0 0 0 -1 3010.DAT
0 STEP
1 86 160.0 -2280 230.0 -1 0 0 0 1 0 0 0 -1 3010.DAT
0 STEP
1 86 140.0 -2520 240.0 0 0 1 0 1 0 -1 0 0 3003.DAT
0 STEP
1 86 180.0 -2592 230.0 -1 0 0 0 1 0 0 0 -1 3009.DAT
0 STEP
1 86 140.0 -2616 230.0 -1 0 0 0 1 0 0 0 -1 3004.DAT
0 STEP
1 86 180.0 -1968 250.0 -1 0 0 0 1 0 0 0 -1 3009.DAT
0 STEP
1 86 130.0 -2016 250.0 0 0 1 0 1 0 -1 0 0 3005.DAT
0 STEP
1 86 180.0 -2064 250.0 -1 0 0 0 1 0 0 0 -1 3009.DAT
0 STEP
1 86 150.0 -2472 250.0 -1 0 0 0 1 0 0 0 -1 3622.DAT
0 STEP
1 86 140.0 -2496 250.0 -1 0 0 0 1 0 0 0 -1 3004.DAT
0 STEP
1 86 200.0 -1920 100.0 -1 0 0 0 1 0 0 0 -1 2456.DAT
0 STEP
1 86 160.0 -1944 90.0 -1 0 0 0 1 0 0 0 -1 3004.DAT
0 STEP
1 86 150.0 -2040 110.0 0 0 1 0 1 0 -1 0 0 3622.DAT
0 STEP
1 86 170.0 -2088 90.0 -1 0 0 0 1 0 0 0 -1 3622.DAT
0 STEP
1 86 220.0 -2160 90.0 -1 0 0 0 1 0 0 0 -1 3008.DAT
0 STEP
1 86 170.0 -2232 90.0 -1 0 0 0 1 0 0 0 -1 3622.DAT
0 STEP
1 86 160.0 -2256 110.0 0 0 1 0 1 0 -1 0 0 3002.DAT
0 STEP
1 86 150.0 -2328 90.0 0 0 1 0 1 0 -1 0 0 3005.DAT
0 STEP
1 86 160.0 -2376 100.0 0 0 1 0 1 0 -1 0 0 3003.DAT
0 STEP
1 86 160.0 -2400 110.0 0 0 1 0 1 0 -1 0 0 3002.DAT
0 STEP
1 86 150.0 -2448 110.0 0 0 1 0 1 0 -1 0 0 3622.DAT
0 STEP
1 86 220.0 -2472 100.0 -1 0 0 0 1 0 0 0 -1 3007.DAT
0 STEP
1 86 150.0 -2496 90.0 0 0 1 0 1 0 -1 0 0 3005.DAT
0 STEP
1 86 150.0 -1896 130.0 0 0 1 0 1 0 -1 0 0 3622.DAT
0 STEP
1 86 180.0 -2088 110.0 -1 0 0 0 1 0 0 0 -1 3010.DAT
0 STEP
1 86 150.0 -2160 110.0 0 0 1 0 1 0 -1 0 0 3005.DAT
0 STEP
1 86 150.0 -2184 110.0 0 0 1 0 1 0 -1 0 0 3005.DAT
0 STEP
1 86 180.0 -2232 110.0 -1 0 0 0 1 0 0 0 -1 3010.DAT
0 STEP
1 86 170.0 -2328 110.0 -1 0 0 0 1 0 0 0 -1 3622.DAT
0 STEP
1 86 160.0 -2568 130.0 0 0 1 0 1 0 -1 0 0 3002.DAT
0 STEP
1 86 180.0 -2592 110.0 -1 0 0 0 1 0 0 0 -1 3010.DAT
0 STEP
1 86 150.0 -2616 140.0 0 0 1 0 1 0 -1 0 0 3010.DAT
0 STEP
1 86 160.0 -1848 130.0 -1 0 0 0 1 0 0 0 -1 3004.DAT
0 STEP
1 86 200.0 -1920 130.0 -1 0 0 0 1 0 0 0 -1 3009.DAT
0 STEP
1 86 150.0 -2064 130.0 0 0 1 0 1 0 -1 0 0 3005.DAT
0 STEP
1 86 200.0 -2088 130.0 -1 0 0 0 1 0 0 0 -1 3009.DAT
0 STEP
1 86 180.0 -2184 130.0 -1 0 0 0 1 0 0 0 -1 3010.DAT
0 STEP
1 86 200.0 -2232 130.0 -1 0 0 0 1 0 0 0 -1 3009.DAT
0 STEP
1 86 180.0 -2328 130.0 -1 0 0 0 1 0 0 0 -1 3010.DAT
0 STEP
1 86 170.0 -2472 130.0 -1 0 0 0 1 0 0 0 -1 3622.DAT
0 STEP
1 86 150.0 -2496 130.0 0 0 1 0 1 0 -1 0 0 3005.DAT
0 STEP
1 86 200.0 -2640 140.0 -1 0 0 0 1 0 0 0 -1 2456.DAT
0 STEP
1 86 150.0 -2664 130.0 0 0 1 0 1 0 -1 0 0 3005.DAT
0 STEP
1 86 160.0 -1848 180.0 0 0 1 0 1 0 -1 0 0 3001.DAT
0 STEP
1 86 170.0 -2544 150.0 -1 0 0 0 1 0 0 0 -1 3622.DAT
0 STEP
1 86 150.0 -2664 180.0 0 0 1 0 1 0 -1 0 0 3010.DAT
0 STEP
1 86 150.0 -1896 200.0 0 0 1 0 1 0 -1 0 0 3010.DAT
0 STEP
1 86 150.0 -2592 190.0 0 0 1 0 1 0 -1 0 0 3622.DAT
0 STEP
1 86 170.0 -2688 180.0 -1 0 0 0 1 0 0 0 -1 3002.DAT
0 STEP
1 86 150.0 -2616 190.0 0 0 1 0 1 0 -1 0 0 3005.DAT
0 STEP
1 86 160.0 -2640 210.0 0 0 1 0 1 0 -1 0 0 3002.DAT
0 STEP
1 86 160.0 -1872 220.0 0 0 1 0 1 0 -1 0 0 3003.DAT
0 STEP
1 86 150.0 -1944 230.0 0 0 1 0 1 0 -1 0 0 3622.DAT
0 STEP
1 86 180.0 -1968 210.0 -1 0 0 0 1 0 0 0 -1 3010.DAT
0 STEP
1 86 160.0 -2088 220.0 0 0 1 0 1 0 -1 0 0 3003.DAT
0 STEP
1 86 200.0 -2112 210.0 -1 0 0 0 1 0 0 0 -1 3009.DAT
0 STEP
1 86 220.0 -2160 210.0 -1 0 0 0 1 0 0 0 -1 3008.DAT
0 STEP
1 86 170.0 -2208 220.0 -1 0 0 0 1 0 0 0 -1 3002.DAT
0 STEP
1 86 180.0 -2232 220.0 -1 0 0 0 1 0 0 0 -1 3001.DAT
0 STEP
1 86 180.0 -2280 210.0 -1 0 0 0 1 0 0 0 -1 3010.DAT
0 STEP
1 86 160.0 -2304 230.0 0 0 1 0 1 0 -1 0 0 3002.DAT
0 STEP
1 86 160.0 -2424 230.0 0 0 1 0 1 0 -1 0 0 3002.DAT
0 STEP
1 86 150.0 -2448 220.0 0 0 1 0 1 0 -1 0 0 3004.DAT
0 STEP
1 86 150.0 -2544 210.0 0 0 1 0 1 0 -1 0 0 3005.DAT
0 STEP
1 86 160.0 -2568 230.0 0 0 1 0 1 0 -1 0 0 3002.DAT
0 STEP
1 86 150.0 -1968 230.0 0 0 1 0 1 0 -1 0 0 3005.DAT
0 STEP
1 86 240.0 -2016 240.0 -1 0 0 0 1 0 0 0 -1 3006.DAT
0 STEP
1 86 220.0 -2112 240.0 -1 0 0 0 1 0 0 0 -1 3007.DAT
0 STEP
1 86 200.0 -2544 240.0 -1 0 0 0 1 0 0 0 -1 2456.DAT
0 STEP
1 86 180.0 -1920 250.0 -1 0 0 0 1 0 0 0 -1 3010.DAT
0 STEP
1 86 180.0 -2232 250.0 -1 0 0 0 1 0 0 0 -1 3010.DAT
0 STEP
1 86 180.0 -1896 110.0 0 0 1 0 1 0 -1 0 0 3002.DAT
0 STEP
1 86 200.0 -2040 90.0 -1 0 0 0 1 0 0 0 -1 3010.DAT
0 STEP
1 86 180.0 -2064 110.0 0 0 1 0 1 0 -1 0 0 3002.DAT
0 STEP
1 86 170.0 -2112 110.0 0 0 1 0 1 0 -1 0 0 3622.DAT
0 STEP
1 86 220.0 -2136 100.0 -1 0 0 0 1 0 0 0 -1 2456.DAT
0 STEP
1 86 180.0 -2208 110.0 0 0 1 0 1 0 -1 0 0 3002.DAT
0 STEP
1 86 170.0 -2304 110.0 0 0 1 0 1 0 -1 0 0 3622.DAT
0 STEP
1 86 220.0 -2328 90.0 -1 0 0 0 1 0 0 0 -1 3009.DAT
0 STEP
1 86 220.0 -2424 90.0 -1 0 0 0 1 0 0 0 -1 3009.DAT
0 STEP
1 86 180.0 -2448 110.0 0 0 1 0 1 0 -1 0 0 3002.DAT
0 STEP
1 86 180.0 -2496 110.0 0 0 1 0 1 0 -1 0 0 3002.DAT
0 STEP
1 86 170.0 -2520 90.0 0 0 1 0 1 0 -1 0 0 3005.DAT
0 STEP
1 86 170.0 -1872 140.0 0 0 1 0 1 0 -1 0 0 3010.DAT
0 STEP
1 86 170.0 -2016 110.0 0 0 1 0 1 0 -1 0 0 3005.DAT
0 STEP
1 86 180.0 -2040 110.0 -1 0 0 0 1 0 0 0 -1 3004.DAT
0 STEP
1 86 190.0 -2160 120.0 -1 0 0 0 1 0 0 0 -1 3002.DAT
0 STEP
1 86 200.0 -2184 110.0 -1 0 0 0 1 0 0 0 -1 3010.DAT
0 STEP
1 86 190.0 -2352 120.0 -1 0 0 0 1 0 0 0 -1 3002.DAT
0 STEP
1 86 180.0 -2424 110.0 -1 0 0 0 1 0 0 0 -1 3004.DAT
0 STEP
1 86 170.0 -2616 130.0 0 0 1 0 1 0 -1 0 0 3622.DAT
0 STEP
1 86 200.0 -2640 110.0 -1 0 0 0 1 0 0 0 -1 3010.DAT
0 STEP
1 86 180.0 -2664 160.0 0 0 1 0 1 0 -1 0 0 2456.DAT
0 STEP
1 86 180.0 -1824 160.0 0 0 1 0 1 0 -1 0 0 3001.DAT
0 STEP
1 86 170.0 -1992 130.0 0 0 1 0 1 0 -1 0 0 3005.DAT
0 STEP
1 86 220.0 -2040 130.0 -1 0 0 0 1 0 0 0 -1 3009.DAT
0 STEP
1 86 220.0 -2136 130.0 -1 0 0 0 1 0 0 0 -1 3009.DAT
0 STEP
1 86 170.0 -2688 140.0 0 0 1 0 1 0 -1 0 0 3004.DAT
0 STEP
1 86 170.0 -2712 170.0 0 0 1 0 1 0 -1 0 0 3005.DAT
0 STEP
1 86 170.0 -1872 190.0 0 0 1 0 1 0 -1 0 0 3005.DAT
0 STEP
1 86 200.0 -2712 190.0 -1 0 0 0 1 0 0 0 -1 3010.DAT
0 STEP
1 86 180.0 -1824 210.0 -1 0 0 0 1 0 0 0 -1 3004.DAT
0 STEP
1 86 240.0 -1896 210.0 -1 0 0 0 1 0 0 0 -1 3008.DAT
0 STEP
1 86 180.0 -1944 230.0 0 0 1 0 1 0 -1 0 0 3002.DAT
0 STEP
1 86 180.0 -1992 230.0 0 0 1 0 1 0 -1 0 0 3002.DAT
0 STEP
1 86 180.0 -2136 230.0 0 0 1 0 1 0 -1 0 0 3002.DAT
0 STEP
1 86 170.0 -2184 230.0 0 0 1 0 1 0 -1 0 0 3622.DAT
0 STEP
1 86 170.0 -2256 230.0 0 0 1 0 1 0 -1 0 0 3622.DAT
0 STEP
1 86 170.0 -2352 230.0 0 0 1 0 1 0 -1 0 0 3622.DAT
0 STEP
1 86 190.0 -2400 210.0 -1 0 0 0 1 0 0 0 -1 3622.DAT
0 STEP
1 86 200.0 -2448 220.0 -1 0 0 0 1 0 0 0 -1 3001.DAT
0 STEP
1 86 170.0 -2520 230.0 0 0 1 0 1 0 -1 0 0 3622.DAT
0 STEP
1 86 200.0 -2544 210.0 -1 0 0 0 1 0 0 0 -1 3010.DAT
0 STEP
1 86 170.0 -2592 210.0 0 0 1 0 1 0 -1 0 0 3005.DAT
0 STEP
1 86 170.0 -2688 210.0 0 0 1 0 1 0 -1 0 0 3005.DAT
0 STEP
1 86 180.0 -1848 230.0 -1 0 0 0 1 0 0 0 -1 3004.DAT
0 STEP
1 86 170.0 -1896 240.0 0 0 1 0 1 0 -1 0 0 3004.DAT
0 STEP
1 86 240.0 -1968 230.0 -1 0 0 0 1 0 0 0 -1 3008.DAT
0 STEP
1 86 200.0 -2496 240.0 -1 0 0 0 1 0 0 0 -1 3001.DAT
0 STEP
1 86 190.0 -2616 240.0 -1 0 0 0 1 0 0 0 -1 3002.DAT
0 STEP
1 86 180.0 -2664 230.0 -1 0 0 0 1 0 0 0 -1 3004.DAT
0 STEP
1 86 200.0 -2592 250.0 -1 0 0 0 1 0 0 0 -1 3010.DAT
0 STEP
1 86 190.0 -1872 100.0 0 0 1 0 1 0 -1 0 0 3004.DAT
0 STEP
1 86 200.0 -1944 110.0 0 0 1 0 1 0 -1 0 0 3002.DAT
0 STEP
1 86 220.0 -1968 90.0 -1 0 0 0 1 0 0 0 -1 3010.DAT
0 STEP
1 86 200.0 -2016 110.0 0 0 1 0 1 0 -1 0 0 3002.DAT
0 STEP
1 86 220.0 -2112 100.0 -1 0 0 0 1 0 0 0 -1 3001.DAT
0 STEP
1 86 210.0 -2184 90.0 -1 0 0 0 1 0 0 0 -1 3622.DAT
0 STEP
1 86 200.0 -2256 110.0 0 0 1 0 1 0 -1 0 0 3002.DAT
0 STEP
1 86 200.0 -2304 110.0 0 0 1 0 1 0 -1 0 0 3002.DAT
0 STEP
1 86 190.0 -2376 90.0 0 0 1 0 1 0 -1 0 0 3005.DAT
0 STEP
1 86 190.0 -2400 110.0 0 0 1 0 1 0 -1 0 0 3622.DAT
0 STEP
1 86 240.0 -2520 90.0 -1 0 0 0 1 0 0 0 -1 3009.DAT
0 STEP
1 86 190.0 -1848 130.0 0 0 1 0 1 0 -1 0 0 3622.DAT
0 STEP
1 86 220.0 -2376 110.0 -1 0 0 0 1 0 0 0 -1 3010.DAT
0 STEP
1 86 200.0 -2568 130.0 0 0 1 0 1 0 -1 0 0 3002.DAT
0 STEP
1 86 200.0 -2616 130.0 0 0 1 0 1 0 -1 0 0 3002.DAT
0 STEP
1 86 220.0 -2688 110.0 -1 0 0 0 1 0 0 0 -1 3010.DAT
0 STEP
1 86 200.0 -1800 130.0 -1 0 0 0 1 0 0 0 -1 3004.DAT
0 STEP
1 86 220.0 -1872 130.0 -1 0 0 0 1 0 0 0 -1 3010.DAT
0 STEP
1 86 260.0 -1992 130.0 -1 0 0 0 1 0 0 0 -1 3008.DAT
0 STEP
1 86 220.0 -2112 130.0 -1 0 0 0 1 0 0 0 -1 3010.DAT
0 STEP
1 86 190.0 -2424 130.0 0 0 1 0 1 0 -1 0 0 3005.DAT
0 STEP
1 86 220.0 -2688 140.0 -1 0 0 0 1 0 0 0 -1 3001.DAT
0 STEP
1 86 200.0 -2712 150.0 0 0 1 0 1 0 -1 0 0 3002.DAT
0 STEP
1 86 210.0 -1800 150.0 -1 0 0 0 1 0 0 0 -1 3622.DAT
0 STEP
1 86 210.0 -1800 180.0 -1 0 0 0 1 0 0 0 -1 3002.DAT
0 STEP
1 86 200.0 -1848 180.0 0 0 1 0 1 0 -1 0 0 3003.DAT
0 STEP
1 86 210.0 -1800 210.0 -1 0 0 0 1 0 0 0 -1 3622.DAT
0 STEP
1 86 240.0 -1848 210.0 -1 0 0 0 1 0 0 0 -1 3009.DAT
0 STEP
1 86 190.0 -1872 230.0 0 0 1 0 1 0 -1 0 0 3622.DAT
0 STEP
1 86 200.0 -2040 230.0 0 0 1 0 1 0 -1 0 0 3002.DAT
0 STEP
1 86 190.0 -2088 230.0 0 0 1 0 1 0 -1 0 0 3622.DAT
0 STEP
1 86 200.0 -2184 230.0 0 0 1 0 1 0 -1 0 0 3002.DAT
0 STEP
1 86 190.0 -2256 210.0 0 0 1 0 1 0 -1 0 0 3005.DAT
0 STEP
1 86 190.0 -2304 210.0 0 0 1 0 1 0 -1 0 0 3005.DAT
0 STEP
1 86 200.0 -2352 230.0 0 0 1 0 1 0 -1 0 0 3002.DAT
0 STEP
1 86 190.0 -2424 230.0 0 0 1 0 1 0 -1 0 0 3622.DAT
0 STEP
1 86 190.0 -2472 230.0 0 0 1 0 1 0 -1 0 0 3622.DAT
0 STEP
1 86 200.0 -2520 230.0 0 0 1 0 1 0 -1 0 0 3002.DAT
0 STEP
1 86 200.0 -2568 230.0 0 0 1 0 1 0 -1 0 0 3002.DAT
0 STEP
1 86 220.0 -2592 210.0 -1 0 0 0 1 0 0 0 -1 3010.DAT
0 STEP
1 86 220.0 -2640 210.0 -1 0 0 0 1 0 0 0 -1 3010.DAT
0 STEP
1 86 190.0 -2688 220.0 0 0 1 0 1 0 -1 0 0 3004.DAT
0 STEP
1 86 240.0 -2712 210.0 -1 0 0 0 1 0 0 0 -1 3009.DAT
0 STEP
1 86 200.0 -1824 230.0 -1 0 0 0 1 0 0 0 -1 3004.DAT
0 STEP
1 86 220.0 -1896 240.0 -1 0 0 0 1 0 0 0 -1 3001.DAT
0 STEP
1 86 190.0 -1920 230.0 0 0 1 0 1 0 -1 0 0 3005.DAT
0 STEP
1 86 220.0 -2256 230.0 -1 0 0 0 1 0 0 0 -1 3010.DAT
0 STEP
1 86 220.0 -2304 240.0 -1 0 0 0 1 0 0 0 -1 3001.DAT
0 STEP
1 86 190.0 -2640 230.0 0 0 1 0 1 0 -1 0 0 3005.DAT
0 STEP
1 86 190.0 -2256 250.0 0 0 1 0 1 0 -1 0 0 3005.DAT
0 STEP
1 86 220.0 -2640 250.0 -1 0 0 0 1 0 0 0 -1 3010.DAT
0 STEP
1 86 210.0 -1848 120.0 0 0 1 0 1 0 -1 0 0 3010.DAT
0 STEP
1 86 260.0 -1872 90.0 -1 0 0 0 1 0 0 0 -1 3009.DAT
0 STEP
1 86 220.0 -1896 110.0 0 0 1 0 1 0 -1 0 0 3002.DAT
0 STEP
1 86 210.0 -2064 110.0 0 0 1 0 1 0 -1 0 0 3622.DAT
0 STEP
1 86 260.0 -2088 90.0 -1 0 0 0 1 0 0 0 -1 3009.DAT
0 STEP
1 86 210.0 -2208 110.0 0 0 1 0 1 0 -1 0 0 3622.DAT
0 STEP
1 86 240.0 -2232 90.0 -1 0 0 0 1 0 0 0 -1 3010.DAT
0 STEP
1 86 240.0 -2376 90.0 -1 0 0 0 1 0 0 0 -1 3010.DAT
0 STEP
1 86 220.0 -2400 110.0 0 0 1 0 1 0 -1 0 0 3002.DAT
0 STEP
1 86 220.0 -2448 110.0 0 0 1 0 1 0 -1 0 0 3002.DAT
0 STEP
1 86 220.0 -2496 110.0 0 0 1 0 1 0 -1 0 0 3002.DAT
0 STEP
1 86 230.0 -2544 90.0 -1 0 0 0 1 0 0 0 -1 3622.DAT
0 STEP
1 86 220.0 -1824 110.0 -1 0 0 0 1 0 0 0 -1 3004.DAT
0 STEP
1 86 280.0 -1872 110.0 -1 0 0 0 1 0 0 0 -1 3008.DAT
0 STEP
1 86 230.0 -1968 120.0 -1 0 0 0 1 0 0 0 -1 3002.DAT
0 STEP
1 86 280.0 -2040 110.0 -1 0 0 0 1 0 0 0 -1 3008.DAT
0 STEP
1 86 240.0 -2328 110.0 -1 0 0 0 1 0 0 0 -1 3010.DAT
0 STEP
1 86 240.0 -2424 120.0 -1 0 0 0 1 0 0 0 -1 3001.DAT
0 STEP
1 86 210.0 -2520 120.0 0 0 1 0 1 0 -1 0 0 3004.DAT
0 STEP
1 86 210.0 -2664 130.0 0 0 1 0 1 0 -1 0 0 3622.DAT
0 STEP
1 86 210.0 -1824 130.0 0 0 1 0 1 0 -1 0 0 3005.DAT
0 STEP
1 86 240.0 -2472 130.0 -1 0 0 0 1 0 0 0 -1 3010.DAT
0 STEP
1 86 210.0 -1824 180.0 0 0 1 0 1 0 -1 0 0 3010.DAT
0 STEP
1 86 220.0 -2688 200.0 0 0 1 0 1 0 -1 0 0 3001.DAT
0 STEP
1 86 240.0 -2736 180.0 -1 0 0 0 1 0 0 0 -1 3001.DAT
0 STEP
1 86 240.0 -1872 220.0 -1 0 0 0 1 0 0 0 -1 3001.DAT
0 STEP
1 86 220.0 -1920 220.0 0 0 1 0 1 0 -1 0 0 3003.DAT
0 STEP
1 86 240.0 -1944 210.0 -1 0 0 0 1 0 0 0 -1 3010.DAT
0 STEP
1 86 220.0 -1992 230.0 0 0 1 0 1 0 -1 0 0 3002.DAT
0 STEP
1 86 220.0 -2088 230.0 0 0 1 0 1 0 -1 0 0 3002.DAT
0 STEP
1 86 220.0 -2136 230.0 0 0 1 0 1 0 -1 0 0 3002.DAT
0 STEP
1 86 240.0 -2208 220.0 -1 0 0 0 1 0 0 0 -1 3001.DAT
0 STEP
1 86 240.0 -2256 210.0 -1 0 0 0 1 0 0 0 -1 3010.DAT
0 STEP
1 86 240.0 -2304 210.0 -1 0 0 0 1 0 0 0 -1 3010.DAT
0 STEP
1 86 210.0 -2376 220.0 0 0 1 0 1 0 -1 0 0 3004.DAT
0 STEP
1 86 240.0 -2424 210.0 -1 0 0 0 1 0 0 0 -1 3010.DAT
0 STEP
1 86 240.0 -2472 210.0 -1 0 0 0 1 0 0 0 -1 3010.DAT
0 STEP
1 86 210.0 -2616 210.0 0 0 1 0 1 0 -1 0 0 3005.DAT
0 STEP
1 86 210.0 -2664 230.0 0 0 1 0 1 0 -1 0 0 3622.DAT
0 STEP
1 86 230.0 -1800 230.0 -1 0 0 0 1 0 0 0 -1 3622.DAT
0 STEP
1 86 220.0 -1848 240.0 0 0 1 0 1 0 -1 0 0 3003.DAT
0 STEP
1 86 240.0 -1944 240.0 -1 0 0 0 1 0 0 0 -1 3001.DAT
0 STEP
1 86 210.0 -2280 230.0 0 0 1 0 1 0 -1 0 0 3005.DAT
0 STEP
1 86 240.0 -2328 240.0 -1 0 0 0 1 0 0 0 -1 3001.DAT
0 STEP
1 86 240.0 -2424 240.0 -1 0 0 0 1 0 0 0 -1 3001.DAT
0 STEP
1 86 210.0 -2472 240.0 0 0 1 0 1 0 -1 0 0 3004.DAT
0 STEP
1 86 240.0 -2640 230.0 -1 0 0 0 1 0 0 0 -1 3010.DAT
0 STEP
1 86 210.0 -2712 230.0 0 0 1 0 1 0 -1 0 0 3005.DAT
0 STEP
1 86 240.0 -1872 250.0 -1 0 0 0 1 0 0 0 -1 3010.DAT
0 STEP
1 86 240.0 -2256 250.0 -1 0 0 0 1 0 0 0 -1 3010.DAT
0 STEP
1 86 260.0 -1848 100.0 -1 0 0 0 1 0 0 0 -1 3001.DAT
0 STEP
1 86 230.0 -1944 110.0 0 0 1 0 1 0 -1 0 0 3622.DAT
0 STEP
1 86 240.0 -2016 110.0 0 0 1 0 1 0 -1 0 0 3002.DAT
0 STEP
1 86 240.0 -2064 110.0 0 0 1 0 1 0 -1 0 0 3002.DAT
0 STEP
1 86 240.0 -2208 120.0 0 0 1 0 1 0 -1 0 0 3001.DAT
0 STEP
1 86 240.0 -2256 120.0 0 0 1 0 1 0 -1 0 0 3001.DAT
0 STEP
1 86 240.0 -2304 120.0 0 0 1 0 1 0 -1 0 0 3001.DAT
0 STEP
1 86 230.0 -2352 120.0 0 0 1 0 1 0 -1 0 0 3010.DAT
0 STEP
1 86 260.0 -2568 100.0 -1 0 0 0 1 0 0 0 -1 3001.DAT
0 STEP
1 86 230.0 -1800 120.0 0 0 1 0 1 0 -1 0 0 3004.DAT
0 STEP
1 86 230.0 -2088 110.0 0 0 1 0 1 0 -1 0 0 3005.DAT
0 STEP
1 86 260.0 -2160 120.0 -1 0 0 0 1 0 0 0 -1 3001.DAT
0 STEP
1 86 250.0 -2232 110.0 -1 0 0 0 1 0 0 0 -1 3622.DAT
0 STEP
1 86 260.0 -2520 120.0 -1 0 0 0 1 0 0 0 -1 3001.DAT
0 STEP
1 86 240.0 -2592 130.0 0 0 1 0 1 0 -1 0 0 3002.DAT
0 STEP
1 86 230.0 -2616 130.0 0 0 1 0 1 0 -1 0 0 3622.DAT
0 STEP
1 86 230.0 -2664 110.0 0 0 1 0 1 0 -1 0 0 3005.DAT
0 STEP
1 86 230.0 -1776 130.0 0 0 1 0 1 0 -1 0 0 3005.DAT
0 STEP
1 86 230.0 -1824 180.0 0 0 1 0 1 0 -1 0 0 3009.DAT
0 STEP
1 86 260.0 -1848 130.0 -1 0 0 0 1 0 0 0 -1 3010.DAT
0 STEP
1 86 230.0 -2184 130.0 0 0 1 0 1 0 -1 0 0 3005.DAT
0 STEP
1 86 240.0 -2328 160.0 0 0 1 0 1 0 -1 0 0 3001.DAT
0 STEP
1 86 260.0 -2568 130.0 -1 0 0 0 1 0 0 0 -1 3010.DAT
0 STEP
1 86 300.0 -2664 140.0 -1 0 0 0 1 0 0 0 -1 3007.DAT
0 STEP
1 86 230.0 -2712 150.0 0 0 1 0 1 0 -1 0 0 3622.DAT
0 STEP
1 86 260.0 -2736 140.0 -1 0 0 0 1 0 0 0 -1 3001.DAT
0 STEP
1 86 240.0 -1776 180.0 0 0 1 0 1 0 -1 0 0 3001.DAT
0 STEP
1 86 230.0 -2184 180.0 0 0 1 0 1 0 -1 0 0 3010.DAT
0 STEP
1 86 230.0 -2232 200.0 0 0 1 0 1 0 -1 0 0 3009.DAT
0 STEP
1 86 230.0 -2280 200.0 0 0 1 0 1 0 -1 0 0 3009.DAT
0 STEP
1 86 250.0 -2376 150.0 -1 0 0 0 1 0 0 0 -1 3622.DAT
0 STEP
1 86 230.0 -2400 180.0 0 0 1 0 1 0 -1 0 0 3010.DAT
0 STEP
1 86 250.0 -2424 160.0 -1 0 0 0 1 0 0 0 -1 3002.DAT
0 STEP
1 86 250.0 -2208 180.0 -1 0 0 0 1 0 0 0 -1 3002.DAT
0 STEP
1 86 250.0 -2256 180.0 -1 0 0 0 1 0 0 0 -1 3002.DAT
0 STEP
1 86 250.0 -2304 180.0 -1 0 0 0 1 0 0 0 -1 3002.DAT
0 STEP
1 86 230.0 -2352 170.0 0 0 1 0 1 0 -1 0 0 3005.DAT
0 STEP
1 86 240.0 -2376 200.0 0 0 1 0 1 0 -1 0 0 3001.DAT
0 STEP
1 86 250.0 -2352 190.0 -1 0 0 0 1 0 0 0 -1 3622.DAT
0 STEP
1 86 250.0 -2424 190.0 -1 0 0 0 1 0 0 0 -1 3622.DAT
0 STEP
1 86 230.0 -1968 210.0 0 0 1 0 1 0 -1 0 0 3005.DAT
0 STEP
1 86 230.0 -2016 210.0 0 0 1 0 1 0 -1 0 0 3005.DAT
0 STEP
1 86 240.0 -2040 230.0 0 0 1 0 1 0 -1 0 0 3002.DAT
0 STEP
1 86 230.0 -2352 230.0 0 0 1 0 1 0 -1 0 0 3622.DAT
0 STEP
1 86 260.0 -2520 220.0 -1 0 0 0 1 0 0 0 -1 3001.DAT
0 STEP
1 86 240.0 -2568 230.0 0 0 1 0 1 0 -1 0 0 3002.DAT
0 STEP
1 86 230.0 -2616 230.0 0 0 1 0 1 0 -1 0 0 3622.DAT
0 STEP
1 86 260.0 -2664 210.0 -1 0 0 0 1 0 0 0 -1 3010.DAT
0 STEP
1 86 240.0 -2736 210.0 -1 0 0 0 1 0 0 0 -1 3004.DAT
0 STEP
1 86 250.0 -1776 230.0 -1 0 0 0 1 0 0 0 -1 3622.DAT
0 STEP
1 86 230.0 -2064 230.0 0 0 1 0 1 0 -1 0 0 3005.DAT
0 STEP
1 86 230.0 -2184 230.0 0 0 1 0 1 0 -1 0 0 3005.DAT
0 STEP
1 86 260.0 -2472 240.0 -1 0 0 0 1 0 0 0 -1 3001.DAT
0 STEP
1 86 240.0 -2664 240.0 0 0 1 0 1 0 -1 0 0 3003.DAT
0 STEP
1 86 300.0 -2712 230.0 -1 0 0 0 1 0 0 0 -1 3008.DAT
0 STEP
1 86 230.0 -1920 250.0 0 0 1 0 1 0 -1 0 0 3005.DAT
0 STEP
1 86 250.0 -2184 250.0 -1 0 0 0 1 0 0 0 -1 3622.DAT
0 STEP
1 86 250.0 -2448 250.0 -1 0 0 0 1 0 0 0 -1 3622.DAT
0 STEP
1 86 260.0 -2520 250.0 -1 0 0 0 1 0 0 0 -1 3010.DAT
0 STEP
1 86 260.0 -1824 110.0 0 0 1 0 1 0 -1 0 0 3002.DAT
0 STEP
1 86 270.0 -1896 100.0 -1 0 0 0 1 0 0 0 -1 3002.DAT
0 STEP
1 86 320.0 -1944 90.0 -1 0 0 0 1 0 0 0 -1 3008.DAT
0 STEP
1 86 300.0 -2040 90.0 -1 0 0 0 1 0 0 0 -1 3009.DAT
0 STEP
1 86 260.0 -2184 160.0 0 0 1 0 1 0 -1 0 0 3007.DAT
0 STEP
1 86 260.0 -2352 100.0 0 0 1 0 1 0 -1 0 0 3003.DAT
0 STEP
1 86 250.0 -2400 90.0 0 0 1 0 1 0 -1 0 0 3005.DAT
0 STEP
1 86 250.0 -2448 160.0 0 0 1 0 1 0 -1 0 0 3008.DAT
0 STEP
1 86 270.0 -2496 90.0 -1 0 0 0 1 0 0 0 -1 3622.DAT
0 STEP
1 86 250.0 -1776 120.0 0 0 1 0 1 0 -1 0 0 3004.DAT
0 STEP
1 86 280.0 -1800 120.0 -1 0 0 0 1 0 0 0 -1 3001.DAT
0 STEP
1 86 280.0 -1944 120.0 -1 0 0 0 1 0 0 0 -1 3001.DAT
0 STEP
1 86 280.0 -2088 110.0 -1 0 0 0 1 0 0 0 -1 3010.DAT
0 STEP
1 86 250.0 -2400 180.0 0 0 1 0 1 0 -1 0 0 3008.DAT
0 STEP
1 86 250.0 -2496 180.0 0 0 1 0 1 0 -1 0 0 3008.DAT
0 STEP
1 86 280.0 -2616 110.0 -1 0 0 0 1 0 0 0 -1 3010.DAT
0 STEP
1 86 250.0 -2640 110.0 0 0 1 0 1 0 -1 0 0 3005.DAT
0 STEP
1 86 280.0 -2664 110.0 -1 0 0 0 1 0 0 0 -1 3010.DAT
0 STEP
1 86 260.0 -1752 130.0 -1 0 0 0 1 0 0 0 -1 3004.DAT
0 STEP
1 86 280.0 -1896 130.0 -1 0 0 0 1 0 0 0 -1 3010.DAT
0 STEP
1 86 260.0 -2352 150.0 0 0 1 0 1 0 -1 0 0 3002.DAT
0 STEP
1 86 250.0 -2544 130.0 0 0 1 0 1 0 -1 0 0 3005.DAT
0 STEP
1 86 250.0 -2616 140.0 0 0 1 0 1 0 -1 0 0 3004.DAT
0 STEP
1 86 270.0 -2712 130.0 -1 0 0 0 1 0 0 0 -1 3622.DAT
0 STEP
1 86 280.0 -1752 160.0 -1 0 0 0 1 0 0 0 -1 3001.DAT
0 STEP
1 86 260.0 -1800 180.0 0 0 1 0 1 0 -1 0 0 3001.DAT
0 STEP
1 86 260.0 -2136 200.0 0 0 1 0 1 0 -1 0 0 2456.DAT
0 STEP
1 86 270.0 -2160 160.0 -1 0 0 0 1 0 0 0 -1 3002.DAT
0 STEP
1 86 260.0 -2232 200.0 0 0 1 0 1 0 -1 0 0 2456.DAT
0 STEP
1 86 260.0 -2280 200.0 0 0 1 0 1 0 -1 0 0 2456.DAT
0 STEP
1 86 270.0 -2472 150.0 -1 0 0 0 1 0 0 0 -1 3622.DAT
0 STEP
1 86 270.0 -2520 160.0 -1 0 0 0 1 0 0 0 -1 3002.DAT
0 STEP
1 86 250.0 -2712 170.0 0 0 1 0 1 0 -1 0 0 3622.DAT
0 STEP
1 86 270.0 -2472 180.0 -1 0 0 0 1 0 0 0 -1 3002.DAT
0 STEP
1 86 250.0 -2760 180.0 0 0 1 0 1 0 -1 0 0 3004.DAT
0 STEP
1 86 280.0 -1752 200.0 -1 0 0 0 1 0 0 0 -1 3001.DAT
0 STEP
1 86 270.0 -2160 190.0 -1 0 0 0 1 0 0 0 -1 3622.DAT
0 STEP
1 86 270.0 -2520 190.0 -1 0 0 0 1 0 0 0 -1 3622.DAT
0 STEP
1 86 260.0 -2688 210.0 0 0 1 0 1 0 -1 0 0 3002.DAT
0 STEP
1 86 250.0 -1824 230.0 0 0 1 0 1 0 -1 0 0 3622.DAT
0 STEP
1 86 260.0 -1920 230.0 0 0 1 0 1 0 -1 0 0 3002.DAT
0 STEP
1 86 280.0 -1968 210.0 -1 0 0 0 1 0 0 0 -1 3010.DAT
0 STEP
1 86 260.0 -1992 230.0 0 0 1 0 1 0 -1 0 0 3002.DAT
0 STEP
1 86 280.0 -2016 210.0 -1 0 0 0 1 0 0 0 -1 3010.DAT
0 STEP
1 86 260.0 -2064 230.0 0 0 1 0 1 0 -1 0 0 3002.DAT
0 STEP
1 86 260.0 -2088 220.0 0 0 1 0 1 0 -1 0 0 3003.DAT
0 STEP
1 86 250.0 -2328 210.0 0 0 1 0 1 0 -1 0 0 3005.DAT
0 STEP
1 86 260.0 -2352 230.0 0 0 1 0 1 0 -1 0 0 3002.DAT
0 STEP
1 86 250.0 -2544 210.0 0 0 1 0 1 0 -1 0 0 3005.DAT
0 STEP
1 86 280.0 -2616 220.0 -1 0 0 0 1 0 0 0 -1 3001.DAT
0 STEP
1 86 270.0 -1848 240.0 -1 0 0 0 1 0 0 0 -1 3002.DAT
0 STEP
1 86 250.0 -2592 240.0 0 0 1 0 1 0 -1 0 0 3004.DAT
0 STEP
1 86 250.0 -1968 250.0 0 0 1 0 1 0 -1 0 0 3005.DAT
0 STEP
1 86 280.0 -2088 250.0 -1 0 0 0 1 0 0 0 -1 3010.DAT
0 STEP
1 86 280.0 -2616 250.0 -1 0 0 0 1 0 0 0 -1 3010.DAT
0 STEP
1 86 300.0 -1800 90.0 -1 0 0 0 1 0 0 0 -1 3010.DAT
0 STEP
1 86 280.0 -1920 110.0 0 0 1 0 1 0 -1 0 0 3002.DAT
0 STEP
1 86 280.0 -1968 110.0 0 0 1 0 1 0 -1 0 0 3002.DAT
0 STEP
1 86 280.0 -2016 110.0 0 0 1 0 1 0 -1 0 0 3002.DAT
0 STEP
1 86 280.0 -2064 110.0 0 0 1 0 1 0 -1 0 0 3002.DAT
0 STEP
1 86 280.0 -2112 120.0 0 0 1 0 1 0 -1 0 0 3001.DAT
0 STEP
1 86 270.0 -2208 120.0 0 0 1 0 1 0 -1 0 0 3010.DAT
0 STEP
1 86 270.0 -2256 120.0 0 0 1 0 1 0 -1 0 0 3010.DAT
0 STEP
1 86 270.0 -2304 120.0 0 0 1 0 1 0 -1 0 0 3010.DAT
0 STEP
1 86 270.0 -2400 120.0 0 0 1 0 1 0 -1 0 0 3010.DAT
0 STEP
1 86 280.0 -2448 160.0 0 0 1 0 1 0 -1 0 0 3007.DAT
0 STEP
1 86 270.0 -2544 120.0 0 0 1 0 1 0 -1 0 0 3010.DAT
0 STEP
1 86 280.0 -2592 90.0 -1 0 0 0 1 0 0 0 -1 3004.DAT
0 STEP
1 86 270.0 -1776 160.0 0 0 1 0 1 0 -1 0 0 3009.DAT
0 STEP
1 86 270.0 -2376 120.0 0 0 1 0 1 0 -1 0 0 3004.DAT
0 STEP
1 86 280.0 -2496 180.0 0 0 1 0 1 0 -1 0 0 3007.DAT
0 STEP
1 86 300.0 -2592 120.0 -1 0 0 0 1 0 0 0 -1 3001.DAT
0 STEP
1 86 280.0 -2640 130.0 0 0 1 0 1 0 -1 0 0 3002.DAT
0 STEP
1 86 280.0 -2688 130.0 0 0 1 0 1 0 -1 0 0 3002.DAT
0 STEP
1 86 270.0 -1872 130.0 0 0 1 0 1 0 -1 0 0 3005.DAT
0 STEP
1 86 270.0 -2088 160.0 0 0 1 0 1 0 -1 0 0 3010.DAT
0 STEP
1 86 270.0 -2232 130.0 0 0 1 0 1 0 -1 0 0 3005.DAT
0 STEP
1 86 270.0 -2328 130.0 0 0 1 0 1 0 -1 0 0 3005.DAT
0 STEP
1 86 320.0 -2616 140.0 -1 0 0 0 1 0 0 0 -1 2456.DAT
0 STEP
1 86 270.0 -2328 180.0 0 0 1 0 1 0 -1 0 0 3010.DAT
0 STEP
1 86 290.0 -2568 160.0 -1 0 0 0 1 0 0 0 -1 3002.DAT
0 STEP
1 86 280.0 -2712 170.0 0 0 1 0 1 0 -1 0 0 3002.DAT
0 STEP
1 86 280.0 -2760 180.0 0 0 1 0 1 0 -1 0 0 3001.DAT
0 STEP
1 86 290.0 -2112 170.0 -1 0 0 0 1 0 0 0 -1 3622.DAT
0 STEP
1 86 270.0 -2376 200.0 0 0 1 0 1 0 -1 0 0 3010.DAT
0 STEP
1 86 270.0 -2400 170.0 0 0 1 0 1 0 -1 0 0 3005.DAT
0 STEP
1 86 270.0 -2544 170.0 0 0 1 0 1 0 -1 0 0 3005.DAT
0 STEP
1 86 290.0 -2112 200.0 -1 0 0 0 1 0 0 0 -1 3002.DAT
0 STEP
1 86 270.0 -2400 220.0 0 0 1 0 1 0 -1 0 0 3010.DAT
0 STEP
1 86 270.0 -2544 220.0 0 0 1 0 1 0 -1 0 0 3010.DAT
0 STEP
1 86 290.0 -2568 200.0 -1 0 0 0 1 0 0 0 -1 3002.DAT
0 STEP
1 86 280.0 -1824 230.0 0 0 1 0 1 0 -1 0 0 3002.DAT
0 STEP
1 86 270.0 -2040 230.0 0 0 1 0 1 0 -1 0 0 3622.DAT
0 STEP
1 86 280.0 -2592 230.0 0 0 1 0 1 0 -1 0 0 3002.DAT
0 STEP
1 86 270.0 -2640 210.0 0 0 1 0 1 0 -1 0 0 3005.DAT
0 STEP
1 86 270.0 -2736 220.0 0 0 1 0 1 0 -1 0 0 3004.DAT
0 STEP
1 86 290.0 -1752 230.0 -1 0 0 0 1 0 0 0 -1 3622.DAT
0 STEP
1 86 300.0 -1800 240.0 -1 0 0 0 1 0 0 0 -1 3001.DAT
0 STEP
1 86 270.0 -1896 240.0 0 0 1 0 1 0 -1 0 0 3004.DAT
0 STEP
1 86 280.0 -2160 230.0 -1 0 0 0 1 0 0 0 -1 3004.DAT
0 STEP
1 86 270.0 -2256 230.0 0 0 1 0 1 0 -1 0 0 3005.DAT
0 STEP
1 86 270.0 -2304 240.0 0 0 1 0 1 0 -1 0 0 3004.DAT
0 STEP
1 86 280.0 -2568 240.0 0 0 1 0 1 0 -1 0 0 3003.DAT
0 STEP
1 86 290.0 -2664 230.0 -1 0 0 0 1 0 0 0 -1 3622.DAT
0 STEP
1 86 300.0 -1968 250.0 -1 0 0 0 1 0 0 0 -1 3010.DAT
0 STEP
1 86 270.0 -2160 250.0 0 0 1 0 1 0 -1 0 0 3005.DAT
0 STEP
1 86 270.0 -2208 250.0 0 0 1 0 1 0 -1 0 0 3005.DAT
0 STEP
1 86 270.0 -2376 250.0 0 0 1 0 1 0 -1 0 0 3005.DAT
0 STEP
1 86 270.0 -2640 250.0 0 0 1 0 1 0 -1 0 0 3005.DAT
0 STEP
1 86 280.0 -2664 250.0 -1 0 0 0 1 0 0 0 -1 3004.DAT
0 STEP
1 86 290.0 -1776 120.0 0 0 1 0 1 0 -1 0 0 3010.DAT
0 STEP
1 86 340.0 -1824 90.0 -1 0 0 0 1 0 0 0 -1 3009.DAT
0 STEP
1 86 290.0 -2136 160.0 0 0 1 0 1 0 -1 0 0 3008.DAT
0 STEP
1 86 290.0 -2544 90.0 0 0 1 0 1 0 -1 0 0 3005.DAT
0 STEP
1 86 300.0 -1752 120.0 0 0 1 0 1 0 -1 0 0 3003.DAT
0 STEP
1 86 340.0 -1824 120.0 -1 0 0 0 1 0 0 0 -1 2456.DAT
0 STEP
1 86 300.0 -2544 110.0 -1 0 0 0 1 0 0 0 -1 3004.DAT
0 STEP
1 86 320.0 -1728 140.0 -1 0 0 0 1 0 0 0 -1 3001.DAT
0 STEP
1 86 340.0 -1872 130.0 -1 0 0 0 1 0 0 0 -1 3009.DAT
0 STEP
1 86 290.0 -2040 130.0 0 0 1 0 1 0 -1 0 0 3005.DAT
0 STEP
1 86 300.0 -2088 180.0 0 0 1 0 1 0 -1 0 0 2456.DAT
0 STEP
1 86 290.0 -2472 130.0 0 0 1 0 1 0 -1 0 0 3005.DAT
0 STEP
1 86 300.0 -2544 180.0 0 0 1 0 1 0 -1 0 0 2456.DAT
0 STEP
1 86 310.0 -2064 150.0 -1 0 0 0 1 0 0 0 -1 3622.DAT
0 STEP
1 86 290.0 -2592 170.0 0 0 1 0 1 0 -1 0 0 3622.DAT
0 STEP
1 86 320.0 -1728 180.0 -1 0 0 0 1 0 0 0 -1 3001.DAT
0 STEP
1 86 300.0 -1776 170.0 -1 0 0 0 1 0 0 0 -1 3004.DAT
0 STEP
1 86 310.0 -2064 180.0 -1 0 0 0 1 0 0 0 -1 3002.DAT
0 STEP
1 86 300.0 -2736 200.0 0 0 1 0 1 0 -1 0 0 3001.DAT
0 STEP
1 86 300.0 -1776 220.0 0 0 1 0 1 0 -1 0 0 3001.DAT
0 STEP
1 86 300.0 -2688 210.0 0 0 1 0 1 0 -1 0 0 3002.DAT
0 STEP
1 86 320.0 -1728 220.0 -1 0 0 0 1 0 0 0 -1 3001.DAT
0 STEP
1 86 320.0 -1800 210.0 -1 0 0 0 1 0 0 0 -1 3010.DAT
0 STEP
1 86 290.0 -1872 230.0 0 0 1 0 1 0 -1 0 0 3622.DAT
0 STEP
1 86 320.0 -1920 210.0 -1 0 0 0 1 0 0 0 -1 3010.DAT
0 STEP
1 86 300.0 -1944 230.0 0 0 1 0 1 0 -1 0 0 3002.DAT
0 STEP
1 86 290.0 -1992 230.0 0 0 1 0 1 0 -1 0 0 3622.DAT
0 STEP
1 86 320.0 -2040 220.0 -1 0 0 0 1 0 0 0 -1 3001.DAT
0 STEP
1 86 300.0 -2064 230.0 0 0 1 0 1 0 -1 0 0 3002.DAT
0 STEP
1 86 290.0 -2472 210.0 0 0 1 0 1 0 -1 0 0 3005.DAT
0 STEP
1 86 320.0 -2640 210.0 -1 0 0 0 1 0 0 0 -1 3010.DAT
0 STEP
1 86 340.0 -1896 230.0 -1 0 0 0 1 0 0 0 -1 3009.DAT
0 STEP
1 86 320.0 -1920 240.0 -1 0 0 0 1 0 0 0 -1 3001.DAT
0 STEP
1 86 300.0 -2640 240.0 0 0 1 0 1 0 -1 0 0 3003.DAT
0 STEP
1 86 360.0 -1896 250.0 -1 0 0 0 1 0 0 0 -1 3008.DAT
0 STEP
1 86 310.0 -2040 250.0 -1 0 0 0 1 0 0 0 -1 3622.DAT
0 STEP
1 86 290.0 -2136 250.0 0 0 1 0 1 0 -1 0 0 3005.DAT
0 STEP
1 86 290.0 -2544 250.0 0 0 1 0 1 0 -1 0 0 3005.DAT
0 STEP
1 86 340.0 -1776 100.0 -1 0 0 0 1 0 0 0 -1 3001.DAT
0 STEP
1 86 320.0 -1848 110.0 0 0 1 0 1 0 -1 0 0 3002.DAT
0 STEP
1 86 320.0 -1896 90.0 -1 0 0 0 1 0 0 0 -1 3004.DAT
0 STEP
1 86 340.0 -1920 100.0 -1 0 0 0 1 0 0 0 -1 3001.DAT
0 STEP
1 86 320.0 -1968 110.0 0 0 1 0 1 0 -1 0 0 3002.DAT
0 STEP
1 86 310.0 -2016 110.0 0 0 1 0 1 0 -1 0 0 3622.DAT
0 STEP
1 86 320.0 -2064 110.0 0 0 1 0 1 0 -1 0 0 3002.DAT
0 STEP
1 86 310.0 -2112 120.0 0 0 1 0 1 0 -1 0 0 3010.DAT
0 STEP
1 86 330.0 -1728 110.0 -1 0 0 0 1 0 0 0 -1 3622.DAT
0 STEP
1 86 310.0 -1896 110.0 0 0 1 0 1 0 -1 0 0 3005.DAT
0 STEP
1 86 310.0 -2568 120.0 0 0 1 0 1 0 -1 0 0 3004.DAT
0 STEP
1 86 320.0 -2640 130.0 0 0 1 0 1 0 -1 0 0 3002.DAT
0 STEP
1 86 320.0 -2688 130.0 0 0 1 0 1 0 -1 0 0 3002.DAT
0 STEP
1 86 330.0 -2712 110.0 -1 0 0 0 1 0 0 0 -1 3622.DAT
0 STEP
1 86 340.0 -1776 130.0 -1 0 0 0 1 0 0 0 -1 3010.DAT
0 STEP
1 86 340.0 -1920 130.0 -1 0 0 0 1 0 0 0 -1 3010.DAT
0 STEP
1 86 310.0 -2040 160.0 0 0 1 0 1 0 -1 0 0 3010.DAT
0 STEP
1 86 330.0 -2712 140.0 -1 0 0 0 1 0 0 0 -1 3002.DAT
0 STEP
1 86 310.0 -2736 130.0 0 0 1 0 1 0 -1 0 0 3005.DAT
0 STEP
1 86 310.0 -1776 150.0 0 0 1 0 1 0 -1 0 0 3005.DAT
0 STEP
1 86 320.0 -2592 180.0 0 0 1 0 1 0 -1 0 0 3001.DAT
0 STEP
1 86 330.0 -2736 150.0 -1 0 0 0 1 0 0 0 -1 3622.DAT
0 STEP
1 86 310.0 -2760 180.0 0 0 1 0 1 0 -1 0 0 3010.DAT
0 STEP
1 86 360.0 -2784 160.0 -1 0 0 0 1 0 0 0 -1 2456.DAT
0 STEP
1 86 340.0 -2616 180.0 -1 0 0 0 1 0 0 0 -1 3001.DAT
0 STEP
1 86 320.0 -2664 190.0 -1 0 0 0 1 0 0 0 -1 3004.DAT
0 STEP
1 86 340.0 -2712 200.0 -1 0 0 0 1 0 0 0 -1 3001.DAT
0 STEP
1 86 380.0 -2784 190.0 -1 0 0 0 1 0 0 0 -1 3008.DAT
0 STEP
1 86 340.0 -1824 220.0 -1 0 0 0 1 0 0 0 -1 3001.DAT
0 STEP
1 86 320.0 -1848 230.0 0 0 1 0 1 0 -1 0 0 3002.DAT
0 STEP
1 86 320.0 -1872 230.0 0 0 1 0 1 0 -1 0 0 3002.DAT
0 STEP
1 86 340.0 -1992 220.0 -1 0 0 0 1 0 0 0 -1 3001.DAT
0 STEP
1 86 310.0 -2664 210.0 0 0 1 0 1 0 -1 0 0 3005.DAT
0 STEP
1 86 310.0 -2112 230.0 0 0 1 0 1 0 -1 0 0 3005.DAT
0 STEP
1 86 310.0 -2568 230.0 0 0 1 0 1 0 -1 0 0 3005.DAT
0 STEP
1 86 310.0 -2592 240.0 0 0 1 0 1 0 -1 0 0 3004.DAT
0 STEP
1 86 310.0 -1824 250.0 0 0 1 0 1 0 -1 0 0 3005.DAT
0 STEP
1 86 310.0 -1992 250.0 0 0 1 0 1 0 -1 0 0 3005.DAT
0 STEP
1 86 330.0 -1752 120.0 0 0 1 0 1 0 -1 0 0 3010.DAT
0 STEP
1 86 380.0 -1872 90.0 -1 0 0 0 1 0 0 0 -1 3009.DAT
0 STEP
1 86 330.0 -1992 100.0 0 0 1 0 1 0 -1 0 0 3004.DAT
0 STEP
1 86 330.0 -2016 120.0 0 0 1 0 1 0 -1 0 0 3010.DAT
0 STEP
1 86 330.0 -1800 120.0 0 0 1 0 1 0 -1 0 0 3004.DAT
0 STEP
1 86 330.0 -1896 120.0 0 0 1 0 1 0 -1 0 0 3004.DAT
0 STEP
1 86 350.0 -1944 120.0 -1 0 0 0 1 0 0 0 -1 3002.DAT
0 STEP
1 86 350.0 -2616 110.0 -1 0 0 0 1 0 0 0 -1 3622.DAT
0 STEP
1 86 350.0 -2664 110.0 -1 0 0 0 1 0 0 0 -1 3622.DAT
0 STEP
1 86 360.0 -1704 130.0 -1 0 0 0 1 0 0 0 -1 3010.DAT
0 STEP
1 86 340.0 -2040 160.0 0 0 1 0 1 0 -1 0 0 3001.DAT
0 STEP
1 86 360.0 -2736 130.0 -1 0 0 0 1 0 0 0 -1 3010.DAT
0 STEP
1 86 340.0 -2760 160.0 0 0 1 0 1 0 -1 0 0 3001.DAT
0 STEP
1 86 360.0 -1704 160.0 -1 0 0 0 1 0 0 0 -1 3001.DAT
0 STEP
1 86 330.0 -1752 190.0 0 0 1 0 1 0 -1 0 0 3622.DAT
0 STEP
1 86 340.0 -2016 180.0 0 0 1 0 1 0 -1 0 0 3003.DAT
0 STEP
1 86 330.0 -2640 170.0 0 0 1 0 1 0 -1 0 0 3005.DAT
0 STEP
1 86 340.0 -2736 200.0 0 0 1 0 1 0 -1 0 0 3001.DAT
0 STEP
1 86 360.0 -1704 200.0 -1 0 0 0 1 0 0 0 -1 3001.DAT
0 STEP
1 86 360.0 -2640 190.0 -1 0 0 0 1 0 0 0 -1 3010.DAT
0 STEP
1 86 340.0 -2688 210.0 0 0 1 0 1 0 -1 0 0 3002.DAT
0 STEP
1 86 340.0 -1776 230.0 0 0 1 0 1 0 -1 0 0 3002.DAT
0 STEP
1 86 380.0 -1896 210.0 -1 0 0 0 1 0 0 0 -1 3009.DAT
0 STEP
1 86 330.0 -1944 210.0 0 0 1 0 1 0 -1 0 0 3005.DAT
0 STEP
1 86 330.0 -1968 220.0 0 0 1 0 1 0 -1 0 0 3004.DAT
0 STEP
1 86 330.0 -2016 210.0 0 0 1 0 1 0 -1 0 0 3005.DAT
0 STEP
1 86 330.0 -2064 230.0 0 0 1 0 1 0 -1 0 0 3622.DAT
0 STEP
1 86 350.0 -2616 210.0 -1 0 0 0 1 0 0 0 -1 3622.DAT
0 STEP
1 86 330.0 -2664 220.0 0 0 1 0 1 0 -1 0 0 3004.DAT
0 STEP
1 86 340.0 -2760 210.0 -1 0 0 0 1 0 0 0 -1 3004.DAT
0 STEP
1 86 330.0 -2784 210.0 0 0 1 0 1 0 -1 0 0 3005.DAT
0 STEP
1 86 360.0 -1704 230.0 -1 0 0 0 1 0 0 0 -1 3010.DAT
0 STEP
1 86 350.0 -1752 240.0 -1 0 0 0 1 0 0 0 -1 3002.DAT
0 STEP
1 86 360.0 -1944 240.0 -1 0 0 0 1 0 0 0 -1 3001.DAT
0 STEP
1 86 330.0 -2592 230.0 0 0 1 0 1 0 -1 0 0 3005.DAT
0 STEP
1 86 330.0 -2616 240.0 0 0 1 0 1 0 -1 0 0 3004.DAT
0 STEP
1 86 340.0 -2640 230.0 -1 0 0 0 1 0 0 0 -1 3004.DAT
0 STEP
1 86 360.0 -1824 250.0 -1 0 0 0 1 0 0 0 -1 3010.DAT
0 STEP
1 86 360.0 -1992 250.0 -1 0 0 0 1 0 0 0 -1 3010.DAT
0 STEP
1 86 400.0 -1752 90.0 -1 0 0 0 1 0 0 0 -1 3009.DAT
0 STEP
1 86 360.0 -1800 110.0 0 0 1 0 1 0 -1 0 0 3002.DAT
0 STEP
1 86 360.0 -1848 110.0 0 0 1 0 1 0 -1 0 0 3002.DAT
0 STEP
1 86 350.0 -1896 110.0 0 0 1 0 1 0 -1 0 0 3622.DAT
0 STEP
1 86 380.0 -1968 90.0 -1 0 0 0 1 0 0 0 -1 3010.DAT
0 STEP
1 86 360.0 -1992 140.0 0 0 1 0 1 0 -1 0 0 2456.DAT
0 STEP
1 86 360.0 -2016 100.0 0 0 1 0 1 0 -1 0 0 3003.DAT
0 STEP
1 86 380.0 -1704 110.0 -1 0 0 0 1 0 0 0 -1 3010.DAT
0 STEP
1 86 350.0 -1752 140.0 0 0 1 0 1 0 -1 0 0 3010.DAT
0 STEP
1 86 370.0 -1968 110.0 -1 0 0 0 1 0 0 0 -1 3622.DAT
0 STEP
1 86 350.0 -2640 140.0 0 0 1 0 1 0 -1 0 0 3010.DAT
0 STEP
1 86 350.0 -2688 110.0 0 0 1 0 1 0 -1 0 0 3005.DAT
0 STEP
1 86 350.0 -1968 130.0 0 0 1 0 1 0 -1 0 0 3005.DAT
0 STEP
1 86 350.0 -2016 140.0 0 0 1 0 1 0 -1 0 0 3004.DAT
0 STEP
1 86 400.0 -2688 140.0 -1 0 0 0 1 0 0 0 -1 2456.DAT
0 STEP
1 86 360.0 -2664 190.0 0 0 1 0 1 0 -1 0 0 3002.DAT
0 STEP
1 86 350.0 -1752 190.0 0 0 1 0 1 0 -1 0 0 3005.DAT
0 STEP
1 86 360.0 -1752 210.0 -1 0 0 0 1 0 0 0 -1 3004.DAT
0 STEP
1 86 420.0 -1848 210.0 -1 0 0 0 1 0 0 0 -1 3008.DAT
0 STEP
1 86 360.0 -1872 230.0 0 0 1 0 1 0 -1 0 0 3002.DAT
0 STEP
1 86 380.0 -1944 210.0 -1 0 0 0 1 0 0 0 -1 3010.DAT
0 STEP
1 86 350.0 -1968 230.0 0 0 1 0 1 0 -1 0 0 3622.DAT
0 STEP
1 86 350.0 -2016 230.0 0 0 1 0 1 0 -1 0 0 3622.DAT
0 STEP
1 86 400.0 -2784 210.0 -1 0 0 0 1 0 0 0 -1 3009.DAT
0 STEP
1 86 350.0 -1800 240.0 0 0 1 0 1 0 -1 0 0 3004.DAT
0 STEP
1 86 420.0 -1848 240.0 -1 0 0 0 1 0 0 0 -1 3007.DAT
0 STEP
1 86 350.0 -2616 230.0 0 0 1 0 1 0 -1 0 0 3005.DAT
0 STEP
1 86 380.0 -2664 230.0 -1 0 0 0 1 0 0 0 -1 3010.DAT
0 STEP
1 86 380.0 -1728 120.0 0 0 1 0 1 0 -1 0 0 3001.DAT
0 STEP
1 86 390.0 -1896 90.0 -1 0 0 0 1 0 0 0 -1 3622.DAT
0 STEP
1 86 370.0 -1752 110.0 0 0 1 0 1 0 -1 0 0 3005.DAT
0 STEP
1 86 370.0 -1872 110.0 0 0 1 0 1 0 -1 0 0 3005.DAT
0 STEP
1 86 390.0 -1896 120.0 -1 0 0 0 1 0 0 0 -1 3002.DAT
0 STEP
1 86 380.0 -2640 140.0 0 0 1 0 1 0 -1 0 0 3001.DAT
0 STEP
1 86 400.0 -2688 110.0 -1 0 0 0 1 0 0 0 -1 3010.DAT
0 STEP
1 86 380.0 -2712 130.0 0 0 1 0 1 0 -1 0 0 3002.DAT
0 STEP
1 86 380.0 -1680 130.0 -1 0 0 0 1 0 0 0 -1 3004.DAT
0 STEP
1 86 400.0 -1752 130.0 -1 0 0 0 1 0 0 0 -1 3010.DAT
0 STEP
1 86 380.0 -1968 150.0 0 0 1 0 1 0 -1 0 0 3002.DAT
0 STEP
1 86 370.0 -2016 180.0 0 0 1 0 1 0 -1 0 0 3009.DAT
0 STEP
1 86 380.0 -2760 180.0 0 0 1 0 1 0 -1 0 0 2456.DAT
0 STEP
1 86 390.0 -1680 150.0 -1 0 0 0 1 0 0 0 -1 3622.DAT
0 STEP
1 86 370.0 -2736 160.0 0 0 1 0 1 0 -1 0 0 3004.DAT
0 STEP
1 86 390.0 -1680 180.0 -1 0 0 0 1 0 0 0 -1 3002.DAT
0 STEP
1 86 380.0 -1728 190.0 0 0 1 0 1 0 -1 0 0 3002.DAT
0 STEP
1 86 380.0 -2808 180.0 0 0 1 0 1 0 -1 0 0 3003.DAT
0 STEP
1 86 380.0 -1968 220.0 0 0 1 0 1 0 -1 0 0 3001.DAT
0 STEP
1 86 380.0 -2688 200.0 0 0 1 0 1 0 -1 0 0 3003.DAT
0 STEP
1 86 400.0 -2736 190.0 -1 0 0 0 1 0 0 0 -1 3010.DAT
0 STEP
1 86 400.0 -1680 220.0 -1 0 0 0 1 0 0 0 -1 3001.DAT
0 STEP
1 86 400.0 -1776 220.0 -1 0 0 0 1 0 0 0 -1 3001.DAT
0 STEP
1 86 370.0 -1800 230.0 0 0 1 0 1 0 -1 0 0 3622.DAT
0 STEP
1 86 370.0 -1920 230.0 0 0 1 0 1 0 -1 0 0 3622.DAT
0 STEP
1 86 370.0 -2640 220.0 0 0 1 0 1 0 -1 0 0 3004.DAT
0 STEP
1 86 400.0 -2736 220.0 -1 0 0 0 1 0 0 0 -1 3001.DAT
0 STEP
1 86 400.0 -1728 240.0 -1 0 0 0 1 0 0 0 -1 3001.DAT
0 STEP
1 86 400.0 -2688 230.0 -1 0 0 0 1 0 0 0 -1 3010.DAT
0 STEP
1 86 400.0 -1776 250.0 -1 0 0 0 1 0 0 0 -1 3010.DAT
0 STEP
1 86 400.0 -1776 110.0 0 0 1 0 1 0 -1 0 0 3002.DAT
0 STEP
1 86 420.0 -1800 90.0 -1 0 0 0 1 0 0 0 -1 3010.DAT
0 STEP
1 86 410.0 -1848 100.0 -1 0 0 0 1 0 0 0 -1 3002.DAT
0 STEP
1 86 400.0 -1920 110.0 0 0 1 0 1 0 -1 0 0 3002.DAT
0 STEP
1 86 390.0 -1992 90.0 0 0 1 0 1 0 -1 0 0 3005.DAT
0 STEP
1 86 420.0 -1752 110.0 -1 0 0 0 1 0 0 0 -1 3010.DAT
0 STEP
1 86 420.0 -1800 120.0 -1 0 0 0 1 0 0 0 -1 3001.DAT
0 STEP
1 86 440.0 -1872 110.0 -1 0 0 0 1 0 0 0 -1 3009.DAT
0 STEP
1 86 420.0 -1944 110.0 -1 0 0 0 1 0 0 0 -1 3010.DAT
0 STEP
1 86 390.0 -1992 160.0 0 0 1 0 1 0 -1 0 0 3009.DAT
0 STEP
1 86 400.0 -2664 160.0 0 0 1 0 1 0 -1 0 0 2456.DAT
0 STEP
1 86 410.0 -2736 110.0 -1 0 0 0 1 0 0 0 -1 3622.DAT
0 STEP
1 86 410.0 -1848 130.0 -1 0 0 0 1 0 0 0 -1 3622.DAT
0 STEP
1 86 410.0 -1944 140.0 -1 0 0 0 1 0 0 0 -1 3002.DAT
0 STEP
1 86 400.0 -2784 130.0 -1 0 0 0 1 0 0 0 -1 3004.DAT
0 STEP
1 86 400.0 -1464 170.0 0 0 1 0 1 0 -1 0 0 3002.DAT
0 STEP
1 86 390.0 -1488 160.0 0 0 1 0 1 0 -1 0 0 3004.DAT
0 STEP
1 86 410.0 -1512 160.0 -1 0 0 0 1 0 0 0 -1 3002.DAT
0 STEP
1 86 390.0 -1536 170.0 0 0 1 0 1 0 -1 0 0 3622.DAT
0 STEP
1 86 410.0 -1560 150.0 -1 0 0 0 1 0 0 0 -1 3622.DAT
0 STEP
1 86 390.0 -2736 150.0 0 0 1 0 1 0 -1 0 0 3005.DAT
0 STEP
1 86 390.0 -2808 150.0 0 0 1 0 1 0 -1 0 0 3005.DAT
0 STEP
1 86 410.0 -192 170.0 -1 0 0 0 1 0 0 0 -1 3622.DAT
0 STEP
1 86 400.0 -216 180.0 0 0 1 0 1 0 -1 0 0 3003.DAT
0 STEP
1 86 390.0 -240 180.0 0 0 1 0 1 0 -1 0 0 3004.DAT
0 STEP
1 86 410.0 -264 180.0 -1 0 0 0 1 0 0 0 -1 3002.DAT
0 STEP
1 86 390.0 -288 180.0 0 0 1 0 1 0 -1 0 0 3004.DAT
0 STEP
1 86 410.0 -312 180.0 -1 0 0 0 1 0 0 0 -1 3002.DAT
0 STEP
1 86 390.0 -336 180.0 0 0 1 0 1 0 -1 0 0 3004.DAT
0 STEP
1 86 410.0 -360 180.0 -1 0 0 0 1 0 0 0 -1 3002.DAT
0 STEP
1 86 410.0 -1560 180.0 -1 0 0 0 1 0 0 0 -1 3002.DAT
0 STEP
1 86 390.0 -1584 180.0 0 0 1 0 1 0 -1 0 0 3004.DAT
0 STEP
1 86 410.0 -1944 180.0 -1 0 0 0 1 0 0 0 -1 3002.DAT
0 STEP
1 86 420.0 -2688 170.0 -1 0 0 0 1 0 0 0 -1 3010.DAT
0 STEP
1 86 410.0 -1488 190.0 -1 0 0 0 1 0 0 0 -1 3622.DAT
0 STEP
1 86 390.0 -1512 190.0 0 0 1 0 1 0 -1 0 0 3005.DAT
0 STEP
1 86 390.0 -2712 210.0 0 0 1 0 1 0 -1 0 0 3622.DAT
0 STEP
1 86 420.0 -1752 220.0 -1 0 0 0 1 0 0 0 -1 3001.DAT
0 STEP
1 86 440.0 -1800 210.0 -1 0 0 0 1 0 0 0 -1 3009.DAT
0 STEP
1 86 390.0 -1824 220.0 0 0 1 0 1 0 -1 0 0 3004.DAT
0 STEP
1 86 400.0 -1872 230.0 0 0 1 0 1 0 -1 0 0 3002.DAT
0 STEP
1 86 400.0 -1920 230.0 0 0 1 0 1 0 -1 0 0 3002.DAT
0 STEP
1 86 390.0 -2640 210.0 0 0 1 0 1 0 -1 0 0 3005.DAT
0 STEP
1 86 420.0 -1800 230.0 -1 0 0 0 1 0 0 0 -1 3010.DAT
0 STEP
1 86 390.0 -1992 230.0 0 0 1 0 1 0 -1 0 0 3005.DAT
0 STEP
1 86 420.0 -2784 230.0 -1 0 0 0 1 0 0 0 -1 3010.DAT
0 STEP
1 86 390.0 -1752 250.0 0 0 1 0 1 0 -1 0 0 3005.DAT
0 STEP
1 86 460.0 -1800 250.0 -1 0 0 0 1 0 0 0 -1 3008.DAT
0 STEP
1 86 410.0 -1704 90.0 0 0 1 0 1 0 -1 0 0 3005.DAT
0 STEP
1 86 410.0 -1728 110.0 0 0 1 0 1 0 -1 0 0 3622.DAT
0 STEP
1 86 410.0 -1824 110.0 0 0 1 0 1 0 -1 0 0 3622.DAT
0 STEP
1 86 430.0 -1944 90.0 -1 0 0 0 1 0 0 0 -1 3622.DAT
0 STEP
1 86 410.0 -1440 140.0 0 0 1 0 1 0 -1 0 0 3010.DAT
0 STEP
1 86 440.0 -1464 110.0 -1 0 0 0 1 0 0 0 -1 3010.DAT
0 STEP
1 86 410.0 -1488 140.0 0 0 1 0 1 0 -1 0 0 3010.DAT
0 STEP
1 86 430.0 -1512 120.0 -1 0 0 0 1 0 0 0 -1 3002.DAT
0 STEP
1 86 410.0 -1536 160.0 0 0 1 0 1 0 -1 0 0 3009.DAT
0 STEP
1 86 430.0 -1560 120.0 -1 0 0 0 1 0 0 0 -1 3002.DAT
0 STEP
1 86 410.0 -1584 110.0 0 0 1 0 1 0 -1 0 0 3005.DAT
0 STEP
1 86 410.0 -1680 120.0 0 0 1 0 1 0 -1 0 0 3004.DAT
0 STEP
1 86 410.0 -1968 180.0 0 0 1 0 1 0 -1 0 0 3008.DAT
0 STEP
1 86 410.0 -2712 130.0 0 0 1 0 1 0 -1 0 0 3622.DAT
0 STEP
1 86 410.0 -2760 120.0 0 0 1 0 1 0 -1 0 0 3004.DAT
0 STEP
1 86 430.0 -216 140.0 -1 0 0 0 1 0 0 0 -1 3002.DAT
0 STEP
1 86 410.0 -240 180.0 0 0 1 0 1 0 -1 0 0 3009.DAT
0 STEP
1 86 430.0 -264 140.0 -1 0 0 0 1 0 0 0 -1 3002.DAT
0 STEP
1 86 410.0 -288 180.0 0 0 1 0 1 0 -1 0 0 3009.DAT
0 STEP
1 86 430.0 -312 140.0 -1 0 0 0 1 0 0 0 -1 3002.DAT
0 STEP
1 86 410.0 -336 180.0 0 0 1 0 1 0 -1 0 0 3009.DAT
0 STEP
1 86 430.0 -360 140.0 -1 0 0 0 1 0 0 0 -1 3002.DAT
0 STEP
1 86 420.0 -1416 140.0 0 0 1 0 1 0 -1 0 0 3003.DAT
0 STEP
1 86 430.0 -1464 130.0 -1 0 0 0 1 0 0 0 -1 3622.DAT
0 STEP
1 86 410.0 -1584 160.0 0 0 1 0 1 0 -1 0 0 3010.DAT
0 STEP
1 86 430.0 -1608 140.0 -1 0 0 0 1 0 0 0 -1 3002.DAT
0 STEP
1 86 420.0 -1656 140.0 0 0 1 0 1 0 -1 0 0 3003.DAT
0 STEP
1 86 410.0 -1704 160.0 0 0 1 0 1 0 -1 0 0 3010.DAT
0 STEP
1 86 410.0 -1872 130.0 0 0 1 0 1 0 -1 0 0 3005.DAT
0 STEP
1 86 430.0 -2736 140.0 -1 0 0 0 1 0 0 0 -1 3002.DAT
0 STEP
1 86 420.0 -120 160.0 0 0 1 0 1 0 -1 0 0 3003.DAT
0 STEP
1 86 410.0 -144 170.0 0 0 1 0 1 0 -1 0 0 3622.DAT
0 STEP
1 86 430.0 -168 150.0 -1 0 0 0 1 0 0 0 -1 3622.DAT
0 STEP
1 86 410.0 -192 150.0 0 0 1 0 1 0 -1 0 0 3005.DAT
0 STEP
1 86 410.0 -384 180.0 0 0 1 0 1 0 -1 0 0 3010.DAT
0 STEP
1 86 430.0 -408 160.0 -1 0 0 0 1 0 0 0 -1 3002.DAT
0 STEP
1 86 420.0 -1392 170.0 0 0 1 0 1 0 -1 0 0 3002.DAT
0 STEP
1 86 420.0 -1632 170.0 0 0 1 0 1 0 -1 0 0 3002.DAT
0 STEP
1 86 460.0 -1920 150.0 -1 0 0 0 1 0 0 0 -1 3009.DAT
0 STEP
1 86 420.0 -2760 180.0 0 0 1 0 1 0 -1 0 0 3001.DAT
0 STEP
1 86 410.0 -2808 180.0 0 0 1 0 1 0 -1 0 0 3010.DAT
0 STEP
1 86 410.0 -168 180.0 0 0 1 0 1 0 -1 0 0 3004.DAT
0 STEP
1 86 410.0 -432 180.0 0 0 1 0 1 0 -1 0 0 3004.DAT
0 STEP
1 86 430.0 -456 170.0 -1 0 0 0 1 0 0 0 -1 3622.DAT
0 STEP
1 86 410.0 -1416 180.0 0 0 1 0 1 0 -1 0 0 3004.DAT
0 STEP
1 86 420.0 -1608 190.0 0 0 1 0 1 0 -1 0 0 3002.DAT
0 STEP
1 86 430.0 -1656 170.0 -1 0 0 0 1 0 0 0 -1 3622.DAT
0 STEP
1 86 410.0 -1992 180.0 0 0 1 0 1 0 -1 0 0 3004.DAT
0 STEP
1 86 410.0 -2712 200.0 0 0 1 0 1 0 -1 0 0 3010.DAT
0 STEP
1 86 410.0 -120 190.0 0 0 1 0 1 0 -1 0 0 3005.DAT
0 STEP
1 86 430.0 -192 200.0 -1 0 0 0 1 0 0 0 -1 3002.DAT
0 STEP
1 86 430.0 -408 190.0 -1 0 0 0 1 0 0 0 -1 3622.DAT
0 STEP
1 86 430.0 -1440 200.0 -1 0 0 0 1 0 0 0 -1 3002.DAT
0 STEP
1 86 410.0 -1512 210.0 0 0 1 0 1 0 -1 0 0 3622.DAT
0 STEP
1 86 410.0 -1656 200.0 0 0 1 0 1 0 -1 0 0 3004.DAT
0 STEP
1 86 430.0 -2688 200.0 -1 0 0 0 1 0 0 0 -1 3002.DAT
0 STEP
1 86 410.0 -216 210.0 0 0 1 0 1 0 -1 0 0 3005.DAT
0 STEP
1 86 430.0 -264 220.0 -1 0 0 0 1 0 0 0 -1 3002.DAT
0 STEP
1 86 430.0 -312 220.0 -1 0 0 0 1 0 0 0 -1 3002.DAT
0 STEP
1 86 420.0 -360 210.0 -1 0 0 0 1 0 0 0 -1 3004.DAT
0 STEP
1 86 410.0 -1464 220.0 0 0 1 0 1 0 -1 0 0 3004.DAT
0 STEP
1 86 430.0 -1488 220.0 -1 0 0 0 1 0 0 0 -1 3002.DAT
0 STEP
1 86 410.0 -1560 220.0 0 0 1 0 1 0 -1 0 0 3004.DAT
0 STEP
1 86 430.0 -1584 220.0 -1 0 0 0 1 0 0 0 -1 3002.DAT
0 STEP
1 86 410.0 -1704 210.0 0 0 1 0 1 0 -1 0 0 3005.DAT
0 STEP
1 86 420.0 -1728 210.0 -1 0 0 0 1 0 0 0 -1 3004.DAT
0 STEP
1 86 420.0 -1824 230.0 0 0 1 0 1 0 -1 0 0 3002.DAT
0 STEP
1 86 430.0 -1536 230.0 -1 0 0 0 1 0 0 0 -1 3622.DAT
0 STEP
1 86 460.0 -1704 230.0 -1 0 0 0 1 0 0 0 -1 3009.DAT
0 STEP
1 86 410.0 -1896 230.0 0 0 1 0 1 0 -1 0 0 3005.DAT
0 STEP
1 86 440.0 -1944 230.0 -1 0 0 0 1 0 0 0 -1 3010.DAT
0 STEP
1 86 410.0 -2760 230.0 0 0 1 0 1 0 -1 0 0 3005.DAT
0 STEP
1 86 440.0 -1752 250.0 -1 0 0 0 1 0 0 0 -1 3010.DAT
0 STEP
1 86 430.0 -1944 250.0 -1 0 0 0 1 0 0 0 -1 3622.DAT
0 STEP
1 86 460.0 -264 90.0 -1 0 0 0 1 0 0 0 -1 3010.DAT
0 STEP
1 86 440.0 -288 110.0 0 0 1 0 1 0 -1 0 0 3002.DAT
0 STEP
1 86 450.0 -312 100.0 -1 0 0 0 1 0 0 0 -1 3002.DAT
0 STEP
1 86 430.0 -336 90.0 0 0 1 0 1 0 -1 0 0 3005.DAT
0 STEP
1 86 440.0 -1440 120.0 0 0 1 0 1 0 -1 0 0 3001.DAT
0 STEP
1 86 460.0 -1464 90.0 -1 0 0 0 1 0 0 0 -1 3010.DAT
0 STEP
1 86 430.0 -1488 120.0 0 0 1 0 1 0 -1 0 0 3010.DAT
0 STEP
1 86 460.0 -1512 90.0 -1 0 0 0 1 0 0 0 -1 3010.DAT
0 STEP
1 86 430.0 -1536 110.0 0 0 1 0 1 0 -1 0 0 3622.DAT
0 STEP
1 86 450.0 -1560 90.0 -1 0 0 0 1 0 0 0 -1 3622.DAT
0 STEP
1 86 440.0 -1584 120.0 0 0 1 0 1 0 -1 0 0 3001.DAT
0 STEP
1 86 430.0 -1704 110.0 0 0 1 0 1 0 -1 0 0 3622.DAT
0 STEP
1 86 500.0 -1728 90.0 -1 0 0 0 1 0 0 0 -1 3008.DAT
0 STEP
1 86 440.0 -1776 110.0 0 0 1 0 1 0 -1 0 0 3002.DAT
0 STEP
1 86 460.0 -1824 90.0 -1 0 0 0 1 0 0 0 -1 3010.DAT
0 STEP
1 86 430.0 -1896 110.0 0 0 1 0 1 0 -1 0 0 3622.DAT
0 STEP
1 86 460.0 -1920 90.0 -1 0 0 0 1 0 0 0 -1 3010.DAT
0 STEP
1 86 440.0 -120 110.0 -1 0 0 0 1 0 0 0 -1 3004.DAT
0 STEP
1 86 430.0 -144 140.0 0 0 1 0 1 0 -1 0 0 3010.DAT
0 STEP
1 86 460.0 -168 110.0 -1 0 0 0 1 0 0 0 -1 3010.DAT
0 STEP
1 86 440.0 -192 130.0 0 0 1 0 1 0 -1 0 0 3002.DAT
0 STEP
1 86 460.0 -216 110.0 -1 0 0 0 1 0 0 0 -1 3010.DAT
0 STEP
1 86 430.0 -240 140.0 0 0 1 0 1 0 -1 0 0 3010.DAT
0 STEP
1 86 450.0 -264 110.0 -1 0 0 0 1 0 0 0 -1 3622.DAT
0 STEP
1 86 430.0 -336 180.0 0 0 1 0 1 0 -1 0 0 3008.DAT
0 STEP
1 86 450.0 -360 110.0 -1 0 0 0 1 0 0 0 -1 3622.DAT
0 STEP
1 86 430.0 -384 160.0 0 0 1 0 1 0 -1 0 0 3009.DAT
0 STEP
1 86 440.0 -408 120.0 0 0 1 0 1 0 -1 0 0 3003.DAT
0 STEP
1 86 460.0 -432 110.0 -1 0 0 0 1 0 0 0 -1 3010.DAT
0 STEP
1 86 450.0 -1392 120.0 -1 0 0 0 1 0 0 0 -1 3002.DAT
0 STEP
1 86 430.0 -1416 110.0 0 0 1 0 1 0 -1 0 0 3005.DAT
0 STEP
1 86 450.0 -1608 110.0 -1 0 0 0 1 0 0 0 -1 3622.DAT
0 STEP
1 86 430.0 -1632 120.0 0 0 1 0 1 0 -1 0 0 3004.DAT
0 STEP
1 86 430.0 -1656 110.0 0 0 1 0 1 0 -1 0 0 3005.DAT
0 STEP
1 86 520.0 -1680 120.0 -1 0 0 0 1 0 0 0 -1 3006.DAT
0 STEP
1 86 480.0 -1728 110.0 -1 0 0 0 1 0 0 0 -1 3009.DAT
0 STEP
1 86 430.0 -1824 110.0 0 0 1 0 1 0 -1 0 0 3005.DAT
0 STEP
1 86 430.0 -1920 110.0 0 0 1 0 1 0 -1 0 0 3005.DAT
0 STEP
1 86 430.0 -1968 130.0 0 0 1 0 1 0 -1 0 0 3622.DAT
0 STEP
1 86 430.0 -2712 160.0 0 0 1 0 1 0 -1 0 0 3009.DAT
0 STEP
1 86 430.0 -2760 110.0 0 0 1 0 1 0 -1 0 0 3005.DAT
0 STEP
1 86 440.0 -96 160.0 0 0 1 0 1 0 -1 0 0 3001.DAT
0 STEP
1 86 430.0 -120 130.0 0 0 1 0 1 0 -1 0 0 3005.DAT
0 STEP
1 86 450.0 -168 130.0 -1 0 0 0 1 0 0 0 -1 3622.DAT
0 STEP
1 86 430.0 -432 160.0 0 0 1 0 1 0 -1 0 0 3010.DAT
0 STEP
1 86 450.0 -456 140.0 -1 0 0 0 1 0 0 0 -1 3002.DAT
0 STEP
1 86 460.0 -1728 130.0 -1 0 0 0 1 0 0 0 -1 3010.DAT
0 STEP
1 86 500.0 -1824 130.0 -1 0 0 0 1 0 0 0 -1 3008.DAT
0 STEP
1 86 460.0 -1872 130.0 -1 0 0 0 1 0 0 0 -1 3010.DAT
0 STEP
1 86 460.0 -1920 130.0 -1 0 0 0 1 0 0 0 -1 3010.DAT
0 STEP
1 86 500.0 -2760 130.0 -1 0 0 0 1 0 0 0 -1 3008.DAT
0 STEP
1 86 440.0 -2784 150.0 0 0 1 0 1 0 -1 0 0 3002.DAT
0 STEP
1 86 430.0 -288 200.0 0 0 1 0 1 0 -1 0 0 3009.DAT
0 STEP
1 86 430.0 -480 170.0 0 0 1 0 1 0 -1 0 0 3622.DAT
0 STEP
1 86 440.0 -504 170.0 0 0 1 0 1 0 -1 0 0 3002.DAT
0 STEP
1 86 450.0 -1296 160.0 -1 0 0 0 1 0 0 0 -1 3002.DAT
0 STEP
1 86 430.0 -1320 160.0 0 0 1 0 1 0 -1 0 0 3004.DAT
0 STEP
1 86 450.0 -1344 150.0 -1 0 0 0 1 0 0 0 -1 3622.DAT
0 STEP
1 86 430.0 -1368 160.0 0 0 1 0 1 0 -1 0 0 3004.DAT
0 STEP
1 86 430.0 -1464 180.0 0 0 1 0 1 0 -1 0 0 3010.DAT
0 STEP
1 86 430.0 -1536 180.0 0 0 1 0 1 0 -1 0 0 3010.DAT
0 STEP
1 86 430.0 -1680 170.0 0 0 1 0 1 0 -1 0 0 3622.DAT
0 STEP
1 86 440.0 -2808 180.0 0 0 1 0 1 0 -1 0 0 3001.DAT
0 STEP
1 86 440.0 -168 200.0 0 0 1 0 1 0 -1 0 0 3001.DAT
0 STEP
1 86 430.0 -216 200.0 0 0 1 0 1 0 -1 0 0 3010.DAT
0 STEP
1 86 450.0 -528 180.0 -1 0 0 0 1 0 0 0 -1 3002.DAT
0 STEP
1 86 430.0 -1344 180.0 0 0 1 0 1 0 -1 0 0 3004.DAT
0 STEP
1 86 430.0 -1416 200.0 0 0 1 0 1 0 -1 0 0 3010.DAT
0 STEP
1 86 440.0 -1440 170.0 -1 0 0 0 1 0 0 0 -1 3004.DAT
0 STEP
1 86 430.0 -1488 170.0 0 0 1 0 1 0 -1 0 0 3005.DAT
0 STEP
1 86 430.0 -1584 180.0 0 0 1 0 1 0 -1 0 0 3004.DAT
0 STEP
1 86 460.0 -1920 170.0 -1 0 0 0 1 0 0 0 -1 3010.DAT
0 STEP
1 86 430.0 -1968 200.0 0 0 1 0 1 0 -1 0 0 3010.DAT
0 STEP
1 86 440.0 -2736 170.0 -1 0 0 0 1 0 0 0 -1 3004.DAT
0 STEP
1 86 430.0 -120 210.0 0 0 1 0 1 0 -1 0 0 3622.DAT
0 STEP
1 86 440.0 -144 190.0 -1 0 0 0 1 0 0 0 -1 3004.DAT
0 STEP
1 86 430.0 -240 190.0 0 0 1 0 1 0 -1 0 0 3005.DAT
0 STEP
1 86 440.0 -456 200.0 0 0 1 0 1 0 -1 0 0 3003.DAT
0 STEP
1 86 440.0 -1320 190.0 -1 0 0 0 1 0 0 0 -1 3004.DAT
0 STEP
1 86 440.0 -1368 200.0 0 0 1 0 1 0 -1 0 0 3003.DAT
0 STEP
1 86 430.0 -1512 190.0 0 0 1 0 1 0 -1 0 0 3005.DAT
0 STEP
1 86 440.0 -1656 190.0 -1 0 0 0 1 0 0 0 -1 3004.DAT
0 STEP
1 86 430.0 -1920 220.0 0 0 1 0 1 0 -1 0 0 3010.DAT
0 STEP
1 86 450.0 -144 220.0 -1 0 0 0 1 0 0 0 -1 3002.DAT
0 STEP
1 86 440.0 -240 210.0 -1 0 0 0 1 0 0 0 -1 3004.DAT
0 STEP
1 86 450.0 -408 210.0 -1 0 0 0 1 0 0 0 -1 3622.DAT
0 STEP
1 86 430.0 -432 210.0 0 0 1 0 1 0 -1 0 0 3005.DAT
0 STEP
1 86 430.0 -1392 210.0 0 0 1 0 1 0 -1 0 0 3005.DAT
0 STEP
1 86 440.0 -1512 240.0 0 0 1 0 1 0 -1 0 0 3001.DAT
0 STEP
1 86 430.0 -1560 240.0 0 0 1 0 1 0 -1 0 0 3010.DAT
0 STEP
1 86 440.0 -1632 220.0 0 0 1 0 1 0 -1 0 0 3003.DAT
0 STEP
1 86 450.0 -1656 220.0 -1 0 0 0 1 0 0 0 -1 3002.DAT
0 STEP
1 86 480.0 -1704 210.0 -1 0 0 0 1 0 0 0 -1 3009.DAT
0 STEP
1 86 440.0 -1872 230.0 0 0 1 0 1 0 -1 0 0 3002.DAT
0 STEP
1 86 430.0 -1944 210.0 0 0 1 0 1 0 -1 0 0 3005.DAT
0 STEP
1 86 450.0 -192 230.0 -1 0 0 0 1 0 0 0 -1 3622.DAT
0 STEP
1 86 460.0 -240 240.0 -1 0 0 0 1 0 0 0 -1 3001.DAT
0 STEP
1 86 430.0 -360 230.0 0 0 1 0 1 0 -1 0 0 3005.DAT
0 STEP
1 86 460.0 -384 230.0 -1 0 0 0 1 0 0 0 -1 3010.DAT
0 STEP
1 86 450.0 -1440 240.0 -1 0 0 0 1 0 0 0 -1 3002.DAT
0 STEP
1 86 430.0 -1464 230.0 0 0 1 0 1 0 -1 0 0 3005.DAT
0 STEP
1 86 430.0 -1608 230.0 0 0 1 0 1 0 -1 0 0 3005.DAT
0 STEP
1 86 460.0 -1896 230.0 -1 0 0 0 1 0 0 0 -1 3010.DAT
0 STEP
1 86 460.0 -2712 230.0 -1 0 0 0 1 0 0 0 -1 3010.DAT
0 STEP
1 86 460.0 -2760 230.0 -1 0 0 0 1 0 0 0 -1 3010.DAT
0 STEP
1 86 440.0 -264 260.0 0 0 1 0 1 0 -1 0 0 3003.DAT
0 STEP
1 86 460.0 -312 250.0 -1 0 0 0 1 0 0 0 -1 3010.DAT
0 STEP
1 86 440.0 -1464 260.0 0 0 1 0 1 0 -1 0 0 3003.DAT
0 STEP
1 86 450.0 -1488 250.0 -1 0 0 0 1 0 0 0 -1 3622.DAT
0 STEP
1 86 430.0 -1536 260.0 0 0 1 0 1 0 -1 0 0 3004.DAT
0 STEP
1 86 440.0 -1584 250.0 -1 0 0 0 1 0 0 0 -1 3004.DAT
0 STEP
1 86 460.0 -1608 250.0 -1 0 0 0 1 0 0 0 -1 3010.DAT
0 STEP
1 86 460.0 -1704 250.0 -1 0 0 0 1 0 0 0 -1 3010.DAT
0 STEP
1 86 440.0 -1488 270.0 -1 0 0 0 1 0 0 0 -1 3004.DAT
0 STEP
1 86 480.0 -264 70.0 -1 0 0 0 1 0 0 0 -1 3010.DAT
0 STEP
1 86 450.0 -288 70.0 0 0 1 0 1 0 -1 0 0 3005.DAT
0 STEP
1 86 460.0 -312 70.0 -1 0 0 0 1 0 0 0 -1 3004.DAT
0 STEP
1 86 450.0 -1488 100.0 0 0 1 0 1 0 -1 0 0 3010.DAT
0 STEP
1 86 470.0 -1512 70.0 -1 0 0 0 1 0 0 0 -1 3622.DAT
0 STEP
1 86 460.0 -1536 90.0 0 0 1 0 1 0 -1 0 0 3002.DAT
0 STEP
1 86 480.0 -120 90.0 -1 0 0 0 1 0 0 0 -1 3010.DAT
0 STEP
1 86 450.0 -144 90.0 0 0 1 0 1 0 -1 0 0 3005.DAT
0 STEP
1 86 480.0 -168 90.0 -1 0 0 0 1 0 0 0 -1 3010.DAT
0 STEP
1 86 450.0 -192 90.0 0 0 1 0 1 0 -1 0 0 3005.DAT
0 STEP
1 86 470.0 -216 90.0 -1 0 0 0 1 0 0 0 -1 3622.DAT
0 STEP
1 86 450.0 -240 120.0 0 0 1 0 1 0 -1 0 0 3010.DAT
0 STEP
1 86 450.0 -336 120.0 0 0 1 0 1 0 -1 0 0 3010.DAT
0 STEP
1 86 520.0 -360 90.0 -1 0 0 0 1 0 0 0 -1 3008.DAT
0 STEP
1 86 450.0 -384 100.0 0 0 1 0 1 0 -1 0 0 3004.DAT
0 STEP
1 86 450.0 -408 90.0 0 0 1 0 1 0 -1 0 0 3005.DAT
0 STEP
1 86 460.0 -432 90.0 -1 0 0 0 1 0 0 0 -1 3004.DAT
0 STEP
1 86 450.0 -1392 90.0 0 0 1 0 1 0 -1 0 0 3005.DAT
0 STEP
1 86 450.0 -1416 90.0 0 0 1 0 1 0 -1 0 0 3005.DAT
0 STEP
1 86 460.0 -1608 90.0 -1 0 0 0 1 0 0 0 -1 3004.DAT
0 STEP
1 86 450.0 -1632 90.0 0 0 1 0 1 0 -1 0 0 3005.DAT
0 STEP
1 86 450.0 -1656 120.0 0 0 1 0 1 0 -1 0 0 3010.DAT
0 STEP
1 86 460.0 -1704 110.0 0 0 1 0 1 0 -1 0 0 3002.DAT
0 STEP
1 86 460.0 -1848 110.0 0 0 1 0 1 0 -1 0 0 3002.DAT
0 STEP
1 86 470.0 -1872 90.0 -1 0 0 0 1 0 0 0 -1 3622.DAT
0 STEP
1 86 450.0 -1896 140.0 0 0 1 0 1 0 -1 0 0 3009.DAT
0 STEP
1 86 520.0 -96 110.0 -1 0 0 0 1 0 0 0 -1 3008.DAT
0 STEP
1 86 480.0 -144 110.0 -1 0 0 0 1 0 0 0 -1 3010.DAT
0 STEP
1 86 480.0 -456 110.0 -1 0 0 0 1 0 0 0 -1 3010.DAT
0 STEP
1 86 450.0 -480 130.0 0 0 1 0 1 0 -1 0 0 3622.DAT
0 STEP
1 86 450.0 -504 110.0 0 0 1 0 1 0 -1 0 0 3005.DAT
0 STEP
1 86 450.0 -528 120.0 0 0 1 0 1 0 -1 0 0 3004.DAT
0 STEP
1 86 500.0 -552 110.0 -1 0 0 0 1 0 0 0 -1 3009.DAT
0 STEP
1 86 500.0 -1272 110.0 -1 0 0 0 1 0 0 0 -1 3009.DAT
0 STEP
1 86 460.0 -1296 120.0 0 0 1 0 1 0 -1 0 0 3003.DAT
0 STEP
1 86 450.0 -1320 140.0 0 0 1 0 1 0 -1 0 0 3010.DAT
0 STEP
1 86 480.0 -1344 110.0 -1 0 0 0 1 0 0 0 -1 3010.DAT
0 STEP
1 86 450.0 -1368 140.0 0 0 1 0 1 0 -1 0 0 3010.DAT
0 STEP
1 86 450.0 -1416 140.0 0 0 1 0 1 0 -1 0 0 3010.DAT
0 STEP
1 86 480.0 -1632 110.0 -1 0 0 0 1 0 0 0 -1 3010.DAT
0 STEP
1 86 480.0 -1824 110.0 -1 0 0 0 1 0 0 0 -1 3010.DAT
0 STEP
1 86 480.0 -1920 110.0 -1 0 0 0 1 0 0 0 -1 3010.DAT
0 STEP
1 86 460.0 -48 160.0 0 0 1 0 1 0 -1 0 0 3001.DAT
0 STEP
1 86 450.0 -72 140.0 0 0 1 0 1 0 -1 0 0 3004.DAT
0 STEP
1 86 450.0 -120 150.0 0 0 1 0 1 0 -1 0 0 3622.DAT
0 STEP
1 86 460.0 -144 130.0 -1 0 0 0 1 0 0 0 -1 3004.DAT
0 STEP
1 86 460.0 -384 130.0 -1 0 0 0 1 0 0 0 -1 3004.DAT
0 STEP
1 86 450.0 -432 180.0 0 0 1 0 1 0 -1 0 0 3009.DAT
0 STEP
1 86 470.0 -504 130.0 -1 0 0 0 1 0 0 0 -1 3622.DAT
0 STEP
1 86 450.0 -552 160.0 0 0 1 0 1 0 -1 0 0 3010.DAT
0 STEP
1 86 460.0 -576 130.0 -1 0 0 0 1 0 0 0 -1 3004.DAT
0 STEP
1 86 450.0 -600 160.0 0 0 1 0 1 0 -1 0 0 3010.DAT
0 STEP
1 86 460.0 -624 160.0 0 0 1 0 1 0 -1 0 0 3001.DAT
0 STEP
1 86 450.0 -648 130.0 0 0 1 0 1 0 -1 0 0 3005.DAT
0 STEP
1 86 480.0 -672 130.0 -1 0 0 0 1 0 0 0 -1 3010.DAT
0 STEP
1 86 450.0 -696 160.0 0 0 1 0 1 0 -1 0 0 3010.DAT
0 STEP
1 86 460.0 -1104 160.0 0 0 1 0 1 0 -1 0 0 3001.DAT
0 STEP
1 86 500.0 -1128 130.0 -1 0 0 0 1 0 0 0 -1 3009.DAT
0 STEP
1 86 450.0 -1152 130.0 0 0 1 0 1 0 -1 0 0 3005.DAT
0 STEP
1 86 450.0 -1176 140.0 0 0 1 0 1 0 -1 0 0 3004.DAT
0 STEP
1 86 460.0 -1200 130.0 -1 0 0 0 1 0 0 0 -1 3004.DAT
0 STEP
1 86 450.0 -1224 130.0 0 0 1 0 1 0 -1 0 0 3005.DAT
0 STEP
1 86 460.0 -1248 130.0 -1 0 0 0 1 0 0 0 -1 3004.DAT
0 STEP
1 86 450.0 -1272 160.0 0 0 1 0 1 0 -1 0 0 3010.DAT
0 STEP
1 86 470.0 -1344 130.0 -1 0 0 0 1 0 0 0 -1 3622.DAT
0 STEP
1 86 450.0 -1536 130.0 0 0 1 0 1 0 -1 0 0 3005.DAT
0 STEP
1 86 460.0 -1632 130.0 -1 0 0 0 1 0 0 0 -1 3004.DAT
0 STEP
1 86 450.0 -1752 130.0 0 0 1 0 1 0 -1 0 0 3005.DAT
0 STEP
1 86 450.0 -1944 130.0 0 0 1 0 1 0 -1 0 0 3005.DAT
0 STEP
1 86 480.0 -2712 140.0 -1 0 0 0 1 0 0 0 -1 3001.DAT
0 STEP
1 86 450.0 -144 160.0 0 0 1 0 1 0 -1 0 0 3004.DAT
0 STEP
1 86 450.0 -288 150.0 0 0 1 0 1 0 -1 0 0 3005.DAT
0 STEP
1 86 450.0 -384 180.0 0 0 1 0 1 0 -1 0 0 3010.DAT
0 STEP
1 86 470.0 -528 150.0 -1 0 0 0 1 0 0 0 -1 3622.DAT
0 STEP
1 86 460.0 -576 180.0 0 0 1 0 1 0 -1 0 0 3001.DAT
0 STEP
1 86 450.0 -648 180.0 0 0 1 0 1 0 -1 0 0 3010.DAT
0 STEP
1 86 470.0 -672 150.0 -1 0 0 0 1 0 0 0 -1 3622.DAT
0 STEP
1 86 470.0 -720 160.0 -1 0 0 0 1 0 0 0 -1 3002.DAT
0 STEP
1 86 460.0 -744 180.0 0 0 1 0 1 0 -1 0 0 3001.DAT
0 STEP
1 86 470.0 -768 150.0 -1 0 0 0 1 0 0 0 -1 3622.DAT
0 STEP
1 86 450.0 -792 160.0 0 0 1 0 1 0 -1 0 0 3004.DAT
0 STEP
1 86 470.0 -816 160.0 -1 0 0 0 1 0 0 0 -1 3002.DAT
0 STEP
1 86 450.0 -840 180.0 0 0 1 0 1 0 -1 0 0 3010.DAT
0 STEP
1 86 470.0 -864 150.0 -1 0 0 0 1 0 0 0 -1 3622.DAT
0 STEP
1 86 470.0 -888 150.0 -1 0 0 0 1 0 0 0 -1 3622.DAT
0 STEP
1 86 450.0 -912 180.0 0 0 1 0 1 0 -1 0 0 3010.DAT
0 STEP
1 86 470.0 -936 150.0 -1 0 0 0 1 0 0 0 -1 3622.DAT
0 STEP
1 86 450.0 -960 180.0 0 0 1 0 1 0 -1 0 0 3010.DAT
0 STEP
1 86 450.0 -984 160.0 0 0 1 0 1 0 -1 0 0 3004.DAT
0 STEP
1 86 470.0 -1008 160.0 -1 0 0 0 1 0 0 0 -1 3002.DAT
0 STEP
1 86 450.0 -1032 160.0 0 0 1 0 1 0 -1 0 0 3004.DAT
0 STEP
1 86 470.0 -1056 160.0 -1 0 0 0 1 0 0 0 -1 3002.DAT
0 STEP
1 86 450.0 -1080 160.0 0 0 1 0 1 0 -1 0 0 3004.DAT
0 STEP
1 86 470.0 -1128 160.0 -1 0 0 0 1 0 0 0 -1 3002.DAT
0 STEP
1 86 450.0 -1152 180.0 0 0 1 0 1 0 -1 0 0 3010.DAT
0 STEP
1 86 450.0 -1200 180.0 0 0 1 0 1 0 -1 0 0 3010.DAT
0 STEP
1 86 470.0 -1224 160.0 -1 0 0 0 1 0 0 0 -1 3002.DAT
0 STEP
1 86 450.0 -1248 180.0 0 0 1 0 1 0 -1 0 0 3010.DAT
0 STEP
1 86 450.0 -1392 200.0 0 0 1 0 1 0 -1 0 0 3009.DAT
0 STEP
1 86 450.0 -1632 170.0 0 0 1 0 1 0 -1 0 0 3622.DAT
0 STEP
1 86 450.0 -1680 150.0 0 0 1 0 1 0 -1 0 0 3005.DAT
0 STEP
1 86 450.0 -1944 180.0 0 0 1 0 1 0 -1 0 0 3010.DAT
0 STEP
1 86 520.0 -2760 160.0 -1 0 0 0 1 0 0 0 -1 3007.DAT
0 STEP
1 86 470.0 -72 170.0 -1 0 0 0 1 0 0 0 -1 3622.DAT
0 STEP
1 86 460.0 -480 170.0 -1 0 0 0 1 0 0 0 -1 3004.DAT
0 STEP
1 86 450.0 -672 190.0 0 0 1 0 1 0 -1 0 0 3622.DAT
0 STEP
1 86 450.0 -768 190.0 0 0 1 0 1 0 -1 0 0 3622.DAT
0 STEP
1 86 460.0 -864 190.0 0 0 1 0 1 0 -1 0 0 3002.DAT
0 STEP
1 86 470.0 -888 180.0 -1 0 0 0 1 0 0 0 -1 3002.DAT
0 STEP
1 86 470.0 -936 180.0 -1 0 0 0 1 0 0 0 -1 3002.DAT
0 STEP
1 86 470.0 -1176 180.0 -1 0 0 0 1 0 0 0 -1 3002.DAT
0 STEP
1 86 460.0 -1344 200.0 0 0 1 0 1 0 -1 0 0 3001.DAT
0 STEP
1 86 450.0 -1608 190.0 0 0 1 0 1 0 -1 0 0 3622.DAT
0 STEP
1 86 480.0 -2712 180.0 -1 0 0 0 1 0 0 0 -1 3001.DAT
0 STEP
1 86 450.0 -72 200.0 0 0 1 0 1 0 -1 0 0 3004.DAT
0 STEP
1 86 450.0 -120 220.0 0 0 1 0 1 0 -1 0 0 3010.DAT
0 STEP
1 86 450.0 -480 210.0 0 0 1 0 1 0 -1 0 0 3622.DAT
0 STEP
1 86 450.0 -720 200.0 0 0 1 0 1 0 -1 0 0 3004.DAT
0 STEP
1 86 470.0 -792 190.0 -1 0 0 0 1 0 0 0 -1 3622.DAT
0 STEP
1 86 470.0 -816 200.0 -1 0 0 0 1 0 0 0 -1 3002.DAT
0 STEP
1 86 460.0 -984 200.0 0 0 1 0 1 0 -1 0 0 3003.DAT
0 STEP
1 86 450.0 -1008 200.0 0 0 1 0 1 0 -1 0 0 3004.DAT
0 STEP
1 86 460.0 -1032 200.0 0 0 1 0 1 0 -1 0 0 3003.DAT
0 STEP
1 86 450.0 -1056 200.0 0 0 1 0 1 0 -1 0 0 3004.DAT
0 STEP
1 86 470.0 -1080 190.0 -1 0 0 0 1 0 0 0 -1 3622.DAT
0 STEP
1 86 470.0 -1128 190.0 -1 0 0 0 1 0 0 0 -1 3622.DAT
0 STEP
1 86 470.0 -1224 190.0 -1 0 0 0 1 0 0 0 -1 3622.DAT
0 STEP
1 86 460.0 -1296 210.0 0 0 1 0 1 0 -1 0 0 3002.DAT
0 STEP
1 86 450.0 -1416 190.0 0 0 1 0 1 0 -1 0 0 3005.DAT
0 STEP
1 86 460.0 -1680 200.0 0 0 1 0 1 0 -1 0 0 3003.DAT
0 STEP
1 86 470.0 -1920 190.0 -1 0 0 0 1 0 0 0 -1 3622.DAT
0 STEP
1 86 450.0 -2736 210.0 0 0 1 0 1 0 -1 0 0 3622.DAT
0 STEP
1 86 500.0 -2760 190.0 -1 0 0 0 1 0 0 0 -1 3009.DAT
0 STEP
1 86 520.0 -48 210.0 -1 0 0 0 1 0 0 0 -1 3008.DAT
0 STEP
1 86 450.0 -96 220.0 0 0 1 0 1 0 -1 0 0 3004.DAT
0 STEP
1 86 450.0 -216 230.0 0 0 1 0 1 0 -1 0 0 3622.DAT
0 STEP
1 86 450.0 -288 240.0 0 0 1 0 1 0 -1 0 0 3010.DAT
0 STEP
1 86 450.0 -336 210.0 0 0 1 0 1 0 -1 0 0 3005.DAT
0 STEP
1 86 450.0 -360 230.0 0 0 1 0 1 0 -1 0 0 3622.DAT
0 STEP
1 86 450.0 -504 210.0 0 0 1 0 1 0 -1 0 0 3005.DAT
0 STEP
1 86 480.0 -528 210.0 -1 0 0 0 1 0 0 0 -1 3010.DAT
0 STEP
1 86 450.0 -552 210.0 0 0 1 0 1 0 -1 0 0 3005.DAT
0 STEP
1 86 450.0 -600 210.0 0 0 1 0 1 0 -1 0 0 3005.DAT
0 STEP
1 86 470.0 -624 210.0 -1 0 0 0 1 0 0 0 -1 3622.DAT
0 STEP
1 86 450.0 -696 210.0 0 0 1 0 1 0 -1 0 0 3005.DAT
0 STEP
1 86 520.0 -792 210.0 -1 0 0 0 1 0 0 0 -1 3008.DAT
0 STEP
1 86 450.0 -888 210.0 0 0 1 0 1 0 -1 0 0 3005.DAT
0 STEP
1 86 500.0 -936 210.0 -1 0 0 0 1 0 0 0 -1 3009.DAT
0 STEP
1 86 450.0 -1080 210.0 0 0 1 0 1 0 -1 0 0 3005.DAT
0 STEP
1 86 460.0 -1104 210.0 -1 0 0 0 1 0 0 0 -1 3004.DAT
0 STEP
1 86 450.0 -1128 210.0 0 0 1 0 1 0 -1 0 0 3005.DAT
0 STEP
1 86 500.0 -1176 210.0 -1 0 0 0 1 0 0 0 -1 3009.DAT
0 STEP
1 86 480.0 -1224 210.0 -1 0 0 0 1 0 0 0 -1 3010.DAT
0 STEP
1 86 450.0 -1272 210.0 0 0 1 0 1 0 -1 0 0 3005.DAT
0 STEP
1 86 480.0 -1320 210.0 -1 0 0 0 1 0 0 0 -1 3010.DAT
0 STEP
1 86 460.0 -1416 220.0 0 0 1 0 1 0 -1 0 0 3003.DAT
0 STEP
1 86 450.0 -1464 220.0 0 0 1 0 1 0 -1 0 0 3004.DAT
0 STEP
1 86 450.0 -1536 210.0 0 0 1 0 1 0 -1 0 0 3005.DAT
0 STEP
1 86 450.0 -1560 210.0 0 0 1 0 1 0 -1 0 0 3005.DAT
0 STEP
1 86 460.0 -1728 230.0 0 0 1 0 1 0 -1 0 0 3002.DAT
0 STEP
1 86 460.0 -1776 230.0 0 0 1 0 1 0 -1 0 0 3002.DAT
0 STEP
1 86 460.0 -1824 230.0 0 0 1 0 1 0 -1 0 0 3002.DAT
0 STEP
1 86 450.0 -1896 210.0 0 0 1 0 1 0 -1 0 0 3005.DAT
0 STEP
1 86 480.0 -1920 210.0 -1 0 0 0 1 0 0 0 -1 3010.DAT
0 STEP
1 86 480.0 -2712 210.0 -1 0 0 0 1 0 0 0 -1 3010.DAT
0 STEP
1 86 470.0 -2760 210.0 -1 0 0 0 1 0 0 0 -1 3622.DAT
0 STEP
1 86 460.0 -336 250.0 0 0 1 0 1 0 -1 0 0 3002.DAT
0 STEP
1 86 450.0 -408 230.0 0 0 1 0 1 0 -1 0 0 3005.DAT
0 STEP
1 86 450.0 -456 230.0 0 0 1 0 1 0 -1 0 0 3005.DAT
0 STEP
1 86 460.0 -504 230.0 -1 0 0 0 1 0 0 0 -1 3004.DAT
0 STEP
1 86 450.0 -1320 230.0 0 0 1 0 1 0 -1 0 0 3005.DAT
0 STEP
1 86 500.0 -1368 230.0 -1 0 0 0 1 0 0 0 -1 3009.DAT
0 STEP
1 86 460.0 -1560 250.0 0 0 1 0 1 0 -1 0 0 3002.DAT
0 STEP
1 86 480.0 -1608 230.0 -1 0 0 0 1 0 0 0 -1 3010.DAT
0 STEP
1 86 470.0 -1680 230.0 -1 0 0 0 1 0 0 0 -1 3622.DAT
0 STEP
1 86 470.0 -1920 240.0 -1 0 0 0 1 0 0 0 -1 3002.DAT
0 STEP
1 86 500.0 -144 250.0 -1 0 0 0 1 0 0 0 -1 3009.DAT
0 STEP
1 86 450.0 -168 250.0 0 0 1 0 1 0 -1 0 0 3005.DAT
0 STEP
1 86 500.0 -192 250.0 -1 0 0 0 1 0 0 0 -1 3009.DAT
0 STEP
1 86 480.0 -384 250.0 -1 0 0 0 1 0 0 0 -1 3010.DAT
0 STEP
1 86 460.0 -1368 250.0 -1 0 0 0 1 0 0 0 -1 3004.DAT
0 STEP
1 86 480.0 -1416 250.0 -1 0 0 0 1 0 0 0 -1 3010.DAT
0 STEP
1 86 500.0 -1536 250.0 -1 0 0 0 1 0 0 0 -1 3009.DAT
0 STEP
1 86 450.0 -1632 250.0 0 0 1 0 1 0 -1 0 0 3005.DAT
0 STEP
1 86 470.0 -1896 250.0 -1 0 0 0 1 0 0 0 -1 3622.DAT
0 STEP
1 86 500.0 -240 270.0 -1 0 0 0 1 0 0 0 -1 3009.DAT
0 STEP
1 86 470.0 -312 270.0 -1 0 0 0 1 0 0 0 -1 3622.DAT
0 STEP
1 86 470.0 -1440 270.0 -1 0 0 0 1 0 0 0 -1 3622.DAT
0 STEP
1 86 480.0 -1536 270.0 -1 0 0 0 1 0 0 0 -1 3010.DAT
0 STEP
1 86 450.0 -1584 270.0 0 0 1 0 1 0 -1 0 0 3005.DAT
0 STEP
1 86 480.0 -1608 270.0 -1 0 0 0 1 0 0 0 -1 3010.DAT
0 STEP
1 86 480.0 -264 50.0 -1 0 0 0 1 0 0 0 -1 3004.DAT
0 STEP
1 86 470.0 -288 80.0 0 0 1 0 1 0 -1 0 0 3010.DAT
0 STEP
1 86 470.0 -312 50.0 0 0 1 0 1 0 -1 0 0 3005.DAT
0 STEP
1 86 470.0 -1488 70.0 0 0 1 0 1 0 -1 0 0 3622.DAT
0 STEP
1 86 480.0 -1512 50.0 -1 0 0 0 1 0 0 0 -1 3004.DAT
0 STEP
1 86 490.0 -120 70.0 -1 0 0 0 1 0 0 0 -1 3622.DAT
0 STEP
1 86 470.0 -144 80.0 0 0 1 0 1 0 -1 0 0 3004.DAT
0 STEP
1 86 540.0 -168 70.0 -1 0 0 0 1 0 0 0 -1 3008.DAT
0 STEP
1 86 470.0 -192 100.0 0 0 1 0 1 0 -1 0 0 3010.DAT
0 STEP
1 86 480.0 -216 70.0 -1 0 0 0 1 0 0 0 -1 3004.DAT
0 STEP
1 86 470.0 -240 90.0 0 0 1 0 1 0 -1 0 0 3622.DAT
0 STEP
1 86 520.0 -336 80.0 -1 0 0 0 1 0 0 0 -1 2456.DAT
0 STEP
1 86 490.0 -360 70.0 -1 0 0 0 1 0 0 0 -1 3622.DAT
0 STEP
1 86 480.0 -384 90.0 0 0 1 0 1 0 -1 0 0 3002.DAT
0 STEP
1 86 470.0 -408 100.0 0 0 1 0 1 0 -1 0 0 3010.DAT
0 STEP
1 86 470.0 -432 70.0 0 0 1 0 1 0 -1 0 0 3005.DAT
0 STEP
1 86 480.0 -1392 80.0 0 0 1 0 1 0 -1 0 0 3003.DAT
0 STEP
1 86 470.0 -1416 90.0 0 0 1 0 1 0 -1 0 0 3622.DAT
0 STEP
1 86 470.0 -1440 70.0 0 0 1 0 1 0 -1 0 0 3005.DAT
0 STEP
1 86 490.0 -1464 70.0 -1 0 0 0 1 0 0 0 -1 3622.DAT
0 STEP
1 86 500.0 -1560 70.0 -1 0 0 0 1 0 0 0 -1 3010.DAT
0 STEP
1 86 480.0 -1584 90.0 0 0 1 0 1 0 -1 0 0 3002.DAT
0 STEP
1 86 500.0 -1608 70.0 -1 0 0 0 1 0 0 0 -1 3010.DAT
0 STEP
1 86 490.0 -1632 80.0 -1 0 0 0 1 0 0 0 -1 3002.DAT
0 STEP
1 86 470.0 -96 90.0 0 0 1 0 1 0 -1 0 0 3005.DAT
0 STEP
1 86 490.0 -456 90.0 -1 0 0 0 1 0 0 0 -1 3622.DAT
0 STEP
1 86 470.0 -480 100.0 0 0 1 0 1 0 -1 0 0 3004.DAT
0 STEP
1 86 500.0 -504 100.0 -1 0 0 0 1 0 0 0 -1 3001.DAT
0 STEP
1 86 470.0 -528 110.0 0 0 1 0 1 0 -1 0 0 3622.DAT
0 STEP
1 86 500.0 -552 90.0 -1 0 0 0 1 0 0 0 -1 3010.DAT
0 STEP
1 86 480.0 -1320 110.0 0 0 1 0 1 0 -1 0 0 3002.DAT
0 STEP
1 86 500.0 -1344 90.0 -1 0 0 0 1 0 0 0 -1 3010.DAT
0 STEP
1 86 480.0 -1368 110.0 0 0 1 0 1 0 -1 0 0 3002.DAT
0 STEP
1 86 500.0 -1440 90.0 -1 0 0 0 1 0 0 0 -1 3010.DAT
0 STEP
1 86 470.0 -1656 110.0 0 0 1 0 1 0 -1 0 0 3622.DAT
0 STEP
1 86 520.0 -1680 90.0 -1 0 0 0 1 0 0 0 -1 3009.DAT
0 STEP
1 86 470.0 -1752 110.0 0 0 1 0 1 0 -1 0 0 3622.DAT
0 STEP
1 86 500.0 -1776 90.0 -1 0 0 0 1 0 0 0 -1 3010.DAT
0 STEP
1 86 470.0 -1800 110.0 0 0 1 0 1 0 -1 0 0 3622.DAT
0 STEP
1 86 470.0 -1896 110.0 0 0 1 0 1 0 -1 0 0 3622.DAT
0 STEP
1 86 480.0 -48 110.0 -1 0 0 0 1 0 0 0 -1 3004.DAT
0 STEP
1 86 470.0 -72 130.0 0 0 1 0 1 0 -1 0 0 3622.DAT
0 STEP
1 86 470.0 -120 120.0 0 0 1 0 1 0 -1 0 0 3004.DAT
0 STEP
1 86 470.0 -336 110.0 0 0 1 0 1 0 -1 0 0 3005.DAT
0 STEP
1 86 470.0 -576 110.0 0 0 1 0 1 0 -1 0 0 3005.DAT
0 STEP
1 86 470.0 -600 140.0 0 0 1 0 1 0 -1 0 0 3010.DAT
0 STEP
1 86 500.0 -624 110.0 -1 0 0 0 1 0 0 0 -1 3010.DAT
0 STEP
1 86 470.0 -648 140.0 0 0 1 0 1 0 -1 0 0 3010.DAT
0 STEP
1 86 500.0 -672 110.0 -1 0 0 0 1 0 0 0 -1 3010.DAT
0 STEP
1 86 470.0 -696 140.0 0 0 1 0 1 0 -1 0 0 3010.DAT
0 STEP
1 86 480.0 -720 120.0 0 0 1 0 1 0 -1 0 0 3003.DAT
0 STEP
1 86 500.0 -744 110.0 -1 0 0 0 1 0 0 0 -1 3010.DAT
0 STEP
1 86 480.0 -768 110.0 -1 0 0 0 1 0 0 0 -1 3004.DAT
0 STEP
1 86 470.0 -792 110.0 0 0 1 0 1 0 -1 0 0 3005.DAT
0 STEP
1 86 480.0 -816 110.0 -1 0 0 0 1 0 0 0 -1 3004.DAT
0 STEP
1 86 470.0 -840 110.0 0 0 1 0 1 0 -1 0 0 3005.DAT
0 STEP
1 86 480.0 -864 120.0 0 0 1 0 1 0 -1 0 0 3003.DAT
0 STEP
1 86 470.0 -888 110.0 0 0 1 0 1 0 -1 0 0 3005.DAT
0 STEP
1 86 480.0 -912 140.0 0 0 1 0 1 0 -1 0 0 3001.DAT
0 STEP
1 86 490.0 -936 120.0 -1 0 0 0 1 0 0 0 -1 3002.DAT
0 STEP
1 86 500.0 -960 110.0 -1 0 0 0 1 0 0 0 -1 3010.DAT
0 STEP
1 86 470.0 -984 140.0 0 0 1 0 1 0 -1 0 0 3010.DAT
0 STEP
1 86 500.0 -1008 120.0 -1 0 0 0 1 0 0 0 -1 3001.DAT
0 STEP
1 86 470.0 -1032 140.0 0 0 1 0 1 0 -1 0 0 3010.DAT
0 STEP
1 86 500.0 -1056 120.0 -1 0 0 0 1 0 0 0 -1 3001.DAT
0 STEP
1 86 480.0 -1080 140.0 0 0 1 0 1 0 -1 0 0 3001.DAT
0 STEP
1 86 470.0 -1104 110.0 0 0 1 0 1 0 -1 0 0 3005.DAT
0 STEP
1 86 500.0 -1128 110.0 -1 0 0 0 1 0 0 0 -1 3010.DAT
0 STEP
1 86 470.0 -1152 160.0 0 0 1 0 1 0 -1 0 0 3009.DAT
0 STEP
1 86 500.0 -1176 120.0 -1 0 0 0 1 0 0 0 -1 3001.DAT
0 STEP
1 86 470.0 -1200 110.0 0 0 1 0 1 0 -1 0 0 3005.DAT
0 STEP
1 86 500.0 -1224 120.0 -1 0 0 0 1 0 0 0 -1 3001.DAT
0 STEP
1 86 470.0 -1248 110.0 0 0 1 0 1 0 -1 0 0 3005.DAT
0 STEP
1 86 470.0 -1440 110.0 0 0 1 0 1 0 -1 0 0 3005.DAT
0 STEP
1 86 470.0 -1560 110.0 0 0 1 0 1 0 -1 0 0 3005.DAT
0 STEP
1 86 540.0 -1776 120.0 -1 0 0 0 1 0 0 0 -1 3007.DAT
0 STEP
1 86 470.0 -1944 160.0 0 0 1 0 1 0 -1 0 0 3009.DAT
0 STEP
1 86 490.0 -24 130.0 -1 0 0 0 1 0 0 0 -1 3622.DAT
0 STEP
1 86 470.0 -96 160.0 0 0 1 0 1 0 -1 0 0 3010.DAT
0 STEP
1 86 470.0 -432 140.0 0 0 1 0 1 0 -1 0 0 3004.DAT
0 STEP
1 86 480.0 -480 130.0 -1 0 0 0 1 0 0 0 -1 3004.DAT
0 STEP
1 86 480.0 -552 160.0 0 0 1 0 1 0 -1 0 0 3001.DAT
0 STEP
1 86 470.0 -744 130.0 0 0 1 0 1 0 -1 0 0 3005.DAT
0 STEP
1 86 490.0 -768 130.0 -1 0 0 0 1 0 0 0 -1 3622.DAT
0 STEP
1 86 480.0 -792 150.0 0 0 1 0 1 0 -1 0 0 3002.DAT
0 STEP
1 86 490.0 -816 130.0 -1 0 0 0 1 0 0 0 -1 3622.DAT
0 STEP
1 86 470.0 -840 180.0 0 0 1 0 1 0 -1 0 0 3009.DAT
0 STEP
1 86 540.0 -888 130.0 -1 0 0 0 1 0 0 0 -1 3008.DAT
0 STEP
1 86 470.0 -960 180.0 0 0 1 0 1 0 -1 0 0 3009.DAT
0 STEP
1 86 490.0 -1272 130.0 -1 0 0 0 1 0 0 0 -1 3622.DAT
0 STEP
1 86 470.0 -2736 180.0 0 0 1 0 1 0 -1 0 0 3009.DAT
0 STEP
1 86 470.0 -2784 180.0 0 0 1 0 1 0 -1 0 0 3009.DAT
0 STEP
1 86 480.0 -24 180.0 0 0 1 0 1 0 -1 0 0 3001.DAT
0 STEP
1 86 470.0 -480 150.0 0 0 1 0 1 0 -1 0 0 3005.DAT
0 STEP
1 86 470.0 -504 180.0 0 0 1 0 1 0 -1 0 0 3010.DAT
0 STEP
1 86 480.0 -1176 150.0 -1 0 0 0 1 0 0 0 -1 3004.DAT
0 STEP
1 86 470.0 -1200 150.0 0 0 1 0 1 0 -1 0 0 3005.DAT
0 STEP
1 86 470.0 -1248 150.0 0 0 1 0 1 0 -1 0 0 3005.DAT
0 STEP
1 86 480.0 -1272 180.0 0 0 1 0 1 0 -1 0 0 3001.DAT
0 STEP
1 86 470.0 -1320 170.0 0 0 1 0 1 0 -1 0 0 3622.DAT
0 STEP
1 86 470.0 -1368 180.0 0 0 1 0 1 0 -1 0 0 3010.DAT
0 STEP
1 86 470.0 -1896 180.0 0 0 1 0 1 0 -1 0 0 3010.DAT
0 STEP
1 86 500.0 -2808 150.0 -1 0 0 0 1 0 0 0 -1 3010.DAT
0 STEP
1 86 470.0 -672 200.0 0 0 1 0 1 0 -1 0 0 3010.DAT
0 STEP
1 86 470.0 -768 200.0 0 0 1 0 1 0 -1 0 0 3010.DAT
0 STEP
1 86 470.0 -1200 200.0 0 0 1 0 1 0 -1 0 0 3010.DAT
0 STEP
1 86 470.0 -1248 200.0 0 0 1 0 1 0 -1 0 0 3010.DAT
0 STEP
1 86 500.0 -2808 180.0 -1 0 0 0 1 0 0 0 -1 3001.DAT
0 STEP
1 86 470.0 -72 210.0 0 0 1 0 1 0 -1 0 0 3622.DAT
0 STEP
1 86 470.0 -456 220.0 0 0 1 0 1 0 -1 0 0 3010.DAT
0 STEP
1 86 470.0 -480 190.0 0 0 1 0 1 0 -1 0 0 3005.DAT
0 STEP
1 86 470.0 -600 210.0 0 0 1 0 1 0 -1 0 0 3622.DAT
0 STEP
1 86 470.0 -648 210.0 0 0 1 0 1 0 -1 0 0 3622.DAT
0 STEP
1 86 470.0 -696 190.0 0 0 1 0 1 0 -1 0 0 3005.DAT
0 STEP
1 86 470.0 -720 210.0 0 0 1 0 1 0 -1 0 0 3622.DAT
0 STEP
1 86 470.0 -912 210.0 0 0 1 0 1 0 -1 0 0 3622.DAT
0 STEP
1 86 470.0 -1008 210.0 0 0 1 0 1 0 -1 0 0 3622.DAT
0 STEP
1 86 470.0 -1056 210.0 0 0 1 0 1 0 -1 0 0 3622.DAT
0 STEP
1 86 480.0 -96 210.0 -1 0 0 0 1 0 0 0 -1 3004.DAT
0 STEP
1 86 470.0 -120 220.0 0 0 1 0 1 0 -1 0 0 3004.DAT
0 STEP
1 86 470.0 -168 240.0 0 0 1 0 1 0 -1 0 0 3010.DAT
0 STEP
1 86 470.0 -432 210.0 0 0 1 0 1 0 -1 0 0 3005.DAT
0 STEP
1 86 480.0 -480 230.0 0 0 1 0 1 0 -1 0 0 3002.DAT
0 STEP
1 86 470.0 -552 220.0 0 0 1 0 1 0 -1 0 0 3004.DAT
0 STEP
1 86 520.0 -696 210.0 -1 0 0 0 1 0 0 0 -1 3009.DAT
0 STEP
1 86 520.0 -888 220.0 -1 0 0 0 1 0 0 0 -1 2456.DAT
0 STEP
1 86 500.0 -1080 220.0 -1 0 0 0 1 0 0 0 -1 3001.DAT
0 STEP
1 86 500.0 -1128 220.0 -1 0 0 0 1 0 0 0 -1 3001.DAT
0 STEP
1 86 470.0 -1392 240.0 0 0 1 0 1 0 -1 0 0 3010.DAT
0 STEP
1 86 470.0 -1632 230.0 0 0 1 0 1 0 -1 0 0 3622.DAT
0 STEP
1 86 470.0 -1752 220.0 0 0 1 0 1 0 -1 0 0 3004.DAT
0 STEP
1 86 470.0 -1872 220.0 0 0 1 0 1 0 -1 0 0 3004.DAT
0 STEP
1 86 480.0 -48 230.0 -1 0 0 0 1 0 0 0 -1 3004.DAT
0 STEP
1 86 470.0 -96 240.0 0 0 1 0 1 0 -1 0 0 3004.DAT
0 STEP
1 86 480.0 -216 250.0 0 0 1 0 1 0 -1 0 0 3002.DAT
0 STEP
1 86 470.0 -360 230.0 0 0 1 0 1 0 -1 0 0 3005.DAT
0 STEP
1 86 470.0 -408 240.0 0 0 1 0 1 0 -1 0 0 3004.DAT
0 STEP
1 86 500.0 -432 240.0 -1 0 0 0 1 0 0 0 -1 3001.DAT
0 STEP
1 86 490.0 -528 230.0 -1 0 0 0 1 0 0 0 -1 3622.DAT
0 STEP
1 86 500.0 -576 230.0 -1 0 0 0 1 0 0 0 -1 3010.DAT
0 STEP
1 86 480.0 -624 230.0 -1 0 0 0 1 0 0 0 -1 3004.DAT
0 STEP
1 86 500.0 -696 230.0 -1 0 0 0 1 0 0 0 -1 3010.DAT
0 STEP
1 86 490.0 -744 230.0 -1 0 0 0 1 0 0 0 -1 3622.DAT
0 STEP
1 86 470.0 -792 230.0 0 0 1 0 1 0 -1 0 0 3005.DAT
0 STEP
1 86 500.0 -816 230.0 -1 0 0 0 1 0 0 0 -1 3010.DAT
0 STEP
1 86 470.0 -864 230.0 0 0 1 0 1 0 -1 0 0 3005.DAT
0 STEP
1 86 520.0 -936 230.0 -1 0 0 0 1 0 0 0 -1 3009.DAT
0 STEP
1 86 500.0 -984 230.0 -1 0 0 0 1 0 0 0 -1 3010.DAT
0 STEP
1 86 470.0 -1032 230.0 0 0 1 0 1 0 -1 0 0 3005.DAT
0 STEP
1 86 470.0 -1104 230.0 0 0 1 0 1 0 -1 0 0 3005.DAT
0 STEP
1 86 470.0 -1152 230.0 0 0 1 0 1 0 -1 0 0 3005.DAT
0 STEP
1 86 470.0 -1176 230.0 0 0 1 0 1 0 -1 0 0 3005.DAT
0 STEP
1 86 500.0 -1224 230.0 -1 0 0 0 1 0 0 0 -1 3010.DAT
0 STEP
1 86 490.0 -1272 230.0 -1 0 0 0 1 0 0 0 -1 3622.DAT
0 STEP
1 86 490.0 -1320 240.0 -1 0 0 0 1 0 0 0 -1 3002.DAT
0 STEP
1 86 470.0 -1464 250.0 0 0 1 0 1 0 -1 0 0 3622.DAT
0 STEP
1 86 470.0 -1584 230.0 0 0 1 0 1 0 -1 0 0 3005.DAT
0 STEP
1 86 540.0 -1800 230.0 -1 0 0 0 1 0 0 0 -1 3008.DAT
0 STEP
1 86 480.0 -120 260.0 0 0 1 0 1 0 -1 0 0 3003.DAT
0 STEP
1 86 470.0 -264 270.0 0 0 1 0 1 0 -1 0 0 3622.DAT
0 STEP
1 86 480.0 -288 260.0 0 0 1 0 1 0 -1 0 0 3003.DAT
0 STEP
1 86 520.0 -360 260.0 -1 0 0 0 1 0 0 0 -1 2456.DAT
0 STEP
1 86 480.0 -1296 250.0 -1 0 0 0 1 0 0 0 -1 3004.DAT
0 STEP
1 86 470.0 -1344 250.0 0 0 1 0 1 0 -1 0 0 3005.DAT
0 STEP
1 86 480.0 -1512 270.0 0 0 1 0 1 0 -1 0 0 3002.DAT
0 STEP
1 86 500.0 -1584 260.0 -1 0 0 0 1 0 0 0 -1 3001.DAT
0 STEP
1 86 470.0 -1656 250.0 0 0 1 0 1 0 -1 0 0 3005.DAT
0 STEP
1 86 500.0 -1872 250.0 -1 0 0 0 1 0 0 0 -1 3010.DAT
0 STEP
1 86 500.0 -144 270.0 -1 0 0 0 1 0 0 0 -1 3010.DAT
0 STEP
1 86 540.0 -192 270.0 -1 0 0 0 1 0 0 0 -1 3008.DAT
0 STEP
1 86 480.0 -384 270.0 -1 0 0 0 1 0 0 0 -1 3004.DAT
0 STEP
1 86 490.0 -1416 270.0 -1 0 0 0 1 0 0 0 -1 3622.DAT
0 STEP
1 86 470.0 -1488 280.0 0 0 1 0 1 0 -1 0 0 3004.DAT
0 STEP
1 86 500.0 -288 290.0 -1 0 0 0 1 0 0 0 -1 3010.DAT
0 STEP
1 86 520.0 -312 290.0 -1 0 0 0 1 0 0 0 -1 3009.DAT
0 STEP
1 86 500.0 -1536 290.0 -1 0 0 0 1 0 0 0 -1 3010.DAT
0 STEP
1 86 520.0 -240 60.0 -1 0 0 0 1 0 0 0 -1 3001.DAT
0 STEP
1 86 540.0 -288 50.0 -1 0 0 0 1 0 0 0 -1 3009.DAT
0 STEP
1 86 500.0 -312 70.0 0 0 1 0 1 0 -1 0 0 3002.DAT
0 STEP
1 86 490.0 -336 50.0 0 0 1 0 1 0 -1 0 0 3005.DAT
0 STEP
1 86 520.0 -360 50.0 -1 0 0 0 1 0 0 0 -1 3010.DAT
0 STEP
1 86 490.0 -1416 70.0 0 0 1 0 1 0 -1 0 0 3622.DAT
0 STEP
1 86 520.0 -1440 60.0 -1 0 0 0 1 0 0 0 -1 3001.DAT
0 STEP
1 86 490.0 -1464 50.0 0 0 1 0 1 0 -1 0 0 3005.DAT
0 STEP
1 86 520.0 -1488 60.0 -1 0 0 0 1 0 0 0 -1 3001.DAT
0 STEP
1 86 490.0 -1536 70.0 0 0 1 0 1 0 -1 0 0 3622.DAT
0 STEP
1 86 540.0 -96 80.0 -1 0 0 0 1 0 0 0 -1 2456.DAT
0 STEP
1 86 520.0 -144 70.0 -1 0 0 0 1 0 0 0 -1 3010.DAT
0 STEP
1 86 520.0 -192 70.0 -1 0 0 0 1 0 0 0 -1 3010.DAT
0 STEP
1 86 510.0 -288 70.0 -1 0 0 0 1 0 0 0 -1 3622.DAT
0 STEP
1 86 540.0 -408 70.0 -1 0 0 0 1 0 0 0 -1 3009.DAT
0 STEP
1 86 490.0 -432 80.0 0 0 1 0 1 0 -1 0 0 3004.DAT
0 STEP
1 86 500.0 -456 70.0 -1 0 0 0 1 0 0 0 -1 3004.DAT
0 STEP
1 86 500.0 -480 90.0 0 0 1 0 1 0 -1 0 0 3002.DAT
0 STEP
1 86 510.0 -504 70.0 -1 0 0 0 1 0 0 0 -1 3622.DAT
0 STEP
1 86 490.0 -528 100.0 0 0 1 0 1 0 -1 0 0 3010.DAT
0 STEP
1 86 520.0 -1656 70.0 -1 0 0 0 1 0 0 0 -1 3010.DAT
0 STEP
1 86 520.0 -48 90.0 -1 0 0 0 1 0 0 0 -1 3010.DAT
0 STEP
1 86 490.0 -72 120.0 0 0 1 0 1 0 -1 0 0 3010.DAT
0 STEP
1 86 490.0 -144 90.0 0 0 1 0 1 0 -1 0 0 3005.DAT
0 STEP
1 86 520.0 -192 100.0 -1 0 0 0 1 0 0 0 -1 3001.DAT
0 STEP
1 86 520.0 -240 90.0 -1 0 0 0 1 0 0 0 -1 3010.DAT
0 STEP
1 86 500.0 -288 90.0 -1 0 0 0 1 0 0 0 -1 3004.DAT
0 STEP
1 86 520.0 -408 90.0 -1 0 0 0 1 0 0 0 -1 3010.DAT
0 STEP
1 86 490.0 -576 140.0 0 0 1 0 1 0 -1 0 0 3009.DAT
0 STEP
1 86 520.0 -600 90.0 -1 0 0 0 1 0 0 0 -1 3010.DAT
0 STEP
1 86 510.0 -624 90.0 -1 0 0 0 1 0 0 0 -1 3622.DAT
0 STEP
1 86 490.0 -648 160.0 0 0 1 0 1 0 -1 0 0 3008.DAT
0 STEP
1 86 510.0 -672 90.0 -1 0 0 0 1 0 0 0 -1 3622.DAT
0 STEP
1 86 490.0 -696 90.0 0 0 1 0 1 0 -1 0 0 3005.DAT
0 STEP
1 86 520.0 -1080 90.0 -1 0 0 0 1 0 0 0 -1 3010.DAT
0 STEP
1 86 490.0 -1104 160.0 0 0 1 0 1 0 -1 0 0 3008.DAT
0 STEP
1 86 520.0 -1128 90.0 -1 0 0 0 1 0 0 0 -1 3010.DAT
0 STEP
1 86 490.0 -1152 160.0 0 0 1 0 1 0 -1 0 0 3008.DAT
0 STEP
1 86 520.0 -1176 90.0 -1 0 0 0 1 0 0 0 -1 3010.DAT
0 STEP
1 86 490.0 -1200 160.0 0 0 1 0 1 0 -1 0 0 3008.DAT
0 STEP
1 86 490.0 -1224 90.0 0 0 1 0 1 0 -1 0 0 3005.DAT
0 STEP
1 86 490.0 -1248 140.0 0 0 1 0 1 0 -1 0 0 3009.DAT
0 STEP
1 86 500.0 -1272 90.0 -1 0 0 0 1 0 0 0 -1 3004.DAT
0 STEP
1 86 500.0 -1296 110.0 0 0 1 0 1 0 -1 0 0 3002.DAT
0 STEP
1 86 520.0 -1488 90.0 -1 0 0 0 1 0 0 0 -1 3010.DAT
0 STEP
1 86 520.0 -1560 100.0 -1 0 0 0 1 0 0 0 -1 3001.DAT
0 STEP
1 86 520.0 -1608 100.0 -1 0 0 0 1 0 0 0 -1 3001.DAT
0 STEP
1 86 520.0 -1656 100.0 -1 0 0 0 1 0 0 0 -1 3001.DAT
0 STEP
1 86 490.0 -1704 110.0 0 0 1 0 1 0 -1 0 0 3622.DAT
0 STEP
1 86 500.0 -1752 110.0 0 0 1 0 1 0 -1 0 0 3002.DAT
0 STEP
1 86 500.0 -1800 110.0 0 0 1 0 1 0 -1 0 0 3002.DAT
0 STEP
1 86 510.0 -1848 100.0 -1 0 0 0 1 0 0 0 -1 3002.DAT
0 STEP
1 86 490.0 -1896 120.0 0 0 1 0 1 0 -1 0 0 3010.DAT
0 STEP
1 86 500.0 -24 110.0 -1 0 0 0 1 0 0 0 -1 3004.DAT
0 STEP
1 86 500.0 -120 110.0 -1 0 0 0 1 0 0 0 -1 3004.DAT
0 STEP
1 86 490.0 -408 110.0 0 0 1 0 1 0 -1 0 0 3005.DAT
0 STEP
1 86 490.0 -600 130.0 0 0 1 0 1 0 -1 0 0 3622.DAT
0 STEP
1 86 540.0 -696 110.0 -1 0 0 0 1 0 0 0 -1 3009.DAT
0 STEP
1 86 540.0 -792 110.0 -1 0 0 0 1 0 0 0 -1 3009.DAT
0 STEP
1 86 490.0 -840 140.0 0 0 1 0 1 0 -1 0 0 3010.DAT
0 STEP
1 86 540.0 -888 110.0 -1 0 0 0 1 0 0 0 -1 3009.DAT
0 STEP
1 86 490.0 -984 160.0 0 0 1 0 1 0 -1 0 0 3009.DAT
0 STEP
1 86 490.0 -1032 110.0 0 0 1 0 1 0 -1 0 0 3005.DAT
0 STEP
1 86 490.0 -1392 110.0 0 0 1 0 1 0 -1 0 0 3005.DAT
0 STEP
1 86 500.0 0 160.0 0 0 1 0 1 0 -1 0 0 3001.DAT
0 STEP
1 86 490.0 -48 160.0 0 0 1 0 1 0 -1 0 0 3010.DAT
0 STEP
1 86 490.0 -624 160.0 0 0 1 0 1 0 -1 0 0 3010.DAT
0 STEP
1 86 490.0 -696 160.0 0 0 1 0 1 0 -1 0 0 3010.DAT
0 STEP
1 86 490.0 -744 160.0 0 0 1 0 1 0 -1 0 0 3010.DAT
0 STEP
1 86 510.0 -960 130.0 -1 0 0 0 1 0 0 0 -1 3622.DAT
0 STEP
1 86 490.0 -1032 180.0 0 0 1 0 1 0 -1 0 0 3009.DAT
0 STEP
1 86 500.0 -1848 130.0 -1 0 0 0 1 0 0 0 -1 3004.DAT
0 STEP
1 86 510.0 -2736 130.0 -1 0 0 0 1 0 0 0 -1 3622.DAT
0 STEP
1 86 490.0 -2784 160.0 0 0 1 0 1 0 -1 0 0 3010.DAT
0 STEP
1 86 490.0 -960 170.0 0 0 1 0 1 0 -1 0 0 3622.DAT
0 STEP
1 86 500.0 -1872 180.0 0 0 1 0 1 0 -1 0 0 3001.DAT
0 STEP
1 86 490.0 -2736 150.0 0 0 1 0 1 0 -1 0 0 3005.DAT
0 STEP
1 86 490.0 -600 200.0 0 0 1 0 1 0 -1 0 0 3010.DAT
0 STEP
1 86 490.0 -672 170.0 0 0 1 0 1 0 -1 0 0 3005.DAT
0 STEP
1 86 490.0 -768 170.0 0 0 1 0 1 0 -1 0 0 3005.DAT
0 STEP
1 86 490.0 -864 200.0 0 0 1 0 1 0 -1 0 0 3010.DAT
0 STEP
1 86 490.0 -1896 170.0 0 0 1 0 1 0 -1 0 0 3005.DAT
0 STEP
1 86 490.0 -2736 200.0 0 0 1 0 1 0 -1 0 0 3010.DAT
0 STEP
1 86 490.0 -72 220.0 0 0 1 0 1 0 -1 0 0 3010.DAT
0 STEP
1 86 490.0 -672 220.0 0 0 1 0 1 0 -1 0 0 3010.DAT
0 STEP
1 86 490.0 -720 220.0 0 0 1 0 1 0 -1 0 0 3010.DAT
0 STEP
1 86 490.0 -768 220.0 0 0 1 0 1 0 -1 0 0 3010.DAT
0 STEP
1 86 490.0 -840 190.0 0 0 1 0 1 0 -1 0 0 3005.DAT
0 STEP
1 86 490.0 -912 220.0 0 0 1 0 1 0 -1 0 0 3010.DAT
0 STEP
1 86 490.0 -1008 190.0 0 0 1 0 1 0 -1 0 0 3005.DAT
0 STEP
1 86 490.0 -1056 220.0 0 0 1 0 1 0 -1 0 0 3010.DAT
0 STEP
1 86 490.0 -1296 210.0 0 0 1 0 1 0 -1 0 0 3622.DAT
0 STEP
1 86 510.0 -1896 190.0 -1 0 0 0 1 0 0 0 -1 3622.DAT
0 STEP
1 86 490.0 0 210.0 0 0 1 0 1 0 -1 0 0 3005.DAT
0 STEP
1 86 490.0 -504 210.0 0 0 1 0 1 0 -1 0 0 3005.DAT
0 STEP
1 86 490.0 -552 230.0 0 0 1 0 1 0 -1 0 0 3622.DAT
0 STEP
1 86 510.0 -576 210.0 -1 0 0 0 1 0 0 0 -1 3622.DAT
0 STEP
1 86 500.0 -744 210.0 -1 0 0 0 1 0 0 0 -1 3004.DAT
0 STEP
1 86 540.0 -840 210.0 -1 0 0 0 1 0 0 0 -1 3009.DAT
0 STEP
1 86 500.0 -960 230.0 0 0 1 0 1 0 -1 0 0 3002.DAT
0 STEP
1 86 500.0 -1008 230.0 0 0 1 0 1 0 -1 0 0 3002.DAT
0 STEP
1 86 500.0 -1248 230.0 0 0 1 0 1 0 -1 0 0 3002.DAT
0 STEP
1 86 490.0 -1344 230.0 0 0 1 0 1 0 -1 0 0 3622.DAT
0 STEP
1 86 490.0 -1656 230.0 0 0 1 0 1 0 -1 0 0 3622.DAT
0 STEP
1 86 490.0 -1680 210.0 0 0 1 0 1 0 -1 0 0 3005.DAT
0 STEP
1 86 510.0 -1728 220.0 -1 0 0 0 1 0 0 0 -1 3002.DAT
0 STEP
1 86 500.0 -1752 230.0 0 0 1 0 1 0 -1 0 0 3002.DAT
0 STEP
1 86 520.0 -1776 210.0 -1 0 0 0 1 0 0 0 -1 3010.DAT
0 STEP
1 86 490.0 -1824 230.0 0 0 1 0 1 0 -1 0 0 3622.DAT
0 STEP
1 86 490.0 -1896 210.0 0 0 1 0 1 0 -1 0 0 3005.DAT
0 STEP
1 86 490.0 -2784 210.0 0 0 1 0 1 0 -1 0 0 3005.DAT
0 STEP
1 86 490.0 -24 230.0 0 0 1 0 1 0 -1 0 0 3005.DAT
0 STEP
1 86 520.0 -96 230.0 -1 0 0 0 1 0 0 0 -1 3010.DAT
0 STEP
1 86 490.0 -408 250.0 0 0 1 0 1 0 -1 0 0 3622.DAT
0 STEP
1 86 490.0 -456 250.0 0 0 1 0 1 0 -1 0 0 3622.DAT
0 STEP
1 86 510.0 -504 240.0 -1 0 0 0 1 0 0 0 -1 3002.DAT
0 STEP
1 86 540.0 -792 230.0 -1 0 0 0 1 0 0 0 -1 3009.DAT
0 STEP
1 86 490.0 -840 240.0 0 0 1 0 1 0 -1 0 0 3004.DAT
0 STEP
1 86 520.0 -1176 240.0 -1 0 0 0 1 0 0 0 -1 3001.DAT
0 STEP
1 86 490.0 -1392 240.0 0 0 1 0 1 0 -1 0 0 3004.DAT
0 STEP
1 86 520.0 -1632 230.0 -1 0 0 0 1 0 0 0 -1 3010.DAT
0 STEP
1 86 490.0 -1776 230.0 0 0 1 0 1 0 -1 0 0 3005.DAT
0 STEP
1 86 520.0 -1872 230.0 -1 0 0 0 1 0 0 0 -1 3010.DAT
0 STEP
1 86 520.0 -96 260.0 -1 0 0 0 1 0 0 0 -1 3001.DAT
0 STEP
1 86 490.0 -168 270.0 0 0 1 0 1 0 -1 0 0 3622.DAT
0 STEP
1 86 490.0 -264 280.0 0 0 1 0 1 0 -1 0 0 3010.DAT
0 STEP
1 86 510.0 -336 250.0 -1 0 0 0 1 0 0 0 -1 3622.DAT
0 STEP
1 86 540.0 -528 250.0 -1 0 0 0 1 0 0 0 -1 3009.DAT
0 STEP
1 86 510.0 -576 250.0 -1 0 0 0 1 0 0 0 -1 3622.DAT
0 STEP
1 86 520.0 -600 250.0 -1 0 0 0 1 0 0 0 -1 3010.DAT
0 STEP
1 86 490.0 -624 250.0 0 0 1 0 1 0 -1 0 0 3005.DAT
0 STEP
1 86 520.0 -648 250.0 -1 0 0 0 1 0 0 0 -1 3010.DAT
0 STEP
1 86 520.0 -696 250.0 -1 0 0 0 1 0 0 0 -1 3010.DAT
0 STEP
1 86 520.0 -744 250.0 -1 0 0 0 1 0 0 0 -1 3010.DAT
0 STEP
1 86 490.0 -792 250.0 0 0 1 0 1 0 -1 0 0 3005.DAT
0 STEP
1 86 510.0 -816 250.0 -1 0 0 0 1 0 0 0 -1 3622.DAT
0 STEP
1 86 520.0 -864 250.0 -1 0 0 0 1 0 0 0 -1 3010.DAT
0 STEP
1 86 490.0 -888 250.0 0 0 1 0 1 0 -1 0 0 3005.DAT
0 STEP
1 86 520.0 -936 250.0 -1 0 0 0 1 0 0 0 -1 3010.DAT
0 STEP
1 86 490.0 -984 250.0 0 0 1 0 1 0 -1 0 0 3005.DAT
0 STEP
1 86 490.0 -1032 250.0 0 0 1 0 1 0 -1 0 0 3005.DAT
0 STEP
1 86 520.0 -1080 250.0 -1 0 0 0 1 0 0 0 -1 3010.DAT
0 STEP
1 86 490.0 -1104 250.0 0 0 1 0 1 0 -1 0 0 3005.DAT
0 STEP
1 86 520.0 -1128 250.0 -1 0 0 0 1 0 0 0 -1 3010.DAT
0 STEP
1 86 490.0 -1152 250.0 0 0 1 0 1 0 -1 0 0 3005.DAT
0 STEP
1 86 490.0 -1200 250.0 0 0 1 0 1 0 -1 0 0 3005.DAT
0 STEP
1 86 520.0 -1224 250.0 -1 0 0 0 1 0 0 0 -1 3010.DAT
0 STEP
1 86 500.0 -1272 250.0 -1 0 0 0 1 0 0 0 -1 3004.DAT
0 STEP
1 86 490.0 -1368 260.0 0 0 1 0 1 0 -1 0 0 3004.DAT
0 STEP
1 86 520.0 -1440 250.0 -1 0 0 0 1 0 0 0 -1 3010.DAT
0 STEP
1 86 500.0 -1464 270.0 0 0 1 0 1 0 -1 0 0 3002.DAT
0 STEP
1 86 500.0 -1560 270.0 0 0 1 0 1 0 -1 0 0 3002.DAT
0 STEP
1 86 510.0 -1632 250.0 -1 0 0 0 1 0 0 0 -1 3622.DAT
0 STEP
1 86 540.0 -1680 250.0 -1 0 0 0 1 0 0 0 -1 3009.DAT
0 STEP
1 86 520.0 -1728 250.0 -1 0 0 0 1 0 0 0 -1 3010.DAT
0 STEP
1 86 540.0 -1776 250.0 -1 0 0 0 1 0 0 0 -1 3009.DAT
0 STEP
1 86 510.0 -336 280.0 -1 0 0 0 1 0 0 0 -1 3002.DAT
0 STEP
1 86 540.0 -432 270.0 -1 0 0 0 1 0 0 0 -1 3009.DAT
0 STEP
1 86 500.0 -1392 280.0 0 0 1 0 1 0 -1 0 0 3003.DAT
0 STEP
1 86 490.0 -1488 270.0 0 0 1 0 1 0 -1 0 0 3005.DAT
0 STEP
1 86 520.0 -1632 270.0 -1 0 0 0 1 0 0 0 -1 3010.DAT
0 STEP
1 86 490.0 -120 290.0 0 0 1 0 1 0 -1 0 0 3005.DAT
0 STEP
1 86 510.0 -144 290.0 -1 0 0 0 1 0 0 0 -1 3622.DAT
0 STEP
1 86 540.0 -192 290.0 -1 0 0 0 1 0 0 0 -1 3009.DAT
0 STEP
1 86 490.0 -360 290.0 0 0 1 0 1 0 -1 0 0 3005.DAT
0 STEP
1 86 500.0 -1416 290.0 -1 0 0 0 1 0 0 0 -1 3004.DAT
0 STEP
1 86 510.0 -1440 290.0 -1 0 0 0 1 0 0 0 -1 3622.DAT
0 STEP
1 86 540.0 -1488 300.0 -1 0 0 0 1 0 0 0 -1 2456.DAT
0 STEP
1 86 510.0 -1584 290.0 -1 0 0 0 1 0 0 0 -1 3622.DAT
0 STEP
1 86 510.0 -264 40.0 0 0 1 0 1 0 -1 0 0 3004.DAT
0 STEP
1 86 540.0 -336 50.0 -1 0 0 0 1 0 0 0 -1 3010.DAT
0 STEP
1 86 520.0 -384 70.0 0 0 1 0 1 0 -1 0 0 3002.DAT
0 STEP
1 86 530.0 -408 50.0 -1 0 0 0 1 0 0 0 -1 3622.DAT
0 STEP
1 86 540.0 -1392 60.0 -1 0 0 0 1 0 0 0 -1 3001.DAT
0 STEP
1 86 520.0 -1416 70.0 0 0 1 0 1 0 -1 0 0 3002.DAT
0 STEP
1 86 540.0 -1464 50.0 -1 0 0 0 1 0 0 0 -1 3010.DAT
0 STEP
1 86 520.0 -1512 70.0 0 0 1 0 1 0 -1 0 0 3002.DAT
0 STEP
1 86 540.0 -1536 50.0 -1 0 0 0 1 0 0 0 -1 3010.DAT
0 STEP
1 86 520.0 -216 90.0 0 0 1 0 1 0 -1 0 0 3002.DAT
0 STEP
1 86 510.0 -432 90.0 0 0 1 0 1 0 -1 0 0 3622.DAT
0 STEP
1 86 520.0 -528 90.0 0 0 1 0 1 0 -1 0 0 3002.DAT
0 STEP
1 86 530.0 -552 70.0 -1 0 0 0 1 0 0 0 -1 3622.DAT
0 STEP
1 86 520.0 -1320 90.0 0 0 1 0 1 0 -1 0 0 3002.DAT
0 STEP
1 86 520.0 -1344 70.0 -1 0 0 0 1 0 0 0 -1 3004.DAT
0 STEP
1 86 520.0 -1368 90.0 0 0 1 0 1 0 -1 0 0 3002.DAT
0 STEP
1 86 560.0 -1536 70.0 -1 0 0 0 1 0 0 0 -1 3009.DAT
0 STEP
1 86 510.0 -1584 90.0 0 0 1 0 1 0 -1 0 0 3622.DAT
0 STEP
1 86 510.0 -24 90.0 0 0 1 0 1 0 -1 0 0 3005.DAT
0 STEP
1 86 520.0 -72 110.0 0 0 1 0 1 0 -1 0 0 3002.DAT
0 STEP
1 86 540.0 -144 90.0 -1 0 0 0 1 0 0 0 -1 3010.DAT
0 STEP
1 86 520.0 -576 110.0 0 0 1 0 1 0 -1 0 0 3002.DAT
0 STEP
1 86 540.0 -648 90.0 -1 0 0 0 1 0 0 0 -1 3010.DAT
0 STEP
1 86 540.0 -696 90.0 -1 0 0 0 1 0 0 0 -1 3010.DAT
0 STEP
1 86 510.0 -720 110.0 0 0 1 0 1 0 -1 0 0 3622.DAT
0 STEP
1 86 530.0 -744 90.0 -1 0 0 0 1 0 0 0 -1 3622.DAT
0 STEP
1 86 510.0 -768 100.0 0 0 1 0 1 0 -1 0 0 3004.DAT
0 STEP
1 86 540.0 -792 90.0 -1 0 0 0 1 0 0 0 -1 3010.DAT
0 STEP
1 86 510.0 -816 100.0 0 0 1 0 1 0 -1 0 0 3004.DAT
0 STEP
1 86 540.0 -840 100.0 -1 0 0 0 1 0 0 0 -1 3001.DAT
0 STEP
1 86 520.0 -864 110.0 0 0 1 0 1 0 -1 0 0 3002.DAT
0 STEP
1 86 540.0 -888 90.0 -1 0 0 0 1 0 0 0 -1 3010.DAT
0 STEP
1 86 520.0 -912 110.0 0 0 1 0 1 0 -1 0 0 3002.DAT
0 STEP
1 86 540.0 -936 90.0 -1 0 0 0 1 0 0 0 -1 3010.DAT
0 STEP
1 86 520.0 -960 90.0 -1 0 0 0 1 0 0 0 -1 3004.DAT
0 STEP
1 86 540.0 -984 90.0 -1 0 0 0 1 0 0 0 -1 3010.DAT
0 STEP
1 86 520.0 -1008 90.0 -1 0 0 0 1 0 0 0 -1 3004.DAT
0 STEP
1 86 540.0 -1032 90.0 -1 0 0 0 1 0 0 0 -1 3010.DAT
0 STEP
1 86 520.0 -1056 90.0 -1 0 0 0 1 0 0 0 -1 3004.DAT
0 STEP
1 86 520.0 -1104 110.0 0 0 1 0 1 0 -1 0 0 3002.DAT
0 STEP
1 86 510.0 -1152 110.0 0 0 1 0 1 0 -1 0 0 3622.DAT
0 STEP
1 86 530.0 -1200 100.0 -1 0 0 0 1 0 0 0 -1 3002.DAT
0 STEP
1 86 540.0 -1224 90.0 -1 0 0 0 1 0 0 0 -1 3010.DAT
0 STEP
1 86 510.0 -1248 100.0 0 0 1 0 1 0 -1 0 0 3004.DAT
0 STEP
1 86 540.0 -1392 90.0 -1 0 0 0 1 0 0 0 -1 3010.DAT
0 STEP
1 86 510.0 -1464 90.0 0 0 1 0 1 0 -1 0 0 3005.DAT
0 STEP
1 86 510.0 -1536 90.0 0 0 1 0 1 0 -1 0 0 3005.DAT
0 STEP
1 86 520.0 -1704 110.0 0 0 1 0 1 0 -1 0 0 3002.DAT
0 STEP
1 86 510.0 -1824 90.0 0 0 1 0 1 0 -1 0 0 3005.DAT
0 STEP
1 86 510.0 -1872 110.0 0 0 1 0 1 0 -1 0 0 3622.DAT
0 STEP
1 86 510.0 -1896 90.0 0 0 1 0 1 0 -1 0 0 3005.DAT
0 STEP
1 86 510.0 0 110.0 0 0 1 0 1 0 -1 0 0 3005.DAT
0 STEP
1 86 510.0 -48 140.0 0 0 1 0 1 0 -1 0 0 3010.DAT
0 STEP
1 86 510.0 -168 110.0 0 0 1 0 1 0 -1 0 0 3005.DAT
0 STEP
1 86 540.0 -600 120.0 -1 0 0 0 1 0 0 0 -1 3001.DAT
0 STEP
1 86 520.0 -648 120.0 0 0 1 0 1 0 -1 0 0 3003.DAT
0 STEP
1 86 560.0 -984 120.0 -1 0 0 0 1 0 0 0 -1 2456.DAT
0 STEP
1 86 510.0 -1032 120.0 0 0 1 0 1 0 -1 0 0 3004.DAT
0 STEP
1 86 510.0 -1080 110.0 0 0 1 0 1 0 -1 0 0 3005.DAT
0 STEP
1 86 560.0 -1896 110.0 -1 0 0 0 1 0 0 0 -1 3009.DAT
0 STEP
1 86 520.0 -624 130.0 -1 0 0 0 1 0 0 0 -1 3004.DAT
0 STEP
1 86 510.0 -696 130.0 0 0 1 0 1 0 -1 0 0 3005.DAT
0 STEP
1 86 510.0 -744 130.0 0 0 1 0 1 0 -1 0 0 3005.DAT
0 STEP
1 86 530.0 -792 130.0 -1 0 0 0 1 0 0 0 -1 3622.DAT
0 STEP
1 86 510.0 -840 130.0 0 0 1 0 1 0 -1 0 0 3005.DAT
0 STEP
1 86 540.0 -1080 130.0 -1 0 0 0 1 0 0 0 -1 3010.DAT
0 STEP
1 86 560.0 -1200 130.0 -1 0 0 0 1 0 0 0 -1 3009.DAT
0 STEP
1 86 560.0 -1248 130.0 -1 0 0 0 1 0 0 0 -1 3009.DAT
0 STEP
1 86 510.0 -1728 130.0 0 0 1 0 1 0 -1 0 0 3005.DAT
0 STEP
1 86 520.0 -1896 150.0 0 0 1 0 1 0 -1 0 0 3002.DAT
0 STEP
1 86 510.0 -1920 130.0 0 0 1 0 1 0 -1 0 0 3005.DAT
0 STEP
1 86 510.0 -2784 130.0 0 0 1 0 1 0 -1 0 0 3005.DAT
0 STEP
1 86 540.0 -24 150.0 -1 0 0 0 1 0 0 0 -1 3010.DAT
0 STEP
1 86 520.0 -2736 180.0 0 0 1 0 1 0 -1 0 0 3001.DAT
0 STEP
1 86 510.0 -2784 180.0 0 0 1 0 1 0 -1 0 0 3010.DAT
0 STEP
1 86 520.0 -24 200.0 0 0 1 0 1 0 -1 0 0 3001.DAT
0 STEP
1 86 510.0 -1920 180.0 0 0 1 0 1 0 -1 0 0 3004.DAT
0 STEP
1 86 510.0 -48 190.0 0 0 1 0 1 0 -1 0 0 3005.DAT
0 STEP
1 86 540.0 0 210.0 -1 0 0 0 1 0 0 0 -1 3010.DAT
0 STEP
1 86 520.0 -72 230.0 0 0 1 0 1 0 -1 0 0 3002.DAT
0 STEP
1 86 540.0 -552 210.0 -1 0 0 0 1 0 0 0 -1 3010.DAT
0 STEP
1 86 510.0 -600 220.0 0 0 1 0 1 0 -1 0 0 3004.DAT
0 STEP
1 86 510.0 -624 230.0 0 0 1 0 1 0 -1 0 0 3622.DAT
0 STEP
1 86 540.0 -648 220.0 -1 0 0 0 1 0 0 0 -1 3001.DAT
0 STEP
1 86 510.0 -672 230.0 0 0 1 0 1 0 -1 0 0 3622.DAT
0 STEP
1 86 530.0 -720 220.0 -1 0 0 0 1 0 0 0 -1 3002.DAT
0 STEP
1 86 520.0 -768 230.0 0 0 1 0 1 0 -1 0 0 3002.DAT
0 STEP
1 86 520.0 -816 210.0 -1 0 0 0 1 0 0 0 -1 3004.DAT
0 STEP
1 86 530.0 -864 220.0 -1 0 0 0 1 0 0 0 -1 3002.DAT
0 STEP
1 86 510.0 -912 230.0 0 0 1 0 1 0 -1 0 0 3622.DAT
0 STEP
1 86 530.0 -984 210.0 -1 0 0 0 1 0 0 0 -1 3622.DAT
0 STEP
1 86 540.0 -1032 210.0 -1 0 0 0 1 0 0 0 -1 3010.DAT
0 STEP
1 86 510.0 -1056 230.0 0 0 1 0 1 0 -1 0 0 3622.DAT
0 STEP
1 86 510.0 -1104 230.0 0 0 1 0 1 0 -1 0 0 3622.DAT
0 STEP
1 86 510.0 -1152 230.0 0 0 1 0 1 0 -1 0 0 3622.DAT
0 STEP
1 86 540.0 -1200 210.0 -1 0 0 0 1 0 0 0 -1 3010.DAT
0 STEP
1 86 510.0 -1272 210.0 0 0 1 0 1 0 -1 0 0 3005.DAT
0 STEP
1 86 510.0 -1296 230.0 0 0 1 0 1 0 -1 0 0 3622.DAT
0 STEP
1 86 540.0 -1680 220.0 -1 0 0 0 1 0 0 0 -1 3001.DAT
0 STEP
1 86 510.0 -1800 210.0 0 0 1 0 1 0 -1 0 0 3005.DAT
0 STEP
1 86 540.0 -1824 220.0 -1 0 0 0 1 0 0 0 -1 3001.DAT
0 STEP
1 86 520.0 -1848 230.0 0 0 1 0 1 0 -1 0 0 3002.DAT
0 STEP
1 86 510.0 -1896 230.0 0 0 1 0 1 0 -1 0 0 3622.DAT
0 STEP
1 86 560.0 -2760 210.0 -1 0 0 0 1 0 0 0 -1 3009.DAT
0 STEP
1 86 540.0 -48 240.0 -1 0 0 0 1 0 0 0 -1 3001.DAT
0 STEP
1 86 540.0 -408 240.0 -1 0 0 0 1 0 0 0 -1 3001.DAT
0 STEP
1 86 540.0 -456 230.0 -1 0 0 0 1 0 0 0 -1 3010.DAT
0 STEP
1 86 520.0 -480 250.0 0 0 1 0 1 0 -1 0 0 3002.DAT
0 STEP
1 86 540.0 -552 240.0 -1 0 0 0 1 0 0 0 -1 3001.DAT
0 STEP
1 86 510.0 -840 230.0 0 0 1 0 1 0 -1 0 0 3005.DAT
0 STEP
1 86 540.0 -1032 240.0 -1 0 0 0 1 0 0 0 -1 3001.DAT
0 STEP
1 86 540.0 -1200 240.0 -1 0 0 0 1 0 0 0 -1 3001.DAT
0 STEP
1 86 520.0 -1344 250.0 0 0 1 0 1 0 -1 0 0 3002.DAT
0 STEP
1 86 510.0 -1656 250.0 0 0 1 0 1 0 -1 0 0 3622.DAT
0 STEP
1 86 540.0 -1776 230.0 -1 0 0 0 1 0 0 0 -1 3010.DAT
0 STEP
1 86 510.0 -1920 230.0 0 0 1 0 1 0 -1 0 0 3005.DAT
0 STEP
1 86 520.0 -120 270.0 0 0 1 0 1 0 -1 0 0 3002.DAT
0 STEP
1 86 520.0 -168 270.0 0 0 1 0 1 0 -1 0 0 3002.DAT
0 STEP
1 86 520.0 -216 270.0 0 0 1 0 1 0 -1 0 0 3002.DAT
0 STEP
1 86 510.0 -240 250.0 0 0 1 0 1 0 -1 0 0 3005.DAT
0 STEP
1 86 540.0 -312 260.0 -1 0 0 0 1 0 0 0 -1 3001.DAT
0 STEP
1 86 510.0 -456 260.0 0 0 1 0 1 0 -1 0 0 3004.DAT
0 STEP
1 86 540.0 -720 250.0 -1 0 0 0 1 0 0 0 -1 3010.DAT
0 STEP
1 86 540.0 -792 250.0 -1 0 0 0 1 0 0 0 -1 3010.DAT
0 STEP
1 86 540.0 -840 250.0 -1 0 0 0 1 0 0 0 -1 3010.DAT
0 STEP
1 86 540.0 -888 250.0 -1 0 0 0 1 0 0 0 -1 3010.DAT
0 STEP
1 86 540.0 -984 250.0 -1 0 0 0 1 0 0 0 -1 3010.DAT
0 STEP
1 86 540.0 -1368 260.0 -1 0 0 0 1 0 0 0 -1 3001.DAT
0 STEP
1 86 510.0 -1392 250.0 0 0 1 0 1 0 -1 0 0 3005.DAT
0 STEP
1 86 510.0 -1608 250.0 0 0 1 0 1 0 -1 0 0 3005.DAT
0 STEP
1 86 510.0 -1704 250.0 0 0 1 0 1 0 -1 0 0 3005.DAT
0 STEP
1 86 510.0 -1824 250.0 0 0 1 0 1 0 -1 0 0 3005.DAT
0 STEP
1 86 520.0 -264 290.0 0 0 1 0 1 0 -1 0 0 3002.DAT
0 STEP
1 86 510.0 -288 270.0 0 0 1 0 1 0 -1 0 0 3005.DAT
0 STEP
1 86 510.0 -384 280.0 0 0 1 0 1 0 -1 0 0 3004.DAT
0 STEP
1 86 540.0 -408 270.0 -1 0 0 0 1 0 0 0 -1 3010.DAT
0 STEP
1 86 520.0 -504 270.0 -1 0 0 0 1 0 0 0 -1 3004.DAT
0 STEP
1 86 560.0 -1440 270.0 -1 0 0 0 1 0 0 0 -1 3009.DAT
0 STEP
1 86 540.0 -1488 270.0 -1 0 0 0 1 0 0 0 -1 3010.DAT
0 STEP
1 86 520.0 -1512 290.0 0 0 1 0 1 0 -1 0 0 3002.DAT
0 STEP
1 86 540.0 -240 290.0 -1 0 0 0 1 0 0 0 -1 3010.DAT
0 STEP
1 86 540.0 -360 290.0 -1 0 0 0 1 0 0 0 -1 3010.DAT
0 STEP
1 86 510.0 -288 310.0 0 0 1 0 1 0 -1 0 0 3005.DAT
0 STEP
1 86 530.0 -264 40.0 0 0 1 0 1 0 -1 0 0 3010.DAT
0 STEP
1 86 540.0 -288 10.0 -1 0 0 0 1 0 0 0 -1 3004.DAT
0 STEP
1 86 560.0 -288 30.0 -1 0 0 0 1 0 0 0 -1 3010.DAT
0 STEP
1 86 540.0 -312 50.0 0 0 1 0 1 0 -1 0 0 3002.DAT
0 STEP
1 86 540.0 -432 60.0 0 0 1 0 1 0 -1 0 0 3003.DAT
0 STEP
1 86 540.0 -120 90.0 0 0 1 0 1 0 -1 0 0 3002.DAT
0 STEP
1 86 560.0 -360 70.0 -1 0 0 0 1 0 0 0 -1 3010.DAT
0 STEP
1 86 540.0 -456 90.0 0 0 1 0 1 0 -1 0 0 3002.DAT
0 STEP
1 86 550.0 -480 80.0 -1 0 0 0 1 0 0 0 -1 3002.DAT
0 STEP
1 86 540.0 -1272 80.0 0 0 1 0 1 0 -1 0 0 3003.DAT
0 STEP
1 86 540.0 -1296 70.0 -1 0 0 0 1 0 0 0 -1 3004.DAT
0 STEP
1 86 560.0 -1464 80.0 -1 0 0 0 1 0 0 0 -1 3001.DAT
0 STEP
1 86 560.0 -1584 80.0 -1 0 0 0 1 0 0 0 -1 3001.DAT
0 STEP
1 86 540.0 -1632 90.0 0 0 1 0 1 0 -1 0 0 3002.DAT
0 STEP
1 86 540.0 -24 110.0 0 0 1 0 1 0 -1 0 0 3002.DAT
0 STEP
1 86 530.0 -168 100.0 0 0 1 0 1 0 -1 0 0 3004.DAT
0 STEP
1 86 560.0 -432 90.0 -1 0 0 0 1 0 0 0 -1 3010.DAT
0 STEP
1 86 540.0 -720 110.0 0 0 1 0 1 0 -1 0 0 3002.DAT
0 STEP
1 86 540.0 -768 110.0 0 0 1 0 1 0 -1 0 0 3002.DAT
0 STEP
1 86 540.0 -816 110.0 0 0 1 0 1 0 -1 0 0 3002.DAT
0 STEP
1 86 530.0 -1152 100.0 0 0 1 0 1 0 -1 0 0 3004.DAT
0 STEP
1 86 560.0 -1248 100.0 -1 0 0 0 1 0 0 0 -1 3001.DAT
0 STEP
1 86 560.0 -1296 100.0 -1 0 0 0 1 0 0 0 -1 3001.DAT
0 STEP
1 86 580.0 -1536 90.0 -1 0 0 0 1 0 0 0 -1 3009.DAT
0 STEP
1 86 530.0 -1752 110.0 0 0 1 0 1 0 -1 0 0 3622.DAT
0 STEP
1 86 540.0 -1800 110.0 0 0 1 0 1 0 -1 0 0 3002.DAT
0 STEP
1 86 560.0 -1824 90.0 -1 0 0 0 1 0 0 0 -1 3010.DAT
0 STEP
1 86 540.0 -1872 120.0 0 0 1 0 1 0 -1 0 0 3001.DAT
0 STEP
1 86 560.0 -1896 90.0 -1 0 0 0 1 0 0 0 -1 3010.DAT
0 STEP
1 86 530.0 0 140.0 0 0 1 0 1 0 -1 0 0 3010.DAT
0 STEP
1 86 540.0 -48 130.0 0 0 1 0 1 0 -1 0 0 3002.DAT
0 STEP
1 86 550.0 -144 110.0 -1 0 0 0 1 0 0 0 -1 3622.DAT
0 STEP
1 86 550.0 -480 110.0 -1 0 0 0 1 0 0 0 -1 3622.DAT
0 STEP
1 86 560.0 -936 120.0 -1 0 0 0 1 0 0 0 -1 3001.DAT
0 STEP
1 86 560.0 -1032 120.0 -1 0 0 0 1 0 0 0 -1 3001.DAT
0 STEP
1 86 560.0 -1080 110.0 -1 0 0 0 1 0 0 0 -1 3010.DAT
0 STEP
1 86 530.0 -1344 110.0 0 0 1 0 1 0 -1 0 0 3005.DAT
0 STEP
1 86 530.0 -1584 110.0 0 0 1 0 1 0 -1 0 0 3005.DAT
0 STEP
1 86 530.0 -1824 110.0 0 0 1 0 1 0 -1 0 0 3005.DAT
0 STEP
1 86 530.0 -672 130.0 0 0 1 0 1 0 -1 0 0 3005.DAT
0 STEP
1 86 560.0 -696 130.0 -1 0 0 0 1 0 0 0 -1 3010.DAT
0 STEP
1 86 560.0 -744 130.0 -1 0 0 0 1 0 0 0 -1 3010.DAT
0 STEP
1 86 560.0 -840 130.0 -1 0 0 0 1 0 0 0 -1 3010.DAT
0 STEP
1 86 560.0 -1152 130.0 -1 0 0 0 1 0 0 0 -1 3010.DAT
0 STEP
1 86 580.0 -1728 130.0 -1 0 0 0 1 0 0 0 -1 3009.DAT
0 STEP
1 86 530.0 -1848 160.0 0 0 1 0 1 0 -1 0 0 3010.DAT
0 STEP
1 86 540.0 -2712 150.0 -1 0 0 0 1 0 0 0 -1 3004.DAT
0 STEP
1 86 540.0 -2784 180.0 0 0 1 0 1 0 -1 0 0 3001.DAT
0 STEP
1 86 560.0 -48 180.0 -1 0 0 0 1 0 0 0 -1 3001.DAT
0 STEP
1 86 560.0 -1872 170.0 -1 0 0 0 1 0 0 0 -1 3010.DAT
0 STEP
1 86 580.0 -2712 170.0 -1 0 0 0 1 0 0 0 -1 3009.DAT
0 STEP
1 86 560.0 0 190.0 -1 0 0 0 1 0 0 0 -1 3010.DAT
0 STEP
1 86 540.0 -1872 200.0 0 0 1 0 1 0 -1 0 0 3003.DAT
0 STEP
1 86 530.0 -2712 200.0 0 0 1 0 1 0 -1 0 0 3004.DAT
0 STEP
1 86 550.0 -528 220.0 -1 0 0 0 1 0 0 0 -1 3002.DAT
0 STEP
1 86 560.0 -600 220.0 -1 0 0 0 1 0 0 0 -1 3001.DAT
0 STEP
1 86 530.0 -624 210.0 0 0 1 0 1 0 -1 0 0 3005.DAT
0 STEP
1 86 540.0 -672 230.0 0 0 1 0 1 0 -1 0 0 3002.DAT
0 STEP
1 86 560.0 -744 220.0 -1 0 0 0 1 0 0 0 -1 3001.DAT
0 STEP
1 86 530.0 -912 210.0 0 0 1 0 1 0 -1 0 0 3005.DAT
0 STEP
1 86 540.0 -960 230.0 0 0 1 0 1 0 -1 0 0 3002.DAT
0 STEP
1 86 540.0 -1008 230.0 0 0 1 0 1 0 -1 0 0 3002.DAT
0 STEP
1 86 530.0 -1056 210.0 0 0 1 0 1 0 -1 0 0 3005.DAT
0 STEP
1 86 560.0 -1104 210.0 -1 0 0 0 1 0 0 0 -1 3010.DAT
0 STEP
1 86 560.0 -1152 220.0 -1 0 0 0 1 0 0 0 -1 3001.DAT
0 STEP
1 86 530.0 -1224 210.0 0 0 1 0 1 0 -1 0 0 3005.DAT
0 STEP
1 86 560.0 -1248 210.0 -1 0 0 0 1 0 0 0 -1 3010.DAT
0 STEP
1 86 530.0 -1272 230.0 0 0 1 0 1 0 -1 0 0 3622.DAT
0 STEP
1 86 550.0 -1296 210.0 -1 0 0 0 1 0 0 0 -1 3622.DAT
0 STEP
1 86 560.0 -1752 210.0 -1 0 0 0 1 0 0 0 -1 3010.DAT
0 STEP
1 86 560.0 -1800 210.0 -1 0 0 0 1 0 0 0 -1 3010.DAT
0 STEP
1 86 540.0 -1896 210.0 -1 0 0 0 1 0 0 0 -1 3004.DAT
0 STEP
1 86 550.0 -624 240.0 -1 0 0 0 1 0 0 0 -1 3002.DAT
0 STEP
1 86 560.0 -840 230.0 -1 0 0 0 1 0 0 0 -1 3010.DAT
0 STEP
1 86 540.0 -912 240.0 0 0 1 0 1 0 -1 0 0 3003.DAT
0 STEP
1 86 560.0 -1056 230.0 -1 0 0 0 1 0 0 0 -1 3010.DAT
0 STEP
1 86 530.0 -1104 240.0 0 0 1 0 1 0 -1 0 0 3004.DAT
0 STEP
1 86 560.0 -1248 240.0 -1 0 0 0 1 0 0 0 -1 3001.DAT
0 STEP
1 86 550.0 -1296 240.0 -1 0 0 0 1 0 0 0 -1 3002.DAT
0 STEP
1 86 530.0 -1320 230.0 0 0 1 0 1 0 -1 0 0 3005.DAT
0 STEP
1 86 530.0 -1392 250.0 0 0 1 0 1 0 -1 0 0 3622.DAT
0 STEP
1 86 560.0 -1608 240.0 -1 0 0 0 1 0 0 0 -1 3001.DAT
0 STEP
1 86 540.0 -1656 250.0 0 0 1 0 1 0 -1 0 0 3002.DAT
0 STEP
1 86 530.0 -1704 240.0 0 0 1 0 1 0 -1 0 0 3004.DAT
0 STEP
1 86 560.0 -1752 240.0 -1 0 0 0 1 0 0 0 -1 3001.DAT
0 STEP
1 86 560.0 -1896 240.0 -1 0 0 0 1 0 0 0 -1 3001.DAT
0 STEP
1 86 580.0 -240 250.0 -1 0 0 0 1 0 0 0 -1 3009.DAT
0 STEP
1 86 530.0 -384 270.0 0 0 1 0 1 0 -1 0 0 3622.DAT
0 STEP
1 86 560.0 -456 260.0 -1 0 0 0 1 0 0 0 -1 3001.DAT
0 STEP
1 86 550.0 -1056 250.0 -1 0 0 0 1 0 0 0 -1 3622.DAT
0 STEP
1 86 550.0 -1152 250.0 -1 0 0 0 1 0 0 0 -1 3622.DAT
0 STEP
1 86 550.0 -1320 260.0 -1 0 0 0 1 0 0 0 -1 3002.DAT
0 STEP
1 86 530.0 -1416 270.0 0 0 1 0 1 0 -1 0 0 3622.DAT
0 STEP
1 86 540.0 -1464 270.0 0 0 1 0 1 0 -1 0 0 3002.DAT
0 STEP
1 86 560.0 -1560 250.0 -1 0 0 0 1 0 0 0 -1 3010.DAT
0 STEP
1 86 560.0 -1824 250.0 -1 0 0 0 1 0 0 0 -1 3010.DAT
0 STEP
1 86 560.0 -288 270.0 -1 0 0 0 1 0 0 0 -1 3010.DAT
0 STEP
1 86 530.0 -1536 270.0 0 0 1 0 1 0 -1 0 0 3005.DAT
0 STEP
1 86 530.0 -1560 270.0 0 0 1 0 1 0 -1 0 0 3005.DAT
0 STEP
1 86 530.0 -1608 270.0 0 0 1 0 1 0 -1 0 0 3005.DAT
0 STEP
1 86 560.0 -1560 290.0 -1 0 0 0 1 0 0 0 -1 3010.DAT
0 STEP
1 86 560.0 -288 310.0 -1 0 0 0 1 0 0 0 -1 3010.DAT
0 STEP
1 86 560.0 -264 40.0 0 0 1 0 1 0 -1 0 0 3001.DAT
0 STEP
1 86 560.0 -384 70.0 0 0 1 0 1 0 -1 0 0 3002.DAT
0 STEP
1 86 550.0 -1416 70.0 0 0 1 0 1 0 -1 0 0 3622.DAT
0 STEP
1 86 550.0 -1512 70.0 0 0 1 0 1 0 -1 0 0 3622.DAT
0 STEP
1 86 580.0 -216 70.0 -1 0 0 0 1 0 0 0 -1 3010.DAT
0 STEP
1 86 550.0 -504 90.0 0 0 1 0 1 0 -1 0 0 3622.DAT
0 STEP
1 86 550.0 -528 70.0 0 0 1 0 1 0 -1 0 0 3005.DAT
0 STEP
1 86 560.0 -1320 70.0 -1 0 0 0 1 0 0 0 -1 3004.DAT
0 STEP
1 86 560.0 -1344 90.0 0 0 1 0 1 0 -1 0 0 3002.DAT
0 STEP
1 86 560.0 -1368 70.0 -1 0 0 0 1 0 0 0 -1 3004.DAT
0 STEP
1 86 550.0 -1560 70.0 0 0 1 0 1 0 -1 0 0 3005.DAT
0 STEP
1 86 550.0 -1608 70.0 0 0 1 0 1 0 -1 0 0 3005.DAT
0 STEP
1 86 560.0 -72 110.0 0 0 1 0 1 0 -1 0 0 3002.DAT
0 STEP
1 86 580.0 -168 90.0 -1 0 0 0 1 0 0 0 -1 3010.DAT
0 STEP
1 86 550.0 -216 90.0 0 0 1 0 1 0 -1 0 0 3005.DAT
0 STEP
1 86 570.0 -528 100.0 -1 0 0 0 1 0 0 0 -1 3002.DAT
0 STEP
1 86 550.0 -552 90.0 0 0 1 0 1 0 -1 0 0 3005.DAT
0 STEP
1 86 550.0 -576 100.0 0 0 1 0 1 0 -1 0 0 3004.DAT
0 STEP
1 86 560.0 -624 110.0 0 0 1 0 1 0 -1 0 0 3002.DAT
0 STEP
1 86 560.0 -672 110.0 0 0 1 0 1 0 -1 0 0 3002.DAT
0 STEP
1 86 550.0 -864 110.0 0 0 1 0 1 0 -1 0 0 3622.DAT
0 STEP
1 86 550.0 -912 110.0 0 0 1 0 1 0 -1 0 0 3622.DAT
0 STEP
1 86 550.0 -960 110.0 0 0 1 0 1 0 -1 0 0 3622.DAT
0 STEP
1 86 550.0 -1008 110.0 0 0 1 0 1 0 -1 0 0 3622.DAT
0 STEP
1 86 560.0 -1056 100.0 0 0 1 0 1 0 -1 0 0 3003.DAT
0 STEP
1 86 560.0 -1104 90.0 -1 0 0 0 1 0 0 0 -1 3004.DAT
0 STEP
1 86 560.0 -1152 90.0 -1 0 0 0 1 0 0 0 -1 3004.DAT
0 STEP
1 86 580.0 -1320 90.0 -1 0 0 0 1 0 0 0 -1 3010.DAT
0 STEP
1 86 580.0 -1368 90.0 -1 0 0 0 1 0 0 0 -1 3010.DAT
0 STEP
1 86 550.0 -1440 90.0 0 0 1 0 1 0 -1 0 0 3005.DAT
0 STEP
1 86 560.0 -1704 110.0 0 0 1 0 1 0 -1 0 0 3002.DAT
0 STEP
1 86 570.0 -1752 90.0 -1 0 0 0 1 0 0 0 -1 3622.DAT
0 STEP
1 86 570.0 -1776 90.0 -1 0 0 0 1 0 0 0 -1 3622.DAT
0 STEP
1 86 600.0 -1848 100.0 -1 0 0 0 1 0 0 0 -1 2456.DAT
0 STEP
1 86 560.0 0 140.0 0 0 1 0 1 0 -1 0 0 3001.DAT
0 STEP
1 86 550.0 -168 110.0 0 0 1 0 1 0 -1 0 0 3005.DAT
0 STEP
1 86 600.0 -216 110.0 -1 0 0 0 1 0 0 0 -1 3009.DAT
0 STEP
1 86 580.0 -648 110.0 -1 0 0 0 1 0 0 0 -1 3010.DAT
0 STEP
1 86 550.0 -744 110.0 0 0 1 0 1 0 -1 0 0 3005.DAT
0 STEP
1 86 580.0 -1104 120.0 -1 0 0 0 1 0 0 0 -1 3001.DAT
0 STEP
1 86 550.0 -1128 110.0 0 0 1 0 1 0 -1 0 0 3005.DAT
0 STEP
1 86 580.0 -1152 110.0 -1 0 0 0 1 0 0 0 -1 3010.DAT
0 STEP
1 86 550.0 -1176 120.0 0 0 1 0 1 0 -1 0 0 3004.DAT
0 STEP
1 86 550.0 -1224 120.0 0 0 1 0 1 0 -1 0 0 3004.DAT
0 STEP
1 86 560.0 -1320 110.0 -1 0 0 0 1 0 0 0 -1 3004.DAT
0 STEP
1 86 550.0 -1368 110.0 0 0 1 0 1 0 -1 0 0 3005.DAT
0 STEP
1 86 600.0 -1584 110.0 -1 0 0 0 1 0 0 0 -1 3009.DAT
0 STEP
1 86 580.0 -1728 110.0 -1 0 0 0 1 0 0 0 -1 3010.DAT
0 STEP
1 86 570.0 -1752 120.0 -1 0 0 0 1 0 0 0 -1 3002.DAT
0 STEP
1 86 580.0 -1824 110.0 -1 0 0 0 1 0 0 0 -1 3010.DAT
0 STEP
1 86 580.0 -576 130.0 -1 0 0 0 1 0 0 0 -1 3010.DAT
0 STEP
1 86 560.0 -648 130.0 -1 0 0 0 1 0 0 0 -1 3004.DAT
0 STEP
1 86 550.0 -1056 130.0 0 0 1 0 1 0 -1 0 0 3005.DAT
0 STEP
1 86 550.0 -1848 130.0 0 0 1 0 1 0 -1 0 0 3005.DAT
0 STEP
1 86 550.0 -1896 160.0 0 0 1 0 1 0 -1 0 0 3010.DAT
0 STEP
1 86 550.0 -2736 140.0 0 0 1 0 1 0 -1 0 0 3004.DAT
0 STEP
1 86 550.0 -1848 180.0 0 0 1 0 1 0 -1 0 0 3010.DAT
0 STEP
1 86 580.0 -2808 160.0 -1 0 0 0 1 0 0 0 -1 3001.DAT
0 STEP
1 86 550.0 -24 200.0 0 0 1 0 1 0 -1 0 0 3010.DAT
0 STEP
1 86 550.0 -2736 190.0 0 0 1 0 1 0 -1 0 0 3622.DAT
0 STEP
1 86 580.0 -2712 190.0 -1 0 0 0 1 0 0 0 -1 3010.DAT
0 STEP
1 86 580.0 -2808 190.0 -1 0 0 0 1 0 0 0 -1 3010.DAT
0 STEP
1 86 560.0 -72 230.0 0 0 1 0 1 0 -1 0 0 3002.DAT
0 STEP
1 86 560.0 -576 230.0 0 0 1 0 1 0 -1 0 0 3002.DAT
0 STEP
1 86 580.0 -624 210.0 -1 0 0 0 1 0 0 0 -1 3010.DAT
0 STEP
1 86 550.0 -768 230.0 0 0 1 0 1 0 -1 0 0 3622.DAT
0 STEP
1 86 560.0 -816 230.0 0 0 1 0 1 0 -1 0 0 3002.DAT
0 STEP
1 86 580.0 -912 210.0 -1 0 0 0 1 0 0 0 -1 3010.DAT
0 STEP
1 86 580.0 -1056 210.0 -1 0 0 0 1 0 0 0 -1 3010.DAT
0 STEP
1 86 550.0 -1080 220.0 0 0 1 0 1 0 -1 0 0 3004.DAT
0 STEP
1 86 580.0 -1128 210.0 -1 0 0 0 1 0 0 0 -1 3010.DAT
0 STEP
1 86 580.0 -1224 220.0 -1 0 0 0 1 0 0 0 -1 3001.DAT
0 STEP
1 86 560.0 -1272 230.0 0 0 1 0 1 0 -1 0 0 3002.DAT
0 STEP
1 86 560.0 -1704 230.0 0 0 1 0 1 0 -1 0 0 3002.DAT
0 STEP
1 86 620.0 -1728 210.0 -1 0 0 0 1 0 0 0 -1 3008.DAT
0 STEP
1 86 580.0 -120 230.0 -1 0 0 0 1 0 0 0 -1 3010.DAT
0 STEP
1 86 550.0 -432 240.0 0 0 1 0 1 0 -1 0 0 3004.DAT
0 STEP
1 86 550.0 -480 230.0 0 0 1 0 1 0 -1 0 0 3005.DAT
0 STEP
1 86 560.0 -504 250.0 0 0 1 0 1 0 -1 0 0 3002.DAT
0 STEP
1 86 550.0 -696 230.0 0 0 1 0 1 0 -1 0 0 3005.DAT
0 STEP
1 86 550.0 -984 230.0 0 0 1 0 1 0 -1 0 0 3005.DAT
0 STEP
1 86 580.0 -1104 230.0 -1 0 0 0 1 0 0 0 -1 3010.DAT
0 STEP
1 86 550.0 -1128 230.0 0 0 1 0 1 0 -1 0 0 3005.DAT
0 STEP
1 86 580.0 -1320 230.0 -1 0 0 0 1 0 0 0 -1 3010.DAT
0 STEP
1 86 560.0 -1344 230.0 -1 0 0 0 1 0 0 0 -1 3004.DAT
0 STEP
1 86 580.0 -1392 230.0 -1 0 0 0 1 0 0 0 -1 3010.DAT
0 STEP
1 86 560.0 -1416 250.0 0 0 1 0 1 0 -1 0 0 3002.DAT
0 STEP
1 86 560.0 -1440 230.0 -1 0 0 0 1 0 0 0 -1 3004.DAT
0 STEP
1 86 550.0 -1728 230.0 0 0 1 0 1 0 -1 0 0 3005.DAT
0 STEP
1 86 620.0 -1848 240.0 -1 0 0 0 1 0 0 0 -1 3007.DAT
0 STEP
1 86 570.0 -120 260.0 -1 0 0 0 1 0 0 0 -1 3002.DAT
0 STEP
1 86 550.0 -168 270.0 0 0 1 0 1 0 -1 0 0 3622.DAT
0 STEP
1 86 550.0 -216 270.0 0 0 1 0 1 0 -1 0 0 3622.DAT
0 STEP
1 86 550.0 -336 270.0 0 0 1 0 1 0 -1 0 0 3622.DAT
0 STEP
1 86 560.0 -384 250.0 -1 0 0 0 1 0 0 0 -1 3004.DAT
0 STEP
1 86 580.0 -480 250.0 -1 0 0 0 1 0 0 0 -1 3010.DAT
0 STEP
1 86 560.0 -1104 250.0 -1 0 0 0 1 0 0 0 -1 3004.DAT
0 STEP
1 86 580.0 -1344 250.0 -1 0 0 0 1 0 0 0 -1 3010.DAT
0 STEP
1 86 550.0 -1392 250.0 0 0 1 0 1 0 -1 0 0 3005.DAT
0 STEP
1 86 560.0 -1584 270.0 0 0 1 0 1 0 -1 0 0 3002.DAT
0 STEP
1 86 580.0 -1632 250.0 -1 0 0 0 1 0 0 0 -1 3010.DAT
0 STEP
1 86 550.0 -1800 250.0 0 0 1 0 1 0 -1 0 0 3005.DAT
0 STEP
1 86 550.0 -1872 250.0 0 0 1 0 1 0 -1 0 0 3005.DAT
0 STEP
1 86 550.0 -144 280.0 0 0 1 0 1 0 -1 0 0 3004.DAT
0 STEP
1 86 560.0 -264 290.0 0 0 1 0 1 0 -1 0 0 3002.DAT
0 STEP
1 86 580.0 -384 270.0 -1 0 0 0 1 0 0 0 -1 3010.DAT
0 STEP
1 86 560.0 -480 270.0 -1 0 0 0 1 0 0 0 -1 3004.DAT
0 STEP
1 86 560.0 -1344 270.0 -1 0 0 0 1 0 0 0 -1 3004.DAT
0 STEP
1 86 570.0 -1392 270.0 -1 0 0 0 1 0 0 0 -1 3622.DAT
0 STEP
1 86 550.0 -1512 270.0 0 0 1 0 1 0 -1 0 0 3005.DAT
0 STEP
1 86 550.0 -1536 280.0 0 0 1 0 1 0 -1 0 0 3004.DAT
0 STEP
1 86 580.0 -1560 270.0 -1 0 0 0 1 0 0 0 -1 3010.DAT
0 STEP
1 86 580.0 -1608 270.0 -1 0 0 0 1 0 0 0 -1 3010.DAT
0 STEP
1 86 570.0 -288 290.0 -1 0 0 0 1 0 0 0 -1 3622.DAT
0 STEP
1 86 560.0 -384 290.0 -1 0 0 0 1 0 0 0 -1 3004.DAT
0 STEP
1 86 580.0 -1512 290.0 -1 0 0 0 1 0 0 0 -1 3010.DAT
0 STEP
1 86 570.0 -1512 310.0 -1 0 0 0 1 0 0 0 -1 3622.DAT
0 STEP
1 86 570.0 -312 30.0 0 0 1 0 1 0 -1 0 0 3005.DAT
0 STEP
1 86 580.0 -240 70.0 0 0 1 0 1 0 -1 0 0 3002.DAT
0 STEP
1 86 580.0 -312 60.0 0 0 1 0 1 0 -1 0 0 3003.DAT
0 STEP
1 86 570.0 -360 50.0 0 0 1 0 1 0 -1 0 0 3005.DAT
0 STEP
1 86 570.0 -1416 50.0 0 0 1 0 1 0 -1 0 0 3005.DAT
0 STEP
1 86 570.0 -1440 70.0 0 0 1 0 1 0 -1 0 0 3622.DAT
0 STEP
1 86 570.0 -1488 70.0 0 0 1 0 1 0 -1 0 0 3622.DAT
0 STEP
1 86 580.0 -1512 70.0 0 0 1 0 1 0 -1 0 0 3002.DAT
0 STEP
1 86 580.0 -120 70.0 -1 0 0 0 1 0 0 0 -1 3004.DAT
0 STEP
1 86 570.0 -144 70.0 0 0 1 0 1 0 -1 0 0 3005.DAT
0 STEP
1 86 580.0 -192 90.0 0 0 1 0 1 0 -1 0 0 3002.DAT
0 STEP
1 86 600.0 -288 70.0 -1 0 0 0 1 0 0 0 -1 3010.DAT
0 STEP
1 86 580.0 -432 70.0 -1 0 0 0 1 0 0 0 -1 3004.DAT
0 STEP
1 86 570.0 -456 90.0 0 0 1 0 1 0 -1 0 0 3622.DAT
0 STEP
1 86 570.0 -504 70.0 0 0 1 0 1 0 -1 0 0 3005.DAT
0 STEP
1 86 590.0 -1416 80.0 -1 0 0 0 1 0 0 0 -1 3002.DAT
0 STEP
1 86 570.0 -1560 90.0 0 0 1 0 1 0 -1 0 0 3622.DAT
0 STEP
1 86 580.0 -1608 90.0 0 0 1 0 1 0 -1 0 0 3002.DAT
0 STEP
1 86 570.0 -1632 70.0 0 0 1 0 1 0 -1 0 0 3005.DAT
0 STEP
1 86 570.0 -24 90.0 0 0 1 0 1 0 -1 0 0 3005.DAT
0 STEP
1 86 580.0 -48 120.0 0 0 1 0 1 0 -1 0 0 3001.DAT
0 STEP
1 86 590.0 -120 90.0 -1 0 0 0 1 0 0 0 -1 3622.DAT
0 STEP
1 86 600.0 -216 90.0 -1 0 0 0 1 0 0 0 -1 3010.DAT
0 STEP
1 86 590.0 -408 100.0 -1 0 0 0 1 0 0 0 -1 3002.DAT
0 STEP
1 86 580.0 -504 100.0 0 0 1 0 1 0 -1 0 0 3003.DAT
0 STEP
1 86 570.0 -552 110.0 0 0 1 0 1 0 -1 0 0 3622.DAT
0 STEP
1 86 570.0 -576 90.0 0 0 1 0 1 0 -1 0 0 3005.DAT
0 STEP
1 86 570.0 -600 90.0 0 0 1 0 1 0 -1 0 0 3005.DAT
0 STEP
1 86 570.0 -720 90.0 0 0 1 0 1 0 -1 0 0 3005.DAT
0 STEP
1 86 570.0 -744 100.0 0 0 1 0 1 0 -1 0 0 3004.DAT
0 STEP
1 86 570.0 -768 120.0 0 0 1 0 1 0 -1 0 0 3010.DAT
0 STEP
1 86 570.0 -816 110.0 0 0 1 0 1 0 -1 0 0 3622.DAT
0 STEP
1 86 570.0 -864 120.0 0 0 1 0 1 0 -1 0 0 3010.DAT
0 STEP
1 86 570.0 -912 120.0 0 0 1 0 1 0 -1 0 0 3010.DAT
0 STEP
1 86 570.0 -960 90.0 0 0 1 0 1 0 -1 0 0 3005.DAT
0 STEP
1 86 570.0 -1008 90.0 0 0 1 0 1 0 -1 0 0 3005.DAT
0 STEP
1 86 570.0 -1080 90.0 0 0 1 0 1 0 -1 0 0 3005.DAT
0 STEP
1 86 570.0 -1128 140.0 0 0 1 0 1 0 -1 0 0 3009.DAT
0 STEP
1 86 570.0 -1176 120.0 0 0 1 0 1 0 -1 0 0 3010.DAT
0 STEP
1 86 570.0 -1200 90.0 0 0 1 0 1 0 -1 0 0 3005.DAT
0 STEP
1 86 570.0 -1272 110.0 0 0 1 0 1 0 -1 0 0 3622.DAT
0 STEP
1 86 590.0 -1632 90.0 -1 0 0 0 1 0 0 0 -1 3622.DAT
0 STEP
1 86 570.0 -1656 110.0 0 0 1 0 1 0 -1 0 0 3622.DAT
0 STEP
1 86 570.0 -1800 110.0 0 0 1 0 1 0 -1 0 0 3622.DAT
0 STEP
1 86 570.0 -1872 120.0 0 0 1 0 1 0 -1 0 0 3010.DAT
0 STEP
1 86 580.0 -24 110.0 -1 0 0 0 1 0 0 0 -1 3004.DAT
0 STEP
1 86 600.0 -120 110.0 -1 0 0 0 1 0 0 0 -1 3010.DAT
0 STEP
1 86 600.0 -168 110.0 -1 0 0 0 1 0 0 0 -1 3010.DAT
0 STEP
1 86 600.0 -432 110.0 -1 0 0 0 1 0 0 0 -1 3010.DAT
0 STEP
1 86 590.0 -576 110.0 -1 0 0 0 1 0 0 0 -1 3622.DAT
0 STEP
1 86 570.0 -720 140.0 0 0 1 0 1 0 -1 0 0 3010.DAT
0 STEP
1 86 570.0 -960 140.0 0 0 1 0 1 0 -1 0 0 3010.DAT
0 STEP
1 86 570.0 -1008 140.0 0 0 1 0 1 0 -1 0 0 3010.DAT
0 STEP
1 86 590.0 -1200 110.0 -1 0 0 0 1 0 0 0 -1 3622.DAT
0 STEP
1 86 580.0 -1224 140.0 0 0 1 0 1 0 -1 0 0 3001.DAT
0 STEP
1 86 600.0 -1368 110.0 -1 0 0 0 1 0 0 0 -1 3010.DAT
0 STEP
1 86 570.0 -1632 110.0 0 0 1 0 1 0 -1 0 0 3005.DAT
0 STEP
1 86 570.0 -24 130.0 0 0 1 0 1 0 -1 0 0 3005.DAT
0 STEP
1 86 600.0 -528 130.0 -1 0 0 0 1 0 0 0 -1 3010.DAT
0 STEP
1 86 570.0 -792 160.0 0 0 1 0 1 0 -1 0 0 3010.DAT
0 STEP
1 86 590.0 -1056 140.0 -1 0 0 0 1 0 0 0 -1 3002.DAT
0 STEP
1 86 580.0 -1296 130.0 -1 0 0 0 1 0 0 0 -1 3004.DAT
0 STEP
1 86 580.0 -1848 160.0 0 0 1 0 1 0 -1 0 0 3001.DAT
0 STEP
1 86 590.0 -1896 130.0 -1 0 0 0 1 0 0 0 -1 3622.DAT
0 STEP
1 86 580.0 -2736 150.0 0 0 1 0 1 0 -1 0 0 3002.DAT
0 STEP
1 86 590.0 -744 160.0 -1 0 0 0 1 0 0 0 -1 3002.DAT
0 STEP
1 86 590.0 -816 150.0 -1 0 0 0 1 0 0 0 -1 3622.DAT
0 STEP
1 86 580.0 -840 170.0 0 0 1 0 1 0 -1 0 0 3002.DAT
0 STEP
1 86 570.0 -888 170.0 0 0 1 0 1 0 -1 0 0 3622.DAT
0 STEP
1 86 570.0 -936 180.0 0 0 1 0 1 0 -1 0 0 3010.DAT
0 STEP
1 86 590.0 -984 150.0 -1 0 0 0 1 0 0 0 -1 3622.DAT
0 STEP
1 86 570.0 -1032 170.0 0 0 1 0 1 0 -1 0 0 3622.DAT
0 STEP
1 86 570.0 -1080 200.0 0 0 1 0 1 0 -1 0 0 3009.DAT
0 STEP
1 86 590.0 -1104 160.0 -1 0 0 0 1 0 0 0 -1 3002.DAT
0 STEP
1 86 590.0 -1152 160.0 -1 0 0 0 1 0 0 0 -1 3002.DAT
0 STEP
1 86 590.0 -1200 150.0 -1 0 0 0 1 0 0 0 -1 3622.DAT
0 STEP
1 86 590.0 -1248 150.0 -1 0 0 0 1 0 0 0 -1 3622.DAT
0 STEP
1 86 580.0 -1896 180.0 0 0 1 0 1 0 -1 0 0 3001.DAT
0 STEP
1 86 580.0 -2784 180.0 0 0 1 0 1 0 -1 0 0 3001.DAT
0 STEP
1 86 570.0 -24 180.0 0 0 1 0 1 0 -1 0 0 3004.DAT
0 STEP
1 86 570.0 -768 170.0 0 0 1 0 1 0 -1 0 0 3005.DAT
0 STEP
1 86 590.0 -816 180.0 -1 0 0 0 1 0 0 0 -1 3002.DAT
0 STEP
1 86 570.0 -864 170.0 0 0 1 0 1 0 -1 0 0 3005.DAT
0 STEP
1 86 570.0 -912 170.0 0 0 1 0 1 0 -1 0 0 3005.DAT
0 STEP
1 86 580.0 -984 200.0 0 0 1 0 1 0 -1 0 0 3001.DAT
0 STEP
1 86 590.0 -1056 180.0 -1 0 0 0 1 0 0 0 -1 3002.DAT
0 STEP
1 86 570.0 -1176 170.0 0 0 1 0 1 0 -1 0 0 3005.DAT
0 STEP
1 86 570.0 -1200 180.0 0 0 1 0 1 0 -1 0 0 3004.DAT
0 STEP
1 86 590.0 -672 200.0 -1 0 0 0 1 0 0 0 -1 3002.DAT
0 STEP
1 86 570.0 -696 190.0 0 0 1 0 1 0 -1 0 0 3005.DAT
0 STEP
1 86 570.0 -720 210.0 0 0 1 0 1 0 -1 0 0 3622.DAT
0 STEP
1 86 590.0 -744 190.0 -1 0 0 0 1 0 0 0 -1 3622.DAT
0 STEP
1 86 570.0 -768 220.0 0 0 1 0 1 0 -1 0 0 3010.DAT
0 STEP
1 86 570.0 -864 220.0 0 0 1 0 1 0 -1 0 0 3010.DAT
0 STEP
1 86 590.0 -912 190.0 -1 0 0 0 1 0 0 0 -1 3622.DAT
0 STEP
1 86 570.0 -960 190.0 0 0 1 0 1 0 -1 0 0 3005.DAT
0 STEP
1 86 590.0 -1008 200.0 -1 0 0 0 1 0 0 0 -1 3002.DAT
0 STEP
1 86 590.0 -1104 190.0 -1 0 0 0 1 0 0 0 -1 3622.DAT
0 STEP
1 86 580.0 -1152 190.0 -1 0 0 0 1 0 0 0 -1 3004.DAT
0 STEP
1 86 570.0 -1176 220.0 0 0 1 0 1 0 -1 0 0 3010.DAT
0 STEP
1 86 590.0 -1224 190.0 -1 0 0 0 1 0 0 0 -1 3622.DAT
0 STEP
1 86 580.0 -1248 190.0 -1 0 0 0 1 0 0 0 -1 3004.DAT
0 STEP
1 86 580.0 -1872 220.0 0 0 1 0 1 0 -1 0 0 3001.DAT
0 STEP
1 86 580.0 -2736 200.0 0 0 1 0 1 0 -1 0 0 3003.DAT
0 STEP
1 86 600.0 -2760 190.0 -1 0 0 0 1 0 0 0 -1 3010.DAT
0 STEP
1 86 590.0 -24 210.0 -1 0 0 0 1 0 0 0 -1 3622.DAT
0 STEP
1 86 570.0 -96 220.0 0 0 1 0 1 0 -1 0 0 3004.DAT
0 STEP
1 86 590.0 -960 210.0 -1 0 0 0 1 0 0 0 -1 3622.DAT
0 STEP
1 86 570.0 -1776 210.0 0 0 1 0 1 0 -1 0 0 3005.DAT
0 STEP
1 86 600.0 -1848 210.0 -1 0 0 0 1 0 0 0 -1 3010.DAT
0 STEP
1 86 580.0 -24 230.0 -1 0 0 0 1 0 0 0 -1 3004.DAT
0 STEP
1 86 570.0 -144 230.0 0 0 1 0 1 0 -1 0 0 3005.DAT
0 STEP
1 86 600.0 -432 240.0 -1 0 0 0 1 0 0 0 -1 3001.DAT
0 STEP
1 86 600.0 -480 230.0 -1 0 0 0 1 0 0 0 -1 3010.DAT
0 STEP
1 86 580.0 -672 230.0 -1 0 0 0 1 0 0 0 -1 3004.DAT
0 STEP
1 86 570.0 -696 240.0 0 0 1 0 1 0 -1 0 0 3004.DAT
0 STEP
1 86 580.0 -912 230.0 -1 0 0 0 1 0 0 0 -1 3004.DAT
0 STEP
1 86 570.0 -960 240.0 0 0 1 0 1 0 -1 0 0 3004.DAT
0 STEP
1 86 570.0 -1008 240.0 0 0 1 0 1 0 -1 0 0 3004.DAT
0 STEP
1 86 570.0 -1128 240.0 0 0 1 0 1 0 -1 0 0 3004.DAT
0 STEP
1 86 570.0 -1368 230.0 0 0 1 0 1 0 -1 0 0 3005.DAT
0 STEP
1 86 590.0 -1632 230.0 -1 0 0 0 1 0 0 0 -1 3622.DAT
0 STEP
1 86 580.0 -1656 250.0 0 0 1 0 1 0 -1 0 0 3002.DAT
0 STEP
1 86 570.0 -1728 240.0 0 0 1 0 1 0 -1 0 0 3004.DAT
0 STEP
1 86 590.0 -96 250.0 -1 0 0 0 1 0 0 0 -1 3622.DAT
0 STEP
1 86 600.0 -144 250.0 -1 0 0 0 1 0 0 0 -1 3010.DAT
0 STEP
1 86 580.0 -168 270.0 0 0 1 0 1 0 -1 0 0 3002.DAT
0 STEP
1 86 570.0 -192 250.0 0 0 1 0 1 0 -1 0 0 3005.DAT
0 STEP
1 86 580.0 -216 270.0 0 0 1 0 1 0 -1 0 0 3002.DAT
0 STEP
1 86 590.0 -336 260.0 -1 0 0 0 1 0 0 0 -1 3002.DAT
0 STEP
1 86 570.0 -600 250.0 0 0 1 0 1 0 -1 0 0 3005.DAT
0 STEP
1 86 570.0 -648 250.0 0 0 1 0 1 0 -1 0 0 3005.DAT
0 STEP
1 86 570.0 -672 250.0 0 0 1 0 1 0 -1 0 0 3005.DAT
0 STEP
1 86 570.0 -744 250.0 0 0 1 0 1 0 -1 0 0 3005.DAT
0 STEP
1 86 570.0 -912 250.0 0 0 1 0 1 0 -1 0 0 3005.DAT
0 STEP
1 86 570.0 -936 250.0 0 0 1 0 1 0 -1 0 0 3005.DAT
0 STEP
1 86 570.0 -1224 250.0 0 0 1 0 1 0 -1 0 0 3005.DAT
0 STEP
1 86 600.0 -1392 250.0 -1 0 0 0 1 0 0 0 -1 3010.DAT
0 STEP
1 86 570.0 -1440 250.0 0 0 1 0 1 0 -1 0 0 3005.DAT
0 STEP
1 86 580.0 -1464 270.0 0 0 1 0 1 0 -1 0 0 3002.DAT
0 STEP
1 86 570.0 -1536 270.0 0 0 1 0 1 0 -1 0 0 3622.DAT
0 STEP
1 86 600.0 -1800 250.0 -1 0 0 0 1 0 0 0 -1 3010.DAT
0 STEP
1 86 590.0 -144 270.0 -1 0 0 0 1 0 0 0 -1 3622.DAT
0 STEP
1 86 590.0 -240 270.0 -1 0 0 0 1 0 0 0 -1 3622.DAT
0 STEP
1 86 600.0 -1512 270.0 -1 0 0 0 1 0 0 0 -1 3010.DAT
0 STEP
1 86 590.0 -1632 270.0 -1 0 0 0 1 0 0 0 -1 3622.DAT
0 STEP
1 86 580.0 -336 290.0 -1 0 0 0 1 0 0 0 -1 3004.DAT
0 STEP
1 86 590.0 -264 50.0 0 0 1 0 1 0 -1 0 0 3622.DAT
0 STEP
1 86 590.0 -336 50.0 0 0 1 0 1 0 -1 0 0 3005.DAT
0 STEP
1 86 600.0 -1488 70.0 0 0 1 0 1 0 -1 0 0 3002.DAT
0 STEP
1 86 590.0 -144 90.0 0 0 1 0 1 0 -1 0 0 3622.DAT
0 STEP
1 86 600.0 -336 70.0 -1 0 0 0 1 0 0 0 -1 3004.DAT
0 STEP
1 86 590.0 -384 90.0 0 0 1 0 1 0 -1 0 0 3622.DAT
0 STEP
1 86 590.0 -1392 90.0 0 0 1 0 1 0 -1 0 0 3622.DAT
0 STEP
1 86 600.0 -1440 90.0 0 0 1 0 1 0 -1 0 0 3002.DAT
0 STEP
1 86 600.0 -1560 90.0 0 0 1 0 1 0 -1 0 0 3002.DAT
0 STEP
1 86 590.0 -72 90.0 0 0 1 0 1 0 -1 0 0 3005.DAT
0 STEP
1 86 600.0 -312 90.0 -1 0 0 0 1 0 0 0 -1 3004.DAT
0 STEP
1 86 620.0 -336 90.0 -1 0 0 0 1 0 0 0 -1 3010.DAT
0 STEP
1 86 600.0 -456 100.0 0 0 1 0 1 0 -1 0 0 3003.DAT
0 STEP
1 86 590.0 -480 110.0 0 0 1 0 1 0 -1 0 0 3622.DAT
0 STEP
1 86 590.0 -552 140.0 0 0 1 0 1 0 -1 0 0 3009.DAT
0 STEP
1 86 590.0 -1272 90.0 0 0 1 0 1 0 -1 0 0 3005.DAT
0 STEP
1 86 600.0 -1344 120.0 0 0 1 0 1 0 -1 0 0 3001.DAT
0 STEP
1 86 590.0 -1656 90.0 0 0 1 0 1 0 -1 0 0 3005.DAT
0 STEP
1 86 600.0 -1800 90.0 -1 0 0 0 1 0 0 0 -1 3004.DAT
0 STEP
1 86 600.0 -1872 120.0 0 0 1 0 1 0 -1 0 0 3001.DAT
0 STEP
1 86 600.0 -72 130.0 0 0 1 0 1 0 -1 0 0 3002.DAT
0 STEP
1 86 600.0 -360 110.0 -1 0 0 0 1 0 0 0 -1 3004.DAT
0 STEP
1 86 600.0 -600 140.0 0 0 1 0 1 0 -1 0 0 3001.DAT
0 STEP
1 86 600.0 -624 120.0 0 0 1 0 1 0 -1 0 0 3003.DAT
0 STEP
1 86 600.0 -672 140.0 0 0 1 0 1 0 -1 0 0 3001.DAT
0 STEP
1 86 600.0 -720 160.0 0 0 1 0 1 0 -1 0 0 2456.DAT
0 STEP
1 86 600.0 -744 110.0 -1 0 0 0 1 0 0 0 -1 3004.DAT
0 STEP
1 86 600.0 -768 120.0 0 0 1 0 1 0 -1 0 0 3003.DAT
0 STEP
1 86 600.0 -816 120.0 0 0 1 0 1 0 -1 0 0 3003.DAT
0 STEP
1 86 600.0 -840 110.0 -1 0 0 0 1 0 0 0 -1 3004.DAT
0 STEP
1 86 600.0 -864 140.0 0 0 1 0 1 0 -1 0 0 3001.DAT
0 STEP
1 86 600.0 -912 140.0 0 0 1 0 1 0 -1 0 0 3001.DAT
0 STEP
1 86 600.0 -960 110.0 -1 0 0 0 1 0 0 0 -1 3004.DAT
0 STEP
1 86 600.0 -1008 140.0 0 0 1 0 1 0 -1 0 0 3001.DAT
0 STEP
1 86 600.0 -1056 110.0 -1 0 0 0 1 0 0 0 -1 3004.DAT
0 STEP
1 86 600.0 -1128 110.0 -1 0 0 0 1 0 0 0 -1 3004.DAT
0 STEP
1 86 590.0 -1176 160.0 0 0 1 0 1 0 -1 0 0 3009.DAT
0 STEP
1 86 590.0 -1272 140.0 0 0 1 0 1 0 -1 0 0 3010.DAT
0 STEP
1 86 600.0 -1320 140.0 0 0 1 0 1 0 -1 0 0 3001.DAT
0 STEP
1 86 600.0 -1416 110.0 -1 0 0 0 1 0 0 0 -1 3004.DAT
0 STEP
1 86 590.0 -1464 110.0 0 0 1 0 1 0 -1 0 0 3005.DAT
0 STEP
1 86 620.0 -1536 110.0 -1 0 0 0 1 0 0 0 -1 3010.DAT
0 STEP
1 86 590.0 -1632 120.0 0 0 1 0 1 0 -1 0 0 3004.DAT
0 STEP
1 86 600.0 -1656 130.0 0 0 1 0 1 0 -1 0 0 3002.DAT
0 STEP
1 86 590.0 -1704 130.0 0 0 1 0 1 0 -1 0 0 3622.DAT
0 STEP
1 86 590.0 -1800 110.0 0 0 1 0 1 0 -1 0 0 3005.DAT
0 STEP
1 86 590.0 0 150.0 0 0 1 0 1 0 -1 0 0 3622.DAT
0 STEP
1 86 600.0 -24 160.0 0 0 1 0 1 0 -1 0 0 3001.DAT
0 STEP
1 86 610.0 -96 130.0 -1 0 0 0 1 0 0 0 -1 3622.DAT
0 STEP
1 86 610.0 -456 130.0 -1 0 0 0 1 0 0 0 -1 3622.DAT
0 STEP
1 86 590.0 -504 140.0 0 0 1 0 1 0 -1 0 0 3004.DAT
0 STEP
1 86 590.0 -648 180.0 0 0 1 0 1 0 -1 0 0 3009.DAT
0 STEP
1 86 590.0 -792 150.0 0 0 1 0 1 0 -1 0 0 3622.DAT
0 STEP
1 86 600.0 -960 160.0 0 0 1 0 1 0 -1 0 0 3001.DAT
0 STEP
1 86 590.0 -1080 180.0 0 0 1 0 1 0 -1 0 0 3009.DAT
0 STEP
1 86 600.0 -1128 160.0 0 0 1 0 1 0 -1 0 0 3001.DAT
0 STEP
1 86 610.0 -1368 130.0 -1 0 0 0 1 0 0 0 -1 3622.DAT
0 STEP
1 86 620.0 -1800 130.0 -1 0 0 0 1 0 0 0 -1 3010.DAT
0 STEP
1 86 600.0 -1824 130.0 -1 0 0 0 1 0 0 0 -1 3004.DAT
0 STEP
1 86 590.0 -2760 130.0 0 0 1 0 1 0 -1 0 0 3005.DAT
0 STEP
1 86 590.0 -96 150.0 0 0 1 0 1 0 -1 0 0 3005.DAT
0 STEP
1 86 610.0 -528 150.0 -1 0 0 0 1 0 0 0 -1 3622.DAT
0 STEP
1 86 610.0 -576 150.0 -1 0 0 0 1 0 0 0 -1 3622.DAT
0 STEP
1 86 610.0 -624 150.0 -1 0 0 0 1 0 0 0 -1 3622.DAT
0 STEP
1 86 590.0 -696 150.0 0 0 1 0 1 0 -1 0 0 3005.DAT
0 STEP
1 86 590.0 -768 180.0 0 0 1 0 1 0 -1 0 0 3010.DAT
0 STEP
1 86 590.0 -888 150.0 0 0 1 0 1 0 -1 0 0 3005.DAT
0 STEP
1 86 590.0 -936 150.0 0 0 1 0 1 0 -1 0 0 3005.DAT
0 STEP
1 86 600.0 -1032 180.0 0 0 1 0 1 0 -1 0 0 3001.DAT
0 STEP
1 86 590.0 -1296 150.0 0 0 1 0 1 0 -1 0 0 3005.DAT
0 STEP
1 86 610.0 -1680 150.0 -1 0 0 0 1 0 0 0 -1 3622.DAT
0 STEP
1 86 610.0 -1728 150.0 -1 0 0 0 1 0 0 0 -1 3622.DAT
0 STEP
1 86 610.0 -72 170.0 -1 0 0 0 1 0 0 0 -1 3622.DAT
0 STEP
1 86 600.0 -576 200.0 0 0 1 0 1 0 -1 0 0 3001.DAT
0 STEP
1 86 610.0 -624 180.0 -1 0 0 0 1 0 0 0 -1 3002.DAT
0 STEP
1 86 590.0 -696 200.0 0 0 1 0 1 0 -1 0 0 3010.DAT
0 STEP
1 86 590.0 -888 200.0 0 0 1 0 1 0 -1 0 0 3010.DAT
0 STEP
1 86 590.0 -936 200.0 0 0 1 0 1 0 -1 0 0 3010.DAT
0 STEP
1 86 600.0 -1200 200.0 0 0 1 0 1 0 -1 0 0 3001.DAT
0 STEP
1 86 610.0 -1248 170.0 -1 0 0 0 1 0 0 0 -1 3622.DAT
0 STEP
1 86 610.0 -1296 170.0 -1 0 0 0 1 0 0 0 -1 3622.DAT
0 STEP
1 86 610.0 -1680 180.0 -1 0 0 0 1 0 0 0 -1 3002.DAT
0 STEP
1 86 610.0 -72 200.0 -1 0 0 0 1 0 0 0 -1 3002.DAT
0 STEP
1 86 590.0 -96 210.0 0 0 1 0 1 0 -1 0 0 3622.DAT
0 STEP
1 86 600.0 -528 210.0 0 0 1 0 1 0 -1 0 0 3002.DAT
0 STEP
1 86 600.0 -600 190.0 -1 0 0 0 1 0 0 0 -1 3004.DAT
0 STEP
1 86 600.0 -792 190.0 -1 0 0 0 1 0 0 0 -1 3004.DAT
0 STEP
1 86 600.0 -864 190.0 -1 0 0 0 1 0 0 0 -1 3004.DAT
0 STEP
1 86 610.0 -1272 200.0 -1 0 0 0 1 0 0 0 -1 3002.DAT
0 STEP
1 86 590.0 -1296 220.0 0 0 1 0 1 0 -1 0 0 3010.DAT
0 STEP
1 86 610.0 -1320 200.0 -1 0 0 0 1 0 0 0 -1 3002.DAT
0 STEP
1 86 590.0 -1704 210.0 0 0 1 0 1 0 -1 0 0 3622.DAT
0 STEP
1 86 610.0 -1728 190.0 -1 0 0 0 1 0 0 0 -1 3622.DAT
0 STEP
1 86 610.0 -480 210.0 -1 0 0 0 1 0 0 0 -1 3622.DAT
0 STEP
1 86 590.0 -504 230.0 0 0 1 0 1 0 -1 0 0 3622.DAT
0 STEP
1 86 590.0 -552 230.0 0 0 1 0 1 0 -1 0 0 3622.DAT
0 STEP
1 86 590.0 -816 220.0 0 0 1 0 1 0 -1 0 0 3004.DAT
0 STEP
1 86 590.0 -864 220.0 0 0 1 0 1 0 -1 0 0 3004.DAT
0 STEP
1 86 610.0 -1344 220.0 -1 0 0 0 1 0 0 0 -1 3002.DAT
0 STEP
1 86 590.0 -1368 240.0 0 0 1 0 1 0 -1 0 0 3010.DAT
0 STEP
1 86 600.0 -1656 210.0 -1 0 0 0 1 0 0 0 -1 3004.DAT
0 STEP
1 86 610.0 -1680 210.0 -1 0 0 0 1 0 0 0 -1 3622.DAT
0 STEP
1 86 620.0 -1776 210.0 -1 0 0 0 1 0 0 0 -1 3010.DAT
0 STEP
1 86 660.0 -1824 210.0 -1 0 0 0 1 0 0 0 -1 3008.DAT
0 STEP
1 86 600.0 -48 230.0 -1 0 0 0 1 0 0 0 -1 3004.DAT
0 STEP
1 86 600.0 -72 230.0 -1 0 0 0 1 0 0 0 -1 3004.DAT
0 STEP
1 86 620.0 -144 230.0 -1 0 0 0 1 0 0 0 -1 3010.DAT
0 STEP
1 86 620.0 -240 230.0 -1 0 0 0 1 0 0 0 -1 3010.DAT
0 STEP
1 86 590.0 -384 240.0 0 0 1 0 1 0 -1 0 0 3004.DAT
0 STEP
1 86 600.0 -408 250.0 0 0 1 0 1 0 -1 0 0 3002.DAT
0 STEP
1 86 590.0 -456 230.0 0 0 1 0 1 0 -1 0 0 3005.DAT
0 STEP
1 86 590.0 -624 230.0 0 0 1 0 1 0 -1 0 0 3005.DAT
0 STEP
1 86 590.0 -720 230.0 0 0 1 0 1 0 -1 0 0 3005.DAT
0 STEP
1 86 590.0 -768 230.0 0 0 1 0 1 0 -1 0 0 3005.DAT
0 STEP
1 86 590.0 -960 230.0 0 0 1 0 1 0 -1 0 0 3005.DAT
0 STEP
1 86 590.0 -1008 230.0 0 0 1 0 1 0 -1 0 0 3005.DAT
0 STEP
1 86 590.0 -1032 230.0 0 0 1 0 1 0 -1 0 0 3005.DAT
0 STEP
1 86 600.0 -1128 230.0 -1 0 0 0 1 0 0 0 -1 3004.DAT
0 STEP
1 86 600.0 -1176 230.0 -1 0 0 0 1 0 0 0 -1 3004.DAT
0 STEP
1 86 600.0 -1272 230.0 -1 0 0 0 1 0 0 0 -1 3004.DAT
0 STEP
1 86 620.0 -1416 230.0 -1 0 0 0 1 0 0 0 -1 3010.DAT
0 STEP
1 86 610.0 -1440 240.0 -1 0 0 0 1 0 0 0 -1 3002.DAT
0 STEP
1 86 600.0 -1680 230.0 -1 0 0 0 1 0 0 0 -1 3004.DAT
0 STEP
1 86 620.0 -1728 230.0 -1 0 0 0 1 0 0 0 -1 3010.DAT
0 STEP
1 86 590.0 -1776 230.0 0 0 1 0 1 0 -1 0 0 3005.DAT
0 STEP
1 86 620.0 -1824 230.0 -1 0 0 0 1 0 0 0 -1 3010.DAT
0 STEP
1 86 620.0 -192 250.0 -1 0 0 0 1 0 0 0 -1 3010.DAT
0 STEP
1 86 590.0 -264 280.0 0 0 1 0 1 0 -1 0 0 3010.DAT
0 STEP
1 86 590.0 -312 270.0 0 0 1 0 1 0 -1 0 0 3622.DAT
0 STEP
1 86 590.0 -360 270.0 0 0 1 0 1 0 -1 0 0 3622.DAT
0 STEP
1 86 590.0 -1272 250.0 0 0 1 0 1 0 -1 0 0 3005.DAT
0 STEP
1 86 590.0 -1320 250.0 0 0 1 0 1 0 -1 0 0 3005.DAT
0 STEP
1 86 590.0 -1416 260.0 0 0 1 0 1 0 -1 0 0 3004.DAT
0 STEP
1 86 600.0 -1536 250.0 -1 0 0 0 1 0 0 0 -1 3004.DAT
0 STEP
1 86 590.0 -1584 270.0 0 0 1 0 1 0 -1 0 0 3622.DAT
0 STEP
1 86 590.0 -1488 270.0 0 0 1 0 1 0 -1 0 0 3005.DAT
0 STEP
1 86 590.0 -1536 280.0 0 0 1 0 1 0 -1 0 0 3004.DAT
0 STEP
1 86 610.0 -264 80.0 0 0 1 0 1 0 -1 0 0 3010.DAT
0 STEP
1 86 610.0 -288 50.0 0 0 1 0 1 0 -1 0 0 3005.DAT
0 STEP
1 86 610.0 -192 100.0 0 0 1 0 1 0 -1 0 0 3010.DAT
0 STEP
1 86 610.0 -240 70.0 0 0 1 0 1 0 -1 0 0 3005.DAT
0 STEP
1 86 610.0 -312 70.0 0 0 1 0 1 0 -1 0 0 3005.DAT
0 STEP
1 86 610.0 -360 80.0 0 0 1 0 1 0 -1 0 0 3004.DAT
0 STEP
1 86 610.0 -1392 100.0 0 0 1 0 1 0 -1 0 0 3010.DAT
0 STEP
1 86 610.0 -1464 70.0 0 0 1 0 1 0 -1 0 0 3005.DAT
0 STEP
1 86 610.0 -1512 90.0 0 0 1 0 1 0 -1 0 0 3622.DAT
0 STEP
1 86 610.0 -1584 70.0 0 0 1 0 1 0 -1 0 0 3005.DAT
0 STEP
1 86 610.0 -96 100.0 0 0 1 0 1 0 -1 0 0 3004.DAT
0 STEP
1 86 620.0 -144 120.0 0 0 1 0 1 0 -1 0 0 3001.DAT
0 STEP
1 86 620.0 -240 120.0 0 0 1 0 1 0 -1 0 0 3001.DAT
0 STEP
1 86 630.0 -288 100.0 -1 0 0 0 1 0 0 0 -1 3002.DAT
0 STEP
1 86 610.0 -384 120.0 0 0 1 0 1 0 -1 0 0 3010.DAT
0 STEP
1 86 610.0 -432 90.0 0 0 1 0 1 0 -1 0 0 3005.DAT
0 STEP
1 86 610.0 -480 90.0 0 0 1 0 1 0 -1 0 0 3005.DAT
0 STEP
1 86 620.0 -1464 100.0 0 0 1 0 1 0 -1 0 0 3003.DAT
0 STEP
1 86 620.0 -1584 90.0 -1 0 0 0 1 0 0 0 -1 3004.DAT
0 STEP
1 86 620.0 -1608 110.0 0 0 1 0 1 0 -1 0 0 3002.DAT
0 STEP
1 86 610.0 -1824 90.0 0 0 1 0 1 0 -1 0 0 3005.DAT
0 STEP
1 86 610.0 -1896 90.0 0 0 1 0 1 0 -1 0 0 3005.DAT
0 STEP
1 86 610.0 -48 120.0 0 0 1 0 1 0 -1 0 0 3004.DAT
0 STEP
1 86 610.0 -312 120.0 0 0 1 0 1 0 -1 0 0 3004.DAT
0 STEP
1 86 630.0 -336 120.0 -1 0 0 0 1 0 0 0 -1 3002.DAT
0 STEP
1 86 620.0 -480 140.0 0 0 1 0 1 0 -1 0 0 3001.DAT
0 STEP
1 86 610.0 -504 130.0 0 0 1 0 1 0 -1 0 0 3622.DAT
0 STEP
1 86 610.0 -528 110.0 0 0 1 0 1 0 -1 0 0 3005.DAT
0 STEP
1 86 610.0 -552 140.0 0 0 1 0 1 0 -1 0 0 3010.DAT
0 STEP
1 86 610.0 -696 120.0 0 0 1 0 1 0 -1 0 0 3004.DAT
0 STEP
1 86 610.0 -792 140.0 0 0 1 0 1 0 -1 0 0 3010.DAT
0 STEP
1 86 610.0 -888 110.0 0 0 1 0 1 0 -1 0 0 3005.DAT
0 STEP
1 86 610.0 -936 160.0 0 0 1 0 1 0 -1 0 0 3009.DAT
0 STEP
1 86 610.0 -1032 120.0 0 0 1 0 1 0 -1 0 0 3004.DAT
0 STEP
1 86 610.0 -1080 160.0 0 0 1 0 1 0 -1 0 0 3009.DAT
0 STEP
1 86 610.0 -1176 110.0 0 0 1 0 1 0 -1 0 0 3005.DAT
0 STEP
1 86 610.0 -1224 140.0 0 0 1 0 1 0 -1 0 0 3010.DAT
0 STEP
1 86 610.0 -1248 110.0 0 0 1 0 1 0 -1 0 0 3005.DAT
0 STEP
1 86 610.0 -1272 110.0 0 0 1 0 1 0 -1 0 0 3005.DAT
0 STEP
1 86 610.0 -1296 130.0 0 0 1 0 1 0 -1 0 0 3622.DAT
0 STEP
1 86 620.0 -1632 110.0 -1 0 0 0 1 0 0 0 -1 3004.DAT
0 STEP
1 86 610.0 -1704 110.0 0 0 1 0 1 0 -1 0 0 3005.DAT
0 STEP
1 86 640.0 -1752 120.0 -1 0 0 0 1 0 0 0 -1 3001.DAT
0 STEP
1 86 640.0 -1800 110.0 -1 0 0 0 1 0 0 0 -1 3010.DAT
0 STEP
1 86 610.0 -120 140.0 0 0 1 0 1 0 -1 0 0 3004.DAT
0 STEP
1 86 630.0 -168 130.0 -1 0 0 0 1 0 0 0 -1 3622.DAT
0 STEP
1 86 610.0 -216 130.0 0 0 1 0 1 0 -1 0 0 3005.DAT
0 STEP
1 86 630.0 -264 130.0 -1 0 0 0 1 0 0 0 -1 3622.DAT
0 STEP
1 86 610.0 -288 130.0 0 0 1 0 1 0 -1 0 0 3005.DAT
0 STEP
1 86 610.0 -360 130.0 0 0 1 0 1 0 -1 0 0 3005.DAT
0 STEP
1 86 630.0 -408 130.0 -1 0 0 0 1 0 0 0 -1 3622.DAT
0 STEP
1 86 610.0 -432 160.0 0 0 1 0 1 0 -1 0 0 3010.DAT
0 STEP
1 86 610.0 -648 160.0 0 0 1 0 1 0 -1 0 0 3010.DAT
0 STEP
1 86 610.0 -744 130.0 0 0 1 0 1 0 -1 0 0 3005.DAT
0 STEP
1 86 610.0 -840 160.0 0 0 1 0 1 0 -1 0 0 3010.DAT
0 STEP
1 86 610.0 -1152 130.0 0 0 1 0 1 0 -1 0 0 3005.DAT
0 STEP
1 86 610.0 -1176 160.0 0 0 1 0 1 0 -1 0 0 3010.DAT
0 STEP
1 86 620.0 -1272 150.0 0 0 1 0 1 0 -1 0 0 3002.DAT
0 STEP
1 86 610.0 -1416 130.0 0 0 1 0 1 0 -1 0 0 3005.DAT
0 STEP
1 86 630.0 -1632 130.0 -1 0 0 0 1 0 0 0 -1 3622.DAT
0 STEP
1 86 620.0 -1704 130.0 -1 0 0 0 1 0 0 0 -1 3004.DAT
0 STEP
1 86 620.0 -1848 160.0 0 0 1 0 1 0 -1 0 0 3001.DAT
0 STEP
1 86 610.0 -2760 150.0 0 0 1 0 1 0 -1 0 0 3622.DAT
0 STEP
1 86 620.0 -48 180.0 0 0 1 0 1 0 -1 0 0 3001.DAT
0 STEP
1 86 610.0 -96 180.0 0 0 1 0 1 0 -1 0 0 3010.DAT
0 STEP
1 86 620.0 -408 150.0 -1 0 0 0 1 0 0 0 -1 3004.DAT
0 STEP
1 86 630.0 -456 160.0 -1 0 0 0 1 0 0 0 -1 3002.DAT
0 STEP
1 86 620.0 -696 160.0 0 0 1 0 1 0 -1 0 0 3003.DAT
0 STEP
1 86 610.0 -768 170.0 0 0 1 0 1 0 -1 0 0 3622.DAT
0 STEP
1 86 610.0 -888 180.0 0 0 1 0 1 0 -1 0 0 3010.DAT
0 STEP
1 86 620.0 -1368 180.0 0 0 1 0 1 0 -1 0 0 3001.DAT
0 STEP
1 86 620.0 -1632 180.0 0 0 1 0 1 0 -1 0 0 3001.DAT
0 STEP
1 86 640.0 -1704 150.0 -1 0 0 0 1 0 0 0 -1 3010.DAT
0 STEP
1 86 640.0 -1752 150.0 -1 0 0 0 1 0 0 0 -1 3010.DAT
0 STEP
1 86 610.0 -1776 150.0 0 0 1 0 1 0 -1 0 0 3005.DAT
0 STEP
1 86 610.0 -1896 150.0 0 0 1 0 1 0 -1 0 0 3005.DAT
0 STEP
1 86 620.0 -2736 180.0 0 0 1 0 1 0 -1 0 0 3001.DAT
0 STEP
1 86 620.0 -2784 180.0 0 0 1 0 1 0 -1 0 0 3001.DAT
0 STEP
1 86 620.0 -120 170.0 -1 0 0 0 1 0 0 0 -1 3004.DAT
0 STEP
1 86 620.0 -144 170.0 -1 0 0 0 1 0 0 0 -1 3004.DAT
0 STEP
1 86 620.0 -504 200.0 0 0 1 0 1 0 -1 0 0 3001.DAT
0 STEP
1 86 630.0 -528 170.0 -1 0 0 0 1 0 0 0 -1 3622.DAT
0 STEP
1 86 610.0 -984 190.0 0 0 1 0 1 0 -1 0 0 3622.DAT
0 STEP
1 86 630.0 -1344 180.0 -1 0 0 0 1 0 0 0 -1 3002.DAT
0 STEP
1 86 610.0 -1656 180.0 0 0 1 0 1 0 -1 0 0 3004.DAT
0 STEP
1 86 610.0 -1704 200.0 0 0 1 0 1 0 -1 0 0 3010.DAT
0 STEP
1 86 640.0 -1872 180.0 -1 0 0 0 1 0 0 0 -1 3001.DAT
0 STEP
1 86 620.0 -1896 200.0 0 0 1 0 1 0 -1 0 0 3001.DAT
0 STEP
1 86 610.0 -120 200.0 0 0 1 0 1 0 -1 0 0 3004.DAT
0 STEP
1 86 630.0 -144 200.0 -1 0 0 0 1 0 0 0 -1 3002.DAT
0 STEP
1 86 610.0 -408 200.0 0 0 1 0 1 0 -1 0 0 3004.DAT
0 STEP
1 86 610.0 -456 220.0 0 0 1 0 1 0 -1 0 0 3010.DAT
0 STEP
1 86 630.0 -480 190.0 -1 0 0 0 1 0 0 0 -1 3622.DAT
0 STEP
1 86 610.0 -552 190.0 0 0 1 0 1 0 -1 0 0 3005.DAT
0 STEP
1 86 610.0 -696 200.0 0 0 1 0 1 0 -1 0 0 3004.DAT
0 STEP
1 86 610.0 -1152 210.0 0 0 1 0 1 0 -1 0 0 3622.DAT
0 STEP
1 86 610.0 -1248 210.0 0 0 1 0 1 0 -1 0 0 3622.DAT
0 STEP
1 86 610.0 -1296 210.0 0 0 1 0 1 0 -1 0 0 3622.DAT
0 STEP
1 86 620.0 -1752 210.0 0 0 1 0 1 0 -1 0 0 3002.DAT
0 STEP
1 86 660.0 -1776 190.0 -1 0 0 0 1 0 0 0 -1 3009.DAT
0 STEP
1 86 610.0 -168 240.0 0 0 1 0 1 0 -1 0 0 3010.DAT
0 STEP
1 86 620.0 -216 210.0 -1 0 0 0 1 0 0 0 -1 3004.DAT
0 STEP
1 86 630.0 -240 210.0 -1 0 0 0 1 0 0 0 -1 3622.DAT
0 STEP
1 86 630.0 -384 220.0 -1 0 0 0 1 0 0 0 -1 3002.DAT
0 STEP
1 86 630.0 -432 210.0 -1 0 0 0 1 0 0 0 -1 3622.DAT
0 STEP
1 86 620.0 -552 210.0 -1 0 0 0 1 0 0 0 -1 3004.DAT
0 STEP
1 86 610.0 -600 220.0 0 0 1 0 1 0 -1 0 0 3004.DAT
0 STEP
1 86 610.0 -648 210.0 0 0 1 0 1 0 -1 0 0 3005.DAT
0 STEP
1 86 610.0 -1104 210.0 0 0 1 0 1 0 -1 0 0 3005.DAT
0 STEP
1 86 610.0 -1176 210.0 0 0 1 0 1 0 -1 0 0 3005.DAT
0 STEP
1 86 630.0 -1392 210.0 -1 0 0 0 1 0 0 0 -1 3622.DAT
0 STEP
1 86 610.0 -1416 210.0 0 0 1 0 1 0 -1 0 0 3005.DAT
0 STEP
1 86 610.0 -1800 210.0 0 0 1 0 1 0 -1 0 0 3005.DAT
0 STEP
1 86 640.0 -1872 210.0 -1 0 0 0 1 0 0 0 -1 3010.DAT
0 STEP
1 86 620.0 -96 230.0 -1 0 0 0 1 0 0 0 -1 3004.DAT
0 STEP
1 86 630.0 -192 230.0 -1 0 0 0 1 0 0 0 -1 3622.DAT
0 STEP
1 86 610.0 -216 250.0 0 0 1 0 1 0 -1 0 0 3622.DAT
0 STEP
1 86 640.0 -312 230.0 -1 0 0 0 1 0 0 0 -1 3010.DAT
0 STEP
1 86 610.0 -336 230.0 0 0 1 0 1 0 -1 0 0 3005.DAT
0 STEP
1 86 610.0 -360 250.0 0 0 1 0 1 0 -1 0 0 3622.DAT
0 STEP
1 86 610.0 -552 230.0 0 0 1 0 1 0 -1 0 0 3005.DAT
0 STEP
1 86 610.0 -1368 240.0 0 0 1 0 1 0 -1 0 0 3004.DAT
0 STEP
1 86 640.0 -1464 230.0 -1 0 0 0 1 0 0 0 -1 3010.DAT
0 STEP
1 86 620.0 -1536 230.0 -1 0 0 0 1 0 0 0 -1 3004.DAT
0 STEP
1 86 640.0 -1560 230.0 -1 0 0 0 1 0 0 0 -1 3010.DAT
0 STEP
1 86 610.0 -1584 250.0 0 0 1 0 1 0 -1 0 0 3622.DAT
0 STEP
1 86 630.0 -1608 230.0 -1 0 0 0 1 0 0 0 -1 3622.DAT
0 STEP
1 86 610.0 -1656 240.0 0 0 1 0 1 0 -1 0 0 3004.DAT
0 STEP
1 86 660.0 -1776 230.0 -1 0 0 0 1 0 0 0 -1 3009.DAT
0 STEP
1 86 640.0 -1872 240.0 -1 0 0 0 1 0 0 0 -1 3001.DAT
0 STEP
1 86 610.0 -120 250.0 0 0 1 0 1 0 -1 0 0 3005.DAT
0 STEP
1 86 610.0 -264 250.0 0 0 1 0 1 0 -1 0 0 3005.DAT
0 STEP
1 86 610.0 -288 270.0 0 0 1 0 1 0 -1 0 0 3622.DAT
0 STEP
1 86 630.0 -312 250.0 -1 0 0 0 1 0 0 0 -1 3622.DAT
0 STEP
1 86 620.0 -384 250.0 -1 0 0 0 1 0 0 0 -1 3004.DAT
0 STEP
1 86 610.0 -504 250.0 0 0 1 0 1 0 -1 0 0 3005.DAT
0 STEP
1 86 620.0 -1416 250.0 -1 0 0 0 1 0 0 0 -1 3004.DAT
0 STEP
1 86 630.0 -1464 250.0 -1 0 0 0 1 0 0 0 -1 3622.DAT
0 STEP
1 86 610.0 -1488 270.0 0 0 1 0 1 0 -1 0 0 3622.DAT
0 STEP
1 86 630.0 -1512 250.0 -1 0 0 0 1 0 0 0 -1 3622.DAT
0 STEP
1 86 630.0 -1560 250.0 -1 0 0 0 1 0 0 0 -1 3622.DAT
0 STEP
1 86 620.0 -1608 250.0 -1 0 0 0 1 0 0 0 -1 3004.DAT
0 STEP
1 86 630.0 -1824 250.0 -1 0 0 0 1 0 0 0 -1 3622.DAT
0 STEP
1 86 620.0 -1896 250.0 -1 0 0 0 1 0 0 0 -1 3004.DAT
0 STEP
1 86 620.0 -264 270.0 -1 0 0 0 1 0 0 0 -1 3004.DAT
0 STEP
1 86 620.0 -312 270.0 -1 0 0 0 1 0 0 0 -1 3004.DAT
0 STEP
1 86 620.0 -1464 270.0 -1 0 0 0 1 0 0 0 -1 3004.DAT
0 STEP
1 86 610.0 -1536 270.0 0 0 1 0 1 0 -1 0 0 3005.DAT
0 STEP
1 86 610.0 -264 290.0 0 0 1 0 1 0 -1 0 0 3005.DAT
0 STEP
1 86 630.0 -264 90.0 0 0 1 0 1 0 -1 0 0 3622.DAT
0 STEP
1 86 630.0 -312 120.0 0 0 1 0 1 0 -1 0 0 3009.DAT
0 STEP
1 86 630.0 -1488 70.0 0 0 1 0 1 0 -1 0 0 3005.DAT
0 STEP
1 86 630.0 -1512 100.0 0 0 1 0 1 0 -1 0 0 3010.DAT
0 STEP
1 86 630.0 -168 90.0 0 0 1 0 1 0 -1 0 0 3005.DAT
0 STEP
1 86 630.0 -192 120.0 0 0 1 0 1 0 -1 0 0 3010.DAT
0 STEP
1 86 630.0 -360 160.0 0 0 1 0 1 0 -1 0 0 3008.DAT
0 STEP
1 86 630.0 -384 90.0 0 0 1 0 1 0 -1 0 0 3005.DAT
0 STEP
1 86 630.0 -1392 100.0 0 0 1 0 1 0 -1 0 0 3004.DAT
0 STEP
1 86 630.0 -1416 90.0 0 0 1 0 1 0 -1 0 0 3005.DAT
0 STEP
1 86 630.0 -1440 120.0 0 0 1 0 1 0 -1 0 0 3010.DAT
0 STEP
1 86 640.0 -1488 90.0 -1 0 0 0 1 0 0 0 -1 3004.DAT
0 STEP
1 86 630.0 -1560 110.0 0 0 1 0 1 0 -1 0 0 3622.DAT
0 STEP
1 86 640.0 -1824 110.0 0 0 1 0 1 0 -1 0 0 3002.DAT
0 STEP
1 86 660.0 -1872 90.0 -1 0 0 0 1 0 0 0 -1 3010.DAT
0 STEP
1 86 640.0 -1896 120.0 0 0 1 0 1 0 -1 0 0 3001.DAT
0 STEP
1 86 630.0 -96 110.0 0 0 1 0 1 0 -1 0 0 3005.DAT
0 STEP
1 86 640.0 -384 140.0 0 0 1 0 1 0 -1 0 0 3001.DAT
0 STEP
1 86 640.0 -408 110.0 -1 0 0 0 1 0 0 0 -1 3004.DAT
0 STEP
1 86 630.0 -456 110.0 0 0 1 0 1 0 -1 0 0 3005.DAT
0 STEP
1 86 630.0 -1320 140.0 0 0 1 0 1 0 -1 0 0 3010.DAT
0 STEP
1 86 630.0 -1344 130.0 0 0 1 0 1 0 -1 0 0 3622.DAT
0 STEP
1 86 640.0 -1416 140.0 0 0 1 0 1 0 -1 0 0 3001.DAT
0 STEP
1 86 650.0 -1488 120.0 -1 0 0 0 1 0 0 0 -1 3002.DAT
0 STEP
1 86 630.0 -1656 140.0 0 0 1 0 1 0 -1 0 0 3010.DAT
0 STEP
1 86 630.0 -1776 130.0 0 0 1 0 1 0 -1 0 0 3622.DAT
0 STEP
1 86 630.0 -1872 110.0 0 0 1 0 1 0 -1 0 0 3005.DAT
0 STEP
1 86 640.0 -120 130.0 -1 0 0 0 1 0 0 0 -1 3004.DAT
0 STEP
1 86 630.0 -216 160.0 0 0 1 0 1 0 -1 0 0 3010.DAT
0 STEP
1 86 630.0 -288 200.0 0 0 1 0 1 0 -1 0 0 3008.DAT
0 STEP
1 86 640.0 -432 160.0 0 0 1 0 1 0 -1 0 0 3001.DAT
0 STEP
1 86 630.0 -504 140.0 0 0 1 0 1 0 -1 0 0 3004.DAT
0 STEP
1 86 630.0 -552 160.0 0 0 1 0 1 0 -1 0 0 3010.DAT
0 STEP
1 86 630.0 -1296 140.0 0 0 1 0 1 0 -1 0 0 3004.DAT
0 STEP
1 86 640.0 -1392 130.0 -1 0 0 0 1 0 0 0 -1 3004.DAT
0 STEP
1 86 630.0 -1464 140.0 0 0 1 0 1 0 -1 0 0 3004.DAT
0 STEP
1 86 650.0 -1536 130.0 -1 0 0 0 1 0 0 0 -1 3622.DAT
0 STEP
1 86 650.0 -1584 140.0 -1 0 0 0 1 0 0 0 -1 3002.DAT
0 STEP
1 86 680.0 -1872 130.0 -1 0 0 0 1 0 0 0 -1 3009.DAT
0 STEP
1 86 630.0 -72 150.0 0 0 1 0 1 0 -1 0 0 3005.DAT
0 STEP
1 86 630.0 -96 150.0 0 0 1 0 1 0 -1 0 0 3005.DAT
0 STEP
1 86 630.0 -120 150.0 0 0 1 0 1 0 -1 0 0 3005.DAT
0 STEP
1 86 630.0 -168 180.0 0 0 1 0 1 0 -1 0 0 3010.DAT
0 STEP
1 86 650.0 -264 150.0 -1 0 0 0 1 0 0 0 -1 3622.DAT
0 STEP
1 86 650.0 -336 160.0 -1 0 0 0 1 0 0 0 -1 3002.DAT
0 STEP
1 86 630.0 -600 170.0 0 0 1 0 1 0 -1 0 0 3622.DAT
0 STEP
1 86 630.0 -648 170.0 0 0 1 0 1 0 -1 0 0 3622.DAT
0 STEP
1 86 630.0 -672 160.0 0 0 1 0 1 0 -1 0 0 3004.DAT
0 STEP
1 86 650.0 -1392 150.0 -1 0 0 0 1 0 0 0 -1 3622.DAT
0 STEP
1 86 630.0 -1608 160.0 0 0 1 0 1 0 -1 0 0 3004.DAT
0 STEP
1 86 650.0 -1800 150.0 -1 0 0 0 1 0 0 0 -1 3622.DAT
0 STEP
1 86 660.0 -1872 150.0 -1 0 0 0 1 0 0 0 -1 3010.DAT
0 STEP
1 86 630.0 -2760 160.0 0 0 1 0 1 0 -1 0 0 3004.DAT
0 STEP
1 86 640.0 -96 170.0 -1 0 0 0 1 0 0 0 -1 3004.DAT
0 STEP
1 86 630.0 -192 170.0 0 0 1 0 1 0 -1 0 0 3005.DAT
0 STEP
1 86 630.0 -240 170.0 0 0 1 0 1 0 -1 0 0 3005.DAT
0 STEP
1 86 640.0 -264 170.0 -1 0 0 0 1 0 0 0 -1 3004.DAT
0 STEP
1 86 630.0 -408 170.0 0 0 1 0 1 0 -1 0 0 3005.DAT
0 STEP
1 86 630.0 -576 190.0 0 0 1 0 1 0 -1 0 0 3622.DAT
0 STEP
1 86 650.0 -1392 180.0 -1 0 0 0 1 0 0 0 -1 3002.DAT
0 STEP
1 86 660.0 -1704 180.0 -1 0 0 0 1 0 0 0 -1 3001.DAT
0 STEP
1 86 630.0 -1728 170.0 0 0 1 0 1 0 -1 0 0 3005.DAT
0 STEP
1 86 630.0 -2808 180.0 0 0 1 0 1 0 -1 0 0 3004.DAT
0 STEP
1 86 630.0 -96 200.0 0 0 1 0 1 0 -1 0 0 3004.DAT
0 STEP
1 86 630.0 -120 220.0 0 0 1 0 1 0 -1 0 0 3010.DAT
0 STEP
1 86 650.0 -192 200.0 -1 0 0 0 1 0 0 0 -1 3002.DAT
0 STEP
1 86 650.0 -240 190.0 -1 0 0 0 1 0 0 0 -1 3622.DAT
0 STEP
1 86 630.0 -264 220.0 0 0 1 0 1 0 -1 0 0 3010.DAT
0 STEP
1 86 650.0 -312 200.0 -1 0 0 0 1 0 0 0 -1 3002.DAT
0 STEP
1 86 640.0 -336 220.0 0 0 1 0 1 0 -1 0 0 3001.DAT
0 STEP
1 86 650.0 -384 190.0 -1 0 0 0 1 0 0 0 -1 3622.DAT
0 STEP
1 86 630.0 -408 220.0 0 0 1 0 1 0 -1 0 0 3010.DAT
0 STEP
1 86 630.0 -456 210.0 0 0 1 0 1 0 -1 0 0 3622.DAT
0 STEP
1 86 630.0 -528 200.0 0 0 1 0 1 0 -1 0 0 3004.DAT
0 STEP
1 86 630.0 -1296 200.0 0 0 1 0 1 0 -1 0 0 3004.DAT
0 STEP
1 86 650.0 -1416 200.0 -1 0 0 0 1 0 0 0 -1 3002.DAT
0 STEP
1 86 630.0 -1440 200.0 0 0 1 0 1 0 -1 0 0 3004.DAT
0 STEP
1 86 640.0 -1608 200.0 0 0 1 0 1 0 -1 0 0 3003.DAT
0 STEP
1 86 630.0 -1656 210.0 0 0 1 0 1 0 -1 0 0 3622.DAT
0 STEP
1 86 650.0 -1464 210.0 -1 0 0 0 1 0 0 0 -1 3622.DAT
0 STEP
1 86 630.0 -1488 240.0 0 0 1 0 1 0 -1 0 0 3010.DAT
0 STEP
1 86 650.0 -1512 220.0 -1 0 0 0 1 0 0 0 -1 3002.DAT
0 STEP
1 86 630.0 -1536 210.0 0 0 1 0 1 0 -1 0 0 3005.DAT
0 STEP
1 86 650.0 -1560 210.0 -1 0 0 0 1 0 0 0 -1 3622.DAT
0 STEP
1 86 640.0 -1584 230.0 0 0 1 0 1 0 -1 0 0 3002.DAT
0 STEP
1 86 630.0 -1704 210.0 0 0 1 0 1 0 -1 0 0 3005.DAT
0 STEP
1 86 630.0 -1800 220.0 0 0 1 0 1 0 -1 0 0 3004.DAT
0 STEP
1 86 630.0 -2760 210.0 0 0 1 0 1 0 -1 0 0 3005.DAT
0 STEP
1 86 630.0 -168 230.0 0 0 1 0 1 0 -1 0 0 3005.DAT
0 STEP
1 86 630.0 -216 240.0 0 0 1 0 1 0 -1 0 0 3004.DAT
0 STEP
1 86 630.0 -1368 230.0 0 0 1 0 1 0 -1 0 0 3005.DAT
0 STEP
1 86 630.0 -1392 230.0 0 0 1 0 1 0 -1 0 0 3005.DAT
0 STEP
1 86 630.0 -1632 240.0 0 0 1 0 1 0 -1 0 0 3004.DAT
0 STEP
1 86 640.0 -168 250.0 -1 0 0 0 1 0 0 0 -1 3004.DAT
0 STEP
1 86 630.0 -360 250.0 0 0 1 0 1 0 -1 0 0 3005.DAT
0 STEP
1 86 630.0 -1536 260.0 0 0 1 0 1 0 -1 0 0 3004.DAT
0 STEP
1 86 650.0 -264 100.0 0 0 1 0 1 0 -1 0 0 3004.DAT
0 STEP
1 86 650.0 -312 90.0 0 0 1 0 1 0 -1 0 0 3005.DAT
0 STEP
1 86 650.0 -1512 120.0 0 0 1 0 1 0 -1 0 0 3010.DAT
0 STEP
1 86 650.0 -144 140.0 0 0 1 0 1 0 -1 0 0 3010.DAT
0 STEP
1 86 650.0 -168 110.0 0 0 1 0 1 0 -1 0 0 3005.DAT
0 STEP
1 86 650.0 -192 140.0 0 0 1 0 1 0 -1 0 0 3010.DAT
0 STEP
1 86 650.0 -240 140.0 0 0 1 0 1 0 -1 0 0 3010.DAT
0 STEP
1 86 650.0 -312 140.0 0 0 1 0 1 0 -1 0 0 3010.DAT
0 STEP
1 86 650.0 -360 110.0 0 0 1 0 1 0 -1 0 0 3005.DAT
0 STEP
1 86 650.0 -1392 110.0 0 0 1 0 1 0 -1 0 0 3005.DAT
0 STEP
1 86 650.0 -1440 110.0 0 0 1 0 1 0 -1 0 0 3005.DAT
0 STEP
1 86 650.0 -1464 140.0 0 0 1 0 1 0 -1 0 0 3010.DAT
0 STEP
1 86 650.0 -1560 140.0 0 0 1 0 1 0 -1 0 0 3010.DAT
0 STEP
1 86 650.0 -1608 140.0 0 0 1 0 1 0 -1 0 0 3010.DAT
0 STEP
1 86 650.0 -1776 110.0 0 0 1 0 1 0 -1 0 0 3005.DAT
0 STEP
1 86 680.0 -1872 110.0 -1 0 0 0 1 0 0 0 -1 3010.DAT
0 STEP
1 86 650.0 -216 130.0 0 0 1 0 1 0 -1 0 0 3005.DAT
0 STEP
1 86 650.0 -288 130.0 0 0 1 0 1 0 -1 0 0 3005.DAT
0 STEP
1 86 650.0 -360 160.0 0 0 1 0 1 0 -1 0 0 3010.DAT
0 STEP
1 86 660.0 -1440 140.0 0 0 1 0 1 0 -1 0 0 3003.DAT
0 STEP
1 86 650.0 -1728 160.0 0 0 1 0 1 0 -1 0 0 3010.DAT
0 STEP
1 86 680.0 -1776 140.0 -1 0 0 0 1 0 0 0 -1 3001.DAT
0 STEP
1 86 650.0 -1848 160.0 0 0 1 0 1 0 -1 0 0 3010.DAT
0 STEP
1 86 650.0 -120 180.0 0 0 1 0 1 0 -1 0 0 3010.DAT
0 STEP
1 86 660.0 -168 170.0 0 0 1 0 1 0 -1 0 0 3002.DAT
0 STEP
1 86 660.0 -216 150.0 -1 0 0 0 1 0 0 0 -1 3004.DAT
0 STEP
1 86 660.0 -288 180.0 0 0 1 0 1 0 -1 0 0 3001.DAT
0 STEP
1 86 650.0 -408 180.0 0 0 1 0 1 0 -1 0 0 3010.DAT
0 STEP
1 86 650.0 -480 160.0 0 0 1 0 1 0 -1 0 0 3004.DAT
0 STEP
1 86 650.0 -1368 170.0 0 0 1 0 1 0 -1 0 0 3622.DAT
0 STEP
1 86 660.0 -1488 200.0 0 0 1 0 1 0 -1 0 0 2456.DAT
0 STEP
1 86 650.0 -1536 200.0 0 0 1 0 1 0 -1 0 0 3009.DAT
0 STEP
1 86 650.0 -1632 180.0 0 0 1 0 1 0 -1 0 0 3010.DAT
0 STEP
1 86 650.0 -216 200.0 0 0 1 0 1 0 -1 0 0 3010.DAT
0 STEP
1 86 650.0 -504 180.0 0 0 1 0 1 0 -1 0 0 3004.DAT
0 STEP
1 86 670.0 -1440 170.0 -1 0 0 0 1 0 0 0 -1 3622.DAT
0 STEP
1 86 650.0 -1512 170.0 0 0 1 0 1 0 -1 0 0 3005.DAT
0 STEP
1 86 670.0 -1584 180.0 -1 0 0 0 1 0 0 0 -1 3002.DAT
0 STEP
1 86 650.0 -1656 180.0 0 0 1 0 1 0 -1 0 0 3004.DAT
0 STEP
1 86 660.0 -1752 180.0 0 0 1 0 1 0 -1 0 0 3003.DAT
0 STEP
1 86 680.0 -1896 180.0 -1 0 0 0 1 0 0 0 -1 3001.DAT
0 STEP
1 86 650.0 -264 190.0 0 0 1 0 1 0 -1 0 0 3005.DAT
0 STEP
1 86 650.0 -456 200.0 0 0 1 0 1 0 -1 0 0 3004.DAT
0 STEP
1 86 650.0 -1440 210.0 0 0 1 0 1 0 -1 0 0 3622.DAT
0 STEP
1 86 650.0 -1464 190.0 0 0 1 0 1 0 -1 0 0 3005.DAT
0 STEP
1 86 670.0 -1512 190.0 -1 0 0 0 1 0 0 0 -1 3622.DAT
0 STEP
1 86 650.0 -1560 190.0 0 0 1 0 1 0 -1 0 0 3005.DAT
0 STEP
1 86 660.0 -1800 210.0 0 0 1 0 1 0 -1 0 0 3002.DAT
0 STEP
1 86 650.0 -168 220.0 0 0 1 0 1 0 -1 0 0 3004.DAT
0 STEP
1 86 660.0 -264 230.0 0 0 1 0 1 0 -1 0 0 3002.DAT
0 STEP
1 86 650.0 -360 230.0 0 0 1 0 1 0 -1 0 0 3622.DAT
0 STEP
1 86 680.0 -1752 220.0 -1 0 0 0 1 0 0 0 -1 3001.DAT
0 STEP
1 86 650.0 -1848 210.0 0 0 1 0 1 0 -1 0 0 3005.DAT
0 STEP
1 86 650.0 -1896 230.0 0 0 1 0 1 0 -1 0 0 3622.DAT
0 STEP
1 86 660.0 -288 230.0 -1 0 0 0 1 0 0 0 -1 3004.DAT
0 STEP
1 86 650.0 -408 230.0 0 0 1 0 1 0 -1 0 0 3005.DAT
0 STEP
1 86 650.0 -1632 230.0 0 0 1 0 1 0 -1 0 0 3005.DAT
0 STEP
1 86 650.0 -288 250.0 0 0 1 0 1 0 -1 0 0 3005.DAT
0 STEP
1 86 670.0 -1848 110.0 0 0 1 0 1 0 -1 0 0 3622.DAT
0 STEP
1 86 670.0 -1896 110.0 0 0 1 0 1 0 -1 0 0 3622.DAT
0 STEP
1 86 670.0 -1512 140.0 0 0 1 0 1 0 -1 0 0 3010.DAT
0 STEP
1 86 700.0 -1776 110.0 -1 0 0 0 1 0 0 0 -1 3010.DAT
0 STEP
1 86 700.0 -1824 120.0 -1 0 0 0 1 0 0 0 -1 3001.DAT
0 STEP
1 86 720.0 -1920 110.0 -1 0 0 0 1 0 0 0 -1 3009.DAT
0 STEP
1 86 670.0 -1464 160.0 0 0 1 0 1 0 -1 0 0 3010.DAT
0 STEP
1 86 670.0 -1560 160.0 0 0 1 0 1 0 -1 0 0 3010.DAT
0 STEP
1 86 680.0 -1728 130.0 -1 0 0 0 1 0 0 0 -1 3004.DAT
0 STEP
1 86 670.0 -1800 130.0 0 0 1 0 1 0 -1 0 0 3005.DAT
0 STEP
1 86 680.0 -1920 150.0 0 0 1 0 1 0 -1 0 0 3002.DAT
0 STEP
1 86 670.0 -192 160.0 0 0 1 0 1 0 -1 0 0 3004.DAT
0 STEP
1 86 670.0 -312 160.0 0 0 1 0 1 0 -1 0 0 3004.DAT
0 STEP
1 86 670.0 -360 180.0 0 0 1 0 1 0 -1 0 0 3010.DAT
0 STEP
1 86 670.0 -1416 160.0 0 0 1 0 1 0 -1 0 0 3004.DAT
0 STEP
1 86 670.0 -1536 150.0 0 0 1 0 1 0 -1 0 0 3005.DAT
0 STEP
1 86 670.0 -1608 180.0 0 0 1 0 1 0 -1 0 0 3010.DAT
0 STEP
1 86 700.0 -1728 150.0 -1 0 0 0 1 0 0 0 -1 3010.DAT
0 STEP
1 86 670.0 -1824 150.0 0 0 1 0 1 0 -1 0 0 3005.DAT
0 STEP
1 86 690.0 -1896 150.0 -1 0 0 0 1 0 0 0 -1 3622.DAT
0 STEP
1 86 670.0 -216 180.0 0 0 1 0 1 0 -1 0 0 3004.DAT
0 STEP
1 86 670.0 -240 170.0 0 0 1 0 1 0 -1 0 0 3005.DAT
0 STEP
1 86 670.0 -264 180.0 0 0 1 0 1 0 -1 0 0 3004.DAT
0 STEP
1 86 670.0 -384 170.0 0 0 1 0 1 0 -1 0 0 3005.DAT
0 STEP
1 86 670.0 -408 170.0 0 0 1 0 1 0 -1 0 0 3005.DAT
0 STEP
1 86 670.0 -1536 200.0 0 0 1 0 1 0 -1 0 0 3010.DAT
0 STEP
1 86 670.0 -1728 170.0 0 0 1 0 1 0 -1 0 0 3005.DAT
0 STEP
1 86 670.0 -336 200.0 0 0 1 0 1 0 -1 0 0 3004.DAT
0 STEP
1 86 670.0 -1440 200.0 0 0 1 0 1 0 -1 0 0 3004.DAT
0 STEP
1 86 700.0 -1728 190.0 -1 0 0 0 1 0 0 0 -1 3010.DAT
0 STEP
1 86 670.0 -1920 210.0 0 0 1 0 1 0 -1 0 0 3622.DAT
0 STEP
1 86 670.0 -1584 210.0 0 0 1 0 1 0 -1 0 0 3005.DAT
0 STEP
1 86 690.0 -1776 210.0 -1 0 0 0 1 0 0 0 -1 3622.DAT
0 STEP
1 86 720.0 -1848 210.0 -1 0 0 0 1 0 0 0 -1 3009.DAT
0 STEP
1 86 700.0 -1896 210.0 -1 0 0 0 1 0 0 0 -1 3010.DAT
0 STEP
1 86 690.0 -1824 240.0 -1 0 0 0 1 0 0 0 -1 3002.DAT
0 STEP
1 86 700.0 -1896 240.0 -1 0 0 0 1 0 0 0 -1 3001.DAT
0 STEP
1 86 700.0 -1800 130.0 0 0 1 0 1 0 -1 0 0 3002.DAT
0 STEP
1 86 700.0 -1848 130.0 0 0 1 0 1 0 -1 0 0 3002.DAT
0 STEP
1 86 700.0 -1896 120.0 0 0 1 0 1 0 -1 0 0 3003.DAT
0 STEP
1 86 700.0 -1752 160.0 0 0 1 0 1 0 -1 0 0 3001.DAT
0 STEP
1 86 690.0 -1488 170.0 0 0 1 0 1 0 -1 0 0 3622.DAT
0 STEP
1 86 690.0 -1512 160.0 0 0 1 0 1 0 -1 0 0 3004.DAT
0 STEP
1 86 690.0 -1536 170.0 0 0 1 0 1 0 -1 0 0 3622.DAT
0 STEP
1 86 690.0 -1560 170.0 0 0 1 0 1 0 -1 0 0 3622.DAT
0 STEP
1 86 760.0 -1824 150.0 -1 0 0 0 1 0 0 0 -1 3008.DAT
0 STEP
1 86 690.0 -1464 180.0 0 0 1 0 1 0 -1 0 0 3004.DAT
0 STEP
1 86 720.0 -1728 170.0 -1 0 0 0 1 0 0 0 -1 3010.DAT
0 STEP
1 86 690.0 -1872 200.0 0 0 1 0 1 0 -1 0 0 3010.DAT
0 STEP
1 86 690.0 -1800 210.0 0 0 1 0 1 0 -1 0 0 3622.DAT
0 STEP
1 86 720.0 -1920 190.0 -1 0 0 0 1 0 0 0 -1 3010.DAT
0 STEP
1 86 690.0 -1920 230.0 0 0 1 0 1 0 -1 0 0 3622.DAT
0 STEP
1 86 690.0 -1872 250.0 0 0 1 0 1 0 -1 0 0 3005.DAT
0 STEP
1 86 710.0 -1920 140.0 0 0 1 0 1 0 -1 0 0 3004.DAT
0 STEP
1 86 710.0 -1872 200.0 0 0 1 0 1 0 -1 0 0 3009.DAT
0 STEP
1 86 710.0 -1704 170.0 0 0 1 0 1 0 -1 0 0 3005.DAT
0 STEP
1 86 740.0 -1920 170.0 -1 0 0 0 1 0 0 0 -1 3010.DAT
0 STEP
1 86 740.0 -1800 200.0 -1 0 0 0 1 0 0 0 -1 3001.DAT
0 STEP
1 86 710.0 -1728 210.0 0 0 1 0 1 0 -1 0 0 3005.DAT
0 STEP
1 86 760.0 -1920 210.0 -1 0 0 0 1 0 0 0 -1 3009.DAT
0 STEP
1 86 740.0 -1800 230.0 -1 0 0 0 1 0 0 0 -1 3010.DAT
0 STEP
1 86 740.0 -1848 240.0 -1 0 0 0 1 0 0 0 -1 3001.DAT
0 STEP
1 86 710.0 -1920 230.0 0 0 1 0 1 0 -1 0 0 3005.DAT
0 STEP
1 86 730.0 -1920 250.0 -1 0 0 0 1 0 0 0 -1 3622.DAT
0 STEP
1 86 760.0 -1800 110.0 -1 0 0 0 1 0 0 0 -1 3010.DAT
0 STEP
1 86 740.0 -1848 130.0 0 0 1 0 1 0 -1 0 0 3002.DAT
0 STEP
1 86 730.0 -1872 110.0 0 0 1 0 1 0 -1 0 0 3005.DAT
0 STEP
1 86 730.0 -1896 110.0 0 0 1 0 1 0 -1 0 0 3005.DAT
0 STEP
1 86 730.0 -1944 160.0 0 0 1 0 1 0 -1 0 0 3009.DAT
0 STEP
1 86 730.0 -1752 130.0 0 0 1 0 1 0 -1 0 0 3005.DAT
0 STEP
1 86 740.0 -1776 180.0 0 0 1 0 1 0 -1 0 0 2456.DAT
0 STEP
1 86 730.0 -1800 140.0 0 0 1 0 1 0 -1 0 0 3004.DAT
0 STEP
1 86 730.0 -1896 160.0 0 0 1 0 1 0 -1 0 0 3010.DAT
0 STEP
1 86 760.0 -1920 140.0 -1 0 0 0 1 0 0 0 -1 3001.DAT
0 STEP
1 86 750.0 -1752 150.0 -1 0 0 0 1 0 0 0 -1 3622.DAT
0 STEP
1 86 730.0 -1872 150.0 0 0 1 0 1 0 -1 0 0 3005.DAT
0 STEP
1 86 730.0 -1752 190.0 0 0 1 0 1 0 -1 0 0 3622.DAT
0 STEP
1 86 730.0 -1824 190.0 0 0 1 0 1 0 -1 0 0 3005.DAT
0 STEP
1 86 780.0 -1872 220.0 -1 0 0 0 1 0 0 0 -1 2456.DAT
0 STEP
1 86 730.0 -1824 230.0 0 0 1 0 1 0 -1 0 0 3005.DAT
0 STEP
1 86 760.0 -1920 230.0 -1 0 0 0 1 0 0 0 -1 3010.DAT
0 STEP
1 86 740.0 -1872 250.0 -1 0 0 0 1 0 0 0 -1 3004.DAT
0 STEP
1 86 750.0 -1824 120.0 0 0 1 0 1 0 -1 0 0 3004.DAT
0 STEP
1 86 780.0 -1872 110.0 -1 0 0 0 1 0 0 0 -1 3010.DAT
0 STEP
1 86 750.0 -1896 130.0 0 0 1 0 1 0 -1 0 0 3622.DAT
0 STEP
1 86 760.0 -1944 120.0 0 0 1 0 1 0 -1 0 0 3003.DAT
0 STEP
1 86 780.0 -1800 140.0 -1 0 0 0 1 0 0 0 -1 3001.DAT
0 STEP
1 86 780.0 -1872 140.0 -1 0 0 0 1 0 0 0 -1 3001.DAT
0 STEP
1 86 780.0 -1944 150.0 -1 0 0 0 1 0 0 0 -1 3010.DAT
0 STEP
1 86 770.0 -1752 170.0 -1 0 0 0 1 0 0 0 -1 3622.DAT
0 STEP
1 86 760.0 -1896 190.0 0 0 1 0 1 0 -1 0 0 3002.DAT
0 STEP
1 86 750.0 -1944 200.0 0 0 1 0 1 0 -1 0 0 3010.DAT
0 STEP
1 86 750.0 -1752 200.0 0 0 1 0 1 0 -1 0 0 3004.DAT
0 STEP
1 86 750.0 -1824 210.0 0 0 1 0 1 0 -1 0 0 3622.DAT
0 STEP
1 86 750.0 -1896 240.0 0 0 1 0 1 0 -1 0 0 3004.DAT
0 STEP
1 86 800.0 -1824 120.0 -1 0 0 0 1 0 0 0 -1 3001.DAT
0 STEP
1 86 770.0 -1848 130.0 0 0 1 0 1 0 -1 0 0 3622.DAT
0 STEP
1 86 800.0 -1896 120.0 -1 0 0 0 1 0 0 0 -1 3001.DAT
0 STEP
1 86 770.0 -1776 180.0 0 0 1 0 1 0 -1 0 0 3009.DAT
0 STEP
1 86 770.0 -1896 150.0 0 0 1 0 1 0 -1 0 0 3005.DAT
0 STEP
1 86 790.0 -1800 170.0 -1 0 0 0 1 0 0 0 -1 3622.DAT
0 STEP
1 86 780.0 -1944 200.0 0 0 1 0 1 0 -1 0 0 3001.DAT
0 STEP
1 86 770.0 -1752 190.0 0 0 1 0 1 0 -1 0 0 3005.DAT
0 STEP
1 86 800.0 -1824 200.0 -1 0 0 0 1 0 0 0 -1 3001.DAT
0 STEP
1 86 800.0 -1872 190.0 -1 0 0 0 1 0 0 0 -1 3010.DAT
0 STEP
1 86 770.0 -1920 190.0 0 0 1 0 1 0 -1 0 0 3005.DAT
0 STEP
1 86 800.0 -1824 230.0 -1 0 0 0 1 0 0 0 -1 3010.DAT
0 STEP
1 86 770.0 -1896 230.0 0 0 1 0 1 0 -1 0 0 3005.DAT
0 STEP
1 86 800.0 -1848 130.0 0 0 1 0 1 0 -1 0 0 3002.DAT
0 STEP
1 86 790.0 -1920 110.0 0 0 1 0 1 0 -1 0 0 3005.DAT
0 STEP
1 86 840.0 -1944 110.0 -1 0 0 0 1 0 0 0 -1 3009.DAT
0 STEP
1 86 790.0 -1968 140.0 0 0 1 0 1 0 -1 0 0 3010.DAT
0 STEP
1 86 790.0 -1776 160.0 0 0 1 0 1 0 -1 0 0 3010.DAT
0 STEP
1 86 820.0 -1944 130.0 -1 0 0 0 1 0 0 0 -1 3010.DAT
0 STEP
1 86 840.0 -1896 150.0 -1 0 0 0 1 0 0 0 -1 3009.DAT
0 STEP
1 86 800.0 -1920 180.0 0 0 1 0 1 0 -1 0 0 3003.DAT
0 STEP
1 86 800.0 -1800 210.0 0 0 1 0 1 0 -1 0 0 3002.DAT
0 STEP
1 86 790.0 -1848 210.0 0 0 1 0 1 0 -1 0 0 3622.DAT
0 STEP
1 86 790.0 -1896 210.0 0 0 1 0 1 0 -1 0 0 3622.DAT
0 STEP
1 86 790.0 -1968 210.0 0 0 1 0 1 0 -1 0 0 3622.DAT
0 STEP
1 86 790.0 -1776 210.0 0 0 1 0 1 0 -1 0 0 3005.DAT
0 STEP
1 86 810.0 -1920 130.0 0 0 1 0 1 0 -1 0 0 3622.DAT
0 STEP
1 86 840.0 -1968 110.0 -1 0 0 0 1 0 0 0 -1 3010.DAT
0 STEP
1 86 860.0 -1968 130.0 -1 0 0 0 1 0 0 0 -1 3009.DAT
0 STEP
1 86 810.0 -1776 150.0 0 0 1 0 1 0 -1 0 0 3005.DAT
0 STEP
1 86 820.0 -1968 150.0 -1 0 0 0 1 0 0 0 -1 3004.DAT
0 STEP
1 86 820.0 -1776 180.0 0 0 1 0 1 0 -1 0 0 3003.DAT
0 STEP
1 86 840.0 -1824 170.0 -1 0 0 0 1 0 0 0 -1 3010.DAT
0 STEP
1 86 810.0 -1944 180.0 0 0 1 0 1 0 -1 0 0 3004.DAT
0 STEP
1 86 820.0 -1968 200.0 0 0 1 0 1 0 -1 0 0 3001.DAT
0 STEP
1 86 810.0 -1848 200.0 0 0 1 0 1 0 -1 0 0 3004.DAT
0 STEP
1 86 810.0 -1896 200.0 0 0 1 0 1 0 -1 0 0 3004.DAT
0 STEP
1 86 840.0 -1944 220.0 -1 0 0 0 1 0 0 0 -1 3001.DAT
0 STEP
1 86 840.0 -1848 230.0 -1 0 0 0 1 0 0 0 -1 3010.DAT
0 STEP
1 86 860.0 -1896 230.0 -1 0 0 0 1 0 0 0 -1 3009.DAT
0 STEP
1 86 810.0 -1920 230.0 0 0 1 0 1 0 -1 0 0 3005.DAT
0 STEP
1 86 840.0 -1848 110.0 -1 0 0 0 1 0 0 0 -1 3004.DAT
0 STEP
1 86 830.0 -1872 130.0 0 0 1 0 1 0 -1 0 0 3622.DAT
0 STEP
1 86 840.0 -1920 130.0 0 0 1 0 1 0 -1 0 0 3002.DAT
0 STEP
1 86 830.0 -1800 150.0 0 0 1 0 1 0 -1 0 0 3622.DAT
0 STEP
1 86 860.0 -1848 140.0 -1 0 0 0 1 0 0 0 -1 3001.DAT
0 STEP
1 86 850.0 -1992 130.0 -1 0 0 0 1 0 0 0 -1 3622.DAT
0 STEP
1 86 840.0 -1944 160.0 0 0 1 0 1 0 -1 0 0 3003.DAT
0 STEP
1 86 900.0 -1992 150.0 -1 0 0 0 1 0 0 0 -1 3008.DAT
0 STEP
1 86 840.0 -1992 200.0 0 0 1 0 1 0 -1 0 0 3001.DAT
0 STEP
1 86 830.0 -1800 200.0 0 0 1 0 1 0 -1 0 0 3004.DAT
0 STEP
1 86 860.0 -1848 200.0 -1 0 0 0 1 0 0 0 -1 3001.DAT
0 STEP
1 86 880.0 -1896 200.0 -1 0 0 0 1 0 0 0 -1 2456.DAT
0 STEP
1 86 830.0 -1920 210.0 0 0 1 0 1 0 -1 0 0 3622.DAT
0 STEP
1 86 860.0 -1944 190.0 -1 0 0 0 1 0 0 0 -1 3010.DAT
0 STEP
1 86 860.0 -1872 110.0 -1 0 0 0 1 0 0 0 -1 3004.DAT
0 STEP
1 86 870.0 -1896 120.0 -1 0 0 0 1 0 0 0 -1 3002.DAT
0 STEP
1 86 850.0 -1824 140.0 0 0 1 0 1 0 -1 0 0 3004.DAT
0 STEP
1 86 850.0 -1872 140.0 0 0 1 0 1 0 -1 0 0 3004.DAT
0 STEP
1 86 850.0 -1800 170.0 0 0 1 0 1 0 -1 0 0 3622.DAT
0 STEP
1 86 870.0 -1968 160.0 -1 0 0 0 1 0 0 0 -1 3002.DAT
0 STEP
1 86 880.0 -1848 170.0 -1 0 0 0 1 0 0 0 -1 3010.DAT
0 STEP
1 86 850.0 -1824 210.0 0 0 1 0 1 0 -1 0 0 3622.DAT
0 STEP
1 86 850.0 -1872 210.0 0 0 1 0 1 0 -1 0 0 3622.DAT
0 STEP
1 86 860.0 -1920 210.0 0 0 1 0 1 0 -1 0 0 3002.DAT
0 STEP
1 86 870.0 -1968 200.0 -1 0 0 0 1 0 0 0 -1 3002.DAT
0 STEP
1 86 880.0 -1968 230.0 -1 0 0 0 1 0 0 0 -1 3010.DAT
0 STEP
1 86 880.0 -1920 110.0 -1 0 0 0 1 0 0 0 -1 3004.DAT
0 STEP
1 86 870.0 -1872 130.0 0 0 1 0 1 0 -1 0 0 3005.DAT
0 STEP
1 86 900.0 -1920 130.0 -1 0 0 0 1 0 0 0 -1 3010.DAT
0 STEP
1 86 880.0 -1944 140.0 0 0 1 0 1 0 -1 0 0 3003.DAT
0 STEP
1 86 870.0 -2016 180.0 0 0 1 0 1 0 -1 0 0 3009.DAT
0 STEP
1 86 870.0 -1824 150.0 0 0 1 0 1 0 -1 0 0 3005.DAT
0 STEP
1 86 870.0 -1872 180.0 0 0 1 0 1 0 -1 0 0 3010.DAT
0 STEP
1 86 890.0 -1920 150.0 -1 0 0 0 1 0 0 0 -1 3622.DAT
0 STEP
1 86 890.0 -1992 180.0 -1 0 0 0 1 0 0 0 -1 3002.DAT
0 STEP
1 86 870.0 -1824 200.0 0 0 1 0 1 0 -1 0 0 3004.DAT
0 STEP
1 86 900.0 -1992 210.0 -1 0 0 0 1 0 0 0 -1 3010.DAT
0 STEP
1 86 880.0 -1872 230.0 -1 0 0 0 1 0 0 0 -1 3004.DAT
0 STEP
1 86 890.0 -1992 230.0 -1 0 0 0 1 0 0 0 -1 3622.DAT
0 STEP
1 86 900.0 -1872 160.0 0 0 1 0 1 0 -1 0 0 3001.DAT
0 STEP
1 86 920.0 -1992 130.0 -1 0 0 0 1 0 0 0 -1 3010.DAT
0 STEP
1 86 920.0 -2016 140.0 -1 0 0 0 1 0 0 0 -1 3001.DAT
0 STEP
1 86 890.0 -2040 130.0 0 0 1 0 1 0 -1 0 0 3005.DAT
0 STEP
1 86 890.0 -2040 180.0 0 0 1 0 1 0 -1 0 0 3010.DAT
0 STEP
1 86 890.0 -1896 170.0 0 0 1 0 1 0 -1 0 0 3005.DAT
0 STEP
1 86 920.0 -2016 170.0 -1 0 0 0 1 0 0 0 -1 3010.DAT
0 STEP
1 86 890.0 -1920 210.0 0 0 1 0 1 0 -1 0 0 3622.DAT
0 STEP
1 86 900.0 -2016 210.0 0 0 1 0 1 0 -1 0 0 3002.DAT
0 STEP
1 86 900.0 -1872 210.0 -1 0 0 0 1 0 0 0 -1 3004.DAT
0 STEP
1 86 920.0 -1944 210.0 -1 0 0 0 1 0 0 0 -1 3010.DAT
0 STEP
1 86 900.0 -1944 230.0 -1 0 0 0 1 0 0 0 -1 3004.DAT
0 STEP
1 86 910.0 -1896 150.0 0 0 1 0 1 0 -1 0 0 3622.DAT
0 STEP
1 86 920.0 -1944 160.0 0 0 1 0 1 0 -1 0 0 3001.DAT
0 STEP
1 86 920.0 -2040 160.0 0 0 1 0 1 0 -1 0 0 3001.DAT
0 STEP
1 86 920.0 -1968 180.0 0 0 1 0 1 0 -1 0 0 3001.DAT
0 STEP
1 86 940.0 -2064 150.0 -1 0 0 0 1 0 0 0 -1 3010.DAT
0 STEP
1 86 920.0 -2088 180.0 0 0 1 0 1 0 -1 0 0 3001.DAT
0 STEP
1 86 940.0 -2112 160.0 -1 0 0 0 1 0 0 0 -1 3001.DAT
0 STEP
1 86 910.0 -1920 200.0 0 0 1 0 1 0 -1 0 0 3010.DAT
0 STEP
1 86 910.0 -2064 180.0 0 0 1 0 1 0 -1 0 0 3004.DAT
0 STEP
1 86 910.0 -2112 190.0 0 0 1 0 1 0 -1 0 0 3005.DAT
0 STEP
1 86 920.0 -2040 210.0 -1 0 0 0 1 0 0 0 -1 3004.DAT
0 STEP
1 86 940.0 -2064 210.0 -1 0 0 0 1 0 0 0 -1 3010.DAT
0 STEP
1 86 930.0 -1968 130.0 0 0 1 0 1 0 -1 0 0 3005.DAT
0 STEP
1 86 930.0 -2064 130.0 0 0 1 0 1 0 -1 0 0 3005.DAT
0 STEP
1 86 930.0 -1896 160.0 0 0 1 0 1 0 -1 0 0 3004.DAT
0 STEP
1 86 940.0 -1920 170.0 0 0 1 0 1 0 -1 0 0 3002.DAT
0 STEP
1 86 960.0 -2136 160.0 -1 0 0 0 1 0 0 0 -1 3001.DAT
0 STEP
1 86 940.0 -2160 170.0 0 0 1 0 1 0 -1 0 0 3002.DAT
0 STEP
1 86 930.0 -1872 180.0 0 0 1 0 1 0 -1 0 0 3004.DAT
0 STEP
1 86 960.0 -1992 170.0 -1 0 0 0 1 0 0 0 -1 3010.DAT
0 STEP
1 86 960.0 -2064 180.0 -1 0 0 0 1 0 0 0 -1 3001.DAT
0 STEP
1 86 930.0 -1992 190.0 0 0 1 0 1 0 -1 0 0 3005.DAT
0 STEP
1 86 940.0 -2016 200.0 0 0 1 0 1 0 -1 0 0 3003.DAT
0 STEP
1 86 960.0 -2112 190.0 -1 0 0 0 1 0 0 0 -1 3010.DAT
0 STEP
1 86 950.0 -2136 200.0 -1 0 0 0 1 0 0 0 -1 3002.DAT
0 STEP
1 86 930.0 -1920 210.0 0 0 1 0 1 0 -1 0 0 3005.DAT
0 STEP
1 86 950.0 -2112 210.0 -1 0 0 0 1 0 0 0 -1 3622.DAT
0 STEP
1 86 950.0 -1968 160.0 0 0 1 0 1 0 -1 0 0 3010.DAT
0 STEP
1 86 950.0 -1944 150.0 0 0 1 0 1 0 -1 0 0 3005.DAT
0 STEP
1 86 960.0 -2040 180.0 0 0 1 0 1 0 -1 0 0 3001.DAT
0 STEP
1 86 960.0 -2088 180.0 0 0 1 0 1 0 -1 0 0 3001.DAT
0 STEP
1 86 970.0 -2184 150.0 -1 0 0 0 1 0 0 0 -1 3622.DAT
0 STEP
1 86 960.0 -2208 170.0 0 0 1 0 1 0 -1 0 0 3002.DAT
0 STEP
1 86 960.0 -1944 180.0 0 0 1 0 1 0 -1 0 0 3003.DAT
0 STEP
1 86 970.0 -2184 180.0 -1 0 0 0 1 0 0 0 -1 3002.DAT
0 STEP
1 86 970.0 -2232 180.0 -1 0 0 0 1 0 0 0 -1 3002.DAT
0 STEP
1 86 950.0 -1992 200.0 0 0 1 0 1 0 -1 0 0 3004.DAT
0 STEP
1 86 950.0 -1968 210.0 0 0 1 0 1 0 -1 0 0 3005.DAT
0 STEP
1 86 950.0 -2160 210.0 0 0 1 0 1 0 -1 0 0 3005.DAT
0 STEP
1 86 970.0 -1968 170.0 0 0 1 0 1 0 -1 0 0 3622.DAT
0 STEP
1 86 970.0 -2016 180.0 0 0 1 0 1 0 -1 0 0 3010.DAT
0 STEP
1 86 970.0 -2160 180.0 0 0 1 0 1 0 -1 0 0 3010.DAT
0 STEP
1 86 970.0 -1992 190.0 0 0 1 0 1 0 -1 0 0 3005.DAT
0 STEP
1 86 990.0 -2112 160.0 0 0 1 0 1 0 -1 0 0 3004.DAT
0 STEP
1 86 990.0 -2160 170.0 0 0 1 0 1 0 -1 0 0 3622.DAT
0 STEP
1 86 990.0 -2208 170.0 0 0 1 0 1 0 -1 0 0 3622.DAT
0 STEP
1 86 990.0 -2016 170.0 0 0 1 0 1 0 -1 0 0 3005.DAT
0 STEP
1 86 990.0 -2040 180.0 0 0 1 0 1 0 -1 0 0 3004.DAT
0 STEP
1 86 990.0 -2088 180.0 0 0 1 0 1 0 -1 0 0 3004.DAT
0 STEP
1 86 990.0 -2136 190.0 0 0 1 0 1 0 -1 0 0 3005.DAT
0 STEP
